Kokkos::OpenMP::initialize WARNING: OMP_PROC_BIND environment variable not set
  In general, for best performance with OpenMP 4.0 or better set OMP_PROC_BIND=spread and OMP_PLACES=threads
  For best performance with OpenMP 3.1 set OMP_PROC_BIND=true
  For unit testing set OMP_PROC_BIND=false

MPI detected: For OpenMP binding to work as intended, MPI ranks must be bound to exclusive CPU sets.

Kokkos::OpenMP::initialize WARNING: OMP_PROC_BIND environment variable not set
  In general, for best performance with OpenMP 4.0 or better set OMP_PROC_BIND=spread and OMP_PLACES=threads
  For best performance with OpenMP 3.1 set OMP_PROC_BIND=true
  For unit testing set OMP_PROC_BIND=false

MPI detected: For OpenMP binding to work as intended, MPI ranks must be bound to exclusive CPU sets.

Kokkos::OpenMP::initialize WARNING: OMP_PROC_BIND environment variable not set
  In general, for best performance with OpenMP 4.0 or better set OMP_PROC_BIND=spread and OMP_PLACES=threads
  For best performance with OpenMP 3.1 set OMP_PROC_BIND=true
  For unit testing set OMP_PROC_BIND=false

MPI detected: For OpenMP binding to work as intended, MPI ranks must be bound to exclusive CPU sets.

Kokkos::OpenMP::initialize WARNING: OMP_PROC_BIND environment variable not set
  In general, for best performance with OpenMP 4.0 or better set OMP_PROC_BIND=spread and OMP_PLACES=threads
  For best performance with OpenMP 3.1 set OMP_PROC_BIND=true
  For unit testing set OMP_PROC_BIND=false

MPI detected: For OpenMP binding to work as intended, MPI ranks must be bound to exclusive CPU sets.

Kokkos::OpenMP::initialize WARNING: OMP_PROC_BIND environment variable not set
  In general, for best performance with OpenMP 4.0 or better set OMP_PROC_BIND=spread and OMP_PLACES=threads
  For best performance with OpenMP 3.1 set OMP_PROC_BIND=true
  For unit testing set OMP_PROC_BIND=false

MPI detected: For OpenMP binding to work as intended, MPI ranks must be bound to exclusive CPU sets.

Kokkos::OpenMP::initialize WARNING: OMP_PROC_BIND environment variable not set
  In general, for best performance with OpenMP 4.0 or better set OMP_PROC_BIND=spread and OMP_PLACES=threads
  For best performance with OpenMP 3.1 set OMP_PROC_BIND=true
  For unit testing set OMP_PROC_BIND=false

MPI detected: For OpenMP binding to work as intended, MPI ranks must be bound to exclusive CPU sets.

Kokkos::OpenMP::initialize WARNING: OMP_PROC_BIND environment variable not set
  In general, for best performance with OpenMP 4.0 or better set OMP_PROC_BIND=spread and OMP_PLACES=threads
  For best performance with OpenMP 3.1 set OMP_PROC_BIND=true
  For unit testing set OMP_PROC_BIND=false

MPI detected: For OpenMP binding to work as intended, MPI ranks must be bound to exclusive CPU sets.

Kokkos::OpenMP::initialize WARNING: OMP_PROC_BIND environment variable not set
  In general, for best performance with OpenMP 4.0 or better set OMP_PROC_BIND=spread and OMP_PLACES=threads
  For best performance with OpenMP 3.1 set OMP_PROC_BIND=true
  For unit testing set OMP_PROC_BIND=false

MPI detected: For OpenMP binding to work as intended, MPI ranks must be bound to exclusive CPU sets.

Kokkos::OpenMP::initialize WARNING: OMP_PROC_BIND environment variable not set
  In general, for best performance with OpenMP 4.0 or better set OMP_PROC_BIND=spread and OMP_PLACES=threads
  For best performance with OpenMP 3.1 set OMP_PROC_BIND=true
  For unit testing set OMP_PROC_BIND=false

MPI detected: For OpenMP binding to work as intended, MPI ranks must be bound to exclusive CPU sets.

Kokkos::OpenMP::initialize WARNING: OMP_PROC_BIND environment variable not set
  In general, for best performance with OpenMP 4.0 or better set OMP_PROC_BIND=spread and OMP_PLACES=threads
  For best performance with OpenMP 3.1 set OMP_PROC_BIND=true
  For unit testing set OMP_PROC_BIND=false

MPI detected: For OpenMP binding to work as intended, MPI ranks must be bound to exclusive CPU sets.

Kokkos::OpenMP::initialize WARNING: OMP_PROC_BIND environment variable not set
  In general, for best performance with OpenMP 4.0 or better set OMP_PROC_BIND=spread and OMP_PLACES=threads
  For best performance with OpenMP 3.1 set OMP_PROC_BIND=true
  For unit testing set OMP_PROC_BIND=false

MPI detected: For OpenMP binding to work as intended, MPI ranks must be bound to exclusive CPU sets.

Kokkos::OpenMP::initialize WARNING: OMP_PROC_BIND environment variable not set
  In general, for best performance with OpenMP 4.0 or better set OMP_PROC_BIND=spread and OMP_PLACES=threads
  For best performance with OpenMP 3.1 set OMP_PROC_BIND=true
  For unit testing set OMP_PROC_BIND=false

MPI detected: For OpenMP binding to work as intended, MPI ranks must be bound to exclusive CPU sets.

Kokkos::OpenMP::initialize WARNING: OMP_PROC_BIND environment variable not set
  In general, for best performance with OpenMP 4.0 or better set OMP_PROC_BIND=spread and OMP_PLACES=threads
  For best performance with OpenMP 3.1 set OMP_PROC_BIND=true
  For unit testing set OMP_PROC_BIND=false

MPI detected: For OpenMP binding to work as intended, MPI ranks must be bound to exclusive CPU sets.

Kokkos::OpenMP::initialize WARNING: OMP_PROC_BIND environment variable not set
  In general, for best performance with OpenMP 4.0 or better set OMP_PROC_BIND=spread and OMP_PLACES=threads
  For best performance with OpenMP 3.1 set OMP_PROC_BIND=true
  For unit testing set OMP_PROC_BIND=false

MPI detected: For OpenMP binding to work as intended, MPI ranks must be bound to exclusive CPU sets.

Kokkos::OpenMP::initialize WARNING: OMP_PROC_BIND environment variable not set
  In general, for best performance with OpenMP 4.0 or better set OMP_PROC_BIND=spread and OMP_PLACES=threads
  For best performance with OpenMP 3.1 set OMP_PROC_BIND=true
  For unit testing set OMP_PROC_BIND=false

MPI detected: For OpenMP binding to work as intended, MPI ranks must be bound to exclusive CPU sets.

Kokkos::OpenMP::initialize WARNING: OMP_PROC_BIND environment variable not set
  In general, for best performance with OpenMP 4.0 or better set OMP_PROC_BIND=spread and OMP_PLACES=threads
  For best performance with OpenMP 3.1 set OMP_PROC_BIND=true
  For unit testing set OMP_PROC_BIND=false

Kokkos::OpenMP::initialize WARNING: OMP_PROC_BIND environment variable not set
  In general, for best performance with OpenMP 4.0 or better set OMP_PROC_BIND=spread and OMP_PLACES=threads
  For best performance with OpenMP 3.1 set OMP_PROC_BIND=true
  For unit testing set OMP_PROC_BIND=false

MPI detected: For OpenMP binding to work as intended, MPI ranks must be bound to exclusive CPU sets.

Kokkos::OpenMP::initialize WARNING: OMP_PROC_BIND environment variable not set
  In general, for best performance with OpenMP 4.0 or better set OMP_PROC_BIND=spread and OMP_PLACES=threads
  For best performance with OpenMP 3.1 set OMP_PROC_BIND=true
  For unit testing set OMP_PROC_BIND=false

MPI detected: For OpenMP binding to work as intended, MPI ranks must be bound to exclusive CPU sets.

Kokkos::OpenMP::initialize WARNING: OMP_PROC_BIND environment variable not set
  In general, for best performance with OpenMP 4.0 or better set OMP_PROC_BIND=spread and OMP_PLACES=threads
  For best performance with OpenMP 3.1 set OMP_PROC_BIND=true
  For unit testing set OMP_PROC_BIND=false

MPI detected: For OpenMP binding to work as intended, MPI ranks must be bound to exclusive CPU sets.

Kokkos::OpenMP::initialize WARNING: OMP_PROC_BIND environment variable not set
  In general, for best performance with OpenMP 4.0 or better set OMP_PROC_BIND=spread and OMP_PLACES=threads
  For best performance with OpenMP 3.1 set OMP_PROC_BIND=true
  For unit testing set OMP_PROC_BIND=false

MPI detected: For OpenMP binding to work as intended, MPI ranks must be bound to exclusive CPU sets.

Kokkos::OpenMP::initialize WARNING: OMP_PROC_BIND environment variable not set
  In general, for best performance with OpenMP 4.0 or better set OMP_PROC_BIND=spread and OMP_PLACES=threads
  For best performance with OpenMP 3.1 set OMP_PROC_BIND=true
  For unit testing set OMP_PROC_BIND=false

MPI detected: For OpenMP binding to work as intended, MPI ranks must be bound to exclusive CPU sets.

Kokkos::OpenMP::initialize WARNING: OMP_PROC_BIND environment variable not set
  In general, for best performance with OpenMP 4.0 or better set OMP_PROC_BIND=spread and OMP_PLACES=threads
  For best performance with OpenMP 3.1 set OMP_PROC_BIND=true
  For unit testing set OMP_PROC_BIND=false

MPI detected: For OpenMP binding to work as intended, MPI ranks must be bound to exclusive CPU sets.

Kokkos::OpenMP::initialize WARNING: OMP_PROC_BIND environment variable not set
  In general, for best performance with OpenMP 4.0 or better set OMP_PROC_BIND=spread and OMP_PLACES=threads
  For best performance with OpenMP 3.1 set OMP_PROC_BIND=true
  For unit testing set OMP_PROC_BIND=false
Kokkos::OpenMP::initialize WARNING: OMP_PROC_BIND environment variable not set
  In general, for best performance with OpenMP 4.0 or better set OMP_PROC_BIND=spread and OMP_PLACES=threads
  For best performance with OpenMP 3.1 set OMP_PROC_BIND=true
  For unit testing set OMP_PROC_BIND=false

MPI detected: For OpenMP binding to work as intended, MPI ranks must be bound to exclusive CPU sets.

Kokkos::OpenMP::initialize WARNING: OMP_PROC_BIND environment variable not set
  In general, for best performance with OpenMP 4.0 or better set OMP_PROC_BIND=spread and OMP_PLACES=threads
  For best performance with OpenMP 3.1 set OMP_PROC_BIND=true
  For unit testing set OMP_PROC_BIND=false

MPI detected: For OpenMP binding to work as intended, MPI ranks must be bound to exclusive CPU sets.

Kokkos::OpenMP::initialize WARNING: OMP_PROC_BIND environment variable not set
  In general, for best performance with OpenMP 4.0 or better set OMP_PROC_BIND=spread and OMP_PLACES=threads
  For best performance with OpenMP 3.1 set OMP_PROC_BIND=true
  For unit testing set OMP_PROC_BIND=false
Kokkos::OpenMP::initialize WARNING: OMP_PROC_BIND environment variable not set
  In general, for best performance with OpenMP 4.0 or better set OMP_PROC_BIND=spread and OMP_PLACES=threads
  For best performance with OpenMP 3.1 set OMP_PROC_BIND=true
  For unit testing set OMP_PROC_BIND=false

MPI detected: For OpenMP binding to work as intended, MPI ranks must be bound to exclusive CPU sets.

Kokkos::OpenMP::initialize WARNING: OMP_PROC_BIND environment variable not set
  In general, for best performance with OpenMP 4.0 or better set OMP_PROC_BIND=spread and OMP_PLACES=threads
  For best performance with OpenMP 3.1 set OMP_PROC_BIND=true
  For unit testing set OMP_PROC_BIND=false

MPI detected: For OpenMP binding to work as intended, MPI ranks must be bound to exclusive CPU sets.

Kokkos::OpenMP::initialize WARNING: OMP_PROC_BIND environment variable not set
  In general, for best performance with OpenMP 4.0 or better set OMP_PROC_BIND=spread and OMP_PLACES=threads
  For best performance with OpenMP 3.1 set OMP_PROC_BIND=true
  For unit testing set OMP_PROC_BIND=false

MPI detected: For OpenMP binding to work as intended, MPI ranks must be bound to exclusive CPU sets.

Kokkos::OpenMP::initialize WARNING: OMP_PROC_BIND environment variable not set
  In general, for best performance with OpenMP 4.0 or better set OMP_PROC_BIND=spread and OMP_PLACES=threads
  For best performance with OpenMP 3.1 set OMP_PROC_BIND=true
  For unit testing set OMP_PROC_BIND=false

Kokkos::OpenMP::initialize WARNING: OMP_PROC_BIND environment variable not set
  In general, for best performance with OpenMP 4.0 or better set OMP_PROC_BIND=spread and OMP_PLACES=threads
  For best performance with OpenMP 3.1 set OMP_PROC_BIND=true
  For unit testing set OMP_PROC_BIND=false

MPI detected: For OpenMP binding to work as intended, MPI ranks must be bound to exclusive CPU sets.

Kokkos::OpenMP::initialize WARNING: OMP_PROC_BIND environment variable not set
  In general, for best performance with OpenMP 4.0 or better set OMP_PROC_BIND=spread and OMP_PLACES=threads
  For best performance with OpenMP 3.1 set OMP_PROC_BIND=true
  For unit testing set OMP_PROC_BIND=false
Kokkos::OpenMP::initialize WARNING: OMP_PROC_BIND environment variable not set
  In general, for best performance with OpenMP 4.0 or better set OMP_PROC_BIND=spread and OMP_PLACES=threads
  For best performance with OpenMP 3.1 set OMP_PROC_BIND=true
  For unit testing set OMP_PROC_BIND=false

MPI detected: For OpenMP binding to work as intended, MPI ranks must be bound to exclusive CPU sets.

Kokkos::OpenMP::initialize WARNING: OMP_PROC_BIND environment variable not set
  In general, for best performance with OpenMP 4.0 or better set OMP_PROC_BIND=spread and OMP_PLACES=threads
  For best performance with OpenMP 3.1 set OMP_PROC_BIND=true
  For unit testing set OMP_PROC_BIND=false

MPI detected: For OpenMP binding to work as intended, MPI ranks must be bound to exclusive CPU sets.

Kokkos::OpenMP::initialize WARNING: OMP_PROC_BIND environment variable not set
  In general, for best performance with OpenMP 4.0 or better set OMP_PROC_BIND=spread and OMP_PLACES=threads
  For best performance with OpenMP 3.1 set OMP_PROC_BIND=true
  For unit testing set OMP_PROC_BIND=false

MPI detected: For OpenMP binding to work as intended, MPI ranks must be bound to exclusive CPU sets.

Kokkos::OpenMP::initialize WARNING: OMP_PROC_BIND environment variable not set
  In general, for best performance with OpenMP 4.0 or better set OMP_PROC_BIND=spread and OMP_PLACES=threads
  For best performance with OpenMP 3.1 set OMP_PROC_BIND=true
  For unit testing set OMP_PROC_BIND=false

MPI detected: For OpenMP binding to work as intended, MPI ranks must be bound to exclusive CPU sets.

Kokkos::OpenMP::initialize WARNING: OMP_PROC_BIND environment variable not set
  In general, for best performance with OpenMP 4.0 or better set OMP_PROC_BIND=spread and OMP_PLACES=threads
  For best performance with OpenMP 3.1 set OMP_PROC_BIND=true
  For unit testing set OMP_PROC_BIND=false

MPI detected: For OpenMP binding to work as intended, MPI ranks must be bound to exclusive CPU sets.

Kokkos::OpenMP::initialize WARNING: OMP_PROC_BIND environment variable not set
  In general, for best performance with OpenMP 4.0 or better set OMP_PROC_BIND=spread and OMP_PLACES=threads
  For best performance with OpenMP 3.1 set OMP_PROC_BIND=true
  For unit testing set OMP_PROC_BIND=false

Kokkos::OpenMP::initialize WARNING: OMP_PROC_BIND environment variable not set
  In general, for best performance with OpenMP 4.0 or better set OMP_PROC_BIND=spread and OMP_PLACES=threads
  For best performance with OpenMP 3.1 set OMP_PROC_BIND=true
  For unit testing set OMP_PROC_BIND=false

Kokkos::OpenMP::initialize WARNING: OMP_PROC_BIND environment variable not set
  In general, for best performance with OpenMP 4.0 or better set OMP_PROC_BIND=spread and OMP_PLACES=threads
  For best performance with OpenMP 3.1 set OMP_PROC_BIND=true
  For unit testing set OMP_PROC_BIND=false

MPI detected: For OpenMP binding to work as intended, MPI ranks must be bound to exclusive CPU sets.

Kokkos::OpenMP::initialize WARNING: OMP_PROC_BIND environment variable not set
  In general, for best performance with OpenMP 4.0 or better set OMP_PROC_BIND=spread and OMP_PLACES=threads
  For best performance with OpenMP 3.1 set OMP_PROC_BIND=true
  For unit testing set OMP_PROC_BIND=false
Kokkos::OpenMP::initialize WARNING: OMP_PROC_BIND environment variable not set
  In general, for best performance with OpenMP 4.0 or better set OMP_PROC_BIND=spread and OMP_PLACES=threads
  For best performance with OpenMP 3.1 set OMP_PROC_BIND=true
  For unit testing set OMP_PROC_BIND=false

MPI detected: For OpenMP binding to work as intended, MPI ranks must be bound to exclusive CPU sets.

Kokkos::OpenMP::initialize WARNING: OMP_PROC_BIND environment variable not set
  In general, for best performance with OpenMP 4.0 or better set OMP_PROC_BIND=spread and OMP_PLACES=threads
  For best performance with OpenMP 3.1 set OMP_PROC_BIND=true
  For unit testing set OMP_PROC_BIND=false

MPI detected: For OpenMP binding to work as intended, MPI ranks must be bound to exclusive CPU sets.

Kokkos::OpenMP::initialize WARNING: OMP_PROC_BIND environment variable not set
  In general, for best performance with OpenMP 4.0 or better set OMP_PROC_BIND=spread and OMP_PLACES=threads
  For best performance with OpenMP 3.1 set OMP_PROC_BIND=true
  For unit testing set OMP_PROC_BIND=false

MPI detected: For OpenMP binding to work as intended, MPI ranks must be bound to exclusive CPU sets.


MPI detected: For OpenMP binding to work as intended, MPI ranks must be bound to exclusive CPU sets.

Kokkos::OpenMP::initialize WARNING: OMP_PROC_BIND environment variable not set
  In general, for best performance with OpenMP 4.0 or better set OMP_PROC_BIND=spread and OMP_PLACES=threads
  For best performance with OpenMP 3.1 set OMP_PROC_BIND=true
  For unit testing set OMP_PROC_BIND=false

MPI detected: For OpenMP binding to work as intended, MPI ranks must be bound to exclusive CPU sets.

Kokkos::OpenMP::initialize WARNING: OMP_PROC_BIND environment variable not set
  In general, for best performance with OpenMP 4.0 or better set OMP_PROC_BIND=spread and OMP_PLACES=threads
  For best performance with OpenMP 3.1 set OMP_PROC_BIND=true
  For unit testing set OMP_PROC_BIND=false

MPI detected: For OpenMP binding to work as intended, MPI ranks must be bound to exclusive CPU sets.

Kokkos::OpenMP::initialize WARNING: OMP_PROC_BIND environment variable not set
  In general, for best performance with OpenMP 4.0 or better set OMP_PROC_BIND=spread and OMP_PLACES=threads
  For best performance with OpenMP 3.1 set OMP_PROC_BIND=true
  For unit testing set OMP_PROC_BIND=false

MPI detected: For OpenMP binding to work as intended, MPI ranks must be bound to exclusive CPU sets.


MPI detected: For OpenMP binding to work as intended, MPI ranks must be bound to exclusive CPU sets.

Kokkos::OpenMP::initialize WARNING: OMP_PROC_BIND environment variable not set
  In general, for best performance with OpenMP 4.0 or better set OMP_PROC_BIND=spread and OMP_PLACES=threads
  For best performance with OpenMP 3.1 set OMP_PROC_BIND=true
  For unit testing set OMP_PROC_BIND=false

MPI detected: For OpenMP binding to work as intended, MPI ranks must be bound to exclusive CPU sets.

Kokkos::OpenMP::initialize WARNING: OMP_PROC_BIND environment variable not set
  In general, for best performance with OpenMP 4.0 or better set OMP_PROC_BIND=spread and OMP_PLACES=threads
  For best performance with OpenMP 3.1 set OMP_PROC_BIND=true
  For unit testing set OMP_PROC_BIND=false

MPI detected: For OpenMP binding to work as intended, MPI ranks must be bound to exclusive CPU sets.

Kokkos::OpenMP::initialize WARNING: OMP_PROC_BIND environment variable not set
  In general, for best performance with OpenMP 4.0 or better set OMP_PROC_BIND=spread and OMP_PLACES=threads
  For best performance with OpenMP 3.1 set OMP_PROC_BIND=true
  For unit testing set OMP_PROC_BIND=false

MPI detected: For OpenMP binding to work as intended, MPI ranks must be bound to exclusive CPU sets.

Kokkos::OpenMP::initialize WARNING: OMP_PROC_BIND environment variable not set
  In general, for best performance with OpenMP 4.0 or better set OMP_PROC_BIND=spread and OMP_PLACES=threads
  For best performance with OpenMP 3.1 set OMP_PROC_BIND=true
  For unit testing set OMP_PROC_BIND=false

MPI detected: For OpenMP binding to work as intended, MPI ranks must be bound to exclusive CPU sets.

Kokkos::OpenMP::initialize WARNING: OMP_PROC_BIND environment variable not set
  In general, for best performance with OpenMP 4.0 or better set OMP_PROC_BIND=spread and OMP_PLACES=threads
  For best performance with OpenMP 3.1 set OMP_PROC_BIND=true
  For unit testing set OMP_PROC_BIND=false

MPI detected: For OpenMP binding to work as intended, MPI ranks must be bound to exclusive CPU sets.

MPI detected: For OpenMP binding to work as intended, MPI ranks must be bound to exclusive CPU sets.

Kokkos::OpenMP::initialize WARNING: OMP_PROC_BIND environment variable not set
  In general, for best performance with OpenMP 4.0 or better set OMP_PROC_BIND=spread and OMP_PLACES=threads
  For best performance with OpenMP 3.1 set OMP_PROC_BIND=true
  For unit testing set OMP_PROC_BIND=false

MPI detected: For OpenMP binding to work as intended, MPI ranks must be bound to exclusive CPU sets.

Kokkos::OpenMP::initialize WARNING: OMP_PROC_BIND environment variable not set
  In general, for best performance with OpenMP 4.0 or better set OMP_PROC_BIND=spread and OMP_PLACES=threads
  For best performance with OpenMP 3.1 set OMP_PROC_BIND=true
  For unit testing set OMP_PROC_BIND=false

Kokkos::OpenMP::initialize WARNING: OMP_PROC_BIND environment variable not set
  In general, for best performance with OpenMP 4.0 or better set OMP_PROC_BIND=spread and OMP_PLACES=threads
  For best performance with OpenMP 3.1 set OMP_PROC_BIND=true
  For unit testing set OMP_PROC_BIND=false

MPI detected: For OpenMP binding to work as intended, MPI ranks must be bound to exclusive CPU sets.

Kokkos::OpenMP::initialize WARNING: OMP_PROC_BIND environment variable not set
  In general, for best performance with OpenMP 4.0 or better set OMP_PROC_BIND=spread and OMP_PLACES=threads
  For best performance with OpenMP 3.1 set OMP_PROC_BIND=true
  For unit testing set OMP_PROC_BIND=false

MPI detected: For OpenMP binding to work as intended, MPI ranks must be bound to exclusive CPU sets.

Kokkos::OpenMP::initialize WARNING: OMP_PROC_BIND environment variable not set
  In general, for best performance with OpenMP 4.0 or better set OMP_PROC_BIND=spread and OMP_PLACES=threads
  For best performance with OpenMP 3.1 set OMP_PROC_BIND=true
  For unit testing set OMP_PROC_BIND=false

MPI detected: For OpenMP binding to work as intended, MPI ranks must be bound to exclusive CPU sets.

Kokkos::OpenMP::initialize WARNING: OMP_PROC_BIND environment variable not set
  In general, for best performance with OpenMP 4.0 or better set OMP_PROC_BIND=spread and OMP_PLACES=threads
  For best performance with OpenMP 3.1 set OMP_PROC_BIND=true
  For unit testing set OMP_PROC_BIND=false

MPI detected: For OpenMP binding to work as intended, MPI ranks must be bound to exclusive CPU sets.

Kokkos::OpenMP::initialize WARNING: OMP_PROC_BIND environment variable not set
  In general, for best performance with OpenMP 4.0 or better set OMP_PROC_BIND=spread and OMP_PLACES=threads
  For best performance with OpenMP 3.1 set OMP_PROC_BIND=true
  For unit testing set OMP_PROC_BIND=false
Kokkos::OpenMP::initialize WARNING: OMP_PROC_BIND environment variable not set
  In general, for best performance with OpenMP 4.0 or better set OMP_PROC_BIND=spread and OMP_PLACES=threads
  For best performance with OpenMP 3.1 set OMP_PROC_BIND=true
  For unit testing set OMP_PROC_BIND=false

MPI detected: For OpenMP binding to work as intended, MPI ranks must be bound to exclusive CPU sets.

MPI detected: For OpenMP binding to work as intended, MPI ranks must be bound to exclusive CPU sets.

Kokkos::OpenMP::initialize WARNING: OMP_PROC_BIND environment variable not set
  In general, for best performance with OpenMP 4.0 or better set OMP_PROC_BIND=spread and OMP_PLACES=threads
  For best performance with OpenMP 3.1 set OMP_PROC_BIND=true
  For unit testing set OMP_PROC_BIND=false


MPI detected: For OpenMP binding to work as intended, MPI ranks must be bound to exclusive CPU sets.

Kokkos::OpenMP::initialize WARNING: OMP_PROC_BIND environment variable not set
  In general, for best performance with OpenMP 4.0 or better set OMP_PROC_BIND=spread and OMP_PLACES=threads
  For best performance with OpenMP 3.1 set OMP_PROC_BIND=true
  For unit testing set OMP_PROC_BIND=false

MPI detected: For OpenMP binding to work as intended, MPI ranks must be bound to exclusive CPU sets.

Kokkos::OpenMP::initialize WARNING: OMP_PROC_BIND environment variable not set
  In general, for best performance with OpenMP 4.0 or better set OMP_PROC_BIND=spread and OMP_PLACES=threads
  For best performance with OpenMP 3.1 set OMP_PROC_BIND=true
  For unit testing set OMP_PROC_BIND=false

MPI detected: For OpenMP binding to work as intended, MPI ranks must be bound to exclusive CPU sets.

Kokkos::OpenMP::initialize WARNING: OMP_PROC_BIND environment variable not set
  In general, for best performance with OpenMP 4.0 or better set OMP_PROC_BIND=spread and OMP_PLACES=threads
  For best performance with OpenMP 3.1 set OMP_PROC_BIND=true
  For unit testing set OMP_PROC_BIND=false

MPI detected: For OpenMP binding to work as intended, MPI ranks must be bound to exclusive CPU sets.

Kokkos::OpenMP::initialize WARNING: OMP_PROC_BIND environment variable not set
  In general, for best performance with OpenMP 4.0 or better set OMP_PROC_BIND=spread and OMP_PLACES=threads
  For best performance with OpenMP 3.1 set OMP_PROC_BIND=true
  For unit testing set OMP_PROC_BIND=false

MPI detected: For OpenMP binding to work as intended, MPI ranks must be bound to exclusive CPU sets.

Kokkos::OpenMP::initialize WARNING: OMP_PROC_BIND environment variable not set
  In general, for best performance with OpenMP 4.0 or better set OMP_PROC_BIND=spread and OMP_PLACES=threads
  For best performance with OpenMP 3.1 set OMP_PROC_BIND=true
  For unit testing set OMP_PROC_BIND=false

MPI detected: For OpenMP binding to work as intended, MPI ranks must be bound to exclusive CPU sets.

Kokkos::OpenMP::initialize WARNING: OMP_PROC_BIND environment variable not set
  In general, for best performance with OpenMP 4.0 or better set OMP_PROC_BIND=spread and OMP_PLACES=threads
  For best performance with OpenMP 3.1 set OMP_PROC_BIND=true
  For unit testing set OMP_PROC_BIND=false

MPI detected: For OpenMP binding to work as intended, MPI ranks must be bound to exclusive CPU sets.

Kokkos::OpenMP::initialize WARNING: OMP_PROC_BIND environment variable not set
  In general, for best performance with OpenMP 4.0 or better set OMP_PROC_BIND=spread and OMP_PLACES=threads
  For best performance with OpenMP 3.1 set OMP_PROC_BIND=true
  For unit testing set OMP_PROC_BIND=false

MPI detected: For OpenMP binding to work as intended, MPI ranks must be bound to exclusive CPU sets.

Kokkos::OpenMP::initialize WARNING: OMP_PROC_BIND environment variable not set
  In general, for best performance with OpenMP 4.0 or better set OMP_PROC_BIND=spread and OMP_PLACES=threads
  For best performance with OpenMP 3.1 set OMP_PROC_BIND=true
  For unit testing set OMP_PROC_BIND=false

Kokkos::OpenMP::initialize WARNING: OMP_PROC_BIND environment variable not set
  In general, for best performance with OpenMP 4.0 or better set OMP_PROC_BIND=spread and OMP_PLACES=threads
  For best performance with OpenMP 3.1 set OMP_PROC_BIND=true
  For unit testing set OMP_PROC_BIND=false
Kokkos::OpenMP::initialize WARNING: OMP_PROC_BIND environment variable not set
  In general, for best performance with OpenMP 4.0 or better set OMP_PROC_BIND=spread and OMP_PLACES=threads
  For best performance with OpenMP 3.1 set OMP_PROC_BIND=true
  For unit testing set OMP_PROC_BIND=false

MPI detected: For OpenMP binding to work as intended, MPI ranks must be bound to exclusive CPU sets.

Kokkos::OpenMP::initialize WARNING: OMP_PROC_BIND environment variable not set
  In general, for best performance with OpenMP 4.0 or better set OMP_PROC_BIND=spread and OMP_PLACES=threads
  For best performance with OpenMP 3.1 set OMP_PROC_BIND=true
  For unit testing set OMP_PROC_BIND=false

MPI detected: For OpenMP binding to work as intended, MPI ranks must be bound to exclusive CPU sets.

Kokkos::OpenMP::initialize WARNING: OMP_PROC_BIND environment variable not set
  In general, for best performance with OpenMP 4.0 or better set OMP_PROC_BIND=spread and OMP_PLACES=threads
  For best performance with OpenMP 3.1 set OMP_PROC_BIND=true
  For unit testing set OMP_PROC_BIND=false

MPI detected: For OpenMP binding to work as intended, MPI ranks must be bound to exclusive CPU sets.

Kokkos::OpenMP::initialize WARNING: OMP_PROC_BIND environment variable not set
  In general, for best performance with OpenMP 4.0 or better set OMP_PROC_BIND=spread and OMP_PLACES=threads
  For best performance with OpenMP 3.1 set OMP_PROC_BIND=true
  For unit testing set OMP_PROC_BIND=false

MPI detected: For OpenMP binding to work as intended, MPI ranks must be bound to exclusive CPU sets.

Kokkos::OpenMP::initialize WARNING: OMP_PROC_BIND environment variable not set
  In general, for best performance with OpenMP 4.0 or better set OMP_PROC_BIND=spread and OMP_PLACES=threads
  For best performance with OpenMP 3.1 set OMP_PROC_BIND=true
  For unit testing set OMP_PROC_BIND=false

MPI detected: For OpenMP binding to work as intended, MPI ranks must be bound to exclusive CPU sets.

Kokkos::OpenMP::initialize WARNING: OMP_PROC_BIND environment variable not set
  In general, for best performance with OpenMP 4.0 or better set OMP_PROC_BIND=spread and OMP_PLACES=threads
  For best performance with OpenMP 3.1 set OMP_PROC_BIND=true
  For unit testing set OMP_PROC_BIND=false

MPI detected: For OpenMP binding to work as intended, MPI ranks must be bound to exclusive CPU sets.

Kokkos::OpenMP::initialize WARNING: OMP_PROC_BIND environment variable not set
  In general, for best performance with OpenMP 4.0 or better set OMP_PROC_BIND=spread and OMP_PLACES=threads
  For best performance with OpenMP 3.1 set OMP_PROC_BIND=true
  For unit testing set OMP_PROC_BIND=false

MPI detected: For OpenMP binding to work as intended, MPI ranks must be bound to exclusive CPU sets.

Kokkos::OpenMP::initialize WARNING: OMP_PROC_BIND environment variable not set
  In general, for best performance with OpenMP 4.0 or better set OMP_PROC_BIND=spread and OMP_PLACES=threads
  For best performance with OpenMP 3.1 set OMP_PROC_BIND=true
  For unit testing set OMP_PROC_BIND=false
Kokkos::OpenMP::initialize WARNING: OMP_PROC_BIND environment variable not set
  In general, for best performance with OpenMP 4.0 or better set OMP_PROC_BIND=spread and OMP_PLACES=threads
  For best performance with OpenMP 3.1 set OMP_PROC_BIND=true
  For unit testing set OMP_PROC_BIND=false

MPI detected: For OpenMP binding to work as intended, MPI ranks must be bound to exclusive CPU sets.

Kokkos::OpenMP::initialize WARNING: OMP_PROC_BIND environment variable not set
  In general, for best performance with OpenMP 4.0 or better set OMP_PROC_BIND=spread and OMP_PLACES=threads
  For best performance with OpenMP 3.1 set OMP_PROC_BIND=true
  For unit testing set OMP_PROC_BIND=false

MPI detected: For OpenMP binding to work as intended, MPI ranks must be bound to exclusive CPU sets.

Kokkos::OpenMP::initialize WARNING: OMP_PROC_BIND environment variable not set
  In general, for best performance with OpenMP 4.0 or better set OMP_PROC_BIND=spread and OMP_PLACES=threads
  For best performance with OpenMP 3.1 set OMP_PROC_BIND=true
  For unit testing set OMP_PROC_BIND=false

MPI detected: For OpenMP binding to work as intended, MPI ranks must be bound to exclusive CPU sets.

Kokkos::OpenMP::initialize WARNING: OMP_PROC_BIND environment variable not set
  In general, for best performance with OpenMP 4.0 or better set OMP_PROC_BIND=spread and OMP_PLACES=threads
  For best performance with OpenMP 3.1 set OMP_PROC_BIND=true
  For unit testing set OMP_PROC_BIND=false

MPI detected: For OpenMP binding to work as intended, MPI ranks must be bound to exclusive CPU sets.

Kokkos::OpenMP::initialize WARNING: OMP_PROC_BIND environment variable not set
  In general, for best performance with OpenMP 4.0 or better set OMP_PROC_BIND=spread and OMP_PLACES=threads
  For best performance with OpenMP 3.1 set OMP_PROC_BIND=true
  For unit testing set OMP_PROC_BIND=false

Kokkos::OpenMP::initialize WARNING: OMP_PROC_BIND environment variable not set
  In general, for best performance with OpenMP 4.0 or better set OMP_PROC_BIND=spread and OMP_PLACES=threads
  For best performance with OpenMP 3.1 set OMP_PROC_BIND=true
  For unit testing set OMP_PROC_BIND=false

MPI detected: For OpenMP binding to work as intended, MPI ranks must be bound to exclusive CPU sets.
Kokkos::OpenMP::initialize WARNING: OMP_PROC_BIND environment variable not set
  In general, for best performance with OpenMP 4.0 or better set OMP_PROC_BIND=spread and OMP_PLACES=threads
  For best performance with OpenMP 3.1 set OMP_PROC_BIND=true
  For unit testing set OMP_PROC_BIND=false

MPI detected: For OpenMP binding to work as intended, MPI ranks must be bound to exclusive CPU sets.

Kokkos::OpenMP::initialize WARNING: OMP_PROC_BIND environment variable not set
  In general, for best performance with OpenMP 4.0 or better set OMP_PROC_BIND=spread and OMP_PLACES=threads
  For best performance with OpenMP 3.1 set OMP_PROC_BIND=true
  For unit testing set OMP_PROC_BIND=false

MPI detected: For OpenMP binding to work as intended, MPI ranks must be bound to exclusive CPU sets.

Kokkos::OpenMP::initialize WARNING: OMP_PROC_BIND environment variable not set
  In general, for best performance with OpenMP 4.0 or better set OMP_PROC_BIND=spread and OMP_PLACES=threads
  For best performance with OpenMP 3.1 set OMP_PROC_BIND=true
  For unit testing set OMP_PROC_BIND=false

MPI detected: For OpenMP binding to work as intended, MPI ranks must be bound to exclusive CPU sets.

MPI detected: For OpenMP binding to work as intended, MPI ranks must be bound to exclusive CPU sets.

Kokkos::OpenMP::initialize WARNING: OMP_PROC_BIND environment variable not set
  In general, for best performance with OpenMP 4.0 or better set OMP_PROC_BIND=spread and OMP_PLACES=threads
  For best performance with OpenMP 3.1 set OMP_PROC_BIND=true
  For unit testing set OMP_PROC_BIND=false

Kokkos::OpenMP::initialize WARNING: OMP_PROC_BIND environment variable not set
  In general, for best performance with OpenMP 4.0 or better set OMP_PROC_BIND=spread and OMP_PLACES=threads
  For best performance with OpenMP 3.1 set OMP_PROC_BIND=true
  For unit testing set OMP_PROC_BIND=false

MPI detected: For OpenMP binding to work as intended, MPI ranks must be bound to exclusive CPU sets.

Kokkos::OpenMP::initialize WARNING: OMP_PROC_BIND environment variable not set
  In general, for best performance with OpenMP 4.0 or better set OMP_PROC_BIND=spread and OMP_PLACES=threads
  For best performance with OpenMP 3.1 set OMP_PROC_BIND=true
  For unit testing set OMP_PROC_BIND=false

Kokkos::OpenMP::initialize WARNING: OMP_PROC_BIND environment variable not set
  In general, for best performance with OpenMP 4.0 or better set OMP_PROC_BIND=spread and OMP_PLACES=threads
  For best performance with OpenMP 3.1 set OMP_PROC_BIND=true
  For unit testing set OMP_PROC_BIND=false
Kokkos::OpenMP::initialize WARNING: OMP_PROC_BIND environment variable not set
  In general, for best performance with OpenMP 4.0 or better set OMP_PROC_BIND=spread and OMP_PLACES=threads
  For best performance with OpenMP 3.1 set OMP_PROC_BIND=true
  For unit testing set OMP_PROC_BIND=false

MPI detected: For OpenMP binding to work as intended, MPI ranks must be bound to exclusive CPU sets.

Kokkos::OpenMP::initialize WARNING: OMP_PROC_BIND environment variable not set
  In general, for best performance with OpenMP 4.0 or better set OMP_PROC_BIND=spread and OMP_PLACES=threads
  For best performance with OpenMP 3.1 set OMP_PROC_BIND=true
  For unit testing set OMP_PROC_BIND=false

MPI detected: For OpenMP binding to work as intended, MPI ranks must be bound to exclusive CPU sets.

Kokkos::OpenMP::initialize WARNING: OMP_PROC_BIND environment variable not set
  In general, for best performance with OpenMP 4.0 or better set OMP_PROC_BIND=spread and OMP_PLACES=threads
  For best performance with OpenMP 3.1 set OMP_PROC_BIND=true
  For unit testing set OMP_PROC_BIND=false

Kokkos::OpenMP::initialize WARNING: OMP_PROC_BIND environment variable not set
  In general, for best performance with OpenMP 4.0 or better set OMP_PROC_BIND=spread and OMP_PLACES=threads
  For best performance with OpenMP 3.1 set OMP_PROC_BIND=true
  For unit testing set OMP_PROC_BIND=false

MPI detected: For OpenMP binding to work as intended, MPI ranks must be bound to exclusive CPU sets.

Kokkos::OpenMP::initialize WARNING: OMP_PROC_BIND environment variable not set
  In general, for best performance with OpenMP 4.0 or better set OMP_PROC_BIND=spread and OMP_PLACES=threads
  For best performance with OpenMP 3.1 set OMP_PROC_BIND=true
  For unit testing set OMP_PROC_BIND=false

MPI detected: For OpenMP binding to work as intended, MPI ranks must be bound to exclusive CPU sets.

Kokkos::OpenMP::initialize WARNING: OMP_PROC_BIND environment variable not set
  In general, for best performance with OpenMP 4.0 or better set OMP_PROC_BIND=spread and OMP_PLACES=threads
  For best performance with OpenMP 3.1 set OMP_PROC_BIND=true
  For unit testing set OMP_PROC_BIND=false

MPI detected: For OpenMP binding to work as intended, MPI ranks must be bound to exclusive CPU sets.

MPI detected: For OpenMP binding to work as intended, MPI ranks must be bound to exclusive CPU sets.


MPI detected: For OpenMP binding to work as intended, MPI ranks must be bound to exclusive CPU sets.

Kokkos::OpenMP::initialize WARNING: OMP_PROC_BIND environment variable not set
  In general, for best performance with OpenMP 4.0 or better set OMP_PROC_BIND=spread and OMP_PLACES=threads
  For best performance with OpenMP 3.1 set OMP_PROC_BIND=true
  For unit testing set OMP_PROC_BIND=false

MPI detected: For OpenMP binding to work as intended, MPI ranks must be bound to exclusive CPU sets.

Kokkos::OpenMP::initialize WARNING: OMP_PROC_BIND environment variable not set
  In general, for best performance with OpenMP 4.0 or better set OMP_PROC_BIND=spread and OMP_PLACES=threads
  For best performance with OpenMP 3.1 set OMP_PROC_BIND=true
  For unit testing set OMP_PROC_BIND=false

MPI detected: For OpenMP binding to work as intended, MPI ranks must be bound to exclusive CPU sets.

Kokkos::OpenMP::initialize WARNING: OMP_PROC_BIND environment variable not set
  In general, for best performance with OpenMP 4.0 or better set OMP_PROC_BIND=spread and OMP_PLACES=threads
  For best performance with OpenMP 3.1 set OMP_PROC_BIND=true
  For unit testing set OMP_PROC_BIND=false

MPI detected: For OpenMP binding to work as intended, MPI ranks must be bound to exclusive CPU sets.

Kokkos::OpenMP::initialize WARNING: OMP_PROC_BIND environment variable not set
  In general, for best performance with OpenMP 4.0 or better set OMP_PROC_BIND=spread and OMP_PLACES=threads
  For best performance with OpenMP 3.1 set OMP_PROC_BIND=true
  For unit testing set OMP_PROC_BIND=false

MPI detected: For OpenMP binding to work as intended, MPI ranks must be bound to exclusive CPU sets.

Kokkos::OpenMP::initialize WARNING: OMP_PROC_BIND environment variable not set
  In general, for best performance with OpenMP 4.0 or better set OMP_PROC_BIND=spread and OMP_PLACES=threads
  For best performance with OpenMP 3.1 set OMP_PROC_BIND=true
  For unit testing set OMP_PROC_BIND=false

MPI detected: For OpenMP binding to work as intended, MPI ranks must be bound to exclusive CPU sets.

Kokkos::OpenMP::initialize WARNING: OMP_PROC_BIND environment variable not set
  In general, for best performance with OpenMP 4.0 or better set OMP_PROC_BIND=spread and OMP_PLACES=threads
  For best performance with OpenMP 3.1 set OMP_PROC_BIND=true
  For unit testing set OMP_PROC_BIND=false

Kokkos::OpenMP::initialize WARNING: OMP_PROC_BIND environment variable not set
  In general, for best performance with OpenMP 4.0 or better set OMP_PROC_BIND=spread and OMP_PLACES=threads
  For best performance with OpenMP 3.1 set OMP_PROC_BIND=true
  For unit testing set OMP_PROC_BIND=false

MPI detected: For OpenMP binding to work as intended, MPI ranks must be bound to exclusive CPU sets.

Kokkos::OpenMP::initialize WARNING: OMP_PROC_BIND environment variable not set
  In general, for best performance with OpenMP 4.0 or better set OMP_PROC_BIND=spread and OMP_PLACES=threads
  For best performance with OpenMP 3.1 set OMP_PROC_BIND=true
  For unit testing set OMP_PROC_BIND=false

MPI detected: For OpenMP binding to work as intended, MPI ranks must be bound to exclusive CPU sets.

Kokkos::OpenMP::initialize WARNING: OMP_PROC_BIND environment variable not set
  In general, for best performance with OpenMP 4.0 or better set OMP_PROC_BIND=spread and OMP_PLACES=threads
  For best performance with OpenMP 3.1 set OMP_PROC_BIND=true
  For unit testing set OMP_PROC_BIND=false
Kokkos::OpenMP::initialize WARNING: OMP_PROC_BIND environment variable not set
  In general, for best performance with OpenMP 4.0 or better set OMP_PROC_BIND=spread and OMP_PLACES=threads
  For best performance with OpenMP 3.1 set OMP_PROC_BIND=true
  For unit testing set OMP_PROC_BIND=false

MPI detected: For OpenMP binding to work as intended, MPI ranks must be bound to exclusive CPU sets.

MPI detected: For OpenMP binding to work as intended, MPI ranks must be bound to exclusive CPU sets.

Kokkos::OpenMP::initialize WARNING: OMP_PROC_BIND environment variable not set
  In general, for best performance with OpenMP 4.0 or better set OMP_PROC_BIND=spread and OMP_PLACES=threads
  For best performance with OpenMP 3.1 set OMP_PROC_BIND=true
  For unit testing set OMP_PROC_BIND=false

MPI detected: For OpenMP binding to work as intended, MPI ranks must be bound to exclusive CPU sets.

MPI detected: For OpenMP binding to work as intended, MPI ranks must be bound to exclusive CPU sets.


Kokkos::OpenMP::initialize WARNING: OMP_PROC_BIND environment variable not set
  In general, for best performance with OpenMP 4.0 or better set OMP_PROC_BIND=spread and OMP_PLACES=threads
  For best performance with OpenMP 3.1 set OMP_PROC_BIND=true
  For unit testing set OMP_PROC_BIND=false

MPI detected: For OpenMP binding to work as intended, MPI ranks must be bound to exclusive CPU sets.
MPI detected: For OpenMP binding to work as intended, MPI ranks must be bound to exclusive CPU sets.

Kokkos::OpenMP::initialize WARNING: OMP_PROC_BIND environment variable not set
  In general, for best performance with OpenMP 4.0 or better set OMP_PROC_BIND=spread and OMP_PLACES=threads
  For best performance with OpenMP 3.1 set OMP_PROC_BIND=true
  For unit testing set OMP_PROC_BIND=false

MPI detected: For OpenMP binding to work as intended, MPI ranks must be bound to exclusive CPU sets.

Kokkos::OpenMP::initialize WARNING: OMP_PROC_BIND environment variable not set
  In general, for best performance with OpenMP 4.0 or better set OMP_PROC_BIND=spread and OMP_PLACES=threads
  For best performance with OpenMP 3.1 set OMP_PROC_BIND=true
  For unit testing set OMP_PROC_BIND=false

MPI detected: For OpenMP binding to work as intended, MPI ranks must be bound to exclusive CPU sets.

MPI detected: For OpenMP binding to work as intended, MPI ranks must be bound to exclusive CPU sets.

Kokkos::OpenMP::initialize WARNING: OMP_PROC_BIND environment variable not set
  In general, for best performance with OpenMP 4.0 or better set OMP_PROC_BIND=spread and OMP_PLACES=threads
  For best performance with OpenMP 3.1 set OMP_PROC_BIND=true
  For unit testing set OMP_PROC_BIND=false

MPI detected: For OpenMP binding to work as intended, MPI ranks must be bound to exclusive CPU sets.

MPI detected: For OpenMP binding to work as intended, MPI ranks must be bound to exclusive CPU sets.


MPI detected: For OpenMP binding to work as intended, MPI ranks must be bound to exclusive CPU sets.

Kokkos::OpenMP::initialize WARNING: OMP_PROC_BIND environment variable not set
  In general, for best performance with OpenMP 4.0 or better set OMP_PROC_BIND=spread and OMP_PLACES=threads
  For best performance with OpenMP 3.1 set OMP_PROC_BIND=true
  For unit testing set OMP_PROC_BIND=false

MPI detected: For OpenMP binding to work as intended, MPI ranks must be bound to exclusive CPU sets.

Kokkos::OpenMP::initialize WARNING: OMP_PROC_BIND environment variable not set
  In general, for best performance with OpenMP 4.0 or better set OMP_PROC_BIND=spread and OMP_PLACES=threads
  For best performance with OpenMP 3.1 set OMP_PROC_BIND=true
  For unit testing set OMP_PROC_BIND=false

MPI detected: For OpenMP binding to work as intended, MPI ranks must be bound to exclusive CPU sets.

Kokkos::OpenMP::initialize WARNING: OMP_PROC_BIND environment variable not set
  In general, for best performance with OpenMP 4.0 or better set OMP_PROC_BIND=spread and OMP_PLACES=threads
  For best performance with OpenMP 3.1 set OMP_PROC_BIND=true
  For unit testing set OMP_PROC_BIND=false

MPI detected: For OpenMP binding to work as intended, MPI ranks must be bound to exclusive CPU sets.

Kokkos::OpenMP::initialize WARNING: OMP_PROC_BIND environment variable not set
  In general, for best performance with OpenMP 4.0 or better set OMP_PROC_BIND=spread and OMP_PLACES=threads
  For best performance with OpenMP 3.1 set OMP_PROC_BIND=true
  For unit testing set OMP_PROC_BIND=false

MPI detected: For OpenMP binding to work as intended, MPI ranks must be bound to exclusive CPU sets.

Kokkos::OpenMP::initialize WARNING: OMP_PROC_BIND environment variable not set
  In general, for best performance with OpenMP 4.0 or better set OMP_PROC_BIND=spread and OMP_PLACES=threads
  For best performance with OpenMP 3.1 set OMP_PROC_BIND=true
  For unit testing set OMP_PROC_BIND=false

MPI detected: For OpenMP binding to work as intended, MPI ranks must be bound to exclusive CPU sets.

Kokkos::OpenMP::initialize WARNING: OMP_PROC_BIND environment variable not set
  In general, for best performance with OpenMP 4.0 or better set OMP_PROC_BIND=spread and OMP_PLACES=threads
  For best performance with OpenMP 3.1 set OMP_PROC_BIND=true
  For unit testing set OMP_PROC_BIND=false

MPI detected: For OpenMP binding to work as intended, MPI ranks must be bound to exclusive CPU sets.

Kokkos::OpenMP::initialize WARNING: OMP_PROC_BIND environment variable not set
  In general, for best performance with OpenMP 4.0 or better set OMP_PROC_BIND=spread and OMP_PLACES=threads
  For best performance with OpenMP 3.1 set OMP_PROC_BIND=true
  For unit testing set OMP_PROC_BIND=false

MPI detected: For OpenMP binding to work as intended, MPI ranks must be bound to exclusive CPU sets.

Kokkos::OpenMP::initialize WARNING: OMP_PROC_BIND environment variable not set
  In general, for best performance with OpenMP 4.0 or better set OMP_PROC_BIND=spread and OMP_PLACES=threads
  For best performance with OpenMP 3.1 set OMP_PROC_BIND=true
  For unit testing set OMP_PROC_BIND=false
Kokkos::OpenMP::initialize WARNING: OMP_PROC_BIND environment variable not set
  In general, for best performance with OpenMP 4.0 or better set OMP_PROC_BIND=spread and OMP_PLACES=threads
  For best performance with OpenMP 3.1 set OMP_PROC_BIND=true
  For unit testing set OMP_PROC_BIND=false

MPI detected: For OpenMP binding to work as intended, MPI ranks must be bound to exclusive CPU sets.

Kokkos::OpenMP::initialize WARNING: OMP_PROC_BIND environment variable not set
  In general, for best performance with OpenMP 4.0 or better set OMP_PROC_BIND=spread and OMP_PLACES=threads
  For best performance with OpenMP 3.1 set OMP_PROC_BIND=true
  For unit testing set OMP_PROC_BIND=false

MPI detected: For OpenMP binding to work as intended, MPI ranks must be bound to exclusive CPU sets.

Kokkos::OpenMP::initialize WARNING: OMP_PROC_BIND environment variable not set
  In general, for best performance with OpenMP 4.0 or better set OMP_PROC_BIND=spread and OMP_PLACES=threads
  For best performance with OpenMP 3.1 set OMP_PROC_BIND=true
  For unit testing set OMP_PROC_BIND=false

MPI detected: For OpenMP binding to work as intended, MPI ranks must be bound to exclusive CPU sets.

Kokkos::OpenMP::initialize WARNING: OMP_PROC_BIND environment variable not set
  In general, for best performance with OpenMP 4.0 or better set OMP_PROC_BIND=spread and OMP_PLACES=threads
  For best performance with OpenMP 3.1 set OMP_PROC_BIND=true
  For unit testing set OMP_PROC_BIND=false

MPI detected: For OpenMP binding to work as intended, MPI ranks must be bound to exclusive CPU sets.

Kokkos::OpenMP::initialize WARNING: OMP_PROC_BIND environment variable not set
  In general, for best performance with OpenMP 4.0 or better set OMP_PROC_BIND=spread and OMP_PLACES=threads
  For best performance with OpenMP 3.1 set OMP_PROC_BIND=true
  For unit testing set OMP_PROC_BIND=false

MPI detected: For OpenMP binding to work as intended, MPI ranks must be bound to exclusive CPU sets.

Kokkos::OpenMP::initialize WARNING: OMP_PROC_BIND environment variable not set
  In general, for best performance with OpenMP 4.0 or better set OMP_PROC_BIND=spread and OMP_PLACES=threads
  For best performance with OpenMP 3.1 set OMP_PROC_BIND=true
  For unit testing set OMP_PROC_BIND=false

MPI detected: For OpenMP binding to work as intended, MPI ranks must be bound to exclusive CPU sets.

MPI detected: For OpenMP binding to work as intended, MPI ranks must be bound to exclusive CPU sets.



MPI detected: For OpenMP binding to work as intended, MPI ranks must be bound to exclusive CPU sets.

Kokkos::OpenMP::initialize WARNING: OMP_PROC_BIND environment variable not set
  In general, for best performance with OpenMP 4.0 or better set OMP_PROC_BIND=spread and OMP_PLACES=threads
  For best performance with OpenMP 3.1 set OMP_PROC_BIND=true
  For unit testing set OMP_PROC_BIND=false


MPI detected: For OpenMP binding to work as intended, MPI ranks must be bound to exclusive CPU sets.

Kokkos::OpenMP::initialize WARNING: OMP_PROC_BIND environment variable not set
  In general, for best performance with OpenMP 4.0 or better set OMP_PROC_BIND=spread and OMP_PLACES=threads
  For best performance with OpenMP 3.1 set OMP_PROC_BIND=true
  For unit testing set OMP_PROC_BIND=false

MPI detected: For OpenMP binding to work as intended, MPI ranks must be bound to exclusive CPU sets.

Kokkos::OpenMP::initialize WARNING: OMP_PROC_BIND environment variable not set
  In general, for best performance with OpenMP 4.0 or better set OMP_PROC_BIND=spread and OMP_PLACES=threads
  For best performance with OpenMP 3.1 set OMP_PROC_BIND=true
  For unit testing set OMP_PROC_BIND=false
Kokkos::OpenMP::initialize WARNING: OMP_PROC_BIND environment variable not set
  In general, for best performance with OpenMP 4.0 or better set OMP_PROC_BIND=spread and OMP_PLACES=threads
  For best performance with OpenMP 3.1 set OMP_PROC_BIND=true
  For unit testing set OMP_PROC_BIND=false

MPI detected: For OpenMP binding to work as intended, MPI ranks must be bound to exclusive CPU sets.

MPI detected: For OpenMP binding to work as intended, MPI ranks must be bound to exclusive CPU sets.


Kokkos::OpenMP::initialize WARNING: OMP_PROC_BIND environment variable not set
  In general, for best performance with OpenMP 4.0 or better set OMP_PROC_BIND=spread and OMP_PLACES=threads
  For best performance with OpenMP 3.1 set OMP_PROC_BIND=true
  For unit testing set OMP_PROC_BIND=false

Kokkos::OpenMP::initialize WARNING: OMP_PROC_BIND environment variable not set
  In general, for best performance with OpenMP 4.0 or better set OMP_PROC_BIND=spread and OMP_PLACES=threads
  For best performance with OpenMP 3.1 set OMP_PROC_BIND=true
  For unit testing set OMP_PROC_BIND=false

MPI detected: For OpenMP binding to work as intended, MPI ranks must be bound to exclusive CPU sets.

Kokkos::OpenMP::initialize WARNING: OMP_PROC_BIND environment variable not set
  In general, for best performance with OpenMP 4.0 or better set OMP_PROC_BIND=spread and OMP_PLACES=threads
  For best performance with OpenMP 3.1 set OMP_PROC_BIND=true
  For unit testing set OMP_PROC_BIND=false

MPI detected: For OpenMP binding to work as intended, MPI ranks must be bound to exclusive CPU sets.

Kokkos::OpenMP::initialize WARNING: OMP_PROC_BIND environment variable not set
  In general, for best performance with OpenMP 4.0 or better set OMP_PROC_BIND=spread and OMP_PLACES=threads
  For best performance with OpenMP 3.1 set OMP_PROC_BIND=true
  For unit testing set OMP_PROC_BIND=false

MPI detected: For OpenMP binding to work as intended, MPI ranks must be bound to exclusive CPU sets.

Kokkos::OpenMP::initialize WARNING: OMP_PROC_BIND environment variable not set
  In general, for best performance with OpenMP 4.0 or better set OMP_PROC_BIND=spread and OMP_PLACES=threads
  For best performance with OpenMP 3.1 set OMP_PROC_BIND=true
  For unit testing set OMP_PROC_BIND=false

MPI detected: For OpenMP binding to work as intended, MPI ranks must be bound to exclusive CPU sets.

Kokkos::OpenMP::initialize WARNING: OMP_PROC_BIND environment variable not set
  In general, for best performance with OpenMP 4.0 or better set OMP_PROC_BIND=spread and OMP_PLACES=threads
  For best performance with OpenMP 3.1 set OMP_PROC_BIND=true
  For unit testing set OMP_PROC_BIND=false

MPI detected: For OpenMP binding to work as intended, MPI ranks must be bound to exclusive CPU sets.

Kokkos::OpenMP::initialize WARNING: OMP_PROC_BIND environment variable not set
  In general, for best performance with OpenMP 4.0 or better set OMP_PROC_BIND=spread and OMP_PLACES=threads
  For best performance with OpenMP 3.1 set OMP_PROC_BIND=true
  For unit testing set OMP_PROC_BIND=false

MPI detected: For OpenMP binding to work as intended, MPI ranks must be bound to exclusive CPU sets.

Kokkos::OpenMP::initialize WARNING: OMP_PROC_BIND environment variable not set
  In general, for best performance with OpenMP 4.0 or better set OMP_PROC_BIND=spread and OMP_PLACES=threads
  For best performance with OpenMP 3.1 set OMP_PROC_BIND=true
  For unit testing set OMP_PROC_BIND=false

Kokkos::OpenMP::initialize WARNING: OMP_PROC_BIND environment variable not set
  In general, for best performance with OpenMP 4.0 or better set OMP_PROC_BIND=spread and OMP_PLACES=threads
  For best performance with OpenMP 3.1 set OMP_PROC_BIND=true
  For unit testing set OMP_PROC_BIND=false

MPI detected: For OpenMP binding to work as intended, MPI ranks must be bound to exclusive CPU sets.

Kokkos::OpenMP::initialize WARNING: OMP_PROC_BIND environment variable not set
  In general, for best performance with OpenMP 4.0 or better set OMP_PROC_BIND=spread and OMP_PLACES=threads
  For best performance with OpenMP 3.1 set OMP_PROC_BIND=true
  For unit testing set OMP_PROC_BIND=false

MPI detected: For OpenMP binding to work as intended, MPI ranks must be bound to exclusive CPU sets.

Kokkos::OpenMP::initialize WARNING: OMP_PROC_BIND environment variable not set
  In general, for best performance with OpenMP 4.0 or better set OMP_PROC_BIND=spread and OMP_PLACES=threads
  For best performance with OpenMP 3.1 set OMP_PROC_BIND=true
  For unit testing set OMP_PROC_BIND=false

MPI detected: For OpenMP binding to work as intended, MPI ranks must be bound to exclusive CPU sets.

Kokkos::OpenMP::initialize WARNING: OMP_PROC_BIND environment variable not set
  In general, for best performance with OpenMP 4.0 or better set OMP_PROC_BIND=spread and OMP_PLACES=threads
  For best performance with OpenMP 3.1 set OMP_PROC_BIND=true
  For unit testing set OMP_PROC_BIND=false

MPI detected: For OpenMP binding to work as intended, MPI ranks must be bound to exclusive CPU sets.

Kokkos::OpenMP::initialize WARNING: OMP_PROC_BIND environment variable not set
  In general, for best performance with OpenMP 4.0 or better set OMP_PROC_BIND=spread and OMP_PLACES=threads
  For best performance with OpenMP 3.1 set OMP_PROC_BIND=true
  For unit testing set OMP_PROC_BIND=false

MPI detected: For OpenMP binding to work as intended, MPI ranks must be bound to exclusive CPU sets.

Kokkos::OpenMP::initialize WARNING: OMP_PROC_BIND environment variable not set
  In general, for best performance with OpenMP 4.0 or better set OMP_PROC_BIND=spread and OMP_PLACES=threads
  For best performance with OpenMP 3.1 set OMP_PROC_BIND=true
  For unit testing set OMP_PROC_BIND=false

MPI detected: For OpenMP binding to work as intended, MPI ranks must be bound to exclusive CPU sets.

Kokkos::OpenMP::initialize WARNING: OMP_PROC_BIND environment variable not set
  In general, for best performance with OpenMP 4.0 or better set OMP_PROC_BIND=spread and OMP_PLACES=threads
  For best performance with OpenMP 3.1 set OMP_PROC_BIND=true
  For unit testing set OMP_PROC_BIND=false

MPI detected: For OpenMP binding to work as intended, MPI ranks must be bound to exclusive CPU sets.


Kokkos::OpenMP::initialize WARNING: OMP_PROC_BIND environment variable not set
  In general, for best performance with OpenMP 4.0 or better set OMP_PROC_BIND=spread and OMP_PLACES=threads
  For best performance with OpenMP 3.1 set OMP_PROC_BIND=true
  For unit testing set OMP_PROC_BIND=false

MPI detected: For OpenMP binding to work as intended, MPI ranks must be bound to exclusive CPU sets.

Kokkos::OpenMP::initialize WARNING: OMP_PROC_BIND environment variable not set
  In general, for best performance with OpenMP 4.0 or better set OMP_PROC_BIND=spread and OMP_PLACES=threads
  For best performance with OpenMP 3.1 set OMP_PROC_BIND=true
  For unit testing set OMP_PROC_BIND=false

MPI detected: For OpenMP binding to work as intended, MPI ranks must be bound to exclusive CPU sets.

Kokkos::OpenMP::initialize WARNING: OMP_PROC_BIND environment variable not set
  In general, for best performance with OpenMP 4.0 or better set OMP_PROC_BIND=spread and OMP_PLACES=threads
  For best performance with OpenMP 3.1 set OMP_PROC_BIND=true
  For unit testing set OMP_PROC_BIND=false

MPI detected: For OpenMP binding to work as intended, MPI ranks must be bound to exclusive CPU sets.

Kokkos::OpenMP::initialize WARNING: OMP_PROC_BIND environment variable not set
  In general, for best performance with OpenMP 4.0 or better set OMP_PROC_BIND=spread and OMP_PLACES=threads
  For best performance with OpenMP 3.1 set OMP_PROC_BIND=true
  For unit testing set OMP_PROC_BIND=false

MPI detected: For OpenMP binding to work as intended, MPI ranks must be bound to exclusive CPU sets.

Kokkos::OpenMP::initialize WARNING: OMP_PROC_BIND environment variable not set
  In general, for best performance with OpenMP 4.0 or better set OMP_PROC_BIND=spread and OMP_PLACES=threads
  For best performance with OpenMP 3.1 set OMP_PROC_BIND=true
  For unit testing set OMP_PROC_BIND=false

Kokkos::OpenMP::initialize WARNING: OMP_PROC_BIND environment variable not set
  In general, for best performance with OpenMP 4.0 or better set OMP_PROC_BIND=spread and OMP_PLACES=threads
  For best performance with OpenMP 3.1 set OMP_PROC_BIND=true
  For unit testing set OMP_PROC_BIND=false

MPI detected: For OpenMP binding to work as intended, MPI ranks must be bound to exclusive CPU sets.

Kokkos::OpenMP::initialize WARNING: OMP_PROC_BIND environment variable not set
  In general, for best performance with OpenMP 4.0 or better set OMP_PROC_BIND=spread and OMP_PLACES=threads
  For best performance with OpenMP 3.1 set OMP_PROC_BIND=true
  For unit testing set OMP_PROC_BIND=false

MPI detected: For OpenMP binding to work as intended, MPI ranks must be bound to exclusive CPU sets.

Kokkos::OpenMP::initialize WARNING: OMP_PROC_BIND environment variable not set
  In general, for best performance with OpenMP 4.0 or better set OMP_PROC_BIND=spread and OMP_PLACES=threads
  For best performance with OpenMP 3.1 set OMP_PROC_BIND=true
  For unit testing set OMP_PROC_BIND=false

MPI detected: For OpenMP binding to work as intended, MPI ranks must be bound to exclusive CPU sets.

Kokkos::OpenMP::initialize WARNING: OMP_PROC_BIND environment variable not set
  In general, for best performance with OpenMP 4.0 or better set OMP_PROC_BIND=spread and OMP_PLACES=threads
  For best performance with OpenMP 3.1 set OMP_PROC_BIND=true
  For unit testing set OMP_PROC_BIND=false

MPI detected: For OpenMP binding to work as intended, MPI ranks must be bound to exclusive CPU sets.

MPI detected: For OpenMP binding to work as intended, MPI ranks must be bound to exclusive CPU sets.

MPI detected: For OpenMP binding to work as intended, MPI ranks must be bound to exclusive CPU sets.

Kokkos::OpenMP::initialize WARNING: OMP_PROC_BIND environment variable not set
  In general, for best performance with OpenMP 4.0 or better set OMP_PROC_BIND=spread and OMP_PLACES=threads
  For best performance with OpenMP 3.1 set OMP_PROC_BIND=true
  For unit testing set OMP_PROC_BIND=false

MPI detected: For OpenMP binding to work as intended, MPI ranks must be bound to exclusive CPU sets.

MPI detected: For OpenMP binding to work as intended, MPI ranks must be bound to exclusive CPU sets.

Kokkos::OpenMP::initialize WARNING: OMP_PROC_BIND environment variable not set
  In general, for best performance with OpenMP 4.0 or better set OMP_PROC_BIND=spread and OMP_PLACES=threads
  For best performance with OpenMP 3.1 set OMP_PROC_BIND=true
  For unit testing set OMP_PROC_BIND=false

MPI detected: For OpenMP binding to work as intended, MPI ranks must be bound to exclusive CPU sets.

Kokkos::OpenMP::initialize WARNING: OMP_PROC_BIND environment variable not set
  In general, for best performance with OpenMP 4.0 or better set OMP_PROC_BIND=spread and OMP_PLACES=threads
  For best performance with OpenMP 3.1 set OMP_PROC_BIND=true
  For unit testing set OMP_PROC_BIND=false

MPI detected: For OpenMP binding to work as intended, MPI ranks must be bound to exclusive CPU sets.


Kokkos::OpenMP::initialize WARNING: OMP_PROC_BIND environment variable not set
  In general, for best performance with OpenMP 4.0 or better set OMP_PROC_BIND=spread and OMP_PLACES=threads
  For best performance with OpenMP 3.1 set OMP_PROC_BIND=true
  For unit testing set OMP_PROC_BIND=false

Kokkos::OpenMP::initialize WARNING: OMP_PROC_BIND environment variable not set
  In general, for best performance with OpenMP 4.0 or better set OMP_PROC_BIND=spread and OMP_PLACES=threads
  For best performance with OpenMP 3.1 set OMP_PROC_BIND=true
  For unit testing set OMP_PROC_BIND=false

Kokkos::OpenMP::initialize WARNING: OMP_PROC_BIND environment variable not set
  In general, for best performance with OpenMP 4.0 or better set OMP_PROC_BIND=spread and OMP_PLACES=threads
  For best performance with OpenMP 3.1 set OMP_PROC_BIND=true
  For unit testing set OMP_PROC_BIND=false
MPI detected: For OpenMP binding to work as intended, MPI ranks must be bound to exclusive CPU sets.

Kokkos::OpenMP::initialize WARNING: OMP_PROC_BIND environment variable not set
  In general, for best performance with OpenMP 4.0 or better set OMP_PROC_BIND=spread and OMP_PLACES=threads
  For best performance with OpenMP 3.1 set OMP_PROC_BIND=true
  For unit testing set OMP_PROC_BIND=false
Kokkos::OpenMP::initialize WARNING: OMP_PROC_BIND environment variable not set
  In general, for best performance with OpenMP 4.0 or better set OMP_PROC_BIND=spread and OMP_PLACES=threads
  For best performance with OpenMP 3.1 set OMP_PROC_BIND=true
  For unit testing set OMP_PROC_BIND=false

MPI detected: For OpenMP binding to work as intended, MPI ranks must be bound to exclusive CPU sets.

Kokkos::OpenMP::initialize WARNING: OMP_PROC_BIND environment variable not set
  In general, for best performance with OpenMP 4.0 or better set OMP_PROC_BIND=spread and OMP_PLACES=threads
  For best performance with OpenMP 3.1 set OMP_PROC_BIND=true
  For unit testing set OMP_PROC_BIND=false

MPI detected: For OpenMP binding to work as intended, MPI ranks must be bound to exclusive CPU sets.

Kokkos::OpenMP::initialize WARNING: OMP_PROC_BIND environment variable not set
  In general, for best performance with OpenMP 4.0 or better set OMP_PROC_BIND=spread and OMP_PLACES=threads
  For best performance with OpenMP 3.1 set OMP_PROC_BIND=true
  For unit testing set OMP_PROC_BIND=false

MPI detected: For OpenMP binding to work as intended, MPI ranks must be bound to exclusive CPU sets.

Kokkos::OpenMP::initialize WARNING: OMP_PROC_BIND environment variable not set
  In general, for best performance with OpenMP 4.0 or better set OMP_PROC_BIND=spread and OMP_PLACES=threads
  For best performance with OpenMP 3.1 set OMP_PROC_BIND=true
  For unit testing set OMP_PROC_BIND=false
Kokkos::OpenMP::initialize WARNING: OMP_PROC_BIND environment variable not set
  In general, for best performance with OpenMP 4.0 or better set OMP_PROC_BIND=spread and OMP_PLACES=threads
  For best performance with OpenMP 3.1 set OMP_PROC_BIND=true
  For unit testing set OMP_PROC_BIND=false

MPI detected: For OpenMP binding to work as intended, MPI ranks must be bound to exclusive CPU sets.

Kokkos::OpenMP::initialize WARNING: OMP_PROC_BIND environment variable not set
  In general, for best performance with OpenMP 4.0 or better set OMP_PROC_BIND=spread and OMP_PLACES=threads
  For best performance with OpenMP 3.1 set OMP_PROC_BIND=true
  For unit testing set OMP_PROC_BIND=false

MPI detected: For OpenMP binding to work as intended, MPI ranks must be bound to exclusive CPU sets.

Kokkos::OpenMP::initialize WARNING: OMP_PROC_BIND environment variable not set
  In general, for best performance with OpenMP 4.0 or better set OMP_PROC_BIND=spread and OMP_PLACES=threads
  For best performance with OpenMP 3.1 set OMP_PROC_BIND=true
  For unit testing set OMP_PROC_BIND=false
MPI detected: For OpenMP binding to work as intended, MPI ranks must be bound to exclusive CPU sets.

Kokkos::OpenMP::initialize WARNING: OMP_PROC_BIND environment variable not set
  In general, for best performance with OpenMP 4.0 or better set OMP_PROC_BIND=spread and OMP_PLACES=threads
  For best performance with OpenMP 3.1 set OMP_PROC_BIND=true
  For unit testing set OMP_PROC_BIND=false

MPI detected: For OpenMP binding to work as intended, MPI ranks must be bound to exclusive CPU sets.

Kokkos::OpenMP::initialize WARNING: OMP_PROC_BIND environment variable not set
  In general, for best performance with OpenMP 4.0 or better set OMP_PROC_BIND=spread and OMP_PLACES=threads
  For best performance with OpenMP 3.1 set OMP_PROC_BIND=true
  For unit testing set OMP_PROC_BIND=false

MPI detected: For OpenMP binding to work as intended, MPI ranks must be bound to exclusive CPU sets.

MPI detected: For OpenMP binding to work as intended, MPI ranks must be bound to exclusive CPU sets.

Kokkos::OpenMP::initialize WARNING: OMP_PROC_BIND environment variable not set
  In general, for best performance with OpenMP 4.0 or better set OMP_PROC_BIND=spread and OMP_PLACES=threads
  For best performance with OpenMP 3.1 set OMP_PROC_BIND=true
  For unit testing set OMP_PROC_BIND=false

MPI detected: For OpenMP binding to work as intended, MPI ranks must be bound to exclusive CPU sets.

Kokkos::OpenMP::initialize WARNING: OMP_PROC_BIND environment variable not set
  In general, for best performance with OpenMP 4.0 or better set OMP_PROC_BIND=spread and OMP_PLACES=threads
  For best performance with OpenMP 3.1 set OMP_PROC_BIND=true
  For unit testing set OMP_PROC_BIND=false
Kokkos::OpenMP::initialize WARNING: OMP_PROC_BIND environment variable not set
  In general, for best performance with OpenMP 4.0 or better set OMP_PROC_BIND=spread and OMP_PLACES=threads
  For best performance with OpenMP 3.1 set OMP_PROC_BIND=true
  For unit testing set OMP_PROC_BIND=false

MPI detected: For OpenMP binding to work as intended, MPI ranks must be bound to exclusive CPU sets.

Kokkos::OpenMP::initialize WARNING: OMP_PROC_BIND environment variable not set
  In general, for best performance with OpenMP 4.0 or better set OMP_PROC_BIND=spread and OMP_PLACES=threads
  For best performance with OpenMP 3.1 set OMP_PROC_BIND=true
  For unit testing set OMP_PROC_BIND=false

MPI detected: For OpenMP binding to work as intended, MPI ranks must be bound to exclusive CPU sets.

Kokkos::OpenMP::initialize WARNING: OMP_PROC_BIND environment variable not set
  In general, for best performance with OpenMP 4.0 or better set OMP_PROC_BIND=spread and OMP_PLACES=threads
  For best performance with OpenMP 3.1 set OMP_PROC_BIND=true
  For unit testing set OMP_PROC_BIND=false

MPI detected: For OpenMP binding to work as intended, MPI ranks must be bound to exclusive CPU sets.

Kokkos::OpenMP::initialize WARNING: OMP_PROC_BIND environment variable not set
  In general, for best performance with OpenMP 4.0 or better set OMP_PROC_BIND=spread and OMP_PLACES=threads
  For best performance with OpenMP 3.1 set OMP_PROC_BIND=true
  For unit testing set OMP_PROC_BIND=false
Kokkos::OpenMP::initialize WARNING: OMP_PROC_BIND environment variable not set
  In general, for best performance with OpenMP 4.0 or better set OMP_PROC_BIND=spread and OMP_PLACES=threads
  For best performance with OpenMP 3.1 set OMP_PROC_BIND=true
  For unit testing set OMP_PROC_BIND=false

MPI detected: For OpenMP binding to work as intended, MPI ranks must be bound to exclusive CPU sets.

Kokkos::OpenMP::initialize WARNING: OMP_PROC_BIND environment variable not set
  In general, for best performance with OpenMP 4.0 or better set OMP_PROC_BIND=spread and OMP_PLACES=threads
  For best performance with OpenMP 3.1 set OMP_PROC_BIND=true
  For unit testing set OMP_PROC_BIND=false

MPI detected: For OpenMP binding to work as intended, MPI ranks must be bound to exclusive CPU sets.

Kokkos::OpenMP::initialize WARNING: OMP_PROC_BIND environment variable not set
  In general, for best performance with OpenMP 4.0 or better set OMP_PROC_BIND=spread and OMP_PLACES=threads
  For best performance with OpenMP 3.1 set OMP_PROC_BIND=true
  For unit testing set OMP_PROC_BIND=false

MPI detected: For OpenMP binding to work as intended, MPI ranks must be bound to exclusive CPU sets.

Kokkos::OpenMP::initialize WARNING: OMP_PROC_BIND environment variable not set
  In general, for best performance with OpenMP 4.0 or better set OMP_PROC_BIND=spread and OMP_PLACES=threads
  For best performance with OpenMP 3.1 set OMP_PROC_BIND=true
  For unit testing set OMP_PROC_BIND=false

MPI detected: For OpenMP binding to work as intended, MPI ranks must be bound to exclusive CPU sets.

MPI detected: For OpenMP binding to work as intended, MPI ranks must be bound to exclusive CPU sets.

Kokkos::OpenMP::initialize WARNING: OMP_PROC_BIND environment variable not set
  In general, for best performance with OpenMP 4.0 or better set OMP_PROC_BIND=spread and OMP_PLACES=threads
  For best performance with OpenMP 3.1 set OMP_PROC_BIND=true
  For unit testing set OMP_PROC_BIND=false
Kokkos::OpenMP::initialize WARNING: OMP_PROC_BIND environment variable not set
  In general, for best performance with OpenMP 4.0 or better set OMP_PROC_BIND=spread and OMP_PLACES=threads
  For best performance with OpenMP 3.1 set OMP_PROC_BIND=true
  For unit testing set OMP_PROC_BIND=false

MPI detected: For OpenMP binding to work as intended, MPI ranks must be bound to exclusive CPU sets.

Kokkos::OpenMP::initialize WARNING: OMP_PROC_BIND environment variable not set
  In general, for best performance with OpenMP 4.0 or better set OMP_PROC_BIND=spread and OMP_PLACES=threads
  For best performance with OpenMP 3.1 set OMP_PROC_BIND=true
  For unit testing set OMP_PROC_BIND=false
Kokkos::OpenMP::initialize WARNING: OMP_PROC_BIND environment variable not set
  In general, for best performance with OpenMP 4.0 or better set OMP_PROC_BIND=spread and OMP_PLACES=threads
  For best performance with OpenMP 3.1 set OMP_PROC_BIND=true
  For unit testing set OMP_PROC_BIND=false
Kokkos::OpenMP::initialize WARNING: OMP_PROC_BIND environment variable not set
  In general, for best performance with OpenMP 4.0 or better set OMP_PROC_BIND=spread and OMP_PLACES=threads
  For best performance with OpenMP 3.1 set OMP_PROC_BIND=true
  For unit testing set OMP_PROC_BIND=false
Kokkos::OpenMP::initialize WARNING: OMP_PROC_BIND environment variable not set
  In general, for best performance with OpenMP 4.0 or better set OMP_PROC_BIND=spread and OMP_PLACES=threads
  For best performance with OpenMP 3.1 set OMP_PROC_BIND=true
  For unit testing set OMP_PROC_BIND=false

MPI detected: For OpenMP binding to work as intended, MPI ranks must be bound to exclusive CPU sets.

Kokkos::OpenMP::initialize WARNING: OMP_PROC_BIND environment variable not set
  In general, for best performance with OpenMP 4.0 or better set OMP_PROC_BIND=spread and OMP_PLACES=threads
  For best performance with OpenMP 3.1 set OMP_PROC_BIND=true
  For unit testing set OMP_PROC_BIND=false

MPI detected: For OpenMP binding to work as intended, MPI ranks must be bound to exclusive CPU sets.

Kokkos::OpenMP::initialize WARNING: OMP_PROC_BIND environment variable not set
  In general, for best performance with OpenMP 4.0 or better set OMP_PROC_BIND=spread and OMP_PLACES=threads
  For best performance with OpenMP 3.1 set OMP_PROC_BIND=true
  For unit testing set OMP_PROC_BIND=false

MPI detected: For OpenMP binding to work as intended, MPI ranks must be bound to exclusive CPU sets.

Kokkos::OpenMP::initialize WARNING: OMP_PROC_BIND environment variable not set
  In general, for best performance with OpenMP 4.0 or better set OMP_PROC_BIND=spread and OMP_PLACES=threads
  For best performance with OpenMP 3.1 set OMP_PROC_BIND=true
  For unit testing set OMP_PROC_BIND=false

Kokkos::OpenMP::initialize WARNING: OMP_PROC_BIND environment variable not set
  In general, for best performance with OpenMP 4.0 or better set OMP_PROC_BIND=spread and OMP_PLACES=threads
  For best performance with OpenMP 3.1 set OMP_PROC_BIND=true
  For unit testing set OMP_PROC_BIND=false

MPI detected: For OpenMP binding to work as intended, MPI ranks must be bound to exclusive CPU sets.

Kokkos::OpenMP::initialize WARNING: OMP_PROC_BIND environment variable not set
  In general, for best performance with OpenMP 4.0 or better set OMP_PROC_BIND=spread and OMP_PLACES=threads
  For best performance with OpenMP 3.1 set OMP_PROC_BIND=true
  For unit testing set OMP_PROC_BIND=false

Kokkos::OpenMP::initialize WARNING: OMP_PROC_BIND environment variable not set
  In general, for best performance with OpenMP 4.0 or better set OMP_PROC_BIND=spread and OMP_PLACES=threads
  For best performance with OpenMP 3.1 set OMP_PROC_BIND=true
  For unit testing set OMP_PROC_BIND=false

MPI detected: For OpenMP binding to work as intended, MPI ranks must be bound to exclusive CPU sets.

MPI detected: For OpenMP binding to work as intended, MPI ranks must be bound to exclusive CPU sets.


MPI detected: For OpenMP binding to work as intended, MPI ranks must be bound to exclusive CPU sets.

Kokkos::OpenMP::initialize WARNING: OMP_PROC_BIND environment variable not set
  In general, for best performance with OpenMP 4.0 or better set OMP_PROC_BIND=spread and OMP_PLACES=threads
  For best performance with OpenMP 3.1 set OMP_PROC_BIND=true
  For unit testing set OMP_PROC_BIND=false

Kokkos::OpenMP::initialize WARNING: OMP_PROC_BIND environment variable not set
  In general, for best performance with OpenMP 4.0 or better set OMP_PROC_BIND=spread and OMP_PLACES=threads
  For best performance with OpenMP 3.1 set OMP_PROC_BIND=true
  For unit testing set OMP_PROC_BIND=false

MPI detected: For OpenMP binding to work as intended, MPI ranks must be bound to exclusive CPU sets.


MPI detected: For OpenMP binding to work as intended, MPI ranks must be bound to exclusive CPU sets.

Kokkos::OpenMP::initialize WARNING: OMP_PROC_BIND environment variable not set
  In general, for best performance with OpenMP 4.0 or better set OMP_PROC_BIND=spread and OMP_PLACES=threads
  For best performance with OpenMP 3.1 set OMP_PROC_BIND=true
  For unit testing set OMP_PROC_BIND=false

MPI detected: For OpenMP binding to work as intended, MPI ranks must be bound to exclusive CPU sets.

Kokkos::OpenMP::initialize WARNING: OMP_PROC_BIND environment variable not set
  In general, for best performance with OpenMP 4.0 or better set OMP_PROC_BIND=spread and OMP_PLACES=threads
  For best performance with OpenMP 3.1 set OMP_PROC_BIND=true
  For unit testing set OMP_PROC_BIND=false

MPI detected: For OpenMP binding to work as intended, MPI ranks must be bound to exclusive CPU sets.

Kokkos::OpenMP::initialize WARNING: OMP_PROC_BIND environment variable not set
  In general, for best performance with OpenMP 4.0 or better set OMP_PROC_BIND=spread and OMP_PLACES=threads
  For best performance with OpenMP 3.1 set OMP_PROC_BIND=true
  For unit testing set OMP_PROC_BIND=false
Kokkos::OpenMP::initialize WARNING: OMP_PROC_BIND environment variable not set
  In general, for best performance with OpenMP 4.0 or better set OMP_PROC_BIND=spread and OMP_PLACES=threads
  For best performance with OpenMP 3.1 set OMP_PROC_BIND=true
  For unit testing set OMP_PROC_BIND=false

MPI detected: For OpenMP binding to work as intended, MPI ranks must be bound to exclusive CPU sets.

Kokkos::OpenMP::initialize WARNING: OMP_PROC_BIND environment variable not set
  In general, for best performance with OpenMP 4.0 or better set OMP_PROC_BIND=spread and OMP_PLACES=threads
  For best performance with OpenMP 3.1 set OMP_PROC_BIND=true
  For unit testing set OMP_PROC_BIND=false

Kokkos::OpenMP::initialize WARNING: OMP_PROC_BIND environment variable not set
  In general, for best performance with OpenMP 4.0 or better set OMP_PROC_BIND=spread and OMP_PLACES=threads
  For best performance with OpenMP 3.1 set OMP_PROC_BIND=true
  For unit testing set OMP_PROC_BIND=false

Kokkos::OpenMP::initialize WARNING: OMP_PROC_BIND environment variable not set
  In general, for best performance with OpenMP 4.0 or better set OMP_PROC_BIND=spread and OMP_PLACES=threads
  For best performance with OpenMP 3.1 set OMP_PROC_BIND=true
  For unit testing set OMP_PROC_BIND=false

MPI detected: For OpenMP binding to work as intended, MPI ranks must be bound to exclusive CPU sets.

Kokkos::OpenMP::initialize WARNING: OMP_PROC_BIND environment variable not set
  In general, for best performance with OpenMP 4.0 or better set OMP_PROC_BIND=spread and OMP_PLACES=threads
  For best performance with OpenMP 3.1 set OMP_PROC_BIND=true
  For unit testing set OMP_PROC_BIND=false

MPI detected: For OpenMP binding to work as intended, MPI ranks must be bound to exclusive CPU sets.

Kokkos::OpenMP::initialize WARNING: OMP_PROC_BIND environment variable not set
  In general, for best performance with OpenMP 4.0 or better set OMP_PROC_BIND=spread and OMP_PLACES=threads
  For best performance with OpenMP 3.1 set OMP_PROC_BIND=true
  For unit testing set OMP_PROC_BIND=false
Kokkos::OpenMP::initialize WARNING: OMP_PROC_BIND environment variable not set
  In general, for best performance with OpenMP 4.0 or better set OMP_PROC_BIND=spread and OMP_PLACES=threads
  For best performance with OpenMP 3.1 set OMP_PROC_BIND=true
  For unit testing set OMP_PROC_BIND=false

MPI detected: For OpenMP binding to work as intended, MPI ranks must be bound to exclusive CPU sets.


MPI detected: For OpenMP binding to work as intended, MPI ranks must be bound to exclusive CPU sets.

Kokkos::OpenMP::initialize WARNING: OMP_PROC_BIND environment variable not set
  In general, for best performance with OpenMP 4.0 or better set OMP_PROC_BIND=spread and OMP_PLACES=threads
  For best performance with OpenMP 3.1 set OMP_PROC_BIND=true
  For unit testing set OMP_PROC_BIND=false

MPI detected: For OpenMP binding to work as intended, MPI ranks must be bound to exclusive CPU sets.

Kokkos::OpenMP::initialize WARNING: OMP_PROC_BIND environment variable not set
  In general, for best performance with OpenMP 4.0 or better set OMP_PROC_BIND=spread and OMP_PLACES=threads
  For best performance with OpenMP 3.1 set OMP_PROC_BIND=true
  For unit testing set OMP_PROC_BIND=false

MPI detected: For OpenMP binding to work as intended, MPI ranks must be bound to exclusive CPU sets.

Kokkos::OpenMP::initialize WARNING: OMP_PROC_BIND environment variable not set
  In general, for best performance with OpenMP 4.0 or better set OMP_PROC_BIND=spread and OMP_PLACES=threads
  For best performance with OpenMP 3.1 set OMP_PROC_BIND=true
  For unit testing set OMP_PROC_BIND=false

MPI detected: For OpenMP binding to work as intended, MPI ranks must be bound to exclusive CPU sets.

MPI detected: For OpenMP binding to work as intended, MPI ranks must be bound to exclusive CPU sets.

Kokkos::OpenMP::initialize WARNING: OMP_PROC_BIND environment variable not set
  In general, for best performance with OpenMP 4.0 or better set OMP_PROC_BIND=spread and OMP_PLACES=threads
  For best performance with OpenMP 3.1 set OMP_PROC_BIND=true
  For unit testing set OMP_PROC_BIND=false
Kokkos::OpenMP::initialize WARNING: OMP_PROC_BIND environment variable not set
  In general, for best performance with OpenMP 4.0 or better set OMP_PROC_BIND=spread and OMP_PLACES=threads
  For best performance with OpenMP 3.1 set OMP_PROC_BIND=true
  For unit testing set OMP_PROC_BIND=false

MPI detected: For OpenMP binding to work as intended, MPI ranks must be bound to exclusive CPU sets.

Kokkos::OpenMP::initialize WARNING: OMP_PROC_BIND environment variable not set
  In general, for best performance with OpenMP 4.0 or better set OMP_PROC_BIND=spread and OMP_PLACES=threads
  For best performance with OpenMP 3.1 set OMP_PROC_BIND=true
  For unit testing set OMP_PROC_BIND=false

MPI detected: For OpenMP binding to work as intended, MPI ranks must be bound to exclusive CPU sets.

Kokkos::OpenMP::initialize WARNING: OMP_PROC_BIND environment variable not set
  In general, for best performance with OpenMP 4.0 or better set OMP_PROC_BIND=spread and OMP_PLACES=threads
  For best performance with OpenMP 3.1 set OMP_PROC_BIND=true
  For unit testing set OMP_PROC_BIND=false

MPI detected: For OpenMP binding to work as intended, MPI ranks must be bound to exclusive CPU sets.

Kokkos::OpenMP::initialize WARNING: OMP_PROC_BIND environment variable not set
  In general, for best performance with OpenMP 4.0 or better set OMP_PROC_BIND=spread and OMP_PLACES=threads
  For best performance with OpenMP 3.1 set OMP_PROC_BIND=true
  For unit testing set OMP_PROC_BIND=false

MPI detected: For OpenMP binding to work as intended, MPI ranks must be bound to exclusive CPU sets.

Kokkos::OpenMP::initialize WARNING: OMP_PROC_BIND environment variable not set
  In general, for best performance with OpenMP 4.0 or better set OMP_PROC_BIND=spread and OMP_PLACES=threads
  For best performance with OpenMP 3.1 set OMP_PROC_BIND=true
  For unit testing set OMP_PROC_BIND=false

MPI detected: For OpenMP binding to work as intended, MPI ranks must be bound to exclusive CPU sets.


Kokkos::OpenMP::initialize WARNING: OMP_PROC_BIND environment variable not set
  In general, for best performance with OpenMP 4.0 or better set OMP_PROC_BIND=spread and OMP_PLACES=threads
  For best performance with OpenMP 3.1 set OMP_PROC_BIND=true
  For unit testing set OMP_PROC_BIND=false

MPI detected: For OpenMP binding to work as intended, MPI ranks must be bound to exclusive CPU sets.



Kokkos::OpenMP::initialize WARNING: OMP_PROC_BIND environment variable not set
  In general, for best performance with OpenMP 4.0 or better set OMP_PROC_BIND=spread and OMP_PLACES=threads
  For best performance with OpenMP 3.1 set OMP_PROC_BIND=true
  For unit testing set OMP_PROC_BIND=false

MPI detected: For OpenMP binding to work as intended, MPI ranks must be bound to exclusive CPU sets.

Kokkos::OpenMP::initialize WARNING: OMP_PROC_BIND environment variable not set
  In general, for best performance with OpenMP 4.0 or better set OMP_PROC_BIND=spread and OMP_PLACES=threads
  For best performance with OpenMP 3.1 set OMP_PROC_BIND=true
  For unit testing set OMP_PROC_BIND=false

MPI detected: For OpenMP binding to work as intended, MPI ranks must be bound to exclusive CPU sets.

Kokkos::OpenMP::initialize WARNING: OMP_PROC_BIND environment variable not set
  In general, for best performance with OpenMP 4.0 or better set OMP_PROC_BIND=spread and OMP_PLACES=threads
  For best performance with OpenMP 3.1 set OMP_PROC_BIND=true
  For unit testing set OMP_PROC_BIND=false

MPI detected: For OpenMP binding to work as intended, MPI ranks must be bound to exclusive CPU sets.

Kokkos::OpenMP::initialize WARNING: OMP_PROC_BIND environment variable not set
  In general, for best performance with OpenMP 4.0 or better set OMP_PROC_BIND=spread and OMP_PLACES=threads
  For best performance with OpenMP 3.1 set OMP_PROC_BIND=true
  For unit testing set OMP_PROC_BIND=false

MPI detected: For OpenMP binding to work as intended, MPI ranks must be bound to exclusive CPU sets.


Kokkos::OpenMP::initialize WARNING: OMP_PROC_BIND environment variable not set
  In general, for best performance with OpenMP 4.0 or better set OMP_PROC_BIND=spread and OMP_PLACES=threads
  For best performance with OpenMP 3.1 set OMP_PROC_BIND=true
  For unit testing set OMP_PROC_BIND=false

MPI detected: For OpenMP binding to work as intended, MPI ranks must be bound to exclusive CPU sets.

MPI detected: For OpenMP binding to work as intended, MPI ranks must be bound to exclusive CPU sets.

MPI detected: For OpenMP binding to work as intended, MPI ranks must be bound to exclusive CPU sets.

Kokkos::OpenMP::initialize WARNING: OMP_PROC_BIND environment variable not set
  In general, for best performance with OpenMP 4.0 or better set OMP_PROC_BIND=spread and OMP_PLACES=threads
  For best performance with OpenMP 3.1 set OMP_PROC_BIND=true
  For unit testing set OMP_PROC_BIND=false

MPI detected: For OpenMP binding to work as intended, MPI ranks must be bound to exclusive CPU sets.

Kokkos::OpenMP::initialize WARNING: OMP_PROC_BIND environment variable not set
  In general, for best performance with OpenMP 4.0 or better set OMP_PROC_BIND=spread and OMP_PLACES=threads
  For best performance with OpenMP 3.1 set OMP_PROC_BIND=true
  For unit testing set OMP_PROC_BIND=false

MPI detected: For OpenMP binding to work as intended, MPI ranks must be bound to exclusive CPU sets.

Kokkos::OpenMP::initialize WARNING: OMP_PROC_BIND environment variable not set
  In general, for best performance with OpenMP 4.0 or better set OMP_PROC_BIND=spread and OMP_PLACES=threads
  For best performance with OpenMP 3.1 set OMP_PROC_BIND=true
  For unit testing set OMP_PROC_BIND=false
Kokkos::OpenMP::initialize WARNING: OMP_PROC_BIND environment variable not set
  In general, for best performance with OpenMP 4.0 or better set OMP_PROC_BIND=spread and OMP_PLACES=threads
  For best performance with OpenMP 3.1 set OMP_PROC_BIND=true
  For unit testing set OMP_PROC_BIND=false

MPI detected: For OpenMP binding to work as intended, MPI ranks must be bound to exclusive CPU sets.

MPI detected: For OpenMP binding to work as intended, MPI ranks must be bound to exclusive CPU sets.

Kokkos::OpenMP::initialize WARNING: OMP_PROC_BIND environment variable not set
  In general, for best performance with OpenMP 4.0 or better set OMP_PROC_BIND=spread and OMP_PLACES=threads
  For best performance with OpenMP 3.1 set OMP_PROC_BIND=true
  For unit testing set OMP_PROC_BIND=false

MPI detected: For OpenMP binding to work as intended, MPI ranks must be bound to exclusive CPU sets.

Kokkos::OpenMP::initialize WARNING: OMP_PROC_BIND environment variable not set
  In general, for best performance with OpenMP 4.0 or better set OMP_PROC_BIND=spread and OMP_PLACES=threads
  For best performance with OpenMP 3.1 set OMP_PROC_BIND=true
  For unit testing set OMP_PROC_BIND=false

MPI detected: For OpenMP binding to work as intended, MPI ranks must be bound to exclusive CPU sets.

Kokkos::OpenMP::initialize WARNING: OMP_PROC_BIND environment variable not set
  In general, for best performance with OpenMP 4.0 or better set OMP_PROC_BIND=spread and OMP_PLACES=threads
  For best performance with OpenMP 3.1 set OMP_PROC_BIND=true
  For unit testing set OMP_PROC_BIND=false

MPI detected: For OpenMP binding to work as intended, MPI ranks must be bound to exclusive CPU sets.


MPI detected: For OpenMP binding to work as intended, MPI ranks must be bound to exclusive CPU sets.

Kokkos::OpenMP::initialize WARNING: OMP_PROC_BIND environment variable not set
  In general, for best performance with OpenMP 4.0 or better set OMP_PROC_BIND=spread and OMP_PLACES=threads
  For best performance with OpenMP 3.1 set OMP_PROC_BIND=true
  For unit testing set OMP_PROC_BIND=false

MPI detected: For OpenMP binding to work as intended, MPI ranks must be bound to exclusive CPU sets.


MPI detected: For OpenMP binding to work as intended, MPI ranks must be bound to exclusive CPU sets.

MPI detected: For OpenMP binding to work as intended, MPI ranks must be bound to exclusive CPU sets.

Kokkos::OpenMP::initialize WARNING: OMP_PROC_BIND environment variable not set
  In general, for best performance with OpenMP 4.0 or better set OMP_PROC_BIND=spread and OMP_PLACES=threads
  For best performance with OpenMP 3.1 set OMP_PROC_BIND=true
  For unit testing set OMP_PROC_BIND=false

MPI detected: For OpenMP binding to work as intended, MPI ranks must be bound to exclusive CPU sets.

Kokkos::OpenMP::initialize WARNING: OMP_PROC_BIND environment variable not set
  In general, for best performance with OpenMP 4.0 or better set OMP_PROC_BIND=spread and OMP_PLACES=threads
  For best performance with OpenMP 3.1 set OMP_PROC_BIND=true
  For unit testing set OMP_PROC_BIND=false

MPI detected: For OpenMP binding to work as intended, MPI ranks must be bound to exclusive CPU sets.

Kokkos::OpenMP::initialize WARNING: OMP_PROC_BIND environment variable not set
  In general, for best performance with OpenMP 4.0 or better set OMP_PROC_BIND=spread and OMP_PLACES=threads
  For best performance with OpenMP 3.1 set OMP_PROC_BIND=true
  For unit testing set OMP_PROC_BIND=false

MPI detected: For OpenMP binding to work as intended, MPI ranks must be bound to exclusive CPU sets.

Kokkos::OpenMP::initialize WARNING: OMP_PROC_BIND environment variable not set
  In general, for best performance with OpenMP 4.0 or better set OMP_PROC_BIND=spread and OMP_PLACES=threads
  For best performance with OpenMP 3.1 set OMP_PROC_BIND=true
  For unit testing set OMP_PROC_BIND=false

MPI detected: For OpenMP binding to work as intended, MPI ranks must be bound to exclusive CPU sets.

Kokkos::OpenMP::initialize WARNING: OMP_PROC_BIND environment variable not set
  In general, for best performance with OpenMP 4.0 or better set OMP_PROC_BIND=spread and OMP_PLACES=threads
  For best performance with OpenMP 3.1 set OMP_PROC_BIND=true
  For unit testing set OMP_PROC_BIND=false

MPI detected: For OpenMP binding to work as intended, MPI ranks must be bound to exclusive CPU sets.

Kokkos::OpenMP::initialize WARNING: OMP_PROC_BIND environment variable not set
  In general, for best performance with OpenMP 4.0 or better set OMP_PROC_BIND=spread and OMP_PLACES=threads
  For best performance with OpenMP 3.1 set OMP_PROC_BIND=true
  For unit testing set OMP_PROC_BIND=false

MPI detected: For OpenMP binding to work as intended, MPI ranks must be bound to exclusive CPU sets.

Kokkos::OpenMP::initialize WARNING: OMP_PROC_BIND environment variable not set
  In general, for best performance with OpenMP 4.0 or better set OMP_PROC_BIND=spread and OMP_PLACES=threads
  For best performance with OpenMP 3.1 set OMP_PROC_BIND=true
  For unit testing set OMP_PROC_BIND=false

MPI detected: For OpenMP binding to work as intended, MPI ranks must be bound to exclusive CPU sets.


MPI detected: For OpenMP binding to work as intended, MPI ranks must be bound to exclusive CPU sets.

MPI detected: For OpenMP binding to work as intended, MPI ranks must be bound to exclusive CPU sets.

Kokkos::OpenMP::initialize WARNING: OMP_PROC_BIND environment variable not set
  In general, for best performance with OpenMP 4.0 or better set OMP_PROC_BIND=spread and OMP_PLACES=threads
  For best performance with OpenMP 3.1 set OMP_PROC_BIND=true
  For unit testing set OMP_PROC_BIND=false

MPI detected: For OpenMP binding to work as intended, MPI ranks must be bound to exclusive CPU sets.

Kokkos::OpenMP::initialize WARNING: OMP_PROC_BIND environment variable not set
  In general, for best performance with OpenMP 4.0 or better set OMP_PROC_BIND=spread and OMP_PLACES=threads
  For best performance with OpenMP 3.1 set OMP_PROC_BIND=true
  For unit testing set OMP_PROC_BIND=false

MPI detected: For OpenMP binding to work as intended, MPI ranks must be bound to exclusive CPU sets.

Kokkos::OpenMP::initialize WARNING: OMP_PROC_BIND environment variable not set
  In general, for best performance with OpenMP 4.0 or better set OMP_PROC_BIND=spread and OMP_PLACES=threads
  For best performance with OpenMP 3.1 set OMP_PROC_BIND=true
  For unit testing set OMP_PROC_BIND=false


Kokkos::OpenMP::initialize WARNING: OMP_PROC_BIND environment variable not set
  In general, for best performance with OpenMP 4.0 or better set OMP_PROC_BIND=spread and OMP_PLACES=threads
  For best performance with OpenMP 3.1 set OMP_PROC_BIND=true
  For unit testing set OMP_PROC_BIND=false

MPI detected: For OpenMP binding to work as intended, MPI ranks must be bound to exclusive CPU sets.

Kokkos::OpenMP::initialize WARNING: OMP_PROC_BIND environment variable not set
  In general, for best performance with OpenMP 4.0 or better set OMP_PROC_BIND=spread and OMP_PLACES=threads
  For best performance with OpenMP 3.1 set OMP_PROC_BIND=true
  For unit testing set OMP_PROC_BIND=false

MPI detected: For OpenMP binding to work as intended, MPI ranks must be bound to exclusive CPU sets.

MPI detected: For OpenMP binding to work as intended, MPI ranks must be bound to exclusive CPU sets.

Kokkos::OpenMP::initialize WARNING: OMP_PROC_BIND environment variable not set
  In general, for best performance with OpenMP 4.0 or better set OMP_PROC_BIND=spread and OMP_PLACES=threads
  For best performance with OpenMP 3.1 set OMP_PROC_BIND=true
  For unit testing set OMP_PROC_BIND=false

MPI detected: For OpenMP binding to work as intended, MPI ranks must be bound to exclusive CPU sets.

MPI detected: For OpenMP binding to work as intended, MPI ranks must be bound to exclusive CPU sets.

Kokkos::OpenMP::initialize WARNING: OMP_PROC_BIND environment variable not set
  In general, for best performance with OpenMP 4.0 or better set OMP_PROC_BIND=spread and OMP_PLACES=threads
  For best performance with OpenMP 3.1 set OMP_PROC_BIND=true
  For unit testing set OMP_PROC_BIND=false

MPI detected: For OpenMP binding to work as intended, MPI ranks must be bound to exclusive CPU sets.

Kokkos::OpenMP::initialize WARNING: OMP_PROC_BIND environment variable not set
  In general, for best performance with OpenMP 4.0 or better set OMP_PROC_BIND=spread and OMP_PLACES=threads
  For best performance with OpenMP 3.1 set OMP_PROC_BIND=true
  For unit testing set OMP_PROC_BIND=false

MPI detected: For OpenMP binding to work as intended, MPI ranks must be bound to exclusive CPU sets.

MPI detected: For OpenMP binding to work as intended, MPI ranks must be bound to exclusive CPU sets.

Kokkos::OpenMP::initialize WARNING: OMP_PROC_BIND environment variable not set
  In general, for best performance with OpenMP 4.0 or better set OMP_PROC_BIND=spread and OMP_PLACES=threads
  For best performance with OpenMP 3.1 set OMP_PROC_BIND=true
  For unit testing set OMP_PROC_BIND=false

MPI detected: For OpenMP binding to work as intended, MPI ranks must be bound to exclusive CPU sets.

Kokkos::OpenMP::initialize WARNING: OMP_PROC_BIND environment variable not set
  In general, for best performance with OpenMP 4.0 or better set OMP_PROC_BIND=spread and OMP_PLACES=threads
  For best performance with OpenMP 3.1 set OMP_PROC_BIND=true
  For unit testing set OMP_PROC_BIND=false

MPI detected: For OpenMP binding to work as intended, MPI ranks must be bound to exclusive CPU sets.

Kokkos::OpenMP::initialize WARNING: OMP_PROC_BIND environment variable not set
  In general, for best performance with OpenMP 4.0 or better set OMP_PROC_BIND=spread and OMP_PLACES=threads
  For best performance with OpenMP 3.1 set OMP_PROC_BIND=true
  For unit testing set OMP_PROC_BIND=false

MPI detected: For OpenMP binding to work as intended, MPI ranks must be bound to exclusive CPU sets.

Kokkos::OpenMP::initialize WARNING: OMP_PROC_BIND environment variable not set
  In general, for best performance with OpenMP 4.0 or better set OMP_PROC_BIND=spread and OMP_PLACES=threads
  For best performance with OpenMP 3.1 set OMP_PROC_BIND=true
  For unit testing set OMP_PROC_BIND=false
Kokkos::OpenMP::initialize WARNING: OMP_PROC_BIND environment variable not set
  In general, for best performance with OpenMP 4.0 or better set OMP_PROC_BIND=spread and OMP_PLACES=threads
  For best performance with OpenMP 3.1 set OMP_PROC_BIND=true
  For unit testing set OMP_PROC_BIND=false

MPI detected: For OpenMP binding to work as intended, MPI ranks must be bound to exclusive CPU sets.

MPI detected: For OpenMP binding to work as intended, MPI ranks must be bound to exclusive CPU sets.

Kokkos::OpenMP::initialize WARNING: OMP_PROC_BIND environment variable not set
  In general, for best performance with OpenMP 4.0 or better set OMP_PROC_BIND=spread and OMP_PLACES=threads
  For best performance with OpenMP 3.1 set OMP_PROC_BIND=true
  For unit testing set OMP_PROC_BIND=false
Kokkos::OpenMP::initialize WARNING: OMP_PROC_BIND environment variable not set
  In general, for best performance with OpenMP 4.0 or better set OMP_PROC_BIND=spread and OMP_PLACES=threads
  For best performance with OpenMP 3.1 set OMP_PROC_BIND=true
  For unit testing set OMP_PROC_BIND=false

Kokkos::OpenMP::initialize WARNING: OMP_PROC_BIND environment variable not set
  In general, for best performance with OpenMP 4.0 or better set OMP_PROC_BIND=spread and OMP_PLACES=threads
  For best performance with OpenMP 3.1 set OMP_PROC_BIND=true
  For unit testing set OMP_PROC_BIND=false

MPI detected: For OpenMP binding to work as intended, MPI ranks must be bound to exclusive CPU sets.

Kokkos::OpenMP::initialize WARNING: OMP_PROC_BIND environment variable not set
  In general, for best performance with OpenMP 4.0 or better set OMP_PROC_BIND=spread and OMP_PLACES=threads
  For best performance with OpenMP 3.1 set OMP_PROC_BIND=true
  For unit testing set OMP_PROC_BIND=false

MPI detected: For OpenMP binding to work as intended, MPI ranks must be bound to exclusive CPU sets.

Kokkos::OpenMP::initialize WARNING: OMP_PROC_BIND environment variable not set
  In general, for best performance with OpenMP 4.0 or better set OMP_PROC_BIND=spread and OMP_PLACES=threads
  For best performance with OpenMP 3.1 set OMP_PROC_BIND=true
  For unit testing set OMP_PROC_BIND=false

MPI detected: For OpenMP binding to work as intended, MPI ranks must be bound to exclusive CPU sets.


MPI detected: For OpenMP binding to work as intended, MPI ranks must be bound to exclusive CPU sets.

Kokkos::OpenMP::initialize WARNING: OMP_PROC_BIND environment variable not set
  In general, for best performance with OpenMP 4.0 or better set OMP_PROC_BIND=spread and OMP_PLACES=threads
  For best performance with OpenMP 3.1 set OMP_PROC_BIND=true
  For unit testing set OMP_PROC_BIND=false

MPI detected: For OpenMP binding to work as intended, MPI ranks must be bound to exclusive CPU sets.

Kokkos::OpenMP::initialize WARNING: OMP_PROC_BIND environment variable not set
  In general, for best performance with OpenMP 4.0 or better set OMP_PROC_BIND=spread and OMP_PLACES=threads
  For best performance with OpenMP 3.1 set OMP_PROC_BIND=true
  For unit testing set OMP_PROC_BIND=false

MPI detected: For OpenMP binding to work as intended, MPI ranks must be bound to exclusive CPU sets.

Kokkos::OpenMP::initialize WARNING: OMP_PROC_BIND environment variable not set
  In general, for best performance with OpenMP 4.0 or better set OMP_PROC_BIND=spread and OMP_PLACES=threads
  For best performance with OpenMP 3.1 set OMP_PROC_BIND=true
  For unit testing set OMP_PROC_BIND=false

MPI detected: For OpenMP binding to work as intended, MPI ranks must be bound to exclusive CPU sets.

Kokkos::OpenMP::initialize WARNING: OMP_PROC_BIND environment variable not set
  In general, for best performance with OpenMP 4.0 or better set OMP_PROC_BIND=spread and OMP_PLACES=threads
  For best performance with OpenMP 3.1 set OMP_PROC_BIND=true
  For unit testing set OMP_PROC_BIND=false

MPI detected: For OpenMP binding to work as intended, MPI ranks must be bound to exclusive CPU sets.

Kokkos::OpenMP::initialize WARNING: OMP_PROC_BIND environment variable not set
  In general, for best performance with OpenMP 4.0 or better set OMP_PROC_BIND=spread and OMP_PLACES=threads
  For best performance with OpenMP 3.1 set OMP_PROC_BIND=true
  For unit testing set OMP_PROC_BIND=false

MPI detected: For OpenMP binding to work as intended, MPI ranks must be bound to exclusive CPU sets.


Kokkos::OpenMP::initialize WARNING: OMP_PROC_BIND environment variable not set
  In general, for best performance with OpenMP 4.0 or better set OMP_PROC_BIND=spread and OMP_PLACES=threads
  For best performance with OpenMP 3.1 set OMP_PROC_BIND=true
  For unit testing set OMP_PROC_BIND=false
MPI detected: For OpenMP binding to work as intended, MPI ranks must be bound to exclusive CPU sets.

Kokkos::OpenMP::initialize WARNING: OMP_PROC_BIND environment variable not set
  In general, for best performance with OpenMP 4.0 or better set OMP_PROC_BIND=spread and OMP_PLACES=threads
  For best performance with OpenMP 3.1 set OMP_PROC_BIND=true
  For unit testing set OMP_PROC_BIND=false

MPI detected: For OpenMP binding to work as intended, MPI ranks must be bound to exclusive CPU sets.

Kokkos::OpenMP::initialize WARNING: OMP_PROC_BIND environment variable not set
  In general, for best performance with OpenMP 4.0 or better set OMP_PROC_BIND=spread and OMP_PLACES=threads
  For best performance with OpenMP 3.1 set OMP_PROC_BIND=true
  For unit testing set OMP_PROC_BIND=false


Kokkos::OpenMP::initialize WARNING: OMP_PROC_BIND environment variable not set
  In general, for best performance with OpenMP 4.0 or better set OMP_PROC_BIND=spread and OMP_PLACES=threads
  For best performance with OpenMP 3.1 set OMP_PROC_BIND=true
  For unit testing set OMP_PROC_BIND=false

MPI detected: For OpenMP binding to work as intended, MPI ranks must be bound to exclusive CPU sets.

Kokkos::OpenMP::initialize WARNING: OMP_PROC_BIND environment variable not set
  In general, for best performance with OpenMP 4.0 or better set OMP_PROC_BIND=spread and OMP_PLACES=threads
  For best performance with OpenMP 3.1 set OMP_PROC_BIND=true
  For unit testing set OMP_PROC_BIND=false

MPI detected: For OpenMP binding to work as intended, MPI ranks must be bound to exclusive CPU sets.


Kokkos::OpenMP::initialize WARNING: OMP_PROC_BIND environment variable not set
  In general, for best performance with OpenMP 4.0 or better set OMP_PROC_BIND=spread and OMP_PLACES=threads
  For best performance with OpenMP 3.1 set OMP_PROC_BIND=true
  For unit testing set OMP_PROC_BIND=false

MPI detected: For OpenMP binding to work as intended, MPI ranks must be bound to exclusive CPU sets.

Kokkos::OpenMP::initialize WARNING: OMP_PROC_BIND environment variable not set
  In general, for best performance with OpenMP 4.0 or better set OMP_PROC_BIND=spread and OMP_PLACES=threads
  For best performance with OpenMP 3.1 set OMP_PROC_BIND=true
  For unit testing set OMP_PROC_BIND=false

MPI detected: For OpenMP binding to work as intended, MPI ranks must be bound to exclusive CPU sets.
Kokkos::OpenMP::initialize WARNING: OMP_PROC_BIND environment variable not set
  In general, for best performance with OpenMP 4.0 or better set OMP_PROC_BIND=spread and OMP_PLACES=threads
  For best performance with OpenMP 3.1 set OMP_PROC_BIND=true
  For unit testing set OMP_PROC_BIND=false

MPI detected: For OpenMP binding to work as intended, MPI ranks must be bound to exclusive CPU sets.

MPI detected: For OpenMP binding to work as intended, MPI ranks must be bound to exclusive CPU sets.

Kokkos::OpenMP::initialize WARNING: OMP_PROC_BIND environment variable not set
  In general, for best performance with OpenMP 4.0 or better set OMP_PROC_BIND=spread and OMP_PLACES=threads
  For best performance with OpenMP 3.1 set OMP_PROC_BIND=true
  For unit testing set OMP_PROC_BIND=false
Kokkos::OpenMP::initialize WARNING: OMP_PROC_BIND environment variable not set
  In general, for best performance with OpenMP 4.0 or better set OMP_PROC_BIND=spread and OMP_PLACES=threads
  For best performance with OpenMP 3.1 set OMP_PROC_BIND=true
  For unit testing set OMP_PROC_BIND=false

MPI detected: For OpenMP binding to work as intended, MPI ranks must be bound to exclusive CPU sets.

Kokkos::OpenMP::initialize WARNING: OMP_PROC_BIND environment variable not set
  In general, for best performance with OpenMP 4.0 or better set OMP_PROC_BIND=spread and OMP_PLACES=threads
  For best performance with OpenMP 3.1 set OMP_PROC_BIND=true
  For unit testing set OMP_PROC_BIND=false

MPI detected: For OpenMP binding to work as intended, MPI ranks must be bound to exclusive CPU sets.
Kokkos::OpenMP::initialize WARNING: OMP_PROC_BIND environment variable not set
  In general, for best performance with OpenMP 4.0 or better set OMP_PROC_BIND=spread and OMP_PLACES=threads
  For best performance with OpenMP 3.1 set OMP_PROC_BIND=true
  For unit testing set OMP_PROC_BIND=false

MPI detected: For OpenMP binding to work as intended, MPI ranks must be bound to exclusive CPU sets.

Kokkos::OpenMP::initialize WARNING: OMP_PROC_BIND environment variable not set
  In general, for best performance with OpenMP 4.0 or better set OMP_PROC_BIND=spread and OMP_PLACES=threads
  For best performance with OpenMP 3.1 set OMP_PROC_BIND=true
  For unit testing set OMP_PROC_BIND=false

MPI detected: For OpenMP binding to work as intended, MPI ranks must be bound to exclusive CPU sets.

Kokkos::OpenMP::initialize WARNING: OMP_PROC_BIND environment variable not set
  In general, for best performance with OpenMP 4.0 or better set OMP_PROC_BIND=spread and OMP_PLACES=threads
  For best performance with OpenMP 3.1 set OMP_PROC_BIND=true
  For unit testing set OMP_PROC_BIND=false

MPI detected: For OpenMP binding to work as intended, MPI ranks must be bound to exclusive CPU sets.

Kokkos::OpenMP::initialize WARNING: OMP_PROC_BIND environment variable not set
  In general, for best performance with OpenMP 4.0 or better set OMP_PROC_BIND=spread and OMP_PLACES=threads
  For best performance with OpenMP 3.1 set OMP_PROC_BIND=true
  For unit testing set OMP_PROC_BIND=false

MPI detected: For OpenMP binding to work as intended, MPI ranks must be bound to exclusive CPU sets.


MPI detected: For OpenMP binding to work as intended, MPI ranks must be bound to exclusive CPU sets.

Kokkos::OpenMP::initialize WARNING: OMP_PROC_BIND environment variable not set
  In general, for best performance with OpenMP 4.0 or better set OMP_PROC_BIND=spread and OMP_PLACES=threads
  For best performance with OpenMP 3.1 set OMP_PROC_BIND=true
  For unit testing set OMP_PROC_BIND=false

MPI detected: For OpenMP binding to work as intended, MPI ranks must be bound to exclusive CPU sets.


MPI detected: For OpenMP binding to work as intended, MPI ranks must be bound to exclusive CPU sets.

MPI detected: For OpenMP binding to work as intended, MPI ranks must be bound to exclusive CPU sets.

Kokkos::OpenMP::initialize WARNING: OMP_PROC_BIND environment variable not set
  In general, for best performance with OpenMP 4.0 or better set OMP_PROC_BIND=spread and OMP_PLACES=threads
  For best performance with OpenMP 3.1 set OMP_PROC_BIND=true
  For unit testing set OMP_PROC_BIND=false

MPI detected: For OpenMP binding to work as intended, MPI ranks must be bound to exclusive CPU sets.

Kokkos::OpenMP::initialize WARNING: OMP_PROC_BIND environment variable not set
  In general, for best performance with OpenMP 4.0 or better set OMP_PROC_BIND=spread and OMP_PLACES=threads
  For best performance with OpenMP 3.1 set OMP_PROC_BIND=true
  For unit testing set OMP_PROC_BIND=false

MPI detected: For OpenMP binding to work as intended, MPI ranks must be bound to exclusive CPU sets.

Kokkos::OpenMP::initialize WARNING: OMP_PROC_BIND environment variable not set
  In general, for best performance with OpenMP 4.0 or better set OMP_PROC_BIND=spread and OMP_PLACES=threads
  For best performance with OpenMP 3.1 set OMP_PROC_BIND=true
  For unit testing set OMP_PROC_BIND=false

MPI detected: For OpenMP binding to work as intended, MPI ranks must be bound to exclusive CPU sets.

Kokkos::OpenMP::initialize WARNING: OMP_PROC_BIND environment variable not set
  In general, for best performance with OpenMP 4.0 or better set OMP_PROC_BIND=spread and OMP_PLACES=threads
  For best performance with OpenMP 3.1 set OMP_PROC_BIND=true
  For unit testing set OMP_PROC_BIND=false

MPI detected: For OpenMP binding to work as intended, MPI ranks must be bound to exclusive CPU sets.

Kokkos::OpenMP::initialize WARNING: OMP_PROC_BIND environment variable not set
  In general, for best performance with OpenMP 4.0 or better set OMP_PROC_BIND=spread and OMP_PLACES=threads
  For best performance with OpenMP 3.1 set OMP_PROC_BIND=true
  For unit testing set OMP_PROC_BIND=false

MPI detected: For OpenMP binding to work as intended, MPI ranks must be bound to exclusive CPU sets.

Kokkos::OpenMP::initialize WARNING: OMP_PROC_BIND environment variable not set
  In general, for best performance with OpenMP 4.0 or better set OMP_PROC_BIND=spread and OMP_PLACES=threads
  For best performance with OpenMP 3.1 set OMP_PROC_BIND=true
  For unit testing set OMP_PROC_BIND=false

MPI detected: For OpenMP binding to work as intended, MPI ranks must be bound to exclusive CPU sets.

Kokkos::OpenMP::initialize WARNING: OMP_PROC_BIND environment variable not set
  In general, for best performance with OpenMP 4.0 or better set OMP_PROC_BIND=spread and OMP_PLACES=threads
  For best performance with OpenMP 3.1 set OMP_PROC_BIND=true
  For unit testing set OMP_PROC_BIND=false

MPI detected: For OpenMP binding to work as intended, MPI ranks must be bound to exclusive CPU sets.

Kokkos::OpenMP::initialize WARNING: OMP_PROC_BIND environment variable not set
  In general, for best performance with OpenMP 4.0 or better set OMP_PROC_BIND=spread and OMP_PLACES=threads
  For best performance with OpenMP 3.1 set OMP_PROC_BIND=true
  For unit testing set OMP_PROC_BIND=false

MPI detected: For OpenMP binding to work as intended, MPI ranks must be bound to exclusive CPU sets.

Kokkos::OpenMP::initialize WARNING: OMP_PROC_BIND environment variable not set
  In general, for best performance with OpenMP 4.0 or better set OMP_PROC_BIND=spread and OMP_PLACES=threads
  For best performance with OpenMP 3.1 set OMP_PROC_BIND=true
  For unit testing set OMP_PROC_BIND=false

MPI detected: For OpenMP binding to work as intended, MPI ranks must be bound to exclusive CPU sets.

Kokkos::OpenMP::initialize WARNING: OMP_PROC_BIND environment variable not set
  In general, for best performance with OpenMP 4.0 or better set OMP_PROC_BIND=spread and OMP_PLACES=threads
  For best performance with OpenMP 3.1 set OMP_PROC_BIND=true
  For unit testing set OMP_PROC_BIND=false

MPI detected: For OpenMP binding to work as intended, MPI ranks must be bound to exclusive CPU sets.

Kokkos::OpenMP::initialize WARNING: OMP_PROC_BIND environment variable not set
  In general, for best performance with OpenMP 4.0 or better set OMP_PROC_BIND=spread and OMP_PLACES=threads
  For best performance with OpenMP 3.1 set OMP_PROC_BIND=true
  For unit testing set OMP_PROC_BIND=false

MPI detected: For OpenMP binding to work as intended, MPI ranks must be bound to exclusive CPU sets.

Kokkos::OpenMP::initialize WARNING: OMP_PROC_BIND environment variable not set
  In general, for best performance with OpenMP 4.0 or better set OMP_PROC_BIND=spread and OMP_PLACES=threads
  For best performance with OpenMP 3.1 set OMP_PROC_BIND=true
  For unit testing set OMP_PROC_BIND=false

MPI detected: For OpenMP binding to work as intended, MPI ranks must be bound to exclusive CPU sets.

MPI detected: For OpenMP binding to work as intended, MPI ranks must be bound to exclusive CPU sets.


MPI detected: For OpenMP binding to work as intended, MPI ranks must be bound to exclusive CPU sets.

Kokkos::OpenMP::initialize WARNING: OMP_PROC_BIND environment variable not set
  In general, for best performance with OpenMP 4.0 or better set OMP_PROC_BIND=spread and OMP_PLACES=threads
  For best performance with OpenMP 3.1 set OMP_PROC_BIND=true
  For unit testing set OMP_PROC_BIND=false
Kokkos::OpenMP::initialize WARNING: OMP_PROC_BIND environment variable not set
  In general, for best performance with OpenMP 4.0 or better set OMP_PROC_BIND=spread and OMP_PLACES=threads
  For best performance with OpenMP 3.1 set OMP_PROC_BIND=true
  For unit testing set OMP_PROC_BIND=false

MPI detected: For OpenMP binding to work as intended, MPI ranks must be bound to exclusive CPU sets.

Kokkos::OpenMP::initialize WARNING: OMP_PROC_BIND environment variable not set
  In general, for best performance with OpenMP 4.0 or better set OMP_PROC_BIND=spread and OMP_PLACES=threads
  For best performance with OpenMP 3.1 set OMP_PROC_BIND=true
  For unit testing set OMP_PROC_BIND=false

MPI detected: For OpenMP binding to work as intended, MPI ranks must be bound to exclusive CPU sets.

Kokkos::OpenMP::initialize WARNING: OMP_PROC_BIND environment variable not set
  In general, for best performance with OpenMP 4.0 or better set OMP_PROC_BIND=spread and OMP_PLACES=threads
  For best performance with OpenMP 3.1 set OMP_PROC_BIND=true
  For unit testing set OMP_PROC_BIND=false

MPI detected: For OpenMP binding to work as intended, MPI ranks must be bound to exclusive CPU sets.

Kokkos::OpenMP::initialize WARNING: OMP_PROC_BIND environment variable not set
  In general, for best performance with OpenMP 4.0 or better set OMP_PROC_BIND=spread and OMP_PLACES=threads
  For best performance with OpenMP 3.1 set OMP_PROC_BIND=true
  For unit testing set OMP_PROC_BIND=false

MPI detected: For OpenMP binding to work as intended, MPI ranks must be bound to exclusive CPU sets.

Kokkos::OpenMP::initialize WARNING: OMP_PROC_BIND environment variable not set
  In general, for best performance with OpenMP 4.0 or better set OMP_PROC_BIND=spread and OMP_PLACES=threads
  For best performance with OpenMP 3.1 set OMP_PROC_BIND=true
  For unit testing set OMP_PROC_BIND=false

MPI detected: For OpenMP binding to work as intended, MPI ranks must be bound to exclusive CPU sets.

Kokkos::OpenMP::initialize WARNING: OMP_PROC_BIND environment variable not set
  In general, for best performance with OpenMP 4.0 or better set OMP_PROC_BIND=spread and OMP_PLACES=threads
  For best performance with OpenMP 3.1 set OMP_PROC_BIND=true
  For unit testing set OMP_PROC_BIND=false

MPI detected: For OpenMP binding to work as intended, MPI ranks must be bound to exclusive CPU sets.

Kokkos::OpenMP::initialize WARNING: OMP_PROC_BIND environment variable not set
  In general, for best performance with OpenMP 4.0 or better set OMP_PROC_BIND=spread and OMP_PLACES=threads
  For best performance with OpenMP 3.1 set OMP_PROC_BIND=true
  For unit testing set OMP_PROC_BIND=false

MPI detected: For OpenMP binding to work as intended, MPI ranks must be bound to exclusive CPU sets.

Kokkos::OpenMP::initialize WARNING: OMP_PROC_BIND environment variable not set
  In general, for best performance with OpenMP 4.0 or better set OMP_PROC_BIND=spread and OMP_PLACES=threads
  For best performance with OpenMP 3.1 set OMP_PROC_BIND=true
  For unit testing set OMP_PROC_BIND=false

MPI detected: For OpenMP binding to work as intended, MPI ranks must be bound to exclusive CPU sets.

Kokkos::OpenMP::initialize WARNING: OMP_PROC_BIND environment variable not set
  In general, for best performance with OpenMP 4.0 or better set OMP_PROC_BIND=spread and OMP_PLACES=threads
  For best performance with OpenMP 3.1 set OMP_PROC_BIND=true
  For unit testing set OMP_PROC_BIND=false

MPI detected: For OpenMP binding to work as intended, MPI ranks must be bound to exclusive CPU sets.


Kokkos::OpenMP::initialize WARNING: OMP_PROC_BIND environment variable not set
  In general, for best performance with OpenMP 4.0 or better set OMP_PROC_BIND=spread and OMP_PLACES=threads
  For best performance with OpenMP 3.1 set OMP_PROC_BIND=true
  For unit testing set OMP_PROC_BIND=false

MPI detected: For OpenMP binding to work as intended, MPI ranks must be bound to exclusive CPU sets.


Kokkos::OpenMP::initialize WARNING: OMP_PROC_BIND environment variable not set
  In general, for best performance with OpenMP 4.0 or better set OMP_PROC_BIND=spread and OMP_PLACES=threads
  For best performance with OpenMP 3.1 set OMP_PROC_BIND=true
  For unit testing set OMP_PROC_BIND=false

MPI detected: For OpenMP binding to work as intended, MPI ranks must be bound to exclusive CPU sets.

Kokkos::OpenMP::initialize WARNING: OMP_PROC_BIND environment variable not set
  In general, for best performance with OpenMP 4.0 or better set OMP_PROC_BIND=spread and OMP_PLACES=threads
  For best performance with OpenMP 3.1 set OMP_PROC_BIND=true
  For unit testing set OMP_PROC_BIND=false

MPI detected: For OpenMP binding to work as intended, MPI ranks must be bound to exclusive CPU sets.

Kokkos::OpenMP::initialize WARNING: OMP_PROC_BIND environment variable not set
  In general, for best performance with OpenMP 4.0 or better set OMP_PROC_BIND=spread and OMP_PLACES=threads
  For best performance with OpenMP 3.1 set OMP_PROC_BIND=true
  For unit testing set OMP_PROC_BIND=false

MPI detected: For OpenMP binding to work as intended, MPI ranks must be bound to exclusive CPU sets.

Kokkos::OpenMP::initialize WARNING: OMP_PROC_BIND environment variable not set
  In general, for best performance with OpenMP 4.0 or better set OMP_PROC_BIND=spread and OMP_PLACES=threads
  For best performance with OpenMP 3.1 set OMP_PROC_BIND=true
  For unit testing set OMP_PROC_BIND=false
MPI detected: For OpenMP binding to work as intended, MPI ranks must be bound to exclusive CPU sets.

Kokkos::OpenMP::initialize WARNING: OMP_PROC_BIND environment variable not set
  In general, for best performance with OpenMP 4.0 or better set OMP_PROC_BIND=spread and OMP_PLACES=threads
  For best performance with OpenMP 3.1 set OMP_PROC_BIND=true
  For unit testing set OMP_PROC_BIND=false

Kokkos::OpenMP::initialize WARNING: OMP_PROC_BIND environment variable not set
  In general, for best performance with OpenMP 4.0 or better set OMP_PROC_BIND=spread and OMP_PLACES=threads
  For best performance with OpenMP 3.1 set OMP_PROC_BIND=true
  For unit testing set OMP_PROC_BIND=false

MPI detected: For OpenMP binding to work as intended, MPI ranks must be bound to exclusive CPU sets.

Kokkos::OpenMP::initialize WARNING: OMP_PROC_BIND environment variable not set
  In general, for best performance with OpenMP 4.0 or better set OMP_PROC_BIND=spread and OMP_PLACES=threads
  For best performance with OpenMP 3.1 set OMP_PROC_BIND=true
  For unit testing set OMP_PROC_BIND=false

MPI detected: For OpenMP binding to work as intended, MPI ranks must be bound to exclusive CPU sets.

Kokkos::OpenMP::initialize WARNING: OMP_PROC_BIND environment variable not set
  In general, for best performance with OpenMP 4.0 or better set OMP_PROC_BIND=spread and OMP_PLACES=threads
  For best performance with OpenMP 3.1 set OMP_PROC_BIND=true
  For unit testing set OMP_PROC_BIND=false

MPI detected: For OpenMP binding to work as intended, MPI ranks must be bound to exclusive CPU sets.

Kokkos::OpenMP::initialize WARNING: OMP_PROC_BIND environment variable not set
  In general, for best performance with OpenMP 4.0 or better set OMP_PROC_BIND=spread and OMP_PLACES=threads
  For best performance with OpenMP 3.1 set OMP_PROC_BIND=true
  For unit testing set OMP_PROC_BIND=false

MPI detected: For OpenMP binding to work as intended, MPI ranks must be bound to exclusive CPU sets.

Kokkos::OpenMP::initialize WARNING: OMP_PROC_BIND environment variable not set
  In general, for best performance with OpenMP 4.0 or better set OMP_PROC_BIND=spread and OMP_PLACES=threads
  For best performance with OpenMP 3.1 set OMP_PROC_BIND=true
  For unit testing set OMP_PROC_BIND=false

MPI detected: For OpenMP binding to work as intended, MPI ranks must be bound to exclusive CPU sets.

Kokkos::OpenMP::initialize WARNING: OMP_PROC_BIND environment variable not set
  In general, for best performance with OpenMP 4.0 or better set OMP_PROC_BIND=spread and OMP_PLACES=threads
  For best performance with OpenMP 3.1 set OMP_PROC_BIND=true
  For unit testing set OMP_PROC_BIND=false

MPI detected: For OpenMP binding to work as intended, MPI ranks must be bound to exclusive CPU sets.

Kokkos::OpenMP::initialize WARNING: OMP_PROC_BIND environment variable not set
  In general, for best performance with OpenMP 4.0 or better set OMP_PROC_BIND=spread and OMP_PLACES=threads
  For best performance with OpenMP 3.1 set OMP_PROC_BIND=true
  For unit testing set OMP_PROC_BIND=false

MPI detected: For OpenMP binding to work as intended, MPI ranks must be bound to exclusive CPU sets.

Kokkos::OpenMP::initialize WARNING: OMP_PROC_BIND environment variable not set
  In general, for best performance with OpenMP 4.0 or better set OMP_PROC_BIND=spread and OMP_PLACES=threads
  For best performance with OpenMP 3.1 set OMP_PROC_BIND=true
  For unit testing set OMP_PROC_BIND=false

MPI detected: For OpenMP binding to work as intended, MPI ranks must be bound to exclusive CPU sets.

Kokkos::OpenMP::initialize WARNING: OMP_PROC_BIND environment variable not set
  In general, for best performance with OpenMP 4.0 or better set OMP_PROC_BIND=spread and OMP_PLACES=threads
  For best performance with OpenMP 3.1 set OMP_PROC_BIND=true
  For unit testing set OMP_PROC_BIND=false

MPI detected: For OpenMP binding to work as intended, MPI ranks must be bound to exclusive CPU sets.

Kokkos::OpenMP::initialize WARNING: OMP_PROC_BIND environment variable not set
  In general, for best performance with OpenMP 4.0 or better set OMP_PROC_BIND=spread and OMP_PLACES=threads
  For best performance with OpenMP 3.1 set OMP_PROC_BIND=true
  For unit testing set OMP_PROC_BIND=false

MPI detected: For OpenMP binding to work as intended, MPI ranks must be bound to exclusive CPU sets.

Kokkos::OpenMP::initialize WARNING: OMP_PROC_BIND environment variable not set
  In general, for best performance with OpenMP 4.0 or better set OMP_PROC_BIND=spread and OMP_PLACES=threads
  For best performance with OpenMP 3.1 set OMP_PROC_BIND=true
  For unit testing set OMP_PROC_BIND=false

MPI detected: For OpenMP binding to work as intended, MPI ranks must be bound to exclusive CPU sets.

Kokkos::OpenMP::initialize WARNING: OMP_PROC_BIND environment variable not set
  In general, for best performance with OpenMP 4.0 or better set OMP_PROC_BIND=spread and OMP_PLACES=threads
  For best performance with OpenMP 3.1 set OMP_PROC_BIND=true
  For unit testing set OMP_PROC_BIND=false

MPI detected: For OpenMP binding to work as intended, MPI ranks must be bound to exclusive CPU sets.

Kokkos::OpenMP::initialize WARNING: OMP_PROC_BIND environment variable not set
  In general, for best performance with OpenMP 4.0 or better set OMP_PROC_BIND=spread and OMP_PLACES=threads
  For best performance with OpenMP 3.1 set OMP_PROC_BIND=true
  For unit testing set OMP_PROC_BIND=false

MPI detected: For OpenMP binding to work as intended, MPI ranks must be bound to exclusive CPU sets.


MPI detected: For OpenMP binding to work as intended, MPI ranks must be bound to exclusive CPU sets.

Kokkos::OpenMP::initialize WARNING: OMP_PROC_BIND environment variable not set
  In general, for best performance with OpenMP 4.0 or better set OMP_PROC_BIND=spread and OMP_PLACES=threads
  For best performance with OpenMP 3.1 set OMP_PROC_BIND=true
  For unit testing set OMP_PROC_BIND=false

Kokkos::OpenMP::initialize WARNING: OMP_PROC_BIND environment variable not set
  In general, for best performance with OpenMP 4.0 or better set OMP_PROC_BIND=spread and OMP_PLACES=threads
  For best performance with OpenMP 3.1 set OMP_PROC_BIND=true
  For unit testing set OMP_PROC_BIND=false

MPI detected: For OpenMP binding to work as intended, MPI ranks must be bound to exclusive CPU sets.

Kokkos::OpenMP::initialize WARNING: OMP_PROC_BIND environment variable not set
  In general, for best performance with OpenMP 4.0 or better set OMP_PROC_BIND=spread and OMP_PLACES=threads
  For best performance with OpenMP 3.1 set OMP_PROC_BIND=true
  For unit testing set OMP_PROC_BIND=false

MPI detected: For OpenMP binding to work as intended, MPI ranks must be bound to exclusive CPU sets.

Kokkos::OpenMP::initialize WARNING: OMP_PROC_BIND environment variable not set
  In general, for best performance with OpenMP 4.0 or better set OMP_PROC_BIND=spread and OMP_PLACES=threads
  For best performance with OpenMP 3.1 set OMP_PROC_BIND=true
  For unit testing set OMP_PROC_BIND=false

MPI detected: For OpenMP binding to work as intended, MPI ranks must be bound to exclusive CPU sets.

Kokkos::OpenMP::initialize WARNING: OMP_PROC_BIND environment variable not set
  In general, for best performance with OpenMP 4.0 or better set OMP_PROC_BIND=spread and OMP_PLACES=threads
  For best performance with OpenMP 3.1 set OMP_PROC_BIND=true
  For unit testing set OMP_PROC_BIND=false

MPI detected: For OpenMP binding to work as intended, MPI ranks must be bound to exclusive CPU sets.

Kokkos::OpenMP::initialize WARNING: OMP_PROC_BIND environment variable not set
  In general, for best performance with OpenMP 4.0 or better set OMP_PROC_BIND=spread and OMP_PLACES=threads
  For best performance with OpenMP 3.1 set OMP_PROC_BIND=true
  For unit testing set OMP_PROC_BIND=false

MPI detected: For OpenMP binding to work as intended, MPI ranks must be bound to exclusive CPU sets.


MPI detected: For OpenMP binding to work as intended, MPI ranks must be bound to exclusive CPU sets.

Kokkos::OpenMP::initialize WARNING: OMP_PROC_BIND environment variable not set
  In general, for best performance with OpenMP 4.0 or better set OMP_PROC_BIND=spread and OMP_PLACES=threads
  For best performance with OpenMP 3.1 set OMP_PROC_BIND=true
  For unit testing set OMP_PROC_BIND=false

MPI detected: For OpenMP binding to work as intended, MPI ranks must be bound to exclusive CPU sets.

Kokkos::OpenMP::initialize WARNING: OMP_PROC_BIND environment variable not set
  In general, for best performance with OpenMP 4.0 or better set OMP_PROC_BIND=spread and OMP_PLACES=threads
  For best performance with OpenMP 3.1 set OMP_PROC_BIND=true
  For unit testing set OMP_PROC_BIND=false

MPI detected: For OpenMP binding to work as intended, MPI ranks must be bound to exclusive CPU sets.

Kokkos::OpenMP::initialize WARNING: OMP_PROC_BIND environment variable not set
  In general, for best performance with OpenMP 4.0 or better set OMP_PROC_BIND=spread and OMP_PLACES=threads
  For best performance with OpenMP 3.1 set OMP_PROC_BIND=true
  For unit testing set OMP_PROC_BIND=false

MPI detected: For OpenMP binding to work as intended, MPI ranks must be bound to exclusive CPU sets.

Kokkos::OpenMP::initialize WARNING: OMP_PROC_BIND environment variable not set
  In general, for best performance with OpenMP 4.0 or better set OMP_PROC_BIND=spread and OMP_PLACES=threads
  For best performance with OpenMP 3.1 set OMP_PROC_BIND=true
  For unit testing set OMP_PROC_BIND=false

MPI detected: For OpenMP binding to work as intended, MPI ranks must be bound to exclusive CPU sets.

Kokkos::OpenMP::initialize WARNING: OMP_PROC_BIND environment variable not set
  In general, for best performance with OpenMP 4.0 or better set OMP_PROC_BIND=spread and OMP_PLACES=threads
  For best performance with OpenMP 3.1 set OMP_PROC_BIND=true
  For unit testing set OMP_PROC_BIND=false

Kokkos::OpenMP::initialize WARNING: OMP_PROC_BIND environment variable not set
  In general, for best performance with OpenMP 4.0 or better set OMP_PROC_BIND=spread and OMP_PLACES=threads
  For best performance with OpenMP 3.1 set OMP_PROC_BIND=true
  For unit testing set OMP_PROC_BIND=false

MPI detected: For OpenMP binding to work as intended, MPI ranks must be bound to exclusive CPU sets.

Kokkos::OpenMP::initialize WARNING: OMP_PROC_BIND environment variable not set
  In general, for best performance with OpenMP 4.0 or better set OMP_PROC_BIND=spread and OMP_PLACES=threads
  For best performance with OpenMP 3.1 set OMP_PROC_BIND=true
  For unit testing set OMP_PROC_BIND=false

MPI detected: For OpenMP binding to work as intended, MPI ranks must be bound to exclusive CPU sets.

Kokkos::OpenMP::initialize WARNING: OMP_PROC_BIND environment variable not set
  In general, for best performance with OpenMP 4.0 or better set OMP_PROC_BIND=spread and OMP_PLACES=threads
  For best performance with OpenMP 3.1 set OMP_PROC_BIND=true
  For unit testing set OMP_PROC_BIND=false

MPI detected: For OpenMP binding to work as intended, MPI ranks must be bound to exclusive CPU sets.

Kokkos::OpenMP::initialize WARNING: OMP_PROC_BIND environment variable not set
  In general, for best performance with OpenMP 4.0 or better set OMP_PROC_BIND=spread and OMP_PLACES=threads
  For best performance with OpenMP 3.1 set OMP_PROC_BIND=true
  For unit testing set OMP_PROC_BIND=false

MPI detected: For OpenMP binding to work as intended, MPI ranks must be bound to exclusive CPU sets.


MPI detected: For OpenMP binding to work as intended, MPI ranks must be bound to exclusive CPU sets.

Kokkos::OpenMP::initialize WARNING: OMP_PROC_BIND environment variable not set
  In general, for best performance with OpenMP 4.0 or better set OMP_PROC_BIND=spread and OMP_PLACES=threads
  For best performance with OpenMP 3.1 set OMP_PROC_BIND=true
  For unit testing set OMP_PROC_BIND=false

MPI detected: For OpenMP binding to work as intended, MPI ranks must be bound to exclusive CPU sets.

Kokkos::OpenMP::initialize WARNING: OMP_PROC_BIND environment variable not set
  In general, for best performance with OpenMP 4.0 or better set OMP_PROC_BIND=spread and OMP_PLACES=threads
  For best performance with OpenMP 3.1 set OMP_PROC_BIND=true
  For unit testing set OMP_PROC_BIND=false

MPI detected: For OpenMP binding to work as intended, MPI ranks must be bound to exclusive CPU sets.

Kokkos::OpenMP::initialize WARNING: OMP_PROC_BIND environment variable not set
  In general, for best performance with OpenMP 4.0 or better set OMP_PROC_BIND=spread and OMP_PLACES=threads
  For best performance with OpenMP 3.1 set OMP_PROC_BIND=true
  For unit testing set OMP_PROC_BIND=false

MPI detected: For OpenMP binding to work as intended, MPI ranks must be bound to exclusive CPU sets.

Kokkos::OpenMP::initialize WARNING: OMP_PROC_BIND environment variable not set
  In general, for best performance with OpenMP 4.0 or better set OMP_PROC_BIND=spread and OMP_PLACES=threads
  For best performance with OpenMP 3.1 set OMP_PROC_BIND=true
  For unit testing set OMP_PROC_BIND=false

Kokkos::OpenMP::initialize WARNING: OMP_PROC_BIND environment variable not set
  In general, for best performance with OpenMP 4.0 or better set OMP_PROC_BIND=spread and OMP_PLACES=threads
  For best performance with OpenMP 3.1 set OMP_PROC_BIND=true
  For unit testing set OMP_PROC_BIND=false

MPI detected: For OpenMP binding to work as intended, MPI ranks must be bound to exclusive CPU sets.

Kokkos::OpenMP::initialize WARNING: OMP_PROC_BIND environment variable not set
  In general, for best performance with OpenMP 4.0 or better set OMP_PROC_BIND=spread and OMP_PLACES=threads
  For best performance with OpenMP 3.1 set OMP_PROC_BIND=true
  For unit testing set OMP_PROC_BIND=false

MPI detected: For OpenMP binding to work as intended, MPI ranks must be bound to exclusive CPU sets.

Kokkos::OpenMP::initialize WARNING: OMP_PROC_BIND environment variable not set
  In general, for best performance with OpenMP 4.0 or better set OMP_PROC_BIND=spread and OMP_PLACES=threads
  For best performance with OpenMP 3.1 set OMP_PROC_BIND=true
  For unit testing set OMP_PROC_BIND=false

Kokkos::OpenMP::initialize WARNING: OMP_PROC_BIND environment variable not set
  In general, for best performance with OpenMP 4.0 or better set OMP_PROC_BIND=spread and OMP_PLACES=threads
  For best performance with OpenMP 3.1 set OMP_PROC_BIND=true
  For unit testing set OMP_PROC_BIND=false

MPI detected: For OpenMP binding to work as intended, MPI ranks must be bound to exclusive CPU sets.

Kokkos::OpenMP::initialize WARNING: OMP_PROC_BIND environment variable not set
  In general, for best performance with OpenMP 4.0 or better set OMP_PROC_BIND=spread and OMP_PLACES=threads
  For best performance with OpenMP 3.1 set OMP_PROC_BIND=true
  For unit testing set OMP_PROC_BIND=false
Kokkos::OpenMP::initialize WARNING: OMP_PROC_BIND environment variable not set
  In general, for best performance with OpenMP 4.0 or better set OMP_PROC_BIND=spread and OMP_PLACES=threads
  For best performance with OpenMP 3.1 set OMP_PROC_BIND=true
  For unit testing set OMP_PROC_BIND=false

MPI detected: For OpenMP binding to work as intended, MPI ranks must be bound to exclusive CPU sets.

Kokkos::OpenMP::initialize WARNING: OMP_PROC_BIND environment variable not set
  In general, for best performance with OpenMP 4.0 or better set OMP_PROC_BIND=spread and OMP_PLACES=threads
  For best performance with OpenMP 3.1 set OMP_PROC_BIND=true
  For unit testing set OMP_PROC_BIND=false

MPI detected: For OpenMP binding to work as intended, MPI ranks must be bound to exclusive CPU sets.

Kokkos::OpenMP::initialize WARNING: OMP_PROC_BIND environment variable not set
  In general, for best performance with OpenMP 4.0 or better set OMP_PROC_BIND=spread and OMP_PLACES=threads
  For best performance with OpenMP 3.1 set OMP_PROC_BIND=true
  For unit testing set OMP_PROC_BIND=false

MPI detected: For OpenMP binding to work as intended, MPI ranks must be bound to exclusive CPU sets.

Kokkos::OpenMP::initialize WARNING: OMP_PROC_BIND environment variable not set
  In general, for best performance with OpenMP 4.0 or better set OMP_PROC_BIND=spread and OMP_PLACES=threads
  For best performance with OpenMP 3.1 set OMP_PROC_BIND=true
  For unit testing set OMP_PROC_BIND=false

MPI detected: For OpenMP binding to work as intended, MPI ranks must be bound to exclusive CPU sets.

MPI detected: For OpenMP binding to work as intended, MPI ranks must be bound to exclusive CPU sets.

MPI detected: For OpenMP binding to work as intended, MPI ranks must be bound to exclusive CPU sets.

MPI detected: For OpenMP binding to work as intended, MPI ranks must be bound to exclusive CPU sets.

Kokkos::OpenMP::initialize WARNING: OMP_PROC_BIND environment variable not set
  In general, for best performance with OpenMP 4.0 or better set OMP_PROC_BIND=spread and OMP_PLACES=threads
  For best performance with OpenMP 3.1 set OMP_PROC_BIND=true
  For unit testing set OMP_PROC_BIND=false

Kokkos::OpenMP::initialize WARNING: OMP_PROC_BIND environment variable not set
  In general, for best performance with OpenMP 4.0 or better set OMP_PROC_BIND=spread and OMP_PLACES=threads
  For best performance with OpenMP 3.1 set OMP_PROC_BIND=true
  For unit testing set OMP_PROC_BIND=false

MPI detected: For OpenMP binding to work as intended, MPI ranks must be bound to exclusive CPU sets.

Kokkos::OpenMP::initialize WARNING: OMP_PROC_BIND environment variable not set
  In general, for best performance with OpenMP 4.0 or better set OMP_PROC_BIND=spread and OMP_PLACES=threads
  For best performance with OpenMP 3.1 set OMP_PROC_BIND=true
  For unit testing set OMP_PROC_BIND=false

MPI detected: For OpenMP binding to work as intended, MPI ranks must be bound to exclusive CPU sets.

Kokkos::OpenMP::initialize WARNING: OMP_PROC_BIND environment variable not set
  In general, for best performance with OpenMP 4.0 or better set OMP_PROC_BIND=spread and OMP_PLACES=threads
  For best performance with OpenMP 3.1 set OMP_PROC_BIND=true
  For unit testing set OMP_PROC_BIND=false

Kokkos::OpenMP::initialize WARNING: OMP_PROC_BIND environment variable not set
  In general, for best performance with OpenMP 4.0 or better set OMP_PROC_BIND=spread and OMP_PLACES=threads
  For best performance with OpenMP 3.1 set OMP_PROC_BIND=true
  For unit testing set OMP_PROC_BIND=false

MPI detected: For OpenMP binding to work as intended, MPI ranks must be bound to exclusive CPU sets.

Kokkos::OpenMP::initialize WARNING: OMP_PROC_BIND environment variable not set
  In general, for best performance with OpenMP 4.0 or better set OMP_PROC_BIND=spread and OMP_PLACES=threads
  For best performance with OpenMP 3.1 set OMP_PROC_BIND=true
  For unit testing set OMP_PROC_BIND=false

MPI detected: For OpenMP binding to work as intended, MPI ranks must be bound to exclusive CPU sets.

MPI detected: For OpenMP binding to work as intended, MPI ranks must be bound to exclusive CPU sets.

Kokkos::OpenMP::initialize WARNING: OMP_PROC_BIND environment variable not set
  In general, for best performance with OpenMP 4.0 or better set OMP_PROC_BIND=spread and OMP_PLACES=threads
  For best performance with OpenMP 3.1 set OMP_PROC_BIND=true
  For unit testing set OMP_PROC_BIND=false

MPI detected: For OpenMP binding to work as intended, MPI ranks must be bound to exclusive CPU sets.

Kokkos::OpenMP::initialize WARNING: OMP_PROC_BIND environment variable not set
  In general, for best performance with OpenMP 4.0 or better set OMP_PROC_BIND=spread and OMP_PLACES=threads
  For best performance with OpenMP 3.1 set OMP_PROC_BIND=true
  For unit testing set OMP_PROC_BIND=false

MPI detected: For OpenMP binding to work as intended, MPI ranks must be bound to exclusive CPU sets.

MPI detected: For OpenMP binding to work as intended, MPI ranks must be bound to exclusive CPU sets.

Kokkos::OpenMP::initialize WARNING: OMP_PROC_BIND environment variable not set
  In general, for best performance with OpenMP 4.0 or better set OMP_PROC_BIND=spread and OMP_PLACES=threads
  For best performance with OpenMP 3.1 set OMP_PROC_BIND=true
  For unit testing set OMP_PROC_BIND=false

MPI detected: For OpenMP binding to work as intended, MPI ranks must be bound to exclusive CPU sets.

Kokkos::OpenMP::initialize WARNING: OMP_PROC_BIND environment variable not set
  In general, for best performance with OpenMP 4.0 or better set OMP_PROC_BIND=spread and OMP_PLACES=threads
  For best performance with OpenMP 3.1 set OMP_PROC_BIND=true
  For unit testing set OMP_PROC_BIND=false

MPI detected: For OpenMP binding to work as intended, MPI ranks must be bound to exclusive CPU sets.

Kokkos::OpenMP::initialize WARNING: OMP_PROC_BIND environment variable not set
  In general, for best performance with OpenMP 4.0 or better set OMP_PROC_BIND=spread and OMP_PLACES=threads
  For best performance with OpenMP 3.1 set OMP_PROC_BIND=true
  For unit testing set OMP_PROC_BIND=false
Kokkos::OpenMP::initialize WARNING: OMP_PROC_BIND environment variable not set
  In general, for best performance with OpenMP 4.0 or better set OMP_PROC_BIND=spread and OMP_PLACES=threads
  For best performance with OpenMP 3.1 set OMP_PROC_BIND=true
  For unit testing set OMP_PROC_BIND=false

MPI detected: For OpenMP binding to work as intended, MPI ranks must be bound to exclusive CPU sets.

Kokkos::OpenMP::initialize WARNING: OMP_PROC_BIND environment variable not set
  In general, for best performance with OpenMP 4.0 or better set OMP_PROC_BIND=spread and OMP_PLACES=threads
  For best performance with OpenMP 3.1 set OMP_PROC_BIND=true
  For unit testing set OMP_PROC_BIND=false
MPI detected: For OpenMP binding to work as intended, MPI ranks must be bound to exclusive CPU sets.

Kokkos::OpenMP::initialize WARNING: OMP_PROC_BIND environment variable not set
  In general, for best performance with OpenMP 4.0 or better set OMP_PROC_BIND=spread and OMP_PLACES=threads
  For best performance with OpenMP 3.1 set OMP_PROC_BIND=true
  For unit testing set OMP_PROC_BIND=false

MPI detected: For OpenMP binding to work as intended, MPI ranks must be bound to exclusive CPU sets.

Kokkos::OpenMP::initialize WARNING: OMP_PROC_BIND environment variable not set
  In general, for best performance with OpenMP 4.0 or better set OMP_PROC_BIND=spread and OMP_PLACES=threads
  For best performance with OpenMP 3.1 set OMP_PROC_BIND=true
  For unit testing set OMP_PROC_BIND=false

MPI detected: For OpenMP binding to work as intended, MPI ranks must be bound to exclusive CPU sets.

MPI detected: For OpenMP binding to work as intended, MPI ranks must be bound to exclusive CPU sets.

Kokkos::OpenMP::initialize WARNING: OMP_PROC_BIND environment variable not set
  In general, for best performance with OpenMP 4.0 or better set OMP_PROC_BIND=spread and OMP_PLACES=threads
  For best performance with OpenMP 3.1 set OMP_PROC_BIND=true
  For unit testing set OMP_PROC_BIND=false

MPI detected: For OpenMP binding to work as intended, MPI ranks must be bound to exclusive CPU sets.

Kokkos::OpenMP::initialize WARNING: OMP_PROC_BIND environment variable not set
  In general, for best performance with OpenMP 4.0 or better set OMP_PROC_BIND=spread and OMP_PLACES=threads
  For best performance with OpenMP 3.1 set OMP_PROC_BIND=true
  For unit testing set OMP_PROC_BIND=false

Kokkos::OpenMP::initialize WARNING: OMP_PROC_BIND environment variable not set
  In general, for best performance with OpenMP 4.0 or better set OMP_PROC_BIND=spread and OMP_PLACES=threads
  For best performance with OpenMP 3.1 set OMP_PROC_BIND=true
  For unit testing set OMP_PROC_BIND=false

MPI detected: For OpenMP binding to work as intended, MPI ranks must be bound to exclusive CPU sets.

Kokkos::OpenMP::initialize WARNING: OMP_PROC_BIND environment variable not set
  In general, for best performance with OpenMP 4.0 or better set OMP_PROC_BIND=spread and OMP_PLACES=threads
  For best performance with OpenMP 3.1 set OMP_PROC_BIND=true
  For unit testing set OMP_PROC_BIND=false

MPI detected: For OpenMP binding to work as intended, MPI ranks must be bound to exclusive CPU sets.


Kokkos::OpenMP::initialize WARNING: OMP_PROC_BIND environment variable not set
  In general, for best performance with OpenMP 4.0 or better set OMP_PROC_BIND=spread and OMP_PLACES=threads
  For best performance with OpenMP 3.1 set OMP_PROC_BIND=true
  For unit testing set OMP_PROC_BIND=false

MPI detected: For OpenMP binding to work as intended, MPI ranks must be bound to exclusive CPU sets.

Kokkos::OpenMP::initialize WARNING: OMP_PROC_BIND environment variable not set
  In general, for best performance with OpenMP 4.0 or better set OMP_PROC_BIND=spread and OMP_PLACES=threads
  For best performance with OpenMP 3.1 set OMP_PROC_BIND=true
  For unit testing set OMP_PROC_BIND=false

Kokkos::OpenMP::initialize WARNING: OMP_PROC_BIND environment variable not set
  In general, for best performance with OpenMP 4.0 or better set OMP_PROC_BIND=spread and OMP_PLACES=threads
  For best performance with OpenMP 3.1 set OMP_PROC_BIND=true
  For unit testing set OMP_PROC_BIND=false

MPI detected: For OpenMP binding to work as intended, MPI ranks must be bound to exclusive CPU sets.

Kokkos::OpenMP::initialize WARNING: OMP_PROC_BIND environment variable not set
  In general, for best performance with OpenMP 4.0 or better set OMP_PROC_BIND=spread and OMP_PLACES=threads
  For best performance with OpenMP 3.1 set OMP_PROC_BIND=true
  For unit testing set OMP_PROC_BIND=false

MPI detected: For OpenMP binding to work as intended, MPI ranks must be bound to exclusive CPU sets.

Kokkos::OpenMP::initialize WARNING: OMP_PROC_BIND environment variable not set
  In general, for best performance with OpenMP 4.0 or better set OMP_PROC_BIND=spread and OMP_PLACES=threads
  For best performance with OpenMP 3.1 set OMP_PROC_BIND=true
  For unit testing set OMP_PROC_BIND=false

MPI detected: For OpenMP binding to work as intended, MPI ranks must be bound to exclusive CPU sets.

MPI detected: For OpenMP binding to work as intended, MPI ranks must be bound to exclusive CPU sets.

Kokkos::OpenMP::initialize WARNING: OMP_PROC_BIND environment variable not set
  In general, for best performance with OpenMP 4.0 or better set OMP_PROC_BIND=spread and OMP_PLACES=threads
  For best performance with OpenMP 3.1 set OMP_PROC_BIND=true
  For unit testing set OMP_PROC_BIND=false

MPI detected: For OpenMP binding to work as intended, MPI ranks must be bound to exclusive CPU sets.

Kokkos::OpenMP::initialize WARNING: OMP_PROC_BIND environment variable not set
  In general, for best performance with OpenMP 4.0 or better set OMP_PROC_BIND=spread and OMP_PLACES=threads
  For best performance with OpenMP 3.1 set OMP_PROC_BIND=true
  For unit testing set OMP_PROC_BIND=false

MPI detected: For OpenMP binding to work as intended, MPI ranks must be bound to exclusive CPU sets.

MPI detected: For OpenMP binding to work as intended, MPI ranks must be bound to exclusive CPU sets.

Kokkos::OpenMP::initialize WARNING: OMP_PROC_BIND environment variable not set
  In general, for best performance with OpenMP 4.0 or better set OMP_PROC_BIND=spread and OMP_PLACES=threads
  For best performance with OpenMP 3.1 set OMP_PROC_BIND=true
  For unit testing set OMP_PROC_BIND=false

MPI detected: For OpenMP binding to work as intended, MPI ranks must be bound to exclusive CPU sets.

Kokkos::OpenMP::initialize WARNING: OMP_PROC_BIND environment variable not set
  In general, for best performance with OpenMP 4.0 or better set OMP_PROC_BIND=spread and OMP_PLACES=threads
  For best performance with OpenMP 3.1 set OMP_PROC_BIND=true
  For unit testing set OMP_PROC_BIND=false

MPI detected: For OpenMP binding to work as intended, MPI ranks must be bound to exclusive CPU sets.

Kokkos::OpenMP::initialize WARNING: OMP_PROC_BIND environment variable not set
  In general, for best performance with OpenMP 4.0 or better set OMP_PROC_BIND=spread and OMP_PLACES=threads
  For best performance with OpenMP 3.1 set OMP_PROC_BIND=true
  For unit testing set OMP_PROC_BIND=false

MPI detected: For OpenMP binding to work as intended, MPI ranks must be bound to exclusive CPU sets.

Kokkos::OpenMP::initialize WARNING: OMP_PROC_BIND environment variable not set
  In general, for best performance with OpenMP 4.0 or better set OMP_PROC_BIND=spread and OMP_PLACES=threads
  For best performance with OpenMP 3.1 set OMP_PROC_BIND=true
  For unit testing set OMP_PROC_BIND=false
Kokkos::OpenMP::initialize WARNING: OMP_PROC_BIND environment variable not set
  In general, for best performance with OpenMP 4.0 or better set OMP_PROC_BIND=spread and OMP_PLACES=threads
  For best performance with OpenMP 3.1 set OMP_PROC_BIND=true
  For unit testing set OMP_PROC_BIND=false

MPI detected: For OpenMP binding to work as intended, MPI ranks must be bound to exclusive CPU sets.

Kokkos::OpenMP::initialize WARNING: OMP_PROC_BIND environment variable not set
  In general, for best performance with OpenMP 4.0 or better set OMP_PROC_BIND=spread and OMP_PLACES=threads
  For best performance with OpenMP 3.1 set OMP_PROC_BIND=true
  For unit testing set OMP_PROC_BIND=false

MPI detected: For OpenMP binding to work as intended, MPI ranks must be bound to exclusive CPU sets.


MPI detected: For OpenMP binding to work as intended, MPI ranks must be bound to exclusive CPU sets.

Kokkos::OpenMP::initialize WARNING: OMP_PROC_BIND environment variable not set
  In general, for best performance with OpenMP 4.0 or better set OMP_PROC_BIND=spread and OMP_PLACES=threads
  For best performance with OpenMP 3.1 set OMP_PROC_BIND=true
  For unit testing set OMP_PROC_BIND=false

MPI detected: For OpenMP binding to work as intended, MPI ranks must be bound to exclusive CPU sets.


MPI detected: For OpenMP binding to work as intended, MPI ranks must be bound to exclusive CPU sets.
Kokkos::OpenMP::initialize WARNING: OMP_PROC_BIND environment variable not set
  In general, for best performance with OpenMP 4.0 or better set OMP_PROC_BIND=spread and OMP_PLACES=threads
  For best performance with OpenMP 3.1 set OMP_PROC_BIND=true
  For unit testing set OMP_PROC_BIND=false

Kokkos::OpenMP::initialize WARNING: OMP_PROC_BIND environment variable not set
  In general, for best performance with OpenMP 4.0 or better set OMP_PROC_BIND=spread and OMP_PLACES=threads
  For best performance with OpenMP 3.1 set OMP_PROC_BIND=true
  For unit testing set OMP_PROC_BIND=false

MPI detected: For OpenMP binding to work as intended, MPI ranks must be bound to exclusive CPU sets.

Kokkos::OpenMP::initialize WARNING: OMP_PROC_BIND environment variable not set
  In general, for best performance with OpenMP 4.0 or better set OMP_PROC_BIND=spread and OMP_PLACES=threads
  For best performance with OpenMP 3.1 set OMP_PROC_BIND=true
  For unit testing set OMP_PROC_BIND=false

MPI detected: For OpenMP binding to work as intended, MPI ranks must be bound to exclusive CPU sets.

Kokkos::OpenMP::initialize WARNING: OMP_PROC_BIND environment variable not set
  In general, for best performance with OpenMP 4.0 or better set OMP_PROC_BIND=spread and OMP_PLACES=threads
  For best performance with OpenMP 3.1 set OMP_PROC_BIND=true
  For unit testing set OMP_PROC_BIND=false

MPI detected: For OpenMP binding to work as intended, MPI ranks must be bound to exclusive CPU sets.

Kokkos::OpenMP::initialize WARNING: OMP_PROC_BIND environment variable not set
  In general, for best performance with OpenMP 4.0 or better set OMP_PROC_BIND=spread and OMP_PLACES=threads
  For best performance with OpenMP 3.1 set OMP_PROC_BIND=true
  For unit testing set OMP_PROC_BIND=false

MPI detected: For OpenMP binding to work as intended, MPI ranks must be bound to exclusive CPU sets.

MPI detected: For OpenMP binding to work as intended, MPI ranks must be bound to exclusive CPU sets.

MPI detected: For OpenMP binding to work as intended, MPI ranks must be bound to exclusive CPU sets.

Kokkos::OpenMP::initialize WARNING: OMP_PROC_BIND environment variable not set
  In general, for best performance with OpenMP 4.0 or better set OMP_PROC_BIND=spread and OMP_PLACES=threads
  For best performance with OpenMP 3.1 set OMP_PROC_BIND=true
  For unit testing set OMP_PROC_BIND=false

MPI detected: For OpenMP binding to work as intended, MPI ranks must be bound to exclusive CPU sets.

Kokkos::OpenMP::initialize WARNING: OMP_PROC_BIND environment variable not set
  In general, for best performance with OpenMP 4.0 or better set OMP_PROC_BIND=spread and OMP_PLACES=threads
  For best performance with OpenMP 3.1 set OMP_PROC_BIND=true
  For unit testing set OMP_PROC_BIND=false

MPI detected: For OpenMP binding to work as intended, MPI ranks must be bound to exclusive CPU sets.

Kokkos::OpenMP::initialize WARNING: OMP_PROC_BIND environment variable not set
  In general, for best performance with OpenMP 4.0 or better set OMP_PROC_BIND=spread and OMP_PLACES=threads
  For best performance with OpenMP 3.1 set OMP_PROC_BIND=true
  For unit testing set OMP_PROC_BIND=false

MPI detected: For OpenMP binding to work as intended, MPI ranks must be bound to exclusive CPU sets.

MPI detected: For OpenMP binding to work as intended, MPI ranks must be bound to exclusive CPU sets.

Kokkos::OpenMP::initialize WARNING: OMP_PROC_BIND environment variable not set
  In general, for best performance with OpenMP 4.0 or better set OMP_PROC_BIND=spread and OMP_PLACES=threads
  For best performance with OpenMP 3.1 set OMP_PROC_BIND=true
  For unit testing set OMP_PROC_BIND=false

MPI detected: For OpenMP binding to work as intended, MPI ranks must be bound to exclusive CPU sets.

Kokkos::OpenMP::initialize WARNING: OMP_PROC_BIND environment variable not set
  In general, for best performance with OpenMP 4.0 or better set OMP_PROC_BIND=spread and OMP_PLACES=threads
  For best performance with OpenMP 3.1 set OMP_PROC_BIND=true
  For unit testing set OMP_PROC_BIND=false

MPI detected: For OpenMP binding to work as intended, MPI ranks must be bound to exclusive CPU sets.

Kokkos::OpenMP::initialize WARNING: OMP_PROC_BIND environment variable not set
  In general, for best performance with OpenMP 4.0 or better set OMP_PROC_BIND=spread and OMP_PLACES=threads
  For best performance with OpenMP 3.1 set OMP_PROC_BIND=true
  For unit testing set OMP_PROC_BIND=false

MPI detected: For OpenMP binding to work as intended, MPI ranks must be bound to exclusive CPU sets.

Kokkos::OpenMP::initialize WARNING: OMP_PROC_BIND environment variable not set
  In general, for best performance with OpenMP 4.0 or better set OMP_PROC_BIND=spread and OMP_PLACES=threads
  For best performance with OpenMP 3.1 set OMP_PROC_BIND=true
  For unit testing set OMP_PROC_BIND=false

MPI detected: For OpenMP binding to work as intended, MPI ranks must be bound to exclusive CPU sets.

Kokkos::OpenMP::initialize WARNING: OMP_PROC_BIND environment variable not set
  In general, for best performance with OpenMP 4.0 or better set OMP_PROC_BIND=spread and OMP_PLACES=threads
  For best performance with OpenMP 3.1 set OMP_PROC_BIND=true
  For unit testing set OMP_PROC_BIND=false

Kokkos::OpenMP::initialize WARNING: OMP_PROC_BIND environment variable not set
  In general, for best performance with OpenMP 4.0 or better set OMP_PROC_BIND=spread and OMP_PLACES=threads
  For best performance with OpenMP 3.1 set OMP_PROC_BIND=true
  For unit testing set OMP_PROC_BIND=false

MPI detected: For OpenMP binding to work as intended, MPI ranks must be bound to exclusive CPU sets.

Kokkos::OpenMP::initialize WARNING: OMP_PROC_BIND environment variable not set
  In general, for best performance with OpenMP 4.0 or better set OMP_PROC_BIND=spread and OMP_PLACES=threads
  For best performance with OpenMP 3.1 set OMP_PROC_BIND=true
  For unit testing set OMP_PROC_BIND=false

MPI detected: For OpenMP binding to work as intended, MPI ranks must be bound to exclusive CPU sets.

Kokkos::OpenMP::initialize WARNING: OMP_PROC_BIND environment variable not set
  In general, for best performance with OpenMP 4.0 or better set OMP_PROC_BIND=spread and OMP_PLACES=threads
  For best performance with OpenMP 3.1 set OMP_PROC_BIND=true
  For unit testing set OMP_PROC_BIND=false

MPI detected: For OpenMP binding to work as intended, MPI ranks must be bound to exclusive CPU sets.

Kokkos::OpenMP::initialize WARNING: OMP_PROC_BIND environment variable not set
  In general, for best performance with OpenMP 4.0 or better set OMP_PROC_BIND=spread and OMP_PLACES=threads
  For best performance with OpenMP 3.1 set OMP_PROC_BIND=true
  For unit testing set OMP_PROC_BIND=false

Kokkos::OpenMP::initialize WARNING: OMP_PROC_BIND environment variable not set
  In general, for best performance with OpenMP 4.0 or better set OMP_PROC_BIND=spread and OMP_PLACES=threads
  For best performance with OpenMP 3.1 set OMP_PROC_BIND=true
  For unit testing set OMP_PROC_BIND=false

MPI detected: For OpenMP binding to work as intended, MPI ranks must be bound to exclusive CPU sets.

Kokkos::OpenMP::initialize WARNING: OMP_PROC_BIND environment variable not set
  In general, for best performance with OpenMP 4.0 or better set OMP_PROC_BIND=spread and OMP_PLACES=threads
  For best performance with OpenMP 3.1 set OMP_PROC_BIND=true
  For unit testing set OMP_PROC_BIND=false

MPI detected: For OpenMP binding to work as intended, MPI ranks must be bound to exclusive CPU sets.


MPI detected: For OpenMP binding to work as intended, MPI ranks must be bound to exclusive CPU sets.

Kokkos::OpenMP::initialize WARNING: OMP_PROC_BIND environment variable not set
  In general, for best performance with OpenMP 4.0 or better set OMP_PROC_BIND=spread and OMP_PLACES=threads
  For best performance with OpenMP 3.1 set OMP_PROC_BIND=true
  For unit testing set OMP_PROC_BIND=false

MPI detected: For OpenMP binding to work as intended, MPI ranks must be bound to exclusive CPU sets.

Kokkos::OpenMP::initialize WARNING: OMP_PROC_BIND environment variable not set
  In general, for best performance with OpenMP 4.0 or better set OMP_PROC_BIND=spread and OMP_PLACES=threads
  For best performance with OpenMP 3.1 set OMP_PROC_BIND=true
  For unit testing set OMP_PROC_BIND=false

MPI detected: For OpenMP binding to work as intended, MPI ranks must be bound to exclusive CPU sets.

Kokkos::OpenMP::initialize WARNING: OMP_PROC_BIND environment variable not set
  In general, for best performance with OpenMP 4.0 or better set OMP_PROC_BIND=spread and OMP_PLACES=threads
  For best performance with OpenMP 3.1 set OMP_PROC_BIND=true
  For unit testing set OMP_PROC_BIND=false

MPI detected: For OpenMP binding to work as intended, MPI ranks must be bound to exclusive CPU sets.


MPI detected: For OpenMP binding to work as intended, MPI ranks must be bound to exclusive CPU sets.

Kokkos::OpenMP::initialize WARNING: OMP_PROC_BIND environment variable not set
  In general, for best performance with OpenMP 4.0 or better set OMP_PROC_BIND=spread and OMP_PLACES=threads
  For best performance with OpenMP 3.1 set OMP_PROC_BIND=true
  For unit testing set OMP_PROC_BIND=false

MPI detected: For OpenMP binding to work as intended, MPI ranks must be bound to exclusive CPU sets.
Kokkos::OpenMP::initialize WARNING: OMP_PROC_BIND environment variable not set
  In general, for best performance with OpenMP 4.0 or better set OMP_PROC_BIND=spread and OMP_PLACES=threads
  For best performance with OpenMP 3.1 set OMP_PROC_BIND=true
  For unit testing set OMP_PROC_BIND=false

MPI detected: For OpenMP binding to work as intended, MPI ranks must be bound to exclusive CPU sets.

Kokkos::OpenMP::initialize WARNING: OMP_PROC_BIND environment variable not set
  In general, for best performance with OpenMP 4.0 or better set OMP_PROC_BIND=spread and OMP_PLACES=threads
  For best performance with OpenMP 3.1 set OMP_PROC_BIND=true
  For unit testing set OMP_PROC_BIND=false

MPI detected: For OpenMP binding to work as intended, MPI ranks must be bound to exclusive CPU sets.

Kokkos::OpenMP::initialize WARNING: OMP_PROC_BIND environment variable not set
  In general, for best performance with OpenMP 4.0 or better set OMP_PROC_BIND=spread and OMP_PLACES=threads
  For best performance with OpenMP 3.1 set OMP_PROC_BIND=true
  For unit testing set OMP_PROC_BIND=false

MPI detected: For OpenMP binding to work as intended, MPI ranks must be bound to exclusive CPU sets.

Kokkos::OpenMP::initialize WARNING: OMP_PROC_BIND environment variable not set
  In general, for best performance with OpenMP 4.0 or better set OMP_PROC_BIND=spread and OMP_PLACES=threads
  For best performance with OpenMP 3.1 set OMP_PROC_BIND=true
  For unit testing set OMP_PROC_BIND=false

MPI detected: For OpenMP binding to work as intended, MPI ranks must be bound to exclusive CPU sets.

Kokkos::OpenMP::initialize WARNING: OMP_PROC_BIND environment variable not set
  In general, for best performance with OpenMP 4.0 or better set OMP_PROC_BIND=spread and OMP_PLACES=threads
  For best performance with OpenMP 3.1 set OMP_PROC_BIND=true
  For unit testing set OMP_PROC_BIND=false

MPI detected: For OpenMP binding to work as intended, MPI ranks must be bound to exclusive CPU sets.

Kokkos::OpenMP::initialize WARNING: OMP_PROC_BIND environment variable not set
  In general, for best performance with OpenMP 4.0 or better set OMP_PROC_BIND=spread and OMP_PLACES=threads
  For best performance with OpenMP 3.1 set OMP_PROC_BIND=true
  For unit testing set OMP_PROC_BIND=false

MPI detected: For OpenMP binding to work as intended, MPI ranks must be bound to exclusive CPU sets.

Kokkos::OpenMP::initialize WARNING: OMP_PROC_BIND environment variable not set
  In general, for best performance with OpenMP 4.0 or better set OMP_PROC_BIND=spread and OMP_PLACES=threads
  For best performance with OpenMP 3.1 set OMP_PROC_BIND=true
  For unit testing set OMP_PROC_BIND=false

MPI detected: For OpenMP binding to work as intended, MPI ranks must be bound to exclusive CPU sets.

Kokkos::OpenMP::initialize WARNING: OMP_PROC_BIND environment variable not set
  In general, for best performance with OpenMP 4.0 or better set OMP_PROC_BIND=spread and OMP_PLACES=threads
  For best performance with OpenMP 3.1 set OMP_PROC_BIND=true
  For unit testing set OMP_PROC_BIND=false
MPI detected: For OpenMP binding to work as intended, MPI ranks must be bound to exclusive CPU sets.

Kokkos::OpenMP::initialize WARNING: OMP_PROC_BIND environment variable not set
  In general, for best performance with OpenMP 4.0 or better set OMP_PROC_BIND=spread and OMP_PLACES=threads
  For best performance with OpenMP 3.1 set OMP_PROC_BIND=true
  For unit testing set OMP_PROC_BIND=false

MPI detected: For OpenMP binding to work as intended, MPI ranks must be bound to exclusive CPU sets.

Kokkos::OpenMP::initialize WARNING: OMP_PROC_BIND environment variable not set
  In general, for best performance with OpenMP 4.0 or better set OMP_PROC_BIND=spread and OMP_PLACES=threads
  For best performance with OpenMP 3.1 set OMP_PROC_BIND=true
  For unit testing set OMP_PROC_BIND=false

MPI detected: For OpenMP binding to work as intended, MPI ranks must be bound to exclusive CPU sets.

Kokkos::OpenMP::initialize WARNING: OMP_PROC_BIND environment variable not set
  In general, for best performance with OpenMP 4.0 or better set OMP_PROC_BIND=spread and OMP_PLACES=threads
  For best performance with OpenMP 3.1 set OMP_PROC_BIND=true
  For unit testing set OMP_PROC_BIND=false
MPI detected: For OpenMP binding to work as intended, MPI ranks must be bound to exclusive CPU sets.

Kokkos::OpenMP::initialize WARNING: OMP_PROC_BIND environment variable not set
  In general, for best performance with OpenMP 4.0 or better set OMP_PROC_BIND=spread and OMP_PLACES=threads
  For best performance with OpenMP 3.1 set OMP_PROC_BIND=true
  For unit testing set OMP_PROC_BIND=false

MPI detected: For OpenMP binding to work as intended, MPI ranks must be bound to exclusive CPU sets.

Kokkos::OpenMP::initialize WARNING: OMP_PROC_BIND environment variable not set
  In general, for best performance with OpenMP 4.0 or better set OMP_PROC_BIND=spread and OMP_PLACES=threads
  For best performance with OpenMP 3.1 set OMP_PROC_BIND=true
  For unit testing set OMP_PROC_BIND=false

MPI detected: For OpenMP binding to work as intended, MPI ranks must be bound to exclusive CPU sets.

Kokkos::OpenMP::initialize WARNING: OMP_PROC_BIND environment variable not set
  In general, for best performance with OpenMP 4.0 or better set OMP_PROC_BIND=spread and OMP_PLACES=threads
  For best performance with OpenMP 3.1 set OMP_PROC_BIND=true
  For unit testing set OMP_PROC_BIND=false

MPI detected: For OpenMP binding to work as intended, MPI ranks must be bound to exclusive CPU sets.

Kokkos::OpenMP::initialize WARNING: OMP_PROC_BIND environment variable not set
  In general, for best performance with OpenMP 4.0 or better set OMP_PROC_BIND=spread and OMP_PLACES=threads
  For best performance with OpenMP 3.1 set OMP_PROC_BIND=true
  For unit testing set OMP_PROC_BIND=false

MPI detected: For OpenMP binding to work as intended, MPI ranks must be bound to exclusive CPU sets.

Kokkos::OpenMP::initialize WARNING: OMP_PROC_BIND environment variable not set
  In general, for best performance with OpenMP 4.0 or better set OMP_PROC_BIND=spread and OMP_PLACES=threads
  For best performance with OpenMP 3.1 set OMP_PROC_BIND=true
  For unit testing set OMP_PROC_BIND=false

MPI detected: For OpenMP binding to work as intended, MPI ranks must be bound to exclusive CPU sets.

Kokkos::OpenMP::initialize WARNING: OMP_PROC_BIND environment variable not set
  In general, for best performance with OpenMP 4.0 or better set OMP_PROC_BIND=spread and OMP_PLACES=threads
  For best performance with OpenMP 3.1 set OMP_PROC_BIND=true
  For unit testing set OMP_PROC_BIND=false

MPI detected: For OpenMP binding to work as intended, MPI ranks must be bound to exclusive CPU sets.

Kokkos::OpenMP::initialize WARNING: OMP_PROC_BIND environment variable not set
  In general, for best performance with OpenMP 4.0 or better set OMP_PROC_BIND=spread and OMP_PLACES=threads
  For best performance with OpenMP 3.1 set OMP_PROC_BIND=true
  For unit testing set OMP_PROC_BIND=false

MPI detected: For OpenMP binding to work as intended, MPI ranks must be bound to exclusive CPU sets.


Kokkos::OpenMP::initialize WARNING: OMP_PROC_BIND environment variable not set
  In general, for best performance with OpenMP 4.0 or better set OMP_PROC_BIND=spread and OMP_PLACES=threads
  For best performance with OpenMP 3.1 set OMP_PROC_BIND=true
  For unit testing set OMP_PROC_BIND=false

MPI detected: For OpenMP binding to work as intended, MPI ranks must be bound to exclusive CPU sets.

Kokkos::OpenMP::initialize WARNING: OMP_PROC_BIND environment variable not set
  In general, for best performance with OpenMP 4.0 or better set OMP_PROC_BIND=spread and OMP_PLACES=threads
  For best performance with OpenMP 3.1 set OMP_PROC_BIND=true
  For unit testing set OMP_PROC_BIND=false

MPI detected: For OpenMP binding to work as intended, MPI ranks must be bound to exclusive CPU sets.

MPI detected: For OpenMP binding to work as intended, MPI ranks must be bound to exclusive CPU sets.

Kokkos::OpenMP::initialize WARNING: OMP_PROC_BIND environment variable not set
  In general, for best performance with OpenMP 4.0 or better set OMP_PROC_BIND=spread and OMP_PLACES=threads
  For best performance with OpenMP 3.1 set OMP_PROC_BIND=true
  For unit testing set OMP_PROC_BIND=false

MPI detected: For OpenMP binding to work as intended, MPI ranks must be bound to exclusive CPU sets.

Kokkos::OpenMP::initialize WARNING: OMP_PROC_BIND environment variable not set
  In general, for best performance with OpenMP 4.0 or better set OMP_PROC_BIND=spread and OMP_PLACES=threads
  For best performance with OpenMP 3.1 set OMP_PROC_BIND=true
  For unit testing set OMP_PROC_BIND=false

MPI detected: For OpenMP binding to work as intended, MPI ranks must be bound to exclusive CPU sets.

Kokkos::OpenMP::initialize WARNING: OMP_PROC_BIND environment variable not set
  In general, for best performance with OpenMP 4.0 or better set OMP_PROC_BIND=spread and OMP_PLACES=threads
  For best performance with OpenMP 3.1 set OMP_PROC_BIND=true
  For unit testing set OMP_PROC_BIND=false

MPI detected: For OpenMP binding to work as intended, MPI ranks must be bound to exclusive CPU sets.


MPI detected: For OpenMP binding to work as intended, MPI ranks must be bound to exclusive CPU sets.

Kokkos::OpenMP::initialize WARNING: OMP_PROC_BIND environment variable not set
  In general, for best performance with OpenMP 4.0 or better set OMP_PROC_BIND=spread and OMP_PLACES=threads
  For best performance with OpenMP 3.1 set OMP_PROC_BIND=true
  For unit testing set OMP_PROC_BIND=false

MPI detected: For OpenMP binding to work as intended, MPI ranks must be bound to exclusive CPU sets.

Kokkos::OpenMP::initialize WARNING: OMP_PROC_BIND environment variable not set
  In general, for best performance with OpenMP 4.0 or better set OMP_PROC_BIND=spread and OMP_PLACES=threads
  For best performance with OpenMP 3.1 set OMP_PROC_BIND=true
  For unit testing set OMP_PROC_BIND=false

MPI detected: For OpenMP binding to work as intended, MPI ranks must be bound to exclusive CPU sets.

Kokkos::OpenMP::initialize WARNING: OMP_PROC_BIND environment variable not set
  In general, for best performance with OpenMP 4.0 or better set OMP_PROC_BIND=spread and OMP_PLACES=threads
  For best performance with OpenMP 3.1 set OMP_PROC_BIND=true
  For unit testing set OMP_PROC_BIND=false

MPI detected: For OpenMP binding to work as intended, MPI ranks must be bound to exclusive CPU sets.


MPI detected: For OpenMP binding to work as intended, MPI ranks must be bound to exclusive CPU sets.

Kokkos::OpenMP::initialize WARNING: OMP_PROC_BIND environment variable not set
  In general, for best performance with OpenMP 4.0 or better set OMP_PROC_BIND=spread and OMP_PLACES=threads
  For best performance with OpenMP 3.1 set OMP_PROC_BIND=true
  For unit testing set OMP_PROC_BIND=false

Kokkos::OpenMP::initialize WARNING: OMP_PROC_BIND environment variable not set
  In general, for best performance with OpenMP 4.0 or better set OMP_PROC_BIND=spread and OMP_PLACES=threads
  For best performance with OpenMP 3.1 set OMP_PROC_BIND=true
  For unit testing set OMP_PROC_BIND=false

MPI detected: For OpenMP binding to work as intended, MPI ranks must be bound to exclusive CPU sets.

Kokkos::OpenMP::initialize WARNING: OMP_PROC_BIND environment variable not set
  In general, for best performance with OpenMP 4.0 or better set OMP_PROC_BIND=spread and OMP_PLACES=threads
  For best performance with OpenMP 3.1 set OMP_PROC_BIND=true
  For unit testing set OMP_PROC_BIND=false

MPI detected: For OpenMP binding to work as intended, MPI ranks must be bound to exclusive CPU sets.

Kokkos::OpenMP::initialize WARNING: OMP_PROC_BIND environment variable not set
  In general, for best performance with OpenMP 4.0 or better set OMP_PROC_BIND=spread and OMP_PLACES=threads
  For best performance with OpenMP 3.1 set OMP_PROC_BIND=true
  For unit testing set OMP_PROC_BIND=false

MPI detected: For OpenMP binding to work as intended, MPI ranks must be bound to exclusive CPU sets.

Kokkos::OpenMP::initialize WARNING: OMP_PROC_BIND environment variable not set
  In general, for best performance with OpenMP 4.0 or better set OMP_PROC_BIND=spread and OMP_PLACES=threads
  For best performance with OpenMP 3.1 set OMP_PROC_BIND=true
  For unit testing set OMP_PROC_BIND=false

MPI detected: For OpenMP binding to work as intended, MPI ranks must be bound to exclusive CPU sets.

Kokkos::OpenMP::initialize WARNING: OMP_PROC_BIND environment variable not set
  In general, for best performance with OpenMP 4.0 or better set OMP_PROC_BIND=spread and OMP_PLACES=threads
  For best performance with OpenMP 3.1 set OMP_PROC_BIND=true
  For unit testing set OMP_PROC_BIND=false

MPI detected: For OpenMP binding to work as intended, MPI ranks must be bound to exclusive CPU sets.

Kokkos::OpenMP::initialize WARNING: OMP_PROC_BIND environment variable not set
  In general, for best performance with OpenMP 4.0 or better set OMP_PROC_BIND=spread and OMP_PLACES=threads
  For best performance with OpenMP 3.1 set OMP_PROC_BIND=true
  For unit testing set OMP_PROC_BIND=false

MPI detected: For OpenMP binding to work as intended, MPI ranks must be bound to exclusive CPU sets.

Kokkos::OpenMP::initialize WARNING: OMP_PROC_BIND environment variable not set
  In general, for best performance with OpenMP 4.0 or better set OMP_PROC_BIND=spread and OMP_PLACES=threads
  For best performance with OpenMP 3.1 set OMP_PROC_BIND=true
  For unit testing set OMP_PROC_BIND=false

MPI detected: For OpenMP binding to work as intended, MPI ranks must be bound to exclusive CPU sets.

Kokkos::OpenMP::initialize WARNING: OMP_PROC_BIND environment variable not set
  In general, for best performance with OpenMP 4.0 or better set OMP_PROC_BIND=spread and OMP_PLACES=threads
  For best performance with OpenMP 3.1 set OMP_PROC_BIND=true
  For unit testing set OMP_PROC_BIND=false

MPI detected: For OpenMP binding to work as intended, MPI ranks must be bound to exclusive CPU sets.

Kokkos::OpenMP::initialize WARNING: OMP_PROC_BIND environment variable not set
  In general, for best performance with OpenMP 4.0 or better set OMP_PROC_BIND=spread and OMP_PLACES=threads
  For best performance with OpenMP 3.1 set OMP_PROC_BIND=true
  For unit testing set OMP_PROC_BIND=false

MPI detected: For OpenMP binding to work as intended, MPI ranks must be bound to exclusive CPU sets.

Kokkos::OpenMP::initialize WARNING: OMP_PROC_BIND environment variable not set
  In general, for best performance with OpenMP 4.0 or better set OMP_PROC_BIND=spread and OMP_PLACES=threads
  For best performance with OpenMP 3.1 set OMP_PROC_BIND=true
  For unit testing set OMP_PROC_BIND=false

Kokkos::OpenMP::initialize WARNING: OMP_PROC_BIND environment variable not set
  In general, for best performance with OpenMP 4.0 or better set OMP_PROC_BIND=spread and OMP_PLACES=threads
  For best performance with OpenMP 3.1 set OMP_PROC_BIND=true
  For unit testing set OMP_PROC_BIND=false

MPI detected: For OpenMP binding to work as intended, MPI ranks must be bound to exclusive CPU sets.

Kokkos::OpenMP::initialize WARNING: OMP_PROC_BIND environment variable not set
  In general, for best performance with OpenMP 4.0 or better set OMP_PROC_BIND=spread and OMP_PLACES=threads
  For best performance with OpenMP 3.1 set OMP_PROC_BIND=true
  For unit testing set OMP_PROC_BIND=false
Kokkos::OpenMP::initialize WARNING: OMP_PROC_BIND environment variable not set
  In general, for best performance with OpenMP 4.0 or better set OMP_PROC_BIND=spread and OMP_PLACES=threads
  For best performance with OpenMP 3.1 set OMP_PROC_BIND=true
  For unit testing set OMP_PROC_BIND=false

MPI detected: For OpenMP binding to work as intended, MPI ranks must be bound to exclusive CPU sets.

MPI detected: For OpenMP binding to work as intended, MPI ranks must be bound to exclusive CPU sets.

Kokkos::OpenMP::initialize WARNING: OMP_PROC_BIND environment variable not set
  In general, for best performance with OpenMP 4.0 or better set OMP_PROC_BIND=spread and OMP_PLACES=threads
  For best performance with OpenMP 3.1 set OMP_PROC_BIND=true
  For unit testing set OMP_PROC_BIND=false

MPI detected: For OpenMP binding to work as intended, MPI ranks must be bound to exclusive CPU sets.

Kokkos::OpenMP::initialize WARNING: OMP_PROC_BIND environment variable not set
  In general, for best performance with OpenMP 4.0 or better set OMP_PROC_BIND=spread and OMP_PLACES=threads
  For best performance with OpenMP 3.1 set OMP_PROC_BIND=true
  For unit testing set OMP_PROC_BIND=false

MPI detected: For OpenMP binding to work as intended, MPI ranks must be bound to exclusive CPU sets.

Kokkos::OpenMP::initialize WARNING: OMP_PROC_BIND environment variable not set
  In general, for best performance with OpenMP 4.0 or better set OMP_PROC_BIND=spread and OMP_PLACES=threads
  For best performance with OpenMP 3.1 set OMP_PROC_BIND=true
  For unit testing set OMP_PROC_BIND=false

MPI detected: For OpenMP binding to work as intended, MPI ranks must be bound to exclusive CPU sets.

Kokkos::OpenMP::initialize WARNING: OMP_PROC_BIND environment variable not set
  In general, for best performance with OpenMP 4.0 or better set OMP_PROC_BIND=spread and OMP_PLACES=threads
  For best performance with OpenMP 3.1 set OMP_PROC_BIND=true
  For unit testing set OMP_PROC_BIND=false

MPI detected: For OpenMP binding to work as intended, MPI ranks must be bound to exclusive CPU sets.

Kokkos::OpenMP::initialize WARNING: OMP_PROC_BIND environment variable not set
  In general, for best performance with OpenMP 4.0 or better set OMP_PROC_BIND=spread and OMP_PLACES=threads
  For best performance with OpenMP 3.1 set OMP_PROC_BIND=true
  For unit testing set OMP_PROC_BIND=false

MPI detected: For OpenMP binding to work as intended, MPI ranks must be bound to exclusive CPU sets.

Kokkos::OpenMP::initialize WARNING: OMP_PROC_BIND environment variable not set
  In general, for best performance with OpenMP 4.0 or better set OMP_PROC_BIND=spread and OMP_PLACES=threads
  For best performance with OpenMP 3.1 set OMP_PROC_BIND=true
  For unit testing set OMP_PROC_BIND=false

MPI detected: For OpenMP binding to work as intended, MPI ranks must be bound to exclusive CPU sets.

Kokkos::OpenMP::initialize WARNING: OMP_PROC_BIND environment variable not set
  In general, for best performance with OpenMP 4.0 or better set OMP_PROC_BIND=spread and OMP_PLACES=threads
  For best performance with OpenMP 3.1 set OMP_PROC_BIND=true
  For unit testing set OMP_PROC_BIND=false

MPI detected: For OpenMP binding to work as intended, MPI ranks must be bound to exclusive CPU sets.

Kokkos::OpenMP::initialize WARNING: OMP_PROC_BIND environment variable not set
  In general, for best performance with OpenMP 4.0 or better set OMP_PROC_BIND=spread and OMP_PLACES=threads
  For best performance with OpenMP 3.1 set OMP_PROC_BIND=true
  For unit testing set OMP_PROC_BIND=false

MPI detected: For OpenMP binding to work as intended, MPI ranks must be bound to exclusive CPU sets.

Kokkos::OpenMP::initialize WARNING: OMP_PROC_BIND environment variable not set
  In general, for best performance with OpenMP 4.0 or better set OMP_PROC_BIND=spread and OMP_PLACES=threads
  For best performance with OpenMP 3.1 set OMP_PROC_BIND=true
  For unit testing set OMP_PROC_BIND=false

MPI detected: For OpenMP binding to work as intended, MPI ranks must be bound to exclusive CPU sets.

Kokkos::OpenMP::initialize WARNING: OMP_PROC_BIND environment variable not set
  In general, for best performance with OpenMP 4.0 or better set OMP_PROC_BIND=spread and OMP_PLACES=threads
  For best performance with OpenMP 3.1 set OMP_PROC_BIND=true
  For unit testing set OMP_PROC_BIND=false

MPI detected: For OpenMP binding to work as intended, MPI ranks must be bound to exclusive CPU sets.


MPI detected: For OpenMP binding to work as intended, MPI ranks must be bound to exclusive CPU sets.
Kokkos::OpenMP::initialize WARNING: OMP_PROC_BIND environment variable not set
  In general, for best performance with OpenMP 4.0 or better set OMP_PROC_BIND=spread and OMP_PLACES=threads
  For best performance with OpenMP 3.1 set OMP_PROC_BIND=true
  For unit testing set OMP_PROC_BIND=false

MPI detected: For OpenMP binding to work as intended, MPI ranks must be bound to exclusive CPU sets.

Kokkos::OpenMP::initialize WARNING: OMP_PROC_BIND environment variable not set
  In general, for best performance with OpenMP 4.0 or better set OMP_PROC_BIND=spread and OMP_PLACES=threads
  For best performance with OpenMP 3.1 set OMP_PROC_BIND=true
  For unit testing set OMP_PROC_BIND=false

Kokkos::OpenMP::initialize WARNING: OMP_PROC_BIND environment variable not set
  In general, for best performance with OpenMP 4.0 or better set OMP_PROC_BIND=spread and OMP_PLACES=threads
  For best performance with OpenMP 3.1 set OMP_PROC_BIND=true
  For unit testing set OMP_PROC_BIND=false

MPI detected: For OpenMP binding to work as intended, MPI ranks must be bound to exclusive CPU sets.

Kokkos::OpenMP::initialize WARNING: OMP_PROC_BIND environment variable not set
  In general, for best performance with OpenMP 4.0 or better set OMP_PROC_BIND=spread and OMP_PLACES=threads
  For best performance with OpenMP 3.1 set OMP_PROC_BIND=true
  For unit testing set OMP_PROC_BIND=false

MPI detected: For OpenMP binding to work as intended, MPI ranks must be bound to exclusive CPU sets.

Kokkos::OpenMP::initialize WARNING: OMP_PROC_BIND environment variable not set
  In general, for best performance with OpenMP 4.0 or better set OMP_PROC_BIND=spread and OMP_PLACES=threads
  For best performance with OpenMP 3.1 set OMP_PROC_BIND=true
  For unit testing set OMP_PROC_BIND=false

MPI detected: For OpenMP binding to work as intended, MPI ranks must be bound to exclusive CPU sets.

Kokkos::OpenMP::initialize WARNING: OMP_PROC_BIND environment variable not set
  In general, for best performance with OpenMP 4.0 or better set OMP_PROC_BIND=spread and OMP_PLACES=threads
  For best performance with OpenMP 3.1 set OMP_PROC_BIND=true
  For unit testing set OMP_PROC_BIND=false

MPI detected: For OpenMP binding to work as intended, MPI ranks must be bound to exclusive CPU sets.

Kokkos::OpenMP::initialize WARNING: OMP_PROC_BIND environment variable not set
  In general, for best performance with OpenMP 4.0 or better set OMP_PROC_BIND=spread and OMP_PLACES=threads
  For best performance with OpenMP 3.1 set OMP_PROC_BIND=true
  For unit testing set OMP_PROC_BIND=false

MPI detected: For OpenMP binding to work as intended, MPI ranks must be bound to exclusive CPU sets.

Kokkos::OpenMP::initialize WARNING: OMP_PROC_BIND environment variable not set
  In general, for best performance with OpenMP 4.0 or better set OMP_PROC_BIND=spread and OMP_PLACES=threads
  For best performance with OpenMP 3.1 set OMP_PROC_BIND=true
  For unit testing set OMP_PROC_BIND=false

MPI detected: For OpenMP binding to work as intended, MPI ranks must be bound to exclusive CPU sets.

MPI detected: For OpenMP binding to work as intended, MPI ranks must be bound to exclusive CPU sets.

Kokkos::OpenMP::initialize WARNING: OMP_PROC_BIND environment variable not set
  In general, for best performance with OpenMP 4.0 or better set OMP_PROC_BIND=spread and OMP_PLACES=threads
  For best performance with OpenMP 3.1 set OMP_PROC_BIND=true
  For unit testing set OMP_PROC_BIND=false

MPI detected: For OpenMP binding to work as intended, MPI ranks must be bound to exclusive CPU sets.


Kokkos::OpenMP::initialize WARNING: OMP_PROC_BIND environment variable not set
  In general, for best performance with OpenMP 4.0 or better set OMP_PROC_BIND=spread and OMP_PLACES=threads
  For best performance with OpenMP 3.1 set OMP_PROC_BIND=true
  For unit testing set OMP_PROC_BIND=false

MPI detected: For OpenMP binding to work as intended, MPI ranks must be bound to exclusive CPU sets.

MPI detected: For OpenMP binding to work as intended, MPI ranks must be bound to exclusive CPU sets.

Kokkos::OpenMP::initialize WARNING: OMP_PROC_BIND environment variable not set
  In general, for best performance with OpenMP 4.0 or better set OMP_PROC_BIND=spread and OMP_PLACES=threads
  For best performance with OpenMP 3.1 set OMP_PROC_BIND=true
  For unit testing set OMP_PROC_BIND=false

MPI detected: For OpenMP binding to work as intended, MPI ranks must be bound to exclusive CPU sets.

Kokkos::OpenMP::initialize WARNING: OMP_PROC_BIND environment variable not set
  In general, for best performance with OpenMP 4.0 or better set OMP_PROC_BIND=spread and OMP_PLACES=threads
  For best performance with OpenMP 3.1 set OMP_PROC_BIND=true
  For unit testing set OMP_PROC_BIND=false

MPI detected: For OpenMP binding to work as intended, MPI ranks must be bound to exclusive CPU sets.

Kokkos::OpenMP::initialize WARNING: OMP_PROC_BIND environment variable not set
  In general, for best performance with OpenMP 4.0 or better set OMP_PROC_BIND=spread and OMP_PLACES=threads
  For best performance with OpenMP 3.1 set OMP_PROC_BIND=true
  For unit testing set OMP_PROC_BIND=false

MPI detected: For OpenMP binding to work as intended, MPI ranks must be bound to exclusive CPU sets.

Kokkos::OpenMP::initialize WARNING: OMP_PROC_BIND environment variable not set
  In general, for best performance with OpenMP 4.0 or better set OMP_PROC_BIND=spread and OMP_PLACES=threads
  For best performance with OpenMP 3.1 set OMP_PROC_BIND=true
  For unit testing set OMP_PROC_BIND=false

MPI detected: For OpenMP binding to work as intended, MPI ranks must be bound to exclusive CPU sets.

Kokkos::OpenMP::initialize WARNING: OMP_PROC_BIND environment variable not set
  In general, for best performance with OpenMP 4.0 or better set OMP_PROC_BIND=spread and OMP_PLACES=threads
  For best performance with OpenMP 3.1 set OMP_PROC_BIND=true
  For unit testing set OMP_PROC_BIND=false

MPI detected: For OpenMP binding to work as intended, MPI ranks must be bound to exclusive CPU sets.

Kokkos::OpenMP::initialize WARNING: OMP_PROC_BIND environment variable not set
  In general, for best performance with OpenMP 4.0 or better set OMP_PROC_BIND=spread and OMP_PLACES=threads
  For best performance with OpenMP 3.1 set OMP_PROC_BIND=true
  For unit testing set OMP_PROC_BIND=false

MPI detected: For OpenMP binding to work as intended, MPI ranks must be bound to exclusive CPU sets.

Kokkos::OpenMP::initialize WARNING: OMP_PROC_BIND environment variable not set
  In general, for best performance with OpenMP 4.0 or better set OMP_PROC_BIND=spread and OMP_PLACES=threads
  For best performance with OpenMP 3.1 set OMP_PROC_BIND=true
  For unit testing set OMP_PROC_BIND=false

MPI detected: For OpenMP binding to work as intended, MPI ranks must be bound to exclusive CPU sets.

Kokkos::OpenMP::initialize WARNING: OMP_PROC_BIND environment variable not set
  In general, for best performance with OpenMP 4.0 or better set OMP_PROC_BIND=spread and OMP_PLACES=threads
  For best performance with OpenMP 3.1 set OMP_PROC_BIND=true
  For unit testing set OMP_PROC_BIND=false

MPI detected: For OpenMP binding to work as intended, MPI ranks must be bound to exclusive CPU sets.

Kokkos::OpenMP::initialize WARNING: OMP_PROC_BIND environment variable not set
  In general, for best performance with OpenMP 4.0 or better set OMP_PROC_BIND=spread and OMP_PLACES=threads
  For best performance with OpenMP 3.1 set OMP_PROC_BIND=true
  For unit testing set OMP_PROC_BIND=false

MPI detected: For OpenMP binding to work as intended, MPI ranks must be bound to exclusive CPU sets.

Kokkos::OpenMP::initialize WARNING: OMP_PROC_BIND environment variable not set
  In general, for best performance with OpenMP 4.0 or better set OMP_PROC_BIND=spread and OMP_PLACES=threads
  For best performance with OpenMP 3.1 set OMP_PROC_BIND=true
  For unit testing set OMP_PROC_BIND=false

Kokkos::OpenMP::initialize WARNING: OMP_PROC_BIND environment variable not set
  In general, for best performance with OpenMP 4.0 or better set OMP_PROC_BIND=spread and OMP_PLACES=threads
  For best performance with OpenMP 3.1 set OMP_PROC_BIND=true
  For unit testing set OMP_PROC_BIND=false

Kokkos::OpenMP::initialize WARNING: OMP_PROC_BIND environment variable not set
  In general, for best performance with OpenMP 4.0 or better set OMP_PROC_BIND=spread and OMP_PLACES=threads
  For best performance with OpenMP 3.1 set OMP_PROC_BIND=true
  For unit testing set OMP_PROC_BIND=false

MPI detected: For OpenMP binding to work as intended, MPI ranks must be bound to exclusive CPU sets.

Kokkos::OpenMP::initialize WARNING: OMP_PROC_BIND environment variable not set
  In general, for best performance with OpenMP 4.0 or better set OMP_PROC_BIND=spread and OMP_PLACES=threads
  For best performance with OpenMP 3.1 set OMP_PROC_BIND=true
  For unit testing set OMP_PROC_BIND=false

MPI detected: For OpenMP binding to work as intended, MPI ranks must be bound to exclusive CPU sets.

Kokkos::OpenMP::initialize WARNING: OMP_PROC_BIND environment variable not set
  In general, for best performance with OpenMP 4.0 or better set OMP_PROC_BIND=spread and OMP_PLACES=threads
  For best performance with OpenMP 3.1 set OMP_PROC_BIND=true
  For unit testing set OMP_PROC_BIND=false

MPI detected: For OpenMP binding to work as intended, MPI ranks must be bound to exclusive CPU sets.

MPI detected: For OpenMP binding to work as intended, MPI ranks must be bound to exclusive CPU sets.

MPI detected: For OpenMP binding to work as intended, MPI ranks must be bound to exclusive CPU sets.

Kokkos::OpenMP::initialize WARNING: OMP_PROC_BIND environment variable not set
  In general, for best performance with OpenMP 4.0 or better set OMP_PROC_BIND=spread and OMP_PLACES=threads
  For best performance with OpenMP 3.1 set OMP_PROC_BIND=true
  For unit testing set OMP_PROC_BIND=false

MPI detected: For OpenMP binding to work as intended, MPI ranks must be bound to exclusive CPU sets.

Kokkos::OpenMP::initialize WARNING: OMP_PROC_BIND environment variable not set
  In general, for best performance with OpenMP 4.0 or better set OMP_PROC_BIND=spread and OMP_PLACES=threads
  For best performance with OpenMP 3.1 set OMP_PROC_BIND=true
  For unit testing set OMP_PROC_BIND=false

Kokkos::OpenMP::initialize WARNING: OMP_PROC_BIND environment variable not set
  In general, for best performance with OpenMP 4.0 or better set OMP_PROC_BIND=spread and OMP_PLACES=threads
  For best performance with OpenMP 3.1 set OMP_PROC_BIND=true
  For unit testing set OMP_PROC_BIND=false

MPI detected: For OpenMP binding to work as intended, MPI ranks must be bound to exclusive CPU sets.

Kokkos::OpenMP::initialize WARNING: OMP_PROC_BIND environment variable not set
  In general, for best performance with OpenMP 4.0 or better set OMP_PROC_BIND=spread and OMP_PLACES=threads
  For best performance with OpenMP 3.1 set OMP_PROC_BIND=true
  For unit testing set OMP_PROC_BIND=false

MPI detected: For OpenMP binding to work as intended, MPI ranks must be bound to exclusive CPU sets.

Kokkos::OpenMP::initialize WARNING: OMP_PROC_BIND environment variable not set
  In general, for best performance with OpenMP 4.0 or better set OMP_PROC_BIND=spread and OMP_PLACES=threads
  For best performance with OpenMP 3.1 set OMP_PROC_BIND=true
  For unit testing set OMP_PROC_BIND=false

MPI detected: For OpenMP binding to work as intended, MPI ranks must be bound to exclusive CPU sets.

MPI detected: For OpenMP binding to work as intended, MPI ranks must be bound to exclusive CPU sets.

Kokkos::OpenMP::initialize WARNING: OMP_PROC_BIND environment variable not set
  In general, for best performance with OpenMP 4.0 or better set OMP_PROC_BIND=spread and OMP_PLACES=threads
  For best performance with OpenMP 3.1 set OMP_PROC_BIND=true
  For unit testing set OMP_PROC_BIND=false

MPI detected: For OpenMP binding to work as intended, MPI ranks must be bound to exclusive CPU sets.

Kokkos::OpenMP::initialize WARNING: OMP_PROC_BIND environment variable not set
  In general, for best performance with OpenMP 4.0 or better set OMP_PROC_BIND=spread and OMP_PLACES=threads
  For best performance with OpenMP 3.1 set OMP_PROC_BIND=true
  For unit testing set OMP_PROC_BIND=false

MPI detected: For OpenMP binding to work as intended, MPI ranks must be bound to exclusive CPU sets.

Kokkos::OpenMP::initialize WARNING: OMP_PROC_BIND environment variable not set
  In general, for best performance with OpenMP 4.0 or better set OMP_PROC_BIND=spread and OMP_PLACES=threads
  For best performance with OpenMP 3.1 set OMP_PROC_BIND=true
  For unit testing set OMP_PROC_BIND=false

MPI detected: For OpenMP binding to work as intended, MPI ranks must be bound to exclusive CPU sets.

Kokkos::OpenMP::initialize WARNING: OMP_PROC_BIND environment variable not set
  In general, for best performance with OpenMP 4.0 or better set OMP_PROC_BIND=spread and OMP_PLACES=threads
  For best performance with OpenMP 3.1 set OMP_PROC_BIND=true
  For unit testing set OMP_PROC_BIND=false

MPI detected: For OpenMP binding to work as intended, MPI ranks must be bound to exclusive CPU sets.

Kokkos::OpenMP::initialize WARNING: OMP_PROC_BIND environment variable not set
  In general, for best performance with OpenMP 4.0 or better set OMP_PROC_BIND=spread and OMP_PLACES=threads
  For best performance with OpenMP 3.1 set OMP_PROC_BIND=true
  For unit testing set OMP_PROC_BIND=false

MPI detected: For OpenMP binding to work as intended, MPI ranks must be bound to exclusive CPU sets.

Kokkos::OpenMP::initialize WARNING: OMP_PROC_BIND environment variable not set
  In general, for best performance with OpenMP 4.0 or better set OMP_PROC_BIND=spread and OMP_PLACES=threads
  For best performance with OpenMP 3.1 set OMP_PROC_BIND=true
  For unit testing set OMP_PROC_BIND=false

MPI detected: For OpenMP binding to work as intended, MPI ranks must be bound to exclusive CPU sets.

Kokkos::OpenMP::initialize WARNING: OMP_PROC_BIND environment variable not set
  In general, for best performance with OpenMP 4.0 or better set OMP_PROC_BIND=spread and OMP_PLACES=threads
  For best performance with OpenMP 3.1 set OMP_PROC_BIND=true
  For unit testing set OMP_PROC_BIND=false

MPI detected: For OpenMP binding to work as intended, MPI ranks must be bound to exclusive CPU sets.

Kokkos::OpenMP::initialize WARNING: OMP_PROC_BIND environment variable not set
  In general, for best performance with OpenMP 4.0 or better set OMP_PROC_BIND=spread and OMP_PLACES=threads
  For best performance with OpenMP 3.1 set OMP_PROC_BIND=true
  For unit testing set OMP_PROC_BIND=false

MPI detected: For OpenMP binding to work as intended, MPI ranks must be bound to exclusive CPU sets.

Kokkos::OpenMP::initialize WARNING: OMP_PROC_BIND environment variable not set
  In general, for best performance with OpenMP 4.0 or better set OMP_PROC_BIND=spread and OMP_PLACES=threads
  For best performance with OpenMP 3.1 set OMP_PROC_BIND=true
  For unit testing set OMP_PROC_BIND=false

MPI detected: For OpenMP binding to work as intended, MPI ranks must be bound to exclusive CPU sets.

Kokkos::OpenMP::initialize WARNING: OMP_PROC_BIND environment variable not set
  In general, for best performance with OpenMP 4.0 or better set OMP_PROC_BIND=spread and OMP_PLACES=threads
  For best performance with OpenMP 3.1 set OMP_PROC_BIND=true
  For unit testing set OMP_PROC_BIND=false

MPI detected: For OpenMP binding to work as intended, MPI ranks must be bound to exclusive CPU sets.

Kokkos::OpenMP::initialize WARNING: OMP_PROC_BIND environment variable not set
  In general, for best performance with OpenMP 4.0 or better set OMP_PROC_BIND=spread and OMP_PLACES=threads
  For best performance with OpenMP 3.1 set OMP_PROC_BIND=true
  For unit testing set OMP_PROC_BIND=false

MPI detected: For OpenMP binding to work as intended, MPI ranks must be bound to exclusive CPU sets.

Kokkos::OpenMP::initialize WARNING: OMP_PROC_BIND environment variable not set
  In general, for best performance with OpenMP 4.0 or better set OMP_PROC_BIND=spread and OMP_PLACES=threads
  For best performance with OpenMP 3.1 set OMP_PROC_BIND=true
  For unit testing set OMP_PROC_BIND=false

MPI detected: For OpenMP binding to work as intended, MPI ranks must be bound to exclusive CPU sets.

Kokkos::OpenMP::initialize WARNING: OMP_PROC_BIND environment variable not set
  In general, for best performance with OpenMP 4.0 or better set OMP_PROC_BIND=spread and OMP_PLACES=threads
  For best performance with OpenMP 3.1 set OMP_PROC_BIND=true
  For unit testing set OMP_PROC_BIND=false

MPI detected: For OpenMP binding to work as intended, MPI ranks must be bound to exclusive CPU sets.

Kokkos::OpenMP::initialize WARNING: OMP_PROC_BIND environment variable not set
  In general, for best performance with OpenMP 4.0 or better set OMP_PROC_BIND=spread and OMP_PLACES=threads
  For best performance with OpenMP 3.1 set OMP_PROC_BIND=true
  For unit testing set OMP_PROC_BIND=false

MPI detected: For OpenMP binding to work as intended, MPI ranks must be bound to exclusive CPU sets.

Kokkos::OpenMP::initialize WARNING: OMP_PROC_BIND environment variable not set
  In general, for best performance with OpenMP 4.0 or better set OMP_PROC_BIND=spread and OMP_PLACES=threads
  For best performance with OpenMP 3.1 set OMP_PROC_BIND=true
  For unit testing set OMP_PROC_BIND=false

MPI detected: For OpenMP binding to work as intended, MPI ranks must be bound to exclusive CPU sets.

Kokkos::OpenMP::initialize WARNING: OMP_PROC_BIND environment variable not set
  In general, for best performance with OpenMP 4.0 or better set OMP_PROC_BIND=spread and OMP_PLACES=threads
  For best performance with OpenMP 3.1 set OMP_PROC_BIND=true
  For unit testing set OMP_PROC_BIND=false

MPI detected: For OpenMP binding to work as intended, MPI ranks must be bound to exclusive CPU sets.

Kokkos::OpenMP::initialize WARNING: OMP_PROC_BIND environment variable not set
  In general, for best performance with OpenMP 4.0 or better set OMP_PROC_BIND=spread and OMP_PLACES=threads
  For best performance with OpenMP 3.1 set OMP_PROC_BIND=true
  For unit testing set OMP_PROC_BIND=false

MPI detected: For OpenMP binding to work as intended, MPI ranks must be bound to exclusive CPU sets.

Kokkos::OpenMP::initialize WARNING: OMP_PROC_BIND environment variable not set
  In general, for best performance with OpenMP 4.0 or better set OMP_PROC_BIND=spread and OMP_PLACES=threads
  For best performance with OpenMP 3.1 set OMP_PROC_BIND=true
  For unit testing set OMP_PROC_BIND=false

MPI detected: For OpenMP binding to work as intended, MPI ranks must be bound to exclusive CPU sets.

Kokkos::OpenMP::initialize WARNING: OMP_PROC_BIND environment variable not set
  In general, for best performance with OpenMP 4.0 or better set OMP_PROC_BIND=spread and OMP_PLACES=threads
  For best performance with OpenMP 3.1 set OMP_PROC_BIND=true
  For unit testing set OMP_PROC_BIND=false

MPI detected: For OpenMP binding to work as intended, MPI ranks must be bound to exclusive CPU sets.

Kokkos::OpenMP::initialize WARNING: OMP_PROC_BIND environment variable not set
  In general, for best performance with OpenMP 4.0 or better set OMP_PROC_BIND=spread and OMP_PLACES=threads
  For best performance with OpenMP 3.1 set OMP_PROC_BIND=true
  For unit testing set OMP_PROC_BIND=false

MPI detected: For OpenMP binding to work as intended, MPI ranks must be bound to exclusive CPU sets.

Kokkos::OpenMP::initialize WARNING: OMP_PROC_BIND environment variable not set
  In general, for best performance with OpenMP 4.0 or better set OMP_PROC_BIND=spread and OMP_PLACES=threads
  For best performance with OpenMP 3.1 set OMP_PROC_BIND=true
  For unit testing set OMP_PROC_BIND=false

MPI detected: For OpenMP binding to work as intended, MPI ranks must be bound to exclusive CPU sets.

Kokkos::OpenMP::initialize WARNING: OMP_PROC_BIND environment variable not set
  In general, for best performance with OpenMP 4.0 or better set OMP_PROC_BIND=spread and OMP_PLACES=threads
  For best performance with OpenMP 3.1 set OMP_PROC_BIND=true
  For unit testing set OMP_PROC_BIND=false

MPI detected: For OpenMP binding to work as intended, MPI ranks must be bound to exclusive CPU sets.

Kokkos::OpenMP::initialize WARNING: OMP_PROC_BIND environment variable not set
  In general, for best performance with OpenMP 4.0 or better set OMP_PROC_BIND=spread and OMP_PLACES=threads
  For best performance with OpenMP 3.1 set OMP_PROC_BIND=true
  For unit testing set OMP_PROC_BIND=false

MPI detected: For OpenMP binding to work as intended, MPI ranks must be bound to exclusive CPU sets.

Kokkos::OpenMP::initialize WARNING: OMP_PROC_BIND environment variable not set
  In general, for best performance with OpenMP 4.0 or better set OMP_PROC_BIND=spread and OMP_PLACES=threads
  For best performance with OpenMP 3.1 set OMP_PROC_BIND=true
  For unit testing set OMP_PROC_BIND=false

MPI detected: For OpenMP binding to work as intended, MPI ranks must be bound to exclusive CPU sets.

Kokkos::OpenMP::initialize WARNING: OMP_PROC_BIND environment variable not set
  In general, for best performance with OpenMP 4.0 or better set OMP_PROC_BIND=spread and OMP_PLACES=threads
  For best performance with OpenMP 3.1 set OMP_PROC_BIND=true
  For unit testing set OMP_PROC_BIND=false

MPI detected: For OpenMP binding to work as intended, MPI ranks must be bound to exclusive CPU sets.

Kokkos::OpenMP::initialize WARNING: OMP_PROC_BIND environment variable not set
  In general, for best performance with OpenMP 4.0 or better set OMP_PROC_BIND=spread and OMP_PLACES=threads
  For best performance with OpenMP 3.1 set OMP_PROC_BIND=true
  For unit testing set OMP_PROC_BIND=false

MPI detected: For OpenMP binding to work as intended, MPI ranks must be bound to exclusive CPU sets.

Kokkos::OpenMP::initialize WARNING: OMP_PROC_BIND environment variable not set
  In general, for best performance with OpenMP 4.0 or better set OMP_PROC_BIND=spread and OMP_PLACES=threads
  For best performance with OpenMP 3.1 set OMP_PROC_BIND=true
  For unit testing set OMP_PROC_BIND=false

MPI detected: For OpenMP binding to work as intended, MPI ranks must be bound to exclusive CPU sets.

Kokkos::OpenMP::initialize WARNING: OMP_PROC_BIND environment variable not set
  In general, for best performance with OpenMP 4.0 or better set OMP_PROC_BIND=spread and OMP_PLACES=threads
  For best performance with OpenMP 3.1 set OMP_PROC_BIND=true
  For unit testing set OMP_PROC_BIND=false

MPI detected: For OpenMP binding to work as intended, MPI ranks must be bound to exclusive CPU sets.

Kokkos::OpenMP::initialize WARNING: OMP_PROC_BIND environment variable not set
  In general, for best performance with OpenMP 4.0 or better set OMP_PROC_BIND=spread and OMP_PLACES=threads
  For best performance with OpenMP 3.1 set OMP_PROC_BIND=true
  For unit testing set OMP_PROC_BIND=false

MPI detected: For OpenMP binding to work as intended, MPI ranks must be bound to exclusive CPU sets.

Kokkos::OpenMP::initialize WARNING: OMP_PROC_BIND environment variable not set
  In general, for best performance with OpenMP 4.0 or better set OMP_PROC_BIND=spread and OMP_PLACES=threads
  For best performance with OpenMP 3.1 set OMP_PROC_BIND=true
  For unit testing set OMP_PROC_BIND=false

MPI detected: For OpenMP binding to work as intended, MPI ranks must be bound to exclusive CPU sets.

Kokkos::OpenMP::initialize WARNING: OMP_PROC_BIND environment variable not set
  In general, for best performance with OpenMP 4.0 or better set OMP_PROC_BIND=spread and OMP_PLACES=threads
  For best performance with OpenMP 3.1 set OMP_PROC_BIND=true
  For unit testing set OMP_PROC_BIND=false

MPI detected: For OpenMP binding to work as intended, MPI ranks must be bound to exclusive CPU sets.

Kokkos::OpenMP::initialize WARNING: OMP_PROC_BIND environment variable not set
  In general, for best performance with OpenMP 4.0 or better set OMP_PROC_BIND=spread and OMP_PLACES=threads
  For best performance with OpenMP 3.1 set OMP_PROC_BIND=true
  For unit testing set OMP_PROC_BIND=false

MPI detected: For OpenMP binding to work as intended, MPI ranks must be bound to exclusive CPU sets.

Kokkos::OpenMP::initialize WARNING: OMP_PROC_BIND environment variable not set
  In general, for best performance with OpenMP 4.0 or better set OMP_PROC_BIND=spread and OMP_PLACES=threads
  For best performance with OpenMP 3.1 set OMP_PROC_BIND=true
  For unit testing set OMP_PROC_BIND=false

MPI detected: For OpenMP binding to work as intended, MPI ranks must be bound to exclusive CPU sets.

Kokkos::OpenMP::initialize WARNING: OMP_PROC_BIND environment variable not set
  In general, for best performance with OpenMP 4.0 or better set OMP_PROC_BIND=spread and OMP_PLACES=threads
  For best performance with OpenMP 3.1 set OMP_PROC_BIND=true
  For unit testing set OMP_PROC_BIND=false

MPI detected: For OpenMP binding to work as intended, MPI ranks must be bound to exclusive CPU sets.

Kokkos::OpenMP::initialize WARNING: OMP_PROC_BIND environment variable not set
  In general, for best performance with OpenMP 4.0 or better set OMP_PROC_BIND=spread and OMP_PLACES=threads
  For best performance with OpenMP 3.1 set OMP_PROC_BIND=true
  For unit testing set OMP_PROC_BIND=false

MPI detected: For OpenMP binding to work as intended, MPI ranks must be bound to exclusive CPU sets.

MPICH ERROR [Rank 277] [job id 16728352.0] [Sat Mar 14 17:10:10 2026] [nid006618] - Abort(69324943) (rank 277 in comm 0): Fatal error in PMPI_Recv: Other MPI error, error stack:
PMPI_Recv(177).................: MPI_Recv(buf=0x14e969e00000, count=36864, MPI_BYTE, src=262, tag=5015, MPI_COMM_WORLD, status=0x7ffdae08b6b8) failed
MPIR_Wait_impl(41).............: 
MPID_Progress_wait(201)........: 
MPIDI_Progress_test(97)........: 
MPIDI_OFI_handle_cq_error(1310): OFI poll failed (ofi_events.c:1312:MPIDI_OFI_handle_cq_error:No route to host - No such file or directory)

aborting job:
Fatal error in PMPI_Recv: Other MPI error, error stack:
PMPI_Recv(177).................: MPI_Recv(buf=0x14e969e00000, count=36864, MPI_BYTE, src=262, tag=5015, MPI_COMM_WORLD, status=0x7ffdae08b6b8) failed
MPIR_Wait_impl(41).............: 
MPID_Progress_wait(201)........: 
MPIDI_Progress_test(97)........: 
MPIDI_OFI_handle_cq_error(1310): OFI poll failed (ofi_events.c:1312:MPIDI_OFI_handle_cq_error:No route to host - No such file or directory)
MPICH ERROR [Rank 279] [job id 16728352.0] [Sat Mar 14 17:10:10 2026] [nid006618] - Abort(673304719) (rank 279 in comm 0): Fatal error in PMPI_Recv: Other MPI error, error stack:
PMPI_Recv(177).................: MPI_Recv(buf=0x147436e00000, count=432, MPI_BYTE, src=304, tag=5013, MPI_COMM_WORLD, status=0x7ffca0c9b128) failed
MPIR_Wait_impl(41).............: 
MPID_Progress_wait(201)........: 
MPIDI_Progress_test(97)........: 
MPIDI_OFI_handle_cq_error(1310): OFI poll failed (ofi_events.c:1312:MPIDI_OFI_handle_cq_error:No route to host - No such file or directory)

aborting job:
Fatal error in PMPI_Recv: Other MPI error, error stack:
PMPI_Recv(177).................: MPI_Recv(buf=0x147436e00000, count=432, MPI_BYTE, src=304, tag=5013, MPI_COMM_WORLD, status=0x7ffca0c9b128) failed
MPIR_Wait_impl(41).............: 
MPID_Progress_wait(201)........: 
MPIDI_Progress_test(97)........: 
MPIDI_OFI_handle_cq_error(1310): OFI poll failed (ofi_events.c:1312:MPIDI_OFI_handle_cq_error:No route to host - No such file or directory)
MPICH ERROR [Rank 286] [job id 16728352.0] [Sat Mar 14 17:10:11 2026] [nid006619] - Abort(807522447) (rank 286 in comm 0): Fatal error in PMPI_Recv: Other MPI error, error stack:
PMPI_Recv(177).................: MPI_Recv(buf=0x15373c600000, count=432, MPI_BYTE, src=305, tag=5013, MPI_COMM_WORLD, status=0x7ffd4bbf2b28) failed
MPIR_Wait_impl(41).............: 
MPID_Progress_wait(201)........: 
MPIDI_Progress_test(97)........: 
MPIDI_OFI_handle_cq_error(1310): OFI poll failed (ofi_events.c:1312:MPIDI_OFI_handle_cq_error:No route to host - No such file or directory)

aborting job:
Fatal error in PMPI_Recv: Other MPI error, error stack:
PMPI_Recv(177).................: MPI_Recv(buf=0x15373c600000, count=432, MPI_BYTE, src=305, tag=5013, MPI_COMM_WORLD, status=0x7ffd4bbf2b28) failed
MPIR_Wait_impl(41).............: 
MPID_Progress_wait(201)........: 
MPIDI_Progress_test(97)........: 
MPIDI_OFI_handle_cq_error(1310): OFI poll failed (ofi_events.c:1312:MPIDI_OFI_handle_cq_error:No route to host - No such file or directory)
MPICH ERROR [Rank 307] [job id 16728352.0] [Sat Mar 14 17:10:44 2026] [nid006934] - Abort(337760399) (rank 307 in comm 0): Fatal error in PMPI_Recv: Other MPI error, error stack:
PMPI_Recv(177).................: MPI_Recv(buf=0x14f8ff600000, count=432, MPI_BYTE, src=308, tag=5013, MPI_COMM_WORLD, status=0x7ffd2f1bbca8) failed
MPIR_Wait_impl(41).............: 
MPID_Progress_wait(201)........: 
MPIDI_Progress_test(97)........: 
MPIDI_OFI_handle_cq_error(1310): OFI poll failed (ofi_events.c:1312:MPIDI_OFI_handle_cq_error:No route to host - No such file or directory)

aborting job:
Fatal error in PMPI_Recv: Other MPI error, error stack:
PMPI_Recv(177).................: MPI_Recv(buf=0x14f8ff600000, count=432, MPI_BYTE, src=308, tag=5013, MPI_COMM_WORLD, status=0x7ffd2f1bbca8) failed
MPIR_Wait_impl(41).............: 
MPID_Progress_wait(201)........: 
MPIDI_Progress_test(97)........: 
MPIDI_OFI_handle_cq_error(1310): OFI poll failed (ofi_events.c:1312:MPIDI_OFI_handle_cq_error:No route to host - No such file or directory)
MPICH ERROR [Rank 313] [job id 16728352.0] [Sat Mar 14 17:10:51 2026] [nid007044] - Abort(136984719) (rank 313 in comm 0): Fatal error in PMPI_Waitall: Other MPI error, error stack:
PMPI_Waitall(378)..............: MPI_Waitall(count=1022, req_array=0x1ecfc10, status_array=0x1) failed
MPIR_Waitall(167)..............: 
MPIR_Waitall_impl(51)..........: 
MPID_Progress_wait(201)........: 
MPIDI_Progress_test(97)........: 
MPIDI_OFI_handle_cq_error(1310): OFI poll failed (ofi_events.c:1312:MPIDI_OFI_handle_cq_error:Input/output error - Invalid request descriptor)
srun: error: nid007199: task 320: Exited with exit code 255

aborting job:
Fatal error in PMPI_Waitall: Other MPI error, error stack:
PMPI_Waitall(378)..............: MPI_Waitall(count=1022, req_array=0x1ecfc10, status_array=0x1) failed
MPIR_Waitall(167)..............: 
MPIR_Waitall_impl(51)..........: 
MPID_Progress_wait(201)........: 
MPIDI_Progress_test(97)........: 
MPIDI_OFI_handle_cq_error(1310): OFI poll failed (ofi_events.c:1312:MPIDI_OFI_handle_cq_error:Input/output error - Invalid request descriptor)
srun: Terminating StepId=16728352.0
MPICH ERROR [Rank 320] [job id 16728352.0] [Sat Mar 14 17:10:56 2026] [nid007199] - Abort(942291087) (rank 320 in comm 0): Fatal error in PMPI_Waitall: Other MPI error, error stack:
PMPI_Waitall(378)..............: MPI_Waitall(count=1022, req_array=0xe99800, status_array=0x1) failed
MPIR_Waitall(167)..............: 
MPIR_Waitall_impl(51)..........: 
MPID_Progress_wait(201)........: 
MPIDI_Progress_test(97)........: 
MPIDI_OFI_handle_cq_error(1310): OFI poll failed (ofi_events.c:1312:MPIDI_OFI_handle_cq_error:Input/output error - Invalid request descriptor)

aborting job:
Fatal error in PMPI_Waitall: Other MPI error, error stack:
PMPI_Waitall(378)..............: MPI_Waitall(count=1022, req_array=0xe99800, status_array=0x1) failed
MPIR_Waitall(167)..............: 
MPIR_Waitall_impl(51)..........: 
MPID_Progress_wait(201)........: 
MPIDI_Progress_test(97)........: 
MPICH ERROR [Rank 316] [job id 16728352.0] [Sat Mar 14 17:11:01 2026] [nid007044] - Abort(2766991) (rank 316 in comm 0): Fatal error in PMPI_Waitall: Other MPI error, error stack:
PMPI_Waitall(378)..............: MPI_Waitall(count=1022, req_array=0x1cb09b0, status_array=0x1) failed
MPIR_Waitall(167)..............: 
MPIR_Waitall_impl(51)..........: 
MPID_Progress_wait(201)........: 
MPIDI_Progress_test(97)........: 
MPIDI_OFI_handle_cq_error(1310): OFI poll failed (ofi_events.c:1312:MPIDI_OFI_handle_cq_error:Input/output error - Invalid request descriptor)

aborting job:
Fatal error in PMPI_Waitall: Other MPI error, error stack:
PMPI_Waitall(378)..............: MPI_Waitall(count=1022, req_array=0x1cb09b0, status_array=0x1) failed
MPIR_Waitall(167)..............: 
MPIR_Waitall_impl(51)..........: 
MPID_Progress_wait(201)........: 
MPIDI_Progress_test(97)........: 
MPIDI_OFI_handle_cq_error(1310): OFI poll failed (ofi_events.c:1312:MPIDI_OFI_handle_cq_error:Input/output error - Invalid request descriptor)
MPICH ERROR [Rank 321] [job id 16728352.0] [Sat Mar 14 17:10:56 2026] [nid007199] - Abort(673855631) (rank 321 in comm 0): Fatal error in PMPI_Waitall: Other MPI error, error stack:
PMPI_Waitall(378)..............: MPI_Waitall(count=1022, req_array=0x1457e50, status_array=0x1) failed
MPIR_Waitall(167)..............: 
MPIR_Waitall_impl(51)..........: 
MPID_Progress_wait(201)........: 
MPIDI_Progress_test(97)........: 
MPIDI_OFI_handle_cq_error(1310): OFI poll failed (ofi_events.c:1312:MPIDI_OFI_handle_cq_error:Input/output error - Invalid request descriptor)

aborting job:
Fatal error in PMPI_Waitall: Other MPI error, error stack:
PMPI_Waitall(378)..............: MPI_Waitall(count=1022, req_array=0x1457e50, status_array=0x1) failed
MPIR_Waitall(167)..............: 
MPIR_Waitall_impl(51)..........: 
MPID_Progress_wait(201)........: 
MPIDI_Progress_test(97)........: 
MPIDI_OFI_handle_cq_error(1310): OFI poll failed (ofi_events.c:1312:MPIDI_OFI_handle_cq_error:Input/output error - Invalid request descriptor)
MPICH ERROR [Rank 317] [job id 16728352.0] [Sat Mar 14 17:11:01 2026] [nid007044] - Abort(673855631) (rank 317 in comm 0): Fatal error in PMPI_Waitall: Other MPI error, error stack:
PMPI_Waitall(378)..............: MPI_Waitall(count=1022, req_array=0x1fce8d0, status_array=0x1) failed
MPIR_Waitall(167)..............: 
MPIR_Waitall_impl(51)..........: 
MPID_Progress_wait(201)........: 
MPIDI_Progress_test(97)........: 
MPIDI_OFI_handle_cq_error(1310): OFI poll failed (ofi_events.c:1312:MPIDI_OFI_handle_cq_error:Input/output error - Invalid request descriptor)

aborting job:
Fatal error in PMPI_Waitall: Other MPI error, error stack:
PMPI_Waitall(378)..............: MPI_Waitall(count=1022, req_array=0x1fce8d0, status_array=0x1) failed
MPIR_Waitall(167)..............: 
MPIR_Waitall_impl(51)..........: 
MPID_Progress_wait(201)........: 
MPIDI_Progress_test(97)........: 
MPIDI_OFI_handle_cq_error(1310): OFI poll failed (ofi_events.c:1312:MPIDI_OFI_handle_cq_error:Input/output error - Invalid request descriptor)
MPIDI_OFI_handle_cq_error(1310): OFI poll failed (ofi_events.c:1312:MPIDI_OFI_handle_cq_error:Input/output error - Invalid request descriptor)
MPICH ERROR [Rank 317] [job id 16728352.0] [Sat Mar 14 17:11:01 2026] [nid007044] - Abort(822700687) (rank 317 in comm 0): Fatal error in PMPI_Finalize: Other MPI error, error stack:
PMPI_Finalize(214).....................: MPI_Finalize failed
PMPI_Finalize(161).....................: 
MPID_Finalize(718).....................: 
MPIDI_CRAY_ofi_gather_cxi_counters(729): 
MPIR_CRAY_Barrier(214).................: 
MPIR_Barrier_impl(165).................: 
MPIR_Barrier_intra_auto(109)...........: 
MPIR_Barrier_intra_dissemination(45)...: 
MPIC_Sendrecv(341).....................: 
MPIC_Wait(71)..........................: 
MPIR_Wait_impl(41).....................: 
MPID_Progress_wait(201)................: 
MPIDI_Progress_test(97)................: 
MPIDI_OFI_handle_cq_error(1310)........: OFI poll failed (ofi_events.c:1312:MPIDI_OFI_handle_cq_error:Input/output error - Invalid request descriptor)
MPIR_Barrier_intra_dissemination(45)...: 
MPIC_Sendrecv(341).....................: 
MPICH ERROR [Rank 320] [job id 16728352.0] [Sat Mar 14 17:10:56 2026] [nid007199] - Abort(822700687) (rank 320 in comm 0): Fatal error in PMPI_Finalize: Other MPI error, error stack:
PMPI_Finalize(214).....................: MPI_Finalize failed
PMPI_Finalize(161).....................: 
MPID_Finalize(718).....................: 
MPIDI_CRAY_ofi_gather_cxi_counters(729): 
MPIR_CRAY_Barrier(214).................: 
MPIR_Barrier_impl(165).................: 
MPIR_Barrier_intra_auto(109)...........: 
MPIR_Barrier_intra_dissemination(45)...: 
MPIC_Sendrecv(341).....................: 
MPIC_Wait(71)..........................: 
MPIR_Wait_impl(41).....................: 
MPID_Progress_wait(201)................: 
MPIDI_Progress_test(97)................: 
MPIDI_OFI_handle_cq_error(1310)........: OFI poll failed (ofi_events.c:1312:MPIDI_OFI_handle_cq_error:Input/output error - Invalid request descriptor)
MPIR_Barrier_intra_dissemination(45)...: 
MPIC_Sendrecv(341).....................: 
MPIC_Wait(71)..........................: 
MPIR_Wait_impl(41).....................: 
MPID_Progress_wait(201)................: 
MPIDI_Progress_test(97)................: 
MPIDI_OFI_handle_cq_error(1310)........: OFI poll failed (ofi_events.c:1312:MPIDI_OFI_handle_cq_error:Input/output error - Invalid request descriptor)
MPIR_Barrier_intra_dissemination(45)...: 
MPIC_Sendrecv(341).....................: 
MPIC_Wait(71)..........................: 
MPIR_Wait_impl(41).....................: 
MPID_Progress_wait(201)................: 
MPIDI_Progress_test(97)................: 
MPIDI_OFI_handle_cq_error(1310)........: OFI poll failed (ofi_events.c:1312:MPIDI_OFI_handle_cq_error:Input/output error - Invalid request descriptor)

aborting job:
Fatal error in PMPI_Finalize: Other MPI error, error stack:
PMPI_Finalize(214).....................: MPI_Finalize failed
PMPI_Finalize(161).....................: 
MPID_Finalize(718).....................: 
MPIDI_CRAY_ofi_gather_cxi_counters(729): 
MPIC_Wait(71)..........................: 
MPIR_Wait_impl(41).....................: 
MPID_Progress_wait(201)................: 
MPIDI_Progress_test(97)................: 
MPIDI_OFI_handle_cq_error(1310)........: OFI poll failed (ofi_events.c:1312:MPIDI_OFI_handle_cq_error:Input/output error - Invalid request descriptor)
MPIR_Barrier_intra_dissemination(45)...: 
MPIC_Sendrecv(341).....................: 
MPIC_Wait(71)..........................: 
MPIR_Wait_impl(41).....................: 
MPID_Progress_wait(201)................: 
MPIDI_Progress_test(97)................: 
MPIDI_OFI_handle_cq_error(1310)........: OFI poll failed (ofi_events.c:1312:MPIDI_OFI_handle_cq_error:Input/output error - Invalid request descriptor)

aborting job:
Fatal error in PMPI_Finalize: Other MPI error, error stack:
PMPI_Finalize(214).....................: MPI_Finalize failed
PMPI_Finalize(161).....................: 
MPID_Finalize(718).....................: 
MPIDI_CRAY_ofi_gather_cxi_counters(729): 
MPIR_CRAY_Barrier(214).................: 
MPIR_Barrier_impl(165).................: 
MPIR_Barrier_intra_auto(109)...........: 
MPIR_Barrier_intra_dissemination(45)...: 
MPIC_Sendrecv(341).....................: 
MPIC_Wait(71)..........................: 
MPIR_Wait_impl(41).....................: 
MPID_Progress_wait(201)................: 
MPIDI_Progress_test(97)................: 
MPIDI_OFI_handle_cq_error(1310)........: OFI poll failed (ofi_events.c:1312:MPIDI_OFI_handle_cq_error:Input/output error - Invalid request descriptor)
MPIR_Barrier_intra_dissemination(45)...: 
MPIC_Sendrecv(341).....................: 
MPIC_Wait(71)..........................: 
MPIR_Wait_impl(41).....................: 
MPID_Progress_wait(201)................: 
MPIDI_Progress_test(97)................: 
MPIDI_OFI_handle_cq_error(1310)........: OFI poll failed (ofi_events.c:1312:MPIDI_OFI_handle_cq_error:Input/output error - Invalid request descriptor)
MPIR_Barrier_intra_dissemination(45)...: 
MPIC_Sendrecv(341).....................: 
MPIR_CRAY_Barrier(214).................: 
MPIR_Barrier_impl(165).................: 
MPIR_Barrier_intra_auto(109)...........: 
MPIR_Barrier_intra_dissemination(45)...: 
MPIC_Sendrecv(341).....................: 
MPIC_Wait(71)..........................: 
MPIR_Wait_impl(41).....................: 
MPID_Progress_wait(201)................: 
MPIDI_Progress_test(97)................: 
MPIDI_OFI_handle_cq_error(1310)........: OFI poll failed (ofi_events.c:1312:MPIDI_OFI_handle_cq_error:Input/output error - Invalid request descriptor)
MPIR_Barrier_intra_dissemination(45)...: 
MPIC_Sendrecv(341).....................: 
MPIC_Wait(71)..........................: 
MPIR_Wait_impl(41).....................: 
MPID_Progress_wait(201)................: 
MPIDI_Progress_test(97)................: 
MPIDI_OFI_handle_cq_error(1310)........: OFI poll failed (ofi_events.c:1312:MPIDI_OFI_handle_cq_error:Input/output error - Invalid request descriptor)
MPIR_Barrier_intra_dissemination(45)...: 
MPIC_Sendrecv(341).....................: 
MPIC_Wait(71)..........................: 
MPIR_Wait_impl(41).....................: 
MPID_Progress_wait(201)................: 
MPIDI_Progress_test(97)................: 
MPIDI_OFI_handle_cq_error(1310)........: OFI poll failed (ofi_events.c:1312:MPIDI_OFI_handle_cq_error:Input/output error - Invalid request descriptor)
MPIC_Wait(71)..........................: 
MPIR_Wait_impl(41).....................: 
MPID_Progress_wait(201)................: 
MPIDI_Progress_test(97)................: 
MPIDI_OFI_handle_cq_error(1310)........: OFI poll failed (ofi_events.c:1312:MPIDI_OFI_handle_cq_error:Input/output error - Invalid request descriptor)
MPICH ERROR [Rank 316] [job id 16728352.0] [Sat Mar 14 17:11:01 2026] [nid007044] - Abort(822700687) (rank 316 in comm 0): Fatal error in PMPI_Finalize: Other MPI error, error stack:
PMPI_Finalize(214).....................: MPI_Finalize failed
PMPI_Finalize(161).....................: 
MPID_Finalize(718).....................: 
MPIDI_CRAY_ofi_gather_cxi_counters(729): 
MPIR_CRAY_Barrier(214).................: 
MPIR_Barrier_impl(165).................: 
MPIR_Barrier_intra_auto(109)...........: 
MPIR_Barrier_intra_dissemination(45)...: 
MPIC_Sendrecv(341).....................: 
MPIC_Wait(71)..........................: 
MPIR_Wait_impl(41).....................: 
MPID_Progress_wait(201)................: 
MPIDI_Progress_test(97)................: 
MPIDI_OFI_handle_cq_error(1310)........: OFI poll failed (ofi_events.c:1312:MPIDI_OFI_handle_cq_error:Input/output error - Invalid request descriptor)
MPIR_Barrier_intra_dissemination(45)...: 
MPIC_Sendrecv(341).....................: 
MPICH ERROR [Rank 321] [job id 16728352.0] [Sat Mar 14 17:10:56 2026] [nid007199] - Abort(822700687) (rank 321 in comm 0): Fatal error in PMPI_Finalize: Other MPI error, error stack:
PMPI_Finalize(214).....................: MPI_Finalize failed
PMPI_Finalize(161).....................: 
MPID_Finalize(718).....................: 
MPIDI_CRAY_ofi_gather_cxi_counters(729): 
MPIR_CRAY_Barrier(214).................: 
MPIR_Barrier_impl(165).................: 
MPIR_Barrier_intra_auto(109)...........: 
MPIR_Barrier_intra_dissemination(45)...: 
MPIC_Sendrecv(341).....................: 
MPIC_Wait(71)..........................: 
MPIR_Wait_impl(41).....................: 
MPID_Progress_wait(201)................: 
MPIDI_Progress_test(97)................: 
MPIDI_OFI_handle_cq_error(1310)........: OFI poll failed (ofi_events.c:1312:MPIDI_OFI_handle_cq_error:Input/output error - Invalid request descriptor)
MPIR_Barrier_intra_dissemination(45)...: 
MPIC_Sendrecv(341).....................: 
MPIC_Wait(71)..........................: 
MPIR_Wait_impl(41).....................: 
MPID_Progress_wait(201)................: 
MPIDI_Progress_test(97)................: 
MPIDI_OFI_handle_cq_error(1310)........: OFI poll failed (ofi_events.c:1312:MPIDI_OFI_handle_cq_error:Input/output error - Invalid request descriptor)
MPIR_Barrier_intra_dissemination(45)...: 
MPIC_Sendrecv(341).....................: 
MPIC_Wait(71)..........................: 
MPIR_Wait_impl(41).....................: 
MPID_Progress_wait(201)................: 
MPIDI_Progress_test(97)................: 
MPIDI_OFI_handle_cq_error(1310)........: OFI poll failed (ofi_events.c:1312:MPIDI_OFI_handle_cq_error:Input/output error - Invalid request descriptor)

aborting job:
Fatal error in PMPI_Finalize: Other MPI error, error stack:
PMPI_Finalize(214).....................: MPI_Finalize failed
PMPI_Finalize(161).....................: 
MPID_Finalize(718).....................: 
MPIDI_CRAY_ofi_gather_cxi_counters(729): 
MPIC_Wait(71)..........................: 
MPIR_Wait_impl(41).....................: 
MPID_Progress_wait(201)................: 
MPIDI_Progress_test(97)................: 
MPIDI_OFI_handle_cq_error(1310)........: OFI poll failed (ofi_events.c:1312:MPIDI_OFI_handle_cq_error:Input/output error - Invalid request descriptor)
MPIR_Barrier_intra_dissemination(45)...: 
MPIC_Sendrecv(341).....................: 
MPIC_Wait(71)..........................: 
MPIR_Wait_impl(41).....................: 
MPID_Progress_wait(201)................: 
MPIDI_Progress_test(97)................: 
MPIDI_OFI_handle_cq_error(1310)........: OFI poll failed (ofi_events.c:1312:MPIDI_OFI_handle_cq_error:Input/output error - Invalid request descriptor)

aborting job:
Fatal error in PMPI_Finalize: Other MPI error, error stack:
PMPI_Finalize(214).....................: MPI_Finalize failed
PMPI_Finalize(161).....................: 
MPID_Finalize(718).....................: 
MPIDI_CRAY_ofi_gather_cxi_counters(729): 
MPIR_CRAY_Barrier(214).................: 
MPIR_Barrier_impl(165).................: 
MPIR_Barrier_intra_auto(109)...........: 
MPIR_Barrier_intra_dissemination(45)...: 
MPIC_Sendrecv(341).....................: 
MPIC_Wait(71)..........................: 
MPIR_Wait_impl(41).....................: 
MPID_Progress_wait(201)................: 
MPIDI_Progress_test(97)................: 
MPIDI_OFI_handle_cq_error(1310)........: OFI poll failed (ofi_events.c:1312:MPIDI_OFI_handle_cq_error:Input/output error - Invalid request descriptor)
MPIR_Barrier_intra_dissemination(45)...: 
MPIC_Sendrecv(341).....................: 
MPIC_Wait(71)..........................: 
MPIR_Wait_impl(41).....................: 
MPID_Progress_wait(201)................: 
MPIDI_Progress_test(97)................: 
MPIDI_OFI_handle_cq_error(1310)........: OFI poll failed (ofi_events.c:1312:MPIDI_OFI_handle_cq_error:Input/output error - Invalid request descriptor)
MPIR_Barrier_intra_dissemination(45)...: 
MPIC_Sendrecv(341).....................: 
MPIR_CRAY_Barrier(214).................: 
MPIR_Barrier_impl(165).................: 
MPIR_Barrier_intra_auto(109)...........: 
MPIR_Barrier_intra_dissemination(45)...: 
MPIC_Sendrecv(341).....................: 
MPIC_Wait(71)..........................: 
MPIR_Wait_impl(41).....................: 
MPID_Progress_wait(201)................: 
MPIDI_Progress_test(97)................: 
MPIDI_OFI_handle_cq_error(1310)........: OFI poll failed (ofi_events.c:1312:MPIDI_OFI_handle_cq_error:Input/output error - Invalid request descriptor)
MPIR_Barrier_intra_dissemination(45)...: 
MPIC_Sendrecv(341).....................: 
MPIC_Wait(71)..........................: 
MPIR_Wait_impl(41).....................: 
MPID_Progress_wait(201)................: 
MPIDI_Progress_test(97)................: 
MPIDI_OFI_handle_cq_error(1310)........: OFI poll failed (ofi_events.c:1312:MPIDI_OFI_handle_cq_error:Input/output error - Invalid request descriptor)
MPIR_Barrier_intra_dissemination(45)...: 
MPIC_Sendrecv(341).....................: 
MPIC_Wait(71)..........................: 
MPIR_Wait_impl(41).....................: 
MPID_Progress_wait(201)................: 
MPIDI_Progress_test(97)................: 
MPIDI_OFI_handle_cq_error(1310)........: OFI poll failed (ofi_events.c:1312:MPIDI_OFI_handle_cq_error:Input/output error - Invalid request descriptor)
MPIC_Wait(71)..........................: 
MPIR_Wait_impl(41).....................: 
MPID_Progress_wait(201)................: 
MPIDI_Progress_test(97)................: 
MPIDI_OFI_handle_cq_error(1310)........: OFI poll failed (ofi_events.c:1312:MPIDI_OFI_handle_cq_error:Input/output error - Invalid request descriptor)
MPICH ERROR [Rank 324] [job id 16728352.0] [Sat Mar 14 17:11:02 2026] [nid007199] - Abort(606746767) (rank 324 in comm 0): Fatal error in PMPI_Waitall: Other MPI error, error stack:
PMPI_Waitall(378)..............: MPI_Waitall(count=1022, req_array=0x1a93750, status_array=0x1) failed
MPIR_Waitall(167)..............: 
MPIR_Waitall_impl(51)..........: 
MPID_Progress_wait(201)........: 
MPIDI_Progress_test(97)........: 
MPIDI_OFI_handle_cq_error(1310): OFI poll failed (ofi_events.c:1312:MPIDI_OFI_handle_cq_error:Input/output error - Invalid request descriptor)

aborting job:
Fatal error in PMPI_Waitall: Other MPI error, error stack:
PMPI_Waitall(378)..............: MPI_Waitall(count=1022, req_array=0x1a93750, status_array=0x1) failed
MPIR_Waitall(167)..............: 
MPIR_Waitall_impl(51)..........: 
MPID_Progress_wait(201)........: 
MPIDI_Progress_test(97)........: 
MPIDI_OFI_handle_cq_error(1310): OFI poll failed (ofi_events.c:1312:MPIDI_OFI_handle_cq_error:Input/output error - Invalid request descriptor)
MPICH ERROR [Rank 318] [job id 16728352.0] [Sat Mar 14 17:11:06 2026] [nid007044] - Abort(875182223) (rank 318 in comm 0): Fatal error in PMPI_Waitall: Other MPI error, error stack:
PMPI_Waitall(378)..............: MPI_Waitall(count=1022, req_array=0x1eb4110, status_array=0x1) failed
MPIR_Waitall(167)..............: 
MPIR_Waitall_impl(51)..........: 
MPID_Progress_wait(201)........: 
MPIDI_Progress_test(97)........: 
MPIDI_OFI_handle_cq_error(1310): OFI poll failed (ofi_events.c:1312:MPIDI_OFI_handle_cq_error:Input/output error - Invalid request descriptor)

aborting job:
Fatal error in PMPI_Waitall: Other MPI error, error stack:
PMPI_Waitall(378)..............: MPI_Waitall(count=1022, req_array=0x1eb4110, status_array=0x1) failed
MPIR_Waitall(167)..............: 
MPIR_Waitall_impl(51)..........: 
MPID_Progress_wait(201)........: 
MPIDI_Progress_test(97)........: 
MPIDI_OFI_handle_cq_error(1310): OFI poll failed (ofi_events.c:1312:MPIDI_OFI_handle_cq_error:Input/output error - Invalid request descriptor)
MPICH ERROR [Rank 325] [job id 16728352.0] [Sat Mar 14 17:11:02 2026] [nid007199] - Abort(405420175) (rank 325 in comm 0): Fatal error in PMPI_Waitall: Other MPI error, error stack:
PMPI_Waitall(378)..............: MPI_Waitall(count=1022, req_array=0x1e21e90, status_array=0x1) failed
MPIR_Waitall(167)..............: 
MPIR_Waitall_impl(51)..........: 
MPID_Progress_wait(201)........: 
MPIDI_Progress_test(97)........: 
MPIDI_OFI_handle_cq_error(1310): OFI poll failed (ofi_events.c:1312:MPIDI_OFI_handle_cq_error:Input/output error - Invalid request descriptor)

aborting job:
Fatal error in PMPI_Waitall: Other MPI error, error stack:
PMPI_Waitall(378)..............: MPI_Waitall(count=1022, req_array=0x1e21e90, status_array=0x1) failed
MPIR_Waitall(167)..............: 
MPIR_Waitall_impl(51)..........: 
MPID_Progress_wait(201)........: 
MPIDI_Progress_test(97)........: 
MPIDI_OFI_handle_cq_error(1310): OFI poll failed (ofi_events.c:1312:MPIDI_OFI_handle_cq_error:Input/output error - Invalid request descriptor)
MPICH ERROR [Rank 319] [job id 16728352.0] [Sat Mar 14 17:11:06 2026] [nid007044] - Abort(136984719) (rank 319 in comm 0): Fatal error in PMPI_Waitall: Other MPI error, error stack:
PMPI_Waitall(378)..............: MPI_Waitall(count=1022, req_array=0x1fab090, status_array=0x1) failed
MPIR_Waitall(167)..............: 
MPIR_Waitall_impl(51)..........: 
MPID_Progress_wait(201)........: 
MPIDI_Progress_test(97)........: 
MPIDI_OFI_handle_cq_error(1310): OFI poll failed (ofi_events.c:1312:MPIDI_OFI_handle_cq_error:Input/output error - Invalid request descriptor)

aborting job:
Fatal error in PMPI_Waitall: Other MPI error, error stack:
PMPI_Waitall(378)..............: MPI_Waitall(count=1022, req_array=0x1fab090, status_array=0x1) failed
MPIR_Waitall(167)..............: 
MPIR_Waitall_impl(51)..........: 
MPID_Progress_wait(201)........: 
MPIDI_Progress_test(97)........: 
MPIDI_OFI_handle_cq_error(1310): OFI poll failed (ofi_events.c:1312:MPIDI_OFI_handle_cq_error:Input/output error - Invalid request descriptor)
MPICH ERROR [Rank 327] [job id 16728352.0] [Sat Mar 14 17:11:06 2026] [nid007199] - Abort(338311311) (rank 327 in comm 0): Fatal error in PMPI_Waitall: Other MPI error, error stack:
PMPI_Waitall(378)..............: MPI_Waitall(count=1022, req_array=0x11f6350, status_array=0x1) failed
MPIR_Waitall(167)..............: 
MPIR_Waitall_impl(51)..........: 
MPID_Progress_wait(201)........: 
MPIDI_Progress_test(97)........: 
MPIDI_OFI_handle_cq_error(1310): OFI poll failed (ofi_events.c:1312:MPIDI_OFI_handle_cq_error:Input/output error - Invalid request descriptor)

aborting job:
Fatal error in PMPI_Waitall: Other MPI error, error stack:
PMPI_Waitall(378)..............: MPI_Waitall(count=1022, req_array=0x11f6350, status_array=0x1) failed
MPIR_Waitall(167)..............: 
MPIR_Waitall_impl(51)..........: 
MPID_Progress_wait(201)........: 
MPIDI_Progress_test(97)........: 
MPIDI_OFI_handle_cq_error(1310): OFI poll failed (ofi_events.c:1312:MPIDI_OFI_handle_cq_error:Input/output error - Invalid request descriptor)
MPICH ERROR [Rank 313] [job id 16728352.0] [Sat Mar 14 17:11:06 2026] [nid007044] - Abort(815360655) (rank 313 in comm 0): Fatal error in PMPI_Finalize: Other MPI error, error stack:
PMPI_Finalize(214).....................: MPI_Finalize failed
PMPI_Finalize(161).....................: 
MPID_Finalize(718).....................: 
MPIDI_CRAY_ofi_gather_cxi_counters(729): 
MPIR_CRAY_Barrier(214).................: 
MPIR_Barrier_impl(165).................: 
MPIR_Barrier_intra_auto(109)...........: 
MPIR_Barrier_intra_dissemination(45)...: 
MPIC_Sendrecv(341).....................: 
MPIC_Wait(71)..........................: 
MPIR_Wait_impl(41).....................: 
MPID_Progress_wait(201)................: 
MPIDI_Progress_test(97)................: 
MPIDI_OFI_handle_cq_error(1310)........: OFI poll failed (ofi_events.c:1312:MPIDI_OFI_handle_cq_error:Input/output error - Invalid request descriptor)

srun: error: slurm_send_node_msg: [socket:[1466640818]] slurm_bufs_sendto(msg_type=RESPONSE_SLURM_RC) failed: Unexpected missingMPICH ERROR [Rank 326] [job id 16728352.0] [Sat Mar 14 17:11:06 2026] [nid007199] - Abort(472529039) (rank 326 in comm 0): Fatal error in PMPI_Waitall: Other MPI error, error stack:
 socket error
PMPI_Waitall(378)..............: MPI_Waitall(count=1022, req_array=0xf3d920, status_array=0x1) failed
MPIR_Waitall(167)..............: 
MPIR_Waitall_impl(51)..........: 
MPID_Progress_wait(201)........: 
MPIDI_Progress_test(97)........: 
MPIDI_OFI_handle_cq_error(1310): OFI poll failed (ofi_events.c:1312:MPIDI_OFI_handle_cq_error:Input/output error - Invalid request descriptor)

aborting job:
Fatal error in PMPI_Waitall: Other MPI error, error stack:
PMPI_Waitall(378)..............: MPI_Waitall(count=1022, req_array=0xf3d920, status_array=0x1) failed
MPIR_Waitall(167)..............: 
MPIR_Waitall_impl(51)..........: 
MPID_Progress_wait(201)........: 
MPIDI_Progress_test(97)........: 
MPIDI_OFI_handle_cq_error(1310): OFI poll failed (ofi_events.c:1312:MPIDI_OFI_handle_cq_error:Input/output error - Invalid request descriptor)
MPICH ERROR [Rank 319] [job id 16728352.0] [Sat Mar 14 17:11:06 2026] [nid007044] - Abort(819030671) (rank 319 in comm 0): Fatal error in PMPI_Finalize: Other MPI error, error stack:
PMPI_Finalize(214).....................: MPI_Finalize failed
PMPI_Finalize(161).....................: 
MPID_Finalize(718).....................: 
MPIDI_CRAY_ofi_gather_cxi_counters(729): 
MPIR_CRAY_Barrier(214).................: 
MPIR_Barrier_impl(165).................: 
MPIR_Barrier_intra_auto(109)...........: 
MPIR_Barrier_intra_dissemination(45)...: 
MPIC_Sendrecv(341).....................: 
MPIC_Wait(71)..........................: 
MPIR_Wait_impl(41).....................: 
MPID_Progress_wait(201)................: 
MPIDI_Progress_test(97)................: 
MPIDI_OFI_handle_cq_error(1310)........: OFI poll failed (ofi_events.c:1312:MPIDI_OFI_handle_cq_error:Input/output error - Invalid request descriptor)
MPIR_Barrier_intra_dissemination(45)...: 
MPIC_Sendrecv(341).....................: 
MPICH ERROR [Rank 326] [job id 16728352.0] [Sat Mar 14 17:11:06 2026] [nid007199] - Abort(815360655) (rank 326 in comm 0): Fatal error in PMPI_Finalize: Other MPI error, error stack:
PMPI_Finalize(214).....................: MPI_Finalize failed
PMPI_Finalize(161).....................: 
MPID_Finalize(718).....................: 
MPIDI_CRAY_ofi_gather_cxi_counters(729): 
MPIR_CRAY_Barrier(214).................: 
MPIR_Barrier_impl(165).................: 
MPIR_Barrier_intra_auto(109)...........: 
MPIR_Barrier_intra_dissemination(45)...: 
MPIC_Sendrecv(341).....................: 
MPIC_Wait(71)..........................: 
MPIR_Wait_impl(41).....................: 
MPID_Progress_wait(201)................: 
MPIDI_Progress_test(97)................: 
MPIDI_OFI_handle_cq_error(1310)........: OFI poll failed (ofi_events.c:1312:MPIDI_OFI_handle_cq_error:Input/output error - Invalid request descriptor)

aborting job:
Fatal error in PMPI_Finalize: Other MPI error, error stack:
MPIC_Wait(71)..........................: 
MPIR_Wait_impl(41).....................: 
MPID_Progress_wait(201)................: 
MPIDI_Progress_test(97)................: 
MPIDI_OFI_handle_cq_error(1310)........: OFI poll failed (ofi_events.c:1312:MPIDI_OFI_handle_cq_error:Input/output error - Invalid request descriptor)

aborting job:
Fatal error in PMPI_Finalize: Other MPI error, error stack:
PMPI_Finalize(214).....................: MPI_Finalize failed
PMPI_Finalize(161).....................: 
MPID_Finalize(718).....................: 
MPIDI_CRAY_ofi_gather_cxi_counters(729): 
MPIR_CRAY_Barrier(214).................: 
MPIR_Barrier_impl(165).................: 
MPIR_Barrier_intra_auto(109)...........: 
MPIR_Barrier_intra_dissemination(45)...: 
MPIC_Sendrecv(341).....................: 
MPIC_Wait(71)..........................: 
MPIR_Wait_impl(41).....................: 
MPID_Progress_wait(201)................: 
MPIDI_Progress_test(97)................: 
PMPI_Finalize(214).....................: MPI_Finalize failed
PMPI_Finalize(161).....................: 
MPID_Finalize(718).....................: 
MPIDI_CRAY_ofi_gather_cxi_counters(729): 
MPIR_CRAY_Barrier(214).................: 
MPIR_Barrier_impl(165).................: 
MPIR_Barrier_intra_auto(109)...........: 
MPIR_Barrier_intra_dissemination(45)...: 
MPIC_Sendrecv(341).....................: 
MPIC_Wait(71)..........................: 
MPIR_Wait_impl(41).....................: 
MPID_Progress_wait(201)................: 
MPIDI_Progress_test(97)................: 
MPIDI_OFI_handle_cq_error(1310)........: OFI poll failed (ofi_events.c:1312:MPIDI_OFI_handle_cq_error:Input/output error - Invalid request descriptor)
MPIDI_OFI_handle_cq_error(1310)........: OFI poll failed (ofi_events.c:1312:MPIDI_OFI_handle_cq_error:Input/output error - Invalid request descriptor)
MPIR_Barrier_intra_dissemination(45)...: 
MPIC_Sendrecv(341).....................: 
MPIC_Wait(71)..........................: 
MPIR_Wait_impl(41).....................: 
srun: error: nid007199: task 320: Exited with exit code 255
MPID_Progress_wait(201)................: 
MPIDI_Progress_test(97)................: 
srun: error: Task 320 reported exit for a second time.
MPIDI_OFI_handle_cq_error(1310)........: OFI poll failed (ofi_events.c:1312:MPIDI_OFI_handle_cq_error:Input/output error - Invalid request descriptor)
aborting job:
Fatal error in PMPI_Finalize: Other MPI error, error stack:
PMPI_Finalize(214).....................: MPI_Finalize failed
PMPI_Finalize(161).....................: 
MPID_Finalize(718).....................: 
MPIDI_CRAY_ofi_gather_cxi_counters(729): 
MPIR_CRAY_Barrier(214).................: 
MPIR_Barrier_impl(165).................: 
MPIR_Barrier_intra_auto(109)...........: 
MPIR_Barrier_intra_dissemination(45)...: 
MPIC_Sendrecv(341).....................: 
MPIC_Wait(71)..........................: 
MPIR_Wait_impl(41).....................: 
MPID_Progress_wait(201)................: 
MPIDI_Progress_test(97)................: 
MPIDI_OFI_handle_cq_error(1310)........: OFI poll failed (ofi_events.c:1312:MPIDI_OFI_handle_cq_error:Input/output error - Invalid request descriptor)
MPICH ERROR [Rank 318] [job id 16728352.0] [Sat Mar 14 17:11:06 2026] [nid007044] - Abort(815360655) (rank 318 in comm 0): Fatal error in PMPI_Finalize: Other MPI error, error stack:
PMPI_Finalize(214).....................: MPI_Finalize failed
PMPI_Finalize(161).....................: 
MPID_Finalize(718).....................: 
MPIDI_CRAY_ofi_gather_cxi_counters(729): 
MPIR_CRAY_Barrier(214).................: 
MPIR_Barrier_impl(165).................: 
MPIR_Barrier_intra_auto(109)...........: 
MPIR_Barrier_intra_dissemination(45)...: 
MPIC_Sendrecv(341).....................: 
MPIC_Wait(71)..........................: 
MPIR_Wait_impl(41).....................: 
MPID_Progress_wait(201)................: 
MPIDI_Progress_test(97)................: 
MPIDI_OFI_handle_cq_error(1310)........: OFI poll failed (ofi_events.c:1312:MPIDI_OFI_handle_cq_error:Input/output error - Invalid request descriptor)

aborting job:
Fatal error in PMPI_Finalize: Other MPI error, error stack:
PMPI_Finalize(214).....................: MPI_Finalize failed
PMPI_Finalize(161).....................: 
MPID_Finalize(718).....................: 
MPIDI_CRAY_ofi_gather_cxi_counters(729): 
MPIR_CRAY_Barrier(214).................: 
MPIR_Barrier_impl(165).................: 
MPIR_Barrier_intra_auto(109)...........: 
MPIR_Barrier_intra_dissemination(45)...: 
MPIC_Sendrecv(341).....................: 
MPIC_Wait(71)..........................: 
MPIR_Wait_impl(41).....................: 
MPID_Progress_wait(201)................: 
MPIDI_Progress_test(97)................: 
MPIDI_OFI_handle_cq_error(1310)........: OFI poll failed (ofi_events.c:1312:MPIDI_OFI_handle_cq_error:Input/output error - Invalid request descriptor)
srun: error: nid007044: tasks 316-317: Exited with exit code 255
srun: error: nid007199: tasks 321,326: Exited with exit code 255
srun: error: nid007044: task 312: Terminated
srun: error: nid007044: tasks 313,318-319: Exited with exit code 255
slurmstepd: error: Failed to destroy CXI Service ID 5 (cxi0): Device or resource busy
slurmstepd: error: Failed to destroy CXI Service ID 5 (cxi0): Device or resource busy
srun: error: nid006619: tasks 280,282-287: Terminated
slurmstepd: error: Failed to destroy CXI Service ID 5 (cxi2): Device or resource busy
srun: error: nid006618: tasks 272-279: Terminated
srun: error: nid007550: tasks 448-455: Terminated
slurmstepd: error: Failed to destroy CXI Service ID 5 (cxi1): Device or resource busy
srun: error: nid007603: tasks 504-511: Terminated
srun: error: nid007455: tasks 392-393,395-399: Terminated
slurmstepd: error: Failed to destroy CXI Service ID 5 (cxi0): Device or resource busy
slurmstepd: error: Failed to destroy CXI Service ID 5 (cxi0): Device or resource busy
slurmstepd: error: Failed to destroy CXI Service ID 5 (cxi2): Device or resource busy
slurmstepd: error: Failed to destroy CXI Service ID 5 (cxi1): Device or resource busy
slurmstepd: error: Failed to destroy CXI Service ID 5 (cxi0): Device or resource busy
slurmstepd: error: Failed to destroy CXI Service ID 5 (cxi0): Device or resource busy
slurmstepd: error: Failed to destroy CXI Service ID 5 (cxi2): Device or resource busy
slurmstepd: error: Failed to destroy CXI Service ID 5 (cxi1): Device or resource busy
slurmstepd: error: Failed to destroy CXI Service ID 5 (cxi0): Device or resource busy
slurmstepd: error: Failed to destroy CXI Service ID 5 (cxi0): Device or resource busy
slurmstepd: error: Failed to destroy CXI Service ID 5 (cxi2): Device or resource busy
slurmstepd: error: Failed to destroy CXI Service ID 5 (cxi1): Device or resource busy
slurmstepd: error: Failed to destroy CXI Service ID 5 (cxi0): Device or resource busy
slurmstepd: error: Failed to destroy CXI Service ID 5 (cxi0): Device or resource busy
slurmstepd: error: Failed to destroy CXI Service ID 5 (cxi2): Device or resource busy
slurmstepd: error: Failed to destroy CXI Service ID 5 (cxi1): Device or resource busy
slurmstepd: error: Failed to destroy CXI Service ID 5 (cxi2): Device or resource busy
slurmstepd: error: Failed to destroy CXI Service ID 5 (cxi2): Device or resource busy
slurmstepd: error: Failed to destroy CXI Service ID 5 (cxi3): Device or resource busy
slurmstepd: error: Failed to destroy CXI Service ID 5 (cxi2): Device or resource busy
MPICH ERROR [Rank 133] [job id 16728352.0] [Sat Mar 14 17:11:18 2026] [nid005974] - Abort(405420175) (rank 133 in comm 0): Fatal error in PMPI_Waitall: Other MPI error, error stack:
PMPI_Waitall(378)..............: MPI_Waitall(count=1022, req_array=0x1a8d720, status_array=0x1) failed
MPIR_Waitall(167)..............: 
MPIR_Waitall_impl(51)..........: 
MPID_Progress_wait(201)........: 
MPIDI_Progress_test(97)........: 
MPIDI_OFI_handle_cq_error(1310): OFI poll failed (ofi_events.c:1312:MPIDI_OFI_handle_cq_error:No route to host - No such file or directory)

aborting job:
Fatal error in PMPI_Waitall: Other MPI error, error stack:
PMPI_Waitall(378)..............: MPI_Waitall(count=1022, req_array=0x1a8d720, status_array=0x1) failed
MPIR_Waitall(167)..............: 
MPIR_Waitall_impl(51)..........: 
MPID_Progress_wait(201)........: 
MPIDI_Progress_test(97)........: 
MPIDI_OFI_handle_cq_error(1310): OFI poll failed (ofi_events.c:1312:MPIDI_OFI_handle_cq_error:No route to host - No such file or directory)
MPICH ERROR [Rank 5] [job id 16728352.0] [Sat Mar 14 17:11:18 2026] [nid005134] - Abort(2766991) (rank 5 in comm 0): Fatal error in PMPI_Waitall: Other MPI error, error stack:
PMPI_Waitall(378)..............: MPI_Waitall(count=1022, req_array=0x1ec2ae0, status_array=0x1) failed
MPIR_Waitall(167)..............: 
MPIR_Waitall_impl(51)..........: 
MPID_Progress_wait(201)........: 
MPIDI_Progress_test(97)........: 
MPIDI_OFI_handle_cq_error(1310): OFI poll failed (ofi_events.c:1312:MPIDI_OFI_handle_cq_error:No route to host - No such file or directory)

aborting job:
Fatal error in PMPI_Waitall: Other MPI error, error stack:
PMPI_Waitall(378)..............: MPI_Waitall(count=1022, req_array=0x1ec2ae0, status_array=0x1) failed
MPIR_Waitall(167)..............: 
MPIR_Waitall_impl(51)..........: 
MPID_Progress_wait(201)........: 
MPIDI_Progress_test(97)........: 
MPIDI_OFI_handle_cq_error(1310): OFI poll failed (ofi_events.c:1312:MPIDI_OFI_handle_cq_error:No route to host - No such file or directory)
MPICH ERROR [Rank 81] [job id 16728352.0] [Sat Mar 14 17:11:18 2026] [nid005446] - Abort(2766991) (rank 81 in comm 0): Fatal error in PMPI_Waitall: Other MPI error, error stack:
PMPI_Waitall(378)..............: MPI_Waitall(count=1022, req_array=0x18e96d0, status_array=0x1) failed
MPIR_Waitall(167)..............: 
MPIR_Waitall_impl(51)..........: 
MPID_Progress_wait(201)........: 
MPIDI_Progress_test(97)........: 
MPIDI_OFI_handle_cq_error(1310): OFI poll failed (ofi_events.c:1312:MPIDI_OFI_handle_cq_error:No route to host - No such file or directory)

aborting job:
Fatal error in PMPI_Waitall: Other MPI error, error stack:
PMPI_Waitall(378)..............: MPI_Waitall(count=1022, req_array=0x18e96d0, status_array=0x1) failed
MPIR_Waitall(167)..............: 
MPIR_Waitall_impl(51)..........: 
MPID_Progress_wait(201)........: 
MPIDI_Progress_test(97)........: 
MPIDI_OFI_handle_cq_error(1310): OFI poll failed (ofi_events.c:1312:MPIDI_OFI_handle_cq_error:No route to host - No such file or directory)
MPICH ERROR [Rank 29] [job id 16728352.0] [Sat Mar 14 17:11:19 2026] [nid005180] - Abort(539637903) (rank 29 in comm 0): Fatal error in PMPI_Waitall: Other MPI error, error stack:
PMPI_Waitall(378)..............: MPI_Waitall(count=1022, req_array=0x1f53b80, status_array=0x1) failed
MPIR_Waitall(167)..............: 
MPIR_Waitall_impl(51)..........: 
MPID_Progress_wait(201)........: 
MPIDI_Progress_test(97)........: 
MPIDI_OFI_handle_cq_error(1310): OFI poll failed (ofi_events.c:1312:MPIDI_OFI_handle_cq_error:No route to host - No such file or directory)

aborting job:
Fatal error in PMPI_Waitall: Other MPI error, error stack:
PMPI_Waitall(378)..............: MPI_Waitall(count=1022, req_array=0x1f53b80, status_array=0x1) failed
MPIR_Waitall(167)..............: 
MPIR_Waitall_impl(51)..........: 
MPID_Progress_wait(201)........: 
MPIDI_Progress_test(97)........: 
MPIDI_OFI_handle_cq_error(1310): OFI poll failed (ofi_events.c:1312:MPIDI_OFI_handle_cq_error:No route to host - No such file or directory)
MPICH ERROR [Rank 253] [job id 16728352.0] [Sat Mar 14 17:11:19 2026] [nid006429] - Abort(472529039) (rank 253 in comm 0): Fatal error in PMPI_Waitall: Other MPI error, error stack:
PMPI_Waitall(378)..............: MPI_Waitall(count=1022, req_array=0xe8c170, status_array=0x1) failed
MPIR_Waitall(167)..............: 
MPIR_Waitall_impl(51)..........: 
MPID_Progress_wait(201)........: 
MPIDI_Progress_test(97)........: 
MPIDI_OFI_handle_cq_error(1310): OFI poll failed (ofi_events.c:1312:MPIDI_OFI_handle_cq_error:No route to host - No such file or directory)

aborting job:
Fatal error in PMPI_Waitall: Other MPI error, error stack:
PMPI_Waitall(378)..............: MPI_Waitall(count=1022, req_array=0xe8c170, status_array=0x1) failed
MPIR_Waitall(167)..............: 
MPIR_Waitall_impl(51)..........: 
MPID_Progress_wait(201)........: 
MPIDI_Progress_test(97)........: 
MPIDI_OFI_handle_cq_error(1310): OFI poll failed (ofi_events.c:1312:MPIDI_OFI_handle_cq_error:No route to host - No such file or directory)
MPICH ERROR [Rank 464] [job id 16728352.0] [Sat Mar 14 17:11:19 2026] [nid007552] - Abort(606746767) (rank 464 in comm 0): Fatal error in PMPI_Waitall: Other MPI error, error stack:
PMPI_Waitall(378)..............: MPI_Waitall(count=1022, req_array=0x1ea9820, status_array=0x1) failed
MPIR_Waitall(167)..............: 
MPIR_Waitall_impl(51)..........: 
MPID_Progress_wait(201)........: 
MPIDI_Progress_test(97)........: 
MPIDI_OFI_handle_cq_error(1310): OFI poll failed (ofi_events.c:1312:MPIDI_OFI_handle_cq_error:No route to host - No such file or directory)

aborting job:
Fatal error in PMPI_Waitall: Other MPI error, error stack:
PMPI_Waitall(378)..............: MPI_Waitall(count=1022, req_array=0x1ea9820, status_array=0x1) failed
MPIR_Waitall(167)..............: 
MPIR_Waitall_impl(51)..........: 
MPID_Progress_wait(201)........: 
MPIDI_Progress_test(97)........: 
MPIDI_OFI_handle_cq_error(1310): OFI poll failed (ofi_events.c:1312:MPIDI_OFI_handle_cq_error:No route to host - No such file or directory)
MPICH ERROR [Rank 28] [job id 16728352.0] [Sat Mar 14 17:11:19 2026] [nid005180] - Abort(69875855) (rank 28 in comm 0): Fatal error in PMPI_Waitall: Other MPI error, error stack:
PMPI_Waitall(378)..............: MPI_Waitall(count=1022, req_array=0x1ec3e10, status_array=0x1) failed
MPIR_Waitall(167)..............: 
MPIR_Waitall_impl(51)..........: 
MPID_Progress_wait(201)........: 
MPIDI_Progress_test(97)........: 
MPIDI_OFI_handle_cq_error(1310): OFI poll failed (ofi_events.c:1312:MPIDI_OFI_handle_cq_error:Transport endpoint is not connected - Inappropriate ioctl for device)

aborting job:
Fatal error in PMPI_Waitall: Other MPI error, error stack:
PMPI_Waitall(378)..............: MPI_Waitall(count=1022, req_array=0x1ec3e10, status_array=0x1) failed
MPIR_Waitall(167)..............: 
MPIR_Waitall_impl(51)..........: 
MPID_Progress_wait(201)........: 
MPIDI_Progress_test(97)........: 
MPIDI_OFI_handle_cq_error(1310): OFI poll failed (ofi_events.c:1312:MPIDI_OFI_handle_cq_error:Transport endpoint is not connected - Inappropriate ioctl for device)
MPICH ERROR [Rank 1] [job id 16728352.0] [Sat Mar 14 17:11:19 2026] [nid005134] - Abort(69875855) (rank 1 in comm 0): Fatal error in PMPI_Waitall: Other MPI error, error stack:
PMPI_Waitall(378)..............: MPI_Waitall(count=1022, req_array=0x1959f40, status_array=0x1) failed
MPIR_Waitall(167)..............: 
MPIR_Waitall_impl(51)..........: 
MPID_Progress_wait(201)........: 
MPIDI_Progress_test(97)........: 
MPIDI_OFI_handle_cq_error(1310): OFI poll failed (ofi_events.c:1312:MPIDI_OFI_handle_cq_error:No route to host - No such file or directory)

aborting job:
Fatal error in PMPI_Waitall: Other MPI error, error stack:
PMPI_Waitall(378)..............: MPI_Waitall(count=1022, req_array=0x1959f40, status_array=0x1) failed
MPIR_Waitall(167)..............: 
MPIR_Waitall_impl(51)..........: 
MPID_Progress_wait(201)........: 
MPIDI_Progress_test(97)........: 
MPIDI_OFI_handle_cq_error(1310): OFI poll failed (ofi_events.c:1312:MPIDI_OFI_handle_cq_error:No route to host - No such file or directory)
slurmstepd: error: *** STEP 16728352.0 ON nid005134 CANCELLED AT 2026-03-14T17:11:19 ***
MPICH ERROR [Rank 271] [job id 16728352.0] [Sat Mar 14 17:11:19 2026] [nid006617] - Abort(69875855) (rank 271 in comm 0): Fatal error in PMPI_Waitall: Other MPI error, error stack:
PMPI_Waitall(378)..............: MPI_Waitall(count=1022, req_array=0x1a74050, status_array=0x1) failed
MPIR_Waitall(167)..............: 
MPIR_Waitall_impl(51)..........: 
MPID_Progress_wait(201)........: 
MPIDI_Progress_test(97)........: 
MPIDI_OFI_handle_cq_error(1310): OFI poll failed (ofi_events.c:1312:MPIDI_OFI_handle_cq_error:No route to host - No such file or directory)

aborting job:
Fatal error in PMPI_Waitall: Other MPI error, error stack:
PMPI_Waitall(378)..............: MPI_Waitall(count=1022, req_array=0x1a74050, status_array=0x1) failed
MPIR_Waitall(167)..............: 
MPIR_Waitall_impl(51)..........: 
MPID_Progress_wait(201)........: 
MPIDI_Progress_test(97)........: 
MPIDI_OFI_handle_cq_error(1310): OFI poll failed (ofi_events.c:1312:MPIDI_OFI_handle_cq_error:No route to host - No such file or directory)
MPICH ERROR [Rank 406] [job id 16728352.0] [Sat Mar 14 17:11:19 2026] [nid007457] - Abort(271202447) (rank 406 in comm 0): Fatal error in PMPI_Waitall: Other MPI error, error stack:
PMPI_Waitall(378)..............: MPI_Waitall(count=1022, req_array=0x13961a0, status_array=0x1) failed
MPIR_Waitall(167)..............: 
MPIR_Waitall_impl(51)..........: 
MPID_Progress_wait(201)........: 
MPIDI_Progress_test(97)........: 
MPIDI_OFI_handle_cq_error(1310): OFI poll failed (ofi_events.c:1312:MPIDI_OFI_handle_cq_error:No route to host - No such file or directory)

aborting job:
Fatal error in PMPI_Waitall: Other MPI error, error stack:
PMPI_Waitall(378)..............: MPI_Waitall(count=1022, req_array=0x13961a0, status_array=0x1) failed
MPIR_Waitall(167)..............: 
MPIR_Waitall_impl(51)..........: 
MPID_Progress_wait(201)........: 
MPIDI_Progress_test(97)........: 
MPIDI_OFI_handle_cq_error(1310): OFI poll failed (ofi_events.c:1312:MPIDI_OFI_handle_cq_error:No route to host - No such file or directory)
MPICH ERROR [Rank 401] [job id 16728352.0] [Sat Mar 14 17:11:19 2026] [nid007457] - Abort(136984719) (rank 401 in comm 0): Fatal error in PMPI_Waitall: Other MPI error, error stack:
PMPI_Waitall(378)..............: MPI_Waitall(count=1022, req_array=0x247ac20, status_array=0x1) failed
MPIR_Waitall(167)..............: 
MPIR_Waitall_impl(51)..........: 
MPID_Progress_wait(201)........: 
MPIDI_Progress_test(97)........: 
MPIDI_OFI_handle_cq_error(1310): OFI poll failed (ofi_events.c:1312:MPIDI_OFI_handle_cq_error:No route to host - No such file or directory)

aborting job:
Fatal error in PMPI_Waitall: Other MPI error, error stack:
PMPI_Waitall(378)..............: MPI_Waitall(count=1022, req_array=0x247ac20, status_array=0x1) failed
MPIR_Waitall(167)..............: 
MPIR_Waitall_impl(51)..........: 
MPID_Progress_wait(201)........: 
MPIDI_Progress_test(97)........: 
MPIDI_OFI_handle_cq_error(1310): OFI poll failed (ofi_events.c:1312:MPIDI_OFI_handle_cq_error:No route to host - No such file or directory)
MPICH ERROR [Rank 355] [job id 16728352.0] [Sat Mar 14 17:11:19 2026] [nid007203] - Abort(69875855) (rank 355 in comm 0): Fatal error in PMPI_Waitall: Other MPI error, error stack:
PMPI_Waitall(378)..............: MPI_Waitall(count=1022, req_array=0x1fbe2b0, status_array=0x1) failed
MPIR_Waitall(167)..............: 
MPIR_Waitall_impl(51)..........: 
MPID_Progress_wait(201)........: 
MPIDI_Progress_test(97)........: 
MPIDI_OFI_handle_cq_error(1310): OFI poll failed (ofi_events.c:1312:MPIDI_OFI_handle_cq_error:No route to host - No such file or directory)

aborting job:
Fatal error in PMPI_Waitall: Other MPI error, error stack:
PMPI_Waitall(378)..............: MPI_Waitall(count=1022, req_array=0x1fbe2b0, status_array=0x1) failed
MPIR_Waitall(167)..............: 
MPIR_Waitall_impl(51)..........: 
MPID_Progress_wait(201)........: 
MPIDI_Progress_test(97)........: 
MPIDI_OFI_handle_cq_error(1310): OFI poll failed (ofi_events.c:1312:MPIDI_OFI_handle_cq_error:No route to host - No such file or directory)
MPICH ERROR [Rank 357] [job id 16728352.0] [Sat Mar 14 17:11:19 2026] [nid007203] - Abort(539637903) (rank 357 in comm 0): Fatal error in PMPI_Waitall: Other MPI error, error stack:
PMPI_Waitall(378)..............: MPI_Waitall(count=1022, req_array=0x1a30040, status_array=0x1) failed
MPIR_Waitall(167)..............: 
MPIR_Waitall_impl(51)..........: 
MPID_Progress_wait(201)........: 
MPIDI_Progress_test(97)........: 
MPIDI_OFI_handle_cq_error(1310): OFI poll failed (ofi_events.c:1312:MPIDI_OFI_handle_cq_error:No route to host - No such file or directory)

aborting job:
Fatal error in PMPI_Waitall: Other MPI error, error stack:
PMPI_Waitall(378)..............: MPI_Waitall(count=1022, req_array=0x1a30040, status_array=0x1) failed
MPIR_Waitall(167)..............: 
MPIR_Waitall_impl(51)..........: 
MPID_Progress_wait(201)........: 
MPIDI_Progress_test(97)........: 
MPIDI_OFI_handle_cq_error(1310): OFI poll failed (ofi_events.c:1312:MPIDI_OFI_handle_cq_error:No route to host - No such file or directory)
MPICH ERROR [Rank 378] [job id 16728352.0] [Sat Mar 14 17:11:19 2026] [nid007308] - Abort(740964495) (rank 378 in comm 0): Fatal error in PMPI_Waitall: Other MPI error, error stack:
PMPI_Waitall(378)..............: MPI_Waitall(count=1022, req_array=0x1dcb0b0, status_array=0x1) failed
MPIR_Waitall(167)..............: 
MPIR_Waitall_impl(51)..........: 
MPID_Progress_wait(201)........: 
MPIDI_Progress_test(97)........: 
MPIDI_OFI_handle_cq_error(1310): OFI poll failed (ofi_events.c:1312:MPIDI_OFI_handle_cq_error:No route to host - No such file or directory)

aborting job:
Fatal error in PMPI_Waitall: Other MPI error, error stack:
PMPI_Waitall(378)..............: MPI_Waitall(count=1022, req_array=0x1dcb0b0, status_array=0x1) failed
MPIR_Waitall(167)..............: 
MPIR_Waitall_impl(51)..........: 
MPID_Progress_wait(201)........: 
MPIDI_Progress_test(97)........: 
MPIDI_OFI_handle_cq_error(1310): OFI poll failed (ofi_events.c:1312:MPIDI_OFI_handle_cq_error:No route to host - No such file or directory)
MPICH ERROR [Rank 358] [job id 16728352.0] [Sat Mar 14 17:11:19 2026] [nid007203] - Abort(472529039) (rank 358 in comm 0): Fatal error in PMPI_Waitall: Other MPI error, error stack:
PMPI_Waitall(378)..............: MPI_Waitall(count=1022, req_array=0x1bb58f0, status_array=0x1) failed
MPIR_Waitall(167)..............: 
MPIR_Waitall_impl(51)..........: 
MPID_Progress_wait(201)........: 
MPIDI_Progress_test(97)........: 
MPIDI_OFI_handle_cq_error(1310): OFI poll failed (ofi_events.c:1312:MPIDI_OFI_handle_cq_error:No route to host - No such file or directory)

aborting job:
Fatal error in PMPI_Waitall: Other MPI error, error stack:
PMPI_Waitall(378)..............: MPI_Waitall(count=1022, req_array=0x1bb58f0, status_array=0x1) failed
MPIR_Waitall(167)..............: 
MPIR_Waitall_impl(51)..........: 
MPID_Progress_wait(201)........: 
MPIDI_Progress_test(97)........: 
MPIDI_OFI_handle_cq_error(1310): OFI poll failed (ofi_events.c:1312:MPIDI_OFI_handle_cq_error:No route to host - No such file or directory)
slurmstepd: error: Failed to destroy CXI Service ID 5 (cxi2): Device or resource busy
MPICH ERROR [Rank 270] [job id 16728352.0] [Sat Mar 14 17:11:19 2026] [nid006617] - Abort(875182223) (rank 270 in comm 0): Fatal error in PMPI_Waitall: Other MPI error, error stack:
PMPI_Waitall(378)..............: MPI_Waitall(count=1022, req_array=0x10d51c0, status_array=0x1) failed
MPIR_Waitall(167)..............: 
MPIR_Waitall_impl(51)..........: 
MPID_Progress_wait(201)........: 
MPIDI_Progress_test(97)........: 
MPIDI_OFI_handle_cq_error(1310): OFI poll failed (ofi_events.c:1312:MPIDI_OFI_handle_cq_error:Transport endpoint is not connected - Inappropriate ioctl for device)

aborting job:
Fatal error in PMPI_Waitall: Other MPI error, error stack:
PMPI_Waitall(378)..............: MPI_Waitall(count=1022, req_array=0x10d51c0, status_array=0x1) failed
MPIR_Waitall(167)..............: 
MPIR_Waitall_impl(51)..........: 
MPID_Progress_wait(201)........: 
MPIDI_Progress_test(97)........: 
MPIDI_OFI_handle_cq_error(1310): OFI poll failed (ofi_events.c:1312:MPIDI_OFI_handle_cq_error:Transport endpoint is not connected - Inappropriate ioctl for device)
MPICH ERROR [Rank 355] [job id 16728352.0] [Sat Mar 14 17:11:19 2026] [nid007203] - Abort(822700687) (rank 355 in comm 0): Fatal error in PMPI_Finalize: Other MPI error, error stack:
PMPI_Finalize(214).....................: MPI_Finalize failed
PMPI_Finalize(161).....................: 
MPID_Finalize(718).....................: 
MPIDI_CRAY_ofi_gather_cxi_counters(729): 
MPIR_CRAY_Barrier(214).................: 
MPIR_Barrier_impl(165).................: 
MPIR_Barrier_intra_auto(109)...........: 
MPIR_Barrier_intra_dissemination(45)...: 
MPIC_Sendrecv(341).....................: 
MPIC_Wait(71)..........................: 
MPIR_Wait_impl(41).....................: 
MPID_Progress_wait(201)................: 
MPIDI_Progress_test(97)................: 
MPIDI_OFI_handle_cq_error(1310)........: OFI poll failed (ofi_events.c:1312:MPIDI_OFI_handle_cq_error:No route to host - No such file or directory)
MPIR_Barrier_intra_dissemination(45)...: 
MPIC_Sendrecv(341).....................: 
MPIC_Wait(71)..........................: 
MPIR_Wait_impl(41).....................: 
MPID_Progress_wait(201)................: 
MPIDI_Progress_test(97)................: 
MPIDI_OFI_handle_cq_error(1310)........: OFI poll failed (ofi_events.c:1312:MPIDI_OFI_handle_cq_error:Transport endpoint is not connected - Inappropriate ioctl for device)
MPIR_Barrier_intra_dissemination(45)...: 
MPIC_Sendrecv(341).....................: 
MPIC_Wait(71)..........................: 
MPIR_Wait_impl(41).....................: 
MPID_Progress_wait(201)................: 
MPIDI_Progress_test(97)................: 
MPIDI_OFI_handle_cq_error(1310)........: OFI poll failed (ofi_events.c:1312:MPIDI_OFI_handle_cq_error:Transport endpoint is not connected - Inappropriate ioctl for device)

aborting job:
Fatal error in PMPI_Finalize: Other MPI error, error stack:
PMPI_Finalize(214).....................: MPI_Finalize failed
PMPI_Finalize(161).....................: 
MPID_Finalize(718).....................: 
MPIDI_CRAY_ofi_gather_cxi_counters(729): 
MPIR_CRAY_Barrier(214).................: 
MPIR_Barrier_impl(165).................: 
MPIR_Barrier_intra_auto(109)...........: 
MPIR_Barrier_intra_dissemination(45)...: 
MPIC_Sendrecv(341).....................: 
MPIC_Wait(71)..........................: 
MPIR_Wait_impl(41).....................: 
MPID_Progress_wait(201)................: 
MPIDI_Progress_test(97)................: 
MPIDI_OFI_handle_cq_error(1310)........: OFI poll failed (ofi_events.c:1312:MPIDI_OFI_handle_cq_error:No route to host - No such file or directory)
MPIR_Barrier_intra_dissemination(45)...: 
MPIC_Sendrecv(341).....................: 
MPIC_Wait(71)..........................: 
MPIR_Wait_impl(41).....................: 
MPID_Progress_wait(201)................: 
MPIDI_Progress_test(97)................: 
MPIDI_OFI_handle_cq_error(1310)........: OFI poll failed (ofi_events.c:1312:MPIDI_OFI_handle_cq_error:Transport endpoint is not connected - Inappropriate ioctl for device)
MPIR_Barrier_intra_dissemination(45)...: 
MPIC_Sendrecv(341).....................: 
MPIC_Wait(71)..........................: 
MPIR_Wait_impl(41).....................: 
MPID_Progress_wait(201)................: 
MPIDI_Progress_test(97)................: 
MPIDI_OFI_handle_cq_error(1310)........: OFI poll failed (ofi_events.c:1312:MPIDI_OFI_handle_cq_error:Transport endpoint is not connected - Inappropriate ioctl for device)
MPICH ERROR [Rank 354] [job id 16728352.0] [Sat Mar 14 17:11:19 2026] [nid007203] - Abort(338311311) (rank 354 in comm 0): Fatal error in PMPI_Waitall: Other MPI error, error stack:
PMPI_Waitall(378)..............: MPI_Waitall(count=1022, req_array=0x1e33370, status_array=0x1) failed
MPIR_Waitall(167)..............: 
MPIR_Waitall_impl(51)..........: 
MPID_Progress_wait(201)........: 
MPIDI_Progress_test(97)........: 
MPIDI_OFI_handle_cq_error(1310): OFI poll failed (ofi_events.c:1312:MPIDI_OFI_handle_cq_error:Transport endpoint is not connected - Inappropriate ioctl for device)

aborting job:
Fatal error in PMPI_Waitall: Other MPI error, error stack:
PMPI_Waitall(378)..............: MPI_Waitall(count=1022, req_array=0x1e33370, status_array=0x1) failed
MPIR_Waitall(167)..............: 
MPIR_Waitall_impl(51)..........: 
MPID_Progress_wait(201)........: 
MPIDI_Progress_test(97)........: 
MPIDI_OFI_handle_cq_error(1310): OFI poll failed (ofi_events.c:1312:MPIDI_OFI_handle_cq_error:Transport endpoint is not connected - Inappropriate ioctl for device)
MPICH ERROR [Rank 401] [job id 16728352.0] [Sat Mar 14 17:11:19 2026] [nid007457] - Abort(822700687) (rank 401 in comm 0): Fatal error in PMPI_Finalize: Other MPI error, error stack:
PMPI_Finalize(214).....................: MPI_Finalize failed
PMPI_Finalize(161).....................: 
MPID_Finalize(718).....................: 
MPIDI_CRAY_ofi_gather_cxi_counters(729): 
MPIR_CRAY_Barrier(214).................: 
MPIR_Barrier_impl(165).................: 
MPIR_Barrier_intra_auto(109)...........: 
MPIR_Barrier_intra_dissemination(45)...: 
MPIC_Sendrecv(341).....................: 
MPIC_Wait(71)..........................: 
MPIR_Wait_impl(41).....................: 
MPID_Progress_wait(201)................: 
MPIDI_Progress_test(97)................: 
MPIDI_OFI_handle_cq_error(1310)........: OFI poll failed (ofi_events.c:1312:MPIDI_OFI_handle_cq_error:No route to host - No such file or directory)
MPIR_Barrier_intra_dissemination(45)...: 
MPIC_Sendrecv(341).....................: 
MPIC_Wait(71)..........................: 
MPIR_Wait_impl(41).....................: 
MPID_Progress_wait(201)................: 
MPIDI_Progress_test(97)................: 
MPIDI_OFI_handle_cq_error(1310)........: OFI poll failed (ofi_events.c:1312:MPIDI_OFI_handle_cq_error:Input/output error - Exchange full)
MPIR_Barrier_intra_dissemination(45)...: 
MPIC_Sendrecv(341).....................: 
MPIC_Wait(71)..........................: 
MPIR_Wait_impl(41).....................: 
MPID_Progress_wait(201)................: 
MPIDI_Progress_test(97)................: 
MPIDI_OFI_handle_cq_error(1310)........: OFI poll failed (ofi_events.c:1312:MPIDI_OFI_handle_cq_error:Input/output error - Exchange full)

aborting job:
Fatal error in PMPI_Finalize: Other MPI error, error stack:
PMPI_Finalize(214).....................: MPI_Finalize failed
PMPI_Finalize(161).....................: 
MPID_Finalize(718).....................: 
MPIDI_CRAY_ofi_gather_cxi_counters(729): 
MPIR_CRAY_Barrier(214).................: 
MPIR_Barrier_impl(165).................: 
MPIR_Barrier_intra_auto(109)...........: 
MPIR_Barrier_intra_dissemination(45)...: 
MPIC_Sendrecv(341).....................: 
MPIC_Wait(71)..........................: 
MPIR_Wait_impl(41).....................: 
MPID_Progress_wait(201)................: 
MPIDI_Progress_test(97)................: 
MPIDI_OFI_handle_cq_error(1310)........: OFI poll failed (ofi_events.c:1312:MPIDI_OFI_handle_cq_error:No route to host - No such file or directory)
MPIR_Barrier_intra_dissemination(45)...: 
MPIC_Sendrecv(341).....................: 
MPIC_Wait(71)..........................: 
MPIR_Wait_impl(41).....................: 
MPID_Progress_wait(201)................: 
MPIDI_Progress_test(97)................: 
MPIDI_OFI_handle_cq_error(1310)........: OFI poll failed (ofi_events.c:1312:MPIDI_OFI_handle_cq_error:Input/output error - Exchange full)
MPIR_Barrier_intra_dissemination(45)...: 
MPIC_Sendrecv(341).....................: 
MPIC_Wait(71)..........................: 
MPIR_Wait_impl(41).....................: 
MPID_Progress_wait(201)................: 
MPIDI_Progress_test(97)................: 
MPIDI_OFI_handle_cq_error(1310)........: OFI poll failed (ofi_events.c:1312:MPIDI_OFI_handle_cq_error:Input/output error - Exchange full)
MPICH ERROR [Rank 270] [job id 16728352.0] [Sat Mar 14 17:11:19 2026] [nid006617] - Abort(822700687) (rank 270 in comm 0): Fatal error in PMPI_Finalize: Other MPI error, error stack:
PMPI_Finalize(214).....................: MPI_Finalize failed
PMPI_Finalize(161).....................: 
MPID_Finalize(718).....................: 
MPIDI_CRAY_ofi_gather_cxi_counters(729): 
MPIR_CRAY_Barrier(214).................: 
MPIR_Barrier_impl(165).................: 
MPIR_Barrier_intra_auto(109)...........: 
MPIR_Barrier_intra_dissemination(45)...: 
MPIC_Sendrecv(341).....................: 
MPIC_Wait(71)..........................: 
MPIR_Wait_impl(41).....................: 
MPID_Progress_wait(201)................: 
MPIDI_Progress_test(97)................: 
MPIDI_OFI_handle_cq_error(1310)........: OFI poll failed (ofi_events.c:1312:MPIDI_OFI_handle_cq_error:Transport endpoint is not connected - Inappropriate ioctl for device)
MPIR_Barrier_intra_dissemination(45)...: 
MPIC_Sendrecv(341).....................: 
MPIC_Wait(71)..........................: 
MPIR_Wait_impl(41).....................: 
MPID_Progress_wait(201)................: 
MPIDI_Progress_test(97)................: 
MPIDI_OFI_handle_cq_error(1310)........: OFI poll failed (ofi_events.c:1312:MPIDI_OFI_handle_cq_error:Input/output error - Exchange full)
MPIR_Barrier_intra_dissemination(45)...: 
MPIC_Sendrecv(341).....................: 
MPIC_Wait(71)..........................: 
MPIR_Wait_impl(41).....................: 
MPID_Progress_wait(201)................: 
MPIDI_Progress_test(97)................: 
MPIDI_OFI_handle_cq_error(1310)........: OFI poll failed (ofi_events.c:1312:MPIDI_OFI_handle_cq_error:Input/output error - Exchange full)

aborting job:
Fatal error in PMPI_Finalize: Other MPI error, error stack:
PMPI_Finalize(214).....................: MPI_Finalize failed
PMPI_Finalize(161).....................: 
MPID_Finalize(718).....................: 
MPIDI_CRAY_ofi_gather_cxi_counters(729): 
MPIR_CRAY_Barrier(214).................: 
MPIR_Barrier_impl(165).................: 
MPIR_Barrier_intra_auto(109)...........: 
MPIR_Barrier_intra_dissemination(45)...: 
MPIC_Sendrecv(341).....................: 
MPIC_Wait(71)..........................: 
MPIR_Wait_impl(41).....................: 
MPID_Progress_wait(201)................: 
MPIDI_Progress_test(97)................: 
MPIDI_OFI_handle_cq_error(1310)........: OFI poll failed (ofi_events.c:1312:MPIDI_OFI_handle_cq_error:Transport endpoint is not connected - Inappropriate ioctl for device)
MPIR_Barrier_intra_dissemination(45)...: 
MPIC_Sendrecv(341).....................: 
MPIC_Wait(71)..........................: 
MPIR_Wait_impl(41).....................: 
MPID_Progress_wait(201)................: 
MPIDI_Progress_test(97)................: 
MPIDI_OFI_handle_cq_error(1310)........: OFI poll failed (ofi_events.c:1312:MPIDI_OFI_handle_cq_error:Input/output error - Exchange full)
MPIR_Barrier_intra_dissemination(45)...: 
MPIC_Sendrecv(341).....................: 
MPIC_Wait(71)..........................: 
MPIR_Wait_impl(41).....................: 
MPID_Progress_wait(201)................: 
MPIDI_Progress_test(97)................: 
MPIDI_OFI_handle_cq_error(1310)........: OFI poll failed (ofi_events.c:1312:MPIDI_OFI_handle_cq_error:Input/output error - Exchange full)
slurmstepd: error: Failed to destroy CXI Service ID 5 (cxi2): Device or resource busy
slurmstepd: error: Failed to destroy CXI Service ID 5 (cxi3): Device or resource busy
MPICH ERROR [Rank 15] [job id 16728352.0] [Sat Mar 14 17:11:19 2026] [nid005137] - Abort(338311311) (rank 15 in comm 0): Fatal error in PMPI_Waitall: Other MPI error, error stack:
PMPI_Waitall(378)..............: MPI_Waitall(count=1022, req_array=0x11e85b0, status_array=0x1) failed
MPIR_Waitall(167)..............: 
MPIR_Waitall_impl(51)..........: 
MPID_Progress_wait(201)........: 
MPIDI_Progress_test(97)........: 
MPIDI_OFI_handle_cq_error(1310): OFI poll failed (ofi_events.c:1312:MPIDI_OFI_handle_cq_error:No route to host - No such file or directory)

aborting job:
Fatal error in PMPI_Waitall: Other MPI error, error stack:
PMPI_Waitall(378)..............: MPI_Waitall(count=1022, req_array=0x11e85b0, status_array=0x1) failed
MPIR_Waitall(167)..............: 
MPIR_Waitall_impl(51)..........: 
MPID_Progress_wait(201)........: 
MPIDI_Progress_test(97)........: 
MPIDI_OFI_handle_cq_error(1310): OFI poll failed (ofi_events.c:1312:MPIDI_OFI_handle_cq_error:No route to host - No such file or directory)
slurmstepd: error: Failed to destroy CXI Service ID 5 (cxi2): Device or resource busy
MPICH ERROR [Rank 271] [job id 16728352.0] [Sat Mar 14 17:11:19 2026] [nid006617] - Abort(822700687) (rank 271 in comm 0): Fatal error in PMPI_Finalize: Other MPI error, error stack:
PMPI_Finalize(214).....................: MPI_Finalize failed
PMPI_Finalize(161).....................: 
MPID_Finalize(718).....................: 
MPIDI_CRAY_ofi_gather_cxi_counters(729): 
MPIR_CRAY_Barrier(214).................: 
MPIR_Barrier_impl(165).................: 
MPIR_Barrier_intra_auto(109)...........: 
MPIR_Barrier_intra_dissemination(45)...: 
MPIC_Sendrecv(341).....................: 
MPIC_Wait(71)..........................: 
MPIR_Wait_impl(41).....................: 
MPID_Progress_wait(201)................: 
MPIDI_Progress_test(97)................: 
MPIDI_OFI_handle_cq_error(1310)........: OFI poll failed (ofi_events.c:1312:MPIDI_OFI_handle_cq_error:No route to host - No such file or directory)
MPIR_Barrier_intra_dissemination(45)...: 
MPIC_Sendrecv(341).....................: 
MPIC_Wait(71)..........................: 
MPIR_Wait_impl(41).....................: 
MPID_Progress_wait(201)................: 
MPIDI_Progress_test(97)................: 
MPIDI_OFI_handle_cq_error(1310)........: OFI poll failed (ofi_events.c:1312:MPIDI_OFI_handle_cq_error:Input/output error - Exchange full)
MPIR_Barrier_intra_dissemination(45)...: 
MPIC_Sendrecv(341).....................: 
MPIC_Wait(71)..........................: 
MPIR_Wait_impl(41).....................: 
MPID_Progress_wait(201)................: 
MPIDI_Progress_test(97)................: 
MPIDI_OFI_handle_cq_error(1310)........: OFI poll failed (ofi_events.c:1312:MPIDI_OFI_handle_cq_error:Input/output error - Exchange full)

aborting job:
Fatal error in PMPI_Finalize: Other MPI error, error stack:
PMPI_Finalize(214).....................: MPI_Finalize failed
PMPI_Finalize(161).....................: 
MPID_Finalize(718).....................: 
MPIDI_CRAY_ofi_gather_cxi_counters(729): 
MPIR_CRAY_Barrier(214).................: 
MPIR_Barrier_impl(165).................: 
MPIR_Barrier_intra_auto(109)...........: 
MPIR_Barrier_intra_dissemination(45)...: 
MPIC_Sendrecv(341).....................: 
MPIC_Wait(71)..........................: 
MPIR_Wait_impl(41).....................: 
MPID_Progress_wait(201)................: 
MPIDI_Progress_test(97)................: 
MPIDI_OFI_handle_cq_error(1310)........: OFI poll failed (ofi_events.c:1312:MPIDI_OFI_handle_cq_error:No route to host - No such file or directory)
MPIR_Barrier_intra_dissemination(45)...: 
MPIC_Sendrecv(341).....................: 
MPIC_Wait(71)..........................: 
MPIR_Wait_impl(41).....................: 
MPID_Progress_wait(201)................: 
MPIDI_Progress_test(97)................: 
MPIDI_OFI_handle_cq_error(1310)........: OFI poll failed (ofi_events.c:1312:MPIDI_OFI_handle_cq_error:Input/output error - Exchange full)
MPIR_Barrier_intra_dissemination(45)...: 
MPIC_Sendrecv(341).....................: 
MPIC_Wait(71)..........................: 
MPIR_Wait_impl(41).....................: 
MPID_Progress_wait(201)................: 
MPIDI_Progress_test(97)................: 
MPIDI_OFI_handle_cq_error(1310)........: OFI poll failed (ofi_events.c:1312:MPIDI_OFI_handle_cq_error:Input/output error - Exchange full)
MPICH ERROR [Rank 207] [job id 16728352.0] [Sat Mar 14 17:11:19 2026] [nid006034] - Abort(740964495) (rank 207 in comm 0): Fatal error in PMPI_Waitall: Other MPI error, error stack:
PMPI_Waitall(378)..............: MPI_Waitall(count=1022, req_array=0x1ad0ea0, status_array=0x1) failed
MPIR_Waitall(167)..............: 
MPIR_Waitall_impl(51)..........: 
MPID_Progress_wait(201)........: 
MPIDI_Progress_test(97)........: 
MPIDI_OFI_handle_cq_error(1310): OFI poll failed (ofi_events.c:1312:MPIDI_OFI_handle_cq_error:No route to host - No such file or directory)

aborting job:
Fatal error in PMPI_Waitall: Other MPI error, error stack:
PMPI_Waitall(378)..............: MPI_Waitall(count=1022, req_array=0x1ad0ea0, status_array=0x1) failed
MPIR_Waitall(167)..............: 
MPIR_Waitall_impl(51)..........: 
MPID_Progress_wait(201)........: 
MPIDI_Progress_test(97)........: 
MPIDI_OFI_handle_cq_error(1310): OFI poll failed (ofi_events.c:1312:MPIDI_OFI_handle_cq_error:No route to host - No such file or directory)
MPICH ERROR [Rank 76] [job id 16728352.0] [Sat Mar 14 17:11:19 2026] [nid005397] - Abort(472529039) (rank 76 in comm 0): Fatal error in PMPI_Waitall: Other MPI error, error stack:
PMPI_Waitall(378)..............: MPI_Waitall(count=1022, req_array=0x1f903e0, status_array=0x1) failed
MPIR_Waitall(167)..............: 
MPIR_Waitall_impl(51)..........: 
MPID_Progress_wait(201)........: 
MPIDI_Progress_test(97)........: 
MPIDI_OFI_handle_cq_error(1310): OFI poll failed (ofi_events.c:1312:MPIDI_OFI_handle_cq_error:No route to host - No such file or directory)

aborting job:
Fatal error in PMPI_Waitall: Other MPI error, error stack:
PMPI_Waitall(378)..............: MPI_Waitall(count=1022, req_array=0x1f903e0, status_array=0x1) failed
MPIR_Waitall(167)..............: 
MPIR_Waitall_impl(51)..........: 
MPID_Progress_wait(201)........: 
MPIDI_Progress_test(97)........: 
MPIDI_OFI_handle_cq_error(1310): OFI poll failed (ofi_events.c:1312:MPIDI_OFI_handle_cq_error:No route to host - No such file or directory)
MPICH ERROR [Rank 78] [job id 16728352.0] [Sat Mar 14 17:11:19 2026] [nid005397] - Abort(2766991) (rank 78 in comm 0): Fatal error in PMPI_Waitall: Other MPI error, error stack:
PMPI_Waitall(378)..............: MPI_Waitall(count=1022, req_array=0x1db0f40, status_array=0x1) failed
MPIR_Waitall(167)..............: 
MPIR_Waitall_impl(51)..........: 
MPID_Progress_wait(201)........: 
MPIDI_Progress_test(97)........: 
MPIDI_OFI_handle_cq_error(1310): OFI poll failed (ofi_events.c:1312:MPIDI_OFI_handle_cq_error:No route to host - No such file or directory)

aborting job:
Fatal error in PMPI_Waitall: Other MPI error, error stack:
PMPI_Waitall(378)..............: MPI_Waitall(count=1022, req_array=0x1db0f40, status_array=0x1) failed
MPIR_Waitall(167)..............: 
MPIR_Waitall_impl(51)..........: 
MPID_Progress_wait(201)........: 
MPIDI_Progress_test(97)........: 
MPIDI_OFI_handle_cq_error(1310): OFI poll failed (ofi_events.c:1312:MPIDI_OFI_handle_cq_error:No route to host - No such file or directory)
MPICH ERROR [Rank 407] [job id 16728352.0] [Sat Mar 14 17:11:19 2026] [nid007457] - Abort(740964495) (rank 407 in comm 0): Fatal error in PMPI_Waitall: Other MPI error, error stack:
PMPI_Waitall(378)..............: MPI_Waitall(count=1022, req_array=0xcc30c0, status_array=0x1) failed
MPIR_Waitall(167)..............: 
MPIR_Waitall_impl(51)..........: 
MPID_Progress_wait(201)........: 
MPIDI_Progress_test(97)........: 
MPIDI_OFI_handle_cq_error(1310): OFI poll failed (ofi_events.c:1312:MPIDI_OFI_handle_cq_error:Transport endpoint is not connected - Inappropriate ioctl for device)

aborting job:
Fatal error in PMPI_Waitall: Other MPI error, error stack:
PMPI_Waitall(378)..............: MPI_Waitall(count=1022, req_array=0xcc30c0, status_array=0x1) failed
MPIR_Waitall(167)..............: 
MPIR_Waitall_impl(51)..........: 
MPID_Progress_wait(201)........: 
MPIDI_Progress_test(97)........: 
MPIDI_OFI_handle_cq_error(1310): OFI poll failed (ofi_events.c:1312:MPIDI_OFI_handle_cq_error:Transport endpoint is not connected - Inappropriate ioctl for device)
slurmstepd: error: Failed to destroy CXI Service ID 5 (cxi0): Device or resource busy
MPICH ERROR [Rank 353] [job id 16728352.0] [Sat Mar 14 17:11:19 2026] [nid007203] - Abort(271202447) (rank 353 in comm 0): Fatal error in PMPI_Waitall: Other MPI error, error stack:
PMPI_Waitall(378)..............: MPI_Waitall(count=1022, req_array=0x1a30000, status_array=0x1) failed
MPIR_Waitall(167)..............: 
MPIR_Waitall_impl(51)..........: 
MPID_Progress_wait(201)........: 
MPIDI_Progress_test(97)........: 
MPIDI_OFI_handle_cq_error(1310): OFI poll failed (ofi_events.c:1312:MPIDI_OFI_handle_cq_error:No route to host - No such file or directory)

aborting job:
Fatal error in PMPI_Waitall: Other MPI error, error stack:
PMPI_Waitall(378)..............: MPI_Waitall(count=1022, req_array=0x1a30000, status_array=0x1) failed
MPIR_Waitall(167)..............: 
MPIR_Waitall_impl(51)..........: 
MPID_Progress_wait(201)........: 
MPIDI_Progress_test(97)........: 
MPIDI_OFI_handle_cq_error(1310): OFI poll failed (ofi_events.c:1312:MPIDI_OFI_handle_cq_error:No route to host - No such file or directory)
MPICH ERROR [Rank 356] [job id 16728352.0] [Sat Mar 14 17:11:19 2026] [nid007203] - Abort(136984719) (rank 356 in comm 0): Fatal error in PMPI_Waitall: Other MPI error, error stack:
PMPI_Waitall(378)..............: MPI_Waitall(count=1022, req_array=0x1f3dc20, status_array=0x1) failed
MPIR_Waitall(167)..............: 
MPIR_Waitall_impl(51)..........: 
MPID_Progress_wait(201)........: 
MPIDI_Progress_test(97)........: 
MPIDI_OFI_handle_cq_error(1310): OFI poll failed (ofi_events.c:1312:MPIDI_OFI_handle_cq_error:Transport endpoint is not connected - Inappropriate ioctl for device)

aborting job:
Fatal error in PMPI_Waitall: Other MPI error, error stack:
PMPI_Waitall(378)..............: MPI_Waitall(count=1022, req_array=0x1f3dc20, status_array=0x1) failed
MPIR_Waitall(167)..............: 
MPIR_Waitall_impl(51)..........: 
MPID_Progress_wait(201)........: 
MPIDI_Progress_test(97)........: 
MPIDI_OFI_handle_cq_error(1310): OFI poll failed (ofi_events.c:1312:MPIDI_OFI_handle_cq_error:Transport endpoint is not connected - Inappropriate ioctl for device)
MPICH ERROR [Rank 357] [job id 16728352.0] [Sat Mar 14 17:11:19 2026] [nid007203] - Abort(819030671) (rank 357 in comm 0): Fatal error in PMPI_Finalize: Other MPI error, error stack:
PMPI_Finalize(214).....................: MPI_Finalize failed
PMPI_Finalize(161).....................: 
MPID_Finalize(718).....................: 
MPIDI_CRAY_ofi_gather_cxi_counters(729): 
MPIR_CRAY_Barrier(214).................: 
MPIR_Barrier_impl(165).................: 
MPIR_Barrier_intra_auto(109)...........: 
MPIR_Barrier_intra_dissemination(45)...: 
MPIC_Sendrecv(341).....................: 
MPIC_Wait(71)..........................: 
MPIR_Wait_impl(41).....................: 
MPID_Progress_wait(201)................: 
MPIDI_Progress_test(97)................: 
MPIDI_OFI_handle_cq_error(1310)........: OFI poll failed (ofi_events.c:1312:MPIDI_OFI_handle_cq_error:No route to host - No such file or directory)
MPIR_Barrier_intra_dissemination(45)...: 
MPIC_Sendrecv(341).....................: 
MPIC_Wait(71)..........................: 
MPIR_Wait_impl(41).....................: 
MPID_Progress_wait(201)................: 
MPIDI_Progress_test(97)................: 
MPIDI_OFI_handle_cq_error(1310)........: OFI poll failed (ofi_events.c:1312:MPIDI_OFI_handle_cq_error:Transport endpoint is not connected - Inappropriate ioctl for device)

aborting job:
Fatal error in PMPI_Finalize: Other MPI error, error stack:
PMPI_Finalize(214).....................: MPI_Finalize failed
PMPI_Finalize(161).....................: 
MPID_Finalize(718).....................: 
MPIDI_CRAY_ofi_gather_cxi_counters(729): 
MPIR_CRAY_Barrier(214).................: 
MPIR_Barrier_impl(165).................: 
MPIR_Barrier_intra_auto(109)...........: 
MPIR_Barrier_intra_dissemination(45)...: 
MPIC_Sendrecv(341).....................: 
MPIC_Wait(71)..........................: 
MPIR_Wait_impl(41).....................: 
MPID_Progress_wait(201)................: 
MPIDI_Progress_test(97)................: 
MPIDI_OFI_handle_cq_error(1310)........: OFI poll failed (ofi_events.c:1312:MPIDI_OFI_handle_cq_error:No route to host - No such file or directory)
MPIR_Barrier_intra_dissemination(45)...: 
MPIC_Sendrecv(341).....................: 
MPIC_Wait(71)..........................: 
MPIR_Wait_impl(41).....................: 
MPID_Progress_wait(201)................: 
MPIDI_Progress_test(97)................: 
MPIDI_OFI_handle_cq_error(1310)........: OFI poll failed (ofi_events.c:1312:MPIDI_OFI_handle_cq_error:Transport endpoint is not connected - Inappropriate ioctl for device)
MPICH ERROR [Rank 356] [job id 16728352.0] [Sat Mar 14 17:11:19 2026] [nid007203] - Abort(815360655) (rank 356 in comm 0): Fatal error in PMPI_Finalize: Other MPI error, error stack:
PMPI_Finalize(214).....................: MPI_Finalize failed
PMPI_Finalize(161).....................: 
MPID_Finalize(718).....................: 
MPIDI_CRAY_ofi_gather_cxi_counters(729): 
MPIR_CRAY_Barrier(214).................: 
MPIR_Barrier_impl(165).................: 
MPIR_Barrier_intra_auto(109)...........: 
MPIR_Barrier_intra_dissemination(45)...: 
MPIC_Sendrecv(341).....................: 
MPIC_Wait(71)..........................: 
MPIR_Wait_impl(41).....................: 
MPID_Progress_wait(201)................: 
MPIDI_Progress_test(97)................: 
MPIDI_OFI_handle_cq_error(1310)........: OFI poll failed (ofi_events.c:1312:MPIDI_OFI_handle_cq_error:Transport endpoint is not connected - Inappropriate ioctl for device)

aborting job:
Fatal error in PMPI_Finalize: Other MPI error, error stack:
PMPI_Finalize(214).....................: MPI_Finalize failed
PMPI_Finalize(161).....................: 
MPID_Finalize(718).....................: 
MPIDI_CRAY_ofi_gather_cxi_counters(729): 
MPIR_CRAY_Barrier(214).................: 
MPIR_Barrier_impl(165).................: 
MPIR_Barrier_intra_auto(109)...........: 
MPIR_Barrier_intra_dissemination(45)...: 
MPIC_Sendrecv(341).....................: 
MPIC_Wait(71)..........................: 
MPIR_Wait_impl(41).....................: 
MPID_Progress_wait(201)................: 
MPIDI_Progress_test(97)................: 
MPIDI_OFI_handle_cq_error(1310)........: OFI poll failed (ofi_events.c:1312:MPIDI_OFI_handle_cq_error:Transport endpoint is not connected - Inappropriate ioctl for device)
MPICH ERROR [Rank 14] [job id 16728352.0] [Sat Mar 14 17:11:19 2026] [nid005137] - Abort(204093583) (rank 14 in comm 0): Fatal error in PMPI_Waitall: Other MPI error, error stack:
PMPI_Waitall(378)..............: MPI_Waitall(count=1022, req_array=0x1bc3740, status_array=0x1) failed
MPIR_Waitall(167)..............: 
MPIR_Waitall_impl(51)..........: 
MPID_Progress_wait(201)........: 
MPIDI_Progress_test(97)........: 
MPIDI_OFI_handle_cq_error(1310): OFI poll failed (ofi_events.c:1312:MPIDI_OFI_handle_cq_error:Transport endpoint is not connected - Inappropriate ioctl for device)

aborting job:
Fatal error in PMPI_Waitall: Other MPI error, error stack:
PMPI_Waitall(378)..............: MPI_Waitall(count=1022, req_array=0x1bc3740, status_array=0x1) failed
MPIR_Waitall(167)..............: 
MPIR_Waitall_impl(51)..........: 
MPID_Progress_wait(201)........: 
MPIDI_Progress_test(97)........: 
MPIDI_OFI_handle_cq_error(1310): OFI poll failed (ofi_events.c:1312:MPIDI_OFI_handle_cq_error:Transport endpoint is not connected - Inappropriate ioctl for device)
MPICH ERROR [Rank 358] [job id 16728352.0] [Sat Mar 14 17:11:19 2026] [nid007203] - Abort(819030671) (rank 358 in comm 0): Fatal error in PMPI_Finalize: Other MPI error, error stack:
PMPI_Finalize(214).....................: MPI_Finalize failed
PMPI_Finalize(161).....................: 
MPID_Finalize(718).....................: 
MPIDI_CRAY_ofi_gather_cxi_counters(729): 
MPIR_CRAY_Barrier(214).................: 
MPIR_Barrier_impl(165).................: 
MPIR_Barrier_intra_auto(109)...........: 
MPIR_Barrier_intra_dissemination(45)...: 
MPIC_Sendrecv(341).....................: 
MPIC_Wait(71)..........................: 
MPIR_Wait_impl(41).....................: 
MPID_Progress_wait(201)................: 
MPIDI_Progress_test(97)................: 
MPIDI_OFI_handle_cq_error(1310)........: OFI poll failed (ofi_events.c:1312:MPIDI_OFI_handle_cq_error:No route to host - No such file or directory)
MPIR_Barrier_intra_dissemination(45)...: 
MPIC_Sendrecv(341).....................: 
MPIC_Wait(71)..........................: 
MPIR_Wait_impl(41).....................: 
MPID_Progress_wait(201)................: 
MPIDI_Progress_test(97)................: 
MPIDI_OFI_handle_cq_error(1310)........: OFI poll failed (ofi_events.c:1312:MPIDI_OFI_handle_cq_error:Transport endpoint is not connected - Inappropriate ioctl for device)

aborting job:
Fatal error in PMPI_Finalize: Other MPI error, error stack:
PMPI_Finalize(214).....................: MPI_Finalize failed
PMPI_Finalize(161).....................: 
MPID_Finalize(718).....................: 
MPIDI_CRAY_ofi_gather_cxi_counters(729): 
MPIR_CRAY_Barrier(214).................: 
MPIR_Barrier_impl(165).................: 
MPIR_Barrier_intra_auto(109)...........: 
MPIR_Barrier_intra_dissemination(45)...: 
MPIC_Sendrecv(341).....................: 
MPIC_Wait(71)..........................: 
MPIR_Wait_impl(41).....................: 
MPID_Progress_wait(201)................: 
MPIDI_Progress_test(97)................: 
MPIDI_OFI_handle_cq_error(1310)........: OFI poll failed (ofi_events.c:1312:MPIDI_OFI_handle_cq_error:No route to host - No such file or directory)
MPIR_Barrier_intra_dissemination(45)...: 
MPIC_Sendrecv(341).....................: 
MPIC_Wait(71)..........................: 
MPIR_Wait_impl(41).....................: 
MPID_Progress_wait(201)................: 
MPIDI_Progress_test(97)................: 
MPIDI_OFI_handle_cq_error(1310)........: OFI poll failed (ofi_events.c:1312:MPIDI_OFI_handle_cq_error:Transport endpoint is not connected - Inappropriate ioctl for device)
MPICH ERROR [Rank 359] [job id 16728352.0] [Sat Mar 14 17:11:19 2026] [nid007203] - Abort(808073359) (rank 359 in comm 0): Fatal error in PMPI_Waitall: Other MPI error, error stack:
PMPI_Waitall(378)..............: MPI_Waitall(count=1022, req_array=0x1ebd0a0, status_array=0x1) failed
MPIR_Waitall(167)..............: 
MPIR_Waitall_impl(51)..........: 
MPID_Progress_wait(201)........: 
MPIDI_Progress_test(97)........: 
MPIDI_OFI_handle_cq_error(1310): OFI poll failed (ofi_events.c:1312:MPIDI_OFI_handle_cq_error:Transport endpoint is not connected - Inappropriate ioctl for device)

aborting job:
Fatal error in PMPI_Waitall: Other MPI error, error stack:
PMPI_Waitall(378)..............: MPI_Waitall(count=1022, req_array=0x1ebd0a0, status_array=0x1) failed
MPIR_Waitall(167)..............: 
MPIR_Waitall_impl(51)..........: 
MPID_Progress_wait(201)........: 
MPIDI_Progress_test(97)........: 
MPIDI_OFI_handle_cq_error(1310): OFI poll failed (ofi_events.c:1312:MPIDI_OFI_handle_cq_error:Transport endpoint is not connected - Inappropriate ioctl for device)
slurmstepd: error: Failed to destroy CXI Service ID 5 (cxi3): Device or resource busy
srun: error: nid005446: tasks 80-81,83-87: Terminated
slurmstepd: error: Failed to destroy CXI Service ID 5 (cxi1): Device or resource busy
srun: error: nid007202: tasks 344,346-351: Terminated
slurmstepd: error: Failed to destroy CXI Service ID 5 (cxi2): Device or resource busy
srun: error: nid005943: tasks 120-127: Terminated
srun: error: nid005942: tasks 112-119: Terminated
MPICH ERROR [Rank 354] [job id 16728352.0] [Sat Mar 14 17:11:19 2026] [nid007203] - Abort(819030671) (rank 354 in comm 0): Fatal error in PMPI_Finalize: Other MPI error, error stack:
PMPI_Finalize(214).....................: MPI_Finalize failed
PMPI_Finalize(161).....................: 
MPID_Finalize(718).....................: 
MPIDI_CRAY_ofi_gather_cxi_counters(729): 
MPIR_CRAY_Barrier(214).................: 
MPIR_Barrier_impl(165).................: 
MPIR_Barrier_intra_auto(109)...........: 
MPIR_Barrier_intra_dissemination(45)...: 
MPIC_Sendrecv(341).....................: 
MPIC_Wait(71)..........................: 
MPIR_Wait_impl(41).....................: 
MPID_Progress_wait(201)................: 
MPIDI_Progress_test(97)................: 
MPIDI_OFI_handle_cq_error(1310)........: OFI poll failed (ofi_events.c:1312:MPIDI_OFI_handle_cq_error:Transport endpoint is not connected - Inappropriate ioctl for device)
MPIR_Barrier_intra_dissemination(45)...: 
MPIC_Sendrecv(341).....................: 
MPIC_Wait(71)..........................: 
MPIR_Wait_impl(41).....................: 
MPID_Progress_wait(201)................: 
MPIDI_Progress_test(97)................: 
MPIDI_OFI_handle_cq_error(1310)........: OFI poll failed (ofi_events.c:1312:MPIDI_OFI_handle_cq_error:No route to host - No such file or directory)

aborting job:
Fatal error in PMPI_Finalize: Other MPI error, error stack:
PMPI_Finalize(214).....................: MPI_Finalize failed
PMPI_Finalize(161).....................: 
MPID_Finalize(718).....................: 
MPIDI_CRAY_ofi_gather_cxi_counters(729): 
MPIR_CRAY_Barrier(214).................: 
MPIR_Barrier_impl(165).................: 
MPIR_Barrier_intra_auto(109)...........: 
MPIR_Barrier_intra_dissemination(45)...: 
MPIC_Sendrecv(341).....................: 
MPIC_Wait(71)..........................: 
MPIR_Wait_impl(41).....................: 
MPID_Progress_wait(201)................: 
MPIDI_Progress_test(97)................: 
MPIDI_OFI_handle_cq_error(1310)........: OFI poll failed (ofi_events.c:1312:MPIDI_OFI_handle_cq_error:Transport endpoint is not connected - Inappropriate ioctl for device)
MPIR_Barrier_intra_dissemination(45)...: 
MPIC_Sendrecv(341).....................: 
MPIC_Wait(71)..........................: 
MPIR_Wait_impl(41).....................: 
MPID_Progress_wait(201)................: 
MPIDI_Progress_test(97)................: 
MPIDI_OFI_handle_cq_error(1310)........: OFI poll failed (ofi_events.c:1312:MPIDI_OFI_handle_cq_error:No route to host - No such file or directory)
slurmstepd: error: Failed to destroy CXI Service ID 5 (cxi0): Device or resource busy
srun: error: nid005448: tasks 96-103: Terminated
slurmstepd: error: Failed to destroy CXI Service ID 5 (cxi0): Device or resource busy
slurmstepd: error: Failed to destroy CXI Service ID 5 (cxi0): Device or resource busy
srun: error: nid005447: tasks 88-95: Terminated
MPICH ERROR [Rank 384] [job id 16728352.0] [Sat Mar 14 17:11:19 2026] [nid007314] - Abort(1009399951) (rank 384 in comm 0): Fatal error in PMPI_Waitall: Other MPI error, error stack:
PMPI_Waitall(378)..............: MPI_Waitall(count=1022, req_array=0x13be2c0, status_array=0x1) failed
MPIR_Waitall(167)..............: 
MPIR_Waitall_impl(51)..........: 
MPID_Progress_wait(201)........: 
MPIDI_Progress_test(97)........: 
MPIDI_OFI_handle_cq_error(1310): OFI poll failed (ofi_events.c:1312:MPIDI_OFI_handle_cq_error:No route to host - No such file or directory)

aborting job:
Fatal error in PMPI_Waitall: Other MPI error, error stack:
PMPI_Waitall(378)..............: MPI_Waitall(count=1022, req_array=0x13be2c0, status_array=0x1) failed
MPIR_Waitall(167)..............: 
MPIR_Waitall_impl(51)..........: 
MPID_Progress_wait(201)........: 
MPIDI_Progress_test(97)........: 
MPIDI_OFI_handle_cq_error(1310): OFI poll failed (ofi_events.c:1312:MPIDI_OFI_handle_cq_error:No route to host - No such file or directory)
MPICH ERROR [Rank 385] [job id 16728352.0] [Sat Mar 14 17:11:19 2026] [nid007314] - Abort(1009399951) (rank 385 in comm 0): Fatal error in PMPI_Waitall: Other MPI error, error stack:
PMPI_Waitall(378)..............: MPI_Waitall(count=1022, req_array=0x1943690, status_array=0x1) failed
MPIR_Waitall(167)..............: 
MPIR_Waitall_impl(51)..........: 
MPID_Progress_wait(201)........: 
MPIDI_Progress_test(97)........: 
MPIDI_OFI_handle_cq_error(1310): OFI poll failed (ofi_events.c:1312:MPIDI_OFI_handle_cq_error:No route to host - No such file or directory)

aborting job:
Fatal error in PMPI_Waitall: Other MPI error, error stack:
PMPI_Waitall(378)..............: MPI_Waitall(count=1022, req_array=0x1943690, status_array=0x1) failed
MPIR_Waitall(167)..............: 
MPIR_Waitall_impl(51)..........: 
MPID_Progress_wait(201)........: 
MPIDI_Progress_test(97)........: 
MPIDI_OFI_handle_cq_error(1310): OFI poll failed (ofi_events.c:1312:MPIDI_OFI_handle_cq_error:No route to host - No such file or directory)
MPICH ERROR [Rank 390] [job id 16728352.0] [Sat Mar 14 17:11:19 2026] [nid007314] - Abort(136984719) (rank 390 in comm 0): Fatal error in PMPI_Waitall: Other MPI error, error stack:
PMPI_Waitall(378)..............: MPI_Waitall(count=1022, req_array=0x1f96490, status_array=0x1) failed
MPIR_Waitall(167)..............: 
MPIR_Waitall_impl(51)..........: 
MPID_Progress_wait(201)........: 
MPIDI_Progress_test(97)........: 
MPIDI_OFI_handle_cq_error(1310): OFI poll failed (ofi_events.c:1312:MPIDI_OFI_handle_cq_error:No route to host - No such file or directory)

aborting job:
Fatal error in PMPI_Waitall: Other MPI error, error stack:
PMPI_Waitall(378)..............: MPI_Waitall(count=1022, req_array=0x1f96490, status_array=0x1) failed
MPIR_Waitall(167)..............: 
MPIR_Waitall_impl(51)..........: 
MPID_Progress_wait(201)........: 
MPIDI_Progress_test(97)........: 
MPIDI_OFI_handle_cq_error(1310): OFI poll failed (ofi_events.c:1312:MPIDI_OFI_handle_cq_error:No route to host - No such file or directory)
MPICH ERROR [Rank 206] [job id 16728352.0] [Sat Mar 14 17:11:19 2026] [nid006034] - Abort(69875855) (rank 206 in comm 0): Fatal error in PMPI_Waitall: Other MPI error, error stack:
PMPI_Waitall(378)..............: MPI_Waitall(count=1022, req_array=0x11f32e0, status_array=0x1) failed
MPIR_Waitall(167)..............: 
MPIR_Waitall_impl(51)..........: 
MPID_Progress_wait(201)........: 
MPIDI_Progress_test(97)........: 
MPIDI_OFI_handle_cq_error(1310): OFI poll failed (ofi_events.c:1312:MPIDI_OFI_handle_cq_error:Transport endpoint is not connected - Inappropriate ioctl for device)

aborting job:
Fatal error in PMPI_Waitall: Other MPI error, error stack:
PMPI_Waitall(378)..............: MPI_Waitall(count=1022, req_array=0x11f32e0, status_array=0x1) failed
MPIR_Waitall(167)..............: 
MPIR_Waitall_impl(51)..........: 
MPID_Progress_wait(201)........: 
MPIDI_Progress_test(97)........: 
MPIDI_OFI_handle_cq_error(1310): OFI poll failed (ofi_events.c:1312:MPIDI_OFI_handle_cq_error:Transport endpoint is not connected - Inappropriate ioctl for device)
srun: error: nid007457: task 401: Exited with exit code 255
MPICH ERROR [Rank 353] [job id 16728352.0] [Sat Mar 14 17:11:19 2026] [nid007203] - Abort(815360655) (rank 353 in comm 0): Fatal error in PMPI_Finalize: Other MPI error, error stack:
PMPI_Finalize(214).....................: MPI_Finalize failed
PMPI_Finalize(161).....................: 
MPID_Finalize(718).....................: 
MPIDI_CRAY_ofi_gather_cxi_counters(729): 
MPIR_CRAY_Barrier(214).................: 
MPIR_Barrier_impl(165).................: 
MPIR_Barrier_intra_auto(109)...........: 
MPIR_Barrier_intra_dissemination(45)...: 
MPIC_Sendrecv(341).....................: 
MPIC_Wait(71)..........................: 
MPIR_Wait_impl(41).....................: 
MPID_Progress_wait(201)................: 
MPIDI_Progress_test(97)................: 
MPIDI_OFI_handle_cq_error(1310)........: OFI poll failed (ofi_events.c:1312:MPIDI_OFI_handle_cq_error:No route to host - No such file or directory)

aborting job:
Fatal error in PMPI_Finalize: Other MPI error, error stack:
PMPI_Finalize(214).....................: MPI_Finalize failed
PMPI_Finalize(161).....................: 
MPID_Finalize(718).....................: 
MPIDI_CRAY_ofi_gather_cxi_counters(729): 
MPIR_CRAY_Barrier(214).................: 
MPIR_Barrier_impl(165).................: 
MPIR_Barrier_intra_auto(109)...........: 
MPIR_Barrier_intra_dissemination(45)...: 
MPIC_Sendrecv(341).....................: 
MPIC_Wait(71)..........................: 
MPIR_Wait_impl(41).....................: 
MPID_Progress_wait(201)................: 
MPIDI_Progress_test(97)................: 
MPIDI_OFI_handle_cq_error(1310)........: OFI poll failed (ofi_events.c:1312:MPIDI_OFI_handle_cq_error:No route to host - No such file or directory)
srun: error: nid006617: tasks 270-271: Exited with exit code 255
MPICH ERROR [Rank 406] [job id 16728352.0] [Sat Mar 14 17:11:19 2026] [nid007457] - Abort(822700687) (rank 406 in comm 0): Fatal error in PMPI_Finalize: Other MPI error, error stack:
PMPI_Finalize(214).....................: MPI_Finalize failed
PMPI_Finalize(161).....................: 
MPID_Finalize(718).....................: 
MPIDI_CRAY_ofi_gather_cxi_counters(729): 
MPIR_CRAY_Barrier(214).................: 
MPIR_Barrier_impl(165).................: 
MPIR_Barrier_intra_auto(109)...........: 
MPIR_Barrier_intra_dissemination(45)...: 
MPIC_Sendrecv(341).....................: 
MPIC_Wait(71)..........................: 
MPIR_Wait_impl(41).....................: 
MPID_Progress_wait(201)................: 
MPIDI_Progress_test(97)................: 
MPIDI_OFI_handle_cq_error(1310)........: OFI poll failed (ofi_events.c:1312:MPIDI_OFI_handle_cq_error:No route to host - No such file or directory)
MPIR_Barrier_intra_dissemination(45)...: 
MPIC_Sendrecv(341).....................: 
MPIC_Wait(71)..........................: 
MPIR_Wait_impl(41).....................: 
MPID_Progress_wait(201)................: 
MPIDI_Progress_test(97)................: 
MPIDI_OFI_handle_cq_error(1310)........: OFI poll failed (ofi_events.c:1312:MPIDI_OFI_handle_cq_error:Transport endpoint is not connected - Inappropriate ioctl for device)
MPIR_Barrier_intra_dissemination(45)...: 
MPIC_Sendrecv(341).....................: 
MPIC_Wait(71)..........................: 
MPIR_Wait_impl(41).....................: 
MPID_Progress_wait(201)................: 
MPIDI_Progress_test(97)................: 
MPIDI_OFI_handle_cq_error(1310)........: OFI poll failed (ofi_events.c:1312:MPIDI_OFI_handle_cq_error:Transport endpoint is not connected - Inappropriate ioctl for device)

aborting job:
Fatal error in PMPI_Finalize: Other MPI error, error stack:
PMPI_Finalize(214).....................: MPI_Finalize failed
PMPI_Finalize(161).....................: 
MPID_Finalize(718).....................: 
MPIDI_CRAY_ofi_gather_cxi_counters(729): 
MPIR_CRAY_Barrier(214).................: 
MPIR_Barrier_impl(165).................: 
MPIR_Barrier_intra_auto(109)...........: 
MPIR_Barrier_intra_dissemination(45)...: 
MPIC_Sendrecv(341).....................: 
MPIC_Wait(71)..........................: 
MPIR_Wait_impl(41).....................: 
MPID_Progress_wait(201)................: 
MPIDI_Progress_test(97)................: 
MPIDI_OFI_handle_cq_error(1310)........: OFI poll failed (ofi_events.c:1312:MPIDI_OFI_handle_cq_error:No route to host - No such file or directory)
MPIR_Barrier_intra_dissemination(45)...: 
MPIC_Sendrecv(341).....................: 
MPIC_Wait(71)..........................: 
MPIR_Wait_impl(41).....................: 
MPID_Progress_wait(201)................: 
MPIDI_Progress_test(97)................: 
MPIDI_OFI_handle_cq_error(1310)........: OFI poll failed (ofi_events.c:1312:MPIDI_OFI_handle_cq_error:Transport endpoint is not connected - Inappropriate ioctl for device)
MPIR_Barrier_intra_dissemination(45)...: 
MPIC_Sendrecv(341).....................: 
MPIC_Wait(71)..........................: 
MPIR_Wait_impl(41).....................: 
MPID_Progress_wait(201)................: 
MPIDI_Progress_test(97)................: 
MPIDI_OFI_handle_cq_error(1310)........: OFI poll failed (ofi_events.c:1312:MPIDI_OFI_handle_cq_error:Transport endpoint is not connected - Inappropriate ioctl for device)
srun: error: nid007203: tasks 355,357: Exited with exit code 255
MPICH ERROR [Rank 385] [job id 16728352.0] [Sat Mar 14 17:11:19 2026] [nid007314] - Abort(819030671) (rank 385 in comm 0): Fatal error in PMPI_Finalize: Other MPI error, error stack:
PMPI_Finalize(214).....................: MPI_Finalize failed
PMPI_Finalize(161).....................: 
MPID_Finalize(718).....................: 
MPIDI_CRAY_ofi_gather_cxi_counters(729): 
MPIR_CRAY_Barrier(214).................: 
MPIR_Barrier_impl(165).................: 
MPIR_Barrier_intra_auto(109)...........: 
MPIR_Barrier_intra_dissemination(45)...: 
MPIC_Sendrecv(341).....................: 
MPIC_Wait(71)..........................: 
MPIR_Wait_impl(41).....................: 
MPID_Progress_wait(201)................: 
MPIDI_Progress_test(97)................: 
MPIDI_OFI_handle_cq_error(1310)........: OFI poll failed (ofi_events.c:1312:MPIDI_OFI_handle_cq_error:Transport endpoint is not connected - Inappropriate ioctl for device)
MPIR_Barrier_intra_dissemination(45)...: 
MPIC_Sendrecv(341).....................: 
MPIC_Wait(71)..........................: 
MPIR_Wait_impl(41).....................: 
MPID_Progress_wait(201)................: 
MPIDI_Progress_test(97)................: 
MPIDI_OFI_handle_cq_error(1310)........: OFI poll failed (ofi_events.c:1312:MPIDI_OFI_handle_cq_error:Transport endpoint is not connected - Inappropriate ioctl for device)

aborting job:
Fatal error in PMPI_Finalize: Other MPI error, error stack:
PMPI_Finalize(214).....................: MPI_Finalize failed
PMPI_Finalize(161).....................: 
MPID_Finalize(718).....................: 
MPIDI_CRAY_ofi_gather_cxi_counters(729): 
MPIR_CRAY_Barrier(214).................: 
MPIR_Barrier_impl(165).................: 
MPIR_Barrier_intra_auto(109)...........: 
MPIR_Barrier_intra_dissemination(45)...: 
MPIC_Sendrecv(341).....................: 
MPIC_Wait(71)..........................: 
MPIR_Wait_impl(41).....................: 
MPID_Progress_wait(201)................: 
MPIDI_Progress_test(97)................: 
MPIDI_OFI_handle_cq_error(1310)........: OFI poll failed (ofi_events.c:1312:MPIDI_OFI_handle_cq_error:Transport endpoint is not connected - Inappropriate ioctl for device)
MPIR_Barrier_intra_dissemination(45)...: 
MPIC_Sendrecv(341).....................: 
MPIC_Wait(71)..........................: 
MPIR_Wait_impl(41).....................: 
MPID_Progress_wait(201)................: 
MPIDI_Progress_test(97)................: 
MPIDI_OFI_handle_cq_error(1310)........: OFI poll failed (ofi_events.c:1312:MPIDI_OFI_handle_cq_error:Transport endpoint is not connected - Inappropriate ioctl for device)
MPICH ERROR [Rank 384] [job id 16728352.0] [Sat Mar 14 17:11:19 2026] [nid007314] - Abort(819030671) (rank 384 in comm 0): Fatal error in PMPI_Finalize: Other MPI error, error stack:
PMPI_Finalize(214).....................: MPI_Finalize failed
PMPI_Finalize(161).....................: 
MPID_Finalize(718).....................: 
MPIDI_CRAY_ofi_gather_cxi_counters(729): 
MPIR_CRAY_Barrier(214).................: 
MPIR_Barrier_impl(165).................: 
MPIR_Barrier_intra_auto(109)...........: 
MPIR_Barrier_intra_dissemination(45)...: 
MPIC_Sendrecv(341).....................: 
MPIC_Wait(71)..........................: 
MPIR_Wait_impl(41).....................: 
MPID_Progress_wait(201)................: 
MPIDI_Progress_test(97)................: 
MPIDI_OFI_handle_cq_error(1310)........: OFI poll failed (ofi_events.c:1312:MPIDI_OFI_handle_cq_error:No route to host - No such file or directory)
MPIR_Barrier_intra_dissemination(45)...: 
MPIC_Sendrecv(341).....................: 
MPIC_Wait(71)..........................: 
MPIR_Wait_impl(41).....................: 
MPID_Progress_wait(201)................: 
MPIDI_Progress_test(97)................: 
MPIDI_OFI_handle_cq_error(1310)........: OFI poll failed (ofi_events.c:1312:MPIDI_OFI_handle_cq_error:Transport endpoint is not connected - Inappropriate ioctl for device)

aborting job:
Fatal error in PMPI_Finalize: Other MPI error, error stack:
PMPI_Finalize(214).....................: MPI_Finalize failed
PMPI_Finalize(161).....................: 
MPID_Finalize(718).....................: 
MPIDI_CRAY_ofi_gather_cxi_counters(729): 
MPIR_CRAY_Barrier(214).................: 
MPIR_Barrier_impl(165).................: 
MPIR_Barrier_intra_auto(109)...........: 
MPIR_Barrier_intra_dissemination(45)...: 
MPIC_Sendrecv(341).....................: 
MPIC_Wait(71)..........................: 
MPIR_Wait_impl(41).....................: 
MPID_Progress_wait(201)................: 
MPIDI_Progress_test(97)................: 
MPIDI_OFI_handle_cq_error(1310)........: OFI poll failed (ofi_events.c:1312:MPIDI_OFI_handle_cq_error:No route to host - No such file or directory)
MPIR_Barrier_intra_dissemination(45)...: 
MPIC_Sendrecv(341).....................: 
MPIC_Wait(71)..........................: 
MPIR_Wait_impl(41).....................: 
MPID_Progress_wait(201)................: 
MPIDI_Progress_test(97)................: 
MPIDI_OFI_handle_cq_error(1310)........: OFI poll failed (ofi_events.c:1312:MPIDI_OFI_handle_cq_error:Transport endpoint is not connected - Inappropriate ioctl for device)
MPICH ERROR [Rank 79] [job id 16728352.0] [Sat Mar 14 17:11:19 2026] [nid005397] - Abort(405420175) (rank 79 in comm 0): Fatal error in PMPI_Waitall: Other MPI error, error stack:
PMPI_Waitall(378)..............: MPI_Waitall(count=1022, req_array=0x15a8170, status_array=0x1) failed
MPIR_Waitall(167)..............: 
MPIR_Waitall_impl(51)..........: 
MPID_Progress_wait(201)........: 
MPIDI_Progress_test(97)........: 
MPIDI_OFI_handle_cq_error(1310): OFI poll failed (ofi_events.c:1312:MPIDI_OFI_handle_cq_error:Transport endpoint is not connected - Inappropriate ioctl for device)

aborting job:
Fatal error in PMPI_Waitall: Other MPI error, error stack:
PMPI_Waitall(378)..............: MPI_Waitall(count=1022, req_array=0x15a8170, status_array=0x1) failed
MPIR_Waitall(167)..............: 
MPIR_Waitall_impl(51)..........: 
MPID_Progress_wait(201)........: 
MPIDI_Progress_test(97)........: 
MPIDI_OFI_handle_cq_error(1310): OFI poll failed (ofi_events.c:1312:MPIDI_OFI_handle_cq_error:Transport endpoint is not connected - Inappropriate ioctl for device)
MPICH ERROR [Rank 407] [job id 16728352.0] [Sat Mar 14 17:11:19 2026] [nid007457] - Abort(819030671) (rank 407 in comm 0): Fatal error in PMPI_Finalize: Other MPI error, error stack:
PMPI_Finalize(214).....................: MPI_Finalize failed
PMPI_Finalize(161).....................: 
MPID_Finalize(718).....................: 
MPIDI_CRAY_ofi_gather_cxi_counters(729): 
MPIR_CRAY_Barrier(214).................: 
MPIR_Barrier_impl(165).................: 
MPIR_Barrier_intra_auto(109)...........: 
MPIR_Barrier_intra_dissemination(45)...: 
MPIC_Sendrecv(341).....................: 
MPIC_Wait(71)..........................: 
MPIR_Wait_impl(41).....................: 
MPID_Progress_wait(201)................: 
MPIDI_Progress_test(97)................: 
MPIDI_OFI_handle_cq_error(1310)........: OFI poll failed (ofi_events.c:1312:MPIDI_OFI_handle_cq_error:Transport endpoint is not connected - Inappropriate ioctl for device)
MPIR_Barrier_intra_dissemination(45)...: 
MPIC_Sendrecv(341).....................: 
MPIC_Wait(71)..........................: 
MPIR_Wait_impl(41).....................: 
MPID_Progress_wait(201)................: 
MPIDI_Progress_test(97)................: 
MPIDI_OFI_handle_cq_error(1310)........: OFI poll failed (ofi_events.c:1312:MPIDI_OFI_handle_cq_error:Transport endpoint is not connected - Inappropriate ioctl for device)

aborting job:
Fatal error in PMPI_Finalize: Other MPI error, error stack:
PMPI_Finalize(214).....................: MPI_Finalize failed
PMPI_Finalize(161).....................: 
MPID_Finalize(718).....................: 
MPIDI_CRAY_ofi_gather_cxi_counters(729): 
MPIR_CRAY_Barrier(214).................: 
MPIR_Barrier_impl(165).................: 
MPIR_Barrier_intra_auto(109)...........: 
MPIR_Barrier_intra_dissemination(45)...: 
MPIC_Sendrecv(341).....................: 
MPIC_Wait(71)..........................: 
MPIR_Wait_impl(41).....................: 
MPID_Progress_wait(201)................: 
MPIDI_Progress_test(97)................: 
MPIDI_OFI_handle_cq_error(1310)........: OFI poll failed (ofi_events.c:1312:MPIDI_OFI_handle_cq_error:Transport endpoint is not connected - Inappropriate ioctl for device)
MPIR_Barrier_intra_dissemination(45)...: 
MPIC_Sendrecv(341).....................: 
MPIC_Wait(71)..........................: 
MPIR_Wait_impl(41).....................: 
MPID_Progress_wait(201)................: 
MPIDI_Progress_test(97)................: 
MPIDI_OFI_handle_cq_error(1310)........: OFI poll failed (ofi_events.c:1312:MPIDI_OFI_handle_cq_error:Transport endpoint is not connected - Inappropriate ioctl for device)
MPICH ERROR [Rank 176] [job id 16728352.0] [Sat Mar 14 17:11:19 2026] [nid006031] - Abort(405420175) (rank 176 in comm 0): Fatal error in PMPI_Waitall: Other MPI error, error stack:
PMPI_Waitall(378)..............: MPI_Waitall(count=1022, req_array=0x2037d70, status_array=0x1) failed
MPIR_Waitall(167)..............: 
MPIR_Waitall_impl(51)..........: 
MPID_Progress_wait(201)........: 
MPIDI_Progress_test(97)........: 
MPIDI_OFI_handle_cq_error(1310): OFI poll failed (ofi_events.c:1312:MPIDI_OFI_handle_cq_error:No route to host - No such file or directory)

aborting job:
Fatal error in PMPI_Waitall: Other MPI error, error stack:
PMPI_Waitall(378)..............: MPI_Waitall(count=1022, req_array=0x2037d70, status_array=0x1) failed
MPIR_Waitall(167)..............: 
MPIR_Waitall_impl(51)..........: 
MPID_Progress_wait(201)........: 
MPIDI_Progress_test(97)........: 
MPIDI_OFI_handle_cq_error(1310): OFI poll failed (ofi_events.c:1312:MPIDI_OFI_handle_cq_error:No route to host - No such file or directory)
MPICH ERROR [Rank 400] [job id 16728352.0] [Sat Mar 14 17:11:19 2026] [nid007457] - Abort(2766991) (rank 400 in comm 0): Fatal error in PMPI_Waitall: Other MPI error, error stack:
PMPI_Waitall(378)..............: MPI_Waitall(count=1022, req_array=0x2587380, status_array=0x1) failed
MPIR_Waitall(167)..............: 
MPIR_Waitall_impl(51)..........: 
MPID_Progress_wait(201)........: 
MPIDI_Progress_test(97)........: 
MPIDI_OFI_handle_cq_error(1310): OFI poll failed (ofi_events.c:1312:MPIDI_OFI_handle_cq_error:Transport endpoint is not connected - Inappropriate ioctl for device)

aborting job:
Fatal error in PMPI_Waitall: Other MPI error, error stack:
PMPI_Waitall(378)..............: MPI_Waitall(count=1022, req_array=0x2587380, status_array=0x1) failed
MPIR_Waitall(167)..............: 
MPIR_Waitall_impl(51)..........: 
MPID_Progress_wait(201)........: 
MPIDI_Progress_test(97)........: 
MPIDI_OFI_handle_cq_error(1310): OFI poll failed (ofi_events.c:1312:MPIDI_OFI_handle_cq_error:Transport endpoint is not connected - Inappropriate ioctl for device)
slurmstepd: error: Failed to destroy CXI Service ID 5 (cxi0): Device or resource busy
MPICH ERROR [Rank 457] [job id 16728352.0] [Sat Mar 14 17:11:19 2026] [nid007551] - Abort(136984719) (rank 457 in comm 0): Fatal error in PMPI_Waitall: Other MPI error, error stack:
PMPI_Waitall(378)..............: MPI_Waitall(count=1022, req_array=0x18a5c10, status_array=0x1) failed
MPIR_Waitall(167)..............: 
MPIR_Waitall_impl(51)..........: 
MPID_Progress_wait(201)........: 
MPIDI_Progress_test(97)........: 
MPIDI_OFI_handle_cq_error(1310): OFI poll failed (ofi_events.c:1312:MPIDI_OFI_handle_cq_error:No route to host - No such file or directory)

aborting job:
Fatal error in PMPI_Waitall: Other MPI error, error stack:
PMPI_Waitall(378)..............: MPI_Waitall(count=1022, req_array=0x18a5c10, status_array=0x1) failed
MPIR_Waitall(167)..............: 
MPIR_Waitall_impl(51)..........: 
MPID_Progress_wait(201)........: 
MPIDI_Progress_test(97)........: 
MPIDI_OFI_handle_cq_error(1310): OFI poll failed (ofi_events.c:1312:MPIDI_OFI_handle_cq_error:No route to host - No such file or directory)
MPICH ERROR [Rank 378] [job id 16728352.0] [Sat Mar 14 17:11:19 2026] [nid007308] - Abort(822700687) (rank 378 in comm 0): Fatal error in PMPI_Finalize: Other MPI error, error stack:
PMPI_Finalize(214).....................: MPI_Finalize failed
PMPI_Finalize(161).....................: 
MPID_Finalize(718).....................: 
MPIDI_CRAY_ofi_gather_cxi_counters(729): 
MPIR_CRAY_Barrier(214).................: 
MPIR_Barrier_impl(165).................: 
MPIR_Barrier_intra_auto(109)...........: 
MPIR_Barrier_intra_dissemination(45)...: 
MPIC_Sendrecv(341).....................: 
MPIC_Wait(71)..........................: 
MPIR_Wait_impl(41).....................: 
MPID_Progress_wait(201)................: 
MPIDI_Progress_test(97)................: 
MPIDI_OFI_handle_cq_error(1310)........: OFI poll failed (ofi_events.c:1312:MPIDI_OFI_handle_cq_error:No route to host - No such file or directory)
MPIR_Barrier_intra_dissemination(45)...: 
MPIC_Sendrecv(341).....................: 
MPIC_Wait(71)..........................: 
MPIR_Wait_impl(41).....................: 
MPID_Progress_wait(201)................: 
MPIDI_Progress_test(97)................: 
MPIDI_OFI_handle_cq_error(1310)........: OFI poll failed (ofi_events.c:1312:MPIDI_OFI_handle_cq_error:Transport endpoint is not connected - Inappropriate ioctl for device)
MPIR_Barrier_intra_dissemination(45)...: 
MPIC_Sendrecv(341).....................: 
MPIC_Wait(71)..........................: 
MPIR_Wait_impl(41).....................: 
MPID_Progress_wait(201)................: 
MPIDI_Progress_test(97)................: 
MPIDI_OFI_handle_cq_error(1310)........: OFI poll failed (ofi_events.c:1312:MPIDI_OFI_handle_cq_error:Transport endpoint is not connected - Inappropriate ioctl for device)

aborting job:
Fatal error in PMPI_Finalize: Other MPI error, error stack:
PMPI_Finalize(214).....................: MPI_Finalize failed
PMPI_Finalize(161).....................: 
MPID_Finalize(718).....................: 
MPIDI_CRAY_ofi_gather_cxi_counters(729): 
MPIR_CRAY_Barrier(214).................: 
MPIR_Barrier_impl(165).................: 
MPIR_Barrier_intra_auto(109)...........: 
MPIR_Barrier_intra_dissemination(45)...: 
MPIC_Sendrecv(341).....................: 
MPIC_Wait(71)..........................: 
MPIR_Wait_impl(41).....................: 
MPID_Progress_wait(201)................: 
MPIDI_Progress_test(97)................: 
MPIDI_OFI_handle_cq_error(1310)........: OFI poll failed (ofi_events.c:1312:MPIDI_OFI_handle_cq_error:No route to host - No such file or directory)
MPIR_Barrier_intra_dissemination(45)...: 
MPIC_Sendrecv(341).....................: 
MPIC_Wait(71)..........................: 
MPIR_Wait_impl(41).....................: 
MPID_Progress_wait(201)................: 
MPIDI_Progress_test(97)................: 
MPIDI_OFI_handle_cq_error(1310)........: OFI poll failed (ofi_events.c:1312:MPIDI_OFI_handle_cq_error:Transport endpoint is not connected - Inappropriate ioctl for device)
MPIR_Barrier_intra_dissemination(45)...: 
MPIC_Sendrecv(341).....................: 
MPIC_Wait(71)..........................: 
MPIR_Wait_impl(41).....................: 
MPID_Progress_wait(201)................: 
MPIDI_Progress_test(97)................: 
MPIDI_OFI_handle_cq_error(1310)........: OFI poll failed (ofi_events.c:1312:MPIDI_OFI_handle_cq_error:Transport endpoint is not connected - Inappropriate ioctl for device)
MPICH ERROR [Rank 379] [job id 16728352.0] [Sat Mar 14 17:11:19 2026] [nid007308] - Abort(539637903) (rank 379 in comm 0): Fatal error in PMPI_Waitall: Other MPI error, error stack:
PMPI_Waitall(378)..............: MPI_Waitall(count=1022, req_array=0x14ba100, status_array=0x1) failed
MPIR_Waitall(167)..............: 
MPIR_Waitall_impl(51)..........: 
MPID_Progress_wait(201)........: 
MPIDI_Progress_test(97)........: 
MPIDI_OFI_handle_cq_error(1310): OFI poll failed (ofi_events.c:1312:MPIDI_OFI_handle_cq_error:Transport endpoint is not connected - Inappropriate ioctl for device)

aborting job:
Fatal error in PMPI_Waitall: Other MPI error, error stack:
PMPI_Waitall(378)..............: MPI_Waitall(count=1022, req_array=0x14ba100, status_array=0x1) failed
MPIR_Waitall(167)..............: 
MPIR_Waitall_impl(51)..........: 
MPID_Progress_wait(201)........: 
MPIDI_Progress_test(97)........: 
MPIDI_OFI_handle_cq_error(1310): OFI poll failed (ofi_events.c:1312:MPIDI_OFI_handle_cq_error:Transport endpoint is not connected - Inappropriate ioctl for device)
MPICH ERROR [Rank 400] [job id 16728352.0] [Sat Mar 14 17:11:19 2026] [nid007457] - Abort(815360655) (rank 400 in comm 0): Fatal error in PMPI_Finalize: Other MPI error, error stack:
PMPI_Finalize(214).....................: MPI_Finalize failed
PMPI_Finalize(161).....................: 
MPID_Finalize(718).....................: 
MPIDI_CRAY_ofi_gather_cxi_counters(729): 
MPIR_CRAY_Barrier(214).................: 
MPIR_Barrier_impl(165).................: 
MPIR_Barrier_intra_auto(109)...........: 
MPIR_Barrier_intra_dissemination(45)...: 
MPIC_Sendrecv(341).....................: 
MPIC_Wait(71)..........................: 
MPIR_Wait_impl(41).....................: 
MPID_Progress_wait(201)................: 
MPIDI_Progress_test(97)................: 
MPIDI_OFI_handle_cq_error(1310)........: OFI poll failed (ofi_events.c:1312:MPIDI_OFI_handle_cq_error:Transport endpoint is not connected - Inappropriate ioctl for device)

aborting job:
Fatal error in PMPI_Finalize: Other MPI error, error stack:
PMPI_Finalize(214).....................: MPI_Finalize failed
PMPI_Finalize(161).....................: 
MPID_Finalize(718).....................: 
MPIDI_CRAY_ofi_gather_cxi_counters(729): 
MPIR_CRAY_Barrier(214).................: 
MPIR_Barrier_impl(165).................: 
MPIR_Barrier_intra_auto(109)...........: 
MPIR_Barrier_intra_dissemination(45)...: 
MPIC_Sendrecv(341).....................: 
MPIC_Wait(71)..........................: 
MPIR_Wait_impl(41).....................: 
MPID_Progress_wait(201)................: 
MPIDI_Progress_test(97)................: 
MPIDI_OFI_handle_cq_error(1310)........: OFI poll failed (ofi_events.c:1312:MPIDI_OFI_handle_cq_error:Transport endpoint is not connected - Inappropriate ioctl for device)
MPICH ERROR [Rank 379] [job id 16728352.0] [Sat Mar 14 17:11:19 2026] [nid007308] - Abort(819030671) (rank 379 in comm 0): Fatal error in PMPI_Finalize: Other MPI error, error stack:
PMPI_Finalize(214).....................: MPI_Finalize failed
PMPI_Finalize(161).....................: 
MPID_Finalize(718).....................: 
MPIDI_CRAY_ofi_gather_cxi_counters(729): 
MPIR_CRAY_Barrier(214).................: 
MPIR_Barrier_impl(165).................: 
MPIR_Barrier_intra_auto(109)...........: 
MPIR_Barrier_intra_dissemination(45)...: 
MPIC_Sendrecv(341).....................: 
MPIC_Wait(71)..........................: 
MPIR_Wait_impl(41).....................: 
MPID_Progress_wait(201)................: 
MPIDI_Progress_test(97)................: 
MPIDI_OFI_handle_cq_error(1310)........: OFI poll failed (ofi_events.c:1312:MPIDI_OFI_handle_cq_error:Transport endpoint is not connected - Inappropriate ioctl for device)
MPIR_Barrier_intra_dissemination(45)...: 
MPIC_Sendrecv(341).....................: 
MPIC_Wait(71)..........................: 
MPIR_Wait_impl(41).....................: 
MPID_Progress_wait(201)................: 
MPIDI_Progress_test(97)................: 
MPIDI_OFI_handle_cq_error(1310)........: OFI poll failed (ofi_events.c:1312:MPIDI_OFI_handle_cq_error:Transport endpoint is not connected - Inappropriate ioctl for device)

aborting job:
Fatal error in PMPI_Finalize: Other MPI error, error stack:
PMPI_Finalize(214).....................: MPI_Finalize failed
PMPI_Finalize(161).....................: 
MPID_Finalize(718).....................: 
MPIDI_CRAY_ofi_gather_cxi_counters(729): 
MPIR_CRAY_Barrier(214).................: 
MPIR_Barrier_impl(165).................: 
MPIR_Barrier_intra_auto(109)...........: 
MPIR_Barrier_intra_dissemination(45)...: 
MPIC_Sendrecv(341).....................: 
MPIC_Wait(71)..........................: 
MPIR_Wait_impl(41).....................: 
MPID_Progress_wait(201)................: 
MPIDI_Progress_test(97)................: 
MPIDI_OFI_handle_cq_error(1310)........: OFI poll failed (ofi_events.c:1312:MPIDI_OFI_handle_cq_error:Transport endpoint is not connected - Inappropriate ioctl for device)
MPIR_Barrier_intra_dissemination(45)...: 
MPIC_Sendrecv(341).....................: 
MPIC_Wait(71)..........................: 
MPIR_Wait_impl(41).....................: 
MPID_Progress_wait(201)................: 
MPIDI_Progress_test(97)................: 
MPIDI_OFI_handle_cq_error(1310)........: OFI poll failed (ofi_events.c:1312:MPIDI_OFI_handle_cq_error:Transport endpoint is not connected - Inappropriate ioctl for device)
MPICH ERROR [Rank 391] [job id 16728352.0] [Sat Mar 14 17:11:19 2026] [nid007314] - Abort(69875855) (rank 391 in comm 0): Fatal error in PMPI_Waitall: Other MPI error, error stack:
PMPI_Waitall(378)..............: MPI_Waitall(count=1022, req_array=0x1c63c20, status_array=0x1) failed
MPIR_Waitall(167)..............: 
MPIR_Waitall_impl(51)..........: 
MPID_Progress_wait(201)........: 
MPIDI_Progress_test(97)........: 
MPIDI_OFI_handle_cq_error(1310): OFI poll failed (ofi_events.c:1312:MPIDI_OFI_handle_cq_error:Transport endpoint is not connected - Inappropriate ioctl for device)

aborting job:
Fatal error in PMPI_Waitall: Other MPI error, error stack:
PMPI_Waitall(378)..............: MPI_Waitall(count=1022, req_array=0x1c63c20, status_array=0x1) failed
MPIR_Waitall(167)..............: 
MPIR_Waitall_impl(51)..........: 
MPID_Progress_wait(201)........: 
MPIDI_Progress_test(97)........: 
MPIDI_OFI_handle_cq_error(1310): OFI poll failed (ofi_events.c:1312:MPIDI_OFI_handle_cq_error:Transport endpoint is not connected - Inappropriate ioctl for device)
MPICH ERROR [Rank 481] [job id 16728352.0] [Sat Mar 14 17:11:19 2026] [nid007554] - Abort(69875855) (rank 481 in comm 0): Fatal error in PMPI_Waitall: Other MPI error, error stack:
PMPI_Waitall(378)..............: MPI_Waitall(count=1022, req_array=0x229b1b0, status_array=0x1) failed
MPIR_Waitall(167)..............: 
MPIR_Waitall_impl(51)..........: 
MPID_Progress_wait(201)........: 
MPIDI_Progress_test(97)........: 
MPIDI_OFI_handle_cq_error(1310): OFI poll failed (ofi_events.c:1312:MPIDI_OFI_handle_cq_error:No route to host - No such file or directory)

aborting job:
Fatal error in PMPI_Waitall: Other MPI error, error stack:
PMPI_Waitall(378)..............: MPI_Waitall(count=1022, req_array=0x229b1b0, status_array=0x1) failed
MPIR_Waitall(167)..............: 
MPIR_Waitall_impl(51)..........: 
MPID_Progress_wait(201)........: 
MPIDI_Progress_test(97)........: 
MPIDI_OFI_handle_cq_error(1310): OFI poll failed (ofi_events.c:1312:MPIDI_OFI_handle_cq_error:No route to host - No such file or directory)
MPICH ERROR [Rank 415] [job id 16728352.0] [Sat Mar 14 17:11:19 2026] [nid007460] - Abort(204093583) (rank 415 in comm 0): Fatal error in PMPI_Waitall: Other MPI error, error stack:
PMPI_Waitall(378)..............: MPI_Waitall(count=1022, req_array=0x18b5040, status_array=0x1) failed
MPIR_Waitall(167)..............: 
MPIR_Waitall_impl(51)..........: 
MPID_Progress_wait(201)........: 
MPIDI_Progress_test(97)........: 
MPIDI_OFI_handle_cq_error(1310): OFI poll failed (ofi_events.c:1312:MPIDI_OFI_handle_cq_error:No route to host - No such file or directory)

aborting job:
Fatal error in PMPI_Waitall: Other MPI error, error stack:
PMPI_Waitall(378)..............: MPI_Waitall(count=1022, req_array=0x18b5040, status_array=0x1) failed
MPIR_Waitall(167)..............: 
MPIR_Waitall_impl(51)..........: 
MPID_Progress_wait(201)........: 
MPIDI_Progress_test(97)........: 
MPIDI_OFI_handle_cq_error(1310): OFI poll failed (ofi_events.c:1312:MPIDI_OFI_handle_cq_error:No route to host - No such file or directory)
MPICH ERROR [Rank 477] [job id 16728352.0] [Sat Mar 14 17:11:19 2026] [nid007553] - Abort(808073359) (rank 477 in comm 0): Fatal error in PMPI_Waitall: Other MPI error, error stack:
PMPI_Waitall(378)..............: MPI_Waitall(count=1022, req_array=0x20fbab0, status_array=0x1) failed
MPIR_Waitall(167)..............: 
MPIR_Waitall_impl(51)..........: 
MPID_Progress_wait(201)........: 
MPIDI_Progress_test(97)........: 
MPIDI_OFI_handle_cq_error(1310): OFI poll failed (ofi_events.c:1312:MPIDI_OFI_handle_cq_error:No route to host - No such file or directory)

aborting job:
Fatal error in PMPI_Waitall: Other MPI error, error stack:
PMPI_Waitall(378)..............: MPI_Waitall(count=1022, req_array=0x20fbab0, status_array=0x1) failed
MPIR_Waitall(167)..............: 
MPIR_Waitall_impl(51)..........: 
MPID_Progress_wait(201)........: 
MPIDI_Progress_test(97)........: 
MPIDI_OFI_handle_cq_error(1310): OFI poll failed (ofi_events.c:1312:MPIDI_OFI_handle_cq_error:No route to host - No such file or directory)
MPICH ERROR [Rank 352] [job id 16728352.0] [Sat Mar 14 17:11:19 2026] [nid007203] - Abort(740964495) (rank 352 in comm 0): Fatal error in PMPI_Waitall: Other MPI error, error stack:
PMPI_Waitall(378)..............: MPI_Waitall(count=1022, req_array=0x202a430, status_array=0x1) failed
MPIR_Waitall(167)..............: 
MPIR_Waitall_impl(51)..........: 
MPID_Progress_wait(201)........: 
MPIDI_Progress_test(97)........: 
MPIDI_OFI_handle_cq_error(1310): OFI poll failed (ofi_events.c:1312:MPIDI_OFI_handle_cq_error:Transport endpoint is not connected - Inappropriate ioctl for device)

aborting job:
Fatal error in PMPI_Waitall: Other MPI error, error stack:
PMPI_Waitall(378)..............: MPI_Waitall(count=1022, req_array=0x202a430, status_array=0x1) failed
MPIR_Waitall(167)..............: 
MPIR_Waitall_impl(51)..........: 
MPID_Progress_wait(201)........: 
MPIDI_Progress_test(97)........: 
MPIDI_OFI_handle_cq_error(1310): OFI poll failed (ofi_events.c:1312:MPIDI_OFI_handle_cq_error:Transport endpoint is not connected - Inappropriate ioctl for device)
MPICH ERROR [Rank 380] [job id 16728352.0] [Sat Mar 14 17:11:19 2026] [nid007308] - Abort(808073359) (rank 380 in comm 0): Fatal error in PMPI_Waitall: Other MPI error, error stack:
PMPI_Waitall(378)..............: MPI_Waitall(count=1022, req_array=0x189fbc0, status_array=0x1) failed
MPIR_Waitall(167)..............: 
MPIR_Waitall_impl(51)..........: 
MPID_Progress_wait(201)........: 
MPIDI_Progress_test(97)........: 
MPIDI_OFI_handle_cq_error(1310): OFI poll failed (ofi_events.c:1312:MPIDI_OFI_handle_cq_error:No route to host - No such file or directory)

aborting job:
Fatal error in PMPI_Waitall: Other MPI error, error stack:
PMPI_Waitall(378)..............: MPI_Waitall(count=1022, req_array=0x189fbc0, status_array=0x1) failed
MPIR_Waitall(167)..............: 
MPIR_Waitall_impl(51)..........: 
MPID_Progress_wait(201)........: 
MPIDI_Progress_test(97)........: 
MPIDI_OFI_handle_cq_error(1310): OFI poll failed (ofi_events.c:1312:MPIDI_OFI_handle_cq_error:No route to host - No such file or directory)
MPICH ERROR [Rank 15] [job id 16728352.0] [Sat Mar 14 17:11:19 2026] [nid005137] - Abort(822700687) (rank 15 in comm 0): Fatal error in PMPI_Finalize: Other MPI error, error stack:
PMPI_Finalize(214).....................: MPI_Finalize failed
PMPI_Finalize(161).....................: 
MPID_Finalize(718).....................: 
MPIDI_CRAY_ofi_gather_cxi_counters(729): 
MPIR_CRAY_Barrier(214).................: 
MPIR_Barrier_impl(165).................: 
MPIR_Barrier_intra_auto(109)...........: 
MPIR_Barrier_intra_dissemination(45)...: 
MPIC_Sendrecv(341).....................: 
MPIC_Wait(71)..........................: 
MPIR_Wait_impl(41).....................: 
MPID_Progress_wait(201)................: 
MPIDI_Progress_test(97)................: 
MPIDI_OFI_handle_cq_error(1310)........: OFI poll failed (ofi_events.c:1312:MPIDI_OFI_handle_cq_error:No route to host - No such file or directory)
MPIR_Barrier_intra_dissemination(45)...: 
MPIC_Sendrecv(341).....................: 
MPIC_Wait(71)..........................: 
MPIR_Wait_impl(41).....................: 
MPID_Progress_wait(201)................: 
MPIDI_Progress_test(97)................: 
MPIDI_OFI_handle_cq_error(1310)........: OFI poll failed (ofi_events.c:1312:MPIDI_OFI_handle_cq_error:Transport endpoint is not connected - Inappropriate ioctl for device)
MPIR_Barrier_intra_dissemination(45)...: 
MPIC_Sendrecv(341).....................: 
MPIC_Wait(71)..........................: 
MPIR_Wait_impl(41).....................: 
MPID_Progress_wait(201)................: 
MPIDI_Progress_test(97)................: 
MPIDI_OFI_handle_cq_error(1310)........: OFI poll failed (ofi_events.c:1312:MPIDI_OFI_handle_cq_error:Transport endpoint is not connected - Inappropriate ioctl for device)

aborting job:
Fatal error in PMPI_Finalize: Other MPI error, error stack:
PMPI_Finalize(214).....................: MPI_Finalize failed
PMPI_Finalize(161).....................: 
MPID_Finalize(718).....................: 
MPIDI_CRAY_ofi_gather_cxi_counters(729): 
MPIR_CRAY_Barrier(214).................: 
MPIR_Barrier_impl(165).................: 
MPIR_Barrier_intra_auto(109)...........: 
MPIR_Barrier_intra_dissemination(45)...: 
MPIC_Sendrecv(341).....................: 
MPIC_Wait(71)..........................: 
MPIR_Wait_impl(41).....................: 
MPID_Progress_wait(201)................: 
MPIDI_Progress_test(97)................: 
MPIDI_OFI_handle_cq_error(1310)........: OFI poll failed (ofi_events.c:1312:MPIDI_OFI_handle_cq_error:No route to host - No such file or directory)
MPIR_Barrier_intra_dissemination(45)...: 
MPIC_Sendrecv(341).....................: 
MPIC_Wait(71)..........................: 
MPIR_Wait_impl(41).....................: 
MPID_Progress_wait(201)................: 
MPIDI_Progress_test(97)................: 
MPIDI_OFI_handle_cq_error(1310)........: OFI poll failed (ofi_events.c:1312:MPIDI_OFI_handle_cq_error:Transport endpoint is not connected - Inappropriate ioctl for device)
MPIR_Barrier_intra_dissemination(45)...: 
MPIC_Sendrecv(341).....................: 
MPIC_Wait(71)..........................: 
MPIR_Wait_impl(41).....................: 
MPID_Progress_wait(201)................: 
MPIDI_Progress_test(97)................: 
MPIDI_OFI_handle_cq_error(1310)........: OFI poll failed (ofi_events.c:1312:MPIDI_OFI_handle_cq_error:Transport endpoint is not connected - Inappropriate ioctl for device)
MPICH ERROR [Rank 359] [job id 16728352.0] [Sat Mar 14 17:11:19 2026] [nid007203] - Abort(825322127) (rank 359 in comm 0): Fatal error in PMPI_Finalize: Other MPI error, error stack:
PMPI_Finalize(214)...................: MPI_Finalize failed
PMPI_Finalize(161)...................: 
MPID_Finalize(728)...................: 
MPIDI_OFI_mpi_finalize_hook(1032)....: 
MPIR_CRAY_Allreduce(815).............: 
MPIDI_Cray_shared_mem_coll_bcast(494): 
MPIDI_Progress_test(97)..............: 
MPIDI_OFI_handle_cq_error(1310)......: OFI poll failed (ofi_events.c:1312:MPIDI_OFI_handle_cq_error:Transport endpoint is not connected - Inappropriate ioctl for device)

aborting job:
Fatal error in PMPI_Finalize: Other MPI error, error stack:
PMPI_Finalize(214)...................: MPI_Finalize failed
PMPI_Finalize(161)...................: 
MPID_Finalize(728)...................: 
MPIDI_OFI_mpi_finalize_hook(1032)....: 
MPIR_CRAY_Allreduce(815).............: 
MPIDI_Cray_shared_mem_coll_bcast(494): 
MPIDI_Progress_test(97)..............: 
MPIDI_OFI_handle_cq_error(1310)......: OFI poll failed (ofi_events.c:1312:MPIDI_OFI_handle_cq_error:Transport endpoint is not connected - Inappropriate ioctl for device)
srun: error: nid007203: tasks 353-354,356,358: Exited with exit code 255
MPICH ERROR [Rank 380] [job id 16728352.0] [Sat Mar 14 17:11:19 2026] [nid007308] - Abort(815360655) (rank 380 in comm 0): Fatal error in PMPI_Finalize: Other MPI error, error stack:
PMPI_Finalize(214).....................: MPI_Finalize failed
PMPI_Finalize(161).....................: 
MPID_Finalize(718).....................: 
MPIDI_CRAY_ofi_gather_cxi_counters(729): 
MPIR_CRAY_Barrier(214).................: 
MPIR_Barrier_impl(165).................: 
MPIR_Barrier_intra_auto(109)...........: 
MPIR_Barrier_intra_dissemination(45)...: 
MPIC_Sendrecv(341).....................: 
MPIC_Wait(71)..........................: 
MPIR_Wait_impl(41).....................: 
MPID_Progress_wait(201)................: 
MPIDI_Progress_test(97)................: 
MPIDI_OFI_handle_cq_error(1310)........: OFI poll failed (ofi_events.c:1312:MPIDI_OFI_handle_cq_error:No route to host - No such file or directory)

aborting job:
Fatal error in PMPI_Finalize: Other MPI error, error stack:
PMPI_Finalize(214).....................: MPI_Finalize failed
PMPI_Finalize(161).....................: 
MPID_Finalize(718).....................: 
MPIDI_CRAY_ofi_gather_cxi_counters(729): 
MPIR_CRAY_Barrier(214).................: 
MPIR_Barrier_impl(165).................: 
MPIR_Barrier_intra_auto(109)...........: 
MPIR_Barrier_intra_dissemination(45)...: 
MPIC_Sendrecv(341).....................: 
MPIC_Wait(71)..........................: 
MPIR_Wait_impl(41).....................: 
MPID_Progress_wait(201)................: 
MPIDI_Progress_test(97)................: 
MPIDI_OFI_handle_cq_error(1310)........: OFI poll failed (ofi_events.c:1312:MPIDI_OFI_handle_cq_error:No route to host - No such file or directory)
MPICH ERROR [Rank 207] [job id 16728352.0] [Sat Mar 14 17:11:19 2026] [nid006034] - Abort(822700687) (rank 207 in comm 0): Fatal error in PMPI_Finalize: Other MPI error, error stack:
PMPI_Finalize(214).....................: MPI_Finalize failed
PMPI_Finalize(161).....................: 
MPID_Finalize(718).....................: 
MPIDI_CRAY_ofi_gather_cxi_counters(729): 
MPIR_CRAY_Barrier(214).................: 
MPIR_Barrier_impl(165).................: 
MPIR_Barrier_intra_auto(109)...........: 
MPIR_Barrier_intra_dissemination(45)...: 
MPIC_Sendrecv(341).....................: 
MPIC_Wait(71)..........................: 
MPIR_Wait_impl(41).....................: 
MPID_Progress_wait(201)................: 
MPIDI_Progress_test(97)................: 
MPIDI_OFI_handle_cq_error(1310)........: OFI poll failed (ofi_events.c:1312:MPIDI_OFI_handle_cq_error:No route to host - No such file or directory)
MPIR_Barrier_intra_dissemination(45)...: 
MPIC_Sendrecv(341).....................: 
MPIC_Wait(71)..........................: 
MPIR_Wait_impl(41).....................: 
MPID_Progress_wait(201)................: 
MPIDI_Progress_test(97)................: 
MPIDI_OFI_handle_cq_error(1310)........: OFI poll failed (ofi_events.c:1312:MPIDI_OFI_handle_cq_error:Transport endpoint is not connected - Inappropriate ioctl for device)
MPIR_Barrier_intra_dissemination(45)...: 
MPIC_Sendrecv(341).....................: 
MPIC_Wait(71)..........................: 
MPIR_Wait_impl(41).....................: 
MPID_Progress_wait(201)................: 
MPIDI_Progress_test(97)................: 
MPIDI_OFI_handle_cq_error(1310)........: OFI poll failed (ofi_events.c:1312:MPIDI_OFI_handle_cq_error:Transport endpoint is not connected - Inappropriate ioctl for device)

aborting job:
Fatal error in PMPI_Finalize: Other MPI error, error stack:
PMPI_Finalize(214).....................: MPI_Finalize failed
PMPI_Finalize(161).....................: 
MPID_Finalize(718).....................: 
MPIDI_CRAY_ofi_gather_cxi_counters(729): 
MPIR_CRAY_Barrier(214).................: 
MPIR_Barrier_impl(165).................: 
MPIR_Barrier_intra_auto(109)...........: 
MPIR_Barrier_intra_dissemination(45)...: 
MPIC_Sendrecv(341).....................: 
MPIC_Wait(71)..........................: 
MPIR_Wait_impl(41).....................: 
MPID_Progress_wait(201)................: 
MPIDI_Progress_test(97)................: 
MPIDI_OFI_handle_cq_error(1310)........: OFI poll failed (ofi_events.c:1312:MPIDI_OFI_handle_cq_error:No route to host - No such file or directory)
MPIR_Barrier_intra_dissemination(45)...: 
MPIC_Sendrecv(341).....................: 
MPIC_Wait(71)..........................: 
MPIR_Wait_impl(41).....................: 
MPID_Progress_wait(201)................: 
MPIDI_Progress_test(97)................: 
MPIDI_OFI_handle_cq_error(1310)........: OFI poll failed (ofi_events.c:1312:MPIDI_OFI_handle_cq_error:Transport endpoint is not connected - Inappropriate ioctl for device)
MPIR_Barrier_intra_dissemination(45)...: 
MPIC_Sendrecv(341).....................: 
MPIC_Wait(71)..........................: 
MPIR_Wait_impl(41).....................: 
MPID_Progress_wait(201)................: 
MPIDI_Progress_test(97)................: 
MPIDI_OFI_handle_cq_error(1310)........: OFI poll failed (ofi_events.c:1312:MPIDI_OFI_handle_cq_error:Transport endpoint is not connected - Inappropriate ioctl for device)
MPICH ERROR [Rank 78] [job id 16728352.0] [Sat Mar 14 17:11:19 2026] [nid005397] - Abort(819030671) (rank 78 in comm 0): Fatal error in PMPI_Finalize: Other MPI error, error stack:
PMPI_Finalize(214).....................: MPI_Finalize failed
PMPI_Finalize(161).....................: 
MPID_Finalize(718).....................: 
MPIDI_CRAY_ofi_gather_cxi_counters(729): 
MPIR_CRAY_Barrier(214).................: 
MPIR_Barrier_impl(165).................: 
MPIR_Barrier_intra_auto(109)...........: 
MPIR_Barrier_intra_dissemination(45)...: 
MPIC_Sendrecv(341).....................: 
MPIC_Wait(71)..........................: 
MPIR_Wait_impl(41).....................: 
MPID_Progress_wait(201)................: 
MPIDI_Progress_test(97)................: 
MPIDI_OFI_handle_cq_error(1310)........: OFI poll failed (ofi_events.c:1312:MPIDI_OFI_handle_cq_error:No route to host - No such file or directory)
MPIR_Barrier_intra_dissemination(45)...: 
MPIC_Sendrecv(341).....................: 
MPIC_Wait(71)..........................: 
MPIR_Wait_impl(41).....................: 
MPID_Progress_wait(201)................: 
MPIDI_Progress_test(97)................: 
MPIDI_OFI_handle_cq_error(1310)........: OFI poll failed (ofi_events.c:1312:MPIDI_OFI_handle_cq_error:Transport endpoint is not connected - Inappropriate ioctl for device)

aborting job:
Fatal error in PMPI_Finalize: Other MPI error, error stack:
PMPI_Finalize(214).....................: MPI_Finalize failed
PMPI_Finalize(161).....................: 
MPID_Finalize(718).....................: 
MPIDI_CRAY_ofi_gather_cxi_counters(729): 
MPIR_CRAY_Barrier(214).................: 
MPIR_Barrier_impl(165).................: 
MPIR_Barrier_intra_auto(109)...........: 
MPIR_Barrier_intra_dissemination(45)...: 
MPIC_Sendrecv(341).....................: 
MPIC_Wait(71)..........................: 
MPIR_Wait_impl(41).....................: 
MPID_Progress_wait(201)................: 
MPIDI_Progress_test(97)................: 
MPIDI_OFI_handle_cq_error(1310)........: OFI poll failed (ofi_events.c:1312:MPIDI_OFI_handle_cq_error:No route to host - No such file or directory)
MPIR_Barrier_intra_dissemination(45)...: 
MPIC_Sendrecv(341).....................: 
MPIC_Wait(71)..........................: 
MPIR_Wait_impl(41).....................: 
MPID_Progress_wait(201)................: 
MPIDI_Progress_test(97)................: 
MPIDI_OFI_handle_cq_error(1310)........: OFI poll failed (ofi_events.c:1312:MPIDI_OFI_handle_cq_error:Transport endpoint is not connected - Inappropriate ioctl for device)
MPICH ERROR [Rank 79] [job id 16728352.0] [Sat Mar 14 17:11:19 2026] [nid005397] - Abort(819030671) (rank 79 in comm 0): Fatal error in PMPI_Finalize: Other MPI error, error stack:
PMPI_Finalize(214).....................: MPI_Finalize failed
PMPI_Finalize(161).....................: 
MPID_Finalize(718).....................: 
MPIDI_CRAY_ofi_gather_cxi_counters(729): 
MPIR_CRAY_Barrier(214).................: 
MPIR_Barrier_impl(165).................: 
MPIR_Barrier_intra_auto(109)...........: 
MPIR_Barrier_intra_dissemination(45)...: 
MPIC_Sendrecv(341).....................: 
MPIC_Wait(71)..........................: 
MPIR_Wait_impl(41).....................: 
MPID_Progress_wait(201)................: 
MPIDI_Progress_test(97)................: 
MPIDI_OFI_handle_cq_error(1310)........: OFI poll failed (ofi_events.c:1312:MPIDI_OFI_handle_cq_error:Transport endpoint is not connected - Inappropriate ioctl for device)
MPIR_Barrier_intra_dissemination(45)...: 
MPIC_Sendrecv(341).....................: 
MPIC_Wait(71)..........................: 
MPIR_Wait_impl(41).....................: 
MPID_Progress_wait(201)................: 
MPIDI_Progress_test(97)................: 
MPIDI_OFI_handle_cq_error(1310)........: OFI poll failed (ofi_events.c:1312:MPIDI_OFI_handle_cq_error:Transport endpoint is not connected - Inappropriate ioctl for device)

aborting job:
Fatal error in PMPI_Finalize: Other MPI error, error stack:
PMPI_Finalize(214).....................: MPI_Finalize failed
PMPI_Finalize(161).....................: 
MPID_Finalize(718).....................: 
MPIDI_CRAY_ofi_gather_cxi_counters(729): 
MPIR_CRAY_Barrier(214).................: 
MPIR_Barrier_impl(165).................: 
MPIR_Barrier_intra_auto(109)...........: 
MPIR_Barrier_intra_dissemination(45)...: 
MPIC_Sendrecv(341).....................: 
MPIC_Wait(71)..........................: 
MPIR_Wait_impl(41).....................: 
MPID_Progress_wait(201)................: 
MPIDI_Progress_test(97)................: 
MPIDI_OFI_handle_cq_error(1310)........: OFI poll failed (ofi_events.c:1312:MPIDI_OFI_handle_cq_error:Transport endpoint is not connected - Inappropriate ioctl for device)
MPIR_Barrier_intra_dissemination(45)...: 
MPIC_Sendrecv(341).....................: 
MPIC_Wait(71)..........................: 
MPIR_Wait_impl(41).....................: 
MPID_Progress_wait(201)................: 
MPIDI_Progress_test(97)................: 
MPIDI_OFI_handle_cq_error(1310)........: OFI poll failed (ofi_events.c:1312:MPIDI_OFI_handle_cq_error:Transport endpoint is not connected - Inappropriate ioctl for device)
MPICH ERROR [Rank 206] [job id 16728352.0] [Sat Mar 14 17:11:19 2026] [nid006034] - Abort(822700687) (rank 206 in comm 0): Fatal error in PMPI_Finalize: Other MPI error, error stack:
PMPI_Finalize(214).....................: MPI_Finalize failed
PMPI_Finalize(161).....................: 
MPID_Finalize(718).....................: 
MPIDI_CRAY_ofi_gather_cxi_counters(729): 
MPIR_CRAY_Barrier(214).................: 
MPIR_Barrier_impl(165).................: 
MPIR_Barrier_intra_auto(109)...........: 
MPIR_Barrier_intra_dissemination(45)...: 
MPIC_Sendrecv(341).....................: 
MPIC_Wait(71)..........................: 
MPIR_Wait_impl(41).....................: 
MPID_Progress_wait(201)................: 
MPIDI_Progress_test(97)................: 
MPIDI_OFI_handle_cq_error(1310)........: OFI poll failed (ofi_events.c:1312:MPIDI_OFI_handle_cq_error:Transport endpoint is not connected - Inappropriate ioctl for device)
MPIR_Barrier_intra_dissemination(45)...: 
MPIC_Sendrecv(341).....................: 
MPIC_Wait(71)..........................: 
MPIR_Wait_impl(41).....................: 
MPID_Progress_wait(201)................: 
MPIDI_Progress_test(97)................: 
MPIDI_OFI_handle_cq_error(1310)........: OFI poll failed (ofi_events.c:1312:MPIDI_OFI_handle_cq_error:Transport endpoint is not connected - Inappropriate ioctl for device)
MPIR_Barrier_intra_dissemination(45)...: 
MPIC_Sendrecv(341).....................: 
MPIC_Wait(71)..........................: 
MPIR_Wait_impl(41).....................: 
MPID_Progress_wait(201)................: 
MPIDI_Progress_test(97)................: 
MPIDI_OFI_handle_cq_error(1310)........: OFI poll failed (ofi_events.c:1312:MPIDI_OFI_handle_cq_error:Transport endpoint is not connected - Inappropria
aborting job:
Fatal error in PMPI_Finalize: Other MPI error, error stack:
PMPI_Finalize(214).....................: MPI_Finalize failed
PMPI_Finalize(161).....................: 
MPID_Finalize(718).....................: 
MPIDI_CRAY_ofi_gather_cxi_counters(729): 
MPIR_CRAY_Barrier(214).................: 
MPIR_Barrier_impl(165).................: 
MPIR_Barrier_intra_auto(109)...........: 
MPIR_Barrier_intra_dissemination(45)...: 
MPIC_Sendrecv(341).....................: 
MPIC_Wait(71)..........................: 
MPIR_Wait_impl(41).....................: 
MPID_Progress_wait(201)................: 
MPIDI_Progress_test(97)................: 
MPIDI_OFI_handle_cq_error(1310)........: OFI poll failed (ofi_events.c:1312:MPIDI_OFI_handle_cq_error:Transport endpoint is not connected - Inappropriate ioctl for device)
MPIR_Barrier_intra_dissemination(45)...: 
MPIC_Sendrecv(341).....................: 
MPIC_Wait(71)..........................: 
MPIR_Wait_impl(41).....................: 
MPID_Progress_wait(201)................: 
MPIDI_Progress_test(97)................: 
MPIDI_OFI_handle_cq_error(1310)........: OFI poll failed (ofi_events.c:1312:MPIDI_OFI_handle_cq_error:Transport endpoint is not connected - Inappropriate ioctl for device)
MPIR_Barrier_intra_dissemination(45)...: 
MPIC_Sendrecv(341).....................: 
MPIC_Wait(71)..........................: 
MPIR_Wait_impl(41).....................: 
MPID_Progress_wait(201)................: 
MPIDI_Progress_test(97)................: 
MPIDI_OFI_handle_cq_error(1310)........: OFI poll failed (ofi_events.c:1312:MPIDI_OFI_handle_cq_error:Transport endpoint is not connected - Inappropriate ioctl for device)
MPICH ERROR [Rank 177] [job id 16728352.0] [Sat Mar 14 17:11:19 2026] [nid006031] - Abort(539637903) (rank 177 in comm 0): Fatal error in PMPI_Waitall: Other MPI error, error stack:
PMPI_Waitall(378)..............: MPI_Waitall(count=1022, req_array=0x18e1a90, status_array=0x1) failed
MPIR_Waitall(167)..............: 
MPIR_Waitall_impl(51)..........: 
MPID_Progress_wait(201)........: 
MPIDI_Progress_test(97)........: 
MPIDI_OFI_handle_cq_error(1310): OFI poll failed (ofi_events.c:1312:MPIDI_OFI_handle_cq_error:Transport endpoint is not connected - Inappropriate ioctl for device)

aborting job:
Fatal error in PMPI_Waitall: Other MPI error, error stack:
PMPI_Waitall(378)..............: MPI_Waitall(count=1022, req_array=0x18e1a90, status_array=0x1) failed
MPIR_Waitall(167)..............: 
MPIR_Waitall_impl(51)..........: 
MPID_Progress_wait(201)........: 
MPIDI_Progress_test(97)........: 
MPIDI_OFI_handle_cq_error(1310): OFI poll failed (ofi_events.c:1312:MPIDI_OFI_handle_cq_error:Transport endpoint is not connected - Inappropriate ioctl for device)
MPICH ERROR [Rank 476] [job id 16728352.0] [Sat Mar 14 17:11:19 2026] [nid007553] - Abort(69875855) (rank 476 in comm 0): Fatal error in PMPI_Waitall: Other MPI error, error stack:
PMPI_Waitall(378)..............: MPI_Waitall(count=1022, req_array=0x1901cd0, status_array=0x1) failed
MPIR_Waitall(167)..............: 
MPIR_Waitall_impl(51)..........: 
MPID_Progress_wait(201)........: 
MPIDI_Progress_test(97)........: 
MPIDI_OFI_handle_cq_error(1310): OFI poll failed (ofi_events.c:1312:MPIDI_OFI_handle_cq_error:Input/output error - Exchange full)

aborting job:
Fatal error in PMPI_Waitall: Other MPI error, error stack:
PMPI_Waitall(378)..............: MPI_Waitall(count=1022, req_array=0x1901cd0, status_array=0x1) failed
MPIR_Waitall(167)..............: 
MPIR_Waitall_impl(51)..........: 
MPID_Progress_wait(201)........: 
MPIDI_Progress_test(97)........: 
MPIDI_OFI_handle_cq_error(1310): OFI poll failed (ofi_events.c:1312:MPIDI_OFI_handle_cq_error:Input/output error - Exchange full)
MPICH ERROR [Rank 14] [job id 16728352.0] [Sat Mar 14 17:11:19 2026] [nid005137] - Abort(822700687) (rank 14 in comm 0): Fatal error in PMPI_Finalize: Other MPI error, error stack:
PMPI_Finalize(214).....................: MPI_Finalize failed
PMPI_Finalize(161).....................: 
MPID_Finalize(718).....................: 
MPIDI_CRAY_ofi_gather_cxi_counters(729): 
MPIR_CRAY_Barrier(214).................: 
MPIR_Barrier_impl(165).................: 
MPIR_Barrier_intra_auto(109)...........: 
MPIR_Barrier_intra_dissemination(45)...: 
MPIC_Sendrecv(341).....................: 
MPIC_Wait(71)..........................: 
MPIR_Wait_impl(41).....................: 
MPID_Progress_wait(201)................: 
MPIDI_Progress_test(97)................: 
MPIDI_OFI_handle_cq_error(1310)........: OFI poll failed (ofi_events.c:1312:MPIDI_OFI_handle_cq_error:Transport endpoint is not connected - Inappropriate ioctl for device)
MPIR_Barrier_intra_dissemination(45)...: 
MPIC_Sendrecv(341).....................: 
MPIC_Wait(71)..........................: 
MPIR_Wait_impl(41).....................: 
MPID_Progress_wait(201)................: 
MPIDI_Progress_test(97)................: 
MPIDI_OFI_handle_cq_error(1310)........: OFI poll failed (ofi_events.c:1312:MPIDI_OFI_handle_cq_error:No route to host - No such file or directory)
MPIR_Barrier_intra_dissemination(45)...: 
MPIC_Sendrecv(341).....................: 
MPIC_Wait(71)..........................: 
MPIR_Wait_impl(41).....................: 
MPID_Progress_wait(201)................: 
MPIDI_Progress_test(97)................: 
MPIDI_OFI_handle_cq_error(1310)........: OFI poll failed (ofi_events.c:1312:MPIDI_OFI_handle_cq_error:Transport endpoint is not connected - Inappropriate ioctl for device)

aborting job:
Fatal error in PMPI_Finalize: Other MPI error, error stack:
PMPI_Finalize(214).....................: MPI_Finalize failed
PMPI_Finalize(161).....................: 
MPID_Finalize(718).....................: 
MPIDI_CRAY_ofi_gather_cxi_counters(729): 
MPIR_CRAY_Barrier(214).................: 
MPIR_Barrier_impl(165).................: 
MPIR_Barrier_intra_auto(109)...........: 
MPIR_Barrier_intra_dissemination(45)...: 
MPIC_Sendrecv(341).....................: 
MPIC_Wait(71)..........................: 
MPIR_Wait_impl(41).....................: 
MPID_Progress_wait(201)................: 
MPIDI_Progress_test(97)................: 
MPIDI_OFI_handle_cq_error(1310)........: OFI poll failed (ofi_events.c:1312:MPIDI_OFI_handle_cq_error:Transport endpoint is not connected - Inappropriate ioctl for device)
MPIR_Barrier_intra_dissemination(45)...: 
MPIC_Sendrecv(341).....................: 
MPIC_Wait(71)..........................: 
MPIR_Wait_impl(41).....................: 
MPID_Progress_wait(201)................: 
MPIDI_Progress_test(97)................: 
MPIDI_OFI_handle_cq_error(1310)........: OFI poll failed (ofi_events.c:1312:MPIDI_OFI_handle_cq_error:No route to host - No such file or directory)
MPIR_Barrier_intra_dissemination(45)...: 
MPIC_Sendrecv(341).....................: 
MPIC_Wait(71)..........................: 
MPIR_Wait_impl(41).....................: 
MPID_Progress_wait(201)................: 
MPIDI_Progress_test(97)................: 
MPIDI_OFI_handle_cq_error(1310)........: OFI poll failed (ofi_events.c:1312:MPIDI_OFI_handle_cq_error:Transport endpoint is not connected - Inappropriate ioctl for device)
MPICH ERROR [Rank 409] [job id 16728352.0] [Sat Mar 14 17:11:19 2026] [nid007460] - Abort(405420175) (rank 409 in comm 0): Fatal error in PMPI_Waitall: Other MPI error, error stack:
PMPI_Waitall(378)..............: MPI_Waitall(count=1022, req_array=0x1f4a560, status_array=0x1) failed
MPIR_Waitall(167)..............: 
MPIR_Waitall_impl(51)..........: 
MPID_Progress_wait(201)........: 
MPIDI_Progress_test(97)........: 
MPIDI_OFI_handle_cq_error(1310): OFI poll failed (ofi_events.c:1312:MPIDI_OFI_handle_cq_error:No route to host - No such file or directory)

aborting job:
Fatal error in PMPI_Waitall: Other MPI error, error stack:
PMPI_Waitall(378)..............: MPI_Waitall(count=1022, req_array=0x1f4a560, status_array=0x1) failed
MPIR_Waitall(167)..............: 
MPIR_Waitall_impl(51)..........: 
MPID_Progress_wait(201)........: 
MPIDI_Progress_test(97)........: 
MPIDI_OFI_handle_cq_error(1310): OFI poll failed (ofi_events.c:1312:MPIDI_OFI_handle_cq_error:No route to host - No such file or directory)
MPICH ERROR [Rank 77] [job id 16728352.0] [Sat Mar 14 17:11:19 2026] [nid005397] - Abort(808073359) (rank 77 in comm 0): Fatal error in PMPI_Waitall: Other MPI error, error stack:
PMPI_Waitall(378)..............: MPI_Waitall(count=1022, req_array=0xf48830, status_array=0x1) failed
MPIR_Waitall(167)..............: 
MPIR_Waitall_impl(51)..........: 
MPID_Progress_wait(201)........: 
MPIDI_Progress_test(97)........: 
MPIDI_OFI_handle_cq_error(1310): OFI poll failed (ofi_events.c:1312:MPIDI_OFI_handle_cq_error:Transport endpoint is not connected - Inappropriate ioctl for device)

aborting job:
Fatal error in PMPI_Waitall: Other MPI error, error stack:
PMPI_Waitall(378)..............: MPI_Waitall(count=1022, req_array=0xf48830, status_array=0x1) failed
MPIR_Waitall(167)..............: 
MPIR_Waitall_impl(51)..........: 
MPID_Progress_wait(201)........: 
MPIDI_Progress_test(97)........: 
MPIDI_OFI_handle_cq_error(1310): OFI poll failed (ofi_events.c:1312:MPIDI_OFI_handle_cq_error:Transport endpoint is not connected - Inappropriate ioctl for device)
MPICH ERROR [Rank 76] [job id 16728352.0] [Sat Mar 14 17:11:19 2026] [nid005397] - Abort(822700687) (rank 76 in comm 0): Fatal error in PMPI_Finalize: Other MPI error, error stack:
PMPI_Finalize(214).....................: MPI_Finalize failed
PMPI_Finalize(161).....................: 
MPID_Finalize(718).....................: 
MPIDI_CRAY_ofi_gather_cxi_counters(729): 
MPIR_CRAY_Barrier(214).................: 
MPIR_Barrier_impl(165).................: 
MPIR_Barrier_intra_auto(109)...........: 
MPIR_Barrier_intra_dissemination(45)...: 
MPIC_Sendrecv(341).....................: 
MPIC_Wait(71)..........................: 
MPIR_Wait_impl(41).....................: 
MPID_Progress_wait(201)................: 
MPIDI_Progress_test(97)................: 
MPIDI_OFI_handle_cq_error(1310)........: OFI poll failed (ofi_events.c:1312:MPIDI_OFI_handle_cq_error:No route to host - No such file or directory)
MPIR_Barrier_intra_dissemination(45)...: 
MPIC_Sendrecv(341).....................: 
MPIC_Wait(71)..........................: 
MPIR_Wait_impl(41).....................: 
MPID_Progress_wait(201)................: 
MPIDI_Progress_test(97)................: 
MPIDI_OFI_handle_cq_error(1310)........: OFI poll failed (ofi_events.c:1312:MPIDI_OFI_handle_cq_error:Transport endpoint is not connected - Inappropriate ioctl for device)
MPIR_Barrier_intra_dissemination(45)...: 
MPIC_Sendrecv(341).....................: 
MPIC_Wait(71)..........................: 
MPIR_Wait_impl(41).....................: 
MPID_Progress_wait(201)................: 
MPIDI_Progress_test(97)................: 
MPIDI_OFI_handle_cq_error(1310)........: OFI poll failed (ofi_events.c:1312:MPIDI_OFI_handle_cq_error:Transport endpoint is not connected - Inappropriate ioctl for device)

aborting job:
Fatal error in PMPI_Finalize: Other MPI error, error stack:
PMPI_Finalize(214).....................: MPI_Finalize failed
PMPI_Finalize(161).....................: 
MPID_Finalize(718).....................: 
MPIDI_CRAY_ofi_gather_cxi_counters(729): 
MPIR_CRAY_Barrier(214).................: 
MPIR_Barrier_impl(165).................: 
MPIR_Barrier_intra_auto(109)...........: 
MPIR_Barrier_intra_dissemination(45)...: 
MPIC_Sendrecv(341).....................: 
MPIC_Wait(71)..........................: 
MPIR_Wait_impl(41).....................: 
MPID_Progress_wait(201)................: 
MPIDI_Progress_test(97)................: 
MPIDI_OFI_handle_cq_error(1310)........: OFI poll failed (ofi_events.c:1312:MPIDI_OFI_handle_cq_error:No route to host - No such file or directory)
MPIR_Barrier_intra_dissemination(45)...: 
MPIC_Sendrecv(341).....................: 
MPIC_Wait(71)..........................: 
MPIR_Wait_impl(41).....................: 
MPID_Progress_wait(201)................: 
MPIDI_Progress_test(97)................: 
MPIDI_OFI_handle_cq_error(1310)........: OFI poll failed (ofi_events.c:1312:MPIDI_OFI_handle_cq_error:Transport endpoint is not connected - Inappropriate ioctl for device)
MPIR_Barrier_intra_dissemination(45)...: 
MPIC_Sendrecv(341).....................: 
MPIC_Wait(71)..........................: 
MPIR_Wait_impl(41).....................: 
MPID_Progress_wait(201)................: 
MPIDI_Progress_test(97)................: 
MPIDI_OFI_handle_cq_error(1310)........: OFI poll failed (ofi_events.c:1312:MPIDI_OFI_handle_cq_error:Transport endpoint is not connected - Inappropriate ioctl for device)
slurmstepd: error: Failed to destroy CXI Service ID 5 (cxi2): Device or resource busy
MPICH ERROR [Rank 176] [job id 16728352.0] [Sat Mar 14 17:11:19 2026] [nid006031] - Abort(822700687) (rank 176 in comm 0): Fatal error in PMPI_Finalize: Other MPI error, error stack:
PMPI_Finalize(214).....................: MPI_Finalize failed
PMPI_Finalize(161).....................: 
MPID_Finalize(718).....................: 
MPIDI_CRAY_ofi_gather_cxi_counters(729): 
MPIR_CRAY_Barrier(214).................: 
MPIR_Barrier_impl(165).................: 
MPIR_Barrier_intra_auto(109)...........: 
MPIR_Barrier_intra_dissemination(45)...: 
MPIC_Sendrecv(341).....................: 
MPIC_Wait(71)..........................: 
MPIR_Wait_impl(41).....................: 
MPID_Progress_wait(201)................: 
MPIDI_Progress_test(97)................: 
MPIDI_OFI_handle_cq_error(1310)........: OFI poll failed (ofi_events.c:1312:MPIDI_OFI_handle_cq_error:No route to host - No such file or directory)
MPIR_Barrier_intra_dissemination(45)...: 
MPIC_Sendrecv(341).....................: 
MPIC_Wait(71)..........................: 
MPIR_Wait_impl(41).....................: 
MPID_Progress_wait(201)................: 
MPIDI_Progress_test(97)................: 
MPIDI_OFI_handle_cq_error(1310)........: OFI poll failed (ofi_events.c:1312:MPIDI_OFI_handle_cq_error:Transport endpoint is not connected - Inappropriate ioctl for device)
MPIR_Barrier_intra_dissemination(45)...: 
MPIC_Sendrecv(341).....................: 
MPIC_Wait(71)..........................: 
MPIR_Wait_impl(41).....................: 
MPID_Progress_wait(201)................: 
MPIDI_Progress_test(97)................: 
MPIDI_OFI_handle_cq_error(1310)........: OFI poll failed (ofi_events.c:1312:MPIDI_OFI_handle_cq_error:Transport endpoint is not connected - Inappropriate ioctl for device)

aborting job:
Fatal error in PMPI_Finalize: Other MPI error, error stack:
PMPI_Finalize(214).....................: MPI_Finalize failed
PMPI_Finalize(161).....................: 
MPID_Finalize(718).....................: 
MPIDI_CRAY_ofi_gather_cxi_counters(729): 
MPIR_CRAY_Barrier(214).................: 
MPIR_Barrier_impl(165).................: 
MPIR_Barrier_intra_auto(109)...........: 
MPIR_Barrier_intra_dissemination(45)...: 
MPIC_Sendrecv(341).....................: 
MPIC_Wait(71)..........................: 
MPIR_Wait_impl(41).....................: 
MPID_Progress_wait(201)................: 
MPIDI_Progress_test(97)................: 
MPIDI_OFI_handle_cq_error(1310)........: OFI poll failed (ofi_events.c:1312:MPIDI_OFI_handle_cq_error:No route to host - No such file or directory)
MPIR_Barrier_intra_dissemination(45)...: 
MPIC_Sendrecv(341).....................: 
MPIC_Wait(71)..........................: 
MPIR_Wait_impl(41).....................: 
MPID_Progress_wait(201)................: 
MPIDI_Progress_test(97)................: 
MPIDI_OFI_handle_cq_error(1310)........: OFI poll failed (ofi_events.c:1312:MPIDI_OFI_handle_cq_error:Transport endpoint is not connected - Inappropriate ioctl for device)
MPIR_Barrier_intra_dissemination(45)...: 
MPIC_Sendrecv(341).....................: 
MPIC_Wait(71)..........................: 
MPIR_Wait_impl(41).....................: 
MPID_Progress_wait(201)................: 
MPIDI_Progress_test(97)................: 
MPIDI_OFI_handle_cq_error(1310)........: OFI poll failed (ofi_events.c:1312:MPIDI_OFI_handle_cq_error:Transport endpoint is not connected - Inappropriate ioctl for device)
MPICH ERROR [Rank 77] [job id 16728352.0] [Sat Mar 14 17:11:19 2026] [nid005397] - Abort(819030671) (rank 77 in comm 0): Fatal error in PMPI_Finalize: Other MPI error, error stack:
PMPI_Finalize(214).....................: MPI_Finalize failed
PMPI_Finalize(161).....................: 
MPID_Finalize(718).....................: 
MPIDI_CRAY_ofi_gather_cxi_counters(729): 
MPIR_CRAY_Barrier(214).................: 
MPIR_Barrier_impl(165).................: 
MPIR_Barrier_intra_auto(109)...........: 
MPIR_Barrier_intra_dissemination(45)...: 
MPIC_Sendrecv(341).....................: 
MPIC_Wait(71)..........................: 
MPIR_Wait_impl(41).....................: 
MPID_Progress_wait(201)................: 
MPIDI_Progress_test(97)................: 
MPIDI_OFI_handle_cq_error(1310)........: OFI poll failed (ofi_events.c:1312:MPIDI_OFI_handle_cq_error:Transport endpoint is not connected - Inappropriate ioctl for device)
MPIR_Barrier_intra_dissemination(45)...: 
MPIC_Sendrecv(341).....................: 
MPIC_Wait(71)..........................: 
MPIR_Wait_impl(41).....................: 
MPID_Progress_wait(201)................: 
MPIDI_Progress_test(97)................: 
MPIDI_OFI_handle_cq_error(1310)........: OFI poll failed (ofi_events.c:1312:MPIDI_OFI_handle_cq_error:Transport endpoint is not connected - Inappropriate ioctl for device)

aborting job:
Fatal error in PMPI_Finalize: Other MPI error, error stack:
PMPI_Finalize(214).....................: MPI_Finalize failed
PMPI_Finalize(161).....................: 
MPID_Finalize(718).....................: 
MPIDI_CRAY_ofi_gather_cxi_counters(729): 
MPIR_CRAY_Barrier(214).................: 
MPIR_Barrier_impl(165).................: 
MPIR_Barrier_intra_auto(109)...........: 
MPIR_Barrier_intra_dissemination(45)...: 
MPIC_Sendrecv(341).....................: 
MPIC_Wait(71)..........................: 
MPIR_Wait_impl(41).....................: 
MPID_Progress_wait(201)................: 
MPIDI_Progress_test(97)................: 
MPIDI_OFI_handle_cq_error(1310)........: OFI poll failed (ofi_events.c:1312:MPIDI_OFI_handle_cq_error:Transport endpoint is not connected - Inappropriate ioctl for device)
MPIR_Barrier_intra_dissemination(45)...: 
MPIC_Sendrecv(341).....................: 
MPIC_Wait(71)..........................: 
MPIR_Wait_impl(41).....................: 
MPID_Progress_wait(201)................: 
MPIDI_Progress_test(97)................: 
MPIDI_OFI_handle_cq_error(1310)........: OFI poll failed (ofi_events.c:1312:MPIDI_OFI_handle_cq_error:Transport endpoint is not connected - Inappropriate ioctl for device)
slurmstepd: error: Failed to destroy CXI Service ID 5 (cxi0): Device or resource busy
srun: error: nid007457: tasks 400,406-407: Exited with exit code 255
MPICH ERROR [Rank 382] [job id 16728352.0] [Sat Mar 14 17:11:19 2026] [nid007308] - Abort(539637903) (rank 382 in comm 0): Fatal error in PMPI_Waitall: Other MPI error, error stack:
PMPI_Waitall(378)..............: MPI_Waitall(count=1022, req_array=0xe9ee10, status_array=0x1) failed
MPIR_Waitall(167)..............: 
MPIR_Waitall_impl(51)..........: 
MPID_Progress_wait(201)........: 
MPIDI_Progress_test(97)........: 
MPIDI_OFI_handle_cq_error(1310): OFI poll failed (ofi_events.c:1312:MPIDI_OFI_handle_cq_error:No route to host - No such file or directory)

aborting job:
Fatal error in PMPI_Waitall: Other MPI error, error stack:
PMPI_Waitall(378)..............: MPI_Waitall(count=1022, req_array=0xe9ee10, status_array=0x1) failed
MPIR_Waitall(167)..............: 
MPIR_Waitall_impl(51)..........: 
MPID_Progress_wait(201)........: 
MPIDI_Progress_test(97)........: 
MPIDI_OFI_handle_cq_error(1310): OFI poll failed (ofi_events.c:1312:MPIDI_OFI_handle_cq_error:No route to host - No such file or directory)
MPICH ERROR [Rank 391] [job id 16728352.0] [Sat Mar 14 17:11:19 2026] [nid007314] - Abort(819030671) (rank 391 in comm 0): Fatal error in PMPI_Finalize: Other MPI error, error stack:
PMPI_Finalize(214).....................: MPI_Finalize failed
PMPI_Finalize(161).....................: 
MPID_Finalize(718).....................: 
MPIDI_CRAY_ofi_gather_cxi_counters(729): 
MPIR_CRAY_Barrier(214).................: 
MPIR_Barrier_impl(165).................: 
MPIR_Barrier_intra_auto(109)...........: 
MPIR_Barrier_intra_dissemination(45)...: 
MPIC_Sendrecv(341).....................: 
MPIC_Wait(71)..........................: 
MPIR_Wait_impl(41).....................: 
MPID_Progress_wait(201)................: 
MPIDI_Progress_test(97)................: 
MPIDI_OFI_handle_cq_error(1310)........: OFI poll failed (ofi_events.c:1312:MPIDI_OFI_handle_cq_error:Transport endpoint is not connected - Inappropriate ioctl for device)
MPIR_Barrier_intra_dissemination(45)...: 
MPIC_Sendrecv(341).....................: 
MPIC_Wait(71)..........................: 
MPIR_Wait_impl(41).....................: 
MPID_Progress_wait(201)................: 
MPIDI_Progress_test(97)................: 
MPIDI_OFI_handle_cq_error(1310)........: OFI poll failed (ofi_events.c:1312:MPIDI_OFI_handle_cq_error:Transport endpoint is not connected - Inappropriate ioctl for device)

aborting job:
Fatal error in PMPI_Finalize: Other MPI error, error stack:
PMPI_Finalize(214).....................: MPI_Finalize failed
PMPI_Finalize(161).....................: 
MPID_Finalize(718).....................: 
MPIDI_CRAY_ofi_gather_cxi_counters(729): 
MPIR_CRAY_Barrier(214).................: 
MPIR_Barrier_impl(165).................: 
MPIR_Barrier_intra_auto(109)...........: 
MPIR_Barrier_intra_dissemination(45)...: 
MPIC_Sendrecv(341).....................: 
MPIC_Wait(71)..........................: 
MPIR_Wait_impl(41).....................: 
MPID_Progress_wait(201)................: 
MPIDI_Progress_test(97)................: 
MPIDI_OFI_handle_cq_error(1310)........: OFI poll failed (ofi_events.c:1312:MPIDI_OFI_handle_cq_error:Transport endpoint is not connected - Inappropriate ioctl for device)
MPIR_Barrier_intra_dissemination(45)...: 
MPIC_Sendrecv(341).....................: 
MPIC_Wait(71)..........................: 
MPIR_Wait_impl(41).....................: 
MPID_Progress_wait(201)................: 
MPIDI_Progress_test(97)................: 
MPIDI_OFI_handle_cq_error(1310)........: OFI poll failed (ofi_events.c:1312:MPIDI_OFI_handle_cq_error:Transport endpoint is not connected - Inappropriate ioctl for device)
MPICH ERROR [Rank 382] [job id 16728352.0] [Sat Mar 14 17:11:19 2026] [nid007308] - Abort(815360655) (rank 382 in comm 0): Fatal error in PMPI_Finalize: Other MPI error, error stack:
PMPI_Finalize(214).....................: MPI_Finalize failed
PMPI_Finalize(161).....................: 
MPID_Finalize(718).....................: 
MPIDI_CRAY_ofi_gather_cxi_counters(729): 
MPIR_CRAY_Barrier(214).................: 
MPIR_Barrier_impl(165).................: 
MPIR_Barrier_intra_auto(109)...........: 
MPIR_Barrier_intra_dissemination(45)...: 
MPIC_Sendrecv(341).....................: 
MPIC_Wait(71)..........................: 
MPIR_Wait_impl(41).....................: 
MPID_Progress_wait(201)................: 
MPIDI_Progress_test(97)................: 
MPIDI_OFI_handle_cq_error(1310)........: OFI poll failed (ofi_events.c:1312:MPIDI_OFI_handle_cq_error:No route to host - No such file or directory)

aborting job:
Fatal error in PMPI_Finalize: Other MPI error, error stack:
PMPI_Finalize(214).....................: MPI_Finalize failed
PMPI_Finalize(161).....................: 
MPID_Finalize(718).....................: 
MPIDI_CRAY_ofi_gather_cxi_counters(729): 
MPIR_CRAY_Barrier(214).................: 
MPIR_Barrier_impl(165).................: 
MPIR_Barrier_intra_auto(109)...........: 
MPIR_Barrier_intra_dissemination(45)...: 
MPIC_Sendrecv(341).....................: 
MPIC_Wait(71)..........................: 
MPIR_Wait_impl(41).....................: 
MPID_Progress_wait(201)................: 
MPIDI_Progress_test(97)................: 
MPIDI_OFI_handle_cq_error(1310)........: OFI poll failed (ofi_events.c:1312:MPIDI_OFI_handle_cq_error:No route to host - No such file or directory)
MPICH ERROR [Rank 381] [job id 16728352.0] [Sat Mar 14 17:11:19 2026] [nid007308] - Abort(875182223) (rank 381 in comm 0): Fatal error in PMPI_Waitall: Other MPI error, error stack:
PMPI_Waitall(378)..............: MPI_Waitall(count=1022, req_array=0x1c1bbe0, status_array=0x1) failed
MPIR_Waitall(167)..............: 
MPIR_Waitall_impl(51)..........: 
MPID_Progress_wait(201)........: 
MPIDI_Progress_test(97)........: 
MPIDI_OFI_handle_cq_error(1310): OFI poll failed (ofi_events.c:1312:MPIDI_OFI_handle_cq_error:Transport endpoint is not connected - Inappropriate ioctl for device)

aborting job:
Fatal error in PMPI_Waitall: Other MPI error, error stack:
PMPI_Waitall(378)..............: MPI_Waitall(count=1022, req_array=0x1c1bbe0, status_array=0x1) failed
MPIR_Waitall(167)..............: 
MPIR_Waitall_impl(51)..........: 
MPID_Progress_wait(201)........: 
MPIDI_Progress_test(97)........: 
MPIDI_OFI_handle_cq_error(1310): OFI poll failed (ofi_events.c:1312:MPIDI_OFI_handle_cq_error:Transport endpoint is not connected - Inappropriate ioctl for device)
srun: error: nid007314: tasks 384-385: Exited with exit code 255
slurmstepd: error: Failed to destroy CXI Service ID 5 (cxi2): Device or resource busy
MPICH ERROR [Rank 268] [job id 16728352.0] [Sat Mar 14 17:11:19 2026] [nid006617] - Abort(539637903) (rank 268 in comm 0): Fatal error in PMPI_Waitall: Other MPI error, error stack:
PMPI_Waitall(378)..............: MPI_Waitall(count=1022, req_array=0x1f8ce20, status_array=0x1) failed
MPIR_Waitall(167)..............: 
MPIR_Waitall_impl(51)..........: 
MPID_Progress_wait(201)........: 
MPIDI_Progress_test(97)........: 
MPIDI_OFI_handle_cq_error(1310): OFI poll failed (ofi_events.c:1312:MPIDI_OFI_handle_cq_error:No route to host - No such file or directory)

aborting job:
Fatal error in PMPI_Waitall: Other MPI error, error stack:
PMPI_Waitall(378)..............: MPI_Waitall(count=1022, req_array=0x1f8ce20, status_array=0x1) failed
MPIR_Waitall(167)..............: 
MPIR_Waitall_impl(51)..........: 
MPID_Progress_wait(201)........: 
MPIDI_Progress_test(97)........: 
MPIDI_OFI_handle_cq_error(1310): OFI poll failed (ofi_events.c:1312:MPIDI_OFI_handle_cq_error:No route to host - No such file or directory)
srun: error: nid007308: tasks 378-380: Exited with exit code 255
MPICH ERROR [Rank 381] [job id 16728352.0] [Sat Mar 14 17:11:19 2026] [nid007308] - Abort(815360655) (rank 381 in comm 0): Fatal error in PMPI_Finalize: Other MPI error, error stack:
PMPI_Finalize(214).....................: MPI_Finalize failed
PMPI_Finalize(161).....................: 
MPID_Finalize(718).....................: 
MPIDI_CRAY_ofi_gather_cxi_counters(729): 
MPIR_CRAY_Barrier(214).................: 
MPIR_Barrier_impl(165).................: 
MPIR_Barrier_intra_auto(109)...........: 
MPIR_Barrier_intra_dissemination(45)...: 
MPIC_Sendrecv(341).....................: 
MPIC_Wait(71)..........................: 
MPIR_Wait_impl(41).....................: 
MPID_Progress_wait(201)................: 
MPIDI_Progress_test(97)................: 
MPIDI_OFI_handle_cq_error(1310)........: OFI poll failed (ofi_events.c:1312:MPIDI_OFI_handle_cq_error:Transport endpoint is not connected - Inappropriate ioctl for device)

aborting job:
Fatal error in PMPI_Finalize: Other MPI error, error stack:
PMPI_Finalize(214).....................: MPI_Finalize failed
PMPI_Finalize(161).....................: 
MPID_Finalize(718).....................: 
MPIDI_CRAY_ofi_gather_cxi_counters(729): 
MPIR_CRAY_Barrier(214).................: 
MPIR_Barrier_impl(165).................: 
MPIR_Barrier_intra_auto(109)...........: 
MPIR_Barrier_intra_dissemination(45)...: 
MPIC_Sendrecv(341).....................: 
MPIC_Wait(71)..........................: 
MPIR_Wait_impl(41).....................: 
MPID_Progress_wait(201)................: 
MPIDI_Progress_test(97)................: 
MPIDI_OFI_handle_cq_error(1310)........: OFI poll failed (ofi_events.c:1312:MPIDI_OFI_handle_cq_error:Transport endpoint is not connected - Inappropriate ioctl for device)
MPICH ERROR [Rank 473] [job id 16728352.0] [Sat Mar 14 17:11:19 2026] [nid007553] - Abort(2766991) (rank 473 in comm 0): Fatal error in PMPI_Waitall: Other MPI error, error stack:
PMPI_Waitall(378)..............: MPI_Waitall(count=1022, req_array=0x1ea6310, status_array=0x1) failed
MPIR_Waitall(167)..............: 
MPIR_Waitall_impl(51)..........: 
MPID_Progress_wait(201)........: 
MPIDI_Progress_test(97)........: 
MPIDI_OFI_handle_cq_error(1310): OFI poll failed (ofi_events.c:1312:MPIDI_OFI_handle_cq_error:No route to host - No such file or directory)

aborting job:
Fatal error in PMPI_Waitall: Other MPI error, error stack:
PMPI_Waitall(378)..............: MPI_Waitall(count=1022, req_array=0x1ea6310, status_array=0x1) failed
MPIR_Waitall(167)..............: 
MPIR_Waitall_impl(51)..........: 
MPID_Progress_wait(201)........: 
MPIDI_Progress_test(97)........: 
MPIDI_OFI_handle_cq_error(1310): OFI poll failed (ofi_events.c:1312:MPIDI_OFI_handle_cq_error:No route to host - No such file or directory)
MPICH ERROR [Rank 390] [job id 16728352.0] [Sat Mar 14 17:11:19 2026] [nid007314] - Abort(822700687) (rank 390 in comm 0): Fatal error in PMPI_Finalize: Other MPI error, error stack:
PMPI_Finalize(214).....................: MPI_Finalize failed
PMPI_Finalize(161).....................: 
MPID_Finalize(718).....................: 
MPIDI_CRAY_ofi_gather_cxi_counters(729): 
MPIR_CRAY_Barrier(214).................: 
MPIR_Barrier_impl(165).................: 
MPIR_Barrier_intra_auto(109)...........: 
MPIR_Barrier_intra_dissemination(45)...: 
MPIC_Sendrecv(341).....................: 
MPIC_Wait(71)..........................: 
MPIR_Wait_impl(41).....................: 
MPID_Progress_wait(201)................: 
MPIDI_Progress_test(97)................: 
MPIDI_OFI_handle_cq_error(1310)........: OFI poll failed (ofi_events.c:1312:MPIDI_OFI_handle_cq_error:No route to host - No such file or directory)
MPIR_Barrier_intra_dissemination(45)...: 
MPIC_Sendrecv(341).....................: 
MPIC_Wait(71)..........................: 
MPIR_Wait_impl(41).....................: 
MPID_Progress_wait(201)................: 
MPIDI_Progress_test(97)................: 
MPIDI_OFI_handle_cq_error(1310)........: OFI poll failed (ofi_events.c:1312:MPIDI_OFI_handle_cq_error:Transport endpoint is not connected - Inappropriate ioctl for device)
MPIR_Barrier_intra_dissemination(45)...: 
MPIC_Sendrecv(341).....................: 
MPIC_Wait(71)..........................: 
MPIR_Wait_impl(41).....................: 
MPID_Progress_wait(201)................: 
MPIDI_Progress_test(97)................: 
MPIDI_OFI_handle_cq_error(1310)........: OFI poll failed (ofi_events.c:1312:MPIDI_OFI_handle_cq_error:Transport endpoint is not connected - Inappropriate ioctl for device)

aborting job:
Fatal error in PMPI_Finalize: Other MPI error, error stack:
PMPI_Finalize(214).....................: MPI_Finalize failed
PMPI_Finalize(161).....................: 
MPID_Finalize(718).....................: 
MPIDI_CRAY_ofi_gather_cxi_counters(729): 
MPIR_CRAY_Barrier(214).................: 
MPIR_Barrier_impl(165).................: 
MPIR_Barrier_intra_auto(109)...........: 
MPIR_Barrier_intra_dissemination(45)...: 
MPIC_Sendrecv(341).....................: 
MPIC_Wait(71)..........................: 
MPIR_Wait_impl(41).....................: 
MPID_Progress_wait(201)................: 
MPIDI_Progress_test(97)................: 
MPIDI_OFI_handle_cq_error(1310)........: OFI poll failed (ofi_events.c:1312:MPIDI_OFI_handle_cq_error:No route to host - No such file or directory)
MPIR_Barrier_intra_dissemination(45)...: 
MPIC_Sendrecv(341).....................: 
MPIC_Wait(71)..........................: 
MPIR_Wait_impl(41).....................: 
MPID_Progress_wait(201)................: 
MPIDI_Progress_test(97)................: 
MPIDI_OFI_handle_cq_error(1310)........: OFI poll failed (ofi_events.c:1312:MPIDI_OFI_handle_cq_error:Transport endpoint is not connected - Inappropriate ioctl for device)
MPIR_Barrier_intra_dissemination(45)...: 
MPIC_Sendrecv(341).....................: 
MPIC_Wait(71)..........................: 
MPIR_Wait_impl(41).....................: 
MPID_Progress_wait(201)................: 
MPIDI_Progress_test(97)................: 
MPIDI_OFI_handle_cq_error(1310)........: OFI poll failed (ofi_events.c:1312:MPIDI_OFI_handle_cq_error:Transport endpoint is not connected - Inappropriate ioctl for device)
MPICH ERROR [Rank 352] [job id 16728352.0] [Sat Mar 14 17:11:19 2026] [nid007203] - Abort(833710735) (rank 352 in comm 0): Fatal error in PMPI_Finalize: Other MPI error, error stack:
PMPI_Finalize(214)..........................: MPI_Finalize failed
PMPI_Finalize(161)..........................: 
MPID_Finalize(718)..........................: 
_cxi_global_counters_report(579)............: 
MPIR_CRAY_Allreduce(800)....................: 
MPIR_Allreduce_impl(363)....................: 
MPIR_Allreduce_intra_auto(275)..............: 
MPIR_Allreduce_intra_recursive_doubling(192): 
MPIC_Sendrecv(341)..........................: 
MPIC_Wait(71)...............................: 
MPIR_Wait_impl(41)..........................: 
MPID_Progress_wait(201).....................: 
MPIDI_Progress_test(97).....................: 
MPIDI_OFI_handle_cq_error(1310).............: OFI poll failed (ofi_events.c:1312:MPIDI_OFI_handle_cq_error:Transport endpoint is not connected - Inappropriate ioctl for device)
MPIR_Allreduce_intra_recursive_doubling(192): 
MPIC_Sendrecv(341)..........................: 
MPIC_Wait(71)...............................: 
MPIR_Wait_impl(41)..........................: 
MPID_Progress_wait(201).....................: 
MPIDI_Progress_test(97).....................: 
MPIDI_OFI_handle_cq_error(1310).............: OFI poll failed (ofi_events.c:1312:MPIDI_OFI_handle_cq_error:No route to host - No such file or directory)
MPIR_Allreduce_intra_recursive_doubling(192): 
MPIC_Sendrecv(341)..........................: 
MPIC_Wait(71)...............................: 
MPIR_Wait_impl(41)..........................: 
MPID_Progress_wait(201).....................: 
MPIDI_Progress_test(97).....................: 
MPIDI_OFI_handle_cq_error(1310).........
aborting job:
Fatal error in PMPI_Finalize: Other MPI error, error stack:
PMPI_Finalize(214)..........................: MPI_Finalize failed
PMPI_Finalize(161)..........................: 
MPID_Finalize(718)..........................: 
_cxi_global_counters_report(579)............: 
MPIR_CRAY_Allreduce(800)....................: 
MPIR_Allreduce_impl(363)....................: 
MPIR_Allreduce_intra_auto(275)..............: 
MPIR_Allreduce_intra_recursive_doubling(192): 
MPIC_Sendrecv(341)..........................: 
MPIC_Wait(71)...............................: 
MPIR_Wait_impl(41)..........................: 
MPID_Progress_wait(201).....................: 
MPIDI_Progress_test(97).....................: 
MPIDI_OFI_handle_cq_error(1310).............: OFI poll failed (ofi_events.c:1312:MPIDI_OFI_handle_cq_error:Transport endpoint is not connected - Inappropriate ioctl for device)
MPIR_Allreduce_intra_recursive_doubling(192): 
MPIC_Sendrecv(341)..........................: 
MPIC_Wait(71)...............................: 
MPIR_Wait_impl(41)..........................: 
MPID_Progress_wait(201).....................: 
MPIDI_Progress_test(97).....................: 
MPIDI_OFI_handle_cq_error(1310).............: OFI poll failed (ofi_events.c:1312:MPIDI_OFI_handle_cq_error:No route to host - No such file or directory)
MPIR_Allreduce_intra_recursive_doubling(192): 
MPIC_Sendrecv(341)..........................: 
MPIC_Wait(71)...............................: 
MPIR_Wait_impl(41)..........................: 
MPID_Progress_wait(201).....................: 
MPIDI_Progress_test(97).....................: 
MPIDI_OFI_handle_cq_error(1310).............: OFI poll failed (ofi_events.c:1312:MPIDI_OFI_handle_cq_error:Transport endpoint is not connected - Inappropriate ioctl for device)
MPIR_Allreduce_intra_recursive_doubling(192): 
MPIC_Sendrecv(341)..........................: 
MPIC_Wait(71)...............................: 
MPIR_Wait_impl(41)..........................: 
MPID_Progress_wait(201).....................: 
MPIDI_Progress_test(97).....................: 
MPIDI_OFI_handle_cq_error(1310).............: OFI poll failed (ofi_events.c:1312:MPIDI_OFI_handle_cq_error:Transport endpoint is not connected - Inappropriate ioctl for device)
MPIR_Allreduce_intra_recursive_doubling(192): 
MPIC_Sendrecv(341)..........................: 
MPIC_Wait(71)...............................: 
MPIR_Wait_impl(41)..........................: 
MPID_Progress_wait(201).....................: 
MPIDI_Progress_test(97).....................: 
MPIDI_OFI_handle_cq_error(1310).............: OFI poll failed (ofi_events.c:1312:MPIDI_OFI_handle_cq_error:Transport endpoint is not connected - Inappropriate ioctl for device)
MPIR_Allreduce_intra_recursive_doubling(192): 
MPIC_Sendrecv(341)..........................: 
MPIC_Wait(71)...............................: 
MPIR_Wait_impl(41)..........................: 
MPID_Progress_wait(201).....................: 
MPIDI_Progress_test(97).....................: 
MPIDI_OFI_handle_cq_error(1310).............: OFI poll failed (ofi_events.c:1312:MPIDI_OFI_handle_cq_error:Transport endpoint is not connected - Inappropriate ioctl for device)
slurmstepd: error: Failed to destroy CXI Service ID 5 (cxi1): Device or resource busy
slurmstepd: error: Failed to destroy CXI Service ID 5 (cxi1): Device or resource busy
slurmstepd: error: Failed to destroy CXI Service ID 5 (cxi1): Device or resource busy
slurmstepd: error: Failed to destroy CXI Service ID 5 (cxi1): Device or resource busy
slurmstepd: error: Failed to destroy CXI Service ID 5 (cxi1): Device or resource busy
slurmstepd: error: Failed to destroy CXI Service ID 5 (cxi2): Device or resource busy
slurmstepd: error: Failed to destroy CXI Service ID 5 (cxi2): Device or resource busy
srun: error: nid007203: task 359: Exited with exit code 255
srun: error: nid005137: tasks 14-15: Exited with exit code 255
MPICH ERROR [Rank 383] [job id 16728352.0] [Sat Mar 14 17:11:19 2026] [nid007308] - Abort(271202447) (rank 383 in comm 0): Fatal error in PMPI_Waitall: Other MPI error, error stack:
PMPI_Waitall(378)..............: MPI_Waitall(count=1022, req_array=0x1ffdd00, status_array=0x1) failed
MPIR_Waitall(167)..............: 
MPIR_Waitall_impl(51)..........: 
MPID_Progress_wait(201)........: 
MPIDI_Progress_test(97)........: 
MPIDI_OFI_handle_cq_error(1310): OFI poll failed (ofi_events.c:1312:MPIDI_OFI_handle_cq_error:Transport endpoint is not connected - Inappropriate ioctl for device)

aborting job:
Fatal error in PMPI_Waitall: Other MPI error, error stack:
PMPI_Waitall(378)..............: MPI_Waitall(count=1022, req_array=0x1ffdd00, status_array=0x1) failed
MPIR_Waitall(167)..............: 
MPIR_Waitall_impl(51)..........: 
MPID_Progress_wait(201)........: 
MPIDI_Progress_test(97)........: 
MPIDI_OFI_handle_cq_error(1310): OFI poll failed (ofi_events.c:1312:MPIDI_OFI_handle_cq_error:Transport endpoint is not connected - Inappropriate ioctl for device)
slurmstepd: error: Failed to destroy CXI Service ID 5 (cxi2): Device or resource busy
MPICH ERROR [Rank 177] [job id 16728352.0] [Sat Mar 14 17:11:19 2026] [nid006031] - Abort(822700687) (rank 177 in comm 0): Fatal error in PMPI_Finalize: Other MPI error, error stack:
PMPI_Finalize(214).....................: MPI_Finalize failed
PMPI_Finalize(161).....................: 
MPID_Finalize(718).....................: 
MPIDI_CRAY_ofi_gather_cxi_counters(729): 
MPIR_CRAY_Barrier(214).................: 
MPIR_Barrier_impl(165).................: 
MPIR_Barrier_intra_auto(109)...........: 
MPIR_Barrier_intra_dissemination(45)...: 
MPIC_Sendrecv(341).....................: 
MPIC_Wait(71)..........................: 
MPIR_Wait_impl(41).....................: 
MPID_Progress_wait(201)................: 
MPIDI_Progress_test(97)................: 
MPIDI_OFI_handle_cq_error(1310)........: OFI poll failed (ofi_events.c:1312:MPIDI_OFI_handle_cq_error:Transport endpoint is not connected - Inappropriate ioctl for device)
MPIR_Barrier_intra_dissemination(45)...: 
MPIC_Sendrecv(341).....................: 
MPIC_Wait(71)..........................: 
MPIR_Wait_impl(41).....................: 
MPID_Progress_wait(201)................: 
MPIDI_Progress_test(97)................: 
MPIDI_OFI_handle_cq_error(1310)........: OFI poll failed (ofi_events.c:1312:MPIDI_OFI_handle_cq_error:Transport endpoint is not connected - Inappropriate ioctl for device)
MPIR_Barrier_intra_dissemination(45)...: 
MPIC_Sendrecv(341).....................: 
MPIC_Wait(71)..........................: 
MPIR_Wait_impl(41).....................: 
MPID_Progress_wait(201)................: 
MPIDI_Progress_test(97)................: 
MPIDI_OFI_handle_cq_error(1310)........: OFI poll failed (ofi_events.c:1312:MPIDI_OFI_handle_cq_error:Transport endpoint is not connected - Inappropria
aborting job:
Fatal error in PMPI_Finalize: Other MPI error, error stack:
PMPI_Finalize(214).....................: MPI_Finalize failed
PMPI_Finalize(161).....................: 
MPID_Finalize(718).....................: 
MPIDI_CRAY_ofi_gather_cxi_counters(729): 
MPIR_CRAY_Barrier(214).................: 
MPIR_Barrier_impl(165).................: 
MPIR_Barrier_intra_auto(109)...........: 
MPIR_Barrier_intra_dissemination(45)...: 
MPIC_Sendrecv(341).....................: 
MPIC_Wait(71)..........................: 
MPIR_Wait_impl(41).....................: 
MPID_Progress_wait(201)................: 
MPIDI_Progress_test(97)................: 
MPIDI_OFI_handle_cq_error(1310)........: OFI poll failed (ofi_events.c:1312:MPIDI_OFI_handle_cq_error:Transport endpoint is not connected - Inappropriate ioctl for device)
MPIR_Barrier_intra_dissemination(45)...: 
MPIC_Sendrecv(341).....................: 
MPIC_Wait(71)..........................: 
MPIR_Wait_impl(41).....................: 
MPID_Progress_wait(201)................: 
MPIDI_Progress_test(97)................: 
MPIDI_OFI_handle_cq_error(1310)........: OFI poll failed (ofi_events.c:1312:MPIDI_OFI_handle_cq_error:Transport endpoint is not connected - Inappropriate ioctl for device)
MPIR_Barrier_intra_dissemination(45)...: 
MPIC_Sendrecv(341).....................: 
MPIC_Wait(71)..........................: 
MPIR_Wait_impl(41).....................: 
MPID_Progress_wait(201)................: 
MPIDI_Progress_test(97)................: 
MPIDI_OFI_handle_cq_error(1310)........: OFI poll failed (ofi_events.c:1312:MPIDI_OFI_handle_cq_error:Transport endpoint is not connected - Inappropriate ioctl for device)
MPICH ERROR [Rank 144] [job id 16728352.0] [Sat Mar 14 17:11:19 2026] [nid005976] - Abort(808073359) (rank 144 in comm 0): Fatal error in PMPI_Waitall: Other MPI error, error stack:
PMPI_Waitall(378)..............: MPI_Waitall(count=1022, req_array=0x181ee90, status_array=0x1) failed
MPIR_Waitall(167)..............: 
MPIR_Waitall_impl(51)..........: 
MPID_Progress_wait(201)........: 
MPIDI_Progress_test(97)........: 
MPIDI_OFI_handle_cq_error(1310): OFI poll failed (ofi_events.c:1312:MPIDI_OFI_handle_cq_error:No route to host - No such file or directory)

aborting job:
Fatal error in PMPI_Waitall: Other MPI error, error stack:
PMPI_Waitall(378)..............: MPI_Waitall(count=1022, req_array=0x181ee90, status_array=0x1) failed
MPIR_Waitall(167)..............: 
MPIR_Waitall_impl(51)..........: 
MPID_Progress_wait(201)........: 
MPIDI_Progress_test(97)........: 
MPIDI_OFI_handle_cq_error(1310): OFI poll failed (ofi_events.c:1312:MPIDI_OFI_handle_cq_error:No route to host - No such file or directory)
MPICH ERROR [Rank 144] [job id 16728352.0] [Sat Mar 14 17:11:19 2026] [nid005976] - Abort(822700687) (rank 144 in comm 0): Fatal error in PMPI_Finalize: Other MPI error, error stack:
PMPI_Finalize(214).....................: MPI_Finalize failed
PMPI_Finalize(161).....................: 
MPID_Finalize(718).....................: 
MPIDI_CRAY_ofi_gather_cxi_counters(729): 
MPIR_CRAY_Barrier(214).................: 
MPIR_Barrier_impl(165).................: 
MPIR_Barrier_intra_auto(109)...........: 
MPIR_Barrier_intra_dissemination(45)...: 
MPIC_Sendrecv(341).....................: 
MPIC_Wait(71)..........................: 
MPIR_Wait_impl(41).....................: 
MPID_Progress_wait(201)................: 
MPIDI_Progress_test(97)................: 
MPIDI_OFI_handle_cq_error(1310)........: OFI poll failed (ofi_events.c:1312:MPIDI_OFI_handle_cq_error:Transport endpoint is not connected - Inappropriate ioctl for device)
MPIR_Barrier_intra_dissemination(45)...: 
MPIC_Sendrecv(341).....................: 
MPIC_Wait(71)..........................: 
MPIR_Wait_impl(41).....................: 
MPID_Progress_wait(201)................: 
MPIDI_Progress_test(97)................: 
MPIDI_OFI_handle_cq_error(1310)........: OFI poll failed (ofi_events.c:1312:MPIDI_OFI_handle_cq_error:No route to host - No such file or directory)
MPIR_Barrier_intra_dissemination(45)...: 
MPIC_Sendrecv(341).....................: 
MPIC_Wait(71)..........................: 
MPIR_Wait_impl(41).....................: 
MPID_Progress_wait(201)................: 
MPIDI_Progress_test(97)................: 
MPIDI_OFI_handle_cq_error(1310)........: OFI poll failed (ofi_events.c:1312:MPIDI_OFI_handle_cq_error:Transport endpoint is not connected - Inappropriate ioctl for device)

aborting job:
Fatal error in PMPI_Finalize: Other MPI error, error stack:
PMPI_Finalize(214).....................: MPI_Finalize failed
PMPI_Finalize(161).....................: 
MPID_Finalize(718).....................: 
MPIDI_CRAY_ofi_gather_cxi_counters(729): 
MPIR_CRAY_Barrier(214).................: 
MPIR_Barrier_impl(165).................: 
MPIR_Barrier_intra_auto(109)...........: 
MPIR_Barrier_intra_dissemination(45)...: 
MPIC_Sendrecv(341).....................: 
MPIC_Wait(71)..........................: 
MPIR_Wait_impl(41).....................: 
MPID_Progress_wait(201)................: 
MPIDI_Progress_test(97)................: 
MPIDI_OFI_handle_cq_error(1310)........: OFI poll failed (ofi_events.c:1312:MPIDI_OFI_handle_cq_error:Transport endpoint is not connected - Inappropriate ioctl for device)
MPIR_Barrier_intra_dissemination(45)...: 
MPIC_Sendrecv(341).....................: 
MPIC_Wait(71)..........................: 
MPIR_Wait_impl(41).....................: 
MPID_Progress_wait(201)................: 
MPIDI_Progress_test(97)................: 
MPIDI_OFI_handle_cq_error(1310)........: OFI poll failed (ofi_events.c:1312:MPIDI_OFI_handle_cq_error:No route to host - No such file or directory)
MPIR_Barrier_intra_dissemination(45)...: 
MPIC_Sendrecv(341).....................: 
MPIC_Wait(71)..........................: 
MPIR_Wait_impl(41).....................: 
MPID_Progress_wait(201)................: 
MPIDI_Progress_test(97)................: 
MPIDI_OFI_handle_cq_error(1310)........: OFI poll failed (ofi_events.c:1312:MPIDI_OFI_handle_cq_error:Transport endpoint is not connected - Inappropriate ioctl for device)
MPICH ERROR [Rank 145] [job id 16728352.0] [Sat Mar 14 17:11:19 2026] [nid005976] - Abort(942291087) (rank 145 in comm 0): Fatal error in PMPI_Waitall: Other MPI error, error stack:
PMPI_Waitall(378)..............: MPI_Waitall(count=1022, req_array=0x1b3cbd0, status_array=0x1) failed
MPIR_Waitall(167)..............: 
MPIR_Waitall_impl(51)..........: 
MPID_Progress_wait(201)........: 
MPIDI_Progress_test(97)........: 
MPIDI_OFI_handle_cq_error(1310): OFI poll failed (ofi_events.c:1312:MPIDI_OFI_handle_cq_error:Transport endpoint is not connected - Inappropriate ioctl for device)

aborting job:
Fatal error in PMPI_Waitall: Other MPI error, error stack:
PMPI_Waitall(378)..............: MPI_Waitall(count=1022, req_array=0x1b3cbd0, status_array=0x1) failed
MPIR_Waitall(167)..............: 
MPIR_Waitall_impl(51)..........: 
MPID_Progress_wait(201)........: 
MPIDI_Progress_test(97)........: 
MPIDI_OFI_handle_cq_error(1310): OFI poll failed (ofi_events.c:1312:MPIDI_OFI_handle_cq_error:Transport endpoint is not connected - Inappropriate ioctl for device)
MPICH ERROR [Rank 145] [job id 16728352.0] [Sat Mar 14 17:11:19 2026] [nid005976] - Abort(819030671) (rank 145 in comm 0): Fatal error in PMPI_Finalize: Other MPI error, error stack:
PMPI_Finalize(214).....................: MPI_Finalize failed
PMPI_Finalize(161).....................: 
MPID_Finalize(718).....................: 
MPIDI_CRAY_ofi_gather_cxi_counters(729): 
MPIR_CRAY_Barrier(214).................: 
MPIR_Barrier_impl(165).................: 
MPIR_Barrier_intra_auto(109)...........: 
MPIR_Barrier_intra_dissemination(45)...: 
MPIC_Sendrecv(341).....................: 
MPIC_Wait(71)..........................: 
MPIR_Wait_impl(41).....................: 
MPID_Progress_wait(201)................: 
MPIDI_Progress_test(97)................: 
MPIDI_OFI_handle_cq_error(1310)........: OFI poll failed (ofi_events.c:1312:MPIDI_OFI_handle_cq_error:Transport endpoint is not connected - Inappropriate ioctl for device)
MPIR_Barrier_intra_dissemination(45)...: 
MPIC_Sendrecv(341).....................: 
MPIC_Wait(71)..........................: 
MPIR_Wait_impl(41).....................: 
MPID_Progress_wait(201)................: 
MPIDI_Progress_test(97)................: 
MPIDI_OFI_handle_cq_error(1310)........: OFI poll failed (ofi_events.c:1312:MPIDI_OFI_handle_cq_error:Transport endpoint is not connected - Inappropriate ioctl for device)

aborting job:
Fatal error in PMPI_Finalize: Other MPI error, error stack:
PMPI_Finalize(214).....................: MPI_Finalize failed
PMPI_Finalize(161).....................: 
MPID_Finalize(718).....................: 
MPIDI_CRAY_ofi_gather_cxi_counters(729): 
MPIR_CRAY_Barrier(214).................: 
MPIR_Barrier_impl(165).................: 
MPIR_Barrier_intra_auto(109)...........: 
MPIR_Barrier_intra_dissemination(45)...: 
MPIC_Sendrecv(341).....................: 
MPIC_Wait(71)..........................: 
MPIR_Wait_impl(41).....................: 
MPID_Progress_wait(201)................: 
MPIDI_Progress_test(97)................: 
MPIDI_OFI_handle_cq_error(1310)........: OFI poll failed (ofi_events.c:1312:MPIDI_OFI_handle_cq_error:Transport endpoint is not connected - Inappropriate ioctl for device)
MPIR_Barrier_intra_dissemination(45)...: 
MPIC_Sendrecv(341).....................: 
MPIC_Wait(71)..........................: 
MPIR_Wait_impl(41).....................: 
MPID_Progress_wait(201)................: 
MPIDI_Progress_test(97)................: 
MPIDI_OFI_handle_cq_error(1310)........: OFI poll failed (ofi_events.c:1312:MPIDI_OFI_handle_cq_error:Transport endpoint is not connected - Inappropriate ioctl for device)
MPICH ERROR [Rank 149] [job id 16728352.0] [Sat Mar 14 17:11:19 2026] [nid005976] - Abort(69875855) (rank 149 in comm 0): Fatal error in PMPI_Waitall: Other MPI error, error stack:
PMPI_Waitall(378)..............: MPI_Waitall(count=1022, req_array=0x20bf5c0, status_array=0x1) failed
MPIR_Waitall(167)..............: 
MPIR_Waitall_impl(51)..........: 
MPID_Progress_wait(201)........: 
MPIDI_Progress_test(97)........: 
MPIDI_OFI_handle_cq_error(1310): OFI poll failed (ofi_events.c:1312:MPIDI_OFI_handle_cq_error:No route to host - No such file or directory)

aborting job:
Fatal error in PMPI_Waitall: Other MPI error, error stack:
PMPI_Waitall(378)..............: MPI_Waitall(count=1022, req_array=0x20bf5c0, status_array=0x1) failed
MPIR_Waitall(167)..............: 
MPIR_Waitall_impl(51)..........: 
MPID_Progress_wait(201)........: 
MPIDI_Progress_test(97)........: 
MPIDI_OFI_handle_cq_error(1310): OFI poll failed (ofi_events.c:1312:MPIDI_OFI_handle_cq_error:No route to host - No such file or directory)
srun: error: nid005397: tasks 76-79: Exited with exit code 255
srun: error: nid006034: tasks 206-207: Exited with exit code 255
slurmstepd: error: Failed to destroy CXI Service ID 5 (cxi2): Device or resource busy
srun: error: nid007554: tasks 480-484,486-487: Terminated
MPICH ERROR [Rank 181] [job id 16728352.0] [Sat Mar 14 17:11:19 2026] [nid006031] - Abort(405420175) (rank 181 in comm 0): Fatal error in PMPI_Waitall: Other MPI error, error stack:
PMPI_Waitall(378)..............: MPI_Waitall(count=1022, req_array=0x1dd0e90, status_array=0x1) failed
MPIR_Waitall(167)..............: 
MPIR_Waitall_impl(51)..........: 
MPID_Progress_wait(201)........: 
MPIDI_Progress_test(97)........: 
MPIDI_OFI_handle_cq_error(1310): OFI poll failed (ofi_events.c:1312:MPIDI_OFI_handle_cq_error:No route to host - No such file or directory)

aborting job:
Fatal error in PMPI_Waitall: Other MPI error, error stack:
PMPI_Waitall(378)..............: MPI_Waitall(count=1022, req_array=0x1dd0e90, status_array=0x1) failed
MPIR_Waitall(167)..............: 
MPIR_Waitall_impl(51)..........: 
MPID_Progress_wait(201)........: 
MPIDI_Progress_test(97)........: 
MPIDI_OFI_handle_cq_error(1310): OFI poll failed (ofi_events.c:1312:MPIDI_OFI_handle_cq_error:No route to host - No such file or directory)
srun: error: nid006031: task 176: Exited with exit code 255
MPICH ERROR [Rank 444] [job id 16728352.0] [Sat Mar 14 17:11:19 2026] [nid007549] - Abort(942291087) (rank 444 in comm 0): Fatal error in PMPI_Waitall: Other MPI error, error stack:
PMPI_Waitall(378)..............: MPI_Waitall(count=1022, req_array=0x1ec3300, status_array=0x1) failed
MPIR_Waitall(167)..............: 
MPIR_Waitall_impl(51)..........: 
MPID_Progress_wait(201)........: 
MPIDI_Progress_test(97)........: 
MPIDI_OFI_handle_cq_error(1310): OFI poll failed (ofi_events.c:1312:MPIDI_OFI_handle_cq_error:No route to host - No such file or directory)

aborting job:
Fatal error in PMPI_Waitall: Other MPI error, error stack:
PMPI_Waitall(378)..............: MPI_Waitall(count=1022, req_array=0x1ec3300, status_array=0x1) failed
MPIR_Waitall(167)..............: 
MPIR_Waitall_impl(51)..........: 
MPID_Progress_wait(201)........: 
MPIDI_Progress_test(97)........: 
MPIDI_OFI_handle_cq_error(1310): OFI poll failed (ofi_events.c:1312:MPIDI_OFI_handle_cq_error:No route to host - No such file or directory)
slurmstepd: error: Failed to destroy CXI Service ID 5 (cxi1): Device or resource busy
MPICH ERROR [Rank 386] [job id 16728352.0] [Sat Mar 14 17:11:19 2026] [nid007314] - Abort(472529039) (rank 386 in comm 0): Fatal error in PMPI_Waitall: Other MPI error, error stack:
PMPI_Waitall(378)..............: MPI_Waitall(count=1022, req_array=0x1c1b890, status_array=0x1) failed
MPIR_Waitall(167)..............: 
MPIR_Waitall_impl(51)..........: 
MPID_Progress_wait(201)........: 
MPIDI_Progress_test(97)........: 
MPIDI_OFI_handle_cq_error(1310): OFI poll failed (ofi_events.c:1312:MPIDI_OFI_handle_cq_error:No route to host - No such file or directory)

aborting job:
Fatal error in PMPI_Waitall: Other MPI error, error stack:
PMPI_Waitall(378)..............: MPI_Waitall(count=1022, req_array=0x1c1b890, status_array=0x1) failed
MPIR_Waitall(167)..............: 
MPIR_Waitall_impl(51)..........: 
MPID_Progress_wait(201)........: 
MPIDI_Progress_test(97)........: 
MPIDI_OFI_handle_cq_error(1310): OFI poll failed (ofi_events.c:1312:MPIDI_OFI_handle_cq_error:No route to host - No such file or directory)
MPICH ERROR [Rank 11] [job id 16728352.0] [Sat Mar 14 17:11:19 2026] [nid005137] - Abort(1009399951) (rank 11 in comm 0): Fatal error in PMPI_Waitall: Other MPI error, error stack:
PMPI_Waitall(378)..............: MPI_Waitall(count=1022, req_array=0x1ebd040, status_array=0x1) failed
MPIR_Waitall(167)..............: 
MPIR_Waitall_impl(51)..........: 
MPID_Progress_wait(201)........: 
MPIDI_Progress_test(97)........: 
MPIDI_OFI_handle_cq_error(1310): OFI poll failed (ofi_events.c:1312:MPIDI_OFI_handle_cq_error:No route to host - No such file or directory)

aborting job:
Fatal error in PMPI_Waitall: Other MPI error, error stack:
PMPI_Waitall(378)..............: MPI_Waitall(count=1022, req_array=0x1ebd040, status_array=0x1) failed
MPIR_Waitall(167)..............: 
MPIR_Waitall_impl(51)..........: 
MPID_Progress_wait(201)........: 
MPIDI_Progress_test(97)........: 
MPIDI_OFI_handle_cq_error(1310): OFI poll failed (ofi_events.c:1312:MPIDI_OFI_handle_cq_error:No route to host - No such file or directory)
MPICH ERROR [Rank 405] [job id 16728352.0] [Sat Mar 14 17:11:19 2026] [nid007457] - Abort(136984719) (rank 405 in comm 0): Fatal error in PMPI_Waitall: Other MPI error, error stack:
PMPI_Waitall(378)..............: MPI_Waitall(count=1022, req_array=0x21851b0, status_array=0x1) failed
MPIR_Waitall(167)..............: 
MPIR_Waitall_impl(51)..........: 
MPID_Progress_wait(201)........: 
MPIDI_Progress_test(97)........: 
MPIDI_OFI_handle_cq_error(1310): OFI poll failed (ofi_events.c:1312:MPIDI_OFI_handle_cq_error:No route to host - No such file or directory)

aborting job:
Fatal error in PMPI_Waitall: Other MPI error, error stack:
PMPI_Waitall(378)..............: MPI_Waitall(count=1022, req_array=0x21851b0, status_array=0x1) failed
MPIR_Waitall(167)..............: 
MPIR_Waitall_impl(51)..........: 
MPID_Progress_wait(201)........: 
MPIDI_Progress_test(97)........: 
MPIDI_OFI_handle_cq_error(1310): OFI poll failed (ofi_events.c:1312:MPIDI_OFI_handle_cq_error:No route to host - No such file or directory)
srun: error: nid007314: tasks 390-391: Exited with exit code 255
srun: error: nid007308: tasks 381-382: Exited with exit code 255
slurmstepd: error: Failed to destroy CXI Service ID 5 (cxi0): Device or resource busy
MPICH ERROR [Rank 370] [job id 16728352.0] [Sat Mar 14 17:11:19 2026] [nid007252] - Abort(472529039) (rank 370 in comm 0): Fatal error in PMPI_Waitall: Other MPI error, error stack:
PMPI_Waitall(378)..............: MPI_Waitall(count=1022, req_array=0x1eb5e60, status_array=0x1) failed
MPIR_Waitall(167)..............: 
MPIR_Waitall_impl(51)..........: 
MPID_Progress_wait(201)........: 
MPIDI_Progress_test(97)........: 
MPIDI_OFI_handle_cq_error(1310): OFI poll failed (ofi_events.c:1312:MPIDI_OFI_handle_cq_error:No route to host - No such file or directory)

aborting job:
Fatal error in PMPI_Waitall: Other MPI error, error stack:
PMPI_Waitall(378)..............: MPI_Waitall(count=1022, req_array=0x1eb5e60, status_array=0x1) failed
MPIR_Waitall(167)..............: 
MPIR_Waitall_impl(51)..........: 
MPID_Progress_wait(201)........: 
MPIDI_Progress_test(97)........: 
MPIDI_OFI_handle_cq_error(1310): OFI poll failed (ofi_events.c:1312:MPIDI_OFI_handle_cq_error:No route to host - No such file or directory)
MPICH ERROR [Rank 373] [job id 16728352.0] [Sat Mar 14 17:11:19 2026] [nid007252] - Abort(136984719) (rank 373 in comm 0): Fatal error in PMPI_Waitall: Other MPI error, error stack:
PMPI_Waitall(378)..............: MPI_Waitall(count=1022, req_array=0x1402480, status_array=0x1) failed
MPIR_Waitall(167)..............: 
MPIR_Waitall_impl(51)..........: 
MPID_Progress_wait(201)........: 
MPIDI_Progress_test(97)........: 
MPIDI_OFI_handle_cq_error(1310): OFI poll failed (ofi_events.c:1312:MPIDI_OFI_handle_cq_error:No route to host - No such file or directory)

aborting job:
Fatal error in PMPI_Waitall: Other MPI error, error stack:
PMPI_Waitall(378)..............: MPI_Waitall(count=1022, req_array=0x1402480, status_array=0x1) failed
MPIR_Waitall(167)..............: 
MPIR_Waitall_impl(51)..........: 
MPID_Progress_wait(201)........: 
MPIDI_Progress_test(97)........: 
MPIDI_OFI_handle_cq_error(1310): OFI poll failed (ofi_events.c:1312:MPIDI_OFI_handle_cq_error:No route to host - No such file or directory)
MPICH ERROR [Rank 375] [job id 16728352.0] [Sat Mar 14 17:11:19 2026] [nid007252] - Abort(875182223) (rank 375 in comm 0): Fatal error in PMPI_Waitall: Other MPI error, error stack:
PMPI_Waitall(378)..............: MPI_Waitall(count=1022, req_array=0x1b2aa70, status_array=0x1) failed
MPIR_Waitall(167)..............: 
MPIR_Waitall_impl(51)..........: 
MPID_Progress_wait(201)........: 
MPIDI_Progress_test(97)........: 
MPIDI_OFI_handle_cq_error(1310): OFI poll failed (ofi_events.c:1312:MPIDI_OFI_handle_cq_error:No route to host - No such file or directory)

aborting job:
Fatal error in PMPI_Waitall: Other MPI error, error stack:
PMPI_Waitall(378)..............: MPI_Waitall(count=1022, req_array=0x1b2aa70, status_array=0x1) failed
MPIR_Waitall(167)..............: 
MPIR_Waitall_impl(51)..........: 
MPID_Progress_wait(201)........: 
MPIDI_Progress_test(97)........: 
MPIDI_OFI_handle_cq_error(1310): OFI poll failed (ofi_events.c:1312:MPIDI_OFI_handle_cq_error:No route to host - No such file or directory)
MPICH ERROR [Rank 373] [job id 16728352.0] [Sat Mar 14 17:11:19 2026] [nid007252] - Abort(822700687) (rank 373 in comm 0): Fatal error in PMPI_Finalize: Other MPI error, error stack:
PMPI_Finalize(214).....................: MPI_Finalize failed
PMPI_Finalize(161).....................: 
MPID_Finalize(718).....................: 
MPIDI_CRAY_ofi_gather_cxi_counters(729): 
MPIR_CRAY_Barrier(214).................: 
MPIR_Barrier_impl(165).................: 
MPIR_Barrier_intra_auto(109)...........: 
MPIR_Barrier_intra_dissemination(45)...: 
MPIC_Sendrecv(341).....................: 
MPIC_Wait(71)..........................: 
MPIR_Wait_impl(41).....................: 
MPID_Progress_wait(201)................: 
MPIDI_Progress_test(97)................: 
MPIDI_OFI_handle_cq_error(1310)........: OFI poll failed (ofi_events.c:1312:MPIDI_OFI_handle_cq_error:No route to host - No such file or directory)
MPIR_Barrier_intra_dissemination(45)...: 
MPIC_Sendrecv(341).....................: 
MPIC_Wait(71)..........................: 
MPIR_Wait_impl(41).....................: 
MPID_Progress_wait(201)................: 
MPIDI_Progress_test(97)................: 
MPIDI_OFI_handle_cq_error(1310)........: OFI poll failed (ofi_events.c:1312:MPIDI_OFI_handle_cq_error:Input/output error - Exchange full)
MPIR_Barrier_intra_dissemination(45)...: 
MPIC_Sendrecv(341).....................: 
MPIC_Wait(71)..........................: 
MPIR_Wait_impl(41).....................: 
MPID_Progress_wait(201)................: 
MPIDI_Progress_test(97)................: 
MPIDI_OFI_handle_cq_error(1310)........: OFI poll failed (ofi_events.c:1312:MPIDI_OFI_handle_cq_error:Transport endpoint is not connected - Inappropriate ioctl for device)

aborting job:
Fatal error in PMPI_Finalize: Other MPI error, error stack:
PMPI_Finalize(214).....................: MPI_Finalize failed
PMPI_Finalize(161).....................: 
MPID_Finalize(718).....................: 
MPIDI_CRAY_ofi_gather_cxi_counters(729): 
MPIR_CRAY_Barrier(214).................: 
MPIR_Barrier_impl(165).................: 
MPIR_Barrier_intra_auto(109)...........: 
MPIR_Barrier_intra_dissemination(45)...: 
MPIC_Sendrecv(341).....................: 
MPIC_Wait(71)..........................: 
MPIR_Wait_impl(41).....................: 
MPID_Progress_wait(201)................: 
MPIDI_Progress_test(97)................: 
MPIDI_OFI_handle_cq_error(1310)........: OFI poll failed (ofi_events.c:1312:MPIDI_OFI_handle_cq_error:No route to host - No such file or directory)
MPIR_Barrier_intra_dissemination(45)...: 
MPIC_Sendrecv(341).....................: 
MPIC_Wait(71)..........................: 
MPIR_Wait_impl(41).....................: 
MPID_Progress_wait(201)................: 
MPIDI_Progress_test(97)................: 
MPIDI_OFI_handle_cq_error(1310)........: OFI poll failed (ofi_events.c:1312:MPIDI_OFI_handle_cq_error:Input/output error - Exchange full)
MPIR_Barrier_intra_dissemination(45)...: 
MPIC_Sendrecv(341).....................: 
MPIC_Wait(71)..........................: 
MPIR_Wait_impl(41).....................: 
MPID_Progress_wait(201)................: 
MPIDI_Progress_test(97)................: 
MPIDI_OFI_handle_cq_error(1310)........: OFI poll failed (ofi_events.c:1312:MPIDI_OFI_handle_cq_error:Transport endpoint is not connected - Inappropriate ioctl for device)
MPICH ERROR [Rank 372] [job id 16728352.0] [Sat Mar 14 17:11:19 2026] [nid007252] - Abort(1009399951) (rank 372 in comm 0): Fatal error in PMPI_Waitall: Other MPI error, error stack:
PMPI_Waitall(378)..............: MPI_Waitall(count=1022, req_array=0x1aee2b0, status_array=0x1) failed
MPIR_Waitall(167)..............: 
MPIR_Waitall_impl(51)..........: 
MPID_Progress_wait(201)........: 
MPIDI_Progress_test(97)........: 
MPIDI_OFI_handle_cq_error(1310): OFI poll failed (ofi_events.c:1312:MPIDI_OFI_handle_cq_error:Input/output error - Exchange full)

aborting job:
Fatal error in PMPI_Waitall: Other MPI error, error stack:
PMPI_Waitall(378)..............: MPI_Waitall(count=1022, req_array=0x1aee2b0, status_array=0x1) failed
MPIR_Waitall(167)..............: 
MPIR_Waitall_impl(51)..........: 
MPID_Progress_wait(201)........: 
MPIDI_Progress_test(97)........: 
MPIDI_OFI_handle_cq_error(1310): OFI poll failed (ofi_events.c:1312:MPIDI_OFI_handle_cq_error:Input/output error - Exchange full)
MPICH ERROR [Rank 368] [job id 16728352.0] [Sat Mar 14 17:11:19 2026] [nid007252] - Abort(338311311) (rank 368 in comm 0): Fatal error in PMPI_Waitall: Other MPI error, error stack:
PMPI_Waitall(378)..............: MPI_Waitall(count=1022, req_array=0x1b76a50, status_array=0x1) failed
MPIR_Waitall(167)..............: 
MPIR_Waitall_impl(51)..........: 
MPID_Progress_wait(201)........: 
MPIDI_Progress_test(97)........: 
MPIDI_OFI_handle_cq_error(1310): OFI poll failed (ofi_events.c:1312:MPIDI_OFI_handle_cq_error:No route to host - No such file or directory)

aborting job:
Fatal error in PMPI_Waitall: Other MPI error, error stack:
PMPI_Waitall(378)..............: MPI_Waitall(count=1022, req_array=0x1b76a50, status_array=0x1) failed
MPIR_Waitall(167)..............: 
MPIR_Waitall_impl(51)..........: 
MPID_Progress_wait(201)........: 
MPIDI_Progress_test(97)........: 
MPIDI_OFI_handle_cq_error(1310): OFI poll failed (ofi_events.c:1312:MPIDI_OFI_handle_cq_error:No route to host - No such file or directory)
MPICH ERROR [Rank 402] [job id 16728352.0] [Sat Mar 14 17:11:19 2026] [nid007457] - Abort(405420175) (rank 402 in comm 0): Fatal error in PMPI_Waitall: Other MPI error, error stack:
PMPI_Waitall(378)..............: MPI_Waitall(count=1022, req_array=0x1a6eb80, status_array=0x1) failed
MPIR_Waitall(167)..............: 
MPIR_Waitall_impl(51)..........: 
MPID_Progress_wait(201)........: 
MPIDI_Progress_test(97)........: 
MPIDI_OFI_handle_cq_error(1310): OFI poll failed (ofi_events.c:1312:MPIDI_OFI_handle_cq_error:No route to host - No such file or directory)

aborting job:
Fatal error in PMPI_Waitall: Other MPI error, error stack:
PMPI_Waitall(378)..............: MPI_Waitall(count=1022, req_array=0x1a6eb80, status_array=0x1) failed
MPIR_Waitall(167)..............: 
MPIR_Waitall_impl(51)..........: 
MPID_Progress_wait(201)........: 
MPIDI_Progress_test(97)........: 
MPIDI_OFI_handle_cq_error(1310): OFI poll failed (ofi_events.c:1312:MPIDI_OFI_handle_cq_error:No route to host - No such file or directory)
slurmstepd: error: Failed to destroy CXI Service ID 5 (cxi0): Device or resource busy
MPICH ERROR [Rank 148] [job id 16728352.0] [Sat Mar 14 17:11:20 2026] [nid005976] - Abort(136984719) (rank 148 in comm 0): Fatal error in PMPI_Waitall: Other MPI error, error stack:
PMPI_Waitall(378)..............: MPI_Waitall(count=1022, req_array=0x20a7cf0, status_array=0x1) failed
MPIR_Waitall(167)..............: 
MPIR_Waitall_impl(51)..........: 
MPID_Progress_wait(201)........: 
MPIDI_Progress_test(97)........: 
MPIDI_OFI_handle_cq_error(1310): OFI poll failed (ofi_events.c:1312:MPIDI_OFI_handle_cq_error:Transport endpoint is not connected - Inappropriate ioctl for device)

aborting job:
Fatal error in PMPI_Waitall: Other MPI error, error stack:
PMPI_Waitall(378)..............: MPI_Waitall(count=1022, req_array=0x20a7cf0, status_array=0x1) failed
MPIR_Waitall(167)..............: 
MPIR_Waitall_impl(51)..........: 
MPID_Progress_wait(201)........: 
MPIDI_Progress_test(97)........: 
MPIDI_OFI_handle_cq_error(1310): OFI poll failed (ofi_events.c:1312:MPIDI_OFI_handle_cq_error:Transport endpoint is not connected - Inappropriate ioctl for device)
MPICH ERROR [Rank 418] [job id 16728352.0] [Sat Mar 14 17:11:19 2026] [nid007500] - Abort(606746767) (rank 418 in comm 0): Fatal error in PMPI_Waitall: Other MPI error, error stack:
PMPI_Waitall(378)..............: MPI_Waitall(count=1022, req_array=0x1ec8a80, status_array=0x1) failed
MPIR_Waitall(167)..............: 
MPIR_Waitall_impl(51)..........: 
MPID_Progress_wait(201)........: 
MPIDI_Progress_test(97)........: 
MPIDI_OFI_handle_cq_error(1310): OFI poll failed (ofi_events.c:1312:MPIDI_OFI_handle_cq_error:No route to host - No such file or directory)

aborting job:
Fatal error in PMPI_Waitall: Other MPI error, error stack:
PMPI_Waitall(378)..............: MPI_Waitall(count=1022, req_array=0x1ec8a80, status_array=0x1) failed
MPIR_Waitall(167)..............: 
MPIR_Waitall_impl(51)..........: 
MPID_Progress_wait(201)........: 
MPIDI_Progress_test(97)........: 
MPIDI_OFI_handle_cq_error(1310): OFI poll failed (ofi_events.c:1312:MPIDI_OFI_handle_cq_error:No route to host - No such file or directory)
MPICH ERROR [Rank 421] [job id 16728352.0] [Sat Mar 14 17:11:19 2026] [nid007500] - Abort(271202447) (rank 421 in comm 0): Fatal error in PMPI_Waitall: Other MPI error, error stack:
PMPI_Waitall(378)..............: MPI_Waitall(count=1022, req_array=0x135fbd0, status_array=0x1) failed
MPIR_Waitall(167)..............: 
MPIR_Waitall_impl(51)..........: 
MPID_Progress_wait(201)........: 
MPIDI_Progress_test(97)........: 
MPIDI_OFI_handle_cq_error(1310): OFI poll failed (ofi_events.c:1312:MPIDI_OFI_handle_cq_error:No route to host - No such file or directory)

aborting job:
Fatal error in PMPI_Waitall: Other MPI error, error stack:
PMPI_Waitall(378)..............: MPI_Waitall(count=1022, req_array=0x135fbd0, status_array=0x1) failed
MPIR_Waitall(167)..............: 
MPIR_Waitall_impl(51)..........: 
MPID_Progress_wait(201)........: 
MPIDI_Progress_test(97)........: 
MPIDI_OFI_handle_cq_error(1310): OFI poll failed (ofi_events.c:1312:MPIDI_OFI_handle_cq_error:No route to host - No such file or directory)
MPICH ERROR [Rank 419] [job id 16728352.0] [Sat Mar 14 17:11:19 2026] [nid007500] - Abort(606746767) (rank 419 in comm 0): Fatal error in PMPI_Waitall: Other MPI error, error stack:
PMPI_Waitall(378)..............: MPI_Waitall(count=1022, req_array=0x1e9c800, status_array=0x1) failed
MPIR_Waitall(167)..............: 
MPIR_Waitall_impl(51)..........: 
MPID_Progress_wait(201)........: 
MPIDI_Progress_test(97)........: 
MPIDI_OFI_handle_cq_error(1310): OFI poll failed (ofi_events.c:1312:MPIDI_OFI_handle_cq_error:No route to host - No such file or directory)

aborting job:
Fatal error in PMPI_Waitall: Other MPI error, error stack:
PMPI_Waitall(378)..............: MPI_Waitall(count=1022, req_array=0x1e9c800, status_array=0x1) failed
MPIR_Waitall(167)..............: 
MPIR_Waitall_impl(51)..........: 
MPID_Progress_wait(201)........: 
MPIDI_Progress_test(97)........: 
MPIDI_OFI_handle_cq_error(1310): OFI poll failed (ofi_events.c:1312:MPIDI_OFI_handle_cq_error:No route to host - No such file or directory)
MPICH ERROR [Rank 422] [job id 16728352.0] [Sat Mar 14 17:11:20 2026] [nid007500] - Abort(338311311) (rank 422 in comm 0): Fatal error in PMPI_Waitall: Other MPI error, error stack:
PMPI_Waitall(378)..............: MPI_Waitall(count=1022, req_array=0x1d37a60, status_array=0x1) failed
MPIR_Waitall(167)..............: 
MPIR_Waitall_impl(51)..........: 
MPID_Progress_wait(201)........: 
MPIDI_Progress_test(97)........: 
MPIDI_OFI_handle_cq_error(1310): OFI poll failed (ofi_events.c:1312:MPIDI_OFI_handle_cq_error:No route to host - No such file or directory)

aborting job:
Fatal error in PMPI_Waitall: Other MPI error, error stack:
PMPI_Waitall(378)..............: MPI_Waitall(count=1022, req_array=0x1d37a60, status_array=0x1) failed
MPIR_Waitall(167)..............: 
MPIR_Waitall_impl(51)..........: 
MPID_Progress_wait(201)........: 
MPIDI_Progress_test(97)........: 
MPIDI_OFI_handle_cq_error(1310): OFI poll failed (ofi_events.c:1312:MPIDI_OFI_handle_cq_error:No route to host - No such file or directory)
MPICH ERROR [Rank 416] [job id 16728352.0] [Sat Mar 14 17:11:20 2026] [nid007500] - Abort(875182223) (rank 416 in comm 0): Fatal error in PMPI_Waitall: Other MPI error, error stack:
PMPI_Waitall(378)..............: MPI_Waitall(count=1022, req_array=0x1f96c50, status_array=0x1) failed
MPIR_Waitall(167)..............: 
MPIR_Waitall_impl(51)..........: 
MPID_Progress_wait(201)........: 
MPIDI_Progress_test(97)........: 
MPIDI_OFI_handle_cq_error(1310): OFI poll failed (ofi_events.c:1312:MPIDI_OFI_handle_cq_error:No route to host - No such file or directory)

aborting job:
Fatal error in PMPI_Waitall: Other MPI error, error stack:
PMPI_Waitall(378)..............: MPI_Waitall(count=1022, req_array=0x1f96c50, status_array=0x1) failed
MPIR_Waitall(167)..............: 
MPIR_Waitall_impl(51)..........: 
MPID_Progress_wait(201)........: 
MPIDI_Progress_test(97)........: 
MPIDI_OFI_handle_cq_error(1310): OFI poll failed (ofi_events.c:1312:MPIDI_OFI_handle_cq_error:No route to host - No such file or directory)
srun: error: nid007602: tasks 496-501,503: Terminated
slurmstepd: error: Failed to destroy CXI Service ID 5 (cxi0): Device or resource busy
MPICH ERROR [Rank 328] [job id 16728352.0] [Sat Mar 14 17:11:02 2026] [nid007200] - Abort(740964495) (rank 328 in comm 0): Fatal error in PMPI_Waitall: Other MPI error, error stack:
PMPI_Waitall(378)..............: MPI_Waitall(count=1022, req_array=0x1bc3210, status_array=0x1) failed
MPIR_Waitall(167)..............: 
MPIR_Waitall_impl(51)..........: 
MPID_Progress_wait(201)........: 
MPIDI_Progress_test(97)........: 
MPIDI_OFI_handle_cq_error(1310): OFI poll failed (ofi_events.c:1312:MPIDI_OFI_handle_cq_error:Input/output error - Invalid request descriptor)

aborting job:
Fatal error in PMPI_Waitall: Other MPI error, error stack:
MPICH ERROR [Rank 329] [job id 16728352.0] [Sat Mar 14 17:11:02 2026] [nid007200] - Abort(271202447) (rank 329 in comm 0): Fatal error in PMPI_Waitall: Other MPI error, error stack:
PMPI_Waitall(378)..............: MPI_Waitall(count=1022, req_array=0xf4dd30, status_array=0x1) failed
MPIR_Waitall(167)..............: 
MPIR_Waitall_impl(51)..........: 
MPID_Progress_wait(201)........: 
MPIDI_Progress_test(97)........: 
MPIDI_OFI_handle_cq_error(1310): OFI poll failed (ofi_events.c:1312:MPIDI_OFI_handle_cq_error:Input/output error - Invalid request descriptor)

aborting job:
Fatal error in PMPI_Waitall: Other MPI error, error stack:
PMPI_Waitall(378)..............: MPI_Waitall(count=1022, req_array=0xf4dd30, status_array=0x1) failed
MPIR_Waitall(167)..............: 
MPIR_Waitall_impl(51)..........: 
MPID_Progress_wait(201)........: 
MPIDI_Progress_test(97)........: 
MPIDI_OFI_handle_cq_error(1310): OFI poll failed (ofi_events.c:1312:MPIDI_OFI_handle_cq_error:Input/output error - Invalid request descriptor)
PMPI_Waitall(378)..............: MPI_Waitall(count=1022, req_array=0x1bc3210, status_array=0x1) failed
MPIR_Waitall(167)..............: 
MPIR_Waitall_impl(51)..........: 
MPID_Progress_wait(201)........: 
MPIDI_Progress_test(97)........: 
MPIDI_OFI_handle_cq_error(1310): OFI poll failed (ofi_events.c:1312:MPIDI_OFI_handle_cq_error:Input/output error - Invalid request descriptor)
MPICH ERROR [Rank 330] [job id 16728352.0] [Sat Mar 14 17:11:11 2026] [nid007200] - Abort(808073359) (rank 330 in comm 0): Fatal error in PMPI_Waitall: Other MPI error, error stack:
PMPI_Waitall(378)..............: MPI_Waitall(count=1022, req_array=0x1a9fc90, status_array=0x1) failed
MPIR_Waitall(167)..............: 
MPIR_Waitall_impl(51)..........: 
MPID_Progress_wait(201)........: 
MPIDI_Progress_test(97)........: 
MPIDI_OFI_handle_cq_error(1310): OFI poll failed (ofi_events.c:1312:MPIDI_OFI_handle_cq_error:Input/output error - Invalid request descriptor)

aborting job:
Fatal error in PMPI_Waitall: Other MPI error, error stack:
PMPI_Waitall(378)..............: MPI_Waitall(count=1022, req_array=0x1a9fc90, status_array=0x1) failed
MPIR_Waitall(167)..............: 
MPIR_Waitall_impl(51)..........: 
MPID_Progress_wait(201)........: 
MPIDI_Progress_test(97)........: 
MPIDI_OFI_handle_cq_error(1310): OFI poll failed (ofi_events.c:1312:MPIDI_OFI_handle_cq_error:Input/output error - Invalid request descriptor)
MPICH ERROR [Rank 331] [job id 16728352.0] [Sat Mar 14 17:11:11 2026] [nid007200] - Abort(405420175) (rank 331 in comm 0): Fatal error in PMPI_Waitall: Other MPI error, error stack:
PMPI_Waitall(378)..............: MPI_Waitall(count=1022, req_array=0x19c4d20, status_array=0x1) failed
MPIR_Waitall(167)..............: 
MPIR_Waitall_impl(51)..........: 
MPID_Progress_wait(201)........: 
MPIDI_Progress_test(97)........: 
MPIDI_OFI_handle_cq_error(1310): OFI poll failed (ofi_events.c:1312:MPIDI_OFI_handle_cq_error:Input/output error - Invalid request descriptor)

aborting job:
Fatal error in PMPI_Waitall: Other MPI error, error stack:
PMPI_Waitall(378)..............: MPI_Waitall(count=1022, req_array=0x19c4d20, status_array=0x1) failed
MPIR_Waitall(167)..............: 
MPIR_Waitall_impl(51)..........: 
MPID_Progress_wait(201)........: 
MPIDI_Progress_test(97)........: 
MPIDI_OFI_handle_cq_error(1310): OFI poll failed (ofi_events.c:1312:MPIDI_OFI_handle_cq_error:Input/output error - Invalid request descriptor)
MPICH ERROR [Rank 180] [job id 16728352.0] [Sat Mar 14 17:11:20 2026] [nid006031] - Abort(808073359) (rank 180 in comm 0): Fatal error in PMPI_Waitall: Other MPI error, error stack:
PMPI_Waitall(378)..............: MPI_Waitall(count=1022, req_array=0x1ca4b20, status_array=0x1) failed
MPIR_Waitall(167)..............: 
MPIR_Waitall_impl(51)..........: 
MPID_Progress_wait(201)........: 
MPIDI_Progress_test(97)........: 
MPIDI_OFI_handle_cq_error(1310): OFI poll failed (ofi_events.c:1312:MPIDI_OFI_handle_cq_error:Transport endpoint is not connected - Inappropriate ioctl for device)

aborting job:
Fatal error in PMPI_Waitall: Other MPI error, error stack:
PMPI_Waitall(378)..............: MPI_Waitall(count=1022, req_array=0x1ca4b20, status_array=0x1) failed
MPIR_Waitall(167)..............: 
MPIR_Waitall_impl(51)..........: 
MPID_Progress_wait(201)........: 
MPIDI_Progress_test(97)........: 
MPIDI_OFI_handle_cq_error(1310): OFI poll failed (ofi_events.c:1312:MPIDI_OFI_handle_cq_error:Transport endpoint is not connected - Inappropriate ioctl for device)
srun: error: nid007200: tasks 328-334: Terminated
srun: error: nid005976: tasks 144-145: Exited with exit code 255
MPICH ERROR [Rank 181] [job id 16728352.0] [Sat Mar 14 17:11:20 2026] [nid006031] - Abort(819030671) (rank 181 in comm 0): Fatal error in PMPI_Finalize: Other MPI error, error stack:
PMPI_Finalize(214).....................: MPI_Finalize failed
PMPI_Finalize(161).....................: 
MPID_Finalize(718).....................: 
MPIDI_CRAY_ofi_gather_cxi_counters(729): 
MPIR_CRAY_Barrier(214).................: 
MPIR_Barrier_impl(165).................: 
MPIR_Barrier_intra_auto(109)...........: 
MPIR_Barrier_intra_dissemination(45)...: 
MPIC_Sendrecv(341).....................: 
MPIC_Wait(71)..........................: 
MPIR_Wait_impl(41).....................: 
MPID_Progress_wait(201)................: 
MPIDI_Progress_test(97)................: 
MPIDI_OFI_handle_cq_error(1310)........: OFI poll failed (ofi_events.c:1312:MPIDI_OFI_handle_cq_error:No route to host - No such file or directory)
MPIR_Barrier_intra_dissemination(45)...: 
MPIC_Sendrecv(341).....................: 
MPIC_Wait(71)..........................: 
MPIR_Wait_impl(41).....................: 
MPID_Progress_wait(201)................: 
MPIDI_Progress_test(97)................: 
MPIDI_OFI_handle_cq_error(1310)........: OFI poll failed (ofi_events.c:1312:MPIDI_OFI_handle_cq_error:Transport endpoint is not connected - Inappropriate ioctl for device)

aborting job:
Fatal error in PMPI_Finalize: Other MPI error, error stack:
PMPI_Finalize(214).....................: MPI_Finalize failed
PMPI_Finalize(161).....................: 
MPID_Finalize(718).....................: 
MPIDI_CRAY_ofi_gather_cxi_counters(729): 
MPIR_CRAY_Barrier(214).................: 
MPIR_Barrier_impl(165).................: 
MPIR_Barrier_intra_auto(109)...........: 
MPIR_Barrier_intra_dissemination(45)...: 
MPIC_Sendrecv(341).....................: 
MPIC_Wait(71)..........................: 
MPIR_Wait_impl(41).....................: 
MPID_Progress_wait(201)................: 
MPIDI_Progress_test(97)................: 
MPIDI_OFI_handle_cq_error(1310)........: OFI poll failed (ofi_events.c:1312:MPIDI_OFI_handle_cq_error:No route to host - No such file or directory)
MPIR_Barrier_intra_dissemination(45)...: 
MPIC_Sendrecv(341).....................: 
MPIC_Wait(71)..........................: 
MPIR_Wait_impl(41).....................: 
MPID_Progress_wait(201)................: 
MPIDI_Progress_test(97)................: 
MPIDI_OFI_handle_cq_error(1310)........: OFI poll failed (ofi_events.c:1312:MPIDI_OFI_handle_cq_error:Transport endpoint is not connected - Inappropriate ioctl for device)
MPICH ERROR [Rank 383] [job id 16728352.0] [Sat Mar 14 17:11:20 2026] [nid007308] - Abort(825322127) (rank 383 in comm 0): Fatal error in PMPI_Finalize: Other MPI error, error stack:
PMPI_Finalize(214)...................: MPI_Finalize failed
PMPI_Finalize(161)...................: 
MPID_Finalize(728)...................: 
MPIDI_OFI_mpi_finalize_hook(1032)....: 
MPIR_CRAY_Allreduce(815).............: 
MPIDI_Cray_shared_mem_coll_bcast(494): 
MPIDI_Progress_test(97)..............: 
MPIDI_OFI_handle_cq_error(1310)......: OFI poll failed (ofi_events.c:1312:MPIDI_OFI_handle_cq_error:Transport endpoint is not connected - Inappropriate ioctl for device)

aborting job:
Fatal error in PMPI_Finalize: Other MPI error, error stack:
PMPI_Finalize(214)...................: MPI_Finalize failed
PMPI_Finalize(161)...................: 
MPID_Finalize(728)...................: 
MPIDI_OFI_mpi_finalize_hook(1032)....: 
MPIR_CRAY_Allreduce(815).............: 
MPIDI_Cray_shared_mem_coll_bcast(494): 
MPIDI_Progress_test(97)..............: 
MPIDI_OFI_handle_cq_error(1310)......: OFI poll failed (ofi_events.c:1312:MPIDI_OFI_handle_cq_error:Transport endpoint is not connected - Inappropriate ioctl for device)
MPICH ERROR [Rank 151] [job id 16728352.0] [Sat Mar 14 17:11:20 2026] [nid005976] - Abort(606746767) (rank 151 in comm 0): Fatal error in PMPI_Waitall: Other MPI error, error stack:
PMPI_Waitall(378)..............: MPI_Waitall(count=1022, req_array=0x1fd37e0, status_array=0x1) failed
MPIR_Waitall(167)..............: 
MPIR_Waitall_impl(51)..........: 
MPID_Progress_wait(201)........: 
MPIDI_Progress_test(97)........: 
MPIDI_OFI_handle_cq_error(1310): OFI poll failed (ofi_events.c:1312:MPIDI_OFI_handle_cq_error:No route to host - No such file or directory)

aborting job:
Fatal error in PMPI_Waitall: Other MPI error, error stack:
PMPI_Waitall(378)..............: MPI_Waitall(count=1022, req_array=0x1fd37e0, status_array=0x1) failed
MPIR_Waitall(167)..............: 
MPIR_Waitall_impl(51)..........: 
MPID_Progress_wait(201)........: 
MPIDI_Progress_test(97)........: 
MPIDI_OFI_handle_cq_error(1310): OFI poll failed (ofi_events.c:1312:MPIDI_OFI_handle_cq_error:No route to host - No such file or directory)
MPICH ERROR [Rank 490] [job id 16728352.0] [Sat Mar 14 17:11:19 2026] [nid007601] - Abort(808073359) (rank 490 in comm 0): Fatal error in PMPI_Waitall: Other MPI error, error stack:
PMPI_Waitall(378)..............: MPI_Waitall(count=1022, req_array=0x14958b0, status_array=0x1) failed
MPIR_Waitall(167)..............: 
MPIR_Waitall_impl(51)..........: 
MPID_Progress_wait(201)........: 
MPIDI_Progress_test(97)........: 
MPIDI_OFI_handle_cq_error(1310): OFI poll failed (ofi_events.c:1312:MPIDI_OFI_handle_cq_error:No route to host - No such file or directory)

aborting job:
Fatal error in PMPI_Waitall: Other MPI error, error stack:
PMPI_Waitall(378)..............: MPI_Waitall(count=1022, req_array=0x14958b0, status_array=0x1) failed
MPIR_Waitall(167)..............: 
MPIR_Waitall_impl(51)..........: 
MPID_Progress_wait(201)........: 
MPIDI_Progress_test(97)........: 
MPIDI_OFI_handle_cq_error(1310): OFI poll failed (ofi_events.c:1312:MPIDI_OFI_handle_cq_error:No route to host - No such file or directory)
MPICH ERROR [Rank 491] [job id 16728352.0] [Sat Mar 14 17:11:19 2026] [nid007601] - Abort(405420175) (rank 491 in comm 0): Fatal error in PMPI_Waitall: Other MPI error, error stack:
PMPI_Waitall(378)..............: MPI_Waitall(count=1022, req_array=0x1f4a560, status_array=0x1) failed
MPIR_Waitall(167)..............: 
MPIR_Waitall_impl(51)..........: 
MPID_Progress_wait(201)........: 
MPIDI_Progress_test(97)........: 
MPIDI_OFI_handle_cq_error(1310): OFI poll failed (ofi_events.c:1312:MPIDI_OFI_handle_cq_error:Input/output error - Exchange full)

aborting job:
Fatal error in PMPI_Waitall: Other MPI error, error stack:
PMPI_Waitall(378)..............: MPI_Waitall(count=1022, req_array=0x1f4a560, status_array=0x1) failed
MPIR_Waitall(167)..............: 
MPIR_Waitall_impl(51)..........: 
MPID_Progress_wait(201)........: 
MPIDI_Progress_test(97)........: 
MPIDI_OFI_handle_cq_error(1310): OFI poll failed (ofi_events.c:1312:MPIDI_OFI_handle_cq_error:Input/output error - Exchange full)
MPICH ERROR [Rank 494] [job id 16728352.0] [Sat Mar 14 17:11:19 2026] [nid007601] - Abort(338311311) (rank 494 in comm 0): Fatal error in PMPI_Waitall: Other MPI error, error stack:
PMPI_Waitall(378)..............: MPI_Waitall(count=1022, req_array=0xcd48c0, status_array=0x1) failed
MPIR_Waitall(167)..............: 
MPIR_Waitall_impl(51)..........: 
MPID_Progress_wait(201)........: 
MPIDI_Progress_test(97)........: 
MPIDI_OFI_handle_cq_error(1310): OFI poll failed (ofi_events.c:1312:MPIDI_OFI_handle_cq_error:No route to host - No such file or directory)

aborting job:
Fatal error in PMPI_Waitall: Other MPI error, error stack:
PMPI_Waitall(378)..............: MPI_Waitall(count=1022, req_array=0xcd48c0, status_array=0x1) failed
MPIR_Waitall(167)..............: 
MPIR_Waitall_impl(51)..........: 
MPID_Progress_wait(201)........: 
MPIDI_Progress_test(97)........: 
MPIDI_OFI_handle_cq_error(1310): OFI poll failed (ofi_events.c:1312:MPIDI_OFI_handle_cq_error:No route to host - No such file or directory)
MPICH ERROR [Rank 491] [job id 16728352.0] [Sat Mar 14 17:11:19 2026] [nid007601] - Abort(819030671) (rank 491 in comm 0): Fatal error in PMPI_Finalize: Other MPI error, error stack:
PMPI_Finalize(214).....................: MPI_Finalize failed
PMPI_Finalize(161).....................: 
MPID_Finalize(718).....................: 
MPIDI_CRAY_ofi_gather_cxi_counters(729): 
MPIR_CRAY_Barrier(214).................: 
MPIR_Barrier_impl(165).................: 
MPIR_Barrier_intra_auto(109)...........: 
MPIR_Barrier_intra_dissemination(45)...: 
MPIC_Sendrecv(341).....................: 
MPIC_Wait(71)..........................: 
MPIR_Wait_impl(41).....................: 
MPID_Progress_wait(201)................: 
MPIDI_Progress_test(97)................: 
MPIDI_OFI_handle_cq_error(1310)........: OFI poll failed (ofi_events.c:1312:MPIDI_OFI_handle_cq_error:Transport endpoint is not connected - Inappropriate ioctl for device)
MPIR_Barrier_intra_dissemination(45)...: 
MPIC_Sendrecv(341).....................: 
MPIC_Wait(71)..........................: 
MPIR_Wait_impl(41).....................: 
MPID_Progress_wait(201)................: 
MPIDI_Progress_test(97)................: 
MPIDI_OFI_handle_cq_error(1310)........: OFI poll failed (ofi_events.c:1312:MPIDI_OFI_handle_cq_error:Transport endpoint is not connected - Inappropriate ioctl for device)

aborting job:
Fatal error in PMPI_Finalize: Other MPI error, error stack:
PMPI_Finalize(214).....................: MPI_Finalize failed
PMPI_Finalize(161).....................: 
MPID_Finalize(718).....................: 
MPIDI_CRAY_ofi_gather_cxi_counters(729): 
MPIR_CRAY_Barrier(214).................: 
MPIR_Barrier_impl(165).................: 
MPIR_Barrier_intra_auto(109)...........: 
MPIR_Barrier_intra_dissemination(45)...: 
MPIC_Sendrecv(341).....................: 
MPIC_Wait(71)..........................: 
MPIR_Wait_impl(41).....................: 
MPID_Progress_wait(201)................: 
MPIDI_Progress_test(97)................: 
MPIDI_OFI_handle_cq_error(1310)........: OFI poll failed (ofi_events.c:1312:MPIDI_OFI_handle_cq_error:Transport endpoint is not connected - Inappropriate ioctl for device)
MPIR_Barrier_intra_dissemination(45)...: 
MPIC_Sendrecv(341).....................: 
MPIC_Wait(71)..........................: 
MPIR_Wait_impl(41).....................: 
MPID_Progress_wait(201)................: 
MPIDI_Progress_test(97)................: 
MPIDI_OFI_handle_cq_error(1310)........: OFI poll failed (ofi_events.c:1312:MPIDI_OFI_handle_cq_error:Transport endpoint is not connected - Inappropriate ioctl for device)
MPICH ERROR [Rank 488] [job id 16728352.0] [Sat Mar 14 17:11:19 2026] [nid007601] - Abort(808073359) (rank 488 in comm 0): Fatal error in PMPI_Waitall: Other MPI error, error stack:
PMPI_Waitall(378)..............: MPI_Waitall(count=1022, req_array=0x19891a0, status_array=0x1) failed
MPIR_Waitall(167)..............: 
MPIR_Waitall_impl(51)..........: 
MPID_Progress_wait(201)........: 
MPIDI_Progress_test(97)........: 
MPIDI_OFI_handle_cq_error(1310): OFI poll failed (ofi_events.c:1312:MPIDI_OFI_handle_cq_error:No route to host - No such file or directory)

aborting job:
Fatal error in PMPI_Waitall: Other MPI error, error stack:
PMPI_Waitall(378)..............: MPI_Waitall(count=1022, req_array=0x19891a0, status_array=0x1) failed
MPIR_Waitall(167)..............: 
MPIR_Waitall_impl(51)..........: 
MPID_Progress_wait(201)........: 
MPIDI_Progress_test(97)........: 
MPIDI_OFI_handle_cq_error(1310): OFI poll failed (ofi_events.c:1312:MPIDI_OFI_handle_cq_error:No route to host - No such file or directory)
srun: error: nid007601: task 491: Exited with exit code 255
MPICH ERROR [Rank 13] [job id 16728352.0] [Sat Mar 14 17:11:20 2026] [nid005137] - Abort(271202447) (rank 13 in comm 0): Fatal error in PMPI_Waitall: Other MPI error, error stack:
PMPI_Waitall(378)..............: MPI_Waitall(count=1022, req_array=0x1d24d60, status_array=0x1) failed
MPIR_Waitall(167)..............: 
MPIR_Waitall_impl(51)..........: 
MPID_Progress_wait(201)........: 
MPIDI_Progress_test(97)........: 
MPIDI_OFI_handle_cq_error(1310): OFI poll failed (ofi_events.c:1312:MPIDI_OFI_handle_cq_error:No route to host - No such file or directory)

aborting job:
Fatal error in PMPI_Waitall: Other MPI error, error stack:
PMPI_Waitall(378)..............: MPI_Waitall(count=1022, req_array=0x1d24d60, status_array=0x1) failed
MPIR_Waitall(167)..............: 
MPIR_Waitall_impl(51)..........: 
MPID_Progress_wait(201)........: 
MPIDI_Progress_test(97)........: 
MPIDI_OFI_handle_cq_error(1310): OFI poll failed (ofi_events.c:1312:MPIDI_OFI_handle_cq_error:No route to host - No such file or directory)
MPICH ERROR [Rank 180] [job id 16728352.0] [Sat Mar 14 17:11:20 2026] [nid006031] - Abort(819030671) (rank 180 in comm 0): Fatal error in PMPI_Finalize: Other MPI error, error stack:
PMPI_Finalize(214).....................: MPI_Finalize failed
PMPI_Finalize(161).....................: 
MPID_Finalize(718).....................: 
MPIDI_CRAY_ofi_gather_cxi_counters(729): 
MPIR_CRAY_Barrier(214).................: 
MPIR_Barrier_impl(165).................: 
MPIR_Barrier_intra_auto(109)...........: 
MPIR_Barrier_intra_dissemination(45)...: 
MPIC_Sendrecv(341).....................: 
MPIC_Wait(71)..........................: 
MPIR_Wait_impl(41).....................: 
MPID_Progress_wait(201)................: 
MPIDI_Progress_test(97)................: 
MPIDI_OFI_handle_cq_error(1310)........: OFI poll failed (ofi_events.c:1312:MPIDI_OFI_handle_cq_error:Transport endpoint is not connected - Inappropriate ioctl for device)
MPIR_Barrier_intra_dissemination(45)...: 
MPIC_Sendrecv(341).....................: 
MPIC_Wait(71)..........................: 
MPIR_Wait_impl(41).....................: 
MPID_Progress_wait(201)................: 
MPIDI_Progress_test(97)................: 
MPIDI_OFI_handle_cq_error(1310)........: OFI poll failed (ofi_events.c:1312:MPIDI_OFI_handle_cq_error:Transport endpoint is not connected - Inappropriate ioctl for device)

aborting job:
Fatal error in PMPI_Finalize: Other MPI error, error stack:
PMPI_Finalize(214).....................: MPI_Finalize failed
PMPI_Finalize(161).....................: 
MPID_Finalize(718).....................: 
MPIDI_CRAY_ofi_gather_cxi_counters(729): 
MPIR_CRAY_Barrier(214).................: 
MPIR_Barrier_impl(165).................: 
MPIR_Barrier_intra_auto(109)...........: 
MPIR_Barrier_intra_dissemination(45)...: 
MPIC_Sendrecv(341).....................: 
MPIC_Wait(71)..........................: 
MPIR_Wait_impl(41).....................: 
MPID_Progress_wait(201)................: 
MPIDI_Progress_test(97)................: 
MPIDI_OFI_handle_cq_error(1310)........: OFI poll failed (ofi_events.c:1312:MPIDI_OFI_handle_cq_error:Transport endpoint is not connected - Inappropriate ioctl for device)
MPIR_Barrier_intra_dissemination(45)...: 
MPIC_Sendrecv(341).....................: 
MPIC_Wait(71)..........................: 
MPIR_Wait_impl(41).....................: 
MPID_Progress_wait(201)................: 
MPIDI_Progress_test(97)................: 
MPIDI_OFI_handle_cq_error(1310)........: OFI poll failed (ofi_events.c:1312:MPIDI_OFI_handle_cq_error:Transport endpoint is not connected - Inappropriate ioctl for device)
MPICH ERROR [Rank 405] [job id 16728352.0] [Sat Mar 14 17:11:20 2026] [nid007457] - Abort(819030671) (rank 405 in comm 0): Fatal error in PMPI_Finalize: Other MPI error, error stack:
PMPI_Finalize(214).....................: MPI_Finalize failed
PMPI_Finalize(161).....................: 
MPID_Finalize(718).....................: 
MPIDI_CRAY_ofi_gather_cxi_counters(729): 
MPIR_CRAY_Barrier(214).................: 
MPIR_Barrier_impl(165).................: 
MPIR_Barrier_intra_auto(109)...........: 
MPIR_Barrier_intra_dissemination(45)...: 
MPIC_Sendrecv(341).....................: 
MPIC_Wait(71)..........................: 
MPIR_Wait_impl(41).....................: 
MPID_Progress_wait(201)................: 
MPIDI_Progress_test(97)................: 
MPIDI_OFI_handle_cq_error(1310)........: OFI poll failed (ofi_events.c:1312:MPIDI_OFI_handle_cq_error:Transport endpoint is not connected - Inappropriate ioctl for device)
MPIR_Barrier_intra_dissemination(45)...: 
MPIC_Sendrecv(341).....................: 
MPIC_Wait(71)..........................: 
MPIR_Wait_impl(41).....................: 
MPID_Progress_wait(201)................: 
MPIDI_Progress_test(97)................: 
MPIDI_OFI_handle_cq_error(1310)........: OFI poll failed (ofi_events.c:1312:MPIDI_OFI_handle_cq_error:Transport endpoint is not connected - Inappropriate ioctl for device)

aborting job:
Fatal error in PMPI_Finalize: Other MPI error, error stack:
PMPI_Finalize(214).....................: MPI_Finalize failed
PMPI_Finalize(161).....................: 
MPID_Finalize(718).....................: 
MPIDI_CRAY_ofi_gather_cxi_counters(729): 
MPIR_CRAY_Barrier(214).................: 
MPIR_Barrier_impl(165).................: 
MPIR_Barrier_intra_auto(109)...........: 
MPIR_Barrier_intra_dissemination(45)...: 
MPIC_Sendrecv(341).....................: 
MPIC_Wait(71)..........................: 
MPIR_Wait_impl(41).....................: 
MPID_Progress_wait(201)................: 
MPIDI_Progress_test(97)................: 
MPIDI_OFI_handle_cq_error(1310)........: OFI poll failed (ofi_events.c:1312:MPIDI_OFI_handle_cq_error:Transport endpoint is not connected - Inappropriate ioctl for device)
MPIR_Barrier_intra_dissemination(45)...: 
MPIC_Sendrecv(341).....................: 
MPIC_Wait(71)..........................: 
MPIR_Wait_impl(41).....................: 
MPID_Progress_wait(201)................: 
MPIDI_Progress_test(97)................: 
MPIDI_OFI_handle_cq_error(1310)........: OFI poll failed (ofi_events.c:1312:MPIDI_OFI_handle_cq_error:Transport endpoint is not connected - Inappropriate ioctl for device)
slurmstepd: error: Failed to destroy CXI Service ID 5 (cxi2): Device or resource busy
MPICH ERROR [Rank 11] [job id 16728352.0] [Sat Mar 14 17:11:20 2026] [nid005137] - Abort(819030671) (rank 11 in comm 0): Fatal error in PMPI_Finalize: Other MPI error, error stack:
PMPI_Finalize(214).....................: MPI_Finalize failed
PMPI_Finalize(161).....................: 
MPID_Finalize(718).....................: 
MPIDI_CRAY_ofi_gather_cxi_counters(729): 
MPIR_CRAY_Barrier(214).................: 
MPIR_Barrier_impl(165).................: 
MPIR_Barrier_intra_auto(109)...........: 
MPIR_Barrier_intra_dissemination(45)...: 
MPIC_Sendrecv(341).....................: 
MPIC_Wait(71)..........................: 
MPIR_Wait_impl(41).....................: 
MPID_Progress_wait(201)................: 
MPIDI_Progress_test(97)................: 
MPIDI_OFI_handle_cq_error(1310)........: OFI poll failed (ofi_events.c:1312:MPIDI_OFI_handle_cq_error:No route to host - No such file or directory)
MPIR_Barrier_intra_dissemination(45)...: 
MPIC_Sendrecv(341).....................: 
MPIC_Wait(71)..........................: 
MPIR_Wait_impl(41).....................: 
MPID_Progress_wait(201)................: 
MPIDI_Progress_test(97)................: 
MPIDI_OFI_handle_cq_error(1310)........: OFI poll failed (ofi_events.c:1312:MPIDI_OFI_handle_cq_error:Transport endpoint is not connected - Inappropriate ioctl for device)

aborting job:
Fatal error in PMPI_Finalize: Other MPI error, error stack:
PMPI_Finalize(214).....................: MPI_Finalize failed
PMPI_Finalize(161).....................: 
MPID_Finalize(718).....................: 
MPIDI_CRAY_ofi_gather_cxi_counters(729): 
MPIR_CRAY_Barrier(214).................: 
MPIR_Barrier_impl(165).................: 
MPIR_Barrier_intra_auto(109)...........: 
MPIR_Barrier_intra_dissemination(45)...: 
MPIC_Sendrecv(341).....................: 
MPIC_Wait(71)..........................: 
MPIR_Wait_impl(41).....................: 
MPID_Progress_wait(201)................: 
MPIDI_Progress_test(97)................: 
MPIDI_OFI_handle_cq_error(1310)........: OFI poll failed (ofi_events.c:1312:MPIDI_OFI_handle_cq_error:No route to host - No such file or directory)
MPIR_Barrier_intra_dissemination(45)...: 
MPIC_Sendrecv(341).....................: 
MPIC_Wait(71)..........................: 
MPIR_Wait_impl(41).....................: 
MPID_Progress_wait(201)................: 
MPIDI_Progress_test(97)................: 
MPIDI_OFI_handle_cq_error(1310)........: OFI poll failed (ofi_events.c:1312:MPIDI_OFI_handle_cq_error:Transport endpoint is not connected - Inappropriate ioctl for device)
MPICH ERROR [Rank 10] [job id 16728352.0] [Sat Mar 14 17:11:20 2026] [nid005137] - Abort(2766991) (rank 10 in comm 0): Fatal error in PMPI_Waitall: Other MPI error, error stack:
PMPI_Waitall(378)..............: MPI_Waitall(count=1022, req_array=0x1cefa10, status_array=0x1) failed
MPIR_Waitall(167)..............: 
MPIR_Waitall_impl(51)..........: 
MPID_Progress_wait(201)........: 
MPIDI_Progress_test(97)........: 
MPIDI_OFI_handle_cq_error(1310): OFI poll failed (ofi_events.c:1312:MPIDI_OFI_handle_cq_error:Transport endpoint is not connected - Inappropriate ioctl for device)

aborting job:
Fatal error in PMPI_Waitall: Other MPI error, error stack:
PMPI_Waitall(378)..............: MPI_Waitall(count=1022, req_array=0x1cefa10, status_array=0x1) failed
MPIR_Waitall(167)..............: 
MPIR_Waitall_impl(51)..........: 
MPID_Progress_wait(201)........: 
MPIDI_Progress_test(97)........: 
MPIDI_OFI_handle_cq_error(1310): OFI poll failed (ofi_events.c:1312:MPIDI_OFI_handle_cq_error:Transport endpoint is not connected - Inappropriate ioctl for device)
srun: error: nid006031: task 177: Exited with exit code 255
MPICH ERROR [Rank 10] [job id 16728352.0] [Sat Mar 14 17:11:20 2026] [nid005137] - Abort(819030671) (rank 10 in comm 0): Fatal error in PMPI_Finalize: Other MPI error, error stack:
PMPI_Finalize(214).....................: MPI_Finalize failed
PMPI_Finalize(161).....................: 
MPID_Finalize(718).....................: 
MPIDI_CRAY_ofi_gather_cxi_counters(729): 
MPIR_CRAY_Barrier(214).................: 
MPIR_Barrier_impl(165).................: 
MPIR_Barrier_intra_auto(109)...........: 
MPIR_Barrier_intra_dissemination(45)...: 
MPIC_Sendrecv(341).....................: 
MPIC_Wait(71)..........................: 
MPIR_Wait_impl(41).....................: 
MPID_Progress_wait(201)................: 
MPIDI_Progress_test(97)................: 
MPIDI_OFI_handle_cq_error(1310)........: OFI poll failed (ofi_events.c:1312:MPIDI_OFI_handle_cq_error:Transport endpoint is not connected - Inappropriate ioctl for device)
MPIR_Barrier_intra_dissemination(45)...: 
MPIC_Sendrecv(341).....................: 
MPIC_Wait(71)..........................: 
MPIR_Wait_impl(41).....................: 
MPID_Progress_wait(201)................: 
MPIDI_Progress_test(97)................: 
MPIDI_OFI_handle_cq_error(1310)........: OFI poll failed (ofi_events.c:1312:MPIDI_OFI_handle_cq_error:Transport endpoint is not connected - Inappropriate ioctl for device)

aborting job:
Fatal error in PMPI_Finalize: Other MPI error, error stack:
PMPI_Finalize(214).....................: MPI_Finalize failed
PMPI_Finalize(161).....................: 
MPID_Finalize(718).....................: 
MPIDI_CRAY_ofi_gather_cxi_counters(729): 
MPIR_CRAY_Barrier(214).................: 
MPIR_Barrier_impl(165).................: 
MPIR_Barrier_intra_auto(109)...........: 
MPIR_Barrier_intra_dissemination(45)...: 
MPIC_Sendrecv(341).....................: 
MPIC_Wait(71)..........................: 
MPIR_Wait_impl(41).....................: 
MPID_Progress_wait(201)................: 
MPIDI_Progress_test(97)................: 
MPIDI_OFI_handle_cq_error(1310)........: OFI poll failed (ofi_events.c:1312:MPIDI_OFI_handle_cq_error:Transport endpoint is not connected - Inappropriate ioctl for device)
MPIR_Barrier_intra_dissemination(45)...: 
MPIC_Sendrecv(341).....................: 
MPIC_Wait(71)..........................: 
MPIR_Wait_impl(41).....................: 
MPID_Progress_wait(201)................: 
MPIDI_Progress_test(97)................: 
MPIDI_OFI_handle_cq_error(1310)........: OFI poll failed (ofi_events.c:1312:MPIDI_OFI_handle_cq_error:Transport endpoint is not connected - Inappropriate ioctl for device)
slurmstepd: error: Failed to destroy CXI Service ID 5 (cxi0): Device or resource busy
MPICH ERROR [Rank 368] [job id 16728352.0] [Sat Mar 14 17:11:20 2026] [nid007252] - Abort(819030671) (rank 368 in comm 0): Fatal error in PMPI_Finalize: Other MPI error, error stack:
PMPI_Finalize(214).....................: MPI_Finalize failed
PMPI_Finalize(161).....................: 
MPID_Finalize(718).....................: 
MPIDI_CRAY_ofi_gather_cxi_counters(729): 
MPIR_CRAY_Barrier(214).................: 
MPIR_Barrier_impl(165).................: 
MPIR_Barrier_intra_auto(109)...........: 
MPIR_Barrier_intra_dissemination(45)...: 
MPIC_Sendrecv(341).....................: 
MPIC_Wait(71)..........................: 
MPIR_Wait_impl(41).....................: 
MPID_Progress_wait(201)................: 
MPIDI_Progress_test(97)................: 
MPIDI_OFI_handle_cq_error(1310)........: OFI poll failed (ofi_events.c:1312:MPIDI_OFI_handle_cq_error:No route to host - No such file or directory)
MPIR_Barrier_intra_dissemination(45)...: 
MPIC_Sendrecv(341).....................: 
MPIC_Wait(71)..........................: 
MPIR_Wait_impl(41).....................: 
MPID_Progress_wait(201)................: 
MPIDI_Progress_test(97)................: 
MPIDI_OFI_handle_cq_error(1310)........: OFI poll failed (ofi_events.c:1312:MPIDI_OFI_handle_cq_error:Transport endpoint is not connected - Inappropriate ioctl for device)

aborting job:
Fatal error in PMPI_Finalize: Other MPI error, error stack:
PMPI_Finalize(214).....................: MPI_Finalize failed
PMPI_Finalize(161).....................: 
MPID_Finalize(718).....................: 
MPIDI_CRAY_ofi_gather_cxi_counters(729): 
MPIR_CRAY_Barrier(214).................: 
MPIR_Barrier_impl(165).................: 
MPIR_Barrier_intra_auto(109)...........: 
MPIR_Barrier_intra_dissemination(45)...: 
MPIC_Sendrecv(341).....................: 
MPIC_Wait(71)..........................: 
MPIR_Wait_impl(41).....................: 
MPID_Progress_wait(201)................: 
MPIDI_Progress_test(97)................: 
MPIDI_OFI_handle_cq_error(1310)........: OFI poll failed (ofi_events.c:1312:MPIDI_OFI_handle_cq_error:No route to host - No such file or directory)
MPIR_Barrier_intra_dissemination(45)...: 
MPIC_Sendrecv(341).....................: 
MPIC_Wait(71)..........................: 
MPIR_Wait_impl(41).....................: 
MPID_Progress_wait(201)................: 
MPIDI_Progress_test(97)................: 
MPIDI_OFI_handle_cq_error(1310)........: OFI poll failed (ofi_events.c:1312:MPIDI_OFI_handle_cq_error:Transport endpoint is not connected - Inappropriate ioctl for device)
MPICH ERROR [Rank 369] [job id 16728352.0] [Sat Mar 14 17:11:20 2026] [nid007252] - Abort(673855631) (rank 369 in comm 0): Fatal error in PMPI_Waitall: Other MPI error, error stack:
PMPI_Waitall(378)..............: MPI_Waitall(count=1022, req_array=0x1b02db0, status_array=0x1) failed
MPIR_Waitall(167)..............: 
MPIR_Waitall_impl(51)..........: 
MPID_Progress_wait(201)........: 
MPIDI_Progress_test(97)........: 
MPIDI_OFI_handle_cq_error(1310): OFI poll failed (ofi_events.c:1312:MPIDI_OFI_handle_cq_error:Transport endpoint is not connected - Inappropriate ioctl for device)

aborting job:
Fatal error in PMPI_Waitall: Other MPI error, error stack:
PMPI_Waitall(378)..............: MPI_Waitall(count=1022, req_array=0x1b02db0, status_array=0x1) failed
MPIR_Waitall(167)..............: 
MPIR_Waitall_impl(51)..........: 
MPID_Progress_wait(201)........: 
MPIDI_Progress_test(97)........: 
MPIDI_OFI_handle_cq_error(1310): OFI poll failed (ofi_events.c:1312:MPIDI_OFI_handle_cq_error:Transport endpoint is not connected - Inappropriate ioctl for device)
MPICH ERROR [Rank 155] [job id 16728352.0] [Sat Mar 14 17:11:19 2026] [nid005977] - Abort(271202447) (rank 155 in comm 0): Fatal error in PMPI_Waitall: Other MPI error, error stack:
PMPI_Waitall(378)..............: MPI_Waitall(count=1022, req_array=0x187a220, status_array=0x1) failed
MPIR_Waitall(167)..............: 
MPIR_Waitall_impl(51)..........: 
MPID_Progress_wait(201)........: 
MPIDI_Progress_test(97)........: 
MPIDI_OFI_handle_cq_error(1310): OFI poll failed (ofi_events.c:1312:MPIDI_OFI_handle_cq_error:No route to host - No such file or directory)

aborting job:
Fatal error in PMPI_Waitall: Other MPI error, error stack:
PMPI_Waitall(378)..............: MPI_Waitall(count=1022, req_array=0x187a220, status_array=0x1) failed
MPIR_Waitall(167)..............: 
MPIR_Waitall_impl(51)..........: 
MPID_Progress_wait(201)........: 
MPIDI_Progress_test(97)........: 
MPIDI_OFI_handle_cq_error(1310): OFI poll failed (ofi_events.c:1312:MPIDI_OFI_handle_cq_error:No route to host - No such file or directory)
MPICH ERROR [Rank 154] [job id 16728352.0] [Sat Mar 14 17:11:19 2026] [nid005977] - Abort(338311311) (rank 154 in comm 0): Fatal error in PMPI_Waitall: Other MPI error, error stack:
PMPI_Waitall(378)..............: MPI_Waitall(count=1022, req_array=0x1d7d0f0, status_array=0x1) failed
MPIR_Waitall(167)..............: 
MPIR_Waitall_impl(51)..........: 
MPID_Progress_wait(201)........: 
MPIDI_Progress_test(97)........: 
MPIDI_OFI_handle_cq_error(1310): OFI poll failed (ofi_events.c:1312:MPIDI_OFI_handle_cq_error:Input/output error - Exchange full)

aborting job:
Fatal error in PMPI_Waitall: Other MPI error, error stack:
PMPI_Waitall(378)..............: MPI_Waitall(count=1022, req_array=0x1d7d0f0, status_array=0x1) failed
MPIR_Waitall(167)..............: 
MPIR_Waitall_impl(51)..........: 
MPID_Progress_wait(201)........: 
MPIDI_Progress_test(97)........: 
MPIDI_OFI_handle_cq_error(1310): OFI poll failed (ofi_events.c:1312:MPIDI_OFI_handle_cq_error:Input/output error - Exchange full)
MPICH ERROR [Rank 154] [job id 16728352.0] [Sat Mar 14 17:11:19 2026] [nid005977] - Abort(822700687) (rank 154 in comm 0): Fatal error in PMPI_Finalize: Other MPI error, error stack:
PMPI_Finalize(214).....................: MPI_Finalize failed
PMPI_Finalize(161).....................: 
MPID_Finalize(718).....................: 
MPIDI_CRAY_ofi_gather_cxi_counters(729): 
MPIR_CRAY_Barrier(214).................: 
MPIR_Barrier_impl(165).................: 
MPIR_Barrier_intra_auto(109)...........: 
MPIR_Barrier_intra_dissemination(45)...: 
MPIC_Sendrecv(341).....................: 
MPIC_Wait(71)..........................: 
MPIR_Wait_impl(41).....................: 
MPID_Progress_wait(201)................: 
MPIDI_Progress_test(97)................: 
MPIDI_OFI_handle_cq_error(1310)........: OFI poll failed (ofi_events.c:1312:MPIDI_OFI_handle_cq_error:Transport endpoint is not connected - Inappropriate ioctl for device)
MPIR_Barrier_intra_dissemination(45)...: 
MPIC_Sendrecv(341).....................: 
MPIC_Wait(71)..........................: 
MPIR_Wait_impl(41).....................: 
MPID_Progress_wait(201)................: 
MPIDI_Progress_test(97)................: 
MPIDI_OFI_handle_cq_error(1310)........: OFI poll failed (ofi_events.c:1312:MPIDI_OFI_handle_cq_error:Transport endpoint is not connected - Inappropriate ioctl for device)
MPIR_Barrier_intra_dissemination(45)...: 
MPIC_Sendrecv(341).....................: 
MPIC_Wait(71)..........................: 
MPIR_Wait_impl(41).....................: 
MPID_Progress_wait(201)................: 
MPIDI_Progress_test(97)................: 
MPIDI_OFI_handle_cq_error(1310)........: OFI poll failed (ofi_events.c:1312:MPIDI_OFI_handle_cq_error:Transport endpoint is not connected - Inappropria
aborting job:
Fatal error in PMPI_Finalize: Other MPI error, error stack:
PMPI_Finalize(214).....................: MPI_Finalize failed
PMPI_Finalize(161).....................: 
MPID_Finalize(718).....................: 
MPIDI_CRAY_ofi_gather_cxi_counters(729): 
MPIR_CRAY_Barrier(214).................: 
MPIR_Barrier_impl(165).................: 
MPIR_Barrier_intra_auto(109)...........: 
MPIR_Barrier_intra_dissemination(45)...: 
MPIC_Sendrecv(341).....................: 
MPIC_Wait(71)..........................: 
MPIR_Wait_impl(41).....................: 
MPID_Progress_wait(201)................: 
MPIDI_Progress_test(97)................: 
MPIDI_OFI_handle_cq_error(1310)........: OFI poll failed (ofi_events.c:1312:MPIDI_OFI_handle_cq_error:Transport endpoint is not connected - Inappropriate ioctl for device)
MPIR_Barrier_intra_dissemination(45)...: 
MPIC_Sendrecv(341).....................: 
MPIC_Wait(71)..........................: 
MPIR_Wait_impl(41).....................: 
MPID_Progress_wait(201)................: 
MPIDI_Progress_test(97)................: 
MPIDI_OFI_handle_cq_error(1310)........: OFI poll failed (ofi_events.c:1312:MPIDI_OFI_handle_cq_error:Transport endpoint is not connected - Inappropriate ioctl for device)
MPIR_Barrier_intra_dissemination(45)...: 
MPIC_Sendrecv(341).....................: 
MPIC_Wait(71)..........................: 
MPIR_Wait_impl(41).....................: 
MPID_Progress_wait(201)................: 
MPIDI_Progress_test(97)................: 
MPIDI_OFI_handle_cq_error(1310)........: OFI poll failed (ofi_events.c:1312:MPIDI_OFI_handle_cq_error:Transport endpoint is not connected - Inappropriate ioctl for device)
MPICH ERROR [Rank 155] [job id 16728352.0] [Sat Mar 14 17:11:19 2026] [nid005977] - Abort(822700687) (rank 155 in comm 0): Fatal error in PMPI_Finalize: Other MPI error, error stack:
PMPI_Finalize(214).....................: MPI_Finalize failed
PMPI_Finalize(161).....................: 
MPID_Finalize(718).....................: 
MPIDI_CRAY_ofi_gather_cxi_counters(729): 
MPIR_CRAY_Barrier(214).................: 
MPIR_Barrier_impl(165).................: 
MPIR_Barrier_intra_auto(109)...........: 
MPIR_Barrier_intra_dissemination(45)...: 
MPIC_Sendrecv(341).....................: 
MPIC_Wait(71)..........................: 
MPIR_Wait_impl(41).....................: 
MPID_Progress_wait(201)................: 
MPIDI_Progress_test(97)................: 
MPIDI_OFI_handle_cq_error(1310)........: OFI poll failed (ofi_events.c:1312:MPIDI_OFI_handle_cq_error:No route to host - No such file or directory)
MPIR_Barrier_intra_dissemination(45)...: 
MPIC_Sendrecv(341).....................: 
MPIC_Wait(71)..........................: 
MPIR_Wait_impl(41).....................: 
MPID_Progress_wait(201)................: 
MPIDI_Progress_test(97)................: 
MPIDI_OFI_handle_cq_error(1310)........: OFI poll failed (ofi_events.c:1312:MPIDI_OFI_handle_cq_error:Input/output error - Exchange full)
MPIR_Barrier_intra_dissemination(45)...: 
MPIC_Sendrecv(341).....................: 
MPIC_Wait(71)..........................: 
MPIR_Wait_impl(41).....................: 
MPID_Progress_wait(201)................: 
MPIDI_Progress_test(97)................: 
MPIDI_OFI_handle_cq_error(1310)........: OFI poll failed (ofi_events.c:1312:MPIDI_OFI_handle_cq_error:Transport endpoint is not connected - Inappropriate ioctl for device)

aborting job:
Fatal error in PMPI_Finalize: Other MPI error, error stack:
PMPI_Finalize(214).....................: MPI_Finalize failed
PMPI_Finalize(161).....................: 
MPID_Finalize(718).....................: 
MPIDI_CRAY_ofi_gather_cxi_counters(729): 
MPIR_CRAY_Barrier(214).................: 
MPIR_Barrier_impl(165).................: 
MPIR_Barrier_intra_auto(109)...........: 
MPIR_Barrier_intra_dissemination(45)...: 
MPIC_Sendrecv(341).....................: 
MPIC_Wait(71)..........................: 
MPIR_Wait_impl(41).....................: 
MPID_Progress_wait(201)................: 
MPIDI_Progress_test(97)................: 
MPIDI_OFI_handle_cq_error(1310)........: OFI poll failed (ofi_events.c:1312:MPIDI_OFI_handle_cq_error:No route to host - No such file or directory)
MPIR_Barrier_intra_dissemination(45)...: 
MPIC_Sendrecv(341).....................: 
MPIC_Wait(71)..........................: 
MPIR_Wait_impl(41).....................: 
MPID_Progress_wait(201)................: 
MPIDI_Progress_test(97)................: 
MPIDI_OFI_handle_cq_error(1310)........: OFI poll failed (ofi_events.c:1312:MPIDI_OFI_handle_cq_error:Input/output error - Exchange full)
MPIR_Barrier_intra_dissemination(45)...: 
MPIC_Sendrecv(341).....................: 
MPIC_Wait(71)..........................: 
MPIR_Wait_impl(41).....................: 
MPID_Progress_wait(201)................: 
MPIDI_Progress_test(97)................: 
MPIDI_OFI_handle_cq_error(1310)........: OFI poll failed (ofi_events.c:1312:MPIDI_OFI_handle_cq_error:Transport endpoint is not connected - Inappropriate ioctl for device)
srun: error: nid005977: tasks 154-155: Exited with exit code 255
MPICH ERROR [Rank 158] [job id 16728352.0] [Sat Mar 14 17:11:20 2026] [nid005977] - Abort(472529039) (rank 158 in comm 0): Fatal error in PMPI_Waitall: Other MPI error, error stack:
PMPI_Waitall(378)..............: MPI_Waitall(count=1022, req_array=0x1408e60, status_array=0x1) failed
MPIR_Waitall(167)..............: 
MPIR_Waitall_impl(51)..........: 
MPID_Progress_wait(201)........: 
MPIDI_Progress_test(97)........: 
MPIDI_OFI_handle_cq_error(1310): OFI poll failed (ofi_events.c:1312:MPIDI_OFI_handle_cq_error:No route to host - No such file or directory)

aborting job:
Fatal error in PMPI_Waitall: Other MPI error, error stack:
PMPI_Waitall(378)..............: MPI_Waitall(count=1022, req_array=0x1408e60, status_array=0x1) failed
MPIR_Waitall(167)..............: 
MPIR_Waitall_impl(51)..........: 
MPID_Progress_wait(201)........: 
MPIDI_Progress_test(97)........: 
MPIDI_OFI_handle_cq_error(1310): OFI poll failed (ofi_events.c:1312:MPIDI_OFI_handle_cq_error:No route to host - No such file or directory)
MPICH ERROR [Rank 372] [job id 16728352.0] [Sat Mar 14 17:11:20 2026] [nid007252] - Abort(815360655) (rank 372 in comm 0): Fatal error in PMPI_Finalize: Other MPI error, error stack:
PMPI_Finalize(214).....................: MPI_Finalize failed
PMPI_Finalize(161).....................: 
MPID_Finalize(718).....................: 
MPIDI_CRAY_ofi_gather_cxi_counters(729): 
MPIR_CRAY_Barrier(214).................: 
MPIR_Barrier_impl(165).................: 
MPIR_Barrier_intra_auto(109)...........: 
MPIR_Barrier_intra_dissemination(45)...: 
MPIC_Sendrecv(341).....................: 
MPIC_Wait(71)..........................: 
MPIR_Wait_impl(41).....................: 
MPID_Progress_wait(201)................: 
MPIDI_Progress_test(97)................: 
MPIDI_OFI_handle_cq_error(1310)........: OFI poll failed (ofi_events.c:1312:MPIDI_OFI_handle_cq_error:Transport endpoint is not connected - Inappropriate ioctl for device)

aborting job:
Fatal error in PMPI_Finalize: Other MPI error, error stack:
PMPI_Finalize(214).....................: MPI_Finalize failed
PMPI_Finalize(161).....................: 
MPID_Finalize(718).....................: 
MPIDI_CRAY_ofi_gather_cxi_counters(729): 
MPIR_CRAY_Barrier(214).................: 
MPIR_Barrier_impl(165).................: 
MPIR_Barrier_intra_auto(109)...........: 
MPIR_Barrier_intra_dissemination(45)...: 
MPIC_Sendrecv(341).....................: 
MPIC_Wait(71)..........................: 
MPIR_Wait_impl(41).....................: 
MPID_Progress_wait(201)................: 
MPIDI_Progress_test(97)................: 
MPIDI_OFI_handle_cq_error(1310)........: OFI poll failed (ofi_events.c:1312:MPIDI_OFI_handle_cq_error:Transport endpoint is not connected - Inappropriate ioctl for device)
srun: error: nid007528: tasks 433-439: Terminated
srun: error: nid007521: tasks 424-428,430-431: Terminated
MPICH ERROR [Rank 388] [job id 16728352.0] [Sat Mar 14 17:11:20 2026] [nid007314] - Abort(472529039) (rank 388 in comm 0): Fatal error in PMPI_Waitall: Other MPI error, error stack:
PMPI_Waitall(378)..............: MPI_Waitall(count=1022, req_array=0x1affc70, status_array=0x1) failed
MPIR_Waitall(167)..............: 
MPIR_Waitall_impl(51)..........: 
MPID_Progress_wait(201)........: 
MPIDI_Progress_test(97)........: 
MPIDI_OFI_handle_cq_error(1310): OFI poll failed (ofi_events.c:1312:MPIDI_OFI_handle_cq_error:No route to host - No such file or directory)

aborting job:
Fatal error in PMPI_Waitall: Other MPI error, error stack:
PMPI_Waitall(378)..............: MPI_Waitall(count=1022, req_array=0x1affc70, status_array=0x1) failed
MPIR_Waitall(167)..............: 
MPIR_Waitall_impl(51)..........: 
MPID_Progress_wait(201)........: 
MPIDI_Progress_test(97)........: 
MPIDI_OFI_handle_cq_error(1310): OFI poll failed (ofi_events.c:1312:MPIDI_OFI_handle_cq_error:No route to host - No such file or directory)
srun: error: nid007252: task 373: Exited with exit code 255
slurmstepd: error: Failed to destroy CXI Service ID 5 (cxi0): Device or resource busy
slurmstepd: error: Failed to destroy CXI Service ID 5 (cxi1): Device or resource busy
MPICH ERROR [Rank 149] [job id 16728352.0] [Sat Mar 14 17:11:20 2026] [nid005976] - Abort(819030671) (rank 149 in comm 0): Fatal error in PMPI_Finalize: Other MPI error, error stack:
PMPI_Finalize(214).....................: MPI_Finalize failed
PMPI_Finalize(161).....................: 
MPID_Finalize(718).....................: 
MPIDI_CRAY_ofi_gather_cxi_counters(729): 
MPIR_CRAY_Barrier(214).................: 
MPIR_Barrier_impl(165).................: 
MPIR_Barrier_intra_auto(109)...........: 
MPIR_Barrier_intra_dissemination(45)...: 
MPIC_Sendrecv(341).....................: 
MPIC_Wait(71)..........................: 
MPIR_Wait_impl(41).....................: 
MPID_Progress_wait(201)................: 
MPIDI_Progress_test(97)................: 
MPIDI_OFI_handle_cq_error(1310)........: OFI poll failed (ofi_events.c:1312:MPIDI_OFI_handle_cq_error:No route to host - No such file or directory)
MPIR_Barrier_intra_dissemination(45)...: 
MPIC_Sendrecv(341).....................: 
MPIC_Wait(71)..........................: 
MPIR_Wait_impl(41).....................: 
MPID_Progress_wait(201)................: 
MPIDI_Progress_test(97)................: 
MPIDI_OFI_handle_cq_error(1310)........: OFI poll failed (ofi_events.c:1312:MPIDI_OFI_handle_cq_error:Transport endpoint is not connected - Inappropriate ioctl for device)

aborting job:
Fatal error in PMPI_Finalize: Other MPI error, error stack:
PMPI_Finalize(214).....................: MPI_Finalize failed
PMPI_Finalize(161).....................: 
MPID_Finalize(718).....................: 
MPIDI_CRAY_ofi_gather_cxi_counters(729): 
MPIR_CRAY_Barrier(214).................: 
MPIR_Barrier_impl(165).................: 
MPIR_Barrier_intra_auto(109)...........: 
MPIR_Barrier_intra_dissemination(45)...: 
MPIC_Sendrecv(341).....................: 
MPIC_Wait(71)..........................: 
MPIR_Wait_impl(41).....................: 
MPID_Progress_wait(201)................: 
MPIDI_Progress_test(97)................: 
MPIDI_OFI_handle_cq_error(1310)........: OFI poll failed (ofi_events.c:1312:MPIDI_OFI_handle_cq_error:No route to host - No such file or directory)
MPIR_Barrier_intra_dissemination(45)...: 
MPIC_Sendrecv(341).....................: 
MPIC_Wait(71)..........................: 
MPIR_Wait_impl(41).....................: 
MPID_Progress_wait(201)................: 
MPIDI_Progress_test(97)................: 
MPIDI_OFI_handle_cq_error(1310)........: OFI poll failed (ofi_events.c:1312:MPIDI_OFI_handle_cq_error:Transport endpoint is not connected - Inappropriate ioctl for device)
MPICH ERROR [Rank 148] [job id 16728352.0] [Sat Mar 14 17:11:20 2026] [nid005976] - Abort(819030671) (rank 148 in comm 0): Fatal error in PMPI_Finalize: Other MPI error, error stack:
PMPI_Finalize(214).....................: MPI_Finalize failed
PMPI_Finalize(161).....................: 
MPID_Finalize(718).....................: 
MPIDI_CRAY_ofi_gather_cxi_counters(729): 
MPIR_CRAY_Barrier(214).................: 
MPIR_Barrier_impl(165).................: 
MPIR_Barrier_intra_auto(109)...........: 
MPIR_Barrier_intra_dissemination(45)...: 
MPIC_Sendrecv(341).....................: 
MPIC_Wait(71)..........................: 
MPIR_Wait_impl(41).....................: 
MPID_Progress_wait(201)................: 
MPIDI_Progress_test(97)................: 
MPIDI_OFI_handle_cq_error(1310)........: OFI poll failed (ofi_events.c:1312:MPIDI_OFI_handle_cq_error:Transport endpoint is not connected - Inappropriate ioctl for device)
MPIR_Barrier_intra_dissemination(45)...: 
MPIC_Sendrecv(341).....................: 
MPIC_Wait(71)..........................: 
MPIR_Wait_impl(41).....................: 
MPID_Progress_wait(201)................: 
MPIDI_Progress_test(97)................: 
MPIDI_OFI_handle_cq_error(1310)........: OFI poll failed (ofi_events.c:1312:MPIDI_OFI_handle_cq_error:Transport endpoint is not connected - Inappropriate ioctl for device)

aborting job:
Fatal error in PMPI_Finalize: Other MPI error, error stack:
PMPI_Finalize(214).....................: MPI_Finalize failed
PMPI_Finalize(161).....................: 
MPID_Finalize(718).....................: 
MPIDI_CRAY_ofi_gather_cxi_counters(729): 
MPIR_CRAY_Barrier(214).................: 
MPIR_Barrier_impl(165).................: 
MPIR_Barrier_intra_auto(109)...........: 
MPIR_Barrier_intra_dissemination(45)...: 
MPIC_Sendrecv(341).....................: 
MPIC_Wait(71)..........................: 
MPIR_Wait_impl(41).....................: 
MPID_Progress_wait(201)................: 
MPIDI_Progress_test(97)................: 
MPIDI_OFI_handle_cq_error(1310)........: OFI poll failed (ofi_events.c:1312:MPIDI_OFI_handle_cq_error:Transport endpoint is not connected - Inappropriate ioctl for device)
MPIR_Barrier_intra_dissemination(45)...: 
MPIC_Sendrecv(341).....................: 
MPIC_Wait(71)..........................: 
MPIR_Wait_impl(41).....................: 
MPID_Progress_wait(201)................: 
MPIDI_Progress_test(97)................: 
MPIDI_OFI_handle_cq_error(1310)........: OFI poll failed (ofi_events.c:1312:MPIDI_OFI_handle_cq_error:Transport endpoint is not connected - Inappropriate ioctl for device)
MPICH ERROR [Rank 403] [job id 16728352.0] [Sat Mar 14 17:11:20 2026] [nid007457] - Abort(136984719) (rank 403 in comm 0): Fatal error in PMPI_Waitall: Other MPI error, error stack:
PMPI_Waitall(378)..............: MPI_Waitall(count=1022, req_array=0x1fd1f10, status_array=0x1) failed
MPIR_Waitall(167)..............: 
MPIR_Waitall_impl(51)..........: 
MPID_Progress_wait(201)........: 
MPIDI_Progress_test(97)........: 
MPIDI_OFI_handle_cq_error(1310): OFI poll failed (ofi_events.c:1312:MPIDI_OFI_handle_cq_error:Transport endpoint is not connected - Inappropriate ioctl for device)

aborting job:
Fatal error in PMPI_Waitall: Other MPI error, error stack:
PMPI_Waitall(378)..............: MPI_Waitall(count=1022, req_array=0x1fd1f10, status_array=0x1) failed
MPIR_Waitall(167)..............: 
MPIR_Waitall_impl(51)..........: 
MPID_Progress_wait(201)........: 
MPIDI_Progress_test(97)........: 
MPIDI_OFI_handle_cq_error(1310): OFI poll failed (ofi_events.c:1312:MPIDI_OFI_handle_cq_error:Transport endpoint is not connected - Inappropriate ioctl for device)
slurmstepd: error: Failed to destroy CXI Service ID 5 (cxi1): Device or resource busy
MPICH ERROR [Rank 375] [job id 16728352.0] [Sat Mar 14 17:11:20 2026] [nid007252] - Abort(819030671) (rank 375 in comm 0): Fatal error in PMPI_Finalize: Other MPI error, error stack:
PMPI_Finalize(214).....................: MPI_Finalize failed
PMPI_Finalize(161).....................: 
MPID_Finalize(718).....................: 
MPIDI_CRAY_ofi_gather_cxi_counters(729): 
MPIR_CRAY_Barrier(214).................: 
MPIR_Barrier_impl(165).................: 
MPIR_Barrier_intra_auto(109)...........: 
MPIR_Barrier_intra_dissemination(45)...: 
MPIC_Sendrecv(341).....................: 
MPIC_Wait(71)..........................: 
MPIR_Wait_impl(41).....................: 
MPID_Progress_wait(201)................: 
MPIDI_Progress_test(97)................: 
MPIDI_OFI_handle_cq_error(1310)........: OFI poll failed (ofi_events.c:1312:MPIDI_OFI_handle_cq_error:No route to host - No such file or directory)
MPIR_Barrier_intra_dissemination(45)...: 
MPIC_Sendrecv(341).....................: 
MPIC_Wait(71)..........................: 
MPIR_Wait_impl(41).....................: 
MPID_Progress_wait(201)................: 
MPIDI_Progress_test(97)................: 
MPIDI_OFI_handle_cq_error(1310)........: OFI poll failed (ofi_events.c:1312:MPIDI_OFI_handle_cq_error:Transport endpoint is not connected - Inappropriate ioctl for device)

aborting job:
Fatal error in PMPI_Finalize: Other MPI error, error stack:
PMPI_Finalize(214).....................: MPI_Finalize failed
PMPI_Finalize(161).....................: 
MPID_Finalize(718).....................: 
MPIDI_CRAY_ofi_gather_cxi_counters(729): 
MPIR_CRAY_Barrier(214).................: 
MPIR_Barrier_impl(165).................: 
MPIR_Barrier_intra_auto(109)...........: 
MPIR_Barrier_intra_dissemination(45)...: 
MPIC_Sendrecv(341).....................: 
MPIC_Wait(71)..........................: 
MPIR_Wait_impl(41).....................: 
MPID_Progress_wait(201)................: 
MPIDI_Progress_test(97)................: 
MPIDI_OFI_handle_cq_error(1310)........: OFI poll failed (ofi_events.c:1312:MPIDI_OFI_handle_cq_error:No route to host - No such file or directory)
MPIR_Barrier_intra_dissemination(45)...: 
MPIC_Sendrecv(341).....................: 
MPIC_Wait(71)..........................: 
MPIR_Wait_impl(41).....................: 
MPID_Progress_wait(201)................: 
MPIDI_Progress_test(97)................: 
MPIDI_OFI_handle_cq_error(1310)........: OFI poll failed (ofi_events.c:1312:MPIDI_OFI_handle_cq_error:Transport endpoint is not connected - Inappropriate ioctl for device)
MPICH ERROR [Rank 374] [job id 16728352.0] [Sat Mar 14 17:11:20 2026] [nid007252] - Abort(136984719) (rank 374 in comm 0): Fatal error in PMPI_Waitall: Other MPI error, error stack:
PMPI_Waitall(378)..............: MPI_Waitall(count=1022, req_array=0x1408330, status_array=0x1) failed
MPIR_Waitall(167)..............: 
MPIR_Waitall_impl(51)..........: 
MPID_Progress_wait(201)........: 
MPIDI_Progress_test(97)........: 
MPIDI_OFI_handle_cq_error(1310): OFI poll failed (ofi_events.c:1312:MPIDI_OFI_handle_cq_error:Transport endpoint is not connected - Inappropriate ioctl for device)

aborting job:
Fatal error in PMPI_Waitall: Other MPI error, error stack:
PMPI_Waitall(378)..............: MPI_Waitall(count=1022, req_array=0x1408330, status_array=0x1) failed
MPIR_Waitall(167)..............: 
MPIR_Waitall_impl(51)..........: 
MPID_Progress_wait(201)........: 
MPIDI_Progress_test(97)........: 
MPIDI_OFI_handle_cq_error(1310): OFI poll failed (ofi_events.c:1312:MPIDI_OFI_handle_cq_error:Transport endpoint is not connected - Inappropriate ioctl for device)
MPICH ERROR [Rank 388] [job id 16728352.0] [Sat Mar 14 17:11:20 2026] [nid007314] - Abort(815360655) (rank 388 in comm 0): Fatal error in PMPI_Finalize: Other MPI error, error stack:
PMPI_Finalize(214).....................: MPI_Finalize failed
PMPI_Finalize(161).....................: 
MPID_Finalize(718).....................: 
MPIDI_CRAY_ofi_gather_cxi_counters(729): 
MPIR_CRAY_Barrier(214).................: 
MPIR_Barrier_impl(165).................: 
MPIR_Barrier_intra_auto(109)...........: 
MPIR_Barrier_intra_dissemination(45)...: 
MPIC_Sendrecv(341).....................: 
MPIC_Wait(71)..........................: 
MPIR_Wait_impl(41).....................: 
MPID_Progress_wait(201)................: 
MPIDI_Progress_test(97)................: 
MPIDI_OFI_handle_cq_error(1310)........: OFI poll failed (ofi_events.c:1312:MPIDI_OFI_handle_cq_error:No route to host - No such file or directory)

aborting job:
Fatal error in PMPI_Finalize: Other MPI error, error stack:
PMPI_Finalize(214).....................: MPI_Finalize failed
PMPI_Finalize(161).....................: 
MPID_Finalize(718).....................: 
MPIDI_CRAY_ofi_gather_cxi_counters(729): 
MPIR_CRAY_Barrier(214).................: 
MPIR_Barrier_impl(165).................: 
MPIR_Barrier_intra_auto(109)...........: 
MPIR_Barrier_intra_dissemination(45)...: 
MPIC_Sendrecv(341).....................: 
MPIC_Wait(71)..........................: 
MPIR_Wait_impl(41).....................: 
MPID_Progress_wait(201)................: 
MPIDI_Progress_test(97)................: 
MPIDI_OFI_handle_cq_error(1310)........: OFI poll failed (ofi_events.c:1312:MPIDI_OFI_handle_cq_error:No route to host - No such file or directory)
srun: error: nid006031: tasks 180-181: Exited with exit code 255
MPICH ERROR [Rank 370] [job id 16728352.0] [Sat Mar 14 17:11:20 2026] [nid007252] - Abort(815360655) (rank 370 in comm 0): Fatal error in PMPI_Finalize: Other MPI error, error stack:
PMPI_Finalize(214).....................: MPI_Finalize failed
PMPI_Finalize(161).....................: 
MPID_Finalize(718).....................: 
MPIDI_CRAY_ofi_gather_cxi_counters(729): 
MPIR_CRAY_Barrier(214).................: 
MPIR_Barrier_impl(165).................: 
MPIR_Barrier_intra_auto(109)...........: 
MPIR_Barrier_intra_dissemination(45)...: 
MPIC_Sendrecv(341).....................: 
MPIC_Wait(71)..........................: 
MPIR_Wait_impl(41).....................: 
MPID_Progress_wait(201)................: 
MPIDI_Progress_test(97)................: 
MPIDI_OFI_handle_cq_error(1310)........: OFI poll failed (ofi_events.c:1312:MPIDI_OFI_handle_cq_error:No route to host - No such file or directory)

aborting job:
Fatal error in PMPI_Finalize: Other MPI error, error stack:
PMPI_Finalize(214).....................: MPI_Finalize failed
PMPI_Finalize(161).....................: 
MPID_Finalize(718).....................: 
MPIDI_CRAY_ofi_gather_cxi_counters(729): 
MPIR_CRAY_Barrier(214).................: 
MPIR_Barrier_impl(165).................: 
MPIR_Barrier_intra_auto(109)...........: 
MPIR_Barrier_intra_dissemination(45)...: 
MPIC_Sendrecv(341).....................: 
MPIC_Wait(71)..........................: 
MPIR_Wait_impl(41).....................: 
MPID_Progress_wait(201)................: 
MPIDI_Progress_test(97)................: 
MPIDI_OFI_handle_cq_error(1310)........: OFI poll failed (ofi_events.c:1312:MPIDI_OFI_handle_cq_error:No route to host - No such file or directory)
MPICH ERROR [Rank 374] [job id 16728352.0] [Sat Mar 14 17:11:20 2026] [nid007252] - Abort(825322127) (rank 374 in comm 0): Fatal error in PMPI_Finalize: Other MPI error, error stack:
PMPI_Finalize(214)...................: MPI_Finalize failed
PMPI_Finalize(161)...................: 
MPID_Finalize(728)...................: 
MPIDI_OFI_mpi_finalize_hook(1032)....: 
MPIR_CRAY_Allreduce(815).............: 
MPIDI_Cray_shared_mem_coll_bcast(494): 
MPIDI_Progress_test(97)..............: 
MPIDI_OFI_handle_cq_error(1310)......: OFI poll failed (ofi_events.c:1312:MPIDI_OFI_handle_cq_error:Transport endpoint is not connected - Inappropriate ioctl for device)

aborting job:
Fatal error in PMPI_Finalize: Other MPI error, error stack:
PMPI_Finalize(214)...................: MPI_Finalize failed
PMPI_Finalize(161)...................: 
MPID_Finalize(728)...................: 
MPIDI_OFI_mpi_finalize_hook(1032)....: 
MPIR_CRAY_Allreduce(815).............: 
MPIDI_Cray_shared_mem_coll_bcast(494): 
MPIDI_Progress_test(97)..............: 
MPIDI_OFI_handle_cq_error(1310)......: OFI poll failed (ofi_events.c:1312:MPIDI_OFI_handle_cq_error:Transport endpoint is not connected - Inappropriate ioctl for device)
MPICH ERROR [Rank 444] [job id 16728352.0] [Sat Mar 14 17:11:20 2026] [nid007549] - Abort(822700687) (rank 444 in comm 0): Fatal error in PMPI_Finalize: Other MPI error, error stack:
PMPI_Finalize(214).....................: MPI_Finalize failed
PMPI_Finalize(161).....................: 
MPID_Finalize(718).....................: 
MPIDI_CRAY_ofi_gather_cxi_counters(729): 
MPIR_CRAY_Barrier(214).................: 
MPIR_Barrier_impl(165).................: 
MPIR_Barrier_intra_auto(109)...........: 
MPIR_Barrier_intra_dissemination(45)...: 
MPIC_Sendrecv(341).....................: 
MPIC_Wait(71)..........................: 
MPIR_Wait_impl(41).....................: 
MPID_Progress_wait(201)................: 
MPIDI_Progress_test(97)................: 
MPIDI_OFI_handle_cq_error(1310)........: OFI poll failed (ofi_events.c:1312:MPIDI_OFI_handle_cq_error:No route to host - No such file or directory)
MPIR_Barrier_intra_dissemination(45)...: 
MPIC_Sendrecv(341).....................: 
MPIC_Wait(71)..........................: 
MPIR_Wait_impl(41).....................: 
MPID_Progress_wait(201)................: 
MPIDI_Progress_test(97)................: 
MPIDI_OFI_handle_cq_error(1310)........: OFI poll failed (ofi_events.c:1312:MPIDI_OFI_handle_cq_error:Transport endpoint is not connected - Inappropriate ioctl for device)
MPIR_Barrier_intra_dissemination(45)...: 
MPIC_Sendrecv(341).....................: 
MPIC_Wait(71)..........................: 
MPIR_Wait_impl(41).....................: 
MPID_Progress_wait(201)................: 
MPIDI_Progress_test(97)................: 
MPIDI_OFI_handle_cq_error(1310)........: OFI poll failed (ofi_events.c:1312:MPIDI_OFI_handle_cq_error:Transport endpoint is not connected - Inappropriate ioctl for device)

aborting job:
Fatal error in PMPI_Finalize: Other MPI error, error stack:
PMPI_Finalize(214).....................: MPI_Finalize failed
PMPI_Finalize(161).....................: 
MPID_Finalize(718).....................: 
MPIDI_CRAY_ofi_gather_cxi_counters(729): 
MPIR_CRAY_Barrier(214).................: 
MPIR_Barrier_impl(165).................: 
MPIR_Barrier_intra_auto(109)...........: 
MPIR_Barrier_intra_dissemination(45)...: 
MPIC_Sendrecv(341).....................: 
MPIC_Wait(71)..........................: 
MPIR_Wait_impl(41).....................: 
MPID_Progress_wait(201)................: 
MPIDI_Progress_test(97)................: 
MPIDI_OFI_handle_cq_error(1310)........: OFI poll failed (ofi_events.c:1312:MPIDI_OFI_handle_cq_error:No route to host - No such file or directory)
MPIR_Barrier_intra_dissemination(45)...: 
MPIC_Sendrecv(341).....................: 
MPIC_Wait(71)..........................: 
MPIR_Wait_impl(41).....................: 
MPID_Progress_wait(201)................: 
MPIDI_Progress_test(97)................: 
MPIDI_OFI_handle_cq_error(1310)........: OFI poll failed (ofi_events.c:1312:MPIDI_OFI_handle_cq_error:Transport endpoint is not connected - Inappropriate ioctl for device)
MPIR_Barrier_intra_dissemination(45)...: 
MPIC_Sendrecv(341).....................: 
MPIC_Wait(71)..........................: 
MPIR_Wait_impl(41).....................: 
MPID_Progress_wait(201)................: 
MPIDI_Progress_test(97)................: 
MPIDI_OFI_handle_cq_error(1310)........: OFI poll failed (ofi_events.c:1312:MPIDI_OFI_handle_cq_error:Transport endpoint is not connected - Inappropriate ioctl for device)
MPICH ERROR [Rank 445] [job id 16728352.0] [Sat Mar 14 17:11:20 2026] [nid007549] - Abort(271202447) (rank 445 in comm 0): Fatal error in PMPI_Waitall: Other MPI error, error stack:
PMPI_Waitall(378)..............: MPI_Waitall(count=1022, req_array=0x1dbf800, status_array=0x1) failed
MPIR_Waitall(167)..............: 
MPIR_Waitall_impl(51)..........: 
MPID_Progress_wait(201)........: 
MPIDI_Progress_test(97)........: 
MPIDI_OFI_handle_cq_error(1310): OFI poll failed (ofi_events.c:1312:MPIDI_OFI_handle_cq_error:Transport endpoint is not connected - Inappropriate ioctl for device)

aborting job:
Fatal error in PMPI_Waitall: Other MPI error, error stack:
PMPI_Waitall(378)..............: MPI_Waitall(count=1022, req_array=0x1dbf800, status_array=0x1) failed
MPIR_Waitall(167)..............: 
MPIR_Waitall_impl(51)..........: 
MPID_Progress_wait(201)........: 
MPIDI_Progress_test(97)........: 
MPIDI_OFI_handle_cq_error(1310): OFI poll failed (ofi_events.c:1312:MPIDI_OFI_handle_cq_error:Transport endpoint is not connected - Inappropriate ioctl for device)
srun: error: nid007457: task 405: Exited with exit code 255
MPICH ERROR [Rank 404] [job id 16728352.0] [Sat Mar 14 17:11:20 2026] [nid007457] - Abort(136984719) (rank 404 in comm 0): Fatal error in PMPI_Waitall: Other MPI error, error stack:
PMPI_Waitall(378)..............: MPI_Waitall(count=1022, req_array=0x1bac9c0, status_array=0x1) failed
MPIR_Waitall(167)..............: 
MPIR_Waitall_impl(51)..........: 
MPID_Progress_wait(201)........: 
MPIDI_Progress_test(97)........: 
MPIDI_OFI_handle_cq_error(1310): OFI poll failed (ofi_events.c:1312:MPIDI_OFI_handle_cq_error:Transport endpoint is not connected - Inappropriate ioctl for device)

aborting job:
Fatal error in PMPI_Waitall: Other MPI error, error stack:
PMPI_Waitall(378)..............: MPI_Waitall(count=1022, req_array=0x1bac9c0, status_array=0x1) failed
MPIR_Waitall(167)..............: 
MPIR_Waitall_impl(51)..........: 
MPID_Progress_wait(201)........: 
MPIDI_Progress_test(97)........: 
MPIDI_OFI_handle_cq_error(1310): OFI poll failed (ofi_events.c:1312:MPIDI_OFI_handle_cq_error:Transport endpoint is not connected - Inappropriate ioctl for device)
MPICH ERROR [Rank 445] [job id 16728352.0] [Sat Mar 14 17:11:20 2026] [nid007549] - Abort(819030671) (rank 445 in comm 0): Fatal error in PMPI_Finalize: Other MPI error, error stack:
PMPI_Finalize(214).....................: MPI_Finalize failed
PMPI_Finalize(161).....................: 
MPID_Finalize(718).....................: 
MPIDI_CRAY_ofi_gather_cxi_counters(729): 
MPIR_CRAY_Barrier(214).................: 
MPIR_Barrier_impl(165).................: 
MPIR_Barrier_intra_auto(109)...........: 
MPIR_Barrier_intra_dissemination(45)...: 
MPIC_Sendrecv(341).....................: 
MPIC_Wait(71)..........................: 
MPIR_Wait_impl(41).....................: 
MPID_Progress_wait(201)................: 
MPIDI_Progress_test(97)................: 
MPIDI_OFI_handle_cq_error(1310)........: OFI poll failed (ofi_events.c:1312:MPIDI_OFI_handle_cq_error:Input/output error - Exchange full)
MPIR_Barrier_intra_dissemination(45)...: 
MPIC_Sendrecv(341).....................: 
MPIC_Wait(71)..........................: 
MPIR_Wait_impl(41).....................: 
MPID_Progress_wait(201)................: 
MPIDI_Progress_test(97)................: 
MPIDI_OFI_handle_cq_error(1310)........: OFI poll failed (ofi_events.c:1312:MPIDI_OFI_handle_cq_error:Transport endpoint is not connected - Inappropriate ioctl for device)

aborting job:
Fatal error in PMPI_Finalize: Other MPI error, error stack:
PMPI_Finalize(214).....................: MPI_Finalize failed
PMPI_Finalize(161).....................: 
MPID_Finalize(718).....................: 
MPIDI_CRAY_ofi_gather_cxi_counters(729): 
MPIR_CRAY_Barrier(214).................: 
MPIR_Barrier_impl(165).................: 
MPIR_Barrier_intra_auto(109)...........: 
MPIR_Barrier_intra_dissemination(45)...: 
MPIC_Sendrecv(341).....................: 
MPIC_Wait(71)..........................: 
MPIR_Wait_impl(41).....................: 
MPID_Progress_wait(201)................: 
MPIDI_Progress_test(97)................: 
MPIDI_OFI_handle_cq_error(1310)........: OFI poll failed (ofi_events.c:1312:MPIDI_OFI_handle_cq_error:Input/output error - Exchange full)
MPIR_Barrier_intra_dissemination(45)...: 
MPIC_Sendrecv(341).....................: 
MPIC_Wait(71)..........................: 
MPIR_Wait_impl(41).....................: 
MPID_Progress_wait(201)................: 
MPIDI_Progress_test(97)................: 
MPIDI_OFI_handle_cq_error(1310)........: OFI poll failed (ofi_events.c:1312:MPIDI_OFI_handle_cq_error:Transport endpoint is not connected - Inappropriate ioctl for device)
MPICH ERROR [Rank 387] [job id 16728352.0] [Sat Mar 14 17:11:20 2026] [nid007314] - Abort(69875855) (rank 387 in comm 0): Fatal error in PMPI_Waitall: Other MPI error, error stack:
PMPI_Waitall(378)..............: MPI_Waitall(count=1022, req_array=0x1492990, status_array=0x1) failed
MPIR_Waitall(167)..............: 
MPIR_Waitall_impl(51)..........: 
MPID_Progress_wait(201)........: 
MPIDI_Progress_test(97)........: 
MPIDI_OFI_handle_cq_error(1310): OFI poll failed (ofi_events.c:1312:MPIDI_OFI_handle_cq_error:No route to host - No such file or directory)

aborting job:
Fatal error in PMPI_Waitall: Other MPI error, error stack:
PMPI_Waitall(378)..............: MPI_Waitall(count=1022, req_array=0x1492990, status_array=0x1) failed
MPIR_Waitall(167)..............: 
MPIR_Waitall_impl(51)..........: 
MPID_Progress_wait(201)........: 
MPIDI_Progress_test(97)........: 
MPIDI_OFI_handle_cq_error(1310): OFI poll failed (ofi_events.c:1312:MPIDI_OFI_handle_cq_error:No route to host - No such file or directory)
srun: error: nid007308: task 383: Exited with exit code 255
srun: error: nid005137: tasks 10-11: Exited with exit code 255
MPICH ERROR [Rank 404] [job id 16728352.0] [Sat Mar 14 17:11:20 2026] [nid007457] - Abort(820079247) (rank 404 in comm 0): Fatal error in PMPI_Finalize: Other MPI error, error stack:
PMPI_Finalize(214)...................: MPI_Finalize failed
PMPI_Finalize(161)...................: 
MPID_Finalize(728)...................: 
MPIDI_OFI_mpi_finalize_hook(1032)....: 
MPIR_CRAY_Allreduce(815).............: 
MPIDI_Cray_shared_mem_coll_bcast(440): 
MPIDI_Progress_test(97)..............: 
MPIDI_OFI_handle_cq_error(1310)......: OFI poll failed (ofi_events.c:1312:MPIDI_OFI_handle_cq_error:Transport endpoint is not connected - Inappropriate ioctl for device)

aborting job:
Fatal error in PMPI_Finalize: Other MPI error, error stack:
PMPI_Finalize(214)...................: MPI_Finalize failed
PMPI_Finalize(161)...................: 
MPID_Finalize(728)...................: 
MPIDI_OFI_mpi_finalize_hook(1032)....: 
MPIR_CRAY_Allreduce(815).............: 
MPIDI_Cray_shared_mem_coll_bcast(440): 
MPIDI_Progress_test(97)..............: 
MPIDI_OFI_handle_cq_error(1310)......: OFI poll failed (ofi_events.c:1312:MPIDI_OFI_handle_cq_error:Transport endpoint is not connected - Inappropriate ioctl for device)
slurmstepd: error: Failed to destroy CXI Service ID 5 (cxi0): Device or resource busy
MPICH ERROR [Rank 369] [job id 16728352.0] [Sat Mar 14 17:11:20 2026] [nid007252] - Abort(825322127) (rank 369 in comm 0): Fatal error in PMPI_Finalize: Other MPI error, error stack:
PMPI_Finalize(214)...................: MPI_Finalize failed
PMPI_Finalize(161)...................: 
MPID_Finalize(728)...................: 
MPIDI_OFI_mpi_finalize_hook(1032)....: 
MPIR_CRAY_Allreduce(815).............: 
MPIDI_Cray_shared_mem_coll_bcast(494): 
MPIDI_Progress_test(97)..............: 
MPIDI_OFI_handle_cq_error(1310)......: OFI poll failed (ofi_events.c:1312:MPIDI_OFI_handle_cq_error:Transport endpoint is not connected - Inappropriate ioctl for device)

aborting job:
Fatal error in PMPI_Finalize: Other MPI error, error stack:
PMPI_Finalize(214)...................: MPI_Finalize failed
PMPI_Finalize(161)...................: 
MPID_Finalize(728)...................: 
MPIDI_OFI_mpi_finalize_hook(1032)....: 
MPIR_CRAY_Allreduce(815).............: 
MPIDI_Cray_shared_mem_coll_bcast(494): 
MPIDI_Progress_test(97)..............: 
MPIDI_OFI_handle_cq_error(1310)......: OFI poll failed (ofi_events.c:1312:MPIDI_OFI_handle_cq_error:Transport endpoint is not connected - Inappropriate ioctl for device)
slurmstepd: error: Failed to destroy CXI Service ID 5 (cxi2): Device or resource busy
srun: error: nid007252: tasks 368,372: Exited with exit code 255
slurmstepd: error: Failed to destroy CXI Service ID 5 (cxi0): Device or resource busy
slurmstepd: error: Failed to destroy CXI Service ID 5 (cxi2): Device or resource busy
MPICH ERROR [Rank 402] [job id 16728352.0] [Sat Mar 14 17:11:20 2026] [nid007457] - Abort(825322127) (rank 402 in comm 0): Fatal error in PMPI_Finalize: Other MPI error, error stack:
PMPI_Finalize(214)...................: MPI_Finalize failed
PMPI_Finalize(161)...................: 
MPID_Finalize(728)...................: 
MPIDI_OFI_mpi_finalize_hook(1032)....: 
MPIR_CRAY_Allreduce(815).............: 
MPIDI_Cray_shared_mem_coll_bcast(494): 
MPIDI_Progress_test(97)..............: 
MPIDI_OFI_handle_cq_error(1310)......: OFI poll failed (ofi_events.c:1312:MPIDI_OFI_handle_cq_error:Transport endpoint is not connected - Inappropriate ioctl for device)

aborting job:
Fatal error in PMPI_Finalize: Other MPI error, error stack:
PMPI_Finalize(214)...................: MPI_Finalize failed
PMPI_Finalize(161)...................: 
MPID_Finalize(728)...................: 
MPIDI_OFI_mpi_finalize_hook(1032)....: 
MPIR_CRAY_Allreduce(815).............: 
MPIDI_Cray_shared_mem_coll_bcast(494): 
MPIDI_Progress_test(97)..............: 
MPIDI_OFI_handle_cq_error(1310)......: OFI poll failed (ofi_events.c:1312:MPIDI_OFI_handle_cq_error:Transport endpoint is not connected - Inappropriate ioctl for device)
slurmstepd: error: Failed to destroy CXI Service ID 5 (cxi3): Device or resource busy
slurmstepd: error: Failed to destroy CXI Service ID 5 (cxi2): Device or resource busy
slurmstepd: error: Failed to destroy CXI Service ID 5 (cxi2): Device or resource busy
MPICH ERROR [Rank 389] [job id 16728352.0] [Sat Mar 14 17:11:20 2026] [nid007314] - Abort(338311311) (rank 389 in comm 0): Fatal error in PMPI_Waitall: Other MPI error, error stack:
PMPI_Waitall(378)..............: MPI_Waitall(count=1022, req_array=0x1a46ee0, status_array=0x1) failed
MPIR_Waitall(167)..............: 
MPIR_Waitall_impl(51)..........: 
MPID_Progress_wait(201)........: 
MPIDI_Progress_test(97)........: 
MPIDI_OFI_handle_cq_error(1310): OFI poll failed (ofi_events.c:1312:MPIDI_OFI_handle_cq_error:Transport endpoint is not connected - Inappropriate ioctl for device)

aborting job:
Fatal error in PMPI_Waitall: Other MPI error, error stack:
PMPI_Waitall(378)..............: MPI_Waitall(count=1022, req_array=0x1a46ee0, status_array=0x1) failed
MPIR_Waitall(167)..............: 
MPIR_Waitall_impl(51)..........: 
MPID_Progress_wait(201)........: 
MPIDI_Progress_test(97)........: 
MPIDI_OFI_handle_cq_error(1310): OFI poll failed (ofi_events.c:1312:MPIDI_OFI_handle_cq_error:Transport endpoint is not connected - Inappropriate ioctl for device)
MPICH ERROR [Rank 151] [job id 16728352.0] [Sat Mar 14 17:11:20 2026] [nid005976] - Abort(819030671) (rank 151 in comm 0): Fatal error in PMPI_Finalize: Other MPI error, error stack:
PMPI_Finalize(214).....................: MPI_Finalize failed
PMPI_Finalize(161).....................: 
MPID_Finalize(718).....................: 
MPIDI_CRAY_ofi_gather_cxi_counters(729): 
MPIR_CRAY_Barrier(214).................: 
MPIR_Barrier_impl(165).................: 
MPIR_Barrier_intra_auto(109)...........: 
MPIR_Barrier_intra_dissemination(45)...: 
MPIC_Sendrecv(341).....................: 
MPIC_Wait(71)..........................: 
MPIR_Wait_impl(41).....................: 
MPID_Progress_wait(201)................: 
MPIDI_Progress_test(97)................: 
MPIDI_OFI_handle_cq_error(1310)........: OFI poll failed (ofi_events.c:1312:MPIDI_OFI_handle_cq_error:No route to host - No such file or directory)
MPIR_Barrier_intra_dissemination(45)...: 
MPIC_Sendrecv(341).....................: 
MPIC_Wait(71)..........................: 
MPIR_Wait_impl(41).....................: 
MPID_Progress_wait(201)................: 
MPIDI_Progress_test(97)................: 
MPIDI_OFI_handle_cq_error(1310)........: OFI poll failed (ofi_events.c:1312:MPIDI_OFI_handle_cq_error:Transport endpoint is not connected - Inappropriate ioctl for device)

aborting job:
Fatal error in PMPI_Finalize: Other MPI error, error stack:
PMPI_Finalize(214).....................: MPI_Finalize failed
PMPI_Finalize(161).....................: 
MPID_Finalize(718).....................: 
MPIDI_CRAY_ofi_gather_cxi_counters(729): 
MPIR_CRAY_Barrier(214).................: 
MPIR_Barrier_impl(165).................: 
MPIR_Barrier_intra_auto(109)...........: 
MPIR_Barrier_intra_dissemination(45)...: 
MPIC_Sendrecv(341).....................: 
MPIC_Wait(71)..........................: 
MPIR_Wait_impl(41).....................: 
MPID_Progress_wait(201)................: 
MPIDI_Progress_test(97)................: 
MPIDI_OFI_handle_cq_error(1310)........: OFI poll failed (ofi_events.c:1312:MPIDI_OFI_handle_cq_error:No route to host - No such file or directory)
MPIR_Barrier_intra_dissemination(45)...: 
MPIC_Sendrecv(341).....................: 
MPIC_Wait(71)..........................: 
MPIR_Wait_impl(41).....................: 
MPID_Progress_wait(201)................: 
MPIDI_Progress_test(97)................: 
MPIDI_OFI_handle_cq_error(1310)........: OFI poll failed (ofi_events.c:1312:MPIDI_OFI_handle_cq_error:Transport endpoint is not connected - Inappropriate ioctl for device)
MPICH ERROR [Rank 150] [job id 16728352.0] [Sat Mar 14 17:11:20 2026] [nid005976] - Abort(69875855) (rank 150 in comm 0): Fatal error in PMPI_Waitall: Other MPI error, error stack:
PMPI_Waitall(378)..............: MPI_Waitall(count=1022, req_array=0x1e15c30, status_array=0x1) failed
MPIR_Waitall(167)..............: 
MPIR_Waitall_impl(51)..........: 
MPID_Progress_wait(201)........: 
MPIDI_Progress_test(97)........: 
MPIDI_OFI_handle_cq_error(1310): OFI poll failed (ofi_events.c:1312:MPIDI_OFI_handle_cq_error:Transport endpoint is not connected - Inappropriate ioctl for device)

aborting job:
Fatal error in PMPI_Waitall: Other MPI error, error stack:
PMPI_Waitall(378)..............: MPI_Waitall(count=1022, req_array=0x1e15c30, status_array=0x1) failed
MPIR_Waitall(167)..............: 
MPIR_Waitall_impl(51)..........: 
MPID_Progress_wait(201)........: 
MPIDI_Progress_test(97)........: 
MPIDI_OFI_handle_cq_error(1310): OFI poll failed (ofi_events.c:1312:MPIDI_OFI_handle_cq_error:Transport endpoint is not connected - Inappropriate ioctl for device)
srun: error: nid007552: tasks 464-471: Terminated
MPICH ERROR [Rank 403] [job id 16728352.0] [Sat Mar 14 17:11:20 2026] [nid007457] - Abort(821652111) (rank 403 in comm 0): Fatal error in PMPI_Finalize: Other MPI error, error stack:
PMPI_Finalize(214)...................: MPI_Finalize failed
PMPI_Finalize(161)...................: 
MPID_Finalize(728)...................: 
MPIDI_OFI_mpi_finalize_hook(1032)....: 
MPIR_CRAY_Allreduce(815).............: 
MPIDI_Cray_shared_mem_coll_bcast(494): 
MPIDI_Progress_test(97)..............: 
MPIDI_OFI_handle_cq_error(1310)......: OFI poll failed (ofi_events.c:1312:MPIDI_OFI_handle_cq_error:Transport endpoint is not connected - Inappropriate ioctl for device)

aborting job:
Fatal error in PMPI_Finalize: Other MPI error, error stack:
PMPI_Finalize(214)...................: MPI_Finalize failed
PMPI_Finalize(161)...................: 
MPID_Finalize(728)...................: 
MPIDI_OFI_mpi_finalize_hook(1032)....: 
MPIR_CRAY_Allreduce(815).............: 
MPIDI_Cray_shared_mem_coll_bcast(494): 
MPIDI_Progress_test(97)..............: 
MPIDI_OFI_handle_cq_error(1310)......: OFI poll failed (ofi_events.c:1312:MPIDI_OFI_handle_cq_error:Transport endpoint is not connected - Inappropriate ioctl for device)
MPICH ERROR [Rank 12] [job id 16728352.0] [Sat Mar 14 17:11:20 2026] [nid005137] - Abort(271202447) (rank 12 in comm 0): Fatal error in PMPI_Waitall: Other MPI error, error stack:
PMPI_Waitall(378)..............: MPI_Waitall(count=1022, req_array=0x18ac7a0, status_array=0x1) failed
MPIR_Waitall(167)..............: 
MPIR_Waitall_impl(51)..........: 
MPID_Progress_wait(201)........: 
MPIDI_Progress_test(97)........: 
MPIDI_OFI_handle_cq_error(1310): OFI poll failed (ofi_events.c:1312:MPIDI_OFI_handle_cq_error:No route to host - No such file or directory)

aborting job:
Fatal error in PMPI_Waitall: Other MPI error, error stack:
PMPI_Waitall(378)..............: MPI_Waitall(count=1022, req_array=0x18ac7a0, status_array=0x1) failed
MPIR_Waitall(167)..............: 
MPIR_Waitall_impl(51)..........: 
MPID_Progress_wait(201)........: 
MPIDI_Progress_test(97)........: 
MPIDI_OFI_handle_cq_error(1310): OFI poll failed (ofi_events.c:1312:MPIDI_OFI_handle_cq_error:No route to host - No such file or directory)
MPICH ERROR [Rank 159] [job id 16728352.0] [Sat Mar 14 17:11:20 2026] [nid005977] - Abort(673855631) (rank 159 in comm 0): Fatal error in PMPI_Waitall: Other MPI error, error stack:
PMPI_Waitall(378)..............: MPI_Waitall(count=1022, req_array=0x198c5a0, status_array=0x1) failed
MPIR_Waitall(167)..............: 
MPIR_Waitall_impl(51)..........: 
MPID_Progress_wait(201)........: 
MPIDI_Progress_test(97)........: 
MPIDI_OFI_handle_cq_error(1310): OFI poll failed (ofi_events.c:1312:MPIDI_OFI_handle_cq_error:Transport endpoint is not connected - Inappropriate ioctl for device)

aborting job:
Fatal error in PMPI_Waitall: Other MPI error, error stack:
PMPI_Waitall(378)..............: MPI_Waitall(count=1022, req_array=0x198c5a0, status_array=0x1) failed
MPIR_Waitall(167)..............: 
MPIR_Waitall_impl(51)..........: 
MPID_Progress_wait(201)........: 
MPIDI_Progress_test(97)........: 
MPIDI_OFI_handle_cq_error(1310): OFI poll failed (ofi_events.c:1312:MPIDI_OFI_handle_cq_error:Transport endpoint is not connected - Inappropriate ioctl for device)
srun: error: nid005976: tasks 148-149: Exited with exit code 255
MPICH ERROR [Rank 150] [job id 16728352.0] [Sat Mar 14 17:11:20 2026] [nid005976] - Abort(815360655) (rank 150 in comm 0): Fatal error in PMPI_Finalize: Other MPI error, error stack:
PMPI_Finalize(214).....................: MPI_Finalize failed
PMPI_Finalize(161).....................: 
MPID_Finalize(718).....................: 
MPIDI_CRAY_ofi_gather_cxi_counters(729): 
MPIR_CRAY_Barrier(214).................: 
MPIR_Barrier_impl(165).................: 
MPIR_Barrier_intra_auto(109)...........: 
MPIR_Barrier_intra_dissemination(45)...: 
MPIC_Sendrecv(341).....................: 
MPIC_Wait(71)..........................: 
MPIR_Wait_impl(41).....................: 
MPID_Progress_wait(201)................: 
MPIDI_Progress_test(97)................: 
MPIDI_OFI_handle_cq_error(1310)........: OFI poll failed (ofi_events.c:1312:MPIDI_OFI_handle_cq_error:No route to host - No such file or directory)

aborting job:
Fatal error in PMPI_Finalize: Other MPI error, error stack:
PMPI_Finalize(214).....................: MPI_Finalize failed
PMPI_Finalize(161).....................: 
MPID_Finalize(718).....................: 
MPIDI_CRAY_ofi_gather_cxi_counters(729): 
MPIR_CRAY_Barrier(214).................: 
MPIR_Barrier_impl(165).................: 
MPIR_Barrier_intra_auto(109)...........: 
MPIR_Barrier_intra_dissemination(45)...: 
MPIC_Sendrecv(341).....................: 
MPIC_Wait(71)..........................: 
MPIR_Wait_impl(41).....................: 
MPID_Progress_wait(201)................: 
MPIDI_Progress_test(97)................: 
MPIDI_OFI_handle_cq_error(1310)........: OFI poll failed (ofi_events.c:1312:MPIDI_OFI_handle_cq_error:No route to host - No such file or directory)
MPICH ERROR [Rank 13] [job id 16728352.0] [Sat Mar 14 17:11:20 2026] [nid005137] - Abort(819030671) (rank 13 in comm 0): Fatal error in PMPI_Finalize: Other MPI error, error stack:
PMPI_Finalize(214).....................: MPI_Finalize failed
PMPI_Finalize(161).....................: 
MPID_Finalize(718).....................: 
MPIDI_CRAY_ofi_gather_cxi_counters(729): 
MPIR_CRAY_Barrier(214).................: 
MPIR_Barrier_impl(165).................: 
MPIR_Barrier_intra_auto(109)...........: 
MPIR_Barrier_intra_dissemination(45)...: 
MPIC_Sendrecv(341).....................: 
MPIC_Wait(71)..........................: 
MPIR_Wait_impl(41).....................: 
MPID_Progress_wait(201)................: 
MPIDI_Progress_test(97)................: 
MPIDI_OFI_handle_cq_error(1310)........: OFI poll failed (ofi_events.c:1312:MPIDI_OFI_handle_cq_error:No route to host - No such file or directory)
MPIR_Barrier_intra_dissemination(45)...: 
MPIC_Sendrecv(341).....................: 
MPIC_Wait(71)..........................: 
MPIR_Wait_impl(41).....................: 
MPID_Progress_wait(201)................: 
MPIDI_Progress_test(97)................: 
MPIDI_OFI_handle_cq_error(1310)........: OFI poll failed (ofi_events.c:1312:MPIDI_OFI_handle_cq_error:Transport endpoint is not connected - Inappropriate ioctl for device)

aborting job:
Fatal error in PMPI_Finalize: Other MPI error, error stack:
PMPI_Finalize(214).....................: MPI_Finalize failed
PMPI_Finalize(161).....................: 
MPID_Finalize(718).....................: 
MPIDI_CRAY_ofi_gather_cxi_counters(729): 
MPIR_CRAY_Barrier(214).................: 
MPIR_Barrier_impl(165).................: 
MPIR_Barrier_intra_auto(109)...........: 
MPIR_Barrier_intra_dissemination(45)...: 
MPIC_Sendrecv(341).....................: 
MPIC_Wait(71)..........................: 
MPIR_Wait_impl(41).....................: 
MPID_Progress_wait(201)................: 
MPIDI_Progress_test(97)................: 
MPIDI_OFI_handle_cq_error(1310)........: OFI poll failed (ofi_events.c:1312:MPIDI_OFI_handle_cq_error:No route to host - No such file or directory)
MPIR_Barrier_intra_dissemination(45)...: 
MPIC_Sendrecv(341).....................: 
MPIC_Wait(71)..........................: 
MPIR_Wait_impl(41).....................: 
MPID_Progress_wait(201)................: 
MPIDI_Progress_test(97)................: 
MPIDI_OFI_handle_cq_error(1310)........: OFI poll failed (ofi_events.c:1312:MPIDI_OFI_handle_cq_error:Transport endpoint is not connected - Inappropriate ioctl for device)
MPICH ERROR [Rank 159] [job id 16728352.0] [Sat Mar 14 17:11:20 2026] [nid005977] - Abort(815360655) (rank 159 in comm 0): Fatal error in PMPI_Finalize: Other MPI error, error stack:
PMPI_Finalize(214).....................: MPI_Finalize failed
PMPI_Finalize(161).....................: 
MPID_Finalize(718).....................: 
MPIDI_CRAY_ofi_gather_cxi_counters(729): 
MPIR_CRAY_Barrier(214).................: 
MPIR_Barrier_impl(165).................: 
MPIR_Barrier_intra_auto(109)...........: 
MPIR_Barrier_intra_dissemination(45)...: 
MPIC_Sendrecv(341).....................: 
MPIC_Wait(71)..........................: 
MPIR_Wait_impl(41).....................: 
MPID_Progress_wait(201)................: 
MPIDI_Progress_test(97)................: 
MPIDI_OFI_handle_cq_error(1310)........: OFI poll failed (ofi_events.c:1312:MPIDI_OFI_handle_cq_error:No route to host - No such file or directory)

aborting job:
Fatal error in PMPI_Finalize: Other MPI error, error stack:
PMPI_Finalize(214).....................: MPI_Finalize failed
PMPI_Finalize(161).....................: 
MPID_Finalize(718).....................: 
MPIDI_CRAY_ofi_gather_cxi_counters(729): 
MPIR_CRAY_Barrier(214).................: 
MPIR_Barrier_impl(165).................: 
MPIR_Barrier_intra_auto(109)...........: 
MPIR_Barrier_intra_dissemination(45)...: 
MPIC_Sendrecv(341).....................: 
MPIC_Wait(71)..........................: 
MPIR_Wait_impl(41).....................: 
MPID_Progress_wait(201)................: 
MPIDI_Progress_test(97)................: 
MPIDI_OFI_handle_cq_error(1310)........: OFI poll failed (ofi_events.c:1312:MPIDI_OFI_handle_cq_error:No route to host - No such file or directory)
MPICH ERROR [Rank 9] [job id 16728352.0] [Sat Mar 14 17:11:20 2026] [nid005137] - Abort(1009399951) (rank 9 in comm 0): Fatal error in PMPI_Waitall: Other MPI error, error stack:
PMPI_Waitall(378)..............: MPI_Waitall(count=1022, req_array=0x1cb53b0, status_array=0x1) failed
MPIR_Waitall(167)..............: 
MPIR_Waitall_impl(51)..........: 
MPID_Progress_wait(201)........: 
MPIDI_Progress_test(97)........: 
MPIDI_OFI_handle_cq_error(1310): OFI poll failed (ofi_events.c:1312:MPIDI_OFI_handle_cq_error:No route to host - No such file or directory)

aborting job:
Fatal error in PMPI_Waitall: Other MPI error, error stack:
PMPI_Waitall(378)..............: MPI_Waitall(count=1022, req_array=0x1cb53b0, status_array=0x1) failed
MPIR_Waitall(167)..............: 
MPIR_Waitall_impl(51)..........: 
MPID_Progress_wait(201)........: 
MPIDI_Progress_test(97)........: 
MPIDI_OFI_handle_cq_error(1310): OFI poll failed (ofi_events.c:1312:MPIDI_OFI_handle_cq_error:No route to host - No such file or directory)
MPICH ERROR [Rank 386] [job id 16728352.0] [Sat Mar 14 17:11:20 2026] [nid007314] - Abort(825322127) (rank 386 in comm 0): Fatal error in PMPI_Finalize: Other MPI error, error stack:
PMPI_Finalize(214)...................: MPI_Finalize failed
PMPI_Finalize(161)...................: 
MPID_Finalize(728)...................: 
MPIDI_OFI_mpi_finalize_hook(1032)....: 
MPIR_CRAY_Allreduce(815).............: 
MPIDI_Cray_shared_mem_coll_bcast(494): 
MPIDI_Progress_test(97)..............: 
MPIDI_OFI_handle_cq_error(1310)......: OFI poll failed (ofi_events.c:1312:MPIDI_OFI_handle_cq_error:Transport endpoint is not connected - Inappropriate ioctl for device)

aborting job:
Fatal error in PMPI_Finalize: Other MPI error, error stack:
PMPI_Finalize(214)...................: MPI_Finalize failed
PMPI_Finalize(161)...................: 
MPID_Finalize(728)...................: 
MPIDI_OFI_mpi_finalize_hook(1032)....: 
MPIR_CRAY_Allreduce(815).............: 
MPIDI_Cray_shared_mem_coll_bcast(494): 
MPIDI_Progress_test(97)..............: 
MPIDI_OFI_handle_cq_error(1310)......: OFI poll failed (ofi_events.c:1312:MPIDI_OFI_handle_cq_error:Transport endpoint is not connected - Inappropriate ioctl for device)
MPICH ERROR [Rank 387] [job id 16728352.0] [Sat Mar 14 17:11:20 2026] [nid007314] - Abort(821652111) (rank 387 in comm 0): Fatal error in PMPI_Finalize: Other MPI error, error stack:
PMPI_Finalize(214)...................: MPI_Finalize failed
PMPI_Finalize(161)...................: 
MPID_Finalize(728)...................: 
MPIDI_OFI_mpi_finalize_hook(1032)....: 
MPIR_CRAY_Allreduce(815).............: 
MPIDI_Cray_shared_mem_coll_bcast(494): 
MPIDI_Progress_test(97)..............: 
MPIDI_OFI_handle_cq_error(1310)......: OFI poll failed (ofi_events.c:1312:MPIDI_OFI_handle_cq_error:Transport endpoint is not connected - Inappropriate ioctl for device)

aborting job:
Fatal error in PMPI_Finalize: Other MPI error, error stack:
PMPI_Finalize(214)...................: MPI_Finalize failed
PMPI_Finalize(161)...................: 
MPID_Finalize(728)...................: 
MPIDI_OFI_mpi_finalize_hook(1032)....: 
MPIR_CRAY_Allreduce(815).............: 
MPIDI_Cray_shared_mem_coll_bcast(494): 
MPIDI_Progress_test(97)..............: 
MPIDI_OFI_handle_cq_error(1310)......: OFI poll failed (ofi_events.c:1312:MPIDI_OFI_handle_cq_error:Transport endpoint is not connected - Inappropriate ioctl for device)
srun: error: nid007314: task 388: Exited with exit code 255
srun: error: nid007549: tasks 444-445: Exited with exit code 255
slurmstepd: error: Failed to destroy CXI Service ID 5 (cxi1): Device or resource busy
srun: error: nid005237: tasks 40-47: Terminated
slurmstepd: error: Failed to destroy CXI Service ID 5 (cxi3): Device or resource busy
srun: error: nid005449: tasks 104-111: Terminated
srun: error: nid005396: tasks 64-71: Terminated
srun: error: nid005395: tasks 56-63: Terminated
slurmstepd: error: Failed to destroy CXI Service ID 5 (cxi3): Device or resource busy
srun: error: nid007252: tasks 369-370,374-375: Exited with exit code 255
slurmstepd: error: Failed to destroy CXI Service ID 5 (cxi3): Device or resource busy
srun: error: nid005180: tasks 24-31: Terminated
slurmstepd: error: Failed to destroy CXI Service ID 5 (cxi3): Device or resource busy
slurmstepd: error: Failed to destroy CXI Service ID 5 (cxi1): Device or resource busy
srun: error: nid007457: tasks 402,404: Exited with exit code 255
slurmstepd: error: Failed to destroy CXI Service ID 5 (cxi1): Device or resource busy
MPICH ERROR [Rank 158] [job id 16728352.0] [Sat Mar 14 17:11:20 2026] [nid005977] - Abort(819030671) (rank 158 in comm 0): Fatal error in PMPI_Finalize: Other MPI error, error stack:
PMPI_Finalize(214).....................: MPI_Finalize failed
PMPI_Finalize(161).....................: 
MPID_Finalize(718).....................: 
MPIDI_CRAY_ofi_gather_cxi_counters(729): 
MPIR_CRAY_Barrier(214).................: 
MPIR_Barrier_impl(165).................: 
MPIR_Barrier_intra_auto(109)...........: 
MPIR_Barrier_intra_dissemination(45)...: 
MPIC_Sendrecv(341).....................: 
MPIC_Wait(71)..........................: 
MPIR_Wait_impl(41).....................: 
MPID_Progress_wait(201)................: 
MPIDI_Progress_test(97)................: 
MPIDI_OFI_handle_cq_error(1310)........: OFI poll failed (ofi_events.c:1312:MPIDI_OFI_handle_cq_error:No route to host - No such file or directory)
MPIR_Barrier_intra_dissemination(45)...: 
MPIC_Sendrecv(341).....................: 
MPIC_Wait(71)..........................: 
MPIR_Wait_impl(41).....................: 
MPID_Progress_wait(201)................: 
MPIDI_Progress_test(97)................: 
MPIDI_OFI_handle_cq_error(1310)........: OFI poll failed (ofi_events.c:1312:MPIDI_OFI_handle_cq_error:Transport endpoint is not connected - Inappropriate ioctl for device)

aborting job:
Fatal error in PMPI_Finalize: Other MPI error, error stack:
PMPI_Finalize(214).....................: MPI_Finalize failed
PMPI_Finalize(161).....................: 
MPID_Finalize(718).....................: 
MPIDI_CRAY_ofi_gather_cxi_counters(729): 
MPIR_CRAY_Barrier(214).................: 
MPIR_Barrier_impl(165).................: 
MPIR_Barrier_intra_auto(109)...........: 
MPIR_Barrier_intra_dissemination(45)...: 
MPIC_Sendrecv(341).....................: 
MPIC_Wait(71)..........................: 
MPIR_Wait_impl(41).....................: 
MPID_Progress_wait(201)................: 
MPIDI_Progress_test(97)................: 
MPIDI_OFI_handle_cq_error(1310)........: OFI poll failed (ofi_events.c:1312:MPIDI_OFI_handle_cq_error:No route to host - No such file or directory)
MPIR_Barrier_intra_dissemination(45)...: 
MPIC_Sendrecv(341).....................: 
MPIC_Wait(71)..........................: 
MPIR_Wait_impl(41).....................: 
MPID_Progress_wait(201)................: 
MPIDI_Progress_test(97)................: 
MPIDI_OFI_handle_cq_error(1310)........: OFI poll failed (ofi_events.c:1312:MPIDI_OFI_handle_cq_error:Transport endpoint is not connected - Inappropriate ioctl for device)
MPICH ERROR [Rank 389] [job id 16728352.0] [Sat Mar 14 17:11:20 2026] [nid007314] - Abort(821652111) (rank 389 in comm 0): Fatal error in PMPI_Finalize: Other MPI error, error stack:
PMPI_Finalize(214)...................: MPI_Finalize failed
PMPI_Finalize(161)...................: 
MPID_Finalize(728)...................: 
MPIDI_OFI_mpi_finalize_hook(1032)....: 
MPIR_CRAY_Allreduce(815).............: 
MPIDI_Cray_shared_mem_coll_bcast(494): 
MPIDI_Progress_test(97)..............: 
MPIDI_OFI_handle_cq_error(1310)......: OFI poll failed (ofi_events.c:1312:MPIDI_OFI_handle_cq_error:Transport endpoint is not connected - Inappropriate ioctl for device)

aborting job:
Fatal error in PMPI_Finalize: Other MPI error, error stack:
PMPI_Finalize(214)...................: MPI_Finalize failed
PMPI_Finalize(161)...................: 
MPID_Finalize(728)...................: 
MPIDI_OFI_mpi_finalize_hook(1032)....: 
MPIR_CRAY_Allreduce(815).............: 
MPIDI_Cray_shared_mem_coll_bcast(494): 
MPIDI_Progress_test(97)..............: 
MPIDI_OFI_handle_cq_error(1310)......: OFI poll failed (ofi_events.c:1312:MPIDI_OFI_handle_cq_error:Transport endpoint is not connected - Inappropriate ioctl for device)
slurmstepd: error: Failed to destroy CXI Service ID 5 (cxi0): Device or resource busy
srun: error: nid005976: tasks 150-151: Exited with exit code 255
slurmstepd: error: Failed to destroy CXI Service ID 5 (cxi2): Device or resource busy
slurmstepd: error: Failed to destroy CXI Service ID 5 (cxi2): Device or resource busy
slurmstepd: error: Failed to destroy CXI Service ID 5 (cxi2): Device or resource busy
slurmstepd: error: Failed to destroy CXI Service ID 5 (cxi2): Device or resource busy
slurmstepd: error: Failed to destroy CXI Service ID 5 (cxi2): Device or resource busy
slurmstepd: error: Failed to destroy CXI Service ID 5 (cxi3): Device or resource busy
slurmstepd: error: Failed to destroy CXI Service ID 5 (cxi3): Device or resource busy
slurmstepd: error: Failed to destroy CXI Service ID 5 (cxi3): Device or resource busy
srun: error: nid007314: tasks 386-387: Exited with exit code 255
srun: error: nid005977: tasks 158-159: Exited with exit code 255
slurmstepd: error: Failed to destroy CXI Service ID 5 (cxi0): Device or resource busy
slurmstepd: error: Failed to destroy CXI Service ID 5 (cxi0): Device or resource busy
srun: error: nid007551: tasks 456-463: Terminated
MPICH ERROR [Rank 182] [job id 16728352.0] [Sat Mar 14 17:11:20 2026] [nid006031] - Abort(606746767) (rank 182 in comm 0): Fatal error in PMPI_Waitall: Other MPI error, error stack:
PMPI_Waitall(378)..............: MPI_Waitall(count=1022, req_array=0x1f25ff0, status_array=0x1) failed
MPIR_Waitall(167)..............: 
MPIR_Waitall_impl(51)..........: 
MPID_Progress_wait(201)........: 
MPIDI_Progress_test(97)........: 
MPIDI_OFI_handle_cq_error(1310): OFI poll failed (ofi_events.c:1312:MPIDI_OFI_handle_cq_error:No route to host - No such file or directory)

aborting job:
Fatal error in PMPI_Waitall: Other MPI error, error stack:
PMPI_Waitall(378)..............: MPI_Waitall(count=1022, req_array=0x1f25ff0, status_array=0x1) failed
MPIR_Waitall(167)..............: 
MPIR_Waitall_impl(51)..........: 
MPID_Progress_wait(201)........: 
MPIDI_Progress_test(97)........: 
MPIDI_OFI_handle_cq_error(1310): OFI poll failed (ofi_events.c:1312:MPIDI_OFI_handle_cq_error:No route to host - No such file or directory)
srun: error: nid006619: task 281: Terminated
MPICH ERROR [Rank 182] [job id 16728352.0] [Sat Mar 14 17:11:20 2026] [nid006031] - Abort(815360655) (rank 182 in comm 0): Fatal error in PMPI_Finalize: Other MPI error, error stack:
PMPI_Finalize(214).....................: MPI_Finalize failed
PMPI_Finalize(161).....................: 
MPID_Finalize(718).....................: 
MPIDI_CRAY_ofi_gather_cxi_counters(729): 
MPIR_CRAY_Barrier(214).................: 
MPIR_Barrier_impl(165).................: 
MPIR_Barrier_intra_auto(109)...........: 
MPIR_Barrier_intra_dissemination(45)...: 
MPIC_Sendrecv(341).....................: 
MPIC_Wait(71)..........................: 
MPIR_Wait_impl(41).....................: 
MPID_Progress_wait(201)................: 
MPIDI_Progress_test(97)................: 
MPIDI_OFI_handle_cq_error(1310)........: OFI poll failed (ofi_events.c:1312:MPIDI_OFI_handle_cq_error:No route to host - No such file or directory)

aborting job:
Fatal error in PMPI_Finalize: Other MPI error, error stack:
PMPI_Finalize(214).....................: MPI_Finalize failed
PMPI_Finalize(161).....................: 
MPID_Finalize(718).....................: 
MPIDI_CRAY_ofi_gather_cxi_counters(729): 
MPIR_CRAY_Barrier(214).................: 
MPIR_Barrier_impl(165).................: 
MPIR_Barrier_intra_auto(109)...........: 
MPIR_Barrier_intra_dissemination(45)...: 
MPIC_Sendrecv(341).....................: 
MPIC_Wait(71)..........................: 
MPIR_Wait_impl(41).....................: 
MPID_Progress_wait(201)................: 
MPIDI_Progress_test(97)................: 
MPIDI_OFI_handle_cq_error(1310)........: OFI poll failed (ofi_events.c:1312:MPIDI_OFI_handle_cq_error:No route to host - No such file or directory)
MPICH ERROR [Rank 377] [job id 16728352.0] [Sat Mar 14 17:11:20 2026] [nid007308] - Abort(136984719) (rank 377 in comm 0): Fatal error in PMPI_Waitall: Other MPI error, error stack:
PMPI_Waitall(378)..............: MPI_Waitall(count=1022, req_array=0x2463220, status_array=0x1) failed
MPIR_Waitall(167)..............: 
MPIR_Waitall_impl(51)..........: 
MPID_Progress_wait(201)........: 
MPIDI_Progress_test(97)........: 
MPIDI_OFI_handle_cq_error(1310): OFI poll failed (ofi_events.c:1312:MPIDI_OFI_handle_cq_error:No route to host - No such file or directory)

aborting job:
Fatal error in PMPI_Waitall: Other MPI error, error stack:
PMPI_Waitall(378)..............: MPI_Waitall(count=1022, req_array=0x2463220, status_array=0x1) failed
MPIR_Waitall(167)..............: 
MPIR_Waitall_impl(51)..........: 
MPID_Progress_wait(201)........: 
MPIDI_Progress_test(97)........: 
MPIDI_OFI_handle_cq_error(1310): OFI poll failed (ofi_events.c:1312:MPIDI_OFI_handle_cq_error:No route to host - No such file or directory)
MPICH ERROR [Rank 190] [job id 16728352.0] [Sat Mar 14 17:11:20 2026] [nid006032] - Abort(875182223) (rank 190 in comm 0): Fatal error in PMPI_Waitall: Other MPI error, error stack:
PMPI_Waitall(378)..............: MPI_Waitall(count=1022, req_array=0x1c0b6b0, status_array=0x1) failed
MPIR_Waitall(167)..............: 
MPIR_Waitall_impl(51)..........: 
MPID_Progress_wait(201)........: 
MPIDI_Progress_test(97)........: 
MPIDI_OFI_handle_cq_error(1310): OFI poll failed (ofi_events.c:1312:MPIDI_OFI_handle_cq_error:No route to host - No such file or directory)

aborting job:
Fatal error in PMPI_Waitall: Other MPI error, error stack:
PMPI_Waitall(378)..............: MPI_Waitall(count=1022, req_array=0x1c0b6b0, status_array=0x1) failed
MPIR_Waitall(167)..............: 
MPIR_Waitall_impl(51)..........: 
MPID_Progress_wait(201)........: 
MPIDI_Progress_test(97)........: 
MPIDI_OFI_handle_cq_error(1310): OFI poll failed (ofi_events.c:1312:MPIDI_OFI_handle_cq_error:No route to host - No such file or directory)
MPICH ERROR [Rank 72] [job id 16728352.0] [Sat Mar 14 17:11:20 2026] [nid005397] - Abort(472529039) (rank 72 in comm 0): Fatal error in PMPI_Waitall: Other MPI error, error stack:
PMPI_Waitall(378)..............: MPI_Waitall(count=1022, req_array=0x1c2b880, status_array=0x1) failed
MPIR_Waitall(167)..............: 
MPIR_Waitall_impl(51)..........: 
MPID_Progress_wait(201)........: 
MPIDI_Progress_test(97)........: 
MPIDI_OFI_handle_cq_error(1310): OFI poll failed (ofi_events.c:1312:MPIDI_OFI_handle_cq_error:No route to host - No such file or directory)

aborting job:
Fatal error in PMPI_Waitall: Other MPI error, error stack:
PMPI_Waitall(378)..............: MPI_Waitall(count=1022, req_array=0x1c2b880, status_array=0x1) failed
MPIR_Waitall(167)..............: 
MPIR_Waitall_impl(51)..........: 
MPID_Progress_wait(201)........: 
MPIDI_Progress_test(97)........: 
MPIDI_OFI_handle_cq_error(1310): OFI poll failed (ofi_events.c:1312:MPIDI_OFI_handle_cq_error:No route to host - No such file or directory)
MPICH ERROR [Rank 377] [job id 16728352.0] [Sat Mar 14 17:11:20 2026] [nid007308] - Abort(815360655) (rank 377 in comm 0): Fatal error in PMPI_Finalize: Other MPI error, error stack:
PMPI_Finalize(214).....................: MPI_Finalize failed
PMPI_Finalize(161).....................: 
MPID_Finalize(718).....................: 
MPIDI_CRAY_ofi_gather_cxi_counters(729): 
MPIR_CRAY_Barrier(214).................: 
MPIR_Barrier_impl(165).................: 
MPIR_Barrier_intra_auto(109)...........: 
MPIR_Barrier_intra_dissemination(45)...: 
MPIC_Sendrecv(341).....................: 
MPIC_Wait(71)..........................: 
MPIR_Wait_impl(41).....................: 
MPID_Progress_wait(201)................: 
MPIDI_Progress_test(97)................: 
MPIDI_OFI_handle_cq_error(1310)........: OFI poll failed (ofi_events.c:1312:MPIDI_OFI_handle_cq_error:No route to host - No such file or directory)

aborting job:
Fatal error in PMPI_Finalize: Other MPI error, error stack:
PMPI_Finalize(214).....................: MPI_Finalize failed
PMPI_Finalize(161).....................: 
MPID_Finalize(718).....................: 
MPIDI_CRAY_ofi_gather_cxi_counters(729): 
MPIR_CRAY_Barrier(214).................: 
MPIR_Barrier_impl(165).................: 
MPIR_Barrier_intra_auto(109)...........: 
MPIR_Barrier_intra_dissemination(45)...: 
MPIC_Sendrecv(341).....................: 
MPIC_Wait(71)..........................: 
MPIR_Wait_impl(41).....................: 
MPID_Progress_wait(201)................: 
MPIDI_Progress_test(97)................: 
MPIDI_OFI_handle_cq_error(1310)........: OFI poll failed (ofi_events.c:1312:MPIDI_OFI_handle_cq_error:No route to host - No such file or directory)
MPICH ERROR [Rank 263] [job id 16728352.0] [Sat Mar 14 17:11:20 2026] [nid006431] - Abort(271202447) (rank 263 in comm 0): Fatal error in PMPI_Waitall: Other MPI error, error stack:
PMPI_Waitall(378)..............: MPI_Waitall(count=1022, req_array=0x1f996f0, status_array=0x1) failed
MPIR_Waitall(167)..............: 
MPIR_Waitall_impl(51)..........: 
MPID_Progress_wait(201)........: 
MPIDI_Progress_test(97)........: 
MPIDI_OFI_handle_cq_error(1310): OFI poll failed (ofi_events.c:1312:MPIDI_OFI_handle_cq_error:No route to host - No such file or directory)

aborting job:
Fatal error in PMPI_Waitall: Other MPI error, error stack:
PMPI_Waitall(378)..............: MPI_Waitall(count=1022, req_array=0x1f996f0, status_array=0x1) failed
MPIR_Waitall(167)..............: 
MPIR_Waitall_impl(51)..........: 
MPID_Progress_wait(201)........: 
MPIDI_Progress_test(97)........: 
MPIDI_OFI_handle_cq_error(1310): OFI poll failed (ofi_events.c:1312:MPIDI_OFI_handle_cq_error:No route to host - No such file or directory)
srun: error: nid007460: tasks 408-415: Terminated
srun: error: nid006031: task 182: Exited with exit code 255
MPICH ERROR [Rank 441] [job id 16728352.0] [Sat Mar 14 17:11:20 2026] [nid007549] - Abort(271202447) (rank 441 in comm 0): Fatal error in PMPI_Waitall: Other MPI error, error stack:
PMPI_Waitall(378)..............: MPI_Waitall(count=1022, req_array=0x22b38d0, status_array=0x1) failed
MPIR_Waitall(167)..............: 
MPIR_Waitall_impl(51)..........: 
MPID_Progress_wait(201)........: 
MPIDI_Progress_test(97)........: 
MPIDI_OFI_handle_cq_error(1310): OFI poll failed (ofi_events.c:1312:MPIDI_OFI_handle_cq_error:No route to host - No such file or directory)

aborting job:
Fatal error in PMPI_Waitall: Other MPI error, error stack:
PMPI_Waitall(378)..............: MPI_Waitall(count=1022, req_array=0x22b38d0, status_array=0x1) failed
MPIR_Waitall(167)..............: 
MPIR_Waitall_impl(51)..........: 
MPID_Progress_wait(201)........: 
MPIDI_Progress_test(97)........: 
MPIDI_OFI_handle_cq_error(1310): OFI poll failed (ofi_events.c:1312:MPIDI_OFI_handle_cq_error:No route to host - No such file or directory)
srun: error: nid005975: tasks 136,138-143: Terminated
slurmstepd: error: Failed to destroy CXI Service ID 5 (cxi3): Device or resource busy
srun: error: nid007203: task 352: Exited with exit code 255
MPICH ERROR [Rank 376] [job id 16728352.0] [Sat Mar 14 17:11:20 2026] [nid007308] - Abort(472529039) (rank 376 in comm 0): Fatal error in PMPI_Waitall: Other MPI error, error stack:
PMPI_Waitall(378)..............: MPI_Waitall(count=1022, req_array=0x1d1a0a0, status_array=0x1) failed
MPIR_Waitall(167)..............: 
MPIR_Waitall_impl(51)..........: 
MPID_Progress_wait(201)........: 
MPIDI_Progress_test(97)........: 
MPIDI_OFI_handle_cq_error(1310): OFI poll failed (ofi_events.c:1312:MPIDI_OFI_handle_cq_error:Input/output error - Exchange full)

aborting job:
Fatal error in PMPI_Waitall: Other MPI error, error stack:
PMPI_Waitall(378)..............: MPI_Waitall(count=1022, req_array=0x1d1a0a0, status_array=0x1) failed
MPIR_Waitall(167)..............: 
MPIR_Waitall_impl(51)..........: 
MPID_Progress_wait(201)........: 
MPIDI_Progress_test(97)........: 
MPIDI_OFI_handle_cq_error(1310): OFI poll failed (ofi_events.c:1312:MPIDI_OFI_handle_cq_error:Input/output error - Exchange full)
MPICH ERROR [Rank 262] [job id 16728352.0] [Sat Mar 14 17:11:21 2026] [nid006431] - Abort(740964495) (rank 262 in comm 0): Fatal error in PMPI_Waitall: Other MPI error, error stack:
PMPI_Waitall(378)..............: MPI_Waitall(count=1022, req_array=0x1cbbac0, status_array=0x1) failed
MPIR_Waitall(167)..............: 
MPIR_Waitall_impl(51)..........: 
MPID_Progress_wait(201)........: 
MPIDI_Progress_test(97)........: 
MPIDI_OFI_handle_cq_error(1310): OFI poll failed (ofi_events.c:1312:MPIDI_OFI_handle_cq_error:Transport endpoint is not connected - Inappropriate ioctl for device)

aborting job:
Fatal error in PMPI_Waitall: Other MPI error, error stack:
PMPI_Waitall(378)..............: MPI_Waitall(count=1022, req_array=0x1cbbac0, status_array=0x1) failed
MPIR_Waitall(167)..............: 
MPIR_Waitall_impl(51)..........: 
MPID_Progress_wait(201)........: 
MPIDI_Progress_test(97)........: 
MPIDI_OFI_handle_cq_error(1310): OFI poll failed (ofi_events.c:1312:MPIDI_OFI_handle_cq_error:Transport endpoint is not connected - Inappropriate ioctl for device)
srun: error: nid007602: task 502: Terminated
MPICH ERROR [Rank 173] [job id 16728352.0] [Sat Mar 14 17:11:21 2026] [nid006030] - Abort(2766991) (rank 173 in comm 0): Fatal error in PMPI_Waitall: Other MPI error, error stack:
PMPI_Waitall(378)..............: MPI_Waitall(count=1022, req_array=0x1a33630, status_array=0x1) failed
MPIR_Waitall(167)..............: 
MPIR_Waitall_impl(51)..........: 
MPID_Progress_wait(201)........: 
MPIDI_Progress_test(97)........: 
MPIDI_OFI_handle_cq_error(1310): OFI poll failed (ofi_events.c:1312:MPIDI_OFI_handle_cq_error:No route to host - No such file or directory)

aborting job:
Fatal error in PMPI_Waitall: Other MPI error, error stack:
PMPI_Waitall(378)..............: MPI_Waitall(count=1022, req_array=0x1a33630, status_array=0x1) failed
MPIR_Waitall(167)..............: 
MPIR_Waitall_impl(51)..........: 
MPID_Progress_wait(201)........: 
MPIDI_Progress_test(97)........: 
MPIDI_OFI_handle_cq_error(1310): OFI poll failed (ofi_events.c:1312:MPIDI_OFI_handle_cq_error:No route to host - No such file or directory)
MPICH ERROR [Rank 172] [job id 16728352.0] [Sat Mar 14 17:11:21 2026] [nid006030] - Abort(204093583) (rank 172 in comm 0): Fatal error in PMPI_Waitall: Other MPI error, error stack:
PMPI_Waitall(378)..............: MPI_Waitall(count=1022, req_array=0x12806c0, status_array=0x1) failed
MPIR_Waitall(167)..............: 
MPIR_Waitall_impl(51)..........: 
MPID_Progress_wait(201)........: 
MPIDI_Progress_test(97)........: 
MPIDI_OFI_handle_cq_error(1310): OFI poll failed (ofi_events.c:1312:MPIDI_OFI_handle_cq_error:Transport endpoint is not connected - Inappropriate ioctl for device)

aborting job:
Fatal error in PMPI_Waitall: Other MPI error, error stack:
PMPI_Waitall(378)..............: MPI_Waitall(count=1022, req_array=0x12806c0, status_array=0x1) failed
MPIR_Waitall(167)..............: 
MPIR_Waitall_impl(51)..........: 
MPID_Progress_wait(201)........: 
MPIDI_Progress_test(97)........: 
MPIDI_OFI_handle_cq_error(1310): OFI poll failed (ofi_events.c:1312:MPIDI_OFI_handle_cq_error:Transport endpoint is not connected - Inappropriate ioctl for device)
MPICH ERROR [Rank 263] [job id 16728352.0] [Sat Mar 14 17:11:21 2026] [nid006431] - Abort(822700687) (rank 263 in comm 0): Fatal error in PMPI_Finalize: Other MPI error, error stack:
PMPI_Finalize(214).....................: MPI_Finalize failed
PMPI_Finalize(161).....................: 
MPID_Finalize(718).....................: 
MPIDI_CRAY_ofi_gather_cxi_counters(729): 
MPIR_CRAY_Barrier(214).................: 
MPIR_Barrier_impl(165).................: 
MPIR_Barrier_intra_auto(109)...........: 
MPIR_Barrier_intra_dissemination(45)...: 
MPIC_Sendrecv(341).....................: 
MPIC_Wait(71)..........................: 
MPIR_Wait_impl(41).....................: 
MPID_Progress_wait(201)................: 
MPIDI_Progress_test(97)................: 
MPIDI_OFI_handle_cq_error(1310)........: OFI poll failed (ofi_events.c:1312:MPIDI_OFI_handle_cq_error:No route to host - No such file or directory)
MPIR_Barrier_intra_dissemination(45)...: 
MPIC_Sendrecv(341).....................: 
MPIC_Wait(71)..........................: 
MPIR_Wait_impl(41).....................: 
MPID_Progress_wait(201)................: 
MPIDI_Progress_test(97)................: 
MPIDI_OFI_handle_cq_error(1310)........: OFI poll failed (ofi_events.c:1312:MPIDI_OFI_handle_cq_error:Transport endpoint is not connected - Inappropriate ioctl for device)
MPIR_Barrier_intra_dissemination(45)...: 
MPIC_Sendrecv(341).....................: 
MPIC_Wait(71)..........................: 
MPIR_Wait_impl(41).....................: 
MPID_Progress_wait(201)................: 
MPIDI_Progress_test(97)................: 
MPIDI_OFI_handle_cq_error(1310)........: OFI poll failed (ofi_events.c:1312:MPIDI_OFI_handle_cq_error:Transport endpoint is not connected - Inappropriate ioctl for device)

aborting job:
Fatal error in PMPI_Finalize: Other MPI error, error stack:
PMPI_Finalize(214).....................: MPI_Finalize failed
PMPI_Finalize(161).....................: 
MPID_Finalize(718).....................: 
MPIDI_CRAY_ofi_gather_cxi_counters(729): 
MPIR_CRAY_Barrier(214).................: 
MPIR_Barrier_impl(165).................: 
MPIR_Barrier_intra_auto(109)...........: 
MPIR_Barrier_intra_dissemination(45)...: 
MPIC_Sendrecv(341).....................: 
MPIC_Wait(71)..........................: 
MPIR_Wait_impl(41).....................: 
MPID_Progress_wait(201)................: 
MPIDI_Progress_test(97)................: 
MPIDI_OFI_handle_cq_error(1310)........: OFI poll failed (ofi_events.c:1312:MPIDI_OFI_handle_cq_error:No route to host - No such file or directory)
MPIR_Barrier_intra_dissemination(45)...: 
MPIC_Sendrecv(341).....................: 
MPIC_Wait(71)..........................: 
MPIR_Wait_impl(41).....................: 
MPID_Progress_wait(201)................: 
MPIDI_Progress_test(97)................: 
MPIDI_OFI_handle_cq_error(1310)........: OFI poll failed (ofi_events.c:1312:MPIDI_OFI_handle_cq_error:Transport endpoint is not connected - Inappropriate ioctl for device)
MPIR_Barrier_intra_dissemination(45)...: 
MPIC_Sendrecv(341).....................: 
MPIC_Wait(71)..........................: 
MPIR_Wait_impl(41).....................: 
MPID_Progress_wait(201)................: 
MPIDI_Progress_test(97)................: 
MPIDI_OFI_handle_cq_error(1310)........: OFI poll failed (ofi_events.c:1312:MPIDI_OFI_handle_cq_error:Transport endpoint is not connected - Inappropriate ioctl for device)
srun: error: nid007308: task 377: Exited with exit code 255
slurmstepd: error: Failed to destroy CXI Service ID 5 (cxi2): Device or resource busy
srun: error: nid007553: tasks 472-479: Terminated
slurmstepd: error: Failed to destroy CXI Service ID 5 (cxi0): Device or resource busy
slurmstepd: error: Failed to destroy CXI Service ID 5 (cxi1): Device or resource busy
srun: error: nid007601: tasks 488-490,492-495: Terminated
MPICH ERROR [Rank 376] [job id 16728352.0] [Sat Mar 14 17:11:21 2026] [nid007308] - Abort(833710735) (rank 376 in comm 0): Fatal error in PMPI_Finalize: Other MPI error, error stack:
PMPI_Finalize(214)..........................: MPI_Finalize failed
PMPI_Finalize(161)..........................: 
MPID_Finalize(718)..........................: 
_cxi_global_counters_report(579)............: 
MPIR_CRAY_Allreduce(800)....................: 
MPIR_Allreduce_impl(363)....................: 
MPIR_Allreduce_intra_auto(275)..............: 
MPIR_Allreduce_intra_recursive_doubling(192): 
MPIC_Sendrecv(341)..........................: 
MPIC_Wait(71)...............................: 
MPIR_Wait_impl(41)..........................: 
MPID_Progress_wait(201).....................: 
MPIDI_Progress_test(97).....................: 
MPIDI_OFI_handle_cq_error(1310).............: OFI poll failed (ofi_events.c:1312:MPIDI_OFI_handle_cq_error:Transport endpoint is not connected - Inappropriate ioctl for device)
MPIR_Allreduce_intra_recursive_doubling(192): 
MPIC_Sendrecv(341)..........................: 
MPIC_Wait(71)...............................: 
MPIR_Wait_impl(41)..........................: 
MPID_Progress_wait(201).....................: 
MPIDI_Progress_test(97).....................: 
MPIDI_OFI_handle_cq_error(1310).............: OFI poll failed (ofi_events.c:1312:MPIDI_OFI_handle_cq_error:Transport endpoint is not connected - Inappropriate ioctl for device)
MPIR_Allreduce_intra_recursive_doubling(192): 
MPIC_Sendrecv(341)..........................: 
MPIC_Wait(71)...............................: 
MPIR_Wait_impl(41)..........................: 
MPID_Progress_wait(201).....................: 
MPIDI_Progress_test(97).....................: 
MPIDI_OFI_handle
aborting job:
Fatal error in PMPI_Finalize: Other MPI error, error stack:
PMPI_Finalize(214)..........................: MPI_Finalize failed
PMPI_Finalize(161)..........................: 
MPID_Finalize(718)..........................: 
_cxi_global_counters_report(579)............: 
MPIR_CRAY_Allreduce(800)....................: 
MPIR_Allreduce_impl(363)....................: 
MPIR_Allreduce_intra_auto(275)..............: 
MPIR_Allreduce_intra_recursive_doubling(192): 
MPIC_Sendrecv(341)..........................: 
MPIC_Wait(71)...............................: 
MPIR_Wait_impl(41)..........................: 
MPID_Progress_wait(201).....................: 
MPIDI_Progress_test(97).....................: 
MPIDI_OFI_handle_cq_error(1310).............: OFI poll failed (ofi_events.c:1312:MPIDI_OFI_handle_cq_error:Transport endpoint is not connected - Inappropriate ioctl for device)
MPIR_Allreduce_intra_recursive_doubling(192): 
MPIC_Sendrecv(341)..........................: 
MPIC_Wait(71)...............................: 
MPIR_Wait_impl(41)..........................: 
MPID_Progress_wait(201).....................: 
MPIDI_Progress_test(97).....................: 
MPIDI_OFI_handle_cq_error(1310).............: OFI poll failed (ofi_events.c:1312:MPIDI_OFI_handle_cq_error:Transport endpoint is not connected - Inappropriate ioctl for device)
MPIR_Allreduce_intra_recursive_doubling(192): 
MPIC_Sendrecv(341)..........................: 
MPIC_Wait(71)...............................: 
MPIR_Wait_impl(41)..........................: 
MPID_Progress_wait(201).....................: 
MPIDI_Progress_test(97).....................: 
MPIDI_OFI_handle_cq_error(1310).............: OFI poll failed (ofi_events.c:1312:MPIDI_OFI_handle_cq_error:Transport endpoint is not connected - Inappropriate ioctl for device)
MPIR_Allreduce_intra_recursive_doubling(192): 
MPIC_Sendrecv(341)..........................: 
MPIC_Wait(71)...............................: 
MPIR_Wait_impl(41)..........................: 
MPID_Progress_wait(201).....................: 
MPIDI_Progress_test(97).....................: 
MPIDI_OFI_handle_cq_error(1310).............: OFI poll failed (ofi_events.c:1312:MPIDI_OFI_handle_cq_error:Input/output error - Exchange full)
MPIR_Allreduce_intra_recursive_doubling(192): 
MPIC_Sendrecv(341)..........................: 
MPIC_Wait(71)...............................: 
MPIR_Wait_impl(41)..........................: 
MPID_Progress_wait(201).....................: 
MPIDI_Progress_test(97).....................: 
MPIDI_OFI_handle_cq_error(1310).............: OFI poll failed (ofi_events.c:1312:MPIDI_OFI_handle_cq_error:Input/output error - Exchange full)
MPIR_Allreduce_intra_recursive_doubling(192): 
MPIC_Sendrecv(341)..........................: 
MPIC_Wait(71)...............................: 
MPIR_Wait_impl(41)..........................: 
MPID_Progress_wait(201).....................: 
MPIDI_Progress_test(97).....................: 
MPIDI_OFI_handle_cq_error(1310).............: OFI poll failed (ofi_events.c:1312:MPIDI_OFI_handle_cq_error:No route to host - No such file or directory)
srun: error: nid007521: task 429: Terminated
MPICH ERROR [Rank 262] [job id 16728352.0] [Sat Mar 14 17:11:21 2026] [nid006431] - Abort(822700687) (rank 262 in comm 0): Fatal error in PMPI_Finalize: Other MPI error, error stack:
PMPI_Finalize(214).....................: MPI_Finalize failed
PMPI_Finalize(161).....................: 
MPID_Finalize(718).....................: 
MPIDI_CRAY_ofi_gather_cxi_counters(729): 
MPIR_CRAY_Barrier(214).................: 
MPIR_Barrier_impl(165).................: 
MPIR_Barrier_intra_auto(109)...........: 
MPIR_Barrier_intra_dissemination(45)...: 
MPIC_Sendrecv(341).....................: 
MPIC_Wait(71)..........................: 
MPIR_Wait_impl(41).....................: 
MPID_Progress_wait(201)................: 
MPIDI_Progress_test(97)................: 
MPIDI_OFI_handle_cq_error(1310)........: OFI poll failed (ofi_events.c:1312:MPIDI_OFI_handle_cq_error:Transport endpoint is not connected - Inappropriate ioctl for device)
MPIR_Barrier_intra_dissemination(45)...: 
MPIC_Sendrecv(341).....................: 
MPIC_Wait(71)..........................: 
MPIR_Wait_impl(41).....................: 
MPID_Progress_wait(201)................: 
MPIDI_Progress_test(97)................: 
MPIDI_OFI_handle_cq_error(1310)........: OFI poll failed (ofi_events.c:1312:MPIDI_OFI_handle_cq_error:Transport endpoint is not connected - Inappropriate ioctl for device)
MPIR_Barrier_intra_dissemination(45)...: 
MPIC_Sendrecv(341).....................: 
MPIC_Wait(71)..........................: 
MPIR_Wait_impl(41).....................: 
MPID_Progress_wait(201)................: 
MPIDI_Progress_test(97)................: 
MPIDI_OFI_handle_cq_error(1310)........: OFI poll failed (ofi_events.c:1312:MPIDI_OFI_handle_cq_error:Transport endpoint is not connected - Inappropria
aborting job:
Fatal error in PMPI_Finalize: Other MPI error, error stack:
PMPI_Finalize(214).....................: MPI_Finalize failed
PMPI_Finalize(161).....................: 
MPID_Finalize(718).....................: 
MPIDI_CRAY_ofi_gather_cxi_counters(729): 
MPIR_CRAY_Barrier(214).................: 
MPIR_Barrier_impl(165).................: 
MPIR_Barrier_intra_auto(109)...........: 
MPIR_Barrier_intra_dissemination(45)...: 
MPIC_Sendrecv(341).....................: 
MPIC_Wait(71)..........................: 
MPIR_Wait_impl(41).....................: 
MPID_Progress_wait(201)................: 
MPIDI_Progress_test(97)................: 
MPIDI_OFI_handle_cq_error(1310)........: OFI poll failed (ofi_events.c:1312:MPIDI_OFI_handle_cq_error:Transport endpoint is not connected - Inappropriate ioctl for device)
MPIR_Barrier_intra_dissemination(45)...: 
MPIC_Sendrecv(341).....................: 
MPIC_Wait(71)..........................: 
MPIR_Wait_impl(41).....................: 
MPID_Progress_wait(201)................: 
MPIDI_Progress_test(97)................: 
MPIDI_OFI_handle_cq_error(1310)........: OFI poll failed (ofi_events.c:1312:MPIDI_OFI_handle_cq_error:Transport endpoint is not connected - Inappropriate ioctl for device)
MPIR_Barrier_intra_dissemination(45)...: 
MPIC_Sendrecv(341).....................: 
MPIC_Wait(71)..........................: 
MPIR_Wait_impl(41).....................: 
MPID_Progress_wait(201)................: 
MPIDI_Progress_test(97)................: 
MPIDI_OFI_handle_cq_error(1310)........: OFI poll failed (ofi_events.c:1312:MPIDI_OFI_handle_cq_error:Transport endpoint is not connected - Inappropriate ioctl for device)
slurmstepd: error: Failed to destroy CXI Service ID 5 (cxi0): Device or resource busy
srun: error: nid006431: task 263: Exited with exit code 255
slurmstepd: error: Failed to destroy CXI Service ID 5 (cxi0): Device or resource busy
MPICH ERROR [Rank 173] [job id 16728352.0] [Sat Mar 14 17:11:21 2026] [nid006030] - Abort(822700687) (rank 173 in comm 0): Fatal error in PMPI_Finalize: Other MPI error, error stack:
PMPI_Finalize(214).....................: MPI_Finalize failed
PMPI_Finalize(161).....................: 
MPID_Finalize(718).....................: 
MPIDI_CRAY_ofi_gather_cxi_counters(729): 
MPIR_CRAY_Barrier(214).................: 
MPIR_Barrier_impl(165).................: 
MPIR_Barrier_intra_auto(109)...........: 
MPIR_Barrier_intra_dissemination(45)...: 
MPIC_Sendrecv(341).....................: 
MPIC_Wait(71)..........................: 
MPIR_Wait_impl(41).....................: 
MPID_Progress_wait(201)................: 
MPIDI_Progress_test(97)................: 
MPIDI_OFI_handle_cq_error(1310)........: OFI poll failed (ofi_events.c:1312:MPIDI_OFI_handle_cq_error:No route to host - No such file or directory)
MPIR_Barrier_intra_dissemination(45)...: 
MPIC_Sendrecv(341).....................: 
MPIC_Wait(71)..........................: 
MPIR_Wait_impl(41).....................: 
MPID_Progress_wait(201)................: 
MPIDI_Progress_test(97)................: 
MPIDI_OFI_handle_cq_error(1310)........: OFI poll failed (ofi_events.c:1312:MPIDI_OFI_handle_cq_error:Transport endpoint is not connected - Inappropriate ioctl for device)
MPIR_Barrier_intra_dissemination(45)...: 
MPIC_Sendrecv(341).....................: 
MPIC_Wait(71)..........................: 
MPIR_Wait_impl(41).....................: 
MPID_Progress_wait(201)................: 
MPIDI_Progress_test(97)................: 
MPIDI_OFI_handle_cq_error(1310)........: OFI poll failed (ofi_events.c:1312:MPIDI_OFI_handle_cq_error:Transport endpoint is not connected - Inappropriate ioctl for device)

aborting job:
Fatal error in PMPI_Finalize: Other MPI error, error stack:
PMPI_Finalize(214).....................: MPI_Finalize failed
PMPI_Finalize(161).....................: 
MPID_Finalize(718).....................: 
MPIDI_CRAY_ofi_gather_cxi_counters(729): 
MPIR_CRAY_Barrier(214).................: 
MPIR_Barrier_impl(165).................: 
MPIR_Barrier_intra_auto(109)...........: 
MPIR_Barrier_intra_dissemination(45)...: 
MPIC_Sendrecv(341).....................: 
MPIC_Wait(71)..........................: 
MPIR_Wait_impl(41).....................: 
MPID_Progress_wait(201)................: 
MPIDI_Progress_test(97)................: 
MPIDI_OFI_handle_cq_error(1310)........: OFI poll failed (ofi_events.c:1312:MPIDI_OFI_handle_cq_error:No route to host - No such file or directory)
MPIR_Barrier_intra_dissemination(45)...: 
MPIC_Sendrecv(341).....................: 
MPIC_Wait(71)..........................: 
MPIR_Wait_impl(41).....................: 
MPID_Progress_wait(201)................: 
MPIDI_Progress_test(97)................: 
MPIDI_OFI_handle_cq_error(1310)........: OFI poll failed (ofi_events.c:1312:MPIDI_OFI_handle_cq_error:Transport endpoint is not connected - Inappropriate ioctl for device)
MPIR_Barrier_intra_dissemination(45)...: 
MPIC_Sendrecv(341).....................: 
MPIC_Wait(71)..........................: 
MPIR_Wait_impl(41).....................: 
MPID_Progress_wait(201)................: 
MPIDI_Progress_test(97)................: 
MPIDI_OFI_handle_cq_error(1310)........: OFI poll failed (ofi_events.c:1312:MPIDI_OFI_handle_cq_error:Transport endpoint is not connected - Inappropriate ioctl for device)
MPICH ERROR [Rank 172] [job id 16728352.0] [Sat Mar 14 17:11:21 2026] [nid006030] - Abort(822700687) (rank 172 in comm 0): Fatal error in PMPI_Finalize: Other MPI error, error stack:
PMPI_Finalize(214).....................: MPI_Finalize failed
PMPI_Finalize(161).....................: 
MPID_Finalize(718).....................: 
MPIDI_CRAY_ofi_gather_cxi_counters(729): 
MPIR_CRAY_Barrier(214).................: 
MPIR_Barrier_impl(165).................: 
MPIR_Barrier_intra_auto(109)...........: 
MPIR_Barrier_intra_dissemination(45)...: 
MPIC_Sendrecv(341).....................: 
MPIC_Wait(71)..........................: 
MPIR_Wait_impl(41).....................: 
MPID_Progress_wait(201)................: 
MPIDI_Progress_test(97)................: 
MPIDI_OFI_handle_cq_error(1310)........: OFI poll failed (ofi_events.c:1312:MPIDI_OFI_handle_cq_error:Transport endpoint is not connected - Inappropriate ioctl for device)
MPIR_Barrier_intra_dissemination(45)...: 
MPIC_Sendrecv(341).....................: 
MPIC_Wait(71)..........................: 
MPIR_Wait_impl(41).....................: 
MPID_Progress_wait(201)................: 
MPIDI_Progress_test(97)................: 
MPIDI_OFI_handle_cq_error(1310)........: OFI poll failed (ofi_events.c:1312:MPIDI_OFI_handle_cq_error:Transport endpoint is not connected - Inappropriate ioctl for device)
MPIR_Barrier_intra_dissemination(45)...: 
MPIC_Sendrecv(341).....................: 
MPIC_Wait(71)..........................: 
MPIR_Wait_impl(41).....................: 
MPID_Progress_wait(201)................: 
MPIDI_Progress_test(97)................: 
MPIDI_OFI_handle_cq_error(1310)........: OFI poll failed (ofi_events.c:1312:MPIDI_OFI_handle_cq_error:Transport endpoint is not connected - Inappropria
aborting job:
Fatal error in PMPI_Finalize: Other MPI error, error stack:
PMPI_Finalize(214).....................: MPI_Finalize failed
PMPI_Finalize(161).....................: 
MPID_Finalize(718).....................: 
MPIDI_CRAY_ofi_gather_cxi_counters(729): 
MPIR_CRAY_Barrier(214).................: 
MPIR_Barrier_impl(165).................: 
MPIR_Barrier_intra_auto(109)...........: 
MPIR_Barrier_intra_dissemination(45)...: 
MPIC_Sendrecv(341).....................: 
MPIC_Wait(71)..........................: 
MPIR_Wait_impl(41).....................: 
MPID_Progress_wait(201)................: 
MPIDI_Progress_test(97)................: 
MPIDI_OFI_handle_cq_error(1310)........: OFI poll failed (ofi_events.c:1312:MPIDI_OFI_handle_cq_error:Transport endpoint is not connected - Inappropriate ioctl for device)
MPIR_Barrier_intra_dissemination(45)...: 
MPIC_Sendrecv(341).....................: 
MPIC_Wait(71)..........................: 
MPIR_Wait_impl(41).....................: 
MPID_Progress_wait(201)................: 
MPIDI_Progress_test(97)................: 
MPIDI_OFI_handle_cq_error(1310)........: OFI poll failed (ofi_events.c:1312:MPIDI_OFI_handle_cq_error:Transport endpoint is not connected - Inappropriate ioctl for device)
MPIR_Barrier_intra_dissemination(45)...: 
MPIC_Sendrecv(341).....................: 
MPIC_Wait(71)..........................: 
MPIR_Wait_impl(41).....................: 
MPID_Progress_wait(201)................: 
MPIDI_Progress_test(97)................: 
MPIDI_OFI_handle_cq_error(1310)........: OFI poll failed (ofi_events.c:1312:MPIDI_OFI_handle_cq_error:Transport endpoint is not connected - Inappropriate ioctl for device)
slurmstepd: error: Failed to destroy CXI Service ID 5 (cxi2): Device or resource busy
slurmstepd: error: Failed to destroy CXI Service ID 5 (cxi2): Device or resource busy
slurmstepd: error: Failed to destroy CXI Service ID 5 (cxi2): Device or resource busy
srun: error: nid007500: tasks 416-423: Terminated
slurmstepd: error: Failed to destroy CXI Service ID 5 (cxi3): Device or resource busy
slurmstepd: error: switch_g_job_postfini: Device or resource busy
slurmstepd: error: switch_g_job_postfini: Device or resource busy
srun: error: nid007209: tasks 360-367: Terminated
srun: error: nid006620: tasks 288-295: Terminated
slurmstepd: error: switch_g_job_postfini: Device or resource busy
srun: error: nid007201: tasks 336-343: Terminated
srun: error: nid006431: task 262: Exited with exit code 255
slurmstepd: error: Failed to destroy CXI Service ID 5 (cxi1): Device or resource busy
srun: error: nid005235: tasks 32-39: Terminated
srun: error: nid005179: tasks 16-23: Terminated
srun: error: nid005238: tasks 48-55: Terminated
srun: error: nid005974: tasks 128-135: Terminated
srun: error: nid005134: tasks 0-7: Terminated
srun: error: nid007457: task 403: Exited with exit code 255
srun: error: nid006030: tasks 172-173: Exited with exit code 255
srun: error: nid007202: task 345: Terminated
srun: error: nid005137: tasks 8-9,12-13: Terminated
srun: error: nid007314: task 389: Exited with exit code 255
srun: error: nid005975: task 137: Terminated
srun: error: nid007200: task 335: Terminated
srun: error: nid005397: tasks 72-75: Terminated
srun: error: nid007528: task 432: Terminated
srun: error: nid007549: tasks 440-443,446-447: Terminated
srun: error: nid007308: task 376: Exited with exit code 255
srun: error: nid007554: task 485: Terminated
slurmstepd: error: switch_g_job_postfini: Device or resource busy
srun: error: nid007199: tasks 322-325,327: Terminated
slurmstepd: error: switch_g_job_postfini: Device or resource busy
srun: error: nid006934: tasks 304-311: Terminated
slurmstepd: error: switch_g_job_postfini: Device or resource busy
srun: error: nid006622: tasks 296-303: Terminated
MPICH ERROR [Rank 183] [job id 16728352.0] [Sat Mar 14 17:11:22 2026] [nid006031] - Abort(69324943) (rank 183 in comm 0): Fatal error in PMPI_Recv: Other MPI error, error stack:
PMPI_Recv(177).................: MPI_Recv(buf=0x14d621400000, count=432, MPI_BYTE, src=176, tag=5014, MPI_COMM_WORLD, status=0x7ffd64994b68) failed
MPIR_Wait_impl(41).............: 
MPID_Progress_wait(201)........: 
MPIDI_Progress_test(97)........: 
MPIDI_OFI_handle_cq_error(1310): OFI poll failed (ofi_events.c:1312:MPIDI_OFI_handle_cq_error:Transport endpoint is not connected - Inappropriate ioctl for device)

aborting job:
Fatal error in PMPI_Recv: Other MPI error, error stack:
PMPI_Recv(177).................: MPI_Recv(buf=0x14d621400000, count=432, MPI_BYTE, src=176, tag=5014, MPI_COMM_WORLD, status=0x7ffd64994b68) failed
MPIR_Wait_impl(41).............: 
MPID_Progress_wait(201)........: 
MPIDI_Progress_test(97)........: 
MPIDI_OFI_handle_cq_error(1310): OFI poll failed (ofi_events.c:1312:MPIDI_OFI_handle_cq_error:Transport endpoint is not connected - Inappropriate ioctl for device)
MPICH ERROR [Rank 183] [job id 16728352.0] [Sat Mar 14 17:11:22 2026] [nid006031] - Abort(818506383) (rank 183 in comm 0): Fatal error in PMPI_Finalize: Other MPI error, error stack:
PMPI_Finalize(214).....................: MPI_Finalize failed
PMPI_Finalize(161).....................: 
MPID_Finalize(718).....................: 
MPIDI_CRAY_ofi_gather_cxi_counters(729): 
MPIR_CRAY_Barrier(214).................: 
MPIR_Barrier_impl(165).................: 
MPIR_Barrier_intra_auto(109)...........: 
MPIR_Barrier_intra_dissemination(45)...: 
MPIC_Sendrecv(341).....................: 
MPIC_Wait(71)..........................: 
MPIR_Wait_impl(41).....................: 
MPID_Progress_wait(201)................: 
MPIDI_Progress_test(97)................: 
MPIDI_OFI_handle_cq_error(1310)........: OFI poll failed (ofi_events.c:1312:MPIDI_OFI_handle_cq_error:Transport endpoint is not connected - Inappropriate ioctl for device)
MPIR_Barrier_intra_dissemination(45)...: 
MPIC_Sendrecv(341).....................: 
MPIC_Wait(71)..........................: 
MPIR_Wait_impl(41).....................: 
MPID_Progress_wait(201)................: 
MPIDI_Progress_test(97)................: 
MPIDI_OFI_handle_cq_error(1310)........: OFI poll failed (ofi_events.c:1312:MPIDI_OFI_handle_cq_error:Transport endpoint is not connected - Inappropriate ioctl for device)

aborting job:
Fatal error in PMPI_Finalize: Other MPI error, error stack:
PMPI_Finalize(214).....................: MPI_Finalize failed
PMPI_Finalize(161).....................: 
MPID_Finalize(718).....................: 
MPIDI_CRAY_ofi_gather_cxi_counters(729): 
MPIR_CRAY_Barrier(214).................: 
MPIR_Barrier_impl(165).................: 
MPIR_Barrier_intra_auto(109)...........: 
MPIR_Barrier_intra_dissemination(45)...: 
MPIC_Sendrecv(341).....................: 
MPIC_Wait(71)..........................: 
MPIR_Wait_impl(41).....................: 
MPID_Progress_wait(201)................: 
MPIDI_Progress_test(97)................: 
MPIDI_OFI_handle_cq_error(1310)........: OFI poll failed (ofi_events.c:1312:MPIDI_OFI_handle_cq_error:Transport endpoint is not connected - Inappropriate ioctl for device)
MPIR_Barrier_intra_dissemination(45)...: 
MPIC_Sendrecv(341).....................: 
MPIC_Wait(71)..........................: 
MPIR_Wait_impl(41).....................: 
MPID_Progress_wait(201)................: 
MPIDI_Progress_test(97)................: 
MPIDI_OFI_handle_cq_error(1310)........: OFI poll failed (ofi_events.c:1312:MPIDI_OFI_handle_cq_error:Transport endpoint is not connected - Inappropriate ioctl for device)
srun: error: nid007455: task 394: Terminated
srun: error: nid006031: task 183: Exited with exit code 255
srun: error: nid005446: task 82: Terminated
slurmstepd: error: Failed to destroy CXI Service ID 5 (cxi1): Device or resource busy
slurmstepd: error: Failed to destroy CXI Service ID 5 (cxi1): Device or resource busy
slurmstepd: error: Failed to destroy CXI Service ID 5 (cxi1): Device or resource busy
slurmstepd: error: Failed to destroy CXI Service ID 5 (cxi1): Device or resource busy
slurmstepd: error: Failed to destroy CXI Service ID 5 (cxi1): Device or resource busy
slurmstepd: error: switch_g_job_postfini: Device or resource busy
srun: error: nid007044: tasks 314-315: Terminated
srun: error: nid007252: task 371: Terminated
srun: error: nid005976: tasks 146-147: Terminated
srun: error: nid005977: tasks 152-153,156-157: Terminated
srun: error: nid006031: tasks 178-179: Terminated
srun: error: nid006030: tasks 168-171,174-175: Terminated
srun: error: nid006431: tasks 256-261: Terminated
srun: error: nid006617: tasks 264-269: Terminated
srun: error: nid006191: tasks 232-239: Terminated
srun: error: nid006033: tasks 192-199: Terminated
srun: error: nid006034: tasks 200-205: Terminated
srun: error: nid006428: tasks 240-247: Terminated
srun: error: nid006029: tasks 160-167: Terminated
srun: error: nid006032: tasks 184-191: Terminated
srun: error: nid006035: tasks 208-215: Terminated
srun: error: nid006037: tasks 224-231: Terminated
srun: error: nid006429: tasks 248-255: Terminated
srun: error: nid006036: tasks 216-223: Terminated
srun: Force Terminated StepId=16728352.0
