timer_name,rank,measurement_id,duration_seconds
mainTimer,0,0,12.343530216
dumpData,0,0,0.011351555
dumpData,0,1,0.010682007
dumpData,0,2,0.011072139
dumpData,0,3,0.010443808
dumpData,0,4,0.011201927
dumpData,0,5,0.010998446
dumpData,0,6,0.011868723
dumpData,0,7,0.01043328
dumpData,0,8,0.010436383
dumpData,0,9,0.011210823
kick,0,0,4.1887e-05
kick,0,1,5.888e-06
kick,0,2,4.3166e-05
kick,0,3,7.52e-06
kick,0,4,4.2942e-05
kick,0,5,6.656e-06
kick,0,6,4.0319e-05
kick,0,7,6.08e-06
kick,0,8,4.4478e-05
kick,0,9,6.08e-06
kick,0,10,4.4255e-05
kick,0,11,6.176e-06
kick,0,12,4.1311e-05
kick,0,13,8.352e-06
kick,0,14,4.211e-05
kick,0,15,1.1328e-05
kick,0,16,4.2943e-05
kick,0,17,8.16e-06
kick,0,18,4.1983e-05
kick,0,19,6.144e-06
drift,0,0,8.831e-06
drift,0,1,7.776e-06
drift,0,2,6.944e-06
drift,0,3,8.511e-06
drift,0,4,8.576e-06
drift,0,5,7.168e-06
drift,0,6,8e-06
drift,0,7,6.464e-06
drift,0,8,6.752e-06
drift,0,9,7.36e-06
particleBC,0,0,1.3792e-05
particleBC,0,1,9.696e-06
particleBC,0,2,1.1776e-05
particleBC,0,3,1.152e-05
particleBC,0,4,1.2064e-05
particleBC,0,5,9.599e-06
particleBC,0,6,1.2127e-05
particleBC,0,7,1.2032e-05
particleBC,0,8,1.2479e-05
particleBC,0,9,1.2479e-05
updateParticle,0,0,0.022909408
updateParticle,0,1,0.023078139
updateParticle,0,2,0.023099355
updateParticle,0,3,0.023257846
updateParticle,0,4,0.023085914
updateParticle,0,5,0.023152761
updateParticle,0,6,0.023126202
updateParticle,0,7,0.023157849
updateParticle,0,8,0.023100923
updateParticle,0,9,0.023054044
locateParticles,0,0,0.013229897
locateParticles,0,1,0.013229129
locateParticles,0,2,0.013222474
locateParticles,0,3,0.013227178
locateParticles,0,4,0.013219369
locateParticles,0,5,0.013215243
locateParticles,0,6,0.01321969
locateParticles,0,7,0.013230025
locateParticles,0,8,0.013233673
locateParticles,0,9,0.013220523
sendPreprocess,0,0,0.000215834
sendPreprocess,0,1,0.000247833
sendPreprocess,0,2,0.000235672
sendPreprocess,0,3,0.000286807
sendPreprocess,0,4,0.000233817
sendPreprocess,0,5,0.000252472
sendPreprocess,0,6,0.000232696
sendPreprocess,0,7,0.000233945
sendPreprocess,0,8,0.000225113
sendPreprocess,0,9,0.000232729
particleSend,0,0,0.000812519
particleSend,0,1,0.000821318
particleSend,0,2,0.000747721
particleSend,0,3,0.000810311
particleSend,0,4,0.000752873
particleSend,0,5,0.000732393
particleSend,0,6,0.000774025
particleSend,0,7,0.000759401
particleSend,0,8,0.000746601
particleSend,0,9,0.000768585
particleRecv,0,0,1.5743e-05
particleRecv,0,1,2.5024e-05
particleRecv,0,2,2.128e-05
particleRecv,0,3,1.5776e-05
particleRecv,0,4,3.0143e-05
particleRecv,0,5,2.8383e-05
particleRecv,0,6,3.2511e-05
particleRecv,0,7,3.8174e-05
particleRecv,0,8,3.2383e-05
particleRecv,0,9,2.5535e-05
particleDestroy,0,0,0.006945835
particleDestroy,0,1,0.006989417
particleDestroy,0,2,0.006956138
particleDestroy,0,3,0.006942187
particleDestroy,0,4,0.006937514
particleDestroy,0,5,0.006954059
particleDestroy,0,6,0.006946955
particleDestroy,0,7,0.006952907
particleDestroy,0,8,0.006961227
particleDestroy,0,9,0.006921611
ScatterPIFNUFFT,0,0,0.315605314
ScatterPIFNUFFT,0,1,2.2143e-05
ScatterPIFNUFFT,0,2,0.315831674
ScatterPIFNUFFT,0,3,1.3216e-05
ScatterPIFNUFFT,0,4,0.314721788
ScatterPIFNUFFT,0,5,5.1294e-05
ScatterPIFNUFFT,0,6,0.323104507
ScatterPIFNUFFT,0,7,1.9199e-05
ScatterPIFNUFFT,0,8,0.315230189
ScatterPIFNUFFT,0,9,1.8047e-05
ScatterPIFNUFFT,0,10,0.317864252
ScatterPIFNUFFT,0,11,3.9199e-05
ScatterPIFNUFFT,0,12,0.309348258
ScatterPIFNUFFT,0,13,3.4303e-05
ScatterPIFNUFFT,0,14,0.323557837
ScatterPIFNUFFT,0,15,2.144e-05
ScatterPIFNUFFT,0,16,0.321187061
ScatterPIFNUFFT,0,17,1.792e-05
ScatterPIFNUFFT,0,18,0.314805627
ScatterPIFNUFFT,0,19,1.8303e-05
NativeNUFFT1,0,0,0.31353149
NativeNUFFT1,0,1,0.31322289
NativeNUFFT1,0,2,0.312196585
NativeNUFFT1,0,3,0.320543179
NativeNUFFT1,0,4,0.312787768
NativeNUFFT1,0,5,0.315323051
NativeNUFFT1,0,6,0.306917196
NativeNUFFT1,0,7,0.320985884
NativeNUFFT1,0,8,0.318597509
NativeNUFFT1,0,9,0.312400709
scatterTimerNUFFT1,0,0,0.071912224
scatterTimerNUFFT1,0,1,0.071545002
scatterTimerNUFFT1,0,2,0.071283698
scatterTimerNUFFT1,0,3,0.071481068
scatterTimerNUFFT1,0,4,0.071653575
scatterTimerNUFFT1,0,5,0.071321618
scatterTimerNUFFT1,0,6,0.071540202
scatterTimerNUFFT1,0,7,0.071388719
scatterTimerNUFFT1,0,8,0.071385871
scatterTimerNUFFT1,0,9,0.071573611
binSort,0,0,0.015618208
binSort,0,1,0.015611521
binSort,0,2,0.015642015
binSort,0,3,0.015665023
binSort,0,4,0.015581441
binSort,0,5,0.015662622
binSort,0,6,0.015660896
binSort,0,7,0.015630529
binSort,0,8,0.015555938
binSort,0,9,0.01563136
binSort,0,10,0.015612865
binSort,0,11,0.015611713
binSort,0,12,0.015561699
binSort,0,13,0.015678015
binSort,0,14,0.015544163
binSort,0,15,0.015592001
binSort,0,16,0.01556525
binSort,0,17,0.015668287
binSort,0,18,0.015671198
binSort,0,19,0.015621664
binSort,0,20,0.015556739
binSort,0,21,0.015618561
binSort,0,22,0.015668287
binSort,0,23,0.015529891
binSort,0,24,0.015569409
binSort,0,25,0.015676543
binSort,0,26,0.01557773
binSort,0,27,0.015629536
binSort,0,28,0.015541506
binSort,0,29,0.015698781
binSort,0,30,0.015698526
binSort,0,31,0.015639487
binSort,0,32,0.01556525
binSort,0,33,0.01555869
binSort,0,34,0.01567155
binSort,0,35,0.01556733
binSort,0,36,0.0156272
binSort,0,37,0.015678943
binSort,0,38,0.015577313
binSort,0,39,0.015629952
binComputeKeys,0,0,0.00149653
binComputeKeys,0,1,0.001515281
binComputeKeys,0,2,0.001522769
binComputeKeys,0,3,0.001519441
binComputeKeys,0,4,0.00147909
binComputeKeys,0,5,0.001518225
binComputeKeys,0,6,0.001517362
binComputeKeys,0,7,0.001522738
binComputeKeys,0,8,0.001475859
binComputeKeys,0,9,0.001515538
binComputeKeys,0,10,0.001513041
binComputeKeys,0,11,0.001499794
binComputeKeys,0,12,0.001481075
binComputeKeys,0,13,0.001523825
binComputeKeys,0,14,0.001523889
binComputeKeys,0,15,0.001520177
binComputeKeys,0,16,0.001482995
binComputeKeys,0,17,0.001518513
binComputeKeys,0,18,0.001518065
binComputeKeys,0,19,0.001520241
binComputeKeys,0,20,0.001477459
binComputeKeys,0,21,0.001513554
binComputeKeys,0,22,0.001533681
binComputeKeys,0,23,0.001509746
binComputeKeys,0,24,0.001483539
binComputeKeys,0,25,0.001533105
binComputeKeys,0,26,0.001518002
binComputeKeys,0,27,0.00150693
binComputeKeys,0,28,0.001474579
binComputeKeys,0,29,0.001530865
binComputeKeys,0,30,0.001525041
binComputeKeys,0,31,0.001528817
binComputeKeys,0,32,0.001487955
binComputeKeys,0,33,0.001521201
binComputeKeys,0,34,0.001528081
binComputeKeys,0,35,0.001515793
binComputeKeys,0,36,0.001490578
binComputeKeys,0,37,0.001523537
binComputeKeys,0,38,0.001522961
binComputeKeys,0,39,0.001517426
binSortByKey,0,0,0.013434531
binSortByKey,0,1,0.013412357
binSortByKey,0,2,0.013426915
binSortByKey,0,3,0.013450659
binSortByKey,0,4,0.013418916
binSortByKey,0,5,0.013455267
binSortByKey,0,6,0.013448579
binSortByKey,0,7,0.013420836
binSortByKey,0,8,0.013399524
binSortByKey,0,9,0.013417892
binSortByKey,0,10,0.013410021
binSortByKey,0,11,0.013411556
binSortByKey,0,12,0.013399108
binSortByKey,0,13,0.013457763
binSortByKey,0,14,0.013344679
binSortByKey,0,15,0.013390564
binSortByKey,0,16,0.013397668
binSortByKey,0,17,0.013434116
binSortByKey,0,18,0.013450338
binSortByKey,0,19,0.013415204
binSortByKey,0,20,0.013395525
binSortByKey,0,21,0.01342202
binSortByKey,0,22,0.013443779
binSortByKey,0,23,0.013347045
binSortByKey,0,24,0.013409667
binSortByKey,0,25,0.013451012
binSortByKey,0,26,0.013378693
binSortByKey,0,27,0.013427683
binSortByKey,0,28,0.013382596
binSortByKey,0,29,0.013472801
binSortByKey,0,30,0.013478722
binSortByKey,0,31,0.01342106
binSortByKey,0,32,0.013395236
binSortByKey,0,33,0.013358278
binSortByKey,0,34,0.01344909
binSortByKey,0,35,0.013372773
binSortByKey,0,36,0.013444356
binSortByKey,0,37,0.013458755
binSortByKey,0,38,0.013375876
binSortByKey,0,39,0.013429187
binComputeOffsets,0,0,0.000684363
binComputeOffsets,0,1,0.000680715
binComputeOffsets,0,2,0.000688235
binComputeOffsets,0,3,0.000690379
binComputeOffsets,0,4,0.000681195
binComputeOffsets,0,5,0.000684683
binComputeOffsets,0,6,0.000689931
binComputeOffsets,0,7,0.000682635
binComputeOffsets,0,8,0.000678571
binComputeOffsets,0,9,0.000696331
binComputeOffsets,0,10,0.000685195
binComputeOffsets,0,11,0.000698027
binComputeOffsets,0,12,0.000679116
binComputeOffsets,0,13,0.000690699
binComputeOffsets,0,14,0.000673515
binComputeOffsets,0,15,0.000676268
binComputeOffsets,0,16,0.000679083
binComputeOffsets,0,17,0.000712778
binComputeOffsets,0,18,0.000697195
binComputeOffsets,0,19,0.000683723
binComputeOffsets,0,20,0.000680939
binComputeOffsets,0,21,0.000681675
binComputeOffsets,0,22,0.000686475
binComputeOffsets,0,23,0.000671468
binComputeOffsets,0,24,0.000674379
binComputeOffsets,0,25,0.000688234
binComputeOffsets,0,26,0.000676939
binComputeOffsets,0,27,0.000690123
binComputeOffsets,0,28,0.000681867
binComputeOffsets,0,29,0.000689259
binComputeOffsets,0,30,0.000688075
binComputeOffsets,0,31,0.000684267
binComputeOffsets,0,32,0.000679307
binComputeOffsets,0,33,0.000675371
binComputeOffsets,0,34,0.000689579
binComputeOffsets,0,35,0.000674604
binComputeOffsets,0,36,0.000687211
binComputeOffsets,0,37,0.000690699
binComputeOffsets,0,38,0.000675052
binComputeOffsets,0,39,0.000681515
FFTNUFFT1,0,0,0.240141167
FFTNUFFT1,0,1,0.240185422
FFTNUFFT1,0,2,0.239428741
FFTNUFFT1,0,3,0.247584588
FFTNUFFT1,0,4,0.239649982
FFTNUFFT1,0,5,0.242518566
FFTNUFFT1,0,6,0.233899471
FFTNUFFT1,0,7,0.248099003
FFTNUFFT1,0,8,0.245716612
FFTNUFFT1,0,9,0.23933956
TwiddleAdd,0,0,3.5071e-05
TwiddleAdd,0,1,2.3455e-05
TwiddleAdd,0,2,2.7743e-05
TwiddleAdd,0,3,3.2511e-05
TwiddleAdd,0,4,3.6894e-05
TwiddleAdd,0,5,3.8015e-05
TwiddleAdd,0,6,2.9663e-05
TwiddleAdd,0,7,3.2223e-05
TwiddleAdd,0,8,3.0015e-05
TwiddleAdd,0,9,3.1263e-05
TwiddleAdd,0,10,2.7903e-05
TwiddleAdd,0,11,2.3999e-05
TwiddleAdd,0,12,2.6592e-05
TwiddleAdd,0,13,2.5567e-05
TwiddleAdd,0,14,2.9535e-05
TwiddleAdd,0,15,2.7935e-05
TwiddleAdd,0,16,2.2399e-05
TwiddleAdd,0,17,2.7935e-05
TwiddleAdd,0,18,1.8975e-05
TwiddleAdd,0,19,2.8415e-05
subFFTs,0,0,0.122405456
subFFTs,0,1,0.117571972
subFFTs,0,2,0.120396557
subFFTs,0,3,0.119629318
subFFTs,0,4,0.11830603
subFFTs,0,5,0.120949213
subFFTs,0,6,0.120525066
subFFTs,0,7,0.126897255
subFFTs,0,8,0.117808157
subFFTs,0,9,0.121681478
subFFTs,0,10,0.1204691
subFFTs,0,11,0.121889632
subFFTs,0,12,0.117026293
subFFTs,0,13,0.116721438
subFFTs,0,14,0.12618118
subFFTs,0,15,0.121762724
subFFTs,0,16,0.12299091
subFFTs,0,17,0.122575915
subFFTs,0,18,0.117374378
subFFTs,0,19,0.121819459
deconvolutionNUFFT1,0,0,0.001476115
deconvolutionNUFFT1,0,1,0.001491442
deconvolutionNUFFT1,0,2,0.001482514
deconvolutionNUFFT1,0,3,0.001476115
deconvolutionNUFFT1,0,4,0.001482227
deconvolutionNUFFT1,0,5,0.001481523
deconvolutionNUFFT1,0,6,0.001475475
deconvolutionNUFFT1,0,7,0.001496978
deconvolutionNUFFT1,0,8,0.001490898
deconvolutionNUFFT1,0,9,0.001486418
GatherPIFNUFFT,0,0,0.86635486
GatherPIFNUFFT,0,1,0.869845665
GatherPIFNUFFT,0,2,0.877969896
GatherPIFNUFFT,0,3,0.879905483
GatherPIFNUFFT,0,4,0.865046965
GatherPIFNUFFT,0,5,0.879369276
GatherPIFNUFFT,0,6,0.885270599
GatherPIFNUFFT,0,7,0.87353915
GatherPIFNUFFT,0,8,0.881714517
GatherPIFNUFFT,0,9,0.871606794
NativeNUFFT2,0,0,0.287765369
NativeNUFFT2,0,1,0.28940039
NativeNUFFT2,0,2,0.288108302
NativeNUFFT2,0,3,0.284458046
NativeNUFFT2,0,4,0.293841182
NativeNUFFT2,0,5,0.290448902
NativeNUFFT2,0,6,0.286731513
NativeNUFFT2,0,7,0.291199759
NativeNUFFT2,0,8,0.297124377
NativeNUFFT2,0,9,0.294043928
NativeNUFFT2,0,10,0.294121461
NativeNUFFT2,0,11,0.289323881
NativeNUFFT2,0,12,0.285869811
NativeNUFFT2,0,13,0.287244169
NativeNUFFT2,0,14,0.290880762
NativeNUFFT2,0,15,0.28621556
NativeNUFFT2,0,16,0.29394169
NativeNUFFT2,0,17,0.29714844
NativeNUFFT2,0,18,0.293289104
NativeNUFFT2,0,19,0.301853736
NativeNUFFT2,0,20,0.289082608
NativeNUFFT2,0,21,0.289937461
NativeNUFFT2,0,22,0.291989751
NativeNUFFT2,0,23,0.289385255
NativeNUFFT2,0,24,0.293162515
NativeNUFFT2,0,25,0.290741949
NativeNUFFT2,0,26,0.295229044
NativeNUFFT2,0,27,0.28712462
NativeNUFFT2,0,28,0.293686627
NativeNUFFT2,0,29,0.288033969
PrecorrectionNUFFT2,0,0,0.002309241
PrecorrectionNUFFT2,0,1,0.006131908
PrecorrectionNUFFT2,0,2,0.006120676
PrecorrectionNUFFT2,0,3,0.00229497
PrecorrectionNUFFT2,0,4,0.006140899
PrecorrectionNUFFT2,0,5,0.006140003
PrecorrectionNUFFT2,0,6,0.002308154
PrecorrectionNUFFT2,0,7,0.006139843
PrecorrectionNUFFT2,0,8,0.006146339
PrecorrectionNUFFT2,0,9,0.002303641
PrecorrectionNUFFT2,0,10,0.006140355
PrecorrectionNUFFT2,0,11,0.00614122
PrecorrectionNUFFT2,0,12,0.002299833
PrecorrectionNUFFT2,0,13,0.006139652
PrecorrectionNUFFT2,0,14,0.00613338
PrecorrectionNUFFT2,0,15,0.002315865
PrecorrectionNUFFT2,0,16,0.006138372
PrecorrectionNUFFT2,0,17,0.006127524
PrecorrectionNUFFT2,0,18,0.002308569
PrecorrectionNUFFT2,0,19,0.006135076
PrecorrectionNUFFT2,0,20,0.006133731
PrecorrectionNUFFT2,0,21,0.002310489
PrecorrectionNUFFT2,0,22,0.006127684
PrecorrectionNUFFT2,0,23,0.006115332
PrecorrectionNUFFT2,0,24,0.002302554
PrecorrectionNUFFT2,0,25,0.006127492
PrecorrectionNUFFT2,0,26,0.006143811
PrecorrectionNUFFT2,0,27,0.002304665
PrecorrectionNUFFT2,0,28,0.006121892
PrecorrectionNUFFT2,0,29,0.006139747
FFTNUFFT2,0,0,0.241578243
FFTNUFFT2,0,1,0.239304138
FFTNUFFT2,0,2,0.23736554
FFTNUFFT2,0,3,0.237754744
FFTNUFFT2,0,4,0.242042389
FFTNUFFT2,0,5,0.240309418
FFTNUFFT2,0,6,0.237934675
FFTNUFFT2,0,7,0.241236909
FFTNUFFT2,0,8,0.24355639
FFTNUFFT2,0,9,0.247748325
FFTNUFFT2,0,10,0.244289232
FFTNUFFT2,0,11,0.239310537
FFTNUFFT2,0,12,0.237411619
FFTNUFFT2,0,13,0.235150377
FFTNUFFT2,0,14,0.240768284
FFTNUFFT2,0,15,0.239840025
FFTNUFFT2,0,16,0.243637124
FFTNUFFT2,0,17,0.247248566
FFTNUFFT2,0,18,0.246945982
FFTNUFFT2,0,19,0.251509618
FFTNUFFT2,0,20,0.238487715
FFTNUFFT2,0,21,0.243700097
FFTNUFFT2,0,22,0.241974168
FFTNUFFT2,0,23,0.239091632
FFTNUFFT2,0,24,0.24705769
FFTNUFFT2,0,25,0.240715774
FFTNUFFT2,0,26,0.24493382
FFTNUFFT2,0,27,0.240620801
FFTNUFFT2,0,28,0.243652547
FFTNUFFT2,0,29,0.237867445
subIFFTs,0,0,0.123820004
subIFFTs,0,1,0.116986262
subIFFTs,0,2,0.118447081
subIFFTs,0,3,0.120098199
subIFFTs,0,4,0.122104345
subIFFTs,0,5,0.114492899
subIFFTs,0,6,0.120915389
subIFFTs,0,7,0.116090994
subIFFTs,0,8,0.119635621
subIFFTs,0,9,0.121653992
subIFFTs,0,10,0.124399475
subIFFTs,0,11,0.115163951
subIFFTs,0,12,0.119965531
subIFFTs,0,13,0.117229871
subIFFTs,0,14,0.120377807
subIFFTs,0,15,0.120112566
subIFFTs,0,16,0.124479536
subIFFTs,0,17,0.118332781
subIFFTs,0,18,0.122918976
subIFFTs,0,19,0.124079996
subIFFTs,0,20,0.119863454
subIFFTs,0,21,0.123666762
subIFFTs,0,22,0.117307948
subIFFTs,0,23,0.121237588
subIFFTs,0,24,0.11823656
subIFFTs,0,25,0.118448714
subIFFTs,0,26,0.120861855
subIFFTs,0,27,0.113523298
subIFFTs,0,28,0.117676641
subIFFTs,0,29,0.122348338
subIFFTs,0,30,0.117749183
subIFFTs,0,31,0.121321361
subIFFTs,0,32,0.119884541
subIFFTs,0,33,0.123015229
subIFFTs,0,34,0.12265588
subIFFTs,0,35,0.123823364
subIFFTs,0,36,0.12539554
subIFFTs,0,37,0.120771106
subIFFTs,0,38,0.125935779
subIFFTs,0,39,0.124813222
subIFFTs,0,40,0.117873948
subIFFTs,0,41,0.119872382
subIFFTs,0,42,0.12312537
subIFFTs,0,43,0.119788416
subIFFTs,0,44,0.121995549
subIFFTs,0,45,0.119233905
subIFFTs,0,46,0.117653794
subIFFTs,0,47,0.120666181
subIFFTs,0,48,0.120876159
subIFFTs,0,49,0.125390868
subIFFTs,0,50,0.115244588
subIFFTs,0,51,0.124729801
subIFFTs,0,52,0.121934559
subIFFTs,0,53,0.122239061
subIFFTs,0,54,0.115893529
subIFFTs,0,55,0.123978368
subIFFTs,0,56,0.115288874
subIFFTs,0,57,0.127564434
subIFFTs,0,58,0.118069237
subIFFTs,0,59,0.119064598
StridedWrite,0,0,3.9295e-05
StridedWrite,0,1,4.0511e-05
StridedWrite,0,2,2.4448e-05
StridedWrite,0,3,2.8799e-05
StridedWrite,0,4,3.3887e-05
StridedWrite,0,5,2.3999e-05
StridedWrite,0,6,3.1264e-05
StridedWrite,0,7,3.0367e-05
StridedWrite,0,8,2.4127e-05
StridedWrite,0,9,2.2111e-05
StridedWrite,0,10,2.7231e-05
StridedWrite,0,11,1.9039e-05
StridedWrite,0,12,2.9311e-05
StridedWrite,0,13,2.5951e-05
StridedWrite,0,14,2.7423e-05
StridedWrite,0,15,2.1823e-05
StridedWrite,0,16,4.1855e-05
StridedWrite,0,17,2.2303e-05
StridedWrite,0,18,2.5887e-05
StridedWrite,0,19,3.1839e-05
StridedWrite,0,20,2.6239e-05
StridedWrite,0,21,3.6958e-05
StridedWrite,0,22,3.8751e-05
StridedWrite,0,23,4.5119e-05
StridedWrite,0,24,2.1151e-05
StridedWrite,0,25,2.3071e-05
StridedWrite,0,26,2.4287e-05
StridedWrite,0,27,3.6222e-05
StridedWrite,0,28,2.0607e-05
StridedWrite,0,29,2.9439e-05
StridedWrite,0,30,2.1344e-05
StridedWrite,0,31,3.0239e-05
StridedWrite,0,32,1.5968e-05
StridedWrite,0,33,2.3231e-05
StridedWrite,0,34,2.0736e-05
StridedWrite,0,35,4.5887e-05
StridedWrite,0,36,4.6911e-05
StridedWrite,0,37,2.5151e-05
StridedWrite,0,38,2.6143e-05
StridedWrite,0,39,3.4879e-05
StridedWrite,0,40,2.9567e-05
StridedWrite,0,41,2.9247e-05
StridedWrite,0,42,3.9871e-05
StridedWrite,0,43,3.683e-05
StridedWrite,0,44,1.8143e-05
StridedWrite,0,45,2.7872e-05
StridedWrite,0,46,3.5455e-05
StridedWrite,0,47,2.3359e-05
StridedWrite,0,48,3.0815e-05
StridedWrite,0,49,6.467e-05
StridedWrite,0,50,2.5279e-05
StridedWrite,0,51,3.3823e-05
StridedWrite,0,52,2.3327e-05
StridedWrite,0,53,3.3695e-05
StridedWrite,0,54,2.4127e-05
StridedWrite,0,55,2.3871e-05
StridedWrite,0,56,2.4447e-05
StridedWrite,0,57,5.6158e-05
StridedWrite,0,58,2.448e-05
StridedWrite,0,59,2.6751e-05
GatherNUFFT2,0,0,0.019774337
GatherNUFFT2,0,1,0.01976112
GatherNUFFT2,0,2,0.02056404
GatherNUFFT2,0,3,0.020324751
GatherNUFFT2,0,4,0.021529451
GatherNUFFT2,0,5,0.019945692
GatherNUFFT2,0,6,0.022365617
GatherNUFFT2,0,7,0.019731971
GatherNUFFT2,0,8,0.023371123
GatherNUFFT2,0,9,0.019798593
GatherNUFFT2,0,10,0.019597638
GatherNUFFT2,0,11,0.019731905
GatherNUFFT2,0,12,0.022065531
GatherNUFFT2,0,13,0.021862816
GatherNUFFT2,0,14,0.019908892
GatherNUFFT2,0,15,0.019899229
GatherNUFFT2,0,16,0.020092311
GatherNUFFT2,0,17,0.019709762
GatherNUFFT2,0,18,0.019883934
GatherNUFFT2,0,19,0.02000761
GatherNUFFT2,0,20,0.020393678
GatherNUFFT2,0,21,0.019770624
GatherNUFFT2,0,22,0.019791104
GatherNUFFT2,0,23,0.019986683
GatherNUFFT2,0,24,0.019661316
GatherNUFFT2,0,25,0.019740481
GatherNUFFT2,0,26,0.019959451
GatherNUFFT2,0,27,0.020028601
GatherNUFFT2,0,28,0.019694179
GatherNUFFT2,0,29,0.019878685
mainTimer,1,0,12.343529864
dumpData,1,0,0.011031469
dumpData,1,1,0.011108842
dumpData,1,2,0.011790997
dumpData,1,3,0.011282374
dumpData,1,4,0.010691159
dumpData,1,5,0.011703801
dumpData,1,6,0.011123274
dumpData,1,7,0.010703095
dumpData,1,8,0.011080619
dumpData,1,9,0.010599418
kick,1,0,3.8751e-05
kick,1,1,6.528e-06
kick,1,2,3.8303e-05
kick,1,3,7.168e-06
kick,1,4,3.9806e-05
kick,1,5,9.856e-06
kick,1,6,3.6735e-05
kick,1,7,8.192e-06
kick,1,8,4.2494e-05
kick,1,9,9.024e-06
kick,1,10,3.9743e-05
kick,1,11,7.648e-06
kick,1,12,3.7599e-05
kick,1,13,4.1183e-05
kick,1,14,3.8047e-05
kick,1,15,6.272e-06
kick,1,16,4.0287e-05
kick,1,17,5.888e-06
kick,1,18,3.7951e-05
kick,1,19,7.712e-06
drift,1,0,1.1327e-05
drift,1,1,7.296e-06
drift,1,2,7.84e-06
drift,1,3,1.1359e-05
drift,1,4,9.664e-06
drift,1,5,6.72e-06
drift,1,6,1.1648e-05
drift,1,7,1.0271e-05
drift,1,8,9.984e-06
drift,1,9,9.632e-06
particleBC,1,0,1.2832e-05
particleBC,1,1,1.2928e-05
particleBC,1,2,1.1936e-05
particleBC,1,3,1.1904e-05
particleBC,1,4,1.216e-05
particleBC,1,5,1.0719e-05
particleBC,1,6,1.2287e-05
particleBC,1,7,1.1136e-05
particleBC,1,8,1.3119e-05
particleBC,1,9,1.1615e-05
updateParticle,1,0,0.02317004
updateParticle,1,1,0.023193303
updateParticle,1,2,0.022998878
updateParticle,1,3,0.023270453
updateParticle,1,4,0.022913375
updateParticle,1,5,0.023020221
updateParticle,1,6,0.022983006
updateParticle,1,7,0.023030813
updateParticle,1,8,0.023031389
updateParticle,1,9,0.022915488
locateParticles,1,0,0.013151084
locateParticles,1,1,0.013181739
locateParticles,1,2,0.013155564
locateParticles,1,3,0.013148204
locateParticles,1,4,0.013165643
locateParticles,1,5,0.013171276
locateParticles,1,6,0.013151116
locateParticles,1,7,0.013155563
locateParticles,1,8,0.013171979
locateParticles,1,9,0.013184748
sendPreprocess,1,0,0.000296311
sendPreprocess,1,1,0.000293815
sendPreprocess,1,2,0.00030223
sendPreprocess,1,3,0.000365557
sendPreprocess,1,4,0.000288823
sendPreprocess,1,5,0.000299319
sendPreprocess,1,6,0.00030191
sendPreprocess,1,7,0.000309431
sendPreprocess,1,8,0.000288759
sendPreprocess,1,9,0.000270807
particleSend,1,0,0.000786568
particleSend,1,1,0.000760936
particleSend,1,2,0.000818663
particleSend,1,3,0.000805704
particleSend,1,4,0.000750793
particleSend,1,5,0.000749449
particleSend,1,6,0.000818919
particleSend,1,7,0.000833606
particleSend,1,8,0.000742825
particleSend,1,9,0.000765929
particleRecv,1,0,1.7664e-05
particleRecv,1,1,2.0544e-05
particleRecv,1,2,1.792e-05
particleRecv,1,3,1.7535e-05
particleRecv,1,4,2.8895e-05
particleRecv,1,5,2.1119e-05
particleRecv,1,6,2.3039e-05
particleRecv,1,7,2.496e-05
particleRecv,1,8,3.3375e-05
particleRecv,1,9,2.2687e-05
particleDestroy,1,0,0.007427675
particleDestroy,1,1,0.007404956
particleDestroy,1,2,0.007281088
particleDestroy,1,3,0.007309503
particleDestroy,1,4,0.007297919
particleDestroy,1,5,0.007309663
particleDestroy,1,6,0.007289793
particleDestroy,1,7,0.007304992
particleDestroy,1,8,0.007330368
particleDestroy,1,9,0.007301791
ScatterPIFNUFFT,1,0,0.321205749
ScatterPIFNUFFT,1,1,2.2207e-05
ScatterPIFNUFFT,1,2,0.315560963
ScatterPIFNUFFT,1,3,1.9519e-05
ScatterPIFNUFFT,1,4,0.314332136
ScatterPIFNUFFT,1,5,4.4286e-05
ScatterPIFNUFFT,1,6,0.32303811
ScatterPIFNUFFT,1,7,1.6319e-05
ScatterPIFNUFFT,1,8,0.314763132
ScatterPIFNUFFT,1,9,1.3824e-05
ScatterPIFNUFFT,1,10,0.318865918
ScatterPIFNUFFT,1,11,1.9584e-05
ScatterPIFNUFFT,1,12,0.313999699
ScatterPIFNUFFT,1,13,4.5503e-05
ScatterPIFNUFFT,1,14,0.324257399
ScatterPIFNUFFT,1,15,1.52e-05
ScatterPIFNUFFT,1,16,0.321780675
ScatterPIFNUFFT,1,17,1.4719e-05
ScatterPIFNUFFT,1,18,0.315560164
ScatterPIFNUFFT,1,19,1.4975e-05
NativeNUFFT1,1,0,0.31937307
NativeNUFFT1,1,1,0.313036752
NativeNUFFT1,1,2,0.311775223
NativeNUFFT1,1,3,0.320466636
NativeNUFFT1,1,4,0.312124941
NativeNUFFT1,1,5,0.316241358
NativeNUFFT1,1,6,0.311309573
NativeNUFFT1,1,7,0.321641928
NativeNUFFT1,1,8,0.319145652
NativeNUFFT1,1,9,0.313053648
scatterTimerNUFFT1,1,0,0.071916127
scatterTimerNUFFT1,1,1,0.071512747
scatterTimerNUFFT1,1,2,0.071290514
scatterTimerNUFFT1,1,3,0.071178005
scatterTimerNUFFT1,1,4,0.071275283
scatterTimerNUFFT1,1,5,0.071832962
scatterTimerNUFFT1,1,6,0.071596264
scatterTimerNUFFT1,1,7,0.071464396
scatterTimerNUFFT1,1,8,0.071146902
scatterTimerNUFFT1,1,9,0.071700134
binSort,1,0,0.015659071
binSort,1,1,0.015506948
binSort,1,2,0.015525955
binSort,1,3,0.01561536
binSort,1,4,0.015574306
binSort,1,5,0.015640895
binSort,1,6,0.015586049
binSort,1,7,0.015529827
binSort,1,8,0.015580577
binSort,1,9,0.01558608
binSort,1,10,0.015642304
binSort,1,11,0.015642432
binSort,1,12,0.015570978
binSort,1,13,0.015587617
binSort,1,14,0.015634304
binSort,1,15,0.015650047
binSort,1,16,0.015570882
binSort,1,17,0.015576866
binSort,1,18,0.015600225
binSort,1,19,0.01548682
binSort,1,20,0.015587074
binSort,1,21,0.015521636
binSort,1,22,0.015535267
binSort,1,23,0.015617088
binSort,1,24,0.015531042
binSort,1,25,0.015628832
binSort,1,26,0.015639008
binSort,1,27,0.015715197
binSort,1,28,0.015569986
binSort,1,29,0.015573857
binSort,1,30,0.015592193
binSort,1,31,0.015506372
binSort,1,32,0.015579617
binSort,1,33,0.015543202
binSort,1,34,0.015546657
binSort,1,35,0.015592641
binSort,1,36,0.015663647
binSort,1,37,0.015600161
binSort,1,38,0.015691517
binSort,1,39,0.015521251
binComputeKeys,1,0,0.001488691
binComputeKeys,1,1,0.00151461
binComputeKeys,1,2,0.001507858
binComputeKeys,1,3,0.001521457
binComputeKeys,1,4,0.001474515
binComputeKeys,1,5,0.001535728
binComputeKeys,1,6,0.001523889
binComputeKeys,1,7,0.001498865
binComputeKeys,1,8,0.001489074
binComputeKeys,1,9,0.001528145
binComputeKeys,1,10,0.001524305
binComputeKeys,1,11,0.001515026
binComputeKeys,1,12,0.001479443
binComputeKeys,1,13,0.001517201
binComputeKeys,1,14,0.001518705
binComputeKeys,1,15,0.001519089
binComputeKeys,1,16,0.001484147
binComputeKeys,1,17,0.001520977
binComputeKeys,1,18,0.001519186
binComputeKeys,1,19,0.001496306
binComputeKeys,1,20,0.001492434
binComputeKeys,1,21,0.001516082
binComputeKeys,1,22,0.001509266
binComputeKeys,1,23,0.001510546
binComputeKeys,1,24,0.00147685
binComputeKeys,1,25,0.001522353
binComputeKeys,1,26,0.001521617
binComputeKeys,1,27,0.001515793
binComputeKeys,1,28,0.001485106
binComputeKeys,1,29,0.001513682
binComputeKeys,1,30,0.001519697
binComputeKeys,1,31,0.001505394
binComputeKeys,1,32,0.00148581
binComputeKeys,1,33,0.001511601
binComputeKeys,1,34,0.001506929
binComputeKeys,1,35,0.001519313
binComputeKeys,1,36,0.001491762
binComputeKeys,1,37,0.001523761
binComputeKeys,1,38,0.001507986
binComputeKeys,1,39,0.00151717
binSortByKey,1,0,0.013488257
binSortByKey,1,1,0.013321063
binSortByKey,1,2,0.013347717
binSortByKey,1,3,0.01341322
binSortByKey,1,4,0.013423428
binSortByKey,1,5,0.01341562
binSortByKey,1,6,0.013387237
binSortByKey,1,7,0.013355238
binSortByKey,1,8,0.01341642
binSortByKey,1,9,0.013385924
binSortByKey,1,10,0.013433028
binSortByKey,1,11,0.013437284
binSortByKey,1,12,0.013413348
binSortByKey,1,13,0.013389829
binSortByKey,1,14,0.013428996
binSortByKey,1,15,0.013440643
binSortByKey,1,16,0.013412131
binSortByKey,1,17,0.013377446
binSortByKey,1,18,0.013406211
binSortByKey,1,19,0.013318151
binSortByKey,1,20,0.013411877
binSortByKey,1,21,0.013332454
binSortByKey,1,22,0.013353957
binSortByKey,1,23,0.013420579
binSortByKey,1,24,0.013382149
binSortByKey,1,25,0.013420804
binSortByKey,1,26,0.013429316
binSortByKey,1,27,0.013497057
binSortByKey,1,28,0.013404708
binSortByKey,1,29,0.013383429
binSortByKey,1,30,0.013392357
binSortByKey,1,31,0.01332855
binSortByKey,1,32,0.013412964
binSortByKey,1,33,0.01335319
binSortByKey,1,34,0.013366341
binSortByKey,1,35,0.013395333
binSortByKey,1,36,0.013486594
binSortByKey,1,37,0.013395653
binSortByKey,1,38,0.013483297
binSortByKey,1,39,0.013335622
binComputeOffsets,1,0,0.000680395
binComputeOffsets,1,1,0.000669003
binComputeOffsets,1,2,0.00066894
binComputeOffsets,1,3,0.000679563
binComputeOffsets,1,4,0.000674795
binComputeOffsets,1,5,0.000686379
binComputeOffsets,1,6,0.000671179
binComputeOffsets,1,7,0.000671884
binComputeOffsets,1,8,0.000672459
binComputeOffsets,1,9,0.000671275
binComputeOffsets,1,10,0.000682187
binComputeOffsets,1,11,0.000685931
binComputeOffsets,1,12,0.000676491
binComputeOffsets,1,13,0.000678667
binComputeOffsets,1,14,0.000683499
binComputeOffsets,1,15,0.000686731
binComputeOffsets,1,16,0.000670892
binComputeOffsets,1,17,0.000674859
binComputeOffsets,1,18,0.000671404
binComputeOffsets,1,19,0.000670027
binComputeOffsets,1,20,0.000681099
binComputeOffsets,1,21,0.00067022
binComputeOffsets,1,22,0.000670572
binComputeOffsets,1,23,0.000682123
binComputeOffsets,1,24,0.000670187
binComputeOffsets,1,25,0.000682123
binComputeOffsets,1,26,0.000683659
binComputeOffsets,1,27,0.000698795
binComputeOffsets,1,28,0.000677804
binComputeOffsets,1,29,0.000673675
binComputeOffsets,1,30,0.000678091
binComputeOffsets,1,31,0.000669228
binComputeOffsets,1,32,0.000676683
binComputeOffsets,1,33,0.000677291
binComputeOffsets,1,34,0.000671627
binComputeOffsets,1,35,0.000675531
binComputeOffsets,1,36,0.000681483
binComputeOffsets,1,37,0.000677643
binComputeOffsets,1,38,0.00069601
binComputeOffsets,1,39,0.000667019
FFTNUFFT1,1,0,0.245962749
FFTNUFFT1,1,1,0.240031411
FFTNUFFT1,1,2,0.239001907
FFTNUFFT1,1,3,0.247793157
FFTNUFFT1,1,4,0.23935412
FFTNUFFT1,1,5,0.242916474
FFTNUFFT1,1,6,0.238213963
FFTNUFFT1,1,7,0.248685385
FFTNUFFT1,1,8,0.246497068
FFTNUFFT1,1,9,0.239852376
TwiddleAdd,1,0,2.7903e-05
TwiddleAdd,1,1,6.5982e-05
TwiddleAdd,1,2,2.4224e-05
TwiddleAdd,1,3,3.1359e-05
TwiddleAdd,1,4,2.32e-05
TwiddleAdd,1,5,3.8335e-05
TwiddleAdd,1,6,2.8256e-05
TwiddleAdd,1,7,2.7455e-05
TwiddleAdd,1,8,2.6207e-05
TwiddleAdd,1,9,2.7776e-05
TwiddleAdd,1,10,2.3808e-05
TwiddleAdd,1,11,4.0287e-05
TwiddleAdd,1,12,6.0126e-05
TwiddleAdd,1,13,2.6719e-05
TwiddleAdd,1,14,2.1856e-05
TwiddleAdd,1,15,2.8991e-05
TwiddleAdd,1,16,2.0128e-05
TwiddleAdd,1,17,3.7215e-05
TwiddleAdd,1,18,2.4959e-05
TwiddleAdd,1,19,2.2207e-05
subFFTs,1,0,0.123491311
subFFTs,1,1,0.122275316
subFFTs,1,2,0.121052217
subFFTs,1,3,0.11882083
subFFTs,1,4,0.119068374
subFFTs,1,5,0.119765249
subFFTs,1,6,0.120118326
subFFTs,1,7,0.127518195
subFFTs,1,8,0.118984633
subFFTs,1,9,0.1202157
subFFTs,1,10,0.120723747
subFFTs,1,11,0.122021723
subFFTs,1,12,0.119085526
subFFTs,1,13,0.118938971
subFFTs,1,14,0.128388024
subFFTs,1,15,0.120144341
subFFTs,1,16,0.123296404
subFFTs,1,17,0.123042908
subFFTs,1,18,0.118077621
subFFTs,1,19,0.121627176
deconvolutionNUFFT1,1,0,0.00149317
deconvolutionNUFFT1,1,1,0.00149141
deconvolutionNUFFT1,1,2,0.001481298
deconvolutionNUFFT1,1,3,0.00149333
deconvolutionNUFFT1,1,4,0.001490418
deconvolutionNUFFT1,1,5,0.00148933
deconvolutionNUFFT1,1,6,0.001498034
deconvolutionNUFFT1,1,7,0.001491091
deconvolutionNUFFT1,1,8,0.001498514
deconvolutionNUFFT1,1,9,0.001498834
GatherPIFNUFFT,1,0,0.860806582
GatherPIFNUFFT,1,1,0.870847554
GatherPIFNUFFT,1,2,0.878187137
GatherPIFNUFFT,1,3,0.879822702
GatherPIFNUFFT,1,4,0.866033942
GatherPIFNUFFT,1,5,0.877540277
GatherPIFNUFFT,1,6,0.881410718
GatherPIFNUFFT,1,7,0.871794084
GatherPIFNUFFT,1,8,0.879675603
GatherPIFNUFFT,1,9,0.871077979
NativeNUFFT2,1,0,0.282557977
NativeNUFFT2,1,1,0.288949268
NativeNUFFT2,1,2,0.288127629
NativeNUFFT2,1,3,0.285637402
NativeNUFFT2,1,4,0.294303312
NativeNUFFT2,1,5,0.289701469
NativeNUFFT2,1,6,0.290115024
NativeNUFFT2,1,7,0.290515397
NativeNUFFT2,1,8,0.29649646
NativeNUFFT2,1,9,0.294027289
NativeNUFFT2,1,10,0.293686051
NativeNUFFT2,1,11,0.289418886
NativeNUFFT2,1,12,0.287098221
NativeNUFFT2,1,13,0.287447074
NativeNUFFT2,1,14,0.290134513
NativeNUFFT2,1,15,0.284715894
NativeNUFFT2,1,16,0.294096854
NativeNUFFT2,1,17,0.296312339
NativeNUFFT2,1,18,0.288378919
NativeNUFFT2,1,19,0.300979523
NativeNUFFT2,1,20,0.290742141
NativeNUFFT2,1,21,0.289294697
NativeNUFFT2,1,22,0.292546182
NativeNUFFT2,1,23,0.288817528
NativeNUFFT2,1,24,0.292144658
NativeNUFFT2,1,25,0.292386859
NativeNUFFT2,1,26,0.293906428
NativeNUFFT2,1,27,0.287500928
NativeNUFFT2,1,28,0.292265422
NativeNUFFT2,1,29,0.289650111
PrecorrectionNUFFT2,1,0,0.002306298
PrecorrectionNUFFT2,1,1,0.006139044
PrecorrectionNUFFT2,1,2,0.006126435
PrecorrectionNUFFT2,1,3,0.002312826
PrecorrectionNUFFT2,1,4,0.0061417
PrecorrectionNUFFT2,1,5,0.006124355
PrecorrectionNUFFT2,1,6,0.002302297
PrecorrectionNUFFT2,1,7,0.006123044
PrecorrectionNUFFT2,1,8,0.006150114
PrecorrectionNUFFT2,1,9,0.002303193
PrecorrectionNUFFT2,1,10,0.006135172
PrecorrectionNUFFT2,1,11,0.006137668
PrecorrectionNUFFT2,1,12,0.002298106
PrecorrectionNUFFT2,1,13,0.00612874
PrecorrectionNUFFT2,1,14,0.006125988
PrecorrectionNUFFT2,1,15,0.002306329
PrecorrectionNUFFT2,1,16,0.006138596
PrecorrectionNUFFT2,1,17,0.006141508
PrecorrectionNUFFT2,1,18,0.00230377
PrecorrectionNUFFT2,1,19,0.006140163
PrecorrectionNUFFT2,1,20,0.006119108
PrecorrectionNUFFT2,1,21,0.002301562
PrecorrectionNUFFT2,1,22,0.006125795
PrecorrectionNUFFT2,1,23,0.006123876
PrecorrectionNUFFT2,1,24,0.002300666
PrecorrectionNUFFT2,1,25,0.006102309
PrecorrectionNUFFT2,1,26,0.00613114
PrecorrectionNUFFT2,1,27,0.002299449
PrecorrectionNUFFT2,1,28,0.006124517
PrecorrectionNUFFT2,1,29,0.006131172
FFTNUFFT2,1,0,0.236345317
FFTNUFFT2,1,1,0.239232427
FFTNUFFT2,1,2,0.238063951
FFTNUFFT2,1,3,0.23941879
FFTNUFFT2,1,4,0.244213651
FFTNUFFT2,1,5,0.239973525
FFTNUFFT2,1,6,0.24390502
FFTNUFFT2,1,7,0.240666655
FFTNUFFT2,1,8,0.246772548
FFTNUFFT2,1,9,0.248113786
FFTNUFFT2,1,10,0.243786239
FFTNUFFT2,1,11,0.239387142
FFTNUFFT2,1,12,0.240822074
FFTNUFFT2,1,13,0.237553247
FFTNUFFT2,1,14,0.240153615
FFTNUFFT2,1,15,0.238630942
FFTNUFFT2,1,16,0.244262289
FFTNUFFT2,1,17,0.246290451
FFTNUFFT2,1,18,0.242316429
FFTNUFFT2,1,19,0.250125724
FFTNUFFT2,1,20,0.239124271
FFTNUFFT2,1,21,0.243477321
FFTNUFFT2,1,22,0.242774238
FFTNUFFT2,1,23,0.239041873
FFTNUFFT2,1,24,0.246058105
FFTNUFFT2,1,25,0.242541414
FFTNUFFT2,1,26,0.244091991
FFTNUFFT2,1,27,0.241548964
FFTNUFFT2,1,28,0.24018731
FFTNUFFT2,1,29,0.239602592
subIFFTs,1,0,0.117328716
subIFFTs,1,1,0.118282351
subIFFTs,1,2,0.11861194
subIFFTs,1,3,0.119865598
subIFFTs,1,4,0.122335986
subIFFTs,1,5,0.114971636
subIFFTs,1,6,0.121976317
subIFFTs,1,7,0.11666992
subIFFTs,1,8,0.12175418
subIFFTs,1,9,0.121684262
subIFFTs,1,10,0.122677544
subIFFTs,1,11,0.116544676
subIFFTs,1,12,0.12351291
subIFFTs,1,13,0.119647301
subIFFTs,1,14,0.120437613
subIFFTs,1,15,0.119501929
subIFFTs,1,16,0.124245847
subIFFTs,1,17,0.121762628
subIFFTs,1,18,0.122597738
subIFFTs,1,19,0.124755144
subIFFTs,1,20,0.120602856
subIFFTs,1,21,0.122416783
subIFFTs,1,22,0.11764653
subIFFTs,1,23,0.12097062
subIFFTs,1,24,0.119526249
subIFFTs,1,25,0.120524777
subIFFTs,1,26,0.122602506
subIFFTs,1,27,0.114176301
subIFFTs,1,28,0.1186465
subIFFTs,1,29,0.120767042
subIFFTs,1,30,0.119412108
subIFFTs,1,31,0.118474825
subIFFTs,1,32,0.119405644
subIFFTs,1,33,0.124101884
subIFFTs,1,34,0.12334706
subIFFTs,1,35,0.122191223
subIFFTs,1,36,0.120075287
subIFFTs,1,37,0.121514123
subIFFTs,1,38,0.126307672
subIFFTs,1,39,0.12305558
subIFFTs,1,40,0.119515369
subIFFTs,1,41,0.118847869
subIFFTs,1,42,0.12291264
subIFFTs,1,43,0.119800831
subIFFTs,1,44,0.121834402
subIFFTs,1,45,0.120170677
subIFFTs,1,46,0.117724608
subIFFTs,1,47,0.120563049
subIFFTs,1,48,0.120358159
subIFFTs,1,49,0.124959169
subIFFTs,1,50,0.116414312
subIFFTs,1,51,0.125326199
subIFFTs,1,52,0.121906975
subIFFTs,1,53,0.121421038
subIFFTs,1,54,0.118994041
subIFFTs,1,55,0.121785507
subIFFTs,1,56,0.116695423
subIFFTs,1,57,0.122754341
subIFFTs,1,58,0.119891837
subIFFTs,1,59,0.118924059
StridedWrite,1,0,2.9311e-05
StridedWrite,1,1,2.9087e-05
StridedWrite,1,2,2.8415e-05
StridedWrite,1,3,4.3391e-05
StridedWrite,1,4,2.736e-05
StridedWrite,1,5,2.8927e-05
StridedWrite,1,6,2.1823e-05
StridedWrite,1,7,3.9551e-05
StridedWrite,1,8,4.2623e-05
StridedWrite,1,9,3.5615e-05
StridedWrite,1,10,3.2703e-05
StridedWrite,1,11,3.9679e-05
StridedWrite,1,12,2.8479e-05
StridedWrite,1,13,2.9343e-05
StridedWrite,1,14,2.2368e-05
StridedWrite,1,15,2.4191e-05
StridedWrite,1,16,3.0015e-05
StridedWrite,1,17,4.3199e-05
StridedWrite,1,18,2.8863e-05
StridedWrite,1,19,3.4527e-05
StridedWrite,1,20,2.6719e-05
StridedWrite,1,21,2.6879e-05
StridedWrite,1,22,2.9695e-05
StridedWrite,1,23,2.8799e-05
StridedWrite,1,24,3.5647e-05
StridedWrite,1,25,4.0863e-05
StridedWrite,1,26,2.8223e-05
StridedWrite,1,27,6.371e-05
StridedWrite,1,28,2.8639e-05
StridedWrite,1,29,3.4175e-05
StridedWrite,1,30,1.9903e-05
StridedWrite,1,31,3.8431e-05
StridedWrite,1,32,2.2368e-05
StridedWrite,1,33,4.6495e-05
StridedWrite,1,34,4.9214e-05
StridedWrite,1,35,2.3455e-05
StridedWrite,1,36,2.7712e-05
StridedWrite,1,37,2.6367e-05
StridedWrite,1,38,2.6559e-05
StridedWrite,1,39,3.3311e-05
StridedWrite,1,40,2.3295e-05
StridedWrite,1,41,3.5007e-05
StridedWrite,1,42,4.1727e-05
StridedWrite,1,43,4.2143e-05
StridedWrite,1,44,1.9839e-05
StridedWrite,1,45,4.6655e-05
StridedWrite,1,46,2.1471e-05
StridedWrite,1,47,4.5502e-05
StridedWrite,1,48,2.3392e-05
StridedWrite,1,49,2.8479e-05
StridedWrite,1,50,3.8558e-05
StridedWrite,1,51,5.5742e-05
StridedWrite,1,52,3.8399e-05
StridedWrite,1,53,4.3167e-05
StridedWrite,1,54,3.3886e-05
StridedWrite,1,55,4.9887e-05
StridedWrite,1,56,2.9568e-05
StridedWrite,1,57,2.0319e-05
StridedWrite,1,58,3.0591e-05
StridedWrite,1,59,4.6366e-05
GatherNUFFT2,1,0,0.019881182
GatherNUFFT2,1,1,0.019539368
GatherNUFFT2,1,2,0.019912253
GatherNUFFT2,1,3,0.019920188
GatherNUFFT2,1,4,0.019888861
GatherNUFFT2,1,5,0.019570631
GatherNUFFT2,1,6,0.01997625
GatherNUFFT2,1,7,0.019740866
GatherNUFFT2,1,8,0.019621446
GatherNUFFT2,1,9,0.019598567
GatherNUFFT2,1,10,0.019738946
GatherNUFFT2,1,11,0.019872541
GatherNUFFT2,1,12,0.019977563
GatherNUFFT2,1,13,0.019764193
GatherNUFFT2,1,14,0.019794175
GatherNUFFT2,1,15,0.01979888
GatherNUFFT2,1,16,0.019560807
GatherNUFFT2,1,17,0.019862013
GatherNUFFT2,1,18,0.019728259
GatherNUFFT2,1,19,0.020617576
GatherNUFFT2,1,20,0.021354513
GatherNUFFT2,1,21,0.019580901
GatherNUFFT2,1,22,0.019612646
GatherNUFFT2,1,23,0.019585703
GatherNUFFT2,1,24,0.019816256
GatherNUFFT2,1,25,0.019658052
GatherNUFFT2,1,26,0.019636229
GatherNUFFT2,1,27,0.019632613
GatherNUFFT2,1,28,0.021849408
GatherNUFFT2,1,29,0.019881629
mainTimer,2,0,12.343529928
dumpData,2,0,0.011689945
dumpData,2,1,0.011869619
dumpData,2,2,0.011423169
dumpData,2,3,0.011037998
dumpData,2,4,0.011700856
dumpData,2,5,0.010731255
dumpData,2,6,0.010822643
dumpData,2,7,0.011407329
dumpData,2,8,0.011728535
dumpData,2,9,0.010948815
kick,2,0,3.9487e-05
kick,2,1,8.128e-06
kick,2,2,3.7567e-05
kick,2,3,1.0336e-05
kick,2,4,3.7726e-05
kick,2,5,8.191e-06
kick,2,6,3.6511e-05
kick,2,7,7.2e-06
kick,2,8,4.3646e-05
kick,2,9,6.624e-06
kick,2,10,4.0799e-05
kick,2,11,5.983e-06
kick,2,12,3.7599e-05
kick,2,13,6.88e-06
kick,2,14,5.8078e-05
kick,2,15,9.856e-06
kick,2,16,4.1727e-05
kick,2,17,9.728e-06
kick,2,18,3.9935e-05
kick,2,19,6.912e-06
drift,2,0,1.0399e-05
drift,2,1,7.872e-06
drift,2,2,9.728e-06
drift,2,3,1.0623e-05
drift,2,4,8.32e-06
drift,2,5,7.936e-06
drift,2,6,1.0784e-05
drift,2,7,6.272e-06
drift,2,8,7.424e-06
drift,2,9,8.032e-06
particleBC,2,0,1.2576e-05
particleBC,2,1,1.1328e-05
particleBC,2,2,1.2096e-05
particleBC,2,3,1.136e-05
particleBC,2,4,1.2e-05
particleBC,2,5,1.1839e-05
particleBC,2,6,1.2095e-05
particleBC,2,7,1.0015e-05
particleBC,2,8,1.3215e-05
particleBC,2,9,1.2191e-05
updateParticle,2,0,0.023067707
updateParticle,2,1,0.023070971
updateParticle,2,2,0.023096987
updateParticle,2,3,0.023182488
updateParticle,2,4,0.023038811
updateParticle,2,5,0.023145913
updateParticle,2,6,0.023082107
updateParticle,2,7,0.023103387
updateParticle,2,8,0.023094523
updateParticle,2,9,0.023046556
locateParticles,2,0,0.013260968
locateParticles,2,1,0.01327972
locateParticles,2,2,0.013279144
locateParticles,2,3,0.013246985
locateParticles,2,4,0.013262728
locateParticles,2,5,0.013272393
locateParticles,2,6,0.013259272
locateParticles,2,7,0.013255273
locateParticles,2,8,0.013269128
locateParticles,2,9,0.013272713
sendPreprocess,2,0,0.000187131
sendPreprocess,2,1,0.000200058
sendPreprocess,2,2,0.000181242
sendPreprocess,2,3,0.000270296
sendPreprocess,2,4,0.000195034
sendPreprocess,2,5,0.000196346
sendPreprocess,2,6,0.000195706
sendPreprocess,2,7,0.000197242
sendPreprocess,2,8,0.000193178
sendPreprocess,2,9,0.00018585
particleSend,2,0,0.00078228
particleSend,2,1,0.000759496
particleSend,2,2,0.00073217
particleSend,2,3,0.000794088
particleSend,2,4,0.000749161
particleSend,2,5,0.000745097
particleSend,2,6,0.000817287
particleSend,2,7,0.000832998
particleSend,2,8,0.000800264
particleSend,2,9,0.000810407
particleRecv,2,0,2.2367e-05
particleRecv,2,1,1.9104e-05
particleRecv,2,2,2.3839e-05
particleRecv,2,3,2.3807e-05
particleRecv,2,4,2.7263e-05
particleRecv,2,5,2.3039e-05
particleRecv,2,6,1.8976e-05
particleRecv,2,7,2.4064e-05
particleRecv,2,8,1.3791e-05
particleRecv,2,9,1.5296e-05
particleDestroy,2,0,0.007373597
particleDestroy,2,1,0.007404476
particleDestroy,2,2,0.007384637
particleDestroy,2,3,0.007376157
particleDestroy,2,4,0.007390301
particleDestroy,2,5,0.007394845
particleDestroy,2,6,0.007408828
particleDestroy,2,7,0.007406493
particleDestroy,2,8,0.007450236
particleDestroy,2,9,0.007374429
ScatterPIFNUFFT,2,0,0.314783099
ScatterPIFNUFFT,2,1,1.7344e-05
ScatterPIFNUFFT,2,2,0.315454854
ScatterPIFNUFFT,2,3,2.0543e-05
ScatterPIFNUFFT,2,4,0.315760541
ScatterPIFNUFFT,2,5,1.1743e-05
ScatterPIFNUFFT,2,6,0.322789957
ScatterPIFNUFFT,2,7,2.9023e-05
ScatterPIFNUFFT,2,8,0.312978867
ScatterPIFNUFFT,2,9,2.9759e-05
ScatterPIFNUFFT,2,10,0.31860647
ScatterPIFNUFFT,2,11,2.1119e-05
ScatterPIFNUFFT,2,12,0.310493918
ScatterPIFNUFFT,2,13,2.6367e-05
ScatterPIFNUFFT,2,14,0.323003806
ScatterPIFNUFFT,2,15,3.2703e-05
ScatterPIFNUFFT,2,16,0.320799169
ScatterPIFNUFFT,2,17,3.6959e-05
ScatterPIFNUFFT,2,18,0.314404327
ScatterPIFNUFFT,2,19,3.8047e-05
NativeNUFFT1,2,0,0.312831575
NativeNUFFT1,2,1,0.312869557
NativeNUFFT1,2,2,0.313246442
NativeNUFFT1,2,3,0.320184373
NativeNUFFT1,2,4,0.310405026
NativeNUFFT1,2,5,0.316085683
NativeNUFFT1,2,6,0.308027531
NativeNUFFT1,2,7,0.320464172
NativeNUFFT1,2,8,0.318226096
NativeNUFFT1,2,9,0.311818902
scatterTimerNUFFT1,2,0,0.071864993
scatterTimerNUFFT1,2,1,0.071558441
scatterTimerNUFFT1,2,2,0.07108396
scatterTimerNUFFT1,2,3,0.071222836
scatterTimerNUFFT1,2,4,0.0715027
scatterTimerNUFFT1,2,5,0.071424815
scatterTimerNUFFT1,2,6,0.071436494
scatterTimerNUFFT1,2,7,0.071423214
scatterTimerNUFFT1,2,8,0.071125559
scatterTimerNUFFT1,2,9,0.071381936
binSort,2,0,0.015579458
binSort,2,1,0.015608481
binSort,2,2,0.015637087
binSort,2,3,0.015601281
binSort,2,4,0.015598497
binSort,2,5,0.015578497
binSort,2,6,0.015634816
binSort,2,7,0.015679999
binSort,2,8,0.01556573
binSort,2,9,0.015628992
binSort,2,10,0.015508197
binSort,2,11,0.015611841
binSort,2,12,0.015573826
binSort,2,13,0.015621793
binSort,2,14,0.015542787
binSort,2,15,0.015504835
binSort,2,16,0.015514947
binSort,2,17,0.015632224
binSort,2,18,0.015558786
binSort,2,19,0.015637984
binSort,2,20,0.015577666
binSort,2,21,0.015645792
binSort,2,22,0.015622271
binSort,2,23,0.01554205
binSort,2,24,0.015570753
binSort,2,25,0.015532356
binSort,2,26,0.015580962
binSort,2,27,0.015542435
binSort,2,28,0.015565089
binSort,2,29,0.015615776
binSort,2,30,0.015626945
binSort,2,31,0.015607936
binSort,2,32,0.015580993
binSort,2,33,0.015650815
binSort,2,34,0.015610432
binSort,2,35,0.015655295
binSort,2,36,0.015531971
binSort,2,37,0.015635616
binSort,2,38,0.015605024
binSort,2,39,0.015632032
binComputeKeys,2,0,0.001483091
binComputeKeys,2,1,0.001512466
binComputeKeys,2,2,0.001518097
binComputeKeys,2,3,0.00150389
binComputeKeys,2,4,0.00148709
binComputeKeys,2,5,0.001515186
binComputeKeys,2,6,0.001513553
binComputeKeys,2,7,0.001503218
binComputeKeys,2,8,0.001484051
binComputeKeys,2,9,0.001495122
binComputeKeys,2,10,0.001498899
binComputeKeys,2,11,0.001494066
binComputeKeys,2,12,0.00148533
binComputeKeys,2,13,0.001518258
binComputeKeys,2,14,0.001523089
binComputeKeys,2,15,0.001506545
binComputeKeys,2,16,0.001477522
binComputeKeys,2,17,0.00149605
binComputeKeys,2,18,0.00150949
binComputeKeys,2,19,0.001525522
binComputeKeys,2,20,0.001481298
binComputeKeys,2,21,0.001518929
binComputeKeys,2,22,0.001517969
binComputeKeys,2,23,0.001515441
binComputeKeys,2,24,0.001484914
binComputeKeys,2,25,0.001511154
binComputeKeys,2,26,0.001522385
binComputeKeys,2,27,0.001497746
binComputeKeys,2,28,0.001478674
binComputeKeys,2,29,0.001515217
binComputeKeys,2,30,0.001525714
binComputeKeys,2,31,0.001510897
binComputeKeys,2,32,0.001485138
binComputeKeys,2,33,0.001512945
binComputeKeys,2,34,0.001517362
binComputeKeys,2,35,0.001504497
binComputeKeys,2,36,0.001485842
binComputeKeys,2,37,0.001520753
binComputeKeys,2,38,0.001512978
binComputeKeys,2,39,0.001512146
binSortByKey,2,0,0.013410212
binSortByKey,2,1,0.013407493
binSortByKey,2,2,0.013431843
binSortByKey,2,3,0.013407492
binSortByKey,2,4,0.013423908
binSortByKey,2,5,0.01338106
binSortByKey,2,6,0.013434916
binSortByKey,2,7,0.013473634
binSortByKey,2,8,0.013400132
binSortByKey,2,9,0.013426531
binSortByKey,2,10,0.013333127
binSortByKey,2,11,0.013414852
binSortByKey,2,12,0.013406436
binSortByKey,2,13,0.013414724
binSortByKey,2,14,0.013344327
binSortByKey,2,15,0.013326982
binSortByKey,2,16,0.013361413
binSortByKey,2,17,0.013438244
binSortByKey,2,18,0.013365157
binSortByKey,2,19,0.013426979
binSortByKey,2,20,0.013411205
binSortByKey,2,21,0.01343946
binSortByKey,2,22,0.013422275
binSortByKey,2,23,0.013352549
binSortByKey,2,24,0.013409635
binSortByKey,2,25,0.013342023
binSortByKey,2,26,0.013379397
binSortByKey,2,27,0.013370662
binSortByKey,2,28,0.013403492
binSortByKey,2,29,0.013414596
binSortByKey,2,30,0.013415908
binSortByKey,2,31,0.013408388
binSortByKey,2,32,0.013413348
binSortByKey,2,33,0.013447139
binSortByKey,2,34,0.013400099
binSortByKey,2,35,0.013459011
binSortByKey,2,36,0.01336807
binSortByKey,2,37,0.013431684
binSortByKey,2,38,0.013411331
binSortByKey,2,39,0.013434755
binComputeOffsets,2,0,0.000683883
binComputeOffsets,2,1,0.000685643
binComputeOffsets,2,2,0.000684555
binComputeOffsets,2,3,0.000686539
binComputeOffsets,2,4,0.000684939
binComputeOffsets,2,5,0.000679563
binComputeOffsets,2,6,0.000684395
binComputeOffsets,2,7,0.000700043
binComputeOffsets,2,8,0.000679147
binComputeOffsets,2,9,0.000705099
binComputeOffsets,2,10,0.000673996
binComputeOffsets,2,11,0.000701035
binComputeOffsets,2,12,0.000679116
binComputeOffsets,2,13,0.000685707
binComputeOffsets,2,14,0.000673483
binComputeOffsets,2,15,0.0006707
binComputeOffsets,2,16,0.000673164
binComputeOffsets,2,17,0.000695915
binComputeOffsets,2,18,0.000681707
binComputeOffsets,2,19,0.000683307
binComputeOffsets,2,20,0.000682795
binComputeOffsets,2,21,0.000685195
binComputeOffsets,2,22,0.000680587
binComputeOffsets,2,23,0.000671756
binComputeOffsets,2,24,0.000674092
binComputeOffsets,2,25,0.000677099
binComputeOffsets,2,26,0.000677228
binComputeOffsets,2,27,0.000671563
binComputeOffsets,2,28,0.000680491
binComputeOffsets,2,29,0.000681163
binComputeOffsets,2,30,0.000682731
binComputeOffsets,2,31,0.000684907
binComputeOffsets,2,32,0.000678603
binComputeOffsets,2,33,0.000688651
binComputeOffsets,2,34,0.000689867
binComputeOffsets,2,35,0.000690347
binComputeOffsets,2,36,0.000675499
binComputeOffsets,2,37,0.000680907
binComputeOffsets,2,38,0.000677387
binComputeOffsets,2,39,0.000682315
FFTNUFFT1,2,0,0.239480196
FFTNUFFT1,2,1,0.239816345
FFTNUFFT1,2,2,0.240665792
FFTNUFFT1,2,3,0.247485871
FFTNUFFT1,2,4,0.237418339
FFTNUFFT1,2,5,0.24317029
FFTNUFFT1,2,6,0.235107242
FFTNUFFT1,2,7,0.247551564
FFTNUFFT1,2,8,0.245609927
FFTNUFFT1,2,9,0.238957044
TwiddleAdd,2,0,2.2015e-05
TwiddleAdd,2,1,2.7167e-05
TwiddleAdd,2,2,3.9487e-05
TwiddleAdd,2,3,2.1791e-05
TwiddleAdd,2,4,2.8351e-05
TwiddleAdd,2,5,2.1119e-05
TwiddleAdd,2,6,2.6559e-05
TwiddleAdd,2,7,3.6639e-05
TwiddleAdd,2,8,3.1967e-05
TwiddleAdd,2,9,1.9295e-05
TwiddleAdd,2,10,3.0367e-05
TwiddleAdd,2,11,3.7535e-05
TwiddleAdd,2,12,2.1631e-05
TwiddleAdd,2,13,2.5247e-05
TwiddleAdd,2,14,3.8463e-05
TwiddleAdd,2,15,2.0832e-05
TwiddleAdd,2,16,3.7566e-05
TwiddleAdd,2,17,3.5103e-05
TwiddleAdd,2,18,2.9823e-05
TwiddleAdd,2,19,1.8848e-05
subFFTs,2,0,0.119724706
subFFTs,2,1,0.119600583
subFFTs,2,2,0.122684455
subFFTs,2,3,0.116969815
subFFTs,2,4,0.118682882
subFFTs,2,5,0.121836162
subFFTs,2,6,0.120601928
subFFTs,2,7,0.126719436
subFFTs,2,8,0.118352269
subFFTs,2,9,0.118915963
subFFTs,2,10,0.121054297
subFFTs,2,11,0.121948382
subFFTs,2,12,0.117626115
subFFTs,2,13,0.117332716
subFFTs,2,14,0.127710125
subFFTs,2,15,0.119683267
subFFTs,2,16,0.125074974
subFFTs,2,17,0.120364431
subFFTs,2,18,0.119601222
subFFTs,2,19,0.119206866
deconvolutionNUFFT1,2,0,0.001484946
deconvolutionNUFFT1,2,1,0.001492563
deconvolutionNUFFT1,2,2,0.001495666
deconvolutionNUFFT1,2,3,0.001474354
deconvolutionNUFFT1,2,4,0.001480851
deconvolutionNUFFT1,2,5,0.001489074
deconvolutionNUFFT1,2,6,0.001482003
deconvolutionNUFFT1,2,7,0.001488146
deconvolutionNUFFT1,2,8,0.001487378
deconvolutionNUFFT1,2,9,0.001478258
GatherPIFNUFFT,2,0,0.866969369
GatherPIFNUFFT,2,1,0.870924064
GatherPIFNUFFT,2,2,0.876227613
GatherPIFNUFFT,2,3,0.880869486
GatherPIFNUFFT,2,4,0.867632197
GatherPIFNUFFT,2,5,0.878045796
GatherPIFNUFFT,2,6,0.88523252
GatherPIFNUFFT,2,7,0.87409603
GatherPIFNUFFT,2,8,0.881625911
GatherPIFNUFFT,2,9,0.872612012
NativeNUFFT2,2,0,0.288434661
NativeNUFFT2,2,1,0.289083248
NativeNUFFT2,2,2,0.288064015
NativeNUFFT2,2,3,0.285577564
NativeNUFFT2,2,4,0.293874781
NativeNUFFT2,2,5,0.289542914
NativeNUFFT2,2,6,0.286844853
NativeNUFFT2,2,7,0.290882585
NativeNUFFT2,2,8,0.296950174
NativeNUFFT2,2,9,0.294524009
NativeNUFFT2,2,10,0.294252081
NativeNUFFT2,2,11,0.289135726
NativeNUFFT2,2,12,0.288466499
NativeNUFFT2,2,13,0.287116652
NativeNUFFT2,2,14,0.290649248
NativeNUFFT2,2,15,0.284195686
NativeNUFFT2,2,16,0.29401372
NativeNUFFT2,2,17,0.297108762
NativeNUFFT2,2,18,0.292577029
NativeNUFFT2,2,19,0.299992353
NativeNUFFT2,2,20,0.291649217
NativeNUFFT2,2,21,0.291243149
NativeNUFFT2,2,22,0.292287726
NativeNUFFT2,2,23,0.288801528
NativeNUFFT2,2,24,0.292400394
NativeNUFFT2,2,25,0.292297901
NativeNUFFT2,2,26,0.293962682
NativeNUFFT2,2,27,0.288712539
NativeNUFFT2,2,28,0.292001527
NativeNUFFT2,2,29,0.289651327
PrecorrectionNUFFT2,2,0,0.002313209
PrecorrectionNUFFT2,2,1,0.00613466
PrecorrectionNUFFT2,2,2,0.006116163
PrecorrectionNUFFT2,2,3,0.002311865
PrecorrectionNUFFT2,2,4,0.006142403
PrecorrectionNUFFT2,2,5,0.006133827
PrecorrectionNUFFT2,2,6,0.002312825
PrecorrectionNUFFT2,2,7,0.006140067
PrecorrectionNUFFT2,2,8,0.006120036
PrecorrectionNUFFT2,2,9,0.002317625
PrecorrectionNUFFT2,2,10,0.006141027
PrecorrectionNUFFT2,2,11,0.006144259
PrecorrectionNUFFT2,2,12,0.002309241
PrecorrectionNUFFT2,2,13,0.006135492
PrecorrectionNUFFT2,2,14,0.006135171
PrecorrectionNUFFT2,2,15,0.002315512
PrecorrectionNUFFT2,2,16,0.006126852
PrecorrectionNUFFT2,2,17,0.006113157
PrecorrectionNUFFT2,2,18,0.002312217
PrecorrectionNUFFT2,2,19,0.00614877
PrecorrectionNUFFT2,2,20,0.006123588
PrecorrectionNUFFT2,2,21,0.002310969
PrecorrectionNUFFT2,2,22,0.006124771
PrecorrectionNUFFT2,2,23,0.00613034
PrecorrectionNUFFT2,2,24,0.002323865
PrecorrectionNUFFT2,2,25,0.006117124
PrecorrectionNUFFT2,2,26,0.006136515
PrecorrectionNUFFT2,2,27,0.002317592
PrecorrectionNUFFT2,2,28,0.006129828
PrecorrectionNUFFT2,2,29,0.006131428
FFTNUFFT2,2,0,0.242229391
FFTNUFFT2,2,1,0.239290762
FFTNUFFT2,2,2,0.237855734
FFTNUFFT2,2,3,0.239705245
FFTNUFFT2,2,4,0.242750687
FFTNUFFT2,2,5,0.237961907
FFTNUFFT2,2,6,0.236758455
FFTNUFFT2,2,7,0.241288077
FFTNUFFT2,2,8,0.243766112
FFTNUFFT2,2,9,0.248617867
FFTNUFFT2,2,10,0.244534312
FFTNUFFT2,2,11,0.239539202
FFTNUFFT2,2,12,0.238562432
FFTNUFFT2,2,13,0.235688697
FFTNUFFT2,2,14,0.24058765
FFTNUFFT2,2,15,0.23792514
FFTNUFFT2,2,16,0.243982713
FFTNUFFT2,2,17,0.247387345
FFTNUFFT2,2,18,0.24645131
FFTNUFFT2,2,19,0.250330806
FFTNUFFT2,2,20,0.241736318
FFTNUFFT2,2,21,0.24537867
FFTNUFFT2,2,22,0.242523878
FFTNUFFT2,2,23,0.239048433
FFTNUFFT2,2,24,0.246236404
FFTNUFFT2,2,25,0.242602404
FFTNUFFT2,2,26,0.243210993
FFTNUFFT2,2,27,0.242352459
FFTNUFFT2,2,28,0.242336236
FFTNUFFT2,2,29,0.239459621
subIFFTs,2,0,0.121853313
subIFFTs,2,1,0.119616389
subIFFTs,2,2,0.120251411
subIFFTs,2,3,0.11826664
subIFFTs,2,4,0.123411889
subIFFTs,2,5,0.113667357
subIFFTs,2,6,0.121906079
subIFFTs,2,7,0.117022294
subIFFTs,2,8,0.120439084
subIFFTs,2,9,0.12153841
subIFFTs,2,10,0.124358772
subIFFTs,2,11,0.112858997
subIFFTs,2,12,0.120130294
subIFFTs,2,13,0.115885528
subIFFTs,2,14,0.12209689
subIFFTs,2,15,0.118419146
subIFFTs,2,16,0.124977024
subIFFTs,2,17,0.118030263
subIFFTs,2,18,0.123936129
subIFFTs,2,19,0.123890818
subIFFTs,2,20,0.120774178
subIFFTs,2,21,0.122965567
subIFFTs,2,22,0.117028405
subIFFTs,2,23,0.121750756
subIFFTs,2,24,0.120686533
subIFFTs,2,25,0.117115058
subIFFTs,2,26,0.120495659
subIFFTs,2,27,0.114432357
subIFFTs,2,28,0.119441451
subIFFTs,2,29,0.120383854
subIFFTs,2,30,0.115887544
subIFFTs,2,31,0.121274451
subIFFTs,2,32,0.120109814
subIFFTs,2,33,0.123113114
subIFFTs,2,34,0.12287661
subIFFTs,2,35,0.123726952
subIFFTs,2,36,0.123755942
subIFFTs,2,37,0.121929087
subIFFTs,2,38,0.125608398
subIFFTs,2,39,0.12397056
subIFFTs,2,40,0.11953524
subIFFTs,2,41,0.121422702
subIFFTs,2,42,0.124380083
subIFFTs,2,43,0.120235506
subIFFTs,2,44,0.119872894
subIFFTs,2,45,0.121878752
subIFFTs,2,46,0.118239952
subIFFTs,2,47,0.12004332
subIFFTs,2,48,0.121682854
subIFFTs,2,49,0.123774566
subIFFTs,2,50,0.116331595
subIFFTs,2,51,0.125477426
subIFFTs,2,52,0.121098072
subIFFTs,2,53,0.121366161
subIFFTs,2,54,0.118157522
subIFFTs,2,55,0.123419217
subIFFTs,2,56,0.114780922
subIFFTs,2,57,0.12677009
subIFFTs,2,58,0.120104919
subIFFTs,2,59,0.118590757
StridedWrite,2,0,1.9456e-05
StridedWrite,2,1,3.8879e-05
StridedWrite,2,2,3.8526e-05
StridedWrite,2,3,2.8031e-05
StridedWrite,2,4,3.2287e-05
StridedWrite,2,5,2.9535e-05
StridedWrite,2,6,1.8783e-05
StridedWrite,2,7,4.1022e-05
StridedWrite,2,8,2.2784e-05
StridedWrite,2,9,4.1439e-05
StridedWrite,2,10,3.4207e-05
StridedWrite,2,11,1.712e-05
StridedWrite,2,12,2.8607e-05
StridedWrite,2,13,2.5279e-05
StridedWrite,2,14,5.5038e-05
StridedWrite,2,15,2.5568e-05
StridedWrite,2,16,3.3311e-05
StridedWrite,2,17,1.9359e-05
StridedWrite,2,18,4.8703e-05
StridedWrite,2,19,2.7903e-05
StridedWrite,2,20,3.2767e-05
StridedWrite,2,21,5.0207e-05
StridedWrite,2,22,3.0847e-05
StridedWrite,2,23,3.9775e-05
StridedWrite,2,24,2.656e-05
StridedWrite,2,25,2.6207e-05
StridedWrite,2,26,1.6543e-05
StridedWrite,2,27,5.0047e-05
StridedWrite,2,28,3.7887e-05
StridedWrite,2,29,2.6879e-05
StridedWrite,2,30,2.4959e-05
StridedWrite,2,31,4.0447e-05
StridedWrite,2,32,1.8624e-05
StridedWrite,2,33,3.0719e-05
StridedWrite,2,34,2.5311e-05
StridedWrite,2,35,4.7774e-05
StridedWrite,2,36,3.2319e-05
StridedWrite,2,37,3.2127e-05
StridedWrite,2,38,2.7007e-05
StridedWrite,2,39,4.499e-05
StridedWrite,2,40,3.0463e-05
StridedWrite,2,41,3.2063e-05
StridedWrite,2,42,3.5327e-05
StridedWrite,2,43,2.9279e-05
StridedWrite,2,44,2.0191e-05
StridedWrite,2,45,4.2431e-05
StridedWrite,2,46,2.4896e-05
StridedWrite,2,47,3.1615e-05
StridedWrite,2,48,2.9343e-05
StridedWrite,2,49,2.1664e-05
StridedWrite,2,50,3.7215e-05
StridedWrite,2,51,3.0943e-05
StridedWrite,2,52,2.1439e-05
StridedWrite,2,53,1.6191e-05
StridedWrite,2,54,2.9791e-05
StridedWrite,2,55,2.8159e-05
StridedWrite,2,56,2.8255e-05
StridedWrite,2,57,4.4671e-05
StridedWrite,2,58,2.2719e-05
StridedWrite,2,59,2.256e-05
GatherNUFFT2,2,0,0.019918333
GatherNUFFT2,2,1,0.019700226
GatherNUFFT2,2,2,0.020198516
GatherNUFFT2,2,3,0.019587142
GatherNUFFT2,2,4,0.021028667
GatherNUFFT2,2,5,0.021454541
GatherNUFFT2,2,6,0.02383306
GatherNUFFT2,2,7,0.019578087
GatherNUFFT2,2,8,0.023149626
GatherNUFFT2,2,9,0.019697123
GatherNUFFT2,2,10,0.019612902
GatherNUFFT2,2,11,0.019568935
GatherNUFFT2,2,12,0.023616266
GatherNUFFT2,2,13,0.021371439
GatherNUFFT2,2,14,0.019971994
GatherNUFFT2,2,15,0.020006554
GatherNUFFT2,2,16,0.020004954
GatherNUFFT2,2,17,0.019719586
GatherNUFFT2,2,18,0.01988243
GatherNUFFT2,2,19,0.019576871
GatherNUFFT2,2,20,0.019851198
GatherNUFFT2,2,21,0.019683971
GatherNUFFT2,2,22,0.019750562
GatherNUFFT2,2,23,0.019699203
GatherNUFFT2,2,24,0.019952539
GatherNUFFT2,2,25,0.019668163
GatherNUFFT2,2,26,0.020701156
GatherNUFFT2,2,27,0.020080728
GatherNUFFT2,2,28,0.01958679
GatherNUFFT2,2,29,0.020115638
mainTimer,3,0,12.343531464
dumpData,3,0,0.010641561
dumpData,3,1,0.010436799
dumpData,3,2,0.010398656
dumpData,3,3,0.010778422
dumpData,3,4,0.010960271
dumpData,3,5,0.011451393
dumpData,3,6,0.011517982
dumpData,3,7,0.01111345
dumpData,3,8,0.010833043
dumpData,3,9,0.011607323
kick,3,0,4.1215e-05
kick,3,1,8.032e-06
kick,3,2,3.6223e-05
kick,3,3,7.552e-06
kick,3,4,3.8078e-05
kick,3,5,8.896e-06
kick,3,6,3.5071e-05
kick,3,7,7.008e-06
kick,3,8,4.2142e-05
kick,3,9,5.696e-06
kick,3,10,3.9423e-05
kick,3,11,6.271e-06
kick,3,12,3.7791e-05
kick,3,13,9.696e-06
kick,3,14,3.8174e-05
kick,3,15,7.296e-06
kick,3,16,3.9679e-05
kick,3,17,6.944e-06
kick,3,18,3.7023e-05
kick,3,19,9.056e-06
drift,3,0,9.183e-06
drift,3,1,8.352e-06
drift,3,2,8.736e-06
drift,3,3,9.951e-06
drift,3,4,7.232e-06
drift,3,5,7.424e-06
drift,3,6,8.736e-06
drift,3,7,7.744e-06
drift,3,8,8.384e-06
drift,3,9,7.264e-06
particleBC,3,0,1.2416e-05
particleBC,3,1,1.1392e-05
particleBC,3,2,1.1424e-05
particleBC,3,3,1.1936e-05
particleBC,3,4,1.1328e-05
particleBC,3,5,9.887e-06
particleBC,3,6,1.4015e-05
particleBC,3,7,1.2032e-05
particleBC,3,8,1.2799e-05
particleBC,3,9,1.1711e-05
updateParticle,3,0,0.023192151
updateParticle,3,1,0.023188632
updateParticle,3,2,0.023120058
updateParticle,3,3,0.023294741
updateParticle,3,4,0.023048667
updateParticle,3,5,0.023179288
updateParticle,3,6,0.023076123
updateParticle,3,7,0.023141273
updateParticle,3,8,0.023132858
updateParticle,3,9,0.023036765
locateParticles,3,0,0.013288296
locateParticles,3,1,0.013323174
locateParticles,3,2,0.013306791
locateParticles,3,3,0.013333863
locateParticles,3,4,0.013291527
locateParticles,3,5,0.013315432
locateParticles,3,6,0.013288999
locateParticles,3,7,0.013300039
locateParticles,3,8,0.013300263
locateParticles,3,9,0.013301672
sendPreprocess,3,0,0.000160443
sendPreprocess,3,1,0.000157244
sendPreprocess,3,2,0.000155515
sendPreprocess,3,3,0.000183546
sendPreprocess,3,4,0.000169499
sendPreprocess,3,5,0.000157851
sendPreprocess,3,6,0.000167387
sendPreprocess,3,7,0.000166491
sendPreprocess,3,8,0.000163579
sendPreprocess,3,9,0.000160155
particleSend,3,0,0.000731561
particleSend,3,1,0.00074529
particleSend,3,2,0.000789128
particleSend,3,3,0.000738314
particleSend,3,4,0.000785735
particleSend,3,5,0.000791687
particleSend,3,6,0.000799528
particleSend,3,7,0.000827079
particleSend,3,8,0.00077284
particleSend,3,9,0.00072609
particleRecv,3,0,3.2575e-05
particleRecv,3,1,2.7007e-05
particleRecv,3,2,4.0703e-05
particleRecv,3,3,3.1232e-05
particleRecv,3,4,1.8176e-05
particleRecv,3,5,8.7678e-05
particleRecv,3,6,2.6879e-05
particleRecv,3,7,3.1967e-05
particleRecv,3,8,2.7904e-05
particleRecv,3,9,2.8351e-05
particleDestroy,3,0,0.008096711
particleDestroy,3,1,0.008096231
particleDestroy,3,2,0.007942508
particleDestroy,3,3,0.008126854
particleDestroy,3,4,0.007933804
particleDestroy,3,5,0.007940715
particleDestroy,3,6,0.007944492
particleDestroy,3,7,0.007942444
particleDestroy,3,8,0.008002506
particleDestroy,3,9,0.007985514
ScatterPIFNUFFT,3,0,0.318332686
ScatterPIFNUFFT,3,1,3.6063e-05
ScatterPIFNUFFT,3,2,0.315143055
ScatterPIFNUFFT,3,3,2.8543e-05
ScatterPIFNUFFT,3,4,0.315669631
ScatterPIFNUFFT,3,5,2.5695e-05
ScatterPIFNUFFT,3,6,0.323267254
ScatterPIFNUFFT,3,7,1.5584e-05
ScatterPIFNUFFT,3,8,0.313692765
ScatterPIFNUFFT,3,9,2.2943e-05
ScatterPIFNUFFT,3,10,0.318824831
ScatterPIFNUFFT,3,11,1.4048e-05
ScatterPIFNUFFT,3,12,0.312092877
ScatterPIFNUFFT,3,13,1.7247e-05
ScatterPIFNUFFT,3,14,0.323837573
ScatterPIFNUFFT,3,15,1.6288e-05
ScatterPIFNUFFT,3,16,0.321114936
ScatterPIFNUFFT,3,17,1.9039e-05
ScatterPIFNUFFT,3,18,0.31508117
ScatterPIFNUFFT,3,19,2.3999e-05
NativeNUFFT1,3,0,0.315895833
NativeNUFFT1,3,1,0.312607037
NativeNUFFT1,3,2,0.313133997
NativeNUFFT1,3,3,0.320701477
NativeNUFFT1,3,4,0.311252679
NativeNUFFT1,3,5,0.31629358
NativeNUFFT1,3,6,0.309644473
NativeNUFFT1,3,7,0.321279315
NativeNUFFT1,3,8,0.318537159
NativeNUFFT1,3,9,0.312456643
scatterTimerNUFFT1,3,0,0.071280499
scatterTimerNUFFT1,3,1,0.071886943
scatterTimerNUFFT1,3,2,0.071355472
scatterTimerNUFFT1,3,3,0.071492172
scatterTimerNUFFT1,3,4,0.072258132
scatterTimerNUFFT1,3,5,0.07176154
scatterTimerNUFFT1,3,6,0.071591369
scatterTimerNUFFT1,3,7,0.071656742
scatterTimerNUFFT1,3,8,0.071429133
scatterTimerNUFFT1,3,9,0.071364209
binSort,3,0,0.015604448
binSort,3,1,0.015575554
binSort,3,2,0.01556141
binSort,3,3,0.015575202
binSort,3,4,0.01557277
binSort,3,5,0.015508803
binSort,3,6,0.015635136
binSort,3,7,0.015582338
binSort,3,8,0.015555618
binSort,3,9,0.015604512
binSort,3,10,0.015507909
binSort,3,11,0.015607745
binSort,3,12,0.015559202
binSort,3,13,0.015509092
binSort,3,14,0.015642272
binSort,3,15,0.015665726
binSort,3,16,0.015585953
binSort,3,17,0.015611073
binSort,3,18,0.015600928
binSort,3,19,0.015580354
binSort,3,20,0.015563107
binSort,3,21,0.015567938
binSort,3,22,0.015593377
binSort,3,23,0.015644159
binSort,3,24,0.015569889
binSort,3,25,0.015526436
binSort,3,26,0.015681215
binSort,3,27,0.015607297
binSort,3,28,0.015550658
binSort,3,29,0.015511171
binSort,3,30,0.015524707
binSort,3,31,0.015564866
binSort,3,32,0.015563426
binSort,3,33,0.015611648
binSort,3,34,0.015565505
binSort,3,35,0.015638175
binSort,3,36,0.015533155
binSort,3,37,0.015531588
binSort,3,38,0.015663582
binSort,3,39,0.015532963
binComputeKeys,3,0,0.001512657
binComputeKeys,3,1,0.001524337
binComputeKeys,3,2,0.001505874
binComputeKeys,3,3,0.001514001
binComputeKeys,3,4,0.001473843
binComputeKeys,3,5,0.001509137
binComputeKeys,3,6,0.001522706
binComputeKeys,3,7,0.001510161
binComputeKeys,3,8,0.001477235
binComputeKeys,3,9,0.001515185
binComputeKeys,3,10,0.001498323
binComputeKeys,3,11,0.001514577
binComputeKeys,3,12,0.001473266
binComputeKeys,3,13,0.001507921
binComputeKeys,3,14,0.001517906
binComputeKeys,3,15,0.001521169
binComputeKeys,3,16,0.001484819
binComputeKeys,3,17,0.00151925
binComputeKeys,3,18,0.001503025
binComputeKeys,3,19,0.001513138
binComputeKeys,3,20,0.001479859
binComputeKeys,3,21,0.001509938
binComputeKeys,3,22,0.001518994
binComputeKeys,3,23,0.001521809
binComputeKeys,3,24,0.001481522
binComputeKeys,3,25,0.00150741
binComputeKeys,3,26,0.001515889
binComputeKeys,3,27,0.001499122
binComputeKeys,3,28,0.001478163
binComputeKeys,3,29,0.001518258
binComputeKeys,3,30,0.001522161
binComputeKeys,3,31,0.001496626
binComputeKeys,3,32,0.001473683
binComputeKeys,3,33,0.001514065
binComputeKeys,3,34,0.001503473
binComputeKeys,3,35,0.001519313
binComputeKeys,3,36,0.00148581
binComputeKeys,3,37,0.00151045
binComputeKeys,3,38,0.001516497
binComputeKeys,3,39,0.001499282
binSortByKey,3,0,0.013419332
binSortByKey,3,1,0.013377158
binSortByKey,3,2,0.013377893
binSortByKey,3,3,0.013388326
binSortByKey,3,4,0.013413508
binSortByKey,3,5,0.013328934
binSortByKey,3,6,0.013434499
binSortByKey,3,7,0.013392997
binSortByKey,3,8,0.013393604
binSortByKey,3,9,0.013407364
binSortByKey,3,10,0.013333063
binSortByKey,3,11,0.0134161
binSortByKey,3,12,0.013409605
binSortByKey,3,13,0.013329511
binSortByKey,3,14,0.013436483
binSortByKey,3,15,0.013460034
binSortByKey,3,16,0.013415651
binSortByKey,3,17,0.013408804
binSortByKey,3,18,0.013404004
binSortByKey,3,19,0.013389092
binSortByKey,3,20,0.013399429
binSortByKey,3,21,0.01337767
binSortByKey,3,22,0.013398788
binSortByKey,3,23,0.013434467
binSortByKey,3,24,0.013403972
binSortByKey,3,25,0.013342023
binSortByKey,3,26,0.013465571
binSortByKey,3,27,0.013415588
binSortByKey,3,28,0.013387876
binSortByKey,3,29,0.01332215
binSortByKey,3,30,0.013330279
binSortByKey,3,31,0.013393317
binSortByKey,3,32,0.013409316
binSortByKey,3,33,0.013418308
binSortByKey,3,34,0.013382085
binSortByKey,3,35,0.013434755
binSortByKey,3,36,0.013368038
binSortByKey,3,37,0.013349414
binSortByKey,3,38,0.013454499
binSortByKey,3,39,0.013357702
binComputeOffsets,3,0,0.000669739
binComputeOffsets,3,1,0.000672203
binComputeOffsets,3,2,0.000675627
binComputeOffsets,3,3,0.000669771
binComputeOffsets,3,4,0.000683531
binComputeOffsets,3,5,0.000668684
binComputeOffsets,3,6,0.000675179
binComputeOffsets,3,7,0.000675948
binComputeOffsets,3,8,0.000682475
binComputeOffsets,3,9,0.000679083
binComputeOffsets,3,10,0.000674316
binComputeOffsets,3,11,0.00067406
binComputeOffsets,3,12,0.000674187
binComputeOffsets,3,13,0.000669164
binComputeOffsets,3,14,0.000683915
binComputeOffsets,3,15,0.000678923
binComputeOffsets,3,16,0.000679883
binComputeOffsets,3,17,0.000679819
binComputeOffsets,3,18,0.000688747
binComputeOffsets,3,19,0.000675212
binComputeOffsets,3,20,0.000681931
binComputeOffsets,3,21,0.000676715
binComputeOffsets,3,22,0.000674507
binComputeOffsets,3,23,0.000682859
binComputeOffsets,3,24,0.000680331
binComputeOffsets,3,25,0.000674891
binComputeOffsets,3,26,0.000691883
binComputeOffsets,3,27,0.000687659
binComputeOffsets,3,28,0.000682667
binComputeOffsets,3,29,0.000668139
binComputeOffsets,3,30,0.000670347
binComputeOffsets,3,31,0.000673131
binComputeOffsets,3,32,0.000676459
binComputeOffsets,3,33,0.000678123
binComputeOffsets,3,34,0.000677323
binComputeOffsets,3,35,0.000681867
binComputeOffsets,3,36,0.000676267
binComputeOffsets,3,37,0.000668428
binComputeOffsets,3,38,0.00068865
binComputeOffsets,3,39,0.000674379
FFTNUFFT1,3,0,0.243125876
FFTNUFFT1,3,1,0.239241355
FFTNUFFT1,3,2,0.240297739
FFTNUFFT1,3,3,0.247709639
FFTNUFFT1,3,4,0.237507233
FFTNUFFT1,3,5,0.243050294
FFTNUFFT1,3,6,0.236570525
FFTNUFFT1,3,7,0.248125595
FFTNUFFT1,3,8,0.245612391
FFTNUFFT1,3,9,0.239608096
TwiddleAdd,3,0,3.2607e-05
TwiddleAdd,3,1,2.48e-05
TwiddleAdd,3,2,3.6223e-05
TwiddleAdd,3,3,2.8095e-05
TwiddleAdd,3,4,1.9903e-05
TwiddleAdd,3,5,2.2304e-05
TwiddleAdd,3,6,3.5039e-05
TwiddleAdd,3,7,2.9727e-05
TwiddleAdd,3,8,2.7359e-05
TwiddleAdd,3,9,3.3055e-05
TwiddleAdd,3,10,2.3935e-05
TwiddleAdd,3,11,2.6783e-05
TwiddleAdd,3,12,4.7007e-05
TwiddleAdd,3,13,3.6223e-05
TwiddleAdd,3,14,3.0463e-05
TwiddleAdd,3,15,3.3983e-05
TwiddleAdd,3,16,3.2735e-05
TwiddleAdd,3,17,2.2623e-05
TwiddleAdd,3,18,2.2624e-05
TwiddleAdd,3,19,2.3552e-05
subFFTs,3,0,0.123456176
subFFTs,3,1,0.119515784
subFFTs,3,2,0.122670056
subFFTs,3,3,0.116403144
subFFTs,3,4,0.118903292
subFFTs,3,5,0.121252563
subFFTs,3,6,0.121067545
subFFTs,3,7,0.126475539
subFFTs,3,8,0.117871643
subFFTs,3,9,0.119468459
subFFTs,3,10,0.120823008
subFFTs,3,11,0.122064987
subFFTs,3,12,0.119363501
subFFTs,3,13,0.117018805
subFFTs,3,14,0.12722086
subFFTs,3,15,0.120742915
subFFTs,3,16,0.125130396
subFFTs,3,17,0.120327568
subFFTs,3,18,0.121309042
subFFTs,3,19,0.11814645
deconvolutionNUFFT1,3,0,0.001487922
deconvolutionNUFFT1,3,1,0.001477299
deconvolutionNUFFT1,3,2,0.001479378
deconvolutionNUFFT1,3,3,0.001497906
deconvolutionNUFFT1,3,4,0.001483923
deconvolutionNUFFT1,3,5,0.001479059
deconvolutionNUFFT1,3,6,0.001479795
deconvolutionNUFFT1,3,7,0.001495666
deconvolutionNUFFT1,3,8,0.001492051
deconvolutionNUFFT1,3,9,0.001483218
GatherPIFNUFFT,3,0,0.864368617
GatherPIFNUFFT,3,1,0.872757192
GatherPIFNUFFT,3,2,0.877565364
GatherPIFNUFFT,3,3,0.878291101
GatherPIFNUFFT,3,4,0.866973433
GatherPIFNUFFT,3,5,0.877284028
GatherPIFNUFFT,3,6,0.882992909
GatherPIFNUFFT,3,7,0.872795237
GatherPIFNUFFT,3,8,0.881269634
GatherPIFNUFFT,3,9,0.871092282
NativeNUFFT2,3,0,0.285230183
NativeNUFFT2,3,1,0.289683934
NativeNUFFT2,3,2,0.288502562
NativeNUFFT2,3,3,0.285444736
NativeNUFFT2,3,4,0.292952186
NativeNUFFT2,3,5,0.291075507
NativeNUFFT2,3,6,0.286546174
NativeNUFFT2,3,7,0.291281581
NativeNUFFT2,3,8,0.297860898
NativeNUFFT2,3,9,0.294264466
NativeNUFFT2,3,10,0.293452969
NativeNUFFT2,3,11,0.289427781
NativeNUFFT2,3,12,0.286962098
NativeNUFFT2,3,13,0.287127756
NativeNUFFT2,3,14,0.291464392
NativeNUFFT2,3,15,0.284433439
NativeNUFFT2,3,16,0.294136276
NativeNUFFT2,3,17,0.296574122
NativeNUFFT2,3,18,0.290660544
NativeNUFFT2,3,19,0.301052768
NativeNUFFT2,3,20,0.290273995
NativeNUFFT2,3,21,0.289688957
NativeNUFFT2,3,22,0.292235792
NativeNUFFT2,3,23,0.28842874
NativeNUFFT2,3,24,0.292463208
NativeNUFFT2,3,25,0.291775934
NativeNUFFT2,3,26,0.294388622
NativeNUFFT2,3,27,0.287511393
NativeNUFFT2,3,28,0.292432553
NativeNUFFT2,3,29,0.288731291
PrecorrectionNUFFT2,3,0,0.002309145
PrecorrectionNUFFT2,3,1,0.006149859
PrecorrectionNUFFT2,3,2,0.006134083
PrecorrectionNUFFT2,3,3,0.002308569
PrecorrectionNUFFT2,3,4,0.006135907
PrecorrectionNUFFT2,3,5,0.006125539
PrecorrectionNUFFT2,3,6,0.002309209
PrecorrectionNUFFT2,3,7,0.006125796
PrecorrectionNUFFT2,3,8,0.006139619
PrecorrectionNUFFT2,3,9,0.002303865
PrecorrectionNUFFT2,3,10,0.006135651
PrecorrectionNUFFT2,3,11,0.006129508
PrecorrectionNUFFT2,3,12,0.002303577
PrecorrectionNUFFT2,3,13,0.006126788
PrecorrectionNUFFT2,3,14,0.006121892
PrecorrectionNUFFT2,3,15,0.002310521
PrecorrectionNUFFT2,3,16,0.00614058
PrecorrectionNUFFT2,3,17,0.006142755
PrecorrectionNUFFT2,3,18,0.002302713
PrecorrectionNUFFT2,3,19,0.006132195
PrecorrectionNUFFT2,3,20,0.006129348
PrecorrectionNUFFT2,3,21,0.002303289
PrecorrectionNUFFT2,3,22,0.006123108
PrecorrectionNUFFT2,3,23,0.006122084
PrecorrectionNUFFT2,3,24,0.002299353
PrecorrectionNUFFT2,3,25,0.006122821
PrecorrectionNUFFT2,3,26,0.006148195
PrecorrectionNUFFT2,3,27,0.002304345
PrecorrectionNUFFT2,3,28,0.006124069
PrecorrectionNUFFT2,3,29,0.0061209
FFTNUFFT2,3,0,0.239354056
FFTNUFFT2,3,1,0.239515011
FFTNUFFT2,3,2,0.238700956
FFTNUFFT2,3,3,0.239467236
FFTNUFFT2,3,4,0.24313458
FFTNUFFT2,3,5,0.241017076
FFTNUFFT2,3,6,0.240259212
FFTNUFFT2,3,7,0.241576164
FFTNUFFT2,3,8,0.248073692
FFTNUFFT2,3,9,0.2484572
FFTNUFFT2,3,10,0.24350324
FFTNUFFT2,3,11,0.239343272
FFTNUFFT2,3,12,0.240745469
FFTNUFFT2,3,13,0.235684536
FFTNUFFT2,3,14,0.241412968
FFTNUFFT2,3,15,0.238333447
FFTNUFFT2,3,16,0.244322351
FFTNUFFT2,3,17,0.246497421
FFTNUFFT2,3,18,0.244859998
FFTNUFFT2,3,19,0.249695242
FFTNUFFT2,3,20,0.239317801
FFTNUFFT2,3,21,0.243884028
FFTNUFFT2,3,22,0.242602948
FFTNUFFT2,3,23,0.23874345
FFTNUFFT2,3,24,0.24605401
FFTNUFFT2,3,25,0.242037078
FFTNUFFT2,3,26,0.243894396
FFTNUFFT2,3,27,0.241666433
FFTNUFFT2,3,28,0.240992886
FFTNUFFT2,3,29,0.238873206
subIFFTs,3,0,0.120130614
subIFFTs,3,1,0.118467913
subIFFTs,3,2,0.119577287
subIFFTs,3,3,0.119159316
subIFFTs,3,4,0.123583212
subIFFTs,3,5,0.114342216
subIFFTs,3,6,0.121217077
subIFFTs,3,7,0.117491015
subIFFTs,3,8,0.119995066
subIFFTs,3,9,0.12238104
subIFFTs,3,10,0.124144794
subIFFTs,3,11,0.116103794
subIFFTs,3,12,0.120865919
subIFFTs,3,13,0.118645412
subIFFTs,3,14,0.122751429
subIFFTs,3,15,0.118048982
subIFFTs,3,16,0.124245592
subIFFTs,3,17,0.123068283
subIFFTs,3,18,0.122625897
subIFFTs,3,19,0.125074557
subIFFTs,3,20,0.120392014
subIFFTs,3,21,0.122378385
subIFFTs,3,22,0.117138833
subIFFTs,3,23,0.121439662
subIFFTs,3,24,0.120205076
subIFFTs,3,25,0.119767489
subIFFTs,3,26,0.122597482
subIFFTs,3,27,0.112298823
subIFFTs,3,28,0.12104265
subIFFTs,3,29,0.119584646
subIFFTs,3,30,0.116271469
subIFFTs,3,31,0.121306674
subIFFTs,3,32,0.119628165
subIFFTs,3,33,0.123924897
subIFFTs,3,34,0.122665736
subIFFTs,3,35,0.123091259
subIFFTs,3,36,0.121334545
subIFFTs,3,37,0.122781669
subIFFTs,3,38,0.126216346
subIFFTs,3,39,0.122721927
subIFFTs,3,40,0.119182451
subIFFTs,3,41,0.119374253
subIFFTs,3,42,0.122155223
subIFFTs,3,43,0.120960636
subIFFTs,3,44,0.121685478
subIFFTs,3,45,0.120164085
subIFFTs,3,46,0.118504488
subIFFTs,3,47,0.119497833
subIFFTs,3,48,0.120433996
subIFFTs,3,49,0.124861573
subIFFTs,3,50,0.116021172
subIFFTs,3,51,0.125257337
subIFFTs,3,52,0.122406608
subIFFTs,3,53,0.120697764
subIFFTs,3,54,0.116813948
subIFFTs,3,55,0.124079868
subIFFTs,3,56,0.116559044
subIFFTs,3,57,0.123690665
subIFFTs,3,58,0.11956196
subIFFTs,3,59,0.118565638
StridedWrite,3,0,2.8927e-05
StridedWrite,3,1,4.3231e-05
StridedWrite,3,2,4.6558e-05
StridedWrite,3,3,3.4623e-05
StridedWrite,3,4,4.6302e-05
StridedWrite,3,5,5.0271e-05
StridedWrite,3,6,2.5695e-05
StridedWrite,3,7,3.4015e-05
StridedWrite,3,8,2.9344e-05
StridedWrite,3,9,4.9023e-05
StridedWrite,3,10,2.6303e-05
StridedWrite,3,11,2.5503e-05
StridedWrite,3,12,2.6335e-05
StridedWrite,3,13,2.4447e-05
StridedWrite,3,14,3.9071e-05
StridedWrite,3,15,2.2207e-05
StridedWrite,3,16,2.9151e-05
StridedWrite,3,17,3.5967e-05
StridedWrite,3,18,2.56e-05
StridedWrite,3,19,4.8767e-05
StridedWrite,3,20,2.3327e-05
StridedWrite,3,21,3.0559e-05
StridedWrite,3,22,3.0719e-05
StridedWrite,3,23,2.3807e-05
StridedWrite,3,24,4.0063e-05
StridedWrite,3,25,2.2815e-05
StridedWrite,3,26,4.5374e-05
StridedWrite,3,27,2.3647e-05
StridedWrite,3,28,3.2575e-05
StridedWrite,3,29,3.3311e-05
StridedWrite,3,30,3.3151e-05
StridedWrite,3,31,4.0734e-05
StridedWrite,3,32,2.9407e-05
StridedWrite,3,33,4.0991e-05
StridedWrite,3,34,2.1759e-05
StridedWrite,3,35,2.5472e-05
StridedWrite,3,36,2.6399e-05
StridedWrite,3,37,3.875e-05
StridedWrite,3,38,2.7103e-05
StridedWrite,3,39,3.2095e-05
StridedWrite,3,40,3.0047e-05
StridedWrite,3,41,3.3023e-05
StridedWrite,3,42,2.9216e-05
StridedWrite,3,43,4.4702e-05
StridedWrite,3,44,2.3295e-05
StridedWrite,3,45,5.0654e-05
StridedWrite,3,46,2.9791e-05
StridedWrite,3,47,2.3647e-05
StridedWrite,3,48,2.7775e-05
StridedWrite,3,49,3.1711e-05
StridedWrite,3,50,2.5599e-05
StridedWrite,3,51,3.5039e-05
StridedWrite,3,52,5.1071e-05
StridedWrite,3,53,3.9839e-05
StridedWrite,3,54,3.0015e-05
StridedWrite,3,55,5.3503e-05
StridedWrite,3,56,2.2751e-05
StridedWrite,3,57,3.3055e-05
StridedWrite,3,58,2.2207e-05
StridedWrite,3,59,2.4191e-05
GatherNUFFT2,3,0,0.019614054
GatherNUFFT2,3,1,0.019962875
GatherNUFFT2,3,2,0.01961127
GatherNUFFT2,3,3,0.019693059
GatherNUFFT2,3,4,0.019630277
GatherNUFFT2,3,5,0.019837951
GatherNUFFT2,3,6,0.019980986
GatherNUFFT2,3,7,0.019619782
GatherNUFFT2,3,8,0.019663269
GatherNUFFT2,3,9,0.019519017
GatherNUFFT2,3,10,0.019754338
GatherNUFFT2,3,11,0.019874524
GatherNUFFT2,3,12,0.01987075
GatherNUFFT2,3,13,0.021254739
GatherNUFFT2,3,14,0.019941819
GatherNUFFT2,3,15,0.019773441
GatherNUFFT2,3,16,0.019629733
GatherNUFFT2,3,17,0.019913372
GatherNUFFT2,3,18,0.019508489
GatherNUFFT2,3,19,0.021185973
GatherNUFFT2,3,20,0.020813569
GatherNUFFT2,3,21,0.019524615
GatherNUFFT2,3,22,0.019500105
GatherNUFFT2,3,23,0.019577575
GatherNUFFT2,3,24,0.020058296
GatherNUFFT2,3,25,0.019571814
GatherNUFFT2,3,26,0.020288465
GatherNUFFT2,3,27,0.019521065
GatherNUFFT2,3,28,0.021202388
GatherNUFFT2,3,29,0.019747009
mainTimer,4,0,12.343532289
dumpData,4,0,0.011043878
dumpData,4,1,0.010744337
dumpData,4,2,0.010854701
dumpData,4,3,0.011224799
dumpData,4,4,0.011047366
dumpData,4,5,0.01071637
dumpData,4,6,0.011790505
dumpData,4,7,0.010650421
dumpData,4,8,0.010365983
dumpData,4,9,0.011019047
kick,4,0,6.7518e-05
kick,4,1,8.703e-06
kick,4,2,6.7293e-05
kick,4,3,9.536e-06
kick,4,4,6.8158e-05
kick,4,5,8.384e-06
kick,4,6,6.0926e-05
kick,4,7,8.864e-06
kick,4,8,6.2749e-05
kick,4,9,8.32e-06
kick,4,10,6.195e-05
kick,4,11,8.128e-06
kick,4,12,6.3486e-05
kick,4,13,1.1136e-05
kick,4,14,6.4062e-05
kick,4,15,7.903e-06
kick,4,16,6.1022e-05
kick,4,17,7.872e-06
kick,4,18,6.2494e-05
kick,4,19,8.032e-06
drift,4,0,6.496e-06
drift,4,1,5.408e-06
drift,4,2,5.408e-06
drift,4,3,5.663e-06
drift,4,4,6.944e-06
drift,4,5,4.384e-06
drift,4,6,5.216e-06
drift,4,7,6.111e-06
drift,4,8,6.336e-06
drift,4,9,6.208e-06
particleBC,4,0,1.0943e-05
particleBC,4,1,1.0527e-05
particleBC,4,2,9.759e-06
particleBC,4,3,1.0784e-05
particleBC,4,4,1.1071e-05
particleBC,4,5,9.407e-06
particleBC,4,6,8.799e-06
particleBC,4,7,9.248e-06
particleBC,4,8,1.0432e-05
particleBC,4,9,1.1423e-05
updateParticle,4,0,0.023448826
updateParticle,4,1,0.023642674
updateParticle,4,2,0.023445081
updateParticle,4,3,0.023638482
updateParticle,4,4,0.023479256
updateParticle,4,5,0.023493816
updateParticle,4,6,0.023378012
updateParticle,4,7,0.023544694
updateParticle,4,8,0.0233823
updateParticle,4,9,0.023419547
locateParticles,4,0,0.013269428
locateParticles,4,1,0.013270132
locateParticles,4,2,0.013248468
locateParticles,4,3,0.013273171
locateParticles,4,4,0.013270772
locateParticles,4,5,0.013269267
locateParticles,4,6,0.013273876
locateParticles,4,7,0.013270387
locateParticles,4,8,0.013252084
locateParticles,4,9,0.01323826
sendPreprocess,4,0,0.000153402
sendPreprocess,4,1,0.000176729
sendPreprocess,4,2,0.000179034
sendPreprocess,4,3,0.000219192
sendPreprocess,4,4,0.000162842
sendPreprocess,4,5,0.000175865
sendPreprocess,4,6,0.000156314
sendPreprocess,4,7,0.00017145
sendPreprocess,4,8,0.000185465
sendPreprocess,4,9,0.000191929
particleSend,4,0,0.000961212
particleSend,4,1,0.000890207
particleSend,4,2,0.000945181
particleSend,4,3,0.000923454
particleSend,4,4,0.000874815
particleSend,4,5,0.000952221
particleSend,4,6,0.000867168
particleSend,4,7,0.000936509
particleSend,4,8,0.000920574
particleSend,4,9,0.000868576
particleRecv,4,0,2.0767e-05
particleRecv,4,1,2.6431e-05
particleRecv,4,2,2.5951e-05
particleRecv,4,3,2.0095e-05
particleRecv,4,4,3.7887e-05
particleRecv,4,5,8.2813e-05
particleRecv,4,6,3.5935e-05
particleRecv,4,7,2.9055e-05
particleRecv,4,8,3.7151e-05
particleRecv,4,9,2.1311e-05
particleDestroy,4,0,0.007333776
particleDestroy,4,1,0.007340047
particleDestroy,4,2,0.007341743
particleDestroy,4,3,0.007331888
particleDestroy,4,4,0.007340015
particleDestroy,4,5,0.007319281
particleDestroy,4,6,0.007407853
particleDestroy,4,7,0.007333712
particleDestroy,4,8,0.007327696
particleDestroy,4,9,0.007365423
ScatterPIFNUFFT,4,0,0.315441916
ScatterPIFNUFFT,4,1,4.499e-05
ScatterPIFNUFFT,4,2,0.315483739
ScatterPIFNUFFT,4,3,1.8559e-05
ScatterPIFNUFFT,4,4,0.314325574
ScatterPIFNUFFT,4,5,4.1342e-05
ScatterPIFNUFFT,4,6,0.323015555
ScatterPIFNUFFT,4,7,2.4703e-05
ScatterPIFNUFFT,4,8,0.315247875
ScatterPIFNUFFT,4,9,3.1935e-05
ScatterPIFNUFFT,4,10,0.317806277
ScatterPIFNUFFT,4,11,4.2366e-05
ScatterPIFNUFFT,4,12,0.309418173
ScatterPIFNUFFT,4,13,2.6943e-05
ScatterPIFNUFFT,4,14,0.323534031
ScatterPIFNUFFT,4,15,4.4991e-05
ScatterPIFNUFFT,4,16,0.321150761
ScatterPIFNUFFT,4,17,4.8927e-05
ScatterPIFNUFFT,4,18,0.314825747
ScatterPIFNUFFT,4,19,4.8254e-05
NativeNUFFT1,4,0,0.312951129
NativeNUFFT1,4,1,0.312887067
NativeNUFFT1,4,2,0.311837539
NativeNUFFT1,4,3,0.320423235
NativeNUFFT1,4,4,0.313157425
NativeNUFFT1,4,5,0.315207909
NativeNUFFT1,4,6,0.30676816
NativeNUFFT1,4,7,0.320921745
NativeNUFFT1,4,8,0.318465229
NativeNUFFT1,4,9,0.312321488
scatterTimerNUFFT1,4,0,0.071087248
scatterTimerNUFFT1,4,1,0.071135118
scatterTimerNUFFT1,4,2,0.070986259
scatterTimerNUFFT1,4,3,0.070990643
scatterTimerNUFFT1,4,4,0.071648923
scatterTimerNUFFT1,4,5,0.071085839
scatterTimerNUFFT1,4,6,0.071219051
scatterTimerNUFFT1,4,7,0.071085808
scatterTimerNUFFT1,4,8,0.070882647
scatterTimerNUFFT1,4,9,0.071244841
binSort,4,0,0.015591772
binSort,4,1,0.01561942
binSort,4,2,0.015684698
binSort,4,3,0.0157358
binSort,4,4,0.01559206
binSort,4,5,0.015735671
binSort,4,6,0.0156926
binSort,4,7,0.015559999
binSort,4,8,0.015582301
binSort,4,9,0.015671482
binSort,4,10,0.015579197
binSort,4,11,0.015678778
binSort,4,12,0.015575197
binSort,4,13,0.015726487
binSort,4,14,0.015604796
binSort,4,15,0.015689434
binSort,4,16,0.015624827
binSort,4,17,0.015702425
binSort,4,18,0.015738615
binSort,4,19,0.015672954
binSort,4,20,0.015598589
binSort,4,21,0.01572908
binSort,4,22,0.015730615
binSort,4,23,0.015572414
binSort,4,24,0.015601852
binSort,4,25,0.015657818
binSort,4,26,0.015601245
binSort,4,27,0.01570908
binSort,4,28,0.015593565
binSort,4,29,0.015753014
binSort,4,30,0.015728375
binSort,4,31,0.015655035
binSort,4,32,0.015575421
binSort,4,33,0.015620891
binSort,4,34,0.015717912
binSort,4,35,0.015579325
binSort,4,36,0.015603965
binSort,4,37,0.015746424
binSort,4,38,0.015607452
binSort,4,39,0.01569772
binComputeKeys,4,0,0.001485513
binComputeKeys,4,1,0.001519368
binComputeKeys,4,2,0.001530087
binComputeKeys,4,3,0.001539527
binComputeKeys,4,4,0.001476041
binComputeKeys,4,5,0.001537799
binComputeKeys,4,6,0.001514376
binComputeKeys,4,7,0.00152244
binComputeKeys,4,8,0.001472585
binComputeKeys,4,9,0.001505832
binComputeKeys,4,10,0.001511592
binComputeKeys,4,11,0.001513512
binComputeKeys,4,12,0.001478857
binComputeKeys,4,13,0.001548326
binComputeKeys,4,14,0.001540551
binComputeKeys,4,15,0.00155383
binComputeKeys,4,16,0.001485961
binComputeKeys,4,17,0.001499369
binComputeKeys,4,18,0.001522376
binComputeKeys,4,19,0.001528711
binComputeKeys,4,20,0.001482025
binComputeKeys,4,21,0.001540806
binComputeKeys,4,22,0.001547014
binComputeKeys,4,23,0.001531559
binComputeKeys,4,24,0.001481513
binComputeKeys,4,25,0.001527655
binComputeKeys,4,26,0.001518248
binComputeKeys,4,27,0.001516616
binComputeKeys,4,28,0.001477929
binComputeKeys,4,29,0.001545414
binComputeKeys,4,30,0.001540486
binComputeKeys,4,31,0.001539079
binComputeKeys,4,32,0.001481897
binComputeKeys,4,33,0.001560262
binComputeKeys,4,34,0.001548166
binComputeKeys,4,35,0.001529319
binComputeKeys,4,36,0.001479625
binComputeKeys,4,37,0.001546023
binComputeKeys,4,38,0.001522439
binComputeKeys,4,39,0.001535495
binSortByKey,4,0,0.013423757
binSortByKey,4,1,0.013411469
binSortByKey,4,2,0.0134611
binSortByKey,4,3,0.013509611
binSortByKey,4,4,0.013432077
binSortByKey,4,5,0.013507722
binSortByKey,4,6,0.013468044
binSortByKey,4,7,0.013363792
binSortByKey,4,8,0.013424718
binSortByKey,4,9,0.013456716
binSortByKey,4,10,0.01338731
binSortByKey,4,11,0.013455021
binSortByKey,4,12,0.013411629
binSortByKey,4,13,0.013486923
binSortByKey,4,14,0.013388175
binSortByKey,4,15,0.013449101
binSortByKey,4,16,0.013450732
binSortByKey,4,17,0.013483179
binSortByKey,4,18,0.01350033
binSortByKey,4,19,0.013454892
binSortByKey,4,20,0.01342555
binSortByKey,4,21,0.013496012
binSortByKey,4,22,0.013493706
binSortByKey,4,23,0.013365616
binSortByKey,4,24,0.013437037
binSortByKey,4,25,0.013447276
binSortByKey,4,26,0.013401518
binSortByKey,4,27,0.013500618
binSortByKey,4,28,0.013429709
binSortByKey,4,29,0.013513994
binSortByKey,4,30,0.013499146
binSortByKey,4,31,0.013429901
binSortByKey,4,32,0.013403118
binSortByKey,4,33,0.01338795
binSortByKey,4,34,0.013479212
binSortByKey,4,35,0.013375823
binSortByKey,4,36,0.013434734
binSortByKey,4,37,0.013504875
binSortByKey,4,38,0.013404015
binSortByKey,4,39,0.013470123
binComputeOffsets,4,0,0.000679239
binComputeOffsets,4,1,0.000685639
binComputeOffsets,4,2,0.000689127
binComputeOffsets,4,3,0.000683078
binComputeOffsets,4,4,0.000681222
binComputeOffsets,4,5,0.00068695
binComputeOffsets,4,6,0.000707045
binComputeOffsets,4,7,0.000670663
binComputeOffsets,4,8,0.000683302
binComputeOffsets,4,9,0.000705222
binComputeOffsets,4,10,0.000676551
binComputeOffsets,4,11,0.000708325
binComputeOffsets,4,12,0.000683079
binComputeOffsets,4,13,0.000687238
binComputeOffsets,4,14,0.000672999
binComputeOffsets,4,15,0.000682919
binComputeOffsets,4,16,0.000685638
binComputeOffsets,4,17,0.000716581
binComputeOffsets,4,18,0.000712677
binComputeOffsets,4,19,0.000686151
binComputeOffsets,4,20,0.000688006
binComputeOffsets,4,21,0.000688326
binComputeOffsets,4,22,0.000686119
binComputeOffsets,4,23,0.000672999
binComputeOffsets,4,24,0.000680198
binComputeOffsets,4,25,0.000679495
binComputeOffsets,4,26,0.000677863
binComputeOffsets,4,27,0.000687718
binComputeOffsets,4,28,0.000681447
binComputeOffsets,4,29,0.000689382
binComputeOffsets,4,30,0.000684903
binComputeOffsets,4,31,0.000683879
binComputeOffsets,4,32,0.000685318
binComputeOffsets,4,33,0.000670727
binComputeOffsets,4,34,0.000687398
binComputeOffsets,4,35,0.000671175
binComputeOffsets,4,36,0.000686342
binComputeOffsets,4,37,0.000691142
binComputeOffsets,4,38,0.000679462
binComputeOffsets,4,39,0.000688646
FFTNUFFT1,4,0,0.2403792
FFTNUFFT1,4,1,0.240270148
FFTNUFFT1,4,2,0.239371751
FFTNUFFT1,4,3,0.247951175
FFTNUFFT1,4,4,0.240021902
FFTNUFFT1,4,5,0.242641645
FFTNUFFT1,4,6,0.234068107
FFTNUFFT1,4,7,0.24834108
FFTNUFFT1,4,8,0.246095565
FFTNUFFT1,4,9,0.239591166
TwiddleAdd,4,0,4.7551e-05
TwiddleAdd,4,1,4.4606e-05
TwiddleAdd,4,2,3.0783e-05
TwiddleAdd,4,3,5.0654e-05
TwiddleAdd,4,4,5.8814e-05
TwiddleAdd,4,5,3.6287e-05
TwiddleAdd,4,6,4.947e-05
TwiddleAdd,4,7,4.4862e-05
TwiddleAdd,4,8,5.7214e-05
TwiddleAdd,4,9,7.2701e-05
TwiddleAdd,4,10,5.8622e-05
TwiddleAdd,4,11,4.0958e-05
TwiddleAdd,4,12,5.6798e-05
TwiddleAdd,4,13,4.4734e-05
TwiddleAdd,4,14,5.2158e-05
TwiddleAdd,4,15,4.9566e-05
TwiddleAdd,4,16,4.4511e-05
TwiddleAdd,4,17,4.1982e-05
TwiddleAdd,4,18,3.9647e-05
TwiddleAdd,4,19,4.7038e-05
subFFTs,4,0,0.121880241
subFFTs,4,1,0.118291671
subFFTs,4,2,0.120159121
subFFTs,4,3,0.119917434
subFFTs,4,4,0.118126653
subFFTs,4,5,0.121045521
subFFTs,4,6,0.120414439
subFFTs,4,7,0.127341255
subFFTs,4,8,0.117616336
subFFTs,4,9,0.12216583
subFFTs,4,10,0.120165905
subFFTs,4,11,0.122269028
subFFTs,4,12,0.116719921
subFFTs,4,13,0.117142722
subFFTs,4,14,0.12601676
subFFTs,4,15,0.122111048
subFFTs,4,16,0.123008744
subFFTs,4,17,0.122889132
subFFTs,4,18,0.117600816
subFFTs,4,19,0.121794805
deconvolutionNUFFT1,4,0,0.001482441
deconvolutionNUFFT1,4,1,0.001479593
deconvolutionNUFFT1,4,2,0.001476489
deconvolutionNUFFT1,4,3,0.001479657
deconvolutionNUFFT1,4,4,0.001481257
deconvolutionNUFFT1,4,5,0.001477321
deconvolutionNUFFT1,4,6,0.001478026
deconvolutionNUFFT1,4,7,0.001492169
deconvolutionNUFFT1,4,8,0.001483113
deconvolutionNUFFT1,4,9,0.001483081
GatherPIFNUFFT,4,0,0.866291378
GatherPIFNUFFT,4,1,0.871878594
GatherPIFNUFFT,4,2,0.878238614
GatherPIFNUFFT,4,3,0.879019994
GatherPIFNUFFT,4,4,0.864704558
GatherPIFNUFFT,4,5,0.87935342
GatherPIFNUFFT,4,6,0.884948446
GatherPIFNUFFT,4,7,0.872359281
GatherPIFNUFFT,4,8,0.881698647
GatherPIFNUFFT,4,9,0.871139968
NativeNUFFT2,4,0,0.287533481
NativeNUFFT2,4,1,0.289076913
NativeNUFFT2,4,2,0.288472102
NativeNUFFT2,4,3,0.285116419
NativeNUFFT2,4,4,0.293838848
NativeNUFFT2,4,5,0.290636502
NativeNUFFT2,4,6,0.287852893
NativeNUFFT2,4,7,0.291369147
NativeNUFFT2,4,8,0.297002825
NativeNUFFT2,4,9,0.293356433
NativeNUFFT2,4,10,0.294277455
NativeNUFFT2,4,11,0.289119854
NativeNUFFT2,4,12,0.285212351
NativeNUFFT2,4,13,0.287213556
NativeNUFFT2,4,14,0.291033352
NativeNUFFT2,4,15,0.284933609
NativeNUFFT2,4,16,0.294001368
NativeNUFFT2,4,17,0.297285534
NativeNUFFT2,4,18,0.292022562
NativeNUFFT2,4,19,0.30188306
NativeNUFFT2,4,20,0.289002355
NativeNUFFT2,4,21,0.288920469
NativeNUFFT2,4,22,0.291964997
NativeNUFFT2,4,23,0.28939722
NativeNUFFT2,4,24,0.29280567
NativeNUFFT2,4,25,0.290663157
NativeNUFFT2,4,26,0.295425061
NativeNUFFT2,4,27,0.286559534
NativeNUFFT2,4,28,0.29337496
NativeNUFFT2,4,29,0.288315309
PrecorrectionNUFFT2,4,0,0.002306859
PrecorrectionNUFFT2,4,1,0.006115166
PrecorrectionNUFFT2,4,2,0.006103293
PrecorrectionNUFFT2,4,3,0.00231329
PrecorrectionNUFFT2,4,4,0.00607907
PrecorrectionNUFFT2,4,5,0.006102526
PrecorrectionNUFFT2,4,6,0.002310762
PrecorrectionNUFFT2,4,7,0.006085406
PrecorrectionNUFFT2,4,8,0.006139548
PrecorrectionNUFFT2,4,9,0.002306763
PrecorrectionNUFFT2,4,10,0.006125821
PrecorrectionNUFFT2,4,11,0.006137628
PrecorrectionNUFFT2,4,12,0.002306986
PrecorrectionNUFFT2,4,13,0.006111452
PrecorrectionNUFFT2,4,14,0.006077055
PrecorrectionNUFFT2,4,15,0.002316361
PrecorrectionNUFFT2,4,16,0.006099261
PrecorrectionNUFFT2,4,17,0.006111069
PrecorrectionNUFFT2,4,18,0.00230945
PrecorrectionNUFFT2,4,19,0.006117629
PrecorrectionNUFFT2,4,20,0.006115645
PrecorrectionNUFFT2,4,21,0.002307338
PrecorrectionNUFFT2,4,22,0.006100893
PrecorrectionNUFFT2,4,23,0.006065694
PrecorrectionNUFFT2,4,24,0.002308554
PrecorrectionNUFFT2,4,25,0.006127324
PrecorrectionNUFFT2,4,26,0.006079423
PrecorrectionNUFFT2,4,27,0.002309994
PrecorrectionNUFFT2,4,28,0.006078046
PrecorrectionNUFFT2,4,29,0.006123485
FFTNUFFT2,4,0,0.24148188
FFTNUFFT2,4,1,0.238914711
FFTNUFFT2,4,2,0.237965914
FFTNUFFT2,4,3,0.238761085
FFTNUFFT2,4,4,0.242543344
FFTNUFFT2,4,5,0.240753138
FFTNUFFT2,4,6,0.239607165
FFTNUFFT2,4,7,0.241620691
FFTNUFFT2,4,8,0.243811137
FFTNUFFT2,4,9,0.247223426
FFTNUFFT2,4,10,0.244459849
FFTNUFFT2,4,11,0.239237963
FFTNUFFT2,4,12,0.237357809
FFTNUFFT2,4,13,0.235321853
FFTNUFFT2,4,14,0.241216833
FFTNUFFT2,4,15,0.238795228
FFTNUFFT2,4,16,0.244044025
FFTNUFFT2,4,17,0.247416251
FFTNUFFT2,4,18,0.245946161
FFTNUFFT2,4,19,0.251924052
FFTNUFFT2,4,20,0.238707422
FFTNUFFT2,4,21,0.242713034
FFTNUFFT2,4,22,0.241943527
FFTNUFFT2,4,23,0.239595133
FFTNUFFT2,4,24,0.246523613
FFTNUFFT2,4,25,0.240740659
FFTNUFFT2,4,26,0.245553536
FFTNUFFT2,4,27,0.240454718
FFTNUFFT2,4,28,0.243401104
FFTNUFFT2,4,29,0.238465863
subIFFTs,4,0,0.123858185
subIFFTs,4,1,0.116794191
subIFFTs,4,2,0.118179803
subIFFTs,4,3,0.119944826
subIFFTs,4,4,0.122097001
subIFFTs,4,5,0.115066798
subIFFTs,4,6,0.121989678
subIFFTs,4,7,0.115874736
subIFFTs,4,8,0.120074773
subIFFTs,4,9,0.121654395
subIFFTs,4,10,0.124275417
subIFFTs,4,11,0.115616601
subIFFTs,4,12,0.121055056
subIFFTs,4,13,0.117746987
subIFFTs,4,14,0.120352459
subIFFTs,4,15,0.120449639
subIFFTs,4,16,0.124179452
subIFFTs,4,17,0.118835458
subIFFTs,4,18,0.122408318
subIFFTs,4,19,0.124039682
subIFFTs,4,20,0.120443815
subIFFTs,4,21,0.123190368
subIFFTs,4,22,0.117633775
subIFFTs,4,23,0.120757947
subIFFTs,4,24,0.117642064
subIFFTs,4,25,0.118934046
subIFFTs,4,26,0.121417955
subIFFTs,4,27,0.113074169
subIFFTs,4,28,0.117450998
subIFFTs,4,29,0.12294401
subIFFTs,4,30,0.116855148
subIFFTs,4,31,0.121104527
subIFFTs,4,32,0.120086004
subIFFTs,4,33,0.123122788
subIFFTs,4,34,0.122884588
subIFFTs,4,35,0.123671919
subIFFTs,4,36,0.124111839
subIFFTs,4,37,0.121019345
subIFFTs,4,38,0.126144499
subIFFTs,4,39,0.124933185
subIFFTs,4,40,0.117643886
subIFFTs,4,41,0.120283244
subIFFTs,4,42,0.121898961
subIFFTs,4,43,0.120005207
subIFFTs,4,44,0.122432029
subIFFTs,4,45,0.118704552
subIFFTs,4,46,0.117971011
subIFFTs,4,47,0.120782523
subIFFTs,4,48,0.120518341
subIFFTs,4,49,0.125156632
subIFFTs,4,50,0.115632825
subIFFTs,4,51,0.124321015
subIFFTs,4,52,0.122363551
subIFFTs,4,53,0.122335201
subIFFTs,4,54,0.115645689
subIFFTs,4,55,0.123996931
subIFFTs,4,56,0.115722486
subIFFTs,4,57,0.126813242
subIFFTs,4,58,0.11878746
subIFFTs,4,59,0.118899873
StridedWrite,4,0,7.4429e-05
StridedWrite,4,1,3.5742e-05
StridedWrite,4,2,3.6766e-05
StridedWrite,4,3,3.2319e-05
StridedWrite,4,4,4.0415e-05
StridedWrite,4,5,4.5598e-05
StridedWrite,4,6,0.000107868
StridedWrite,4,7,4.2559e-05
StridedWrite,4,8,4.2655e-05
StridedWrite,4,9,3.3022e-05
StridedWrite,4,10,5.3342e-05
StridedWrite,4,11,8.0541e-05
StridedWrite,4,12,4.6623e-05
StridedWrite,4,13,4.0414e-05
StridedWrite,4,14,3.9774e-05
StridedWrite,4,15,4.2206e-05
StridedWrite,4,16,4.0063e-05
StridedWrite,4,17,4.8862e-05
StridedWrite,4,18,4.4414e-05
StridedWrite,4,19,4.4478e-05
StridedWrite,4,20,3.7343e-05
StridedWrite,4,21,6.7038e-05
StridedWrite,4,22,8.678e-05
StridedWrite,4,23,5.795e-05
StridedWrite,4,24,4.1054e-05
StridedWrite,4,25,5.0527e-05
StridedWrite,4,26,4.4638e-05
StridedWrite,4,27,5.4078e-05
StridedWrite,4,28,3.4303e-05
StridedWrite,4,29,5.1326e-05
StridedWrite,4,30,4.6367e-05
StridedWrite,4,31,5.1166e-05
StridedWrite,4,32,5.4622e-05
StridedWrite,4,33,5.043e-05
StridedWrite,4,34,4.0222e-05
StridedWrite,4,35,8.5789e-05
StridedWrite,4,36,5.2606e-05
StridedWrite,4,37,4.0574e-05
StridedWrite,4,38,4.9374e-05
StridedWrite,4,39,7.7213e-05
StridedWrite,4,40,3.9487e-05
StridedWrite,4,41,5.363e-05
StridedWrite,4,42,4.4254e-05
StridedWrite,4,43,4.9982e-05
StridedWrite,4,44,3.3407e-05
StridedWrite,4,45,4.9438e-05
StridedWrite,4,46,3.7086e-05
StridedWrite,4,47,6.8285e-05
StridedWrite,4,48,6.1501e-05
StridedWrite,4,49,7.0206e-05
StridedWrite,4,50,5.6798e-05
StridedWrite,4,51,4.4798e-05
StridedWrite,4,52,4.2718e-05
StridedWrite,4,53,7.5645e-05
StridedWrite,4,54,5.1198e-05
StridedWrite,4,55,4.9438e-05
StridedWrite,4,56,4.6174e-05
StridedWrite,4,57,7.7149e-05
StridedWrite,4,58,4.2846e-05
StridedWrite,4,59,5.1358e-05
GatherNUFFT2,4,0,0.019756354
GatherNUFFT2,4,1,0.020080918
GatherNUFFT2,4,2,0.020292302
GatherNUFFT2,4,3,0.019996857
GatherNUFFT2,4,4,0.021123344
GatherNUFFT2,4,5,0.019746978
GatherNUFFT2,4,6,0.021957776
GatherNUFFT2,4,7,0.019660581
GatherNUFFT2,4,8,0.023073671
GatherNUFFT2,4,9,0.019816704
GatherNUFFT2,4,10,0.019696261
GatherNUFFT2,4,11,0.019778658
GatherNUFFT2,4,12,0.021623421
GatherNUFFT2,4,13,0.021854899
GatherNUFFT2,4,14,0.019781826
GatherNUFFT2,4,15,0.019824576
GatherNUFFT2,4,16,0.019825406
GatherNUFFT2,4,17,0.019655974
GatherNUFFT2,4,18,0.019798369
GatherNUFFT2,4,19,0.019849535
GatherNUFFT2,4,20,0.020131188
GatherNUFFT2,4,21,0.01985955
GatherNUFFT2,4,22,0.019947099
GatherNUFFT2,4,23,0.019755714
GatherNUFFT2,4,24,0.019887292
GatherNUFFT2,4,25,0.019811424
GatherNUFFT2,4,26,0.019783009
GatherNUFFT2,4,27,0.019846815
GatherNUFFT2,4,28,0.019861247
GatherNUFFT2,4,29,0.019770754
mainTimer,5,0,12.343531137
dumpData,5,0,0.010674131
dumpData,5,1,0.011121795
dumpData,5,2,0.011599216
dumpData,5,3,0.01038435
dumpData,5,4,0.010420062
dumpData,5,5,0.011394233
dumpData,5,6,0.011055269
dumpData,5,7,0.010398846
dumpData,5,8,0.010741745
dumpData,5,9,0.01039411
kick,5,0,6.5406e-05
kick,5,1,7.936e-06
kick,5,2,6.5085e-05
kick,5,3,1.0688e-05
kick,5,4,6.899e-05
kick,5,5,1.3408e-05
kick,5,6,6.131e-05
kick,5,7,8.224e-06
kick,5,8,6.5213e-05
kick,5,9,5.088e-06
kick,5,10,6.1854e-05
kick,5,11,1.168e-05
kick,5,12,6.5598e-05
kick,5,13,1.0399e-05
kick,5,14,6.5598e-05
kick,5,15,7.872e-06
kick,5,16,6.1917e-05
kick,5,17,1.0528e-05
kick,5,18,6.2622e-05
kick,5,19,6.304e-06
drift,5,0,5.888e-06
drift,5,1,5.952e-06
drift,5,2,6.304e-06
drift,5,3,5.855e-06
drift,5,4,6.304e-06
drift,5,5,5.92e-06
drift,5,6,5.472e-06
drift,5,7,5.311e-06
drift,5,8,4.992e-06
drift,5,9,6.048e-06
particleBC,5,0,1.2287e-05
particleBC,5,1,1.1903e-05
particleBC,5,2,1.0751e-05
particleBC,5,3,1.0464e-05
particleBC,5,4,1.0143e-05
particleBC,5,5,1.0143e-05
particleBC,5,6,8.959e-06
particleBC,5,7,1.0144e-05
particleBC,5,8,9.76e-06
particleBC,5,9,1.1295e-05
updateParticle,5,0,0.023438714
updateParticle,5,1,0.023634195
updateParticle,5,2,0.0232704
updateParticle,5,3,0.023663377
updateParticle,5,4,0.023346557
updateParticle,5,5,0.023446234
updateParticle,5,6,0.023373628
updateParticle,5,7,0.023412059
updateParticle,5,8,0.023371771
updateParticle,5,9,0.023435706
locateParticles,5,0,0.013250164
locateParticles,5,1,0.013262996
locateParticles,5,2,0.013246324
locateParticles,5,3,0.013255764
locateParticles,5,4,0.013262964
locateParticles,5,5,0.013269619
locateParticles,5,6,0.013260308
locateParticles,5,7,0.013269139
locateParticles,5,8,0.013241461
locateParticles,5,9,0.013248052
sendPreprocess,5,0,0.000173754
sendPreprocess,5,1,0.000186201
sendPreprocess,5,2,0.000181594
sendPreprocess,5,3,0.000238263
sendPreprocess,5,4,0.000172346
sendPreprocess,5,5,0.000177369
sendPreprocess,5,6,0.000171738
sendPreprocess,5,7,0.000173306
sendPreprocess,5,8,0.00019788
sendPreprocess,5,9,0.000184281
particleSend,5,0,0.000942781
particleSend,5,1,0.000883039
particleSend,5,2,0.000856544
particleSend,5,3,0.00091523
particleSend,5,4,0.000844672
particleSend,5,5,0.000874368
particleSend,5,6,0.00085536
particleSend,5,7,0.000839104
particleSend,5,8,0.000831841
particleSend,5,9,0.00085376
particleRecv,5,0,3.1199e-05
particleRecv,5,1,3.1871e-05
particleRecv,5,2,4.6686e-05
particleRecv,5,3,2.9279e-05
particleRecv,5,4,4.4191e-05
particleRecv,5,5,3.9486e-05
particleRecv,5,6,4.1598e-05
particleRecv,5,7,5.3982e-05
particleRecv,5,8,5.2894e-05
particleRecv,5,9,3.8623e-05
particleDestroy,5,0,0.007912634
particleDestroy,5,1,0.007860988
particleDestroy,5,2,0.007904602
particleDestroy,5,3,0.007799358
particleDestroy,5,4,0.007873755
particleDestroy,5,5,0.008113652
particleDestroy,5,6,0.007948377
particleDestroy,5,7,0.007834398
particleDestroy,5,8,0.007851293
particleDestroy,5,9,0.007907611
ScatterPIFNUFFT,5,0,0.320565566
ScatterPIFNUFFT,5,1,4.0895e-05
ScatterPIFNUFFT,5,2,0.315334912
ScatterPIFNUFFT,5,3,2.8319e-05
ScatterPIFNUFFT,5,4,0.314404099
ScatterPIFNUFFT,5,5,4.4926e-05
ScatterPIFNUFFT,5,6,0.322994659
ScatterPIFNUFFT,5,7,2.4479e-05
ScatterPIFNUFFT,5,8,0.314713272
ScatterPIFNUFFT,5,9,3.0847e-05
ScatterPIFNUFFT,5,10,0.318088539
ScatterPIFNUFFT,5,11,3.4879e-05
ScatterPIFNUFFT,5,12,0.31321656
ScatterPIFNUFFT,5,13,4.9182e-05
ScatterPIFNUFFT,5,14,0.32426818
ScatterPIFNUFFT,5,15,1.5264e-05
ScatterPIFNUFFT,5,16,0.321843663
ScatterPIFNUFFT,5,17,1.5808e-05
ScatterPIFNUFFT,5,18,0.315424861
ScatterPIFNUFFT,5,19,1.3312e-05
NativeNUFFT1,5,0,0.317914656
NativeNUFFT1,5,1,0.31275856
NativeNUFFT1,5,2,0.311795588
NativeNUFFT1,5,3,0.320407844
NativeNUFFT1,5,4,0.312484234
NativeNUFFT1,5,5,0.31536048
NativeNUFFT1,5,6,0.310533716
NativeNUFFT1,5,7,0.321595511
NativeNUFFT1,5,8,0.31917013
NativeNUFFT1,5,9,0.312966232
scatterTimerNUFFT1,5,0,0.070975444
scatterTimerNUFFT1,5,1,0.071164909
scatterTimerNUFFT1,5,2,0.071108239
scatterTimerNUFFT1,5,3,0.070884215
scatterTimerNUFFT1,5,4,0.071381637
scatterTimerNUFFT1,5,5,0.071413219
scatterTimerNUFFT1,5,6,0.071331303
scatterTimerNUFFT1,5,7,0.071157677
scatterTimerNUFFT1,5,8,0.070916629
scatterTimerNUFFT1,5,9,0.071362085
binSort,5,0,0.015545342
binSort,5,1,0.01560038
binSort,5,2,0.015637787
binSort,5,3,0.01569897
binSort,5,4,0.015602428
binSort,5,5,0.015673594
binSort,5,6,0.015594717
binSort,5,7,0.015703545
binSort,5,8,0.015598524
binSort,5,9,0.015652507
binSort,5,10,0.015736791
binSort,5,11,0.015687961
binSort,5,12,0.015573725
binSort,5,13,0.015626299
binSort,5,14,0.015656218
binSort,5,15,0.01556243
binSort,5,16,0.015639259
binSort,5,17,0.015636699
binSort,5,18,0.015620603
binSort,5,19,0.015547934
binSort,5,20,0.015608125
binSort,5,21,0.015561759
binSort,5,22,0.015629435
binSort,5,23,0.015684826
binSort,5,24,0.015607292
binSort,5,25,0.015703193
binSort,5,26,0.015706905
binSort,5,27,0.015736151
binSort,5,28,0.015594269
binSort,5,29,0.015611228
binSort,5,30,0.015650074
binSort,5,31,0.01558019
binSort,5,32,0.015593725
binSort,5,33,0.015621819
binSort,5,34,0.015501376
binSort,5,35,0.015642363
binSort,5,36,0.015649372
binSort,5,37,0.015677498
binSort,5,38,0.015736888
binSort,5,39,0.01560294
binComputeKeys,5,0,0.001472777
binComputeKeys,5,1,0.001535239
binComputeKeys,5,2,0.001527304
binComputeKeys,5,3,0.001546311
binComputeKeys,5,4,0.001479049
binComputeKeys,5,5,0.001534887
binComputeKeys,5,6,0.001515752
binComputeKeys,5,7,0.001530663
binComputeKeys,5,8,0.001483113
binComputeKeys,5,9,0.001527144
binComputeKeys,5,10,0.001532199
binComputeKeys,5,11,0.001530215
binComputeKeys,5,12,0.00147889
binComputeKeys,5,13,0.001516616
binComputeKeys,5,14,0.001516232
binComputeKeys,5,15,0.0014938
binComputeKeys,5,16,0.001483401
binComputeKeys,5,17,0.001531847
binComputeKeys,5,18,0.001523207
binComputeKeys,5,19,0.001507368
binComputeKeys,5,20,0.001470826
binComputeKeys,5,21,0.001521416
binComputeKeys,5,22,0.001522663
binComputeKeys,5,23,0.001529415
binComputeKeys,5,24,0.001481193
binComputeKeys,5,25,0.001540359
binComputeKeys,5,26,0.001527463
binComputeKeys,5,27,0.001530119
binComputeKeys,5,28,0.001478537
binComputeKeys,5,29,0.001528167
binComputeKeys,5,30,0.001530791
binComputeKeys,5,31,0.001517895
binComputeKeys,5,32,0.001485449
binComputeKeys,5,33,0.001533767
binComputeKeys,5,34,0.001502248
binComputeKeys,5,35,0.001539335
binComputeKeys,5,36,0.001485993
binComputeKeys,5,37,0.00154743
binComputeKeys,5,38,0.0015154
binComputeKeys,5,39,0.001536455
binSortByKey,5,0,0.013395502
binSortByKey,5,1,0.013396494
binSortByKey,5,2,0.013428173
binSortByKey,5,3,0.01347134
binSortByKey,5,4,0.013447884
binSortByKey,5,5,0.013456108
binSortByKey,5,6,0.013405486
binSortByKey,5,7,0.013488779
binSortByKey,5,8,0.013432492
binSortByKey,5,9,0.013448876
binSortByKey,5,10,0.013518793
binSortByKey,5,11,0.013472971
binSortByKey,5,12,0.013411341
binSortByKey,5,13,0.013425869
binSortByKey,5,14,0.013454348
binSortByKey,5,15,0.013392591
binSortByKey,5,16,0.013473003
binSortByKey,5,17,0.013426158
binSortByKey,5,18,0.013425677
binSortByKey,5,19,0.013370095
binSortByKey,5,20,0.013466988
binSortByKey,5,21,0.013370447
binSortByKey,5,22,0.013426957
binSortByKey,5,23,0.013470604
binSortByKey,5,24,0.013457228
binSortByKey,5,25,0.013473131
binSortByKey,5,26,0.013489323
binSortByKey,5,27,0.013509418
binSortByKey,5,28,0.013429709
binSortByKey,5,29,0.013403214
binSortByKey,5,30,0.013437132
binSortByKey,5,31,0.013391055
binSortByKey,5,32,0.013420718
binSortByKey,5,33,0.013405838
binSortByKey,5,34,0.013331505
binSortByKey,5,35,0.013425389
binSortByKey,5,36,0.013492107
binSortByKey,5,37,0.013449069
binSortByKey,5,38,0.01352721
binSortByKey,5,39,0.013397582
binComputeOffsets,5,0,0.000675911
binComputeOffsets,5,1,0.000667239
binComputeOffsets,5,2,0.000680295
binComputeOffsets,5,3,0.000678663
binComputeOffsets,5,4,0.000673959
binComputeOffsets,5,5,0.000680743
binComputeOffsets,5,6,0.000669959
binComputeOffsets,5,7,0.000681479
binComputeOffsets,5,8,0.000680999
binComputeOffsets,5,9,0.000674567
binComputeOffsets,5,10,0.000682247
binComputeOffsets,5,11,0.000681927
binComputeOffsets,5,12,0.000681767
binComputeOffsets,5,13,0.000681543
binComputeOffsets,5,14,0.000682215
binComputeOffsets,5,15,0.000674439
binComputeOffsets,5,16,0.000678439
binComputeOffsets,5,17,0.000675974
binComputeOffsets,5,18,0.000668967
binComputeOffsets,5,19,0.000668615
binComputeOffsets,5,20,0.000668359
binComputeOffsets,5,21,0.000667624
binComputeOffsets,5,22,0.000678855
binComputeOffsets,5,23,0.000681607
binComputeOffsets,5,24,0.000666759
binComputeOffsets,5,25,0.000686087
binComputeOffsets,5,26,0.000685447
binComputeOffsets,5,27,0.00069415
binComputeOffsets,5,28,0.000683687
binComputeOffsets,5,29,0.000677447
binComputeOffsets,5,30,0.000680999
binComputeOffsets,5,31,0.000668328
binComputeOffsets,5,32,0.000683526
binComputeOffsets,5,33,0.000680614
binComputeOffsets,5,34,0.000666151
binComputeOffsets,5,35,0.000675175
binComputeOffsets,5,36,0.000667816
binComputeOffsets,5,37,0.000679239
binComputeOffsets,5,38,0.000691494
binComputeOffsets,5,39,0.000665863
FFTNUFFT1,5,0,0.245432868
FFTNUFFT1,5,1,0.240111306
FFTNUFFT1,5,2,0.239187757
FFTNUFFT1,5,3,0.248034852
FFTNUFFT1,5,4,0.239603869
FFTNUFFT1,5,5,0.242450676
FFTNUFFT1,5,6,0.237716196
FFTNUFFT1,5,7,0.24893885
FFTNUFFT1,5,8,0.246755477
FFTNUFFT1,5,9,0.240111691
TwiddleAdd,5,0,3.9423e-05
TwiddleAdd,5,1,5.2318e-05
TwiddleAdd,5,2,6.0798e-05
TwiddleAdd,5,3,5.3726e-05
TwiddleAdd,5,4,3.2127e-05
TwiddleAdd,5,5,4.3038e-05
TwiddleAdd,5,6,4.8286e-05
TwiddleAdd,5,7,4.1758e-05
TwiddleAdd,5,8,2.5791e-05
TwiddleAdd,5,9,4.7358e-05
TwiddleAdd,5,10,2.9694e-05
TwiddleAdd,5,11,3.1935e-05
TwiddleAdd,5,12,4.7358e-05
TwiddleAdd,5,13,4.323e-05
TwiddleAdd,5,14,5.9453e-05
TwiddleAdd,5,15,5.7214e-05
TwiddleAdd,5,16,4.6846e-05
TwiddleAdd,5,17,6.3358e-05
TwiddleAdd,5,18,2.8958e-05
TwiddleAdd,5,19,5.0878e-05
subFFTs,5,0,0.12309818
subFFTs,5,1,0.122138759
subFFTs,5,2,0.121160492
subFFTs,5,3,0.118722598
subFFTs,5,4,0.118477872
subFFTs,5,5,0.12052874
subFFTs,5,6,0.119880443
subFFTs,5,7,0.127956432
subFFTs,5,8,0.118469712
subFFTs,5,9,0.120950068
subFFTs,5,10,0.120214832
subFFTs,5,11,0.122068204
subFFTs,5,12,0.118815364
subFFTs,5,13,0.118707208
subFFTs,5,14,0.128581241
subFFTs,5,15,0.120131506
subFFTs,5,16,0.123009384
subFFTs,5,17,0.123523701
subFFTs,5,18,0.117688141
subFFTs,5,19,0.122241477
deconvolutionNUFFT1,5,0,0.001503624
deconvolutionNUFFT1,5,1,0.001479625
deconvolutionNUFFT1,5,2,0.001497416
deconvolutionNUFFT1,5,3,0.001486281
deconvolutionNUFFT1,5,4,0.001494057
deconvolutionNUFFT1,5,5,0.001494857
deconvolutionNUFFT1,5,6,0.001484745
deconvolutionNUFFT1,5,7,0.001497672
deconvolutionNUFFT1,5,8,0.00149316
deconvolutionNUFFT1,5,9,0.001491336
GatherPIFNUFFT,5,0,0.861656959
GatherPIFNUFFT,5,1,0.869929003
GatherPIFNUFFT,5,2,0.877916003
GatherPIFNUFFT,5,3,0.879467401
GatherPIFNUFFT,5,4,0.866014237
GatherPIFNUFFT,5,5,0.878025438
GatherPIFNUFFT,5,6,0.881908047
GatherPIFNUFFT,5,7,0.87230546
GatherPIFNUFFT,5,8,0.87966925
GatherPIFNUFFT,5,9,0.871066754
NativeNUFFT2,5,0,0.283178635
NativeNUFFT2,5,1,0.288499941
NativeNUFFT2,5,2,0.288596225
NativeNUFFT2,5,3,0.285105923
NativeNUFFT2,5,4,0.294213906
NativeNUFFT2,5,5,0.289364773
NativeNUFFT2,5,6,0.289314374
NativeNUFFT2,5,7,0.29042707
NativeNUFFT2,5,8,0.296343234
NativeNUFFT2,5,9,0.293628679
NativeNUFFT2,5,10,0.29370762
NativeNUFFT2,5,11,0.289733687
NativeNUFFT2,5,12,0.28709529
NativeNUFFT2,5,13,0.287043964
NativeNUFFT2,5,14,0.290437213
NativeNUFFT2,5,15,0.28492785
NativeNUFFT2,5,16,0.293753218
NativeNUFFT2,5,17,0.296552346
NativeNUFFT2,5,18,0.289081679
NativeNUFFT2,5,19,0.301069042
NativeNUFFT2,5,20,0.290668245
NativeNUFFT2,5,21,0.289052657
NativeNUFFT2,5,22,0.292559023
NativeNUFFT2,5,23,0.289080464
NativeNUFFT2,5,24,0.292021123
NativeNUFFT2,5,25,0.29208288
NativeNUFFT2,5,26,0.2943571
NativeNUFFT2,5,27,0.286964479
NativeNUFFT2,5,28,0.292401684
NativeNUFFT2,5,29,0.28996184
PrecorrectionNUFFT2,5,0,0.002306219
PrecorrectionNUFFT2,5,1,0.006125533
PrecorrectionNUFFT2,5,2,0.006116029
PrecorrectionNUFFT2,5,3,0.002304618
PrecorrectionNUFFT2,5,4,0.006123517
PrecorrectionNUFFT2,5,5,0.006126044
PrecorrectionNUFFT2,5,6,0.002312714
PrecorrectionNUFFT2,5,7,0.006123037
PrecorrectionNUFFT2,5,8,0.006151324
PrecorrectionNUFFT2,5,9,0.002302218
PrecorrectionNUFFT2,5,10,0.006139452
PrecorrectionNUFFT2,5,11,0.006118684
PrecorrectionNUFFT2,5,12,0.002307275
PrecorrectionNUFFT2,5,13,0.006126813
PrecorrectionNUFFT2,5,14,0.006122717
PrecorrectionNUFFT2,5,15,0.002302187
PrecorrectionNUFFT2,5,16,0.006122813
PrecorrectionNUFFT2,5,17,0.006136093
PrecorrectionNUFFT2,5,18,0.002302378
PrecorrectionNUFFT2,5,19,0.006120253
PrecorrectionNUFFT2,5,20,0.006129244
PrecorrectionNUFFT2,5,21,0.002314602
PrecorrectionNUFFT2,5,22,0.006135388
PrecorrectionNUFFT2,5,23,0.006123581
PrecorrectionNUFFT2,5,24,0.002305578
PrecorrectionNUFFT2,5,25,0.006097853
PrecorrectionNUFFT2,5,26,0.006135548
PrecorrectionNUFFT2,5,27,0.002305643
PrecorrectionNUFFT2,5,28,0.006125501
PrecorrectionNUFFT2,5,29,0.006119037
FFTNUFFT2,5,0,0.237099132
FFTNUFFT2,5,1,0.238533765
FFTNUFFT2,5,2,0.2385545
FFTNUFFT2,5,3,0.238986868
FFTNUFFT2,5,4,0.244291408
FFTNUFFT2,5,5,0.239297096
FFTNUFFT2,5,6,0.243121818
FFTNUFFT2,5,7,0.240313572
FFTNUFFT2,5,8,0.246369826
FFTNUFFT2,5,9,0.247435675
FFTNUFFT2,5,10,0.243697221
FFTNUFFT2,5,11,0.239762647
FFTNUFFT2,5,12,0.240845359
FFTNUFFT2,5,13,0.23682151
FFTNUFFT2,5,14,0.240524155
FFTNUFFT2,5,15,0.238912663
FFTNUFFT2,5,16,0.243867072
FFTNUFFT2,5,17,0.24651062
FFTNUFFT2,5,18,0.242918786
FFTNUFFT2,5,19,0.249969788
FFTNUFFT2,5,20,0.23926449
FFTNUFFT2,5,21,0.243068892
FFTNUFFT2,5,22,0.242588879
FFTNUFFT2,5,23,0.239130255
FFTNUFFT2,5,24,0.245763577
FFTNUFFT2,5,25,0.241970085
FFTNUFFT2,5,26,0.24431723
FFTNUFFT2,5,27,0.240953836
FFTNUFFT2,5,28,0.240495644
FFTNUFFT2,5,29,0.239865683
subIFFTs,5,0,0.118031873
subIFFTs,5,1,0.118245049
subIFFTs,5,2,0.118105789
subIFFTs,5,3,0.119636901
subIFFTs,5,4,0.122078506
subIFFTs,5,5,0.115671896
subIFFTs,5,6,0.121022898
subIFFTs,5,7,0.117140673
subIFFTs,5,8,0.121096911
subIFFTs,5,9,0.122335649
subIFFTs,5,10,0.122639222
subIFFTs,5,11,0.115877328
subIFFTs,5,12,0.122632918
subIFFTs,5,13,0.119590343
subIFFTs,5,14,0.120314732
subIFFTs,5,15,0.11920703
subIFFTs,5,16,0.124186396
subIFFTs,5,17,0.121408194
subIFFTs,5,18,0.122612822
subIFFTs,5,19,0.124039202
subIFFTs,5,20,0.120333739
subIFFTs,5,21,0.122594551
subIFFTs,5,22,0.117467382
subIFFTs,5,23,0.121485696
subIFFTs,5,24,0.11875799
subIFFTs,5,25,0.121250504
subIFFTs,5,26,0.122582104
subIFFTs,5,27,0.113432076
subIFFTs,5,28,0.118491983
subIFFTs,5,29,0.121252361
subIFFTs,5,30,0.119649796
subIFFTs,5,31,0.118454897
subIFFTs,5,32,0.118945599
subIFFTs,5,33,0.124163357
subIFFTs,5,34,0.123000168
subIFFTs,5,35,0.122719122
subIFFTs,5,36,0.121027825
subIFFTs,5,37,0.121125517
subIFFTs,5,38,0.12649255
subIFFTs,5,39,0.12266466
subIFFTs,5,40,0.119209108
subIFFTs,5,41,0.119253203
subIFFTs,5,42,0.122238852
subIFFTs,5,43,0.120035542
subIFFTs,5,44,0.122178183
subIFFTs,5,45,0.119600519
subIFFTs,5,46,0.118029537
subIFFTs,5,47,0.120281452
subIFFTs,5,48,0.119898651
subIFFTs,5,49,0.125084346
subIFFTs,5,50,0.11657199
subIFFTs,5,51,0.124589165
subIFFTs,5,52,0.122009549
subIFFTs,5,53,0.121508799
subIFFTs,5,54,0.118138268
subIFFTs,5,55,0.122023532
subIFFTs,5,56,0.117071172
subIFFTs,5,57,0.122647701
subIFFTs,5,58,0.120104627
subIFFTs,5,59,0.118919616
StridedWrite,5,0,5.2766e-05
StridedWrite,5,1,8.0253e-05
StridedWrite,5,2,4.5022e-05
StridedWrite,5,3,5.8174e-05
StridedWrite,5,4,3.3311e-05
StridedWrite,5,5,6.6269e-05
StridedWrite,5,6,5.6702e-05
StridedWrite,5,7,6.6973e-05
StridedWrite,5,8,7.9005e-05
StridedWrite,5,9,7.9229e-05
StridedWrite,5,10,5.4014e-05
StridedWrite,5,11,4.1214e-05
StridedWrite,5,12,8.2812e-05
StridedWrite,5,13,8.5244e-05
StridedWrite,5,14,5.4046e-05
StridedWrite,5,15,5.1326e-05
StridedWrite,5,16,3.1871e-05
StridedWrite,5,17,5.5582e-05
StridedWrite,5,18,3.411e-05
StridedWrite,5,19,3.9551e-05
StridedWrite,5,20,2.4159e-05
StridedWrite,5,21,4.483e-05
StridedWrite,5,22,4.5086e-05
StridedWrite,5,23,4.1982e-05
StridedWrite,5,24,4.5758e-05
StridedWrite,5,25,7.9901e-05
StridedWrite,5,26,4.9598e-05
StridedWrite,5,27,7.5037e-05
StridedWrite,5,28,4.6974e-05
StridedWrite,5,29,4.8382e-05
StridedWrite,5,30,2.368e-05
StridedWrite,5,31,7.8941e-05
StridedWrite,5,32,2.0639e-05
StridedWrite,5,33,5.5998e-05
StridedWrite,5,34,4.0638e-05
StridedWrite,5,35,5.2062e-05
StridedWrite,5,36,3.4655e-05
StridedWrite,5,37,5.2222e-05
StridedWrite,5,38,3.6895e-05
StridedWrite,5,39,5.4206e-05
StridedWrite,5,40,5.0558e-05
StridedWrite,5,41,4.0607e-05
StridedWrite,5,42,3.3535e-05
StridedWrite,5,43,5.4494e-05
StridedWrite,5,44,3.987e-05
StridedWrite,5,45,6.2557e-05
StridedWrite,5,46,4.9055e-05
StridedWrite,5,47,6.8926e-05
StridedWrite,5,48,3.8335e-05
StridedWrite,5,49,5.891e-05
StridedWrite,5,50,3.1007e-05
StridedWrite,5,51,6.0382e-05
StridedWrite,5,52,4.9406e-05
StridedWrite,5,53,6.5854e-05
StridedWrite,5,54,3.5583e-05
StridedWrite,5,55,5.8462e-05
StridedWrite,5,56,4.067e-05
StridedWrite,5,57,3.0495e-05
StridedWrite,5,58,4.7102e-05
StridedWrite,5,59,7.7789e-05
GatherNUFFT2,5,0,0.01969098
GatherNUFFT2,5,1,0.019745027
GatherNUFFT2,5,2,0.019696133
GatherNUFFT2,5,3,0.019689732
GatherNUFFT2,5,4,0.019690853
GatherNUFFT2,5,5,0.019770594
GatherNUFFT2,5,6,0.019793376
GatherNUFFT2,5,7,0.019813055
GatherNUFFT2,5,8,0.019683173
GatherNUFFT2,5,9,0.019786017
GatherNUFFT2,5,10,0.019761858
GatherNUFFT2,5,11,0.019636166
GatherNUFFT2,5,12,0.0197928
GatherNUFFT2,5,13,0.019926427
GatherNUFFT2,5,14,0.019573097
GatherNUFFT2,5,15,0.019611848
GatherNUFFT2,5,16,0.019662661
GatherNUFFT2,5,17,0.019743843
GatherNUFFT2,5,18,0.019765442
GatherNUFFT2,5,19,0.020757693
GatherNUFFT2,5,20,0.021020851
GatherNUFFT2,5,21,0.019590824
GatherNUFFT2,5,22,0.019693157
GatherNUFFT2,5,23,0.019658182
GatherNUFFT2,5,24,0.019779553
GatherNUFFT2,5,25,0.01982992
GatherNUFFT2,5,26,0.019695525
GatherNUFFT2,5,27,0.019640263
GatherNUFFT2,5,28,0.021535168
GatherNUFFT2,5,29,0.019741507
mainTimer,6,0,12.343529729
dumpData,6,0,0.011386457
dumpData,6,1,0.011728429
dumpData,6,2,0.011188736
dumpData,6,3,0.010957161
dumpData,6,4,0.011288733
dumpData,6,5,0.010424221
dumpData,6,6,0.010388766
dumpData,6,7,0.011344379
dumpData,6,8,0.011538356
dumpData,6,9,0.010775344
kick,6,0,6.627e-05
kick,6,1,1.1872e-05
kick,6,2,6.6429e-05
kick,6,3,1.3055e-05
kick,6,4,6.6846e-05
kick,6,5,9.631e-06
kick,6,6,6.147e-05
kick,6,7,8.576e-06
kick,6,8,6.3901e-05
kick,6,9,1.008e-05
kick,6,10,6.0094e-05
kick,6,11,1.232e-05
kick,6,12,6.243e-05
kick,6,13,1.6415e-05
kick,6,14,6.5054e-05
kick,6,15,9.696e-06
kick,6,16,6.083e-05
kick,6,17,1.3791e-05
kick,6,18,6.1278e-05
kick,6,19,7.328e-06
drift,6,0,6.016e-06
drift,6,1,5.92e-06
drift,6,2,8.672e-06
drift,6,3,5.887e-06
drift,6,4,5.728e-06
drift,6,5,5.152e-06
drift,6,6,5.024e-06
drift,6,7,5.279e-06
drift,6,8,5.472e-06
drift,6,9,7.2e-06
particleBC,6,0,1.0079e-05
particleBC,6,1,1.1487e-05
particleBC,6,2,1.0367e-05
particleBC,6,3,1.104e-05
particleBC,6,4,1.1231e-05
particleBC,6,5,9.535e-06
particleBC,6,6,9.855e-06
particleBC,6,7,9.152e-06
particleBC,6,8,1.3407e-05
particleBC,6,9,1.3567e-05
updateParticle,6,0,0.023329182
updateParticle,6,1,0.023501143
updateParticle,6,2,0.023443289
updateParticle,6,3,0.023548502
updateParticle,6,4,0.023451193
updateParticle,6,5,0.023454873
updateParticle,6,6,0.023502455
updateParticle,6,7,0.023528054
updateParticle,6,8,0.023480632
updateParticle,6,9,0.023295359
locateParticles,6,0,0.013241301
locateParticles,6,1,0.013246741
locateParticles,6,2,0.01324658
locateParticles,6,3,0.013253492
locateParticles,6,4,0.013256468
locateParticles,6,5,0.013270835
locateParticles,6,6,0.013239125
locateParticles,6,7,0.013255028
locateParticles,6,8,0.013237845
locateParticles,6,9,0.013236916
sendPreprocess,6,0,0.000182937
sendPreprocess,6,1,0.000203512
sendPreprocess,6,2,0.000183194
sendPreprocess,6,3,0.000240439
sendPreprocess,6,4,0.00017929
sendPreprocess,6,5,0.000178745
sendPreprocess,6,6,0.000194937
sendPreprocess,6,7,0.000188409
sendPreprocess,6,8,0.000200216
sendPreprocess,6,9,0.000195449
particleSend,6,0,0.000862304
particleSend,6,1,0.000881183
particleSend,6,2,0.000934877
particleSend,6,3,0.000835873
particleSend,6,4,0.000843712
particleSend,6,5,0.000872544
particleSend,6,6,0.000933373
particleSend,6,7,0.000932157
particleSend,6,8,0.000945661
particleSend,6,9,0.000849888
particleRecv,6,0,4.4766e-05
particleRecv,6,1,3.2351e-05
particleRecv,6,2,3.1871e-05
particleRecv,6,3,4.7646e-05
particleRecv,6,4,4.3071e-05
particleRecv,6,5,4.0606e-05
particleRecv,6,6,2.4319e-05
particleRecv,6,7,3.2127e-05
particleRecv,6,8,2.3199e-05
particleRecv,6,9,3.6671e-05
particleDestroy,6,0,0.007719265
particleDestroy,6,1,0.007656035
particleDestroy,6,2,0.007662947
particleDestroy,6,3,0.007669731
particleDestroy,6,4,0.007673154
particleDestroy,6,5,0.007706339
particleDestroy,6,6,0.007635492
particleDestroy,6,7,0.007648036
particleDestroy,6,8,0.007661732
particleDestroy,6,9,0.007677795
ScatterPIFNUFFT,6,0,0.314697912
ScatterPIFNUFFT,6,1,3.1647e-05
ScatterPIFNUFFT,6,2,0.315288354
ScatterPIFNUFFT,6,3,3.3951e-05
ScatterPIFNUFFT,6,4,0.315053611
ScatterPIFNUFFT,6,5,3.3279e-05
ScatterPIFNUFFT,6,6,0.322724429
ScatterPIFNUFFT,6,7,5.4398e-05
ScatterPIFNUFFT,6,8,0.312851741
ScatterPIFNUFFT,6,9,5.1742e-05
ScatterPIFNUFFT,6,10,0.31810841
ScatterPIFNUFFT,6,11,3.3663e-05
ScatterPIFNUFFT,6,12,0.309671635
ScatterPIFNUFFT,6,13,2.7935e-05
ScatterPIFNUFFT,6,14,0.322986691
ScatterPIFNUFFT,6,15,5.1935e-05
ScatterPIFNUFFT,6,16,0.320657723
ScatterPIFNUFFT,6,17,5.4526e-05
ScatterPIFNUFFT,6,18,0.314540062
ScatterPIFNUFFT,6,19,6.4734e-05
NativeNUFFT1,6,0,0.312059738
NativeNUFFT1,6,1,0.31259175
NativeNUFFT1,6,2,0.312562056
NativeNUFFT1,6,3,0.320066961
NativeNUFFT1,6,4,0.310799657
NativeNUFFT1,6,5,0.315478492
NativeNUFFT1,6,6,0.307082164
NativeNUFFT1,6,7,0.320389508
NativeNUFFT1,6,8,0.318044541
NativeNUFFT1,6,9,0.311811619
scatterTimerNUFFT1,6,0,0.071045714
scatterTimerNUFFT1,6,1,0.071184204
scatterTimerNUFFT1,6,2,0.070923317
scatterTimerNUFFT1,6,3,0.070938069
scatterTimerNUFFT1,6,4,0.07168217
scatterTimerNUFFT1,6,5,0.071129006
scatterTimerNUFFT1,6,6,0.07101301
scatterTimerNUFFT1,6,7,0.071107215
scatterTimerNUFFT1,6,8,0.070858392
scatterTimerNUFFT1,6,9,0.071137261
binSort,6,0,0.015577469
binSort,6,1,0.015640442
binSort,6,2,0.015725943
binSort,6,3,0.015719353
binSort,6,4,0.015607804
binSort,6,5,0.015720472
binSort,6,6,0.015702424
binSort,6,7,0.015797077
binSort,6,8,0.015593885
binSort,6,9,0.015686618
binSort,6,10,0.015581725
binSort,6,11,0.015683706
binSort,6,12,0.015591261
binSort,6,13,0.015638875
binSort,6,14,0.01562038
binSort,6,15,0.015587581
binSort,6,16,0.015639355
binSort,6,17,0.015687898
binSort,6,18,0.015667994
binSort,6,19,0.015752311
binSort,6,20,0.015594813
binSort,6,21,0.015709785
binSort,6,22,0.015708792
binSort,6,23,0.015603837
binSort,6,24,0.015578781
binSort,6,25,0.015607132
binSort,6,26,0.015610013
binSort,6,27,0.015594557
binSort,6,28,0.015593597
binSort,6,29,0.015683577
binSort,6,30,0.015690425
binSort,6,31,0.015729976
binSort,6,32,0.015566238
binSort,6,33,0.015729911
binSort,6,34,0.015659515
binSort,6,35,0.015746871
binSort,6,36,0.015550623
binSort,6,37,0.01570908
binSort,6,38,0.015646587
binSort,6,39,0.015691545
binComputeKeys,6,0,0.001479113
binComputeKeys,6,1,0.001526183
binComputeKeys,6,2,0.00154103
binComputeKeys,6,3,0.00152356
binComputeKeys,6,4,0.001479849
binComputeKeys,6,5,0.00153044
binComputeKeys,6,6,0.001521735
binComputeKeys,6,7,0.001510888
binComputeKeys,6,8,0.001482121
binComputeKeys,6,9,0.001495176
binComputeKeys,6,10,0.001513
binComputeKeys,6,11,0.001501288
binComputeKeys,6,12,0.001480745
binComputeKeys,6,13,0.001522376
binComputeKeys,6,14,0.001544327
binComputeKeys,6,15,0.001520999
binComputeKeys,6,16,0.001490888
binComputeKeys,6,17,0.001486281
binComputeKeys,6,18,0.001509
binComputeKeys,6,19,0.001545542
binComputeKeys,6,20,0.001479689
binComputeKeys,6,21,0.001536294
binComputeKeys,6,22,0.001541255
binComputeKeys,6,23,0.001538023
binComputeKeys,6,24,0.001480521
binComputeKeys,6,25,0.001548326
binComputeKeys,6,26,0.001516168
binComputeKeys,6,27,0.001509544
binComputeKeys,6,28,0.001479241
binComputeKeys,6,29,0.001541255
binComputeKeys,6,30,0.00153156
binComputeKeys,6,31,0.001541415
binComputeKeys,6,32,0.001474314
binComputeKeys,6,33,0.001532583
binComputeKeys,6,34,0.001523175
binComputeKeys,6,35,0.001534952
binComputeKeys,6,36,0.001474601
binComputeKeys,6,37,0.001538855
binComputeKeys,6,38,0.001542086
binComputeKeys,6,39,0.001538023
binSortByKey,6,0,0.013413741
binSortByKey,6,1,0.013425453
binSortByKey,6,2,0.013492395
binSortByKey,6,3,0.013501547
binSortByKey,6,4,0.013445229
binSortByKey,6,5,0.013502026
binSortByKey,6,6,0.013470764
binSortByKey,6,7,0.013564329
binSortByKey,6,8,0.013426062
binSortByKey,6,9,0.013473964
binSortByKey,6,10,0.013388942
binSortByKey,6,11,0.013475852
binSortByKey,6,12,0.013423853
binSortByKey,6,13,0.013436557
binSortByKey,6,14,0.013396398
binSortByKey,6,15,0.013382256
binSortByKey,6,16,0.013457452
binSortByKey,6,17,0.013484011
binSortByKey,6,18,0.013449516
binSortByKey,6,19,0.01351377
binSortByKey,6,20,0.013426222
binSortByKey,6,21,0.01347982
binSortByKey,6,22,0.013475818
binSortByKey,6,23,0.013390479
binSortByKey,6,24,0.013409646
binSortByKey,6,25,0.013385199
binSortByKey,6,26,0.013407246
binSortByKey,6,27,0.01340267
binSortByKey,6,28,0.013429805
binSortByKey,6,29,0.013453932
binSortByKey,6,30,0.013468044
binSortByKey,6,31,0.013496812
binSortByKey,6,32,0.01340763
binSortByKey,6,33,0.013504938
binSortByKey,6,34,0.01343963
binSortByKey,6,35,0.013511945
binSortByKey,6,36,0.013393583
binSortByKey,6,37,0.013477004
binSortByKey,6,38,0.013428142
binSortByKey,6,39,0.0134619
binComputeOffsets,6,0,0.000681479
binComputeOffsets,6,1,0.000686278
binComputeOffsets,6,2,0.00069111
binComputeOffsets,6,3,0.000691814
binComputeOffsets,6,4,0.000680358
binComputeOffsets,6,5,0.000685351
binComputeOffsets,6,6,0.000707846
binComputeOffsets,6,7,0.000720037
binComputeOffsets,6,8,0.000682087
binComputeOffsets,6,9,0.000715206
binComputeOffsets,6,10,0.000678023
binComputeOffsets,6,11,0.000704934
binComputeOffsets,6,12,0.000684039
binComputeOffsets,6,13,0.000678662
binComputeOffsets,6,14,0.000677415
binComputeOffsets,6,15,0.000682406
binComputeOffsets,6,16,0.000687399
binComputeOffsets,6,17,0.000715686
binComputeOffsets,6,18,0.000708038
binComputeOffsets,6,19,0.000691079
binComputeOffsets,6,20,0.00068647
binComputeOffsets,6,21,0.000692455
binComputeOffsets,6,22,0.000689127
binComputeOffsets,6,23,0.000673703
binComputeOffsets,6,24,0.000686887
binComputeOffsets,6,25,0.000672263
binComputeOffsets,6,26,0.000684743
binComputeOffsets,6,27,0.000681031
binComputeOffsets,6,28,0.000682791
binComputeOffsets,6,29,0.000686438
binComputeOffsets,6,30,0.000688358
binComputeOffsets,6,31,0.000690118
binComputeOffsets,6,32,0.000682566
binComputeOffsets,6,33,0.000690758
binComputeOffsets,6,34,0.000684711
binComputeOffsets,6,35,0.000698278
binComputeOffsets,6,36,0.000681095
binComputeOffsets,6,37,0.000690182
binComputeOffsets,6,38,0.000674855
binComputeOffsets,6,39,0.000689702
FFTNUFFT1,6,0,0.239527615
FFTNUFFT1,6,1,0.239930897
FFTNUFFT1,6,2,0.240164234
FFTNUFFT1,6,3,0.247643667
FFTNUFFT1,6,4,0.237627686
FFTNUFFT1,6,5,0.242866853
FFTNUFFT1,6,6,0.234588152
FFTNUFFT1,6,7,0.247799724
FFTNUFFT1,6,8,0.245725691
FFTNUFFT1,6,9,0.239188653
TwiddleAdd,6,0,4.1471e-05
TwiddleAdd,6,1,3.5135e-05
TwiddleAdd,6,2,4.7454e-05
TwiddleAdd,6,3,6.9501e-05
TwiddleAdd,6,4,4.8382e-05
TwiddleAdd,6,5,5.3182e-05
TwiddleAdd,6,6,5.5198e-05
TwiddleAdd,6,7,5.1902e-05
TwiddleAdd,6,8,4.419e-05
TwiddleAdd,6,9,3.7727e-05
TwiddleAdd,6,10,4.2686e-05
TwiddleAdd,6,11,2.9055e-05
TwiddleAdd,6,12,3.5423e-05
TwiddleAdd,6,13,3.843e-05
TwiddleAdd,6,14,5.0718e-05
TwiddleAdd,6,15,3.5166e-05
TwiddleAdd,6,16,4.8478e-05
TwiddleAdd,6,17,6.1086e-05
TwiddleAdd,6,18,5.3918e-05
TwiddleAdd,6,19,4.2814e-05
subFFTs,6,0,0.119941176
subFFTs,6,1,0.119397326
subFFTs,6,2,0.122163015
subFFTs,6,3,0.117538611
subFFTs,6,4,0.118358708
subFFTs,6,5,0.121597853
subFFTs,6,6,0.120310123
subFFTs,6,7,0.127116559
subFFTs,6,8,0.118100542
subFFTs,6,9,0.119335759
subFFTs,6,10,0.120550659
subFFTs,6,11,0.122139913
subFFTs,6,12,0.117330587
subFFTs,6,13,0.117074597
subFFTs,6,14,0.127177357
subFFTs,6,15,0.120423111
subFFTs,6,16,0.124552335
subFFTs,6,17,0.120950964
subFFTs,6,18,0.119814334
subFFTs,6,19,0.119166487
deconvolutionNUFFT1,6,0,0.001485065
deconvolutionNUFFT1,6,1,0.001474665
deconvolutionNUFFT1,6,2,0.001472681
deconvolutionNUFFT1,6,3,0.001482889
deconvolutionNUFFT1,6,4,0.001486057
deconvolutionNUFFT1,6,5,0.001479145
deconvolutionNUFFT1,6,6,0.001478794
deconvolutionNUFFT1,6,7,0.001480585
deconvolutionNUFFT1,6,8,0.001457226
deconvolutionNUFFT1,6,9,0.001482697
GatherPIFNUFFT,6,0,0.867024855
GatherPIFNUFFT,6,1,0.870583027
GatherPIFNUFFT,6,2,0.875585145
GatherPIFNUFFT,6,3,0.880632446
GatherPIFNUFFT,6,4,0.86756826
GatherPIFNUFFT,6,5,0.878108763
GatherPIFNUFFT,6,6,0.885991191
GatherPIFNUFFT,6,7,0.873587428
GatherPIFNUFFT,6,8,0.881448768
GatherPIFNUFFT,6,9,0.872215863
NativeNUFFT2,6,0,0.288207664
NativeNUFFT2,6,1,0.288957429
NativeNUFFT2,6,2,0.288266318
NativeNUFFT2,6,3,0.284823373
NativeNUFFT2,6,4,0.293759714
NativeNUFFT2,6,5,0.289511104
NativeNUFFT2,6,6,0.286467568
NativeNUFFT2,6,7,0.291062311
NativeNUFFT2,6,8,0.296845903
NativeNUFFT2,6,9,0.294202866
NativeNUFFT2,6,10,0.294272751
NativeNUFFT2,6,11,0.28911899
NativeNUFFT2,6,12,0.288080437
NativeNUFFT2,6,13,0.287287187
NativeNUFFT2,6,14,0.290693044
NativeNUFFT2,6,15,0.284273218
NativeNUFFT2,6,16,0.294002584
NativeNUFFT2,6,17,0.297277759
NativeNUFFT2,6,18,0.292796165
NativeNUFFT2,6,19,0.299604681
NativeNUFFT2,6,20,0.291796555
NativeNUFFT2,6,21,0.28885628
NativeNUFFT2,6,22,0.292234331
NativeNUFFT2,6,23,0.288680319
NativeNUFFT2,6,24,0.292938625
NativeNUFFT2,6,25,0.29219702
NativeNUFFT2,6,26,0.293885534
NativeNUFFT2,6,27,0.288216688
NativeNUFFT2,6,28,0.291792747
NativeNUFFT2,6,29,0.2895296
PrecorrectionNUFFT2,6,0,0.002308362
PrecorrectionNUFFT2,6,1,0.006112734
PrecorrectionNUFFT2,6,2,0.006082654
PrecorrectionNUFFT2,6,3,0.002307498
PrecorrectionNUFFT2,6,4,0.006074782
PrecorrectionNUFFT2,6,5,0.006109405
PrecorrectionNUFFT2,6,6,0.002296171
PrecorrectionNUFFT2,6,7,0.006118749
PrecorrectionNUFFT2,6,8,0.006113277
PrecorrectionNUFFT2,6,9,0.002313962
PrecorrectionNUFFT2,6,10,0.006093981
PrecorrectionNUFFT2,6,11,0.00613878
PrecorrectionNUFFT2,6,12,0.002307755
PrecorrectionNUFFT2,6,13,0.006123613
PrecorrectionNUFFT2,6,14,0.006101853
PrecorrectionNUFFT2,6,15,0.002295626
PrecorrectionNUFFT2,6,16,0.006104797
PrecorrectionNUFFT2,6,17,0.006105469
PrecorrectionNUFFT2,6,18,0.002308586
PrecorrectionNUFFT2,6,19,0.006120189
PrecorrectionNUFFT2,6,20,0.006044095
PrecorrectionNUFFT2,6,21,0.00230817
PrecorrectionNUFFT2,6,22,0.006097309
PrecorrectionNUFFT2,6,23,0.006090718
PrecorrectionNUFFT2,6,24,0.002310283
PrecorrectionNUFFT2,6,25,0.006060159
PrecorrectionNUFFT2,6,26,0.006122556
PrecorrectionNUFFT2,6,27,0.00231457
PrecorrectionNUFFT2,6,28,0.006129245
PrecorrectionNUFFT2,6,29,0.006083519
FFTNUFFT2,6,0,0.242155232
FFTNUFFT2,6,1,0.238876824
FFTNUFFT2,6,2,0.237502924
FFTNUFFT2,6,3,0.238649153
FFTNUFFT2,6,4,0.242278491
FFTNUFFT2,6,5,0.238283822
FFTNUFFT2,6,6,0.236006147
FFTNUFFT2,6,7,0.241352477
FFTNUFFT2,6,8,0.243112923
FFTNUFFT2,6,9,0.248146465
FFTNUFFT2,6,10,0.244380332
FFTNUFFT2,6,11,0.239306728
FFTNUFFT2,6,12,0.237860478
FFTNUFFT2,6,13,0.235324093
FFTNUFFT2,6,14,0.240667797
FFTNUFFT2,6,15,0.238164914
FFTNUFFT2,6,16,0.244114551
FFTNUFFT2,6,17,0.2473791
FFTNUFFT2,6,18,0.246645432
FFTNUFFT2,6,19,0.249455952
FFTNUFFT2,6,20,0.241960262
FFTNUFFT2,6,21,0.242784295
FFTNUFFT2,6,22,0.242264795
FFTNUFFT2,6,23,0.238584419
FFTNUFFT2,6,24,0.246521533
FFTNUFFT2,6,25,0.242314201
FFTNUFFT2,6,26,0.243403728
FFTNUFFT2,6,27,0.241983525
FFTNUFFT2,6,28,0.241945638
FFTNUFFT2,6,29,0.239606589
subIFFTs,6,0,0.121789622
subIFFTs,6,1,0.11956132
subIFFTs,6,2,0.119839645
subIFFTs,6,3,0.118214682
subIFFTs,6,4,0.123066726
subIFFTs,6,5,0.113620836
subIFFTs,6,6,0.120698653
subIFFTs,6,7,0.117148224
subIFFTs,6,8,0.11994121
subIFFTs,6,9,0.121542655
subIFFTs,6,10,0.124162525
subIFFTs,6,11,0.113307503
subIFFTs,6,12,0.119603431
subIFFTs,6,13,0.115634937
subIFFTs,6,14,0.121648602
subIFFTs,6,15,0.118879714
subIFFTs,6,16,0.124529999
subIFFTs,6,17,0.117784393
subIFFTs,6,18,0.123436407
subIFFTs,6,19,0.123904231
subIFFTs,6,20,0.120398185
subIFFTs,6,21,0.123162817
subIFFTs,6,22,0.117196704
subIFFTs,6,23,0.121338277
subIFFTs,6,24,0.119948698
subIFFTs,6,25,0.11711709
subIFFTs,6,26,0.120095284
subIFFTs,6,27,0.114429831
subIFFTs,6,28,0.118870081
subIFFTs,6,29,0.120989075
subIFFTs,6,30,0.115359076
subIFFTs,6,31,0.122036652
subIFFTs,6,32,0.120061622
subIFFTs,6,33,0.123221728
subIFFTs,6,34,0.122196901
subIFFTs,6,35,0.124325623
subIFFTs,6,36,0.123806186
subIFFTs,6,37,0.121990829
subIFFTs,6,38,0.125345073
subIFFTs,6,39,0.123314397
subIFFTs,6,40,0.119188694
subIFFTs,6,41,0.121934832
subIFFTs,6,42,0.121554526
subIFFTs,6,43,0.120464486
subIFFTs,6,44,0.120056534
subIFFTs,6,45,0.1213937
subIFFTs,6,46,0.117754091
subIFFTs,6,47,0.120042102
subIFFTs,6,48,0.121877778
subIFFTs,6,49,0.123787595
subIFFTs,6,50,0.116395581
subIFFTs,6,51,0.125093914
subIFFTs,6,52,0.12121905
subIFFTs,6,53,0.121381092
subIFFTs,6,54,0.116977352
subIFFTs,6,55,0.124166013
subIFFTs,6,56,0.114881333
subIFFTs,6,57,0.126239536
subIFFTs,6,58,0.120329227
subIFFTs,6,59,0.118432146
StridedWrite,6,0,3.779e-05
StridedWrite,6,1,4.3551e-05
StridedWrite,6,2,6.707e-05
StridedWrite,6,3,3.3535e-05
StridedWrite,6,4,4.9086e-05
StridedWrite,6,5,3.2319e-05
StridedWrite,6,6,4.5983e-05
StridedWrite,6,7,4.2751e-05
StridedWrite,6,8,3.9358e-05
StridedWrite,6,9,2.9855e-05
StridedWrite,6,10,5.9806e-05
StridedWrite,6,11,3.3599e-05
StridedWrite,6,12,5.3343e-05
StridedWrite,6,13,3.1007e-05
StridedWrite,6,14,4.4446e-05
StridedWrite,6,15,5.8685e-05
StridedWrite,6,16,5.0558e-05
StridedWrite,6,17,3.1935e-05
StridedWrite,6,18,2.6463e-05
StridedWrite,6,19,4.1919e-05
StridedWrite,6,20,3.4463e-05
StridedWrite,6,21,7.1838e-05
StridedWrite,6,22,4.8574e-05
StridedWrite,6,23,3.7055e-05
StridedWrite,6,24,2.9279e-05
StridedWrite,6,25,3.2574e-05
StridedWrite,6,26,2.7551e-05
StridedWrite,6,27,4.5278e-05
StridedWrite,6,28,4.115e-05
StridedWrite,6,29,4.547e-05
StridedWrite,6,30,2.8126e-05
StridedWrite,6,31,4.483e-05
StridedWrite,6,32,6.4765e-05
StridedWrite,6,33,4.5471e-05
StridedWrite,6,34,4.5918e-05
StridedWrite,6,35,8.8412e-05
StridedWrite,6,36,5.5006e-05
StridedWrite,6,37,8.5629e-05
StridedWrite,6,38,5.4174e-05
StridedWrite,6,39,5.3566e-05
StridedWrite,6,40,3.3694e-05
StridedWrite,6,41,6.9117e-05
StridedWrite,6,42,2.7007e-05
StridedWrite,6,43,5.2062e-05
StridedWrite,6,44,5.0174e-05
StridedWrite,6,45,4.051e-05
StridedWrite,6,46,2.9919e-05
StridedWrite,6,47,3.5198e-05
StridedWrite,6,48,6.3549e-05
StridedWrite,6,49,4.4223e-05
StridedWrite,6,50,4.9406e-05
StridedWrite,6,51,3.8559e-05
StridedWrite,6,52,4.0159e-05
StridedWrite,6,53,4.5374e-05
StridedWrite,6,54,4.6942e-05
StridedWrite,6,55,4.8926e-05
StridedWrite,6,56,3.9007e-05
StridedWrite,6,57,8.1565e-05
StridedWrite,6,58,5.1102e-05
StridedWrite,6,59,5.0462e-05
GatherNUFFT2,6,0,0.019695524
GatherNUFFT2,6,1,0.019926076
GatherNUFFT2,6,2,0.020580035
GatherNUFFT2,6,3,0.019808288
GatherNUFFT2,6,4,0.021346726
GatherNUFFT2,6,5,0.021079121
GatherNUFFT2,6,6,0.024079874
GatherNUFFT2,6,7,0.019568872
GatherNUFFT2,6,8,0.023569941
GatherNUFFT2,6,9,0.019703108
GatherNUFFT2,6,10,0.019744419
GatherNUFFT2,6,11,0.019655623
GatherNUFFT2,6,12,0.023866698
GatherNUFFT2,6,13,0.021806293
GatherNUFFT2,6,14,0.019834944
GatherNUFFT2,6,15,0.019751363
GatherNUFFT2,6,16,0.01973997
GatherNUFFT2,6,17,0.019684165
GatherNUFFT2,6,18,0.019728036
GatherNUFFT2,6,19,0.019971898
GatherNUFFT2,6,20,0.019697444
GatherNUFFT2,6,21,0.019736291
GatherNUFFT2,6,22,0.019759362
GatherNUFFT2,6,23,0.019937372
GatherNUFFT2,6,24,0.020038103
GatherNUFFT2,6,25,0.019704132
GatherNUFFT2,6,26,0.020333485
GatherNUFFT2,6,27,0.019812832
GatherNUFFT2,6,28,0.019635111
GatherNUFFT2,6,29,0.019767266
mainTimer,7,0,12.343533792
dumpData,7,0,0.010423421
dumpData,7,1,0.010418365
dumpData,7,2,0.010447035
dumpData,7,3,0.010617334
dumpData,7,4,0.010657557
dumpData,7,5,0.011135363
dumpData,7,6,0.011394456
dumpData,7,7,0.011066757
dumpData,7,8,0.011041094
dumpData,7,9,0.011316636
kick,7,0,6.8605e-05
kick,7,1,1.2863e-05
kick,7,2,6.8157e-05
kick,7,3,1.0048e-05
kick,7,4,6.7742e-05
kick,7,5,9.984e-06
kick,7,6,6.243e-05
kick,7,7,7.359e-06
kick,7,8,6.3581e-05
kick,7,9,5.728e-06
kick,7,10,6.1118e-05
kick,7,11,9.407e-06
kick,7,12,6.2846e-05
kick,7,13,9.408e-06
kick,7,14,6.3742e-05
kick,7,15,1.0208e-05
kick,7,16,6.131e-05
kick,7,17,1.1616e-05
kick,7,18,6.3198e-05
kick,7,19,1.008e-05
drift,7,0,7.328e-06
drift,7,1,4.896e-06
drift,7,2,5.632e-06
drift,7,3,5.631e-06
drift,7,4,6.496e-06
drift,7,5,4.8e-06
drift,7,6,5.248e-06
drift,7,7,4.351e-06
drift,7,8,4.992e-06
drift,7,9,6.016e-06
particleBC,7,0,9.951e-06
particleBC,7,1,1.3119e-05
particleBC,7,2,1.1071e-05
particleBC,7,3,1.1296e-05
particleBC,7,4,9.76e-06
particleBC,7,5,1.0655e-05
particleBC,7,6,9.919e-06
particleBC,7,7,9.568e-06
particleBC,7,8,9.152e-06
particleBC,7,9,1.2383e-05
updateParticle,7,0,0.023479993
updateParticle,7,1,0.023673873
updateParticle,7,2,0.023436474
updateParticle,7,3,0.023659858
updateParticle,7,4,0.023454008
updateParticle,7,5,0.023445914
updateParticle,7,6,0.023467161
updateParticle,7,7,0.023495736
updateParticle,7,8,0.023472216
updateParticle,7,9,0.023396507
locateParticles,7,0,0.013267732
locateParticles,7,1,0.013274516
locateParticles,7,2,0.013271123
locateParticles,7,3,0.013332273
locateParticles,7,4,0.013280116
locateParticles,7,5,0.013290002
locateParticles,7,6,0.013279219
locateParticles,7,7,0.013291218
locateParticles,7,8,0.01326514
locateParticles,7,9,0.013262195
sendPreprocess,7,0,0.000157946
sendPreprocess,7,1,0.000175577
sendPreprocess,7,2,0.000160986
sendPreprocess,7,3,0.000163386
sendPreprocess,7,4,0.000159099
sendPreprocess,7,5,0.000159546
sendPreprocess,7,6,0.000156315
sendPreprocess,7,7,0.000155355
sendPreprocess,7,8,0.000177113
sendPreprocess,7,9,0.000172538
particleSend,7,0,0.000861728
particleSend,7,1,0.000834305
particleSend,7,2,0.000854817
particleSend,7,3,0.000833729
particleSend,7,4,0.00091251
particleSend,7,5,0.000870944
particleSend,7,6,0.000897694
particleSend,7,7,0.000918813
particleSend,7,8,0.000873024
particleSend,7,9,0.000795714
particleRecv,7,0,4.771e-05
particleRecv,7,1,4.6142e-05
particleRecv,7,2,4.5822e-05
particleRecv,7,3,4.755e-05
particleRecv,7,4,2.0511e-05
particleRecv,7,5,4.099e-05
particleRecv,7,6,3.5199e-05
particleRecv,7,7,4.1823e-05
particleRecv,7,8,3.9806e-05
particleRecv,7,9,4.9566e-05
particleDestroy,7,0,0.008267597
particleDestroy,7,1,0.008447814
particleDestroy,7,2,0.008233998
particleDestroy,7,3,0.008407432
particleDestroy,7,4,0.008239886
particleDestroy,7,5,0.008246927
particleDestroy,7,6,0.008247405
particleDestroy,7,7,0.008256941
particleDestroy,7,8,0.008275053
particleDestroy,7,9,0.008285869
ScatterPIFNUFFT,7,0,0.317882529
ScatterPIFNUFFT,7,1,4.7615e-05
ScatterPIFNUFFT,7,2,0.314521855
ScatterPIFNUFFT,7,3,5.7949e-05
ScatterPIFNUFFT,7,4,0.315758257
ScatterPIFNUFFT,7,5,1.6191e-05
ScatterPIFNUFFT,7,6,0.322855177
ScatterPIFNUFFT,7,7,3.811e-05
ScatterPIFNUFFT,7,8,0.313560739
ScatterPIFNUFFT,7,9,4.9854e-05
ScatterPIFNUFFT,7,10,0.318413647
ScatterPIFNUFFT,7,11,2.1535e-05
ScatterPIFNUFFT,7,12,0.311326486
ScatterPIFNUFFT,7,13,3.3406e-05
ScatterPIFNUFFT,7,14,0.323060897
ScatterPIFNUFFT,7,15,4.7198e-05
ScatterPIFNUFFT,7,16,0.32105838
ScatterPIFNUFFT,7,17,4.8735e-05
ScatterPIFNUFFT,7,18,0.315116328
ScatterPIFNUFFT,7,19,3.9294e-05
NativeNUFFT1,7,0,0.315405822
NativeNUFFT1,7,1,0.311941694
NativeNUFFT1,7,2,0.313210416
NativeNUFFT1,7,3,0.320229738
NativeNUFFT1,7,4,0.310748139
NativeNUFFT1,7,5,0.315810095
NativeNUFFT1,7,6,0.308704663
NativeNUFFT1,7,7,0.320463969
NativeNUFFT1,7,8,0.318419726
NativeNUFFT1,7,9,0.312578087
scatterTimerNUFFT1,7,0,0.071085232
scatterTimerNUFFT1,7,1,0.071489089
scatterTimerNUFFT1,7,2,0.071177324
scatterTimerNUFFT1,7,3,0.071201771
scatterTimerNUFFT1,7,4,0.071630619
scatterTimerNUFFT1,7,5,0.071545118
scatterTimerNUFFT1,7,6,0.071170988
scatterTimerNUFFT1,7,7,0.071380485
scatterTimerNUFFT1,7,8,0.071165484
scatterTimerNUFFT1,7,9,0.071234346
binSort,7,0,0.015600348
binSort,7,1,0.015717335
binSort,7,2,0.015613756
binSort,7,3,0.01557459
binSort,7,4,0.015595356
binSort,7,5,0.015562526
binSort,7,6,0.015698904
binSort,7,7,0.015651835
binSort,7,8,0.015582333
binSort,7,9,0.015711608
binSort,7,10,0.015579645
binSort,7,11,0.015608476
binSort,7,12,0.015578365
binSort,7,13,0.015547871
binSort,7,14,0.015680921
binSort,7,15,0.01556435
binSort,7,16,0.015584893
binSort,7,17,0.01568425
binSort,7,18,0.015712312
binSort,7,19,0.015658106
binSort,7,20,0.015609213
binSort,7,21,0.015670042
binSort,7,22,0.015539902
binSort,7,23,0.015675194
binSort,7,24,0.015583197
binSort,7,25,0.015612348
binSort,7,26,0.015731512
binSort,7,27,0.0156127
binSort,7,28,0.015595933
binSort,7,29,0.01556403
binSort,7,30,0.015559325
binSort,7,31,0.015694329
binSort,7,32,0.015567838
binSort,7,33,0.015698424
binSort,7,34,0.015707065
binSort,7,35,0.015700889
binSort,7,36,0.015599773
binSort,7,37,0.015538943
binSort,7,38,0.015677498
binSort,7,39,0.015661274
binComputeKeys,7,0,0.001483465
binComputeKeys,7,1,0.001536422
binComputeKeys,7,2,0.001538407
binComputeKeys,7,3,0.001515592
binComputeKeys,7,4,0.001473481
binComputeKeys,7,5,0.001517415
binComputeKeys,7,6,0.001512872
binComputeKeys,7,7,0.001521064
binComputeKeys,7,8,0.001477225
binComputeKeys,7,9,0.001533095
binComputeKeys,7,10,0.001512168
binComputeKeys,7,11,0.001542567
binComputeKeys,7,12,0.001475754
binComputeKeys,7,13,0.001526952
binComputeKeys,7,14,0.001533127
binComputeKeys,7,15,0.001496328
binComputeKeys,7,16,0.001534951
binComputeKeys,7,17,0.001523879
binComputeKeys,7,18,0.001506121
binComputeKeys,7,19,0.001526791
binComputeKeys,7,20,0.001482217
binComputeKeys,7,21,0.001525575
binComputeKeys,7,22,0.001502024
binComputeKeys,7,23,0.001520135
binComputeKeys,7,24,0.001477321
binComputeKeys,7,25,0.001518599
binComputeKeys,7,26,0.001537863
binComputeKeys,7,27,0.00150804
binComputeKeys,7,28,0.001479977
binComputeKeys,7,29,0.0015202
binComputeKeys,7,30,0.001514503
binComputeKeys,7,31,0.001539526
binComputeKeys,7,32,0.00147329
binComputeKeys,7,33,0.001528199
binComputeKeys,7,34,0.001532807
binComputeKeys,7,35,0.001521832
binComputeKeys,7,36,0.001477929
binComputeKeys,7,37,0.001513576
binComputeKeys,7,38,0.001528519
binComputeKeys,7,39,0.001525608
binSortByKey,7,0,0.013430668
binSortByKey,7,1,0.013487723
binSortByKey,7,2,0.01339963
binSortByKey,7,3,0.013384015
binSortByKey,7,4,0.013443468
binSortByKey,7,5,0.013371728
binSortByKey,7,6,0.013483882
binSortByKey,7,7,0.013451053
binSortByKey,7,8,0.013418414
binSortByKey,7,9,0.013487851
binSortByKey,7,10,0.01338843
binSortByKey,7,11,0.013389423
binSortByKey,7,12,0.013415373
binSortByKey,7,13,0.013348688
binSortByKey,7,14,0.013464235
binSortByKey,7,15,0.013391887
binSortByKey,7,16,0.013375503
binSortByKey,7,17,0.013466188
binSortByKey,7,18,0.013492426
binSortByKey,7,19,0.013446381
binSortByKey,7,20,0.013438669
binSortByKey,7,21,0.013457229
binSortByKey,7,22,0.013363631
binSortByKey,7,23,0.0134691
binSortByKey,7,24,0.013421709
binSortByKey,7,25,0.013414318
binSortByKey,7,26,0.013492939
binSortByKey,7,27,0.013420494
binSortByKey,7,28,0.013429133
binSortByKey,7,29,0.013365487
binSortByKey,7,30,0.013371407
binSortByKey,7,31,0.013468877
binSortByKey,7,32,0.01340715
binSortByKey,7,33,0.013480555
binSortByKey,7,34,0.01347518
binSortByKey,7,35,0.013485611
binSortByKey,7,36,0.01342987
binSortByKey,7,37,0.013351952
binSortByKey,7,38,0.013462349
binSortByKey,7,39,0.0134443
binComputeOffsets,7,0,0.000682311
binComputeOffsets,7,1,0.000689446
binComputeOffsets,7,2,0.000672328
binComputeOffsets,7,3,0.000671655
binComputeOffsets,7,4,0.000676391
binComputeOffsets,7,5,0.000672071
binComputeOffsets,7,6,0.000700486
binComputeOffsets,7,7,0.00067719
binComputeOffsets,7,8,0.000684742
binComputeOffsets,7,9,0.000688166
binComputeOffsets,7,10,0.000677415
binComputeOffsets,7,11,0.000674566
binComputeOffsets,7,12,0.000685639
binComputeOffsets,7,13,0.000670631
binComputeOffsets,7,14,0.000680711
binComputeOffsets,7,15,0.000674215
binComputeOffsets,7,16,0.000670151
binComputeOffsets,7,17,0.000691655
binComputeOffsets,7,18,0.000710661
binComputeOffsets,7,19,0.00068311
binComputeOffsets,7,20,0.000685159
binComputeOffsets,7,21,0.000685638
binComputeOffsets,7,22,0.000673031
binComputeOffsets,7,23,0.000682759
binComputeOffsets,7,24,0.000682663
binComputeOffsets,7,25,0.000676231
binComputeOffsets,7,26,0.000697478
binComputeOffsets,7,27,0.000681958
binComputeOffsets,7,28,0.000683879
binComputeOffsets,7,29,0.000677223
binComputeOffsets,7,30,0.000670919
binComputeOffsets,7,31,0.000684358
binComputeOffsets,7,32,0.000680582
binComputeOffsets,7,33,0.000687974
binComputeOffsets,7,34,0.000696294
binComputeOffsets,7,35,0.000691814
binComputeOffsets,7,36,0.000687654
binComputeOffsets,7,37,0.000671911
binComputeOffsets,7,38,0.00068391
binComputeOffsets,7,39,0.000689382
FFTNUFFT1,7,0,0.242845509
FFTNUFFT1,7,1,0.238970708
FFTNUFFT1,7,2,0.240554395
FFTNUFFT1,7,3,0.247550358
FFTNUFFT1,7,4,0.237631495
FFTNUFFT1,7,5,0.242797255
FFTNUFFT1,7,6,0.236052386
FFTNUFFT1,7,7,0.247604659
FFTNUFFT1,7,8,0.245770745
FFTNUFFT1,7,9,0.23985538
TwiddleAdd,7,0,5.0079e-05
TwiddleAdd,7,1,5.6478e-05
TwiddleAdd,7,2,5.3054e-05
TwiddleAdd,7,3,3.5295e-05
TwiddleAdd,7,4,6.291e-05
TwiddleAdd,7,5,5.5998e-05
TwiddleAdd,7,6,3.5647e-05
TwiddleAdd,7,7,5.5998e-05
TwiddleAdd,7,8,3.2319e-05
TwiddleAdd,7,9,4.5887e-05
TwiddleAdd,7,10,2.7487e-05
TwiddleAdd,7,11,4.1534e-05
TwiddleAdd,7,12,3.7055e-05
TwiddleAdd,7,13,4.3102e-05
TwiddleAdd,7,14,5.2766e-05
TwiddleAdd,7,15,3.0878e-05
TwiddleAdd,7,16,5.555e-05
TwiddleAdd,7,17,4.2846e-05
TwiddleAdd,7,18,5.107e-05
TwiddleAdd,7,19,6.0606e-05
subFFTs,7,0,0.12308794
subFFTs,7,1,0.119546952
subFFTs,7,2,0.12218119
subFFTs,7,3,0.116595574
subFFTs,7,4,0.119122008
subFFTs,7,5,0.121211883
subFFTs,7,6,0.120564162
subFFTs,7,7,0.126794939
subFFTs,7,8,0.117409016
subFFTs,7,9,0.120041653
subFFTs,7,10,0.120322956
subFFTs,7,11,0.122300322
subFFTs,7,12,0.119096121
subFFTs,7,13,0.116768656
subFFTs,7,14,0.127411748
subFFTs,7,15,0.120007607
subFFTs,7,16,0.124609036
subFFTs,7,17,0.120946805
subFFTs,7,18,0.121504928
subFFTs,7,19,0.11812822
deconvolutionNUFFT1,7,0,0.001473481
deconvolutionNUFFT1,7,1,0.001480073
deconvolutionNUFFT1,7,2,0.001477097
deconvolutionNUFFT1,7,3,0.001476649
deconvolutionNUFFT1,7,4,0.001482537
deconvolutionNUFFT1,7,5,0.00146625
deconvolutionNUFFT1,7,6,0.001479369
deconvolutionNUFFT1,7,7,0.001477673
deconvolutionNUFFT1,7,8,0.001479785
deconvolutionNUFFT1,7,9,0.001487049
GatherPIFNUFFT,7,0,0.864314363
GatherPIFNUFFT,7,1,0.873097909
GatherPIFNUFFT,7,2,0.877242203
GatherPIFNUFFT,7,3,0.879700289
GatherPIFNUFFT,7,4,0.866876285
GatherPIFNUFFT,7,5,0.876340285
GatherPIFNUFFT,7,6,0.883356952
GatherPIFNUFFT,7,7,0.873405867
GatherPIFNUFFT,7,8,0.880713947
GatherPIFNUFFT,7,9,0.870242785
NativeNUFFT2,7,0,0.285085348
NativeNUFFT2,7,1,0.289950224
NativeNUFFT2,7,2,0.288137747
NativeNUFFT2,7,3,0.285293372
NativeNUFFT2,7,4,0.292610861
NativeNUFFT2,7,5,0.291225952
NativeNUFFT2,7,6,0.287004637
NativeNUFFT2,7,7,0.291300669
NativeNUFFT2,7,8,0.297472984
NativeNUFFT2,7,9,0.293868702
NativeNUFFT2,7,10,0.293458094
NativeNUFFT2,7,11,0.289672729
NativeNUFFT2,7,12,0.286720903
NativeNUFFT2,7,13,0.286932991
NativeNUFFT2,7,14,0.291691888
NativeNUFFT2,7,15,0.284463323
NativeNUFFT2,7,16,0.294124149
NativeNUFFT2,7,17,0.296554234
NativeNUFFT2,7,18,0.290988265
NativeNUFFT2,7,19,0.300874874
NativeNUFFT2,7,20,0.290324162
NativeNUFFT2,7,21,0.28945741
NativeNUFFT2,7,22,0.292120832
NativeNUFFT2,7,23,0.288355882
NativeNUFFT2,7,24,0.292226458
NativeNUFFT2,7,25,0.291635697
NativeNUFFT2,7,26,0.294357037
NativeNUFFT2,7,27,0.287085531
NativeNUFFT2,7,28,0.292472945
NativeNUFFT2,7,29,0.288697918
PrecorrectionNUFFT2,7,0,0.002302058
PrecorrectionNUFFT2,7,1,0.006133564
PrecorrectionNUFFT2,7,2,0.006112317
PrecorrectionNUFFT2,7,3,0.002304427
PrecorrectionNUFFT2,7,4,0.006132284
PrecorrectionNUFFT2,7,5,0.006079422
PrecorrectionNUFFT2,7,6,0.002308842
PrecorrectionNUFFT2,7,7,0.006103901
PrecorrectionNUFFT2,7,8,0.006142364
PrecorrectionNUFFT2,7,9,0.002305066
PrecorrectionNUFFT2,7,10,0.006144828
PrecorrectionNUFFT2,7,11,0.006130716
PrecorrectionNUFFT2,7,12,0.002306538
PrecorrectionNUFFT2,7,13,0.006085661
PrecorrectionNUFFT2,7,14,0.006098494
PrecorrectionNUFFT2,7,15,0.002299946
PrecorrectionNUFFT2,7,16,0.006114365
PrecorrectionNUFFT2,7,17,0.006136541
PrecorrectionNUFFT2,7,18,0.002305866
PrecorrectionNUFFT2,7,19,0.006145404
PrecorrectionNUFFT2,7,20,0.006135548
PrecorrectionNUFFT2,7,21,0.002309867
PrecorrectionNUFFT2,7,22,0.006119581
PrecorrectionNUFFT2,7,23,0.006135548
PrecorrectionNUFFT2,7,24,0.00230513
PrecorrectionNUFFT2,7,25,0.006121053
PrecorrectionNUFFT2,7,26,0.006136701
PrecorrectionNUFFT2,7,27,0.002305867
PrecorrectionNUFFT2,7,28,0.006141244
PrecorrectionNUFFT2,7,29,0.006117501
FFTNUFFT2,7,0,0.238991253
FFTNUFFT2,7,1,0.240038189
FFTNUFFT2,7,2,0.238214864
FFTNUFFT2,7,3,0.239246763
FFTNUFFT2,7,4,0.242418229
FFTNUFFT2,7,5,0.241120485
FFTNUFFT2,7,6,0.240908845
FFTNUFFT2,7,7,0.241481976
FFTNUFFT2,7,8,0.247436058
FFTNUFFT2,7,9,0.247836396
FFTNUFFT2,7,10,0.243449582
FFTNUFFT2,7,11,0.239800406
FFTNUFFT2,7,12,0.240769841
FFTNUFFT2,7,13,0.235545909
FFTNUFFT2,7,14,0.241818955
FFTNUFFT2,7,15,0.238374251
FFTNUFFT2,7,16,0.244320719
FFTNUFFT2,7,17,0.246513692
FFTNUFFT2,7,18,0.244944599
FFTNUFFT2,7,19,0.249469135
FFTNUFFT2,7,20,0.239731577
FFTNUFFT2,7,21,0.243392657
FFTNUFFT2,7,22,0.242282778
FFTNUFFT2,7,23,0.238403626
FFTNUFFT2,7,24,0.245433062
FFTNUFFT2,7,25,0.241547317
FFTNUFFT2,7,26,0.24363508
FFTNUFFT2,7,27,0.241178403
FFTNUFFT2,7,28,0.241215106
FFTNUFFT2,7,29,0.238981685
subIFFTs,7,0,0.120475622
subIFFTs,7,1,0.117725804
subIFFTs,7,2,0.11926597
subIFFTs,7,3,0.119902267
subIFFTs,7,4,0.122995081
subIFFTs,7,5,0.114409831
subIFFTs,7,6,0.120351403
subIFFTs,7,7,0.118091102
subIFFTs,7,8,0.119278194
subIFFTs,7,9,0.122352353
subIFFTs,7,10,0.124355158
subIFFTs,7,11,0.115900367
subIFFTs,7,12,0.120731804
subIFFTs,7,13,0.119351695
subIFFTs,7,14,0.12214692
subIFFTs,7,15,0.118497295
subIFFTs,7,16,0.124157981
subIFFTs,7,17,0.122480123
subIFFTs,7,18,0.122546808
subIFFTs,7,19,0.124445939
subIFFTs,7,20,0.120133267
subIFFTs,7,21,0.122549273
subIFFTs,7,22,0.117027206
subIFFTs,7,23,0.121951375
subIFFTs,7,24,0.119450029
subIFFTs,7,25,0.120506052
subIFFTs,7,26,0.122092874
subIFFTs,7,27,0.112633961
subIFFTs,7,28,0.120797402
subIFFTs,7,29,0.12016293
subIFFTs,7,30,0.116470779
subIFFTs,7,31,0.12111947
subIFFTs,7,32,0.119255347
subIFFTs,7,33,0.124260506
subIFFTs,7,34,0.122361792
subIFFTs,7,35,0.123338812
subIFFTs,7,36,0.121781878
subIFFTs,7,37,0.122335584
subIFFTs,7,38,0.126327756
subIFFTs,7,39,0.122324545
subIFFTs,7,40,0.119030683
subIFFTs,7,41,0.119880124
subIFFTs,7,42,0.122144616
subIFFTs,7,43,0.120415272
subIFFTs,7,44,0.121868978
subIFFTs,7,45,0.119624006
subIFFTs,7,46,0.118771749
subIFFTs,7,47,0.118819267
subIFFTs,7,48,0.119920059
subIFFTs,7,49,0.124719816
subIFFTs,7,50,0.116254594
subIFFTs,7,51,0.124491121
subIFFTs,7,52,0.122398527
subIFFTs,7,53,0.120411144
subIFFTs,7,54,0.115927215
subIFFTs,7,55,0.124443475
subIFFTs,7,56,0.116828205
subIFFTs,7,57,0.12356709
subIFFTs,7,58,0.119356783
subIFFTs,7,59,0.118838595
StridedWrite,7,0,6.1342e-05
StridedWrite,7,1,3.3407e-05
StridedWrite,7,2,5.1646e-05
StridedWrite,7,3,8.6269e-05
StridedWrite,7,4,5.6477e-05
StridedWrite,7,5,6.6109e-05
StridedWrite,7,6,3.107e-05
StridedWrite,7,7,6.4222e-05
StridedWrite,7,8,4.2398e-05
StridedWrite,7,9,5.7725e-05
StridedWrite,7,10,4.6494e-05
StridedWrite,7,11,7.3821e-05
StridedWrite,7,12,5.667e-05
StridedWrite,7,13,6.019e-05
StridedWrite,7,14,5.747e-05
StridedWrite,7,15,4.915e-05
StridedWrite,7,16,3.9454e-05
StridedWrite,7,17,6.2622e-05
StridedWrite,7,18,4.259e-05
StridedWrite,7,19,8.7741e-05
StridedWrite,7,20,2.3647e-05
StridedWrite,7,21,5.4878e-05
StridedWrite,7,22,4.8958e-05
StridedWrite,7,23,4.483e-05
StridedWrite,7,24,3.5646e-05
StridedWrite,7,25,4.3262e-05
StridedWrite,7,26,4.7198e-05
StridedWrite,7,27,3.4079e-05
StridedWrite,7,28,6.3198e-05
StridedWrite,7,29,5.6734e-05
StridedWrite,7,30,4.723e-05
StridedWrite,7,31,5.1102e-05
StridedWrite,7,32,2.7551e-05
StridedWrite,7,33,5.9645e-05
StridedWrite,7,34,5.443e-05
StridedWrite,7,35,6.1789e-05
StridedWrite,7,36,4.7294e-05
StridedWrite,7,37,6.3134e-05
StridedWrite,7,38,5.507e-05
StridedWrite,7,39,5.267e-05
StridedWrite,7,40,4.5534e-05
StridedWrite,7,41,5.3054e-05
StridedWrite,7,42,3.8206e-05
StridedWrite,7,43,0.000102172
StridedWrite,7,44,3.7183e-05
StridedWrite,7,45,6.6109e-05
StridedWrite,7,46,8.2045e-05
StridedWrite,7,47,4.7102e-05
StridedWrite,7,48,4.6782e-05
StridedWrite,7,49,3.6671e-05
StridedWrite,7,50,5.7181e-05
StridedWrite,7,51,3.6127e-05
StridedWrite,7,52,6.0734e-05
StridedWrite,7,53,4.3071e-05
StridedWrite,7,54,5.3022e-05
StridedWrite,7,55,7.1389e-05
StridedWrite,7,56,6.1182e-05
StridedWrite,7,57,7.4398e-05
StridedWrite,7,58,4.1311e-05
StridedWrite,7,59,3.8111e-05
GatherNUFFT2,7,0,0.019810079
GatherNUFFT2,7,1,0.019792129
GatherNUFFT2,7,2,0.019725219
GatherNUFFT2,7,3,0.019655462
GatherNUFFT2,7,4,0.020023065
GatherNUFFT2,7,5,0.019894781
GatherNUFFT2,7,6,0.019719299
GatherNUFFT2,7,7,0.019659045
GatherNUFFT2,7,8,0.019852095
GatherNUFFT2,7,9,0.01974349
GatherNUFFT2,7,10,0.019787714
GatherNUFFT2,7,11,0.019629479
GatherNUFFT2,7,12,0.01962404
GatherNUFFT2,7,13,0.021229291
GatherNUFFT2,7,14,0.019722691
GatherNUFFT2,7,15,0.019700613
GatherNUFFT2,7,16,0.019555817
GatherNUFFT2,7,17,0.019772834
GatherNUFFT2,7,18,0.019646759
GatherNUFFT2,7,19,0.02126625
GatherNUFFT2,7,20,0.020426601
GatherNUFFT2,7,21,0.019679173
GatherNUFFT2,7,22,0.019574473
GatherNUFFT2,7,23,0.019802017
GatherNUFFT2,7,24,0.020426728
GatherNUFFT2,7,25,0.019767458
GatherNUFFT2,7,26,0.020497351
GatherNUFFT2,7,27,0.019519979
GatherNUFFT2,7,28,0.020979444
GatherNUFFT2,7,29,0.019629511
