timer_name,rank,measurement_id,duration_seconds
mainTimer,0,0,7.178250059
dumpData,0,0,0.009164489
dumpData,0,1,0.006629686
dumpData,0,2,0.007758676
dumpData,0,3,0.007715222
dumpData,0,4,0.006857839
dumpData,0,5,0.008147656
dumpData,0,6,0.006968684
dumpData,0,7,0.006434173
dumpData,0,8,0.007442334
dumpData,0,9,0.007000235
kick,0,0,4.5471e-05
kick,0,1,1.0912e-05
kick,0,2,5.7246e-05
kick,0,3,9.504e-06
kick,0,4,4.755e-05
kick,0,5,1.9584e-05
kick,0,6,6.1438e-05
kick,0,7,1.0495e-05
kick,0,8,4.4639e-05
kick,0,9,1.072e-05
kick,0,10,5.3758e-05
kick,0,11,1.4591e-05
kick,0,12,5.3118e-05
kick,0,13,9.824e-06
kick,0,14,5.3566e-05
kick,0,15,9.535e-06
kick,0,16,5.0238e-05
kick,0,17,1.1423e-05
kick,0,18,5.7502e-05
kick,0,19,1.0432e-05
drift,0,0,7.743e-06
drift,0,1,6.72e-06
drift,0,2,9.312e-06
drift,0,3,8.16e-06
drift,0,4,9.6e-06
drift,0,5,9.568e-06
drift,0,6,8.832e-06
drift,0,7,8.608e-06
drift,0,8,7.232e-06
drift,0,9,8.192e-06
particleBC,0,0,1.1264e-05
particleBC,0,1,1.1935e-05
particleBC,0,2,1.3056e-05
particleBC,0,3,1.2608e-05
particleBC,0,4,1.2991e-05
particleBC,0,5,1.1584e-05
particleBC,0,6,1.0144e-05
particleBC,0,7,1.2255e-05
particleBC,0,8,1.1423e-05
particleBC,0,9,1.1039e-05
updateParticle,0,0,0.008705239
updateParticle,0,1,0.008433152
updateParticle,0,2,0.008549916
updateParticle,0,3,0.008487486
updateParticle,0,4,0.008467423
updateParticle,0,5,0.008295684
updateParticle,0,6,0.008515805
updateParticle,0,7,0.008537181
updateParticle,0,8,0.008597243
updateParticle,0,9,0.008392257
locateParticles,0,0,0.003816812
locateParticles,0,1,0.003820236
locateParticles,0,2,0.003818284
locateParticles,0,3,0.003803244
locateParticles,0,4,0.003808044
locateParticles,0,5,0.003822092
locateParticles,0,6,0.003810316
locateParticles,0,7,0.003812044
locateParticles,0,8,0.003822252
locateParticles,0,9,0.003828556
sendPreprocess,0,0,0.00026716
sendPreprocess,0,1,0.000262584
sendPreprocess,0,2,0.000243672
sendPreprocess,0,3,0.00026108
sendPreprocess,0,4,0.000287448
sendPreprocess,0,5,0.000236504
sendPreprocess,0,6,0.000280919
sendPreprocess,0,7,0.000248953
sendPreprocess,0,8,0.0002558
sendPreprocess,0,9,0.000260472
particleSend,0,0,0.000826663
particleSend,0,1,0.000857318
particleSend,0,2,0.000830663
particleSend,0,3,0.000828839
particleSend,0,4,0.000842182
particleSend,0,5,0.000811016
particleSend,0,6,0.000814344
particleSend,0,7,0.000855654
particleSend,0,8,0.000829703
particleSend,0,9,0.000855878
particleRecv,0,0,3.2223e-05
particleRecv,0,1,2.5695e-05
particleRecv,0,2,3.2703e-05
particleRecv,0,3,3.2959e-05
particleRecv,0,4,3.3407e-05
particleRecv,0,5,3.2543e-05
particleRecv,0,6,3.5839e-05
particleRecv,0,7,3.0207e-05
particleRecv,0,8,3.4303e-05
particleRecv,0,9,3.1423e-05
particleDestroy,0,0,0.002604817
particleDestroy,0,1,0.002608273
particleDestroy,0,2,0.002606097
particleDestroy,0,3,0.002606993
particleDestroy,0,4,0.002604721
particleDestroy,0,5,0.002586545
particleDestroy,0,6,0.002601616
particleDestroy,0,7,0.002601617
particleDestroy,0,8,0.002631056
particleDestroy,0,9,0.002611089
ScatterPIFNUFFT,0,0,0.407006405
ScatterPIFNUFFT,0,1,4.3295e-05
ScatterPIFNUFFT,0,2,0.3111458
ScatterPIFNUFFT,0,3,2.6463e-05
ScatterPIFNUFFT,0,4,0.321766438
ScatterPIFNUFFT,0,5,2.4256e-05
ScatterPIFNUFFT,0,6,0.335127311
ScatterPIFNUFFT,0,7,3.2895e-05
ScatterPIFNUFFT,0,8,0.487596115
ScatterPIFNUFFT,0,9,2.9056e-05
ScatterPIFNUFFT,0,10,0.328413851
ScatterPIFNUFFT,0,11,2.9311e-05
ScatterPIFNUFFT,0,12,0.180587564
ScatterPIFNUFFT,0,13,1.4432e-05
ScatterPIFNUFFT,0,14,0.290479805
ScatterPIFNUFFT,0,15,4.3422e-05
ScatterPIFNUFFT,0,16,0.288769168
ScatterPIFNUFFT,0,17,2.8671e-05
ScatterPIFNUFFT,0,18,0.181286294
ScatterPIFNUFFT,0,19,5.1294e-05
NativeNUFFT1,0,0,0.402372371
NativeNUFFT1,0,1,0.306614419
NativeNUFFT1,0,2,0.31732894
NativeNUFFT1,0,3,0.330462044
NativeNUFFT1,0,4,0.483103419
NativeNUFFT1,0,5,0.32389914
NativeNUFFT1,0,6,0.176140819
NativeNUFFT1,0,7,0.286060163
NativeNUFFT1,0,8,0.285337049
NativeNUFFT1,0,9,0.176670691
scatterTimerNUFFT1,0,0,0.321121658
scatterTimerNUFFT1,0,1,0.22148008
scatterTimerNUFFT1,0,2,0.23295029
scatterTimerNUFFT1,0,3,0.248377117
scatterTimerNUFFT1,0,4,0.400999836
scatterTimerNUFFT1,0,5,0.238595368
scatterTimerNUFFT1,0,6,0.093875513
scatterTimerNUFFT1,0,7,0.202001536
scatterTimerNUFFT1,0,8,0.202411923
scatterTimerNUFFT1,0,9,0.093615105
binSort,0,0,0.004379643
binSort,0,1,0.004397818
binSort,0,2,0.00441481
binSort,0,3,0.004421338
binSort,0,4,0.004340732
binSort,0,5,0.00441465
binSort,0,6,0.004438746
binSort,0,7,0.004415962
binSort,0,8,0.00433526
binSort,0,9,0.004404922
binSort,0,10,0.004436249
binSort,0,11,0.004431737
binSort,0,12,0.004409177
binSort,0,13,0.004328445
binSort,0,14,0.004427705
binSort,0,15,0.004386395
binSort,0,16,0.004346332
binSort,0,17,0.004459897
binSort,0,18,0.004396058
binSort,0,19,0.004419322
binSort,0,20,0.004332635
binSort,0,21,0.004424186
binSort,0,22,0.004400059
binSort,0,23,0.004375579
binSort,0,24,0.004338012
binSort,0,25,0.004436441
binSort,0,26,0.004440057
binSort,0,27,0.004405146
binSort,0,28,0.004344028
binSort,0,29,0.004476279
binSort,0,30,0.004426778
binSort,0,31,0.004412922
binSort,0,32,0.004399802
binSort,0,33,0.00442569
binSort,0,34,0.004404666
binSort,0,35,0.004444985
binSort,0,36,0.004340956
binSort,0,37,0.004440697
binSort,0,38,0.004386363
binSort,0,39,0.004401146
binComputeKeys,0,0,0.00044245
binComputeKeys,0,1,0.000418323
binComputeKeys,0,2,0.000447763
binComputeKeys,0,3,0.000431699
binComputeKeys,0,4,0.000416084
binComputeKeys,0,5,0.000420691
binComputeKeys,0,6,0.000438771
binComputeKeys,0,7,0.000443891
binComputeKeys,0,8,0.000411667
binComputeKeys,0,9,0.000415572
binComputeKeys,0,10,0.000417811
binComputeKeys,0,11,0.000422099
binComputeKeys,0,12,0.000437907
binComputeKeys,0,13,0.0004157
binComputeKeys,0,14,0.000434483
binComputeKeys,0,15,0.000431475
binComputeKeys,0,16,0.000413587
binComputeKeys,0,17,0.000433235
binComputeKeys,0,18,0.000427443
binComputeKeys,0,19,0.000444755
binComputeKeys,0,20,0.000409907
binComputeKeys,0,21,0.000427283
binComputeKeys,0,22,0.000433331
binComputeKeys,0,23,0.000440114
binComputeKeys,0,24,0.000412563
binComputeKeys,0,25,0.000450866
binComputeKeys,0,26,0.000410036
binComputeKeys,0,27,0.000446514
binComputeKeys,0,28,0.000412691
binComputeKeys,0,29,0.000432914
binComputeKeys,0,30,0.000453331
binComputeKeys,0,31,0.000421907
binComputeKeys,0,32,0.000422995
binComputeKeys,0,33,0.000443187
binComputeKeys,0,34,0.000418227
binComputeKeys,0,35,0.000436242
binComputeKeys,0,36,0.000414259
binComputeKeys,0,37,0.000417235
binComputeKeys,0,38,0.000421332
binComputeKeys,0,39,0.000424819
binSortByKey,0,0,0.003727279
binSortByKey,0,1,0.003758126
binSortByKey,0,2,0.003762861
binSortByKey,0,3,0.003785837
binSortByKey,0,4,0.003716911
binSortByKey,0,5,0.003787533
binSortByKey,0,6,0.003796845
binSortByKey,0,7,0.003770573
binSortByKey,0,8,0.003715439
binSortByKey,0,9,0.003765229
binSortByKey,0,10,0.003797516
binSortByKey,0,11,0.003784077
binSortByKey,0,12,0.003754125
binSortByKey,0,13,0.003711855
binSortByKey,0,14,0.003780141
binSortByKey,0,15,0.003750734
binSortByKey,0,16,0.003719119
binSortByKey,0,17,0.003807884
binSortByKey,0,18,0.003762478
binSortByKey,0,19,0.003772429
binSortByKey,0,20,0.003712815
binSortByKey,0,21,0.003776718
binSortByKey,0,22,0.00376427
binSortByKey,0,23,0.003735087
binSortByKey,0,24,0.003714767
binSortByKey,0,25,0.003773453
binSortByKey,0,26,0.003796108
binSortByKey,0,27,0.003756302
binSortByKey,0,28,0.003722255
binSortByKey,0,29,0.003819692
binSortByKey,0,30,0.003774349
binSortByKey,0,31,0.003771053
binSortByKey,0,32,0.003761134
binSortByKey,0,33,0.003776109
binSortByKey,0,34,0.003771757
binSortByKey,0,35,0.003791981
binSortByKey,0,36,0.003716655
binSortByKey,0,37,0.003806508
binSortByKey,0,38,0.003756365
binSortByKey,0,39,0.003758094
binComputeOffsets,0,0,0.000208154
binComputeOffsets,0,1,0.000219193
binComputeOffsets,0,2,0.000201114
binComputeOffsets,0,3,0.000200154
binComputeOffsets,0,4,0.000206169
binComputeOffsets,0,5,0.000204378
binComputeOffsets,0,6,0.000200474
binComputeOffsets,0,7,0.000199258
binComputeOffsets,0,8,0.00020649
binComputeOffsets,0,9,0.000220089
binComputeOffsets,0,10,0.000218906
binComputeOffsets,0,11,0.000223129
binComputeOffsets,0,12,0.000214745
binComputeOffsets,0,13,0.000199482
binComputeOffsets,0,14,0.000209849
binComputeOffsets,0,15,0.000201562
binComputeOffsets,0,16,0.000210522
binComputeOffsets,0,17,0.000216602
binComputeOffsets,0,18,0.000204249
binComputeOffsets,0,19,0.00019913
binComputeOffsets,0,20,0.000207257
binComputeOffsets,0,21,0.000219065
binComputeOffsets,0,22,0.00020089
binComputeOffsets,0,23,0.00019785
binComputeOffsets,0,24,0.000208442
binComputeOffsets,0,25,0.000210202
binComputeOffsets,0,26,0.000231609
binComputeOffsets,0,27,0.00019945
binComputeOffsets,0,28,0.000207098
binComputeOffsets,0,29,0.000222105
binComputeOffsets,0,30,0.000197946
binComputeOffsets,0,31,0.000218554
binComputeOffsets,0,32,0.000211673
binComputeOffsets,0,33,0.000203226
binComputeOffsets,0,34,0.000212922
binComputeOffsets,0,35,0.000213818
binComputeOffsets,0,36,0.000208218
binComputeOffsets,0,37,0.00021465
binComputeOffsets,0,38,0.000207866
binComputeOffsets,0,39,0.000215801
FFTNUFFT1,0,0,0.080575373
FFTNUFFT1,0,1,0.084463703
FFTNUFFT1,0,2,0.083691343
FFTNUFFT1,0,3,0.081408372
FFTNUFFT1,0,4,0.081432499
FFTNUFFT1,0,5,0.084479061
FFTNUFFT1,0,6,0.081590863
FFTNUFFT1,0,7,0.083213565
FFTNUFFT1,0,8,0.082083359
FFTNUFFT1,0,9,0.082219547
deconvolutionNUFFT1,0,0,0.000673516
deconvolutionNUFFT1,0,1,0.000667468
deconvolutionNUFFT1,0,2,0.000684171
deconvolutionNUFFT1,0,3,0.000673675
deconvolutionNUFFT1,0,4,0.000667884
deconvolutionNUFFT1,0,5,0.000821895
deconvolutionNUFFT1,0,6,0.000672139
deconvolutionNUFFT1,0,7,0.000842662
deconvolutionNUFFT1,0,8,0.000838055
deconvolutionNUFFT1,0,9,0.000833351
GatherPIFNUFFT,0,0,0.382614955
GatherPIFNUFFT,0,1,0.380244467
GatherPIFNUFFT,0,2,0.380234419
GatherPIFNUFFT,0,3,0.379033304
GatherPIFNUFFT,0,4,0.387528438
GatherPIFNUFFT,0,5,0.382126266
GatherPIFNUFFT,0,6,0.384841351
GatherPIFNUFFT,0,7,0.385062112
GatherPIFNUFFT,0,8,0.383413234
GatherPIFNUFFT,0,9,0.388592085
NativeNUFFT2,0,0,0.124624946
NativeNUFFT2,0,1,0.127634869
NativeNUFFT2,0,2,0.124937768
NativeNUFFT2,0,3,0.125957641
NativeNUFFT2,0,4,0.125201985
NativeNUFFT2,0,5,0.127297568
NativeNUFFT2,0,6,0.124999206
NativeNUFFT2,0,7,0.125643827
NativeNUFFT2,0,8,0.127080552
NativeNUFFT2,0,9,0.12450319
NativeNUFFT2,0,10,0.125517814
NativeNUFFT2,0,11,0.127203043
NativeNUFFT2,0,12,0.127296224
NativeNUFFT2,0,13,0.129212295
NativeNUFFT2,0,14,0.128184869
NativeNUFFT2,0,15,0.12711319
NativeNUFFT2,0,16,0.12584894
NativeNUFFT2,0,17,0.126124036
NativeNUFFT2,0,18,0.128531514
NativeNUFFT2,0,19,0.126089029
NativeNUFFT2,0,20,0.127099014
NativeNUFFT2,0,21,0.123649455
NativeNUFFT2,0,22,0.127364671
NativeNUFFT2,0,23,0.128620824
NativeNUFFT2,0,24,0.129495389
NativeNUFFT2,0,25,0.126376573
NativeNUFFT2,0,26,0.125369722
NativeNUFFT2,0,27,0.128516348
NativeNUFFT2,0,28,0.129337698
NativeNUFFT2,0,29,0.128068425
PrecorrectionNUFFT2,0,0,0.001663565
PrecorrectionNUFFT2,0,1,0.002657519
PrecorrectionNUFFT2,0,2,0.002636816
PrecorrectionNUFFT2,0,3,0.001632047
PrecorrectionNUFFT2,0,4,0.002641648
PrecorrectionNUFFT2,0,5,0.002633008
PrecorrectionNUFFT2,0,6,0.00162987
PrecorrectionNUFFT2,0,7,0.002628369
PrecorrectionNUFFT2,0,8,0.002629008
PrecorrectionNUFFT2,0,9,0.001625807
PrecorrectionNUFFT2,0,10,0.002640432
PrecorrectionNUFFT2,0,11,0.002619921
PrecorrectionNUFFT2,0,12,0.001624302
PrecorrectionNUFFT2,0,13,0.002632912
PrecorrectionNUFFT2,0,14,0.002629871
PrecorrectionNUFFT2,0,15,0.00162379
PrecorrectionNUFFT2,0,16,0.002624144
PrecorrectionNUFFT2,0,17,0.002634736
PrecorrectionNUFFT2,0,18,0.001632078
PrecorrectionNUFFT2,0,19,0.002625392
PrecorrectionNUFFT2,0,20,0.002619504
PrecorrectionNUFFT2,0,21,0.00164683
PrecorrectionNUFFT2,0,22,0.002631248
PrecorrectionNUFFT2,0,23,0.002627408
PrecorrectionNUFFT2,0,24,0.001617679
PrecorrectionNUFFT2,0,25,0.00262904
PrecorrectionNUFFT2,0,26,0.002633648
PrecorrectionNUFFT2,0,27,0.001648462
PrecorrectionNUFFT2,0,28,0.002636656
PrecorrectionNUFFT2,0,29,0.002637648
FFTNUFFT2,0,0,0.080573262
FFTNUFFT2,0,1,0.084392217
FFTNUFFT2,0,2,0.081819047
FFTNUFFT2,0,3,0.082560433
FFTNUFFT2,0,4,0.080908291
FFTNUFFT2,0,5,0.084040932
FFTNUFFT2,0,6,0.081771017
FFTNUFFT2,0,7,0.081410292
FFTNUFFT2,0,8,0.081906661
FFTNUFFT2,0,9,0.082279257
FFTNUFFT2,0,10,0.08018636
FFTNUFFT2,0,11,0.083703374
FFTNUFFT2,0,12,0.083746445
FFTNUFFT2,0,13,0.08619997
FFTNUFFT2,0,14,0.085260095
FFTNUFFT2,0,15,0.083319866
FFTNUFFT2,0,16,0.082810633
FFTNUFFT2,0,17,0.082887399
FFTNUFFT2,0,18,0.085594997
FFTNUFFT2,0,19,0.082398006
FFTNUFFT2,0,20,0.084079683
FFTNUFFT2,0,21,0.079508333
FFTNUFFT2,0,22,0.084075523
FFTNUFFT2,0,23,0.083680911
FFTNUFFT2,0,24,0.087355455
FFTNUFFT2,0,25,0.083372921
FFTNUFFT2,0,26,0.082058048
FFTNUFFT2,0,27,0.085919275
FFTNUFFT2,0,28,0.086236865
FFTNUFFT2,0,29,0.083043203
GatherNUFFT2,0,0,0.010238185
GatherNUFFT2,0,1,0.008348513
GatherNUFFT2,0,2,0.008319715
GatherNUFFT2,0,3,0.009536638
GatherNUFFT2,0,4,0.009568189
GatherNUFFT2,0,5,0.008385089
GatherNUFFT2,0,6,0.009434529
GatherNUFFT2,0,7,0.009404066
GatherNUFFT2,0,8,0.010516001
GatherNUFFT2,0,9,0.00839808
GatherNUFFT2,0,10,0.010557214
GatherNUFFT2,0,11,0.008822068
GatherNUFFT2,0,12,0.009689625
GatherNUFFT2,0,13,0.00816868
GatherNUFFT2,0,14,0.008275204
GatherNUFFT2,0,15,0.009902067
GatherNUFFT2,0,16,0.00839008
GatherNUFFT2,0,17,0.008534717
GatherNUFFT2,0,18,0.009147562
GatherNUFFT2,0,19,0.008936784
GatherNUFFT2,0,20,0.008298276
GatherNUFFT2,0,21,0.010038351
GatherNUFFT2,0,22,0.00815204
GatherNUFFT2,0,23,0.009761494
GatherNUFFT2,0,24,0.00833869
GatherNUFFT2,0,25,0.008219814
GatherNUFFT2,0,26,0.008610746
GatherNUFFT2,0,27,0.008571804
GatherNUFFT2,0,28,0.008232453
GatherNUFFT2,0,29,0.010060814
mainTimer,1,0,7.178248235
dumpData,1,0,0.010820343
dumpData,1,1,0.008668056
dumpData,1,2,0.008322723
dumpData,1,3,0.009654683
dumpData,1,4,0.008248229
dumpData,1,5,0.008748758
dumpData,1,6,0.008591451
dumpData,1,7,0.009115915
dumpData,1,8,0.008928433
dumpData,1,9,0.009335748
kick,1,0,4.2751e-05
kick,1,1,1.0496e-05
kick,1,2,5.5166e-05
kick,1,3,9.952e-06
kick,1,4,4.7902e-05
kick,1,5,1.4496e-05
kick,1,6,5.987e-05
kick,1,7,1.0368e-05
kick,1,8,4.4543e-05
kick,1,9,6.464e-06
kick,1,10,5.2862e-05
kick,1,11,1.8207e-05
kick,1,12,4.9886e-05
kick,1,13,8.992e-06
kick,1,14,5.1902e-05
kick,1,15,1.376e-05
kick,1,16,4.8222e-05
kick,1,17,8.735e-06
kick,1,18,5.5806e-05
kick,1,19,1.6543e-05
drift,1,0,6.847e-06
drift,1,1,7.2e-06
drift,1,2,9.056e-06
drift,1,3,8.352e-06
drift,1,4,8.704e-06
drift,1,5,7.072e-06
drift,1,6,8.256e-06
drift,1,7,8.896e-06
drift,1,8,6.656e-06
drift,1,9,7.552e-06
particleBC,1,0,1.264e-05
particleBC,1,1,1.2383e-05
particleBC,1,2,1.3056e-05
particleBC,1,3,1.3184e-05
particleBC,1,4,1.3375e-05
particleBC,1,5,1.152e-05
particleBC,1,6,1.2512e-05
particleBC,1,7,1.0591e-05
particleBC,1,8,1.1935e-05
particleBC,1,9,1.0911e-05
updateParticle,1,0,0.008779541
updateParticle,1,1,0.008433664
updateParticle,1,2,0.008509981
updateParticle,1,3,0.008516765
updateParticle,1,4,0.008438912
updateParticle,1,5,0.008251909
updateParticle,1,6,0.0084216
updateParticle,1,7,0.008543805
updateParticle,1,8,0.008602427
updateParticle,1,9,0.008395873
locateParticles,1,0,0.003638225
locateParticles,1,1,0.003664625
locateParticles,1,2,0.003637745
locateParticles,1,3,0.003651281
locateParticles,1,4,0.003638866
locateParticles,1,5,0.003656145
locateParticles,1,6,0.003654993
locateParticles,1,7,0.003650577
locateParticles,1,8,0.003648114
locateParticles,1,9,0.003659473
sendPreprocess,1,0,0.000448051
sendPreprocess,1,1,0.000421619
sendPreprocess,1,2,0.000424883
sendPreprocess,1,3,0.000413971
sendPreprocess,1,4,0.000458418
sendPreprocess,1,5,0.000406099
sendPreprocess,1,6,0.000437586
sendPreprocess,1,7,0.000411796
sendPreprocess,1,8,0.000432722
sendPreprocess,1,9,0.000432563
particleSend,1,0,0.000830118
particleSend,1,1,0.000821159
particleSend,1,2,0.000833159
particleSend,1,3,0.000874982
particleSend,1,4,0.000886341
particleSend,1,5,0.000813064
particleSend,1,6,0.000815944
particleSend,1,7,0.000849702
particleSend,1,8,0.000869862
particleSend,1,9,0.000858438
particleRecv,1,0,3.4143e-05
particleRecv,1,1,3.4975e-05
particleRecv,1,2,3.2575e-05
particleRecv,1,3,2.6655e-05
particleRecv,1,4,2.6143e-05
particleRecv,1,5,2.7839e-05
particleRecv,1,6,3.5358e-05
particleRecv,1,7,3.4911e-05
particleRecv,1,8,2.9535e-05
particleRecv,1,9,2.5471e-05
particleDestroy,1,0,0.002582865
particleDestroy,1,1,0.002570866
particleDestroy,1,2,0.002571474
particleDestroy,1,3,0.002553074
particleDestroy,1,4,0.002551762
particleDestroy,1,5,0.002561618
particleDestroy,1,6,0.002551347
particleDestroy,1,7,0.002546995
particleDestroy,1,8,0.002567122
particleDestroy,1,9,0.002541491
ScatterPIFNUFFT,1,0,0.407068035
ScatterPIFNUFFT,1,1,3.6063e-05
ScatterPIFNUFFT,1,2,0.309380382
ScatterPIFNUFFT,1,3,4.2847e-05
ScatterPIFNUFFT,1,4,0.3218337
ScatterPIFNUFFT,1,5,2.416e-05
ScatterPIFNUFFT,1,6,0.334411589
ScatterPIFNUFFT,1,7,3.1551e-05
ScatterPIFNUFFT,1,8,0.487156928
ScatterPIFNUFFT,1,9,2.6719e-05
ScatterPIFNUFFT,1,10,0.327209888
ScatterPIFNUFFT,1,11,4.3103e-05
ScatterPIFNUFFT,1,12,0.182691084
ScatterPIFNUFFT,1,13,3.4495e-05
ScatterPIFNUFFT,1,14,0.290429918
ScatterPIFNUFFT,1,15,4.7358e-05
ScatterPIFNUFFT,1,16,0.290678071
ScatterPIFNUFFT,1,17,3.9039e-05
ScatterPIFNUFFT,1,18,0.181377555
ScatterPIFNUFFT,1,19,3.2031e-05
NativeNUFFT1,1,0,0.402581772
NativeNUFFT1,1,1,0.304893703
NativeNUFFT1,1,2,0.317376683
NativeNUFFT1,1,3,0.330932974
NativeNUFFT1,1,4,0.482669096
NativeNUFFT1,1,5,0.322741287
NativeNUFFT1,1,6,0.178215508
NativeNUFFT1,1,7,0.285988102
NativeNUFFT1,1,8,0.287198497
NativeNUFFT1,1,9,0.176863549
scatterTimerNUFFT1,1,0,0.320357969
scatterTimerNUFFT1,1,1,0.220516653
scatterTimerNUFFT1,1,2,0.232099149
scatterTimerNUFFT1,1,3,0.249054376
scatterTimerNUFFT1,1,4,0.400404366
scatterTimerNUFFT1,1,5,0.237734977
scatterTimerNUFFT1,1,6,0.093397704
scatterTimerNUFFT1,1,7,0.20114777
scatterTimerNUFFT1,1,8,0.201900611
scatterTimerNUFFT1,1,9,0.093347049
binSort,1,0,0.004189312
binSort,1,1,0.004145026
binSort,1,2,0.004214559
binSort,1,3,0.004186368
binSort,1,4,0.004211232
binSort,1,5,0.004206464
binSort,1,6,0.004196736
binSort,1,7,0.004172322
binSort,1,8,0.004198016
binSort,1,9,0.004133218
binSort,1,10,0.004208448
binSort,1,11,0.004197664
binSort,1,12,0.004157889
binSort,1,13,0.004222432
binSort,1,14,0.004167681
binSort,1,15,0.004163521
binSort,1,16,0.00413581
binSort,1,17,0.004165089
binSort,1,18,0.004170113
binSort,1,19,0.004136642
binSort,1,20,0.004188129
binSort,1,21,0.004160545
binSort,1,22,0.004166465
binSort,1,23,0.004179585
binSort,1,24,0.004199008
binSort,1,25,0.004205312
binSort,1,26,0.004127971
binSort,1,27,0.004164289
binSort,1,28,0.004158721
binSort,1,29,0.004152545
binSort,1,30,0.004201312
binSort,1,31,0.004173889
binSort,1,32,0.004199968
binSort,1,33,0.004164738
binSort,1,34,0.004156353
binSort,1,35,0.004103844
binSort,1,36,0.004213279
binSort,1,37,0.004198112
binSort,1,38,0.00413693
binSort,1,39,0.004167234
binComputeKeys,1,0,0.000421235
binComputeKeys,1,1,0.000411572
binComputeKeys,1,2,0.000388564
binComputeKeys,1,3,0.000390068
binComputeKeys,1,4,0.000411251
binComputeKeys,1,5,0.000394068
binComputeKeys,1,6,0.000413075
binComputeKeys,1,7,0.000393876
binComputeKeys,1,8,0.000400884
binComputeKeys,1,9,0.000403668
binComputeKeys,1,10,0.000396244
binComputeKeys,1,11,0.000392788
binComputeKeys,1,12,0.000394772
binComputeKeys,1,13,0.000418452
binComputeKeys,1,14,0.000394548
binComputeKeys,1,15,0.0003981
binComputeKeys,1,16,0.000392756
binComputeKeys,1,17,0.00043573
binComputeKeys,1,18,0.00038802
binComputeKeys,1,19,0.000403636
binComputeKeys,1,20,0.000402164
binComputeKeys,1,21,0.000395284
binComputeKeys,1,22,0.000392052
binComputeKeys,1,23,0.00039618
binComputeKeys,1,24,0.000401875
binComputeKeys,1,25,0.000399316
binComputeKeys,1,26,0.000412468
binComputeKeys,1,27,0.000416019
binComputeKeys,1,28,0.000399412
binComputeKeys,1,29,0.000396948
binComputeKeys,1,30,0.000386388
binComputeKeys,1,31,0.000390644
binComputeKeys,1,32,0.000407956
binComputeKeys,1,33,0.000386357
binComputeKeys,1,34,0.000395348
binComputeKeys,1,35,0.000398676
binComputeKeys,1,36,0.000405395
binComputeKeys,1,37,0.000388372
binComputeKeys,1,38,0.000395124
binComputeKeys,1,39,0.000392949
binSortByKey,1,0,0.003560532
binSortByKey,1,1,0.003540501
binSortByKey,1,2,0.003611761
binSortByKey,1,3,0.003577491
binSortByKey,1,4,0.003587283
binSortByKey,1,5,0.003597107
binSortByKey,1,6,0.003581556
binSortByKey,1,7,0.003561364
binSortByKey,1,8,0.003585747
binSortByKey,1,9,0.003538292
binSortByKey,1,10,0.003599282
binSortByKey,1,11,0.003579123
binSortByKey,1,12,0.003551828
binSortByKey,1,13,0.003598994
binSortByKey,1,14,0.003564724
binSortByKey,1,15,0.003560883
binSortByKey,1,16,0.003533621
binSortByKey,1,17,0.003539221
binSortByKey,1,18,0.003562132
binSortByKey,1,19,0.003531445
binSortByKey,1,20,0.003572979
binSortByKey,1,21,0.00355474
binSortByKey,1,22,0.003563635
binSortByKey,1,23,0.003577203
binSortByKey,1,24,0.003584691
binSortByKey,1,25,0.003596626
binSortByKey,1,26,0.003523733
binSortByKey,1,27,0.003548468
binSortByKey,1,28,0.00354898
binSortByKey,1,29,0.003558323
binSortByKey,1,30,0.003595219
binSortByKey,1,31,0.003556884
binSortByKey,1,32,0.003577747
binSortByKey,1,33,0.003560372
binSortByKey,1,34,0.003551252
binSortByKey,1,35,0.003517493
binSortByKey,1,36,0.003594579
binSortByKey,1,37,0.003601138
binSortByKey,1,38,0.003544596
binSortByKey,1,39,0.003560755
binComputeOffsets,1,0,0.000205017
binComputeOffsets,1,1,0.000189274
binComputeOffsets,1,2,0.00021033
binComputeOffsets,1,3,0.000217177
binComputeOffsets,1,4,0.000210234
binComputeOffsets,1,5,0.000213114
binComputeOffsets,1,6,0.000200313
binComputeOffsets,1,7,0.000215674
binComputeOffsets,1,8,0.000209785
binComputeOffsets,1,9,0.000188698
binComputeOffsets,1,10,0.000210874
binComputeOffsets,1,11,0.000222649
binComputeOffsets,1,12,0.000210201
binComputeOffsets,1,13,0.00020265
binComputeOffsets,1,14,0.00020617
binComputeOffsets,1,15,0.000203674
binComputeOffsets,1,16,0.000206297
binComputeOffsets,1,17,0.00018873
binComputeOffsets,1,18,0.000217465
binComputeOffsets,1,19,0.000199738
binComputeOffsets,1,20,0.000211098
binComputeOffsets,1,21,0.000209817
binComputeOffsets,1,22,0.000208858
binComputeOffsets,1,23,0.000204794
binComputeOffsets,1,24,0.000210074
binComputeOffsets,1,25,0.000208058
binComputeOffsets,1,26,0.000189594
binComputeOffsets,1,27,0.000197562
binComputeOffsets,1,28,0.000208313
binComputeOffsets,1,29,0.000194458
binComputeOffsets,1,30,0.000217529
binComputeOffsets,1,31,0.000223705
binComputeOffsets,1,32,0.000210105
binComputeOffsets,1,33,0.000216122
binComputeOffsets,1,34,0.000207321
binComputeOffsets,1,35,0.000185691
binComputeOffsets,1,36,0.000211705
binComputeOffsets,1,37,0.000207098
binComputeOffsets,1,38,0.00019513
binComputeOffsets,1,39,0.000211738
FFTNUFFT1,1,0,0.0814117
FFTNUFFT1,1,1,0.083555474
FFTNUFFT1,1,2,0.084610002
FFTNUFFT1,1,3,0.081051231
FFTNUFFT1,1,4,0.081440467
FFTNUFFT1,1,5,0.084162912
FFTNUFFT1,1,6,0.083993573
FFTNUFFT1,1,7,0.084017413
FFTNUFFT1,1,8,0.084468087
FFTNUFFT1,1,9,0.082852904
deconvolutionNUFFT1,1,0,0.000809511
deconvolutionNUFFT1,1,1,0.000818664
deconvolutionNUFFT1,1,2,0.000665036
deconvolutionNUFFT1,1,3,0.000822599
deconvolutionNUFFT1,1,4,0.000820167
deconvolutionNUFFT1,1,5,0.000841158
deconvolutionNUFFT1,1,6,0.000819527
deconvolutionNUFFT1,1,7,0.000819879
deconvolutionNUFFT1,1,8,0.000824455
deconvolutionNUFFT1,1,9,0.000660556
GatherPIFNUFFT,1,0,0.380540106
GatherPIFNUFFT,1,1,0.38271508
GatherPIFNUFFT,1,2,0.379908509
GatherPIFNUFFT,1,3,0.380910495
GatherPIFNUFFT,1,4,0.387729199
GatherPIFNUFFT,1,5,0.38382135
GatherPIFNUFFT,1,6,0.380289682
GatherPIFNUFFT,1,7,0.383045566
GatherPIFNUFFT,1,8,0.378723105
GatherPIFNUFFT,1,9,0.385806378
NativeNUFFT2,1,0,0.123921512
NativeNUFFT2,1,1,0.12628403
NativeNUFFT2,1,2,0.125340572
NativeNUFFT2,1,3,0.126154467
NativeNUFFT2,1,4,0.125713553
NativeNUFFT2,1,5,0.125853995
NativeNUFFT2,1,6,0.12412304
NativeNUFFT2,1,7,0.12527427
NativeNUFFT2,1,8,0.127586712
NativeNUFFT2,1,9,0.123055714
NativeNUFFT2,1,10,0.125752206
NativeNUFFT2,1,11,0.126671122
NativeNUFFT2,1,12,0.127953356
NativeNUFFT2,1,13,0.128676759
NativeNUFFT2,1,14,0.128948174
NativeNUFFT2,1,15,0.12666098
NativeNUFFT2,1,16,0.126189538
NativeNUFFT2,1,17,0.127385246
NativeNUFFT2,1,18,0.124825963
NativeNUFFT2,1,19,0.126799888
NativeNUFFT2,1,20,0.126116932
NativeNUFFT2,1,21,0.122522673
NativeNUFFT2,1,22,0.126840271
NativeNUFFT2,1,23,0.127793713
NativeNUFFT2,1,24,0.123323129
NativeNUFFT2,1,25,0.126229825
NativeNUFFT2,1,26,0.126116132
NativeNUFFT2,1,27,0.124362842
NativeNUFFT2,1,28,0.128231139
NativeNUFFT2,1,29,0.127573721
PrecorrectionNUFFT2,1,0,0.001602383
PrecorrectionNUFFT2,1,1,0.00256997
PrecorrectionNUFFT2,1,2,0.002602289
PrecorrectionNUFFT2,1,3,0.001608367
PrecorrectionNUFFT2,1,4,0.002567506
PrecorrectionNUFFT2,1,5,0.00256037
PrecorrectionNUFFT2,1,6,0.001609647
PrecorrectionNUFFT2,1,7,0.002609265
PrecorrectionNUFFT2,1,8,0.002600337
PrecorrectionNUFFT2,1,9,0.001612847
PrecorrectionNUFFT2,1,10,0.00260232
PrecorrectionNUFFT2,1,11,0.002589617
PrecorrectionNUFFT2,1,12,0.001594704
PrecorrectionNUFFT2,1,13,0.002619632
PrecorrectionNUFFT2,1,14,0.002585745
PrecorrectionNUFFT2,1,15,0.001597551
PrecorrectionNUFFT2,1,16,0.002577522
PrecorrectionNUFFT2,1,17,0.002593938
PrecorrectionNUFFT2,1,18,0.001634062
PrecorrectionNUFFT2,1,19,0.002613585
PrecorrectionNUFFT2,1,20,0.00257253
PrecorrectionNUFFT2,1,21,0.001669197
PrecorrectionNUFFT2,1,22,0.00256053
PrecorrectionNUFFT2,1,23,0.002606609
PrecorrectionNUFFT2,1,24,0.001593104
PrecorrectionNUFFT2,1,25,0.002578705
PrecorrectionNUFFT2,1,26,0.002587217
PrecorrectionNUFFT2,1,27,0.001612687
PrecorrectionNUFFT2,1,28,0.002570866
PrecorrectionNUFFT2,1,29,0.002594482
FFTNUFFT2,1,0,0.083196094
FFTNUFFT2,1,1,0.083015588
FFTNUFFT2,1,2,0.083144063
FFTNUFFT2,1,3,0.083557011
FFTNUFFT2,1,4,0.082054081
FFTNUFFT2,1,5,0.081959587
FFTNUFFT2,1,6,0.083684303
FFTNUFFT2,1,7,0.082344727
FFTNUFFT2,1,8,0.082801545
FFTNUFFT2,1,9,0.082334968
FFTNUFFT2,1,10,0.081882501
FFTNUFFT2,1,11,0.083220925
FFTNUFFT2,1,12,0.086342974
FFTNUFFT2,1,13,0.084680561
FFTNUFFT2,1,14,0.087514265
FFTNUFFT2,1,15,0.085613268
FFTNUFFT2,1,16,0.084360827
FFTNUFFT2,1,17,0.084372282
FFTNUFFT2,1,18,0.08278529
FFTNUFFT2,1,19,0.085070245
FFTNUFFT2,1,20,0.084757646
FFTNUFFT2,1,21,0.081565359
FFTNUFFT2,1,22,0.083921576
FFTNUFFT2,1,23,0.083504948
FFTNUFFT2,1,24,0.082802441
FFTNUFFT2,1,25,0.084082883
FFTNUFFT2,1,26,0.084625394
FFTNUFFT2,1,27,0.082493491
FFTNUFFT2,1,28,0.084235039
FFTNUFFT2,1,29,0.084757999
GatherNUFFT2,1,0,0.008211846
GatherNUFFT2,1,1,0.009738743
GatherNUFFT2,1,2,0.008621562
GatherNUFFT2,1,3,0.010002672
GatherNUFFT2,1,4,0.010127405
GatherNUFFT2,1,5,0.010254088
GatherNUFFT2,1,6,0.008036236
GatherNUFFT2,1,7,0.009609404
GatherNUFFT2,1,8,0.011560961
GatherNUFFT2,1,9,0.008312739
GatherNUFFT2,1,10,0.01056499
GatherNUFFT2,1,11,0.009888467
GatherNUFFT2,1,12,0.009234215
GatherNUFFT2,1,13,0.010640381
GatherNUFFT2,1,14,0.008305827
GatherNUFFT2,1,15,0.00890629
GatherNUFFT2,1,16,0.008641657
GatherNUFFT2,1,17,0.009590972
GatherNUFFT2,1,18,0.009649499
GatherNUFFT2,1,19,0.008587515
GatherNUFFT2,1,20,0.008135721
GatherNUFFT2,1,21,0.008514717
GatherNUFFT2,1,22,0.009569405
GatherNUFFT2,1,23,0.01092725
GatherNUFFT2,1,24,0.008381985
GatherNUFFT2,1,25,0.008892242
GatherNUFFT2,1,26,0.008077962
GatherNUFFT2,1,27,0.009308645
GatherNUFFT2,1,28,0.010864213
GatherNUFFT2,1,29,0.009593692
mainTimer,2,0,7.178247019
dumpData,2,0,0.010258504
dumpData,2,1,0.007713141
dumpData,2,2,0.008894194
dumpData,2,3,0.008860019
dumpData,2,4,0.00768431
dumpData,2,5,0.009339204
dumpData,2,6,0.007971822
dumpData,2,7,0.008477438
dumpData,2,8,0.008338275
dumpData,2,9,0.008333186
kick,2,0,4.0927e-05
kick,2,1,1.4976e-05
kick,2,2,5.5518e-05
kick,2,3,1.088e-05
kick,2,4,4.7838e-05
kick,2,5,1.1936e-05
kick,2,6,6.0798e-05
kick,2,7,1.3184e-05
kick,2,8,4.4319e-05
kick,2,9,1.4912e-05
kick,2,10,5.0878e-05
kick,2,11,1.3759e-05
kick,2,12,5.1006e-05
kick,2,13,1.5327e-05
kick,2,14,5.1358e-05
kick,2,15,2.128e-05
kick,2,16,4.8511e-05
kick,2,17,1.3279e-05
kick,2,18,5.4942e-05
kick,2,19,1.0688e-05
drift,2,0,6.591e-06
drift,2,1,6.464e-06
drift,2,2,8.224e-06
drift,2,3,8.16e-06
drift,2,4,9.568e-06
drift,2,5,8.576e-06
drift,2,6,7.648e-06
drift,2,7,6.752e-06
drift,2,8,6.016e-06
drift,2,9,9.088e-06
particleBC,2,0,1.0944e-05
particleBC,2,1,1.2831e-05
particleBC,2,2,1.2832e-05
particleBC,2,3,1.2896e-05
particleBC,2,4,1.0079e-05
particleBC,2,5,1.3376e-05
particleBC,2,6,1.0528e-05
particleBC,2,7,1.1103e-05
particleBC,2,8,1.1743e-05
particleBC,2,9,1.1391e-05
updateParticle,2,0,0.008788116
updateParticle,2,1,0.008449887
updateParticle,2,2,0.008620474
updateParticle,2,3,0.008482718
updateParticle,2,4,0.008435936
updateParticle,2,5,0.008278724
updateParticle,2,6,0.008490494
updateParticle,2,7,0.008502494
updateParticle,2,8,0.008537053
updateParticle,2,9,0.008396385
locateParticles,2,0,0.003645553
locateParticles,2,1,0.003661937
locateParticles,2,2,0.003637361
locateParticles,2,3,0.003650865
locateParticles,2,4,0.003639474
locateParticles,2,5,0.003656305
locateParticles,2,6,0.003657681
locateParticles,2,7,0.003659537
locateParticles,2,8,0.003650641
locateParticles,2,9,0.003657009
sendPreprocess,2,0,0.000443283
sendPreprocess,2,1,0.000423347
sendPreprocess,2,2,0.000427123
sendPreprocess,2,3,0.000416467
sendPreprocess,2,4,0.000460242
sendPreprocess,2,5,0.000404403
sendPreprocess,2,6,0.000438066
sendPreprocess,2,7,0.000404084
sendPreprocess,2,8,0.000431187
sendPreprocess,2,9,0.000433683
particleSend,2,0,0.000825255
particleSend,2,1,0.000854566
particleSend,2,2,0.00086775
particleSend,2,3,0.000866054
particleSend,2,4,0.000840806
particleSend,2,5,0.000808424
particleSend,2,6,0.000852358
particleSend,2,7,0.000894213
particleSend,2,8,0.000863814
particleSend,2,9,0.000806087
particleRecv,2,0,3.7535e-05
particleRecv,2,1,2.6943e-05
particleRecv,2,2,2.9727e-05
particleRecv,2,3,3.2383e-05
particleRecv,2,4,3.6255e-05
particleRecv,2,5,3.2223e-05
particleRecv,2,6,2.8768e-05
particleRecv,2,7,2.7679e-05
particleRecv,2,8,3.1999e-05
particleRecv,2,9,3.7183e-05
particleDestroy,2,0,0.002581394
particleDestroy,2,1,0.002554995
particleDestroy,2,2,0.002561106
particleDestroy,2,3,0.00257045
particleDestroy,2,4,0.00256645
particleDestroy,2,5,0.002564306
particleDestroy,2,6,0.002540018
particleDestroy,2,7,0.002567634
particleDestroy,2,8,0.002589745
particleDestroy,2,9,0.002573042
ScatterPIFNUFFT,2,0,0.406936583
ScatterPIFNUFFT,2,1,4.8991e-05
ScatterPIFNUFFT,2,2,0.310033674
ScatterPIFNUFFT,2,3,3.9583e-05
ScatterPIFNUFFT,2,4,0.319440365
ScatterPIFNUFFT,2,5,2.7487e-05
ScatterPIFNUFFT,2,6,0.33431348
ScatterPIFNUFFT,2,7,4.2014e-05
ScatterPIFNUFFT,2,8,0.489348829
ScatterPIFNUFFT,2,9,1.9231e-05
ScatterPIFNUFFT,2,10,0.328472152
ScatterPIFNUFFT,2,11,3.0047e-05
ScatterPIFNUFFT,2,12,0.180616299
ScatterPIFNUFFT,2,13,1.9455e-05
ScatterPIFNUFFT,2,14,0.290676727
ScatterPIFNUFFT,2,15,1.4816e-05
ScatterPIFNUFFT,2,16,0.290040395
ScatterPIFNUFFT,2,17,3.088e-05
ScatterPIFNUFFT,2,18,0.182798568
ScatterPIFNUFFT,2,19,1.6063e-05
NativeNUFFT1,2,0,0.402580844
NativeNUFFT1,2,1,0.305472277
NativeNUFFT1,2,2,0.315023378
NativeNUFFT1,2,3,0.330794706
NativeNUFFT1,2,4,0.484931235
NativeNUFFT1,2,5,0.323974497
NativeNUFFT1,2,6,0.176163634
NativeNUFFT1,2,7,0.286250941
NativeNUFFT1,2,8,0.286477622
NativeNUFFT1,2,9,0.178177749
scatterTimerNUFFT1,2,0,0.319557801
scatterTimerNUFFT1,2,1,0.221167065
scatterTimerNUFFT1,2,2,0.232981778
scatterTimerNUFFT1,2,3,0.248891213
scatterTimerNUFFT1,2,4,0.401502317
scatterTimerNUFFT1,2,5,0.238398957
scatterTimerNUFFT1,2,6,0.093385768
scatterTimerNUFFT1,2,7,0.201297653
scatterTimerNUFFT1,2,8,0.202264471
scatterTimerNUFFT1,2,9,0.093422407
binSort,2,0,0.004221376
binSort,2,1,0.004205408
binSort,2,2,0.004164289
binSort,2,3,0.004129027
binSort,2,4,0.004167554
binSort,2,5,0.004174625
binSort,2,6,0.004155009
binSort,2,7,0.004165217
binSort,2,8,0.004144802
binSort,2,9,0.004186209
binSort,2,10,0.004186241
binSort,2,11,0.004183329
binSort,2,12,0.004173633
binSort,2,13,0.004148354
binSort,2,14,0.004139906
binSort,2,15,0.004193632
binSort,2,16,0.004213152
binSort,2,17,0.004188512
binSort,2,18,0.004125763
binSort,2,19,0.004185792
binSort,2,20,0.004160737
binSort,2,21,0.00415821
binSort,2,22,0.004171585
binSort,2,23,0.004166369
binSort,2,24,0.004176097
binSort,2,25,0.004136482
binSort,2,26,0.004179649
binSort,2,27,0.004183937
binSort,2,28,0.004186592
binSort,2,29,0.004195585
binSort,2,30,0.004185409
binSort,2,31,0.004106306
binSort,2,32,0.004171329
binSort,2,33,0.004194241
binSort,2,34,0.004115651
binSort,2,35,0.004185121
binSort,2,36,0.004162978
binSort,2,37,0.004140035
binSort,2,38,0.004113858
binSort,2,39,0.004148481
binComputeKeys,2,0,0.000400372
binComputeKeys,2,1,0.000406772
binComputeKeys,2,2,0.00040962
binComputeKeys,2,3,0.000416564
binComputeKeys,2,4,0.000398164
binComputeKeys,2,5,0.00040786
binComputeKeys,2,6,0.000406355
binComputeKeys,2,7,0.000405203
binComputeKeys,2,8,0.000385621
binComputeKeys,2,9,0.000390036
binComputeKeys,2,10,0.000413171
binComputeKeys,2,11,0.000397556
binComputeKeys,2,12,0.000395668
binComputeKeys,2,13,0.000403156
binComputeKeys,2,14,0.000411059
binComputeKeys,2,15,0.000419763
binComputeKeys,2,16,0.000407892
binComputeKeys,2,17,0.000395668
binComputeKeys,2,18,0.000406612
binComputeKeys,2,19,0.000415283
binComputeKeys,2,20,0.000393012
binComputeKeys,2,21,0.000415412
binComputeKeys,2,22,0.000411123
binComputeKeys,2,23,0.000420595
binComputeKeys,2,24,0.00039602
binComputeKeys,2,25,0.000406387
binComputeKeys,2,26,0.000405235
binComputeKeys,2,27,0.000398644
binComputeKeys,2,28,0.000408915
binComputeKeys,2,29,0.00039538
binComputeKeys,2,30,0.000418931
binComputeKeys,2,31,0.000410611
binComputeKeys,2,32,0.000387028
binComputeKeys,2,33,0.000418932
binComputeKeys,2,34,0.000403476
binComputeKeys,2,35,0.000394516
binComputeKeys,2,36,0.000397044
binComputeKeys,2,37,0.0004101
binComputeKeys,2,38,0.000403795
binComputeKeys,2,39,0.000409779
binSortByKey,2,0,0.003606034
binSortByKey,2,1,0.003580915
binSortByKey,2,2,0.003553427
binSortByKey,2,3,0.003510901
binSortByKey,2,4,0.003556564
binSortByKey,2,5,0.003565203
binSortByKey,2,6,0.003545781
binSortByKey,2,7,0.00356194
binSortByKey,2,8,0.003549844
binSortByKey,2,9,0.003583283
binSortByKey,2,10,0.00357026
binSortByKey,2,11,0.003587443
binSortByKey,2,12,0.003574355
binSortByKey,2,13,0.003541396
binSortByKey,2,14,0.003534004
binSortByKey,2,15,0.003572371
binSortByKey,2,16,0.003592179
binSortByKey,2,17,0.003582803
binSortByKey,2,18,0.003522293
binSortByKey,2,19,0.003568019
binSortByKey,2,20,0.003555635
binSortByKey,2,21,0.00354658
binSortByKey,2,22,0.003559092
binSortByKey,2,23,0.003544916
binSortByKey,2,24,0.003567155
binSortByKey,2,25,0.003538261
binSortByKey,2,26,0.003561716
binSortByKey,2,27,0.003572435
binSortByKey,2,28,0.00356642
binSortByKey,2,29,0.003581236
binSortByKey,2,30,0.00356626
binSortByKey,2,31,0.003509493
binSortByKey,2,32,0.003567476
binSortByKey,2,33,0.0035749
binSortByKey,2,34,0.003522069
binSortByKey,2,35,0.003577267
binSortByKey,2,36,0.003559316
binSortByKey,2,37,0.003538324
binSortByKey,2,38,0.003519765
binSortByKey,2,39,0.003545492
binComputeOffsets,2,0,0.00021257
binComputeOffsets,2,1,0.000215001
binComputeOffsets,2,2,0.000197498
binComputeOffsets,2,3,0.000198202
binComputeOffsets,2,4,0.000211066
binComputeOffsets,2,5,0.00019993
binComputeOffsets,2,6,0.000200313
binComputeOffsets,2,7,0.000196346
binComputeOffsets,2,8,0.000207321
binComputeOffsets,2,9,0.000211226
binComputeOffsets,2,10,0.000200026
binComputeOffsets,2,11,0.00019577
binComputeOffsets,2,12,0.000202298
binComputeOffsets,2,13,0.000202138
binComputeOffsets,2,14,0.000193019
binComputeOffsets,2,15,0.000199322
binComputeOffsets,2,16,0.000209433
binComputeOffsets,2,17,0.000207129
binComputeOffsets,2,18,0.000195578
binComputeOffsets,2,19,0.00019993
binComputeOffsets,2,20,0.000210586
binComputeOffsets,2,21,0.000194234
binComputeOffsets,2,22,0.000200122
binComputeOffsets,2,23,0.000197722
binComputeOffsets,2,24,0.000210202
binComputeOffsets,2,25,0.000188218
binComputeOffsets,2,26,0.000209146
binComputeOffsets,2,27,0.000210554
binComputeOffsets,2,28,0.000210105
binComputeOffsets,2,29,0.000216474
binComputeOffsets,2,30,0.00019785
binComputeOffsets,2,31,0.00018553
binComputeOffsets,2,32,0.000213721
binComputeOffsets,2,33,0.000197786
binComputeOffsets,2,34,0.000188987
binComputeOffsets,2,35,0.000209146
binComputeOffsets,2,36,0.00020537
binComputeOffsets,2,37,0.000188091
binComputeOffsets,2,38,0.000189882
binComputeOffsets,2,39,0.000191418
FFTNUFFT1,2,0,0.08212755
FFTNUFFT1,2,1,0.083477973
FFTNUFFT1,2,2,0.0813869
FFTNUFFT1,2,3,0.081240345
FFTNUFFT1,2,4,0.082752812
FFTNUFFT1,2,5,0.084741326
FFTNUFFT1,2,6,0.08194282
FFTNUFFT1,2,7,0.08410589
FFTNUFFT1,2,8,0.083538292
FFTNUFFT1,2,9,0.084097698
deconvolutionNUFFT1,2,0,0.000892389
deconvolutionNUFFT1,2,1,0.000824647
deconvolutionNUFFT1,2,2,0.000652204
deconvolutionNUFFT1,2,3,0.000660108
deconvolutionNUFFT1,2,4,0.000672971
deconvolutionNUFFT1,2,5,0.000831942
deconvolutionNUFFT1,2,6,0.000831943
deconvolutionNUFFT1,2,7,0.000845414
deconvolutionNUFFT1,2,8,0.000671275
deconvolutionNUFFT1,2,9,0.000654636
GatherPIFNUFFT,2,0,0.381825123
GatherPIFNUFFT,2,1,0.380778946
GatherPIFNUFFT,2,2,0.382904386
GatherPIFNUFFT,2,3,0.38230658
GatherPIFNUFFT,2,4,0.384186491
GatherPIFNUFFT,2,5,0.38041531
GatherPIFNUFFT,2,6,0.384402836
GatherPIFNUFFT,2,7,0.381262516
GatherPIFNUFFT,2,8,0.380636263
GatherPIFNUFFT,2,9,0.384756458
NativeNUFFT2,2,0,0.123081825
NativeNUFFT2,2,1,0.127816816
NativeNUFFT2,2,2,0.125030501
NativeNUFFT2,2,3,0.124851819
NativeNUFFT2,2,4,0.12521984
NativeNUFFT2,2,5,0.127402044
NativeNUFFT2,2,6,0.127533497
NativeNUFFT2,2,7,0.125458296
NativeNUFFT2,2,8,0.126870862
NativeNUFFT2,2,9,0.124538581
NativeNUFFT2,2,10,0.125506647
NativeNUFFT2,2,11,0.127340926
NativeNUFFT2,2,12,0.124160416
NativeNUFFT2,2,13,0.129375585
NativeNUFFT2,2,14,0.128116807
NativeNUFFT2,2,15,0.125266367
NativeNUFFT2,2,16,0.126386971
NativeNUFFT2,2,17,0.126162242
NativeNUFFT2,2,18,0.124961703
NativeNUFFT2,2,19,0.125892684
NativeNUFFT2,2,20,0.127489562
NativeNUFFT2,2,21,0.122249721
NativeNUFFT2,2,22,0.127231331
NativeNUFFT2,2,23,0.128204548
NativeNUFFT2,2,24,0.125831597
NativeNUFFT2,2,25,0.126105381
NativeNUFFT2,2,26,0.125190816
NativeNUFFT2,2,27,0.124068228
NativeNUFFT2,2,28,0.129418656
NativeNUFFT2,2,29,0.12775685
PrecorrectionNUFFT2,2,0,0.001658382
PrecorrectionNUFFT2,2,1,0.002605201
PrecorrectionNUFFT2,2,2,0.002569682
PrecorrectionNUFFT2,2,3,0.001610895
PrecorrectionNUFFT2,2,4,0.002593681
PrecorrectionNUFFT2,2,5,0.002598001
PrecorrectionNUFFT2,2,6,0.001616399
PrecorrectionNUFFT2,2,7,0.002561234
PrecorrectionNUFFT2,2,8,0.002564754
PrecorrectionNUFFT2,2,9,0.001611823
PrecorrectionNUFFT2,2,10,0.002564114
PrecorrectionNUFFT2,2,11,0.00255045
PrecorrectionNUFFT2,2,12,0.001594384
PrecorrectionNUFFT2,2,13,0.002554194
PrecorrectionNUFFT2,2,14,0.002571025
PrecorrectionNUFFT2,2,15,0.001609232
PrecorrectionNUFFT2,2,16,0.002541586
PrecorrectionNUFFT2,2,17,0.002567217
PrecorrectionNUFFT2,2,18,0.001606959
PrecorrectionNUFFT2,2,19,0.002562066
PrecorrectionNUFFT2,2,20,0.002598736
PrecorrectionNUFFT2,2,21,0.001608815
PrecorrectionNUFFT2,2,22,0.002589938
PrecorrectionNUFFT2,2,23,0.002545298
PrecorrectionNUFFT2,2,24,0.001622543
PrecorrectionNUFFT2,2,25,0.00255797
PrecorrectionNUFFT2,2,26,0.002567986
PrecorrectionNUFFT2,2,27,0.001632175
PrecorrectionNUFFT2,2,28,0.002598545
PrecorrectionNUFFT2,2,29,0.002565106
FFTNUFFT2,2,0,0.080576013
FFTNUFFT2,2,1,0.086070086
FFTNUFFT2,2,2,0.083437878
FFTNUFFT2,2,3,0.082845737
FFTNUFFT2,2,4,0.08197549
FFTNUFFT2,2,5,0.085307326
FFTNUFFT2,2,6,0.084918377
FFTNUFFT2,2,7,0.082300121
FFTNUFFT2,2,8,0.085110627
FFTNUFFT2,2,9,0.083603409
FFTNUFFT2,2,10,0.083884296
FFTNUFFT2,2,11,0.084035172
FFTNUFFT2,2,12,0.081886181
FFTNUFFT2,2,13,0.087678165
FFTNUFFT2,2,14,0.086268096
FFTNUFFT2,2,15,0.08465893
FFTNUFFT2,2,16,0.084742543
FFTNUFFT2,2,17,0.083990246
FFTNUFFT2,2,18,0.083869897
FFTNUFFT2,2,19,0.084131681
FFTNUFFT2,2,20,0.084569971
FFTNUFFT2,2,21,0.079625002
FFTNUFFT2,2,22,0.085543127
FFTNUFFT2,2,23,0.086465754
FFTNUFFT2,2,24,0.084482614
FFTNUFFT2,2,25,0.084408985
FFTNUFFT2,2,26,0.0831272
FFTNUFFT2,2,27,0.083254459
FFTNUFFT2,2,28,0.087712373
FFTNUFFT2,2,29,0.086005833
GatherNUFFT2,2,0,0.009917906
GatherNUFFT2,2,1,0.00818935
GatherNUFFT2,2,2,0.007940399
GatherNUFFT2,2,3,0.009249511
GatherNUFFT2,2,4,0.009350916
GatherNUFFT2,2,5,0.008182823
GatherNUFFT2,2,6,0.009834165
GatherNUFFT2,2,7,0.009283685
GatherNUFFT2,2,8,0.008137704
GatherNUFFT2,2,9,0.008331682
GatherNUFFT2,2,10,0.008088522
GatherNUFFT2,2,11,0.009510399
GatherNUFFT2,2,12,0.009517567
GatherNUFFT2,2,13,0.007925679
GatherNUFFT2,2,14,0.008100874
GatherNUFFT2,2,15,0.008163688
GatherNUFFT2,2,16,0.008062955
GatherNUFFT2,2,17,0.008541661
GatherNUFFT2,2,18,0.008463423
GatherNUFFT2,2,19,0.008044331
GatherNUFFT2,2,20,0.009012269
GatherNUFFT2,2,21,0.009844757
GatherNUFFT2,2,22,0.007981101
GatherNUFFT2,2,23,0.008163719
GatherNUFFT2,2,24,0.008461886
GatherNUFFT2,2,25,0.007972878
GatherNUFFT2,2,26,0.008433727
GatherNUFFT2,2,27,0.008084106
GatherNUFFT2,2,28,0.007884976
GatherNUFFT2,2,29,0.008116009
mainTimer,3,0,7.178193581
dumpData,3,0,0.012136399
dumpData,3,1,0.010090733
dumpData,3,2,0.010662908
dumpData,3,3,0.010822903
dumpData,3,4,0.00912961
dumpData,3,5,0.009911538
dumpData,3,6,0.009680058
dumpData,3,7,0.010581631
dumpData,3,8,0.010445379
dumpData,3,9,0.010548383
kick,3,0,2.7391e-05
kick,3,1,7.456e-06
kick,3,2,5.2958e-05
kick,3,3,1.0912e-05
kick,3,4,4.7806e-05
kick,3,5,9.696e-06
kick,3,6,6.019e-05
kick,3,7,1.8816e-05
kick,3,8,4.3007e-05
kick,3,9,1.536e-05
kick,3,10,5.2446e-05
kick,3,11,1.1136e-05
kick,3,12,5.1006e-05
kick,3,13,1.1647e-05
kick,3,14,5.0814e-05
kick,3,15,9.632e-06
kick,3,16,4.8607e-05
kick,3,17,1.0687e-05
kick,3,18,5.539e-05
kick,3,19,2.0607e-05
drift,3,0,8.704e-06
drift,3,1,7.712e-06
drift,3,2,6.208e-06
drift,3,3,6.624e-06
drift,3,4,9.824e-06
drift,3,5,7.2e-06
drift,3,6,9.056e-06
drift,3,7,8.384e-06
drift,3,8,6.432e-06
drift,3,9,8.64e-06
particleBC,3,0,1.1264e-05
particleBC,3,1,1.2479e-05
particleBC,3,2,1.344e-05
particleBC,3,3,1.408e-05
particleBC,3,4,1.1775e-05
particleBC,3,5,1.0784e-05
particleBC,3,6,1.0336e-05
particleBC,3,7,1.2095e-05
particleBC,3,8,1.1807e-05
particleBC,3,9,1.1615e-05
updateParticle,3,0,0.008687671
updateParticle,3,1,0.008452575
updateParticle,3,2,0.008567067
updateParticle,3,3,0.00847331
updateParticle,3,4,0.008422016
updateParticle,3,5,0.008241125
updateParticle,3,6,0.008526397
updateParticle,3,7,0.00843584
updateParticle,3,8,0.008625946
updateParticle,3,9,0.00837981
locateParticles,3,0,0.003525685
locateParticles,3,1,0.003587411
locateParticles,3,2,0.003514613
locateParticles,3,3,0.003541876
locateParticles,3,4,0.003549524
locateParticles,3,5,0.003534516
locateParticles,3,6,0.00355602
locateParticles,3,7,0.003575412
locateParticles,3,8,0.003540725
locateParticles,3,9,0.00354626
sendPreprocess,3,0,0.000520624
sendPreprocess,3,1,0.000500337
sendPreprocess,3,2,0.000552239
sendPreprocess,3,3,0.000525808
sendPreprocess,3,4,0.000549712
sendPreprocess,3,5,0.000529712
sendPreprocess,3,6,0.000538191
sendPreprocess,3,7,0.000486673
sendPreprocess,3,8,0.000541391
sendPreprocess,3,9,0.000546064
particleSend,3,0,0.000831334
particleSend,3,1,0.000818151
particleSend,3,2,0.000829415
particleSend,3,3,0.000829223
particleSend,3,4,0.000840038
particleSend,3,5,0.000791784
particleSend,3,6,0.000811976
particleSend,3,7,0.000818471
particleSend,3,8,0.000825223
particleSend,3,9,0.000809415
particleRecv,3,0,3.1551e-05
particleRecv,3,1,3.3855e-05
particleRecv,3,2,3.1967e-05
particleRecv,3,3,3.3919e-05
particleRecv,3,4,3.4719e-05
particleRecv,3,5,3.3055e-05
particleRecv,3,6,3.6735e-05
particleRecv,3,7,3.6895e-05
particleRecv,3,8,4.1215e-05
particleRecv,3,9,3.4015e-05
particleDestroy,3,0,0.002518548
particleDestroy,3,1,0.002505716
particleDestroy,3,2,0.002510164
particleDestroy,3,3,0.002512307
particleDestroy,3,4,0.00249378
particleDestroy,3,5,0.002512084
particleDestroy,3,6,0.002522547
particleDestroy,3,7,0.00250434
particleDestroy,3,8,0.00250626
particleDestroy,3,9,0.002518612
ScatterPIFNUFFT,3,0,0.407361914
ScatterPIFNUFFT,3,1,2.1855e-05
ScatterPIFNUFFT,3,2,0.309492731
ScatterPIFNUFFT,3,3,3.8143e-05
ScatterPIFNUFFT,3,4,0.320052602
ScatterPIFNUFFT,3,5,2.6783e-05
ScatterPIFNUFFT,3,6,0.33447117
ScatterPIFNUFFT,3,7,3.1839e-05
ScatterPIFNUFFT,3,8,0.489345789
ScatterPIFNUFFT,3,9,3.2639e-05
ScatterPIFNUFFT,3,10,0.327206367
ScatterPIFNUFFT,3,11,5.187e-05
ScatterPIFNUFFT,3,12,0.182605647
ScatterPIFNUFFT,3,13,3.4431e-05
ScatterPIFNUFFT,3,14,0.29069615
ScatterPIFNUFFT,3,15,3.1839e-05
ScatterPIFNUFFT,3,16,0.290726101
ScatterPIFNUFFT,3,17,2.3999e-05
ScatterPIFNUFFT,3,18,0.181838533
ScatterPIFNUFFT,3,19,4.8479e-05
NativeNUFFT1,3,0,0.402904098
NativeNUFFT1,3,1,0.304931558
NativeNUFFT1,3,2,0.31559901
NativeNUFFT1,3,3,0.331012492
NativeNUFFT1,3,4,0.48484007
NativeNUFFT1,3,5,0.322736232
NativeNUFFT1,3,6,0.178159509
NativeNUFFT1,3,7,0.286218622
NativeNUFFT1,3,8,0.286136961
NativeNUFFT1,3,9,0.177364749
scatterTimerNUFFT1,3,0,0.319708005
scatterTimerNUFFT1,3,1,0.220241397
scatterTimerNUFFT1,3,2,0.232132524
scatterTimerNUFFT1,3,3,0.249020169
scatterTimerNUFFT1,3,4,0.400578569
scatterTimerNUFFT1,3,5,0.237627781
scatterTimerNUFFT1,3,6,0.093533859
scatterTimerNUFFT1,3,7,0.201104507
scatterTimerNUFFT1,3,8,0.200857027
scatterTimerNUFFT1,3,9,0.093321834
binSort,3,0,0.004037477
binSort,3,1,0.003978695
binSort,3,2,0.003952264
binSort,3,3,0.004017766
binSort,3,4,0.004011942
binSort,3,5,0.003917929
binSort,3,6,0.003956168
binSort,3,7,0.003952872
binSort,3,8,0.004019654
binSort,3,9,0.003938728
binSort,3,10,0.003921193
binSort,3,11,0.003929769
binSort,3,12,0.004032261
binSort,3,13,0.004003718
binSort,3,14,0.003927913
binSort,3,15,0.003954952
binSort,3,16,0.004021478
binSort,3,17,0.00396788
binSort,3,18,0.003928008
binSort,3,19,0.003951016
binSort,3,20,0.004047045
binSort,3,21,0.003966983
binSort,3,22,0.003968007
binSort,3,23,0.003980903
binSort,3,24,0.004020613
binSort,3,25,0.003976231
binSort,3,26,0.003988646
binSort,3,27,0.003983847
binSort,3,28,0.004067012
binSort,3,29,0.003921193
binSort,3,30,0.003943944
binSort,3,31,0.003939304
binSort,3,32,0.003937608
binSort,3,33,0.00400631
binSort,3,34,0.003977351
binSort,3,35,0.003970151
binSort,3,36,0.004076516
binSort,3,37,0.003976583
binSort,3,38,0.003904905
binSort,3,39,0.003986311
binComputeKeys,3,0,0.000377012
binComputeKeys,3,1,0.00039042
binComputeKeys,3,2,0.000383924
binComputeKeys,3,3,0.000366997
binComputeKeys,3,4,0.000376533
binComputeKeys,3,5,0.000387317
binComputeKeys,3,6,0.000385364
binComputeKeys,3,7,0.000366389
binComputeKeys,3,8,0.000379669
binComputeKeys,3,9,0.00038498
binComputeKeys,3,10,0.000393588
binComputeKeys,3,11,0.000395092
binComputeKeys,3,12,0.000386868
binComputeKeys,3,13,0.000382868
binComputeKeys,3,14,0.000374645
binComputeKeys,3,15,0.000368053
binComputeKeys,3,16,0.000381877
binComputeKeys,3,17,0.000401556
binComputeKeys,3,18,0.0003757
binComputeKeys,3,19,0.000376341
binComputeKeys,3,20,0.000391796
binComputeKeys,3,21,0.000361237
binComputeKeys,3,22,0.000365301
binComputeKeys,3,23,0.000374772
binComputeKeys,3,24,0.00037122
binComputeKeys,3,25,0.000387796
binComputeKeys,3,26,0.000385396
binComputeKeys,3,27,0.000373941
binComputeKeys,3,28,0.000396852
binComputeKeys,3,29,0.000397492
binComputeKeys,3,30,0.0003717
binComputeKeys,3,31,0.000378228
binComputeKeys,3,32,0.000394228
binComputeKeys,3,33,0.000379509
binComputeKeys,3,34,0.000366005
binComputeKeys,3,35,0.000390612
binComputeKeys,3,36,0.000391572
binComputeKeys,3,37,0.000373717
binComputeKeys,3,38,0.000359477
binComputeKeys,3,39,0.00037826
binSortByKey,3,0,0.003448344
binSortByKey,3,1,0.003385401
binSortByKey,3,2,0.00337113
binSortByKey,3,3,0.003445399
binSortByKey,3,4,0.003426136
binSortByKey,3,5,0.003349018
binSortByKey,3,6,0.003368442
binSortByKey,3,7,0.003374009
binSortByKey,3,8,0.003426136
binSortByKey,3,9,0.003364378
binSortByKey,3,10,0.00334585
binSortByKey,3,11,0.00335417
binSortByKey,3,12,0.003436343
binSortByKey,3,13,0.003417529
binSortByKey,3,14,0.003355098
binSortByKey,3,15,0.003377401
binSortByKey,3,16,0.003427256
binSortByKey,3,17,0.003369018
binSortByKey,3,18,0.003351962
binSortByKey,3,19,0.003371833
binSortByKey,3,20,0.003442711
binSortByKey,3,21,0.003387737
binSortByKey,3,22,0.003384153
binSortByKey,3,23,0.003402457
binSortByKey,3,24,0.003438264
binSortByKey,3,25,0.00337929
binSortByKey,3,26,0.003395033
binSortByKey,3,27,0.003402168
binSortByKey,3,28,0.003453239
binSortByKey,3,29,0.003341434
binSortByKey,3,30,0.003364058
binSortByKey,3,31,0.003356186
binSortByKey,3,32,0.003350746
binSortByKey,3,33,0.003419192
binSortByKey,3,34,0.003391449
binSortByKey,3,35,0.003382713
binSortByKey,3,36,0.003471382
binSortByKey,3,37,0.003399896
binSortByKey,3,38,0.003339738
binSortByKey,3,39,0.003403705
binComputeOffsets,3,0,0.000209369
binComputeOffsets,3,1,0.00019897
binComputeOffsets,3,2,0.000195386
binComputeOffsets,3,3,0.000202426
binComputeOffsets,3,4,0.000206681
binComputeOffsets,3,5,0.00017897
binComputeOffsets,3,6,0.000199546
binComputeOffsets,3,7,0.000210042
binComputeOffsets,3,8,0.000210777
binComputeOffsets,3,9,0.000187386
binComputeOffsets,3,10,0.000179867
binComputeOffsets,3,11,0.000178843
binComputeOffsets,3,12,0.000207002
binComputeOffsets,3,13,0.000202041
binComputeOffsets,3,14,0.000197018
binComputeOffsets,3,15,0.000206298
binComputeOffsets,3,16,0.000209562
binComputeOffsets,3,17,0.000195067
binComputeOffsets,3,18,0.000199162
binComputeOffsets,3,19,0.000199322
binComputeOffsets,3,20,0.000209818
binComputeOffsets,3,21,0.000216089
binComputeOffsets,3,22,0.000217113
binComputeOffsets,3,23,0.000200794
binComputeOffsets,3,24,0.000208121
binComputeOffsets,3,25,0.000205177
binComputeOffsets,3,26,0.000206009
binComputeOffsets,3,27,0.000205274
binComputeOffsets,3,28,0.000213466
binComputeOffsets,3,29,0.000180091
binComputeOffsets,3,30,0.000205082
binComputeOffsets,3,31,0.000203642
binComputeOffsets,3,32,0.00018969
binComputeOffsets,3,33,0.000204505
binComputeOffsets,3,34,0.000215354
binComputeOffsets,3,35,0.000192762
binComputeOffsets,3,36,0.000209658
binComputeOffsets,3,37,0.00020185
binComputeOffsets,3,38,0.000201914
binComputeOffsets,3,39,0.000201306
FFTNUFFT1,3,0,0.082177756
FFTNUFFT1,3,1,0.083858154
FFTNUFFT1,3,2,0.082641551
FFTNUFFT1,3,3,0.081151804
FFTNUFFT1,3,4,0.083599153
FFTNUFFT1,3,5,0.08428534
FFTNUFFT1,3,6,0.083788364
FFTNUFFT1,3,7,0.084271805
FFTNUFFT1,3,8,0.084449975
FFTNUFFT1,3,9,0.083366072
deconvolutionNUFFT1,3,0,0.001016545
deconvolutionNUFFT1,3,1,0.000828839
deconvolutionNUFFT1,3,2,0.000822567
deconvolutionNUFFT1,3,3,0.000838919
deconvolutionNUFFT1,3,4,0.00065838
deconvolutionNUFFT1,3,5,0.000819911
deconvolutionNUFFT1,3,6,0.000835174
deconvolutionNUFFT1,3,7,0.00083959
deconvolutionNUFFT1,3,8,0.000827175
deconvolutionNUFFT1,3,9,0.000673707
GatherPIFNUFFT,3,0,0.376077234
GatherPIFNUFFT,3,1,0.380840096
GatherPIFNUFFT,3,2,0.379688388
GatherPIFNUFFT,3,3,0.378475209
GatherPIFNUFFT,3,4,0.383602412
GatherPIFNUFFT,3,5,0.383455729
GatherPIFNUFFT,3,6,0.379721475
GatherPIFNUFFT,3,7,0.379677476
GatherPIFNUFFT,3,8,0.37684473
GatherPIFNUFFT,3,9,0.383036927
NativeNUFFT2,3,0,0.122449941
NativeNUFFT2,3,1,0.126231072
NativeNUFFT2,3,2,0.125604884
NativeNUFFT2,3,3,0.124207614
NativeNUFFT2,3,4,0.126433563
NativeNUFFT2,3,5,0.125716688
NativeNUFFT2,3,6,0.123397494
NativeNUFFT2,3,7,0.125276509
NativeNUFFT2,3,8,0.126385053
NativeNUFFT2,3,9,0.122084192
NativeNUFFT2,3,10,0.125731599
NativeNUFFT2,3,11,0.126572054
NativeNUFFT2,3,12,0.123383127
NativeNUFFT2,3,13,0.12797838
NativeNUFFT2,3,14,0.129192134
NativeNUFFT2,3,15,0.125143523
NativeNUFFT2,3,16,0.126546903
NativeNUFFT2,3,17,0.127712179
NativeNUFFT2,3,18,0.123752652
NativeNUFFT2,3,19,0.126860175
NativeNUFFT2,3,20,0.126062373
NativeNUFFT2,3,21,0.120802662
NativeNUFFT2,3,22,0.127306721
NativeNUFFT2,3,23,0.127525721
NativeNUFFT2,3,24,0.122318455
NativeNUFFT2,3,25,0.126432924
NativeNUFFT2,3,26,0.125521334
NativeNUFFT2,3,27,0.12345407
NativeNUFFT2,3,28,0.128166725
NativeNUFFT2,3,29,0.127436925
PrecorrectionNUFFT2,3,0,0.001553297
PrecorrectionNUFFT2,3,1,0.002497716
PrecorrectionNUFFT2,3,2,0.002491925
PrecorrectionNUFFT2,3,3,0.001597359
PrecorrectionNUFFT2,3,4,0.002472373
PrecorrectionNUFFT2,3,5,0.002510964
PrecorrectionNUFFT2,3,6,0.001607503
PrecorrectionNUFFT2,3,7,0.002555218
PrecorrectionNUFFT2,3,8,0.002508436
PrecorrectionNUFFT2,3,9,0.00160008
PrecorrectionNUFFT2,3,10,0.002515219
PrecorrectionNUFFT2,3,11,0.002527892
PrecorrectionNUFFT2,3,12,0.001593008
PrecorrectionNUFFT2,3,13,0.002515572
PrecorrectionNUFFT2,3,14,0.002506356
PrecorrectionNUFFT2,3,15,0.00159096
PrecorrectionNUFFT2,3,16,0.002502388
PrecorrectionNUFFT2,3,17,0.002488916
PrecorrectionNUFFT2,3,18,0.001630127
PrecorrectionNUFFT2,3,19,0.002514292
PrecorrectionNUFFT2,3,20,0.002546258
PrecorrectionNUFFT2,3,21,0.001611727
PrecorrectionNUFFT2,3,22,0.002514515
PrecorrectionNUFFT2,3,23,0.002523795
PrecorrectionNUFFT2,3,24,0.001589616
PrecorrectionNUFFT2,3,25,0.002519124
PrecorrectionNUFFT2,3,26,0.002507283
PrecorrectionNUFFT2,3,27,0.001629006
PrecorrectionNUFFT2,3,28,0.002519187
PrecorrectionNUFFT2,3,29,0.00251618
FFTNUFFT2,3,0,0.082450356
FFTNUFFT2,3,1,0.08477355
FFTNUFFT2,3,2,0.084740367
FFTNUFFT2,3,3,0.085197601
FFTNUFFT2,3,4,0.084088579
FFTNUFFT2,3,5,0.083257596
FFTNUFFT2,3,6,0.083919656
FFTNUFFT2,3,7,0.083953191
FFTNUFFT2,3,8,0.086656276
FFTNUFFT2,3,9,0.082577169
FFTNUFFT2,3,10,0.084570643
FFTNUFFT2,3,11,0.084363738
FFTNUFFT2,3,12,0.082224859
FFTNUFFT2,3,13,0.086772369
FFTNUFFT2,3,14,0.088543674
FFTNUFFT2,3,15,0.084455127
FFTNUFFT2,3,16,0.084136193
FFTNUFFT2,3,17,0.085756528
FFTNUFFT2,3,18,0.082897062
FFTNUFFT2,3,19,0.0852232
FFTNUFFT2,3,20,0.084715343
FFTNUFFT2,3,21,0.081914821
FFTNUFFT2,3,22,0.086350302
FFTNUFFT2,3,23,0.086085542
FFTNUFFT2,3,24,0.082716428
FFTNUFFT2,3,25,0.084609107
FFTNUFFT2,3,26,0.085502808
FFTNUFFT2,3,27,0.082604464
FFTNUFFT2,3,28,0.084278205
FFTNUFFT2,3,29,0.085667155
GatherNUFFT2,3,0,0.008556412
GatherNUFFT2,3,1,0.009345634
GatherNUFFT2,3,2,0.008502974
GatherNUFFT2,3,3,0.007799155
GatherNUFFT2,3,4,0.009903635
GatherNUFFT2,3,5,0.010080942
GatherNUFFT2,3,6,0.007989549
GatherNUFFT2,3,7,0.008743606
GatherNUFFT2,3,8,0.00770047
GatherNUFFT2,3,9,0.008237862
GatherNUFFT2,3,10,0.008966351
GatherNUFFT2,3,11,0.009683705
GatherNUFFT2,3,12,0.009610299
GatherNUFFT2,3,13,0.009060237
GatherNUFFT2,3,14,0.008192487
GatherNUFFT2,3,15,0.009419202
GatherNUFFT2,3,16,0.010033967
GatherNUFFT2,3,17,0.009364419
GatherNUFFT2,3,18,0.009329188
GatherNUFFT2,3,19,0.009379971
GatherNUFFT2,3,20,0.008916752
GatherNUFFT2,3,21,0.007663319
GatherNUFFT2,3,22,0.008821844
GatherNUFFT2,3,23,0.009234855
GatherNUFFT2,3,24,0.008310019
GatherNUFFT2,3,25,0.009375811
GatherNUFFT2,3,26,0.007858705
GatherNUFFT2,3,27,0.009142154
GatherNUFFT2,3,28,0.011493058
GatherNUFFT2,3,29,0.00948768
mainTimer,4,0,7.178255602
dumpData,4,0,0.00824578
dumpData,4,1,0.006416777
dumpData,4,2,0.006389833
dumpData,4,3,0.006695841
dumpData,4,4,0.00636865
dumpData,4,5,0.006391241
dumpData,4,6,0.006716864
dumpData,4,7,0.006868348
dumpData,4,8,0.006882939
dumpData,4,9,0.006579012
kick,4,0,3.3375e-05
kick,4,1,1.1328e-05
kick,4,2,3.5647e-05
kick,4,3,9.567e-06
kick,4,4,3.4367e-05
kick,4,5,9.376e-06
kick,4,6,3.3407e-05
kick,4,7,1.0879e-05
kick,4,8,3.4239e-05
kick,4,9,1.2479e-05
kick,4,10,3.7919e-05
kick,4,11,1.1455e-05
kick,4,12,3.7855e-05
kick,4,13,1.1808e-05
kick,4,14,3.6607e-05
kick,4,15,1.1296e-05
kick,4,16,3.4271e-05
kick,4,17,9.791e-06
kick,4,18,3.4111e-05
kick,4,19,1.1455e-05
drift,4,0,9.024e-06
drift,4,1,8.128e-06
drift,4,2,8.48e-06
drift,4,3,8.576e-06
drift,4,4,8.223e-06
drift,4,5,7.647e-06
drift,4,6,7.2e-06
drift,4,7,9.375e-06
drift,4,8,8.128e-06
drift,4,9,6.528e-06
particleBC,4,0,8.928e-06
particleBC,4,1,8.832e-06
particleBC,4,2,9.056e-06
particleBC,4,3,1.1615e-05
particleBC,4,4,9.024e-06
particleBC,4,5,8.608e-06
particleBC,4,6,8.704e-06
particleBC,4,7,9.696e-06
particleBC,4,8,7.744e-06
particleBC,4,9,8.864e-06
updateParticle,4,0,0.120919165
updateParticle,4,1,0.008694919
updateParticle,4,2,0.008644649
updateParticle,4,3,0.008453262
updateParticle,4,4,0.008647049
updateParticle,4,5,0.008472942
updateParticle,4,6,0.008521228
updateParticle,4,7,0.116464061
updateParticle,4,8,0.116594393
updateParticle,4,9,0.008607178
locateParticles,4,0,0.003844754
locateParticles,4,1,0.003846962
locateParticles,4,2,0.003842642
locateParticles,4,3,0.003840946
locateParticles,4,4,0.003839826
locateParticles,4,5,0.003849394
locateParticles,4,6,0.003841171
locateParticles,4,7,0.003846258
locateParticles,4,8,0.003839794
locateParticles,4,9,0.003851506
sendPreprocess,4,0,0.00026268
sendPreprocess,4,1,0.000261208
sendPreprocess,4,2,0.000238009
sendPreprocess,4,3,0.000249817
sendPreprocess,4,4,0.000276376
sendPreprocess,4,5,0.000228249
sendPreprocess,4,6,0.000270072
sendPreprocess,4,7,0.000235001
sendPreprocess,4,8,0.000254073
sendPreprocess,4,9,0.000266488
particleSend,4,0,0.000850056
particleSend,4,1,0.000795657
particleSend,4,2,0.000832744
particleSend,4,3,0.000789546
particleSend,4,4,0.000793194
particleSend,4,5,0.00079585
particleSend,4,6,0.000838568
particleSend,4,7,0.000799497
particleSend,4,8,0.000842183
particleSend,4,9,0.00078321
particleRecv,4,0,2.8959e-05
particleRecv,4,1,2.688e-05
particleRecv,4,2,2.5248e-05
particleRecv,4,3,2.6751e-05
particleRecv,4,4,2.6528e-05
particleRecv,4,5,2.6943e-05
particleRecv,4,6,2.5311e-05
particleRecv,4,7,2.4064e-05
particleRecv,4,8,2.784e-05
particleRecv,4,9,2.9279e-05
particleDestroy,4,0,0.00274021
particleDestroy,4,1,0.002753361
particleDestroy,4,2,0.002742385
particleDestroy,4,3,0.002755857
particleDestroy,4,4,0.002752017
particleDestroy,4,5,0.002752625
particleDestroy,4,6,0.002748113
particleDestroy,4,7,0.002770352
particleDestroy,4,8,0.002760305
particleDestroy,4,9,0.002776497
ScatterPIFNUFFT,4,0,0.295048553
ScatterPIFNUFFT,4,1,3.7503e-05
ScatterPIFNUFFT,4,2,0.310061915
ScatterPIFNUFFT,4,3,1.8976e-05
ScatterPIFNUFFT,4,4,0.319326802
ScatterPIFNUFFT,4,5,2.4703e-05
ScatterPIFNUFFT,4,6,0.334092364
ScatterPIFNUFFT,4,7,3.3887e-05
ScatterPIFNUFFT,4,8,0.488093847
ScatterPIFNUFFT,4,9,3.1231e-05
ScatterPIFNUFFT,4,10,0.328199829
ScatterPIFNUFFT,4,11,2.0703e-05
ScatterPIFNUFFT,4,12,0.181653204
ScatterPIFNUFFT,4,13,3.0335e-05
ScatterPIFNUFFT,4,14,0.181422202
ScatterPIFNUFFT,4,15,3.0303e-05
ScatterPIFNUFFT,4,16,0.179864263
ScatterPIFNUFFT,4,17,1.5808e-05
ScatterPIFNUFFT,4,18,0.181710035
ScatterPIFNUFFT,4,19,4.4479e-05
NativeNUFFT1,4,0,0.290683173
NativeNUFFT1,4,1,0.305678393
NativeNUFFT1,4,2,0.314841747
NativeNUFFT1,4,3,0.329564557
NativeNUFFT1,4,4,0.483672309
NativeNUFFT1,4,5,0.323742612
NativeNUFFT1,4,6,0.177275794
NativeNUFFT1,4,7,0.177991165
NativeNUFFT1,4,8,0.17550282
NativeNUFFT1,4,9,0.178261781
scatterTimerNUFFT1,4,0,0.208886408
scatterTimerNUFFT1,4,1,0.222074641
scatterTimerNUFFT1,4,2,0.232600676
scatterTimerNUFFT1,4,3,0.248680822
scatterTimerNUFFT1,4,4,0.400720153
scatterTimerNUFFT1,4,5,0.239376993
scatterTimerNUFFT1,4,6,0.094102428
scatterTimerNUFFT1,4,7,0.094705196
scatterTimerNUFFT1,4,8,0.093661225
scatterTimerNUFFT1,4,9,0.094934724
binSort,4,0,0.004344612
binSort,4,1,0.004432673
binSort,4,2,0.004372579
binSort,4,3,0.00439421
binSort,4,4,0.004385731
binSort,4,5,0.004383874
binSort,4,6,0.004386082
binSort,4,7,0.004381795
binSort,4,8,0.004331236
binSort,4,9,0.00440813
binSort,4,10,0.004420194
binSort,4,11,0.004422657
binSort,4,12,0.004388898
binSort,4,13,0.004415681
binSort,4,14,0.004418338
binSort,4,15,0.004373251
binSort,4,16,0.004366595
binSort,4,17,0.004375427
binSort,4,18,0.004360387
binSort,4,19,0.004386114
binSort,4,20,0.004339428
binSort,4,21,0.004396003
binSort,4,22,0.004361604
binSort,4,23,0.004398082
binSort,4,24,0.004418018
binSort,4,25,0.004445953
binSort,4,26,0.004345028
binSort,4,27,0.004399458
binSort,4,28,0.004429569
binSort,4,29,0.004396867
binSort,4,30,0.004378435
binSort,4,31,0.00440493
binSort,4,32,0.004347075
binSort,4,33,0.004395714
binSort,4,34,0.004380387
binSort,4,35,0.004361603
binSort,4,36,0.00439565
binSort,4,37,0.004373859
binSort,4,38,0.004348707
binSort,4,39,0.004354275
binComputeKeys,4,0,0.000409717
binComputeKeys,4,1,0.00041426
binComputeKeys,4,2,0.000420948
binComputeKeys,4,3,0.000421236
binComputeKeys,4,4,0.00042258
binComputeKeys,4,5,0.00040962
binComputeKeys,4,6,0.000430483
binComputeKeys,4,7,0.000422996
binComputeKeys,4,8,0.00041154
binComputeKeys,4,9,0.000428212
binComputeKeys,4,10,0.000415188
binComputeKeys,4,11,0.00040978
binComputeKeys,4,12,0.000433236
binComputeKeys,4,13,0.000413076
binComputeKeys,4,14,0.000412917
binComputeKeys,4,15,0.000430388
binComputeKeys,4,16,0.000420052
binComputeKeys,4,17,0.000426836
binComputeKeys,4,18,0.000423732
binComputeKeys,4,19,0.000417108
binComputeKeys,4,20,0.000407668
binComputeKeys,4,21,0.000427348
binComputeKeys,4,22,0.000420724
binComputeKeys,4,23,0.000426323
binComputeKeys,4,24,0.000423156
binComputeKeys,4,25,0.000410164
binComputeKeys,4,26,0.000417812
binComputeKeys,4,27,0.000420084
binComputeKeys,4,28,0.0004029
binComputeKeys,4,29,0.000407573
binComputeKeys,4,30,0.0004141
binComputeKeys,4,31,0.000433044
binComputeKeys,4,32,0.000420052
binComputeKeys,4,33,0.000421044
binComputeKeys,4,34,0.000418804
binComputeKeys,4,35,0.000420116
binComputeKeys,4,36,0.000411732
binComputeKeys,4,37,0.000425396
binComputeKeys,4,38,0.000415028
binComputeKeys,4,39,0.000426612
binSortByKey,4,0,0.003727829
binSortByKey,4,1,0.003807987
binSortByKey,4,2,0.003751156
binSortByKey,4,3,0.003774228
binSortByKey,4,4,0.003758389
binSortByKey,4,5,0.003758805
binSortByKey,4,6,0.003754709
binSortByKey,4,7,0.003758741
binSortByKey,4,8,0.003713974
binSortByKey,4,9,0.003779251
binSortByKey,4,10,0.003794772
binSortByKey,4,11,0.003792852
binSortByKey,4,12,0.003749812
binSortByKey,4,13,0.003788947
binSortByKey,4,14,0.003796179
binSortByKey,4,15,0.003745173
binSortByKey,4,16,0.003739957
binSortByKey,4,17,0.003750868
binSortByKey,4,18,0.003737429
binSortByKey,4,19,0.003763796
binSortByKey,4,20,0.003726614
binSortByKey,4,21,0.00376802
binSortByKey,4,22,0.003743189
binSortByKey,4,23,0.003772789
binSortByKey,4,24,0.00378834
binSortByKey,4,25,0.003818931
binSortByKey,4,26,0.003729173
binSortByKey,4,27,0.00377986
binSortByKey,4,28,0.003796852
binSortByKey,4,29,0.003771636
binSortByKey,4,30,0.003760565
binSortByKey,4,31,0.003773492
binSortByKey,4,32,0.003721045
binSortByKey,4,33,0.003770772
binSortByKey,4,34,0.003757333
binSortByKey,4,35,0.003744245
binSortByKey,4,36,0.003763189
binSortByKey,4,37,0.003750261
binSortByKey,4,38,0.003732597
binSortByKey,4,39,0.003727765
binComputeOffsets,4,0,0.000206618
binComputeOffsets,4,1,0.000209722
binComputeOffsets,4,2,0.000198491
binComputeOffsets,4,3,0.000197338
binComputeOffsets,4,4,0.000203738
binComputeOffsets,4,5,0.000213337
binComputeOffsets,4,6,0.000198266
binComputeOffsets,4,7,0.00019849
binComputeOffsets,4,8,0.000204698
binComputeOffsets,4,9,0.000199579
binComputeOffsets,4,10,0.000208154
binComputeOffsets,4,11,0.000218489
binComputeOffsets,4,12,0.000204442
binComputeOffsets,4,13,0.000212378
binComputeOffsets,4,14,0.000208186
binComputeOffsets,4,15,0.000196538
binComputeOffsets,4,16,0.000204666
binComputeOffsets,4,17,0.000196123
binComputeOffsets,4,18,0.000196218
binComputeOffsets,4,19,0.000202682
binComputeOffsets,4,20,0.000204602
binComputeOffsets,4,21,0.000198043
binComputeOffsets,4,22,0.000196379
binComputeOffsets,4,23,0.000197434
binComputeOffsets,4,24,0.000204698
binComputeOffsets,4,25,0.000214938
binComputeOffsets,4,26,0.000197115
binComputeOffsets,4,27,0.000198426
binComputeOffsets,4,28,0.000228185
binComputeOffsets,4,29,0.000216122
binComputeOffsets,4,30,0.00020185
binComputeOffsets,4,31,0.000196858
binComputeOffsets,4,32,0.000203802
binComputeOffsets,4,33,0.000202074
binComputeOffsets,4,34,0.000201882
binComputeOffsets,4,35,0.000195803
binComputeOffsets,4,36,0.000218105
binComputeOffsets,4,37,0.000196282
binComputeOffsets,4,38,0.000199002
binComputeOffsets,4,39,0.000197914
FFTNUFFT1,4,0,0.081132208
FFTNUFFT1,4,1,0.082769823
FFTNUFFT1,4,2,0.081565922
FFTNUFFT1,4,3,0.080047567
FFTNUFFT1,4,4,0.082268047
FFTNUFFT1,4,5,0.083681126
FFTNUFFT1,4,6,0.082332782
FFTNUFFT1,4,7,0.082437001
FFTNUFFT1,4,8,0.08115515
FFTNUFFT1,4,9,0.082476969
deconvolutionNUFFT1,4,0,0.000663565
deconvolutionNUFFT1,4,1,0.000832041
deconvolutionNUFFT1,4,2,0.000674093
deconvolutionNUFFT1,4,3,0.000833545
deconvolutionNUFFT1,4,4,0.000681933
deconvolutionNUFFT1,4,5,0.000682925
deconvolutionNUFFT1,4,6,0.000838792
deconvolutionNUFFT1,4,7,0.00084724
deconvolutionNUFFT1,4,8,0.000684173
deconvolutionNUFFT1,4,9,0.00084708
GatherPIFNUFFT,4,0,0.383976793
GatherPIFNUFFT,4,1,0.383082418
GatherPIFNUFFT,4,2,0.384912383
GatherPIFNUFFT,4,3,0.384811873
GatherPIFNUFFT,4,4,0.387174781
GatherPIFNUFFT,4,5,0.383862941
GatherPIFNUFFT,4,6,0.383442439
GatherPIFNUFFT,4,7,0.386014878
GatherPIFNUFFT,4,8,0.384888031
GatherPIFNUFFT,4,9,0.388511159
NativeNUFFT2,4,0,0.127131308
NativeNUFFT2,4,1,0.126837235
NativeNUFFT2,4,2,0.125483387
NativeNUFFT2,4,3,0.127912469
NativeNUFFT2,4,4,0.126081514
NativeNUFFT2,4,5,0.126046218
NativeNUFFT2,4,6,0.1265527
NativeNUFFT2,4,7,0.12635709
NativeNUFFT2,4,8,0.126576315
NativeNUFFT2,4,9,0.128888601
NativeNUFFT2,4,10,0.126619322
NativeNUFFT2,4,11,0.12700056
NativeNUFFT2,4,12,0.128178798
NativeNUFFT2,4,13,0.128848506
NativeNUFFT2,4,14,0.12758451
NativeNUFFT2,4,15,0.128208461
NativeNUFFT2,4,16,0.126303396
NativeNUFFT2,4,17,0.127625789
NativeNUFFT2,4,18,0.127604127
NativeNUFFT2,4,19,0.126029674
NativeNUFFT2,4,20,0.126006252
NativeNUFFT2,4,21,0.126106442
NativeNUFFT2,4,22,0.128580034
NativeNUFFT2,4,23,0.126864435
NativeNUFFT2,4,24,0.129788287
NativeNUFFT2,4,25,0.125541274
NativeNUFFT2,4,26,0.125579543
NativeNUFFT2,4,27,0.128455461
NativeNUFFT2,4,28,0.129250447
NativeNUFFT2,4,29,0.127114124
PrecorrectionNUFFT2,4,0,0.001653489
PrecorrectionNUFFT2,4,1,0.002632341
PrecorrectionNUFFT2,4,2,0.002622133
PrecorrectionNUFFT2,4,3,0.001620401
PrecorrectionNUFFT2,4,4,0.002640724
PrecorrectionNUFFT2,4,5,0.002620981
PrecorrectionNUFFT2,4,6,0.001650609
PrecorrectionNUFFT2,4,7,0.002622197
PrecorrectionNUFFT2,4,8,0.002616373
PrecorrectionNUFFT2,4,9,0.001618577
PrecorrectionNUFFT2,4,10,0.002617141
PrecorrectionNUFFT2,4,11,0.002621813
PrecorrectionNUFFT2,4,12,0.001628529
PrecorrectionNUFFT2,4,13,0.002623573
PrecorrectionNUFFT2,4,14,0.002618901
PrecorrectionNUFFT2,4,15,0.001619602
PrecorrectionNUFFT2,4,16,0.002617173
PrecorrectionNUFFT2,4,17,0.002622261
PrecorrectionNUFFT2,4,18,0.001634738
PrecorrectionNUFFT2,4,19,0.002620821
PrecorrectionNUFFT2,4,20,0.002624468
PrecorrectionNUFFT2,4,21,0.001648305
PrecorrectionNUFFT2,4,22,0.002623733
PrecorrectionNUFFT2,4,23,0.002622805
PrecorrectionNUFFT2,4,24,0.001656656
PrecorrectionNUFFT2,4,25,0.002616853
PrecorrectionNUFFT2,4,26,0.002623029
PrecorrectionNUFFT2,4,27,0.001616178
PrecorrectionNUFFT2,4,28,0.002619797
PrecorrectionNUFFT2,4,29,0.002616661
FFTNUFFT2,4,0,0.083232851
FFTNUFFT2,4,1,0.0824706
FFTNUFFT2,4,2,0.081584515
FFTNUFFT2,4,3,0.083239316
FFTNUFFT2,4,4,0.082107827
FFTNUFFT2,4,5,0.081832155
FFTNUFFT2,4,6,0.083620392
FFTNUFFT2,4,7,0.081841596
FFTNUFFT2,4,8,0.081197773
FFTNUFFT2,4,9,0.085224538
FFTNUFFT2,4,10,0.082316173
FFTNUFFT2,4,11,0.082605542
FFTNUFFT2,4,12,0.085117534
FFTNUFFT2,4,13,0.084533837
FFTNUFFT2,4,14,0.083744804
FFTNUFFT2,4,15,0.084793127
FFTNUFFT2,4,16,0.081940729
FFTNUFFT2,4,17,0.083381423
FFTNUFFT2,4,18,0.083978493
FFTNUFFT2,4,19,0.081483781
FFTNUFFT2,4,20,0.079974513
FFTNUFFT2,4,21,0.08127454
FFTNUFFT2,4,22,0.084022652
FFTNUFFT2,4,23,0.081295626
FFTNUFFT2,4,24,0.08578705
FFTNUFFT2,4,25,0.081251244
FFTNUFFT2,4,26,0.081451621
FFTNUFFT2,4,27,0.085298808
FFTNUFFT2,4,28,0.084938531
FFTNUFFT2,4,29,0.08281536
GatherNUFFT2,4,0,0.009209752
GatherNUFFT2,4,1,0.008629833
GatherNUFFT2,4,2,0.008156631
GatherNUFFT2,4,3,0.010075776
GatherNUFFT2,4,4,0.008365073
GatherNUFFT2,4,5,0.008635497
GatherNUFFT2,4,6,0.008332306
GatherNUFFT2,4,7,0.008773413
GatherNUFFT2,4,8,0.00950376
GatherNUFFT2,4,9,0.008899521
GatherNUFFT2,4,10,0.008453966
GatherNUFFT2,4,11,0.008531372
GatherNUFFT2,4,12,0.008272788
GatherNUFFT2,4,13,0.008791812
GatherNUFFT2,4,14,0.008182614
GatherNUFFT2,4,15,0.008750245
GatherNUFFT2,4,16,0.008676871
GatherNUFFT2,4,17,0.008373041
GatherNUFFT2,4,18,0.008859427
GatherNUFFT2,4,19,0.008827172
GatherNUFFT2,4,20,0.010225403
GatherNUFFT2,4,21,0.010361111
GatherNUFFT2,4,22,0.008798084
GatherNUFFT2,4,23,0.009700459
GatherNUFFT2,4,24,0.009170778
GatherNUFFT2,4,25,0.008577067
GatherNUFFT2,4,26,0.008520172
GatherNUFFT2,4,27,0.008495757
GatherNUFFT2,4,28,0.008649097
GatherNUFFT2,4,29,0.008754758
mainTimer,5,0,7.178254578
dumpData,5,0,0.010212828
dumpData,5,1,0.008122232
dumpData,5,2,0.007684036
dumpData,5,3,0.009159898
dumpData,5,4,0.007534441
dumpData,5,5,0.009275542
dumpData,5,6,0.008621673
dumpData,5,7,0.008631082
dumpData,5,8,0.008119383
dumpData,5,9,0.008704071
kick,5,0,3.3055e-05
kick,5,1,1.2064e-05
kick,5,2,3.7663e-05
kick,5,3,1.152e-05
kick,5,4,3.3919e-05
kick,5,5,1.184e-05
kick,5,6,3.4943e-05
kick,5,7,1.6544e-05
kick,5,8,3.5967e-05
kick,5,9,9.664e-06
kick,5,10,3.9775e-05
kick,5,11,1.3408e-05
kick,5,12,3.8559e-05
kick,5,13,1.2352e-05
kick,5,14,4.0063e-05
kick,5,15,1.2095e-05
kick,5,16,3.5935e-05
kick,5,17,1.2192e-05
kick,5,18,3.5807e-05
kick,5,19,1.5007e-05
drift,5,0,7.968e-06
drift,5,1,8.928e-06
drift,5,2,1.0304e-05
drift,5,3,8.736e-06
drift,5,4,8.415e-06
drift,5,5,6.111e-06
drift,5,6,5.984e-06
drift,5,7,7.935e-06
drift,5,8,9.44e-06
drift,5,9,8.064e-06
particleBC,5,0,8.704e-06
particleBC,5,1,8.416e-06
particleBC,5,2,9.952e-06
particleBC,5,3,1.0943e-05
particleBC,5,4,9.376e-06
particleBC,5,5,7.936e-06
particleBC,5,6,8.64e-06
particleBC,5,7,9.184e-06
particleBC,5,8,8.544e-06
particleBC,5,9,9.536e-06
updateParticle,5,0,0.12081712
updateParticle,5,1,0.008675944
updateParticle,5,2,0.008700487
updateParticle,5,3,0.008426191
updateParticle,5,4,0.008691239
updateParticle,5,5,0.00840024
updateParticle,5,6,0.008504652
updateParticle,5,7,0.116470333
updateParticle,5,8,0.116501884
updateParticle,5,9,0.008581579
locateParticles,5,0,0.003680022
locateParticles,5,1,0.003672503
locateParticles,5,2,0.003677175
locateParticles,5,3,0.003672183
locateParticles,5,4,0.003663671
locateParticles,5,5,0.003678263
locateParticles,5,6,0.003691446
locateParticles,5,7,0.003672599
locateParticles,5,8,0.003690166
locateParticles,5,9,0.003696534
sendPreprocess,5,0,0.000426996
sendPreprocess,5,1,0.000435571
sendPreprocess,5,2,0.000402804
sendPreprocess,5,3,0.000419348
sendPreprocess,5,4,0.000452051
sendPreprocess,5,5,0.000400148
sendPreprocess,5,6,0.000421428
sendPreprocess,5,7,0.000407956
sendPreprocess,5,8,0.000403349
sendPreprocess,5,9,0.000420532
particleSend,5,0,0.000812841
particleSend,5,1,0.000793705
particleSend,5,2,0.000812745
particleSend,5,3,0.00078753
particleSend,5,4,0.000802505
particleSend,5,5,0.000795018
particleSend,5,6,0.000794153
particleSend,5,7,0.000790058
particleSend,5,8,0.000790153
particleSend,5,9,0.000806473
particleRecv,5,0,2.7583e-05
particleRecv,5,1,2.7648e-05
particleRecv,5,2,3.0175e-05
particleRecv,5,3,2.7743e-05
particleRecv,5,4,2.8351e-05
particleRecv,5,5,2.5631e-05
particleRecv,5,6,2.9439e-05
particleRecv,5,7,2.9055e-05
particleRecv,5,8,2.9631e-05
particleRecv,5,9,2.5919e-05
particleDestroy,5,0,0.002733682
particleDestroy,5,1,0.002733713
particleDestroy,5,2,0.002732658
particleDestroy,5,3,0.002706002
particleDestroy,5,4,0.002737586
particleDestroy,5,5,0.002715538
particleDestroy,5,6,0.002711763
particleDestroy,5,7,0.002752305
particleDestroy,5,8,0.002714098
particleDestroy,5,9,0.002714995
ScatterPIFNUFFT,5,0,0.295676055
ScatterPIFNUFFT,5,1,3.8111e-05
ScatterPIFNUFFT,5,2,0.308178193
ScatterPIFNUFFT,5,3,1.2896e-05
ScatterPIFNUFFT,5,4,0.320434546
ScatterPIFNUFFT,5,5,2.7936e-05
ScatterPIFNUFFT,5,6,0.334742937
ScatterPIFNUFFT,5,7,3.6511e-05
ScatterPIFNUFFT,5,8,0.487160498
ScatterPIFNUFFT,5,9,2.4511e-05
ScatterPIFNUFFT,5,10,0.325609567
ScatterPIFNUFFT,5,11,2.1568e-05
ScatterPIFNUFFT,5,12,0.181669364
ScatterPIFNUFFT,5,13,4.0447e-05
ScatterPIFNUFFT,5,14,0.18136246
ScatterPIFNUFFT,5,15,4.2431e-05
ScatterPIFNUFFT,5,16,0.180861515
ScatterPIFNUFFT,5,17,2.8191e-05
ScatterPIFNUFFT,5,18,0.182279394
ScatterPIFNUFFT,5,19,3.8495e-05
NativeNUFFT1,5,0,0.291221334
NativeNUFFT1,5,1,0.303722513
NativeNUFFT1,5,2,0.315933331
NativeNUFFT1,5,3,0.330358071
NativeNUFFT1,5,4,0.48272152
NativeNUFFT1,5,5,0.321150846
NativeNUFFT1,5,6,0.17709839
NativeNUFFT1,5,7,0.176729985
NativeNUFFT1,5,8,0.176449385
NativeNUFFT1,5,9,0.177621447
scatterTimerNUFFT1,5,0,0.208527699
scatterTimerNUFFT1,5,1,0.22074655
scatterTimerNUFFT1,5,2,0.231504675
scatterTimerNUFFT1,5,3,0.248035145
scatterTimerNUFFT1,5,4,0.399765589
scatterTimerNUFFT1,5,5,0.238172644
scatterTimerNUFFT1,5,6,0.093165559
scatterTimerNUFFT1,5,7,0.09313388
scatterTimerNUFFT1,5,8,0.092923903
scatterTimerNUFFT1,5,9,0.092928541
binSort,5,0,0.004202536
binSort,5,1,0.00411217
binSort,5,2,0.004144809
binSort,5,3,0.004194536
binSort,5,4,0.004186824
binSort,5,5,0.004140041
binSort,5,6,0.004152522
binSort,5,7,0.004143241
binSort,5,8,0.004162185
binSort,5,9,0.004182185
binSort,5,10,0.004126058
binSort,5,11,0.004109707
binSort,5,12,0.004188808
binSort,5,13,0.004162505
binSort,5,14,0.004142153
binSort,5,15,0.004215399
binSort,5,16,0.004161193
binSort,5,17,0.004149193
binSort,5,18,0.004151241
binSort,5,19,0.004136202
binSort,5,20,0.004196456
binSort,5,21,0.004169033
binSort,5,22,0.004141609
binSort,5,23,0.004157066
binSort,5,24,0.004163817
binSort,5,25,0.004130922
binSort,5,26,0.004121706
binSort,5,27,0.004142602
binSort,5,28,0.004151945
binSort,5,29,0.004120907
binSort,5,30,0.004139401
binSort,5,31,0.004189224
binSort,5,32,0.004193896
binSort,5,33,0.004160201
binSort,5,34,0.004215047
binSort,5,35,0.004180873
binSort,5,36,0.004143178
binSort,5,37,0.004145354
binSort,5,38,0.004141193
binSort,5,39,0.00421028
binComputeKeys,5,0,0.000399317
binComputeKeys,5,1,0.000406868
binComputeKeys,5,2,0.000394325
binComputeKeys,5,3,0.000391444
binComputeKeys,5,4,0.000397748
binComputeKeys,5,5,0.000404692
binComputeKeys,5,6,0.000385109
binComputeKeys,5,7,0.000388372
binComputeKeys,5,8,0.000385653
binComputeKeys,5,9,0.000382869
binComputeKeys,5,10,0.000406453
binComputeKeys,5,11,0.000403413
binComputeKeys,5,12,0.000392277
binComputeKeys,5,13,0.000387893
binComputeKeys,5,14,0.000402324
binComputeKeys,5,15,0.000412372
binComputeKeys,5,16,0.000384789
binComputeKeys,5,17,0.000394773
binComputeKeys,5,18,0.00040434
binComputeKeys,5,19,0.000388117
binComputeKeys,5,20,0.000405428
binComputeKeys,5,21,0.000385717
binComputeKeys,5,22,0.000402612
binComputeKeys,5,23,0.000384981
binComputeKeys,5,24,0.000389013
binComputeKeys,5,25,0.000399445
binComputeKeys,5,26,0.000391317
binComputeKeys,5,27,0.000400597
binComputeKeys,5,28,0.000396117
binComputeKeys,5,29,0.000398261
binComputeKeys,5,30,0.000385429
binComputeKeys,5,31,0.00039058
binComputeKeys,5,32,0.000407924
binComputeKeys,5,33,0.000387317
binComputeKeys,5,34,0.000403189
binComputeKeys,5,35,0.000388693
binComputeKeys,5,36,0.000399541
binComputeKeys,5,37,0.000393685
binComputeKeys,5,38,0.00039458
binComputeKeys,5,39,0.000397685
binSortByKey,5,0,0.003589817
binSortByKey,5,1,0.003513052
binSortByKey,5,2,0.003544858
binSortByKey,5,3,0.003594266
binSortByKey,5,4,0.003577402
binSortByKey,5,5,0.003545307
binSortByKey,5,6,0.003554875
binSortByKey,5,7,0.003553851
binSortByKey,5,8,0.003560826
binSortByKey,5,9,0.003586106
binSortByKey,5,10,0.003518748
binSortByKey,5,11,0.003515099
binSortByKey,5,12,0.003580377
binSortByKey,5,13,0.003558202
binSortByKey,5,14,0.003548379
binSortByKey,5,15,0.003595193
binSortByKey,5,16,0.003561018
binSortByKey,5,17,0.00354633
binSortByKey,5,18,0.003539771
binSortByKey,5,19,0.003540443
binSortByKey,5,20,0.003578138
binSortByKey,5,21,0.00356761
binSortByKey,5,22,0.003535643
binSortByKey,5,23,0.003556859
binSortByKey,5,24,0.003563258
binSortByKey,5,25,0.003536794
binSortByKey,5,26,0.003523931
binSortByKey,5,27,0.003535579
binSortByKey,5,28,0.003552315
binSortByKey,5,29,0.003527323
binSortByKey,5,30,0.003538298
binSortByKey,5,31,0.003582842
binSortByKey,5,32,0.003570682
binSortByKey,5,33,0.003554011
binSortByKey,5,34,0.003601433
binSortByKey,5,35,0.003580858
binSortByKey,5,36,0.00354505
binSortByKey,5,37,0.003541563
binSortByKey,5,38,0.003541851
binSortByKey,5,39,0.003607928
binComputeOffsets,5,0,0.000208698
binComputeOffsets,5,1,0.000189786
binComputeOffsets,5,2,0.000202778
binComputeOffsets,5,3,0.00020569
binComputeOffsets,5,4,0.000210394
binComputeOffsets,5,5,0.000188474
binComputeOffsets,5,6,0.000209946
binComputeOffsets,5,7,0.000198458
binComputeOffsets,5,8,0.000211258
binComputeOffsets,5,9,0.000211578
binComputeOffsets,5,10,0.000198522
binComputeOffsets,5,11,0.000189659
binComputeOffsets,5,12,0.000213882
binComputeOffsets,5,13,0.000213722
binComputeOffsets,5,14,0.000190266
binComputeOffsets,5,15,0.000205114
binComputeOffsets,5,16,0.00021161
binComputeOffsets,5,17,0.000204794
binComputeOffsets,5,18,0.000204858
binComputeOffsets,5,19,0.000204346
binComputeOffsets,5,20,0.000210746
binComputeOffsets,5,21,0.000213466
binComputeOffsets,5,22,0.000201626
binComputeOffsets,5,23,0.000213786
binComputeOffsets,5,24,0.000209274
binComputeOffsets,5,25,0.000192827
binComputeOffsets,5,26,0.00020409
binComputeOffsets,5,27,0.000203834
binComputeOffsets,5,28,0.000201178
binComputeOffsets,5,29,0.000194555
binComputeOffsets,5,30,0.000213146
binComputeOffsets,5,31,0.000213498
binComputeOffsets,5,32,0.000210074
binComputeOffsets,5,33,0.000217818
binComputeOffsets,5,34,0.00020665
binComputeOffsets,5,35,0.000209018
binComputeOffsets,5,36,0.000197339
binComputeOffsets,5,37,0.000206586
binComputeOffsets,5,38,0.000201914
binComputeOffsets,5,39,0.000200667
FFTNUFFT1,5,0,0.081862171
FFTNUFFT1,5,1,0.08230507
FFTNUFFT1,5,2,0.083765123
FFTNUFFT1,5,3,0.081509381
FFTNUFFT1,5,4,0.082138002
FFTNUFFT1,5,5,0.082157106
FFTNUFFT1,5,6,0.083114807
FFTNUFFT1,5,7,0.082769729
FFTNUFFT1,5,8,0.082680994
FFTNUFFT1,5,9,0.084038493
deconvolutionNUFFT1,5,0,0.000829864
deconvolutionNUFFT1,5,1,0.000668397
deconvolutionNUFFT1,5,2,0.000659821
deconvolutionNUFFT1,5,3,0.000812009
deconvolutionNUFFT1,5,4,0.000815209
deconvolutionNUFFT1,5,5,0.000819016
deconvolutionNUFFT1,5,6,0.000815304
deconvolutionNUFFT1,5,7,0.00082436
deconvolutionNUFFT1,5,8,0.000840456
deconvolutionNUFFT1,5,9,0.000651309
GatherPIFNUFFT,5,0,0.380471069
GatherPIFNUFFT,5,1,0.383078482
GatherPIFNUFFT,5,2,0.380317666
GatherPIFNUFFT,5,3,0.379180961
GatherPIFNUFFT,5,4,0.387796875
GatherPIFNUFFT,5,5,0.385661097
GatherPIFNUFFT,5,6,0.382514274
GatherPIFNUFFT,5,7,0.384788289
GatherPIFNUFFT,5,8,0.380170053
GatherPIFNUFFT,5,9,0.384723491
NativeNUFFT2,5,0,0.124264542
NativeNUFFT2,5,1,0.127112459
NativeNUFFT2,5,2,0.12552777
NativeNUFFT2,5,3,0.127689404
NativeNUFFT2,5,4,0.124908907
NativeNUFFT2,5,5,0.126879986
NativeNUFFT2,5,6,0.124379418
NativeNUFFT2,5,7,0.126294371
NativeNUFFT2,5,8,0.127160139
NativeNUFFT2,5,9,0.123276377
NativeNUFFT2,5,10,0.126693527
NativeNUFFT2,5,11,0.126164199
NativeNUFFT2,5,12,0.128972983
NativeNUFFT2,5,13,0.128280107
NativeNUFFT2,5,14,0.128315209
NativeNUFFT2,5,15,0.130755332
NativeNUFFT2,5,16,0.126092233
NativeNUFFT2,5,17,0.126632154
NativeNUFFT2,5,18,0.124667827
NativeNUFFT2,5,19,0.125499577
NativeNUFFT2,5,20,0.126505149
NativeNUFFT2,5,21,0.125297633
NativeNUFFT2,5,22,0.126606235
NativeNUFFT2,5,23,0.127885045
NativeNUFFT2,5,24,0.125207203
NativeNUFFT2,5,25,0.126182855
NativeNUFFT2,5,26,0.125747922
NativeNUFFT2,5,27,0.124030468
NativeNUFFT2,5,28,0.129339948
NativeNUFFT2,5,29,0.127820249
PrecorrectionNUFFT2,5,0,0.001616882
PrecorrectionNUFFT2,5,1,0.002563703
PrecorrectionNUFFT2,5,2,0.002554359
PrecorrectionNUFFT2,5,3,0.001612562
PrecorrectionNUFFT2,5,4,0.002537047
PrecorrectionNUFFT2,5,5,0.002552439
PrecorrectionNUFFT2,5,6,0.001602386
PrecorrectionNUFFT2,5,7,0.002572214
PrecorrectionNUFFT2,5,8,0.002563254
PrecorrectionNUFFT2,5,9,0.00159477
PrecorrectionNUFFT2,5,10,0.002560599
PrecorrectionNUFFT2,5,11,0.00255807
PrecorrectionNUFFT2,5,12,0.00159541
PrecorrectionNUFFT2,5,13,0.00257231
PrecorrectionNUFFT2,5,14,0.002557335
PrecorrectionNUFFT2,5,15,0.00159509
PrecorrectionNUFFT2,5,16,0.002556886
PrecorrectionNUFFT2,5,17,0.002542615
PrecorrectionNUFFT2,5,18,0.001612466
PrecorrectionNUFFT2,5,19,0.002553335
PrecorrectionNUFFT2,5,20,0.00256399
PrecorrectionNUFFT2,5,21,0.001643601
PrecorrectionNUFFT2,5,22,0.002556919
PrecorrectionNUFFT2,5,23,0.002556599
PrecorrectionNUFFT2,5,24,0.001581139
PrecorrectionNUFFT2,5,25,0.002570359
PrecorrectionNUFFT2,5,26,0.002545527
PrecorrectionNUFFT2,5,27,0.001601139
PrecorrectionNUFFT2,5,28,0.002555831
PrecorrectionNUFFT2,5,29,0.002547928
FFTNUFFT2,5,0,0.083357071
FFTNUFFT2,5,1,0.084909346
FFTNUFFT2,5,2,0.083690182
FFTNUFFT2,5,3,0.086306812
FFTNUFFT2,5,4,0.082759328
FFTNUFFT2,5,5,0.084456848
FFTNUFFT2,5,6,0.081204174
FFTNUFFT2,5,7,0.084216311
FFTNUFFT2,5,8,0.085032895
FFTNUFFT2,5,9,0.0803985
FFTNUFFT2,5,10,0.084834245
FFTNUFFT2,5,11,0.084170553
FFTNUFFT2,5,12,0.087775282
FFTNUFFT2,5,13,0.085357526
FFTNUFFT2,5,14,0.086204478
FFTNUFFT2,5,15,0.08828346
FFTNUFFT2,5,16,0.083738822
FFTNUFFT2,5,17,0.084199031
FFTNUFFT2,5,18,0.083505163
FFTNUFFT2,5,19,0.083526218
FFTNUFFT2,5,20,0.082623429
FFTNUFFT2,5,21,0.082345357
FFTNUFFT2,5,22,0.081935607
FFTNUFFT2,5,23,0.08346398
FFTNUFFT2,5,24,0.081519589
FFTNUFFT2,5,25,0.084025628
FFTNUFFT2,5,26,0.082673763
FFTNUFFT2,5,27,0.082875677
FFTNUFFT2,5,28,0.085685646
FFTNUFFT2,5,29,0.085344984
GatherNUFFT2,5,0,0.008258772
GatherNUFFT2,5,1,0.008333298
GatherNUFFT2,5,2,0.008026266
GatherNUFFT2,5,3,0.008568651
GatherNUFFT2,5,4,0.008313362
GatherNUFFT2,5,5,0.008641993
GatherNUFFT2,5,6,0.010361463
GatherNUFFT2,5,7,0.008209845
GatherNUFFT2,5,8,0.008348529
GatherNUFFT2,5,9,0.010067776
GatherNUFFT2,5,10,0.008224341
GatherNUFFT2,5,11,0.008210774
GatherNUFFT2,5,12,0.008393104
GatherNUFFT2,5,13,0.009278839
GatherNUFFT2,5,14,0.008502156
GatherNUFFT2,5,15,0.009688107
GatherNUFFT2,5,16,0.008642217
GatherNUFFT2,5,17,0.008661001
GatherNUFFT2,5,18,0.008364817
GatherNUFFT2,5,19,0.008381456
GatherNUFFT2,5,20,0.010108158
GatherNUFFT2,5,21,0.010100127
GatherNUFFT2,5,22,0.010873897
GatherNUFFT2,5,23,0.010548306
GatherNUFFT2,5,24,0.010999589
GatherNUFFT2,5,25,0.008409232
GatherNUFFT2,5,26,0.009352852
GatherNUFFT2,5,27,0.00831861
GatherNUFFT2,5,28,0.010008546
GatherNUFFT2,5,29,0.008883362
mainTimer,6,0,7.178254482
dumpData,6,0,0.009668076
dumpData,6,1,0.007581415
dumpData,6,2,0.008229524
dumpData,6,3,0.008377937
dumpData,6,4,0.008015387
dumpData,6,5,0.00817711
dumpData,6,6,0.008100536
dumpData,6,7,0.008136951
dumpData,6,8,0.008622857
dumpData,6,9,0.008178614
kick,6,0,3.2831e-05
kick,6,1,1.5103e-05
kick,6,2,3.5135e-05
kick,6,3,1.2224e-05
kick,6,4,3.3951e-05
kick,6,5,1.2256e-05
kick,6,6,3.2735e-05
kick,6,7,1.072e-05
kick,6,8,3.2671e-05
kick,6,9,1.0464e-05
kick,6,10,3.8239e-05
kick,6,11,1.1359e-05
kick,6,12,3.6351e-05
kick,6,13,1.3056e-05
kick,6,14,3.8303e-05
kick,6,15,1.4207e-05
kick,6,16,3.3855e-05
kick,6,17,1.0016e-05
kick,6,18,3.4047e-05
kick,6,19,1.3247e-05
drift,6,0,9.344e-06
drift,6,1,9.28e-06
drift,6,2,9.248e-06
drift,6,3,9.504e-06
drift,6,4,8.927e-06
drift,6,5,7.807e-06
drift,6,6,8.736e-06
drift,6,7,7.807e-06
drift,6,8,7.584e-06
drift,6,9,7.008e-06
particleBC,6,0,7.84e-06
particleBC,6,1,7.232e-06
particleBC,6,2,1.0176e-05
particleBC,6,3,9.215e-06
particleBC,6,4,7.616e-06
particleBC,6,5,8.224e-06
particleBC,6,6,8.384e-06
particleBC,6,7,9.888e-06
particleBC,6,8,8.544e-06
particleBC,6,9,8.416e-06
updateParticle,6,0,0.120929245
updateParticle,6,1,0.008725126
updateParticle,6,2,0.008639369
updateParticle,6,3,0.008448399
updateParticle,6,4,0.008649641
updateParticle,6,5,0.008420143
updateParticle,6,6,0.008489549
updateParticle,6,7,0.116472445
updateParticle,6,8,0.116467165
updateParticle,6,9,0.008661289
locateParticles,6,0,0.003705014
locateParticles,6,1,0.003711574
locateParticles,6,2,0.00370047
locateParticles,6,3,0.003690455
locateParticles,6,4,0.003694838
locateParticles,6,5,0.003689174
locateParticles,6,6,0.003707893
locateParticles,6,7,0.003695638
locateParticles,6,8,0.003698646
locateParticles,6,9,0.003698742
sendPreprocess,6,0,0.000402388
sendPreprocess,6,1,0.000399796
sendPreprocess,6,2,0.000381493
sendPreprocess,6,3,0.000403764
sendPreprocess,6,4,0.0004237
sendPreprocess,6,5,0.000389173
sendPreprocess,6,6,0.000405461
sendPreprocess,6,7,0.000384885
sendPreprocess,6,8,0.00039714
sendPreprocess,6,9,0.000422388
particleSend,6,0,0.000851848
particleSend,6,1,0.000860583
particleSend,6,2,0.000770538
particleSend,6,3,0.000822377
particleSend,6,4,0.000840008
particleSend,6,5,0.000793162
particleSend,6,6,0.000791689
particleSend,6,7,0.000871495
particleSend,6,8,0.000825161
particleSend,6,9,0.000848552
particleRecv,6,0,2.5407e-05
particleRecv,6,1,2.304e-05
particleRecv,6,2,2.7231e-05
particleRecv,6,3,2.5439e-05
particleRecv,6,4,2.5759e-05
particleRecv,6,5,2.5215e-05
particleRecv,6,6,2.7103e-05
particleRecv,6,7,2.8031e-05
particleRecv,6,8,2.6303e-05
particleRecv,6,9,2.6367e-05
particleDestroy,6,0,0.002714962
particleDestroy,6,1,0.002690387
particleDestroy,6,2,0.00271765
particleDestroy,6,3,0.002716018
particleDestroy,6,4,0.002717459
particleDestroy,6,5,0.002710642
particleDestroy,6,6,0.002737682
particleDestroy,6,7,0.00272549
particleDestroy,6,8,0.002709811
particleDestroy,6,9,0.002702035
ScatterPIFNUFFT,6,0,0.296786615
ScatterPIFNUFFT,6,1,2.6399e-05
ScatterPIFNUFFT,6,2,0.310952738
ScatterPIFNUFFT,6,3,3.1455e-05
ScatterPIFNUFFT,6,4,0.319327378
ScatterPIFNUFFT,6,5,3.7919e-05
ScatterPIFNUFFT,6,6,0.334340293
ScatterPIFNUFFT,6,7,2.9375e-05
ScatterPIFNUFFT,6,8,0.488213492
ScatterPIFNUFFT,6,9,2.0127e-05
ScatterPIFNUFFT,6,10,0.327259599
ScatterPIFNUFFT,6,11,3.4431e-05
ScatterPIFNUFFT,6,12,0.181702962
ScatterPIFNUFFT,6,13,3.3151e-05
ScatterPIFNUFFT,6,14,0.18157951
ScatterPIFNUFFT,6,15,1.9967e-05
ScatterPIFNUFFT,6,16,0.1799881
ScatterPIFNUFFT,6,17,2.816e-05
ScatterPIFNUFFT,6,18,0.182379871
ScatterPIFNUFFT,6,19,2.8735e-05
NativeNUFFT1,6,0,0.29237519
NativeNUFFT1,6,1,0.306482401
NativeNUFFT1,6,2,0.314845618
NativeNUFFT1,6,3,0.329958466
NativeNUFFT1,6,4,0.483774194
NativeNUFFT1,6,5,0.322771056
NativeNUFFT1,6,6,0.177140181
NativeNUFFT1,6,7,0.176989401
NativeNUFFT1,6,8,0.175679327
NativeNUFFT1,6,9,0.178928418
scatterTimerNUFFT1,6,0,0.20831369
scatterTimerNUFFT1,6,1,0.22187999
scatterTimerNUFFT1,6,2,0.232324459
scatterTimerNUFFT1,6,3,0.247115267
scatterTimerNUFFT1,6,4,0.400554719
scatterTimerNUFFT1,6,5,0.239311076
scatterTimerNUFFT1,6,6,0.093849634
scatterTimerNUFFT1,6,7,0.093458319
scatterTimerNUFFT1,6,8,0.093758982
scatterTimerNUFFT1,6,9,0.094814119
binSort,6,0,0.004168969
binSort,6,1,0.004192456
binSort,6,2,0.0042058
binSort,6,3,0.004173896
binSort,6,4,0.004164329
binSort,6,5,0.004187304
binSort,6,6,0.004160105
binSort,6,7,0.004176424
binSort,6,8,0.004210024
binSort,6,9,0.004164072
binSort,6,10,0.004171593
binSort,6,11,0.004187529
binSort,6,12,0.004180072
binSort,6,13,0.004130569
binSort,6,14,0.004175625
binSort,6,15,0.004144905
binSort,6,16,0.004198056
binSort,6,17,0.004147817
binSort,6,18,0.004186664
binSort,6,19,0.004171849
binSort,6,20,0.004175497
binSort,6,21,0.00416452
binSort,6,22,0.00421716
binSort,6,23,0.004143466
binSort,6,24,0.004166985
binSort,6,25,0.004123946
binSort,6,26,0.004200104
binSort,6,27,0.004184745
binSort,6,28,0.004168393
binSort,6,29,0.004134826
binSort,6,30,0.004134858
binSort,6,31,0.004154793
binSort,6,32,0.004228231
binSort,6,33,0.004149641
binSort,6,34,0.004147625
binSort,6,35,0.00415313
binSort,6,36,0.004217512
binSort,6,37,0.004192264
binSort,6,38,0.004165417
binSort,6,39,0.004157801
binComputeKeys,6,0,0.000392533
binComputeKeys,6,1,0.00040642
binComputeKeys,6,2,0.000395381
binComputeKeys,6,3,0.000411188
binComputeKeys,6,4,0.000382421
binComputeKeys,6,5,0.000387637
binComputeKeys,6,6,0.000409652
binComputeKeys,6,7,0.000388597
binComputeKeys,6,8,0.000399733
binComputeKeys,6,9,0.000411284
binComputeKeys,6,10,0.000402997
binComputeKeys,6,11,0.000403573
binComputeKeys,6,12,0.000387989
binComputeKeys,6,13,0.00040178
binComputeKeys,6,14,0.000388405
binComputeKeys,6,15,0.000407668
binComputeKeys,6,16,0.000402996
binComputeKeys,6,17,0.000394773
binComputeKeys,6,18,0.000383061
binComputeKeys,6,19,0.000393973
binComputeKeys,6,20,0.000394677
binComputeKeys,6,21,0.000407764
binComputeKeys,6,22,0.000403061
binComputeKeys,6,23,0.00040002
binComputeKeys,6,24,0.000392437
binComputeKeys,6,25,0.000392949
binComputeKeys,6,26,0.000400117
binComputeKeys,6,27,0.000403093
binComputeKeys,6,28,0.000398133
binComputeKeys,6,29,0.000382966
binComputeKeys,6,30,0.00040178
binComputeKeys,6,31,0.00040258
binComputeKeys,6,32,0.000396276
binComputeKeys,6,33,0.000393492
binComputeKeys,6,34,0.00039938
binComputeKeys,6,35,0.000394613
binComputeKeys,6,36,0.000390933
binComputeKeys,6,37,0.000389653
binComputeKeys,6,38,0.000391221
binComputeKeys,6,39,0.000400597
binSortByKey,6,0,0.003563642
binSortByKey,6,1,0.003576922
binSortByKey,6,2,0.003601177
binSortByKey,6,3,0.003559002
binSortByKey,6,4,0.003565914
binSortByKey,6,5,0.003586073
binSortByKey,6,6,0.003545563
binSortByKey,6,7,0.003578809
binSortByKey,6,8,0.003593849
binSortByKey,6,9,0.003549018
binSortByKey,6,10,0.003564634
binSortByKey,6,11,0.003580729
binSortByKey,6,12,0.003573977
binSortByKey,6,13,0.003537595
binSortByKey,6,14,0.00357545
binSortByKey,6,15,0.003529979
binSortByKey,6,16,0.003576954
binSortByKey,6,17,0.003547034
binSortByKey,6,18,0.003592185
binSortByKey,6,19,0.00356377
binSortByKey,6,20,0.003568026
binSortByKey,6,21,0.003550842
binSortByKey,6,22,0.003603993
binSortByKey,6,23,0.003540091
binSortByKey,6,24,0.003563162
binSortByKey,6,25,0.003535578
binSortByKey,6,26,0.003590073
binSortByKey,6,27,0.00357609
binSortByKey,6,28,0.00356473
binSortByKey,6,29,0.003553594
binSortByKey,6,30,0.003536859
binSortByKey,6,31,0.003549083
binSortByKey,6,32,0.003610265
binSortByKey,6,33,0.003549243
binSortByKey,6,34,0.003539931
binSortByKey,6,35,0.003547803
binSortByKey,6,36,0.003601945
binSortByKey,6,37,0.003589786
binSortByKey,6,38,0.003566938
binSortByKey,6,39,0.003549594
binComputeOffsets,6,0,0.000208474
binComputeOffsets,6,1,0.000204122
binComputeOffsets,6,2,0.000204443
binComputeOffsets,6,3,0.000200154
binComputeOffsets,6,4,0.000214138
binComputeOffsets,6,5,0.000210298
binComputeOffsets,6,6,0.000201882
binComputeOffsets,6,7,0.00020633
binComputeOffsets,6,8,0.000211482
binComputeOffsets,6,9,0.000198362
binComputeOffsets,6,10,0.000200602
binComputeOffsets,6,11,0.000200027
binComputeOffsets,6,12,0.000212794
binComputeOffsets,6,13,0.00018921
binComputeOffsets,6,14,0.00020969
binComputeOffsets,6,15,0.00020473
binComputeOffsets,6,16,0.00021225
binComputeOffsets,6,17,0.000202714
binComputeOffsets,6,18,0.000208986
binComputeOffsets,6,19,0.000210746
binComputeOffsets,6,20,0.000210074
binComputeOffsets,6,21,0.000202714
binComputeOffsets,6,22,0.000206139
binComputeOffsets,6,23,0.000200763
binComputeOffsets,6,24,0.000206938
binComputeOffsets,6,25,0.000192635
binComputeOffsets,6,26,0.000206042
binComputeOffsets,6,27,0.000202554
binComputeOffsets,6,28,0.00020249
binComputeOffsets,6,29,0.000196378
binComputeOffsets,6,30,0.000193915
binComputeOffsets,6,31,0.000199803
binComputeOffsets,6,32,0.000216282
binComputeOffsets,6,33,0.000204378
binComputeOffsets,6,34,0.000204442
binComputeOffsets,6,35,0.000204955
binComputeOffsets,6,36,0.000220826
binComputeOffsets,6,37,0.00021097
binComputeOffsets,6,38,0.000205978
binComputeOffsets,6,39,0.000203834
FFTNUFFT1,6,0,0.083394224
FFTNUFFT1,6,1,0.083929951
FFTNUFFT1,6,2,0.081700895
FFTNUFFT1,6,3,0.081927321
FFTNUFFT1,6,4,0.082564902
FFTNUFFT1,6,5,0.082618852
FFTNUFFT1,6,6,0.082458634
FFTNUFFT1,6,7,0.08270605
FFTNUFFT1,6,8,0.081065585
FFTNUFFT1,6,9,0.083279411
deconvolutionNUFFT1,6,0,0.000664301
deconvolutionNUFFT1,6,1,0.000669612
deconvolutionNUFFT1,6,2,0.000818184
deconvolutionNUFFT1,6,3,0.000914566
deconvolutionNUFFT1,6,4,0.000651661
deconvolutionNUFFT1,6,5,0.000838504
deconvolutionNUFFT1,6,6,0.000830281
deconvolutionNUFFT1,6,7,0.000823176
deconvolutionNUFFT1,6,8,0.000851688
deconvolutionNUFFT1,6,9,0.000832072
GatherPIFNUFFT,6,0,0.377882855
GatherPIFNUFFT,6,1,0.381297605
GatherPIFNUFFT,6,2,0.383570694
GatherPIFNUFFT,6,3,0.379501976
GatherPIFNUFFT,6,4,0.386031837
GatherPIFNUFFT,6,5,0.38459044
GatherPIFNUFFT,6,6,0.382477219
GatherPIFNUFFT,6,7,0.381876117
GatherPIFNUFFT,6,8,0.382678525
GatherPIFNUFFT,6,9,0.384489002
NativeNUFFT2,6,0,0.123931976
NativeNUFFT2,6,1,0.126755125
NativeNUFFT2,6,2,0.125545721
NativeNUFFT2,6,3,0.126542428
NativeNUFFT2,6,4,0.126392385
NativeNUFFT2,6,5,0.12583752
NativeNUFFT2,6,6,0.125210723
NativeNUFFT2,6,7,0.126198982
NativeNUFFT2,6,8,0.126300867
NativeNUFFT2,6,9,0.123381046
NativeNUFFT2,6,10,0.126635257
NativeNUFFT2,6,11,0.126969744
NativeNUFFT2,6,12,0.126647577
NativeNUFFT2,6,13,0.129067669
NativeNUFFT2,6,14,0.127249223
NativeNUFFT2,6,15,0.12771382
NativeNUFFT2,6,16,0.126606139
NativeNUFFT2,6,17,0.127257064
NativeNUFFT2,6,18,0.124969898
NativeNUFFT2,6,19,0.125480666
NativeNUFFT2,6,20,0.126629466
NativeNUFFT2,6,21,0.123811275
NativeNUFFT2,6,22,0.128109008
NativeNUFFT2,6,23,0.126814163
NativeNUFFT2,6,24,0.127271784
NativeNUFFT2,6,25,0.125863152
NativeNUFFT2,6,26,0.125038374
NativeNUFFT2,6,27,0.12506439
NativeNUFFT2,6,28,0.129641988
NativeNUFFT2,6,29,0.126820853
PrecorrectionNUFFT2,6,0,0.001572243
PrecorrectionNUFFT2,6,1,0.002529623
PrecorrectionNUFFT2,6,2,0.002543991
PrecorrectionNUFFT2,6,3,0.001601842
PrecorrectionNUFFT2,6,4,0.002555926
PrecorrectionNUFFT2,6,5,0.002550007
PrecorrectionNUFFT2,6,6,0.001689008
PrecorrectionNUFFT2,6,7,0.002536311
PrecorrectionNUFFT2,6,8,0.002545335
PrecorrectionNUFFT2,6,9,0.001591634
PrecorrectionNUFFT2,6,10,0.00254332
PrecorrectionNUFFT2,6,11,0.002530743
PrecorrectionNUFFT2,6,12,0.001609458
PrecorrectionNUFFT2,6,13,0.002529112
PrecorrectionNUFFT2,6,14,0.002541495
PrecorrectionNUFFT2,6,15,0.001588211
PrecorrectionNUFFT2,6,16,0.002545015
PrecorrectionNUFFT2,6,17,0.002527896
PrecorrectionNUFFT2,6,18,0.001580627
PrecorrectionNUFFT2,6,19,0.0025278
PrecorrectionNUFFT2,6,20,0.002533143
PrecorrectionNUFFT2,6,21,0.001582131
PrecorrectionNUFFT2,6,22,0.002555799
PrecorrectionNUFFT2,6,23,0.002529399
PrecorrectionNUFFT2,6,24,0.001585907
PrecorrectionNUFFT2,6,25,0.002525048
PrecorrectionNUFFT2,6,26,0.002538231
PrecorrectionNUFFT2,6,27,0.001602803
PrecorrectionNUFFT2,6,28,0.002521239
PrecorrectionNUFFT2,6,29,0.002540503
FFTNUFFT2,6,0,0.081784636
FFTNUFFT2,6,1,0.084063227
FFTNUFFT2,6,2,0.083394991
FFTNUFFT2,6,3,0.083252019
FFTNUFFT2,6,4,0.083684838
FFTNUFFT2,6,5,0.081789372
FFTNUFFT2,6,6,0.083765892
FFTNUFFT2,6,7,0.08350558
FFTNUFFT2,6,8,0.084055099
FFTNUFFT2,6,9,0.082163537
FFTNUFFT2,6,10,0.084003517
FFTNUFFT2,6,11,0.084391667
FFTNUFFT2,6,12,0.085194427
FFTNUFFT2,6,13,0.084704168
FFTNUFFT2,6,14,0.083057175
FFTNUFFT2,6,15,0.086070498
FFTNUFFT2,6,16,0.083606601
FFTNUFFT2,6,17,0.084979649
FFTNUFFT2,6,18,0.083656422
FFTNUFFT2,6,19,0.083078679
FFTNUFFT2,6,20,0.082295151
FFTNUFFT2,6,21,0.076975078
FFTNUFFT2,6,22,0.085534577
FFTNUFFT2,6,23,0.083203155
FFTNUFFT2,6,24,0.085179741
FFTNUFFT2,6,25,0.08297209
FFTNUFFT2,6,26,0.082131378
FFTNUFFT2,6,27,0.082802527
FFTNUFFT2,6,28,0.083255539
FFTNUFFT2,6,29,0.084032957
GatherNUFFT2,6,0,0.008951328
GatherNUFFT2,6,1,0.008675528
GatherNUFFT2,6,2,0.007924605
GatherNUFFT2,6,3,0.009986819
GatherNUFFT2,6,4,0.008399248
GatherNUFFT2,6,5,0.009904869
GatherNUFFT2,6,6,0.008094904
GatherNUFFT2,6,7,0.008445198
GatherNUFFT2,6,8,0.008079225
GatherNUFFT2,6,9,0.00811212
GatherNUFFT2,6,10,0.008313043
GatherNUFFT2,6,11,0.008276947
GatherNUFFT2,6,12,0.008107928
GatherNUFFT2,6,13,0.010019938
GatherNUFFT2,6,14,0.010015522
GatherNUFFT2,6,15,0.008530156
GatherNUFFT2,6,16,0.00892624
GatherNUFFT2,6,17,0.008145272
GatherNUFFT2,6,18,0.008365329
GatherNUFFT2,6,19,0.008375249
GatherNUFFT2,6,20,0.009963331
GatherNUFFT2,6,21,0.013578524
GatherNUFFT2,6,22,0.008432815
GatherNUFFT2,6,23,0.009496336
GatherNUFFT2,6,24,0.00909558
GatherNUFFT2,6,25,0.008463439
GatherNUFFT2,6,26,0.008842019
GatherNUFFT2,6,27,0.009042557
GatherNUFFT2,6,28,0.012052743
GatherNUFFT2,6,29,0.008808996
mainTimer,7,0,7.178256178
dumpData,7,0,0.011772112
dumpData,7,1,0.009934212
dumpData,7,2,0.009766952
dumpData,7,3,0.010847338
dumpData,7,4,0.009541583
dumpData,7,5,0.010852169
dumpData,7,6,0.009961891
dumpData,7,7,0.01039695
dumpData,7,8,0.009912612
dumpData,7,9,0.010329048
kick,7,0,3.3119e-05
kick,7,1,1.1615e-05
kick,7,2,3.6031e-05
kick,7,3,1.2e-05
kick,7,4,3.2703e-05
kick,7,5,1.1968e-05
kick,7,6,3.2767e-05
kick,7,7,1.104e-05
kick,7,8,3.3247e-05
kick,7,9,1.2288e-05
kick,7,10,3.6799e-05
kick,7,11,1.2192e-05
kick,7,12,3.5871e-05
kick,7,13,1.1456e-05
kick,7,14,3.7471e-05
kick,7,15,1.1456e-05
kick,7,16,3.2799e-05
kick,7,17,1.3056e-05
kick,7,18,3.0367e-05
kick,7,19,1.5648e-05
drift,7,0,7.712e-06
drift,7,1,8.32e-06
drift,7,2,7.328e-06
drift,7,3,8.576e-06
drift,7,4,8.383e-06
drift,7,5,7.679e-06
drift,7,6,7.168e-06
drift,7,7,7.616e-06
drift,7,8,7.488e-06
drift,7,9,6.336e-06
particleBC,7,0,8.736e-06
particleBC,7,1,9.152e-06
particleBC,7,2,1.0144e-05
particleBC,7,3,9.407e-06
particleBC,7,4,9.536e-06
particleBC,7,5,8.8e-06
particleBC,7,6,1.0304e-05
particleBC,7,7,9.248e-06
particleBC,7,8,8.288e-06
particleBC,7,9,8.32e-06
updateParticle,7,0,0.120961372
updateParticle,7,1,0.008704711
updateParticle,7,2,0.008686887
updateParticle,7,3,0.008478222
updateParticle,7,4,0.008636585
updateParticle,7,5,0.008400144
updateParticle,7,6,0.008482093
updateParticle,7,7,0.116459453
updateParticle,7,8,0.116517499
updateParticle,7,9,0.008643401
locateParticles,7,0,0.003556186
locateParticles,7,1,0.00354297
locateParticles,7,2,0.003524123
locateParticles,7,3,0.003555739
locateParticles,7,4,0.003535515
locateParticles,7,5,0.003543035
locateParticles,7,6,0.00353209
locateParticles,7,7,0.003561978
locateParticles,7,8,0.003538234
locateParticles,7,9,0.003552026
sendPreprocess,7,0,0.00055064
sendPreprocess,7,1,0.000566192
sendPreprocess,7,2,0.000559248
sendPreprocess,7,3,0.000540529
sendPreprocess,7,4,0.000582319
sendPreprocess,7,5,0.000536912
sendPreprocess,7,6,0.000582256
sendPreprocess,7,7,0.000518737
sendPreprocess,7,8,0.000557776
sendPreprocess,7,9,0.000571152
particleSend,7,0,0.000793673
particleSend,7,1,0.000789769
particleSend,7,2,0.000819241
particleSend,7,3,0.00078241
particleSend,7,4,0.000840936
particleSend,7,5,0.00076705
particleSend,7,6,0.000794377
particleSend,7,7,0.000923398
particleSend,7,8,0.000784458
particleSend,7,9,0.000880807
particleRecv,7,0,2.9151e-05
particleRecv,7,1,2.7136e-05
particleRecv,7,2,3.0016e-05
particleRecv,7,3,3.0847e-05
particleRecv,7,4,2.8735e-05
particleRecv,7,5,3.5135e-05
particleRecv,7,6,2.5471e-05
particleRecv,7,7,2.5471e-05
particleRecv,7,8,2.8319e-05
particleRecv,7,9,2.6495e-05
particleDestroy,7,0,0.002664724
particleDestroy,7,1,0.002655796
particleDestroy,7,2,0.002679251
particleDestroy,7,3,0.002647444
particleDestroy,7,4,0.0026605
particleDestroy,7,5,0.002669044
particleDestroy,7,6,0.002665716
particleDestroy,7,7,0.002657844
particleDestroy,7,8,0.002669172
particleDestroy,7,9,0.002639029
ScatterPIFNUFFT,7,0,0.295585593
ScatterPIFNUFFT,7,1,3.4719e-05
ScatterPIFNUFFT,7,2,0.308019733
ScatterPIFNUFFT,7,3,1.9903e-05
ScatterPIFNUFFT,7,4,0.320063101
ScatterPIFNUFFT,7,5,3.0495e-05
ScatterPIFNUFFT,7,6,0.334709082
ScatterPIFNUFFT,7,7,3.9775e-05
ScatterPIFNUFFT,7,8,0.489418896
ScatterPIFNUFFT,7,9,1.9264e-05
ScatterPIFNUFFT,7,10,0.32690281
ScatterPIFNUFFT,7,11,2.6655e-05
ScatterPIFNUFFT,7,12,0.181797039
ScatterPIFNUFFT,7,13,1.7856e-05
ScatterPIFNUFFT,7,14,0.182099975
ScatterPIFNUFFT,7,15,3.6095e-05
ScatterPIFNUFFT,7,16,0.180858603
ScatterPIFNUFFT,7,17,2.8479e-05
ScatterPIFNUFFT,7,18,0.181873646
ScatterPIFNUFFT,7,19,3.7311e-05
NativeNUFFT1,7,0,0.291186007
NativeNUFFT1,7,1,0.303565686
NativeNUFFT1,7,2,0.315562654
NativeNUFFT1,7,3,0.330321815
NativeNUFFT1,7,4,0.484935441
NativeNUFFT1,7,5,0.322459385
NativeNUFFT1,7,6,0.177425965
NativeNUFFT1,7,7,0.178623722
NativeNUFFT1,7,8,0.176455912
NativeNUFFT1,7,9,0.177281969
scatterTimerNUFFT1,7,0,0.208351064
scatterTimerNUFFT1,7,1,0.220615131
scatterTimerNUFFT1,7,2,0.231426405
scatterTimerNUFFT1,7,3,0.247273886
scatterTimerNUFFT1,7,4,0.399582714
scatterTimerNUFFT1,7,5,0.238087719
scatterTimerNUFFT1,7,6,0.093286227
scatterTimerNUFFT1,7,7,0.094180315
scatterTimerNUFFT1,7,8,0.092795842
scatterTimerNUFFT1,7,9,0.092838943
binSort,7,0,0.00399355
binSort,7,1,0.003965551
binSort,7,2,0.003943887
binSort,7,3,0.00393512
binSort,7,4,0.003999821
binSort,7,5,0.003933839
binSort,7,6,0.003958287
binSort,7,7,0.003931407
binSort,7,8,0.004003086
binSort,7,9,0.003927856
binSort,7,10,0.003963055
binSort,7,11,0.003934415
binSort,7,12,0.004003501
binSort,7,13,0.003912592
binSort,7,14,0.003962094
binSort,7,15,0.003997774
binSort,7,16,0.004024621
binSort,7,17,0.004026893
binSort,7,18,0.003965646
binSort,7,19,0.003952815
binSort,7,20,0.004034701
binSort,7,21,0.003965166
binSort,7,22,0.003957519
binSort,7,23,0.003954127
binSort,7,24,0.00404382
binSort,7,25,0.003960655
binSort,7,26,0.003961902
binSort,7,27,0.00396107
binSort,7,28,0.003982318
binSort,7,29,0.003872849
binSort,7,30,0.003933231
binSort,7,31,0.003971022
binSort,7,32,0.004004749
binSort,7,33,0.003909424
binSort,7,34,0.003926672
binSort,7,35,0.003930287
binSort,7,36,0.003960527
binSort,7,37,0.003944719
binSort,7,38,0.003938352
binSort,7,39,0.003913104
binComputeKeys,7,0,0.000371254
binComputeKeys,7,1,0.000383669
binComputeKeys,7,2,0.000377493
binComputeKeys,7,3,0.000388757
binComputeKeys,7,4,0.000375669
binComputeKeys,7,5,0.000380053
binComputeKeys,7,6,0.000369813
binComputeKeys,7,7,0.000367573
binComputeKeys,7,8,0.000376949
binComputeKeys,7,9,0.000362838
binComputeKeys,7,10,0.000398516
binComputeKeys,7,11,0.000388501
binComputeKeys,7,12,0.000367125
binComputeKeys,7,13,0.000375797
binComputeKeys,7,14,0.000382581
binComputeKeys,7,15,0.000383541
binComputeKeys,7,16,0.000381205
binComputeKeys,7,17,0.000388725
binComputeKeys,7,18,0.000375413
binComputeKeys,7,19,0.000361558
binComputeKeys,7,20,0.000388469
binComputeKeys,7,21,0.00037311
binComputeKeys,7,22,0.000388693
binComputeKeys,7,23,0.000358038
binComputeKeys,7,24,0.000379477
binComputeKeys,7,25,0.000380565
binComputeKeys,7,26,0.000371989
binComputeKeys,7,27,0.000395124
binComputeKeys,7,28,0.00036223
binComputeKeys,7,29,0.000368949
binComputeKeys,7,30,0.00035839
binComputeKeys,7,31,0.000365717
binComputeKeys,7,32,0.000387125
binComputeKeys,7,33,0.000367413
binComputeKeys,7,34,0.00035951
binComputeKeys,7,35,0.00039378
binComputeKeys,7,36,0.000385141
binComputeKeys,7,37,0.000371541
binComputeKeys,7,38,0.00036991
binComputeKeys,7,39,0.000358902
binSortByKey,7,0,0.00340787
binSortByKey,7,1,0.003377728
binSortByKey,7,2,0.003362112
binSortByKey,7,3,0.0033456
binSortByKey,7,4,0.003415454
binSortByKey,7,5,0.003362432
binSortByKey,7,6,0.003383296
binSortByKey,7,7,0.003363936
binSortByKey,7,8,0.003418303
binSortByKey,7,9,0.003362175
binSortByKey,7,10,0.003361504
binSortByKey,7,11,0.00335792
binSortByKey,7,12,0.003424702
binSortByKey,7,13,0.003347553
binSortByKey,7,14,0.003375039
binSortByKey,7,15,0.003412606
binSortByKey,7,16,0.003430398
binSortByKey,7,17,0.003427998
binSortByKey,7,18,0.003387999
binSortByKey,7,19,0.003382047
binSortByKey,7,20,0.00343891
binSortByKey,7,21,0.003387391
binSortByKey,7,22,0.003366144
binSortByKey,7,23,0.003388159
binSortByKey,7,24,0.003454525
binSortByKey,7,25,0.003387295
binSortByKey,7,26,0.003385503
binSortByKey,7,27,0.003368256
binSortByKey,7,28,0.003409726
binSortByKey,7,29,0.003320289
binSortByKey,7,30,0.003371263
binSortByKey,7,31,0.003393215
binSortByKey,7,32,0.003400126
binSortByKey,7,33,0.003348288
binSortByKey,7,34,0.003361375
binSortByKey,7,35,0.003343361
binSortByKey,7,36,0.003380479
binSortByKey,7,37,0.003368032
binSortByKey,7,38,0.00336032
binSortByKey,7,39,0.003347424
binComputeOffsets,7,0,0.000210138
binComputeOffsets,7,1,0.00020009
binComputeOffsets,7,2,0.000200698
binComputeOffsets,7,3,0.000198171
binComputeOffsets,7,4,0.000206874
binComputeOffsets,7,5,0.000189626
binComputeOffsets,7,6,0.000202202
binComputeOffsets,7,7,0.000196986
binComputeOffsets,7,8,0.000203387
binComputeOffsets,7,9,0.000199547
binComputeOffsets,7,10,0.000199707
binComputeOffsets,7,11,0.00018681
binComputeOffsets,7,12,0.00020745
binComputeOffsets,7,13,0.000186362
binComputeOffsets,7,14,0.000201658
binComputeOffsets,7,15,0.000198843
binComputeOffsets,7,16,0.000205883
binComputeOffsets,7,17,0.000205594
binComputeOffsets,7,18,0.000198714
binComputeOffsets,7,19,0.000207802
binComputeOffsets,7,20,0.000204858
binComputeOffsets,7,21,0.000202362
binComputeOffsets,7,22,0.000199675
binComputeOffsets,7,23,0.000204922
binComputeOffsets,7,24,0.00020713
binComputeOffsets,7,25,0.000190715
binComputeOffsets,7,26,0.000201082
binComputeOffsets,7,27,0.000194842
binComputeOffsets,7,28,0.000207738
binComputeOffsets,7,29,0.000180731
binComputeOffsets,7,30,0.000200602
binComputeOffsets,7,31,0.00020873
binComputeOffsets,7,32,0.000214298
binComputeOffsets,7,33,0.000192219
binComputeOffsets,7,34,0.000205179
binComputeOffsets,7,35,0.000190458
binComputeOffsets,7,36,0.000193531
binComputeOffsets,7,37,0.000201594
binComputeOffsets,7,38,0.000206714
binComputeOffsets,7,39,0.000205274
FFTNUFFT1,7,0,0.081996343
FFTNUFFT1,7,1,0.082276686
FFTNUFFT1,7,2,0.0833052
FFTNUFFT1,7,3,0.082237137
FFTNUFFT1,7,4,0.08467937
FFTNUFFT1,7,5,0.083710373
FFTNUFFT1,7,6,0.08329861
FFTNUFFT1,7,7,0.083623047
FFTNUFFT1,7,8,0.082817086
FFTNUFFT1,7,9,0.083612777
deconvolutionNUFFT1,7,0,0.000835272
deconvolutionNUFFT1,7,1,0.000671373
deconvolutionNUFFT1,7,2,0.000827753
deconvolutionNUFFT1,7,3,0.00080772
deconvolutionNUFFT1,7,4,0.000668781
deconvolutionNUFFT1,7,5,0.000659438
deconvolutionNUFFT1,7,6,0.000838824
deconvolutionNUFFT1,7,7,0.000817353
deconvolutionNUFFT1,7,8,0.000839336
deconvolutionNUFFT1,7,9,0.000827849
GatherPIFNUFFT,7,0,0.37853698
GatherPIFNUFFT,7,1,0.382800538
GatherPIFNUFFT,7,2,0.379186179
GatherPIFNUFFT,7,3,0.379068133
GatherPIFNUFFT,7,4,0.38152051
GatherPIFNUFFT,7,5,0.382491173
GatherPIFNUFFT,7,6,0.379857518
GatherPIFNUFFT,7,7,0.379613525
GatherPIFNUFFT,7,8,0.378551924
GatherPIFNUFFT,7,9,0.380221732
NativeNUFFT2,7,0,0.121621961
NativeNUFFT2,7,1,0.127039757
NativeNUFFT2,7,2,0.125710293
NativeNUFFT2,7,3,0.129121683
NativeNUFFT2,7,4,0.125100038
NativeNUFFT2,7,5,0.126519516
NativeNUFFT2,7,6,0.122387028
NativeNUFFT2,7,7,0.126397793
NativeNUFFT2,7,8,0.127241609
NativeNUFFT2,7,9,0.122866245
NativeNUFFT2,7,10,0.126628058
NativeNUFFT2,7,11,0.126046218
NativeNUFFT2,7,12,0.123226172
NativeNUFFT2,7,13,0.128279435
NativeNUFFT2,7,14,0.128432486
NativeNUFFT2,7,15,0.126184391
NativeNUFFT2,7,16,0.125887951
NativeNUFFT2,7,17,0.126842836
NativeNUFFT2,7,18,0.124184224
NativeNUFFT2,7,19,0.125167779
NativeNUFFT2,7,20,0.127122412
NativeNUFFT2,7,21,0.122050269
NativeNUFFT2,7,22,0.127092173
NativeNUFFT2,7,23,0.12783679
NativeNUFFT2,7,24,0.123726605
NativeNUFFT2,7,25,0.126102314
NativeNUFFT2,7,26,0.126114984
NativeNUFFT2,7,27,0.121198933
NativeNUFFT2,7,28,0.12930683
NativeNUFFT2,7,29,0.127998003
PrecorrectionNUFFT2,7,0,0.001576371
PrecorrectionNUFFT2,7,1,0.002487577
PrecorrectionNUFFT2,7,2,0.002458106
PrecorrectionNUFFT2,7,3,0.001556948
PrecorrectionNUFFT2,7,4,0.002467834
PrecorrectionNUFFT2,7,5,0.002474393
PrecorrectionNUFFT2,7,6,0.001557428
PrecorrectionNUFFT2,7,7,0.002458234
PrecorrectionNUFFT2,7,8,0.002471033
PrecorrectionNUFFT2,7,9,0.001571987
PrecorrectionNUFFT2,7,10,0.002483033
PrecorrectionNUFFT2,7,11,0.002473401
PrecorrectionNUFFT2,7,12,0.001548756
PrecorrectionNUFFT2,7,13,0.002476314
PrecorrectionNUFFT2,7,14,0.002470106
PrecorrectionNUFFT2,7,15,0.001580051
PrecorrectionNUFFT2,7,16,0.002470841
PrecorrectionNUFFT2,7,17,0.002456058
PrecorrectionNUFFT2,7,18,0.001608882
PrecorrectionNUFFT2,7,19,0.002463993
PrecorrectionNUFFT2,7,20,0.002460729
PrecorrectionNUFFT2,7,21,0.001554708
PrecorrectionNUFFT2,7,22,0.002465561
PrecorrectionNUFFT2,7,23,0.002475897
PrecorrectionNUFFT2,7,24,0.001566675
PrecorrectionNUFFT2,7,25,0.002465754
PrecorrectionNUFFT2,7,26,0.002458138
PrecorrectionNUFFT2,7,27,0.001544724
PrecorrectionNUFFT2,7,28,0.002481401
PrecorrectionNUFFT2,7,29,0.002471161
FFTNUFFT2,7,0,0.082137266
FFTNUFFT2,7,1,0.086614802
FFTNUFFT2,7,2,0.085476276
FFTNUFFT2,7,3,0.089522815
FFTNUFFT2,7,4,0.084461936
FFTNUFFT2,7,5,0.084843844
FFTNUFFT2,7,6,0.082780833
FFTNUFFT2,7,7,0.086341179
FFTNUFFT2,7,8,0.08703095
FFTNUFFT2,7,9,0.083288881
FFTNUFFT2,7,10,0.085706156
FFTNUFFT2,7,11,0.085834346
FFTNUFFT2,7,12,0.08358033
FFTNUFFT2,7,13,0.086640145
FFTNUFFT2,7,14,0.084582284
FFTNUFFT2,7,15,0.085473012
FFTNUFFT2,7,16,0.085359095
FFTNUFFT2,7,17,0.086000483
FFTNUFFT2,7,18,0.084701736
FFTNUFFT2,7,19,0.085065246
FFTNUFFT2,7,20,0.084703978
FFTNUFFT2,7,21,0.083106935
FFTNUFFT2,7,22,0.084132601
FFTNUFFT2,7,23,0.085234553
FFTNUFFT2,7,24,0.082105652
FFTNUFFT2,7,25,0.083094038
FFTNUFFT2,7,26,0.085217658
FFTNUFFT2,7,27,0.081832667
FFTNUFFT2,7,28,0.086176063
FFTNUFFT2,7,29,0.084732265
GatherNUFFT2,7,0,0.008330193
GatherNUFFT2,7,1,0.008192341
GatherNUFFT2,7,2,0.007869791
GatherNUFFT2,7,3,0.008382928
GatherNUFFT2,7,4,0.008531244
GatherNUFFT2,7,5,0.009410131
GatherNUFFT2,7,6,0.008737094
GatherNUFFT2,7,7,0.00805145
GatherNUFFT2,7,8,0.008402256
GatherNUFFT2,7,9,0.008384624
GatherNUFFT2,7,10,0.008604714
GatherNUFFT2,7,11,0.008054714
GatherNUFFT2,7,12,0.008377873
GatherNUFFT2,7,13,0.009410163
GatherNUFFT2,7,14,0.011606516
GatherNUFFT2,7,15,0.009336149
GatherNUFFT2,7,16,0.008508781
GatherNUFFT2,7,17,0.008575595
GatherNUFFT2,7,18,0.008421455
GatherNUFFT2,7,19,0.008176214
GatherNUFFT2,7,20,0.010216924
GatherNUFFT2,7,21,0.007825632
GatherNUFFT2,7,22,0.010723118
GatherNUFFT2,7,23,0.010303705
GatherNUFFT2,7,24,0.010266362
GatherNUFFT2,7,25,0.010829387
GatherNUFFT2,7,26,0.008727206
GatherNUFFT2,7,27,0.008135255
GatherNUFFT2,7,28,0.011070915
GatherNUFFT2,7,29,0.011254782
mainTimer,8,0,7.178253149
dumpData,8,0,0.010842826
dumpData,8,1,0.007996339
dumpData,8,2,0.008687841
dumpData,8,3,0.00889286
dumpData,8,4,0.007981812
dumpData,8,5,0.008665601
dumpData,8,6,0.008935899
dumpData,8,7,0.008526598
dumpData,8,8,0.007329412
dumpData,8,9,0.007844951
kick,8,0,4.2911e-05
kick,8,1,1.0976e-05
kick,8,2,3.8271e-05
kick,8,3,8.991e-06
kick,8,4,4.5055e-05
kick,8,5,1.1008e-05
kick,8,6,4.8447e-05
kick,8,7,1.328e-05
kick,8,8,4.6334e-05
kick,8,9,1.2032e-05
kick,8,10,4.5023e-05
kick,8,11,1.1488e-05
kick,8,12,4.9439e-05
kick,8,13,9.44e-06
kick,8,14,4.3487e-05
kick,8,15,9.215e-06
kick,8,16,4.4575e-05
kick,8,17,1.1744e-05
kick,8,18,4.4287e-05
kick,8,19,1.2799e-05
drift,8,0,5.568e-06
drift,8,1,7.103e-06
drift,8,2,5.504e-06
drift,8,3,6.431e-06
drift,8,4,5.44e-06
drift,8,5,5.44e-06
drift,8,6,6.783e-06
drift,8,7,4.864e-06
drift,8,8,6.24e-06
drift,8,9,5.919e-06
particleBC,8,0,1.04e-05
particleBC,8,1,1.0592e-05
particleBC,8,2,1.2063e-05
particleBC,8,3,8.768e-06
particleBC,8,4,9.856e-06
particleBC,8,5,1.1903e-05
particleBC,8,6,1.0208e-05
particleBC,8,7,1.024e-05
particleBC,8,8,1.0688e-05
particleBC,8,9,1.0624e-05
updateParticle,8,0,0.008556132
updateParticle,8,1,0.008526598
updateParticle,8,2,0.008457511
updateParticle,8,3,0.008683778
updateParticle,8,4,0.008885916
updateParticle,8,5,0.008460136
updateParticle,8,6,0.008803135
updateParticle,8,7,0.008518597
updateParticle,8,8,0.008545477
updateParticle,8,9,0.008585124
locateParticles,8,0,0.003690305
locateParticles,8,1,0.003693921
locateParticles,8,2,0.003689026
locateParticles,8,3,0.003701729
locateParticles,8,4,0.003702465
locateParticles,8,5,0.003688482
locateParticles,8,6,0.003700577
locateParticles,8,7,0.003700705
locateParticles,8,8,0.003711713
locateParticles,8,9,0.003694241
sendPreprocess,8,0,0.000389942
sendPreprocess,8,1,0.000406742
sendPreprocess,8,2,0.00037199
sendPreprocess,8,3,0.000373175
sendPreprocess,8,4,0.000386806
sendPreprocess,8,5,0.000370486
sendPreprocess,8,6,0.000388182
sendPreprocess,8,7,0.00036655
sendPreprocess,8,8,0.000363927
sendPreprocess,8,9,0.000403382
particleSend,8,0,0.000836811
particleSend,8,1,0.000853962
particleSend,8,2,0.000888041
particleSend,8,3,0.000832458
particleSend,8,4,0.000839435
particleSend,8,5,0.000834219
particleSend,8,6,0.000808268
particleSend,8,7,0.000820299
particleSend,8,8,0.000890377
particleSend,8,9,0.000841419
particleRecv,8,0,3.6127e-05
particleRecv,8,1,3.2351e-05
particleRecv,8,2,2.7904e-05
particleRecv,8,3,3.2671e-05
particleRecv,8,4,3.8591e-05
particleRecv,8,5,3.1519e-05
particleRecv,8,6,3.7759e-05
particleRecv,8,7,3.1871e-05
particleRecv,8,8,2.8992e-05
particleRecv,8,9,3.1904e-05
particleDestroy,8,0,0.002556958
particleDestroy,8,1,0.002554591
particleDestroy,8,2,0.002558174
particleDestroy,8,3,0.002589406
particleDestroy,8,4,0.002570046
particleDestroy,8,5,0.002591198
particleDestroy,8,6,0.002592317
particleDestroy,8,7,0.002590686
particleDestroy,8,8,0.002571518
particleDestroy,8,9,0.002584957
ScatterPIFNUFFT,8,0,0.40831216
ScatterPIFNUFFT,8,1,3.3631e-05
ScatterPIFNUFFT,8,2,0.311116827
ScatterPIFNUFFT,8,3,3.8783e-05
ScatterPIFNUFFT,8,4,0.318814357
ScatterPIFNUFFT,8,5,2.2879e-05
ScatterPIFNUFFT,8,6,0.336146489
ScatterPIFNUFFT,8,7,3.3375e-05
ScatterPIFNUFFT,8,8,0.487342646
ScatterPIFNUFFT,8,9,2.464e-05
ScatterPIFNUFFT,8,10,0.328132007
ScatterPIFNUFFT,8,11,4.0287e-05
ScatterPIFNUFFT,8,12,0.182261377
ScatterPIFNUFFT,8,13,4.3455e-05
ScatterPIFNUFFT,8,14,0.286924933
ScatterPIFNUFFT,8,15,1.5104e-05
ScatterPIFNUFFT,8,16,0.290817954
ScatterPIFNUFFT,8,17,4.0863e-05
ScatterPIFNUFFT,8,18,0.181241851
ScatterPIFNUFFT,8,19,4.2079e-05
NativeNUFFT1,8,0,0.403752885
NativeNUFFT1,8,1,0.306581615
NativeNUFFT1,8,2,0.314346312
NativeNUFFT1,8,3,0.331619149
NativeNUFFT1,8,4,0.482945351
NativeNUFFT1,8,5,0.32365897
NativeNUFFT1,8,6,0.177739701
NativeNUFFT1,8,7,0.2824726
NativeNUFFT1,8,8,0.287342907
NativeNUFFT1,8,9,0.176806732
scatterTimerNUFFT1,8,0,0.319026768
scatterTimerNUFFT1,8,1,0.2208673
scatterTimerNUFFT1,8,2,0.232853168
scatterTimerNUFFT1,8,3,0.247021828
scatterTimerNUFFT1,8,4,0.40051268
scatterTimerNUFFT1,8,5,0.238110858
scatterTimerNUFFT1,8,6,0.09294533
scatterTimerNUFFT1,8,7,0.200019066
scatterTimerNUFFT1,8,8,0.201132829
scatterTimerNUFFT1,8,9,0.093176843
binSort,8,0,0.004155957
binSort,8,1,0.004153302
binSort,8,2,0.004187605
binSort,8,3,0.004209972
binSort,8,4,0.004170357
binSort,8,5,0.004193013
binSort,8,6,0.004126198
binSort,8,7,0.004193333
binSort,8,8,0.004176565
binSort,8,9,0.004119159
binSort,8,10,0.00413023
binSort,8,11,0.004184885
binSort,8,12,0.004175733
binSort,8,13,0.004179733
binSort,8,14,0.004155605
binSort,8,15,0.004158646
binSort,8,16,0.004162102
binSort,8,17,0.004168085
binSort,8,18,0.004194869
binSort,8,19,0.004172245
binSort,8,20,0.004184949
binSort,8,21,0.00420642
binSort,8,22,0.004183381
binSort,8,23,0.004173173
binSort,8,24,0.004173013
binSort,8,25,0.004171349
binSort,8,26,0.004171861
binSort,8,27,0.004177077
binSort,8,28,0.004183573
binSort,8,29,0.004129718
binSort,8,30,0.004198933
binSort,8,31,0.004174101
binSort,8,32,0.004184309
binSort,8,33,0.004186485
binSort,8,34,0.004171957
binSort,8,35,0.004138742
binSort,8,36,0.004205109
binSort,8,37,0.004169941
binSort,8,38,0.004176661
binSort,8,39,0.004197621
binComputeKeys,8,0,0.000392598
binComputeKeys,8,1,0.000395446
binComputeKeys,8,2,0.000396694
binComputeKeys,8,3,0.000399798
binComputeKeys,8,4,0.000396822
binComputeKeys,8,5,0.000401718
binComputeKeys,8,6,0.000405366
binComputeKeys,8,7,0.00040799
binComputeKeys,8,8,0.000388406
binComputeKeys,8,9,0.000406518
binComputeKeys,8,10,0.000414389
binComputeKeys,8,11,0.000392566
binComputeKeys,8,12,0.000392022
binComputeKeys,8,13,0.000387286
binComputeKeys,8,14,0.00039679
binComputeKeys,8,15,0.000402678
binComputeKeys,8,16,0.000389174
binComputeKeys,8,17,0.000393622
binComputeKeys,8,18,0.000410454
binComputeKeys,8,19,0.000392182
binComputeKeys,8,20,0.000393366
binComputeKeys,8,21,0.000393142
binComputeKeys,8,22,0.000397718
binComputeKeys,8,23,0.000395798
binComputeKeys,8,24,0.00039631
binComputeKeys,8,25,0.00038671
binComputeKeys,8,26,0.000384566
binComputeKeys,8,27,0.00039199
binComputeKeys,8,28,0.000399254
binComputeKeys,8,29,0.000401237
binComputeKeys,8,30,0.00039247
binComputeKeys,8,31,0.000390678
binComputeKeys,8,32,0.000396182
binComputeKeys,8,33,0.000391126
binComputeKeys,8,34,0.000392534
binComputeKeys,8,35,0.000409782
binComputeKeys,8,36,0.00039311
binComputeKeys,8,37,0.000390198
binComputeKeys,8,38,0.00038831
binComputeKeys,8,39,0.00039887
binSortByKey,8,0,0.003558021
binSortByKey,8,1,0.003561061
binSortByKey,8,2,0.00358682
binSortByKey,8,3,0.003604003
binSortByKey,8,4,0.003567556
binSortByKey,8,5,0.003583748
binSortByKey,8,6,0.003531621
binSortByKey,8,7,0.0035825
binSortByKey,8,8,0.003581572
binSortByKey,8,9,0.003524198
binSortByKey,8,10,0.003526982
binSortByKey,8,11,0.003588708
binSortByKey,8,12,0.003575909
binSortByKey,8,13,0.003587044
binSortByKey,8,14,0.003557125
binSortByKey,8,15,0.003554277
binSortByKey,8,16,0.003565797
binSortByKey,8,17,0.00356746
binSortByKey,8,18,0.003578084
binSortByKey,8,19,0.003571941
binSortByKey,8,20,0.0035825
binSortByKey,8,21,0.003600131
binSortByKey,8,22,0.003587556
binSortByKey,8,23,0.003552677
binSortByKey,8,24,0.003568228
binSortByKey,8,25,0.003577668
binSortByKey,8,26,0.003576996
binSortByKey,8,27,0.00358042
binSortByKey,8,28,0.003576324
binSortByKey,8,29,0.003539814
binSortByKey,8,30,0.003600612
binSortByKey,8,31,0.00357146
binSortByKey,8,32,0.003579972
binSortByKey,8,33,0.00358266
binSortByKey,8,34,0.003579109
binSortByKey,8,35,0.003539365
binSortByKey,8,36,0.003604516
binSortByKey,8,37,0.003575621
binSortByKey,8,38,0.00358234
binSortByKey,8,39,0.003594084
binComputeOffsets,8,0,0.000203227
binComputeOffsets,8,1,0.000195739
binComputeOffsets,8,2,0.000200539
binComputeOffsets,8,3,0.000203195
binComputeOffsets,8,4,0.000203867
binComputeOffsets,8,5,0.000205531
binComputeOffsets,8,6,0.000187387
binComputeOffsets,8,7,0.000199771
binComputeOffsets,8,8,0.000203707
binComputeOffsets,8,9,0.000187355
binComputeOffsets,8,10,0.000187483
binComputeOffsets,8,11,0.000200987
binComputeOffsets,8,12,0.000205114
binComputeOffsets,8,13,0.000202843
binComputeOffsets,8,14,0.000199162
binComputeOffsets,8,15,0.000197435
binComputeOffsets,8,16,0.000203835
binComputeOffsets,8,17,0.000205147
binComputeOffsets,8,18,0.000202715
binComputeOffsets,8,19,0.000205882
binComputeOffsets,8,20,0.000204859
binComputeOffsets,8,21,0.000209723
binComputeOffsets,8,22,0.000196187
binComputeOffsets,8,23,0.000221402
binComputeOffsets,8,24,0.000205435
binComputeOffsets,8,25,0.000203547
binComputeOffsets,8,26,0.000207483
binComputeOffsets,8,27,0.000202683
binComputeOffsets,8,28,0.000204059
binComputeOffsets,8,29,0.000187707
binComputeOffsets,8,30,0.000203227
binComputeOffsets,8,31,0.000209179
binComputeOffsets,8,32,0.000204507
binComputeOffsets,8,33,0.000210203
binComputeOffsets,8,34,0.000198682
binComputeOffsets,8,35,0.000187707
binComputeOffsets,8,36,0.000205595
binComputeOffsets,8,37,0.000202586
binComputeOffsets,8,38,0.000204475
binComputeOffsets,8,39,0.000203323
FFTNUFFT1,8,0,0.08390857
FFTNUFFT1,8,1,0.085037628
FFTNUFFT1,8,2,0.080490002
FFTNUFFT1,8,3,0.083922938
FFTNUFFT1,8,4,0.081759729
FFTNUFFT1,8,5,0.084705285
FFTNUFFT1,8,6,0.083960761
FFTNUFFT1,8,7,0.08177832
FFTNUFFT1,8,8,0.085369908
FFTNUFFT1,8,9,0.082950258
deconvolutionNUFFT1,8,0,0.000814603
deconvolutionNUFFT1,8,1,0.000673967
deconvolutionNUFFT1,8,2,0.00099991
deconvolutionNUFFT1,8,3,0.000672367
deconvolutionNUFFT1,8,4,0.000667983
deconvolutionNUFFT1,8,5,0.000840043
deconvolutionNUFFT1,8,6,0.00082897
deconvolutionNUFFT1,8,7,0.000671375
deconvolutionNUFFT1,8,8,0.000833674
deconvolutionNUFFT1,8,9,0.000676111
GatherPIFNUFFT,8,0,0.376658154
GatherPIFNUFFT,8,1,0.380080338
GatherPIFNUFFT,8,2,0.383802323
GatherPIFNUFFT,8,3,0.378884209
GatherPIFNUFFT,8,4,0.386455503
GatherPIFNUFFT,8,5,0.38252018
GatherPIFNUFFT,8,6,0.381437168
GatherPIFNUFFT,8,7,0.386937123
GatherPIFNUFFT,8,8,0.381332595
GatherPIFNUFFT,8,9,0.387659249
NativeNUFFT2,8,0,0.123758076
NativeNUFFT2,8,1,0.126230493
NativeNUFFT2,8,2,0.125072666
NativeNUFFT2,8,3,0.124119379
NativeNUFFT2,8,4,0.125358579
NativeNUFFT2,8,5,0.127577179
NativeNUFFT2,8,6,0.128751964
NativeNUFFT2,8,7,0.125078363
NativeNUFFT2,8,8,0.127341056
NativeNUFFT2,8,9,0.12267596
NativeNUFFT2,8,10,0.126444183
NativeNUFFT2,8,11,0.127218371
NativeNUFFT2,8,12,0.125685738
NativeNUFFT2,8,13,0.129413387
NativeNUFFT2,8,14,0.12784114
NativeNUFFT2,8,15,0.126340282
NativeNUFFT2,8,16,0.125792872
NativeNUFFT2,8,17,0.126457879
NativeNUFFT2,8,18,0.124875391
NativeNUFFT2,8,19,0.126293467
NativeNUFFT2,8,20,0.125886213
NativeNUFFT2,8,21,0.12950401
NativeNUFFT2,8,22,0.126871628
NativeNUFFT2,8,23,0.1281051
NativeNUFFT2,8,24,0.122279939
NativeNUFFT2,8,25,0.126441751
NativeNUFFT2,8,26,0.126730192
NativeNUFFT2,8,27,0.126215901
NativeNUFFT2,8,28,0.128789532
NativeNUFFT2,8,29,0.128630591
PrecorrectionNUFFT2,8,0,0.001588472
PrecorrectionNUFFT2,8,1,0.002548511
PrecorrectionNUFFT2,8,2,0.002537631
PrecorrectionNUFFT2,8,3,0.001608087
PrecorrectionNUFFT2,8,4,0.00254851
PrecorrectionNUFFT2,8,5,0.002545919
PrecorrectionNUFFT2,8,6,0.001586391
PrecorrectionNUFFT2,8,7,0.002544895
PrecorrectionNUFFT2,8,8,0.002548702
PrecorrectionNUFFT2,8,9,0.001613687
PrecorrectionNUFFT2,8,10,0.002552959
PrecorrectionNUFFT2,8,11,0.002546303
PrecorrectionNUFFT2,8,12,0.001606006
PrecorrectionNUFFT2,8,13,0.002549727
PrecorrectionNUFFT2,8,14,0.002541503
PrecorrectionNUFFT2,8,15,0.001601079
PrecorrectionNUFFT2,8,16,0.002547423
PrecorrectionNUFFT2,8,17,0.002546974
PrecorrectionNUFFT2,8,18,0.001617942
PrecorrectionNUFFT2,8,19,0.002546047
PrecorrectionNUFFT2,8,20,0.002546495
PrecorrectionNUFFT2,8,21,0.001590615
PrecorrectionNUFFT2,8,22,0.002568574
PrecorrectionNUFFT2,8,23,0.00254531
PrecorrectionNUFFT2,8,24,0.001628406
PrecorrectionNUFFT2,8,25,0.002546942
PrecorrectionNUFFT2,8,26,0.002542207
PrecorrectionNUFFT2,8,27,0.001591415
PrecorrectionNUFFT2,8,28,0.002560318
PrecorrectionNUFFT2,8,29,0.002549855
FFTNUFFT2,8,0,0.082757783
FFTNUFFT2,8,1,0.08465351
FFTNUFFT2,8,2,0.083709982
FFTNUFFT2,8,3,0.082133287
FFTNUFFT2,8,4,0.083798556
FFTNUFFT2,8,5,0.085658956
FFTNUFFT2,8,6,0.088215819
FFTNUFFT2,8,7,0.082272355
FFTNUFFT2,8,8,0.083237451
FFTNUFFT2,8,9,0.080504657
FFTNUFFT2,8,10,0.083590209
FFTNUFFT2,8,11,0.085226295
FFTNUFFT2,8,12,0.083775485
FFTNUFFT2,8,13,0.087595995
FFTNUFFT2,8,14,0.084724644
FFTNUFFT2,8,15,0.08397244
FFTNUFFT2,8,16,0.08389049
FFTNUFFT2,8,17,0.084237329
FFTNUFFT2,8,18,0.082383489
FFTNUFFT2,8,19,0.082854996
FFTNUFFT2,8,20,0.082575835
FFTNUFFT2,8,21,0.088464518
FFTNUFFT2,8,22,0.083749693
FFTNUFFT2,8,23,0.085130042
FFTNUFFT2,8,24,0.081391387
FFTNUFFT2,8,25,0.084478955
FFTNUFFT2,8,26,0.084269872
FFTNUFFT2,8,27,0.083060463
FFTNUFFT2,8,28,0.087020842
FFTNUFFT2,8,29,0.084613128
GatherNUFFT2,8,0,0.008552997
GatherNUFFT2,8,1,0.008160687
GatherNUFFT2,8,2,0.0079733
GatherNUFFT2,8,3,0.009726183
GatherNUFFT2,8,4,0.008109904
GatherNUFFT2,8,5,0.008453511
GatherNUFFT2,8,6,0.008107568
GatherNUFFT2,8,7,0.00939144
GatherNUFFT2,8,8,0.010724941
GatherNUFFT2,8,9,0.009599466
GatherNUFFT2,8,10,0.009415439
GatherNUFFT2,8,11,0.008687713
GatherNUFFT2,8,12,0.009157429
GatherNUFFT2,8,13,0.007988788
GatherNUFFT2,8,14,0.009339216
GatherNUFFT2,8,15,0.009172533
GatherNUFFT2,8,16,0.008190094
GatherNUFFT2,8,17,0.008368234
GatherNUFFT2,8,18,0.009557515
GatherNUFFT2,8,19,0.009431246
GatherNUFFT2,8,20,0.009403887
GatherNUFFT2,8,21,0.008093744
GatherNUFFT2,8,22,0.009154646
GatherNUFFT2,8,23,0.009226932
GatherNUFFT2,8,24,0.008079857
GatherNUFFT2,8,25,0.008130927
GatherNUFFT2,8,26,0.008485191
GatherNUFFT2,8,27,0.010213883
GatherNUFFT2,8,28,0.007964149
GatherNUFFT2,8,29,0.009936257
mainTimer,9,0,7.178253309
dumpData,9,0,0.008986778
dumpData,9,1,0.006510905
dumpData,9,2,0.007243878
dumpData,9,3,0.007270342
dumpData,9,4,0.007161705
dumpData,9,5,0.007954612
dumpData,9,6,0.006851505
dumpData,9,7,0.006916591
dumpData,9,8,0.006768146
dumpData,9,9,0.006749587
kick,9,0,4.2943e-05
kick,9,1,9.983e-06
kick,9,2,4.0383e-05
kick,9,3,1.1424e-05
kick,9,4,4.6975e-05
kick,9,5,1.0816e-05
kick,9,6,4.9663e-05
kick,9,7,8.735e-06
kick,9,8,4.7902e-05
kick,9,9,9.856e-06
kick,9,10,4.5983e-05
kick,9,11,1.6991e-05
kick,9,12,5.0239e-05
kick,9,13,9.824e-06
kick,9,14,4.2847e-05
kick,9,15,9.792e-06
kick,9,16,4.5375e-05
kick,9,17,1.5712e-05
kick,9,18,4.6303e-05
kick,9,19,8.607e-06
drift,9,0,5.792e-06
drift,9,1,6.143e-06
drift,9,2,6.528e-06
drift,9,3,7.551e-06
drift,9,4,6.016e-06
drift,9,5,7.52e-06
drift,9,6,5.792e-06
drift,9,7,6.144e-06
drift,9,8,6.752e-06
drift,9,9,6.591e-06
particleBC,9,0,1.0944e-05
particleBC,9,1,1.0304e-05
particleBC,9,2,1.0975e-05
particleBC,9,3,1.0432e-05
particleBC,9,4,1.2224e-05
particleBC,9,5,1.1167e-05
particleBC,9,6,1.0208e-05
particleBC,9,7,1.0208e-05
particleBC,9,8,1.2224e-05
particleBC,9,9,9.664e-06
updateParticle,9,0,0.008518757
updateParticle,9,1,0.008642211
updateParticle,9,2,0.008499494
updateParticle,9,3,0.008799743
updateParticle,9,4,0.008822462
updateParticle,9,5,0.008493863
updateParticle,9,6,0.008812414
updateParticle,9,7,0.008546341
updateParticle,9,8,0.008567428
updateParticle,9,9,0.008616067
locateParticles,9,0,0.003791038
locateParticles,9,1,0.003796895
locateParticles,9,2,0.003790431
locateParticles,9,3,0.003809535
locateParticles,9,4,0.003800415
locateParticles,9,5,0.003807199
locateParticles,9,6,0.003801247
locateParticles,9,7,0.003808766
locateParticles,9,8,0.003795774
locateParticles,9,9,0.003801439
sendPreprocess,9,0,0.000290489
sendPreprocess,9,1,0.00030572
sendPreprocess,9,2,0.000272377
sendPreprocess,9,3,0.000266266
sendPreprocess,9,4,0.000289625
sendPreprocess,9,5,0.000254489
sendPreprocess,9,6,0.000289176
sendPreprocess,9,7,0.000259289
sendPreprocess,9,8,0.000283577
sendPreprocess,9,9,0.000298712
particleSend,9,0,0.000837483
particleSend,9,1,0.000869002
particleSend,9,2,0.000846634
particleSend,9,3,0.000894249
particleSend,9,4,0.000863274
particleSend,9,5,0.000851274
particleSend,9,6,0.000927593
particleSend,9,7,0.000828523
particleSend,9,8,0.000848618
particleSend,9,9,0.000862666
particleRecv,9,0,3.4271e-05
particleRecv,9,1,3.1231e-05
particleRecv,9,2,3.3151e-05
particleRecv,9,3,2.9279e-05
particleRecv,9,4,3.7599e-05
particleRecv,9,5,2.8576e-05
particleRecv,9,6,3.0432e-05
particleRecv,9,7,3.2159e-05
particleRecv,9,8,3.3663e-05
particleRecv,9,9,3.1263e-05
particleDestroy,9,0,0.002779768
particleDestroy,9,1,0.002768441
particleDestroy,9,2,0.002767897
particleDestroy,9,3,0.002769561
particleDestroy,9,4,0.002768569
particleDestroy,9,5,0.00277996
particleDestroy,9,6,0.002773433
particleDestroy,9,7,0.002807384
particleDestroy,9,8,0.002804729
particleDestroy,9,9,0.002807032
ScatterPIFNUFFT,9,0,0.407477845
ScatterPIFNUFFT,9,1,3.3055e-05
ScatterPIFNUFFT,9,2,0.311023453
ScatterPIFNUFFT,9,3,2.3936e-05
ScatterPIFNUFFT,9,4,0.321657965
ScatterPIFNUFFT,9,5,1.4399e-05
ScatterPIFNUFFT,9,6,0.335558953
ScatterPIFNUFFT,9,7,4.3039e-05
ScatterPIFNUFFT,9,8,0.48725948
ScatterPIFNUFFT,9,9,3.9071e-05
ScatterPIFNUFFT,9,10,0.328207781
ScatterPIFNUFFT,9,11,3.0879e-05
ScatterPIFNUFFT,9,12,0.182340351
ScatterPIFNUFFT,9,13,2.6271e-05
ScatterPIFNUFFT,9,14,0.29025432
ScatterPIFNUFFT,9,15,2.0128e-05
ScatterPIFNUFFT,9,16,0.290814883
ScatterPIFNUFFT,9,17,2.7647e-05
ScatterPIFNUFFT,9,18,0.181741262
ScatterPIFNUFFT,9,19,3.3983e-05
NativeNUFFT1,9,0,0.402926825
NativeNUFFT1,9,1,0.306563472
NativeNUFFT1,9,2,0.317180255
NativeNUFFT1,9,3,0.331097435
NativeNUFFT1,9,4,0.482852617
NativeNUFFT1,9,5,0.323724536
NativeNUFFT1,9,6,0.177839667
NativeNUFFT1,9,7,0.285806082
NativeNUFFT1,9,8,0.287345499
NativeNUFFT1,9,9,0.177278369
scatterTimerNUFFT1,9,0,0.320008695
scatterTimerNUFFT1,9,1,0.22228736
scatterTimerNUFFT1,9,2,0.233626172
scatterTimerNUFFT1,9,3,0.247789841
scatterTimerNUFFT1,9,4,0.401381553
scatterTimerNUFFT1,9,5,0.239533062
scatterTimerNUFFT1,9,6,0.094032822
scatterTimerNUFFT1,9,7,0.200897986
scatterTimerNUFFT1,9,8,0.201919017
scatterTimerNUFFT1,9,9,0.094302415
binSort,9,0,0.004335569
binSort,9,1,0.004340113
binSort,9,2,0.004381296
binSort,9,3,0.004369104
binSort,9,4,0.004327889
binSort,9,5,0.004393935
binSort,9,6,0.004395503
binSort,9,7,0.004350352
binSort,9,8,0.004327121
binSort,9,9,0.004401423
binSort,9,10,0.004401583
binSort,9,11,0.004390768
binSort,9,12,0.004343728
binSort,9,13,0.004368272
binSort,9,14,0.004413007
binSort,9,15,0.004352337
binSort,9,16,0.004340208
binSort,9,17,0.00437032
binSort,9,18,0.0043476
binSort,9,19,0.00436024
binSort,9,20,0.004323313
binSort,9,21,0.004420687
binSort,9,22,0.004361904
binSort,9,23,0.004341425
binSort,9,24,0.004355728
binSort,9,25,0.004376592
binSort,9,26,0.004362161
binSort,9,27,0.00437368
binSort,9,28,0.004345297
binSort,9,29,0.004435887
binSort,9,30,0.004371056
binSort,9,31,0.00442875
binSort,9,32,0.004378768
binSort,9,33,0.004380879
binSort,9,34,0.004375472
binSort,9,35,0.004409775
binSort,9,36,0.004355152
binSort,9,37,0.004376784
binSort,9,38,0.004364113
binSort,9,39,0.004400399
binComputeKeys,9,0,0.000415509
binComputeKeys,9,1,0.000417045
binComputeKeys,9,2,0.000445396
binComputeKeys,9,3,0.000431061
binComputeKeys,9,4,0.000410198
binComputeKeys,9,5,0.000417109
binComputeKeys,9,6,0.000408182
binComputeKeys,9,7,0.000435605
binComputeKeys,9,8,0.000415701
binComputeKeys,9,9,0.000408021
binComputeKeys,9,10,0.000412149
binComputeKeys,9,11,0.000421173
binComputeKeys,9,12,0.000419221
binComputeKeys,9,13,0.000423478
binComputeKeys,9,14,0.00040767
binComputeKeys,9,15,0.000423509
binComputeKeys,9,16,0.000415573
binComputeKeys,9,17,0.000435989
binComputeKeys,9,18,0.000435733
binComputeKeys,9,19,0.000426101
binComputeKeys,9,20,0.000408374
binComputeKeys,9,21,0.000436245
binComputeKeys,9,22,0.000451252
binComputeKeys,9,23,0.000424821
binComputeKeys,9,24,0.000418165
binComputeKeys,9,25,0.000439637
binComputeKeys,9,26,0.000431381
binComputeKeys,9,27,0.000427477
binComputeKeys,9,28,0.00041951
binComputeKeys,9,29,0.000410838
binComputeKeys,9,30,0.000421685
binComputeKeys,9,31,0.000433269
binComputeKeys,9,32,0.00041231
binComputeKeys,9,33,0.000439956
binComputeKeys,9,34,0.000440533
binComputeKeys,9,35,0.000413077
binComputeKeys,9,36,0.000427445
binComputeKeys,9,37,0.000436885
binComputeKeys,9,38,0.000438709
binComputeKeys,9,39,0.000423765
binSortByKey,9,0,0.003714241
binSortByKey,9,1,0.003724545
binSortByKey,9,2,0.003736481
binSortByKey,9,3,0.003734912
binSortByKey,9,4,0.003710176
binSortByKey,9,5,0.003766303
binSortByKey,9,6,0.003762399
binSortByKey,9,7,0.003715553
binSortByKey,9,8,0.003704833
binSortByKey,9,9,0.003774463
binSortByKey,9,10,0.003773631
binSortByKey,9,11,0.00375696
binSortByKey,9,12,0.003719072
binSortByKey,9,13,0.003744353
binSortByKey,9,14,0.003777791
binSortByKey,9,15,0.003728385
binSortByKey,9,16,0.003720257
binSortByKey,9,17,0.003731713
binSortByKey,9,18,0.003714176
binSortByKey,9,19,0.003728928
binSortByKey,9,20,0.003710657
binSortByKey,9,21,0.003775071
binSortByKey,9,22,0.003713473
binSortByKey,9,23,0.003720033
binSortByKey,9,24,0.003732289
binSortByKey,9,25,0.003734752
binSortByKey,9,26,0.003733089
binSortByKey,9,27,0.003748992
binSortByKey,9,28,0.003720768
binSortByKey,9,29,0.00380851
binSortByKey,9,30,0.003748768
binSortByKey,9,31,0.003787135
binSortByKey,9,32,0.003749504
binSortByKey,9,33,0.003741216
binSortByKey,9,34,0.003736864
binSortByKey,9,35,0.00377056
binSortByKey,9,36,0.003722337
binSortByKey,9,37,0.003741152
binSortByKey,9,38,0.003726081
binSortByKey,9,39,0.00376416
binComputeOffsets,9,0,0.000204379
binComputeOffsets,9,1,0.000197755
binComputeOffsets,9,2,0.000195931
binComputeOffsets,9,3,0.000201659
binComputeOffsets,9,4,0.000205915
binComputeOffsets,9,5,0.000208955
binComputeOffsets,9,6,0.000221146
binComputeOffsets,9,7,0.000197147
binComputeOffsets,9,8,0.000204891
binComputeOffsets,9,9,0.000215643
binComputeOffsets,9,10,0.000210651
binComputeOffsets,9,11,0.000211291
binComputeOffsets,9,12,0.000203835
binComputeOffsets,9,13,0.000197915
binComputeOffsets,9,14,0.000223418
binComputeOffsets,9,15,0.000198139
binComputeOffsets,9,16,0.000201082
binComputeOffsets,9,17,0.000199834
binComputeOffsets,9,18,0.000195419
binComputeOffsets,9,19,0.000201435
binComputeOffsets,9,20,0.000202394
binComputeOffsets,9,21,0.000206331
binComputeOffsets,9,22,0.000194971
binComputeOffsets,9,23,0.000195227
binComputeOffsets,9,24,0.00020361
binComputeOffsets,9,25,0.000199707
binComputeOffsets,9,26,0.000195259
binComputeOffsets,9,27,0.000195483
binComputeOffsets,9,28,0.000203067
binComputeOffsets,9,29,0.000212571
binComputeOffsets,9,30,0.000196475
binComputeOffsets,9,31,0.000204378
binComputeOffsets,9,32,0.000213754
binComputeOffsets,9,33,0.000197627
binComputeOffsets,9,34,0.000195547
binComputeOffsets,9,35,0.000221947
binComputeOffsets,9,36,0.00020313
binComputeOffsets,9,37,0.000197531
binComputeOffsets,9,38,0.000196571
binComputeOffsets,9,39,0.00020985
FFTNUFFT1,9,0,0.081950123
FFTNUFFT1,9,1,0.083604833
FFTNUFFT1,9,2,0.082892532
FFTNUFFT1,9,3,0.082628316
FFTNUFFT1,9,4,0.080785194
FFTNUFFT1,9,5,0.083335496
FFTNUFFT1,9,6,0.082953939
FFTNUFFT1,9,7,0.084060982
FFTNUFFT1,9,8,0.084573096
FFTNUFFT1,9,9,0.082280419
deconvolutionNUFFT1,9,0,0.000966247
deconvolutionNUFFT1,9,1,0.000667695
deconvolutionNUFFT1,9,2,0.000659087
deconvolutionNUFFT1,9,3,0.000675982
deconvolutionNUFFT1,9,4,0.000683054
deconvolutionNUFFT1,9,5,0.000854218
deconvolutionNUFFT1,9,6,0.000850762
deconvolutionNUFFT1,9,7,0.000844042
deconvolutionNUFFT1,9,8,0.000849578
deconvolutionNUFFT1,9,9,0.000693647
GatherPIFNUFFT,9,0,0.383178947
GatherPIFNUFFT,9,1,0.381021818
GatherPIFNUFFT,9,2,0.380615845
GatherPIFNUFFT,9,3,0.381022938
GatherPIFNUFFT,9,4,0.388126916
GatherPIFNUFFT,9,5,0.379516737
GatherPIFNUFFT,9,6,0.381899139
GatherPIFNUFFT,9,7,0.385363852
GatherPIFNUFFT,9,8,0.380880351
GatherPIFNUFFT,9,9,0.385215344
NativeNUFFT2,9,0,0.127694327
NativeNUFFT2,9,1,0.126973002
NativeNUFFT2,9,2,0.12485056
NativeNUFFT2,9,3,0.126417848
NativeNUFFT2,9,4,0.12484928
NativeNUFFT2,9,5,0.127202179
NativeNUFFT2,9,6,0.125765609
NativeNUFFT2,9,7,0.125792008
NativeNUFFT2,9,8,0.127445661
NativeNUFFT2,9,9,0.124349101
NativeNUFFT2,9,10,0.126332858
NativeNUFFT2,9,11,0.127344096
NativeNUFFT2,9,12,0.127168709
NativeNUFFT2,9,13,0.129877727
NativeNUFFT2,9,14,0.127031656
NativeNUFFT2,9,15,0.125413042
NativeNUFFT2,9,16,0.12661733
NativeNUFFT2,9,17,0.125864838
NativeNUFFT2,9,18,0.126201341
NativeNUFFT2,9,19,0.126494806
NativeNUFFT2,9,20,0.12620387
NativeNUFFT2,9,21,0.127133062
NativeNUFFT2,9,22,0.126997129
NativeNUFFT2,9,23,0.128396997
NativeNUFFT2,9,24,0.12452113
NativeNUFFT2,9,25,0.126058017
NativeNUFFT2,9,26,0.125234134
NativeNUFFT2,9,27,0.125224983
NativeNUFFT2,9,28,0.130350613
NativeNUFFT2,9,29,0.12704052
PrecorrectionNUFFT2,9,0,0.001637462
PrecorrectionNUFFT2,9,1,0.002633853
PrecorrectionNUFFT2,9,2,0.002627325
PrecorrectionNUFFT2,9,3,0.001626807
PrecorrectionNUFFT2,9,4,0.002621853
PrecorrectionNUFFT2,9,5,0.002615645
PrecorrectionNUFFT2,9,6,0.001624662
PrecorrectionNUFFT2,9,7,0.002639197
PrecorrectionNUFFT2,9,8,0.002617277
PrecorrectionNUFFT2,9,9,0.001633014
PrecorrectionNUFFT2,9,10,0.002624636
PrecorrectionNUFFT2,9,11,0.002635868
PrecorrectionNUFFT2,9,12,0.001634006
PrecorrectionNUFFT2,9,13,0.002622429
PrecorrectionNUFFT2,9,14,0.002625532
PrecorrectionNUFFT2,9,15,0.001622519
PrecorrectionNUFFT2,9,16,0.002631964
PrecorrectionNUFFT2,9,17,0.002621661
PrecorrectionNUFFT2,9,18,0.00164223
PrecorrectionNUFFT2,9,19,0.002623613
PrecorrectionNUFFT2,9,20,0.002624189
PrecorrectionNUFFT2,9,21,0.001616438
PrecorrectionNUFFT2,9,22,0.002631037
PrecorrectionNUFFT2,9,23,0.002630045
PrecorrectionNUFFT2,9,24,0.001625239
PrecorrectionNUFFT2,9,25,0.002624893
PrecorrectionNUFFT2,9,26,0.002614205
PrecorrectionNUFFT2,9,27,0.001619447
PrecorrectionNUFFT2,9,28,0.002625821
PrecorrectionNUFFT2,9,29,0.002615517
FFTNUFFT2,9,0,0.085460626
FFTNUFFT2,9,1,0.083562627
FFTNUFFT2,9,2,0.081682994
FFTNUFFT2,9,3,0.082161255
FFTNUFFT2,9,4,0.080557807
FFTNUFFT2,9,5,0.083956057
FFTNUFFT2,9,6,0.083543843
FFTNUFFT2,9,7,0.081065378
FFTNUFFT2,9,8,0.081871501
FFTNUFFT2,9,9,0.082034026
FFTNUFFT2,9,10,0.080580015
FFTNUFFT2,9,11,0.083624737
FFTNUFFT2,9,12,0.084804707
FFTNUFFT2,9,13,0.086119872
FFTNUFFT2,9,14,0.084059734
FFTNUFFT2,9,15,0.082462846
FFTNUFFT2,9,16,0.083104846
FFTNUFFT2,9,17,0.082543549
FFTNUFFT2,9,18,0.083687903
FFTNUFFT2,9,19,0.082610491
FFTNUFFT2,9,20,0.082897747
FFTNUFFT2,9,21,0.084526443
FFTNUFFT2,9,22,0.08300632
FFTNUFFT2,9,23,0.084020374
FFTNUFFT2,9,24,0.082081737
FFTNUFFT2,9,25,0.082411744
FFTNUFFT2,9,26,0.081407513
FFTNUFFT2,9,27,0.082140646
FFTNUFFT2,9,28,0.086201151
FFTNUFFT2,9,29,0.081898509
GatherNUFFT2,9,0,0.008503366
GatherNUFFT2,9,1,0.008492071
GatherNUFFT2,9,2,0.008297195
GatherNUFFT2,9,3,0.010552209
GatherNUFFT2,9,4,0.009561291
GatherNUFFT2,9,5,0.008370314
GatherNUFFT2,9,6,0.008493926
GatherNUFFT2,9,7,0.009687656
GatherNUFFT2,9,8,0.01087409
GatherNUFFT2,9,9,0.008383529
GatherNUFFT2,9,10,0.010756332
GatherNUFFT2,9,11,0.008911292
GatherNUFFT2,9,12,0.008396489
GatherNUFFT2,9,13,0.008864157
GatherNUFFT2,9,14,0.008300523
GatherNUFFT2,9,15,0.009004121
GatherNUFFT2,9,16,0.008492551
GatherNUFFT2,9,17,0.008532197
GatherNUFFT2,9,18,0.008512645
GatherNUFFT2,9,19,0.008855837
GatherNUFFT2,9,20,0.008420809
GatherNUFFT2,9,21,0.008626211
GatherNUFFT2,9,22,0.008864285
GatherNUFFT2,9,23,0.009158901
GatherNUFFT2,9,24,0.008464423
GatherNUFFT2,9,25,0.00858666
GatherNUFFT2,9,26,0.008782879
GatherNUFFT2,9,27,0.008576581
GatherNUFFT2,9,28,0.008726114
GatherNUFFT2,9,29,0.009915714
mainTimer,10,0,7.178253149
dumpData,10,0,0.012431489
dumpData,10,1,0.009687975
dumpData,10,2,0.010515634
dumpData,10,3,0.011287967
dumpData,10,4,0.010037534
dumpData,10,5,0.011301214
dumpData,10,6,0.010815019
dumpData,10,7,0.01060936
dumpData,10,8,0.008932251
dumpData,10,9,0.009923713
kick,10,0,4.2975e-05
kick,10,1,1.1264e-05
kick,10,2,3.8943e-05
kick,10,3,1.216e-05
kick,10,4,4.6335e-05
kick,10,5,1.3216e-05
kick,10,6,5.0463e-05
kick,10,7,1.3215e-05
kick,10,8,4.7518e-05
kick,10,9,1.1008e-05
kick,10,10,4.5087e-05
kick,10,11,1.2928e-05
kick,10,12,5.0207e-05
kick,10,13,9.44e-06
kick,10,14,4.5247e-05
kick,10,15,1.2704e-05
kick,10,16,4.5215e-05
kick,10,17,1.2704e-05
kick,10,18,4.4831e-05
kick,10,19,1.1136e-05
drift,10,0,6.848e-06
drift,10,1,5.151e-06
drift,10,2,4.992e-06
drift,10,3,5.312e-06
drift,10,4,6.496e-06
drift,10,5,7.36e-06
drift,10,6,5.696e-06
drift,10,7,5.6e-06
drift,10,8,5.632e-06
drift,10,9,5.344e-06
particleBC,10,0,1.104e-05
particleBC,10,1,9.824e-06
particleBC,10,2,1.1839e-05
particleBC,10,3,1.0016e-05
particleBC,10,4,1.0432e-05
particleBC,10,5,9.663e-06
particleBC,10,6,1.0207e-05
particleBC,10,7,9.632e-06
particleBC,10,8,1.0656e-05
particleBC,10,9,1.056e-05
updateParticle,10,0,0.008514757
updateParticle,10,1,0.008521446
updateParticle,10,2,0.008487559
updateParticle,10,3,0.008686818
updateParticle,10,4,0.008837661
updateParticle,10,5,0.008529862
updateParticle,10,6,0.008802975
updateParticle,10,7,0.008481254
updateParticle,10,8,0.008507302
updateParticle,10,9,0.008556229
locateParticles,10,0,0.003555269
locateParticles,10,1,0.003536261
locateParticles,10,2,0.003524134
locateParticles,10,3,0.003553061
locateParticles,10,4,0.003562565
locateParticles,10,5,0.003551141
locateParticles,10,6,0.003547813
locateParticles,10,7,0.003549765
locateParticles,10,8,0.003537221
locateParticles,10,9,0.003557125
sendPreprocess,10,0,0.000525235
sendPreprocess,10,1,0.00056725
sendPreprocess,10,2,0.000537362
sendPreprocess,10,3,0.000522611
sendPreprocess,10,4,0.00052629
sendPreprocess,10,5,0.000512307
sendPreprocess,10,6,0.000544594
sendPreprocess,10,7,0.000515923
sendPreprocess,10,8,0.000543346
sendPreprocess,10,9,0.000543442
particleSend,10,0,0.000837451
particleSend,10,1,0.000906025
particleSend,10,2,0.000827371
particleSend,10,3,0.000889481
particleSend,10,4,0.000949448
particleSend,10,5,0.000844779
particleSend,10,6,0.000878538
particleSend,10,7,0.000867466
particleSend,10,8,0.00084401
particleSend,10,9,0.000900169
particleRecv,10,0,3.1552e-05
particleRecv,10,1,2.6687e-05
particleRecv,10,2,3.4943e-05
particleRecv,10,3,2.6591e-05
particleRecv,10,4,2.5951e-05
particleRecv,10,5,3.0304e-05
particleRecv,10,6,3.5423e-05
particleRecv,10,7,2.6943e-05
particleRecv,10,8,3.3024e-05
particleRecv,10,9,2.6815e-05
particleDestroy,10,0,0.002497632
particleDestroy,10,1,0.002490112
particleDestroy,10,2,0.002500736
particleDestroy,10,3,0.002499008
particleDestroy,10,4,0.002480256
particleDestroy,10,5,0.002508319
particleDestroy,10,6,0.002512447
particleDestroy,10,7,0.002498368
particleDestroy,10,8,0.00254227
particleDestroy,10,9,0.00250176
ScatterPIFNUFFT,10,0,0.408436444
ScatterPIFNUFFT,10,1,2.4576e-05
ScatterPIFNUFFT,10,2,0.309632769
ScatterPIFNUFFT,10,3,1.856e-05
ScatterPIFNUFFT,10,4,0.320064598
ScatterPIFNUFFT,10,5,2.1632e-05
ScatterPIFNUFFT,10,6,0.333884211
ScatterPIFNUFFT,10,7,2.2399e-05
ScatterPIFNUFFT,10,8,0.488764466
ScatterPIFNUFFT,10,9,2.3711e-05
ScatterPIFNUFFT,10,10,0.32811108
ScatterPIFNUFFT,10,11,3.3375e-05
ScatterPIFNUFFT,10,12,0.182350335
ScatterPIFNUFFT,10,13,2.8831e-05
ScatterPIFNUFFT,10,14,0.286957253
ScatterPIFNUFFT,10,15,2.3455e-05
ScatterPIFNUFFT,10,16,0.290936159
ScatterPIFNUFFT,10,17,2.7583e-05
ScatterPIFNUFFT,10,18,0.181415318
ScatterPIFNUFFT,10,19,2.3552e-05
NativeNUFFT1,10,0,0.403910801
NativeNUFFT1,10,1,0.305140405
NativeNUFFT1,10,2,0.315605224
NativeNUFFT1,10,3,0.329409318
NativeNUFFT1,10,4,0.484324196
NativeNUFFT1,10,5,0.323634106
NativeNUFFT1,10,6,0.177790228
NativeNUFFT1,10,7,0.282489015
NativeNUFFT1,10,8,0.287399417
NativeNUFFT1,10,9,0.176935785
scatterTimerNUFFT1,10,0,0.31860102
scatterTimerNUFFT1,10,1,0.220398449
scatterTimerNUFFT1,10,2,0.232753554
scatterTimerNUFFT1,10,3,0.246602831
scatterTimerNUFFT1,10,4,0.40044465
scatterTimerNUFFT1,10,5,0.237450651
scatterTimerNUFFT1,10,6,0.092796181
scatterTimerNUFFT1,10,7,0.200156565
scatterTimerNUFFT1,10,8,0.201094749
scatterTimerNUFFT1,10,9,0.093533539
binSort,10,0,0.004017561
binSort,10,1,0.003968667
binSort,10,2,0.00396713
binSort,10,3,0.003975802
binSort,10,4,0.004021176
binSort,10,5,0.003925211
binSort,10,6,0.003924124
binSort,10,7,0.003976154
binSort,10,8,0.004005785
binSort,10,9,0.003941211
binSort,10,10,0.003913276
binSort,10,11,0.003945883
binSort,10,12,0.004005689
binSort,10,13,0.003954235
binSort,10,14,0.003917563
binSort,10,15,0.003931387
binSort,10,16,0.004014489
binSort,10,17,0.003947226
binSort,10,18,0.003985978
binSort,10,19,0.003925468
binSort,10,20,0.003990969
binSort,10,21,0.003946299
binSort,10,22,0.003976186
binSort,10,23,0.003963802
binSort,10,24,0.004009017
binSort,10,25,0.003958074
binSort,10,26,0.003955002
binSort,10,27,0.003939547
binSort,10,28,0.004010585
binSort,10,29,0.003916444
binSort,10,30,0.003933531
binSort,10,31,0.003933435
binSort,10,32,0.003993882
binSort,10,33,0.003945115
binSort,10,34,0.003962202
binSort,10,35,0.003928155
binSort,10,36,0.00400313
binSort,10,37,0.003957754
binSort,10,38,0.003977722
binSort,10,39,0.003922172
binComputeKeys,10,0,0.000375958
binComputeKeys,10,1,0.000361591
binComputeKeys,10,2,0.000386358
binComputeKeys,10,3,0.00038207
binComputeKeys,10,4,0.000389238
binComputeKeys,10,5,0.000379926
binComputeKeys,10,6,0.000386998
binComputeKeys,10,7,0.00038559
binComputeKeys,10,8,0.000376438
binComputeKeys,10,9,0.00039039
binComputeKeys,10,10,0.000381431
binComputeKeys,10,11,0.000383799
binComputeKeys,10,12,0.000375542
binComputeKeys,10,13,0.000377335
binComputeKeys,10,14,0.000385334
binComputeKeys,10,15,0.000364087
binComputeKeys,10,16,0.000382326
binComputeKeys,10,17,0.000368374
binComputeKeys,10,18,0.000385174
binComputeKeys,10,19,0.000363031
binComputeKeys,10,20,0.000371606
binComputeKeys,10,21,0.000390614
binComputeKeys,10,22,0.000375318
binComputeKeys,10,23,0.000362166
binComputeKeys,10,24,0.000374551
binComputeKeys,10,25,0.000373974
binComputeKeys,10,26,0.00037583
binComputeKeys,10,27,0.000378294
binComputeKeys,10,28,0.000382678
binComputeKeys,10,29,0.000381686
binComputeKeys,10,30,0.000382902
binComputeKeys,10,31,0.00038431
binComputeKeys,10,32,0.000369495
binComputeKeys,10,33,0.000374646
binComputeKeys,10,34,0.000382999
binComputeKeys,10,35,0.000390326
binComputeKeys,10,36,0.000372759
binComputeKeys,10,37,0.000380694
binComputeKeys,10,38,0.000402773
binComputeKeys,10,39,0.000379351
binSortByKey,10,0,0.003437256
binSortByKey,10,1,0.003407049
binSortByKey,10,2,0.003379434
binSortByKey,10,3,0.003398953
binSortByKey,10,4,0.003428841
binSortByKey,10,5,0.003358698
binSortByKey,10,6,0.003345386
binSortByKey,10,7,0.003396553
binSortByKey,10,8,0.003423496
binSortByKey,10,9,0.003357738
binSortByKey,10,10,0.00334273
binSortByKey,10,11,0.003376553
binSortByKey,10,12,0.003428936
binSortByKey,10,13,0.003375433
binSortByKey,10,14,0.003347818
binSortByKey,10,15,0.003358442
binSortByKey,10,16,0.003426088
binSortByKey,10,17,0.00337409
binSortByKey,10,18,0.003403401
binSortByKey,10,19,0.003355818
binSortByKey,10,20,0.003415817
binSortByKey,10,21,0.003371818
binSortByKey,10,22,0.003398185
binSortByKey,10,23,0.003392937
binSortByKey,10,24,0.003430825
binSortByKey,10,25,0.003392265
binSortByKey,10,26,0.003388329
binSortByKey,10,27,0.003358506
binSortByKey,10,28,0.003424424
binSortByKey,10,29,0.003343626
binSortByKey,10,30,0.003360714
binSortByKey,10,31,0.003360298
binSortByKey,10,32,0.003413961
binSortByKey,10,33,0.003369642
binSortByKey,10,34,0.003384777
binSortByKey,10,35,0.00334609
binSortByKey,10,36,0.003424584
binSortByKey,10,37,0.003375562
binSortByKey,10,38,0.003383594
binSortByKey,10,39,0.003356586
binComputeOffsets,10,0,0.000200795
binComputeOffsets,10,1,0.000196859
binComputeOffsets,10,2,0.000197403
binComputeOffsets,10,3,0.000191163
binComputeOffsets,10,4,0.000198906
binComputeOffsets,10,5,0.000184667
binComputeOffsets,10,6,0.000187964
binComputeOffsets,10,7,0.000190235
binComputeOffsets,10,8,0.000200475
binComputeOffsets,10,9,0.000190907
binComputeOffsets,10,10,0.000185467
binComputeOffsets,10,11,0.000184059
binComputeOffsets,10,12,0.000195899
binComputeOffsets,10,13,0.000195771
binComputeOffsets,10,14,0.000182747
binComputeOffsets,10,15,0.000206458
binComputeOffsets,10,16,0.000197179
binComputeOffsets,10,17,0.000201498
binComputeOffsets,10,18,0.000191867
binComputeOffsets,10,19,0.000203355
binComputeOffsets,10,20,0.000198298
binComputeOffsets,10,21,0.000182299
binComputeOffsets,10,22,0.000199515
binComputeOffsets,10,23,0.000205179
binComputeOffsets,10,24,0.000198491
binComputeOffsets,10,25,0.000190619
binComputeOffsets,10,26,0.000189339
binComputeOffsets,10,27,0.000199643
binComputeOffsets,10,28,0.000197723
binComputeOffsets,10,29,0.00018662
binComputeOffsets,10,30,0.000187643
binComputeOffsets,10,31,0.000183355
binComputeOffsets,10,32,0.000202459
binComputeOffsets,10,33,0.000197115
binComputeOffsets,10,34,0.000192059
binComputeOffsets,10,35,0.000187931
binComputeOffsets,10,36,0.000201211
binComputeOffsets,10,37,0.000197083
binComputeOffsets,10,38,0.000189179
binComputeOffsets,10,39,0.000184764
FFTNUFFT1,10,0,0.084466219
FFTNUFFT1,10,1,0.083911321
FFTNUFFT1,10,2,0.082186439
FFTNUFFT1,10,3,0.081977708
FFTNUFFT1,10,4,0.083210859
FFTNUFFT1,10,5,0.085342613
FFTNUFFT1,10,6,0.084153364
FFTNUFFT1,10,7,0.081504183
FFTNUFFT1,10,8,0.085456338
FFTNUFFT1,10,9,0.082666713
deconvolutionNUFFT1,10,0,0.000840554
deconvolutionNUFFT1,10,1,0.000824907
deconvolutionNUFFT1,10,2,0.00065912
deconvolutionNUFFT1,10,3,0.000823403
deconvolutionNUFFT1,10,4,0.000661551
deconvolutionNUFFT1,10,5,0.000837482
deconvolutionNUFFT1,10,6,0.000838667
deconvolutionNUFFT1,10,7,0.000823403
deconvolutionNUFFT1,10,8,0.000844394
deconvolutionNUFFT1,10,9,0.000732141
GatherPIFNUFFT,10,0,0.376718504
GatherPIFNUFFT,10,1,0.381558124
GatherPIFNUFFT,10,2,0.380008116
GatherPIFNUFFT,10,3,0.380350027
GatherPIFNUFFT,10,4,0.381861764
GatherPIFNUFFT,10,5,0.380829919
GatherPIFNUFFT,10,6,0.374951574
GatherPIFNUFFT,10,7,0.38530459
GatherPIFNUFFT,10,8,0.379332071
GatherPIFNUFFT,10,9,0.385096627
NativeNUFFT2,10,0,0.122620761
NativeNUFFT2,10,1,0.127104231
NativeNUFFT2,10,2,0.124818849
NativeNUFFT2,10,3,0.124764226
NativeNUFFT2,10,4,0.125349331
NativeNUFFT2,10,5,0.127298049
NativeNUFFT2,10,6,0.125173464
NativeNUFFT2,10,7,0.124561671
NativeNUFFT2,10,8,0.127175492
NativeNUFFT2,10,9,0.125071451
NativeNUFFT2,10,10,0.126535861
NativeNUFFT2,10,11,0.1265445
NativeNUFFT2,10,12,0.122351104
NativeNUFFT2,10,13,0.129196016
NativeNUFFT2,10,14,0.127734614
NativeNUFFT2,10,15,0.124166577
NativeNUFFT2,10,16,0.126392248
NativeNUFFT2,10,17,0.125866406
NativeNUFFT2,10,18,0.121358201
NativeNUFFT2,10,19,0.125586861
NativeNUFFT2,10,20,0.126357913
NativeNUFFT2,10,21,0.128078735
NativeNUFFT2,10,22,0.126596468
NativeNUFFT2,10,23,0.127725238
NativeNUFFT2,10,24,0.12067646
NativeNUFFT2,10,25,0.126295579
NativeNUFFT2,10,26,0.126921195
NativeNUFFT2,10,27,0.122135718
NativeNUFFT2,10,28,0.129623206
NativeNUFFT2,10,29,0.127777621
PrecorrectionNUFFT2,10,0,0.001585559
PrecorrectionNUFFT2,10,1,0.002484961
PrecorrectionNUFFT2,10,2,0.002492864
PrecorrectionNUFFT2,10,3,0.001570936
PrecorrectionNUFFT2,10,4,0.00249264
PrecorrectionNUFFT2,10,5,0.002490624
PrecorrectionNUFFT2,10,6,0.001591351
PrecorrectionNUFFT2,10,7,0.00250272
PrecorrectionNUFFT2,10,8,0.002498752
PrecorrectionNUFFT2,10,9,0.001557528
PrecorrectionNUFFT2,10,10,0.002506688
PrecorrectionNUFFT2,10,11,0.0024976
PrecorrectionNUFFT2,10,12,0.001572152
PrecorrectionNUFFT2,10,13,0.002510847
PrecorrectionNUFFT2,10,14,0.002511456
PrecorrectionNUFFT2,10,15,0.001614262
PrecorrectionNUFFT2,10,16,0.00248768
PrecorrectionNUFFT2,10,17,0.00250064
PrecorrectionNUFFT2,10,18,0.00156268
PrecorrectionNUFFT2,10,19,0.002496032
PrecorrectionNUFFT2,10,20,0.002496384
PrecorrectionNUFFT2,10,21,0.001597623
PrecorrectionNUFFT2,10,22,0.00250752
PrecorrectionNUFFT2,10,23,0.002494432
PrecorrectionNUFFT2,10,24,0.001608214
PrecorrectionNUFFT2,10,25,0.002492896
PrecorrectionNUFFT2,10,26,0.002482848
PrecorrectionNUFFT2,10,27,0.001587384
PrecorrectionNUFFT2,10,28,0.002483296
PrecorrectionNUFFT2,10,29,0.002507424
FFTNUFFT2,10,0,0.083101486
FFTNUFFT2,10,1,0.087002186
FFTNUFFT2,10,2,0.085136282
FFTNUFFT2,10,3,0.084723844
FFTNUFFT2,10,4,0.085327637
FFTNUFFT2,10,5,0.087158278
FFTNUFFT2,10,6,0.085727019
FFTNUFFT2,10,7,0.083385863
FFTNUFFT2,10,8,0.087124455
FFTNUFFT2,10,9,0.084695717
FFTNUFFT2,10,10,0.086623092
FFTNUFFT2,10,11,0.084223346
FFTNUFFT2,10,12,0.081833807
FFTNUFFT2,10,13,0.088900441
FFTNUFFT2,10,14,0.085243223
FFTNUFFT2,10,15,0.085028445
FFTNUFFT2,10,16,0.086027235
FFTNUFFT2,10,17,0.085470962
FFTNUFFT2,10,18,0.08161346
FFTNUFFT2,10,19,0.085591726
FFTNUFFT2,10,20,0.084992381
FFTNUFFT2,10,21,0.088528068
FFTNUFFT2,10,22,0.085887782
FFTNUFFT2,10,23,0.087911794
FFTNUFFT2,10,24,0.081493081
FFTNUFFT2,10,25,0.086270973
FFTNUFFT2,10,26,0.086125377
FFTNUFFT2,10,27,0.081129057
FFTNUFFT2,10,28,0.089361517
FFTNUFFT2,10,29,0.08767276
GatherNUFFT2,10,0,0.008332266
GatherNUFFT2,10,1,0.00822011
GatherNUFFT2,10,2,0.007790168
GatherNUFFT2,10,3,0.009064088
GatherNUFFT2,10,4,0.00804661
GatherNUFFT2,10,5,0.008270476
GatherNUFFT2,10,6,0.008299339
GatherNUFFT2,10,7,0.00920306
GatherNUFFT2,10,8,0.008299915
GatherNUFFT2,10,9,0.009445901
GatherNUFFT2,10,10,0.008168494
GatherNUFFT2,10,11,0.010381366
GatherNUFFT2,10,12,0.009275762
GatherNUFFT2,10,13,0.00788447
GatherNUFFT2,10,14,0.010077405
GatherNUFFT2,10,15,0.008001107
GatherNUFFT2,10,16,0.008003283
GatherNUFFT2,10,17,0.008369961
GatherNUFFT2,10,18,0.008531269
GatherNUFFT2,10,19,0.007973844
GatherNUFFT2,10,20,0.008844701
GatherNUFFT2,10,21,0.007892406
GatherNUFFT2,10,22,0.008383849
GatherNUFFT2,10,23,0.007729562
GatherNUFFT2,10,24,0.007865623
GatherNUFFT2,10,25,0.00802885
GatherNUFFT2,10,26,0.008314379
GatherNUFFT2,10,27,0.009966241
GatherNUFFT2,10,28,0.007752858
GatherNUFFT2,10,29,0.007941236
mainTimer,11,0,7.178248957
dumpData,11,0,0.009891171
dumpData,11,1,0.007448097
dumpData,11,2,0.009222835
dumpData,11,3,0.009410543
dumpData,11,4,0.008464615
dumpData,11,5,0.009210196
dumpData,11,6,0.008382793
dumpData,11,7,0.007945525
dumpData,11,8,0.008099152
dumpData,11,9,0.008407336
kick,11,0,3.9583e-05
kick,11,1,1.4047e-05
kick,11,2,3.9679e-05
kick,11,3,1.3632e-05
kick,11,4,4.5343e-05
kick,11,5,1.2192e-05
kick,11,6,4.8959e-05
kick,11,7,1.0431e-05
kick,11,8,4.963e-05
kick,11,9,1.1935e-05
kick,11,10,4.6495e-05
kick,11,11,1.2831e-05
kick,11,12,4.7839e-05
kick,11,13,1.4943e-05
kick,11,14,4.2015e-05
kick,11,15,2.3487e-05
kick,11,16,4.5279e-05
kick,11,17,1.5456e-05
kick,11,18,4.4351e-05
kick,11,19,1.1904e-05
drift,11,0,5.344e-06
drift,11,1,6.367e-06
drift,11,2,6.4e-06
drift,11,3,7.103e-06
drift,11,4,5.184e-06
drift,11,5,5.984e-06
drift,11,6,6.56e-06
drift,11,7,6.08e-06
drift,11,8,6.88e-06
drift,11,9,6.463e-06
particleBC,11,0,1.0752e-05
particleBC,11,1,1.0048e-05
particleBC,11,2,1.4655e-05
particleBC,11,3,9.184e-06
particleBC,11,4,1.0176e-05
particleBC,11,5,1.1263e-05
particleBC,11,6,9.92e-06
particleBC,11,7,9.568e-06
particleBC,11,8,1.1808e-05
particleBC,11,9,9.856e-06
updateParticle,11,0,0.008517829
updateParticle,11,1,0.008639459
updateParticle,11,2,0.008528998
updateParticle,11,3,0.00873184
updateParticle,11,4,0.008839773
updateParticle,11,5,0.008487335
updateParticle,11,6,0.008922684
updateParticle,11,7,0.008550404
updateParticle,11,8,0.008571332
updateParticle,11,9,0.008589508
locateParticles,11,0,0.003691201
locateParticles,11,1,0.003696353
locateParticles,11,2,0.003673986
locateParticles,11,3,0.003704609
locateParticles,11,4,0.003699713
locateParticles,11,5,0.00368861
locateParticles,11,6,0.003687138
locateParticles,11,7,0.003692801
locateParticles,11,8,0.003711425
locateParticles,11,9,0.003698209
sendPreprocess,11,0,0.00039247
sendPreprocess,11,1,0.000409174
sendPreprocess,11,2,0.00038895
sendPreprocess,11,3,0.000373111
sendPreprocess,11,4,0.000391158
sendPreprocess,11,5,0.000375222
sendPreprocess,11,6,0.000405813
sendPreprocess,11,7,0.000376054
sendPreprocess,11,8,0.000369271
sendPreprocess,11,9,0.000405014
particleSend,11,0,0.000858666
particleSend,11,1,0.000884553
particleSend,11,2,0.000846346
particleSend,11,3,0.000867081
particleSend,11,4,0.000863786
particleSend,11,5,0.000861578
particleSend,11,6,0.000883786
particleSend,11,7,0.000836267
particleSend,11,8,0.000905097
particleSend,11,9,0.000877545
particleRecv,11,0,2.5919e-05
particleRecv,11,1,2.5279e-05
particleRecv,11,2,3.1231e-05
particleRecv,11,3,2.9824e-05
particleRecv,11,4,2.9823e-05
particleRecv,11,5,2.4639e-05
particleRecv,11,6,3.4911e-05
particleRecv,11,7,3.0335e-05
particleRecv,11,8,2.7007e-05
particleRecv,11,9,2.7232e-05
particleDestroy,11,0,0.002673628
particleDestroy,11,1,0.002667164
particleDestroy,11,2,0.002658652
particleDestroy,11,3,0.002677787
particleDestroy,11,4,0.002678171
particleDestroy,11,5,0.002673532
particleDestroy,11,6,0.002668251
particleDestroy,11,7,0.002662684
particleDestroy,11,8,0.002670332
particleDestroy,11,9,0.002694107
ScatterPIFNUFFT,11,0,0.407659568
ScatterPIFNUFFT,11,1,4.0735e-05
ScatterPIFNUFFT,11,2,0.309873883
ScatterPIFNUFFT,11,3,4.9471e-05
ScatterPIFNUFFT,11,4,0.319375975
ScatterPIFNUFFT,11,5,3.0623e-05
ScatterPIFNUFFT,11,6,0.334936472
ScatterPIFNUFFT,11,7,3.5039e-05
ScatterPIFNUFFT,11,8,0.487537105
ScatterPIFNUFFT,11,9,3.232e-05
ScatterPIFNUFFT,11,10,0.32831901
ScatterPIFNUFFT,11,11,2.3936e-05
ScatterPIFNUFFT,11,12,0.182323264
ScatterPIFNUFFT,11,13,1.792e-05
ScatterPIFNUFFT,11,14,0.290350766
ScatterPIFNUFFT,11,15,1.5487e-05
ScatterPIFNUFFT,11,16,0.290875585
ScatterPIFNUFFT,11,17,1.8655e-05
ScatterPIFNUFFT,11,18,0.181335673
ScatterPIFNUFFT,11,19,3.4399e-05
NativeNUFFT1,11,0,0.403247938
NativeNUFFT1,11,1,0.3054443
NativeNUFFT1,11,2,0.314896794
NativeNUFFT1,11,3,0.330454156
NativeNUFFT1,11,4,0.482961127
NativeNUFFT1,11,5,0.323858965
NativeNUFFT1,11,6,0.177859315
NativeNUFFT1,11,7,0.285862914
NativeNUFFT1,11,8,0.2862478
NativeNUFFT1,11,9,0.176708878
scatterTimerNUFFT1,11,0,0.31966944
scatterTimerNUFFT1,11,1,0.220614667
scatterTimerNUFFT1,11,2,0.233501759
scatterTimerNUFFT1,11,3,0.247741714
scatterTimerNUFFT1,11,4,0.401119576
scatterTimerNUFFT1,11,5,0.237873713
scatterTimerNUFFT1,11,6,0.092979025
scatterTimerNUFFT1,11,7,0.200819685
scatterTimerNUFFT1,11,8,0.200774182
scatterTimerNUFFT1,11,9,0.093562817
binSort,11,0,0.004227252
binSort,11,1,0.004148597
binSort,11,2,0.004145014
binSort,11,3,0.004139798
binSort,11,4,0.004156277
binSort,11,5,0.004104567
binSort,11,6,0.004168757
binSort,11,7,0.00412815
binSort,11,8,0.00415167
binSort,11,9,0.004151957
binSort,11,10,0.004182933
binSort,11,11,0.00413055
binSort,11,12,0.004159605
binSort,11,13,0.004129558
binSort,11,14,0.004131766
binSort,11,15,0.004142678
binSort,11,16,0.004146774
binSort,11,17,0.004149206
binSort,11,18,0.004124118
binSort,11,19,0.004147125
binSort,11,20,0.004168117
binSort,11,21,0.00411375
binSort,11,22,0.00417039
binSort,11,23,0.004197621
binSort,11,24,0.004136342
binSort,11,25,0.004150518
binSort,11,26,0.004146358
binSort,11,27,0.004155958
binSort,11,28,0.00414879
binSort,11,29,0.004198421
binSort,11,30,0.004152661
binSort,11,31,0.004100886
binSort,11,32,0.004137782
binSort,11,33,0.004167221
binSort,11,34,0.004151542
binSort,11,35,0.004159157
binSort,11,36,0.004181077
binSort,11,37,0.004156822
binSort,11,38,0.004173974
binSort,11,39,0.004091703
binComputeKeys,11,0,0.000397142
binComputeKeys,11,1,0.000386006
binComputeKeys,11,2,0.000403958
binComputeKeys,11,3,0.000428021
binComputeKeys,11,4,0.000394453
binComputeKeys,11,5,0.000392822
binComputeKeys,11,6,0.000391126
binComputeKeys,11,7,0.000408565
binComputeKeys,11,8,0.000386262
binComputeKeys,11,9,0.000381686
binComputeKeys,11,10,0.000396022
binComputeKeys,11,11,0.00040223
binComputeKeys,11,12,0.000392694
binComputeKeys,11,13,0.000392566
binComputeKeys,11,14,0.000412597
binComputeKeys,11,15,0.000390134
binComputeKeys,11,16,0.000404438
binComputeKeys,11,17,0.000410613
binComputeKeys,11,18,0.000410581
binComputeKeys,11,19,0.000399254
binComputeKeys,11,20,0.000392662
binComputeKeys,11,21,0.000413525
binComputeKeys,11,22,0.000418582
binComputeKeys,11,23,0.00040543
binComputeKeys,11,24,0.000390006
binComputeKeys,11,25,0.000400534
binComputeKeys,11,26,0.000402102
binComputeKeys,11,27,0.000412086
binComputeKeys,11,28,0.000395414
binComputeKeys,11,29,0.00040799
binComputeKeys,11,30,0.000391606
binComputeKeys,11,31,0.000419317
binComputeKeys,11,32,0.000402869
binComputeKeys,11,33,0.000410613
binComputeKeys,11,34,0.000409174
binComputeKeys,11,35,0.00038335
binComputeKeys,11,36,0.000418485
binComputeKeys,11,37,0.000408118
binComputeKeys,11,38,0.000422581
binComputeKeys,11,39,0.000393718
binSortByKey,11,0,0.003616579
binSortByKey,11,1,0.003557188
binSortByKey,11,2,0.003542693
binSortByKey,11,3,0.00351847
binSortByKey,11,4,0.003555173
binSortByKey,11,5,0.003522694
binSortByKey,11,6,0.003568581
binSortByKey,11,7,0.00352023
binSortByKey,11,8,0.003558373
binSortByKey,11,9,0.003559301
binSortByKey,11,10,0.00357898
binSortByKey,11,11,0.003536677
binSortByKey,11,12,0.003558661
binSortByKey,11,13,0.003541189
binSortByKey,11,14,0.00352647
binSortByKey,11,15,0.003540485
binSortByKey,11,16,0.003536933
binSortByKey,11,17,0.003536646
binSortByKey,11,18,0.003515078
binSortByKey,11,19,0.003550149
binSortByKey,11,20,0.00356634
binSortByKey,11,21,0.00351271
binSortByKey,11,22,0.003554149
binSortByKey,11,23,0.003588836
binSortByKey,11,24,0.003537413
binSortByKey,11,25,0.003549829
binSortByKey,11,26,0.003546277
binSortByKey,11,27,0.003542021
binSortByKey,11,28,0.003548005
binSortByKey,11,29,0.003590628
binSortByKey,11,30,0.003562596
binSortByKey,11,31,0.00349143
binSortByKey,11,32,0.003530918
binSortByKey,11,33,0.003555941
binSortByKey,11,34,0.003544517
binSortByKey,11,35,0.003565861
binSortByKey,11,36,0.003555429
binSortByKey,11,37,0.003548869
binSortByKey,11,38,0.003550022
binSortByKey,11,39,0.003507846
binComputeOffsets,11,0,0.000208763
binComputeOffsets,11,1,0.000203259
binComputeOffsets,11,2,0.000195003
binComputeOffsets,11,3,0.000188539
binComputeOffsets,11,4,0.000203963
binComputeOffsets,11,5,0.000186171
binComputeOffsets,11,6,0.000204827
binComputeOffsets,11,7,0.000196347
binComputeOffsets,11,8,0.000204347
binComputeOffsets,11,9,0.000209754
binComputeOffsets,11,10,0.000202971
binComputeOffsets,11,11,0.000190267
binComputeOffsets,11,12,0.000204698
binComputeOffsets,11,13,0.000193787
binComputeOffsets,11,14,0.000190395
binComputeOffsets,11,15,0.000208635
binComputeOffsets,11,16,0.000202235
binComputeOffsets,11,17,0.000199867
binComputeOffsets,11,18,0.000195995
binComputeOffsets,11,19,0.000195515
binComputeOffsets,11,20,0.000205499
binComputeOffsets,11,21,0.000186171
binComputeOffsets,11,22,0.000194491
binComputeOffsets,11,23,0.000199387
binComputeOffsets,11,24,0.000206779
binComputeOffsets,11,25,0.000198363
binComputeOffsets,11,26,0.000195003
binComputeOffsets,11,27,0.000199515
binComputeOffsets,11,28,0.000203003
binComputeOffsets,11,29,0.000195547
binComputeOffsets,11,30,0.000194555
binComputeOffsets,11,31,0.000188315
binComputeOffsets,11,32,0.000200379
binComputeOffsets,11,33,0.000197659
binComputeOffsets,11,34,0.000196699
binComputeOffsets,11,35,0.000206234
binComputeOffsets,11,36,0.000203675
binComputeOffsets,11,37,0.000198075
binComputeOffsets,11,38,0.000199195
binComputeOffsets,11,39,0.000188379
FFTNUFFT1,11,0,0.082607035
FFTNUFFT1,11,1,0.084020022
FFTNUFFT1,11,2,0.080718764
FFTNUFFT1,11,3,0.081894479
FFTNUFFT1,11,4,0.081138817
FFTNUFFT1,11,5,0.085141242
FFTNUFFT1,11,6,0.084031415
FFTNUFFT1,11,7,0.084210834
FFTNUFFT1,11,8,0.084644487
FFTNUFFT1,11,9,0.082159015
deconvolutionNUFFT1,11,0,0.000968871
deconvolutionNUFFT1,11,1,0.000806219
deconvolutionNUFFT1,11,2,0.000670991
deconvolutionNUFFT1,11,3,0.000812907
deconvolutionNUFFT1,11,4,0.000696046
deconvolutionNUFFT1,11,5,0.000839211
deconvolutionNUFFT1,11,6,0.000845963
deconvolutionNUFFT1,11,7,0.000827531
deconvolutionNUFFT1,11,8,0.000825131
deconvolutionNUFFT1,11,9,0.00098327
GatherPIFNUFFT,11,0,0.380788224
GatherPIFNUFFT,11,1,0.382971144
GatherPIFNUFFT,11,2,0.381706569
GatherPIFNUFFT,11,3,0.380492552
GatherPIFNUFFT,11,4,0.384922006
GatherPIFNUFFT,11,5,0.380946045
GatherPIFNUFFT,11,6,0.379936118
GatherPIFNUFFT,11,7,0.383744149
GatherPIFNUFFT,11,8,0.379112524
GatherPIFNUFFT,11,9,0.386050715
NativeNUFFT2,11,0,0.125121241
NativeNUFFT2,11,1,0.127242083
NativeNUFFT2,11,2,0.125184887
NativeNUFFT2,11,3,0.12680075
NativeNUFFT2,11,4,0.125152184
NativeNUFFT2,11,5,0.127355904
NativeNUFFT2,11,6,0.125750569
NativeNUFFT2,11,7,0.125283445
NativeNUFFT2,11,8,0.127063048
NativeNUFFT2,11,9,0.122928241
NativeNUFFT2,11,10,0.126249436
NativeNUFFT2,11,11,0.126775567
NativeNUFFT2,11,12,0.123565409
NativeNUFFT2,11,13,0.130217015
NativeNUFFT2,11,14,0.126933675
NativeNUFFT2,11,15,0.125745225
NativeNUFFT2,11,16,0.126814701
NativeNUFFT2,11,17,0.125839143
NativeNUFFT2,11,18,0.124589254
NativeNUFFT2,11,19,0.126582771
NativeNUFFT2,11,20,0.126204349
NativeNUFFT2,11,21,0.125710347
NativeNUFFT2,11,22,0.126982762
NativeNUFFT2,11,23,0.12860688
NativeNUFFT2,11,24,0.123193804
NativeNUFFT2,11,25,0.126362458
NativeNUFFT2,11,26,0.125097882
NativeNUFFT2,11,27,0.125438833
NativeNUFFT2,11,28,0.130512945
NativeNUFFT2,11,29,0.12712807
PrecorrectionNUFFT2,11,0,0.001610646
PrecorrectionNUFFT2,11,1,0.002577118
PrecorrectionNUFFT2,11,2,0.00254867
PrecorrectionNUFFT2,11,3,0.001588151
PrecorrectionNUFFT2,11,4,0.002540735
PrecorrectionNUFFT2,11,5,0.002546047
PrecorrectionNUFFT2,11,6,0.001603959
PrecorrectionNUFFT2,11,7,0.002596189
PrecorrectionNUFFT2,11,8,0.002590014
PrecorrectionNUFFT2,11,9,0.001647029
PrecorrectionNUFFT2,11,10,0.002552222
PrecorrectionNUFFT2,11,11,0.002546335
PrecorrectionNUFFT2,11,12,0.001586104
PrecorrectionNUFFT2,11,13,0.002576798
PrecorrectionNUFFT2,11,14,0.002547647
PrecorrectionNUFFT2,11,15,0.001607639
PrecorrectionNUFFT2,11,16,0.002580702
PrecorrectionNUFFT2,11,17,0.002549119
PrecorrectionNUFFT2,11,18,0.001611606
PrecorrectionNUFFT2,11,19,0.002576766
PrecorrectionNUFFT2,11,20,0.002542335
PrecorrectionNUFFT2,11,21,0.001606198
PrecorrectionNUFFT2,11,22,0.002594526
PrecorrectionNUFFT2,11,23,0.002593118
PrecorrectionNUFFT2,11,24,0.001626166
PrecorrectionNUFFT2,11,25,0.002541439
PrecorrectionNUFFT2,11,26,0.002554975
PrecorrectionNUFFT2,11,27,0.001592279
PrecorrectionNUFFT2,11,28,0.002583326
PrecorrectionNUFFT2,11,29,0.002531999
FFTNUFFT2,11,0,0.08363616
FFTNUFFT2,11,1,0.085218104
FFTNUFFT2,11,2,0.083118542
FFTNUFFT2,11,3,0.085905318
FFTNUFFT2,11,4,0.082024266
FFTNUFFT2,11,5,0.085374419
FFTNUFFT2,11,6,0.084539305
FFTNUFFT2,11,7,0.0822641
FFTNUFFT2,11,8,0.085660844
FFTNUFFT2,11,9,0.08231005
FFTNUFFT2,11,10,0.084672294
FFTNUFFT2,11,11,0.083430437
FFTNUFFT2,11,12,0.082918227
FFTNUFFT2,11,13,0.087761559
FFTNUFFT2,11,14,0.085155225
FFTNUFFT2,11,15,0.085069244
FFTNUFFT2,11,16,0.084537514
FFTNUFFT2,11,17,0.083497028
FFTNUFFT2,11,18,0.083725726
FFTNUFFT2,11,19,0.084300848
FFTNUFFT2,11,20,0.08354509
FFTNUFFT2,11,21,0.084724902
FFTNUFFT2,11,22,0.084489482
FFTNUFFT2,11,23,0.086567253
FFTNUFFT2,11,24,0.082301604
FFTNUFFT2,11,25,0.084083317
FFTNUFFT2,11,26,0.08262969
FFTNUFFT2,11,27,0.084382253
FFTNUFFT2,11,28,0.088105326
FFTNUFFT2,11,29,0.08558635
GatherNUFFT2,11,0,0.008866045
GatherNUFFT2,11,1,0.008412553
GatherNUFFT2,11,2,0.008433576
GatherNUFFT2,11,3,0.008554404
GatherNUFFT2,11,4,0.009589931
GatherNUFFT2,11,5,0.008469767
GatherNUFFT2,11,6,0.00857978
GatherNUFFT2,11,7,0.009493293
GatherNUFFT2,11,8,0.007931284
GatherNUFFT2,11,9,0.008084944
GatherNUFFT2,11,10,0.008227565
GatherNUFFT2,11,11,0.009781382
GatherNUFFT2,11,12,0.008199566
GatherNUFFT2,11,13,0.008721313
GatherNUFFT2,11,14,0.008197646
GatherNUFFT2,11,15,0.00835041
GatherNUFFT2,11,16,0.008751327
GatherNUFFT2,11,17,0.00879427
GatherNUFFT2,11,18,0.008370377
GatherNUFFT2,11,19,0.008681154
GatherNUFFT2,11,20,0.009037816
GatherNUFFT2,11,21,0.008383177
GatherNUFFT2,11,22,0.008726016
GatherNUFFT2,11,23,0.008432808
GatherNUFFT2,11,24,0.008441512
GatherNUFFT2,11,25,0.008727489
GatherNUFFT2,11,26,0.008781823
GatherNUFFT2,11,27,0.00832673
GatherNUFFT2,11,28,0.008786528
GatherNUFFT2,11,29,0.008253452
mainTimer,12,0,7.178252952
dumpData,12,0,0.010429925
dumpData,12,1,0.008232839
dumpData,12,2,0.00865673
dumpData,12,3,0.009128843
dumpData,12,4,0.008178569
dumpData,12,5,0.009884533
dumpData,12,6,0.008496639
dumpData,12,7,0.009191305
dumpData,12,8,0.009273767
dumpData,12,9,0.009015215
kick,12,0,3.6223e-05
kick,12,1,1.1167e-05
kick,12,2,3.2767e-05
kick,12,3,1.0976e-05
kick,12,4,3.1487e-05
kick,12,5,1.4591e-05
kick,12,6,3.1423e-05
kick,12,7,8e-06
kick,12,8,2.9855e-05
kick,12,9,1.1679e-05
kick,12,10,3.7951e-05
kick,12,11,1.3152e-05
kick,12,12,2.9247e-05
kick,12,13,1.2512e-05
kick,12,14,3.4847e-05
kick,12,15,9.792e-06
kick,12,16,2.9567e-05
kick,12,17,1.0752e-05
kick,12,18,3.0527e-05
kick,12,19,1.0752e-05
drift,12,0,5.888e-06
drift,12,1,7.488e-06
drift,12,2,6.592e-06
drift,12,3,6.016e-06
drift,12,4,4.832e-06
drift,12,5,6.047e-06
drift,12,6,6.272e-06
drift,12,7,5.855e-06
drift,12,8,7.616e-06
drift,12,9,6.975e-06
particleBC,12,0,9.055e-06
particleBC,12,1,9.952e-06
particleBC,12,2,8.928e-06
particleBC,12,3,8.992e-06
particleBC,12,4,8e-06
particleBC,12,5,9.504e-06
particleBC,12,6,9.248e-06
particleBC,12,7,8.736e-06
particleBC,12,8,9.023e-06
particleBC,12,9,7.904e-06
updateParticle,12,0,0.187934923
updateParticle,12,1,0.008849748
updateParticle,12,2,0.148917383
updateParticle,12,3,0.008695704
updateParticle,12,4,0.317078087
updateParticle,12,5,0.008722424
updateParticle,12,6,0.008885395
updateParticle,12,7,0.00900488
updateParticle,12,8,0.008698905
updateParticle,12,9,0.008769591
locateParticles,12,0,0.00370552
locateParticles,12,1,0.003705231
locateParticles,12,2,0.003712207
locateParticles,12,3,0.003702608
locateParticles,12,4,0.003715407
locateParticles,12,5,0.003715824
locateParticles,12,6,0.003702672
locateParticles,12,7,0.003725167
locateParticles,12,8,0.00369784
locateParticles,12,9,0.00371256
sendPreprocess,12,0,0.000396564
sendPreprocess,12,1,0.000408948
sendPreprocess,12,2,0.000374453
sendPreprocess,12,3,0.00039778
sendPreprocess,12,4,0.000404852
sendPreprocess,12,5,0.000361334
sendPreprocess,12,6,0.000420147
sendPreprocess,12,7,0.000358261
sendPreprocess,12,8,0.000392341
sendPreprocess,12,9,0.000407475
particleSend,12,0,0.000828327
particleSend,12,1,0.000815527
particleSend,12,2,0.000889989
particleSend,12,3,0.000814312
particleSend,12,4,0.000807271
particleSend,12,5,0.000812679
particleSend,12,6,0.000865926
particleSend,12,7,0.000832583
particleSend,12,8,0.000827366
particleSend,12,9,0.000832455
particleRecv,12,0,3.3055e-05
particleRecv,12,1,3.7567e-05
particleRecv,12,2,2.8767e-05
particleRecv,12,3,4.195e-05
particleRecv,12,4,3.8527e-05
particleRecv,12,5,4.0447e-05
particleRecv,12,6,4.2367e-05
particleRecv,12,7,3.1359e-05
particleRecv,12,8,3.2991e-05
particleRecv,12,9,3.7631e-05
particleDestroy,12,0,0.002728909
particleDestroy,12,1,0.002717294
particleDestroy,12,2,0.002703375
particleDestroy,12,3,0.00270939
particleDestroy,12,4,0.002732366
particleDestroy,12,5,0.002733805
particleDestroy,12,6,0.002693742
particleDestroy,12,7,0.002714734
particleDestroy,12,8,0.002738381
particleDestroy,12,9,0.002723789
ScatterPIFNUFFT,12,0,0.228172362
ScatterPIFNUFFT,12,1,1.7503e-05
ScatterPIFNUFFT,12,2,0.310131802
ScatterPIFNUFFT,12,3,2.9343e-05
ScatterPIFNUFFT,12,4,0.179806272
ScatterPIFNUFFT,12,5,4.0543e-05
ScatterPIFNUFFT,12,6,0.333816398
ScatterPIFNUFFT,12,7,3.0175e-05
ScatterPIFNUFFT,12,8,0.179858464
ScatterPIFNUFFT,12,9,3.0911e-05
ScatterPIFNUFFT,12,10,0.327908256
ScatterPIFNUFFT,12,11,2.9631e-05
ScatterPIFNUFFT,12,12,0.180289489
ScatterPIFNUFFT,12,13,2.5215e-05
ScatterPIFNUFFT,12,14,0.287134706
ScatterPIFNUFFT,12,15,2.0224e-05
ScatterPIFNUFFT,12,16,0.287663426
ScatterPIFNUFFT,12,17,3.9263e-05
ScatterPIFNUFFT,12,18,0.181332115
ScatterPIFNUFFT,12,19,3.3439e-05
NativeNUFFT1,12,0,0.225613207
NativeNUFFT1,12,1,0.305581412
NativeNUFFT1,12,2,0.175270025
NativeNUFFT1,12,3,0.329325621
NativeNUFFT1,12,4,0.175321224
NativeNUFFT1,12,5,0.323377417
NativeNUFFT1,12,6,0.175745148
NativeNUFFT1,12,7,0.28268668
NativeNUFFT1,12,8,0.284091598
NativeNUFFT1,12,9,0.17673059
scatterTimerNUFFT1,12,0,0.142479946
scatterTimerNUFFT1,12,1,0.221332504
scatterTimerNUFFT1,12,2,0.091664459
scatterTimerNUFFT1,12,3,0.246195304
scatterTimerNUFFT1,12,4,0.091552079
scatterTimerNUFFT1,12,5,0.238627469
scatterTimerNUFFT1,12,6,0.093014978
scatterTimerNUFFT1,12,7,0.199898304
scatterTimerNUFFT1,12,8,0.200014718
scatterTimerNUFFT1,12,9,0.093198141
binSort,12,0,0.004142083
binSort,12,1,0.004172066
binSort,12,2,0.004151842
binSort,12,3,0.00418333
binSort,12,4,0.004132835
binSort,12,5,0.004142819
binSort,12,6,0.004167746
binSort,12,7,0.004157474
binSort,12,8,0.004164001
binSort,12,9,0.004191937
binSort,12,10,0.004138147
binSort,12,11,0.00410794
binSort,12,12,0.004188737
binSort,12,13,0.004158562
binSort,12,14,0.00415597
binSort,12,15,0.00413901
binSort,12,16,0.004117155
binSort,12,17,0.004129379
binSort,12,18,0.004108996
binSort,12,19,0.004136163
binSort,12,20,0.004181345
binSort,12,21,0.004163202
binSort,12,22,0.004127747
binSort,12,23,0.004153762
binSort,12,24,0.004147202
binSort,12,25,0.004152738
binSort,12,26,0.004149955
binSort,12,27,0.004155138
binSort,12,28,0.004191009
binSort,12,29,0.004182689
binSort,12,30,0.004162146
binSort,12,31,0.004116963
binSort,12,32,0.004150595
binSort,12,33,0.004168034
binSort,12,34,0.004192385
binSort,12,35,0.004134978
binSort,12,36,0.004159971
binSort,12,37,0.004186401
binSort,12,38,0.004122051
binSort,12,39,0.004178113
binComputeKeys,12,0,0.000380372
binComputeKeys,12,1,0.000401364
binComputeKeys,12,2,0.0003885
binComputeKeys,12,3,0.000405556
binComputeKeys,12,4,0.000380533
binComputeKeys,12,5,0.000393396
binComputeKeys,12,6,0.000386549
binComputeKeys,12,7,0.000378708
binComputeKeys,12,8,0.000391924
binComputeKeys,12,9,0.000388757
binComputeKeys,12,10,0.000388692
binComputeKeys,12,11,0.000409332
binComputeKeys,12,12,0.000395956
binComputeKeys,12,13,0.000378613
binComputeKeys,12,14,0.000387604
binComputeKeys,12,15,0.000393588
binComputeKeys,12,16,0.000383636
binComputeKeys,12,17,0.000406355
binComputeKeys,12,18,0.000385717
binComputeKeys,12,19,0.000396244
binComputeKeys,12,20,0.000396244
binComputeKeys,12,21,0.000382964
binComputeKeys,12,22,0.000410836
binComputeKeys,12,23,0.000395668
binComputeKeys,12,24,0.000396852
binComputeKeys,12,25,0.000396852
binComputeKeys,12,26,0.000382389
binComputeKeys,12,27,0.000382612
binComputeKeys,12,28,0.000394452
binComputeKeys,12,29,0.000383349
binComputeKeys,12,30,0.000397556
binComputeKeys,12,31,0.000405523
binComputeKeys,12,32,0.000390196
binComputeKeys,12,33,0.000379893
binComputeKeys,12,34,0.000404372
binComputeKeys,12,35,0.000399155
binComputeKeys,12,36,0.000387348
binComputeKeys,12,37,0.000390388
binComputeKeys,12,38,0.00038978
binComputeKeys,12,39,0.0003845
binSortByKey,12,0,0.003554421
binSortByKey,12,1,0.003575956
binSortByKey,12,2,0.003564692
binSortByKey,12,3,0.003583411
binSortByKey,12,4,0.003549716
binSortByKey,12,5,0.003556309
binSortByKey,12,6,0.003583411
binSortByKey,12,7,0.003572372
binSortByKey,12,8,0.003571187
binSortByKey,12,9,0.003607282
binSortByKey,12,10,0.003549109
binSortByKey,12,11,0.003511893
binSortByKey,12,12,0.003586067
binSortByKey,12,13,0.003572915
binSortByKey,12,14,0.003564724
binSortByKey,12,15,0.003550228
binSortByKey,12,16,0.003530902
binSortByKey,12,17,0.003528053
binSortByKey,12,18,0.003528885
binSortByKey,12,19,0.003530517
binSortByKey,12,20,0.00358274
binSortByKey,12,21,0.003579796
binSortByKey,12,22,0.003530645
binSortByKey,12,23,0.0035637
binSortByKey,12,24,0.003551828
binSortByKey,12,25,0.003558164
binSortByKey,12,26,0.003570356
binSortByKey,12,27,0.003570708
binSortByKey,12,28,0.003594675
binSortByKey,12,29,0.003592148
binSortByKey,12,30,0.003567348
binSortByKey,12,31,0.003524726
binSortByKey,12,32,0.003546293
binSortByKey,12,33,0.003581139
binSortByKey,12,34,0.003592019
binSortByKey,12,35,0.003542645
binSortByKey,12,36,0.003570933
binSortByKey,12,37,0.003590675
binSortByKey,12,38,0.003541461
binSortByKey,12,39,0.003594835
binComputeOffsets,12,0,0.000205562
binComputeOffsets,12,1,0.000193499
binComputeOffsets,12,2,0.000196858
binComputeOffsets,12,3,0.000192411
binComputeOffsets,12,4,0.00020089
binComputeOffsets,12,5,0.000191674
binComputeOffsets,12,6,0.000195834
binComputeOffsets,12,7,0.000204218
binComputeOffsets,12,8,0.000199226
binComputeOffsets,12,9,0.000193178
binComputeOffsets,12,10,0.000198234
binComputeOffsets,12,11,0.000185083
binComputeOffsets,12,12,0.000200762
binComputeOffsets,12,13,0.000205114
binComputeOffsets,12,14,0.000201562
binComputeOffsets,12,15,0.000192634
binComputeOffsets,12,16,0.000199897
binComputeOffsets,12,17,0.000193787
binComputeOffsets,12,18,0.00019241
binComputeOffsets,12,19,0.00020857
binComputeOffsets,12,20,0.000199514
binComputeOffsets,12,21,0.00019785
binComputeOffsets,12,22,0.000185146
binComputeOffsets,12,23,0.00019289
binComputeOffsets,12,24,0.000197498
binComputeOffsets,12,25,0.000195738
binComputeOffsets,12,26,0.000195418
binComputeOffsets,12,27,0.00020025
binComputeOffsets,12,28,0.000200122
binComputeOffsets,12,29,0.000205081
binComputeOffsets,12,30,0.000195994
binComputeOffsets,12,31,0.000184538
binComputeOffsets,12,32,0.000210234
binComputeOffsets,12,33,0.000206266
binComputeOffsets,12,34,0.00019337
binComputeOffsets,12,35,0.000190266
binComputeOffsets,12,36,0.000199834
binComputeOffsets,12,37,0.000203706
binComputeOffsets,12,38,0.00018985
binComputeOffsets,12,39,0.000196442
FFTNUFFT1,12,0,0.082454658
FFTNUFFT1,12,1,0.083406853
FFTNUFFT1,12,2,0.082937108
FFTNUFFT1,12,3,0.082295718
FFTNUFFT1,12,4,0.083094382
FFTNUFFT1,12,5,0.08408584
FFTNUFFT1,12,6,0.082053998
FFTNUFFT1,12,7,0.081965329
FFTNUFFT1,12,8,0.083251817
FFTNUFFT1,12,9,0.082690811
deconvolutionNUFFT1,12,0,0.00067454
deconvolutionNUFFT1,12,1,0.000838151
deconvolutionNUFFT1,12,2,0.000663756
deconvolutionNUFFT1,12,3,0.000830823
deconvolutionNUFFT1,12,4,0.000671499
deconvolutionNUFFT1,12,5,0.000661132
deconvolutionNUFFT1,12,6,0.000672204
deconvolutionNUFFT1,12,7,0.000818919
deconvolutionNUFFT1,12,8,0.000819335
deconvolutionNUFFT1,12,9,0.000837958
GatherPIFNUFFT,12,0,0.381744131
GatherPIFNUFFT,12,1,0.380470218
GatherPIFNUFFT,12,2,0.381976765
GatherPIFNUFFT,12,3,0.382469454
GatherPIFNUFFT,12,4,0.385239897
GatherPIFNUFFT,12,5,0.382053402
GatherPIFNUFFT,12,6,0.380597127
GatherPIFNUFFT,12,7,0.385989539
GatherPIFNUFFT,12,8,0.382667272
GatherPIFNUFFT,12,9,0.386138206
NativeNUFFT2,12,0,0.124823488
NativeNUFFT2,12,1,0.127004606
NativeNUFFT2,12,2,0.125813826
NativeNUFFT2,12,3,0.123788767
NativeNUFFT2,12,4,0.124684164
NativeNUFFT2,12,5,0.126964799
NativeNUFFT2,12,6,0.124875518
NativeNUFFT2,12,7,0.125283026
NativeNUFFT2,12,8,0.127710761
NativeNUFFT2,12,9,0.12575754
NativeNUFFT2,12,10,0.126002204
NativeNUFFT2,12,11,0.127456976
NativeNUFFT2,12,12,0.125044249
NativeNUFFT2,12,13,0.12925529
NativeNUFFT2,12,14,0.127467599
NativeNUFFT2,12,15,0.12579165
NativeNUFFT2,12,16,0.126754181
NativeNUFFT2,12,17,0.126054106
NativeNUFFT2,12,18,0.124941308
NativeNUFFT2,12,19,0.125977629
NativeNUFFT2,12,20,0.126420719
NativeNUFFT2,12,21,0.128577518
NativeNUFFT2,12,22,0.127189624
NativeNUFFT2,12,23,0.127032157
NativeNUFFT2,12,24,0.126716071
NativeNUFFT2,12,25,0.125405455
NativeNUFFT2,12,26,0.125560266
NativeNUFFT2,12,27,0.123560934
NativeNUFFT2,12,28,0.130120736
NativeNUFFT2,12,29,0.127393074
PrecorrectionNUFFT2,12,0,0.001591856
PrecorrectionNUFFT2,12,1,0.002553586
PrecorrectionNUFFT2,12,2,0.002534099
PrecorrectionNUFFT2,12,3,0.001578896
PrecorrectionNUFFT2,12,4,0.002542643
PrecorrectionNUFFT2,12,5,0.002562035
PrecorrectionNUFFT2,12,6,0.001607215
PrecorrectionNUFFT2,12,7,0.002550131
PrecorrectionNUFFT2,12,8,0.002545811
PrecorrectionNUFFT2,12,9,0.001574384
PrecorrectionNUFFT2,12,10,0.002561362
PrecorrectionNUFFT2,12,11,0.002548947
PrecorrectionNUFFT2,12,12,0.001581616
PrecorrectionNUFFT2,12,13,0.002541588
PrecorrectionNUFFT2,12,14,0.002524051
PrecorrectionNUFFT2,12,15,0.001619119
PrecorrectionNUFFT2,12,16,0.002560659
PrecorrectionNUFFT2,12,17,0.002525588
PrecorrectionNUFFT2,12,18,0.001613615
PrecorrectionNUFFT2,12,19,0.002536179
PrecorrectionNUFFT2,12,20,0.002557458
PrecorrectionNUFFT2,12,21,0.001590928
PrecorrectionNUFFT2,12,22,0.002561554
PrecorrectionNUFFT2,12,23,0.002561619
PrecorrectionNUFFT2,12,24,0.00158536
PrecorrectionNUFFT2,12,25,0.002546035
PrecorrectionNUFFT2,12,26,0.002567826
PrecorrectionNUFFT2,12,27,0.001603695
PrecorrectionNUFFT2,12,28,0.002556179
PrecorrectionNUFFT2,12,29,0.002547251
FFTNUFFT2,12,0,0.084351496
FFTNUFFT2,12,1,0.084928247
FFTNUFFT2,12,2,0.084334409
FFTNUFFT2,12,3,0.083098926
FFTNUFFT2,12,4,0.083036464
FFTNUFFT2,12,5,0.082950579
FFTNUFFT2,12,6,0.084417574
FFTNUFFT2,12,7,0.083073551
FFTNUFFT2,12,8,0.085971671
FFTNUFFT2,12,9,0.082450658
FFTNUFFT2,12,10,0.083522273
FFTNUFFT2,12,11,0.085822652
FFTNUFFT2,12,12,0.08437828
FFTNUFFT2,12,13,0.087384813
FFTNUFFT2,12,14,0.085001044
FFTNUFFT2,12,15,0.084571298
FFTNUFFT2,12,16,0.08525099
FFTNUFFT2,12,17,0.084520036
FFTNUFFT2,12,18,0.083963412
FFTNUFFT2,12,19,0.083289576
FFTNUFFT2,12,20,0.082213161
FFTNUFFT2,12,21,0.086206128
FFTNUFFT2,12,22,0.084924887
FFTNUFFT2,12,23,0.084990613
FFTNUFFT2,12,24,0.083383174
FFTNUFFT2,12,25,0.083655549
FFTNUFFT2,12,26,0.084012467
FFTNUFFT2,12,27,0.082658876
FFTNUFFT2,12,28,0.08858916
FFTNUFFT2,12,29,0.085061778
GatherNUFFT2,12,0,0.008223719
GatherNUFFT2,12,1,0.008853684
GatherNUFFT2,12,2,0.00809697
GatherNUFFT2,12,3,0.008359811
GatherNUFFT2,12,4,0.008238438
GatherNUFFT2,12,5,0.010564192
GatherNUFFT2,12,6,0.00797467
GatherNUFFT2,12,7,0.008979056
GatherNUFFT2,12,8,0.008328612
GatherNUFFT2,12,9,0.010837496
GatherNUFFT2,12,10,0.009074765
GatherNUFFT2,12,11,0.00839549
GatherNUFFT2,12,12,0.008168201
GatherNUFFT2,12,13,0.008598651
GatherNUFFT2,12,14,0.009304391
GatherNUFFT2,12,15,0.008802646
GatherNUFFT2,12,16,0.008131305
GatherNUFFT2,12,17,0.008177737
GatherNUFFT2,12,18,0.008362275
GatherNUFFT2,12,19,0.009266791
GatherNUFFT2,12,20,0.010642366
GatherNUFFT2,12,21,0.009863414
GatherNUFFT2,12,22,0.008795606
GatherNUFFT2,12,23,0.008639226
GatherNUFFT2,12,24,0.010954644
GatherNUFFT2,12,25,0.008268134
GatherNUFFT2,12,26,0.008243942
GatherNUFFT2,12,27,0.008567101
GatherNUFFT2,12,28,0.008169897
GatherNUFFT2,12,29,0.008643098
mainTimer,13,0,7.178251864
dumpData,13,0,0.008378915
dumpData,13,1,0.007390144
dumpData,13,2,0.007400064
dumpData,13,3,0.007232613
dumpData,13,4,0.007248037
dumpData,13,5,0.008493375
dumpData,13,6,0.007854642
dumpData,13,7,0.007639352
dumpData,13,8,0.00733453
dumpData,13,9,0.007363137
kick,13,0,3.4239e-05
kick,13,1,8.767e-06
kick,13,2,3.4495e-05
kick,13,3,1.0271e-05
kick,13,4,3.1615e-05
kick,13,5,9.855e-06
kick,13,6,3.2479e-05
kick,13,7,7.647e-06
kick,13,8,3.0687e-05
kick,13,9,7.712e-06
kick,13,10,3.7919e-05
kick,13,11,8e-06
kick,13,12,2.9375e-05
kick,13,13,1.0208e-05
kick,13,14,3.4111e-05
kick,13,15,6.848e-06
kick,13,16,3.4975e-05
kick,13,17,7.584e-06
kick,13,18,3.1711e-05
kick,13,19,8.608e-06
drift,13,0,6.56e-06
drift,13,1,6.208e-06
drift,13,2,4.896e-06
drift,13,3,5.344e-06
drift,13,4,4.224e-06
drift,13,5,6.847e-06
drift,13,6,5.6e-06
drift,13,7,5.823e-06
drift,13,8,7.36e-06
drift,13,9,7.903e-06
particleBC,13,0,8.768e-06
particleBC,13,1,9.216e-06
particleBC,13,2,9.088e-06
particleBC,13,3,1.168e-05
particleBC,13,4,1.0016e-05
particleBC,13,5,8.608e-06
particleBC,13,6,9.888e-06
particleBC,13,7,7.808e-06
particleBC,13,8,7.615e-06
particleBC,13,9,8.16e-06
updateParticle,13,0,0.188018791
updateParticle,13,1,0.008826868
updateParticle,13,2,0.149032228
updateParticle,13,3,0.008725015
updateParticle,13,4,0.316997833
updateParticle,13,5,0.008771702
updateParticle,13,6,0.008847188
updateParticle,13,7,0.00912094
updateParticle,13,8,0.008755255
updateParticle,13,9,0.008811381
locateParticles,13,0,0.0038539
locateParticles,13,1,0.003863339
locateParticles,13,2,0.003852011
locateParticles,13,3,0.003848588
locateParticles,13,4,0.003875914
locateParticles,13,5,0.003850923
locateParticles,13,6,0.003860139
locateParticles,13,7,0.003850059
locateParticles,13,8,0.003842828
locateParticles,13,9,0.003847116
sendPreprocess,13,0,0.000250392
sendPreprocess,13,1,0.000253688
sendPreprocess,13,2,0.000238361
sendPreprocess,13,3,0.00025324
sendPreprocess,13,4,0.000246713
sendPreprocess,13,5,0.000228985
sendPreprocess,13,6,0.000264536
sendPreprocess,13,7,0.000235737
sendPreprocess,13,8,0.000249848
sendPreprocess,13,9,0.000276023
particleSend,13,0,0.000884421
particleSend,13,1,0.000815431
particleSend,13,2,0.000873926
particleSend,13,3,0.000819047
particleSend,13,4,0.000833799
particleSend,13,5,0.000861414
particleSend,13,6,0.000864902
particleSend,13,7,0.000885669
particleSend,13,8,0.000874406
particleSend,13,9,0.000829575
particleRecv,13,0,2.8415e-05
particleRecv,13,1,3.6991e-05
particleRecv,13,2,3.1775e-05
particleRecv,13,3,3.7599e-05
particleRecv,13,4,3.7342e-05
particleRecv,13,5,4.5087e-05
particleRecv,13,6,3.8719e-05
particleRecv,13,7,3.3087e-05
particleRecv,13,8,3.8335e-05
particleRecv,13,9,3.7855e-05
particleDestroy,13,0,0.002959559
particleDestroy,13,1,0.002981638
particleDestroy,13,2,0.00295911
particleDestroy,13,3,0.002994598
particleDestroy,13,4,0.002960519
particleDestroy,13,5,0.002980262
particleDestroy,13,6,0.002987077
particleDestroy,13,7,0.002972967
particleDestroy,13,8,0.002962566
particleDestroy,13,9,0.00304074
ScatterPIFNUFFT,13,0,0.228186697
ScatterPIFNUFFT,13,1,1.6319e-05
ScatterPIFNUFFT,13,2,0.310117434
ScatterPIFNUFFT,13,3,2.8127e-05
ScatterPIFNUFFT,13,4,0.180789987
ScatterPIFNUFFT,13,5,2.3071e-05
ScatterPIFNUFFT,13,6,0.334548983
ScatterPIFNUFFT,13,7,1.8656e-05
ScatterPIFNUFFT,13,8,0.181015004
ScatterPIFNUFFT,13,9,2.2143e-05
ScatterPIFNUFFT,13,10,0.327983965
ScatterPIFNUFFT,13,11,2.9247e-05
ScatterPIFNUFFT,13,12,0.181025179
ScatterPIFNUFFT,13,13,2.1247e-05
ScatterPIFNUFFT,13,14,0.288711841
ScatterPIFNUFFT,13,15,3.0079e-05
ScatterPIFNUFFT,13,16,0.287863676
ScatterPIFNUFFT,13,17,2.8223e-05
ScatterPIFNUFFT,13,18,0.181405521
ScatterPIFNUFFT,13,19,2.2592e-05
NativeNUFFT1,13,0,0.223585397
NativeNUFFT1,13,1,0.305630242
NativeNUFFT1,13,2,0.176301963
NativeNUFFT1,13,3,0.329996641
NativeNUFFT1,13,4,0.176447047
NativeNUFFT1,13,5,0.323493637
NativeNUFFT1,13,6,0.176396904
NativeNUFFT1,13,7,0.284303526
NativeNUFFT1,13,8,0.283132842
NativeNUFFT1,13,9,0.176745149
scatterTimerNUFFT1,13,0,0.141128851
scatterTimerNUFFT1,13,1,0.2222495
scatterTimerNUFFT1,13,2,0.093045505
scatterTimerNUFFT1,13,3,0.246959377
scatterTimerNUFFT1,13,4,0.093036547
scatterTimerNUFFT1,13,5,0.239444628
scatterTimerNUFFT1,13,6,0.09407501
scatterTimerNUFFT1,13,7,0.200768485
scatterTimerNUFFT1,13,8,0.200070651
scatterTimerNUFFT1,13,9,0.093856105
binSort,13,0,0.004371612
binSort,13,1,0.004314941
binSort,13,2,0.004371068
binSort,13,3,0.004329692
binSort,13,4,0.004328765
binSort,13,5,0.004321854
binSort,13,6,0.004363516
binSort,13,7,0.004349597
binSort,13,8,0.004321822
binSort,13,9,0.004340029
binSort,13,10,0.004366747
binSort,13,11,0.004401531
binSort,13,12,0.004318685
binSort,13,13,0.004375611
binSort,13,14,0.004350588
binSort,13,15,0.004336797
binSort,13,16,0.004335678
binSort,13,17,0.004357532
binSort,13,18,0.004349148
binSort,13,19,0.004354653
binSort,13,20,0.004321341
binSort,13,21,0.004356188
binSort,13,22,0.004395291
binSort,13,23,0.004345788
binSort,13,24,0.004323805
binSort,13,25,0.004401115
binSort,13,26,0.004320445
binSort,13,27,0.004338973
binSort,13,28,0.004335197
binSort,13,29,0.004368443
binSort,13,30,0.004410938
binSort,13,31,0.004385275
binSort,13,32,0.004385884
binSort,13,33,0.004383516
binSort,13,34,0.004360412
binSort,13,35,0.004328925
binSort,13,36,0.004330909
binSort,13,37,0.004359452
binSort,13,38,0.004323005
binSort,13,39,0.004335133
binComputeKeys,13,0,0.000410452
binComputeKeys,13,1,0.000417491
binComputeKeys,13,2,0.000439155
binComputeKeys,13,3,0.000420883
binComputeKeys,13,4,0.000409715
binComputeKeys,13,5,0.000421204
binComputeKeys,13,6,0.000410292
binComputeKeys,13,7,0.000422579
binComputeKeys,13,8,0.000411028
binComputeKeys,13,9,0.000414803
binComputeKeys,13,10,0.000429363
binComputeKeys,13,11,0.0004053
binComputeKeys,13,12,0.000405716
binComputeKeys,13,13,0.000418387
binComputeKeys,13,14,0.000418003
binComputeKeys,13,15,0.000419155
binComputeKeys,13,16,0.000409204
binComputeKeys,13,17,0.000426931
binComputeKeys,13,18,0.000418483
binComputeKeys,13,19,0.000422324
binComputeKeys,13,20,0.000408372
binComputeKeys,13,21,0.000435443
binComputeKeys,13,22,0.000413012
binComputeKeys,13,23,0.000415987
binComputeKeys,13,24,0.000413364
binComputeKeys,13,25,0.000420276
binComputeKeys,13,26,0.000416435
binComputeKeys,13,27,0.000434323
binComputeKeys,13,28,0.000406484
binComputeKeys,13,29,0.000409779
binComputeKeys,13,30,0.000415187
binComputeKeys,13,31,0.000406516
binComputeKeys,13,32,0.000419827
binComputeKeys,13,33,0.000407252
binComputeKeys,13,34,0.000426291
binComputeKeys,13,35,0.000418292
binComputeKeys,13,36,0.000415795
binComputeKeys,13,37,0.000422355
binComputeKeys,13,38,0.000410035
binComputeKeys,13,39,0.000413236
binSortByKey,13,0,0.003749071
binSortByKey,13,1,0.003697232
binSortByKey,13,2,0.003730351
binSortByKey,13,3,0.003712303
binSortByKey,13,4,0.003713488
binSortByKey,13,5,0.00370264
binSortByKey,13,6,0.003748463
binSortByKey,13,7,0.00372824
binSortByKey,13,8,0.00370536
binSortByKey,13,9,0.003727952
binSortByKey,13,10,0.003738671
binSortByKey,13,11,0.003769742
binSortByKey,13,12,0.003708976
binSortByKey,13,13,0.003754606
binSortByKey,13,14,0.003731119
binSortByKey,13,15,0.003718992
binSortByKey,13,16,0.003721744
binSortByKey,13,17,0.003731183
binSortByKey,13,18,0.003732719
binSortByKey,13,19,0.003730831
binSortByKey,13,20,0.003708176
binSortByKey,13,21,0.003720495
binSortByKey,13,22,0.003767086
binSortByKey,13,23,0.003733391
binSortByKey,13,24,0.003707056
binSortByKey,13,25,0.003769069
binSortByKey,13,26,0.003706608
binSortByKey,13,27,0.003708688
binSortByKey,13,28,0.003724976
binSortByKey,13,29,0.003749231
binSortByKey,13,30,0.003783662
binSortByKey,13,31,0.003766862
binSortByKey,13,32,0.003751471
binSortByKey,13,33,0.003765614
binSortByKey,13,34,0.003735823
binSortByKey,13,35,0.003712944
binSortByKey,13,36,0.0037108
binSortByKey,13,37,0.003740655
binSortByKey,13,38,0.003714672
binSortByKey,13,39,0.003723503
binComputeOffsets,13,0,0.000211097
binComputeOffsets,13,1,0.000199002
binComputeOffsets,13,2,0.000199482
binComputeOffsets,13,3,0.000195834
binComputeOffsets,13,4,0.000203898
binComputeOffsets,13,5,0.00019609
binComputeOffsets,13,6,0.000203289
binComputeOffsets,13,7,0.000197754
binComputeOffsets,13,8,0.000203898
binComputeOffsets,13,9,0.000195258
binComputeOffsets,13,10,0.00019545
binComputeOffsets,13,11,0.000224185
binComputeOffsets,13,12,0.000202681
binComputeOffsets,13,13,0.000201082
binComputeOffsets,13,14,0.000196922
binComputeOffsets,13,15,0.000195738
binComputeOffsets,13,16,0.000203098
binComputeOffsets,13,17,0.000197306
binComputeOffsets,13,18,0.000196314
binComputeOffsets,13,19,0.000198426
binComputeOffsets,13,20,0.000203865
binComputeOffsets,13,21,0.000199226
binComputeOffsets,13,22,0.000212122
binComputeOffsets,13,23,0.000195418
binComputeOffsets,13,24,0.000202713
binComputeOffsets,13,25,0.000210778
binComputeOffsets,13,26,0.000196378
binComputeOffsets,13,27,0.000194522
binComputeOffsets,13,28,0.000202329
binComputeOffsets,13,29,0.000208057
binComputeOffsets,13,30,0.000209625
binComputeOffsets,13,31,0.000210681
binComputeOffsets,13,32,0.00021145
binComputeOffsets,13,33,0.000209402
binComputeOffsets,13,34,0.000196602
binComputeOffsets,13,35,0.000196282
binComputeOffsets,13,36,0.00020361
binComputeOffsets,13,37,0.000195098
binComputeOffsets,13,38,0.00019673
binComputeOffsets,13,39,0.00019769
FFTNUFFT1,13,0,0.081767734
FFTNUFFT1,13,1,0.082538879
FFTNUFFT1,13,2,0.082568831
FFTNUFFT1,13,3,0.082188106
FFTNUFFT1,13,4,0.082720697
FFTNUFFT1,13,5,0.083374757
FFTNUFFT1,13,6,0.081634011
FFTNUFFT1,13,7,0.082698363
FFTNUFFT1,13,8,0.082264935
FFTNUFFT1,13,9,0.08203131
deconvolutionNUFFT1,13,0,0.000685548
deconvolutionNUFFT1,13,1,0.000838759
deconvolutionNUFFT1,13,2,0.000684428
deconvolutionNUFFT1,13,3,0.000847014
deconvolutionNUFFT1,13,4,0.000686699
deconvolutionNUFFT1,13,5,0.0006723
deconvolutionNUFFT1,13,6,0.000684939
deconvolutionNUFFT1,13,7,0.000833894
deconvolutionNUFFT1,13,8,0.000793096
deconvolutionNUFFT1,13,9,0.000854374
GatherPIFNUFFT,13,0,0.383236086
GatherPIFNUFFT,13,1,0.382245365
GatherPIFNUFFT,13,2,0.379042453
GatherPIFNUFFT,13,3,0.381587368
GatherPIFNUFFT,13,4,0.384505231
GatherPIFNUFFT,13,5,0.382952126
GatherPIFNUFFT,13,6,0.380174675
GatherPIFNUFFT,13,7,0.383782182
GatherPIFNUFFT,13,8,0.382437775
GatherPIFNUFFT,13,9,0.387176127
NativeNUFFT2,13,0,0.126653768
NativeNUFFT2,13,1,0.126499309
NativeNUFFT2,13,2,0.126506797
NativeNUFFT2,13,3,0.125888352
NativeNUFFT2,13,4,0.124292208
NativeNUFFT2,13,5,0.126838371
NativeNUFFT2,13,6,0.12503465
NativeNUFFT2,13,7,0.125451149
NativeNUFFT2,13,8,0.126865602
NativeNUFFT2,13,9,0.124187763
NativeNUFFT2,13,10,0.126032827
NativeNUFFT2,13,11,0.127820326
NativeNUFFT2,13,12,0.125322321
NativeNUFFT2,13,13,0.129525617
NativeNUFFT2,13,14,0.127107707
NativeNUFFT2,13,15,0.127278933
NativeNUFFT2,13,16,0.126161911
NativeNUFFT2,13,17,0.126498765
NativeNUFFT2,13,18,0.125598409
NativeNUFFT2,13,19,0.12667956
NativeNUFFT2,13,20,0.126141912
NativeNUFFT2,13,21,0.126793284
NativeNUFFT2,13,22,0.127700681
NativeNUFFT2,13,23,0.126795461
NativeNUFFT2,13,24,0.126886882
NativeNUFFT2,13,25,0.125716133
NativeNUFFT2,13,26,0.125813186
NativeNUFFT2,13,27,0.126706567
NativeNUFFT2,13,28,0.129923781
NativeNUFFT2,13,29,0.126693032
PrecorrectionNUFFT2,13,0,0.001623631
PrecorrectionNUFFT2,13,1,0.002617105
PrecorrectionNUFFT2,13,2,0.002627184
PrecorrectionNUFFT2,13,3,0.001673486
PrecorrectionNUFFT2,13,4,0.002613233
PrecorrectionNUFFT2,13,5,0.00263064
PrecorrectionNUFFT2,13,6,0.001618607
PrecorrectionNUFFT2,13,7,0.002618865
PrecorrectionNUFFT2,13,8,0.002620176
PrecorrectionNUFFT2,13,9,0.001630095
PrecorrectionNUFFT2,13,10,0.002617808
PrecorrectionNUFFT2,13,11,0.002623793
PrecorrectionNUFFT2,13,12,0.001619343
PrecorrectionNUFFT2,13,13,0.00262504
PrecorrectionNUFFT2,13,14,0.002612273
PrecorrectionNUFFT2,13,15,0.00165243
PrecorrectionNUFFT2,13,16,0.002625841
PrecorrectionNUFFT2,13,17,0.002628528
PrecorrectionNUFFT2,13,18,0.001629999
PrecorrectionNUFFT2,13,19,0.002620432
PrecorrectionNUFFT2,13,20,0.002623537
PrecorrectionNUFFT2,13,21,0.001621487
PrecorrectionNUFFT2,13,22,0.00262936
PrecorrectionNUFFT2,13,23,0.002613841
PrecorrectionNUFFT2,13,24,0.001625231
PrecorrectionNUFFT2,13,25,0.002622193
PrecorrectionNUFFT2,13,26,0.002613008
PrecorrectionNUFFT2,13,27,0.001649454
PrecorrectionNUFFT2,13,28,0.00262424
PrecorrectionNUFFT2,13,29,0.002615793
FFTNUFFT2,13,0,0.08440135
FFTNUFFT2,13,1,0.083118446
FFTNUFFT2,13,2,0.082928691
FFTNUFFT2,13,3,0.083273384
FFTNUFFT2,13,4,0.081281029
FFTNUFFT2,13,5,0.083386214
FFTNUFFT2,13,6,0.082725625
FFTNUFFT2,13,7,0.0823609
FFTNUFFT2,13,8,0.082667899
FFTNUFFT2,13,9,0.08048883
FFTNUFFT2,13,10,0.083091855
FFTNUFFT2,13,11,0.084227468
FFTNUFFT2,13,12,0.083208651
FFTNUFFT2,13,13,0.085934232
FFTNUFFT2,13,14,0.084040081
FFTNUFFT2,13,15,0.084851865
FFTNUFFT2,13,16,0.082679419
FFTNUFFT2,13,17,0.083494787
FFTNUFFT2,13,18,0.082561854
FFTNUFFT2,13,19,0.083296201
FFTNUFFT2,13,20,0.081300004
FFTNUFFT2,13,21,0.083274888
FFTNUFFT2,13,22,0.08345114
FFTNUFFT2,13,23,0.082221353
FFTNUFFT2,13,24,0.082682939
FFTNUFFT2,13,25,0.082287559
FFTNUFFT2,13,26,0.08231911
FFTNUFFT2,13,27,0.08446154
FFTNUFFT2,13,28,0.086105491
FFTNUFFT2,13,29,0.083297704
GatherNUFFT2,13,0,0.008540605
GatherNUFFT2,13,1,0.008559421
GatherNUFFT2,13,2,0.008736407
GatherNUFFT2,13,3,0.008771351
GatherNUFFT2,13,4,0.008157353
GatherNUFFT2,13,5,0.008791669
GatherNUFFT2,13,6,0.008473664
GatherNUFFT2,13,7,0.008283269
GatherNUFFT2,13,8,0.009367333
GatherNUFFT2,13,9,0.009857366
GatherNUFFT2,13,10,0.008210088
GatherNUFFT2,13,11,0.008915251
GatherNUFFT2,13,12,0.008452352
GatherNUFFT2,13,13,0.00886466
GatherNUFFT2,13,14,0.008386178
GatherNUFFT2,13,15,0.008557789
GatherNUFFT2,13,16,0.008729816
GatherNUFFT2,13,17,0.008146442
GatherNUFFT2,13,18,0.009177834
GatherNUFFT2,13,19,0.008734583
GatherNUFFT2,13,20,0.010055983
GatherNUFFT2,13,21,0.009682459
GatherNUFFT2,13,22,0.009441347
GatherNUFFT2,13,23,0.009708858
GatherNUFFT2,13,24,0.010063535
GatherNUFFT2,13,25,0.008254278
GatherNUFFT2,13,26,0.008593531
GatherNUFFT2,13,27,0.008360035
GatherNUFFT2,13,28,0.008833684
GatherNUFFT2,13,29,0.00853603
mainTimer,14,0,7.178251416
dumpData,14,0,0.011824794
dumpData,14,1,0.010064207
dumpData,14,2,0.010060111
dumpData,14,3,0.010964756
dumpData,14,4,0.00986223
dumpData,14,5,0.011147151
dumpData,14,6,0.010408517
dumpData,14,7,0.010535457
dumpData,14,8,0.01050381
dumpData,14,9,0.010444548
kick,14,0,3.4559e-05
kick,14,1,1.04e-05
kick,14,2,3.3439e-05
kick,14,3,9.856e-06
kick,14,4,3.2991e-05
kick,14,5,1.0144e-05
kick,14,6,3.3119e-05
kick,14,7,7.167e-06
kick,14,8,3.1327e-05
kick,14,9,8.288e-06
kick,14,10,3.8047e-05
kick,14,11,7.136e-06
kick,14,12,2.8927e-05
kick,14,13,9.952e-06
kick,14,14,3.2735e-05
kick,14,15,9.983e-06
kick,14,16,3.5679e-05
kick,14,17,8.896e-06
kick,14,18,3.0463e-05
kick,14,19,8.863e-06
drift,14,0,7.616e-06
drift,14,1,8.704e-06
drift,14,2,6.272e-06
drift,14,3,7.968e-06
drift,14,4,6.688e-06
drift,14,5,5.759e-06
drift,14,6,6.368e-06
drift,14,7,6.111e-06
drift,14,8,7.744e-06
drift,14,9,7.488e-06
particleBC,14,0,1.0495e-05
particleBC,14,1,1.0432e-05
particleBC,14,2,8.672e-06
particleBC,14,3,9.312e-06
particleBC,14,4,9.056e-06
particleBC,14,5,9.152e-06
particleBC,14,6,1.1552e-05
particleBC,14,7,9.824e-06
particleBC,14,8,9.215e-06
particleBC,14,9,7.84e-06
updateParticle,14,0,0.18796593
updateParticle,14,1,0.008838772
updateParticle,14,2,0.148981861
updateParticle,14,3,0.00871516
updateParticle,14,4,0.317066567
updateParticle,14,5,0.00878559
updateParticle,14,6,0.008811189
updateParticle,14,7,0.00906171
updateParticle,14,8,0.008681306
updateParticle,14,9,0.008792374
locateParticles,14,0,0.00352815
locateParticles,14,1,0.003519189
locateParticles,14,2,0.003524021
locateParticles,14,3,0.003529622
locateParticles,14,4,0.003523285
locateParticles,14,5,0.003525941
locateParticles,14,6,0.003535989
locateParticles,14,7,0.003517365
locateParticles,14,8,0.003522358
locateParticles,14,9,0.003531605
sendPreprocess,14,0,0.00057435
sendPreprocess,14,1,0.000597774
sendPreprocess,14,2,0.000565871
sendPreprocess,14,3,0.000572878
sendPreprocess,14,4,0.000599726
sendPreprocess,14,5,0.000554319
sendPreprocess,14,6,0.000588398
sendPreprocess,14,7,0.000567503
sendPreprocess,14,8,0.000571374
sendPreprocess,14,9,0.000592142
particleSend,14,0,0.000817383
particleSend,14,1,0.000869574
particleSend,14,2,0.000814823
particleSend,14,3,0.000811688
particleSend,14,4,0.000892901
particleSend,14,5,0.000922213
particleSend,14,6,0.000861702
particleSend,14,7,0.000856518
particleSend,14,8,0.00087287
particleSend,14,9,0.000873958
particleRecv,14,0,4.0255e-05
particleRecv,14,1,3.2415e-05
particleRecv,14,2,4.0575e-05
particleRecv,14,3,4.3006e-05
particleRecv,14,4,4.1278e-05
particleRecv,14,5,2.7455e-05
particleRecv,14,6,4.3743e-05
particleRecv,14,7,3.0815e-05
particleRecv,14,8,3.3855e-05
particleRecv,14,9,2.5247e-05
particleDestroy,14,0,0.002657712
particleDestroy,14,1,0.002659951
particleDestroy,14,2,0.002677647
particleDestroy,14,3,0.002658864
particleDestroy,14,4,0.002672656
particleDestroy,14,5,0.002650735
particleDestroy,14,6,0.002667279
particleDestroy,14,7,0.002673232
particleDestroy,14,8,0.002644048
particleDestroy,14,9,0.002659311
ScatterPIFNUFFT,14,0,0.229861655
ScatterPIFNUFFT,14,1,2.1727e-05
ScatterPIFNUFFT,14,2,0.310178905
ScatterPIFNUFFT,14,3,2.0287e-05
ScatterPIFNUFFT,14,4,0.18040795
ScatterPIFNUFFT,14,5,4.0575e-05
ScatterPIFNUFFT,14,6,0.334557175
ScatterPIFNUFFT,14,7,3.0367e-05
ScatterPIFNUFFT,14,8,0.18028741
ScatterPIFNUFFT,14,9,2.5759e-05
ScatterPIFNUFFT,14,10,0.326488746
ScatterPIFNUFFT,14,11,2.4415e-05
ScatterPIFNUFFT,14,12,0.180234707
ScatterPIFNUFFT,14,13,2.5183e-05
ScatterPIFNUFFT,14,14,0.287709216
ScatterPIFNUFFT,14,15,3.3919e-05
ScatterPIFNUFFT,14,16,0.287812413
ScatterPIFNUFFT,14,17,2.7871e-05
ScatterPIFNUFFT,14,18,0.18137157
ScatterPIFNUFFT,14,19,2.6111e-05
NativeNUFFT1,14,0,0.227309412
NativeNUFFT1,14,1,0.305693568
NativeNUFFT1,14,2,0.175891767
NativeNUFFT1,14,3,0.330040576
NativeNUFFT1,14,4,0.175769499
NativeNUFFT1,14,5,0.321958675
NativeNUFFT1,14,6,0.17569462
NativeNUFFT1,14,7,0.283147562
NativeNUFFT1,14,8,0.284166092
NativeNUFFT1,14,9,0.176746909
scatterTimerNUFFT1,14,0,0.141999576
scatterTimerNUFFT1,14,1,0.221311289
scatterTimerNUFFT1,14,2,0.091525423
scatterTimerNUFFT1,14,3,0.245697943
scatterTimerNUFFT1,14,4,0.091477073
scatterTimerNUFFT1,14,5,0.238455986
scatterTimerNUFFT1,14,6,0.093036257
scatterTimerNUFFT1,14,7,0.199268755
scatterTimerNUFFT1,14,8,0.200063356
scatterTimerNUFFT1,14,9,0.093068161
binSort,14,0,0.003951048
binSort,14,1,0.003997703
binSort,14,2,0.003970632
binSort,14,3,0.0039514
binSort,14,4,0.003995303
binSort,14,5,0.003970344
binSort,14,6,0.003933001
binSort,14,7,0.003917193
binSort,14,8,0.003985768
binSort,14,9,0.003940713
binSort,14,10,0.003922249
binSort,14,11,0.003912266
binSort,14,12,0.003999143
binSort,14,13,0.003938729
binSort,14,14,0.003929129
binSort,14,15,0.003924649
binSort,14,16,0.003986056
binSort,14,17,0.003929193
binSort,14,18,0.003912714
binSort,14,19,0.003938314
binSort,14,20,0.003984007
binSort,14,21,0.003961032
binSort,14,22,0.003906282
binSort,14,23,0.003942985
binSort,14,24,0.004001031
binSort,14,25,0.003880363
binSort,14,26,0.003912617
binSort,14,27,0.003936105
binSort,14,28,0.003940136
binSort,14,29,0.003921162
binSort,14,30,0.003924809
binSort,14,31,0.003912937
binSort,14,32,0.003952745
binSort,14,33,0.003919369
binSort,14,34,0.003930921
binSort,14,35,0.003944648
binSort,14,36,0.003980104
binSort,14,37,0.003939816
binSort,14,38,0.003899306
binSort,14,39,0.003896618
binComputeKeys,14,0,0.000359541
binComputeKeys,14,1,0.000384276
binComputeKeys,14,2,0.000372629
binComputeKeys,14,3,0.000382004
binComputeKeys,14,4,0.000371957
binComputeKeys,14,5,0.000373013
binComputeKeys,14,6,0.000361685
binComputeKeys,14,7,0.000364085
binComputeKeys,14,8,0.000370645
binComputeKeys,14,9,0.000368277
binComputeKeys,14,10,0.000361013
binComputeKeys,14,11,0.000381525
binComputeKeys,14,12,0.000371413
binComputeKeys,14,13,0.000365941
binComputeKeys,14,14,0.000361237
binComputeKeys,14,15,0.000362805
binComputeKeys,14,16,0.000366837
binComputeKeys,14,17,0.000386836
binComputeKeys,14,18,0.000361237
binComputeKeys,14,19,0.000357558
binComputeKeys,14,20,0.000363125
binComputeKeys,14,21,0.000364821
binComputeKeys,14,22,0.000383316
binComputeKeys,14,23,0.000374196
binComputeKeys,14,24,0.000374133
binComputeKeys,14,25,0.000379413
binComputeKeys,14,26,0.000362389
binComputeKeys,14,27,0.000362005
binComputeKeys,14,28,0.000367092
binComputeKeys,14,29,0.000373269
binComputeKeys,14,30,0.000374676
binComputeKeys,14,31,0.000377684
binComputeKeys,14,32,0.000365589
binComputeKeys,14,33,0.000382388
binComputeKeys,14,34,0.000371892
binComputeKeys,14,35,0.000362997
binComputeKeys,14,36,0.000367701
binComputeKeys,14,37,0.000359349
binComputeKeys,14,38,0.000368405
binComputeKeys,14,39,0.000395317
binSortByKey,14,0,0.003386682
binSortByKey,14,1,0.003424473
binSortByKey,14,2,0.003403609
binSortByKey,14,3,0.003379002
binSortByKey,14,4,0.003423257
binSortByKey,14,5,0.003405337
binSortByKey,14,6,0.003383321
binSortByKey,14,7,0.00336425
binSortByKey,14,8,0.003414649
binSortByKey,14,9,0.003381818
binSortByKey,14,10,0.003361082
binSortByKey,14,11,0.003346426
binSortByKey,14,12,0.00342636
binSortByKey,14,13,0.003382682
binSortByKey,14,14,0.003370522
binSortByKey,14,15,0.003366106
binSortByKey,14,16,0.003420761
binSortByKey,14,17,0.00335593
binSortByKey,14,18,0.003358651
binSortByKey,14,19,0.003386746
binSortByKey,14,20,0.003418136
binSortByKey,14,21,0.003404377
binSortByKey,14,22,0.003339451
binSortByKey,14,23,0.00337817
binSortByKey,14,24,0.00342908
binSortByKey,14,25,0.003323867
binSortByKey,14,26,0.00335881
binSortByKey,14,27,0.003377082
binSortByKey,14,28,0.003371035
binSortByKey,14,29,0.003367962
binSortByKey,14,30,0.003363866
binSortByKey,14,31,0.003336379
binSortByKey,14,32,0.00338505
binSortByKey,14,33,0.003351546
binSortByKey,14,34,0.00337065
binSortByKey,14,35,0.003384985
binSortByKey,14,36,0.003416473
binSortByKey,14,37,0.003379065
binSortByKey,14,38,0.003339451
binSortByKey,14,39,0.00331782
binComputeOffsets,14,0,0.000203321
binComputeOffsets,14,1,0.000186682
binComputeOffsets,14,2,0.000192634
binComputeOffsets,14,3,0.00018553
binComputeOffsets,14,4,0.000195098
binComputeOffsets,14,5,0.000186042
binComputeOffsets,14,6,0.000186331
binComputeOffsets,14,7,0.000187258
binComputeOffsets,14,8,0.000196314
binComputeOffsets,14,9,0.000188826
binComputeOffsets,14,10,0.000198618
binComputeOffsets,14,11,0.000182267
binComputeOffsets,14,12,0.000197146
binComputeOffsets,14,13,0.000187898
binComputeOffsets,14,14,0.000195002
binComputeOffsets,14,15,0.00019417
binComputeOffsets,14,16,0.00019529
binComputeOffsets,14,17,0.000185499
binComputeOffsets,14,18,0.000191226
binComputeOffsets,14,19,0.00019241
binComputeOffsets,14,20,0.000198234
binComputeOffsets,14,21,0.000189818
binComputeOffsets,14,22,0.000182299
binComputeOffsets,14,23,0.000187419
binComputeOffsets,14,24,0.000195738
binComputeOffsets,14,25,0.000175995
binComputeOffsets,14,26,0.000190234
binComputeOffsets,14,27,0.000194682
binComputeOffsets,14,28,0.000200569
binComputeOffsets,14,29,0.000178555
binComputeOffsets,14,30,0.000183515
binComputeOffsets,14,31,0.00019769
binComputeOffsets,14,32,0.000198938
binComputeOffsets,14,33,0.000181787
binComputeOffsets,14,34,0.000186491
binComputeOffsets,14,35,0.000194202
binComputeOffsets,14,36,0.000194171
binComputeOffsets,14,37,0.000199386
binComputeOffsets,14,38,0.000189818
binComputeOffsets,14,39,0.000180794
FFTNUFFT1,14,0,0.08464336
FFTNUFFT1,14,1,0.083529825
FFTNUFFT1,14,2,0.083530977
FFTNUFFT1,14,3,0.083518114
FFTNUFFT1,14,4,0.08361875
FFTNUFFT1,14,5,0.082688538
FFTNUFFT1,14,6,0.081797109
FFTNUFFT1,14,7,0.083046064
FFTNUFFT1,14,8,0.083209387
FFTNUFFT1,14,9,0.082833462
deconvolutionNUFFT1,14,0,0.000664876
deconvolutionNUFFT1,14,1,0.00085111
deconvolutionNUFFT1,14,2,0.000831367
deconvolutionNUFFT1,14,3,0.000822247
deconvolutionNUFFT1,14,4,0.000670508
deconvolutionNUFFT1,14,5,0.000810471
deconvolutionNUFFT1,14,6,0.000859526
deconvolutionNUFFT1,14,7,0.000829479
deconvolutionNUFFT1,14,8,0.000888581
deconvolutionNUFFT1,14,9,0.000842246
GatherPIFNUFFT,14,0,0.376843288
GatherPIFNUFFT,14,1,0.378775837
GatherPIFNUFFT,14,2,0.378218606
GatherPIFNUFFT,14,3,0.378450151
GatherPIFNUFFT,14,4,0.383592746
GatherPIFNUFFT,14,5,0.382621288
GatherPIFNUFFT,14,6,0.381753059
GatherPIFNUFFT,14,7,0.383162552
GatherPIFNUFFT,14,8,0.379904188
GatherPIFNUFFT,14,9,0.383739399
NativeNUFFT2,14,0,0.121466406
NativeNUFFT2,14,1,0.127097723
NativeNUFFT2,14,2,0.125717156
NativeNUFFT2,14,3,0.122973496
NativeNUFFT2,14,4,0.12443262
NativeNUFFT2,14,5,0.126989822
NativeNUFFT2,14,6,0.122992343
NativeNUFFT2,14,7,0.12548174
NativeNUFFT2,14,8,0.127507471
NativeNUFFT2,14,9,0.121398376
NativeNUFFT2,14,10,0.125753412
NativeNUFFT2,14,11,0.127350195
NativeNUFFT2,14,12,0.122675073
NativeNUFFT2,14,13,0.128493041
NativeNUFFT2,14,14,0.128326677
NativeNUFFT2,14,15,0.127022205
NativeNUFFT2,14,16,0.126822371
NativeNUFFT2,14,17,0.126074234
NativeNUFFT2,14,18,0.124656677
NativeNUFFT2,14,19,0.126246965
NativeNUFFT2,14,20,0.126386
NativeNUFFT2,14,21,0.124703171
NativeNUFFT2,14,22,0.127182009
NativeNUFFT2,14,23,0.127724424
NativeNUFFT2,14,24,0.124376365
NativeNUFFT2,14,25,0.125572233
NativeNUFFT2,14,26,0.125451021
NativeNUFFT2,14,27,0.122807997
NativeNUFFT2,14,28,0.129758603
NativeNUFFT2,14,29,0.127739719
PrecorrectionNUFFT2,14,0,0.00157928
PrecorrectionNUFFT2,14,1,0.002487541
PrecorrectionNUFFT2,14,2,0.002514611
PrecorrectionNUFFT2,14,3,0.001609968
PrecorrectionNUFFT2,14,4,0.002491669
PrecorrectionNUFFT2,14,5,0.002476821
PrecorrectionNUFFT2,14,6,0.001567056
PrecorrectionNUFFT2,14,7,0.00248466
PrecorrectionNUFFT2,14,8,0.002485813
PrecorrectionNUFFT2,14,9,0.00160152
PrecorrectionNUFFT2,14,10,0.002489749
PrecorrectionNUFFT2,14,11,0.002480757
PrecorrectionNUFFT2,14,12,0.001583024
PrecorrectionNUFFT2,14,13,0.002493461
PrecorrectionNUFFT2,14,14,0.002479669
PrecorrectionNUFFT2,14,15,0.001565297
PrecorrectionNUFFT2,14,16,0.002491125
PrecorrectionNUFFT2,14,17,0.002500981
PrecorrectionNUFFT2,14,18,0.001587152
PrecorrectionNUFFT2,14,19,0.002483285
PrecorrectionNUFFT2,14,20,0.002486613
PrecorrectionNUFFT2,14,21,0.001585072
PrecorrectionNUFFT2,14,22,0.002479925
PrecorrectionNUFFT2,14,23,0.002478133
PrecorrectionNUFFT2,14,24,0.001605167
PrecorrectionNUFFT2,14,25,0.002498804
PrecorrectionNUFFT2,14,26,0.002500213
PrecorrectionNUFFT2,14,27,0.001607183
PrecorrectionNUFFT2,14,28,0.002481813
PrecorrectionNUFFT2,14,29,0.002484885
FFTNUFFT2,14,0,0.082169866
FFTNUFFT2,14,1,0.086052533
FFTNUFFT2,14,2,0.085620514
FFTNUFFT2,14,3,0.083244489
FFTNUFFT2,14,4,0.084237196
FFTNUFFT2,14,5,0.084965238
FFTNUFFT2,14,6,0.084006195
FFTNUFFT2,14,7,0.084329961
FFTNUFFT2,14,8,0.087145236
FFTNUFFT2,14,9,0.080608122
FFTNUFFT2,14,10,0.085052243
FFTNUFFT2,14,11,0.085802556
FFTNUFFT2,14,12,0.083284297
FFTNUFFT2,14,13,0.086677409
FFTNUFFT2,14,14,0.085763357
FFTNUFFT2,14,15,0.087264624
FFTNUFFT2,14,16,0.086664483
FFTNUFFT2,14,17,0.085816477
FFTNUFFT2,14,18,0.085708063
FFTNUFFT2,14,19,0.084989461
FFTNUFFT2,14,20,0.083687708
FFTNUFFT2,14,21,0.085814236
FFTNUFFT2,14,22,0.087440586
FFTNUFFT2,14,23,0.087132532
FFTNUFFT2,14,24,0.084036882
FFTNUFFT2,14,25,0.085013173
FFTNUFFT2,14,26,0.083822808
FFTNUFFT2,14,27,0.082682618
FFTNUFFT2,14,28,0.086896283
FFTNUFFT2,14,29,0.087514729
GatherNUFFT2,14,0,0.008131018
GatherNUFFT2,14,1,0.00884866
GatherNUFFT2,14,2,0.007921296
GatherNUFFT2,14,3,0.008270086
GatherNUFFT2,14,4,0.007990318
GatherNUFFT2,14,5,0.009940019
GatherNUFFT2,14,6,0.007778324
GatherNUFFT2,14,7,0.009037071
GatherNUFFT2,14,8,0.008215624
GatherNUFFT2,14,9,0.009760568
GatherNUFFT2,14,10,0.008627835
GatherNUFFT2,14,11,0.00952432
GatherNUFFT2,14,12,0.008075915
GatherNUFFT2,14,13,0.009670939
GatherNUFFT2,14,14,0.010356391
GatherNUFFT2,14,15,0.008594492
GatherNUFFT2,14,16,0.007960143
GatherNUFFT2,14,17,0.008033261
GatherNUFFT2,14,18,0.007872849
GatherNUFFT2,14,19,0.008950993
GatherNUFFT2,14,20,0.010369926
GatherNUFFT2,14,21,0.007740246
GatherNUFFT2,14,22,0.00771087
GatherNUFFT2,14,23,0.008427937
GatherNUFFT2,14,24,0.009282535
GatherNUFFT2,14,25,0.008158985
GatherNUFFT2,14,26,0.009277767
GatherNUFFT2,14,27,0.008998607
GatherNUFFT2,14,28,0.010733979
GatherNUFFT2,14,29,0.007984174
mainTimer,15,0,7.178251928
dumpData,15,0,0.009844278
dumpData,15,1,0.008719576
dumpData,15,2,0.009288454
dumpData,15,3,0.00858854
dumpData,15,4,0.008764151
dumpData,15,5,0.009335238
dumpData,15,6,0.008974513
dumpData,15,7,0.008643162
dumpData,15,8,0.008285637
dumpData,15,9,0.008468543
kick,15,0,3.4047e-05
kick,15,1,1.4464e-05
kick,15,2,3.2287e-05
kick,15,3,1.3215e-05
kick,15,4,2.9727e-05
kick,15,5,1.1136e-05
kick,15,6,3.2639e-05
kick,15,7,1.2095e-05
kick,15,8,3.0271e-05
kick,15,9,9.728e-06
kick,15,10,3.8303e-05
kick,15,11,1.1712e-05
kick,15,12,2.8255e-05
kick,15,13,1.2383e-05
kick,15,14,3.2767e-05
kick,15,15,8.96e-06
kick,15,16,3.4975e-05
kick,15,17,1.1136e-05
kick,15,18,2.9151e-05
kick,15,19,1.232e-05
drift,15,0,9.6e-06
drift,15,1,7.52e-06
drift,15,2,6.592e-06
drift,15,3,5.632e-06
drift,15,4,4.704e-06
drift,15,5,6.111e-06
drift,15,6,6.112e-06
drift,15,7,4.799e-06
drift,15,8,6.72e-06
drift,15,9,6.784e-06
particleBC,15,0,8.959e-06
particleBC,15,1,8.576e-06
particleBC,15,2,8.576e-06
particleBC,15,3,9.28e-06
particleBC,15,4,9.504e-06
particleBC,15,5,8.896e-06
particleBC,15,6,1.0496e-05
particleBC,15,7,7.68e-06
particleBC,15,8,9.312e-06
particleBC,15,9,7.999e-06
updateParticle,15,0,0.187977033
updateParticle,15,1,0.008845716
updateParticle,15,2,0.148854985
updateParticle,15,3,0.008721335
updateParticle,15,4,0.316982602
updateParticle,15,5,0.008792726
updateParticle,15,6,0.00884482
updateParticle,15,7,0.009074766
updateParticle,15,8,0.008715961
updateParticle,15,9,0.008835605
locateParticles,15,0,0.003727888
locateParticles,15,1,0.003715119
locateParticles,15,2,0.003716911
locateParticles,15,3,0.003726928
locateParticles,15,4,0.003725999
locateParticles,15,5,0.003744719
locateParticles,15,6,0.003727215
locateParticles,15,7,0.003728847
locateParticles,15,8,0.003706128
locateParticles,15,9,0.003732047
sendPreprocess,15,0,0.00037474
sendPreprocess,15,1,0.000406196
sendPreprocess,15,2,0.000376213
sendPreprocess,15,3,0.000379316
sendPreprocess,15,4,0.00039874
sendPreprocess,15,5,0.000337077
sendPreprocess,15,6,0.000399924
sendPreprocess,15,7,0.000359061
sendPreprocess,15,8,0.000391092
sendPreprocess,15,9,0.000393908
particleSend,15,0,0.000818983
particleSend,15,1,0.000810631
particleSend,15,2,0.000816711
particleSend,15,3,0.000815175
particleSend,15,4,0.000923748
particleSend,15,5,0.00085959
particleSend,15,6,0.000861894
particleSend,15,7,0.000807912
particleSend,15,8,0.000820935
particleSend,15,9,0.000827911
particleRecv,15,0,3.6383e-05
particleRecv,15,1,3.8655e-05
particleRecv,15,2,3.7855e-05
particleRecv,15,3,3.6799e-05
particleRecv,15,4,2.9663e-05
particleRecv,15,5,4.6367e-05
particleRecv,15,6,3.9711e-05
particleRecv,15,7,3.9615e-05
particleRecv,15,8,4.0927e-05
particleRecv,15,9,3.8367e-05
particleDestroy,15,0,0.002869929
particleDestroy,15,1,0.002860298
particleDestroy,15,2,0.002861258
particleDestroy,15,3,0.002877865
particleDestroy,15,4,0.002872297
particleDestroy,15,5,0.002879113
particleDestroy,15,6,0.002881064
particleDestroy,15,7,0.002915015
particleDestroy,15,8,0.002867529
particleDestroy,15,9,0.00289828
ScatterPIFNUFFT,15,0,0.229848535
ScatterPIFNUFFT,15,1,1.6927e-05
ScatterPIFNUFFT,15,2,0.310182392
ScatterPIFNUFFT,15,3,1.4463e-05
ScatterPIFNUFFT,15,4,0.179874238
ScatterPIFNUFFT,15,5,3.9967e-05
ScatterPIFNUFFT,15,6,0.334555895
ScatterPIFNUFFT,15,7,2.1567e-05
ScatterPIFNUFFT,15,8,0.179161749
ScatterPIFNUFFT,15,9,1.5584e-05
ScatterPIFNUFFT,15,10,0.327044122
ScatterPIFNUFFT,15,11,3.1232e-05
ScatterPIFNUFFT,15,12,0.180166293
ScatterPIFNUFFT,15,13,2.7743e-05
ScatterPIFNUFFT,15,14,0.288801695
ScatterPIFNUFFT,15,15,2.1407e-05
ScatterPIFNUFFT,15,16,0.287989848
ScatterPIFNUFFT,15,17,1.7727e-05
ScatterPIFNUFFT,15,18,0.181458096
ScatterPIFNUFFT,15,19,1.2959e-05
NativeNUFFT1,15,0,0.225190372
NativeNUFFT1,15,1,0.305656481
NativeNUFFT1,15,2,0.175312872
NativeNUFFT1,15,3,0.329993857
NativeNUFFT1,15,4,0.174608414
NativeNUFFT1,15,5,0.322535202
NativeNUFFT1,15,6,0.175613439
NativeNUFFT1,15,7,0.284366629
NativeNUFFT1,15,8,0.284399045
NativeNUFFT1,15,9,0.176961015
scatterTimerNUFFT1,15,0,0.141012406
scatterTimerNUFFT1,15,1,0.221403702
scatterTimerNUFFT1,15,2,0.093045313
scatterTimerNUFFT1,15,3,0.246641146
scatterTimerNUFFT1,15,4,0.092975108
scatterTimerNUFFT1,15,5,0.23865102
scatterTimerNUFFT1,15,6,0.093316472
scatterTimerNUFFT1,15,7,0.200694376
scatterTimerNUFFT1,15,8,0.200892771
scatterTimerNUFFT1,15,9,0.093775403
binSort,15,0,0.004165634
binSort,15,1,0.004152675
binSort,15,2,0.004113635
binSort,15,3,0.004092484
binSort,15,4,0.004154818
binSort,15,5,0.004140899
binSort,15,6,0.004108868
binSort,15,7,0.00412026
binSort,15,8,0.004187457
binSort,15,9,0.00410282
binSort,15,10,0.004125955
binSort,15,11,0.00415117
binSort,15,12,0.004134435
binSort,15,13,0.004107908
binSort,15,14,0.004135651
binSort,15,15,0.004142435
binSort,15,16,0.004173986
binSort,15,17,0.004185377
binSort,15,18,0.004142915
binSort,15,19,0.004144259
binSort,15,20,0.004152194
binSort,15,21,0.004123587
binSort,15,22,0.004158914
binSort,15,23,0.004100196
binSort,15,24,0.00418173
binSort,15,25,0.004165474
binSort,15,26,0.004148994
binSort,15,27,0.004120483
binSort,15,28,0.004171842
binSort,15,29,0.004100708
binSort,15,30,0.004073957
binSort,15,31,0.004147266
binSort,15,32,0.004131812
binSort,15,33,0.004094756
binSort,15,34,0.004133474
binSort,15,35,0.004160738
binSort,15,36,0.004168834
binSort,15,37,0.004149826
binSort,15,38,0.00409962
binSort,15,39,0.004166689
binComputeKeys,15,0,0.000390004
binComputeKeys,15,1,0.000395828
binComputeKeys,15,2,0.000400436
binComputeKeys,15,3,0.000389268
binComputeKeys,15,4,0.000388244
binComputeKeys,15,5,0.000388308
binComputeKeys,15,6,0.000406196
binComputeKeys,15,7,0.00039218
binComputeKeys,15,8,0.000393044
binComputeKeys,15,9,0.000388308
binComputeKeys,15,10,0.000399124
binComputeKeys,15,11,0.000388852
binComputeKeys,15,12,0.000385141
binComputeKeys,15,13,0.000390612
binComputeKeys,15,14,0.000397652
binComputeKeys,15,15,0.000387061
binComputeKeys,15,16,0.000396468
binComputeKeys,15,17,0.000388276
binComputeKeys,15,18,0.000385973
binComputeKeys,15,19,0.000387732
binComputeKeys,15,20,0.00038642
binComputeKeys,15,21,0.00039522
binComputeKeys,15,22,0.000395124
binComputeKeys,15,23,0.000388213
binComputeKeys,15,24,0.000395828
binComputeKeys,15,25,0.000391828
binComputeKeys,15,26,0.00039266
binComputeKeys,15,27,0.000402164
binComputeKeys,15,28,0.000386676
binComputeKeys,15,29,0.000394708
binComputeKeys,15,30,0.000384948
binComputeKeys,15,31,0.000393908
binComputeKeys,15,32,0.000381621
binComputeKeys,15,33,0.000394036
binComputeKeys,15,34,0.000401555
binComputeKeys,15,35,0.000396436
binComputeKeys,15,36,0.000393748
binComputeKeys,15,37,0.000399732
binComputeKeys,15,38,0.000384916
binComputeKeys,15,39,0.000391636
binSortByKey,15,0,0.003572692
binSortByKey,15,1,0.003559637
binSortByKey,15,2,0.003517269
binSortByKey,15,3,0.003511158
binSortByKey,15,4,0.003565748
binSortByKey,15,5,0.003555285
binSortByKey,15,6,0.003514325
binSortByKey,15,7,0.003532757
binSortByKey,15,8,0.003588308
binSortByKey,15,9,0.003518902
binSortByKey,15,10,0.003534677
binSortByKey,15,11,0.003561012
binSortByKey,15,12,0.00354514
binSortByKey,15,13,0.00352799
binSortByKey,15,14,0.003540917
binSortByKey,15,15,0.003553172
binSortByKey,15,16,0.003574676
binSortByKey,15,17,0.003595827
binSortByKey,15,18,0.0035573
binSortByKey,15,19,0.003553365
binSortByKey,15,20,0.003561685
binSortByKey,15,21,0.003534901
binSortByKey,15,22,0.003552468
binSortByKey,15,23,0.003515157
binSortByKey,15,24,0.003583092
binSortByKey,15,25,0.003569268
binSortByKey,15,26,0.003561972
binSortByKey,15,27,0.003525685
binSortByKey,15,28,0.00358242
binSortByKey,15,29,0.00351743
binSortByKey,15,30,0.003502934
binSortByKey,15,31,0.003555188
binSortByKey,15,32,0.003541781
binSortByKey,15,33,0.003513301
binSortByKey,15,34,0.003537589
binSortByKey,15,35,0.00356306
binSortByKey,15,36,0.003573397
binSortByKey,15,37,0.003554324
binSortByKey,15,38,0.003517654
binSortByKey,15,39,0.003578035
binComputeOffsets,15,0,0.000201146
binComputeOffsets,15,1,0.00019545
binComputeOffsets,15,2,0.000193946
binComputeOffsets,15,3,0.000189978
binComputeOffsets,15,4,0.000197882
binComputeOffsets,15,5,0.000195898
binComputeOffsets,15,6,0.000187803
binComputeOffsets,15,7,0.000192859
binComputeOffsets,15,8,0.000204218
binComputeOffsets,15,9,0.00019369
binComputeOffsets,15,10,0.00019081
binComputeOffsets,15,11,0.00019993
binComputeOffsets,15,12,0.00020217
binComputeOffsets,15,13,0.000187226
binComputeOffsets,15,14,0.000195546
binComputeOffsets,15,15,0.00020073
binComputeOffsets,15,16,0.000200442
binComputeOffsets,15,17,0.000199866
binComputeOffsets,15,18,0.000197882
binComputeOffsets,15,19,0.000201722
binComputeOffsets,15,20,0.000201049
binComputeOffsets,15,21,0.00019257
binComputeOffsets,15,22,0.000207706
binComputeOffsets,15,23,0.00019481
binComputeOffsets,15,24,0.000201658
binComputeOffsets,15,25,0.000203258
binComputeOffsets,15,26,0.000192858
binComputeOffsets,15,27,0.00019145
binComputeOffsets,15,28,0.000201338
binComputeOffsets,15,29,0.000187482
binComputeOffsets,15,30,0.000185051
binComputeOffsets,15,31,0.000196538
binComputeOffsets,15,32,0.000204666
binComputeOffsets,15,33,0.000185819
binComputeOffsets,15,34,0.000193466
binComputeOffsets,15,35,0.000199738
binComputeOffsets,15,36,0.000199513
binComputeOffsets,15,37,0.000194426
binComputeOffsets,15,38,0.000195706
binComputeOffsets,15,39,0.000195674
FFTNUFFT1,15,0,0.083508002
FFTNUFFT1,15,1,0.083382277
FFTNUFFT1,15,2,0.081432064
FFTNUFFT1,15,3,0.08252864
FFTNUFFT1,15,4,0.080806483
FFTNUFFT1,15,5,0.083037455
FFTNUFFT1,15,6,0.081400546
FFTNUFFT1,15,7,0.082831062
FFTNUFFT1,15,8,0.082528351
FFTNUFFT1,15,9,0.082356229
deconvolutionNUFFT1,15,0,0.0006667
deconvolutionNUFFT1,15,1,0.000868614
deconvolutionNUFFT1,15,2,0.000831975
deconvolutionNUFFT1,15,3,0.000821479
deconvolutionNUFFT1,15,4,0.000822567
deconvolutionNUFFT1,15,5,0.000843783
deconvolutionNUFFT1,15,6,0.000893637
deconvolutionNUFFT1,15,7,0.000839815
deconvolutionNUFFT1,15,8,0.000974019
deconvolutionNUFFT1,15,9,0.000827911
GatherPIFNUFFT,15,0,0.379242831
GatherPIFNUFFT,15,1,0.381334992
GatherPIFNUFFT,15,2,0.381858848
GatherPIFNUFFT,15,3,0.380816448
GatherPIFNUFFT,15,4,0.386751243
GatherPIFNUFFT,15,5,0.379422281
GatherPIFNUFFT,15,6,0.383425137
GatherPIFNUFFT,15,7,0.383002078
GatherPIFNUFFT,15,8,0.381079383
GatherPIFNUFFT,15,9,0.381957309
NativeNUFFT2,15,0,0.123139091
NativeNUFFT2,15,1,0.126547755
NativeNUFFT2,15,2,0.126531596
NativeNUFFT2,15,3,0.124211506
NativeNUFFT2,15,4,0.125030841
NativeNUFFT2,15,5,0.126176919
NativeNUFFT2,15,6,0.125670086
NativeNUFFT2,15,7,0.125310065
NativeNUFFT2,15,8,0.126274772
NativeNUFFT2,15,9,0.122978488
NativeNUFFT2,15,10,0.126007164
NativeNUFFT2,15,11,0.127415089
NativeNUFFT2,15,12,0.127691273
NativeNUFFT2,15,13,0.128798087
NativeNUFFT2,15,14,0.127588012
NativeNUFFT2,15,15,0.12495478
NativeNUFFT2,15,16,0.126217622
NativeNUFFT2,15,17,0.126698919
NativeNUFFT2,15,18,0.124926557
NativeNUFFT2,15,19,0.126022939
NativeNUFFT2,15,20,0.126283988
NativeNUFFT2,15,21,0.125651591
NativeNUFFT2,15,22,0.127231287
NativeNUFFT2,15,23,0.127141369
NativeNUFFT2,15,24,0.125503627
NativeNUFFT2,15,25,0.125786147
NativeNUFFT2,15,26,0.12621935
NativeNUFFT2,15,27,0.123666051
NativeNUFFT2,15,28,0.12911891
NativeNUFFT2,15,29,0.127599852
PrecorrectionNUFFT2,15,0,0.001593104
PrecorrectionNUFFT2,15,1,0.002548403
PrecorrectionNUFFT2,15,2,0.00256453
PrecorrectionNUFFT2,15,3,0.001612975
PrecorrectionNUFFT2,15,4,0.002550002
PrecorrectionNUFFT2,15,5,0.002551955
PrecorrectionNUFFT2,15,6,0.001616687
PrecorrectionNUFFT2,15,7,0.002540627
PrecorrectionNUFFT2,15,8,0.002540243
PrecorrectionNUFFT2,15,9,0.001614
PrecorrectionNUFFT2,15,10,0.002543667
PrecorrectionNUFFT2,15,11,0.002544179
PrecorrectionNUFFT2,15,12,0.001591248
PrecorrectionNUFFT2,15,13,0.002553587
PrecorrectionNUFFT2,15,14,0.002556467
PrecorrectionNUFFT2,15,15,0.001588241
PrecorrectionNUFFT2,15,16,0.002552051
PrecorrectionNUFFT2,15,17,0.002568467
PrecorrectionNUFFT2,15,18,0.001620527
PrecorrectionNUFFT2,15,19,0.002537555
PrecorrectionNUFFT2,15,20,0.002545683
PrecorrectionNUFFT2,15,21,0.001605807
PrecorrectionNUFFT2,15,22,0.002560658
PrecorrectionNUFFT2,15,23,0.002559602
PrecorrectionNUFFT2,15,24,0.001597584
PrecorrectionNUFFT2,15,25,0.002563602
PrecorrectionNUFFT2,15,26,0.002556275
PrecorrectionNUFFT2,15,27,0.00158424
PrecorrectionNUFFT2,15,28,0.002548531
PrecorrectionNUFFT2,15,29,0.002543475
FFTNUFFT2,15,0,0.082269479
FFTNUFFT2,15,1,0.084778204
FFTNUFFT2,15,2,0.084497668
FFTNUFFT2,15,3,0.083117741
FFTNUFFT2,15,4,0.083492258
FFTNUFFT2,15,5,0.08315902
FFTNUFFT2,15,6,0.08462016
FFTNUFFT2,15,7,0.083693724
FFTNUFFT2,15,8,0.084977973
FFTNUFFT2,15,9,0.082086189
FFTNUFFT2,15,10,0.084455781
FFTNUFFT2,15,11,0.08415627
FFTNUFFT2,15,12,0.086387242
FFTNUFFT2,15,13,0.085707487
FFTNUFFT2,15,14,0.084579712
FFTNUFFT2,15,15,0.083872663
FFTNUFFT2,15,16,0.0839893
FFTNUFFT2,15,17,0.084844825
FFTNUFFT2,15,18,0.082699834
FFTNUFFT2,15,19,0.083978195
FFTNUFFT2,15,20,0.082777656
FFTNUFFT2,15,21,0.08475398
FFTNUFFT2,15,22,0.085423592
FFTNUFFT2,15,23,0.084550658
FFTNUFFT2,15,24,0.084079184
FFTNUFFT2,15,25,0.083791289
FFTNUFFT2,15,26,0.082857781
FFTNUFFT2,15,27,0.081891602
FFTNUFFT2,15,28,0.082932083
FFTNUFFT2,15,29,0.085242765
GatherNUFFT2,15,0,0.008518398
GatherNUFFT2,15,1,0.00840461
GatherNUFFT2,15,2,0.008570589
GatherNUFFT2,15,3,0.008671962
GatherNUFFT2,15,4,0.008169256
GatherNUFFT2,15,5,0.009617213
GatherNUFFT2,15,6,0.00861254
GatherNUFFT2,15,7,0.008273861
GatherNUFFT2,15,8,0.008035917
GatherNUFFT2,15,9,0.008252262
GatherNUFFT2,15,10,0.007935855
GatherNUFFT2,15,11,0.009702522
GatherNUFFT2,15,12,0.008666266
GatherNUFFT2,15,13,0.009400164
GatherNUFFT2,15,14,0.009472002
GatherNUFFT2,15,15,0.008418561
GatherNUFFT2,15,16,0.008595196
GatherNUFFT2,15,17,0.008061548
GatherNUFFT2,15,18,0.009484161
GatherNUFFT2,15,19,0.008427905
GatherNUFFT2,15,20,0.009899508
GatherNUFFT2,15,21,0.008383234
GatherNUFFT2,15,22,0.008316581
GatherNUFFT2,15,23,0.008955537
GatherNUFFT2,15,24,0.008794966
GatherNUFFT2,15,25,0.008172329
GatherNUFFT2,15,26,0.009716314
GatherNUFFT2,15,27,0.008956208
GatherNUFFT2,15,28,0.012439176
GatherNUFFT2,15,29,0.00853059
mainTimer,16,0,7.178254446
dumpData,16,0,0.010240263
dumpData,16,1,0.008250053
dumpData,16,2,0.009334019
dumpData,16,3,0.009108458
dumpData,16,4,0.008516668
dumpData,16,5,0.009687992
dumpData,16,6,0.007717365
dumpData,16,7,0.00883989
dumpData,16,8,0.009013389
dumpData,16,9,0.008435039
kick,16,0,2.9023e-05
kick,16,1,1.0496e-05
kick,16,2,2.7455e-05
kick,16,3,8.991e-06
kick,16,4,3.0527e-05
kick,16,5,9.088e-06
kick,16,6,2.6431e-05
kick,16,7,1.0624e-05
kick,16,8,2.9727e-05
kick,16,9,9.984e-06
kick,16,10,2.4447e-05
kick,16,11,1.1136e-05
kick,16,12,2.7679e-05
kick,16,13,1.1999e-05
kick,16,14,2.7103e-05
kick,16,15,8.192e-06
kick,16,16,2.7647e-05
kick,16,17,8.351e-06
kick,16,18,3.3119e-05
kick,16,19,9.215e-06
drift,16,0,5.951e-06
drift,16,1,5.248e-06
drift,16,2,7.712e-06
drift,16,3,9.728e-06
drift,16,4,5.6e-06
drift,16,5,6.144e-06
drift,16,6,5.472e-06
drift,16,7,5.568e-06
drift,16,8,4.416e-06
drift,16,9,6.624e-06
particleBC,16,0,1.008e-05
particleBC,16,1,9.216e-06
particleBC,16,2,9.984e-06
particleBC,16,3,1.0399e-05
particleBC,16,4,1.0879e-05
particleBC,16,5,1.0783e-05
particleBC,16,6,9.344e-06
particleBC,16,7,9.663e-06
particleBC,16,8,1.104e-05
particleBC,16,9,1.0976e-05
updateParticle,16,0,0.236242584
updateParticle,16,1,0.008609401
updateParticle,16,2,0.008868849
updateParticle,16,3,0.008510525
updateParticle,16,4,0.00859689
updateParticle,16,5,0.00846211
updateParticle,16,6,0.008563322
updateParticle,16,7,0.116886322
updateParticle,16,8,0.008468189
updateParticle,16,9,0.008557658
locateParticles,16,0,0.003667537
locateParticles,16,1,0.003633425
locateParticles,16,2,0.00366744
locateParticles,16,3,0.003663409
locateParticles,16,4,0.003666032
locateParticles,16,5,0.003655281
locateParticles,16,6,0.003658544
locateParticles,16,7,0.003656785
locateParticles,16,8,0.003686767
locateParticles,16,9,0.003655953
sendPreprocess,16,0,0.000443538
sendPreprocess,16,1,0.000485169
sendPreprocess,16,2,0.000416723
sendPreprocess,16,3,0.000435698
sendPreprocess,16,4,0.000453203
sendPreprocess,16,5,0.000436562
sendPreprocess,16,6,0.000460978
sendPreprocess,16,7,0.000438322
sendPreprocess,16,8,0.000416275
sendPreprocess,16,9,0.00046021
particleSend,16,0,0.000848454
particleSend,16,1,0.000867333
particleSend,16,2,0.000857958
particleSend,16,3,0.000852518
particleSend,16,4,0.000806215
particleSend,16,5,0.000810024
particleSend,16,6,0.000903172
particleSend,16,7,0.00079604
particleSend,16,8,0.000861382
particleSend,16,9,0.000824199
particleRecv,16,0,3.1327e-05
particleRecv,16,1,2.4352e-05
particleRecv,16,2,2.9023e-05
particleRecv,16,3,3.0335e-05
particleRecv,16,4,3.3599e-05
particleRecv,16,5,3.4815e-05
particleRecv,16,6,2.6975e-05
particleRecv,16,7,3.4655e-05
particleRecv,16,8,2.5599e-05
particleRecv,16,9,3.4783e-05
particleDestroy,16,0,0.002552434
particleDestroy,16,1,0.002565233
particleDestroy,16,2,0.002560146
particleDestroy,16,3,0.002548083
particleDestroy,16,4,0.002544818
particleDestroy,16,5,0.002547218
particleDestroy,16,6,0.002539635
particleDestroy,16,7,0.002574769
particleDestroy,16,8,0.002567314
particleDestroy,16,9,0.002562194
ScatterPIFNUFFT,16,0,0.179428542
ScatterPIFNUFFT,16,1,2.6303e-05
ScatterPIFNUFFT,16,2,0.310980399
ScatterPIFNUFFT,16,3,1.7984e-05
ScatterPIFNUFFT,16,4,0.321347059
ScatterPIFNUFFT,16,5,2.4895e-05
ScatterPIFNUFFT,16,6,0.335094192
ScatterPIFNUFFT,16,7,2.4799e-05
ScatterPIFNUFFT,16,8,0.48923544
ScatterPIFNUFFT,16,9,2.96e-05
ScatterPIFNUFFT,16,10,0.326379162
ScatterPIFNUFFT,16,11,2.0927e-05
ScatterPIFNUFFT,16,12,0.180569946
ScatterPIFNUFFT,16,13,2.4511e-05
ScatterPIFNUFFT,16,14,0.182118539
ScatterPIFNUFFT,16,15,2.832e-05
ScatterPIFNUFFT,16,16,0.290291238
ScatterPIFNUFFT,16,17,2.3615e-05
ScatterPIFNUFFT,16,18,0.182822069
ScatterPIFNUFFT,16,19,1.9647e-05
NativeNUFFT1,16,0,0.174971141
NativeNUFFT1,16,1,0.306519319
NativeNUFFT1,16,2,0.318835616
NativeNUFFT1,16,3,0.331519901
NativeNUFFT1,16,4,0.484780471
NativeNUFFT1,16,5,0.321941378
NativeNUFFT1,16,6,0.176121474
NativeNUFFT1,16,7,0.177844654
NativeNUFFT1,16,8,0.2859011
NativeNUFFT1,16,9,0.178369118
scatterTimerNUFFT1,16,0,0.093219139
scatterTimerNUFFT1,16,1,0.221083654
scatterTimerNUFFT1,16,2,0.234572075
scatterTimerNUFFT1,16,3,0.248918324
scatterTimerNUFFT1,16,4,0.40121243
scatterTimerNUFFT1,16,5,0.238377176
scatterTimerNUFFT1,16,6,0.09341267
scatterTimerNUFFT1,16,7,0.093260322
scatterTimerNUFFT1,16,8,0.200959629
scatterTimerNUFFT1,16,9,0.093468221
binSort,16,0,0.004158945
binSort,16,1,0.004154497
binSort,16,2,0.004068452
binSort,16,3,0.004105155
binSort,16,4,0.004150274
binSort,16,5,0.004108483
binSort,16,6,0.00411805
binSort,16,7,0.004057636
binSort,16,8,0.004097443
binSort,16,9,0.004128642
binSort,16,10,0.004142946
binSort,16,11,0.004159841
binSort,16,12,0.004151393
binSort,16,13,0.004104675
binSort,16,14,0.00412909
binSort,16,15,0.004119618
binSort,16,16,0.004120515
binSort,16,17,0.004120546
binSort,16,18,0.004064004
binSort,16,19,0.004123842
binSort,16,20,0.004173153
binSort,16,21,0.004099971
binSort,16,22,0.004125762
binSort,16,23,0.004136833
binSort,16,24,0.004150209
binSort,16,25,0.004110499
binSort,16,26,0.004100195
binSort,16,27,0.004144993
binSort,16,28,0.004165633
binSort,16,29,0.004135106
binSort,16,30,0.004134562
binSort,16,31,0.004126082
binSort,16,32,0.004167873
binSort,16,33,0.004089603
binSort,16,34,0.004079235
binSort,16,35,0.004136962
binSort,16,36,0.004158209
binSort,16,37,0.004101731
binSort,16,38,0.004082371
binSort,16,39,0.004134146
binComputeKeys,16,0,0.000393908
binComputeKeys,16,1,0.000386996
binComputeKeys,16,2,0.000383061
binComputeKeys,16,3,0.000390356
binComputeKeys,16,4,0.000391828
binComputeKeys,16,5,0.000387764
binComputeKeys,16,6,0.000391444
binComputeKeys,16,7,0.000383636
binComputeKeys,16,8,0.000382292
binComputeKeys,16,9,0.000378868
binComputeKeys,16,10,0.000393204
binComputeKeys,16,11,0.000390356
binComputeKeys,16,12,0.0003901
binComputeKeys,16,13,0.000389588
binComputeKeys,16,14,0.000388244
binComputeKeys,16,15,0.000387604
binComputeKeys,16,16,0.000383829
binComputeKeys,16,17,0.000404403
binComputeKeys,16,18,0.000387701
binComputeKeys,16,19,0.0003917
binComputeKeys,16,20,0.00039714
binComputeKeys,16,21,0.000389748
binComputeKeys,16,22,0.000386548
binComputeKeys,16,23,0.000391284
binComputeKeys,16,24,0.000387028
binComputeKeys,16,25,0.000388564
binComputeKeys,16,26,0.000384884
binComputeKeys,16,27,0.000398867
binComputeKeys,16,28,0.000397556
binComputeKeys,16,29,0.000391028
binComputeKeys,16,30,0.000390868
binComputeKeys,16,31,0.00039026
binComputeKeys,16,32,0.000396628
binComputeKeys,16,33,0.000407731
binComputeKeys,16,34,0.000392276
binComputeKeys,16,35,0.000388212
binComputeKeys,16,36,0.000396596
binComputeKeys,16,37,0.000383989
binComputeKeys,16,38,0.000390932
binComputeKeys,16,39,0.000398452
binSortByKey,16,0,0.003563507
binSortByKey,16,1,0.003566483
binSortByKey,16,2,0.003499733
binSortByKey,16,3,0.003517205
binSortByKey,16,4,0.003556628
binSortByKey,16,5,0.003528725
binSortByKey,16,6,0.003535284
binSortByKey,16,7,0.003489429
binSortByKey,16,8,0.003514901
binSortByKey,16,9,0.003548404
binSortByKey,16,10,0.003553524
binSortByKey,16,11,0.003573395
binSortByKey,16,12,0.00356178
binSortByKey,16,13,0.003522485
binSortByKey,16,14,0.00354466
binSortByKey,16,15,0.003540948
binSortByKey,16,16,0.003537748
binSortByKey,16,17,0.003525717
binSortByKey,16,18,0.003491189
binSortByKey,16,19,0.003535828
binSortByKey,16,20,0.003572787
binSortByKey,16,21,0.003518101
binSortByKey,16,22,0.003544436
binSortByKey,16,23,0.003554419
binSortByKey,16,24,0.003561715
binSortByKey,16,25,0.003528501
binSortByKey,16,26,0.003519989
binSortByKey,16,27,0.003551412
binSortByKey,16,28,0.003563155
binSortByKey,16,29,0.003548564
binSortByKey,16,30,0.003547764
binSortByKey,16,31,0.003542644
binSortByKey,16,32,0.003566611
binSortByKey,16,33,0.003495318
binSortByKey,16,34,0.003502293
binSortByKey,16,35,0.003556116
binSortByKey,16,36,0.003557075
binSortByKey,16,37,0.003523124
binSortByKey,16,38,0.003504661
binSortByKey,16,39,0.003543764
binComputeOffsets,16,0,0.00019865
binComputeOffsets,16,1,0.000199866
binComputeOffsets,16,2,0.000183898
binComputeOffsets,16,3,0.000193882
binComputeOffsets,16,4,0.000199258
binComputeOffsets,16,5,0.000189978
binComputeOffsets,16,6,0.000190074
binComputeOffsets,16,7,0.000183323
binComputeOffsets,16,8,0.000198298
binComputeOffsets,16,9,0.00019977
binComputeOffsets,16,10,0.000193466
binComputeOffsets,16,11,0.000194106
binComputeOffsets,16,12,0.000198393
binComputeOffsets,16,13,0.000190874
binComputeOffsets,16,14,0.000191802
binComputeOffsets,16,15,0.000188698
binComputeOffsets,16,16,0.000196794
binComputeOffsets,16,17,0.000188442
binComputeOffsets,16,18,0.000184698
binComputeOffsets,16,19,0.00019513
binComputeOffsets,16,20,0.000199706
binComputeOffsets,16,21,0.000190362
binComputeOffsets,16,22,0.000192794
binComputeOffsets,16,23,0.00018953
binComputeOffsets,16,24,0.000198394
binComputeOffsets,16,25,0.000191866
binComputeOffsets,16,26,0.000193722
binComputeOffsets,16,27,0.000192826
binComputeOffsets,16,28,0.00020169
binComputeOffsets,16,29,0.000194234
binComputeOffsets,16,30,0.00019417
binComputeOffsets,16,31,0.00019161
binComputeOffsets,16,32,0.000200954
binComputeOffsets,16,33,0.00018457
binComputeOffsets,16,34,0.000183578
binComputeOffsets,16,35,0.00019129
binComputeOffsets,16,36,0.000201338
binComputeOffsets,16,37,0.00019305
binComputeOffsets,16,38,0.000185978
binComputeOffsets,16,39,0.000191034
FFTNUFFT1,16,0,0.080923548
FFTNUFFT1,16,1,0.084621065
FFTNUFFT1,16,2,0.083436046
FFTNUFFT1,16,3,0.081765858
FFTNUFFT1,16,4,0.082744738
FFTNUFFT1,16,5,0.08255748
FFTNUFFT1,16,6,0.081877437
FFTNUFFT1,16,7,0.083924096
FFTNUFFT1,16,8,0.084099065
FFTNUFFT1,16,9,0.084062427
deconvolutionNUFFT1,16,0,0.00082535
deconvolutionNUFFT1,16,1,0.000810984
deconvolutionNUFFT1,16,2,0.000824135
deconvolutionNUFFT1,16,3,0.000831303
deconvolutionNUFFT1,16,4,0.000819271
deconvolutionNUFFT1,16,5,0.001003778
deconvolutionNUFFT1,16,6,0.000828167
deconvolutionNUFFT1,16,7,0.000656364
deconvolutionNUFFT1,16,8,0.000836902
deconvolutionNUFFT1,16,9,0.000834726
GatherPIFNUFFT,16,0,0.382125013
GatherPIFNUFFT,16,1,0.380605347
GatherPIFNUFFT,16,2,0.380393673
GatherPIFNUFFT,16,3,0.380357098
GatherPIFNUFFT,16,4,0.384578858
GatherPIFNUFFT,16,5,0.383386862
GatherPIFNUFFT,16,6,0.383934173
GatherPIFNUFFT,16,7,0.382889117
GatherPIFNUFFT,16,8,0.379679839
GatherPIFNUFFT,16,9,0.383329712
NativeNUFFT2,16,0,0.124540583
NativeNUFFT2,16,1,0.12716956
NativeNUFFT2,16,2,0.125531114
NativeNUFFT2,16,3,0.125398414
NativeNUFFT2,16,4,0.12531976
NativeNUFFT2,16,5,0.126960926
NativeNUFFT2,16,6,0.122704832
NativeNUFFT2,16,7,0.125554024
NativeNUFFT2,16,8,0.126835875
NativeNUFFT2,16,9,0.124043542
NativeNUFFT2,16,10,0.125508139
NativeNUFFT2,16,11,0.126933247
NativeNUFFT2,16,12,0.123278223
NativeNUFFT2,16,13,0.129474097
NativeNUFFT2,16,14,0.12790272
NativeNUFFT2,16,15,0.127155705
NativeNUFFT2,16,16,0.12649774
NativeNUFFT2,16,17,0.126167959
NativeNUFFT2,16,18,0.126351857
NativeNUFFT2,16,19,0.125800353
NativeNUFFT2,16,20,0.12787533
NativeNUFFT2,16,21,0.125322895
NativeNUFFT2,16,22,0.127129593
NativeNUFFT2,16,23,0.127998271
NativeNUFFT2,16,24,0.123795295
NativeNUFFT2,16,25,0.12629749
NativeNUFFT2,16,26,0.125125142
NativeNUFFT2,16,27,0.123245872
NativeNUFFT2,16,28,0.129661067
NativeNUFFT2,16,29,0.127445808
PrecorrectionNUFFT2,16,0,0.001608783
PrecorrectionNUFFT2,16,1,0.002564178
PrecorrectionNUFFT2,16,2,0.00255301
PrecorrectionNUFFT2,16,3,0.001605583
PrecorrectionNUFFT2,16,4,0.00254693
PrecorrectionNUFFT2,16,5,0.002556114
PrecorrectionNUFFT2,16,6,0.001593519
PrecorrectionNUFFT2,16,7,0.002567826
PrecorrectionNUFFT2,16,8,0.002552242
PrecorrectionNUFFT2,16,9,0.001611887
PrecorrectionNUFFT2,16,10,0.002552722
PrecorrectionNUFFT2,16,11,0.002542227
PrecorrectionNUFFT2,16,12,0.001600847
PrecorrectionNUFFT2,16,13,0.002552946
PrecorrectionNUFFT2,16,14,0.002547506
PrecorrectionNUFFT2,16,15,0.001602543
PrecorrectionNUFFT2,16,16,0.002539219
PrecorrectionNUFFT2,16,17,0.002540659
PrecorrectionNUFFT2,16,18,0.001612015
PrecorrectionNUFFT2,16,19,0.002559314
PrecorrectionNUFFT2,16,20,0.002549714
PrecorrectionNUFFT2,16,21,0.001585424
PrecorrectionNUFFT2,16,22,0.002549234
PrecorrectionNUFFT2,16,23,0.002537075
PrecorrectionNUFFT2,16,24,0.001588944
PrecorrectionNUFFT2,16,25,0.002540819
PrecorrectionNUFFT2,16,26,0.002550354
PrecorrectionNUFFT2,16,27,0.001610479
PrecorrectionNUFFT2,16,28,0.002560274
PrecorrectionNUFFT2,16,29,0.002540659
FFTNUFFT2,16,0,0.081693218
FFTNUFFT2,16,1,0.085783175
FFTNUFFT2,16,2,0.08381421
FFTNUFFT2,16,3,0.083622217
FFTNUFFT2,16,4,0.08230072
FFTNUFFT2,16,5,0.08550747
FFTNUFFT2,16,6,0.080183697
FFTNUFFT2,16,7,0.082547688
FFTNUFFT2,16,8,0.085362036
FFTNUFFT2,16,9,0.083350864
FFTNUFFT2,16,10,0.084095899
FFTNUFFT2,16,11,0.084986943
FFTNUFFT2,16,12,0.081228498
FFTNUFFT2,16,13,0.087910438
FFTNUFFT2,16,14,0.086474577
FFTNUFFT2,16,15,0.086699915
FFTNUFFT2,16,16,0.084889153
FFTNUFFT2,16,17,0.084228054
FFTNUFFT2,16,18,0.085517934
FFTNUFFT2,16,19,0.084392176
FFTNUFFT2,16,20,0.085723689
FFTNUFFT2,16,21,0.082672325
FFTNUFFT2,16,22,0.084723879
FFTNUFFT2,16,23,0.086559631
FFTNUFFT2,16,24,0.082865793
FFTNUFFT2,16,25,0.084824931
FFTNUFFT2,16,26,0.083301107
FFTNUFFT2,16,27,0.082432397
FFTNUFFT2,16,28,0.088099935
FFTNUFFT2,16,29,0.086160123
GatherNUFFT2,16,0,0.010279399
GatherNUFFT2,16,1,0.008009515
GatherNUFFT2,16,2,0.008376928
GatherNUFFT2,16,3,0.009397153
GatherNUFFT2,16,4,0.009535133
GatherNUFFT2,16,5,0.00806849
GatherNUFFT2,16,6,0.010184681
GatherNUFFT2,16,7,0.009588091
GatherNUFFT2,16,8,0.007938798
GatherNUFFT2,16,9,0.008066986
GatherNUFFT2,16,10,0.007868272
GatherNUFFT2,16,11,0.008474654
GatherNUFFT2,16,12,0.009679609
GatherNUFFT2,16,13,0.008245636
GatherNUFFT2,16,14,0.008078313
GatherNUFFT2,16,15,0.007992876
GatherNUFFT2,16,16,0.008338561
GatherNUFFT2,16,17,0.008507612
GatherNUFFT2,16,18,0.00835229
GatherNUFFT2,16,19,0.008119273
GatherNUFFT2,16,20,0.008625753
GatherNUFFT2,16,21,0.010288902
GatherNUFFT2,16,22,0.008948079
GatherNUFFT2,16,23,0.008020171
GatherNUFFT2,16,24,0.008548635
GatherNUFFT2,16,25,0.008112264
GatherNUFFT2,16,26,0.00839056
GatherNUFFT2,16,27,0.008522268
GatherNUFFT2,16,28,0.008262596
GatherNUFFT2,16,29,0.00792987
mainTimer,17,0,7.178249199
dumpData,17,0,0.012691228
dumpData,17,1,0.010634332
dumpData,17,2,0.010583261
dumpData,17,3,0.011638333
dumpData,17,4,0.009795509
dumpData,17,5,0.010823637
dumpData,17,6,0.010181385
dumpData,17,7,0.010664506
dumpData,17,8,0.010847925
dumpData,17,9,0.010818646
kick,17,0,2.6656e-05
kick,17,1,1.2512e-05
kick,17,2,2.9151e-05
kick,17,3,9.983e-06
kick,17,4,3.2479e-05
kick,17,5,1.1167e-05
kick,17,6,2.9343e-05
kick,17,7,9.279e-06
kick,17,8,3.2895e-05
kick,17,9,1.9776e-05
kick,17,10,2.8255e-05
kick,17,11,1.2768e-05
kick,17,12,3.0527e-05
kick,17,13,1.104e-05
kick,17,14,2.8255e-05
kick,17,15,1.1136e-05
kick,17,16,2.7935e-05
kick,17,17,1.1807e-05
kick,17,18,3.3407e-05
kick,17,19,1.3408e-05
drift,17,0,5.983e-06
drift,17,1,5.984e-06
drift,17,2,7.872e-06
drift,17,3,9.44e-06
drift,17,4,5.376e-06
drift,17,5,4.992e-06
drift,17,6,6.752e-06
drift,17,7,5.568e-06
drift,17,8,5.088e-06
drift,17,9,6.592e-06
particleBC,17,0,1.0528e-05
particleBC,17,1,1.024e-05
particleBC,17,2,1.008e-05
particleBC,17,3,1.0528e-05
particleBC,17,4,1.0687e-05
particleBC,17,5,1.0463e-05
particleBC,17,6,1.0816e-05
particleBC,17,7,1.1807e-05
particleBC,17,8,1.1232e-05
particleBC,17,9,1.024e-05
updateParticle,17,0,0.236302646
updateParticle,17,1,0.00868847
updateParticle,17,2,0.008828594
updateParticle,17,3,0.008512828
updateParticle,17,4,0.008503421
updateParticle,17,5,0.008473726
updateParticle,17,6,0.008658551
updateParticle,17,7,0.11688309
updateParticle,17,8,0.008478717
updateParticle,17,9,0.008505436
locateParticles,17,0,0.003477302
locateParticles,17,1,0.003466454
locateParticles,17,2,0.003488533
locateParticles,17,3,0.003471735
locateParticles,17,4,0.003470742
locateParticles,17,5,0.003479894
locateParticles,17,6,0.003469495
locateParticles,17,7,0.003456439
locateParticles,17,8,0.003482709
locateParticles,17,9,0.003468791
sendPreprocess,17,0,0.000632781
sendPreprocess,17,1,0.000653868
sendPreprocess,17,2,0.00059627
sendPreprocess,17,3,0.000629197
sendPreprocess,17,4,0.000649293
sendPreprocess,17,5,0.000613197
sendPreprocess,17,6,0.000650572
sendPreprocess,17,7,0.00063918
sendPreprocess,17,8,0.000623437
sendPreprocess,17,9,0.000649228
particleSend,17,0,0.000856134
particleSend,17,1,0.000820839
particleSend,17,2,0.000813191
particleSend,17,3,0.000804648
particleSend,17,4,0.000823782
particleSend,17,5,0.000853062
particleSend,17,6,0.000808583
particleSend,17,7,0.000854374
particleSend,17,8,0.000816935
particleSend,17,9,0.000824423
particleRecv,17,0,2.7391e-05
particleRecv,17,1,3.7119e-05
particleRecv,17,2,3.7343e-05
particleRecv,17,3,3.4143e-05
particleRecv,17,4,2.9279e-05
particleRecv,17,5,2.8607e-05
particleRecv,17,6,4.1663e-05
particleRecv,17,7,3.4815e-05
particleRecv,17,8,3.8623e-05
particleRecv,17,9,3.2799e-05
particleDestroy,17,0,0.002500532
particleDestroy,17,1,0.002499379
particleDestroy,17,2,0.002509811
particleDestroy,17,3,0.002518835
particleDestroy,17,4,0.002482613
particleDestroy,17,5,0.002490004
particleDestroy,17,6,0.002505395
particleDestroy,17,7,0.002491924
particleDestroy,17,8,0.002489908
particleDestroy,17,9,0.002506547
ScatterPIFNUFFT,17,0,0.179391198
ScatterPIFNUFFT,17,1,2.6751e-05
ScatterPIFNUFFT,17,2,0.30908964
ScatterPIFNUFFT,17,3,1.4943e-05
ScatterPIFNUFFT,17,4,0.321551821
ScatterPIFNUFFT,17,5,2.2239e-05
ScatterPIFNUFFT,17,6,0.333463138
ScatterPIFNUFFT,17,7,1.8176e-05
ScatterPIFNUFFT,17,8,0.489386795
ScatterPIFNUFFT,17,9,2.5183e-05
ScatterPIFNUFFT,17,10,0.325962631
ScatterPIFNUFFT,17,11,2.4159e-05
ScatterPIFNUFFT,17,12,0.180492061
ScatterPIFNUFFT,17,13,2.4831e-05
ScatterPIFNUFFT,17,14,0.182043885
ScatterPIFNUFFT,17,15,2.048e-05
ScatterPIFNUFFT,17,16,0.289483551
ScatterPIFNUFFT,17,17,1.9552e-05
ScatterPIFNUFFT,17,18,0.181783926
ScatterPIFNUFFT,17,19,2.5599e-05
NativeNUFFT1,17,0,0.174933895
NativeNUFFT1,17,1,0.304635217
NativeNUFFT1,17,2,0.319021978
NativeNUFFT1,17,3,0.329940237
NativeNUFFT1,17,4,0.48490402
NativeNUFFT1,17,5,0.32151867
NativeNUFFT1,17,6,0.17604762
NativeNUFFT1,17,7,0.177526456
NativeNUFFT1,17,8,0.28491681
NativeNUFFT1,17,9,0.177196929
scatterTimerNUFFT1,17,0,0.092839919
scatterTimerNUFFT1,17,1,0.220281375
scatterTimerNUFFT1,17,2,0.233700742
scatterTimerNUFFT1,17,3,0.249022513
scatterTimerNUFFT1,17,4,0.400408743
scatterTimerNUFFT1,17,5,0.237535121
scatterTimerNUFFT1,17,6,0.09335344
scatterTimerNUFFT1,17,7,0.092695859
scatterTimerNUFFT1,17,8,0.20092203
scatterTimerNUFFT1,17,9,0.093101896
binSort,17,0,0.003952936
binSort,17,1,0.003898825
binSort,17,2,0.003917897
binSort,17,3,0.003896297
binSort,17,4,0.003962663
binSort,17,5,0.003882057
binSort,17,6,0.003946888
binSort,17,7,0.003877866
binSort,17,8,0.003925289
binSort,17,9,0.003873929
binSort,17,10,0.003897097
binSort,17,11,0.003917288
binSort,17,12,0.003962215
binSort,17,13,0.003892393
binSort,17,14,0.003899177
binSort,17,15,0.003874186
binSort,17,16,0.003954888
binSort,17,17,0.003889705
binSort,17,18,0.003932424
binSort,17,19,0.003910248
binSort,17,20,0.003956775
binSort,17,21,0.003895337
binSort,17,22,0.003902793
binSort,17,23,0.003889353
binSort,17,24,0.003917384
binSort,17,25,0.003881386
binSort,17,26,0.003870474
binSort,17,27,0.003902409
binSort,17,28,0.003918312
binSort,17,29,0.003881834
binSort,17,30,0.003894921
binSort,17,31,0.003891945
binSort,17,32,0.003898057
binSort,17,33,0.003915177
binSort,17,34,0.003885961
binSort,17,35,0.003918504
binSort,17,36,0.003938216
binSort,17,37,0.003912073
binSort,17,38,0.003880458
binSort,17,39,0.003878953
binComputeKeys,17,0,0.000372789
binComputeKeys,17,1,0.0003701
binComputeKeys,17,2,0.000371893
binComputeKeys,17,3,0.000359285
binComputeKeys,17,4,0.000363413
binComputeKeys,17,5,0.000360085
binComputeKeys,17,6,0.000367861
binComputeKeys,17,7,0.000360053
binComputeKeys,17,8,0.000359349
binComputeKeys,17,9,0.000370964
binComputeKeys,17,10,0.000381076
binComputeKeys,17,11,0.0003861
binComputeKeys,17,12,0.000370613
binComputeKeys,17,13,0.000363733
binComputeKeys,17,14,0.000360501
binComputeKeys,17,15,0.000357077
binComputeKeys,17,16,0.000372821
binComputeKeys,17,17,0.000365813
binComputeKeys,17,18,0.000368501
binComputeKeys,17,19,0.000370932
binComputeKeys,17,20,0.000373333
binComputeKeys,17,21,0.000361909
binComputeKeys,17,22,0.000361813
binComputeKeys,17,23,0.000354837
binComputeKeys,17,24,0.000364085
binComputeKeys,17,25,0.000358101
binComputeKeys,17,26,0.000378965
binComputeKeys,17,27,0.000363797
binComputeKeys,17,28,0.000374836
binComputeKeys,17,29,0.000373781
binComputeKeys,17,30,0.000358389
binComputeKeys,17,31,0.000364309
binComputeKeys,17,32,0.000369941
binComputeKeys,17,33,0.000359413
binComputeKeys,17,34,0.000362357
binComputeKeys,17,35,0.000371925
binComputeKeys,17,36,0.000366229
binComputeKeys,17,37,0.000361461
binComputeKeys,17,38,0.000358645
binComputeKeys,17,39,0.000361749
binSortByKey,17,0,0.003384089
binSortByKey,17,1,0.003346618
binSortByKey,17,2,0.003359866
binSortByKey,17,3,0.003348058
binSortByKey,17,4,0.003380345
binSortByKey,17,5,0.003340378
binSortByKey,17,6,0.003390264
binSortByKey,17,7,0.003326106
binSortByKey,17,8,0.003370969
binSortByKey,17,9,0.003320571
binSortByKey,17,10,0.003329307
binSortByKey,17,11,0.003347322
binSortByKey,17,12,0.003399096
binSortByKey,17,13,0.003340826
binSortByKey,17,14,0.003347034
binSortByKey,17,15,0.003327963
binSortByKey,17,16,0.00338828
binSortByKey,17,17,0.003341818
binSortByKey,17,18,0.003374105
binSortByKey,17,19,0.003352666
binSortByKey,17,20,0.003387768
binSortByKey,17,21,0.00334713
binSortByKey,17,22,0.003350234
binSortByKey,17,23,0.003348442
binSortByKey,17,24,0.003360377
binSortByKey,17,25,0.003336603
binSortByKey,17,26,0.003311515
binSortByKey,17,27,0.003353466
binSortByKey,17,28,0.00334617
binSortByKey,17,29,0.00332633
binSortByKey,17,30,0.003347226
binSortByKey,17,31,0.00334105
binSortByKey,17,32,0.003332666
binSortByKey,17,33,0.003367706
binSortByKey,17,34,0.00333593
binSortByKey,17,35,0.003360153
binSortByKey,17,36,0.003376601
binSortByKey,17,37,0.00336425
binSortByKey,17,38,0.003336026
binSortByKey,17,39,0.003324346
binComputeOffsets,17,0,0.000192698
binComputeOffsets,17,1,0.000180539
binComputeOffsets,17,2,0.000184378
binComputeOffsets,17,3,0.000186874
binComputeOffsets,17,4,0.000216217
binComputeOffsets,17,5,0.000179386
binComputeOffsets,17,6,0.000187067
binComputeOffsets,17,7,0.000189691
binComputeOffsets,17,8,0.000191131
binComputeOffsets,17,9,0.000180122
binComputeOffsets,17,10,0.000185338
binComputeOffsets,17,11,0.000181242
binComputeOffsets,17,12,0.000190362
binComputeOffsets,17,13,0.000185274
binComputeOffsets,17,14,0.000186362
binComputeOffsets,17,15,0.00018665
binComputeOffsets,17,16,0.000192027
binComputeOffsets,17,17,0.000179834
binComputeOffsets,17,18,0.000188442
binComputeOffsets,17,19,0.000184826
binComputeOffsets,17,20,0.000191386
binComputeOffsets,17,21,0.000184538
binComputeOffsets,17,22,0.000188858
binComputeOffsets,17,23,0.000184506
binComputeOffsets,17,24,0.000190682
binComputeOffsets,17,25,0.000184698
binComputeOffsets,17,26,0.000178106
binComputeOffsets,17,27,0.000183674
binComputeOffsets,17,28,0.00019609
binComputeOffsets,17,29,0.000178907
binComputeOffsets,17,30,0.000187514
binComputeOffsets,17,31,0.000184634
binComputeOffsets,17,32,0.000191866
binComputeOffsets,17,33,0.000186586
binComputeOffsets,17,34,0.000186458
binComputeOffsets,17,35,0.000184474
binComputeOffsets,17,36,0.000191834
binComputeOffsets,17,37,0.000185626
binComputeOffsets,17,38,0.000184795
binComputeOffsets,17,39,0.00019017
FFTNUFFT1,17,0,0.081418124
FFTNUFFT1,17,1,0.083686598
FFTNUFFT1,17,2,0.084486829
FFTNUFFT1,17,3,0.080084693
FFTNUFFT1,17,4,0.083650151
FFTNUFFT1,17,5,0.083163606
FFTNUFFT1,17,6,0.081850302
FFTNUFFT1,17,7,0.084179352
FFTNUFFT1,17,8,0.083140438
FFTNUFFT1,17,9,0.083273234
deconvolutionNUFFT1,17,0,0.000674604
deconvolutionNUFFT1,17,1,0.000663244
deconvolutionNUFFT1,17,2,0.000829959
deconvolutionNUFFT1,17,3,0.000830375
deconvolutionNUFFT1,17,4,0.000842694
deconvolutionNUFFT1,17,5,0.000816871
deconvolutionNUFFT1,17,6,0.000841382
deconvolutionNUFFT1,17,7,0.000647437
deconvolutionNUFFT1,17,8,0.000851174
deconvolutionNUFFT1,17,9,0.000817959
GatherPIFNUFFT,17,0,0.379487237
GatherPIFNUFFT,17,1,0.380143409
GatherPIFNUFFT,17,2,0.377476803
GatherPIFNUFFT,17,3,0.380633282
GatherPIFNUFFT,17,4,0.383856096
GatherPIFNUFFT,17,5,0.383778786
GatherPIFNUFFT,17,6,0.382295952
GatherPIFNUFFT,17,7,0.381586949
GatherPIFNUFFT,17,8,0.379678271
GatherPIFNUFFT,17,9,0.384446606
NativeNUFFT2,17,0,0.122168304
NativeNUFFT2,17,1,0.126603146
NativeNUFFT2,17,2,0.125363887
NativeNUFFT2,17,3,0.12553873
NativeNUFFT2,17,4,0.126189078
NativeNUFFT2,17,5,0.125804385
NativeNUFFT2,17,6,0.122052404
NativeNUFFT2,17,7,0.125327151
NativeNUFFT2,17,8,0.127064188
NativeNUFFT2,17,9,0.126538474
NativeNUFFT2,17,10,0.125705765
NativeNUFFT2,17,11,0.126238805
NativeNUFFT2,17,12,0.12206802
NativeNUFFT2,17,13,0.128318037
NativeNUFFT2,17,14,0.129003359
NativeNUFFT2,17,15,0.127029276
NativeNUFFT2,17,16,0.125999483
NativeNUFFT2,17,17,0.127200887
NativeNUFFT2,17,18,0.12322136
NativeNUFFT2,17,19,0.126189813
NativeNUFFT2,17,20,0.12685629
NativeNUFFT2,17,21,0.123606852
NativeNUFFT2,17,22,0.127306068
NativeNUFFT2,17,23,0.127810725
NativeNUFFT2,17,24,0.124504266
NativeNUFFT2,17,25,0.126209236
NativeNUFFT2,17,26,0.125763363
NativeNUFFT2,17,27,0.12464439
NativeNUFFT2,17,28,0.128180792
NativeNUFFT2,17,29,0.127632458
PrecorrectionNUFFT2,17,0,0.00157704
PrecorrectionNUFFT2,17,1,0.002454582
PrecorrectionNUFFT2,17,2,0.002450869
PrecorrectionNUFFT2,17,3,0.001544465
PrecorrectionNUFFT2,17,4,0.002445717
PrecorrectionNUFFT2,17,5,0.002464213
PrecorrectionNUFFT2,17,6,0.001573648
PrecorrectionNUFFT2,17,7,0.002453077
PrecorrectionNUFFT2,17,8,0.002447349
PrecorrectionNUFFT2,17,9,0.001537713
PrecorrectionNUFFT2,17,10,0.002464021
PrecorrectionNUFFT2,17,11,0.002451989
PrecorrectionNUFFT2,17,12,0.001575696
PrecorrectionNUFFT2,17,13,0.002451957
PrecorrectionNUFFT2,17,14,0.002450389
PrecorrectionNUFFT2,17,15,0.001537969
PrecorrectionNUFFT2,17,16,0.00244991
PrecorrectionNUFFT2,17,17,0.002447765
PrecorrectionNUFFT2,17,18,0.001544753
PrecorrectionNUFFT2,17,19,0.002460181
PrecorrectionNUFFT2,17,20,0.002462709
PrecorrectionNUFFT2,17,21,0.001558961
PrecorrectionNUFFT2,17,22,0.002464469
PrecorrectionNUFFT2,17,23,0.002459477
PrecorrectionNUFFT2,17,24,0.001533009
PrecorrectionNUFFT2,17,25,0.002451093
PrecorrectionNUFFT2,17,26,0.002457045
PrecorrectionNUFFT2,17,27,0.001554609
PrecorrectionNUFFT2,17,28,0.002465012
PrecorrectionNUFFT2,17,29,0.002458453
FFTNUFFT2,17,0,0.083386223
FFTNUFFT2,17,1,0.085386292
FFTNUFFT2,17,2,0.084835107
FFTNUFFT2,17,3,0.086829351
FFTNUFFT2,17,4,0.084300563
FFTNUFFT2,17,5,0.082976283
FFTNUFFT2,17,6,0.081813535
FFTNUFFT2,17,7,0.084118745
FFTNUFFT2,17,8,0.087168029
FFTNUFFT2,17,9,0.08740674
FFTNUFFT2,17,10,0.084886466
FFTNUFFT2,17,11,0.084830691
FFTNUFFT2,17,12,0.081339535
FFTNUFFT2,17,13,0.087486642
FFTNUFFT2,17,14,0.088980965
FFTNUFFT2,17,15,0.087084927
FFTNUFFT2,17,16,0.085590028
FFTNUFFT2,17,17,0.086085246
FFTNUFFT2,17,18,0.082895518
FFTNUFFT2,17,19,0.08644693
FFTNUFFT2,17,20,0.086945508
FFTNUFFT2,17,21,0.084953375
FFTNUFFT2,17,22,0.086617325
FFTNUFFT2,17,23,0.086390227
FFTNUFFT2,17,24,0.085212409
FFTNUFFT2,17,25,0.085425905
FFTNUFFT2,17,26,0.085925507
FFTNUFFT2,17,27,0.084128729
FFTNUFFT2,17,28,0.085037021
FFTNUFFT2,17,29,0.086204027
GatherNUFFT2,17,0,0.007766387
GatherNUFFT2,17,1,0.009338947
GatherNUFFT2,17,2,0.008762069
GatherNUFFT2,17,3,0.007769747
GatherNUFFT2,17,4,0.010202184
GatherNUFFT2,17,5,0.010956754
GatherNUFFT2,17,6,0.009211047
GatherNUFFT2,17,7,0.009362658
GatherNUFFT2,17,8,0.007904207
GatherNUFFT2,17,9,0.008037643
GatherNUFFT2,17,10,0.008948655
GatherNUFFT2,17,11,0.009728088
GatherNUFFT2,17,12,0.00989429
GatherNUFFT2,17,13,0.008983406
GatherNUFFT2,17,14,0.008287171
GatherNUFFT2,17,15,0.008866898
GatherNUFFT2,17,16,0.008438207
GatherNUFFT2,17,17,0.009341507
GatherNUFFT2,17,18,0.009532958
GatherNUFFT2,17,19,0.007876527
GatherNUFFT2,17,20,0.007965997
GatherNUFFT2,17,21,0.0077085
GatherNUFFT2,17,22,0.008609849
GatherNUFFT2,17,23,0.009487071
GatherNUFFT2,17,24,0.008317122
GatherNUFFT2,17,25,0.008927824
GatherNUFFT2,17,26,0.007976781
GatherNUFFT2,17,27,0.009544924
GatherNUFFT2,17,28,0.011249513
GatherNUFFT2,17,29,0.009457503
mainTimer,18,0,7.178253294
dumpData,18,0,0.009012557
dumpData,18,1,0.006815696
dumpData,18,2,0.007686677
dumpData,18,3,0.00793211
dumpData,18,4,0.006610582
dumpData,18,5,0.007810034
dumpData,18,6,0.006608438
dumpData,18,7,0.006645205
dumpData,18,8,0.007434909
dumpData,18,9,0.006809904
kick,18,0,2.9311e-05
kick,18,1,9.503e-06
kick,18,2,2.6911e-05
kick,18,3,9.504e-06
kick,18,4,3.0623e-05
kick,18,5,9.088e-06
kick,18,6,2.7647e-05
kick,18,7,7.968e-06
kick,18,8,3.0559e-05
kick,18,9,8.704e-06
kick,18,10,2.5023e-05
kick,18,11,9.695e-06
kick,18,12,2.5983e-05
kick,18,13,8.192e-06
kick,18,14,2.8255e-05
kick,18,15,9.184e-06
kick,18,16,2.6975e-05
kick,18,17,8.768e-06
kick,18,18,3.1551e-05
kick,18,19,7.232e-06
drift,18,0,5.535e-06
drift,18,1,6.272e-06
drift,18,2,8.608e-06
drift,18,3,9.216e-06
drift,18,4,4.736e-06
drift,18,5,5.504e-06
drift,18,6,6.816e-06
drift,18,7,5.152e-06
drift,18,8,5.376e-06
drift,18,9,6.208e-06
particleBC,18,0,1.1712e-05
particleBC,18,1,9.728e-06
particleBC,18,2,9.28e-06
particleBC,18,3,1.3055e-05
particleBC,18,4,1.1071e-05
particleBC,18,5,1.2319e-05
particleBC,18,6,9.44e-06
particleBC,18,7,9.503e-06
particleBC,18,8,9.888e-06
particleBC,18,9,1.0272e-05
updateParticle,18,0,0.236249112
updateParticle,18,1,0.008675415
updateParticle,18,2,0.009004077
updateParticle,18,3,0.008556859
updateParticle,18,4,0.008610586
updateParticle,18,5,0.008506109
updateParticle,18,6,0.008638552
updateParticle,18,7,0.117000015
updateParticle,18,8,0.008518012
updateParticle,18,9,0.008576666
locateParticles,18,0,0.0038267
locateParticles,18,1,0.003839722
locateParticles,18,2,0.003819147
locateParticles,18,3,0.003846635
locateParticles,18,4,0.003813804
locateParticles,18,5,0.003841835
locateParticles,18,6,0.00382782
locateParticles,18,7,0.003822604
locateParticles,18,8,0.00380782
locateParticles,18,9,0.003833259
sendPreprocess,18,0,0.000284023
sendPreprocess,18,1,0.000283672
sendPreprocess,18,2,0.000267704
sendPreprocess,18,3,0.000253016
sendPreprocess,18,4,0.000308342
sendPreprocess,18,5,0.000252216
sendPreprocess,18,6,0.000294423
sendPreprocess,18,7,0.000274743
sendPreprocess,18,8,0.000299127
sendPreprocess,18,9,0.000286776
particleSend,18,0,0.000810279
particleSend,18,1,0.000821511
particleSend,18,2,0.000869126
particleSend,18,3,0.00084935
particleSend,18,4,0.000875526
particleSend,18,5,0.000856038
particleSend,18,6,0.000816711
particleSend,18,7,0.00091434
particleSend,18,8,0.000818631
particleSend,18,9,0.000822151
particleRecv,18,0,3.4111e-05
particleRecv,18,1,3.5295e-05
particleRecv,18,2,2.8896e-05
particleRecv,18,3,2.9599e-05
particleRecv,18,4,2.8351e-05
particleRecv,18,5,2.6079e-05
particleRecv,18,6,3.6191e-05
particleRecv,18,7,3.0847e-05
particleRecv,18,8,3.6831e-05
particleRecv,18,9,3.3759e-05
particleDestroy,18,0,0.002776812
particleDestroy,18,1,0.002781259
particleDestroy,18,2,0.002771851
particleDestroy,18,3,0.002789515
particleDestroy,18,4,0.002770955
particleDestroy,18,5,0.002755468
particleDestroy,18,6,0.002784971
particleDestroy,18,7,0.002770028
particleDestroy,18,8,0.002779083
particleDestroy,18,9,0.00280849
ScatterPIFNUFFT,18,0,0.17961596
ScatterPIFNUFFT,18,1,1.2351e-05
ScatterPIFNUFFT,18,2,0.3110715
ScatterPIFNUFFT,18,3,1.4527e-05
ScatterPIFNUFFT,18,4,0.321473583
ScatterPIFNUFFT,18,5,1.5551e-05
ScatterPIFNUFFT,18,6,0.3352155
ScatterPIFNUFFT,18,7,1.792e-05
ScatterPIFNUFFT,18,8,0.489347436
ScatterPIFNUFFT,18,9,1.1008e-05
ScatterPIFNUFFT,18,10,0.328064134
ScatterPIFNUFFT,18,11,1.3951e-05
ScatterPIFNUFFT,18,12,0.180636761
ScatterPIFNUFFT,18,13,1.4944e-05
ScatterPIFNUFFT,18,14,0.179291426
ScatterPIFNUFFT,18,15,1.6352e-05
ScatterPIFNUFFT,18,16,0.290269991
ScatterPIFNUFFT,18,17,2.0224e-05
ScatterPIFNUFFT,18,18,0.18282191
ScatterPIFNUFFT,18,19,1.1935e-05
NativeNUFFT1,18,0,0.175138817
NativeNUFFT1,18,1,0.306621332
NativeNUFFT1,18,2,0.317056566
NativeNUFFT1,18,3,0.331669945
NativeNUFFT1,18,4,0.484914356
NativeNUFFT1,18,5,0.323601327
NativeNUFFT1,18,6,0.17620128
NativeNUFFT1,18,7,0.175091265
NativeNUFFT1,18,8,0.285906572
NativeNUFFT1,18,9,0.178404028
scatterTimerNUFFT1,18,0,0.093822705
scatterTimerNUFFT1,18,1,0.221552952
scatterTimerNUFFT1,18,2,0.232627431
scatterTimerNUFFT1,18,3,0.249525154
scatterTimerNUFFT1,18,4,0.401021204
scatterTimerNUFFT1,18,5,0.23884177
scatterTimerNUFFT1,18,6,0.093878001
scatterTimerNUFFT1,18,7,0.093872463
scatterTimerNUFFT1,18,8,0.201302978
scatterTimerNUFFT1,18,9,0.093746228
binSort,18,0,0.0043375
binSort,18,1,0.004355323
binSort,18,2,0.004379962
binSort,18,3,0.004340892
binSort,18,4,0.004312797
binSort,18,5,0.004382234
binSort,18,6,0.004297981
binSort,18,7,0.004350395
binSort,18,8,0.004361275
binSort,18,9,0.00436473
binSort,18,10,0.004360123
binSort,18,11,0.004332732
binSort,18,12,0.004339324
binSort,18,13,0.004347547
binSort,18,14,0.00432374
binSort,18,15,0.004330396
binSort,18,16,0.004304733
binSort,18,17,0.004379995
binSort,18,18,0.004344027
binSort,18,19,0.004342619
binSort,18,20,0.004317244
binSort,18,21,0.004337628
binSort,18,22,0.004340156
binSort,18,23,0.004325436
binSort,18,24,0.004304157
binSort,18,25,0.004343004
binSort,18,26,0.004375994
binSort,18,27,0.004317724
binSort,18,28,0.00434518
binSort,18,29,0.004377434
binSort,18,30,0.004324988
binSort,18,31,0.004315996
binSort,18,32,0.004344155
binSort,18,33,0.004366618
binSort,18,34,0.004362427
binSort,18,35,0.004303037
binSort,18,36,0.004349115
binSort,18,37,0.004334492
binSort,18,38,0.004360155
binSort,18,39,0.004310557
binComputeKeys,18,0,0.00041138
binComputeKeys,18,1,0.000411059
binComputeKeys,18,2,0.000415539
binComputeKeys,18,3,0.000413107
binComputeKeys,18,4,0.000404212
binComputeKeys,18,5,0.000409395
binComputeKeys,18,6,0.000413139
binComputeKeys,18,7,0.000412275
binComputeKeys,18,8,0.000410292
binComputeKeys,18,9,0.000416691
binComputeKeys,18,10,0.000418867
binComputeKeys,18,11,0.000409299
binComputeKeys,18,12,0.000406612
binComputeKeys,18,13,0.000414675
binComputeKeys,18,14,0.000409907
binComputeKeys,18,15,0.000418003
binComputeKeys,18,16,0.000405076
binComputeKeys,18,17,0.000411188
binComputeKeys,18,18,0.000410931
binComputeKeys,18,19,0.000425171
binComputeKeys,18,20,0.000410131
binComputeKeys,18,21,0.000417459
binComputeKeys,18,22,0.000418547
binComputeKeys,18,23,0.000421428
binComputeKeys,18,24,0.000403636
binComputeKeys,18,25,0.000418355
binComputeKeys,18,26,0.000410355
binComputeKeys,18,27,0.000413011
binComputeKeys,18,28,0.000407988
binComputeKeys,18,29,0.000407827
binComputeKeys,18,30,0.000418196
binComputeKeys,18,31,0.000411956
binComputeKeys,18,32,0.000414675
binComputeKeys,18,33,0.000413715
binComputeKeys,18,34,0.000412404
binComputeKeys,18,35,0.000415796
binComputeKeys,18,36,0.000413491
binComputeKeys,18,37,0.000421364
binComputeKeys,18,38,0.000413011
binComputeKeys,18,39,0.000413364
binSortByKey,18,0,0.003720206
binSortByKey,18,1,0.003736782
binSortByKey,18,2,0.003761741
binSortByKey,18,3,0.003731854
binSortByKey,18,4,0.003703759
binSortByKey,18,5,0.003759885
binSortByKey,18,6,0.003687568
binSortByKey,18,7,0.003736654
binSortByKey,18,8,0.003743406
binSortByKey,18,9,0.003739886
binSortByKey,18,10,0.00373803
binSortByKey,18,11,0.003722671
binSortByKey,18,12,0.00372459
binSortByKey,18,13,0.003736558
binSortByKey,18,14,0.003714159
binSortByKey,18,15,0.003714735
binSortByKey,18,16,0.003695087
binSortByKey,18,17,0.003765005
binSortByKey,18,18,0.003727631
binSortByKey,18,19,0.003719406
binSortByKey,18,20,0.003704463
binSortByKey,18,21,0.003722383
binSortByKey,18,22,0.003722287
binSortByKey,18,23,0.003706286
binSortByKey,18,24,0.003698703
binSortByKey,18,25,0.003726191
binSortByKey,18,26,0.003758445
binSortByKey,18,27,0.003708975
binSortByKey,18,28,0.00373419
binSortByKey,18,29,0.003755726
binSortByKey,18,30,0.003709614
binSortByKey,18,31,0.003707854
binSortByKey,18,32,0.003725966
binSortByKey,18,33,0.003750029
binSortByKey,18,34,0.003746989
binSortByKey,18,35,0.003692079
binSortByKey,18,36,0.003731022
binSortByKey,18,37,0.003714671
binSortByKey,18,38,0.003742446
binSortByKey,18,39,0.003700943
binComputeOffsets,18,0,0.00020281
binComputeOffsets,18,1,0.00020665
binComputeOffsets,18,2,0.00020201
binComputeOffsets,18,3,0.000194043
binComputeOffsets,18,4,0.000202842
binComputeOffsets,18,5,0.000210522
binComputeOffsets,18,6,0.00019545
binComputeOffsets,18,7,0.000199706
binComputeOffsets,18,8,0.000205945
binComputeOffsets,18,9,0.000205433
binComputeOffsets,18,10,0.000201914
binComputeOffsets,18,11,0.00019945
binComputeOffsets,18,12,0.000206298
binComputeOffsets,18,13,0.000194586
binComputeOffsets,18,14,0.000196538
binComputeOffsets,18,15,0.000196378
binComputeOffsets,18,16,0.000200474
binComputeOffsets,18,17,0.000201882
binComputeOffsets,18,18,0.000203514
binComputeOffsets,18,19,0.000197306
binComputeOffsets,18,20,0.00020137
binComputeOffsets,18,21,0.000195898
binComputeOffsets,18,22,0.000195834
binComputeOffsets,18,23,0.000195706
binComputeOffsets,18,24,0.000200794
binComputeOffsets,18,25,0.000196442
binComputeOffsets,18,26,0.000205818
binComputeOffsets,18,27,0.000195066
binComputeOffsets,18,28,0.000201658
binComputeOffsets,18,29,0.000211609
binComputeOffsets,18,30,0.000196442
binComputeOffsets,18,31,0.000195002
binComputeOffsets,18,32,0.000200858
binComputeOffsets,18,33,0.000199162
binComputeOffsets,18,34,0.000199642
binComputeOffsets,18,35,0.000194554
binComputeOffsets,18,36,0.00020169
binComputeOffsets,18,37,0.000195354
binComputeOffsets,18,38,0.000201978
binComputeOffsets,18,39,0.000194682
FFTNUFFT1,18,0,0.080470025
FFTNUFFT1,18,1,0.08421119
FFTNUFFT1,18,2,0.08356097
FFTNUFFT1,18,3,0.081300656
FFTNUFFT1,18,4,0.08303609
FFTNUFFT1,18,5,0.08407897
FFTNUFFT1,18,6,0.081489993
FFTNUFFT1,18,7,0.08036174
FFTNUFFT1,18,8,0.083745765
FFTNUFFT1,18,9,0.08380525
deconvolutionNUFFT1,18,0,0.000843687
deconvolutionNUFFT1,18,1,0.000853862
deconvolutionNUFFT1,18,2,0.000863814
deconvolutionNUFFT1,18,3,0.000842215
deconvolutionNUFFT1,18,4,0.000854118
deconvolutionNUFFT1,18,5,0.000677035
deconvolutionNUFFT1,18,6,0.000830118
deconvolutionNUFFT1,18,7,0.00085415
deconvolutionNUFFT1,18,8,0.00085383
deconvolutionNUFFT1,18,9,0.000850022
GatherPIFNUFFT,18,0,0.380039348
GatherPIFNUFFT,18,1,0.381707425
GatherPIFNUFFT,18,2,0.379750845
GatherPIFNUFFT,18,3,0.379619137
GatherPIFNUFFT,18,4,0.382310863
GatherPIFNUFFT,18,5,0.382087222
GatherPIFNUFFT,18,6,0.382918204
GatherPIFNUFFT,18,7,0.387240024
GatherPIFNUFFT,18,8,0.380729855
GatherPIFNUFFT,18,9,0.38488016
NativeNUFFT2,18,0,0.125015193
NativeNUFFT2,18,1,0.127199607
NativeNUFFT2,18,2,0.125285778
NativeNUFFT2,18,3,0.126833442
NativeNUFFT2,18,4,0.125448333
NativeNUFFT2,18,5,0.126981885
NativeNUFFT2,18,6,0.124403596
NativeNUFFT2,18,7,0.125789505
NativeNUFFT2,18,8,0.127063676
NativeNUFFT2,18,9,0.125358254
NativeNUFFT2,18,10,0.126003708
NativeNUFFT2,18,11,0.126639817
NativeNUFFT2,18,12,0.123001688
NativeNUFFT2,18,13,0.129647532
NativeNUFFT2,18,14,0.128143833
NativeNUFFT2,18,15,0.128244856
NativeNUFFT2,18,16,0.12607564
NativeNUFFT2,18,17,0.126192246
NativeNUFFT2,18,18,0.127208887
NativeNUFFT2,18,19,0.126229812
NativeNUFFT2,18,20,0.127343154
NativeNUFFT2,18,21,0.128615595
NativeNUFFT2,18,22,0.127335251
NativeNUFFT2,18,23,0.128646155
NativeNUFFT2,18,24,0.124809952
NativeNUFFT2,18,25,0.126849377
NativeNUFFT2,18,26,0.125211956
NativeNUFFT2,18,27,0.124866335
NativeNUFFT2,18,28,0.129524591
NativeNUFFT2,18,29,0.127955617
PrecorrectionNUFFT2,18,0,0.001621615
PrecorrectionNUFFT2,18,1,0.002630512
PrecorrectionNUFFT2,18,2,0.002629552
PrecorrectionNUFFT2,18,3,0.001628238
PrecorrectionNUFFT2,18,4,0.002626544
PrecorrectionNUFFT2,18,5,0.002637391
PrecorrectionNUFFT2,18,6,0.00164763
PrecorrectionNUFFT2,18,7,0.002646447
PrecorrectionNUFFT2,18,8,0.002633776
PrecorrectionNUFFT2,18,9,0.00163019
PrecorrectionNUFFT2,18,10,0.002636432
PrecorrectionNUFFT2,18,11,0.002627696
PrecorrectionNUFFT2,18,12,0.001619407
PrecorrectionNUFFT2,18,13,0.002634703
PrecorrectionNUFFT2,18,14,0.002627856
PrecorrectionNUFFT2,18,15,0.001630735
PrecorrectionNUFFT2,18,16,0.002634223
PrecorrectionNUFFT2,18,17,0.002635664
PrecorrectionNUFFT2,18,18,0.00163499
PrecorrectionNUFFT2,18,19,0.002632592
PrecorrectionNUFFT2,18,20,0.002628271
PrecorrectionNUFFT2,18,21,0.001622959
PrecorrectionNUFFT2,18,22,0.002637648
PrecorrectionNUFFT2,18,23,0.002637584
PrecorrectionNUFFT2,18,24,0.001643374
PrecorrectionNUFFT2,18,25,0.002637776
PrecorrectionNUFFT2,18,26,0.002636496
PrecorrectionNUFFT2,18,27,0.001629774
PrecorrectionNUFFT2,18,28,0.0026332
PrecorrectionNUFFT2,18,29,0.002641328
FFTNUFFT2,18,0,0.080631235
FFTNUFFT2,18,1,0.082046713
FFTNUFFT2,18,2,0.081966554
FFTNUFFT2,18,3,0.082666183
FFTNUFFT2,18,4,0.080903355
FFTNUFFT2,18,5,0.081706307
FFTNUFFT2,18,6,0.080990648
FFTNUFFT2,18,7,0.081473258
FFTNUFFT2,18,8,0.083980286
FFTNUFFT2,18,9,0.083089177
FFTNUFFT2,18,10,0.082643655
FFTNUFFT2,18,11,0.083204277
FFTNUFFT2,18,12,0.078989654
FFTNUFFT2,18,13,0.084904705
FFTNUFFT2,18,14,0.084882785
FFTNUFFT2,18,15,0.085538511
FFTNUFFT2,18,16,0.082677125
FFTNUFFT2,18,17,0.082539595
FFTNUFFT2,18,18,0.084844835
FFTNUFFT2,18,19,0.082243762
FFTNUFFT2,18,20,0.083809348
FFTNUFFT2,18,21,0.083480492
FFTNUFFT2,18,22,0.084132922
FFTNUFFT2,18,23,0.084961119
FFTNUFFT2,18,24,0.082416494
FFTNUFFT2,18,25,0.082924285
FFTNUFFT2,18,26,0.081885598
FFTNUFFT2,18,27,0.08276506
FFTNUFFT2,18,28,0.085556909
FFTNUFFT2,18,29,0.084593035
GatherNUFFT2,18,0,0.010216456
GatherNUFFT2,18,1,0.010035118
GatherNUFFT2,18,2,0.008412352
GatherNUFFT2,18,3,0.010065101
GatherNUFFT2,18,4,0.009467455
GatherNUFFT2,18,5,0.010156202
GatherNUFFT2,18,6,0.009480351
GatherNUFFT2,18,7,0.009309476
GatherNUFFT2,18,8,0.008063658
GatherNUFFT2,18,9,0.008240005
GatherNUFFT2,18,10,0.008171271
GatherNUFFT2,18,11,0.008367522
GatherNUFFT2,18,12,0.010011886
GatherNUFFT2,18,13,0.009584476
GatherNUFFT2,18,14,0.008174759
GatherNUFFT2,18,15,0.008694679
GatherNUFFT2,18,16,0.008329506
GatherNUFFT2,18,17,0.008479261
GatherNUFFT2,18,18,0.008375585
GatherNUFFT2,18,19,0.008878481
GatherNUFFT2,18,20,0.008474365
GatherNUFFT2,18,21,0.011164619
GatherNUFFT2,18,22,0.008328002
GatherNUFFT2,18,23,0.008669528
GatherNUFFT2,18,24,0.008343201
GatherNUFFT2,18,25,0.00877442
GatherNUFFT2,18,26,0.008110312
GatherNUFFT2,18,27,0.008207685
GatherNUFFT2,18,28,0.008848786
GatherNUFFT2,18,29,0.008277091
mainTimer,19,0,7.178249903
dumpData,19,0,0.010785399
dumpData,19,1,0.008767253
dumpData,19,2,0.008434878
dumpData,19,3,0.00957366
dumpData,19,4,0.007986797
dumpData,19,5,0.008878097
dumpData,19,6,0.008263108
dumpData,19,7,0.008311874
dumpData,19,8,0.008440958
dumpData,19,9,0.008958223
kick,19,0,2.56e-05
kick,19,1,9.759e-06
kick,19,2,2.5311e-05
kick,19,3,1.0432e-05
kick,19,4,2.8351e-05
kick,19,5,8.48e-06
kick,19,6,2.8735e-05
kick,19,7,8.352e-06
kick,19,8,2.7199e-05
kick,19,9,9.568e-06
kick,19,10,2.6591e-05
kick,19,11,1.1712e-05
kick,19,12,2.6719e-05
kick,19,13,1.024e-05
kick,19,14,2.7743e-05
kick,19,15,1.3472e-05
kick,19,16,2.6495e-05
kick,19,17,1.0336e-05
kick,19,18,3.2287e-05
kick,19,19,9.952e-06
drift,19,0,5.471e-06
drift,19,1,4.896e-06
drift,19,2,6.56e-06
drift,19,3,9.184e-06
drift,19,4,5.12e-06
drift,19,5,4.8e-06
drift,19,6,5.184e-06
drift,19,7,5.696e-06
drift,19,8,4.64e-06
drift,19,9,6.272e-06
particleBC,19,0,1.0016e-05
particleBC,19,1,1.1264e-05
particleBC,19,2,9.984e-06
particleBC,19,3,1.0336e-05
particleBC,19,4,9.695e-06
particleBC,19,5,1.1743e-05
particleBC,19,6,9.76e-06
particleBC,19,7,9.055e-06
particleBC,19,8,1.2768e-05
particleBC,19,9,1.0816e-05
updateParticle,19,0,0.236346453
updateParticle,19,1,0.008629976
updateParticle,19,2,0.008932207
updateParticle,19,3,0.008615738
updateParticle,19,4,0.008599674
updateParticle,19,5,0.008529468
updateParticle,19,6,0.008630488
updateParticle,19,7,0.116936689
updateParticle,19,8,0.008507068
updateParticle,19,9,0.00856729
locateParticles,19,0,0.003658769
locateParticles,19,1,0.003634673
locateParticles,19,2,0.003677584
locateParticles,19,3,0.003650065
locateParticles,19,4,0.003654353
locateParticles,19,5,0.003651281
locateParticles,19,6,0.003654896
locateParticles,19,7,0.003657041
locateParticles,19,8,0.00366648
locateParticles,19,9,0.003646769
sendPreprocess,19,0,0.000452146
sendPreprocess,19,1,0.000488081
sendPreprocess,19,2,0.000412051
sendPreprocess,19,3,0.00045413
sendPreprocess,19,4,0.000469489
sendPreprocess,19,5,0.000443794
sendPreprocess,19,6,0.000469426
sendPreprocess,19,7,0.000439314
sendPreprocess,19,8,0.000440978
sendPreprocess,19,9,0.000473618
particleSend,19,0,0.000892261
particleSend,19,1,0.000817831
particleSend,19,2,0.000814279
particleSend,19,3,0.000805576
particleSend,19,4,0.000820391
particleSend,19,5,0.000831559
particleSend,19,6,0.000851142
particleSend,19,7,0.000807752
particleSend,19,8,0.000817895
particleSend,19,9,0.000847366
particleRecv,19,0,2.8319e-05
particleRecv,19,1,3.7535e-05
particleRecv,19,2,3.0975e-05
particleRecv,19,3,3.4591e-05
particleRecv,19,4,2.9599e-05
particleRecv,19,5,2.7423e-05
particleRecv,19,6,3.1071e-05
particleRecv,19,7,3.2607e-05
particleRecv,19,8,3.4239e-05
particleRecv,19,9,2.5055e-05
particleDestroy,19,0,0.002685518
particleDestroy,19,1,0.002699341
particleDestroy,19,2,0.002704654
particleDestroy,19,3,0.002702381
particleDestroy,19,4,0.002690062
particleDestroy,19,5,0.002693966
particleDestroy,19,6,0.002698509
particleDestroy,19,7,0.002693902
particleDestroy,19,8,0.002699406
particleDestroy,19,9,0.002708653
ScatterPIFNUFFT,19,0,0.179524058
ScatterPIFNUFFT,19,1,2.1311e-05
ScatterPIFNUFFT,19,2,0.308467419
ScatterPIFNUFFT,19,3,1.8688e-05
ScatterPIFNUFFT,19,4,0.321565036
ScatterPIFNUFFT,19,5,1.8207e-05
ScatterPIFNUFFT,19,6,0.334180492
ScatterPIFNUFFT,19,7,2.7839e-05
ScatterPIFNUFFT,19,8,0.489335405
ScatterPIFNUFFT,19,9,2.1152e-05
ScatterPIFNUFFT,19,10,0.326797645
ScatterPIFNUFFT,19,11,2.1183e-05
ScatterPIFNUFFT,19,12,0.182325541
ScatterPIFNUFFT,19,13,1.1456e-05
ScatterPIFNUFFT,19,14,0.179078312
ScatterPIFNUFFT,19,15,1.9871e-05
ScatterPIFNUFFT,19,16,0.290667387
ScatterPIFNUFFT,19,17,1.8815e-05
ScatterPIFNUFFT,19,18,0.181795797
ScatterPIFNUFFT,19,19,2.0608e-05
NativeNUFFT1,19,0,0.175086145
NativeNUFFT1,19,1,0.304012739
NativeNUFFT1,19,2,0.317107221
NativeNUFFT1,19,3,0.329602039
NativeNUFFT1,19,4,0.484927732
NativeNUFFT1,19,5,0.322344181
NativeNUFFT1,19,6,0.177917931
NativeNUFFT1,19,7,0.174628528
NativeNUFFT1,19,8,0.286181987
NativeNUFFT1,19,9,0.17725792
scatterTimerNUFFT1,19,0,0.092962539
scatterTimerNUFFT1,19,1,0.22056639
scatterTimerNUFFT1,19,2,0.231527913
scatterTimerNUFFT1,19,3,0.24795957
scatterTimerNUFFT1,19,4,0.39997954
scatterTimerNUFFT1,19,5,0.237631918
scatterTimerNUFFT1,19,6,0.093332929
scatterTimerNUFFT1,19,7,0.092877742
scatterTimerNUFFT1,19,8,0.20090427
scatterTimerNUFFT1,19,9,0.093190533
binSort,19,0,0.004110435
binSort,19,1,0.004085828
binSort,19,2,0.004116739
binSort,19,3,0.004106499
binSort,19,4,0.004127106
binSort,19,5,0.004091043
binSort,19,6,0.00414077
binSort,19,7,0.004117506
binSort,19,8,0.004160769
binSort,19,9,0.004092931
binSort,19,10,0.004087524
binSort,19,11,0.004097859
binSort,19,12,0.004117666
binSort,19,13,0.004166785
binSort,19,14,0.004112835
binSort,19,15,0.004114627
binSort,19,16,0.004152769
binSort,19,17,0.004088228
binSort,19,18,0.004135873
binSort,19,19,0.004107746
binSort,19,20,0.004133442
binSort,19,21,0.004117155
binSort,19,22,0.004112579
binSort,19,23,0.004119266
binSort,19,24,0.00413645
binSort,19,25,0.004125955
binSort,19,26,0.004094019
binSort,19,27,0.004087875
binSort,19,28,0.004122274
binSort,19,29,0.004092579
binSort,19,30,0.004105346
binSort,19,31,0.004098755
binSort,19,32,0.00412253
binSort,19,33,0.004129762
binSort,19,34,0.004115299
binSort,19,35,0.004129794
binSort,19,36,0.004105059
binSort,19,37,0.004129922
binSort,19,38,0.004105379
binSort,19,39,0.004107075
binComputeKeys,19,0,0.000385941
binComputeKeys,19,1,0.000393748
binComputeKeys,19,2,0.000388212
binComputeKeys,19,3,0.000382485
binComputeKeys,19,4,0.000385812
binComputeKeys,19,5,0.0003885
binComputeKeys,19,6,0.000393428
binComputeKeys,19,7,0.000386548
binComputeKeys,19,8,0.000390197
binComputeKeys,19,9,0.000387989
binComputeKeys,19,10,0.000391285
binComputeKeys,19,11,0.000405331
binComputeKeys,19,12,0.000392404
binComputeKeys,19,13,0.000390708
binComputeKeys,19,14,0.000378997
binComputeKeys,19,15,0.000384276
binComputeKeys,19,16,0.000387028
binComputeKeys,19,17,0.000399764
binComputeKeys,19,18,0.000387604
binComputeKeys,19,19,0.000401236
binComputeKeys,19,20,0.000394004
binComputeKeys,19,21,0.000380628
binComputeKeys,19,22,0.000383348
binComputeKeys,19,23,0.000381524
binComputeKeys,19,24,0.000388245
binComputeKeys,19,25,0.000384789
binComputeKeys,19,26,0.000400148
binComputeKeys,19,27,0.000389204
binComputeKeys,19,28,0.000396947
binComputeKeys,19,29,0.000390388
binComputeKeys,19,30,0.000385076
binComputeKeys,19,31,0.000384468
binComputeKeys,19,32,0.000393748
binComputeKeys,19,33,0.000388597
binComputeKeys,19,34,0.000382197
binComputeKeys,19,35,0.000394324
binComputeKeys,19,36,0.000383989
binComputeKeys,19,37,0.000385012
binComputeKeys,19,38,0.000385173
binComputeKeys,19,39,0.000381141
binSortByKey,19,0,0.003524372
binSortByKey,19,1,0.003507477
binSortByKey,19,2,0.003527029
binSortByKey,19,3,0.003530708
binSortByKey,19,4,0.003544628
binSortByKey,19,5,0.003517716
binSortByKey,19,6,0.003555188
binSortByKey,19,7,0.003530676
binSortByKey,19,8,0.003568531
binSortByKey,19,9,0.003517396
binSortByKey,19,10,0.003507413
binSortByKey,19,11,0.003505013
binSortByKey,19,12,0.003521077
binSortByKey,19,13,0.003583443
binSortByKey,19,14,0.003539604
binSortByKey,19,15,0.003533045
binSortByKey,19,16,0.003564915
binSortByKey,19,17,0.003501525
binSortByKey,19,18,0.003552563
binSortByKey,19,19,0.003515988
binSortByKey,19,20,0.003541588
binSortByKey,19,21,0.003535413
binSortByKey,19,22,0.003531125
binSortByKey,19,23,0.003539124
binSortByKey,19,24,0.003552499
binSortByKey,19,25,0.003543508
binSortByKey,19,26,0.003509045
binSortByKey,19,27,0.003504629
binSortByKey,19,28,0.003526101
binSortByKey,19,29,0.003515701
binSortByKey,19,30,0.003527348
binSortByKey,19,31,0.003518837
binSortByKey,19,32,0.003529269
binSortByKey,19,33,0.003547828
binSortByKey,19,34,0.003536116
binSortByKey,19,35,0.003543348
binSortByKey,19,36,0.003522133
binSortByKey,19,37,0.003549716
binSortByKey,19,38,0.0035229
binSortByKey,19,39,0.003525908
binComputeOffsets,19,0,0.000197786
binComputeOffsets,19,1,0.000183195
binComputeOffsets,19,2,0.00019897
binComputeOffsets,19,3,0.000191834
binComputeOffsets,19,4,0.000194938
binComputeOffsets,19,5,0.000183579
binComputeOffsets,19,6,0.000189498
binComputeOffsets,19,7,0.000198394
binComputeOffsets,19,8,0.000198906
binComputeOffsets,19,9,0.00018521
binComputeOffsets,19,10,0.000186363
binComputeOffsets,19,11,0.000186555
binComputeOffsets,19,12,0.000202745
binComputeOffsets,19,13,0.000190778
binComputeOffsets,19,14,0.000192602
binComputeOffsets,19,15,0.00019481
binComputeOffsets,19,16,0.00019753
binComputeOffsets,19,17,0.000184987
binComputeOffsets,19,18,0.000194138
binComputeOffsets,19,19,0.000189146
binComputeOffsets,19,20,0.000196154
binComputeOffsets,19,21,0.000199834
binComputeOffsets,19,22,0.000195546
binComputeOffsets,19,23,0.00019769
binComputeOffsets,19,24,0.000194426
binComputeOffsets,19,25,0.000196186
binComputeOffsets,19,26,0.000183866
binComputeOffsets,19,27,0.00019241
binComputeOffsets,19,28,0.000197018
binComputeOffsets,19,29,0.00018441
binComputeOffsets,19,30,0.000192058
binComputeOffsets,19,31,0.000193018
binComputeOffsets,19,32,0.000196506
binComputeOffsets,19,33,0.00019161
binComputeOffsets,19,34,0.00019561
binComputeOffsets,19,35,0.000189882
binComputeOffsets,19,36,0.00019769
binComputeOffsets,19,37,0.000192762
binComputeOffsets,19,38,0.000195898
binComputeOffsets,19,39,0.000197914
FFTNUFFT1,19,0,0.081282353
FFTNUFFT1,19,1,0.082534377
FFTNUFFT1,19,2,0.084747045
FFTNUFFT1,19,3,0.080975738
FFTNUFFT1,19,4,0.084098745
FFTNUFFT1,19,5,0.084037211
FFTNUFFT1,19,6,0.083925918
FFTNUFFT1,19,7,0.080752512
FFTNUFFT1,19,8,0.084624906
FFTNUFFT1,19,9,0.083234868
deconvolutionNUFFT1,19,0,0.000839398
deconvolutionNUFFT1,19,1,0.000909188
deconvolutionNUFFT1,19,2,0.000830727
deconvolutionNUFFT1,19,3,0.000663755
deconvolutionNUFFT1,19,4,0.000845127
deconvolutionNUFFT1,19,5,0.000671852
deconvolutionNUFFT1,19,6,0.000656364
deconvolutionNUFFT1,19,7,0.000995682
deconvolutionNUFFT1,19,8,0.000649548
deconvolutionNUFFT1,19,9,0.000830023
GatherPIFNUFFT,19,0,0.378805434
GatherPIFNUFFT,19,1,0.383566313
GatherPIFNUFFT,19,2,0.376469185
GatherPIFNUFFT,19,3,0.380869083
GatherPIFNUFFT,19,4,0.384635208
GatherPIFNUFFT,19,5,0.382643396
GatherPIFNUFFT,19,6,0.379737469
GatherPIFNUFFT,19,7,0.386699817
GatherPIFNUFFT,19,8,0.379220205
GatherPIFNUFFT,19,9,0.385714727
NativeNUFFT2,19,0,0.123865947
NativeNUFFT2,19,1,0.126480109
NativeNUFFT2,19,2,0.125434029
NativeNUFFT2,19,3,0.12998749
NativeNUFFT2,19,4,0.125449613
NativeNUFFT2,19,5,0.126030841
NativeNUFFT2,19,6,0.122131346
NativeNUFFT2,19,7,0.12531016
NativeNUFFT2,19,8,0.127512366
NativeNUFFT2,19,9,0.124015639
NativeNUFFT2,19,10,0.126214197
NativeNUFFT2,19,11,0.126218709
NativeNUFFT2,19,12,0.122790398
NativeNUFFT2,19,13,0.128906563
NativeNUFFT2,19,14,0.128874595
NativeNUFFT2,19,15,0.126362897
NativeNUFFT2,19,16,0.125941116
NativeNUFFT2,19,17,0.127264757
NativeNUFFT2,19,18,0.124924188
NativeNUFFT2,19,19,0.126715621
NativeNUFFT2,19,20,0.126445647
NativeNUFFT2,19,21,0.128919201
NativeNUFFT2,19,22,0.126477997
NativeNUFFT2,19,23,0.128326229
NativeNUFFT2,19,24,0.123257071
NativeNUFFT2,19,25,0.126182869
NativeNUFFT2,19,26,0.126339122
NativeNUFFT2,19,27,0.124968635
NativeNUFFT2,19,28,0.12857662
NativeNUFFT2,19,29,0.127763814
PrecorrectionNUFFT2,19,0,0.001597999
PrecorrectionNUFFT2,19,1,0.002524179
PrecorrectionNUFFT2,19,2,0.002540146
PrecorrectionNUFFT2,19,3,0.001578992
PrecorrectionNUFFT2,19,4,0.002541011
PrecorrectionNUFFT2,19,5,0.00253381
PrecorrectionNUFFT2,19,6,0.001579056
PrecorrectionNUFFT2,19,7,0.002532755
PrecorrectionNUFFT2,19,8,0.002533299
PrecorrectionNUFFT2,19,9,0.001605871
PrecorrectionNUFFT2,19,10,0.00255717
PrecorrectionNUFFT2,19,11,0.002537075
PrecorrectionNUFFT2,19,12,0.001590288
PrecorrectionNUFFT2,19,13,0.002536243
PrecorrectionNUFFT2,19,14,0.002531123
PrecorrectionNUFFT2,19,15,0.001599247
PrecorrectionNUFFT2,19,16,0.002510803
PrecorrectionNUFFT2,19,17,0.002541906
PrecorrectionNUFFT2,19,18,0.001577199
PrecorrectionNUFFT2,19,19,0.002533555
PrecorrectionNUFFT2,19,20,0.002544371
PrecorrectionNUFFT2,19,21,0.001593327
PrecorrectionNUFFT2,19,22,0.002538227
PrecorrectionNUFFT2,19,23,0.002554802
PrecorrectionNUFFT2,19,24,0.001609679
PrecorrectionNUFFT2,19,25,0.00254629
PrecorrectionNUFFT2,19,26,0.002536467
PrecorrectionNUFFT2,19,27,0.001593808
PrecorrectionNUFFT2,19,28,0.002548114
PrecorrectionNUFFT2,19,29,0.002527731
FFTNUFFT2,19,0,0.083270514
FFTNUFFT2,19,1,0.083472398
FFTNUFFT2,19,2,0.083196469
FFTNUFFT2,19,3,0.0889074
FFTNUFFT2,19,4,0.082006873
FFTNUFFT2,19,5,0.082220019
FFTNUFFT2,19,6,0.081476489
FFTNUFFT2,19,7,0.082803361
FFTNUFFT2,19,8,0.085451953
FFTNUFFT2,19,9,0.08321842
FFTNUFFT2,19,10,0.083402896
FFTNUFFT2,19,11,0.082733571
FFTNUFFT2,19,12,0.080981209
FFTNUFFT2,19,13,0.086129052
FFTNUFFT2,19,14,0.087154813
FFTNUFFT2,19,15,0.084622922
FFTNUFFT2,19,16,0.083762595
FFTNUFFT2,19,17,0.083943167
FFTNUFFT2,19,18,0.082712196
FFTNUFFT2,19,19,0.084937728
FFTNUFFT2,19,20,0.084643402
FFTNUFFT2,19,21,0.088098303
FFTNUFFT2,19,22,0.08434354
FFTNUFFT2,19,23,0.084977343
FFTNUFFT2,19,24,0.082374895
FFTNUFFT2,19,25,0.083778787
FFTNUFFT2,19,26,0.084402097
FFTNUFFT2,19,27,0.083164855
FFTNUFFT2,19,28,0.084302579
FFTNUFFT2,19,29,0.084530382
GatherNUFFT2,19,0,0.008125449
GatherNUFFT2,19,1,0.009175112
GatherNUFFT2,19,2,0.008613145
GatherNUFFT2,19,3,0.008352577
GatherNUFFT2,19,4,0.010088428
GatherNUFFT2,19,5,0.010325637
GatherNUFFT2,19,6,0.008187782
GatherNUFFT2,19,7,0.00915428
GatherNUFFT2,19,8,0.008506908
GatherNUFFT2,19,9,0.008234628
GatherNUFFT2,19,10,0.008876209
GatherNUFFT2,19,11,0.009940786
GatherNUFFT2,19,12,0.009326883
GatherNUFFT2,19,13,0.009135945
GatherNUFFT2,19,14,0.008211365
GatherNUFFT2,19,15,0.008871282
GatherNUFFT2,19,16,0.00846515
GatherNUFFT2,19,17,0.009605691
GatherNUFFT2,19,18,0.009633179
GatherNUFFT2,19,19,0.008136584
GatherNUFFT2,19,20,0.008093897
GatherNUFFT2,19,21,0.008133768
GatherNUFFT2,19,22,0.008659992
GatherNUFFT2,19,23,0.009601883
GatherNUFFT2,19,24,0.008209925
GatherNUFFT2,19,25,0.008656695
GatherNUFFT2,19,26,0.008332737
GatherNUFFT2,19,27,0.009326115
GatherNUFFT2,19,28,0.010620987
GatherNUFFT2,19,29,0.009512221
mainTimer,20,0,7.178255962
dumpData,20,0,0.010699132
dumpData,20,1,0.008556452
dumpData,20,2,0.009161808
dumpData,20,3,0.00969283
dumpData,20,4,0.008999284
dumpData,20,5,0.009063188
dumpData,20,6,0.009231053
dumpData,20,7,0.009091473
dumpData,20,8,0.009336266
dumpData,20,9,0.009084083
kick,20,0,4.8991e-05
kick,20,1,1.2735e-05
kick,20,2,4.579e-05
kick,20,3,1.1551e-05
kick,20,4,4.4735e-05
kick,20,5,1.488e-05
kick,20,6,5.3534e-05
kick,20,7,1.0239e-05
kick,20,8,5.1647e-05
kick,20,9,2.032e-05
kick,20,10,4.4286e-05
kick,20,11,9.983e-06
kick,20,12,5.1838e-05
kick,20,13,1.2768e-05
kick,20,14,4.4031e-05
kick,20,15,1.0144e-05
kick,20,16,5.0206e-05
kick,20,17,1.6287e-05
kick,20,18,5.4943e-05
kick,20,19,1.2256e-05
drift,20,0,8.863e-06
drift,20,1,7.2e-06
drift,20,2,6.847e-06
drift,20,3,9.311e-06
drift,20,4,9.471e-06
drift,20,5,8.48e-06
drift,20,6,8.672e-06
drift,20,7,6.56e-06
drift,20,8,1.0336e-05
drift,20,9,8.735e-06
particleBC,20,0,1.056e-05
particleBC,20,1,1.4624e-05
particleBC,20,2,1.072e-05
particleBC,20,3,1.2704e-05
particleBC,20,4,1.1264e-05
particleBC,20,5,1.0016e-05
particleBC,20,6,9.856e-06
particleBC,20,7,1.2415e-05
particleBC,20,8,1.2448e-05
particleBC,20,9,1.2032e-05
updateParticle,20,0,0.120020137
updateParticle,20,1,0.008759869
updateParticle,20,2,0.008592034
updateParticle,20,3,0.163721628
updateParticle,20,4,0.008767932
updateParticle,20,5,0.11693288
updateParticle,20,6,0.008717438
updateParticle,20,7,0.008649536
updateParticle,20,8,0.008735677
updateParticle,20,9,0.008694367
locateParticles,20,0,0.003666822
locateParticles,20,1,0.003652135
locateParticles,20,2,0.003656486
locateParticles,20,3,0.003645895
locateParticles,20,4,0.003643143
locateParticles,20,5,0.003642375
locateParticles,20,6,0.003648583
locateParticles,20,7,0.003681446
locateParticles,20,8,0.003650598
locateParticles,20,9,0.003657766
sendPreprocess,20,0,0.000416786
sendPreprocess,20,1,0.000437394
sendPreprocess,20,2,0.000409363
sendPreprocess,20,3,0.00041813
sendPreprocess,20,4,0.000447185
sendPreprocess,20,5,0.000421106
sendPreprocess,20,6,0.000442833
sendPreprocess,20,7,0.000386035
sendPreprocess,20,8,0.000416498
sendPreprocess,20,9,0.000426674
particleSend,20,0,0.000812709
particleSend,20,1,0.000818309
particleSend,20,2,0.000815525
particleSend,20,3,0.00091661
particleSend,20,4,0.000822309
particleSend,20,5,0.000848579
particleSend,20,6,0.000867715
particleSend,20,7,0.000791589
particleSend,20,8,0.000819589
particleSend,20,9,0.000825733
particleRecv,20,0,2.9567e-05
particleRecv,20,1,3.1135e-05
particleRecv,20,2,3.2479e-05
particleRecv,20,3,2.6111e-05
particleRecv,20,4,3.6222e-05
particleRecv,20,5,2.6143e-05
particleRecv,20,6,2.7647e-05
particleRecv,20,7,3.4399e-05
particleRecv,20,8,3.3695e-05
particleRecv,20,9,2.7744e-05
particleDestroy,20,0,0.002692135
particleDestroy,20,1,0.002694086
particleDestroy,20,2,0.002689958
particleDestroy,20,3,0.00270039
particleDestroy,20,4,0.002693895
particleDestroy,20,5,0.002688903
particleDestroy,20,6,0.002711142
particleDestroy,20,7,0.002699431
particleDestroy,20,8,0.00269591
particleDestroy,20,9,0.002680902
ScatterPIFNUFFT,20,0,0.297841202
ScatterPIFNUFFT,20,1,3.4591e-05
ScatterPIFNUFFT,20,2,0.311004732
ScatterPIFNUFFT,20,3,2.6207e-05
ScatterPIFNUFFT,20,4,0.3194161
ScatterPIFNUFFT,20,5,4.9278e-05
ScatterPIFNUFFT,20,6,0.178793512
ScatterPIFNUFFT,20,7,4.7103e-05
ScatterPIFNUFFT,20,8,0.488176603
ScatterPIFNUFFT,20,9,5.0718e-05
ScatterPIFNUFFT,20,10,0.219794419
ScatterPIFNUFFT,20,11,1.9807e-05
ScatterPIFNUFFT,20,12,0.180437136
ScatterPIFNUFFT,20,13,4.5759e-05
ScatterPIFNUFFT,20,14,0.289261423
ScatterPIFNUFFT,20,15,4.8638e-05
ScatterPIFNUFFT,20,16,0.287811263
ScatterPIFNUFFT,20,17,3.6382e-05
ScatterPIFNUFFT,20,18,0.182157335
ScatterPIFNUFFT,20,19,3.6831e-05
NativeNUFFT1,20,0,0.293361894
NativeNUFFT1,20,1,0.306557583
NativeNUFFT1,20,2,0.314949592
NativeNUFFT1,20,3,0.174474615
NativeNUFFT1,20,4,0.483663088
NativeNUFFT1,20,5,0.215353543
NativeNUFFT1,20,6,0.176036578
NativeNUFFT1,20,7,0.284846081
NativeNUFFT1,20,8,0.28356846
NativeNUFFT1,20,9,0.177631406
scatterTimerNUFFT1,20,0,0.209244498
scatterTimerNUFFT1,20,1,0.221444221
scatterTimerNUFFT1,20,2,0.232036861
scatterTimerNUFFT1,20,3,0.093083689
scatterTimerNUFFT1,20,4,0.400036045
scatterTimerNUFFT1,20,5,0.130401136
scatterTimerNUFFT1,20,6,0.093540826
scatterTimerNUFFT1,20,7,0.2011464
scatterTimerNUFFT1,20,8,0.19965573
scatterTimerNUFFT1,20,9,0.093331041
binSort,20,0,0.004169205
binSort,20,1,0.004174741
binSort,20,2,0.004158101
binSort,20,3,0.00415327
binSort,20,4,0.004159446
binSort,20,5,0.004173013
binSort,20,6,0.00413903
binSort,20,7,0.004198901
binSort,20,8,0.004177717
binSort,20,9,0.004142294
binSort,20,10,0.004147382
binSort,20,11,0.004224627
binSort,20,12,0.004184053
binSort,20,13,0.004172629
binSort,20,14,0.004176278
binSort,20,15,0.004125847
binSort,20,16,0.004136151
binSort,20,17,0.004179189
binSort,20,18,0.004165718
binSort,20,19,0.00418706
binSort,20,20,0.004175381
binSort,20,21,0.004132855
binSort,20,22,0.004195572
binSort,20,23,0.004122871
binSort,20,24,0.004166037
binSort,20,25,0.004158742
binSort,20,26,0.004186485
binSort,20,27,0.00416303
binSort,20,28,0.004173813
binSort,20,29,0.004182549
binSort,20,30,0.004118903
binSort,20,31,0.004145463
binSort,20,32,0.00420866
binSort,20,33,0.004168886
binSort,20,34,0.00419938
binSort,20,35,0.004188148
binSort,20,36,0.004195253
binSort,20,37,0.004190581
binSort,20,38,0.004163477
binSort,20,39,0.004171797
binComputeKeys,20,0,0.000401619
binComputeKeys,20,1,0.000396819
binComputeKeys,20,2,0.00039941
binComputeKeys,20,3,0.000417522
binComputeKeys,20,4,0.000394675
binComputeKeys,20,5,0.000386291
binComputeKeys,20,6,0.000424082
binComputeKeys,20,7,0.000410163
binComputeKeys,20,8,0.000404754
binComputeKeys,20,9,0.000414898
binComputeKeys,20,10,0.000399315
binComputeKeys,20,11,0.000396115
binComputeKeys,20,12,0.000401779
binComputeKeys,20,13,0.000415378
binComputeKeys,20,14,0.000386931
binComputeKeys,20,15,0.000409203
binComputeKeys,20,16,0.000402003
binComputeKeys,20,17,0.000387731
binComputeKeys,20,18,0.000414163
binComputeKeys,20,19,0.000396275
binComputeKeys,20,20,0.000399186
binComputeKeys,20,21,0.000413363
binComputeKeys,20,22,0.000408658
binComputeKeys,20,23,0.000406739
binComputeKeys,20,24,0.000391603
binComputeKeys,20,25,0.000401139
binComputeKeys,20,26,0.000399347
binComputeKeys,20,27,0.000405715
binComputeKeys,20,28,0.000395826
binComputeKeys,20,29,0.000390451
binComputeKeys,20,30,0.000393395
binComputeKeys,20,31,0.000427698
binComputeKeys,20,32,0.000402066
binComputeKeys,20,33,0.000411379
binComputeKeys,20,34,0.000404946
binComputeKeys,20,35,0.00042357
binComputeKeys,20,36,0.000406611
binComputeKeys,20,37,0.000421074
binComputeKeys,20,38,0.00039957
binComputeKeys,20,39,0.000401362
binSortByKey,20,0,0.003558793
binSortByKey,20,1,0.003567721
binSortByKey,20,2,0.003558378
binSortByKey,20,3,0.003538058
binSortByKey,20,4,0.003559146
binSortByKey,20,5,0.003566537
binSortByKey,20,6,0.003525195
binSortByKey,20,7,0.003590888
binSortByKey,20,8,0.003565162
binSortByKey,20,9,0.00353537
binSortByKey,20,10,0.003552457
binSortByKey,20,11,0.003616391
binSortByKey,20,12,0.003578761
binSortByKey,20,13,0.003558154
binSortByKey,20,14,0.003564138
binSortByKey,20,15,0.00352497
binSortByKey,20,16,0.003526987
binSortByKey,20,17,0.003565866
binSortByKey,20,18,0.003552137
binSortByKey,20,19,0.003588264
binSortByKey,20,20,0.003569002
binSortByKey,20,21,0.003528618
binSortByKey,20,22,0.003585257
binSortByKey,20,23,0.003527818
binSortByKey,20,24,0.003566473
binSortByKey,20,25,0.003557962
binSortByKey,20,26,0.003580681
binSortByKey,20,27,0.003564553
binSortByKey,20,28,0.00356993
binSortByKey,20,29,0.003575305
binSortByKey,20,30,0.003528555
binSortByKey,20,31,0.003525355
binSortByKey,20,32,0.003595273
binSortByKey,20,33,0.003558121
binSortByKey,20,34,0.003596425
binSortByKey,20,35,0.003563401
binSortByKey,20,36,0.003580265
binSortByKey,20,37,0.003570569
binSortByKey,20,38,0.00356817
binSortByKey,20,39,0.003573546
binComputeOffsets,20,0,0.000204729
binComputeOffsets,20,1,0.000207321
binComputeOffsets,20,2,0.000198969
binComputeOffsets,20,3,0.000196058
binComputeOffsets,20,4,0.000203961
binComputeOffsets,20,5,0.000218553
binComputeOffsets,20,6,0.000187066
binComputeOffsets,20,7,0.000196122
binComputeOffsets,20,8,0.000205497
binComputeOffsets,20,9,0.000188954
binComputeOffsets,20,10,0.000194234
binComputeOffsets,20,11,0.000210393
binComputeOffsets,20,12,0.000201817
binComputeOffsets,20,13,0.000197529
binComputeOffsets,20,14,0.000223193
binComputeOffsets,20,15,0.000189178
binComputeOffsets,20,16,0.000203961
binComputeOffsets,20,17,0.000222648
binComputeOffsets,20,18,0.000196986
binComputeOffsets,20,19,0.000201209
binComputeOffsets,20,20,0.000205849
binComputeOffsets,20,21,0.000189114
binComputeOffsets,20,22,0.000199129
binComputeOffsets,20,23,0.00018697
binComputeOffsets,20,24,0.000206809
binComputeOffsets,20,25,0.000197882
binComputeOffsets,20,26,0.00020441
binComputeOffsets,20,27,0.000191322
binComputeOffsets,20,28,0.000206361
binComputeOffsets,20,29,0.000214073
binComputeOffsets,20,30,0.000194489
binComputeOffsets,20,31,0.00019113
binComputeOffsets,20,32,0.000206745
binComputeOffsets,20,33,0.000198106
binComputeOffsets,20,34,0.000196889
binComputeOffsets,20,35,0.000199865
binComputeOffsets,20,36,0.000205913
binComputeOffsets,20,37,0.00019657
binComputeOffsets,20,38,0.000194393
binComputeOffsets,20,39,0.000195738
FFTNUFFT1,20,0,0.083292879
FFTNUFFT1,20,1,0.084300557
FFTNUFFT1,20,2,0.08208815
FFTNUFFT1,20,3,0.08072778
FFTNUFFT1,20,4,0.08282467
FFTNUFFT1,20,5,0.08413365
FFTNUFFT1,20,6,0.081677667
FFTNUFFT1,20,7,0.083025336
FFTNUFFT1,20,8,0.083104885
FFTNUFFT1,20,9,0.083634691
deconvolutionNUFFT1,20,0,0.000821605
deconvolutionNUFFT1,20,1,0.000810501
deconvolutionNUFFT1,20,2,0.000822053
deconvolutionNUFFT1,20,3,0.00066177
deconvolutionNUFFT1,20,4,0.000798853
deconvolutionNUFFT1,20,5,0.000817413
deconvolutionNUFFT1,20,6,0.000816389
deconvolutionNUFFT1,20,7,0.000671689
deconvolutionNUFFT1,20,8,0.000804613
deconvolutionNUFFT1,20,9,0.00066353
GatherPIFNUFFT,20,0,0.377850062
GatherPIFNUFFT,20,1,0.380672271
GatherPIFNUFFT,20,2,0.382662542
GatherPIFNUFFT,20,3,0.380439191
GatherPIFNUFFT,20,4,0.385462704
GatherPIFNUFFT,20,5,0.381342393
GatherPIFNUFFT,20,6,0.38313827
GatherPIFNUFFT,20,7,0.38181041
GatherPIFNUFFT,20,8,0.38222582
GatherPIFNUFFT,20,9,0.384403123
NativeNUFFT2,20,0,0.123176706
NativeNUFFT2,20,1,0.126816103
NativeNUFFT2,20,2,0.12539855
NativeNUFFT2,20,3,0.125532466
NativeNUFFT2,20,4,0.126098017
NativeNUFFT2,20,5,0.126124318
NativeNUFFT2,20,6,0.125826089
NativeNUFFT2,20,7,0.125569744
NativeNUFFT2,20,8,0.126690155
NativeNUFFT2,20,9,0.123698576
NativeNUFFT2,20,10,0.126257306
NativeNUFFT2,20,11,0.126989506
NativeNUFFT2,20,12,0.125713708
NativeNUFFT2,20,13,0.128632491
NativeNUFFT2,20,14,0.127840262
NativeNUFFT2,20,15,0.124775276
NativeNUFFT2,20,16,0.12620198
NativeNUFFT2,20,17,0.127369653
NativeNUFFT2,20,18,0.127989888
NativeNUFFT2,20,19,0.125015652
NativeNUFFT2,20,20,0.126474484
NativeNUFFT2,20,21,0.12348159
NativeNUFFT2,20,22,0.127462386
NativeNUFFT2,20,23,0.12770529
NativeNUFFT2,20,24,0.12681268
NativeNUFFT2,20,25,0.125807882
NativeNUFFT2,20,26,0.125225469
NativeNUFFT2,20,27,0.125631408
NativeNUFFT2,20,28,0.128512014
NativeNUFFT2,20,29,0.127688394
PrecorrectionNUFFT2,20,0,0.001591371
PrecorrectionNUFFT2,20,1,0.002550123
PrecorrectionNUFFT2,20,2,0.002550379
PrecorrectionNUFFT2,20,3,0.001595371
PrecorrectionNUFFT2,20,4,0.002554796
PrecorrectionNUFFT2,20,5,0.002534284
PrecorrectionNUFFT2,20,6,0.001648265
PrecorrectionNUFFT2,20,7,0.002534283
PrecorrectionNUFFT2,20,8,0.002558635
PrecorrectionNUFFT2,20,9,0.001624618
PrecorrectionNUFFT2,20,10,0.002550475
PrecorrectionNUFFT2,20,11,0.002542188
PrecorrectionNUFFT2,20,12,0.001641769
PrecorrectionNUFFT2,20,13,0.002543531
PrecorrectionNUFFT2,20,14,0.002545931
PrecorrectionNUFFT2,20,15,0.001601227
PrecorrectionNUFFT2,20,16,0.002559563
PrecorrectionNUFFT2,20,17,0.002539979
PrecorrectionNUFFT2,20,18,0.001594923
PrecorrectionNUFFT2,20,19,0.002572715
PrecorrectionNUFFT2,20,20,0.002548203
PrecorrectionNUFFT2,20,21,0.001584491
PrecorrectionNUFFT2,20,22,0.002555019
PrecorrectionNUFFT2,20,23,0.002550123
PrecorrectionNUFFT2,20,24,0.001611754
PrecorrectionNUFFT2,20,25,0.002553484
PrecorrectionNUFFT2,20,26,0.002550028
PrecorrectionNUFFT2,20,27,0.001579788
PrecorrectionNUFFT2,20,28,0.002532811
PrecorrectionNUFFT2,20,29,0.002547819
FFTNUFFT2,20,0,0.081902781
FFTNUFFT2,20,1,0.08403887
FFTNUFFT2,20,2,0.084187409
FFTNUFFT2,20,3,0.082191987
FFTNUFFT2,20,4,0.084577572
FFTNUFFT2,20,5,0.083909529
FFTNUFFT2,20,6,0.085156113
FFTNUFFT2,20,7,0.084251087
FFTNUFFT2,20,8,0.085346442
FFTNUFFT2,20,9,0.083455081
FFTNUFFT2,20,10,0.08448263
FFTNUFFT2,20,11,0.08578966
FFTNUFFT2,20,12,0.083304814
FFTNUFFT2,20,13,0.087210797
FFTNUFFT2,20,14,0.086636768
FFTNUFFT2,20,15,0.083860828
FFTNUFFT2,20,16,0.084129971
FFTNUFFT2,20,17,0.086072211
FFTNUFFT2,20,18,0.087114671
FFTNUFFT2,20,19,0.083315214
FFTNUFFT2,20,20,0.083214226
FFTNUFFT2,20,21,0.08055345
FFTNUFFT2,20,22,0.086351178
FFTNUFFT2,20,23,0.084598979
FFTNUFFT2,20,24,0.085736861
FFTNUFFT2,20,25,0.083850651
FFTNUFFT2,20,26,0.083711553
FFTNUFFT2,20,27,0.084860922
FFTNUFFT2,20,28,0.087279274
FFTNUFFT2,20,29,0.085875577
GatherNUFFT2,20,0,0.009117712
GatherNUFFT2,20,1,0.009467365
GatherNUFFT2,20,2,0.008082739
GatherNUFFT2,20,3,0.010954228
GatherNUFFT2,20,4,0.008454759
GatherNUFFT2,20,5,0.00885849
GatherNUFFT2,20,6,0.008341323
GatherNUFFT2,20,7,0.008091731
GatherNUFFT2,20,8,0.007986871
GatherNUFFT2,20,9,0.007905049
GatherNUFFT2,20,10,0.008453895
GatherNUFFT2,20,11,0.008072979
GatherNUFFT2,20,12,0.010106576
GatherNUFFT2,20,13,0.008115602
GatherNUFFT2,20,14,0.007952376
GatherNUFFT2,20,15,0.008826458
GatherNUFFT2,20,16,0.008680351
GatherNUFFT2,20,17,0.008143953
GatherNUFFT2,20,18,0.008562052
GatherNUFFT2,20,19,0.00836657
GatherNUFFT2,20,20,0.010148558
GatherNUFFT2,20,21,0.01051389
GatherNUFFT2,20,22,0.007897977
GatherNUFFT2,20,23,0.009952246
GatherNUFFT2,20,24,0.008749853
GatherNUFFT2,20,25,0.00885769
GatherNUFFT2,20,26,0.008245422
GatherNUFFT2,20,27,0.008369289
GatherNUFFT2,20,28,0.007979063
GatherNUFFT2,20,29,0.008600866
mainTimer,21,0,7.178254202
dumpData,21,0,0.012096141
dumpData,21,1,0.010268011
dumpData,21,2,0.009743997
dumpData,21,3,0.011192236
dumpData,21,4,0.009552034
dumpData,21,5,0.010774458
dumpData,21,6,0.010033331
dumpData,21,7,0.010656957
dumpData,21,8,0.009933654
dumpData,21,9,0.010238797
kick,21,0,4.8543e-05
kick,21,1,1.232e-05
kick,21,2,4.5278e-05
kick,21,3,9.855e-06
kick,21,4,4.5151e-05
kick,21,5,1.1551e-05
kick,21,6,5.4494e-05
kick,21,7,1.0655e-05
kick,21,8,5.1455e-05
kick,21,9,1.104e-05
kick,21,10,4.675e-05
kick,21,11,1.0239e-05
kick,21,12,5.1774e-05
kick,21,13,1.0592e-05
kick,21,14,4.5023e-05
kick,21,15,9.696e-06
kick,21,16,5.1966e-05
kick,21,17,1.3727e-05
kick,21,18,5.6895e-05
kick,21,19,1.7343e-05
drift,21,0,8.287e-06
drift,21,1,1.0336e-05
drift,21,2,8.479e-06
drift,21,3,1.0527e-05
drift,21,4,1.0751e-05
drift,21,5,6.912e-06
drift,21,6,1.0176e-05
drift,21,7,8e-06
drift,21,8,9.472e-06
drift,21,9,8.639e-06
particleBC,21,0,1.072e-05
particleBC,21,1,1.2576e-05
particleBC,21,2,1.072e-05
particleBC,21,3,1.2032e-05
particleBC,21,4,1.0432e-05
particleBC,21,5,9.856e-06
particleBC,21,6,1.0336e-05
particleBC,21,7,1.1583e-05
particleBC,21,8,1.0336e-05
particleBC,21,9,1.0528e-05
updateParticle,21,0,0.120130438
updateParticle,21,1,0.008680448
updateParticle,21,2,0.008601314
updateParticle,21,3,0.163706396
updateParticle,21,4,0.008839194
updateParticle,21,5,0.116967822
updateParticle,21,6,0.008671616
updateParticle,21,7,0.008697823
updateParticle,21,8,0.00864864
updateParticle,21,9,0.008801019
locateParticles,21,0,0.003523659
locateParticles,21,1,0.003524299
locateParticles,21,2,0.003518923
locateParticles,21,3,0.003516235
locateParticles,21,4,0.003534602
locateParticles,21,5,0.003507691
locateParticles,21,6,0.003528683
locateParticles,21,7,0.003520587
locateParticles,21,8,0.003510603
locateParticles,21,9,0.003539082
sendPreprocess,21,0,0.000559437
sendPreprocess,21,1,0.000566061
sendPreprocess,21,2,0.000547566
sendPreprocess,21,3,0.00054875
sendPreprocess,21,4,0.000556974
sendPreprocess,21,5,0.000556525
sendPreprocess,21,6,0.000561773
sendPreprocess,21,7,0.000549326
sendPreprocess,21,8,0.000557837
sendPreprocess,21,9,0.000547214
particleSend,21,0,0.00086026
particleSend,21,1,0.000817573
particleSend,21,2,0.000835492
particleSend,21,3,0.000816485
particleSend,21,4,0.000833732
particleSend,21,5,0.000796902
particleSend,21,6,0.00078951
particleSend,21,7,0.000790309
particleSend,21,8,0.000817349
particleSend,21,9,0.000877795
particleRecv,21,0,5.8462e-05
particleRecv,21,1,3.2479e-05
particleRecv,21,2,2.4447e-05
particleRecv,21,3,3.0367e-05
particleRecv,21,4,3.3087e-05
particleRecv,21,5,3.3727e-05
particleRecv,21,6,3.7182e-05
particleRecv,21,7,3.5359e-05
particleRecv,21,8,3.8143e-05
particleRecv,21,9,2.7071e-05
particleDestroy,21,0,0.002655751
particleDestroy,21,1,0.00264916
particleDestroy,21,2,0.002637288
particleDestroy,21,3,0.002657319
particleDestroy,21,4,0.002635176
particleDestroy,21,5,0.002702694
particleDestroy,21,6,0.002666184
particleDestroy,21,7,0.002654568
particleDestroy,21,8,0.002660487
particleDestroy,21,9,0.002650984
ScatterPIFNUFFT,21,0,0.295861427
ScatterPIFNUFFT,21,1,3.1327e-05
ScatterPIFNUFFT,21,2,0.308255159
ScatterPIFNUFFT,21,3,2.9759e-05
ScatterPIFNUFFT,21,4,0.320036047
ScatterPIFNUFFT,21,5,4.0351e-05
ScatterPIFNUFFT,21,6,0.179288408
ScatterPIFNUFFT,21,7,4.1982e-05
ScatterPIFNUFFT,21,8,0.489354963
ScatterPIFNUFFT,21,9,1.8495e-05
ScatterPIFNUFFT,21,10,0.218477568
ScatterPIFNUFFT,21,11,3.4751e-05
ScatterPIFNUFFT,21,12,0.180982462
ScatterPIFNUFFT,21,13,4.8798e-05
ScatterPIFNUFFT,21,14,0.289687232
ScatterPIFNUFFT,21,15,2.8895e-05
ScatterPIFNUFFT,21,16,0.286410765
ScatterPIFNUFFT,21,17,2.448e-05
ScatterPIFNUFFT,21,18,0.182067099
ScatterPIFNUFFT,21,19,3.6703e-05
NativeNUFFT1,21,0,0.291482437
NativeNUFFT1,21,1,0.303796396
NativeNUFFT1,21,2,0.315582467
NativeNUFFT1,21,3,0.174903017
NativeNUFFT1,21,4,0.485027907
NativeNUFFT1,21,5,0.214070706
NativeNUFFT1,21,6,0.176539602
NativeNUFFT1,21,7,0.285259028
NativeNUFFT1,21,8,0.281904196
NativeNUFFT1,21,9,0.177563408
scatterTimerNUFFT1,21,0,0.209324976
scatterTimerNUFFT1,21,1,0.220686583
scatterTimerNUFFT1,21,2,0.231157243
scatterTimerNUFFT1,21,3,0.092706102
scatterTimerNUFFT1,21,4,0.399171209
scatterTimerNUFFT1,21,5,0.129565868
scatterTimerNUFFT1,21,6,0.093118952
scatterTimerNUFFT1,21,7,0.201115297
scatterTimerNUFFT1,21,8,0.200000327
scatterTimerNUFFT1,21,9,0.092807346
binSort,21,0,0.003990427
binSort,21,1,0.003927933
binSort,21,2,0.00392867
binSort,21,3,0.003964764
binSort,21,4,0.003989148
binSort,21,5,0.003881439
binSort,21,6,0.003924829
binSort,21,7,0.003970812
binSort,21,8,0.003993531
binSort,21,9,0.003953469
binSort,21,10,0.003937405
binSort,21,11,0.003875839
binSort,21,12,0.003995291
binSort,21,13,0.003994107
binSort,21,14,0.003934909
binSort,21,15,0.003962332
binSort,21,16,0.004016603
binSort,21,17,0.003953084
binSort,21,18,0.003948861
binSort,21,19,0.003973915
binSort,21,20,0.003986107
binSort,21,21,0.003979164
binSort,21,22,0.003977404
binSort,21,23,0.003944413
binSort,21,24,0.004001979
binSort,21,25,0.00397638
binSort,21,26,0.003971644
binSort,21,27,0.003928637
binSort,21,28,0.003991036
binSort,21,29,0.003938973
binSort,21,30,0.003918654
binSort,21,31,0.003917791
binSort,21,32,0.003971836
binSort,21,33,0.003911806
binSort,21,34,0.003954525
binSort,21,35,0.003949308
binSort,21,36,0.003957244
binSort,21,37,0.003958173
binSort,21,38,0.003935229
binSort,21,39,0.003960412
binComputeKeys,21,0,0.000378228
binComputeKeys,21,1,0.000380531
binComputeKeys,21,2,0.00037714
binComputeKeys,21,3,0.000378963
binComputeKeys,21,4,0.000376788
binComputeKeys,21,5,0.000378867
binComputeKeys,21,6,0.000373684
binComputeKeys,21,7,0.000386803
binComputeKeys,21,8,0.000377172
binComputeKeys,21,9,0.000385523
binComputeKeys,21,10,0.000372244
binComputeKeys,21,11,0.000377683
binComputeKeys,21,12,0.000370036
binComputeKeys,21,13,0.000386643
binComputeKeys,21,14,0.000378483
binComputeKeys,21,15,0.000387859
binComputeKeys,21,16,0.000381363
binComputeKeys,21,17,0.000370484
binComputeKeys,21,18,0.00036882
binComputeKeys,21,19,0.000386356
binComputeKeys,21,20,0.000380211
binComputeKeys,21,21,0.000373972
binComputeKeys,21,22,0.00037634
binComputeKeys,21,23,0.00036642
binComputeKeys,21,24,0.000377843
binComputeKeys,21,25,0.000386771
binComputeKeys,21,26,0.000380947
binComputeKeys,21,27,0.000385203
binComputeKeys,21,28,0.000374516
binComputeKeys,21,29,0.000381235
binComputeKeys,21,30,0.000371572
binComputeKeys,21,31,0.000376212
binComputeKeys,21,32,0.000377588
binComputeKeys,21,33,0.000364372
binComputeKeys,21,34,0.000392531
binComputeKeys,21,35,0.000364756
binComputeKeys,21,36,0.000362164
binComputeKeys,21,37,0.00037266
binComputeKeys,21,38,0.000366196
binComputeKeys,21,39,0.000368947
binSortByKey,21,0,0.003407119
binSortByKey,21,1,0.003355824
binSortByKey,21,2,0.00335272
binSortByKey,21,3,0.003390767
binSortByKey,21,4,0.003408782
binSortByKey,21,5,0.003322994
binSortByKey,21,6,0.003360336
binSortByKey,21,7,0.003389103
binSortByKey,21,8,0.003415566
binSortByKey,21,9,0.003371504
binSortByKey,21,10,0.003373424
binSortByKey,21,11,0.003318258
binSortByKey,21,12,0.003420494
binSortByKey,21,13,0.003409518
binSortByKey,21,14,0.003366865
binSortByKey,21,15,0.003384207
binSortByKey,21,16,0.003426255
binSortByKey,21,17,0.003380815
binSortByKey,21,18,0.003381807
binSortByKey,21,19,0.003394639
binSortByKey,21,20,0.003403535
binSortByKey,21,21,0.003407855
binSortByKey,21,22,0.003405967
binSortByKey,21,23,0.003378096
binSortByKey,21,24,0.003419631
binSortByKey,21,25,0.003396943
binSortByKey,21,26,0.003383631
binSortByKey,21,27,0.003353841
binSortByKey,21,28,0.003413678
binSortByKey,21,29,0.003371248
binSortByKey,21,30,0.003344592
binSortByKey,21,31,0.003345937
binSortByKey,21,32,0.003384591
binSortByKey,21,33,0.003348785
binSortByKey,21,34,0.003368369
binSortByKey,21,35,0.003387087
binSortByKey,21,36,0.003389744
binSortByKey,21,37,0.003389423
binSortByKey,21,38,0.003368912
binSortByKey,21,39,0.003391632
binComputeOffsets,21,0,0.000199481
binComputeOffsets,21,1,0.000188986
binComputeOffsets,21,2,0.000196506
binComputeOffsets,21,3,0.000191194
binComputeOffsets,21,4,0.000200826
binComputeOffsets,21,5,0.000179162
binComputeOffsets,21,6,0.000188665
binComputeOffsets,21,7,0.000192538
binComputeOffsets,21,8,0.000197849
binComputeOffsets,21,9,0.000194394
binComputeOffsets,21,10,0.000189434
binComputeOffsets,21,11,0.000179162
binComputeOffsets,21,12,0.000200857
binComputeOffsets,21,13,0.000193434
binComputeOffsets,21,14,0.00018825
binComputeOffsets,21,15,0.000185818
binComputeOffsets,21,16,0.000202137
binComputeOffsets,21,17,0.000200441
binComputeOffsets,21,18,0.000195162
binComputeOffsets,21,19,0.000190905
binComputeOffsets,21,20,0.000199705
binComputeOffsets,21,21,0.000194553
binComputeOffsets,21,22,0.000193337
binComputeOffsets,21,23,0.000198137
binComputeOffsets,21,24,0.000202297
binComputeOffsets,21,25,0.000189082
binComputeOffsets,21,26,0.000203994
binComputeOffsets,21,27,0.000186841
binComputeOffsets,21,28,0.00020041
binComputeOffsets,21,29,0.000184954
binComputeOffsets,21,30,0.000200666
binComputeOffsets,21,31,0.00019353
binComputeOffsets,21,32,0.000202745
binComputeOffsets,21,33,0.000197721
binComputeOffsets,21,34,0.000191769
binComputeOffsets,21,35,0.000195225
binComputeOffsets,21,36,0.000201753
binComputeOffsets,21,37,0.000193978
binComputeOffsets,21,38,0.000198137
binComputeOffsets,21,39,0.000197145
FFTNUFFT1,21,0,0.081352207
FFTNUFFT1,21,1,0.082294672
FFTNUFFT1,21,2,0.08364957
FFTNUFFT1,21,3,0.081542185
FFTNUFFT1,21,4,0.085044437
FFTNUFFT1,21,5,0.083677569
FFTNUFFT1,21,6,0.082612069
FFTNUFFT1,21,7,0.083468585
FFTNUFFT1,21,8,0.081237587
FFTNUFFT1,21,9,0.08392729
deconvolutionNUFFT1,21,0,0.00080247
deconvolutionNUFFT1,21,1,0.000811749
deconvolutionNUFFT1,21,2,0.000771174
deconvolutionNUFFT1,21,3,0.000651786
deconvolutionNUFFT1,21,4,0.000808805
deconvolutionNUFFT1,21,5,0.000825701
deconvolutionNUFFT1,21,6,0.000805765
deconvolutionNUFFT1,21,7,0.000673354
deconvolutionNUFFT1,21,8,0.000664074
deconvolutionNUFFT1,21,9,0.000826244
GatherPIFNUFFT,21,0,0.380312636
GatherPIFNUFFT,21,1,0.382227228
GatherPIFNUFFT,21,2,0.380163904
GatherPIFNUFFT,21,3,0.37812218
GatherPIFNUFFT,21,4,0.38180049
GatherPIFNUFFT,21,5,0.38266974
GatherPIFNUFFT,21,6,0.381873416
GatherPIFNUFFT,21,7,0.379805868
GatherPIFNUFFT,21,8,0.383470706
GatherPIFNUFFT,21,9,0.381266652
NativeNUFFT2,21,0,0.124430168
NativeNUFFT2,21,1,0.127064383
NativeNUFFT2,21,2,0.125677581
NativeNUFFT2,21,3,0.128385075
NativeNUFFT2,21,4,0.125210845
NativeNUFFT2,21,5,0.126540304
NativeNUFFT2,21,6,0.123755726
NativeNUFFT2,21,7,0.126309016
NativeNUFFT2,21,8,0.127451506
NativeNUFFT2,21,9,0.121853645
NativeNUFFT2,21,10,0.126515697
NativeNUFFT2,21,11,0.126097408
NativeNUFFT2,21,12,0.121899083
NativeNUFFT2,21,13,0.128219705
NativeNUFFT2,21,14,0.128734889
NativeNUFFT2,21,15,0.125528595
NativeNUFFT2,21,16,0.126319608
NativeNUFFT2,21,17,0.126898021
NativeNUFFT2,21,18,0.126888901
NativeNUFFT2,21,19,0.125075265
NativeNUFFT2,21,20,0.126846247
NativeNUFFT2,21,21,0.122842411
NativeNUFFT2,21,22,0.12687927
NativeNUFFT2,21,23,0.127470578
NativeNUFFT2,21,24,0.129194424
NativeNUFFT2,21,25,0.126049346
NativeNUFFT2,21,26,0.126081568
NativeNUFFT2,21,27,0.121625877
NativeNUFFT2,21,28,0.129211127
NativeNUFFT2,21,29,0.127960289
PrecorrectionNUFFT2,21,0,0.001586059
PrecorrectionNUFFT2,21,1,0.002481773
PrecorrectionNUFFT2,21,2,0.002479757
PrecorrectionNUFFT2,21,3,0.001578828
PrecorrectionNUFFT2,21,4,0.002503949
PrecorrectionNUFFT2,21,5,0.002496429
PrecorrectionNUFFT2,21,6,0.001593483
PrecorrectionNUFFT2,21,7,0.002487885
PrecorrectionNUFFT2,21,8,0.002490541
PrecorrectionNUFFT2,21,9,0.001553036
PrecorrectionNUFFT2,21,10,0.002490637
PrecorrectionNUFFT2,21,11,0.002493294
PrecorrectionNUFFT2,21,12,0.001583372
PrecorrectionNUFFT2,21,13,0.00248539
PrecorrectionNUFFT2,21,14,0.002492205
PrecorrectionNUFFT2,21,15,0.001582379
PrecorrectionNUFFT2,21,16,0.002481774
PrecorrectionNUFFT2,21,17,0.002492397
PrecorrectionNUFFT2,21,18,0.001588651
PrecorrectionNUFFT2,21,19,0.002497197
PrecorrectionNUFFT2,21,20,0.002498829
PrecorrectionNUFFT2,21,21,0.001584363
PrecorrectionNUFFT2,21,22,0.002504268
PrecorrectionNUFFT2,21,23,0.002481645
PrecorrectionNUFFT2,21,24,0.001573099
PrecorrectionNUFFT2,21,25,0.002489902
PrecorrectionNUFFT2,21,26,0.002489805
PrecorrectionNUFFT2,21,27,0.001576939
PrecorrectionNUFFT2,21,28,0.002491309
PrecorrectionNUFFT2,21,29,0.002497549
FFTNUFFT2,21,0,0.085401001
FFTNUFFT2,21,1,0.086065043
FFTNUFFT2,21,2,0.085674688
FFTNUFFT2,21,3,0.089209931
FFTNUFFT2,21,4,0.084906106
FFTNUFFT2,21,5,0.086123151
FFTNUFFT2,21,6,0.084180914
FFTNUFFT2,21,7,0.086431526
FFTNUFFT2,21,8,0.087237291
FFTNUFFT2,21,9,0.082424876
FFTNUFFT2,21,10,0.086418054
FFTNUFFT2,21,11,0.086209262
FFTNUFFT2,21,12,0.082007257
FFTNUFFT2,21,13,0.087131407
FFTNUFFT2,21,14,0.088062512
FFTNUFFT2,21,15,0.085232175
FFTNUFFT2,21,16,0.085576835
FFTNUFFT2,21,17,0.084742175
FFTNUFFT2,21,18,0.087080656
FFTNUFFT2,21,19,0.084680609
FFTNUFFT2,21,20,0.084538118
FFTNUFFT2,21,21,0.083500648
FFTNUFFT2,21,22,0.083367533
FFTNUFFT2,21,23,0.085122833
FFTNUFFT2,21,24,0.087499427
FFTNUFFT2,21,25,0.085430632
FFTNUFFT2,21,26,0.084840667
FFTNUFFT2,21,27,0.081996634
FFTNUFFT2,21,28,0.087060721
FFTNUFFT2,21,29,0.086839033
GatherNUFFT2,21,0,0.007947704
GatherNUFFT2,21,1,0.008961398
GatherNUFFT2,21,2,0.008095571
GatherNUFFT2,21,3,0.008220175
GatherNUFFT2,21,4,0.008266893
GatherNUFFT2,21,5,0.008355211
GatherNUFFT2,21,6,0.008505221
GatherNUFFT2,21,7,0.008130706
GatherNUFFT2,21,8,0.008360458
GatherNUFFT2,21,9,0.008342282
GatherNUFFT2,21,10,0.00808722
GatherNUFFT2,21,11,0.00800175
GatherNUFFT2,21,12,0.008582243
GatherNUFFT2,21,13,0.008917303
GatherNUFFT2,21,14,0.008384041
GatherNUFFT2,21,15,0.009167375
GatherNUFFT2,21,16,0.008377161
GatherNUFFT2,21,17,0.00967171
GatherNUFFT2,21,18,0.008466374
GatherNUFFT2,21,19,0.008135634
GatherNUFFT2,21,20,0.010254571
GatherNUFFT2,21,21,0.008022293
GatherNUFFT2,21,22,0.011393318
GatherNUFFT2,21,23,0.010390055
GatherNUFFT2,21,24,0.010557857
GatherNUFFT2,21,25,0.008466407
GatherNUFFT2,21,26,0.009111057
GatherNUFFT2,21,27,0.008499461
GatherNUFFT2,21,28,0.00996658
GatherNUFFT2,21,29,0.008763101
mainTimer,22,0,7.178252346
dumpData,22,0,0.008845562
dumpData,22,1,0.007182673
dumpData,22,2,0.00687478
dumpData,22,3,0.007675873
dumpData,22,4,0.00697916
dumpData,22,5,0.00735374
dumpData,22,6,0.007588292
dumpData,22,7,0.00745924
dumpData,22,8,0.007541381
dumpData,22,9,0.007394571
kick,22,0,4.7359e-05
kick,22,1,1.0783e-05
kick,22,2,4.5822e-05
kick,22,3,9.216e-06
kick,22,4,4.6271e-05
kick,22,5,9.088e-06
kick,22,6,5.4078e-05
kick,22,7,7.904e-06
kick,22,8,5.1807e-05
kick,22,9,1.2063e-05
kick,22,10,4.5598e-05
kick,22,11,1.0495e-05
kick,22,12,5.2478e-05
kick,22,13,8.64e-06
kick,22,14,4.6527e-05
kick,22,15,8.287e-06
kick,22,16,5.1902e-05
kick,22,17,9.216e-06
kick,22,18,5.6831e-05
kick,22,19,8.768e-06
drift,22,0,9.727e-06
drift,22,1,9.216e-06
drift,22,2,6.239e-06
drift,22,3,1.0176e-05
drift,22,4,1.1103e-05
drift,22,5,8.768e-06
drift,22,6,8.672e-06
drift,22,7,6.944e-06
drift,22,8,9.056e-06
drift,22,9,7.615e-06
particleBC,22,0,1.0688e-05
particleBC,22,1,1.3376e-05
particleBC,22,2,1.28e-05
particleBC,22,3,1.3152e-05
particleBC,22,4,1.088e-05
particleBC,22,5,1.0784e-05
particleBC,22,6,1.0336e-05
particleBC,22,7,1.2927e-05
particleBC,22,8,1.2096e-05
particleBC,22,9,1.1296e-05
updateParticle,22,0,0.120003018
updateParticle,22,1,0.008751102
updateParticle,22,2,0.008632833
updateParticle,22,3,0.163762139
updateParticle,22,4,0.008762333
updateParticle,22,5,0.117077259
updateParticle,22,6,0.008753405
updateParticle,22,7,0.00871747
updateParticle,22,8,0.008752636
updateParticle,22,9,0.008729694
locateParticles,22,0,0.003859456
locateParticles,22,1,0.003818561
locateParticles,22,2,0.003830465
locateParticles,22,3,0.003824001
locateParticles,22,4,0.003843232
locateParticles,22,5,0.003844352
locateParticles,22,6,0.003843872
locateParticles,22,7,0.003824897
locateParticles,22,8,0.003825664
locateParticles,22,9,0.003844416
sendPreprocess,22,0,0.000224056
sendPreprocess,22,1,0.000273399
sendPreprocess,22,2,0.000237016
sendPreprocess,22,3,0.000242744
sendPreprocess,22,4,0.00024956
sendPreprocess,22,5,0.000220856
sendPreprocess,22,6,0.000250584
sendPreprocess,22,7,0.000244408
sendPreprocess,22,8,0.000244664
sendPreprocess,22,9,0.000244728
particleSend,22,0,0.000817861
particleSend,22,1,0.000816453
particleSend,22,2,0.000812997
particleSend,22,3,0.000873539
particleSend,22,4,0.000836356
particleSend,22,5,0.000803974
particleSend,22,6,0.000820805
particleSend,22,7,0.000862915
particleSend,22,8,0.000874083
particleSend,22,9,0.000816389
particleRecv,22,0,2.6207e-05
particleRecv,22,1,3.3215e-05
particleRecv,22,2,2.9855e-05
particleRecv,22,3,2.8639e-05
particleRecv,22,4,2.7359e-05
particleRecv,22,5,3.1231e-05
particleRecv,22,6,3.347e-05
particleRecv,22,7,2.7583e-05
particleRecv,22,8,3.2831e-05
particleRecv,22,9,3.1647e-05
particleDestroy,22,0,0.002972381
particleDestroy,22,1,0.002959422
particleDestroy,22,2,0.002949726
particleDestroy,22,3,0.002962237
particleDestroy,22,4,0.002953662
particleDestroy,22,5,0.002958429
particleDestroy,22,6,0.002973758
particleDestroy,22,7,0.002950206
particleDestroy,22,8,0.002951518
particleDestroy,22,9,0.002974269
ScatterPIFNUFFT,22,0,0.297874384
ScatterPIFNUFFT,22,1,2.0223e-05
ScatterPIFNUFFT,22,2,0.311105368
ScatterPIFNUFFT,22,3,2.8063e-05
ScatterPIFNUFFT,22,4,0.319505985
ScatterPIFNUFFT,22,5,4.4702e-05
ScatterPIFNUFFT,22,6,0.178756169
ScatterPIFNUFFT,22,7,3.3119e-05
ScatterPIFNUFFT,22,8,0.488309877
ScatterPIFNUFFT,22,9,4.8734e-05
ScatterPIFNUFFT,22,10,0.219770261
ScatterPIFNUFFT,22,11,1.7247e-05
ScatterPIFNUFFT,22,12,0.181319987
ScatterPIFNUFFT,22,13,4.3999e-05
ScatterPIFNUFFT,22,14,0.288781791
ScatterPIFNUFFT,22,15,2.1407e-05
ScatterPIFNUFFT,22,16,0.287888477
ScatterPIFNUFFT,22,17,4.0607e-05
ScatterPIFNUFFT,22,18,0.181538412
ScatterPIFNUFFT,22,19,5.2767e-05
NativeNUFFT1,22,0,0.293419684
NativeNUFFT1,22,1,0.306687819
NativeNUFFT1,22,2,0.315047317
NativeNUFFT1,22,3,0.174460376
NativeNUFFT1,22,4,0.483934023
NativeNUFFT1,22,5,0.21539591
NativeNUFFT1,22,6,0.17690439
NativeNUFFT1,22,7,0.284363666
NativeNUFFT1,22,8,0.283538509
NativeNUFFT1,22,9,0.177110751
scatterTimerNUFFT1,22,0,0.209808256
scatterTimerNUFFT1,22,1,0.221687317
scatterTimerNUFFT1,22,2,0.232130907
scatterTimerNUFFT1,22,3,0.093700853
scatterTimerNUFFT1,22,4,0.400268964
scatterTimerNUFFT1,22,5,0.130560619
scatterTimerNUFFT1,22,6,0.093836496
scatterTimerNUFFT1,22,7,0.201169471
scatterTimerNUFFT1,22,8,0.201228477
scatterTimerNUFFT1,22,9,0.093827633
binSort,22,0,0.004357423
binSort,22,1,0.004420973
binSort,22,2,0.004391726
binSort,22,3,0.004404077
binSort,22,4,0.004363183
binSort,22,5,0.004416269
binSort,22,6,0.004412493
binSort,22,7,0.00437163
binSort,22,8,0.004341136
binSort,22,9,0.004403949
binSort,22,10,0.00439611
binSort,22,11,0.004423853
binSort,22,12,0.004367183
binSort,22,13,0.004361615
binSort,22,14,0.004408846
binSort,22,15,0.004414574
binSort,22,16,0.004365296
binSort,22,17,0.004385391
binSort,22,18,0.004361903
binSort,22,19,0.004355247
binSort,22,20,0.004352847
binSort,22,21,0.004390734
binSort,22,22,0.004362735
binSort,22,23,0.004408941
binSort,22,24,0.004341712
binSort,22,25,0.004326224
binSort,22,26,0.004388398
binSort,22,27,0.004425772
binSort,22,28,0.004338576
binSort,22,29,0.004397262
binSort,22,30,0.004322545
binSort,22,31,0.004395374
binSort,22,32,0.004341936
binSort,22,33,0.004381679
binSort,22,34,0.004394255
binSort,22,35,0.004367183
binSort,22,36,0.004371055
binSort,22,37,0.004397582
binSort,22,38,0.004374446
binSort,22,39,0.004366863
binComputeKeys,22,0,0.000424178
binComputeKeys,22,1,0.000413266
binComputeKeys,22,2,0.000441778
binComputeKeys,22,3,0.000442385
binComputeKeys,22,4,0.000418386
binComputeKeys,22,5,0.000418834
binComputeKeys,22,6,0.000407122
binComputeKeys,22,7,0.000427409
binComputeKeys,22,8,0.000424178
binComputeKeys,22,9,0.00041029
binComputeKeys,22,10,0.000427602
binComputeKeys,22,11,0.000416595
binComputeKeys,22,12,0.000409266
binComputeKeys,22,13,0.000432817
binComputeKeys,22,14,0.00041493
binComputeKeys,22,15,0.000416787
binComputeKeys,22,16,0.000411763
binComputeKeys,22,17,0.000433394
binComputeKeys,22,18,0.000436178
binComputeKeys,22,19,0.000428785
binComputeKeys,22,20,0.000420914
binComputeKeys,22,21,0.000421586
binComputeKeys,22,22,0.000438065
binComputeKeys,22,23,0.000434673
binComputeKeys,22,24,0.000412626
binComputeKeys,22,25,0.000421746
binComputeKeys,22,26,0.000447473
binComputeKeys,22,27,0.000408114
binComputeKeys,22,28,0.00041605
binComputeKeys,22,29,0.000414482
binComputeKeys,22,30,0.000416211
binComputeKeys,22,31,0.00042469
binComputeKeys,22,32,0.000420754
binComputeKeys,22,33,0.000436242
binComputeKeys,22,34,0.000430322
binComputeKeys,22,35,0.000435698
binComputeKeys,22,36,0.000427154
binComputeKeys,22,37,0.000446065
binComputeKeys,22,38,0.000429778
binComputeKeys,22,39,0.000435249
binSortByKey,22,0,0.003725252
binSortByKey,22,1,0.003783298
binSortByKey,22,2,0.003749187
binSortByKey,22,3,0.003762115
binSortByKey,22,4,0.003737316
binSortByKey,22,5,0.003776707
binSortByKey,22,6,0.003786562
binSortByKey,22,7,0.003744164
binSortByKey,22,8,0.003709509
binSortByKey,22,9,0.00378205
binSortByKey,22,10,0.003768354
binSortByKey,22,11,0.00378845
binSortByKey,22,12,0.003748836
binSortByKey,22,13,0.003728932
binSortByKey,22,14,0.003766723
binSortByKey,22,15,0.003777378
binSortByKey,22,16,0.003743747
binSortByKey,22,17,0.003748579
binSortByKey,22,18,0.003726916
binSortByKey,22,19,0.003726788
binSortByKey,22,20,0.003725924
binSortByKey,22,21,0.003763554
binSortByKey,22,22,0.00372394
binSortByKey,22,23,0.003762435
binSortByKey,22,24,0.003722053
binSortByKey,22,25,0.003702885
binSortByKey,22,26,0.003741572
binSortByKey,22,27,0.00379741
binSortByKey,22,28,0.003715332
binSortByKey,22,29,0.003757827
binSortByKey,22,30,0.003707716
binSortByKey,22,31,0.003759331
binSortByKey,22,32,0.003712325
binSortByKey,22,33,0.003745379
binSortByKey,22,34,0.003764867
binSortByKey,22,35,0.00373322
binSortByKey,22,36,0.003734788
binSortByKey,22,37,0.003750595
binSortByKey,22,38,0.003744836
binSortByKey,22,39,0.003731044
binComputeOffsets,22,0,0.000206265
binComputeOffsets,22,1,0.000221145
binComputeOffsets,22,2,0.000199385
binComputeOffsets,22,3,0.000197561
binComputeOffsets,22,4,0.000206041
binComputeOffsets,22,5,0.000218233
binComputeOffsets,22,6,0.000217369
binComputeOffsets,22,7,0.000198809
binComputeOffsets,22,8,0.000205658
binComputeOffsets,22,9,0.000208953
binComputeOffsets,22,10,0.000198522
binComputeOffsets,22,11,0.000216697
binComputeOffsets,22,12,0.000207481
binComputeOffsets,22,13,0.000198266
binComputeOffsets,22,14,0.000223481
binComputeOffsets,22,15,0.000218425
binComputeOffsets,22,16,0.000204762
binComputeOffsets,22,17,0.00020009
binComputeOffsets,22,18,0.000197305
binComputeOffsets,22,19,0.000196218
binComputeOffsets,22,20,0.000205113
binComputeOffsets,22,21,0.00020361
binComputeOffsets,22,22,0.000199194
binComputeOffsets,22,23,0.000208377
binComputeOffsets,22,24,0.000205977
binComputeOffsets,22,25,0.000199577
binComputeOffsets,22,26,0.000197401
binComputeOffsets,22,27,0.000218328
binComputeOffsets,22,28,0.00020585
binComputeOffsets,22,29,0.000223417
binComputeOffsets,22,30,0.000197178
binComputeOffsets,22,31,0.000209177
binComputeOffsets,22,32,0.000206457
binComputeOffsets,22,33,0.000199322
binComputeOffsets,22,34,0.000197594
binComputeOffsets,22,35,0.000196985
binComputeOffsets,22,36,0.000207641
binComputeOffsets,22,37,0.000198458
binComputeOffsets,22,38,0.000198265
binComputeOffsets,22,39,0.000199674
FFTNUFFT1,22,0,0.082772256
FFTNUFFT1,22,1,0.084147282
FFTNUFFT1,22,2,0.08207855
FFTNUFFT1,22,3,0.079979869
FFTNUFFT1,22,4,0.082769345
FFTNUFFT1,22,5,0.083985559
FFTNUFFT1,22,6,0.08237966
FFTNUFFT1,22,7,0.082519561
FFTNUFFT1,22,8,0.081467244
FFTNUFFT1,22,9,0.082455306
deconvolutionNUFFT1,22,0,0.000837444
deconvolutionNUFFT1,22,1,0.000852292
deconvolutionNUFFT1,22,2,0.000834692
deconvolutionNUFFT1,22,3,0.000777958
deconvolutionNUFFT1,22,4,0.00089325
deconvolutionNUFFT1,22,5,0.000848484
deconvolutionNUFFT1,22,6,0.000685354
deconvolutionNUFFT1,22,7,0.000673034
deconvolutionNUFFT1,22,8,0.000839556
deconvolutionNUFFT1,22,9,0.000825765
GatherPIFNUFFT,22,0,0.380228607
GatherPIFNUFFT,22,1,0.381562994
GatherPIFNUFFT,22,2,0.383372597
GatherPIFNUFFT,22,3,0.381962661
GatherPIFNUFFT,22,4,0.386007838
GatherPIFNUFFT,22,5,0.382556592
GatherPIFNUFFT,22,6,0.381659215
GatherPIFNUFFT,22,7,0.385793861
GatherPIFNUFFT,22,8,0.382592719
GatherPIFNUFFT,22,9,0.387679078
NativeNUFFT2,22,0,0.124720238
NativeNUFFT2,22,1,0.126818631
NativeNUFFT2,22,2,0.125744779
NativeNUFFT2,22,3,0.127029536
NativeNUFFT2,22,4,0.125865704
NativeNUFFT2,22,5,0.126215931
NativeNUFFT2,22,6,0.12664651
NativeNUFFT2,22,7,0.125984899
NativeNUFFT2,22,8,0.127078878
NativeNUFFT2,22,9,0.125611601
NativeNUFFT2,22,10,0.126283865
NativeNUFFT2,22,11,0.127088766
NativeNUFFT2,22,12,0.12711347
NativeNUFFT2,22,13,0.128731335
NativeNUFFT2,22,14,0.127804615
NativeNUFFT2,22,15,0.1264629
NativeNUFFT2,22,16,0.126218715
NativeNUFFT2,22,17,0.127346325
NativeNUFFT2,22,18,0.127009313
NativeNUFFT2,22,19,0.125903525
NativeNUFFT2,22,20,0.125705902
NativeNUFFT2,22,21,0.126285657
NativeNUFFT2,22,22,0.12826812
NativeNUFFT2,22,23,0.12684487
NativeNUFFT2,22,24,0.128596044
NativeNUFFT2,22,25,0.125562513
NativeNUFFT2,22,26,0.125511634
NativeNUFFT2,22,27,0.128426066
NativeNUFFT2,22,28,0.128874626
NativeNUFFT2,22,29,0.127209338
PrecorrectionNUFFT2,22,0,0.001620874
PrecorrectionNUFFT2,22,1,0.002629672
PrecorrectionNUFFT2,22,2,0.00263924
PrecorrectionNUFFT2,22,3,0.001624682
PrecorrectionNUFFT2,22,4,0.002648776
PrecorrectionNUFFT2,22,5,0.002636296
PrecorrectionNUFFT2,22,6,0.001638282
PrecorrectionNUFFT2,22,7,0.002631561
PrecorrectionNUFFT2,22,8,0.00263284
PrecorrectionNUFFT2,22,9,0.001656489
PrecorrectionNUFFT2,22,10,0.002633608
PrecorrectionNUFFT2,22,11,0.002633033
PrecorrectionNUFFT2,22,12,0.001632202
PrecorrectionNUFFT2,22,13,0.002627848
PrecorrectionNUFFT2,22,14,0.00263556
PrecorrectionNUFFT2,22,15,0.001627818
PrecorrectionNUFFT2,22,16,0.002629385
PrecorrectionNUFFT2,22,17,0.002622761
PrecorrectionNUFFT2,22,18,0.001636618
PrecorrectionNUFFT2,22,19,0.002640168
PrecorrectionNUFFT2,22,20,0.002632521
PrecorrectionNUFFT2,22,21,0.001649385
PrecorrectionNUFFT2,22,22,0.002634313
PrecorrectionNUFFT2,22,23,0.002627593
PrecorrectionNUFFT2,22,24,0.001650345
PrecorrectionNUFFT2,22,25,0.002633
PrecorrectionNUFFT2,22,26,0.002632872
PrecorrectionNUFFT2,22,27,0.001671208
PrecorrectionNUFFT2,22,28,0.002624456
PrecorrectionNUFFT2,22,29,0.002638248
FFTNUFFT2,22,0,0.081634086
FFTNUFFT2,22,1,0.083367724
FFTNUFFT2,22,2,0.082389805
FFTNUFFT2,22,3,0.083102965
FFTNUFFT2,22,4,0.081584199
FFTNUFFT2,22,5,0.082743488
FFTNUFFT2,22,6,0.083276943
FFTNUFFT2,22,7,0.082529288
FFTNUFFT2,22,8,0.083452489
FFTNUFFT2,22,9,0.083445898
FFTNUFFT2,22,10,0.083057302
FFTNUFFT2,22,11,0.082806751
FFTNUFFT2,22,12,0.084916857
FFTNUFFT2,22,13,0.085352202
FFTNUFFT2,22,14,0.084638594
FFTNUFFT2,22,15,0.083282959
FFTNUFFT2,22,16,0.082594535
FFTNUFFT2,22,17,0.082370414
FFTNUFFT2,22,18,0.084573797
FFTNUFFT2,22,19,0.081953659
FFTNUFFT2,22,20,0.080360592
FFTNUFFT2,22,21,0.081703075
FFTNUFFT2,22,22,0.08458122
FFTNUFFT2,22,23,0.081142453
FFTNUFFT2,22,24,0.085636832
FFTNUFFT2,22,25,0.081995545
FFTNUFFT2,22,26,0.082080151
FFTNUFFT2,22,27,0.085777308
FFTNUFFT2,22,28,0.085506853
FFTNUFFT2,22,29,0.083730689
GatherNUFFT2,22,0,0.009273004
GatherNUFFT2,22,1,0.008684095
GatherNUFFT2,22,2,0.008510213
GatherNUFFT2,22,3,0.010238315
GatherNUFFT2,22,4,0.009308298
GatherNUFFT2,22,5,0.008617634
GatherNUFFT2,22,6,0.009377609
GatherNUFFT2,22,7,0.008416424
GatherNUFFT2,22,8,0.008524068
GatherNUFFT2,22,9,0.008128722
GatherNUFFT2,22,10,0.008288109
GatherNUFFT2,22,11,0.009168847
GatherNUFFT2,22,12,0.008177392
GatherNUFFT2,22,13,0.008294413
GatherNUFFT2,22,14,0.008031893
GatherNUFFT2,22,15,0.009276012
GatherNUFFT2,22,16,0.008378442
GatherNUFFT2,22,17,0.009851193
GatherNUFFT2,22,18,0.008395945
GatherNUFFT2,22,19,0.008609249
GatherNUFFT2,22,20,0.010460708
GatherNUFFT2,22,21,0.010443108
GatherNUFFT2,22,22,0.008608322
GatherNUFFT2,22,23,0.01074454
GatherNUFFT2,22,24,0.008898776
GatherNUFFT2,22,25,0.008658497
GatherNUFFT2,22,26,0.008304139
GatherNUFFT2,22,27,0.00843892
GatherNUFFT2,22,28,0.008289612
GatherNUFFT2,22,29,0.008415368
mainTimer,23,0,7.178255162
dumpData,23,0,0.009913782
dumpData,23,1,0.008043541
dumpData,23,2,0.007877435
dumpData,23,3,0.00919051
dumpData,23,4,0.007516294
dumpData,23,5,0.00854138
dumpData,23,6,0.00843236
dumpData,23,7,0.008575266
dumpData,23,8,0.008854394
dumpData,23,9,0.008575172
kick,23,0,4.8703e-05
kick,23,1,8.288e-06
kick,23,2,4.4126e-05
kick,23,3,9.887e-06
kick,23,4,4.6111e-05
kick,23,5,1.0496e-05
kick,23,6,5.3726e-05
kick,23,7,1.1296e-05
kick,23,8,4.9311e-05
kick,23,9,8.863e-06
kick,23,10,4.611e-05
kick,23,11,9.504e-06
kick,23,12,5.2286e-05
kick,23,13,1.3983e-05
kick,23,14,4.4255e-05
kick,23,15,8.736e-06
kick,23,16,5.0846e-05
kick,23,17,9.823e-06
kick,23,18,5.4687e-05
kick,23,19,1.1104e-05
drift,23,0,7.551e-06
drift,23,1,9.024e-06
drift,23,2,7.359e-06
drift,23,3,9.76e-06
drift,23,4,9.119e-06
drift,23,5,8.32e-06
drift,23,6,1.1264e-05
drift,23,7,8.384e-06
drift,23,8,9.152e-06
drift,23,9,8.799e-06
particleBC,23,0,1.2224e-05
particleBC,23,1,1.2224e-05
particleBC,23,2,1.0464e-05
particleBC,23,3,1.152e-05
particleBC,23,4,1.3184e-05
particleBC,23,5,8.672e-06
particleBC,23,6,1.1743e-05
particleBC,23,7,1.1551e-05
particleBC,23,8,1.0592e-05
particleBC,23,9,1.04e-05
updateParticle,23,0,0.120120486
updateParticle,23,1,0.008799772
updateParticle,23,2,0.008625089
updateParticle,23,3,0.163670526
updateParticle,23,4,0.008759741
updateParticle,23,5,0.117015085
updateParticle,23,6,0.008760606
updateParticle,23,7,0.008681471
updateParticle,23,8,0.008758844
updateParticle,23,9,0.008709662
locateParticles,23,0,0.003678502
locateParticles,23,1,0.003676358
locateParticles,23,2,0.003677222
locateParticles,23,3,0.003680102
locateParticles,23,4,0.003672166
locateParticles,23,5,0.003680421
locateParticles,23,6,0.003673511
locateParticles,23,7,0.00368247
locateParticles,23,8,0.003670758
locateParticles,23,9,0.003671622
sendPreprocess,23,0,0.000405618
sendPreprocess,23,1,0.000419698
sendPreprocess,23,2,0.000392403
sendPreprocess,23,3,0.000389139
sendPreprocess,23,4,0.000423954
sendPreprocess,23,5,0.000388627
sendPreprocess,23,6,0.000419026
sendPreprocess,23,7,0.000389651
sendPreprocess,23,8,0.000404403
sendPreprocess,23,9,0.00042053
particleSend,23,0,0.000935425
particleSend,23,1,0.000814597
particleSend,23,2,0.000811237
particleSend,23,3,0.000792038
particleSend,23,4,0.000834212
particleSend,23,5,0.000871523
particleSend,23,6,0.000863171
particleSend,23,7,0.000808901
particleSend,23,8,0.000871651
particleSend,23,9,0.000815941
particleRecv,23,0,2.3903e-05
particleRecv,23,1,3.2319e-05
particleRecv,23,2,3.1455e-05
particleRecv,23,3,3.0399e-05
particleRecv,23,4,2.8287e-05
particleRecv,23,5,2.5568e-05
particleRecv,23,6,2.7455e-05
particleRecv,23,7,2.8927e-05
particleRecv,23,8,3.0175e-05
particleRecv,23,9,3.2095e-05
particleDestroy,23,0,0.002854817
particleDestroy,23,1,0.002892544
particleDestroy,23,2,0.002879456
particleDestroy,23,3,0.002906976
particleDestroy,23,4,0.002894592
particleDestroy,23,5,0.002866592
particleDestroy,23,6,0.002865729
particleDestroy,23,7,0.002870592
particleDestroy,23,8,0.002884928
particleDestroy,23,9,0.002900767
ScatterPIFNUFFT,23,0,0.296272101
ScatterPIFNUFFT,23,1,2.4383e-05
ScatterPIFNUFFT,23,2,0.308258935
ScatterPIFNUFFT,23,3,1.7567e-05
ScatterPIFNUFFT,23,4,0.320714361
ScatterPIFNUFFT,23,5,3.0079e-05
ScatterPIFNUFFT,23,6,0.178689131
ScatterPIFNUFFT,23,7,5.9934e-05
ScatterPIFNUFFT,23,8,0.489401553
ScatterPIFNUFFT,23,9,2.1055e-05
ScatterPIFNUFFT,23,10,0.218432481
ScatterPIFNUFFT,23,11,3.0527e-05
ScatterPIFNUFFT,23,12,0.181345266
ScatterPIFNUFFT,23,13,4.2463e-05
ScatterPIFNUFFT,23,14,0.288799614
ScatterPIFNUFFT,23,15,3.0463e-05
ScatterPIFNUFFT,23,16,0.288450826
ScatterPIFNUFFT,23,17,3.1583e-05
ScatterPIFNUFFT,23,18,0.182310003
ScatterPIFNUFFT,23,19,2.6271e-05
NativeNUFFT1,23,0,0.291835129
NativeNUFFT1,23,1,0.303846377
NativeNUFFT1,23,2,0.316212142
NativeNUFFT1,23,3,0.17417277
NativeNUFFT1,23,4,0.485018628
NativeNUFFT1,23,5,0.214028819
NativeNUFFT1,23,6,0.176926693
NativeNUFFT1,23,7,0.28439768
NativeNUFFT1,23,8,0.284229718
NativeNUFFT1,23,9,0.177809224
scatterTimerNUFFT1,23,0,0.209349935
scatterTimerNUFFT1,23,1,0.220719829
scatterTimerNUFFT1,23,2,0.231405363
scatterTimerNUFFT1,23,3,0.092748533
scatterTimerNUFFT1,23,4,0.399426689
scatterTimerNUFFT1,23,5,0.129678472
scatterTimerNUFFT1,23,6,0.093048074
scatterTimerNUFFT1,23,7,0.201229853
scatterTimerNUFFT1,23,8,0.20065992
scatterTimerNUFFT1,23,9,0.093006668
binSort,23,0,0.004129718
binSort,23,1,0.004128118
binSort,23,2,0.004188981
binSort,23,3,0.004162358
binSort,23,4,0.004134839
binSort,23,5,0.004174805
binSort,23,6,0.004162773
binSort,23,7,0.004163221
binSort,23,8,0.004175189
binSort,23,9,0.004143702
binSort,23,10,0.004196628
binSort,23,11,0.00419666
binSort,23,12,0.004178229
binSort,23,13,0.004141174
binSort,23,14,0.004132503
binSort,23,15,0.004203188
binSort,23,16,0.004217397
binSort,23,17,0.004186741
binSort,23,18,0.004186452
binSort,23,19,0.004160501
binSort,23,20,0.004142806
binSort,23,21,0.004216051
binSort,23,22,0.004171605
binSort,23,23,0.004180693
binSort,23,24,0.004150774
binSort,23,25,0.00414031
binSort,23,26,0.004176437
binSort,23,27,0.004186421
binSort,23,28,0.004167126
binSort,23,29,0.004124855
binSort,23,30,0.004176885
binSort,23,31,0.004186262
binSort,23,32,0.004210036
binSort,23,33,0.00418994
binSort,23,34,0.004135607
binSort,23,35,0.004212308
binSort,23,36,0.004186901
binSort,23,37,0.004176437
binSort,23,38,0.004168021
binSort,23,39,0.004189877
binComputeKeys,23,0,0.000386995
binComputeKeys,23,1,0.000406322
binComputeKeys,23,2,0.00042101
binComputeKeys,23,3,0.000418866
binComputeKeys,23,4,0.000393779
binComputeKeys,23,5,0.000406578
binComputeKeys,23,6,0.000404818
binComputeKeys,23,7,0.000421362
binComputeKeys,23,8,0.000405555
binComputeKeys,23,9,0.000399506
binComputeKeys,23,10,0.000383443
binComputeKeys,23,11,0.000423282
binComputeKeys,23,12,0.000412275
binComputeKeys,23,13,0.000398387
binComputeKeys,23,14,0.00042085
binComputeKeys,23,15,0.000382931
binComputeKeys,23,16,0.000410419
binComputeKeys,23,17,0.000403154
binComputeKeys,23,18,0.000411058
binComputeKeys,23,19,0.000419378
binComputeKeys,23,20,0.000388371
binComputeKeys,23,21,0.000393682
binComputeKeys,23,22,0.000430322
binComputeKeys,23,23,0.000407794
binComputeKeys,23,24,0.000390451
binComputeKeys,23,25,0.000399571
binComputeKeys,23,26,0.000430578
binComputeKeys,23,27,0.000411026
binComputeKeys,23,28,0.000387539
binComputeKeys,23,29,0.000399091
binComputeKeys,23,30,0.000393203
binComputeKeys,23,31,0.000404883
binComputeKeys,23,32,0.000400947
binComputeKeys,23,33,0.000381075
binComputeKeys,23,34,0.000417075
binComputeKeys,23,35,0.000435505
binComputeKeys,23,36,0.000399219
binComputeKeys,23,37,0.000409138
binComputeKeys,23,38,0.000408306
binComputeKeys,23,39,0.000411219
binSortByKey,23,0,0.00353825
binSortByKey,23,1,0.003530251
binSortByKey,23,2,0.003570889
binSortByKey,23,3,0.003543274
binSortByKey,23,4,0.003538506
binSortByKey,23,5,0.003556394
binSortByKey,23,6,0.003559754
binSortByKey,23,7,0.003544938
binSortByKey,23,8,0.003566217
binSortByKey,23,9,0.003546635
binSortByKey,23,10,0.003589928
binSortByKey,23,11,0.003573961
binSortByKey,23,12,0.003561737
binSortByKey,23,13,0.003543242
binSortByKey,23,14,0.003520875
binSortByKey,23,15,0.003600297
binSortByKey,23,16,0.003591753
binSortByKey,23,17,0.003582089
binSortByKey,23,18,0.003565737
binSortByKey,23,19,0.003545226
binSortByKey,23,20,0.003550602
binSortByKey,23,21,0.003622888
binSortByKey,23,22,0.003544426
binSortByKey,23,23,0.003561674
binSortByKey,23,24,0.003554474
binSortByKey,23,25,0.003542538
binSortByKey,23,26,0.003549034
binSortByKey,23,27,0.003582121
binSortByKey,23,28,0.003575209
binSortByKey,23,29,0.003535051
binSortByKey,23,30,0.003580489
binSortByKey,23,31,0.003581801
binSortByKey,23,32,0.00360196
binSortByKey,23,33,0.003589161
binSortByKey,23,34,0.003521899
binSortByKey,23,35,0.003579177
binSortByKey,23,36,0.003580809
binSortByKey,23,37,0.003562857
binSortByKey,23,38,0.00355889
binSortByKey,23,39,0.003576105
binComputeOffsets,23,0,0.000203257
binComputeOffsets,23,1,0.000189401
binComputeOffsets,23,2,0.000195354
binComputeOffsets,23,3,0.000196666
binComputeOffsets,23,4,0.00020025
binComputeOffsets,23,5,0.000210489
binComputeOffsets,23,6,0.000195129
binComputeOffsets,23,7,0.000195545
binComputeOffsets,23,8,0.000202361
binComputeOffsets,23,9,0.00019513
binComputeOffsets,23,10,0.000220601
binComputeOffsets,23,11,0.000197625
binComputeOffsets,23,12,0.000202521
binComputeOffsets,23,13,0.000197561
binComputeOffsets,23,14,0.000189722
binComputeOffsets,23,15,0.000218232
binComputeOffsets,23,16,0.000207482
binComputeOffsets,23,17,0.000198554
binComputeOffsets,23,18,0.000206425
binComputeOffsets,23,19,0.000193113
binComputeOffsets,23,20,0.000202105
binComputeOffsets,23,21,0.000197689
binComputeOffsets,23,22,0.000195321
binComputeOffsets,23,23,0.00020697
binComputeOffsets,23,24,0.000204377
binComputeOffsets,23,25,0.000195833
binComputeOffsets,23,26,0.000195385
binComputeOffsets,23,27,0.000191386
binComputeOffsets,23,28,0.000202906
binComputeOffsets,23,29,0.000188953
binComputeOffsets,23,30,0.000200185
binComputeOffsets,23,31,0.000197658
binComputeOffsets,23,32,0.000203065
binComputeOffsets,23,33,0.000217208
binComputeOffsets,23,34,0.000194137
binComputeOffsets,23,35,0.000195802
binComputeOffsets,23,36,0.000205593
binComputeOffsets,23,37,0.000202138
binComputeOffsets,23,38,0.000199225
binComputeOffsets,23,39,0.000199705
FFTNUFFT1,23,0,0.081809696
FFTNUFFT1,23,1,0.082243858
FFTNUFFT1,23,2,0.083988886
FFTNUFFT1,23,3,0.08071658
FFTNUFFT1,23,4,0.084796733
FFTNUFFT1,23,5,0.083524391
FFTNUFFT1,23,6,0.083217809
FFTNUFFT1,23,7,0.082495754
FFTNUFFT1,23,8,0.082898044
FFTNUFFT1,23,9,0.083973783
deconvolutionNUFFT1,23,0,0.000673674
deconvolutionNUFFT1,23,1,0.000880866
deconvolutionNUFFT1,23,2,0.000814085
deconvolutionNUFFT1,23,3,0.000705481
deconvolutionNUFFT1,23,4,0.000790022
deconvolutionNUFFT1,23,5,0.0008225
deconvolutionNUFFT1,23,6,0.00065585
deconvolutionNUFFT1,23,7,0.000670089
deconvolutionNUFFT1,23,8,0.000667018
deconvolutionNUFFT1,23,9,0.000826661
GatherPIFNUFFT,23,0,0.380948038
GatherPIFNUFFT,23,1,0.382853862
GatherPIFNUFFT,23,2,0.37932422
GatherPIFNUFFT,23,3,0.382530737
GatherPIFNUFFT,23,4,0.383276857
GatherPIFNUFFT,23,5,0.384053823
GatherPIFNUFFT,23,6,0.379304669
GatherPIFNUFFT,23,7,0.385030431
GatherPIFNUFFT,23,8,0.380878313
GatherPIFNUFFT,23,9,0.383390613
NativeNUFFT2,23,0,0.125629872
NativeNUFFT2,23,1,0.127064447
NativeNUFFT2,23,2,0.125495667
NativeNUFFT2,23,3,0.127942306
NativeNUFFT2,23,4,0.124909255
NativeNUFFT2,23,5,0.12723385
NativeNUFFT2,23,6,0.123865419
NativeNUFFT2,23,7,0.126441043
NativeNUFFT2,23,8,0.127345781
NativeNUFFT2,23,9,0.124935303
NativeNUFFT2,23,10,0.126882469
NativeNUFFT2,23,11,0.125604208
NativeNUFFT2,23,12,0.123852074
NativeNUFFT2,23,13,0.128038975
NativeNUFFT2,23,14,0.128881764
NativeNUFFT2,23,15,0.127423029
NativeNUFFT2,23,16,0.12614659
NativeNUFFT2,23,17,0.126909476
NativeNUFFT2,23,18,0.125484435
NativeNUFFT2,23,19,0.125833256
NativeNUFFT2,23,20,0.126422198
NativeNUFFT2,23,21,0.125818985
NativeNUFFT2,23,22,0.126780713
NativeNUFFT2,23,23,0.127529296
NativeNUFFT2,23,24,0.126825991
NativeNUFFT2,23,25,0.126136927
NativeNUFFT2,23,26,0.12538463
NativeNUFFT2,23,27,0.123212928
NativeNUFFT2,23,28,0.129199352
NativeNUFFT2,23,29,0.12792557
PrecorrectionNUFFT2,23,0,0.001578636
PrecorrectionNUFFT2,23,1,0.002543691
PrecorrectionNUFFT2,23,2,0.002553643
PrecorrectionNUFFT2,23,3,0.001574956
PrecorrectionNUFFT2,23,4,0.002547947
PrecorrectionNUFFT2,23,5,0.002569995
PrecorrectionNUFFT2,23,6,0.001577356
PrecorrectionNUFFT2,23,7,0.00256001
PrecorrectionNUFFT2,23,8,0.002540171
PrecorrectionNUFFT2,23,9,0.001604363
PrecorrectionNUFFT2,23,10,0.002544523
PrecorrectionNUFFT2,23,11,0.002535756
PrecorrectionNUFFT2,23,12,0.001590571
PrecorrectionNUFFT2,23,13,0.002546092
PrecorrectionNUFFT2,23,14,0.002531724
PrecorrectionNUFFT2,23,15,0.001592043
PrecorrectionNUFFT2,23,16,0.002544172
PrecorrectionNUFFT2,23,17,0.002543947
PrecorrectionNUFFT2,23,18,0.001574827
PrecorrectionNUFFT2,23,19,0.002553419
PrecorrectionNUFFT2,23,20,0.00254094
PrecorrectionNUFFT2,23,21,0.001635018
PrecorrectionNUFFT2,23,22,0.002546379
PrecorrectionNUFFT2,23,23,0.002541356
PrecorrectionNUFFT2,23,24,0.001582315
PrecorrectionNUFFT2,23,25,0.002532653
PrecorrectionNUFFT2,23,26,0.002549579
PrecorrectionNUFFT2,23,27,0.001584971
PrecorrectionNUFFT2,23,28,0.002561802
PrecorrectionNUFFT2,23,29,0.002533643
FFTNUFFT2,23,0,0.084353452
FFTNUFFT2,23,1,0.084549989
FFTNUFFT2,23,2,0.083352525
FFTNUFFT2,23,3,0.085280204
FFTNUFFT2,23,4,0.083120564
FFTNUFFT2,23,5,0.08478166
FFTNUFFT2,23,6,0.082570054
FFTNUFFT2,23,7,0.083320718
FFTNUFFT2,23,8,0.085108915
FFTNUFFT2,23,9,0.083513384
FFTNUFFT2,23,10,0.08454314
FFTNUFFT2,23,11,0.082617765
FFTNUFFT2,23,12,0.082563879
FFTNUFFT2,23,13,0.085298796
FFTNUFFT2,23,14,0.086322634
FFTNUFFT2,23,15,0.084835644
FFTNUFFT2,23,16,0.083760063
FFTNUFFT2,23,17,0.084123091
FFTNUFFT2,23,18,0.084537542
FFTNUFFT2,23,19,0.083555814
FFTNUFFT2,23,20,0.082264817
FFTNUFFT2,23,21,0.084634658
FFTNUFFT2,23,22,0.081864318
FFTNUFFT2,23,23,0.083125683
FFTNUFFT2,23,24,0.082960058
FFTNUFFT2,23,25,0.083871131
FFTNUFFT2,23,26,0.083350637
FFTNUFFT2,23,27,0.081995802
FFTNUFFT2,23,28,0.085517765
FFTNUFFT2,23,29,0.085336619
GatherNUFFT2,23,0,0.00819128
GatherNUFFT2,23,1,0.008590467
GatherNUFFT2,23,2,0.00812085
GatherNUFFT2,23,3,0.010024787
GatherNUFFT2,23,4,0.008203855
GatherNUFFT2,23,5,0.008590467
GatherNUFFT2,23,6,0.008575907
GatherNUFFT2,23,7,0.00913064
GatherNUFFT2,23,8,0.008648321
GatherNUFFT2,23,9,0.008278572
GatherNUFFT2,23,10,0.008114452
GatherNUFFT2,23,11,0.008977173
GatherNUFFT2,23,12,0.008366793
GatherNUFFT2,23,13,0.00883881
GatherNUFFT2,23,14,0.008468039
GatherNUFFT2,23,15,0.009504932
GatherNUFFT2,23,16,0.00818088
GatherNUFFT2,23,17,0.008650208
GatherNUFFT2,23,18,0.008308812
GatherNUFFT2,23,19,0.008201808
GatherNUFFT2,23,20,0.010401894
GatherNUFFT2,23,21,0.008381161
GatherNUFFT2,23,22,0.01112795
GatherNUFFT2,23,23,0.01052925
GatherNUFFT2,23,24,0.010861719
GatherNUFFT2,23,25,0.00824587
GatherNUFFT2,23,26,0.008357002
GatherNUFFT2,23,27,0.008497637
GatherNUFFT2,23,28,0.009702333
GatherNUFFT2,23,29,0.00857821
mainTimer,24,0,7.178249564
dumpData,24,0,0.012147523
dumpData,24,1,0.009440351
dumpData,24,2,0.010322786
dumpData,24,3,0.010622711
dumpData,24,4,0.010417342
dumpData,24,5,0.01140947
dumpData,24,6,0.010359265
dumpData,24,7,0.010203173
dumpData,24,8,0.009406849
dumpData,24,9,0.009631642
kick,24,0,3.6159e-05
kick,24,1,8.896e-06
kick,24,2,2.8927e-05
kick,24,3,7.776e-06
kick,24,4,1.936e-05
kick,24,5,7.487e-06
kick,24,6,3.5199e-05
kick,24,7,7.583e-06
kick,24,8,3.7791e-05
kick,24,9,8.319e-06
kick,24,10,3.6543e-05
kick,24,11,8.127e-06
kick,24,12,3.0463e-05
kick,24,13,1.0496e-05
kick,24,14,3.3823e-05
kick,24,15,7.936e-06
kick,24,16,3.2895e-05
kick,24,17,8e-06
kick,24,18,3.2383e-05
kick,24,19,6.975e-06
drift,24,0,8.032e-06
drift,24,1,7.584e-06
drift,24,2,8.767e-06
drift,24,3,8.928e-06
drift,24,4,1.0111e-05
drift,24,5,8.672e-06
drift,24,6,1.0559e-05
drift,24,7,1.088e-05
drift,24,8,9.216e-06
drift,24,9,7.616e-06
particleBC,24,0,1.2799e-05
particleBC,24,1,1.5551e-05
particleBC,24,2,1.4048e-05
particleBC,24,3,1.2383e-05
particleBC,24,4,1.2512e-05
particleBC,24,5,1.2927e-05
particleBC,24,6,1.2832e-05
particleBC,24,7,1.4335e-05
particleBC,24,8,1.2543e-05
particleBC,24,9,1.552e-05
updateParticle,24,0,0.008527102
updateParticle,24,1,0.136899832
updateParticle,24,2,0.120256782
updateParticle,24,3,0.115996575
updateParticle,24,4,0.008542174
updateParticle,24,5,0.154151631
updateParticle,24,6,0.008618843
updateParticle,24,7,0.008633724
updateParticle,24,8,0.008499103
updateParticle,24,9,0.008592636
locateParticles,24,0,0.003467114
locateParticles,24,1,0.00347361
locateParticles,24,2,0.003492649
locateParticles,24,3,0.003488746
locateParticles,24,4,0.003486058
locateParticles,24,5,0.003474954
locateParticles,24,6,0.003467274
locateParticles,24,7,0.003464555
locateParticles,24,8,0.003474922
locateParticles,24,9,0.00345745
sendPreprocess,24,0,0.000627595
sendPreprocess,24,1,0.000638346
sendPreprocess,24,2,0.000580876
sendPreprocess,24,3,0.000594924
sendPreprocess,24,4,0.000616171
sendPreprocess,24,5,0.00060062
sendPreprocess,24,6,0.00064401
sendPreprocess,24,7,0.000612619
sendPreprocess,24,8,0.000613419
sendPreprocess,24,9,0.000653866
particleSend,24,0,0.00076279
particleSend,24,1,0.000752455
particleSend,24,2,0.000750887
particleSend,24,3,0.000816132
particleSend,24,4,0.000744806
particleSend,24,5,0.000741414
particleSend,24,6,0.000751398
particleSend,24,7,0.000747527
particleSend,24,8,0.000723016
particleSend,24,9,0.000748007
particleRecv,24,0,3.2735e-05
particleRecv,24,1,3.6414e-05
particleRecv,24,2,3.4239e-05
particleRecv,24,3,2.7519e-05
particleRecv,24,4,3.1007e-05
particleRecv,24,5,3.3631e-05
particleRecv,24,6,3.2735e-05
particleRecv,24,7,3.7311e-05
particleRecv,24,8,3.6542e-05
particleRecv,24,9,3.5743e-05
particleDestroy,24,0,0.002518282
particleDestroy,24,1,0.002512427
particleDestroy,24,2,0.002524106
particleDestroy,24,3,0.002496779
particleDestroy,24,4,0.002518283
particleDestroy,24,5,0.002519019
particleDestroy,24,6,0.002495851
particleDestroy,24,7,0.002505771
particleDestroy,24,8,0.002518699
particleDestroy,24,9,0.002512715
ScatterPIFNUFFT,24,0,0.40730195
ScatterPIFNUFFT,24,1,3.1647e-05
ScatterPIFNUFFT,24,2,0.182796452
ScatterPIFNUFFT,24,3,2.7615e-05
ScatterPIFNUFFT,24,4,0.208400381
ScatterPIFNUFFT,24,5,1.4272e-05
ScatterPIFNUFFT,24,6,0.228959395
ScatterPIFNUFFT,24,7,2.7135e-05
ScatterPIFNUFFT,24,8,0.489129891
ScatterPIFNUFFT,24,9,1.9103e-05
ScatterPIFNUFFT,24,10,0.180821766
ScatterPIFNUFFT,24,11,1.648e-05
ScatterPIFNUFFT,24,12,0.180379956
ScatterPIFNUFFT,24,13,1.3151e-05
ScatterPIFNUFFT,24,14,0.286915379
ScatterPIFNUFFT,24,15,2.3103e-05
ScatterPIFNUFFT,24,16,0.289675639
ScatterPIFNUFFT,24,17,3.2607e-05
ScatterPIFNUFFT,24,18,0.181319893
ScatterPIFNUFFT,24,19,2.0543e-05
NativeNUFFT1,24,0,0.403772501
NativeNUFFT1,24,1,0.178345851
NativeNUFFT1,24,2,0.204097808
NativeNUFFT1,24,3,0.224381535
NativeNUFFT1,24,4,0.484541023
NativeNUFFT1,24,5,0.176300511
NativeNUFFT1,24,6,0.175876205
NativeNUFFT1,24,7,0.282386861
NativeNUFFT1,24,8,0.286150926
NativeNUFFT1,24,9,0.176734
scatterTimerNUFFT1,24,0,0.320078926
scatterTimerNUFFT1,24,1,0.092553915
scatterTimerNUFFT1,24,2,0.121010004
scatterTimerNUFFT1,24,3,0.139681339
scatterTimerNUFFT1,24,4,0.40045735
scatterTimerNUFFT1,24,5,0.092337922
scatterTimerNUFFT1,24,6,0.093198564
scatterTimerNUFFT1,24,7,0.199494028
scatterTimerNUFFT1,24,8,0.200669892
scatterTimerNUFFT1,24,9,0.093289697
binSort,24,0,0.003944186
binSort,24,1,0.003970073
binSort,24,2,0.003914139
binSort,24,3,0.003954617
binSort,24,4,0.003994873
binSort,24,5,0.003940922
binSort,24,6,0.003965561
binSort,24,7,0.003910267
binSort,24,8,0.003990584
binSort,24,9,0.003939995
binSort,24,10,0.003937115
binSort,24,11,0.003985176
binSort,24,12,0.004008472
binSort,24,13,0.003915771
binSort,24,14,0.003967642
binSort,24,15,0.003973465
binSort,24,16,0.003947962
binSort,24,17,0.003923354
binSort,24,18,0.003947834
binSort,24,19,0.003936635
binSort,24,20,0.003927355
binSort,24,21,0.00397337
binSort,24,22,0.003970234
binSort,24,23,0.003962522
binSort,24,24,0.003976825
binSort,24,25,0.00394345
binSort,24,26,0.003919291
binSort,24,27,0.003908123
binSort,24,28,0.003988024
binSort,24,29,0.003940122
binSort,24,30,0.003936474
binSort,24,31,0.003958585
binSort,24,32,0.003972857
binSort,24,33,0.003894812
binSort,24,34,0.003937659
binSort,24,35,0.003888923
binSort,24,36,0.003977305
binSort,24,37,0.003930043
binSort,24,38,0.003921659
binSort,24,39,0.00397884
binComputeKeys,24,0,0.000370867
binComputeKeys,24,1,0.000374323
binComputeKeys,24,2,0.000373619
binComputeKeys,24,3,0.000382451
binComputeKeys,24,4,0.000383027
binComputeKeys,24,5,0.000369364
binComputeKeys,24,6,0.000377971
binComputeKeys,24,7,0.000366932
binComputeKeys,24,8,0.000374515
binComputeKeys,24,9,0.000365812
binComputeKeys,24,10,0.000367028
binComputeKeys,24,11,0.000384467
binComputeKeys,24,12,0.000376883
binComputeKeys,24,13,0.000366708
binComputeKeys,24,14,0.000384979
binComputeKeys,24,15,0.000370643
binComputeKeys,24,16,0.000366996
binComputeKeys,24,17,0.000370771
binComputeKeys,24,18,0.000391699
binComputeKeys,24,19,0.000369684
binComputeKeys,24,20,0.000372724
binComputeKeys,24,21,0.000375636
binComputeKeys,24,22,0.000377204
binComputeKeys,24,23,0.000380627
binComputeKeys,24,24,0.000375731
binComputeKeys,24,25,0.000372851
binComputeKeys,24,26,0.000367763
binComputeKeys,24,27,0.000371092
binComputeKeys,24,28,0.000378675
binComputeKeys,24,29,0.000389266
binComputeKeys,24,30,0.000363923
binComputeKeys,24,31,0.000367795
binComputeKeys,24,32,0.000380883
binComputeKeys,24,33,0.000378067
binComputeKeys,24,34,0.000386259
binComputeKeys,24,35,0.000382323
binComputeKeys,24,36,0.000384787
binComputeKeys,24,37,0.000365492
binComputeKeys,24,38,0.000385139
binComputeKeys,24,39,0.000382771
binSortByKey,24,0,0.003366158
binSortByKey,24,1,0.003396397
binSortByKey,24,2,0.003355502
binSortByKey,24,3,0.003378445
binSortByKey,24,4,0.003411149
binSortByKey,24,5,0.003369197
binSortByKey,24,6,0.003387725
binSortByKey,24,7,0.00335883
binSortByKey,24,8,0.003405836
binSortByKey,24,9,0.003377069
binSortByKey,24,10,0.00336635
binSortByKey,24,11,0.00340942
binSortByKey,24,12,0.003424204
binSortByKey,24,13,0.00335707
binSortByKey,24,14,0.003389645
binSortByKey,24,15,0.003408908
binSortByKey,24,16,0.003377645
binSortByKey,24,17,0.00335483
binSortByKey,24,18,0.003361262
binSortByKey,24,19,0.003367085
binSortByKey,24,20,0.003357326
binSortByKey,24,21,0.003397868
binSortByKey,24,22,0.003391436
binSortByKey,24,23,0.003385165
binSortByKey,24,24,0.003395117
binSortByKey,24,25,0.003374637
binSortByKey,24,26,0.003352719
binSortByKey,24,27,0.003340462
binSortByKey,24,28,0.003404972
binSortByKey,24,29,0.003353294
binSortByKey,24,30,0.003370158
binSortByKey,24,31,0.003384909
binSortByKey,24,32,0.003390317
binSortByKey,24,33,0.003334351
binSortByKey,24,34,0.003352558
binSortByKey,24,35,0.003330958
binSortByKey,24,36,0.003390989
binSortByKey,24,37,0.003366893
binSortByKey,24,38,0.00335451
binSortByKey,24,39,0.003395629
binComputeOffsets,24,0,0.000203897
binComputeOffsets,24,1,0.00019641
binComputeOffsets,24,2,0.00018073
binComputeOffsets,24,3,0.000190777
binComputeOffsets,24,4,0.000198233
binComputeOffsets,24,5,0.000198777
binComputeOffsets,24,6,0.000196377
binComputeOffsets,24,7,0.000181594
binComputeOffsets,24,8,0.000207897
binComputeOffsets,24,9,0.000195674
binComputeOffsets,24,10,0.00020089
binComputeOffsets,24,11,0.000189113
binComputeOffsets,24,12,0.000203353
binComputeOffsets,24,13,0.000189625
binComputeOffsets,24,14,0.00018937
binComputeOffsets,24,15,0.000190362
binComputeOffsets,24,16,0.000198297
binComputeOffsets,24,17,0.000195353
binComputeOffsets,24,18,0.000191769
binComputeOffsets,24,19,0.000197626
binComputeOffsets,24,20,0.000195097
binComputeOffsets,24,21,0.000197018
binComputeOffsets,24,22,0.000199706
binComputeOffsets,24,23,0.000194426
binComputeOffsets,24,24,0.000203673
binComputeOffsets,24,25,0.000193754
binComputeOffsets,24,26,0.000195769
binComputeOffsets,24,27,0.000194681
binComputeOffsets,24,28,0.000199001
binComputeOffsets,24,29,0.000192858
binComputeOffsets,24,30,0.000199929
binComputeOffsets,24,31,0.000200121
binComputeOffsets,24,32,0.000197178
binComputeOffsets,24,33,0.000180794
binComputeOffsets,24,34,0.000194522
binComputeOffsets,24,35,0.000174586
binComputeOffsets,24,36,0.000199193
binComputeOffsets,24,37,0.00019529
binComputeOffsets,24,38,0.00018009
binComputeOffsets,24,39,0.000196761
FFTNUFFT1,24,0,0.082846852
FFTNUFFT1,24,1,0.084949629
FFTNUFFT1,24,2,0.0822422
FFTNUFFT1,24,3,0.083866592
FFTNUFFT1,24,4,0.083242774
FFTNUFFT1,24,5,0.082962175
FFTNUFFT1,24,6,0.081900132
FFTNUFFT1,24,7,0.082042814
FFTNUFFT1,24,8,0.084521067
FFTNUFFT1,24,9,0.082618347
deconvolutionNUFFT1,24,0,0.000844707
deconvolutionNUFFT1,24,1,0.000839395
deconvolutionNUFFT1,24,2,0.00084362
deconvolutionNUFFT1,24,3,0.000831428
deconvolutionNUFFT1,24,4,0.000837379
deconvolutionNUFFT1,24,5,0.000998046
deconvolutionNUFFT1,24,6,0.000775397
deconvolutionNUFFT1,24,7,0.000847555
deconvolutionNUFFT1,24,8,0.000955647
deconvolutionNUFFT1,24,9,0.000823684
GatherPIFNUFFT,24,0,0.380235956
GatherPIFNUFFT,24,1,0.380309873
GatherPIFNUFFT,24,2,0.380928188
GatherPIFNUFFT,24,3,0.377423412
GatherPIFNUFFT,24,4,0.381705986
GatherPIFNUFFT,24,5,0.382580836
GatherPIFNUFFT,24,6,0.381809535
GatherPIFNUFFT,24,7,0.385646557
GatherPIFNUFFT,24,8,0.380793569
GatherPIFNUFFT,24,9,0.385518432
NativeNUFFT2,24,0,0.122457955
NativeNUFFT2,24,1,0.127112581
NativeNUFFT2,24,2,0.124663192
NativeNUFFT2,24,3,0.12255376
NativeNUFFT2,24,4,0.125682677
NativeNUFFT2,24,5,0.127125508
NativeNUFFT2,24,6,0.125789489
NativeNUFFT2,24,7,0.124604186
NativeNUFFT2,24,8,0.127001161
NativeNUFFT2,24,9,0.120103027
NativeNUFFT2,24,10,0.126491034
NativeNUFFT2,24,11,0.126918381
NativeNUFFT2,24,12,0.121828025
NativeNUFFT2,24,13,0.128976038
NativeNUFFT2,24,14,0.127837804
NativeNUFFT2,24,15,0.126420188
NativeNUFFT2,24,16,0.125923021
NativeNUFFT2,24,17,0.126266273
NativeNUFFT2,24,18,0.12636435
NativeNUFFT2,24,19,0.125667958
NativeNUFFT2,24,20,0.126752753
NativeNUFFT2,24,21,0.126986121
NativeNUFFT2,24,22,0.127057223
NativeNUFFT2,24,23,0.128093476
NativeNUFFT2,24,24,0.124007182
NativeNUFFT2,24,25,0.126462395
NativeNUFFT2,24,26,0.126358911
NativeNUFFT2,24,27,0.125343809
NativeNUFFT2,24,28,0.129504148
NativeNUFFT2,24,29,0.128117122
PrecorrectionNUFFT2,24,0,0.001565259
PrecorrectionNUFFT2,24,1,0.00249006
PrecorrectionNUFFT2,24,2,0.002502379
PrecorrectionNUFFT2,24,3,0.001556107
PrecorrectionNUFFT2,24,4,0.002502603
PrecorrectionNUFFT2,24,5,0.002494827
PrecorrectionNUFFT2,24,6,0.001563722
PrecorrectionNUFFT2,24,7,0.002483787
PrecorrectionNUFFT2,24,8,0.002491308
PrecorrectionNUFFT2,24,9,0.001592907
PrecorrectionNUFFT2,24,10,0.002493676
PrecorrectionNUFFT2,24,11,0.002490636
PrecorrectionNUFFT2,24,12,0.001582378
PrecorrectionNUFFT2,24,13,0.002494571
PrecorrectionNUFFT2,24,14,0.002487563
PrecorrectionNUFFT2,24,15,0.001568651
PrecorrectionNUFFT2,24,16,0.002489803
PrecorrectionNUFFT2,24,17,0.002480331
PrecorrectionNUFFT2,24,18,0.001560811
PrecorrectionNUFFT2,24,19,0.002497067
PrecorrectionNUFFT2,24,20,0.002494668
PrecorrectionNUFFT2,24,21,0.001562635
PrecorrectionNUFFT2,24,22,0.002494027
PrecorrectionNUFFT2,24,23,0.00249662
PrecorrectionNUFFT2,24,24,0.001560811
PrecorrectionNUFFT2,24,25,0.002491467
PrecorrectionNUFFT2,24,26,0.00248942
PrecorrectionNUFFT2,24,27,0.001586635
PrecorrectionNUFFT2,24,28,0.002501163
PrecorrectionNUFFT2,24,29,0.002495115
FFTNUFFT2,24,0,0.0830679
FFTNUFFT2,24,1,0.086523111
FFTNUFFT2,24,2,0.084637095
FFTNUFFT2,24,3,0.082282263
FFTNUFFT2,24,4,0.084018267
FFTNUFFT2,24,5,0.086723328
FFTNUFFT2,24,6,0.084369104
FFTNUFFT2,24,7,0.081454899
FFTNUFFT2,24,8,0.086550566
FFTNUFFT2,24,9,0.079158593
FFTNUFFT2,24,10,0.08606831
FFTNUFFT2,24,11,0.086434186
FFTNUFFT2,24,12,0.081062241
FFTNUFFT2,24,13,0.089177837
FFTNUFFT2,24,14,0.086646723
FFTNUFFT2,24,15,0.087189296
FFTNUFFT2,24,16,0.085983545
FFTNUFFT2,24,17,0.086285359
FFTNUFFT2,24,18,0.08647524
FFTNUFFT2,24,19,0.085411148
FFTNUFFT2,24,20,0.084937309
FFTNUFFT2,24,21,0.087792283
FFTNUFFT2,24,22,0.085571335
FFTNUFFT2,24,23,0.087733822
FFTNUFFT2,24,24,0.084865727
FFTNUFFT2,24,25,0.086278959
FFTNUFFT2,24,26,0.085973658
FFTNUFFT2,24,27,0.084073562
FFTNUFFT2,24,28,0.089195308
FFTNUFFT2,24,29,0.087573475
GatherNUFFT2,24,0,0.007947026
GatherNUFFT2,24,1,0.008270279
GatherNUFFT2,24,2,0.007841046
GatherNUFFT2,24,3,0.008722135
GatherNUFFT2,24,4,0.00913361
GatherNUFFT2,24,5,0.008227272
GatherNUFFT2,24,6,0.009961198
GatherNUFFT2,24,7,0.01070466
GatherNUFFT2,24,8,0.008044175
GatherNUFFT2,24,9,0.00943264
GatherNUFFT2,24,10,0.008067087
GatherNUFFT2,24,11,0.008037327
GatherNUFFT2,24,12,0.009818931
GatherNUFFT2,24,13,0.007874452
GatherNUFFT2,24,14,0.009118154
GatherNUFFT2,24,15,0.008094414
GatherNUFFT2,24,16,0.007881716
GatherNUFFT2,24,17,0.007755354
GatherNUFFT2,24,18,0.008470305
GatherNUFFT2,24,19,0.007892629
GatherNUFFT2,24,20,0.009413888
GatherNUFFT2,24,21,0.007852213
GatherNUFFT2,24,22,0.009255686
GatherNUFFT2,24,23,0.007951858
GatherNUFFT2,24,24,0.007929428
GatherNUFFT2,24,25,0.008089326
GatherNUFFT2,24,26,0.008136172
GatherNUFFT2,24,27,0.009829362
GatherNUFFT2,24,28,0.00784815
GatherNUFFT2,24,29,0.008170731
mainTimer,25,0,7.17825142
dumpData,25,0,0.009581626
dumpData,25,1,0.007312456
dumpData,25,2,0.008536702
dumpData,25,3,0.008369123
dumpData,25,4,0.008103692
dumpData,25,5,0.008785335
dumpData,25,6,0.007567392
dumpData,25,7,0.007493217
dumpData,25,8,0.007479202
dumpData,25,9,0.007714875
kick,25,0,3.6127e-05
kick,25,1,8.032e-06
kick,25,2,2.9311e-05
kick,25,3,8.192e-06
kick,25,4,3.2959e-05
kick,25,5,8.864e-06
kick,25,6,3.6159e-05
kick,25,7,1.0784e-05
kick,25,8,3.8783e-05
kick,25,9,8.448e-06
kick,25,10,3.5103e-05
kick,25,11,1.4111e-05
kick,25,12,3.0207e-05
kick,25,13,7.584e-06
kick,25,14,3.4174e-05
kick,25,15,9.952e-06
kick,25,16,3.2639e-05
kick,25,17,1.3184e-05
kick,25,18,3.3247e-05
kick,25,19,1.6511e-05
drift,25,0,8.704e-06
drift,25,1,7.36e-06
drift,25,2,9.695e-06
drift,25,3,1.056e-05
drift,25,4,1.0687e-05
drift,25,5,8.8e-06
drift,25,6,1.1263e-05
drift,25,7,1.1104e-05
drift,25,8,8e-06
drift,25,9,8.544e-06
particleBC,25,0,1.1519e-05
particleBC,25,1,1.5839e-05
particleBC,25,2,1.4304e-05
particleBC,25,3,1.3471e-05
particleBC,25,4,1.1808e-05
particleBC,25,5,1.6767e-05
particleBC,25,6,1.3312e-05
particleBC,25,7,1.4047e-05
particleBC,25,8,1.2543e-05
particleBC,25,9,1.2352e-05
updateParticle,25,0,0.008635867
updateParticle,25,1,0.136802044
updateParticle,25,2,0.120132402
updateParticle,25,3,0.116221975
updateParticle,25,4,0.008629691
updateParticle,25,5,0.154242252
updateParticle,25,6,0.008675961
updateParticle,25,7,0.008724025
updateParticle,25,8,0.008533598
updateParticle,25,9,0.008746519
locateParticles,25,0,0.003700994
locateParticles,25,1,0.003683683
locateParticles,25,2,0.003693378
locateParticles,25,3,0.003683299
locateParticles,25,4,0.003700514
locateParticles,25,5,0.003697506
locateParticles,25,6,0.00369437
locateParticles,25,7,0.003683268
locateParticles,25,8,0.003670115
locateParticles,25,9,0.003668707
sendPreprocess,25,0,0.000396499
sendPreprocess,25,1,0.000429425
sendPreprocess,25,2,0.000383059
sendPreprocess,25,3,0.000401234
sendPreprocess,25,4,0.000403091
sendPreprocess,25,5,0.000375828
sendPreprocess,25,6,0.000417298
sendPreprocess,25,7,0.000395346
sendPreprocess,25,8,0.00042245
sendPreprocess,25,9,0.000447057
particleSend,25,0,0.000793797
particleSend,25,1,0.000780038
particleSend,25,2,0.000780198
particleSend,25,3,0.00077751
particleSend,25,4,0.000806788
particleSend,25,5,0.000821732
particleSend,25,6,0.00082538
particleSend,25,7,0.000886306
particleSend,25,8,0.000804325
particleSend,25,9,0.000804997
particleRecv,25,0,3.3759e-05
particleRecv,25,1,3.3758e-05
particleRecv,25,2,3.1679e-05
particleRecv,25,3,3.6735e-05
particleRecv,25,4,3.7439e-05
particleRecv,25,5,3.3758e-05
particleRecv,25,6,2.9823e-05
particleRecv,25,7,2.9951e-05
particleRecv,25,8,2.8991e-05
particleRecv,25,9,3.2703e-05
particleDestroy,25,0,0.002722083
particleDestroy,25,1,0.002704133
particleDestroy,25,2,0.002718787
particleDestroy,25,3,0.00269562
particleDestroy,25,4,0.002689892
particleDestroy,25,5,0.002694309
particleDestroy,25,6,0.00269034
particleDestroy,25,7,0.002685925
particleDestroy,25,8,0.002688612
particleDestroy,25,9,0.002712548
ScatterPIFNUFFT,25,0,0.407201633
ScatterPIFNUFFT,25,1,3.7279e-05
ScatterPIFNUFFT,25,2,0.182991868
ScatterPIFNUFFT,25,3,2.6111e-05
ScatterPIFNUFFT,25,4,0.210137634
ScatterPIFNUFFT,25,5,2.8031e-05
ScatterPIFNUFFT,25,6,0.227669583
ScatterPIFNUFFT,25,7,4.0831e-05
ScatterPIFNUFFT,25,8,0.487775377
ScatterPIFNUFFT,25,9,3.9134e-05
ScatterPIFNUFFT,25,10,0.18075748
ScatterPIFNUFFT,25,11,1.2544e-05
ScatterPIFNUFFT,25,12,0.180240025
ScatterPIFNUFFT,25,13,2.1823e-05
ScatterPIFNUFFT,25,14,0.290006826
ScatterPIFNUFFT,25,15,6.816e-06
ScatterPIFNUFFT,25,16,0.289672983
ScatterPIFNUFFT,25,17,3.1295e-05
ScatterPIFNUFFT,25,18,0.181121403
ScatterPIFNUFFT,25,19,2.7487e-05
NativeNUFFT1,25,0,0.402721562
NativeNUFFT1,25,1,0.17847359
NativeNUFFT1,25,2,0.205718777
NativeNUFFT1,25,3,0.223291427
NativeNUFFT1,25,4,0.483427109
NativeNUFFT1,25,5,0.176447258
NativeNUFFT1,25,6,0.175743282
NativeNUFFT1,25,7,0.285519106
NativeNUFFT1,25,8,0.286134991
NativeNUFFT1,25,9,0.176712497
scatterTimerNUFFT1,25,0,0.319820184
scatterTimerNUFFT1,25,1,0.093558329
scatterTimerNUFFT1,25,2,0.121434278
scatterTimerNUFFT1,25,3,0.140129963
scatterTimerNUFFT1,25,4,0.401065105
scatterTimerNUFFT1,25,5,0.093427228
scatterTimerNUFFT1,25,6,0.093641013
scatterTimerNUFFT1,25,7,0.200534472
scatterTimerNUFFT1,25,8,0.201813118
scatterTimerNUFFT1,25,9,0.093693331
binSort,25,0,0.004207313
binSort,25,1,0.004183954
binSort,25,2,0.004122836
binSort,25,3,0.004146195
binSort,25,4,0.004194258
binSort,25,5,0.004190705
binSort,25,6,0.00418757
binSort,25,7,0.004116021
binSort,25,8,0.004202801
binSort,25,9,0.004186418
binSort,25,10,0.004183954
binSort,25,11,0.004206897
binSort,25,12,0.004169458
binSort,25,13,0.004195378
binSort,25,14,0.004188338
binSort,25,15,0.004149619
binSort,25,16,0.004195345
binSort,25,17,0.004184977
binSort,25,18,0.004103444
binSort,25,19,0.004182834
binSort,25,20,0.004184978
binSort,25,21,0.004150515
binSort,25,22,0.004181426
binSort,25,23,0.004179506
binSort,25,24,0.004169106
binSort,25,25,0.004170834
binSort,25,26,0.004122773
binSort,25,27,0.004173939
binSort,25,28,0.004160882
binSort,25,29,0.004212081
binSort,25,30,0.00418277
binSort,25,31,0.004196434
binSort,25,32,0.004182386
binSort,25,33,0.00412322
binSort,25,34,0.004136052
binSort,25,35,0.004196978
binSort,25,36,0.004192338
binSort,25,37,0.004209009
binSort,25,38,0.004124148
binSort,25,39,0.004190098
binComputeKeys,25,0,0.000402899
binComputeKeys,25,1,0.000409874
binComputeKeys,25,2,0.000408306
binComputeKeys,25,3,0.00041221
binComputeKeys,25,4,0.000401619
binComputeKeys,25,5,0.000417042
binComputeKeys,25,6,0.000409234
binComputeKeys,25,7,0.000409778
binComputeKeys,25,8,0.00039893
binComputeKeys,25,9,0.00041141
binComputeKeys,25,10,0.000399891
binComputeKeys,25,11,0.00041301
binComputeKeys,25,12,0.000391698
binComputeKeys,25,13,0.000410258
binComputeKeys,25,14,0.000413746
binComputeKeys,25,15,0.000391666
binComputeKeys,25,16,0.00040677
binComputeKeys,25,17,0.000406546
binComputeKeys,25,18,0.00040773
binComputeKeys,25,19,0.000415986
binComputeKeys,25,20,0.000397747
binComputeKeys,25,21,0.000398226
binComputeKeys,25,22,0.000405842
binComputeKeys,25,23,0.000403378
binComputeKeys,25,24,0.000394803
binComputeKeys,25,25,0.000408658
binComputeKeys,25,26,0.000406675
binComputeKeys,25,27,0.000404467
binComputeKeys,25,28,0.000393938
binComputeKeys,25,29,0.000390259
binComputeKeys,25,30,0.000400275
binComputeKeys,25,31,0.000417554
binComputeKeys,25,32,0.000388499
binComputeKeys,25,33,0.000402514
binComputeKeys,25,34,0.00041301
binComputeKeys,25,35,0.000392691
binComputeKeys,25,36,0.00040245
binComputeKeys,25,37,0.000418834
binComputeKeys,25,38,0.000412786
binComputeKeys,25,39,0.00041109
binSortByKey,25,0,0.003588358
binSortByKey,25,1,0.003569383
binSortByKey,25,2,0.00352596
binSortByKey,25,3,0.003528392
binSortByKey,25,4,0.00358775
binSortByKey,25,5,0.003575718
binSortByKey,25,6,0.003573991
binSortByKey,25,7,0.003516681
binSortByKey,25,8,0.003587942
binSortByKey,25,9,0.003569287
binSortByKey,25,10,0.003576742
binSortByKey,25,11,0.00359223
binSortByKey,25,12,0.003564327
binSortByKey,25,13,0.00358775
binSortByKey,25,14,0.003569543
binSortByKey,25,15,0.00355396
binSortByKey,25,16,0.003578694
binSortByKey,25,17,0.003568838
binSortByKey,25,18,0.003506185
binSortByKey,25,19,0.003567495
binSortByKey,25,20,0.003580358
binSortByKey,25,21,0.003555688
binSortByKey,25,22,0.003571815
binSortByKey,25,23,0.003574087
binSortByKey,25,24,0.003562727
binSortByKey,25,25,0.003555591
binSortByKey,25,26,0.003526792
binSortByKey,25,27,0.003567623
binSortByKey,25,28,0.003556104
binSortByKey,25,29,0.003611525
binSortByKey,25,30,0.003581446
binSortByKey,25,31,0.003575111
binSortByKey,25,32,0.003579079
binSortByKey,25,33,0.003531433
binSortByKey,25,34,0.00353188
binSortByKey,25,35,0.003595814
binSortByKey,25,36,0.003583911
binSortByKey,25,37,0.003589734
binSortByKey,25,38,0.00352004
binSortByKey,25,39,0.003574695
binComputeOffsets,25,0,0.000212216
binComputeOffsets,25,1,0.000202553
binComputeOffsets,25,2,0.000186938
binComputeOffsets,25,3,0.000203129
binComputeOffsets,25,4,0.000203353
binComputeOffsets,25,5,0.000196089
binComputeOffsets,25,6,0.000201369
binComputeOffsets,25,7,0.000187514
binComputeOffsets,25,8,0.000213369
binComputeOffsets,25,9,0.000202681
binComputeOffsets,25,10,0.000203193
binComputeOffsets,25,11,0.000197977
binComputeOffsets,25,12,0.000210233
binComputeOffsets,25,13,0.000195194
binComputeOffsets,25,14,0.000201497
binComputeOffsets,25,15,0.000201945
binComputeOffsets,25,16,0.000205529
binComputeOffsets,25,17,0.000206105
binComputeOffsets,25,18,0.000187161
binComputeOffsets,25,19,0.000196953
binComputeOffsets,25,20,0.000204441
binComputeOffsets,25,21,0.000194297
binComputeOffsets,25,22,0.000202201
binComputeOffsets,25,23,0.000199801
binComputeOffsets,25,24,0.000209528
binComputeOffsets,25,25,0.000204505
binComputeOffsets,25,26,0.000187834
binComputeOffsets,25,27,0.000198746
binComputeOffsets,25,28,0.000208697
binComputeOffsets,25,29,0.000207001
binComputeOffsets,25,30,0.000197657
binComputeOffsets,25,31,0.000200761
binComputeOffsets,25,32,0.000210488
binComputeOffsets,25,33,0.000187033
binComputeOffsets,25,34,0.000187802
binComputeOffsets,25,35,0.000205593
binComputeOffsets,25,36,0.000204346
binComputeOffsets,25,37,0.000197561
binComputeOffsets,25,38,0.000188986
binComputeOffsets,25,39,0.000201305
FFTNUFFT1,25,0,0.082229689
FFTNUFFT1,25,1,0.08406825
FFTNUFFT1,25,2,0.083451311
FFTNUFFT1,25,3,0.082320437
FFTNUFFT1,25,4,0.081531792
FFTNUFFT1,25,5,0.081998497
FFTNUFFT1,25,6,0.081430931
FFTNUFFT1,25,7,0.084319185
FFTNUFFT1,25,8,0.083482862
FFTNUFFT1,25,9,0.082175291
deconvolutionNUFFT1,25,0,0.000670506
deconvolutionNUFFT1,25,1,0.000845603
deconvolutionNUFFT1,25,2,0.000831108
deconvolutionNUFFT1,25,3,0.000838115
deconvolutionNUFFT1,25,4,0.000826788
deconvolutionNUFFT1,25,5,0.001019997
deconvolutionNUFFT1,25,6,0.000669386
deconvolutionNUFFT1,25,7,0.000664137
deconvolutionNUFFT1,25,8,0.000836259
deconvolutionNUFFT1,25,9,0.000842179
GatherPIFNUFFT,25,0,0.38228987
GatherPIFNUFFT,25,1,0.380731811
GatherPIFNUFFT,25,2,0.379056988
GatherPIFNUFFT,25,3,0.381494186
GatherPIFNUFFT,25,4,0.387041293
GatherPIFNUFFT,25,5,0.384487396
GatherPIFNUFFT,25,6,0.385051537
GatherPIFNUFFT,25,7,0.383751805
GatherPIFNUFFT,25,8,0.381819454
GatherPIFNUFFT,25,9,0.387626201
NativeNUFFT2,25,0,0.126549208
NativeNUFFT2,25,1,0.127006024
NativeNUFFT2,25,2,0.125262532
NativeNUFFT2,25,3,0.123749815
NativeNUFFT2,25,4,0.124951087
NativeNUFFT2,25,5,0.127473497
NativeNUFFT2,25,6,0.123847604
NativeNUFFT2,25,7,0.125284898
NativeNUFFT2,25,8,0.127402235
NativeNUFFT2,25,9,0.124123467
NativeNUFFT2,25,10,0.126506649
NativeNUFFT2,25,11,0.126738674
NativeNUFFT2,25,12,0.123715577
NativeNUFFT2,25,13,0.129954404
NativeNUFFT2,25,14,0.12724032
NativeNUFFT2,25,15,0.128796939
NativeNUFFT2,25,16,0.126470426
NativeNUFFT2,25,17,0.125658806
NativeNUFFT2,25,18,0.125464253
NativeNUFFT2,25,19,0.126414365
NativeNUFFT2,25,20,0.127039944
NativeNUFFT2,25,21,0.126364318
NativeNUFFT2,25,22,0.126652052
NativeNUFFT2,25,23,0.129137472
NativeNUFFT2,25,24,0.125982091
NativeNUFFT2,25,25,0.126289889
NativeNUFFT2,25,26,0.12507073
NativeNUFFT2,25,27,0.126933387
NativeNUFFT2,25,28,0.130348535
NativeNUFFT2,25,29,0.127315326
PrecorrectionNUFFT2,25,0,0.001588266
PrecorrectionNUFFT2,25,1,0.002564009
PrecorrectionNUFFT2,25,2,0.002548745
PrecorrectionNUFFT2,25,3,0.001615081
PrecorrectionNUFFT2,25,4,0.002545066
PrecorrectionNUFFT2,25,5,0.002521963
PrecorrectionNUFFT2,25,6,0.001592362
PrecorrectionNUFFT2,25,7,0.002554665
PrecorrectionNUFFT2,25,8,0.002542442
PrecorrectionNUFFT2,25,9,0.001569835
PrecorrectionNUFFT2,25,10,0.002546601
PrecorrectionNUFFT2,25,11,0.00254065
PrecorrectionNUFFT2,25,12,0.001586954
PrecorrectionNUFFT2,25,13,0.002536938
PrecorrectionNUFFT2,25,14,0.002558825
PrecorrectionNUFFT2,25,15,0.001570026
PrecorrectionNUFFT2,25,16,0.002549001
PrecorrectionNUFFT2,25,17,0.002561833
PrecorrectionNUFFT2,25,18,0.001567147
PrecorrectionNUFFT2,25,19,0.00253729
PrecorrectionNUFFT2,25,20,0.002547914
PrecorrectionNUFFT2,25,21,0.001567115
PrecorrectionNUFFT2,25,22,0.002548457
PrecorrectionNUFFT2,25,23,0.002537226
PrecorrectionNUFFT2,25,24,0.001589834
PrecorrectionNUFFT2,25,25,0.002540234
PrecorrectionNUFFT2,25,26,0.002554729
PrecorrectionNUFFT2,25,27,0.001596138
PrecorrectionNUFFT2,25,28,0.002539146
PrecorrectionNUFFT2,25,29,0.002562089
FFTNUFFT2,25,0,0.085219251
FFTNUFFT2,25,1,0.084742179
FFTNUFFT2,25,2,0.082834628
FFTNUFFT2,25,3,0.082224824
FFTNUFFT2,25,4,0.081688619
FFTNUFFT2,25,5,0.085162356
FFTNUFFT2,25,6,0.082284247
FFTNUFFT2,25,7,0.081790632
FFTNUFFT2,25,8,0.085165301
FFTNUFFT2,25,9,0.082990079
FFTNUFFT2,25,10,0.084052698
FFTNUFFT2,25,11,0.08449246
FFTNUFFT2,25,12,0.08119014
FFTNUFFT2,25,13,0.087363722
FFTNUFFT2,25,14,0.085144373
FFTNUFFT2,25,15,0.08724395
FFTNUFFT2,25,16,0.083751973
FFTNUFFT2,25,17,0.083235286
FFTNUFFT2,25,18,0.084058234
FFTNUFFT2,25,19,0.08407113
FFTNUFFT2,25,20,0.084334129
FFTNUFFT2,25,21,0.08475389
FFTNUFFT2,25,22,0.083849153
FFTNUFFT2,25,23,0.086302382
FFTNUFFT2,25,24,0.084646919
FFTNUFFT2,25,25,0.08364788
FFTNUFFT2,25,26,0.082286583
FFTNUFFT2,25,27,0.085298385
FFTNUFFT2,25,28,0.087629121
FFTNUFFT2,25,29,0.085071736
GatherNUFFT2,25,0,0.008363779
GatherNUFFT2,25,1,0.008440961
GatherNUFFT2,25,2,0.008572477
GatherNUFFT2,25,3,0.008342565
GatherNUFFT2,25,4,0.009329827
GatherNUFFT2,25,5,0.008512351
GatherNUFFT2,25,6,0.008377027
GatherNUFFT2,25,7,0.009762452
GatherNUFFT2,25,8,0.00810158
GatherNUFFT2,25,9,0.008099277
GatherNUFFT2,25,10,0.008475169
GatherNUFFT2,25,11,0.00819329
GatherNUFFT2,25,12,0.009476958
GatherNUFFT2,25,13,0.008761526
GatherNUFFT2,25,14,0.008078541
GatherNUFFT2,25,15,0.008564253
GatherNUFFT2,25,16,0.00877759
GatherNUFFT2,25,17,0.008475393
GatherNUFFT2,25,18,0.008510911
GatherNUFFT2,25,19,0.008479329
GatherNUFFT2,25,20,0.008564766
GatherNUFFT2,25,21,0.008627514
GatherNUFFT2,25,22,0.008861075
GatherNUFFT2,25,23,0.008678585
GatherNUFFT2,25,24,0.008612476
GatherNUFFT2,25,25,0.008734073
GatherNUFFT2,25,26,0.008858131
GatherNUFFT2,25,27,0.008761303
GatherNUFFT2,25,28,0.008812821
GatherNUFFT2,25,29,0.008472512
mainTimer,26,0,7.178246908
dumpData,26,0,0.010955948
dumpData,26,1,0.00829495
dumpData,26,2,0.00907502
dumpData,26,3,0.008897329
dumpData,26,4,0.008844691
dumpData,26,5,0.009294438
dumpData,26,6,0.009104428
dumpData,26,7,0.008483295
dumpData,26,8,0.008033072
dumpData,26,9,0.008250216
kick,26,0,3.4239e-05
kick,26,1,1.1199e-05
kick,26,2,2.9439e-05
kick,26,3,8.896e-06
kick,26,4,3.2895e-05
kick,26,5,9.12e-06
kick,26,6,3.4975e-05
kick,26,7,1.0784e-05
kick,26,8,3.5999e-05
kick,26,9,1.0304e-05
kick,26,10,3.4463e-05
kick,26,11,8.768e-06
kick,26,12,2.9183e-05
kick,26,13,1.0815e-05
kick,26,14,3.507e-05
kick,26,15,8.96e-06
kick,26,16,3.3471e-05
kick,26,17,9.567e-06
kick,26,18,3.0719e-05
kick,26,19,9.888e-06
drift,26,0,6.976e-06
drift,26,1,7.328e-06
drift,26,2,1.0015e-05
drift,26,3,1.0144e-05
drift,26,4,1.0687e-05
drift,26,5,7.008e-06
drift,26,6,1.1487e-05
drift,26,7,1.0016e-05
drift,26,8,8.256e-06
drift,26,9,8.992e-06
particleBC,26,0,1.2383e-05
particleBC,26,1,1.2479e-05
particleBC,26,2,1.2896e-05
particleBC,26,3,1.3183e-05
particleBC,26,4,1.248e-05
particleBC,26,5,1.6287e-05
particleBC,26,6,1.2064e-05
particleBC,26,7,1.2032e-05
particleBC,26,8,1.2927e-05
particleBC,26,9,1.44e-05
updateParticle,26,0,0.008667866
updateParticle,26,1,0.136915256
updateParticle,26,2,0.120225327
updateParticle,26,3,0.116237559
updateParticle,26,4,0.008586332
updateParticle,26,5,0.154110769
updateParticle,26,6,0.008640698
updateParticle,26,7,0.008659866
updateParticle,26,8,0.008571581
updateParticle,26,9,0.008804373
locateParticles,26,0,0.003671779
locateParticles,26,1,0.0036441
locateParticles,26,2,0.003659843
locateParticles,26,3,0.003658756
locateParticles,26,4,0.003677059
locateParticles,26,5,0.003669731
locateParticles,26,6,0.003657155
locateParticles,26,7,0.003684739
locateParticles,26,8,0.003635045
locateParticles,26,9,0.003665027
sendPreprocess,26,0,0.000426994
sendPreprocess,26,1,0.000472496
sendPreprocess,26,2,0.000418066
sendPreprocess,26,3,0.000427217
sendPreprocess,26,4,0.000426961
sendPreprocess,26,5,0.000405459
sendPreprocess,26,6,0.000455665
sendPreprocess,26,7,0.00039589
sendPreprocess,26,8,0.000457744
sendPreprocess,26,9,0.000449233
particleSend,26,0,0.000839427
particleSend,26,1,0.000793989
particleSend,26,2,0.000903042
particleSend,26,3,0.000778086
particleSend,26,4,0.000808261
particleSend,26,5,0.000821412
particleSend,26,6,0.000781477
particleSend,26,7,0.000794789
particleSend,26,8,0.000799781
particleSend,26,9,0.000861667
particleRecv,26,0,3.0975e-05
particleRecv,26,1,3.4495e-05
particleRecv,26,2,2.7807e-05
particleRecv,26,3,3.6191e-05
particleRecv,26,4,3.6127e-05
particleRecv,26,5,3.1039e-05
particleRecv,26,6,3.4399e-05
particleRecv,26,7,3.3983e-05
particleRecv,26,8,3.2703e-05
particleRecv,26,9,2.9919e-05
particleDestroy,26,0,0.002675589
particleDestroy,26,1,0.002689317
particleDestroy,26,2,0.002688836
particleDestroy,26,3,0.0026905
particleDestroy,26,4,0.002692388
particleDestroy,26,5,0.002692132
particleDestroy,26,6,0.002701252
particleDestroy,26,7,0.00270602
particleDestroy,26,8,0.002689412
particleDestroy,26,9,0.002690565
ScatterPIFNUFFT,26,0,0.408131745
ScatterPIFNUFFT,26,1,1.6415e-05
ScatterPIFNUFFT,26,2,0.182886304
ScatterPIFNUFFT,26,3,2.0799e-05
ScatterPIFNUFFT,26,4,0.208460859
ScatterPIFNUFFT,26,5,7.423e-06
ScatterPIFNUFFT,26,6,0.228765962
ScatterPIFNUFFT,26,7,3.235e-05
ScatterPIFNUFFT,26,8,0.48918013
ScatterPIFNUFFT,26,9,1.328e-05
ScatterPIFNUFFT,26,10,0.182373648
ScatterPIFNUFFT,26,11,2.72e-05
ScatterPIFNUFFT,26,12,0.182371377
ScatterPIFNUFFT,26,13,3.8687e-05
ScatterPIFNUFFT,26,14,0.286968273
ScatterPIFNUFFT,26,15,1.8272e-05
ScatterPIFNUFFT,26,16,0.290744722
ScatterPIFNUFFT,26,17,2.4255e-05
ScatterPIFNUFFT,26,18,0.181405234
ScatterPIFNUFFT,26,19,3.0111e-05
NativeNUFFT1,26,0,0.404723541
NativeNUFFT1,26,1,0.178418072
NativeNUFFT1,26,2,0.203951092
NativeNUFFT1,26,3,0.224356255
NativeNUFFT1,26,4,0.48481359
NativeNUFFT1,26,5,0.17797527
NativeNUFFT1,26,6,0.17785889
NativeNUFFT1,26,7,0.282447947
NativeNUFFT1,26,8,0.286086032
NativeNUFFT1,26,9,0.17690369
scatterTimerNUFFT1,26,0,0.320094189
scatterTimerNUFFT1,26,1,0.092681175
scatterTimerNUFFT1,26,2,0.121026387
scatterTimerNUFFT1,26,3,0.139606461
scatterTimerNUFFT1,26,4,0.400794074
scatterTimerNUFFT1,26,5,0.09266207
scatterTimerNUFFT1,26,6,0.093237602
scatterTimerNUFFT1,26,7,0.199764067
scatterTimerNUFFT1,26,8,0.199825856
scatterTimerNUFFT1,26,9,0.09302305
binSort,26,0,0.004149267
binSort,26,1,0.004158386
binSort,26,2,0.004169747
binSort,26,3,0.004191441
binSort,26,4,0.004175539
binSort,26,5,0.004133204
binSort,26,6,0.004135827
binSort,26,7,0.004151283
binSort,26,8,0.004184562
binSort,26,9,0.004127092
binSort,26,10,0.004122932
binSort,26,11,0.004127187
binSort,26,12,0.004152275
binSort,26,13,0.004137364
binSort,26,14,0.00412658
binSort,26,15,0.004143827
binSort,26,16,0.004205361
binSort,26,17,0.004147475
binSort,26,18,0.004192594
binSort,26,19,0.004126036
binSort,26,20,0.004206865
binSort,26,21,0.004163955
binSort,26,22,0.004174162
binSort,26,23,0.004151859
binSort,26,24,0.00417573
binSort,26,25,0.004170098
binSort,26,26,0.004139699
binSort,26,27,0.004173458
binSort,26,28,0.004192018
binSort,26,29,0.004171154
binSort,26,30,0.004161042
binSort,26,31,0.004152114
binSort,26,32,0.004161747
binSort,26,33,0.004170067
binSort,26,34,0.004205714
binSort,26,35,0.004159443
binSort,26,36,0.004152915
binSort,26,37,0.004150482
binSort,26,38,0.004182002
binSort,26,39,0.004152467
binComputeKeys,26,0,0.000383315
binComputeKeys,26,1,0.00040165
binComputeKeys,26,2,0.000384723
binComputeKeys,26,3,0.000396594
binComputeKeys,26,4,0.000420914
binComputeKeys,26,5,0.000393299
binComputeKeys,26,6,0.000418321
binComputeKeys,26,7,0.000384595
binComputeKeys,26,8,0.000413042
binComputeKeys,26,9,0.000404626
binComputeKeys,26,10,0.000423729
binComputeKeys,26,11,0.000394674
binComputeKeys,26,12,0.000385811
binComputeKeys,26,13,0.000408018
binComputeKeys,26,14,0.000397427
binComputeKeys,26,15,0.000393267
binComputeKeys,26,16,0.000406418
binComputeKeys,26,17,0.000401682
binComputeKeys,26,18,0.000394067
binComputeKeys,26,19,0.000389938
binComputeKeys,26,20,0.000402994
binComputeKeys,26,21,0.000403602
binComputeKeys,26,22,0.000416722
binComputeKeys,26,23,0.000401586
binComputeKeys,26,24,0.000392947
binComputeKeys,26,25,0.000405074
binComputeKeys,26,26,0.000403602
binComputeKeys,26,27,0.000387954
binComputeKeys,26,28,0.000402451
binComputeKeys,26,29,0.000402066
binComputeKeys,26,30,0.000403634
binComputeKeys,26,31,0.000393938
binComputeKeys,26,32,0.000401619
binComputeKeys,26,33,0.000384787
binComputeKeys,26,34,0.000397427
binComputeKeys,26,35,0.000382163
binComputeKeys,26,36,0.000389619
binComputeKeys,26,37,0.000390098
binComputeKeys,26,38,0.000390131
binComputeKeys,26,39,0.000409074
binSortByKey,26,0,0.003548584
binSortByKey,26,1,0.003551975
binSortByKey,26,2,0.003563687
binSortByKey,26,3,0.003591526
binSortByKey,26,4,0.003543976
binSortByKey,26,5,0.003533352
binSortByKey,26,6,0.003527689
binSortByKey,26,7,0.003553895
binSortByKey,26,8,0.003556519
binSortByKey,26,9,0.00353332
binSortByKey,26,10,0.003507753
binSortByKey,26,11,0.003532616
binSortByKey,26,12,0.003553831
binSortByKey,26,13,0.003522569
binSortByKey,26,14,0.003521545
binSortByKey,26,15,0.003546279
binSortByKey,26,16,0.003587974
binSortByKey,26,17,0.003538664
binSortByKey,26,18,0.003589606
binSortByKey,26,19,0.003532296
binSortByKey,26,20,0.003600038
binSortByKey,26,21,0.003562599
binSortByKey,26,22,0.003556295
binSortByKey,26,23,0.00355332
binSortByKey,26,24,0.003571846
binSortByKey,26,25,0.003563335
binSortByKey,26,26,0.003543848
binSortByKey,26,27,0.003572263
binSortByKey,26,28,0.003576166
binSortByKey,26,29,0.003561991
binSortByKey,26,30,0.003552327
binSortByKey,26,31,0.003556743
binSortByKey,26,32,0.003555655
binSortByKey,26,33,0.003567623
binSortByKey,26,34,0.00359959
binSortByKey,26,35,0.003566887
binSortByKey,26,36,0.003559015
binSortByKey,26,37,0.003556839
binSortByKey,26,38,0.003586598
binSortByKey,26,39,0.003542504
binComputeOffsets,26,0,0.00021612
binComputeOffsets,26,1,0.000202809
binComputeOffsets,26,2,0.000219257
binComputeOffsets,26,3,0.000201433
binComputeOffsets,26,4,0.000208633
binComputeOffsets,26,5,0.000204889
binComputeOffsets,26,6,0.000188089
binComputeOffsets,26,7,0.000210905
binComputeOffsets,26,8,0.000211769
binComputeOffsets,26,9,0.000187962
binComputeOffsets,26,10,0.000189594
binComputeOffsets,26,11,0.000197849
binComputeOffsets,26,12,0.000209337
binComputeOffsets,26,13,0.000204057
binComputeOffsets,26,14,0.000205145
binComputeOffsets,26,15,0.000202329
binComputeOffsets,26,16,0.000207001
binComputeOffsets,26,17,0.000204409
binComputeOffsets,26,18,0.000206073
binComputeOffsets,26,19,0.000200858
binComputeOffsets,26,20,0.000200825
binComputeOffsets,26,21,0.000195258
binComputeOffsets,26,22,0.000198233
binComputeOffsets,26,23,0.000195193
binComputeOffsets,26,24,0.000209273
binComputeOffsets,26,25,0.000200153
binComputeOffsets,26,26,0.000189625
binComputeOffsets,26,27,0.000211577
binComputeOffsets,26,28,0.000211513
binComputeOffsets,26,29,0.000201113
binComputeOffsets,26,30,0.000201753
binComputeOffsets,26,31,0.000199257
binComputeOffsets,26,32,0.000199929
binComputeOffsets,26,33,0.000215033
binComputeOffsets,26,34,0.000205689
binComputeOffsets,26,35,0.000209273
binComputeOffsets,26,36,0.000202809
binComputeOffsets,26,37,0.000202489
binComputeOffsets,26,38,0.000203353
binComputeOffsets,26,39,0.000198201
FFTNUFFT1,26,0,0.083955103
FFTNUFFT1,26,1,0.084890014
FFTNUFFT1,26,2,0.082095805
FFTNUFFT1,26,3,0.083917182
FFTNUFFT1,26,4,0.083172921
FFTNUFFT1,26,5,0.08465783
FFTNUFFT1,26,6,0.083966398
FFTNUFFT1,26,7,0.081842821
FFTNUFFT1,26,8,0.085593383
FFTNUFFT1,26,9,0.082932064
deconvolutionNUFFT1,26,0,0.000672393
deconvolutionNUFFT1,26,1,0.000845155
deconvolutionNUFFT1,26,2,0.00082794
deconvolutionNUFFT1,26,3,0.000831236
deconvolutionNUFFT1,26,4,0.000844323
deconvolutionNUFFT1,26,5,0.000653418
deconvolutionNUFFT1,26,6,0.000652906
deconvolutionNUFFT1,26,7,0.000839171
deconvolutionNUFFT1,26,8,0.000663081
deconvolutionNUFFT1,26,9,0.000946624
GatherPIFNUFFT,26,0,0.377992032
GatherPIFNUFFT,26,1,0.378763622
GatherPIFNUFFT,26,2,0.381644036
GatherPIFNUFFT,26,3,0.377649709
GatherPIFNUFFT,26,4,0.38170941
GatherPIFNUFFT,26,5,0.381540872
GatherPIFNUFFT,26,6,0.379928094
GatherPIFNUFFT,26,7,0.386737496
GatherPIFNUFFT,26,8,0.37860638
GatherPIFNUFFT,26,9,0.383590306
NativeNUFFT2,26,0,0.124167049
NativeNUFFT2,26,1,0.125986795
NativeNUFFT2,26,2,0.12519783
NativeNUFFT2,26,3,0.122359942
NativeNUFFT2,26,4,0.125621591
NativeNUFFT2,26,5,0.127214785
NativeNUFFT2,26,6,0.123843732
NativeNUFFT2,26,7,0.124866993
NativeNUFFT2,26,8,0.127274848
NativeNUFFT2,26,9,0.121116753
NativeNUFFT2,26,10,0.126473562
NativeNUFFT2,26,11,0.127506553
NativeNUFFT2,26,12,0.123025967
NativeNUFFT2,26,13,0.128915015
NativeNUFFT2,26,14,0.128082596
NativeNUFFT2,26,15,0.126090407
NativeNUFFT2,26,16,0.126069481
NativeNUFFT2,26,17,0.126391485
NativeNUFFT2,26,18,0.124862322
NativeNUFFT2,26,19,0.126588566
NativeNUFFT2,26,20,0.12595054
NativeNUFFT2,26,21,0.127052039
NativeNUFFT2,26,22,0.12708343
NativeNUFFT2,26,23,0.128560787
NativeNUFFT2,26,24,0.123101965
NativeNUFFT2,26,25,0.126455227
NativeNUFFT2,26,26,0.126474683
NativeNUFFT2,26,27,0.123619835
NativeNUFFT2,26,28,0.128823242
NativeNUFFT2,26,29,0.128717935
PrecorrectionNUFFT2,26,0,0.001604714
PrecorrectionNUFFT2,26,1,0.002555785
PrecorrectionNUFFT2,26,2,0.002559081
PrecorrectionNUFFT2,26,3,0.001607977
PrecorrectionNUFFT2,26,4,0.002565769
PrecorrectionNUFFT2,26,5,0.002545961
PrecorrectionNUFFT2,26,6,0.00160337
PrecorrectionNUFFT2,26,7,0.002550154
PrecorrectionNUFFT2,26,8,0.002538954
PrecorrectionNUFFT2,26,9,0.001587562
PrecorrectionNUFFT2,26,10,0.002565001
PrecorrectionNUFFT2,26,11,0.002551658
PrecorrectionNUFFT2,26,12,0.001584426
PrecorrectionNUFFT2,26,13,0.002543529
PrecorrectionNUFFT2,26,14,0.002559145
PrecorrectionNUFFT2,26,15,0.001605737
PrecorrectionNUFFT2,26,16,0.002545738
PrecorrectionNUFFT2,26,17,0.002550249
PrecorrectionNUFFT2,26,18,0.001606154
PrecorrectionNUFFT2,26,19,0.002551561
PrecorrectionNUFFT2,26,20,0.002537129
PrecorrectionNUFFT2,26,21,0.001591434
PrecorrectionNUFFT2,26,22,0.002560681
PrecorrectionNUFFT2,26,23,0.002536778
PrecorrectionNUFFT2,26,24,0.001601034
PrecorrectionNUFFT2,26,25,0.002559145
PrecorrectionNUFFT2,26,26,0.002550602
PrecorrectionNUFFT2,26,27,0.001601545
PrecorrectionNUFFT2,26,28,0.002550249
PrecorrectionNUFFT2,26,29,0.00255281
FFTNUFFT2,26,0,0.08317676
FFTNUFFT2,26,1,0.08194653
FFTNUFFT2,26,2,0.083745029
FFTNUFFT2,26,3,0.08108
FFTNUFFT2,26,4,0.084092922
FFTNUFFT2,26,5,0.083595306
FFTNUFFT2,26,6,0.083394001
FFTNUFFT2,26,7,0.08236418
FFTNUFFT2,26,8,0.085735105
FFTNUFFT2,26,9,0.079261406
FFTNUFFT2,26,10,0.085084311
FFTNUFFT2,26,11,0.085409548
FFTNUFFT2,26,12,0.081435091
FFTNUFFT2,26,13,0.087326443
FFTNUFFT2,26,14,0.085397901
FFTNUFFT2,26,15,0.085182868
FFTNUFFT2,26,16,0.084362448
FFTNUFFT2,26,17,0.084413294
FFTNUFFT2,26,18,0.083993789
FFTNUFFT2,26,19,0.084475148
FFTNUFFT2,26,20,0.08237474
FFTNUFFT2,26,21,0.086558021
FFTNUFFT2,26,22,0.085041177
FFTNUFFT2,26,23,0.086616484
FFTNUFFT2,26,24,0.081499953
FFTNUFFT2,26,25,0.084518763
FFTNUFFT2,26,26,0.083880321
FFTNUFFT2,26,27,0.081099871
FFTNUFFT2,26,28,0.086703328
FFTNUFFT2,26,29,0.086914298
GatherNUFFT2,26,0,0.008500512
GatherNUFFT2,26,1,0.010735955
GatherNUFFT2,26,2,0.008083309
GatherNUFFT2,26,3,0.008774454
GatherNUFFT2,26,4,0.008245896
GatherNUFFT2,26,5,0.010170567
GatherNUFFT2,26,6,0.008119532
GatherNUFFT2,26,7,0.009218663
GatherNUFFT2,26,8,0.008133612
GatherNUFFT2,26,9,0.009207847
GatherNUFFT2,26,10,0.007946451
GatherNUFFT2,26,11,0.008624475
GatherNUFFT2,26,12,0.009290053
GatherNUFFT2,26,13,0.008182218
GatherNUFFT2,26,14,0.009220103
GatherNUFFT2,26,15,0.008257961
GatherNUFFT2,26,16,0.008119852
GatherNUFFT2,26,17,0.008303591
GatherNUFFT2,26,18,0.008261192
GatherNUFFT2,26,19,0.008433059
GatherNUFFT2,26,20,0.010147912
GatherNUFFT2,26,21,0.008060718
GatherNUFFT2,26,22,0.00867049
GatherNUFFT2,26,23,0.008295046
GatherNUFFT2,26,24,0.008955153
GatherNUFFT2,26,25,0.008241833
GatherNUFFT2,26,26,0.008978223
GatherNUFFT2,26,27,0.009799668
GatherNUFFT2,26,28,0.008558109
GatherNUFFT2,26,29,0.008154539
mainTimer,27,0,7.178248412
dumpData,27,0,0.008841652
dumpData,27,1,0.006472804
dumpData,27,2,0.00672246
dumpData,27,3,0.006940628
dumpData,27,4,0.006565537
dumpData,27,5,0.007474499
dumpData,27,6,0.0063874
dumpData,27,7,0.006400422
dumpData,27,8,0.006418727
dumpData,27,9,0.006433798
kick,27,0,3.4271e-05
kick,27,1,5.151e-06
kick,27,2,2.9279e-05
kick,27,3,4.96e-06
kick,27,4,3.2959e-05
kick,27,5,6.016e-06
kick,27,6,3.5327e-05
kick,27,7,5.728e-06
kick,27,8,3.7023e-05
kick,27,9,5.727e-06
kick,27,10,3.4335e-05
kick,27,11,5.024e-06
kick,27,12,2.9087e-05
kick,27,13,6.08e-06
kick,27,14,3.2415e-05
kick,27,15,6.304e-06
kick,27,16,3.2127e-05
kick,27,17,6.783e-06
kick,27,18,3.1903e-05
kick,27,19,5.408e-06
drift,27,0,8.672e-06
drift,27,1,8.864e-06
drift,27,2,8.511e-06
drift,27,3,7.84e-06
drift,27,4,9.663e-06
drift,27,5,7.904e-06
drift,27,6,1.0592e-05
drift,27,7,9.792e-06
drift,27,8,9.92e-06
drift,27,9,7.904e-06
particleBC,27,0,1.2895e-05
particleBC,27,1,1.3088e-05
particleBC,27,2,1.28e-05
particleBC,27,3,1.2767e-05
particleBC,27,4,1.6192e-05
particleBC,27,5,1.3695e-05
particleBC,27,6,1.3152e-05
particleBC,27,7,1.2736e-05
particleBC,27,8,1.2479e-05
particleBC,27,9,1.4592e-05
updateParticle,27,0,0.008664634
updateParticle,27,1,0.136969334
updateParticle,27,2,0.120142354
updateParticle,27,3,0.116165401
updateParticle,27,4,0.008633435
updateParticle,27,5,0.154214317
updateParticle,27,6,0.008675289
updateParticle,27,7,0.008692441
updateParticle,27,8,0.008537182
updateParticle,27,9,0.00873564
locateParticles,27,0,0.003842846
locateParticles,27,1,0.003864413
locateParticles,27,2,0.003848701
locateParticles,27,3,0.003837726
locateParticles,27,4,0.003843997
locateParticles,27,5,0.003838142
locateParticles,27,6,0.003831421
locateParticles,27,7,0.003852093
locateParticles,27,8,0.003841662
locateParticles,27,9,0.003840414
sendPreprocess,27,0,0.000253656
sendPreprocess,27,1,0.000252567
sendPreprocess,27,2,0.00023212
sendPreprocess,27,3,0.000252439
sendPreprocess,27,4,0.000260375
sendPreprocess,27,5,0.000242711
sendPreprocess,27,6,0.000283735
sendPreprocess,27,7,0.000228984
sendPreprocess,27,8,0.000252471
sendPreprocess,27,9,0.000277142
particleSend,27,0,0.000839395
particleSend,27,1,0.000809701
particleSend,27,2,0.000777606
particleSend,27,3,0.00077015
particleSend,27,4,0.000849636
particleSend,27,5,0.000819813
particleSend,27,6,0.00082842
particleSend,27,7,0.000793285
particleSend,27,8,0.000795461
particleSend,27,9,0.000802021
particleRecv,27,0,2.9727e-05
particleRecv,27,1,2.9695e-05
particleRecv,27,2,3.2959e-05
particleRecv,27,3,3.9327e-05
particleRecv,27,4,3.0047e-05
particleRecv,27,5,3.0719e-05
particleRecv,27,6,2.9887e-05
particleRecv,27,7,3.4335e-05
particleRecv,27,8,3.2287e-05
particleRecv,27,9,3.1423e-05
particleDestroy,27,0,0.00284976
particleDestroy,27,1,0.002852607
particleDestroy,27,2,0.002868382
particleDestroy,27,3,0.002841439
particleDestroy,27,4,0.002865599
particleDestroy,27,5,0.002854176
particleDestroy,27,6,0.002864222
particleDestroy,27,7,0.002867455
particleDestroy,27,8,0.002860959
particleDestroy,27,9,0.00287859
ScatterPIFNUFFT,27,0,0.407221344
ScatterPIFNUFFT,27,1,1.3184e-05
ScatterPIFNUFFT,27,2,0.182871201
ScatterPIFNUFFT,27,3,1.136e-05
ScatterPIFNUFFT,27,4,0.210235551
ScatterPIFNUFFT,27,5,1.7951e-05
ScatterPIFNUFFT,27,6,0.228374999
ScatterPIFNUFFT,27,7,2.5151e-05
ScatterPIFNUFFT,27,8,0.487889069
ScatterPIFNUFFT,27,9,2.8671e-05
ScatterPIFNUFFT,27,10,0.182469005
ScatterPIFNUFFT,27,11,1.8752e-05
ScatterPIFNUFFT,27,12,0.18243387
ScatterPIFNUFFT,27,13,2.6559e-05
ScatterPIFNUFFT,27,14,0.287051758
ScatterPIFNUFFT,27,15,1.1775e-05
ScatterPIFNUFFT,27,16,0.29079144
ScatterPIFNUFFT,27,17,1.5295e-05
ScatterPIFNUFFT,27,18,0.181795588
ScatterPIFNUFFT,27,19,3.3023e-05
NativeNUFFT1,27,0,0.402657948
NativeNUFFT1,27,1,0.178452631
NativeNUFFT1,27,2,0.205611388
NativeNUFFT1,27,3,0.223954445
NativeNUFFT1,27,4,0.483523714
NativeNUFFT1,27,5,0.17814912
NativeNUFFT1,27,6,0.177902056
NativeNUFFT1,27,7,0.282537928
NativeNUFFT1,27,8,0.287273352
NativeNUFFT1,27,9,0.177302461
scatterTimerNUFFT1,27,0,0.320234313
scatterTimerNUFFT1,27,1,0.094097863
scatterTimerNUFFT1,27,2,0.121566242
scatterTimerNUFFT1,27,3,0.140490559
scatterTimerNUFFT1,27,4,0.401332648
scatterTimerNUFFT1,27,5,0.09409559
scatterTimerNUFFT1,27,6,0.094242272
scatterTimerNUFFT1,27,7,0.200771489
scatterTimerNUFFT1,27,8,0.20173168
scatterTimerNUFFT1,27,9,0.094244
binSort,27,0,0.004396715
binSort,27,1,0.004345804
binSort,27,2,0.004399339
binSort,27,3,0.004356716
binSort,27,4,0.004339149
binSort,27,5,0.004369548
binSort,27,6,0.004374764
binSort,27,7,0.004396138
binSort,27,8,0.004361036
binSort,27,9,0.004405227
binSort,27,10,0.004416042
binSort,27,11,0.004341389
binSort,27,12,0.004339244
binSort,27,13,0.004379404
binSort,27,14,0.004350668
binSort,27,15,0.004312109
binSort,27,16,0.004356236
binSort,27,17,0.004370123
binSort,27,18,0.004379116
binSort,27,19,0.004355436
binSort,27,20,0.004378604
binSort,27,21,0.004324525
binSort,27,22,0.004339981
binSort,27,23,0.004319022
binSort,27,24,0.004337005
binSort,27,25,0.004376683
binSort,27,26,0.004402923
binSort,27,27,0.004354988
binSort,27,28,0.004342412
binSort,27,29,0.004375467
binSort,27,30,0.004367852
binSort,27,31,0.004362476
binSort,27,32,0.004389034
binSort,27,33,0.004412618
binSort,27,34,0.004380875
binSort,27,35,0.004393514
binSort,27,36,0.004350957
binSort,27,37,0.004388362
binSort,27,38,0.004394059
binSort,27,39,0.004329005
binComputeKeys,27,0,0.00042661
binComputeKeys,27,1,0.000431057
binComputeKeys,27,2,0.000413714
binComputeKeys,27,3,0.000418866
binComputeKeys,27,4,0.000404498
binComputeKeys,27,5,0.000425426
binComputeKeys,27,6,0.00042677
binComputeKeys,27,7,0.000417041
binComputeKeys,27,8,0.000425457
binComputeKeys,27,9,0.000426962
binComputeKeys,27,10,0.000426513
binComputeKeys,27,11,0.000418546
binComputeKeys,27,12,0.00041269
binComputeKeys,27,13,0.000424786
binComputeKeys,27,14,0.000427121
binComputeKeys,27,15,0.000412594
binComputeKeys,27,16,0.000419282
binComputeKeys,27,17,0.000418642
binComputeKeys,27,18,0.000413874
binComputeKeys,27,19,0.000424594
binComputeKeys,27,20,0.000420914
binComputeKeys,27,21,0.000412018
binComputeKeys,27,22,0.000429266
binComputeKeys,27,23,0.000419282
binComputeKeys,27,24,0.000414546
binComputeKeys,27,25,0.000430545
binComputeKeys,27,26,0.000417202
binComputeKeys,27,27,0.000420401
binComputeKeys,27,28,0.000412562
binComputeKeys,27,29,0.000410738
binComputeKeys,27,30,0.000422162
binComputeKeys,27,31,0.000440593
binComputeKeys,27,32,0.00041173
binComputeKeys,27,33,0.000412946
binComputeKeys,27,34,0.000414834
binComputeKeys,27,35,0.00041557
binComputeKeys,27,36,0.00041925
binComputeKeys,27,37,0.000435409
binComputeKeys,27,38,0.000413906
binComputeKeys,27,39,0.000426673
binSortByKey,27,0,0.003753664
binSortByKey,27,1,0.003719106
binSortByKey,27,2,0.003771808
binSortByKey,27,3,0.003740641
binSortByKey,27,4,0.003730946
binSortByKey,27,5,0.003743393
binSortByKey,27,6,0.003740929
binSortByKey,27,7,0.003770336
binSortByKey,27,8,0.003733121
binSortByKey,27,9,0.003770048
binSortByKey,27,10,0.003780992
binSortByKey,27,11,0.003725505
binSortByKey,27,12,0.003724641
binSortByKey,27,13,0.003755296
binSortByKey,27,14,0.003727106
binSortByKey,27,15,0.003704034
binSortByKey,27,16,0.003730337
binSortByKey,27,17,0.003749376
binSortByKey,27,18,0.003761473
binSortByKey,27,19,0.003732609
binSortByKey,27,20,0.003754048
binSortByKey,27,21,0.00371661
binSortByKey,27,22,0.003715201
binSortByKey,27,23,0.003703843
binSortByKey,27,24,0.003718498
binSortByKey,27,25,0.003750497
binSortByKey,27,26,0.003780448
binSortByKey,27,27,0.003735394
binSortByKey,27,28,0.003727233
binSortByKey,27,29,0.003766112
binSortByKey,27,30,0.003744193
binSortByKey,27,31,0.003724769
binSortByKey,27,32,0.003759968
binSortByKey,27,33,0.003790112
binSortByKey,27,34,0.003759456
binSortByKey,27,35,0.00376864
binSortByKey,27,36,0.003727489
binSortByKey,27,37,0.003742368
binSortByKey,27,38,0.00376816
binSortByKey,27,39,0.003704962
binComputeOffsets,27,0,0.000212121
binComputeOffsets,27,1,0.000194617
binComputeOffsets,27,2,0.000211481
binComputeOffsets,27,3,0.000195162
binComputeOffsets,27,4,0.000202105
binComputeOffsets,27,5,0.000198649
binComputeOffsets,27,6,0.000204665
binComputeOffsets,27,7,0.000207225
binComputeOffsets,27,8,0.000200698
binComputeOffsets,27,9,0.000205369
binComputeOffsets,27,10,0.000205849
binComputeOffsets,27,11,0.000195226
binComputeOffsets,27,12,0.000201177
binComputeOffsets,27,13,0.000197338
binComputeOffsets,27,14,0.000194169
binComputeOffsets,27,15,0.000193689
binComputeOffsets,27,16,0.000201977
binComputeOffsets,27,17,0.000198905
binComputeOffsets,27,18,0.00020201
binComputeOffsets,27,19,0.000197017
binComputeOffsets,27,20,0.000201274
binComputeOffsets,27,21,0.000193529
binComputeOffsets,27,22,0.000193082
binComputeOffsets,27,23,0.000194617
binComputeOffsets,27,24,0.000202522
binComputeOffsets,27,25,0.000194393
binComputeOffsets,27,26,0.000203546
binComputeOffsets,27,27,0.000196953
binComputeOffsets,27,28,0.000200729
binComputeOffsets,27,29,0.000195097
binComputeOffsets,27,30,0.000197497
binComputeOffsets,27,31,0.000194522
binComputeOffsets,27,32,0.000213913
binComputeOffsets,27,33,0.000207385
binComputeOffsets,27,34,0.000203129
binComputeOffsets,27,35,0.000207513
binComputeOffsets,27,36,0.00020249
binComputeOffsets,27,37,0.000207353
binComputeOffsets,27,38,0.000209817
binComputeOffsets,27,39,0.000195706
FFTNUFFT1,27,0,0.081754825
FFTNUFFT1,27,1,0.083500589
FFTNUFFT1,27,2,0.083197463
FFTNUFFT1,27,3,0.082609355
FFTNUFFT1,27,4,0.081341719
FFTNUFFT1,27,5,0.083368562
FFTNUFFT1,27,6,0.082985567
FFTNUFFT1,27,7,0.080908932
FFTNUFFT1,27,8,0.084868351
FFTNUFFT1,27,9,0.082198074
deconvolutionNUFFT1,27,0,0.000667338
deconvolutionNUFFT1,27,1,0.000852099
deconvolutionNUFFT1,27,2,0.000844963
deconvolutionNUFFT1,27,3,0.000851747
deconvolutionNUFFT1,27,4,0.000846692
deconvolutionNUFFT1,27,5,0.00068308
deconvolutionNUFFT1,27,6,0.000671817
deconvolutionNUFFT1,27,7,0.000855843
deconvolutionNUFFT1,27,8,0.000670217
deconvolutionNUFFT1,27,9,0.000858435
GatherPIFNUFFT,27,0,0.382523398
GatherPIFNUFFT,27,1,0.381026969
GatherPIFNUFFT,27,2,0.381396909
GatherPIFNUFFT,27,3,0.381576551
GatherPIFNUFFT,27,4,0.388011788
GatherPIFNUFFT,27,5,0.382906137
GatherPIFNUFFT,27,6,0.383146737
GatherPIFNUFFT,27,7,0.386411555
GatherPIFNUFFT,27,8,0.380657286
GatherPIFNUFFT,27,9,0.385857173
NativeNUFFT2,27,0,0.126669427
NativeNUFFT2,27,1,0.126781841
NativeNUFFT2,27,2,0.125133736
NativeNUFFT2,27,3,0.125420383
NativeNUFFT2,27,4,0.124887792
NativeNUFFT2,27,5,0.12673877
NativeNUFFT2,27,6,0.125065035
NativeNUFFT2,27,7,0.12565295
NativeNUFFT2,27,8,0.127661778
NativeNUFFT2,27,9,0.123566301
NativeNUFFT2,27,10,0.12631264
NativeNUFFT2,27,11,0.12727328
NativeNUFFT2,27,12,0.127711313
NativeNUFFT2,27,13,0.129579601
NativeNUFFT2,27,14,0.127753167
NativeNUFFT2,27,15,0.128040165
NativeNUFFT2,27,16,0.126008746
NativeNUFFT2,27,17,0.126381118
NativeNUFFT2,27,18,0.127049095
NativeNUFFT2,27,19,0.126496154
NativeNUFFT2,27,20,0.126621589
NativeNUFFT2,27,21,0.128302364
NativeNUFFT2,27,22,0.127396763
NativeNUFFT2,27,23,0.128592755
NativeNUFFT2,27,24,0.126240674
NativeNUFFT2,27,25,0.125709013
NativeNUFFT2,27,26,0.125771442
NativeNUFFT2,27,27,0.125369984
NativeNUFFT2,27,28,0.129792586
NativeNUFFT2,27,29,0.127837004
PrecorrectionNUFFT2,27,0,0.001645256
PrecorrectionNUFFT2,27,1,0.002651718
PrecorrectionNUFFT2,27,2,0.002639654
PrecorrectionNUFFT2,27,3,0.001628841
PrecorrectionNUFFT2,27,4,0.002652389
PrecorrectionNUFFT2,27,5,0.002641478
PrecorrectionNUFFT2,27,6,0.001630409
PrecorrectionNUFFT2,27,7,0.002632838
PrecorrectionNUFFT2,27,8,0.00264919
PrecorrectionNUFFT2,27,9,0.001639208
PrecorrectionNUFFT2,27,10,0.002643943
PrecorrectionNUFFT2,27,11,0.002645895
PrecorrectionNUFFT2,27,12,0.001630601
PrecorrectionNUFFT2,27,13,0.002648902
PrecorrectionNUFFT2,27,14,0.002647974
PrecorrectionNUFFT2,27,15,0.001631208
PrecorrectionNUFFT2,27,16,0.00263943
PrecorrectionNUFFT2,27,17,0.002646502
PrecorrectionNUFFT2,27,18,0.00163796
PrecorrectionNUFFT2,27,19,0.002641286
PrecorrectionNUFFT2,27,20,0.002645702
PrecorrectionNUFFT2,27,21,0.001645736
PrecorrectionNUFFT2,27,22,0.002640134
PrecorrectionNUFFT2,27,23,0.002638086
PrecorrectionNUFFT2,27,24,0.001626792
PrecorrectionNUFFT2,27,25,0.002644102
PrecorrectionNUFFT2,27,26,0.00264407
PrecorrectionNUFFT2,27,27,0.001629448
PrecorrectionNUFFT2,27,28,0.002641702
PrecorrectionNUFFT2,27,29,0.002655685
FFTNUFFT2,27,0,0.084260532
FFTNUFFT2,27,1,0.081212507
FFTNUFFT2,27,2,0.081810695
FFTNUFFT2,27,3,0.08230431
FFTNUFFT2,27,4,0.079979141
FFTNUFFT2,27,5,0.081200124
FFTNUFFT2,27,6,0.082328629
FFTNUFFT2,27,7,0.080633647
FFTNUFFT2,27,8,0.083626953
FFTNUFFT2,27,9,0.08101357
FFTNUFFT2,27,10,0.082584459
FFTNUFFT2,27,11,0.083169848
FFTNUFFT2,27,12,0.085173364
FFTNUFFT2,27,13,0.085278289
FFTNUFFT2,27,14,0.084142295
FFTNUFFT2,27,15,0.085222739
FFTNUFFT2,27,16,0.082423538
FFTNUFFT2,27,17,0.082502671
FFTNUFFT2,27,18,0.084394767
FFTNUFFT2,27,19,0.081608238
FFTNUFFT2,27,20,0.082785413
FFTNUFFT2,27,21,0.085878364
FFTNUFFT2,27,22,0.083054685
FFTNUFFT2,27,23,0.08473546
FFTNUFFT2,27,24,0.082050751
FFTNUFFT2,27,25,0.081403605
FFTNUFFT2,27,26,0.081289433
FFTNUFFT2,27,27,0.082182778
FFTNUFFT2,27,28,0.085036217
FFTNUFFT2,27,29,0.084182423
GatherNUFFT2,27,0,0.008342469
GatherNUFFT2,27,1,0.010355936
GatherNUFFT2,27,2,0.008246984
GatherNUFFT2,27,3,0.008770518
GatherNUFFT2,27,4,0.009510109
GatherNUFFT2,27,5,0.010299874
GatherNUFFT2,27,6,0.0083641
GatherNUFFT2,27,7,0.009608633
GatherNUFFT2,27,8,0.008659353
GatherNUFFT2,27,9,0.008222921
GatherNUFFT2,27,10,0.008375524
GatherNUFFT2,27,11,0.008851156
GatherNUFFT2,27,12,0.008262792
GatherNUFFT2,27,13,0.009022893
GatherNUFFT2,27,14,0.008207305
GatherNUFFT2,27,15,0.008432483
GatherNUFFT2,27,16,0.008357764
GatherNUFFT2,27,17,0.008478529
GatherNUFFT2,27,18,0.008430274
GatherNUFFT2,27,19,0.009332324
GatherNUFFT2,27,20,0.008414275
GatherNUFFT2,27,21,0.008317669
GatherNUFFT2,27,22,0.009031085
GatherNUFFT2,27,23,0.008508959
GatherNUFFT2,27,24,0.009915152
GatherNUFFT2,27,25,0.008939089
GatherNUFFT2,27,26,0.008898162
GatherNUFFT2,27,27,0.008818229
GatherNUFFT2,27,28,0.009399105
GatherNUFFT2,27,29,0.008268072
mainTimer,28,0,7.178255844
dumpData,28,0,0.012271673
dumpData,28,1,0.010348434
dumpData,28,2,0.010365329
dumpData,28,3,0.011189785
dumpData,28,4,0.010227413
dumpData,28,5,0.011607021
dumpData,28,6,0.010389456
dumpData,28,7,0.010706055
dumpData,28,8,0.010550155
dumpData,28,9,0.010759301
kick,28,0,3.2735e-05
kick,28,1,1.0304e-05
kick,28,2,3.7599e-05
kick,28,3,9.984e-06
kick,28,4,3.4079e-05
kick,28,5,7.936e-06
kick,28,6,3.3727e-05
kick,28,7,9.472e-06
kick,28,8,3.3887e-05
kick,28,9,8.064e-06
kick,28,10,3.0879e-05
kick,28,11,8.127e-06
kick,28,12,3.6991e-05
kick,28,13,6.72e-06
kick,28,14,3.5391e-05
kick,28,15,1.0144e-05
kick,28,16,3.1903e-05
kick,28,17,9.984e-06
kick,28,18,3.5423e-05
kick,28,19,9.6e-06
drift,28,0,7.52e-06
drift,28,1,7.136e-06
drift,28,2,9.024e-06
drift,28,3,6.752e-06
drift,28,4,7.072e-06
drift,28,5,8.032e-06
drift,28,6,8.096e-06
drift,28,7,8.256e-06
drift,28,8,9.343e-06
drift,28,9,8.672e-06
particleBC,28,0,1.0047e-05
particleBC,28,1,1.3087e-05
particleBC,28,2,1.1168e-05
particleBC,28,3,1.2095e-05
particleBC,28,4,1.0879e-05
particleBC,28,5,1.0624e-05
particleBC,28,6,1.1423e-05
particleBC,28,7,1.2511e-05
particleBC,28,8,1.0304e-05
particleBC,28,9,1.2256e-05
updateParticle,28,0,0.008794975
updateParticle,28,1,0.008880732
updateParticle,28,2,0.008771872
updateParticle,28,3,0.116707949
updateParticle,28,4,0.008725858
updateParticle,28,5,0.008643171
updateParticle,28,6,0.008888701
updateParticle,28,7,0.008646308
updateParticle,28,8,0.008760159
updateParticle,28,9,0.008703106
locateParticles,28,0,0.003571896
locateParticles,28,1,0.003543705
locateParticles,28,2,0.003559352
locateParticles,28,3,0.003586455
locateParticles,28,4,0.003558393
locateParticles,28,5,0.003549048
locateParticles,28,6,0.003553241
locateParticles,28,7,0.003568152
locateParticles,28,8,0.003558808
locateParticles,28,9,0.003550008
sendPreprocess,28,0,0.000530544
sendPreprocess,28,1,0.000555696
sendPreprocess,28,2,0.000512529
sendPreprocess,28,3,0.000500722
sendPreprocess,28,4,0.000552912
sendPreprocess,28,5,0.000528848
sendPreprocess,28,6,0.000552303
sendPreprocess,28,7,0.000509649
sendPreprocess,28,8,0.000528816
sendPreprocess,28,9,0.000556624
particleSend,28,0,0.000779402
particleSend,28,1,0.000853063
particleSend,28,2,0.000784329
particleSend,28,3,0.00082212
particleSend,28,4,0.000756266
particleSend,28,5,0.000780458
particleSend,28,6,0.000834792
particleSend,28,7,0.000841447
particleSend,28,8,0.000841991
particleSend,28,9,0.000772393
particleRecv,28,0,3.2831e-05
particleRecv,28,1,2.5983e-05
particleRecv,28,2,3.1807e-05
particleRecv,28,3,2.5823e-05
particleRecv,28,4,3.4783e-05
particleRecv,28,5,2.5119e-05
particleRecv,28,6,2.6655e-05
particleRecv,28,7,2.5952e-05
particleRecv,28,8,3.2543e-05
particleRecv,28,9,3.1775e-05
particleDestroy,28,0,0.002656306
particleDestroy,28,1,0.002639155
particleDestroy,28,2,0.00265669
particleDestroy,28,3,0.002645651
particleDestroy,28,4,0.002673906
particleDestroy,28,5,0.002675666
particleDestroy,28,6,0.002636979
particleDestroy,28,7,0.002642354
particleDestroy,28,8,0.002662098
particleDestroy,28,9,0.002664466
ScatterPIFNUFFT,28,0,0.409138153
ScatterPIFNUFFT,28,1,4.3071e-05
ScatterPIFNUFFT,28,2,0.309973563
ScatterPIFNUFFT,28,3,2.8127e-05
ScatterPIFNUFFT,28,4,0.320408491
ScatterPIFNUFFT,28,5,2.4863e-05
ScatterPIFNUFFT,28,6,0.225904341
ScatterPIFNUFFT,28,7,2.9695e-05
ScatterPIFNUFFT,28,8,0.488106117
ScatterPIFNUFFT,28,9,2.7071e-05
ScatterPIFNUFFT,28,10,0.328086346
ScatterPIFNUFFT,28,11,3.0943e-05
ScatterPIFNUFFT,28,12,0.180367815
ScatterPIFNUFFT,28,13,2.864e-05
ScatterPIFNUFFT,28,14,0.287956223
ScatterPIFNUFFT,28,15,3.1935e-05
ScatterPIFNUFFT,28,16,0.287508845
ScatterPIFNUFFT,28,17,3.4399e-05
ScatterPIFNUFFT,28,18,0.18127435
ScatterPIFNUFFT,28,19,2.4863e-05
NativeNUFFT1,28,0,0.404548655
NativeNUFFT1,28,1,0.306405956
NativeNUFFT1,28,2,0.315966604
NativeNUFFT1,28,3,0.22341891
NativeNUFFT1,28,4,0.484676073
NativeNUFFT1,28,5,0.323633132
NativeNUFFT1,28,6,0.176914668
NativeNUFFT1,28,7,0.283529888
NativeNUFFT1,28,8,0.284030578
NativeNUFFT1,28,9,0.176783921
scatterTimerNUFFT1,28,0,0.319656865
scatterTimerNUFFT1,28,1,0.222047302
scatterTimerNUFFT1,28,2,0.231028446
scatterTimerNUFFT1,28,3,0.14018579
scatterTimerNUFFT1,28,4,0.400223053
scatterTimerNUFFT1,28,5,0.238635264
scatterTimerNUFFT1,28,6,0.09433065
scatterTimerNUFFT1,28,7,0.200338688
scatterTimerNUFFT1,28,8,0.199676691
scatterTimerNUFFT1,28,9,0.093226971
binSort,28,0,0.00399086
binSort,28,1,0.003995916
binSort,28,2,0.003989068
binSort,28,3,0.003951628
binSort,28,4,0.003974604
binSort,28,5,0.00389947
binSort,28,6,0.003927661
binSort,28,7,0.003909709
binSort,28,8,0.004007243
binSort,28,9,0.003896718
binSort,28,10,0.003946124
binSort,28,11,0.003926957
binSort,28,12,0.003966988
binSort,28,13,0.003942189
binSort,28,14,0.003915501
binSort,28,15,0.003967884
binSort,28,16,0.003987371
binSort,28,17,0.003916973
binSort,28,18,0.003972716
binSort,28,19,0.003947661
binSort,28,20,0.004000203
binSort,28,21,0.003942477
binSort,28,22,0.003870159
binSort,28,23,0.003885838
binSort,28,24,0.003953612
binSort,28,25,0.003923885
binSort,28,26,0.003911918
binSort,28,27,0.003955469
binSort,28,28,0.003990187
binSort,28,29,0.003979436
binSort,28,30,0.003969964
binSort,28,31,0.003860144
binSort,28,32,0.003989611
binSort,28,33,0.004008427
binSort,28,34,0.003954636
binSort,28,35,0.003998347
binSort,28,36,0.004017034
binSort,28,37,0.003972748
binSort,28,38,0.003951948
binSort,28,39,0.003946828
binComputeKeys,28,0,0.000379253
binComputeKeys,28,1,0.000376693
binComputeKeys,28,2,0.000385365
binComputeKeys,28,3,0.000383189
binComputeKeys,28,4,0.000372533
binComputeKeys,28,5,0.000366645
binComputeKeys,28,6,0.000387124
binComputeKeys,28,7,0.000370933
binComputeKeys,28,8,0.000384213
binComputeKeys,28,9,0.000379925
binComputeKeys,28,10,0.000371477
binComputeKeys,28,11,0.000376629
binComputeKeys,28,12,0.000371349
binComputeKeys,28,13,0.000377237
binComputeKeys,28,14,0.000363573
binComputeKeys,28,15,0.000389076
binComputeKeys,28,16,0.000375861
binComputeKeys,28,17,0.000364053
binComputeKeys,28,18,0.000386101
binComputeKeys,28,19,0.000379893
binComputeKeys,28,20,0.000387668
binComputeKeys,28,21,0.000403028
binComputeKeys,28,22,0.000380053
binComputeKeys,28,23,0.000382069
binComputeKeys,28,24,0.000363861
binComputeKeys,28,25,0.000381429
binComputeKeys,28,26,0.000366102
binComputeKeys,28,27,0.000373109
binComputeKeys,28,28,0.000382261
binComputeKeys,28,29,0.000386069
binComputeKeys,28,30,0.000377365
binComputeKeys,28,31,0.00037039
binComputeKeys,28,32,0.000374677
binComputeKeys,28,33,0.000386421
binComputeKeys,28,34,0.000374197
binComputeKeys,28,35,0.000389365
binComputeKeys,28,36,0.000380917
binComputeKeys,28,37,0.000379509
binComputeKeys,28,38,0.000367669
binComputeKeys,28,39,0.000367125
binSortByKey,28,0,0.003406749
binSortByKey,28,1,0.003407741
binSortByKey,28,2,0.003403068
binSortByKey,28,3,0.003368957
binSortByKey,28,4,0.003389085
binSortByKey,28,5,0.003354718
binSortByKey,28,6,0.003341215
binSortByKey,28,7,0.00334643
binSortByKey,28,8,0.003416476
binSortByKey,28,9,0.003333727
binSortByKey,28,10,0.003377405
binSortByKey,28,11,0.003359677
binSortByKey,28,12,0.003384765
binSortByKey,28,13,0.00336563
binSortByKey,28,14,0.003347774
binSortByKey,28,15,0.003378398
binSortByKey,28,16,0.003401308
binSortByKey,28,17,0.003347902
binSortByKey,28,18,0.003386013
binSortByKey,28,19,0.003367934
binSortByKey,28,20,0.003404509
binSortByKey,28,21,0.003351262
binSortByKey,28,22,0.00331152
binSortByKey,28,23,0.00332323
binSortByKey,28,24,0.003379198
binSortByKey,28,25,0.00334915
binSortByKey,28,26,0.00335075
binSortByKey,28,27,0.003382813
binSortByKey,28,28,0.003402652
binSortByKey,28,29,0.003387581
binSortByKey,28,30,0.003393917
binSortByKey,28,31,0.003308544
binSortByKey,28,32,0.003406076
binSortByKey,28,33,0.003414556
binSortByKey,28,34,0.003379677
binSortByKey,28,35,0.003410012
binSortByKey,28,36,0.003428059
binSortByKey,28,37,0.003389053
binSortByKey,28,38,0.003384893
binSortByKey,28,39,0.003376349
binComputeOffsets,28,0,0.000201595
binComputeOffsets,28,1,0.000207066
binComputeOffsets,28,2,0.000197435
binComputeOffsets,28,3,0.00019529
binComputeOffsets,28,4,0.000207738
binComputeOffsets,28,5,0.000177147
binComputeOffsets,28,6,0.000195162
binComputeOffsets,28,7,0.000190298
binComputeOffsets,28,8,0.000202362
binComputeOffsets,28,9,0.000179898
binComputeOffsets,28,10,0.000193786
binComputeOffsets,28,11,0.000188731
binComputeOffsets,28,12,0.000207738
binComputeOffsets,28,13,0.000196698
binComputeOffsets,28,14,0.000200698
binComputeOffsets,28,15,0.000196698
binComputeOffsets,28,16,0.000205018
binComputeOffsets,28,17,0.000203098
binComputeOffsets,28,18,0.00019625
binComputeOffsets,28,19,0.000196218
binComputeOffsets,28,20,0.000202554
binComputeOffsets,28,21,0.000186683
binComputeOffsets,28,22,0.000176027
binComputeOffsets,28,23,0.000178779
binComputeOffsets,28,24,0.000204698
binComputeOffsets,28,25,0.000190011
binComputeOffsets,28,26,0.00019305
binComputeOffsets,28,27,0.000196539
binComputeOffsets,28,28,0.000199034
binComputeOffsets,28,29,0.00020089
binComputeOffsets,28,30,0.000195386
binComputeOffsets,28,31,0.000179483
binComputeOffsets,28,32,0.000203482
binComputeOffsets,28,33,0.000202074
binComputeOffsets,28,34,0.00019673
binComputeOffsets,28,35,0.00019481
binComputeOffsets,28,36,0.000203418
binComputeOffsets,28,37,0.000199386
binComputeOffsets,28,38,0.000194715
binComputeOffsets,28,39,0.000200122
FFTNUFFT1,28,0,0.084051655
FFTNUFFT1,28,1,0.083682802
FFTNUFFT1,28,2,0.08427613
FFTNUFFT1,28,3,0.082547956
FFTNUFFT1,28,4,0.083627604
FFTNUFFT1,28,5,0.084173316
FFTNUFFT1,28,6,0.081773193
FFTNUFFT1,28,7,0.082534547
FFTNUFFT1,28,8,0.083677043
FFTNUFFT1,28,9,0.082883306
deconvolutionNUFFT1,28,0,0.000838631
deconvolutionNUFFT1,28,1,0.00067326
deconvolutionNUFFT1,28,2,0.000659628
deconvolutionNUFFT1,28,3,0.000681644
deconvolutionNUFFT1,28,4,0.000821544
deconvolutionNUFFT1,28,5,0.000822568
deconvolutionNUFFT1,28,6,0.000808329
deconvolutionNUFFT1,28,7,0.000653293
deconvolutionNUFFT1,28,8,0.00067166
deconvolutionNUFFT1,28,9,0.00067118
GatherPIFNUFFT,28,0,0.376393351
GatherPIFNUFFT,28,1,0.380085242
GatherPIFNUFFT,28,2,0.379211444
GatherPIFNUFFT,28,3,0.380434575
GatherPIFNUFFT,28,4,0.384665108
GatherPIFNUFFT,28,5,0.380562156
GatherPIFNUFFT,28,6,0.381962916
GatherPIFNUFFT,28,7,0.383883212
GatherPIFNUFFT,28,8,0.381132891
GatherPIFNUFFT,28,9,0.383395897
NativeNUFFT2,28,0,0.120312291
NativeNUFFT2,28,1,0.127184089
NativeNUFFT2,28,2,0.125498828
NativeNUFFT2,28,3,0.122126031
NativeNUFFT2,28,4,0.124980251
NativeNUFFT2,28,5,0.127105053
NativeNUFFT2,28,6,0.122541634
NativeNUFFT2,28,7,0.125247924
NativeNUFFT2,28,8,0.127790472
NativeNUFFT2,28,9,0.121134955
NativeNUFFT2,28,10,0.126009437
NativeNUFFT2,28,11,0.127066685
NativeNUFFT2,28,12,0.122169229
NativeNUFFT2,28,13,0.129329116
NativeNUFFT2,28,14,0.127881893
NativeNUFFT2,28,15,0.122978038
NativeNUFFT2,28,16,0.12636789
NativeNUFFT2,28,17,0.126180887
NativeNUFFT2,28,18,0.126393362
NativeNUFFT2,28,19,0.125703365
NativeNUFFT2,28,20,0.126865188
NativeNUFFT2,28,21,0.12538411
NativeNUFFT2,28,22,0.127235001
NativeNUFFT2,28,23,0.127620175
NativeNUFFT2,28,24,0.12443809
NativeNUFFT2,28,25,0.125640968
NativeNUFFT2,28,26,0.125649543
NativeNUFFT2,28,27,0.122420613
NativeNUFFT2,28,28,0.129861229
NativeNUFFT2,28,29,0.127483377
PrecorrectionNUFFT2,28,0,0.001607185
PrecorrectionNUFFT2,28,1,0.002485879
PrecorrectionNUFFT2,28,2,0.002497815
PrecorrectionNUFFT2,28,3,0.001614929
PrecorrectionNUFFT2,28,4,0.002485111
PrecorrectionNUFFT2,28,5,0.002492151
PrecorrectionNUFFT2,28,6,0.001557779
PrecorrectionNUFFT2,28,7,0.002500087
PrecorrectionNUFFT2,28,8,0.002500247
PrecorrectionNUFFT2,28,9,0.001590162
PrecorrectionNUFFT2,28,10,0.002502487
PrecorrectionNUFFT2,28,11,0.002491063
PrecorrectionNUFFT2,28,12,0.001596657
PrecorrectionNUFFT2,28,13,0.002486039
PrecorrectionNUFFT2,28,14,0.002486167
PrecorrectionNUFFT2,28,15,0.001596466
PrecorrectionNUFFT2,28,16,0.002497687
PrecorrectionNUFFT2,28,17,0.002489911
PrecorrectionNUFFT2,28,18,0.001584114
PrecorrectionNUFFT2,28,19,0.002492215
PrecorrectionNUFFT2,28,20,0.002494838
PrecorrectionNUFFT2,28,21,0.001575345
PrecorrectionNUFFT2,28,22,0.002478039
PrecorrectionNUFFT2,28,23,0.002473144
PrecorrectionNUFFT2,28,24,0.001600657
PrecorrectionNUFFT2,28,25,0.00248124
PrecorrectionNUFFT2,28,26,0.002503479
PrecorrectionNUFFT2,28,27,0.001556019
PrecorrectionNUFFT2,28,28,0.002502263
PrecorrectionNUFFT2,28,29,0.00248796
FFTNUFFT2,28,0,0.081403604
FFTNUFFT2,28,1,0.086582525
FFTNUFFT2,28,2,0.085886034
FFTNUFFT2,28,3,0.083410395
FFTNUFFT2,28,4,0.085234052
FFTNUFFT2,28,5,0.085360225
FFTNUFFT2,28,6,0.083928427
FFTNUFFT2,28,7,0.08469458
FFTNUFFT2,28,8,0.087716699
FFTNUFFT2,28,9,0.080528591
FFTNUFFT2,28,10,0.083994473
FFTNUFFT2,28,11,0.08742522
FFTNUFFT2,28,12,0.082102113
FFTNUFFT2,28,13,0.089442313
FFTNUFFT2,28,14,0.08688674
FFTNUFFT2,28,15,0.083306846
FFTNUFFT2,28,16,0.08678319
FFTNUFFT2,28,17,0.086414946
FFTNUFFT2,28,18,0.087320648
FFTNUFFT2,28,19,0.084929325
FFTNUFFT2,28,20,0.084101254
FFTNUFFT2,28,21,0.086555102
FFTNUFFT2,28,22,0.087446789
FFTNUFFT2,28,23,0.087242761
FFTNUFFT2,28,24,0.084349662
FFTNUFFT2,28,25,0.085374306
FFTNUFFT2,28,26,0.085261028
FFTNUFFT2,28,27,0.082872234
FFTNUFFT2,28,28,0.090107702
FFTNUFFT2,28,29,0.08712734
GatherNUFFT2,28,0,0.007984983
GatherNUFFT2,28,1,0.008640035
GatherNUFFT2,28,2,0.007820283
GatherNUFFT2,28,3,0.007894073
GatherNUFFT2,28,4,0.007948312
GatherNUFFT2,28,5,0.010024699
GatherNUFFT2,28,6,0.007816348
GatherNUFFT2,28,7,0.008581189
GatherNUFFT2,28,8,0.008231888
GatherNUFFT2,28,9,0.009626503
GatherNUFFT2,28,10,0.010113368
GatherNUFFT2,28,11,0.007757182
GatherNUFFT2,28,12,0.009071991
GatherNUFFT2,28,13,0.007937784
GatherNUFFT2,28,14,0.009023096
GatherNUFFT2,28,15,0.008818494
GatherNUFFT2,28,16,0.007775933
GatherNUFFT2,28,17,0.008016758
GatherNUFFT2,28,18,0.00811941
GatherNUFFT2,28,19,0.008853405
GatherNUFFT2,28,20,0.010910208
GatherNUFFT2,28,21,0.00785529
GatherNUFFT2,28,22,0.00787785
GatherNUFFT2,28,23,0.008671747
GatherNUFFT2,28,24,0.009097302
GatherNUFFT2,28,25,0.008439593
GatherNUFFT2,28,26,0.008368139
GatherNUFFT2,28,27,0.008512935
GatherNUFFT2,28,28,0.007777437
GatherNUFFT2,28,29,0.008620772
mainTimer,29,0,7.178253924
dumpData,29,0,0.010171031
dumpData,29,1,0.00830491
dumpData,29,2,0.008467081
dumpData,29,3,0.008571301
dumpData,29,4,0.008416362
dumpData,29,5,0.009445292
dumpData,29,6,0.008606532
dumpData,29,7,0.008759968
dumpData,29,8,0.008021846
dumpData,29,9,0.00869197
kick,29,0,3.1903e-05
kick,29,1,9.151e-06
kick,29,2,3.8303e-05
kick,29,3,8.415e-06
kick,29,4,3.5487e-05
kick,29,5,1.0975e-05
kick,29,6,3.5615e-05
kick,29,7,1.1232e-05
kick,29,8,3.4975e-05
kick,29,9,8.415e-06
kick,29,10,3.1359e-05
kick,29,11,1.4367e-05
kick,29,12,3.7951e-05
kick,29,13,8.544e-06
kick,29,14,3.5519e-05
kick,29,15,7.648e-06
kick,29,16,3.3087e-05
kick,29,17,7.935e-06
kick,29,18,3.5807e-05
kick,29,19,1.1519e-05
drift,29,0,7.616e-06
drift,29,1,8.16e-06
drift,29,2,7.904e-06
drift,29,3,7.616e-06
drift,29,4,6.496e-06
drift,29,5,7.168e-06
drift,29,6,8.96e-06
drift,29,7,7.872e-06
drift,29,8,7.615e-06
drift,29,9,1.008e-05
particleBC,29,0,1.2383e-05
particleBC,29,1,1.2959e-05
particleBC,29,2,1.1232e-05
particleBC,29,3,1.1103e-05
particleBC,29,4,1.2703e-05
particleBC,29,5,1.088e-05
particleBC,29,6,1.0047e-05
particleBC,29,7,1.3055e-05
particleBC,29,8,1.056e-05
particleBC,29,9,1.0784e-05
updateParticle,29,0,0.008738337
updateParticle,29,1,0.008941882
updateParticle,29,2,0.008896156
updateParticle,29,3,0.116746444
updateParticle,29,4,0.008785696
updateParticle,29,5,0.008743072
updateParticle,29,6,0.008853182
updateParticle,29,7,0.008693858
updateParticle,29,8,0.008725376
updateParticle,29,9,0.008804383
locateParticles,29,0,0.003730451
locateParticles,29,1,0.003733427
locateParticles,29,2,0.003730259
locateParticles,29,3,0.003732083
locateParticles,29,4,0.00372498
locateParticles,29,5,0.003732083
locateParticles,29,6,0.003736883
locateParticles,29,7,0.003740019
locateParticles,29,8,0.003739314
locateParticles,29,9,0.003739634
sendPreprocess,29,0,0.000370549
sendPreprocess,29,1,0.000366581
sendPreprocess,29,2,0.00034495
sendPreprocess,29,3,0.000357366
sendPreprocess,29,4,0.0003877
sendPreprocess,29,5,0.000347541
sendPreprocess,29,6,0.000370581
sendPreprocess,29,7,0.000339638
sendPreprocess,29,8,0.000350902
sendPreprocess,29,9,0.000369718
particleSend,29,0,0.000813385
particleSend,29,1,0.000851975
particleSend,29,2,0.000840839
particleSend,29,3,0.00081156
particleSend,29,4,0.000808009
particleSend,29,5,0.000799049
particleSend,29,6,0.000802217
particleSend,29,7,0.000792265
particleSend,29,8,0.000811656
particleSend,29,9,0.000869318
particleRecv,29,0,2.9407e-05
particleRecv,29,1,2.9759e-05
particleRecv,29,2,3.5551e-05
particleRecv,29,3,2.8703e-05
particleRecv,29,4,3.3759e-05
particleRecv,29,5,3.1679e-05
particleRecv,29,6,3.2703e-05
particleRecv,29,7,3.4527e-05
particleRecv,29,8,3.6575e-05
particleRecv,29,9,2.7167e-05
particleDestroy,29,0,0.002874604
particleDestroy,29,1,0.0028571
particleDestroy,29,2,0.002892332
particleDestroy,29,3,0.002887756
particleDestroy,29,4,0.002893675
particleDestroy,29,5,0.002870956
particleDestroy,29,6,0.002897899
particleDestroy,29,7,0.002897387
particleDestroy,29,8,0.002899915
particleDestroy,29,9,0.002871917
ScatterPIFNUFFT,29,0,0.409172327
ScatterPIFNUFFT,29,1,3.9487e-05
ScatterPIFNUFFT,29,2,0.309984795
ScatterPIFNUFFT,29,3,2.1215e-05
ScatterPIFNUFFT,29,4,0.320941883
ScatterPIFNUFFT,29,5,3.1743e-05
ScatterPIFNUFFT,29,6,0.226381063
ScatterPIFNUFFT,29,7,2.5087e-05
ScatterPIFNUFFT,29,8,0.489307874
ScatterPIFNUFFT,29,9,2.7519e-05
ScatterPIFNUFFT,29,10,0.328064618
ScatterPIFNUFFT,29,11,2.8768e-05
ScatterPIFNUFFT,29,12,0.181144944
ScatterPIFNUFFT,29,13,3.5295e-05
ScatterPIFNUFFT,29,14,0.289021087
ScatterPIFNUFFT,29,15,2.2815e-05
ScatterPIFNUFFT,29,16,0.287841027
ScatterPIFNUFFT,29,17,2.8575e-05
ScatterPIFNUFFT,29,18,0.18133886
ScatterPIFNUFFT,29,19,2.5535e-05
NativeNUFFT1,29,0,0.406567796
NativeNUFFT1,29,1,0.306454722
NativeNUFFT1,29,2,0.316512988
NativeNUFFT1,29,3,0.221798573
NativeNUFFT1,29,4,0.485882278
NativeNUFFT1,29,5,0.323637643
NativeNUFFT1,29,6,0.177666071
NativeNUFFT1,29,7,0.284610016
NativeNUFFT1,29,8,0.2842547
NativeNUFFT1,29,9,0.176922925
scatterTimerNUFFT1,29,0,0.322218678
scatterTimerNUFFT1,29,1,0.22256271
scatterTimerNUFFT1,29,2,0.231422418
scatterTimerNUFFT1,29,3,0.138857669
scatterTimerNUFFT1,29,4,0.401300301
scatterTimerNUFFT1,29,5,0.239027284
scatterTimerNUFFT1,29,6,0.09476347
scatterTimerNUFFT1,29,7,0.201149032
scatterTimerNUFFT1,29,8,0.200490556
scatterTimerNUFFT1,29,9,0.093566353
binSort,29,0,0.004168007
binSort,29,1,0.004209733
binSort,29,2,0.004192102
binSort,29,3,0.004121032
binSort,29,4,0.004139879
binSort,29,5,0.004101832
binSort,29,6,0.004133895
binSort,29,7,0.00417815
binSort,29,8,0.004165446
binSort,29,9,0.00411028
binSort,29,10,0.004130439
binSort,29,11,0.004181734
binSort,29,12,0.004211557
binSort,29,13,0.004184646
binSort,29,14,0.004142534
binSort,29,15,0.004236676
binSort,29,16,0.004212901
binSort,29,17,0.004171398
binSort,29,18,0.0042457
binSort,29,19,0.004194246
binSort,29,20,0.004166982
binSort,29,21,0.004128935
binSort,29,22,0.004184582
binSort,29,23,0.004102184
binSort,29,24,0.004152455
binSort,29,25,0.004206212
binSort,29,26,0.004186374
binSort,29,27,0.004145639
binSort,29,28,0.004190469
binSort,29,29,0.004168326
binSort,29,30,0.004187046
binSort,29,31,0.004143815
binSort,29,32,0.004194373
binSort,29,33,0.004197574
binSort,29,34,0.004184838
binSort,29,35,0.004201701
binSort,29,36,0.004200197
binSort,29,37,0.004194853
binSort,29,38,0.004151559
binSort,29,39,0.004171142
binComputeKeys,29,0,0.000389397
binComputeKeys,29,1,0.000403156
binComputeKeys,29,2,0.000384053
binComputeKeys,29,3,0.000403733
binComputeKeys,29,4,0.000384373
binComputeKeys,29,5,0.000391252
binComputeKeys,29,6,0.000407348
binComputeKeys,29,7,0.000409652
binComputeKeys,29,8,0.000397844
binComputeKeys,29,9,0.000396404
binComputeKeys,29,10,0.000413651
binComputeKeys,29,11,0.000408276
binComputeKeys,29,12,0.000401332
binComputeKeys,29,13,0.000402004
binComputeKeys,29,14,0.000393908
binComputeKeys,29,15,0.000420116
binComputeKeys,29,16,0.00039794
binComputeKeys,29,17,0.000409268
binComputeKeys,29,18,0.000417268
binComputeKeys,29,19,0.0004133
binComputeKeys,29,20,0.000395476
binComputeKeys,29,21,0.000422323
binComputeKeys,29,22,0.000407124
binComputeKeys,29,23,0.000407156
binComputeKeys,29,24,0.000383029
binComputeKeys,29,25,0.000385556
binComputeKeys,29,26,0.000400564
binComputeKeys,29,27,0.00040306
binComputeKeys,29,28,0.000405204
binComputeKeys,29,29,0.000406484
binComputeKeys,29,30,0.000411188
binComputeKeys,29,31,0.000394996
binComputeKeys,29,32,0.000391924
binComputeKeys,29,33,0.000402836
binComputeKeys,29,34,0.000411348
binComputeKeys,29,35,0.000408276
binComputeKeys,29,36,0.000405332
binComputeKeys,29,37,0.000423379
binComputeKeys,29,38,0.000396085
binComputeKeys,29,39,0.00040626
binSortByKey,29,0,0.003566136
binSortByKey,29,1,0.003597111
binSortByKey,29,2,0.003596407
binSortByKey,29,3,0.003519961
binSortByKey,29,4,0.00354156
binSortByKey,29,5,0.003522362
binSortByKey,29,6,0.003534648
binSortByKey,29,7,0.003564536
binSortByKey,29,8,0.003559576
binSortByKey,29,9,0.003523481
binSortByKey,29,10,0.003527289
binSortByKey,29,11,0.003575832
binSortByKey,29,12,0.003599191
binSortByKey,29,13,0.003581655
binSortByKey,29,14,0.003543864
binSortByKey,29,15,0.00360495
binSortByKey,29,16,0.003590552
binSortByKey,29,17,0.003561688
binSortByKey,29,18,0.003620502
binSortByKey,29,19,0.003579287
binSortByKey,29,20,0.003564888
binSortByKey,29,21,0.003518233
binSortByKey,29,22,0.003575096
binSortByKey,29,23,0.003505401
binSortByKey,29,24,0.003556376
binSortByKey,29,25,0.003590199
binSortByKey,29,26,0.003587415
binSortByKey,29,27,0.003542648
binSortByKey,29,28,0.003573239
binSortByKey,29,29,0.003561624
binSortByKey,29,30,0.003574167
binSortByKey,29,31,0.003553368
binSortByKey,29,32,0.003577592
binSortByKey,29,33,0.003588024
binSortByKey,29,34,0.003573656
binSortByKey,29,35,0.003589527
binSortByKey,29,36,0.003586807
binSortByKey,29,37,0.003571416
binSortByKey,29,38,0.003555544
binSortByKey,29,39,0.003560184
binComputeOffsets,29,0,0.000209722
binComputeOffsets,29,1,0.000204346
binComputeOffsets,29,2,0.000210298
binComputeOffsets,29,3,0.000194362
binComputeOffsets,29,4,0.000212762
binComputeOffsets,29,5,0.00018649
binComputeOffsets,29,6,0.000188667
binComputeOffsets,29,7,0.000199834
binComputeOffsets,29,8,0.000206138
binComputeOffsets,29,9,0.000186907
binComputeOffsets,29,10,0.000187835
binComputeOffsets,29,11,0.000194906
binComputeOffsets,29,12,0.000206938
binComputeOffsets,29,13,0.000199547
binComputeOffsets,29,14,0.000201786
binComputeOffsets,29,15,0.000208154
binComputeOffsets,29,16,0.000218234
binComputeOffsets,29,17,0.000199386
binComputeOffsets,29,18,0.000200666
binComputeOffsets,29,19,0.000197915
binComputeOffsets,29,20,0.000204922
binComputeOffsets,29,21,0.000186267
binComputeOffsets,29,22,0.000199194
binComputeOffsets,29,23,0.000187067
binComputeOffsets,29,24,0.000210906
binComputeOffsets,29,25,0.000226521
binComputeOffsets,29,26,0.000195867
binComputeOffsets,29,27,0.000196859
binComputeOffsets,29,28,0.000207866
binComputeOffsets,29,29,0.000198234
binComputeOffsets,29,30,0.000198811
binComputeOffsets,29,31,0.000193147
binComputeOffsets,29,32,0.000219769
binComputeOffsets,29,33,0.000201659
binComputeOffsets,29,34,0.000197082
binComputeOffsets,29,35,0.000199866
binComputeOffsets,29,36,0.000205434
binComputeOffsets,29,37,0.000195002
binComputeOffsets,29,38,0.000196026
binComputeOffsets,29,39,0.000200314
FFTNUFFT1,29,0,0.083510262
FFTNUFFT1,29,1,0.083121347
FFTNUFFT1,29,2,0.08425741
FFTNUFFT1,29,3,0.082271739
FFTNUFFT1,29,4,0.083761009
FFTNUFFT1,29,5,0.083782704
FFTNUFFT1,29,6,0.082067073
FFTNUFFT1,29,7,0.082787404
FFTNUFFT1,29,8,0.082935304
FFTNUFFT1,29,9,0.082682576
deconvolutionNUFFT1,29,0,0.000836328
deconvolutionNUFFT1,29,1,0.000767689
deconvolutionNUFFT1,29,2,0.000831176
deconvolutionNUFFT1,29,3,0.000665261
deconvolutionNUFFT1,29,4,0.000816296
deconvolutionNUFFT1,29,5,0.000824359
deconvolutionNUFFT1,29,6,0.0008322
deconvolutionNUFFT1,29,7,0.00067022
deconvolutionNUFFT1,29,8,0.000824104
deconvolutionNUFFT1,29,9,0.00067214
GatherPIFNUFFT,29,0,0.37941115
GatherPIFNUFFT,29,1,0.380032092
GatherPIFNUFFT,29,2,0.378947163
GatherPIFNUFFT,29,3,0.380274004
GatherPIFNUFFT,29,4,0.383479927
GatherPIFNUFFT,29,5,0.382038753
GatherPIFNUFFT,29,6,0.379851778
GatherPIFNUFFT,29,7,0.382328505
GatherPIFNUFFT,29,8,0.381104412
GatherPIFNUFFT,29,9,0.383862283
NativeNUFFT2,29,0,0.12147789
NativeNUFFT2,29,1,0.126522445
NativeNUFFT2,29,2,0.125795427
NativeNUFFT2,29,3,0.124671492
NativeNUFFT2,29,4,0.124895389
NativeNUFFT2,29,5,0.126399633
NativeNUFFT2,29,6,0.124281935
NativeNUFFT2,29,7,0.125277459
NativeNUFFT2,29,8,0.12629874
NativeNUFFT2,29,9,0.122919127
NativeNUFFT2,29,10,0.126265974
NativeNUFFT2,29,11,0.127585646
NativeNUFFT2,29,12,0.124703651
NativeNUFFT2,29,13,0.128879977
NativeNUFFT2,29,14,0.127435763
NativeNUFFT2,29,15,0.12456644
NativeNUFFT2,29,16,0.126369618
NativeNUFFT2,29,17,0.126540589
NativeNUFFT2,29,18,0.124822176
NativeNUFFT2,29,19,0.126089338
NativeNUFFT2,29,20,0.126559469
NativeNUFFT2,29,21,0.126714184
NativeNUFFT2,29,22,0.127324438
NativeNUFFT2,29,23,0.12666001
NativeNUFFT2,29,24,0.125883392
NativeNUFFT2,29,25,0.125899489
NativeNUFFT2,29,26,0.126193431
NativeNUFFT2,29,27,0.12457975
NativeNUFFT2,29,28,0.129037541
NativeNUFFT2,29,29,0.127007711
PrecorrectionNUFFT2,29,0,0.001580946
PrecorrectionNUFFT2,29,1,0.002541397
PrecorrectionNUFFT2,29,2,0.002545013
PrecorrectionNUFFT2,29,3,0.001607377
PrecorrectionNUFFT2,29,4,0.002560629
PrecorrectionNUFFT2,29,5,0.002560853
PrecorrectionNUFFT2,29,6,0.001630352
PrecorrectionNUFFT2,29,7,0.002566229
PrecorrectionNUFFT2,29,8,0.002558389
PrecorrectionNUFFT2,29,9,0.00164856
PrecorrectionNUFFT2,29,10,0.002549302
PrecorrectionNUFFT2,29,11,0.002557717
PrecorrectionNUFFT2,29,12,0.001632656
PrecorrectionNUFFT2,29,13,0.002556213
PrecorrectionNUFFT2,29,14,0.002558517
PrecorrectionNUFFT2,29,15,0.001609841
PrecorrectionNUFFT2,29,16,0.002559029
PrecorrectionNUFFT2,29,17,0.002552629
PrecorrectionNUFFT2,29,18,0.001603218
PrecorrectionNUFFT2,29,19,0.002572501
PrecorrectionNUFFT2,29,20,0.002538614
PrecorrectionNUFFT2,29,21,0.001579314
PrecorrectionNUFFT2,29,22,0.002557269
PrecorrectionNUFFT2,29,23,0.002546102
PrecorrectionNUFFT2,29,24,0.001617841
PrecorrectionNUFFT2,29,25,0.002535542
PrecorrectionNUFFT2,29,26,0.002571509
PrecorrectionNUFFT2,29,27,0.001608049
PrecorrectionNUFFT2,29,28,0.002558901
PrecorrectionNUFFT2,29,29,0.002548917
FFTNUFFT2,29,0,0.080242166
FFTNUFFT2,29,1,0.083536566
FFTNUFFT2,29,2,0.084167173
FFTNUFFT2,29,3,0.083223264
FFTNUFFT2,29,4,0.083097442
FFTNUFFT2,29,5,0.083770256
FFTNUFFT2,29,6,0.082793197
FFTNUFFT2,29,7,0.083206079
FFTNUFFT2,29,8,0.084512217
FFTNUFFT2,29,9,0.082028163
FFTNUFFT2,29,10,0.083847501
FFTNUFFT2,29,11,0.085324898
FFTNUFFT2,29,12,0.083480537
FFTNUFFT2,29,13,0.086760408
FFTNUFFT2,29,14,0.085539452
FFTNUFFT2,29,15,0.083478232
FFTNUFFT2,29,16,0.083937227
FFTNUFFT2,29,17,0.084660149
FFTNUFFT2,29,18,0.081362487
FFTNUFFT2,29,19,0.08389854
FFTNUFFT2,29,20,0.082736462
FFTNUFFT2,29,21,0.085456509
FFTNUFFT2,29,22,0.084962606
FFTNUFFT2,29,23,0.084144516
FFTNUFFT2,29,24,0.084184963
FFTNUFFT2,29,25,0.083629876
FFTNUFFT2,29,26,0.083318652
FFTNUFFT2,29,27,0.083099907
FFTNUFFT2,29,28,0.086791191
FFTNUFFT2,29,29,0.084917805
GatherNUFFT2,29,0,0.008291758
GatherNUFFT2,29,1,0.009186931
GatherNUFFT2,29,2,0.008081747
GatherNUFFT2,29,3,0.008683011
GatherNUFFT2,29,4,0.008267215
GatherNUFFT2,29,5,0.008696258
GatherNUFFT2,29,6,0.008668515
GatherNUFFT2,29,7,0.008321421
GatherNUFFT2,29,8,0.008110739
GatherNUFFT2,29,9,0.008146418
GatherNUFFT2,29,10,0.008560902
GatherNUFFT2,29,11,0.008317358
GatherNUFFT2,29,12,0.008308845
GatherNUFFT2,29,13,0.008296718
GatherNUFFT2,29,14,0.007997526
GatherNUFFT2,29,15,0.008395371
GatherNUFFT2,29,16,0.008426889
GatherNUFFT2,29,17,0.008135219
GatherNUFFT2,29,18,0.010784452
GatherNUFFT2,29,19,0.008150738
GatherNUFFT2,29,20,0.010123608
GatherNUFFT2,29,21,0.008330605
GatherNUFFT2,29,22,0.008571973
GatherNUFFT2,29,23,0.008892988
GatherNUFFT2,29,24,0.008835262
GatherNUFFT2,29,25,0.008422185
GatherNUFFT2,29,26,0.008861789
GatherNUFFT2,29,27,0.008421802
GatherNUFFT2,29,28,0.008227855
GatherNUFFT2,29,29,0.008160562
mainTimer,30,0,7.178253092
dumpData,30,0,0.010791461
dumpData,30,1,0.008888957
dumpData,30,2,0.009045944
dumpData,30,3,0.009127157
dumpData,30,4,0.009009144
dumpData,30,5,0.010151159
dumpData,30,6,0.009169524
dumpData,30,7,0.009341551
dumpData,30,8,0.009290256
dumpData,30,9,0.009292656
kick,30,0,3.2383e-05
kick,30,1,6.623e-06
kick,30,2,3.7983e-05
kick,30,3,7.519e-06
kick,30,4,3.3727e-05
kick,30,5,7.52e-06
kick,30,6,3.4559e-05
kick,30,7,9.664e-06
kick,30,8,3.3887e-05
kick,30,9,8.16e-06
kick,30,10,3.1967e-05
kick,30,11,6.944e-06
kick,30,12,3.8463e-05
kick,30,13,6.944e-06
kick,30,14,3.5103e-05
kick,30,15,8.032e-06
kick,30,16,3.2447e-05
kick,30,17,6.368e-06
kick,30,18,3.5839e-05
kick,30,19,6.24e-06
drift,30,0,6.944e-06
drift,30,1,8.96e-06
drift,30,2,7.168e-06
drift,30,3,6.496e-06
drift,30,4,7.232e-06
drift,30,5,7.456e-06
drift,30,6,7.2e-06
drift,30,7,6.72e-06
drift,30,8,7.167e-06
drift,30,9,8.352e-06
particleBC,30,0,1.0463e-05
particleBC,30,1,1.1519e-05
particleBC,30,2,1.2448e-05
particleBC,30,3,1.2159e-05
particleBC,30,4,1.2191e-05
particleBC,30,5,1.1232e-05
particleBC,30,6,1.0879e-05
particleBC,30,7,1.2383e-05
particleBC,30,8,1.0464e-05
particleBC,30,9,1.0368e-05
updateParticle,30,0,0.008821023
updateParticle,30,1,0.008867388
updateParticle,30,2,0.008780735
updateParticle,30,3,0.116803946
updateParticle,30,4,0.008782208
updateParticle,30,5,0.008668034
updateParticle,30,6,0.008809887
updateParticle,30,7,0.00876864
updateParticle,30,8,0.008791646
updateParticle,30,9,0.008774527
locateParticles,30,0,0.003739347
locateParticles,30,1,0.003736627
locateParticles,30,2,0.003726739
locateParticles,30,3,0.003729331
locateParticles,30,4,0.003719828
locateParticles,30,5,0.003744882
locateParticles,30,6,0.003741107
locateParticles,30,7,0.003739891
locateParticles,30,8,0.003731859
locateParticles,30,9,0.003731475
sendPreprocess,30,0,0.000364501
sendPreprocess,30,1,0.000366101
sendPreprocess,30,2,0.000350038
sendPreprocess,30,3,0.00036223
sendPreprocess,30,4,0.00039362
sendPreprocess,30,5,0.000336118
sendPreprocess,30,6,0.000368981
sendPreprocess,30,7,0.000340886
sendPreprocess,30,8,0.000362133
sendPreprocess,30,9,0.000380533
particleSend,30,0,0.000819176
particleSend,30,1,0.000803337
particleSend,30,2,0.000786505
particleSend,30,3,0.000906501
particleSend,30,4,0.000785865
particleSend,30,5,0.000798537
particleSend,30,6,0.000799881
particleSend,30,7,0.000841287
particleSend,30,8,0.000822536
particleSend,30,9,0.000810984
particleRecv,30,0,2.816e-05
particleRecv,30,1,3.0784e-05
particleRecv,30,2,3.3951e-05
particleRecv,30,3,2.9151e-05
particleRecv,30,4,3.8623e-05
particleRecv,30,5,3.1231e-05
particleRecv,30,6,3.4655e-05
particleRecv,30,7,3.2927e-05
particleRecv,30,8,3.6639e-05
particleRecv,30,9,3.3439e-05
particleDestroy,30,0,0.002867564
particleDestroy,30,1,0.002884203
particleDestroy,30,2,0.002873228
particleDestroy,30,3,0.002858765
particleDestroy,30,4,0.002857197
particleDestroy,30,5,0.002865644
particleDestroy,30,6,0.002883084
particleDestroy,30,7,0.002847917
particleDestroy,30,8,0.002861196
particleDestroy,30,9,0.002872844
ScatterPIFNUFFT,30,0,0.409163144
ScatterPIFNUFFT,30,1,2.5439e-05
ScatterPIFNUFFT,30,2,0.309988411
ScatterPIFNUFFT,30,3,2.3423e-05
ScatterPIFNUFFT,30,4,0.320112243
ScatterPIFNUFFT,30,5,4.1182e-05
ScatterPIFNUFFT,30,6,0.226309129
ScatterPIFNUFFT,30,7,2.7775e-05
ScatterPIFNUFFT,30,8,0.488713235
ScatterPIFNUFFT,30,9,3.9359e-05
ScatterPIFNUFFT,30,10,0.328139176
ScatterPIFNUFFT,30,11,2.8864e-05
ScatterPIFNUFFT,30,12,0.180504899
ScatterPIFNUFFT,30,13,2.0864e-05
ScatterPIFNUFFT,30,14,0.286453418
ScatterPIFNUFFT,30,15,1.7344e-05
ScatterPIFNUFFT,30,16,0.287420815
ScatterPIFNUFFT,30,17,3.6223e-05
ScatterPIFNUFFT,30,18,0.181054581
ScatterPIFNUFFT,30,19,3.0879e-05
NativeNUFFT1,30,0,0.406641778
NativeNUFFT1,30,1,0.306447907
NativeNUFFT1,30,2,0.315650454
NativeNUFFT1,30,3,0.22389
NativeNUFFT1,30,4,0.484144377
NativeNUFFT1,30,5,0.323702793
NativeNUFFT1,30,6,0.177045064
NativeNUFFT1,30,7,0.28207857
NativeNUFFT1,30,8,0.282788758
NativeNUFFT1,30,9,0.1765806
scatterTimerNUFFT1,30,0,0.321659622
scatterTimerNUFFT1,30,1,0.22238662
scatterTimerNUFFT1,30,2,0.231710283
scatterTimerNUFFT1,30,3,0.140194942
scatterTimerNUFFT1,30,4,0.39963843
scatterTimerNUFFT1,30,5,0.238857177
scatterTimerNUFFT1,30,6,0.094294044
scatterTimerNUFFT1,30,7,0.200272033
scatterTimerNUFFT1,30,8,0.198788013
scatterTimerNUFFT1,30,9,0.093259866
binSort,30,0,0.004162631
binSort,30,1,0.004173574
binSort,30,2,0.004154726
binSort,30,3,0.004187622
binSort,30,4,0.004159238
binSort,30,5,0.004173606
binSort,30,6,0.004152935
binSort,30,7,0.004141415
binSort,30,8,0.00418263
binSort,30,9,0.00416071
binSort,30,10,0.004168262
binSort,30,11,0.004142375
binSort,30,12,0.004127431
binSort,30,13,0.004138247
binSort,30,14,0.004149094
binSort,30,15,0.004145959
binSort,30,16,0.004144807
binSort,30,17,0.004192741
binSort,30,18,0.004130759
binSort,30,19,0.004129671
binSort,30,20,0.00417895
binSort,30,21,0.004188006
binSort,30,22,0.004144679
binSort,30,23,0.00418791
binSort,30,24,0.004162599
binSort,30,25,0.004097352
binSort,30,26,0.004144999
binSort,30,27,0.004161478
binSort,30,28,0.00416199
binSort,30,29,0.004158374
binSort,30,30,0.004152519
binSort,30,31,0.004164966
binSort,30,32,0.004135976
binSort,30,33,0.004162983
binSort,30,34,0.004161638
binSort,30,35,0.004161382
binSort,30,36,0.004183333
binSort,30,37,0.004152487
binSort,30,38,0.004171622
binSort,30,39,0.004187654
binComputeKeys,30,0,0.000385013
binComputeKeys,30,1,0.000409364
binComputeKeys,30,2,0.000397972
binComputeKeys,30,3,0.000400885
binComputeKeys,30,4,0.000392212
binComputeKeys,30,5,0.000385301
binComputeKeys,30,6,0.000414548
binComputeKeys,30,7,0.000383989
binComputeKeys,30,8,0.000397781
binComputeKeys,30,9,0.00038818
binComputeKeys,30,10,0.000407604
binComputeKeys,30,11,0.000385652
binComputeKeys,30,12,0.000383189
binComputeKeys,30,13,0.0003885
binComputeKeys,30,14,0.00039474
binComputeKeys,30,15,0.000395957
binComputeKeys,30,16,0.000394004
binComputeKeys,30,17,0.000413076
binComputeKeys,30,18,0.000390228
binComputeKeys,30,19,0.000393268
binComputeKeys,30,20,0.000397364
binComputeKeys,30,21,0.000403188
binComputeKeys,30,22,0.000386516
binComputeKeys,30,23,0.000392789
binComputeKeys,30,24,0.000390485
binComputeKeys,30,25,0.000397429
binComputeKeys,30,26,0.000392085
binComputeKeys,30,27,0.000405076
binComputeKeys,30,28,0.00039906
binComputeKeys,30,29,0.000403796
binComputeKeys,30,30,0.000403572
binComputeKeys,30,31,0.000389012
binComputeKeys,30,32,0.000401173
binComputeKeys,30,33,0.000395349
binComputeKeys,30,34,0.000401108
binComputeKeys,30,35,0.000402388
binComputeKeys,30,36,0.000399668
binComputeKeys,30,37,0.00040146
binComputeKeys,30,38,0.00039858
binComputeKeys,30,39,0.000406421
binSortByKey,30,0,0.003559608
binSortByKey,30,1,0.00356108
binSortByKey,30,2,0.003552792
binSortByKey,30,3,0.003581751
binSortByKey,30,4,0.003551609
binSortByKey,30,5,0.003580663
binSortByKey,30,6,0.003538968
binSortByKey,30,7,0.003547512
binSortByKey,30,8,0.003576344
binSortByKey,30,9,0.003565368
binSortByKey,30,10,0.003556536
binSortByKey,30,11,0.003551033
binSortByKey,30,12,0.003541592
binSortByKey,30,13,0.003550041
binSortByKey,30,14,0.003551256
binSortByKey,30,15,0.003544376
binSortByKey,30,16,0.003544217
binSortByKey,30,17,0.003578103
binSortByKey,30,18,0.003536537
binSortByKey,30,19,0.003535641
binSortByKey,30,20,0.003574488
binSortByKey,30,21,0.003584247
binSortByKey,30,22,0.003550297
binSortByKey,30,23,0.003588727
binSortByKey,30,24,0.003559448
binSortByKey,30,25,0.003513113
binSortByKey,30,26,0.003550745
binSortByKey,30,27,0.003545112
binSortByKey,30,28,0.00355468
binSortByKey,30,29,0.003551512
binSortByKey,30,30,0.003547929
binSortByKey,30,31,0.003561848
binSortByKey,30,32,0.003533176
binSortByKey,30,33,0.003569431
binSortByKey,30,34,0.003557656
binSortByKey,30,35,0.003557048
binSortByKey,30,36,0.003576311
binSortByKey,30,37,0.003549688
binSortByKey,30,38,0.003572728
binSortByKey,30,39,0.003578264
binComputeOffsets,30,0,0.00021497
binComputeOffsets,30,1,0.000200314
binComputeOffsets,30,2,0.000201434
binComputeOffsets,30,3,0.00019881
binComputeOffsets,30,4,0.000213146
binComputeOffsets,30,5,0.000204634
binComputeOffsets,30,6,0.000193659
binComputeOffsets,30,7,0.000206842
binComputeOffsets,30,8,0.000205434
binComputeOffsets,30,9,0.000203834
binComputeOffsets,30,10,0.000200731
binComputeOffsets,30,11,0.000203482
binComputeOffsets,30,12,0.000200602
binComputeOffsets,30,13,0.00019769
binComputeOffsets,30,14,0.000200666
binComputeOffsets,30,15,0.000204122
binComputeOffsets,30,16,0.00020201
binComputeOffsets,30,17,0.000200154
binComputeOffsets,30,18,0.000200026
binComputeOffsets,30,19,0.000199546
binComputeOffsets,30,20,0.000204602
binComputeOffsets,30,21,0.000199131
binComputeOffsets,30,22,0.000205818
binComputeOffsets,30,23,0.000204314
binComputeOffsets,30,24,0.00021033
binComputeOffsets,30,25,0.000184762
binComputeOffsets,30,26,0.000199738
binComputeOffsets,30,27,0.000207002
binComputeOffsets,30,28,0.000206394
binComputeOffsets,30,29,0.000200378
binComputeOffsets,30,30,0.000197626
binComputeOffsets,30,31,0.000212538
binComputeOffsets,30,32,0.000197275
binComputeOffsets,30,33,0.000196091
binComputeOffsets,30,34,0.000200314
binComputeOffsets,30,35,0.000199066
binComputeOffsets,30,36,0.000204378
binComputeOffsets,30,37,0.000198619
binComputeOffsets,30,38,0.000195962
binComputeOffsets,30,39,0.000198042
FFTNUFFT1,30,0,0.084150404
FFTNUFFT1,30,1,0.083231999
FFTNUFFT1,30,2,0.083125251
FFTNUFFT1,30,3,0.083038214
FFTNUFFT1,30,4,0.083691378
FFTNUFFT1,30,5,0.084007689
FFTNUFFT1,30,6,0.081932804
FFTNUFFT1,30,7,0.081117693
FFTNUFFT1,30,8,0.083248127
FFTNUFFT1,30,9,0.082495862
deconvolutionNUFFT1,30,0,0.000828168
deconvolutionNUFFT1,30,1,0.000824968
deconvolutionNUFFT1,30,2,0.000811464
deconvolutionNUFFT1,30,3,0.000653453
deconvolutionNUFFT1,30,4,0.000808969
deconvolutionNUFFT1,30,5,0.000834951
deconvolutionNUFFT1,30,6,0.00081508
deconvolutionNUFFT1,30,7,0.00068654
deconvolutionNUFFT1,30,8,0.000747114
deconvolutionNUFFT1,30,9,0.000822856
GatherPIFNUFFT,30,0,0.379283922
GatherPIFNUFFT,30,1,0.380972096
GatherPIFNUFFT,30,2,0.381968099
GatherPIFNUFFT,30,3,0.380308019
GatherPIFNUFFT,30,4,0.383984008
GatherPIFNUFFT,30,5,0.37994243
GatherPIFNUFFT,30,6,0.382637328
GatherPIFNUFFT,30,7,0.386840277
GatherPIFNUFFT,30,8,0.382773068
GatherPIFNUFFT,30,9,0.386366626
NativeNUFFT2,30,0,0.120848052
NativeNUFFT2,30,1,0.126812517
NativeNUFFT2,30,2,0.125657287
NativeNUFFT2,30,3,0.123748991
NativeNUFFT2,30,4,0.124584998
NativeNUFFT2,30,5,0.127131707
NativeNUFFT2,30,6,0.122635007
NativeNUFFT2,30,7,0.125256531
NativeNUFFT2,30,8,0.12772241
NativeNUFFT2,30,9,0.12248346
NativeNUFFT2,30,10,0.126206296
NativeNUFFT2,30,11,0.127510032
NativeNUFFT2,30,12,0.122807067
NativeNUFFT2,30,13,0.129450105
NativeNUFFT2,30,14,0.127125148
NativeNUFFT2,30,15,0.124105748
NativeNUFFT2,30,16,0.126613099
NativeNUFFT2,30,17,0.126117369
NativeNUFFT2,30,18,0.12781876
NativeNUFFT2,30,19,0.125753188
NativeNUFFT2,30,20,0.126553645
NativeNUFFT2,30,21,0.130524377
NativeNUFFT2,30,22,0.12733503
NativeNUFFT2,30,23,0.126841381
NativeNUFFT2,30,24,0.126983871
NativeNUFFT2,30,25,0.125290578
NativeNUFFT2,30,26,0.125546475
NativeNUFFT2,30,27,0.125271858
NativeNUFFT2,30,28,0.130253026
NativeNUFFT2,30,29,0.127265687
PrecorrectionNUFFT2,30,0,0.00158485
PrecorrectionNUFFT2,30,1,0.002547862
PrecorrectionNUFFT2,30,2,0.002558005
PrecorrectionNUFFT2,30,3,0.001624785
PrecorrectionNUFFT2,30,4,0.002551797
PrecorrectionNUFFT2,30,5,0.002557301
PrecorrectionNUFFT2,30,6,0.00158037
PrecorrectionNUFFT2,30,7,0.002557685
PrecorrectionNUFFT2,30,8,0.002555893
PrecorrectionNUFFT2,30,9,0.001580882
PrecorrectionNUFFT2,30,10,0.002556982
PrecorrectionNUFFT2,30,11,0.002549206
PrecorrectionNUFFT2,30,12,0.001573778
PrecorrectionNUFFT2,30,13,0.002555541
PrecorrectionNUFFT2,30,14,0.002553109
PrecorrectionNUFFT2,30,15,0.001593521
PrecorrectionNUFFT2,30,16,0.002550198
PrecorrectionNUFFT2,30,17,0.002549589
PrecorrectionNUFFT2,30,18,0.00158869
PrecorrectionNUFFT2,30,19,0.002573205
PrecorrectionNUFFT2,30,20,0.002554773
PrecorrectionNUFFT2,30,21,0.001580946
PrecorrectionNUFFT2,30,22,0.002551669
PrecorrectionNUFFT2,30,23,0.002551893
PrecorrectionNUFFT2,30,24,0.001644048
PrecorrectionNUFFT2,30,25,0.002543701
PrecorrectionNUFFT2,30,26,0.002559862
PrecorrectionNUFFT2,30,27,0.00157461
PrecorrectionNUFFT2,30,28,0.002549462
PrecorrectionNUFFT2,30,29,0.002557429
FFTNUFFT2,30,0,0.080416177
FFTNUFFT2,30,1,0.084951404
FFTNUFFT2,30,2,0.084323008
FFTNUFFT2,30,3,0.081026337
FFTNUFFT2,30,4,0.083114114
FFTNUFFT2,30,5,0.082858218
FFTNUFFT2,30,6,0.081595344
FFTNUFFT2,30,7,0.083416218
FFTNUFFT2,30,8,0.083825069
FFTNUFFT2,30,9,0.080591501
FFTNUFFT2,30,10,0.083867757
FFTNUFFT2,30,11,0.085836723
FFTNUFFT2,30,12,0.082441623
FFTNUFFT2,30,13,0.087652958
FFTNUFFT2,30,14,0.085053162
FFTNUFFT2,30,15,0.082782861
FFTNUFFT2,30,16,0.083416026
FFTNUFFT2,30,17,0.083797647
FFTNUFFT2,30,18,0.087450724
FFTNUFFT2,30,19,0.083316125
FFTNUFFT2,30,20,0.082648625
FFTNUFFT2,30,21,0.089748384
FFTNUFFT2,30,22,0.08548547
FFTNUFFT2,30,23,0.083019589
FFTNUFFT2,30,24,0.085290659
FFTNUFFT2,30,25,0.083675219
FFTNUFFT2,30,26,0.083996425
FFTNUFFT2,30,27,0.084656053
FFTNUFFT2,30,28,0.088816123
FFTNUFFT2,30,29,0.085882225
GatherNUFFT2,30,0,0.008110099
GatherNUFFT2,30,1,0.008596133
GatherNUFFT2,30,2,0.008093779
GatherNUFFT2,30,3,0.010314835
GatherNUFFT2,30,4,0.008196785
GatherNUFFT2,30,5,0.010972832
GatherNUFFT2,30,6,0.008666499
GatherNUFFT2,30,7,0.00841393
GatherNUFFT2,30,8,0.010348658
GatherNUFFT2,30,9,0.009537354
GatherNUFFT2,30,10,0.009167059
GatherNUFFT2,30,11,0.008347724
GatherNUFFT2,30,12,0.008262191
GatherNUFFT2,30,13,0.008557606
GatherNUFFT2,30,14,0.00882531
GatherNUFFT2,30,15,0.009160981
GatherNUFFT2,30,16,0.009834849
GatherNUFFT2,30,17,0.009005753
GatherNUFFT2,30,18,0.007970998
GatherNUFFT2,30,19,0.009231603
GatherNUFFT2,30,20,0.010729542
GatherNUFFT2,30,21,0.008412171
GatherNUFFT2,30,22,0.008389546
GatherNUFFT2,30,23,0.010657193
GatherNUFFT2,30,24,0.009248145
GatherNUFFT2,30,25,0.008516839
GatherNUFFT2,30,26,0.008225424
GatherNUFFT2,30,27,0.008262287
GatherNUFFT2,30,28,0.00814453
GatherNUFFT2,30,29,0.008177489
mainTimer,31,0,7.178254084
dumpData,31,0,0.007980023
dumpData,31,1,0.006661086
dumpData,31,2,0.006708988
dumpData,31,3,0.006444644
dumpData,31,4,0.006447491
dumpData,31,5,0.008190032
dumpData,31,6,0.007096689
dumpData,31,7,0.007091377
dumpData,31,8,0.006750875
dumpData,31,9,0.006882967
kick,31,0,3.1839e-05
kick,31,1,5.408e-06
kick,31,2,3.5391e-05
kick,31,3,6.176e-06
kick,31,4,3.2223e-05
kick,31,5,6.464e-06
kick,31,6,3.3887e-05
kick,31,7,5.919e-06
kick,31,8,3.0367e-05
kick,31,9,5.568e-06
kick,31,10,2.9983e-05
kick,31,11,6.656e-06
kick,31,12,3.4175e-05
kick,31,13,7.327e-06
kick,31,14,3.2927e-05
kick,31,15,6.432e-06
kick,31,16,3.1807e-05
kick,31,17,7.584e-06
kick,31,18,3.4175e-05
kick,31,19,6.783e-06
drift,31,0,8.16e-06
drift,31,1,7.424e-06
drift,31,2,8.224e-06
drift,31,3,6.752e-06
drift,31,4,6.944e-06
drift,31,5,7.744e-06
drift,31,6,8.416e-06
drift,31,7,7.072e-06
drift,31,8,8.607e-06
drift,31,9,1.0208e-05
particleBC,31,0,1.0624e-05
particleBC,31,1,1.3311e-05
particleBC,31,2,1.1072e-05
particleBC,31,3,1.1583e-05
particleBC,31,4,1.1871e-05
particleBC,31,5,1.168e-05
particleBC,31,6,1.0079e-05
particleBC,31,7,1.2159e-05
particleBC,31,8,1.3024e-05
particleBC,31,9,1.1584e-05
updateParticle,31,0,0.008824542
updateParticle,31,1,0.008953722
updateParticle,31,2,0.008819134
updateParticle,31,3,0.116804618
updateParticle,31,4,0.008789824
updateParticle,31,5,0.008710145
updateParticle,31,6,0.008883805
updateParticle,31,7,0.008733441
updateParticle,31,8,0.008791806
updateParticle,31,9,0.008799999
locateParticles,31,0,0.003875663
locateParticles,31,1,0.003885806
locateParticles,31,2,0.003863631
locateParticles,31,3,0.003876143
locateParticles,31,4,0.003885199
locateParticles,31,5,0.003867919
locateParticles,31,6,0.003897455
locateParticles,31,7,0.003858128
locateParticles,31,8,0.00387259
locateParticles,31,9,0.003896462
sendPreprocess,31,0,0.000228985
sendPreprocess,31,1,0.000219162
sendPreprocess,31,2,0.000216218
sendPreprocess,31,3,0.000217658
sendPreprocess,31,4,0.000230969
sendPreprocess,31,5,0.000214745
sendPreprocess,31,6,0.000215769
sendPreprocess,31,7,0.000224761
sendPreprocess,31,8,0.000218586
sendPreprocess,31,9,0.000214938
particleSend,31,0,0.000810761
particleSend,31,1,0.000800777
particleSend,31,2,0.000784489
particleSend,31,3,0.000789033
particleSend,31,4,0.00083252
particleSend,31,5,0.000804681
particleSend,31,6,0.000798761
particleSend,31,7,0.000791625
particleSend,31,8,0.000852743
particleSend,31,9,0.00080996
particleRecv,31,0,2.9183e-05
particleRecv,31,1,2.8832e-05
particleRecv,31,2,3.5455e-05
particleRecv,31,3,2.9664e-05
particleRecv,31,4,2.7551e-05
particleRecv,31,5,2.3071e-05
particleRecv,31,6,3.4751e-05
particleRecv,31,7,3.1167e-05
particleRecv,31,8,2.8735e-05
particleRecv,31,9,3.0015e-05
particleDestroy,31,0,0.003028903
particleDestroy,31,1,0.003044742
particleDestroy,31,2,0.003035015
particleDestroy,31,3,0.003047047
particleDestroy,31,4,0.003042759
particleDestroy,31,5,0.003046279
particleDestroy,31,6,0.003070662
particleDestroy,31,7,0.003042887
particleDestroy,31,8,0.003020231
particleDestroy,31,9,0.003056743
ScatterPIFNUFFT,31,0,0.4091602
ScatterPIFNUFFT,31,1,1.6896e-05
ScatterPIFNUFFT,31,2,0.310027033
ScatterPIFNUFFT,31,3,1.2864e-05
ScatterPIFNUFFT,31,4,0.321137589
ScatterPIFNUFFT,31,5,1.8655e-05
ScatterPIFNUFFT,31,6,0.226041009
ScatterPIFNUFFT,31,7,2.6559e-05
ScatterPIFNUFFT,31,8,0.48939568
ScatterPIFNUFFT,31,9,2.1952e-05
ScatterPIFNUFFT,31,10,0.328215782
ScatterPIFNUFFT,31,11,1.8303e-05
ScatterPIFNUFFT,31,12,0.18114632
ScatterPIFNUFFT,31,13,2.1152e-05
ScatterPIFNUFFT,31,14,0.288476591
ScatterPIFNUFFT,31,15,2.7743e-05
ScatterPIFNUFFT,31,16,0.287897345
ScatterPIFNUFFT,31,17,2.7808e-05
ScatterPIFNUFFT,31,18,0.181339308
ScatterPIFNUFFT,31,19,1.7728e-05
NativeNUFFT1,31,0,0.404603949
NativeNUFFT1,31,1,0.305453152
NativeNUFFT1,31,2,0.316674872
NativeNUFFT1,31,3,0.221470359
NativeNUFFT1,31,4,0.48595242
NativeNUFFT1,31,5,0.323797415
NativeNUFFT1,31,6,0.176589077
NativeNUFFT1,31,7,0.284077136
NativeNUFFT1,31,8,0.284413991
NativeNUFFT1,31,9,0.176830608
scatterTimerNUFFT1,31,0,0.320465897
scatterTimerNUFFT1,31,1,0.222115364
scatterTimerNUFFT1,31,2,0.232983878
scatterTimerNUFFT1,31,3,0.139311672
scatterTimerNUFFT1,31,4,0.402097302
scatterTimerNUFFT1,31,5,0.239678753
scatterTimerNUFFT1,31,6,0.09419507
scatterTimerNUFFT1,31,7,0.20110449
scatterTimerNUFFT1,31,8,0.200782483
scatterTimerNUFFT1,31,9,0.094102018
binSort,31,0,0.004413631
binSort,31,1,0.004354081
binSort,31,2,0.004337378
binSort,31,3,0.004387135
binSort,31,4,0.004414591
binSort,31,5,0.004416863
binSort,31,6,0.004415295
binSort,31,7,0.004393408
binSort,31,8,0.004334849
binSort,31,9,0.004413023
binSort,31,10,0.004366817
binSort,31,11,0.004343362
binSort,31,12,0.004410559
binSort,31,13,0.004362113
binSort,31,14,0.004372064
binSort,31,15,0.004329186
binSort,31,16,0.004403199
binSort,31,17,0.004355904
binSort,31,18,0.004349057
binSort,31,19,0.004381376
binSort,31,20,0.004347105
binSort,31,21,0.0043736
binSort,31,22,0.004407455
binSort,31,23,0.004386304
binSort,31,24,0.004398751
binSort,31,25,0.004418399
binSort,31,26,0.004382176
binSort,31,27,0.00439616
binSort,31,28,0.004341792
binSort,31,29,0.004328577
binSort,31,30,0.004340098
binSort,31,31,0.004400224
binSort,31,32,0.004403775
binSort,31,33,0.004326626
binSort,31,34,0.00430669
binSort,31,35,0.004323586
binSort,31,36,0.004359872
binSort,31,37,0.004379616
binSort,31,38,0.004345921
binSort,31,39,0.004349665
binComputeKeys,31,0,0.000424308
binComputeKeys,31,1,0.000433139
binComputeKeys,31,2,0.000414324
binComputeKeys,31,3,0.000424179
binComputeKeys,31,4,0.000423028
binComputeKeys,31,5,0.000437267
binComputeKeys,31,6,0.000409044
binComputeKeys,31,7,0.000438355
binComputeKeys,31,8,0.00041426
binComputeKeys,31,9,0.000425715
binComputeKeys,31,10,0.00041682
binComputeKeys,31,11,0.0004189
binComputeKeys,31,12,0.000421812
binComputeKeys,31,13,0.000425588
binComputeKeys,31,14,0.000430995
binComputeKeys,31,15,0.000416948
binComputeKeys,31,16,0.000412276
binComputeKeys,31,17,0.000418931
binComputeKeys,31,18,0.000428051
binComputeKeys,31,19,0.000431955
binComputeKeys,31,20,0.00041762
binComputeKeys,31,21,0.000411316
binComputeKeys,31,22,0.000425491
binComputeKeys,31,23,0.000420052
binComputeKeys,31,24,0.000423859
binComputeKeys,31,25,0.000413428
binComputeKeys,31,26,0.000437811
binComputeKeys,31,27,0.000437395
binComputeKeys,31,28,0.000420115
binComputeKeys,31,29,0.00041682
binComputeKeys,31,30,0.000430036
binComputeKeys,31,31,0.00041842
binComputeKeys,31,32,0.00041586
binComputeKeys,31,33,0.0004237
binComputeKeys,31,34,0.000409076
binComputeKeys,31,35,0.000414772
binComputeKeys,31,36,0.000429555
binComputeKeys,31,37,0.000435059
binComputeKeys,31,38,0.000424499
binComputeKeys,31,39,0.000418836
binSortByKey,31,0,0.003774738
binSortByKey,31,1,0.003717908
binSortByKey,31,2,0.003723476
binSortByKey,31,3,0.003762098
binSortByKey,31,4,0.003777745
binSortByKey,31,5,0.003773426
binSortByKey,31,6,0.003788946
binSortByKey,31,7,0.003754003
binSortByKey,31,8,0.003714547
binSortByKey,31,9,0.00377285
binSortByKey,31,10,0.003749138
binSortByKey,31,11,0.003722771
binSortByKey,31,12,0.003772177
binSortByKey,31,13,0.003738611
binSortByKey,31,14,0.003743058
binSortByKey,31,15,0.003713716
binSortByKey,31,16,0.003760274
binSortByKey,31,17,0.003740051
binSortByKey,31,18,0.003721939
binSortByKey,31,19,0.003746643
binSortByKey,31,20,0.003722739
binSortByKey,31,21,0.003760562
binSortByKey,31,22,0.003775186
binSortByKey,31,23,0.003760562
binSortByKey,31,24,0.003766066
binSortByKey,31,25,0.003782545
binSortByKey,31,26,0.003745362
binSortByKey,31,27,0.003759315
binSortByKey,31,28,0.003716179
binSortByKey,31,29,0.003713907
binSortByKey,31,30,0.003712659
binSortByKey,31,31,0.003769874
binSortByKey,31,32,0.00376101
binSortByKey,31,33,0.003705332
binSortByKey,31,34,0.003699188
binSortByKey,31,35,0.003709268
binSortByKey,31,36,0.003724371
binSortByKey,31,37,0.003743954
binSortByKey,31,38,0.003724212
binSortByKey,31,39,0.003731955
binComputeOffsets,31,0,0.000212025
binComputeOffsets,31,1,0.000199386
binComputeOffsets,31,2,0.000197179
binComputeOffsets,31,3,0.000196794
binComputeOffsets,31,4,0.000212442
binComputeOffsets,31,5,0.000203034
binComputeOffsets,31,6,0.000213977
binComputeOffsets,31,7,0.000198554
binComputeOffsets,31,8,0.000204186
binComputeOffsets,31,9,0.000209626
binComputeOffsets,31,10,0.000198971
binComputeOffsets,31,11,0.000200155
binComputeOffsets,31,12,0.000212314
binComputeOffsets,31,13,0.00019657
binComputeOffsets,31,14,0.000195355
binComputeOffsets,31,15,0.00019737
binComputeOffsets,31,16,0.000225433
binComputeOffsets,31,17,0.00019561
binComputeOffsets,31,18,0.000196667
binComputeOffsets,31,19,0.00019929
binComputeOffsets,31,20,0.000204314
binComputeOffsets,31,21,0.000199802
binComputeOffsets,31,22,0.000204378
binComputeOffsets,31,23,0.000203066
binComputeOffsets,31,24,0.000206906
binComputeOffsets,31,25,0.000220058
binComputeOffsets,31,26,0.000197051
binComputeOffsets,31,27,0.000196506
binComputeOffsets,31,28,0.000203514
binComputeOffsets,31,29,0.000195674
binComputeOffsets,31,30,0.000195291
binComputeOffsets,31,31,0.000207994
binComputeOffsets,31,32,0.000222041
binComputeOffsets,31,33,0.000195002
binComputeOffsets,31,34,0.00019657
binComputeOffsets,31,35,0.000196922
binComputeOffsets,31,36,0.000203002
binComputeOffsets,31,37,0.000196859
binComputeOffsets,31,38,0.000195227
binComputeOffsets,31,39,0.000195866
FFTNUFFT1,31,0,0.083297052
FFTNUFFT1,31,1,0.082501236
FFTNUFFT1,31,2,0.082845803
FFTNUFFT1,31,3,0.08136175
FFTNUFFT1,31,4,0.082996647
FFTNUFFT1,31,5,0.083257023
FFTNUFFT1,31,6,0.081552176
FFTNUFFT1,31,7,0.082279802
FFTNUFFT1,31,8,0.082771885
FFTNUFFT1,31,9,0.081878343
deconvolutionNUFFT1,31,0,0.000839112
deconvolutionNUFFT1,31,1,0.000834408
deconvolutionNUFFT1,31,2,0.000841671
deconvolutionNUFFT1,31,3,0.000793577
deconvolutionNUFFT1,31,4,0.000852295
deconvolutionNUFFT1,31,5,0.000858983
deconvolutionNUFFT1,31,6,0.000839303
deconvolutionNUFFT1,31,7,0.000689676
deconvolutionNUFFT1,31,8,0.000855815
deconvolutionNUFFT1,31,9,0.000848263
GatherPIFNUFFT,31,0,0.381055838
GatherPIFNUFFT,31,1,0.38025039
GatherPIFNUFFT,31,2,0.38054334
GatherPIFNUFFT,31,3,0.38342892
GatherPIFNUFFT,31,4,0.386037292
GatherPIFNUFFT,31,5,0.380407057
GatherPIFNUFFT,31,6,0.381949796
GatherPIFNUFFT,31,7,0.385829907
GatherPIFNUFFT,31,8,0.381837254
GatherPIFNUFFT,31,9,0.384080453
NativeNUFFT2,31,0,0.124558727
NativeNUFFT2,31,1,0.126426863
NativeNUFFT2,31,2,0.126255638
NativeNUFFT2,31,3,0.126008605
NativeNUFFT2,31,4,0.125435598
NativeNUFFT2,31,5,0.126185144
NativeNUFFT2,31,6,0.125332337
NativeNUFFT2,31,7,0.125449294
NativeNUFFT2,31,8,0.127247768
NativeNUFFT2,31,9,0.125193397
NativeNUFFT2,31,10,0.126143225
NativeNUFFT2,31,11,0.127699595
NativeNUFFT2,31,12,0.126240246
NativeNUFFT2,31,13,0.129623955
NativeNUFFT2,31,14,0.127272311
NativeNUFFT2,31,15,0.125323409
NativeNUFFT2,31,16,0.126130682
NativeNUFFT2,31,17,0.126283444
NativeNUFFT2,31,18,0.126242806
NativeNUFFT2,31,19,0.126705
NativeNUFFT2,31,20,0.126174649
NativeNUFFT2,31,21,0.128617808
NativeNUFFT2,31,22,0.127471155
NativeNUFFT2,31,23,0.126607756
NativeNUFFT2,31,24,0.127761001
NativeNUFFT2,31,25,0.125267763
NativeNUFFT2,31,26,0.126232566
NativeNUFFT2,31,27,0.125923966
NativeNUFFT2,31,28,0.129863629
NativeNUFFT2,31,29,0.126641194
PrecorrectionNUFFT2,31,0,0.00163464
PrecorrectionNUFFT2,31,1,0.002634643
PrecorrectionNUFFT2,31,2,0.002637811
PrecorrectionNUFFT2,31,3,0.001616593
PrecorrectionNUFFT2,31,4,0.002640915
PrecorrectionNUFFT2,31,5,0.002633811
PrecorrectionNUFFT2,31,6,0.001645904
PrecorrectionNUFFT2,31,7,0.002636819
PrecorrectionNUFFT2,31,8,0.002640115
PrecorrectionNUFFT2,31,9,0.001680239
PrecorrectionNUFFT2,31,10,0.00264197
PrecorrectionNUFFT2,31,11,0.002637715
PrecorrectionNUFFT2,31,12,0.001646927
PrecorrectionNUFFT2,31,13,0.002639187
PrecorrectionNUFFT2,31,14,0.002632467
PrecorrectionNUFFT2,31,15,0.001622064
PrecorrectionNUFFT2,31,16,0.002630228
PrecorrectionNUFFT2,31,17,0.002639634
PrecorrectionNUFFT2,31,18,0.001623056
PrecorrectionNUFFT2,31,19,0.002638611
PrecorrectionNUFFT2,31,20,0.002640371
PrecorrectionNUFFT2,31,21,0.001622193
PrecorrectionNUFFT2,31,22,0.002640947
PrecorrectionNUFFT2,31,23,0.002638579
PrecorrectionNUFFT2,31,24,0.001620401
PrecorrectionNUFFT2,31,25,0.002635763
PrecorrectionNUFFT2,31,26,0.002639507
PrecorrectionNUFFT2,31,27,0.001621968
PrecorrectionNUFFT2,31,28,0.002630579
PrecorrectionNUFFT2,31,29,0.002637139
FFTNUFFT2,31,0,0.081519376
FFTNUFFT2,31,1,0.082451382
FFTNUFFT2,31,2,0.082073089
FFTNUFFT2,31,3,0.081236091
FFTNUFFT2,31,4,0.080140761
FFTNUFFT2,31,5,0.082015459
FFTNUFFT2,31,6,0.081550577
FFTNUFFT2,31,7,0.08086698
FFTNUFFT2,31,8,0.083318396
FFTNUFFT2,31,9,0.082081953
FFTNUFFT2,31,10,0.082278235
FFTNUFFT2,31,11,0.083293181
FFTNUFFT2,31,12,0.083502968
FFTNUFFT2,31,13,0.085307202
FFTNUFFT2,31,14,0.083385338
FFTNUFFT2,31,15,0.08179649
FFTNUFFT2,31,16,0.082121631
FFTNUFFT2,31,17,0.082070562
FFTNUFFT2,31,18,0.082600594
FFTNUFFT2,31,19,0.082566834
FFTNUFFT2,31,20,0.080366132
FFTNUFFT2,31,21,0.085544987
FFTNUFFT2,31,22,0.083209409
FFTNUFFT2,31,23,0.080867492
FFTNUFFT2,31,24,0.084249633
FFTNUFFT2,31,25,0.08171166
FFTNUFFT2,31,26,0.082086272
FFTNUFFT2,31,27,0.083060964
FFTNUFFT2,31,28,0.085457694
FFTNUFFT2,31,29,0.082732173
GatherNUFFT2,31,0,0.00837822
GatherNUFFT2,31,1,0.00867949
GatherNUFFT2,31,2,0.008758143
GatherNUFFT2,31,3,0.010416752
GatherNUFFT2,31,4,0.009757027
GatherNUFFT2,31,5,0.008680962
GatherNUFFT2,31,6,0.009272722
GatherNUFFT2,31,7,0.008937307
GatherNUFFT2,31,8,0.008476232
GatherNUFFT2,31,9,0.008461225
GatherNUFFT2,31,10,0.008176913
GatherNUFFT2,31,11,0.008855773
GatherNUFFT2,31,12,0.008315149
GatherNUFFT2,31,13,0.008828126
GatherNUFFT2,31,14,0.008306958
GatherNUFFT2,31,15,0.009225523
GatherNUFFT2,31,16,0.008471337
GatherNUFFT2,31,17,0.008733152
GatherNUFFT2,31,18,0.009277616
GatherNUFFT2,31,19,0.008548294
GatherNUFFT2,31,20,0.010372752
GatherNUFFT2,31,21,0.008329581
GatherNUFFT2,31,22,0.008752032
GatherNUFFT2,31,23,0.010333714
GatherNUFFT2,31,24,0.00876528
GatherNUFFT2,31,25,0.008297772
GatherNUFFT2,31,26,0.008523207
GatherNUFFT2,31,27,0.008288462
GatherNUFFT2,31,28,0.008763872
GatherNUFFT2,31,29,0.008227312
