Kokkos::OpenMP::initialize WARNING: OMP_PROC_BIND environment variable not set
  In general, for best performance with OpenMP 4.0 or better set OMP_PROC_BIND=spread and OMP_PLACES=threads
  For best performance with OpenMP 3.1 set OMP_PROC_BIND=true
  For unit testing set OMP_PROC_BIND=false

MPI detected: For OpenMP binding to work as intended, MPI ranks must be bound to exclusive CPU sets.

Kokkos::OpenMP::initialize WARNING: OMP_PROC_BIND environment variable not set
  In general, for best performance with OpenMP 4.0 or better set OMP_PROC_BIND=spread and OMP_PLACES=threads
  For best performance with OpenMP 3.1 set OMP_PROC_BIND=true
  For unit testing set OMP_PROC_BIND=false

MPI detected: For OpenMP binding to work as intended, MPI ranks must be bound to exclusive CPU sets.

Kokkos::OpenMP::initialize WARNING: OMP_PROC_BIND environment variable not set
  In general, for best performance with OpenMP 4.0 or better set OMP_PROC_BIND=spread and OMP_PLACES=threads
  For best performance with OpenMP 3.1 set OMP_PROC_BIND=true
  For unit testing set OMP_PROC_BIND=false

MPI detected: For OpenMP binding to work as intended, MPI ranks must be bound to exclusive CPU sets.

Kokkos::OpenMP::initialize WARNING: OMP_PROC_BIND environment variable not set
  In general, for best performance with OpenMP 4.0 or better set OMP_PROC_BIND=spread and OMP_PLACES=threads
  For best performance with OpenMP 3.1 set OMP_PROC_BIND=true
  For unit testing set OMP_PROC_BIND=false

MPI detected: For OpenMP binding to work as intended, MPI ranks must be bound to exclusive CPU sets.

Kokkos::OpenMP::initialize WARNING: OMP_PROC_BIND environment variable not set
  In general, for best performance with OpenMP 4.0 or better set OMP_PROC_BIND=spread and OMP_PLACES=threads
  For best performance with OpenMP 3.1 set OMP_PROC_BIND=true
  For unit testing set OMP_PROC_BIND=false

MPI detected: For OpenMP binding to work as intended, MPI ranks must be bound to exclusive CPU sets.

Kokkos::OpenMP::initialize WARNING: OMP_PROC_BIND environment variable not set
  In general, for best performance with OpenMP 4.0 or better set OMP_PROC_BIND=spread and OMP_PLACES=threads
  For best performance with OpenMP 3.1 set OMP_PROC_BIND=true
  For unit testing set OMP_PROC_BIND=false

MPI detected: For OpenMP binding to work as intended, MPI ranks must be bound to exclusive CPU sets.

Kokkos::OpenMP::initialize WARNING: OMP_PROC_BIND environment variable not set
  In general, for best performance with OpenMP 4.0 or better set OMP_PROC_BIND=spread and OMP_PLACES=threads
  For best performance with OpenMP 3.1 set OMP_PROC_BIND=true
  For unit testing set OMP_PROC_BIND=false

MPI detected: For OpenMP binding to work as intended, MPI ranks must be bound to exclusive CPU sets.

Kokkos::OpenMP::initialize WARNING: OMP_PROC_BIND environment variable not set
  In general, for best performance with OpenMP 4.0 or better set OMP_PROC_BIND=spread and OMP_PLACES=threads
  For best performance with OpenMP 3.1 set OMP_PROC_BIND=true
  For unit testing set OMP_PROC_BIND=false

MPI detected: For OpenMP binding to work as intended, MPI ranks must be bound to exclusive CPU sets.

Kokkos::OpenMP::initialize WARNING: OMP_PROC_BIND environment variable not set
  In general, for best performance with OpenMP 4.0 or better set OMP_PROC_BIND=spread and OMP_PLACES=threads
  For best performance with OpenMP 3.1 set OMP_PROC_BIND=true
  For unit testing set OMP_PROC_BIND=false

MPI detected: For OpenMP binding to work as intended, MPI ranks must be bound to exclusive CPU sets.

Kokkos::OpenMP::initialize WARNING: OMP_PROC_BIND environment variable not set
  In general, for best performance with OpenMP 4.0 or better set OMP_PROC_BIND=spread and OMP_PLACES=threads
  For best performance with OpenMP 3.1 set OMP_PROC_BIND=true
  For unit testing set OMP_PROC_BIND=false

MPI detected: For OpenMP binding to work as intended, MPI ranks must be bound to exclusive CPU sets.

Kokkos::OpenMP::initialize WARNING: OMP_PROC_BIND environment variable not set
  In general, for best performance with OpenMP 4.0 or better set OMP_PROC_BIND=spread and OMP_PLACES=threads
  For best performance with OpenMP 3.1 set OMP_PROC_BIND=true
  For unit testing set OMP_PROC_BIND=false

MPI detected: For OpenMP binding to work as intended, MPI ranks must be bound to exclusive CPU sets.

Kokkos::OpenMP::initialize WARNING: OMP_PROC_BIND environment variable not set
  In general, for best performance with OpenMP 4.0 or better set OMP_PROC_BIND=spread and OMP_PLACES=threads
  For best performance with OpenMP 3.1 set OMP_PROC_BIND=true
  For unit testing set OMP_PROC_BIND=false

Kokkos::OpenMP::initialize WARNING: OMP_PROC_BIND environment variable not set
  In general, for best performance with OpenMP 4.0 or better set OMP_PROC_BIND=spread and OMP_PLACES=threads
  For best performance with OpenMP 3.1 set OMP_PROC_BIND=true
  For unit testing set OMP_PROC_BIND=false

MPI detected: For OpenMP binding to work as intended, MPI ranks must be bound to exclusive CPU sets.

Kokkos::OpenMP::initialize WARNING: OMP_PROC_BIND environment variable not set
  In general, for best performance with OpenMP 4.0 or better set OMP_PROC_BIND=spread and OMP_PLACES=threads
  For best performance with OpenMP 3.1 set OMP_PROC_BIND=true
  For unit testing set OMP_PROC_BIND=false

MPI detected: For OpenMP binding to work as intended, MPI ranks must be bound to exclusive CPU sets.

Kokkos::OpenMP::initialize WARNING: OMP_PROC_BIND environment variable not set
  In general, for best performance with OpenMP 4.0 or better set OMP_PROC_BIND=spread and OMP_PLACES=threads
  For best performance with OpenMP 3.1 set OMP_PROC_BIND=true
  For unit testing set OMP_PROC_BIND=false

MPI detected: For OpenMP binding to work as intended, MPI ranks must be bound to exclusive CPU sets.

MPI detected: For OpenMP binding to work as intended, MPI ranks must be bound to exclusive CPU sets.

Kokkos::OpenMP::initialize WARNING: OMP_PROC_BIND environment variable not set
  In general, for best performance with OpenMP 4.0 or better set OMP_PROC_BIND=spread and OMP_PLACES=threads
  For best performance with OpenMP 3.1 set OMP_PROC_BIND=true
  For unit testing set OMP_PROC_BIND=false

MPI detected: For OpenMP binding to work as intended, MPI ranks must be bound to exclusive CPU sets.

Kokkos::OpenMP::initialize WARNING: OMP_PROC_BIND environment variable not set
  In general, for best performance with OpenMP 4.0 or better set OMP_PROC_BIND=spread and OMP_PLACES=threads
  For best performance with OpenMP 3.1 set OMP_PROC_BIND=true
  For unit testing set OMP_PROC_BIND=false

MPI detected: For OpenMP binding to work as intended, MPI ranks must be bound to exclusive CPU sets.

Kokkos::OpenMP::initialize WARNING: OMP_PROC_BIND environment variable not set
  In general, for best performance with OpenMP 4.0 or better set OMP_PROC_BIND=spread and OMP_PLACES=threads
  For best performance with OpenMP 3.1 set OMP_PROC_BIND=true
  For unit testing set OMP_PROC_BIND=false

MPI detected: For OpenMP binding to work as intended, MPI ranks must be bound to exclusive CPU sets.

Kokkos::OpenMP::initialize WARNING: OMP_PROC_BIND environment variable not set
  In general, for best performance with OpenMP 4.0 or better set OMP_PROC_BIND=spread and OMP_PLACES=threads
  For best performance with OpenMP 3.1 set OMP_PROC_BIND=true
  For unit testing set OMP_PROC_BIND=false

MPI detected: For OpenMP binding to work as intended, MPI ranks must be bound to exclusive CPU sets.

Kokkos::OpenMP::initialize WARNING: OMP_PROC_BIND environment variable not set
  In general, for best performance with OpenMP 4.0 or better set OMP_PROC_BIND=spread and OMP_PLACES=threads
  For best performance with OpenMP 3.1 set OMP_PROC_BIND=true
  For unit testing set OMP_PROC_BIND=false

MPI detected: For OpenMP binding to work as intended, MPI ranks must be bound to exclusive CPU sets.

Kokkos::OpenMP::initialize WARNING: OMP_PROC_BIND environment variable not set
  In general, for best performance with OpenMP 4.0 or better set OMP_PROC_BIND=spread and OMP_PLACES=threads
  For best performance with OpenMP 3.1 set OMP_PROC_BIND=true
  For unit testing set OMP_PROC_BIND=false

MPI detected: For OpenMP binding to work as intended, MPI ranks must be bound to exclusive CPU sets.

Kokkos::OpenMP::initialize WARNING: OMP_PROC_BIND environment variable not set
  In general, for best performance with OpenMP 4.0 or better set OMP_PROC_BIND=spread and OMP_PLACES=threads
  For best performance with OpenMP 3.1 set OMP_PROC_BIND=true
  For unit testing set OMP_PROC_BIND=false

MPI detected: For OpenMP binding to work as intended, MPI ranks must be bound to exclusive CPU sets.

Kokkos::OpenMP::initialize WARNING: OMP_PROC_BIND environment variable not set
  In general, for best performance with OpenMP 4.0 or better set OMP_PROC_BIND=spread and OMP_PLACES=threads
  For best performance with OpenMP 3.1 set OMP_PROC_BIND=true
  For unit testing set OMP_PROC_BIND=false

MPI detected: For OpenMP binding to work as intended, MPI ranks must be bound to exclusive CPU sets.

Kokkos::OpenMP::initialize WARNING: OMP_PROC_BIND environment variable not set
  In general, for best performance with OpenMP 4.0 or better set OMP_PROC_BIND=spread and OMP_PLACES=threads
  For best performance with OpenMP 3.1 set OMP_PROC_BIND=true
  For unit testing set OMP_PROC_BIND=false

MPI detected: For OpenMP binding to work as intended, MPI ranks must be bound to exclusive CPU sets.

Kokkos::OpenMP::initialize WARNING: OMP_PROC_BIND environment variable not set
  In general, for best performance with OpenMP 4.0 or better set OMP_PROC_BIND=spread and OMP_PLACES=threads
  For best performance with OpenMP 3.1 set OMP_PROC_BIND=true
  For unit testing set OMP_PROC_BIND=false

MPI detected: For OpenMP binding to work as intended, MPI ranks must be bound to exclusive CPU sets.

Kokkos::OpenMP::initialize WARNING: OMP_PROC_BIND environment variable not set
  In general, for best performance with OpenMP 4.0 or better set OMP_PROC_BIND=spread and OMP_PLACES=threads
  For best performance with OpenMP 3.1 set OMP_PROC_BIND=true
  For unit testing set OMP_PROC_BIND=false

MPI detected: For OpenMP binding to work as intended, MPI ranks must be bound to exclusive CPU sets.

Kokkos::OpenMP::initialize WARNING: OMP_PROC_BIND environment variable not set
  In general, for best performance with OpenMP 4.0 or better set OMP_PROC_BIND=spread and OMP_PLACES=threads
  For best performance with OpenMP 3.1 set OMP_PROC_BIND=true
  For unit testing set OMP_PROC_BIND=false

MPI detected: For OpenMP binding to work as intended, MPI ranks must be bound to exclusive CPU sets.

Kokkos::OpenMP::initialize WARNING: OMP_PROC_BIND environment variable not set
  In general, for best performance with OpenMP 4.0 or better set OMP_PROC_BIND=spread and OMP_PLACES=threads
  For best performance with OpenMP 3.1 set OMP_PROC_BIND=true
  For unit testing set OMP_PROC_BIND=false

MPI detected: For OpenMP binding to work as intended, MPI ranks must be bound to exclusive CPU sets.

Kokkos::OpenMP::initialize WARNING: OMP_PROC_BIND environment variable not set
  In general, for best performance with OpenMP 4.0 or better set OMP_PROC_BIND=spread and OMP_PLACES=threads
  For best performance with OpenMP 3.1 set OMP_PROC_BIND=true
  For unit testing set OMP_PROC_BIND=false

MPI detected: For OpenMP binding to work as intended, MPI ranks must be bound to exclusive CPU sets.

Kokkos::OpenMP::initialize WARNING: OMP_PROC_BIND environment variable not set
  In general, for best performance with OpenMP 4.0 or better set OMP_PROC_BIND=spread and OMP_PLACES=threads
  For best performance with OpenMP 3.1 set OMP_PROC_BIND=true
  For unit testing set OMP_PROC_BIND=false

MPI detected: For OpenMP binding to work as intended, MPI ranks must be bound to exclusive CPU sets.

Kokkos::OpenMP::initialize WARNING: OMP_PROC_BIND environment variable not set
  In general, for best performance with OpenMP 4.0 or better set OMP_PROC_BIND=spread and OMP_PLACES=threads
  For best performance with OpenMP 3.1 set OMP_PROC_BIND=true
  For unit testing set OMP_PROC_BIND=false

MPI detected: For OpenMP binding to work as intended, MPI ranks must be bound to exclusive CPU sets.

Kokkos::OpenMP::initialize WARNING: OMP_PROC_BIND environment variable not set
  In general, for best performance with OpenMP 4.0 or better set OMP_PROC_BIND=spread and OMP_PLACES=threads
  For best performance with OpenMP 3.1 set OMP_PROC_BIND=true
  For unit testing set OMP_PROC_BIND=false

MPI detected: For OpenMP binding to work as intended, MPI ranks must be bound to exclusive CPU sets.

Kokkos::OpenMP::initialize WARNING: OMP_PROC_BIND environment variable not set
  In general, for best performance with OpenMP 4.0 or better set OMP_PROC_BIND=spread and OMP_PLACES=threads
  For best performance with OpenMP 3.1 set OMP_PROC_BIND=true
  For unit testing set OMP_PROC_BIND=false

MPI detected: For OpenMP binding to work as intended, MPI ranks must be bound to exclusive CPU sets.

Kokkos::OpenMP::initialize WARNING: OMP_PROC_BIND environment variable not set
  In general, for best performance with OpenMP 4.0 or better set OMP_PROC_BIND=spread and OMP_PLACES=threads
  For best performance with OpenMP 3.1 set OMP_PROC_BIND=true
  For unit testing set OMP_PROC_BIND=false

MPI detected: For OpenMP binding to work as intended, MPI ranks must be bound to exclusive CPU sets.

Kokkos::OpenMP::initialize WARNING: OMP_PROC_BIND environment variable not set
  In general, for best performance with OpenMP 4.0 or better set OMP_PROC_BIND=spread and OMP_PLACES=threads
  For best performance with OpenMP 3.1 set OMP_PROC_BIND=true
  For unit testing set OMP_PROC_BIND=false

MPI detected: For OpenMP binding to work as intended, MPI ranks must be bound to exclusive CPU sets.

Kokkos::OpenMP::initialize WARNING: OMP_PROC_BIND environment variable not set
  In general, for best performance with OpenMP 4.0 or better set OMP_PROC_BIND=spread and OMP_PLACES=threads
  For best performance with OpenMP 3.1 set OMP_PROC_BIND=true
  For unit testing set OMP_PROC_BIND=false

MPI detected: For OpenMP binding to work as intended, MPI ranks must be bound to exclusive CPU sets.

Kokkos::OpenMP::initialize WARNING: OMP_PROC_BIND environment variable not set
  In general, for best performance with OpenMP 4.0 or better set OMP_PROC_BIND=spread and OMP_PLACES=threads
  For best performance with OpenMP 3.1 set OMP_PROC_BIND=true
  For unit testing set OMP_PROC_BIND=false

MPI detected: For OpenMP binding to work as intended, MPI ranks must be bound to exclusive CPU sets.

Kokkos::OpenMP::initialize WARNING: OMP_PROC_BIND environment variable not set
  In general, for best performance with OpenMP 4.0 or better set OMP_PROC_BIND=spread and OMP_PLACES=threads
  For best performance with OpenMP 3.1 set OMP_PROC_BIND=true
  For unit testing set OMP_PROC_BIND=false

MPI detected: For OpenMP binding to work as intended, MPI ranks must be bound to exclusive CPU sets.

Kokkos::OpenMP::initialize WARNING: OMP_PROC_BIND environment variable not set
  In general, for best performance with OpenMP 4.0 or better set OMP_PROC_BIND=spread and OMP_PLACES=threads
  For best performance with OpenMP 3.1 set OMP_PROC_BIND=true
  For unit testing set OMP_PROC_BIND=false

MPI detected: For OpenMP binding to work as intended, MPI ranks must be bound to exclusive CPU sets.

Kokkos::OpenMP::initialize WARNING: OMP_PROC_BIND environment variable not set
  In general, for best performance with OpenMP 4.0 or better set OMP_PROC_BIND=spread and OMP_PLACES=threads
  For best performance with OpenMP 3.1 set OMP_PROC_BIND=true
  For unit testing set OMP_PROC_BIND=false

MPI detected: For OpenMP binding to work as intended, MPI ranks must be bound to exclusive CPU sets.

Kokkos::OpenMP::initialize WARNING: OMP_PROC_BIND environment variable not set
  In general, for best performance with OpenMP 4.0 or better set OMP_PROC_BIND=spread and OMP_PLACES=threads
  For best performance with OpenMP 3.1 set OMP_PROC_BIND=true
  For unit testing set OMP_PROC_BIND=false

MPI detected: For OpenMP binding to work as intended, MPI ranks must be bound to exclusive CPU sets.

Kokkos::OpenMP::initialize WARNING: OMP_PROC_BIND environment variable not set
  In general, for best performance with OpenMP 4.0 or better set OMP_PROC_BIND=spread and OMP_PLACES=threads
  For best performance with OpenMP 3.1 set OMP_PROC_BIND=true
  For unit testing set OMP_PROC_BIND=false

MPI detected: For OpenMP binding to work as intended, MPI ranks must be bound to exclusive CPU sets.

Kokkos::OpenMP::initialize WARNING: OMP_PROC_BIND environment variable not set
  In general, for best performance with OpenMP 4.0 or better set OMP_PROC_BIND=spread and OMP_PLACES=threads
  For best performance with OpenMP 3.1 set OMP_PROC_BIND=true
  For unit testing set OMP_PROC_BIND=false

MPI detected: For OpenMP binding to work as intended, MPI ranks must be bound to exclusive CPU sets.

Kokkos::OpenMP::initialize WARNING: OMP_PROC_BIND environment variable not set
  In general, for best performance with OpenMP 4.0 or better set OMP_PROC_BIND=spread and OMP_PLACES=threads
  For best performance with OpenMP 3.1 set OMP_PROC_BIND=true
  For unit testing set OMP_PROC_BIND=false

MPI detected: For OpenMP binding to work as intended, MPI ranks must be bound to exclusive CPU sets.

Kokkos::OpenMP::initialize WARNING: OMP_PROC_BIND environment variable not set
  In general, for best performance with OpenMP 4.0 or better set OMP_PROC_BIND=spread and OMP_PLACES=threads
  For best performance with OpenMP 3.1 set OMP_PROC_BIND=true
  For unit testing set OMP_PROC_BIND=false

MPI detected: For OpenMP binding to work as intended, MPI ranks must be bound to exclusive CPU sets.

Kokkos::OpenMP::initialize WARNING: OMP_PROC_BIND environment variable not set
  In general, for best performance with OpenMP 4.0 or better set OMP_PROC_BIND=spread and OMP_PLACES=threads
  For best performance with OpenMP 3.1 set OMP_PROC_BIND=true
  For unit testing set OMP_PROC_BIND=false

MPI detected: For OpenMP binding to work as intended, MPI ranks must be bound to exclusive CPU sets.

Kokkos::OpenMP::initialize WARNING: OMP_PROC_BIND environment variable not set
  In general, for best performance with OpenMP 4.0 or better set OMP_PROC_BIND=spread and OMP_PLACES=threads
  For best performance with OpenMP 3.1 set OMP_PROC_BIND=true
  For unit testing set OMP_PROC_BIND=false

MPI detected: For OpenMP binding to work as intended, MPI ranks must be bound to exclusive CPU sets.

Kokkos::OpenMP::initialize WARNING: OMP_PROC_BIND environment variable not set
  In general, for best performance with OpenMP 4.0 or better set OMP_PROC_BIND=spread and OMP_PLACES=threads
  For best performance with OpenMP 3.1 set OMP_PROC_BIND=true
  For unit testing set OMP_PROC_BIND=false

MPI detected: For OpenMP binding to work as intended, MPI ranks must be bound to exclusive CPU sets.

Kokkos::OpenMP::initialize WARNING: OMP_PROC_BIND environment variable not set
  In general, for best performance with OpenMP 4.0 or better set OMP_PROC_BIND=spread and OMP_PLACES=threads
  For best performance with OpenMP 3.1 set OMP_PROC_BIND=true
  For unit testing set OMP_PROC_BIND=false

MPI detected: For OpenMP binding to work as intended, MPI ranks must be bound to exclusive CPU sets.

Kokkos::OpenMP::initialize WARNING: OMP_PROC_BIND environment variable not set
  In general, for best performance with OpenMP 4.0 or better set OMP_PROC_BIND=spread and OMP_PLACES=threads
  For best performance with OpenMP 3.1 set OMP_PROC_BIND=true
  For unit testing set OMP_PROC_BIND=false

MPI detected: For OpenMP binding to work as intended, MPI ranks must be bound to exclusive CPU sets.

Kokkos::OpenMP::initialize WARNING: OMP_PROC_BIND environment variable not set
  In general, for best performance with OpenMP 4.0 or better set OMP_PROC_BIND=spread and OMP_PLACES=threads
  For best performance with OpenMP 3.1 set OMP_PROC_BIND=true
  For unit testing set OMP_PROC_BIND=false

MPI detected: For OpenMP binding to work as intended, MPI ranks must be bound to exclusive CPU sets.

Kokkos::OpenMP::initialize WARNING: OMP_PROC_BIND environment variable not set
  In general, for best performance with OpenMP 4.0 or better set OMP_PROC_BIND=spread and OMP_PLACES=threads
  For best performance with OpenMP 3.1 set OMP_PROC_BIND=true
  For unit testing set OMP_PROC_BIND=false

MPI detected: For OpenMP binding to work as intended, MPI ranks must be bound to exclusive CPU sets.

Kokkos::OpenMP::initialize WARNING: OMP_PROC_BIND environment variable not set
  In general, for best performance with OpenMP 4.0 or better set OMP_PROC_BIND=spread and OMP_PLACES=threads
  For best performance with OpenMP 3.1 set OMP_PROC_BIND=true
  For unit testing set OMP_PROC_BIND=false

MPI detected: For OpenMP binding to work as intended, MPI ranks must be bound to exclusive CPU sets.

Kokkos::OpenMP::initialize WARNING: OMP_PROC_BIND environment variable not set
  In general, for best performance with OpenMP 4.0 or better set OMP_PROC_BIND=spread and OMP_PLACES=threads
  For best performance with OpenMP 3.1 set OMP_PROC_BIND=true
  For unit testing set OMP_PROC_BIND=false

MPI detected: For OpenMP binding to work as intended, MPI ranks must be bound to exclusive CPU sets.

Kokkos::OpenMP::initialize WARNING: OMP_PROC_BIND environment variable not set
  In general, for best performance with OpenMP 4.0 or better set OMP_PROC_BIND=spread and OMP_PLACES=threads
  For best performance with OpenMP 3.1 set OMP_PROC_BIND=true
  For unit testing set OMP_PROC_BIND=false

MPI detected: For OpenMP binding to work as intended, MPI ranks must be bound to exclusive CPU sets.

Kokkos::OpenMP::initialize WARNING: OMP_PROC_BIND environment variable not set
  In general, for best performance with OpenMP 4.0 or better set OMP_PROC_BIND=spread and OMP_PLACES=threads
  For best performance with OpenMP 3.1 set OMP_PROC_BIND=true
  For unit testing set OMP_PROC_BIND=false

MPI detected: For OpenMP binding to work as intended, MPI ranks must be bound to exclusive CPU sets.

Kokkos::OpenMP::initialize WARNING: OMP_PROC_BIND environment variable not set
  In general, for best performance with OpenMP 4.0 or better set OMP_PROC_BIND=spread and OMP_PLACES=threads
  For best performance with OpenMP 3.1 set OMP_PROC_BIND=true
  For unit testing set OMP_PROC_BIND=false

MPI detected: For OpenMP binding to work as intended, MPI ranks must be bound to exclusive CPU sets.

Kokkos::OpenMP::initialize WARNING: OMP_PROC_BIND environment variable not set
  In general, for best performance with OpenMP 4.0 or better set OMP_PROC_BIND=spread and OMP_PLACES=threads
  For best performance with OpenMP 3.1 set OMP_PROC_BIND=true
  For unit testing set OMP_PROC_BIND=false

MPI detected: For OpenMP binding to work as intended, MPI ranks must be bound to exclusive CPU sets.

Kokkos::OpenMP::initialize WARNING: OMP_PROC_BIND environment variable not set
  In general, for best performance with OpenMP 4.0 or better set OMP_PROC_BIND=spread and OMP_PLACES=threads
  For best performance with OpenMP 3.1 set OMP_PROC_BIND=true
  For unit testing set OMP_PROC_BIND=false

MPI detected: For OpenMP binding to work as intended, MPI ranks must be bound to exclusive CPU sets.

Kokkos::OpenMP::initialize WARNING: OMP_PROC_BIND environment variable not set
  In general, for best performance with OpenMP 4.0 or better set OMP_PROC_BIND=spread and OMP_PLACES=threads
  For best performance with OpenMP 3.1 set OMP_PROC_BIND=true
  For unit testing set OMP_PROC_BIND=false

MPI detected: For OpenMP binding to work as intended, MPI ranks must be bound to exclusive CPU sets.

Kokkos::OpenMP::initialize WARNING: OMP_PROC_BIND environment variable not set
  In general, for best performance with OpenMP 4.0 or better set OMP_PROC_BIND=spread and OMP_PLACES=threads
  For best performance with OpenMP 3.1 set OMP_PROC_BIND=true
  For unit testing set OMP_PROC_BIND=false

MPI detected: For OpenMP binding to work as intended, MPI ranks must be bound to exclusive CPU sets.

Kokkos::OpenMP::initialize WARNING: OMP_PROC_BIND environment variable not set
  In general, for best performance with OpenMP 4.0 or better set OMP_PROC_BIND=spread and OMP_PLACES=threads
  For best performance with OpenMP 3.1 set OMP_PROC_BIND=true
  For unit testing set OMP_PROC_BIND=false

MPI detected: For OpenMP binding to work as intended, MPI ranks must be bound to exclusive CPU sets.

Kokkos::OpenMP::initialize WARNING: OMP_PROC_BIND environment variable not set
  In general, for best performance with OpenMP 4.0 or better set OMP_PROC_BIND=spread and OMP_PLACES=threads
  For best performance with OpenMP 3.1 set OMP_PROC_BIND=true
  For unit testing set OMP_PROC_BIND=false

MPI detected: For OpenMP binding to work as intended, MPI ranks must be bound to exclusive CPU sets.

Kokkos::OpenMP::initialize WARNING: OMP_PROC_BIND environment variable not set
  In general, for best performance with OpenMP 4.0 or better set OMP_PROC_BIND=spread and OMP_PLACES=threads
  For best performance with OpenMP 3.1 set OMP_PROC_BIND=true
  For unit testing set OMP_PROC_BIND=false

MPI detected: For OpenMP binding to work as intended, MPI ranks must be bound to exclusive CPU sets.

terminate called after throwing an instance of 'std::runtime_error'
terminate called after throwing an instance of 'std::runtime_error'
terminate called after throwing an instance of 'std::runtime_error'
terminate called after throwing an instance of 'std::runtime_error'
  what():  cudaMalloc() failed with message: out of memory
  what():  cudaMalloc() failed with message: out of memory
  what():  cudaMalloc() failed with message: out of memory
terminate called after throwing an instance of 'std::runtime_error'
terminate called after throwing an instance of 'std::runtime_error'
  what():  cudaMalloc() failed with message: out of memory
[jwb0488:1005650] *** Process received signal ***
[jwb0488:1005650] Signal: Aborted (6)
[jwb0488:1005650] Signal code:  (-6)
terminate called after throwing an instance of 'std::runtime_error'
terminate called after throwing an instance of 'std::runtime_error'
[jwb0488:1005649] *** Process received signal ***
[jwb0488:1005649] Signal: Aborted (6)
[jwb0488:1005649] Signal code:  (-6)
terminate called after throwing an instance of 'std::runtime_error'
terminate called after throwing an instance of 'std::runtime_error'
[jwb0488:1005651] *** Process received signal ***
[jwb0488:1005651] Signal: Aborted (6)
[jwb0488:1005651] Signal code:  (-6)
terminate called after throwing an instance of 'std::runtime_error'
terminate called after throwing an instance of 'std::runtime_error'
[jwb0488:1005652] *** Process received signal ***
[jwb0488:1005652] Signal: Aborted (6)
[jwb0488:1005652] Signal code:  (-6)
  what():  cudaMalloc() failed with message: out of memory
[jwb0488:1005651] [ 0] /usr/lib64/libc.so.6(+0x3fc30)[0x14755bb74c30]
[jwb0488:1005651] [ 1] /usr/lib64/libc.so.6(+0x8d02c)[0x14755bbc202c]
[jwb0488:1005651] [ 2] /usr/lib64/libc.so.6(raise+0x16)[0x14755bb74b86]
[jwb0488:1005651] [ 3] /usr/lib64/libc.so.6(abort+0xd3)[0x14755bb5e873]
[jwb0488:1005651] [ 4] /p/software/default/stages/2026/software/GCCcore/14.3.0/lib64/libstdc++.so.6(+0xadc3d)[0x14755be19c3d]
[jwb0488:1005651] [ 5] /p/software/default/stages/2026/software/GCCcore/14.3.0/lib64/libstdc++.so.6(+0xbf14a)[0x14755be2b14a]
[jwb0488:1005651] [ 6] /p/software/default/stages/2026/software/GCCcore/14.3.0/lib64/libstdc++.so.6(_ZSt10unexpectedv+0x0)[0x14755be197e9]
[jwb0488:1005651] [ 7] /p/software/default/stages/2026/software/GCCcore/14.3.0/lib64/libstdc++.so.6(+0xbf3c7)[0x14755be2b3c7]
[jwb0488:1005651] [ 8] /p/home/jusers/fischill1/juwels/ippl/build_fin/alpine/ElectrostaticPIF/LandauDampingPIF(_ZN6heffte4cuda11check_errorE9cudaErrorPKc+0xb4)[0x462aa4]
  what():  cudaMalloc() failed with message: out of memory
  what():  cudaMalloc() failed with message: out of memory
[jwb0488:1005651] [ 9] /p/home/jusers/fischill1/juwels/ippl/build_fin/alpine/  what():  cudaMalloc() failed with message: out of memory
  what():  cudaMalloc() failed with message: out of memory
ElectrostaticPIF/LandauDampingPIF[0x5df596]
[jwb0488:1005651] [10] /p/home/jusers/fischill1/juwels/ippl/build_fin/alpine/ElectrostaticPIF/LandauDampingPIF[0x5e062e]
[jwb0488:1005651] [11] /p/home/jusers/fischill1/juwels/ippl/build_fin/alpine/ElectrostaticPIF/LandauDampingPIF[0x5e220b]
  what():  cudaMalloc() failed with message: out of memory
  what():  cudaMalloc() failed with message: out of memory
[jwb0488:1005650] [ 0] /usr/lib64/libc.so.6(+0x3fc30)[0x152964c50c30]
[jwb0488:1005650] [ 1] /usr/lib64/libc.so.6(+0x8d02c)[0x152964c9e02c]
[jwb0488:1005650] [ 2] /usr/lib64/libc.so.6(raise+0x16)[0x152964c50b86]
[jwb0488:1005650] [ 3] /usr/lib64/libc.so.6(abort+0xd3)[0x152964c3a873]
[jwb0488:1005650] [ 4] /p/software/default/stages/2026/software/GCCcore/14.3.0/lib64/libstdc++.so.6(+0xadc3d)[0x152964ef5c3d]
[jwb0488:1005650] [ 5] /p/software/default/stages/2026/software/GCCcore/14.3.0/lib64/libstdc++.so.6(+0xbf14a)[0x152964f0714a]
[jwb0488:1005650] [ 6] /p/software/default/stages/2026/software/GCCcore/14.3.0/lib64/libstdc++.so.6(_ZSt10unexpectedv+0x0)[0x152964ef57e9]
[jwb0488:1005650] [ 7] /p/software/default/stages/2026/software/GCCcore/14.3.0/lib64/libstdc++.so.6(+0xbf3c7)[0x152964f073c7]
[jwb0488:1005650] [ 8] /p/home/jusers/fischill1/juwels/ippl/build_fin/alpine/ElectrostaticPIF/LandauDampingPIF(_ZN6heffte4cuda11check_errorE9cudaErrorPKc+0xb4)[0x462aa4]
[jwb0503:2168060] *** Process received signal ***
[jwb0503:2168060] Signal: Aborted (6)
[jwb0503:2168060] Signal code:  (-6)
  what():  cudaMalloc() failed with message: out of memory
[jwb0288:4030102] *** Process received signal ***
[jwb0488:1005650] [ 9] /p/home/jusers/fischill1/juwels/ippl/build_fin/alpine/[jwb0503:2168061] *** Process received signal ***
[jwb0503:2168061] Signal: Aborted (6)
[jwb0503:2168061] Signal code:  (-6)
[jwb0288:4030101] *** Process received signal ***
[jwb0288:4030101] Signal: Aborted (6)
[jwb0288:4030101] Signal code:  (-6)
ElectrostaticPIF/LandauDampingPIF[0x5df596]
[jwb0488:1005650] [10] /p/home/jusers/fischill1/juwels/ippl/build_fin/alpine/ElectrostaticPIF/LandauDampingPIF[0x5e062e]
[jwb0488:1005650] [11] /p/home/jusers/fischill1/juwels/ippl/build_fin/alpine/ElectrostaticPIF/LandauDampingPIF[0x5e220b]
[jwb0488:1005650] [12] /p/home/jusers/fischill1/juwels/ippl/build_fin/alpine/ElectrostaticPIF/LandauDampingPIF[0x5e2e68]
[jwb0488:1005650] [13] /p/home/jusers/fischill1/juwels/ippl/build_fin/alpine/ElectrostaticPIF/LandauDampingPIF[0x5e3837]
[jwb0488:1005650] [14] /p/home/jusers/fischill1/juwels/ippl/build_fin/alpine/ElectrostaticPIF/LandauDampingPIF[0x423714]
[jwb0488:1005650] [15] /usr/lib64/libc.so.6(+0x2a610)[0x152964c3b610]
[jwb0488:1005650] [16] /usr/lib64/libc.so.6(__libc_start_main+0x80)[0x152964c3b6c0]
[jwb0488:1005650] [17] /p/home/jusers/fischill1/juwels/ippl/build_fin/alpine/ElectrostaticPIF/LandauDampingPIF[0x425995]
[jwb0488:1005650] *** End of error message ***
[jwb0503:2168059] *** Process received signal ***
[jwb0503:2168059] Signal: Aborted (6)
[jwb0503:2168059] Signal code:  (-6)
[jwb0288:4030103] *** Process received signal ***
[jwb0288:4030103] Signal: Aborted (6)
[jwb0288:4030103] Signal code:  (-6)
[jwb0488:1005651] [12] /p/home/jusers/fischill1/juwels/ippl/build_fin/alpine/ElectrostaticPIF/LandauDampingPIF[0x5e2e68]
[jwb0488:1005651] [13] /p/home/jusers/fischill1/juwels/ippl/build_fin/alpine/ElectrostaticPIF/LandauDampingPIF[0x5e3837]
[jwb0488:1005651] [14] /p/home/jusers/fischill1/juwels/ippl/build_fin/alpine/ElectrostaticPIF/LandauDampingPIF[0x423714]
[jwb0488:1005651] [15] /usr/lib64/libc.so.6(+0x2a610)[0x14755bb5f610]
[jwb0488:1005651] [16] /usr/lib64/libc.so.6(__libc_start_main+0x80)[0x14755bb5f6c0]
[jwb0488:1005651] [17] /p/home/jusers/fischill1/juwels/ippl/build_fin/alpine/ElectrostaticPIF/LandauDampingPIF[0x425995]
[jwb0488:1005651] *** End of error message ***
[jwb0503:2168062] *** Process received signal ***
[jwb0503:2168062] Signal: Aborted (6)
[jwb0503:2168062] Signal code:  (-6)
[jwb0288:4030100] *** Process received signal ***
[jwb0288:4030100] Signal: Aborted (6)
[jwb0288:4030100] Signal code:  (-6)
[jwb0503:2168059] [ 0] /usr/lib64/libc.so.6(+0x3fc30)[0x148625e76c30]
[jwb0288:4030102] Signal: Aborted (6)
[jwb0288:4030102] Signal code:  (-6)
[jwb0488:1005652] [ 0] /usr/lib64/libc.so.6(+0x3fc30)[0x14b4d4dadc30]
[jwb0488:1005652] [ 1] /usr/lib64/libc.so.6(+0x8d02c)[0x14b4d4dfb02c]
[jwb0488:1005652] [ 2] /usr/lib64/libc.so.6(raise+0x16)[0x14b4d4dadb86]
[jwb0488:1005652] [ 3] /usr/lib64/libc.so.6(abort+0xd3)[0x14b4d4d97873]
[jwb0488:1005652] [ 4] /p/software/default/stages/2026/software/GCCcore/14.3.0/lib64/libstdc++.so.6(+0xadc3d)[0x14b4d5052c3d]
[jwb0488:1005652] [ 5] /p/software/default/stages/2026/software/GCCcore/14.3.0/lib64/libstdc++.so.6(+0xbf14a)[0x14b4d506414a]
[jwb0488:1005652] [ 6] /p/software/default/stages/2026/software/GCCcore/14.3.0/lib64/libstdc++.so.6(_ZSt10unexpectedv+0x0)[0x14b4d50527e9]
[jwb0488:1005652] [ 7] /p/software/default/stages/2026/software/GCCcore/14.3.0/lib64/libstdc++.so.6(+0xbf3c7)[0x14b4d50643c7]
[jwb0488:1005652] [ 8] /p/home/jusers/fischill1/juwels/ippl/build_fin/alpine/ElectrostaticPIF/LandauDampingPIF(_ZN6heffte4cuda11check_errorE9cudaErrorPKc+0xb4)[0x462aa4]
[jwb0488:1005652] [ 9] /p/home/jusers/fischill1/juwels/ippl/build_fin/alpine/[jwb0503:2168060] [ 0] /usr/lib64/libc.so.6(+0x3fc30)[0x14b11ddd3c30]
[jwb0503:2168060] [ 1] /usr/lib64/libc.so.6(+0x8d02c)[0x14b11de2102c]
[jwb0503:2168060] [ 2] /usr/lib64/libc.so.6(raise+0x16)[0x14b11ddd3b86]
[jwb0503:2168060] [ 3] /usr/lib64/libc.so.6(abort+0xd3)[0x14b11ddbd873]
[jwb0503:2168060] [ 4] /p/software/default/stages/2026/software/GCCcore/14.3.0/lib64/libstdc++.so.6(+0xadc3d)[0x14b11e078c3d]
[jwb0503:2168060] [ 5] /p/software/default/stages/2026/software/GCCcore/14.3.0/lib64/libstdc++.so.6(+0xbf14a)[0x14b11e08a14a]
[jwb0503:2168060] [ 6] /p/software/default/stages/2026/software/GCCcore/14.3.0/lib64/libstdc++.so.6(_ZSt10unexpectedv+0x0)[0x14b11e0787e9]
[jwb0503:2168060] [ 7] /p/software/default/stages/2026/software/GCCcore/14.3.0/lib64/libstdc++.so.6(+0xbf3c7)[0x14b11e08a3c7]
[jwb0503:2168060] [ 8] /p/home/jusers/fischill1/juwels/ippl/build_fin/alpine/ElectrostaticPIF/LandauDampingPIF(_ZN6heffte4cuda11check_errorE9cudaErrorPKc+0xb4)[0x462aa4]
[jwb0488:1005649] [ 0] /usr/lib64/libc.so.6(+0x3fc30)[0x14d38cf56c30]
[jwb0488:1005649] [ 1] /usr/lib64/libc.so.6(+0x8d02c)[0x14d38cfa402c]
[jwb0488:1005649] [ 2] /usr/lib64/libc.so.6(raise+0x16)[0x14d38cf56b86]
[jwb0488:1005649] [ 3] /usr/lib64/libc.so.6(abort+0xd3)[0x14d38cf40873]
[jwb0488:1005649] [ 4] /p/software/default/stages/2026/software/GCCcore/14.3.0/lib64/libstdc++.so.6(+0xadc3d)[0x14d38d1fbc3d]
[jwb0488:1005649] [ 5] /p/software/default/stages/2026/software/GCCcore/14.3.0/lib64/libstdc++.so.6(+0xbf14a)[0x14d38d20d14a]
[jwb0488:1005649] [ 6] /p/software/default/stages/2026/software/GCCcore/14.3.0/lib64/libstdc++.so.6(_ZSt10unexpectedv+0x0)[0x14d38d1fb7e9]
[jwb0488:1005649] [ 7] /p/software/default/stages/2026/software/GCCcore/14.3.0/lib64/libstdc++.so.6(+0xbf3c7)[0x14d38d20d3c7]
[jwb0488:1005649] [ 8] /p/home/jusers/fischill1/juwels/ippl/build_fin/alpine/ElectrostaticPIF/LandauDampingPIF(_ZN6heffte4cuda11check_errorE9cudaErrorPKc+0xb4)[0x462aa4]
[jwb0488:1005649] [ 9] /p/home/jusers/fischill1/juwels/ippl/build_fin/alpine/ElectrostaticPIF/LandauDampingPIF[0x5df596]
[jwb0488:1005652] [10] /p/home/jusers/fischill1/juwels/ippl/build_fin/alpine/ElectrostaticPIF/LandauDampingPIF[0x5e062e]
[jwb0488:1005652] [11] /p/home/jusers/fischill1/juwels/ippl/build_fin/alpine/ElectrostaticPIF/LandauDampingPIF[0x5e220b]
[jwb0488:1005652] [12] /p/home/jusers/fischill1/juwels/ippl/build_fin/alpine/ElectrostaticPIF/LandauDampingPIF[0x5e2e68]
[jwb0488:1005652] [13] /p/home/jusers/fischill1/juwels/ippl/build_fin/alpine/ElectrostaticPIF/LandauDampingPIF[0x5e3837]
[jwb0488:1005652] [14] /p/home/jusers/fischill1/juwels/ippl/build_fin/alpine/ElectrostaticPIF/LandauDampingPIF[0x423714]
[jwb0488:1005652] [15] /usr/lib64/libc.so.6(+0x2a610)[0x14b4d4d98610]
[jwb0488:1005652] [16] /usr/lib64/libc.so.6(__libc_start_main+0x80)[0x14b4d4d986c0]
[jwb0488:1005652] [17] /p/home/jusers/fischill1/juwels/ippl/build_fin/alpine/ElectrostaticPIF/LandauDampingPIF[0x425995]
[jwb0488:1005652] *** End of error message ***
[jwb0503:2168060] [ 9] /p/home/jusers/fischill1/juwels/ippl/build_fin/alpine/ElectrostaticPIF/LandauDampingPIF[0x5df596]
[jwb0488:1005649] [10] /p/home/jusers/fischill1/juwels/ippl/build_fin/alpine/ElectrostaticPIF/LandauDampingPIF[0x5e062e]
[jwb0488:1005649] [11] /p/home/jusers/fischill1/juwels/ippl/build_fin/alpine/ElectrostaticPIF/LandauDampingPIF[0x5e220b]
[jwb0488:1005649] [12] /p/home/jusers/fischill1/juwels/ippl/build_fin/alpine/ElectrostaticPIF/LandauDampingPIF[0x5e2e68]
[jwb0488:1005649] [13] /p/home/jusers/fischill1/juwels/ippl/build_fin/alpine/ElectrostaticPIF/LandauDampingPIF[0x5e3837]
[jwb0488:1005649] [14] /p/home/jusers/fischill1/juwels/ippl/build_fin/alpine/ElectrostaticPIF/LandauDampingPIF[0x423714]
[jwb0488:1005649] [15] /usr/lib64/libc.so.6(+0x2a610)[0x14d38cf41610]
[jwb0488:1005649] [16] /usr/lib64/libc.so.6(__libc_start_main+0x80)[0x14d38cf416c0]
[jwb0488:1005649] [17] /p/home/jusers/fischill1/juwels/ippl/build_fin/alpine/ElectrostaticPIF/LandauDampingPIF[0x425995]
[jwb0488:1005649] *** End of error message ***
[jwb0503:2168059] [ 1] /usr/lib64/libc.so.6(+0x8d02c)[0x148625ec402c]
[jwb0503:2168059] [ 2] /usr/lib64/libc.so.6(raise+0x16)[0x148625e76b86]
[jwb0503:2168059] [ 3] /usr/lib64/libc.so.6(abort+0xd3)[0x148625e60873]
[jwb0503:2168059] [ 4] /p/software/default/stages/2026/software/GCCcore/14.3.0/lib64/libstdc++.so.6(+0xadc3d)[0x14862611bc3d]
[jwb0503:2168059] [ 5] /p/software/default/stages/2026/software/GCCcore/14.3.0/lib64/libstdc++.so.6(+0xbf14a)[0x14862612d14a]
[jwb0503:2168059] [ 6] /p/software/default/stages/2026/software/GCCcore/14.3.0/lib64/libstdc++.so.6(_ZSt10unexpectedv+0x0)[0x14862611b7e9]
[jwb0503:2168059] [ 7] /p/software/default/stages/2026/software/GCCcore/14.3.0/lib64/libstdc++.so.6(+0xbf3c7)[0x14862612d3c7]
[jwb0503:2168059] [ 8] /p/home/jusers/fischill1/juwels/ippl/build_fin/alpine/ElectrostaticPIF/LandauDampingPIF(_ZN6heffte4cuda11check_errorE9cudaErrorPKc+0xb4)[0x462aa4]
[jwb0503:2168059] [ 9] /p/home/jusers/fischill1/juwels/ippl/build_fin/alpine/ElectrostaticPIF/LandauDampingPIF[0x5df596]
[jwb0503:2168059] [10] /p/ElectrostaticPIF/LandauDampingPIF[0x5df596]
[jwb0503:2168060] [10] /p/home/jusers/fischill1/juwels/ippl/build_fin/alpine/ElectrostaticPIF/LandauDampingPIF[0x5e062e]
[jwb0503:2168060] [11] /p/home/jusers/fischill1/juwels/ippl/build_fin/alpine/ElectrostaticPIF/LandauDampingPIF[0x5e220b]
[jwb0503:2168060] [12] /p/home/jusers/fischill1/juwels/ippl/build_fin/alpine/ElectrostaticPIF/LandauDampingPIF[0x5e2e68]
[jwb0503:2168060] [13] /p/home/jusers/fischill1/juwels/ippl/build_fin/alpine/ElectrostaticPIF/LandauDampingPIF[0x5e3837]
[jwb0503:2168060] [14] /p/home/jusers/fischill1/juwels/ippl/build_fin/alpine/ElectrostaticPIF/LandauDampingPIF[0x423714]
home/jusers/fischill1/juwels/ippl/build_fin/alpine/ElectrostaticPIF/LandauDampingPIF[0x5e062e]
[jwb0503:2168059] [11] /p/home/jusers/fischill1/juwels/ippl/build_fin/alpine/ElectrostaticPIF/LandauDampingPIF[0x5e220b]
[jwb0503:2168059] [12] /p/home/jusers/fischill1/juwels/ippl/build_fin/alpine/ElectrostaticPIF/LandauDampingPIF[0x5e2e68]
[jwb0503:2168059] [13] /p/home/jusers/fischill1/juwels/ippl/build_fin/alpine/ElectrostaticPIF/LandauDampingPIF[0x5e3837]
[jwb0288:4030103] [ 0] /usr/lib64/libc.so.6(+0x3fc30)[0x14a89397bc30]
[jwb0288:4030103] [ 1] /usr/lib64/libc.so.6(+0x8d02c)[0x14a8939c902c]
[jwb0288:4030103] [ 2] /usr/lib64/libc.so.6(raise+0x16)[0x14a89397bb86]
[jwb0288:4030103] [ 3] /usr/lib64/libc.so.6(abort+0xd3)[0x14a893965873]
[jwb0288:4030103] [ 4] /p/software/default/stages/2026/software/GCCcore/14.3.0/lib64/libstdc++.so.6(+0xadc3d)[0x14a893c20c3d]
[jwb0288:4030103] [ 5] /p/software/default/stages/2026/software/GCCcore/14.3.0/lib64/libstdc++.so.6(+0xbf14a)[0x14a893c3214a]
[jwb0288:4030103] [ 6] /p/software/default/stages/2026/software/GCCcore/14.3.0/lib64/libstdc++.so.6(_ZSt10unexpectedv+0x0)[0x14a893c207e9]
[jwb0288:4030103] [ 7] /p/software/default/stages/2026/software/GCCcore/14.3.0/lib64/libstdc++.so.6(+0xbf3c7)[0x14a893c323c7]
[jwb0288:4030103] [ 8] /p/home/jusers/fischill1/juwels/ippl/build_fin/alpine/ElectrostaticPIF/LandauDampingPIF(_ZN6heffte4cuda11check_errorE9cudaErrorPKc+0xb4)[0x462aa4]
[jwb0503:2168061] [ 0] /usr/lib64/libc.so.6(+0x3fc30)[0x15395861cc30]
[jwb0503:2168061] [ 1] /usr/lib64/libc.so.6(+0x8d02c)[0x15395866a02c]
[jwb0503:2168061] [ 2] /usr/lib64/libc.so.6(raise+0x16)[0x15395861cb86]
[jwb0503:2168061] [ 3] /usr/lib64/libc.so.6(abort+0xd3)[0x153958606873]
[jwb0503:2168061] [ 4] /p/software/default/stages/2026/software/GCCcore/14.3.0/lib64/libstdc++.so.6(+0xadc3d)[0x1539588c1c3d]
[jwb0503:2168061] [ 5] /p/software/default/stages/2026/software/GCCcore/14.3.0/lib64/libstdc++.so.6(+0xbf14a)[0x1539588d314a]
[jwb0503:2168061] [ 6] /p/software/default/stages/2026/software/GCCcore/14.3.0/lib64/libstdc++.so.6(_ZSt10unexpectedv+0x0)[0x1539588c17e9]
[jwb0503:2168061] [ 7] /p/software/default/stages/2026/software/GCCcore/14.3.0/lib64/libstdc++.so.6(+0xbf3c7)[0x1539588d33c7]
[jwb0503:2168061] [ 8] /p/home/jusers/fischill1/juwels/ippl/build_fin/alpine/ElectrostaticPIF/LandauDampingPIF(_ZN6heffte4cuda11check_errorE9cudaErrorPKc+0xb4)[0x462aa4]
[jwb0503:2168061] [ 9] /p/home/jusers/fischill1/juwels/ippl/build_fin/alpine/[jwb0288:4030103] [ 9] /p/home/jusers/fischill1/juwels/ippl/build_fin/alpine/[jwb0503:2168062] [ 0] /usr/lib64/libc.so.6(+0x3fc30)[0x14a2d19bac30]
[jwb0503:2168062] [ 1] /usr/lib64/libc.so.6(+0x8d02c)[0x14a2d1a0802c]
[jwb0503:2168062] [ 2] /usr/lib64/libc.so.6(raise+0x16)[0x14a2d19bab86]
[jwb0503:2168062] [ 3] /usr/lib64/libc.so.6(abort+0xd3)[0x14a2d19a4873]
[jwb0503:2168062] [ 4] /p/software/default/stages/2026/software/GCCcore/14.3.0/lib64/libstdc++.so.6(+0xadc3d)[0x14a2d1c5fc3d]
[jwb0503:2168062] [ 5] /p/software/default/stages/2026/software/GCCcore/14.3.0/lib64/libstdc++.so.6(+0xbf14a)[0x14a2d1c7114a]
[jwb0503:2168062] [ 6] /p/software/default/stages/2026/software/GCCcore/14.3.0/lib64/libstdc++.so.6(_ZSt10unexpectedv+0x0)[0x14a2d1c5f7e9]
[jwb0503:2168062] [ 7] /p/software/default/stages/2026/software/GCCcore/14.3.0/lib64/libstdc++.so.6(+0xbf3c7)[0x14a2d1c713c7]
[jwb0503:2168062] [ 8] /p/home/jusers/fischill1/juwels/ippl/build_fin/alpine/ElectrostaticPIF/LandauDampingPIF(_ZN6heffte4cuda11check_errorE9cudaErrorPKc+0xb4)[0x462aa4]
ElectrostaticPIF/LandauDampingPIF[0x5df596]
[jwb0288:4030103] [10] /p/home/jusers/fischill1/juwels/ippl/build_fin/alpine/ElectrostaticPIF/LandauDampingPIF[0x5e062e]
[jwb0288:4030103] [11] /p/home/jusers/fischill1/juwels/ippl/build_fin/alpine/ElectrostaticPIF/LandauDampingPIF[0x5e220b]
[jwb0288:4030103] [12] /p/home/jusers/fischill1/juwels/ippl/build_fin/alpine/ElectrostaticPIF/LandauDampingPIF[0x5e2e68]
terminate called after throwing an instance of 'std::runtime_error'
[jwb0503:2168062] [ 9] /p/home/jusers/fischill1/juwels/ippl/build_fin/alpine/[jwb0288:4030100] [ 0] /usr/lib64/libc.so.6(+0x3fc30)[0x14ef9e29dc30]
[jwb0288:4030100] [ 1] /usr/lib64/libc.so.6(+0x8d02c)[0x14ef9e2eb02c]
[jwb0288:4030100] [ 2] /usr/lib64/libc.so.6(raise+0x16)[0x14ef9e29db86]
[jwb0288:4030100] [ 3] /usr/lib64/libc.so.6(abort+0xd3)[0x14ef9e287873]
[jwb0288:4030100] [ 4] /p/software/default/stages/2026/software/GCCcore/14.3.0/lib64/libstdc++.so.6(+0xadc3d)[0x14ef9e542c3d]
[jwb0288:4030100] [ 5] /p/software/default/stages/2026/software/GCCcore/14.3.0/lib64/libstdc++.so.6(+0xbf14a)[0x14ef9e55414a]
[jwb0288:4030100] [ 6] /p/software/default/stages/2026/software/GCCcore/14.3.0/lib64/libstdc++.so.6(_ZSt10unexpectedv+0x0)[0x14ef9e5427e9]
[jwb0288:4030100] [ 7] /p/software/default/stages/2026/software/GCCcore/14.3.0/lib64/libstdc++.so.6(+0xbf3c7)[0x14ef9e5543c7]
[jwb0288:4030100] [ 8] /p/home/jusers/fischill1/juwels/ippl/build_fin/alpine/ElectrostaticPIF/LandauDampingPIF(_ZN6heffte4cuda11check_errorE9cudaErrorPKc+0xb4)[0x462aa4]
[jwb0503:2168060] [15] /usr/lib64/libc.so.6(+0x2a610)[0x14b11ddbe610]
[jwb0503:2168060] [16] /usr/lib64/libc.so.6(__libc_start_main+0x80)[0x14b11ddbe6c0]
[jwb0503:2168060] [17] /p/home/jusers/fischill1/juwels/ippl/build_fin/alpine/ElectrostaticPIF/LandauDampingPIF[0x425995]
[jwb0288:4030100] [ 9] /p/home/jusers/fischill1/juwels/ippl/build_fin/alpine/terminate called after throwing an instance of 'std::runtime_error'
ElectrostaticPIF/LandauDampingPIF[0x5df596]
[jwb0503:2168061] [10] /p/home/jusers/fischill1/juwels/ippl/build_fin/alpine/ElectrostaticPIF/LandauDampingPIF[0x5e062e]
[jwb0503:2168061] [11] /p/home/jusers/fischill1/juwels/ippl/build_fin/alpine/ElectrostaticPIF/LandauDampingPIF[0x5e220b]
[jwb0503:2168061] [12] /p/home/jusers/fischill1/juwels/ippl/build_fin/alpine/ElectrostaticPIF/LandauDampingPIF[0x5e2e68]
[jwb0503:2168061] [13] /p/home/jusers/fischill1/juwels/ippl/build_fin/alpine/ElectrostaticPIF/LandauDampingPIF[0x5e3837]
[jwb0503:2168061] [14] /p/home/jusers/fischill1/juwels/ippl/build_fin/alpine/ElectrostaticPIF/LandauDampingPIF[0x423714]
[jwb0503:2168061] [15] /usr/lib64/libc.so.6(+0x2a610)[0x153958607610]
[jwb0503:2168061] [16] /usr/lib64/libc.so.6(__libc_start_main+0x80)[0x1539586076c0]
[jwb0503:2168061] [17] /p/home/jusers/fischill1/juwels/ippl/build_fin/alpine/ElectrostaticPIF/LandauDampingPIF[0x425995]
[jwb0503:2168061] *** End of error message ***
[jwb0288:4030103] [13] /p/home/jusers/fischill1/juwels/ippl/build_fin/alpine/ElectrostaticPIF/LandauDampingPIF[0x5e3837]
[jwb0288:4030103] [14] /p/home/jusers/fischill1/juwels/ippl/build_fin/alpine/ElectrostaticPIF/LandauDampingPIF[0x423714]
[jwb0288:4030103] [15] /usr/lib64/libc.so.6(+0x2a610)[0x14a893966610]
[jwb0288:4030103] [16] /usr/lib64/libc.so.6(__libc_start_main+0x80)[0x14a8939666c0]
[jwb0288:4030103] [17] /p/home/jusers/fischill1/juwels/ippl/build_fin/alpine/ElectrostaticPIF/LandauDampingPIF[0x425995]
[jwb0288:4030103] *** End of error message ***
  what():  cudaMalloc() failed with message: out of memory
ElectrostaticPIF/LandauDampingPIF[0x5df596]
[jwb0503:2168062] [10] /p/home/jusers/fischill1/juwels/ippl/build_fin/alpine/ElectrostaticPIF/LandauDampingPIF[0x5e062e]
[jwb0503:2168062] [11] /p/home/jusers/fischill1/juwels/ippl/build_fin/alpine/ElectrostaticPIF/LandauDampingPIF[0x5e220b]
[jwb0503:2168062] [12] /p/home/jusers/fischill1/juwels/ippl/build_fin/alpine/ElectrostaticPIF/LandauDampingPIF[0x5e2e68]
[jwb0503:2168062] [13] /p/home/jusers/fischill1/juwels/ippl/build_fin/alpine/ElectrostaticPIF/LandauDampingPIF[0x5e3837]
[jwb0503:2168062] [14] /p/home/jusers/fischill1/juwels/ippl/build_fin/alpine/ElectrostaticPIF/LandauDampingPIF[0x423714]
[jwb0503:2168062] [15] /usr/lib64/libc.so.6(+0x2a610)[0x14a2d19a5610]
[jwb0503:2168062] [16] /usr/lib64/libc.so.6(__libc_start_main+0x80)[0x14a2d19a56c0]
[jwb0503:2168062] [17] /p/home/jusers/fischill1/juwels/ippl/build_fin/alpine/ElectrostaticPIF/LandauDampingPIF[0x425995]
[jwb0503:2168062] *** End of error message ***
  what():  cudaMalloc() failed with message: out of memory
[jwb0503:2168060] *** End of error message ***
ElectrostaticPIF/LandauDampingPIF[0x5df596]
[jwb0288:4030100] [10] /p/home/jusers/fischill1/juwels/ippl/build_fin/alpine/ElectrostaticPIF/LandauDampingPIF[0x5e062e]
[jwb0288:4030100] [11] /p/home/jusers/fischill1/juwels/ippl/build_fin/alpine/ElectrostaticPIF/LandauDampingPIF[0x5e220b]
[jwb0288:4030100] [12] /p/home/jusers/fischill1/juwels/ippl/build_fin/alpine/ElectrostaticPIF/LandauDampingPIF[0x5e2e68]
[jwb0288:4030100] [13] /p/home/jusers/fischill1/juwels/ippl/build_fin/alpine/ElectrostaticPIF/LandauDampingPIF[0x5e3837]
[jwb0288:4030100] [14] /p/home/jusers/fischill1/juwels/ippl/build_fin/alpine/ElectrostaticPIF/LandauDampingPIF[0x423714]
[jwb0288:4030100] [15] /usr/lib64/libc.so.6(+0x2a610)[0x14ef9e288610]
[jwb0288:4030100] [16] /usr/lib64/libc.so.6(__libc_start_main+0x80)[0x14ef9e2886c0]
[jwb0288:4030100] [17] /p/home/jusers/fischill1/juwels/ippl/build_fin/alpine/ElectrostaticPIF/LandauDampingPIF[0x425995]
[jwb0288:4030100] *** End of error message ***
terminate called after throwing an instance of 'std::runtime_error'
  what():  cudaMalloc() failed with message: out of memory
[jwb0503:2168059] [14] /p/home/jusers/fischill1/juwels/ippl/build_fin/alpine/ElectrostaticPIF/LandauDampingPIF[0x423714]
[jwb0503:2168059] [15] /usr/lib64/libc.so.6(+0x2a610)[0x148625e61610]
[jwb0503:2168059] [16] /usr/lib64/libc.so.6(__libc_start_main+0x80)[0x148625e616c0]
[jwb0503:2168059] [17] /p/home/jusers/fischill1/juwels/ippl/build_fin/alpine/ElectrostaticPIF/LandauDampingPIF[0x425995]
[jwb0503:2168059] *** End of error message ***
terminate called after throwing an instance of 'std::runtime_error'
  what():  cudaMalloc() failed with message: out of memory
[jwb0288:4030102] [ 0] /usr/lib64/libc.so.6(+0x3fc30)[0x14b79ce21c30]
[jwb0288:4030102] [ 1] /usr/lib64/libc.so.6(+0x8d02c)[0x14b79ce6f02c]
[jwb0288:4030102] [ 2] /usr/lib64/libc.so.6(raise+0x16)[0x14b79ce21b86]
[jwb0288:4030102] [ 3] /usr/lib64/libc.so.6(abort+0xd3)[0x14b79ce0b873]
[jwb0288:4030102] [ 4] /p/software/default/stages/2026/software/GCCcore/14.3.0/lib64/libstdc++.so.6(+0xadc3d)[0x14b79d0c6c3d]
[jwb0288:4030102] [ 5] /p/software/default/stages/2026/software/GCCcore/14.3.0/lib64/libstdc++.so.6(+0xbf14a)[0x14b79d0d814a]
[jwb0288:4030102] [ 6] /p/software/default/stages/2026/software/GCCcore/14.3.0/lib64/libstdc++.so.6(_ZSt10unexpectedv+0x0)[0x14b79d0c67e9]
[jwb0288:4030102] [ 7] /p/software/default/stages/2026/software/GCCcore/14.3.0/lib64/libstdc++.so.6(+0xbf3c7)[0x14b79d0d83c7]
[jwb0288:4030102] [ 8] /p/home/jusers/fischill1/juwels/ippl/build_fin/alpine/ElectrostaticPIF/LandauDampingPIF(_ZN6heffte4cuda11check_errorE9cudaErrorPKc+0xb4)[0x462aa4]
[jwb0357:1422022] *** Process received signal ***
[jwb0357:1422022] Signal: Aborted (6)
[jwb0357:1422022] Signal code:  (-6)
[jwb0288:4030102] [ 9] /p/home/jusers/fischill1/juwels/ippl/build_fin/alpine/[jwb0357:1422024] *** Process received signal ***
[jwb0357:1422024] Signal: Aborted (6)
[jwb0357:1422024] Signal code:  (-6)
[jwb0288:4030101] [ 0] /usr/lib64/libc.so.6(+0x3fc30)[0x146ca080ec30]
[jwb0288:4030101] [ 1] /usr/lib64/libc.so.6(+0x8d02c)[0x146ca085c02c]
[jwb0288:4030101] [ 2] /usr/lib64/libc.so.6(raise+0x16)[0x146ca080eb86]
[jwb0288:4030101] [ 3] /usr/lib64/libc.so.6(abort+0xd3)[0x146ca07f8873]
[jwb0288:4030101] [ 4] /p/software/default/stages/2026/software/GCCcore/14.3.0/lib64/libstdc++.so.6(+0xadc3d)[0x146ca0ab3c3d]
[jwb0288:4030101] [ 5] /p/software/default/stages/2026/software/GCCcore/14.3.0/lib64/libstdc++.so.6(+0xbf14a)[0x146ca0ac514a]
[jwb0288:4030101] [ 6] /p/software/default/stages/2026/software/GCCcore/14.3.0/lib64/libstdc++.so.6(_ZSt10unexpectedv+0x0)[0x146ca0ab37e9]
[jwb0288:4030101] [ 7] /p/software/default/stages/2026/software/GCCcore/14.3.0/lib64/libstdc++.so.6(+0xbf3c7)[0x146ca0ac53c7]
[jwb0288:4030101] [ 8] /p/home/jusers/fischill1/juwels/ippl/build_fin/alpine/ElectrostaticPIF/LandauDampingPIF(_ZN6heffte4cuda11check_errorE9cudaErrorPKc+0xb4)[0x462aa4]
[jwb0357:1422023] *** Process received signal ***
[jwb0357:1422023] Signal: Aborted (6)
[jwb0357:1422023] Signal code:  (-6)
[jwb0288:4030101] [ 9] /p/home/jusers/fischill1/juwels/ippl/build_fin/alpine/[jwb0357:1422025] *** Process received signal ***
[jwb0357:1422025] Signal: Aborted (6)
[jwb0357:1422025] Signal code:  (-6)
ElectrostaticPIF/LandauDampingPIF[0x5df596]
[jwb0288:4030102] [10] /p/home/jusers/fischill1/juwels/ippl/build_fin/alpine/ElectrostaticPIF/LandauDampingPIF[0x5e062e]
[jwb0288:4030102] [11] /p/home/jusers/fischill1/juwels/ippl/build_fin/alpine/ElectrostaticPIF/LandauDampingPIF[0x5e220b]
[jwb0288:4030102] [12] /p/home/jusers/fischill1/juwels/ippl/build_fin/alpine/ElectrostaticPIF/LandauDampingPIF[0x5e2e68]
[jwb0288:4030102] [13] /p/home/jusers/fischill1/juwels/ippl/build_fin/alpine/ElectrostaticPIF/LandauDampingPIF[0x5e3837]
[jwb0288:4030102] [14] /p/home/jusers/fischill1/juwels/ippl/build_fin/alpine/ElectrostaticPIF/LandauDampingPIF[0x423714]
[jwb0288:4030102] [15] /usr/lib64/libc.so.6(+0x2a610)[0x14b79ce0c610]
[jwb0288:4030102] [16] /usr/lib64/libc.so.6(__libc_start_main+0x80)[0x14b79ce0c6c0]
[jwb0288:4030102] [17] /p/home/jusers/fischill1/juwels/ippl/build_fin/alpine/ElectrostaticPIF/LandauDampingPIF[0x425995]
[jwb0288:4030102] *** End of error message ***
ElectrostaticPIF/LandauDampingPIF[0x5df596]
[jwb0288:4030101] [10] /p/home/jusers/fischill1/juwels/ippl/build_fin/alpine/ElectrostaticPIF/LandauDampingPIF[0x5e062e]
[jwb0288:4030101] [11] /p/home/jusers/fischill1/juwels/ippl/build_fin/alpine/ElectrostaticPIF/LandauDampingPIF[0x5e220b]
[jwb0288:4030101] [12] /p/home/jusers/fischill1/juwels/ippl/build_fin/alpine/ElectrostaticPIF/LandauDampingPIF[0x5e2e68]
[jwb0288:4030101] [13] /p/home/jusers/fischill1/juwels/ippl/build_fin/alpine/ElectrostaticPIF/LandauDampingPIF[0x5e3837]
[jwb0288:4030101] [14] /p/home/jusers/fischill1/juwels/ippl/build_fin/alpine/ElectrostaticPIF/LandauDampingPIF[0x423714]
[jwb0288:4030101] [15] /usr/lib64/libc.so.6(+0x2a610)[0x146ca07f9610]
[jwb0288:4030101] [16] /usr/lib64/libc.so.6(__libc_start_main+0x80)[0x146ca07f96c0]
[jwb0288:4030101] [17] /p/home/jusers/fischill1/juwels/ippl/build_fin/alpine/ElectrostaticPIF/LandauDampingPIF[0x425995]
[jwb0288:4030101] *** End of error message ***
[jwb0357:1422025] [ 0] /usr/lib64/libc.so.6(+0x3fc30)[0x152ad9314c30]
[jwb0357:1422025] [ 1] /usr/lib64/libc.so.6(+0x8d02c)[0x152ad936202c]
[jwb0357:1422025] [ 2] /usr/lib64/libc.so.6(raise+0x16)[0x152ad9314b86]
[jwb0357:1422025] [ 3] /usr/lib64/libc.so.6(abort+0xd3)[0x152ad92fe873]
[jwb0357:1422025] [ 4] /p/software/default/stages/2026/software/GCCcore/14.3.0/lib64/libstdc++.so.6(+0xadc3d)[0x152ad95b9c3d]
[jwb0357:1422025] [ 5] /p/software/default/stages/2026/software/GCCcore/14.3.0/lib64/libstdc++.so.6(+0xbf14a)[0x152ad95cb14a]
[jwb0357:1422025] [ 6] /p/software/default/stages/2026/software/GCCcore/14.3.0/lib64/libstdc++.so.6(_ZSt10unexpectedv+0x0)[0x152ad95b97e9]
[jwb0357:1422025] [ 7] /p/software/default/stages/2026/software/GCCcore/14.3.0/lib64/libstdc++.so.6(+0xbf3c7)[0x152ad95cb3c7]
[jwb0357:1422025] [ 8] /p/home/jusers/fischill1/juwels/ippl/build_fin/alpine/ElectrostaticPIF/LandauDampingPIF(_ZN6heffte4cuda11check_errorE9cudaErrorPKc+0xb4)[0x462aa4]
terminate called after throwing an instance of 'std::runtime_error'
terminate called after throwing an instance of 'std::runtime_error'
terminate called after throwing an instance of 'std::runtime_error'
[jwb0357:1422025] [ 9] /p/home/jusers/fischill1/juwels/ippl/build_fin/alpine/terminate called after throwing an instance of 'std::runtime_error'
terminate called after throwing an instance of 'std::runtime_error'
[jwb0357:1422023] [ 0] /usr/lib64/libc.so.6(+0x3fc30)[0x153c81209c30]
[jwb0357:1422023] [ 1] /usr/lib64/libc.so.6(+0x8d02c)[0x153c8125702c]
[jwb0357:1422023] [ 2] /usr/lib64/libc.so.6(raise+0x16)[0x153c81209b86]
[jwb0357:1422023] [ 3] /usr/lib64/libc.so.6(abort+0xd3)[0x153c811f3873]
[jwb0357:1422023] [ 4] /p/software/default/stages/2026/software/GCCcore/14.3.0/lib64/libstdc++.so.6(+0xadc3d)[0x153c814aec3d]
[jwb0357:1422023] [ 5] /p/software/default/stages/2026/software/GCCcore/14.3.0/lib64/libstdc++.so.6(+0xbf14a)[0x153c814c014a]
[jwb0357:1422023] [ 6] /p/software/default/stages/2026/software/GCCcore/14.3.0/lib64/libstdc++.so.6(_ZSt10unexpectedv+0x0)[0x153c814ae7e9]
[jwb0357:1422023] [ 7] /p/software/default/stages/2026/software/GCCcore/14.3.0/lib64/libstdc++.so.6(+0xbf3c7)[0x153c814c03c7]
[jwb0357:1422023] [ 8] /p/home/jusers/fischill1/juwels/ippl/build_fin/alpine/ElectrostaticPIF/LandauDampingPIF(_ZN6heffte4cuda11check_errorE9cudaErrorPKc+0xb4)[0x462aa4]
terminate called after throwing an instance of 'std::runtime_error'
terminate called after throwing an instance of 'std::runtime_error'
terminate called after throwing an instance of 'std::runtime_error'
[jwb0357:1422023] [ 9] /p/home/jusers/fischill1/juwels/ippl/build_fin/alpine/terminate called after throwing an instance of 'std::runtime_error'
terminate called after throwing an instance of 'std::runtime_error'
terminate called after throwing an instance of 'std::runtime_error'
terminate called after throwing an instance of 'std::runtime_error'
terminate called after throwing an instance of 'std::runtime_error'
terminate called after throwing an instance of 'std::runtime_error'
terminate called after throwing an instance of 'std::runtime_error'
ElectrostaticPIF/LandauDampingPIF[0x5df596]
[jwb0357:1422025] [10] /p/home/jusers/fischill1/juwels/ippl/build_fin/alpine/ElectrostaticPIF/LandauDampingPIF[0x5e062e]
[jwb0357:1422025] [11] /p/home/jusers/fischill1/juwels/ippl/build_fin/alpine/ElectrostaticPIF/LandauDampingPIF[0x5e220b]
[jwb0357:1422025] [12] /p/home/jusers/fischill1/juwels/ippl/build_fin/alpine/ElectrostaticPIF/LandauDampingPIF[0x5e2e68]
terminate called after throwing an instance of 'std::runtime_error'
terminate called after throwing an instance of 'std::runtime_error'
terminate called after throwing an instance of 'std::runtime_error'
  what():  cudaMalloc() failed with message: out of memory
  what():  cudaMalloc() failed with message: out of memory
terminate called after throwing an instance of 'std::runtime_error'
terminate called after throwing an instance of 'std::runtime_error'
ElectrostaticPIF/LandauDampingPIF[0x5df596]
[jwb0357:1422023] [10] /p/home/jusers/fischill1/juwels/ippl/build_fin/alpine/ElectrostaticPIF/LandauDampingPIF[0x5e062e]
[jwb0357:1422023] [11] /p/home/jusers/fischill1/juwels/ippl/build_fin/alpine/ElectrostaticPIF/LandauDampingPIF[0x5e220b]
[jwb0357:1422023] [12] /p/home/jusers/fischill1/juwels/ippl/build_fin/alpine/ElectrostaticPIF/LandauDampingPIF[0x5e2e68]
[jwb0357:1422023] [13] /p/home/jusers/fischill1/juwels/ippl/build_fin/alpine/ElectrostaticPIF/LandauDampingPIF[0x5e3837]
terminate called after throwing an instance of 'std::runtime_error'
terminate called after throwing an instance of 'std::runtime_error'
terminate called after throwing an instance of 'std::runtime_error'
terminate called after throwing an instance of 'std::runtime_error'
terminate called after throwing an instance of 'std::runtime_error'
terminate called after throwing an instance of 'std::runtime_error'
  what():  cudaMalloc() failed with message: out of memory
  what():  cudaMalloc() failed with message: out of memory
terminate called after throwing an instance of 'std::runtime_error'
terminate called after throwing an instance of 'std::runtime_error'
  what():  cudaMalloc() failed with message: out of memory
[jwb0357:1422024] [ 0] /usr/lib64/libc.so.6(+0x3fc30)[0x14d62d086c30]
[jwb0357:1422024] [ 1] /usr/lib64/libc.so.6(+0x8d02c)[0x14d62d0d402c]
[jwb0357:1422024] [ 2] /usr/lib64/libc.so.6(raise+0x16)[0x14d62d086b86]
[jwb0357:1422024] [ 3] /usr/lib64/libc.so.6(abort+0xd3)[0x14d62d070873]
[jwb0357:1422024] [ 4] /p/software/default/stages/2026/software/GCCcore/14.3.0/lib64/libstdc++.so.6(+0xadc3d)[0x14d62d32bc3d]
[jwb0357:1422024] [ 5] /p/software/default/stages/2026/software/GCCcore/14.3.0/lib64/libstdc++.so.6(+0xbf14a)[0x14d62d33d14a]
[jwb0357:1422024] [ 6] /p/software/default/stages/2026/software/GCCcore/14.3.0/lib64/libstdc++.so.6(_ZSt10unexpectedv+0x0)[0x14d62d32b7e9]
[jwb0357:1422024] [ 7] /p/software/default/stages/2026/software/GCCcore/14.3.0/lib64/libstdc++.so.6(+0xbf3c7)[0x14d62d33d3c7]
[jwb0357:1422024] [ 8] /p/home/jusers/fischill1/juwels/ippl/build_fin/alpine/ElectrostaticPIF/LandauDampingPIF(_ZN6heffte4cuda11check_errorE9cudaErrorPKc+0xb4)[0x462aa4]
terminate called after throwing an instance of 'std::runtime_error'
terminate called after throwing an instance of 'std::runtime_error'
terminate called after throwing an instance of 'std::runtime_error'
terminate called after throwing an instance of 'std::runtime_error'
terminate called after throwing an instance of 'std::runtime_error'
  what():  cudaMalloc() failed with message: out of memory
  what():  cudaMalloc() failed with message: out of memory
terminate called after throwing an instance of 'std::runtime_error'
  what():  cudaMalloc() failed with message: out of memory
  what():  cudaMalloc() failed with message: out of memory
[jwb0357:1422024] [ 9] /p/home/jusers/fischill1/juwels/ippl/build_fin/alpine/terminate called after throwing an instance of 'std::runtime_error'
terminate called after throwing an instance of 'std::runtime_error'
terminate called after throwing an instance of 'std::runtime_error'
  what():  cudaMalloc() failed with message: out of memory
  what():  cudaMalloc() failed with message: out of memory
terminate called after throwing an instance of 'std::runtime_error'
  what():  cudaMalloc() failed with message: out of memory
  what():  cudaMalloc() failed with message: out of memory
[jwb0285:3686833] *** Process received signal ***
[jwb0285:3686833] Signal: Aborted (6)
[jwb0285:3686833] Signal code:  (-6)
  what():  cudaMalloc() failed with message: out of memory
terminate called after throwing an instance of 'std::runtime_error'
  what():  cudaMalloc() failed with message: out of memory
[jwb0357:1422022] [ 0] /usr/lib64/libc.so.6(+0x3fc30)[0x15105378fc30]
[jwb0357:1422022] [ 1] /usr/lib64/libc.so.6(+0x8d02c)[0x1510537dd02c]
[jwb0357:1422022] [ 2] /usr/lib64/libc.so.6(raise+0x16)[0x15105378fb86]
[jwb0357:1422022] [ 3] /usr/lib64/libc.so.6(abort+0xd3)[0x151053779873]
[jwb0357:1422022] [ 4] /p/software/default/stages/2026/software/GCCcore/14.3.0/lib64/libstdc++.so.6(+0xadc3d)[0x151053a34c3d]
[jwb0357:1422022] [ 5] /p/software/default/stages/2026/software/GCCcore/14.3.0/lib64/libstdc++.so.6(+0xbf14a)[0x151053a4614a]
[jwb0357:1422022] [ 6] /p/software/default/stages/2026/software/GCCcore/14.3.0/lib64/libstdc++.so.6(_ZSt10unexpectedv+0x0)[0x151053a347e9]
[jwb0357:1422022] [ 7] /p/software/default/stages/2026/software/GCCcore/14.3.0/lib64/libstdc++.so.6(+0xbf3c7)[0x151053a463c7]
[jwb0357:1422022] [ 8] /p/home/jusers/fischill1/juwels/ippl/build_fin/alpine/ElectrostaticPIF/LandauDampingPIF(_ZN6heffte4cuda11check_errorE9cudaErrorPKc+0xb4)[0x462aa4]
terminate called after throwing an instance of 'std::runtime_error'
terminate called after throwing an instance of 'std::runtime_error'
  what():  cudaMalloc() failed with message: out of memory
  what():  cudaMalloc() failed with message: out of memory
terminate called after throwing an instance of 'std::runtime_error'
  what():  cudaMalloc() failed with message: out of memory
[jwb0284:206748] *** Process received signal ***
[jwb0284:206748] Signal: Aborted (6)
[jwb0284:206748] Signal code:  (-6)
[jwb0285:3686834] *** Process received signal ***
[jwb0285:3686834] Signal: Aborted (6)
[jwb0285:3686834] Signal code:  (-6)
  what():  cudaMalloc() failed with message: out of memory
terminate called after throwing an instance of 'std::runtime_error'
terminate called after throwing an instance of 'std::runtime_error'
  what():  cudaMalloc() failed with message: out of memory
[jwb0357:1422022] [ 9] /p/home/jusers/fischill1/juwels/ippl/build_fin/alpine/  what():  cudaMalloc() failed with message: out of memory
  what():  cudaMalloc() failed with message: out of memory
  what():  cudaMalloc() failed with message: out of memory
  what():  cudaMalloc() failed with message: out of memory
  what():  cudaMalloc() failed with message: out of memory
  what():  cudaMalloc() failed with message: out of memory
[jwb0284:206746] *** Process received signal ***
[jwb0284:206746] Signal: Aborted (6)
[jwb0284:206746] Signal code:  (-6)
[jwb0285:3686835] *** Process received signal ***
[jwb0285:3686835] Signal: Aborted (6)
[jwb0285:3686835] Signal code:  (-6)
  what():  cudaMalloc() failed with message: out of memory
terminate called after throwing an instance of 'std::runtime_error'
  what():  cudaMalloc() failed with message: out of memory
terminate called after throwing an instance of 'std::runtime_error'
  what():  cudaMalloc() failed with message: out of memory
[jwb1228:3347587] *** Process received signal ***
[jwb1228:3347587] Signal: Aborted (6)
[jwb1228:3347587] Signal code:  (-6)
[jwb0357:1422025] [13] /p/home/jusers/fischill1/juwels/ippl/build_fin/alpine/ElectrostaticPIF/LandauDampingPIF[0x5e3837]
[jwb0357:1422025] [14] /p/home/jusers/fischill1/juwels/ippl/build_fin/alpine/ElectrostaticPIF/LandauDampingPIF[0x423714]
[jwb0357:1422025] [15] /usr/lib64/libc.so.6(+0x2a610)[0x152ad92ff610]
[jwb0357:1422025] [16] /usr/lib64/libc.so.6(__libc_start_main+0x80)[0x152ad92ff6c0]
[jwb0357:1422025] [17] /p/home/jusers/fischill1/juwels/ippl/build_fin/alpine/ElectrostaticPIF/LandauDampingPIF[0x425995]
  what():  cudaMalloc() failed with message: out of memory
  what():  cudaMalloc() failed with message: out of memory
  what():  cudaMalloc() failed with message: out of memory
  what():  cudaMalloc() failed with message: out of memory
  what():  cudaMalloc() failed with message: out of memory
  what():  cudaMalloc() failed with message: out of memory
[jwb0284:206747] *** Process received signal ***
[jwb0284:206747] Signal: Aborted (6)
[jwb0284:206747] Signal code:  (-6)
  what():  cudaMalloc() failed with message: out of memory
[jwb0285:3686832] *** Process received signal ***
[jwb0285:3686832] Signal: Aborted (6)
[jwb0285:3686832] Signal code:  (-6)
[jwb0285:3686832] [ 0] /usr/lib64/libc.so.6(+0x3fc30)[0x148a6d4b0c30]
[jwb0285:3686832] [ 1] /usr/lib64/libc.so.6(+0x8d02c)[0x148a6d4fe02c]
  what():  cudaMalloc() failed with message: out of memory
  what():  cudaMalloc() failed with message: out of memory
[jwb0200:4070717] *** Process received signal ***
[jwb0200:4070717] Signal: Aborted (6)
[jwb0200:4070717] Signal code:  (-6)
[jwb1228:3347588] *** Process received signal ***
[jwb1228:3347588] Signal: Aborted (6)
[jwb1228:3347588] Signal code:  (-6)
[jwb0357:1422023] [14] /p/home/jusers/fischill1/juwels/ippl/build_fin/alpine/ElectrostaticPIF/LandauDampingPIF[0x423714]
[jwb0357:1422023] [15] /usr/lib64/libc.so.6(+0x2a610)[0x153c811f4610]
[jwb0357:1422023] [16] /usr/lib64/libc.so.6(__libc_start_main+0x80)[0x153c811f46c0]
[jwb0357:1422023] [17] /p/home/jusers/fischill1/juwels/ippl/build_fin/alpine/ElectrostaticPIF/LandauDampingPIF[0x425995]
[jwb0357:1422023] *** End of error message ***
  what():  cudaMalloc() failed with message: out of memory
  what():  cudaMalloc() failed with message: out of memory
[jwb1225:3138624] *** Process received signal ***
[jwb1225:3138624] Signal: Aborted (6)
[jwb1225:3138624] Signal code:  (-6)
[jwb0356:664611] *** Process received signal ***
[jwb0356:664611] Signal: Aborted (6)
[jwb0356:664611] Signal code:  (-6)
  what():  cudaMalloc() failed with message: out of memory
[jwb1222:2745475] *** Process received signal ***
[jwb1222:2745475] Signal: Aborted (6)
[jwb1222:2745475] Signal code:  (-6)
[jwb0284:206745] *** Process received signal ***
[jwb0284:206745] Signal: Aborted (6)
[jwb0284:206745] Signal code:  (-6)
[jwb0285:3686832] [ 2] /usr/lib64/libc.so.6(raise+0x16)[0x148a6d4b0b86]
[jwb0285:3686832] [ 3] /usr/lib64/libc.so.6(abort+0xd3)[0x148a6d49a873]
[jwb0285:3686832] [ 4] /p/software/default/stages/2026/software/GCCcore/14.3.0/lib64/libstdc++.so.6(+0xadc3d)[0x148a6d755c3d]
[jwb0285:3686832] [ 5] /p/software/default/stages/2026/software/GCCcore/14.3.0/lib64/libstdc++.so.6(+0xbf14a)[0x148a6d76714a]
[jwb0285:3686832] [ 6] /p/software/default/stages/2026/software/GCCcore/14.3.0/lib64/libstdc++.so.6(_ZSt10unexpectedv+0x0)[0x148a6d7557e9]
[jwb0285:3686832] [ 7] /p/software/default/stages/2026/software/GCCcore/14.3.0/lib64/libstdc++.so.6(+0xbf3c7)[0x148a6d7673c7]
[jwb0285:3686832] [ 8] /p/home/jusers/fischill1/juwels/ippl/build_fin/alpine/ElectrostaticPIF/LandauDampingPIF(_ZN6heffte4cuda11check_errorE9cudaErrorPKc+0xb4)[0x462aa4]
[jwb0285:3686832] [ 9] /p/home/jusers/fischill1/juwels/ippl/build_fin/alpine/ElectrostaticPIF/LandauDampingPIF[0x5df596]
[jwb0353:2887528] *** Process received signal ***
[jwb0353:2887528] Signal: Aborted (6)
[jwb0353:2887528] Signal code:  (-6)
  what():  cudaMalloc() failed with message: out of memory
[jwb1237:1432077] *** Process received signal ***
[jwb1237:1432077] Signal: Aborted (6)
[jwb1237:1432077] Signal code:  (-6)
  what():  cudaMalloc() failed with message: out of memory
[jwb1228:3347586] *** Process received signal ***
[jwb1228:3347586] Signal: Aborted (6)
[jwb1228:3347586] Signal code:  (-6)
ElectrostaticPIF/LandauDampingPIF[0x5df596]
[jwb0357:1422024] [10] /p/home/jusers/fischill1/juwels/ippl/build_fin/alpine/ElectrostaticPIF/LandauDampingPIF[0x5e062e]
[jwb0357:1422024] [11] /p/home/jusers/fischill1/juwels/ippl/build_fin/alpine/ElectrostaticPIF/LandauDampingPIF[0x5e220b]
[jwb0357:1422024] [12] /p/home/jusers/fischill1/juwels/ippl/build_fin/alpine/ElectrostaticPIF/LandauDampingPIF[0x5e2e68]
[jwb0357:1422024] [13] /p/home/jusers/fischill1/juwels/ippl/build_fin/alpine/ElectrostaticPIF/LandauDampingPIF[0x5e3837]
[jwb0357:1422024] [14] /p/home/jusers/fischill1/juwels/ippl/build_fin/alpine/ElectrostaticPIF/LandauDampingPIF[0x423714]
[jwb0357:1422024] [15] /usr/lib64/libc.so.6(+0x2a610)[0x14d62d071610]
[jwb0357:1422024] [16] /usr/lib64/libc.so.6(__libc_start_main+0x80)[0x14d62d0716c0]
[jwb0357:1422024] [17] /p/home/jusers/fischill1/juwels/ippl/build_fin/alpine/ElectrostaticPIF/LandauDampingPIF[0x425995]
  what():  cudaMalloc() failed with message: out of memory
terminate called after throwing an instance of 'std::runtime_error'
  what():  cudaMalloc() failed with message: out of memory
[jwb1225:3138625] *** Process received signal ***
[jwb1225:3138625] Signal: Aborted (6)
[jwb1225:3138625] Signal code:  (-6)
[jwb0356:664610] *** Process received signal ***
[jwb0356:664610] Signal: Aborted (6)
[jwb0356:664610] Signal code:  (-6)
  what():  cudaMalloc() failed with message: out of memory
[jwb1222:2745473] *** Process received signal ***
[jwb1222:2745473] Signal: Aborted (6)
[jwb1222:2745473] Signal code:  (-6)
[jwb0284:206748] [ 0] /usr/lib64/libc.so.6(+0x3fc30)[0x14df3dbdec30]
[jwb0284:206748] [ 1] /usr/lib64/libc.so.6(+0x8d02c)[0x14df3dc2c02c]
[jwb0284:206748] [ 2] /usr/lib64/libc.so.6(raise+0x16)[0x14df3dbdeb86]
[jwb0284:206748] [ 3] /usr/lib64/libc.so.6(abort+0xd3)[0x14df3dbc8873]
[jwb0284:206748] [ 4] /p/software/default/stages/2026/software/GCCcore/14.3.0/lib64/libstdc++.so.6(+0xadc3d)[0x14df3de83c3d]
[jwb0284:206748] [ 5] /p/software/default/stages/2026/software/GCCcore/14.3.0/lib64/libstdc++.so.6(+0xbf14a)[0x14df3de9514a]
[jwb0284:206748] [ 6] /p/software/default/stages/2026/software/GCCcore/14.3.0/lib64/libstdc++.so.6(_ZSt10unexpectedv+0x0)[0x14df3de837e9]
[jwb0284:206748] [ 7] /p/software/default/stages/2026/software/GCCcore/14.3.0/lib64/libstdc++.so.6(+0xbf3c7)[0x14df3de953c7]
[jwb0284:206748] [ 8] /p/home/jusers/fischill1/juwels/ippl/build_fin/alpine/ElectrostaticPIF/LandauDampingPIF(_ZN6heffte4cuda11check_errorE9cudaErrorPKc+0xb4)[0x462aa4]
[jwb0285:3686832] [10] /p/home/jusers/fischill1/juwels/ippl/build_fin/alpine/ElectrostaticPIF/La[jwb0353:2887527] *** Process received signal ***
[jwb1237:1432076] *** Process received signal ***
[jwb1237:1432076] Signal: Aborted (6)
[jwb1237:1432076] Signal code:  (-6)
  what():  cudaMalloc() failed with message: out of memory
[jwb1228:3347589] *** Process received signal ***
[jwb1228:3347589] Signal: Aborted (6)
[jwb1228:3347589] Signal code:  (-6)
ElectrostaticPIF/LandauDampingPIF[0x5df596]
[jwb0357:1422022] [10] /p/home/jusers/fischill1/juwels/ippl/build_fin/alpine/ElectrostaticPIF/LandauDampingPIF[0x5e062e]
[jwb0357:1422022] [11] /p/home/jusers/fischill1/juwels/ippl/build_fin/alpine/ElectrostaticPIF/LandauDampingPIF[0x5e220b]
[jwb0357:1422022] [12] /p/home/jusers/fischill1/juwels/ippl/build_fin/alpine/ElectrostaticPIF/LandauDampingPIF[0x5e2e68]
[jwb0357:1422022] [13] /p/home/jusers/fischill1/juwels/ippl/build_fin/alpine/ElectrostaticPIF/LandauDampingPIF[0x5e3837]
[jwb0357:1422022] [14] /p/home/jusers/fischill1/juwels/ippl/build_fin/alpine/ElectrostaticPIF/LandauDampingPIF[0x423714]
[jwb0357:1422022] [15] /usr/lib64/libc.so.6(+0x2a610)[0x15105377a610]
[jwb0357:1422022] [16] /usr/lib64/libc.so.6(__libc_start_main+0x80)[0x15105377a6c0]
[jwb0357:1422022] [17] /p/home/jusers/fischill1/juwels/ippl/build_fin/alpine/ElectrostaticPIF/LandauDampingPIF[0x425995]
[jwb0357:1422022] *** End of error message ***
[jwb0195:471056] *** Process received signal ***
[jwb0195:471056] Signal: Aborted (6)
[jwb0195:471056] Signal code:  (-6)
[jwb1218:3190727] *** Process received signal ***
[jwb1218:3190727] Signal: Aborted (6)
[jwb1218:3190727] Signal code:  (-6)
[jwb1225:3138627] *** Process received signal ***
[jwb1225:3138627] Signal: Aborted (6)
[jwb1225:3138627] Signal code:  (-6)
[jwb0356:664612] *** Process received signal ***
[jwb0356:664612] Signal: Aborted (6)
[jwb0356:664612] Signal code:  (-6)
[jwb0377:1078813] *** Process received signal ***
[jwb0377:1078813] Signal: Aborted (6)
[jwb0377:1078813] Signal code:  (-6)
[jwb1222:2745472] *** Process received signal ***
[jwb1222:2745472] Signal: Aborted (6)
[jwb1222:2745472] Signal code:  (-6)
[jwb0284:206748] [ 9] /p/home/jusers/fischill1/juwels/ippl/build_fin/alpine/ElectrostaticPIF/LandauDampingPIF[0x5df596]
[jwb0284:206748] [10] /p/home/jusers/fischill1/juwels/ippl/build_fin/alpine/ElectrostaticPIF/LandauDampingPIF[0x5e062e]
[jwb0284:206748] [11] /p/home/jusers/fischill1/juwels/ippl/build_fin/alpine/ElectrostaticPIF/LandauDampingPIF[0x5e220b]
[jwb0284:206748] [12] /p/home/jusers/fischill1/juwels/ippl/build_fin/alpine/ElectrostaticPIF/LandauDampingPIF[0x5e2e68]
[jwb0284:206748] [13] /p/home/jusers/fischill1/juwels/ippl/build_fin/alpine/ElectrostaticPIF/LandauDampingPIF[0x5e3837]
[jwb0284:206748] [14] /p/home/jusers/fischill1/juwels/ippl/build_fin/alpine/ElectrostaticPIF/LandauDampingPIF[0x423714]
[jwb0285:3686835] [ 0] /usr/lib64/libc.so.6(+0x3fc30)[0x1515c37aec30]
[jwb0285:3686835] [ 1] /usr/lib64/libc.so.6(+0x8d02c)[0x1515c37fc02c]
[jwb0285:3686835] [ 2] /usr/lib64/libc.so.6(raise+0x16)[0x1515c37aeb86]
[jwb0285:3686835] [ 3] /usr/lib64/libc.so.6(abort+0xd3)[0x1515c3798873]
[jwb0285:3686835] [ 4] /p/software/default/stages/2026/software/GCCcore/14.3.0/lib64/libstdc++.so.6(+0xadc3d)[0x1515c3a53c3d]
[jwb0285:3686835] [ 5] /p/software/default/stages/2026/software/GCCcore/14.3.0/lib64/libstdc++.so.6(+0xbf14a)[0x1515c3a6514a]
[jwb0285:3686835] [ 6] /p/software/default/stages/2026/software/GCCcore/14.3.0/lib64/libstdc++.so.6(_ZSt10unexpectedv+0x0)[0x1515c3a537e9]
[jwb0285:3686835] [ 7] /p/software/default/stages/2026/software/GCCcore/14.3.0/lib64/libstdc++.so.6(+0xbf3c7)[0x1515c3a653c7]
[jwb0285:3686835] [ 8] /p/home/jusers/fischill1/juwels/ippl/build_fin/alpine/ElectrostaticPIF/LandauDampingPIF(_ZN6heffte4cuda11check_errorE9cudaErrorPKc+0xb4)[0x462aa4]
[jwb0353:2887526] *** Process received signal ***
[jwb0353:2887526] Signal: Aborted (6)
[jwb0353:2887526] Signal code:  (-6)
terminate called after throwing an instance of 'std::runtime_error'
[jwb0200:4070719] *** Process received signal ***
[jwb0200:4070719] Signal: Aborted (6)
[jwb0200:4070719] Signal code:  (-6)
[jwb1228:3347588] [ 0] /usr/lib64/libc.so.6(+0x3fc30)[0x1528de5b4c30]
[jwb1228:3347588] [ 1] /usr/lib64/libc.so.6(+0x8d02c)[0x1528de60202c]
[jwb1228:3347588] [ 2] /usr/lib64/libc.so.6(raise+0x16)[0x1528de5b4b86]
[jwb1228:3347588] [ 3] /usr/lib64/libc.so.6(abort+0xd3)[0x1528de59e873]
[jwb1228:3347588] [ 4] /p/software/default/stages/2026/software/GCCcore/14.3.0/lib64/libstdc++.so.6(+0xadc3d)[0x1528de859c3d]
[jwb1228:3347588] [ 5] /p/software/default/stages/2026/software/GCCcore/14.3.0/lib64/libstdc++.so.6(+0xbf14a)[0x1528de86b14a]
[jwb1228:3347588] [ 6] /p/software/default/stages/2026/software/GCCcore/14.3.0/lib64/libstdc++.so.6(_ZSt10unexpectedv+0x0)[0x1528de8597e9]
[jwb1228:3347588] [ 7] /p/software/default/stages/2026/software/GCCcore/14.3.0/lib64/libstdc++.so.6(+0xbf3c7)[0x1528de86b3c7]
[jwb1228:3347588] [ 8] /p/home/jusers/fischill1/juwels/ippl/build_fin/alpine/ElectrostaticPIF/LandauDampingPIF(_ZN6heffte4cuda11check_errorE9cudaErrorPKc+0xb4)[0x462aa4]
[jwb0357:1422025] *** End of error message ***
[jwb0195:471058] *** Process received signal ***
[jwb0195:471058] Signal: Aborted (6)
[jwb0195:471058] Signal code:  (-6)
[jwb1218:3190728] *** Process received signal ***
[jwb1218:3190728] Signal: Aborted (6)
[jwb1218:3190728] Signal code:  (-6)
[jwb1225:3138626] *** Process received signal ***
[jwb1225:3138626] Signal: Aborted (6)
[jwb1225:3138626] Signal code:  (-6)
[jwb0356:664613] *** Process received signal ***
[jwb0356:664613] Signal: Aborted (6)
[jwb0356:664613] Signal code:  (-6)
[jwb0377:1078811] *** Process received signal ***
[jwb0377:1078811] Signal: Aborted (6)
[jwb0377:1078811] Signal code:  (-6)
[jwb1222:2745474] *** Process received signal ***
[jwb1222:2745474] Signal: Aborted (6)
[jwb1222:2745474] Signal code:  (-6)
[jwb0284:206746] [ 0] /usr/lib64/libc.so.6(+0x3fc30)[0x145d15c7dc30]
[jwb0284:206746] [ 1] /usr/lib64/libc.so.6(+0x8d02c)[0x145d15ccb02c]
[jwb0284:206746] [ 2] /usr/lib64/libc.so.6(raise+0x16)[0x145d15c7db86]
[jwb0284:206746] [ 3] /usr/lib64/libc.so.6(abort+0xd3)[0x145d15c67873]
[jwb0284:206746] [ 4] /p/software/default/stages/2026/software/GCCcore/14.3.0/lib64/libstdc++.so.6(+0xadc3d)[0x145d15f22c3d]
[jwb0284:206746] [ 5] /p/software/default/stages/2026/software/GCCcore/14.3.0/lib64/libstdc++.so.6(+0xbf14a)[0x145d15f3414a]
[jwb0284:206746] [ 6] /p/software/default/stages/2026/software/GCCcore/14.3.0/lib64/libstdc++.so.6(_ZSt10unexpectedv+0x0)[0x145d15f227e9]
[jwb0284:206746] [ 7] /p/software/default/stages/2026/software/GCCcore/14.3.0/lib64/libstdc++.so.6(+0xbf3c7)[0x145d15f343c7]
[jwb0284:206746] [ 8] /p/home/jusers/fischill1/juwels/ippl/build_fin/alpine/ElectrostaticPIF/LandauDampingPIF(_ZN6heffte4cuda11check_errorE9cudaErrorPKc+0xb4)[0x462aa4]
[jwb0285:3686835] [ 9] /p/home/jusers/fischill1/juwels/ippl/build_fin/alpine/[jwb0353:2887525] *** Process received signal ***
[jwb0353:2887525] Signal: Aborted (6)
[jwb0353:2887525] Signal code:  (-6)
[jwb1237:1432074] *** Process received signal ***
[jwb1237:1432074] Signal: Aborted (6)
[jwb1237:1432074] Signal code:  (-6)
[jwb0200:4070718] *** Process received signal ***
[jwb1228:3347588] [ 9] /p/home/jusers/fischill1/juwels/ippl/build_fin/alpine/ElectrostaticPIF/LandauDampingPIF[0x5df596]
[jwb1228:3347588] [10] /p/home/jusers/fischill1/juwels/ippl/build_fin/alpine/ElectrostaticPIF/LandauDampingPIF[0x5e062e]
[jwb1228:3347588] [11] /p/home/jusers/fischill1/juwels/ippl/build_fin/alpine/ElectrostaticPIF/LandauDampingPIF[0x5e220b]
[jwb1228:3347588] [12] /p/home/jusers/fischill1/juwels/ippl/build_fin/alpine/ElectrostaticPIF/LandauDampingPIF[0x5e2e68]
[jwb1228:3347588] [13] /p/home/jusers/fischill1/juwels/ippl/build_fin/alpine/ElectrostaticPIF/LandauDampingPIF[0x5e3837]
[jwb1228:3347588] [14] /p/home/jusers/fischill1/juwels/ippl/build_fin/alpine/ElectrostaticPIF/LandauDampingPIF[0x423714]
[jwb1228:3347588] [15] /usr/lib64/libc.so.6(+0x2a610)[0x1528de59f610]
[jwb1228:3347588] [16] /usr/lib64/libc.so.6(__libc_start_main+0x80)[0x1528de59f6c0]
[jwb1228:3347588] [17] /p/home/jusers/fischill1/juwels/ippl/build_fin/alpine/ElectrostaticPIF/LandauDampingPIF[0x425995]
[jwb0357:1422024] *** End of error message ***
[jwb0195:471057] *** Process received signal ***
[jwb0195:471057] Signal: Aborted (6)
[jwb0195:471057] Signal code:  (-6)
[jwb1218:3190730] *** Process received signal ***
[jwb1218:3190730] Signal: Aborted (6)
[jwb1218:3190730] Signal code:  (-6)
[jwb1225:3138626] [ 0] /usr/lib64/libc.so.6(+0x3fc30)[0x155345f48c30]
[jwb1225:3138626] [ 1] /usr/lib64/libc.so.6(+0x8d02c)[0x155345f9602c]
[jwb1225:3138626] [ 2] /usr/lib64/libc.so.6(raise+0x16)[0x155345f48b86]
[jwb0356:664611] [ 0] /usr/lib64/libc.so.6(+0x3fc30)[0x14c5b2d2ac30]
[jwb0377:1078812] *** Process received signal ***
[jwb0377:1078812] Signal: Aborted (6)
[jwb0377:1078812] Signal code:  (-6)
[jwb1222:2745472] [ 0] /usr/lib64/libc.so.6(+0x3fc30)[0x148a3573bc30]
[jwb1222:2745472] [ 1] /usr/lib64/libc.so.6(+0x8d02c)[0x148a3578902c]
[jwb1222:2745472] [ 2] /usr/lib64/libc.so.6(raise+0x16)[0x148a3573bb86]
[jwb1222:2745472] [ 3] /usr/lib64/libc.so.6(abort+0xd3)[0x148a35725873]
[jwb1222:2745472] [ 4] /p/software/default/stages/2026/software/GCCcore/14.3.0/lib64/libstdc++.so.6(+0xadc3d)[0x148a359e0c3d]
[jwb1222:2745472] [ 5] /p/software/default/stages/2026/software/GCCcore/14.3.0/lib64/libstdc++.so.6(+0xbf14a)[0x148a359f214a]
[jwb1222:2745472] [ 6] /p/software/default/stages/2026/software/GCCcore/14.3.0/lib64/libstdc++.so.6(_ZSt10unexpectedv+0x0)[0x148a359e07e9]
[jwb1222:2745472] [ 7] /p/software/default/stages/2026/software/GCCcore/14.3.0/lib64/libstdc++.so.6(+0xbf3c7)[0x148a359f23c7]
[jwb1222:2745472] [ 8] /p/home/jusers/fischill1/juwels/ippl/build_fin/alpine/ElectrostaticPIF/LandauDampingPIF(_ZN6heffte4cuda11check_errorE9cudaErrorPKc+0xb4)[0x462aa4]
[jwb0284:206746] [ 9] /p/home/jusers/fischill1/juwels/ippl/build_fin/alpine/Electrosta[jwb0285:3686833] [ 0] /usr/lib64/libc.so.6(+0x3fc30)[0x14e26192ac30]
[jwb0285:3686833] [ 1] /usr/lib64/libc.so.6(+0x8d02c)[0x14e26197802c]
[jwb0285:3686833] [ 2] /usr/lib64/libc.so.6(raise+0x16)[0x14e26192ab86]
[jwb0285:3686833] [ 3] /usr/lib64/libc.so.6(abort+0xd3)[0x14e261914873]
[jwb0285:3686833] [ 4] /p/software/default/stages/2026/software/GCCcore/14.3.0/lib64/libstdc++.so.6(+0xadc3d)[0x14e261bcfc3d]
[jwb0285:3686833] [ 5] /p/software/default/stages/2026/software/GCCcore/14.3.0/lib64/libstdc++.so.6(+0xbf14a)[0x14e261be114a]
[jwb0285:3686833] [ 6] /p/software/default/stages/2026/software/GCCcore/14.3.0/lib64/libstdc++.so.6(_ZSt10unexpectedv+0x0)[0x14e261bcf7e9]
[jwb0285:3686833] [ 7] /p/software/default/stages/2026/software/GCCcore/14.3.0/lib64/libstdc++.so.6(+0xbf3c7)[0x14e261be13c7]
[jwb0285:3686833] [ 8] /p/home/jusers/fischill1/juwels/ippl/build_fin/alpine/ElectrostaticPIF/LandauDampingPIF(_ZN6heffte4cuda11check_errorE9cudaErrorPKc+0xb4)[0x462aa4]
[jwb0353:2887527] Signal: Aborted (6)
[jwb0353:2887527] Signal code:  (-6)
  what():  cudaMalloc() failed with message: out of memory
[jwb1237:1432075] *** Process received signal ***
[jwb1237:1432075] Signal: Aborted (6)
[jwb1237:1432075] Signal code:  (-6)
[jwb0200:4070716] *** Process received signal ***
[jwb0200:4070716] Signal: Aborted (6)
[jwb0200:4070716] Signal code:  (-6)
[jwb1228:3347588] *** End of error message ***
[jwb0195:471059] *** Process received signal ***
[jwb0195:471059] Signal: Aborted (6)
[jwb0195:471059] Signal code:  (-6)
[jwb1218:3190729] *** Process received signal ***
[jwb1218:3190729] Signal: Aborted (6)
[jwb1218:3190729] Signal code:  (-6)
[jwb1225:3138626] [ 3] /usr/lib64/libc.so.6(abort+0xd3)[0x155345f32873]
[jwb1225:3138626] [ 4] /p/software/default/stages/2026/software/GCCcore/14.3.0/lib64/libstdc++.so.6(+0xadc3d)[0x1553461edc3d]
[jwb1225:3138626] [ 5] /p/software/default/stages/2026/software/GCCcore/14.3.0/lib64/libstdc++.so.6(+0xbf14a)[0x1553461ff14a]
[jwb1225:3138626] [ 6] /p/software/default/stages/2026/software/GCCcore/14.3.0/lib64/libstdc++.so.6(_ZSt10unexpectedv+0x0)[0x1553461ed7e9]
[jwb1225:3138626] [ 7] /p/software/default/stages/2026/software/GCCcore/14.3.0/lib64/libstdc++.so.6(+0xbf3c7)[0x1553461ff3c7]
[jwb1225:3138626] [ 8] /p/home/jusers/fischill1/juwels/ippl/build_fin/alpine/ElectrostaticPIF/LandauDampingPIF(_ZN6heffte4cuda11check_errorE9cudaErrorPKc+0xb4)[0x462aa4]
[jwb0356:664612] [ 0] /usr/lib64/libc.so.6(+0x3fc30)[0x14af40009c30]
[jwb0377:1078810] *** Process received signal ***
[jwb0377:1078810] Signal: Aborted (6)
[jwb0377:1078810] Signal code:  (-6)
[jwb1222:2745472] [ 9] /p/home/jusers/fischill1/juwels/ippl/build_fin/alpine/[jwb0284:206745] [ 0] /usr/lib64/libc.so.6(+0x3fc30)[0x1492f25c1c30]
[jwb0284:206745] [ 1] /usr/lib64/libc.so.6(+0x8d02c)[0x1492f260f02c]
[jwb0284:206745] [ 2] /usr/lib64/libc.so.6(raise+0x16)[0x1492f25c1b86]
[jwb0284:206745] [ 3] /usr/lib64/libc.so.6(abort+0xd3)[0x1492f25ab873]
[jwb0284:206745] [ 4] /p/software/default/stages/2026/software/GCCcore/14.3.0/lib64/libstdc++.so.6(+0xadc3d)[0x1492f2866c3d]
[jwb0284:206745] [ 5] /p/software/default/stages/2026/software/GCCcore/14.3.0/lib64/libstdc++.so.6(+0xbf14a)[0x1492f287814a]
[jwb0284:206745] [ 6] /p/software/default/stages/2026/software/GCCcore/14.3.0/lib64/libstdc++.so.6(_ZSt10unexpectedv+0x0)[0x1492f28667e9]
[jwb0284:206745] [ 7] /p/software/default/stages/2026/software/GCCcore/14.3.0/lib64/libstdc++.so.6(+0xbf3c7)[0x1492f28783c7]
[jwb0284:206745] [ 8] /p/home/jusers/fischill1/juwels/ippl/build_fin/alpine/ElectrostaticPIF/LandauDampingPIF(_ZN6heffte4cuda11check_errorE9cudaErrorPKc+0xb4)[0x462aa4]
[jwb0285:3686833] [ 9] /p/home/jusers/fischill1/juwels/ippl/build_fin/alpine/[jwb0353:2887525] [ 0] /usr/lib64/libc.so.6(+0x3fc30)[0x153ed8d68c30]
[jwb0353:2887525] [ 1] /usr/lib64/libc.so.6(+0x8d02c)[0x153ed8db602c]
[jwb0353:2887525] [ 2] /usr/lib64/libc.so.6(raise+0x16)[0x153ed8d68b86]
[jwb1237:1432075] [ 0] /usr/lib64/libc.so.6(+0x3fc30)[0x152e6e7eec30]
[jwb1237:1432075] [ 1] /usr/lib64/libc.so.6(+0x8d02c)[0x152e6e83c02c]
[jwb1237:1432075] [ 2] /usr/lib64/libc.so.6(raise+0x16)[0x152e6e7eeb86]
[jwb1237:1432075] [ 3] /usr/lib64/libc.so.6(abort+0xd3)[0x152e6e7d8873]
[jwb1237:1432075] [ 4] /p/software/default/stages/2026/software/GCCcore/14.3.0/lib64/libstdc++.so.6(+0xadc3d)[0x152e6ea93c3d]
[jwb1237:1432075] [ 5] /p/software/default/stages/2026/software/GCCcore/14.3.0/lib64/libstdc++.so.6(+0xbf14a)[0x152e6eaa514a]
[jwb1237:1432075] [ 6] /p/software/default/stages/2026/software/GCCcore/14.3.0/lib64/libstdc++.so.6(_ZSt10unexpectedv+0x0)[0x152e6ea937e9]
[jwb1237:1432075] [ 7] /p/software/default/stages/2026/software/GCCcore/14.3.0/lib64/libstdc++.so.6(+0xbf3c7)[0x152e6eaa53c7]
[jwb1237:1432075] [ 8] /p/home/jusers/fischill1/juwels/ippl/build_fin/alpine/ElectrostaticPIF/LandauDampingPIF(_ZN6heffte4cuda11check_errorE9cudaErrorPKc+0xb4)[0x462aa4]
[jwb0200:4070718] Signal: Aborted (6)
[jwb0200:4070718] Signal code:  (-6)
[jwb1228:3347587] [ 0] /usr/lib64/libc.so.6(+0x3fc30)[0x147be25ccc30]
[jwb1228:3347587] [ 1] /usr/lib64/libc.so.6(+0x8d02c)[0x147be261a02c]
[jwb1228:3347587] [ 2] /usr/lib64/libc.so.6(raise+0x16)[0x147be25ccb86]
[jwb1228:3347587] [ 3] /usr/lib64/libc.so.6(abort+0xd3)[0x147be25b6873]
[jwb1228:3347587] [ 4] /p/software/default/stages/2026/software/GCCcore/14.3.0/lib64/libstdc++.so.6(+0xadc3d)[0x147be2871c3d]
[jwb1228:3347587] [ 5] /p/software/default/stages/2026/software/GCCcore/14.3.0/lib64/libstdc++.so.6(+0xbf14a)[0x147be288314a]
[jwb1228:3347587] [ 6] /p/software/default/stages/2026/software/GCCcore/14.3.0/lib64/libstdc++.so.6(_ZSt10unexpectedv+0x0)[0x147be28717e9]
[jwb1228:3347587] [ 7] /p/software/default/stages/2026/software/GCCcore/14.3.0/lib64/libstdc++.so.6(+0xbf3c7)[0x147be28833c7]
[jwb1228:3347587] [ 8] /p/home/jusers/fischill1/juwels/ippl/build_fin/alpine/ElectrostaticPIF/LandauDampingPIF(_ZN6heffte4cuda11check_errorE9cudaErrorPKc+0xb4)[0x462aa4]
[jwb0195:471059] [ 0] /usr/lib64/libc.so.6(+0x3fc30)[0x14ecf38c7c30]
[jwb1218:3190729] [ 0] /usr/lib64/libc.so.6(+0x3fc30)[0x1455c69d0c30]
[jwb1218:3190729] [ 1] /usr/lib64/libc.so.6(+0x8d02c)[0x1455c6a1e02c]
[jwb1218:3190729] [ 2] /usr/lib64/libc.so.6(raise+0x16)[0x1455c69d0b86]
[jwb1218:3190729] [ 3] /usr/lib64/libc.so.6(abort+0xd3)[0x1455c69ba873]
[jwb1218:3190729] [ 4] /p/software/default/stages/2026/software/GCCcore/14.3.0/lib64/libstdc++.so.6(+0xadc3d)[0x1455c6c75c3d]
[jwb1218:3190729] [ 5] /p/software/default/stages/2026/software/GCCcore/14.3.0/lib64/libstdc++.so.6(+0xbf14a)[0x1455c6c8714a]
[jwb1218:3190729] [ 6] /p/software/default/stages/2026/software/GCCcore/14.3.0/lib64/libstdc++.so.6(_ZSt10unexpectedv+0x0)[0x1455c6c757e9]
[jwb1218:3190729] [ 7] /p/software/default/stages/2026/software/GCCcore/14.3.0/lib64/libstdc++.so.6(+0xbf3c7)[0x1455c6c873c7]
[jwb1218:3190729] [ 8] /p/home/jusers/fischill1/juwels/ippl/build_fin/alpine/ElectrostaticPIF/LandauDampingPIF(_ZN6heffte4cuda11check_errorE9cudaErrorPKc+0xb4)[0x462aa4]
[jwb1225:3138626] [ 9] /p/home/jusers/fischill1/juwels/ippl/build_fin/alpine/ElectrostaticPIF/LandauDampingPIF[0x5df596]
[jwb1225:3138626] [10] /p/home/jusers/fischill1/juwels/ippl/build_fin/alpine/ElectrostaticPIF/LandauDampingPIF[0x5e062e]
[jwb1225:3138626] [11] /p/home/jusers/fischill1/juwels/ippl/build_fin/alpine/ElectrostaticPIF/LandauDampingPIF[0x5e220b]
[jwb0356:664610] [ 0] /usr/lib64/libc.so.6(+0x3fc30)[0x14887144dc30]
[jwb0356:664610] [ 1] /usr/lib64/libc.so.6(+0x8d02c)[0x14887149b02c]
[jwb0356:664610] [ 2] /usr/lib64/libc.so.6(raise+0x16)[0x14887144db86]
[jwb0356:664610] [ 3] /usr/lib64/libc.so.6(abort+0xd3)[0x148871437873]
[jwb0356:664610] [ 4] /p/software/default/stages/2026/software/GCCcore/14.3.0/lib64/libstdc++.so.6(+0xadc3d)[0x1488716f2c3d]
[jwb0356:664610] [ 5] /p/software/default/stages/2026/software/GCCcore/14.3.0/lib64/libstdc++.so.6(+0xbf14a)[0x14887170414a]
[jwb0356:664610] [ 6] /p/software/default/stages/2026/software/GCCcore/14.3.0/lib64/libstdc++.so.6(_ZSt10unexpectedv+0x0)[0x1488716f27e9]
[jwb0356:664610] [ 7] /p/software/default/stages/2026/software/GCCcore/14.3.0/lib64/libstdc++.so.6(+0xbf3c7)[0x1488717043c7]
[jwb0356:664610] [ 8] /p/home/jusers/fischill1/juwels/ippl/build_fin/alpine/ElectrostaticPIF/LandauDampingPIF(_ZN6heffte4cuda11check_errorE9cudaErrorPKc+0xb4)[0x462aa4]
[jwb0377:1078811] [ 0] /usr/lib64/libc.so.6(+0x3fc30)[0x14630dff4c30]
[jwb0377:1078811] [ 1] /usr/lib64/libc.so.6(+0x8d02c)[0x14630e04202c]
[jwb0377:1078811] [ 2] /usr/lib64/libc.so.6(raise+0x16)[0x14630dff4b86]
[jwb0377:1078811] [ 3] /usr/lib64/libc.so.6(abort+0xd3)[0x14630dfde873]
[jwb0377:1078811] [ 4] /p/software/default/stages/2026/software/GCCcore/14.3.0/lib64/libstdc++.so.6(+0xadc3d)[0x14630e299c3d]
[jwb0377:1078811] [ 5] /p/software/default/stages/2026/software/GCCcore/14.3.0/lib64/libstdc++.so.6(+0xbf14a)[0x14630e2ab14a]
[jwb0377:1078811] [ 6] /p/software/default/stages/2026/software/GCCcore/14.3.0/lib64/libstdc++.so.6(_ZSt10unexpectedv+0x0)[0x14630e2997e9]
[jwb0377:1078811] [ 7] /p/software/default/stages/2026/software/GCCcore/14.3.0/lib64/libstdc++.so.6(+0xbf3c7)[0x14630e2ab3c7]
[jwb0377:1078811] [ 8] /p/home/jusers/fischill1/juwels/ippl/build_fin/alpine/ElectrostaticPIF/LandauDampingPIF(_ZN6heffte4cuda11check_errorE9cudaErrorPKc+0xb4)[0x462aa4]
[jwb1222:2745474] [ 0] /usr/lib64/libc.so.6(+0x3fc30)[0x149ffe940c30]
[jwb1222:2745474] [ 1] /usr/lib64/libc.so.6(+0x8d02c)[0x149ffe98e02c]
[jwb1222:2745474] [ 2] /usr/lib64/libc.so.6(raise+0x16)[0x149ffe940b86]
[jwb1222:2745474] [ 3] /usr/lib64/libc.so.6(abort+0xd3)[0x149ffe92a873]
[jwb1222:2745474] [ 4] /p/software/default/stages/2026/software/GCCcore/14.3.0/lib64/libstdc++.so.6(+0xadc3d)[0x149ffebe5c3d]
[jwb1222:2745474] [ 5] /p/software/default/stages/2026/software/GCCcore/14.3.0/lib64/libstdc++.so.6(+0xbf14a)[0x149ffebf714a]
[jwb1222:2745474] [ 6] /p/software/default/stages/2026/software/GCCcore/14.3.0/lib64/libstdc++.so.6(_ZSt10unexpectedv+0x0)[0x149ffebe57e9]
[jwb1222:2745474] [ 7] /p/software/default/stages/2026/software/GCCcore/14.3.0/lib64/libstdc++.so.6(+0xbf3c7)[0x149ffebf73c7]
[jwb1222:2745474] [ 8] /p/home/jusers/fischill1/juwels/ippl/build_fin/alpine/ElectrostaticPIF/LandauDampingPIF(_ZN6heffte4cuda11check_errorE9cudaErrorPKc+0xb4)[0x462aa4]
[jwb0284:206745] [ 9] /p/home/jusers/fischill1/juwels/ippl/build_fin/alpine/ElectrostandauDampingPIF[0x5e062e]
[jwb0285:3686832] [11] /p/home/jusers/fischill1/juwels/ippl/build_fin/alpine/ElectrostaticPIF/LandauDampingPIF[0x5e220b]
[jwb0285:3686832] [12] /p/home/jusers/fischill1/juwels/ippl/build_fin/alpine/ElectrostaticPIF/LandauDampingPIF[0x5e2e68]
[jwb0285:3686832] [13] /p/home/jusers/fischill1/juwels/ippl/build_fin/alpine/ElectrostaticPIF/LandauDampingPIF[0x5e3837]
[jwb0285:3686832] [14] /p/home/jusers/fischill1/juwels/ippl/build_fin/alpine/ElectrostaticPIF/LandauDampingPIF[0x423714]
[jwb0285:3686832] [15] /usr/lib64/libc.so.6(+0x2a610)[0x148a6d49b610]
[jwb0285:3686832] [16] /usr/lib64/libc.so.6(__libc_start_main+0x80)[0x148a6d49b6c0]
[jwb0285:3686832] [17] /p/home/jusers/fischill1/juwels/ippl/build_fin/alpine/ElectrostaticPIF/LandauDampingPIF[0x425995]
[jwb0285:3686832] *** End of error message ***
[jwb0353:2887528] [ 0] /usr/lib64/libc.so.6(+0x3fc30)[0x14d35f82ec30]
[jwb0353:2887528] [ 1] /usr/lib64/libc.so.6(+0x8d02c)[0x14d35f87c02c]
[jwb0353:2887528] [ 2] /usr/lib64/libc.so.6(raise+0x16)[0x14d35f82eb86]
[jwb0353:2887528] [ 3] /usr/lib64/libc.so.6(abort+0xd3)[0x14d35f818873]
[jwb0353:2887528] [ 4] /p/software/default/stages/2026/software/GCCcore/14.3.0/lib64/libstdc++.so.6(+0xadc3d)[0x14d35fad3c3d]
[jwb0353:2887528] [ 5] /p/software/default/stages/2026/software/GCCcore/14.3.0/lib64/libstdc++.so.6(+0xbf14a)[0x14d35fae514a]
[jwb0353:2887528] [ 6] /p/software/default/stages/2026/software/GCCcore/14.3.0/lib64/libstdc++.so.6(_ZSt10unexpectedv+0x0)[0x14d35fad37e9]
[jwb0353:2887528] [ 7] /p/software/default/stages/2026/software/GCCcore/14.3.0/lib64/libstdc++.so.6(+0xbf3c7)[0x14d35fae53c7]
[jwb0353:2887528] [ 8] /p/home/jusers/fischill1/juwels/ippl/build_fin/alpine/ElectrostaticPIF/LandauDampingPIF(_ZN6heffte4cuda11check_errorE9cudaErrorPKc+0xb4)[0x462aa4]
[jwb1237:1432074] [ 0] /usr/lib64/libc.so.6(+0x3fc30)[0x154406b14c30]
[jwb1237:1432074] [ 1] /usr/lib64/libc.so.6(+0x8d02c)[0x154406b6202c]
[jwb1237:1432074] [ 2] /usr/lib64/libc.so.6(raise+0x16)[0x154406b14b86]
[jwb1237:1432074] [ 3] /usr/lib64/libc.so.6(abort+0xd3)[0x154406afe873]
[jwb1237:1432074] [ 4] /p/software/default/stages/2026/software/GCCcore/14.3.0/lib64/libstdc++.so.6(+0xadc3d)[0x154406db9c3d]
[jwb1237:1432074] [ 5] /p/software/default/stages/2026/software/GCCcore/14.3.0/lib64/libstdc++.so.6(+0xbf14a)[0x154406dcb14a]
[jwb1237:1432074] [ 6] /p/software/default/stages/2026/software/GCCcore/14.3.0/lib64/libstdc++.so.6(_ZSt10unexpectedv+0x0)[0x154406db97e9]
[jwb1237:1432074] [ 7] /p/software/default/stages/2026/software/GCCcore/14.3.0/lib64/libstdc++.so.6(+0xbf3c7)[0x154406dcb3c7]
[jwb1237:1432074] [ 8] /p/home/jusers/fischill1/juwels/ippl/build_fin/alpine/ElectrostaticPIF/LandauDampingPIF(_ZN6heffte4cuda11check_errorE9cudaErrorPKc+0xb4)[0x462aa4]
[jwb0200:4070716] [ 0] /usr/lib64/libc.so.6(+0x3fc30)[0x152619938c30]
[jwb0200:4070716] [ 1] /usr/lib64/libc.so.6(+0x8d02c)[0x15261998602c]
[jwb0200:4070716] [ 2] /usr/lib64/libc.so.6(raise+0x16)[0x152619938b86]
[jwb0200:4070716] [ 3] /usr/lib64/libc.so.6(abort+0xd3)[0x152619922873]
[jwb0200:4070716] [ 4] /p/software/default/stages/2026/software/GCCcore/14.3.0/lib64/libstdc++.so.6(+0xadc3d)[0x152619bddc3d]
[jwb0200:4070716] [ 5] /p/software/default/stages/2026/software/GCCcore/14.3.0/lib64/libstdc++.so.6(+0xbf14a)[0x152619bef14a]
[jwb0200:4070716] [ 6] /p/software/default/stages/2026/software/GCCcore/14.3.0/lib64/libstdc++.so.6(_ZSt10unexpectedv+0x0)[0x152619bdd7e9]
[jwb0200:4070716] [ 7] /p/software/default/stages/2026/software/GCCcore/14.3.0/lib64/libstdc++.so.6(+0xbf3c7)[0x152619bef3c7]
[jwb0200:4070716] [ 8] /p/home/jusers/fischill1/juwels/ippl/build_fin/alpine/ElectrostaticPIF/LandauDampingPIF(_ZN6heffte4cuda11check_errorE9cudaErrorPKc+0xb4)[0x462aa4]
[jwb1228:3347587] [ 9] /p/home/jusers/fischill1/juwels/ippl/build_fin/alpine/[jwb0195:471059] [ 1] /usr/lib64/libc.so.6(+0x8d02c)[0x14ecf391502c]
[jwb1218:3190727] [ 0] /usr/lib64/libc.so.6(+0x3fc30)[0x14983dec7c30]
[jwb1218:3190727] [ 1] /usr/lib64/libc.so.6(+0x8d02c)[0x14983df1502c]
[jwb1218:3190727] [ 2] /usr/lib64/libc.so.6(raise+0x16)[0x14983dec7b86]
[jwb1218:3190727] [ 3] /usr/lib64/libc.so.6(abort+0xd3)[0x14983deb1873]
[jwb1218:3190727] [ 4] /p/software/default/stages/2026/software/GCCcore/14.3.0/lib64/libstdc++.so.6(+0xadc3d)[0x14983e16cc3d]
[jwb1218:3190727] [ 5] /p/software/default/stages/2026/software/GCCcore/14.3.0/lib64/libstdc++.so.6(+0xbf14a)[0x14983e17e14a]
[jwb1218:3190727] [ 6] /p/software/default/stages/2026/software/GCCcore/14.3.0/lib64/libstdc++.so.6(_ZSt10unexpectedv+0x0)[0x14983e16c7e9]
[jwb1218:3190727] [ 7] /p/software/default/stages/2026/software/GCCcore/14.3.0/lib64/libstdc++.so.6(+0xbf3c7)[0x14983e17e3c7]
[jwb1218:3190727] [ 8] /p/home/jusers/fischill1/juwels/ippl/build_fin/alpine/ElectrostaticPIF/LandauDampingPIF(_ZN6heffte4cuda11check_errorE9cudaErrorPKc+0xb4)[0x462aa4]
[jwb1225:3138626] [12] /p/home/jusers/fischill1/juwels/ippl/build_fin/alpine/ElectrostaticPIF/LandauDampingPIF[0x5e2e68]
[jwb1225:3138626] [13] /p/home/jusers/fischill1/juwels/ippl/build_fin/alpine/ElectrostaticPIF/LandauDampingPIF[0x5e3837]
[jwb1225:3138626] [14] /p/home/jusers/fischill1/juwels/ippl/build_fin/alpine/ElectrostaticPIF/LandauDampingPIF[0x423714]
[jwb1225:3138626] [15] /usr/lib64/libc.so.6(+0x2a610)[0x155345f33610]
[jwb1225:3138626] [16] /usr/lib64/libc.so.6(__libc_start_main+0x80)[0x155345f336c0]
[jwb1225:3138626] [17] /p/home/jusers/fischill1/juwels/ippl/build_fin/alpine/ElectrostaticPIF/LandauDampingPIF[0x425995]
[jwb1225:3138626] *** End of error message ***
[jwb0356:664610] [ 9] /p/home/jusers/fischill1/juwels/ippl/build_fin/alpine/Electrosta[jwb0377:1078811] [ 9] /p/home/jusers/fischill1/juwels/ippl/build_fin/alpine/[jwb1222:2745474] [ 9] /p/home/jusers/fischill1/juwels/ippl/build_fin/alpine/[jwb0284:206748] [15] /usr/lib64/libc.so.6(+0x2a610)[0x14df3dbc9610]
[jwb0284:206748] [16] /usr/lib64/libc.so.6(__libc_start_main+0x80)[0x14df3dbc96c0]
[jwb0284:206748] [17] /p/home/jusers/fischill1/juwels/ippl/build_fin/alpine/ElectrostaticPIF/LandauDampingPIF[0x425995]
[jwb0284:206748] *** End of error message ***
ElectrostaticPIF/LandauDampingPIF[0x5df596]
[jwb0285:3686835] [10] /p/home/jusers/fischill1/juwels/ippl/build_fin/alpine/ElectrostaticPIF/LandauDampingPIF[0x5e062e]
[jwb0285:3686835] [11] /p/home/jusers/fischill1/juwels/ippl/build_fin/alpine/ElectrostaticPIF/LandauDampingPIF[0x5e220b]
[jwb0285:3686835] [12] /p/home/jusers/fischill1/juwels/ippl/build_fin/alpine/ElectrostaticPIF/LandauDampingPIF[0x5e2e68]
[jwb0285:3686835] [13] /p/home/jusers/fischill1/juwels/ippl/build_fin/alpine/ElectrostaticPIF/LandauDampingPIF[0x5e3837]
[jwb0285:3686835] [14] /p/home/jusers/fischill1/juwels/ippl/build_fin/alpine/ElectrostaticPIF/LandauDampingPIF[0x423714]
[jwb0285:3686835] [15] /usr/lib64/libc.so.6(+0x2a610)[0x1515c3799610]
[jwb0285:3686835] [16] /usr/lib64/libc.so.6(__libc_start_main+0x80)[0x1515c37996c0]
[jwb0285:3686835] [17] /p/home/jusers/fischill1/juwels/ippl/build_fin/alpine/ElectrostaticPIF/LandauDampingPIF[0x425995]
[jwb0285:3686835] *** End of error message ***
[jwb0353:2887528] [ 9] /p/home/jusers/fischill1/juwels/ippl/build_fin/alpine/[jwb1237:1432074] [ 9] /p/home/jusers/fischill1/juwels/ippl/build_fin/alpine/[jwb0200:4070716] [ 9] /p/home/jusers/fischill1/juwels/ippl/build_fin/alpine/[jwb1228:3347589] [ 0] /usr/lib64/libc.so.6(+0x3fc30)[0x14fd15a82c30]
[jwb1228:3347589] [ 1] /usr/lib64/libc.so.6(+0x8d02c)[0x14fd15ad002c]
[jwb1228:3347589] [ 2] /usr/lib64/libc.so.6(raise+0x16)[0x14fd15a82b86]
[jwb1228:3347589] [ 3] /usr/lib64/libc.so.6(abort+0xd3)[0x14fd15a6c873]
[jwb1228:3347589] [ 4] /p/software/default/stages/2026/software/GCCcore/14.3.0/lib64/libstdc++.so.6(+0xadc3d)[0x14fd15d27c3d]
[jwb1228:3347589] [ 5] /p/software/default/stages/2026/software/GCCcore/14.3.0/lib64/libstdc++.so.6(+0xbf14a)[0x14fd15d3914a]
[jwb1228:3347589] [ 6] /p/software/default/stages/2026/software/GCCcore/14.3.0/lib64/libstdc++.so.6(_ZSt10unexpectedv+0x0)[0x14fd15d277e9]
[jwb1228:3347589] [ 7] /p/software/default/stages/2026/software/GCCcore/14.3.0/lib64/libstdc++.so.6(+0xbf3c7)[0x14fd15d393c7]
[jwb1228:3347589] [ 8] /p/home/jusers/fischill1/juwels/ippl/build_fin/alpine/ElectrostaticPIF/LandauDampingPIF(_ZN6heffte4cuda11check_errorE9cudaErrorPKc+0xb4)[0x462aa4]
[jwb0195:471058] [ 0] /usr/lib64/libc.so.6(+0x3fc30)[0x146ce8eacc30]
[jwb0195:471058] [ 1] /usr/lib64/libc.so.6(+0x8d02c)[0x146ce8efa02c]
[jwb0195:471058] [ 2] /usr/lib64/libc.so.6(raise+0x16)[0x146ce8eacb86]
[jwb0195:471058] [ 3] /usr/lib64/libc.so.6(abort+0xd3)[0x146ce8e96873]
[jwb0195:471058] [ 4] /p/software/default/stages/2026/software/GCCcore/14.3.0/lib64/libstdc++.so.6(+0xadc3d)[0x146ce9151c3d]
[jwb0195:471058] [ 5] /p/software/default/stages/2026/software/GCCcore/14.3.0/lib64/libstdc++.so.6(+0xbf14a)[0x146ce916314a]
[jwb0195:471058] [ 6] /p/software/default/stages/2026/software/GCCcore/14.3.0/lib64/libstdc++.so.6(_ZSt10unexpectedv+0x0)[0x146ce91517e9]
[jwb0195:471058] [ 7] /p/software/default/stages/2026/software/GCCcore/14.3.0/lib64/libstdc++.so.6(+0xbf3c7)[0x146ce91633c7]
[jwb0195:471058] [ 8] /p/home/jusers/fischill1/juwels/ippl/build_fin/alpine/ElectrostaticPIF/LandauDampingPIF(_ZN6heffte4cuda11check_errorE9cudaErrorPKc+0xb4)[0x462aa4]
[jwb1218:3190727] [ 9] /p/home/jusers/fischill1/juwels/ippl/build_fin/alpine/[jwb1225:3138624] [ 0] /usr/lib64/libc.so.6(+0x3fc30)[0x14c216f87c30]
[jwb1225:3138624] [ 1] /usr/lib64/libc.so.6(+0x8d02c)[0x14c216fd502c]
[jwb1225:3138624] [ 2] /usr/lib64/libc.so.6(raise+0x16)[0x14c216f87b86]
[jwb1225:3138624] [ 3] /usr/lib64/libc.so.6(abort+0xd3)[0x14c216f71873]
[jwb1225:3138624] [ 4] /p/software/default/stages/2026/software/GCCcore/14.3.0/lib64/libstdc++.so.6(+0xadc3d)[0x14c21722cc3d]
[jwb1225:3138624] [ 5] /p/software/default/stages/2026/software/GCCcore/14.3.0/lib64/libstdc++.so.6(+0xbf14a)[0x14c21723e14a]
[jwb1225:3138624] [ 6] /p/software/default/stages/2026/software/GCCcore/14.3.0/lib64/libstdc++.so.6(_ZSt10unexpectedv+0x0)[0x14c21722c7e9]
[jwb1225:3138624] [ 7] /p/software/default/stages/2026/software/GCCcore/14.3.0/lib64/libstdc++.so.6(+0xbf3c7)[0x14c21723e3c7]
[jwb1225:3138624] [ 8] /p/home/jusers/fischill1/juwels/ippl/build_fin/alpine/ElectrostaticPIF/LandauDampingPIF(_ZN6heffte4cuda11check_errorE9cudaErrorPKc+0xb4)[0x462aa4]
ticPIF/LandauDampingPIF[0x5df596]
[jwb0356:664610] [10] /p/home/jusers/fischill1/juwels/ippl/build_fin/alpine/ElectrostaticPIF/LandauDampingPIF[0x5e062e]
[jwb0377:1078810] [ 0] /usr/lib64/libc.so.6(+0x3fc30)[0x153c197eac30]
[jwb0377:1078810] [ 1] /usr/lib64/libc.so.6(+0x8d02c)[0x153c1983802c]
[jwb0377:1078810] [ 2] /usr/lib64/libc.so.6(raise+0x16)[0x153c197eab86]
[jwb0377:1078810] [ 3] /usr/lib64/libc.so.6(abort+0xd3)[0x153c197d4873]
[jwb0377:1078810] [ 4] /p/software/default/stages/2026/software/GCCcore/14.3.0/lib64/libstdc++.so.6(+0xadc3d)[0x153c19a8fc3d]
[jwb0377:1078810] [ 5] /p/software/default/stages/2026/software/GCCcore/14.3.0/lib64/libstdc++.so.6(+0xbf14a)[0x153c19aa114a]
[jwb0377:1078810] [ 6] /p/software/default/stages/2026/software/GCCcore/14.3.0/lib64/libstdc++.so.6(_ZSt10unexpectedv+0x0)[0x153c19a8f7e9]
[jwb0377:1078810] [ 7] /p/software/default/stages/2026/software/GCCcore/14.3.0/lib64/libstdc++.so.6(+0xbf3c7)[0x153c19aa13c7]
[jwb0377:1078810] [ 8] /p/home/jusers/fischill1/juwels/ippl/build_fin/alpine/ElectrostaticPIF/LandauDampingPIF(_ZN6heffte4cuda11check_errorE9cudaErrorPKc+0xb4)[0x462aa4]
ElectrostaticPIF/LandauDampingPIF[0x5df596]
[jwb1222:2745472] [10] /p/home/jusers/fischill1/juwels/ippl/build_fin/alpine/ElectrostaticPIF/LandauDampingPIF[0x5e062e]
ticPIF/LandauDampingPIF[0x5df596]
[jwb0284:206746] [10] /p/home/jusers/fischill1/juwels/ippl/build_fin/alpine/ElectrostaticPIF/LandauDampingPIF[0x5e062e]
[jwb0284:206746] [11] /p/home/jusers/fischill1/juwels/ippl/build_fin/alpine/ElectrostaticPIF/LandauDampingPIF[0x5e220b]
[jwb0284:206746] [12] /p/home/jusers/fischill1/juwels/ippl/build_fin/alpine/ElectrostaticPIF/LandauDampingPIF[0x5e2e68]
[jwb0284:206746] [13] /p/home/jusers/fischill1/juwels/ippl/build_fin/alpine/ElectrostaticPIF/LandauDampingPIF[0x5e3837]
[jwb0284:206746] [14] /p/home/jusers/fischill1/juwels/ippl/build_fin/alpine/ElectrostaticPIF/LandauDampingPIF[0x423714]
[jwb0284:206746] [15] /usr/lib64/libc.so.6(+0x2a610)[0x145d15c68610]
[jwb0284:206746] [16] /usr/lib64/libc.so.6(__libc_start_main+0x80)[0x145d15c686c0]
[jwb0284:206746] [17] /p/home/jusers/fischill1/juwels/ippl/build_fin/alpine/ElectrostaticPIF/LandauDampingPIF[0x425995]
[jwb0284:206746] *** End of error message ***
ElectrostaticPIF/LandauDampingPIF[0x5df596]
[jwb0285:3686833] [10] /p/home/jusers/fischill1/juwels/ippl/build_fin/alpine/ElectrostaticPIF/LandauDampingPIF[0x5e062e]
[jwb0285:3686833] [11] /p/home/jusers/fischill1/juwels/ippl/build_fin/alpine/ElectrostaticPIF/LandauDampingPIF[0x5e220b]
[jwb0285:3686833] [12] /p/home/jusers/fischill1/juwels/ippl/build_fin/alpine/ElectrostaticPIF/LandauDampingPIF[0x5e2e68]
[jwb0285:3686833] [13] /p/home/jusers/fischill1/juwels/ippl/build_fin/alpine/ElectrostaticPIF/LandauDampingPIF[0x5e3837]
[jwb0285:3686833] [14] /p/home/jusers/fischill1/juwels/ippl/build_fin/alpine/ElectrostaticPIF/LandauDampingPIF[0x423714]
[jwb0285:3686833] [15] /usr/lib64/libc.so.6(+0x2a610)[0x14e261915610]
[jwb0285:3686833] [16] /usr/lib64/libc.so.6(__libc_start_main+0x80)[0x14e2619156c0]
[jwb0285:3686833] [17] /p/home/jusers/fischill1/juwels/ippl/build_fin/alpine/ElectrostaticPIF/LandauDampingPIF[0x425995]
[jwb0285:3686833] *** End of error message ***
[jwb0353:2887527] [ 0] /usr/lib64/libc.so.6(+0x3fc30)[0x154a816aec30]
[jwb0353:2887527] [ 1] /usr/lib64/libc.so.6(+0x8d02c)[0x154a816fc02c]
[jwb0353:2887527] [ 2] /usr/lib64/libc.so.6(raise+0x16)[0x154a816aeb86]
[jwb0353:2887527] [ 3] /usr/lib64/libc.so.6(abort+0xd3)[0x154a81698873]
[jwb0353:2887527] [ 4] /p/software/default/stages/2026/software/GCCcore/14.3.0/lib64/libstdc++.so.6(+0xadc3d)[0x154a81953c3d]
[jwb0353:2887527] [ 5] /p/software/default/stages/2026/software/GCCcore/14.3.0/lib64/libstdc++.so.6(+0xbf14a)[0x154a8196514a]
[jwb0353:2887527] [ 6] /p/software/default/stages/2026/software/GCCcore/14.3.0/lib64/libstdc++.so.6(_ZSt10unexpectedv+0x0)[0x154a819537e9]
[jwb0353:2887527] [ 7] /p/software/default/stages/2026/software/GCCcore/14.3.0/lib64/libstdc++.so.6(+0xbf3c7)[0x154a819653c7]
[jwb0353:2887527] [ 8] /p/home/jusers/fischill1/juwels/ippl/build_fin/alpine/ElectrostaticPIF/LandauDampingPIF(_ZN6heffte4cuda11check_errorE9cudaErrorPKc+0xb4)[0x462aa4]
ElectrostaticPIF/LandauDampingPIF[0x5df596]
[jwb1237:1432074] [10] /p/home/jusers/fischill1/juwels/ippl/build_fin/alpine/ElectrostaticPIF/LandauDampingPIF[0x5e062e]
[jwb1237:1432074] [11] /p/home/jusers/fischill1/juwels/ippl/build_fin/alpine/ElectrostaticPIF/LandauDampingPIF[0x5e220b]
[jwb1237:1432074] [12] /p/home/jusers/fischill1/juwels/ippl/build_fin/alpine/ElectrostaticPIF/LandauDampingPIF[0x5e2e68]
[jwb1237:1432074] [13] /p/home/jusers/fischill1/juwels/ippl/build_fin/alpine/ElectrostaticPIF/LandauDampingPIF[0x5e3837]
ElectrostaticPIF/LandauDampingPIF[0x5df596]
[jwb0200:4070716] [10] /p/home/jusers/fischill1/juwels/ippl/build_fin/alpine/ElectrostaticPIF/LandauDampingPIF[0x5e062e]
[jwb0200:4070716] [11] /p/home/jusers/fischill1/juwels/ippl/build_fin/alpine/ElectrostaticPIF/LandauDampingPIF[0x5e220b]
[jwb1228:3347589] [ 9] /p/home/jusers/fischill1/juwels/ippl/build_fin/alpine/[jwb0195:471058] [ 9] /p/home/jusers/fischill1/juwels/ippl/build_fin/alpine/ElectrostaElectrostaticPIF/LandauDampingPIF[0x5df596]
[jwb1218:3190727] [10] /p/home/jusers/fischill1/juwels/ippl/build_fin/alpine/ElectrostaticPIF/LandauDampingPIF[0x5e062e]
[jwb1218:3190727] [11] /p/home/jusers/fischill1/juwels/ippl/build_fin/alpine/ElectrostaticPIF/LandauDampingPIF[0x5e220b]
[jwb1218:3190727] [12] /p/home/jusers/fischill1/juwels/ippl/build_fin/alpine/ElectrostaticPIF/LandauDampingPIF[0x5e2e68]
[jwb1225:3138624] [ 9] /p/home/jusers/fischill1/juwels/ippl/build_fin/alpine/[jwb0356:664611] [ 1] /usr/lib64/libc.so.6(+0x8d02c)[0x14c5b2d7802c]
[jwb0356:664611] [ 2] /usr/lib64/libc.so.6(raise+0x16)[0x14c5b2d2ab86]
[jwb0356:664611] [ 3] /usr/lib64/libc.so.6(abort+0xd3)[0x14c5b2d14873]
[jwb0356:664611] [ 4] /p/software/default/stages/2026/software/GCCcore/14.3.0/lib64/libstdc++.so.6(+0xadc3d)[0x14c5b2fcfc3d]
[jwb0356:664611] [ 5] /p/software/default/stages/2026/software/GCCcore/14.3.0/lib64/libstdc++.so.6(+0xbf14a)[0x14c5b2fe114a]
[jwb0356:664611] [ 6] /p/software/default/stages/2026/software/GCCcore/14.3.0/lib64/libstdc++.so.6(_ZSt10unexpectedv+0x0)[0x14c5b2fcf7e9]
[jwb0356:664611] [ 7] /p/software/default/stages/2026/software/GCCcore/14.3.0/lib64/libstdc++.so.6(+0xbf3c7)[0x14c5b2fe13c7]
[jwb0356:664611] [ 8] /p/home/jusers/fischill1/juwels/ippl/build_fin/alpine/ElectrostaticPIF/LandauDampingPIF(_ZN6heffte4cuda11check_errorE9cudaErrorPKc+0xb4)[0x462aa4]
[jwb0356:664611] [ 9] /p/home/jusers/fischill1/juwels/ippl/build_fin/alpine/ElectrostaticPIF/LandauDampingPIF[0x5df596]
[jwb0377:1078810] [ 9] /p/home/jusers/fischill1/juwels/ippl/build_fin/alpine/ElectrostaticPIF/LandauDampingPIF[0x5df596]
[jwb1222:2745474] [10] /p/home/jusers/fischill1/juwels/ippl/build_fin/alpine/ElectrostaticPIF/LandauDampingPIF[0x5e062e]
[jwb1222:2745474] [11] /p/home/jusers/fischill1/juwels/ippl/build_fin/alpine/ElectrostaticPIF/LandauDampingPIF[0x5e220b]
[jwb1222:2745474] [12] /p/home/jusers/fischill1/juwels/ippl/build_fin/alpine/ElectrostaticPIF/LandauDampingPIF[0x5e2e68]
ticPIF/LandauDampingPIF[0x5df596]
[jwb0284:206745] [10] /p/home/jusers/fischill1/juwels/ippl/build_fin/alpine/ElectrostaticPIF/LandauDampingPIF[0x5e062e]
[jwb0284:206745] [11] /p/home/jusers/fischill1/juwels/ippl/build_fin/alpine/ElectrostaticPIF/LandauDampingPIF[0x5e220b]
[jwb0284:206745] [12] /p/home/jusers/fischill1/juwels/ippl/build_fin/alpine/ElectrostaticPIF/LandauDampingPIF[0x5e2e68]
[jwb0284:206745] [13] /p/home/jusers/fischill1/juwels/ippl/build_fin/alpine/ElectrostaticPIF/LandauDampingPIF[0x5e3837]
[jwb0284:206745] [14] /p/home/jusers/fischill1/juwels/ippl/build_fin/alpine/ElectrostaticPIF/LandauDampingPIF[0x423714]
[jwb0284:206745] [15] /usr/lib64/libc.so.6(+0x2a610)[0x1492f25ac610]
[jwb0284:206745] [16] /usr/lib64/libc.so.6(__libc_start_main+0x80)[0x1492f25ac6c0]
[jwb0284:206745] [17] /p/home/jusers/fischill1/juwels/ippl/build_fin/alpine/ElectrostaticPIF/LandauDampingPIF[0x425995]
[jwb0284:206745] *** End of error message ***
[jwb0285:3686834] [ 0] /usr/lib64/libc.so.6(+0x3fc30)[0x149e56968c30]
[jwb0285:3686834] [ 1] /usr/lib64/libc.so.6(+0x8d02c)[0x149e569b602c]
[jwb0285:3686834] [ 2] /usr/lib64/libc.so.6(raise+0x16)[0x149e56968b86]
[jwb0285:3686834] [ 3] /usr/lib64/libc.so.6(abort+0xd3)[0x149e56952873]
[jwb0285:3686834] [ 4] /p/software/default/stages/2026/software/GCCcore/14.3.0/lib64/libstdc++.so.6(+0xadc3d)[0x149e56c0dc3d]
[jwb0285:3686834] [ 5] /p/software/default/stages/2026/software/GCCcore/14.3.0/lib64/libstdc++.so.6(+0xbf14a)[0x149e56c1f14a]
[jwb0285:3686834] [ 6] /p/software/default/stages/2026/software/GCCcore/14.3.0/lib64/libstdc++.so.6(_ZSt10unexpectedv+0x0)[0x149e56c0d7e9]
[jwb0285:3686834] [ 7] /p/software/default/stages/2026/software/GCCcore/14.3.0/lib64/libstdc++.so.6(+0xbf3c7)[0x149e56c1f3c7]
[jwb0285:3686834] [ 8] /p/home/jusers/fischill1/juwels/ippl/build_fin/alpine/ElectrostaticPIF/LandauDampingPIF(_ZN6heffte4cuda11check_errorE9cudaErrorPKc+0xb4)[0x462aa4]
[jwb0353:2887527] [ 9] /p/home/jusers/fischill1/juwels/ippl/build_fin/alpine/[jwb1237:1432074] [14] /p/home/jusers/fischill1/juwels/ippl/build_fin/alpine/ElectrostaticPIF/LandauDampingPIF[0x423714]
[jwb1237:1432074] [15] /usr/lib64/libc.so.6(+0x2a610)[0x154406aff610]
[jwb1237:1432074] [16] /usr/lib64/libc.so.6(__libc_start_main+0x80)[0x154406aff6c0]
[jwb1237:1432074] [17] /p/home/jusers/fischill1/juwels/ippl/build_fin/alpine/ElectrostaticPIF/LandauDampingPIF[0x425995]
[jwb1237:1432074] *** End of error message ***
[jwb0200:4070719] [ 0] /usr/lib64/libc.so.6(+0x3fc30)[0x14f57e305c30]
[jwb0200:4070719] [ 1] /usr/lib64/libc.so.6(+0x8d02c)[0x14f57e35302c]
[jwb0200:4070719] [ 2] /usr/lib64/libc.so.6(raise+0x16)[0x14f57e305b86]
[jwb0200:4070719] [ 3] /usr/lib64/libc.so.6(abort+0xd3)[0x14f57e2ef873]
[jwb0200:4070719] [ 4] /p/software/default/stages/2026/software/GCCcore/14.3.0/lib64/libstdc++.so.6(+0xadc3d)[0x14f57e5aac3d]
[jwb0200:4070719] [ 5] /p/software/default/stages/2026/software/GCCcore/14.3.0/lib64/libstdc++.so.6(+0xbf14a)[0x14f57e5bc14a]
[jwb0200:4070719] [ 6] /p/software/default/stages/2026/software/GCCcore/14.3.0/lib64/libstdc++.so.6(_ZSt10unexpectedv+0x0)[0x14f57e5aa7e9]
[jwb0200:4070719] [ 7] /p/software/default/stages/2026/software/GCCcore/14.3.0/lib64/libstdc++.so.6(+0xbf3c7)[0x14f57e5bc3c7]
[jwb0200:4070719] [ 8] /p/home/jusers/fischill1/juwels/ippl/build_fin/alpine/ElectrostaticPIF/LandauDampingPIF(_ZN6heffte4cuda11check_errorE9cudaErrorPKc+0xb4)[0x462aa4]
ElectrostaticPIF/LandauDampingPIF[0x5df596]
[jwb1228:3347587] [10] /p/home/jusers/fischill1/juwels/ippl/build_fin/alpine/ElectrostaticPIF/LandauDampingPIF[0x5e062e]
[jwb1228:3347587] [11] /p/home/jusers/fischill1/juwels/ippl/build_fin/alpine/ElectrostaticPIF/LandauDampingPIF[0x5e220b]
[jwb1228:3347587] [12] /p/home/jusers/fischill1/juwels/ippl/build_fin/alpine/ElectrostaticPIF/LandauDampingPIF[0x5e2e68]
[jwb1228:3347587] [13] /p/home/jusers/fischill1/juwels/ippl/build_fin/alpine/ElectrostaticPIF/LandauDampingPIF[0x5e3837]
[jwb1228:3347587] [14] /p/home/jusers/fischill1/juwels/ippl/build_fin/alpine/ElectrostaticPIF/LandauDampingPIF[0x423714]
[jwb1228:3347587] [15] /usr/lib64/libc.so.6(+0x2a610)[0x147be25b7610]
[jwb1228:3347587] [16] /usr/lib64/libc.so.6(__libc_start_main+0x80)[0x147be25b76c0]
[jwb1228:3347587] [17] /p/home/jusers/fischill1/juwels/ippl/build_fin/alpine/ElectrostaticPIF/LandauDampingPIF[0x425995]
[jwb1228:3347587] *** End of error message ***
ticPIF/LandauDampingPIF[0x5df596]
[jwb0195:471058] [10] /p/home/jusers/fischill1/juwels/ippl/build_fin/alpine/ElectrostaticPIF/LandauDampingPIF[0x5e062e]
[jwb1218:3190727] [13] /p/home/jusers/fischill1/juwels/ippl/build_fin/alpine/ElectrostaticPIF/LandauDampingPIF[0x5e3837]
[jwb1218:3190727] [14] /p/home/jusers/fischill1/juwels/ippl/build_fin/alpine/ElectrostaticPIF/LandauDampingPIF[0x423714]
[jwb1218:3190727] [15] /usr/lib64/libc.so.6(+0x2a610)[0x14983deb2610]
[jwb1218:3190727] [16] /usr/lib64/libc.so.6(__libc_start_main+0x80)[0x14983deb26c0]
[jwb1218:3190727] [17] /p/home/jusers/fischill1/juwels/ippl/build_fin/alpine/ElectrostaticPIF/LandauDampingPIF[0x425995]
[jwb1218:3190727] *** End of error message ***
ElectrostaticPIF/LandauDampingPIF[0x5df596]
[jwb1225:3138624] [10] /p/home/jusers/fischill1/juwels/ippl/build_fin/alpine/ElectrostaticPIF/LandauDampingPIF[0x5e062e]
[jwb1225:3138624] [11] /p/home/jusers/fischill1/juwels/ippl/build_fin/alpine/ElectrostaticPIF/LandauDampingPIF[0x5e220b]
[jwb1225:3138624] [12] /p/home/jusers/fischill1/juwels/ippl/build_fin/alpine/ElectrostaticPIF/LandauDampingPIF[0x5e2e68]
[jwb1225:3138624] [13] /p/home/jusers/fischill1/juwels/ippl/build_fin/alpine/ElectrostaticPIF/LandauDampingPIF[0x5e3837]
[jwb1225:3138624] [14] /p/home/jusers/fischill1/juwels/ippl/build_fin/alpine/ElectrostaticPIF/LandauDampingPIF[0x423714]
[jwb1225:3138624] [15] /usr/lib64/libc.so.6(+0x2a610)[0x14c216f72610]
[jwb1225:3138624] [16] /usr/lib64/libc.so.6(__libc_start_main+0x80)[0x14c216f726c0]
[jwb1225:3138624] [17] /p/home/jusers/fischill1/juwels/ippl/build_fin/alpine/ElectrostaticPIF/LandauDampingPIF[0x425995]
[jwb1225:3138624] *** End of error message ***
[jwb0356:664611] [10] /p/home/juser[jwb0377:1078813] [ 0] /usr/lib64/libc.so.6(+0x3fc30)[0x1485ef183c30]
[jwb0377:1078813] [ 1] /usr/lib64/libc.so.6(+0x8d02c)[0x1485ef1d102c]
[jwb0377:1078813] [ 2] /usr/lib64/libc.so.6(raise+0x16)[0x1485ef183b86]
[jwb0377:1078813] [ 3] /usr/lib64/libc.so.6(abort+0xd3)[0x1485ef16d873]
[jwb0377:1078813] [ 4] /p/software/default/stages/2026/software/GCCcore/14.3.0/lib64/libstdc++.so.6(+0xadc3d)[0x1485ef428c3d]
[jwb0377:1078813] [ 5] /p/software/default/stages/2026/software/GCCcore/14.3.0/lib64/libstdc++.so.6(+0xbf14a)[0x1485ef43a14a]
[jwb0377:1078813] [ 6] /p/software/default/stages/2026/software/GCCcore/14.3.0/lib64/libstdc++.so.6(_ZSt10unexpectedv+0x0)[0x1485ef4287e9]
[jwb0377:1078813] [ 7] /p/software/default/stages/2026/software/GCCcore/14.3.0/lib64/libstdc++.so.6(+0xbf3c7)[0x1485ef43a3c7]
[jwb0377:1078813] [ 8] /p/home/jusers/fischill1/juwels/ippl/build_fin/alpine/ElectrostaticPIF/LandauDampingPIF(_ZN6heffte4cuda11check_errorE9cudaErrorPKc+0xb4)[0x462aa4]
[jwb1222:2745472] [11] /p/home/jusers/fischill1/juwels/ippl/build_fin/alpine/ElectrostaticPIF/LandauDampingPIF[0x5e220b]
[jwb1222:2745472] [12] /p/home/jusers/fischill1/juwels/ippl/build_fin/alpine/ElectrostaticPIF/LandauDampingPIF[0x5e2e68]
[jwb1222:2745472] [13] /p/home/jusers/fischill1/juwels/ippl/build_fin/alpine/ElectrostaticPIF/LandauDampingPIF[0x5e3837]
[jwb1222:2745472] [14] /p/home/jusers/fischill1/juwels/ippl/build_fin/alpine/ElectrostaticPIF/LandauDampingPIF[0x423714]
[jwb1222:2745472] [15] /usr/lib64/libc.so.6(+0x2a610)[0x148a35726610]
[jwb1222:2745472] [16] /usr/lib64/libc.so.6(__libc_start_main+0x80)[0x148a357266c0]
[jwb1222:2745472] [17] /p/home/jusers/fischill1/juwels/ippl/build_fin/alpine/ElectrostaticPIF/LandauDampingPIF[0x425995]
[jwb1222:2745472] *** End of error message ***
[jwb0284:206747] [ 0] /usr/lib64/libc.so.6(+0x3fc30)[0x152fc31acc30]
[jwb0284:206747] [ 1] /usr/lib64/libc.so.6(+0x8d02c)[0x152fc31fa02c]
[jwb0284:206747] [ 2] /usr/lib64/libc.so.6(raise+0x16)[0x152fc31acb86]
[jwb0284:206747] [ 3] /usr/lib64/libc.so.6(abort+0xd3)[0x152fc3196873]
[jwb0284:206747] [ 4] /p/software/default/stages/2026/software/GCCcore/14.3.0/lib64/libstdc++.so.6(+0xadc3d)[0x152fc3451c3d]
[jwb0284:206747] [ 5] /p/software/default/stages/2026/software/GCCcore/14.3.0/lib64/libstdc++.so.6(+0xbf14a)[0x152fc346314a]
[jwb0284:206747] [ 6] /p/software/default/stages/2026/software/GCCcore/14.3.0/lib64/libstdc++.so.6(_ZSt10unexpectedv+0x0)[0x152fc34517e9]
[jwb0284:206747] [ 7] /p/software/default/stages/2026/software/GCCcore/14.3.0/lib64/libstdc++.so.6(+0xbf3c7)[0x152fc34633c7]
[jwb0284:206747] [ 8] /p/home/jusers/fischill1/juwels/ippl/build_fin/alpine/ElectrostaticPIF/LandauDampingPIF(_ZN6heffte4cuda11check_errorE9cudaErrorPKc+0xb4)[0x462aa4]
[jwb0285:3686834] [ 9] /p/home/jusers/fischill1/juwels/ippl/build_fin/alpine/ElectrostaticPIF/LandauDampingPIF[0x5df596]
[jwb0353:2887528] [10] /p/home/jusers/fischill1/juwels/ippl/build_fin/alpine/ElectrostaticPIF/LandauDampingPIF[0x5e062e]
[jwb1237:1432076] [ 0] /usr/lib64/libc.so.6(+0x3fc30)[0x1506b368bc30]
[jwb1237:1432076] [ 1] /usr/lib64/libc.so.6(+0x8d02c)[0x1506b36d902c]
[jwb1237:1432076] [ 2] /usr/lib64/libc.so.6(raise+0x16)[0x1506b368bb86]
[jwb1237:1432076] [ 3] /usr/lib64/libc.so.6(abort+0xd3)[0x1506b3675873]
[jwb1237:1432076] [ 4] /p/software/default/stages/2026/software/GCCcore/14.3.0/lib64/libstdc++.so.6(+0xadc3d)[0x1506b3930c3d]
[jwb1237:1432076] [ 5] /p/software/default/stages/2026/software/GCCcore/14.3.0/lib64/libstdc++.so.6(+0xbf14a)[0x1506b394214a]
[jwb1237:1432076] [ 6] /p/software/default/stages/2026/software/GCCcore/14.3.0/lib64/libstdc++.so.6(_ZSt10unexpectedv+0x0)[0x1506b39307e9]
[jwb1237:1432076] [ 7] /p/software/default/stages/2026/software/GCCcore/14.3.0/lib64/libstdc++.so.6(+0xbf3c7)[0x1506b39423c7]
[jwb1237:1432076] [ 8] /p/home/jusers/fischill1/juwels/ippl/build_fin/alpine/ElectrostaticPIF/LandauDampingPIF(_ZN6heffte4cuda11check_errorE9cudaErrorPKc+0xb4)[0x462aa4]
[jwb0200:4070716] [12] /p/home/jusers/fischill1/juwels/ippl/build_fin/alpine/ElectrostaticPIF/LandauDampingPIF[0x5e2e68]
[jwb0200:4070716] [13] /p/home/jusers/fischill1/juwels/ippl/build_fin/alpine/ElectrostaticPIF/LandauDampingPIF[0x5e3837]
[jwb0200:4070716] [14] /p/home/jusers/fischill1/juwels/ippl/build_fin/alpine/ElectrostaticPIF/LandauDampingPIF[0x423714]
[jwb0200:4070716] [15] /usr/lib64/libc.so.6(+0x2a610)[0x152619923610]
[jwb0200:4070716] [16] /usr/lib64/libc.so.6(__libc_start_main+0x80)[0x1526199236c0]
[jwb0200:4070716] [17] /p/home/jusers/fischill1/juwels/ippl/build_fin/alpine/ElectrostaticPIF/LandauDampingPIF[0x425995]
[jwb0200:4070716] *** End of error message ***
ElectrostaticPIF/LandauDampingPIF[0x5df596]
[jwb1228:3347589] [10] /p/home/jusers/fischill1/juwels/ippl/build_fin/alpine/ElectrostaticPIF/LandauDampingPIF[0x5e062e]
[jwb1228:3347589] [11] /p/home/jusers/fischill1/juwels/ippl/build_fin/alpine/ElectrostaticPIF/LandauDampingPIF[0x5e220b]
[jwb1228:3347589] [12] /p/home/jusers/fischill1/juwels/ippl/build_fin/alpine/ElectrostaticPIF/LandauDampingPIF[0x5e2e68]
[jwb1228:3347589] [13] /p/home/jusers/fischill1/juwels/ippl/build_fin/alpine/ElectrostaticPIF/LandauDampingPIF[0x5e3837]
[jwb1228:3347589] [14] /p/home/jusers/fischill1/juwels/ippl/build_fin/alpine/ElectrostaticPIF/LandauDampingPIF[0x423714]
[jwb1228:3347589] [15] /usr/lib64/libc.so.6(+0x2a610)[0x14fd15a6d610]
[jwb1228:3347589] [16] /usr/lib64/libc.so.6(__libc_start_main+0x80)[0x14fd15a6d6c0]
[jwb1228:3347589] [17] /p/home/jusers/fischill1/juwels/ippl/build_fin/alpine/ElectrostaticPIF/LandauDampingPIF[0x425995]
[jwb1228:3347589] *** End of error message ***
[jwb0195:471056] [ 0] /usr/lib64/libc.so.6(+0x3fc30)[0x1541084c8c30]
[jwb0195:471056] [ 1] /usr/lib64/libc.so.6(+0x8d02c)[0x15410851602c]
[jwb0195:471056] [ 2] /usr/lib64/libc.so.6(raise+0x16)[0x1541084c8b86]
[jwb0195:471056] [ 3] /usr/lib64/libc.so.6(abort+0xd3)[0x1541084b2873]
[jwb0195:471056] [ 4] /p/software/default/stages/2026/software/GCCcore/14.3.0/lib64/libstdc++.so.6(+0xadc3d)[0x15410876dc3d]
[jwb0195:471056] [ 5] /p/software/default/stages/2026/software/GCCcore/14.3.0/lib64/libstdc++.so.6(+0xbf14a)[0x15410877f14a]
[jwb0195:471056] [ 6] /p/software/default/stages/2026/software/GCCcore/14.3.0/lib64/libstdc++.so.6(_ZSt10unexpectedv+0x0)[0x15410876d7e9]
[jwb0195:471056] [ 7] /p/software/default/stages/2026/software/GCCcore/14.3.0/lib64/libstdc++.so.6(+0xbf3c7)[0x15410877f3c7]
[jwb0195:471056] [ 8] /p/home/jusers/fischill1/juwels/ippl/build_fin/alpine/ElectrostaticPIF/LandauDampingPIF(_ZN6heffte4cuda11check_errorE9cudaErrorPKc+0xb4)[0x462aa4]
[jwb1218:3190729] [ 9] /p/home/jusers/fischill1/juwels/ippl/build_fin/alpine/ElectrostaticPIF/LandauDampingPIF[0x5df596]
[jwb1218:3190729] [10] /p/home/jusers/fischill1/juwels/ippl/build_fin/alpine/ElectrostaticPIF/LandauDampingPIF[0x5e062e]
[jwb1218:3190729] [11] /p/home/jusers/fischill1/juwels/ippl/build_fin/alpine/ElectrostaticPIF/LandauDampingPIF[0x5e220b]
[jwb1218:3190729] [12] /p/home/jusers/fischill1/juwels/ippl/build_fin/alpine/ElectrostaticPIF/LandauDampingPIF[0x5e2e68]
[jwb1218:3190729] [13] /p/home/jusers/fischill1/juwels/ippl/build_fin/alpine/ElectrostaticPIF/LandauDampingPIF[0x5e3837]
[jwb1218:3190729] [14] /p/home/jusers/fischill1/juwels/ippl/build_fin/alpine/ElectrostaticPIF/LandauDampingPIF[0x423714]
[jwb1218:3190729] [15] /usr/lib64/libc.so.6(+0x2a610)[0x1455c69bb610]
[jwb1218:3190729] [16] /usr/lib64/libc.so.6(__libc_start_main+0x80)[0x1455c69bb6c0]
[jwb1218:3190729] [17] /p/home/jusers/fischill1/juwels/ippl/build_fin/alpine/ElectrostaticPIF/LandauDampingPIF[0x425995]
[jwb1225:3138625] [ 0] /usr/lib64/libc.so.6(+0x3fc30)[0x152cf5dbbc30]
[jwb1225:3138625] [ 1] /usr/lib64/libc.so.6(+0x8d02c)[0x152cf5e0902c]
[jwb1225:3138625] [ 2] /usr/lib64/libc.so.6(raise+0x16)[0x152cf5dbbb86]
[jwb1225:3138625] [ 3] /usr/lib64/libc.so.6(abort+0xd3)[0x152cf5da5873]
[jwb1225:3138625] [ 4] /p/software/default/stages/2026/software/GCCcore/14.3.0/lib64/libstdc++.so.6(+0xadc3d)[0x152cf6060c3d]
[jwb1225:3138625] [ 5] /p/software/default/stages/2026/software/GCCcore/14.3.0/lib64/libstdc++.so.6(+0xbf14a)[0x152cf607214a]
[jwb1225:3138625] [ 6] /p/software/default/stages/2026/software/GCCcore/14.3.0/lib64/libstdc++.so.6(_ZSt10unexpectedv+0x0)[0x152cf60607e9]
[jwb1225:3138625] [ 7] /p/software/default/stages/2026/software/GCCcore/14.3.0/lib64/libstdc++.so.6(+0xbf3c7)[0x152cf60723c7]
[jwb1225:3138625] [ 8] /p/home/jusers/fischill1/juwels/ippl/build_fin/alpine/ElectrostaticPIF/LandauDampingPIF(_ZN6heffte4cuda11check_errorE9cudaErrorPKc+0xb4)[0x462aa4]
[jwb0356:664613] [ 0] /usr/lib64/libc.so.6(+0x3fc30)[0x14c5dad7dc30]
[jwb0356:664613] [ 1] /usr/lib64/libc.so.6(+0x8d02c)[0x14c5dadcb02c]
[jwb0356:664613] [ 2] /usr/lib64/libc.so.6(raise+0x16)[0x14c5dad7db86]
[jwb0356:664613] [ 3] /usr/lib64/libc.so.6(abort+0xd3)[0x14c5dad67873]
[jwb0356:664613] [ 4] /p/software/default/stages/2026/software/GCCcore/14.3.0/lib64/libstdc++.so.6(+0xadc3d)[0x14c5db022c3d]
[jwb0356:664613] [ 5] /p/software/default/stages/2026/software/GCCcore/14.3.0/lib64/libstdc++.so.6(+0xbf14a)[0x14c5db03414a]
[jwb0356:664613] [ 6] /p/software/default/stages/2026/software/GCCcore/14.3.0/lib64/libstdc++.so.6(_ZSt10unexpectedv+0x0)[0x14c5db0227e9]
[jwb0356:664613] [ 7] /p/software/default/stages/2026/software/GCCcore/14.3.0/lib64/libstdc++.so.6(+0xbf3c7)[0x14c5db0343c7]
[jwb0356:664613] [ 8] /p/home/jusers/fischill1/juwels/ippl/build_fin/alpine/ElectrostaticPIF/LandauDampingPIF(_ZN6heffte4cuda11check_errorE9cudaErrorPKc+0xb4)[0x462aa4]
[jwb0377:1078813] [ 9] /p/home/jusers/fischill1/juwels/ippl/build_fin/alpine/[jwb1222:2745474] [13] /p/home/jusers/fischill1/juwels/ippl/build_fin/alpine/ElectrostaticPIF/LandauDampingPIF[0x5e3837]
[jwb1222:2745474] [14] /p/home/jusers/fischill1/juwels/ippl/build_fin/alpine/ElectrostaticPIF/LandauDampingPIF[0x423714]
[jwb1222:2745474] [15] /usr/lib64/libc.so.6(+0x2a610)[0x149ffe92b610]
[jwb1222:2745474] [16] /usr/lib64/libc.so.6(__libc_start_main+0x80)[0x149ffe92b6c0]
[jwb1222:2745474] [17] /p/home/jusers/fischill1/juwels/ippl/build_fin/alpine/ElectrostaticPIF/LandauDampingPIF[0x425995]
[jwb1222:2745474] *** End of error message ***
[jwb0284:206747] [ 9] /p/home/jusers/fischill1/juwels/ippl/build_fin/alpine/ElectrostaElectrostaticPIF/LandauDampingPIF[0x5df596]
[jwb0285:3686834] [10] /p/home/jusers/fischill1/juwels/ippl/build_fin/alpine/ElectrostaticPIF/LandauDampingPIF[0x5e062e]
[jwb0285:3686834] [11] /p/home/jusers/fischill1/juwels/ippl/build_fin/alpine/ElectrostaticPIF/LandauDampingPIF[0x5e220b]
[jwb0285:3686834] [12] /p/home/jusers/fischill1/juwels/ippl/build_fin/alpine/ElectrostaticPIF/LandauDampingPIF[0x5e2e68]
[jwb0285:3686834] [13] /p/home/jusers/fischill1/juwels/ippl/build_fin/alpine/ElectrostaticPIF/LandauDampingPIF[0x5e3837]
[jwb0285:3686834] [14] /p/home/jusers/fischill1/juwels/ippl/build_fin/alpine/ElectrostaticPIF/LandauDampingPIF[0x423714]
[jwb0285:3686834] [15] /usr/lib64/libc.so.6(+0x2a610)[0x149e56953610]
[jwb0285:3686834] [16] /usr/lib64/libc.so.6(__libc_start_main+0x80)[0x149e569536c0]
[jwb0285:3686834] [17] /p/home/jusers/fischill1/juwels/ippl/build_fin/alpine/ElectrostaticPIF/LandauDampingPIF[0x425995]
[jwb0285:3686834] *** End of error message ***
ElectrostaticPIF/LandauDampingPIF[0x5df596]
[jwb0353:2887527] [10] /p/home/jusers/fischill1/juwels/ippl/build_fin/alpine/ElectrostaticPIF/LandauDampingPIF[0x5e062e]
[jwb1237:1432076] [ 9] /p/home/jusers/fischill1/juwels/ippl/build_fin/alpine/[jwb0200:4070719] [ 9] /p/home/jusers/fischill1/juwels/ippl/build_fin/alpine/ElectrostaticPIF/LandauDampingPIF[0x5df596]
[jwb0200:4070719] [10] /p/home/jusers/fischill1/juwels/ippl/build_fin/alpine/ElectrostaticPIF/LandauDampingPIF[0x5e062e]
[jwb0200:4070719] [11] /p/home/jusers/fischill1/juwels/ippl/build_fin/alpine/ElectrostaticPIF/LandauDampingPIF[0x5e220b]
[jwb0200:4070719] [12] /p/home/jusers/fischill1/juwels/ippl/build_fin/alpine/ElectrostaticPIF/LandauDampingPIF[0x5e2e68]
[jwb0200:4070719] [13] /p/home/jusers/fischill1/juwels/ippl/build_fin/alpine/ElectrostaticPIF/LandauDampingPIF[0x5e3837]
[jwb0200:4070719] [14] /p/home/jusers/fischill1/juwels/ippl/build_fin/alpine/ElectrostaticPIF/LandauDampingPIF[0x423714]
[jwb1228:3347586] [ 0] /usr/lib64/libc.so.6(+0x3fc30)[0x146120a9dc30]
[jwb1228:3347586] [ 1] /usr/lib64/libc.so.6(+0x8d02c)[0x146120aeb02c]
[jwb1228:3347586] [ 2] /usr/lib64/libc.so.6(raise+0x16)[0x146120a9db86]
[jwb1228:3347586] [ 3] /usr/lib64/libc.so.6(abort+0xd3)[0x146120a87873]
[jwb1228:3347586] [ 4] /p/software/default/stages/2026/software/GCCcore/14.3.0/lib64/libstdc++.so.6(+0xadc3d)[0x146120d42c3d]
[jwb1228:3347586] [ 5] /p/software/default/stages/2026/software/GCCcore/14.3.0/lib64/libstdc++.so.6(+0xbf14a)[0x146120d5414a]
[jwb1228:3347586] [ 6] /p/software/default/stages/2026/software/GCCcore/14.3.0/lib64/libstdc++.so.6(_ZSt10unexpectedv+0x0)[0x146120d427e9]
[jwb1228:3347586] [ 7] /p/software/default/stages/2026/software/GCCcore/14.3.0/lib64/libstdc++.so.6(+0xbf3c7)[0x146120d543c7]
[jwb1228:3347586] [ 8] /p/home/jusers/fischill1/juwels/ippl/build_fin/alpine/ElectrostaticPIF/LandauDampingPIF(_ZN6heffte4cuda11check_errorE9cudaErrorPKc+0xb4)[0x462aa4]
[jwb0195:471056] [ 9] /p/home/jusers/fischill1/juwels/ippl/build_fin/alpine/Electrosta[jwb1218:3190729] *** End of error message ***
[jwb1225:3138625] [ 9] /p/home/jusers/fischill1/juwels/ippl/build_fin/alpine/[jwb0356:664613] [ 9] /p/home/jusers/fischill1/juwels/ippl/build_fin/alpine/Electrosta[jwb0377:1078812] [ 0] /usr/lib64/libc.so.6(+0x3fc30)[0x14e4cca7cc30]
[jwb0377:1078812] [ 1] /usr/lib64/libc.so.6(+0x8d02c)[0x14e4ccaca02c]
[jwb0377:1078812] [ 2] /usr/lib64/libc.so.6(raise+0x16)[0x14e4cca7cb86]
[jwb0377:1078812] [ 3] /usr/lib64/libc.so.6(abort+0xd3)[0x14e4cca66873]
[jwb0377:1078812] [ 4] /p/software/default/stages/2026/software/GCCcore/14.3.0/lib64/libstdc++.so.6(+0xadc3d)[0x14e4ccd21c3d]
[jwb0377:1078812] [ 5] /p/software/default/stages/2026/software/GCCcore/14.3.0/lib64/libstdc++.so.6(+0xbf14a)[0x14e4ccd3314a]
[jwb0377:1078812] [ 6] /p/software/default/stages/2026/software/GCCcore/14.3.0/lib64/libstdc++.so.6(_ZSt10unexpectedv+0x0)[0x14e4ccd217e9]
[jwb0377:1078812] [ 7] /p/software/default/stages/2026/software/GCCcore/14.3.0/lib64/libstdc++.so.6(+0xbf3c7)[0x14e4ccd333c7]
[jwb0377:1078812] [ 8] /p/home/jusers/fischill1/juwels/ippl/build_fin/alpine/ElectrostaticPIF/LandauDampingPIF(_ZN6heffte4cuda11check_errorE9cudaErrorPKc+0xb4)[0x462aa4]
[jwb1222:2745473] [ 0] /usr/lib64/libc.so.6(+0x3fc30)[0x14f7ae168c30]
[jwb1222:2745473] [ 1] /usr/lib64/libc.so.6(+0x8d02c)[0x14f7ae1b602c]
[jwb1222:2745473] [ 2] /usr/lib64/libc.so.6(raise+0x16)[0x14f7ae168b86]
[jwb1222:2745473] [ 3] /usr/lib64/libc.so.6(abort+0xd3)[0x14f7ae152873]
[jwb1222:2745473] [ 4] /p/software/default/stages/2026/software/GCCcore/14.3.0/lib64/libstdc++.so.6(+0xadc3d)[0x14f7ae40dc3d]
[jwb1222:2745473] [ 5] /p/software/default/stages/2026/software/GCCcore/14.3.0/lib64/libstdc++.so.6(+0xbf14a)[0x14f7ae41f14a]
[jwb1222:2745473] [ 6] /p/software/default/stages/2026/software/GCCcore/14.3.0/lib64/libstdc++.so.6(_ZSt10unexpectedv+0x0)[0x14f7ae40d7e9]
[jwb1222:2745473] [ 7] /p/software/default/stages/2026/software/GCCcore/14.3.0/lib64/libstdc++.so.6(+0xbf3c7)[0x14f7ae41f3c7]
[jwb1222:2745473] [ 8] /p/home/jusers/fischill1/juwels/ippl/build_fin/alpine/ElectrostaticPIF/LandauDampingPIF(_ZN6heffte4cuda11check_errorE9cudaErrorPKc+0xb4)[0x462aa4]
ticPIF/LandauDampingPIF[0x5df596]
[jwb0284:206747] [10] /p/home/jusers/fischill1/juwels/ippl/build_fin/alpine/ElectrostaticPIF/LandauDampingPIF[0x5e062e]
[jwb0284:206747] [11] /p/home/jusers/fischill1/juwels/ippl/build_fin/alpine/ElectrostaticPIF/LandauDampingPIF[0x5e220b]
[jwb0284:206747] [12] /p/home/jusers/fischill1/juwels/ippl/build_fin/alpine/ElectrostaticPIF/LandauDampingPIF[0x5e2e68]
[jwb0284:206747] [13] /p/home/jusers/fischill1/juwels/ippl/build_fin/alpine/ElectrostaticPIF/LandauDampingPIF[0x5e3837]
[jwb0284:206747] [14] /p/home/jusers/fischill1/juwels/ippl/build_fin/alpine/ElectrostaticPIF/LandauDampingPIF[0x423714]
[jwb0284:206747] [15] /usr/lib64/libc.so.6(+0x2a610)[0x152fc3197610]
[jwb0284:206747] [16] /usr/lib64/libc.so.6(__libc_start_main+0x80)[0x152fc31976c0]
[jwb0284:206747] [17] /p/home/jusers/fischill1/juwels/ippl/build_fin/alpine/ElectrostaticPIF/LandauDampingPIF[0x425995]
[jwb0284:206747] *** End of error message ***
[jwb0353:2887528] [11] /p/home/jusers/fischill1/juwels/ippl/build_fin/alpine/ElectrostaticPIF/LandauDampingPIF[0x5e220b]
[jwb0353:2887528] [12] /p/home/jusers/fischill1/juwels/ippl/build_fin/alpine/ElectrostaticPIF/LandauDampingPIF[0x5e2e68]
[jwb0353:2887528] [13] /p/home/jusers/fischill1/juwels/ippl/build_fin/alpine/ElectrostaticPIF/LandauDampingPIF[0x5e3837]
[jwb0353:2887528] [14] /p/home/jusers/fischill1/juwels/ippl/build_fin/alpine/ElectrostaticPIF/LandauDampingPIF[0x423714]
[jwb0353:2887528] [15] /usr/lib64/libc.so.6(+0x2a610)[0x14d35f819610]
[jwb0353:2887528] [16] /usr/lib64/libc.so.6(__libc_start_main+0x80)[0x14d35f8196c0]
[jwb0353:2887528] [17] /p/home/jusers/fischill1/juwels/ippl/build_fin/alpine/ElectrostaticPIF/LandauDampingPIF[0x425995]
ElectrostaticPIF/LandauDampingPIF[0x5df596]
[jwb1237:1432076] [10] /p/home/jusers/fischill1/juwels/ippl/build_fin/alpine/ElectrostaticPIF/LandauDampingPIF[0x5e062e]
[jwb1237:1432076] [11] /p/home/jusers/fischill1/juwels/ippl/build_fin/alpine/ElectrostaticPIF/LandauDampingPIF[0x5e220b]
[jwb1237:1432076] [12] /p/home/jusers/fischill1/juwels/ippl/build_fin/alpine/ElectrostaticPIF/LandauDampingPIF[0x5e2e68]
[jwb1237:1432076] [13] /p/home/jusers/fischill1/juwels/ippl/build_fin/alpine/ElectrostaticPIF/LandauDampingPIF[0x5e3837]
[jwb1237:1432076] [14] /p/home/jusers/fischill1/juwels/ippl/build_fin/alpine/ElectrostaticPIF/LandauDampingPIF[0x423714]
[jwb1237:1432076] [15] /usr/lib64/libc.so.6(+0x2a610)[0x1506b3676610]
[jwb1237:1432076] [16] /usr/lib64/libc.so.6(__libc_start_main+0x80)[0x1506b36766c0]
[jwb1237:1432076] [17] /p/home/jusers/fischill1/juwels/ippl/build_fin/alpine/ElectrostaticPIF/LandauDampingPIF[0x425995]
[jwb1237:1432076] *** End of error message ***
[jwb0200:4070717] [ 0] /usr/lib64/libc.so.6(+0x3fc30)[0x1457549e1c30]
[jwb0200:4070717] [ 1] /usr/lib64/libc.so.6(+0x8d02c)[0x145754a2f02c]
[jwb0200:4070717] [ 2] /usr/lib64/libc.so.6(raise+0x16)[0x1457549e1b86]
[jwb0200:4070717] [ 3] /usr/lib64/libc.so.6(abort+0xd3)[0x1457549cb873]
[jwb0200:4070717] [ 4] /p/software/default/stages/2026/software/GCCcore/14.3.0/lib64/libstdc++.so.6(+0xadc3d)[0x145754c86c3d]
[jwb0200:4070717] [ 5] /p/software/default/stages/2026/software/GCCcore/14.3.0/lib64/libstdc++.so.6(+0xbf14a)[0x145754c9814a]
[jwb0200:4070717] [ 6] /p/software/default/stages/2026/software/GCCcore/14.3.0/lib64/libstdc++.so.6(_ZSt10unexpectedv+0x0)[0x145754c867e9]
[jwb0200:4070717] [ 7] /p/software/default/stages/2026/software/GCCcore/14.3.0/lib64/libstdc++.so.6(+0xbf3c7)[0x145754c983c7]
[jwb0200:4070717] [ 8] /p/home/jusers/fischill1/juwels/ippl/build_fin/alpine/ElectrostaticPIF/LandauDampingPIF(_ZN6heffte4cuda11check_errorE9cudaErrorPKc+0xb4)[0x462aa4]
[jwb1228:3347586] [ 9] /p/home/jusers/fischill1/juwels/ippl/build_fin/alpine/[jwb0195:471058] [11] /p/home/jusers/fischill1/juwels/ippl/build_fin/alpine/ElectrostaticPIF/LandauDampingPIF[0x5e220b]
[jwb0195:471058] [12] /p/home/jusers/fischill1/juwels/ippl/build_fin/alpine/ElectrostaticPIF/LandauDampingPIF[0x5e2e68]
[jwb0195:471058] [13] /p/home/jusers/fischill1/juwels/ippl/build_fin/alpine/ElectrostaticPIF/LandauDampingPIF[0x5e3837]
[jwb0195:471058] [14] /p/home/jusers/fischill1/juwels/ippl/build_fin/alpine/ElectrostaticPIF/LandauDampingPIF[0x423714]
[jwb0195:471058] [15] /usr/lib64/libc.so.6(+0x2a610)[0x146ce8e97610]
[jwb0195:471058] [16] /usr/lib64/libc.so.6(__libc_start_main+0x80)[0x146ce8e976c0]
[jwb0195:471058] [17] /p/home/jusers/fischill1/juwels/ippl/build_fin/alpine/ElectrostaticPIF/LandauDampingPIF[0x425995]
[jwb0195:471058] *** End of error message ***
[jwb1218:3190728] [ 0] /usr/lib64/libc.so.6(+0x3fc30)[0x1523b9937c30]
[jwb1218:3190728] [ 1] /usr/lib64/libc.so.6(+0x8d02c)[0x1523b998502c]
[jwb1218:3190728] [ 2] /usr/lib64/libc.so.6(raise+0x16)[0x1523b9937b86]
[jwb1218:3190728] [ 3] /usr/lib64/libc.so.6(abort+0xd3)[0x1523b9921873]
[jwb1218:3190728] [ 4] /p/software/default/stages/2026/software/GCCcore/14.3.0/lib64/libstdc++.so.6(+0xadc3d)[0x1523b9bdcc3d]
[jwb1218:3190728] [ 5] /p/software/default/stages/2026/software/GCCcore/14.3.0/lib64/libstdc++.so.6(+0xbf14a)[0x1523b9bee14a]
[jwb1218:3190728] [ 6] /p/software/default/stages/2026/software/GCCcore/14.3.0/lib64/libstdc++.so.6(_ZSt10unexpectedv+0x0)[0x1523b9bdc7e9]
[jwb1218:3190728] [ 7] /p/software/default/stages/2026/software/GCCcore/14.3.0/lib64/libstdc++.so.6(+0xbf3c7)[0x1523b9bee3c7]
[jwb1218:3190728] [ 8] /p/home/jusers/fischill1/juwels/ippl/build_fin/alpine/ElectrostaticPIF/LandauDampingPIF(_ZN6heffte4cuda11check_errorE9cudaErrorPKc+0xb4)[0x462aa4]
[jwb1225:3138627] [ 0] /usr/lib64/libc.so.6(+0x3fc30)[0x149b5e9cec30]
[jwb1225:3138627] [ 1] /usr/lib64/libc.so.6(+0x8d02c)[0x149b5ea1c02c]
[jwb1225:3138627] [ 2] /usr/lib64/libc.so.6(raise+0x16)[0x149b5e9ceb86]
[jwb1225:3138627] [ 3] /usr/lib64/libc.so.6(abort+0xd3)[0x149b5e9b8873]
[jwb1225:3138627] [ 4] /p/software/default/stages/2026/software/GCCcore/14.3.0/lib64/libstdc++.so.6(+0xadc3d)[0x149b5ec73c3d]
[jwb1225:3138627] [ 5] /p/software/default/stages/2026/software/GCCcore/14.3.0/lib64/libstdc++.so.6(+0xbf14a)[0x149b5ec8514a]
[jwb1225:3138627] [ 6] /p/software/default/stages/2026/software/GCCcore/14.3.0/lib64/libstdc++.so.6(_ZSt10unexpectedv+0x0)[0x149b5ec737e9]
[jwb1225:3138627] [ 7] /p/software/default/stages/2026/software/GCCcore/14.3.0/lib64/libstdc++.so.6(+0xbf3c7)[0x149b5ec853c7]
[jwb1225:3138627] [ 8] /p/home/jusers/fischill1/juwels/ippl/build_fin/alpine/ElectrostaticPIF/LandauDampingPIF(_ZN6heffte4cuda11check_errorE9cudaErrorPKc+0xb4)[0x462aa4]
[jwb0356:664610] [11] /p/home/jusers/fischill1/juwels/ippl/build_fin/alpine/ElectrostaticPIF/LandauDampingPIF[0x5e220b]
[jwb0356:664610] [12] /p/home/jusers/fischill1/juwels/ippl/build_fin/alpine/ElectrostaticPIF/LandauDampingPIF[0x5e2e68]
[jwb0356:664610] [13] /p/home/jusers/fischill1/juwels/ippl/build_fin/alpine/ElectrostaticPIF/LandauDampingPIF[0x5e3837]
[jwb0356:664610] [14] /p/home/jusers/fischill1/juwels/ippl/build_fin/alpine/ElectrostaticPIF/LandauDampingPIF[0x423714]
[jwb0356:664610] [15] /usr/lib64/libc.so.6(+0x2a610)[0x148871438610]
[jwb0356:664610] [16] /usr/lib64/libc.so.6(__libc_start_main+0x80)[0x1488714386c0]
[jwb0356:664610] [17] /p/home/jusers/fischill1/juwels/ippl/build_fin/alpine/ElectrostaticPIF/LandauDampingPIF[0x425995]
[jwb0356:664610] *** End of error message ***
[jwb0377:1078812] [ 9] /p/home/jusers/fischill1/juwels/ippl/build_fin/alpine/[jwb1222:2745473] [ 9] /p/home/jusers/fischill1/juwels/ippl/build_fin/alpine/[jwb0353:2887527] [11] /p/home/jusers/fischill1/juwels/ippl/build_fin/alpine/ElectrostaticPIF/LandauDampingPIF[0x5e220b]
[jwb0353:2887527] [12] /p/home/jusers/fischill1/juwels/ippl/build_fin/alpine/ElectrostaticPIF/LandauDampingPIF[0x5e2e68]
[jwb0353:2887527] [13] /p/home/jusers/fischill1/juwels/ippl/build_fin/alpine/ElectrostaticPIF/LandauDampingPIF[0x5e3837]
[jwb0353:2887527] [14] /p/home/jusers/fischill1/juwels/ippl/build_fin/alpine/ElectrostaticPIF/LandauDampingPIF[0x423714]
[jwb0353:2887527] [15] /usr/lib64/libc.so.6(+0x2a610)[0x154a81699610]
[jwb0353:2887527] [16] /usr/lib64/libc.so.6(__libc_start_main+0x80)[0x154a816996c0]
[jwb0353:2887527] [17] /p/home/jusers/fischill1/juwels/ippl/build_fin/alpine/ElectrostaticPIF/LandauDampingPIF[0x425995]
[jwb1237:1432075] [ 9] /p/home/jusers/fischill1/juwels/ippl/build_fin/alpine/ElectrostaticPIF/LandauDampingPIF[0x5df596]
[jwb1237:1432075] [10] /p/home/jusers/fischill1/juwels/ippl/build_fin/alpine/ElectrostaticPIF/LandauDampingPIF[0x5e062e]
[jwb1237:1432075] [11] /p/home/jusers/fischill1/juwels/ippl/build_fin/alpine/ElectrostaticPIF/LandauDampingPIF[0x5e220b]
[jwb1237:1432075] [12] /p/home/jusers/fischill1/juwels/ippl/build_fin/alpine/ElectrostaticPIF/LandauDampingPIF[0x5e2e68]
[jwb1237:1432075] [13] /p/home/jusers/fischill1/juwels/ippl/build_fin/alpine/ElectrostaticPIF/LandauDampingPIF[0x5e3837]
[jwb1237:1432075] [14] /p/home/jusers/fischill1/juwels/ippl/build_fin/alpine/ElectrostaticPIF/LandauDampingPIF[0x423714]
[jwb1237:1432075] [15] /usr/lib64/libc.so.6(+0x2a610)[0x152e6e7d9610]
[jwb1237:1432075] [16] /usr/lib64/libc.so.6(__libc_start_main+0x80)[0x152e6e7d96c0]
[jwb1237:1432075] [17] /p/home/jusers/fischill1/juwels/ippl/build_fin/alpine/ElectrostaticPIF/LandauDampingPIF[0x425995]
[jwb0200:4070717] [ 9] /p/home/jusers/fischill1/juwels/ippl/build_fin/alpine/ElectrostaticPIF/LandauDampingPIF[0x5df596]
[jwb1228:3347586] [10] /p/home/jusers/fischill1/juwels/ippl/build_fin/alpine/ElectrostaticPIF/LandauDampingPIF[0x5e062e]
[jwb1228:3347586] [11] /p/home/jusers/fischill1/juwels/ippl/build_fin/alpine/ElectrostaticPIF/LandauDampingPIF[0x5e220b]
[jwb1228:3347586] [12] /p/home/jusers/fischill1/juwels/ippl/build_fin/alpine/ElectrostaticPIF/LandauDampingPIF[0x5e2e68]
[jwb1228:3347586] [13] /p/home/jusers/fischill1/juwels/ippl/build_fin/alpine/ElectrostaticPIF/LandauDampingPIF[0x5e3837]
[jwb1228:3347586] [14] /p/home/jusers/fischill1/juwels/ippl/build_fin/alpine/ElectrostaticPIF/LandauDampingPIF[0x423714]
[jwb1228:3347586] [15] /usr/lib64/libc.so.6(+0x2a610)[0x146120a88610]
[jwb1228:3347586] [16] /usr/lib64/libc.so.6(__libc_start_main+0x80)[0x146120a886c0]
[jwb1228:3347586] [17] /p/home/jusers/fischill1/juwels/ippl/build_fin/alpine/ElectrostaticPIF/LandauDampingPIF[0x425995]
ticPIF/LandauDampingPIF[0x5df596]
[jwb0195:471056] [10] /p/home/jusers/fischill1/juwels/ippl/build_fin/alpine/ElectrostaticPIF/LandauDampingPIF[0x5e062e]
[jwb0195:471056] [11] /p/home/jusers/fischill1/juwels/ippl/build_fin/alpine/ElectrostaticPIF/LandauDampingPIF[0x5e220b]
[jwb0195:471056] [12] /p/home/jusers/fischill1/juwels/ippl/build_fin/alpine/ElectrostaticPIF/LandauDampingPIF[0x5e2e68]
[jwb0195:471056] [13] /p/home/jusers/fischill1/juwels/ippl/build_fin/alpine/ElectrostaticPIF/LandauDampingPIF[0x5e3837]
[jwb0195:471056] [14] /p/home/jusers/fischill1/juwels/ippl/build_fin/alpine/ElectrostaticPIF/LandauDampingPIF[0x423714]
[jwb0195:471056] [15] /usr/lib64/libc.so.6(+0x2a610)[0x1541084b3610]
[jwb0195:471056] [16] /usr/lib64/libc.so.6(__libc_start_main+0x80)[0x1541084b36c0]
[jwb0195:471056] [17] /p/home/jusers/fischill1/juwels/ippl/build_fin/alpine/ElectrostaticPIF/LandauDampingPIF[0x425995]
[jwb0195:471056] *** End of error message ***
[jwb1218:3190728] [ 9] /p/home/jusers/fischill1/juwels/ippl/build_fin/alpine/[jwb1225:3138627] [ 9] /p/home/jusers/fischill1/juwels/ippl/build_fin/alpine/s/fischill1/juwels/ippl/build_fin/alpine/ElectrostaticPIF/LandauDampingPIF[0x5e062e]
[jwb0356:664611] [11] /p/home/jusers/fischill1/juwels/ippl/build_fin/alpine/ElectrostaticPIF/LandauDampingPIF[0x5e220b]
[jwb0356:664611] [12] /p/home/jusers/fischill1/juwels/ippl/build_fin/alpine/ElectrostaticPIF/LandauDampingPIF[0x5e2e68]
[jwb0356:664611] [13] /p/home/jusers/fischill1/juwels/ippl/build_fin/alpine/ElectrostaticPIF/LandauDampingPIF[0x5e3837]
[jwb0356:664611] [14] /p/home/jusers/fischill1/juwels/ippl/build_fin/alpine/ElectrostaticPIF/LandauDampingPIF[0x423714]
[jwb0356:664611] [15] /usr/lib64/libc.so.6(+0x2a610)[0x14c5b2d15610]
[jwb0356:664611] [16] /usr/lib64/libc.so.6(__libc_start_main+0x80)[0x14c5b2d156c0]
[jwb0356:664611] [17] /p/home/jusers/fischill1/juwels/ippl/build_fin/alpine/ElectrostaticPIF/LandauDampingPIF[0x425995]
ElectrostaticPIF/LandauDampingPIF[0x5df596]
[jwb0377:1078811] [10] /p/home/jusers/fischill1/juwels/ippl/build_fin/alpine/ElectrostaticPIF/LandauDampingPIF[0x5e062e]
[jwb1222:2745475] [ 0] /usr/lib64/libc.so.6(+0x3fc30)[0x14ef98afbc30]
[jwb1222:2745475] [ 1] /usr/lib64/libc.so.6(+0x8d02c)[0x14ef98b4902c]
[jwb1222:2745475] [ 2] /usr/lib64/libc.so.6(raise+0x16)[0x14ef98afbb86]
[jwb1222:2745475] [ 3] /usr/lib64/libc.so.6(abort+0xd3)[0x14ef98ae5873]
[jwb1222:2745475] [ 4] /p/software/default/stages/2026/software/GCCcore/14.3.0/lib64/libstdc++.so.6(+0xadc3d)[0x14ef98da0c3d]
[jwb1222:2745475] [ 5] /p/software/default/stages/2026/software/GCCcore/14.3.0/lib64/libstdc++.so.6(+0xbf14a)[0x14ef98db214a]
[jwb1222:2745475] [ 6] /p/software/default/stages/2026/software/GCCcore/14.3.0/lib64/libstdc++.so.6(_ZSt10unexpectedv+0x0)[0x14ef98da07e9]
[jwb1222:2745475] [ 7] /p/software/default/stages/2026/software/GCCcore/14.3.0/lib64/libstdc++.so.6(+0xbf3c7)[0x14ef98db23c7]
[jwb1222:2745475] [ 8] /p/home/jusers/fischill1/juwels/ippl/build_fin/alpine/ElectrostaticPIF/LandauDampingPIF(_ZN6heffte4cuda11check_errorE9cudaErrorPKc+0xb4)[0x462aa4]
[jwb0353:2887528] *** End of error message ***
[jwb1237:1432075] *** End of error message ***
ElectrostaticPIF/LandauDampingPIF[0x5df596]
[jwb0200:4070717] [10] /p/home/jusers/fischill1/juwels/ippl/build_fin/alpine/ElectrostaticPIF/LandauDampingPIF[0x5e062e]
[jwb0200:4070717] [11] /p/home/jusers/fischill1/juwels/ippl/build_fin/alpine/ElectrostaticPIF/LandauDampingPIF[0x5e220b]
[jwb0200:4070717] [12] /p/home/jusers/fischill1/juwels/ippl/build_fin/alpine/ElectrostaticPIF/LandauDampingPIF[0x5e2e68]
[jwb0200:4070717] [13] /p/home/jusers/fischill1/juwels/ippl/build_fin/alpine/ElectrostaticPIF/LandauDampingPIF[0x5e3837]
[jwb0200:4070717] [14] /p/home/jusers/fischill1/juwels/ippl/build_fin/alpine/ElectrostaticPIF/LandauDampingPIF[0x423714]
[jwb0200:4070717] [15] /usr/lib64/libc.so.6(+0x2a610)[0x1457549cc610]
[jwb0200:4070717] [16] /usr/lib64/libc.so.6(__libc_start_main+0x80)[0x1457549cc6c0]
[jwb0200:4070717] [17] /p/home/jusers/fischill1/juwels/ippl/build_fin/alpine/ElectrostaticPIF/LandauDampingPIF[0x425995]
[jwb0200:4070717] *** End of error message ***
[jwb1228:3347586] *** End of error message ***
[jwb0195:471057] [ 0] /usr/lib64/libc.so.6(+0x3fc30)[0x1472db685c30]
[jwb0195:471057] [ 1] /usr/lib64/libc.so.6(+0x8d02c)[0x1472db6d302c]
[jwb0195:471057] [ 2] /usr/lib64/libc.so.6(raise+0x16)[0x1472db685b86]
[jwb0195:471057] [ 3] /usr/lib64/libc.so.6(abort+0xd3)[0x1472db66f873]
[jwb0195:471057] [ 4] /p/software/default/stages/2026/software/GCCcore/14.3.0/lib64/libstdc++.so.6(+0xadc3d)[0x1472db92ac3d]
[jwb0195:471057] [ 5] /p/software/default/stages/2026/software/GCCcore/14.3.0/lib64/libstdc++.so.6(+0xbf14a)[0x1472db93c14a]
[jwb0195:471057] [ 6] /p/software/default/stages/2026/software/GCCcore/14.3.0/lib64/libstdc++.so.6(_ZSt10unexpectedv+0x0)[0x1472db92a7e9]
[jwb0195:471057] [ 7] /p/software/default/stages/2026/software/GCCcore/14.3.0/lib64/libstdc++.so.6(+0xbf3c7)[0x1472db93c3c7]
[jwb0195:471057] [ 8] /p/home/jusers/fischill1/juwels/ippl/build_fin/alpine/ElectrostaticPIF/LandauDampingPIF(_ZN6heffte4cuda11check_errorE9cudaErrorPKc+0xb4)[0x462aa4]
ElectrostaticPIF/LandauDampingPIF[0x5df596]
[jwb1218:3190728] [10] /p/home/jusers/fischill1/juwels/ippl/build_fin/alpine/ElectrostaticPIF/LandauDampingPIF[0x5e062e]
[jwb1218:3190728] [11] /p/home/jusers/fischill1/juwels/ippl/build_fin/alpine/ElectrostaticPIF/LandauDampingPIF[0x5e220b]
[jwb1218:3190728] [12] /p/home/jusers/fischill1/juwels/ippl/build_fin/alpine/ElectrostaticPIF/LandauDampingPIF[0x5e2e68]
[jwb1218:3190728] [13] /p/home/jusers/fischill1/juwels/ippl/build_fin/alpine/ElectrostaticPIF/LandauDampingPIF[0x5e3837]
[jwb1218:3190728] [14] /p/home/jusers/fischill1/juwels/ippl/build_fin/alpine/ElectrostaticPIF/LandauDampingPIF[0x423714]
[jwb1218:3190728] [15] /usr/lib64/libc.so.6(+0x2a610)[0x1523b9922610]
[jwb1218:3190728] [16] /usr/lib64/libc.so.6(__libc_start_main+0x80)[0x1523b99226c0]
[jwb1218:3190728] [17] /p/home/jusers/fischill1/juwels/ippl/build_fin/alpine/ElectrostaticPIF/LandauDampingPIF[0x425995]
[jwb1218:3190728] *** End of error message ***
ElectrostaticPIF/LandauDampingPIF[0x5df596]
[jwb1225:3138625] [10] /p/home/jusers/fischill1/juwels/ippl/build_fin/alpine/ElectrostaticPIF/LandauDampingPIF[0x5e062e]
[jwb1225:3138625] [11] /p/home/jusers/fischill1/juwels/ippl/build_fin/alpine/ElectrostaticPIF/LandauDampingPIF[0x5e220b]
[jwb1225:3138625] [12] /p/home/jusers/fischill1/juwels/ippl/build_fin/alpine/ElectrostaticPIF/LandauDampingPIF[0x5e2e68]
[jwb1225:3138625] [13] /p/home/jusers/fischill1/juwels/ippl/build_fin/alpine/ElectrostaticPIF/LandauDampingPIF[0x5e3837]
[jwb1225:3138625] [14] /p/home/jusers/fischill1/juwels/ippl/build_fin/alpine/ElectrostaticPIF/LandauDampingPIF[0x423714]
[jwb1225:3138625] [15] /usr/lib64/libc.so.6(+0x2a610)[0x152cf5da6610]
[jwb1225:3138625] [16] /usr/lib64/libc.so.6(__libc_start_main+0x80)[0x152cf5da66c0]
[jwb1225:3138625] [17] /p/home/jusers/fischill1/juwels/ippl/build_fin/alpine/ElectrostaticPIF/LandauDampingPIF[0x425995]
[jwb1225:3138625] *** End of error message ***
ticPIF/LandauDampingPIF[0x5df596]
[jwb0356:664613] [10] /p/home/jusers/fischill1/juwels/ippl/build_fin/alpine/ElectrostaticPIF/LandauDampingPIF[0x5e062e]
[jwb0356:664613] [11] /p/home/jusers/fischill1/juwels/ippl/build_fin/alpine/ElectrostaticPIF/LandauDampingPIF[0x5e220b]
[jwb0356:664613] [12] /p/home/jusers/fischill1/juwels/ippl/build_fin/alpine/ElectrostaticPIF/LandauDampingPIF[0x5e2e68]
[jwb0356:664613] [13] /p/home/jusers/fischill1/juwels/ippl/build_fin/alpine/ElectrostaticPIF/LandauDampingPIF[0x5e3837]
[jwb0356:664613] [14] /p/home/jusers/fischill1/juwels/ippl/build_fin/alpine/ElectrostaticPIF/LandauDampingPIF[0x423714]
[jwb0356:664613] [15] /usr/lib64/libc.so.6(+0x2a610)[0x14c5dad68610]
[jwb0356:664613] [16] /usr/lib64/libc.so.6(__libc_start_main+0x80)[0x14c5dad686c0]
[jwb0356:664613] [17] /p/home/jusers/fischill1/juwels/ippl/build_fin/alpine/ElectrostaticPIF/LandauDampingPIF[0x425995]
[jwb0356:664613] *** End of error message ***
ElectrostaticPIF/LandauDampingPIF[0x5df596]
[jwb0377:1078810] [10] /p/home/jusers/fischill1/juwels/ippl/build_fin/alpine/ElectrostaticPIF/LandauDampingPIF[0x5e062e]
[jwb0377:1078810] [11] /p/home/jusers/fischill1/juwels/ippl/build_fin/alpine/ElectrostaticPIF/LandauDampingPIF[0x5e220b]
[jwb0377:1078810] [12] /p/home/jusers/fischill1/juwels/ippl/build_fin/alpine/ElectrostaticPIF/LandauDampingPIF[0x5e2e68]
[jwb0377:1078810] [13] /p/home/jusers/fischill1/juwels/ippl/build_fin/alpine/ElectrostaticPIF/LandauDampingPIF[0x5e3837]
[jwb0377:1078810] [14] /p/home/jusers/fischill1/juwels/ippl/build_fin/alpine/ElectrostaticPIF/LandauDampingPIF[0x423714]
[jwb1222:2745475] [ 9] /p/home/jusers/fischill1/juwels/ippl/build_fin/alpine/[jwb0353:2887527] *** End of error message ***
[jwb1237:1432077] [ 0] /usr/lib64/libc.so.6(+0x3fc30)[0x14b54c217c30]
[jwb1237:1432077] [ 1] /usr/lib64/libc.so.6(+0x8d02c)[0x14b54c26502c]
[jwb1237:1432077] [ 2] /usr/lib64/libc.so.6(raise+0x16)[0x14b54c217b86]
[jwb1237:1432077] [ 3] /usr/lib64/libc.so.6(abort+0xd3)[0x14b54c201873]
[jwb1237:1432077] [ 4] /p/software/default/stages/2026/software/GCCcore/14.3.0/lib64/libstdc++.so.6(+0xadc3d)[0x14b54c4bcc3d]
[jwb1237:1432077] [ 5] /p/software/default/stages/2026/software/GCCcore/14.3.0/lib64/libstdc++.so.6(+0xbf14a)[0x14b54c4ce14a]
[jwb1237:1432077] [ 6] /p/software/default/stages/2026/software/GCCcore/14.3.0/lib64/libstdc++.so.6(_ZSt10unexpectedv+0x0)[0x14b54c4bc7e9]
[jwb1237:1432077] [ 7] /p/software/default/stages/2026/software/GCCcore/14.3.0/lib64/libstdc++.so.6(+0xbf3c7)[0x14b54c4ce3c7]
[jwb1237:1432077] [ 8] /p/home/jusers/fischill1/juwels/ippl/build_fin/alpine/ElectrostaticPIF/LandauDampingPIF(_ZN6heffte4cuda11check_errorE9cudaErrorPKc+0xb4)[0x462aa4]
[jwb0200:4070718] [ 0] /usr/lib64/libc.so.6(+0x3fc30)[0x1460ec280c30]
[jwb0200:4070718] [ 1] /usr/lib64/libc.so.6(+0x8d02c)[0x1460ec2ce02c]
[jwb0200:4070718] [ 2] /usr/lib64/libc.so.6(raise+0x16)[0x1460ec280b86]
[jwb0200:4070718] [ 3] /usr/lib64/libc.so.6(abort+0xd3)[0x1460ec26a873]
[jwb0200:4070718] [ 4] /p/software/default/stages/2026/software/GCCcore/14.3.0/lib64/libstdc++.so.6(+0xadc3d)[0x1460ec525c3d]
[jwb0200:4070718] [ 5] /p/software/default/stages/2026/software/GCCcore/14.3.0/lib64/libstdc++.so.6(+0xbf14a)[0x1460ec53714a]
[jwb0200:4070718] [ 6] /p/software/default/stages/2026/software/GCCcore/14.3.0/lib64/libstdc++.so.6(_ZSt10unexpectedv+0x0)[0x1460ec5257e9]
[jwb0200:4070718] [ 7] /p/software/default/stages/2026/software/GCCcore/14.3.0/lib64/libstdc++.so.6(+0xbf3c7)[0x1460ec5373c7]
[jwb0200:4070718] [ 8] /p/home/jusers/fischill1/juwels/ippl/build_fin/alpine/ElectrostaticPIF/LandauDampingPIF(_ZN6heffte4cuda11check_errorE9cudaErrorPKc+0xb4)[0x462aa4]
[jwb0195:471057] [ 9] /p/home/jusers/fischill1/juwels/ippl/build_fin/alpine/Electrosta[jwb1218:3190730] [ 0] /usr/lib64/libc.so.6(+0x3fc30)[0x150dbe9c8c30]
[jwb1218:3190730] [ 1] /usr/lib64/libc.so.6(+0x8d02c)[0x150dbea1602c]
[jwb1218:3190730] [ 2] /usr/lib64/libc.so.6(raise+0x16)[0x150dbe9c8b86]
[jwb1218:3190730] [ 3] /usr/lib64/libc.so.6(abort+0xd3)[0x150dbe9b2873]
[jwb1218:3190730] [ 4] /p/software/default/stages/2026/software/GCCcore/14.3.0/lib64/libstdc++.so.6(+0xadc3d)[0x150dbec6dc3d]
[jwb1218:3190730] [ 5] /p/software/default/stages/2026/software/GCCcore/14.3.0/lib64/libstdc++.so.6(+0xbf14a)[0x150dbec7f14a]
[jwb1218:3190730] [ 6] /p/software/default/stages/2026/software/GCCcore/14.3.0/lib64/libstdc++.so.6(_ZSt10unexpectedv+0x0)[0x150dbec6d7e9]
[jwb1218:3190730] [ 7] /p/software/default/stages/2026/software/GCCcore/14.3.0/lib64/libstdc++.so.6(+0xbf3c7)[0x150dbec7f3c7]
[jwb1218:3190730] [ 8] /p/home/jusers/fischill1/juwels/ippl/build_fin/alpine/ElectrostaticPIF/LandauDampingPIF(_ZN6heffte4cuda11check_errorE9cudaErrorPKc+0xb4)[0x462aa4]
ElectrostaticPIF/LandauDampingPIF[0x5df596]
[jwb1225:3138627] [10] /p/home/jusers/fischill1/juwels/ippl/build_fin/alpine/ElectrostaticPIF/LandauDampingPIF[0x5e062e]
[jwb1225:3138627] [11] /p/home/jusers/fischill1/juwels/ippl/build_fin/alpine/ElectrostaticPIF/LandauDampingPIF[0x5e220b]
[jwb1225:3138627] [12] /p/home/jusers/fischill1/juwels/ippl/build_fin/alpine/ElectrostaticPIF/LandauDampingPIF[0x5e2e68]
[jwb1225:3138627] [13] /p/home/jusers/fischill1/juwels/ippl/build_fin/alpine/ElectrostaticPIF/LandauDampingPIF[0x5e3837]
[jwb1225:3138627] [14] /p/home/jusers/fischill1/juwels/ippl/build_fin/alpine/ElectrostaticPIF/LandauDampingPIF[0x423714]
[jwb1225:3138627] [15] /usr/lib64/libc.so.6(+0x2a610)[0x149b5e9b9610]
[jwb1225:3138627] [16] /usr/lib64/libc.so.6(__libc_start_main+0x80)[0x149b5e9b96c0]
[jwb1225:3138627] [17] /p/home/jusers/fischill1/juwels/ippl/build_fin/alpine/ElectrostaticPIF/LandauDampingPIF[0x425995]
[jwb1225:3138627] *** End of error message ***
[jwb0356:664611] *** End of error message ***
ElectrostaticPIF/LandauDampingPIF[0x5df596]
[jwb0377:1078813] [10] /p/home/jusers/fischill1/juwels/ippl/build_fin/alpine/ElectrostaticPIF/LandauDampingPIF[0x5e062e]
[jwb0377:1078813] [11] /p/home/jusers/fischill1/juwels/ippl/build_fin/alpine/ElectrostaticPIF/LandauDampingPIF[0x5e220b]
[jwb0377:1078813] [12] /p/home/jusers/fischill1/juwels/ippl/build_fin/alpine/ElectrostaticPIF/LandauDampingPIF[0x5e2e68]
[jwb0377:1078813] [13] /p/home/jusers/fischill1/juwels/ippl/build_fin/alpine/ElectrostaticPIF/LandauDampingPIF[0x5e3837]
[jwb0377:1078813] [14] /p/home/jusers/fischill1/juwels/ippl/build_fin/alpine/ElectrostaticPIF/LandauDampingPIF[0x423714]
[jwb0377:1078813] [15] /usr/lib64/libc.so.6(+0x2a610)[0x1485ef16e610]
[jwb0377:1078813] [16] /usr/lib64/libc.so.6(__libc_start_main+0x80)[0x1485ef16e6c0]
[jwb0377:1078813] [17] /p/home/jusers/fischill1/juwels/ippl/build_fin/alpine/ElectrostaticPIF/LandauDampingPIF[0x425995]
[jwb0377:1078813] *** End of error message ***
ElectrostaticPIF/LandauDampingPIF[0x5df596]
[jwb1222:2745473] [10] /p/home/jusers/fischill1/juwels/ippl/build_fin/alpine/ElectrostaticPIF/LandauDampingPIF[0x5e062e]
[jwb1222:2745473] [11] /p/home/jusers/fischill1/juwels/ippl/build_fin/alpine/ElectrostaticPIF/LandauDampingPIF[0x5e220b]
[jwb1222:2745473] [12] /p/home/jusers/fischill1/juwels/ippl/build_fin/alpine/ElectrostaticPIF/LandauDampingPIF[0x5e2e68]
[jwb1222:2745473] [13] /p/home/jusers/fischill1/juwels/ippl/build_fin/alpine/ElectrostaticPIF/LandauDampingPIF[0x5e3837]
[jwb1222:2745473] [14] /p/home/jusers/fischill1/juwels/ippl/build_fin/alpine/ElectrostaticPIF/LandauDampingPIF[0x423714]
[jwb1222:2745473] [15] /usr/lib64/libc.so.6(+0x2a610)[0x14f7ae153610]
[jwb1222:2745473] [16] /usr/lib64/libc.so.6(__libc_start_main+0x80)[0x14f7ae1536c0]
[jwb1222:2745473] [17] /p/home/jusers/fischill1/juwels/ippl/build_fin/alpine/ElectrostaticPIF/LandauDampingPIF[0x425995]
[jwb1222:2745473] *** End of error message ***
[jwb0353:2887525] [ 3] /usr/lib64/libc.so.6(abort+0xd3)[0x153ed8d52873]
[jwb0353:2887525] [ 4] /p/software/default/stages/2026/software/GCCcore/14.3.0/lib64/libstdc++.so.6(+0xadc3d)[0x153ed900dc3d]
[jwb0353:2887525] [ 5] /p/software/default/stages/2026/software/GCCcore/14.3.0/lib64/libstdc++.so.6(+0xbf14a)[0x153ed901f14a]
[jwb0353:2887525] [ 6] /p/software/default/stages/2026/software/GCCcore/14.3.0/lib64/libstdc++.so.6(_ZSt10unexpectedv+0x0)[0x153ed900d7e9]
[jwb0353:2887525] [ 7] /p/software/default/stages/2026/software/GCCcore/14.3.0/lib64/libstdc++.so.6(+0xbf3c7)[0x153ed901f3c7]
[jwb0353:2887525] [ 8] /p/home/jusers/fischill1/juwels/ippl/build_fin/alpine/ElectrostaticPIF/LandauDampingPIF(_ZN6heffte4cuda11check_errorE9cudaErrorPKc+0xb4)[0x462aa4]
[jwb0353:2887525] [ 9] /p/home/jusers/fischill1/juwels/ippl/build_fin/alpine/ElectrostaticPIF/LandauDampingPIF[0x5df596]
[jwb0353:2887525] [10] /p/home/jusers/fischill1/juwels/ippl/build_fin/alpine/ElectrostaticPIF/LandauDampingPIF[0x5e062e]
[jwb1237:1432077] [ 9] /p/home/jusers/fischill1/juwels/ippl/build_fin/alpine/[jwb0200:4070718] [ 9] /p/home/jusers/fischill1/juwels/ippl/build_fin/alpine/ticPIF/LandauDampingPIF[0x5df596]
[jwb0195:471057] [10] /p/home/jusers/fischill1/juwels/ippl/build_fin/alpine/ElectrostaticPIF/LandauDampingPIF[0x5e062e]
[jwb0195:471057] [11] /p/home/jusers/fischill1/juwels/ippl/build_fin/alpine/ElectrostaticPIF/LandauDampingPIF[0x5e220b]
[jwb0195:471057] [12] /p/home/jusers/fischill1/juwels/ippl/build_fin/alpine/ElectrostaticPIF/LandauDampingPIF[0x5e2e68]
[jwb0195:471057] [13] /p/home/jusers/fischill1/juwels/ippl/build_fin/alpine/ElectrostaticPIF/LandauDampingPIF[0x5e3837]
[jwb0195:471057] [14] /p/home/jusers/fischill1/juwels/ippl/build_fin/alpine/ElectrostaticPIF/LandauDampingPIF[0x423714]
[jwb0195:471057] [15] /usr/lib64/libc.so.6(+0x2a610)[0x1472db670610]
[jwb0195:471057] [16] /usr/lib64/libc.so.6(__libc_start_main+0x80)[0x1472db6706c0]
[jwb0195:471057] [17] /p/home/jusers/fischill1/juwels/ippl/build_fin/alpine/ElectrostaticPIF/LandauDampingPIF[0x425995]
[jwb0195:471057] *** End of error message ***
[jwb1218:3190730] [ 9] /p/home/jusers/fischill1/juwels/ippl/build_fin/alpine/[jwb0356:664612] [ 1] /usr/lib64/libc.so.6(+0x8d02c)[0x14af4005702c]
[jwb0356:664612] [ 2] /usr/lib64/libc.so.6(raise+0x16)[0x14af40009b86]
[jwb0356:664612] [ 3] /usr/lib64/libc.so.6(abort+0xd3)[0x14af3fff3873]
[jwb0356:664612] [ 4] /p/software/default/stages/2026/software/GCCcore/14.3.0/lib64/libstdc++.so.6(+0xadc3d)[0x14af402aec3d]
[jwb0356:664612] [ 5] /p/software/default/stages/2026/software/GCCcore/14.3.0/lib64/libstdc++.so.6(+0xbf14a)[0x14af402c014a]
[jwb0356:664612] [ 6] /p/software/default/stages/2026/software/GCCcore/14.3.0/lib64/libstdc++.so.6(_ZSt10unexpectedv+0x0)[0x14af402ae7e9]
[jwb0356:664612] [ 7] /p/software/default/stages/2026/software/GCCcore/14.3.0/lib64/libstdc++.so.6(+0xbf3c7)[0x14af402c03c7]
[jwb0356:664612] [ 8] /p/home/jusers/fischill1/juwels/ippl/build_fin/alpine/ElectrostaticPIF/LandauDampingPIF(_ZN6heffte4cuda11check_errorE9cudaErrorPKc+0xb4)[0x462aa4]
[jwb0356:664612] [ 9] /p/home/jusers/fischill1/juwels/ippl/build_fin/alpine/ElectrostaticPIF/LandauDampingPIF[0x5df596]
ElectrostaticPIF/LandauDampingPIF[0x5df596]
[jwb0377:1078812] [10] /p/home/jusers/fischill1/juwels/ippl/build_fin/alpine/ElectrostaticPIF/LandauDampingPIF[0x5e062e]
[jwb0377:1078812] [11] /p/home/jusers/fischill1/juwels/ippl/build_fin/alpine/ElectrostaticPIF/LandauDampingPIF[0x5e220b]
[jwb0377:1078812] [12] /p/home/jusers/fischill1/juwels/ippl/build_fin/alpine/ElectrostaticPIF/LandauDampingPIF[0x5e2e68]
[jwb0377:1078812] [13] /p/home/jusers/fischill1/juwels/ippl/build_fin/alpine/ElectrostaticPIF/LandauDampingPIF[0x5e3837]
[jwb0377:1078812] [14] /p/home/jusers/fischill1/juwels/ippl/build_fin/alpine/ElectrostaticPIF/LandauDampingPIF[0x423714]
[jwb0377:1078812] [15] /usr/lib64/libc.so.6(+0x2a610)[0x14e4cca67610]
[jwb0377:1078812] [16] /usr/lib64/libc.so.6(__libc_start_main+0x80)[0x14e4cca676c0]
[jwb0377:1078812] [17] /p/home/jusers/fischill1/juwels/ippl/build_fin/alpine/ElectrostaticPIF/LandauDampingPIF[0x425995]
[jwb0377:1078812] *** End of error message ***
ElectrostaticPIF/LandauDampingPIF[0x5df596]
[jwb1222:2745475] [10] /p/home/jusers/fischill1/juwels/ippl/build_fin/alpine/ElectrostaticPIF/LandauDampingPIF[0x5e062e]
[jwb1222:2745475] [11] /p/home/jusers/fischill1/juwels/ippl/build_fin/alpine/ElectrostaticPIF/LandauDampingPIF[0x5e220b]
[jwb1222:2745475] [12] /p/home/jusers/fischill1/juwels/ippl/build_fin/alpine/ElectrostaticPIF/LandauDampingPIF[0x5e2e68]
[jwb1222:2745475] [13] /p/home/jusers/fischill1/juwels/ippl/build_fin/alpine/ElectrostaticPIF/LandauDampingPIF[0x5e3837]
[jwb1222:2745475] [14] /p/home/jusers/fischill1/juwels/ippl/build_fin/alpine/ElectrostaticPIF/LandauDampingPIF[0x423714]
[jwb1222:2745475] [15] /usr/lib64/libc.so.6(+0x2a610)[0x14ef98ae6610]
[jwb1222:2745475] [16] /usr/lib64/libc.so.6(__libc_start_main+0x80)[0x14ef98ae66c0]
[jwb1222:2745475] [17] /p/home/jusers/fischill1/juwels/ippl/build_fin/alpine/ElectrostaticPIF/LandauDampingPIF[0x425995]
[jwb1222:2745475] *** End of error message ***
[jwb0353:2887525] [11] /p/home/jusers/fischill1ElectrostaticPIF/LandauDampingPIF[0x5df596]
[jwb1237:1432077] [10] /p/home/jusers/fischill1/juwels/ippl/build_fin/alpine/ElectrostaticPIF/LandauDampingPIF[0x5e062e]
[jwb1237:1432077] [11] /p/home/jusers/fischill1/juwels/ippl/build_fin/alpine/ElectrostaticPIF/LandauDampingPIF[0x5e220b]
[jwb1237:1432077] [12] /p/home/jusers/fischill1/juwels/ippl/build_fin/alpine/ElectrostaticPIF/LandauDampingPIF[0x5e2e68]
[jwb1237:1432077] [13] /p/home/jusers/fischill1/juwels/ippl/build_fin/alpine/ElectrostaticPIF/LandauDampingPIF[0x5e3837]
[jwb1237:1432077] [14] /p/home/jusers/fischill1/juwels/ippl/build_fin/alpine/ElectrostaticPIF/LandauDampingPIF[0x423714]
[jwb1237:1432077] [15] /usr/lib64/libc.so.6(+0x2a610)[0x14b54c202610]
[jwb1237:1432077] [16] /usr/lib64/libc.so.6(__libc_start_main+0x80)[0x14b54c2026c0]
[jwb1237:1432077] [17] /p/home/jusers/fischill1/juwels/ippl/build_fin/alpine/ElectrostaticPIF/LandauDampingPIF[0x425995]
[jwb1237:1432077] *** End of error message ***
ElectrostaticPIF/LandauDampingPIF[0x5df596]
[jwb0200:4070718] [10] /p/home/jusers/fischill1/juwels/ippl/build_fin/alpine/ElectrostaticPIF/LandauDampingPIF[0x5e062e]
[jwb0200:4070718] [11] /p/home/jusers/fischill1/juwels/ippl/build_fin/alpine/ElectrostaticPIF/LandauDampingPIF[0x5e220b]
[jwb0200:4070718] [12] /p/home/jusers/fischill1/juwels/ippl/build_fin/alpine/ElectrostaticPIF/LandauDampingPIF[0x5e2e68]
[jwb0200:4070718] [13] /p/home/jusers/fischill1/juwels/ippl/build_fin/alpine/ElectrostaticPIF/LandauDampingPIF[0x5e3837]
[jwb0200:4070718] [14] /p/home/jusers/fischill1/juwels/ippl/build_fin/alpine/ElectrostaticPIF/LandauDampingPIF[0x423714]
[jwb0200:4070718] [15] /usr/lib64/libc.so.6(+0x2a610)[0x1460ec26b610]
[jwb0200:4070718] [16] /usr/lib64/libc.so.6(__libc_start_main+0x80)[0x1460ec26b6c0]
[jwb0200:4070718] [17] /p/home/jusers/fischill1/juwels/ippl/build_fin/alpine/ElectrostaticPIF/LandauDampingPIF[0x425995]
[jwb0200:4070718] *** End of error message ***
[jwb0195:471059] [ 2] /usr/lib64/libc.so.6(raise+0x16)[0x14ecf38c7b86]
[jwb0195:471059] [ 3] /usr/lib64/libc.so.6(abort+0xd3)[0x14ecf38b1873]
[jwb0195:471059] [ 4] /p/software/default/stages/2026/software/GCCcore/14.3.0/lib64/libstdc++.so.6(+0xadc3d)[0x14ecf3b6cc3d]
[jwb0195:471059] [ 5] /p/software/default/stages/2026/software/GCCcore/14.3.0/lib64/libstdc++.so.6(+0xbf14a)[0x14ecf3b7e14a]
[jwb0195:471059] [ 6] /p/software/default/stages/2026/software/GCCcore/14.3.0/lib64/libstdc++.so.6(_ZSt10unexpectedv+0x0)[0x14ecf3b6c7e9]
[jwb0195:471059] [ 7] /p/software/default/stages/2026/software/GCCcore/14.3.0/lib64/libstdc++.so.6(+0xbf3c7)[0x14ecf3b7e3c7]
[jwb0195:471059] [ 8] /p/home/jusers/fischill1/juwels/ippl/build_fin/alpine/ElectrostaticPIF/LandauDampingPIF(_ZN6heffte4cuda11check_errorE9cudaErrorPKc+0xb4)[0x462aa4]
[jwb0195:471059] [ 9] /p/home/jusers/fischill1/juwels/ippl/build_fin/alpine/ElectrostaticPIF/LandauDampingPIF[0x5df596]
ElectrostaticPIF/LandauDampingPIF[0x5df596]
[jwb1218:3190730] [10] /p/home/jusers/fischill1/juwels/ippl/build_fin/alpine/ElectrostaticPIF/LandauDampingPIF[0x5e062e]
[jwb1218:3190730] [11] /p/home/jusers/fischill1/juwels/ippl/build_fin/alpine/ElectrostaticPIF/LandauDampingPIF[0x5e220b]
[jwb1218:3190730] [12] /p/home/jusers/fischill1/juwels/ippl/build_fin/alpine/ElectrostaticPIF/LandauDampingPIF[0x5e2e68]
[jwb1218:3190730] [13] /p/home/jusers/fischill1/juwels/ippl/build_fin/alpine/ElectrostaticPIF/LandauDampingPIF[0x5e3837]
[jwb1218:3190730] [14] /p/home/jusers/fischill1/juwels/ippl/build_fin/alpine/ElectrostaticPIF/LandauDampingPIF[0x423714]
[jwb1218:3190730] [15] /usr/lib64/libc.so.6(+0x2a610)[0x150dbe9b3610]
[jwb1218:3190730] [16] /usr/lib64/libc.so.6(__libc_start_main+0x80)[0x150dbe9b36c0]
[jwb1218:3190730] [17] /p/home/jusers/fischill1/juwels/ippl/build_fin/alpine/ElectrostaticPIF/LandauDampingPIF[0x425995]
[jwb1218:3190730] *** End of error message ***
[jwb0356:664612] [10] /p/home/juser[jwb0377:1078811] [11] /p/home/jusers/fischill1/juwels/ippl/build_fin/alpine/ElectrostaticPIF/LandauDampingPIF[0x5e220b]
[jwb0377:1078811] [12] /p/home/jusers/fischill1/juwels/ippl/build_fin/alpine/ElectrostaticPIF/LandauDampingPIF[0x5e2e68]
[jwb0377:1078811] [13] /p/home/jusers/fischill1/juwels/ippl/build_fin/alpine/ElectrostaticPIF/LandauDampingPIF[0x5e3837]
[jwb0377:1078811] [14] /p/home/jusers/fischill1/juwels/ippl/build_fin/alpine/ElectrostaticPIF/LandauDampingPIF[0x423714]
[jwb0377:1078811] [15] /usr/lib64/libc.so.6(+0x2a610)[0x14630dfdf610]
[jwb0377:1078811] [16] /usr/lib64/libc.so.6(__libc_start_main+0x80)[0x14630dfdf6c0]
[jwb0377:1078811] [17] /p/home/jusers/fischill1/juwels/ippl/build_fin/alpine/ElectrostaticPIF/LandauDampingPIF[0x425995]
[jwb0377:1078811] *** End of error message ***
/juwels/ippl/build_fin/alpine/ElectrostaticPIF/LandauDampingPIF[0x5e220b]
[jwb0353:2887525] [12] /p/home/jusers/fischill1/juwels/ippl/build_fin/alpine/ElectrostaticPIF/LandauDampingPIF[0x5e2e68]
[jwb0353:2887525] [13] /p/home/jusers/fischill1/juwels/ippl/build_fin/alpine/ElectrostaticPIF/LandauDampingPIF[0x5e3837]
[jwb0353:2887525] [14] /p/home/jusers/fischill1/juwels/ippl/build_fin/alpine/ElectrostaticPIF/LandauDampingPIF[0x423714]
[jwb0353:2887525] [15] /usr/lib64/libc.so.6(+0x2a610)[0x153ed8d53610]
[jwb0353:2887525] [16] /usr/lib64/libc.so.6(__libc_start_main+0x80)[0x153ed8d536c0]
[jwb0353:2887525] [17] /p/home/jusers/fischill1/juwels/ippl/build_fin/alpine/ElectrostaticPIF/LandauDampingPIF[0x425995]
[jwb0353:2887525] *** End of error message ***
[jwb0200:4070719] [15] /usr/lib64/libc.so.6(+0x2a610)[0x14f57e2f0610]
[jwb0200:4070719] [16] /usr/lib64/libc.so.6(__libc_start_main+0x80)[0x14f57e2f06c0]
[jwb0200:4070719] [17] /p/home/jusers/fischill1/juwels/ippl/build_fin/alpine/ElectrostaticPIF/LandauDampingPIF[0x425995]
[jwb0200:4070719] *** End of error message ***
[jwb0195:471059] [10] /p/home/jusers/fischill1/juwels/ippl/build_fin/alpine/ElectrostaticPIF/LandauDampis/fischill1/juwels/ippl/build_fin/alpine/ElectrostaticPIF/LandauDampingPIF[0x5e062e]
[jwb0356:664612] [11] /p/home/jusers/fischill1/juwels/ippl/build_fin/alpine/ElectrostaticPIF/LandauDampingPIF[0x5e220b]
[jwb0356:664612] [12] /p/home/jusers/fischill1/juwels/ippl/build_fin/alpine/ElectrostaticPIF/LandauDampingPIF[0x5e2e68]
[jwb0356:664612] [13] /p/home/jusers/fischill1/juwels/ippl/build_fin/alpine/ElectrostaticPIF/LandauDampingPIF[0x5e3837]
[jwb0356:664612] [14] /p/home/jusers/fischill1/juwels/ippl/build_fin/alpine/ElectrostaticPIF/LandauDampingPIF[0x423714]
[jwb0356:664612] [15] /usr/lib64/libc.so.6(+0x2a610)[0x14af3fff4610]
[jwb0356:664612] [16] /usr/lib64/libc.so.6(__libc_start_main+0x80)[0x14af3fff46c0]
[jwb0356:664612] [17] /p/home/jusers/fischill1/juwels/ippl/build_fin/alpine/ElectrostaticPIF/LandauDampingPIF[0x425995]
[jwb0356:664612] *** End of error message ***
[jwb0377:1078810] [15] /usr/lib64/libc.so.6(+0x2a610)[0x153c197d5610]
[jwb0377:1078810] [16] /usr/lib64/libc.so.6(__libc_start_main+0x80)[0x153c197d56c0]
[jwb0353:2887526] [ 0] /usr/lib64/libc.so.6(+0x3fc30)[0x14f144d6bc30]
[jwb0353:2887526] [ 1] /usr/lib64/libc.so.6(+0x8d02c)[0x14f144db902c]
[jwb0353:2887526] [ 2] /usr/lib64/libc.so.6(raise+0x16)[0x14f144d6bb86]
[jwb0353:2887526] [ 3] /usr/lib64/libc.so.6(abort+0xd3)[0x14f144d55873]
[jwb0353:2887526] [ 4] /p/software/default/stages/2026/software/GCCcore/14.3.0/lib64/libstdc++.so.6(+0xadc3d)[0x14f145010c3d]
[jwb0353:2887526] [ 5] /p/software/default/stages/2026/software/GCCcore/14.3.0/lib64/libstdc++.so.6(+0xbf14a)[0x14f14502214a]
[jwb0353:2887526] [ 6] /p/software/default/stages/2026/software/GCCcore/14.3.0/lib64/libstdc++.so.6(_ZSt10unexpectedv+0x0)[0x14f1450107e9]
[jwb0353:2887526] [ 7] /p/software/default/stages/2026/software/GCCcore/14.3.0/lib64/libstdc++.so.6(+0xbf3c7)[0x14f1450223c7]
[jwb0353:2887526] [ 8] /p/home/jusers/fischill1/juwels/ippl/build_fin/alpine/ElectrostaticPIF/LandauDampingPIF(_ZN6heffte4cuda11check_errorE9cudaErrorPKc+0xb4)[0x462aa4]
ngPIF[0x5e062e]
[jwb0195:471059] [11] /p/home/jusers/fischill1/juwels/ippl/build_fin/alpine/ElectrostaticPIF/LandauDampingPIF[0x5e220b]
[jwb0195:471059] [12] /p/home/jusers/fischill1/juwels/ippl/build_fin/alpine/ElectrostaticPIF/LandauDampingPIF[0x5e2e68]
[jwb0195:471059] [13] /p/home/jusers/fischill1/juwels/ippl/build_fin/alpine/ElectrostaticPIF/LandauDampingPIF[0x5e3837]
[jwb0195:471059] [14] /p/home/jusers/fischill1/juwels/ippl/build_fin/alpine/ElectrostaticPIF/LandauDampingPIF[0x423714]
[jwb0195:471059] [15] /usr/lib64/libc.so.6(+0x2a610)[0x14ecf38b2610]
[jwb0195:471059] [16] /usr/lib64/libc.so.6(__libc_start_main+0x80)[0x14ecf38b26c0]
[jwb0195:471059] [17] /p/home/jusers/fischill1/juwels/ippl/build_fin/alpine/ElectrostaticPIF/LandauDampingPIF[0x425995]
[jwb0377:1078810] [17] /p/home/jusers/fischill1/juwels/ippl/build_fin/alpine/ElectrostaticPIF/LandauDampingPIF[0x425995]
[jwb0377:1078810] *** End of error message ***
[jwb0353:2887526] [ 9] /p/home/jusers/fischill1/juwels/ippl/build_fin/alpine/[jwb0195:471059] *** End of error message ***
ElectrostaticPIF/LandauDampingPIF[0x5df596]
[jwb0353:2887526] [10] /p/home/jusers/fischill1/juwels/ippl/build_fin/alpine/ElectrostaticPIF/LandauDampingPIF[0x5e062e]
[jwb0353:2887526] [11] /p/home/jusers/fischill1/juwels/ippl/build_fin/alpine/ElectrostaticPIF/LandauDampingPIF[0x5e220b]
[jwb0353:2887526] [12] /p/home/jusers/fischill1/juwels/ippl/build_fin/alpine/ElectrostaticPIF/LandauDampingPIF[0x5e2e68]
[jwb0353:2887526] [13] /p/home/jusers/fischill1/juwels/ippl/build_fin/alpine/ElectrostaticPIF/LandauDampingPIF[0x5e3837]
[jwb0353:2887526] [14] /p/home/jusers/fischill1/juwels/ippl/build_fin/alpine/ElectrostaticPIF/LandauDampingPIF[0x423714]
[jwb0353:2887526] [15] /usr/lib64/libc.so.6(+0x2a610)[0x14f144d56610]
[jwb0353:2887526] [16] /usr/lib64/libc.so.6(__libc_start_main+0x80)[0x14f144d566c0]
[jwb0353:2887526] [17] /p/home/jusers/fischill1/juwels/ippl/build_fin/alpine/ElectrostaticPIF/LandauDampingPIF[0x425995]
[jwb0353:2887526] *** End of error message ***
srun: error: jwb0357: tasks 28-31: Aborted (core dumped)
srun: error: jwb0285: tasks 12-15: Aborted (core dumped)
srun: error: jwb1225: tasks 52-55: Aborted (core dumped)
srun: error: jwb1237: tasks 60-63: Aborted (core dumped)
srun: error: jwb0488: tasks 36-39: Aborted (core dumped)
srun: error: jwb0288: tasks 16-19: Aborted (core dumped)
srun: error: jwb0284: tasks 8-11: Aborted (core dumped)
srun: error: jwb1222: tasks 48-51: Aborted (core dumped)
srun: error: jwb0200: tasks 4-7: Aborted (core dumped)
srun: error: jwb1218: tasks 44-47: Aborted (core dumped)
srun: error: jwb1228: tasks 56-59: Aborted (core dumped)
srun: error: jwb0353: tasks 20-23: Aborted (core dumped)
srun: error: jwb0356: tasks 24-27: Aborted (core dumped)
srun: error: jwb0377: tasks 32-35: Aborted (core dumped)
srun: error: jwb0503: tasks 40-43: Aborted (core dumped)
srun: error: jwb0195: tasks 0-3: Aborted (core dumped)
