Hostname=nid005841   , Rank=524  ,Local=0   ,RPN=4   ,CPUs=0-71     ,GPU=0 ,NIC=cxi0 ,numa_nodes=0     ,first_numa=0  ,other_nodes=     
Slurm Job Hostlist: nid[005562,005568-005570,005572-005575,005577,005580,005582-005583,005585-005588,005591-005593,005598-005601,005607-005611,005613-005616,005618-005626,005628-005632,005634-005641,005643-005649,005651-005655,005657-005658,005660,005662-005671,005673,005677,005681,005690-005691,005707,005721,005732,005769,005777,005785-005788,005790-005795,005797-005800,005803-005804,005807-005809,005812-005818,005821-005823,005825-005829,005831,005834-005846,005848-005851,005853,005856-005858,005860-005868,005870-005872,005874,005877,005881,005883-005884,005886,005888-005890,005895,006345,006347,006351,006354-006355,006357-006358,006360,006362-006366,006368-006377,006379-006386,006389-006398,006400-006415,006417-006423,006425-006426,006431-006434,006436-006438,006440,006442,006446-006451,006453,006458-006459,006469,006475,006477,006480,006487]
Hostname=nid005562   , Rank=0    ,Local=0   ,RPN=4   ,CPUs=0-71     ,GPU=0 ,NIC=cxi0 ,numa_nodes=0     ,first_numa=0  ,other_nodes=     
Hostname=nid005562   , Rank=1    ,Local=1   ,RPN=4   ,CPUs=72-143   ,GPU=1 ,NIC=cxi1 ,numa_nodes=1     ,first_numa=1  ,other_nodes=     
Hostname=nid005841   , Rank=525  ,Local=1   ,RPN=4   ,CPUs=72-143   ,GPU=1 ,NIC=cxi1 ,numa_nodes=1     ,first_numa=1  ,other_nodes=     
Hostname=nid005841   , Rank=526  ,Local=2   ,RPN=4   ,CPUs=144-215  ,GPU=2 ,NIC=cxi2 ,numa_nodes=2     ,first_numa=2  ,other_nodes=     
Hostname=nid006347   , Rank=673  ,Local=1   ,RPN=4   ,CPUs=72-143   ,GPU=1 ,NIC=cxi1 ,numa_nodes=1     ,first_numa=1  ,other_nodes=     
Hostname=nid005562   , Rank=3    ,Local=3   ,RPN=4   ,CPUs=216-287  ,GPU=3 ,NIC=cxi3 ,numa_nodes=3     ,first_numa=3  ,other_nodes=     
Hostname=nid005841   , Rank=527  ,Local=3   ,RPN=4   ,CPUs=216-287  ,GPU=3 ,NIC=cxi3 ,numa_nodes=3     ,first_numa=3  ,other_nodes=     
Hostname=nid005845   , Rank=540  ,Local=0   ,RPN=4   ,CPUs=0-71     ,GPU=0 ,NIC=cxi0 ,numa_nodes=0     ,first_numa=0  ,other_nodes=     
Hostname=nid005562   , Rank=2    ,Local=2   ,RPN=4   ,CPUs=144-215  ,GPU=2 ,NIC=cxi2 ,numa_nodes=2     ,first_numa=2  ,other_nodes=     
Hostname=nid005580   , Rank=36   ,Local=0   ,RPN=4   ,CPUs=0-71     ,GPU=0 ,NIC=cxi0 ,numa_nodes=0     ,first_numa=0  ,other_nodes=     
Hostname=nid005821   , Rank=460  ,Local=0   ,RPN=4   ,CPUs=0-71     ,GPU=0 ,NIC=cxi0 ,numa_nodes=0     ,first_numa=0  ,other_nodes=     
Hostname=nid006469   , Rank=1005 ,Local=1   ,RPN=4   ,CPUs=72-143   ,GPU=1 ,NIC=cxi1 ,numa_nodes=1     ,first_numa=1  ,other_nodes=     
Hostname=nid005721   , Rank=340  ,Local=0   ,RPN=4   ,CPUs=0-71     ,GPU=0 ,NIC=cxi0 ,numa_nodes=0     ,first_numa=0  ,other_nodes=     
Hostname=nid006409   , Rank=869  ,Local=1   ,RPN=4   ,CPUs=72-143   ,GPU=1 ,NIC=cxi1 ,numa_nodes=1     ,first_numa=1  ,other_nodes=     
Hostname=nid006442   , Rank=964  ,Local=0   ,RPN=4   ,CPUs=0-71     ,GPU=0 ,NIC=cxi0 ,numa_nodes=0     ,first_numa=0  ,other_nodes=     
Hostname=nid005568   , Rank=5    ,Local=1   ,RPN=4   ,CPUs=72-143   ,GPU=1 ,NIC=cxi1 ,numa_nodes=1     ,first_numa=1  ,other_nodes=     
Hostname=nid005648   , Rank=237  ,Local=1   ,RPN=4   ,CPUs=72-143   ,GPU=1 ,NIC=cxi1 ,numa_nodes=1     ,first_numa=1  ,other_nodes=     
Hostname=nid005826   , Rank=476  ,Local=0   ,RPN=4   ,CPUs=0-71     ,GPU=0 ,NIC=cxi0 ,numa_nodes=0     ,first_numa=0  ,other_nodes=     
Hostname=nid005619   , Rank=133  ,Local=1   ,RPN=4   ,CPUs=72-143   ,GPU=1 ,NIC=cxi1 ,numa_nodes=1     ,first_numa=1  ,other_nodes=     
Hostname=nid005610   , Rank=104  ,Local=0   ,RPN=4   ,CPUs=0-71     ,GPU=0 ,NIC=cxi0 ,numa_nodes=0     ,first_numa=0  ,other_nodes=     
Hostname=nid005572   , Rank=17   ,Local=1   ,RPN=4   ,CPUs=72-143   ,GPU=1 ,NIC=cxi1 ,numa_nodes=1     ,first_numa=1  ,other_nodes=     
Hostname=nid006459   , Rank=1001 ,Local=1   ,RPN=4   ,CPUs=72-143   ,GPU=1 ,NIC=cxi1 ,numa_nodes=1     ,first_numa=1  ,other_nodes=     
Hostname=nid006432   , Rank=936  ,Local=0   ,RPN=4   ,CPUs=0-71     ,GPU=0 ,NIC=cxi0 ,numa_nodes=0     ,first_numa=0  ,other_nodes=     
Hostname=nid005838   , Rank=512  ,Local=0   ,RPN=4   ,CPUs=0-71     ,GPU=0 ,NIC=cxi0 ,numa_nodes=0     ,first_numa=0  ,other_nodes=     
Hostname=nid006451   , Rank=988  ,Local=0   ,RPN=4   ,CPUs=0-71     ,GPU=0 ,NIC=cxi0 ,numa_nodes=0     ,first_numa=0  ,other_nodes=     
Hostname=nid005644   , Rank=220  ,Local=0   ,RPN=4   ,CPUs=0-71     ,GPU=0 ,NIC=cxi0 ,numa_nodes=0     ,first_numa=0  ,other_nodes=     
Hostname=nid005660   , Rank=272  ,Local=0   ,RPN=4   ,CPUs=0-71     ,GPU=0 ,NIC=cxi0 ,numa_nodes=0     ,first_numa=0  ,other_nodes=     
Hostname=nid006357   , Rank=688  ,Local=0   ,RPN=4   ,CPUs=0-71     ,GPU=0 ,NIC=cxi0 ,numa_nodes=0     ,first_numa=0  ,other_nodes=     
Hostname=nid006396   , Rank=820  ,Local=0   ,RPN=4   ,CPUs=0-71     ,GPU=0 ,NIC=cxi0 ,numa_nodes=0     ,first_numa=0  ,other_nodes=     
Hostname=nid005798   , Rank=401  ,Local=1   ,RPN=4   ,CPUs=72-143   ,GPU=1 ,NIC=cxi1 ,numa_nodes=1     ,first_numa=1  ,other_nodes=     
Hostname=nid005639   , Rank=205  ,Local=1   ,RPN=4   ,CPUs=72-143   ,GPU=1 ,NIC=cxi1 ,numa_nodes=1     ,first_numa=1  ,other_nodes=     
Hostname=nid006400   , Rank=834  ,Local=2   ,RPN=4   ,CPUs=144-215  ,GPU=2 ,NIC=cxi2 ,numa_nodes=2     ,first_numa=2  ,other_nodes=     
Hostname=nid005657   , Rank=264  ,Local=0   ,RPN=4   ,CPUs=0-71     ,GPU=0 ,NIC=cxi0 ,numa_nodes=0     ,first_numa=0  ,other_nodes=     
Hostname=nid006403   , Rank=844  ,Local=0   ,RPN=4   ,CPUs=0-71     ,GPU=0 ,NIC=cxi0 ,numa_nodes=0     ,first_numa=0  ,other_nodes=     
Hostname=nid006391   , Rank=801  ,Local=1   ,RPN=4   ,CPUs=72-143   ,GPU=1 ,NIC=cxi1 ,numa_nodes=1     ,first_numa=1  ,other_nodes=     
Hostname=nid005649   , Rank=240  ,Local=0   ,RPN=4   ,CPUs=0-71     ,GPU=0 ,NIC=cxi0 ,numa_nodes=0     ,first_numa=0  ,other_nodes=     
Hostname=nid005577   , Rank=33   ,Local=1   ,RPN=4   ,CPUs=72-143   ,GPU=1 ,NIC=cxi1 ,numa_nodes=1     ,first_numa=1  ,other_nodes=     
Hostname=nid005600   , Rank=84   ,Local=0   ,RPN=4   ,CPUs=0-71     ,GPU=0 ,NIC=cxi0 ,numa_nodes=0     ,first_numa=0  ,other_nodes=     
Hostname=nid005804   , Rank=416  ,Local=0   ,RPN=4   ,CPUs=0-71     ,GPU=0 ,NIC=cxi0 ,numa_nodes=0     ,first_numa=0  ,other_nodes=     
Hostname=nid006458   , Rank=999  ,Local=3   ,RPN=4   ,CPUs=216-287  ,GPU=3 ,NIC=cxi3 ,numa_nodes=3     ,first_numa=3  ,other_nodes=     
Hostname=nid005809   , Rank=428  ,Local=0   ,RPN=4   ,CPUs=0-71     ,GPU=0 ,NIC=cxi0 ,numa_nodes=0     ,first_numa=0  ,other_nodes=     
Hostname=nid005814   , Rank=443  ,Local=3   ,RPN=4   ,CPUs=216-287  ,GPU=3 ,NIC=cxi3 ,numa_nodes=3     ,first_numa=3  ,other_nodes=     
Hostname=nid006408   , Rank=865  ,Local=1   ,RPN=4   ,CPUs=72-143   ,GPU=1 ,NIC=cxi1 ,numa_nodes=1     ,first_numa=1  ,other_nodes=     
Hostname=nid005643   , Rank=216  ,Local=0   ,RPN=4   ,CPUs=0-71     ,GPU=0 ,NIC=cxi0 ,numa_nodes=0     ,first_numa=0  ,other_nodes=     
Hostname=nid005792   , Rank=380  ,Local=0   ,RPN=4   ,CPUs=0-71     ,GPU=0 ,NIC=cxi0 ,numa_nodes=0     ,first_numa=0  ,other_nodes=     
Hostname=nid006438   , Rank=956  ,Local=0   ,RPN=4   ,CPUs=0-71     ,GPU=0 ,NIC=cxi0 ,numa_nodes=0     ,first_numa=0  ,other_nodes=     
Hostname=nid006351   , Rank=679  ,Local=3   ,RPN=4   ,CPUs=216-287  ,GPU=3 ,NIC=cxi3 ,numa_nodes=3     ,first_numa=3  ,other_nodes=     
Hostname=nid006360   , Rank=696  ,Local=0   ,RPN=4   ,CPUs=0-71     ,GPU=0 ,NIC=cxi0 ,numa_nodes=0     ,first_numa=0  ,other_nodes=     
Hostname=nid005842   , Rank=531  ,Local=3   ,RPN=4   ,CPUs=216-287  ,GPU=3 ,NIC=cxi3 ,numa_nodes=3     ,first_numa=3  ,other_nodes=     
Hostname=nid005877   , Rank=635  ,Local=3   ,RPN=4   ,CPUs=216-287  ,GPU=3 ,NIC=cxi3 ,numa_nodes=3     ,first_numa=3  ,other_nodes=     
Hostname=nid005568   , Rank=6    ,Local=2   ,RPN=4   ,CPUs=144-215  ,GPU=2 ,NIC=cxi2 ,numa_nodes=2     ,first_numa=2  ,other_nodes=     
Hostname=nid006418   , Rank=900  ,Local=0   ,RPN=4   ,CPUs=0-71     ,GPU=0 ,NIC=cxi0 ,numa_nodes=0     ,first_numa=0  ,other_nodes=     
Hostname=nid006434   , Rank=947  ,Local=3   ,RPN=4   ,CPUs=216-287  ,GPU=3 ,NIC=cxi3 ,numa_nodes=3     ,first_numa=3  ,other_nodes=     
Hostname=nid006382   , Rank=772  ,Local=0   ,RPN=4   ,CPUs=0-71     ,GPU=0 ,NIC=cxi0 ,numa_nodes=0     ,first_numa=0  ,other_nodes=     
Hostname=nid006373   , Rank=740  ,Local=0   ,RPN=4   ,CPUs=0-71     ,GPU=0 ,NIC=cxi0 ,numa_nodes=0     ,first_numa=0  ,other_nodes=     
Hostname=nid006423   , Rank=920  ,Local=0   ,RPN=4   ,CPUs=0-71     ,GPU=0 ,NIC=cxi0 ,numa_nodes=0     ,first_numa=0  ,other_nodes=     
Hostname=nid005668   , Rank=301  ,Local=1   ,RPN=4   ,CPUs=72-143   ,GPU=1 ,NIC=cxi1 ,numa_nodes=1     ,first_numa=1  ,other_nodes=     
Hostname=nid005616   , Rank=124  ,Local=0   ,RPN=4   ,CPUs=0-71     ,GPU=0 ,NIC=cxi0 ,numa_nodes=0     ,first_numa=0  ,other_nodes=     
Hostname=nid006410   , Rank=875  ,Local=3   ,RPN=4   ,CPUs=216-287  ,GPU=3 ,NIC=cxi3 ,numa_nodes=3     ,first_numa=3  ,other_nodes=     
Hostname=nid006363   , Rank=704  ,Local=0   ,RPN=4   ,CPUs=0-71     ,GPU=0 ,NIC=cxi0 ,numa_nodes=0     ,first_numa=0  ,other_nodes=     
Hostname=nid005611   , Rank=110  ,Local=2   ,RPN=4   ,CPUs=144-215  ,GPU=2 ,NIC=cxi2 ,numa_nodes=2     ,first_numa=2  ,other_nodes=     
Hostname=nid006375   , Rank=750  ,Local=2   ,RPN=4   ,CPUs=144-215  ,GPU=2 ,NIC=cxi2 ,numa_nodes=2     ,first_numa=2  ,other_nodes=     
Hostname=nid005623   , Rank=150  ,Local=2   ,RPN=4   ,CPUs=144-215  ,GPU=2 ,NIC=cxi2 ,numa_nodes=2     ,first_numa=2  ,other_nodes=     
Hostname=nid005826   , Rank=477  ,Local=1   ,RPN=4   ,CPUs=72-143   ,GPU=1 ,NIC=cxi1 ,numa_nodes=1     ,first_numa=1  ,other_nodes=     
Hostname=nid005799   , Rank=404  ,Local=0   ,RPN=4   ,CPUs=0-71     ,GPU=0 ,NIC=cxi0 ,numa_nodes=0     ,first_numa=0  ,other_nodes=     
Hostname=nid005836   , Rank=504  ,Local=0   ,RPN=4   ,CPUs=0-71     ,GPU=0 ,NIC=cxi0 ,numa_nodes=0     ,first_numa=0  ,other_nodes=     
Hostname=nid005840   , Rank=523  ,Local=3   ,RPN=4   ,CPUs=216-287  ,GPU=3 ,NIC=cxi3 ,numa_nodes=3     ,first_numa=3  ,other_nodes=     
Hostname=nid006421   , Rank=912  ,Local=0   ,RPN=4   ,CPUs=0-71     ,GPU=0 ,NIC=cxi0 ,numa_nodes=0     ,first_numa=0  ,other_nodes=     
Hostname=nid005620   , Rank=136  ,Local=0   ,RPN=4   ,CPUs=0-71     ,GPU=0 ,NIC=cxi0 ,numa_nodes=0     ,first_numa=0  ,other_nodes=     
Hostname=nid005807   , Rank=421  ,Local=1   ,RPN=4   ,CPUs=72-143   ,GPU=1 ,NIC=cxi1 ,numa_nodes=1     ,first_numa=1  ,other_nodes=     
Hostname=nid006364   , Rank=708  ,Local=0   ,RPN=4   ,CPUs=0-71     ,GPU=0 ,NIC=cxi0 ,numa_nodes=0     ,first_numa=0  ,other_nodes=     
Hostname=nid005663   , Rank=280  ,Local=0   ,RPN=4   ,CPUs=0-71     ,GPU=0 ,NIC=cxi0 ,numa_nodes=0     ,first_numa=0  ,other_nodes=     
Hostname=nid005580   , Rank=39   ,Local=3   ,RPN=4   ,CPUs=216-287  ,GPU=3 ,NIC=cxi3 ,numa_nodes=3     ,first_numa=3  ,other_nodes=     
Hostname=nid005634   , Rank=184  ,Local=0   ,RPN=4   ,CPUs=0-71     ,GPU=0 ,NIC=cxi0 ,numa_nodes=0     ,first_numa=0  ,other_nodes=     
Hostname=nid005829   , Rank=490  ,Local=2   ,RPN=4   ,CPUs=144-215  ,GPU=2 ,NIC=cxi2 ,numa_nodes=2     ,first_numa=2  ,other_nodes=     
Hostname=nid005866   , Rank=607  ,Local=3   ,RPN=4   ,CPUs=216-287  ,GPU=3 ,NIC=cxi3 ,numa_nodes=3     ,first_numa=3  ,other_nodes=     
Hostname=nid005857   , Rank=575  ,Local=3   ,RPN=4   ,CPUs=216-287  ,GPU=3 ,NIC=cxi3 ,numa_nodes=3     ,first_numa=3  ,other_nodes=     
Hostname=nid005823   , Rank=468  ,Local=0   ,RPN=4   ,CPUs=0-71     ,GPU=0 ,NIC=cxi0 ,numa_nodes=0     ,first_numa=0  ,other_nodes=     
Hostname=nid005570   , Rank=12   ,Local=0   ,RPN=4   ,CPUs=0-71     ,GPU=0 ,NIC=cxi0 ,numa_nodes=0     ,first_numa=0  ,other_nodes=     
Hostname=nid006404   , Rank=849  ,Local=1   ,RPN=4   ,CPUs=72-143   ,GPU=1 ,NIC=cxi1 ,numa_nodes=1     ,first_numa=1  ,other_nodes=     
Hostname=nid006437   , Rank=952  ,Local=0   ,RPN=4   ,CPUs=0-71     ,GPU=0 ,NIC=cxi0 ,numa_nodes=0     ,first_numa=0  ,other_nodes=     
Hostname=nid005826   , Rank=479  ,Local=3   ,RPN=4   ,CPUs=216-287  ,GPU=3 ,NIC=cxi3 ,numa_nodes=3     ,first_numa=3  ,other_nodes=     
Hostname=nid005870   , Rank=616  ,Local=0   ,RPN=4   ,CPUs=0-71     ,GPU=0 ,NIC=cxi0 ,numa_nodes=0     ,first_numa=0  ,other_nodes=     
Hostname=nid005632   , Rank=180  ,Local=0   ,RPN=4   ,CPUs=0-71     ,GPU=0 ,NIC=cxi0 ,numa_nodes=0     ,first_numa=0  ,other_nodes=     
Hostname=nid006365   , Rank=715  ,Local=3   ,RPN=4   ,CPUs=216-287  ,GPU=3 ,NIC=cxi3 ,numa_nodes=3     ,first_numa=3  ,other_nodes=     
Hostname=nid006442   , Rank=965  ,Local=1   ,RPN=4   ,CPUs=72-143   ,GPU=1 ,NIC=cxi1 ,numa_nodes=1     ,first_numa=1  ,other_nodes=     
Hostname=nid006422   , Rank=916  ,Local=0   ,RPN=4   ,CPUs=0-71     ,GPU=0 ,NIC=cxi0 ,numa_nodes=0     ,first_numa=0  ,other_nodes=     
Hostname=nid006357   , Rank=689  ,Local=1   ,RPN=4   ,CPUs=72-143   ,GPU=1 ,NIC=cxi1 ,numa_nodes=1     ,first_numa=1  ,other_nodes=     
Hostname=nid005586   , Rank=55   ,Local=3   ,RPN=4   ,CPUs=216-287  ,GPU=3 ,NIC=cxi3 ,numa_nodes=3     ,first_numa=3  ,other_nodes=     
Hostname=nid006371   , Rank=732  ,Local=0   ,RPN=4   ,CPUs=0-71     ,GPU=0 ,NIC=cxi0 ,numa_nodes=0     ,first_numa=0  ,other_nodes=     
Hostname=nid006379   , Rank=763  ,Local=3   ,RPN=4   ,CPUs=216-287  ,GPU=3 ,NIC=cxi3 ,numa_nodes=3     ,first_numa=3  ,other_nodes=     
Hostname=nid005657   , Rank=265  ,Local=1   ,RPN=4   ,CPUs=72-143   ,GPU=1 ,NIC=cxi1 ,numa_nodes=1     ,first_numa=1  ,other_nodes=     
Hostname=nid005638   , Rank=203  ,Local=3   ,RPN=4   ,CPUs=216-287  ,GPU=3 ,NIC=cxi3 ,numa_nodes=3     ,first_numa=3  ,other_nodes=     
Hostname=nid006403   , Rank=845  ,Local=1   ,RPN=4   ,CPUs=72-143   ,GPU=1 ,NIC=cxi1 ,numa_nodes=1     ,first_numa=1  ,other_nodes=     
Hostname=nid006448   , Rank=978  ,Local=2   ,RPN=4   ,CPUs=144-215  ,GPU=2 ,NIC=cxi2 ,numa_nodes=2     ,first_numa=2  ,other_nodes=     
Hostname=nid005568   , Rank=7    ,Local=3   ,RPN=4   ,CPUs=216-287  ,GPU=3 ,NIC=cxi3 ,numa_nodes=3     ,first_numa=3  ,other_nodes=     
Hostname=nid005600   , Rank=85   ,Local=1   ,RPN=4   ,CPUs=72-143   ,GPU=1 ,NIC=cxi1 ,numa_nodes=1     ,first_numa=1  ,other_nodes=     
Hostname=nid006400   , Rank=833  ,Local=1   ,RPN=4   ,CPUs=72-143   ,GPU=1 ,NIC=cxi1 ,numa_nodes=1     ,first_numa=1  ,other_nodes=     
Hostname=nid005838   , Rank=514  ,Local=2   ,RPN=4   ,CPUs=144-215  ,GPU=2 ,NIC=cxi2 ,numa_nodes=2     ,first_numa=2  ,other_nodes=     
Hostname=nid005786   , Rank=363  ,Local=3   ,RPN=4   ,CPUs=216-287  ,GPU=3 ,NIC=cxi3 ,numa_nodes=3     ,first_numa=3  ,other_nodes=     
Hostname=nid005580   , Rank=38   ,Local=2   ,RPN=4   ,CPUs=144-215  ,GPU=2 ,NIC=cxi2 ,numa_nodes=2     ,first_numa=2  ,other_nodes=     
Hostname=nid005631   , Rank=176  ,Local=0   ,RPN=4   ,CPUs=0-71     ,GPU=0 ,NIC=cxi0 ,numa_nodes=0     ,first_numa=0  ,other_nodes=     
Hostname=nid005826   , Rank=478  ,Local=2   ,RPN=4   ,CPUs=144-215  ,GPU=2 ,NIC=cxi2 ,numa_nodes=2     ,first_numa=2  ,other_nodes=     
Hostname=nid006405   , Rank=853  ,Local=1   ,RPN=4   ,CPUs=72-143   ,GPU=1 ,NIC=cxi1 ,numa_nodes=1     ,first_numa=1  ,other_nodes=     
Hostname=nid005568   , Rank=4    ,Local=0   ,RPN=4   ,CPUs=0-71     ,GPU=0 ,NIC=cxi0 ,numa_nodes=0     ,first_numa=0  ,other_nodes=     
Hostname=nid005877   , Rank=633  ,Local=1   ,RPN=4   ,CPUs=72-143   ,GPU=1 ,NIC=cxi1 ,numa_nodes=1     ,first_numa=1  ,other_nodes=     
Hostname=nid006431   , Rank=932  ,Local=0   ,RPN=4   ,CPUs=0-71     ,GPU=0 ,NIC=cxi0 ,numa_nodes=0     ,first_numa=0  ,other_nodes=     
Hostname=nid005601   , Rank=88   ,Local=0   ,RPN=4   ,CPUs=0-71     ,GPU=0 ,NIC=cxi0 ,numa_nodes=0     ,first_numa=0  ,other_nodes=     
Hostname=nid005660   , Rank=273  ,Local=1   ,RPN=4   ,CPUs=72-143   ,GPU=1 ,NIC=cxi1 ,numa_nodes=1     ,first_numa=1  ,other_nodes=     
Hostname=nid005845   , Rank=541  ,Local=1   ,RPN=4   ,CPUs=72-143   ,GPU=1 ,NIC=cxi1 ,numa_nodes=1     ,first_numa=1  ,other_nodes=     
Hostname=nid005629   , Rank=168  ,Local=0   ,RPN=4   ,CPUs=0-71     ,GPU=0 ,NIC=cxi0 ,numa_nodes=0     ,first_numa=0  ,other_nodes=     
Hostname=nid005664   , Rank=284  ,Local=0   ,RPN=4   ,CPUs=0-71     ,GPU=0 ,NIC=cxi0 ,numa_nodes=0     ,first_numa=0  ,other_nodes=     
Hostname=nid005649   , Rank=241  ,Local=1   ,RPN=4   ,CPUs=72-143   ,GPU=1 ,NIC=cxi1 ,numa_nodes=1     ,first_numa=1  ,other_nodes=     
Hostname=nid005691   , Rank=332  ,Local=0   ,RPN=4   ,CPUs=0-71     ,GPU=0 ,NIC=cxi0 ,numa_nodes=0     ,first_numa=0  ,other_nodes=     
Hostname=nid006393   , Rank=808  ,Local=0   ,RPN=4   ,CPUs=0-71     ,GPU=0 ,NIC=cxi0 ,numa_nodes=0     ,first_numa=0  ,other_nodes=     
Hostname=nid005872   , Rank=624  ,Local=0   ,RPN=4   ,CPUs=0-71     ,GPU=0 ,NIC=cxi0 ,numa_nodes=0     ,first_numa=0  ,other_nodes=     
Hostname=nid005804   , Rank=417  ,Local=1   ,RPN=4   ,CPUs=72-143   ,GPU=1 ,NIC=cxi1 ,numa_nodes=1     ,first_numa=1  ,other_nodes=     
Hostname=nid005834   , Rank=497  ,Local=1   ,RPN=4   ,CPUs=72-143   ,GPU=1 ,NIC=cxi1 ,numa_nodes=1     ,first_numa=1  ,other_nodes=     
Hostname=nid005794   , Rank=388  ,Local=0   ,RPN=4   ,CPUs=0-71     ,GPU=0 ,NIC=cxi0 ,numa_nodes=0     ,first_numa=0  ,other_nodes=     
Hostname=nid006420   , Rank=911  ,Local=3   ,RPN=4   ,CPUs=216-287  ,GPU=3 ,NIC=cxi3 ,numa_nodes=3     ,first_numa=3  ,other_nodes=     
Hostname=nid006345   , Rank=668  ,Local=0   ,RPN=4   ,CPUs=0-71     ,GPU=0 ,NIC=cxi0 ,numa_nodes=0     ,first_numa=0  ,other_nodes=     
Hostname=nid006414   , Rank=888  ,Local=0   ,RPN=4   ,CPUs=0-71     ,GPU=0 ,NIC=cxi0 ,numa_nodes=0     ,first_numa=0  ,other_nodes=     
Hostname=nid006389   , Rank=795  ,Local=3   ,RPN=4   ,CPUs=216-287  ,GPU=3 ,NIC=cxi3 ,numa_nodes=3     ,first_numa=3  ,other_nodes=     
Hostname=nid005610   , Rank=107  ,Local=3   ,RPN=4   ,CPUs=216-287  ,GPU=3 ,NIC=cxi3 ,numa_nodes=3     ,first_numa=3  ,other_nodes=     
Hostname=nid005609   , Rank=100  ,Local=0   ,RPN=4   ,CPUs=0-71     ,GPU=0 ,NIC=cxi0 ,numa_nodes=0     ,first_numa=0  ,other_nodes=     
Hostname=nid006469   , Rank=1004 ,Local=0   ,RPN=4   ,CPUs=0-71     ,GPU=0 ,NIC=cxi0 ,numa_nodes=0     ,first_numa=0  ,other_nodes=     
Hostname=nid005838   , Rank=515  ,Local=3   ,RPN=4   ,CPUs=216-287  ,GPU=3 ,NIC=cxi3 ,numa_nodes=3     ,first_numa=3  ,other_nodes=     
Hostname=nid005640   , Rank=211  ,Local=3   ,RPN=4   ,CPUs=216-287  ,GPU=3 ,NIC=cxi3 ,numa_nodes=3     ,first_numa=3  ,other_nodes=     
Hostname=nid005845   , Rank=542  ,Local=2   ,RPN=4   ,CPUs=144-215  ,GPU=2 ,NIC=cxi2 ,numa_nodes=2     ,first_numa=2  ,other_nodes=     
Hostname=nid006434   , Rank=945  ,Local=1   ,RPN=4   ,CPUs=72-143   ,GPU=1 ,NIC=cxi1 ,numa_nodes=1     ,first_numa=1  ,other_nodes=     
Hostname=nid006400   , Rank=832  ,Local=0   ,RPN=4   ,CPUs=0-71     ,GPU=0 ,NIC=cxi0 ,numa_nodes=0     ,first_numa=0  ,other_nodes=     
Hostname=nid005673   , Rank=317  ,Local=1   ,RPN=4   ,CPUs=72-143   ,GPU=1 ,NIC=cxi1 ,numa_nodes=1     ,first_numa=1  ,other_nodes=     
Hostname=nid006403   , Rank=846  ,Local=2   ,RPN=4   ,CPUs=144-215  ,GPU=2 ,NIC=cxi2 ,numa_nodes=2     ,first_numa=2  ,other_nodes=     
Hostname=nid005580   , Rank=37   ,Local=1   ,RPN=4   ,CPUs=72-143   ,GPU=1 ,NIC=cxi1 ,numa_nodes=1     ,first_numa=1  ,other_nodes=     
Hostname=nid006390   , Rank=796  ,Local=0   ,RPN=4   ,CPUs=0-71     ,GPU=0 ,NIC=cxi0 ,numa_nodes=0     ,first_numa=0  ,other_nodes=     
Hostname=nid006347   , Rank=674  ,Local=2   ,RPN=4   ,CPUs=144-215  ,GPU=2 ,NIC=cxi2 ,numa_nodes=2     ,first_numa=2  ,other_nodes=     
Hostname=nid005610   , Rank=106  ,Local=2   ,RPN=4   ,CPUs=144-215  ,GPU=2 ,NIC=cxi2 ,numa_nodes=2     ,first_numa=2  ,other_nodes=     
Hostname=nid005850   , Rank=557  ,Local=1   ,RPN=4   ,CPUs=72-143   ,GPU=1 ,NIC=cxi1 ,numa_nodes=1     ,first_numa=1  ,other_nodes=     
Hostname=nid006442   , Rank=966  ,Local=2   ,RPN=4   ,CPUs=144-215  ,GPU=2 ,NIC=cxi2 ,numa_nodes=2     ,first_numa=2  ,other_nodes=     
Hostname=nid005895   , Rank=667  ,Local=3   ,RPN=4   ,CPUs=216-287  ,GPU=3 ,NIC=cxi3 ,numa_nodes=3     ,first_numa=3  ,other_nodes=     
Hostname=nid005829   , Rank=489  ,Local=1   ,RPN=4   ,CPUs=72-143   ,GPU=1 ,NIC=cxi1 ,numa_nodes=1     ,first_numa=1  ,other_nodes=     
Hostname=nid005588   , Rank=61   ,Local=1   ,RPN=4   ,CPUs=72-143   ,GPU=1 ,NIC=cxi1 ,numa_nodes=1     ,first_numa=1  ,other_nodes=     
Hostname=nid006373   , Rank=741  ,Local=1   ,RPN=4   ,CPUs=72-143   ,GPU=1 ,NIC=cxi1 ,numa_nodes=1     ,first_numa=1  ,other_nodes=     
Hostname=nid005821   , Rank=463  ,Local=3   ,RPN=4   ,CPUs=216-287  ,GPU=3 ,NIC=cxi3 ,numa_nodes=3     ,first_numa=3  ,other_nodes=     
Hostname=nid005874   , Rank=629  ,Local=1   ,RPN=4   ,CPUs=72-143   ,GPU=1 ,NIC=cxi1 ,numa_nodes=1     ,first_numa=1  ,other_nodes=     
Hostname=nid005786   , Rank=360  ,Local=0   ,RPN=4   ,CPUs=0-71     ,GPU=0 ,NIC=cxi0 ,numa_nodes=0     ,first_numa=0  ,other_nodes=     
Hostname=nid006438   , Rank=958  ,Local=2   ,RPN=4   ,CPUs=144-215  ,GPU=2 ,NIC=cxi2 ,numa_nodes=2     ,first_numa=2  ,other_nodes=     
Hostname=nid006385   , Rank=787  ,Local=3   ,RPN=4   ,CPUs=216-287  ,GPU=3 ,NIC=cxi3 ,numa_nodes=3     ,first_numa=3  ,other_nodes=     
Hostname=nid006370   , Rank=729  ,Local=1   ,RPN=4   ,CPUs=72-143   ,GPU=1 ,NIC=cxi1 ,numa_nodes=1     ,first_numa=1  ,other_nodes=     
Hostname=nid006433   , Rank=940  ,Local=0   ,RPN=4   ,CPUs=0-71     ,GPU=0 ,NIC=cxi0 ,numa_nodes=0     ,first_numa=0  ,other_nodes=     
Hostname=nid005649   , Rank=243  ,Local=3   ,RPN=4   ,CPUs=216-287  ,GPU=3 ,NIC=cxi3 ,numa_nodes=3     ,first_numa=3  ,other_nodes=     
Hostname=nid005607   , Rank=92   ,Local=0   ,RPN=4   ,CPUs=0-71     ,GPU=0 ,NIC=cxi0 ,numa_nodes=0     ,first_numa=0  ,other_nodes=     
Hostname=nid006406   , Rank=859  ,Local=3   ,RPN=4   ,CPUs=216-287  ,GPU=3 ,NIC=cxi3 ,numa_nodes=3     ,first_numa=3  ,other_nodes=     
Hostname=nid005836   , Rank=505  ,Local=1   ,RPN=4   ,CPUs=72-143   ,GPU=1 ,NIC=cxi1 ,numa_nodes=1     ,first_numa=1  ,other_nodes=     
Hostname=nid005608   , Rank=96   ,Local=0   ,RPN=4   ,CPUs=0-71     ,GPU=0 ,NIC=cxi0 ,numa_nodes=0     ,first_numa=0  ,other_nodes=     
Hostname=nid005657   , Rank=266  ,Local=2   ,RPN=4   ,CPUs=144-215  ,GPU=2 ,NIC=cxi2 ,numa_nodes=2     ,first_numa=2  ,other_nodes=     
Hostname=nid005577   , Rank=35   ,Local=3   ,RPN=4   ,CPUs=216-287  ,GPU=3 ,NIC=cxi3 ,numa_nodes=3     ,first_numa=3  ,other_nodes=     
Hostname=nid006459   , Rank=1000 ,Local=0   ,RPN=4   ,CPUs=0-71     ,GPU=0 ,NIC=cxi0 ,numa_nodes=0     ,first_numa=0  ,other_nodes=     
Hostname=nid005839   , Rank=517  ,Local=1   ,RPN=4   ,CPUs=72-143   ,GPU=1 ,NIC=cxi1 ,numa_nodes=1     ,first_numa=1  ,other_nodes=     
Hostname=nid006417   , Rank=896  ,Local=0   ,RPN=4   ,CPUs=0-71     ,GPU=0 ,NIC=cxi0 ,numa_nodes=0     ,first_numa=0  ,other_nodes=     
Hostname=nid006347   , Rank=672  ,Local=0   ,RPN=4   ,CPUs=0-71     ,GPU=0 ,NIC=cxi0 ,numa_nodes=0     ,first_numa=0  ,other_nodes=     
Hostname=nid005631   , Rank=177  ,Local=1   ,RPN=4   ,CPUs=72-143   ,GPU=1 ,NIC=cxi1 ,numa_nodes=1     ,first_numa=1  ,other_nodes=     
Hostname=nid005651   , Rank=244  ,Local=0   ,RPN=4   ,CPUs=0-71     ,GPU=0 ,NIC=cxi0 ,numa_nodes=0     ,first_numa=0  ,other_nodes=     
Hostname=nid006363   , Rank=707  ,Local=3   ,RPN=4   ,CPUs=216-287  ,GPU=3 ,NIC=cxi3 ,numa_nodes=3     ,first_numa=3  ,other_nodes=     
Hostname=nid006345   , Rank=669  ,Local=1   ,RPN=4   ,CPUs=72-143   ,GPU=1 ,NIC=cxi1 ,numa_nodes=1     ,first_numa=1  ,other_nodes=     
Hostname=nid005649   , Rank=242  ,Local=2   ,RPN=4   ,CPUs=144-215  ,GPU=2 ,NIC=cxi2 ,numa_nodes=2     ,first_numa=2  ,other_nodes=     
Hostname=nid006357   , Rank=691  ,Local=3   ,RPN=4   ,CPUs=216-287  ,GPU=3 ,NIC=cxi3 ,numa_nodes=3     ,first_numa=3  ,other_nodes=     
Hostname=nid005890   , Rank=660  ,Local=0   ,RPN=4   ,CPUs=0-71     ,GPU=0 ,NIC=cxi0 ,numa_nodes=0     ,first_numa=0  ,other_nodes=     
Hostname=nid005643   , Rank=217  ,Local=1   ,RPN=4   ,CPUs=72-143   ,GPU=1 ,NIC=cxi1 ,numa_nodes=1     ,first_numa=1  ,other_nodes=     
Hostname=nid005838   , Rank=513  ,Local=1   ,RPN=4   ,CPUs=72-143   ,GPU=1 ,NIC=cxi1 ,numa_nodes=1     ,first_numa=1  ,other_nodes=     
Hostname=nid005663   , Rank=281  ,Local=1   ,RPN=4   ,CPUs=72-143   ,GPU=1 ,NIC=cxi1 ,numa_nodes=1     ,first_numa=1  ,other_nodes=     
Hostname=nid005651   , Rank=245  ,Local=1   ,RPN=4   ,CPUs=72-143   ,GPU=1 ,NIC=cxi1 ,numa_nodes=1     ,first_numa=1  ,other_nodes=     
Hostname=nid005621   , Rank=141  ,Local=1   ,RPN=4   ,CPUs=72-143   ,GPU=1 ,NIC=cxi1 ,numa_nodes=1     ,first_numa=1  ,other_nodes=     
Hostname=nid005611   , Rank=109  ,Local=1   ,RPN=4   ,CPUs=72-143   ,GPU=1 ,NIC=cxi1 ,numa_nodes=1     ,first_numa=1  ,other_nodes=     
Hostname=nid006371   , Rank=733  ,Local=1   ,RPN=4   ,CPUs=72-143   ,GPU=1 ,NIC=cxi1 ,numa_nodes=1     ,first_numa=1  ,other_nodes=     
Hostname=nid005610   , Rank=105  ,Local=1   ,RPN=4   ,CPUs=72-143   ,GPU=1 ,NIC=cxi1 ,numa_nodes=1     ,first_numa=1  ,other_nodes=     
Hostname=nid005600   , Rank=86   ,Local=2   ,RPN=4   ,CPUs=144-215  ,GPU=2 ,NIC=cxi2 ,numa_nodes=2     ,first_numa=2  ,other_nodes=     
Hostname=nid006400   , Rank=835  ,Local=3   ,RPN=4   ,CPUs=216-287  ,GPU=3 ,NIC=cxi3 ,numa_nodes=3     ,first_numa=3  ,other_nodes=     
Hostname=nid006438   , Rank=957  ,Local=1   ,RPN=4   ,CPUs=72-143   ,GPU=1 ,NIC=cxi1 ,numa_nodes=1     ,first_numa=1  ,other_nodes=     
Hostname=nid006418   , Rank=901  ,Local=1   ,RPN=4   ,CPUs=72-143   ,GPU=1 ,NIC=cxi1 ,numa_nodes=1     ,first_numa=1  ,other_nodes=     
Hostname=nid006403   , Rank=847  ,Local=3   ,RPN=4   ,CPUs=216-287  ,GPU=3 ,NIC=cxi3 ,numa_nodes=3     ,first_numa=3  ,other_nodes=     
Hostname=nid005821   , Rank=462  ,Local=2   ,RPN=4   ,CPUs=144-215  ,GPU=2 ,NIC=cxi2 ,numa_nodes=2     ,first_numa=2  ,other_nodes=     
Hostname=nid005817   , Rank=453  ,Local=1   ,RPN=4   ,CPUs=72-143   ,GPU=1 ,NIC=cxi1 ,numa_nodes=1     ,first_numa=1  ,other_nodes=     
Hostname=nid006362   , Rank=701  ,Local=1   ,RPN=4   ,CPUs=72-143   ,GPU=1 ,NIC=cxi1 ,numa_nodes=1     ,first_numa=1  ,other_nodes=     
Hostname=nid005628   , Rank=166  ,Local=2   ,RPN=4   ,CPUs=144-215  ,GPU=2 ,NIC=cxi2 ,numa_nodes=2     ,first_numa=2  ,other_nodes=     
Hostname=nid006377   , Rank=757  ,Local=1   ,RPN=4   ,CPUs=72-143   ,GPU=1 ,NIC=cxi1 ,numa_nodes=1     ,first_numa=1  ,other_nodes=     
Hostname=nid005804   , Rank=419  ,Local=3   ,RPN=4   ,CPUs=216-287  ,GPU=3 ,NIC=cxi3 ,numa_nodes=3     ,first_numa=3  ,other_nodes=     
Hostname=nid005845   , Rank=543  ,Local=3   ,RPN=4   ,CPUs=216-287  ,GPU=3 ,NIC=cxi3 ,numa_nodes=3     ,first_numa=3  ,other_nodes=     
Hostname=nid006354   , Rank=683  ,Local=3   ,RPN=4   ,CPUs=216-287  ,GPU=3 ,NIC=cxi3 ,numa_nodes=3     ,first_numa=3  ,other_nodes=     
Hostname=nid005586   , Rank=53   ,Local=1   ,RPN=4   ,CPUs=72-143   ,GPU=1 ,NIC=cxi1 ,numa_nodes=1     ,first_numa=1  ,other_nodes=     
Hostname=nid005611   , Rank=108  ,Local=0   ,RPN=4   ,CPUs=0-71     ,GPU=0 ,NIC=cxi0 ,numa_nodes=0     ,first_numa=0  ,other_nodes=     
Hostname=nid005691   , Rank=333  ,Local=1   ,RPN=4   ,CPUs=72-143   ,GPU=1 ,NIC=cxi1 ,numa_nodes=1     ,first_numa=1  ,other_nodes=     
Hostname=nid006469   , Rank=1007 ,Local=3   ,RPN=4   ,CPUs=216-287  ,GPU=3 ,NIC=cxi3 ,numa_nodes=3     ,first_numa=3  ,other_nodes=     
Hostname=nid005639   , Rank=204  ,Local=0   ,RPN=4   ,CPUs=0-71     ,GPU=0 ,NIC=cxi0 ,numa_nodes=0     ,first_numa=0  ,other_nodes=     
Hostname=nid005660   , Rank=274  ,Local=2   ,RPN=4   ,CPUs=144-215  ,GPU=2 ,NIC=cxi2 ,numa_nodes=2     ,first_numa=2  ,other_nodes=     
Hostname=nid006434   , Rank=946  ,Local=2   ,RPN=4   ,CPUs=144-215  ,GPU=2 ,NIC=cxi2 ,numa_nodes=2     ,first_numa=2  ,other_nodes=     
Hostname=nid005657   , Rank=267  ,Local=3   ,RPN=4   ,CPUs=216-287  ,GPU=3 ,NIC=cxi3 ,numa_nodes=3     ,first_numa=3  ,other_nodes=     
Hostname=nid005829   , Rank=491  ,Local=3   ,RPN=4   ,CPUs=216-287  ,GPU=3 ,NIC=cxi3 ,numa_nodes=3     ,first_numa=3  ,other_nodes=     
Hostname=nid005813   , Rank=439  ,Local=3   ,RPN=4   ,CPUs=216-287  ,GPU=3 ,NIC=cxi3 ,numa_nodes=3     ,first_numa=3  ,other_nodes=     
Hostname=nid005883   , Rank=643  ,Local=3   ,RPN=4   ,CPUs=216-287  ,GPU=3 ,NIC=cxi3 ,numa_nodes=3     ,first_numa=3  ,other_nodes=     
Hostname=nid006442   , Rank=967  ,Local=3   ,RPN=4   ,CPUs=216-287  ,GPU=3 ,NIC=cxi3 ,numa_nodes=3     ,first_numa=3  ,other_nodes=     
Hostname=nid005577   , Rank=34   ,Local=2   ,RPN=4   ,CPUs=144-215  ,GPU=2 ,NIC=cxi2 ,numa_nodes=2     ,first_numa=2  ,other_nodes=     
Hostname=nid005786   , Rank=362  ,Local=2   ,RPN=4   ,CPUs=144-215  ,GPU=2 ,NIC=cxi2 ,numa_nodes=2     ,first_numa=2  ,other_nodes=     
Hostname=nid006379   , Rank=761  ,Local=1   ,RPN=4   ,CPUs=72-143   ,GPU=1 ,NIC=cxi1 ,numa_nodes=1     ,first_numa=1  ,other_nodes=     
Hostname=nid005570   , Rank=13   ,Local=1   ,RPN=4   ,CPUs=72-143   ,GPU=1 ,NIC=cxi1 ,numa_nodes=1     ,first_numa=1  ,other_nodes=     
Hostname=nid006364   , Rank=709  ,Local=1   ,RPN=4   ,CPUs=72-143   ,GPU=1 ,NIC=cxi1 ,numa_nodes=1     ,first_numa=1  ,other_nodes=     
Hostname=nid006409   , Rank=870  ,Local=2   ,RPN=4   ,CPUs=144-215  ,GPU=2 ,NIC=cxi2 ,numa_nodes=2     ,first_numa=2  ,other_nodes=     
Hostname=nid005600   , Rank=87   ,Local=3   ,RPN=4   ,CPUs=216-287  ,GPU=3 ,NIC=cxi3 ,numa_nodes=3     ,first_numa=3  ,other_nodes=     
Hostname=nid006459   , Rank=1003 ,Local=3   ,RPN=4   ,CPUs=216-287  ,GPU=3 ,NIC=cxi3 ,numa_nodes=3     ,first_numa=3  ,other_nodes=     
Hostname=nid005634   , Rank=185  ,Local=1   ,RPN=4   ,CPUs=72-143   ,GPU=1 ,NIC=cxi1 ,numa_nodes=1     ,first_numa=1  ,other_nodes=     
Hostname=nid006389   , Rank=792  ,Local=0   ,RPN=4   ,CPUs=0-71     ,GPU=0 ,NIC=cxi0 ,numa_nodes=0     ,first_numa=0  ,other_nodes=     
Hostname=nid005623   , Rank=149  ,Local=1   ,RPN=4   ,CPUs=72-143   ,GPU=1 ,NIC=cxi1 ,numa_nodes=1     ,first_numa=1  ,other_nodes=     
Hostname=nid005870   , Rank=617  ,Local=1   ,RPN=4   ,CPUs=72-143   ,GPU=1 ,NIC=cxi1 ,numa_nodes=1     ,first_numa=1  ,other_nodes=     
Hostname=nid005877   , Rank=634  ,Local=2   ,RPN=4   ,CPUs=144-215  ,GPU=2 ,NIC=cxi2 ,numa_nodes=2     ,first_numa=2  ,other_nodes=     
Hostname=nid006434   , Rank=944  ,Local=0   ,RPN=4   ,CPUs=0-71     ,GPU=0 ,NIC=cxi0 ,numa_nodes=0     ,first_numa=0  ,other_nodes=     
Hostname=nid005663   , Rank=283  ,Local=3   ,RPN=4   ,CPUs=216-287  ,GPU=3 ,NIC=cxi3 ,numa_nodes=3     ,first_numa=3  ,other_nodes=     
Hostname=nid006366   , Rank=719  ,Local=3   ,RPN=4   ,CPUs=216-287  ,GPU=3 ,NIC=cxi3 ,numa_nodes=3     ,first_numa=3  ,other_nodes=     
Hostname=nid005877   , Rank=632  ,Local=0   ,RPN=4   ,CPUs=0-71     ,GPU=0 ,NIC=cxi0 ,numa_nodes=0     ,first_numa=0  ,other_nodes=     
Hostname=nid006363   , Rank=706  ,Local=2   ,RPN=4   ,CPUs=144-215  ,GPU=2 ,NIC=cxi2 ,numa_nodes=2     ,first_numa=2  ,other_nodes=     
Hostname=nid005809   , Rank=430  ,Local=2   ,RPN=4   ,CPUs=144-215  ,GPU=2 ,NIC=cxi2 ,numa_nodes=2     ,first_numa=2  ,other_nodes=     
Hostname=nid006393   , Rank=809  ,Local=1   ,RPN=4   ,CPUs=72-143   ,GPU=1 ,NIC=cxi1 ,numa_nodes=1     ,first_numa=1  ,other_nodes=     
Hostname=nid006357   , Rank=690  ,Local=2   ,RPN=4   ,CPUs=144-215  ,GPU=2 ,NIC=cxi2 ,numa_nodes=2     ,first_numa=2  ,other_nodes=     
Hostname=nid005836   , Rank=506  ,Local=2   ,RPN=4   ,CPUs=144-215  ,GPU=2 ,NIC=cxi2 ,numa_nodes=2     ,first_numa=2  ,other_nodes=     
Hostname=nid006347   , Rank=675  ,Local=3   ,RPN=4   ,CPUs=216-287  ,GPU=3 ,NIC=cxi3 ,numa_nodes=3     ,first_numa=3  ,other_nodes=     
Hostname=nid005886   , Rank=651  ,Local=3   ,RPN=4   ,CPUs=216-287  ,GPU=3 ,NIC=cxi3 ,numa_nodes=3     ,first_numa=3  ,other_nodes=     
Hostname=nid005821   , Rank=461  ,Local=1   ,RPN=4   ,CPUs=72-143   ,GPU=1 ,NIC=cxi1 ,numa_nodes=1     ,first_numa=1  ,other_nodes=     
Hostname=nid005872   , Rank=625  ,Local=1   ,RPN=4   ,CPUs=72-143   ,GPU=1 ,NIC=cxi1 ,numa_nodes=1     ,first_numa=1  ,other_nodes=     
Hostname=nid005643   , Rank=219  ,Local=3   ,RPN=4   ,CPUs=216-287  ,GPU=3 ,NIC=cxi3 ,numa_nodes=3     ,first_numa=3  ,other_nodes=     
Hostname=nid006469   , Rank=1006 ,Local=2   ,RPN=4   ,CPUs=144-215  ,GPU=2 ,NIC=cxi2 ,numa_nodes=2     ,first_numa=2  ,other_nodes=     
Hostname=nid005611   , Rank=111  ,Local=3   ,RPN=4   ,CPUs=216-287  ,GPU=3 ,NIC=cxi3 ,numa_nodes=3     ,first_numa=3  ,other_nodes=     
Hostname=nid005829   , Rank=488  ,Local=0   ,RPN=4   ,CPUs=0-71     ,GPU=0 ,NIC=cxi0 ,numa_nodes=0     ,first_numa=0  ,other_nodes=     
Hostname=nid006390   , Rank=797  ,Local=1   ,RPN=4   ,CPUs=72-143   ,GPU=1 ,NIC=cxi1 ,numa_nodes=1     ,first_numa=1  ,other_nodes=     
Hostname=nid006409   , Rank=868  ,Local=0   ,RPN=4   ,CPUs=0-71     ,GPU=0 ,NIC=cxi0 ,numa_nodes=0     ,first_numa=0  ,other_nodes=     
Hostname=nid005631   , Rank=178  ,Local=2   ,RPN=4   ,CPUs=144-215  ,GPU=2 ,NIC=cxi2 ,numa_nodes=2     ,first_numa=2  ,other_nodes=     
Hostname=nid005577   , Rank=32   ,Local=0   ,RPN=4   ,CPUs=0-71     ,GPU=0 ,NIC=cxi0 ,numa_nodes=0     ,first_numa=0  ,other_nodes=     
Hostname=nid005599   , Rank=80   ,Local=0   ,RPN=4   ,CPUs=0-71     ,GPU=0 ,NIC=cxi0 ,numa_nodes=0     ,first_numa=0  ,other_nodes=     
Hostname=nid005862   , Rank=589  ,Local=1   ,RPN=4   ,CPUs=72-143   ,GPU=1 ,NIC=cxi1 ,numa_nodes=1     ,first_numa=1  ,other_nodes=     
Hostname=nid006385   , Rank=785  ,Local=1   ,RPN=4   ,CPUs=72-143   ,GPU=1 ,NIC=cxi1 ,numa_nodes=1     ,first_numa=1  ,other_nodes=     
Hostname=nid006375   , Rank=751  ,Local=3   ,RPN=4   ,CPUs=216-287  ,GPU=3 ,NIC=cxi3 ,numa_nodes=3     ,first_numa=3  ,other_nodes=     
Hostname=nid005620   , Rank=137  ,Local=1   ,RPN=4   ,CPUs=72-143   ,GPU=1 ,NIC=cxi1 ,numa_nodes=1     ,first_numa=1  ,other_nodes=     
Hostname=nid006373   , Rank=742  ,Local=2   ,RPN=4   ,CPUs=144-215  ,GPU=2 ,NIC=cxi2 ,numa_nodes=2     ,first_numa=2  ,other_nodes=     
Hostname=nid006371   , Rank=735  ,Local=3   ,RPN=4   ,CPUs=216-287  ,GPU=3 ,NIC=cxi3 ,numa_nodes=3     ,first_numa=3  ,other_nodes=     
Hostname=nid005668   , Rank=300  ,Local=0   ,RPN=4   ,CPUs=0-71     ,GPU=0 ,NIC=cxi0 ,numa_nodes=0     ,first_numa=0  ,other_nodes=     
Hostname=nid005884   , Rank=644  ,Local=0   ,RPN=4   ,CPUs=0-71     ,GPU=0 ,NIC=cxi0 ,numa_nodes=0     ,first_numa=0  ,other_nodes=     
Hostname=nid005660   , Rank=275  ,Local=3   ,RPN=4   ,CPUs=216-287  ,GPU=3 ,NIC=cxi3 ,numa_nodes=3     ,first_numa=3  ,other_nodes=     
Hostname=nid006363   , Rank=705  ,Local=1   ,RPN=4   ,CPUs=72-143   ,GPU=1 ,NIC=cxi1 ,numa_nodes=1     ,first_numa=1  ,other_nodes=     
Hostname=nid005570   , Rank=15   ,Local=3   ,RPN=4   ,CPUs=216-287  ,GPU=3 ,NIC=cxi3 ,numa_nodes=3     ,first_numa=3  ,other_nodes=     
Hostname=nid005640   , Rank=209  ,Local=1   ,RPN=4   ,CPUs=72-143   ,GPU=1 ,NIC=cxi1 ,numa_nodes=1     ,first_numa=1  ,other_nodes=     
Hostname=nid005809   , Rank=431  ,Local=3   ,RPN=4   ,CPUs=216-287  ,GPU=3 ,NIC=cxi3 ,numa_nodes=3     ,first_numa=3  ,other_nodes=     
Hostname=nid005846   , Rank=546  ,Local=2   ,RPN=4   ,CPUs=144-215  ,GPU=2 ,NIC=cxi2 ,numa_nodes=2     ,first_numa=2  ,other_nodes=     
Hostname=nid005666   , Rank=294  ,Local=2   ,RPN=4   ,CPUs=144-215  ,GPU=2 ,NIC=cxi2 ,numa_nodes=2     ,first_numa=2  ,other_nodes=     
Hostname=nid005616   , Rank=125  ,Local=1   ,RPN=4   ,CPUs=72-143   ,GPU=1 ,NIC=cxi1 ,numa_nodes=1     ,first_numa=1  ,other_nodes=     
Hostname=nid005792   , Rank=382  ,Local=2   ,RPN=4   ,CPUs=144-215  ,GPU=2 ,NIC=cxi2 ,numa_nodes=2     ,first_numa=2  ,other_nodes=     
Hostname=nid005850   , Rank=559  ,Local=3   ,RPN=4   ,CPUs=216-287  ,GPU=3 ,NIC=cxi3 ,numa_nodes=3     ,first_numa=3  ,other_nodes=     
Hostname=nid006447   , Rank=972  ,Local=0   ,RPN=4   ,CPUs=0-71     ,GPU=0 ,NIC=cxi0 ,numa_nodes=0     ,first_numa=0  ,other_nodes=     
Hostname=nid005608   , Rank=98   ,Local=2   ,RPN=4   ,CPUs=144-215  ,GPU=2 ,NIC=cxi2 ,numa_nodes=2     ,first_numa=2  ,other_nodes=     
Hostname=nid006389   , Rank=793  ,Local=1   ,RPN=4   ,CPUs=72-143   ,GPU=1 ,NIC=cxi1 ,numa_nodes=1     ,first_numa=1  ,other_nodes=     
Hostname=nid005645   , Rank=224  ,Local=0   ,RPN=4   ,CPUs=0-71     ,GPU=0 ,NIC=cxi0 ,numa_nodes=0     ,first_numa=0  ,other_nodes=     
Hostname=nid005663   , Rank=282  ,Local=2   ,RPN=4   ,CPUs=144-215  ,GPU=2 ,NIC=cxi2 ,numa_nodes=2     ,first_numa=2  ,other_nodes=     
Hostname=nid005823   , Rank=469  ,Local=1   ,RPN=4   ,CPUs=72-143   ,GPU=1 ,NIC=cxi1 ,numa_nodes=1     ,first_numa=1  ,other_nodes=     
Hostname=nid005804   , Rank=418  ,Local=2   ,RPN=4   ,CPUs=144-215  ,GPU=2 ,NIC=cxi2 ,numa_nodes=2     ,first_numa=2  ,other_nodes=     
Hostname=nid006451   , Rank=989  ,Local=1   ,RPN=4   ,CPUs=72-143   ,GPU=1 ,NIC=cxi1 ,numa_nodes=1     ,first_numa=1  ,other_nodes=     
Hostname=nid006360   , Rank=699  ,Local=3   ,RPN=4   ,CPUs=216-287  ,GPU=3 ,NIC=cxi3 ,numa_nodes=3     ,first_numa=3  ,other_nodes=     
Hostname=nid005842   , Rank=529  ,Local=1   ,RPN=4   ,CPUs=72-143   ,GPU=1 ,NIC=cxi1 ,numa_nodes=1     ,first_numa=1  ,other_nodes=     
Hostname=nid006406   , Rank=856  ,Local=0   ,RPN=4   ,CPUs=0-71     ,GPU=0 ,NIC=cxi0 ,numa_nodes=0     ,first_numa=0  ,other_nodes=     
Hostname=nid006392   , Rank=804  ,Local=0   ,RPN=4   ,CPUs=0-71     ,GPU=0 ,NIC=cxi0 ,numa_nodes=0     ,first_numa=0  ,other_nodes=     
Hostname=nid005636   , Rank=193  ,Local=1   ,RPN=4   ,CPUs=72-143   ,GPU=1 ,NIC=cxi1 ,numa_nodes=1     ,first_numa=1  ,other_nodes=     
Hostname=nid005632   , Rank=183  ,Local=3   ,RPN=4   ,CPUs=216-287  ,GPU=3 ,NIC=cxi3 ,numa_nodes=3     ,first_numa=3  ,other_nodes=     
Hostname=nid005812   , Rank=433  ,Local=1   ,RPN=4   ,CPUs=72-143   ,GPU=1 ,NIC=cxi1 ,numa_nodes=1     ,first_numa=1  ,other_nodes=     
Hostname=nid006459   , Rank=1002 ,Local=2   ,RPN=4   ,CPUs=144-215  ,GPU=2 ,NIC=cxi2 ,numa_nodes=2     ,first_numa=2  ,other_nodes=     
Hostname=nid005842   , Rank=528  ,Local=0   ,RPN=4   ,CPUs=0-71     ,GPU=0 ,NIC=cxi0 ,numa_nodes=0     ,first_numa=0  ,other_nodes=     
Hostname=nid006396   , Rank=823  ,Local=3   ,RPN=4   ,CPUs=216-287  ,GPU=3 ,NIC=cxi3 ,numa_nodes=3     ,first_numa=3  ,other_nodes=     
Hostname=nid005691   , Rank=335  ,Local=3   ,RPN=4   ,CPUs=216-287  ,GPU=3 ,NIC=cxi3 ,numa_nodes=3     ,first_numa=3  ,other_nodes=     
Hostname=nid005668   , Rank=303  ,Local=3   ,RPN=4   ,CPUs=216-287  ,GPU=3 ,NIC=cxi3 ,numa_nodes=3     ,first_numa=3  ,other_nodes=     
Hostname=nid006448   , Rank=977  ,Local=1   ,RPN=4   ,CPUs=72-143   ,GPU=1 ,NIC=cxi1 ,numa_nodes=1     ,first_numa=1  ,other_nodes=     
Hostname=nid005586   , Rank=54   ,Local=2   ,RPN=4   ,CPUs=144-215  ,GPU=2 ,NIC=cxi2 ,numa_nodes=2     ,first_numa=2  ,other_nodes=     
Hostname=nid005836   , Rank=507  ,Local=3   ,RPN=4   ,CPUs=216-287  ,GPU=3 ,NIC=cxi3 ,numa_nodes=3     ,first_numa=3  ,other_nodes=     
Hostname=nid005792   , Rank=383  ,Local=3   ,RPN=4   ,CPUs=216-287  ,GPU=3 ,NIC=cxi3 ,numa_nodes=3     ,first_numa=3  ,other_nodes=     
Hostname=nid005592   , Rank=71   ,Local=3   ,RPN=4   ,CPUs=216-287  ,GPU=3 ,NIC=cxi3 ,numa_nodes=3     ,first_numa=3  ,other_nodes=     
Hostname=nid005870   , Rank=619  ,Local=3   ,RPN=4   ,CPUs=216-287  ,GPU=3 ,NIC=cxi3 ,numa_nodes=3     ,first_numa=3  ,other_nodes=     
Hostname=nid005575   , Rank=28   ,Local=0   ,RPN=4   ,CPUs=0-71     ,GPU=0 ,NIC=cxi0 ,numa_nodes=0     ,first_numa=0  ,other_nodes=     
Hostname=nid006453   , Rank=993  ,Local=1   ,RPN=4   ,CPUs=72-143   ,GPU=1 ,NIC=cxi1 ,numa_nodes=1     ,first_numa=1  ,other_nodes=     
Hostname=nid005809   , Rank=429  ,Local=1   ,RPN=4   ,CPUs=72-143   ,GPU=1 ,NIC=cxi1 ,numa_nodes=1     ,first_numa=1  ,other_nodes=     
Hostname=nid005635   , Rank=191  ,Local=3   ,RPN=4   ,CPUs=216-287  ,GPU=3 ,NIC=cxi3 ,numa_nodes=3     ,first_numa=3  ,other_nodes=     
Hostname=nid006371   , Rank=734  ,Local=2   ,RPN=4   ,CPUs=144-215  ,GPU=2 ,NIC=cxi2 ,numa_nodes=2     ,first_numa=2  ,other_nodes=     
Hostname=nid005814   , Rank=440  ,Local=0   ,RPN=4   ,CPUs=0-71     ,GPU=0 ,NIC=cxi0 ,numa_nodes=0     ,first_numa=0  ,other_nodes=     
Hostname=nid006448   , Rank=976  ,Local=0   ,RPN=4   ,CPUs=0-71     ,GPU=0 ,NIC=cxi0 ,numa_nodes=0     ,first_numa=0  ,other_nodes=     
Hostname=nid005651   , Rank=247  ,Local=3   ,RPN=4   ,CPUs=216-287  ,GPU=3 ,NIC=cxi3 ,numa_nodes=3     ,first_numa=3  ,other_nodes=     
Hostname=nid006409   , Rank=871  ,Local=3   ,RPN=4   ,CPUs=216-287  ,GPU=3 ,NIC=cxi3 ,numa_nodes=3     ,first_numa=3  ,other_nodes=     
Hostname=nid006426   , Rank=930  ,Local=2   ,RPN=4   ,CPUs=144-215  ,GPU=2 ,NIC=cxi2 ,numa_nodes=2     ,first_numa=2  ,other_nodes=     
Hostname=nid006433   , Rank=943  ,Local=3   ,RPN=4   ,CPUs=216-287  ,GPU=3 ,NIC=cxi3 ,numa_nodes=3     ,first_numa=3  ,other_nodes=     
Hostname=nid005623   , Rank=151  ,Local=3   ,RPN=4   ,CPUs=216-287  ,GPU=3 ,NIC=cxi3 ,numa_nodes=3     ,first_numa=3  ,other_nodes=     
Hostname=nid005867   , Rank=610  ,Local=2   ,RPN=4   ,CPUs=144-215  ,GPU=2 ,NIC=cxi2 ,numa_nodes=2     ,first_numa=2  ,other_nodes=     
Hostname=nid005639   , Rank=206  ,Local=2   ,RPN=4   ,CPUs=144-215  ,GPU=2 ,NIC=cxi2 ,numa_nodes=2     ,first_numa=2  ,other_nodes=     
Hostname=nid006379   , Rank=762  ,Local=2   ,RPN=4   ,CPUs=144-215  ,GPU=2 ,NIC=cxi2 ,numa_nodes=2     ,first_numa=2  ,other_nodes=     
Hostname=nid006396   , Rank=822  ,Local=2   ,RPN=4   ,CPUs=144-215  ,GPU=2 ,NIC=cxi2 ,numa_nodes=2     ,first_numa=2  ,other_nodes=     
Hostname=nid006451   , Rank=991  ,Local=3   ,RPN=4   ,CPUs=216-287  ,GPU=3 ,NIC=cxi3 ,numa_nodes=3     ,first_numa=3  ,other_nodes=     
Hostname=nid005586   , Rank=52   ,Local=0   ,RPN=4   ,CPUs=0-71     ,GPU=0 ,NIC=cxi0 ,numa_nodes=0     ,first_numa=0  ,other_nodes=     
Hostname=nid006364   , Rank=710  ,Local=2   ,RPN=4   ,CPUs=144-215  ,GPU=2 ,NIC=cxi2 ,numa_nodes=2     ,first_numa=2  ,other_nodes=     
Hostname=nid005791   , Rank=378  ,Local=2   ,RPN=4   ,CPUs=144-215  ,GPU=2 ,NIC=cxi2 ,numa_nodes=2     ,first_numa=2  ,other_nodes=     
Hostname=nid005798   , Rank=400  ,Local=0   ,RPN=4   ,CPUs=0-71     ,GPU=0 ,NIC=cxi0 ,numa_nodes=0     ,first_numa=0  ,other_nodes=     
Hostname=nid005616   , Rank=126  ,Local=2   ,RPN=4   ,CPUs=144-215  ,GPU=2 ,NIC=cxi2 ,numa_nodes=2     ,first_numa=2  ,other_nodes=     
Hostname=nid005635   , Rank=188  ,Local=0   ,RPN=4   ,CPUs=0-71     ,GPU=0 ,NIC=cxi0 ,numa_nodes=0     ,first_numa=0  ,other_nodes=     
Hostname=nid005814   , Rank=442  ,Local=2   ,RPN=4   ,CPUs=144-215  ,GPU=2 ,NIC=cxi2 ,numa_nodes=2     ,first_numa=2  ,other_nodes=     
Hostname=nid005608   , Rank=99   ,Local=3   ,RPN=4   ,CPUs=216-287  ,GPU=3 ,NIC=cxi3 ,numa_nodes=3     ,first_numa=3  ,other_nodes=     
Hostname=nid005786   , Rank=361  ,Local=1   ,RPN=4   ,CPUs=72-143   ,GPU=1 ,NIC=cxi1 ,numa_nodes=1     ,first_numa=1  ,other_nodes=     
Hostname=nid006438   , Rank=959  ,Local=3   ,RPN=4   ,CPUs=216-287  ,GPU=3 ,NIC=cxi3 ,numa_nodes=3     ,first_numa=3  ,other_nodes=     
Hostname=nid006437   , Rank=954  ,Local=2   ,RPN=4   ,CPUs=144-215  ,GPU=2 ,NIC=cxi2 ,numa_nodes=2     ,first_numa=2  ,other_nodes=     
Hostname=nid005631   , Rank=179  ,Local=3   ,RPN=4   ,CPUs=216-287  ,GPU=3 ,NIC=cxi3 ,numa_nodes=3     ,first_numa=3  ,other_nodes=     
Hostname=nid005842   , Rank=530  ,Local=2   ,RPN=4   ,CPUs=144-215  ,GPU=2 ,NIC=cxi2 ,numa_nodes=2     ,first_numa=2  ,other_nodes=     
Hostname=nid006418   , Rank=902  ,Local=2   ,RPN=4   ,CPUs=144-215  ,GPU=2 ,NIC=cxi2 ,numa_nodes=2     ,first_numa=2  ,other_nodes=     
Hostname=nid005637   , Rank=196  ,Local=0   ,RPN=4   ,CPUs=0-71     ,GPU=0 ,NIC=cxi0 ,numa_nodes=0     ,first_numa=0  ,other_nodes=     
Hostname=nid005858   , Rank=577  ,Local=1   ,RPN=4   ,CPUs=72-143   ,GPU=1 ,NIC=cxi1 ,numa_nodes=1     ,first_numa=1  ,other_nodes=     
Hostname=nid006406   , Rank=858  ,Local=2   ,RPN=4   ,CPUs=144-215  ,GPU=2 ,NIC=cxi2 ,numa_nodes=2     ,first_numa=2  ,other_nodes=     
Hostname=nid005890   , Rank=661  ,Local=1   ,RPN=4   ,CPUs=72-143   ,GPU=1 ,NIC=cxi1 ,numa_nodes=1     ,first_numa=1  ,other_nodes=     
Hostname=nid005866   , Rank=605  ,Local=1   ,RPN=4   ,CPUs=72-143   ,GPU=1 ,NIC=cxi1 ,numa_nodes=1     ,first_numa=1  ,other_nodes=     
Hostname=nid005643   , Rank=218  ,Local=2   ,RPN=4   ,CPUs=144-215  ,GPU=2 ,NIC=cxi2 ,numa_nodes=2     ,first_numa=2  ,other_nodes=     
Hostname=nid005620   , Rank=139  ,Local=3   ,RPN=4   ,CPUs=216-287  ,GPU=3 ,NIC=cxi3 ,numa_nodes=3     ,first_numa=3  ,other_nodes=     
Hostname=nid005632   , Rank=182  ,Local=2   ,RPN=4   ,CPUs=144-215  ,GPU=2 ,NIC=cxi2 ,numa_nodes=2     ,first_numa=2  ,other_nodes=     
Hostname=nid005591   , Rank=66   ,Local=2   ,RPN=4   ,CPUs=144-215  ,GPU=2 ,NIC=cxi2 ,numa_nodes=2     ,first_numa=2  ,other_nodes=     
Hostname=nid005623   , Rank=148  ,Local=0   ,RPN=4   ,CPUs=0-71     ,GPU=0 ,NIC=cxi0 ,numa_nodes=0     ,first_numa=0  ,other_nodes=     
Hostname=nid005640   , Rank=210  ,Local=2   ,RPN=4   ,CPUs=144-215  ,GPU=2 ,NIC=cxi2 ,numa_nodes=2     ,first_numa=2  ,other_nodes=     
Hostname=nid006433   , Rank=941  ,Local=1   ,RPN=4   ,CPUs=72-143   ,GPU=1 ,NIC=cxi1 ,numa_nodes=1     ,first_numa=1  ,other_nodes=     
Hostname=nid005634   , Rank=186  ,Local=2   ,RPN=4   ,CPUs=144-215  ,GPU=2 ,NIC=cxi2 ,numa_nodes=2     ,first_numa=2  ,other_nodes=     
Hostname=nid005792   , Rank=381  ,Local=1   ,RPN=4   ,CPUs=72-143   ,GPU=1 ,NIC=cxi1 ,numa_nodes=1     ,first_numa=1  ,other_nodes=     
Hostname=nid005658   , Rank=270  ,Local=2   ,RPN=4   ,CPUs=144-215  ,GPU=2 ,NIC=cxi2 ,numa_nodes=2     ,first_numa=2  ,other_nodes=     
Hostname=nid005588   , Rank=60   ,Local=0   ,RPN=4   ,CPUs=0-71     ,GPU=0 ,NIC=cxi0 ,numa_nodes=0     ,first_numa=0  ,other_nodes=     
Hostname=nid005818   , Rank=456  ,Local=0   ,RPN=4   ,CPUs=0-71     ,GPU=0 ,NIC=cxi0 ,numa_nodes=0     ,first_numa=0  ,other_nodes=     
Hostname=nid006389   , Rank=794  ,Local=2   ,RPN=4   ,CPUs=144-215  ,GPU=2 ,NIC=cxi2 ,numa_nodes=2     ,first_numa=2  ,other_nodes=     
Hostname=nid005798   , Rank=402  ,Local=2   ,RPN=4   ,CPUs=144-215  ,GPU=2 ,NIC=cxi2 ,numa_nodes=2     ,first_numa=2  ,other_nodes=     
Hostname=nid006375   , Rank=748  ,Local=0   ,RPN=4   ,CPUs=0-71     ,GPU=0 ,NIC=cxi0 ,numa_nodes=0     ,first_numa=0  ,other_nodes=     
Hostname=nid005823   , Rank=471  ,Local=3   ,RPN=4   ,CPUs=216-287  ,GPU=3 ,NIC=cxi3 ,numa_nodes=3     ,first_numa=3  ,other_nodes=     
Hostname=nid006373   , Rank=743  ,Local=3   ,RPN=4   ,CPUs=216-287  ,GPU=3 ,NIC=cxi3 ,numa_nodes=3     ,first_numa=3  ,other_nodes=     
Hostname=nid006385   , Rank=786  ,Local=2   ,RPN=4   ,CPUs=144-215  ,GPU=2 ,NIC=cxi2 ,numa_nodes=2     ,first_numa=2  ,other_nodes=     
Hostname=nid005721   , Rank=341  ,Local=1   ,RPN=4   ,CPUs=72-143   ,GPU=1 ,NIC=cxi1 ,numa_nodes=1     ,first_numa=1  ,other_nodes=     
Hostname=nid005599   , Rank=81   ,Local=1   ,RPN=4   ,CPUs=72-143   ,GPU=1 ,NIC=cxi1 ,numa_nodes=1     ,first_numa=1  ,other_nodes=     
Hostname=nid006396   , Rank=821  ,Local=1   ,RPN=4   ,CPUs=72-143   ,GPU=1 ,NIC=cxi1 ,numa_nodes=1     ,first_numa=1  ,other_nodes=     
Hostname=nid005883   , Rank=640  ,Local=0   ,RPN=4   ,CPUs=0-71     ,GPU=0 ,NIC=cxi0 ,numa_nodes=0     ,first_numa=0  ,other_nodes=     
Hostname=nid005814   , Rank=441  ,Local=1   ,RPN=4   ,CPUs=72-143   ,GPU=1 ,NIC=cxi1 ,numa_nodes=1     ,first_numa=1  ,other_nodes=     
Hostname=nid006437   , Rank=955  ,Local=3   ,RPN=4   ,CPUs=216-287  ,GPU=3 ,NIC=cxi3 ,numa_nodes=3     ,first_numa=3  ,other_nodes=     
Hostname=nid006365   , Rank=714  ,Local=2   ,RPN=4   ,CPUs=144-215  ,GPU=2 ,NIC=cxi2 ,numa_nodes=2     ,first_numa=2  ,other_nodes=     
Hostname=nid005601   , Rank=89   ,Local=1   ,RPN=4   ,CPUs=72-143   ,GPU=1 ,NIC=cxi1 ,numa_nodes=1     ,first_numa=1  ,other_nodes=     
Hostname=nid006458   , Rank=996  ,Local=0   ,RPN=4   ,CPUs=0-71     ,GPU=0 ,NIC=cxi0 ,numa_nodes=0     ,first_numa=0  ,other_nodes=     
Hostname=nid005572   , Rank=18   ,Local=2   ,RPN=4   ,CPUs=144-215  ,GPU=2 ,NIC=cxi2 ,numa_nodes=2     ,first_numa=2  ,other_nodes=     
Hostname=nid006423   , Rank=921  ,Local=1   ,RPN=4   ,CPUs=72-143   ,GPU=1 ,NIC=cxi1 ,numa_nodes=1     ,first_numa=1  ,other_nodes=     
Hostname=nid005895   , Rank=665  ,Local=1   ,RPN=4   ,CPUs=72-143   ,GPU=1 ,NIC=cxi1 ,numa_nodes=1     ,first_numa=1  ,other_nodes=     
Hostname=nid006379   , Rank=760  ,Local=0   ,RPN=4   ,CPUs=0-71     ,GPU=0 ,NIC=cxi0 ,numa_nodes=0     ,first_numa=0  ,other_nodes=     
Hostname=nid006375   , Rank=749  ,Local=1   ,RPN=4   ,CPUs=72-143   ,GPU=1 ,NIC=cxi1 ,numa_nodes=1     ,first_numa=1  ,other_nodes=     
Hostname=nid005828   , Rank=485  ,Local=1   ,RPN=4   ,CPUs=72-143   ,GPU=1 ,NIC=cxi1 ,numa_nodes=1     ,first_numa=1  ,other_nodes=     
Hostname=nid005691   , Rank=334  ,Local=2   ,RPN=4   ,CPUs=144-215  ,GPU=2 ,NIC=cxi2 ,numa_nodes=2     ,first_numa=2  ,other_nodes=     
Hostname=nid006421   , Rank=914  ,Local=2   ,RPN=4   ,CPUs=144-215  ,GPU=2 ,NIC=cxi2 ,numa_nodes=2     ,first_numa=2  ,other_nodes=     
Hostname=nid005640   , Rank=208  ,Local=0   ,RPN=4   ,CPUs=0-71     ,GPU=0 ,NIC=cxi0 ,numa_nodes=0     ,first_numa=0  ,other_nodes=     
Hostname=nid005870   , Rank=618  ,Local=2   ,RPN=4   ,CPUs=144-215  ,GPU=2 ,NIC=cxi2 ,numa_nodes=2     ,first_numa=2  ,other_nodes=     
Hostname=nid005645   , Rank=227  ,Local=3   ,RPN=4   ,CPUs=216-287  ,GPU=3 ,NIC=cxi3 ,numa_nodes=3     ,first_numa=3  ,other_nodes=     
Hostname=nid005630   , Rank=173  ,Local=1   ,RPN=4   ,CPUs=72-143   ,GPU=1 ,NIC=cxi1 ,numa_nodes=1     ,first_numa=1  ,other_nodes=     
Hostname=nid005639   , Rank=207  ,Local=3   ,RPN=4   ,CPUs=216-287  ,GPU=3 ,NIC=cxi3 ,numa_nodes=3     ,first_numa=3  ,other_nodes=     
Hostname=nid005608   , Rank=97   ,Local=1   ,RPN=4   ,CPUs=72-143   ,GPU=1 ,NIC=cxi1 ,numa_nodes=1     ,first_numa=1  ,other_nodes=     
Hostname=nid006451   , Rank=990  ,Local=2   ,RPN=4   ,CPUs=144-215  ,GPU=2 ,NIC=cxi2 ,numa_nodes=2     ,first_numa=2  ,other_nodes=     
Hostname=nid005673   , Rank=318  ,Local=2   ,RPN=4   ,CPUs=144-215  ,GPU=2 ,NIC=cxi2 ,numa_nodes=2     ,first_numa=2  ,other_nodes=     
Hostname=nid006364   , Rank=711  ,Local=3   ,RPN=4   ,CPUs=216-287  ,GPU=3 ,NIC=cxi3 ,numa_nodes=3     ,first_numa=3  ,other_nodes=     
Hostname=nid006360   , Rank=698  ,Local=2   ,RPN=4   ,CPUs=144-215  ,GPU=2 ,NIC=cxi2 ,numa_nodes=2     ,first_numa=2  ,other_nodes=     
Hostname=nid005616   , Rank=127  ,Local=3   ,RPN=4   ,CPUs=216-287  ,GPU=3 ,NIC=cxi3 ,numa_nodes=3     ,first_numa=3  ,other_nodes=     
Hostname=nid005817   , Rank=452  ,Local=0   ,RPN=4   ,CPUs=0-71     ,GPU=0 ,NIC=cxi0 ,numa_nodes=0     ,first_numa=0  ,other_nodes=     
Hostname=nid005651   , Rank=246  ,Local=2   ,RPN=4   ,CPUs=144-215  ,GPU=2 ,NIC=cxi2 ,numa_nodes=2     ,first_numa=2  ,other_nodes=     
Hostname=nid005648   , Rank=236  ,Local=0   ,RPN=4   ,CPUs=0-71     ,GPU=0 ,NIC=cxi0 ,numa_nodes=0     ,first_numa=0  ,other_nodes=     
Hostname=nid006393   , Rank=810  ,Local=2   ,RPN=4   ,CPUs=144-215  ,GPU=2 ,NIC=cxi2 ,numa_nodes=2     ,first_numa=2  ,other_nodes=     
Hostname=nid006351   , Rank=676  ,Local=0   ,RPN=4   ,CPUs=0-71     ,GPU=0 ,NIC=cxi0 ,numa_nodes=0     ,first_numa=0  ,other_nodes=     
Hostname=nid006406   , Rank=857  ,Local=1   ,RPN=4   ,CPUs=72-143   ,GPU=1 ,NIC=cxi1 ,numa_nodes=1     ,first_numa=1  ,other_nodes=     
Hostname=nid005572   , Rank=16   ,Local=0   ,RPN=4   ,CPUs=0-71     ,GPU=0 ,NIC=cxi0 ,numa_nodes=0     ,first_numa=0  ,other_nodes=     
Hostname=nid006448   , Rank=979  ,Local=3   ,RPN=4   ,CPUs=216-287  ,GPU=3 ,NIC=cxi3 ,numa_nodes=3     ,first_numa=3  ,other_nodes=     
Hostname=nid005570   , Rank=14   ,Local=2   ,RPN=4   ,CPUs=144-215  ,GPU=2 ,NIC=cxi2 ,numa_nodes=2     ,first_numa=2  ,other_nodes=     
Hostname=nid005634   , Rank=187  ,Local=3   ,RPN=4   ,CPUs=216-287  ,GPU=3 ,NIC=cxi3 ,numa_nodes=3     ,first_numa=3  ,other_nodes=     
Hostname=nid005884   , Rank=645  ,Local=1   ,RPN=4   ,CPUs=72-143   ,GPU=1 ,NIC=cxi1 ,numa_nodes=1     ,first_numa=1  ,other_nodes=     
Hostname=nid005846   , Rank=545  ,Local=1   ,RPN=4   ,CPUs=72-143   ,GPU=1 ,NIC=cxi1 ,numa_nodes=1     ,first_numa=1  ,other_nodes=     
Hostname=nid005721   , Rank=342  ,Local=2   ,RPN=4   ,CPUs=144-215  ,GPU=2 ,NIC=cxi2 ,numa_nodes=2     ,first_numa=2  ,other_nodes=     
Hostname=nid006487   , Rank=1021 ,Local=1   ,RPN=4   ,CPUs=72-143   ,GPU=1 ,NIC=cxi1 ,numa_nodes=1     ,first_numa=1  ,other_nodes=     
Hostname=nid005632   , Rank=181  ,Local=1   ,RPN=4   ,CPUs=72-143   ,GPU=1 ,NIC=cxi1 ,numa_nodes=1     ,first_numa=1  ,other_nodes=     
Hostname=nid006426   , Rank=928  ,Local=0   ,RPN=4   ,CPUs=0-71     ,GPU=0 ,NIC=cxi0 ,numa_nodes=0     ,first_numa=0  ,other_nodes=     
Hostname=nid006370   , Rank=731  ,Local=3   ,RPN=4   ,CPUs=216-287  ,GPU=3 ,NIC=cxi3 ,numa_nodes=3     ,first_numa=3  ,other_nodes=     
Hostname=nid005648   , Rank=239  ,Local=3   ,RPN=4   ,CPUs=216-287  ,GPU=3 ,NIC=cxi3 ,numa_nodes=3     ,first_numa=3  ,other_nodes=     
Hostname=nid005620   , Rank=138  ,Local=2   ,RPN=4   ,CPUs=144-215  ,GPU=2 ,NIC=cxi2 ,numa_nodes=2     ,first_numa=2  ,other_nodes=     
Hostname=nid005668   , Rank=302  ,Local=2   ,RPN=4   ,CPUs=144-215  ,GPU=2 ,NIC=cxi2 ,numa_nodes=2     ,first_numa=2  ,other_nodes=     
Hostname=nid006418   , Rank=903  ,Local=3   ,RPN=4   ,CPUs=216-287  ,GPU=3 ,NIC=cxi3 ,numa_nodes=3     ,first_numa=3  ,other_nodes=     
Hostname=nid006385   , Rank=784  ,Local=0   ,RPN=4   ,CPUs=0-71     ,GPU=0 ,NIC=cxi0 ,numa_nodes=0     ,first_numa=0  ,other_nodes=     
Hostname=nid005850   , Rank=558  ,Local=2   ,RPN=4   ,CPUs=144-215  ,GPU=2 ,NIC=cxi2 ,numa_nodes=2     ,first_numa=2  ,other_nodes=     
Hostname=nid005895   , Rank=666  ,Local=2   ,RPN=4   ,CPUs=144-215  ,GPU=2 ,NIC=cxi2 ,numa_nodes=2     ,first_numa=2  ,other_nodes=     
Hostname=nid005857   , Rank=572  ,Local=0   ,RPN=4   ,CPUs=0-71     ,GPU=0 ,NIC=cxi0 ,numa_nodes=0     ,first_numa=0  ,other_nodes=     
Hostname=nid005865   , Rank=603  ,Local=3   ,RPN=4   ,CPUs=216-287  ,GPU=3 ,NIC=cxi3 ,numa_nodes=3     ,first_numa=3  ,other_nodes=     
Hostname=nid006390   , Rank=798  ,Local=2   ,RPN=4   ,CPUs=144-215  ,GPU=2 ,NIC=cxi2 ,numa_nodes=2     ,first_numa=2  ,other_nodes=     
Hostname=nid005866   , Rank=604  ,Local=0   ,RPN=4   ,CPUs=0-71     ,GPU=0 ,NIC=cxi0 ,numa_nodes=0     ,first_numa=0  ,other_nodes=     
Hostname=nid006422   , Rank=919  ,Local=3   ,RPN=4   ,CPUs=216-287  ,GPU=3 ,NIC=cxi3 ,numa_nodes=3     ,first_numa=3  ,other_nodes=     
Hostname=nid006453   , Rank=992  ,Local=0   ,RPN=4   ,CPUs=0-71     ,GPU=0 ,NIC=cxi0 ,numa_nodes=0     ,first_numa=0  ,other_nodes=     
Hostname=nid005592   , Rank=69   ,Local=1   ,RPN=4   ,CPUs=72-143   ,GPU=1 ,NIC=cxi1 ,numa_nodes=1     ,first_numa=1  ,other_nodes=     
Hostname=nid005690   , Rank=329  ,Local=1   ,RPN=4   ,CPUs=72-143   ,GPU=1 ,NIC=cxi1 ,numa_nodes=1     ,first_numa=1  ,other_nodes=     
Hostname=nid006421   , Rank=915  ,Local=3   ,RPN=4   ,CPUs=216-287  ,GPU=3 ,NIC=cxi3 ,numa_nodes=3     ,first_numa=3  ,other_nodes=     
Hostname=nid005644   , Rank=222  ,Local=2   ,RPN=4   ,CPUs=144-215  ,GPU=2 ,NIC=cxi2 ,numa_nodes=2     ,first_numa=2  ,other_nodes=     
Hostname=nid005785   , Rank=356  ,Local=0   ,RPN=4   ,CPUs=0-71     ,GPU=0 ,NIC=cxi0 ,numa_nodes=0     ,first_numa=0  ,other_nodes=     
Hostname=nid005823   , Rank=470  ,Local=2   ,RPN=4   ,CPUs=144-215  ,GPU=2 ,NIC=cxi2 ,numa_nodes=2     ,first_numa=2  ,other_nodes=     
Hostname=nid005850   , Rank=556  ,Local=0   ,RPN=4   ,CPUs=0-71     ,GPU=0 ,NIC=cxi0 ,numa_nodes=0     ,first_numa=0  ,other_nodes=     
Hostname=nid006423   , Rank=923  ,Local=3   ,RPN=4   ,CPUs=216-287  ,GPU=3 ,NIC=cxi3 ,numa_nodes=3     ,first_numa=3  ,other_nodes=     
Hostname=nid005799   , Rank=407  ,Local=3   ,RPN=4   ,CPUs=216-287  ,GPU=3 ,NIC=cxi3 ,numa_nodes=3     ,first_numa=3  ,other_nodes=     
Hostname=nid006417   , Rank=898  ,Local=2   ,RPN=4   ,CPUs=144-215  ,GPU=2 ,NIC=cxi2 ,numa_nodes=2     ,first_numa=2  ,other_nodes=     
Hostname=nid006440   , Rank=963  ,Local=3   ,RPN=4   ,CPUs=216-287  ,GPU=3 ,NIC=cxi3 ,numa_nodes=3     ,first_numa=3  ,other_nodes=     
Hostname=nid006458   , Rank=997  ,Local=1   ,RPN=4   ,CPUs=72-143   ,GPU=1 ,NIC=cxi1 ,numa_nodes=1     ,first_numa=1  ,other_nodes=     
Hostname=nid006458   , Rank=998  ,Local=2   ,RPN=4   ,CPUs=144-215  ,GPU=2 ,NIC=cxi2 ,numa_nodes=2     ,first_numa=2  ,other_nodes=     
Hostname=nid005645   , Rank=226  ,Local=2   ,RPN=4   ,CPUs=144-215  ,GPU=2 ,NIC=cxi2 ,numa_nodes=2     ,first_numa=2  ,other_nodes=     
Hostname=nid005857   , Rank=574  ,Local=2   ,RPN=4   ,CPUs=144-215  ,GPU=2 ,NIC=cxi2 ,numa_nodes=2     ,first_numa=2  ,other_nodes=     
Hostname=nid006437   , Rank=953  ,Local=1   ,RPN=4   ,CPUs=72-143   ,GPU=1 ,NIC=cxi1 ,numa_nodes=1     ,first_numa=1  ,other_nodes=     
Hostname=nid006366   , Rank=717  ,Local=1   ,RPN=4   ,CPUs=72-143   ,GPU=1 ,NIC=cxi1 ,numa_nodes=1     ,first_numa=1  ,other_nodes=     
Hostname=nid006354   , Rank=680  ,Local=0   ,RPN=4   ,CPUs=0-71     ,GPU=0 ,NIC=cxi0 ,numa_nodes=0     ,first_numa=0  ,other_nodes=     
Hostname=nid006351   , Rank=677  ,Local=1   ,RPN=4   ,CPUs=72-143   ,GPU=1 ,NIC=cxi1 ,numa_nodes=1     ,first_numa=1  ,other_nodes=     
Hostname=nid005588   , Rank=63   ,Local=3   ,RPN=4   ,CPUs=216-287  ,GPU=3 ,NIC=cxi3 ,numa_nodes=3     ,first_numa=3  ,other_nodes=     
Hostname=nid005798   , Rank=403  ,Local=3   ,RPN=4   ,CPUs=216-287  ,GPU=3 ,NIC=cxi3 ,numa_nodes=3     ,first_numa=3  ,other_nodes=     
Hostname=nid006405   , Rank=854  ,Local=2   ,RPN=4   ,CPUs=144-215  ,GPU=2 ,NIC=cxi2 ,numa_nodes=2     ,first_numa=2  ,other_nodes=     
Hostname=nid005673   , Rank=319  ,Local=3   ,RPN=4   ,CPUs=216-287  ,GPU=3 ,NIC=cxi3 ,numa_nodes=3     ,first_numa=3  ,other_nodes=     
Hostname=nid005601   , Rank=90   ,Local=2   ,RPN=4   ,CPUs=144-215  ,GPU=2 ,NIC=cxi2 ,numa_nodes=2     ,first_numa=2  ,other_nodes=     
Hostname=nid006393   , Rank=811  ,Local=3   ,RPN=4   ,CPUs=216-287  ,GPU=3 ,NIC=cxi3 ,numa_nodes=3     ,first_numa=3  ,other_nodes=     
Hostname=nid006390   , Rank=799  ,Local=3   ,RPN=4   ,CPUs=216-287  ,GPU=3 ,NIC=cxi3 ,numa_nodes=3     ,first_numa=3  ,other_nodes=     
Hostname=nid006394   , Rank=812  ,Local=0   ,RPN=4   ,CPUs=0-71     ,GPU=0 ,NIC=cxi0 ,numa_nodes=0     ,first_numa=0  ,other_nodes=     
Hostname=nid006432   , Rank=939  ,Local=3   ,RPN=4   ,CPUs=216-287  ,GPU=3 ,NIC=cxi3 ,numa_nodes=3     ,first_numa=3  ,other_nodes=     
Hostname=nid005572   , Rank=19   ,Local=3   ,RPN=4   ,CPUs=216-287  ,GPU=3 ,NIC=cxi3 ,numa_nodes=3     ,first_numa=3  ,other_nodes=     
Hostname=nid006453   , Rank=994  ,Local=2   ,RPN=4   ,CPUs=144-215  ,GPU=2 ,NIC=cxi2 ,numa_nodes=2     ,first_numa=2  ,other_nodes=     
Hostname=nid005866   , Rank=606  ,Local=2   ,RPN=4   ,CPUs=144-215  ,GPU=2 ,NIC=cxi2 ,numa_nodes=2     ,first_numa=2  ,other_nodes=     
Hostname=nid006433   , Rank=942  ,Local=2   ,RPN=4   ,CPUs=144-215  ,GPU=2 ,NIC=cxi2 ,numa_nodes=2     ,first_numa=2  ,other_nodes=     
Hostname=nid006382   , Rank=774  ,Local=2   ,RPN=4   ,CPUs=144-215  ,GPU=2 ,NIC=cxi2 ,numa_nodes=2     ,first_numa=2  ,other_nodes=     
Hostname=nid006370   , Rank=730  ,Local=2   ,RPN=4   ,CPUs=144-215  ,GPU=2 ,NIC=cxi2 ,numa_nodes=2     ,first_numa=2  ,other_nodes=     
Hostname=nid005635   , Rank=190  ,Local=2   ,RPN=4   ,CPUs=144-215  ,GPU=2 ,NIC=cxi2 ,numa_nodes=2     ,first_numa=2  ,other_nodes=     
Hostname=nid005884   , Rank=647  ,Local=3   ,RPN=4   ,CPUs=216-287  ,GPU=3 ,NIC=cxi3 ,numa_nodes=3     ,first_numa=3  ,other_nodes=     
Hostname=nid006358   , Rank=692  ,Local=0   ,RPN=4   ,CPUs=0-71     ,GPU=0 ,NIC=cxi0 ,numa_nodes=0     ,first_numa=0  ,other_nodes=     
Hostname=nid006365   , Rank=712  ,Local=0   ,RPN=4   ,CPUs=0-71     ,GPU=0 ,NIC=cxi0 ,numa_nodes=0     ,first_numa=0  ,other_nodes=     
Hostname=nid005799   , Rank=406  ,Local=2   ,RPN=4   ,CPUs=144-215  ,GPU=2 ,NIC=cxi2 ,numa_nodes=2     ,first_numa=2  ,other_nodes=     
Hostname=nid006365   , Rank=713  ,Local=1   ,RPN=4   ,CPUs=72-143   ,GPU=1 ,NIC=cxi1 ,numa_nodes=1     ,first_numa=1  ,other_nodes=     
Hostname=nid006351   , Rank=678  ,Local=2   ,RPN=4   ,CPUs=144-215  ,GPU=2 ,NIC=cxi2 ,numa_nodes=2     ,first_numa=2  ,other_nodes=     
Hostname=nid005664   , Rank=285  ,Local=1   ,RPN=4   ,CPUs=72-143   ,GPU=1 ,NIC=cxi1 ,numa_nodes=1     ,first_numa=1  ,other_nodes=     
Hostname=nid005644   , Rank=223  ,Local=3   ,RPN=4   ,CPUs=216-287  ,GPU=3 ,NIC=cxi3 ,numa_nodes=3     ,first_numa=3  ,other_nodes=     
Hostname=nid005629   , Rank=170  ,Local=2   ,RPN=4   ,CPUs=144-215  ,GPU=2 ,NIC=cxi2 ,numa_nodes=2     ,first_numa=2  ,other_nodes=     
Hostname=nid005648   , Rank=238  ,Local=2   ,RPN=4   ,CPUs=144-215  ,GPU=2 ,NIC=cxi2 ,numa_nodes=2     ,first_numa=2  ,other_nodes=     
Hostname=nid006426   , Rank=931  ,Local=3   ,RPN=4   ,CPUs=216-287  ,GPU=3 ,NIC=cxi3 ,numa_nodes=3     ,first_numa=3  ,other_nodes=     
Hostname=nid006405   , Rank=855  ,Local=3   ,RPN=4   ,CPUs=216-287  ,GPU=3 ,NIC=cxi3 ,numa_nodes=3     ,first_numa=3  ,other_nodes=     
Hostname=nid005573   , Rank=21   ,Local=1   ,RPN=4   ,CPUs=72-143   ,GPU=1 ,NIC=cxi1 ,numa_nodes=1     ,first_numa=1  ,other_nodes=     
Hostname=nid006421   , Rank=913  ,Local=1   ,RPN=4   ,CPUs=72-143   ,GPU=1 ,NIC=cxi1 ,numa_nodes=1     ,first_numa=1  ,other_nodes=     
Hostname=nid006417   , Rank=897  ,Local=1   ,RPN=4   ,CPUs=72-143   ,GPU=1 ,NIC=cxi1 ,numa_nodes=1     ,first_numa=1  ,other_nodes=     
Hostname=nid006360   , Rank=697  ,Local=1   ,RPN=4   ,CPUs=72-143   ,GPU=1 ,NIC=cxi1 ,numa_nodes=1     ,first_numa=1  ,other_nodes=     
Hostname=nid006382   , Rank=775  ,Local=3   ,RPN=4   ,CPUs=216-287  ,GPU=3 ,NIC=cxi3 ,numa_nodes=3     ,first_numa=3  ,other_nodes=     
Hostname=nid005883   , Rank=641  ,Local=1   ,RPN=4   ,CPUs=72-143   ,GPU=1 ,NIC=cxi1 ,numa_nodes=1     ,first_numa=1  ,other_nodes=     
Hostname=nid006432   , Rank=938  ,Local=2   ,RPN=4   ,CPUs=144-215  ,GPU=2 ,NIC=cxi2 ,numa_nodes=2     ,first_numa=2  ,other_nodes=     
Hostname=nid005831   , Rank=492  ,Local=0   ,RPN=4   ,CPUs=0-71     ,GPU=0 ,NIC=cxi0 ,numa_nodes=0     ,first_numa=0  ,other_nodes=     
Hostname=nid005628   , Rank=165  ,Local=1   ,RPN=4   ,CPUs=72-143   ,GPU=1 ,NIC=cxi1 ,numa_nodes=1     ,first_numa=1  ,other_nodes=     
Hostname=nid005846   , Rank=547  ,Local=3   ,RPN=4   ,CPUs=216-287  ,GPU=3 ,NIC=cxi3 ,numa_nodes=3     ,first_numa=3  ,other_nodes=     
Hostname=nid005601   , Rank=91   ,Local=3   ,RPN=4   ,CPUs=216-287  ,GPU=3 ,NIC=cxi3 ,numa_nodes=3     ,first_numa=3  ,other_nodes=     
Hostname=nid005865   , Rank=601  ,Local=1   ,RPN=4   ,CPUs=72-143   ,GPU=1 ,NIC=cxi1 ,numa_nodes=1     ,first_numa=1  ,other_nodes=     
Hostname=nid006368   , Rank=721  ,Local=1   ,RPN=4   ,CPUs=72-143   ,GPU=1 ,NIC=cxi1 ,numa_nodes=1     ,first_numa=1  ,other_nodes=     
Hostname=nid005857   , Rank=573  ,Local=1   ,RPN=4   ,CPUs=72-143   ,GPU=1 ,NIC=cxi1 ,numa_nodes=1     ,first_numa=1  ,other_nodes=     
Hostname=nid005588   , Rank=62   ,Local=2   ,RPN=4   ,CPUs=144-215  ,GPU=2 ,NIC=cxi2 ,numa_nodes=2     ,first_numa=2  ,other_nodes=     
Hostname=nid005636   , Rank=192  ,Local=0   ,RPN=4   ,CPUs=0-71     ,GPU=0 ,NIC=cxi0 ,numa_nodes=0     ,first_numa=0  ,other_nodes=     
Hostname=nid005817   , Rank=454  ,Local=2   ,RPN=4   ,CPUs=144-215  ,GPU=2 ,NIC=cxi2 ,numa_nodes=2     ,first_numa=2  ,other_nodes=     
Hostname=nid006413   , Rank=885  ,Local=1   ,RPN=4   ,CPUs=72-143   ,GPU=1 ,NIC=cxi1 ,numa_nodes=1     ,first_numa=1  ,other_nodes=     
Hostname=nid005645   , Rank=225  ,Local=1   ,RPN=4   ,CPUs=72-143   ,GPU=1 ,NIC=cxi1 ,numa_nodes=1     ,first_numa=1  ,other_nodes=     
Hostname=nid005890   , Rank=662  ,Local=2   ,RPN=4   ,CPUs=144-215  ,GPU=2 ,NIC=cxi2 ,numa_nodes=2     ,first_numa=2  ,other_nodes=     
Hostname=nid005895   , Rank=664  ,Local=0   ,RPN=4   ,CPUs=0-71     ,GPU=0 ,NIC=cxi0 ,numa_nodes=0     ,first_numa=0  ,other_nodes=     
Hostname=nid006422   , Rank=918  ,Local=2   ,RPN=4   ,CPUs=144-215  ,GPU=2 ,NIC=cxi2 ,numa_nodes=2     ,first_numa=2  ,other_nodes=     
Hostname=nid005599   , Rank=83   ,Local=3   ,RPN=4   ,CPUs=216-287  ,GPU=3 ,NIC=cxi3 ,numa_nodes=3     ,first_numa=3  ,other_nodes=     
Hostname=nid005673   , Rank=316  ,Local=0   ,RPN=4   ,CPUs=0-71     ,GPU=0 ,NIC=cxi0 ,numa_nodes=0     ,first_numa=0  ,other_nodes=     
Hostname=nid006408   , Rank=867  ,Local=3   ,RPN=4   ,CPUs=216-287  ,GPU=3 ,NIC=cxi3 ,numa_nodes=3     ,first_numa=3  ,other_nodes=     
Hostname=nid005638   , Rank=201  ,Local=1   ,RPN=4   ,CPUs=72-143   ,GPU=1 ,NIC=cxi1 ,numa_nodes=1     ,first_numa=1  ,other_nodes=     
Hostname=nid005831   , Rank=493  ,Local=1   ,RPN=4   ,CPUs=72-143   ,GPU=1 ,NIC=cxi1 ,numa_nodes=1     ,first_numa=1  ,other_nodes=     
Hostname=nid005721   , Rank=343  ,Local=3   ,RPN=4   ,CPUs=216-287  ,GPU=3 ,NIC=cxi3 ,numa_nodes=3     ,first_numa=3  ,other_nodes=     
Hostname=nid005609   , Rank=102  ,Local=2   ,RPN=4   ,CPUs=144-215  ,GPU=2 ,NIC=cxi2 ,numa_nodes=2     ,first_numa=2  ,other_nodes=     
Hostname=nid006405   , Rank=852  ,Local=0   ,RPN=4   ,CPUs=0-71     ,GPU=0 ,NIC=cxi0 ,numa_nodes=0     ,first_numa=0  ,other_nodes=     
Hostname=nid005883   , Rank=642  ,Local=2   ,RPN=4   ,CPUs=144-215  ,GPU=2 ,NIC=cxi2 ,numa_nodes=2     ,first_numa=2  ,other_nodes=     
Hostname=nid005846   , Rank=544  ,Local=0   ,RPN=4   ,CPUs=0-71     ,GPU=0 ,NIC=cxi0 ,numa_nodes=0     ,first_numa=0  ,other_nodes=     
Hostname=nid006431   , Rank=934  ,Local=2   ,RPN=4   ,CPUs=144-215  ,GPU=2 ,NIC=cxi2 ,numa_nodes=2     ,first_numa=2  ,other_nodes=     
Hostname=nid005591   , Rank=65   ,Local=1   ,RPN=4   ,CPUs=72-143   ,GPU=1 ,NIC=cxi1 ,numa_nodes=1     ,first_numa=1  ,other_nodes=     
Hostname=nid005867   , Rank=608  ,Local=0   ,RPN=4   ,CPUs=0-71     ,GPU=0 ,NIC=cxi0 ,numa_nodes=0     ,first_numa=0  ,other_nodes=     
Hostname=nid005664   , Rank=287  ,Local=3   ,RPN=4   ,CPUs=216-287  ,GPU=3 ,NIC=cxi3 ,numa_nodes=3     ,first_numa=3  ,other_nodes=     
Hostname=nid006432   , Rank=937  ,Local=1   ,RPN=4   ,CPUs=72-143   ,GPU=1 ,NIC=cxi1 ,numa_nodes=1     ,first_numa=1  ,other_nodes=     
Hostname=nid005862   , Rank=590  ,Local=2   ,RPN=4   ,CPUs=144-215  ,GPU=2 ,NIC=cxi2 ,numa_nodes=2     ,first_numa=2  ,other_nodes=     
Hostname=nid006453   , Rank=995  ,Local=3   ,RPN=4   ,CPUs=216-287  ,GPU=3 ,NIC=cxi3 ,numa_nodes=3     ,first_numa=3  ,other_nodes=     
Hostname=nid006345   , Rank=671  ,Local=3   ,RPN=4   ,CPUs=216-287  ,GPU=3 ,NIC=cxi3 ,numa_nodes=3     ,first_numa=3  ,other_nodes=     
Hostname=nid005865   , Rank=602  ,Local=2   ,RPN=4   ,CPUs=144-215  ,GPU=2 ,NIC=cxi2 ,numa_nodes=2     ,first_numa=2  ,other_nodes=     
Hostname=nid005867   , Rank=609  ,Local=1   ,RPN=4   ,CPUs=72-143   ,GPU=1 ,NIC=cxi1 ,numa_nodes=1     ,first_numa=1  ,other_nodes=     
Hostname=nid006370   , Rank=728  ,Local=0   ,RPN=4   ,CPUs=0-71     ,GPU=0 ,NIC=cxi0 ,numa_nodes=0     ,first_numa=0  ,other_nodes=     
Hostname=nid006366   , Rank=716  ,Local=0   ,RPN=4   ,CPUs=0-71     ,GPU=0 ,NIC=cxi0 ,numa_nodes=0     ,first_numa=0  ,other_nodes=     
Hostname=nid005628   , Rank=164  ,Local=0   ,RPN=4   ,CPUs=0-71     ,GPU=0 ,NIC=cxi0 ,numa_nodes=0     ,first_numa=0  ,other_nodes=     
Hostname=nid006354   , Rank=682  ,Local=2   ,RPN=4   ,CPUs=144-215  ,GPU=2 ,NIC=cxi2 ,numa_nodes=2     ,first_numa=2  ,other_nodes=     
Hostname=nid006382   , Rank=773  ,Local=1   ,RPN=4   ,CPUs=72-143   ,GPU=1 ,NIC=cxi1 ,numa_nodes=1     ,first_numa=1  ,other_nodes=     
Hostname=nid005621   , Rank=143  ,Local=3   ,RPN=4   ,CPUs=216-287  ,GPU=3 ,NIC=cxi3 ,numa_nodes=3     ,first_numa=3  ,other_nodes=     
Hostname=nid005638   , Rank=200  ,Local=0   ,RPN=4   ,CPUs=0-71     ,GPU=0 ,NIC=cxi0 ,numa_nodes=0     ,first_numa=0  ,other_nodes=     
Hostname=nid005886   , Rank=648  ,Local=0   ,RPN=4   ,CPUs=0-71     ,GPU=0 ,NIC=cxi0 ,numa_nodes=0     ,first_numa=0  ,other_nodes=     
Hostname=nid005644   , Rank=221  ,Local=1   ,RPN=4   ,CPUs=72-143   ,GPU=1 ,NIC=cxi1 ,numa_nodes=1     ,first_numa=1  ,other_nodes=     
Hostname=nid006345   , Rank=670  ,Local=2   ,RPN=4   ,CPUs=144-215  ,GPU=2 ,NIC=cxi2 ,numa_nodes=2     ,first_numa=2  ,other_nodes=     
Hostname=nid005799   , Rank=405  ,Local=1   ,RPN=4   ,CPUs=72-143   ,GPU=1 ,NIC=cxi1 ,numa_nodes=1     ,first_numa=1  ,other_nodes=     
Hostname=nid006426   , Rank=929  ,Local=1   ,RPN=4   ,CPUs=72-143   ,GPU=1 ,NIC=cxi1 ,numa_nodes=1     ,first_numa=1  ,other_nodes=     
Hostname=nid005609   , Rank=103  ,Local=3   ,RPN=4   ,CPUs=216-287  ,GPU=3 ,NIC=cxi3 ,numa_nodes=3     ,first_numa=3  ,other_nodes=     
Hostname=nid006408   , Rank=866  ,Local=2   ,RPN=4   ,CPUs=144-215  ,GPU=2 ,NIC=cxi2 ,numa_nodes=2     ,first_numa=2  ,other_nodes=     
Hostname=nid005840   , Rank=520  ,Local=0   ,RPN=4   ,CPUs=0-71     ,GPU=0 ,NIC=cxi0 ,numa_nodes=0     ,first_numa=0  ,other_nodes=     
Hostname=nid005635   , Rank=189  ,Local=1   ,RPN=4   ,CPUs=72-143   ,GPU=1 ,NIC=cxi1 ,numa_nodes=1     ,first_numa=1  ,other_nodes=     
Hostname=nid005853   , Rank=567  ,Local=3   ,RPN=4   ,CPUs=216-287  ,GPU=3 ,NIC=cxi3 ,numa_nodes=3     ,first_numa=3  ,other_nodes=     
Hostname=nid005884   , Rank=646  ,Local=2   ,RPN=4   ,CPUs=144-215  ,GPU=2 ,NIC=cxi2 ,numa_nodes=2     ,first_numa=2  ,other_nodes=     
Hostname=nid006423   , Rank=922  ,Local=2   ,RPN=4   ,CPUs=144-215  ,GPU=2 ,NIC=cxi2 ,numa_nodes=2     ,first_numa=2  ,other_nodes=     
Hostname=nid005890   , Rank=663  ,Local=3   ,RPN=4   ,CPUs=216-287  ,GPU=3 ,NIC=cxi3 ,numa_nodes=3     ,first_numa=3  ,other_nodes=     
Hostname=nid005637   , Rank=199  ,Local=3   ,RPN=4   ,CPUs=216-287  ,GPU=3 ,NIC=cxi3 ,numa_nodes=3     ,first_numa=3  ,other_nodes=     
Hostname=nid005619   , Rank=134  ,Local=2   ,RPN=4   ,CPUs=144-215  ,GPU=2 ,NIC=cxi2 ,numa_nodes=2     ,first_numa=2  ,other_nodes=     
Hostname=nid006422   , Rank=917  ,Local=1   ,RPN=4   ,CPUs=72-143   ,GPU=1 ,NIC=cxi1 ,numa_nodes=1     ,first_numa=1  ,other_nodes=     
Hostname=nid005636   , Rank=195  ,Local=3   ,RPN=4   ,CPUs=216-287  ,GPU=3 ,NIC=cxi3 ,numa_nodes=3     ,first_numa=3  ,other_nodes=     
Hostname=nid005840   , Rank=521  ,Local=1   ,RPN=4   ,CPUs=72-143   ,GPU=1 ,NIC=cxi1 ,numa_nodes=1     ,first_numa=1  ,other_nodes=     
Hostname=nid005865   , Rank=600  ,Local=0   ,RPN=4   ,CPUs=0-71     ,GPU=0 ,NIC=cxi0 ,numa_nodes=0     ,first_numa=0  ,other_nodes=     
Hostname=nid005599   , Rank=82   ,Local=2   ,RPN=4   ,CPUs=144-215  ,GPU=2 ,NIC=cxi2 ,numa_nodes=2     ,first_numa=2  ,other_nodes=     
Hostname=nid006401   , Rank=839  ,Local=3   ,RPN=4   ,CPUs=216-287  ,GPU=3 ,NIC=cxi3 ,numa_nodes=3     ,first_numa=3  ,other_nodes=     
Hostname=nid005862   , Rank=591  ,Local=3   ,RPN=4   ,CPUs=216-287  ,GPU=3 ,NIC=cxi3 ,numa_nodes=3     ,first_numa=3  ,other_nodes=     
Hostname=nid005621   , Rank=142  ,Local=2   ,RPN=4   ,CPUs=144-215  ,GPU=2 ,NIC=cxi2 ,numa_nodes=2     ,first_numa=2  ,other_nodes=     
Hostname=nid005630   , Rank=174  ,Local=2   ,RPN=4   ,CPUs=144-215  ,GPU=2 ,NIC=cxi2 ,numa_nodes=2     ,first_numa=2  ,other_nodes=     
Hostname=nid006401   , Rank=838  ,Local=2   ,RPN=4   ,CPUs=144-215  ,GPU=2 ,NIC=cxi2 ,numa_nodes=2     ,first_numa=2  ,other_nodes=     
Hostname=nid006431   , Rank=935  ,Local=3   ,RPN=4   ,CPUs=216-287  ,GPU=3 ,NIC=cxi3 ,numa_nodes=3     ,first_numa=3  ,other_nodes=     
Hostname=nid005619   , Rank=135  ,Local=3   ,RPN=4   ,CPUs=216-287  ,GPU=3 ,NIC=cxi3 ,numa_nodes=3     ,first_numa=3  ,other_nodes=     
Hostname=nid006377   , Rank=758  ,Local=2   ,RPN=4   ,CPUs=144-215  ,GPU=2 ,NIC=cxi2 ,numa_nodes=2     ,first_numa=2  ,other_nodes=     
Hostname=nid005628   , Rank=167  ,Local=3   ,RPN=4   ,CPUs=216-287  ,GPU=3 ,NIC=cxi3 ,numa_nodes=3     ,first_numa=3  ,other_nodes=     
Hostname=nid006408   , Rank=864  ,Local=0   ,RPN=4   ,CPUs=0-71     ,GPU=0 ,NIC=cxi0 ,numa_nodes=0     ,first_numa=0  ,other_nodes=     
Hostname=nid005637   , Rank=198  ,Local=2   ,RPN=4   ,CPUs=144-215  ,GPU=2 ,NIC=cxi2 ,numa_nodes=2     ,first_numa=2  ,other_nodes=     
Hostname=nid005858   , Rank=579  ,Local=3   ,RPN=4   ,CPUs=216-287  ,GPU=3 ,NIC=cxi3 ,numa_nodes=3     ,first_numa=3  ,other_nodes=     
Hostname=nid006417   , Rank=899  ,Local=3   ,RPN=4   ,CPUs=216-287  ,GPU=3 ,NIC=cxi3 ,numa_nodes=3     ,first_numa=3  ,other_nodes=     
Hostname=nid005591   , Rank=67   ,Local=3   ,RPN=4   ,CPUs=216-287  ,GPU=3 ,NIC=cxi3 ,numa_nodes=3     ,first_numa=3  ,other_nodes=     
Hostname=nid006401   , Rank=837  ,Local=1   ,RPN=4   ,CPUs=72-143   ,GPU=1 ,NIC=cxi1 ,numa_nodes=1     ,first_numa=1  ,other_nodes=     
Hostname=nid006392   , Rank=805  ,Local=1   ,RPN=4   ,CPUs=72-143   ,GPU=1 ,NIC=cxi1 ,numa_nodes=1     ,first_numa=1  ,other_nodes=     
Hostname=nid005619   , Rank=132  ,Local=0   ,RPN=4   ,CPUs=0-71     ,GPU=0 ,NIC=cxi0 ,numa_nodes=0     ,first_numa=0  ,other_nodes=     
Hostname=nid006377   , Rank=759  ,Local=3   ,RPN=4   ,CPUs=216-287  ,GPU=3 ,NIC=cxi3 ,numa_nodes=3     ,first_numa=3  ,other_nodes=     
Hostname=nid006394   , Rank=813  ,Local=1   ,RPN=4   ,CPUs=72-143   ,GPU=1 ,NIC=cxi1 ,numa_nodes=1     ,first_numa=1  ,other_nodes=     
Hostname=nid006354   , Rank=681  ,Local=1   ,RPN=4   ,CPUs=72-143   ,GPU=1 ,NIC=cxi1 ,numa_nodes=1     ,first_numa=1  ,other_nodes=     
Hostname=nid005844   , Rank=537  ,Local=1   ,RPN=4   ,CPUs=72-143   ,GPU=1 ,NIC=cxi1 ,numa_nodes=1     ,first_numa=1  ,other_nodes=     
Hostname=nid005621   , Rank=140  ,Local=0   ,RPN=4   ,CPUs=0-71     ,GPU=0 ,NIC=cxi0 ,numa_nodes=0     ,first_numa=0  ,other_nodes=     
Hostname=nid005817   , Rank=455  ,Local=3   ,RPN=4   ,CPUs=216-287  ,GPU=3 ,NIC=cxi3 ,numa_nodes=3     ,first_numa=3  ,other_nodes=     
Hostname=nid005609   , Rank=101  ,Local=1   ,RPN=4   ,CPUs=72-143   ,GPU=1 ,NIC=cxi1 ,numa_nodes=1     ,first_numa=1  ,other_nodes=     
Hostname=nid006397   , Rank=825  ,Local=1   ,RPN=4   ,CPUs=72-143   ,GPU=1 ,NIC=cxi1 ,numa_nodes=1     ,first_numa=1  ,other_nodes=     
Hostname=nid005831   , Rank=494  ,Local=2   ,RPN=4   ,CPUs=144-215  ,GPU=2 ,NIC=cxi2 ,numa_nodes=2     ,first_numa=2  ,other_nodes=     
Hostname=nid005834   , Rank=499  ,Local=3   ,RPN=4   ,CPUs=216-287  ,GPU=3 ,NIC=cxi3 ,numa_nodes=3     ,first_numa=3  ,other_nodes=     
Hostname=nid005843   , Rank=534  ,Local=2   ,RPN=4   ,CPUs=144-215  ,GPU=2 ,NIC=cxi2 ,numa_nodes=2     ,first_numa=2  ,other_nodes=     
Hostname=nid005658   , Rank=271  ,Local=3   ,RPN=4   ,CPUs=216-287  ,GPU=3 ,NIC=cxi3 ,numa_nodes=3     ,first_numa=3  ,other_nodes=     
Hostname=nid006401   , Rank=836  ,Local=0   ,RPN=4   ,CPUs=0-71     ,GPU=0 ,NIC=cxi0 ,numa_nodes=0     ,first_numa=0  ,other_nodes=     
Hostname=nid005813   , Rank=436  ,Local=0   ,RPN=4   ,CPUs=0-71     ,GPU=0 ,NIC=cxi0 ,numa_nodes=0     ,first_numa=0  ,other_nodes=     
Hostname=nid005862   , Rank=588  ,Local=0   ,RPN=4   ,CPUs=0-71     ,GPU=0 ,NIC=cxi0 ,numa_nodes=0     ,first_numa=0  ,other_nodes=     
Hostname=nid006431   , Rank=933  ,Local=1   ,RPN=4   ,CPUs=72-143   ,GPU=1 ,NIC=cxi1 ,numa_nodes=1     ,first_numa=1  ,other_nodes=     
Hostname=nid005777   , Rank=353  ,Local=1   ,RPN=4   ,CPUs=72-143   ,GPU=1 ,NIC=cxi1 ,numa_nodes=1     ,first_numa=1  ,other_nodes=     
Hostname=nid005840   , Rank=522  ,Local=2   ,RPN=4   ,CPUs=144-215  ,GPU=2 ,NIC=cxi2 ,numa_nodes=2     ,first_numa=2  ,other_nodes=     
Hostname=nid005592   , Rank=70   ,Local=2   ,RPN=4   ,CPUs=144-215  ,GPU=2 ,NIC=cxi2 ,numa_nodes=2     ,first_numa=2  ,other_nodes=     
Hostname=nid006394   , Rank=815  ,Local=3   ,RPN=4   ,CPUs=216-287  ,GPU=3 ,NIC=cxi3 ,numa_nodes=3     ,first_numa=3  ,other_nodes=     
Hostname=nid005886   , Rank=650  ,Local=2   ,RPN=4   ,CPUs=144-215  ,GPU=2 ,NIC=cxi2 ,numa_nodes=2     ,first_numa=2  ,other_nodes=     
Hostname=nid005638   , Rank=202  ,Local=2   ,RPN=4   ,CPUs=144-215  ,GPU=2 ,NIC=cxi2 ,numa_nodes=2     ,first_numa=2  ,other_nodes=     
Hostname=nid005858   , Rank=578  ,Local=2   ,RPN=4   ,CPUs=144-215  ,GPU=2 ,NIC=cxi2 ,numa_nodes=2     ,first_numa=2  ,other_nodes=     
Hostname=nid005575   , Rank=29   ,Local=1   ,RPN=4   ,CPUs=72-143   ,GPU=1 ,NIC=cxi1 ,numa_nodes=1     ,first_numa=1  ,other_nodes=     
Hostname=nid006377   , Rank=756  ,Local=0   ,RPN=4   ,CPUs=0-71     ,GPU=0 ,NIC=cxi0 ,numa_nodes=0     ,first_numa=0  ,other_nodes=     
Hostname=nid005844   , Rank=536  ,Local=0   ,RPN=4   ,CPUs=0-71     ,GPU=0 ,NIC=cxi0 ,numa_nodes=0     ,first_numa=0  ,other_nodes=     
Hostname=nid005874   , Rank=630  ,Local=2   ,RPN=4   ,CPUs=144-215  ,GPU=2 ,NIC=cxi2 ,numa_nodes=2     ,first_numa=2  ,other_nodes=     
Hostname=nid006386   , Rank=789  ,Local=1   ,RPN=4   ,CPUs=72-143   ,GPU=1 ,NIC=cxi1 ,numa_nodes=1     ,first_numa=1  ,other_nodes=     
Hostname=nid005658   , Rank=269  ,Local=1   ,RPN=4   ,CPUs=72-143   ,GPU=1 ,NIC=cxi1 ,numa_nodes=1     ,first_numa=1  ,other_nodes=     
Hostname=nid005818   , Rank=459  ,Local=3   ,RPN=4   ,CPUs=216-287  ,GPU=3 ,NIC=cxi3 ,numa_nodes=3     ,first_numa=3  ,other_nodes=     
Hostname=nid005636   , Rank=194  ,Local=2   ,RPN=4   ,CPUs=144-215  ,GPU=2 ,NIC=cxi2 ,numa_nodes=2     ,first_numa=2  ,other_nodes=     
Hostname=nid005592   , Rank=68   ,Local=0   ,RPN=4   ,CPUs=0-71     ,GPU=0 ,NIC=cxi0 ,numa_nodes=0     ,first_numa=0  ,other_nodes=     
Hostname=nid005872   , Rank=627  ,Local=3   ,RPN=4   ,CPUs=216-287  ,GPU=3 ,NIC=cxi3 ,numa_nodes=3     ,first_numa=3  ,other_nodes=     
Hostname=nid005630   , Rank=175  ,Local=3   ,RPN=4   ,CPUs=216-287  ,GPU=3 ,NIC=cxi3 ,numa_nodes=3     ,first_numa=3  ,other_nodes=     
Hostname=nid005791   , Rank=376  ,Local=0   ,RPN=4   ,CPUs=0-71     ,GPU=0 ,NIC=cxi0 ,numa_nodes=0     ,first_numa=0  ,other_nodes=     
Hostname=nid005828   , Rank=487  ,Local=3   ,RPN=4   ,CPUs=216-287  ,GPU=3 ,NIC=cxi3 ,numa_nodes=3     ,first_numa=3  ,other_nodes=     
Hostname=nid005791   , Rank=377  ,Local=1   ,RPN=4   ,CPUs=72-143   ,GPU=1 ,NIC=cxi1 ,numa_nodes=1     ,first_numa=1  ,other_nodes=     
Hostname=nid006366   , Rank=718  ,Local=2   ,RPN=4   ,CPUs=144-215  ,GPU=2 ,NIC=cxi2 ,numa_nodes=2     ,first_numa=2  ,other_nodes=     
Hostname=nid005834   , Rank=498  ,Local=2   ,RPN=4   ,CPUs=144-215  ,GPU=2 ,NIC=cxi2 ,numa_nodes=2     ,first_numa=2  ,other_nodes=     
Hostname=nid005872   , Rank=626  ,Local=2   ,RPN=4   ,CPUs=144-215  ,GPU=2 ,NIC=cxi2 ,numa_nodes=2     ,first_numa=2  ,other_nodes=     
Hostname=nid005664   , Rank=286  ,Local=2   ,RPN=4   ,CPUs=144-215  ,GPU=2 ,NIC=cxi2 ,numa_nodes=2     ,first_numa=2  ,other_nodes=     
Hostname=nid005860   , Rank=582  ,Local=2   ,RPN=4   ,CPUs=144-215  ,GPU=2 ,NIC=cxi2 ,numa_nodes=2     ,first_numa=2  ,other_nodes=     
Hostname=nid005867   , Rank=611  ,Local=3   ,RPN=4   ,CPUs=216-287  ,GPU=3 ,NIC=cxi3 ,numa_nodes=3     ,first_numa=3  ,other_nodes=     
Hostname=nid006414   , Rank=891  ,Local=3   ,RPN=4   ,CPUs=216-287  ,GPU=3 ,NIC=cxi3 ,numa_nodes=3     ,first_numa=3  ,other_nodes=     
Hostname=nid005813   , Rank=438  ,Local=2   ,RPN=4   ,CPUs=144-215  ,GPU=2 ,NIC=cxi2 ,numa_nodes=2     ,first_numa=2  ,other_nodes=     
Hostname=nid005831   , Rank=495  ,Local=3   ,RPN=4   ,CPUs=216-287  ,GPU=3 ,NIC=cxi3 ,numa_nodes=3     ,first_numa=3  ,other_nodes=     
Hostname=nid006440   , Rank=960  ,Local=0   ,RPN=4   ,CPUs=0-71     ,GPU=0 ,NIC=cxi0 ,numa_nodes=0     ,first_numa=0  ,other_nodes=     
Hostname=nid005591   , Rank=64   ,Local=0   ,RPN=4   ,CPUs=0-71     ,GPU=0 ,NIC=cxi0 ,numa_nodes=0     ,first_numa=0  ,other_nodes=     
Hostname=nid005807   , Rank=422  ,Local=2   ,RPN=4   ,CPUs=144-215  ,GPU=2 ,NIC=cxi2 ,numa_nodes=2     ,first_numa=2  ,other_nodes=     
Hostname=nid005625   , Rank=158  ,Local=2   ,RPN=4   ,CPUs=144-215  ,GPU=2 ,NIC=cxi2 ,numa_nodes=2     ,first_numa=2  ,other_nodes=     
Hostname=nid005834   , Rank=496  ,Local=0   ,RPN=4   ,CPUs=0-71     ,GPU=0 ,NIC=cxi0 ,numa_nodes=0     ,first_numa=0  ,other_nodes=     
Hostname=nid005886   , Rank=649  ,Local=1   ,RPN=4   ,CPUs=72-143   ,GPU=1 ,NIC=cxi1 ,numa_nodes=1     ,first_numa=1  ,other_nodes=     
Hostname=nid005637   , Rank=197  ,Local=1   ,RPN=4   ,CPUs=72-143   ,GPU=1 ,NIC=cxi1 ,numa_nodes=1     ,first_numa=1  ,other_nodes=     
Hostname=nid006414   , Rank=890  ,Local=2   ,RPN=4   ,CPUs=144-215  ,GPU=2 ,NIC=cxi2 ,numa_nodes=2     ,first_numa=2  ,other_nodes=     
Hostname=nid005858   , Rank=576  ,Local=0   ,RPN=4   ,CPUs=0-71     ,GPU=0 ,NIC=cxi0 ,numa_nodes=0     ,first_numa=0  ,other_nodes=     
Hostname=nid005585   , Rank=49   ,Local=1   ,RPN=4   ,CPUs=72-143   ,GPU=1 ,NIC=cxi1 ,numa_nodes=1     ,first_numa=1  ,other_nodes=     
Hostname=nid006413   , Rank=887  ,Local=3   ,RPN=4   ,CPUs=216-287  ,GPU=3 ,NIC=cxi3 ,numa_nodes=3     ,first_numa=3  ,other_nodes=     
Hostname=nid005658   , Rank=268  ,Local=0   ,RPN=4   ,CPUs=0-71     ,GPU=0 ,NIC=cxi0 ,numa_nodes=0     ,first_numa=0  ,other_nodes=     
Hostname=nid006394   , Rank=814  ,Local=2   ,RPN=4   ,CPUs=144-215  ,GPU=2 ,NIC=cxi2 ,numa_nodes=2     ,first_numa=2  ,other_nodes=     
Hostname=nid006404   , Rank=848  ,Local=0   ,RPN=4   ,CPUs=0-71     ,GPU=0 ,NIC=cxi0 ,numa_nodes=0     ,first_numa=0  ,other_nodes=     
Hostname=nid005844   , Rank=538  ,Local=2   ,RPN=4   ,CPUs=144-215  ,GPU=2 ,NIC=cxi2 ,numa_nodes=2     ,first_numa=2  ,other_nodes=     
Hostname=nid006404   , Rank=851  ,Local=3   ,RPN=4   ,CPUs=216-287  ,GPU=3 ,NIC=cxi3 ,numa_nodes=3     ,first_numa=3  ,other_nodes=     
Hostname=nid006404   , Rank=850  ,Local=2   ,RPN=4   ,CPUs=144-215  ,GPU=2 ,NIC=cxi2 ,numa_nodes=2     ,first_numa=2  ,other_nodes=     
Hostname=nid005828   , Rank=486  ,Local=2   ,RPN=4   ,CPUs=144-215  ,GPU=2 ,NIC=cxi2 ,numa_nodes=2     ,first_numa=2  ,other_nodes=     
Hostname=nid005666   , Rank=292  ,Local=0   ,RPN=4   ,CPUs=0-71     ,GPU=0 ,NIC=cxi0 ,numa_nodes=0     ,first_numa=0  ,other_nodes=     
Hostname=nid005791   , Rank=379  ,Local=3   ,RPN=4   ,CPUs=216-287  ,GPU=3 ,NIC=cxi3 ,numa_nodes=3     ,first_numa=3  ,other_nodes=     
Hostname=nid005807   , Rank=423  ,Local=3   ,RPN=4   ,CPUs=216-287  ,GPU=3 ,NIC=cxi3 ,numa_nodes=3     ,first_numa=3  ,other_nodes=     
Hostname=nid006420   , Rank=908  ,Local=0   ,RPN=4   ,CPUs=0-71     ,GPU=0 ,NIC=cxi0 ,numa_nodes=0     ,first_numa=0  ,other_nodes=     
Hostname=nid005666   , Rank=293  ,Local=1   ,RPN=4   ,CPUs=72-143   ,GPU=1 ,NIC=cxi1 ,numa_nodes=1     ,first_numa=1  ,other_nodes=     
Hostname=nid006413   , Rank=884  ,Local=0   ,RPN=4   ,CPUs=0-71     ,GPU=0 ,NIC=cxi0 ,numa_nodes=0     ,first_numa=0  ,other_nodes=     
Hostname=nid006420   , Rank=910  ,Local=2   ,RPN=4   ,CPUs=144-215  ,GPU=2 ,NIC=cxi2 ,numa_nodes=2     ,first_numa=2  ,other_nodes=     
Hostname=nid005807   , Rank=420  ,Local=0   ,RPN=4   ,CPUs=0-71     ,GPU=0 ,NIC=cxi0 ,numa_nodes=0     ,first_numa=0  ,other_nodes=     
Hostname=nid005813   , Rank=437  ,Local=1   ,RPN=4   ,CPUs=72-143   ,GPU=1 ,NIC=cxi1 ,numa_nodes=1     ,first_numa=1  ,other_nodes=     
Hostname=nid005874   , Rank=631  ,Local=3   ,RPN=4   ,CPUs=216-287  ,GPU=3 ,NIC=cxi3 ,numa_nodes=3     ,first_numa=3  ,other_nodes=     
Hostname=nid006392   , Rank=807  ,Local=3   ,RPN=4   ,CPUs=216-287  ,GPU=3 ,NIC=cxi3 ,numa_nodes=3     ,first_numa=3  ,other_nodes=     
Hostname=nid005818   , Rank=458  ,Local=2   ,RPN=4   ,CPUs=144-215  ,GPU=2 ,NIC=cxi2 ,numa_nodes=2     ,first_numa=2  ,other_nodes=     
Hostname=nid005874   , Rank=628  ,Local=0   ,RPN=4   ,CPUs=0-71     ,GPU=0 ,NIC=cxi0 ,numa_nodes=0     ,first_numa=0  ,other_nodes=     
Hostname=nid005575   , Rank=30   ,Local=2   ,RPN=4   ,CPUs=144-215  ,GPU=2 ,NIC=cxi2 ,numa_nodes=2     ,first_numa=2  ,other_nodes=     
Hostname=nid006414   , Rank=889  ,Local=1   ,RPN=4   ,CPUs=72-143   ,GPU=1 ,NIC=cxi1 ,numa_nodes=1     ,first_numa=1  ,other_nodes=     
Hostname=nid005828   , Rank=484  ,Local=0   ,RPN=4   ,CPUs=0-71     ,GPU=0 ,NIC=cxi0 ,numa_nodes=0     ,first_numa=0  ,other_nodes=     
Hostname=nid006369   , Rank=724  ,Local=0   ,RPN=4   ,CPUs=0-71     ,GPU=0 ,NIC=cxi0 ,numa_nodes=0     ,first_numa=0  ,other_nodes=     
Hostname=nid006407   , Rank=861  ,Local=1   ,RPN=4   ,CPUs=72-143   ,GPU=1 ,NIC=cxi1 ,numa_nodes=1     ,first_numa=1  ,other_nodes=     
Hostname=nid005630   , Rank=172  ,Local=0   ,RPN=4   ,CPUs=0-71     ,GPU=0 ,NIC=cxi0 ,numa_nodes=0     ,first_numa=0  ,other_nodes=     
Hostname=nid005629   , Rank=169  ,Local=1   ,RPN=4   ,CPUs=72-143   ,GPU=1 ,NIC=cxi1 ,numa_nodes=1     ,first_numa=1  ,other_nodes=     
Hostname=nid005666   , Rank=295  ,Local=3   ,RPN=4   ,CPUs=216-287  ,GPU=3 ,NIC=cxi3 ,numa_nodes=3     ,first_numa=3  ,other_nodes=     
Hostname=nid005629   , Rank=171  ,Local=3   ,RPN=4   ,CPUs=216-287  ,GPU=3 ,NIC=cxi3 ,numa_nodes=3     ,first_numa=3  ,other_nodes=     
Hostname=nid006391   , Rank=800  ,Local=0   ,RPN=4   ,CPUs=0-71     ,GPU=0 ,NIC=cxi0 ,numa_nodes=0     ,first_numa=0  ,other_nodes=     
Hostname=nid005800   , Rank=410  ,Local=2   ,RPN=4   ,CPUs=144-215  ,GPU=2 ,NIC=cxi2 ,numa_nodes=2     ,first_numa=2  ,other_nodes=     
Hostname=nid006420   , Rank=909  ,Local=1   ,RPN=4   ,CPUs=72-143   ,GPU=1 ,NIC=cxi1 ,numa_nodes=1     ,first_numa=1  ,other_nodes=     
Hostname=nid006391   , Rank=803  ,Local=3   ,RPN=4   ,CPUs=216-287  ,GPU=3 ,NIC=cxi3 ,numa_nodes=3     ,first_numa=3  ,other_nodes=     
Hostname=nid005818   , Rank=457  ,Local=1   ,RPN=4   ,CPUs=72-143   ,GPU=1 ,NIC=cxi1 ,numa_nodes=1     ,first_numa=1  ,other_nodes=     
Hostname=nid006391   , Rank=802  ,Local=2   ,RPN=4   ,CPUs=144-215  ,GPU=2 ,NIC=cxi2 ,numa_nodes=2     ,first_numa=2  ,other_nodes=     
Hostname=nid005839   , Rank=518  ,Local=2   ,RPN=4   ,CPUs=144-215  ,GPU=2 ,NIC=cxi2 ,numa_nodes=2     ,first_numa=2  ,other_nodes=     
Hostname=nid005849   , Rank=552  ,Local=0   ,RPN=4   ,CPUs=0-71     ,GPU=0 ,NIC=cxi0 ,numa_nodes=0     ,first_numa=0  ,other_nodes=     
Hostname=nid006410   , Rank=874  ,Local=2   ,RPN=4   ,CPUs=144-215  ,GPU=2 ,NIC=cxi2 ,numa_nodes=2     ,first_numa=2  ,other_nodes=     
Hostname=nid005575   , Rank=31   ,Local=3   ,RPN=4   ,CPUs=216-287  ,GPU=3 ,NIC=cxi3 ,numa_nodes=3     ,first_numa=3  ,other_nodes=     
Hostname=nid006368   , Rank=720  ,Local=0   ,RPN=4   ,CPUs=0-71     ,GPU=0 ,NIC=cxi0 ,numa_nodes=0     ,first_numa=0  ,other_nodes=     
Hostname=nid005844   , Rank=539  ,Local=3   ,RPN=4   ,CPUs=216-287  ,GPU=3 ,NIC=cxi3 ,numa_nodes=3     ,first_numa=3  ,other_nodes=     
Hostname=nid005607   , Rank=94   ,Local=2   ,RPN=4   ,CPUs=144-215  ,GPU=2 ,NIC=cxi2 ,numa_nodes=2     ,first_numa=2  ,other_nodes=     
Hostname=nid005839   , Rank=519  ,Local=3   ,RPN=4   ,CPUs=216-287  ,GPU=3 ,NIC=cxi3 ,numa_nodes=3     ,first_numa=3  ,other_nodes=     
Hostname=nid005839   , Rank=516  ,Local=0   ,RPN=4   ,CPUs=0-71     ,GPU=0 ,NIC=cxi0 ,numa_nodes=0     ,first_numa=0  ,other_nodes=     
Hostname=nid005794   , Rank=390  ,Local=2   ,RPN=4   ,CPUs=144-215  ,GPU=2 ,NIC=cxi2 ,numa_nodes=2     ,first_numa=2  ,other_nodes=     
Hostname=nid006410   , Rank=872  ,Local=0   ,RPN=4   ,CPUs=0-71     ,GPU=0 ,NIC=cxi0 ,numa_nodes=0     ,first_numa=0  ,other_nodes=     
Hostname=nid006386   , Rank=791  ,Local=3   ,RPN=4   ,CPUs=216-287  ,GPU=3 ,NIC=cxi3 ,numa_nodes=3     ,first_numa=3  ,other_nodes=     
Hostname=nid006368   , Rank=723  ,Local=3   ,RPN=4   ,CPUs=216-287  ,GPU=3 ,NIC=cxi3 ,numa_nodes=3     ,first_numa=3  ,other_nodes=     
Hostname=nid005607   , Rank=95   ,Local=3   ,RPN=4   ,CPUs=216-287  ,GPU=3 ,NIC=cxi3 ,numa_nodes=3     ,first_numa=3  ,other_nodes=     
Hostname=nid006410   , Rank=873  ,Local=1   ,RPN=4   ,CPUs=72-143   ,GPU=1 ,NIC=cxi1 ,numa_nodes=1     ,first_numa=1  ,other_nodes=     
Hostname=nid006413   , Rank=886  ,Local=2   ,RPN=4   ,CPUs=144-215  ,GPU=2 ,NIC=cxi2 ,numa_nodes=2     ,first_numa=2  ,other_nodes=     
Hostname=nid005785   , Rank=357  ,Local=1   ,RPN=4   ,CPUs=72-143   ,GPU=1 ,NIC=cxi1 ,numa_nodes=1     ,first_numa=1  ,other_nodes=     
Hostname=nid006447   , Rank=975  ,Local=3   ,RPN=4   ,CPUs=216-287  ,GPU=3 ,NIC=cxi3 ,numa_nodes=3     ,first_numa=3  ,other_nodes=     
Hostname=nid005625   , Rank=157  ,Local=1   ,RPN=4   ,CPUs=72-143   ,GPU=1 ,NIC=cxi1 ,numa_nodes=1     ,first_numa=1  ,other_nodes=     
Hostname=nid006440   , Rank=962  ,Local=2   ,RPN=4   ,CPUs=144-215  ,GPU=2 ,NIC=cxi2 ,numa_nodes=2     ,first_numa=2  ,other_nodes=     
Hostname=nid005849   , Rank=555  ,Local=3   ,RPN=4   ,CPUs=216-287  ,GPU=3 ,NIC=cxi3 ,numa_nodes=3     ,first_numa=3  ,other_nodes=     
Hostname=nid005785   , Rank=358  ,Local=2   ,RPN=4   ,CPUs=144-215  ,GPU=2 ,NIC=cxi2 ,numa_nodes=2     ,first_numa=2  ,other_nodes=     
Hostname=nid005849   , Rank=553  ,Local=1   ,RPN=4   ,CPUs=72-143   ,GPU=1 ,NIC=cxi1 ,numa_nodes=1     ,first_numa=1  ,other_nodes=     
Hostname=nid005607   , Rank=93   ,Local=1   ,RPN=4   ,CPUs=72-143   ,GPU=1 ,NIC=cxi1 ,numa_nodes=1     ,first_numa=1  ,other_nodes=     
Hostname=nid006392   , Rank=806  ,Local=2   ,RPN=4   ,CPUs=144-215  ,GPU=2 ,NIC=cxi2 ,numa_nodes=2     ,first_numa=2  ,other_nodes=     
Hostname=nid006362   , Rank=703  ,Local=3   ,RPN=4   ,CPUs=216-287  ,GPU=3 ,NIC=cxi3 ,numa_nodes=3     ,first_numa=3  ,other_nodes=     
Hostname=nid006407   , Rank=862  ,Local=2   ,RPN=4   ,CPUs=144-215  ,GPU=2 ,NIC=cxi2 ,numa_nodes=2     ,first_numa=2  ,other_nodes=     
Hostname=nid005690   , Rank=331  ,Local=3   ,RPN=4   ,CPUs=216-287  ,GPU=3 ,NIC=cxi3 ,numa_nodes=3     ,first_numa=3  ,other_nodes=     
Hostname=nid006368   , Rank=722  ,Local=2   ,RPN=4   ,CPUs=144-215  ,GPU=2 ,NIC=cxi2 ,numa_nodes=2     ,first_numa=2  ,other_nodes=     
Hostname=nid005860   , Rank=581  ,Local=1   ,RPN=4   ,CPUs=72-143   ,GPU=1 ,NIC=cxi1 ,numa_nodes=1     ,first_numa=1  ,other_nodes=     
Hostname=nid005624   , Rank=153  ,Local=1   ,RPN=4   ,CPUs=72-143   ,GPU=1 ,NIC=cxi1 ,numa_nodes=1     ,first_numa=1  ,other_nodes=     
Hostname=nid006402   , Rank=843  ,Local=3   ,RPN=4   ,CPUs=216-287  ,GPU=3 ,NIC=cxi3 ,numa_nodes=3     ,first_numa=3  ,other_nodes=     
Hostname=nid005853   , Rank=564  ,Local=0   ,RPN=4   ,CPUs=0-71     ,GPU=0 ,NIC=cxi0 ,numa_nodes=0     ,first_numa=0  ,other_nodes=     
Hostname=nid005641   , Rank=215  ,Local=3   ,RPN=4   ,CPUs=216-287  ,GPU=3 ,NIC=cxi3 ,numa_nodes=3     ,first_numa=3  ,other_nodes=     
Hostname=nid006407   , Rank=860  ,Local=0   ,RPN=4   ,CPUs=0-71     ,GPU=0 ,NIC=cxi0 ,numa_nodes=0     ,first_numa=0  ,other_nodes=     
Hostname=nid006362   , Rank=702  ,Local=2   ,RPN=4   ,CPUs=144-215  ,GPU=2 ,NIC=cxi2 ,numa_nodes=2     ,first_numa=2  ,other_nodes=     
Hostname=nid006362   , Rank=700  ,Local=0   ,RPN=4   ,CPUs=0-71     ,GPU=0 ,NIC=cxi0 ,numa_nodes=0     ,first_numa=0  ,other_nodes=     
Hostname=nid006447   , Rank=973  ,Local=1   ,RPN=4   ,CPUs=72-143   ,GPU=1 ,NIC=cxi1 ,numa_nodes=1     ,first_numa=1  ,other_nodes=     
Hostname=nid005793   , Rank=387  ,Local=3   ,RPN=4   ,CPUs=216-287  ,GPU=3 ,NIC=cxi3 ,numa_nodes=3     ,first_numa=3  ,other_nodes=     
Hostname=nid005853   , Rank=566  ,Local=2   ,RPN=4   ,CPUs=144-215  ,GPU=2 ,NIC=cxi2 ,numa_nodes=2     ,first_numa=2  ,other_nodes=     
Hostname=nid005785   , Rank=359  ,Local=3   ,RPN=4   ,CPUs=216-287  ,GPU=3 ,NIC=cxi3 ,numa_nodes=3     ,first_numa=3  ,other_nodes=     
Hostname=nid005690   , Rank=330  ,Local=2   ,RPN=4   ,CPUs=144-215  ,GPU=2 ,NIC=cxi2 ,numa_nodes=2     ,first_numa=2  ,other_nodes=     
Hostname=nid006447   , Rank=974  ,Local=2   ,RPN=4   ,CPUs=144-215  ,GPU=2 ,NIC=cxi2 ,numa_nodes=2     ,first_numa=2  ,other_nodes=     
Hostname=nid005860   , Rank=583  ,Local=3   ,RPN=4   ,CPUs=216-287  ,GPU=3 ,NIC=cxi3 ,numa_nodes=3     ,first_numa=3  ,other_nodes=     
Hostname=nid005794   , Rank=389  ,Local=1   ,RPN=4   ,CPUs=72-143   ,GPU=1 ,NIC=cxi1 ,numa_nodes=1     ,first_numa=1  ,other_nodes=     
Hostname=nid006440   , Rank=961  ,Local=1   ,RPN=4   ,CPUs=72-143   ,GPU=1 ,NIC=cxi1 ,numa_nodes=1     ,first_numa=1  ,other_nodes=     
Hostname=nid005794   , Rank=391  ,Local=3   ,RPN=4   ,CPUs=216-287  ,GPU=3 ,NIC=cxi3 ,numa_nodes=3     ,first_numa=3  ,other_nodes=     
Hostname=nid005690   , Rank=328  ,Local=0   ,RPN=4   ,CPUs=0-71     ,GPU=0 ,NIC=cxi0 ,numa_nodes=0     ,first_numa=0  ,other_nodes=     
Hostname=nid005860   , Rank=580  ,Local=0   ,RPN=4   ,CPUs=0-71     ,GPU=0 ,NIC=cxi0 ,numa_nodes=0     ,first_numa=0  ,other_nodes=     
Hostname=nid005853   , Rank=565  ,Local=1   ,RPN=4   ,CPUs=72-143   ,GPU=1 ,NIC=cxi1 ,numa_nodes=1     ,first_numa=1  ,other_nodes=     
Hostname=nid005812   , Rank=434  ,Local=2   ,RPN=4   ,CPUs=144-215  ,GPU=2 ,NIC=cxi2 ,numa_nodes=2     ,first_numa=2  ,other_nodes=     
Hostname=nid005812   , Rank=432  ,Local=0   ,RPN=4   ,CPUs=0-71     ,GPU=0 ,NIC=cxi0 ,numa_nodes=0     ,first_numa=0  ,other_nodes=     
Hostname=nid005849   , Rank=554  ,Local=2   ,RPN=4   ,CPUs=144-215  ,GPU=2 ,NIC=cxi2 ,numa_nodes=2     ,first_numa=2  ,other_nodes=     
Hostname=nid006407   , Rank=863  ,Local=3   ,RPN=4   ,CPUs=216-287  ,GPU=3 ,NIC=cxi3 ,numa_nodes=3     ,first_numa=3  ,other_nodes=     
Hostname=nid005812   , Rank=435  ,Local=3   ,RPN=4   ,CPUs=216-287  ,GPU=3 ,NIC=cxi3 ,numa_nodes=3     ,first_numa=3  ,other_nodes=     
Hostname=nid006386   , Rank=790  ,Local=2   ,RPN=4   ,CPUs=144-215  ,GPU=2 ,NIC=cxi2 ,numa_nodes=2     ,first_numa=2  ,other_nodes=     
Hostname=nid006402   , Rank=841  ,Local=1   ,RPN=4   ,CPUs=72-143   ,GPU=1 ,NIC=cxi1 ,numa_nodes=1     ,first_numa=1  ,other_nodes=     
Hostname=nid005843   , Rank=533  ,Local=1   ,RPN=4   ,CPUs=72-143   ,GPU=1 ,NIC=cxi1 ,numa_nodes=1     ,first_numa=1  ,other_nodes=     
Hostname=nid005625   , Rank=159  ,Local=3   ,RPN=4   ,CPUs=216-287  ,GPU=3 ,NIC=cxi3 ,numa_nodes=3     ,first_numa=3  ,other_nodes=     
Hostname=nid006386   , Rank=788  ,Local=0   ,RPN=4   ,CPUs=0-71     ,GPU=0 ,NIC=cxi0 ,numa_nodes=0     ,first_numa=0  ,other_nodes=     
Hostname=nid006402   , Rank=840  ,Local=0   ,RPN=4   ,CPUs=0-71     ,GPU=0 ,NIC=cxi0 ,numa_nodes=0     ,first_numa=0  ,other_nodes=     
Hostname=nid006397   , Rank=826  ,Local=2   ,RPN=4   ,CPUs=144-215  ,GPU=2 ,NIC=cxi2 ,numa_nodes=2     ,first_numa=2  ,other_nodes=     
Hostname=nid005641   , Rank=213  ,Local=1   ,RPN=4   ,CPUs=72-143   ,GPU=1 ,NIC=cxi1 ,numa_nodes=1     ,first_numa=1  ,other_nodes=     
Hostname=nid006369   , Rank=726  ,Local=2   ,RPN=4   ,CPUs=144-215  ,GPU=2 ,NIC=cxi2 ,numa_nodes=2     ,first_numa=2  ,other_nodes=     
Hostname=nid005625   , Rank=156  ,Local=0   ,RPN=4   ,CPUs=0-71     ,GPU=0 ,NIC=cxi0 ,numa_nodes=0     ,first_numa=0  ,other_nodes=     
Hostname=nid005843   , Rank=532  ,Local=0   ,RPN=4   ,CPUs=0-71     ,GPU=0 ,NIC=cxi0 ,numa_nodes=0     ,first_numa=0  ,other_nodes=     
Hostname=nid006395   , Rank=817  ,Local=1   ,RPN=4   ,CPUs=72-143   ,GPU=1 ,NIC=cxi1 ,numa_nodes=1     ,first_numa=1  ,other_nodes=     
Hostname=nid005800   , Rank=411  ,Local=3   ,RPN=4   ,CPUs=216-287  ,GPU=3 ,NIC=cxi3 ,numa_nodes=3     ,first_numa=3  ,other_nodes=     
Hostname=nid006402   , Rank=842  ,Local=2   ,RPN=4   ,CPUs=144-215  ,GPU=2 ,NIC=cxi2 ,numa_nodes=2     ,first_numa=2  ,other_nodes=     
Hostname=nid006369   , Rank=727  ,Local=3   ,RPN=4   ,CPUs=216-287  ,GPU=3 ,NIC=cxi3 ,numa_nodes=3     ,first_numa=3  ,other_nodes=     
Hostname=nid005800   , Rank=408  ,Local=0   ,RPN=4   ,CPUs=0-71     ,GPU=0 ,NIC=cxi0 ,numa_nodes=0     ,first_numa=0  ,other_nodes=     
Hostname=nid006397   , Rank=827  ,Local=3   ,RPN=4   ,CPUs=216-287  ,GPU=3 ,NIC=cxi3 ,numa_nodes=3     ,first_numa=3  ,other_nodes=     
Hostname=nid006487   , Rank=1020 ,Local=0   ,RPN=4   ,CPUs=0-71     ,GPU=0 ,NIC=cxi0 ,numa_nodes=0     ,first_numa=0  ,other_nodes=     
Hostname=nid006397   , Rank=824  ,Local=0   ,RPN=4   ,CPUs=0-71     ,GPU=0 ,NIC=cxi0 ,numa_nodes=0     ,first_numa=0  ,other_nodes=     
Hostname=nid006369   , Rank=725  ,Local=1   ,RPN=4   ,CPUs=72-143   ,GPU=1 ,NIC=cxi1 ,numa_nodes=1     ,first_numa=1  ,other_nodes=     
Hostname=nid006358   , Rank=694  ,Local=2   ,RPN=4   ,CPUs=144-215  ,GPU=2 ,NIC=cxi2 ,numa_nodes=2     ,first_numa=2  ,other_nodes=     
Hostname=nid005777   , Rank=355  ,Local=3   ,RPN=4   ,CPUs=216-287  ,GPU=3 ,NIC=cxi3 ,numa_nodes=3     ,first_numa=3  ,other_nodes=     
Hostname=nid005800   , Rank=409  ,Local=1   ,RPN=4   ,CPUs=72-143   ,GPU=1 ,NIC=cxi1 ,numa_nodes=1     ,first_numa=1  ,other_nodes=     
Hostname=nid005777   , Rank=354  ,Local=2   ,RPN=4   ,CPUs=144-215  ,GPU=2 ,NIC=cxi2 ,numa_nodes=2     ,first_numa=2  ,other_nodes=     
Hostname=nid005777   , Rank=352  ,Local=0   ,RPN=4   ,CPUs=0-71     ,GPU=0 ,NIC=cxi0 ,numa_nodes=0     ,first_numa=0  ,other_nodes=     
Hostname=nid006358   , Rank=695  ,Local=3   ,RPN=4   ,CPUs=216-287  ,GPU=3 ,NIC=cxi3 ,numa_nodes=3     ,first_numa=3  ,other_nodes=     
Hostname=nid006395   , Rank=818  ,Local=2   ,RPN=4   ,CPUs=144-215  ,GPU=2 ,NIC=cxi2 ,numa_nodes=2     ,first_numa=2  ,other_nodes=     
Hostname=nid006358   , Rank=693  ,Local=1   ,RPN=4   ,CPUs=72-143   ,GPU=1 ,NIC=cxi1 ,numa_nodes=1     ,first_numa=1  ,other_nodes=     
Hostname=nid005843   , Rank=535  ,Local=3   ,RPN=4   ,CPUs=216-287  ,GPU=3 ,NIC=cxi3 ,numa_nodes=3     ,first_numa=3  ,other_nodes=     
Hostname=nid006395   , Rank=819  ,Local=3   ,RPN=4   ,CPUs=216-287  ,GPU=3 ,NIC=cxi3 ,numa_nodes=3     ,first_numa=3  ,other_nodes=     
Hostname=nid005624   , Rank=155  ,Local=3   ,RPN=4   ,CPUs=216-287  ,GPU=3 ,NIC=cxi3 ,numa_nodes=3     ,first_numa=3  ,other_nodes=     
Hostname=nid006395   , Rank=816  ,Local=0   ,RPN=4   ,CPUs=0-71     ,GPU=0 ,NIC=cxi0 ,numa_nodes=0     ,first_numa=0  ,other_nodes=     
Hostname=nid006487   , Rank=1023 ,Local=3   ,RPN=4   ,CPUs=216-287  ,GPU=3 ,NIC=cxi3 ,numa_nodes=3     ,first_numa=3  ,other_nodes=     
Hostname=nid005641   , Rank=214  ,Local=2   ,RPN=4   ,CPUs=144-215  ,GPU=2 ,NIC=cxi2 ,numa_nodes=2     ,first_numa=2  ,other_nodes=     
Hostname=nid005585   , Rank=51   ,Local=3   ,RPN=4   ,CPUs=216-287  ,GPU=3 ,NIC=cxi3 ,numa_nodes=3     ,first_numa=3  ,other_nodes=     
Hostname=nid005624   , Rank=154  ,Local=2   ,RPN=4   ,CPUs=144-215  ,GPU=2 ,NIC=cxi2 ,numa_nodes=2     ,first_numa=2  ,other_nodes=     
Hostname=nid005624   , Rank=152  ,Local=0   ,RPN=4   ,CPUs=0-71     ,GPU=0 ,NIC=cxi0 ,numa_nodes=0     ,first_numa=0  ,other_nodes=     
Hostname=nid005585   , Rank=50   ,Local=2   ,RPN=4   ,CPUs=144-215  ,GPU=2 ,NIC=cxi2 ,numa_nodes=2     ,first_numa=2  ,other_nodes=     
Hostname=nid005585   , Rank=48   ,Local=0   ,RPN=4   ,CPUs=0-71     ,GPU=0 ,NIC=cxi0 ,numa_nodes=0     ,first_numa=0  ,other_nodes=     
Hostname=nid005641   , Rank=212  ,Local=0   ,RPN=4   ,CPUs=0-71     ,GPU=0 ,NIC=cxi0 ,numa_nodes=0     ,first_numa=0  ,other_nodes=     
Hostname=nid006487   , Rank=1022 ,Local=2   ,RPN=4   ,CPUs=144-215  ,GPU=2 ,NIC=cxi2 ,numa_nodes=2     ,first_numa=2  ,other_nodes=     
Hostname=nid005647   , Rank=235  ,Local=3   ,RPN=4   ,CPUs=216-287  ,GPU=3 ,NIC=cxi3 ,numa_nodes=3     ,first_numa=3  ,other_nodes=     
Hostname=nid005793   , Rank=385  ,Local=1   ,RPN=4   ,CPUs=72-143   ,GPU=1 ,NIC=cxi1 ,numa_nodes=1     ,first_numa=1  ,other_nodes=     
Hostname=nid005662   , Rank=277  ,Local=1   ,RPN=4   ,CPUs=72-143   ,GPU=1 ,NIC=cxi1 ,numa_nodes=1     ,first_numa=1  ,other_nodes=     
Hostname=nid005793   , Rank=384  ,Local=0   ,RPN=4   ,CPUs=0-71     ,GPU=0 ,NIC=cxi0 ,numa_nodes=0     ,first_numa=0  ,other_nodes=     
Hostname=nid005573   , Rank=20   ,Local=0   ,RPN=4   ,CPUs=0-71     ,GPU=0 ,NIC=cxi0 ,numa_nodes=0     ,first_numa=0  ,other_nodes=     
Hostname=nid005573   , Rank=23   ,Local=3   ,RPN=4   ,CPUs=216-287  ,GPU=3 ,NIC=cxi3 ,numa_nodes=3     ,first_numa=3  ,other_nodes=     
Hostname=nid005793   , Rank=386  ,Local=2   ,RPN=4   ,CPUs=144-215  ,GPU=2 ,NIC=cxi2 ,numa_nodes=2     ,first_numa=2  ,other_nodes=     
Hostname=nid005861   , Rank=584  ,Local=0   ,RPN=4   ,CPUs=0-71     ,GPU=0 ,NIC=cxi0 ,numa_nodes=0     ,first_numa=0  ,other_nodes=     
Hostname=nid006372   , Rank=736  ,Local=0   ,RPN=4   ,CPUs=0-71     ,GPU=0 ,NIC=cxi0 ,numa_nodes=0     ,first_numa=0  ,other_nodes=     
Hostname=nid005573   , Rank=22   ,Local=2   ,RPN=4   ,CPUs=144-215  ,GPU=2 ,NIC=cxi2 ,numa_nodes=2     ,first_numa=2  ,other_nodes=     
Hostname=nid005647   , Rank=233  ,Local=1   ,RPN=4   ,CPUs=72-143   ,GPU=1 ,NIC=cxi1 ,numa_nodes=1     ,first_numa=1  ,other_nodes=     
Hostname=nid005803   , Rank=413  ,Local=1   ,RPN=4   ,CPUs=72-143   ,GPU=1 ,NIC=cxi1 ,numa_nodes=1     ,first_numa=1  ,other_nodes=     
Hostname=nid005647   , Rank=234  ,Local=2   ,RPN=4   ,CPUs=144-215  ,GPU=2 ,NIC=cxi2 ,numa_nodes=2     ,first_numa=2  ,other_nodes=     
Hostname=nid005861   , Rank=586  ,Local=2   ,RPN=4   ,CPUs=144-215  ,GPU=2 ,NIC=cxi2 ,numa_nodes=2     ,first_numa=2  ,other_nodes=     
Hostname=nid005647   , Rank=232  ,Local=0   ,RPN=4   ,CPUs=0-71     ,GPU=0 ,NIC=cxi0 ,numa_nodes=0     ,first_numa=0  ,other_nodes=     
Hostname=nid005851   , Rank=561  ,Local=1   ,RPN=4   ,CPUs=72-143   ,GPU=1 ,NIC=cxi1 ,numa_nodes=1     ,first_numa=1  ,other_nodes=     
Hostname=nid005613   , Rank=114  ,Local=2   ,RPN=4   ,CPUs=144-215  ,GPU=2 ,NIC=cxi2 ,numa_nodes=2     ,first_numa=2  ,other_nodes=     
Hostname=nid005861   , Rank=587  ,Local=3   ,RPN=4   ,CPUs=216-287  ,GPU=3 ,NIC=cxi3 ,numa_nodes=3     ,first_numa=3  ,other_nodes=     
Hostname=nid006398   , Rank=828  ,Local=0   ,RPN=4   ,CPUs=0-71     ,GPU=0 ,NIC=cxi0 ,numa_nodes=0     ,first_numa=0  ,other_nodes=     
Hostname=nid005861   , Rank=585  ,Local=1   ,RPN=4   ,CPUs=72-143   ,GPU=1 ,NIC=cxi1 ,numa_nodes=1     ,first_numa=1  ,other_nodes=     
Hostname=nid005681   , Rank=324  ,Local=0   ,RPN=4   ,CPUs=0-71     ,GPU=0 ,NIC=cxi0 ,numa_nodes=0     ,first_numa=0  ,other_nodes=     
Hostname=nid005671   , Rank=315  ,Local=3   ,RPN=4   ,CPUs=216-287  ,GPU=3 ,NIC=cxi3 ,numa_nodes=3     ,first_numa=3  ,other_nodes=     
Hostname=nid005655   , Rank=263  ,Local=3   ,RPN=4   ,CPUs=216-287  ,GPU=3 ,NIC=cxi3 ,numa_nodes=3     ,first_numa=3  ,other_nodes=     
Hostname=nid005851   , Rank=560  ,Local=0   ,RPN=4   ,CPUs=0-71     ,GPU=0 ,NIC=cxi0 ,numa_nodes=0     ,first_numa=0  ,other_nodes=     
Hostname=nid005851   , Rank=563  ,Local=3   ,RPN=4   ,CPUs=216-287  ,GPU=3 ,NIC=cxi3 ,numa_nodes=3     ,first_numa=3  ,other_nodes=     
Hostname=nid006398   , Rank=831  ,Local=3   ,RPN=4   ,CPUs=216-287  ,GPU=3 ,NIC=cxi3 ,numa_nodes=3     ,first_numa=3  ,other_nodes=     
Hostname=nid005652   , Rank=249  ,Local=1   ,RPN=4   ,CPUs=72-143   ,GPU=1 ,NIC=cxi1 ,numa_nodes=1     ,first_numa=1  ,other_nodes=     
Hostname=nid005671   , Rank=313  ,Local=1   ,RPN=4   ,CPUs=72-143   ,GPU=1 ,NIC=cxi1 ,numa_nodes=1     ,first_numa=1  ,other_nodes=     
Hostname=nid005851   , Rank=562  ,Local=2   ,RPN=4   ,CPUs=144-215  ,GPU=2 ,NIC=cxi2 ,numa_nodes=2     ,first_numa=2  ,other_nodes=     
Hostname=nid006475   , Rank=1009 ,Local=1   ,RPN=4   ,CPUs=72-143   ,GPU=1 ,NIC=cxi1 ,numa_nodes=1     ,first_numa=1  ,other_nodes=     
Hostname=nid005681   , Rank=325  ,Local=1   ,RPN=4   ,CPUs=72-143   ,GPU=1 ,NIC=cxi1 ,numa_nodes=1     ,first_numa=1  ,other_nodes=     
Hostname=nid006398   , Rank=830  ,Local=2   ,RPN=4   ,CPUs=144-215  ,GPU=2 ,NIC=cxi2 ,numa_nodes=2     ,first_numa=2  ,other_nodes=     
Hostname=nid006372   , Rank=737  ,Local=1   ,RPN=4   ,CPUs=72-143   ,GPU=1 ,NIC=cxi1 ,numa_nodes=1     ,first_numa=1  ,other_nodes=     
Hostname=nid005835   , Rank=502  ,Local=2   ,RPN=4   ,CPUs=144-215  ,GPU=2 ,NIC=cxi2 ,numa_nodes=2     ,first_numa=2  ,other_nodes=     
Hostname=nid006372   , Rank=739  ,Local=3   ,RPN=4   ,CPUs=216-287  ,GPU=3 ,NIC=cxi3 ,numa_nodes=3     ,first_numa=3  ,other_nodes=     
Hostname=nid005671   , Rank=314  ,Local=2   ,RPN=4   ,CPUs=144-215  ,GPU=2 ,NIC=cxi2 ,numa_nodes=2     ,first_numa=2  ,other_nodes=     
Hostname=nid006398   , Rank=829  ,Local=1   ,RPN=4   ,CPUs=72-143   ,GPU=1 ,NIC=cxi1 ,numa_nodes=1     ,first_numa=1  ,other_nodes=     
Hostname=nid005671   , Rank=312  ,Local=0   ,RPN=4   ,CPUs=0-71     ,GPU=0 ,NIC=cxi0 ,numa_nodes=0     ,first_numa=0  ,other_nodes=     
Hostname=nid005613   , Rank=113  ,Local=1   ,RPN=4   ,CPUs=72-143   ,GPU=1 ,NIC=cxi1 ,numa_nodes=1     ,first_numa=1  ,other_nodes=     
Hostname=nid005655   , Rank=260  ,Local=0   ,RPN=4   ,CPUs=0-71     ,GPU=0 ,NIC=cxi0 ,numa_nodes=0     ,first_numa=0  ,other_nodes=     
Hostname=nid005613   , Rank=112  ,Local=0   ,RPN=4   ,CPUs=0-71     ,GPU=0 ,NIC=cxi0 ,numa_nodes=0     ,first_numa=0  ,other_nodes=     
Hostname=nid006372   , Rank=738  ,Local=2   ,RPN=4   ,CPUs=144-215  ,GPU=2 ,NIC=cxi2 ,numa_nodes=2     ,first_numa=2  ,other_nodes=     
Hostname=nid005803   , Rank=412  ,Local=0   ,RPN=4   ,CPUs=0-71     ,GPU=0 ,NIC=cxi0 ,numa_nodes=0     ,first_numa=0  ,other_nodes=     
Hostname=nid005652   , Rank=250  ,Local=2   ,RPN=4   ,CPUs=144-215  ,GPU=2 ,NIC=cxi2 ,numa_nodes=2     ,first_numa=2  ,other_nodes=     
Hostname=nid005613   , Rank=115  ,Local=3   ,RPN=4   ,CPUs=216-287  ,GPU=3 ,NIC=cxi3 ,numa_nodes=3     ,first_numa=3  ,other_nodes=     
Hostname=nid005803   , Rank=415  ,Local=3   ,RPN=4   ,CPUs=216-287  ,GPU=3 ,NIC=cxi3 ,numa_nodes=3     ,first_numa=3  ,other_nodes=     
Hostname=nid005655   , Rank=262  ,Local=2   ,RPN=4   ,CPUs=144-215  ,GPU=2 ,NIC=cxi2 ,numa_nodes=2     ,first_numa=2  ,other_nodes=     
Hostname=nid005681   , Rank=326  ,Local=2   ,RPN=4   ,CPUs=144-215  ,GPU=2 ,NIC=cxi2 ,numa_nodes=2     ,first_numa=2  ,other_nodes=     
Hostname=nid005652   , Rank=251  ,Local=3   ,RPN=4   ,CPUs=216-287  ,GPU=3 ,NIC=cxi3 ,numa_nodes=3     ,first_numa=3  ,other_nodes=     
Hostname=nid005681   , Rank=327  ,Local=3   ,RPN=4   ,CPUs=216-287  ,GPU=3 ,NIC=cxi3 ,numa_nodes=3     ,first_numa=3  ,other_nodes=     
Hostname=nid005652   , Rank=248  ,Local=0   ,RPN=4   ,CPUs=0-71     ,GPU=0 ,NIC=cxi0 ,numa_nodes=0     ,first_numa=0  ,other_nodes=     
Hostname=nid005655   , Rank=261  ,Local=1   ,RPN=4   ,CPUs=72-143   ,GPU=1 ,NIC=cxi1 ,numa_nodes=1     ,first_numa=1  ,other_nodes=     
Hostname=nid005803   , Rank=414  ,Local=2   ,RPN=4   ,CPUs=144-215  ,GPU=2 ,NIC=cxi2 ,numa_nodes=2     ,first_numa=2  ,other_nodes=     
Hostname=nid005587   , Rank=56   ,Local=0   ,RPN=4   ,CPUs=0-71     ,GPU=0 ,NIC=cxi0 ,numa_nodes=0     ,first_numa=0  ,other_nodes=     
Hostname=nid005587   , Rank=57   ,Local=1   ,RPN=4   ,CPUs=72-143   ,GPU=1 ,NIC=cxi1 ,numa_nodes=1     ,first_numa=1  ,other_nodes=     
Hostname=nid006475   , Rank=1011 ,Local=3   ,RPN=4   ,CPUs=216-287  ,GPU=3 ,NIC=cxi3 ,numa_nodes=3     ,first_numa=3  ,other_nodes=     
Hostname=nid005662   , Rank=276  ,Local=0   ,RPN=4   ,CPUs=0-71     ,GPU=0 ,NIC=cxi0 ,numa_nodes=0     ,first_numa=0  ,other_nodes=     
Hostname=nid005835   , Rank=500  ,Local=0   ,RPN=4   ,CPUs=0-71     ,GPU=0 ,NIC=cxi0 ,numa_nodes=0     ,first_numa=0  ,other_nodes=     
Hostname=nid006475   , Rank=1010 ,Local=2   ,RPN=4   ,CPUs=144-215  ,GPU=2 ,NIC=cxi2 ,numa_nodes=2     ,first_numa=2  ,other_nodes=     
Hostname=nid005662   , Rank=279  ,Local=3   ,RPN=4   ,CPUs=216-287  ,GPU=3 ,NIC=cxi3 ,numa_nodes=3     ,first_numa=3  ,other_nodes=     
Hostname=nid005662   , Rank=278  ,Local=2   ,RPN=4   ,CPUs=144-215  ,GPU=2 ,NIC=cxi2 ,numa_nodes=2     ,first_numa=2  ,other_nodes=     
Hostname=nid006475   , Rank=1008 ,Local=0   ,RPN=4   ,CPUs=0-71     ,GPU=0 ,NIC=cxi0 ,numa_nodes=0     ,first_numa=0  ,other_nodes=     
Hostname=nid005587   , Rank=59   ,Local=3   ,RPN=4   ,CPUs=216-287  ,GPU=3 ,NIC=cxi3 ,numa_nodes=3     ,first_numa=3  ,other_nodes=     
Hostname=nid005587   , Rank=58   ,Local=2   ,RPN=4   ,CPUs=144-215  ,GPU=2 ,NIC=cxi2 ,numa_nodes=2     ,first_numa=2  ,other_nodes=     
Hostname=nid005835   , Rank=503  ,Local=3   ,RPN=4   ,CPUs=216-287  ,GPU=3 ,NIC=cxi3 ,numa_nodes=3     ,first_numa=3  ,other_nodes=     
Hostname=nid005835   , Rank=501  ,Local=1   ,RPN=4   ,CPUs=72-143   ,GPU=1 ,NIC=cxi1 ,numa_nodes=1     ,first_numa=1  ,other_nodes=     
Hostname=nid006374   , Rank=744  ,Local=0   ,RPN=4   ,CPUs=0-71     ,GPU=0 ,NIC=cxi0 ,numa_nodes=0     ,first_numa=0  ,other_nodes=     
Hostname=nid005881   , Rank=636  ,Local=0   ,RPN=4   ,CPUs=0-71     ,GPU=0 ,NIC=cxi0 ,numa_nodes=0     ,first_numa=0  ,other_nodes=     
Hostname=nid006376   , Rank=752  ,Local=0   ,RPN=4   ,CPUs=0-71     ,GPU=0 ,NIC=cxi0 ,numa_nodes=0     ,first_numa=0  ,other_nodes=     
Hostname=nid005888   , Rank=655  ,Local=3   ,RPN=4   ,CPUs=216-287  ,GPU=3 ,NIC=cxi3 ,numa_nodes=3     ,first_numa=3  ,other_nodes=     
Hostname=nid005665   , Rank=288  ,Local=0   ,RPN=4   ,CPUs=0-71     ,GPU=0 ,NIC=cxi0 ,numa_nodes=0     ,first_numa=0  ,other_nodes=     
Hostname=nid005622   , Rank=144  ,Local=0   ,RPN=4   ,CPUs=0-71     ,GPU=0 ,NIC=cxi0 ,numa_nodes=0     ,first_numa=0  ,other_nodes=     
Hostname=nid005654   , Rank=256  ,Local=0   ,RPN=4   ,CPUs=0-71     ,GPU=0 ,NIC=cxi0 ,numa_nodes=0     ,first_numa=0  ,other_nodes=     
Hostname=nid006449   , Rank=980  ,Local=0   ,RPN=4   ,CPUs=0-71     ,GPU=0 ,NIC=cxi0 ,numa_nodes=0     ,first_numa=0  ,other_nodes=     
Hostname=nid005889   , Rank=659  ,Local=3   ,RPN=4   ,CPUs=216-287  ,GPU=3 ,NIC=cxi3 ,numa_nodes=3     ,first_numa=3  ,other_nodes=     
Hostname=nid006415   , Rank=894  ,Local=2   ,RPN=4   ,CPUs=144-215  ,GPU=2 ,NIC=cxi2 ,numa_nodes=2     ,first_numa=2  ,other_nodes=     
Hostname=nid006436   , Rank=948  ,Local=0   ,RPN=4   ,CPUs=0-71     ,GPU=0 ,NIC=cxi0 ,numa_nodes=0     ,first_numa=0  ,other_nodes=     
Hostname=nid005822   , Rank=465  ,Local=1   ,RPN=4   ,CPUs=72-143   ,GPU=1 ,NIC=cxi1 ,numa_nodes=1     ,first_numa=1  ,other_nodes=     
Hostname=nid005646   , Rank=228  ,Local=0   ,RPN=4   ,CPUs=0-71     ,GPU=0 ,NIC=cxi0 ,numa_nodes=0     ,first_numa=0  ,other_nodes=     
Hostname=nid005788   , Rank=368  ,Local=0   ,RPN=4   ,CPUs=0-71     ,GPU=0 ,NIC=cxi0 ,numa_nodes=0     ,first_numa=0  ,other_nodes=     
Hostname=nid005795   , Rank=393  ,Local=1   ,RPN=4   ,CPUs=72-143   ,GPU=1 ,NIC=cxi1 ,numa_nodes=1     ,first_numa=1  ,other_nodes=     
Hostname=nid005863   , Rank=592  ,Local=0   ,RPN=4   ,CPUs=0-71     ,GPU=0 ,NIC=cxi0 ,numa_nodes=0     ,first_numa=0  ,other_nodes=     
Hostname=nid006450   , Rank=984  ,Local=0   ,RPN=4   ,CPUs=0-71     ,GPU=0 ,NIC=cxi0 ,numa_nodes=0     ,first_numa=0  ,other_nodes=     
Hostname=nid005868   , Rank=613  ,Local=1   ,RPN=4   ,CPUs=72-143   ,GPU=1 ,NIC=cxi1 ,numa_nodes=1     ,first_numa=1  ,other_nodes=     
Hostname=nid006376   , Rank=755  ,Local=3   ,RPN=4   ,CPUs=216-287  ,GPU=3 ,NIC=cxi3 ,numa_nodes=3     ,first_numa=3  ,other_nodes=     
Hostname=nid005677   , Rank=321  ,Local=1   ,RPN=4   ,CPUs=72-143   ,GPU=1 ,NIC=cxi1 ,numa_nodes=1     ,first_numa=1  ,other_nodes=     
Hostname=nid005888   , Rank=653  ,Local=1   ,RPN=4   ,CPUs=72-143   ,GPU=1 ,NIC=cxi1 ,numa_nodes=1     ,first_numa=1  ,other_nodes=     
Hostname=nid005598   , Rank=77   ,Local=1   ,RPN=4   ,CPUs=72-143   ,GPU=1 ,NIC=cxi1 ,numa_nodes=1     ,first_numa=1  ,other_nodes=     
Hostname=nid005815   , Rank=444  ,Local=0   ,RPN=4   ,CPUs=0-71     ,GPU=0 ,NIC=cxi0 ,numa_nodes=0     ,first_numa=0  ,other_nodes=     
Hostname=nid005864   , Rank=596  ,Local=0   ,RPN=4   ,CPUs=0-71     ,GPU=0 ,NIC=cxi0 ,numa_nodes=0     ,first_numa=0  ,other_nodes=     
Hostname=nid006419   , Rank=904  ,Local=0   ,RPN=4   ,CPUs=0-71     ,GPU=0 ,NIC=cxi0 ,numa_nodes=0     ,first_numa=0  ,other_nodes=     
Hostname=nid006425   , Rank=926  ,Local=2   ,RPN=4   ,CPUs=144-215  ,GPU=2 ,NIC=cxi2 ,numa_nodes=2     ,first_numa=2  ,other_nodes=     
Hostname=nid005888   , Rank=654  ,Local=2   ,RPN=4   ,CPUs=144-215  ,GPU=2 ,NIC=cxi2 ,numa_nodes=2     ,first_numa=2  ,other_nodes=     
Hostname=nid005790   , Rank=372  ,Local=0   ,RPN=4   ,CPUs=0-71     ,GPU=0 ,NIC=cxi0 ,numa_nodes=0     ,first_numa=0  ,other_nodes=     
Hostname=nid006384   , Rank=782  ,Local=2   ,RPN=4   ,CPUs=144-215  ,GPU=2 ,NIC=cxi2 ,numa_nodes=2     ,first_numa=2  ,other_nodes=     
Hostname=nid005593   , Rank=72   ,Local=0   ,RPN=4   ,CPUs=0-71     ,GPU=0 ,NIC=cxi0 ,numa_nodes=0     ,first_numa=0  ,other_nodes=     
Hostname=nid005569   , Rank=10   ,Local=2   ,RPN=4   ,CPUs=144-215  ,GPU=2 ,NIC=cxi2 ,numa_nodes=2     ,first_numa=2  ,other_nodes=     
Hostname=nid005881   , Rank=637  ,Local=1   ,RPN=4   ,CPUs=72-143   ,GPU=1 ,NIC=cxi1 ,numa_nodes=1     ,first_numa=1  ,other_nodes=     
Hostname=nid005769   , Rank=350  ,Local=2   ,RPN=4   ,CPUs=144-215  ,GPU=2 ,NIC=cxi2 ,numa_nodes=2     ,first_numa=2  ,other_nodes=     
Hostname=nid005827   , Rank=480  ,Local=0   ,RPN=4   ,CPUs=0-71     ,GPU=0 ,NIC=cxi0 ,numa_nodes=0     ,first_numa=0  ,other_nodes=     
Hostname=nid006374   , Rank=745  ,Local=1   ,RPN=4   ,CPUs=72-143   ,GPU=1 ,NIC=cxi1 ,numa_nodes=1     ,first_numa=1  ,other_nodes=     
Hostname=nid005871   , Rank=621  ,Local=1   ,RPN=4   ,CPUs=72-143   ,GPU=1 ,NIC=cxi1 ,numa_nodes=1     ,first_numa=1  ,other_nodes=     
Hostname=nid006411   , Rank=877  ,Local=1   ,RPN=4   ,CPUs=72-143   ,GPU=1 ,NIC=cxi1 ,numa_nodes=1     ,first_numa=1  ,other_nodes=     
Hostname=nid006376   , Rank=754  ,Local=2   ,RPN=4   ,CPUs=144-215  ,GPU=2 ,NIC=cxi2 ,numa_nodes=2     ,first_numa=2  ,other_nodes=     
Hostname=nid006411   , Rank=876  ,Local=0   ,RPN=4   ,CPUs=0-71     ,GPU=0 ,NIC=cxi0 ,numa_nodes=0     ,first_numa=0  ,other_nodes=     
Hostname=nid006376   , Rank=753  ,Local=1   ,RPN=4   ,CPUs=72-143   ,GPU=1 ,NIC=cxi1 ,numa_nodes=1     ,first_numa=1  ,other_nodes=     
Hostname=nid005790   , Rank=373  ,Local=1   ,RPN=4   ,CPUs=72-143   ,GPU=1 ,NIC=cxi1 ,numa_nodes=1     ,first_numa=1  ,other_nodes=     
Hostname=nid005622   , Rank=145  ,Local=1   ,RPN=4   ,CPUs=72-143   ,GPU=1 ,NIC=cxi1 ,numa_nodes=1     ,first_numa=1  ,other_nodes=     
Hostname=nid005669   , Rank=306  ,Local=2   ,RPN=4   ,CPUs=144-215  ,GPU=2 ,NIC=cxi2 ,numa_nodes=2     ,first_numa=2  ,other_nodes=     
Hostname=nid005888   , Rank=652  ,Local=0   ,RPN=4   ,CPUs=0-71     ,GPU=0 ,NIC=cxi0 ,numa_nodes=0     ,first_numa=0  ,other_nodes=     
Hostname=nid005889   , Rank=656  ,Local=0   ,RPN=4   ,CPUs=0-71     ,GPU=0 ,NIC=cxi0 ,numa_nodes=0     ,first_numa=0  ,other_nodes=     
Hostname=nid005864   , Rank=597  ,Local=1   ,RPN=4   ,CPUs=72-143   ,GPU=1 ,NIC=cxi1 ,numa_nodes=1     ,first_numa=1  ,other_nodes=     
Hostname=nid005881   , Rank=639  ,Local=3   ,RPN=4   ,CPUs=216-287  ,GPU=3 ,NIC=cxi3 ,numa_nodes=3     ,first_numa=3  ,other_nodes=     
Hostname=nid006384   , Rank=780  ,Local=0   ,RPN=4   ,CPUs=0-71     ,GPU=0 ,NIC=cxi0 ,numa_nodes=0     ,first_numa=0  ,other_nodes=     
Hostname=nid006436   , Rank=949  ,Local=1   ,RPN=4   ,CPUs=72-143   ,GPU=1 ,NIC=cxi1 ,numa_nodes=1     ,first_numa=1  ,other_nodes=     
Hostname=nid006411   , Rank=878  ,Local=2   ,RPN=4   ,CPUs=144-215  ,GPU=2 ,NIC=cxi2 ,numa_nodes=2     ,first_numa=2  ,other_nodes=     
Hostname=nid005881   , Rank=638  ,Local=2   ,RPN=4   ,CPUs=144-215  ,GPU=2 ,NIC=cxi2 ,numa_nodes=2     ,first_numa=2  ,other_nodes=     
Hostname=nid005889   , Rank=658  ,Local=2   ,RPN=4   ,CPUs=144-215  ,GPU=2 ,NIC=cxi2 ,numa_nodes=2     ,first_numa=2  ,other_nodes=     
Hostname=nid005808   , Rank=424  ,Local=0   ,RPN=4   ,CPUs=0-71     ,GPU=0 ,NIC=cxi0 ,numa_nodes=0     ,first_numa=0  ,other_nodes=     
Hostname=nid006380   , Rank=765  ,Local=1   ,RPN=4   ,CPUs=72-143   ,GPU=1 ,NIC=cxi1 ,numa_nodes=1     ,first_numa=1  ,other_nodes=     
Hostname=nid005622   , Rank=147  ,Local=3   ,RPN=4   ,CPUs=216-287  ,GPU=3 ,NIC=cxi3 ,numa_nodes=3     ,first_numa=3  ,other_nodes=     
Hostname=nid005790   , Rank=375  ,Local=3   ,RPN=4   ,CPUs=216-287  ,GPU=3 ,NIC=cxi3 ,numa_nodes=3     ,first_numa=3  ,other_nodes=     
Hostname=nid005788   , Rank=370  ,Local=2   ,RPN=4   ,CPUs=144-215  ,GPU=2 ,NIC=cxi2 ,numa_nodes=2     ,first_numa=2  ,other_nodes=     
Hostname=nid006415   , Rank=892  ,Local=0   ,RPN=4   ,CPUs=0-71     ,GPU=0 ,NIC=cxi0 ,numa_nodes=0     ,first_numa=0  ,other_nodes=     
Hostname=nid005864   , Rank=599  ,Local=3   ,RPN=4   ,CPUs=216-287  ,GPU=3 ,NIC=cxi3 ,numa_nodes=3     ,first_numa=3  ,other_nodes=     
Hostname=nid006384   , Rank=781  ,Local=1   ,RPN=4   ,CPUs=72-143   ,GPU=1 ,NIC=cxi1 ,numa_nodes=1     ,first_numa=1  ,other_nodes=     
Hostname=nid005889   , Rank=657  ,Local=1   ,RPN=4   ,CPUs=72-143   ,GPU=1 ,NIC=cxi1 ,numa_nodes=1     ,first_numa=1  ,other_nodes=     
Hostname=nid006425   , Rank=925  ,Local=1   ,RPN=4   ,CPUs=72-143   ,GPU=1 ,NIC=cxi1 ,numa_nodes=1     ,first_numa=1  ,other_nodes=     
Hostname=nid005788   , Rank=371  ,Local=3   ,RPN=4   ,CPUs=216-287  ,GPU=3 ,NIC=cxi3 ,numa_nodes=3     ,first_numa=3  ,other_nodes=     
Hostname=nid005825   , Rank=475  ,Local=3   ,RPN=4   ,CPUs=216-287  ,GPU=3 ,NIC=cxi3 ,numa_nodes=3     ,first_numa=3  ,other_nodes=     
Hostname=nid006374   , Rank=746  ,Local=2   ,RPN=4   ,CPUs=144-215  ,GPU=2 ,NIC=cxi2 ,numa_nodes=2     ,first_numa=2  ,other_nodes=     
Hostname=nid005822   , Rank=464  ,Local=0   ,RPN=4   ,CPUs=0-71     ,GPU=0 ,NIC=cxi0 ,numa_nodes=0     ,first_numa=0  ,other_nodes=     
Hostname=nid006374   , Rank=747  ,Local=3   ,RPN=4   ,CPUs=216-287  ,GPU=3 ,NIC=cxi3 ,numa_nodes=3     ,first_numa=3  ,other_nodes=     
Hostname=nid005790   , Rank=374  ,Local=2   ,RPN=4   ,CPUs=144-215  ,GPU=2 ,NIC=cxi2 ,numa_nodes=2     ,first_numa=2  ,other_nodes=     
Hostname=nid005622   , Rank=146  ,Local=2   ,RPN=4   ,CPUs=144-215  ,GPU=2 ,NIC=cxi2 ,numa_nodes=2     ,first_numa=2  ,other_nodes=     
Hostname=nid005665   , Rank=290  ,Local=2   ,RPN=4   ,CPUs=144-215  ,GPU=2 ,NIC=cxi2 ,numa_nodes=2     ,first_numa=2  ,other_nodes=     
Hostname=nid006425   , Rank=924  ,Local=0   ,RPN=4   ,CPUs=0-71     ,GPU=0 ,NIC=cxi0 ,numa_nodes=0     ,first_numa=0  ,other_nodes=     
Hostname=nid006449   , Rank=983  ,Local=3   ,RPN=4   ,CPUs=216-287  ,GPU=3 ,NIC=cxi3 ,numa_nodes=3     ,first_numa=3  ,other_nodes=     
Hostname=nid006411   , Rank=879  ,Local=3   ,RPN=4   ,CPUs=216-287  ,GPU=3 ,NIC=cxi3 ,numa_nodes=3     ,first_numa=3  ,other_nodes=     
Hostname=nid005815   , Rank=446  ,Local=2   ,RPN=4   ,CPUs=144-215  ,GPU=2 ,NIC=cxi2 ,numa_nodes=2     ,first_numa=2  ,other_nodes=     
Hostname=nid005868   , Rank=615  ,Local=3   ,RPN=4   ,CPUs=216-287  ,GPU=3 ,NIC=cxi3 ,numa_nodes=3     ,first_numa=3  ,other_nodes=     
Hostname=nid005822   , Rank=467  ,Local=3   ,RPN=4   ,CPUs=216-287  ,GPU=3 ,NIC=cxi3 ,numa_nodes=3     ,first_numa=3  ,other_nodes=     
Hostname=nid005732   , Rank=345  ,Local=1   ,RPN=4   ,CPUs=72-143   ,GPU=1 ,NIC=cxi1 ,numa_nodes=1     ,first_numa=1  ,other_nodes=     
Hostname=nid005654   , Rank=259  ,Local=3   ,RPN=4   ,CPUs=216-287  ,GPU=3 ,NIC=cxi3 ,numa_nodes=3     ,first_numa=3  ,other_nodes=     
Hostname=nid005863   , Rank=594  ,Local=2   ,RPN=4   ,CPUs=144-215  ,GPU=2 ,NIC=cxi2 ,numa_nodes=2     ,first_numa=2  ,other_nodes=     
Hostname=nid006436   , Rank=951  ,Local=3   ,RPN=4   ,CPUs=216-287  ,GPU=3 ,NIC=cxi3 ,numa_nodes=3     ,first_numa=3  ,other_nodes=     
Hostname=nid005788   , Rank=369  ,Local=1   ,RPN=4   ,CPUs=72-143   ,GPU=1 ,NIC=cxi1 ,numa_nodes=1     ,first_numa=1  ,other_nodes=     
Hostname=nid005864   , Rank=598  ,Local=2   ,RPN=4   ,CPUs=144-215  ,GPU=2 ,NIC=cxi2 ,numa_nodes=2     ,first_numa=2  ,other_nodes=     
Hostname=nid005646   , Rank=230  ,Local=2   ,RPN=4   ,CPUs=144-215  ,GPU=2 ,NIC=cxi2 ,numa_nodes=2     ,first_numa=2  ,other_nodes=     
Hostname=nid006449   , Rank=982  ,Local=2   ,RPN=4   ,CPUs=144-215  ,GPU=2 ,NIC=cxi2 ,numa_nodes=2     ,first_numa=2  ,other_nodes=     
Hostname=nid005815   , Rank=447  ,Local=3   ,RPN=4   ,CPUs=216-287  ,GPU=3 ,NIC=cxi3 ,numa_nodes=3     ,first_numa=3  ,other_nodes=     
Hostname=nid006436   , Rank=950  ,Local=2   ,RPN=4   ,CPUs=144-215  ,GPU=2 ,NIC=cxi2 ,numa_nodes=2     ,first_numa=2  ,other_nodes=     
Hostname=nid005827   , Rank=483  ,Local=3   ,RPN=4   ,CPUs=216-287  ,GPU=3 ,NIC=cxi3 ,numa_nodes=3     ,first_numa=3  ,other_nodes=     
Hostname=nid005868   , Rank=614  ,Local=2   ,RPN=4   ,CPUs=144-215  ,GPU=2 ,NIC=cxi2 ,numa_nodes=2     ,first_numa=2  ,other_nodes=     
Hostname=nid005808   , Rank=427  ,Local=3   ,RPN=4   ,CPUs=216-287  ,GPU=3 ,NIC=cxi3 ,numa_nodes=3     ,first_numa=3  ,other_nodes=     
Hostname=nid005822   , Rank=466  ,Local=2   ,RPN=4   ,CPUs=144-215  ,GPU=2 ,NIC=cxi2 ,numa_nodes=2     ,first_numa=2  ,other_nodes=     
Hostname=nid006415   , Rank=895  ,Local=3   ,RPN=4   ,CPUs=216-287  ,GPU=3 ,NIC=cxi3 ,numa_nodes=3     ,first_numa=3  ,other_nodes=     
Hostname=nid005646   , Rank=231  ,Local=3   ,RPN=4   ,CPUs=216-287  ,GPU=3 ,NIC=cxi3 ,numa_nodes=3     ,first_numa=3  ,other_nodes=     
Hostname=nid006384   , Rank=783  ,Local=3   ,RPN=4   ,CPUs=216-287  ,GPU=3 ,NIC=cxi3 ,numa_nodes=3     ,first_numa=3  ,other_nodes=     
Hostname=nid006415   , Rank=893  ,Local=1   ,RPN=4   ,CPUs=72-143   ,GPU=1 ,NIC=cxi1 ,numa_nodes=1     ,first_numa=1  ,other_nodes=     
Hostname=nid006449   , Rank=981  ,Local=1   ,RPN=4   ,CPUs=72-143   ,GPU=1 ,NIC=cxi1 ,numa_nodes=1     ,first_numa=1  ,other_nodes=     
Hostname=nid006425   , Rank=927  ,Local=3   ,RPN=4   ,CPUs=216-287  ,GPU=3 ,NIC=cxi3 ,numa_nodes=3     ,first_numa=3  ,other_nodes=     
Hostname=nid006381   , Rank=769  ,Local=1   ,RPN=4   ,CPUs=72-143   ,GPU=1 ,NIC=cxi1 ,numa_nodes=1     ,first_numa=1  ,other_nodes=     
Hostname=nid005868   , Rank=612  ,Local=0   ,RPN=4   ,CPUs=0-71     ,GPU=0 ,NIC=cxi0 ,numa_nodes=0     ,first_numa=0  ,other_nodes=     
Hostname=nid005665   , Rank=289  ,Local=1   ,RPN=4   ,CPUs=72-143   ,GPU=1 ,NIC=cxi1 ,numa_nodes=1     ,first_numa=1  ,other_nodes=     
Hostname=nid006380   , Rank=766  ,Local=2   ,RPN=4   ,CPUs=144-215  ,GPU=2 ,NIC=cxi2 ,numa_nodes=2     ,first_numa=2  ,other_nodes=     
Hostname=nid005614   , Rank=116  ,Local=0   ,RPN=4   ,CPUs=0-71     ,GPU=0 ,NIC=cxi0 ,numa_nodes=0     ,first_numa=0  ,other_nodes=     
Hostname=nid005569   , Rank=9    ,Local=1   ,RPN=4   ,CPUs=72-143   ,GPU=1 ,NIC=cxi1 ,numa_nodes=1     ,first_numa=1  ,other_nodes=     
Hostname=nid005654   , Rank=258  ,Local=2   ,RPN=4   ,CPUs=144-215  ,GPU=2 ,NIC=cxi2 ,numa_nodes=2     ,first_numa=2  ,other_nodes=     
Hostname=nid005593   , Rank=73   ,Local=1   ,RPN=4   ,CPUs=72-143   ,GPU=1 ,NIC=cxi1 ,numa_nodes=1     ,first_numa=1  ,other_nodes=     
Hostname=nid005808   , Rank=426  ,Local=2   ,RPN=4   ,CPUs=144-215  ,GPU=2 ,NIC=cxi2 ,numa_nodes=2     ,first_numa=2  ,other_nodes=     
Hostname=nid005863   , Rank=595  ,Local=3   ,RPN=4   ,CPUs=216-287  ,GPU=3 ,NIC=cxi3 ,numa_nodes=3     ,first_numa=3  ,other_nodes=     
Hostname=nid005815   , Rank=445  ,Local=1   ,RPN=4   ,CPUs=72-143   ,GPU=1 ,NIC=cxi1 ,numa_nodes=1     ,first_numa=1  ,other_nodes=     
Hostname=nid005665   , Rank=291  ,Local=3   ,RPN=4   ,CPUs=216-287  ,GPU=3 ,NIC=cxi3 ,numa_nodes=3     ,first_numa=3  ,other_nodes=     
Hostname=nid005569   , Rank=8    ,Local=0   ,RPN=4   ,CPUs=0-71     ,GPU=0 ,NIC=cxi0 ,numa_nodes=0     ,first_numa=0  ,other_nodes=     
Hostname=nid005670   , Rank=308  ,Local=0   ,RPN=4   ,CPUs=0-71     ,GPU=0 ,NIC=cxi0 ,numa_nodes=0     ,first_numa=0  ,other_nodes=     
Hostname=nid005646   , Rank=229  ,Local=1   ,RPN=4   ,CPUs=72-143   ,GPU=1 ,NIC=cxi1 ,numa_nodes=1     ,first_numa=1  ,other_nodes=     
Hostname=nid005654   , Rank=257  ,Local=1   ,RPN=4   ,CPUs=72-143   ,GPU=1 ,NIC=cxi1 ,numa_nodes=1     ,first_numa=1  ,other_nodes=     
Hostname=nid005598   , Rank=76   ,Local=0   ,RPN=4   ,CPUs=0-71     ,GPU=0 ,NIC=cxi0 ,numa_nodes=0     ,first_numa=0  ,other_nodes=     
Hostname=nid005795   , Rank=392  ,Local=0   ,RPN=4   ,CPUs=0-71     ,GPU=0 ,NIC=cxi0 ,numa_nodes=0     ,first_numa=0  ,other_nodes=     
Hostname=nid005825   , Rank=473  ,Local=1   ,RPN=4   ,CPUs=72-143   ,GPU=1 ,NIC=cxi1 ,numa_nodes=1     ,first_numa=1  ,other_nodes=     
Hostname=nid005827   , Rank=482  ,Local=2   ,RPN=4   ,CPUs=144-215  ,GPU=2 ,NIC=cxi2 ,numa_nodes=2     ,first_numa=2  ,other_nodes=     
Hostname=nid005593   , Rank=74   ,Local=2   ,RPN=4   ,CPUs=144-215  ,GPU=2 ,NIC=cxi2 ,numa_nodes=2     ,first_numa=2  ,other_nodes=     
Hostname=nid006412   , Rank=883  ,Local=3   ,RPN=4   ,CPUs=216-287  ,GPU=3 ,NIC=cxi3 ,numa_nodes=3     ,first_numa=3  ,other_nodes=     
Hostname=nid005863   , Rank=593  ,Local=1   ,RPN=4   ,CPUs=72-143   ,GPU=1 ,NIC=cxi1 ,numa_nodes=1     ,first_numa=1  ,other_nodes=     
Hostname=nid005871   , Rank=623  ,Local=3   ,RPN=4   ,CPUs=216-287  ,GPU=3 ,NIC=cxi3 ,numa_nodes=3     ,first_numa=3  ,other_nodes=     
Hostname=nid005827   , Rank=481  ,Local=1   ,RPN=4   ,CPUs=72-143   ,GPU=1 ,NIC=cxi1 ,numa_nodes=1     ,first_numa=1  ,other_nodes=     
Hostname=nid005808   , Rank=425  ,Local=1   ,RPN=4   ,CPUs=72-143   ,GPU=1 ,NIC=cxi1 ,numa_nodes=1     ,first_numa=1  ,other_nodes=     
Hostname=nid005795   , Rank=395  ,Local=3   ,RPN=4   ,CPUs=216-287  ,GPU=3 ,NIC=cxi3 ,numa_nodes=3     ,first_numa=3  ,other_nodes=     
Hostname=nid005598   , Rank=78   ,Local=2   ,RPN=4   ,CPUs=144-215  ,GPU=2 ,NIC=cxi2 ,numa_nodes=2     ,first_numa=2  ,other_nodes=     
Hostname=nid005871   , Rank=622  ,Local=2   ,RPN=4   ,CPUs=144-215  ,GPU=2 ,NIC=cxi2 ,numa_nodes=2     ,first_numa=2  ,other_nodes=     
Hostname=nid006355   , Rank=685  ,Local=1   ,RPN=4   ,CPUs=72-143   ,GPU=1 ,NIC=cxi1 ,numa_nodes=1     ,first_numa=1  ,other_nodes=     
Hostname=nid006450   , Rank=986  ,Local=2   ,RPN=4   ,CPUs=144-215  ,GPU=2 ,NIC=cxi2 ,numa_nodes=2     ,first_numa=2  ,other_nodes=     
Hostname=nid005569   , Rank=11   ,Local=3   ,RPN=4   ,CPUs=216-287  ,GPU=3 ,NIC=cxi3 ,numa_nodes=3     ,first_numa=3  ,other_nodes=     
Hostname=nid005871   , Rank=620  ,Local=0   ,RPN=4   ,CPUs=0-71     ,GPU=0 ,NIC=cxi0 ,numa_nodes=0     ,first_numa=0  ,other_nodes=     
Hostname=nid005825   , Rank=472  ,Local=0   ,RPN=4   ,CPUs=0-71     ,GPU=0 ,NIC=cxi0 ,numa_nodes=0     ,first_numa=0  ,other_nodes=     
Hostname=nid005593   , Rank=75   ,Local=3   ,RPN=4   ,CPUs=216-287  ,GPU=3 ,NIC=cxi3 ,numa_nodes=3     ,first_numa=3  ,other_nodes=     
Hostname=nid005598   , Rank=79   ,Local=3   ,RPN=4   ,CPUs=216-287  ,GPU=3 ,NIC=cxi3 ,numa_nodes=3     ,first_numa=3  ,other_nodes=     
Hostname=nid005795   , Rank=394  ,Local=2   ,RPN=4   ,CPUs=144-215  ,GPU=2 ,NIC=cxi2 ,numa_nodes=2     ,first_numa=2  ,other_nodes=     
Hostname=nid005669   , Rank=304  ,Local=0   ,RPN=4   ,CPUs=0-71     ,GPU=0 ,NIC=cxi0 ,numa_nodes=0     ,first_numa=0  ,other_nodes=     
Hostname=nid006450   , Rank=987  ,Local=3   ,RPN=4   ,CPUs=216-287  ,GPU=3 ,NIC=cxi3 ,numa_nodes=3     ,first_numa=3  ,other_nodes=     
Hostname=nid006380   , Rank=764  ,Local=0   ,RPN=4   ,CPUs=0-71     ,GPU=0 ,NIC=cxi0 ,numa_nodes=0     ,first_numa=0  ,other_nodes=     
Hostname=nid005626   , Rank=160  ,Local=0   ,RPN=4   ,CPUs=0-71     ,GPU=0 ,NIC=cxi0 ,numa_nodes=0     ,first_numa=0  ,other_nodes=     
Hostname=nid005670   , Rank=309  ,Local=1   ,RPN=4   ,CPUs=72-143   ,GPU=1 ,NIC=cxi1 ,numa_nodes=1     ,first_numa=1  ,other_nodes=     
Hostname=nid006380   , Rank=767  ,Local=3   ,RPN=4   ,CPUs=216-287  ,GPU=3 ,NIC=cxi3 ,numa_nodes=3     ,first_numa=3  ,other_nodes=     
Hostname=nid005769   , Rank=348  ,Local=0   ,RPN=4   ,CPUs=0-71     ,GPU=0 ,NIC=cxi0 ,numa_nodes=0     ,first_numa=0  ,other_nodes=     
Hostname=nid005848   , Rank=548  ,Local=0   ,RPN=4   ,CPUs=0-71     ,GPU=0 ,NIC=cxi0 ,numa_nodes=0     ,first_numa=0  ,other_nodes=     
Hostname=nid005769   , Rank=351  ,Local=3   ,RPN=4   ,CPUs=216-287  ,GPU=3 ,NIC=cxi3 ,numa_nodes=3     ,first_numa=3  ,other_nodes=     
Hostname=nid006450   , Rank=985  ,Local=1   ,RPN=4   ,CPUs=72-143   ,GPU=1 ,NIC=cxi1 ,numa_nodes=1     ,first_numa=1  ,other_nodes=     
Hostname=nid005669   , Rank=307  ,Local=3   ,RPN=4   ,CPUs=216-287  ,GPU=3 ,NIC=cxi3 ,numa_nodes=3     ,first_numa=3  ,other_nodes=     
Hostname=nid006412   , Rank=880  ,Local=0   ,RPN=4   ,CPUs=0-71     ,GPU=0 ,NIC=cxi0 ,numa_nodes=0     ,first_numa=0  ,other_nodes=     
Hostname=nid006419   , Rank=906  ,Local=2   ,RPN=4   ,CPUs=144-215  ,GPU=2 ,NIC=cxi2 ,numa_nodes=2     ,first_numa=2  ,other_nodes=     
Hostname=nid005825   , Rank=474  ,Local=2   ,RPN=4   ,CPUs=144-215  ,GPU=2 ,NIC=cxi2 ,numa_nodes=2     ,first_numa=2  ,other_nodes=     
Hostname=nid005677   , Rank=320  ,Local=0   ,RPN=4   ,CPUs=0-71     ,GPU=0 ,NIC=cxi0 ,numa_nodes=0     ,first_numa=0  ,other_nodes=     
Hostname=nid005670   , Rank=310  ,Local=2   ,RPN=4   ,CPUs=144-215  ,GPU=2 ,NIC=cxi2 ,numa_nodes=2     ,first_numa=2  ,other_nodes=     
Hostname=nid006419   , Rank=907  ,Local=3   ,RPN=4   ,CPUs=216-287  ,GPU=3 ,NIC=cxi3 ,numa_nodes=3     ,first_numa=3  ,other_nodes=     
Hostname=nid005769   , Rank=349  ,Local=1   ,RPN=4   ,CPUs=72-143   ,GPU=1 ,NIC=cxi1 ,numa_nodes=1     ,first_numa=1  ,other_nodes=     
Hostname=nid005669   , Rank=305  ,Local=1   ,RPN=4   ,CPUs=72-143   ,GPU=1 ,NIC=cxi1 ,numa_nodes=1     ,first_numa=1  ,other_nodes=     
Hostname=nid006412   , Rank=882  ,Local=2   ,RPN=4   ,CPUs=144-215  ,GPU=2 ,NIC=cxi2 ,numa_nodes=2     ,first_numa=2  ,other_nodes=     
Hostname=nid005667   , Rank=299  ,Local=3   ,RPN=4   ,CPUs=216-287  ,GPU=3 ,NIC=cxi3 ,numa_nodes=3     ,first_numa=3  ,other_nodes=     
Hostname=nid005677   , Rank=323  ,Local=3   ,RPN=4   ,CPUs=216-287  ,GPU=3 ,NIC=cxi3 ,numa_nodes=3     ,first_numa=3  ,other_nodes=     
Hostname=nid006419   , Rank=905  ,Local=1   ,RPN=4   ,CPUs=72-143   ,GPU=1 ,NIC=cxi1 ,numa_nodes=1     ,first_numa=1  ,other_nodes=     
Hostname=nid006480   , Rank=1017 ,Local=1   ,RPN=4   ,CPUs=72-143   ,GPU=1 ,NIC=cxi1 ,numa_nodes=1     ,first_numa=1  ,other_nodes=     
Hostname=nid006412   , Rank=881  ,Local=1   ,RPN=4   ,CPUs=72-143   ,GPU=1 ,NIC=cxi1 ,numa_nodes=1     ,first_numa=1  ,other_nodes=     
Hostname=nid005582   , Rank=40   ,Local=0   ,RPN=4   ,CPUs=0-71     ,GPU=0 ,NIC=cxi0 ,numa_nodes=0     ,first_numa=0  ,other_nodes=     
Hostname=nid006477   , Rank=1013 ,Local=1   ,RPN=4   ,CPUs=72-143   ,GPU=1 ,NIC=cxi1 ,numa_nodes=1     ,first_numa=1  ,other_nodes=     
Hostname=nid005614   , Rank=118  ,Local=2   ,RPN=4   ,CPUs=144-215  ,GPU=2 ,NIC=cxi2 ,numa_nodes=2     ,first_numa=2  ,other_nodes=     
Hostname=nid005677   , Rank=322  ,Local=2   ,RPN=4   ,CPUs=144-215  ,GPU=2 ,NIC=cxi2 ,numa_nodes=2     ,first_numa=2  ,other_nodes=     
Hostname=nid005670   , Rank=311  ,Local=3   ,RPN=4   ,CPUs=216-287  ,GPU=3 ,NIC=cxi3 ,numa_nodes=3     ,first_numa=3  ,other_nodes=     
Hostname=nid005614   , Rank=119  ,Local=3   ,RPN=4   ,CPUs=216-287  ,GPU=3 ,NIC=cxi3 ,numa_nodes=3     ,first_numa=3  ,other_nodes=     
Hostname=nid005856   , Rank=569  ,Local=1   ,RPN=4   ,CPUs=72-143   ,GPU=1 ,NIC=cxi1 ,numa_nodes=1     ,first_numa=1  ,other_nodes=     
Hostname=nid005667   , Rank=298  ,Local=2   ,RPN=4   ,CPUs=144-215  ,GPU=2 ,NIC=cxi2 ,numa_nodes=2     ,first_numa=2  ,other_nodes=     
Hostname=nid005707   , Rank=336  ,Local=0   ,RPN=4   ,CPUs=0-71     ,GPU=0 ,NIC=cxi0 ,numa_nodes=0     ,first_numa=0  ,other_nodes=     
Hostname=nid005667   , Rank=296  ,Local=0   ,RPN=4   ,CPUs=0-71     ,GPU=0 ,NIC=cxi0 ,numa_nodes=0     ,first_numa=0  ,other_nodes=     
Hostname=nid005816   , Rank=449  ,Local=1   ,RPN=4   ,CPUs=72-143   ,GPU=1 ,NIC=cxi1 ,numa_nodes=1     ,first_numa=1  ,other_nodes=     
Hostname=nid006381   , Rank=768  ,Local=0   ,RPN=4   ,CPUs=0-71     ,GPU=0 ,NIC=cxi0 ,numa_nodes=0     ,first_numa=0  ,other_nodes=     
Hostname=nid005667   , Rank=297  ,Local=1   ,RPN=4   ,CPUs=72-143   ,GPU=1 ,NIC=cxi1 ,numa_nodes=1     ,first_numa=1  ,other_nodes=     
Hostname=nid005614   , Rank=117  ,Local=1   ,RPN=4   ,CPUs=72-143   ,GPU=1 ,NIC=cxi1 ,numa_nodes=1     ,first_numa=1  ,other_nodes=     
Hostname=nid005848   , Rank=549  ,Local=1   ,RPN=4   ,CPUs=72-143   ,GPU=1 ,NIC=cxi1 ,numa_nodes=1     ,first_numa=1  ,other_nodes=     
Hostname=nid006381   , Rank=770  ,Local=2   ,RPN=4   ,CPUs=144-215  ,GPU=2 ,NIC=cxi2 ,numa_nodes=2     ,first_numa=2  ,other_nodes=     
Hostname=nid006381   , Rank=771  ,Local=3   ,RPN=4   ,CPUs=216-287  ,GPU=3 ,NIC=cxi3 ,numa_nodes=3     ,first_numa=3  ,other_nodes=     
Hostname=nid005732   , Rank=344  ,Local=0   ,RPN=4   ,CPUs=0-71     ,GPU=0 ,NIC=cxi0 ,numa_nodes=0     ,first_numa=0  ,other_nodes=     
Hostname=nid005787   , Rank=367  ,Local=3   ,RPN=4   ,CPUs=216-287  ,GPU=3 ,NIC=cxi3 ,numa_nodes=3     ,first_numa=3  ,other_nodes=     
Hostname=nid005848   , Rank=550  ,Local=2   ,RPN=4   ,CPUs=144-215  ,GPU=2 ,NIC=cxi2 ,numa_nodes=2     ,first_numa=2  ,other_nodes=     
Hostname=nid005732   , Rank=346  ,Local=2   ,RPN=4   ,CPUs=144-215  ,GPU=2 ,NIC=cxi2 ,numa_nodes=2     ,first_numa=2  ,other_nodes=     
Hostname=nid005618   , Rank=130  ,Local=2   ,RPN=4   ,CPUs=144-215  ,GPU=2 ,NIC=cxi2 ,numa_nodes=2     ,first_numa=2  ,other_nodes=     
Hostname=nid006480   , Rank=1016 ,Local=0   ,RPN=4   ,CPUs=0-71     ,GPU=0 ,NIC=cxi0 ,numa_nodes=0     ,first_numa=0  ,other_nodes=     
Hostname=nid005856   , Rank=568  ,Local=0   ,RPN=4   ,CPUs=0-71     ,GPU=0 ,NIC=cxi0 ,numa_nodes=0     ,first_numa=0  ,other_nodes=     
Hostname=nid005626   , Rank=162  ,Local=2   ,RPN=4   ,CPUs=144-215  ,GPU=2 ,NIC=cxi2 ,numa_nodes=2     ,first_numa=2  ,other_nodes=     
Hostname=nid006480   , Rank=1018 ,Local=2   ,RPN=4   ,CPUs=144-215  ,GPU=2 ,NIC=cxi2 ,numa_nodes=2     ,first_numa=2  ,other_nodes=     
Hostname=nid005732   , Rank=347  ,Local=3   ,RPN=4   ,CPUs=216-287  ,GPU=3 ,NIC=cxi3 ,numa_nodes=3     ,first_numa=3  ,other_nodes=     
Hostname=nid005848   , Rank=551  ,Local=3   ,RPN=4   ,CPUs=216-287  ,GPU=3 ,NIC=cxi3 ,numa_nodes=3     ,first_numa=3  ,other_nodes=     
Hostname=nid005856   , Rank=570  ,Local=2   ,RPN=4   ,CPUs=144-215  ,GPU=2 ,NIC=cxi2 ,numa_nodes=2     ,first_numa=2  ,other_nodes=     
Hostname=nid006480   , Rank=1019 ,Local=3   ,RPN=4   ,CPUs=216-287  ,GPU=3 ,NIC=cxi3 ,numa_nodes=3     ,first_numa=3  ,other_nodes=     
Hostname=nid005856   , Rank=571  ,Local=3   ,RPN=4   ,CPUs=216-287  ,GPU=3 ,NIC=cxi3 ,numa_nodes=3     ,first_numa=3  ,other_nodes=     
Hostname=nid006446   , Rank=968  ,Local=0   ,RPN=4   ,CPUs=0-71     ,GPU=0 ,NIC=cxi0 ,numa_nodes=0     ,first_numa=0  ,other_nodes=     
Hostname=nid005626   , Rank=163  ,Local=3   ,RPN=4   ,CPUs=216-287  ,GPU=3 ,NIC=cxi3 ,numa_nodes=3     ,first_numa=3  ,other_nodes=     
Hostname=nid005626   , Rank=161  ,Local=1   ,RPN=4   ,CPUs=72-143   ,GPU=1 ,NIC=cxi1 ,numa_nodes=1     ,first_numa=1  ,other_nodes=     
Hostname=nid006355   , Rank=684  ,Local=0   ,RPN=4   ,CPUs=0-71     ,GPU=0 ,NIC=cxi0 ,numa_nodes=0     ,first_numa=0  ,other_nodes=     
Hostname=nid005787   , Rank=365  ,Local=1   ,RPN=4   ,CPUs=72-143   ,GPU=1 ,NIC=cxi1 ,numa_nodes=1     ,first_numa=1  ,other_nodes=     
Hostname=nid006355   , Rank=687  ,Local=3   ,RPN=4   ,CPUs=216-287  ,GPU=3 ,NIC=cxi3 ,numa_nodes=3     ,first_numa=3  ,other_nodes=     
Hostname=nid006383   , Rank=777  ,Local=1   ,RPN=4   ,CPUs=72-143   ,GPU=1 ,NIC=cxi1 ,numa_nodes=1     ,first_numa=1  ,other_nodes=     
Hostname=nid005653   , Rank=253  ,Local=1   ,RPN=4   ,CPUs=72-143   ,GPU=1 ,NIC=cxi1 ,numa_nodes=1     ,first_numa=1  ,other_nodes=     
Hostname=nid006355   , Rank=686  ,Local=2   ,RPN=4   ,CPUs=144-215  ,GPU=2 ,NIC=cxi2 ,numa_nodes=2     ,first_numa=2  ,other_nodes=     
Hostname=nid005582   , Rank=41   ,Local=1   ,RPN=4   ,CPUs=72-143   ,GPU=1 ,NIC=cxi1 ,numa_nodes=1     ,first_numa=1  ,other_nodes=     
Hostname=nid005816   , Rank=448  ,Local=0   ,RPN=4   ,CPUs=0-71     ,GPU=0 ,NIC=cxi0 ,numa_nodes=0     ,first_numa=0  ,other_nodes=     
Hostname=nid005707   , Rank=339  ,Local=3   ,RPN=4   ,CPUs=216-287  ,GPU=3 ,NIC=cxi3 ,numa_nodes=3     ,first_numa=3  ,other_nodes=     
Hostname=nid005787   , Rank=366  ,Local=2   ,RPN=4   ,CPUs=144-215  ,GPU=2 ,NIC=cxi2 ,numa_nodes=2     ,first_numa=2  ,other_nodes=     
Hostname=nid005582   , Rank=43   ,Local=3   ,RPN=4   ,CPUs=216-287  ,GPU=3 ,NIC=cxi3 ,numa_nodes=3     ,first_numa=3  ,other_nodes=     
Hostname=nid006477   , Rank=1012 ,Local=0   ,RPN=4   ,CPUs=0-71     ,GPU=0 ,NIC=cxi0 ,numa_nodes=0     ,first_numa=0  ,other_nodes=     
Hostname=nid005618   , Rank=129  ,Local=1   ,RPN=4   ,CPUs=72-143   ,GPU=1 ,NIC=cxi1 ,numa_nodes=1     ,first_numa=1  ,other_nodes=     
Hostname=nid005582   , Rank=42   ,Local=2   ,RPN=4   ,CPUs=144-215  ,GPU=2 ,NIC=cxi2 ,numa_nodes=2     ,first_numa=2  ,other_nodes=     
Hostname=nid005797   , Rank=397  ,Local=1   ,RPN=4   ,CPUs=72-143   ,GPU=1 ,NIC=cxi1 ,numa_nodes=1     ,first_numa=1  ,other_nodes=     
Hostname=nid005707   , Rank=338  ,Local=2   ,RPN=4   ,CPUs=144-215  ,GPU=2 ,NIC=cxi2 ,numa_nodes=2     ,first_numa=2  ,other_nodes=     
Hostname=nid005787   , Rank=364  ,Local=0   ,RPN=4   ,CPUs=0-71     ,GPU=0 ,NIC=cxi0 ,numa_nodes=0     ,first_numa=0  ,other_nodes=     
Hostname=nid006446   , Rank=969  ,Local=1   ,RPN=4   ,CPUs=72-143   ,GPU=1 ,NIC=cxi1 ,numa_nodes=1     ,first_numa=1  ,other_nodes=     
Hostname=nid005618   , Rank=128  ,Local=0   ,RPN=4   ,CPUs=0-71     ,GPU=0 ,NIC=cxi0 ,numa_nodes=0     ,first_numa=0  ,other_nodes=     
Hostname=nid005816   , Rank=451  ,Local=3   ,RPN=4   ,CPUs=216-287  ,GPU=3 ,NIC=cxi3 ,numa_nodes=3     ,first_numa=3  ,other_nodes=     
Hostname=nid006477   , Rank=1015 ,Local=3   ,RPN=4   ,CPUs=216-287  ,GPU=3 ,NIC=cxi3 ,numa_nodes=3     ,first_numa=3  ,other_nodes=     
Hostname=nid005707   , Rank=337  ,Local=1   ,RPN=4   ,CPUs=72-143   ,GPU=1 ,NIC=cxi1 ,numa_nodes=1     ,first_numa=1  ,other_nodes=     
Hostname=nid005797   , Rank=396  ,Local=0   ,RPN=4   ,CPUs=0-71     ,GPU=0 ,NIC=cxi0 ,numa_nodes=0     ,first_numa=0  ,other_nodes=     
Hostname=nid006477   , Rank=1014 ,Local=2   ,RPN=4   ,CPUs=144-215  ,GPU=2 ,NIC=cxi2 ,numa_nodes=2     ,first_numa=2  ,other_nodes=     
Hostname=nid005816   , Rank=450  ,Local=2   ,RPN=4   ,CPUs=144-215  ,GPU=2 ,NIC=cxi2 ,numa_nodes=2     ,first_numa=2  ,other_nodes=     
Hostname=nid005618   , Rank=131  ,Local=3   ,RPN=4   ,CPUs=216-287  ,GPU=3 ,NIC=cxi3 ,numa_nodes=3     ,first_numa=3  ,other_nodes=     
Hostname=nid005583   , Rank=45   ,Local=1   ,RPN=4   ,CPUs=72-143   ,GPU=1 ,NIC=cxi1 ,numa_nodes=1     ,first_numa=1  ,other_nodes=     
Hostname=nid006446   , Rank=971  ,Local=3   ,RPN=4   ,CPUs=216-287  ,GPU=3 ,NIC=cxi3 ,numa_nodes=3     ,first_numa=3  ,other_nodes=     
Hostname=nid006383   , Rank=779  ,Local=3   ,RPN=4   ,CPUs=216-287  ,GPU=3 ,NIC=cxi3 ,numa_nodes=3     ,first_numa=3  ,other_nodes=     
Hostname=nid005797   , Rank=398  ,Local=2   ,RPN=4   ,CPUs=144-215  ,GPU=2 ,NIC=cxi2 ,numa_nodes=2     ,first_numa=2  ,other_nodes=     
Hostname=nid006446   , Rank=970  ,Local=2   ,RPN=4   ,CPUs=144-215  ,GPU=2 ,NIC=cxi2 ,numa_nodes=2     ,first_numa=2  ,other_nodes=     
Hostname=nid005797   , Rank=399  ,Local=3   ,RPN=4   ,CPUs=216-287  ,GPU=3 ,NIC=cxi3 ,numa_nodes=3     ,first_numa=3  ,other_nodes=     
Hostname=nid006383   , Rank=778  ,Local=2   ,RPN=4   ,CPUs=144-215  ,GPU=2 ,NIC=cxi2 ,numa_nodes=2     ,first_numa=2  ,other_nodes=     
Hostname=nid006383   , Rank=776  ,Local=0   ,RPN=4   ,CPUs=0-71     ,GPU=0 ,NIC=cxi0 ,numa_nodes=0     ,first_numa=0  ,other_nodes=     
Hostname=nid005615   , Rank=122  ,Local=2   ,RPN=4   ,CPUs=144-215  ,GPU=2 ,NIC=cxi2 ,numa_nodes=2     ,first_numa=2  ,other_nodes=     
Hostname=nid005653   , Rank=255  ,Local=3   ,RPN=4   ,CPUs=216-287  ,GPU=3 ,NIC=cxi3 ,numa_nodes=3     ,first_numa=3  ,other_nodes=     
Hostname=nid005653   , Rank=252  ,Local=0   ,RPN=4   ,CPUs=0-71     ,GPU=0 ,NIC=cxi0 ,numa_nodes=0     ,first_numa=0  ,other_nodes=     
Hostname=nid005653   , Rank=254  ,Local=2   ,RPN=4   ,CPUs=144-215  ,GPU=2 ,NIC=cxi2 ,numa_nodes=2     ,first_numa=2  ,other_nodes=     
Hostname=nid005574   , Rank=27   ,Local=3   ,RPN=4   ,CPUs=216-287  ,GPU=3 ,NIC=cxi3 ,numa_nodes=3     ,first_numa=3  ,other_nodes=     
Hostname=nid005615   , Rank=121  ,Local=1   ,RPN=4   ,CPUs=72-143   ,GPU=1 ,NIC=cxi1 ,numa_nodes=1     ,first_numa=1  ,other_nodes=     
Hostname=nid005615   , Rank=123  ,Local=3   ,RPN=4   ,CPUs=216-287  ,GPU=3 ,NIC=cxi3 ,numa_nodes=3     ,first_numa=3  ,other_nodes=     
Hostname=nid005615   , Rank=120  ,Local=0   ,RPN=4   ,CPUs=0-71     ,GPU=0 ,NIC=cxi0 ,numa_nodes=0     ,first_numa=0  ,other_nodes=     
Hostname=nid005583   , Rank=46   ,Local=2   ,RPN=4   ,CPUs=144-215  ,GPU=2 ,NIC=cxi2 ,numa_nodes=2     ,first_numa=2  ,other_nodes=     
Hostname=nid005583   , Rank=47   ,Local=3   ,RPN=4   ,CPUs=216-287  ,GPU=3 ,NIC=cxi3 ,numa_nodes=3     ,first_numa=3  ,other_nodes=     
Hostname=nid005583   , Rank=44   ,Local=0   ,RPN=4   ,CPUs=0-71     ,GPU=0 ,NIC=cxi0 ,numa_nodes=0     ,first_numa=0  ,other_nodes=     
Hostname=nid005574   , Rank=25   ,Local=1   ,RPN=4   ,CPUs=72-143   ,GPU=1 ,NIC=cxi1 ,numa_nodes=1     ,first_numa=1  ,other_nodes=     
Hostname=nid005574   , Rank=26   ,Local=2   ,RPN=4   ,CPUs=144-215  ,GPU=2 ,NIC=cxi2 ,numa_nodes=2     ,first_numa=2  ,other_nodes=     
Hostname=nid005574   , Rank=24   ,Local=0   ,RPN=4   ,CPUs=0-71     ,GPU=0 ,NIC=cxi0 ,numa_nodes=0     ,first_numa=0  ,other_nodes=     
Hostname=nid005837   , Rank=508  ,Local=0   ,RPN=4   ,CPUs=0-71     ,GPU=0 ,NIC=cxi0 ,numa_nodes=0     ,first_numa=0  ,other_nodes=     
Hostname=nid005837   , Rank=511  ,Local=3   ,RPN=4   ,CPUs=216-287  ,GPU=3 ,NIC=cxi3 ,numa_nodes=3     ,first_numa=3  ,other_nodes=     
Hostname=nid005837   , Rank=510  ,Local=2   ,RPN=4   ,CPUs=144-215  ,GPU=2 ,NIC=cxi2 ,numa_nodes=2     ,first_numa=2  ,other_nodes=     
Hostname=nid005837   , Rank=509  ,Local=1   ,RPN=4   ,CPUs=72-143   ,GPU=1 ,NIC=cxi1 ,numa_nodes=1     ,first_numa=1  ,other_nodes=     
LandauDampingPIF{0}> Landau damping
LandauDampingPIF{0}> nt 10 Np= 8589934592 Fourier modes = ( 1024 , 1024 , 1024 )
LandauDampingPIF{0}> particles created and initial conditions assigned 
LandauDampingPIF{0}> After init shape function 
LandauDampingPIF{0}> After init NUFFT 
LandauDampingPIF{0}> After update 
[Scatter] Auto-select: OutputFocused (tp=359.0 Mpts/s) for w=9 rho=1.15 (was Atomic)
[Scatter] Cache hit: method=OutputFocused w=9 cx=1 rho=1.15 -> tile=(2,3,3) team=256 osub=1 zb=32 tp=359.0 Mpts/s (rho_csv=1.25)
LandauDampingPIF{0}> After scatter 
LandauDampingPIF{0}> After gather 
LandauDampingPIF{0}> Starting iterations ...
LandauDampingPIF{0}> Finished time step: -2 time: 0.0122718
LandauDampingPIF{0}> Finished time step: -1 time: 0.0245437
LandauDampingPIF{0}> Finished time step: 0 time: 0.0368155
LandauDampingPIF{0}> Finished time step: 1 time: 0.0490874
LandauDampingPIF{0}> Finished time step: 2 time: 0.0613592
LandauDampingPIF{0}> Finished time step: 3 time: 0.0736311
LandauDampingPIF{0}> Finished time step: 4 time: 0.0859029
LandauDampingPIF{0}> Finished time step: 5 time: 0.0981748
LandauDampingPIF{0}> Finished time step: 6 time: 0.110447
LandauDampingPIF{0}> Finished time step: 7 time: 0.122718
LandauDampingPIF{0}> Finished time step: 8 time: 0.13499
LandauDampingPIF{0}> Finished time step: 9 time: 0.147262
LandauDampingPIF{0}> Finished time step: 10 time: 0.159534
LandauDampingPIF{0}> LandauDamping: End.
Timings{0}> ---------------------------------------------
Timings{0}>      Timing results for 1024 rank(s):
Timings{0}> ---------------------------------------------
Timings{0}> mainTimer........... Wall tot =    4.17323
Timings{0}> 
Timings{0}> particlesCreation... Wall max =          0
Timings{0}>                      Wall avg =          0
Timings{0}>                      Wall min =          0
Timings{0}> 
Timings{0}> dumpData............ Wall max =  0.0878937
Timings{0}>                      Wall avg =  0.0705081
Timings{0}>                      Wall min =  0.0520615
Timings{0}> 
Timings{0}> kick................ Wall max = 0.000254843
Timings{0}>                      Wall avg = 0.000170175
Timings{0}>                      Wall min = 0.000115579
Timings{0}> 
Timings{0}> drift............... Wall max = 9.1612e-05
Timings{0}>                      Wall avg = 6.47408e-05
Timings{0}>                      Wall min = 4.4735e-05
Timings{0}> 
Timings{0}> particleBC.......... Wall max = 0.000166809
Timings{0}>                      Wall avg = 0.000118264
Timings{0}>                      Wall min = 8.0734e-05
Timings{0}> 
Timings{0}> initializeShapeFunc. Wall max =          0
Timings{0}>                      Wall avg =          0
Timings{0}>                      Wall min =          0
Timings{0}> 
Timings{0}> findInternal........ Wall max =          0
Timings{0}>                      Wall avg =          0
Timings{0}>                      Wall min =          0
Timings{0}> 
Timings{0}> findPeriodic........ Wall max =          0
Timings{0}>                      Wall avg =          0
Timings{0}>                      Wall min =          0
Timings{0}> 
Timings{0}> NativeNUFFT::init... Wall max =          0
Timings{0}>                      Wall avg =          0
Timings{0}>                      Wall min =          0
Timings{0}> 
Timings{0}> updateParticle...... Wall max =   0.992172
Timings{0}>                      Wall avg =   0.407131
Timings{0}>                      Wall min =   0.134295
Timings{0}> 
Timings{0}> locateParticles..... Wall max =    0.02139
Timings{0}>                      Wall avg =  0.0123151
Timings{0}>                      Wall min =  0.0109457
Timings{0}> 
Timings{0}> sendPreprocess...... Wall max =  0.0340078
Timings{0}>                      Wall avg =  0.0272538
Timings{0}>                      Wall min =  0.0202247
Timings{0}> 
Timings{0}> particleSend........ Wall max =  0.0355728
Timings{0}>                      Wall avg =  0.0117603
Timings{0}>                      Wall min =  0.0106605
Timings{0}> 
Timings{0}> particleRecv........ Wall max =  0.0893882
Timings{0}>                      Wall avg = 0.00254042
Timings{0}>                      Wall min = 0.000953538
Timings{0}> 
Timings{0}> particleDestroy..... Wall max =  0.0223375
Timings{0}>                      Wall avg =  0.0136293
Timings{0}>                      Wall min =  0.0123191
Timings{0}> 
Timings{0}> ScatterPIFNUFFT..... Wall max =     2.0308
Timings{0}>                      Wall avg =    1.75259
Timings{0}>                      Wall min =    1.16764
Timings{0}> 
Timings{0}> NativeNUFFT1........ Wall max =    2.01469
Timings{0}>                      Wall avg =    1.73494
Timings{0}>                      Wall min =    1.14967
Timings{0}> 
Timings{0}> scatterTimerNUFFT1.. Wall max =    1.20167
Timings{0}>                      Wall avg =   0.883054
Timings{0}>                      Wall min =   0.542501
Timings{0}> 
Timings{0}> binSort............. Wall max =  0.0570367
Timings{0}>                      Wall avg =  0.0487484
Timings{0}>                      Wall min =  0.0430686
Timings{0}> 
Timings{0}> binComputeKeys...... Wall max = 0.00727552
Timings{0}>                      Wall avg = 0.00435815
Timings{0}>                      Wall min = 0.00379266
Timings{0}> 
Timings{0}> binSortByKey........ Wall max =  0.0489934
Timings{0}>                      Wall avg =  0.0415959
Timings{0}>                      Wall min =  0.0368162
Timings{0}> 
Timings{0}> binComputeOffsets... Wall max = 0.00643556
Timings{0}>                      Wall avg = 0.00274897
Timings{0}>                      Wall min = 0.00240233
Timings{0}> 
Timings{0}> FFTNUFFT1........... Wall max =    1.16886
Timings{0}>                      Wall avg =   0.850001
Timings{0}>                      Wall min =   0.488892
Timings{0}> 
Timings{0}> deconvolutionNUFFT1. Wall max = 0.00234482
Timings{0}>                      Wall avg = 0.00185534
Timings{0}>                      Wall min = 0.00176734
Timings{0}> 
Timings{0}> GatherPIFNUFFT...... Wall max =    1.96076
Timings{0}>                      Wall avg =    1.92693
Timings{0}>                      Wall min =    1.89939
Timings{0}> 
Timings{0}> NativeNUFFT2........ Wall max =    1.95197
Timings{0}>                      Wall avg =    1.91735
Timings{0}>                      Wall min =    1.88928
Timings{0}> 
Timings{0}> PrecorrectionNUFFT2. Wall max =  0.0223947
Timings{0}>                      Wall avg =  0.0178172
Timings{0}>                      Wall min =  0.0165987
Timings{0}> 
Timings{0}> FFTNUFFT2........... Wall max =    1.50299
Timings{0}>                      Wall avg =    1.45034
Timings{0}>                      Wall min =    1.39846
Timings{0}> 
Timings{0}> GatherNUFFT2........ Wall max =   0.263693
Timings{0}>                      Wall avg =    0.21315
Timings{0}>                      Wall min =   0.155782
Timings{0}> 
Timings{0}> ---------------------------------------------
Timings{0}>      Measurement counts:
Timings{0}> ---------------------------------------------
Timings{0}> mainTimer........... Count =          1
Timings{0}> particlesCreation... Count =          0
Timings{0}> dumpData............ Count =         10
Timings{0}> kick................ Count =         20
Timings{0}> drift............... Count =         10
Timings{0}> particleBC.......... Count =         10
Timings{0}> initializeShapeFunc. Count =          0
Timings{0}> findInternal........ Count =          0
Timings{0}> findPeriodic........ Count =          0
Timings{0}> NativeNUFFT::init... Count =          0
Timings{0}> updateParticle...... Count =         10
Timings{0}> locateParticles..... Count =         10
Timings{0}> sendPreprocess...... Count =         10
Timings{0}> particleSend........ Count =         10
Timings{0}> particleRecv........ Count =         10
Timings{0}> particleDestroy..... Count =         10
Timings{0}> ScatterPIFNUFFT..... Count =         20
Timings{0}> NativeNUFFT1........ Count =         10
Timings{0}> scatterTimerNUFFT1.. Count =         10
Timings{0}> binSort............. Count =         40
Timings{0}> binComputeKeys...... Count =         40
Timings{0}> binSortByKey........ Count =         40
Timings{0}> binComputeOffsets... Count =         40
Timings{0}> FFTNUFFT1........... Count =         10
Timings{0}> deconvolutionNUFFT1. Count =         10
Timings{0}> GatherPIFNUFFT...... Count =         10
Timings{0}> NativeNUFFT2........ Count =         30
Timings{0}> PrecorrectionNUFFT2. Count =         30
Timings{0}> FFTNUFFT2........... Count =         30
Timings{0}> GatherNUFFT2........ Count =         30
Timings{0}> ---------------------------------------------
Timings{0}> ---------------------------------------------
Timings{0}>      Per-occurrence statistics:
Timings{0}> ---------------------------------------------
Timings{0}> mainTimer........... n=    1  mean=    4.1732  std=         0  min=    4.1732  max=    4.1732
Timings{0}> dumpData............ n=   10  mean=0.00662505  std= 0.0026621  min=0.00346591  max= 0.0111123
Timings{0}> kick................ n=   20  mean=1.27421e-05  std=4.35834e-06  min= 6.368e-06  max=2.0127e-05
Timings{0}> drift............... n=   10  mean=5.6447e-06  std=6.86022e-07  min= 4.576e-06  max= 6.816e-06
Timings{0}> particleBC.......... n=   10  mean=1.02459e-05  std=8.35951e-07  min= 8.767e-06  max=1.1231e-05
Timings{0}> updateParticle...... n=   10  mean=    0.0628  std= 0.0422224  min= 0.0238511  max=  0.142777
Timings{0}> locateParticles..... n=   10  mean=0.00134507  std=7.11563e-06  min=0.00133689  max=0.00135935
Timings{0}> sendPreprocess...... n=   10  mean=0.00260896  std=0.00333802  min=0.000380756  max= 0.0103957
Timings{0}> particleSend........ n=   10  mean=0.00132985  std=0.000138417  min=0.00117359  max=0.00154574
Timings{0}> particleRecv........ n=   10  mean=0.000261163  std=0.000255371  min=0.000104828  max=0.000800423
Timings{0}> particleDestroy..... n=   10  mean=0.00138804  std=1.01612e-05  min=0.00137596  max=0.00140578
Timings{0}> ScatterPIFNUFFT..... n=   20  mean= 0.0765622  std= 0.0835143  min= 7.104e-06  max=  0.212199
Timings{0}> NativeNUFFT1........ n=   10  mean=  0.151499  std= 0.0412946  min= 0.0750608  max=    0.2106
Timings{0}> scatterTimerNUFFT1.. n=   10  mean= 0.0944352  std= 0.0395221  min= 0.0261187  max=  0.169142
Timings{0}> binSort............. n=   40  mean=0.00136865  std=2.07555e-05  min=0.00133797  max=0.00141823
Timings{0}> binComputeKeys...... n=   40  mean=0.000123556  std=3.89589e-06  min=0.000118109  max=0.000132348
Timings{0}> binSortByKey........ n=   40  mean=0.00116905  std=1.72984e-05  min=0.00114121  max=0.00120716
Timings{0}> binComputeOffsets... n=   40  mean= 7.496e-05  std=4.58569e-06  min= 6.739e-05  max= 8.563e-05
Timings{0}> FFTNUFFT1........... n=   10  mean= 0.0568635  std= 0.0231345  min= 0.0412639  max=  0.115758
Timings{0}> deconvolutionNUFFT1. n=   10  mean=0.000196707  std=9.68081e-06  min=0.000189626  max=0.000218233
Timings{0}> GatherPIFNUFFT...... n=   10  mean=  0.193164  std=0.00728382  min=  0.188357  max=  0.213568
Timings{0}> NativeNUFFT2........ n=   30  mean= 0.0640845  std= 0.0043767  min=  0.058229  max= 0.0834865
Timings{0}> PrecorrectionNUFFT2. n=   30  mean=0.000646677  std=0.000133228  min=0.000450898  max=0.000772168
Timings{0}> FFTNUFFT2........... n=   30  mean=  0.047146  std=0.00435187  min= 0.0404329  max= 0.0661428
Timings{0}> GatherNUFFT2........ n=   30  mean=0.00768397  std=0.00218272  min=0.00413738  max= 0.0116066
Timings{0}> ---------------------------------------------
