Kokkos::OpenMP::initialize WARNING: OMP_PROC_BIND environment variable not set
  In general, for best performance with OpenMP 4.0 or better set OMP_PROC_BIND=spread and OMP_PLACES=threads
  For best performance with OpenMP 3.1 set OMP_PROC_BIND=true
  For unit testing set OMP_PROC_BIND=false

MPI detected: For OpenMP binding to work as intended, MPI ranks must be bound to exclusive CPU sets.

Kokkos::OpenMP::initialize WARNING: OMP_PROC_BIND environment variable not set
  In general, for best performance with OpenMP 4.0 or better set OMP_PROC_BIND=spread and OMP_PLACES=threads
  For best performance with OpenMP 3.1 set OMP_PROC_BIND=true
  For unit testing set OMP_PROC_BIND=false

MPI detected: For OpenMP binding to work as intended, MPI ranks must be bound to exclusive CPU sets.

Kokkos::OpenMP::initialize WARNING: OMP_PROC_BIND environment variable not set
  In general, for best performance with OpenMP 4.0 or better set OMP_PROC_BIND=spread and OMP_PLACES=threads
  For best performance with OpenMP 3.1 set OMP_PROC_BIND=true
  For unit testing set OMP_PROC_BIND=false

MPI detected: For OpenMP binding to work as intended, MPI ranks must be bound to exclusive CPU sets.

Kokkos::OpenMP::initialize WARNING: OMP_PROC_BIND environment variable not set
  In general, for best performance with OpenMP 4.0 or better set OMP_PROC_BIND=spread and OMP_PLACES=threads
  For best performance with OpenMP 3.1 set OMP_PROC_BIND=true
  For unit testing set OMP_PROC_BIND=false

MPI detected: For OpenMP binding to work as intended, MPI ranks must be bound to exclusive CPU sets.

Kokkos::OpenMP::initialize WARNING: OMP_PROC_BIND environment variable not set
  In general, for best performance with OpenMP 4.0 or better set OMP_PROC_BIND=spread and OMP_PLACES=threads
  For best performance with OpenMP 3.1 set OMP_PROC_BIND=true
  For unit testing set OMP_PROC_BIND=false

MPI detected: For OpenMP binding to work as intended, MPI ranks must be bound to exclusive CPU sets.

Kokkos::OpenMP::initialize WARNING: OMP_PROC_BIND environment variable not set
  In general, for best performance with OpenMP 4.0 or better set OMP_PROC_BIND=spread and OMP_PLACES=threads
  For best performance with OpenMP 3.1 set OMP_PROC_BIND=true
  For unit testing set OMP_PROC_BIND=false

MPI detected: For OpenMP binding to work as intended, MPI ranks must be bound to exclusive CPU sets.
Kokkos::OpenMP::initialize WARNING: OMP_PROC_BIND environment variable not set
  In general, for best performance with OpenMP 4.0 or better set OMP_PROC_BIND=spread and OMP_PLACES=threads
  For best performance with OpenMP 3.1 set OMP_PROC_BIND=true
  For unit testing set OMP_PROC_BIND=false

MPI detected: For OpenMP binding to work as intended, MPI ranks must be bound to exclusive CPU sets.

Kokkos::OpenMP::initialize WARNING: OMP_PROC_BIND environment variable not set
  In general, for best performance with OpenMP 4.0 or better set OMP_PROC_BIND=spread and OMP_PLACES=threads
  For best performance with OpenMP 3.1 set OMP_PROC_BIND=true
  For unit testing set OMP_PROC_BIND=false

Kokkos::OpenMP::initialize WARNING: OMP_PROC_BIND environment variable not set
  In general, for best performance with OpenMP 4.0 or better set OMP_PROC_BIND=spread and OMP_PLACES=threads
  For best performance with OpenMP 3.1 set OMP_PROC_BIND=true
  For unit testing set OMP_PROC_BIND=false

MPI detected: For OpenMP binding to work as intended, MPI ranks must be bound to exclusive CPU sets.

Kokkos::OpenMP::initialize WARNING: OMP_PROC_BIND environment variable not set
  In general, for best performance with OpenMP 4.0 or better set OMP_PROC_BIND=spread and OMP_PLACES=threads
  For best performance with OpenMP 3.1 set OMP_PROC_BIND=true
  For unit testing set OMP_PROC_BIND=false

MPI detected: For OpenMP binding to work as intended, MPI ranks must be bound to exclusive CPU sets.

Kokkos::OpenMP::initialize WARNING: OMP_PROC_BIND environment variable not set
  In general, for best performance with OpenMP 4.0 or better set OMP_PROC_BIND=spread and OMP_PLACES=threads
  For best performance with OpenMP 3.1 set OMP_PROC_BIND=true
  For unit testing set OMP_PROC_BIND=false

MPI detected: For OpenMP binding to work as intended, MPI ranks must be bound to exclusive CPU sets.

Kokkos::OpenMP::initialize WARNING: OMP_PROC_BIND environment variable not set
  In general, for best performance with OpenMP 4.0 or better set OMP_PROC_BIND=spread and OMP_PLACES=threads
  For best performance with OpenMP 3.1 set OMP_PROC_BIND=true
  For unit testing set OMP_PROC_BIND=false

MPI detected: For OpenMP binding to work as intended, MPI ranks must be bound to exclusive CPU sets.

Kokkos::OpenMP::initialize WARNING: OMP_PROC_BIND environment variable not set
  In general, for best performance with OpenMP 4.0 or better set OMP_PROC_BIND=spread and OMP_PLACES=threads
  For best performance with OpenMP 3.1 set OMP_PROC_BIND=true
  For unit testing set OMP_PROC_BIND=false

MPI detected: For OpenMP binding to work as intended, MPI ranks must be bound to exclusive CPU sets.

Kokkos::OpenMP::initialize WARNING: OMP_PROC_BIND environment variable not set
  In general, for best performance with OpenMP 4.0 or better set OMP_PROC_BIND=spread and OMP_PLACES=threads
  For best performance with OpenMP 3.1 set OMP_PROC_BIND=true
  For unit testing set OMP_PROC_BIND=false

MPI detected: For OpenMP binding to work as intended, MPI ranks must be bound to exclusive CPU sets.

Kokkos::OpenMP::initialize WARNING: OMP_PROC_BIND environment variable not set
  In general, for best performance with OpenMP 4.0 or better set OMP_PROC_BIND=spread and OMP_PLACES=threads
  For best performance with OpenMP 3.1 set OMP_PROC_BIND=true
  For unit testing set OMP_PROC_BIND=false

MPI detected: For OpenMP binding to work as intended, MPI ranks must be bound to exclusive CPU sets.

Kokkos::OpenMP::initialize WARNING: OMP_PROC_BIND environment variable not set
  In general, for best performance with OpenMP 4.0 or better set OMP_PROC_BIND=spread and OMP_PLACES=threads
  For best performance with OpenMP 3.1 set OMP_PROC_BIND=true
  For unit testing set OMP_PROC_BIND=false

MPI detected: For OpenMP binding to work as intended, MPI ranks must be bound to exclusive CPU sets.

Kokkos::OpenMP::initialize WARNING: OMP_PROC_BIND environment variable not set
  In general, for best performance with OpenMP 4.0 or better set OMP_PROC_BIND=spread and OMP_PLACES=threads
  For best performance with OpenMP 3.1 set OMP_PROC_BIND=true
  For unit testing set OMP_PROC_BIND=false

MPI detected: For OpenMP binding to work as intended, MPI ranks must be bound to exclusive CPU sets.

Kokkos::OpenMP::initialize WARNING: OMP_PROC_BIND environment variable not set
  In general, for best performance with OpenMP 4.0 or better set OMP_PROC_BIND=spread and OMP_PLACES=threads
  For best performance with OpenMP 3.1 set OMP_PROC_BIND=true
  For unit testing set OMP_PROC_BIND=false

MPI detected: For OpenMP binding to work as intended, MPI ranks must be bound to exclusive CPU sets.

Kokkos::OpenMP::initialize WARNING: OMP_PROC_BIND environment variable not set
  In general, for best performance with OpenMP 4.0 or better set OMP_PROC_BIND=spread and OMP_PLACES=threads
  For best performance with OpenMP 3.1 set OMP_PROC_BIND=true
  For unit testing set OMP_PROC_BIND=false

MPI detected: For OpenMP binding to work as intended, MPI ranks must be bound to exclusive CPU sets.

Kokkos::OpenMP::initialize WARNING: OMP_PROC_BIND environment variable not set
  In general, for best performance with OpenMP 4.0 or better set OMP_PROC_BIND=spread and OMP_PLACES=threads
  For best performance with OpenMP 3.1 set OMP_PROC_BIND=true
  For unit testing set OMP_PROC_BIND=false

MPI detected: For OpenMP binding to work as intended, MPI ranks must be bound to exclusive CPU sets.

Kokkos::OpenMP::initialize WARNING: OMP_PROC_BIND environment variable not set
  In general, for best performance with OpenMP 4.0 or better set OMP_PROC_BIND=spread and OMP_PLACES=threads
  For best performance with OpenMP 3.1 set OMP_PROC_BIND=true
  For unit testing set OMP_PROC_BIND=false

MPI detected: For OpenMP binding to work as intended, MPI ranks must be bound to exclusive CPU sets.

Kokkos::OpenMP::initialize WARNING: OMP_PROC_BIND environment variable not set
  In general, for best performance with OpenMP 4.0 or better set OMP_PROC_BIND=spread and OMP_PLACES=threads
  For best performance with OpenMP 3.1 set OMP_PROC_BIND=true
  For unit testing set OMP_PROC_BIND=false

MPI detected: For OpenMP binding to work as intended, MPI ranks must be bound to exclusive CPU sets.

Kokkos::OpenMP::initialize WARNING: OMP_PROC_BIND environment variable not set
  In general, for best performance with OpenMP 4.0 or better set OMP_PROC_BIND=spread and OMP_PLACES=threads
  For best performance with OpenMP 3.1 set OMP_PROC_BIND=true
  For unit testing set OMP_PROC_BIND=false

Kokkos::OpenMP::initialize WARNING: OMP_PROC_BIND environment variable not set
  In general, for best performance with OpenMP 4.0 or better set OMP_PROC_BIND=spread and OMP_PLACES=threads
  For best performance with OpenMP 3.1 set OMP_PROC_BIND=true
  For unit testing set OMP_PROC_BIND=false

MPI detected: For OpenMP binding to work as intended, MPI ranks must be bound to exclusive CPU sets.

Kokkos::OpenMP::initialize WARNING: OMP_PROC_BIND environment variable not set
  In general, for best performance with OpenMP 4.0 or better set OMP_PROC_BIND=spread and OMP_PLACES=threads
  For best performance with OpenMP 3.1 set OMP_PROC_BIND=true
  For unit testing set OMP_PROC_BIND=false

MPI detected: For OpenMP binding to work as intended, MPI ranks must be bound to exclusive CPU sets.

Kokkos::OpenMP::initialize WARNING: OMP_PROC_BIND environment variable not set
  In general, for best performance with OpenMP 4.0 or better set OMP_PROC_BIND=spread and OMP_PLACES=threads
  For best performance with OpenMP 3.1 set OMP_PROC_BIND=true
  For unit testing set OMP_PROC_BIND=false

MPI detected: For OpenMP binding to work as intended, MPI ranks must be bound to exclusive CPU sets.

Kokkos::OpenMP::initialize WARNING: OMP_PROC_BIND environment variable not set
  In general, for best performance with OpenMP 4.0 or better set OMP_PROC_BIND=spread and OMP_PLACES=threads
  For best performance with OpenMP 3.1 set OMP_PROC_BIND=true
  For unit testing set OMP_PROC_BIND=false

MPI detected: For OpenMP binding to work as intended, MPI ranks must be bound to exclusive CPU sets.

Kokkos::OpenMP::initialize WARNING: OMP_PROC_BIND environment variable not set
  In general, for best performance with OpenMP 4.0 or better set OMP_PROC_BIND=spread and OMP_PLACES=threads
  For best performance with OpenMP 3.1 set OMP_PROC_BIND=true
  For unit testing set OMP_PROC_BIND=false

MPI detected: For OpenMP binding to work as intended, MPI ranks must be bound to exclusive CPU sets.

Kokkos::OpenMP::initialize WARNING: OMP_PROC_BIND environment variable not set
  In general, for best performance with OpenMP 4.0 or better set OMP_PROC_BIND=spread and OMP_PLACES=threads
  For best performance with OpenMP 3.1 set OMP_PROC_BIND=true
  For unit testing set OMP_PROC_BIND=false

MPI detected: For OpenMP binding to work as intended, MPI ranks must be bound to exclusive CPU sets.

Kokkos::OpenMP::initialize WARNING: OMP_PROC_BIND environment variable not set
  In general, for best performance with OpenMP 4.0 or better set OMP_PROC_BIND=spread and OMP_PLACES=threads
  For best performance with OpenMP 3.1 set OMP_PROC_BIND=true
  For unit testing set OMP_PROC_BIND=false

MPI detected: For OpenMP binding to work as intended, MPI ranks must be bound to exclusive CPU sets.

Kokkos::OpenMP::initialize WARNING: OMP_PROC_BIND environment variable not set
  In general, for best performance with OpenMP 4.0 or better set OMP_PROC_BIND=spread and OMP_PLACES=threads
  For best performance with OpenMP 3.1 set OMP_PROC_BIND=true
  For unit testing set OMP_PROC_BIND=false

MPI detected: For OpenMP binding to work as intended, MPI ranks must be bound to exclusive CPU sets.

Kokkos::OpenMP::initialize WARNING: OMP_PROC_BIND environment variable not set
  In general, for best performance with OpenMP 4.0 or better set OMP_PROC_BIND=spread and OMP_PLACES=threads
  For best performance with OpenMP 3.1 set OMP_PROC_BIND=true
  For unit testing set OMP_PROC_BIND=false

MPI detected: For OpenMP binding to work as intended, MPI ranks must be bound to exclusive CPU sets.

Kokkos::OpenMP::initialize WARNING: OMP_PROC_BIND environment variable not set
  In general, for best performance with OpenMP 4.0 or better set OMP_PROC_BIND=spread and OMP_PLACES=threads
  For best performance with OpenMP 3.1 set OMP_PROC_BIND=true
  For unit testing set OMP_PROC_BIND=false

MPI detected: For OpenMP binding to work as intended, MPI ranks must be bound to exclusive CPU sets.

Kokkos::OpenMP::initialize WARNING: OMP_PROC_BIND environment variable not set
  In general, for best performance with OpenMP 4.0 or better set OMP_PROC_BIND=spread and OMP_PLACES=threads
  For best performance with OpenMP 3.1 set OMP_PROC_BIND=true
  For unit testing set OMP_PROC_BIND=false

MPI detected: For OpenMP binding to work as intended, MPI ranks must be bound to exclusive CPU sets.

Kokkos::OpenMP::initialize WARNING: OMP_PROC_BIND environment variable not set
  In general, for best performance with OpenMP 4.0 or better set OMP_PROC_BIND=spread and OMP_PLACES=threads
  For best performance with OpenMP 3.1 set OMP_PROC_BIND=true
  For unit testing set OMP_PROC_BIND=false

MPI detected: For OpenMP binding to work as intended, MPI ranks must be bound to exclusive CPU sets.

Kokkos::OpenMP::initialize WARNING: OMP_PROC_BIND environment variable not set
  In general, for best performance with OpenMP 4.0 or better set OMP_PROC_BIND=spread and OMP_PLACES=threads
  For best performance with OpenMP 3.1 set OMP_PROC_BIND=true
  For unit testing set OMP_PROC_BIND=false

MPI detected: For OpenMP binding to work as intended, MPI ranks must be bound to exclusive CPU sets.

Kokkos::OpenMP::initialize WARNING: OMP_PROC_BIND environment variable not set
  In general, for best performance with OpenMP 4.0 or better set OMP_PROC_BIND=spread and OMP_PLACES=threads
  For best performance with OpenMP 3.1 set OMP_PROC_BIND=true
  For unit testing set OMP_PROC_BIND=false

MPI detected: For OpenMP binding to work as intended, MPI ranks must be bound to exclusive CPU sets.

Kokkos::OpenMP::initialize WARNING: OMP_PROC_BIND environment variable not set
  In general, for best performance with OpenMP 4.0 or better set OMP_PROC_BIND=spread and OMP_PLACES=threads
  For best performance with OpenMP 3.1 set OMP_PROC_BIND=true
  For unit testing set OMP_PROC_BIND=false

MPI detected: For OpenMP binding to work as intended, MPI ranks must be bound to exclusive CPU sets.

Kokkos::OpenMP::initialize WARNING: OMP_PROC_BIND environment variable not set
  In general, for best performance with OpenMP 4.0 or better set OMP_PROC_BIND=spread and OMP_PLACES=threads
  For best performance with OpenMP 3.1 set OMP_PROC_BIND=true
  For unit testing set OMP_PROC_BIND=false

MPI detected: For OpenMP binding to work as intended, MPI ranks must be bound to exclusive CPU sets.

Kokkos::OpenMP::initialize WARNING: OMP_PROC_BIND environment variable not set
  In general, for best performance with OpenMP 4.0 or better set OMP_PROC_BIND=spread and OMP_PLACES=threads
  For best performance with OpenMP 3.1 set OMP_PROC_BIND=true
  For unit testing set OMP_PROC_BIND=false

MPI detected: For OpenMP binding to work as intended, MPI ranks must be bound to exclusive CPU sets.

Kokkos::OpenMP::initialize WARNING: OMP_PROC_BIND environment variable not set
  In general, for best performance with OpenMP 4.0 or better set OMP_PROC_BIND=spread and OMP_PLACES=threads
  For best performance with OpenMP 3.1 set OMP_PROC_BIND=true
  For unit testing set OMP_PROC_BIND=false

MPI detected: For OpenMP binding to work as intended, MPI ranks must be bound to exclusive CPU sets.

Kokkos::OpenMP::initialize WARNING: OMP_PROC_BIND environment variable not set
  In general, for best performance with OpenMP 4.0 or better set OMP_PROC_BIND=spread and OMP_PLACES=threads
  For best performance with OpenMP 3.1 set OMP_PROC_BIND=true
  For unit testing set OMP_PROC_BIND=false

MPI detected: For OpenMP binding to work as intended, MPI ranks must be bound to exclusive CPU sets.


Kokkos::OpenMP::initialize WARNING: OMP_PROC_BIND environment variable not set
  In general, for best performance with OpenMP 4.0 or better set OMP_PROC_BIND=spread and OMP_PLACES=threads
  For best performance with OpenMP 3.1 set OMP_PROC_BIND=true
  For unit testing set OMP_PROC_BIND=false

MPI detected: For OpenMP binding to work as intended, MPI ranks must be bound to exclusive CPU sets.

Kokkos::OpenMP::initialize WARNING: OMP_PROC_BIND environment variable not set
  In general, for best performance with OpenMP 4.0 or better set OMP_PROC_BIND=spread and OMP_PLACES=threads
  For best performance with OpenMP 3.1 set OMP_PROC_BIND=true
  For unit testing set OMP_PROC_BIND=false

MPI detected: For OpenMP binding to work as intended, MPI ranks must be bound to exclusive CPU sets.

Kokkos::OpenMP::initialize WARNING: OMP_PROC_BIND environment variable not set
  In general, for best performance with OpenMP 4.0 or better set OMP_PROC_BIND=spread and OMP_PLACES=threads
  For best performance with OpenMP 3.1 set OMP_PROC_BIND=true
  For unit testing set OMP_PROC_BIND=false

MPI detected: For OpenMP binding to work as intended, MPI ranks must be bound to exclusive CPU sets.

Kokkos::OpenMP::initialize WARNING: OMP_PROC_BIND environment variable not set
  In general, for best performance with OpenMP 4.0 or better set OMP_PROC_BIND=spread and OMP_PLACES=threads
  For best performance with OpenMP 3.1 set OMP_PROC_BIND=true
  For unit testing set OMP_PROC_BIND=false

MPI detected: For OpenMP binding to work as intended, MPI ranks must be bound to exclusive CPU sets.

Kokkos::OpenMP::initialize WARNING: OMP_PROC_BIND environment variable not set
  In general, for best performance with OpenMP 4.0 or better set OMP_PROC_BIND=spread and OMP_PLACES=threads
  For best performance with OpenMP 3.1 set OMP_PROC_BIND=true
  For unit testing set OMP_PROC_BIND=false

MPI detected: For OpenMP binding to work as intended, MPI ranks must be bound to exclusive CPU sets.

Kokkos::OpenMP::initialize WARNING: OMP_PROC_BIND environment variable not set
  In general, for best performance with OpenMP 4.0 or better set OMP_PROC_BIND=spread and OMP_PLACES=threads
  For best performance with OpenMP 3.1 set OMP_PROC_BIND=true
  For unit testing set OMP_PROC_BIND=false

MPI detected: For OpenMP binding to work as intended, MPI ranks must be bound to exclusive CPU sets.

Kokkos::OpenMP::initialize WARNING: OMP_PROC_BIND environment variable not set
  In general, for best performance with OpenMP 4.0 or better set OMP_PROC_BIND=spread and OMP_PLACES=threads
  For best performance with OpenMP 3.1 set OMP_PROC_BIND=true
  For unit testing set OMP_PROC_BIND=false

MPI detected: For OpenMP binding to work as intended, MPI ranks must be bound to exclusive CPU sets.

Kokkos::OpenMP::initialize WARNING: OMP_PROC_BIND environment variable not set
  In general, for best performance with OpenMP 4.0 or better set OMP_PROC_BIND=spread and OMP_PLACES=threads
  For best performance with OpenMP 3.1 set OMP_PROC_BIND=true
  For unit testing set OMP_PROC_BIND=false

MPI detected: For OpenMP binding to work as intended, MPI ranks must be bound to exclusive CPU sets.

MPI detected: For OpenMP binding to work as intended, MPI ranks must be bound to exclusive CPU sets.

MPI detected: For OpenMP binding to work as intended, MPI ranks must be bound to exclusive CPU sets.

Kokkos::OpenMP::initialize WARNING: OMP_PROC_BIND environment variable not set
  In general, for best performance with OpenMP 4.0 or better set OMP_PROC_BIND=spread and OMP_PLACES=threads
  For best performance with OpenMP 3.1 set OMP_PROC_BIND=true
  For unit testing set OMP_PROC_BIND=false

MPI detected: For OpenMP binding to work as intended, MPI ranks must be bound to exclusive CPU sets.

Kokkos::OpenMP::initialize WARNING: OMP_PROC_BIND environment variable not set
  In general, for best performance with OpenMP 4.0 or better set OMP_PROC_BIND=spread and OMP_PLACES=threads
  For best performance with OpenMP 3.1 set OMP_PROC_BIND=true
  For unit testing set OMP_PROC_BIND=false

MPI detected: For OpenMP binding to work as intended, MPI ranks must be bound to exclusive CPU sets.

Kokkos::OpenMP::initialize WARNING: OMP_PROC_BIND environment variable not set
  In general, for best performance with OpenMP 4.0 or better set OMP_PROC_BIND=spread and OMP_PLACES=threads
  For best performance with OpenMP 3.1 set OMP_PROC_BIND=true
  For unit testing set OMP_PROC_BIND=false

MPI detected: For OpenMP binding to work as intended, MPI ranks must be bound to exclusive CPU sets.

Kokkos::OpenMP::initialize WARNING: OMP_PROC_BIND environment variable not set
  In general, for best performance with OpenMP 4.0 or better set OMP_PROC_BIND=spread and OMP_PLACES=threads
  For best performance with OpenMP 3.1 set OMP_PROC_BIND=true
  For unit testing set OMP_PROC_BIND=false

MPI detected: For OpenMP binding to work as intended, MPI ranks must be bound to exclusive CPU sets.

Kokkos::OpenMP::initialize WARNING: OMP_PROC_BIND environment variable not set
  In general, for best performance with OpenMP 4.0 or better set OMP_PROC_BIND=spread and OMP_PLACES=threads
  For best performance with OpenMP 3.1 set OMP_PROC_BIND=true
  For unit testing set OMP_PROC_BIND=false

MPI detected: For OpenMP binding to work as intended, MPI ranks must be bound to exclusive CPU sets.

Kokkos::OpenMP::initialize WARNING: OMP_PROC_BIND environment variable not set
  In general, for best performance with OpenMP 4.0 or better set OMP_PROC_BIND=spread and OMP_PLACES=threads
  For best performance with OpenMP 3.1 set OMP_PROC_BIND=true
  For unit testing set OMP_PROC_BIND=false

MPI detected: For OpenMP binding to work as intended, MPI ranks must be bound to exclusive CPU sets.

Kokkos::OpenMP::initialize WARNING: OMP_PROC_BIND environment variable not set
  In general, for best performance with OpenMP 4.0 or better set OMP_PROC_BIND=spread and OMP_PLACES=threads
  For best performance with OpenMP 3.1 set OMP_PROC_BIND=true
  For unit testing set OMP_PROC_BIND=false

MPI detected: For OpenMP binding to work as intended, MPI ranks must be bound to exclusive CPU sets.

Kokkos::OpenMP::initialize WARNING: OMP_PROC_BIND environment variable not set
  In general, for best performance with OpenMP 4.0 or better set OMP_PROC_BIND=spread and OMP_PLACES=threads
  For best performance with OpenMP 3.1 set OMP_PROC_BIND=true
  For unit testing set OMP_PROC_BIND=false

MPI detected: For OpenMP binding to work as intended, MPI ranks must be bound to exclusive CPU sets.

Kokkos::OpenMP::initialize WARNING: OMP_PROC_BIND environment variable not set
  In general, for best performance with OpenMP 4.0 or better set OMP_PROC_BIND=spread and OMP_PLACES=threads
  For best performance with OpenMP 3.1 set OMP_PROC_BIND=true
  For unit testing set OMP_PROC_BIND=false

MPI detected: For OpenMP binding to work as intended, MPI ranks must be bound to exclusive CPU sets.

Kokkos::OpenMP::initialize WARNING: OMP_PROC_BIND environment variable not set
  In general, for best performance with OpenMP 4.0 or better set OMP_PROC_BIND=spread and OMP_PLACES=threads
  For best performance with OpenMP 3.1 set OMP_PROC_BIND=true
  For unit testing set OMP_PROC_BIND=false

MPI detected: For OpenMP binding to work as intended, MPI ranks must be bound to exclusive CPU sets.

Kokkos::OpenMP::initialize WARNING: OMP_PROC_BIND environment variable not set
  In general, for best performance with OpenMP 4.0 or better set OMP_PROC_BIND=spread and OMP_PLACES=threads
  For best performance with OpenMP 3.1 set OMP_PROC_BIND=true
  For unit testing set OMP_PROC_BIND=false

Kokkos::OpenMP::initialize WARNING: OMP_PROC_BIND environment variable not set
  In general, for best performance with OpenMP 4.0 or better set OMP_PROC_BIND=spread and OMP_PLACES=threads
  For best performance with OpenMP 3.1 set OMP_PROC_BIND=true
  For unit testing set OMP_PROC_BIND=false

MPI detected: For OpenMP binding to work as intended, MPI ranks must be bound to exclusive CPU sets.

Kokkos::OpenMP::initialize WARNING: OMP_PROC_BIND environment variable not set
  In general, for best performance with OpenMP 4.0 or better set OMP_PROC_BIND=spread and OMP_PLACES=threads
  For best performance with OpenMP 3.1 set OMP_PROC_BIND=true
  For unit testing set OMP_PROC_BIND=false

MPI detected: For OpenMP binding to work as intended, MPI ranks must be bound to exclusive CPU sets.

Kokkos::OpenMP::initialize WARNING: OMP_PROC_BIND environment variable not set
  In general, for best performance with OpenMP 4.0 or better set OMP_PROC_BIND=spread and OMP_PLACES=threads
  For best performance with OpenMP 3.1 set OMP_PROC_BIND=true
  For unit testing set OMP_PROC_BIND=false

MPI detected: For OpenMP binding to work as intended, MPI ranks must be bound to exclusive CPU sets.

Kokkos::OpenMP::initialize WARNING: OMP_PROC_BIND environment variable not set
  In general, for best performance with OpenMP 4.0 or better set OMP_PROC_BIND=spread and OMP_PLACES=threads
  For best performance with OpenMP 3.1 set OMP_PROC_BIND=true
  For unit testing set OMP_PROC_BIND=false

MPI detected: For OpenMP binding to work as intended, MPI ranks must be bound to exclusive CPU sets.

Kokkos::OpenMP::initialize WARNING: OMP_PROC_BIND environment variable not set
  In general, for best performance with OpenMP 4.0 or better set OMP_PROC_BIND=spread and OMP_PLACES=threads
  For best performance with OpenMP 3.1 set OMP_PROC_BIND=true
  For unit testing set OMP_PROC_BIND=false

Kokkos::OpenMP::initialize WARNING: OMP_PROC_BIND environment variable not set
  In general, for best performance with OpenMP 4.0 or better set OMP_PROC_BIND=spread and OMP_PLACES=threads
  For best performance with OpenMP 3.1 set OMP_PROC_BIND=true
  For unit testing set OMP_PROC_BIND=false

MPI detected: For OpenMP binding to work as intended, MPI ranks must be bound to exclusive CPU sets.

Kokkos::OpenMP::initialize WARNING: OMP_PROC_BIND environment variable not set
  In general, for best performance with OpenMP 4.0 or better set OMP_PROC_BIND=spread and OMP_PLACES=threads
  For best performance with OpenMP 3.1 set OMP_PROC_BIND=true
  For unit testing set OMP_PROC_BIND=false

MPI detected: For OpenMP binding to work as intended, MPI ranks must be bound to exclusive CPU sets.

Kokkos::OpenMP::initialize WARNING: OMP_PROC_BIND environment variable not set
  In general, for best performance with OpenMP 4.0 or better set OMP_PROC_BIND=spread and OMP_PLACES=threads
  For best performance with OpenMP 3.1 set OMP_PROC_BIND=true
  For unit testing set OMP_PROC_BIND=false

MPI detected: For OpenMP binding to work as intended, MPI ranks must be bound to exclusive CPU sets.

Kokkos::OpenMP::initialize WARNING: OMP_PROC_BIND environment variable not set
  In general, for best performance with OpenMP 4.0 or better set OMP_PROC_BIND=spread and OMP_PLACES=threads
  For best performance with OpenMP 3.1 set OMP_PROC_BIND=true
  For unit testing set OMP_PROC_BIND=false

MPI detected: For OpenMP binding to work as intended, MPI ranks must be bound to exclusive CPU sets.

Kokkos::OpenMP::initialize WARNING: OMP_PROC_BIND environment variable not set
  In general, for best performance with OpenMP 4.0 or better set OMP_PROC_BIND=spread and OMP_PLACES=threads
  For best performance with OpenMP 3.1 set OMP_PROC_BIND=true
  For unit testing set OMP_PROC_BIND=false

MPI detected: For OpenMP binding to work as intended, MPI ranks must be bound to exclusive CPU sets.

Kokkos::OpenMP::initialize WARNING: OMP_PROC_BIND environment variable not set
  In general, for best performance with OpenMP 4.0 or better set OMP_PROC_BIND=spread and OMP_PLACES=threads
  For best performance with OpenMP 3.1 set OMP_PROC_BIND=true
  For unit testing set OMP_PROC_BIND=false

MPI detected: For OpenMP binding to work as intended, MPI ranks must be bound to exclusive CPU sets.

Kokkos::OpenMP::initialize WARNING: OMP_PROC_BIND environment variable not set
  In general, for best performance with OpenMP 4.0 or better set OMP_PROC_BIND=spread and OMP_PLACES=threads
  For best performance with OpenMP 3.1 set OMP_PROC_BIND=true
  For unit testing set OMP_PROC_BIND=false

MPI detected: For OpenMP binding to work as intended, MPI ranks must be bound to exclusive CPU sets.

Kokkos::OpenMP::initialize WARNING: OMP_PROC_BIND environment variable not set
  In general, for best performance with OpenMP 4.0 or better set OMP_PROC_BIND=spread and OMP_PLACES=threads
  For best performance with OpenMP 3.1 set OMP_PROC_BIND=true
  For unit testing set OMP_PROC_BIND=false

MPI detected: For OpenMP binding to work as intended, MPI ranks must be bound to exclusive CPU sets.

Kokkos::OpenMP::initialize WARNING: OMP_PROC_BIND environment variable not set
  In general, for best performance with OpenMP 4.0 or better set OMP_PROC_BIND=spread and OMP_PLACES=threads
  For best performance with OpenMP 3.1 set OMP_PROC_BIND=true
  For unit testing set OMP_PROC_BIND=false

MPI detected: For OpenMP binding to work as intended, MPI ranks must be bound to exclusive CPU sets.

Kokkos::OpenMP::initialize WARNING: OMP_PROC_BIND environment variable not set
  In general, for best performance with OpenMP 4.0 or better set OMP_PROC_BIND=spread and OMP_PLACES=threads
  For best performance with OpenMP 3.1 set OMP_PROC_BIND=true
  For unit testing set OMP_PROC_BIND=false

MPI detected: For OpenMP binding to work as intended, MPI ranks must be bound to exclusive CPU sets.

Kokkos::OpenMP::initialize WARNING: OMP_PROC_BIND environment variable not set
  In general, for best performance with OpenMP 4.0 or better set OMP_PROC_BIND=spread and OMP_PLACES=threads
  For best performance with OpenMP 3.1 set OMP_PROC_BIND=true
  For unit testing set OMP_PROC_BIND=false

MPI detected: For OpenMP binding to work as intended, MPI ranks must be bound to exclusive CPU sets.

Kokkos::OpenMP::initialize WARNING: OMP_PROC_BIND environment variable not set
  In general, for best performance with OpenMP 4.0 or better set OMP_PROC_BIND=spread and OMP_PLACES=threads
  For best performance with OpenMP 3.1 set OMP_PROC_BIND=true
  For unit testing set OMP_PROC_BIND=false

MPI detected: For OpenMP binding to work as intended, MPI ranks must be bound to exclusive CPU sets.

Kokkos::OpenMP::initialize WARNING: OMP_PROC_BIND environment variable not set
  In general, for best performance with OpenMP 4.0 or better set OMP_PROC_BIND=spread and OMP_PLACES=threads
  For best performance with OpenMP 3.1 set OMP_PROC_BIND=true
  For unit testing set OMP_PROC_BIND=false

MPI detected: For OpenMP binding to work as intended, MPI ranks must be bound to exclusive CPU sets.

Kokkos::OpenMP::initialize WARNING: OMP_PROC_BIND environment variable not set
  In general, for best performance with OpenMP 4.0 or better set OMP_PROC_BIND=spread and OMP_PLACES=threads
  For best performance with OpenMP 3.1 set OMP_PROC_BIND=true
  For unit testing set OMP_PROC_BIND=false

MPI detected: For OpenMP binding to work as intended, MPI ranks must be bound to exclusive CPU sets.

Kokkos::OpenMP::initialize WARNING: OMP_PROC_BIND environment variable not set
  In general, for best performance with OpenMP 4.0 or better set OMP_PROC_BIND=spread and OMP_PLACES=threads
  For best performance with OpenMP 3.1 set OMP_PROC_BIND=true
  For unit testing set OMP_PROC_BIND=false

MPI detected: For OpenMP binding to work as intended, MPI ranks must be bound to exclusive CPU sets.

Kokkos::OpenMP::initialize WARNING: OMP_PROC_BIND environment variable not set
  In general, for best performance with OpenMP 4.0 or better set OMP_PROC_BIND=spread and OMP_PLACES=threads
  For best performance with OpenMP 3.1 set OMP_PROC_BIND=true
  For unit testing set OMP_PROC_BIND=false

MPI detected: For OpenMP binding to work as intended, MPI ranks must be bound to exclusive CPU sets.

Kokkos::OpenMP::initialize WARNING: OMP_PROC_BIND environment variable not set
  In general, for best performance with OpenMP 4.0 or better set OMP_PROC_BIND=spread and OMP_PLACES=threads
  For best performance with OpenMP 3.1 set OMP_PROC_BIND=true
  For unit testing set OMP_PROC_BIND=false

MPI detected: For OpenMP binding to work as intended, MPI ranks must be bound to exclusive CPU sets.

Kokkos::OpenMP::initialize WARNING: OMP_PROC_BIND environment variable not set
  In general, for best performance with OpenMP 4.0 or better set OMP_PROC_BIND=spread and OMP_PLACES=threads
  For best performance with OpenMP 3.1 set OMP_PROC_BIND=true
  For unit testing set OMP_PROC_BIND=false

MPI detected: For OpenMP binding to work as intended, MPI ranks must be bound to exclusive CPU sets.

Kokkos::OpenMP::initialize WARNING: OMP_PROC_BIND environment variable not set
  In general, for best performance with OpenMP 4.0 or better set OMP_PROC_BIND=spread and OMP_PLACES=threads
  For best performance with OpenMP 3.1 set OMP_PROC_BIND=true
  For unit testing set OMP_PROC_BIND=false

MPI detected: For OpenMP binding to work as intended, MPI ranks must be bound to exclusive CPU sets.

Kokkos::OpenMP::initialize WARNING: OMP_PROC_BIND environment variable not set
  In general, for best performance with OpenMP 4.0 or better set OMP_PROC_BIND=spread and OMP_PLACES=threads
  For best performance with OpenMP 3.1 set OMP_PROC_BIND=true
  For unit testing set OMP_PROC_BIND=false

MPI detected: For OpenMP binding to work as intended, MPI ranks must be bound to exclusive CPU sets.

Kokkos::OpenMP::initialize WARNING: OMP_PROC_BIND environment variable not set
  In general, for best performance with OpenMP 4.0 or better set OMP_PROC_BIND=spread and OMP_PLACES=threads
  For best performance with OpenMP 3.1 set OMP_PROC_BIND=true
  For unit testing set OMP_PROC_BIND=false

MPI detected: For OpenMP binding to work as intended, MPI ranks must be bound to exclusive CPU sets.

Kokkos::OpenMP::initialize WARNING: OMP_PROC_BIND environment variable not set
  In general, for best performance with OpenMP 4.0 or better set OMP_PROC_BIND=spread and OMP_PLACES=threads
  For best performance with OpenMP 3.1 set OMP_PROC_BIND=true
  For unit testing set OMP_PROC_BIND=false

MPI detected: For OpenMP binding to work as intended, MPI ranks must be bound to exclusive CPU sets.

Kokkos::OpenMP::initialize WARNING: OMP_PROC_BIND environment variable not set
  In general, for best performance with OpenMP 4.0 or better set OMP_PROC_BIND=spread and OMP_PLACES=threads
  For best performance with OpenMP 3.1 set OMP_PROC_BIND=true
  For unit testing set OMP_PROC_BIND=false

MPI detected: For OpenMP binding to work as intended, MPI ranks must be bound to exclusive CPU sets.

Kokkos::OpenMP::initialize WARNING: OMP_PROC_BIND environment variable not set
  In general, for best performance with OpenMP 4.0 or better set OMP_PROC_BIND=spread and OMP_PLACES=threads
  For best performance with OpenMP 3.1 set OMP_PROC_BIND=true
  For unit testing set OMP_PROC_BIND=false

MPI detected: For OpenMP binding to work as intended, MPI ranks must be bound to exclusive CPU sets.

Kokkos::OpenMP::initialize WARNING: OMP_PROC_BIND environment variable not set
  In general, for best performance with OpenMP 4.0 or better set OMP_PROC_BIND=spread and OMP_PLACES=threads
  For best performance with OpenMP 3.1 set OMP_PROC_BIND=true
  For unit testing set OMP_PROC_BIND=false

MPI detected: For OpenMP binding to work as intended, MPI ranks must be bound to exclusive CPU sets.

Kokkos::OpenMP::initialize WARNING: OMP_PROC_BIND environment variable not set
  In general, for best performance with OpenMP 4.0 or better set OMP_PROC_BIND=spread and OMP_PLACES=threads
  For best performance with OpenMP 3.1 set OMP_PROC_BIND=true
  For unit testing set OMP_PROC_BIND=false

MPI detected: For OpenMP binding to work as intended, MPI ranks must be bound to exclusive CPU sets.

Kokkos::OpenMP::initialize WARNING: OMP_PROC_BIND environment variable not set
  In general, for best performance with OpenMP 4.0 or better set OMP_PROC_BIND=spread and OMP_PLACES=threads
  For best performance with OpenMP 3.1 set OMP_PROC_BIND=true
  For unit testing set OMP_PROC_BIND=false

MPI detected: For OpenMP binding to work as intended, MPI ranks must be bound to exclusive CPU sets.

Kokkos::OpenMP::initialize WARNING: OMP_PROC_BIND environment variable not set
  In general, for best performance with OpenMP 4.0 or better set OMP_PROC_BIND=spread and OMP_PLACES=threads
  For best performance with OpenMP 3.1 set OMP_PROC_BIND=true
  For unit testing set OMP_PROC_BIND=false

MPI detected: For OpenMP binding to work as intended, MPI ranks must be bound to exclusive CPU sets.

Kokkos::OpenMP::initialize WARNING: OMP_PROC_BIND environment variable not set
  In general, for best performance with OpenMP 4.0 or better set OMP_PROC_BIND=spread and OMP_PLACES=threads
  For best performance with OpenMP 3.1 set OMP_PROC_BIND=true
  For unit testing set OMP_PROC_BIND=false

MPI detected: For OpenMP binding to work as intended, MPI ranks must be bound to exclusive CPU sets.

Kokkos::OpenMP::initialize WARNING: OMP_PROC_BIND environment variable not set
  In general, for best performance with OpenMP 4.0 or better set OMP_PROC_BIND=spread and OMP_PLACES=threads
  For best performance with OpenMP 3.1 set OMP_PROC_BIND=true
  For unit testing set OMP_PROC_BIND=false

MPI detected: For OpenMP binding to work as intended, MPI ranks must be bound to exclusive CPU sets.

Kokkos::OpenMP::initialize WARNING: OMP_PROC_BIND environment variable not set
  In general, for best performance with OpenMP 4.0 or better set OMP_PROC_BIND=spread and OMP_PLACES=threads
  For best performance with OpenMP 3.1 set OMP_PROC_BIND=true
  For unit testing set OMP_PROC_BIND=false

MPI detected: For OpenMP binding to work as intended, MPI ranks must be bound to exclusive CPU sets.

Kokkos::OpenMP::initialize WARNING: OMP_PROC_BIND environment variable not set
  In general, for best performance with OpenMP 4.0 or better set OMP_PROC_BIND=spread and OMP_PLACES=threads
  For best performance with OpenMP 3.1 set OMP_PROC_BIND=true
  For unit testing set OMP_PROC_BIND=false

MPI detected: For OpenMP binding to work as intended, MPI ranks must be bound to exclusive CPU sets.

Kokkos::OpenMP::initialize WARNING: OMP_PROC_BIND environment variable not set
  In general, for best performance with OpenMP 4.0 or better set OMP_PROC_BIND=spread and OMP_PLACES=threads
  For best performance with OpenMP 3.1 set OMP_PROC_BIND=true
  For unit testing set OMP_PROC_BIND=false

MPI detected: For OpenMP binding to work as intended, MPI ranks must be bound to exclusive CPU sets.

Kokkos::OpenMP::initialize WARNING: OMP_PROC_BIND environment variable not set
  In general, for best performance with OpenMP 4.0 or better set OMP_PROC_BIND=spread and OMP_PLACES=threads
  For best performance with OpenMP 3.1 set OMP_PROC_BIND=true
  For unit testing set OMP_PROC_BIND=false

MPI detected: For OpenMP binding to work as intended, MPI ranks must be bound to exclusive CPU sets.

Kokkos::OpenMP::initialize WARNING: OMP_PROC_BIND environment variable not set
  In general, for best performance with OpenMP 4.0 or better set OMP_PROC_BIND=spread and OMP_PLACES=threads
  For best performance with OpenMP 3.1 set OMP_PROC_BIND=true
  For unit testing set OMP_PROC_BIND=false

MPI detected: For OpenMP binding to work as intended, MPI ranks must be bound to exclusive CPU sets.

Kokkos::OpenMP::initialize WARNING: OMP_PROC_BIND environment variable not set
  In general, for best performance with OpenMP 4.0 or better set OMP_PROC_BIND=spread and OMP_PLACES=threads
  For best performance with OpenMP 3.1 set OMP_PROC_BIND=true
  For unit testing set OMP_PROC_BIND=false

MPI detected: For OpenMP binding to work as intended, MPI ranks must be bound to exclusive CPU sets.

Kokkos::OpenMP::initialize WARNING: OMP_PROC_BIND environment variable not set
  In general, for best performance with OpenMP 4.0 or better set OMP_PROC_BIND=spread and OMP_PLACES=threads
  For best performance with OpenMP 3.1 set OMP_PROC_BIND=true
  For unit testing set OMP_PROC_BIND=false

MPI detected: For OpenMP binding to work as intended, MPI ranks must be bound to exclusive CPU sets.

Kokkos::OpenMP::initialize WARNING: OMP_PROC_BIND environment variable not set
  In general, for best performance with OpenMP 4.0 or better set OMP_PROC_BIND=spread and OMP_PLACES=threads
  For best performance with OpenMP 3.1 set OMP_PROC_BIND=true
  For unit testing set OMP_PROC_BIND=false

MPI detected: For OpenMP binding to work as intended, MPI ranks must be bound to exclusive CPU sets.

Kokkos::OpenMP::initialize WARNING: OMP_PROC_BIND environment variable not set
  In general, for best performance with OpenMP 4.0 or better set OMP_PROC_BIND=spread and OMP_PLACES=threads
  For best performance with OpenMP 3.1 set OMP_PROC_BIND=true
  For unit testing set OMP_PROC_BIND=false

MPI detected: For OpenMP binding to work as intended, MPI ranks must be bound to exclusive CPU sets.

MPI detected: For OpenMP binding to work as intended, MPI ranks must be bound to exclusive CPU sets.

Kokkos::OpenMP::initialize WARNING: OMP_PROC_BIND environment variable not set
  In general, for best performance with OpenMP 4.0 or better set OMP_PROC_BIND=spread and OMP_PLACES=threads
  For best performance with OpenMP 3.1 set OMP_PROC_BIND=true
  For unit testing set OMP_PROC_BIND=false

MPI detected: For OpenMP binding to work as intended, MPI ranks must be bound to exclusive CPU sets.

MPI detected: For OpenMP binding to work as intended, MPI ranks must be bound to exclusive CPU sets.

Kokkos::OpenMP::initialize WARNING: OMP_PROC_BIND environment variable not set
  In general, for best performance with OpenMP 4.0 or better set OMP_PROC_BIND=spread and OMP_PLACES=threads
  For best performance with OpenMP 3.1 set OMP_PROC_BIND=true
  For unit testing set OMP_PROC_BIND=false

MPI detected: For OpenMP binding to work as intended, MPI ranks must be bound to exclusive CPU sets.

Kokkos::OpenMP::initialize WARNING: OMP_PROC_BIND environment variable not set
  In general, for best performance with OpenMP 4.0 or better set OMP_PROC_BIND=spread and OMP_PLACES=threads
  For best performance with OpenMP 3.1 set OMP_PROC_BIND=true
  For unit testing set OMP_PROC_BIND=false

MPI detected: For OpenMP binding to work as intended, MPI ranks must be bound to exclusive CPU sets.

Kokkos::OpenMP::initialize WARNING: OMP_PROC_BIND environment variable not set
  In general, for best performance with OpenMP 4.0 or better set OMP_PROC_BIND=spread and OMP_PLACES=threads
  For best performance with OpenMP 3.1 set OMP_PROC_BIND=true
  For unit testing set OMP_PROC_BIND=false

MPI detected: For OpenMP binding to work as intended, MPI ranks must be bound to exclusive CPU sets.

Kokkos::OpenMP::initialize WARNING: OMP_PROC_BIND environment variable not set
  In general, for best performance with OpenMP 4.0 or better set OMP_PROC_BIND=spread and OMP_PLACES=threads
  For best performance with OpenMP 3.1 set OMP_PROC_BIND=true
  For unit testing set OMP_PROC_BIND=false

MPI detected: For OpenMP binding to work as intended, MPI ranks must be bound to exclusive CPU sets.

Kokkos::OpenMP::initialize WARNING: OMP_PROC_BIND environment variable not set
  In general, for best performance with OpenMP 4.0 or better set OMP_PROC_BIND=spread and OMP_PLACES=threads
  For best performance with OpenMP 3.1 set OMP_PROC_BIND=true
  For unit testing set OMP_PROC_BIND=false

MPI detected: For OpenMP binding to work as intended, MPI ranks must be bound to exclusive CPU sets.

Kokkos::OpenMP::initialize WARNING: OMP_PROC_BIND environment variable not set
  In general, for best performance with OpenMP 4.0 or better set OMP_PROC_BIND=spread and OMP_PLACES=threads
  For best performance with OpenMP 3.1 set OMP_PROC_BIND=true
  For unit testing set OMP_PROC_BIND=false

MPI detected: For OpenMP binding to work as intended, MPI ranks must be bound to exclusive CPU sets.

Kokkos::OpenMP::initialize WARNING: OMP_PROC_BIND environment variable not set
  In general, for best performance with OpenMP 4.0 or better set OMP_PROC_BIND=spread and OMP_PLACES=threads
  For best performance with OpenMP 3.1 set OMP_PROC_BIND=true
  For unit testing set OMP_PROC_BIND=false

MPI detected: For OpenMP binding to work as intended, MPI ranks must be bound to exclusive CPU sets.

Kokkos::OpenMP::initialize WARNING: OMP_PROC_BIND environment variable not set
  In general, for best performance with OpenMP 4.0 or better set OMP_PROC_BIND=spread and OMP_PLACES=threads
  For best performance with OpenMP 3.1 set OMP_PROC_BIND=true
  For unit testing set OMP_PROC_BIND=false

MPI detected: For OpenMP binding to work as intended, MPI ranks must be bound to exclusive CPU sets.

Kokkos::OpenMP::initialize WARNING: OMP_PROC_BIND environment variable not set
  In general, for best performance with OpenMP 4.0 or better set OMP_PROC_BIND=spread and OMP_PLACES=threads
  For best performance with OpenMP 3.1 set OMP_PROC_BIND=true
  For unit testing set OMP_PROC_BIND=false

MPI detected: For OpenMP binding to work as intended, MPI ranks must be bound to exclusive CPU sets.

Kokkos::OpenMP::initialize WARNING: OMP_PROC_BIND environment variable not set
  In general, for best performance with OpenMP 4.0 or better set OMP_PROC_BIND=spread and OMP_PLACES=threads
  For best performance with OpenMP 3.1 set OMP_PROC_BIND=true
  For unit testing set OMP_PROC_BIND=false

MPI detected: For OpenMP binding to work as intended, MPI ranks must be bound to exclusive CPU sets.

Kokkos::OpenMP::initialize WARNING: OMP_PROC_BIND environment variable not set
  In general, for best performance with OpenMP 4.0 or better set OMP_PROC_BIND=spread and OMP_PLACES=threads
  For best performance with OpenMP 3.1 set OMP_PROC_BIND=true
  For unit testing set OMP_PROC_BIND=false

MPI detected: For OpenMP binding to work as intended, MPI ranks must be bound to exclusive CPU sets.

Kokkos::OpenMP::initialize WARNING: OMP_PROC_BIND environment variable not set
  In general, for best performance with OpenMP 4.0 or better set OMP_PROC_BIND=spread and OMP_PLACES=threads
  For best performance with OpenMP 3.1 set OMP_PROC_BIND=true
  For unit testing set OMP_PROC_BIND=false

MPI detected: For OpenMP binding to work as intended, MPI ranks must be bound to exclusive CPU sets.

Kokkos::OpenMP::initialize WARNING: OMP_PROC_BIND environment variable not set
  In general, for best performance with OpenMP 4.0 or better set OMP_PROC_BIND=spread and OMP_PLACES=threads
  For best performance with OpenMP 3.1 set OMP_PROC_BIND=true
  For unit testing set OMP_PROC_BIND=false

MPI detected: For OpenMP binding to work as intended, MPI ranks must be bound to exclusive CPU sets.

Kokkos::OpenMP::initialize WARNING: OMP_PROC_BIND environment variable not set
  In general, for best performance with OpenMP 4.0 or better set OMP_PROC_BIND=spread and OMP_PLACES=threads
  For best performance with OpenMP 3.1 set OMP_PROC_BIND=true
  For unit testing set OMP_PROC_BIND=false

MPI detected: For OpenMP binding to work as intended, MPI ranks must be bound to exclusive CPU sets.

Kokkos::OpenMP::initialize WARNING: OMP_PROC_BIND environment variable not set
  In general, for best performance with OpenMP 4.0 or better set OMP_PROC_BIND=spread and OMP_PLACES=threads
  For best performance with OpenMP 3.1 set OMP_PROC_BIND=true
  For unit testing set OMP_PROC_BIND=false

MPI detected: For OpenMP binding to work as intended, MPI ranks must be bound to exclusive CPU sets.

Kokkos::OpenMP::initialize WARNING: OMP_PROC_BIND environment variable not set
  In general, for best performance with OpenMP 4.0 or better set OMP_PROC_BIND=spread and OMP_PLACES=threads
  For best performance with OpenMP 3.1 set OMP_PROC_BIND=true
  For unit testing set OMP_PROC_BIND=false

MPI detected: For OpenMP binding to work as intended, MPI ranks must be bound to exclusive CPU sets.

Kokkos::OpenMP::initialize WARNING: OMP_PROC_BIND environment variable not set
  In general, for best performance with OpenMP 4.0 or better set OMP_PROC_BIND=spread and OMP_PLACES=threads
  For best performance with OpenMP 3.1 set OMP_PROC_BIND=true
  For unit testing set OMP_PROC_BIND=false

MPI detected: For OpenMP binding to work as intended, MPI ranks must be bound to exclusive CPU sets.

Kokkos::OpenMP::initialize WARNING: OMP_PROC_BIND environment variable not set
  In general, for best performance with OpenMP 4.0 or better set OMP_PROC_BIND=spread and OMP_PLACES=threads
  For best performance with OpenMP 3.1 set OMP_PROC_BIND=true
  For unit testing set OMP_PROC_BIND=false

MPI detected: For OpenMP binding to work as intended, MPI ranks must be bound to exclusive CPU sets.

Kokkos::OpenMP::initialize WARNING: OMP_PROC_BIND environment variable not set
  In general, for best performance with OpenMP 4.0 or better set OMP_PROC_BIND=spread and OMP_PLACES=threads
  For best performance with OpenMP 3.1 set OMP_PROC_BIND=true
  For unit testing set OMP_PROC_BIND=false

MPI detected: For OpenMP binding to work as intended, MPI ranks must be bound to exclusive CPU sets.

Kokkos::OpenMP::initialize WARNING: OMP_PROC_BIND environment variable not set
  In general, for best performance with OpenMP 4.0 or better set OMP_PROC_BIND=spread and OMP_PLACES=threads
  For best performance with OpenMP 3.1 set OMP_PROC_BIND=true
  For unit testing set OMP_PROC_BIND=false

MPI detected: For OpenMP binding to work as intended, MPI ranks must be bound to exclusive CPU sets.

Kokkos::OpenMP::initialize WARNING: OMP_PROC_BIND environment variable not set
  In general, for best performance with OpenMP 4.0 or better set OMP_PROC_BIND=spread and OMP_PLACES=threads
  For best performance with OpenMP 3.1 set OMP_PROC_BIND=true
  For unit testing set OMP_PROC_BIND=false

MPI detected: For OpenMP binding to work as intended, MPI ranks must be bound to exclusive CPU sets.

Kokkos::OpenMP::initialize WARNING: OMP_PROC_BIND environment variable not set
  In general, for best performance with OpenMP 4.0 or better set OMP_PROC_BIND=spread and OMP_PLACES=threads
  For best performance with OpenMP 3.1 set OMP_PROC_BIND=true
  For unit testing set OMP_PROC_BIND=false

MPI detected: For OpenMP binding to work as intended, MPI ranks must be bound to exclusive CPU sets.

terminate called after throwing an instance of 'std::runtime_error'
  what():  Kokkos ERROR: Cuda memory space failed to allocate 1.001 GiB (label="temp_storage").
[jwb0122:3630673] *** Process received signal ***
[jwb0122:3630673] Signal: Aborted (6)
[jwb0122:3630673] Signal code:  (-6)
terminate called after throwing an instance of 'std::runtime_error'
  what():  Kokkos ERROR: Cuda memory space failed to allocate 1.029 GiB (label="temp_storage").
[jwb0122:3630672] *** Process received signal ***
[jwb0122:3630672] Signal: Aborted (6)
[jwb0122:3630672] Signal code:  (-6)
[jwb0122:3630672] [ 0] /usr/lib64/libc.so.6(+0x3fc30)[0x14d76eb20c30]
[jwb0122:3630672] [ 1] /usr/lib64/libc.so.6(+0x8d02c)[0x14d76eb6e02c]
[jwb0122:3630672] [ 2] /usr/lib64/libc.so.6(raise+0x16)[0x14d76eb20b86]
[jwb0122:3630672] [ 3] /usr/lib64/libc.so.6(abort+0xd3)[0x14d76eb0a873]
[jwb0122:3630672] [ 4] /p/software/default/stages/2026/software/GCCcore/14.3.0/lib64/libstdc++.so.6(+0xadc3d)[0x14d76edc5c3d]
[jwb0122:3630672] [ 5] /p/software/default/stages/2026/software/GCCcore/14.3.0/lib64/libstdc++.so.6(+0xbf14a)[0x14d76edd714a]
[jwb0122:3630672] [ 6] /p/software/default/stages/2026/software/GCCcore/14.3.0/lib64/libstdc++.so.6(_ZSt10unexpectedv+0x0)[0x14d76edc57e9]
[jwb0122:3630672] [ 7] /p/software/default/stages/2026/software/GCCcore/14.3.0/lib64/libstdc++.so.6(+0xbf3c7)[0x14d76edd73c7]
[jwb0122:3630672] [ 8] /p/home/jusers/fischill1/juwels/ippl/build_fin/_deps/kokkos-build/core/src/libkokkoscore.so.5.0(_ZN6Kokkos4Impl15throw_bad_allocESt17basic_string_viewIcSt11char_traitsIcEEmS4_+0x115)[0x14d76f265e05]
[jwb0122:3630672] [ 9] /p[jwb0122:3630673] [ 0] /usr/lib64/libc.so.6(+0x3fc30)[0x15111281ac30]
[jwb0122:3630673] [ 1] /usr/lib64/libc.so.6(+0x8d02c)[0x15111286802c]
[jwb0122:3630673] [ 2] /usr/lib64/libc.so.6(raise+0x16)[0x15111281ab86]
[jwb0122:3630673] [ 3] /usr/lib64/libc.so.6(abort+0xd3)[0x151112804873]
[jwb0122:3630673] [ 4] /p/software/default/stages/2026/software/GCCcore/14.3.0/lib64/libstdc++.so.6(+0xadc3d)[0x151112abfc3d]
[jwb0122:3630673] [ 5] /p/software/default/stages/2026/software/GCCcore/14.3.0/lib64/libstdc++.so.6(+0xbf14a)[0x151112ad114a]
[jwb0122:3630673] [ 6] /p/software/default/stages/2026/software/GCCcore/14.3.0/lib64/libstdc++.so.6(_ZSt10unexpectedv+0x0)[0x151112abf7e9]
[jwb0122:3630673] [ 7] /p/software/default/stages/2026/software/GCCcore/14.3.0/lib64/libstdc++.so.6(+0xbf3c7)[0x151112ad13c7]
[jwb0122:3630673] [ 8] /p/home/jusers/fischill1/juwels/ippl/build_fin/_deps/kokkos-build/core/src/libkokkoscore.so.5.0(_ZN6Kokkos4Impl15throw_bad_allocESt17basic_string_viewIcSt11char_traitsIcEEmS4_+0x115)[0x151112f5fe05]
[jwb0122:3630673] [ 9] /p/home/jusers/fischill1/juwels/ippl/build_fin/_deps/kokkos-build/core/src/libkokkoscore.so.5.0(_ZNK6Kokkos9CudaSpace13impl_allocateEPKcmm28Kokkos_Profiling_SpaceHandle+0x219)[0x14d76f278319]
[jwb0122:3630672] [10] /p/home/jusers/fischill1/juwels/ippl/build_fin/_deps/kokkos-build/core/src/libkokkoscore.so.5.0(_ZNK6Kokkos9CudaSpace8allocateEPKcmm+0x65)[0x14d76f278395]
[jwb0122:3630672] [11] /p/home/jusers/fischill1/juwels/ippl/build_fin/_deps/kokkos-build/core/src/libkokkoscore.so.5.0(_ZN6Kokkos4Impl44HostInaccessibleSharedAllocationRecordCommonINS_9CudaSpaceEEC2ERKS2_RKNSt7__cxx1112basic_stringIcSt11char_traitsIcESaIcEEEmPFvPNS0_22SharedAllocationRecordIvvEEE+0x30)[0x14d76f27a260]
[jwb0122:3630672] [12] /p/home/jusers/fischill1/juwels/ippl/build_fin/alpine/ElectrostaticPIF/LandauDampingPIF[0x49cd3a]
[jwb0122:3630672] [13] /p/home/jusers/fischill1/juwels/ippl/build_fin/alpine/ElectrostaticPIF/LandauDampingPIF[0x4d0480]
[jwb0122:3630672] [14] /p/home/jusers/fischill1/juwels/ippl/build_fin/alpine/ElectrostaticPIF/LandauDampingPIF[0x4e81c/home/jusers/fischill1/juwels/ippl/build_fin/_deps/kokkos-build/core/src/libkokkoscore.so.5.0(_ZNK6Kokkos9CudaSpace13impl_allocateEPKcmm28Kokkos_Profiling_SpaceHandle+0x219)[0x151112f72319]
[jwb0122:3630673] [10] /p/home/jusers/fischill1/juwels/ippl/build_fin/_deps/kokkos-build/core/src/libkokkoscore.so.5.0(_ZNK6Kokkos9CudaSpace8allocateEPKcmm+0x65)[0x151112f72395]
[jwb0122:3630673] [11] /p/home/jusers/fischill1/juwels/ippl/build_fin/_deps/kokkos-build/core/src/libkokkoscore.so.5.0(_ZN6Kokkos4Impl44HostInaccessibleSharedAllocationRecordCommonINS_9CudaSpaceEEC2ERKS2_RKNSt7__cxx1112basic_stringIcSt11char_traitsIcESaIcEEEmPFvPNS0_22SharedAllocationRecordIvvEEE+0x30)[0x151112f74260]
[jwb0122:3630673] [12] /p/home/jusers/fischill1/juwels/ippl/build_fin/alpine/ElectrostaticPIF/LandauDampingPIF[0x49cd3a]
[jwb0122:3630673] [13] /p/home/jusers/fischill1/juwels/ippl/build_fin/alpine/ElectrostaticPIF/LandauDampingPIF[0x4d0480]
[jwb0122:3630673] [14] /p/home/jusers/fischill1/juwels/ippl/build_fin/alpine/ElectrostaticPIF/LandauDampingPIF[0x4e81cb]
[jwb0122:3630672] [15] /p/home/jusers/fischill1/juwels/ippl/build_fin/alpine/ElectrostaticPIF/LandauDampingPIF[0x585bfd]
[jwb0122:3630672] [16] /p/home/jusers/fischill1/juwels/ippl/build_fin/alpine/ElectrostaticPIF/LandauDampingPIF[0x6090d8]
b]
[jwb0122:3630673] [15] /p/home/jusers/fischill1/juwels/ippl/build_fin/alpine/ElectrostaticPIF/LandauDampingPIF[0x585bfd]
[jwb0122:3630673] [16] /p/home/jusers/fischill1/juwels/ippl/build_fin/alpine/ElectrostaticPIF/LandauDampingPIF[0x6090d8]
[jwb0122:3630673] [17] /p/home/jusers/fischill1/juwels/ippl/build_fin/alpine/ElectrostaticPIF/LandauDampingPIF[0x6095b5]
[jwb0122:3630672] [17] /p/home/jusers/fischill1/juwels/ippl/build_fin/alpine/ElectrostaticPIF/LandauDampingPIF[0x6095b5]
[jwb0122:3630672] [18] /p/home/jusers/fischill1/juwels/ippl/build_fin/alpine/ElectrostaticPIF/LandauDampingPIF[0x60c8d1]
[jwb0122:3630672] [19] /p/home/jusers/fischill1/juwels/ippl/build_fin/alpine/ElectrostaticPIF/LandauDampingPIF[0x60d25b]
[jwb0122:3630672] [20] /p/home/jusers/fischill1/juwels/ippl/build_fin/alpine/ElectrostaticPIF/LandauDampingPIF[0x423759]
[jwb0122:3630672] [21] /usr/lib64/libc.so.6(+0x2a610)[0x14d76eb0b610]
[jwb0122:3630672] [22] /usr/lib64/libc.so.6(__libc_start_main+0x80)[0x14d76eb0b6c0]
[jwb0122:3630672] [23] /p/home/jusers/fischill1/juwels/ippl/build_fin/alpine/ElectrostaticPIF/LandauDampingPIF[0x425995]
[jwb0122:3630672] *** End of error message ***
[jwb0122:3630673] [18] /p/home/jusers/fischill1/juwels/ippl/build_fin/alpine/ElectrostaticPIF/LandauDampingPIF[0x60c8d1]
[jwb0122:3630673] [19] /p/home/jusers/fischill1/juwels/ippl/build_fin/alpine/ElectrostaticPIF/LandauDampingPIF[0x60d25b]
[jwb0122:3630673] [20] /p/home/jusers/fischill1/juwels/ippl/build_fin/alpine/ElectrostaticPIF/LandauDampingPIF[0x423759]
[jwb0122:3630673] [21] /usr/lib64/libc.so.6(+0x2a610)[0x151112805610]
[jwb0122:3630673] [22] /usr/lib64/libc.so.6(__libc_start_main+0x80)[0x1511128056c0]
[jwb0122:3630673] [23] /p/home/jusers/fischill1/juwels/ippl/build_fin/alpine/ElectrostaticPIF/LandauDampingPIF[0x425995]
[jwb0122:3630673] *** End of error message ***
terminate called after throwing an instance of 'std::runtime_error'
  what():  Kokkos ERROR: Cuda memory space failed to allocate 1.001 GiB (label="temp_storage").
terminate called after throwing an instance of 'std::runtime_error'
  what():  Kokkos ERROR: Cuda memory space failed to allocate 1.029 GiB (label="temp_storage").
[jwb1099:500042] *** Process received signal ***
[jwb1099:500042] Signal: Aborted (6)
[jwb1099:500042] Signal code:  (-6)
[jwb1099:500043] *** Process received signal ***
[jwb1099:500043] Signal: Aborted (6)
[jwb1099:500043] Signal code:  (-6)
[jwb1099:500042] [ 0] /usr/lib64/libc.so.6(+0x3fc30)[0x1464f902cc30]
[jwb1099:500042] [ 1] /usr/lib64/libc.so.6(+0x8d02c)[0x1464f907a02c]
[jwb1099:500042] [ 2] /usr/lib64/libc.so.6(raise+0x16)[0x1464f902cb86]
[jwb1099:500042] [ 3] /usr/lib64/libc.so.6(abort+0xd3)[0x1464f9016873]
[jwb1099:500042] [ 4] /p/software/default/stages/2026/software/GCCcore/14.3.0/lib64/libstdc++.so.6(+0xadc3d)[0x1464f92d1c3d]
[jwb1099:500042] [ 5] /p/software/default/stages/2026/software/GCCcore/14.3.0/lib64/libstdc++.so.6(+0xbf14a)[0x1464f92e314a]
[jwb1099:500042] [ 6] /p/software/default/stages/2026/software/GCCcore/14.3.0/lib64/libstdc++.so.6(_ZSt10unexpectedv+0x0)[0x1464f92d17e9]
[jwb1099:500042] [ 7] /p/software/default/stages/2026/software/GCCcore/14.3.0/lib64/libstdc++.so.6(+0xbf3c7)[0x1464f92e33c7]
[jwb1099:500042] [ 8] /p/home/jusers/fischill1/juwels/ippl/build_fin/_deps/kokkos-build/core/src/libkokkoscore.so.5.0(_ZN6Kokkos4Impl15throw_bad_allocESt17basic_string_viewIcSt11char_traitsIcEEmS4_+0x115)[0x1464f9771e05]
[jwb1099:500042] [ 9] /p/home/juse[jwb1099:500043] [ 0] /usr/lib64/libc.so.6(+0x3fc30)[0x148949152c30]
[jwb1099:500043] [ 1] /usr/lib64/libc.so.6(+0x8d02c)[0x1489491a002c]
[jwb1099:500043] [ 2] /usr/lib64/libc.so.6(raise+0x16)[0x148949152b86]
[jwb1099:500043] [ 3] /usr/lib64/libc.so.6(abort+0xd3)[0x14894913c873]
[jwb1099:500043] [ 4] /p/software/default/stages/2026/software/GCCcore/14.3.0/lib64/libstdc++.so.6(+0xadc3d)[0x1489493f7c3d]
[jwb1099:500043] [ 5] /p/software/default/stages/2026/software/GCCcore/14.3.0/lib64/libstdc++.so.6(+0xbf14a)[0x14894940914a]
[jwb1099:500043] [ 6] /p/software/default/stages/2026/software/GCCcore/14.3.0/lib64/libstdc++.so.6(_ZSt10unexpectedv+0x0)[0x1489493f77e9]
[jwb1099:500043] [ 7] /p/software/default/stages/2026/software/GCCcore/14.3.0/lib64/libstdc++.so.6(+0xbf3c7)[0x1489494093c7]
[jwb1099:500043] [ 8] /p/home/jusers/fischill1/juwels/ippl/build_fin/_deps/kokkos-build/core/src/libkokkoscore.so.5.0(_ZN6Kokkos4Impl15throw_bad_allocESt17basic_string_viewIcSt11char_traitsIcEEmS4_+0x115)[0x148949897e05]
[jwb1099:500043] [ 9] /p/home/jusers/fischill1/juwels/ippl/build_fin/_deps/kokkos-build/core/src/libkokkoscore.so.5.0(_ZNK6Kokkos9CudaSpace13impl_allocateEPKcmm28Kokkos_Profiling_SpaceHandle+0x219)[0x1464f9784319]
[jwb1099:500042] [10] /p/home/jusers/fischill1/juwels/ippl/build_fin/_deps/kokkos-build/core/src/libkokkoscore.so.5.0(_ZNK6Kokkos9CudaSpace8allocateEPKcmm+0x65)[0x1464f9784395]
rs/fischill1/juwels/ippl/build_fin/_deps/kokkos-build/core/src/libkokkoscore.so.5.0(_ZNK6Kokkos9CudaSpace13impl_allocateEPKcmm28Kokkos_Profiling_SpaceHandle+0x219)[0x1489498aa319]
[jwb1099:500042] [11] /p/home/jusers/fischill1/juwels/ippl/build_fin/_deps/kokkos-build/core/src/libkokkoscore.so.5.0(_ZN6Kokkos4Impl44HostInaccessibleSharedAllocationRecordCommonINS_9CudaSpaceEEC2ERKS2_RKNSt7__cxx1112basic_stringIcSt11char_traitsIcESaIcEEEmPFvPNS0_22SharedAllocationRecordIvvEEE+0x30)[0x1464f9786260]
[jwb1099:500042] [12] /p/home/jusers/fischill1/juwels/ippl/build_fin/alpine/ElectrostaticPIF/LandauDampingPIF[0x49cd3a]
[jwb1099:500042] [13] /p/home/jusers/fischill1/juwels/ippl/build_fin/alpine/ElectrostaticPIF/LandauDampingPIF[0x4d0480]
[jwb1099:500042] [14] /p/home/jusers/fischill1/juwels/ippl/build_fin/alpine/ElectrostaticPIF/LandauDampingPIF[0x4e81cb]
[jwb1099:500042] [15] /p/home/jusers/fischill1/juwels/ippl/build_fin/alpine/ElectrostaticPIF/LandauDampingPIF[0x585bfd]
[jwb1099:500042] [16] /p/home/jusers/fischill1/juwels/ippl/build_fin/alpine/ElectrostaticPIF/LandauDampingPIF[0x6090d8]
[jwb1099:500042] [17] /p/home/jusers/fischill1/juwels/ippl/build_fin/alpine/ElectrostaticPIF/LandauDampingPIF[0x6095b5]
[jwb1099:500042] [18] /p/home/jusers/fischill1/juwels/ippl/build_fin/alpine/ElectrostaticPIF/LandauDampingPIF[0x60c8d1]
[jwb1099:500042] [19] /p/home/jusers/fischill1/juwels/ippl/build_fin/alpine/ElectrostaticPIF/LandauDampingPIF[0x60d25b]
[jwb1099:500042] [20] /p/home/jusers/fischill1/juwels/ippl/build_fin/alpine/ElectrostaticPIF/LandauDampingPIF[0x423759]
[jwb1099:500042] [21] /usr/lib64/libc.so.6(+0x2a610)[0x1464f9017610]
[jwb1099:500042] [22] /usr/lib64/libc.so.6(__libc_start_main+0x80)[0x1464f90176c0]
[jwb1099:500042] [23] /p/home/jusers/fischill1/juwels/ippl/build_fin/alpine/ElectrostaticPIF/LandauDampingPIF[0x425995]
[jwb1099:500042] *** End of error message ***
[jwb1099:500043] [10] /p/home/jusers/fischill1/juwels/ippl/build_fin/_deps/kokkos-build/core/src/libkokkoscore.so.5.0(_ZNK6Kokkos9CudaSpace8allocateEPKcmm+0x65)[0x1489498aa395]
[jwb1099:500043] [11] /p/home/jusers/fischill1/juwels/ippl/build_fin/_deps/kokkos-build/core/src/libkokkoscore.so.5.0(_ZN6Kokkos4Impl44HostInaccessibleSharedAllocationRecordCommonINS_9CudaSpaceEEC2ERKS2_RKNSt7__cxx1112basic_stringIcSt11char_traitsIcESaIcEEEmPFvPNS0_22SharedAllocationRecordIvvEEE+0x30)[0x1489498ac260]
[jwb1099:500043] [12] /p/home/jusers/fischill1/juwels/ippl/build_fin/alpine/ElectrostaticPIF/LandauDampingPIF[0x49cd3a]
[jwb1099:500043] [13] /p/home/jusers/fischill1/juwels/ippl/build_fin/alpine/ElectrostaticPIF/LandauDampingPIF[0x4d0480]
[jwb1099:500043] [14] /p/home/jusers/fischill1/juwels/ippl/build_fin/alpine/ElectrostaticPIF/LandauDampingPIF[0x4e81cb]
[jwb1099:500043] [15] /p/home/jusers/fischill1/juwels/ippl/build_fin/alpine/ElectrostaticPIF/LandauDampingPIF[0x585bfd]
[jwb1099:500043] [16] /p/home/jusers/fischill1/juwels/ippl/build_fin/alpine/ElectrostaticPIF/LandauDampingPIF[0x6090d8]
[jwb1099:500043] [17] /p/home/jusers/fischill1/juwels/ippl/build_fin/alpine/ElectrostaticPIF/LandauDampingPIF[0x6095b5]
[jwb1099:500043] [18] /p/home/jusers/fischill1/juwels/ippl/build_fin/alpine/ElectrostaticPIF/LandauDampingPIF[0x60c8d1]
[jwb1099:500043] [19] /p/home/jusers/fischill1/juwels/ippl/build_fin/alpine/ElectrostaticPIF/LandauDampingPIF[0x60d25b]
[jwb1099:500043] [20] /p/home/jusers/fischill1/juwels/ippl/build_fin/alpine/ElectrostaticPIF/LandauDampingPIF[0x423759]
[jwb1099:500043] [21] /usr/lib64/libc.so.6(+0x2a610)[0x14894913d610]
[jwb1099:500043] [22] /usr/lib64/libc.so.6(__libc_start_main+0x80)[0x14894913d6c0]
[jwb1099:500043] [23] /p/home/jusers/fischill1/juwels/ippl/build_fin/alpine/ElectrostaticPIF/LandauDampingPIF[0x425995]
[jwb1099:500043] *** End of error message ***
terminate called after throwing an instance of 'std::runtime_error'
  what():  Kokkos ERROR: Cuda memory space failed to allocate 1.067 GiB (label="temp_storage").
[jwb1099:500045] *** Process received signal ***
[jwb1099:500045] Signal: Aborted (6)
[jwb1099:500045] Signal code:  (-6)
[jwb1099:500045] [ 0] /usr/lib64/libc.so.6(+0x3fc30)[0x14699d3b8c30]
[jwb1099:500045] [ 1] /usr/lib64/libc.so.6(+0x8d02c)[0x14699d40602c]
[jwb1099:500045] [ 2] /usr/lib64/libc.so.6(raise+0x16)[0x14699d3b8b86]
[jwb1099:500045] [ 3] /usr/lib64/libc.so.6(abort+0xd3)[0x14699d3a2873]
[jwb1099:500045] [ 4] /p/software/default/stages/2026/software/GCCcore/14.3.0/lib64/libstdc++.so.6(+0xadc3d)[0x14699d65dc3d]
[jwb1099:500045] [ 5] /p/software/default/stages/2026/software/GCCcore/14.3.0/lib64/libstdc++.so.6(+0xbf14a)[0x14699d66f14a]
[jwb1099:500045] [ 6] /p/software/default/stages/2026/software/GCCcore/14.3.0/lib64/libstdc++.so.6(_ZSt10unexpectedv+0x0)[0x14699d65d7e9]
[jwb1099:500045] [ 7] /p/software/default/stages/2026/software/GCCcore/14.3.0/lib64/libstdc++.so.6(+0xbf3c7)[0x14699d66f3c7]
[jwb1099:500045] [ 8] /p/home/jusers/fischill1/juwels/ippl/build_fin/_deps/kokkos-build/core/src/libkokkoscore.so.5.0(_ZN6Kokkos4Impl15throw_bad_allocESt17basic_string_viewIcSt11char_traitsIcEEmS4_+0x115)[0x14699dafde05]
[jwb1099:500045] [ 9] /p/home/jusers/fischill1/juwels/ippl/build_fin/_deps/kokkos-build/core/src/libkokkoscore.so.5.0(_ZNK6Kokkos9CudaSpace13impl_allocateEPKcmm28Kokkos_Profiling_SpaceHandle+0x219)[0x14699db10319]
[jwb1099:500045] [10] /p/home/jusers/fischill1/juwels/ippl/build_fin/_deps/kokkos-build/core/src/libkokkoscore.so.5.0(_ZNK6Kokkos9CudaSpace8allocateEPKcmm+0x65)[0x14699db10395]
[jwb1099:500045] [11] /p/home/jusers/fischill1/juwels/ippl/build_fin/_deps/kokkos-build/core/src/libkokkoscore.so.5.0(_ZN6Kokkos4Impl44HostInaccessibleSharedAllocationRecordCommonINS_9CudaSpaceEEC2ERKS2_RKNSt7__cxx1112basic_stringIcSt11char_traitsIcESaIcEEEmPFvPNS0_22SharedAllocationRecordIvvEEE+0x30)[0x14699db12260]
[jwb1099:500045] [12] /p/home/jusers/fischill1/juwels/ippl/build_fin/alpine/ElectrostaticPIF/LandauDampingPIF[0x49cd3a]
[jwb1099:500045] [13] /p/home/jusers/fischill1/juwels/ippl/build_fin/alpine/ElectrostaticPIF/LandauDampingPIF[0x4d0480]
[jwb1099:500045] [14] /p/home/jusers/fischill1/juwels/ippl/build_fin/alpine/ElectrostaticPIF/LandauDampingPIF[0x4e81cb]
[jwb1099:500045] [15] /p/home/jusers/fischill1/juwels/ippl/build_fin/alpine/ElectrostaticPIF/LandauDampingPIF[0x585bfd]
[jwb1099:500045] [16] /p/home/jusers/fischill1/juwels/ippl/build_fin/alpine/ElectrostaticPIF/LandauDampingPIF[0x6090d8]
[jwb1099:500045] [17] /p/home/jusers/fischill1/juwels/ippl/build_fin/alpine/ElectrostaticPIF/LandauDampingPIF[0x6095b5]
[jwb1099:500045] [18] /p/home/jusers/fischill1/juwels/ippl/build_fin/alpine/ElectrostaticPIF/LandauDampingPIF[0x60c8d1]
[jwb1099:500045] [19] /p/home/jusers/fischill1/juwels/ippl/build_fin/alpine/ElectrostaticPIF/LandauDampingPIF[0x60d25b]
[jwb1099:500045] [20] /p/home/jusers/fischill1/juwels/ippl/build_fin/alpine/ElectrostaticPIF/LandauDampingPIF[0x423759]
[jwb1099:500045] [21] /usr/lib64/libc.so.6(+0x2a610)[0x14699d3a3610]
[jwb1099:500045] [22] /usr/lib64/libc.so.6(__libc_start_main+0x80)[0x14699d3a36c0]
[jwb1099:500045] [23] /p/home/jusers/fischill1/juwels/ippl/build_fin/alpine/ElectrostaticPIF/LandauDampingPIF[0x425995]
[jwb1099:500045] *** End of error message ***
terminate called after throwing an instance of 'std::runtime_error'
terminate called after throwing an instance of 'std::runtime_error'
  what():  Kokkos ERROR: Cuda memory space failed to allocate 1.001 GiB (label="temp_storage").
  what():  Kokkos ERROR: Cuda memory space failed to allocate 1.029 GiB (label="temp_storage").
[jwb1118:3263566] *** Process received signal ***
[jwb1118:3263566] Signal: Aborted (6)
[jwb1118:3263566] Signal code:  (-6)
[jwb1118:3263567] *** Process received signal ***
[jwb1118:3263567] Signal: Aborted (6)
[jwb1118:3263567] Signal code:  (-6)
[jwb1118:3263567] [ 0] /usr/lib64/libc.so.6(+0x3fc30)[0x146eec47ac30]
[jwb1118:3263567] [ 1] /usr/lib64/libc.so.6(+0x8d02c)[0x146eec4c802c]
[jwb1118:3263567] [ 2] /usr/lib64/libc.so.6(raise+0x16)[0x146eec47ab86]
[jwb1118:3263567] [ 3] /usr/lib64/libc.so.6(abort+0xd3)[0x146eec464873]
[jwb1118:3263567] [ 4] /p/software/default/stages/2026/software/GCCcore/14.3.0/lib64/libstdc++.so.6(+0xadc3d)[0x146eec71fc3d]
[jwb1118:3263567] [ 5] /p/software/default/stages/2026/software/GCCcore/14.3.0/lib64/libstdc++.so.6(+0xbf14a)[0x146eec73114a]
[jwb1118:3263567] [ 6] /p/software/default/stages/2026/software/GCCcore/14.3.0/lib64/libstdc++.so.6(_ZSt10unexpectedv+0x0)[0x146eec71f7e9]
[jwb1118:3263567] [ 7] /p/software/default/stages/2026/software/GCCcore/14.3.0/lib64/libstdc++.so.6(+0xbf3c7)[0x146eec7313c7]
[jwb1118:3263567] [ 8] /p/home/jusers/fischill1/juwels/ippl/build_fin/_deps/kokkos-build/core/src/libkokkoscore.so.5.0(_ZN6Kokkos4Impl15throw_bad_allocESt17basic_string_viewIcSt11char_traitsIcEEmS4_+0x115)[0x146eecbbfe05]
[jwb1118:3263567] [ 9] /p/home/jusers/fischill1/juwels/ippl/build_fin/_deps/kokkos-build/core/src/libkokkoscore.so.5.0(_ZNK6Kokkos9CudaSpace13impl_allocateEPKcmm28Kokkos_Profiling_SpaceHandle+0x219)[0x146eecbd2319]
[jwb1118:3263567] [10] /p/home/jusers/fischill1/juwels/ippl/build_fin/_deps/kokkos-build/core/src/libkokkoscore.so.5.0(_ZNK6Kokkos9CudaSpace8allocateEPKcmm+0x65)[0x146eecbd2395]
[jwb1118:3263567] [11] /p/home/jusers/fischill1/juwels/ippl/build_fin/_deps/kokkos-build/core/src/libkokkoscore.so.5.0(_ZN6Kokkos4Impl44HostInaccessibleSharedAllocationRecordCommonINS_9CudaSpaceEEC2ERKS2_RKNSt7__cxx1112basic_stringIcSt11char_traitsIcESaIcEEEmPFvPNS0_22SharedAllocationRecordIvvEEE+0x30)[0x146eecbd4260]
[jwb1118:3263567] [12] /p/home/jusers/fischill1/juwels/ippl/build_fin/alpine/ElectrostaticPIF/LandauDampingPIF[0x49cd3a]
[jwb1118:3263567] [13] /p/home/jusers/fischill1/juwels/ippl/build_fin/alpine/ElectrostaticPIF/LandauDampingPIF[0x4d0480]
[jwb1118:3263567] [14] /p/home/jusers/fischill1/juwels/ippl/build_fin/alpine/ElectrostaticPIF/LandauDampingPIF[0x4e81cb]
[jwb1118:3263567] [15] /p/home/jusers/fischill1/juwels/ippl/build_fin/alpine/ElectrostaticPIF/LandauDampingPIF[0x585bfd]
[jwb1118:3263567] [16] /p/home/jusers/fischill1/juwels/ippl/build_fin/alpine/ElectrostaticPIF/LandauDampingPIF[0x6090d8]
[jwb1118:3263566] [ 0] /usr/lib64/libc.so.6(+0x3fc30)[0x1487f052ec30]
[jwb1118:3263566] [ 1] /usr/lib64/libc.so.6(+0x8d02c)[0x1487f057c02c]
[jwb1118:3263566] [ 2] /usr/lib64/libc.so.6(raise+0x16)[0x1487f052eb86]
[jwb1118:3263566] [ 3] /usr/lib64/libc.so.6(abort+0xd3)[0x1487f0518873]
[jwb1118:3263566] [ 4] /p/software/default/stages/2026/software/GCCcore/14.3.0/lib64/libstdc++.so.6(+0xadc3d)[0x1487f07d3c3d]
[jwb1118:3263566] [ 5] /p/software/default/stages/2026/software/GCCcore/14.3.0/lib64/libstdc++.so.6(+0xbf14a)[0x1487f07e514a]
[jwb1118:3263566] [ 6] /p/software/default/stages/2026/software/GCCcore/14.3.0/lib64/libstdc++.so.6(_ZSt10unexpectedv+0x0)[0x1487f07d37e9]
[jwb1118:3263566] [ 7] /p/software/default/stages/2026/software/GCCcore/14.3.0/lib64/libstdc++.so.6(+0xbf3c7)[0x1487f07e53c7]
[jwb1118:3263566] [ 8] /p/home/jusers/fischill1/juwels/ippl/build_fin/_deps/kokkos-build/core/src/libkokkoscore.so.5.0(_ZN6Kokkos4Impl15throw_bad_allocESt17basic_string_viewIcSt11char_traitsIcEEmS4_+0x115)[0x1487f0c73e05]
[jwb1118:3263566] [ 9] /p/home/jusers/fischill1/juwels/ippl/build_fin/_deps/kokkos-build/core/src/libkokkoscore.so.5.0(_ZNK6Kokkos9CudaSpace13impl_allocateEPKcmm28Kokkos_Profiling_SpaceHandle+0x219)[0x1487f0c86319]
[jwb1118:3263566] [10] /p/home/jusers/fischill1/juwels/ippl/build_fin/_deps/kokkos-build/core/src/libkokkoscore.so.5.0(_ZNK6Kokkos9CudaSpace8allocateEPKcmm+0x65)[0x1487f0c86395]
[jwb1118:3263566] [11] /p/home/jusers/fischill1/juwels/ippl/build_fin/_deps/kokkos-build/core/src/libkokkoscore.so.5.0(_ZN6Kokkos4Impl44HostInaccessibleSharedAllocationRecordCommonINS_9CudaSpaceEEC2ERKS2_RKNSt7__cxx1112basic_stringIcSt11char_traitsIcESaIcEEEmPFvPNS0_22SharedAllocationRecordIvvEEE+0x30)[0x1487f0c88260]
[jwb1118:3263566] [12] /p/home/jusers/fischill1/juwels/ippl/build_fin/alpine/ElectrostaticPIF/LandauDampingPIF[0x49cd3a]
[jwb1118:3263566] [13] /p/home/jusers/fischill1/juwels/ippl/build_fin/alpine/ElectrostaticPIF/LandauDampingPIF[0x4d0480]
[jwb1118:3263566] [14] /p/home/jusers/fischill1/juwels/ippl/build_fin/alpine/ElectrostaticPIF/LandauDampingPIF[0x4e81c[jwb1118:3263567] [17] /p/home/jusers/fischill1/juwels/ippl/build_fin/alpine/ElectrostaticPIF/LandauDampingPIF[0x6095b5]
[jwb1118:3263567] [18] /p/home/jusers/fischill1/juwels/ippl/build_fin/alpine/ElectrostaticPIF/LandauDampingPIF[0x60c8d1]
[jwb1118:3263567] [19] /p/home/jusers/fischill1/juwels/ippl/build_fin/alpine/ElectrostaticPIF/LandauDampingPIF[0x60d25b]
[jwb1118:3263567] [20] /p/home/jusers/fischill1/juwels/ippl/build_fin/alpine/ElectrostaticPIF/LandauDampingPIF[0x423759]
[jwb1118:3263567] [21] /usr/lib64/libc.so.6(+0x2a610)[0x146eec465610]
[jwb1118:3263567] [22] /usr/lib64/libc.so.6(__libc_start_main+0x80)[0x146eec4656c0]
[jwb1118:3263567] [23] /p/home/jusers/fischill1/juwels/ippl/build_fin/alpine/ElectrostaticPIF/LandauDampingPIF[0x425995]
[jwb1118:3263567] *** End of error message ***
b]
[jwb1118:3263566] [15] /p/home/jusers/fischill1/juwels/ippl/build_fin/alpine/ElectrostaticPIF/LandauDampingPIF[0x585bfd]
[jwb1118:3263566] [16] /p/home/jusers/fischill1/juwels/ippl/build_fin/alpine/ElectrostaticPIF/LandauDampingPIF[0x6090d8]
[jwb1118:3263566] [17] /p/home/jusers/fischill1/juwels/ippl/build_fin/alpine/ElectrostaticPIF/LandauDampingPIF[0x6095b5]
[jwb1118:3263566] [18] /p/home/jusers/fischill1/juwels/ippl/build_fin/alpine/ElectrostaticPIF/LandauDampingPIF[0x60c8d1]
[jwb1118:3263566] [19] /p/home/jusers/fischill1/juwels/ippl/build_fin/alpine/ElectrostaticPIF/LandauDampingPIF[0x60d25b]
[jwb1118:3263566] [20] /p/home/jusers/fischill1/juwels/ippl/build_fin/alpine/ElectrostaticPIF/LandauDampingPIF[0x423759]
[jwb1118:3263566] [21] /usr/lib64/libc.so.6(+0x2a610)[0x1487f0519610]
[jwb1118:3263566] [22] /usr/lib64/libc.so.6(__libc_start_main+0x80)[0x1487f05196c0]
[jwb1118:3263566] [23] /p/home/jusers/fischill1/juwels/ippl/build_fin/alpine/ElectrostaticPIF/LandauDampingPIF[0x425995]
[jwb1118:3263566] *** End of error message ***
terminate called after throwing an instance of 'std::runtime_error'
  what():  Kokkos ERROR: Cuda memory space failed to allocate 1.067 GiB (label="temp_storage").
[jwb0122:3630675] *** Process received signal ***
[jwb0122:3630675] Signal: Aborted (6)
[jwb0122:3630675] Signal code:  (-6)
[jwb0122:3630675] [ 0] /usr/lib64/libc.so.6(+0x3fc30)[0x153218153c30]
[jwb0122:3630675] [ 1] /usr/lib64/libc.so.6(+0x8d02c)[0x1532181a102c]
[jwb0122:3630675] [ 2] /usr/lib64/libc.so.6(raise+0x16)[0x153218153b86]
[jwb0122:3630675] [ 3] /usr/lib64/libc.so.6(abort+0xd3)[0x15321813d873]
[jwb0122:3630675] [ 4] /p/software/default/stages/2026/software/GCCcore/14.3.0/lib64/libstdc++.so.6(+0xadc3d)[0x1532183f8c3d]
[jwb0122:3630675] [ 5] /p/software/default/stages/2026/software/GCCcore/14.3.0/lib64/libstdc++.so.6(+0xbf14a)[0x15321840a14a]
[jwb0122:3630675] [ 6] /p/software/default/stages/2026/software/GCCcore/14.3.0/lib64/libstdc++.so.6(_ZSt10unexpectedv+0x0)[0x1532183f87e9]
[jwb0122:3630675] [ 7] /p/software/default/stages/2026/software/GCCcore/14.3.0/lib64/libstdc++.so.6(+0xbf3c7)[0x15321840a3c7]
[jwb0122:3630675] [ 8] /p/home/jusers/fischill1/juwels/ippl/build_fin/_deps/kokkos-build/core/src/libkokkoscore.so.5.0(_ZN6Kokkos4Impl15throw_bad_allocESt17basic_string_viewIcSt11char_traitsIcEEmS4_+0x115)[0x153218898e05]
[jwb0122:3630675] [ 9] /p/home/jusers/fischill1/juwels/ippl/build_fin/_deps/kokkos-build/core/src/libkokkoscore.so.5.0(_ZNK6Kokkos9CudaSpace13impl_allocateEPKcmm28Kokkos_Profiling_SpaceHandle+0x219)[0x1532188ab319]
[jwb0122:3630675] [10] /p/home/jusers/fischill1/juwels/ippl/build_fin/_deps/kokkos-build/core/src/libkokkoscore.so.5.0(_ZNK6Kokkos9CudaSpace8allocateEPKcmm+0x65)[0x1532188ab395]
[jwb0122:3630675] [11] /p/home/jusers/fischill1/juwels/ippl/build_fin/_deps/kokkos-build/core/src/libkokkoscore.so.5.0(_ZN6Kokkos4Impl44HostInaccessibleSharedAllocationRecordCommonINS_9CudaSpaceEEC2ERKS2_RKNSt7__cxx1112basic_stringIcSt11char_traitsIcESaIcEEEmPFvPNS0_22SharedAllocationRecordIvvEEE+0x30)[0x1532188ad260]
[jwb0122:3630675] [12] /p/home/jusers/fischill1/juwels/ippl/build_fin/alpine/ElectrostaticPIF/LandauDampingPIF[0x49cd3a]
[jwb0122:3630675] [13] /p/home/jusers/fischill1/juwels/ippl/build_fin/alpine/ElectrostaticPIF/LandauDampingPIF[0x4d0480]
[jwb0122:3630675] [14] /p/home/jusers/fischill1/juwels/ippl/build_fin/alpine/ElectrostaticPIF/LandauDampingPIF[0x4e81cb]
terminate called after throwing an instance of 'std::runtime_error'
[jwb0122:3630675] [15] /p/home/jusers/fischill1/juwels/ippl/build_fin/alpine/ElectrostaticPIF/LandauDampingPIF[0x585bfd]
[jwb0122:3630675] [16] /p/home/jusers/fischill1/juwels/ippl/build_fin/alpine/ElectrostaticPIF/LandauDampingPIF[0x6090d8]
[jwb0122:3630675] [17] /p/home/jusers/fischill1/juwels/ippl/build_fin/alpine/ElectrostaticPIF/LandauDampingPIF[0x6095b5]
[jwb0122:3630675] [18] /p/home/jusers/fischill1/juwels/ippl/build_fin/alpine/ElectrostaticPIF/LandauDampingPIF[0x60c8d1]
  what():  Kokkos ERROR: Cuda memory space failed to allocate 1.068 GiB (label="temp_storage").
[jwb0122:3630675] [19] /p/home/jusers/fischill1/juwels/ippl/build_fin/alpine/ElectrostaticPIF/LandauDampingPIF[0x60d25b]
[jwb0122:3630675] [20] /p/home/jusers/fischill1/juwels/ippl/build_fin/alpine/ElectrostaticPIF/LandauDampingPIF[0x423759]
[jwb0122:3630675] [21] /usr/lib64/libc.so.6(+0x2a610)[0x15321813e610]
[jwb0122:3630675] [22] /usr/lib64/libc.so.6(__libc_start_main+0x80)[0x15321813e6c0]
[jwb0122:3630675] [23] /p/home/jusers/fischill1/juwels/ippl/build_fin/alpine/ElectrostaticPIF/LandauDampingPIF[0x425995]
[jwb1116:2082911] *** Process received signal ***
[jwb0122:3630675] *** End of error message ***
[jwb1116:2082911] Signal: Aborted (6)
[jwb1116:2082911] Signal code:  (-6)
[jwb1116:2082911] [ 0] /usr/lib64/libc.so.6(+0x3fc30)[0x149cd0e5fc30]
[jwb1116:2082911] [ 1] /usr/lib64/libc.so.6(+0x8d02c)[0x149cd0ead02c]
[jwb1116:2082911] [ 2] /usr/lib64/libc.so.6(raise+0x16)[0x149cd0e5fb86]
[jwb1116:2082911] [ 3] /usr/lib64/libc.so.6(abort+0xd3)[0x149cd0e49873]
[jwb1116:2082911] [ 4] /p/software/default/stages/2026/software/GCCcore/14.3.0/lib64/libstdc++.so.6(+0xadc3d)[0x149cd1104c3d]
[jwb1116:2082911] [ 5] /p/software/default/stages/2026/software/GCCcore/14.3.0/lib64/libstdc++.so.6(+0xbf14a)[0x149cd111614a]
[jwb1116:2082911] [ 6] /p/software/default/stages/2026/software/GCCcore/14.3.0/lib64/libstdc++.so.6(_ZSt10unexpectedv+0x0)[0x149cd11047e9]
[jwb1116:2082911] [ 7] /p/software/default/stages/2026/software/GCCcore/14.3.0/lib64/libstdc++.so.6(+0xbf3c7)[0x149cd11163c7]
[jwb1116:2082911] [ 8] /p/home/jusers/fischill1/juwels/ippl/build_fin/_deps/kokkos-build/core/src/libkokkoscore.so.5.0(_ZN6Kokkos4Impl15throw_bad_allocESt17basic_string_viewIcSt11char_traitsIcEEmS4_+0x115)[0x149cd15a4e05]
[jwb1116:2082911] [ 9] /p/home/jusers/fischill1/juwels/ippl/build_fin/_deps/kokkos-build/core/src/libkokkoscore.so.5.0(_ZNK6Kokkos9CudaSpace13impl_allocateEPKcmm28Kokkos_Profiling_SpaceHandle+0x219)[0x149cd15b7319]
[jwb1116:2082911] [10] /p/home/jusers/fischill1/juwels/ippl/build_fin/_deps/kokkos-build/core/src/libkokkoscore.so.5.0(_ZNK6Kokkos9CudaSpace8allocateEPKcmm+0x65)[0x149cd15b7395]
[jwb1116:2082911] [11] /p/home/jusers/fischill1/juwels/ippl/build_fin/_deps/kokkos-build/core/src/libkokkoscore.so.5.0(_ZN6Kokkos4Impl44HostInaccessibleSharedAllocationRecordCommonINS_9CudaSpaceEEC2ERKS2_RKNSt7__cxx1112basic_stringIcSt11char_traitsIcESaIcEEEmPFvPNS0_22SharedAllocationRecordIvvEEE+0x30)[0x149cd15b9260]
[jwb1116:2082911] [12] /p/home/jusers/fischill1/juwels/ippl/build_fin/alpine/ElectrostaticPIF/LandauDampingPIF[0x49cd3a]
[jwb1116:2082911] [13] /p/home/jusers/fischill1/juwels/ippl/build_fin/alpine/ElectrostaticPIF/LandauDampingPIF[0x4d0480]
[jwb1116:2082911] [14] /p/home/jusers/fischill1/juwels/ippl/build_fin/alpine/ElectrostaticPIF/LandauDampingPIF[0x4e81cb]
[jwb1116:2082911] [15] /p/home/jusers/fischill1/juwels/ippl/build_fin/alpine/ElectrostaticPIF/LandauDampingPIF[0x585bfd]
[jwb1116:2082911] [16] /p/home/jusers/fischill1/juwels/ippl/build_fin/alpine/ElectrostaticPIF/LandauDampingPIF[0x6090d8]
[jwb1116:2082911] [17] /p/home/jusers/fischill1/juwels/ippl/build_fin/alpine/ElectrostaticPIF/LandauDampingPIF[0x6095b5]
[jwb1116:2082911] [18] /p/home/jusers/fischill1/juwels/ippl/build_fin/alpine/ElectrostaticPIF/LandauDampingPIF[0x60c8d1]
[jwb1116:2082911] [19] /p/home/jusers/fischill1/juwels/ippl/build_fin/alpine/ElectrostaticPIF/LandauDampingPIF[0x60d25b]
[jwb1116:2082911] [20] /p/home/jusers/fischill1/juwels/ippl/build_fin/alpine/ElectrostaticPIF/LandauDampingPIF[0x423759]
[jwb1116:2082911] [21] /usr/lib64/libc.so.6(+0x2a610)[0x149cd0e4a610]
[jwb1116:2082911] [22] /usr/lib64/libc.so.6(__libc_start_main+0x80)[0x149cd0e4a6c0]
[jwb1116:2082911] [23] /p/home/jusers/fischill1/juwels/ippl/build_fin/alpine/ElectrostaticPIF/LandauDampingPIF[0x425995]
[jwb1116:2082911] *** End of error message ***
terminate called after throwing an instance of 'std::runtime_error'
  what():  Kokkos ERROR: Cuda memory space failed to allocate 601.8 MiB (label="perm_out").
[jwb1116:2082910] *** Process received signal ***
[jwb1116:2082910] Signal: Aborted (6)
[jwb1116:2082910] Signal code:  (-6)
[jwb1116:2082910] [ 0] /usr/lib64/libc.so.6(+0x3fc30)[0x153c40b03c30]
[jwb1116:2082910] [ 1] /usr/lib64/libc.so.6(+0x8d02c)[0x153c40b5102c]
[jwb1116:2082910] [ 2] /usr/lib64/libc.so.6(raise+0x16)[0x153c40b03b86]
terminate called after throwing an instance of 'std::runtime_error'
  what():  Kokkos ERROR: Cuda memory space failed to allocate 602.4 MiB (label="perm_out").
[jwb0122:3630674] *** Process received signal ***
[jwb0122:3630674] Signal: Aborted (6)
[jwb0122:3630674] Signal code:  (-6)
[jwb1116:2082910] [ 3] /usr/lib64/libc.so.6(abort+0xd3)[0x153c40aed873]
[jwb1116:2082910] [ 4] /p/software/default/stages/2026/software/GCCcore/14.3.0/lib64/libstdc++.so.6(+0xadc3d)[0x153c40da8c3d]
[jwb1116:2082910] [ 5] /p/software/default/stages/2026/software/GCCcore/14.3.0/lib64/libstdc++.so.6(+0xbf14a)[0x153c40dba14a]
[jwb1116:2082910] [ 6] /p/software/default/stages/2026/software/GCCcore/14.3.0/lib64/libstdc++.so.6(_ZSt10unexpectedv+0x0)[0x153c40da87e9]
[jwb1116:2082910] [ 7] /p/software/default/stages/2026/software/GCCcore/14.3.0/lib64/libstdc++.so.6(+0xbf3c7)[0x153c40dba3c7]
[jwb1116:2082910] [ 8] /p/home/jusers/fischill1/juwels/ippl/build_fin/_deps/kokkos-build/core/src/libkokkoscore.so.5.0(_ZN6Kokkos4Impl15throw_bad_allocESt17basic_string_viewIcSt11char_traitsIcEEmS4_+0x115)[0x153c41248e05]
[jwb1116:2082910] [ 9] /p/home/jusers/fischill1/juwels/ippl/build_fin/_deps/kokkos-build/core/src/libkokkoscore.so.5.0(_ZNK6Kokkos9CudaSpace13impl_allocateEPKcmm28Kokkos_Profiling_SpaceHandle+0x219)[0x153c4125b319]
[jwb1116:2082910] [10] /p/home/jusers/fischill1/juwels/ippl/build_fin/_deps/kokkos-build/core/src/libkokkoscore.so.5.0(_ZNK6Kokkos9CudaSpace8allocateEPKcmm+0x65)[0x153c4125b395]
[jwb1116:2082910] [11] /p/home/jusers/fischill1/juwels/ippl/build_fin/_deps/kokkos-build/core/src/libkokkoscore.so.5.0(_ZN6Kokkos4Impl44HostInaccessibleSharedAllocationRecordCommonINS_9CudaSpaceEEC2ERKS2_RKNSt7__cxx1112basic_stringIcSt11char_traitsIcESaIcEEEmPFvPNS0_22SharedAllocationRecordIvvEEE+0x30)[0x153c4125d260]
[jwb1116:2082910] [12] /p/home/jusers/fischill1/juwels/ippl/build_fin/alpine/ElectrostaticPIF/LandauDampingPIF[0x4aa864]
[jwb1116:2082910] [13] /p/home/jusers/fischill1/juwels/ippl/build_fin/alpine/ElectrostaticPIF/LandauDampingPIF[0x4aaf61]
[jwb1116:2082910] [14] /p/home/jusers/fischill1/juwels/ippl/build_fin/alpine/ElectrostaticPIF/LandauDampingPIF[0x4cf907]
[jwb1116:2082910] [15] /p/home/jusers/fischill1/juwels/ippl/build_fin/alpine/ElectrostaticPIF/LandauDampingPIF[0x4e81cb]
[jwb1116:2082910] [16] /p/home/jusers/fischill1/juwels/ippl/build_fin/alpine/ElectrostaticPIF/LandauDampingPIF[0x585bfd]
[jwb1116:2082910] [17] /p/home/jusers/fischill1/juwels/ippl/build_fin/alpine/ElectrostaticPIF/LandauDampingPIF[0x6090d8]
[jwb1116:2082910] [18] /p/home/jusers/fischill1/juwels/ippl/build_fin/alpine/ElectrostaticPIF/LandauDampingPIF[0x6095b5]
[jwb1116:2082910] [19] /p/home/jusers/fischill1/juwels/ippl/build_fin/alpine/ElectrostaticPIF/LandauDampingPIF[0x60c8d1]
[jwb1116:2082910] [20] /p/home/jusers/fischill1/juwels/ippl/build_fin/alpine/ElectrostaticPIF/LandauDampingPIF[0x60d25b]
[jwb1116:2082910] [21] /p/home/jusers/fischill1/juwels/ippl/build_fin/alpine/ElectrostaticPIF/LandauDampingPIF[0x423759]
[jwb1116:2082910] [22] /usr/lib64/libc.so.6(+0x2a610)[0x153c40aee610]
[jwb1116:2082910] [23] /usr/lib64/libc.so.6(__libc_start_main+0x80)[0x153c40aee6c0]
[jwb1116:2082910] [24] /p/home/jusers/fischill1/juwels/ippl/build_fin/alpine/ElectrostaticPIF/LandauDampingPIF[0x425995]
[jwb1116:2082910] *** End of error message ***
[jwb0122:3630674] [ 0] /usr/lib64/libc.so.6(+0x3fc30)[0x14b8193a5c30]
[jwb0122:3630674] [ 1] /usr/lib64/libc.so.6(+0x8d02c)[0x14b8193f302c]
[jwb0122:3630674] [ 2] /usr/lib64/libc.so.6(raise+0x16)[0x14b8193a5b86]
[jwb0122:3630674] [ 3] /usr/lib64/libc.so.6(abort+0xd3)[0x14b81938f873]
[jwb0122:3630674] [ 4] /p/software/default/stages/2026/software/GCCcore/14.3.0/lib64/libstdc++.so.6(+0xadc3d)[0x14b81964ac3d]
[jwb0122:3630674] [ 5] /p/software/default/stages/2026/software/GCCcore/14.3.0/lib64/libstdc++.so.6(+0xbf14a)[0x14b81965c14a]
[jwb0122:3630674] [ 6] /p/software/default/stages/2026/software/GCCcore/14.3.0/lib64/libstdc++.so.6(_ZSt10unexpectedv+0x0)[0x14b81964a7e9]
[jwb0122:3630674] [ 7] /p/software/default/stages/2026/software/GCCcore/14.3.0/lib64/libstdc++.so.6(+0xbf3c7)[0x14b81965c3c7]
[jwb0122:3630674] [ 8] /p/home/jusers/fischill1/juwels/ippl/build_fin/_deps/kokkos-build/core/src/libkokkoscore.so.5.0(_ZN6Kokkos4Impl15throw_bad_allocESt17basic_string_viewIcSt11char_traitsIcEEmS4_+0x115)[0x14b819aeae05]
[jwb0122:3630674] [ 9] /p/home/jusers/fischill1/juwels/ippl/build_fin/_deps/kokkos-build/core/src/libkokkoscore.so.5.0(_ZNK6Kokkos9CudaSpace13impl_allocateEPKcmm28Kokkos_Profiling_SpaceHandle+0x219)[0x14b819afd319]
[jwb0122:3630674] [10] /p/home/jusers/fischill1/juwels/ippl/build_fin/_deps/kokkos-build/core/src/libkokkoscore.so.5.0(_ZNK6Kokkos9CudaSpace8allocateEPKcmm+0x65)[0x14b819afd395]
[jwb0122:3630674] [11] /p/home/jusers/fischill1/juwels/ippl/build_fin/_deps/kokkos-build/core/src/libkokkoscore.so.5.0(_ZN6Kokkos4Impl44HostInaccessibleSharedAllocationRecordCommonINS_9CudaSpaceEEC2ERKS2_RKNSt7__cxx1112basic_stringIcSt11char_traitsIcESaIcEEEmPFvPNS0_22SharedAllocationRecordIvvEEE+0x30)[0x14b819aff260]
[jwb0122:3630674] [12] /p/home/jusers/fischill1/juwels/ippl/build_fin/alpine/ElectrostaticPIF/LandauDampingPIF[0x4aa864]
[jwb0122:3630674] [13] /p/home/jusers/fischill1/juwels/ippl/build_fin/alpine/ElectrostaticPIF/LandauDampingPIF[0x4aaf61]
[jwb0122:3630674] [14] /p/home/jusers/fischill1/juwels/ippl/build_fin/alpine/ElectrostaticPIF/LandauDampingPIF[0x4cf907]
[jwb0122:3630674] [15] /p/home/jusers/fischill1/juwels/ippl/build_fin/alpine/ElectrostaticPIF/LandauDampingPIF[0x4e81cb]
[jwb0122:3630674] [16] /p/home/jusers/fischill1/juwels/ippl/build_fin/alpine/ElectrostaticPIF/LandauDampingPIF[0x585bfd]
[jwb0122:3630674] [17] /p/home/jusers/fischill1/juwels/ippl/build_fin/alpine/ElectrostaticPIF/LandauDampingPIF[0x6090d8]
[jwb0122:3630674] [18] /p/home/jusers/fischill1/juwels/ippl/build_fin/alpine/ElectrostaticPIF/LandauDampingPIF[0x6095b5]
[jwb0122:3630674] [19] /p/home/jusers/fischill1/juwels/ippl/build_fin/alpine/ElectrostaticPIF/LandauDampingPIF[0x60c8d1]
[jwb0122:3630674] [20] /p/home/jusers/fischill1/juwels/ippl/build_fin/alpine/ElectrostaticPIF/LandauDampingPIF[0x60d25b]
[jwb0122:3630674] [21] /p/home/jusers/fischill1/juwels/ippl/build_fin/alpine/ElectrostaticPIF/LandauDampingPIF[0x423759]
[jwb0122:3630674] [22] /usr/lib64/libc.so.6(+0x2a610)[0x14b819390610]
[jwb0122:3630674] [23] /usr/lib64/libc.so.6(__libc_start_main+0x80)[0x14b8193906c0]
[jwb0122:3630674] [24] /p/home/jusers/fischill1/juwels/ippl/build_fin/alpine/ElectrostaticPIF/LandauDampingPIF[0x425995]
[jwb0122:3630674] *** End of error message ***
terminate called after throwing an instance of 'std::runtime_error'
  what():  Kokkos ERROR: Cuda memory space failed to allocate 625.2 MiB (label="perm_out").
[jwb1116:2082909] *** Process received signal ***
[jwb1116:2082909] Signal: Aborted (6)
[jwb1116:2082909] Signal code:  (-6)
terminate called after throwing an instance of 'std::runtime_error'
  what():  Kokkos ERROR: Cuda memory space failed to allocate 602.3 MiB (label="perm_out").
[jwb1116:2082909] [ 0] /usr/lib64/libc.so.6(+0x3fc30)[0x154a48d24c30]
[jwb1116:2082909] [ 1] /usr/lib64/libc.so.6(+0x8d02c)[0x154a48d7202c]
[jwb1116:2082909] [ 2] /usr/lib64/libc.so.6(raise+0x16)[0x154a48d24b86]
[jwb1116:2082909] [ 3] /usr/lib64/libc.so.6(abort+0xd3)[0x154a48d0e873]
[jwb1116:2082909] [ 4] /p/software/default/stages/2026/software/GCCcore/14.3.0/lib64/libstdc++.so.6(+0xadc3d)[0x154a48fc9c3d]
[jwb1116:2082909] [ 5] /p/software/default/stages/2026/software/GCCcore/14.3.0/lib64/libstdc++.so.6(+0xbf14a)[0x154a48fdb14a]
[jwb1116:2082909] [ 6] /p/software/default/stages/2026/software/GCCcore/14.3.0/lib64/libstdc++.so.6(_ZSt10unexpectedv+0x0)[0x154a48fc97e9]
[jwb1116:2082909] [ 7] /p/software/default/stages/2026/software/GCCcore/14.3.0/lib64/libstdc++.so.6(+0xbf3c7)[0x154a48fdb3c7]
[jwb1116:2082909] [ 8] /p/home/jusers/fischill1/juwels/ippl/build_fin/_deps/kokkos-build/core/src/libkokkoscore.so.5.0(_ZN6Kokkos4Impl15throw_bad_allocESt17basic_string_viewIcSt11char_traitsIcEEmS4_+0x115)[0x154a49469e05]
[jwb1116:2082909] [ 9] /p[jwb1099:500044] *** Process received signal ***
[jwb1099:500044] Signal: Aborted (6)
[jwb1099:500044] Signal code:  (-6)
/home/jusers/fischill1/juwels/ippl/build_fin/_deps/kokkos-build/core/src/libkokkoscore.so.5.0(_ZNK6Kokkos9CudaSpace13impl_allocateEPKcmm28Kokkos_Profiling_SpaceHandle+0x219)[0x154a4947c319]
[jwb1116:2082909] [10] /p/home/jusers/fischill1/juwels/ippl/build_fin/_deps/kokkos-build/core/src/libkokkoscore.so.5.0(_ZNK6Kokkos9CudaSpace8allocateEPKcmm+0x65)[0x154a4947c395]
[jwb1116:2082909] [11] /p/home/jusers/fischill1/juwels/ippl/build_fin/_deps/kokkos-build/core/src/libkokkoscore.so.5.0(_ZN6Kokkos4Impl44HostInaccessibleSharedAllocationRecordCommonINS_9CudaSpaceEEC2ERKS2_RKNSt7__cxx1112basic_stringIcSt11char_traitsIcESaIcEEEmPFvPNS0_22SharedAllocationRecordIvvEEE+0x30)[0x154a4947e260]
[jwb1116:2082909] [12] /p/home/jusers/fischill1/juwels/ippl/build_fin/alpine/ElectrostaticPIF/LandauDampingPIF[0x4aa864]
[jwb1116:2082909] [13] /p/home/jusers/fischill1/juwels/ippl/build_fin/alpine/ElectrostaticPIF/LandauDampingPIF[0x4aaf61]
[jwb1116:2082909] [14] /p/home/jusers/fischill1/juwels/ippl/build_fin/alpine/ElectrostaticPIF/LandauDampingPIF[0x4cf907]
[jwb1116:2082909] [15] /p/home/jusers/fischill1/juwels/ippl/build_fin/alpine/ElectrostaticPIF/LandauDampingPIF[0x4e81cb]
[jwb1116:2082909] [16] /p/home/jusers/fischill1/juwels/ippl/build_fin/alpine/ElectrostaticPIF/LandauDampingPIF[0x585bfd]
[jwb1116:2082909] [17] /p/home/jusers/fischill1/juwels/ippl/build_fin/alpine/ElectrostaticPIF/LandauDampingPIF[0x6090d8]
[jwb1116:2082909] [18] /p/home/jusers/fischill1/juwels/ippl/build_fin/alpine/ElectrostaticPIF/LandauDampingPIF[0x6095b5]
[jwb1116:2082909] [19] /p/home/jusers/fischill1/juwels/ippl/build_fin/alpine/ElectrostaticPIF/LandauDampingPIF[0x60c8d1]
[jwb1116:2082909] [20] /p/home/jusers/fischill1/juwels/ippl/build_fin/alpine/ElectrostaticPIF/LandauDampingPIF[0x60d25b]
[jwb1116:2082909] [21] /p/home/jusers/fischill1/juwels/ippl/build_fin/alpine/ElectrostaticPIF/LandauDampingPIF[0x423759]
[jwb1116:2082909] [22] /usr/lib64/libc.so.6(+0x2a610)[0x154a48d0f610]
[jwb1116:2082909] [23] /usr/lib64/libc.so.6(__libc_start_main+0x80)[0x154a48d0f6c0]
[jwb1116:2082909] [24] /p/home/jusers/fischill1/juwels/ippl/build_fin/alpine/ElectrostaticPIF/LandauDampingPIF[0x425995]
[jwb1116:2082909] *** End of error message ***
[jwb1099:500044] [ 0] /usr/lib64/libc.so.6(+0x3fc30)[0x1510cfb51c30]
[jwb1099:500044] [ 1] /usr/lib64/libc.so.6(+0x8d02c)[0x1510cfb9f02c]
[jwb1099:500044] [ 2] /usr/lib64/libc.so.6(raise+0x16)[0x1510cfb51b86]
[jwb1099:500044] [ 3] /usr/lib64/libc.so.6(abort+0xd3)[0x1510cfb3b873]
[jwb1099:500044] [ 4] /p/software/default/stages/2026/software/GCCcore/14.3.0/lib64/libstdc++.so.6(+0xadc3d)[0x1510cfdf6c3d]
[jwb1099:500044] [ 5] /p/software/default/stages/2026/software/GCCcore/14.3.0/lib64/libstdc++.so.6(+0xbf14a)[0x1510cfe0814a]
[jwb1099:500044] [ 6] /p/software/default/stages/2026/software/GCCcore/14.3.0/lib64/libstdc++.so.6(_ZSt10unexpectedv+0x0)[0x1510cfdf67e9]
[jwb1099:500044] [ 7] /p/software/default/stages/2026/software/GCCcore/14.3.0/lib64/libstdc++.so.6(+0xbf3c7)[0x1510cfe083c7]
[jwb1099:500044] [ 8] /p/home/jusers/fischill1/juwels/ippl/build_fin/_deps/kokkos-build/core/src/libkokkoscore.so.5.0(_ZN6Kokkos4Impl15throw_bad_allocESt17basic_string_viewIcSt11char_traitsIcEEmS4_+0x115)[0x1510d0296e05]
[jwb1099:500044] [ 9] /p/home/jusers/fischill1/juwels/ippl/build_fin/_deps/kokkos-build/core/src/libkokkoscore.so.5.0(_ZNK6Kokkos9CudaSpace13impl_allocateEPKcmm28Kokkos_Profiling_SpaceHandle+0x219)[0x1510d02a9319]
[jwb1099:500044] [10] /p/home/jusers/fischill1/juwels/ippl/build_fin/_deps/kokkos-build/core/src/libkokkoscore.so.5.0(_ZNK6Kokkos9CudaSpace8allocateEPKcmm+0x65)[0x1510d02a9395]
[jwb1099:500044] [11] /p/home/jusers/fischill1/juwels/ippl/build_fin/_deps/kokkos-build/core/src/libkokkoscore.so.5.0(_ZN6Kokkos4Impl44HostInaccessibleSharedAllocationRecordCommonINS_9CudaSpaceEEC2ERKS2_RKNSt7__cxx1112basic_stringIcSt11char_traitsIcESaIcEEEmPFvPNS0_22SharedAllocationRecordIvvEEE+0x30)[0x1510d02ab260]
[jwb1099:500044] [12] /p/home/jusers/fischill1/juwels/ippl/build_fin/alpine/ElectrostaticPIF/LandauDampingPIF[0x4aa864]
[jwb1099:500044] [13] /p/home/jusers/fischill1/juwels/ippl/build_fin/alpine/ElectrostaticPIF/LandauDampingPIF[0x4aaf61]
terminate called after throwing an instance of 'std::runtime_error'
[jwb1099:500044] [14] /p/home/jusers/fischill1/juwels/ippl/build_fin/alpine/ElectrostaticPIF/LandauDampingPIF[0x4cf907]
[jwb1099:500  what():  Kokkos ERROR: Cuda memory space failed to allocate 625.3 MiB (label="perm_out").
044] [15] /p/home/jusers/fischill1/juwels/ippl/build_fin/alpine/ElectrostaticPIF/LandauDampingPIF[0x4e81cb]
[jwb1099:500044] [16] /p/home/jusers/fischill1/juwels/ippl/build_fin/alpine/ElectrostaticPIF/LandauDampingPIF[0x585bfd]
[jwb1099:500044] [17] /p/home/jusers/fischill1/juwels/ippl/build_fin/alpine/ElectrostaticPIF/LandauDampingPIF[0x6090d8]
[jwb1099:500044] [18] /p/home/jusers/fischill1/juwels/ippl/build_fin/alpine/ElectrostaticPIF/LandauDampingPIF[0x6095b5]
[jwb1117:204533] *** Process received signal ***
[jwb1117:204533] Signal: Aborted (6)
[jwb1117:204533] Signal code:  (-6)
[jwb1099:500044] [19] /p/home/jusers/fischill1/juwels/ippl/build_fin/alpine/ElectrostaticPIF/LandauDampingPIF[0x60c8d1]
[jwb1099:500044] [20] /p/home/jusers/fischill1/juwels/ippl/build_fin/alpine/ElectrostaticPIF/LandauDampingPIF[0x60d25b]
[jwb1099:500044] [21] /p/home/jusers/fischill1/juwels/ippl/build_fin/alpine/ElectrostaticPIF/LandauDampingPIF[0x423759]
[jwb1099:500044] [22] /usr/lib64/libc.so.6(+0x2a610)[0x1510cfb3c610]
[jwb1099:500044] [23] /usr/lib64/libc.so.6(__libc_start_main+0x80)[0x1510cfb3c6c0]
[jwb1099:500044] [24] /p/home/jusers/fischill1/juwels/ippl/build_fin/alpine/ElectrostaticPIF/LandauDampingPIF[0x425995]
[jwb1099:500044] *** End of error message ***
[jwb1117:204533] [ 0] /usr/lib64/libc.so.6(+0x3fc30)[0x14dfaf6a1c30]
[jwb1117:204533] [ 1] /usr/lib64/libc.so.6(+0x8d02c)[0x14dfaf6ef02c]
[jwb1117:204533] [ 2] /usr/lib64/libc.so.6(raise+0x16)[0x14dfaf6a1b86]
[jwb1117:204533] [ 3] /usr/lib64/libc.so.6(abort+0xd3)[0x14dfaf68b873]
[jwb1117:204533] [ 4] /p/software/default/stages/2026/software/GCCcore/14.3.0/lib64/libstdc++.so.6(+0xadc3d)[0x14dfaf946c3d]
[jwb1117:204533] [ 5] /p/software/default/stages/2026/software/GCCcore/14.3.0/lib64/libstdc++.so.6(+0xbf14a)[0x14dfaf95814a]
[jwb1117:204533] [ 6] /p/software/default/stages/2026/software/GCCcore/14.3.0/lib64/libstdc++.so.6(_ZSt10unexpectedv+0x0)[0x14dfaf9467e9]
[jwb1117:204533] [ 7] /p/software/default/stages/2026/software/GCCcore/14.3.0/lib64/libstdc++.so.6(+0xbf3c7)[0x14dfaf9583c7]
[jwb1117:204533] [ 8] /p/home/jusers/fischill1/juwels/ippl/build_fin/_deps/kokkos-build/core/src/libkokkoscore.so.5.0(_ZN6Kokkos4Impl15throw_bad_allocESt17basic_string_viewIcSt11char_traitsIcEEmS4_+0x115)[0x14dfafde6e05]
[jwb1117:204533] [ 9] /p/home/jusers/fischill1/juwels/ippl/build_fin/_deps/kokkos-build/core/src/libkokkoscore.so.5.0(_ZNK6Kokkos9CudaSpace13impl_allocateEPKcmm28Kokkos_Profiling_SpaceHandle+0x219)[0x14dfafdf9319]
[jwb1117:204533] [10] /p/home/jusers/fischill1/juwels/ippl/build_fin/_deps/kokkos-build/core/src/libkokkoscore.so.5.0(_ZNK6Kokkos9CudaSpace8allocateEPKcmm+0x65)[0x14dfafdf9395]
[jwb1117:204533] [11] /p/home/jusers/fischill1/juwels/ippl/build_fin/_deps/kokkos-build/core/src/libkokkoscore.so.5.0(_ZN6Kokkos4Impl44HostInaccessibleSharedAllocationRecordCommonINS_9CudaSpaceEEC2ERKS2_RKNSt7__cxx1112basic_stringIcSt11char_traitsIcESaIcEEEmPFvPNS0_22SharedAllocationRecordIvvEEE+0x30)[0x14dfafdfb260]
[jwb1117:204533] [12] /p/home/jusers/fischill1/juwels/ippl/build_fin/alpine/ElectrostaticPIF/LandauDampingPIF[0x4aa864]
[jwb1117:204533] [13] /p/home/jusers/fischill1/juwels/ippl/build_fin/alpine/ElectrostaticPIF/LandauDampingPIF[0x4aaf61]
[jwb1117:204533] [14] /p/home/jusers/fischill1/juwels/ippl/build_fin/alpine/ElectrostaticPIF/LandauDampingPIF[0x4cf907]
[jwb1117:204533] [15] /p/home/jusers/fischill1/juwels/ippl/build_fin/alpine/ElectrostaticPIF/LandauDampingPIF[0x4e81cb]
[jwb1117:204533] [16] /p/home/jusers/fischill1/juwels/ippl/build_fin/alpine/ElectrostaticPIF/LandauDampingPIF[0x585bfd]
[jwb1117:204533] [17] /p/home/jusers/fischill1/juwels/ippl/build_fin/alpine/ElectrostaticPIF/LandauDampingPIF[0x6090d8]
[jwb1117:204533] [18] /p/home/jusers/fischill1/juwels/ippl/build_fin/alpine/ElectrostaticPIF/LandauDampingPIF[0x6095b5]
[jwb1117:204533] [19] /p/home/jusers/fischill1/juwels/ippl/build_fin/alpine/ElectrostaticPIF/LandauDampingPIF[0x60c8d1]
[jwb1117:204533] [20] /p/home/jusers/fischill1/juwels/ippl/build_fin/alpine/ElectrostaticPIF/LandauDampingPIF[0x60d25b]
[jwb1117:204533] [21] /p/home/jusers/fischill1/juwels/ippl/build_fin/alpine/ElectrostaticPIF/LandauDampingPIF[0x423759]
[jwb1117:204533] [22] /usr/lib64/libc.so.6(+0x2a610)[0x14dfaf68c610]
[jwb1117:204533] [23] /usr/lib64/libc.so.6(__libc_start_main+0x80)[0x14dfaf68c6c0]
[jwb1117:204533] [24] /p/home/jusers/fischill1/juwels/ippl/build_fin/alpine/ElectrostaticPIF/LandauDampingPIF[0x425995]
[jwb1117:204533] *** End of error message ***
terminate called after throwing an instance of 'std::runtime_error'
  what():  Kokkos ERROR: Cuda memory space failed to allocate 641.4 MiB (label="keys_out").
[jwb1116:2082912] *** Process received signal ***
[jwb1116:2082912] Signal: Aborted (6)
[jwb1116:2082912] Signal code:  (-6)
[jwb1116:2082912] [ 0] /usr/lib64/libc.so.6(+0x3fc30)[0x152090bc7c30]
[jwb1116:2082912] [ 1] /usr/lib64/libc.so.6(+0x8d02c)[0x152090c1502c]
[jwb1116:2082912] [ 2] /usr/lib64/libc.so.6(raise+0x16)[0x152090bc7b86]
[jwb1116:2082912] [ 3] /usr/lib64/libc.so.6(abort+0xd3)[0x152090bb1873]
[jwb1116:2082912] [ 4] /p/software/default/stages/2026/software/GCCcore/14.3.0/lib64/libstdc++.so.6(+0xadc3d)[0x152090e6cc3d]
[jwb1116:2082912] [ 5] /p/software/default/stages/2026/software/GCCcore/14.3.0/lib64/libstdc++.so.6(+0xbf14a)[0x152090e7e14a]
[jwb1116:2082912] [ 6] /p/software/default/stages/2026/software/GCCcore/14.3.0/lib64/libstdc++.so.6(_ZSt10unexpectedv+0x0)[0x152090e6c7e9]
[jwb1116:2082912] [ 7] /p/software/default/stages/2026/software/GCCcore/14.3.0/lib64/libstdc++.so.6(+0xbf3c7)[0x152090e7e3c7]
[jwb1116:2082912] [ 8] /p/home/jusers/fischill1/juwels/ippl/build_fin/_deps/kokkos-build/core/src/libkokkoscore.so.5.0(_ZN6Kokkos4Impl15throw_bad_allocESt17basic_string_viewIcSt11char_traitsIcEEmS4_+0x115)[0x15209130ce05]
[jwb1116:2082912] [ 9] /p/home/jusers/fischill1/juwels/ippl/build_fin/_deps/kokkos-build/core/src/libkokkoscore.so.5.0(_ZNK6Kokkos9CudaSpace13impl_allocateEPKcmm28Kokkos_Profiling_SpaceHandle+0x219)[0x15209131f319]
[jwb1116:2082912] [10] /p/home/jusers/fischill1/juwels/ippl/build_fin/_deps/kokkos-build/core/src/libkokkoscore.so.5.0(_ZNK6Kokkos9CudaSpace8allocateEPKcmm+0x65)[0x15209131f395]
[jwb1116:2082912] [11] /p/home/jusers/fischill1/juwels/ippl/build_fin/_deps/kokkos-build/core/src/libkokkoscore.so.5.0(_ZN6Kokkos4Impl44HostInaccessibleSharedAllocationRecordCommonINS_9CudaSpaceEEC2ERKS2_RKNSt7__cxx1112basic_stringIcSt11char_traitsIcESaIcEEEmPFvPNS0_22SharedAllocationRecordIvvEEE+0x30)[0x152091321260]
[jwb1116:2082912] [12] /p/home/jusers/fischill1/juwels/ippl/build_fin/alpine/ElectrostaticPIF/LandauDampingPIF[0x4aa864]
[jwb1116:2082912] [13] /p/home/jusers/fischill1/juwels/ippl/build_fin/alpine/ElectrostaticPIF/LandauDampingPIF[0x4aae5e]
[jwb1116:2082912] [14] /p/home/jusers/fischill1/juwels/ippl/build_fin/alpine/ElectrostaticPIF/LandauDampingPIF[0x4cf907]
[jwb1116:2082912] [15] /p/home/jusers/fischill1/juwels/ippl/build_fin/alpine/ElectrostaticPIF/LandauDampingPIF[0x4e81cb]
[jwb1116:2082912] [16] /p/home/jusers/fischill1/juwels/ippl/build_fin/alpine/ElectrostaticPIF/LandauDampingPIF[0x585bfd]
[jwb1116:2082912] [17] /p/home/jusers/fischill1/juwels/ippl/build_fin/alpine/ElectrostaticPIF/LandauDampingPIF[0x6090d8]
[jwb1116:2082912] [18] /p/home/jusers/fischill1/juwels/ippl/build_fin/alpine/ElectrostaticPIF/LandauDampingPIF[0x6095b5]
[jwb1116:2082912] [19] /p/home/jusers/fischill1/juwels/ippl/build_fin/alpine/ElectrostaticPIF/LandauDampingPIF[0x60c8d1]
[jwb1116:2082912] [20] /p/home/jusers/fischill1/juwels/ippl/build_fin/alpine/ElectrostaticPIF/LandauDampingPIF[0x60d25b]
[jwb1116:2082912] [21] /p/home/jusers/fischill1/juwels/ippl/build_fin/alpine/ElectrostaticPIF/LandauDampingPIF[0x423759]
[jwb1116:2082912] [22] /usr/lib64/libc.so.6(+0x2a610)[0x152090bb2610]
[jwb1116:2082912] [23] /usr/lib64/libc.so.6(__libc_start_main+0x80)[0x152090bb26c0]
[jwb1116:2082912] [24] /p/home/jusers/fischill1/juwels/ippl/build_fin/alpine/ElectrostaticPIF/LandauDampingPIF[0x425995]
[jwb1116:2082912] *** End of error message ***
terminate called after throwing an instance of 'std::runtime_error'
  what():  Kokkos ERROR: Cuda memory space failed to allocate 641.3 MiB (label="keys_out").
[jwb0677:1854921] *** Process received signal ***
[jwb0677:1854921] Signal: Aborted (6)
[jwb0677:1854921] Signal code:  (-6)
[jwb0677:1854921] [ 0] /usr/lib64/libc.so.6(+0x3fc30)[0x14e9c7feec30]
[jwb0677:1854921] [ 1] /usr/lib64/libc.so.6(+0x8d02c)[0x14e9c803c02c]
[jwb0677:1854921] [ 2] /usr/lib64/libc.so.6(raise+0x16)[0x14e9c7feeb86]
[jwb0677:1854921] [ 3] /usr/lib64/libc.so.6(abort+0xd3)[0x14e9c7fd8873]
[jwb0677:1854921] [ 4] /p/software/default/stages/2026/software/GCCcore/14.3.0/lib64/libstdc++.so.6(+0xadc3d)[0x14e9c8293c3d]
[jwb0677:1854921] [ 5] /p/software/default/stages/2026/software/GCCcore/14.3.0/lib64/libstdc++.so.6(+0xbf14a)[0x14e9c82a514a]
[jwb0677:1854921] [ 6] /p/software/default/stages/2026/software/GCCcore/14.3.0/lib64/libstdc++.so.6(_ZSt10unexpectedv+0x0)[0x14e9c82937e9]
[jwb0677:1854921] [ 7] /p/software/default/stages/2026/software/GCCcore/14.3.0/lib64/libstdc++.so.6(+0xbf3c7)[0x14e9c82a53c7]
[jwb0677:1854921] [ 8] /p/home/jusers/fischill1/juwels/ippl/build_fin/_deps/kokkos-build/core/src/libkokkoscore.so.5.0(_ZN6Kokkos4Impl15throw_bad_allocESt17basic_string_viewIcSt11char_traitsIcEEmS4_+0x115)[0x14e9c8733e05]
[jwb0677:1854921] [ 9] /p/home/jusers/fischill1/juwels/ippl/build_fin/_deps/kokkos-build/core/src/libkokkoscore.so.5.0(_ZNK6Kokkos9CudaSpace13impl_allocateEPKcmm28Kokkos_Profiling_SpaceHandle+0x219)[0x14e9c8746319]
[jwb0677:1854921] [10] /p/home/jusers/fischill1/juwels/ippl/build_fin/_deps/kokkos-build/core/src/libkokkoscore.so.5.0(_ZNK6Kokkos9CudaSpace8allocateEPKcmm+0x65)[0x14e9c8746395]
[jwb0677:1854921] [11] /p/home/jusers/fischill1/juwels/ippl/build_fin/_deps/kokkos-build/core/src/libkokkoscore.so.5.0(_ZN6Kokkos4Impl44HostInaccessibleSharedAllocationRecordCommonINS_9CudaSpaceEEC2ERKS2_RKNSt7__cxx1112basic_stringIcSt11char_traitsIcESaIcEEEmPFvPNS0_22SharedAllocationRecordIvvEEE+0x30)[0x14e9c8748260]
[jwb0677:1854921] [12] /p/home/jusers/fischill1/juwels/ippl/build_fin/alpine/ElectrostaticPIF/LandauDampingPIF[0x4aa864]
[jwb0677:1854921] [13] /p/home/jusers/fischill1/juwels/ippl/build_fin/alpine/ElectrostaticPIF/LandauDampingPIF[0x4aae5e]
[jwb0677:1854921] [14] /p/home/jusers/fischill1/juwels/ippl/build_fin/alpine/ElectrostaticPIF/LandauDampingPIF[0x4cf907]
[jwb0677:1854921] [15] /p/home/jusers/fischill1/juwels/ippl/build_fin/alpine/ElectrostaticPIF/LandauDampingPIF[0x4e81cb]
[jwb0677:1854921] [16] /p/home/jusers/fischill1/juwels/ippl/build_fin/alpine/ElectrostaticPIF/LandauDampingPIF[0x585bfd]
[jwb0677:1854921] [17] /p/home/jusers/fischill1/juwels/ippl/build_fin/alpine/ElectrostaticPIF/LandauDampingPIF[0x6090d8]
[jwb0677:1854921] [18] /p/home/jusers/fischill1/juwels/ippl/build_fin/alpine/ElectrostaticPIF/LandauDampingPIF[0x6095b5]
[jwb0677:1854921] [19] /p/home/jusers/fischill1/juwels/ippl/build_fin/alpine/ElectrostaticPIF/LandauDampingPIF[0x60c8d1]
[jwb0677:1854921] [20] /p/home/jusers/fischill1/juwels/ippl/build_fin/alpine/ElectrostaticPIF/LandauDampingPIF[0x60d25b]
[jwb0677:1854921] [21] /p/home/jusers/fischill1/juwels/ippl/build_fin/alpine/ElectrostaticPIF/LandauDampingPIF[0x423759]
[jwb0677:1854921] [22] /usr/lib64/libc.so.6(+0x2a610)[0x14e9c7fd9610]
[jwb0677:1854921] [23] /usr/lib64/libc.so.6(__libc_start_main+0x80)[0x14e9c7fd96c0]
[jwb0677:1854921] [24] /p/home/jusers/fischill1/juwels/ippl/build_fin/alpine/ElectrostaticPIF/LandauDampingPIF[0x425995]
[jwb0677:1854921] *** End of error message ***
terminate called after throwing an instance of 'std::runtime_error'
  what():  Kokkos ERROR: Cuda memory space failed to allocate 666.4 MiB (label="keys_out").
terminate called after throwing an instance of 'std::runtime_error'
  what():  Kokkos ERROR: Cuda memory space failed to allocate 666.3 MiB (label="keys_out").
[jwb0677:1854919] *** Process received signal ***
[jwb0677:1854919] Signal: Aborted (6)
[jwb0677:1854919] Signal code:  (-6)
[jwb1117:204531] *** Process received signal ***
[jwb1117:204531] Signal: Aborted (6)
[jwb1117:204531] Signal code:  (-6)
[jwb1117:204531] [ 0] /usr/lib64/libc.so.6(+0x3fc30)[0x15229b7c7c30]
[jwb1117:204531] [ 1] /usr/lib64/libc.so.6(+0x8d02c)[0x15229b81502c]
[jwb1117:204531] [ 2] /usr/lib64/libc.so.6(raise+0x16)[0x15229b7c7b86]
[jwb1117:204531] [ 3] /usr/lib64/libc.so.6(abort+0xd3)[0x15229b7b1873]
[jwb1117:204531] [ 4] /p/software/default/stages/2026/software/GCCcore/14.3.0/lib64/libstdc++.so.6(+0xadc3d)[0x15229ba6cc3d]
[jwb1117:204531] [ 5] /p/software/default/stages/2026/software/GCCcore/14.3.0/lib64/libstdc++.so.6(+0xbf14a)[0x15229ba7e14a]
[jwb1117:204531] [ 6] /p/software/default/stages/2026/software/GCCcore/14.3.0/lib64/libstdc++.so.6(_ZSt10unexpectedv+0x0)[0x15229ba6c7e9]
[jwb1117:204531] [ 7] /p/software/default/stages/2026/software/GCCcore/14.3.0/lib64/libstdc++.so.6(+0xbf3c7)[0x15229ba7e3c7]
[jwb1117:204531] [ 8] /p/home/jusers/fischill1/juwels/ippl/build_fin/_deps/kokkos-build/core/src/libkokkoscore.so.5.0(_ZN6Kokkos4Impl15throw_bad_allocESt17basic_string_viewIcSt11char_traitsIcEEmS4_+0x115)[0x15229bf0ce05]
[jwb0677:1854919] [ 0] /usr/lib64/libc.so.6(+0x3fc30)[0x147dbd302c30]
[jwb0677:1854919] [ 1] /usr/lib64/libc.so.6(+0x8d02c)[0x147dbd35002c]
[jwb0677:1854919] [ 2] /usr/lib64/libc.so.6(raise+0x16)[0x147dbd302b86]
[jwb0677:1854919] [ 3] /usr/lib64/libc.so.6(abort+0xd3)[0x147dbd2ec873]
[jwb0677:1854919] [ 4] /p/software/default/stages/2026/software/GCCcore/14.3.0/lib64/libstdc++.so.6(+0xadc3d)[0x147dbd5a7c3d]
[jwb0677:1854919] [ 5] /p/software/default/stages/2026/software/GCCcore/14.3.0/lib64/libstdc++.so.6(+0xbf14a)[0x147dbd5b914a]
[jwb0677:1854919] [ 6] /p/software/default/stages/2026/software/GCCcore/14.3.0/lib64/libstdc++.so.6(_ZSt10unexpectedv+0x0)[0x147dbd5a77e9]
[jwb0677:1854919] [ 7] /p/software/default/stages/2026/software/GCCcore/14.3.0/lib64/libstdc++.so.6(+0xbf3c7)[0x147dbd5b93c7]
[jwb0677:1854919] [ 8] /p/home/jusers/fischill1/juwels/ippl/build_fin/_deps/kokkos-build/core/src/libkokkoscore.so.5.0(_ZN6Kokkos4Impl15throw_bad_allocESt17basic_string_viewIcSt11char_traitsIcEEmS4_+0x115)[0x147dbda47e05]
[jwb1117:204531] [ 9] /p/home/juse[jwb0677:1854919] [ 9] /prs/fischill1/juwels/ippl/build_fin/_deps/kokkos-build/core/src/libkokkoscore.so.5.0(_ZNK6Kokkos9CudaSpace13impl_allocateEPKcmm28Kokkos_Profiling_SpaceHandle+0x219)[0x15229bf1f319]
[jwb1117:204531] [10] /p/home/jusers/fischill1/juwels/ippl/build_fin/_deps/kokkos-build/core/src/libkokkoscore.so.5.0(_ZNK6Kokkos9CudaSpace8allocateEPKcmm+0x65)[0x15229bf1f395]
[jwb1117:204531] [11] /p/home/jusers/fischill1/juwels/ippl/build_fin/_deps/kokkos-build/core/src/libkokkoscore.so.5.0(_ZN6Kokkos4Impl44HostInaccessibleSharedAllocationRecordCommonINS_9CudaSpaceEEC2ERKS2_RKNSt7__cxx1112basic_stringIcSt11char_traitsIcESaIcEEEmPFvPNS0_22SharedAllocationRecordIvvEEE+0x30)[0x15229bf21260]
[jwb1117:204531] [12] /p/home/jusers/fischill1/juwels/ippl/build_fin/alpine/ElectrostaticPIF/LandauDampingPIF[0x4aa864]
[jwb1117:204531] [13] /p/home/jusers/fischill1/juwels/ippl/build_fin/alpine/ElectrostaticPIF/LandauDampingPIF[0x4aae5e]
/home/jusers/fischill1/juwels/ippl/build_fin/_deps/kokkos-build/core/src/libkokkoscore.so.5.0(_ZNK6Kokkos9CudaSpace13impl_allocateEPKcmm28Kokkos_Profiling_SpaceHandle+0x219)[0x147dbda5a319]
[jwb0677:1854919] [10] /p/home/jusers/fischill1/juwels/ippl/build_fin/_deps/kokkos-build/core/src/libkokkoscore.so.5.0(_ZNK6Kokkos9CudaSpace8allocateEPKcmm+0x65)[0x147dbda5a395]
[jwb0677:1854919] [11] /p/home/jusers/fischill1/juwels/ippl/build_fin/_deps/kokkos-build/core/src/libkokkoscore.so.5.0(_ZN6Kokkos4Impl44HostInaccessibleSharedAllocationRecordCommonINS_9CudaSpaceEEC2ERKS2_RKNSt7__cxx1112basic_stringIcSt11char_traitsIcESaIcEEEmPFvPNS0_22SharedAllocationRecordIvvEEE+0x30)[0x147dbda5c260]
[jwb0677:1854919] [12] /p/home/jusers/fischill1/juwels/ippl/build_fin/alpine/ElectrostaticPIF/LandauDampingPIF[0x4aa864]
[jwb0677:1854919] [13] /p/home/jusers/fischill1/juwels/ippl/build_fin/alpine/ElectrostaticPIF/LandauDampingPIF[0x4aae5e]
[jwb1117:204531] [14] /p/home/jusers/fischill1/juwels/ippl/build_fin/alpine/ElectrostaticPIF/LandauDampingPIF[0x4cf907]
[jwb1117:204[jwb0677:1854919] [14] /p/home/jusers/fischill1/juwels/ippl/build_fin/alpine/ElectrostaticPIF/LandauDampingPIF[0x4cf90531] [15] /p/home/jusers/fischill1/juwels/ippl/build_fin/alpine/ElectrostaticPIF/LandauDampingPIF[0x4e81cb]
[jwb1117:204531] [16] /p/home/jusers/fischill1/juwels/ippl/build_fin/alpine/ElectrostaticPIF/LandauDampingPIF[0x585bfd]
[jwb1117:204531] [17] /p/home/jusers/fischill1/juwels/ippl/build_fin/alpine/ElectrostaticPIF/LandauDampingPIF[0x6090d8]
[jwb1117:204531] [18] /p/home/jusers/fischill1/juwels/ippl/build_fin/alpine/ElectrostaticPIF/LandauDampingPIF[0x6095b5]
7]
[jwb0677:1854919] [15] /p/home/jusers/fischill1/juwels/ippl/build_fin/alpine/ElectrostaticPIF/LandauDampingPIF[0x4e81cb]
[jwb0677:1854919] [16] /p/home/jusers/fischill1/juwels/ippl/build_fin/alpine/ElectrostaticPIF/LandauDampingPIF[0x585bfd]
[jwb0677:1854919] [17] /p/home/jusers/fischill1/juwels/ippl/build_fin/alpine/ElectrostaticPIF/LandauDampingPIF[0x6090d8]
[jwb0677:1854919] [18] /p/home/jusers/fischill1/juwels/ippl/build_fin/alpine/ElectrostaticPIF/LandauDampingPIF[0x6095b5]
[jwb0677:1854919] [19] /p/home/jusers/fischill1/juwels/ippl/build_fin/alpine/ElectrostaticPIF/LandauDampingPIF[0x60c8d1]
[jwb0677:1854919] [20] /p/home/jusers/fischill1/juwels/ippl/build_fin/alpine/ElectrostaticPIF/LandauDampingPIF[0x60d25b]
[jwb0677:1854919] [21] /p/home/jusers/fischill1/juwels/ippl/build_fin/alpine/ElectrostaticPIF/LandauDampingPIF[0x423759]
[jwb0677:1854919] [22] /usr/lib64/libc.so.6(+0x2a610)[0x147dbd2ed610]
[jwb0677:1854919] [23] /usr/lib64/libc.so.6(__libc_start_main+0x80)[0x147dbd2ed6c0]
[jwb1117:204531] [19] /p/home/jusers/fischill1/juwels/ippl/build_fin/alpine/ElectrostaticPIF/LandauDampingPIF[0x60c8d1]
[jwb1117:204531] [20] /p/home/jusers/fischill1/juwels/ippl/build_fin/alpine/ElectrostaticPIF/LandauDampingPIF[0x60d25b]
[jwb1117:204531] [21] /p/home/jusers/fischill1/juwels/ippl/build_fin/alpine/ElectrostaticPIF/LandauDampingPIF[0x423759]
[jwb1117:204531] [22] /usr/lib64/libc.so.6(+0x2a610)[0x15229b7b2610]
[jwb1117:204531] [23] /usr/lib64/libc.so.6(__libc_start_main+0x80)[0x15229b7b26c0]
[jwb1117:204531] [24] /p/home/jusers/fischill1/juwels/ippl/build_fin/alpine/ElectrostaticPIF/LandauDampingPIF[0x425995]
[jwb1117:204531] *** End of error message ***
[jwb0677:1854919] [24] /p/home/jusers/fischill1/juwels/ippl/build_fin/alpine/ElectrostaticPIF/LandauDampingPIF[0x425995]
[jwb0677:1854919] *** End of error message ***
terminate called after throwing an instance of 'std::runtime_error'
  what():  Kokkos ERROR: Cuda memory space failed to allocate 683.5 MiB (label="keys_out").
[jwb1117:204532] *** Process received signal ***
terminate called after throwing an instance of 'std::runtime_error'
[jwb1117:204532] Signal: Aborted (6)
[jwb1117:204532] Signal code:  (-6)
  what():  Kokkos ERROR: Cuda memory space failed to allocate 641.4 MiB (label="keys_out").
[jwb1117:204534] *** Process received signal ***
[jwb1117:204534] Signal: Aborted (6)
[jwb1117:204534] Signal code:  (-6)
[jwb1117:204532] [ 0] /usr/lib64/libc.so.6(+0x3fc30)[0x14dd66669c30]
[jwb1117:204532] [ 1] /usr/lib64/libc.so.6(+0x8d02c)[0x14dd666b702c]
[jwb1117:204532] [ 2] /usr/lib64/libc.so.6(raise+0x16)[0x14dd66669b86]
[jwb1117:204532] [ 3] /usr/lib64/libc.so.6(abort+0xd3)[0x14dd66653873]
[jwb1117:204532] [ 4] /p/software/default/stages/2026/software/GCCcore/14.3.0/lib64/libstdc++.so.6(+0xadc3d)[0x14dd6690ec3d]
[jwb1117:204532] [ 5] /p/software/default/stages/2026/software/GCCcore/14.3.0/lib64/libstdc++.so.6(+0xbf14a)[0x14dd6692014a]
[jwb1117:204532] [ 6] /p/software/default/stages/2026/software/GCCcore/14.3.0/lib64/libstdc++.so.6(_ZSt10unexpectedv+0x0)[0x14dd6690e7e9]
[jwb1117:204532] [ 7] /p/software/default/stages/2026/software/GCCcore/14.3.0/lib64/libstdc++.so.6(+0xbf3c7)[0x14dd669203c7]
[jwb1117:204532] [ 8] /p/home/jusers/fischill1/juwels/ippl/build_fin/_deps/kokkos-build/core/src/libkokkoscore.so.5.0(_ZN6Kokkos4Impl15throw_bad_allocESt17basic_string_viewIcSt11char_traitsIcEEmS4_+0x115)[0x14dd66daee05]
[jwb1117:204532] [ 9] /p/home/jusers/fischill1/juwels/ippl/build_fin/_deps/kokkos-build/core/src/libkokkoscore.so.5.0(_ZNK6Kokkos9CudaSpace13impl_allocateEPKcmm28Kokkos_Profiling_SpaceHandle+0x219)[0x14dd66dc1319]
[jwb1117:204532] [10] /p/home/jusers/fischill1/juwels/ippl/build_fin/_deps/kokkos-build/core/src/libkokkoscore.so.5.0(_ZNK6Kokkos9CudaSpace8allocateEPKcmm+0x65)[0x14dd66dc1395]
[jwb1117:204532] [11] /p/home/jusers/fischill1/juwels/ippl/build_fin/_deps/kokkos-build/core/src/libkokkoscore.so.5.0(_ZN6Kokkos4Impl44HostInaccessibleSharedAllocationRecordCommonINS_9CudaSpaceEEC2ERKS2_RKNSt7__cxx1112basic_stringIcSt11char_traitsIcESaIcEEEmPFvPNS0_22SharedAllocationRecordIvvEEE+0x30)[0x14dd66dc3260]
[jwb1117:204532] [12] /p/home/jusers/fischill1/juwels/ippl/build_fin/alpine/ElectrostaticPIF/LandauDampingPIF[0x4aa864]
[jwb1117:204532] [13] /p/home/jusers/fischill1/juwels/ippl/build_fin/alpine/ElectrostaticPIF/LandauDampingPIF[0x4aae5e]
[jwb1117:204532] [14] /p/home/jusers/fischill1/juwels/ippl/build_fin/alpine/ElectrostaticPIF/LandauDampingPIF[0x4cf907]
[jwb1117:204532] [15] /p/home/jusers/fischill1/juwels/ippl/build_fin/alpine/ElectrostaticPIF/LandauDampingPIF[0x4e81cb]
[jwb1117:204532] [16] /p/home/jusers/fischill1/juwels/ippl/build_fin/alpine/ElectrostaticPIF/LandauDampingPIF[0x585bfd]
[jwb1117:204532] [17] /p/home/jusers/fischill1/juwels/ippl/build_fin/alpine/ElectrostaticPIF/LandauDampingPIF[0x6090d8]
[jwb1117:204532] [18] /p/home/jusers/fischill1/juwels/ippl/build_fin/alpine/ElectrostaticPIF/LandauDampingPIF[0x6095b5]
[jwb1117:204532] [19] /p/home/jusers/fischill1/juwels/ippl/build_fin/alpine/ElectrostaticPIF/LandauDampingPIF[0x60c8d1]
[jwb1117:204532] [20] /p/home/jusers/fischill1/juwels/ippl/build_fin/alpine/ElectrostaticPIF/LandauDampingPIF[0x60d25b]
[jwb1117:204532] [21] /p/home/jusers/fischill1/juwels/ippl/build_fin/alpine/ElectrostaticPIF/LandauDampingPIF[0x423759]
[jwb1117:204532] [22] /usr/lib64/libc.so.6(+0x2a610)[0x14dd66654610]
[jwb1117:204532] [23] /usr/lib64/libc.so.6(__libc_start_main+0x80)[0x14dd666546c0]
[jwb1117:204532] [24] /p/home/jusers/fischill1/juwels/ippl/build_fin/alpine/ElectrostaticPIF/LandauDampingPIF[0x425995]
[jwb1117:204532] *** End of error message ***
[jwb1117:204534] [ 0] /usr/lib64/libc.so.6(+0x3fc30)[0x14f0ec7b3c30]
[jwb1117:204534] [ 1] /usr/lib64/libc.so.6(+0x8d02c)[0x14f0ec80102c]
[jwb1117:204534] [ 2] /usr/lib64/libc.so.6(raise+0x16)[0x14f0ec7b3b86]
[jwb1117:204534] [ 3] /usr/lib64/libc.so.6(abort+0xd3)[0x14f0ec79d873]
[jwb1117:204534] [ 4] /p/software/default/stages/2026/software/GCCcore/14.3.0/lib64/libstdc++.so.6(+0xadc3d)[0x14f0eca58c3d]
[jwb1117:204534] [ 5] /p/software/default/stages/2026/software/GCCcore/14.3.0/lib64/libstdc++.so.6(+0xbf14a)[0x14f0eca6a14a]
[jwb1117:204534] [ 6] /p/software/default/stages/2026/software/GCCcore/14.3.0/lib64/libstdc++.so.6(_ZSt10unexpectedv+0x0)[0x14f0eca587e9]
[jwb1117:204534] [ 7] /p/software/default/stages/2026/software/GCCcore/14.3.0/lib64/libstdc++.so.6(+0xbf3c7)[0x14f0eca6a3c7]
[jwb1117:204534] [ 8] /p/home/jusers/fischill1/juwels/ippl/build_fin/_deps/kokkos-build/core/src/libkokkoscore.so.5.0(_ZN6Kokkos4Impl15throw_bad_allocESt17basic_string_viewIcSt11char_traitsIcEEmS4_+0x115)[0x14f0ecef8e05]
[jwb1117:204534] [ 9] /p/home/jusers/fischill1/juwels/ippl/build_fin/_deps/kokkos-build/core/src/libkokkoscore.so.5.0(_ZNK6Kokkos9CudaSpace13impl_allocateEPKcmm28Kokkos_Profiling_SpaceHandle+0x219)[0x14f0ecf0b319]
[jwb1117:204534] [10] /p/home/jusers/fischill1/juwels/ippl/build_fin/_deps/kokkos-build/core/src/libkokkoscore.so.5.0(_ZNK6Kokkos9CudaSpace8allocateEPKcmm+0x65)[0x14f0ecf0b395]
[jwb1117:204534] [11] /p/home/jusers/fischill1/juwels/ippl/build_fin/_deps/kokkos-build/core/src/libkokkoscore.so.5.0(_ZN6Kokkos4Impl44HostInaccessibleSharedAllocationRecordCommonINS_9CudaSpaceEEC2ERKS2_RKNSt7__cxx1112basic_stringIcSt11char_traitsIcESaIcEEEmPFvPNS0_22SharedAllocationRecordIvvEEE+0x30)[0x14f0ecf0d260]
[jwb1117:204534] [12] /p/home/jusers/fischill1/juwels/ippl/build_fin/alpine/ElectrostaticPIF/LandauDampingPIF[0x4aa864]
[jwb1117:204534] [13] /p/home/jusers/fischill1/juwels/ippl/build_fin/alpine/ElectrostaticPIF/LandauDampingPIF[0x4aae5e]
[jwb1117:204534] [14] /p/home/jusers/fischill1/juwels/ippl/build_fin/alpine/ElectrostaticPIF/LandauDampingPIF[0x4cf907]
[jwb1117:204534] [15] /p/home/jusers/fischill1/juwels/ippl/build_fin/alpine/ElectrostaticPIF/LandauDampingPIF[0x4e81cb]
[jwb1117:204534] [16] /p/home/jusers/fischill1/juwels/ippl/build_fin/alpine/ElectrostaticPIF/LandauDampingPIF[0x585bfd]
[jwb1117:204534] [17] /p/home/jusers/fischill1/juwels/ippl/build_fin/alpine/ElectrostaticPIF/LandauDampingPIF[0x6090d8]
[jwb1117:204534] [18] /p/home/jusers/fischill1/juwels/ippl/build_fin/alpine/ElectrostaticPIF/LandauDampingPIF[0x6095b5]
[jwb1117:204534] [19] /p/home/jusers/fischill1/juwels/ippl/build_fin/alpine/ElectrostaticPIF/LandauDampingPIF[0x60c8d1]
[jwb1117:204534] [20] /p/home/jusers/fischill1/juwels/ippl/build_fin/alpine/ElectrostaticPIF/LandauDampingPIF[0x60d25b]
[jwb1117:204534] [21] /p/home/jusers/fischill1/juwels/ippl/build_fin/alpine/ElectrostaticPIF/LandauDampingPIF[0x423759]
[jwb1117:204534] [22] /usr/lib64/libc.so.6(+0x2a610)[0x14f0ec79e610]
[jwb1117:204534] [23] /usr/lib64/libc.so.6(__libc_start_main+0x80)[0x14f0ec79e6c0]
[jwb1117:204534] [24] /p/home/jusers/fischill1/juwels/ippl/build_fin/alpine/ElectrostaticPIF/LandauDampingPIF[0x425995]
[jwb1117:204534] *** End of error message ***
terminate called after throwing an instance of 'std::runtime_error'
  what():  Kokkos ERROR: Cuda memory space failed to allocate 624.7 MiB (label="perm_out").
[jwb1120:1160669] *** Process received signal ***
[jwb1120:1160669] Signal: Aborted (6)
[jwb1120:1160669] Signal code:  (-6)
[jwb1120:1160669] [ 0] /usr/lib64/libc.so.6(+0x3fc30)[0x1479a6fa0c30]
[jwb1120:1160669] [ 1] /usr/lib64/libc.so.6(+0x8d02c)[0x1479a6fee02c]
[jwb1120:1160669] [ 2] /usr/lib64/libc.so.6(raise+0x16)[0x1479a6fa0b86]
[jwb1120:1160669] [ 3] /usr/lib64/libc.so.6(abort+0xd3)[0x1479a6f8a873]
[jwb1120:1160669] [ 4] /p/software/default/stages/2026/software/GCCcore/14.3.0/lib64/libstdc++.so.6(+0xadc3d)[0x1479a7245c3d]
[jwb1120:1160669] [ 5] /p/software/default/stages/2026/software/GCCcore/14.3.0/lib64/libstdc++.so.6(+0xbf14a)[0x1479a725714a]
[jwb1120:1160669] [ 6] /p/software/default/stages/2026/software/GCCcore/14.3.0/lib64/libstdc++.so.6(_ZSt10unexpectedv+0x0)[0x1479a72457e9]
[jwb1120:1160669] [ 7] /p/software/default/stages/2026/software/GCCcore/14.3.0/lib64/libstdc++.so.6(+0xbf3c7)[0x1479a72573c7]
[jwb1120:1160669] [ 8] /p/home/jusers/fischill1/juwels/ippl/build_fin/_deps/kokkos-build/core/src/libkokkoscore.so.5.0(_ZN6Kokkos4Impl15throw_bad_allocESt17basic_string_viewIcSt11char_traitsIcEEmS4_+0x115)[0x1479a76e5e05]
[jwb1120:1160669] [ 9] /p/home/jusers/fischill1/juwels/ippl/build_fin/_deps/kokkos-build/core/src/libkokkoscore.so.5.0(_ZNK6Kokkos9CudaSpace13impl_allocateEPKcmm28Kokkos_Profiling_SpaceHandle+0x219)[0x1479a76f8319]
[jwb1120:1160669] [10] /p/home/jusers/fischill1/juwels/ippl/build_fin/_deps/kokkos-build/core/src/libkokkoscore.so.5.0(_ZNK6Kokkos9CudaSpace8allocateEPKcmm+0x65)[0x1479a76f8395]
[jwb1120:1160669] [11] /p/home/jusers/fischill1/juwels/ippl/build_fin/_deps/kokkos-build/core/src/libkokkoscore.so.5.0(_ZN6Kokkos4Impl44HostInaccessibleSharedAllocationRecordCommonINS_9CudaSpaceEEC2ERKS2_RKNSt7__cxx1112basic_stringIcSt11char_traitsIcESaIcEEEmPFvPNS0_22SharedAllocationRecordIvvEEE+0x30)[0x1479a76fa260]
[jwb1120:1160669] [12] /p/home/jusers/fischill1/juwels/ippl/build_fin/alpine/ElectrostaticPIF/LandauDampingPIF[0x4aa864]
[jwb1120:1160669] [13] /p/home/jusers/fischill1/juwels/ippl/build_fin/alpine/ElectrostaticPIF/LandauDampingPIF[0x4aaf61]
[jwb1120:1160669] [14] /p/home/jusers/fischill1/juwels/ippl/build_fin/alpine/ElectrostaticPIF/LandauDampingPIF[0x4cf907]
[jwb1120:1160669] [15] /p/home/jusers/fischill1/juwels/ippl/build_fin/alpine/ElectrostaticPIF/LandauDampingPIF[0x4e81cb]
[jwb1120:1160669] [16] /p/home/jusers/fischill1/juwels/ippl/build_fin/alpine/ElectrostaticPIF/LandauDampingPIF[0x585bfd]
[jwb1120:1160669] [17] /p/home/jusers/fischill1/juwels/ippl/build_fin/alpine/ElectrostaticPIF/LandauDampingPIF[0x6090d8]
[jwb1120:1160669] [18] /p/home/jusers/fischill1/juwels/ippl/build_fin/alpine/ElectrostaticPIF/LandauDampingPIF[0x6095b5]
[jwb1120:1160669] [19] /p/home/jusers/fischill1/juwels/ippl/build_fin/alpine/ElectrostaticPIF/LandauDampingPIF[0x60c8d1]
[jwb1120:1160669] [20] /p/home/jusers/fischill1/juwels/ippl/build_fin/alpine/ElectrostaticPIF/LandauDampingPIF[0x60d25b]
[jwb1120:1160669] [21] /p/home/jusers/fischill1/juwels/ippl/build_fin/alpine/ElectrostaticPIF/LandauDampingPIF[0x423759]
[jwb1120:1160669] [22] /usr/lib64/libc.so.6(+0x2a610)[0x1479a6f8b610]
[jwb1120:1160669] [23] /usr/lib64/libc.so.6(__libc_start_main+0x80)[0x1479a6f8b6c0]
[jwb1120:1160669] [24] /p/home/jusers/fischill1/juwels/ippl/build_fin/alpine/ElectrostaticPIF/LandauDampingPIF[0x425995]
[jwb1120:1160669] *** End of error message ***
terminate called after throwing an instance of 'std::runtime_error'
  what():  Kokkos ERROR: Cuda memory space failed to allocate 625.2 MiB (label="perm_out").
[jwb0677:1854920] *** Process received signal ***
[jwb0677:1854920] Signal: Aborted (6)
[jwb0677:1854920] Signal code:  (-6)
[jwb0677:1854920] [ 0] /usr/lib64/libc.so.6(+0x3fc30)[0x146dc6fb0c30]
[jwb0677:1854920] [ 1] /usr/lib64/libc.so.6(+0x8d02c)[0x146dc6ffe02c]
[jwb0677:1854920] [ 2] /usr/lib64/libc.so.6(raise+0x16)[0x146dc6fb0b86]
[jwb0677:1854920] [ 3] /usr/lib64/libc.so.6(abort+0xd3)[0x146dc6f9a873]
[jwb0677:1854920] [ 4] /p/software/default/stages/2026/software/GCCcore/14.3.0/lib64/libstdc++.so.6(+0xadc3d)[0x146dc7255c3d]
[jwb0677:1854920] [ 5] /p/software/default/stages/2026/software/GCCcore/14.3.0/lib64/libstdc++.so.6(+0xbf14a)[0x146dc726714a]
[jwb0677:1854920] [ 6] /p/software/default/stages/2026/software/GCCcore/14.3.0/lib64/libstdc++.so.6(_ZSt10unexpectedv+0x0)[0x146dc72557e9]
[jwb0677:1854920] [ 7] /p/software/default/stages/2026/software/GCCcore/14.3.0/lib64/libstdc++.so.6(+0xbf3c7)[0x146dc72673c7]
[jwb0677:1854920] [ 8] /p/home/jusers/fischill1/juwels/ippl/build_fin/_deps/kokkos-build/core/src/libkokkoscore.so.5.0(_ZN6Kokkos4Impl15throw_bad_allocESt17basic_string_viewIcSt11char_traitsIcEEmS4_+0x115)[0x146dc76f5e05]
[jwb0677:1854920] [ 9] /p/home/jusers/fischill1/juwels/ippl/build_fin/_deps/kokkos-build/core/src/libkokkoscore.so.5.0(_ZNK6Kokkos9CudaSpace13impl_allocateEPKcmm28Kokkos_Profiling_SpaceHandle+0x219)[0x146dc7708319]
[jwb0677:1854920] [10] /p/home/jusers/fischill1/juwels/ippl/build_fin/_deps/kokkos-build/core/src/libkokkoscore.so.5.0(_ZNK6Kokkos9CudaSpace8allocateEPKcmm+0x65)[0x146dc7708395]
[jwb0677:1854920] [11] /p/home/jusers/fischill1/juwels/ippl/build_fin/_deps/kokkos-build/core/src/libkokkoscore.so.5.0(_ZN6Kokkos4Impl44HostInaccessibleSharedAllocationRecordCommonINS_9CudaSpaceEEC2ERKS2_RKNSt7__cxx1112basic_stringIcSt11char_traitsIcESaIcEEEmPFvPNS0_22SharedAllocationRecordIvvEEE+0x30)[0x146dc770a260]
[jwb0677:1854920] [12] /p/home/jusers/fischill1/juwels/ippl/build_fin/alpine/ElectrostaticPIF/LandauDampingPIF[0x4aa864]
[jwb0677:1854920] [13] /p/home/jusers/fischill1/juwels/ippl/build_fin/alpine/ElectrostaticPIF/LandauDampingPIF[0x4aaf61]
[jwb0677:1854920] [14] /p/home/jusers/fischill1/juwels/ippl/build_fin/alpine/ElectrostaticPIF/LandauDampingPIF[0x4cf907]
[jwb0677:1854920] [15] /p/home/jusers/fischill1/juwels/ippl/build_fin/alpine/ElectrostaticPIF/LandauDampingPIF[0x4e81cb]
[jwb0677:1854920] [16] /p/home/jusers/fischill1/juwels/ippl/build_fin/alpine/ElectrostaticPIF/LandauDampingPIF[0x585bfd]
[jwb0677:1854920] [17] /p/home/jusers/fischill1/juwels/ippl/build_fin/alpine/ElectrostaticPIF/LandauDampingPIF[0x6090d8]
[jwb0677:1854920] [18] /p/home/jusers/fischill1/juwels/ippl/build_fin/alpine/ElectrostaticPIF/LandauDampingPIF[0x6095b5]
[jwb0677:1854920] [19] /p/home/jusers/fischill1/juwels/ippl/build_fin/alpine/ElectrostaticPIF/LandauDampingPIF[0x60c8d1]
[jwb0677:1854920] [20] /p/home/jusers/fischill1/juwels/ippl/build_fin/alpine/ElectrostaticPIF/LandauDampingPIF[0x60d25b]
[jwb0677:1854920] [21] /p/home/jusers/fischill1/juwels/ippl/build_fin/alpine/ElectrostaticPIF/LandauDampingPIF[0x423759]
[jwb0677:1854920] [22] /usr/lib64/libc.so.6(+0x2a610)[0x146dc6f9b610]
[jwb0677:1854920] [23] /usr/lib64/libc.so.6(__libc_start_main+0x80)[0x146dc6f9b6c0]
[jwb0677:1854920] [24] /p/home/jusers/fischill1/juwels/ippl/build_fin/alpine/ElectrostaticPIF/LandauDampingPIF[0x425995]
[jwb0677:1854920] *** End of error message ***
terminate called after throwing an instance of 'std::runtime_error'
  what():  Kokkos ERROR: Cuda memory space failed to allocate 1.067 GiB (label="temp_storage").
[jwb1118:3263564] *** Process received signal ***
[jwb1118:3263564] Signal: Aborted (6)
[jwb1118:3263564] Signal code:  (-6)
[jwb1118:3263564] [ 0] /usr/lib64/libc.so.6(+0x3fc30)[0x14913d747c30]
terminate called after throwing an instance of 'std::runtime_error'
  what():  Kokkos ERROR: Cuda memory space failed to allocate 641.9 MiB (label="keys_out").
[jwb1120:1160668] *** Process received signal ***
[jwb1120:1160668] Signal: Aborted (6)
[jwb1120:1160668] Signal code:  (-6)
terminate called after throwing an instance of 'std::runtime_error'
  what():  Kokkos ERROR: Cuda memory space failed to allocate 1.067 GiB (label="temp_storage").
[jwb1120:1160670] *** Process received signal ***
[jwb1120:1160670] Signal: Aborted (6)
[jwb1120:1160670] Signal code:  (-6)
[jwb1118:3263564] [ 1] /usr/lib64/libc.so.6(+0x8d02c)[0x14913d79502c]
[jwb1118:3263564] [ 2] /usr/lib64/libc.so.6(raise+0x16)[0x14913d747b86]
[jwb1118:3263564] [ 3] /usr/lib64/libc.so.6(abort+0xd3)[0x14913d731873]
[jwb1118:3263564] [ 4] /p/software/default/stages/2026/software/GCCcore/14.3.0/lib64/libstdc++.so.6(+0xadc3d)[0x14913d9ecc3d]
[jwb1118:3263564] [ 5] /p/software/default/stages/2026/software/GCCcore/14.3.0/lib64/libstdc++.so.6(+0xbf14a)[0x14913d9fe14a]
[jwb1118:3263564] [ 6] /p/software/default/stages/2026/software/GCCcore/14.3.0/lib64/libstdc++.so.6(_ZSt10unexpectedv+0x0)[0x14913d9ec7e9]
[jwb1118:3263564] [ 7] /p/software/default/stages/2026/software/GCCcore/14.3.0/lib64/libstdc++.so.6(+0xbf3c7)[0x14913d9fe3c7]
[jwb1118:3263564] [ 8] /p/home/jusers/fischill1/juwels/ippl/build_fin/_deps/kokkos-build/core/src/libkokkoscore.so.5.0(_ZN6Kokkos4Impl15throw_bad_allocESt17basic_string_viewIcSt11char_traitsIcEEmS4_+0x115)[0x14913de8ce05]
[jwb1118:3263564] [ 9] /p/home/jusers/fischill1/juwels/ippl/build_fin/_deps/kokkos-build/core/src/libkokkoscore.so.5.0(_ZNK6Kokkos9CudaSpace13impl_allocateEPKcmm28Kokkos_Profiling_SpaceHandle+0x219)[0x14913de9f319]
[jwb1118:3263564] [10] /p/home/jusers/fischill1/juwels/ippl/build_fin/_deps/kokkos-build/core/src/libkokkoscore.so.5.0(_ZNK6Kokkos9CudaSpace8allocateEPKcmm+0x65)[0x14913de9f395]
[jwb1118:3263564] [11] /p/home/jusers/fischill1/juwels/ippl/build_fin/_deps/kokkos-build/core/src/libkokkoscore.so.5.0(_ZN6Kokkos4Impl44HostInaccessibleSharedAllocationRecordCommonINS_9CudaSpaceEEC2ERKS2_RKNSt7__cxx1112basic_stringIcSt11char_traitsIcESaIcEEEmPFvPNS0_22SharedAllocationRecordIvvEEE+0x30)[0x14913dea1260]
[jwb1118:3263564] [12] /p/home/jusers/fischill1/juwels/ippl/build_fin/alpine/ElectrostaticPIF/LandauDampingPIF[0x49cd3a]
[jwb1118:3263564] [13] /p/home/jusers/fischill1/juwels/ippl/build_fin/alpine/ElectrostaticPIF/LandauDampingPIF[0x4d0480]
[jwb1118:3263564] [14] /p/home/jusers/fischill1/juwels/ippl/build_fin/alpine/ElectrostaticPIF/LandauDampingPIF[0x4e81cb]
[jwb1118:3263564] [15] /p/home/jusers/fischill1/juwels/ippl/build_fin/alpine/ElectrostaticPIF/LandauDampingPIF[0x585bfd]
[jwb1118:3263564] [16] /p/home/jusers/fischill1/juwels/ippl/build_fin/alpine/ElectrostaticPIF/LandauDampingPIF[0x6090d8]
[jwb1118:3263564] [17] /p/home/jusers/fischill1/juwels/ippl/build_fin/alpine/ElectrostaticPIF/LandauDampingPIF[0x6095b5]
[jwb1118:3263564] [18] /p/home/jusers/fischill1/juwels/ippl/build_fin/alpine/ElectrostaticPIF/LandauDampingPIF[0x60c8d1]
[jwb1118:3263564] [19] /p/home/jusers/fischill1/juwels/ippl/build_fin/alpine/ElectrostaticPIF/LandauDampingPIF[0x60d25b]
[jwb1118:3263564] [20] /p/home/jusers/fischill1/juwels/ippl/build_fin/alpine/ElectrostaticPIF/LandauDampingPIF[0x423759]
[jwb1118:3263564] [21] /usr/lib64/libc.so.6(+0x2a610)[0x14913d732610]
[jwb1118:3263564] [22] /usr/lib64/libc.so.6(__libc_start_main+0x80)[0x14913d7326c0]
[jwb1118:3263564] [23] /p/home/jusers/fischill1/juwels/ippl/build_fin/alpine/ElectrostaticPIF/LandauDampingPIF[0x425995]
[jwb1118:3263564] *** End of error message ***
[jwb1120:1160668] [ 0] /usr/lib64/libc.so.6(+0x3fc30)[0x151419462c30]
[jwb1120:1160668] [ 1] /usr/lib64/libc.so.6(+0x8d02c)[0x1514194b002c]
[jwb1120:1160668] [ 2] /usr/lib64/libc.so.6(raise+0x16)[0x151419462b86]
[jwb1120:1160668] [ 3] /usr/lib64/libc.so.6(abort+0xd3)[0x15141944c873]
[jwb1120:1160668] [ 4] /p/software/default/stages/2026/software/GCCcore/14.3.0/lib64/libstdc++.so.6(+0xadc3d)[0x151419707c3d]
[jwb1120:1160668] [ 5] /p/software/default/stages/2026/software/GCCcore/14.3.0/lib64/libstdc++.so.6(+0xbf14a)[0x15141971914a]
[jwb1120:1160668] [ 6] /p/software/default/stages/2026/software/GCCcore/14.3.0/lib64/libstdc++.so.6(_ZSt10unexpectedv+0x0)[0x1514197077e9]
[jwb1120:1160668] [ 7] /p/software/default/stages/2026/software/GCCcore/14.3.0/lib64/libstdc++.so.6(+0xbf3c7)[0x1514197193c7]
[jwb1120:1160668] [ 8] /p/home/jusers/fischill1/juwels/ippl/build_fin/_deps/kokkos-build/core/src/libkokkoscore.so.5.0(_ZN6Kokkos4Impl15throw_bad_allocESt17basic_string_viewIcSt11char_traitsIcEEmS4_+0x115)[0x151419ba7e05]
[jwb1120:1160668] [ 9] /p/home/jusers/fischill1/juwels/ippl/build_fin/_deps/kokkos-build/core/src/libkokkoscore.so.5.0(_ZNK6Kokkos9CudaSpace13impl_allocateEPKcmm28Kokkos_Profiling_SpaceHandle+0x219)[0x151419bba319]
[jwb1120:1160668] [10] /p/home/jusers/fischill1/juwels/ippl/build_fin/_deps/kokkos-build/core/src/libkokkoscore.so.5.0(_ZNK6Kokkos9CudaSpace8allocateEPKcmm+0x65)[0x151419bba395]
[jwb1120:1160668] [11] /p/home/jusers/fischill1/juwels/ippl/build_fin/_deps/kokkos-build/core/src/libkokkoscore.so.5.0(_ZN6Kokkos4Impl44HostInaccessibleSharedAllocationRecordCommonINS_9CudaSpaceEEC2ERKS2_RKNSt7__cxx1112basic_stringIcSt11char_traitsIcESaIcEEEmPFvPNS0_22SharedAllocationRecordIvvEEE+0x30)[0x151419bbc260]
[jwb1120:1160668] [12] /p/home/jusers/fischill1/juwels/ippl/build_fin/alpine/ElectrostaticPIF/LandauDampingPIF[0x4aa864]
[jwb1120:1160668] [13] /p/home/jusers/fischill1/juwels/ippl/build_fin/alpine/ElectrostaticPIF/LandauDampingPIF[0x4aae5e]
[jwb1120:1160668] [14] /p/home/jusers/fischill1/juwels/ippl/build_fin/alpine/ElectrostaticPIF/LandauDampingPIF[0x4cf907]
[jwb1120:1160668] [15] /p/home/jusers/fischill1/juwels/ippl/build_fin/alpine/ElectrostaticPIF/LandauDampingPIF[0x4e81cb]
[jwb1120:1160668] [16] /p/home/jusers/fischill1/juwels/ippl/build_fin/alpine/ElectrostaticPIF/LandauDampingPIF[0x585bfd]
[jwb1120:1160668] [17] /p/home/jusers/fischill1/juwels/ippl/build_fin/alpine/ElectrostaticPIF/LandauDampingPIF[0x6090d8]
[jwb1120:1160668] [18] /p/home/jusers/fischill1/juwels/ippl/build_fin/alpine/ElectrostaticPIF/LandauDampingPIF[0x6095b5]
[jwb1120:1160668] [19] /p/home/jusers/fischill1/juwels/ippl/build_fin/alpine/ElectrostaticPIF/LandauDampingPIF[0x60c8d1]
[jwb1120:1160668] [20] /p/home/jusers/fischill1/juwels/ippl/build_fin/alpine/ElectrostaticPIF/LandauDampingPIF[0x60d25b]
[jwb1120:1160668] [21] /p/home/jusers/fischill1/juwels/ippl/build_fin/alpine/ElectrostaticPIF/LandauDampingPIF[0x423759]
[jwb1120:1160668] [22] /usr/lib64/libc.so.6(+0x2a610)[0x15141944d610]
[jwb1120:1160668] [23] /usr/lib64/libc.so.6(__libc_start_main+0x80)[0x15141944d6c0]
[jwb1120:1160668] [24] /p/home/jusers/fischill1/juwels/ippl/build_fin/alpine/ElectrostaticPIF/LandauDampingPIF[0x425995]
[jwb1120:1160668] *** End of error message ***
[jwb1120:1160670] [ 0] /usr/lib64/libc.so.6(+0x3fc30)[0x1505ded62c30]
[jwb1120:1160670] [ 1] /usr/lib64/libc.so.6(+0x8d02c)[0x1505dedb002c]
[jwb1120:1160670] [ 2] /usr/lib64/libc.so.6(raise+0x16)[0x1505ded62b86]
[jwb1120:1160670] [ 3] /usr/lib64/libc.so.6(abort+0xd3)[0x1505ded4c873]
[jwb1120:1160670] [ 4] /p/software/default/stages/2026/software/GCCcore/14.3.0/lib64/libstdc++.so.6(+0xadc3d)[0x1505df007c3d]
[jwb1120:1160670] [ 5] /p/software/default/stages/2026/software/GCCcore/14.3.0/lib64/libstdc++.so.6(+0xbf14a)[0x1505df01914a]
[jwb1120:1160670] [ 6] /p/software/default/stages/2026/software/GCCcore/14.3.0/lib64/libstdc++.so.6(_ZSt10unexpectedv+0x0)[0x1505df0077e9]
[jwb1120:1160670] [ 7] /p/software/default/stages/2026/software/GCCcore/14.3.0/lib64/libstdc++.so.6(+0xbf3c7)[0x1505df0193c7]
[jwb1120:1160670] [ 8] /p/home/jusers/fischill1/juwels/ippl/build_fin/_deps/kokkos-build/core/src/libkokkoscore.so.5.0(_ZN6Kokkos4Impl15throw_bad_allocESt17basic_string_viewIcSt11char_traitsIcEEmS4_+0x115)[0x1505df4a7e05]
[jwb1120:1160670] [ 9] /p/home/jusers/fischill1/juwels/ippl/build_fin/_deps/kokkos-build/core/src/libkokkoscore.so.5.0(_ZNK6Kokkos9CudaSpace13impl_allocateEPKcmm28Kokkos_Profiling_SpaceHandle+0x219)[0x1505df4ba319]
[jwb1120:1160670] [10] /p/home/jusers/fischill1/juwels/ippl/build_fin/_deps/kokkos-build/core/src/libkokkoscore.so.5.0(_ZNK6Kokkos9CudaSpace8allocateEPKcmm+0x65)[0x1505df4ba395]
[jwb1120:1160670] [11] /p/home/jusers/fischill1/juwels/ippl/build_fin/_deps/kokkos-build/core/src/libkokkoscore.so.5.0(_ZN6Kokkos4Impl44HostInaccessibleSharedAllocationRecordCommonINS_9CudaSpaceEEC2ERKS2_RKNSt7__cxx1112basic_stringIcSt11char_traitsIcESaIcEEEmPFvPNS0_22SharedAllocationRecordIvvEEE+0x30)[0x1505df4bc260]
[jwb1120:1160670] [12] /p/home/jusers/fischill1/juwels/ippl/build_fin/alpine/ElectrostaticPIF/LandauDampingPIF[0x49cd3a]
[jwb1120:1160670] [13] /p/home/jusers/fischill1/juwels/ippl/build_fin/alpine/ElectrostaticPIF/LandauDampingPIF[0x4d0480]
[jwb1120:1160670] [14] /p/home/jusers/fischill1/juwels/ippl/build_fin/alpine/ElectrostaticPIF/LandauDampingPIF[0x4e81cb]
[jwb1120:1160670] [15] /p/home/jusers/fischill1/juwels/ippl/build_fin/alpine/ElectrostaticPIF/LandauDampingPIF[0x585bfd]
[jwb1120:1160670] [16] /p/home/jusers/fischill1/juwels/ippl/build_fin/alpine/ElectrostaticPIF/LandauDampingPIF[0x6090d8]
[jwb1120:1160670] [17] /p/home/jusers/fischill1/juwels/ippl/build_fin/alpine/ElectrostaticPIF/LandauDampingPIF[0x6095b5]
[jwb1120:1160670] [18] /p/home/jusers/fischill1/juwels/ippl/build_fin/alpine/ElectrostaticPIF/LandauDampingPIF[0x60c8d1]
[jwb1120:1160670] [19] /p/home/jusers/fischill1/juwels/ippl/build_fin/alpine/ElectrostaticPIF/LandauDampingPIF[0x60d25b]
[jwb1120:1160670] [20] /p/home/jusers/fischill1/juwels/ippl/build_fin/alpine/ElectrostaticPIF/LandauDampingPIF[0x423759]
[jwb1120:1160670] [21] /usr/lib64/libc.so.6(+0x2a610)[0x1505ded4d610]
[jwb1120:1160670] [22] /usr/lib64/libc.so.6(__libc_start_main+0x80)[0x1505ded4d6c0]
[jwb1120:1160670] [23] /p/home/jusers/fischill1/juwels/ippl/build_fin/alpine/ElectrostaticPIF/LandauDampingPIF[0x425995]
[jwb1120:1160670] *** End of error message ***
terminate called after throwing an instance of 'std::runtime_error'
  what():  Kokkos ERROR: Cuda memory space failed to allocate 602.3 MiB (label="perm_out").
[jwb1120:1160667] *** Process received signal ***
[jwb1120:1160667] Signal: Aborted (6)
[jwb1120:1160667] Signal code:  (-6)
[jwb1120:1160667] [ 0] /usr/lib64/libc.so.6(+0x3fc30)[0x14b3072f9c30]
[jwb1120:1160667] [ 1] /usr/lib64/libc.so.6(+0x8d02c)[0x14b30734702c]
[jwb1120:1160667] [ 2] /usr/lib64/libc.so.6(raise+0x16)[0x14b3072f9b86]
[jwb1120:1160667] [ 3] /usr/lib64/libc.so.6(abort+0xd3)[0x14b3072e3873]
[jwb1120:1160667] [ 4] /p/software/default/stages/2026/software/GCCcore/14.3.0/lib64/libstdc++.so.6(+0xadc3d)[0x14b30759ec3d]
[jwb1120:1160667] [ 5] /p/software/default/stages/2026/software/GCCcore/14.3.0/lib64/libstdc++.so.6(+0xbf14a)[0x14b3075b014a]
[jwb1120:1160667] [ 6] /p/software/default/stages/2026/software/GCCcore/14.3.0/lib64/libstdc++.so.6(_ZSt10unexpectedv+0x0)[0x14b30759e7e9]
[jwb1120:1160667] [ 7] /p/software/default/stages/2026/software/GCCcore/14.3.0/lib64/libstdc++.so.6(+0xbf3c7)[0x14b3075b03c7]
[jwb1120:1160667] [ 8] /p/home/jusers/fischill1/juwels/ippl/build_fin/_deps/kokkos-build/core/src/libkokkoscore.so.5.0(_ZN6Kokkos4Impl15throw_bad_allocESt17basic_string_viewIcSt11char_traitsIcEEmS4_+0x115)[0x14b307a3ee05]
[jwb1120:1160667] [ 9] /p/home/jusers/fischill1/juwels/ippl/build_fin/_deps/kokkos-build/core/src/libkokkoscore.so.5.0(_ZNK6Kokkos9CudaSpace13impl_allocateEPKcmm28Kokkos_Profiling_SpaceHandle+0x219)[0x14b307a51319]
[jwb1120:1160667] [10] /p/home/jusers/fischill1/juwels/ippl/build_fin/_deps/kokkos-build/core/src/libkokkoscore.so.5.0(_ZNK6Kokkos9CudaSpace8allocateEPKcmm+0x65)[0x14b307a51395]
[jwb1120:1160667] [11] /p/home/jusers/fischill1/juwels/ippl/build_fin/_deps/kokkos-build/core/src/libkokkoscore.so.5.0(_ZN6Kokkos4Impl44HostInaccessibleSharedAllocationRecordCommonINS_9CudaSpaceEEC2ERKS2_RKNSt7__cxx1112basic_stringIcSt11char_traitsIcESaIcEEEmPFvPNS0_22SharedAllocationRecordIvvEEE+0x30)[0x14b307a53260]
[jwb1120:1160667] [12] /p/home/jusers/fischill1/juwels/ippl/build_fin/alpine/ElectrostaticPIF/LandauDampingPIF[0x4aa864]
[jwb1120:1160667] [13] /p/home/jusers/fischill1/juwels/ippl/build_fin/alpine/ElectrostaticPIF/LandauDampingPIF[0x4aaf61]
[jwb1120:1160667] [14] /p/home/jusers/fischill1/juwels/ippl/build_fin/alpine/ElectrostaticPIF/LandauDampingPIF[0x4cf907]
[jwb1120:1160667] [15] /p/home/jusers/fischill1/juwels/ippl/build_fin/alpine/ElectrostaticPIF/LandauDampingPIF[0x4e81cb]
[jwb1120:1160667] [16] /p/home/jusers/fischill1/juwels/ippl/build_fin/alpine/ElectrostaticPIF/LandauDampingPIF[0x585bfd]
[jwb1120:1160667] [17] /p/home/jusers/fischill1/juwels/ippl/build_fin/alpine/ElectrostaticPIF/LandauDampingPIF[0x6090d8]
[jwb1120:1160667] [18] /p/home/jusers/fischill1/juwels/ippl/build_fin/alpine/ElectrostaticPIF/LandauDampingPIF[0x6095b5]
[jwb1120:1160667] [19] /p/home/jusers/fischill1/juwels/ippl/build_fin/alpine/ElectrostaticPIF/LandauDampingPIF[0x60c8d1]
[jwb1120:1160667] [20] /p/home/jusers/fischill1/juwels/ippl/build_fin/alpine/ElectrostaticPIF/LandauDampingPIF[0x60d25b]
[jwb1120:1160667] [21] /p/home/jusers/fischill1/juwels/ippl/build_fin/alpine/ElectrostaticPIF/LandauDampingPIF[0x423759]
[jwb1120:1160667] [22] /usr/lib64/libc.so.6(+0x2a610)[0x14b3072e4610]
[jwb1120:1160667] [23] /usr/lib64/libc.so.6(__libc_start_main+0x80)[0x14b3072e46c0]
[jwb1120:1160667] [24] /p/home/jusers/fischill1/juwels/ippl/build_fin/alpine/ElectrostaticPIF/LandauDampingPIF[0x425995]
[jwb1120:1160667] *** End of error message ***
terminate called after throwing an instance of 'std::runtime_error'
  what():  Kokkos ERROR: Cuda memory space failed to allocate 683.7 MiB (label="keys_out").
[jwb0677:1854922] *** Process received signal ***
[jwb0677:1854922] Signal: Aborted (6)
[jwb0677:1854922] Signal code:  (-6)
[jwb0677:1854922] [ 0] /usr/lib64/libc.so.6(+0x3fc30)[0x14b5bb07cc30]
[jwb0677:1854922] [ 1] /usr/lib64/libc.so.6(+0x8d02c)[0x14b5bb0ca02c]
[jwb0677:1854922] [ 2] /usr/lib64/libc.so.6(raise+0x16)[0x14b5bb07cb86]
[jwb0677:1854922] [ 3] /usr/lib64/libc.so.6(abort+0xd3)[0x14b5bb066873]
[jwb0677:1854922] [ 4] /p/software/default/stages/2026/software/GCCcore/14.3.0/lib64/libstdc++.so.6(+0xadc3d)[0x14b5bb321c3d]
[jwb0677:1854922] [ 5] /p/software/default/stages/2026/software/GCCcore/14.3.0/lib64/libstdc++.so.6(+0xbf14a)[0x14b5bb33314a]
[jwb0677:1854922] [ 6] /p/software/default/stages/2026/software/GCCcore/14.3.0/lib64/libstdc++.so.6(_ZSt10unexpectedv+0x0)[0x14b5bb3217e9]
[jwb0677:1854922] [ 7] /p/software/default/stages/2026/software/GCCcore/14.3.0/lib64/libstdc++.so.6(+0xbf3c7)[0x14b5bb3333c7]
[jwb0677:1854922] [ 8] /p/home/jusers/fischill1/juwels/ippl/build_fin/_deps/kokkos-build/core/src/libkokkoscore.so.5.0(_ZN6Kokkos4Impl15throw_bad_allocESt17basic_string_viewIcSt11char_traitsIcEEmS4_+0x115)[0x14b5bb7c1e05]
[jwb0677:1854922] [ 9] /p/home/jusers/fischill1/juwels/ippl/build_fin/_deps/kokkos-build/core/src/libkokkoscore.so.5.0(_ZNK6Kokkos9CudaSpace13impl_allocateEPKcmm28Kokkos_Profiling_SpaceHandle+0x219)[0x14b5bb7d4319]
[jwb0677:1854922] [10] /p/home/jusers/fischill1/juwels/ippl/build_fin/_deps/kokkos-build/core/src/libkokkoscore.so.5.0(_ZNK6Kokkos9CudaSpace8allocateEPKcmm+0x65)[0x14b5bb7d4395]
[jwb0677:1854922] [11] /p/home/jusers/fischill1/juwels/ippl/build_fin/_deps/kokkos-build/core/src/libkokkoscore.so.5.0(_ZN6Kokkos4Impl44HostInaccessibleSharedAllocationRecordCommonINS_9CudaSpaceEEC2ERKS2_RKNSt7__cxx1112basic_stringIcSt11char_traitsIcESaIcEEEmPFvPNS0_22SharedAllocationRecordIvvEEE+0x30)[0x14b5bb7d6260]
[jwb0677:1854922] [12] /p/home/jusers/fischill1/juwels/ippl/build_fin/alpine/ElectrostaticPIF/LandauDampingPIF[0x4aa864]
[jwb0677:1854922] [13] /p/home/jusers/fischill1/juwels/ippl/build_fin/alpine/ElectrostaticPIF/LandauDampingPIF[0x4aae5e]
[jwb0677:1854922] [14] /p/home/jusers/fischill1/juwels/ippl/build_fin/alpine/ElectrostaticPIF/LandauDampingPIF[0x4cf907]
[jwb0677:1854922] [15] /p/home/jusers/fischill1/juwels/ippl/build_fin/alpine/ElectrostaticPIF/LandauDampingPIF[0x4e81cb]
[jwb0677:1854922] [16] /p/home/jusers/fischill1/juwels/ippl/build_fin/alpine/ElectrostaticPIF/LandauDampingPIF[0x585bfd]
[jwb0677:1854922] [17] /p/home/jusers/fischill1/juwels/ippl/build_fin/alpine/ElectrostaticPIF/LandauDampingPIF[0x6090d8]
[jwb0677:1854922] [18] /p/home/jusers/fischill1/juwels/ippl/build_fin/alpine/ElectrostaticPIF/LandauDampingPIF[0x6095b5]
[jwb0677:1854922] [19] /p/home/jusers/fischill1/juwels/ippl/build_fin/alpine/ElectrostaticPIF/LandauDampingPIF[0x60c8d1]
[jwb0677:1854922] [20] /p/home/jusers/fischill1/juwels/ippl/build_fin/alpine/ElectrostaticPIF/LandauDampingPIF[0x60d25b]
[jwb0677:1854922] [21] /p/home/jusers/fischill1/juwels/ippl/build_fin/alpine/ElectrostaticPIF/LandauDampingPIF[0x423759]
[jwb0677:1854922] [22] /usr/lib64/libc.so.6(+0x2a610)[0x14b5bb067610]
[jwb0677:1854922] [23] /usr/lib64/libc.so.6(__libc_start_main+0x80)[0x14b5bb0676c0]
[jwb0677:1854922] [24] /p/home/jusers/fischill1/juwels/ippl/build_fin/alpine/ElectrostaticPIF/LandauDampingPIF[0x425995]
[jwb0677:1854922] *** End of error message ***
terminate called after throwing an instance of 'std::runtime_error'
  what():  Kokkos ERROR: Cuda memory space failed to allocate 602.2 MiB (label="perm_out").
[jwb1118:3263565] *** Process received signal ***
[jwb1118:3263565] Signal: Aborted (6)
[jwb1118:3263565] Signal code:  (-6)
terminate called after throwing an instance of 'std::runtime_error'
terminate called after throwing an instance of 'std::runtime_error'
terminate called after throwing an instance of 'std::runtime_error'
[jwb1118:3263565] [ 0] /usr/lib64/libc.so.6(+0x3fc30)[0x1488b16c7c30]
[jwb1118:3263565] [ 1] /usr/lib64/libc.so.6(+0x8d02c)[0x1488b171502c]
[jwb1118:3263565] [ 2] /usr/lib64/libc.so.6(raise+0x16)[0x1488b16c7b86]
[jwb1118:3263565] [ 3] /usr/lib64/libc.so.6(abort+0xd3)[0x1488b16b1873]
[jwb1118:3263565] [ 4] /p/software/default/stages/2026/software/GCCcore/14.3.0/lib64/libstdc++.so.6(+0xadc3d)[0x1488b196cc3d]
[jwb1118:3263565] [ 5] /p/software/default/stages/2026/software/GCCcore/14.3.0/lib64/libstdc++.so.6(+0xbf14a)[0x1488b197e14a]
[jwb1118:3263565] [ 6] /p/software/default/stages/2026/software/GCCcore/14.3.0/lib64/libstdc++.so.6(_ZSt10unexpectedv+0x0)[0x1488b196c7e9]
[jwb1118:3263565] [ 7] /p/software/default/stages/2026/software/GCCcore/14.3.0/lib64/libstdc++.so.6(+0xbf3c7)[0x1488b197e3c7]
[jwb1118:3263565] [ 8] /p/home/jusers/fischill1/juwels/ippl/build_fin/_deps/kokkos-build/core/src/libkokkoscore.so.5.0(_ZN6Kokkos4Impl15throw_bad_allocESt17basic_string_viewIcSt11char_traitsIcEEmS4_+0x115)[0x1488b1e0ce05]
terminate called after throwing an instance of 'std::runtime_error'
terminate called after throwing an instance of 'std::runtime_error'
  what():  Kokkos ERROR: Cuda memory space failed to allocate 666.5 MiB (label="keys_out").
terminate called after throwing an instance of 'std::runtime_error'
  what():  Kokkos ERROR: Cuda memory space failed to allocate 683.6 MiB (label="keys_out").
terminate called after throwing an instance of 'std::runtime_error'
terminate called after throwing an instance of 'std::runtime_error'
[jwb1118:3263565] [ 9] /pterminate called after throwing an instance of 'std::runtime_error'
  what():  Kokkos ERROR: Cuda memory space failed to allocate 641.5 MiB (label="keys_out").
  what():  Kokkos ERROR: Cuda memory space failed to allocate 1.067 GiB (label="temp_storage").
/home/jusers/fischill1/juwels/ippl/build_fin/_deps/kokkos-build/core/src/libkokkoscore.so.5.0(_ZNK6Kokkos9CudaSpace13impl_allocateEPKcmm28Kokkos_Profiling_SpaceHandle+0x219)[0x1488b1e1f319]
[jwb1118:3263565] [10] /p/home/jusers/fischill1/juwels/ippl/build_fin/_deps/kokkos-build/core/src/libkokkoscore.so.5.0(_ZNK6Kokkos9CudaSpace8allocateEPKcmm+0x65)[0x1488b1e1f395]
terminate called after throwing an instance of 'std::runtime_error'
terminate called after throwing an instance of 'std::runtime_error'
  what():  Kokkos ERROR: Cuda memory space failed to allocate 625.1 MiB (label="perm_out").
  what():  Kokkos ERROR: Cuda memory space failed to allocate 1.029 GiB (label="temp_storage").
[jwb1118:3263565] [11] /p/home/jusers/fischill1/juwels/ippl/build_fin/_deps/kokkos-build/core/src/libkokkoscore.so.5.0(_ZN6Kokkos4Impl44HostInaccessibleSharedAllocationRecordCommonINS_9CudaSpaceEEC2ERKS2_RKNSt7__cxx1112basic_stringIcSt11char_traitsIcESaIcEEEmPFvPNS0_22SharedAllocationRecordIvvEEE+0x30)[0x1488b1e21260]
[jwb1118:3263565] [12] /p/home/jusers/fischill1/juwels/ippl/build_fin/alpine/ElectrostaticPIF/LandauDampingPIF[0x4aa864]
terminate called after throwing an instance of 'std::runtime_error'
[jwb1175:3111660] *** Process received signal ***
[jwb1175:3111660] Signal: Aborted (6)
[jwb1175:3111660] Signal code:  (-6)
  what():  Kokkos ERROR: Cuda memory space failed to allocate 602.4 MiB (label="perm_out").
terminate called after throwing an instance of 'std::runtime_error'
terminate called after throwing an instance of 'std::runtime_error'
terminate called after throwing an instance of 'std::runtime_error'
[jwb1175:3111662] *** Process received signal ***
[jwb1175:3111662] Signal: Aborted (6)
[jwb1175:3111662] Signal code:  (-6)
  what():  Kokkos ERROR: Cuda memory space failed to allocate 1.001 GiB (label="temp_storage").
terminate called after throwing an instance of 'std::runtime_error'
terminate called after throwing an instance of 'std::runtime_error'
  what():  Kokkos ERROR: Cuda memory space failed to allocate 602.2 MiB (label="perm_out").
[jwb1175:3111663] *** Process received signal ***
[jwb1175:3111663] Signal: Aborted (6)
[jwb1175:3111663] Signal code:  (-6)
[jwb0575:2075216] *** Process received signal ***
[jwb0575:2075216] Signal: Aborted (6)
[jwb0575:2075216] Signal code:  (-6)
terminate called after throwing an instance of 'std::runtime_error'
  what():  Kokkos ERROR: Cuda memory space failed to allocate 625.4 MiB (label="perm_out").
[jwb1118:3263565] [13] /p/home/jusers/fischill1/juwels/ippl/build_fin/alpine/ElectrostaticPIF/LandauDampingPIF[0x4aaf61]
[jwb1118:3263565] [14] /p/home/jusers/fischill1/juwels/ippl/build_fin/alpine/ElectrostaticPIF/LandauDampingPIF[0x4cf907]
[jwb1118:3263565] [15] /p/home/jusers/fischill1/juwels/ippl/build_fin/alpine/ElectrostaticPIF/LandauDampingPIF[0x4e81cb]
[jwb1118:3263565] [16] /p/home/jusers/fischill1/juwels/ippl/build_fin/alpine/ElectrostaticPIF/LandauDampingPIF[0x585bfd]
[jwb1118:3263565] [17] /p/home/jusers/fischill1/juwels/ippl/build_fin/alpine/ElectrostaticPIF/LandauDampingPIF[0x6090d8]
[jwb1118:3263565] [18] /p/home/jusers/fischill1/juwels/ippl/build_fin/alpine/ElectrostaticPIF/LandauDampingPIF[0x6095b5]
[jwb1118:3263565] [19] /p/home/jusers/fischill1/juwels/ippl/build_fin/alpine/ElectrostaticPIF/LandauDampingPIF[0x60c8d1]
[jwb1118:3263565] [20] /p/home/jusers/fischill1/juwels/ippl/build_fin/alpine/ElectrostaticPIF/LandauDampingPIF[0x60d25b]
terminate called after throwing an instance of 'std::runtime_error'
terminate called after throwing an instance of 'std::runtime_error'
terminate called after throwing an instance of 'std::runtime_error'
  what():  Kokkos ERROR: Cuda memory space failed to allocate 624.6 MiB (label="perm_out").
[jwb1175:3111661] *** Process received signal ***
[jwb1175:3111661] Signal: Aborted (6)
[jwb1175:3111661] Signal code:  (-6)
[jwb0575:2075218] *** Process received signal ***
[jwb0575:2075218] Signal: Aborted (6)
[jwb0575:2075218] Signal code:  (-6)
terminate called after throwing an instance of 'std::runtime_error'
  what():  Kokkos ERROR: Cuda memory space failed to allocate 601.8 MiB (label="perm_out").
[jwb1118:3263565] [21] /p/home/jusers/fischill1/juwels/ippl/build_fin/alpine/Eleterminate called after throwing an instance of 'std::runtime_error'
  what():  Kokkos ERROR: Cuda memory space failed to allocate 642 MiB (label="keys_out").
terminate called after throwing an instance of 'std::runtime_error'
[jwb1175:3111663] [ 0] /usr/lib64/libc.so.6(+0x3fc30)[0x1507df304c30]
[jwb1175:3111663] [ 1] /usr/lib64/libc.so.6(+0x8d02c)[0x1507df35202c]
[jwb1175:3111663] [ 2] /usr/lib64/libc.so.6(raise+0x16)[0x1507df304b86]
[jwb0575:2075215] *** Process received signal ***
[jwb0575:2075215] Signal: Aborted (6)
[jwb0575:2075215] Signal code:  (-6)
terminate called after throwing an instance of 'std::runtime_error'
  what():  Kokkos ERROR: Cuda memory space failed to allocate 1.068 GiB (label="temp_storage").
ctrostaticPIF/LandauDampingPIF[0x423759]
[jwb1118:3263565] [22] /usr/lib64/libc.so.6(+0x2a610)[0x1488b16b2610]
[jwb1118:3263565] [23] /usr/lib64/libc.so.6(__libc_start_main+0x80)[0x1488b16b26c0]
[jwb1118:3263565] [24] /p/home/jusers/fischill1/juwels/ippl/build_fin/alpine/ElectrostaticPIF/LandauDampingPIF[0x425995]
[jwb1118:3263565] *** End of error message ***
terminate called after throwing an instance of 'std::runtime_error'
  what():  Kokkos ERROR: Cuda memory space failed to allocate 1.067 GiB (label="temp_storage").
[jwb1175:3111663] [ 3] /usr/lib64/libc.so.6(abort+0xd3)[0x1507df2ee873]
[jwb1175:3111663] [ 4] /p/software/default/stages/2026/software/GCCcore/14.3.0/lib64/libstdc++.so.6(+0xadc3d)[0x1507df5a9c3d]
[jwb1175:3111663] [ 5] /p/software/default/stages/2026/software/GCCcore/14.3.0/lib64/libstdc++.so.6(+0xbf14a)[0x1507df5bb14a]
[jwb0575:2075217] *** Process received signal ***
terminate called after throwing an instance of 'std::runtime_error'
  what():  Kokkos ERROR: Cuda memory space failed to allocate 641.3 MiB (label="keys_out").
terminate called after throwing an instance of 'std::runtime_error'
terminate called after throwing an instance of 'std::runtime_error'
[jwb0038:1527885] *** Process received signal ***
[jwb0038:1527885] Signal: Aborted (6)
[jwb0038:1527885] Signal code:  (-6)
terminate called after throwing an instance of 'std::runtime_error'
[jwb1175:3111661] [ 0] /usr/lib64/libc.so.6(+0x3fc30)[0x147d54ae3c30]
[jwb1175:3111661] [ 1] /usr/lib64/libc.so.6(+0x8d02c)[0x147d54b3102c]
[jwb1175:3111661] [ 2] /usr/lib64/libc.so.6(raise+0x16)[0x147d54ae3b86]
[jwb1175:3111661] [ 3] /usr/lib64/libc.so.6(abort+0xd3)[0x147d54acd873]
[jwb1175:3111661] [ 4] /p/software/default/stages/2026/software/GCCcore/14.3.0/lib64/libstdc++.so.6(+0xadc3d)[0x147d54d88c3d]
[jwb1175:3111661] [ 5] /p/software/default/stages/2026/software/GCCcore/14.3.0/lib64/libstdc++.so.6(+0xbf14a)[0x147d54d9a14a]
[jwb1175:3111661] [ 6] /p/software/default/stages/2026/software/GCCcore/14.3.0/lib64/libstdc++.so.6(_ZSt10unexpectedv+0x0)[0x147d54d887e9]
[jwb1175:3111661] [ 7] /p/software/default/stages/2026/software/GCCcore/14.3.0/lib64/libstdc++.so.6(+0xbf3c7)[0x147d54d9a3c7]
[jwb1175:3111661] [ 8] /p/home/jusers/fischill1/juwels/ippl/build_fin/_deps/kokkos-build/core/src/libkokkoscore.so.5.0(_ZN6Kokkos4Impl15throw_bad_allocESt17basic_string_viewIcSt11char_traitsIcEEmS4_+0x115)[0x147d55228e05]
[jwb0575:2075217] Signal: Aborted (6)
[jwb0575:2075217] Signal code:  (-6)
[jwb1156:2419057] *** Process received signal ***
[jwb1156:2419057] Signal: Aborted (6)
[jwb1156:2419057] Signal code:  (-6)
terminate called after throwing an instance of 'std::runtime_error'
terminate called after throwing an instance of 'std::runtime_error'
[jwb0038:1527886] *** Process received signal ***
[jwb0038:1527886] Signal: Aborted (6)
[jwb0038:1527886] Signal code:  (-6)
terminate called after throwing an instance of 'std::runtime_error'
[jwb1175:3111661] [ 9] /p[jwb0575:2075215] [ 0] /usr/lib64/libc.so.6(+0x3fc30)[0x1513ba682c30]
[jwb0575:2075215] [ 1] /usr/lib64/libc.so.6(+0x8d02c)[0x1513ba6d002c]
[jwb0575:2075215] [ 2] /usr/lib64/libc.so.6(raise+0x16)[0x1513ba682b86]
[jwb0575:2075215] [ 3] /usr/lib64/libc.so.6(abort+0xd3)[0x1513ba66c873]
[jwb0575:2075215] [ 4] /p/software/default/stages/2026/software/GCCcore/14.3.0/lib64/libstdc++.so.6(+0xadc3d)[0x1513ba927c3d]
[jwb0575:2075215] [ 5] /p/software/default/stages/2026/software/GCCcore/14.3.0/lib64/libstdc++.so.6(+0xbf14a)[0x1513ba93914a]
[jwb0575:2075215] [ 6] /p/software/default/stages/2026/software/GCCcore/14.3.0/lib64/libstdc++.so.6(_ZSt10unexpectedv+0x0)[0x1513ba9277e9]
[jwb0575:2075215] [ 7] /p/software/default/stages/2026/software/GCCcore/14.3.0/lib64/libstdc++.so.6(+0xbf3c7)[0x1513ba9393c7]
[jwb0575:2075215] [ 8] /p/home/jusers/fischill1/juwels/ippl/build_fin/_deps/kokkos-build/core/src/libkokkoscore.so.5.0(_ZN6Kokkos4Impl15throw_bad_allocESt17basic_string_viewIcSt11char_traitsIcEEmS4_+0x115)[0x1513badc7e05]
[jwb1156:2419059] *** Process received signal ***
[jwb1156:2419059] Signal: Aborted (6)
[jwb1156:2419059] Signal code:  (-6)
terminate called after throwing an instance of 'std::runtime_error'
  what():  Kokkos ERROR: Cuda memory space failed to allocate 666.4 MiB (label="keys_out").
  what():  Kokkos ERROR: Cuda memory space failed to allocate 1.068 GiB (label="temp_storage").
[jwb0038:1527883] *** Process received signal ***
[jwb0038:1527883] Signal: Aborted (6)
[jwb0038:1527883] Signal code:  (-6)
  what():  Kokkos ERROR: Cuda memory space failed to allocate 625.1 MiB (label="perm_out").
/home/jusers/fischill1/juwels/ippl/build_fin/_deps/kokkos-build/core/src/libkokkoscore.so.5.0(_ZNK6Kokkos9CudaSpace13impl_allocateEPKcmm28Kokkos_Profiling_SpaceHandle+0x219)[0x147d5523b319]
[jwb1175:3111661] [10] /p/home/jusers/fischill1/juwels/ippl/build_fin/_deps/kokkos-build/core/src/libkokkoscore.so.5.0(_ZNK6Kokkos9CudaSpace8allocateEPKcmm+0x65)[0x147d5523b395]
[jwb1175:3111661] [11] /p/home/jusers/fischill1/juwels/ippl/build_fin/_deps/kokkos-build/core/src/libkokkoscore.so.5.0(_ZN6Kokkos4Impl44HostInaccessibleSharedAllocationRecordCommonINS_9CudaSpaceEEC2ERKS2_RKNSt7__cxx1112basic_stringIcSt11char_traitsIcESaIcEEEmPFvPNS0_22SharedAllocationRecordIvvEEE+0x30)[0x147d5523d260]
[jwb0575:2075215] [ 9] /p[jwb1156:2419058] *** Process received signal ***
[jwb1156:2419058] Signal: Aborted (6)
[jwb1156:2419058] Signal code:  (-6)
  what():  Kokkos ERROR: Cuda memory space failed to allocate 683.6 MiB (label="keys_out").
  what():  Kokkos ERROR: Cuda memory space failed to allocate 625.2 MiB (label="perm_out").
[jwb0038:1527884] *** Process received signal ***
[jwb0038:1527884] Signal: Aborted (6)
[jwb0038:1527884] Signal code:  (-6)
  what():  Kokkos ERROR: Cuda memory space failed to allocate 683.6 MiB (label="keys_out").
[jwb1175:3111662] [ 0] /usr/lib64/libc.so.6(+0x3fc30)[0x154c248b9c30]
[jwb1175:3111662] [ 1] /usr/lib64/libc.so.6(+0x8d02c)[0x154c2490702c]
[jwb1175:3111662] [ 2] /usr/lib64/libc.so.6(raise+0x16)[0x154c248b9b86]
[jwb1175:3111662] [ 3] /usr/lib64/libc.so.6(abort+0xd3)[0x154c248a3873]
[jwb1175:3111662] [ 4] /p/software/default/stages/2026/software/GCCcore/14.3.0/lib64/libstdc++.so.6(+0xadc3d)[0x154c24b5ec3d]
[jwb1175:3111662] [ 5] /p/software/default/stages/2026/software/GCCcore/14.3.0/lib64/libstdc++.so.6(+0xbf14a)[0x154c24b7014a]
[jwb1175:3111662] [ 6] /p/software/default/stages/2026/software/GCCcore/14.3.0/lib64/libstdc++.so.6(_ZSt10unexpectedv+0x0)[0x154c24b5e7e9]
[jwb1175:3111662] [ 7] /p/software/default/stages/2026/software/GCCcore/14.3.0/lib64/libstdc++.so.6(+0xbf3c7)[0x154c24b703c7]
[jwb1175:3111662] [ 8] /p/home/jusers/fischill1/juwels/ippl/build_fin/_deps/kokkos-build/core/src/libkokkoscore.so.5.0(_ZN6Kokkos4Impl15throw_bad_allocESt17basic_string_viewIcSt11char_traitsIcEEmS4_+0x115)[0x154c24ffee05]
/home/jusers/fischill1/juwels/ippl/build_fin/_deps/kokkos-build/core/src/libkokkoscore.so.5.0(_ZNK6Kokkos9CudaSpace13impl_allocateEPKcmm28Kokkos_Profiling_SpaceHandle+0x219)[0x1513badda319]
[jwb0575:2075215] [10] /p/home/jusers/fischill1/juwels/ippl/build_fin/_deps/kokkos-build/core/src/libkokkoscore.so.5.0(_ZNK6Kokkos9CudaSpace8allocateEPKcmm+0x65)[0x1513badda395]
terminate called after throwing an instance of 'std::runtime_error'
[jwb1156:2419060] *** Process received signal ***
terminate called after throwing an instance of 'std::runtime_error'
terminate called after throwing an instance of 'std::runtime_error'
  what():  Kokkos ERROR: Cuda memory space failed to allocate 641.4 MiB (label="keys_out").
terminate called after throwing an instance of 'std::runtime_error'
  what():  Kokkos ERROR: Cuda memory space failed to allocate 641.3 MiB (label="keys_out").
[jwb0038:1527886] [ 0] /usr/lib64/libc.so.6(+0x3fc30)[0x1500f9140c30]
[jwb0038:1527886] [ 1] /usr/lib64/libc.so.6(+0x8d02c)[0x1500f918e02c]
[jwb0038:1527886] [ 2] /usr/lib64/libc.so.6(raise+0x16)[0x1500f9140b86]
[jwb0038:1527886] [ 3] /usr/lib64/libc.so.6(abort+0xd3)[0x1500f912a873]
[jwb0038:1527886] [ 4] /p/software/default/stages/2026/software/GCCcore/14.3.0/lib64/libstdc++.so.6(+0xadc3d)[0x1500f93e5c3d]
[jwb0038:1527886] [ 5] /p/software/default/stages/2026/software/GCCcore/14.3.0/lib64/libstdc++.so.6(+0xbf14a)[0x1500f93f714a]
[jwb0038:1527886] [ 6] /p/software/default/stages/2026/software/GCCcore/14.3.0/lib64/libstdc++.so.6(_ZSt10unexpectedv+0x0)[0x1500f93e57e9]
[jwb0038:1527886] [ 7] /p/software/default/stages/2026/software/GCCcore/14.3.0/lib64/libstdc++.so.6(+0xbf3c7)[0x1500f93f73c7]
[jwb0038:1527886] [ 8] /p/home/jusers/fischill1/juwels/ippl/build_fin/_deps/kokkos-build/core/src/libkokkoscore.so.5.0(_ZN6Kokkos4Impl15throw_bad_allocESt17basic_string_viewIcSt11char_traitsIcEEmS4_+0x115)[0x1500f9885e05]
  what():  Kokkos ERROR: Cuda memory space failed to allocate 666.4 MiB (label="keys_out").
[jwb1175:3111662] [ 9] /p[jwb0575:2075216] [ 0] /usr/lib64/libc.so.6(+0x3fc30)[0x14f8ec314c30]
[jwb0575:2075216] [ 1] /usr/lib64/libc.so.6(+0x8d02c)[0x14f8ec36202c]
[jwb0575:2075216] [ 2] /usr/lib64/libc.so.6(raise+0x16)[0x14f8ec314b86]
[jwb0575:2075216] [ 3] /usr/lib64/libc.so.6(abort+0xd3)[0x14f8ec2fe873]
[jwb0575:2075216] [ 4] /p/software/default/stages/2026/software/GCCcore/14.3.0/lib64/libstdc++.so.6(+0xadc3d)[0x14f8ec5b9c3d]
[jwb0575:2075216] [ 5] /p/software/default/stages/2026/software/GCCcore/14.3.0/lib64/libstdc++.so.6(+0xbf14a)[0x14f8ec5cb14a]
[jwb0575:2075216] [ 6] /p/software/default/stages/2026/software/GCCcore/14.3.0/lib64/libstdc++.so.6(_ZSt10unexpectedv+0x0)[0x14f8ec5b97e9]
[jwb0575:2075216] [ 7] /p/software/default/stages/2026/software/GCCcore/14.3.0/lib64/libstdc++.so.6(+0xbf3c7)[0x14f8ec5cb3c7]
[jwb0575:2075216] [ 8] /p/home/jusers/fischill1/juwels/ippl/build_fin/_deps/kokkos-build/core/src/libkokkoscore.so.5.0(_ZN6Kokkos4Impl15throw_bad_allocESt17basic_string_viewIcSt11char_traitsIcEEmS4_+0x115)[0x14f8eca59e05]
terminate called after throwing an instance of 'std::runtime_error'
terminate called after throwing an instance of 'std::runtime_error'
terminate called after throwing an instance of 'std::runtime_error'
[jwb1156:2419057] [ 0] /usr/lib64/libc.so.6(+0x3fc30)[0x148ed0ccec30]
terminate called after throwing an instance of 'std::runtime_error'
terminate called after throwing an instance of 'std::runtime_error'
  what():  Kokkos ERROR: Cuda memory space failed to allocate 625.4 MiB (label="perm_out").
terminate called after throwing an instance of 'std::runtime_error'
  what():  Kokkos ERROR: Cuda memory space failed to allocate 625.1 MiB (label="perm_out").
terminate called after throwing an instance of 'std::runtime_error'
[jwb0038:1527886] [ 9] /p/home/jusers/fischill1/juwels/ippl/build_fin/_deps/kokkos-build/core/src/libkokkoscore.so.5.0(_ZNK6Kokkos9CudaSpace13impl_allocateEPKcmm28Kokkos_Profiling_SpaceHandle+0x219)[0x1500f9898319]
[jwb0038:1527886] [10] /p/home/jusers/fischill1/juwels/ippl/build_fin/_deps/kokkos-build/core/src/libkokkoscore.so.5.0(_ZNK6Kokkos9CudaSpace8allocateEPKcmm+0x65)[0x1500f9898395]
[jwb0556:1623969] *** Process received signal ***
[jwb0556:1623969] Signal: Aborted (6)
[jwb0556:1623969] Signal code:  (-6)
[jwb1175:3111660] [ 0] /usr/lib64/libc.so.6(+0x3fc30)[0x146b2acc8c30]
[jwb1175:3111660] [ 1] /usr/lib64/libc.so.6(+0x8d02c)[0x146b2ad1602c]
[jwb1175:3111660] [ 2] /usr/lib64/libc.so.6(raise+0x16)[0x146b2acc8b86]
[jwb1175:3111660] [ 3] /usr/lib64/libc.so.6(abort+0xd3)[0x146b2acb2873]
[jwb1175:3111660] [ 4] /p/software/default/stages/2026/software/GCCcore/14.3.0/lib64/libstdc++.so.6(+0xadc3d)[0x146b2af6dc3d]
[jwb1175:3111660] [ 5] /p/software/default/stages/2026/software/GCCcore/14.3.0/lib64/libstdc++.so.6(+0xbf14a)[0x146b2af7f14a]
[jwb1175:3111660] [ 6] /p/software/default/stages/2026/software/GCCcore/14.3.0/lib64/libstdc++.so.6(_ZSt10unexpectedv+0x0)[0x146b2af6d7e9]
[jwb1175:3111660] [ 7] /p/software/default/stages/2026/software/GCCcore/14.3.0/lib64/libstdc++.so.6(+0xbf3c7)[0x146b2af7f3c7]
[jwb1175:3111660] [ 8] /p/home/jusers/fischill1/juwels/ippl/build_fin/_deps/kokkos-build/core/src/libkokkoscore.so.5.0(_ZN6Kokkos4Impl15throw_bad_allocESt17basic_string_viewIcSt11char_traitsIcEEmS4_+0x115)[0x146b2b40de05]
[jwb0575:2075216] [ 9] /pterminate called after throwing an instance of 'std::runtime_error'
terminate called after throwing an instance of 'std::runtime_error'
  what():  Kokkos ERROR: Cuda memory space failed to allocate 1.001 GiB (label="temp_storage").
terminate called after throwing an instance of 'std::runtime_error'
terminate called after throwing an instance of 'std::runtime_error'
terminate called after throwing an instance of 'std::runtime_error'
terminate called after throwing an instance of 'std::runtime_error'
[jwb1156:2419060] Signal: Aborted (6)
[jwb1156:2419060] Signal code:  (-6)
terminate called after throwing an instance of 'std::runtime_error'
terminate called after throwing an instance of 'std::runtime_error'
[jwb0981:1350525] *** Process received signal ***
[jwb0981:1350525] Signal: Aborted (6)
[jwb0981:1350525] Signal code:  (-6)
terminate called after throwing an instance of 'std::runtime_error'
  what():  Kokkos ERROR: Cuda memory space failed to allocate 641.4 MiB (label="keys_out").
[jwb0576:1115228] *** Process received signal ***
[jwb0576:1115228] Signal: Aborted (6)
[jwb0576:1115228] Signal code:  (-6)
[jwb0038:1527885] [ 0] /usr/lib64/libc.so.6(+0x3fc30)[0x14700c5fdc30]
[jwb0038:1527885] [ 1] /usr/lib64/libc.so.6(+0x8d02c)[0x14700c64b02c]
[jwb0038:1527885] [ 2] /usr/lib64/libc.so.6(raise+0x16)[0x14700c5fdb86]
[jwb0038:1527885] [ 3] /usr/lib64/libc.so.6(abort+0xd3)[0x14700c5e7873]
[jwb0038:1527885] [ 4] /p/software/default/stages/2026/software/GCCcore/14.3.0/lib64/libstdc++.so.6(+0xadc3d)[0x14700c8a2c3d]
[jwb0038:1527885] [ 5] /p/software/default/stages/2026/software/GCCcore/14.3.0/lib64/libstdc++.so.6(+0xbf14a)[0x14700c8b414a]
[jwb0038:1527885] [ 6] /p/software/default/stages/2026/software/GCCcore/14.3.0/lib64/libstdc++.so.6(_ZSt10unexpectedv+0x0)[0x14700c8a27e9]
[jwb0038:1527885] [ 7] /p/software/default/stages/2026/software/GCCcore/14.3.0/lib64/libstdc++.so.6(+0xbf3c7)[0x14700c8b43c7]
[jwb0038:1527885] [ 8] /p/home/jusers/fischill1/juwels/ippl/build_fin/_deps/kokkos-build/core/src/libkokkoscore.so.5.0(_ZN6Kokkos4Impl15throw_bad_allocESt17basic_string_viewIcSt11char_traitsIcEEmS4_+0x115)[0x14700cd42e05]
[jwb0556:1623966] *** Process received signal ***
[jwb0556:1623966] Signal: Aborted (6)
[jwb0556:1623966] Signal code:  (-6)
[jwb1175:3111660] [ 9] /p[jwb0575:2075215] [11] /p/home/jusers/fischill1/juwels/ippl/build_fin/_deps/kokkos-build/core/src/libkokkoscore.so.5.0(_ZN6Kokkos4Impl44HostInaccessibleSharedAllocationRecordCommonINS_9CudaSpaceEEC2ERKS2_RKNSt7__cxx1112basic_stringIcSt11char_traitsIcESaIcEEEmPFvPNS0_22SharedAllocationRecordIvvEEE+0x30)[0x1513baddc260]
[jwb0575:2075215] [12] /p/home/jusers/fischill1/juwels/ippl/build_fin/alpine/ElectrostaticPIF/LandauDampingPIF[0x4aa864]
[jwb0575:2075215] [13] /p/home/jusers/fischill1/juwels/ippl/build_fin/alpine/ElectrostaticPIF/LandauDampingPIF[0x4aaf61]
terminate called after throwing an instance of 'std::runtime_error'
terminate called after throwing an instance of 'std::runtime_error'
  what():  Kokkos ERROR: Cuda memory space failed to allocate 602.2 MiB (label="perm_out").
terminate called after throwing an instance of 'std::runtime_error'
  what():  Kokkos ERROR: Cuda memory space failed to allocate 1.029 GiB (label="temp_storage").
terminate called after throwing an instance of 'std::runtime_error'
terminate called after throwing an instance of 'std::runtime_error'
terminate called after throwing an instance of 'std::runtime_error'
terminate called after throwing an instance of 'std::runtime_error'
[jwb1156:2419059] [ 0] /usr/lib64/libc.so.6(+0x3fc30)[0x149181141c30]
[jwb1156:2419059] [ 1] /usr/lib64/libc.so.6(+0x8d02c)[0x14918118f02c]
[jwb1156:2419059] [ 2] /usr/lib64/libc.so.6(raise+0x16)[0x149181141b86]
[jwb1156:2419059] [ 3] /usr/lib64/libc.so.6(abort+0xd3)[0x14918112b873]
[jwb1156:2419059] [ 4] /p/software/default/stages/2026/software/GCCcore/14.3.0/lib64/libstdc++.so.6(+0xadc3d)[0x1491813e6c3d]
[jwb1156:2419059] [ 5] /p/software/default/stages/2026/software/GCCcore/14.3.0/lib64/libstdc++.so.6(+0xbf14a)[0x1491813f814a]
[jwb1156:2419059] [ 6] /p/software/default/stages/2026/software/GCCcore/14.3.0/lib64/libstdc++.so.6(_ZSt10unexpectedv+0x0)[0x1491813e67e9]
[jwb1156:2419059] [ 7] /p/software/default/stages/2026/software/GCCcore/14.3.0/lib64/libstdc++.so.6(+0xbf3c7)[0x1491813f83c7]
[jwb1156:2419059] [ 8] /p/home/jusers/fischill1/juwels/ippl/build_fin/_deps/kokkos-build/core/src/libkokkoscore.so.5.0(_ZN6Kokkos4Impl15throw_bad_allocESt17basic_string_viewIcSt11char_traitsIcEEmS4_+0x115)[0x149181886e05]
  what():  Kokkos ERROR: Cuda memory space failed to allocate 624.6 MiB (label="perm_out").
  what():  Kokkos ERROR: Cuda memory space failed to allocate 641.7 MiB (label="keys_out").
[jwb0981:1350523] *** Process received signal ***
[jwb0981:1350523] Signal: Aborted (6)
[jwb0981:1350523] Signal code:  (-6)
terminate called after throwing an instance of 'std::runtime_error'
  what():  Kokkos ERROR: Cuda memory space failed to allocate 1.068 GiB (label="temp_storage").
[jwb0576:1115227] *** Process received signal ***
[jwb0576:1115227] Signal: Aborted (6)
[jwb0576:1115227] Signal code:  (-6)
[jwb0038:1527885] [ 9] /p[jwb0556:1623967] *** Process received signal ***
[jwb0556:1623967] Signal: Aborted (6)
[jwb0556:1623967] Signal code:  (-6)
/home/jusers/fischill1/juwels/ippl/build_fin/_deps/kokkos-build/core/src/libkokkoscore.so.5.0(_ZNK6Kokkos9CudaSpace13impl_allocateEPKcmm28Kokkos_Profiling_SpaceHandle+0x219)[0x154c25011319]
[jwb1175:3111662] [10] /p/home/jusers/fischill1/juwels/ippl/build_fin/_deps/kokkos-build/core/src/libkokkoscore.so.5.0(_ZNK6Kokkos9CudaSpace8allocateEPKcmm+0x65)[0x154c25011395]
[jwb1175:3111662] [11] /p/home/jusers/fischill1/juwels/ippl/build_fin/_deps/kokkos-build/core/src/libkokkoscore.so.5.0(_ZN6Kokkos4Impl44HostInaccessibleSharedAllocationRecordCommonINS_9CudaSpaceEEC2ERKS2_RKNSt7__cxx1112basic_stringIcSt11char_traitsIcESaIcEEEmPFvPNS0_22SharedAllocationRecordIvvEEE+0x30)[0x154c25013260]
[jwb1175:3111662] [12] /p/home/jusers/fischill1/juwels/ippl/build_fin/alpine/ElectrostaticPIF/LandauDampingPIF[0x4aa864]
[jwb1175:3111662] [13] /p/home/jusers/fischill1/juwels/ippl/build_fin/alpine/ElectrostaticPIF/LandauDampingPIF[0x4aae5e]
/home/jusers/fischill1/juwels/ippl/build_fin/_deps/kokkos-build/core/src/libkokkoscore.so.5.0(_ZNK6Kokkos9CudaSpace13impl_allocateEPKcmm28Kokkos_Profiling_SpaceHandle+0x219)[0x14f8eca6c319]
[jwb0575:2075216] [10] /p/home/jusers/fischill1/juwels/ippl/build_fin/_deps/kokkos-build/core/src/libkokkoscore.so.5.0(_ZNK6Kokkos9CudaSpace8allocateEPKcmm+0x65)[0x14f8eca6c395]
  what():  Kokkos ERROR: Cuda memory space failed to allocate 1.067 GiB (label="temp_storage").
terminate called after throwing an instance of 'std::runtime_error'
  what():  Kokkos ERROR: Cuda memory space failed to allocate 1.029 GiB (label="temp_storage").
terminate called after throwing an instance of 'std::runtime_error'
  what():  Kokkos ERROR: Cuda memory space failed to allocate 602.2 MiB (label="perm_out").
terminate called after throwing an instance of 'std::runtime_error'
terminate called after throwing an instance of 'std::runtime_error'
terminate called after throwing an instance of 'std::runtime_error'
[jwb1156:2419059] [ 9] /p  what():  Kokkos ERROR: Cuda memory space failed to allocate 602.2 MiB (label="perm_out").
  what():  Kokkos ERROR: Cuda memory space failed to allocate 624.7 MiB (label="perm_out").
[jwb0981:1350524] *** Process received signal ***
[jwb0981:1350524] Signal: Aborted (6)
[jwb0981:1350524] Signal code:  (-6)
  what():  Kokkos ERROR: Cuda memory space failed to allocate 641.6 MiB (label="keys_out").
  what():  Kokkos ERROR: Cuda memory space failed to allocate 601.8 MiB (label="perm_out").
[jwb0576:1115229] *** Process received signal ***
[jwb0576:1115229] Signal: Aborted (6)
[jwb0576:1115229] Signal code:  (-6)
[jwb0038:1527886] [11] /p/home/jusers/fischill1/juwels/ippl/build_fin/_deps/kokkos-build/core/src/libkokkoscore.so.5.0(_ZN6Kokkos4Impl44HostInaccessibleSharedAllocationRecordCommonINS_9CudaSpaceEEC2ERKS2_RKNSt7__cxx1112basic_stringIcSt11char_traitsIcESaIcEEEmPFvPNS0_22SharedAllocationRecordIvvEEE+0x30)[0x1500f989a260]
[jwb0556:1623969] [ 0] /usr/lib64/libc.so.6(+0x3fc30)[0x1547b4ccec30]
[jwb0556:1623969] [ 1] /usr/lib64/libc.so.6(+0x8d02c)[0x1547b4d1c02c]
[jwb0556:1623969] [ 2] /usr/lib64/libc.so.6(raise+0x16)[0x1547b4cceb86]
[jwb0556:1623969] [ 3] /usr/lib64/libc.so.6(abort+0xd3)[0x1547b4cb8873]
[jwb1175:3111662] [14] /p/home/jusers/fischill1/juwels/ippl/build_fin/alpine/ElectrostaticPIF/LandauDampingPIF[0x4cf90[jwb0575:2075216] [11] /p/home/jusers/fischill1/juwels/ippl/build_fin/_deps/kokkos-build/core/src/libkokkoscore.so.5.0(_ZN6Kokkos4Impl44HostInaccessibleSharedAllocationRecordCommonINS_9CudaSpaceEEC2ERKS2_RKNSt7__cxx1112basic_stringIcSt11char_traitsIcESaIcEEEmPFvPNS0_22SharedAllocationRecordIvvEEE+0x30)[0x14f8eca6e260]
[jwb0575:2075216] [12] /p/home/jusers/fischill1/juwels/ippl/build_fin/alpine/ElectrostaticPIF/LandauDampingPIF[0x49cd3a]
[jwb0575:2075216] [13] /p/home/jusers/fischill1/juwels/ippl/build_fin/alpine/ElectrostaticPIF/LandauDampingPIF[0x4d0480]
  what():  Kokkos ERROR: Cuda memory space failed to allocate 624.7 MiB (label="perm_out").
terminate called after throwing an instance of 'std::runtime_error'
  what():  Kokkos ERROR: Cuda memory space failed to allocate 1.067 GiB (label="temp_storage").
  what():  Kokkos ERROR: Cuda memory space failed to allocate 1.001 GiB (label="temp_storage").
terminate called after throwing an instance of 'std::runtime_error'
terminate called after throwing an instance of 'std::runtime_error'
  what():  Kokkos ERROR: Cuda memory space failed to allocate 683.5 MiB (label="keys_out").
  what():  Kokkos ERROR: Cuda memory space failed to allocate 1.068 GiB (label="temp_storage").
[jwb1156:2419060] [ 0] /usr/lib64/libc.so.6(+0x3fc30)[0x1519f1079c30]
[jwb1156:2419060] [ 1] /usr/lib64/libc.so.6(+0x8d02c)[0x1519f10c702c]
[jwb1156:2419060] [ 2] /usr/lib64/libc.so.6(raise+0x16)[0x1519f1079b86]
[jwb1156:2419060] [ 3] /usr/lib64/libc.so.6(abort+0xd3)[0x1519f1063873]
[jwb1156:2419060] [ 4] /p/software/default/stages/2026/software/GCCcore/14.3.0/lib64/libstdc++.so.6(+0xadc3d)[0x1519f131ec3d]
[jwb1156:2419060] [ 5] /p/software/default/stages/2026/software/GCCcore/14.3.0/lib64/libstdc++.so.6(+0xbf14a)[0x1519f133014a]
[jwb1156:2419060] [ 6] /p/software/default/stages/2026/software/GCCcore/14.3.0/lib64/libstdc++.so.6(_ZSt10unexpectedv+0x0)[0x1519f131e7e9]
[jwb1156:2419060] [ 7] /p/software/default/stages/2026/software/GCCcore/14.3.0/lib64/libstdc++.so.6(+0xbf3c7)[0x1519f13303c7]
[jwb1156:2419060] [ 8] /p/home/jusers/fischill1/juwels/ippl/build_fin/_deps/kokkos-build/core/src/libkokkoscore.so.5.0(_ZN6Kokkos4Impl15throw_bad_allocESt17basic_string_viewIcSt11char_traitsIcEEmS4_+0x115)[0x1519f17bee05]
  what():  Kokkos ERROR: Cuda memory space failed to allocate 1.067 GiB (label="temp_storage").
  what():  Kokkos ERROR: Cuda memory space failed to allocate 1.067 GiB (label="temp_storage").
[jwb0981:1350522] *** Process received signal ***
[jwb0981:1350522] Signal: Aborted (6)
[jwb0981:1350522] Signal code:  (-6)
terminate called after throwing an instance of 'std::runtime_error'
[jwb0035:822449] *** Process received signal ***
[jwb0035:822449] Signal: Aborted (6)
[jwb0035:822449] Signal code:  (-6)
  what():  Kokkos ERROR: Cuda memory space failed to allocate 601.9 MiB (label="perm_out").
/home/jusers/fischill1/juwels/ippl/build_fin/_deps/kokkos-build/core/src/libkokkoscore.so.5.0(_ZNK6Kokkos9CudaSpace13impl_allocateEPKcmm28Kokkos_Profiling_SpaceHandle+0x219)[0x14700cd55319]
[jwb0038:1527885] [10] /p/home/jusers/fischill1/juwels/ippl/build_fin/_deps/kokkos-build/core/src/libkokkoscore.so.5.0(_ZNK6Kokkos9CudaSpace8allocateEPKcmm+0x65)[0x14700cd55395]
[jwb0556:1623969] [ 4] /p/software/default/stages/2026/software/GCCcore/14.3.0/lib64/libstdc++.so.6(+0xadc3d)[0x1547b4f73c3d]
[jwb0556:1623969] [ 5] /p/software/default/stages/2026/software/GCCcore/14.3.0/lib64/libstdc++.so.6(+0xbf14a)[0x1547b4f8514a]
[jwb0556:1623969] [ 6] /p/software/default/stages/2026/software/GCCcore/14.3.0/lib64/libstdc++.so.6(_ZSt10unexpectedv+0x0)[0x1547b4f737e9]
[jwb0556:1623969] [ 7] /p/software/default/stages/2026/software/GCCcore/14.3.0/lib64/libstdc++.so.6(+0xbf3c7)[0x1547b4f853c7]
[jwb0556:1623969] [ 8] /p/home/jusers/fischill1/juwels/ippl/build_fin/_deps/kokkos-build/core/src/libkokkoscore.so.5.0(_ZN6Kokkos4Impl15throw_bad_allocESt17basic_string_viewIcSt11char_traitsIcEEmS4_+0x115)[0x1547b5413e05]
[jwb0556:1623969] [ 9] /p/home/jusers/fischill1/juwels/ippl/build_fin/_deps/kokkos-build/core/src/libkokkoscore.so.5.0(_ZNK6Kokkos9CudaSpace13impl_allocateEPKcmm28Kokkos_Profiling_SpaceHandle+0x219)[0x1547b5426319]
/home/jusers/fischill1/juwels/ippl/build_fin/_deps/kokkos-build/core/src/libkokkoscore.so.5.0(_ZNK6Kokkos9CudaSpace13impl_allocateEPKcmm28Kokkos_Profiling_SpaceHandle+0x219)[0x146b2b420319]
[jwb1175:3111660] [10] /p/home/jusers/fischill1/juwels/ippl/build_fin/_deps/kokkos-build/core/src/libkokkoscore.so.5.0(_ZNK6Kokkos9CudaSpace8allocateEPKcmm+0x65)[0x146b2b420395]
[jwb1175:3111660] [11] /p/home/jusers/fischill1/juwels/ippl/build_fin/_deps/kokkos-build/core/src/libkokkoscore.so.5.0(_ZN6Kokkos4Impl44HostInaccessibleSharedAllocationRecordCommonINS_9CudaSpaceEEC2ERKS2_RKNSt7__cxx1112basic_stringIcSt11char_traitsIcESaIcEEEmPFvPNS0_22SharedAllocationRecordIvvEEE+0x30)[0x146b2b422260]
[jwb1175:3111660] [12] /p/home/jusers/fischill1/juwels/ippl/build_fin/alpine/ElectrostaticPIF/LandauDampingPIF[0x4aa864]
[jwb1175:3111660] [13] /p/home/jusers/fischill1/juwels/ippl/build_fin/alpine/ElectrostaticPIF/LandauDampingPIF[0x4aae5e]
[jwb0575:2075215] [14] /p/home/jusers/fischill1/juwels/ippl/build_fin/alpine/ElectrostaticPIF/LandauDampingPIF[0x4cf907]
[jwb0575:2075215] [15] /p/home/jusers/fischill1/juwels/ippl/build_fin/alpine/ElectrostaticPIF/LandauDampingPIF[0x4e81cb]
[jwb0575:2075215] [16] /p/home/jusers/fischill1/juwels/ippl/build_fin/alpine/ElectrostaticPIF/LandauDampingPIF[0x585bfd]
[jwb0575:2075215] [17] /p/home/jusers/fischill1/juwels/ippl/build_fin/alpine/ElectrostaticPIF/LandauDampingPIF[0x6090d8]
[jwb0575:2075215] [18] /p/home/jusers/fischill1/juwels/ippl/build_fin/alpine/ElectrostaticPIF/LandauDampingPIF[0x6095b5]
  what():  Kokkos ERROR: Cuda memory space failed to allocate 642 MiB (label="keys_out").
  what():  Kokkos ERROR: Cuda memory space failed to allocate 602.2 MiB (label="perm_out").
[jwb1027:733955] *** Process received signal ***
[jwb1027:733955] Signal: Aborted (6)
[jwb1027:733955] Signal code:  (-6)
  what():  Kokkos ERROR: Cuda memory space failed to allocate 1.067 GiB (label="temp_storage").
terminate called after throwing an instance of 'std::runtime_error'
  what():  Kokkos ERROR: Cuda memory space failed to allocate 1.068 GiB (label="temp_storage").
  what():  Kokkos ERROR: Cuda memory space failed to allocate 641.4 MiB (label="keys_out").
terminate called after throwing an instance of 'std::runtime_error'
  what():  Kokkos ERROR: Cuda memory space failed to allocate 625.3 MiB (label="perm_out").
[jwb1156:2419060] [ 9] /pterminate called after throwing an instance of 'std::runtime_error'
  what():  Kokkos ERROR: Cuda memory space failed to allocate 642 MiB (label="keys_out").
  what():  Kokkos ERROR: Cuda memory space failed to allocate 602.3 MiB (label="perm_out").
[jwb0981:1350522] [ 0] /usr/lib64/libc.so.6(+0x3fc30)[0x146bf48a1c30]
[jwb0981:1350522] [ 1] /usr/lib64/libc.so.6(+0x8d02c)[0x146bf48ef02c]
[jwb0981:1350522] [ 2] /usr/lib64/libc.so.6(raise+0x16)[0x146bf48a1b86]
[jwb0981:1350522] [ 3] /usr/lib64/libc.so.6(abort+0xd3)[0x146bf488b873]
[jwb0981:1350522] [ 4] /p/software/default/stages/2026/software/GCCcore/14.3.0/lib64/libstdc++.so.6(+0xadc3d)[0x146bf4b46c3d]
[jwb0981:1350522] [ 5] /p/software/default/stages/2026/software/GCCcore/14.3.0/lib64/libstdc++.so.6(+0xbf14a)[0x146bf4b5814a]
[jwb0981:1350522] [ 6] /p/software/default/stages/2026/software/GCCcore/14.3.0/lib64/libstdc++.so.6(_ZSt10unexpectedv+0x0)[0x146bf4b467e9]
[jwb0981:1350522] [ 7] /p/software/default/stages/2026/software/GCCcore/14.3.0/lib64/libstdc++.so.6(+0xbf3c7)[0x146bf4b583c7]
[jwb0981:1350522] [ 8] /p/home/jusers/fischill1/juwels/ippl/build_fin/_deps/kokkos-build/core/src/libkokkoscore.so.5.0(_ZN6Kokkos4Impl15throw_bad_allocESt17basic_string_viewIcSt11char_traitsIcEEmS4_+0x115)[0x146bf4fe6e05]
terminate called after throwing an instance of 'std::runtime_error'
[jwb0035:822451] *** Process received signal ***
[jwb0035:822451] Signal: Aborted (6)
[jwb0035:822451] Signal code:  (-6)
[jwb0576:1115230] *** Process received signal ***
[jwb0576:1115230] Signal: Aborted (6)
[jwb0576:1115230] Signal code:  (-6)
[jwb0038:1527883] [ 0] /usr/lib64/libc.so.6(+0x3fc30)[0x1519436f4c30]
[jwb0038:1527883] [ 1] /usr/lib64/libc.so.6(+0x8d02c)[0x15194374202c]
[jwb0038:1527883] [ 2] /usr/lib64/libc.so.6(raise+0x16)[0x1519436f4b86]
[jwb0038:1527883] [ 3] /usr/lib64/libc.so.6(abort+0xd3)[0x1519436de873]
[jwb0038:1527883] [ 4] /p/software/default/stages/2026/software/GCCcore/14.3.0/lib64/libstdc++.so.6(+0xadc3d)[0x151943999c3d]
[jwb0038:1527883] [ 5] /p/software/default/stages/2026/software/GCCcore/14.3.0/lib64/libstdc++.so.6(+0xbf14a)[0x1519439ab14a]
[jwb0038:1527883] [ 6] /p/software/default/stages/2026/software/GCCcore/14.3.0/lib64/libstdc++.so.6(_ZSt10unexpectedv+0x0)[0x1519439997e9]
[jwb0038:1527883] [ 7] /p/software/default/stages/2026/software/GCCcore/14.3.0/lib64/libstdc++.so.6(+0xbf3c7)[0x1519439ab3c7]
[jwb0038:1527883] [ 8] /p/home/jusers/fischill1/juwels/ippl/build_fin/_deps/kokkos-build/core/src/libkokkoscore.so.5.0(_ZN6Kokkos4Impl15throw_bad_allocESt17basic_string_viewIcSt11char_traitsIcEEmS4_+0x115)[0x151943e39e05]
[jwb0556:1623969] [10] /p/home/jusers/fischill1/juwels/ippl/build_fin/_deps/kokkos-build/core/[jwb1175:3111660] [14] /p/home/jusers/fischill1/juwels/ippl/build_fin/alpine/ElectrostaticPIF/LandauDampingPIF[0x4cf90[jwb0575:2075217] [ 0] /usr/lib64/libc.so.6(+0x3fc30)[0x14a0ec1b9c30]
[jwb0575:2075217] [ 1] /usr/lib64/libc.so.6(+0x8d02c)[0x14a0ec20702c]
[jwb0575:2075217] [ 2] /usr/lib64/libc.so.6(raise+0x16)[0x14a0ec1b9b86]
[jwb0575:2075217] [ 3] /usr/lib64/libc.so.6(abort+0xd3)[0x14a0ec1a3873]
[jwb0575:2075217] [ 4] /p/software/default/stages/2026/software/GCCcore/14.3.0/lib64/libstdc++.so.6(+0xadc3d)[0x14a0ec45ec3d]
[jwb0575:2075217] [ 5] /p/software/default/stages/2026/software/GCCcore/14.3.0/lib64/libstdc++.so.6(+0xbf14a)[0x14a0ec47014a]
[jwb0575:2075217] [ 6] /p/software/default/stages/2026/software/GCCcore/14.3.0/lib64/libstdc++.so.6(_ZSt10unexpectedv+0x0)[0x14a0ec45e7e9]
[jwb0575:2075217] [ 7] /p/software/default/stages/2026/software/GCCcore/14.3.0/lib64/libstdc++.so.6(+0xbf3c7)[0x14a0ec4703c7]
[jwb0575:2075217] [ 8] /p/home/jusers/fischill1/juwels/ippl/build_fin/_deps/kokkos-build/core/src/libkokkoscore.so.5.0(_ZN6Kokkos4Impl15throw_bad_allocESt17basic_string_viewIcSt11char_traitsIcEEmS4_+0x115)[0x14a0ec8fee05]
  what():  Kokkos ERROR: Cuda memory space failed to allocate 602.3 MiB (label="perm_out").
  what():  Kokkos ERROR: Cuda memory space failed to allocate 641.9 MiB (label="keys_out").
[jwb1027:733953] *** Process received signal ***
[jwb1027:733953] Signal: Aborted (6)
[jwb1027:733953] Signal code:  (-6)
[jwb0971:3373804] *** Process received signal ***
[jwb0971:3373804] Signal: Aborted (6)
[jwb0971:3373804] Signal code:  (-6)
terminate called after throwing an instance of 'std::runtime_error'
  what():  Kokkos ERROR: Cuda memory space failed to allocate 601.9 MiB (label="perm_out").
  what():  Kokkos ERROR: Cuda memory space failed to allocate 666 MiB (label="keys_out").
terminate called after throwing an instance of 'std::runtime_error'
  what():  Kokkos ERROR: Cuda memory space failed to allocate 641.5 MiB (label="keys_out").
[jwb1156:2419057] [ 1] /usr/lib64/libc.so.6(+0x8d02c)[0x148ed0d1c02c]
[jwb1156:2419057] [ 2] /usr/lib64/libc.so.6(raise+0x16)[0x148ed0cceb86]
[jwb1156:2419057] [ 3] /usr/lib64/libc.so.6(abort+0xd3)[0x148ed0cb8873]
[jwb1156:2419057] [ 4] /p/software/default/stages/2026/software/GCCcore/14.3.0/lib64/libstdc++.so.6(+0xadc3d)[0x148ed0f73c3d]
[jwb1156:2419057] [ 5] /p/software/default/stages/2026/software/GCCcore/14.3.0/lib64/libstdc++.so.6(+0xbf14a)[0x148ed0f8514a]
[jwb1156:2419057] [ 6] /p/software/default/stages/2026/software/GCCcore/14.3.0/lib64/libstdc++.so.6(_ZSt10unexpectedv+0x0)[0x148ed0f737e9]
[jwb1156:2419057] [ 7] /p/software/default/stages/2026/software/GCCcore/14.3.0/lib64/libstdc++.so.6(+0xbf3c7)[0x148ed0f853c7]
[jwb1156:2419057] [ 8] /p/home/jusers/fischill1/juwels/ippl/build_fin/_deps/kokkos-build/core/src/libkokkoscore.so.5.0(_ZN6Kokkos4Impl15throw_bad_allocESt17basic_string_viewIcSt11char_traitsIcEEmS4_+0x115)[0x148ed1413e05]
terminate called after throwing an instance of 'std::runtime_error'
[jwb1109:2838547] *** Process received signal ***
[jwb1109:2838547] Signal: Aborted (6)
[jwb1109:2838547] Signal code:  (-6)
[jwb0986:230220] *** Process received signal ***
[jwb0986:230220] Signal: Aborted (6)
[jwb0986:230220] Signal code:  (-6)
[jwb0981:1350522] [ 9] /pterminate called after throwing an instance of 'std::runtime_error'
[jwb0035:822452] *** Process received signal ***
[jwb0035:822452] Signal: Aborted (6)
[jwb0035:822452] Signal code:  (-6)
[jwb0576:1115229] [ 0] /usr/lib64/libc.so.6(+0x3fc30)[0x153309479c30]
[jwb0576:1115229] [ 1] /usr/lib64/libc.so.6(+0x8d02c)[0x1533094c702c]
[jwb0576:1115229] [ 2] /usr/lib64/libc.so.6(raise+0x16)[0x153309479b86]
[jwb0576:1115229] [ 3] /usr/lib64/libc.so.6(abort+0xd3)[0x153309463873]
[jwb0576:1115229] [ 4] /p/software/default/stages/2026/software/GCCcore/14.3.0/lib64/libstdc++.so.6(+0xadc3d)[0x15330971ec3d]
[jwb0576:1115229] [ 5] /p/software/default/stages/2026/software/GCCcore/14.3.0/lib64/libstdc++.so.6(+0xbf14a)[0x15330973014a]
[jwb0576:1115229] [ 6] /p/software/default/stages/2026/software/GCCcore/14.3.0/lib64/libstdc++.so.6(_ZSt10unexpectedv+0x0)[0x15330971e7e9]
[jwb0576:1115229] [ 7] /p/software/default/stages/2026/software/GCCcore/14.3.0/lib64/libstdc++.so.6(+0xbf3c7)[0x1533097303c7]
[jwb0576:1115229] [ 8] /p/home/jusers/fischill1/juwels/ippl/build_fin/_deps/kokkos-build/core/src/libkokkoscore.so.5.0(_ZN6Kokkos4Impl15throw_bad_allocESt17basic_string_viewIcSt11char_traitsIcEEmS4_+0x115)[0x153309bbee05]
[jwb0038:1527883] [ 9] /p[jwb0556:1623966] [ 0] /usr/lib64/libc.so.6(+0x3fc30)[0x1459c14bac30]
[jwb0556:1623966] [ 1] /usr/lib64/libc.so.6(+0x8d02c)[0x1459c150802c]
[jwb0556:1623966] [ 2] /usr/lib64/libc.so.6(raise+0x16)[0x1459c14bab86]
[jwb0556:1623966] [ 3] /usr/lib64/libc.so.6(abort+0xd3)[0x1459c14a4873]
[jwb0556:1623966] [ 4] /p/software/default/stages/2026/software/GCCcore/14.3.0/lib64/libstdc++.so.6(+0xadc3d)[0x1459c175fc3d]
[jwb0556:1623966] [ 5] /p/software/default/stages/2026/software/GCCcore/14.3.0/lib64/libstdc++.so.6(+0xbf14a)[0x1459c177114a]
[jwb0556:1623966] [ 6] /p/software/default/stages/2026/software/GCCcore/14.3.0/lib64/libstdc++.so.6(_ZSt10unexpectedv+0x0)[0x1459c175f7e9]
[jwb0556:1623966] [ 7] /p/software/default/stages/2026/software/GCCcore/14.3.0/lib64/libstdc++.so.6(+0xbf3c7)[0x1459c17713c7]
[jwb0556:1623966] [ 8] /p/home/jusers/fischill1/juwels/ippl/build_fin/_deps/kokkos-build/core/src/libkokkoscore.so.5.0(_ZN6Kokkos4Impl15throw_bad_allocESt17basic_string_viewIcSt11char_traitsIcEEmS4_+0x115)[0x1459c1bffe05]
[jwb1175:3111663] [ 6] /p/software/default/stages/2026/software/GCCcore/14.3.0/lib64/libstdc++.so.6(_ZSt10unexpectedv+0x0)[0x1507df5a97e9]
[jwb1175:3111663] [ 7] /p/software/default/stages/2026/software/GCCcore/14.3.0/lib64/libstdc++.so.6(+0xbf3c7)[0x1507df5bb3c7]
[jwb1175:3111663] [ 8] /p/home/jusers/fischill1/juwels/ippl/build_fin/_deps/kokkos-build/core/src/libkokkoscore.so.5.0(_ZN6Kokkos4Impl15throw_bad_allocESt17basic_string_viewIcSt11char_traitsIcEEmS4_+0x115)[0x1507dfa49e05]
[jwb1175:3111663] [ 9] /p/home/jusers/fischill1/juwels/ippl/build_fin/_deps/kokkos-build/core/src/libkokkoscore.so.5.0(_ZNK6Kokkos9CudaSpace13impl_allocateEPKcmm28Kokkos_Profiling_SpaceHandle+0x219)[0x1507dfa5c319]
[jwb1175:3111663] [10] /p/home/jusers/fischill1/juwels/ippl/build_fin/_deps/kokkos-build/core/src/libkokkoscore.so.5.0(_ZNK6Kokkos9CudaSpace8allocateEPKcmm+0x65)[0x1507dfa5c395]
[jwb0575:2075217] [ 9] /p[jwb0795:3810589] *** Process received signal ***
[jwb0795:3810589] Signal: Aborted (6)
[jwb0795:3810589] Signal code:  (-6)
  what():  Kokkos ERROR: Cuda memory space failed to allocate 624.8 MiB (label="perm_out").
[jwb1027:733952] *** Process received signal ***
[jwb0971:3373803] *** Process received signal ***
[jwb0971:3373803] Signal: Aborted (6)
[jwb0971:3373803] Signal code:  (-6)
  what():  Kokkos ERROR: Cuda memory space failed to allocate 683.6 MiB (label="keys_out").
  what():  Kokkos ERROR: Cuda memory space failed to allocate 625.1 MiB (label="perm_out").
  what():  Kokkos ERROR: Cuda memory space failed to allocate 625.2 MiB (label="perm_out").
terminate called after throwing an instance of 'std::runtime_error'
  what():  Kokkos ERROR: Cuda memory space failed to allocate 601.7 MiB (label="perm_out").
[jwb1156:2419057] [ 9] /p/home/jusers/fischill1/juwels/ippl/build_fin/_deps/kokkos-build/core/sterminate called after throwing an instance of 'std::runtime_error'
[jwb1109:2838549] *** Process received signal ***
[jwb1109:2838549] Signal: Aborted (6)
[jwb1109:2838549] Signal code:  (-6)
[jwb0986:230222] *** Process received signal ***
[jwb0986:230222] Signal: Aborted (6)
[jwb0986:230222] Signal code:  (-6)
[jwb0981:1350524] [ 0] /usr/lib64/libc.so.6(+0x3fc30)[0x14d5940c9c30]
[jwb0981:1350524] [ 1] /usr/lib64/libc.so.6(+0x8d02c)[0x14d59411702c]
[jwb0981:1350524] [ 2] /usr/lib64/libc.so.6(raise+0x16)[0x14d5940c9b86]
[jwb0981:1350524] [ 3] /usr/lib64/libc.so.6(abort+0xd3)[0x14d5940b3873]
[jwb0981:1350524] [ 4] /p/software/default/stages/2026/software/GCCcore/14.3.0/lib64/libstdc++.so.6(+0xadc3d)[0x14d59436ec3d]
[jwb0981:1350524] [ 5] /p/software/default/stages/2026/software/GCCcore/14.3.0/lib64/libstdc++.so.6(+0xbf14a)[0x14d59438014a]
[jwb0981:1350524] [ 6] /p/software/default/stages/2026/software/GCCcore/14.3.0/lib64/libstdc++.so.6(_ZSt10unexpectedv+0x0)[0x14d59436e7e9]
[jwb0981:1350524] [ 7] /p/software/default/stages/2026/software/GCCcore/14.3.0/lib64/libstdc++.so.6(+0xbf3c7)[0x14d5943803c7]
[jwb0981:1350524] [ 8] /p/home/jusers/fischill1/juwels/ippl/build_fin/_deps/kokkos-build/core/src/libkokkoscore.so.5.0(_ZN6Kokkos4Impl15throw_bad_allocESt17basic_string_viewIcSt11char_traitsIcEEmS4_+0x115)[0x14d59480ee05]
[jwb1048:2946381] *** Process received signal ***
[jwb1048:2946381] Signal: Aborted (6)
[jwb1048:2946381] Signal code:  (-6)
[jwb0035:822450] *** Process received signal ***
[jwb0035:822450] Signal: Aborted (6)
[jwb0035:822450] Signal code:  (-6)
[jwb0576:1115229] [ 9] /p[jwb0038:1527886] [12] /p/home/jusers/fischill1/juwels/ippl/build_fin/alpine/ElectrostaticPIF/LandauDampingPIF[0x4aa864]
[jwb0038:1527886] [13] /p/home/jusers/fischill1/juwels/ippl/build_fin/alpine/ElectrostaticPIF/LandauDampingPIF[0x4aaf61]
[jwb0038:1527886] [14] /p/home/jusers/fischill1/juwels/ippl/build_fin/alpine/ElectrostaticPIF/LandauDampingPIF[0x4cf907]
[jwb0038:1527886] [15] /p/home/jusers/fischill1/juwels/ippl/build_fin/alpine/ElectrostaticPIF/LandauDampingPIF[0x4e81cb]
[jwb0038:1527886] [16] /p/home/jusers/fischill1/juwels/ippl/build_fin/alpine/ElectrostaticPIF/LandauDampingPIF[0x585bfd]
[jwb0038:1527886] [17] /p/home/jusers/fischill1/juwels/ippl/build_fin/alpine/ElectrostaticPIF/LandauDampingPIF[0x6090d8]
[jwb0556:1623966] [ 9] /p[jwb1175:3111663] [11] /p/home/jusers/fischill1/juwels/ippl/build_fin/_deps/kokkos-build/core/src/libkokkoscore.so.5.0(_ZN6Kokkos4Impl44HostInaccessibleSharedAllocation/home/jusers/fischill1/juwels/ippl/build_fin/_deps/kokkos-build/core/src/libkokkoscore.so.5.0(_ZNK6Kokkos9CudaSpace13impl_allocateEPKcmm28Kokkos_Profiling_SpaceHandle+0x219)[0x14a0ec911319]
[jwb0575:2075217] [10] /p/home/jusers/fischill1/juwels/ippl/build_fin/_deps/kokkos-build/core/src/libkokkoscore.so.5.0(_ZNK6Kokkos9CudaSpace8allocateEPKcmm+0x65)[0x14a0ec911395]
[jwb0575:2075217] [11] /p/home/jusers/fischill1/juwels/ippl/build_fin/_deps/kokkos-build/core/src/libkokkoscore.so.5.0(_ZN6Kokkos4Impl44HostInaccessibleSharedAllocationRecordCommonINS_9CudaSpaceEEC2ERKS2_RKNSt7__cxx1112basic_stringIcSt11char_traitsIcESaIcEEEmPFvPNS0_22SharedAllocationRecordIvvEEE+0x30)[0x14a0ec913260]
[jwb0575:2075217] [12] /p/home/jusers/fischill1/juwels/ippl/build_fin/alpine/ElectrostaticPIF/LandauDampingPIF[0x49cd3a]
[jwb0575:2075217] [13] /p/home/jusers/fischill1/juwels/ippl/build_fin/alpine/ElectrostaticPIF/LandauDampingPIF[0x4d0480]
[jwb0795:3810590] *** Process received signal ***
[jwb0795:3810590] Signal: Aborted (6)
[jwb0795:3810590] Signal code:  (-6)
  what():  Kokkos ERROR: Cuda memory space failed to allocate 1.067 GiB (label="temp_storage").
[jwb1027:733954] *** Process received signal ***
[jwb1027:733954] Signal: Aborted (6)
[jwb1027:733954] Signal code:  (-6)
[jwb0971:3373805] *** Process received signal ***
[jwb0971:3373805] Signal: Aborted (6)
[jwb0971:3373805] Signal code:  (-6)
  what():  Kokkos ERROR: Cuda memory space failed to allocate 625.3 MiB (label="perm_out").
  what():  Kokkos ERROR: Cuda memory space failed to allocate 641.5 MiB (label="keys_out").
[jwb0031:1623415] *** Process received signal ***
[jwb0031:1623415] Signal: Aborted (6)
[jwb0031:1623415] Signal code:  (-6)
terminate called after throwing an instance of 'std::runtime_error'
[jwb0984:2430496] *** Process received signal ***
[jwb0984:2430496] Signal: Aborted (6)
[jwb0984:2430496] Signal code:  (-6)
/home/jusers/fischill1/juwels/ippl/build_fin/_deps/kokkos-build/core/src/libkokkoscore.so.5.0(_ZNK6Kokkos9CudaSpace13impl_allocateEPKcmm28Kokkos_Profiling_SpaceHandle+0x219)[0x149181899319]
[jwb1156:2419059] [10] /p/home/jusers/fischill1/juwels/ippl/build_fin/_deps/kokkos-build/core/src/libkokkoscore.so.5.0(_ZNK6Kokkos9CudaSpace8allocateEPKcmm+0x65)[0x149181899395]
[jwb1156:2419059] [11] /p/home/jusers/fischill1/juwels/ippl/build_fin/_deps/kokkos-build/core/src/libkokkoscore.so.5.0(_ZN6Kokkos4Impl44HostInaccessibleSharedAllocationRecordCommonINS_9CudaSpaceEEC2ERKS2_RKNSt7__cxx1112basic_stringIcSt11char_traitsIcESaIcEEEmPFvPNS0_22SharedAllocationRecordIvvEEE+0x30)[0x14918189b260]
[jwb1156:2419059] [12] /p/home/jusers/fischill1/juwels/ippl/build_fin/alpine/ElectrostaticPIF/LandauDampingPIF[0x4aa864]
[jwb1156:2419059] [13] /p/home/jusers/fischill1/juwels/ippl/build_fin/alpine/ElectrostaticPIF/LandauDampingPIF[0x4aaf61]
terminate called after throwing an instance of 'std::runtime_error'
[jwb1109:2838548] *** Process received signal ***
[jwb1109:2838548] Signal: Aborted (6)
[jwb1109:2838548] Signal code:  (-6)
[jwb0986:230223] *** Process received signal ***
[jwb0986:230223] Signal: Aborted (6)
[jwb0986:230223] Signal code:  (-6)
[jwb0981:1350524] [ 9] /p  what():  Kokkos ERROR: Cuda memory space failed to allocate 1.068 GiB (label="temp_storage").
[jwb0035:822449] [ 0] /usr/lib64/libc.so.6(+0x3fc30)[0x14f03b318c30]
[jwb0035:822449] [ 1] /usr/lib64/libc.so.6(+0x8d02c)[0x14f03b36602c]
/home/jusers/fischill1/juwels/ippl/build_fin/_deps/kokkos-build/core/src/libkokkoscore.so.5.0(_ZNK6Kokkos9CudaSpace13impl_allocateEPKcmm28Kokkos_Profiling_SpaceHandle+0x219)[0x153309bd1319]
[jwb0576:1115229] [10] /p/home/jusers/fischill1/juwels/ippl/build_fin/_deps/kokkos-build/core/src/libkokkoscore.so.5.0(_ZNK6Kokkos9CudaSpace8allocateEPKcmm+0x65)[0x153309bd1395]
/home/jusers/fischill1/juwels/ippl/build_fin/_deps/kokkos-build/core/src/libkokkoscore.so.5.0(_ZNK6Kokkos9CudaSpace13impl_allocateEPKcmm28Kokkos_Profiling_SpaceHandle+0x219)[0x151943e4c319]
[jwb0038:1527883] [10] /p/home/jusers/fischill1/juwels/ippl/build_fin/_deps/kokkos-build/core/src/libkokkoscore.so.5.0(_ZNK6Kokkos9CudaSpace8allocateEPKcmm+0x65)[0x151943e4c395]
[jwb0038:1527883] [11] /p/home/jusers/fischill1/juwels/ippl/build_fin/_deps/kokkos-build/core/src/libkokkoscore.so.5.0(_ZN6Kokkos4Impl44HostInaccessibleSharedAllocationRecordCommonINS_9CudaSpaceEEC2ERKS2_RKNSt7__cxx1112basic_stringIcSt11char_traitsIcESaIcEEEmPFvPNS0_22SharedAllocationRecordIvvEEE+0x30)[0x151943e4e260]
[jwb0038:1527883] [12] /p/home/jusers/fischill1/juwels/ippl/build_fin/alpine/ElectrostaticPIF/LandauDampingPIF[0x4aa864]
[jwb0038:1527883] [13] /p/home/jusers/fischill1/juwels/ippl/build_fin/alpine/ElectrostaticPIF/LandauDampingPIF[0x4aae5e]
[jwb0556:1623967] [ 0] /usr/lib64/libc.so.6(+0x3fc30)[0x14a200545c30]
[jwb0556:1623967] [ 1] /usr/lib64/libc.so.6(+0x8d02c)[0x14a20059302c]
[jwb0556:1623967] [ 2] /usr/lib64/libc.so.6(raise+0x16)[0x14a200545b86]
[jwb0556:1623967] [ 3] /usr/lib64/libc.so.6(abort+0xd3)[0x14a20052f873]
[jwb0556:1623967] [ 4] /p/software/default/stages/2026/software/GCCcore/14.3.0/lib64/libstdc++.so.6(+0xadc3d)[0x14a2007eac3d]
[jwb0556:1623967] [ 5] /p/software/default/stages/2026/software/GCCcore/14.3.0/lib64/libstdc++.so.6(+0xbf14a)[0x14a2007fc14a]
[jwb0556:1623967] [ 6] /p/software/default/stages/2026/software/GCCcore/14.3.0/lib64/libstdc++.so.6(_ZSt10unexpectedv+0x0)[0x14a2007ea7e9]
[jwb0556:1623967] [ 7] /p/software/default/stages/2026/software/GCCcore/14.3.0/lib64/libstdc++.so.6(+0xbf3c7)[0x14a2007fc3c7]
[jwb0556:1623967] [ 8] /p/home/jusers/fischill1/juwels/ippl/build_fin/_deps/kokkos-build/core/src/libkokkoscore.so.5.0(_ZN6Kokkos4Impl15throw_bad_allocESt17basic_string_viewIcSt11char_traitsIcEEmS4_+0x115)[0x14a200c8ae05]
7]
[jwb1175:3111662] [15] /p/home/jusers/fischill1/juwels/ippl/build_fin/alpine/ElectrostaticPIF/LandauDampingPIF[0x4e81cb]
[jwb1175:3111662] [16] /p/home/jusers/fischill1/juwels/ippl/build_fin/alpine/ElectrostaticPIF/LandauDampingPIF[0x585bfd]
[jwb1175:3111662] [17] /p/home/jusers/fischill1/juwels/ippl/build_fin/alpine/ElectrostaticPIF/LandauDampingPIF[0x6090d8]
[jwb1175:3111662] [18] /p/home/jusers/fischill1/juwels/ippl/build_fin/alpine/ElectrostaticPIF/LandauDampingPIF[0x6095b5]
[jwb1175:3111662] [19] /p/home/jusers/fischill1/juwels/ippl/build_fin/alpine/ElectrostaticPIF/LandauDampingPIF[0x60c8d1]
[jwb1175:3111662] [20] /p/home/jusers/fischill1/juwels/ippl/build_fin/alpine/ElectrostaticPIF/LandauDampingPIF[0x60d25b]
[jwb1175:3111662] [21] /p/home/jusers/fischill1/juwels/ippl/build_fin/alpine/ElectrostaticPIF/LandauDampingPIF[0x423759]
[jwb1175:3111662] [22] /usr/lib64/libc.so.6(+0x2a610)[0x154c248a4610]
[jwb1175:3111662] [23] /usr/lib64/libc.so.6(__libc_start_main+0x80)[0x154c248a46c0]
[jwb0575:2075217] [14] /p/home/jusers/fischill1/juwels/ippl/build_fin/alpine/ElectrostaticPIF/LandauDampingPIF[0x4e81c[jwb0795:3810591] *** Process received signal ***
[jwb0795:3810591] Signal: Aborted (6)
[jwb0795:3810591] Signal code:  (-6)
[jwb0573:798247] *** Process received signal ***
[jwb0573:798247] Signal: Aborted (6)
[jwb0573:798247] Signal code:  (-6)
[jwb1027:733952] Signal: Aborted (6)
[jwb1027:733952] Signal code:  (-6)
[jwb0971:3373806] *** Process received signal ***
[jwb0971:3373806] Signal: Aborted (6)
[jwb0971:3373806] Signal code:  (-6)
  what():  Kokkos ERROR: Cuda memory space failed to allocate 666.3 MiB (label="keys_out").
[jwb0567:3865293] *** Process received signal ***
[jwb0567:3865293] Signal: Aborted (6)
[jwb0567:3865293] Signal code:  (-6)
[jwb0031:1623416] *** Process received signal ***
[jwb0031:1623416] Signal: Aborted (6)
[jwb0031:1623416] Signal code:  (-6)
  what():  Kokkos ERROR: Cuda memory space failed to allocate 641.4 MiB (label="keys_out").
[jwb0984:2430495] *** Process received signal ***
[jwb0984:2430495] Signal: Aborted (6)
[jwb0984:2430495] Signal code:  (-6)
/home/jusers/fischill1/juwels/ippl/build_fin/_deps/kokkos-build/core/src/libkokkoscore.so.5.0(_ZNK6Kokkos9CudaSpace13impl_allocateEPKcmm28Kokkos_Profiling_SpaceHandle+0x219)[0x1519f17d1319]
[jwb1156:2419060] [10] /p/home/jusers/fischill1/juwels/ippl/build_fin/_deps/kokkos-build/core/src/libkokkoscore.so.5.0(_ZNK6Kokkos9CudaSpace8allocateEPKcmm+0x65)[0x1519f17d1395]
[jwb1156:2419060] [11] /p/home/jusers/fischill1/juwels/ippl/build_fin/_deps/kokkos-build/core/src/libkokkoscore.so.5.0(_ZN6Kokkos4Impl44HostInaccessibleSharedAllocationRecordCommonINS_9CudaSpaceEEC2ERKS2_RKNSt7__cxx1112basic_stringIcSt11char_traitsIcESaIcEEEmPFvPNS0_22SharedAllocationRecordIvvEEE+0x30)[0x1519f17d3260]
[jwb1156:2419060] [12] /p/home/jusers/fischill1/juwels/ippl/build_fin/alpine/ElectrostaticPIF/LandauDampingPIF[0x4aa864]
[jwb1156:2419060] [13] /p/home/jusers/fischill1/juwels/ippl/build_fin/alpine/ElectrostaticPIF/LandauDampingPIF[0x4aae5e]
  what():  Kokkos ERROR: Cuda memory space failed to allocate 1.067 GiB (label="temp_storage").
[jwb1109:2838550] *** Process received signal ***
[jwb1109:2838550] Signal: Aborted (6)
[jwb1109:2838550] Signal code:  (-6)
[jwb0986:230221] *** Process received signal ***
[jwb0986:230221] Signal: Aborted (6)
[jwb0986:230221] Signal code:  (-6)
/home/jusers/fischill1/juwels/ippl/build_fin/_deps/kokkos-build/core/src/libkokkoscore.so.5.0(_ZNK6Kokkos9CudaSpace13impl_allocateEPKcmm28Kokkos_Profiling_SpaceHandle+0x219)[0x146bf4ff9319]
[jwb0981:1350522] [10] /p/home/jusers/fischill1/juwels/ippl/build_fin/_deps/kokkos-build/core/src/libkokkoscore.so.5.0(_ZNK6Kokkos9CudaSpace8allocateEPKcmm+0x65)[0x146bf4ff9395]
[jwb0981:1350522] [11] /p/home/jusers/fischill1/juwels/ippl/build_fin/_deps/kokkos-build/core/src/libkokkoscore.so.5.0(_ZN6Kokkos4Impl44HostInaccessibleSharedAllocationRecordCommonINS_9CudaSpaceEEC2ERKS2_RKNSt7__cxx1112basic_stringIcSt11char_traitsIcESaIcEEEmPFvPNS0_22SharedAllocationRecordIvvEEE+0x30)[0x146bf4ffb260]
[jwb0981:1350522] [12] /p/home/jusers/fischill1/juwels/ippl/build_fin/alpine/ElectrostaticPIF/LandauDampingPIF[0x4aa864]
[jwb0981:1350522] [13] /p/home/jusers/fischill1/juwels/ippl/build_fin/alpine/ElectrostaticPIF/LandauDampingPIF[0x4aaf61]
  what():  Kokkos ERROR: Cuda memory space failed to allocate 625.1 MiB (label="perm_out").
[jwb0035:822452] [ 0] /usr/lib64/libc.so.6(+0x3fc30)[0x15314ade1c30]
[jwb0035:822452] [ 1] /usr/lib64/libc.so.6(+0x8d02c)[0x15314ae2f02c]
[jwb0035:822452] [ 2] /usr/lib64/libc.so.6(raise+0x16)[0x15314ade1b86]
[jwb0035:822452] [ 3] /usr/lib64/libc.so.6(abort+0xd3)[0x15314adcb873]
[jwb0035:822452] [ 4] /p/software/default/stages/2026/software/GCCcore/14.3.0/lib64/libstdc++.so.6(+0xadc3d)[0x15314b086c3d]
[jwb0035:822452] [ 5] /p/software/default/stages/2026/software/GCCcore/14.3.0/lib64/libstdc++.so.6(+0xbf14a)[0x15314b09814a]
[jwb0035:822452] [ 6] /p/software/default/stages/2026/software/GCCcore/14.3.0/lib64/libstdc++.so.6(_ZSt10unexpectedv+0x0)[0x15314b0867e9]
[jwb0035:822452] [ 7] /p/software/default/stages/2026/software/GCCcore/14.3.0/lib64/libstdc++.so.6(+0xbf3c7)[0x15314b0983c7]
[jwb0035:822452] [ 8] /p/home/jusers/fischill1/juwels/ippl/build_fin/_deps/kokkos-build/core/src/libkokkoscore.so.5.0(_ZN6Kokkos4Impl15throw_bad_allocESt17basic_string_viewIcSt11char_traitsIcEEmS4_+0x115)[0x15314b526e05]
[jwb0576:1115229] [11] /p/home/jusers/fischill1/juwels/ippl/build_fin/_deps/kokkos-build/core/src/libkokkoscore.so.5.0(_ZN6Kokkos4Impl44HostInaccessibleSharedAllocationRecordCommonINS_9CudaSpaceEEC2ERKS2_RKNSt7__cxx1112basic_stringIcSt11char_traitsIcESaIcEEEmPFvPNS0_22SharedAllocationRecordIvvEEE+0x30)[0x153309bd3260]
[jwb0576:1115229] [12] /p/home/jusers/fischill1/juwels/ippl/build_fin/alpine/ElectrostaticPIF/LandauDampingPIF[0x4aa864]
[jwb0576:1115229] [13] /p/home/jusers/fischill1/juwels/ippl/build_fin/alpine/ElectrostaticPIF/LandauDampingPIF[0x4aae5e]
[jwb0038:1527883] [14] /p/home/jusers/fischill1/juwels/ippl/build_fin/alpine/ElectrostaticPIF/LandauDampingPIF[0x4cf90[jwb0556:1623967] [ 9] /p[jwb1175:3111662] [24] /p/home/jusers/fischib]
[jwb0575:2075217] [15] /p/home/jusers/fischill1/juwels/ippl/build_fin/alpine/ElectrostaticPIF/LandauDampingPIF[0x585bfd]
[jwb0575:2075217] [16] /p/home/jusers/fischill1/juwels/ippl/build_fin/alpine/ElectrostaticPIF/LandauDampingPIF[0x6090d8]
[jwb0795:3810588] *** Process received signal ***
[jwb0795:3810588] Signal: Aborted (6)
[jwb0795:3810588] Signal code:  (-6)
[jwb0573:798246] *** Process received signal ***
[jwb0573:798246] Signal: Aborted (6)
[jwb0573:798246] Signal code:  (-6)
[jwb1027:733954] [ 0] /usr/lib64/libc.so.6(+0x3fc30)[0x14f44882dc30]
[jwb1027:733954] [ 1] /usr/lib64/libc.so.6(+0x8d02c)[0x14f44887b02c]
[jwb1027:733954] [ 2] /usr/lib64/libc.so.6(raise+0x16)[0x14f44882db86]
[jwb1027:733954] [ 3] /usr/lib64/libc.so.6(abort+0xd3)[0x14f448817873]
[jwb1027:733954] [ 4] /p/software/default/stages/2026/software/GCCcore/14.3.0/lib64/libstdc++.so.6(+0xadc3d)[0x14f448ad2c3d]
[jwb1027:733954] [ 5] /p/software/default/stages/2026/software/GCCcore/14.3.0/lib64/libstdc++.so.6(+0xbf14a)[0x14f448ae414a]
[jwb1027:733954] [ 6] /p/software/default/stages/2026/software/GCCcore/14.3.0/lib64/libstdc++.so.6(_ZSt10unexpectedv+0x0)[0x14f448ad27e9]
[jwb1027:733954] [ 7] /p/software/default/stages/2026/software/GCCcore/14.3.0/lib64/libstdc++.so.6(+0xbf3c7)[0x14f448ae43c7]
[jwb1027:733954] [ 8] /p/home/jusers/fischill1/juwels/ippl/build_fin/_deps/kokkos-build/core/src/libkokkoscore.so.5.0(_ZN6Kokkos4Impl15throw_bad_allocESt17basic_string_viewIcSt11char_traitsIcEEmS4_+0x115)[0x14f448f72e05]
[jwb0971:3373803] [ 0] /usr/lib64/libc.so.6(+0x3fc30)[0x147f78a3ac30]
[jwb0971:3373803] [ 1] /usr/lib64/libc.so.6(+0x8d02c)[0x147f78a8802c]
[jwb0971:3373803] [ 2] /usr/lib64/libc.so.6(raise+0x16)[0x147f78a3ab86]
[jwb0971:3373803] [ 3] /usr/lib64/libc.so.6(abort+0xd3)[0x147f78a24873]
[jwb0971:3373803] [ 4] /p/software/default/stages/2026/software/GCCcore/14.3.0/lib64/libstdc++.so.6(+0xadc3d)[0x147f78cdfc3d]
[jwb0971:3373803] [ 5] /p/software/default/stages/2026/software/GCCcore/14.3.0/lib64/libstdc++.so.6(+0xbf14a)[0x147f78cf114a]
[jwb0971:3373803] [ 6] /p/software/default/stages/2026/software/GCCcore/14.3.0/lib64/libstdc++.so.6(_ZSt10unexpectedv+0x0)[0x147f78cdf7e9]
[jwb0971:3373803] [ 7] /p/software/default/stages/2026/software/GCCcore/14.3.0/lib64/libstdc++.so.6(+0xbf3c7)[0x147f78cf13c7]
[jwb0971:3373803] [ 8] /p/home/jusers/fischill1/juwels/ippl/build_fin/_deps/kokkos-build/core/src/libkokkoscore.so.5.0(_ZN6Kokkos4Impl15throw_bad_allocESt17basic_string_viewIcSt11char_traitsIcEEmS4_+0x115)[0x147f7917fe05]
  what():  Kokkos ERROR: Cuda memory space failed to allocate 641.3 MiB (label="keys_out").
[jwb0567:3865290] *** Process received signal ***
[jwb0567:3865290] Signal: Aborted (6)
[jwb0567:3865290] Signal code:  (-6)
[jwb0031:1623417] *** Process received signal ***
[jwb0031:1623417] Signal: Aborted (6)
[jwb0031:1623417] Signal code:  (-6)
  what():  Kokkos ERROR: Cuda memory space failed to allocate 625.3 MiB (label="perm_out").
[jwb0984:2430494] *** Process received signal ***
[jwb0984:2430494] Signal: Aborted (6)
[jwb0984:2430494] Signal code:  (-6)
rc/libkokkoscore.so.5.0(_ZNK6Kokkos9CudaSpace13impl_allocateEPKcmm28Kokkos_Profiling_SpaceHandle+0x219)[0x148ed1426319]
[jwb1156:2419057] [10] /p/home/jusers/fischill1/juwels/ippl/build_fin/_deps/kokkos-build/core/src/libkokkoscore.so.5.0(_ZNK6Kokkos9CudaSpace8allocateEPKcmm+0x65)[0x148ed1426395]
[jwb1156:2419057] [11] /p/home/jusers/fischill1/juwels/ippl/build_fin/_deps/kokkos-build/core/src/libkokkoscore.so.5.0(_ZN6Kokkos4Impl44HostInaccessibleSharedAllocationRecordCommonINS_9CudaSpaceEEC2ERKS2_RKNSt7__cxx1112basic_stringIcSt11char_traitsIcESaIcEEEmPFvPNS0_22SharedAllocationRecordIvvEEE+0x30)[0x148ed1428260]
[jwb1156:2419057] [12] /p/home/jusers/fischill1/juwels/ippl/build_fin/alpine/ElectrostaticPIF/LandauDampingPIF[0x4aa864]
[jwb1156:2419057] [13] /p/home/jusers/fischill1/juwels/ippl/build_fin/alpine/ElectrostaticPIF/LandauDampingPIF[0x4aaf61]
[jwb1156:2419057] [14] /p/home/jusers/fischill1/juwels/ippl/build_fin/alpine/ElectrostaticPIF/LandauDampingPIF[0x4cf907]
  what():  Kokkos ERROR: Cuda memory space failed to allocate 624.7 MiB (label="perm_out").
[jwb1109:2838547] [ 0] /usr/lib64/libc.so.6(+0x3fc30)[0x152226db6c30]
[jwb1109:2838547] [ 1] /usr/lib64/libc.so.6(+0x8d02c)[0x152226e0402c]
[jwb1109:2838547] [ 2] /usr/lib64/libc.so.6(raise+0x16)[0x152226db6b86]
[jwb1109:2838547] [ 3] /usr/lib64/libc.so.6(abort+0xd3)[0x152226da0873]
[jwb1109:2838547] [ 4] /p/software/default/stages/2026/software/GCCcore/14.3.0/lib64/libstdc++.so.6(+0xadc3d)[0x15222705bc3d]
[jwb1109:2838547] [ 5] /p/software/default/stages/2026/software/GCCcore/14.3.0/lib64/libstdc++.so.6(+0xbf14a)[0x15222706d14a]
[jwb1109:2838547] [ 6] /p/software/default/stages/2026/software/GCCcore/14.3.0/lib64/libstdc++.so.6(_ZSt10unexpectedv+0x0)[0x15222705b7e9]
[jwb1109:2838547] [ 7] /p/software/default/stages/2026/software/GCCcore/14.3.0/lib64/libstdc++.so.6(+0xbf3c7)[0x15222706d3c7]
[jwb1109:2838547] [ 8] /p/home/jusers/fischill1/juwels/ippl/build_fin/_deps/kokkos-build/core/src/libkokkoscore.so.5.0(_ZN6Kokkos4Impl15throw_bad_allocESt17basic_string_viewIcSt11char_traitsIcEEmS4_+0x115)[0x1522274fbe05]
[jwb0986:230222] [ 0] /usr/lib64/libc.so.6(+0x3fc30)[0x14c57da5bc30]
[jwb0986:230222] [ 1] /usr/lib64/libc.so.6(+0x8d02c)[0x14c57daa902c]
[jwb0986:230222] [ 2] /usr/lib64/libc.so.6(raise+0x16)[0x14c57da5bb86]
[jwb0986:230222] [ 3] /usr/lib64/libc.so.6(abort+0xd3)[0x14c57da45873]
[jwb0986:230222] [ 4] /p/software/default/stages/2026/software/GCCcore/14.3.0/lib64/libstdc++.so.6(+0xadc3d)[0x14c57dd00c3d]
[jwb0986:230222] [ 5] /p/software/default/stages/2026/software/GCCcore/14.3.0/lib64/libstdc++.so.6(+0xbf14a)[0x14c57dd1214a]
[jwb0986:230222] [ 6] /p/software/default/stages/2026/software/GCCcore/14.3.0/lib64/libstdc++.so.6(_ZSt10unexpectedv+0x0)[0x14c57dd007e9]
[jwb0986:230222] [ 7] /p/software/default/stages/2026/software/GCCcore/14.3.0/lib64/libstdc++.so.6(+0xbf3c7)[0x14c57dd123c7]
[jwb0986:230222] [ 8] /p/home/jusers/fischill1/juwels/ippl/build_fin/_deps/kokkos-build/core/src/libkokkoscore.so.5.0(_ZN6Kokkos4Impl15throw_bad_allocESt17basic_string_viewIcSt11char_traitsIcEEmS4_+0x115)[0x14c57e1a0e05]
[jwb0981:1350522] [14] /p/home/jusers/fischill1/juwels/ippl/build_fin/alpine/ElectrostaticPIF/LandauDampingPIF[0x4cf90  what():  Kokkos ERROR: Cuda memory space failed to allocate 601.8 MiB (label="perm_out").
[jwb0035:822452] [ 9] /p/home/juse[jwb0576:1115229] [14] /p/home/jusers/fischill1/juwels/ippl/build_fin/alpine/ElectrostaticPIF/LandauDampingPIF[0x4cf907]
[jwb0576:1115229] [15] /p/home/jusers/fischill1/juwels/ippl/build_fin/alpine/ElectrostaticPIF/LandauDampingPIF[0x4e81cb]
[jwb0576:1115229] [16] /p/home/jusers/fischill1/juwels/ippl/build_fin/alpine/ElectrostaticPIF/LandauDampingPIF[0x585bfd]
[jwb0576:1115229] [17] /p/home/jusers/fischill1/juwels/ippl/build_fin/alpine/ElectrostaticPIF/LandauDampingPIF[0x6090d8]
7]
[jwb0038:1527883] [15] /p/home/jusers/fischill1/juwels/ippl/build_fin/alpine/ElectrostaticPIF/LandauDampingPIF[0x4e81cb]
[jwb0038:1527883] [16] /p/home/jusers/fischill1/juwels/ippl/build_fin/alpine/ElectrostaticPIF/LandauDampingPIF[0x585bfd]
src/libkokkoscore.so.5.0(_ZNK6Kokkos9CudaSpace8allocateEPKcmm+0x65)[0x1547b5426395]
[jwb0556:1623969] [11] /p/home/jusers/fischill1/juwels/ippl/build_fin/_deps/kokkos-build/core/src/libkokkoscore.so.5.0(_ZN6Kokkos4Impl44HostInaccessibleSharedAllocationRecordCommonINS_9CudaSpaceEEC2ERKS2_RKNSt7__cxx1112basic_stringIcSt11char_traitsIcESaIcEEEmPFvPNS0_22SharedAllocationRecordIvvEEE+0x30)[0x1547b5428260]
[jwb0556:1623969] [12] /p/home/jusers/fischill1/juwels/ippl/build_fin/alpine/ElectrostaticPIF/LandauDampingPIF[0x4aa864]
[jwb0556:1623969] [13] /p/home/jusers/fischill1/juwels/ippl/build_fin/alpine/ElectrostaticPIF/LandauDampingPIF[0x4aaf61]
[jwb0556:1623969] [14] /p/home/jusers/fischill1/juwels/ippl/build_fin/alpine/ElectrostaticPIF/LandauDampingPIF[0x4cf907]
7]
[jwb1175:3111660] [15] /p/home/jusers/fischill1/juwels/ippl/build_fin/alpine/ElectrostaticPIF/LandauDampingPIF[0x4e81cb]
[jwb1175:3111660] [16] /p/home/jusers/fischill1/juwels/ippl/build_fin/alpine/ElectrostaticPIF/LandauDampingPIF[0x585bfd]
[jwb1175:3111660] [17] /p/home/jusers/fischill1/juwels/ippl/build_fin/alpine/ElectrostaticPIF/LandauDampingPIF[0x6090d8]
[jwb1175:3111660] [18] /p/home/jusers/fischill1/juwels/ippl/build_fin/alpine/ElectrostaticPIF/LandauDampingPIF[0x6095b5]
[jwb1175:3111660] [19] /p/home/jusers/fischill1/juwels/ippl/build_fin/alpine/ElectrostaticPIF/LandauDampingPIF[0x60c8d1]
[jwb1175:3111660] [20] /p/home/jusers/fischill1/juwels/ippl/build_fin/alpine/ElectrostaticPIF/LandauDampingPIF[0x60d25b]
[jwb1175:3111660] [21] /p/home/jusers/fischill1/juwels/ippl/build_fin/alpine/ElectrostaticPIF/LandauDampingPIF[0x423759]
[jwb1175:3111660] [22] /usr/lib64/libc.so.6(+0x2a610)[0x146b2acb3610]
[jwb1175:3111660] [23] /usr/lib64/libc.so.6(__libc_start_main+0x80)[0x146b2acb36c0]
[jwb0575:2075217] [17] /p/home/jusers/fischill1/juwels/ippl/build_fin/alpine/ElectrostaticPIF/LandauDampingPIF[0x6095b5]
[jwb0575:2075217] [18] /p/home/jusers/fischill1/juwels/ippl/build_fin/alpine/ElectrostaticPIF/LandauDampingPIF[0x60c8d1]
[jwb0575:2075217] [19] /p/home/jusers/fischill1/juwels/ippl/build_fin/alpine/ElectrostaticPIF/LandauDampingPIF[0x60d25b]
[jwb0795:3810589] [ 0] /usr/lib64/libc.so.6(+0x3fc30)[0x1465677b5c30]
[jwb0795:3810589] [ 1] /usr/lib64/libc.so.6(+0x8d02c)[0x14656780302c]
[jwb0795:3810589] [ 2] /usr/lib64/libc.so.6(raise+0x16)[0x1465677b5b86]
[jwb0795:3810589] [ 3] /usr/lib64/libc.so.6(abort+0xd3)[0x14656779f873]
[jwb0795:3810589] [ 4] /p/software/default/stages/2026/software/GCCcore/14.3.0/lib64/libstdc++.so.6(+0xadc3d)[0x146567a5ac3d]
[jwb0795:3810589] [ 5] /p/software/default/stages/2026/software/GCCcore/14.3.0/lib64/libstdc++.so.6(+0xbf14a)[0x146567a6c14a]
[jwb0795:3810589] [ 6] /p/software/default/stages/2026/software/GCCcore/14.3.0/lib64/libstdc++.so.6(_ZSt10unexpectedv+0x0)[0x146567a5a7e9]
[jwb0795:3810589] [ 7] /p/software/default/stages/2026/software/GCCcore/14.3.0/lib64/libstdc++.so.6(+0xbf3c7)[0x146567a6c3c7]
[jwb0795:3810589] [ 8] /p/home/jusers/fischill1/juwels/ippl/build_fin/_deps/kokkos-build/core/src/libkokkoscore.so.5.0(_ZN6Kokkos4Impl15throw_bad_allocESt17basic_string_viewIcSt11char_traitsIcEEmS4_+0x115)[0x146567efae05]
[jwb0573:798244] *** Process received signal ***
[jwb0573:798244] Signal: Aborted (6)
[jwb0573:798244] Signal code:  (-6)
[jwb1027:733954] [ 9] /p/home/juse[jwb0971:3373803] [ 9] /p[jwb1034:3675052] *** Process received signal ***
[jwb1034:3675052] Signal: Aborted (6)
[jwb1034:3675052] Signal code:  (-6)
[jwb0567:3865292] *** Process received signal ***
[jwb0567:3865292] Signal: Aborted (6)
[jwb0567:3865292] Signal code:  (-6)
[jwb0031:1623414] *** Process received signal ***
[jwb0031:1623414] Signal: Aborted (6)
[jwb0031:1623414] Signal code:  (-6)
  what():  Kokkos ERROR: Cuda memory space failed to allocate 683.6 MiB (label="keys_out").
[jwb0984:2430497] *** Process received signal ***
[jwb0984:2430497] Signal: Aborted (6)
[jwb0984:2430497] Signal code:  (-6)
[jwb1156:2419057] [15] /p/home/jusers/fischill1/juwels/ippl/build_f  what():  Kokkos ERROR: Cuda memory space failed to allocate 602.4 MiB (label="perm_out").
[jwb1109:2838547] [ 9] /p/home/jusers/fischill1/juwels/ippl/build_fin/_deps/kokkos-build/core/src/libkokkoscore.so.5.0(_ZNK6Kokkos9CudaSpace13impl_allocateEPKcmm28Kokkos_Profiling_SpaceHandle+0x219)[0x15222750e319]
[jwb1109:2838547] [10] /p/home/jusers/fischill1/juwels/ippl/build_fin/_deps/kokkos-build/core/src/libkokkoscore.so.5.0(_ZNK6Kokkos9CudaSpace8allocateEPKcmm+0x65)[0x15222750e395]
[jwb1109:2838547] [11] /p/home/jusers/fischill1/juwels/ippl/build_fin/_deps/kokkos-build/core/src/libkokkoscore.so.5.0(_ZN6Kokkos4Impl44HostInaccessibleSharedAllocationRecordCommonINS_9CudaSpaceEEC2ERKS2_RKNSt7__cxx1112basic_stringIcSt11char_traitsIcESaIcEEEmPFvPNS0_22SharedAllocationRecordIvvEEE+0x30)[0x152227510260]
[jwb1109:2838547] [12] /p/home/jusers/fischill1/juwels/ippl/build_fin/alpine/ElectrostaticPIF/LandauDampingPIF[0x4aa864]
[jwb0986:230222] [ 9] /p/home/juse/home/jusers/fischill1/juwels/ippl/build_fin/_deps/kokkos-build/core/src/libkokkoscore.so.5.0(_ZNK6Kokkos9CudaSpace13impl_allocateEPKcmm28Kokkos_Profiling_SpaceHandle+0x219)[0x14d594821319]
[jwb0981:1350524] [10] /p/home/jusers/fischill1/juwels/ippl/build_fin/_deps/kokkos-build/core/src/libkokkoscore.so.5.0(_ZNK6Kokkos9CudaSpace8allocateEPKcmm+0x65)[0x14d594821395]
[jwb0981:1350524] [11] /p/home/jusers/fischill1/juwels/ippl/build_fin/_deps/kokkos-build/core/src/libkokkoscore.so.5.0(_ZN6Kokkos4Impl44HostInaccessibleSharedAllocationRecordCommonINS_9CudaSpaceEEC2ERKS2_RKNSt7__cxx1112basic_stringIcSt11char_traitsIcESaIcEEEmPFvPNS0_22SharedAllocationRecordIvvEEE+0x30)[0x14d594823260]
[jwb0981:1350524] [12] /p/home/jusers/fischill1/juwels/ippl/build_fin/alpine/ElectrostaticPIF/LandauDampingPIF[0x4aa864]
[jwb0981:1350524] [13] /p/home/jusers/fischill1/juwels/ippl/build_fin/alpine/ElectrostaticPIF/LandauDampingPIF[0x4aae5e]
[jwb1048:2946384] *** Process received signal ***
[jwb1048:2946384] Signal: Aborted (6)
[jwb1048:2946384] Signal code:  (-6)
[jwb0035:822451] [ 0] /usr/lib64/libc.so.6(+0x3fc30)[0x14d987b1cc30]
[jwb0035:822451] [ 1] /usr/lib64/libc.so.6(+0x8d02c)[0x14d987b6a02c]
[jwb0035:822451] [ 2] /usr/lib64/libc.so.6(raise+0x16)[0x14d987b1cb86]
[jwb0035:822451] [ 3] /usr/lib64/libc.so.6(abort+0xd3)[0x14d987b06873]
[jwb0035:822451] [ 4] /p/software/default/stages/2026/software/GCCcore/14.3.0/lib64/libstdc++.so.6(+0xadc3d)[0x14d987dc1c3d]
[jwb0035:822451] [ 5] /p/software/default/stages/2026/software/GCCcore/14.3.0/lib64/libstdc++.so.6(+0xbf14a)[0x14d987dd314a]
[jwb0035:822451] [ 6] /p/software/default/stages/2026/software/GCCcore/14.3.0/lib64/libstdc++.so.6(_ZSt10unexpectedv+0x0)[0x14d987dc17e9]
[jwb0035:822451] [ 7] /p/software/default/stages/2026/software/GCCcore/14.3.0/lib64/libstdc++.so.6(+0xbf3c7)[0x14d987dd33c7]
[jwb0035:822451] [ 8] /p/home/jusers/fischill1/juwels/ippl/build_fin/_deps/kokkos-build/core/src/libkokkoscore.so.5.0(_ZN6Kokkos4Impl15throw_bad_allocESt17basic_string_viewIcSt11char_traitsIcEEmS4_+0x115)[0x14d988261e05]
[jwb0576:1115230] [ 0] /usr/lib64/libc.so.6(+0x3fc30)[0x147ee80e3c30]
[jwb0576:1115230] [ 1] /usr/lib64/libc.so.6(+0x8d02c)[0x147ee813102c]
[jwb0576:1115230] [ 2] /usr/lib64/libc.so.6(raise+0x16)[0x147ee80e3b86]
[jwb0576:1115230] [ 3] /usr/lib64/libc.so.6(abort+0xd3)[0x147ee80cd873]
[jwb0576:1115230] [ 4] /p/software/default/stages/2026/software/GCCcore/14.3.0/lib64/libstdc++.so.6(+0xadc3d)[0x147ee8388c3d]
[jwb0576:1115230] [ 5] /p/software/default/stages/2026/software/GCCcore/14.3.0/lib64/libstdc++.so.6(+0xbf14a)[0x147ee839a14a]
[jwb0576:1115230] [ 6] /p/software/default/stages/2026/software/GCCcore/14.3.0/lib64/libstdc++.so.6(_ZSt10unexpectedv+0x0)[0x147ee83887e9]
[jwb0576:1115230] [ 7] /p/software/default/stages/2026/software/GCCcore/14.3.0/lib64/libstdc++.so.6(+0xbf3c7)[0x147ee839a3c7]
[jwb0576:1115230] [ 8] /p/home/jusers/fischill1/juwels/ippl/build_fin/_deps/kokkos-build/core/src/libkokkoscore.so.5.0(_ZN6Kokkos4Impl15throw_bad_allocESt17basic_string_viewIcSt11char_traitsIcEEmS4_+0x115)[0x147ee8828e05]
[jwb0038:1527884] [ 0] /usr/lib64/libc.so.6(+0x3fc30)[0x1553c8b6dc30]
[jwb0038:1527884] [ 1] /usr/lib64/libc.so.6(+0x8d02c)[0x1553c8bbb02c]
[jwb0038:1527884] [ 2] /usr/lib64/libc.so.6(raise+0x16)[0x1553c8b6db86]
[jwb0038:1527884] [ 3] /usr/lib64/libc.so.6(abort+0xd3)[0x1553c8b57873]
[jwb0038:1527884] [ 4] /p/software/default/stages/2026/software/GCCcore/14.3.0/lib64/libstdc++.so.6(+0xadc3d)[0x1553c8e12c3d]
[jwb0038:1527884] [ 5] /p/software/default/stages/2026/software/GCCcore/14.3.0/lib64/libstdc++.so.6(+0xbf14a)[0x1553c8e2414a]
[jwb0038:1527884] [ 6] /p/software/default/stages/2026/software/GCCcore/14.3.0/lib64/libstdc++.so.6(_ZSt10unexpectedv+0x0)[0x1553c8e127e9]
[jwb0038:1527884] [ 7] /p/software/default/stages/2026/software/GCCcore/14.3.0/lib64/libstdc++.so.6(+0xbf3c7)[0x1553c8e243c7]
[jwb0038:1527884] [ 8] /p/home/jusers/fischill1/juwels/ippl/build_fin/_deps/kokkos-build/core/src/libkokkoscore.so.5.0(_ZN6Kokkos4Impl15throw_bad_allocESt17basic_string_viewIcSt11char_traitsIcEEmS4_+0x115)[0x1553c92b2e05]
/home/jusers/fischill1/juwels/ippl/build_fin/_deps/kokkos-build/core/src/libkokkoscore.so.5.0(_ZNK6Kokkos9CudaSpace13impl_allocateEPKcmm28Kokkos_Profiling_SpaceHandle+0x219)[0x1459c1c12319]
[jwb0556:1623966] [10] /p/home/jusers/fischill1/juwels/ippl/build_fin/_deps/kokkos-build/core/src/libkokkoscore.so.5.0(_ZNK6Kokkos9CudaSpace8allocateEPKcmm+0x65)[0x1459c1c12395]
[jwb0556:1623966] [11] /p/home/jusers/fischill1/juwels/ippl/build_fin/_deps/kokkos-build/core/src/libkokkoscore.so.5.0(_ZN6Kokkos4Impl44HostInaccessibleSharedAllocationRecordCommonINS_9CudaSpaceEEC2ERKS2_RKNSt7__cxx1112basic_stringIcSt11char_traitsIcESaIcEEEmPFvPNS0_22SharedAllocationRecordIvvEEE+0x30)[0x1459c1c14260]
[jwb0556:1623966] [12] /p/home/jusers/fischill1/juwels/ippl/build_fin/alpine/ElectrostaticPIF/LandauDampingPIF[0x4aa864]
[jwb0556:1623966] [13] /p/home/jusers/fischill1/juwels/ippl/build_fin/alpine/ElectrostaticPIF/LandauDampingPIF[0x4aae5e]
[jwb1175:3111660] [24] /p/home/jusers/fischi[jwb0575:2075216] [14] /p/home/jusers/fischill1/juwels/ippl/build_fin/alpine/ElectrostaticPIF/LandauDampingPIF[0x4e81cb]
[jwb0575:2075216] [15] /p/home/jusers/fischill1/juwels/ippl/build_fin/alpine/ElectrostaticPIF/LandauDampingPIF[0x585bfd]
[jwb0575:2075216] [16] /p/home/jusers/fischill1/juwels/ippl/build_fin/alpine/ElectrostaticPIF/LandauDampingPIF[0x6090d8]
[jwb0575:2075216] [17] /p/home/jusers/fischill1/juwels/ippl/build_fin/alpine/ElectrostaticPIF/LandauDampingPIF[0x6095b5]
[jwb0575:2075216] [18] /p/home/jusers/fischill1/juwels/ippl/build_fin/alpine/ElectrostaticPIF/LandauDampingPIF[0x60c8d1]
[jwb0575:2075216] [19] /p/home/jusers/fischill1/juwels/ippl/build_fin/alpine/ElectrostaticPIF/LandauDampingPIF[0x60d25b]
[jwb0575:2075216] [20] /p/home/jusers/fischill1/juwels/ippl/build_fin/alpine/ElectrostaticPIF/LandauDampingPIF[0x423759]
[jwb0575:2075216] [21] /usr/lib64/libc.so.6(+0x2a610)[0x14f8ec2ff610]
[jwb0575:2075216] [22] /usr/lib64/libc.so.6(__libc_start_main+0x80)[0x14f8ec2ff6c0]
[jwb0795:3810589] [ 9] /p[jwb0573:798245] *** Process received signal ***
[jwb0573:798245] Signal: Aborted (6)
[jwb0573:798245] Signal code:  (-6)
[jwb1027:733955] [ 0] /usr/lib64/libc.so.6(+0x3fc30)[0x14c71e053c30]
[jwb1027:733955] [ 1] /usr/lib64/libc.so.6(+0x8d02c)[0x14c71e0a102c]
[jwb1027:733955] [ 2] /usr/lib64/libc.so.6(raise+0x16)[0x14c71e053b86]
[jwb1027:733955] [ 3] /usr/lib64/libc.so.6(abort+0xd3)[0x14c71e03d873]
[jwb1027:733955] [ 4] /p/software/default/stages/2026/software/GCCcore/14.3.0/lib64/libstdc++.so.6(+0xadc3d)[0x14c71e2f8c3d]
[jwb1027:733955] [ 5] /p/software/default/stages/2026/software/GCCcore/14.3.0/lib64/libstdc++.so.6(+0xbf14a)[0x14c71e30a14a]
[jwb1027:733955] [ 6] /p/software/default/stages/2026/software/GCCcore/14.3.0/lib64/libstdc++.so.6(_ZSt10unexpectedv+0x0)[0x14c71e2f87e9]
[jwb1027:733955] [ 7] /p/software/default/stages/2026/software/GCCcore/14.3.0/lib64/libstdc++.so.6(+0xbf3c7)[0x14c71e30a3c7]
[jwb1027:733955] [ 8] /p/home/jusers/fischill1/juwels/ippl/build_fin/_deps/kokkos-build/core/src/libkokkoscore.so.5.0(_ZN6Kokkos4Impl15throw_bad_allocESt17basic_string_viewIcSt11char_traitsIcEEmS4_+0x115)[0x14c71e798e05]
[jwb0971:3373805] [ 0] /usr/lib64/libc.so.6(+0x3fc30)[0x147729e8fc30]
[jwb0971:3373805] [ 1] /usr/lib64/libc.so.6(+0x8d02c)[0x147729edd02c]
[jwb0971:3373805] [ 2] /usr/lib64/libc.so.6(raise+0x16)[0x147729e8fb86]
[jwb0971:3373805] [ 3] /usr/lib64/libc.so.6(abort+0xd3)[0x147729e79873]
[jwb0971:3373805] [ 4] /p/software/default/stages/2026/software/GCCcore/14.3.0/lib64/libstdc++.so.6(+0xadc3d)[0x14772a134c3d]
[jwb0971:3373805] [ 5] /p/software/default/stages/2026/software/GCCcore/14.3.0/lib64/libstdc++.so.6(+0xbf14a)[0x14772a14614a]
[jwb0971:3373805] [ 6] /p/software/default/stages/2026/software/GCCcore/14.3.0/lib64/libstdc++.so.6(_ZSt10unexpectedv+0x0)[0x14772a1347e9]
[jwb0971:3373805] [ 7] /p/software/default/stages/2026/software/GCCcore/14.3.0/lib64/libstdc++.so.6(+0xbf3c7)[0x14772a1463c7]
[jwb0971:3373805] [ 8] /p/home/jusers/fischill1/juwels/ippl/build_fin/_deps/kokkos-build/core/src/libkokkoscore.so.5.0(_ZN6Kokkos4Impl15throw_bad_allocESt17basic_string_viewIcSt11char_traitsIcEEmS4_+0x115)[0x14772a5d4e05]
[jwb1034:3675055] *** Process received signal ***
[jwb1034:3675055] Signal: Aborted (6)
[jwb1034:3675055] Signal code:  (-6)
[jwb0567:3865291] *** Process received signal ***
[jwb0567:3865291] Signal: Aborted (6)
[jwb0567:3865291] Signal code:  (-6)
[jwb0031:1623416] [ 0] /usr/lib64/libc.so.6(+0x3fc30)[0x154010a9bc30]
[jwb0031:1623416] [ 1] /usr/lib64/libc.so.6(+0x8d02c)[0x154010ae902c]
[jwb0031:1623416] [ 2] /usr/lib64/libc.so.6(raise+0x16)[0x154010a9bb86]
[jwb0031:1623416] [ 3] /usr/lib64/libc.so.6(abort+0xd3)[0x154010a85873]
[jwb0031:1623416] [ 4] /p/software/default/stages/2026/software/GCCcore/14.3.0/lib64/libstdc++.so.6(+0xadc3d)[0x154010d40c3d]
[jwb0031:1623416] [ 5] /p/software/default/stages/2026/software/GCCcore/14.3.0/lib64/libstdc++.so.6(+0xbf14a)[0x154010d5214a]
[jwb0031:1623416] [ 6] /p/software/default/stages/2026/software/GCCcore/14.3.0/lib64/libstdc++.so.6(_ZSt10unexpectedv+0x0)[0x154010d407e9]
[jwb0031:1623416] [ 7] /p/software/default/stages/2026/software/GCCcore/14.3.0/lib64/libstdc++.so.6(+0xbf3c7)[0x154010d523c7]
[jwb0031:1623416] [ 8] /p/home/jusers/fischill1/juwels/ippl/build_fin/_deps/kokkos-build/core/src/libkokkoscore.so.5.0(_ZN6Kokkos4Impl15throw_bad_allocESt17basic_string_viewIcSt11char_traitsIcEEmS4_+0x115)[0x1540111e0e05]
  what():  Kokkos ERROR: Cuda memory space failed to allocate 666.3 MiB (label="keys_out").
[jwb0984:2430494] [ 0] /usr/lib64/libc.so.6(+0x3fc30)[0x14b40226ac30]
[jwb0984:2430494] [ 1] /usr/lib64/libc.so.6(+0x8d02c)[0x14b4022b802c]
[jwb0984:2430494] [ 2] /usr/lib64/libc.so.6(raise+0x16)[0x14b40226ab86]
[jwb0984:2430494] [ 3] /usr/lib64/libc.so.6(abort+0xd3)[0x14b402254873]
[jwb0984:2430494] [ 4] /p/software/default/stages/2026/software/GCCcore/14.3.0/lib64/libstdc++.so.6(+0xadc3d)[0x14b40250fc3d]
[jwb0984:2430494] [ 5] /p/software/default/stages/2026/software/GCCcore/14.3.0/lib64/libstdc++.so.6(+0xbf14a)[0x14b40252114a]
[jwb0984:2430494] [ 6] /p/software/default/stages/2026/software/GCCcore/14.3.0/lib64/libstdc++.so.6(_ZSt10unexpectedv+0x0)[0x14b40250f7e9]
[jwb0984:2430494] [ 7] /p/software/default/stages/2026/software/GCCcore/14.3.0/lib64/libstdc++.so.6(+0xbf3c7)[0x14b4025213c7]
[jwb0984:2430494] [ 8] /p/home/jusers/fischill1/juwels/ippl/build_fin/_deps/kokkos-build/core/src/libkokkoscore.so.5.0(_ZN6Kokkos4Impl15throw_bad_allocESt17basic_string_viewIcSt11char_traitsIcEEmS4_+0x115)[0x14b4029afe05]
[jwb1156:2419058] [ 0] /usr/lib64/libc.so.6(+0x3fc30)[0x14ed33236c30]
[jwb1156:2419058] [ 1] /usr/lib64/libc.so.6(+0x8d02c)[0x14ed3328402c]
[jwb1156:2419058] [ 2] /usr/lib64/libc.so.6(raise+0x16)[0x14ed33236b86]
[jwb1156:2419058] [ 3] /usr/lib64/libc.so.6(abort+0xd3)[0x14ed33220873]
[jwb1156:2419058] [ 4] /p/software/default/stages/2026/software/GCCcore/14.3.0/lib64/libstdc++.so.6(+0xadc3d)[0x14ed334dbc3d]
[jwb1156:2419058] [ 5] /p/software/default/stages/2026/software/GCCcore/14.3.0/lib64/libstdc++.so.6(+0xbf14a)[0x14ed334ed14a]
[jwb1156:2419058] [ 6] /p/software/default/stages/2026/software/GCCcore/14.3.0/lib64/libstdc++.so.6(_ZSt10unexpectedv+0x0)[0x14ed334db7e9]
[jwb1156:2419058] [ 7] /p/software/default/stages/2026/software/GCCcore/14.3.0/lib64/libstdc++.so.6(+0xbf3c7)[0x14ed334ed3c7]
[jwb1156:2419058] [ 8] /p/home/jusers/fischill1/juwels/ippl/build_fin/_deps/kokkos-build/core/src/libkokkoscore.so.5.0(_ZN6Kokkos4Impl15throw_bad_allocESt17basic_string_viewIcSt11char_traitsIcEEmS4_+0x115)[0x14ed3397be05]
  what():  Kokkos ERROR: Cuda memory space failed to allocate 642.1 MiB (label="keys_out").
[jwb1109:2838548] [ 0] /usr/lib64/libc.so.6(+0x3fc30)[0x1544c9cb4c30]
[jwb1109:2838548] [ 1] /usr/lib64/libc.so.6(+0x8d02c)[0x1544c9d0202c]
[jwb1109:2838548] [ 2] /usr/lib64/libc.so.6(raise+0x16)[0x1544c9cb4b86]
[jwb1109:2838548] [ 3] /usr/lib64/libc.so.6(abort+0xd3)[0x1544c9c9e873]
[jwb1109:2838548] [ 4] /p/software/default/stages/2026/software/GCCcore/14.3.0/lib64/libstdc++.so.6(+0xadc3d)[0x1544c9f59c3d]
[jwb1109:2838548] [ 5] /p/software/default/stages/2026/software/GCCcore/14.3.0/lib64/libstdc++.so.6(+0xbf14a)[0x1544c9f6b14a]
[jwb1109:2838548] [ 6] /p/software/default/stages/2026/software/GCCcore/14.3.0/lib64/libstdc++.so.6(_ZSt10unexpectedv+0x0)[0x1544c9f597e9]
[jwb1109:2838548] [ 7] /p/software/default/stages/2026/software/GCCcore/14.3.0/lib64/libstdc++.so.6(+0xbf3c7)[0x1544c9f6b3c7]
[jwb1109:2838548] [ 8] /p/home/jusers/fischill1/juwels/ippl/build_fin/_deps/kokkos-build/core/src/libkokkoscore.so.5.0(_ZN6Kokkos4Impl15throw_bad_allocESt17basic_string_viewIcSt11char_traitsIcEEmS4_+0x115)[0x1544ca3f9e05]
[jwb0986:230223] [ 0] /usr/lib64/libc.so.6(+0x3fc30)[0x14ec67dcbc30]
[jwb0986:230223] [ 1] /usr/lib64/libc.so.6(+0x8d02c)[0x14ec67e1902c]
[jwb0986:230223] [ 2] /usr/lib64/libc.so.6(raise+0x16)[0x14ec67dcbb86]
[jwb0986:230223] [ 3] /usr/lib64/libc.so.6(abort+0xd3)[0x14ec67db5873]
[jwb0986:230223] [ 4] /p/software/default/stages/2026/software/GCCcore/14.3.0/lib64/libstdc++.so.6(+0xadc3d)[0x14ec68070c3d]
[jwb0986:230223] [ 5] /p/software/default/stages/2026/software/GCCcore/14.3.0/lib64/libstdc++.so.6(+0xbf14a)[0x14ec6808214a]
[jwb0986:230223] [ 6] /p/software/default/stages/2026/software/GCCcore/14.3.0/lib64/libstdc++.so.6(_ZSt10unexpectedv+0x0)[0x14ec680707e9]
[jwb0986:230223] [ 7] /p/software/default/stages/2026/software/GCCcore/14.3.0/lib64/libstdc++.so.6(+0xbf3c7)[0x14ec680823c7]
[jwb0986:230223] [ 8] /p/home/jusers/fischill1/juwels/ippl/build_fin/_deps/kokkos-build/core/src/libkokkoscore.so.5.0(_ZN6Kokkos4Impl15throw_bad_allocESt17basic_string_viewIcSt11char_traitsIcEEmS4_+0x115)[0x14ec68510e05]
[jwb0981:1350524] [14] /p/home/jusers/fischill1/juwels/ippl/build_fin/alpine/ElectrostaticPIF/LandauDampingPIF[0x4cf90[jwb1048:2946382] *** Process received signal ***
[jwb1048:2946382] Signal: Aborted (6)
[jwb1048:2946382] Signal code:  (-6)
[jwb0035:822451] [ 9] /p/home/juse[jwb0576:1115230] [ 9] /p[jwb0038:1527884] [ 9] /p[jwb0556:1623966] [14] /p/home/jusers/fischill1/juwels/ippl/build_fin/alpine/ElectrostaticPIF/LandauDampingPIF[0x4cf90RecordCommonINS_9CudaSpaceEEC2ERKS2_RKNSt7__cxx1112basic_stringIcSt11char_traitsIcESaIcEEEmPFvPNS0_22SharedAllocationRecordIvvEEE+0x30)[0x1507dfa5e260]
[jwb1175:3111663] [12] /p/home/jusers/fischill1/juwels/ippl/build_fin/alpine/ElectrostaticPIF/LandauDampingPIF[0x4aa864]
[jwb1175:3111663] [13] /p/home/jusers/fischill1/juwels/ippl/build_fin/alpine/ElectrostaticPIF/LandauDampingPIF[0x4aae5e]
[jwb1175:3111663] [14] /p/home/jusers/fischill1/juwels/ippl/build_fin/alpine/ElectrostaticPIF/LandauDampingPIF[0x4cf907]
[jwb1175:3111663] [15] /p/home/jusers/fischill1/juwels/ippl/build_fin/alpine/ElectrostaticPIF/LandauDampingPIF[0x4e81cb]
[jwb1175:3111663] [16] /p/home/jusers/fischill1/juwels/ippl/build_fin/alpine/ElectrostaticPIF/LandauDampingPIF[0x585bfd]
[jwb1175:3111663] [17] /p/home/jusers/fischill1/juwels/ippl/build_fin/alpine/ElectrostaticPIF/LandauDampingPIF[0x6090d8]
terminate called after throwing an instance of 'std::runtime_error'
[jwb0575:2075216] [23] /p/home/jusers/fischill1/home/jusers/fischill1/juwels/ippl/build_fin/_deps/kokkos-build/core/src/libkokkoscore.so.5.0(_ZNK6Kokkos9CudaSpace13impl_allocateEPKcmm28Kokkos_Profiling_SpaceHandle+0x219)[0x146567f0d319]
[jwb0795:3810589] [10] /p/home/jusers/fischill1/juwels/ippl/build_fin/_deps/kokkos-build/core/src/libkokkoscore.so.5.0(_ZNK6Kokkos9CudaSpace8allocateEPKcmm+0x65)[0x146567f0d395]
[jwb0573:798246] [ 0] /usr/lib64/libc.so.6(+0x3fc30)[0x14948d305c30]
[jwb0573:798246] [ 1] /usr/lib64/libc.so.6(+0x8d02c)[0x14948d35302c]
[jwb0573:798246] [ 2] /usr/lib64/libc.so.6(raise+0x16)[0x14948d305b86]
[jwb0573:798246] [ 3] /usr/lib64/libc.so.6(abort+0xd3)[0x14948d2ef873]
[jwb0573:798246] [ 4] /p/software/default/stages/2026/software/GCCcore/14.3.0/lib64/libstdc++.so.6(+0xadc3d)[0x14948d5aac3d]
[jwb0573:798246] [ 5] /p/software/default/stages/2026/software/GCCcore/14.3.0/lib64/libstdc++.so.6(+0xbf14a)[0x14948d5bc14a]
[jwb0573:798246] [ 6] /p/software/default/stages/2026/software/GCCcore/14.3.0/lib64/libstdc++.so.6(_ZSt10unexpectedv+0x0)[0x14948d5aa7e9]
[jwb0573:798246] [ 7] /p/software/default/stages/2026/software/GCCcore/14.3.0/lib64/libstdc++.so.6(+0xbf3c7)[0x14948d5bc3c7]
[jwb0573:798246] [ 8] /p/home/jusers/fischill1/juwels/ippl/build_fin/_deps/kokkos-build/core/src/libkokkoscore.so.5.0(_ZN6Kokkos4Impl15throw_bad_allocESt17basic_string_viewIcSt11char_traitsIcEEmS4_+0x115)[0x14948da4ae05]
[jwb1027:733955] [ 9] /p/home/juse[jwb0971:3373805] [ 9] /p[jwb1034:3675054] *** Process received signal ***
[jwb1034:3675054] Signal: Aborted (6)
[jwb1034:3675054] Signal code:  (-6)
[jwb0567:3865291] [ 0] /usr/lib64/libc.so.6(+0x3fc30)[0x14c5c213ac30]
[jwb0567:3865291] [ 1] /usr/lib64/libc.so.6(+0x8d02c)[0x14c5c218802c]
[jwb0567:3865291] [ 2] /usr/lib64/libc.so.6(raise+0x16)[0x14c5c213ab86]
[jwb0567:3865291] [ 3] /usr/lib64/libc.so.6(abort+0xd3)[0x14c5c2124873]
[jwb0567:3865291] [ 4] /p/software/default/stages/2026/software/GCCcore/14.3.0/lib64/libstdc++.so.6(+0xadc3d)[0x14c5c23dfc3d]
[jwb0567:3865291] [ 5] /p/software/default/stages/2026/software/GCCcore/14.3.0/lib64/libstdc++.so.6(+0xbf14a)[0x14c5c23f114a]
[jwb0567:3865291] [ 6] /p/software/default/stages/2026/software/GCCcore/14.3.0/lib64/libstdc++.so.6(_ZSt10unexpectedv+0x0)[0x14c5c23df7e9]
[jwb0567:3865291] [ 7] /p/software/default/stages/2026/software/GCCcore/14.3.0/lib64/libstdc++.so.6(+0xbf3c7)[0x14c5c23f13c7]
[jwb0567:3865291] [ 8] /p/home/jusers/fischill1/juwels/ippl/build_fin/_deps/kokkos-build/core/src/libkokkoscore.so.5.0(_ZN6Kokkos4Impl15throw_bad_allocESt17basic_string_viewIcSt11char_traitsIcEEmS4_+0x115)[0x14c5c287fe05]
[jwb0031:1623416] [ 9] /p[jwb0777:2201002] *** Process received signal ***
[jwb0777:2201002] Signal: Aborted (6)
[jwb0777:2201002] Signal code:  (-6)
[jwb0984:2430494] [ 9] /p[jwb1156:2419058] [ 9] /p[jwb0792:2510152] *** Process received signal ***
[jwb0792:2510152] Signal: Aborted (6)
[jwb0792:2510152] Signal code:  (-6)
[jwb1109:2838548] [ 9] /p[jwb0986:230223] [ 9] /p/home/juse[jwb0981:1350523] [ 0] /usr/lib64/libc.so.6(+0x3fc30)[0x14f42f4b6c30]
[jwb0981:1350523] [ 1] /usr/lib64/libc.so.6(+0x8d02c)[0x14f42f50402c]
[jwb0981:1350523] [ 2] /usr/lib64/libc.so.6(raise+0x16)[0x14f42f4b6b86]
[jwb0981:1350523] [ 3] /usr/lib64/libc.so.6(abort+0xd3)[0x14f42f4a0873]
[jwb0981:1350523] [ 4] /p/software/default/stages/2026/software/GCCcore/14.3.0/lib64/libstdc++.so.6(+0xadc3d)[0x14f42f75bc3d]
[jwb0981:1350523] [ 5] /p/software/default/stages/2026/software/GCCcore/14.3.0/lib64/libstdc++.so.6(+0xbf14a)[0x14f42f76d14a]
[jwb0981:1350523] [ 6] /p/software/default/stages/2026/software/GCCcore/14.3.0/lib64/libstdc++.so.6(_ZSt10unexpectedv+0x0)[0x14f42f75b7e9]
[jwb0981:1350523] [ 7] /p/software/default/stages/2026/software/GCCcore/14.3.0/lib64/libstdc++.so.6(+0xbf3c7)[0x14f42f76d3c7]
[jwb0981:1350523] [ 8] /p/home/jusers/fischill1/juwels/ippl/build_fin/_deps/kokkos-build/core/src/libkokkoscore.so.5.0(_ZN6Kokkos4Impl15throw_bad_allocESt17basic_string_viewIcSt11char_traitsIcEEmS4_+0x115)[0x14f42fbfbe05]
[jwb1048:2946383] *** Process received signal ***
[jwb1048:2946383] Signal: Aborted (6)
[jwb1048:2946383] Signal code:  (-6)
rs/fischill1/juwels/ippl/build_fin/_deps/kokkos-build/core/src/libkokkoscore.so.5.0(_ZNK6Kokkos9CudaSpace13impl_allocateEPKcmm28Kokkos_Profiling_SpaceHandle+0x219)[0x15314b539319]
[jwb0035:822452] [10] /p/home/jusers/fischill1/juwels/ippl/build_fin/_deps/kokkos-build/core/src/libkokkoscore.so.5.0(_ZNK6Kokkos9CudaSpace8allocateEPKcmm+0x65)[0x15314b539395]
[jwb0035:822452] [11] /p/home/jusers/fischill1/juwels/ippl/build_fin/_deps/kokkos-build/core/src/libkokkoscore.so.5.0(_ZN6Kokkos4Impl44HostInaccessibleSharedAllocationRecordCommonINS_9CudaSpaceEEC2ERKS2_RKNSt7__cxx1112basic_stringIcSt11char_traitsIcESaIcEEEmPFvPNS0_22SharedAllocationRecordIvvEEE+0x30)[0x15314b53b260]
[jwb0035:822452] [12] /p/home/jusers/fischill1/juwels/ippl/build_fin/alpine/ElectrostaticPIF/LandauDampingPIF[0x49cd3a]
[jwb0035:822452] [13] /p/home/jusers/fischill1/juwels/ippl/build_fin/alpine/ElectrostaticPIF/LandauDampingPIF[0x4d0480]
/home/jusers/fischill1/juwels/ippl/build_fin/_deps/kokkos-build/core/src/libkokkoscore.so.5.0(_ZNK6Kokkos9CudaSpace13impl_allocateEPKcmm28Kokkos_Profiling_SpaceHandle+0x219)[0x147ee883b319]
[jwb0576:1115230] [10] /p/home/jusers/fischill1/juwels/ippl/build_fin/_deps/kokkos-build/core/src/libkokkoscore.so.5.0(_ZNK6Kokkos9CudaSpace8allocateEPKcmm+0x65)[0x147ee883b395]
/home/jusers/fischill1/juwels/ippl/build_fin/_deps/kokkos-build/core/src/libkokkoscore.so.5.0(_ZNK6Kokkos9CudaSpace13impl_allocateEPKcmm28Kokkos_Profiling_SpaceHandle+0x219)[0x1553c92c5319]
[jwb0038:1527884] [10] /p/home/jusers/fischill1/juwels/ippl/build_fin/_deps/kokkos-build/core/src/libkokkoscore.so.5.0(_ZNK6Kokkos9CudaSpace8allocateEPKcmm+0x65)[0x1553c92c5395]
[jwb0038:1527884] [11] /p/home/jusers/fischill1/juwels/ippl/build_fin/_deps/kokkos-build/core/src/libkokkoscore.so.5.0(_ZN6Kokkos4Impl44HostInaccessibleSharedAllocationRecordCommonINS_9CudaSpaceEEC2ERKS2_RKNSt7__cxx1112basic_stringIcSt11char_traitsIcESaIcEEEmPFvPNS0_22SharedAllocationRecordIvvEEE+0x30)[0x1553c92c7260]
[jwb0038:1527884] [12] /p/home/jusers/fischill1/juwels/ippl/build_fin/alpine/ElectrostaticPIF/LandauDampingPIF[0x49cd3a]
[jwb0038:1527884] [13] /p/home/jusers/fischill1/juwels/ippl/build_fin/alpine/ElectrostaticPIF/LandauDampingPIF[0x4d0480]
/home/jusers/fischill1/juwels/ippl/build_fin/_deps/kokkos-build/core/src/libkokkoscore.so.5.0(_ZNK6Kokkos9CudaSpace13impl_allocateEPKcmm28Kokkos_Profiling_SpaceHandle+0x219)[0x14a200c9d319]
[jwb0556:1623967] [10] /p/home/jusers/fischill1/juwels/ippl/build_fin/_deps/kokkos-build/core/src/libkokkoscore.so.5.0(_ZNK6Kokkos9CudaSpace8allocateEPKcmm+0x65)[0x14a200c9d395]
[jwb0556:1623967] [11] /p/home/jusers/fischill1/juwels/ippl/build_fin/_deps/kokkos-build/core/src/libkokkoscore.so.5.0(_ZN6Kokkos4Impl44HostInaccessibleSharedAllocationRecordCommonINS_9CudaSpaceEEC2ERKS2_RKNSt7__cxx1112basic_stringIcSt11char_traitsIcESaIcEEEmPFvPNS0_22SharedAllocationRecordIvvEEE+0x30)[0x14a200c9f260]
[jwb0556:1623967] [12] /p/home/jusers/fischill1/juwels/ippl/build_fin/alpine/ElectrostaticPIF/LandauDampingPIF[0x4aa864]
[jwb0556:1623967] [13] /p/home/jusers/fischill1/juwels/ippl/build_fin/alpine/ElectrostaticPIF/LandauDampingPIF[0x4aae5e]
[jwb1175:3111661] [12] /p/home/jusers/fischill1/juwels/ippl/build_fin/alpine/ElectrostaticPIF/LandauDampingPIF[0x4aa864]
[jwb1175:3111661] [13] /p/home/jusers/fischill1/juwels/ippl/build_fin/alpine/ElectrostaticPIF/LandauDampingPIF[0x4aaf61]
[jwb1175:3111661] [14] /p/home/jusers/fischill1/juwels/ippl/build_fin/alpine/ElectrostaticPIF/LandauDampingPIF[0x4cf907]
[jwb1175:3111661] [15] /p/home/jusers/fischill1/juwels/ippl/build_fin/alpine/ElectrostaticPIF/LandauDampingPIF[0x4e81cb]
[jwb1175:3111661] [16] /p/home/jusers/fischill1/juwels/ippl/build_fin/alpine/ElectrostaticPIF/LandauDampingPIF[0x585bfd]
[jwb1175:3111661] [17] /p/home/jusers/fischill1/juwels/ippl/build_fin/alpine/ElectrostaticPIF/LandauDampingPIF[0x6090d8]
[jwb1175:3111661] [18] /p/home/jusers/fischill1/juwels/ippl/build_fin/alpine/ElectrostaticPIF/LandauDampingPIF[0x6095b5]
[jwb1175:3111661] [19] /p/home/jusers/fischill1/juwels/ippl/build_fin/alpine/ElectrostaticPIF/LandauDampingPIF[0x60c8d1]
[jwb0575:2075218] [ 0] /usr/lib64/libc.so.6(+0x3fc30)[0x154bba2d9c30]
[jwb0575:2075218] [ 1] /usr/lib64/libc.so.6(+0x8d02c)[0x154bba32702c]
[jwb0575:2075218] [ 2] /usr/lib64/libc.so.6(raise+0x16)[0x154bba2d9b86]
[jwb0575:2075218] [ 3] /usr/lib64/libc.so.6(abort+0xd3)[0x154bba2c3873]
[jwb0575:2075218] [ 4] /p/software/default/stages/2026/software/GCCcore/14.3.0/lib64/libstdc++.so.6(+0xadc3d)[0x154bba57ec3d]
[jwb0575:2075218] [ 5] /p/software/default/stages/2026/software/GCCcore/14.3.0/lib64/libstdc++.so.6(+0xbf14a)[0x154bba59014a]
[jwb0575:2075218] [ 6] /p/software/default/stages/2026/software/GCCcore/14.3.0/lib64/libstdc++.so.6(_ZSt10unexpectedv+0x0)[0x154bba57e7e9]
[jwb0575:2075218] [ 7] /p/software/default/stages/2026/software/GCCcore/14.3.0/lib64/libstdc++.so.6(+0xbf3c7)[0x154bba5903c7]
[jwb0575:2075218] [ 8] /p/home/jusers/fischill1/juwels/ippl/build_fin/_deps/kokkos-build/core/src/libkokkoscore.so.5.0(_ZN6Kokkos4Impl15throw_bad_allocESt17basic_string_viewIcSt11char_traitsIcEEmS4_+0x115)[0x154bbaa1ee05]
[jwb0795:3810591] [ 0] /usr/lib64/libc.so.6(+0x3fc30)[0x14c3bdc14c30]
[jwb0795:3810591] [ 1] /usr/lib64/libc.so.6(+0x8d02c)[0x14c3bdc6202c]
[jwb0795:3810591] [ 2] /usr/lib64/libc.so.6(raise+0x16)[0x14c3bdc14b86]
[jwb0795:3810591] [ 3] /usr/lib64/libc.so.6(abort+0xd3)[0x14c3bdbfe873]
[jwb0795:3810591] [ 4] /p/software/default/stages/2026/software/GCCcore/14.3.0/lib64/libstdc++.so.6(+0xadc3d)[0x14c3bdeb9c3d]
[jwb0795:3810591] [ 5] /p/software/default/stages/2026/software/GCCcore/14.3.0/lib64/libstdc++.so.6(+0xbf14a)[0x14c3bdecb14a]
[jwb0795:3810591] [ 6] /p/software/default/stages/2026/software/GCCcore/14.3.0/lib64/libstdc++.so.6(_ZSt10unexpectedv+0x0)[0x14c3bdeb97e9]
[jwb0795:3810591] [ 7] /p/software/default/stages/2026/software/GCCcore/14.3.0/lib64/libstdc++.so.6(+0xbf3c7)[0x14c3bdecb3c7]
[jwb0795:3810591] [ 8] /p/home/jusers/fischill1/juwels/ippl/build_fin/_deps/kokkos-build/core/src/libkokkoscore.so.5.0(_ZN6Kokkos4Impl15throw_bad_allocESt17basic_string_viewIcSt11char_traitsIcEEmS4_+0x115)[0x14c3be359e05]
[jwb0573:798246] [ 9] /p/home/jusers/fischill1/juwels/ippl/build_fin/_deps/kokkos-build/core/src/libkokkoscore.so.5.0(_ZNK6Kokkos9CudaSpace13impl_allocateEPKcmm28Kokkos_Profiling_SpaceHandle+0x219)[0x14f448f85319]
[jwb1027:733954] [10] /p/home/jusers/fischill1/juwels/ippl/build_fin/_deps/kokkos-build/core/src/libkokkoscore.so.5.0(_ZNK6Kokkos9CudaSpace8allocateEPKcmm+0x65)[0x14f448f85395]
/home/jusers/fischill1/juwels/ippl/build_fin/_deps/kokkos-build/core/src/libkokkoscore.so.5.0(_ZNK6Kokkos9CudaSpace13impl_allocateEPKcmm28Kokkos_Profiling_SpaceHandle+0x219)[0x147f79192319]
[jwb0971:3373803] [10] /p/home/jusers/fischill1/juwels/ippl/build_fin/_deps/kokkos-build/core/src/libkokkoscore.so.5.0(_ZNK6Kokkos9CudaSpace8allocateEPKcmm+0x65)[0x147f79192395]
[jwb1034:3675053] *** Process received signal ***
[jwb1034:3675053] Signal: Aborted (6)
[jwb1034:3675053] Signal code:  (-6)
[jwb0567:3865291] [ 9] /p/home/jusers/fischill1/juwels/ippl/build_fin/_deps/kokkos-build/core/src/libkokkoscore.so.5.0(_ZNK6Kokkos9CudaSpace13impl_allocateEPKcmm28Kokkos_Profiling_SpaceHandle+0x219)[0x1540111f3319]
[jwb0031:1623416] [10] /p/home/jusers/fischill1/juwels/ippl/build_fin/_deps/kokkos-build/core/src/libkokkoscore.so.5.0(_ZNK6Kokkos9CudaSpace8allocateEPKcmm+0x65)[0x1540111f3395]
[jwb0031:1623416] [11] /p/home/jusers/fischill1/juwels/ippl/build_fin/_deps/kokkos-build/core/src/libkokkoscore.so.5.0(_ZN6Kokkos4Impl44HostInaccessibleSharedAllocationRecordCommonINS_9CudaSpaceEEC2ERKS2_RKNSt7__cxx1112basic_stringIcSt11char_traitsIcESaIcEEEmPFvPNS0_22SharedAllocationRecordIvvEEE+0x30)[0x1540111f5260]
[jwb0031:1623416] [12] /p/home/jusers/fischill1/juwels/ippl/build_fin/alpine/ElectrostaticPIF/LandauDampingPIF[0x4aa864]
[jwb0777:2201003] *** Process received signal ***
[jwb0777:2201003] Signal: Aborted (6)
[jwb0777:2201003] Signal code:  (-6)
[jwb0984:2430495] [ 0] /usr/lib64/libc.so.6(+0x3fc30)[0x1518e2971c30]
[jwb0984:2430495] [ 1] /usr/lib64/libc.so.6(+0x8d02c)[0x1518e29bf02c]
[jwb0984:2430495] [ 2] /usr/lib64/libc.so.6(raise+0x16)[0x1518e2971b86]
[jwb0984:2430495] [ 3] /usr/lib64/libc.so.6(abort+0xd3)[0x1518e295b873]
[jwb0984:2430495] [ 4] /p/software/default/stages/2026/software/GCCcore/14.3.0/lib64/libstdc++.so.6(+0xadc3d)[0x1518e2c16c3d]
[jwb0984:2430495] [ 5] /p/software/default/stages/2026/software/GCCcore/14.3.0/lib64/libstdc++.so.6(+0xbf14a)[0x1518e2c2814a]
[jwb0984:2430495] [ 6] /p/software/default/stages/2026/software/GCCcore/14.3.0/lib64/libstdc++.so.6(_ZSt10unexpectedv+0x0)[0x1518e2c167e9]
[jwb0984:2430495] [ 7] /p/software/default/stages/2026/software/GCCcore/14.3.0/lib64/libstdc++.so.6(+0xbf3c7)[0x1518e2c283c7]
[jwb0984:2430495] [ 8] /p/home/jusers/fischill1/juwels/ippl/build_fin/_deps/kokkos-build/core/src/libkokkoscore.so.5.0(_ZN6Kokkos4Impl15throw_bad_allocESt17basic_string_viewIcSt11char_traitsIcEEmS4_+0x115)[0x1518e30b6e05]
[jwb1156:2419059] [14] /p/home/jusers/fischill1/juwels/ippl/build_fin/alpine/ElectrostaticPIF/LandauDampingPIF[0x4cf907]
[jwb1156:2419059] [15] /p/home/jusers/fischill1/juwels/ippl/build_fin/alpine/ElectrostaticPIF/LandauDampingPIF[0x4e81cb]
[jwb1156:2419059] [16] /p/home/jusers/fischill1/juwels/ippl/build_fin/alpine/ElectrostaticPIF/LandauDampingPIF[0x585bfd]
[jwb1156:2419059] [17] /p/home/jusers/fischill1/juwels/ippl/build_fin/alpine/ElectrostaticPIF/LandauDampingPIF[0x6090d8]
[jwb1156:2419059] [18] /p/home/jusers/fischill1/juwels/ippl/build_fin/alpine/ElectrostaticPIF/LandauDampingPIF[0x6095b5]
[jwb1156:2419059] [19] /p/home/jusers/fischill1/juwels/ippl/build_fin/alpine/ElectrostaticPIF/LandauDampingPIF[0x60c8d1]
[jwb1156:2419059] [20] /p/home/jusers/fischill1/juwels/ippl/build_fin/alpine/ElectrostaticPIF/LandauDampingPIF[0x60d25b]
[jwb1156:2419059] [21] /p/home/jusers/fischill1/juwels/ippl/build_fin/alpine/ElectrostaticPIF/LandauDampingPIF[0x423759]
[jwb0792:2510153] *** Process received signal ***
[jwb0792:2510153] Signal: Aborted (6)
[jwb0792:2510153] Signal code:  (-6)
[jwb1109:2838549] [ 0] /usr/lib64/libc.so.6(+0x3fc30)[0x14c88deeac30]
[jwb1109:2838549] [ 1] /usr/lib64/libc.so.6(+0x8d02c)[0x14c88df3802c]
[jwb1109:2838549] [ 2] /usr/lib64/libc.so.6(raise+0x16)[0x14c88deeab86]
[jwb1109:2838549] [ 3] /usr/lib64/libc.so.6(abort+0xd3)[0x14c88ded4873]
[jwb1109:2838549] [ 4] /p/software/default/stages/2026/software/GCCcore/14.3.0/lib64/libstdc++.so.6(+0xadc3d)[0x14c88e18fc3d]
[jwb1109:2838549] [ 5] /p/software/default/stages/2026/software/GCCcore/14.3.0/lib64/libstdc++.so.6(+0xbf14a)[0x14c88e1a114a]
[jwb1109:2838549] [ 6] /p/software/default/stages/2026/software/GCCcore/14.3.0/lib64/libstdc++.so.6(_ZSt10unexpectedv+0x0)[0x14c88e18f7e9]
[jwb1109:2838549] [ 7] /p/software/default/stages/2026/software/GCCcore/14.3.0/lib64/libstdc++.so.6(+0xbf3c7)[0x14c88e1a13c7]
[jwb1109:2838549] [ 8] /p/home/jusers/fischill1/juwels/ippl/build_fin/_deps/kokkos-build/core/src/libkokkoscore.so.5.0(_ZN6Kokkos4Impl15throw_bad_allocESt17basic_string_viewIcSt11char_traitsIcEEmS4_+0x115)[0x14c88e62fe05]
[jwb0986:230220] [ 0] /usr/lib64/libc.so.6(+0x3fc30)[0x153e832c2c30]
[jwb0986:230220] [ 1] /usr/lib64/libc.so.6(+0x8d02c)[0x153e8331002c]
[jwb0986:230220] [ 2] /usr/lib64/libc.so.6(raise+0x16)[0x153e832c2b86]
[jwb0986:230220] [ 3] /usr/lib64/libc.so.6(abort+0xd3)[0x153e832ac873]
[jwb0986:230220] [ 4] /p/software/default/stages/2026/software/GCCcore/14.3.0/lib64/libstdc++.so.6(+0xadc3d)[0x153e83567c3d]
[jwb0986:230220] [ 5] /p/software/default/stages/2026/software/GCCcore/14.3.0/lib64/libstdc++.so.6(+0xbf14a)[0x153e8357914a]
[jwb0986:230220] [ 6] /p/software/default/stages/2026/software/GCCcore/14.3.0/lib64/libstdc++.so.6(_ZSt10unexpectedv+0x0)[0x153e835677e9]
[jwb0986:230220] [ 7] /p/software/default/stages/2026/software/GCCcore/14.3.0/lib64/libstdc++.so.6(+0xbf3c7)[0x153e835793c7]
[jwb0986:230220] [ 8] /p/home/jusers/fischill1/juwels/ippl/build_fin/_deps/kokkos-build/core/src/libkokkoscore.so.5.0(_ZN6Kokkos4Impl15throw_bad_allocESt17basic_string_viewIcSt11char_traitsIcEEmS4_+0x115)[0x153e83a07e05]
[jwb0981:1350523] [ 9] /p[jwb1048:2946384] [ 0] /usr/lib64/libc.so.6(+0x3fc30)[0x1465c81c4c30]
[jwb1048:2946384] [ 1] /usr/lib64/libc.so.6(+0x8d02c)[0x1465c821202c]
[jwb1048:2946384] [ 2] /usr/lib64/libc.so.6(raise+0x16)[0x1465c81c4b86]
[jwb1048:2946384] [ 3] /usr/lib64/libc.so.6(abort+0xd3)[0x1465c81ae873]
[jwb1048:2946384] [ 4] /p/software/default/stages/2026/software/GCCcore/14.3.0/lib64/libstdc++.so.6(+0xadc3d)[0x1465c8469c3d]
[jwb1048:2946384] [ 5] /p/software/default/stages/2026/software/GCCcore/14.3.0/lib64/libstdc++.so.6(+0xbf14a)[0x1465c847b14a]
[jwb1048:2946384] [ 6] /p/software/default/stages/2026/software/GCCcore/14.3.0/lib64/libstdc++.so.6(_ZSt10unexpectedv+0x0)[0x1465c84697e9]
[jwb1048:2946384] [ 7] /p/software/default/stages/2026/software/GCCcore/14.3.0/lib64/libstdc++.so.6(+0xbf3c7)[0x1465c847b3c7]
[jwb1048:2946384] [ 8] /p/home/jusers/fischill1/juwels/ippl/build_fin/_deps/kokkos-build/core/src/libkokkoscore.so.5.0(_ZN6Kokkos4Impl15throw_bad_allocESt17basic_string_viewIcSt11char_traitsIcEEmS4_+0x115)[0x1465c8909e05]
[jwb0035:822452] [14] /p/home/jusers/fischill1/juwels/ippl/build_fin/alpine/ElectrostaticPIF/LandauDampingPIF[0x4e81cb]
[jwb0035:822[jwb0576:1115227] [ 0] /usr/lib64/libc.so.6(+0x3fc30)[0x145f6de8bc30]
[jwb0576:1115227] [ 1] /usr/lib64/libc.so.6(+0x8d02c)[0x145f6ded902c]
[jwb0576:1115227] [ 2] /usr/lib64/libc.so.6(raise+0x16)[0x145f6de8bb86]
[jwb0576:1115227] [ 3] /usr/lib64/libc.so.6(abort+0xd3)[0x145f6de75873]
[jwb0576:1115227] [ 4] /p/software/default/stages/2026/software/GCCcore/14.3.0/lib64/libstdc++.so.6(+0xadc3d)[0x145f6e130c3d]
[jwb0576:1115227] [ 5] /p/software/default/stages/2026/software/GCCcore/14.3.0/lib64/libstdc++.so.6(+0xbf14a)[0x145f6e14214a]
[jwb0576:1115227] [ 6] /p/software/default/stages/2026/software/GCCcore/14.3.0/lib64/libstdc++.so.6(_ZSt10unexpectedv+0x0)[0x145f6e1307e9]
[jwb0576:1115227] [ 7] /p/software/default/stages/2026/software/GCCcore/14.3.0/lib64/libstdc++.so.6(+0xbf3c7)[0x145f6e1423c7]
[jwb0576:1115227] [ 8] /p/home/jusers/fischill1/juwels/ippl/build_fin/_deps/kokkos-build/core/src/libkokkoscore.so.5.0(_ZN6Kokkos4Impl15throw_bad_allocESt17basic_string_viewIcSt11char_traitsIcEEmS4_+0x115)[0x145f6e5d0e05]
[jwb0038:1527884] [14] /p/home/jusers/fischill1/juwels/ippl/build_fin/alpine/ElectrostaticPIF/LandauDampingPIF[0x4e81c[jwb0556:1623967] [14] /p/home/jusers/fischill1/juwels/ippl/build_fin/alpine/ElectrostaticPIF/LandauDampingPIF[0x4cf90[jwb1175:3111661] [20] /p/home/jusers/fischill1/juwels/ippl/build_fin/alpine/Ele[jwb0575:2075218] [ 9] /p[jwb0795:3810591] [ 9] /prs/fischill1/juwels/ippl/build_fin/_deps/kokkos-build/core/src/libkokkoscore.so.5.0(_ZNK6Kokkos9CudaSpace13impl_allocateEPKcmm28Kokkos_Profiling_SpaceHandle+0x219)[0x14948da5d319]
rs/fischill1/juwels/ippl/build_fin/_deps/kokkos-build/core/src/libkokkoscore.so.5.0(_ZNK6Kokkos9CudaSpace13impl_allocateEPKcmm28Kokkos_Profiling_SpaceHandle+0x219)[0x14c71e7ab319]
[jwb1027:733955] [10] /p/home/jusers/fischill1/juwels/ippl/build_fin/_deps/kokkos-build/core/src/libkokkoscore.so.5.0(_ZNK6Kokkos9CudaSpace8allocateEPKcmm+0x65)[0x14c71e7ab395]
[jwb0971:3373806] [ 0] /usr/lib64/libc.so.6(+0x3fc30)[0x1518ea2ebc30]
[jwb0971:3373806] [ 1] /usr/lib64/libc.so.6(+0x8d02c)[0x1518ea33902c]
[jwb0971:3373806] [ 2] /usr/lib64/libc.so.6(raise+0x16)[0x1518ea2ebb86]
[jwb0971:3373806] [ 3] /usr/lib64/libc.so.6(abort+0xd3)[0x1518ea2d5873]
[jwb0971:3373806] [ 4] /p/software/default/stages/2026/software/GCCcore/14.3.0/lib64/libstdc++.so.6(+0xadc3d)[0x1518ea590c3d]
[jwb0971:3373806] [ 5] /p/software/default/stages/2026/software/GCCcore/14.3.0/lib64/libstdc++.so.6(+0xbf14a)[0x1518ea5a214a]
[jwb0971:3373806] [ 6] /p/software/default/stages/2026/software/GCCcore/14.3.0/lib64/libstdc++.so.6(_ZSt10unexpectedv+0x0)[0x1518ea5907e9]
[jwb0971:3373806] [ 7] /p/software/default/stages/2026/software/GCCcore/14.3.0/lib64/libstdc++.so.6(+0xbf3c7)[0x1518ea5a23c7]
[jwb0971:3373806] [ 8] /p/home/jusers/fischill1/juwels/ippl/build_fin/_deps/kokkos-build/core/src/libkokkoscore.so.5.0(_ZN6Kokkos4Impl15throw_bad_allocESt17basic_string_viewIcSt11char_traitsIcEEmS4_+0x115)[0x1518eaa30e05]
[jwb1034:3675055] [ 0] /usr/lib64/libc.so.6(+0x3fc30)[0x154198ac4c30]
[jwb1034:3675055] [ 1] /usr/lib64/libc.so.6(+0x8d02c)[0x154198b1202c]
[jwb1034:3675055] [ 2] /usr/lib64/libc.so.6(raise+0x16)[0x154198ac4b86]
[jwb1034:3675055] [ 3] /usr/lib64/libc.so.6(abort+0xd3)[0x154198aae873]
[jwb1034:3675055] [ 4] /p/software/default/stages/2026/software/GCCcore/14.3.0/lib64/libstdc++.so.6(+0xadc3d)[0x154198d69c3d]
[jwb1034:3675055] [ 5] /p/software/default/stages/2026/software/GCCcore/14.3.0/lib64/libstdc++.so.6(+0xbf14a)[0x154198d7b14a]
[jwb1034:3675055] [ 6] /p/software/default/stages/2026/software/GCCcore/14.3.0/lib64/libstdc++.so.6(_ZSt10unexpectedv+0x0)[0x154198d697e9]
[jwb1034:3675055] [ 7] /p/software/default/stages/2026/software/GCCcore/14.3.0/lib64/libstdc++.so.6(+0xbf3c7)[0x154198d7b3c7]
[jwb1034:3675055] [ 8] /p/home/jusers/fischill1/juwels/ippl/build_fin/_deps/kokkos-build/core/src/libkokkoscore.so.5.0(_ZN6Kokkos4Impl15throw_bad_allocESt17basic_string_viewIcSt11char_traitsIcEEmS4_+0x115)[0x154199209e05]
[jwb0567:3865290] [ 0] /usr/lib64/libc.so.6(+0x3fc30)[0x152415073c30]
[jwb0567:3865290] [ 1] /usr/lib64/libc.so.6(+0x8d02c)[0x1524150c102c]
[jwb0567:3865290] [ 2] /usr/lib64/libc.so.6(raise+0x16)[0x152415073b86]
[jwb0567:3865290] [ 3] /usr/lib64/libc.so.6(abort+0xd3)[0x15241505d873]
[jwb0567:3865290] [ 4] /p/software/default/stages/2026/software/GCCcore/14.3.0/lib64/libstdc++.so.6(+0xadc3d)[0x152415318c3d]
[jwb0567:3865290] [ 5] /p/software/default/stages/2026/software/GCCcore/14.3.0/lib64/libstdc++.so.6(+0xbf14a)[0x15241532a14a]
[jwb0567:3865290] [ 6] /p/software/default/stages/2026/software/GCCcore/14.3.0/lib64/libstdc++.so.6(_ZSt10unexpectedv+0x0)[0x1524153187e9]
[jwb0567:3865290] [ 7] /p/software/default/stages/2026/software/GCCcore/14.3.0/lib64/libstdc++.so.6(+0xbf3c7)[0x15241532a3c7]
[jwb0567:3865290] [ 8] /p/home/jusers/fischill1/juwels/ippl/build_fin/_deps/kokkos-build/core/src/libkokkoscore.so.5.0(_ZN6Kokkos4Impl15throw_bad_allocESt17basic_string_viewIcSt11char_traitsIcEEmS4_+0x115)[0x1524157b8e05]
[jwb0031:1623417] [ 0] /usr/lib64/libc.so.6(+0x3fc30)[0x149f78a24c30]
[jwb0031:1623417] [ 1] /usr/lib64/libc.so.6(+0x8d02c)[0x149f78a7202c]
[jwb0031:1623417] [ 2] /usr/lib64/libc.so.6(raise+0x16)[0x149f78a24b86]
[jwb0031:1623417] [ 3] /usr/lib64/libc.so.6(abort+0xd3)[0x149f78a0e873]
[jwb0031:1623417] [ 4] /p/software/default/stages/2026/software/GCCcore/14.3.0/lib64/libstdc++.so.6(+0xadc3d)[0x149f78cc9c3d]
[jwb0031:1623417] [ 5] /p/software/default/stages/2026/software/GCCcore/14.3.0/lib64/libstdc++.so.6(+0xbf14a)[0x149f78cdb14a]
[jwb0031:1623417] [ 6] /p/software/default/stages/2026/software/GCCcore/14.3.0/lib64/libstdc++.so.6(_ZSt10unexpectedv+0x0)[0x149f78cc97e9]
[jwb0777:2201004] *** Process received signal ***
[jwb0777:2201004] Signal: Aborted (6)
[jwb0777:2201004] Signal code:  (-6)
[jwb0984:2430495] [ 9] /p[jwb1156:2419059] [22] /usr/lib64/libc.so.6(+0x2a610)[0x14918112c610]
[jwb1156:2[jwb0792:2510151] *** Process received signal ***
[jwb0792:2510151] Signal: Aborted (6)
[jwb0792:2510151] Signal code:  (-6)
[jwb1109:2838549] [ 9] /p[jwb0986:230220] [ 9] /p/home/juse7]
[jwb1048:2946384] [ 9] /prs/fischill1/juwels/ippl/build_fin/_deps/kokkos-build/core/src/libkokkoscore.so.5.0(_ZNK6Kokkos9CudaSpace13impl_allocateEPKcmm28Kokkos_Profiling_SpaceHandle+0x219)[0x14d988274319]
[jwb0035:822451] [10] /p/home/jusers/fischill1/juwels/ippl/build_fin/_deps/kokkos-build/core/src/libkokkoscore.so.5.0(_ZNK6Kokkos9CudaSpace8allocateEPKcmm+0x65)[0x14d988274395]
[jwb0035:822451] [11] /p/home/jusers/fischill1/juwels/ippl/build_fin/_deps/kokkos-build/core/src/libkokkoscore.so.5.0(_ZN6Kokkos4Impl44HostInaccessibleSharedAllocationRecordCommonINS_9CudaSpaceEEC2ERKS2_RKNSt7__cxx1112basic_stringIcSt11char_traitsIcESaIcEEEmPFvPNS0_22SharedAllocationRecordIvvEEE+0x30)[0x14d988276260]
[jwb0035:822451] [12] /p/home/jusers/fischill1/juwels/ippl/build_fin/alpine/ElectrostaticPIF/LandauDampingPIF[0x4aa864]
[jwb0035:822451] [13] /p/home/jusers/fischill1/juwels/ippl/build_fin/alpine/ElectrostaticPIF/LandauDampingPIF[0x4aae5e]
[jwb0576:1115227] [ 9] /p[jwb0038:1527883] [17] /p/home/jusers/fischill1/juwels/ippl/build_fin/alpine/ElectrostaticPIF/LandauDampingPIF[0x6090d8]
[jwb0038:1527883] [18] /p/home/jusers/fischill1/juwels/ippl/build_fin/alpine/ElectrostaticPIF/LandauDampingPIF[0x6095b5]
[jwb0038:1527883] [19] /p/home/jusers/fischill1/juwels/ippl/build_fin/alpine/ElectrostaticPIF/LandauDampingPIF[0x60c8d1]
[jwb0038:1527883] [20] /p/home/jusers/fischill1/juwels/ippl/build_fin/alpine/ElectrostaticPIF/LandauDampingPIF[0x60d25b]
[jwb0038:1527883] [21] /p/home/jusers/fischill1/juwels/ippl/build_fin/alpine/ElectrostaticPIF/LandauDampingPIF[0x423759]
[jwb0038:1527883] [22] /usr/lib64/libc.so.6(+0x2a610)[0x1519436df610]
[jwb0038:1527883] [23] /usr/lib64/libc.so.6(__libc_start_main+0x80)[0x1519436df6c0]
[jwb0038:1527883] [24] /p/home/jusers/fischill1/juwels/ippl/build_fin/alpine/ElectrostaticPIF/LandauDampingPIF[0x425995]
[jwb0038:1527883] *** End of error message ***
[jwb0556:1623969] [15] /p/home/jusers/fischill1/juwels/ippl/build_fin/alpine/ElectrostaticPIF/LandauDampingPIF[0x4e81cb]
[jwb0556:1623969] [16] /p/home/jusers/fischill1/juwels/ippl/build_fin/alpine/ElectrostaticPIF/LandauDampingPIF[0x585bfd]
[jwb0556:1623969] [17] /p/home/jusers/fischill1/juwels/ippl/build_fin/alpine/ElectrostaticPIF/LandauDampingPIF[0x6090d8]
[jwb0556:1623969] [18] /p/home/jusers/fischill1/juwels/ippl/build_fin/alpine/ElectrostaticPIF/LandauDampingPIF[0x6095b5]
[jwb0556:1623969] [19] /p/home/jusers/fischill1/juwels/ippl/build_fin/alpine/ElectrostaticPIF/LandauDampingPIF[0x60c8d1]
[jwb0556:1623969] [20] /p/home/jusers/fischill1/juwels/ippl/build_fin/alpine/ElectrostaticPIF/LandauDampingPIF[0x60d25b]
[jwb0556:1623969] [21] /p/home/jusers/fischill1/juwels/ippl/build_fin/alpine/ElectrostaticPIF/LandauDampingPIF[0x423759]
[jwb0556:1623969] [22] /usr/lib64/libc.so.6(+0x2a610)[0x1547b4cb9610]
[jwb0556:1623969] [23] /usr/lib64/libc.so.6(__libc_start_main+0x80)[0x1547b4cb96c0]
ll1/juwels/ippl/build_fin/alpine/ElectrostaticPIF/LandauDampingPIF[0x425995]
[jwb1175:3111662] *** End of error message ***
/juwels/ippl/build_fin/alpine/ElectrostaticPIF/LandauDampingPIF[0x425995]
[jwb0795:3810589] [11] /p/home/jusers/fischill1/juwels/ippl/build_fin/_deps/kokkos-build/core/src/libkokkoscore.so.5.0(_ZN6Kokkos4Impl44HostInaccessibleSharedAllocationRecordCommonINS_9CudaSpaceEEC2ERKS2_RKNSt7__cxx1112basic_stringIcSt11char_traitsIcESaIcEEEmPFvPNS0_22SharedAllocationRecordIvvEEE+0x30)[0x146567f0f260]
[jwb0795:3810589] [12] /p/home/jusers/fischill1/juwels/ippl/build_fin/alpine/ElectrostaticPIF/LandauDampingPIF[0x49cd3a]
[jwb0795:3810589] [13] /p/home/jusers/fischill1/juwels/ippl/build_fin/alpine/ElectrostaticPIF/LandauDampingPIF[0x4d0480]
[jwb0573:798244] [ 0] /usr/lib64/libc.so.6(+0x3fc30)[0x155189ad1c30]
[jwb0573:798244] [ 1] /usr/lib64/libc.so.6(+0x8d02c)[0x155189b1f02c]
[jwb0573:798244] [ 2] /usr/lib64/libc.so.6(raise+0x16)[0x155189ad1b86]
[jwb0573:798244] [ 3] /usr/lib64/libc.so.6(abort+0xd3)[0x155189abb873]
[jwb0573:798244] [ 4] /p/software/default/stages/2026/software/GCCcore/14.3.0/lib64/libstdc++.so.6(+0xadc3d)[0x155189d76c3d]
[jwb0573:798244] [ 5] /p/software/default/stages/2026/software/GCCcore/14.3.0/lib64/libstdc++.so.6(+0xbf14a)[0x155189d8814a]
[jwb0573:798244] [ 6] /p/software/default/stages/2026/software/GCCcore/14.3.0/lib64/libstdc++.so.6(_ZSt10unexpectedv+0x0)[0x155189d767e9]
[jwb0573:798244] [ 7] /p/software/default/stages/2026/software/GCCcore/14.3.0/lib64/libstdc++.so.6(+0xbf3c7)[0x155189d883c7]
[jwb0573:798244] [ 8] /p/home/jusers/fischill1/juwels/ippl/build_fin/_deps/kokkos-build/core/src/libkokkoscore.so.5.0(_ZN6Kokkos4Impl15throw_bad_allocESt17basic_string_viewIcSt11char_traitsIcEEmS4_+0x115)[0x15518a216e05]
[jwb1027:733952] [ 0] /usr/lib64/libc.so.6(+0x3fc30)[0x15280dad3c30]
[jwb1027:733952] [ 1] /usr/lib64/libc.so.6(+0x8d02c)[0x15280db2102c]
[jwb1027:733952] [ 2] /usr/lib64/libc.so.6(raise+0x16)[0x15280dad3b86]
[jwb1027:733952] [ 3] /usr/lib64/libc.so.6(abort+0xd3)[0x15280dabd873]
[jwb1027:733952] [ 4] /p/software/default/stages/2026/software/GCCcore/14.3.0/lib64/libstdc++.so.6(+0xadc3d)[0x15280dd78c3d]
[jwb1027:733952] [ 5] /p/software/default/stages/2026/software/GCCcore/14.3.0/lib64/libstdc++.so.6(+0xbf14a)[0x15280dd8a14a]
[jwb1027:733952] [ 6] /p/software/default/stages/2026/software/GCCcore/14.3.0/lib64/libstdc++.so.6(_ZSt10unexpectedv+0x0)[0x15280dd787e9]
[jwb1027:733952] [ 7] /p/software/default/stages/2026/software/GCCcore/14.3.0/lib64/libstdc++.so.6(+0xbf3c7)[0x15280dd8a3c7]
[jwb1027:733952] [ 8] /p/home/jusers/fischill1/juwels/ippl/build_fin/_deps/kokkos-build/core/src/libkokkoscore.so.5.0(_ZN6Kokkos4Impl15throw_bad_allocESt17basic_string_viewIcSt11char_traitsIcEEmS4_+0x115)[0x15280e218e05]
[jwb0971:3373806] [ 9] /p[jwb1034:3675055] [ 9] /p[jwb0567:3865290] [ 9] /p[jwb0031:1623415] [ 0] /usr/lib64/libc.so.6(+0x3fc30)[0x1485b551ac30]
[jwb0031:1623415] [ 1] /usr/lib64/libc.so.6(+0x8d02c)[0x1485b556802c]
[jwb0031:1623415] [ 2] /usr/lib64/libc.so.6(raise+0x16)[0x1485b551ab86]
[jwb0031:1623415] [ 3] /usr/lib64/libc.so.6(abort+0xd3)[0x1485b5504873]
[jwb0031:1623415] [ 4] /p/software/default/stages/2026/software/GCCcore/14.3.0/lib64/libstdc++.so.6(+0xadc3d)[0x1485b57bfc3d]
[jwb0031:1623415] [ 5] /p/software/default/stages/2026/software/GCCcore/14.3.0/lib64/libstdc++.so.6(+0xbf14a)[0x1485b57d114a]
[jwb0031:1623415] [ 6] /p/software/default/stages/2026/software/GCCcore/14.3.0/lib64/libstdc++.so.6(_ZSt10unexpectedv+0x0)[0x1485b57bf7e9]
[jwb0031:1623415] [ 7] /p/software/default/stages/2026/software/GCCcore/14.3.0/lib64/libstdc++.so.6(+0xbf3c7)[0x1485b57d13c7]
[jwb0031:1623415] [ 8] /p/home/jusers/fischill1/juwels/ippl/build_fin/_deps/kokkos-build/core/src/libkokkoscore.so.5.0(_ZN6Kokkos4Impl15throw_bad_allocESt17basic_string_viewIcSt11char_traitsIcEEmS4_+0x115)[0x1485b5c5fe05]
[jwb0777:2201001] *** Process received signal ***
[jwb0777:2201001] Signal: Aborted (6)
[jwb0777:2201001] Signal code:  (-6)
[jwb0984:2430497] [ 0] /usr/lib64/libc.so.6(+0x3fc30)[0x14a4d22d9c30]
[jwb0984:2430497] [ 1] /usr/lib64/libc.so.6(+0x8d02c)[0x14a4d232702c]
[jwb0984:2430497] [ 2] /usr/lib64/libc.so.6(raise+0x16)[0x14a4d22d9b86]
[jwb0984:2430497] [ 3] /usr/lib64/libc.so.6(abort+0xd3)[0x14a4d22c3873]
[jwb0984:2430497] [ 4] /p/software/default/stages/2026/software/GCCcore/14.3.0/lib64/libstdc++.so.6(+0xadc3d)[0x14a4d257ec3d]
[jwb0984:2430497] [ 5] /p/software/default/stages/2026/software/GCCcore/14.3.0/lib64/libstdc++.so.6(+0xbf14a)[0x14a4d259014a]
[jwb0984:2430497] [ 6] /p/software/default/stages/2026/software/GCCcore/14.3.0/lib64/libstdc++.so.6(_ZSt10unexpectedv+0x0)[0x14a4d257e7e9]
[jwb0984:2430497] [ 7] /p/software/default/stages/2026/software/GCCcore/14.3.0/lib64/libstdc++.so.6(+0xbf3c7)[0x14a4d25903c7]
[jwb0984:2430497] [ 8] /p/home/jusers/fischill1/juwels/ippl/build_fin/_deps/kokkos-build/core/src/libkokkoscore.so.5.0(_ZN6Kokkos4Impl15throw_bad_allocESt17basic_string_viewIcSt11char_traitsIcEEmS4_+0x115)[0x14a4d2a1ee05]
[jwb1156:2419060] [14] /p/home/jusers/fischill1/juwels/ippl/build_fin/alpine/ElectrostaticPIF/LandauDampingPIF[0x4cf907]
[jwb1156:2419060] [15] /p/home/jusers/fischill1/juwels/ippl/build_fin/alpine/ElectrostaticPIF/LandauDampingPIF[0x4e81cb]
[jwb1156:2419060] [16] /p/home/jusers/fischill1/juwels/ippl/build_fin/alpine/ElectrostaticPIF/LandauDampingPIF[0x585bfd]
[jwb1156:2419060] [17] /p/home/jusers/fischill1/juwels/ippl/build_fin/alpine/ElectrostaticPIF/LandauDampingPIF[0x6090d8]
[jwb0792:2510150] *** Process received signal ***
[jwb0792:2510150] Signal: Aborted (6)
[jwb0792:2510150] Signal code:  (-6)
terminate called after throwing an instance of 'std::runtime_error'
  what():  Kokkos ERROR: Cuda memory space failed to allocate 1.067 GiB (label="temp_storage").
[jwb1109:2838547] [13] /p/home/jusers/fischill1/juwels/ippl/build_fin/alpine/ElectrostaticPIF/LandauDampingPIF[0x4aaf61]
[jwb1109:2838547] [14] /p/home/jusers/fischill1/juwels/ippl/build_fin/alpine/ElectrostaticPIF/LandauDampingPIF[0x4cf907]
rs/fischill1/juwels/ippl/build_fin/_deps/kokkos-build/core/src/libkokkoscore.so.5.0(_ZNK6Kokkos9CudaSpace13impl_allocateEPKcmm28Kokkos_Profiling_SpaceHandle+0x219)[0x14c57e1b3319]
[jwb0986:230222] [10] /p/home/jusers/fischill1/juwels/ippl/build_fin/_deps/kokkos-build/core/src/libkokkoscore.so.5.0(_ZNK6Kokkos9CudaSpace8allocateEPKcmm+0x65)[0x14c57e1b3395]
7]
[jwb0981:1350524] [15] /p/home/jusers/fischill1/juwels/ippl/build_fin/alpine/ElectrostaticPIF/LandauDampingPIF[0x4e81cb]
[jwb0981:1350524] [16] /p/home/jusers/fischill1/juwels/ippl/build_fin/alpine/ElectrostaticPIF/LandauDampingPIF[0x585bfd]
/home/jusers/fischill1/juwels/ippl/build_fin/_deps/kokkos-build/core/src/libkokkoscore.so.5.0(_ZNK6Kokkos9CudaSpace13impl_allocateEPKcmm28Kokkos_Profiling_SpaceHandle+0x219)[0x1465c891c319]
[jwb1048:2946384] [10] /p/home/jusers/fischill1/juwels/ippl/build_fin/_deps/kokkos-build/core/src/libkokkoscore.so.5.0(_ZNK6Kokkos9CudaSpace8allocateEPKcmm+0x65)[0x1465c891c395]
[jwb1048:2946384] [11] /p/home/jusers/fischill1/juwels/ippl/build_fin/_deps/kokkos-build/core/src/libkokkoscore.so.5.0(_ZN6Kokkos4Impl44HostInaccessibleSharedAllocationRecordCommonINS_9CudaSpaceEEC2ERKS2_RKNSt7__cxx1112basic_stringIcSt11char_traitsIcESaIcEEEmPFvPNS0_22SharedAllocationRecordIvvEEE+0x30)[0x1465c891e260]
[jwb1048:2946384] [12] /p/home/jusers/fischill1/juwels/ippl/build_fin/alpine/ElectrostaticPIF/LandauDampingPIF[0x49cd3a]
[jwb1048:2946384] [13] /p/home/jusers/fischill1/juwels/ippl/build_fin/alpine/ElectrostaticPIF/LandauDampingPIF[0x4d0480]
[jwb0035:822451] [14] /p/home/jusers/fischill1/juwels/ippl/build_fin/alpine/ElectrostaticPIF/LandauDampingPIF[0x4cf907]
[jwb0035:822/home/jusers/fischill1/juwels/ippl/build_fin/_deps/kokkos-build/core/src/libkokkoscore.so.5.0(_ZNK6Kokkos9CudaSpace13impl_allocateEPKcmm28Kokkos_Profiling_SpaceHandle+0x219)[0x145f6e5e3319]
[jwb0576:1115227] [10] /p/home/jusers/fischill1/juwels/ippl/build_fin/_deps/kokkos-build/core/src/libkokkoscore.so.5.0(_ZNK6Kokkos9CudaSpace8allocateEPKcmm+0x65)[0x145f6e5e3395]
[jwb0576:1115227] [11] /p/home/jusers/fischill1/juwels/ippl/build_fin/_deps/kokkos-build/core/src/libkokkoscore.so.5.0(_ZN6Kokkos4Impl44HostInaccessibleSharedAllocationRecordCommonINS_9CudaSpaceEEC2ERKS2_RKNSt7__cxx1112basic_stringIcSt11char_traitsIcESaIcEEEmPFvPNS0_22SharedAllocationRecordIvvEEE+0x30)[0x145f6e5e5260]
[jwb0576:1115227] [12] /p/home/jusers/fischill1/juwels/ippl/build_fin/alpine/ElectrostaticPIF/LandauDampingPIF[0x4aa864]
[jwb0576:1115227] [13] /p/home/jusers/fischill1/juwels/ippl/build_fin/alpine/ElectrostaticPIF/LandauDampingPIF[0x4aaf61]
b]
[jwb0038:1527884] [15] /p/home/jusers/fischill1/juwels/ippl/build_fin/alpine/ElectrostaticPIF/LandauDampingPIF[0x585bfd]
[jwb0038:1527884] [16] /p/home/jusers/fischill1/juwels/ippl/build_fin/alpine/ElectrostaticPIF/LandauDampingPIF[0x6090d8]
[jwb0038:1527884] [17] /p/home/jusers/fischill1/juwels/ippl/build_fin/alpine/ElectrostaticPIF/LandauDampingPIF[0x6095b5]
[jwb0038:1527884] [18] /p/home/jusers/fischill1/juwels/ippl/build_fin/alpine/ElectrostaticPIF/LandauDampingPIF[0x60c8d1]
[jwb0038:1527884] [19] /p/home/jusers/fischill1/juwels/ippl/build_fin/alpine/ElectrostaticPIF/LandauDampingPIF[0x60d25b]
[jwb0038:1527884] [20] /p/home/jusers/fischill1/juwels/ippl/build_fin/alpine/ElectrostaticPIF/LandauDampingPIF[0x423759]
[jwb0038:1527884] [21] /usr/lib64/libc.so.6(+0x2a610)[0x1553c8b58610]
[jwb0038:1527884] [22] /usr/lib64/libc.so.6(__libc_start_main+0x80)[0x1553c8b586c0]
[jwb0038:1527884] [23] /p/home/jusers/fischill1/juwels/ippl/build_fin/alpine/ElectrostaticPIF/LandauDampingPIF[0x425995]
[jwb0556:1623969] [24] /p/home/jusers/fischill1ll1/juwels/ippl/build_fin/alpine/ElectrostaticPIF/LandauDampingPIF[0x425995]
[jwb1175:3111660] *** End of error message ***
/home/jusers/fischill1/juwels/ippl/build_fin/_deps/kokkos-build/core/src/libkokkoscore.so.5.0(_ZNK6Kokkos9CudaSpace13impl_allocateEPKcmm28Kokkos_Profiling_SpaceHandle+0x219)[0x154bbaa31319]
[jwb0575:2075218] [10] /p/home/jusers/fischill1/juwels/ippl/build_fin/_deps/kokkos-build/core/src/libkokkoscore.so.5.0(_ZNK6Kokkos9CudaSpace8allocateEPKcmm+0x65)[0x154bbaa31395]
[jwb0575:2075218] [11] /p/home/jusers/fischill1/juwels/ippl/build_fin/_deps/kokkos-build/core/src/libkokkoscore.so.5.0(_ZN6Kokkos4Impl44HostInaccessibleSharedAllocationRecordCommonINS_9CudaSpaceEEC2ERKS2_RKNSt7__cxx1112basic_stringIcSt11char_traitsIcESaIcEEEmPFvPNS0_22SharedAllocationRecordIvvEEE+0x30)[0x154bbaa33260]
[jwb0575:2075218] [12] /p/home/jusers/fischill1/juwels/ippl/build_fin/alpine/ElectrostaticPIF/LandauDampingPIF[0x49cd3a]
[jwb0575:2075218] [13] /p/home/jusers/fischill1/juwels/ippl/build_fin/alpine/ElectrostaticPIF/LandauDampingPIF[0x4d0480]
/home/jusers/fischill1/juwels/ippl/build_fin/_deps/kokkos-build/core/src/libkokkoscore.so.5.0(_ZNK6Kokkos9CudaSpace13impl_allocateEPKcmm28Kokkos_Profiling_SpaceHandle+0x219)[0x14c3be36c319]
[jwb0795:3810591] [10] /p/home/jusers/fischill1/juwels/ippl/build_fin/_deps/kokkos-build/core/src/libkokkoscore.so.5.0(_ZNK6Kokkos9CudaSpace8allocateEPKcmm+0x65)[0x14c3be36c395]
[jwb0795:3810591] [11] /p/home/jusers/fischill1/juwels/ippl/build_fin/_deps/kokkos-build/core/src/libkokkoscore.so.5.0(_ZN6Kokkos4Impl44HostInaccessibleSharedAllocationRecordCommonINS_9CudaSpaceEEC2ERKS2_RKNSt7__cxx1112basic_stringIcSt11char_traitsIcESaIcEEEmPFvPNS0_22SharedAllocationRecordIvvEEE+0x30)[0x14c3be36e260]
[jwb0795:3810591] [12] /p/home/jusers/fischill1/juwels/ippl/build_fin/alpine/ElectrostaticPIF/LandauDampingPIF[0x4aa864]
[jwb0573:798244] [ 9] /p/home/juse[jwb1027:733952] [ 9] /p/home/juse/home/jusers/fischill1/juwels/ippl/build_fin/_deps/kokkos-build/core/src/libkokkoscore.so.5.0(_ZNK6Kokkos9CudaSpace13impl_allocateEPKcmm28Kokkos_Profiling_SpaceHandle+0x219)[0x14772a5e7319]
[jwb0971:3373805] [10] /p/home/jusers/fischill1/juwels/ippl/build_fin/_deps/kokkos-build/core/src/libkokkoscore.so.5.0(_ZNK6Kokkos9CudaSpace8allocateEPKcmm+0x65)[0x14772a5e7395]
/home/jusers/fischill1/juwels/ippl/build_fin/_deps/kokkos-build/core/src/libkokkoscore.so.5.0(_ZNK6Kokkos9CudaSpace13impl_allocateEPKcmm28Kokkos_Profiling_SpaceHandle+0x219)[0x15419921c319]
[jwb0567:3865293] [ 0] /usr/lib64/libc.so.6(+0x3fc30)[0x152176abbc30]
[jwb0567:3865293] [ 1] /usr/lib64/libc.so.6(+0x8d02c)[0x152176b0902c]
[jwb0567:3865293] [ 2] /usr/lib64/libc.so.6(raise+0x16)[0x152176abbb86]
[jwb0567:3865293] [ 3] /usr/lib64/libc.so.6(abort+0xd3)[0x152176aa5873]
[jwb0567:3865293] [ 4] /p/software/default/stages/2026/software/GCCcore/14.3.0/lib64/libstdc++.so.6(+0xadc3d)[0x152176d60c3d]
[jwb0567:3865293] [ 5] /p/software/default/stages/2026/software/GCCcore/14.3.0/lib64/libstdc++.so.6(+0xbf14a)[0x152176d7214a]
[jwb0567:3865293] [ 6] /p/software/default/stages/2026/software/GCCcore/14.3.0/lib64/libstdc++.so.6(_ZSt10unexpectedv+0x0)[0x152176d607e9]
[jwb0567:3865293] [ 7] /p/software/default/stages/2026/software/GCCcore/14.3.0/lib64/libstdc++.so.6(+0xbf3c7)[0x152176d723c7]
[jwb0567:3865293] [ 8] /p/home/jusers/fischill1/juwels/ippl/build_fin/_deps/kokkos-build/core/src/libkokkoscore.so.5.0(_ZN6Kokkos4Impl15throw_bad_allocESt17basic_string_viewIcSt11char_traitsIcEEmS4_+0x115)[0x152177200e05]
[jwb0031:1623415] [ 9] /p[jwb0777:2201003] [ 0] /usr/lib64/libc.so.6(+0x3fc30)[0x148049f35c30]
[jwb0777:2201003] [ 1] /usr/lib64/libc.so.6(+0x8d02c)[0x148049f8302c]
[jwb0777:2201003] [ 2] /usr/lib64/libc.so.6(raise+0x16)[0x148049f35b86]
[jwb0777:2201003] [ 3] /usr/lib64/libc.so.6(abort+0xd3)[0x148049f1f873]
[jwb0777:2201003] [ 4] /p/software/default/stages/2026/software/GCCcore/14.3.0/lib64/libstdc++.so.6(+0xadc3d)[0x14804a1dac3d]
[jwb0777:2201003] [ 5] /p/software/default/stages/2026/software/GCCcore/14.3.0/lib64/libstdc++.so.6(+0xbf14a)[0x14804a1ec14a]
[jwb0777:2201003] [ 6] /p/software/default/stages/2026/software/GCCcore/14.3.0/lib64/libstdc++.so.6(_ZSt10unexpectedv+0x0)[0x14804a1da7e9]
[jwb0777:2201003] [ 7] /p/software/default/stages/2026/software/GCCcore/14.3.0/lib64/libstdc++.so.6(+0xbf3c7)[0x14804a1ec3c7]
[jwb0777:2201003] [ 8] /p/home/jusers/fischill1/juwels/ippl/build_fin/_deps/kokkos-build/core/src/libkokkoscore.so.5.0(_ZN6Kokkos4Impl15throw_bad_allocESt17basic_string_viewIcSt11char_traitsIcEEmS4_+0x115)[0x14804a67ae05]
[jwb0984:2430497] [ 9] /pin/alpine/ElectrostaticPIF/LandauDampingPIF[0x4e81cb]
[jwb1156:2419057] [16] /p/home/jusers/fischill1/juwels/ippl/build_fin/alpine/ElectrostaticPIF/LandauDampingPIF[0x585bfd]
[jwb0792:2510151] [ 0] /usr/lib64/libc.so.6(+0x3fc30)[0x14817b7dcc30]
[jwb0792:2510151] [ 1] /usr/lib64/libc.so.6(+0x8d02c)[0x14817b82a02c]
[jwb0792:2510151] [ 2] /usr/lib64/libc.so.6(raise+0x16)[0x14817b7dcb86]
[jwb0792:2510151] [ 3] /usr/lib64/libc.so.6(abort+0xd3)[0x14817b7c6873]
[jwb0792:2510151] [ 4] /p/software/default/stages/2026/software/GCCcore/14.3.0/lib64/libstdc++.so.6(+0xadc3d)[0x14817ba81c3d]
[jwb0792:2510151] [ 5] /p/software/default/stages/2026/software/GCCcore/14.3.0/lib64/libstdc++.so.6(+0xbf14a)[0x14817ba9314a]
[jwb0792:2510151] [ 6] /p/software/default/stages/2026/software/GCCcore/14.3.0/lib64/libstdc++.so.6(_ZSt10unexpectedv+0x0)[0x14817ba817e9]
[jwb0792:2510151] [ 7] /p/software/default/stages/2026/software/GCCcore/14.3.0/lib64/libstdc++.so.6(+0xbf3c7)[0x14817ba933c7]
[jwb0792:2510151] [ 8] /p/home/jusers/fischill1/juwels/ippl/build_fin/_deps/kokkos-build/core/src/libkokkoscore.so.5.0(_ZN6Kokkos4Impl15throw_bad_allocESt17basic_string_viewIcSt11char_traitsIcEEmS4_+0x115)[0x14817bf21e05]
terminate called after throwing an instance of 'std::runtime_error'
  what():  Kokkos ERROR: Cuda memory space failed to allocate 1.001 GiB (label="temp_storage").
/home/jusers/fischill1/juwels/ippl/build_fin/_deps/kokkos-build/core/src/libkokkoscore.so.5.0(_ZNK6Kokkos9CudaSpace13impl_allocateEPKcmm28Kokkos_Profiling_SpaceHandle+0x219)[0x1544ca40c319]
[jwb1109:2838548] [10] /p/home/jusers/fischill1/juwels/ippl/build_fin/_deps/kokkos-build/core/src/libkokkoscore.so.5.0(_ZNK6Kokkos9CudaSpace8allocateEPKcmm+0x65)[0x1544ca40c395]
[jwb1109:2838548] [11] /p/home/jusers/fischill1/juwels/ippl/build_fin/_deps/kokkos-build/core/src/libkokkoscore.so.5.0(_ZN6Kokkos4Impl44HostInaccessibleSharedAllocationRecordCommonINS_9CudaSpaceEEC2ERKS2_RKNSt7__cxx1112basic_stringIcSt11char_traitsIcESaIcEEEmPFvPNS0_22SharedAllocationRecordIvvEEE+0x30)[0x1544ca40e260]
[jwb1109:2838548] [12] /p/home/jusers/fischill1/juwels/ippl/build_fin/alpine/ElectrostaticPIF/LandauDampingPIF[0x49cd3a]
[jwb1109:2838548] [13] /p/home/jusers/fischill1/juwels/ippl/build_fin/alpine/ElectrostaticPIF/LandauDampingPIF[0x4d0480]
rs/fischill1/juwels/ippl/build_fin/_deps/kokkos-build/core/src/libkokkoscore.so.5.0(_ZNK6Kokkos9CudaSpace13impl_allocateEPKcmm28Kokkos_Profiling_SpaceHandle+0x219)[0x14ec68523319]
[jwb0986:230223] [10] /p/home/jusers/fischill1/juwels/ippl/build_fin/_deps/kokkos-build/core/src/libkokkoscore.so.5.0(_ZNK6Kokkos9CudaSpace8allocateEPKcmm+0x65)[0x14ec68523395]
/home/jusers/fischill1/juwels/ippl/build_fin/_deps/kokkos-build/core/src/libkokkoscore.so.5.0(_ZNK6Kokkos9CudaSpace13impl_allocateEPKcmm28Kokkos_Profiling_SpaceHandle+0x219)[0x14f42fc0e319]
[jwb0981:1350523] [10] /p/home/jusers/fischill1/juwels/ippl/build_fin/_deps/kokkos-build/core/src/libkokkoscore.so.5.0(_ZNK6Kokkos9CudaSpace8allocateEPKcmm+0x65)[0x14f42fc0e395]
[jwb0981:1350523] [11] /p/home/jusers/fischill1/juwels/ippl/build_fin/_deps/kokkos-build/core/src/libkokkoscore.so.5.0(_ZN6Kokkos4Impl44HostInaccessibleSharedAllocationRecordCommonINS_9CudaSpaceEEC2ERKS2_RKNSt7__cxx1112basic_stringIcSt11char_traitsIcESaIcEEEmPFvPNS0_22SharedAllocationRecordIvvEEE+0x30)[0x14f42fc10260]
[jwb0981:1350523] [12] /p/home/jusers/fischill1/juwels/ippl/build_fin/alpine/ElectrostaticPIF/LandauDampingPIF[0x4aa864]
[jwb0981:1350523] [13] /p/home/jusers/fischill1/juwels/ippl/build_fin/alpine/ElectrostaticPIF/LandauDampingPIF[0x4aae5e]
[jwb1048:2946382] [ 0] /usr/lib64/libc.so.6(+0x3fc30)[0x150020afec30]
[jwb1048:2946382] [ 1] /usr/lib64/libc.so.6(+0x8d02c)[0x150020b4c02c]
[jwb1048:2946382] [ 2] /usr/lib64/libc.so.6(raise+0x16)[0x150020afeb86]
[jwb1048:2946382] [ 3] /usr/lib64/libc.so.6(abort+0xd3)[0x150020ae8873]
[jwb1048:2946382] [ 4] /p/software/default/stages/2026/software/GCCcore/14.3.0/lib64/libstdc++.so.6(+0xadc3d)[0x150020da3c3d]
[jwb1048:2946382] [ 5] /p/software/default/stages/2026/software/GCCcore/14.3.0/lib64/libstdc++.so.6(+0xbf14a)[0x150020db514a]
[jwb1048:2946382] [ 6] /p/software/default/stages/2026/software/GCCcore/14.3.0/lib64/libstdc++.so.6(_ZSt10unexpectedv+0x0)[0x150020da37e9]
[jwb1048:2946382] [ 7] /p/software/default/stages/2026/software/GCCcore/14.3.0/lib64/libstdc++.so.6(+0xbf3c7)[0x150020db53c7]
[jwb1048:2946382] [ 8] /p/home/jusers/fischill1/juwels/ippl/build_fin/_deps/kokkos-build/core/src/libkokkoscore.so.5.0(_ZN6Kokkos4Impl15throw_bad_allocESt17basic_string_viewIcSt11char_traitsIcEEmS4_+0x115)[0x150021243e05]
[jwb0035:822450] [ 0] /usr/lib64/libc.so.6(+0x3fc30)[0x14fe1a3bdc30]
[jwb0035:822450] [ 1] /usr/lib64/libc.so.6(+0x8d02c)[0x14fe1a40b02c]
[jwb0035:822450] [ 2] /usr/lib64/libc.so.6(raise+0x16)[0x14fe1a3bdb86]
[jwb0035:822450] [ 3] /usr/lib64/libc.so.6(abort+0xd3)[0x14fe1a3a7873]
[jwb0035:822450] [ 4] /p/software/default/stages/2026/software/GCCcore/14.3.0/lib64/libstdc++.so.6(+0xadc3d)[0x14fe1a662c3d]
[jwb0035:822450] [ 5] /p/software/default/stages/2026/software/GCCcore/14.3.0/lib64/libstdc++.so.6(+0xbf14a)[0x14fe1a67414a]
[jwb0035:822450] [ 6] /p/software/default/stages/2026/software/GCCcore/14.3.0/lib64/libstdc++.so.6(_ZSt10unexpectedv+0x0)[0x14fe1a6627e9]
[jwb0035:822450] [ 7] /p/software/default/stages/2026/software/GCCcore/14.3.0/lib64/libstdc++.so.6(+0xbf3c7)[0x14fe1a6743c7]
[jwb0035:822450] [ 8] /p/home/jusers/fischill1/juwels/ippl/build_fin/_deps/kokkos-build/core/src/libkokkoscore.so.5.0(_ZN6Kokkos4Impl15throw_bad_allocESt17basic_string_viewIcSt11char_traitsIcEEmS4_+0x115)[0x14fe1ab02e05]
[jwb0576:1115227] [14] /p/home/jusers/fischill1/juwels/ippl/build_fin/alpine/ElectrostaticPIF/LandauDampingPIF[0x4cf90[jwb0038:1527884] *** End of error message *7]
[jwb0556:1623966] [15] /p/home/jusers/fischill1/juwels/ippl/build_fin/alpine/ElectrostaticPIF/LandauDampingPIF[0x4e81cb]
[jwb1175:3111663] [18] /p/home/jusers/fischill1/juwels/ippl/build_fin/alpine/ElectrostaticPIF/LandauDampingPIF[0x6095b5]
[jwb1175:3111663] [19] /p/home/jusers/fischill1/juwels/ippl/build_fin/alpine/ElectrostaticPIF/LandauDampingPIF[0x60c8d1]
[jwb1175:3111663] [20] /p/home/jusers/fischill1/juwels/ippl/build_fin/alpine/ElectrostaticPIF/LandauDampingPIF[0x60d25b]
[jwb1175:3111663] [21] /p/home/jusers/fischill1/juwels/ippl/build_fin/alpine/ElectrostaticPIF/LandauDampingPIF[0x423759]
[jwb1175:3111663] [22] /usr/lib64/libc.so.6(+0x2a610)[0x1507df2ef610]
[jwb1175:3111663] [23] /usr/lib64/libc.so.6(__libc_start_main+0x80)[0x1507df2ef6c0]
[jwb1175:3111663] [24] /p/home/jusers/fischill1/juwels/ippl/build_fin/alpine/ElectrostaticPIF/LandauDampingPIF[0x425995]
[jwb1175:3111663] *** End of error message ***
terminate called after throwing an instance of 'std::runtime_error'
[jwb0575:2075218] [14] /p/home/jusers/fischill1/juwels/ippl/build_fin/alpine/ElectrostaticPIF/LandauDampingPIF[0x4e81c[jwb0795:3810590] [ 0] /usr/lib64/libc.so.6(+0x3fc30)[0x14e78bd33c30]
[jwb0795:3810590] [ 1] /usr/lib64/libc.so.6(+0x8d02c)[0x14e78bd8102c]
[jwb0795:3810590] [ 2] /usr/lib64/libc.so.6(raise+0x16)[0x14e78bd33b86]
[jwb0795:3810590] [ 3] /usr/lib64/libc.so.6(abort+0xd3)[0x14e78bd1d873]
[jwb0795:3810590] [ 4] /p/software/default/stages/2026/software/GCCcore/14.3.0/lib64/libstdc++.so.6(+0xadc3d)[0x14e78bfd8c3d]
[jwb0795:3810590] [ 5] /p/software/default/stages/2026/software/GCCcore/14.3.0/lib64/libstdc++.so.6(+0xbf14a)[0x14e78bfea14a]
[jwb0795:3810590] [ 6] /p/software/default/stages/2026/software/GCCcore/14.3.0/lib64/libstdc++.so.6(_ZSt10unexpectedv+0x0)[0x14e78bfd87e9]
[jwb0795:3810590] [ 7] /p/software/default/stages/2026/software/GCCcore/14.3.0/lib64/libstdc++.so.6(+0xbf3c7)[0x14e78bfea3c7]
[jwb0795:3810590] [ 8] /p/home/jusers/fischill1/juwels/ippl/build_fin/_deps/kokkos-build/core/src/libkokkoscore.so.5.0(_ZN6Kokkos4Impl15throw_bad_allocESt17basic_string_viewIcSt11char_traitsIcEEmS4_+0x115)[0x14e78c478e05]
rs/fischill1/juwels/ippl/build_fin/_deps/kokkos-build/core/src/libkokkoscore.so.5.0(_ZNK6Kokkos9CudaSpace13impl_allocateEPKcmm28Kokkos_Profiling_SpaceHandle+0x219)[0x15518a229319]
[jwb0573:798244] [10] /p/home/jusers/fischill1/juwels/ippl/build_fin/_deps/kokkos-build/core/src/libkokkoscore.so.5.0(_ZNK6Kokkos9CudaSpace8allocateEPKcmm+0x65)[0x15518a229395]
[jwb0573:798244] [11] /p/home/jusers/fischill1/juwels/ippl/build_fin/_deps/kokkos-build/core/src/libkokkoscore.so.5.0(_ZN6Kokkos4Impl44HostInaccessibleSharedAllocationRecordCommonINS_9CudaSpaceEEC2ERKS2_RKNSt7__cxx1112basic_stringIcSt11char_traitsIcESaIcEEEmPFvPNS0_22SharedAllocationRecordIvvEEE+0x30)[0x15518a22b260]
[jwb0573:798244] [12] /p/home/jusers/fischill1/juwels/ippl/build_fin/alpine/ElectrostaticPIF/LandauDampingPIF[0x4aa864]
[jwb0573:798244] [13] /p/home/jusers/fischill1/juwels/ippl/build_fin/alpine/ElectrostaticPIF/LandauDampingPIF[0x4aaf61]
[jwb1027:733954] [11] /p/home/jusers/fischill1/juwels/ippl/build_fin/_deps/kokkos-build/core/src/libkokkoscore.so.5.0(_ZN6Kokkos4Impl44HostInaccessibleSharedAllocationRecordCommonINS_9CudaSpaceEEC2ERKS2_RKNSt7__cxx1112basic_stringIcSt11char_traitsIcESaIcEEEmPFvPNS0_22SharedAllocationRecordIvvEEE+0x30)[0x14f448f87260]
[jwb1027:733954] [12] /p/home/jusers/fischill1/juwels/ippl/build_fin/alpine/ElectrostaticPIF/LandauDampingPIF[0x49cd3a]
[jwb1027:733954] [13] /p/home/jusers/fischill1/juwels/ippl/build_fin/alpine/ElectrostaticPIF/LandauDampingPIF[0x4d0480]
[jwb1027:733954] [14] /p/home/jusers/fischill1/juwels/ippl/build_fin/alpine/ElectrostaticPIF/LandauDampingPIF[0x4e81cb]
[jwb1027:733954] [15] /p/home/jusers/fischill1/juwels/ippl/build_fin/alpine/ElectrostaticPIF/LandauDampingPIF[0x585bfd]
[jwb1027:733954] [16] /p/home/jusers/fischill1/juwels/ippl/build_fin/alpine/ElectrostaticPIF/LandauDampingPIF[0x6090d8]
[jwb0971:3373803] [11] /p/home/jusers/fischill1/juwels/ippl/build_fin/_deps/kokkos-build/core/src/libkokkoscore.so.5.0(_ZN6Kokkos4Impl44HostInaccessibleSharedAllocationRecordCommonINS_9CudaSpaceEEC2ERKS2_RKNSt7__cxx1112basic_stringIcSt11char_traitsIcESaIcEEEmPFvPNS0_22SharedAllocationRecordIvvEEE+0x30)[0x147f79194260]
[jwb0971:3373803] [12] /p/home/jusers/fischill1/juwels/ippl/build_fin/alpine/ElectrostaticPIF/LandauDampingPIF[0x4aa864]
[jwb0971:3373803] [13] /p/home/jusers/fischill1/juwels/ippl/build_fin/alpine/ElectrostaticPIF/LandauDampingPIF[0x4aaf61]
[jwb1034:3675053] [ 0] /usr/lib64/libc.so.6(+0x3fc30)[0x1455bb47bc30]
[jwb1034:3675053] [ 1] /usr/lib64/libc.so.6(+0x8d02c)[0x1455bb4c902c]
[jwb1034:3675053] [ 2] /usr/lib64/libc.so.6(raise+0x16)[0x1455bb47bb86]
[jwb1034:3675053] [ 3] /usr/lib64/libc.so.6(abort+0xd3)[0x1455bb465873]
[jwb1034:3675053] [ 4] /p/software/default/stages/2026/software/GCCcore/14.3.0/lib64/libstdc++.so.6(+0xadc3d)[0x1455bb720c3d]
[jwb1034:3675053] [ 5] /p/software/default/stages/2026/software/GCCcore/14.3.0/lib64/libstdc++.so.6(+0xbf14a)[0x1455bb73214a]
[jwb1034:3675053] [ 6] /p/software/default/stages/2026/software/GCCcore/14.3.0/lib64/libstdc++.so.6(_ZSt10unexpectedv+0x0)[0x1455bb7207e9]
[jwb1034:3675053] [ 7] /p/software/default/stages/2026/software/GCCcore/14.3.0/lib64/libstdc++.so.6(+0xbf3c7)[0x1455bb7323c7]
[jwb1034:3675053] [ 8] /p/home/jusers/fischill1/juwels/ippl/build_fin/_deps/kokkos-build/core/src/libkokkoscore.so.5.0(_ZN6Kokkos4Impl15throw_bad_allocESt17basic_string_viewIcSt11char_traitsIcEEmS4_+0x115)[0x1455bbbc0e05]
[jwb0567:3865293] [ 9] /p[jwb0031:1623416] [13] /p/home/jusers/fischill1/juwels/ippl/build_fin/alpine/ElectrostaticPIF/LandauDampingPIF[0x4aae5e]
[jwb0031:1623416] [14] /p/home/jusers/fischill1/juwels/ippl/build_fin/alpine/ElectrostaticPIF/LandauDampingPIF[0x4cf907]
[jwb0031:1623416] [15] /p/home/jusers/fischill1/juwels/ippl/build_fin/alpine/ElectrostaticPIF/LandauDampingPIF[0x4e81cb]
[jwb0031:1623416] [16] /p/home/jusers/fischill1/juwels/ippl/build_fin/alpine/ElectrostaticPIF/LandauDampingPIF[0x585bfd]
[jwb0031:1623416] [17] /p/home/jusers/fischill1/juwels/ippl/build_fin/alpine/ElectrostaticPIF/LandauDampingPIF[0x6090d8]
[jwb0031:1623416] [18] /p/home/jusers/fischill1/juwels/ippl/build_fin/alpine/ElectrostaticPIF/LandauDampingPIF[0x6095b5]
[jwb0031:1623416] [19] /p/home/jusers/fischill1/juwels/ippl/build_fin/alpine/ElectrostaticPIF/LandauDampingPIF[0x60c8d1]
[jwb0031:1623416] [20] /p/home/jusers/fischill1/juwels/ippl/build_fin/alpine/ElectrostaticPIF/LandauDampingPIF[0x60d25b]
[jwb0777:2201003] [ 9] /p/home/jusers/fischill1/juwels/ippl/build_fin/_deps/kokkos-build/core/src/libkokkoscore.so.5.0(_ZNK6Kokkos9CudaSpace13impl_allocateEPKcmm28Kokkos_Profiling_SpaceHandle+0x219)[0x14b4029c2319]
[jwb0984:2430494] [10] /p/home/jusers/fischill1/juwels/ippl/build_fin/_deps/kokkos-build/core/src/libkokkoscore.so.5.0(_ZNK6Kokkos9CudaSpace8allocateEPKcmm+0x65)[0x14b4029c2395]
[jwb0984:2430494] [11] /p/home/jusers/fischill1/juwels/ippl/build_fin/_deps/kokkos-build/core/src/libkokkoscore.so.5.0(_ZN6Kokkos4Impl44HostInaccessibleSharedAllocationRecordCommonINS_9CudaSpaceEEC2ERKS2_RKNSt7__cxx1112basic_stringIcSt11char_traitsIcESaIcEEEmPFvPNS0_22SharedAllocationRecordIvvEEE+0x30)[0x14b4029c4260]
[jwb0984:2430494] [12] /p/home/jusers/fischill1/juwels/ippl/build_fin/alpine/ElectrostaticPIF/LandauDampingPIF[0x4aa864]
[jwb0984:2430494] [13] /p/home/jusers/fischill1/juwels/ippl/build_fin/alpine/ElectrostaticPIF/LandauDampingPIF[0x4aae5e]
/home/jusers/fischill1/juwels/ippl/build_fin/_deps/kokkos-build/core/src/libkokkoscore.so.5.0(_ZNK6Kokkos9CudaSpace13impl_allocateEPKcmm28Kokkos_Profiling_SpaceHandle+0x219)[0x14ed3398e319]
[jwb1156:2419058] [10] /p/home/jusers/fischill1/juwels/ippl/build_fin/_deps/kokkos-build/core/src/libkokkoscore.so.5.0(_ZNK6Kokkos9CudaSpace8allocateEPKcmm+0x65)[0x14ed3398e395]
[jwb1156:2419058] [11] /p/home/jusers/fischill1/juwels/ippl/build_fin/_deps/kokkos-build/core/src/libkokkoscore.so.5.0(_ZN6Kokkos4Impl44HostInaccessibleSharedAllocationRecordCommonINS_9CudaSpaceEEC2ERKS2_RKNSt7__cxx1112basic_stringIcSt11char_traitsIcESaIcEEEmPFvPNS0_22SharedAllocationRecordIvvEEE+0x30)[0x14ed33990260]
[jwb1156:2419058] [12] /p/home/jusers/fischill1/juwels/ippl/build_fin/alpine/ElectrostaticPIF/LandauDampingPIF[0x49cd3a]
[jwb1156:2419058] [13] /p/home/jusers/fischill1/juwels/ippl/build_fin/alpine/ElectrostaticPIF/LandauDampingPIF[0x4d0480]
[jwb0792:2510151] [ 9] /pterminate called after throwing an instance of 'std::runtime_error'
  what():  Kokkos ERROR: Cuda memory space failed to allocate 602.3 MiB (label="perm_out").
[jwb1109:2838548] [14] /p/home/jusers/fischill1/juwels/ippl/build_fin/alpine/ElectrostaticPIF/LandauDampingPIF[0x4e81c[jwb0986:230221] [ 0] /usr/lib64/libc.so.6(+0x3fc30)[0x1541c3df4c30]
[jwb0986:230221] [ 1] /usr/lib64/libc.so.6(+0x8d02c)[0x1541c3e4202c]
[jwb0986:230221] [ 2] /usr/lib64/libc.so.6(raise+0x16)[0x1541c3df4b86]
[jwb0986:230221] [ 3] /usr/lib64/libc.so.6(abort+0xd3)[0x1541c3dde873]
[jwb0986:230221] [ 4] /p/software/default/stages/2026/software/GCCcore/14.3.0/lib64/libstdc++.so.6(+0xadc3d)[0x1541c4099c3d]
[jwb0986:230221] [ 5] /p/software/default/stages/2026/software/GCCcore/14.3.0/lib64/libstdc++.so.6(+0xbf14a)[0x1541c40ab14a]
[jwb0986:230221] [ 6] /p/software/default/stages/2026/software/GCCcore/14.3.0/lib64/libstdc++.so.6(_ZSt10unexpectedv+0x0)[0x1541c40997e9]
[jwb0986:230221] [ 7] /p/software/default/stages/2026/software/GCCcore/14.3.0/lib64/libstdc++.so.6(+0xbf3c7)[0x1541c40ab3c7]
[jwb0986:230221] [ 8] /p/home/jusers/fischill1/juwels/ippl/build_fin/_deps/kokkos-build/core/src/libkokkoscore.so.5.0(_ZN6Kokkos4Impl15throw_bad_allocESt17basic_string_viewIcSt11char_traitsIcEEmS4_+0x115)[0x1541c4539e05]
[jwb0981:1350523] [14] /p/home/jusers/fischill1/juwels/ippl/build_fin/alpine/ElectrostaticPIF/LandauDampingPIF[0x4cf90[jwb1048:2946382] [ 9] /p[jwb0035:822450] [ 9] /p/home/juse7]
[jwb0576:1115227] [15] /p/home/jusers/fischill1/juwels/ippl/build_fin/alpine/ElectrostaticPIF/LandauDampingPIF[0x4e81cb]
[jwb0576:1115227] [16] /p/home/jusers/fischill1/juwels/ippl/build_fin/alpine/ElectrostaticPIF/LandauDampingPIF[0x585bfd]
[jwb0038:1527885] [11] /p/home/jusers/fischill1/juwels/ippl/build_fin/_deps/kokkos-build/core/src/libkokkoscore.so.5.0(_ZN6Kokkos4Impl44HostInaccessibleSharedAllocationRecordCommonINS_9CudaSpaceEEC2ERKS2_RKNSt7__cxx1112basic_stringIcSt11char_traitsIcESaIcEEEmPFvPNS0_22SharedAllocationRecordIvvEEE+0x30)[0x14700cd57260]
[jwb0038:1527885] [12] /p/home/jusers/fischill1/juwels/ippl/build_fin/alpine/ElectrostaticPIF/LandauDampingPIF[0x4aa864]
[jwb0038:1527885] [13] /p/home/jusers/fischill1/juwels/ippl/build_fin/alpine/ElectrostaticPIF/LandauDampingPIF[0x4aaf61]
[jwb0038:1527885] [14] /p/home/jusers/fischill1/juwels/ippl/build_fin/alpine/ElectrostaticPIF/LandauDampingPIF[0x4cf907]
[jwb0038:1527885] [15] /p/home/jusers/fischill1/juwels/ippl/build_fin/alpine/ElectrostaticPIF/LandauDampingPIF[0x4e81cb]
[jwb0038:1527885] [16] /p/home/jusers/fischill1/juwels/ippl/build_fin/alpine/ElectrostaticPIF/LandauDampingPIF[0x585bfd]
terminate called after throwing an instance of 'std::runtime_error'
7]
[jwb0556:1623967] [15] /p/home/jusers/fischill1/juwels/ippl/build_fin/alpine/ElectrostaticPIF/LandauDampingPIF[0x4e81cb]
[jwb0556:1623967] [16] /p/home/jusers/fischill1/juwels/ippl/build_fin/alpine/ElectrostaticPIF/LandauDampingPIF[0x585bfd]
[jwb0556:1623967] [17] /p/home/jusers/fischill1/juwels/ippl/build_fin/alpine/ElectrostaticPIF/LandauDampingPIF[0x6090d8]
[jwb0556:1623967] [18] /p/home/jusers/fischill1/juwels/ippl/build_fin/alpine/ElectrostaticPIF/LandauDampingPIF[0x6095b5]
ctrostaticPIF/LandauDampingPIF[0x60d25b]
[jwb1175:3111661] [21] /p/home/jusers/fischill1/juwels/ippl/build_fin/alpine/ElectrostaticPIF/LandauDampingPIF[0x423759]
[jwb1175:3111661] [22] /usr/lib64/libc.so.6(+0x2a610)[0x147d54ace610]
[jwb1175:3111661] [23] /usr/lib64/libc.so.6(__libc_start_main+0x80)[0x147d54ace6c0]
[jwb1175:3111661] [24] /p/home/jusers/fischill1/juwels/ippl/build_fin/alpine/ElectrostaticPIF/LandauDampingPIF[0x425995]
[jwb1175:3111661] *** End of error message ***
terminate called after throwing an instance of 'std::runtime_error'
[jwb0575:2075217] [20] /p/home/jusers/fischill1/juwels/ippl/build_fin/alpine/ElectrostaticPIF/LandauDampingPIF[0x423759]
[jwb0575:2075217] [21] /usr/lib64/libc.so.6(+0x2a610)[0x14a0ec1a4610]
[jwb0575:2075217] [22] /usr/lib64/libc.so.6(__libc_start_main+0x80)[0x14a0ec1a46c0]
[jwb0575:2075217] [23] /p/home/jusers/fischill1/juwels/ippl/build_fin/alpine/ElectrostaticPIF/LandauDampingPIF[0x425995]
[jwb0795:3810590] [ 9] /p[jwb0573:798244] [14] /p/home/jusers/fischill1/juwels/ippl/build_fin/alpine/ElectrostaticPIF/LandauDampingPIF[0x4cf907]
[jwb0573:798[jwb1027:733954] [17] /p/home/jusers/fischill1/juwels/ippl/build_fin/alpine/ElectrostaticPIF/LandauDampingPIF[0x6095b5]
[jwb1027:/home/jusers/fischill1/juwels/ippl/build_fin/_deps/kokkos-build/core/src/libkokkoscore.so.5.0(_ZNK6Kokkos9CudaSpace13impl_allocateEPKcmm28Kokkos_Profiling_SpaceHandle+0x219)[0x1518eaa43319]
[jwb0971:3373806] [10] /p/home/jusers/fischill1/juwels/ippl/build_fin/_deps/kokkos-build/core/src/libkokkoscore.so.5.0(_ZNK6Kokkos9CudaSpace8allocateEPKcmm+0x65)[0x1518eaa43395]
[jwb0971:3373806] [11] /p/home/jusers/fischill1/juwels/ippl/build_fin/_deps/kokkos-build/core/src/libkokkoscore.so.5.0(_ZN6Kokkos4Impl44HostInaccessibleSharedAllocationRecordCommonINS_9CudaSpaceEEC2ERKS2_RKNSt7__cxx1112basic_stringIcSt11char_traitsIcESaIcEEEmPFvPNS0_22SharedAllocationRecordIvvEEE+0x30)[0x1518eaa45260]
[jwb0971:3373806] [12] /p/home/jusers/fischill1/juwels/ippl/build_fin/alpine/ElectrostaticPIF/LandauDampingPIF[0x49cd3a]
[jwb0971:3373806] [13] /p/home/jusers/fischill1/juwels/ippl/build_fin/alpine/ElectrostaticPIF/LandauDampingPIF[0x4d0480]
[jwb1034:3675053] [ 9] /p/home/jusers/fischill1/juwels/ippl/build_fin/_deps/kokkos-build/core/src/libkokkoscore.so.5.0(_ZNK6Kokkos9CudaSpace13impl_allocateEPKcmm28Kokkos_Profiling_SpaceHandle+0x219)[0x14c5c2892319]
[jwb0567:3865291] [10] /p/home/jusers/fischill1/juwels/ippl/build_fin/_deps/kokkos-build/core/src/libkokkoscore.so.5.0(_ZNK6Kokkos9CudaSpace8allocateEPKcmm+0x65)[0x14c5c2892395]
[jwb0031:1623416] [21] /p/home/jusers/fischill1/juwels/ippl/build_fin/alpine/Ele[jwb0777:2201002] [ 0] /usr/lib64/libc.so.6(+0x3fc30)[0x149512f0cc30]
[jwb0777:2201002] [ 1] /usr/lib64/libc.so.6(+0x8d02c)[0x149512f5a02c]
[jwb0777:2201002] [ 2] /usr/lib64/libc.so.6(raise+0x16)[0x149512f0cb86]
[jwb0777:2201002] [ 3] /usr/lib64/libc.so.6(abort+0xd3)[0x149512ef6873]
[jwb0777:2201002] [ 4] /p/software/default/stages/2026/software/GCCcore/14.3.0/lib64/libstdc++.so.6(+0xadc3d)[0x1495131b1c3d]
[jwb0777:2201002] [ 5] /p/software/default/stages/2026/software/GCCcore/14.3.0/lib64/libstdc++.so.6(+0xbf14a)[0x1495131c314a]
[jwb0777:2201002] [ 6] /p/software/default/stages/2026/software/GCCcore/14.3.0/lib64/libstdc++.so.6(_ZSt10unexpectedv+0x0)[0x1495131b17e9]
[jwb0777:2201002] [ 7] /p/software/default/stages/2026/software/GCCcore/14.3.0/lib64/libstdc++.so.6(+0xbf3c7)[0x1495131c33c7]
[jwb0777:2201002] [ 8] /p/home/jusers/fischill1/juwels/ippl/build_fin/_deps/kokkos-build/core/src/libkokkoscore.so.5.0(_ZN6Kokkos4Impl15throw_bad_allocESt17basic_string_viewIcSt11char_traitsIcEEmS4_+0x115)[0x149513651e05]
/home/jusers/fischill1/juwels/ippl/build_fin/_deps/kokkos-build/core/src/libkokkoscore.so.5.0(_ZNK6Kokkos9CudaSpace13impl_allocateEPKcmm28Kokkos_Profiling_SpaceHandle+0x219)[0x1518e30c9319]
[jwb0984:2430495] [10] /p/home/jusers/fischill1/juwels/ippl/build_fin/_deps/kokkos-build/core/src/libkokkoscore.so.5.0(_ZNK6Kokkos9CudaSpace8allocateEPKcmm+0x65)[0x1518e30c9395]
[jwb0984:2430495] [11] /p/home/jusers/fischill1/juwels/ippl/build_fin/_deps/kokkos-build/core/src/libkokkoscore.so.5.0(_ZN6Kokkos4Impl44HostInaccessibleSharedAllocationRecordCommonINS_9CudaSpaceEEC2ERKS2_RKNSt7__cxx1112basic_stringIcSt11char_traitsIcESaIcEEEmPFvPNS0_22SharedAllocationRecordIvvEEE+0x30)[0x1518e30cb260]
[jwb0984:2430495] [12] /p/home/jusers/fischill1/juwels/ippl/build_fin/alpine/ElectrostaticPIF/LandauDampingPIF[0x4aa864]
[jwb0984:2430495] [13] /p/home/jusers/fischill1/juwels/ippl/build_fin/alpine/ElectrostaticPIF/LandauDampingPIF[0x4aaf61]
[jwb1156:2419058] [14] /p/home/jusers/fischill1/juwels/ippl/build_fin/alpine/ElectrostaticPIF/LandauDampingPIF[0x4e81c[jwb0792:2510153] [ 0] /usr/lib64/libc.so.6(+0x3fc30)[0x1457d2e73c30]
[jwb0792:2510153] [ 1] /usr/lib64/libc.so.6(+0x8d02c)[0x1457d2ec102c]
[jwb0792:2510153] [ 2] /usr/lib64/libc.so.6(raise+0x16)[0x1457d2e73b86]
[jwb0792:2510153] [ 3] /usr/lib64/libc.so.6(abort+0xd3)[0x1457d2e5d873]
[jwb0792:2510153] [ 4] /p/software/default/stages/2026/software/GCCcore/14.3.0/lib64/libstdc++.so.6(+0xadc3d)[0x1457d3118c3d]
[jwb0792:2510153] [ 5] /p/software/default/stages/2026/software/GCCcore/14.3.0/lib64/libstdc++.so.6(+0xbf14a)[0x1457d312a14a]
[jwb0792:2510153] [ 6] /p/software/default/stages/2026/software/GCCcore/14.3.0/lib64/libstdc++.so.6(_ZSt10unexpectedv+0x0)[0x1457d31187e9]
[jwb0792:2510153] [ 7] /p/software/default/stages/2026/software/GCCcore/14.3.0/lib64/libstdc++.so.6(+0xbf3c7)[0x1457d312a3c7]
[jwb0792:2510153] [ 8] /p/home/jusers/fischill1/juwels/ippl/build_fin/_deps/kokkos-build/core/src/libkokkoscore.so.5.0(_ZN6Kokkos4Impl15throw_bad_allocESt17basic_string_viewIcSt11char_traitsIcEEmS4_+0x115)[0x1457d35b8e05]
terminate called after throwing an instance of 'std::runtime_error'
  what():  Kokkos ERROR: Cuda memory space failed to allocate 1.029 GiB (label="temp_storage").
/home/jusers/fischill1/juwels/ippl/build_fin/_deps/kokkos-build/core/src/libkokkoscore.so.5.0(_ZNK6Kokkos9CudaSpace13impl_allocateEPKcmm28Kokkos_Profiling_SpaceHandle+0x219)[0x14c88e642319]
[jwb1109:2838549] [10] /p/home/jusers/fischill1/juwels/ippl/build_fin/_deps/kokkos-build/core/src/libkokkoscore.so.5.0(_ZNK6Kokkos9CudaSpace8allocateEPKcmm+0x65)[0x14c88e642395]
[jwb1109:2838549] [11] /p/home/jusers/fischill1/juwels/ippl/build_fin/_deps/kokkos-build/core/src/libkokkoscore.so.5.0(_ZN6Kokkos4Impl44HostInaccessibleSharedAllocationRecordCommonINS_9CudaSpaceEEC2ERKS2_RKNSt7__cxx1112basic_stringIcSt11char_traitsIcESaIcEEEmPFvPNS0_22SharedAllocationRecordIvvEEE+0x30)[0x14c88e644260]
[jwb1109:2838549] [12] /p/home/jusers/fischill1/juwels/ippl/build_fin/alpine/ElectrostaticPIF/LandauDampingPIF[0x4aa864]
[jwb1109:2838549] [13] /p/home/jusers/fischill1/juwels/ippl/build_fin/alpine/ElectrostaticPIF/LandauDampingPIF[0x4aaf61]
[jwb0986:230221] [ 9] /p/home/juse[jwb0981:1350522] [15] /p/home/jusers/fischill1/juwels/ippl/build_fin/alpine/ElectrostaticPIF/LandauDampingPIF[0x4e81cb]
[jwb0981:1350522] [16] /p/home/jusers/fischill1/juwels/ippl/build_fin/alpine/ElectrostaticPIF/LandauDampingPIF[0x585bfd]
[jwb0981:1350522] [17] /p/home/jusers/fischill1/juwels/ippl/build_fin/alpine/ElectrostaticPIF/LandauDampingPIF[0x6090d8]
[jwb0981:1350522] [18] /p/home/jusers/fischill1/juwels/ippl/build_fin/alpine/ElectrostaticPIF/LandauDampingPIF[0x6095b5]
[jwb0981:1350522] [19] /p/home/jusers/fischill1/juwels/ippl/build_fin/alpine/ElectrostaticPIF/LandauDampingPIF[0x60c8d1]
[jwb0981:1350522] [20] /p/home/jusers/fischill1/juwels/ippl/build_fin/alpine/ElectrostaticPIF/LandauDampingPIF[0x60d25b]
[jwb0981:1350522] [21] /p/home/jusers/fischill1/juwels/ippl/build_fin/alpine/ElectrostaticPIF/LandauDampingPIF[0x423759]
[jwb0981:1350522] [22] /usr/lib64/libc.so.6(+0x2a610)[0x146bf488c610]
[jwb0981:1350522] [23] /usr/lib64/libc.so.6(__libc_start_main+0x80)[0x146bf488c6c0]
/home/jusers/fischill1/juwels/ippl/build_fin/_deps/kokkos-build/core/src/libkokkoscore.so.5.0(_ZNK6Kokkos9CudaSpace13impl_allocateEPKcmm28Kokkos_Profiling_SpaceHandle+0x219)[0x150021256319]
[jwb1048:2946382] [10] /p/home/jusers/fischill1/juwels/ippl/build_fin/_deps/kokkos-build/core/src/libkokkoscore.so.5.0(_ZNK6Kokkos9CudaSpace8allocateEPKcmm+0x65)[0x150021256395]
[jwb1048:2946382] [11] /p/home/jusers/fischill1/juwels/ippl/build_fin/_deps/kokkos-build/core/src/libkokkoscore.so.5.0(_ZN6Kokkos4Impl44HostInaccessibleSharedAllocationRecordCommonINS_9CudaSpaceEEC2ERKS2_RKNSt7__cxx1112basic_stringIcSt11char_traitsIcESaIcEEEmPFvPNS0_22SharedAllocationRecordIvvEEE+0x30)[0x150021258260]
[jwb1048:2946382] [12] /p/home/jusers/fischill1/juwels/ippl/build_fin/alpine/ElectrostaticPIF/LandauDampingPIF[0x4aa864]
[jwb1048:2946382] [13] /p/home/jusers/fischill1/juwels/ippl/build_fin/alpine/ElectrostaticPIF/LandauDampingPIF[0x4aaf61]
452] [15] /p/home/jusers/fischill1/juwels/ippl/build_fin/alpine/ElectrostaticPIF/LandauDampingPIF[0x585bfd]
[jwb0035:822452] [16] /p/home/jusers/fischill1/juwels/ippl/build_fin/alpine/ElectrostaticPIF/LandauDampingPIF[0x6090d8]
[jwb0035:822452] [17] /p/home/jusers/fischill1/juwels/ippl/build_fin/alpine/ElectrostaticPIF/LandauDampingPIF[0x6095b5]
[jwb0035:822452] [18] /p/home/jusers/fischill1/juwels/ippl/build_fin/alpine/ElectrostaticPIF/LandauDampingPIF[0x60c8d1]
[jwb0576:1115229] [18] /p/home/jusers/fischill1/juwels/ippl/build_fin/alpine/ElectrostaticPIF/LandauDampingPIF[0x6095b5]
[jwb0576:1115229] [19] /p/home/jusers/fischill1/juwels/ippl/build_fin/alpine/ElectrostaticPIF/LandauDampingPIF[0x60c8d1]
[jwb0576:1115229] [20] /p/home/jusers/fischill1/juwels/ippl/build_fin/alpine/ElectrostaticPIF/LandauDampingPIF[0x60d25b]
[jwb0576:1115229] [21] /p/home/jusers/fischill1/juwels/ippl/build_fin/alpine/ElectrostaticPIF/LandauDampingPIF[0x423759]
[jwb0576:1115229] [22] /usr/lib64/libc.so.6(+0x2a610)[0x153309464610]
[jwb0576:1115229] [23] /usr/lib64/libc.so.6(__libc_start_main+0x80)[0x1533094646c0]
[jwb0576:1115229] [24] /p/home/jusers/fischill1/juwels/ippl/build_fin/alpine/ElectrostaticPIF/LandauDampingPIF[0x425995]
[jwb0576:1115229] *** End of error message ***
[jwb0038:1527885] [17] /p/home/jusers/fischill1/juwels/ippl/build_fin/alpine/ElectrostaticPIF/LandauDampingPIF[0x6090d8]
[jterminate called after throwing an instance of 'std::runtime_error'
/juwels/ippl/build_fin/alpine/ElectrostaticPIF/LandauDampingPIF[0x425995]
[jwb0556:1623969] *** End of error message ***
terminate called after throwing an instance of 'std::runtime_error'
[jwb0575:2075216] *** End of error message ***
[jwb0795:3810589] [14] /p/home/jusers/fischill1/juwels/ippl/build_fin/alpine/ElectrostaticPIF/LandauDampingPIF[0x4e81cb]
[jwb0795:3810589] [15] /p/home/jusers/fischill1/juwels/ippl/build_fin/alpine/ElectrostaticPIF/LandauDampingPIF[0x585bfd]
[jwb0573:798247] [ 0] /usr/lib64/libc.so.6(+0x3fc30)[0x151fc3016c30]
[jwb0573:798247] [ 1] /usr/lib64/libc.so.6(+0x8d02c)[0x151fc306402c]
[jwb0573:798247] [ 2] /usr/lib64/libc.so.6(raise+0x16)[0x151fc3016b86]
[jwb0573:798247] [ 3] /usr/lib64/libc.so.6(abort+0xd3)[0x151fc3000873]
[jwb0573:798247] [ 4] /p/software/default/stages/2026/software/GCCcore/14.3.0/lib64/libstdc++.so.6(+0xadc3d)[0x151fc32bbc3d]
[jwb0573:798247] [ 5] /p/software/default/stages/2026/software/GCCcore/14.3.0/lib64/libstdc++.so.6(+0xbf14a)[0x151fc32cd14a]
[jwb0573:798247] [ 6] /p/software/default/stages/2026/software/GCCcore/14.3.0/lib64/libstdc++.so.6(_ZSt10unexpectedv+0x0)[0x151fc32bb7e9]
[jwb0573:798247] [ 7] /p/software/default/stages/2026/software/GCCcore/14.3.0/lib64/libstdc++.so.6(+0xbf3c7)[0x151fc32cd3c7]
[jwb0573:798247] [ 8] /p/home/jusers/fischill1/juwels/ippl/build_fin/_deps/kokkos-build/core/src/libkokkoscore.so.5.0(_ZN6Kokkos4Impl15throw_bad_allocESt17basic_string_viewIcSt11char_traitsIcEEmS4_+0x115)[0x151fc375be05]
[jwb1027:733955] [11] /p/home/jusers/fischill1/juwels/ippl/build_fin/_deps/kokkos-build/core/src/libkokkoscore.so.5.0(_ZN6Kokkos4Impl44HostInaccessibleSharedAllocationRecordCommonINS_9CudaSpaceEEC2ERKS2_RKNSt7__cxx1112basic_stringIcSt11char_traitsIcESaIcEEEmPFvPNS0_22SharedAllocationRecordIvvEEE+0x30)[0x14c71e7ad260]
[jwb1027:733955] [12] /p/home/jusers/fischill1/juwels/ippl/build_fin/alpine/ElectrostaticPIF/LandauDampingPIF[0x49cd3a]
[jwb1027:733955] [13] /p/home/jusers/fischill1/juwels/ippl/build_fin/alpine/ElectrostaticPIF/LandauDampingPIF[0x4d0480]
[jwb1027:733955] [14] /p/home/jusers/fischill1/juwels/ippl/build_fin/alpine/ElectrostaticPIF/LandauDampingPIF[0x4e81cb]
[jwb1027:733955] [15] /p/home/jusers/fischill1/juwels/ippl/build_fin/alpine/ElectrostaticPIF/LandauDampingPIF[0x585bfd]
[jwb1027:733955] [16] /p/home/jusers/fischill1/juwels/ippl/build_fin/alpine/ElectrostaticPIF/LandauDampingPIF[0x6090d8]
[jwb0971:3373806] [14] /p/home/jusers/fischill1/juwels/ippl/build_fin/alpine/ElectrostaticPIF/LandauDampingPIF[0x4e81c/home/jusers/fischill1/juwels/ippl/build_fin/_deps/kokkos-build/core/src/libkokkoscore.so.5.0(_ZNK6Kokkos9CudaSpace13impl_allocateEPKcmm28Kokkos_Profiling_SpaceHandle+0x219)[0x1455bbbd3319]
[jwb1034:3675053] [10] /p/home/jusers/fischill1/juwels/ippl/build_fin/_deps/kokkos-build/core/src/libkokkoscore.so.5.0(_ZNK6Kokkos9CudaSpace8allocateEPKcmm+0x65)[0x1455bbbd3395]
[jwb1034:3675053] [11] /p/home/jusers/fischill1/juwels/ippl/build_fin/_deps/kokkos-build/core/src/libkokkoscore.so.5.0(_ZN6Kokkos4Impl44HostInaccessibleSharedAllocationRecordCommonINS_9CudaSpaceEEC2ERKS2_RKNSt7__cxx1112basic_stringIcSt11char_traitsIcESaIcEEEmPFvPNS0_22SharedAllocationRecordIvvEEE+0x30)[0x1455bbbd5260]
[jwb1034:3675053] [12] /p/home/jusers/fischill1/juwels/ippl/build_fin/alpine/ElectrostaticPIF/LandauDampingPIF[0x4aa864]
[jwb1034:3675053] [13] /p/home/jusers/fischill1/juwels/ippl/build_fin/alpine/ElectrostaticPIF/LandauDampingPIF[0x4aae5e]
/home/jusers/fischill1/juwels/ippl/build_fin/_deps/kokkos-build/core/src/libkokkoscore.so.5.0(_ZNK6Kokkos9CudaSpace13impl_allocateEPKcmm28Kokkos_Profiling_SpaceHandle+0x219)[0x1524157cb319]
[jwb0567:3865290] [10] /p/home/jusers/fischill1/juwels/ippl/build_fin/_deps/kokkos-build/core/src/libkokkoscore.so.5.0(_ZNK6Kokkos9CudaSpace8allocateEPKcmm+0x65)[0x1524157cb395]
/home/jusers/fischill1/juwels/ippl/build_fin/_deps/kokkos-build/core/src/libkokkoscore.so.5.0(_ZNK6Kokkos9CudaSpace13impl_allocateEPKcmm28Kokkos_Profiling_SpaceHandle+0x219)[0x1485b5c72319]
[jwb0031:1623415] [10] /p/home/jusers/fischill1/juwels/ippl/build_fin/_deps/kokkos-build/core/src/libkokkoscore.so.5.0(_ZNK6Kokkos9CudaSpace8allocateEPKcmm+0x65)[0x1485b5c72395]
[jwb0031:1623415] [11] /p/home/jusers/fischill1/juwels/ippl/build_fin/_deps/kokkos-build/core/src/libkokkoscore.so.5.0(_ZN6Kokkos4Impl44HostInaccessibleSharedAllocationRecordCommonINS_9CudaSpaceEEC2ERKS2_RKNSt7__cxx1112basic_stringIcSt11char_traitsIcESaIcEEEmPFvPNS0_22SharedAllocationRecordIvvEEE+0x30)[0x1485b5c74260]
[jwb0031:1623415] [12] /p/home/jusers/fischill1/juwels/ippl/build_fin/alpine/ElectrostaticPIF/LandauDampingPIF[0x4aa864]
[jwb0031:1623415] [13] /p/home/jusers/fischill1/juwels/ippl/build_fin/alpine/ElectrostaticPIF/LandauDampingPIF[0x4aae5e]
[jwb0777:2201002] [ 9] /p[jwb0984:2430495] [14] /p/home/jusers/fischill1/juwels/ippl/build_fin/alpine/ElectrostaticPIF/LandauDampingPIF[0x4cf90419059] [23] /usr/lib64/libc.so.6(__libc_start_main+0x80)[0x14918112c6c0]
[jwb1156:2419059] [24] /p/home/jusers/fischill1/juwels/ippl/build_fin/alpine/ElectrostaticPIF/LandauDampingPIF[0x425995]
[jwb0792:2510153] [ 9] /p[jwb0791:1206579] *** Process received signal ***
[jwb0791:1206579] Signal: Aborted (6)
[jwb0791:1206579] Signal code:  (-6)
[jwb1109:2838549] [14] /p/home/jusers/fischill1/juwels/ippl/build_fin/alpine/ElectrostaticPIF/LandauDampingPIF[0x4cf90rs/fischill1/juwels/ippl/build_fin/_deps/kokkos-build/core/src/libkokkoscore.so.5.0(_ZNK6Kokkos9CudaSpace13impl_allocateEPKcmm28Kokkos_Profiling_SpaceHandle+0x219)[0x153e83a1a319]
[jwb0986:230220] [10] /p/home/jusers/fischill1/juwels/ippl/build_fin/_deps/kokkos-build/core/src/libkokkoscore.so.5.0(_ZNK6Kokkos9CudaSpace8allocateEPKcmm+0x65)[0x153e83a1a395]
[jwb0981:1350522] [24] /p/home/jusers/fischill1[jwb1048:2946381] [ 0] /usr/lib64/libc.so.6(+0x3fc30)[0x149ad993cc30]
[jwb1048:2946381] [ 1] /usr/lib64/libc.so.6(+0x8d02c)[0x149ad998a02c]
[jwb1048:2946381] [ 2] /usr/lib64/libc.so.6(raise+0x16)[0x149ad993cb86]
[jwb1048:2946381] [ 3] /usr/lib64/libc.so.6(abort+0xd3)[0x149ad9926873]
[jwb1048:2946381] [ 4] /p/software/default/stages/2026/software/GCCcore/14.3.0/lib64/libstdc++.so.6(+0xadc3d)[0x149ad9be1c3d]
[jwb1048:2946381] [ 5] /p/software/default/stages/2026/software/GCCcore/14.3.0/lib64/libstdc++.so.6(+0xbf14a)[0x149ad9bf314a]
[jwb1048:2946381] [ 6] /p/software/default/stages/2026/software/GCCcore/14.3.0/lib64/libstdc++.so.6(_ZSt10unexpectedv+0x0)[0x149ad9be17e9]
[jwb1048:2946381] [ 7] /p/software/default/stages/2026/software/GCCcore/14.3.0/lib64/libstdc++.so.6(+0xbf3c7)[0x149ad9bf33c7]
[jwb1048:2946381] [ 8] /p/home/jusers/fischill1/juwels/ippl/build_fin/_deps/kokkos-build/core/src/libkokkoscore.so.5.0(_ZN6Kokkos4Impl15throw_bad_allocESt17basic_string_viewIcSt11char_traitsIcEEmS4_+0x115)[0x149ada081e05]
451] [15] /p/home/jusers/fischill1/juwels/ippl/build_fin/alpine/ElectrostaticPIF/LandauDampingPIF[0x4e81cb]
[jwb0035:822451] [16] /p/home/jusers/fischill1/juwels/ippl/build_fin/alpine/ElectrostaticPIF/LandauDampingPIF[0x585bfd]
[jwb0035:822451] [17] /p/home/jusers/fischill1/juwels/ippl/build_fin/alpine/ElectrostaticPIF/LandauDampingPIF[0x6090d8]
[jwb0035:822451] [18] /p/home/jusers/fischill1/juwels/ippl/build_fin/alpine/ElectrostaticPIF/LandauDampingPIF[0x6095b5]
[jwb0576:1115227] [17] /p/home/jusers/fischill1/juwels/ippl/build_fin/alpine/ElectrostaticPIF/LandauDampingPIF[0x6090d8]
[jwb0576:1115227] [18] /p/home/jusers/fischill1/juwels/ippl/build_fin/alpine/ElectrostaticPIF/LandauDampingPIF[0x6095b5]
[jwb0576:1115227] [19] /p/home/jusers/fischill1/juwels/ippl/build_fin/alpine/ElectrostaticPIF/LandauDampingPIF[0x60c8d1]
[jwb0576:1115227] [20] /p/home/jusers/fischill1/juwels/ippl/build_fin/alpine/ElectrostaticPIF/LandauDampingPIF[0x60d25b]
[jwb0576:1115227] [21] /p/home/jusers/fischill1/juwels/ippl/build_fin/alpine/ElectrostaticPIF/LandauDampingPIF[0x423759]
[jwb0576:1115227] [22] /usr/lib64/libc.so.6(+0x2a610)[0x145f6de76610]
[jwb0576:1115227] [23] /usr/lib64/libc.so.6(__libc_start_main+0x80)[0x145f6de766c0]
[jwb0576:1115227] [24] /p/home/jusers/fischill1/juwels/ippl/build_fin/alpine/ElectrostaticPIF/LandauDampingPIF[0x425995]
[jwb0576:1115227] *** End of error message ***
**
terminate called after throwing an instance of 'std::runtime_error'
[jwb0556:1623966] [16] /p/home/jusers/fischill1/juwels/ippl/build_fin/alpine/ElectrostaticPIF/LandauDampingPIF[0x585bfd]
[jwb0556:1623966] [17] /p/home/jusers/fischill1/juwels/ippl/build_fin/alpine/ElectrostaticPIF/LandauDampingPIF[0x6090d8]
[jwb0556:1623966] [18] /p/home/jusers/fischill1/juwels/ippl/build_fin/alpine/ElectrostaticPIF/LandauDampingPIF[0x6095b5]
[jwb0556:1623966] [19] /p/home/jusers/fischill1/juwels/ippl/build_fin/alpine/ElectrostaticPIF/LandauDampingPIF[0x60c8d1]
  what():  Kokkos ERROR: Cuda memory space failed to allocate 1.068 GiB (label="temp_storage").
b]
[jwb0575:2075218] [15] /p/home/jusers/fischill1/juwels/ippl/build_fin/alpine/ElectrostaticPIF/LandauDampingPIF[0x585bfd]
[jwb0575:2075218] [16] /p/home/jusers/fischill1/juwels/ippl/build_fin/alpine/ElectrostaticPIF/LandauDampingPIF[0x6090d8]
[jwb0575:2075218] [17] /p/home/jusers/fischill1/juwels/ippl/build_fin/alpine/ElectrostaticPIF/LandauDampingPIF[0x6095b5]
[jwb0575:2075218] [18] /p/home/jusers/fischill1/juwels/ippl/build_fin/alpine/ElectrostaticPIF/LandauDampingPIF[0x60c8d1]
[jwb0575:2075218] [19] /p/home/jusers/fischill1/juwels/ippl/build_fin/alpine/ElectrostaticPIF/LandauDampingPIF[0x60d25b]
[jwb0575:2075218] [20] /p/home/jusers/fischill1/juwels/ippl/build_fin/alpine/ElectrostaticPIF/LandauDampingPIF[0x423759]
[jwb0575:2075218] [21] /usr/lib64/libc.so.6(+0x2a610)[0x154bba2c4610]
[jwb0575:2075218] [22] /usr/lib64/libc.so.6(__libc_start_main+0x80)[0x154bba2c46c0]
[jwb0575:2075218] [23] /p/home/jusers/fischill1/juwels/ippl/build_fin/alpine/ElectrostaticPIF/LandauDampingPIF[0x425995]
[jwb0795:3810591] [13] /p/home/jusers/fischill1/juwels/ippl/build_fin/alpine/ElectrostaticPIF/LandauDampingPIF[0x4aae5e]
[jwb0795:3810591] [14] /p/home/jusers/fischill1/juwels/ippl/build_fin/alpine/ElectrostaticPIF/LandauDampingPIF[0x4cf907]
[jwb0795:3810591] [15] /p/home/jusers/fischill1/juwels/ippl/build_fin/alpine/ElectrostaticPIF/LandauDampingPIF[0x4e81cb]
[jwb0795:3810591] [16] /p/home/jusers/fischill1/juwels/ippl/build_fin/alpine/ElectrostaticPIF/LandauDampingPIF[0x585bfd]
[jwb0795:3810591] [17] /p/home/jusers/fischill1/juwels/ippl/build_fin/alpine/ElectrostaticPIF/LandauDampingPIF[0x6090d8]
[jwb0795:3810591] [18] /p/home/jusers/fischill1/juwels/ippl/build_fin/alpine/ElectrostaticPIF/LandauDampingPIF[0x6095b5]
[jwb0795:3810591] [19] /p/home/jusers/fischill1/juwels/ippl/build_fin/alpine/ElectrostaticPIF/LandauDampingPIF[0x60c8d1]
[jwb0795:3810591] [20] /p/home/jusers/fischill1/juwels/ippl/build_fin/alpine/ElectrostaticPIF/LandauDampingPIF[0x60d25b]
[jwb0573:798247] [ 9] /p/home/jusers/fischill1/juwels/ippl/build_fin/_deps/kokkos-build/core/src/libkokkoscore.so.5.0(_ZNK6Kokkos9CudaSpace13impl_allocateEPKcmm28Kokkos_Profiling_SpaceHandle+0x219)[0x15280e22b319]
[jwb1027:733952] [10] /p/home/jusers/fischill1/juwels/ippl/build_fin/_deps/kokkos-build/core/src/libkokkoscore.so.5.0(_ZNK6Kokkos9CudaSpace8allocateEPKcmm+0x65)[0x15280e22b395]
[jwb1027:733952] [11] /p/home/jusers/fischill1/juwels/ippl/build_fin/_deps/kokkos-build/core/src/libkokkoscore.so.5.0(_ZN6Kokkos4Impl44HostInaccessibleSharedAllocationRecordCommonINS_9CudaSpaceEEC2ERKS2_RKNSt7__cxx1112basic_stringIcSt11char_traitsIcESaIcEEEmPFvPNS0_22SharedAllocationRecordIvvEEE+0x30)[0x15280e22d260]
[jwb1027:733952] [12] /p/home/jusers/fischill1/juwels/ippl/build_fin/alpine/ElectrostaticPIF/LandauDampingPIF[0x49cd3a]
[jwb1027:733952] [13] /p/home/jusers/fischill1/juwels/ippl/build_fin/alpine/ElectrostaticPIF/LandauDampingPIF[0x4d0480]
[jwb0971:3373804] [ 0] /usr/lib64/libc.so.6(+0x3fc30)[0x14fd8655cc30]
[jwb0971:3373804] [ 1] /usr/lib64/libc.so.6(+0x8d02c)[0x14fd865aa02c]
[jwb0971:3373804] [ 2] /usr/lib64/libc.so.6(raise+0x16)[0x14fd8655cb86]
[jwb0971:3373804] [ 3] /usr/lib64/libc.so.6(abort+0xd3)[0x14fd86546873]
[jwb0971:3373804] [ 4] /p/software/default/stages/2026/software/GCCcore/14.3.0/lib64/libstdc++.so.6(+0xadc3d)[0x14fd86801c3d]
[jwb0971:3373804] [ 5] /p/software/default/stages/2026/software/GCCcore/14.3.0/lib64/libstdc++.so.6(+0xbf14a)[0x14fd8681314a]
[jwb0971:3373804] [ 6] /p/software/default/stages/2026/software/GCCcore/14.3.0/lib64/libstdc++.so.6(_ZSt10unexpectedv+0x0)[0x14fd868017e9]
[jwb0971:3373804] [ 7] /p/software/default/stages/2026/software/GCCcore/14.3.0/lib64/libstdc++.so.6(+0xbf3c7)[0x14fd868133c7]
[jwb0971:3373804] [ 8] /p/home/jusers/fischill1/juwels/ippl/build_fin/_deps/kokkos-build/core/src/libkokkoscore.so.5.0(_ZN6Kokkos4Impl15throw_bad_allocESt17basic_string_viewIcSt11char_traitsIcEEmS4_+0x115)[0x14fd86ca1e05]
[jwb1034:3675053] [14] /p/home/jusers/fischill1/juwels/ippl/build_fin/alpine/ElectrostaticPIF/LandauDampingPIF[0x4cf90/home/jusers/fischill1/juwels/ippl/build_fin/_deps/kokkos-build/core/src/libkokkoscore.so.5.0(_ZNK6Kokkos9CudaSpace13impl_allocateEPKcmm28Kokkos_Profiling_SpaceHandle+0x219)[0x152177213319]
[jwb0567:3865293] [10] /p/home/jusers/fischill1/juwels/ippl/build_fin/_deps/kokkos-build/core/src/libkokkoscore.so.5.0(_ZNK6Kokkos9CudaSpace8allocateEPKcmm+0x65)[0x152177213395]
[jwb0031:1623415] [14] /p/home/jusers/fischill1/juwels/ippl/build_fin/alpine/ElectrostaticPIF/LandauDampingPIF[0x4cf90/home/jusers/fischill1/juwels/ippl/build_fin/_deps/kokkos-build/core/src/libkokkoscore.so.5.0(_ZNK6Kokkos9CudaSpace13impl_allocateEPKcmm28Kokkos_Profiling_SpaceHandle+0x219)[0x14804a68d319]
[jwb0777:2201003] [10] /p/home/jusers/fischill1/juwels/ippl/build_fin/_deps/kokkos-build/core/src/libkokkoscore.so.5.0(_ZNK6Kokkos9CudaSpace8allocateEPKcmm+0x65)[0x14804a68d395]
[jwb0777:2201003] [11] /p/home/jusers/fischill1/juwels/ippl/build_fin/_deps/kokkos-build/core/src/libkokkoscore.so.5.0(_ZN6Kokkos4Impl44HostInaccessibleSharedAllocationRecordCommonINS_9CudaSpaceEEC2ERKS2_RKNSt7__cxx1112basic_stringIcSt11char_traitsIcESaIcEEEmPFvPNS0_22SharedAllocationRecordIvvEEE+0x30)[0x14804a68f260]
[jwb0777:2201003] [12] /p/home/jusers/fischill1/juwels/ippl/build_fin/alpine/ElectrostaticPIF/LandauDampingPIF[0x4aa864]
[jwb0777:2201003] [13] /p/home/jusers/fischill1/juwels/ippl/build_fin/alpine/ElectrostaticPIF/LandauDampingPIF[0x4aaf61]
/home/jusers/fischill1/juwels/ippl/build_fin/_deps/kokkos-build/core/src/libkokkoscore.so.5.0(_ZNK6Kokkos9CudaSpace13impl_allocateEPKcmm28Kokkos_Profiling_SpaceHandle+0x219)[0x14a4d2a31319]
[jwb0984:2430497] [10] /p/home/jusers/fischill1/juwels/ippl/build_fin/_deps/kokkos-build/core/src/libkokkoscore.so.5.0(_ZNK6Kokkos9CudaSpace8allocateEPKcmm+0x65)[0x14a4d2a31395]
[jwb0984:2430497] [11] /p/home/jusers/fischill1/juwels/ippl/build_fin/_deps/kokkos-build/core/src/libkokkoscore.so.5.0(_ZN6Kokkos4Impl44HostInaccessibleSharedAllocationRecordCommonINS_9CudaSpaceEEC2ERKS2_RKNSt7__cxx1112basic_stringIcSt11char_traitsIcESaIcEEEmPFvPNS0_22SharedAllocationRecordIvvEEE+0x30)[0x14a4d2a33260]
[jwb0984:2430497] [12] /p/home/jusers/fischill1/juwels/ippl/build_fin/alpine/ElectrostaticPIF/LandauDampingPIF[0x4aa864]
[jwb0984:2430497] [13] /p/home/jusers/fischill1/juwels/ippl/build_fin/alpine/ElectrostaticPIF/LandauDampingPIF[0x4aaf61]
[jwb1156:2419060] [18] /p/home/jusers/fischill1/juwels/ippl/build_fin/alpine/ElectrostaticPIF/LandauDampingPIF[0x6095b5]
[jwb1156:2419060] [19] /p/home/jusers/fischill1/juwels/ippl/build_fin/alpine/ElectrostaticPIF/LandauDampingPIF[0x60c8d1]
[jwb1156:2419060] [20] /p/home/jusers/fischill1/juwels/ippl/build_fin/alpine/ElectrostaticPIF/LandauDampingPIF[0x60d25b]
[jwb1156:2419060] [21] /p/home/jusers/fischill1/juwels/ippl/build_fin/alpine/ElectrostaticPIF/LandauDampingPIF[0x423759]
[jwb1156:2419060] [22] /usr/lib64/libc.so.6(+0x2a610)[0x1519f1064610]
[jwb1156:2419060] [23] /usr/lib64/libc.so.6(__libc_start_main+0x80)[0x1519f10646c0]
[jwb1156:2419060] [24] /p/home/jusers/fischill1/juwels/ippl/build_fin/alpine/ElectrostaticPIF/LandauDampingPIF[0x425995]
/home/jusers/fischill1/juwels/ippl/build_fin/_deps/kokkos-build/core/src/libkokkoscore.so.5.0(_ZNK6Kokkos9CudaSpace13impl_allocateEPKcmm28Kokkos_Profiling_SpaceHandle+0x219)[0x14817bf34319]
[jwb0792:2510151] [10] /p/home/jusers/fischill1/juwels/ippl/build_fin/_deps/kokkos-build/core/src/libkokkoscore.so.5.0(_ZNK6Kokkos9CudaSpace8allocateEPKcmm+0x65)[0x14817bf34395]
[jwb0791:1206582] *** Process received signal ***
[jwb0791:1206582] Signal: Aborted (6)
[jwb0791:1206582] Signal code:  (-6)
[jwb1109:2838547] [15] /p/home/jusers/fischill1/juwels/ippl/build_fin/alpine/ElectrostaticPIF/LandauDampingPIF[0x4e81cb]
[jwb1109:2838547] [16] /p/home/jusers/fischill1/juwels/ippl/build_fin/alpine/ElectrostaticPIF/LandauDampingPIF[0x585bfd]
[jwb1109:2838547] [17] /p/home/jusers/fischill1/juwels/ippl/build_fin/alpine/ElectrostaticPIF/LandauDampingPIF[0x6090d8]
[jwb1109:2838547] [18] /p/home/jusers/fischill1/juwels/ippl/build_fin/alpine/ElectrostaticPIF/LandauDampingPIF[0x6095b5]
[jwb1109:2838547] [19] /p/home/jusers/fischill1/juwels/ippl/build_fin/alpine/ElectrostaticPIF/LandauDampingPIF[0x60c8d1]
[jwb1109:2838547] [20] /p/home/jusers/fischill1/juwels/ippl/build_fin/alpine/ElectrostaticPIF/LandauDampingPIF[0x60d25b]
[jwb1109:2838547] [21] /p/home/jusers/fischill1/juwels/ippl/build_fin/alpine/ElectrostaticPIF/LandauDampingPIF[0x423759]
[jwb1109:2838547] [22] /usr/lib64/libc.so.6(+0x2a610)[0x152226da1610]
[jwb1109:2838547] [23] /usr/lib64/libc.so.6(__libc_start_main+0x80)[0x152226da16c0]
[jwb0986:230222] [11] /p/home/jusers/fischill1/juwels/ippl/build_fin/_deps/kokkos-build/core/src/libkokkoscore.so.5.0(_ZN6Kokkos4Impl44HostInaccessibleSharedAllocationRecordCommonINS_9CudaSpaceEEC2ERKS2_RKNSt7__cxx1112basic_stringIcSt11char_traitsIcESaIcEEEmPFvPNS0_22SharedAllocationRecordIvvEEE+0x30)[0x14c57e1b5260]
[jwb0986:230222] [12] /p/home/jusers/fischill1/juwels/ippl/build_fin/alpine/ElectrostaticPIF/LandauDampingPIF[0x4aa864]
[jwb0986:230222] [13] /p/home/jusers/fischill1/juwels/ippl/build_fin/alpine/ElectrostaticPIF/LandauDampingPIF[0x4aaf61]
[jwb0981:1350524] [17] /p/home/jusers/fischill1/juwels/ippl/build_fin/alpine/ElectrostaticPIF/LandauDampingPIF[0x6090d8]
[jwb0981:1350524] [18] /p/home/jusers/fischill1/juwels/ippl/build_fin/alpine/ElectrostaticPIF/LandauDampingPIF[0x6095b5]
[jwb0981:1350524] [19] /p/home/jusers/fischill1/juwels/ippl/build_fin/alpine/ElectrostaticPIF/LandauDampingPIF[0x60c8d1]
[jwb0981:1350524] [20] /p/home/jusers/fischill1/juwels/ippl/build_fin/alpine/ElectrostaticPIF/LandauDampingPIF[0x60d25b]
[jwb0981:1350524] [21] /p/home/jusers/fischill1/juwels/ippl/build_fin/alpine/ElectrostaticPIF/LandauDampingPIF[0x423759]
[jwb0981:1350524] [22] /usr/lib64/libc.so.6(+0x2a610)[0x14d5940b4610]
[jwb0981:1350524] [23] /usr/lib64/libc.so.6(__libc_start_main+0x80)[0x14d5940b46c0]
[jwb0981:1350524] [24] /p/home/jusers/fischill1/juwels/ippl/build_fin/alpine/ElectrostaticPIF/LandauDampingPIF[0x425995]
[jwb0981:1350524] *** End of error message ***
[jwb1048:2946381] [ 9] /prs/fischill1/juwels/ippl/build_fin/_deps/kokkos-build/core/src/libkokkoscore.so.5.0(_ZNK6Kokkos9CudaSpace13impl_allocateEPKcmm28Kokkos_Profiling_SpaceHandle+0x219)[0x14fe1ab15319]
[jwb0035:822450] [10] /p/home/jusers/fischill1/juwels/ippl/build_fin/_deps/kokkos-build/core/src/libkokkoscore.so.5.0(_ZNK6Kokkos9CudaSpace8allocateEPKcmm+0x65)[0x14fe1ab15395]
[jwb0035:822450] [11] /p/home/jusers/fischill1/juwels/ippl/build_fin/_deps/kokkos-build/core/src/libkokkoscore.so.5.0(_ZN6Kokkos4Impl44HostInaccessibleSharedAllocationRecordCommonINS_9CudaSpaceEEC2ERKS2_RKNSt7__cxx1112basic_stringIcSt11char_traitsIcESaIcEEEmPFvPNS0_22SharedAllocationRecordIvvEEE+0x30)[0x14fe1ab17260]
[jwb0035:822450] [12] /p/home/jusers/fischill1/juwels/ippl/build_fin/alpine/ElectrostaticPIF/LandauDampingPIF[0x4aa864]
[jwb0035:822450] [13] /p/home/jusers/fischill1/juwels/ippl/build_fin/alpine/ElectrostaticPIF/LandauDampingPIF[0x4aaf61]
[jwb0576:1115230] [11] /p/home/jusers/fischill1/juwels/ippl/build_fin/_deps/kokkos-build/core/src/libkokkoscore.so.5.0(_ZN6Kokkos4Impl44HostInaccessibleSharedAllocationRecordCommonINS_9CudaSpaceEEC2ERKS2_RKNSt7__cxx1112basic_stringIcSt11char_traitsIcESaIcEEEmPFvPNS0_22SharedAllocationRecordIvvEEE+0x30)[0x147ee883d260]
[jwb0576:1115230] [12] /p/home/jusers/fischill1/juwels/ippl/build_fin/alpine/ElectrostaticPIF/LandauDampingPIF[0x4aa864]
[jwb0576:1115230] [13] /p/home/jusers/fischill1/juwels/ippl/build_fin/alpine/ElectrostaticPIF/LandauDampingPIF[0x4aaf61]
[jwb0576:1115230] [14] /p/home/jusers/fischill1/juwels/ippl/build_fin/alpine/ElectrostaticPIF/LandauDampingPIF[0x4cf907]
[jwb0576:1115230] [15] /p/home/jusers/fischill1/juwels/ippl/build_fin/alpine/ElectrostaticPIF/LandauDampingPIF[0x4e81cb]
[jwb0576:1115230] [16] /p/home/jusers/fischill1/juwels/ippl/build_fin/alpine/ElectrostaticPIF/LandauDampingPIF[0x585bfd]
wb0038:1527885] [18] /p/home/jusers/fischill1/juwels/ippl/build_fin/alpine/ElectrostaticPIF/LandauDampingPIF[0x6095b5]
[jwb0038:1527885] [19] /p/home/jusers/fischill1/juwels/ippl/build_fin/alpine/ElectrostaticPIF/LandauDampingPIF[0x60c8d1]
[jwb0038:1527885] [20] /p/home/jusers/fischill1/juwels/ippl/build_fin/alpine/ElectrostaticPIF/LandauDampingPIF[0x60d25b]
[jwb0038:1527885] [21] /p/home/jusers/fischill1/juwels/ippl/build_fin/alpine/ElectrostaticPIF/LandauDampingPIF[0x423759]
[jwb0038:1527885] [22] /usr/lib64/libc.so.6(+0x2a610)[0x14700c5e8610]
[jwb0038:1527885] [23] /usr/lib64/libc.so.6(__libc_start_main+0x80)[0x14700c5e86c0]
[jwb0038:1527885] [24] /p/home/jusers/fischill1/juwels/ippl/build_fin/alpine/ElectrostaticPIF/LandauDampingPIF[0x425995]
[jwb0038:1527885] *** End of error message ***
terminate called after throwing an instance of 'std::runtime_error'
[jwb0556:1623967] [19] /p/home/jusers/fischill1/juwels/ippl/build_fin/alpine/ElectrostaticPIF/LandauDampingPIF[0x60c8d1]
[jwb0556:1623967] [20] /p/home/jusers/fischill1/juwels/ippl/build_fin/alpine/ElectrostaticPIF/LandauDampingPIF[0x60d25b]
[jwb0556:1623967] [21] /p/home/jusers/fischill1/juwels/ippl/build_fin/alpine/ElectrostaticPIF/LandauDampingPIF[0x423759]
[jwb0556:1623967] [22] /usr/lib64/libc.so.6(+0x2a610)[0x14a200530610]
[jwb0556:1623967] [23] /usr/lib64/libc.so.6(__libc_start_main+0x80)[0x14a2005306c0]
[jwb0556:1623967] [24] /p/home/jusers/fischill1/juwels/ippl/build_fin/alpine/ElectrostaticPIF/LandauDampingPIF[0x425995]
  what():  Kokkos ERROR: Cuda memory space failed to allocate 641.4 MiB (label="keys_out").
[jwb0575:2075218] *** End of error message */home/jusers/fischill1/juwels/ippl/build_fin/_deps/kokkos-build/core/src/libkokkoscore.so.5.0(_ZNK6Kokkos9CudaSpace13impl_allocateEPKcmm28Kokkos_Profiling_SpaceHandle+0x219)[0x14e78c48b319]
[jwb0795:3810590] [10] /p/home/jusers/fischill1/juwels/ippl/build_fin/_deps/kokkos-build/core/src/libkokkoscore.so.5.0(_ZNK6Kokkos9CudaSpace8allocateEPKcmm+0x65)[0x14e78c48b395]
[jwb0795:3810590] [11] /p/home/jusers/fischill1/juwels/ippl/build_fin/_deps/kokkos-build/core/src/libkokkoscore.so.5.0(_ZN6Kokkos4Impl44HostInaccessibleSharedAllocationRecordCommonINS_9CudaSpaceEEC2ERKS2_RKNSt7__cxx1112basic_stringIcSt11char_traitsIcESaIcEEEmPFvPNS0_22SharedAllocationRecordIvvEEE+0x30)[0x14e78c48d260]
[jwb0795:3810590] [12] /p/home/jusers/fischill1/juwels/ippl/build_fin/alpine/ElectrostaticPIF/LandauDampingPIF[0x4aa864]
[jwb0795:3810590] [13] /p/home/jusers/fischill1/juwels/ippl/build_fin/alpine/ElectrostaticPIF/LandauDampingPIF[0x4aaf61]
244] [15] /p/home/jusers/fischill1/juwels/ippl/build_fin/alpine/ElectrostaticPIF/LandauDampingPIF[0x4e81cb]
[jwb1027:733952] [14] /p/home/jusers/fischill1/juwels/ippl/build_fin/alpine/ElectrostaticPIF/LandauDampingPIF[0x4e81cb]
[jwb1027:733[jwb0971:3373804] [ 9] /p[jwb1034:3675052] [ 0] /usr/lib64/libc.so.6(+0x3fc30)[0x14ecaf386c30]
[jwb1034:3675052] [ 1] /usr/lib64/libc.so.6(+0x8d02c)[0x14ecaf3d402c]
[jwb1034:3675052] [ 2] /usr/lib64/libc.so.6(raise+0x16)[0x14ecaf386b86]
[jwb1034:3675052] [ 3] /usr/lib64/libc.so.6(abort+0xd3)[0x14ecaf370873]
[jwb1034:3675052] [ 4] /p/software/default/stages/2026/software/GCCcore/14.3.0/lib64/libstdc++.so.6(+0xadc3d)[0x14ecaf62bc3d]
[jwb1034:3675052] [ 5] /p/software/default/stages/2026/software/GCCcore/14.3.0/lib64/libstdc++.so.6(+0xbf14a)[0x14ecaf63d14a]
[jwb1034:3675052] [ 6] /p/software/default/stages/2026/software/GCCcore/14.3.0/lib64/libstdc++.so.6(_ZSt10unexpectedv+0x0)[0x14ecaf62b7e9]
[jwb1034:3675052] [ 7] /p/software/default/stages/2026/software/GCCcore/14.3.0/lib64/libstdc++.so.6(+0xbf3c7)[0x14ecaf63d3c7]
[jwb1034:3675052] [ 8] /p/home/jusers/fischill1/juwels/ippl/build_fin/_deps/kokkos-build/core/src/libkokkoscore.so.5.0(_ZN6Kokkos4Impl15throw_bad_allocESt17basic_string_viewIcSt11char_traitsIcEEmS4_+0x115)[0x14ecafacbe05]
[jwb0567:3865292] [ 0] /usr/lib64/libc.so.6(+0x3fc30)[0x151e77ad8c30]
[jwb0567:3865292] [ 1] /usr/lib64/libc.so.6(+0x8d02c)[0x151e77b2602c]
[jwb0567:3865292] [ 2] /usr/lib64/libc.so.6(raise+0x16)[0x151e77ad8b86]
[jwb0567:3865292] [ 3] /usr/lib64/libc.so.6(abort+0xd3)[0x151e77ac2873]
[jwb0567:3865292] [ 4] /p/software/default/stages/2026/software/GCCcore/14.3.0/lib64/libstdc++.so.6(+0xadc3d)[0x151e77d7dc3d]
[jwb0567:3865292] [ 5] /p/software/default/stages/2026/software/GCCcore/14.3.0/lib64/libstdc++.so.6(+0xbf14a)[0x151e77d8f14a]
[jwb0567:3865292] [ 6] /p/software/default/stages/2026/software/GCCcore/14.3.0/lib64/libstdc++.so.6(_ZSt10unexpectedv+0x0)[0x151e77d7d7e9]
[jwb0567:3865292] [ 7] /p/software/default/stages/2026/software/GCCcore/14.3.0/lib64/libstdc++.so.6(+0xbf3c7)[0x151e77d8f3c7]
[jwb0567:3865292] [ 8] /p/home/jusers/fischill1/juwels/ippl/build_fin/_deps/kokkos-build/core/src/libkokkoscore.so.5.0(_ZN6Kokkos4Impl15throw_bad_allocESt17basic_string_viewIcSt11char_traitsIcEEmS4_+0x115)[0x151e7821de05]
[jwb0031:1623414] [ 0] /usr/lib64/libc.so.6(+0x3fc30)[0x154fc6fcdc30]
[jwb0031:1623414] [ 1] /usr/lib64/libc.so.6(+0x8d02c)[0x154fc701b02c]
[jwb0031:1623414] [ 2] /usr/lib64/libc.so.6(raise+0x16)[0x154fc6fcdb86]
[jwb0031:1623414] [ 3] /usr/lib64/libc.so.6(abort+0xd3)[0x154fc6fb7873]
[jwb0031:1623414] [ 4] /p/software/default/stages/2026/software/GCCcore/14.3.0/lib64/libstdc++.so.6(+0xadc3d)[0x154fc7272c3d]
[jwb0031:1623414] [ 5] /p/software/default/stages/2026/software/GCCcore/14.3.0/lib64/libstdc++.so.6(+0xbf14a)[0x154fc728414a]
[jwb0031:1623414] [ 6] /p/software/default/stages/2026/software/GCCcore/14.3.0/lib64/libstdc++.so.6(_ZSt10unexpectedv+0x0)[0x154fc72727e9]
[jwb0031:1623414] [ 7] /p/software/default/stages/2026/software/GCCcore/14.3.0/lib64/libstdc++.so.6(+0xbf3c7)[0x154fc72843c7]
[jwb0031:1623414] [ 8] /p/home/jusers/fischill1/juwels/ippl/build_fin/_deps/kokkos-build/core/src/libkokkoscore.so.5.0(_ZN6Kokkos4Impl15throw_bad_allocESt17basic_string_viewIcSt11char_traitsIcEEmS4_+0x115)[0x154fc7712e05]
/home/jusers/fischill1/juwels/ippl/build_fin/_deps/kokkos-build/core/src/libkokkoscore.so.5.0(_ZNK6Kokkos9CudaSpace13impl_allocateEPKcmm28Kokkos_Profiling_SpaceHandle+0x219)[0x149513664319]
[jwb0777:2201002] [10] /p/home/jusers/fischill1/juwels/ippl/build_fin/_deps/kokkos-build/core/src/libkokkoscore.so.5.0(_ZNK6Kokkos9CudaSpace8allocateEPKcmm+0x65)[0x149513664395]
[jwb0777:2201002] [11] /p/home/jusers/fischill1/juwels/ippl/build_fin/_deps/kokkos-build/core/src/libkokkoscore.so.5.0(_ZN6Kokkos4Impl44HostInaccessibleSharedAllocationRecordCommonINS_9CudaSpaceEEC2ERKS2_RKNSt7__cxx1112basic_stringIcSt11char_traitsIcESaIcEEEmPFvPNS0_22SharedAllocationRecordIvvEEE+0x30)[0x149513666260]
[jwb0777:2201002] [12] /p/home/jusers/fischill1/juwels/ippl/build_fin/alpine/ElectrostaticPIF/LandauDampingPIF[0x4aa864]
[jwb0777:2201002] [13] /p/home/jusers/fischill1/juwels/ippl/build_fin/alpine/ElectrostaticPIF/LandauDampingPIF[0x4aae5e]
[jwb0984:2430497] [14] /p/home/jusers/fischill1/juwels/ippl/build_fin/alpine/ElectrostaticPIF/LandauDampingPIF[0x4cf90[jwb1156:2419057] [17] /p/home/jusers/fischill1/juwels/ippl/build_fin/alpine/ElectrostaticPIF/LandauDampingPIF[0x6090d8]
[jwb1156:2419057] [18] /p/home/jusers/fischill1/juwels/ippl/build_fin/alpine/ElectrostaticPIF/LandauDampingPIF[0x6095b5]
[jwb1156:2419057] [19] /p/home/jusers/fischill1/juwels/ippl/build_fin/alpine/ElectrostaticPIF/LandauDampingPIF[0x60c8d1]
[jwb1156:2419057] [20] /p/home/jusers/fischill1/juwels/ippl/build_fin/alpine/ElectrostaticPIF/LandauDampingPIF[0x60d25b]
[jwb1156:2419057] [21] /p/home/jusers/fischill1/juwels/ippl/build_fin/alpine/ElectrostaticPIF/LandauDampingPIF[0x423759]
[jwb1156:2419057] [22] /usr/lib64/libc.so.6(+0x2a610)[0x148ed0cb9610]
[jwb1156:2419057] [23] /usr/lib64/libc.so.6(__libc_start_main+0x80)[0x148ed0cb96c0]
[jwb1156:2419057] [24] /p/home/jusers/fischill1/juwels/ippl/build_fin/alpine/ElectrostaticPIF/LandauDampingPIF[0x425995]
[jwb1156:2419057] *** End of error message ***
/home/jusers/fischill1/juwels/ippl/build_fin/_deps/kokkos-build/core/src/libkokkoscore.so.5.0(_ZNK6Kokkos9CudaSpace13impl_allocateEPKcmm28Kokkos_Profiling_SpaceHandle+0x219)[0x1457d35cb319]
[jwb0792:2510153] [10] /p/home/jusers/fischill1/juwels/ippl/build_fin/_deps/kokkos-build/core/src/libkokkoscore.so.5.0(_ZNK6Kokkos9CudaSpace8allocateEPKcmm+0x65)[0x1457d35cb395]
[jwb0792:2510153] [11] /p/home/jusers/fischill1/juwels/ippl/build_fin/_deps/kokkos-build/core/src/libkokkoscore.so.5.0(_ZN6Kokkos4Impl44HostInaccessibleSharedAllocationRecordCommonINS_9CudaSpaceEEC2ERKS2_RKNSt7__cxx1112basic_stringIcSt11char_traitsIcESaIcEEEmPFvPNS0_22SharedAllocationRecordIvvEEE+0x30)[0x1457d35cd260]
[jwb0791:1206580] *** Process received signal ***
[jwb0791:1206580] Signal: Aborted (6)
[jwb0791:1206580] Signal code:  (-6)
[jwb1109:2838547] [24] /p/home/jusers/fischill1[jwb0986:230223] [11] /p/home/jusers/fischill1/juwels/ippl/build_fin/_deps/kokkos-build/core/src/libkokkoscore.so.5.0(_ZN6Kokkos4Impl44HostInaccessibleSharedAllocationRecordCommonINS_9CudaSpaceEEC2ERKS2_RKNSt7__cxx1112basic_stringIcSt11char_traitsIcESaIcEEEmPFvPNS0_22SharedAllocationRecordIvvEEE+0x30)[0x14ec68525260]
[jwb0986:230223] [12] /p/home/jusers/fischill1/juwels/ippl/build_fin/alpine/ElectrostaticPIF/LandauDampingPIF[0x49cd3a]
[jwb0986:230223] [13] /p/home/jusers/fischill1/juwels/ippl/build_fin/alpine/ElectrostaticPIF/LandauDampingPIF[0x4d0480]
[jwb0986:230223] [14] /p/home/jusers/fischill1/juwels/ippl/build_fin/alpine/ElectrostaticPIF/LandauDampingPIF[0x4e81cb]
[jwb0986:230223] [15] /p/home/jusers/fischill1/juwels/ippl/build_fin/alpine/ElectrostaticPIF/LandauDampingPIF[0x585bfd]
7]
[jwb0981:1350523] [15] /p/home/jusers/fischill1/juwels/ippl/build_fin/alpine/ElectrostaticPIF/LandauDampingPIF[0x4e81cb]
[jwb0981:1350523] [16] /p/home/jusers/fischill1/juwels/ippl/build_fin/alpine/ElectrostaticPIF/LandauDampingPIF[0x585bfd]
[jwb0981:1350523] [17] /p/home/jusers/fischill1/juwels/ippl/build_fin/alpine/ElectrostaticPIF/LandauDampingPIF[0x6090d8]
[jwb1048:2946382] [14] /p/home/jusers/fischill1/juwels/ippl/build_fin/alpine/ElectrostaticPIF/LandauDampingPIF[0x4cf907]
[jwb1048:2946382] [15] /p/home/jusers/fischill1/juwels/ippl/build_fin/alpine/ElectrostaticPIF/LandauDampingPIF[0x4e81cb]
[jwb1048:2946382] [16] /p/home/jusers/fischill1/juwels/ippl/build_fin/alpine/ElectrostaticPIF/LandauDampingPIF[0x585bfd]
[jwb1048:2946382] [17] /p/home/jusers/fischill1/juwels/ippl/build_fin/alpine/ElectrostaticPIF/LandauDampingPIF[0x6090d8]
[jwb1048:2946382] [18] /p/home/jusers/fischill1/juwels/ippl/build_fin/alpine/ElectrostaticPIF/LandauDampingPIF[0x6095b5]
[jwb0035:822450] [14] /p/home/jusers/fischill1/juwels/ippl/build_fin/alpine/ElectrostaticPIF/LandauDampingPIF[0x4cf907]
[jwb0035:822[jwb0576:1115230] [17] /p/home/jusers/fischill1/juwels/ippl/build_fin/alpine/ElectrostaticPIF/LandauDampingPIF[0x6090d8]
[j[jwb0038:1527886] [18] /p/home/jusers/fischill1/juwels/ippl/build_fin/alpine/ElectrostaticPIF/LandauDampingPIF[0x6095b5]
[jwb0038:1527886] [19] /p/home/jusers/fischill1/juwels/ippl/build_fin/alpine/ElectrostaticPIF/LandauDampingPIF[0x60c8d1]
[jwb0038:1527886] [20] /p/home/jusers/fischill1/juwels/ippl/build_fin/alpine/ElectrostaticPIF/LandauDampingPIF[0x60d25b]
[jwb0038:1527886] [21] /p/home/jusers/fischill1/juwels/ippl/build_fin/alpine/ElectrostaticPIF/LandauDampingPIF[0x423759]
[jwb0038:1527886] [22] /usr/lib64/libc.so.6(+0x2a610)[0x1500f912b610]
[jwb0038:1527886] [23] /usr/lib64/libc.so.6(__libc_start_main+0x80)[0x1500f912b6c0]
[jwb0038:1527886] [24] /p/home/jusers/fischill1/juwels/ippl/build_fin/alpine/ElectrostaticPIF/LandauDampingPIF[0x425995]
[jwb0038:1527886] *** End of error message ***
  what():  Kokkos ERROR: Cuda memory space failed to allocate 602.4 MiB (label="perm_out").
[jwb0556:1623966] [20] /p/home/jusers/fischill1/juwels/ippl/build_fin/alpine/ElectrostaticPIF/LandauDampingPIF[0x60d25b]
[jwb0556:1623966] [21] /p/home/jusers/fischill1/juwels/ippl/build_fin/alpine/ElectrostaticPIF/LandauDampingPIF[0x423759]
[jwb0556:1623966] [22] /usr/lib64/libc.so.6(+0x2a610)[0x1459c14a5610]
[jwb0556:1623966] [23] /usr/lib64/libc.so.6(__libc_start_main+0x80)[0x1459c14a56c0]
[jwb0556:1623966] [24] /p/home/jusers/fischill1/juwels/ippl/build_fin/alpine/ElectrostaticPIF/LandauDampingPIF[0x425995]
  what():  Kokkos ERROR: Cuda memory space failed to allocate 625.3 MiB (label="perm_out").
[jwb0575:2075217] *** End of error message ***
[jwb0795:3810590] [14] /p/home/jusers/fischill1/juwels/ippl/build_fin/alpine/ElectrostaticPIF/LandauDampingPIF[0x4cf90rs/fischill1/juwels/ippl/build_fin/_deps/kokkos-build/core/src/libkokkoscore.so.5.0(_ZNK6Kokkos9CudaSpace13impl_allocateEPKcmm28Kokkos_Profiling_SpaceHandle+0x219)[0x151fc376e319]
[jwb0573:798247] [10] /p/home/jusers/fischill1/juwels/ippl/build_fin/_deps/kokkos-build/core/src/libkokkoscore.so.5.0(_ZNK6Kokkos9CudaSpace8allocateEPKcmm+0x65)[0x151fc376e395]
[jwb0573:798247] [11] /p/home/jusers/fischill1/juwels/ippl/build_fin/_deps/kokkos-build/core/src/libkokkoscore.so.5.0(_ZN6Kokkos4Impl44HostInaccessibleSharedAllocationRecordCommonINS_9CudaSpaceEEC2ERKS2_RKNSt7__cxx1112basic_stringIcSt11char_traitsIcESaIcEEEmPFvPNS0_22SharedAllocationRecordIvvEEE+0x30)[0x151fc3770260]
[jwb0573:798247] [12] /p/home/jusers/fischill1/juwels/ippl/build_fin/alpine/ElectrostaticPIF/LandauDampingPIF[0x4aa864]
[jwb0573:798247] [13] /p/home/jusers/fischill1/juwels/ippl/build_fin/alpine/ElectrostaticPIF/LandauDampingPIF[0x4aaf61]
[jwb1027:733953] [ 0] /usr/lib64/libc.so.6(+0x3fc30)[0x147243e49c30]
[jwb1027:733953] [ 1] /usr/lib64/libc.so.6(+0x8d02c)[0x147243e9702c]
[jwb1027:733953] [ 2] /usr/lib64/libc.so.6(raise+0x16)[0x147243e49b86]
[jwb1027:733953] [ 3] /usr/lib64/libc.so.6(abort+0xd3)[0x147243e33873]
[jwb1027:733953] [ 4] /p/software/default/stages/2026/software/GCCcore/14.3.0/lib64/libstdc++.so.6(+0xadc3d)[0x1472440eec3d]
[jwb1027:733953] [ 5] /p/software/default/stages/2026/software/GCCcore/14.3.0/lib64/libstdc++.so.6(+0xbf14a)[0x14724410014a]
[jwb1027:733953] [ 6] /p/software/default/stages/2026/software/GCCcore/14.3.0/lib64/libstdc++.so.6(_ZSt10unexpectedv+0x0)[0x1472440ee7e9]
[jwb1027:733953] [ 7] /p/software/default/stages/2026/software/GCCcore/14.3.0/lib64/libstdc++.so.6(+0xbf3c7)[0x1472441003c7]
[jwb1027:733953] [ 8] /p/home/jusers/fischill1/juwels/ippl/build_fin/_deps/kokkos-build/core/src/libkokkoscore.so.5.0(_ZN6Kokkos4Impl15throw_bad_allocESt17basic_string_viewIcSt11char_traitsIcEEmS4_+0x115)[0x14724458ee05]
[jwb0971:3373803] [14] /p/home/jusers/fischill1/juwels/ippl/build_fin/alpine/ElectrostaticPIF/LandauDampingPIF[0x4cf907]
[jwb0971:3373803] [15] /p/home/jusers/fischill1/juwels/ippl/build_fin/alpine/ElectrostaticPIF/LandauDampingPIF[0x4e81cb]
[jwb0971:3373803] [16] /p/home/jusers/fischill1/juwels/ippl/build_fin/alpine/ElectrostaticPIF/LandauDampingPIF[0x585bfd]
[jwb0971:3373803] [17] /p/home/jusers/fischill1/juwels/ippl/build_fin/alpine/ElectrostaticPIF/LandauDampingPIF[0x6090d8]
[jwb0971:3373803] [18] /p/home/jusers/fischill1/juwels/ippl/build_fin/alpine/ElectrostaticPIF/LandauDampingPIF[0x6095b5]
[jwb1034:3675052] [ 9] /p[jwb0567:3865292] [ 9] /p[jwb0031:1623414] [ 9] /p[jwb0777:2201002] [14] /p/home/jusers/fischill1/juwels/ippl/build_fin/alpine/ElectrostaticPIF/LandauDampingPIF[0x4cf90[jwb0984:2430496] [ 0] /usr/lib64/libc.so.6(+0x3fc30)[0x14cb157ddc30]
[jwb0984:2430496] [ 1] /usr/lib64/libc.so.6(+0x8d02c)[0x14cb1582b02c]
[jwb0984:2430496] [ 2] /usr/lib64/libc.so.6(raise+0x16)[0x14cb157ddb86]
[jwb0984:2430496] [ 3] /usr/lib64/libc.so.6(abort+0xd3)[0x14cb157c7873]
[jwb0984:2430496] [ 4] /p/software/default/stages/2026/software/GCCcore/14.3.0/lib64/libstdc++.so.6(+0xadc3d)[0x14cb15a82c3d]
[jwb0984:2430496] [ 5] /p/software/default/stages/2026/software/GCCcore/14.3.0/lib64/libstdc++.so.6(+0xbf14a)[0x14cb15a9414a]
[jwb0984:2430496] [ 6] /p/software/default/stages/2026/software/GCCcore/14.3.0/lib64/libstdc++.so.6(_ZSt10unexpectedv+0x0)[0x14cb15a827e9]
[jwb0984:2430496] [ 7] /p/software/default/stages/2026/software/GCCcore/14.3.0/lib64/libstdc++.so.6(+0xbf3c7)[0x14cb15a943c7]
[jwb0984:2430496] [ 8] /p/home/jusers/fischill1/juwels/ippl/build_fin/_deps/kokkos-build/core/src/libkokkoscore.so.5.0(_ZN6Kokkos4Impl15throw_bad_allocESt17basic_string_viewIcSt11char_traitsIcEEmS4_+0x115)[0x14cb15f22e05]
b]
[jwb1156:2419058] [15] /p/home/jusers/fischill1/juwels/ippl/build_fin/alpine/ElectrostaticPIF/LandauDampingPIF[0x585bfd]
[jwb1156:2419058] [16] /p/home/jusers/fischill1/juwels/ippl/build_fin/alpine/ElectrostaticPIF/LandauDampingPIF[0x6090d8]
[jwb1156:2419058] [17] /p/home/jusers/fischill1/juwels/ippl/build_fin/alpine/ElectrostaticPIF/LandauDampingPIF[0x6095b5]
[jwb1156:2419058] [18] /p/home/jusers/fischill1/juwels/ippl/build_fin/alpine/ElectrostaticPIF/LandauDampingPIF[0x60c8d1]
[jwb1156:2419058] [19] /p/home/jusers/fischill1/juwels/ippl/build_fin/alpine/ElectrostaticPIF/LandauDampingPIF[0x60d25b]
[jwb1156:2419058] [20] /p/home/jusers/fischill1/juwels/ippl/build_fin/alpine/ElectrostaticPIF/LandauDampingPIF[0x423759]
[jwb1156:2419058] [21] /usr/lib64/libc.so.6(+0x2a610)[0x14ed33221610]
[jwb1156:2419058] [22] /usr/lib64/libc.so.6(__libc_start_main+0x80)[0x14ed332216c0]
[jwb1156:2419058] [23] /p/home/jusers/fischill1/juwels/ippl/build_fin/alpine/ElectrostaticPIF/LandauDampingPIF[0x425995]
[jwb0792:2510152] [ 0] /usr/lib64/libc.so.6(+0x3fc30)[0x14cbad704c30]
[jwb0792:2510152] [ 1] /usr/lib64/libc.so.6(+0x8d02c)[0x14cbad75202c]
[jwb0792:2510152] [ 2] /usr/lib64/libc.so.6(raise+0x16)[0x14cbad704b86]
[jwb0792:2510152] [ 3] /usr/lib64/libc.so.6(abort+0xd3)[0x14cbad6ee873]
[jwb0792:2510152] [ 4] /p/software/default/stages/2026/software/GCCcore/14.3.0/lib64/libstdc++.so.6(+0xadc3d)[0x14cbad9a9c3d]
[jwb0792:2510152] [ 5] /p/software/default/stages/2026/software/GCCcore/14.3.0/lib64/libstdc++.so.6(+0xbf14a)[0x14cbad9bb14a]
[jwb0792:2510152] [ 6] /p/software/default/stages/2026/software/GCCcore/14.3.0/lib64/libstdc++.so.6(_ZSt10unexpectedv+0x0)[0x14cbad9a97e9]
[jwb0792:2510152] [ 7] /p/software/default/stages/2026/software/GCCcore/14.3.0/lib64/libstdc++.so.6(+0xbf3c7)[0x14cbad9bb3c7]
[jwb0792:2510152] [ 8] /p/home/jusers/fischill1/juwels/ippl/build_fin/_deps/kokkos-build/core/src/libkokkoscore.so.5.0(_ZN6Kokkos4Impl15throw_bad_allocESt17basic_string_viewIcSt11char_traitsIcEEmS4_+0x115)[0x14cbade49e05]
[jwb0791:1206581] *** Process received signal ***
[jwb0791:1206581] Signal: Aborted (6)
[jwb0791:1206581] Signal code:  (-6)
b]
[jwb1109:2838548] [15] /p/home/jusers/fischill1/juwels/ippl/build_fin/alpine/ElectrostaticPIF/LandauDampingPIF[0x585bfd]
rs/fischill1/juwels/ippl/build_fin/_deps/kokkos-build/core/src/libkokkoscore.so.5.0(_ZNK6Kokkos9CudaSpace13impl_allocateEPKcmm28Kokkos_Profiling_SpaceHandle+0x219)[0x1541c454c319]
[jwb0986:230221] [10] /p/home/jusers/fischill1/juwels/ippl/build_fin/_deps/kokkos-build/core/src/libkokkoscore.so.5.0(_ZNK6Kokkos9CudaSpace8allocateEPKcmm+0x65)[0x1541c454c395]
/juwels/ippl/build_fin/alpine/ElectrostaticPIF/LandauDampingPIF[0x425995]
[jwb0981:1350522] *** End of error message ***
/home/jusers/fischill1/juwels/ippl/build_fin/_deps/kokkos-build/core/src/libkokkoscore.so.5.0(_ZNK6Kokkos9CudaSpace13impl_allocateEPKcmm28Kokkos_Profiling_SpaceHandle+0x219)[0x149ada094319]
[jwb1048:2946381] [10] /p/home/jusers/fischill1/juwels/ippl/build_fin/_deps/kokkos-build/core/src/libkokkoscore.so.5.0(_ZNK6Kokkos9CudaSpace8allocateEPKcmm+0x65)[0x149ada094395]
[jwb1048:2946381] [11] /p/home/jusers/fischill1/juwels/ippl/build_fin/_deps/kokkos-build/core/src/libkokkoscore.so.5.0(_ZN6Kokkos4Impl44HostInaccessibleSharedAllocationRecordCommonINS_9CudaSpaceEEC2ERKS2_RKNSt7__cxx1112basic_stringIcSt11char_traitsIcESaIcEEEmPFvPNS0_22SharedAllocationRecordIvvEEE+0x30)[0x149ada096260]
[jwb1048:2946381] [12] /p/home/jusers/fischill1/juwels/ippl/build_fin/alpine/ElectrostaticPIF/LandauDampingPIF[0x4aa864]
[jwb1048:2946381] [13] /p/home/jusers/fischill1/juwels/ippl/build_fin/alpine/ElectrostaticPIF/LandauDampingPIF[0x4aae5e]
[jwb0035:822449] [ 2] /usr/lib64/libc.so.6(raise+0x16)[0x14f03b318b86]
[jwb0035:822449] [ 3] /usr/lib64/libc.so.6(abort+0xd3)[0x14f03b302873]
[jwb0035:822449] [ 4] /p/software/default/stages/2026/software/GCCcore/14.3.0/lib64/libstdc++.so.6(+0xadc3d)[0x14f03b5bdc3d]
[jwb0035:822449] [ 5] /p/software/default/stages/2026/software/GCCcore/14.3.0/lib64/libstdc++.so.6(+0xbf14a)[0x14f03b5cf14a]
[jwb0035:822449] [ 6] /p/software/default/stages/2026/software/GCCcore/14.3.0/lib64/libstdc++.so.6(_ZSt10unexpectedv+0x0)[0x14f03b5bd7e9]
[jwb0035:822449] [ 7] /p/software/default/stages/2026/software/GCCcore/14.3.0/lib64/libstdc++.so.6(+0xbf3c7)[0x14f03b5cf3c7]
[jwb0035:822449] [ 8] /p/home/jusers/fischill1/juwels/ippl/build_fin/_deps/kokkos-build/core/src/libkokkoscore.so.5.0(_ZN6Kokkos4Impl15throw_bad_allocESt17basic_string_viewIcSt11char_traitsIcEEmS4_+0x115)[0x14f03ba5de05]
wb0576:1115230] [18] /p/home/jusers/fischill1/juwels/ippl/build_fin/alpine/ElectrostaticPIF/LandauDampingPIF[0x6095b5]
[jwb0576:1115230] [19] /p/home/jusers/fischill1/juwels/ippl/build_fin/alpine/ElectrostaticPIF/LandauDampingPIF[0x60c8d1]
[jwb0576:1115230] [20] /p/home/jusers/fischill1/juwels/ippl/build_fin/alpine/ElectrostaticPIF/LandauDampingPIF[0x60d25b]
[jwb0576:1115230] [21] /p/home/jusers/fischill1/juwels/ippl/build_fin/alpine/ElectrostaticPIF/LandauDampingPIF[0x423759]
[jwb0576:1115230] [22] /usr/lib64/libc.so.6(+0x2a610)[0x147ee80ce610]
[jwb0576:1115230] [23] /usr/lib64/libc.so.6(__libc_start_main+0x80)[0x147ee80ce6c0]
[jwb0576:1115230] [24] /p/home/jusers/fischill1/juwels/ippl/build_fin/alpine/ElectrostaticPIF/LandauDampingPIF[0x425995]
[jwb0576:1115230] *** End of error message ***
  what():  Kokkos ERROR: Cuda memory space failed to allocate 1.029 GiB (label="temp_storage").
[jwb0556:1623967] *** End of error message ***
  what():  Kokkos ERROR: Cuda memory space failed to allocate 602 MiB (label="perm_out").
[jwb0575:2075215] [19] /p/home/jusers/fischill1/juwels/ippl/build_fin/alpine/ElectrostaticPIF/LandauDampingPIF[0x60c8d1]
[jwb0575:2075215] [20] /p/home/jusers/fischill1/juwels/ippl/build_fin/alpine/ElectrostaticPIF/LandauDampingPIF[0x60d25b]
[jwb0575:2075215] [21] /p/home/jusers/fischill1/juwels/ippl/build_fin/alpine/ElectrostaticPIF/LandauDampingPIF[0x423759]
[jwb0575:2075215] [22] /usr/lib64/libc.so.6(+0x2a610)[0x1513ba66d610]
[jwb0575:2075215] [23] /usr/lib64/libc.so.6(__libc_start_main+0x80)[0x1513ba66d6c0]
[jwb0575:2075215] [24] /p/home/jusers/fischill1/juwels/ippl/build_fin/alpine/ElectrostaticPIF/LandauDampingPIF[0x425995]
[jwb0575:2075215] *** End of error message ***
[jwb0795:3810589] [16] /p/home/jusers/fischill1/juwels/ippl/build_fin/alpine/ElectrostaticPIF/LandauDampingPIF[0x6090d8]
[jwb0795:3810589] [17] /p/home/jusers/fischill1/juwels/ippl/build_fin/alpine/ElectrostaticPIF/LandauDampingPIF[0x6095b5]
[jwb0795:3810589] [18] /p/home/jusers/fischill1/juwels/ippl/build_fin/alpine/ElectrostaticPIF/LandauDampingPIF[0x60c8d1]
[jwb0795:3810589] [19] /p/home/jusers/fischill1/juwels/ippl/build_fin/alpine/ElectrostaticPIF/LandauDampingPIF[0x60d25b]
[jwb0795:3810589] [20] /p/home/jusers/fischill1/juwels/ippl/build_fin/alpine/ElectrostaticPIF/LandauDampingPIF[0x423759]
[jwb0795:3810589] [21] /usr/lib64/libc.so.6(+0x2a610)[0x1465677a0610]
[jwb0795:3810589] [22] /usr/lib64/libc.so.6(__libc_start_main+0x80)[0x1465677a06c0]
[jwb0795:3810589] [23] /p/home/jusers/fischill1/juwels/ippl/build_fin/alpine/ElectrostaticPIF/LandauDampingPIF[0x425995]
[jwb0795:3810589] *** End of error message ***
[jwb0573:798247] [14] /p/home/jusers/fischill1/juwels/ippl/build_fin/alpine/ElectrostaticPIF/LandauDampingPIF[0x4cf907]
[jwb0573:798[jwb1027:733953] [ 9] /p/home/juseb]
[jwb0971:3373806] [15] /p/home/jusers/fischill1/juwels/ippl/build_fin/alpine/ElectrostaticPIF/LandauDampingPIF[0x585bfd]
[jwb0971:3373806] [16] /p/home/jusers/fischill1/juwels/ippl/build_fin/alpine/ElectrostaticPIF/LandauDampingPIF[0x6090d8]
7]
[jwb1034:3675053] [15] /p/home/jusers/fischill1/juwels/ippl/build_fin/alpine/ElectrostaticPIF/LandauDampingPIF[0x4e81cb]
[jwb1034:3675053] [16] /p/home/jusers/fischill1/juwels/ippl/build_fin/alpine/ElectrostaticPIF/LandauDampingPIF[0x585bfd]
[jwb1034:3675053] [17] /p/home/jusers/fischill1/juwels/ippl/build_fin/alpine/ElectrostaticPIF/LandauDampingPIF[0x6090d8]
[jwb1034:3675053] [18] /p/home/jusers/fischill1/juwels/ippl/build_fin/alpine/ElectrostaticPIF/LandauDampingPIF[0x6095b5]
[jwb1034:3675053] [19] /p/home/jusers/fischill1/juwels/ippl/build_fin/alpine/ElectrostaticPIF/LandauDampingPIF[0x60c8d1]
[jwb0567:3865291] [11] /p/home/jusers/fischill1/juwels/ippl/build_fin/_deps/kokkos-build/core/src/libkokkoscore.so.5.0(_ZN6Kokkos4Impl44HostInaccessibleSharedAllocationRecordCommonINS_9CudaSpaceEEC2ERKS2_RKNSt7__cxx1112basic_stringIcSt11char_traitsIcESaIcEEEmPFvPNS0_22SharedAllocationRecordIvvEEE+0x30)[0x14c5c2894260]
[jwb0567:3865291] [12] /p/home/jusers/fischill1/juwels/ippl/build_fin/alpine/ElectrostaticPIF/LandauDampingPIF[0x4aa864]
[jwb0567:3865291] [13] /p/home/jusers/fischill1/juwels/ippl/build_fin/alpine/ElectrostaticPIF/LandauDampingPIF[0x4aae5e]
[jwb0567:3865291] [14] /p/home/jusers/fischill1/juwels/ippl/build_fin/alpine/ElectrostaticPIF/LandauDampingPIF[0x4cf907]
[jwb0567:3865291] [15] /p/home/jusers/fischill1/juwels/ippl/build_fin/alpine/ElectrostaticPIF/LandauDampingPIF[0x4e81cb]
[jwb0567:3865291] [16] /p/home/jusers/fischill1/juwels/ippl/build_fin/alpine/ElectrostaticPIF/LandauDampingPIF[0x585bfd]
ctrostaticPIF/LandauDampingPIF[0x423759]
[jwb0777:2201001] [ 0] /usr/lib64/libc.so.6(+0x3fc30)[0x14b283da6c30]
[jwb0777:2201001] [ 1] /usr/lib64/libc.so.6(+0x8d02c)[0x14b283df402c]
[jwb0777:2201001] [ 2] /usr/lib64/libc.so.6(raise+0x16)[0x14b283da6b86]
[jwb0777:2201001] [ 3] /usr/lib64/libc.so.6(abort+0xd3)[0x14b283d90873]
[jwb0777:2201001] [ 4] /p/software/default/stages/2026/software/GCCcore/14.3.0/lib64/libstdc++.so.6(+0xadc3d)[0x14b28404bc3d]
[jwb0777:2201001] [ 5] /p/software/default/stages/2026/software/GCCcore/14.3.0/lib64/libstdc++.so.6(+0xbf14a)[0x14b28405d14a]
[jwb0777:2201001] [ 6] /p/software/default/stages/2026/software/GCCcore/14.3.0/lib64/libstdc++.so.6(_ZSt10unexpectedv+0x0)[0x14b28404b7e9]
[jwb0777:2201001] [ 7] /p/software/default/stages/2026/software/GCCcore/14.3.0/lib64/libstdc++.so.6(+0xbf3c7)[0x14b28405d3c7]
[jwb0777:2201001] [ 8] /p/home/jusers/fischill1/juwels/ippl/build_fin/_deps/kokkos-build/core/src/libkokkoscore.so.5.0(_ZN6Kokkos4Impl15throw_bad_allocESt17basic_string_viewIcSt11char_traitsIcEEmS4_+0x115)[0x14b2844ebe05]
[jwb0984:2430496] [ 9] /p[jwb1156:2419058] *** End of error message *[jwb0792:2510152] [ 9] /p[jwb0791:1206580] [ 0] /usr/lib64/libc.so.6(+0x3fc30)[0x15333cb65c30]
[jwb0791:1206580] [ 1] /usr/lib64/libc.so.6(+0x8d02c)[0x15333cbb302c]
[jwb0791:1206580] [ 2] /usr/lib64/libc.so.6(raise+0x16)[0x15333cb65b86]
[jwb0791:1206580] [ 3] /usr/lib64/libc.so.6(abort+0xd3)[0x15333cb4f873]
[jwb0791:1206580] [ 4] /p/software/default/stages/2026/software/GCCcore/14.3.0/lib64/libstdc++.so.6(+0xadc3d)[0x15333ce0ac3d]
[jwb0791:1206580] [ 5] /p/software/default/stages/2026/software/GCCcore/14.3.0/lib64/libstdc++.so.6(+0xbf14a)[0x15333ce1c14a]
[jwb0791:1206580] [ 6] /p/software/default/stages/2026/software/GCCcore/14.3.0/lib64/libstdc++.so.6(_ZSt10unexpectedv+0x0)[0x15333ce0a7e9]
[jwb0791:1206580] [ 7] /p/software/default/stages/2026/software/GCCcore/14.3.0/lib64/libstdc++.so.6(+0xbf3c7)[0x15333ce1c3c7]
[jwb0791:1206580] [ 8] /p/home/jusers/fischill1/juwels/ippl/build_fin/_deps/kokkos-build/core/src/libkokkoscore.so.5.0(_ZN6Kokkos4Impl15throw_bad_allocESt17basic_string_viewIcSt11char_traitsIcEEmS4_+0x115)[0x15333d2aae05]
7]
[jwb1109:2838549] [15] /p/home/jusers/fischill1/juwels/ippl/build_fin/alpine/ElectrostaticPIF/LandauDampingPIF[0x4e81cb]
[jwb0986:230220] [11] /p/home/jusers/fischill1/juwels/ippl/build_fin/_deps/kokkos-build/core/src/libkokkoscore.so.5.0(_ZN6Kokkos4Impl44HostInaccessibleSharedAllocationRecordCommonINS_9CudaSpaceEEC2ERKS2_RKNSt7__cxx1112basic_stringIcSt11char_traitsIcESaIcEEEmPFvPNS0_22SharedAllocationRecordIvvEEE+0x30)[0x153e83a1c260]
[jwb0986:230220] [12] /p/home/jusers/fischill1/juwels/ippl/build_fin/alpine/ElectrostaticPIF/LandauDampingPIF[0x4aa864]
[jwb0986:230220] [13] /p/home/jusers/fischill1/juwels/ippl/build_fin/alpine/ElectrostaticPIF/LandauDampingPIF[0x4aae5e]
[jwb0986:230220] [14] /p/home/jusers/fischill1/juwels/ippl/build_fin/alpine/ElectrostaticPIF/LandauDampingPIF[0x4cf907]
[jwb0986:230220] [15] /p/home/jusers/fischill1/juwels/ippl/build_fin/alpine/ElectrostaticPIF/LandauDampingPIF[0x4e81cb]
[jwb0986:230220] [16] /p/home/jusers/fischill1/juwels/ippl/build_fin/alpine/ElectrostaticPIF/LandauDampingPIF[0x585bfd]
[jwb0981:1350523] [18] /p/home/jusers/fischill1/juwels/ippl/build_fin/alpine/ElectrostaticPIF/LandauDampingPIF[0x6095b5]
[jwb0981:1350523] [19] /p/home/jusers/fischill1/juwels/ippl/build_fin/alpine/ElectrostaticPIF/LandauDampingPIF[0x60c8d1]
[jwb0981:1350523] [20] /p/home/jusers/fischill1/juwels/ippl/build_fin/alpine/ElectrostaticPIF/LandauDampingPIF[0x60d25b]
[jwb0981:1350523] [21] /p/home/jusers/fischill1/juwels/ippl/build_fin/alpine/ElectrostaticPIF/LandauDampingPIF[0x423759]
[jwb0981:1350523] [22] /usr/lib64/libc.so.6(+0x2a610)[0x14f42f4a1610]
[jwb0981:1350523] [23] /usr/lib64/libc.so.6(__libc_start_main+0x80)[0x14f42f4a16c0]
[jwb0981:1350523] [24] /p/home/jusers/fischill1/juwels/ippl/build_fin/alpine/ElectrostaticPIF/LandauDampingPIF[0x425995]
[jwb0981:1350523] *** End of error message ***
[jwb1048:2946381] [14] /p/home/jusers/fischill1/juwels/ippl/build_fin/alpine/ElectrostaticPIF/LandauDampingPIF[0x4cf90[jwb0035:822449] [ 9] /p/home/jusers/fischill1/juwels/ippl/build_fin/_deps/kokkos-build/core/src/libkokkoscore.so.5.0(_ZNK6Kokkos9CudaSpace13impl_allocateEPKcmm28Kokkos_Pro[jwb0576:1115228] [ 0] /usr/lib64/libc.so.6(+0x3fc30)[0x147c2e0a6c30]
[jwb0576:1115228] [ 1] /usr/lib64/libc.so.6(+0x8d02c)[0x147c2e0f402c]
[jwb0576:1115228] [ 2] /usr/lib64/libc.so.6(raise+0x16)[0x147c2e0a6b86]
[jwb0576:1115228] [ 3] /usr/lib64/libc.so.6(abort+0xd3)[0x147c2e090873]
[jwb0576:1115228] [ 4] /p/software/default/stages/2026/software/GCCcore/14.3.0/lib64/libstdc++.so.6(+0xadc3d)[0x147c2e34bc3d]
[jwb0576:1115228] [ 5] /p/software/default/stages/2026/software/GCCcore/14.3.0/lib64/libstdc++.so.6(+0xbf14a)[0x147c2e35d14a]
[jwb0576:1115228] [ 6] /p/software/default/stages/2026/software/GCCcore/14.3.0/lib64/libstdc++.so.6(_ZSt10unexpectedv+0x0)[0x147c2e34b7e9]
[jwb0576:1115228] [ 7] /p/software/default/stages/2026/software/GCCcore/14.3.0/lib64/libstdc++.so.6(+0xbf3c7)[0x147c2e35d3c7]
[jwb0576:1115228] [ 8] /p/home/jusers/fischill1/juwels/ippl/build_fin/_deps/kokkos-build/core/src/libkokkoscore.so.5.0(_ZN6Kokkos4Impl15throw_bad_allocESt17basic_string_viewIcSt11char_traitsIcEEmS4_+0x115)[0x147c2e7ebe05]
  what():  Kokkos ERROR: Cuda memory space failed to allocate 1.001 GiB (label="temp_storage").
[jwb0556:1623966] *** End of error message ***
[jwb0701:507202] *** Process received signal ***
[jwb0701:507202] Signal: Aborted (6)
[jwb0701:507202] Signal code:  (-6)
**
[jwb0795:3810591] [21] /p/home/jusers/fischill1/juwels/ippl/build_fin/alpine/ElectrostaticPIF/LandauDampingPIF[0x423759]
[jwb0795:3810591] [22] /usr/lib64/libc.so.6(+0x2a610)[0x14c3bdbff610]
[jwb0795:3810591] [23] /usr/lib64/libc.so.6(__libc_start_main+0x80)[0x14c3bdbff6c0]
[jwb0795:3810591] [24] /p/home/jusers/fischill1/juwels/ippl/build_fin/alpine/ElectrostaticPIF/LandauDampingPIF[0x425995]
[jwb0795:3810591] *** End of error message ***
247] [15] /p/home/jusers/fischill1/juwels/ippl/build_fin/alpine/ElectrostaticPIF/LandauDampingPIF[0x4e81cb]
[jwb0573:798247] [16] /p/home/jusers/fischill1/juwels/ippl/build_fin/alpine/ElectrostaticPIF/LandauDampingPIF[0x585bfd]
733954] [18] /p/home/jusers/fischill1/juwels/ippl/build_fin/alpine/ElectrostaticPIF/LandauDampingPIF[0x60c8d1]
/home/jusers/fischill1/juwels/ippl/build_fin/_deps/kokkos-build/core/src/libkokkoscore.so.5.0(_ZNK6Kokkos9CudaSpace13impl_allocateEPKcmm28Kokkos_Profiling_SpaceHandle+0x219)[0x14fd86cb4319]
[jwb0971:3373804] [10] /p/home/jusers/fischill1/juwels/ippl/build_fin/_deps/kokkos-build/core/src/libkokkoscore.so.5.0(_ZNK6Kokkos9CudaSpace8allocateEPKcmm+0x65)[0x14fd86cb4395]
[jwb0971:3373804] [11] /p/home/jusers/fischill1/juwels/ippl/build_fin/_deps/kokkos-build/core/src/libkokkoscore.so.5.0(_ZN6Kokkos4Impl44HostInaccessibleSharedAllocationRecordCommonINS_9CudaSpaceEEC2ERKS2_RKNSt7__cxx1112basic_stringIcSt11char_traitsIcESaIcEEEmPFvPNS0_22SharedAllocationRecordIvvEEE+0x30)[0x14fd86cb6260]
[jwb0971:3373804] [12] /p/home/jusers/fischill1/juwels/ippl/build_fin/alpine/ElectrostaticPIF/LandauDampingPIF[0x49cd3a]
[jwb0971:3373804] [13] /p/home/jusers/fischill1/juwels/ippl/build_fin/alpine/ElectrostaticPIF/LandauDampingPIF[0x4d0480]
/home/jusers/fischill1/juwels/ippl/build_fin/_deps/kokkos-build/core/src/libkokkoscore.so.5.0(_ZNK6Kokkos9CudaSpace13impl_allocateEPKcmm28Kokkos_Profiling_SpaceHandle+0x219)[0x14ecafade319]
[jwb1034:3675052] [10] /p/home/jusers/fischill1/juwels/ippl/build_fin/_deps/kokkos-build/core/src/libkokkoscore.so.5.0(_ZNK6Kokkos9CudaSpace8allocateEPKcmm+0x65)[0x14ecafade395]
[jwb1034:3675052] [11] /p/home/jusers/fischill1/juwels/ippl/build_fin/_deps/kokkos-build/core/src/libkokkoscore.so.5.0(_ZN6Kokkos4Impl44HostInaccessibleSharedAllocationRecordCommonINS_9CudaSpaceEEC2ERKS2_RKNSt7__cxx1112basic_stringIcSt11char_traitsIcESaIcEEEmPFvPNS0_22SharedAllocationRecordIvvEEE+0x30)[0x14ecafae0260]
[jwb1034:3675052] [12] /p/home/jusers/fischill1/juwels/ippl/build_fin/alpine/ElectrostaticPIF/LandauDampingPIF[0x4aa864]
[jwb1034:3675052] [13] /p/home/jusers/fischill1/juwels/ippl/build_fin/alpine/ElectrostaticPIF/LandauDampingPIF[0x4aae5e]
[jwb0567:3865291] [17] /p/home/jusers/fischill1/juwels/ippl/build_fin/alpine/ElectrostaticPIF/LandauDampingPIF[0x6090d8]
[j7]
[jwb0031:1623415] [15] /p/home/jusers/fischill1/juwels/ippl/build_fin/alpine/ElectrostaticPIF/LandauDampingPIF[0x4e81cb]
[jwb0031:1623415] [16] /p/home/jusers/fischill1/juwels/ippl/build_fin/alpine/ElectrostaticPIF/LandauDampingPIF[0x585bfd]
[jwb0031:1623415] [17] /p/home/jusers/fischill1/juwels/ippl/build_fin/alpine/ElectrostaticPIF/LandauDampingPIF[0x6090d8]
[jwb0031:1623415] [18] /p/home/jusers/fischill1/juwels/ippl/build_fin/alpine/ElectrostaticPIF/LandauDampingPIF[0x6095b5]
[jwb0031:1623415] [19] /p/home/jusers/fischill1/juwels/ippl/build_fin/alpine/ElectrostaticPIF/LandauDampingPIF[0x60c8d1]
[jwb0777:2201001] [ 9] /p[jwb0984:2430494] [14] /p/home/jusers/fischill1/juwels/ippl/build_fin/alpine/ElectrostaticPIF/LandauDampingPIF[0x4cf907]
[jwb0984:2430494] [15] /p/home/jusers/fischill1/juwels/ippl/build_fin/alpine/ElectrostaticPIF/LandauDampingPIF[0x4e81cb]
[jwb0984:2430494] [16] /p/home/jusers/fischill1/juwels/ippl/build_fin/alpine/ElectrostaticPIF/LandauDampingPIF[0x585bfd]
[jwb0984:2430494] [17] /p/home/jusers/fischill1/juwels/ippl/build_fin/alpine/ElectrostaticPIF/LandauDampingPIF[0x6090d8]
[jwb0984:2430494] [18] /p/home/jusers/fischill1/juwels/ippl/build_fin/alpine/ElectrostaticPIF/LandauDampingPIF[0x6095b5]
[jwb0984:2430494] [19] /p/home/jusers/fischill1/juwels/ippl/build_fin/alpine/ElectrostaticPIF/LandauDampingPIF[0x60c8d1]
[jwb0984:2430494] [20] /p/home/jusers/fischill1/juwels/ippl/build_fin/alpine/ElectrostaticPIF/LandauDampingPIF[0x60d25b]
[jwb0984:2430494] [21] /p/home/jusers/fischill1/juwels/ippl/build_fin/alpine/ElectrostaticPIF/LandauDampingPIF[0x423759]
[jwb1156:2419059] *** End of error message ***
[jwb0792:2510151] [11] /p/home/jusers/fischill1/juwels/ippl/build_fin/_deps/kokkos-build/core/src/libkokkoscore.so.5.0(_ZN6Kokkos4Impl44HostInaccessibleSharedAllocationRecordCommonINS_9CudaSpaceEEC2ERKS2_RKNSt7__cxx1112basic_stringIcSt11char_traitsIcESaIcEEEmPFvPNS0_22SharedAllocationRecordIvvEEE+0x30)[0x14817bf36260]
[jwb0792:2510151] [12] /p/home/jusers/fischill1/juwels/ippl/build_fin/alpine/ElectrostaticPIF/LandauDampingPIF[0x4aa864]
[jwb0792:2510151] [13] /p/home/jusers/fischill1/juwels/ippl/build_fin/alpine/ElectrostaticPIF/LandauDampingPIF[0x4aaf61]
[jwb0792:2510151] [14] /p/home/jusers/fischill1/juwels/ippl/build_fin/alpine/ElectrostaticPIF/LandauDampingPIF[0x4cf907]
[jwb0792:2510151] [15] /p/home/jusers/fischill1/juwels/ippl/build_fin/alpine/ElectrostaticPIF/LandauDampingPIF[0x4e81cb]
[jwb0792:2510151] [16] /p/home/jusers/fischill1/juwels/ippl/build_fin/alpine/ElectrostaticPIF/LandauDampingPIF[0x585bfd]
[jwb0791:1206580] [ 9] /p/juwels/ippl/build_fin/alpine/ElectrostaticPIF/LandauDampingPIF[0x425995]
[jwb1109:2838547] *** End of error message ***
[jwb0986:230220] [17] /p/home/jusers/fischill1/juwels/ippl/build_fin/alpine/ElectrostaticPIF/LandauDampingPIF[0x6090d8]
[jwb0986:[jwb0981:1350525] [ 0] /usr/lib64/libc.so.6(+0x3fc30)[0x15415972bc30]
[jwb0981:1350525] [ 1] /usr/lib64/libc.so.6(+0x8d02c)[0x15415977902c]
[jwb0981:1350525] [ 2] /usr/lib64/libc.so.6(raise+0x16)[0x15415972bb86]
[jwb0981:1350525] [ 3] /usr/lib64/libc.so.6(abort+0xd3)[0x154159715873]
[jwb0981:1350525] [ 4] /p/software/default/stages/2026/software/GCCcore/14.3.0/lib64/libstdc++.so.6(+0xadc3d)[0x1541599d0c3d]
[jwb0981:1350525] [ 5] /p/software/default/stages/2026/software/GCCcore/14.3.0/lib64/libstdc++.so.6(+0xbf14a)[0x1541599e214a]
[jwb0981:1350525] [ 6] /p/software/default/stages/2026/software/GCCcore/14.3.0/lib64/libstdc++.so.6(_ZSt10unexpectedv+0x0)[0x1541599d07e9]
[jwb0981:1350525] [ 7] /p/software/default/stages/2026/software/GCCcore/14.3.0/lib64/libstdc++.so.6(+0xbf3c7)[0x1541599e23c7]
[jwb0981:1350525] [ 8] /p/home/jusers/fischill1/juwels/ippl/build_fin/_deps/kokkos-build/core/src/libkokkoscore.so.5.0(_ZN6Kokkos4Impl15throw_bad_allocESt17basic_string_viewIcSt11char_traitsIcEEmS4_+0x115)[0x154159e70e05]
[jwb1048:2946383] [ 0] /usr/lib64/libc.so.6(+0x3fc30)[0x1479f1ff9c30]
[jwb1048:2946383] [ 1] /usr/lib64/libc.so.6(+0x8d02c)[0x1479f204702c]
[jwb1048:2946383] [ 2] /usr/lib64/libc.so.6(raise+0x16)[0x1479f1ff9b86]
[jwb1048:2946383] [ 3] /usr/lib64/libc.so.6(abort+0xd3)[0x1479f1fe3873]
[jwb1048:2946383] [ 4] /p/software/default/stages/2026/software/GCCcore/14.3.0/lib64/libstdc++.so.6(+0xadc3d)[0x1479f229ec3d]
[jwb1048:2946383] [ 5] /p/software/default/stages/2026/software/GCCcore/14.3.0/lib64/libstdc++.so.6(+0xbf14a)[0x1479f22b014a]
[jwb1048:2946383] [ 6] /p/software/default/stages/2026/software/GCCcore/14.3.0/lib64/libstdc++.so.6(_ZSt10unexpectedv+0x0)[0x1479f229e7e9]
[jwb1048:2946383] [ 7] /p/software/default/stages/2026/software/GCCcore/14.3.0/lib64/libstdc++.so.6(+0xbf3c7)[0x1479f22b03c7]
[jwb1048:2946383] [ 8] /p/home/jusers/fischill1/juwels/ippl/build_fin/_deps/kokkos-build/core/src/libkokkoscore.so.5.0(_ZN6Kokkos4Impl15throw_bad_allocESt17basic_string_viewIcSt11char_traitsIcEEmS4_+0x115)[0x1479f273ee05]
[jwb0035:822452] [19] /p/home/jusers/fischill1/juwels/ippl/build_fin/alpine/ElectrostaticPIF/LandauDampingPIF[0x60d25b]
[jwb0035:822452] [20] /p/home/jusers/fischill1/juwels/ippl/build_fin/alpine/ElectrostaticPIF/LandauDampingPIF[0x423759]
[jwb0035:822452] [21] /usr/lib64/libc.so.6(+0x2a610)[0x15314adcc610]
[jwb0035:822452] [22] /usr/lib64/libc.so.6(__libc_start_main+0x80)[0x15314adcc6c0]
[jwb0035:822452] [23] /p/home/jusers/fischill1/juwels/ippl/build_fin/alpine/ElectrostaticPIF/LandauDampingPIF[0x425995]
[jwb0035:822452] *** End of error message ***
[jwb0576:1115228] [ 9] /p  what():  Kokkos ERROR: Cuda memory space failed to allocate 1.067 GiB (label="temp_storage").
terminate called after throwing an instance of 'std::runtime_error'
  what():  Kokkos ERROR: Cuda memory space failed to allocate 641.4 MiB (label="keys_out").
[jwb0701:507201] *** Process received signal ***
[jwb0701:507201] Signal: Aborted (6)
[jwb0701:507201] Signal code:  (-6)
7]
[jwb0795:3810590] [15] /p/home/jusers/fischill1/juwels/ippl/build_fin/alpine/ElectrostaticPIF/LandauDampingPIF[0x4e81cb]
[jwb0795:3810590] [16] /p/home/jusers/fischill1/juwels/ippl/build_fin/alpine/ElectrostaticPIF/LandauDampingPIF[0x585bfd]
[jwb0795:3810590] [17] /p/home/jusers/fischill1/juwels/ippl/build_fin/alpine/ElectrostaticPIF/LandauDampingPIF[0x6090d8]
[jwb0795:3810590] [18] /p/home/jusers/fischill1/juwels/ippl/build_fin/alpine/ElectrostaticPIF/LandauDampingPIF[0x6095b5]
[jwb0795:3810590] [19] /p/home/jusers/fischill1/juwels/ippl/build_fin/alpine/ElectrostaticPIF/LandauDampingPIF[0x60c8d1]
[jwb0573:798245] [ 0] /usr/lib64/libc.so.6(+0x3fc30)[0x152aa4897c30]
[jwb0573:798245] [ 1] /usr/lib64/libc.so.6(+0x8d02c)[0x152aa48e502c]
[jwb0573:798245] [ 2] /usr/lib64/libc.so.6(raise+0x16)[0x152aa4897b86]
[jwb0573:798245] [ 3] /usr/lib64/libc.so.6(abort+0xd3)[0x152aa4881873]
[jwb0573:798245] [ 4] /p/software/default/stages/2026/software/GCCcore/14.3.0/lib64/libstdc++.so.6(+0xadc3d)[0x152aa4b3cc3d]
[jwb0573:798245] [ 5] /p/software/default/stages/2026/software/GCCcore/14.3.0/lib64/libstdc++.so.6(+0xbf14a)[0x152aa4b4e14a]
[jwb0573:798245] [ 6] /p/software/default/stages/2026/software/GCCcore/14.3.0/lib64/libstdc++.so.6(_ZSt10unexpectedv+0x0)[0x152aa4b3c7e9]
[jwb0573:798245] [ 7] /p/software/default/stages/2026/software/GCCcore/14.3.0/lib64/libstdc++.so.6(+0xbf3c7)[0x152aa4b4e3c7]
[jwb0573:798245] [ 8] /p/home/jusers/fischill1/juwels/ippl/build_fin/_deps/kokkos-build/core/src/libkokkoscore.so.5.0(_ZN6Kokkos4Impl15throw_bad_allocESt17basic_string_viewIcSt11char_traitsIcEEmS4_+0x115)[0x152aa4fdce05]
[jwb1027:733955] [17] /p/home/jusers/fischill1/juwels/ippl/build_fin/alpine/ElectrostaticPIF/LandauDampingPIF[0x6095b5]
[jwb1027:733955] [18] /p/home/jusers/fischill1/juwels/ippl/build_fin/alpine/ElectrostaticPIF/LandauDampingPIF[0x60c8d1]
[jwb0971:3373804] [14] /p/home/jusers/fischill1/juwels/ippl/build_fin/alpine/ElectrostaticPIF/LandauDampingPIF[0x4e81c[jwb1034:3675052] [14] /p/home/jusers/fischill1/juwels/ippl/build_fin/alpine/ElectrostaticPIF/LandauDampingPIF[0x4cf90[jwb0567:3865290] [11] /p/home/jusers/fischill1/juwels/ippl/build_fin/_deps/kokkos-build/core/src/libkokkoscore.so.5.0(_ZN6Kokkos4Impl44HostInaccessibleSharedAllocationRecordCommonINS_9CudaSpaceEEC2ERKS2_RKNSt7__cxx1112basic_stringIcSt11char_traitsIcESaIcEEEmPFvPNS0_22SharedAllocationRecordIvvEEE+0x30)[0x1524157cd260]
[jwb0567:3865290] [12] /p/home/jusers/fischill1/juwels/ippl/build_fin/alpine/ElectrostaticPIF/LandauDampingPIF[0x4aa864]
[jwb0567:3865290] [13] /p/home/jusers/fischill1/juwels/ippl/build_fin/alpine/ElectrostaticPIF/LandauDampingPIF[0x4aaf61]
[jwb0567:3865290] [14] /p/home/jusers/fischill1/juwels/ippl/build_fin/alpine/ElectrostaticPIF/LandauDampingPIF[0x4cf907]
/home/jusers/fischill1/juwels/ippl/build_fin/_deps/kokkos-build/core/src/libkokkoscore.so.5.0(_ZNK6Kokkos9CudaSpace13impl_allocateEPKcmm28Kokkos_Profiling_SpaceHandle+0x219)[0x154fc7725319]
[jwb0031:1623414] [10] /p/home/jusers/fischill1/juwels/ippl/build_fin/_deps/kokkos-build/core/src/libkokkoscore.so.5.0(_ZNK6Kokkos9CudaSpace8allocateEPKcmm+0x65)[0x154fc7725395]
[jwb0031:1623414] [11] /p/home/jusers/fischill1/juwels/ippl/build_fin/_deps/kokkos-build/core/src/libkokkoscore.so.5.0(_ZN6Kokkos4Impl44HostInaccessibleSharedAllocationRecordCommonINS_9CudaSpaceEEC2ERKS2_RKNSt7__cxx1112basic_stringIcSt11char_traitsIcESaIcEEEmPFvPNS0_22SharedAllocationRecordIvvEEE+0x30)[0x154fc7727260]
[jwb0031:1623414] [12] /p/home/jusers/fischill1/juwels/ippl/build_fin/alpine/ElectrostaticPIF/LandauDampingPIF[0x4aa864]
[jwb0031:1623414] [13] /p/home/jusers/fischill1/juwels/ippl/build_fin/alpine/ElectrostaticPIF/LandauDampingPIF[0x4aaf61]
[jwb0777:2201004] [ 0] /usr/lib64/libc.so.6(+0x3fc30)[0x1511500f6c30]
[jwb0777:2201004] [ 1] /usr/lib64/libc.so.6(+0x8d02c)[0x15115014402c]
[jwb0777:2201004] [ 2] /usr/lib64/libc.so.6(raise+0x16)[0x1511500f6b86]
[jwb0777:2201004] [ 3] /usr/lib64/libc.so.6(abort+0xd3)[0x1511500e0873]
[jwb0777:2201004] [ 4] /p/software/default/stages/2026/software/GCCcore/14.3.0/lib64/libstdc++.so.6(+0xadc3d)[0x15115039bc3d]
[jwb0777:2201004] [ 5] /p/software/default/stages/2026/software/GCCcore/14.3.0/lib64/libstdc++.so.6(+0xbf14a)[0x1511503ad14a]
[jwb0777:2201004] [ 6] /p/software/default/stages/2026/software/GCCcore/14.3.0/lib64/libstdc++.so.6(_ZSt10unexpectedv+0x0)[0x15115039b7e9]
[jwb0777:2201004] [ 7] /p/software/default/stages/2026/software/GCCcore/14.3.0/lib64/libstdc++.so.6(+0xbf3c7)[0x1511503ad3c7]
[jwb0777:2201004] [ 8] /p/home/jusers/fischill1/juwels/ippl/build_fin/_deps/kokkos-build/core/src/libkokkoscore.so.5.0(_ZN6Kokkos4Impl15throw_bad_allocESt17basic_string_viewIcSt11char_traitsIcEEmS4_+0x115)[0x15115083be05]
[jwb0984:2430494] [22] /usr/lib64/libc.so.6(+0x2a610)[0x14b402255610]
[jwb0984:2[jwb1156:2419060] *** End of error message ***
[jwb0792:2510151] [17] /p/home/jusers/fischill1/juwels/ippl/build_fin/alpine/ElectrostaticPIF/LandauDampingPIF[0x6090d8]
[j/home/jusers/fischill1/juwels/ippl/build_fin/_deps/kokkos-build/core/src/libkokkoscore.so.5.0(_ZNK6Kokkos9CudaSpace13impl_allocateEPKcmm28Kokkos_Profiling_SpaceHandle+0x219)[0x15333d2bd319]
[jwb0791:1206580] [10] /p/home/jusers/fischill1/juwels/ippl/build_fin/_deps/kokkos-build/core/src/libkokkoscore.so.5.0(_ZNK6Kokkos9CudaSpace8allocateEPKcmm+0x65)[0x15333d2bd395]
[jwb1109:2838548] [16] /p/home/jusers/fischill1/juwels/ippl/build_fin/alpine/ElectrostaticPIF/LandauDampingPIF[0x6090d8]
[jwb1109:2838548] [17] /p/home/jusers/fischill1/juwels/ippl/build_fin/alpine/ElectrostaticPIF/LandauDampingPIF[0x6095b5]
[jwb1109:2838548] [18] /p/home/jusers/fischill1/juwels/ippl/build_fin/alpine/ElectrostaticPIF/LandauDampingPIF[0x60c8d1]
[jwb1109:2838548] [19] /p/home/jusers/fischill1/juwels/ippl/build_fin/alpine/ElectrostaticPIF/LandauDampingPIF[0x60d25b]
[jwb1109:2838548] [20] /p/home/jusers/fischill1/juwels/ippl/build_fin/alpine/ElectrostaticPIF/LandauDampingPIF[0x423759]
[jwb1109:2838548] [21] /usr/lib64/libc.so.6(+0x2a610)[0x1544c9c9f610]
[jwb1109:2838548] [22] /usr/lib64/libc.so.6(__libc_start_main+0x80)[0x1544c9c9f6c0]
[jwb1109:2838548] [23] /p/home/jusers/fischill1/juwels/ippl/build_fin/alpine/ElectrostaticPIF/LandauDampingPIF[0x425995]
[jwb0986:230222] [14] /p/home/jusers/fischill1/juwels/ippl/build_fin/alpine/ElectrostaticPIF/LandauDampingPIF[0x4cf907]
[jwb0986:230222] [15] /p/home/jusers/fischill1/juwels/ippl/build_fin/alpine/ElectrostaticPIF/LandauDampingPIF[0x4e81cb]
[jwb0981:1350525] [ 9] /p[jwb1048:2946383] [ 9] /p[jwb0035:822451] [19] /p/home/jusers/fischill1/juwels/ippl/build_fin/alpine/ElectrostaticPIF/LandauDampingPIF[0x60c8d1]
[jwb0035:822451] [20] /p/home/jusers/fischill1/juwels/ippl/build_fin/alpine/ElectrostaticPIF/LandauDampingPIF[0x60d25b]
[jwb0035:822451] [21] /p/home/jusers/fischill1/juwels/ippl/build_fin/alpine/ElectrostaticPIF/LandauDampingPIF[0x423759]
[jwb0035:822451] [22] /usr/lib64/libc.so.6(+0x2a610)[0x14d987b07610]
[jwb0035:822451] [23] /usr/lib64/libc.so.6(__libc_start_main+0x80)[0x14d987b076c0]
[jwb0035:822451] [24] /p/home/jusers/fischill1/juwels/ippl/build_fin/alpine/ElectrostaticPIF/LandauDampingPIF[0x425995]
[jwb0035:822451] *** End of error message ***
/home/jusers/fischill1/juwels/ippl/build_fin/_deps/kokkos-build/core/src/libkokkoscore.so.5.0(_ZNK6Kokkos9CudaSpace13impl_allocateEPKcmm28Kokkos_Profiling_SpaceHandle+0x219)[0x147c2e7fe319]
[jwb0576:1115228] [10] /p/home/jusers/fischill1/juwels/ippl/build_fin/_deps/kokkos-build/core/src/libkokkoscore.so.5.0(_ZNK6Kokkos9CudaSpace8allocateEPKcmm+0x65)[0x147c2e7fe395]
[jwb0576:1115228] [11] /p/home/jusers/fischill1/juwels/ippl/build_fin/_deps/kokkos-build/core/src/libkokkoscore.so.5.0(_ZN6Kokkos4Impl44HostInaccessibleSharedAllocationRecordCommonINS_9CudaSpaceEEC2ERKS2_RKNSt7__cxx1112basic_stringIcSt11char_traitsIcESaIcEEEmPFvPNS0_22SharedAllocationRecordIvvEEE+0x30)[0x147c2e800260]
[jwb0576:1115228] [12] /p/home/jusers/fischill1/juwels/ippl/build_fin/alpine/ElectrostaticPIF/LandauDampingPIF[0x49cd3a]
[jwb0576:1115228] [13] /p/home/jusers/fischill1/juwels/ippl/build_fin/alpine/ElectrostaticPIF/LandauDampingPIF[0x4d0480]
[jwb0678:426614] *** Process received signal ***
[jwb0678:426614] Signal: Aborted (6)
[jwb0678:426614] Signal code:  (-6)
[jwb0556:1623968] *** Process received signal ***
[jwb0556:1623968] Signal: Aborted (6)
[jwb0556:1623968] Signal code:  (-6)
[jwb0701:507200] *** Process received signal ***
[jwb0701:507200] Signal: Aborted (6)
[jwb0701:507200] Signal code:  (-6)
[jwb0795:3810588] [ 0] /usr/lib64/libc.so.6(+0x3fc30)[0x148041103c30]
[jwb0795:3810588] [ 1] /usr/lib64/libc.so.6(+0x8d02c)[0x14804115102c]
[jwb0795:3810588] [ 2] /usr/lib64/libc.so.6(raise+0x16)[0x148041103b86]
[jwb0795:3810588] [ 3] /usr/lib64/libc.so.6(abort+0xd3)[0x1480410ed873]
[jwb0795:3810588] [ 4] /p/software/default/stages/2026/software/GCCcore/14.3.0/lib64/libstdc++.so.6(+0xadc3d)[0x1480413a8c3d]
[jwb0795:3810588] [ 5] /p/software/default/stages/2026/software/GCCcore/14.3.0/lib64/libstdc++.so.6(+0xbf14a)[0x1480413ba14a]
[jwb0795:3810588] [ 6] /p/software/default/stages/2026/software/GCCcore/14.3.0/lib64/libstdc++.so.6(_ZSt10unexpectedv+0x0)[0x1480413a87e9]
[jwb0795:3810588] [ 7] /p/software/default/stages/2026/software/GCCcore/14.3.0/lib64/libstdc++.so.6(+0xbf3c7)[0x1480413ba3c7]
[jwb0795:3810588] [ 8] /p/home/jusers/fischill1/juwels/ippl/build_fin/_deps/kokkos-build/core/src/libkokkoscore.so.5.0(_ZN6Kokkos4Impl15throw_bad_allocESt17basic_string_viewIcSt11char_traitsIcEEmS4_+0x115)[0x148041848e05]
[jwb0573:798245] [ 9] /p/home/juse952] [15] /p/home/jusers/fischill1/juwels/ippl/build_fin/alpine/ElectrostaticPIF/LandauDampingPIF[0x585bfd]
[jwb1027:733952] [16] /p/home/jusers/fischill1/juwels/ippl/build_fin/alpine/ElectrostaticPIF/LandauDampingPIF[0x6090d8]
[jwb1027:733952] [17] /p/home/jusers/fischill1/juwels/ippl/build_fin/alpine/ElectrostaticPIF/LandauDampingPIF[0x6095b5]
[jwb1027:733952] [18] /p/home/jusers/fischill1/juwels/ippl/build_fin/alpine/ElectrostaticPIF/LandauDampingPIF[0x60c8d1]
[jwb0971:3373803] [19] /p/home/jusers/fischill1/juwels/ippl/build_fin/alpine/ElectrostaticPIF/LandauDampingPIF[0x60c8d1]
[jwb0971:3373803] [20] /p/home/jusers/fischill1/juwels/ippl/build_fin/alpine/ElectrostaticPIF/LandauDampingPIF[0x60d25b]
[jwb0971:3373803] [21] /p/home/jusers/fischill1/juwels/ippl/build_fin/alpine/ElectrostaticPIF/LandauDampingPIF[0x423759]
[jwb0971:3373803] [22] /usr/lib64/libc.so.6(+0x2a610)[0x147f78a25610]
[jwb0971:3373803] [23] /usr/lib64/libc.so.6(__libc_start_main+0x80)[0x147f78a256c0]
[jwb0971:3373803] [24] /p/home/jusers/fischill1/juwels/ippl/build_fin/alpine/ElectrostaticPIF/LandauDampingPIF[0x425995]
[jwb0971:3373803] *** End of error message ***
[jwb1034:3675054] [ 0] /usr/lib64/libc.so.6(+0x3fc30)[0x1530e888ac30]
[jwb1034:3675054] [ 1] /usr/lib64/libc.so.6(+0x8d02c)[0x1530e88d802c]
[jwb1034:3675054] [ 2] /usr/lib64/libc.so.6(raise+0x16)[0x1530e888ab86]
[jwb1034:3675054] [ 3] /usr/lib64/libc.so.6(abort+0xd3)[0x1530e8874873]
[jwb1034:3675054] [ 4] /p/software/default/stages/2026/software/GCCcore/14.3.0/lib64/libstdc++.so.6(+0xadc3d)[0x1530e8b2fc3d]
[jwb1034:3675054] [ 5] /p/software/default/stages/2026/software/GCCcore/14.3.0/lib64/libstdc++.so.6(+0xbf14a)[0x1530e8b4114a]
[jwb1034:3675054] [ 6] /p/software/default/stages/2026/software/GCCcore/14.3.0/lib64/libstdc++.so.6(_ZSt10unexpectedv+0x0)[0x1530e8b2f7e9]
[jwb1034:3675054] [ 7] /p/software/default/stages/2026/software/GCCcore/14.3.0/lib64/libstdc++.so.6(+0xbf3c7)[0x1530e8b413c7]
[jwb1034:3675054] [ 8] /p/home/jusers/fischill1/juwels/ippl/build_fin/_deps/kokkos-build/core/src/libkokkoscore.so.5.0(_ZN6Kokkos4Impl15throw_bad_allocESt17basic_string_viewIcSt11char_traitsIcEEmS4_+0x115)[0x1530e8fcfe05]
[jwb0567:3865293] [11] /p/home/jusers/fischill1/juwels/ippl/build_fin/_deps/kokkos-build/core/src/libkokkoscore.so.5.0(_ZN6Kokkos4Impl44HostInaccessibleSharedAllocationRecordCommonINS_9CudaSpaceEEC2ERKS2_RKNSt7__cxx1112basic_stringIcSt11char_traitsIcESaIcEEEmPFvPNS0_22SharedAllocationRecordIvvEEE+0x30)[0x152177215260]
[jwb0567:3865293] [12] /p/home/jusers/fischill1/juwels/ippl/build_fin/alpine/ElectrostaticPIF/LandauDampingPIF[0x49cd3a]
[jwb0567:3865293] [13] /p/home/jusers/fischill1/juwels/ippl/build_fin/alpine/ElectrostaticPIF/LandauDampingPIF[0x4d0480]
[jwb0031:1623414] [14] /p/home/jusers/fischill1/juwels/ippl/build_fin/alpine/ElectrostaticPIF/LandauDampingPIF[0x4cf90[jwb0777:2201004] [ 9] /p7]
[jwb0984:2430495] [15] /p/home/jusers/fischill1/juwels/ippl/build_fin/alpine/ElectrostaticPIF/LandauDampingPIF[0x4e81cb]
[jwb0984:2430495] [16] /p/home/jusers/fischill1/juwels/ippl/build_fin/alpine/ElectrostaticPIF/LandauDampingPIF[0x585bfd]
**
[jwb0792:2510153] [12] /p/home/jusers/fischill1/juwels/ippl/build_fin/alpine/ElectrostaticPIF/LandauDampingPIF[0x4aa864]
[jwb0792:2510153] [13] /p/home/jusers/fischill1/juwels/ippl/build_fin/alpine/ElectrostaticPIF/LandauDampingPIF[0x4aaf61]
[jwb0792:2510153] [14] /p/home/jusers/fischill1/juwels/ippl/build_fin/alpine/ElectrostaticPIF/LandauDampingPIF[0x4cf907]
[jwb0792:2510153] [15] /p/home/jusers/fischill1/juwels/ippl/build_fin/alpine/ElectrostaticPIF/LandauDampingPIF[0x4e81cb]
[jwb0792:2510153] [16] /p/home/jusers/fischill1/juwels/ippl/build_fin/alpine/ElectrostaticPIF/LandauDampingPIF[0x585bfd]
[jwb0791:1206582] [ 0] /usr/lib64/libc.so.6(+0x3fc30)[0x152ac0d73c30]
[jwb0791:1206582] [ 1] /usr/lib64/libc.so.6(+0x8d02c)[0x152ac0dc102c]
[jwb0791:1206582] [ 2] /usr/lib64/libc.so.6(raise+0x16)[0x152ac0d73b86]
[jwb0791:1206582] [ 3] /usr/lib64/libc.so.6(abort+0xd3)[0x152ac0d5d873]
[jwb0791:1206582] [ 4] /p/software/default/stages/2026/software/GCCcore/14.3.0/lib64/libstdc++.so.6(+0xadc3d)[0x152ac1018c3d]
[jwb0791:1206582] [ 5] /p/software/default/stages/2026/software/GCCcore/14.3.0/lib64/libstdc++.so.6(+0xbf14a)[0x152ac102a14a]
[jwb0791:1206582] [ 6] /p/software/default/stages/2026/software/GCCcore/14.3.0/lib64/libstdc++.so.6(_ZSt10unexpectedv+0x0)[0x152ac10187e9]
[jwb0791:1206582] [ 7] /p/software/default/stages/2026/software/GCCcore/14.3.0/lib64/libstdc++.so.6(+0xbf3c7)[0x152ac102a3c7]
[jwb0791:1206582] [ 8] /p/home/jusers/fischill1/juwels/ippl/build_fin/_deps/kokkos-build/core/src/libkokkoscore.so.5.0(_ZN6Kokkos4Impl15throw_bad_allocESt17basic_string_viewIcSt11char_traitsIcEEmS4_+0x115)[0x152ac14b8e05]
[jwb1109:2838549] [16] /p/home/jusers/fischill1/juwels/ippl/build_fin/alpine/ElectrostaticPIF/LandauDampingPIF[0x585bfd]
[jwb1109:2838549] [17] /p/home/jusers/fischill1/juwels/ippl/build_fin/alpine/ElectrostaticPIF/LandauDampingPIF[0x6090d8]
[jwb1109:2838549] [18] /p/home/jusers/fischill1/juwels/ippl/build_fin/alpine/ElectrostaticPIF/LandauDampingPIF[0x6095b5]
[jwb1109:2838549] [19] /p/home/jusers/fischill1/juwels/ippl/build_fin/alpine/ElectrostaticPIF/LandauDampingPIF[0x60c8d1]
[jwb1109:2838549] [20] /p/home/jusers/fischill1/juwels/ippl/build_fin/alpine/ElectrostaticPIF/LandauDampingPIF[0x60d25b]
[jwb1109:2838549] [21] /p/home/jusers/fischill1/juwels/ippl/build_fin/alpine/ElectrostaticPIF/LandauDampingPIF[0x423759]
[jwb1109:2838549] [22] /usr/lib64/libc.so.6(+0x2a610)[0x14c88ded5610]
[jwb1109:2838549] [23] /usr/lib64/libc.so.6(__libc_start_main+0x80)[0x14c88ded56c0]
[jwb1109:2838549] [24] /p/home/jusers/fischill1/juwels/ippl/build_fin/alpine/ElectrostaticPIF/LandauDampingPIF[0x425995]
[jwb0986:230223] [16] /p/home/jusers/fischill1/juwels/ippl/build_fin/alpine/ElectrostaticPIF/LandauDampingPIF[0x6090d8]
[jwb0986:230223] [17] /p/home/jusers/fischill1/juwels/ippl/build_fin/alpine/ElectrostaticPIF/LandauDampingPIF[0x6095b5]
[jwb0986:230223] [18] /p/home/jusers/fischill1/juwels/ippl/build_fin/alpine/ElectrostaticPIF/LandauDampingPIF[0x60c8d1]
/home/jusers/fischill1/juwels/ippl/build_fin/_deps/kokkos-build/core/src/libkokkoscore.so.5.0(_ZNK6Kokkos9CudaSpace13impl_allocateEPKcmm28Kokkos_Profiling_SpaceHandle+0x219)[0x154159e83319]
[jwb0981:1350525] [10] /p/home/jusers/fischill1/juwels/ippl/build_fin/_deps/kokkos-build/core/src/libkokkoscore.so.5.0(_ZNK6Kokkos9CudaSpace8allocateEPKcmm+0x65)[0x154159e83395]
[jwb0981:1350525] [11] /p/home/jusers/fischill1/juwels/ippl/build_fin/_deps/kokkos-build/core/src/libkokkoscore.so.5.0(_ZN6Kokkos4Impl44HostInaccessibleSharedAllocationRecordCommonINS_9CudaSpaceEEC2ERKS2_RKNSt7__cxx1112basic_stringIcSt11char_traitsIcESaIcEEEmPFvPNS0_22SharedAllocationRecordIvvEEE+0x30)[0x154159e85260]
[jwb0981:1350525] [12] /p/home/jusers/fischill1/juwels/ippl/build_fin/alpine/ElectrostaticPIF/LandauDampingPIF[0x4aa864]
[jwb0981:1350525] [13] /p/home/jusers/fischill1/juwels/ippl/build_fin/alpine/ElectrostaticPIF/LandauDampingPIF[0x4aae5e]
[jwb1048:2946382] [19] /p/home/jusers/fischill1/juwels/ippl/build_fin/alpine/ElectrostaticPIF/LandauDampingPIF[0x60c8d1]
[jwb1048:2946382] [20] /p/home/jusers/fischill1/juwels/ippl/build_fin/alpine/ElectrostaticPIF/LandauDampingPIF[0x60d25b]
[jwb1048:2946382] [21] /p/home/jusers/fischill1/juwels/ippl/build_fin/alpine/ElectrostaticPIF/LandauDampingPIF[0x423759]
[jwb1048:2946382] [22] /usr/lib64/libc.so.6(+0x2a610)[0x150020ae9610]
[jwb1048:2946382] [23] /usr/lib64/libc.so.6(__libc_start_main+0x80)[0x150020ae96c0]
[jwb1048:2946382] [24] /p/home/jusers/fischill1/juwels/ippl/build_fin/alpine/ElectrostaticPIF/LandauDampingPIF[0x425995]
[jwb1048:2946382] *** End of error message ***
450] [15] /p/home/jusers/fischill1/juwels/ippl/build_fin/alpine/ElectrostaticPIF/LandauDampingPIF[0x4e81cb]
[jwb0035:822450] [16] /p/home/jusers/fischill1/juwels/ippl/build_fin/alpine/ElectrostaticPIF/LandauDampingPIF[0x585bfd]
[jwb0035:822450] [17] /p/home/jusers/fischill1/juwels/ippl/build_fin/alpine/ElectrostaticPIF/LandauDampingPIF[0x6090d8]
[jwb0035:822450] [18] /p/home/jusers/fischill1/juwels/ippl/build_fin/alpine/ElectrostaticPIF/LandauDampingPIF[0x6095b5]
[jwb0035:822450] [19] /p/home/jusers/fischill1/juwels/ippl/build_fin/alpine/ElectrostaticPIF/LandauDampingPIF[0x60c8d1]
[jwb0035:822450] [20] /p/home/jusers/fischill1/juwels/ippl/build_fin/alpine/ElectrostaticPIF/LandauDampingPIF[0x60d25b]
[jwb0576:1115228] [14] /p/home/jusers/fischill1/juwels/ippl/build_fin/alpine/ElectrostaticPIF/LandauDampingPIF[0x4e81c[jwb0678:426615] *** Process received signal ***
[jwb0678:426615] Signal: Aborted (6)
[jwb0678:426615] Signal code:  (-6)
[jwb0701:507199] *** Process received signal ***
[jwb0701:507199] Signal: Aborted (6)
[jwb0701:507199] Signal code:  (-6)
[jwb0795:3810588] [ 9] /p[jwb0573:798247] [17] /p/home/jusers/fischill1/juwels/ippl/build_fin/alpine/ElectrostaticPIF/LandauDampingPIF[0x6090d8]
[jwb0573:798247] [18] /p/home/jusers/fischill1/juwels/ippl/build_fin/alpine/ElectrostaticPIF/LandauDampingPIF[0x6095b5]
[jwb0573:798247] [19] /p/home/jusers/fischill1/juwels/ippl/build_fin/alpine/ElectrostaticPIF/LandauDampingPIF[0x60c8d1]
[jwb0573:798247] [20] /p/home/jusers/fischill1/juwels/ippl/build_fin/alpine/ElectrostaticPIF/LandauDampingPIF[0x60d25b]
[jwb0573:798247] [21] /p/home/jusers/fischill1/juwels/ippl/build_fin/alpine/ElectrostaticPIF/LandauDampingPIF[0x423759]
[jwb0573:798247] [22] /usr/lib64/libc.so.6(+0x2a610)[0x151fc3001610]
[jwb0573:798247] [23] /usr/lib64/libc.so.6(__libc_start_main+0x80)[0x151fc30016c0]
[jwb0573:798247] [24] /p/home/jusers/fischill1/juwels/ippl/build_fin/alpine/ElectrostaticPIF/LandauDampingPIF[0x425995]
[jwb0573:798247] *** End of error message ***
rs/fischill1/juwels/ippl/build_fin/_deps/kokkos-build/core/src/libkokkoscore.so.5.0(_ZNK6Kokkos9CudaSpace13impl_allocateEPKcmm28Kokkos_Profiling_SpaceHandle+0x219)[0x1472445a1319]
[jwb1027:733953] [10] /p/home/jusers/fischill1/juwels/ippl/build_fin/_deps/kokkos-build/core/src/libkokkoscore.so.5.0(_ZNK6Kokkos9CudaSpace8allocateEPKcmm+0x65)[0x1472445a1395]
[jwb1027:733953] [11] /p/home/jusers/fischill1/juwels/ippl/build_fin/_deps/kokkos-build/core/src/libkokkoscore.so.5.0(_ZN6Kokkos4Impl44HostInaccessibleSharedAllocationRecordCommonINS_9CudaSpaceEEC2ERKS2_RKNSt7__cxx1112basic_stringIcSt11char_traitsIcESaIcEEEmPFvPNS0_22SharedAllocationRecordIvvEEE+0x30)[0x1472445a3260]
[jwb1027:733953] [12] /p/home/jusers/fischill1/juwels/ippl/build_fin/alpine/ElectrostaticPIF/LandauDampingPIF[0x4aa864]
[jwb1027:733953] [13] /p/home/jusers/fischill1/juwels/ippl/build_fin/alpine/ElectrostaticPIF/LandauDampingPIF[0x4aaf61]
[jwb0971:3373806] [17] /p/home/jusers/fischill1/juwels/ippl/build_fin/alpine/ElectrostaticPIF/LandauDampingPIF[0x6095b5]
[jwb0971:3373806] [18] /p/home/jusers/fischill1/juwels/ippl/build_fin/alpine/ElectrostaticPIF/LandauDampingPIF[0x60c8d1]
[jwb0971:3373806] [19] /p/home/jusers/fischill1/juwels/ippl/build_fin/alpine/ElectrostaticPIF/LandauDampingPIF[0x60d25b]
[jwb0971:3373806] [20] /p/home/jusers/fischill1/juwels/ippl/build_fin/alpine/ElectrostaticPIF/LandauDampingPIF[0x423759]
[jwb0971:3373806] [21] /usr/lib64/libc.so.6(+0x2a610)[0x1518ea2d6610]
[jwb0971:3373806] [22] /usr/lib64/libc.so.6(__libc_start_main+0x80)[0x1518ea2d66c0]
[jwb0971:3373806] [23] /p/home/jusers/fischill1/juwels/ippl/build_fin/alpine/ElectrostaticPIF/LandauDampingPIF[0x425995]
[jwb0971:3373806] *** End of error message ***
[jwb1034:3675054] [ 9] /p/home/jusers/fischill1/juwels/ippl/build_fin/_deps/kokkos-build/core/src/libkokkoscore.so.5.0(_ZNK6Kokkos9CudaSpace13impl_allocateEPKcmm28Kokkos_Profiling_SpaceHandle+0x219)[0x151e78230319]
[jwb0567:3865292] [10] /p/home/jusers/fischill1/juwels/ippl/build_fin/_deps/kokkos-build/core/src/libkokkoscore.so.5.0(_ZNK6Kokkos9CudaSpace8allocateEPKcmm+0x65)[0x151e78230395]
[jwb0567:3865292] [11] /p/home/jusers/fischill1/juwels/ippl/build_fin/_deps/kokkos-build/core/src/libkokkoscore.so.5.0(_ZN6Kokkos4Impl44HostInaccessibleSharedAllocationRecordCommonINS_9CudaSpaceEEC2ERKS2_RKNSt7__cxx1112basic_stringIcSt11char_traitsIcESaIcEEEmPFvPNS0_22SharedAllocationRecordIvvEEE+0x30)[0x151e78232260]
[jwb0567:3865292] [12] /p/home/jusers/fischill1/juwels/ippl/build_fin/alpine/ElectrostaticPIF/LandauDampingPIF[0x4aa864]
[jwb0567:3865292] [13] /p/home/jusers/fischill1/juwels/ippl/build_fin/alpine/ElectrostaticPIF/LandauDampingPIF[0x4aaf61]
[jwb0031:1623417] [ 7] /p/software/default/stages/2026/software/GCCcore/14.3.0/lib64/libstdc++.so.6(+0xbf3c7)[0x149f78cdb3c7]
[jwb0031:1623417] [ 8] /p/home/jusers/fischill1/juwels/ippl/build_fin/_deps/kokkos-build/core/src/libkokkoscore.so.5.0(_ZN6Kokkos4Impl15throw_bad_allocESt17basic_string_viewIcSt11char_traitsIcEEmS4_+0x115)[0x149f79169e05]
[jwb0031:1623417] [ 9] /p/home/jusers/fischill1/juwels/ippl/build_fin/_deps/kokkos-build/core/src/libkokkoscore.so.5.0(_ZNK6Kokkos9CudaSpace13impl_allocateEPKcmm28Kokkos_Profiling_SpaceHandle+0x219)[0x149f7917c319]
[jwb0031:1623417] [10] /p/home/jusers/fischill1/juwels/ippl/build_fin/_deps/kokkos-build/core/src/libkokkoscore.so.5.0(_ZNK6Kokkos9CudaSpace8allocateEPKcmm+0x65)[0x149f7917c395]
[jwb0777:2201003] [14] /p/home/jusers/fischill1/juwels/ippl/build_fin/alpine/ElectrostaticPIF/LandauDampingPIF[0x4cf907]
[jwb0777:2201003] [15] /p/home/jusers/fischill1/juwels/ippl/build_fin/alpine/ElectrostaticPIF/LandauDampingPIF[0x4e81cb]
[jwb0777:2201003] [16] /p/home/jusers/fischill1/juwels/ippl/build_fin/alpine/ElectrostaticPIF/LandauDampingPIF[0x585bfd]
[jwb0777:2201003] [17] /p/home/jusers/fischill1/juwels/ippl/build_fin/alpine/ElectrostaticPIF/LandauDampingPIF[0x6090d8]
[jwb0777:2201003] [18] /p/home/jusers/fischill1/juwels/ippl/build_fin/alpine/ElectrostaticPIF/LandauDampingPIF[0x6095b5]
[jwb0777:2201003] [19] /p/home/jusers/fischill1/juwels/ippl/build_fin/alpine/ElectrostaticPIF/LandauDampingPIF[0x60c8d1]
[jwb0777:2201003] [20] /p/home/jusers/fischill1/juwels/ippl/build_fin/alpine/ElectrostaticPIF/LandauDampingPIF[0x60d25b]
[jwb0777:2201003] [21] /p/home/jusers/fischill1/juwels/ippl/build_fin/alpine/ElectrostaticPIF/LandauDampingPIF[0x423759]
7]
[jwb0984:2430497] [15] /p/home/jusers/fischill1/juwels/ippl/build_fin/alpine/ElectrostaticPIF/LandauDampingPIF[0x4e81cb]
[jwb0984:2430497] [16] /p/home/jusers/fischill1/juwels/ippl/build_fin/alpine/ElectrostaticPIF/LandauDampingPIF[0x585bfd]
[jwb0984:2430497] [17] /p/home/jusers/fischill1/juwels/ippl/build_fin/alpine/ElectrostaticPIF/LandauDampingPIF[0x6090d8]
[jwb0984:2430497] [18] /p/home/jusers/fischill1/juwels/ippl/build_fin/alpine/ElectrostaticPIF/LandauDampingPIF[0x6095b5]
[jwb0984:2430497] [19] /p/home/jusers/fischill1/juwels/ippl/build_fin/alpine/ElectrostaticPIF/LandauDampingPIF[0x60c8d1]
/home/jusers/fischill1/juwels/ippl/build_fin/_deps/kokkos-build/core/src/libkokkoscore.so.5.0(_ZNK6Kokkos9CudaSpace13impl_allocateEPKcmm28Kokkos_Profiling_SpaceHandle+0x219)[0x14cbade5c319]
[jwb0792:2510152] [10] /p/home/jusers/fischill1/juwels/ippl/build_fin/_deps/kokkos-build/core/src/libkokkoscore.so.5.0(_ZNK6Kokkos9CudaSpace8allocateEPKcmm+0x65)[0x14cbade5c395]
[jwb0792:2510152] [11] /p/home/jusers/fischill1/juwels/ippl/build_fin/_deps/kokkos-build/core/src/libkokkoscore.so.5.0(_ZN6Kokkos4Impl44HostInaccessibleSharedAllocationRecordCommonINS_9CudaSpaceEEC2ERKS2_RKNSt7__cxx1112basic_stringIcSt11char_traitsIcESaIcEEEmPFvPNS0_22SharedAllocationRecordIvvEEE+0x30)[0x14cbade5e260]
[jwb0792:2510152] [12] /p/home/jusers/fischill1/juwels/ippl/build_fin/alpine/ElectrostaticPIF/LandauDampingPIF[0x49cd3a]
[jwb0792:2510152] [13] /p/home/jusers/fischill1/juwels/ippl/build_fin/alpine/ElectrostaticPIF/LandauDampingPIF[0x4d0480]
[jwb0791:1206582] [ 9] /p[jwb1109:2838550] [ 0] /usr/lib64/libc.so.6(+0x3fc30)[0x150813c2bc30]
[jwb1109:2838550] [ 1] /usr/lib64/libc.so.6(+0x8d02c)[0x150813c7902c]
[jwb1109:2838550] [ 2] /usr/lib64/libc.so.6(raise+0x16)[0x150813c2bb86]
[jwb1109:2838550] [ 3] /usr/lib64/libc.so.6(abort+0xd3)[0x150813c15873]
[jwb1109:2838550] [ 4] /p/software/default/stages/2026/software/GCCcore/14.3.0/lib64/libstdc++.so.6(+0xadc3d)[0x150813ed0c3d]
[jwb1109:2838550] [ 5] /p/software/default/stages/2026/software/GCCcore/14.3.0/lib64/libstdc++.so.6(+0xbf14a)[0x150813ee214a]
[jwb1109:2838550] [ 6] /p/software/default/stages/2026/software/GCCcore/14.3.0/lib64/libstdc++.so.6(_ZSt10unexpectedv+0x0)[0x150813ed07e9]
[jwb1109:2838550] [ 7] /p/software/default/stages/2026/software/GCCcore/14.3.0/lib64/libstdc++.so.6(+0xbf3c7)[0x150813ee23c7]
[jwb1109:2838550] [ 8] /p/home/jusers/fischill1/juwels/ippl/build_fin/_deps/kokkos-build/core/src/libkokkoscore.so.5.0(_ZN6Kokkos4Impl15throw_bad_allocESt17basic_string_viewIcSt11char_traitsIcEEmS4_+0x115)[0x150814370e05]
[jwb0986:230221] [11] /p/home/jusers/fischill1/juwels/ippl/build_fin/_deps/kokkos-build/core/src/libkokkoscore.so.5.0(_ZN6Kokkos4Impl44HostInaccessibleSharedAllocationRecordCommonINS_9CudaSpaceEEC2ERKS2_RKNSt7__cxx1112basic_stringIcSt11char_traitsIcESaIcEEEmPFvPNS0_22SharedAllocationRecordIvvEEE+0x30)[0x1541c454e260]
[jwb0986:230221] [12] /p/home/jusers/fischill1/juwels/ippl/build_fin/alpine/ElectrostaticPIF/LandauDampingPIF[0x4aa864]
[jwb0981:1350525] [14] /p/home/jusers/fischill1/juwels/ippl/build_fin/alpine/ElectrostaticPIF/LandauDampingPIF[0x4cf907]
[jwb1048:2946381] [15] /p/home/jusers/fischill1/juwels/ippl/build_fin/alpine/ElectrostaticPIF/LandauDampingPIF[0x4e81cb]
[jwb1048:2946381] [16] /p/home/jusers/fischill1/juwels/ippl/build_fin/alpine/ElectrostaticPIF/LandauDampingPIF[0x585bfd]
[jwb1048:2946381] [17] /p/home/jusers/fischill1/juwels/ippl/build_fin/alpine/ElectrostaticPIF/LandauDampingPIF[0x6090d8]
[jwb1048:2946381] [18] /p/home/jusers/fischill1/juwels/ippl/build_fin/alpine/ElectrostaticPIF/LandauDampingPIF[0x6095b5]
[jwb1048:2946381] [19] /p/home/jusers/fischill1/juwels/ippl/build_fin/alpine/ElectrostaticPIF/LandauDampingPIF[0x60c8d1]
[jwb1048:2946381] [20] /p/home/jusers/fischill1/juwels/ippl/build_fin/alpine/ElectrostaticPIF/LandauDampingPIF[0x60d25b]
filing_SpaceHandle+0x219)[0x14f03ba70319]
[jwb0035:822449] [10] /p/home/jusers/fischill1/juwels/ippl/build_fin/_deps/kokkos-build/core/src/libkokkoscore.so.5.0(_ZNK6Kokkos9CudaSpace8allocateEPKcmm+0x65)[0x14f03ba70395]
[jwb0035:822449] [11] /p/home/jusers/fischill1/juwels/ippl/build_fin/_deps/kokkos-build/core/src/libkokkoscore.so.5.0(_ZN6Kokkos4Impl44HostInaccessibleSharedAllocationRecordCommonINS_9CudaSpaceEEC2ERKS2_RKNSt7__cxx1112basic_stringIcSt11char_traitsIcESaIcEEEmPFvPNS0_22SharedAllocationRecordIvvEEE+0x30)[0x14f03ba72260]
[jwb0035:822449] [12] /p/home/jusers/fischill1/juwels/ippl/build_fin/alpine/ElectrostaticPIF/LandauDampingPIF[0x4aa864]
[jwb0035:822449] [13] /p/home/jusers/fischill1/juwels/ippl/build_fin/alpine/ElectrostaticPIF/LandauDampingPIF[0x4aaf61]
[jwb0035:822449] [14] /p/home/jusers/fischill1/juwels/ippl/build_fin/alpine/ElectrostaticPIF/LandauDampingPIF[0x4cf907]
[jwb0035:822449] [15] /p/home/jusers/fischill1/juwels/ippl/build_fin/alpine/ElectrostaticPIF/LandauDampingPIF[0x4e81cb]
b]
[jwb0576:1115228] [15] /p/home/jusers/fischill1/juwels/ippl/build_fin/alpine/ElectrostaticPIF/LandauDampingPIF[0x585bfd]
[jwb0576:1115228] [16] /p/home/jusers/fischill1/juwels/ippl/build_fin/alpine/ElectrostaticPIF/LandauDampingPIF[0x6090d8]
[jwb0576:1115228] [17] /p/home/jusers/fischill1/juwels/ippl/build_fin/alpine/ElectrostaticPIF/LandauDampingPIF[0x6095b5]
[jwb0576:1115228] [18] /p/home/jusers/fischill1/juwels/ippl/build_fin/alpine/ElectrostaticPIF/LandauDampingPIF[0x60c8d1]
[jwb0576:1115228] [19] /p/home/jusers/fischill1/juwels/ippl/build_fin/alpine/ElectrostaticPIF/LandauDampingPIF[0x60d25b]
[jwb0576:1115228] [20] /p/home/jusers/fischill1/juwels/ippl/build_fin/alpine/ElectrostaticPIF/LandauDampingPIF[0x423759]
[jwb0576:1115228] [21] /usr/lib64/libc.so.6(+0x2a610)[0x147c2e091610]
[jwb0576:1115228] [22] /usr/lib64/libc.so.6(__libc_start_main+0x80)[0x147c2e0916c0]
[jwb0576:1115228] [23] /p/home/jusers/fischill1/juwels/ippl/build_fin/alpine/ElectrostaticPIF/LandauDampingPIF[0x425995]
[jwb0678:426612] *** Process received signal ***
[jwb0678:426612] Signal: Aborted (6)
[jwb0678:426612] Signal code:  (-6)
[jwb0556:1623968] [ 0] /usr/lib64/libc.so.6(+0x3fc30)[0x14cf157a6c30]
[jwb0701:507202] [ 0] /usr/lib64/libc.so.6(+0x3fc30)[0x14c5a121fc30]
[jwb0701:507202] [ 1] /usr/lib64/libc.so.6(+0x8d02c)[0x14c5a126d02c]
[jwb0701:507202] [ 2] /usr/lib64/libc.so.6(raise+0x16)[0x14c5a121fb86]
[jwb0701:507202] [ 3] /usr/lib64/libc.so.6(abort+0xd3)[0x14c5a1209873]
[jwb0701:507202] [ 4] /p/software/default/stages/2026/software/GCCcore/14.3.0/lib64/libstdc++.so.6(+0xadc3d)[0x14c5a14c4c3d]
[jwb0701:507202] [ 5] /p/software/default/stages/2026/software/GCCcore/14.3.0/lib64/libstdc++.so.6(+0xbf14a)[0x14c5a14d614a]
[jwb0701:507202] [ 6] /p/software/default/stages/2026/software/GCCcore/14.3.0/lib64/libstdc++.so.6(_ZSt10unexpectedv+0x0)[0x14c5a14c47e9]
[jwb0701:507202] [ 7] /p/software/default/stages/2026/software/GCCcore/14.3.0/lib64/libstdc++.so.6(+0xbf3c7)[0x14c5a14d63c7]
[jwb0701:507202] [ 8] /p/home/jusers/fischill1/juwels/ippl/build_fin/_deps/kokkos-build/core/src/libkokkoscore.so.5.0(_ZN6Kokkos4Impl15throw_bad_allocESt17basic_string_viewIcSt11char_traitsIcEEmS4_+0x115)[0x14c5a1964e05]
[jwb0795:3810590] [20] /p/home/jusers/fischill1/juwels/ippl/build_fin/alpine/ElectrostaticPIF/LandauDampingPIF[0x60d25b]
[jwb0795:3810590] [21] /p/home/jusers/fischill1/juwels/ippl/build_fin/alpine/ElectrostaticPIF/LandauDampingPIF[0x423759]
[jwb0795:3810590] [22] /usr/lib64/libc.so.6(+0x2a610)[0x14e78bd1e610]
[jwb0795:3810590] [23] /usr/lib64/libc.so.6(__libc_start_main+0x80)[0x14e78bd1e6c0]
[jwb0795:3810590] [24] /p/home/jusers/fischill1/juwels/ippl/build_fin/alpine/ElectrostaticPIF/LandauDampingPIF[0x425995]
[jwb0795:3810590] *** End of error message ***
rs/fischill1/juwels/ippl/build_fin/_deps/kokkos-build/core/src/libkokkoscore.so.5.0(_ZNK6Kokkos9CudaSpace13impl_allocateEPKcmm28Kokkos_Profiling_SpaceHandle+0x219)[0x152aa4fef319]
[jwb0573:798245] [10] /p/home/jusers/fischill1/juwels/ippl/build_fin/_deps/kokkos-build/core/src/libkokkoscore.so.5.0(_ZNK6Kokkos9CudaSpace8allocateEPKcmm+0x65)[0x152aa4fef395]
[jwb0573:798245] [11] /p/home/jusers/fischill1/juwels/ippl/build_fin/_deps/kokkos-build/core/src/libkokkoscore.so.5.0(_ZN6Kokkos4Impl44HostInaccessibleSharedAllocationRecordCommonINS_9CudaSpaceEEC2ERKS2_RKNSt7__cxx1112basic_stringIcSt11char_traitsIcESaIcEEEmPFvPNS0_22SharedAllocationRecordIvvEEE+0x30)[0x152aa4ff1260]
[jwb0573:798245] [12] /p/home/jusers/fischill1/juwels/ippl/build_fin/alpine/ElectrostaticPIF/LandauDampingPIF[0x49cd3a]
[jwb0573:798245] [13] /p/home/jusers/fischill1/juwels/ippl/build_fin/alpine/ElectrostaticPIF/LandauDampingPIF[0x4d0480]
[jwb1027:733953] [14] /p/home/jusers/fischill1/juwels/ippl/build_fin/alpine/ElectrostaticPIF/LandauDampingPIF[0x4cf907]
[jwb1027:733b]
[jwb0971:3373804] [15] /p/home/jusers/fischill1/juwels/ippl/build_fin/alpine/ElectrostaticPIF/LandauDampingPIF[0x585bfd]
[jwb0971:3373804] [16] /p/home/jusers/fischill1/juwels/ippl/build_fin/alpine/ElectrostaticPIF/LandauDampingPIF[0x6090d8]
[jwb0971:3373804] [17] /p/home/jusers/fischill1/juwels/ippl/build_fin/alpine/ElectrostaticPIF/LandauDampingPIF[0x6095b5]
[jwb0971:3373804] [18] /p/home/jusers/fischill1/juwels/ippl/build_fin/alpine/ElectrostaticPIF/LandauDampingPIF[0x60c8d1]
[jwb0971:3373804] [19] /p/home/jusers/fischill1/juwels/ippl/build_fin/alpine/ElectrostaticPIF/LandauDampingPIF[0x60d25b]
[jwb0971:3373804] [20] /p/home/jusers/fischill1/juwels/ippl/build_fin/alpine/ElectrostaticPIF/LandauDampingPIF[0x423759]
[jwb0971:3373804] [21] /usr/lib64/libc.so.6(+0x2a610)[0x14fd86547610]
[jwb0971:3373804] [22] /usr/lib64/libc.so.6(__libc_start_main+0x80)[0x14fd865476c0]
[jwb0971:3373804] [23] /p/home/jusers/fischill1/juwels/ippl/build_fin/alpine/ElectrostaticPIF/LandauDampingPIF[0x425995]
[jwb1034:3675053] [20] /p/home/jusers/fischill1/juwels/ippl/build_fin/alpine/ElectrostaticPIF/LandauDampingPIF[0x60d25b]
[jwb1034:3675053] [21] /p/home/jusers/fischill1/juwels/ippl/build_fin/alpine/ElectrostaticPIF/LandauDampingPIF[0x423759]
[jwb1034:3675053] [22] /usr/lib64/libc.so.6(+0x2a610)[0x1455bb466610]
[jwb1034:3675053] [23] /usr/lib64/libc.so.6(__libc_start_main+0x80)[0x1455bb4666c0]
[jwb1034:3675053] [24] /p/home/jusers/fischill1/juwels/ippl/build_fin/alpine/ElectrostaticPIF/LandauDampingPIF[0x425995]
[jwb1034:3675053] *** End of error message ***
[jwb0567:3865292] [14] /p/home/jusers/fischill1/juwels/ippl/build_fin/alpine/ElectrostaticPIF/LandauDampingPIF[0x4cf90[jwb0031:1623416] [22] /usr/lib64/libc.so.6(+0x2a610)[0x154010a86610]
[jwb0031:1623416] [23] /usr/lib64/libc.so.6(__libc_start_main+0x80)[0x154010a866c0]
[jwb0031:1623416] [24] /p/home/jusers/fischill1/juwels/ippl/build_fin/alpine/ElectrostaticPIF/LandauDampingPIF[0x425995]
[jwb0031:1623416] *** End of error message ***
[jwb0777:2201003] [22] /usr/lib64/libc.so.6(+0x2a610)[0x148049f20610]
[jwb0777:2/home/jusers/fischill1/juwels/ippl/build_fin/_deps/kokkos-build/core/src/libkokkoscore.so.5.0(_ZNK6Kokkos9CudaSpace13impl_allocateEPKcmm28Kokkos_Profiling_SpaceHandle+0x219)[0x14cb15f35319]
[jwb0984:2430496] [10] /p/home/jusers/fischill1/juwels/ippl/build_fin/_deps/kokkos-build/core/src/libkokkoscore.so.5.0(_ZNK6Kokkos9CudaSpace8allocateEPKcmm+0x65)[0x14cb15f35395]
[jwb0984:2430496] [11] /p/home/jusers/fischill1/juwels/ippl/build_fin/_deps/kokkos-build/core/src/libkokkoscore.so.5.0(_ZN6Kokkos4Impl44HostInaccessibleSharedAllocationRecordCommonINS_9CudaSpaceEEC2ERKS2_RKNSt7__cxx1112basic_stringIcSt11char_traitsIcESaIcEEEmPFvPNS0_22SharedAllocationRecordIvvEEE+0x30)[0x14cb15f37260]
[jwb0984:2430496] [12] /p/home/jusers/fischill1/juwels/ippl/build_fin/alpine/ElectrostaticPIF/LandauDampingPIF[0x49cd3a]
[jwb0984:2430496] [13] /p/home/jusers/fischill1/juwels/ippl/build_fin/alpine/ElectrostaticPIF/LandauDampingPIF[0x4d0480]
[jwb0792:2510152] [14] /p/home/jusers/fischill1/juwels/ippl/build_fin/alpine/ElectrostaticPIF/LandauDampingPIF[0x4e81c[jwb0791:1206580] [11] /p/home/jusers/fischill1/juwels/ippl/build_fin/_deps/kokkos-build/core/src/libkokkoscore.so.5.0(_ZN6Kokkos4Impl44HostInaccessibleSharedAllocationRecordCommonINS_9CudaSpaceEEC2ERKS2_RKNSt7__cxx1112basic_stringIcSt11char_traitsIcESaIcEEEmPFvPNS0_22SharedAllocationRecordIvvEEE+0x30)[0x15333d2bf260]
[jwb0791:1206580] [12] /p/home/jusers/fischill1/juwels/ippl/build_fin/alpine/ElectrostaticPIF/LandauDampingPIF[0x49cd3a]
[jwb0791:1206580] [13] /p/home/jusers/fischill1/juwels/ippl/build_fin/alpine/ElectrostaticPIF/LandauDampingPIF[0x4d0480]
[jwb0791:1206580] [14] /p/home/jusers/fischill1/juwels/ippl/build_fin/alpine/ElectrostaticPIF/LandauDampingPIF[0x4e81cb]
[jwb0791:1206580] [15] /p/home/jusers/fischill1/juwels/ippl/build_fin/alpine/ElectrostaticPIF/LandauDampingPIF[0x585bfd]
[jwb0791:1206580] [16] /p/home/jusers/fischill1/juwels/ippl/build_fin/alpine/ElectrostaticPIF/LandauDampingPIF[0x6090d8]
[jwb1109:2838550] [ 9] /p230220] [18] /p/home/jusers/fischill1/juwels/ippl/build_fin/alpine/ElectrostaticPIF/LandauDampingPIF[0x6095b5]
[jwb0986:230220] [19] /p/home/jusers/fischill1/juwels/ippl/build_fin/alpine/ElectrostaticPIF/LandauDampingPIF[0x60c8d1]
[jwb0986:230220] [20] /p/home/jusers/fischill1/juwels/ippl/build_fin/alpine/ElectrostaticPIF/LandauDampingPIF[0x60d25b]
[jwb0986:230220] [21] /p/home/jusers/fischill1/juwels/ippl/build_fin/alpine/ElectrostaticPIF/LandauDampingPIF[0x423759]
7]
[jwb0981:1350525] [15] /p/home/jusers/fischill1/juwels/ippl/build_fin/alpine/ElectrostaticPIF/LandauDampingPIF[0x4e81cb]
[jwb0981:1350525] [16] /p/home/jusers/fischill1/juwels/ippl/build_fin/alpine/ElectrostaticPIF/LandauDampingPIF[0x585bfd]
[jwb0981:1350525] [17] /p/home/jusers/fischill1/juwels/ippl/build_fin/alpine/ElectrostaticPIF/LandauDampingPIF[0x6090d8]
[jwb0981:1350525] [18] /p/home/jusers/fischill1/juwels/ippl/build_fin/alpine/ElectrostaticPIF/LandauDampingPIF[0x6095b5]
[jwb0981:1350525] [19] /p/home/jusers/fischill1/juwels/ippl/build_fin/alpine/ElectrostaticPIF/LandauDampingPIF[0x60c8d1]
[jwb0981:1350525] [20] /p/home/jusers/fischill1/juwels/ippl/build_fin/alpine/ElectrostaticPIF/LandauDampingPIF[0x60d25b]
[jwb0981:1350525] [21] /p/home/jusers/fischill1/juwels/ippl/build_fin/alpine/ElectrostaticPIF/LandauDampingPIF[0x423759]
[jwb0981:1350525] [22] /usr/lib64/libc.so.6(+0x2a610)[0x154159716610]
[jwb0981:1350525] [23] /usr/lib64/libc.so.6(__libc_start_main+0x80)[0x1541597166c0]
/home/jusers/fischill1/juwels/ippl/build_fin/_deps/kokkos-build/core/src/libkokkoscore.so.5.0(_ZNK6Kokkos9CudaSpace13impl_allocateEPKcmm28Kokkos_Profiling_SpaceHandle+0x219)[0x1479f2751319]
[jwb1048:2946383] [10] /p/home/jusers/fischill1/juwels/ippl/build_fin/_deps/kokkos-build/core/src/libkokkoscore.so.5.0(_ZNK6Kokkos9CudaSpace8allocateEPKcmm+0x65)[0x1479f2751395]
[jwb1048:2946383] [11] /p/home/jusers/fischill1/juwels/ippl/build_fin/_deps/kokkos-build/core/src/libkokkoscore.so.5.0(_ZN6Kokkos4Impl44HostInaccessibleSharedAllocationRecordCommonINS_9CudaSpaceEEC2ERKS2_RKNSt7__cxx1112basic_stringIcSt11char_traitsIcESaIcEEEmPFvPNS0_22SharedAllocationRecordIvvEEE+0x30)[0x1479f2753260]
[jwb1048:2946383] [12] /p/home/jusers/fischill1/juwels/ippl/build_fin/alpine/ElectrostaticPIF/LandauDampingPIF[0x4aa864]
[jwb1048:2946383] [13] /p/home/jusers/fischill1/juwels/ippl/build_fin/alpine/ElectrostaticPIF/LandauDampingPIF[0x4aaf61]
[jwb0035:822449] [16] /p/home/[jwb0576:1115228] *** End of error message *[jwb0678:426613] *** Process received signal ***
[jwb0678:426613] Signal: Aborted (6)
[jwb0678:426613] Signal code:  (-6)
[jwb0556:1623968] [ 1] /usr/lib64/libc.so.6(+0x8d02c)[0x14cf157f402c]
[jwb0556:1623968] [ 2] /usr/lib64/libc.so.6(raise+0x16)[0x14cf157a6b86]
[jwb0556:1623968] [ 3] /usr/lib64/libc.so.6(abort+0xd3)[0x14cf15790873]
[jwb0556:1623968] [ 4] /p/software/default/stages/2026/software/GCCcore/14.3.0/lib64/libstdc++.so.6(+0xadc3d)[0x14cf15a4bc3d]
[jwb0556:1623968] [ 5] /p/software/default/stages/2026/software/GCCcore/14.3.0/lib64/libstdc++.so.6(+0xbf14a)[0x14cf15a5d14a]
[jwb0556:1623968] [ 6] /p/software/default/stages/2026/software/GCCcore/14.3.0/lib64/libstdc++.so.6(_ZSt10unexpectedv+0x0)[0x14cf15a4b7e9]
[jwb0556:1623968] [ 7] /p/software/default/stages/2026/software/GCCcore/14.3.0/lib64/libstdc++.so.6(+0xbf3c7)[0x14cf15a5d3c7]
[jwb0556:1623968] [ 8] /p/home/jusers/fischill1/juwels/ippl/build_fin/_deps/kokkos-build/core/src/libkokkoscore.so.5.0(_ZN6Kokkos4Impl15throw_bad_allocESt17basic_string_viewIcSt11char_traitsIcEEmS4_+0x115)[0x14cf15eebe05]
[jwb0701:507202] [ 9] /p/home/juse/home/jusers/fischill1/juwels/ippl/build_fin/_deps/kokkos-build/core/src/libkokkoscore.so.5.0(_ZNK6Kokkos9CudaSpace13impl_allocateEPKcmm28Kokkos_Profiling_SpaceHandle+0x219)[0x14804185b319]
[jwb0795:3810588] [10] /p/home/jusers/fischill1/juwels/ippl/build_fin/_deps/kokkos-build/core/src/libkokkoscore.so.5.0(_ZNK6Kokkos9CudaSpace8allocateEPKcmm+0x65)[0x14804185b395]
[jwb0795:3810588] [11] /p/home/jusers/fischill1/juwels/ippl/build_fin/_deps/kokkos-build/core/src/libkokkoscore.so.5.0(_ZN6Kokkos4Impl44HostInaccessibleSharedAllocationRecordCommonINS_9CudaSpaceEEC2ERKS2_RKNSt7__cxx1112basic_stringIcSt11char_traitsIcESaIcEEEmPFvPNS0_22SharedAllocationRecordIvvEEE+0x30)[0x14804185d260]
[jwb0795:3810588] [12] /p/home/jusers/fischill1/juwels/ippl/build_fin/alpine/ElectrostaticPIF/LandauDampingPIF[0x4aa864]
[jwb0795:3810588] [13] /p/home/jusers/fischill1/juwels/ippl/build_fin/alpine/ElectrostaticPIF/LandauDampingPIF[0x4aaf61]
[jwb0573:798245] [14] /p/home/jusers/fischill1/juwels/ippl/build_fin/alpine/ElectrostaticPIF/LandauDampingPIF[0x4e81cb]
[jwb0573:798[jwb1027:733954] [19] /p/home/jusers/fischill1/juwels/ippl/build_fin/alpine/ElectrostaticPIF/LandauDampingPIF[0x60d25b]
[jwb1027:733954] [20] /p/home/jusers/fischill1/juwels/ippl/build_fin/alpine/ElectrostaticPIF/LandauDampingPIF[0x423759]
[jwb1027:733954] [21] /usr/lib64/libc.so.6(+0x2a610)[0x14f448818610]
[jwb1027:733954] [22] /usr/lib64/libc.so.6(__libc_start_main+0x80)[0x14f4488186c0]
[jwb1027:733954] [23] /p/home/jusers/fischill1/juwels/ippl/build_fin/alpine/ElectrostaticPIF/LandauDampingPIF[0x425995]
[jwb1027:733954] *** End of error message ***
[jwb0971:3373804] *** End of error message *7]
[jwb1034:3675052] [15] /p/home/jusers/fischill1/juwels/ippl/build_fin/alpine/ElectrostaticPIF/LandauDampingPIF[0x4e81cb]
[jwb1034:3675052] [16] /p/home/jusers/fischill1/juwels/ippl/build_fin/alpine/ElectrostaticPIF/LandauDampingPIF[0x585bfd]
[jwb1034:3675052] [17] /p/home/jusers/fischill1/juwels/ippl/build_fin/alpine/ElectrostaticPIF/LandauDampingPIF[0x6090d8]
wb0567:3865291] [18] /p/home/jusers/fischill1/juwels/ippl/build_fin/alpine/ElectrostaticPIF/LandauDampingPIF[0x6095b5]
[jwb0567:3865291] [19] /p/home/jusers/fischill1/juwels/ippl/build_fin/alpine/ElectrostaticPIF/LandauDampingPIF[0x60c8d1]
[jwb0567:3865291] [20] /p/home/jusers/fischill1/juwels/ippl/build_fin/alpine/ElectrostaticPIF/LandauDampingPIF[0x60d25b]
[jwb0031:1623415] [20] /p/home/jusers/fischill1/juwels/ippl/build_fin/alpine/ElectrostaticPIF/LandauDampingPIF[0x60d25b]
[jwb0031:1623415] [21] /p/home/jusers/fischill1/juwels/ippl/build_fin/alpine/ElectrostaticPIF/LandauDampingPIF[0x423759]
[jwb0031:1623415] [22] /usr/lib64/libc.so.6(+0x2a610)[0x1485b5505610]
[jwb0031:1623415] [23] /usr/lib64/libc.so.6(__libc_start_main+0x80)[0x1485b55056c0]
7]
[jwb0777:2201002] [15] /p/home/jusers/fischill1/juwels/ippl/build_fin/alpine/ElectrostaticPIF/LandauDampingPIF[0x4e81cb]
[jwb0777:2201002] [16] /p/home/jusers/fischill1/juwels/ippl/build_fin/alpine/ElectrostaticPIF/LandauDampingPIF[0x585bfd]
[jwb0777:2201002] [17] /p/home/jusers/fischill1/juwels/ippl/build_fin/alpine/ElectrostaticPIF/LandauDampingPIF[0x6090d8]
[jwb0777:2201002] [18] /p/home/jusers/fischill1/juwels/ippl/build_fin/alpine/ElectrostaticPIF/LandauDampingPIF[0x6095b5]
[jwb0984:2430496] [14] /p/home/jusers/fischill1/juwels/ippl/build_fin/alpine/ElectrostaticPIF/LandauDampingPIF[0x4e81c[jwb0792:2510150] [ 0] /usr/lib64/libc.so.6(+0x3fc30)[0x153a3b462c30]
[jwb0792:2510150] [ 1] /usr/lib64/libc.so.6(+0x8d02c)[0x153a3b4b002c]
[jwb0792:2510150] [ 2] /usr/lib64/libc.so.6(raise+0x16)[0x153a3b462b86]
[jwb0792:2510150] [ 3] /usr/lib64/libc.so.6(abort+0xd3)[0x153a3b44c873]
[jwb0792:2510150] [ 4] /p/software/default/stages/2026/software/GCCcore/14.3.0/lib64/libstdc++.so.6(+0xadc3d)[0x153a3b707c3d]
[jwb0792:2510150] [ 5] /p/software/default/stages/2026/software/GCCcore/14.3.0/lib64/libstdc++.so.6(+0xbf14a)[0x153a3b71914a]
[jwb0792:2510150] [ 6] /p/software/default/stages/2026/software/GCCcore/14.3.0/lib64/libstdc++.so.6(_ZSt10unexpectedv+0x0)[0x153a3b7077e9]
[jwb0792:2510150] [ 7] /p/software/default/stages/2026/software/GCCcore/14.3.0/lib64/libstdc++.so.6(+0xbf3c7)[0x153a3b7193c7]
[jwb0792:2510150] [ 8] /p/home/jusers/fischill1/juwels/ippl/build_fin/_deps/kokkos-build/core/src/libkokkoscore.so.5.0(_ZN6Kokkos4Impl15throw_bad_allocESt17basic_string_viewIcSt11char_traitsIcEEmS4_+0x115)[0x153a3bba7e05]
/home/jusers/fischill1/juwels/ippl/build_fin/_deps/kokkos-build/core/src/libkokkoscore.so.5.0(_ZNK6Kokkos9CudaSpace13impl_allocateEPKcmm28Kokkos_Profiling_SpaceHandle+0x219)[0x152ac14cb319]
[jwb0791:1206582] [10] /p/home/jusers/fischill1/juwels/ippl/build_fin/_deps/kokkos-build/core/src/libkokkoscore.so.5.0(_ZNK6Kokkos9CudaSpace8allocateEPKcmm+0x65)[0x152ac14cb395]
[jwb0791:1206582] [11] /p/home/jusers/fischill1/juwels/ippl/build_fin/_deps/kokkos-build/core/src/libkokkoscore.so.5.0(_ZN6Kokkos4Impl44HostInaccessibleSharedAllocationRecordCommonINS_9CudaSpaceEEC2ERKS2_RKNSt7__cxx1112basic_stringIcSt11char_traitsIcESaIcEEEmPFvPNS0_22SharedAllocationRecordIvvEEE+0x30)[0x152ac14cd260]
[jwb0791:1206582] [12] /p/home/jusers/fischill1/juwels/ippl/build_fin/alpine/ElectrostaticPIF/LandauDampingPIF[0x4aa864]
[jwb0791:1206582] [13] /p/home/jusers/fischill1/juwels/ippl/build_fin/alpine/ElectrostaticPIF/LandauDampingPIF[0x4aaf61]
[jwb1109:2838548] *** End of error message ***
[jwb0986:230222] [16] /p/home/jusers/fischill1/juwels/ippl/build_fin/alpine/ElectrostaticPIF/LandauDampingPIF[0x585bfd]
[jwb0986:230222] [17] /p/home/jusers/fischill1/juwels/ippl/build_fin/alpine/ElectrostaticPIF/LandauDampingPIF[0x6090d8]
[jwb0986:230222] [18] /p/home/jusers/fischill1/juwels/ippl/build_fin/alpine/ElectrostaticPIF/LandauDampingPIF[0x6095b5]
[jwb0981:1350525] [24] /p/home/jusers/fischi[jwb1048:2946383] [14] /p/home/jusers/fischill1/juwels/ippl/build_fin/alpine/ElectrostaticPIF/LandauDampingPIF[0x4cf90[jwb0035:822450] [21] /p/home/jusers/fischill1/juwels/ippl/build_fin/alpine/ElectrostaticPIF/LandauDampingPIF[0x423759]
[jwb0035:822450] [22] /usr/lib64/libc.so.6(+0x2a610)[0x14fe1a3a8610]
[jwb0035:822450] [23] /usr/lib64/libc.so.6(__libc_start_main+0x80)[0x14fe1a3a86c0]
[jwb0035:822450] [24] /p/home/jusers/fischill1/juwels/ippl/build_fin/alpine/ElectrostaticPIF/LandauDampingPIF[0x425995]
[jwb0035:822450] *** End of error message ***
**
[jwb0678:426612] [ 0] /usr/lib64/libc.so.6(+0x3fc30)[0x146978951c30]
[jwb0678:426612] [ 1] /usr/lib64/libc.so.6(+0x8d02c)[0x14697899f02c]
[jwb0678:426612] [ 2] /usr/lib64/libc.so.6(raise+0x16)[0x146978951b86]
[jwb0678:426612] [ 3] /usr/lib64/libc.so.6(abort+0xd3)[0x14697893b873]
[jwb0678:426612] [ 4] /p/software/default/stages/2026/software/GCCcore/14.3.0/lib64/libstdc++.so.6(+0xadc3d)[0x146978bf6c3d]
[jwb0678:426612] [ 5] /p/software/default/stages/2026/software/GCCcore/14.3.0/lib64/libstdc++.so.6(+0xbf14a)[0x146978c0814a]
[jwb0678:426612] [ 6] /p/software/default/stages/2026/software/GCCcore/14.3.0/lib64/libstdc++.so.6(_ZSt10unexpectedv+0x0)[0x146978bf67e9]
[jwb0678:426612] [ 7] /p/software/default/stages/2026/software/GCCcore/14.3.0/lib64/libstdc++.so.6(+0xbf3c7)[0x146978c083c7]
[jwb0678:426612] [ 8] /p/home/jusers/fischill1/juwels/ippl/build_fin/_deps/kokkos-build/core/src/libkokkoscore.so.5.0(_ZN6Kokkos4Impl15throw_bad_allocESt17basic_string_viewIcSt11char_traitsIcEEmS4_+0x115)[0x146979096e05]
[jwb0556:1623968] [ 9] /p/home/jusers/fischill1/juwels/ippl/build_fin/_deps/kokkos-build/core/s[jwb0701:507201] [ 0] /usr/lib64/libc.so.6(+0x3fc30)[0x14a003d64c30]
[jwb0701:507201] [ 1] /usr/lib64/libc.so.6(+0x8d02c)[0x14a003db202c]
[jwb0701:507201] [ 2] /usr/lib64/libc.so.6(raise+0x16)[0x14a003d64b86]
[jwb0701:507201] [ 3] /usr/lib64/libc.so.6(abort+0xd3)[0x14a003d4e873]
[jwb0701:507201] [ 4] /p/software/default/stages/2026/software/GCCcore/14.3.0/lib64/libstdc++.so.6(+0xadc3d)[0x14a004009c3d]
[jwb0701:507201] [ 5] /p/software/default/stages/2026/software/GCCcore/14.3.0/lib64/libstdc++.so.6(+0xbf14a)[0x14a00401b14a]
[jwb0701:507201] [ 6] /p/software/default/stages/2026/software/GCCcore/14.3.0/lib64/libstdc++.so.6(_ZSt10unexpectedv+0x0)[0x14a0040097e9]
[jwb0701:507201] [ 7] /p/software/default/stages/2026/software/GCCcore/14.3.0/lib64/libstdc++.so.6(+0xbf3c7)[0x14a00401b3c7]
[jwb0701:507201] [ 8] /p/home/jusers/fischill1/juwels/ippl/build_fin/_deps/kokkos-build/core/src/libkokkoscore.so.5.0(_ZN6Kokkos4Impl15throw_bad_allocESt17basic_string_viewIcSt11char_traitsIcEEmS4_+0x115)[0x14a0044a9e05]
[jwb0795:3810588] [14] /p/home/jusers/fischill1/juwels/ippl/build_fin/alpine/ElectrostaticPIF/LandauDampingPIF[0x4cf90[jwb0573:798244] [16] /p/home/jusers/fischill1/juwels/ippl/build_fin/alpine/ElectrostaticPIF/LandauDampingPIF[0x585bfd]
[jwb0573:798244] [17] /p/home/jusers/fischill1/juwels/ippl/build_fin/alpine/ElectrostaticPIF/LandauDampingPIF[0x6090d8]
[jwb0573:798244] [18] /p/home/jusers/fischill1/juwels/ippl/build_fin/alpine/ElectrostaticPIF/LandauDampingPIF[0x6095b5]
[jwb0573:798244] [19] /p/home/jusers/fischill1/juwels/ippl/build_fin/alpine/ElectrostaticPIF/LandauDampingPIF[0x60c8d1]
[jwb0573:798244] [20] /p/home/jusers/fischill1/juwels/ippl/build_fin/alpine/ElectrostaticPIF/LandauDampingPIF[0x60d25b]
[jwb0573:798244] [21] /p/home/jusers/fischill1/juwels/ippl/build_fin/alpine/ElectrostaticPIF/LandauDampingPIF[0x423759]
[jwb0573:798244] [22] /usr/lib64/libc.so.6(+0x2a610)[0x155189abc610]
[jwb0573:798244] [23] /usr/lib64/libc.so.6(__libc_start_main+0x80)[0x155189abc6c0]
[jwb0573:798244] [24] /p/home/jusers/fischill1/juwels/ippl/build_fin/alpine/ElectrostaticPIF/LandauDampingPIF[0x425995]
[jwb1027:733955] [19] /p/home/jusers/fischill1/juwels/ippl/build_fin/alpine/ElectrostaticPIF/LandauDampingPIF[0x60d25b]
[jwb1027:733955] [20] /p/home/jusers/fischill1/juwels/ippl/build_fin/alpine/ElectrostaticPIF/LandauDampingPIF[0x423759]
[jwb1027:733955] [21] /usr/lib64/libc.so.6(+0x2a610)[0x14c71e03e610]
[jwb1027:733955] [22] /usr/lib64/libc.so.6(__libc_start_main+0x80)[0x14c71e03e6c0]
[jwb1027:733955] [23] /p/home/jusers/fischill1/juwels/ippl/build_fin/alpine/ElectrostaticPIF/LandauDampingPIF[0x425995]
[jwb1027:733955] *** End of error message ***
[jwb0971:3373805] [11] /p/home/jusers/fischill1/juwels/ippl/build_fin/_deps/kokkos-build/core/src/libkokkoscore.so.5.0(_ZN6Kokkos4Impl44HostInaccessibleSharedAllocationRecordCommonINS_9CudaSpaceEEC2ERKS2_RKNSt7__cxx1112basic_stringIcSt11char_traitsIcESaIcEEEmPFvPNS0_22SharedAllocationRecordIvvEEE+0x30)[0x14772a5e9260]
[jwb0971:3373805] [12] /p/home/jusers/fischill1/juwels/ippl/build_fin/alpine/ElectrostaticPIF/LandauDampingPIF[0x49cd3a]
[jwb0971:3373805] [13] /p/home/jusers/fischill1/juwels/ippl/build_fin/alpine/ElectrostaticPIF/LandauDampingPIF[0x4d0480]
[jwb0971:3373805] [14] /p/home/jusers/fischill1/juwels/ippl/build_fin/alpine/ElectrostaticPIF/LandauDampingPIF[0x4e81cb]
[jwb0971:3373805] [15] /p/home/jusers/fischill1/juwels/ippl/build_fin/alpine/ElectrostaticPIF/LandauDampingPIF[0x585bfd]
[jwb0971:3373805] [16] /p/home/jusers/fischill1/juwels/ippl/build_fin/alpine/ElectrostaticPIF/LandauDampingPIF[0x6090d8]
/home/jusers/fischill1/juwels/ippl/build_fin/_deps/kokkos-build/core/src/libkokkoscore.so.5.0(_ZNK6Kokkos9CudaSpace13impl_allocateEPKcmm28Kokkos_Profiling_SpaceHandle+0x219)[0x1530e8fe2319]
[jwb1034:3675054] [10] /p/home/jusers/fischill1/juwels/ippl/build_fin/_deps/kokkos-build/core/src/libkokkoscore.so.5.0(_ZNK6Kokkos9CudaSpace8allocateEPKcmm+0x65)[0x1530e8fe2395]
[jwb1034:3675054] [11] /p/home/jusers/fischill1/juwels/ippl/build_fin/_deps/kokkos-build/core/src/libkokkoscore.so.5.0(_ZN6Kokkos4Impl44HostInaccessibleSharedAllocationRecordCommonINS_9CudaSpaceEEC2ERKS2_RKNSt7__cxx1112basic_stringIcSt11char_traitsIcESaIcEEEmPFvPNS0_22SharedAllocationRecordIvvEEE+0x30)[0x1530e8fe4260]
[jwb1034:3675054] [12] /p/home/jusers/fischill1/juwels/ippl/build_fin/alpine/ElectrostaticPIF/LandauDampingPIF[0x4aa864]
[jwb1034:3675054] [13] /p/home/jusers/fischill1/juwels/ippl/build_fin/alpine/ElectrostaticPIF/LandauDampingPIF[0x4aae5e]
[jwb0567:3865290] [15] /p/home/jusers/fischill1/juwels/ippl/build_fin/alpine/ElectrostaticPIF/LandauDampingPIF[0x4e81cb]
[jwb0567:3865290] [16] /p/home/jusers/fischill1/juwels/ippl/build_fin/alpine/ElectrostaticPIF/LandauDampingPIF[0x585bfd]
[jwb0567:3865290] [17] /p/home/jusers/fischill1/juwels/ippl/build_fin/alpine/ElectrostaticPIF/LandauDampingPIF[0x6090d8]
7]
[jwb0031:1623414] [15] /p/home/jusers/fischill1/juwels/ippl/build_fin/alpine/ElectrostaticPIF/LandauDampingPIF[0x4e81cb]
[jwb0031:1623414] [16] /p/home/jusers/fischill1/juwels/ippl/build_fin/alpine/ElectrostaticPIF/LandauDampingPIF[0x585bfd]
[jwb0031:1623414] [17] /p/home/jusers/fischill1/juwels/ippl/build_fin/alpine/ElectrostaticPIF/LandauDampingPIF[0x6090d8]
[jwb0031:1623414] [18] /p/home/jusers/fischill1/juwels/ippl/build_fin/alpine/ElectrostaticPIF/LandauDampingPIF[0x6095b5]
[jwb0031:1623414] [19] /p/home/jusers/fischill1/juwels/ippl/build_fin/alpine/ElectrostaticPIF/LandauDampingPIF[0x60c8d1]
[jwb0031:1623414] [20] /p/home/jusers/fischill1/juwels/ippl/build_fin/alpine/ElectrostaticPIF/LandauDampingPIF[0x60d25b]
[jwb0031:1623414] [21] /p/home/jusers/fischill1/juwels/ippl/build_fin/alpine/ElectrostaticPIF/LandauDampingPIF[0x423759]
[jwb0031:1623414] [22] /usr/lib64/libc.so.6(+0x2a610)[0x154fc6fb8610]
[jwb0031:1623414] [23] /usr/lib64/libc.so.6(__libc_start_main+0x80)[0x154fc6fb86c0]
/home/jusers/fischill1/juwels/ippl/build_fin/_deps/kokkos-build/core/src/libkokkoscore.so.5.0(_ZNK6Kokkos9CudaSpace13impl_allocateEPKcmm28Kokkos_Profiling_SpaceHandle+0x219)[0x14b2844fe319]
[jwb0777:2201001] [10] /p/home/jusers/fischill1/juwels/ippl/build_fin/_deps/kokkos-build/core/src/libkokkoscore.so.5.0(_ZNK6Kokkos9CudaSpace8allocateEPKcmm+0x65)[0x14b2844fe395]
[jwb0777:2201001] [11] /p/home/jusers/fischill1/juwels/ippl/build_fin/_deps/kokkos-build/core/src/libkokkoscore.so.5.0(_ZN6Kokkos4Impl44HostInaccessibleSharedAllocationRecordCommonINS_9CudaSpaceEEC2ERKS2_RKNSt7__cxx1112basic_stringIcSt11char_traitsIcESaIcEEEmPFvPNS0_22SharedAllocationRecordIvvEEE+0x30)[0x14b284500260]
[jwb0777:2201001] [12] /p/home/jusers/fischill1/juwels/ippl/build_fin/alpine/ElectrostaticPIF/LandauDampingPIF[0x4aa864]
[jwb0777:2201001] [13] /p/home/jusers/fischill1/juwels/ippl/build_fin/alpine/ElectrostaticPIF/LandauDampingPIF[0x4aae5e]
terminate called after throwing an instance of 'std::runtime_error'
430494] [23] /usr/lib64/libc.so.6(__libc_start_main+0x80)[0x14b4022556c0]
[jwb0984:2430494] [24] /p/home/jusers/fischill1/juwels/ippl/build_fin/alpine/ElectrostaticPIF/LandauDampingPIF[0x425995]
[jwb0984:2430494] *** End of error message ***
[jwb0792:2510150] [ 9] /p[jwb0791:1206582] [14] /p/home/jusers/fischill1/juwels/ippl/build_fin/alpine/ElectrostaticPIF/LandauDampingPIF[0x4cf90[jwb1109:2838549] *** End of error message ***
[jwb0986:230223] [19] /p/home/jusers/fischill1/juwels/ippl/build_fin/alpine/ElectrostaticPIF/LandauDampingPIF[0x60d25b]
[jwb0986:230223] [20] /p/home/jusers/fischill1/juwels/ippl/build_fin/alpine/ElectrostaticPIF/LandauDampingPIF[0x423759]
[jwb0986:230223] [21] /usr/lib64/libc.so.6(+0x2a610)[0x14ec67db6610]
[jwb0986:230223] [22] /usr/lib64/libc.so.6(__libc_start_main+0x80)[0x14ec67db66c0]
[jwb0986:230223] [23] /p/home/jusers/fischill1/juwels/ippl/build_fin/alpine/ElectrostaticPIF/LandauDampingPIF[0x425995]
[jwb0986:230223] *** End of error message ***
ll1/juwels/ippl/build_fin/alpine/ElectrostaticPIF/LandauDampingPIF[0x425995]
[jwb0981:1350525] *** End of error message ***
[jwb1048:2946384] [14] /p/home/jusers/fischill1/juwels/ippl/build_fin/alpine/ElectrostaticPIF/LandauDampingPIF[0x4e81cb]
[jwb1048:2946384] [15] /p/home/jusers/fischill1/juwels/ippl/build_fin/alpine/ElectrostaticPIF/LandauDampingPIF[0x585bfd]
[jwb1048:2946384] [16] /p/home/jusers/fischill1/juwels/ippl/build_fin/alpine/ElectrostaticPIF/LandauDampingPIF[0x6090d8]
[jwb1048:2946384] [17] /p/home/jusers/fischill1/juwels/ippl/build_fin/alpine/ElectrostaticPIF/LandauDampingPIF[0x6095b5]
[jwb1048:2946384] [18] /p/home/jusers/fischill1/juwels/ippl/build_fin/alpine/ElectrostaticPIF/LandauDampingPIF[0x60c8d1]
[jwb1048:2946384] [19] /p/home/jusers/fischill1/juwels/ippl/build_fin/alpine/ElectrostaticPIF/LandauDampingPIF[0x60d25b]
[jwb1048:2946384] [20] /p/home/jusers/fischill1/juwels/ippl/build_fin/alpine/ElectrostaticPIF/LandauDampingPIF[0x423759]
[jwb1048:2946384] [21] /usr/lib64/libc.so.6(+0x2a610)[0x1465c81af610]
[jwb1048:2946384] [22] /usr/lib64/libc.so.6(__libc_start_main+0x80)[0x1465c81af6c0]
jusers/fischill1/juwels/ippl/build_fin/alpine/ElectrostaticPIF/LandauDampingPIF[0x585bfd]
[jwb0035:822449] [17] /p/home/jusers/fischill1/juwels/ippl/build_fin/alpine/ElectrostaticPIF/LandauDampingPIF[0x6090d8]
[jwb0035:822449] [18] /p/home/jusers/fischill1/juwels/ippl/build_fin/alpine/ElectrostaticPIF/LandauDampingPIF[0x6095b5]
[jwb0035:822449] [19] /p/home/jusers/fischill1/juwels/ippl/build_fin/alpine/ElectrostaticPIF/LandauDampingPIF[0x60c8d1]
[jwb0035:822449] [20] /p/home/jusers/fischill1/juwels/ippl/build_fin/alpine/ElectrostaticPIF/LandauDampingPIF[0x60d25b]
[jwb0035:822449] [21] /p/home/jusers/fischill1/juwels/ippl/build_fin/alpine/ElectrostaticPIF/LandauDampingPIF[0x423759]
[jwb0035:822449] [22] /usr/lib64/libc.so.6(+0x2a610)[0x14f03b303610]
[jwb0035:822449] [23] /usr/lib64/libc.so.6(__libc_start_main+0x80)[0x14f03b3036c0]
[jwb0035:822449] [24] /p/home/jusers/fischill1/juwels/ippl/build_fin/alpine/ElectrostaticPIF/LandauDampingPIF[0x425995]
[jwb0035:822449] *** End of error message ***
[jwb0678:426612] [ 9] /p/home/juserc/libkokkoscore.so.5.0(_ZNK6Kokkos9CudaSpace13impl_allocateEPKcmm28Kokkos_Profiling_SpaceHandle+0x219)[0x14cf15efe319]
[jwb0556:1623968] [10] /p/home/jusers/fischill1/juwels/ippl/build_fin/_deps/kokkos-build/core/src/libkokkoscore.so.5.0(_ZNK6Kokkos9CudaSpace8allocateEPKcmm+0x65)[0x14cf15efe395]
[jwb0556:1623968] [11] /p/home/jusers/fischill1/juwels/ippl/build_fin/_deps/kokkos-build/core/src/libkokkoscore.so.5.0(_ZN6Kokkos4Impl44HostInaccessibleSharedAllocationRecordCommonINS_9CudaSpaceEEC2ERKS2_RKNSt7__cxx1112basic_stringIcSt11char_traitsIcESaIcEEEmPFvPNS0_22SharedAllocationRecordIvvEEE+0x30)[0x14cf15f00260]
[jwb0556:1623968] [12] /p/home/jusers/fischill1/juwels/ippl/build_fin/alpine/ElectrostaticPIF/LandauDampingPIF[0x4aa864]
[jwb0556:1623968] [13] /p/home/jusers/fischill1/juwels/ippl/build_fin/alpine/ElectrostaticPIF/LandauDampingPIF[0x4aae5e]
[jwb0556:1623968] [14] /p/home/jusers/fischill1/juwels/ippl/build_fin/alpine/ElectrostaticPIF/LandauDampingPIF[0x4cf907]
[jwb0701:507201] [ 9] /p/home/juse7]
[jwb0795:3810588] [15] /p/home/jusers/fischill1/juwels/ippl/build_fin/alpine/ElectrostaticPIF/LandauDampingPIF[0x4e81cb]
[jwb0795:3810588] [16] /p/home/jusers/fischill1/juwels/ippl/build_fin/alpine/ElectrostaticPIF/LandauDampingPIF[0x585bfd]
[jwb0795:3810588] [17] /p/home/jusers/fischill1/juwels/ippl/build_fin/alpine/ElectrostaticPIF/LandauDampingPIF[0x6090d8]
[jwb0795:3810588] [18] /p/home/jusers/fischill1/juwels/ippl/build_fin/alpine/ElectrostaticPIF/LandauDampingPIF[0x6095b5]
[jwb0795:3810588] [19] /p/home/jusers/fischill1/juwels/ippl/build_fin/alpine/ElectrostaticPIF/LandauDampingPIF[0x60c8d1]
[jwb0795:3810588] [20] /p/home/jusers/fischill1/juwels/ippl/build_fin/alpine/ElectrostaticPIF/LandauDampingPIF[0x60d25b]
[jwb0795:3810588] [21] /p/home/jusers/fischill1/juwels/ippl/build_fin/alpine/ElectrostaticPIF/LandauDampingPIF[0x423759]
[jwb0795:3810588] [22] /usr/lib64/libc.so.6(+0x2a610)[0x1480410ee610]
[jwb0795:3810588] [23] /usr/lib64/libc.so.6(__libc_start_main+0x80)[0x1480410ee6c0]
[jwb0573:798244] *** End of error message ***
[jwb1027:733952] [19] /p/home/jusers/fischill1/juwels/ippl/build_fin/alpine/ElectrostaticPIF/LandauDampingPIF[0x60d25b]
[jwb1027:733952] [20] /p/home/jusers/fischill1/juwels/ippl/build_fin/alpine/ElectrostaticPIF/LandauDampingPIF[0x423759]
[jwb1027:733952] [21] /usr/lib64/libc.so.6(+0x2a610)[0x15280dabe610]
[jwb1027:733952] [22] /usr/lib64/libc.so.6(__libc_start_main+0x80)[0x15280dabe6c0]
[jwb1027:733952] [23] /p/home/jusers/fischill1/juwels/ippl/build_fin/alpine/ElectrostaticPIF/LandauDampingPIF[0x425995]
[jwb0971:3373805] [17] /p/home/jusers/fischill1/juwels/ippl/build_fin/alpine/ElectrostaticPIF/LandauDampingPIF[0x6095b5]
[j[jwb1034:3675054] [14] /p/home/jusers/fischill1/juwels/ippl/build_fin/alpine/ElectrostaticPIF/LandauDampingPIF[0x4cf90[jwb0567:3865293] [14] /p/home/jusers/fischill1/juwels/ippl/build_fin/alpine/ElectrostaticPIF/LandauDampingPIF[0x4e81cb]
[jwb0567:3865293] [15] /p/home/jusers/fischill1/juwels/ippl/build_fin/alpine/ElectrostaticPIF/LandauDampingPIF[0x585bfd]
[jwb0567:3865293] [16] /p/home/jusers/fischill1/juwels/ippl/build_fin/alpine/ElectrostaticPIF/LandauDampingPIF[0x6090d8]
[jwb0567:3865293] [17] /p/home/jusers/fischill1/juwels/ippl/build_fin/alpine/ElectrostaticPIF/LandauDampingPIF[0x6095b5]
[jwb0567:3865293] [18] /p/home/jusers/fischill1/juwels/ippl/build_fin/alpine/ElectrostaticPIF/LandauDampingPIF[0x60c8d1]
[jwb0567:3865293] [19] /p/home/jusers/fischill1/juwels/ippl/build_fin/alpine/ElectrostaticPIF/LandauDampingPIF[0x60d25b]
[jwb0567:3865293] [20] /p/home/jusers/fischill1/juwels/ippl/build_fin/alpine/ElectrostaticPIF/LandauDampingPIF[0x423759]
[jwb0567:3865293] [21] /usr/lib64/libc.so.6(+0x2a610)[0x152176aa6610]
[jwb0567:3865293] [22] /usr/lib64/libc.so.6(__libc_start_main+0x80)[0x152176aa66c0]
[jwb0031:1623414] [24] /p/home/jusers/fischi[jwb0777:2201001] [14] /p/home/jusers/fischill1/juwels/ippl/build_fin/alpine/ElectrostaticPIF/LandauDampingPIF[0x4cf90terminate called after throwing an instance of 'std::runtime_error'
[jwb0984:2430495] [17] /p/home/jusers/fischill1/juwels/ippl/build_fin/alpine/ElectrostaticPIF/LandauDampingPIF[0x6090d8]
[jwb0984:2430495] [18] /p/home/jusers/fischill1/juwels/ippl/build_fin/alpine/ElectrostaticPIF/LandauDampingPIF[0x6095b5]
[jwb0984:2430495] [19] /p/home/jusers/fischill1/juwels/ippl/build_fin/alpine/ElectrostaticPIF/LandauDampingPIF[0x60c8d1]
[jwb0984:2430495] [20] /p/home/jusers/fischill1/juwels/ippl/build_fin/alpine/ElectrostaticPIF/LandauDampingPIF[0x60d25b]
[jwb0984:2430495] [21] /p/home/jusers/fischill1/juwels/ippl/build_fin/alpine/ElectrostaticPIF/LandauDampingPIF[0x423759]
[jwb0984:2430495] [22] /usr/lib64/libc.so.6(+0x2a610)[0x1518e295c610]
[jwb0984:2430495] [23] /usr/lib64/libc.so.6(__libc_start_main+0x80)[0x1518e295c6c0]
[jwb0984:2430495] [24] /p/home/jusers/fischill1/juwels/ippl/build_fin/alpine/ElectrostaticPIF/LandauDampingPIF[0x425995]
[jwb0984:2430495] *** End of error message ***
wb0792:2510151] [18] /p/home/jusers/fischill1/juwels/ippl/build_fin/alpine/ElectrostaticPIF/LandauDampingPIF[0x6095b5]
7]
/home/jusers/fischill1/juwels/ippl/build_fin/_deps/kokkos-build/core/src/libkokkoscore.so.5.0(_ZNK6Kokkos9CudaSpace13impl_allocateEPKcmm28Kokkos_Profiling_SpaceHandle+0x219)[0x150814383319]
[jwb1109:2838550] [10] /p/home/jusers/fischill1/juwels/ippl/build_fin/_deps/kokkos-build/core/src/libkokkoscore.so.5.0(_ZNK6Kokkos9CudaSpace8allocateEPKcmm+0x65)[0x150814383395]
[jwb1109:2838550] [11] /p/home/jusers/fischill1/juwels/ippl/build_fin/_deps/kokkos-build/core/src/libkokkoscore.so.5.0(_ZN6Kokkos4Impl44HostInaccessibleSharedAllocationRecordCommonINS_9CudaSpaceEEC2ERKS2_RKNSt7__cxx1112basic_stringIcSt11char_traitsIcESaIcEEEmPFvPNS0_22SharedAllocationRecordIvvEEE+0x30)[0x150814385260]
[jwb1109:2838550] [12] /p/home/jusers/fischill1/juwels/ippl/build_fin/alpine/ElectrostaticPIF/LandauDampingPIF[0x4aa864]
[jwb1109:2838550] [13] /p/home/jusers/fischill1/juwels/ippl/build_fin/alpine/ElectrostaticPIF/LandauDampingPIF[0x4aae5e]
[jwb0986:230221] [13] /p/home/jusers/fischill1/juwels/ippl/build_fin/alpine/ElectrostaticPIF/LandauDampingPIF[0x4aaf61]
[jwb0986:230221] [14] /p/home/jusers/fischill1/juwels/ippl/build_fin/alpine/ElectrostaticPIF/LandauDampingPIF[0x4cf907]
[jwb0986:230221] [15] /p/home/jusers/fischill1/juwels/ippl/build_fin/alpine/ElectrostaticPIF/LandauDampingPIF[0x4e81cb]
[jwb1048:2946384] [23] /p/home/jusers/fischill1[jwb0678:426615] [ 0] /usr/lib64/libc.so.6(+0x3fc30)[0x14cf30264c30]
[jwb0678:426615] [ 1] /usr/lib64/libc.so.6(+0x8d02c)[0x14cf302b202c]
[jwb0678:426615] [ 2] /usr/lib64/libc.so.6(raise+0x16)[0x14cf30264b86]
[jwb0678:426615] [ 3] /usr/lib64/libc.so.6(abort+0xd3)[0x14cf3024e873]
[jwb0678:426615] [ 4] /p/software/default/stages/2026/software/GCCcore/14.3.0/lib64/libstdc++.so.6(+0xadc3d)[0x14cf30509c3d]
[jwb0678:426615] [ 5] /p/software/default/stages/2026/software/GCCcore/14.3.0/lib64/libstdc++.so.6(+0xbf14a)[0x14cf3051b14a]
[jwb0678:426615] [ 6] /p/software/default/stages/2026/software/GCCcore/14.3.0/lib64/libstdc++.so.6(_ZSt10unexpectedv+0x0)[0x14cf305097e9]
[jwb0678:426615] [ 7] /p/software/default/stages/2026/software/GCCcore/14.3.0/lib64/libstdc++.so.6(+0xbf3c7)[0x14cf3051b3c7]
[jwb0678:426615] [ 8] /p/home/jusers/fischill1/juwels/ippl/build_fin/_deps/kokkos-build/core/src/libkokkoscore.so.5.0(_ZN6Kokkos4Impl15throw_bad_allocESt17basic_string_viewIcSt11char_traitsIcEEmS4_+0x115)[0x14cf309a9e05]
[jwb0556:1623968] [15] /p/home/jusers/fischill1/juwels/ippl/build_f[jwb0701:507200] [ 0] /usr/lib64/libc.so.6(+0x3fc30)[0x14c55288ec30]
[jwb0701:507200] [ 1] /usr/lib64/libc.so.6(+0x8d02c)[0x14c5528dc02c]
[jwb0701:507200] [ 2] /usr/lib64/libc.so.6(raise+0x16)[0x14c55288eb86]
[jwb0701:507200] [ 3] /usr/lib64/libc.so.6(abort+0xd3)[0x14c552878873]
[jwb0701:507200] [ 4] /p/software/default/stages/2026/software/GCCcore/14.3.0/lib64/libstdc++.so.6(+0xadc3d)[0x14c552b33c3d]
[jwb0701:507200] [ 5] /p/software/default/stages/2026/software/GCCcore/14.3.0/lib64/libstdc++.so.6(+0xbf14a)[0x14c552b4514a]
[jwb0701:507200] [ 6] /p/software/default/stages/2026/software/GCCcore/14.3.0/lib64/libstdc++.so.6(_ZSt10unexpectedv+0x0)[0x14c552b337e9]
[jwb0701:507200] [ 7] /p/software/default/stages/2026/software/GCCcore/14.3.0/lib64/libstdc++.so.6(+0xbf3c7)[0x14c552b453c7]
[jwb0701:507200] [ 8] /p/home/jusers/fischill1/juwels/ippl/build_fin/_deps/kokkos-build/core/src/libkokkoscore.so.5.0(_ZN6Kokkos4Impl15throw_bad_allocESt17basic_string_viewIcSt11char_traitsIcEEmS4_+0x115)[0x14c552fd3e05]
[jwb0795:3810588] [24] /p/home/jusers/fischi245] [15] /p/home/jusers/fischill1/juwels/ippl/build_fin/alpine/ElectrostaticPIF/LandauDampingPIF[0x585bfd]
[jwb0573:798245] [16] /p/home/jusers/fischill1/juwels/ippl/build_fin/alpine/ElectrostaticPIF/LandauDampingPIF[0x6090d8]
[jwb0573:798245] [17] /p/home/jusers/fischill1/juwels/ippl/build_fin/alpine/ElectrostaticPIF/LandauDampingPIF[0x6095b5]
[jwb0573:798245] [18] /p/home/jusers/fischill1/juwels/ippl/build_fin/alpine/ElectrostaticPIF/LandauDampingPIF[0x60c8d1]
[jwb0573:798245] [19] /p/home/jusers/fischill1/juwels/ippl/build_fin/alpine/ElectrostaticPIF/LandauDampingPIF[0x60d25b]
[jwb0573:798245] [20] /p/home/jusers/fischill1/juwels/ippl/build_fin/alpine/ElectrostaticPIF/LandauDampingPIF[0x423759]
953] [15] /p/home/jusers/fischill1/juwels/ippl/build_fin/alpine/ElectrostaticPIF/LandauDampingPIF[0x4e81cb]
[jwb1027:733953] [16] /p/home/jusers/fischill1/juwels/ippl/build_fin/alpine/ElectrostaticPIF/LandauDampingPIF[0x585bfd]
[jwb1027:733953] [17] /p/home/jusers/fischill1/juwels/ippl/build_fin/alpine/ElectrostaticPIF/LandauDampingPIF[0x6090d8]
[jwb1027:733953] [18] /p/home/jusers/fischill1/juwels/ippl/build_fin/alpine/ElectrostaticPIF/LandauDampingPIF[0x6095b5]
[jwb1027:733953] [19] /p/home/jusers/fischill1/juwels/ippl/build_fin/alpine/ElectrostaticPIF/LandauDampingPIF[0x60c8d1]
**
[jwb1034:3675055] [10] /p/home/jusers/fischill1/juwels/ippl/build_fin/_deps/kokkos-build/core/src/libkokkoscore.so.5.0(_ZNK6Kokkos9CudaSpace8allocateEPKcmm+0x65)[0x15419921c395]
[jwb1034:3675055] [11] /p/home/jusers/fischill1/juwels/ippl/build_fin/_deps/kokkos-build/core/src/libkokkoscore.so.5.0(_ZN6Kokkos4Impl44HostInaccessibleSharedAllocationRecordCommonINS_9CudaSpaceEEC2ERKS2_RKNSt7__cxx1112basic_stringIcSt11char_traitsIcESaIcEEEmPFvPNS0_22SharedAllocationRecordIvvEEE+0x30)[0x15419921e260]
[jwb1034:3675055] [12] /p/home/jusers/fischill1/juwels/ippl/build_fin/alpine/ElectrostaticPIF/LandauDampingPIF[0x4aa864]
[jwb1034:3675055] [13] /p/home/jusers/fischill1/juwels/ippl/build_fin/alpine/ElectrostaticPIF/LandauDampingPIF[0x4aaf61]
[jwb1034:3675055] [14] /p/home/jusers/fischill1/juwels/ippl/build_fin/alpine/ElectrostaticPIF/LandauDampingPIF[0x4cf907]
[jwb1034:3675055] [15] /p/home/jusers/fischill1/juwels/ippl/build_fin/alpine/ElectrostaticPIF/LandauDampingPIF[0x4e81cb]
[jwb0567:3865293] [23] /p/home/jusers/fischill1[jwb0031:1623417] [11] /p/home/jusers/fischill1/juwels/ippl/build_fin/_deps/kokkos-build/core/src/libkokkoscore.so.5.0(_ZN6Kokkos4Impl44HostInaccessibleSharedAllocationRecordCommonINS_9CudaSpaceEEC2ERKS2_RKNSt7__cxx1112basic_stringIcSt11char_traitsIcESaIcEEEmPFvPNS0_22SharedAllocationRecordIvvEEE+0x30)[0x149f7917e260]
/home/jusers/fischill1/juwels/ippl/build_fin/_deps/kokkos-build/core/src/libkokkoscore.so.5.0(_ZNK6Kokkos9CudaSpace13impl_allocateEPKcmm28Kokkos_Profiling_SpaceHandle+0x219)[0x15115084e319]
[jwb0777:2201004] [10] /p/home/jusers/fischill1/juwels/ippl/build_fin/_deps/kokkos-build/core/src/libkokkoscore.so.5.0(_ZNK6Kokkos9CudaSpace8allocateEPKcmm+0x65)[0x15115084e395]
[jwb0777:2201004] [11] /p/home/jusers/fischill1/juwels/ippl/build_fin/_deps/kokkos-build/core/src/libkokkoscore.so.5.0(_ZN6Kokkos4Impl44HostInaccessibleSharedAllocationRecordCommonINS_9CudaSpaceEEC2ERKS2_RKNSt7__cxx1112basic_stringIcSt11char_traitsIcESaIcEEEmPFvPNS0_22SharedAllocationRecordIvvEEE+0x30)[0x151150850260]
[jwb0777:2201004] [12] /p/home/jusers/fischill1/juwels/ippl/build_fin/alpine/ElectrostaticPIF/LandauDampingPIF[0x4aa864]
[jwb0777:2201004] [13] /p/home/jusers/fischill1/juwels/ippl/build_fin/alpine/ElectrostaticPIF/LandauDampingPIF[0x4aae5e]
terminate called after throwing an instance of 'std::runtime_error'
[jwb0984:2430497] [20] /p/home/jusers/fischill1/juwels/ippl/build_fin/alpine/ElectrostaticPIF/LandauDampingPIF[0x60d25b]
[jwb0984:2430497] [21] /p/home/jusers/fischill1/juwels/ippl/build_fin/alpine/ElectrostaticPIF/LandauDampingPIF[0x423759]
[jwb0984:2430497] [22] /usr/lib64/libc.so.6(+0x2a610)[0x14a4d22c4610]
[jwb0984:2430497] [23] /usr/lib64/libc.so.6(__libc_start_main+0x80)[0x14a4d22c46c0]
[jwb0984:2430497] [24] /p/home/jusers/fischill1/juwels/ippl/build_fin/alpine/ElectrostaticPIF/LandauDampingPIF[0x425995]
[jwb0984:2430497] *** End of error message ***
[jwb0792:2510153] [17] /p/home/jusers/fischill1/juwels/ippl/build_fin/alpine/ElectrostaticPIF/LandauDampingPIF[0x6090d8]
[jwb0792:2510153] [18] /p/home/jusers/fischill1/juwels/ippl/build_fin/alpine/ElectrostaticPIF/LandauDampingPIF[0x6095b5]
[jwb0791:1206581] [ 0] /usr/lib64/libc.so.6(+0x3fc30)[0x150237c40c30]
[jwb0791:1206581] [ 1] /usr/lib64/libc.so.6(+0x8d02c)[0x150237c8e02c]
[jwb0791:1206581] [ 2] /usr/lib64/libc.so.6(raise+0x16)[0x150237c40b86]
[jwb0791:1206581] [ 3] /usr/lib64/libc.so.6(abort+0xd3)[0x150237c2a873]
[jwb0791:1206581] [ 4] /p/software/default/stages/2026/software/GCCcore/14.3.0/lib64/libstdc++.so.6(+0xadc3d)[0x150237ee5c3d]
[jwb0791:1206581] [ 5] /p/software/default/stages/2026/software/GCCcore/14.3.0/lib64/libstdc++.so.6(+0xbf14a)[0x150237ef714a]
[jwb0791:1206581] [ 6] /p/software/default/stages/2026/software/GCCcore/14.3.0/lib64/libstdc++.so.6(_ZSt10unexpectedv+0x0)[0x150237ee57e9]
[jwb0791:1206581] [ 7] /p/software/default/stages/2026/software/GCCcore/14.3.0/lib64/libstdc++.so.6(+0xbf3c7)[0x150237ef73c7]
[jwb0791:1206581] [ 8] /p/home/jusers/fischill1/juwels/ippl/build_fin/_deps/kokkos-build/core/src/libkokkoscore.so.5.0(_ZN6Kokkos4Impl15throw_bad_allocESt17basic_string_viewIcSt11char_traitsIcEEmS4_+0x115)[0x150238385e05]
[jwb1109:2838550] [14] /p/home/jusers/fischill1/juwels/ippl/build_fin/alpine/ElectrostaticPIF/LandauDampingPIF[0x4cf90[jwb0986:230220] [22] /usr/lib64/libc.so.6(+0x2a610)[0x153e832ad610]
[jwb0986:230220] [23] /usr/lib64/libc.so.6(__libc_start_main+0x80)[0x153e832ad6c0]
[jwb0986:230220] [24] /p/home/jusers/fischill1/juwels/ippl/build_fin/alpine/ElectrostaticPIF/LandauDampingPIF[0x425995]
[jwb0986:230220] *** End of error message ***
[jwb1048:2946381] [21] /p/home/jusers/fischill1/juwels/ippl/build_fin/alpine/ElectrostaticPIF/LandauDampingPIF[0x423759]
[jwb1048:2946381] [22] /usr/lib64/libc.so.6(+0x2a610)[0x149ad9927610]
[jwb1048:2946381] [23] /usr/lib64/libc.so.6(__libc_start_main+0x80)[0x149ad99276c0]
[jwb1048:2946381] [24] /p/home/jusers/fischill1/juwels/ippl/build_fin/alpine/ElectrostaticPIF/LandauDampingPIF[0x425995]
[jwb1048:2946381] *** End of error message ***
[jwb0678:426615] [ 9] /p/home/jusein/alpine/ElectrostaticPIF/LandauDampingPIF[0x4e81cb]
[jwb0556:1623968] [16] /p/home/jusers/fischill1/juwels/ippl/build_fin/alpine/ElectrostaticPIF/LandauDampingPIF[0x585bfd]
[jwb0556:1623968] [17] /p/home/jusers/fischill1/juwels/ippl/build_fin/alpine/ElectrostaticPIF/LandauDampingPIF[0x6090d8]
[jwb0556:1623968] [18] /p/home/jusers/fischill1/juwels/ippl/build_fin/alpine/ElectrostaticPIF/LandauDampingPIF[0x6095b5]
[jwb0556:1623968] [19] /p/home/jusers/fischill1/juwels/ippl/build_fin/alpine/ElectrostaticPIF/LandauDampingPIF[0x60c8d1]
[jwb0556:1623968] [20] /p/home/jusers/fischill1/juwels/ippl/build_fin/alpine/ElectrostaticPIF/LandauDampingPIF[0x60d25b]
[jwb0701:507200] [ 9] /p/home/jusell1/juwels/ippl/build_fin/alpine/ElectrostaticPIF/LandauDampingPIF[0x425995]
[jwb0795:3810588] *** End of error message ***
[jwb0573:798246] [10] /p/home/jusers/fischill1/juwels/ippl/build_fin/_deps/kokkos-build/core/src/libkokkoscore.so.5.0(_ZNK6Kokkos9CudaSpace8allocateEPKcmm+0x65)[0x14948da5d395]
[jwb0573:798246] [11] /p/home/jusers/fischill1/juwels/ippl/build_fin/_deps/kokkos-build/core/src/libkokkoscore.so.5.0(_ZN6Kokkos4Impl44HostInaccessibleSharedAllocationRecordCommonINS_9CudaSpaceEEC2ERKS2_RKNSt7__cxx1112basic_stringIcSt11char_traitsIcESaIcEEEmPFvPNS0_22SharedAllocationRecordIvvEEE+0x30)[0x14948da5f260]
[jwb0573:798246] [12] /p/home/jusers/fischill1/juwels/ippl/build_fin/alpine/ElectrostaticPIF/LandauDampingPIF[0x4aa864]
[jwb0573:798246] [13] /p/home/jusers/fischill1/juwels/ippl/build_fin/alpine/ElectrostaticPIF/LandauDampingPIF[0x4aae5e]
[jwb0573:798246] [14] /p/home/jusers/fischill1/juwels/ippl/build_fin/alpine/ElectrostaticPIF/LandauDampingPIF[0x4cf907]
[jwb0573:798246] [15] /p/home/jusers/fischill1/juwels/ippl/build_fin/alpine/ElectrostaticPIF/LandauDampingPIF[0x4e81cb]
[jwb1027:733952] *** End of error message ***
wb0971:3373805] [18] /p/home/jusers/fischill1/juwels/ippl/build_fin/alpine/ElectrostaticPIF/LandauDampingPIF[0x60c8d1]
[jwb0971:3373805] [19] /p/home/jusers/fischill1/juwels/ippl/build_fin/alpine/ElectrostaticPIF/LandauDampingPIF[0x60d25b]
[jwb0971:3373805] [20] /p/home/jusers/fischill1/juwels/ippl/build_fin/alpine/ElectrostaticPIF/LandauDampingPIF[0x423759]
[jwb0971:3373805] [21] /usr/lib64/libc.so.6(+0x2a610)[0x147729e7a610]
[jwb0971:3373805] [22] /usr/lib64/libc.so.6(__libc_start_main+0x80)[0x147729e7a6c0]
[jwb0971:3373805] [23] /p/home/jusers/fischill1/juwels/ippl/build_fin/alpine/ElectrostaticPIF/LandauDampingPIF[0x425995]
[jwb0971:3373805] *** End of error message ***
[jwb1034:3675055] [16] /p/home/jusers/fischill1/juwels/ippl/build_7]
[jwb0567:3865292] [15] /p/home/jusers/fischill1/juwels/ippl/build_fin/alpine/ElectrostaticPIF/LandauDampingPIF[0x4e81cb]
[jwb0567:3865292] [16] /p/home/jusers/fischill1/juwels/ippl/build_fin/alpine/ElectrostaticPIF/LandauDampingPIF[0x585bfd]
[jwb0031:1623415] [24] /p/home/jusers/fischill1/juwels/ippl/build_fin/alpine/ElectrostaticPIF/LandauDampingPIF[0x425995]
[jwb0031:1623415] *** End of error message ***
[jwb0777:2201004] [14] /p/home/jusers/fischill1/juwels/ippl/build_fin/alpine/ElectrostaticPIF/LandauDampingPIF[0x4cf90terminate called after throwing an instance of 'std::runtime_error'
b]
[jwb0984:2430496] [15] /p/home/jusers/fischill1/juwels/ippl/build_fin/alpine/ElectrostaticPIF/LandauDampingPIF[0x585bfd]
[jwb0984:2430496] [16] /p/home/jusers/fischill1/juwels/ippl/build_fin/alpine/ElectrostaticPIF/LandauDampingPIF[0x6090d8]
[jwb0984:2430496] [17] /p/home/jusers/fischill1/juwels/ippl/build_fin/alpine/ElectrostaticPIF/LandauDampingPIF[0x6095b5]
[jwb0984:2430496] [18] /p/home/jusers/fischill1/juwels/ippl/build_fin/alpine/ElectrostaticPIF/LandauDampingPIF[0x60c8d1]
[jwb0984:2430496] [19] /p/home/jusers/fischill1/juwels/ippl/build_fin/alpine/ElectrostaticPIF/LandauDampingPIF[0x60d25b]
[jwb0984:2430496] [20] /p/home/jusers/fischill1/juwels/ippl/build_fin/alpine/ElectrostaticPIF/LandauDampingPIF[0x423759]
[jwb0984:2430496] [21] /usr/lib64/libc.so.6(+0x2a610)[0x14cb157c8610]
[jwb0984:2430496] [22] /usr/lib64/libc.so.6(__libc_start_main+0x80)[0x14cb157c86c0]
[jwb0984:2430496] [23] /p/home/jusers/fischill1/juwels/ippl/build_fin/alpine/ElectrostaticPIF/LandauDampingPIF[0x425995]
b]
[jwb0792:2510152] [15] /p/home/jusers/fischill1/juwels/ippl/build_fin/alpine/ElectrostaticPIF/LandauDampingPIF[0x585bfd]
[jwb0792:2510152] [16] /p/home/jusers/fischill1/juwels/ippl/build_fin/alpine/ElectrostaticPIF/LandauDampingPIF[0x6090d8]
[jwb0792:2510152] [17] /p/home/jusers/fischill1/juwels/ippl/build_fin/alpine/ElectrostaticPIF/LandauDampingPIF[0x6095b5]
[jwb0792:2510152] [18] /p/home/jusers/fischill1/juwels/ippl/build_fin/alpine/ElectrostaticPIF/LandauDampingPIF[0x60c8d1]
[jwb0792:2510152] [19] /p/home/jusers/fischill1/juwels/ippl/build_fin/alpine/ElectrostaticPIF/LandauDampingPIF[0x60d25b]
[jwb0792:2510152] [20] /p/home/jusers/fischill1/juwels/ippl/build_fin/alpine/ElectrostaticPIF/LandauDampingPIF[0x423759]
[jwb0791:1206581] [ 9] /p7]
[jwb1109:2838550] [15] /p/home/jusers/fischill1/juwels/ippl/build_fin/alpine/ElectrostaticPIF/LandauDampingPIF[0x4e81cb]
[jwb1109:2838550] [16] /p/home/jusers/fischill1/juwels/ippl/build_fin/alpine/ElectrostaticPIF/LandauDampingPIF[0x585bfd]
[jwb1109:2838550] [17] /p/home/jusers/fischill1/juwels/ippl/build_fin/alpine/ElectrostaticPIF/LandauDampingPIF[0x6090d8]
[jwb1109:2838550] [18] /p/home/jusers/fischill1/juwels/ippl/build_fin/alpine/ElectrostaticPIF/LandauDampingPIF[0x6095b5]
[jwb1109:2838550] [19] /p/home/jusers/fischill1/juwels/ippl/build_fin/alpine/ElectrostaticPIF/LandauDampingPIF[0x60c8d1]
[jwb1109:2838550] [20] /p/home/jusers/fischill1/juwels/ippl/build_fin/alpine/ElectrostaticPIF/LandauDampingPIF[0x60d25b]
[jwb1109:2838550] [21] /p/home/jusers/fischill1/juwels/ippl/build_fin/alpine/ElectrostaticPIF/LandauDampingPIF[0x423759]
[jwb1109:2838550] [22] /usr/lib64/libc.so.6(+0x2a610)[0x150813c16610]
[jwb1109:2838550] [23] /usr/lib64/libc.so.6(__libc_start_main+0x80)[0x150813c166c0]
[jwb0986:230222] [19] /p/home/jusers/fischill1/juwels/ippl/build_fin/alpine/ElectrostaticPIF/LandauDampingPIF[0x60c8d1]
[jwb0986:230222] [20] /p/home/jusers/fischill1/juwels/ippl/build_fin/alpine/ElectrostaticPIF/LandauDampingPIF[0x60d25b]
[jwb0986:230222] [21] /p/home/jusers/fischill1/juwels/ippl/build_fin/alpine/ElectrostaticPIF/LandauDampingPIF[0x423759]
[jwb0986:230222] [22] /usr/lib64/libc.so.6(+0x2a610)[0x14c57da46610]
[jwb0986:230222] [23] /usr/lib64/libc.so.6(__libc_start_main+0x80)[0x14c57da466c0]
[jwb0986:230222] [24] /p/home/jusers/fischill1/juwels/ippl/build_fin/alpine/ElectrostaticPIF/LandauDampingPIF[0x425995]
[jwb0986:230222] *** End of error message ***
7]
[jwb1048:2946383] [15] /p/home/jusers/fischill1/juwels/ippl/build_fin/alpine/ElectrostaticPIF/LandauDampingPIF[0x4e81cb]
[jwb1048:2946383] [16] /p/home/jusers/fischill1/juwels/ippl/build_fin/alpine/ElectrostaticPIF/LandauDampingPIF[0x585bfd]
[jwb1048:2946383] [17] /p/home/jusers/fischill1/juwels/ippl/build_fin/alpine/ElectrostaticPIF/LandauDampingPIF[0x6090d8]
[jwb1048:2946383] [18] /p/home/jusers/fischill1/juwels/ippl/build_fin/alpine/ElectrostaticPIF/LandauDampingPIF[0x6095b5]
[jwb1048:2946383] [19] /p/home/jusers/fischill1/juwels/ippl/build_fin/alpine/ElectrostaticPIF/LandauDampingPIF[0x60c8d1]
[jwb1048:2946383] [20] /p/home/jusers/fischill1/juwels/ippl/build_fin/alpine/ElectrostaticPIF/LandauDampingPIF[0x60d25b]
[jwb1048:2946383] [21] /p/home/jusers/fischill1/juwels/ippl/build_fin/alpine/ElectrostaticPIF/LandauDampingPIF[0x423759]
[jwb1048:2946383] [22] /usr/lib64/libc.so.6(+0x2a610)[0x1479f1fe4610]
[jwb1048:2946383] [23] /usr/lib64/libc.so.6(__libc_start_main+0x80)[0x1479f1fe46c0]
rs/fischill1/juwels/ippl/build_fin/_deps/kokkos-build/core/src/libkokkoscore.so.5.0(_ZNK6Kokkos9CudaSpace13impl_allocateEPKcmm28Kokkos_Profiling_SpaceHandle+0x219)[0x1469790a9319]
[jwb0678:426612] [10] /p/home/jusers/fischill1/juwels/ippl/build_fin/_deps/kokkos-build/core/src/libkokkoscore.so.5.0(_ZNK6Kokkos9CudaSpace8allocateEPKcmm+0x65)[0x1469790a9395]
[jwb0678:426612] [11] /p/home/jusers/fischill1/juwels/ippl/build_fin/_deps/kokkos-build/core/src/libkokkoscore.so.5.0(_ZN6Kokkos4Impl44HostInaccessibleSharedAllocationRecordCommonINS_9CudaSpaceEEC2ERKS2_RKNSt7__cxx1112basic_stringIcSt11char_traitsIcESaIcEEEmPFvPNS0_22SharedAllocationRecordIvvEEE+0x30)[0x1469790ab260]
[jwb0556:1623968] [21] /p/home/jusers/fischill1/juwels/ippl/build_fin/alpine/ElectrostaticPIF/LandauDampingPIF[0x423759]
[jwb0556:1623968] [22] /usr/lib64/libc.so.6(+0x2a610)[0x14cf15791610]
[jwb0556:1623968] [23] /usr/lib64/libc.so.6(__libc_start_main+0x80)[0x14cf157916c0]
[jwb0556:1623968] [24] /p/home/jusers/fischill1/juwels/ippl/build_fin/alpine/ElectrostaticPIF/LandauDampingPIF[0x425995]
[jwb0556:1623968] *** End of error message ***
rs/fischill1/juwels/ippl/build_fin/_deps/kokkos-build/core/src/libkokkoscore.so.5.0(_ZNK6Kokkos9CudaSpace13impl_allocateEPKcmm28Kokkos_Profiling_SpaceHandle+0x219)[0x14c5a1977319]
[jwb0701:507202] [10] /p/home/jusers/fischill1/juwels/ippl/build_fin/_deps/kokkos-build/core/src/libkokkoscore.so.5.0(_ZNK6Kokkos9CudaSpace8allocateEPKcmm+0x65)[0x14c5a1977395]
[jwb0573:798246] [16] /p/home/jusers/fischill1/juwels/ippl/build_fin/alp[jwb1027:733953] [20] /p/home/jusers/fischill1/juwels/ippl/build_fin/alpine/ElectrostaticPIF/LandauDampingPIF[0x60d25b]
[jwb1027:733953] [21] /p/home/jusers/fischill1/juwels/ippl/build_fin/alpine/ElectrostaticPIF/LandauDampingPIF[0x423759]
[jwb1027:733953] [22] /usr/lib64/libc.so.6(+0x2a610)[0x147243e34610]
[jwb1027:733953] [23] /usr/lib64/libc.so.6(__libc_start_main+0x80)[0x147243e346c0]
[jwb1027:733953] [24] /p/home/jusers/fischill1/juwels/ippl/build_fin/alpine/ElectrostaticPIF/LandauDampingPIF[0x425995]
[jwb1027:733953] *** End of error message ***
[jwb1034:3675052] [18] /p/home/jusers/fischill1/juwels/ippl/build_fin/alpine/ElectrostaticPIF/LandauDampingPIF[0x6095b5]
[jwb1034:3675052] [19] /p/home/jusers/fischill1/juwels/ippl/build_fin/alpine/ElectrostaticPIF/LandauDampingPIF[0x60c8d1]
[jwb1034:3675052] [20] /p/home/jusers/fischill1/juwels/ippl/build_fin/alpine/ElectrostaticPIF/LandauDampingPIF[0x60d25b]
[jwb1034:3675052] [21] /p/home/jusers/fischill1/juwels/ippl/build_fin/alpine/ElectrostaticPIF/LandauDampingPIF[0x423759]
[jwb1034:3675052] [22] /usr/lib64/libc.so.6(+0x2a610)[0x14ecaf371610]
[jwb1034:3675052] [23] /usr/lib64/libc.so.6(__libc_start_main+0x80)[0x14ecaf3716c0]
[jwb1034:3675052] [24] /p/home/jusers/fischill1/juwels/ippl/build_fin/alpine/ElectrostaticPIF/LandauDampingPIF[0x425995]
[jwb1034:3675052] *** End of error message ***
[jwb0567:3865291] [21] /p/home/jusers/fischill1/juwels/ippl/build_fin/alpine/ElectrostaticPIF/LandauDampingPIF[0x423759]
[jwb0567:3865291] [22] /usr/lib64/libc.so.6(+0x2a610)[0x14c5c2125610]
[jwb0567:3865291] [23] /usr/lib64/libc.so.6(__libc_start_main+0x80)[0x14c5c21256c0]
[jwb0567:3865291] [24] /p/home/jusers/fischill1/juwels/ippl/build_fin/alpine/ElectrostaticPIF/LandauDampingPIF[0x425995]
[jwb0567:3865291] *** End of error message ***
ll1/juwels/ippl/build_fin/alpine/ElectrostaticPIF/LandauDampingPIF[0x425995]
[jwb0031:1623414] *** End of error message ***
201003] [23] /usr/lib64/libc.so.6(__libc_start_main+0x80)[0x148049f206c0]
[jwb0777:2201003] [24] /p/home/jusers/fischill1/juwels/ippl/build_fin/alpine/ElectrostaticPIF/LandauDampingPIF[0x425995]
[jwb0777:2201003] *** End of error message ***
  what():  Kokkos ERROR: Cuda memory space failed to allocate 602.3 MiB (label="perm_out").
[jwb0984:2430496] *** End of error message ***
/home/jusers/fischill1/juwels/ippl/build_fin/_deps/kokkos-build/core/src/libkokkoscore.so.5.0(_ZNK6Kokkos9CudaSpace13impl_allocateEPKcmm28Kokkos_Profiling_SpaceHandle+0x219)[0x153a3bbba319]
[jwb0792:2510150] [10] /p/home/jusers/fischill1/juwels/ippl/build_fin/_deps/kokkos-build/core/src/libkokkoscore.so.5.0(_ZNK6Kokkos9CudaSpace8allocateEPKcmm+0x65)[0x153a3bbba395]
[jwb0792:2510150] [11] /p/home/jusers/fischill1/juwels/ippl/build_fin/_deps/kokkos-build/core/src/libkokkoscore.so.5.0(_ZN6Kokkos4Impl44HostInaccessibleSharedAllocationRecordCommonINS_9CudaSpaceEEC2ERKS2_RKNSt7__cxx1112basic_stringIcSt11char_traitsIcESaIcEEEmPFvPNS0_22SharedAllocationRecordIvvEEE+0x30)[0x153a3bbbc260]
[jwb0792:2510150] [12] /p/home/jusers/fischill1/juwels/ippl/build_fin/alpine/ElectrostaticPIF/LandauDampingPIF[0x4aa864]
[jwb0792:2510150] [13] /p/home/jusers/fischill1/juwels/ippl/build_fin/alpine/ElectrostaticPIF/LandauDampingPIF[0x4aae5e]
[jwb0791:1206582] [15] /p/home/jusers/fischill1/juwels/ippl/build_fin/alpine/ElectrostaticPIF/LandauDampingPIF[0x4e81cb]
[jwb0791:1206582] [16] /p/home/jusers/fischill1/juwels/ippl/build_fin/alpine/ElectrostaticPIF/LandauDampingPIF[0x585bfd]
[jwb0791:1206582] [17] /p/home/jusers/fischill1/juwels/ippl/build_fin/alpine/ElectrostaticPIF/LandauDampingPIF[0x6090d8]
[jwb0791:1206582] [18] /p/home/jusers/fischill1/juwels/ippl/build_fin/alpine/ElectrostaticPIF/LandauDampingPIF[0x6095b5]
[jwb0791:1206582] [19] /p/home/jusers/fischill1/juwels/ippl/build_fin/alpine/ElectrostaticPIF/LandauDampingPIF[0x60c8d1]
[jwb1109:2838550] [24] /p/home/jusers/fischi[jwb0986:230221] [16] /p/home/jusers/fischill1/juwels/ippl/build_fin/alpine/ElectrostaticPIF/LandauDampingPIF[0x585bfd]
[jwb0986:230221] [17] /p/home/jusers/fischill1/juwels/ippl/build_fin/alpine/ElectrostaticPIF/LandauDampingPIF[0x6090d8]
[jwb0986:230221] [18] /p/home/jusers/fischill1/juwels/ippl/build_fin/alpine/ElectrostaticPIF/LandauDampingPIF[0x6095b5]
[jwb1048:2946383] [24] /p/home/jusers/fischirs/fischill1/juwels/ippl/build_fin/_deps/kokkos-build/core/src/libkokkoscore.so.5.0(_ZNK6Kokkos9CudaSpace13impl_allocateEPKcmm28Kokkos_Profiling_SpaceHandle+0x219)[0x14cf309bc319]
[jwb0678:426615] [10] /p/home/jusers/fischill1/juwels/ippl/build_fin/_deps/kokkos-build/core/src/libkokkoscore.so.5.0(_ZNK6Kokkos9CudaSpace8allocateEPKcmm+0x65)[0x14cf309bc395]
[jwb0678:426615] [11] /p/home/jusers/fischill1/juwels/ippl/build_fin/_deps/kokkos-build/core/src/libkokkoscore.so.5.0(_ZN6Kokkos4Impl44HostInaccessibleSharedAllocationRecordCommonINS_9CudaSpaceEEC2ERKS2_RKNSt7__cxx1112basic_stringIcSt11char_traitsIcESaIcEEEmPFvPNS0_22SharedAllocationRecordIvvEEE+0x30)[0x14cf309be260]
[jwb0678:426615] [12] /p/home/jusers/fischill1/juwels/ippl/build_fin/alpine/ElectrostaticPIF/LandauDampingPIF[0x49cd3a]
[jwb0678:426615] [13] /p/home/jusers/fischill1/juwels/ippl/build_fin/alpine/ElectrostaticPIF/LandauDampingPIF[0x4d0480]
rs/fischill1/juwels/ippl/build_fin/_deps/kokkos-build/core/src/libkokkoscore.so.5.0(_ZNK6Kokkos9CudaSpace13impl_allocateEPKcmm28Kokkos_Profiling_SpaceHandle+0x219)[0x14a0044bc319]
[jwb0701:507201] [10] /p/home/jusers/fischill1/juwels/ippl/build_fin/_deps/kokkos-build/core/src/libkokkoscore.so.5.0(_ZNK6Kokkos9CudaSpace8allocateEPKcmm+0x65)[0x14a0044bc395]
[jwb0701:507201] [11] /p/home/jusers/fischill1/juwels/ippl/build_fin/_deps/kokkos-build/core/src/libkokkoscore.so.5.0(_ZN6Kokkos4Impl44HostInaccessibleSharedAllocationRecordCommonINS_9CudaSpaceEEC2ERKS2_RKNSt7__cxx1112basic_stringIcSt11char_traitsIcESaIcEEEmPFvPNS0_22SharedAllocationRecordIvvEEE+0x30)[0x14a0044be260]
[jwb0701:507201] [12] /p/home/jusers/fischill1/juwels/ippl/build_fin/alpine/ElectrostaticPIF/LandauDampingPIF[0x4aa864]
[jwb0701:507201] [13] /p/home/jusers/fischill1/juwels/ippl/build_fin/alpine/ElectrostaticPIF/LandauDampingPIF[0x4aae5e]
[jwb0573:798245] [21] /usr/lib64/libc.so.6(+0x2a610)[0x152aa4882610]
[jwb0573:798245] [22] /usr/lib64/libc.so.6(__libc_start_main+0x80)[0x152aa48826c0]
[jwb0573:798245] [23] /p/home/jusers/fischill1/juwels/ippl/build_fin/alpine/ElectrostaticPIF/LandauDampingPIF[0x425995]
[jwb0573:798245] *** End of error message ***
7]
[jwb1034:3675054] [15] /p/home/jusers/fischill1/juwels/ippl/build_fin/alpine/ElectrostaticPIF/LandauDampingPIF[0x4e81cb]
[jwb1034:3675054] [16] /p/home/jusers/fischill1/juwels/ippl/build_fin/alpine/ElectrostaticPIF/LandauDampingPIF[0x585bfd]
[jwb1034:3675054] [17] /p/home/jusers/fischill1/juwels/ippl/build_fin/alpine/ElectrostaticPIF/LandauDampingPIF[0x6090d8]
[jwb1034:3675054] [18] /p/home/jusers/fischill1/juwels/ippl/build_fin/alpine/ElectrostaticPIF/LandauDampingPIF[0x6095b5]
[jwb1034:3675054] [19] /p/home/jusers/fischill1/juwels/ippl/build_fin/alpine/ElectrostaticPIF/LandauDampingPIF[0x60c8d1]
[jwb1034:3675054] [20] /p/home/jusers/fischill1/juwels/ippl/build_fin/alpine/ElectrostaticPIF/LandauDampingPIF[0x60d25b]
[jwb1034:3675054] [21] /p/home/jusers/fischill1/juwels/ippl/build_fin/alpine/ElectrostaticPIF/LandauDampingPIF[0x423759]
[jwb1034:3675054] [22] /usr/lib64/libc.so.6(+0x2a610)[0x1530e8875610]
[jwb1034:3675054] [23] /usr/lib64/libc.so.6(__libc_start_main+0x80)[0x1530e88756c0]
[jwb0567:3865290] [18] /p/home/jusers/fischill1/juwels/ippl/build_fin/alpine/ElectrostaticPIF/LandauDampingPIF[0x6095b5]
[jwb0567:3865290] [19] /p/home/jusers/fischill1/juwels/ippl/build_fin/alpine/ElectrostaticPIF/LandauDampingPIF[0x60c8d1]
[jwb0567:3865290] [20] /p/home/jusers/fischill1/juwels/ippl/build_fin/alpine/ElectrostaticPIF/LandauDampingPIF[0x60d25b]
[jwb0567:3865290] [21] /p/home/jusers/fischill1/juwels/ippl/build_fin/alpine/ElectrostaticPIF/LandauDampingPIF[0x423759]
[jwb0031:1623417] [12] /p/home/jusers/fischill1/juwels/ippl/build_fin/alpine/ElectrostaticPIF/LandauDampingPIF[0x4aa864]
[jwb0031:1623417] [13] /p/home/jusers/fischill1/juwels/ippl/build_fin/alpine/ElectrostaticPIF/LandauDampingPIF[0x4aae5e]
[jwb0031:1623417] [14] /p/home/jusers/fischill1/juwels/ippl/build_fin/alpine/ElectrostaticPIF/LandauDampingPIF[0x4cf907]
[jwb0031:1623417] [15] /p/home/jusers/fischill1/juwels/ippl/build_fin/alpine/ElectrostaticPIF/LandauDampingPIF[0x4e81cb]
[jwb0031:1623417] [16] /p/home/jusers/fischill1/juwels/ippl/build_fin/alpine/ElectrostaticPIF/LandauDampingPIF[0x585bfd]
[jwb0031:1623417] [17] /p/home/jusers/fischill1/juwels/ippl/build_fin/alpine/ElectrostaticPIF/LandauDampingPIF[0x6090d8]
[jwb0777:2201002] [19] /p/home/jusers/fischill1/juwels/ippl/build_fin/alpine/ElectrostaticPIF/LandauDampingPIF[0x60c8d1]
[jwb0777:2201002] [20] /p/home/jusers/fischill1/juwels/ippl/build_fin/alpine/ElectrostaticPIF/LandauDampingPIF[0x60d25b]
[jwb0777:2201002] [21] /p/home/jusers/fischill1/juwels/ippl/build_fin/alpine/ElectrostaticPIF/LandauDampingPIF[0x423759]
[jwb0777:2201002] [22] /usr/lib64/libc.so.6(+0x2a610)[0x149512ef7610]
[jwb0777:2201002] [23] /usr/lib64/libc.so.6(__libc_start_main+0x80)[0x149512ef76c0]
[jwb0777:2201002] [24] /p/home/jusers/fischill1/juwels/ippl/build_fin/alpine/ElectrostaticPIF/LandauDampingPIF[0x425995]
[jwb0777:2201002] *** End of error message ***
  what():  Kokkos ERROR: Cuda memory space failed to allocate 1.067 GiB (label="temp_storage").
[jwb0792:2510150] [14] /p/home/jusers/fischill1/juwels/ippl/build_fin/alpine/ElectrostaticPIF/LandauDampingPIF[0x4cf90/home/jusers/fischill1/juwels/ippl/build_fin/_deps/kokkos-build/core/src/libkokkoscore.so.5.0(_ZNK6Kokkos9CudaSpace13impl_allocateEPKcmm28Kokkos_Profiling_SpaceHandle+0x219)[0x150238398319]
[jwb0791:1206581] [10] /p/home/jusers/fischill1/juwels/ippl/build_fin/_deps/kokkos-build/core/src/libkokkoscore.so.5.0(_ZNK6Kokkos9CudaSpace8allocateEPKcmm+0x65)[0x150238398395]
[jwb0791:1206581] [11] /p/home/jusers/fischill1/juwels/ippl/build_fin/_deps/kokkos-build/core/src/libkokkoscore.so.5.0(_ZN6Kokkos4Impl44HostInaccessibleSharedAllocationRecordCommonINS_9CudaSpaceEEC2ERKS2_RKNSt7__cxx1112basic_stringIcSt11char_traitsIcESaIcEEEmPFvPNS0_22SharedAllocationRecordIvvEEE+0x30)[0x15023839a260]
[jwb0791:1206581] [12] /p/home/jusers/fischill1/juwels/ippl/build_fin/alpine/ElectrostaticPIF/LandauDampingPIF[0x49cd3a]
[jwb0791:1206581] [13] /p/home/jusers/fischill1/juwels/ippl/build_fin/alpine/ElectrostaticPIF/LandauDampingPIF[0x4d0480]
ll1/juwels/ippl/build_fin/alpine/ElectrostaticPIF/LandauDampingPIF[0x425995]
[jwb1109:2838550] *** End of error message ***
[jwb0986:230221] [19] /p/home/jusers/fischill1/juwels/ippl/build_fin/alpine/ElectrostaticPIF/LandauDampingPIF[0x60c8d1]
[jwb0986:230221] [20] /p/home/jusers/fischill1/juwels/ippl/build_fin/alpine/ElectrostaticPIF/LandauDampingPIF[0x60d25b]
[jwb0986:230221] [21] /p/home/jusers/fischill1/juwels/ippl/build_fin/alpine/ElectrostaticPIF/LandauDampingPIF[0x423759]
[jwb0986:230221] [22] /usr/lib64/libc.so.6(+0x2a610)[0x1541c3ddf610]
[jwb0986:230221] [23] /usr/lib64/libc.so.6(__libc_start_main+0x80)[0x1541c3ddf6c0]
[jwb0986:230221] [24] /p/home/jusers/fischill1/juwels/ippl/build_fin/alpine/ElectrostaticPIF/LandauDampingPIF[0x425995]
[jwb0986:230221] *** End of error message ***
/juwels/ippl/build_fin/alpine/ElectrostaticPIF/LandauDampingPIF[0x425995]
[jwb1048:2946384] *** End of error message ***
[jwb0678:426614] [ 0] /usr/lib64/libc.so.6(+0x3fc30)[0x1464f2fdbc30]
[jwb0678:426614] [ 1] /usr/lib64/libc.so.6(+0x8d02c)[0x1464f302902c]
[jwb0678:426614] [ 2] /usr/lib64/libc.so.6(raise+0x16)[0x1464f2fdbb86]
[jwb0678:426614] [ 3] /usr/lib64/libc.so.6(abort+0xd3)[0x1464f2fc5873]
[jwb0678:426614] [ 4] /p/software/default/stages/2026/software/GCCcore/14.3.0/lib64/libstdc++.so.6(+0xadc3d)[0x1464f3280c3d]
[jwb0678:426614] [ 5] /p/software/default/stages/2026/software/GCCcore/14.3.0/lib64/libstdc++.so.6(+0xbf14a)[0x1464f329214a]
[jwb0678:426614] [ 6] /p/software/default/stages/2026/software/GCCcore/14.3.0/lib64/libstdc++.so.6(_ZSt10unexpectedv+0x0)[0x1464f32807e9]
[jwb0678:426614] [ 7] /p/software/default/stages/2026/software/GCCcore/14.3.0/lib64/libstdc++.so.6(+0xbf3c7)[0x1464f32923c7]
[jwb0678:426614] [ 8] /p/home/jusers/fischill1/juwels/ippl/build_fin/_deps/kokkos-build/core/src/libkokkoscore.so.5.0(_ZN6Kokkos4Impl15throw_bad_allocESt17basic_string_viewIcSt11char_traitsIcEEmS4_+0x115)[0x1464f3720e05]
[jwb0701:507201] [14] /p/home/jusers/fischill1/juwels/ippl/build_fin/alpine/ElectrostaticPIF/LandauDampingPIF[0x4cf907]
[jwb0701:507ine/ElectrostaticPIF/LandauDampingPIF[0x585bfd]
[jwb0573:798246] [17] /p/home/jusers/fischill1/juwels/ippl/build_fin/alpine/ElectrostaticPIF/LandauDampingPIF[0x6090d8]
[jwb0573:798246] [18] /p/home/jusers/fischill1/juwels/ippl/build_fin/alpine/ElectrostaticPIF/LandauDampingPIF[0x6095b5]
[jwb0573:798246] [19] /p/home/jusers/fischill1/juwels/ippl/build_fin/alpine/ElectrostaticPIF/LandauDampingPIF[0x60c8d1]
[jwb0573:798246] [20] /p/home/jusers/fischill1/juwels/ippl/build_fin/alpine/ElectrostaticPIF/LandauDampingPIF[0x60d25b]
[jwb0573:798246] [21] /p/home/jusers/fischill1/juwels/ippl/build_fin/alpine/ElectrostaticPIF/LandauDampingPIF[0x423759]
[jwb0573:798246] [22] /usr/lib64/libc.so.6(+0x2a610)[0x14948d2f0610]
[jwb0573:798246] [23] /usr/lib64/libc.so.6(__libc_start_main+0x80)[0x14948d2f06c0]
[jwb0573:798246] [24] /p/home/jusers/fischill1/juwels/ippl/build_fin/alpine/ElectrostaticPIF/LandauDampingPIF[0x425995]
[jwb0573:798246] *** End of error message ***
[jwb1034:3675054] [24] /p/home/jusers/fischi/juwels/ippl/build_fin/alpine/ElectrostaticPIF/LandauDampingPIF[0x425995]
[jwb0567:3865293] *** End of error message ***
[jwb0031:1623417] [18] /p/home/jusers/fischill1/juwels/ippl/build_fin/alpine/ElectrostaticPIF/LandauDampingPIF[0x6095b5]
[jwb0031:1623417] [19] /p/home/jusers/fischill1/juwels/ippl/build_fin/alpine/ElectrostaticPIF/LandauDampingPIF[0x60c8d1]
[jwb0031:1623417] [20] /p/home/jusers/fischill1/juwels/ippl/build_fin/alpine/ElectrostaticPIF/LandauDampingPIF[0x60d25b]
[jwb0031:1623417] [21] /p/home/jusers/fischill1/juwels/ippl/build_fin/alpine/ElectrostaticPIF/LandauDampingPIF[0x423759]
[jwb0031:1623417] [22] /usr/lib64/libc.so.6(+0x2a610)[0x149f78a0f610]
[jwb0031:1623417] [23] /usr/lib64/libc.so.6(__libc_start_main+0x80)[0x149f78a0f6c0]
[jwb0031:1623417] [24] /p/home/jusers/fischill1/juwels/ippl/build_fin/alpine/ElectrostaticPIF/LandauDampingPIF[0x425995]
[jwb0031:1623417] *** End of error message ***
7]
[jwb0777:2201001] [15] /p/home/jusers/fischill1/juwels/ippl/build_fin/alpine/ElectrostaticPIF/LandauDampingPIF[0x4e81cb]
[jwb0777:2201001] [16] /p/home/jusers/fischill1/juwels/ippl/build_fin/alpine/ElectrostaticPIF/LandauDampingPIF[0x585bfd]
[jwb0777:2201001] [17] /p/home/jusers/fischill1/juwels/ippl/build_fin/alpine/ElectrostaticPIF/LandauDampingPIF[0x6090d8]
[jwb0777:2201001] [18] /p/home/jusers/fischill1/juwels/ippl/build_fin/alpine/ElectrostaticPIF/LandauDampingPIF[0x6095b5]
[jwb0777:2201001] [19] /p/home/jusers/fischill1/juwels/ippl/build_fin/alpine/ElectrostaticPIF/LandauDampingPIF[0x60c8d1]
[jwb0777:2201001] [20] /p/home/jusers/fischill1/juwels/ippl/build_fin/alpine/ElectrostaticPIF/LandauDampingPIF[0x60d25b]
[jwb0777:2201001] [21] /p/home/jusers/fischill1/juwels/ippl/build_fin/alpine/ElectrostaticPIF/LandauDampingPIF[0x423759]
[jwb0777:2201001] [22] /usr/lib64/libc.so.6(+0x2a610)[0x14b283d91610]
[jwb0777:2201001] [23] /usr/lib64/libc.so.6(__libc_start_main+0x80)[0x14b283d916c0]
  what():  Kokkos ERROR: Cuda memory space failed to allocate 642 MiB (label="keys_out").
[jwb0792:2510151] [19] /p/home/jusers/fischill1/juwels/ippl/build_fin/alpine/ElectrostaticPIF/LandauDampingPIF[0x60c8d1]
[jwb0792:2510151] [20] /p/home/jusers/fischill1/juwels/ippl/build_fin/alpine/ElectrostaticPIF/LandauDampingPIF[0x60d25b]
[jwb0792:2510151] [21] /p/home/jusers/fischill1/juwels/ippl/build_fin/alpine/ElectrostaticPIF/LandauDampingPIF[0x423759]
[jwb0792:2510151] [22] /usr/lib64/libc.so.6(+0x2a610)[0x14817b7c7610]
[jwb0792:2510151] [23] /usr/lib64/libc.so.6(__libc_start_main+0x80)[0x14817b7c76c0]
[jwb0792:2510151] [24] /p/home/jusers/fischill1/juwels/ippl/build_fin/alpine/ElectrostaticPIF/LandauDampingPIF[0x425995]
[jwb0792:2510151] *** End of error message ***
[jwb0791:1206581] [14] /p/home/jusers/fischill1/juwels/ippl/build_fin/alpine/ElectrostaticPIF/LandauDampingPIF[0x4e81cll1/juwels/ippl/build_fin/alpine/ElectrostaticPIF/LandauDampingPIF[0x425995]
[jwb1048:2946383] *** End of error message ***
[jwb0678:426614] [ 9] /p/home/jusers/fischill1/juwels/ippl/build_fin/_deps/kokkos-build/core/src/libkokkoscore.so.5.0(_ZNK6Kokkos9CudaSpace13impl_allocateEPKcmm28Kokkos_Profiling_SpaceHandle+0x219)[0x14c552fe6319]
[jwb0701:507200] [10] /p/home/jusers/fischill1/juwels/ippl/build_fin/_deps/kokkos-build/core/src/libkokkoscore.so.5.0(_ZNK6Kokkos9CudaSpace8allocateEPKcmm+0x65)[0x14c552fe6395]
[jwb0701:507200] [11] /p/home/jusers/fischill1/juwels/ippl/build_fin/_deps/kokkos-build/core/src/libkokkoscore.so.5.0(_ZN6Kokkos4Impl44HostInaccessibleSharedAllocationRecordCommonINS_9CudaSpaceEEC2ERKS2_RKNSt7__cxx1112basic_stringIcSt11char_traitsIcESaIcEEEmPFvPNS0_22SharedAllocationRecordIvvEEE+0x30)[0x14c552fe8260]
[jwb0701:507200] [12] /p/home/jusers/fischill1/juwels/ippl/build_fin/alpine/ElectrostaticPIF/LandauDampingPIF[0x4aa864]
[jwb0701:507200] [13] /p/home/jusers/fischill1/juwels/ippl/build_fin/alpine/ElectrostaticPIF/LandauDampingPIF[0x4aaf61]
fin/alpine/ElectrostaticPIF/LandauDampingPIF[0x585bfd]
[jwb1034:3675055] [17] /p/home/jusers/fischill1/juwels/ippl/build_fin/alpine/ElectrostaticPIF/LandauDampingPIF[0x6090d8]
[jwb1034:3675055] [18] /p/home/jusers/fischill1/juwels/ippl/build_fin/alpine/ElectrostaticPIF/LandauDampingPIF[0x6095b5]
[jwb1034:3675055] [19] /p/home/jusers/fischill1/juwels/ippl/build_fin/alpine/ElectrostaticPIF/LandauDampingPIF[0x60c8d1]
[jwb1034:3675055] [20] /p/home/jusers/fischill1/juwels/ippl/build_fin/alpine/ElectrostaticPIF/LandauDampingPIF[0x60d25b]
[jwb1034:3675055] [21] /p/home/jusers/fischill1/juwels/ippl/build_fin/alpine/ElectrostaticPIF/LandauDampingPIF[0x423759]
[jwb1034:3675055] [22] /usr/lib64/libc.so.6(+0x2a610)[0x154198aaf610]
[jwb1034:3675055] [23] /usr/lib64/libc.so.6(__libc_start_main+0x80)[0x154198aaf6c0]
[jwb1034:3675055] [24] /p/home/jusers/fischill1/juwels/ippl/build_fin/alpine/ElectrostaticPIF/LandauDampingPIF[0x425995]
[jwb1034:3675055] *** End of error message ***
[jwb0777:2201001] [24] /p/home/jusers/fischi  what():  Kokkos ERROR: Cuda memory space failed to allocate 624.7 MiB (label="perm_out").
[jwb0792:2510153] [19] /p/home/jusers/fischill1/juwels/ippl/build_fin/alpine/ElectrostaticPIF/LandauDampingPIF[0x60c8d1]
[jwb0792:2510153] [20] /p/home/jusers/fischill1/juwels/ippl/build_fin/alpine/ElectrostaticPIF/LandauDampingPIF[0x60d25b]
[jwb0792:2510153] [21] /p/home/jusers/fischill1/juwels/ippl/build_fin/alpine/ElectrostaticPIF/LandauDampingPIF[0x423759]
[jwb0792:2510153] [22] /usr/lib64/libc.so.6(+0x2a610)[0x1457d2e5e610]
[jwb0792:2510153] [23] /usr/lib64/libc.so.6(__libc_start_main+0x80)[0x1457d2e5e6c0]
[jwb0792:2510153] [24] /p/home/jusers/fischill1/juwels/ippl/build_fin/alpine/ElectrostaticPIF/LandauDampingPIF[0x425995]
[jwb0792:2510153] *** End of error message ***
[jwb0791:1206582] [20] /p/home/jusers/fischill1/juwels/ippl/build_fin/alpine/ElectrostaticPIF/LandauDampingPIF[0x60d25b]
[jwb0791:1206582] [21] /p/home/jusers/fischill1/juwels/ippl/build_fin/alpine/ElectrostaticPIF/LandauDampingPIF[0x423759]
[jwb0791:1206582] [22] /usr/lib64/libc.so.6(+0x2a610)[0x152ac0d5e610]
[jwb0791:1206582] [23] /usr/lib64/libc.so.6(__libc_start_main+0x80)[0x152ac0d5e6c0]
[jwb0791:1206582] [24] /p/home/jusers/fischill1/juwels/ippl/build_fin/alpine/ElectrostaticPIF/LandauDampingPIF[0x425995]
[jwb0791:1206582] *** End of error message ***
[jwb0678:426613] [ 0] /usr/lib64/libc.so.6(+0x3fc30)[0x14b4123cac30]
[jwb0678:426613] [ 1] /usr/lib64/libc.so.6(+0x8d02c)[0x14b41241802c]
[jwb0678:426613] [ 2] /usr/lib64/libc.so.6(raise+0x16)[0x14b4123cab86]
[jwb0678:426613] [ 3] /usr/lib64/libc.so.6(abort+0xd3)[0x14b4123b4873]
[jwb0678:426613] [ 4] /p/software/default/stages/2026/software/GCCcore/14.3.0/lib64/libstdc++.so.6(+0xadc3d)[0x14b41266fc3d]
[jwb0678:426613] [ 5] /p/software/default/stages/2026/software/GCCcore/14.3.0/lib64/libstdc++.so.6(+0xbf14a)[0x14b41268114a]
[jwb0678:426613] [ 6] /p/software/default/stages/2026/software/GCCcore/14.3.0/lib64/libstdc++.so.6(_ZSt10unexpectedv+0x0)[0x14b41266f7e9]
[jwb0678:426613] [ 7] /p/software/default/stages/2026/software/GCCcore/14.3.0/lib64/libstdc++.so.6(+0xbf3c7)[0x14b4126813c7]
[jwb0678:426613] [ 8] /p/home/jusers/fischill1/juwels/ippl/build_fin/_deps/kokkos-build/core/src/libkokkoscore.so.5.0(_ZN6Kokkos4Impl15throw_bad_allocESt17basic_string_viewIcSt11char_traitsIcEEmS4_+0x115)[0x14b412b0fe05]
[jwb0701:507200] [14] /p/home/jusers/fischill1/juwels/ippl/build_fin/alpine/ElectrostaticPIF/LandauDampingPIF[0x4cf907]
[jwb0701:507ll1/juwels/ippl/build_fin/alpine/ElectrostaticPIF/LandauDampingPIF[0x425995]
[jwb1034:3675054] *** End of error message ***
[jwb0567:3865292] [17] /p/home/jusers/fischill1/juwels/ippl/build_fin/alpine/ElectrostaticPIF/LandauDampingPIF[0x6090d8]
[jwb0567:3865292] [18] /p/home/jusers/fischill1/juwels/ippl/build_fin/alpine/ElectrostaticPIF/LandauDampingPIF[0x6095b5]
[jwb0567:3865292] [19] /p/home/jusers/fischill1/juwels/ippl/build_fin/alpine/ElectrostaticPIF/LandauDampingPIF[0x60c8d1]
[jwb0567:3865292] [20] /p/home/jusers/fischill1/juwels/ippl/build_fin/alpine/ElectrostaticPIF/LandauDampingPIF[0x60d25b]
[jwb0567:3865292] [21] /p/home/jusers/fischill1/juwels/ippl/build_fin/alpine/ElectrostaticPIF/LandauDampingPIF[0x423759]
7]
[jwb0777:2201004] [15] /p/home/jusers/fischill1/juwels/ippl/build_fin/alpine/ElectrostaticPIF/LandauDampingPIF[0x4e81cb]
[jwb0777:2201004] [16] /p/home/jusers/fischill1/juwels/ippl/build_fin/alpine/ElectrostaticPIF/LandauDampingPIF[0x585bfd]
[jwb0777:2201004] [17] /p/home/jusers/fischill1/juwels/ippl/build_fin/alpine/ElectrostaticPIF/LandauDampingPIF[0x6090d8]
[jwb0777:2201004] [18] /p/home/jusers/fischill1/juwels/ippl/build_fin/alpine/ElectrostaticPIF/LandauDampingPIF[0x6095b5]
[jwb0777:2201004] [19] /p/home/jusers/fischill1/juwels/ippl/build_fin/alpine/ElectrostaticPIF/LandauDampingPIF[0x60c8d1]
[jwb0777:2201004] [20] /p/home/jusers/fischill1/juwels/ippl/build_fin/alpine/ElectrostaticPIF/LandauDampingPIF[0x60d25b]
[jwb0777:2201004] [21] /p/home/jusers/fischill1/juwels/ippl/build_fin/alpine/ElectrostaticPIF/LandauDampingPIF[0x423759]
[jwb0777:2201004] [22] /usr/lib64/libc.so.6(+0x2a610)[0x1511500e1610]
[jwb0777:2201004] [23] /usr/lib64/libc.so.6(__libc_start_main+0x80)[0x1511500e16c0]
[jwb0693:891508] *** Process received signal ***
[jwb0693:891508] Signal: Aborted (6)
[jwb0693:891508] Signal code:  (-6)
[jwb0792:2510152] [21] /usr/lib64/libc.so.6(+0x2a610)[0x14cbad6ef610]
[jwb0792:2510152] [22] /usr/lib64/libc.so.6(__libc_start_main+0x80)[0x14cbad6ef6c0]
[jwb0792:2510152] [23] /p/home/jusers/fischill1/juwels/ippl/build_fin/alpine/ElectrostaticPIF/LandauDampingPIF[0x425995]
[jwb0792:2510152] *** End of error message ***
b]
[jwb0791:1206581] [15] /p/home/jusers/fischill1/juwels/ippl/build_fin/alpine/ElectrostaticPIF/LandauDampingPIF[0x585bfd]
[jwb0791:1206581] [16] /p/home/jusers/fischill1/juwels/ippl/build_fin/alpine/ElectrostaticPIF/LandauDampingPIF[0x6090d8]
[jwb0791:1206581] [17] /p/home/jusers/fischill1/juwels/ippl/build_fin/alpine/ElectrostaticPIF/LandauDampingPIF[0x6095b5]
[jwb0678:426613] [ 9] /p/home/juse[jwb0701:507199] [ 0] /usr/lib64/libc.so.6(+0x3fc30)[0x149c38b27c30]
[jwb0701:507199] [ 1] /usr/lib64/libc.so.6(+0x8d02c)[0x149c38b7502c]
[jwb0701:507199] [ 2] /usr/lib64/libc.so.6(raise+0x16)[0x149c38b27b86]
[jwb0701:507199] [ 3] /usr/lib64/libc.so.6(abort+0xd3)[0x149c38b11873]
[jwb0701:507199] [ 4] /p/software/default/stages/2026/software/GCCcore/14.3.0/lib64/libstdc++.so.6(+0xadc3d)[0x149c38dccc3d]
[jwb0701:507199] [ 5] /p/software/default/stages/2026/software/GCCcore/14.3.0/lib64/libstdc++.so.6(+0xbf14a)[0x149c38dde14a]
[jwb0701:507199] [ 6] /p/software/default/stages/2026/software/GCCcore/14.3.0/lib64/libstdc++.so.6(_ZSt10unexpectedv+0x0)[0x149c38dcc7e9]
[jwb0701:507199] [ 7] /p/software/default/stages/2026/software/GCCcore/14.3.0/lib64/libstdc++.so.6(+0xbf3c7)[0x149c38dde3c7]
[jwb0701:507199] [ 8] /p/home/jusers/fischill1/juwels/ippl/build_fin/_deps/kokkos-build/core/src/libkokkoscore.so.5.0(_ZN6Kokkos4Impl15throw_bad_allocESt17basic_string_viewIcSt11char_traitsIcEEmS4_+0x115)[0x149c3926ce05]
[jwb0567:3865290] [22] /usr/lib64/libc.so.6(+0x2a610)[0x15241505e610]
[jwb0567:3865290] [23] /usr/lib64/libc.so.6(__libc_start_main+0x80)[0x15241505e6c0]
[jwb0567:3865290] [24] /p/home/jusers/fischill1/juwels/ippl/build_fin/alpine/ElectrostaticPIF/LandauDampingPIF[0x425995]
[jwb0567:3865290] *** End of error message ***
[jwb0777:2201004] [24] /p/home/jusers/fischi[jwb0693:891506] *** Process received signal ***
[jwb0693:891506] Signal: Aborted (6)
[jwb0693:891506] Signal code:  (-6)
7]
[jwb0792:2510150] [15] /p/home/jusers/fischill1/juwels/ippl/build_fin/alpine/ElectrostaticPIF/LandauDampingPIF[0x4e81cb]
[jwb0792:2510150] [16] /p/home/jusers/fischill1/juwels/ippl/build_fin/alpine/ElectrostaticPIF/LandauDampingPIF[0x585bfd]
[jwb0792:2510150] [17] /p/home/jusers/fischill1/juwels/ippl/build_fin/alpine/ElectrostaticPIF/LandauDampingPIF[0x6090d8]
[jwb0792:2510150] [18] /p/home/jusers/fischill1/juwels/ippl/build_fin/alpine/ElectrostaticPIF/LandauDampingPIF[0x6095b5]
[jwb0792:2510150] [19] /p/home/jusers/fischill1/juwels/ippl/build_fin/alpine/ElectrostaticPIF/LandauDampingPIF[0x60c8d1]
[jwb0792:2510150] [20] /p/home/jusers/fischill1/juwels/ippl/build_fin/alpine/ElectrostaticPIF/LandauDampingPIF[0x60d25b]
[jwb0792:2510150] [21] /p/home/jusers/fischill1/juwels/ippl/build_fin/alpine/ElectrostaticPIF/LandauDampingPIF[0x423759]
[jwb0792:2510150] [22] /usr/lib64/libc.so.6(+0x2a610)[0x153a3b44d610]
[jwb0792:2510150] [23] /usr/lib64/libc.so.6(__libc_start_main+0x80)[0x153a3b44d6c0]
[jwb0791:1206581] [18] /p/home/jusers/fischill1/juwels/ippl/build_fin/alpine/ElectrostaticPIF/LandauDampingPIF[0x60c8d1]
[jwb0791:1206581] [19] /p/home/jusers/fischill1/juwels/ippl/build_fin/alpine/ElectrostaticPIF/LandauDampingPIF[0x60d25b]
[jwb0791:1206581] [20] /p/home/jusers/fischill1/juwels/ippl/build_fin/alpine/ElectrostaticPIF/LandauDampingPIF[0x423759]
[jwb0791:1206581] [21] /usr/lib64/libc.so.6(+0x2a610)[0x150237c2b610]
[jwb0791:1206581] [22] /usr/lib64/libc.so.6(__libc_start_main+0x80)[0x150237c2b6c0]
[jwb0791:1206581] [23] /p/home/jusers/fischill1/juwels/ippl/build_fin/alpine/ElectrostaticPIF/LandauDampingPIF[0x425995]
[jwb0791:1206581] *** End of error message ***
[jwb0678:426612] [12] /p/home/jusers/fischill1/juwels/ippl/build_fin/alpine/ElectrostaticPIF/LandauDampingPIF[0x49cd3a]
[jwb0678:426612] [13] /p/home/jusers/fischill1/juwels/ippl/build_fin/alpine/ElectrostaticPIF/LandauDampingPIF[0x4d0480]
[jwb0678:426612] [14] /p/home/jusers/fischill1/juwels/ippl/build_fin/alpine/ElectrostaticPIF/LandauDampingPIF[0x4e81cb]
[jwb0678:426612] [15] /p/home/jusers/fischill1/juwels/ippl/build_fin/alpine/ElectrostaticPIF/LandauDampingPIF[0x585bfd]
[jwb0678:426612] [16] /p/home/jusers/fischill1/juwels/ippl/build_fin/alpine/ElectrostaticPIF/LandauDampingPIF[0x6090d8]
[jwb0678:426612] [17] /p/home/jusers/fischill1/juwels/ippl/build_fin/alpine/ElectrostaticPIF/LandauDampingPIF[0x6095b5]
[jwb0678:426612] [18] /p/home/jusers/fischill1/juwels/ippl/build_fin/alpine/ElectrostaticPIF/LandauDampingPIF[0x60c8d1]
[jwb0678:426612] [19] /p/home/jusers/fischill1/juwels/ippl/build_fin/alpine/ElectrostaticPIF/LandauDampingPIF[0x60d25b]
[jwb0701:507199] [ 9] /p/home/juse[jwb0567:3865292] [22] /usr/lib64/libc.so.6(+0x2a610)[0x151e77ac3610]
[jwb0567:3865292] [23] /usr/lib64/libc.so.6(__libc_start_main+0x80)[0x151e77ac36c0]
[jwb0567:3865292] [24] /p/home/jusers/fischill1/juwels/ippl/build_fin/alpine/ElectrostaticPIF/LandauDampingPIF[0x425995]
[jwb0567:3865292] *** End of error message ***
ll1/juwels/ippl/build_fin/alpine/ElectrostaticPIF/LandauDampingPIF[0x425995]
[jwb0777:2201001] *** End of error message ***
[jwb0693:891507] *** Process received signal ***
[jwb0693:891507] Signal: Aborted (6)
[jwb0693:891507] Signal code:  (-6)
[jwb0792:2510150] [24] /p/home/jusers/fischi[jwb0791:1206579] [ 0] /usr/lib64/libc.so.6(+0x3fc30)[0x1526231c1c30]
[jwb0791:1206579] [ 1] /usr/lib64/libc.so.6(+0x8d02c)[0x15262320f02c]
[jwb0791:1206579] [ 2] /usr/lib64/libc.so.6(raise+0x16)[0x1526231c1b86]
[jwb0791:1206579] [ 3] /usr/lib64/libc.so.6(abort+0xd3)[0x1526231ab873]
[jwb0791:1206579] [ 4] /p/software/default/stages/2026/software/GCCcore/14.3.0/lib64/libstdc++.so.6(+0xadc3d)[0x152623466c3d]
[jwb0791:1206579] [ 5] /p/software/default/stages/2026/software/GCCcore/14.3.0/lib64/libstdc++.so.6(+0xbf14a)[0x15262347814a]
[jwb0791:1206579] [ 6] /p/software/default/stages/2026/software/GCCcore/14.3.0/lib64/libstdc++.so.6(_ZSt10unexpectedv+0x0)[0x1526234667e9]
[jwb0791:1206579] [ 7] /p/software/default/stages/2026/software/GCCcore/14.3.0/lib64/libstdc++.so.6(+0xbf3c7)[0x1526234783c7]
[jwb0791:1206579] [ 8] /p/home/jusers/fischill1/juwels/ippl/build_fin/_deps/kokkos-build/core/src/libkokkoscore.so.5.0(_ZN6Kokkos4Impl15throw_bad_allocESt17basic_string_viewIcSt11char_traitsIcEEmS4_+0x115)[0x152623906e05]
[jwb0678:426612] [20] /p/home/jusers/fischill1/juwels/ippl/build_fin/alpine/Electrostati[jwb0701:507202] [11] /p/home/jusers/fischill1/juwels/ippl/build_fin/_deps/kokkos-build/core/src/libkokkoscore.so.5.0(_ZN6Kokkos4Impl44HostInaccessibleSharedAllocationRecordCommonINS_9CudaSpaceEEC2ERKS2_RKNSt7__cxx1112basic_stringIcSt11char_traitsIcESaIcEEEmPFvPNS0_22SharedAllocationRecordIvvEEE+0x30)[0x14c5a1979260]
[jwb0701:507202] [12] /p/home/jusers/fischill1/juwels/ippl/build_fin/alpine/ElectrostaticPIF/LandauDampingPIF[0x49cd3a]
[jwb0701:507202] [13] /p/home/jusers/fischill1/juwels/ippl/build_fin/alpine/ElectrostaticPIF/LandauDampingPIF[0x4d0480]
[jwb0701:507202] [14] /p/home/jusers/fischill1/juwels/ippl/build_fin/alpine/ElectrostaticPIF/LandauDampingPIF[0x4e81cb]
[jwb0701:507202] [15] /p/home/jusers/fischill1/juwels/ippl/build_fin/alpine/ElectrostaticPIF/LandauDampingPIF[0x585bfd]
[jwb0701:507202] [16] /p/home/jusers/fischill1/juwels/ippl/build_fin/alpine/ElectrostaticPIF/LandauDampingPIF[0x6090d8]
ll1/juwels/ippl/build_fin/alpine/ElectrostaticPIF/LandauDampingPIF[0x425995]
[jwb0777:2201004] *** End of error message ***
[jwb0693:891505] *** Process received signal ***
[jwb0693:891505] Signal: Aborted (6)
[jwb0693:891505] Signal code:  (-6)
ll1/juwels/ippl/build_fin/alpine/ElectrostaticPIF/LandauDampingPIF[0x425995]
[jwb0792:2510150] *** End of error message ***
[jwb0791:1206579] [ 9] /p[jwb0678:426615] [14] /p/home/jusers/fischill1/juwels/ippl/build_fin/alpine/ElectrostaticPIF/LandauDampingPIF[0x4e81cb]
[jwb0678:426615] [15] /p/home/jusers/fischill1/juwels/ippl/build_fin/alpine/ElectrostaticPIF/LandauDampingPIF[0x585bfd]
[jwb0678:426615] [16] /p/home/jusers/fischill1/juwels/ippl/build_fin/alpine/ElectrostaticPIF/LandauDampingPIF[0x6090d8]
[jwb0678:426615] [17] /p/home/jusers/fischill1/juwels/ippl/build_fin/alpine/ElectrostaticPIF/LandauDampingPIF[0x6095b5]
[jwb0678:426615] [18] /p/home/jusers/fischill1/juwels/ippl/build_fin/alpine/ElectrostaticPIF/LandauDampingPIF[0x60c8d1]
[jwb0678:426615] [19] /p/home/jusers/fischill1/juwels/ippl/build_fin/alpine/ElectrostaticPIF/LandauDampingPIF[0x60d25b]
[jwb0678:426615] [20] /p/home/jusers/fischill1/juwels/ippl/build_fin/alpine/ElectrostaticPIF/LandauDampingPIF[0x423759]
[jwb0678:426615] [21] /usr/lib64/libc.so.6(+0x2a610)[0x14cf3024f610]
[jwb0678:426615] [22] /usr/lib64/libc.so.6(__libc_start_main+0x80)[0x14cf3024f6c0]
201] [15] /p/home/jusers/fischill1/juwels/ippl/build_fin/alpine/ElectrostaticPIF/LandauDampingPIF[0x4e81cb]
[jwb0701:507201] [16] /p/home/jusers/fischill1/juwels/ippl/build_fin/alpine/ElectrostaticPIF/LandauDampingPIF[0x585bfd]
[jwb0701:507201] [17] /p/home/jusers/fischill1/juwels/ippl/build_fin/alpine/ElectrostaticPIF/LandauDampingPIF[0x6090d8]
[jwb0701:507201] [18] /p/home/jusers/fischill1/juwels/ippl/build_fin/alpine/ElectrostaticPIF/LandauDampingPIF[0x6095b5]
[jwb0701:507201] [19] /p/home/jusers/fischill1/juwels/ippl/build_fin/alpine/ElectrostaticPIF/LandauDampingPIF[0x60c8d1]
[jwb0701:507201] [20] /p/home/jusers/fischill1/juwels/ippl/build_fin/alpine/ElectrostaticPIF/LandauDampingPIF[0x60d25b]
[jwb0693:891507] [ 0] /usr/lib64/libc.so.6(+0x3fc30)[0x14fb7fd76c30]
[jwb0693:891507] [ 1] /usr/lib64/libc.so.6(+0x8d02c)[0x14fb7fdc402c]
[jwb0693:891507] [ 2] /usr/lib64/libc.so.6(raise+0x16)[0x14fb7fd76b86]
[jwb0693:891507] [ 3] /usr/lib64/libc.so.6(abort+0xd3)[0x14fb7fd60873]
[jwb0693:891507] [ 4] /p/software/default/stages/2026/software/GCCcore/14.3.0/lib64/libstdc++.so.6(+0xadc3d)[0x14fb8001bc3d]
[jwb0693:891507] [ 5] /p/software/default/stages/2026/software/GCCcore/14.3.0/lib64/libstdc++.so.6(+0xbf14a)[0x14fb8002d14a]
[jwb0693:891507] [ 6] /p/software/default/stages/2026/software/GCCcore/14.3.0/lib64/libstdc++.so.6(_ZSt10unexpectedv+0x0)[0x14fb8001b7e9]
[jwb0693:891507] [ 7] /p/software/default/stages/2026/software/GCCcore/14.3.0/lib64/libstdc++.so.6(+0xbf3c7)[0x14fb8002d3c7]
[jwb0693:891507] [ 8] /p/home/jusers/fischill1/juwels/ippl/build_fin/_deps/kokkos-build/core/src/libkokkoscore.so.5.0(_ZN6Kokkos4Impl15throw_bad_allocESt17basic_string_viewIcSt11char_traitsIcEEmS4_+0x115)[0x14fb804bbe05]
[jwb0791:1206580] [17] /p/home/jusers/fischill1/juwels/ippl/build_fin/alpine/ElectrostaticPIF/LandauDampingPIF[0x6095b5]
[jwb0791:1206580] [18] /p/home/jusers/fischill1/juwels/ippl/build_fin/alpine/ElectrostaticPIF/LandauDampingPIF[0x60c8d1]
[jwb0791:1206580] [19] /p/home/jusers/fischill1/juwels/ippl/build_fin/alpine/ElectrostaticPIF/LandauDampingPIF[0x60d25b]
[jwb0791:1206580] [20] /p/home/jusers/fischill1/juwels/ippl/build_fin/alpine/ElectrostaticPIF/LandauDampingPIF[0x423759]
[jwb0791:1206580] [21] /usr/lib64/libc.so.6(+0x2a610)[0x15333cb50610]
[jwb0791:1206580] [22] /usr/lib64/libc.so.6(__libc_start_main+0x80)[0x15333cb506c0]
[jwb0791:1206580] [23] /p/home/jusers/fischill1/juwels/ippl/build_fin/alpine/ElectrostaticPIF/LandauDampingPIF[0x425995]
[jwb0791:1206580] *** End of error message ***
[jwb0678:426615] [23] /p/home/jusers/fischill1/juwels/ip200] [15] /p/home/jusers/fischill1/juwels/ippl/build_fin/alpine/ElectrostaticPIF/LandauDampingPIF[0x4e81cb]
[jwb0701:507200] [16] /p/home/jusers/fischill1/juwels/ippl/build_fin/alpine/ElectrostaticPIF/LandauDampingPIF[0x585bfd]
[jwb0701:507200] [17] /p/home/jusers/fischill1/juwels/ippl/build_fin/alpine/ElectrostaticPIF/LandauDampingPIF[0x6090d8]
[jwb0701:507200] [18] /p/home/jusers/fischill1/juwels/ippl/build_fin/alpine/ElectrostaticPIF/LandauDampingPIF[0x6095b5]
[jwb0693:891507] [ 9] /p/home/juse/home/jusers/fischill1/juwels/ippl/build_fin/_deps/kokkos-build/core/src/libkokkoscore.so.5.0(_ZNK6Kokkos9CudaSpace13impl_allocateEPKcmm28Kokkos_Profiling_SpaceHandle+0x219)[0x152623919319]
[jwb0791:1206579] [10] /p/home/jusers/fischill1/juwels/ippl/build_fin/_deps/kokkos-build/core/src/libkokkoscore.so.5.0(_ZNK6Kokkos9CudaSpace8allocateEPKcmm+0x65)[0x152623919395]
[jwb0791:1206579] [11] /p/home/jusers/fischill1/juwels/ippl/build_fin/_deps/kokkos-build/core/src/libkokkoscore.so.5.0(_ZN6Kokkos4Impl44HostInaccessibleSharedAllocationRecordCommonINS_9CudaSpaceEEC2ERKS2_RKNSt7__cxx1112basic_stringIcSt11char_traitsIcESaIcEEEmPFvPNS0_22SharedAllocationRecordIvvEEE+0x30)[0x15262391b260]
[jwb0791:1206579] [12] /p/home/jusers/fischill1/juwels/ippl/build_fin/alpine/ElectrostaticPIF/LandauDampingPIF[0x49cd3a]
[jwb0791:1206579] [13] /p/home/jusers/fischill1/juwels/ippl/build_fin/alpine/ElectrostaticPIF/LandauDampingPIF[0x4d0480]
rs/fischill1/juwels/ippl/build_fin/_deps/kokkos-build/core/src/libkokkoscore.so.5.0(_ZNK6Kokkos9CudaSpace13impl_allocateEPKcmm28Kokkos_Profiling_SpaceHandle+0x219)[0x1464f3733319]
[jwb0678:426614] [10] /p/home/jusers/fischill1/juwels/ippl/build_fin/_deps/kokkos-build/core/src/libkokkoscore.so.5.0(_ZNK6Kokkos9CudaSpace8allocateEPKcmm+0x65)[0x1464f3733395]
[jwb0678:426614] [11] /p/home/jusers/fischill1/juwels/ippl/build_fin/_deps/kokkos-build/core/src/libkokkoscore.so.5.0(_ZN6Kokkos4Impl44HostInaccessibleSharedAllocationRecordCommonINS_9CudaSpaceEEC2ERKS2_RKNSt7__cxx1112basic_stringIcSt11char_traitsIcESaIcEEEmPFvPNS0_22SharedAllocationRecordIvvEEE+0x30)[0x1464f3735260]
[jwb0678:426614] [12] /p/home/jusers/fischill1/juwels/ippl/build_fin/alpine/ElectrostaticPIF/LandauDampingPIF[0x4aa864]
[jwb0678:426614] [13] /p/home/jusers/fischill1/juwels/ippl/build_fin/alpine/ElectrostaticPIF/LandauDampingPIF[0x4aaf61]
rs/fischill1/juwels/ippl/build_fin/_deps/kokkos-build/core/src/libkokkoscore.so.5.0(_ZNK6Kokkos9CudaSpace13impl_allocateEPKcmm28Kokkos_Profiling_SpaceHandle+0x219)[0x149c3927f319]
[jwb0701:507199] [10] /p/home/jusers/fischill1/juwels/ippl/build_fin/_deps/kokkos-build/core/src/libkokkoscore.so.5.0(_ZNK6Kokkos9CudaSpace8allocateEPKcmm+0x65)[0x149c3927f395]
[jwb0701:507199] [11] /p/home/jusers/fischill1/juwels/ippl/build_fin/_deps/kokkos-build/core/src/libkokkoscore.so.5.0(_ZN6Kokkos4Impl44HostInaccessibleSharedAllocationRecordCommonINS_9CudaSpaceEEC2ERKS2_RKNSt7__cxx1112basic_stringIcSt11char_traitsIcESaIcEEEmPFvPNS0_22SharedAllocationRecordIvvEEE+0x30)[0x149c39281260]
[jwb0701:507199] [12] /p/home/jusers/fischill1/juwels/ippl/build_fin/alpine/ElectrostaticPIF/LandauDampingPIF[0x4aa864]
[jwb0701:507199] [13] /p/home/jusers/fischill1/juwels/ippl/build_fin/alpine/ElectrostaticPIF/LandauDampingPIF[0x4aaf61]
[jwb0693:891505] [ 0] /usr/lib64/libc.so.6(+0x3fc30)[0x146d374c8c30]
[jwb0693:891505] [ 1] /usr/lib64/libc.so.6(+0x8d02c)[0x146d3751602c]
[jwb0693:891505] [ 2] /usr/lib64/libc.so.6(raise+0x16)[0x146d374c8b86]
[jwb0693:891505] [ 3] /usr/lib64/libc.so.6(abort+0xd3)[0x146d374b2873]
[jwb0693:891505] [ 4] /p/software/default/stages/2026/software/GCCcore/14.3.0/lib64/libstdc++.so.6(+0xadc3d)[0x146d3776dc3d]
[jwb0693:891505] [ 5] /p/software/default/stages/2026/software/GCCcore/14.3.0/lib64/libstdc++.so.6(+0xbf14a)[0x146d3777f14a]
[jwb0693:891505] [ 6] /p/software/default/stages/2026/software/GCCcore/14.3.0/lib64/libstdc++.so.6(_ZSt10unexpectedv+0x0)[0x146d3776d7e9]
[jwb0693:891505] [ 7] /p/software/default/stages/2026/software/GCCcore/14.3.0/lib64/libstdc++.so.6(+0xbf3c7)[0x146d3777f3c7]
[jwb0693:891505] [ 8] /p/home/jusers/fischill1/juwels/ippl/build_fin/_deps/kokkos-build/core/src/libkokkoscore.so.5.0(_ZN6Kokkos4Impl15throw_bad_allocESt17basic_string_viewIcSt11char_traitsIcEEmS4_+0x115)[0x146d37c0de05]
[jwb0791:1206579] [14] /p/home/jusers/fischill1/juwels/ippl/build_fin/alpine/ElectrostaticPIF/LandauDampingPIF[0x4e81c[jwb0678:426614] [14] /p/home/jusers/fischill1/juwels/ippl/build_fin/alpine/ElectrostaticPIF/LandauDampingPIF[0x4cf907]
[jwb0678:426[jwb0701:507199] [14] /p/home/jusers/fischill1/juwels/ippl/build_fin/alpine/ElectrostaticPIF/LandauDampingPIF[0x4cf907]
[jwb0701:507[jwb0693:891505] [ 9] /p/home/juseb]
[jwb0791:1206579] [15] /p/home/jusers/fischill1/juwels/ippl/build_fin/alpine/ElectrostaticPIF/LandauDampingPIF[0x585bfd]
[jwb0791:1206579] [16] /p/home/jusers/fischill1/juwels/ippl/build_fin/alpine/ElectrostaticPIF/LandauDampingPIF[0x6090d8]
[jwb0791:1206579] [17] /p/home/jusers/fischill1/juwels/ippl/build_fin/alpine/ElectrostaticPIF/LandauDampingPIF[0x6095b5]
[jwb0791:1206579] [18] /p/home/jusers/fischill1/juwels/ippl/build_fin/alpine/ElectrostaticPIF/LandauDampingPIF[0x60c8d1]
[jwb0791:1206579] [19] /p/home/jusers/fischill1/juwels/ippl/build_fin/alpine/ElectrostaticPIF/LandauDampingPIF[0x60d25b]
[jwb0791:1206579] [20] /p/home/jusers/fischill1/juwels/ippl/build_fin/alpine/ElectrostaticPIF/LandauDampingPIF[0x423759]
[jwb0791:1206579] [21] /usr/lib64/libc.so.6(+0x2a610)[0x1526231ac610]
[jwb0791:1206579] [22] /usr/lib64/libc.so.6(__libc_start_main+0x80)[0x1526231ac6c0]
[jwb0791:1206579] [23] /p/home/jusers/fischill1/juwels/ippl/build_fin/alpine/ElectrostaticPIF/LandauDampingPIF[0x425995]
rs/fischill1/juwels/ippl/build_fin/_deps/kokkos-build/core/src/libkokkoscore.so.5.0(_ZNK6Kokkos9CudaSpace13impl_allocateEPKcmm28Kokkos_Profiling_SpaceHandle+0x219)[0x14b412b22319]
[jwb0678:426613] [10] /p/home/jusers/fischill1/juwels/ippl/build_fin/_deps/kokkos-build/core/src/libkokkoscore.so.5.0(_ZNK6Kokkos9CudaSpace8allocateEPKcmm+0x65)[0x14b412b22395]
[jwb0678:426613] [11] /p/home/jusers/fischill1/juwels/ippl/build_fin/_deps/kokkos-build/core/src/libkokkoscore.so.5.0(_ZN6Kokkos4Impl44HostInaccessibleSharedAllocationRecordCommonINS_9CudaSpaceEEC2ERKS2_RKNSt7__cxx1112basic_stringIcSt11char_traitsIcESaIcEEEmPFvPNS0_22SharedAllocationRecordIvvEEE+0x30)[0x14b412b24260]
[jwb0678:426613] [12] /p/home/jusers/fischill1/juwels/ippl/build_fin/alpine/ElectrostaticPIF/LandauDampingPIF[0x49cd3a]
[jwb0678:426613] [13] /p/home/jusers/fischill1/juwels/ippl/build_fin/alpine/ElectrostaticPIF/LandauDampingPIF[0x4d0480]
[jwb0701:507202] [17] /p/home/jusers/fischill1/juwels/ippl/build_fin/alpine/ElectrostaticPIF/LandauDampingPIF[0x6095b5]
[jwb0701:507202] [18] /p/home/jusers/fischill1/juwels/ippl/build_fin/alpine/ElectrostaticPIF/LandauDampingPIF[0x60c8d1]
[jwb0701:507202] [19] /p/home/jusers/fischill1/juwels/ippl/build_fin/alpine/ElectrostaticPIF/LandauDampingPIF[0x60d25b]
[jwb0701:507202] [20] /p/home/jusers/fischill1/juwels/ippl/build_fin/alpine/ElectrostaticPIF/LandauDampingPIF[0x423759]
[jwb0701:507202] [21] /usr/lib64/libc.so.6(+0x2a610)[0x14c5a120a610]
[jwb0701:507202] [22] /usr/lib64/libc.so.6(__libc_start_main+0x80)[0x14c5a120a6c0]
[jwb0701:507202] [23] /p/home/jusers/fischill1/juwels/ippl/build_fin/alpine/ElectrostaticPIF/LandauDampingPIF[0x425995]
[jwb0701:507202] *** End of error message ***
[jwb0693:891508] [ 0] /usr/lib64/libc.so.6(+0x3fc30)[0x145768c48c30]
[jwb0693:891508] [ 1] /usr/lib64/libc.so.6(+0x8d02c)[0x145768c9602c]
[jwb0693:891508] [ 2] /usr/lib64/libc.so.6(raise+0x16)[0x145768c48b86]
[jwb0693:891508] [ 3] /usr/lib64/libc.so.6(abort+0xd3)[0x145768c32873]
[jwb0693:891508] [ 4] /p/software/default/stages/2026/software/GCCcore/14.3.0/lib64/libstdc++.so.6(+0xadc3d)[0x145768eedc3d]
[jwb0693:891508] [ 5] /p/software/default/stages/2026/software/GCCcore/14.3.0/lib64/libstdc++.so.6(+0xbf14a)[0x145768eff14a]
[jwb0693:891508] [ 6] /p/software/default/stages/2026/software/GCCcore/14.3.0/lib64/libstdc++.so.6(_ZSt10unexpectedv+0x0)[0x145768eed7e9]
[jwb0693:891508] [ 7] /p/software/default/stages/2026/software/GCCcore/14.3.0/lib64/libstdc++.so.6(+0xbf3c7)[0x145768eff3c7]
[jwb0693:891508] [ 8] /p/home/jusers/fischill1/juwels/ippl/build_fin/_deps/kokkos-build/core/src/libkokkoscore.so.5.0(_ZN6Kokkos4Impl15throw_bad_allocESt17basic_string_viewIcSt11char_traitsIcEEmS4_+0x115)[0x14576938de05]
[jwb0791:1206579] *** End of error message *[jwb0678:426613] [14] /p/home/jusers/fischill1/juwels/ippl/build_fin/alpine/ElectrostaticPIF/LandauDampingPIF[0x4e81cb]
[jwb0678:426[jwb0701:507201] [21] /p/home/jusers/fischill1/juwels/ippl/build_fin/alpine/ElectrostaticPIF/LandauDampingPIF[0x423759]
[jwb0701:507201] [22] /usr/lib64/libc.so.6(+0x2a610)[0x14a003d4f610]
[jwb0693:891508] [ 9] /p/home/juse**
cPIF/LandauDampingPIF[0x423759]
[jwb0678:426612] [21] /usr/lib64/libc.so.6(+0x2a610)[0x14697893c610]
[jwb0678:426612] [22] /usr/lib64/libc.so.6(__libc_start_main+0x80)[0x14697893c6c0]
[jwb0678:426612] [23] /p/home/jusers/fischill1/juwels/ippl/build_fin/alpine/ElectrostaticPIF/LandauDampingPIF[0x425995]
[jwb0678:426612] *** End of error message ***
[jwb0701:507200] [19] /p/home/jusers/fischill1/juwels/ippl/build_fin/alpine/ElectrostaticPIF/LandauDampingPIF[0x60c8d1]
[jwb0701:507200] [20] /p/home/jusers/fischill1/juwels/ippl/build_fin/alpine/ElectrostaticPIF/LandauDampingPIF[0x60d25b]
[jwb0701:507200] [21] /p/home/jusers/fischill1/juwels/ippl/build_fin/alpine/ElectrostaticPIF/LandauDampingPIF[0x423759]
[jwb0701:507200] [22] /usr/lib64/libc.so.6(+0x2a610)[0x14c552879610]
[jwb0701:507200] [23] /usr/lib64/libc.so.6(__libc_start_main+0x80)[0x14c5528796c0]
[jwb0701:507200] [24] /p/home/jusers/fischill1/juwels/ippl/build_fin/alpine/ElectrostaticPIF/LandauDampingPIF[0x425995]
[jwb0701:507200] *** End of error message ***
rs/fischill1/juwels/ippl/build_fin/_deps/kokkos-build/core/src/libkokkoscore.so.5.0(_ZNK6Kokkos9CudaSpace13impl_allocateEPKcmm28Kokkos_Profiling_SpaceHandle+0x219)[0x14fb804ce319]
[jwb0693:891507] [10] /p/home/jusers/fischill1/juwels/ippl/build_fin/_deps/kokkos-build/core/src/libkokkoscore.so.5.0(_ZNK6Kokkos9CudaSpace8allocateEPKcmm+0x65)[0x14fb804ce395]
pl/build_fin/alpine/ElectrostaticPIF/LandauDampingPIF[0x425995]
[jwb0678:426615] *** End of error message ***
199] [15] /p/home/jusers/fischill1/juwels/ippl/build_fin/alpine/ElectrostaticPIF/LandauDampingPIF[0x4e81cb]
[jwb0701:507199] [16] /p/home/jusers/fischill1/juwels/ippl/build_fin/alpine/ElectrostaticPIF/LandauDampingPIF[0x585bfd]
[jwb0701:507199] [17] /p/home/jusers/fischill1/juwels/ippl/build_fin/alpine/ElectrostaticPIF/LandauDampingPIF[0x6090d8]
[jwb0701:507199] [18] /p/home/jusers/fischill1/juwels/ippl/build_fin/alpine/ElectrostaticPIF/LandauDampingPIF[0x6095b5]
[jwb0701:507199] [19] /p/home/jusers/fischill1/juwels/ippl/build_fin/alpine/ElectrostaticPIF/LandauDampingPIF[0x60c8d1]
[jwb0701:507199] [20] /p/home/jusers/fischill1/juwels/ippl/build_fin/alpine/ElectrostaticPIF/LandauDampingPIF[0x60d25b]
[jwb0701:507199] [21] /p/home/jusers/fischill1/juwels/ippl/build_fin/alpine/ElectrostaticPIF/LandauDampingPIF[0x423759]
[jwb0701:507199] [22] /usr/lib64/libc.so.6(+0x2a610)[0x149c38b12610]
[jwb0701:507199] [23] /usr/lib64/libc.so.6(__libc_start_main+0x80)[0x149c38b126c0]
rs/fischill1/juwels/ippl/build_fin/_deps/kokkos-build/core/src/libkokkoscore.so.5.0(_ZNK6Kokkos9CudaSpace13impl_allocateEPKcmm28Kokkos_Profiling_SpaceHandle+0x219)[0x146d37c20319]
[jwb0693:891505] [10] /p/home/jusers/fischill1/juwels/ippl/build_fin/_deps/kokkos-build/core/src/libkokkoscore.so.5.0(_ZNK6Kokkos9CudaSpace8allocateEPKcmm+0x65)[0x146d37c20395]
614] [15] /p/home/jusers/fischill1/juwels/ippl/build_fin/alpine/ElectrostaticPIF/LandauDampingPIF[0x4e81cb]
[jwb0678:426614] [16] /p/home/jusers/fischill1/juwels/ippl/build_fin/alpine/ElectrostaticPIF/LandauDampingPIF[0x585bfd]
[jwb0678:426614] [17] /p/home/jusers/fischill1/juwels/ippl/build_fin/alpine/ElectrostaticPIF/LandauDampingPIF[0x6090d8]
[jwb0678:426614] [18] /p/home/jusers/fischill1/juwels/ippl/build_fin/alpine/ElectrostaticPIF/LandauDampingPIF[0x6095b5]
[jwb0701:507199] [24] /p/home/jusers/fischill1/juwels/ippl/build_finrs/fischill1/juwels/ippl/build_fin/_deps/kokkos-build/core/src/libkokkoscore.so.5.0(_ZNK6Kokkos9CudaSpace13impl_allocateEPKcmm28Kokkos_Profiling_SpaceHandle+0x219)[0x1457693a0319]
[jwb0693:891508] [10] /p/home/jusers/fischill1/juwels/ippl/build_fin/_deps/kokkos-build/core/src/libkokkoscore.so.5.0(_ZNK6Kokkos9CudaSpace8allocateEPKcmm+0x65)[0x1457693a0395]
[jwb0693:891508] [11] /p/home/jusers/fischill1/juwels/ippl/build_fin/_deps/kokkos-build/core/src/libkokkoscore.so.5.0(_ZN6Kokkos4Impl44HostInaccessibleSharedAllocationRecordCommonINS_9CudaSpaceEEC2ERKS2_RKNSt7__cxx1112basic_stringIcSt11char_traitsIcESaIcEEEmPFvPNS0_22SharedAllocationRecordIvvEEE+0x30)[0x1457693a2260]
[jwb0693:891508] [12] /p/home/jusers/fischill1/juwels/ippl/build_fin/alpine/ElectrostaticPIF/LandauDampingPIF[0x4aa864]
[jwb0693:891508] [13] /p/home/jusers/fischill1/juwels/ippl/build_fin/alpine/ElectrostaticPIF/LandauDampingPIF[0x4aaf61]
613] [15] /p/home/jusers/fischill1/juwels/ippl/build_fin/alpine/ElectrostaticPIF/LandauDampingPIF[0x585bfd]
[jwb0678:426613] [16] /p/home/jusers/fischill1/juwels/ippl/build_fin/alpine/ElectrostaticPIF/LandauDampingPIF[0x6090d8]
[jwb0701:507201] [23] /usr/lib64/libc.so.6(__libc_start_main+0x80)[0x14a003d4f6c0]
[jwb0701:507201] [24] /p/home/jusers/fischill1/juwels/ippl/build_fin/alpine/ElectrostaticPIF/LandauDampingPIF[0x425995]
[jwb0701:507201] *** End of error message ***
[jwb0693:891506] [ 0] /usr/lib64/libc.so.6(+0x3fc30)[0x14ae0e58ec30]
[jwb0693:891506] [ 1] /usr/lib64/libc.so.6(+0x8d02c)[0x14ae0e5dc02c]
[jwb0693:891506] [ 2] /usr/lib64/libc.so.6(raise+0x16)[0x14ae0e58eb86]
[jwb0693:891506] [ 3] /usr/lib64/libc.so.6(abort+0xd3)[0x14ae0e578873]
[jwb0693:891506] [ 4] /p/software/default/stages/2026/software/GCCcore/14.3.0/lib64/libstdc++.so.6(+0xadc3d)[0x14ae0e833c3d]
[jwb0693:891506] [ 5] /p/software/default/stages/2026/software/GCCcore/14.3.0/lib64/libstdc++.so.6(+0xbf14a)[0x14ae0e84514a]
[jwb0693:891506] [ 6] /p/software/default/stages/2026/software/GCCcore/14.3.0/lib64/libstdc++.so.6(_ZSt10unexpectedv+0x0)[0x14ae0e8337e9]
[jwb0693:891506] [ 7] /p/software/default/stages/2026/software/GCCcore/14.3.0/lib64/libstdc++.so.6(+0xbf3c7)[0x14ae0e8453c7]
[jwb0693:891506] [ 8] /p/home/jusers/fischill1/juwels/ippl/build_fin/_deps/kokkos-build/core/src/libkokkoscore.so.5.0(_ZN6Kokkos4Impl15throw_bad_allocESt17basic_string_viewIcSt11char_traitsIcEEmS4_+0x115)[0x14ae0ecd3e05]
[jwb0678:426614] [19] /p/home/jusers/fischill1/juwels/ippl/build_fin/alpine/ElectrostaticPIF/LandauDampingPIF[0x60c8d1]
[jwb0678:426614] [20] /p/home/jusers/fischill1/juwels/ippl/build_fin/alpine/ElectrostaticPIF/LandauDampingPIF[0x60d25b]
[jwb0678:426614] [21] /p/home/jusers/fischill1/juwels/ippl/build_fin/alpine/ElectrostaticPIF/LandauDampingPIF[0x423759]
[jwb0678:426614] [22] /usr/lib64/libc.so.6(+0x2a610)[0x1464f2fc6610]
[jwb0678:426614] [23] /usr/lib64/libc.so.6(__libc_start_main+0x80)[0x1464f2fc66c0]
[jwb0678:426614] [24] /p/home/jusers/fischill1/juwels/ippl/build_fin/alpine/ElectrostaticPIF/LandauDampingPIF[0x425995]
[jwb0678:426614] *** End of error message ***
/alpine/ElectrostaticPIF/LandauDampingPIF[0x425995]
[jwb0701:507199] *** End of error message ***
[jwb0693:891506] [ 9] /p/home/juse[jwb0678:426613] [17] /p/home/jusers/fischill1/juwels/ippl/build_fin/alpine/ElectrostaticPIF/LandauDampingPIF[0x6095b5]
[jwb0678:426613] [18] /p/home/jusers/fischill1/juwels/ippl/build_fin/alpine/ElectrostaticPIF/LandauDampingPIF[0x60c8d1]
[jwb0678:426613] [19] /p/home/jusers/fischill1/juwels/ippl/build_fin/alpine/ElectrostaticPIF/LandauDampingPIF[0x60d25b]
[jwb0678:426613] [20] /p/home/jusers/fischill1/juwels/ippl/build_fin/alpine/ElectrostaticPIF/LandauDampingPIF[0x423759]
[jwb0678:426613] [21] /usr/lib64/libc.so.6(+0x2a610)[0x14b4123b5610]
[jwb0678:426613] [22] /usr/lib64/libc.so.6(__libc_start_main+0x80)[0x14b4123b56c0]
[jwb0678:426613] [23] /p/home/jusers/fischill1/juwels/ippl/build_fin/alpine/ElectrostaticPIF/LandauDampingPIF[0x425995]
[jwb0678:426613] *** End of error message ***
[jwb0693:891507] [11] /p/home/jusers/fischill1/juwels/ippl/build_fin/_deps/kokkos-build/core/src/libkokkoscore.so.5.0(_ZN6Kokkos4Impl44HostInaccessibleSharedAllocationRecordCommonINS_9CudaSpaceEEC2ERKS2_RKNSt7__cxx1112basic_stringIcSt11char_traitsIcESaIcEEEmPFvPNS0_22SharedAllocationRecordIvvEEE+0x30)[0x14fb804d0260]
[jwb0693:891507] [12] /p/home/jusers/fischill1/juwels/ippl/build_fin/alpine/ElectrostaticPIF/LandauDampingPIF[0x4aa864]
[jwb0693:891507] [13] /p/home/jusers/fischill1/juwels/ippl/build_fin/alpine/ElectrostaticPIF/LandauDampingPIF[0x4aae5e]
[jwb0693:891507] [14] /p/home/jusers/fischill1/juwels/ippl/build_fin/alpine/ElectrostaticPIF/LandauDampingPIF[0x4cf907]
[jwb0693:891507] [15] /p/home/jusers/fischill1/juwels/ippl/build_fin/alpine/ElectrostaticPIF/LandauDampingPIF[0x4e81cb]
[jwb0693:891507] [16] /p/home/jusers/fischill1/juwels/ippl/build_fin/alpine/ElectrostaticPIF/LandauDampingPIF[0x585bfd]
[jwb0693:891507] [17] /p/home/jusers/fischill1/juwels/ippl/build_fin/alpine/ElectrostaticPIF/LandauDampingPIF[0x6090d8]
[jwb0693:891505] [11] /p/home/jusers/fischill1/juwels/ippl/build_fin/_deps/kokkos-build/core/src/libkokkoscore.so.5.0(_ZN6Kokkos4Impl44HostInaccessibleSharedAllocationRecordCommonINS_9CudaSpaceEEC2ERKS2_RKNSt7__cxx1112basic_stringIcSt11char_traitsIcESaIcEEEmPFvPNS0_22SharedAllocationRecordIvvEEE+0x30)[0x146d37c22260]
[jwb0693:891505] [12] /p/home/jusers/fischill1/juwels/ippl/build_fin/alpine/ElectrostaticPIF/LandauDampingPIF[0x4aa864]
[jwb0693:891508] [14] /p/home/jusers/fischill1/juwels/ippl/build_fin/alpine/ElectrostaticPIF/LandauDampingPIF[0x4cf907]
[jwb0693:891508] [15] /p/home/jusers/fischill1/juwels/ippl/build_fin/alpine/ElectrostaticPIF/LandauDampingPIF[0x4e81cb]
[jwb0693:891508] [16] /p/home/jusers/fischill1/juwels/ippl/build_fin/alpine/ElectrostaticPIF/LandauDampingPIF[0x585bfd]
[jwb0693:891508] [17] /p/home/jusers/fischill1/juwels/ippl/build_fin/alpine/ElectrostaticPIF/LandauDampingPIF[0x6090d8]
[jwb0693:891508] [18] /p/home/jusers/fischill1/juwels/ippl/build_fin/alpine/ElectrostaticPIF/LandauDampingPIF[0x6095b5]
[jwb0693:891508] [19] /p/home/jusers/fischill1/juwels/ippl/build_fin/alpine/ElectrostaticPIF/LandauDampingPIF[0x60c8d1]
[jwb0693:891508] [20] /p/home/jusers/fischill1/juwels/ippl/build_fin/alpine/ElectrostaticPIF/LandauDampingPIF[0x60d25b]
rs/fischill1/juwels/ippl/build_fin/_deps/kokkos-build/core/src/libkokkoscore.so.5.0(_ZNK6Kokkos9CudaSpace13impl_allocateEPKcmm28Kokkos_Profiling_SpaceHandle+0x219)[0x14ae0ece6319]
[jwb0693:891506] [10] /p/home/jusers/fischill1/juwels/ippl/build_fin/_deps/kokkos-build/core/src/libkokkoscore.so.5.0(_ZNK6Kokkos9CudaSpace8allocateEPKcmm+0x65)[0x14ae0ece6395]
[jwb0693:891506] [11] /p/home/jusers/fischill1/juwels/ippl/build_fin/_deps/kokkos-build/core/src/libkokkoscore.so.5.0(_ZN6Kokkos4Impl44HostInaccessibleSharedAllocationRecordCommonINS_9CudaSpaceEEC2ERKS2_RKNSt7__cxx1112basic_stringIcSt11char_traitsIcESaIcEEEmPFvPNS0_22SharedAllocationRecordIvvEEE+0x30)[0x14ae0ece8260]
[jwb0693:891506] [12] /p/home/jusers/fischill1/juwels/ippl/build_fin/alpine/ElectrostaticPIF/LandauDampingPIF[0x49cd3a]
[jwb0693:891506] [13] /p/home/jusers/fischill1/juwels/ippl/build_fin/alpine/ElectrostaticPIF/LandauDampingPIF[0x4d0480]
[jwb0693:891506] [14] /p/home/jusers/fischill1/juwels/ippl/build_fin/alpine/ElectrostaticPIF/LandauDampingPIF[0x4e81cb]
[jwb0693:891[jwb0693:891505] [13] /p/home/jusers/fischill1/juwels/ippl/build_fin/alpine/ElectrostaticPIF/LandauDampingPIF[0x4aaf61]
[jwb0693:891505] [14] /p/home/jusers/fischill1/juwels/ippl/build_fin/alpine/ElectrostaticPIF/LandauDampingPIF[0x4cf907]
[jwb0693:891505] [15] /p/home/jusers/fischill1/juwels/ippl/build_fin/alpine/ElectrostaticPIF/LandauDampingPIF[0x4e81cb]
[jwb0693:891505] [16] /p/home/jusers/fischill1/juwels/ippl/build_fin/alpine/ElectrostaticPIF/LandauDampingPIF[0x585bfd]
[jwb0693:891505] [17] /p/home/jusers/fischill1/juwels/ippl/build_fin/alpine/ElectrostaticPIF/LandauDampingPIF[0x6090d8]
[jwb0693:891508] [21] /p/home/jusers/fischill1/juwels/ippl/build_fin/alpine/ElectrostaticPIF/LandauDampingPIF[0x423759]
[jwb0693:891508] [22] /usr/lib64/libc.so.6(+0x2a610)[0x145768c33610]
[jwb0693:891508] [23] /usr/lib64/libc.so.6(__libc_start_main+0x80)[0x145768c336c0]
[jwb0693:891508] [24] /p/home/jusers/fischill1/juwels/ippl/build_fin/alpine/ElectrostaticPIF/LandauDampingPIF[0x425995]
506] [15] /p/home/jusers/fischill1/juwels/ippl/build_fin/alpine/ElectrostaticPIF/LandauDampingPIF[0x585bfd]
[jwb0693:891506] [16] /p/home/jusers/fischill1/juwels/ippl/build_fin/alpine/ElectrostaticPIF/LandauDampingPIF[0x6090d8]
[jwb0693:891506] [17] /p/home/jusers/fischill1/juwels/ippl/build_fin/alpine/ElectrostaticPIF/LandauDampingPIF[0x6095b5]
[jwb0693:891506] [18] /p/home/jusers/fischill1/juwels/ippl/build_fin/alpine/ElectrostaticPIF/LandauDampingPIF[0x60c8d1]
[jwb0693:891508] *** End of error message ***
[jwb0693:891506] [19] /p/home/jusers/fischill1/juwels/ippl/build_fin/alpine/ElectrostaticPIF/LandauDampingPIF[0x60d25b]
[jwb0693:891506] [20] /p/home/jusers/fischill1/juwels/ippl/build_fin/alpine/ElectrostaticPIF/LandauDampingPIF[0x423759]
[jwb0693:891506] [21] /usr/lib64/libc.so.6(+0x2a610)[0x14ae0e579610]
[jwb0693:891506] [22] /usr/lib64/libc.so.6(__libc_start_main+0x80)[0x14ae0e5796c0]
[jwb0693:891506] [23] /p/home/jusers/fischill1/juwels/ippl/build_fin/alpine/ElectrostaticPIF/LandauDampingPIF[0x425995]
[jwb0693:891506] *** End of error message ***
[jwb0693:891507] [18] /p/home/jusers/fischill1/juwels/ippl/build_fin/alpine/ElectrostaticPIF/LandauDampingPIF[0x6095b5]
[jwb0693:891507] [19] /p/home/jusers/fischill1/juwels/ippl/build_fin/alpine/ElectrostaticPIF/LandauDampingPIF[0x60c8d1]
[jwb0693:891507] [20] /p/home/jusers/fischill1/juwels/ippl/build_fin/alpine/ElectrostaticPIF/LandauDampingPIF[0x60d25b]
[jwb0693:891507] [21] /p/home/jusers/fischill1/juwels/ippl/build_fin/alpine/ElectrostaticPIF/LandauDampingPIF[0x423759]
[jwb0693:891507] [22] /usr/lib64/libc.so.6(+0x2a610)[0x14fb7fd61610]
[jwb0693:891507] [23] /usr/lib64/libc.so.6(__libc_start_main+0x80)[0x14fb7fd616c0]
[jwb0693:891507] [24] /p/home/jusers/fischill1/juwels/ippl/build_fin/alpine/ElectrostaticPIF/LandauDampingPIF[0x425995]
[jwb0693:891507] *** End of error message ***
[jwb0693:891505] [18] /p/home/jusers/fischill1/juwels/ippl/build_fin/alpine/ElectrostaticPIF/LandauDampingPIF[0x6095b5]
[jwb0693:891505] [19] /p/home/jusers/fischill1/juwels/ippl/build_fin/alpine/ElectrostaticPIF/LandauDampingPIF[0x60c8d1]
[jwb0693:891505] [20] /p/home/jusers/fischill1/juwels/ippl/build_fin/alpine/ElectrostaticPIF/LandauDampingPIF[0x60d25b]
[jwb0693:891505] [21] /p/home/jusers/fischill1/juwels/ippl/build_fin/alpine/ElectrostaticPIF/LandauDampingPIF[0x423759]
[jwb0693:891505] [22] /usr/lib64/libc.so.6(+0x2a610)[0x146d374b3610]
[jwb0693:891505] [23] /usr/lib64/libc.so.6(__libc_start_main+0x80)[0x146d374b36c0]
[jwb0693:891505] [24] /p/home/jusers/fischill1/juwels/ippl/build_fin/alpine/ElectrostaticPIF/LandauDampingPIF[0x425995]
[jwb0693:891505] *** End of error message ***
srun: error: jwb0122: tasks 12-15: Aborted (core dumped)
srun: error: jwb0777: tasks 52-55: Aborted (core dumped)
srun: error: jwb0035: tasks 4-7: Aborted (core dumped)
srun: error: jwb0693: tasks 44-47: Aborted (core dumped)
srun: error: jwb0971: tasks 68-71: Aborted (core dumped)
srun: error: jwb0981: tasks 72-75: Aborted (core dumped)
srun: error: jwb0677: tasks 36-39: Aborted (core dumped)
srun: error: jwb0038: tasks 8-11: Aborted (core dumped)
srun: error: jwb0575: tasks 28-31: Aborted (core dumped)
srun: error: jwb0792: tasks 60-63: Aborted (core dumped)
srun: error: jwb0701: tasks 48-51: Aborted (core dumped)
srun: error: jwb0678: tasks 40-43: Aborted (core dumped)
srun: error: jwb1109: tasks 100-103: Aborted (core dumped)
srun: error: jwb0567: tasks 20-23: Aborted (core dumped)
srun: error: jwb0576: tasks 32-35: Aborted (core dumped)
srun: error: jwb0573: tasks 24-27: Aborted (core dumped)
srun: error: jwb0791: tasks 56-59: Aborted (core dumped)
srun: error: jwb0795: tasks 64-67: Aborted (core dumped)
srun: error: jwb1034: tasks 88-91: Aborted (core dumped)
srun: error: jwb0984: tasks 76-79: Aborted (core dumped)
srun: error: jwb1116: tasks 104-107: Aborted (core dumped)
srun: error: jwb1048: tasks 92-95: Aborted (core dumped)
srun: error: jwb1117: tasks 108-111: Aborted (core dumped)
srun: error: jwb1027: tasks 84-87: Aborted (core dumped)
srun: error: jwb0556: tasks 16-19: Aborted (core dumped)
srun: error: jwb0986: tasks 80-83: Aborted (core dumped)
srun: error: jwb1175: tasks 124-127: Aborted (core dumped)
srun: error: jwb1156: tasks 120-123: Aborted (core dumped)
srun: error: jwb1120: tasks 116-119: Aborted (core dumped)
srun: error: jwb1099: tasks 96-99: Aborted (core dumped)
srun: error: jwb1118: tasks 112-115: Aborted (core dumped)
srun: error: jwb0031: tasks 0-3: Aborted (core dumped)
