Hostname=nid005831   , Rank=165  ,Local=1   ,RPN=4   ,CPUs=72-143   ,GPU=1 ,NIC=cxi1 ,numa_nodes=1     ,first_numa=1  ,other_nodes=     
Hostname=nid006409   , Rank=601  ,Local=1   ,RPN=4   ,CPUs=72-143   ,GPU=1 ,NIC=cxi1 ,numa_nodes=1     ,first_numa=1  ,other_nodes=     
Hostname=nid005845   , Rank=204  ,Local=0   ,RPN=4   ,CPUs=0-71     ,GPU=0 ,NIC=cxi0 ,numa_nodes=0     ,first_numa=0  ,other_nodes=     
Hostname=nid006442   , Rank=728  ,Local=0   ,RPN=4   ,CPUs=0-71     ,GPU=0 ,NIC=cxi0 ,numa_nodes=0     ,first_numa=0  ,other_nodes=     
Hostname=nid006350   , Rank=377  ,Local=1   ,RPN=4   ,CPUs=72-143   ,GPU=1 ,NIC=cxi1 ,numa_nodes=1     ,first_numa=1  ,other_nodes=     
Hostname=nid005821   , Rank=128  ,Local=0   ,RPN=4   ,CPUs=0-71     ,GPU=0 ,NIC=cxi0 ,numa_nodes=0     ,first_numa=0  ,other_nodes=     
Hostname=nid006391   , Rank=529  ,Local=1   ,RPN=4   ,CPUs=72-143   ,GPU=1 ,NIC=cxi1 ,numa_nodes=1     ,first_numa=1  ,other_nodes=     
Hostname=nid005795   , Rank=25   ,Local=1   ,RPN=4   ,CPUs=72-143   ,GPU=1 ,NIC=cxi1 ,numa_nodes=1     ,first_numa=1  ,other_nodes=     
Hostname=nid005841   , Rank=188  ,Local=0   ,RPN=4   ,CPUs=0-71     ,GPU=0 ,NIC=cxi0 ,numa_nodes=0     ,first_numa=0  ,other_nodes=     
Hostname=nid006493   , Rank=876  ,Local=0   ,RPN=4   ,CPUs=0-71     ,GPU=0 ,NIC=cxi0 ,numa_nodes=0     ,first_numa=0  ,other_nodes=     
Hostname=nid006485   , Rank=857  ,Local=1   ,RPN=4   ,CPUs=72-143   ,GPU=1 ,NIC=cxi1 ,numa_nodes=1     ,first_numa=1  ,other_nodes=     
Hostname=nid005859   , Rank=257  ,Local=1   ,RPN=4   ,CPUs=72-143   ,GPU=1 ,NIC=cxi1 ,numa_nodes=1     ,first_numa=1  ,other_nodes=     
Hostname=nid006374   , Rank=464  ,Local=0   ,RPN=4   ,CPUs=0-71     ,GPU=0 ,NIC=cxi0 ,numa_nodes=0     ,first_numa=0  ,other_nodes=     
Hostname=nid005809   , Rank=80   ,Local=0   ,RPN=4   ,CPUs=0-71     ,GPU=0 ,NIC=cxi0 ,numa_nodes=0     ,first_numa=0  ,other_nodes=     
Hostname=nid006489   , Rank=864  ,Local=0   ,RPN=4   ,CPUs=0-71     ,GPU=0 ,NIC=cxi0 ,numa_nodes=0     ,first_numa=0  ,other_nodes=     
Hostname=nid006483   , Rank=848  ,Local=0   ,RPN=4   ,CPUs=0-71     ,GPU=0 ,NIC=cxi0 ,numa_nodes=0     ,first_numa=0  ,other_nodes=     
Hostname=nid005855   , Rank=240  ,Local=0   ,RPN=4   ,CPUs=0-71     ,GPU=0 ,NIC=cxi0 ,numa_nodes=0     ,first_numa=0  ,other_nodes=     
Hostname=nid006364   , Rank=424  ,Local=0   ,RPN=4   ,CPUs=0-71     ,GPU=0 ,NIC=cxi0 ,numa_nodes=0     ,first_numa=0  ,other_nodes=     
Hostname=nid006347   , Rank=365  ,Local=1   ,RPN=4   ,CPUs=72-143   ,GPU=1 ,NIC=cxi1 ,numa_nodes=1     ,first_numa=1  ,other_nodes=     
Hostname=nid006460   , Rank=772  ,Local=0   ,RPN=4   ,CPUs=0-71     ,GPU=0 ,NIC=cxi0 ,numa_nodes=0     ,first_numa=0  ,other_nodes=     
Hostname=nid005833   , Rank=173  ,Local=1   ,RPN=4   ,CPUs=72-143   ,GPU=1 ,NIC=cxi1 ,numa_nodes=1     ,first_numa=1  ,other_nodes=     
Hostname=nid006469   , Rank=805  ,Local=1   ,RPN=4   ,CPUs=72-143   ,GPU=1 ,NIC=cxi1 ,numa_nodes=1     ,first_numa=1  ,other_nodes=     
Hostname=nid006446   , Rank=736  ,Local=0   ,RPN=4   ,CPUs=0-71     ,GPU=0 ,NIC=cxi0 ,numa_nodes=0     ,first_numa=0  ,other_nodes=     
Hostname=nid006479   , Rank=836  ,Local=0   ,RPN=4   ,CPUs=0-71     ,GPU=0 ,NIC=cxi0 ,numa_nodes=0     ,first_numa=0  ,other_nodes=     
Hostname=nid006513   , Rank=952  ,Local=0   ,RPN=4   ,CPUs=0-71     ,GPU=0 ,NIC=cxi0 ,numa_nodes=0     ,first_numa=0  ,other_nodes=     
Hostname=nid006531   , Rank=1020 ,Local=0   ,RPN=4   ,CPUs=0-71     ,GPU=0 ,NIC=cxi0 ,numa_nodes=0     ,first_numa=0  ,other_nodes=     
Hostname=nid006519   , Rank=972  ,Local=0   ,RPN=4   ,CPUs=0-71     ,GPU=0 ,NIC=cxi0 ,numa_nodes=0     ,first_numa=0  ,other_nodes=     
Hostname=nid006432   , Rank=692  ,Local=0   ,RPN=4   ,CPUs=0-71     ,GPU=0 ,NIC=cxi0 ,numa_nodes=0     ,first_numa=0  ,other_nodes=     
Hostname=nid006501   , Rank=905  ,Local=1   ,RPN=4   ,CPUs=72-143   ,GPU=1 ,NIC=cxi1 ,numa_nodes=1     ,first_numa=1  ,other_nodes=     
Hostname=nid005822   , Rank=133  ,Local=1   ,RPN=4   ,CPUs=72-143   ,GPU=1 ,NIC=cxi1 ,numa_nodes=1     ,first_numa=1  ,other_nodes=     
Hostname=nid006427   , Rank=673  ,Local=1   ,RPN=4   ,CPUs=72-143   ,GPU=1 ,NIC=cxi1 ,numa_nodes=1     ,first_numa=1  ,other_nodes=     
Hostname=nid006528   , Rank=1008 ,Local=0   ,RPN=4   ,CPUs=0-71     ,GPU=0 ,NIC=cxi0 ,numa_nodes=0     ,first_numa=0  ,other_nodes=     
Hostname=nid006508   , Rank=932  ,Local=0   ,RPN=4   ,CPUs=0-71     ,GPU=0 ,NIC=cxi0 ,numa_nodes=0     ,first_numa=0  ,other_nodes=     
Hostname=nid006436   , Rank=708  ,Local=0   ,RPN=4   ,CPUs=0-71     ,GPU=0 ,NIC=cxi0 ,numa_nodes=0     ,first_numa=0  ,other_nodes=     
Hostname=nid005790   , Rank=4    ,Local=0   ,RPN=4   ,CPUs=0-71     ,GPU=0 ,NIC=cxi0 ,numa_nodes=0     ,first_numa=0  ,other_nodes=     
Hostname=nid005892   , Rank=345  ,Local=1   ,RPN=4   ,CPUs=72-143   ,GPU=1 ,NIC=cxi1 ,numa_nodes=1     ,first_numa=1  ,other_nodes=     
Hostname=nid006366   , Rank=435  ,Local=3   ,RPN=4   ,CPUs=216-287  ,GPU=3 ,NIC=cxi3 ,numa_nodes=3     ,first_numa=3  ,other_nodes=     
Hostname=nid005893   , Rank=348  ,Local=0   ,RPN=4   ,CPUs=0-71     ,GPU=0 ,NIC=cxi0 ,numa_nodes=0     ,first_numa=0  ,other_nodes=     
Hostname=nid005798   , Rank=37   ,Local=1   ,RPN=4   ,CPUs=72-143   ,GPU=1 ,NIC=cxi1 ,numa_nodes=1     ,first_numa=1  ,other_nodes=     
Hostname=nid006372   , Rank=456  ,Local=0   ,RPN=4   ,CPUs=0-71     ,GPU=0 ,NIC=cxi0 ,numa_nodes=0     ,first_numa=0  ,other_nodes=     
Hostname=nid006355   , Rank=397  ,Local=1   ,RPN=4   ,CPUs=72-143   ,GPU=1 ,NIC=cxi1 ,numa_nodes=1     ,first_numa=1  ,other_nodes=     
Hostname=nid006454   , Rank=764  ,Local=0   ,RPN=4   ,CPUs=0-71     ,GPU=0 ,NIC=cxi0 ,numa_nodes=0     ,first_numa=0  ,other_nodes=     
Hostname=nid005854   , Rank=236  ,Local=0   ,RPN=4   ,CPUs=0-71     ,GPU=0 ,NIC=cxi0 ,numa_nodes=0     ,first_numa=0  ,other_nodes=     
Hostname=nid005848   , Rank=212  ,Local=0   ,RPN=4   ,CPUs=0-71     ,GPU=0 ,NIC=cxi0 ,numa_nodes=0     ,first_numa=0  ,other_nodes=     
Hostname=nid005820   , Rank=125  ,Local=1   ,RPN=4   ,CPUs=72-143   ,GPU=1 ,NIC=cxi1 ,numa_nodes=1     ,first_numa=1  ,other_nodes=     
Hostname=nid005872   , Rank=308  ,Local=0   ,RPN=4   ,CPUs=0-71     ,GPU=0 ,NIC=cxi0 ,numa_nodes=0     ,first_numa=0  ,other_nodes=     
Hostname=nid005792   , Rank=12   ,Local=0   ,RPN=4   ,CPUs=0-71     ,GPU=0 ,NIC=cxi0 ,numa_nodes=0     ,first_numa=0  ,other_nodes=     
Hostname=nid005888   , Rank=335  ,Local=3   ,RPN=4   ,CPUs=216-287  ,GPU=3 ,NIC=cxi3 ,numa_nodes=3     ,first_numa=3  ,other_nodes=     
Hostname=nid006514   , Rank=956  ,Local=0   ,RPN=4   ,CPUs=0-71     ,GPU=0 ,NIC=cxi0 ,numa_nodes=0     ,first_numa=0  ,other_nodes=     
Hostname=nid006471   , Rank=813  ,Local=1   ,RPN=4   ,CPUs=72-143   ,GPU=1 ,NIC=cxi1 ,numa_nodes=1     ,first_numa=1  ,other_nodes=     
Hostname=nid006421   , Rank=648  ,Local=0   ,RPN=4   ,CPUs=0-71     ,GPU=0 ,NIC=cxi0 ,numa_nodes=0     ,first_numa=0  ,other_nodes=     
Hostname=nid006494   , Rank=880  ,Local=0   ,RPN=4   ,CPUs=0-71     ,GPU=0 ,NIC=cxi0 ,numa_nodes=0     ,first_numa=0  ,other_nodes=     
Hostname=nid006509   , Rank=936  ,Local=0   ,RPN=4   ,CPUs=0-71     ,GPU=0 ,NIC=cxi0 ,numa_nodes=0     ,first_numa=0  ,other_nodes=     
Hostname=nid006510   , Rank=940  ,Local=0   ,RPN=4   ,CPUs=0-71     ,GPU=0 ,NIC=cxi0 ,numa_nodes=0     ,first_numa=0  ,other_nodes=     
Hostname=nid005823   , Rank=136  ,Local=0   ,RPN=4   ,CPUs=0-71     ,GPU=0 ,NIC=cxi0 ,numa_nodes=0     ,first_numa=0  ,other_nodes=     
Hostname=nid006435   , Rank=704  ,Local=0   ,RPN=4   ,CPUs=0-71     ,GPU=0 ,NIC=cxi0 ,numa_nodes=0     ,first_numa=0  ,other_nodes=     
Hostname=nid006504   , Rank=918  ,Local=2   ,RPN=4   ,CPUs=144-215  ,GPU=2 ,NIC=cxi2 ,numa_nodes=2     ,first_numa=2  ,other_nodes=     
Hostname=nid006438   , Rank=716  ,Local=0   ,RPN=4   ,CPUs=0-71     ,GPU=0 ,NIC=cxi0 ,numa_nodes=0     ,first_numa=0  ,other_nodes=     
Hostname=nid005868   , Rank=293  ,Local=1   ,RPN=4   ,CPUs=72-143   ,GPU=1 ,NIC=cxi1 ,numa_nodes=1     ,first_numa=1  ,other_nodes=     
Hostname=nid005871   , Rank=305  ,Local=1   ,RPN=4   ,CPUs=72-143   ,GPU=1 ,NIC=cxi1 ,numa_nodes=1     ,first_numa=1  ,other_nodes=     
Hostname=nid006396   , Rank=548  ,Local=0   ,RPN=4   ,CPUs=0-71     ,GPU=0 ,NIC=cxi0 ,numa_nodes=0     ,first_numa=0  ,other_nodes=     
Hostname=nid006349   , Rank=373  ,Local=1   ,RPN=4   ,CPUs=72-143   ,GPU=1 ,NIC=cxi1 ,numa_nodes=1     ,first_numa=1  ,other_nodes=     
Hostname=nid005832   , Rank=169  ,Local=1   ,RPN=4   ,CPUs=72-143   ,GPU=1 ,NIC=cxi1 ,numa_nodes=1     ,first_numa=1  ,other_nodes=     
Hostname=nid006439   , Rank=720  ,Local=0   ,RPN=4   ,CPUs=0-71     ,GPU=0 ,NIC=cxi0 ,numa_nodes=0     ,first_numa=0  ,other_nodes=     
Hostname=nid006492   , Rank=872  ,Local=0   ,RPN=4   ,CPUs=0-71     ,GPU=0 ,NIC=cxi0 ,numa_nodes=0     ,first_numa=0  ,other_nodes=     
Hostname=nid006375   , Rank=470  ,Local=2   ,RPN=4   ,CPUs=144-215  ,GPU=2 ,NIC=cxi2 ,numa_nodes=2     ,first_numa=2  ,other_nodes=     
Hostname=nid006422   , Rank=652  ,Local=0   ,RPN=4   ,CPUs=0-71     ,GPU=0 ,NIC=cxi0 ,numa_nodes=0     ,first_numa=0  ,other_nodes=     
Hostname=nid006474   , Rank=820  ,Local=0   ,RPN=4   ,CPUs=0-71     ,GPU=0 ,NIC=cxi0 ,numa_nodes=0     ,first_numa=0  ,other_nodes=     
Hostname=nid006425   , Rank=666  ,Local=2   ,RPN=4   ,CPUs=144-215  ,GPU=2 ,NIC=cxi2 ,numa_nodes=2     ,first_numa=2  ,other_nodes=     
Hostname=nid006527   , Rank=1004 ,Local=0   ,RPN=4   ,CPUs=0-71     ,GPU=0 ,NIC=cxi0 ,numa_nodes=0     ,first_numa=0  ,other_nodes=     
Hostname=nid006470   , Rank=808  ,Local=0   ,RPN=4   ,CPUs=0-71     ,GPU=0 ,NIC=cxi0 ,numa_nodes=0     ,first_numa=0  ,other_nodes=     
Hostname=nid005852   , Rank=229  ,Local=1   ,RPN=4   ,CPUs=72-143   ,GPU=1 ,NIC=cxi1 ,numa_nodes=1     ,first_numa=1  ,other_nodes=     
Hostname=nid006477   , Rank=829  ,Local=1   ,RPN=4   ,CPUs=72-143   ,GPU=1 ,NIC=cxi1 ,numa_nodes=1     ,first_numa=1  ,other_nodes=     
Hostname=nid006473   , Rank=816  ,Local=0   ,RPN=4   ,CPUs=0-71     ,GPU=0 ,NIC=cxi0 ,numa_nodes=0     ,first_numa=0  ,other_nodes=     
Hostname=nid006458   , Rank=770  ,Local=2   ,RPN=4   ,CPUs=144-215  ,GPU=2 ,NIC=cxi2 ,numa_nodes=2     ,first_numa=2  ,other_nodes=     
Hostname=nid006346   , Rank=360  ,Local=0   ,RPN=4   ,CPUs=0-71     ,GPU=0 ,NIC=cxi0 ,numa_nodes=0     ,first_numa=0  ,other_nodes=     
Hostname=nid005827   , Rank=148  ,Local=0   ,RPN=4   ,CPUs=0-71     ,GPU=0 ,NIC=cxi0 ,numa_nodes=0     ,first_numa=0  ,other_nodes=     
Hostname=nid006451   , Rank=756  ,Local=0   ,RPN=4   ,CPUs=0-71     ,GPU=0 ,NIC=cxi0 ,numa_nodes=0     ,first_numa=0  ,other_nodes=     
Hostname=nid006415   , Rank=626  ,Local=2   ,RPN=4   ,CPUs=144-215  ,GPU=2 ,NIC=cxi2 ,numa_nodes=2     ,first_numa=2  ,other_nodes=     
Hostname=nid006390   , Rank=524  ,Local=0   ,RPN=4   ,CPUs=0-71     ,GPU=0 ,NIC=cxi0 ,numa_nodes=0     ,first_numa=0  ,other_nodes=     
Hostname=nid005820   , Rank=124  ,Local=0   ,RPN=4   ,CPUs=0-71     ,GPU=0 ,NIC=cxi0 ,numa_nodes=0     ,first_numa=0  ,other_nodes=     
Hostname=nid006478   , Rank=832  ,Local=0   ,RPN=4   ,CPUs=0-71     ,GPU=0 ,NIC=cxi0 ,numa_nodes=0     ,first_numa=0  ,other_nodes=     
Hostname=nid006403   , Rank=576  ,Local=0   ,RPN=4   ,CPUs=0-71     ,GPU=0 ,NIC=cxi0 ,numa_nodes=0     ,first_numa=0  ,other_nodes=     
Hostname=nid006348   , Rank=368  ,Local=0   ,RPN=4   ,CPUs=0-71     ,GPU=0 ,NIC=cxi0 ,numa_nodes=0     ,first_numa=0  ,other_nodes=     
Hostname=nid006448   , Rank=746  ,Local=2   ,RPN=4   ,CPUs=144-215  ,GPU=2 ,NIC=cxi2 ,numa_nodes=2     ,first_numa=2  ,other_nodes=     
Hostname=nid005864   , Rank=276  ,Local=0   ,RPN=4   ,CPUs=0-71     ,GPU=0 ,NIC=cxi0 ,numa_nodes=0     ,first_numa=0  ,other_nodes=     
Hostname=nid006511   , Rank=944  ,Local=0   ,RPN=4   ,CPUs=0-71     ,GPU=0 ,NIC=cxi0 ,numa_nodes=0     ,first_numa=0  ,other_nodes=     
Hostname=nid005831   , Rank=164  ,Local=0   ,RPN=4   ,CPUs=0-71     ,GPU=0 ,NIC=cxi0 ,numa_nodes=0     ,first_numa=0  ,other_nodes=     
Hostname=nid006361   , Rank=412  ,Local=0   ,RPN=4   ,CPUs=0-71     ,GPU=0 ,NIC=cxi0 ,numa_nodes=0     ,first_numa=0  ,other_nodes=     
Hostname=nid006449   , Rank=748  ,Local=0   ,RPN=4   ,CPUs=0-71     ,GPU=0 ,NIC=cxi0 ,numa_nodes=0     ,first_numa=0  ,other_nodes=     
Hostname=nid005863   , Rank=272  ,Local=0   ,RPN=4   ,CPUs=0-71     ,GPU=0 ,NIC=cxi0 ,numa_nodes=0     ,first_numa=0  ,other_nodes=     
Hostname=nid006383   , Rank=497  ,Local=1   ,RPN=4   ,CPUs=72-143   ,GPU=1 ,NIC=cxi1 ,numa_nodes=1     ,first_numa=1  ,other_nodes=     
Hostname=nid006483   , Rank=849  ,Local=1   ,RPN=4   ,CPUs=72-143   ,GPU=1 ,NIC=cxi1 ,numa_nodes=1     ,first_numa=1  ,other_nodes=     
Hostname=nid005854   , Rank=238  ,Local=2   ,RPN=4   ,CPUs=144-215  ,GPU=2 ,NIC=cxi2 ,numa_nodes=2     ,first_numa=2  ,other_nodes=     
Hostname=nid006503   , Rank=912  ,Local=0   ,RPN=4   ,CPUs=0-71     ,GPU=0 ,NIC=cxi0 ,numa_nodes=0     ,first_numa=0  ,other_nodes=     
Hostname=nid005878   , Rank=324  ,Local=0   ,RPN=4   ,CPUs=0-71     ,GPU=0 ,NIC=cxi0 ,numa_nodes=0     ,first_numa=0  ,other_nodes=     
Hostname=nid005793   , Rank=19   ,Local=3   ,RPN=4   ,CPUs=216-287  ,GPU=3 ,NIC=cxi3 ,numa_nodes=3     ,first_numa=3  ,other_nodes=     
Hostname=nid005830   , Rank=160  ,Local=0   ,RPN=4   ,CPUs=0-71     ,GPU=0 ,NIC=cxi0 ,numa_nodes=0     ,first_numa=0  ,other_nodes=     
Hostname=nid006358   , Rank=404  ,Local=0   ,RPN=4   ,CPUs=0-71     ,GPU=0 ,NIC=cxi0 ,numa_nodes=0     ,first_numa=0  ,other_nodes=     
Hostname=nid006493   , Rank=877  ,Local=1   ,RPN=4   ,CPUs=72-143   ,GPU=1 ,NIC=cxi1 ,numa_nodes=1     ,first_numa=1  ,other_nodes=     
Hostname=nid006497   , Rank=892  ,Local=0   ,RPN=4   ,CPUs=0-71     ,GPU=0 ,NIC=cxi0 ,numa_nodes=0     ,first_numa=0  ,other_nodes=     
Hostname=nid006468   , Rank=800  ,Local=0   ,RPN=4   ,CPUs=0-71     ,GPU=0 ,NIC=cxi0 ,numa_nodes=0     ,first_numa=0  ,other_nodes=     
Hostname=nid006480   , Rank=841  ,Local=1   ,RPN=4   ,CPUs=72-143   ,GPU=1 ,NIC=cxi1 ,numa_nodes=1     ,first_numa=1  ,other_nodes=     
Hostname=nid006424   , Rank=661  ,Local=1   ,RPN=4   ,CPUs=72-143   ,GPU=1 ,NIC=cxi1 ,numa_nodes=1     ,first_numa=1  ,other_nodes=     
Hostname=nid006496   , Rank=888  ,Local=0   ,RPN=4   ,CPUs=0-71     ,GPU=0 ,NIC=cxi0 ,numa_nodes=0     ,first_numa=0  ,other_nodes=     
Hostname=nid006357   , Rank=400  ,Local=0   ,RPN=4   ,CPUs=0-71     ,GPU=0 ,NIC=cxi0 ,numa_nodes=0     ,first_numa=0  ,other_nodes=     
Hostname=nid006392   , Rank=532  ,Local=0   ,RPN=4   ,CPUs=0-71     ,GPU=0 ,NIC=cxi0 ,numa_nodes=0     ,first_numa=0  ,other_nodes=     
Hostname=nid006428   , Rank=676  ,Local=0   ,RPN=4   ,CPUs=0-71     ,GPU=0 ,NIC=cxi0 ,numa_nodes=0     ,first_numa=0  ,other_nodes=     
Hostname=nid006489   , Rank=865  ,Local=1   ,RPN=4   ,CPUs=72-143   ,GPU=1 ,NIC=cxi1 ,numa_nodes=1     ,first_numa=1  ,other_nodes=     
Hostname=nid006521   , Rank=981  ,Local=1   ,RPN=4   ,CPUs=72-143   ,GPU=1 ,NIC=cxi1 ,numa_nodes=1     ,first_numa=1  ,other_nodes=     
Hostname=nid005888   , Rank=333  ,Local=1   ,RPN=4   ,CPUs=72-143   ,GPU=1 ,NIC=cxi1 ,numa_nodes=1     ,first_numa=1  ,other_nodes=     
Hostname=nid006526   , Rank=1000 ,Local=0   ,RPN=4   ,CPUs=0-71     ,GPU=0 ,NIC=cxi0 ,numa_nodes=0     ,first_numa=0  ,other_nodes=     
Hostname=nid006523   , Rank=988  ,Local=0   ,RPN=4   ,CPUs=0-71     ,GPU=0 ,NIC=cxi0 ,numa_nodes=0     ,first_numa=0  ,other_nodes=     
Hostname=nid006400   , Rank=566  ,Local=2   ,RPN=4   ,CPUs=144-215  ,GPU=2 ,NIC=cxi2 ,numa_nodes=2     ,first_numa=2  ,other_nodes=     
Hostname=nid005831   , Rank=166  ,Local=2   ,RPN=4   ,CPUs=144-215  ,GPU=2 ,NIC=cxi2 ,numa_nodes=2     ,first_numa=2  ,other_nodes=     
Hostname=nid005790   , Rank=5    ,Local=1   ,RPN=4   ,CPUs=72-143   ,GPU=1 ,NIC=cxi1 ,numa_nodes=1     ,first_numa=1  ,other_nodes=     
Hostname=nid005818   , Rank=116  ,Local=0   ,RPN=4   ,CPUs=0-71     ,GPU=0 ,NIC=cxi0 ,numa_nodes=0     ,first_numa=0  ,other_nodes=     
Hostname=nid006365   , Rank=431  ,Local=3   ,RPN=4   ,CPUs=216-287  ,GPU=3 ,NIC=cxi3 ,numa_nodes=3     ,first_numa=3  ,other_nodes=     
Hostname=nid006393   , Rank=536  ,Local=0   ,RPN=4   ,CPUs=0-71     ,GPU=0 ,NIC=cxi0 ,numa_nodes=0     ,first_numa=0  ,other_nodes=     
Hostname=nid005809   , Rank=83   ,Local=3   ,RPN=4   ,CPUs=216-287  ,GPU=3 ,NIC=cxi3 ,numa_nodes=3     ,first_numa=3  ,other_nodes=     
Hostname=nid005836   , Rank=176  ,Local=0   ,RPN=4   ,CPUs=0-71     ,GPU=0 ,NIC=cxi0 ,numa_nodes=0     ,first_numa=0  ,other_nodes=     
Hostname=nid006351   , Rank=383  ,Local=3   ,RPN=4   ,CPUs=216-287  ,GPU=3 ,NIC=cxi3 ,numa_nodes=3     ,first_numa=3  ,other_nodes=     
Hostname=nid005877   , Rank=323  ,Local=3   ,RPN=4   ,CPUs=216-287  ,GPU=3 ,NIC=cxi3 ,numa_nodes=3     ,first_numa=3  ,other_nodes=     
Hostname=nid005866   , Rank=287  ,Local=3   ,RPN=4   ,CPUs=216-287  ,GPU=3 ,NIC=cxi3 ,numa_nodes=3     ,first_numa=3  ,other_nodes=     
Hostname=nid005799   , Rank=40   ,Local=0   ,RPN=4   ,CPUs=0-71     ,GPU=0 ,NIC=cxi0 ,numa_nodes=0     ,first_numa=0  ,other_nodes=     
Hostname=nid006507   , Rank=930  ,Local=2   ,RPN=4   ,CPUs=144-215  ,GPU=2 ,NIC=cxi2 ,numa_nodes=2     ,first_numa=2  ,other_nodes=     
Hostname=nid006373   , Rank=460  ,Local=0   ,RPN=4   ,CPUs=0-71     ,GPU=0 ,NIC=cxi0 ,numa_nodes=0     ,first_numa=0  ,other_nodes=     
Hostname=nid005828   , Rank=153  ,Local=1   ,RPN=4   ,CPUs=72-143   ,GPU=1 ,NIC=cxi1 ,numa_nodes=1     ,first_numa=1  ,other_nodes=     
Hostname=nid005870   , Rank=300  ,Local=0   ,RPN=4   ,CPUs=0-71     ,GPU=0 ,NIC=cxi0 ,numa_nodes=0     ,first_numa=0  ,other_nodes=     
Hostname=nid005807   , Rank=73   ,Local=1   ,RPN=4   ,CPUs=72-143   ,GPU=1 ,NIC=cxi1 ,numa_nodes=1     ,first_numa=1  ,other_nodes=     
Hostname=nid006512   , Rank=950  ,Local=2   ,RPN=4   ,CPUs=144-215  ,GPU=2 ,NIC=cxi2 ,numa_nodes=2     ,first_numa=2  ,other_nodes=     
Hostname=nid006374   , Rank=465  ,Local=1   ,RPN=4   ,CPUs=72-143   ,GPU=1 ,NIC=cxi1 ,numa_nodes=1     ,first_numa=1  ,other_nodes=     
Hostname=nid006416   , Rank=628  ,Local=0   ,RPN=4   ,CPUs=0-71     ,GPU=0 ,NIC=cxi0 ,numa_nodes=0     ,first_numa=0  ,other_nodes=     
Hostname=nid006364   , Rank=425  ,Local=1   ,RPN=4   ,CPUs=72-143   ,GPU=1 ,NIC=cxi1 ,numa_nodes=1     ,first_numa=1  ,other_nodes=     
Hostname=nid005794   , Rank=20   ,Local=0   ,RPN=4   ,CPUs=0-71     ,GPU=0 ,NIC=cxi0 ,numa_nodes=0     ,first_numa=0  ,other_nodes=     
Hostname=nid006505   , Rank=920  ,Local=0   ,RPN=4   ,CPUs=0-71     ,GPU=0 ,NIC=cxi0 ,numa_nodes=0     ,first_numa=0  ,other_nodes=     
Hostname=nid006366   , Rank=432  ,Local=0   ,RPN=4   ,CPUs=0-71     ,GPU=0 ,NIC=cxi0 ,numa_nodes=0     ,first_numa=0  ,other_nodes=     
Hostname=nid006419   , Rank=640  ,Local=0   ,RPN=4   ,CPUs=0-71     ,GPU=0 ,NIC=cxi0 ,numa_nodes=0     ,first_numa=0  ,other_nodes=     
Hostname=nid005809   , Rank=82   ,Local=2   ,RPN=4   ,CPUs=144-215  ,GPU=2 ,NIC=cxi2 ,numa_nodes=2     ,first_numa=2  ,other_nodes=     
Hostname=nid006388   , Rank=516  ,Local=0   ,RPN=4   ,CPUs=0-71     ,GPU=0 ,NIC=cxi0 ,numa_nodes=0     ,first_numa=0  ,other_nodes=     
Hostname=nid006489   , Rank=867  ,Local=3   ,RPN=4   ,CPUs=216-287  ,GPU=3 ,NIC=cxi3 ,numa_nodes=3     ,first_numa=3  ,other_nodes=     
Hostname=nid006531   , Rank=1021 ,Local=1   ,RPN=4   ,CPUs=72-143   ,GPU=1 ,NIC=cxi1 ,numa_nodes=1     ,first_numa=1  ,other_nodes=     
Hostname=nid006409   , Rank=600  ,Local=0   ,RPN=4   ,CPUs=0-71     ,GPU=0 ,NIC=cxi0 ,numa_nodes=0     ,first_numa=0  ,other_nodes=     
Hostname=nid006434   , Rank=703  ,Local=3   ,RPN=4   ,CPUs=216-287  ,GPU=3 ,NIC=cxi3 ,numa_nodes=3     ,first_numa=3  ,other_nodes=     
Hostname=nid005893   , Rank=349  ,Local=1   ,RPN=4   ,CPUs=72-143   ,GPU=1 ,NIC=cxi1 ,numa_nodes=1     ,first_numa=1  ,other_nodes=     
Hostname=nid006385   , Rank=507  ,Local=3   ,RPN=4   ,CPUs=216-287  ,GPU=3 ,NIC=cxi3 ,numa_nodes=3     ,first_numa=3  ,other_nodes=     
Hostname=nid006530   , Rank=1017 ,Local=1   ,RPN=4   ,CPUs=72-143   ,GPU=1 ,NIC=cxi1 ,numa_nodes=1     ,first_numa=1  ,other_nodes=     
Hostname=nid005801   , Rank=48   ,Local=0   ,RPN=4   ,CPUs=0-71     ,GPU=0 ,NIC=cxi0 ,numa_nodes=0     ,first_numa=0  ,other_nodes=     
Hostname=nid006442   , Rank=729  ,Local=1   ,RPN=4   ,CPUs=72-143   ,GPU=1 ,NIC=cxi1 ,numa_nodes=1     ,first_numa=1  ,other_nodes=     
Hostname=nid005855   , Rank=242  ,Local=2   ,RPN=4   ,CPUs=144-215  ,GPU=2 ,NIC=cxi2 ,numa_nodes=2     ,first_numa=2  ,other_nodes=     
Hostname=nid006404   , Rank=581  ,Local=1   ,RPN=4   ,CPUs=72-143   ,GPU=1 ,NIC=cxi1 ,numa_nodes=1     ,first_numa=1  ,other_nodes=     
Hostname=nid005859   , Rank=256  ,Local=0   ,RPN=4   ,CPUs=0-71     ,GPU=0 ,NIC=cxi0 ,numa_nodes=0     ,first_numa=0  ,other_nodes=     
Hostname=nid006454   , Rank=765  ,Local=1   ,RPN=4   ,CPUs=72-143   ,GPU=1 ,NIC=cxi1 ,numa_nodes=1     ,first_numa=1  ,other_nodes=     
Hostname=nid006493   , Rank=878  ,Local=2   ,RPN=4   ,CPUs=144-215  ,GPU=2 ,NIC=cxi2 ,numa_nodes=2     ,first_numa=2  ,other_nodes=     
Hostname=nid006467   , Rank=798  ,Local=2   ,RPN=4   ,CPUs=144-215  ,GPU=2 ,NIC=cxi2 ,numa_nodes=2     ,first_numa=2  ,other_nodes=     
Hostname=nid005790   , Rank=7    ,Local=3   ,RPN=4   ,CPUs=216-287  ,GPU=3 ,NIC=cxi3 ,numa_nodes=3     ,first_numa=3  ,other_nodes=     
Hostname=nid005831   , Rank=167  ,Local=3   ,RPN=4   ,CPUs=216-287  ,GPU=3 ,NIC=cxi3 ,numa_nodes=3     ,first_numa=3  ,other_nodes=     
Hostname=nid006483   , Rank=850  ,Local=2   ,RPN=4   ,CPUs=144-215  ,GPU=2 ,NIC=cxi2 ,numa_nodes=2     ,first_numa=2  ,other_nodes=     
Hostname=nid006366   , Rank=433  ,Local=1   ,RPN=4   ,CPUs=72-143   ,GPU=1 ,NIC=cxi1 ,numa_nodes=1     ,first_numa=1  ,other_nodes=     
Hostname=nid006484   , Rank=854  ,Local=2   ,RPN=4   ,CPUs=144-215  ,GPU=2 ,NIC=cxi2 ,numa_nodes=2     ,first_numa=2  ,other_nodes=     
Hostname=nid005855   , Rank=243  ,Local=3   ,RPN=4   ,CPUs=216-287  ,GPU=3 ,NIC=cxi3 ,numa_nodes=3     ,first_numa=3  ,other_nodes=     
Hostname=nid005813   , Rank=99   ,Local=3   ,RPN=4   ,CPUs=216-287  ,GPU=3 ,NIC=cxi3 ,numa_nodes=3     ,first_numa=3  ,other_nodes=     
Hostname=nid005888   , Rank=334  ,Local=2   ,RPN=4   ,CPUs=144-215  ,GPU=2 ,NIC=cxi2 ,numa_nodes=2     ,first_numa=2  ,other_nodes=     
Hostname=nid006371   , Rank=452  ,Local=0   ,RPN=4   ,CPUs=0-71     ,GPU=0 ,NIC=cxi0 ,numa_nodes=0     ,first_numa=0  ,other_nodes=     
Hostname=nid006433   , Rank=696  ,Local=0   ,RPN=4   ,CPUs=0-71     ,GPU=0 ,NIC=cxi0 ,numa_nodes=0     ,first_numa=0  ,other_nodes=     
Hostname=nid005841   , Rank=189  ,Local=1   ,RPN=4   ,CPUs=72-143   ,GPU=1 ,NIC=cxi1 ,numa_nodes=1     ,first_numa=1  ,other_nodes=     
Hostname=nid006364   , Rank=426  ,Local=2   ,RPN=4   ,CPUs=144-215  ,GPU=2 ,NIC=cxi2 ,numa_nodes=2     ,first_numa=2  ,other_nodes=     
Hostname=nid006395   , Rank=545  ,Local=1   ,RPN=4   ,CPUs=72-143   ,GPU=1 ,NIC=cxi1 ,numa_nodes=1     ,first_numa=1  ,other_nodes=     
Hostname=nid005867   , Rank=290  ,Local=2   ,RPN=4   ,CPUs=144-215  ,GPU=2 ,NIC=cxi2 ,numa_nodes=2     ,first_numa=2  ,other_nodes=     
Hostname=nid006352   , Rank=385  ,Local=1   ,RPN=4   ,CPUs=72-143   ,GPU=1 ,NIC=cxi1 ,numa_nodes=1     ,first_numa=1  ,other_nodes=     
Hostname=nid005839   , Rank=181  ,Local=1   ,RPN=4   ,CPUs=72-143   ,GPU=1 ,NIC=cxi1 ,numa_nodes=1     ,first_numa=1  ,other_nodes=     
Hostname=nid006439   , Rank=721  ,Local=1   ,RPN=4   ,CPUs=72-143   ,GPU=1 ,NIC=cxi1 ,numa_nodes=1     ,first_numa=1  ,other_nodes=     
Hostname=nid006513   , Rank=953  ,Local=1   ,RPN=4   ,CPUs=72-143   ,GPU=1 ,NIC=cxi1 ,numa_nodes=1     ,first_numa=1  ,other_nodes=     
Hostname=nid005811   , Rank=91   ,Local=3   ,RPN=4   ,CPUs=216-287  ,GPU=3 ,NIC=cxi3 ,numa_nodes=3     ,first_numa=3  ,other_nodes=     
Hostname=nid006408   , Rank=597  ,Local=1   ,RPN=4   ,CPUs=72-143   ,GPU=1 ,NIC=cxi1 ,numa_nodes=1     ,first_numa=1  ,other_nodes=     
Hostname=nid006474   , Rank=822  ,Local=2   ,RPN=4   ,CPUs=144-215  ,GPU=2 ,NIC=cxi2 ,numa_nodes=2     ,first_numa=2  ,other_nodes=     
Hostname=nid006420   , Rank=647  ,Local=3   ,RPN=4   ,CPUs=216-287  ,GPU=3 ,NIC=cxi3 ,numa_nodes=3     ,first_numa=3  ,other_nodes=     
Hostname=nid005795   , Rank=24   ,Local=0   ,RPN=4   ,CPUs=0-71     ,GPU=0 ,NIC=cxi0 ,numa_nodes=0     ,first_numa=0  ,other_nodes=     
Hostname=nid006398   , Rank=556  ,Local=0   ,RPN=4   ,CPUs=0-71     ,GPU=0 ,NIC=cxi0 ,numa_nodes=0     ,first_numa=0  ,other_nodes=     
Hostname=nid006442   , Rank=730  ,Local=2   ,RPN=4   ,CPUs=144-215  ,GPU=2 ,NIC=cxi2 ,numa_nodes=2     ,first_numa=2  ,other_nodes=     
Hostname=nid006492   , Rank=873  ,Local=1   ,RPN=4   ,CPUs=72-143   ,GPU=1 ,NIC=cxi1 ,numa_nodes=1     ,first_numa=1  ,other_nodes=     
Hostname=nid005822   , Rank=132  ,Local=0   ,RPN=4   ,CPUs=0-71     ,GPU=0 ,NIC=cxi0 ,numa_nodes=0     ,first_numa=0  ,other_nodes=     
Hostname=nid005855   , Rank=241  ,Local=1   ,RPN=4   ,CPUs=72-143   ,GPU=1 ,NIC=cxi1 ,numa_nodes=1     ,first_numa=1  ,other_nodes=     
Hostname=nid006510   , Rank=941  ,Local=1   ,RPN=4   ,CPUs=72-143   ,GPU=1 ,NIC=cxi1 ,numa_nodes=1     ,first_numa=1  ,other_nodes=     
Hostname=nid005859   , Rank=259  ,Local=3   ,RPN=4   ,CPUs=216-287  ,GPU=3 ,NIC=cxi3 ,numa_nodes=3     ,first_numa=3  ,other_nodes=     
Hostname=nid006504   , Rank=917  ,Local=1   ,RPN=4   ,CPUs=72-143   ,GPU=1 ,NIC=cxi1 ,numa_nodes=1     ,first_numa=1  ,other_nodes=     
Hostname=nid005854   , Rank=237  ,Local=1   ,RPN=4   ,CPUs=72-143   ,GPU=1 ,NIC=cxi1 ,numa_nodes=1     ,first_numa=1  ,other_nodes=     
Hostname=nid006348   , Rank=369  ,Local=1   ,RPN=4   ,CPUs=72-143   ,GPU=1 ,NIC=cxi1 ,numa_nodes=1     ,first_numa=1  ,other_nodes=     
Hostname=nid005833   , Rank=172  ,Local=0   ,RPN=4   ,CPUs=0-71     ,GPU=0 ,NIC=cxi0 ,numa_nodes=0     ,first_numa=0  ,other_nodes=     
Hostname=nid006446   , Rank=737  ,Local=1   ,RPN=4   ,CPUs=72-143   ,GPU=1 ,NIC=cxi1 ,numa_nodes=1     ,first_numa=1  ,other_nodes=     
Hostname=nid005810   , Rank=84   ,Local=0   ,RPN=4   ,CPUs=0-71     ,GPU=0 ,NIC=cxi0 ,numa_nodes=0     ,first_numa=0  ,other_nodes=     
Hostname=nid006374   , Rank=466  ,Local=2   ,RPN=4   ,CPUs=144-215  ,GPU=2 ,NIC=cxi2 ,numa_nodes=2     ,first_numa=2  ,other_nodes=     
Hostname=nid005820   , Rank=127  ,Local=3   ,RPN=4   ,CPUs=216-287  ,GPU=3 ,NIC=cxi3 ,numa_nodes=3     ,first_numa=3  ,other_nodes=     
Hostname=nid006454   , Rank=766  ,Local=2   ,RPN=4   ,CPUs=144-215  ,GPU=2 ,NIC=cxi2 ,numa_nodes=2     ,first_numa=2  ,other_nodes=     
Hostname=nid006389   , Rank=523  ,Local=3   ,RPN=4   ,CPUs=216-287  ,GPU=3 ,NIC=cxi3 ,numa_nodes=3     ,first_numa=3  ,other_nodes=     
Hostname=nid006432   , Rank=695  ,Local=3   ,RPN=4   ,CPUs=216-287  ,GPU=3 ,NIC=cxi3 ,numa_nodes=3     ,first_numa=3  ,other_nodes=     
Hostname=nid006406   , Rank=591  ,Local=3   ,RPN=4   ,CPUs=216-287  ,GPU=3 ,NIC=cxi3 ,numa_nodes=3     ,first_numa=3  ,other_nodes=     
Hostname=nid006483   , Rank=851  ,Local=3   ,RPN=4   ,CPUs=216-287  ,GPU=3 ,NIC=cxi3 ,numa_nodes=3     ,first_numa=3  ,other_nodes=     
Hostname=nid006417   , Rank=632  ,Local=0   ,RPN=4   ,CPUs=0-71     ,GPU=0 ,NIC=cxi0 ,numa_nodes=0     ,first_numa=0  ,other_nodes=     
Hostname=nid006508   , Rank=933  ,Local=1   ,RPN=4   ,CPUs=72-143   ,GPU=1 ,NIC=cxi1 ,numa_nodes=1     ,first_numa=1  ,other_nodes=     
Hostname=nid006438   , Rank=718  ,Local=2   ,RPN=4   ,CPUs=144-215  ,GPU=2 ,NIC=cxi2 ,numa_nodes=2     ,first_numa=2  ,other_nodes=     
Hostname=nid006370   , Rank=449  ,Local=1   ,RPN=4   ,CPUs=72-143   ,GPU=1 ,NIC=cxi1 ,numa_nodes=1     ,first_numa=1  ,other_nodes=     
Hostname=nid006476   , Rank=824  ,Local=0   ,RPN=4   ,CPUs=0-71     ,GPU=0 ,NIC=cxi0 ,numa_nodes=0     ,first_numa=0  ,other_nodes=     
Hostname=nid006437   , Rank=712  ,Local=0   ,RPN=4   ,CPUs=0-71     ,GPU=0 ,NIC=cxi0 ,numa_nodes=0     ,first_numa=0  ,other_nodes=     
Hostname=nid005796   , Rank=31   ,Local=3   ,RPN=4   ,CPUs=216-287  ,GPU=3 ,NIC=cxi3 ,numa_nodes=3     ,first_numa=3  ,other_nodes=     
Hostname=nid005848   , Rank=213  ,Local=1   ,RPN=4   ,CPUs=72-143   ,GPU=1 ,NIC=cxi1 ,numa_nodes=1     ,first_numa=1  ,other_nodes=     
Hostname=nid005887   , Rank=328  ,Local=0   ,RPN=4   ,CPUs=0-71     ,GPU=0 ,NIC=cxi0 ,numa_nodes=0     ,first_numa=0  ,other_nodes=     
Hostname=nid005888   , Rank=332  ,Local=0   ,RPN=4   ,CPUs=0-71     ,GPU=0 ,NIC=cxi0 ,numa_nodes=0     ,first_numa=0  ,other_nodes=     
Hostname=nid006501   , Rank=904  ,Local=0   ,RPN=4   ,CPUs=0-71     ,GPU=0 ,NIC=cxi0 ,numa_nodes=0     ,first_numa=0  ,other_nodes=     
Hostname=nid005804   , Rank=60   ,Local=0   ,RPN=4   ,CPUs=0-71     ,GPU=0 ,NIC=cxi0 ,numa_nodes=0     ,first_numa=0  ,other_nodes=     
Hostname=nid005821   , Rank=130  ,Local=2   ,RPN=4   ,CPUs=144-215  ,GPU=2 ,NIC=cxi2 ,numa_nodes=2     ,first_numa=2  ,other_nodes=     
Hostname=nid006409   , Rank=602  ,Local=2   ,RPN=4   ,CPUs=144-215  ,GPU=2 ,NIC=cxi2 ,numa_nodes=2     ,first_numa=2  ,other_nodes=     
Hostname=nid005809   , Rank=81   ,Local=1   ,RPN=4   ,CPUs=72-143   ,GPU=1 ,NIC=cxi1 ,numa_nodes=1     ,first_numa=1  ,other_nodes=     
Hostname=nid006354   , Rank=395  ,Local=3   ,RPN=4   ,CPUs=216-287  ,GPU=3 ,NIC=cxi3 ,numa_nodes=3     ,first_numa=3  ,other_nodes=     
Hostname=nid006514   , Rank=959  ,Local=3   ,RPN=4   ,CPUs=216-287  ,GPU=3 ,NIC=cxi3 ,numa_nodes=3     ,first_numa=3  ,other_nodes=     
Hostname=nid006364   , Rank=427  ,Local=3   ,RPN=4   ,CPUs=216-287  ,GPU=3 ,NIC=cxi3 ,numa_nodes=3     ,first_numa=3  ,other_nodes=     
Hostname=nid006531   , Rank=1023 ,Local=3   ,RPN=4   ,CPUs=216-287  ,GPU=3 ,NIC=cxi3 ,numa_nodes=3     ,first_numa=3  ,other_nodes=     
Hostname=nid006390   , Rank=525  ,Local=1   ,RPN=4   ,CPUs=72-143   ,GPU=1 ,NIC=cxi1 ,numa_nodes=1     ,first_numa=1  ,other_nodes=     
Hostname=nid006479   , Rank=837  ,Local=1   ,RPN=4   ,CPUs=72-143   ,GPU=1 ,NIC=cxi1 ,numa_nodes=1     ,first_numa=1  ,other_nodes=     
Hostname=nid005822   , Rank=135  ,Local=3   ,RPN=4   ,CPUs=216-287  ,GPU=3 ,NIC=cxi3 ,numa_nodes=3     ,first_numa=3  ,other_nodes=     
Hostname=nid005868   , Rank=295  ,Local=3   ,RPN=4   ,CPUs=216-287  ,GPU=3 ,NIC=cxi3 ,numa_nodes=3     ,first_numa=3  ,other_nodes=     
Hostname=nid006450   , Rank=752  ,Local=0   ,RPN=4   ,CPUs=0-71     ,GPU=0 ,NIC=cxi0 ,numa_nodes=0     ,first_numa=0  ,other_nodes=     
Hostname=nid006373   , Rank=461  ,Local=1   ,RPN=4   ,CPUs=72-143   ,GPU=1 ,NIC=cxi1 ,numa_nodes=1     ,first_numa=1  ,other_nodes=     
Hostname=nid006391   , Rank=528  ,Local=0   ,RPN=4   ,CPUs=0-71     ,GPU=0 ,NIC=cxi0 ,numa_nodes=0     ,first_numa=0  ,other_nodes=     
Hostname=nid006405   , Rank=585  ,Local=1   ,RPN=4   ,CPUs=72-143   ,GPU=1 ,NIC=cxi1 ,numa_nodes=1     ,first_numa=1  ,other_nodes=     
Hostname=nid005870   , Rank=301  ,Local=1   ,RPN=4   ,CPUs=72-143   ,GPU=1 ,NIC=cxi1 ,numa_nodes=1     ,first_numa=1  ,other_nodes=     
Hostname=nid006491   , Rank=869  ,Local=1   ,RPN=4   ,CPUs=72-143   ,GPU=1 ,NIC=cxi1 ,numa_nodes=1     ,first_numa=1  ,other_nodes=     
Hostname=nid006454   , Rank=767  ,Local=3   ,RPN=4   ,CPUs=216-287  ,GPU=3 ,NIC=cxi3 ,numa_nodes=3     ,first_numa=3  ,other_nodes=     
Hostname=nid006355   , Rank=396  ,Local=0   ,RPN=4   ,CPUs=0-71     ,GPU=0 ,NIC=cxi0 ,numa_nodes=0     ,first_numa=0  ,other_nodes=     
Hostname=nid005815   , Rank=107  ,Local=3   ,RPN=4   ,CPUs=216-287  ,GPU=3 ,NIC=cxi3 ,numa_nodes=3     ,first_numa=3  ,other_nodes=     
Hostname=nid006436   , Rank=709  ,Local=1   ,RPN=4   ,CPUs=72-143   ,GPU=1 ,NIC=cxi1 ,numa_nodes=1     ,first_numa=1  ,other_nodes=     
Hostname=nid006517   , Rank=969  ,Local=1   ,RPN=4   ,CPUs=72-143   ,GPU=1 ,NIC=cxi1 ,numa_nodes=1     ,first_numa=1  ,other_nodes=     
Hostname=nid006474   , Rank=823  ,Local=3   ,RPN=4   ,CPUs=216-287  ,GPU=3 ,NIC=cxi3 ,numa_nodes=3     ,first_numa=3  ,other_nodes=     
Hostname=nid005841   , Rank=190  ,Local=2   ,RPN=4   ,CPUs=144-215  ,GPU=2 ,NIC=cxi2 ,numa_nodes=2     ,first_numa=2  ,other_nodes=     
Hostname=nid005820   , Rank=126  ,Local=2   ,RPN=4   ,CPUs=144-215  ,GPU=2 ,NIC=cxi2 ,numa_nodes=2     ,first_numa=2  ,other_nodes=     
Hostname=nid005817   , Rank=113  ,Local=1   ,RPN=4   ,CPUs=72-143   ,GPU=1 ,NIC=cxi1 ,numa_nodes=1     ,first_numa=1  ,other_nodes=     
Hostname=nid005859   , Rank=258  ,Local=2   ,RPN=4   ,CPUs=144-215  ,GPU=2 ,NIC=cxi2 ,numa_nodes=2     ,first_numa=2  ,other_nodes=     
Hostname=nid006526   , Rank=1001 ,Local=1   ,RPN=4   ,CPUs=72-143   ,GPU=1 ,NIC=cxi1 ,numa_nodes=1     ,first_numa=1  ,other_nodes=     
Hostname=nid006374   , Rank=467  ,Local=3   ,RPN=4   ,CPUs=216-287  ,GPU=3 ,NIC=cxi3 ,numa_nodes=3     ,first_numa=3  ,other_nodes=     
Hostname=nid006423   , Rank=656  ,Local=0   ,RPN=4   ,CPUs=0-71     ,GPU=0 ,NIC=cxi0 ,numa_nodes=0     ,first_numa=0  ,other_nodes=     
Hostname=nid006509   , Rank=937  ,Local=1   ,RPN=4   ,CPUs=72-143   ,GPU=1 ,NIC=cxi1 ,numa_nodes=1     ,first_numa=1  ,other_nodes=     
Hostname=nid005792   , Rank=14   ,Local=2   ,RPN=4   ,CPUs=144-215  ,GPU=2 ,NIC=cxi2 ,numa_nodes=2     ,first_numa=2  ,other_nodes=     
Hostname=nid005893   , Rank=350  ,Local=2   ,RPN=4   ,CPUs=144-215  ,GPU=2 ,NIC=cxi2 ,numa_nodes=2     ,first_numa=2  ,other_nodes=     
Hostname=nid006366   , Rank=434  ,Local=2   ,RPN=4   ,CPUs=144-215  ,GPU=2 ,NIC=cxi2 ,numa_nodes=2     ,first_numa=2  ,other_nodes=     
Hostname=nid006427   , Rank=672  ,Local=0   ,RPN=4   ,CPUs=0-71     ,GPU=0 ,NIC=cxi0 ,numa_nodes=0     ,first_numa=0  ,other_nodes=     
Hostname=nid005854   , Rank=239  ,Local=3   ,RPN=4   ,CPUs=216-287  ,GPU=3 ,NIC=cxi3 ,numa_nodes=3     ,first_numa=3  ,other_nodes=     
Hostname=nid006466   , Rank=793  ,Local=1   ,RPN=4   ,CPUs=72-143   ,GPU=1 ,NIC=cxi1 ,numa_nodes=1     ,first_numa=1  ,other_nodes=     
Hostname=nid005798   , Rank=38   ,Local=2   ,RPN=4   ,CPUs=144-215  ,GPU=2 ,NIC=cxi2 ,numa_nodes=2     ,first_numa=2  ,other_nodes=     
Hostname=nid006391   , Rank=531  ,Local=3   ,RPN=4   ,CPUs=216-287  ,GPU=3 ,NIC=cxi3 ,numa_nodes=3     ,first_numa=3  ,other_nodes=     
Hostname=nid005833   , Rank=175  ,Local=3   ,RPN=4   ,CPUs=216-287  ,GPU=3 ,NIC=cxi3 ,numa_nodes=3     ,first_numa=3  ,other_nodes=     
Hostname=nid006503   , Rank=913  ,Local=1   ,RPN=4   ,CPUs=72-143   ,GPU=1 ,NIC=cxi1 ,numa_nodes=1     ,first_numa=1  ,other_nodes=     
Hostname=nid006375   , Rank=468  ,Local=0   ,RPN=4   ,CPUs=0-71     ,GPU=0 ,NIC=cxi0 ,numa_nodes=0     ,first_numa=0  ,other_nodes=     
Hostname=nid005836   , Rank=177  ,Local=1   ,RPN=4   ,CPUs=72-143   ,GPU=1 ,NIC=cxi1 ,numa_nodes=1     ,first_numa=1  ,other_nodes=     
Hostname=nid006410   , Rank=607  ,Local=3   ,RPN=4   ,CPUs=216-287  ,GPU=3 ,NIC=cxi3 ,numa_nodes=3     ,first_numa=3  ,other_nodes=     
Hostname=nid006409   , Rank=603  ,Local=3   ,RPN=4   ,CPUs=216-287  ,GPU=3 ,NIC=cxi3 ,numa_nodes=3     ,first_numa=3  ,other_nodes=     
Hostname=nid006432   , Rank=694  ,Local=2   ,RPN=4   ,CPUs=144-215  ,GPU=2 ,NIC=cxi2 ,numa_nodes=2     ,first_numa=2  ,other_nodes=     
Hostname=nid006361   , Rank=413  ,Local=1   ,RPN=4   ,CPUs=72-143   ,GPU=1 ,NIC=cxi1 ,numa_nodes=1     ,first_numa=1  ,other_nodes=     
Hostname=nid006531   , Rank=1022 ,Local=2   ,RPN=4   ,CPUs=144-215  ,GPU=2 ,NIC=cxi2 ,numa_nodes=2     ,first_numa=2  ,other_nodes=     
Hostname=nid006433   , Rank=697  ,Local=1   ,RPN=4   ,CPUs=72-143   ,GPU=1 ,NIC=cxi1 ,numa_nodes=1     ,first_numa=1  ,other_nodes=     
Hostname=nid005840   , Rank=187  ,Local=3   ,RPN=4   ,CPUs=216-287  ,GPU=3 ,NIC=cxi3 ,numa_nodes=3     ,first_numa=3  ,other_nodes=     
Hostname=nid005821   , Rank=131  ,Local=3   ,RPN=4   ,CPUs=216-287  ,GPU=3 ,NIC=cxi3 ,numa_nodes=3     ,first_numa=3  ,other_nodes=     
Hostname=nid006511   , Rank=947  ,Local=3   ,RPN=4   ,CPUs=216-287  ,GPU=3 ,NIC=cxi3 ,numa_nodes=3     ,first_numa=3  ,other_nodes=     
Hostname=nid006489   , Rank=866  ,Local=2   ,RPN=4   ,CPUs=144-215  ,GPU=2 ,NIC=cxi2 ,numa_nodes=2     ,first_numa=2  ,other_nodes=     
Hostname=nid006493   , Rank=879  ,Local=3   ,RPN=4   ,CPUs=216-287  ,GPU=3 ,NIC=cxi3 ,numa_nodes=3     ,first_numa=3  ,other_nodes=     
Hostname=nid006439   , Rank=722  ,Local=2   ,RPN=4   ,CPUs=144-215  ,GPU=2 ,NIC=cxi2 ,numa_nodes=2     ,first_numa=2  ,other_nodes=     
Hostname=nid006400   , Rank=565  ,Local=1   ,RPN=4   ,CPUs=72-143   ,GPU=1 ,NIC=cxi1 ,numa_nodes=1     ,first_numa=1  ,other_nodes=     
Hostname=nid006476   , Rank=827  ,Local=3   ,RPN=4   ,CPUs=216-287  ,GPU=3 ,NIC=cxi3 ,numa_nodes=3     ,first_numa=3  ,other_nodes=     
Hostname=nid006513   , Rank=954  ,Local=2   ,RPN=4   ,CPUs=144-215  ,GPU=2 ,NIC=cxi2 ,numa_nodes=2     ,first_numa=2  ,other_nodes=     
Hostname=nid005877   , Rank=321  ,Local=1   ,RPN=4   ,CPUs=72-143   ,GPU=1 ,NIC=cxi1 ,numa_nodes=1     ,first_numa=1  ,other_nodes=     
Hostname=nid005797   , Rank=33   ,Local=1   ,RPN=4   ,CPUs=72-143   ,GPU=1 ,NIC=cxi1 ,numa_nodes=1     ,first_numa=1  ,other_nodes=     
Hostname=nid006440   , Rank=727  ,Local=3   ,RPN=4   ,CPUs=216-287  ,GPU=3 ,NIC=cxi3 ,numa_nodes=3     ,first_numa=3  ,other_nodes=     
Hostname=nid005795   , Rank=27   ,Local=3   ,RPN=4   ,CPUs=216-287  ,GPU=3 ,NIC=cxi3 ,numa_nodes=3     ,first_numa=3  ,other_nodes=     
Hostname=nid006362   , Rank=417  ,Local=1   ,RPN=4   ,CPUs=72-143   ,GPU=1 ,NIC=cxi1 ,numa_nodes=1     ,first_numa=1  ,other_nodes=     
Hostname=nid006434   , Rank=701  ,Local=1   ,RPN=4   ,CPUs=72-143   ,GPU=1 ,NIC=cxi1 ,numa_nodes=1     ,first_numa=1  ,other_nodes=     
Hostname=nid006507   , Rank=929  ,Local=1   ,RPN=4   ,CPUs=72-143   ,GPU=1 ,NIC=cxi1 ,numa_nodes=1     ,first_numa=1  ,other_nodes=     
Hostname=nid006446   , Rank=739  ,Local=3   ,RPN=4   ,CPUs=216-287  ,GPU=3 ,NIC=cxi3 ,numa_nodes=3     ,first_numa=3  ,other_nodes=     
Hostname=nid006501   , Rank=906  ,Local=2   ,RPN=4   ,CPUs=144-215  ,GPU=2 ,NIC=cxi2 ,numa_nodes=2     ,first_numa=2  ,other_nodes=     
Hostname=nid006474   , Rank=821  ,Local=1   ,RPN=4   ,CPUs=72-143   ,GPU=1 ,NIC=cxi1 ,numa_nodes=1     ,first_numa=1  ,other_nodes=     
Hostname=nid006511   , Rank=946  ,Local=2   ,RPN=4   ,CPUs=144-215  ,GPU=2 ,NIC=cxi2 ,numa_nodes=2     ,first_numa=2  ,other_nodes=     
Hostname=nid005845   , Rank=205  ,Local=1   ,RPN=4   ,CPUs=72-143   ,GPU=1 ,NIC=cxi1 ,numa_nodes=1     ,first_numa=1  ,other_nodes=     
Hostname=nid005790   , Rank=6    ,Local=2   ,RPN=4   ,CPUs=144-215  ,GPU=2 ,NIC=cxi2 ,numa_nodes=2     ,first_numa=2  ,other_nodes=     
Hostname=nid005792   , Rank=15   ,Local=3   ,RPN=4   ,CPUs=216-287  ,GPU=3 ,NIC=cxi3 ,numa_nodes=3     ,first_numa=3  ,other_nodes=     
Hostname=nid005868   , Rank=294  ,Local=2   ,RPN=4   ,CPUs=144-215  ,GPU=2 ,NIC=cxi2 ,numa_nodes=2     ,first_numa=2  ,other_nodes=     
Hostname=nid006442   , Rank=731  ,Local=3   ,RPN=4   ,CPUs=216-287  ,GPU=3 ,NIC=cxi3 ,numa_nodes=3     ,first_numa=3  ,other_nodes=     
Hostname=nid006401   , Rank=571  ,Local=3   ,RPN=4   ,CPUs=216-287  ,GPU=3 ,NIC=cxi3 ,numa_nodes=3     ,first_numa=3  ,other_nodes=     
Hostname=nid006480   , Rank=840  ,Local=0   ,RPN=4   ,CPUs=0-71     ,GPU=0 ,NIC=cxi0 ,numa_nodes=0     ,first_numa=0  ,other_nodes=     
Hostname=nid006348   , Rank=370  ,Local=2   ,RPN=4   ,CPUs=144-215  ,GPU=2 ,NIC=cxi2 ,numa_nodes=2     ,first_numa=2  ,other_nodes=     
Hostname=nid006429   , Rank=682  ,Local=2   ,RPN=4   ,CPUs=144-215  ,GPU=2 ,NIC=cxi2 ,numa_nodes=2     ,first_numa=2  ,other_nodes=     
Hostname=nid006453   , Rank=761  ,Local=1   ,RPN=4   ,CPUs=72-143   ,GPU=1 ,NIC=cxi1 ,numa_nodes=1     ,first_numa=1  ,other_nodes=     
Hostname=nid006402   , Rank=573  ,Local=1   ,RPN=4   ,CPUs=72-143   ,GPU=1 ,NIC=cxi1 ,numa_nodes=1     ,first_numa=1  ,other_nodes=     
Hostname=nid005845   , Rank=206  ,Local=2   ,RPN=4   ,CPUs=144-215  ,GPU=2 ,NIC=cxi2 ,numa_nodes=2     ,first_numa=2  ,other_nodes=     
Hostname=nid005823   , Rank=137  ,Local=1   ,RPN=4   ,CPUs=72-143   ,GPU=1 ,NIC=cxi1 ,numa_nodes=1     ,first_numa=1  ,other_nodes=     
Hostname=nid006510   , Rank=942  ,Local=2   ,RPN=4   ,CPUs=144-215  ,GPU=2 ,NIC=cxi2 ,numa_nodes=2     ,first_numa=2  ,other_nodes=     
Hostname=nid005841   , Rank=191  ,Local=3   ,RPN=4   ,CPUs=216-287  ,GPU=3 ,NIC=cxi3 ,numa_nodes=3     ,first_numa=3  ,other_nodes=     
Hostname=nid006530   , Rank=1016 ,Local=0   ,RPN=4   ,CPUs=0-71     ,GPU=0 ,NIC=cxi0 ,numa_nodes=0     ,first_numa=0  ,other_nodes=     
Hostname=nid006392   , Rank=533  ,Local=1   ,RPN=4   ,CPUs=72-143   ,GPU=1 ,NIC=cxi1 ,numa_nodes=1     ,first_numa=1  ,other_nodes=     
Hostname=nid005822   , Rank=134  ,Local=2   ,RPN=4   ,CPUs=144-215  ,GPU=2 ,NIC=cxi2 ,numa_nodes=2     ,first_numa=2  ,other_nodes=     
Hostname=nid006436   , Rank=711  ,Local=3   ,RPN=4   ,CPUs=216-287  ,GPU=3 ,NIC=cxi3 ,numa_nodes=3     ,first_numa=3  ,other_nodes=     
Hostname=nid006479   , Rank=838  ,Local=2   ,RPN=4   ,CPUs=144-215  ,GPU=2 ,NIC=cxi2 ,numa_nodes=2     ,first_numa=2  ,other_nodes=     
Hostname=nid006504   , Rank=916  ,Local=0   ,RPN=4   ,CPUs=0-71     ,GPU=0 ,NIC=cxi0 ,numa_nodes=0     ,first_numa=0  ,other_nodes=     
Hostname=nid005848   , Rank=214  ,Local=2   ,RPN=4   ,CPUs=144-215  ,GPU=2 ,NIC=cxi2 ,numa_nodes=2     ,first_numa=2  ,other_nodes=     
Hostname=nid006416   , Rank=629  ,Local=1   ,RPN=4   ,CPUs=72-143   ,GPU=1 ,NIC=cxi1 ,numa_nodes=1     ,first_numa=1  ,other_nodes=     
Hostname=nid005830   , Rank=161  ,Local=1   ,RPN=4   ,CPUs=72-143   ,GPU=1 ,NIC=cxi1 ,numa_nodes=1     ,first_numa=1  ,other_nodes=     
Hostname=nid006355   , Rank=399  ,Local=3   ,RPN=4   ,CPUs=216-287  ,GPU=3 ,NIC=cxi3 ,numa_nodes=3     ,first_numa=3  ,other_nodes=     
Hostname=nid005825   , Rank=147  ,Local=3   ,RPN=4   ,CPUs=216-287  ,GPU=3 ,NIC=cxi3 ,numa_nodes=3     ,first_numa=3  ,other_nodes=     
Hostname=nid006426   , Rank=668  ,Local=0   ,RPN=4   ,CPUs=0-71     ,GPU=0 ,NIC=cxi0 ,numa_nodes=0     ,first_numa=0  ,other_nodes=     
Hostname=nid006428   , Rank=677  ,Local=1   ,RPN=4   ,CPUs=72-143   ,GPU=1 ,NIC=cxi1 ,numa_nodes=1     ,first_numa=1  ,other_nodes=     
Hostname=nid006398   , Rank=559  ,Local=3   ,RPN=4   ,CPUs=216-287  ,GPU=3 ,NIC=cxi3 ,numa_nodes=3     ,first_numa=3  ,other_nodes=     
Hostname=nid006451   , Rank=757  ,Local=1   ,RPN=4   ,CPUs=72-143   ,GPU=1 ,NIC=cxi1 ,numa_nodes=1     ,first_numa=1  ,other_nodes=     
Hostname=nid005878   , Rank=325  ,Local=1   ,RPN=4   ,CPUs=72-143   ,GPU=1 ,NIC=cxi1 ,numa_nodes=1     ,first_numa=1  ,other_nodes=     
Hostname=nid006427   , Rank=674  ,Local=2   ,RPN=4   ,CPUs=144-215  ,GPU=2 ,NIC=cxi2 ,numa_nodes=2     ,first_numa=2  ,other_nodes=     
Hostname=nid006391   , Rank=530  ,Local=2   ,RPN=4   ,CPUs=144-215  ,GPU=2 ,NIC=cxi2 ,numa_nodes=2     ,first_numa=2  ,other_nodes=     
Hostname=nid005828   , Rank=154  ,Local=2   ,RPN=4   ,CPUs=144-215  ,GPU=2 ,NIC=cxi2 ,numa_nodes=2     ,first_numa=2  ,other_nodes=     
Hostname=nid005864   , Rank=277  ,Local=1   ,RPN=4   ,CPUs=72-143   ,GPU=1 ,NIC=cxi1 ,numa_nodes=1     ,first_numa=1  ,other_nodes=     
Hostname=nid006470   , Rank=809  ,Local=1   ,RPN=4   ,CPUs=72-143   ,GPU=1 ,NIC=cxi1 ,numa_nodes=1     ,first_numa=1  ,other_nodes=     
Hostname=nid006432   , Rank=693  ,Local=1   ,RPN=4   ,CPUs=72-143   ,GPU=1 ,NIC=cxi1 ,numa_nodes=1     ,first_numa=1  ,other_nodes=     
Hostname=nid006385   , Rank=505  ,Local=1   ,RPN=4   ,CPUs=72-143   ,GPU=1 ,NIC=cxi1 ,numa_nodes=1     ,first_numa=1  ,other_nodes=     
Hostname=nid006497   , Rank=893  ,Local=1   ,RPN=4   ,CPUs=72-143   ,GPU=1 ,NIC=cxi1 ,numa_nodes=1     ,first_numa=1  ,other_nodes=     
Hostname=nid006496   , Rank=889  ,Local=1   ,RPN=4   ,CPUs=72-143   ,GPU=1 ,NIC=cxi1 ,numa_nodes=1     ,first_numa=1  ,other_nodes=     
Hostname=nid006507   , Rank=928  ,Local=0   ,RPN=4   ,CPUs=0-71     ,GPU=0 ,NIC=cxi0 ,numa_nodes=0     ,first_numa=0  ,other_nodes=     
Hostname=nid006389   , Rank=520  ,Local=0   ,RPN=4   ,CPUs=0-71     ,GPU=0 ,NIC=cxi0 ,numa_nodes=0     ,first_numa=0  ,other_nodes=     
Hostname=nid005893   , Rank=351  ,Local=3   ,RPN=4   ,CPUs=216-287  ,GPU=3 ,NIC=cxi3 ,numa_nodes=3     ,first_numa=3  ,other_nodes=     
Hostname=nid006492   , Rank=875  ,Local=3   ,RPN=4   ,CPUs=216-287  ,GPU=3 ,NIC=cxi3 ,numa_nodes=3     ,first_numa=3  ,other_nodes=     
Hostname=nid006387   , Rank=512  ,Local=0   ,RPN=4   ,CPUs=0-71     ,GPU=0 ,NIC=cxi0 ,numa_nodes=0     ,first_numa=0  ,other_nodes=     
Hostname=nid005833   , Rank=174  ,Local=2   ,RPN=4   ,CPUs=144-215  ,GPU=2 ,NIC=cxi2 ,numa_nodes=2     ,first_numa=2  ,other_nodes=     
Hostname=nid005818   , Rank=119  ,Local=3   ,RPN=4   ,CPUs=216-287  ,GPU=3 ,NIC=cxi3 ,numa_nodes=3     ,first_numa=3  ,other_nodes=     
Hostname=nid006526   , Rank=1002 ,Local=2   ,RPN=4   ,CPUs=144-215  ,GPU=2 ,NIC=cxi2 ,numa_nodes=2     ,first_numa=2  ,other_nodes=     
Hostname=nid005792   , Rank=13   ,Local=1   ,RPN=4   ,CPUs=72-143   ,GPU=1 ,NIC=cxi1 ,numa_nodes=1     ,first_numa=1  ,other_nodes=     
Hostname=nid006525   , Rank=997  ,Local=1   ,RPN=4   ,CPUs=72-143   ,GPU=1 ,NIC=cxi1 ,numa_nodes=1     ,first_numa=1  ,other_nodes=     
Hostname=nid006510   , Rank=943  ,Local=3   ,RPN=4   ,CPUs=216-287  ,GPU=3 ,NIC=cxi3 ,numa_nodes=3     ,first_numa=3  ,other_nodes=     
Hostname=nid006511   , Rank=945  ,Local=1   ,RPN=4   ,CPUs=72-143   ,GPU=1 ,NIC=cxi1 ,numa_nodes=1     ,first_numa=1  ,other_nodes=     
Hostname=nid005890   , Rank=337  ,Local=1   ,RPN=4   ,CPUs=72-143   ,GPU=1 ,NIC=cxi1 ,numa_nodes=1     ,first_numa=1  ,other_nodes=     
Hostname=nid006514   , Rank=958  ,Local=2   ,RPN=4   ,CPUs=144-215  ,GPU=2 ,NIC=cxi2 ,numa_nodes=2     ,first_numa=2  ,other_nodes=     
Hostname=nid005821   , Rank=129  ,Local=1   ,RPN=4   ,CPUs=72-143   ,GPU=1 ,NIC=cxi1 ,numa_nodes=1     ,first_numa=1  ,other_nodes=     
Hostname=nid006460   , Rank=773  ,Local=1   ,RPN=4   ,CPUs=72-143   ,GPU=1 ,NIC=cxi1 ,numa_nodes=1     ,first_numa=1  ,other_nodes=     
Hostname=nid006509   , Rank=939  ,Local=3   ,RPN=4   ,CPUs=216-287  ,GPU=3 ,NIC=cxi3 ,numa_nodes=3     ,first_numa=3  ,other_nodes=     
Hostname=nid005869   , Rank=297  ,Local=1   ,RPN=4   ,CPUs=72-143   ,GPU=1 ,NIC=cxi1 ,numa_nodes=1     ,first_numa=1  ,other_nodes=     
Hostname=nid006413   , Rank=617  ,Local=1   ,RPN=4   ,CPUs=72-143   ,GPU=1 ,NIC=cxi1 ,numa_nodes=1     ,first_numa=1  ,other_nodes=     
Hostname=nid006439   , Rank=723  ,Local=3   ,RPN=4   ,CPUs=216-287  ,GPU=3 ,NIC=cxi3 ,numa_nodes=3     ,first_numa=3  ,other_nodes=     
Hostname=nid006508   , Rank=934  ,Local=2   ,RPN=4   ,CPUs=144-215  ,GPU=2 ,NIC=cxi2 ,numa_nodes=2     ,first_numa=2  ,other_nodes=     
Hostname=nid006476   , Rank=826  ,Local=2   ,RPN=4   ,CPUs=144-215  ,GPU=2 ,NIC=cxi2 ,numa_nodes=2     ,first_numa=2  ,other_nodes=     
Hostname=nid006527   , Rank=1007 ,Local=3   ,RPN=4   ,CPUs=216-287  ,GPU=3 ,NIC=cxi3 ,numa_nodes=3     ,first_numa=3  ,other_nodes=     
Hostname=nid006351   , Rank=381  ,Local=1   ,RPN=4   ,CPUs=72-143   ,GPU=1 ,NIC=cxi1 ,numa_nodes=1     ,first_numa=1  ,other_nodes=     
Hostname=nid006380   , Rank=485  ,Local=1   ,RPN=4   ,CPUs=72-143   ,GPU=1 ,NIC=cxi1 ,numa_nodes=1     ,first_numa=1  ,other_nodes=     
Hostname=nid005807   , Rank=74   ,Local=2   ,RPN=4   ,CPUs=144-215  ,GPU=2 ,NIC=cxi2 ,numa_nodes=2     ,first_numa=2  ,other_nodes=     
Hostname=nid005845   , Rank=207  ,Local=3   ,RPN=4   ,CPUs=216-287  ,GPU=3 ,NIC=cxi3 ,numa_nodes=3     ,first_numa=3  ,other_nodes=     
Hostname=nid005836   , Rank=178  ,Local=2   ,RPN=4   ,CPUs=144-215  ,GPU=2 ,NIC=cxi2 ,numa_nodes=2     ,first_numa=2  ,other_nodes=     
Hostname=nid006530   , Rank=1018 ,Local=2   ,RPN=4   ,CPUs=144-215  ,GPU=2 ,NIC=cxi2 ,numa_nodes=2     ,first_numa=2  ,other_nodes=     
Hostname=nid005872   , Rank=309  ,Local=1   ,RPN=4   ,CPUs=72-143   ,GPU=1 ,NIC=cxi1 ,numa_nodes=1     ,first_numa=1  ,other_nodes=     
Hostname=nid005877   , Rank=322  ,Local=2   ,RPN=4   ,CPUs=144-215  ,GPU=2 ,NIC=cxi2 ,numa_nodes=2     ,first_numa=2  ,other_nodes=     
Hostname=nid006433   , Rank=699  ,Local=3   ,RPN=4   ,CPUs=216-287  ,GPU=3 ,NIC=cxi3 ,numa_nodes=3     ,first_numa=3  ,other_nodes=     
Hostname=nid006480   , Rank=842  ,Local=2   ,RPN=4   ,CPUs=144-215  ,GPU=2 ,NIC=cxi2 ,numa_nodes=2     ,first_numa=2  ,other_nodes=     
Hostname=nid005852   , Rank=228  ,Local=0   ,RPN=4   ,CPUs=0-71     ,GPU=0 ,NIC=cxi0 ,numa_nodes=0     ,first_numa=0  ,other_nodes=     
Hostname=nid006390   , Rank=526  ,Local=2   ,RPN=4   ,CPUs=144-215  ,GPU=2 ,NIC=cxi2 ,numa_nodes=2     ,first_numa=2  ,other_nodes=     
Hostname=nid006404   , Rank=582  ,Local=2   ,RPN=4   ,CPUs=144-215  ,GPU=2 ,NIC=cxi2 ,numa_nodes=2     ,first_numa=2  ,other_nodes=     
Hostname=nid006361   , Rank=414  ,Local=2   ,RPN=4   ,CPUs=144-215  ,GPU=2 ,NIC=cxi2 ,numa_nodes=2     ,first_numa=2  ,other_nodes=     
Hostname=nid006438   , Rank=717  ,Local=1   ,RPN=4   ,CPUs=72-143   ,GPU=1 ,NIC=cxi1 ,numa_nodes=1     ,first_numa=1  ,other_nodes=     
Hostname=nid006500   , Rank=900  ,Local=0   ,RPN=4   ,CPUs=0-71     ,GPU=0 ,NIC=cxi0 ,numa_nodes=0     ,first_numa=0  ,other_nodes=     
Hostname=nid006446   , Rank=738  ,Local=2   ,RPN=4   ,CPUs=144-215  ,GPU=2 ,NIC=cxi2 ,numa_nodes=2     ,first_numa=2  ,other_nodes=     
Hostname=nid006513   , Rank=955  ,Local=3   ,RPN=4   ,CPUs=216-287  ,GPU=3 ,NIC=cxi3 ,numa_nodes=3     ,first_numa=3  ,other_nodes=     
Hostname=nid006503   , Rank=914  ,Local=2   ,RPN=4   ,CPUs=144-215  ,GPU=2 ,NIC=cxi2 ,numa_nodes=2     ,first_numa=2  ,other_nodes=     
Hostname=nid006436   , Rank=710  ,Local=2   ,RPN=4   ,CPUs=144-215  ,GPU=2 ,NIC=cxi2 ,numa_nodes=2     ,first_numa=2  ,other_nodes=     
Hostname=nid006460   , Rank=775  ,Local=3   ,RPN=4   ,CPUs=216-287  ,GPU=3 ,NIC=cxi3 ,numa_nodes=3     ,first_numa=3  ,other_nodes=     
Hostname=nid006434   , Rank=702  ,Local=2   ,RPN=4   ,CPUs=144-215  ,GPU=2 ,NIC=cxi2 ,numa_nodes=2     ,first_numa=2  ,other_nodes=     
Hostname=nid005830   , Rank=162  ,Local=2   ,RPN=4   ,CPUs=144-215  ,GPU=2 ,NIC=cxi2 ,numa_nodes=2     ,first_numa=2  ,other_nodes=     
Hostname=nid006463   , Rank=786  ,Local=2   ,RPN=4   ,CPUs=144-215  ,GPU=2 ,NIC=cxi2 ,numa_nodes=2     ,first_numa=2  ,other_nodes=     
Hostname=nid006375   , Rank=471  ,Local=3   ,RPN=4   ,CPUs=216-287  ,GPU=3 ,NIC=cxi3 ,numa_nodes=3     ,first_numa=3  ,other_nodes=     
Hostname=nid006501   , Rank=907  ,Local=3   ,RPN=4   ,CPUs=216-287  ,GPU=3 ,NIC=cxi3 ,numa_nodes=3     ,first_numa=3  ,other_nodes=     
Hostname=nid005823   , Rank=139  ,Local=3   ,RPN=4   ,CPUs=216-287  ,GPU=3 ,NIC=cxi3 ,numa_nodes=3     ,first_numa=3  ,other_nodes=     
Hostname=nid006476   , Rank=825  ,Local=1   ,RPN=4   ,CPUs=72-143   ,GPU=1 ,NIC=cxi1 ,numa_nodes=1     ,first_numa=1  ,other_nodes=     
Hostname=nid006514   , Rank=957  ,Local=1   ,RPN=4   ,CPUs=72-143   ,GPU=1 ,NIC=cxi1 ,numa_nodes=1     ,first_numa=1  ,other_nodes=     
Hostname=nid005795   , Rank=26   ,Local=2   ,RPN=4   ,CPUs=144-215  ,GPU=2 ,NIC=cxi2 ,numa_nodes=2     ,first_numa=2  ,other_nodes=     
Hostname=nid006357   , Rank=401  ,Local=1   ,RPN=4   ,CPUs=72-143   ,GPU=1 ,NIC=cxi1 ,numa_nodes=1     ,first_numa=1  ,other_nodes=     
Hostname=nid006519   , Rank=974  ,Local=2   ,RPN=4   ,CPUs=144-215  ,GPU=2 ,NIC=cxi2 ,numa_nodes=2     ,first_numa=2  ,other_nodes=     
Hostname=nid006377   , Rank=477  ,Local=1   ,RPN=4   ,CPUs=72-143   ,GPU=1 ,NIC=cxi1 ,numa_nodes=1     ,first_numa=1  ,other_nodes=     
Hostname=nid006355   , Rank=398  ,Local=2   ,RPN=4   ,CPUs=144-215  ,GPU=2 ,NIC=cxi2 ,numa_nodes=2     ,first_numa=2  ,other_nodes=     
Hostname=nid006479   , Rank=839  ,Local=3   ,RPN=4   ,CPUs=216-287  ,GPU=3 ,NIC=cxi3 ,numa_nodes=3     ,first_numa=3  ,other_nodes=     
Hostname=nid006504   , Rank=919  ,Local=3   ,RPN=4   ,CPUs=216-287  ,GPU=3 ,NIC=cxi3 ,numa_nodes=3     ,first_numa=3  ,other_nodes=     
Hostname=nid006415   , Rank=624  ,Local=0   ,RPN=4   ,CPUs=0-71     ,GPU=0 ,NIC=cxi0 ,numa_nodes=0     ,first_numa=0  ,other_nodes=     
Hostname=nid005868   , Rank=292  ,Local=0   ,RPN=4   ,CPUs=0-71     ,GPU=0 ,NIC=cxi0 ,numa_nodes=0     ,first_numa=0  ,other_nodes=     
Hostname=nid006371   , Rank=453  ,Local=1   ,RPN=4   ,CPUs=72-143   ,GPU=1 ,NIC=cxi1 ,numa_nodes=1     ,first_numa=1  ,other_nodes=     
Hostname=nid005818   , Rank=118  ,Local=2   ,RPN=4   ,CPUs=144-215  ,GPU=2 ,NIC=cxi2 ,numa_nodes=2     ,first_numa=2  ,other_nodes=     
Hostname=nid006508   , Rank=935  ,Local=3   ,RPN=4   ,CPUs=216-287  ,GPU=3 ,NIC=cxi3 ,numa_nodes=3     ,first_numa=3  ,other_nodes=     
Hostname=nid006346   , Rank=361  ,Local=1   ,RPN=4   ,CPUs=72-143   ,GPU=1 ,NIC=cxi1 ,numa_nodes=1     ,first_numa=1  ,other_nodes=     
Hostname=nid005797   , Rank=32   ,Local=0   ,RPN=4   ,CPUs=0-71     ,GPU=0 ,NIC=cxi0 ,numa_nodes=0     ,first_numa=0  ,other_nodes=     
Hostname=nid006528   , Rank=1011 ,Local=3   ,RPN=4   ,CPUs=216-287  ,GPU=3 ,NIC=cxi3 ,numa_nodes=3     ,first_numa=3  ,other_nodes=     
Hostname=nid006414   , Rank=620  ,Local=0   ,RPN=4   ,CPUs=0-71     ,GPU=0 ,NIC=cxi0 ,numa_nodes=0     ,first_numa=0  ,other_nodes=     
Hostname=nid006494   , Rank=883  ,Local=3   ,RPN=4   ,CPUs=216-287  ,GPU=3 ,NIC=cxi3 ,numa_nodes=3     ,first_numa=3  ,other_nodes=     
Hostname=nid005798   , Rank=36   ,Local=0   ,RPN=4   ,CPUs=0-71     ,GPU=0 ,NIC=cxi0 ,numa_nodes=0     ,first_numa=0  ,other_nodes=     
Hostname=nid006389   , Rank=521  ,Local=1   ,RPN=4   ,CPUs=72-143   ,GPU=1 ,NIC=cxi1 ,numa_nodes=1     ,first_numa=1  ,other_nodes=     
Hostname=nid006451   , Rank=759  ,Local=3   ,RPN=4   ,CPUs=216-287  ,GPU=3 ,NIC=cxi3 ,numa_nodes=3     ,first_numa=3  ,other_nodes=     
Hostname=nid005877   , Rank=320  ,Local=0   ,RPN=4   ,CPUs=0-71     ,GPU=0 ,NIC=cxi0 ,numa_nodes=0     ,first_numa=0  ,other_nodes=     
Hostname=nid006400   , Rank=564  ,Local=0   ,RPN=4   ,CPUs=0-71     ,GPU=0 ,NIC=cxi0 ,numa_nodes=0     ,first_numa=0  ,other_nodes=     
Hostname=nid006530   , Rank=1019 ,Local=3   ,RPN=4   ,CPUs=216-287  ,GPU=3 ,NIC=cxi3 ,numa_nodes=3     ,first_numa=3  ,other_nodes=     
Hostname=nid006373   , Rank=462  ,Local=2   ,RPN=4   ,CPUs=144-215  ,GPU=2 ,NIC=cxi2 ,numa_nodes=2     ,first_numa=2  ,other_nodes=     
Hostname=nid006375   , Rank=469  ,Local=1   ,RPN=4   ,CPUs=72-143   ,GPU=1 ,NIC=cxi1 ,numa_nodes=1     ,first_numa=1  ,other_nodes=     
Hostname=nid006348   , Rank=371  ,Local=3   ,RPN=4   ,CPUs=216-287  ,GPU=3 ,NIC=cxi3 ,numa_nodes=3     ,first_numa=3  ,other_nodes=     
Hostname=nid006437   , Rank=715  ,Local=3   ,RPN=4   ,CPUs=216-287  ,GPU=3 ,NIC=cxi3 ,numa_nodes=3     ,first_numa=3  ,other_nodes=     
Hostname=nid006519   , Rank=975  ,Local=3   ,RPN=4   ,CPUs=216-287  ,GPU=3 ,NIC=cxi3 ,numa_nodes=3     ,first_numa=3  ,other_nodes=     
Hostname=nid006492   , Rank=874  ,Local=2   ,RPN=4   ,CPUs=144-215  ,GPU=2 ,NIC=cxi2 ,numa_nodes=2     ,first_numa=2  ,other_nodes=     
Hostname=nid005848   , Rank=215  ,Local=3   ,RPN=4   ,CPUs=216-287  ,GPU=3 ,NIC=cxi3 ,numa_nodes=3     ,first_numa=3  ,other_nodes=     
Hostname=nid006417   , Rank=634  ,Local=2   ,RPN=4   ,CPUs=144-215  ,GPU=2 ,NIC=cxi2 ,numa_nodes=2     ,first_numa=2  ,other_nodes=     
Hostname=nid006379   , Rank=483  ,Local=3   ,RPN=4   ,CPUs=216-287  ,GPU=3 ,NIC=cxi3 ,numa_nodes=3     ,first_numa=3  ,other_nodes=     
Hostname=nid006443   , Rank=735  ,Local=3   ,RPN=4   ,CPUs=216-287  ,GPU=3 ,NIC=cxi3 ,numa_nodes=3     ,first_numa=3  ,other_nodes=     
Hostname=nid006440   , Rank=724  ,Local=0   ,RPN=4   ,CPUs=0-71     ,GPU=0 ,NIC=cxi0 ,numa_nodes=0     ,first_numa=0  ,other_nodes=     
Hostname=nid006421   , Rank=650  ,Local=2   ,RPN=4   ,CPUs=144-215  ,GPU=2 ,NIC=cxi2 ,numa_nodes=2     ,first_numa=2  ,other_nodes=     
Hostname=nid006383   , Rank=499  ,Local=3   ,RPN=4   ,CPUs=216-287  ,GPU=3 ,NIC=cxi3 ,numa_nodes=3     ,first_numa=3  ,other_nodes=     
Hostname=nid006507   , Rank=931  ,Local=3   ,RPN=4   ,CPUs=216-287  ,GPU=3 ,NIC=cxi3 ,numa_nodes=3     ,first_numa=3  ,other_nodes=     
Hostname=nid005858   , Rank=253  ,Local=1   ,RPN=4   ,CPUs=72-143   ,GPU=1 ,NIC=cxi1 ,numa_nodes=1     ,first_numa=1  ,other_nodes=     
Hostname=nid005864   , Rank=279  ,Local=3   ,RPN=4   ,CPUs=216-287  ,GPU=3 ,NIC=cxi3 ,numa_nodes=3     ,first_numa=3  ,other_nodes=     
Hostname=nid005804   , Rank=61   ,Local=1   ,RPN=4   ,CPUs=72-143   ,GPU=1 ,NIC=cxi1 ,numa_nodes=1     ,first_numa=1  ,other_nodes=     
Hostname=nid006523   , Rank=989  ,Local=1   ,RPN=4   ,CPUs=72-143   ,GPU=1 ,NIC=cxi1 ,numa_nodes=1     ,first_numa=1  ,other_nodes=     
Hostname=nid006351   , Rank=380  ,Local=0   ,RPN=4   ,CPUs=0-71     ,GPU=0 ,NIC=cxi0 ,numa_nodes=0     ,first_numa=0  ,other_nodes=     
Hostname=nid005870   , Rank=303  ,Local=3   ,RPN=4   ,CPUs=216-287  ,GPU=3 ,NIC=cxi3 ,numa_nodes=3     ,first_numa=3  ,other_nodes=     
Hostname=nid005872   , Rank=311  ,Local=3   ,RPN=4   ,CPUs=216-287  ,GPU=3 ,NIC=cxi3 ,numa_nodes=3     ,first_numa=3  ,other_nodes=     
Hostname=nid006349   , Rank=372  ,Local=0   ,RPN=4   ,CPUs=0-71     ,GPU=0 ,NIC=cxi0 ,numa_nodes=0     ,first_numa=0  ,other_nodes=     
Hostname=nid005794   , Rank=23   ,Local=3   ,RPN=4   ,CPUs=216-287  ,GPU=3 ,NIC=cxi3 ,numa_nodes=3     ,first_numa=3  ,other_nodes=     
Hostname=nid005852   , Rank=231  ,Local=3   ,RPN=4   ,CPUs=216-287  ,GPU=3 ,NIC=cxi3 ,numa_nodes=3     ,first_numa=3  ,other_nodes=     
Hostname=nid006415   , Rank=627  ,Local=3   ,RPN=4   ,CPUs=216-287  ,GPU=3 ,NIC=cxi3 ,numa_nodes=3     ,first_numa=3  ,other_nodes=     
Hostname=nid006392   , Rank=535  ,Local=3   ,RPN=4   ,CPUs=216-287  ,GPU=3 ,NIC=cxi3 ,numa_nodes=3     ,first_numa=3  ,other_nodes=     
Hostname=nid005875   , Rank=319  ,Local=3   ,RPN=4   ,CPUs=216-287  ,GPU=3 ,NIC=cxi3 ,numa_nodes=3     ,first_numa=3  ,other_nodes=     
Hostname=nid006428   , Rank=679  ,Local=3   ,RPN=4   ,CPUs=216-287  ,GPU=3 ,NIC=cxi3 ,numa_nodes=3     ,first_numa=3  ,other_nodes=     
Hostname=nid006398   , Rank=558  ,Local=2   ,RPN=4   ,CPUs=144-215  ,GPU=2 ,NIC=cxi2 ,numa_nodes=2     ,first_numa=2  ,other_nodes=     
Hostname=nid006464   , Rank=789  ,Local=1   ,RPN=4   ,CPUs=72-143   ,GPU=1 ,NIC=cxi1 ,numa_nodes=1     ,first_numa=1  ,other_nodes=     
Hostname=nid006390   , Rank=527  ,Local=3   ,RPN=4   ,CPUs=216-287  ,GPU=3 ,NIC=cxi3 ,numa_nodes=3     ,first_numa=3  ,other_nodes=     
Hostname=nid006496   , Rank=890  ,Local=2   ,RPN=4   ,CPUs=144-215  ,GPU=2 ,NIC=cxi2 ,numa_nodes=2     ,first_numa=2  ,other_nodes=     
Hostname=nid006480   , Rank=843  ,Local=3   ,RPN=4   ,CPUs=216-287  ,GPU=3 ,NIC=cxi3 ,numa_nodes=3     ,first_numa=3  ,other_nodes=     
Hostname=nid006526   , Rank=1003 ,Local=3   ,RPN=4   ,CPUs=216-287  ,GPU=3 ,NIC=cxi3 ,numa_nodes=3     ,first_numa=3  ,other_nodes=     
Hostname=nid006502   , Rank=910  ,Local=2   ,RPN=4   ,CPUs=144-215  ,GPU=2 ,NIC=cxi2 ,numa_nodes=2     ,first_numa=2  ,other_nodes=     
Hostname=nid006413   , Rank=619  ,Local=3   ,RPN=4   ,CPUs=216-287  ,GPU=3 ,NIC=cxi3 ,numa_nodes=3     ,first_numa=3  ,other_nodes=     
Hostname=nid005791   , Rank=10   ,Local=2   ,RPN=4   ,CPUs=144-215  ,GPU=2 ,NIC=cxi2 ,numa_nodes=2     ,first_numa=2  ,other_nodes=     
Hostname=nid006470   , Rank=810  ,Local=2   ,RPN=4   ,CPUs=144-215  ,GPU=2 ,NIC=cxi2 ,numa_nodes=2     ,first_numa=2  ,other_nodes=     
Hostname=nid006407   , Rank=594  ,Local=2   ,RPN=4   ,CPUs=144-215  ,GPU=2 ,NIC=cxi2 ,numa_nodes=2     ,first_numa=2  ,other_nodes=     
Hostname=nid006449   , Rank=751  ,Local=3   ,RPN=4   ,CPUs=216-287  ,GPU=3 ,NIC=cxi3 ,numa_nodes=3     ,first_numa=3  ,other_nodes=     
Hostname=nid006528   , Rank=1010 ,Local=2   ,RPN=4   ,CPUs=144-215  ,GPU=2 ,NIC=cxi2 ,numa_nodes=2     ,first_numa=2  ,other_nodes=     
Hostname=nid006434   , Rank=700  ,Local=0   ,RPN=4   ,CPUs=0-71     ,GPU=0 ,NIC=cxi0 ,numa_nodes=0     ,first_numa=0  ,other_nodes=     
Hostname=nid006388   , Rank=519  ,Local=3   ,RPN=4   ,CPUs=216-287  ,GPU=3 ,NIC=cxi3 ,numa_nodes=3     ,first_numa=3  ,other_nodes=     
Hostname=nid006438   , Rank=719  ,Local=3   ,RPN=4   ,CPUs=216-287  ,GPU=3 ,NIC=cxi3 ,numa_nodes=3     ,first_numa=3  ,other_nodes=     
Hostname=nid006478   , Rank=835  ,Local=3   ,RPN=4   ,CPUs=216-287  ,GPU=3 ,NIC=cxi3 ,numa_nodes=3     ,first_numa=3  ,other_nodes=     
Hostname=nid005836   , Rank=179  ,Local=3   ,RPN=4   ,CPUs=216-287  ,GPU=3 ,NIC=cxi3 ,numa_nodes=3     ,first_numa=3  ,other_nodes=     
Hostname=nid006484   , Rank=855  ,Local=3   ,RPN=4   ,CPUs=216-287  ,GPU=3 ,NIC=cxi3 ,numa_nodes=3     ,first_numa=3  ,other_nodes=     
Hostname=nid006427   , Rank=675  ,Local=3   ,RPN=4   ,CPUs=216-287  ,GPU=3 ,NIC=cxi3 ,numa_nodes=3     ,first_numa=3  ,other_nodes=     
Hostname=nid006361   , Rank=415  ,Local=3   ,RPN=4   ,CPUs=216-287  ,GPU=3 ,NIC=cxi3 ,numa_nodes=3     ,first_numa=3  ,other_nodes=     
Hostname=nid006433   , Rank=698  ,Local=2   ,RPN=4   ,CPUs=144-215  ,GPU=2 ,NIC=cxi2 ,numa_nodes=2     ,first_numa=2  ,other_nodes=     
Hostname=nid006494   , Rank=882  ,Local=2   ,RPN=4   ,CPUs=144-215  ,GPU=2 ,NIC=cxi2 ,numa_nodes=2     ,first_numa=2  ,other_nodes=     
Hostname=nid005878   , Rank=327  ,Local=3   ,RPN=4   ,CPUs=216-287  ,GPU=3 ,NIC=cxi3 ,numa_nodes=3     ,first_numa=3  ,other_nodes=     
Hostname=nid006358   , Rank=406  ,Local=2   ,RPN=4   ,CPUs=144-215  ,GPU=2 ,NIC=cxi2 ,numa_nodes=2     ,first_numa=2  ,other_nodes=     
Hostname=nid006527   , Rank=1006 ,Local=2   ,RPN=4   ,CPUs=144-215  ,GPU=2 ,NIC=cxi2 ,numa_nodes=2     ,first_numa=2  ,other_nodes=     
Hostname=nid005799   , Rank=42   ,Local=2   ,RPN=4   ,CPUs=144-215  ,GPU=2 ,NIC=cxi2 ,numa_nodes=2     ,first_numa=2  ,other_nodes=     
Hostname=nid006350   , Rank=378  ,Local=2   ,RPN=4   ,CPUs=144-215  ,GPU=2 ,NIC=cxi2 ,numa_nodes=2     ,first_numa=2  ,other_nodes=     
Hostname=nid006354   , Rank=392  ,Local=0   ,RPN=4   ,CPUs=0-71     ,GPU=0 ,NIC=cxi0 ,numa_nodes=0     ,first_numa=0  ,other_nodes=     
Hostname=nid006417   , Rank=633  ,Local=1   ,RPN=4   ,CPUs=72-143   ,GPU=1 ,NIC=cxi1 ,numa_nodes=1     ,first_numa=1  ,other_nodes=     
Hostname=nid005866   , Rank=284  ,Local=0   ,RPN=4   ,CPUs=0-71     ,GPU=0 ,NIC=cxi0 ,numa_nodes=0     ,first_numa=0  ,other_nodes=     
Hostname=nid006460   , Rank=774  ,Local=2   ,RPN=4   ,CPUs=144-215  ,GPU=2 ,NIC=cxi2 ,numa_nodes=2     ,first_numa=2  ,other_nodes=     
Hostname=nid005829   , Rank=158  ,Local=2   ,RPN=4   ,CPUs=144-215  ,GPU=2 ,NIC=cxi2 ,numa_nodes=2     ,first_numa=2  ,other_nodes=     
Hostname=nid006359   , Rank=409  ,Local=1   ,RPN=4   ,CPUs=72-143   ,GPU=1 ,NIC=cxi1 ,numa_nodes=1     ,first_numa=1  ,other_nodes=     
Hostname=nid005808   , Rank=76   ,Local=0   ,RPN=4   ,CPUs=0-71     ,GPU=0 ,NIC=cxi0 ,numa_nodes=0     ,first_numa=0  ,other_nodes=     
Hostname=nid005872   , Rank=310  ,Local=2   ,RPN=4   ,CPUs=144-215  ,GPU=2 ,NIC=cxi2 ,numa_nodes=2     ,first_numa=2  ,other_nodes=     
Hostname=nid005823   , Rank=138  ,Local=2   ,RPN=4   ,CPUs=144-215  ,GPU=2 ,NIC=cxi2 ,numa_nodes=2     ,first_numa=2  ,other_nodes=     
Hostname=nid006371   , Rank=455  ,Local=3   ,RPN=4   ,CPUs=216-287  ,GPU=3 ,NIC=cxi3 ,numa_nodes=3     ,first_numa=3  ,other_nodes=     
Hostname=nid005890   , Rank=336  ,Local=0   ,RPN=4   ,CPUs=0-71     ,GPU=0 ,NIC=cxi0 ,numa_nodes=0     ,first_numa=0  ,other_nodes=     
Hostname=nid006519   , Rank=973  ,Local=1   ,RPN=4   ,CPUs=72-143   ,GPU=1 ,NIC=cxi1 ,numa_nodes=1     ,first_numa=1  ,other_nodes=     
Hostname=nid006357   , Rank=403  ,Local=3   ,RPN=4   ,CPUs=216-287  ,GPU=3 ,NIC=cxi3 ,numa_nodes=3     ,first_numa=3  ,other_nodes=     
Hostname=nid006388   , Rank=518  ,Local=2   ,RPN=4   ,CPUs=144-215  ,GPU=2 ,NIC=cxi2 ,numa_nodes=2     ,first_numa=2  ,other_nodes=     
Hostname=nid005796   , Rank=29   ,Local=1   ,RPN=4   ,CPUs=72-143   ,GPU=1 ,NIC=cxi1 ,numa_nodes=1     ,first_numa=1  ,other_nodes=     
Hostname=nid006415   , Rank=625  ,Local=1   ,RPN=4   ,CPUs=72-143   ,GPU=1 ,NIC=cxi1 ,numa_nodes=1     ,first_numa=1  ,other_nodes=     
Hostname=nid006416   , Rank=631  ,Local=3   ,RPN=4   ,CPUs=216-287  ,GPU=3 ,NIC=cxi3 ,numa_nodes=3     ,first_numa=3  ,other_nodes=     
Hostname=nid005798   , Rank=39   ,Local=3   ,RPN=4   ,CPUs=216-287  ,GPU=3 ,NIC=cxi3 ,numa_nodes=3     ,first_numa=3  ,other_nodes=     
Hostname=nid006523   , Rank=991  ,Local=3   ,RPN=4   ,CPUs=216-287  ,GPU=3 ,NIC=cxi3 ,numa_nodes=3     ,first_numa=3  ,other_nodes=     
Hostname=nid006428   , Rank=678  ,Local=2   ,RPN=4   ,CPUs=144-215  ,GPU=2 ,NIC=cxi2 ,numa_nodes=2     ,first_numa=2  ,other_nodes=     
Hostname=nid005807   , Rank=75   ,Local=3   ,RPN=4   ,CPUs=216-287  ,GPU=3 ,NIC=cxi3 ,numa_nodes=3     ,first_numa=3  ,other_nodes=     
Hostname=nid006497   , Rank=894  ,Local=2   ,RPN=4   ,CPUs=144-215  ,GPU=2 ,NIC=cxi2 ,numa_nodes=2     ,first_numa=2  ,other_nodes=     
Hostname=nid006478   , Rank=833  ,Local=1   ,RPN=4   ,CPUs=72-143   ,GPU=1 ,NIC=cxi1 ,numa_nodes=1     ,first_numa=1  ,other_nodes=     
Hostname=nid005852   , Rank=230  ,Local=2   ,RPN=4   ,CPUs=144-215  ,GPU=2 ,NIC=cxi2 ,numa_nodes=2     ,first_numa=2  ,other_nodes=     
Hostname=nid006503   , Rank=915  ,Local=3   ,RPN=4   ,CPUs=216-287  ,GPU=3 ,NIC=cxi3 ,numa_nodes=3     ,first_numa=3  ,other_nodes=     
Hostname=nid006399   , Rank=561  ,Local=1   ,RPN=4   ,CPUs=72-143   ,GPU=1 ,NIC=cxi1 ,numa_nodes=1     ,first_numa=1  ,other_nodes=     
Hostname=nid006449   , Rank=750  ,Local=2   ,RPN=4   ,CPUs=144-215  ,GPU=2 ,NIC=cxi2 ,numa_nodes=2     ,first_numa=2  ,other_nodes=     
Hostname=nid006421   , Rank=651  ,Local=3   ,RPN=4   ,CPUs=216-287  ,GPU=3 ,NIC=cxi3 ,numa_nodes=3     ,first_numa=3  ,other_nodes=     
Hostname=nid006351   , Rank=382  ,Local=2   ,RPN=4   ,CPUs=144-215  ,GPU=2 ,NIC=cxi2 ,numa_nodes=2     ,first_numa=2  ,other_nodes=     
Hostname=nid006451   , Rank=758  ,Local=2   ,RPN=4   ,CPUs=144-215  ,GPU=2 ,NIC=cxi2 ,numa_nodes=2     ,first_numa=2  ,other_nodes=     
Hostname=nid006435   , Rank=707  ,Local=3   ,RPN=4   ,CPUs=216-287  ,GPU=3 ,NIC=cxi3 ,numa_nodes=3     ,first_numa=3  ,other_nodes=     
Hostname=nid006509   , Rank=938  ,Local=2   ,RPN=4   ,CPUs=144-215  ,GPU=2 ,NIC=cxi2 ,numa_nodes=2     ,first_numa=2  ,other_nodes=     
Hostname=nid005863   , Rank=275  ,Local=3   ,RPN=4   ,CPUs=216-287  ,GPU=3 ,NIC=cxi3 ,numa_nodes=3     ,first_numa=3  ,other_nodes=     
Hostname=nid005813   , Rank=96   ,Local=0   ,RPN=4   ,CPUs=0-71     ,GPU=0 ,NIC=cxi0 ,numa_nodes=0     ,first_numa=0  ,other_nodes=     
Hostname=nid006385   , Rank=506  ,Local=2   ,RPN=4   ,CPUs=144-215  ,GPU=2 ,NIC=cxi2 ,numa_nodes=2     ,first_numa=2  ,other_nodes=     
Hostname=nid006400   , Rank=567  ,Local=3   ,RPN=4   ,CPUs=216-287  ,GPU=3 ,NIC=cxi3 ,numa_nodes=3     ,first_numa=3  ,other_nodes=     
Hostname=nid006384   , Rank=502  ,Local=2   ,RPN=4   ,CPUs=144-215  ,GPU=2 ,NIC=cxi2 ,numa_nodes=2     ,first_numa=2  ,other_nodes=     
Hostname=nid005830   , Rank=163  ,Local=3   ,RPN=4   ,CPUs=216-287  ,GPU=3 ,NIC=cxi3 ,numa_nodes=3     ,first_numa=3  ,other_nodes=     
Hostname=nid006350   , Rank=376  ,Local=0   ,RPN=4   ,CPUs=0-71     ,GPU=0 ,NIC=cxi0 ,numa_nodes=0     ,first_numa=0  ,other_nodes=     
Hostname=nid006393   , Rank=537  ,Local=1   ,RPN=4   ,CPUs=72-143   ,GPU=1 ,NIC=cxi1 ,numa_nodes=1     ,first_numa=1  ,other_nodes=     
Hostname=nid006502   , Rank=909  ,Local=1   ,RPN=4   ,CPUs=72-143   ,GPU=1 ,NIC=cxi1 ,numa_nodes=1     ,first_numa=1  ,other_nodes=     
Hostname=nid006528   , Rank=1009 ,Local=1   ,RPN=4   ,CPUs=72-143   ,GPU=1 ,NIC=cxi1 ,numa_nodes=1     ,first_numa=1  ,other_nodes=     
Hostname=nid005878   , Rank=326  ,Local=2   ,RPN=4   ,CPUs=144-215  ,GPU=2 ,NIC=cxi2 ,numa_nodes=2     ,first_numa=2  ,other_nodes=     
Hostname=nid005846   , Rank=210  ,Local=2   ,RPN=4   ,CPUs=144-215  ,GPU=2 ,NIC=cxi2 ,numa_nodes=2     ,first_numa=2  ,other_nodes=     
Hostname=nid005870   , Rank=302  ,Local=2   ,RPN=4   ,CPUs=144-215  ,GPU=2 ,NIC=cxi2 ,numa_nodes=2     ,first_numa=2  ,other_nodes=     
Hostname=nid006395   , Rank=547  ,Local=3   ,RPN=4   ,CPUs=216-287  ,GPU=3 ,NIC=cxi3 ,numa_nodes=3     ,first_numa=3  ,other_nodes=     
Hostname=nid006426   , Rank=670  ,Local=2   ,RPN=4   ,CPUs=144-215  ,GPU=2 ,NIC=cxi2 ,numa_nodes=2     ,first_numa=2  ,other_nodes=     
Hostname=nid006398   , Rank=557  ,Local=1   ,RPN=4   ,CPUs=72-143   ,GPU=1 ,NIC=cxi1 ,numa_nodes=1     ,first_numa=1  ,other_nodes=     
Hostname=nid006387   , Rank=513  ,Local=1   ,RPN=4   ,CPUs=72-143   ,GPU=1 ,NIC=cxi1 ,numa_nodes=1     ,first_numa=1  ,other_nodes=     
Hostname=nid005864   , Rank=278  ,Local=2   ,RPN=4   ,CPUs=144-215  ,GPU=2 ,NIC=cxi2 ,numa_nodes=2     ,first_numa=2  ,other_nodes=     
Hostname=nid006467   , Rank=797  ,Local=1   ,RPN=4   ,CPUs=72-143   ,GPU=1 ,NIC=cxi1 ,numa_nodes=1     ,first_numa=1  ,other_nodes=     
Hostname=nid006435   , Rank=706  ,Local=2   ,RPN=4   ,CPUs=144-215  ,GPU=2 ,NIC=cxi2 ,numa_nodes=2     ,first_numa=2  ,other_nodes=     
Hostname=nid006346   , Rank=362  ,Local=2   ,RPN=4   ,CPUs=144-215  ,GPU=2 ,NIC=cxi2 ,numa_nodes=2     ,first_numa=2  ,other_nodes=     
Hostname=nid006349   , Rank=375  ,Local=3   ,RPN=4   ,CPUs=216-287  ,GPU=3 ,NIC=cxi3 ,numa_nodes=3     ,first_numa=3  ,other_nodes=     
Hostname=nid006358   , Rank=407  ,Local=3   ,RPN=4   ,CPUs=216-287  ,GPU=3 ,NIC=cxi3 ,numa_nodes=3     ,first_numa=3  ,other_nodes=     
Hostname=nid005866   , Rank=285  ,Local=1   ,RPN=4   ,CPUs=72-143   ,GPU=1 ,NIC=cxi1 ,numa_nodes=1     ,first_numa=1  ,other_nodes=     
Hostname=nid006359   , Rank=408  ,Local=0   ,RPN=4   ,CPUs=0-71     ,GPU=0 ,NIC=cxi0 ,numa_nodes=0     ,first_numa=0  ,other_nodes=     
Hostname=nid006494   , Rank=881  ,Local=1   ,RPN=4   ,CPUs=72-143   ,GPU=1 ,NIC=cxi1 ,numa_nodes=1     ,first_numa=1  ,other_nodes=     
Hostname=nid006527   , Rank=1005 ,Local=1   ,RPN=4   ,CPUs=72-143   ,GPU=1 ,NIC=cxi1 ,numa_nodes=1     ,first_numa=1  ,other_nodes=     
Hostname=nid006473   , Rank=818  ,Local=2   ,RPN=4   ,CPUs=144-215  ,GPU=2 ,NIC=cxi2 ,numa_nodes=2     ,first_numa=2  ,other_nodes=     
Hostname=nid005871   , Rank=306  ,Local=2   ,RPN=4   ,CPUs=144-215  ,GPU=2 ,NIC=cxi2 ,numa_nodes=2     ,first_numa=2  ,other_nodes=     
Hostname=nid006470   , Rank=811  ,Local=3   ,RPN=4   ,CPUs=216-287  ,GPU=3 ,NIC=cxi3 ,numa_nodes=3     ,first_numa=3  ,other_nodes=     
Hostname=nid005807   , Rank=72   ,Local=0   ,RPN=4   ,CPUs=0-71     ,GPU=0 ,NIC=cxi0 ,numa_nodes=0     ,first_numa=0  ,other_nodes=     
Hostname=nid006486   , Rank=860  ,Local=0   ,RPN=4   ,CPUs=0-71     ,GPU=0 ,NIC=cxi0 ,numa_nodes=0     ,first_numa=0  ,other_nodes=     
Hostname=nid006458   , Rank=768  ,Local=0   ,RPN=4   ,CPUs=0-71     ,GPU=0 ,NIC=cxi0 ,numa_nodes=0     ,first_numa=0  ,other_nodes=     
Hostname=nid006512   , Rank=948  ,Local=0   ,RPN=4   ,CPUs=0-71     ,GPU=0 ,NIC=cxi0 ,numa_nodes=0     ,first_numa=0  ,other_nodes=     
Hostname=nid005844   , Rank=201  ,Local=1   ,RPN=4   ,CPUs=72-143   ,GPU=1 ,NIC=cxi1 ,numa_nodes=1     ,first_numa=1  ,other_nodes=     
Hostname=nid006389   , Rank=522  ,Local=2   ,RPN=4   ,CPUs=144-215  ,GPU=2 ,NIC=cxi2 ,numa_nodes=2     ,first_numa=2  ,other_nodes=     
Hostname=nid006413   , Rank=616  ,Local=0   ,RPN=4   ,CPUs=0-71     ,GPU=0 ,NIC=cxi0 ,numa_nodes=0     ,first_numa=0  ,other_nodes=     
Hostname=nid006384   , Rank=500  ,Local=0   ,RPN=4   ,CPUs=0-71     ,GPU=0 ,NIC=cxi0 ,numa_nodes=0     ,first_numa=0  ,other_nodes=     
Hostname=nid006521   , Rank=983  ,Local=3   ,RPN=4   ,CPUs=216-287  ,GPU=3 ,NIC=cxi3 ,numa_nodes=3     ,first_numa=3  ,other_nodes=     
Hostname=nid005801   , Rank=51   ,Local=3   ,RPN=4   ,CPUs=216-287  ,GPU=3 ,NIC=cxi3 ,numa_nodes=3     ,first_numa=3  ,other_nodes=     
Hostname=nid005808   , Rank=79   ,Local=3   ,RPN=4   ,CPUs=216-287  ,GPU=3 ,NIC=cxi3 ,numa_nodes=3     ,first_numa=3  ,other_nodes=     
Hostname=nid006388   , Rank=517  ,Local=1   ,RPN=4   ,CPUs=72-143   ,GPU=1 ,NIC=cxi1 ,numa_nodes=1     ,first_numa=1  ,other_nodes=     
Hostname=nid005871   , Rank=307  ,Local=3   ,RPN=4   ,CPUs=216-287  ,GPU=3 ,NIC=cxi3 ,numa_nodes=3     ,first_numa=3  ,other_nodes=     
Hostname=nid006461   , Rank=777  ,Local=1   ,RPN=4   ,CPUs=72-143   ,GPU=1 ,NIC=cxi1 ,numa_nodes=1     ,first_numa=1  ,other_nodes=     
Hostname=nid006350   , Rank=379  ,Local=3   ,RPN=4   ,CPUs=216-287  ,GPU=3 ,NIC=cxi3 ,numa_nodes=3     ,first_numa=3  ,other_nodes=     
Hostname=nid006371   , Rank=454  ,Local=2   ,RPN=4   ,CPUs=144-215  ,GPU=2 ,NIC=cxi2 ,numa_nodes=2     ,first_numa=2  ,other_nodes=     
Hostname=nid006458   , Rank=771  ,Local=3   ,RPN=4   ,CPUs=216-287  ,GPU=3 ,NIC=cxi3 ,numa_nodes=3     ,first_numa=3  ,other_nodes=     
Hostname=nid005827   , Rank=151  ,Local=3   ,RPN=4   ,CPUs=216-287  ,GPU=3 ,NIC=cxi3 ,numa_nodes=3     ,first_numa=3  ,other_nodes=     
Hostname=nid006373   , Rank=463  ,Local=3   ,RPN=4   ,CPUs=216-287  ,GPU=3 ,NIC=cxi3 ,numa_nodes=3     ,first_numa=3  ,other_nodes=     
Hostname=nid005813   , Rank=98   ,Local=2   ,RPN=4   ,CPUs=144-215  ,GPU=2 ,NIC=cxi2 ,numa_nodes=2     ,first_numa=2  ,other_nodes=     
Hostname=nid006421   , Rank=649  ,Local=1   ,RPN=4   ,CPUs=72-143   ,GPU=1 ,NIC=cxi1 ,numa_nodes=1     ,first_numa=1  ,other_nodes=     
Hostname=nid006496   , Rank=891  ,Local=3   ,RPN=4   ,CPUs=216-287  ,GPU=3 ,NIC=cxi3 ,numa_nodes=3     ,first_numa=3  ,other_nodes=     
Hostname=nid005797   , Rank=34   ,Local=2   ,RPN=4   ,CPUs=144-215  ,GPU=2 ,NIC=cxi2 ,numa_nodes=2     ,first_numa=2  ,other_nodes=     
Hostname=nid006484   , Rank=852  ,Local=0   ,RPN=4   ,CPUs=0-71     ,GPU=0 ,NIC=cxi0 ,numa_nodes=0     ,first_numa=0  ,other_nodes=     
Hostname=nid006396   , Rank=550  ,Local=2   ,RPN=4   ,CPUs=144-215  ,GPU=2 ,NIC=cxi2 ,numa_nodes=2     ,first_numa=2  ,other_nodes=     
Hostname=nid006458   , Rank=769  ,Local=1   ,RPN=4   ,CPUs=72-143   ,GPU=1 ,NIC=cxi1 ,numa_nodes=1     ,first_numa=1  ,other_nodes=     
Hostname=nid006404   , Rank=580  ,Local=0   ,RPN=4   ,CPUs=0-71     ,GPU=0 ,NIC=cxi0 ,numa_nodes=0     ,first_numa=0  ,other_nodes=     
Hostname=nid006404   , Rank=583  ,Local=3   ,RPN=4   ,CPUs=216-287  ,GPU=3 ,NIC=cxi3 ,numa_nodes=3     ,first_numa=3  ,other_nodes=     
Hostname=nid006346   , Rank=363  ,Local=3   ,RPN=4   ,CPUs=216-287  ,GPU=3 ,NIC=cxi3 ,numa_nodes=3     ,first_numa=3  ,other_nodes=     
Hostname=nid005818   , Rank=117  ,Local=1   ,RPN=4   ,CPUs=72-143   ,GPU=1 ,NIC=cxi1 ,numa_nodes=1     ,first_numa=1  ,other_nodes=     
Hostname=nid005811   , Rank=88   ,Local=0   ,RPN=4   ,CPUs=0-71     ,GPU=0 ,NIC=cxi0 ,numa_nodes=0     ,first_numa=0  ,other_nodes=     
Hostname=nid006367   , Rank=436  ,Local=0   ,RPN=4   ,CPUs=0-71     ,GPU=0 ,NIC=cxi0 ,numa_nodes=0     ,first_numa=0  ,other_nodes=     
Hostname=nid006473   , Rank=817  ,Local=1   ,RPN=4   ,CPUs=72-143   ,GPU=1 ,NIC=cxi1 ,numa_nodes=1     ,first_numa=1  ,other_nodes=     
Hostname=nid006385   , Rank=504  ,Local=0   ,RPN=4   ,CPUs=0-71     ,GPU=0 ,NIC=cxi0 ,numa_nodes=0     ,first_numa=0  ,other_nodes=     
Hostname=nid005890   , Rank=338  ,Local=2   ,RPN=4   ,CPUs=144-215  ,GPU=2 ,NIC=cxi2 ,numa_nodes=2     ,first_numa=2  ,other_nodes=     
Hostname=nid005832   , Rank=168  ,Local=0   ,RPN=4   ,CPUs=0-71     ,GPU=0 ,NIC=cxi0 ,numa_nodes=0     ,first_numa=0  ,other_nodes=     
Hostname=nid006449   , Rank=749  ,Local=1   ,RPN=4   ,CPUs=72-143   ,GPU=1 ,NIC=cxi1 ,numa_nodes=1     ,first_numa=1  ,other_nodes=     
Hostname=nid005866   , Rank=286  ,Local=2   ,RPN=4   ,CPUs=144-215  ,GPU=2 ,NIC=cxi2 ,numa_nodes=2     ,first_numa=2  ,other_nodes=     
Hostname=nid006425   , Rank=664  ,Local=0   ,RPN=4   ,CPUs=0-71     ,GPU=0 ,NIC=cxi0 ,numa_nodes=0     ,first_numa=0  ,other_nodes=     
Hostname=nid005828   , Rank=152  ,Local=0   ,RPN=4   ,CPUs=0-71     ,GPU=0 ,NIC=cxi0 ,numa_nodes=0     ,first_numa=0  ,other_nodes=     
Hostname=nid006505   , Rank=921  ,Local=1   ,RPN=4   ,CPUs=72-143   ,GPU=1 ,NIC=cxi1 ,numa_nodes=1     ,first_numa=1  ,other_nodes=     
Hostname=nid006396   , Rank=551  ,Local=3   ,RPN=4   ,CPUs=216-287  ,GPU=3 ,NIC=cxi3 ,numa_nodes=3     ,first_numa=3  ,other_nodes=     
Hostname=nid006387   , Rank=514  ,Local=2   ,RPN=4   ,CPUs=144-215  ,GPU=2 ,NIC=cxi2 ,numa_nodes=2     ,first_numa=2  ,other_nodes=     
Hostname=nid006425   , Rank=665  ,Local=1   ,RPN=4   ,CPUs=72-143   ,GPU=1 ,NIC=cxi1 ,numa_nodes=1     ,first_numa=1  ,other_nodes=     
Hostname=nid005828   , Rank=155  ,Local=3   ,RPN=4   ,CPUs=216-287  ,GPU=3 ,NIC=cxi3 ,numa_nodes=3     ,first_numa=3  ,other_nodes=     
Hostname=nid006437   , Rank=714  ,Local=2   ,RPN=4   ,CPUs=144-215  ,GPU=2 ,NIC=cxi2 ,numa_nodes=2     ,first_numa=2  ,other_nodes=     
Hostname=nid005856   , Rank=244  ,Local=0   ,RPN=4   ,CPUs=0-71     ,GPU=0 ,NIC=cxi0 ,numa_nodes=0     ,first_numa=0  ,other_nodes=     
Hostname=nid005799   , Rank=43   ,Local=3   ,RPN=4   ,CPUs=216-287  ,GPU=3 ,NIC=cxi3 ,numa_nodes=3     ,first_numa=3  ,other_nodes=     
Hostname=nid005892   , Rank=344  ,Local=0   ,RPN=4   ,CPUs=0-71     ,GPU=0 ,NIC=cxi0 ,numa_nodes=0     ,first_numa=0  ,other_nodes=     
Hostname=nid006440   , Rank=726  ,Local=2   ,RPN=4   ,CPUs=144-215  ,GPU=2 ,NIC=cxi2 ,numa_nodes=2     ,first_numa=2  ,other_nodes=     
Hostname=nid005794   , Rank=22   ,Local=2   ,RPN=4   ,CPUs=144-215  ,GPU=2 ,NIC=cxi2 ,numa_nodes=2     ,first_numa=2  ,other_nodes=     
Hostname=nid005796   , Rank=30   ,Local=2   ,RPN=4   ,CPUs=144-215  ,GPU=2 ,NIC=cxi2 ,numa_nodes=2     ,first_numa=2  ,other_nodes=     
Hostname=nid006417   , Rank=635  ,Local=3   ,RPN=4   ,CPUs=216-287  ,GPU=3 ,NIC=cxi3 ,numa_nodes=3     ,first_numa=3  ,other_nodes=     
Hostname=nid005827   , Rank=150  ,Local=2   ,RPN=4   ,CPUs=144-215  ,GPU=2 ,NIC=cxi2 ,numa_nodes=2     ,first_numa=2  ,other_nodes=     
Hostname=nid006521   , Rank=982  ,Local=2   ,RPN=4   ,CPUs=144-215  ,GPU=2 ,NIC=cxi2 ,numa_nodes=2     ,first_numa=2  ,other_nodes=     
Hostname=nid006499   , Rank=899  ,Local=3   ,RPN=4   ,CPUs=216-287  ,GPU=3 ,NIC=cxi3 ,numa_nodes=3     ,first_numa=3  ,other_nodes=     
Hostname=nid006392   , Rank=534  ,Local=2   ,RPN=4   ,CPUs=144-215  ,GPU=2 ,NIC=cxi2 ,numa_nodes=2     ,first_numa=2  ,other_nodes=     
Hostname=nid006416   , Rank=630  ,Local=2   ,RPN=4   ,CPUs=144-215  ,GPU=2 ,NIC=cxi2 ,numa_nodes=2     ,first_numa=2  ,other_nodes=     
Hostname=nid006523   , Rank=990  ,Local=2   ,RPN=4   ,CPUs=144-215  ,GPU=2 ,NIC=cxi2 ,numa_nodes=2     ,first_numa=2  ,other_nodes=     
Hostname=nid006500   , Rank=902  ,Local=2   ,RPN=4   ,CPUs=144-215  ,GPU=2 ,NIC=cxi2 ,numa_nodes=2     ,first_numa=2  ,other_nodes=     
Hostname=nid006349   , Rank=374  ,Local=2   ,RPN=4   ,CPUs=144-215  ,GPU=2 ,NIC=cxi2 ,numa_nodes=2     ,first_numa=2  ,other_nodes=     
Hostname=nid006497   , Rank=895  ,Local=3   ,RPN=4   ,CPUs=216-287  ,GPU=3 ,NIC=cxi3 ,numa_nodes=3     ,first_numa=3  ,other_nodes=     
Hostname=nid006521   , Rank=980  ,Local=0   ,RPN=4   ,CPUs=0-71     ,GPU=0 ,NIC=cxi0 ,numa_nodes=0     ,first_numa=0  ,other_nodes=     
Hostname=nid006516   , Rank=967  ,Local=3   ,RPN=4   ,CPUs=216-287  ,GPU=3 ,NIC=cxi3 ,numa_nodes=3     ,first_numa=3  ,other_nodes=     
Hostname=nid006512   , Rank=949  ,Local=1   ,RPN=4   ,CPUs=72-143   ,GPU=1 ,NIC=cxi1 ,numa_nodes=1     ,first_numa=1  ,other_nodes=     
Hostname=nid006357   , Rank=402  ,Local=2   ,RPN=4   ,CPUs=144-215  ,GPU=2 ,NIC=cxi2 ,numa_nodes=2     ,first_numa=2  ,other_nodes=     
Hostname=nid006447   , Rank=740  ,Local=0   ,RPN=4   ,CPUs=0-71     ,GPU=0 ,NIC=cxi0 ,numa_nodes=0     ,first_numa=0  ,other_nodes=     
Hostname=nid006358   , Rank=405  ,Local=1   ,RPN=4   ,CPUs=72-143   ,GPU=1 ,NIC=cxi1 ,numa_nodes=1     ,first_numa=1  ,other_nodes=     
Hostname=nid005846   , Rank=209  ,Local=1   ,RPN=4   ,CPUs=72-143   ,GPU=1 ,NIC=cxi1 ,numa_nodes=1     ,first_numa=1  ,other_nodes=     
Hostname=nid006419   , Rank=643  ,Local=3   ,RPN=4   ,CPUs=216-287  ,GPU=3 ,NIC=cxi3 ,numa_nodes=3     ,first_numa=3  ,other_nodes=     
Hostname=nid006403   , Rank=578  ,Local=2   ,RPN=4   ,CPUs=144-215  ,GPU=2 ,NIC=cxi2 ,numa_nodes=2     ,first_numa=2  ,other_nodes=     
Hostname=nid006435   , Rank=705  ,Local=1   ,RPN=4   ,CPUs=72-143   ,GPU=1 ,NIC=cxi1 ,numa_nodes=1     ,first_numa=1  ,other_nodes=     
Hostname=nid006502   , Rank=911  ,Local=3   ,RPN=4   ,CPUs=216-287  ,GPU=3 ,NIC=cxi3 ,numa_nodes=3     ,first_numa=3  ,other_nodes=     
Hostname=nid006425   , Rank=667  ,Local=3   ,RPN=4   ,CPUs=216-287  ,GPU=3 ,NIC=cxi3 ,numa_nodes=3     ,first_numa=3  ,other_nodes=     
Hostname=nid006396   , Rank=549  ,Local=1   ,RPN=4   ,CPUs=72-143   ,GPU=1 ,NIC=cxi1 ,numa_nodes=1     ,first_numa=1  ,other_nodes=     
Hostname=nid005867   , Rank=289  ,Local=1   ,RPN=4   ,CPUs=72-143   ,GPU=1 ,NIC=cxi1 ,numa_nodes=1     ,first_numa=1  ,other_nodes=     
Hostname=nid006403   , Rank=577  ,Local=1   ,RPN=4   ,CPUs=72-143   ,GPU=1 ,NIC=cxi1 ,numa_nodes=1     ,first_numa=1  ,other_nodes=     
Hostname=nid006420   , Rank=646  ,Local=2   ,RPN=4   ,CPUs=144-215  ,GPU=2 ,NIC=cxi2 ,numa_nodes=2     ,first_numa=2  ,other_nodes=     
Hostname=nid005808   , Rank=78   ,Local=2   ,RPN=4   ,CPUs=144-215  ,GPU=2 ,NIC=cxi2 ,numa_nodes=2     ,first_numa=2  ,other_nodes=     
Hostname=nid006393   , Rank=538  ,Local=2   ,RPN=4   ,CPUs=144-215  ,GPU=2 ,NIC=cxi2 ,numa_nodes=2     ,first_numa=2  ,other_nodes=     
Hostname=nid006426   , Rank=671  ,Local=3   ,RPN=4   ,CPUs=216-287  ,GPU=3 ,NIC=cxi3 ,numa_nodes=3     ,first_numa=3  ,other_nodes=     
Hostname=nid006443   , Rank=732  ,Local=0   ,RPN=4   ,CPUs=0-71     ,GPU=0 ,NIC=cxi0 ,numa_nodes=0     ,first_numa=0  ,other_nodes=     
Hostname=nid005804   , Rank=63   ,Local=3   ,RPN=4   ,CPUs=216-287  ,GPU=3 ,NIC=cxi3 ,numa_nodes=3     ,first_numa=3  ,other_nodes=     
Hostname=nid005794   , Rank=21   ,Local=1   ,RPN=4   ,CPUs=72-143   ,GPU=1 ,NIC=cxi1 ,numa_nodes=1     ,first_numa=1  ,other_nodes=     
Hostname=nid006484   , Rank=853  ,Local=1   ,RPN=4   ,CPUs=72-143   ,GPU=1 ,NIC=cxi1 ,numa_nodes=1     ,first_numa=1  ,other_nodes=     
Hostname=nid005827   , Rank=149  ,Local=1   ,RPN=4   ,CPUs=72-143   ,GPU=1 ,NIC=cxi1 ,numa_nodes=1     ,first_numa=1  ,other_nodes=     
Hostname=nid006478   , Rank=834  ,Local=2   ,RPN=4   ,CPUs=144-215  ,GPU=2 ,NIC=cxi2 ,numa_nodes=2     ,first_numa=2  ,other_nodes=     
Hostname=nid005796   , Rank=28   ,Local=0   ,RPN=4   ,CPUs=0-71     ,GPU=0 ,NIC=cxi0 ,numa_nodes=0     ,first_numa=0  ,other_nodes=     
Hostname=nid005892   , Rank=347  ,Local=3   ,RPN=4   ,CPUs=216-287  ,GPU=3 ,NIC=cxi3 ,numa_nodes=3     ,first_numa=3  ,other_nodes=     
Hostname=nid006448   , Rank=744  ,Local=0   ,RPN=4   ,CPUs=0-71     ,GPU=0 ,NIC=cxi0 ,numa_nodes=0     ,first_numa=0  ,other_nodes=     
Hostname=nid005825   , Rank=145  ,Local=1   ,RPN=4   ,CPUs=72-143   ,GPU=1 ,NIC=cxi1 ,numa_nodes=1     ,first_numa=1  ,other_nodes=     
Hostname=nid006502   , Rank=908  ,Local=0   ,RPN=4   ,CPUs=0-71     ,GPU=0 ,NIC=cxi0 ,numa_nodes=0     ,first_numa=0  ,other_nodes=     
Hostname=nid006422   , Rank=655  ,Local=3   ,RPN=4   ,CPUs=216-287  ,GPU=3 ,NIC=cxi3 ,numa_nodes=3     ,first_numa=3  ,other_nodes=     
Hostname=nid006362   , Rank=418  ,Local=2   ,RPN=4   ,CPUs=144-215  ,GPU=2 ,NIC=cxi2 ,numa_nodes=2     ,first_numa=2  ,other_nodes=     
Hostname=nid005863   , Rank=274  ,Local=2   ,RPN=4   ,CPUs=144-215  ,GPU=2 ,NIC=cxi2 ,numa_nodes=2     ,first_numa=2  ,other_nodes=     
Hostname=nid006393   , Rank=539  ,Local=3   ,RPN=4   ,CPUs=216-287  ,GPU=3 ,NIC=cxi3 ,numa_nodes=3     ,first_numa=3  ,other_nodes=     
Hostname=nid005887   , Rank=329  ,Local=1   ,RPN=4   ,CPUs=72-143   ,GPU=1 ,NIC=cxi1 ,numa_nodes=1     ,first_numa=1  ,other_nodes=     
Hostname=nid005867   , Rank=288  ,Local=0   ,RPN=4   ,CPUs=0-71     ,GPU=0 ,NIC=cxi0 ,numa_nodes=0     ,first_numa=0  ,other_nodes=     
Hostname=nid006420   , Rank=644  ,Local=0   ,RPN=4   ,CPUs=0-71     ,GPU=0 ,NIC=cxi0 ,numa_nodes=0     ,first_numa=0  ,other_nodes=     
Hostname=nid006448   , Rank=745  ,Local=1   ,RPN=4   ,CPUs=72-143   ,GPU=1 ,NIC=cxi1 ,numa_nodes=1     ,first_numa=1  ,other_nodes=     
Hostname=nid005871   , Rank=304  ,Local=0   ,RPN=4   ,CPUs=0-71     ,GPU=0 ,NIC=cxi0 ,numa_nodes=0     ,first_numa=0  ,other_nodes=     
Hostname=nid006347   , Rank=366  ,Local=2   ,RPN=4   ,CPUs=144-215  ,GPU=2 ,NIC=cxi2 ,numa_nodes=2     ,first_numa=2  ,other_nodes=     
Hostname=nid005810   , Rank=85   ,Local=1   ,RPN=4   ,CPUs=72-143   ,GPU=1 ,NIC=cxi1 ,numa_nodes=1     ,first_numa=1  ,other_nodes=     
Hostname=nid006424   , Rank=660  ,Local=0   ,RPN=4   ,CPUs=0-71     ,GPU=0 ,NIC=cxi0 ,numa_nodes=0     ,first_numa=0  ,other_nodes=     
Hostname=nid006443   , Rank=734  ,Local=2   ,RPN=4   ,CPUs=144-215  ,GPU=2 ,NIC=cxi2 ,numa_nodes=2     ,first_numa=2  ,other_nodes=     
Hostname=nid006437   , Rank=713  ,Local=1   ,RPN=4   ,CPUs=72-143   ,GPU=1 ,NIC=cxi1 ,numa_nodes=1     ,first_numa=1  ,other_nodes=     
Hostname=nid005811   , Rank=90   ,Local=2   ,RPN=4   ,CPUs=144-215  ,GPU=2 ,NIC=cxi2 ,numa_nodes=2     ,first_numa=2  ,other_nodes=     
Hostname=nid006370   , Rank=451  ,Local=3   ,RPN=4   ,CPUs=216-287  ,GPU=3 ,NIC=cxi3 ,numa_nodes=3     ,first_numa=3  ,other_nodes=     
Hostname=nid006512   , Rank=951  ,Local=3   ,RPN=4   ,CPUs=216-287  ,GPU=3 ,NIC=cxi3 ,numa_nodes=3     ,first_numa=3  ,other_nodes=     
Hostname=nid006505   , Rank=922  ,Local=2   ,RPN=4   ,CPUs=144-215  ,GPU=2 ,NIC=cxi2 ,numa_nodes=2     ,first_numa=2  ,other_nodes=     
Hostname=nid006419   , Rank=642  ,Local=2   ,RPN=4   ,CPUs=144-215  ,GPU=2 ,NIC=cxi2 ,numa_nodes=2     ,first_numa=2  ,other_nodes=     
Hostname=nid006423   , Rank=657  ,Local=1   ,RPN=4   ,CPUs=72-143   ,GPU=1 ,NIC=cxi1 ,numa_nodes=1     ,first_numa=1  ,other_nodes=     
Hostname=nid005813   , Rank=97   ,Local=1   ,RPN=4   ,CPUs=72-143   ,GPU=1 ,NIC=cxi1 ,numa_nodes=1     ,first_numa=1  ,other_nodes=     
Hostname=nid006473   , Rank=819  ,Local=3   ,RPN=4   ,CPUs=216-287  ,GPU=3 ,NIC=cxi3 ,numa_nodes=3     ,first_numa=3  ,other_nodes=     
Hostname=nid006347   , Rank=364  ,Local=0   ,RPN=4   ,CPUs=0-71     ,GPU=0 ,NIC=cxi0 ,numa_nodes=0     ,first_numa=0  ,other_nodes=     
Hostname=nid005890   , Rank=339  ,Local=3   ,RPN=4   ,CPUs=216-287  ,GPU=3 ,NIC=cxi3 ,numa_nodes=3     ,first_numa=3  ,other_nodes=     
Hostname=nid005799   , Rank=41   ,Local=1   ,RPN=4   ,CPUs=72-143   ,GPU=1 ,NIC=cxi1 ,numa_nodes=1     ,first_numa=1  ,other_nodes=     
Hostname=nid005806   , Rank=69   ,Local=1   ,RPN=4   ,CPUs=72-143   ,GPU=1 ,NIC=cxi1 ,numa_nodes=1     ,first_numa=1  ,other_nodes=     
Hostname=nid005832   , Rank=170  ,Local=2   ,RPN=4   ,CPUs=144-215  ,GPU=2 ,NIC=cxi2 ,numa_nodes=2     ,first_numa=2  ,other_nodes=     
Hostname=nid006402   , Rank=572  ,Local=0   ,RPN=4   ,CPUs=0-71     ,GPU=0 ,NIC=cxi0 ,numa_nodes=0     ,first_numa=0  ,other_nodes=     
Hostname=nid006403   , Rank=579  ,Local=3   ,RPN=4   ,CPUs=216-287  ,GPU=3 ,NIC=cxi3 ,numa_nodes=3     ,first_numa=3  ,other_nodes=     
Hostname=nid005825   , Rank=144  ,Local=0   ,RPN=4   ,CPUs=0-71     ,GPU=0 ,NIC=cxi0 ,numa_nodes=0     ,first_numa=0  ,other_nodes=     
Hostname=nid006384   , Rank=501  ,Local=1   ,RPN=4   ,CPUs=72-143   ,GPU=1 ,NIC=cxi1 ,numa_nodes=1     ,first_numa=1  ,other_nodes=     
Hostname=nid006500   , Rank=903  ,Local=3   ,RPN=4   ,CPUs=216-287  ,GPU=3 ,NIC=cxi3 ,numa_nodes=3     ,first_numa=3  ,other_nodes=     
Hostname=nid006383   , Rank=498  ,Local=2   ,RPN=4   ,CPUs=144-215  ,GPU=2 ,NIC=cxi2 ,numa_nodes=2     ,first_numa=2  ,other_nodes=     
Hostname=nid006372   , Rank=459  ,Local=3   ,RPN=4   ,CPUs=216-287  ,GPU=3 ,NIC=cxi3 ,numa_nodes=3     ,first_numa=3  ,other_nodes=     
Hostname=nid006368   , Rank=440  ,Local=0   ,RPN=4   ,CPUs=0-71     ,GPU=0 ,NIC=cxi0 ,numa_nodes=0     ,first_numa=0  ,other_nodes=     
Hostname=nid006362   , Rank=419  ,Local=3   ,RPN=4   ,CPUs=216-287  ,GPU=3 ,NIC=cxi3 ,numa_nodes=3     ,first_numa=3  ,other_nodes=     
Hostname=nid006448   , Rank=747  ,Local=3   ,RPN=4   ,CPUs=216-287  ,GPU=3 ,NIC=cxi3 ,numa_nodes=3     ,first_numa=3  ,other_nodes=     
Hostname=nid006429   , Rank=681  ,Local=1   ,RPN=4   ,CPUs=72-143   ,GPU=1 ,NIC=cxi1 ,numa_nodes=1     ,first_numa=1  ,other_nodes=     
Hostname=nid006368   , Rank=441  ,Local=1   ,RPN=4   ,CPUs=72-143   ,GPU=1 ,NIC=cxi1 ,numa_nodes=1     ,first_numa=1  ,other_nodes=     
Hostname=nid006422   , Rank=654  ,Local=2   ,RPN=4   ,CPUs=144-215  ,GPU=2 ,NIC=cxi2 ,numa_nodes=2     ,first_numa=2  ,other_nodes=     
Hostname=nid006395   , Rank=546  ,Local=2   ,RPN=4   ,CPUs=144-215  ,GPU=2 ,NIC=cxi2 ,numa_nodes=2     ,first_numa=2  ,other_nodes=     
Hostname=nid006395   , Rank=544  ,Local=0   ,RPN=4   ,CPUs=0-71     ,GPU=0 ,NIC=cxi0 ,numa_nodes=0     ,first_numa=0  ,other_nodes=     
Hostname=nid005797   , Rank=35   ,Local=3   ,RPN=4   ,CPUs=216-287  ,GPU=3 ,NIC=cxi3 ,numa_nodes=3     ,first_numa=3  ,other_nodes=     
Hostname=nid006387   , Rank=515  ,Local=3   ,RPN=4   ,CPUs=216-287  ,GPU=3 ,NIC=cxi3 ,numa_nodes=3     ,first_numa=3  ,other_nodes=     
Hostname=nid006424   , Rank=663  ,Local=3   ,RPN=4   ,CPUs=216-287  ,GPU=3 ,NIC=cxi3 ,numa_nodes=3     ,first_numa=3  ,other_nodes=     
Hostname=nid006485   , Rank=858  ,Local=2   ,RPN=4   ,CPUs=144-215  ,GPU=2 ,NIC=cxi2 ,numa_nodes=2     ,first_numa=2  ,other_nodes=     
Hostname=nid006383   , Rank=496  ,Local=0   ,RPN=4   ,CPUs=0-71     ,GPU=0 ,NIC=cxi0 ,numa_nodes=0     ,first_numa=0  ,other_nodes=     
Hostname=nid006482   , Rank=845  ,Local=1   ,RPN=4   ,CPUs=72-143   ,GPU=1 ,NIC=cxi1 ,numa_nodes=1     ,first_numa=1  ,other_nodes=     
Hostname=nid006440   , Rank=725  ,Local=1   ,RPN=4   ,CPUs=72-143   ,GPU=1 ,NIC=cxi1 ,numa_nodes=1     ,first_numa=1  ,other_nodes=     
Hostname=nid006413   , Rank=618  ,Local=2   ,RPN=4   ,CPUs=144-215  ,GPU=2 ,NIC=cxi2 ,numa_nodes=2     ,first_numa=2  ,other_nodes=     
Hostname=nid006354   , Rank=393  ,Local=1   ,RPN=4   ,CPUs=72-143   ,GPU=1 ,NIC=cxi1 ,numa_nodes=1     ,first_numa=1  ,other_nodes=     
Hostname=nid006401   , Rank=570  ,Local=2   ,RPN=4   ,CPUs=144-215  ,GPU=2 ,NIC=cxi2 ,numa_nodes=2     ,first_numa=2  ,other_nodes=     
Hostname=nid005808   , Rank=77   ,Local=1   ,RPN=4   ,CPUs=72-143   ,GPU=1 ,NIC=cxi1 ,numa_nodes=1     ,first_numa=1  ,other_nodes=     
Hostname=nid006370   , Rank=450  ,Local=2   ,RPN=4   ,CPUs=144-215  ,GPU=2 ,NIC=cxi2 ,numa_nodes=2     ,first_numa=2  ,other_nodes=     
Hostname=nid005811   , Rank=89   ,Local=1   ,RPN=4   ,CPUs=72-143   ,GPU=1 ,NIC=cxi1 ,numa_nodes=1     ,first_numa=1  ,other_nodes=     
Hostname=nid006467   , Rank=799  ,Local=3   ,RPN=4   ,CPUs=216-287  ,GPU=3 ,NIC=cxi3 ,numa_nodes=3     ,first_numa=3  ,other_nodes=     
Hostname=nid006377   , Rank=478  ,Local=2   ,RPN=4   ,CPUs=144-215  ,GPU=2 ,NIC=cxi2 ,numa_nodes=2     ,first_numa=2  ,other_nodes=     
Hostname=nid006453   , Rank=760  ,Local=0   ,RPN=4   ,CPUs=0-71     ,GPU=0 ,NIC=cxi0 ,numa_nodes=0     ,first_numa=0  ,other_nodes=     
Hostname=nid005860   , Rank=261  ,Local=1   ,RPN=4   ,CPUs=72-143   ,GPU=1 ,NIC=cxi1 ,numa_nodes=1     ,first_numa=1  ,other_nodes=     
Hostname=nid005892   , Rank=346  ,Local=2   ,RPN=4   ,CPUs=144-215  ,GPU=2 ,NIC=cxi2 ,numa_nodes=2     ,first_numa=2  ,other_nodes=     
Hostname=nid005789   , Rank=2    ,Local=2   ,RPN=4   ,CPUs=144-215  ,GPU=2 ,NIC=cxi2 ,numa_nodes=2     ,first_numa=2  ,other_nodes=     
Hostname=nid006467   , Rank=796  ,Local=0   ,RPN=4   ,CPUs=0-71     ,GPU=0 ,NIC=cxi0 ,numa_nodes=0     ,first_numa=0  ,other_nodes=     
Hostname=nid006401   , Rank=569  ,Local=1   ,RPN=4   ,CPUs=72-143   ,GPU=1 ,NIC=cxi1 ,numa_nodes=1     ,first_numa=1  ,other_nodes=     
Hostname=nid006354   , Rank=394  ,Local=2   ,RPN=4   ,CPUs=144-215  ,GPU=2 ,NIC=cxi2 ,numa_nodes=2     ,first_numa=2  ,other_nodes=     
Hostname=nid005817   , Rank=112  ,Local=0   ,RPN=4   ,CPUs=0-71     ,GPU=0 ,NIC=cxi0 ,numa_nodes=0     ,first_numa=0  ,other_nodes=     
Hostname=nid006424   , Rank=662  ,Local=2   ,RPN=4   ,CPUs=144-215  ,GPU=2 ,NIC=cxi2 ,numa_nodes=2     ,first_numa=2  ,other_nodes=     
Hostname=nid006420   , Rank=645  ,Local=1   ,RPN=4   ,CPUs=72-143   ,GPU=1 ,NIC=cxi1 ,numa_nodes=1     ,first_numa=1  ,other_nodes=     
Hostname=nid005810   , Rank=86   ,Local=2   ,RPN=4   ,CPUs=144-215  ,GPU=2 ,NIC=cxi2 ,numa_nodes=2     ,first_numa=2  ,other_nodes=     
Hostname=nid006453   , Rank=762  ,Local=2   ,RPN=4   ,CPUs=144-215  ,GPU=2 ,NIC=cxi2 ,numa_nodes=2     ,first_numa=2  ,other_nodes=     
Hostname=nid006517   , Rank=971  ,Local=3   ,RPN=4   ,CPUs=216-287  ,GPU=3 ,NIC=cxi3 ,numa_nodes=3     ,first_numa=3  ,other_nodes=     
Hostname=nid005887   , Rank=331  ,Local=3   ,RPN=4   ,CPUs=216-287  ,GPU=3 ,NIC=cxi3 ,numa_nodes=3     ,first_numa=3  ,other_nodes=     
Hostname=nid005863   , Rank=273  ,Local=1   ,RPN=4   ,CPUs=72-143   ,GPU=1 ,NIC=cxi1 ,numa_nodes=1     ,first_numa=1  ,other_nodes=     
Hostname=nid006394   , Rank=540  ,Local=0   ,RPN=4   ,CPUs=0-71     ,GPU=0 ,NIC=cxi0 ,numa_nodes=0     ,first_numa=0  ,other_nodes=     
Hostname=nid006402   , Rank=575  ,Local=3   ,RPN=4   ,CPUs=216-287  ,GPU=3 ,NIC=cxi3 ,numa_nodes=3     ,first_numa=3  ,other_nodes=     
Hostname=nid006362   , Rank=416  ,Local=0   ,RPN=4   ,CPUs=0-71     ,GPU=0 ,NIC=cxi0 ,numa_nodes=0     ,first_numa=0  ,other_nodes=     
Hostname=nid006419   , Rank=641  ,Local=1   ,RPN=4   ,CPUs=72-143   ,GPU=1 ,NIC=cxi1 ,numa_nodes=1     ,first_numa=1  ,other_nodes=     
Hostname=nid006426   , Rank=669  ,Local=1   ,RPN=4   ,CPUs=72-143   ,GPU=1 ,NIC=cxi1 ,numa_nodes=1     ,first_numa=1  ,other_nodes=     
Hostname=nid006372   , Rank=457  ,Local=1   ,RPN=4   ,CPUs=72-143   ,GPU=1 ,NIC=cxi1 ,numa_nodes=1     ,first_numa=1  ,other_nodes=     
Hostname=nid006408   , Rank=598  ,Local=2   ,RPN=4   ,CPUs=144-215  ,GPU=2 ,NIC=cxi2 ,numa_nodes=2     ,first_numa=2  ,other_nodes=     
Hostname=nid006401   , Rank=568  ,Local=0   ,RPN=4   ,CPUs=0-71     ,GPU=0 ,NIC=cxi0 ,numa_nodes=0     ,first_numa=0  ,other_nodes=     
Hostname=nid006500   , Rank=901  ,Local=1   ,RPN=4   ,CPUs=72-143   ,GPU=1 ,NIC=cxi1 ,numa_nodes=1     ,first_numa=1  ,other_nodes=     
Hostname=nid006365   , Rank=430  ,Local=2   ,RPN=4   ,CPUs=144-215  ,GPU=2 ,NIC=cxi2 ,numa_nodes=2     ,first_numa=2  ,other_nodes=     
Hostname=nid006422   , Rank=653  ,Local=1   ,RPN=4   ,CPUs=72-143   ,GPU=1 ,NIC=cxi1 ,numa_nodes=1     ,first_numa=1  ,other_nodes=     
Hostname=nid006485   , Rank=856  ,Local=0   ,RPN=4   ,CPUs=0-71     ,GPU=0 ,NIC=cxi0 ,numa_nodes=0     ,first_numa=0  ,other_nodes=     
Hostname=nid006429   , Rank=680  ,Local=0   ,RPN=4   ,CPUs=0-71     ,GPU=0 ,NIC=cxi0 ,numa_nodes=0     ,first_numa=0  ,other_nodes=     
Hostname=nid006485   , Rank=859  ,Local=3   ,RPN=4   ,CPUs=216-287  ,GPU=3 ,NIC=cxi3 ,numa_nodes=3     ,first_numa=3  ,other_nodes=     
Hostname=nid005801   , Rank=50   ,Local=2   ,RPN=4   ,CPUs=144-215  ,GPU=2 ,NIC=cxi2 ,numa_nodes=2     ,first_numa=2  ,other_nodes=     
Hostname=nid006462   , Rank=783  ,Local=3   ,RPN=4   ,CPUs=216-287  ,GPU=3 ,NIC=cxi3 ,numa_nodes=3     ,first_numa=3  ,other_nodes=     
Hostname=nid006443   , Rank=733  ,Local=1   ,RPN=4   ,CPUs=72-143   ,GPU=1 ,NIC=cxi1 ,numa_nodes=1     ,first_numa=1  ,other_nodes=     
Hostname=nid006377   , Rank=479  ,Local=3   ,RPN=4   ,CPUs=216-287  ,GPU=3 ,NIC=cxi3 ,numa_nodes=3     ,first_numa=3  ,other_nodes=     
Hostname=nid006370   , Rank=448  ,Local=0   ,RPN=4   ,CPUs=0-71     ,GPU=0 ,NIC=cxi0 ,numa_nodes=0     ,first_numa=0  ,other_nodes=     
Hostname=nid006380   , Rank=486  ,Local=2   ,RPN=4   ,CPUs=144-215  ,GPU=2 ,NIC=cxi2 ,numa_nodes=2     ,first_numa=2  ,other_nodes=     
Hostname=nid006369   , Rank=447  ,Local=3   ,RPN=4   ,CPUs=216-287  ,GPU=3 ,NIC=cxi3 ,numa_nodes=3     ,first_numa=3  ,other_nodes=     
Hostname=nid006466   , Rank=795  ,Local=3   ,RPN=4   ,CPUs=216-287  ,GPU=3 ,NIC=cxi3 ,numa_nodes=3     ,first_numa=3  ,other_nodes=     
Hostname=nid006525   , Rank=999  ,Local=3   ,RPN=4   ,CPUs=216-287  ,GPU=3 ,NIC=cxi3 ,numa_nodes=3     ,first_numa=3  ,other_nodes=     
Hostname=nid006347   , Rank=367  ,Local=3   ,RPN=4   ,CPUs=216-287  ,GPU=3 ,NIC=cxi3 ,numa_nodes=3     ,first_numa=3  ,other_nodes=     
Hostname=nid005840   , Rank=184  ,Local=0   ,RPN=4   ,CPUs=0-71     ,GPU=0 ,NIC=cxi0 ,numa_nodes=0     ,first_numa=0  ,other_nodes=     
Hostname=nid005856   , Rank=245  ,Local=1   ,RPN=4   ,CPUs=72-143   ,GPU=1 ,NIC=cxi1 ,numa_nodes=1     ,first_numa=1  ,other_nodes=     
Hostname=nid005793   , Rank=17   ,Local=1   ,RPN=4   ,CPUs=72-143   ,GPU=1 ,NIC=cxi1 ,numa_nodes=1     ,first_numa=1  ,other_nodes=     
Hostname=nid006367   , Rank=439  ,Local=3   ,RPN=4   ,CPUs=216-287  ,GPU=3 ,NIC=cxi3 ,numa_nodes=3     ,first_numa=3  ,other_nodes=     
Hostname=nid005810   , Rank=87   ,Local=3   ,RPN=4   ,CPUs=216-287  ,GPU=3 ,NIC=cxi3 ,numa_nodes=3     ,first_numa=3  ,other_nodes=     
Hostname=nid006517   , Rank=970  ,Local=2   ,RPN=4   ,CPUs=144-215  ,GPU=2 ,NIC=cxi2 ,numa_nodes=2     ,first_numa=2  ,other_nodes=     
Hostname=nid005817   , Rank=114  ,Local=2   ,RPN=4   ,CPUs=144-215  ,GPU=2 ,NIC=cxi2 ,numa_nodes=2     ,first_numa=2  ,other_nodes=     
Hostname=nid005839   , Rank=182  ,Local=2   ,RPN=4   ,CPUs=144-215  ,GPU=2 ,NIC=cxi2 ,numa_nodes=2     ,first_numa=2  ,other_nodes=     
Hostname=nid006453   , Rank=763  ,Local=3   ,RPN=4   ,CPUs=216-287  ,GPU=3 ,NIC=cxi3 ,numa_nodes=3     ,first_numa=3  ,other_nodes=     
Hostname=nid006464   , Rank=791  ,Local=3   ,RPN=4   ,CPUs=216-287  ,GPU=3 ,NIC=cxi3 ,numa_nodes=3     ,first_numa=3  ,other_nodes=     
Hostname=nid005875   , Rank=316  ,Local=0   ,RPN=4   ,CPUs=0-71     ,GPU=0 ,NIC=cxi0 ,numa_nodes=0     ,first_numa=0  ,other_nodes=     
Hostname=nid005875   , Rank=317  ,Local=1   ,RPN=4   ,CPUs=72-143   ,GPU=1 ,NIC=cxi1 ,numa_nodes=1     ,first_numa=1  ,other_nodes=     
Hostname=nid006423   , Rank=659  ,Local=3   ,RPN=4   ,CPUs=216-287  ,GPU=3 ,NIC=cxi3 ,numa_nodes=3     ,first_numa=3  ,other_nodes=     
Hostname=nid006368   , Rank=443  ,Local=3   ,RPN=4   ,CPUs=216-287  ,GPU=3 ,NIC=cxi3 ,numa_nodes=3     ,first_numa=3  ,other_nodes=     
Hostname=nid006365   , Rank=428  ,Local=0   ,RPN=4   ,CPUs=0-71     ,GPU=0 ,NIC=cxi0 ,numa_nodes=0     ,first_numa=0  ,other_nodes=     
Hostname=nid005801   , Rank=49   ,Local=1   ,RPN=4   ,CPUs=72-143   ,GPU=1 ,NIC=cxi1 ,numa_nodes=1     ,first_numa=1  ,other_nodes=     
Hostname=nid006365   , Rank=429  ,Local=1   ,RPN=4   ,CPUs=72-143   ,GPU=1 ,NIC=cxi1 ,numa_nodes=1     ,first_numa=1  ,other_nodes=     
Hostname=nid006505   , Rank=923  ,Local=3   ,RPN=4   ,CPUs=216-287  ,GPU=3 ,NIC=cxi3 ,numa_nodes=3     ,first_numa=3  ,other_nodes=     
Hostname=nid005804   , Rank=62   ,Local=2   ,RPN=4   ,CPUs=144-215  ,GPU=2 ,NIC=cxi2 ,numa_nodes=2     ,first_numa=2  ,other_nodes=     
Hostname=nid005815   , Rank=106  ,Local=2   ,RPN=4   ,CPUs=144-215  ,GPU=2 ,NIC=cxi2 ,numa_nodes=2     ,first_numa=2  ,other_nodes=     
Hostname=nid006410   , Rank=606  ,Local=2   ,RPN=4   ,CPUs=144-215  ,GPU=2 ,NIC=cxi2 ,numa_nodes=2     ,first_numa=2  ,other_nodes=     
Hostname=nid005867   , Rank=291  ,Local=3   ,RPN=4   ,CPUs=216-287  ,GPU=3 ,NIC=cxi3 ,numa_nodes=3     ,first_numa=3  ,other_nodes=     
Hostname=nid006372   , Rank=458  ,Local=2   ,RPN=4   ,CPUs=144-215  ,GPU=2 ,NIC=cxi2 ,numa_nodes=2     ,first_numa=2  ,other_nodes=     
Hostname=nid005832   , Rank=171  ,Local=3   ,RPN=4   ,CPUs=216-287  ,GPU=3 ,NIC=cxi3 ,numa_nodes=3     ,first_numa=3  ,other_nodes=     
Hostname=nid005793   , Rank=16   ,Local=0   ,RPN=4   ,CPUs=0-71     ,GPU=0 ,NIC=cxi0 ,numa_nodes=0     ,first_numa=0  ,other_nodes=     
Hostname=nid006410   , Rank=604  ,Local=0   ,RPN=4   ,CPUs=0-71     ,GPU=0 ,NIC=cxi0 ,numa_nodes=0     ,first_numa=0  ,other_nodes=     
Hostname=nid005806   , Rank=68   ,Local=0   ,RPN=4   ,CPUs=0-71     ,GPU=0 ,NIC=cxi0 ,numa_nodes=0     ,first_numa=0  ,other_nodes=     
Hostname=nid006384   , Rank=503  ,Local=3   ,RPN=4   ,CPUs=216-287  ,GPU=3 ,NIC=cxi3 ,numa_nodes=3     ,first_numa=3  ,other_nodes=     
Hostname=nid006429   , Rank=683  ,Local=3   ,RPN=4   ,CPUs=216-287  ,GPU=3 ,NIC=cxi3 ,numa_nodes=3     ,first_numa=3  ,other_nodes=     
Hostname=nid006408   , Rank=599  ,Local=3   ,RPN=4   ,CPUs=216-287  ,GPU=3 ,NIC=cxi3 ,numa_nodes=3     ,first_numa=3  ,other_nodes=     
Hostname=nid005869   , Rank=299  ,Local=3   ,RPN=4   ,CPUs=216-287  ,GPU=3 ,NIC=cxi3 ,numa_nodes=3     ,first_numa=3  ,other_nodes=     
Hostname=nid006466   , Rank=794  ,Local=2   ,RPN=4   ,CPUs=144-215  ,GPU=2 ,NIC=cxi2 ,numa_nodes=2     ,first_numa=2  ,other_nodes=     
Hostname=nid005840   , Rank=185  ,Local=1   ,RPN=4   ,CPUs=72-143   ,GPU=1 ,NIC=cxi1 ,numa_nodes=1     ,first_numa=1  ,other_nodes=     
Hostname=nid005846   , Rank=211  ,Local=3   ,RPN=4   ,CPUs=216-287  ,GPU=3 ,NIC=cxi3 ,numa_nodes=3     ,first_numa=3  ,other_nodes=     
Hostname=nid006402   , Rank=574  ,Local=2   ,RPN=4   ,CPUs=144-215  ,GPU=2 ,NIC=cxi2 ,numa_nodes=2     ,first_numa=2  ,other_nodes=     
Hostname=nid006377   , Rank=476  ,Local=0   ,RPN=4   ,CPUs=0-71     ,GPU=0 ,NIC=cxi0 ,numa_nodes=0     ,first_numa=0  ,other_nodes=     
Slurm Job Hostlist: nid[005789-005825,005827-005833,005836,005839-005846,005848-005872,005874-005875,005877-005878,005887-005888,005890-005895,006346-006355,006357-006359,006361-006377,006379-006440,006442-006443,006446-006451,006453-006454,006458,006460-006464,006466-006471,006473-006474,006476-006480,006482-006486,006489,006491-006497,006499-006517,006519-006531]
Hostname=nid006525   , Rank=998  ,Local=2   ,RPN=4   ,CPUs=144-215  ,GPU=2 ,NIC=cxi2 ,numa_nodes=2     ,first_numa=2  ,other_nodes=     
Hostname=nid006367   , Rank=438  ,Local=2   ,RPN=4   ,CPUs=144-215  ,GPU=2 ,NIC=cxi2 ,numa_nodes=2     ,first_numa=2  ,other_nodes=     
Hostname=nid005887   , Rank=330  ,Local=2   ,RPN=4   ,CPUs=144-215  ,GPU=2 ,NIC=cxi2 ,numa_nodes=2     ,first_numa=2  ,other_nodes=     
Hostname=nid006525   , Rank=996  ,Local=0   ,RPN=4   ,CPUs=0-71     ,GPU=0 ,NIC=cxi0 ,numa_nodes=0     ,first_numa=0  ,other_nodes=     
Hostname=nid005789   , Rank=1    ,Local=1   ,RPN=4   ,CPUs=72-143   ,GPU=1 ,NIC=cxi1 ,numa_nodes=1     ,first_numa=1  ,other_nodes=     
Hostname=nid006517   , Rank=968  ,Local=0   ,RPN=4   ,CPUs=0-71     ,GPU=0 ,NIC=cxi0 ,numa_nodes=0     ,first_numa=0  ,other_nodes=     
Hostname=nid005789   , Rank=3    ,Local=3   ,RPN=4   ,CPUs=216-287  ,GPU=3 ,NIC=cxi3 ,numa_nodes=3     ,first_numa=3  ,other_nodes=     
Hostname=nid006406   , Rank=588  ,Local=0   ,RPN=4   ,CPUs=0-71     ,GPU=0 ,NIC=cxi0 ,numa_nodes=0     ,first_numa=0  ,other_nodes=     
Hostname=nid005789   , Rank=0    ,Local=0   ,RPN=4   ,CPUs=0-71     ,GPU=0 ,NIC=cxi0 ,numa_nodes=0     ,first_numa=0  ,other_nodes=     
Hostname=nid006368   , Rank=442  ,Local=2   ,RPN=4   ,CPUs=144-215  ,GPU=2 ,NIC=cxi2 ,numa_nodes=2     ,first_numa=2  ,other_nodes=     
Hostname=nid005846   , Rank=208  ,Local=0   ,RPN=4   ,CPUs=0-71     ,GPU=0 ,NIC=cxi0 ,numa_nodes=0     ,first_numa=0  ,other_nodes=     
Hostname=nid006380   , Rank=487  ,Local=3   ,RPN=4   ,CPUs=216-287  ,GPU=3 ,NIC=cxi3 ,numa_nodes=3     ,first_numa=3  ,other_nodes=     
Hostname=nid006406   , Rank=590  ,Local=2   ,RPN=4   ,CPUs=144-215  ,GPU=2 ,NIC=cxi2 ,numa_nodes=2     ,first_numa=2  ,other_nodes=     
Hostname=nid006407   , Rank=593  ,Local=1   ,RPN=4   ,CPUs=72-143   ,GPU=1 ,NIC=cxi1 ,numa_nodes=1     ,first_numa=1  ,other_nodes=     
Hostname=nid006466   , Rank=792  ,Local=0   ,RPN=4   ,CPUs=0-71     ,GPU=0 ,NIC=cxi0 ,numa_nodes=0     ,first_numa=0  ,other_nodes=     
Hostname=nid006471   , Rank=814  ,Local=2   ,RPN=4   ,CPUs=144-215  ,GPU=2 ,NIC=cxi2 ,numa_nodes=2     ,first_numa=2  ,other_nodes=     
Hostname=nid006471   , Rank=815  ,Local=3   ,RPN=4   ,CPUs=216-287  ,GPU=3 ,NIC=cxi3 ,numa_nodes=3     ,first_numa=3  ,other_nodes=     
Hostname=nid005856   , Rank=246  ,Local=2   ,RPN=4   ,CPUs=144-215  ,GPU=2 ,NIC=cxi2 ,numa_nodes=2     ,first_numa=2  ,other_nodes=     
Hostname=nid006463   , Rank=784  ,Local=0   ,RPN=4   ,CPUs=0-71     ,GPU=0 ,NIC=cxi0 ,numa_nodes=0     ,first_numa=0  ,other_nodes=     
Hostname=nid005825   , Rank=146  ,Local=2   ,RPN=4   ,CPUs=144-215  ,GPU=2 ,NIC=cxi2 ,numa_nodes=2     ,first_numa=2  ,other_nodes=     
Hostname=nid006463   , Rank=785  ,Local=1   ,RPN=4   ,CPUs=72-143   ,GPU=1 ,NIC=cxi1 ,numa_nodes=1     ,first_numa=1  ,other_nodes=     
Hostname=nid006407   , Rank=592  ,Local=0   ,RPN=4   ,CPUs=0-71     ,GPU=0 ,NIC=cxi0 ,numa_nodes=0     ,first_numa=0  ,other_nodes=     
Hostname=nid006359   , Rank=411  ,Local=3   ,RPN=4   ,CPUs=216-287  ,GPU=3 ,NIC=cxi3 ,numa_nodes=3     ,first_numa=3  ,other_nodes=     
Hostname=nid006471   , Rank=812  ,Local=0   ,RPN=4   ,CPUs=0-71     ,GPU=0 ,NIC=cxi0 ,numa_nodes=0     ,first_numa=0  ,other_nodes=     
Hostname=nid006408   , Rank=596  ,Local=0   ,RPN=4   ,CPUs=0-71     ,GPU=0 ,NIC=cxi0 ,numa_nodes=0     ,first_numa=0  ,other_nodes=     
Hostname=nid006406   , Rank=589  ,Local=1   ,RPN=4   ,CPUs=72-143   ,GPU=1 ,NIC=cxi1 ,numa_nodes=1     ,first_numa=1  ,other_nodes=     
Hostname=nid005839   , Rank=180  ,Local=0   ,RPN=4   ,CPUs=0-71     ,GPU=0 ,NIC=cxi0 ,numa_nodes=0     ,first_numa=0  ,other_nodes=     
Hostname=nid005829   , Rank=157  ,Local=1   ,RPN=4   ,CPUs=72-143   ,GPU=1 ,NIC=cxi1 ,numa_nodes=1     ,first_numa=1  ,other_nodes=     
Hostname=nid005840   , Rank=186  ,Local=2   ,RPN=4   ,CPUs=144-215  ,GPU=2 ,NIC=cxi2 ,numa_nodes=2     ,first_numa=2  ,other_nodes=     
Hostname=nid005894   , Rank=352  ,Local=0   ,RPN=4   ,CPUs=0-71     ,GPU=0 ,NIC=cxi0 ,numa_nodes=0     ,first_numa=0  ,other_nodes=     
Hostname=nid006380   , Rank=484  ,Local=0   ,RPN=4   ,CPUs=0-71     ,GPU=0 ,NIC=cxi0 ,numa_nodes=0     ,first_numa=0  ,other_nodes=     
Hostname=nid005875   , Rank=318  ,Local=2   ,RPN=4   ,CPUs=144-215  ,GPU=2 ,NIC=cxi2 ,numa_nodes=2     ,first_numa=2  ,other_nodes=     
Hostname=nid005839   , Rank=183  ,Local=3   ,RPN=4   ,CPUs=216-287  ,GPU=3 ,NIC=cxi3 ,numa_nodes=3     ,first_numa=3  ,other_nodes=     
Hostname=nid006397   , Rank=553  ,Local=1   ,RPN=4   ,CPUs=72-143   ,GPU=1 ,NIC=cxi1 ,numa_nodes=1     ,first_numa=1  ,other_nodes=     
Hostname=nid006405   , Rank=586  ,Local=2   ,RPN=4   ,CPUs=144-215  ,GPU=2 ,NIC=cxi2 ,numa_nodes=2     ,first_numa=2  ,other_nodes=     
Hostname=nid005815   , Rank=104  ,Local=0   ,RPN=4   ,CPUs=0-71     ,GPU=0 ,NIC=cxi0 ,numa_nodes=0     ,first_numa=0  ,other_nodes=     
Hostname=nid006399   , Rank=562  ,Local=2   ,RPN=4   ,CPUs=144-215  ,GPU=2 ,NIC=cxi2 ,numa_nodes=2     ,first_numa=2  ,other_nodes=     
Hostname=nid005806   , Rank=70   ,Local=2   ,RPN=4   ,CPUs=144-215  ,GPU=2 ,NIC=cxi2 ,numa_nodes=2     ,first_numa=2  ,other_nodes=     
Hostname=nid006359   , Rank=410  ,Local=2   ,RPN=4   ,CPUs=144-215  ,GPU=2 ,NIC=cxi2 ,numa_nodes=2     ,first_numa=2  ,other_nodes=     
Hostname=nid006399   , Rank=560  ,Local=0   ,RPN=4   ,CPUs=0-71     ,GPU=0 ,NIC=cxi0 ,numa_nodes=0     ,first_numa=0  ,other_nodes=     
Hostname=nid005817   , Rank=115  ,Local=3   ,RPN=4   ,CPUs=216-287  ,GPU=3 ,NIC=cxi3 ,numa_nodes=3     ,first_numa=3  ,other_nodes=     
Hostname=nid005869   , Rank=298  ,Local=2   ,RPN=4   ,CPUs=144-215  ,GPU=2 ,NIC=cxi2 ,numa_nodes=2     ,first_numa=2  ,other_nodes=     
Hostname=nid006410   , Rank=605  ,Local=1   ,RPN=4   ,CPUs=72-143   ,GPU=1 ,NIC=cxi1 ,numa_nodes=1     ,first_numa=1  ,other_nodes=     
Hostname=nid006462   , Rank=781  ,Local=1   ,RPN=4   ,CPUs=72-143   ,GPU=1 ,NIC=cxi1 ,numa_nodes=1     ,first_numa=1  ,other_nodes=     
Hostname=nid005849   , Rank=216  ,Local=0   ,RPN=4   ,CPUs=0-71     ,GPU=0 ,NIC=cxi0 ,numa_nodes=0     ,first_numa=0  ,other_nodes=     
Hostname=nid006463   , Rank=787  ,Local=3   ,RPN=4   ,CPUs=216-287  ,GPU=3 ,NIC=cxi3 ,numa_nodes=3     ,first_numa=3  ,other_nodes=     
Hostname=nid005815   , Rank=105  ,Local=1   ,RPN=4   ,CPUs=72-143   ,GPU=1 ,NIC=cxi1 ,numa_nodes=1     ,first_numa=1  ,other_nodes=     
Hostname=nid005793   , Rank=18   ,Local=2   ,RPN=4   ,CPUs=144-215  ,GPU=2 ,NIC=cxi2 ,numa_nodes=2     ,first_numa=2  ,other_nodes=     
Hostname=nid005829   , Rank=159  ,Local=3   ,RPN=4   ,CPUs=216-287  ,GPU=3 ,NIC=cxi3 ,numa_nodes=3     ,first_numa=3  ,other_nodes=     
Hostname=nid005869   , Rank=296  ,Local=0   ,RPN=4   ,CPUs=0-71     ,GPU=0 ,NIC=cxi0 ,numa_nodes=0     ,first_numa=0  ,other_nodes=     
Hostname=nid006516   , Rank=965  ,Local=1   ,RPN=4   ,CPUs=72-143   ,GPU=1 ,NIC=cxi1 ,numa_nodes=1     ,first_numa=1  ,other_nodes=     
Hostname=nid006423   , Rank=658  ,Local=2   ,RPN=4   ,CPUs=144-215  ,GPU=2 ,NIC=cxi2 ,numa_nodes=2     ,first_numa=2  ,other_nodes=     
Hostname=nid005829   , Rank=156  ,Local=0   ,RPN=4   ,CPUs=0-71     ,GPU=0 ,NIC=cxi0 ,numa_nodes=0     ,first_numa=0  ,other_nodes=     
Hostname=nid005856   , Rank=247  ,Local=3   ,RPN=4   ,CPUs=216-287  ,GPU=3 ,NIC=cxi3 ,numa_nodes=3     ,first_numa=3  ,other_nodes=     
Hostname=nid006405   , Rank=587  ,Local=3   ,RPN=4   ,CPUs=216-287  ,GPU=3 ,NIC=cxi3 ,numa_nodes=3     ,first_numa=3  ,other_nodes=     
Hostname=nid006367   , Rank=437  ,Local=1   ,RPN=4   ,CPUs=72-143   ,GPU=1 ,NIC=cxi1 ,numa_nodes=1     ,first_numa=1  ,other_nodes=     
Hostname=nid005800   , Rank=46   ,Local=2   ,RPN=4   ,CPUs=144-215  ,GPU=2 ,NIC=cxi2 ,numa_nodes=2     ,first_numa=2  ,other_nodes=     
Hostname=nid006447   , Rank=743  ,Local=3   ,RPN=4   ,CPUs=216-287  ,GPU=3 ,NIC=cxi3 ,numa_nodes=3     ,first_numa=3  ,other_nodes=     
Hostname=nid006407   , Rank=595  ,Local=3   ,RPN=4   ,CPUs=216-287  ,GPU=3 ,NIC=cxi3 ,numa_nodes=3     ,first_numa=3  ,other_nodes=     
Hostname=nid006352   , Rank=387  ,Local=3   ,RPN=4   ,CPUs=216-287  ,GPU=3 ,NIC=cxi3 ,numa_nodes=3     ,first_numa=3  ,other_nodes=     
Hostname=nid006486   , Rank=862  ,Local=2   ,RPN=4   ,CPUs=144-215  ,GPU=2 ,NIC=cxi2 ,numa_nodes=2     ,first_numa=2  ,other_nodes=     
Hostname=nid006405   , Rank=584  ,Local=0   ,RPN=4   ,CPUs=0-71     ,GPU=0 ,NIC=cxi0 ,numa_nodes=0     ,first_numa=0  ,other_nodes=     
Hostname=nid006462   , Rank=780  ,Local=0   ,RPN=4   ,CPUs=0-71     ,GPU=0 ,NIC=cxi0 ,numa_nodes=0     ,first_numa=0  ,other_nodes=     
Hostname=nid006516   , Rank=966  ,Local=2   ,RPN=4   ,CPUs=144-215  ,GPU=2 ,NIC=cxi2 ,numa_nodes=2     ,first_numa=2  ,other_nodes=     
Hostname=nid006399   , Rank=563  ,Local=3   ,RPN=4   ,CPUs=216-287  ,GPU=3 ,NIC=cxi3 ,numa_nodes=3     ,first_numa=3  ,other_nodes=     
Hostname=nid005806   , Rank=71   ,Local=3   ,RPN=4   ,CPUs=216-287  ,GPU=3 ,NIC=cxi3 ,numa_nodes=3     ,first_numa=3  ,other_nodes=     
Hostname=nid005849   , Rank=219  ,Local=3   ,RPN=4   ,CPUs=216-287  ,GPU=3 ,NIC=cxi3 ,numa_nodes=3     ,first_numa=3  ,other_nodes=     
Hostname=nid006516   , Rank=964  ,Local=0   ,RPN=4   ,CPUs=0-71     ,GPU=0 ,NIC=cxi0 ,numa_nodes=0     ,first_numa=0  ,other_nodes=     
Hostname=nid005858   , Rank=255  ,Local=3   ,RPN=4   ,CPUs=216-287  ,GPU=3 ,NIC=cxi3 ,numa_nodes=3     ,first_numa=3  ,other_nodes=     
Hostname=nid006379   , Rank=481  ,Local=1   ,RPN=4   ,CPUs=72-143   ,GPU=1 ,NIC=cxi1 ,numa_nodes=1     ,first_numa=1  ,other_nodes=     
Hostname=nid005849   , Rank=217  ,Local=1   ,RPN=4   ,CPUs=72-143   ,GPU=1 ,NIC=cxi1 ,numa_nodes=1     ,first_numa=1  ,other_nodes=     
Hostname=nid006486   , Rank=863  ,Local=3   ,RPN=4   ,CPUs=216-287  ,GPU=3 ,NIC=cxi3 ,numa_nodes=3     ,first_numa=3  ,other_nodes=     
Hostname=nid006379   , Rank=482  ,Local=2   ,RPN=4   ,CPUs=144-215  ,GPU=2 ,NIC=cxi2 ,numa_nodes=2     ,first_numa=2  ,other_nodes=     
Hostname=nid006462   , Rank=782  ,Local=2   ,RPN=4   ,CPUs=144-215  ,GPU=2 ,NIC=cxi2 ,numa_nodes=2     ,first_numa=2  ,other_nodes=     
Hostname=nid006464   , Rank=790  ,Local=2   ,RPN=4   ,CPUs=144-215  ,GPU=2 ,NIC=cxi2 ,numa_nodes=2     ,first_numa=2  ,other_nodes=     
Hostname=nid006447   , Rank=742  ,Local=2   ,RPN=4   ,CPUs=144-215  ,GPU=2 ,NIC=cxi2 ,numa_nodes=2     ,first_numa=2  ,other_nodes=     
Hostname=nid006464   , Rank=788  ,Local=0   ,RPN=4   ,CPUs=0-71     ,GPU=0 ,NIC=cxi0 ,numa_nodes=0     ,first_numa=0  ,other_nodes=     
Hostname=nid006491   , Rank=871  ,Local=3   ,RPN=4   ,CPUs=216-287  ,GPU=3 ,NIC=cxi3 ,numa_nodes=3     ,first_numa=3  ,other_nodes=     
Hostname=nid006381   , Rank=489  ,Local=1   ,RPN=4   ,CPUs=72-143   ,GPU=1 ,NIC=cxi1 ,numa_nodes=1     ,first_numa=1  ,other_nodes=     
Hostname=nid006491   , Rank=868  ,Local=0   ,RPN=4   ,CPUs=0-71     ,GPU=0 ,NIC=cxi0 ,numa_nodes=0     ,first_numa=0  ,other_nodes=     
Hostname=nid006379   , Rank=480  ,Local=0   ,RPN=4   ,CPUs=0-71     ,GPU=0 ,NIC=cxi0 ,numa_nodes=0     ,first_numa=0  ,other_nodes=     
Hostname=nid006482   , Rank=847  ,Local=3   ,RPN=4   ,CPUs=216-287  ,GPU=3 ,NIC=cxi3 ,numa_nodes=3     ,first_numa=3  ,other_nodes=     
Hostname=nid005858   , Rank=254  ,Local=2   ,RPN=4   ,CPUs=144-215  ,GPU=2 ,NIC=cxi2 ,numa_nodes=2     ,first_numa=2  ,other_nodes=     
Hostname=nid006491   , Rank=870  ,Local=2   ,RPN=4   ,CPUs=144-215  ,GPU=2 ,NIC=cxi2 ,numa_nodes=2     ,first_numa=2  ,other_nodes=     
Hostname=nid006499   , Rank=896  ,Local=0   ,RPN=4   ,CPUs=0-71     ,GPU=0 ,NIC=cxi0 ,numa_nodes=0     ,first_numa=0  ,other_nodes=     
Hostname=nid006447   , Rank=741  ,Local=1   ,RPN=4   ,CPUs=72-143   ,GPU=1 ,NIC=cxi1 ,numa_nodes=1     ,first_numa=1  ,other_nodes=     
Hostname=nid006381   , Rank=490  ,Local=2   ,RPN=4   ,CPUs=144-215  ,GPU=2 ,NIC=cxi2 ,numa_nodes=2     ,first_numa=2  ,other_nodes=     
Hostname=nid005858   , Rank=252  ,Local=0   ,RPN=4   ,CPUs=0-71     ,GPU=0 ,NIC=cxi0 ,numa_nodes=0     ,first_numa=0  ,other_nodes=     
Hostname=nid006499   , Rank=897  ,Local=1   ,RPN=4   ,CPUs=72-143   ,GPU=1 ,NIC=cxi1 ,numa_nodes=1     ,first_numa=1  ,other_nodes=     
Hostname=nid006486   , Rank=861  ,Local=1   ,RPN=4   ,CPUs=72-143   ,GPU=1 ,NIC=cxi1 ,numa_nodes=1     ,first_numa=1  ,other_nodes=     
Hostname=nid006369   , Rank=444  ,Local=0   ,RPN=4   ,CPUs=0-71     ,GPU=0 ,NIC=cxi0 ,numa_nodes=0     ,first_numa=0  ,other_nodes=     
Hostname=nid006352   , Rank=386  ,Local=2   ,RPN=4   ,CPUs=144-215  ,GPU=2 ,NIC=cxi2 ,numa_nodes=2     ,first_numa=2  ,other_nodes=     
Hostname=nid006352   , Rank=384  ,Local=0   ,RPN=4   ,CPUs=0-71     ,GPU=0 ,NIC=cxi0 ,numa_nodes=0     ,first_numa=0  ,other_nodes=     
Hostname=nid006369   , Rank=446  ,Local=2   ,RPN=4   ,CPUs=144-215  ,GPU=2 ,NIC=cxi2 ,numa_nodes=2     ,first_numa=2  ,other_nodes=     
Hostname=nid005844   , Rank=200  ,Local=0   ,RPN=4   ,CPUs=0-71     ,GPU=0 ,NIC=cxi0 ,numa_nodes=0     ,first_numa=0  ,other_nodes=     
Hostname=nid005844   , Rank=202  ,Local=2   ,RPN=4   ,CPUs=144-215  ,GPU=2 ,NIC=cxi2 ,numa_nodes=2     ,first_numa=2  ,other_nodes=     
Hostname=nid006381   , Rank=488  ,Local=0   ,RPN=4   ,CPUs=0-71     ,GPU=0 ,NIC=cxi0 ,numa_nodes=0     ,first_numa=0  ,other_nodes=     
Hostname=nid006477   , Rank=828  ,Local=0   ,RPN=4   ,CPUs=0-71     ,GPU=0 ,NIC=cxi0 ,numa_nodes=0     ,first_numa=0  ,other_nodes=     
Hostname=nid005862   , Rank=270  ,Local=2   ,RPN=4   ,CPUs=144-215  ,GPU=2 ,NIC=cxi2 ,numa_nodes=2     ,first_numa=2  ,other_nodes=     
Hostname=nid006450   , Rank=755  ,Local=3   ,RPN=4   ,CPUs=216-287  ,GPU=3 ,NIC=cxi3 ,numa_nodes=3     ,first_numa=3  ,other_nodes=     
Hostname=nid006499   , Rank=898  ,Local=2   ,RPN=4   ,CPUs=144-215  ,GPU=2 ,NIC=cxi2 ,numa_nodes=2     ,first_numa=2  ,other_nodes=     
Hostname=nid005862   , Rank=269  ,Local=1   ,RPN=4   ,CPUs=72-143   ,GPU=1 ,NIC=cxi1 ,numa_nodes=1     ,first_numa=1  ,other_nodes=     
Hostname=nid005849   , Rank=218  ,Local=2   ,RPN=4   ,CPUs=144-215  ,GPU=2 ,NIC=cxi2 ,numa_nodes=2     ,first_numa=2  ,other_nodes=     
Hostname=nid006369   , Rank=445  ,Local=1   ,RPN=4   ,CPUs=72-143   ,GPU=1 ,NIC=cxi1 ,numa_nodes=1     ,first_numa=1  ,other_nodes=     
Hostname=nid006477   , Rank=831  ,Local=3   ,RPN=4   ,CPUs=216-287  ,GPU=3 ,NIC=cxi3 ,numa_nodes=3     ,first_numa=3  ,other_nodes=     
Hostname=nid005860   , Rank=262  ,Local=2   ,RPN=4   ,CPUs=144-215  ,GPU=2 ,NIC=cxi2 ,numa_nodes=2     ,first_numa=2  ,other_nodes=     
Hostname=nid005895   , Rank=357  ,Local=1   ,RPN=4   ,CPUs=72-143   ,GPU=1 ,NIC=cxi1 ,numa_nodes=1     ,first_numa=1  ,other_nodes=     
Hostname=nid005862   , Rank=271  ,Local=3   ,RPN=4   ,CPUs=216-287  ,GPU=3 ,NIC=cxi3 ,numa_nodes=3     ,first_numa=3  ,other_nodes=     
Hostname=nid006450   , Rank=754  ,Local=2   ,RPN=4   ,CPUs=144-215  ,GPU=2 ,NIC=cxi2 ,numa_nodes=2     ,first_numa=2  ,other_nodes=     
Hostname=nid005860   , Rank=263  ,Local=3   ,RPN=4   ,CPUs=216-287  ,GPU=3 ,NIC=cxi3 ,numa_nodes=3     ,first_numa=3  ,other_nodes=     
Hostname=nid006450   , Rank=753  ,Local=1   ,RPN=4   ,CPUs=72-143   ,GPU=1 ,NIC=cxi1 ,numa_nodes=1     ,first_numa=1  ,other_nodes=     
Hostname=nid005860   , Rank=260  ,Local=0   ,RPN=4   ,CPUs=0-71     ,GPU=0 ,NIC=cxi0 ,numa_nodes=0     ,first_numa=0  ,other_nodes=     
Hostname=nid006477   , Rank=830  ,Local=2   ,RPN=4   ,CPUs=144-215  ,GPU=2 ,NIC=cxi2 ,numa_nodes=2     ,first_numa=2  ,other_nodes=     
Hostname=nid006461   , Rank=778  ,Local=2   ,RPN=4   ,CPUs=144-215  ,GPU=2 ,NIC=cxi2 ,numa_nodes=2     ,first_numa=2  ,other_nodes=     
Hostname=nid005844   , Rank=203  ,Local=3   ,RPN=4   ,CPUs=216-287  ,GPU=3 ,NIC=cxi3 ,numa_nodes=3     ,first_numa=3  ,other_nodes=     
Hostname=nid006461   , Rank=779  ,Local=3   ,RPN=4   ,CPUs=216-287  ,GPU=3 ,NIC=cxi3 ,numa_nodes=3     ,first_numa=3  ,other_nodes=     
Hostname=nid006468   , Rank=802  ,Local=2   ,RPN=4   ,CPUs=144-215  ,GPU=2 ,NIC=cxi2 ,numa_nodes=2     ,first_numa=2  ,other_nodes=     
Hostname=nid006461   , Rank=776  ,Local=0   ,RPN=4   ,CPUs=0-71     ,GPU=0 ,NIC=cxi0 ,numa_nodes=0     ,first_numa=0  ,other_nodes=     
Hostname=nid006381   , Rank=491  ,Local=3   ,RPN=4   ,CPUs=216-287  ,GPU=3 ,NIC=cxi3 ,numa_nodes=3     ,first_numa=3  ,other_nodes=     
Hostname=nid006414   , Rank=622  ,Local=2   ,RPN=4   ,CPUs=144-215  ,GPU=2 ,NIC=cxi2 ,numa_nodes=2     ,first_numa=2  ,other_nodes=     
Hostname=nid006469   , Rank=804  ,Local=0   ,RPN=4   ,CPUs=0-71     ,GPU=0 ,NIC=cxi0 ,numa_nodes=0     ,first_numa=0  ,other_nodes=     
Hostname=nid006468   , Rank=803  ,Local=3   ,RPN=4   ,CPUs=216-287  ,GPU=3 ,NIC=cxi3 ,numa_nodes=3     ,first_numa=3  ,other_nodes=     
Hostname=nid006469   , Rank=807  ,Local=3   ,RPN=4   ,CPUs=216-287  ,GPU=3 ,NIC=cxi3 ,numa_nodes=3     ,first_numa=3  ,other_nodes=     
Hostname=nid006469   , Rank=806  ,Local=2   ,RPN=4   ,CPUs=144-215  ,GPU=2 ,NIC=cxi2 ,numa_nodes=2     ,first_numa=2  ,other_nodes=     
Hostname=nid005895   , Rank=359  ,Local=3   ,RPN=4   ,CPUs=216-287  ,GPU=3 ,NIC=cxi3 ,numa_nodes=3     ,first_numa=3  ,other_nodes=     
Hostname=nid005800   , Rank=44   ,Local=0   ,RPN=4   ,CPUs=0-71     ,GPU=0 ,NIC=cxi0 ,numa_nodes=0     ,first_numa=0  ,other_nodes=     
Hostname=nid006468   , Rank=801  ,Local=1   ,RPN=4   ,CPUs=72-143   ,GPU=1 ,NIC=cxi1 ,numa_nodes=1     ,first_numa=1  ,other_nodes=     
Hostname=nid005800   , Rank=47   ,Local=3   ,RPN=4   ,CPUs=216-287  ,GPU=3 ,NIC=cxi3 ,numa_nodes=3     ,first_numa=3  ,other_nodes=     
Hostname=nid005791   , Rank=8    ,Local=0   ,RPN=4   ,CPUs=0-71     ,GPU=0 ,NIC=cxi0 ,numa_nodes=0     ,first_numa=0  ,other_nodes=     
Hostname=nid006482   , Rank=844  ,Local=0   ,RPN=4   ,CPUs=0-71     ,GPU=0 ,NIC=cxi0 ,numa_nodes=0     ,first_numa=0  ,other_nodes=     
Hostname=nid005862   , Rank=268  ,Local=0   ,RPN=4   ,CPUs=0-71     ,GPU=0 ,NIC=cxi0 ,numa_nodes=0     ,first_numa=0  ,other_nodes=     
Hostname=nid006414   , Rank=623  ,Local=3   ,RPN=4   ,CPUs=216-287  ,GPU=3 ,NIC=cxi3 ,numa_nodes=3     ,first_numa=3  ,other_nodes=     
Hostname=nid006482   , Rank=846  ,Local=2   ,RPN=4   ,CPUs=144-215  ,GPU=2 ,NIC=cxi2 ,numa_nodes=2     ,first_numa=2  ,other_nodes=     
Hostname=nid005791   , Rank=9    ,Local=1   ,RPN=4   ,CPUs=72-143   ,GPU=1 ,NIC=cxi1 ,numa_nodes=1     ,first_numa=1  ,other_nodes=     
Hostname=nid006414   , Rank=621  ,Local=1   ,RPN=4   ,CPUs=72-143   ,GPU=1 ,NIC=cxi1 ,numa_nodes=1     ,first_numa=1  ,other_nodes=     
Hostname=nid006397   , Rank=554  ,Local=2   ,RPN=4   ,CPUs=144-215  ,GPU=2 ,NIC=cxi2 ,numa_nodes=2     ,first_numa=2  ,other_nodes=     
Hostname=nid005791   , Rank=11   ,Local=3   ,RPN=4   ,CPUs=216-287  ,GPU=3 ,NIC=cxi3 ,numa_nodes=3     ,first_numa=3  ,other_nodes=     
Hostname=nid005894   , Rank=354  ,Local=2   ,RPN=4   ,CPUs=144-215  ,GPU=2 ,NIC=cxi2 ,numa_nodes=2     ,first_numa=2  ,other_nodes=     
Hostname=nid006397   , Rank=555  ,Local=3   ,RPN=4   ,CPUs=216-287  ,GPU=3 ,NIC=cxi3 ,numa_nodes=3     ,first_numa=3  ,other_nodes=     
Hostname=nid005800   , Rank=45   ,Local=1   ,RPN=4   ,CPUs=72-143   ,GPU=1 ,NIC=cxi1 ,numa_nodes=1     ,first_numa=1  ,other_nodes=     
Hostname=nid005894   , Rank=355  ,Local=3   ,RPN=4   ,CPUs=216-287  ,GPU=3 ,NIC=cxi3 ,numa_nodes=3     ,first_numa=3  ,other_nodes=     
Hostname=nid005895   , Rank=358  ,Local=2   ,RPN=4   ,CPUs=144-215  ,GPU=2 ,NIC=cxi2 ,numa_nodes=2     ,first_numa=2  ,other_nodes=     
Hostname=nid005894   , Rank=353  ,Local=1   ,RPN=4   ,CPUs=72-143   ,GPU=1 ,NIC=cxi1 ,numa_nodes=1     ,first_numa=1  ,other_nodes=     
Hostname=nid006397   , Rank=552  ,Local=0   ,RPN=4   ,CPUs=0-71     ,GPU=0 ,NIC=cxi0 ,numa_nodes=0     ,first_numa=0  ,other_nodes=     
Hostname=nid005895   , Rank=356  ,Local=0   ,RPN=4   ,CPUs=0-71     ,GPU=0 ,NIC=cxi0 ,numa_nodes=0     ,first_numa=0  ,other_nodes=     
Hostname=nid006394   , Rank=541  ,Local=1   ,RPN=4   ,CPUs=72-143   ,GPU=1 ,NIC=cxi1 ,numa_nodes=1     ,first_numa=1  ,other_nodes=     
Hostname=nid006394   , Rank=543  ,Local=3   ,RPN=4   ,CPUs=216-287  ,GPU=3 ,NIC=cxi3 ,numa_nodes=3     ,first_numa=3  ,other_nodes=     
Hostname=nid006394   , Rank=542  ,Local=2   ,RPN=4   ,CPUs=144-215  ,GPU=2 ,NIC=cxi2 ,numa_nodes=2     ,first_numa=2  ,other_nodes=     
Hostname=nid005805   , Rank=65   ,Local=1   ,RPN=4   ,CPUs=72-143   ,GPU=1 ,NIC=cxi1 ,numa_nodes=1     ,first_numa=1  ,other_nodes=     
Hostname=nid006506   , Rank=924  ,Local=0   ,RPN=4   ,CPUs=0-71     ,GPU=0 ,NIC=cxi0 ,numa_nodes=0     ,first_numa=0  ,other_nodes=     
Hostname=nid006382   , Rank=492  ,Local=0   ,RPN=4   ,CPUs=0-71     ,GPU=0 ,NIC=cxi0 ,numa_nodes=0     ,first_numa=0  ,other_nodes=     
Hostname=nid006522   , Rank=984  ,Local=0   ,RPN=4   ,CPUs=0-71     ,GPU=0 ,NIC=cxi0 ,numa_nodes=0     ,first_numa=0  ,other_nodes=     
Hostname=nid006529   , Rank=1012 ,Local=0   ,RPN=4   ,CPUs=0-71     ,GPU=0 ,NIC=cxi0 ,numa_nodes=0     ,first_numa=0  ,other_nodes=     
Hostname=nid005816   , Rank=109  ,Local=1   ,RPN=4   ,CPUs=72-143   ,GPU=1 ,NIC=cxi1 ,numa_nodes=1     ,first_numa=1  ,other_nodes=     
Hostname=nid005803   , Rank=57   ,Local=1   ,RPN=4   ,CPUs=72-143   ,GPU=1 ,NIC=cxi1 ,numa_nodes=1     ,first_numa=1  ,other_nodes=     
Hostname=nid006363   , Rank=420  ,Local=0   ,RPN=4   ,CPUs=0-71     ,GPU=0 ,NIC=cxi0 ,numa_nodes=0     ,first_numa=0  ,other_nodes=     
Hostname=nid005819   , Rank=120  ,Local=0   ,RPN=4   ,CPUs=0-71     ,GPU=0 ,NIC=cxi0 ,numa_nodes=0     ,first_numa=0  ,other_nodes=     
Hostname=nid005814   , Rank=103  ,Local=3   ,RPN=4   ,CPUs=216-287  ,GPU=3 ,NIC=cxi3 ,numa_nodes=3     ,first_numa=3  ,other_nodes=     
Hostname=nid005802   , Rank=55   ,Local=3   ,RPN=4   ,CPUs=216-287  ,GPU=3 ,NIC=cxi3 ,numa_nodes=3     ,first_numa=3  ,other_nodes=     
Hostname=nid006353   , Rank=388  ,Local=0   ,RPN=4   ,CPUs=0-71     ,GPU=0 ,NIC=cxi0 ,numa_nodes=0     ,first_numa=0  ,other_nodes=     
Hostname=nid006418   , Rank=636  ,Local=0   ,RPN=4   ,CPUs=0-71     ,GPU=0 ,NIC=cxi0 ,numa_nodes=0     ,first_numa=0  ,other_nodes=     
Hostname=nid006431   , Rank=688  ,Local=0   ,RPN=4   ,CPUs=0-71     ,GPU=0 ,NIC=cxi0 ,numa_nodes=0     ,first_numa=0  ,other_nodes=     
Hostname=nid005891   , Rank=341  ,Local=1   ,RPN=4   ,CPUs=72-143   ,GPU=1 ,NIC=cxi1 ,numa_nodes=1     ,first_numa=1  ,other_nodes=     
Hostname=nid005857   , Rank=248  ,Local=0   ,RPN=4   ,CPUs=0-71     ,GPU=0 ,NIC=cxi0 ,numa_nodes=0     ,first_numa=0  ,other_nodes=     
Hostname=nid005842   , Rank=195  ,Local=3   ,RPN=4   ,CPUs=216-287  ,GPU=3 ,NIC=cxi3 ,numa_nodes=3     ,first_numa=3  ,other_nodes=     
Hostname=nid005824   , Rank=141  ,Local=1   ,RPN=4   ,CPUs=72-143   ,GPU=1 ,NIC=cxi1 ,numa_nodes=1     ,first_numa=1  ,other_nodes=     
Hostname=nid006382   , Rank=495  ,Local=3   ,RPN=4   ,CPUs=216-287  ,GPU=3 ,NIC=cxi3 ,numa_nodes=3     ,first_numa=3  ,other_nodes=     
Hostname=nid006515   , Rank=961  ,Local=1   ,RPN=4   ,CPUs=72-143   ,GPU=1 ,NIC=cxi1 ,numa_nodes=1     ,first_numa=1  ,other_nodes=     
Hostname=nid005805   , Rank=64   ,Local=0   ,RPN=4   ,CPUs=0-71     ,GPU=0 ,NIC=cxi0 ,numa_nodes=0     ,first_numa=0  ,other_nodes=     
Hostname=nid006411   , Rank=608  ,Local=0   ,RPN=4   ,CPUs=0-71     ,GPU=0 ,NIC=cxi0 ,numa_nodes=0     ,first_numa=0  ,other_nodes=     
Hostname=nid006376   , Rank=472  ,Local=0   ,RPN=4   ,CPUs=0-71     ,GPU=0 ,NIC=cxi0 ,numa_nodes=0     ,first_numa=0  ,other_nodes=     
Hostname=nid005805   , Rank=66   ,Local=2   ,RPN=4   ,CPUs=144-215  ,GPU=2 ,NIC=cxi2 ,numa_nodes=2     ,first_numa=2  ,other_nodes=     
Hostname=nid006524   , Rank=993  ,Local=1   ,RPN=4   ,CPUs=72-143   ,GPU=1 ,NIC=cxi1 ,numa_nodes=1     ,first_numa=1  ,other_nodes=     
Hostname=nid006506   , Rank=927  ,Local=3   ,RPN=4   ,CPUs=216-287  ,GPU=3 ,NIC=cxi3 ,numa_nodes=3     ,first_numa=3  ,other_nodes=     
Hostname=nid006411   , Rank=609  ,Local=1   ,RPN=4   ,CPUs=72-143   ,GPU=1 ,NIC=cxi1 ,numa_nodes=1     ,first_numa=1  ,other_nodes=     
Hostname=nid005874   , Rank=313  ,Local=1   ,RPN=4   ,CPUs=72-143   ,GPU=1 ,NIC=cxi1 ,numa_nodes=1     ,first_numa=1  ,other_nodes=     
Hostname=nid006382   , Rank=494  ,Local=2   ,RPN=4   ,CPUs=144-215  ,GPU=2 ,NIC=cxi2 ,numa_nodes=2     ,first_numa=2  ,other_nodes=     
Hostname=nid006418   , Rank=637  ,Local=1   ,RPN=4   ,CPUs=72-143   ,GPU=1 ,NIC=cxi1 ,numa_nodes=1     ,first_numa=1  ,other_nodes=     
Hostname=nid005819   , Rank=122  ,Local=2   ,RPN=4   ,CPUs=144-215  ,GPU=2 ,NIC=cxi2 ,numa_nodes=2     ,first_numa=2  ,other_nodes=     
Hostname=nid005814   , Rank=100  ,Local=0   ,RPN=4   ,CPUs=0-71     ,GPU=0 ,NIC=cxi0 ,numa_nodes=0     ,first_numa=0  ,other_nodes=     
Hostname=nid006522   , Rank=985  ,Local=1   ,RPN=4   ,CPUs=72-143   ,GPU=1 ,NIC=cxi1 ,numa_nodes=1     ,first_numa=1  ,other_nodes=     
Hostname=nid006506   , Rank=926  ,Local=2   ,RPN=4   ,CPUs=144-215  ,GPU=2 ,NIC=cxi2 ,numa_nodes=2     ,first_numa=2  ,other_nodes=     
Hostname=nid006382   , Rank=493  ,Local=1   ,RPN=4   ,CPUs=72-143   ,GPU=1 ,NIC=cxi1 ,numa_nodes=1     ,first_numa=1  ,other_nodes=     
Hostname=nid006386   , Rank=509  ,Local=1   ,RPN=4   ,CPUs=72-143   ,GPU=1 ,NIC=cxi1 ,numa_nodes=1     ,first_numa=1  ,other_nodes=     
Hostname=nid005805   , Rank=67   ,Local=3   ,RPN=4   ,CPUs=216-287  ,GPU=3 ,NIC=cxi3 ,numa_nodes=3     ,first_numa=3  ,other_nodes=     
Hostname=nid006376   , Rank=475  ,Local=3   ,RPN=4   ,CPUs=216-287  ,GPU=3 ,NIC=cxi3 ,numa_nodes=3     ,first_numa=3  ,other_nodes=     
Hostname=nid006412   , Rank=615  ,Local=3   ,RPN=4   ,CPUs=216-287  ,GPU=3 ,NIC=cxi3 ,numa_nodes=3     ,first_numa=3  ,other_nodes=     
Hostname=nid005814   , Rank=102  ,Local=2   ,RPN=4   ,CPUs=144-215  ,GPU=2 ,NIC=cxi2 ,numa_nodes=2     ,first_numa=2  ,other_nodes=     
Hostname=nid005861   , Rank=264  ,Local=0   ,RPN=4   ,CPUs=0-71     ,GPU=0 ,NIC=cxi0 ,numa_nodes=0     ,first_numa=0  ,other_nodes=     
Hostname=nid006522   , Rank=986  ,Local=2   ,RPN=4   ,CPUs=144-215  ,GPU=2 ,NIC=cxi2 ,numa_nodes=2     ,first_numa=2  ,other_nodes=     
Hostname=nid005802   , Rank=52   ,Local=0   ,RPN=4   ,CPUs=0-71     ,GPU=0 ,NIC=cxi0 ,numa_nodes=0     ,first_numa=0  ,other_nodes=     
Hostname=nid006431   , Rank=690  ,Local=2   ,RPN=4   ,CPUs=144-215  ,GPU=2 ,NIC=cxi2 ,numa_nodes=2     ,first_numa=2  ,other_nodes=     
Hostname=nid005819   , Rank=123  ,Local=3   ,RPN=4   ,CPUs=216-287  ,GPU=3 ,NIC=cxi3 ,numa_nodes=3     ,first_numa=3  ,other_nodes=     
Hostname=nid006506   , Rank=925  ,Local=1   ,RPN=4   ,CPUs=72-143   ,GPU=1 ,NIC=cxi1 ,numa_nodes=1     ,first_numa=1  ,other_nodes=     
Hostname=nid006363   , Rank=423  ,Local=3   ,RPN=4   ,CPUs=216-287  ,GPU=3 ,NIC=cxi3 ,numa_nodes=3     ,first_numa=3  ,other_nodes=     
Hostname=nid006529   , Rank=1014 ,Local=2   ,RPN=4   ,CPUs=144-215  ,GPU=2 ,NIC=cxi2 ,numa_nodes=2     ,first_numa=2  ,other_nodes=     
Hostname=nid005843   , Rank=198  ,Local=2   ,RPN=4   ,CPUs=144-215  ,GPU=2 ,NIC=cxi2 ,numa_nodes=2     ,first_numa=2  ,other_nodes=     
Hostname=nid006363   , Rank=422  ,Local=2   ,RPN=4   ,CPUs=144-215  ,GPU=2 ,NIC=cxi2 ,numa_nodes=2     ,first_numa=2  ,other_nodes=     
Hostname=nid005814   , Rank=101  ,Local=1   ,RPN=4   ,CPUs=72-143   ,GPU=1 ,NIC=cxi1 ,numa_nodes=1     ,first_numa=1  ,other_nodes=     
Hostname=nid006411   , Rank=610  ,Local=2   ,RPN=4   ,CPUs=144-215  ,GPU=2 ,NIC=cxi2 ,numa_nodes=2     ,first_numa=2  ,other_nodes=     
Hostname=nid006363   , Rank=421  ,Local=1   ,RPN=4   ,CPUs=72-143   ,GPU=1 ,NIC=cxi1 ,numa_nodes=1     ,first_numa=1  ,other_nodes=     
Hostname=nid006431   , Rank=691  ,Local=3   ,RPN=4   ,CPUs=216-287  ,GPU=3 ,NIC=cxi3 ,numa_nodes=3     ,first_numa=3  ,other_nodes=     
Hostname=nid006529   , Rank=1015 ,Local=3   ,RPN=4   ,CPUs=216-287  ,GPU=3 ,NIC=cxi3 ,numa_nodes=3     ,first_numa=3  ,other_nodes=     
Hostname=nid006418   , Rank=638  ,Local=2   ,RPN=4   ,CPUs=144-215  ,GPU=2 ,NIC=cxi2 ,numa_nodes=2     ,first_numa=2  ,other_nodes=     
Hostname=nid005802   , Rank=54   ,Local=2   ,RPN=4   ,CPUs=144-215  ,GPU=2 ,NIC=cxi2 ,numa_nodes=2     ,first_numa=2  ,other_nodes=     
Hostname=nid006353   , Rank=390  ,Local=2   ,RPN=4   ,CPUs=144-215  ,GPU=2 ,NIC=cxi2 ,numa_nodes=2     ,first_numa=2  ,other_nodes=     
Hostname=nid005819   , Rank=121  ,Local=1   ,RPN=4   ,CPUs=72-143   ,GPU=1 ,NIC=cxi1 ,numa_nodes=1     ,first_numa=1  ,other_nodes=     
Hostname=nid006411   , Rank=611  ,Local=3   ,RPN=4   ,CPUs=216-287  ,GPU=3 ,NIC=cxi3 ,numa_nodes=3     ,first_numa=3  ,other_nodes=     
Hostname=nid005853   , Rank=232  ,Local=0   ,RPN=4   ,CPUs=0-71     ,GPU=0 ,NIC=cxi0 ,numa_nodes=0     ,first_numa=0  ,other_nodes=     
Hostname=nid006376   , Rank=474  ,Local=2   ,RPN=4   ,CPUs=144-215  ,GPU=2 ,NIC=cxi2 ,numa_nodes=2     ,first_numa=2  ,other_nodes=     
Hostname=nid005803   , Rank=56   ,Local=0   ,RPN=4   ,CPUs=0-71     ,GPU=0 ,NIC=cxi0 ,numa_nodes=0     ,first_numa=0  ,other_nodes=     
Hostname=nid006522   , Rank=987  ,Local=3   ,RPN=4   ,CPUs=216-287  ,GPU=3 ,NIC=cxi3 ,numa_nodes=3     ,first_numa=3  ,other_nodes=     
Hostname=nid005857   , Rank=250  ,Local=2   ,RPN=4   ,CPUs=144-215  ,GPU=2 ,NIC=cxi2 ,numa_nodes=2     ,first_numa=2  ,other_nodes=     
Hostname=nid006524   , Rank=994  ,Local=2   ,RPN=4   ,CPUs=144-215  ,GPU=2 ,NIC=cxi2 ,numa_nodes=2     ,first_numa=2  ,other_nodes=     
Hostname=nid006431   , Rank=689  ,Local=1   ,RPN=4   ,CPUs=72-143   ,GPU=1 ,NIC=cxi1 ,numa_nodes=1     ,first_numa=1  ,other_nodes=     
Hostname=nid006529   , Rank=1013 ,Local=1   ,RPN=4   ,CPUs=72-143   ,GPU=1 ,NIC=cxi1 ,numa_nodes=1     ,first_numa=1  ,other_nodes=     
Hostname=nid005803   , Rank=59   ,Local=3   ,RPN=4   ,CPUs=216-287  ,GPU=3 ,NIC=cxi3 ,numa_nodes=3     ,first_numa=3  ,other_nodes=     
Hostname=nid005851   , Rank=225  ,Local=1   ,RPN=4   ,CPUs=72-143   ,GPU=1 ,NIC=cxi1 ,numa_nodes=1     ,first_numa=1  ,other_nodes=     
Hostname=nid006353   , Rank=391  ,Local=3   ,RPN=4   ,CPUs=216-287  ,GPU=3 ,NIC=cxi3 ,numa_nodes=3     ,first_numa=3  ,other_nodes=     
Hostname=nid006430   , Rank=685  ,Local=1   ,RPN=4   ,CPUs=72-143   ,GPU=1 ,NIC=cxi1 ,numa_nodes=1     ,first_numa=1  ,other_nodes=     
Hostname=nid006418   , Rank=639  ,Local=3   ,RPN=4   ,CPUs=216-287  ,GPU=3 ,NIC=cxi3 ,numa_nodes=3     ,first_numa=3  ,other_nodes=     
Hostname=nid005853   , Rank=234  ,Local=2   ,RPN=4   ,CPUs=144-215  ,GPU=2 ,NIC=cxi2 ,numa_nodes=2     ,first_numa=2  ,other_nodes=     
Hostname=nid005857   , Rank=251  ,Local=3   ,RPN=4   ,CPUs=216-287  ,GPU=3 ,NIC=cxi3 ,numa_nodes=3     ,first_numa=3  ,other_nodes=     
Hostname=nid006376   , Rank=473  ,Local=1   ,RPN=4   ,CPUs=72-143   ,GPU=1 ,NIC=cxi1 ,numa_nodes=1     ,first_numa=1  ,other_nodes=     
Hostname=nid005850   , Rank=221  ,Local=1   ,RPN=4   ,CPUs=72-143   ,GPU=1 ,NIC=cxi1 ,numa_nodes=1     ,first_numa=1  ,other_nodes=     
Hostname=nid005802   , Rank=53   ,Local=1   ,RPN=4   ,CPUs=72-143   ,GPU=1 ,NIC=cxi1 ,numa_nodes=1     ,first_numa=1  ,other_nodes=     
Hostname=nid005803   , Rank=58   ,Local=2   ,RPN=4   ,CPUs=144-215  ,GPU=2 ,NIC=cxi2 ,numa_nodes=2     ,first_numa=2  ,other_nodes=     
Hostname=nid006353   , Rank=389  ,Local=1   ,RPN=4   ,CPUs=72-143   ,GPU=1 ,NIC=cxi1 ,numa_nodes=1     ,first_numa=1  ,other_nodes=     
Hostname=nid005853   , Rank=235  ,Local=3   ,RPN=4   ,CPUs=216-287  ,GPU=3 ,NIC=cxi3 ,numa_nodes=3     ,first_numa=3  ,other_nodes=     
Hostname=nid005857   , Rank=249  ,Local=1   ,RPN=4   ,CPUs=72-143   ,GPU=1 ,NIC=cxi1 ,numa_nodes=1     ,first_numa=1  ,other_nodes=     
Hostname=nid006386   , Rank=511  ,Local=3   ,RPN=4   ,CPUs=216-287  ,GPU=3 ,NIC=cxi3 ,numa_nodes=3     ,first_numa=3  ,other_nodes=     
Hostname=nid005861   , Rank=267  ,Local=3   ,RPN=4   ,CPUs=216-287  ,GPU=3 ,NIC=cxi3 ,numa_nodes=3     ,first_numa=3  ,other_nodes=     
Hostname=nid006515   , Rank=963  ,Local=3   ,RPN=4   ,CPUs=216-287  ,GPU=3 ,NIC=cxi3 ,numa_nodes=3     ,first_numa=3  ,other_nodes=     
Hostname=nid005853   , Rank=233  ,Local=1   ,RPN=4   ,CPUs=72-143   ,GPU=1 ,NIC=cxi1 ,numa_nodes=1     ,first_numa=1  ,other_nodes=     
Hostname=nid006386   , Rank=510  ,Local=2   ,RPN=4   ,CPUs=144-215  ,GPU=2 ,NIC=cxi2 ,numa_nodes=2     ,first_numa=2  ,other_nodes=     
Hostname=nid005861   , Rank=266  ,Local=2   ,RPN=4   ,CPUs=144-215  ,GPU=2 ,NIC=cxi2 ,numa_nodes=2     ,first_numa=2  ,other_nodes=     
Hostname=nid005865   , Rank=283  ,Local=3   ,RPN=4   ,CPUs=216-287  ,GPU=3 ,NIC=cxi3 ,numa_nodes=3     ,first_numa=3  ,other_nodes=     
Hostname=nid006386   , Rank=508  ,Local=0   ,RPN=4   ,CPUs=0-71     ,GPU=0 ,NIC=cxi0 ,numa_nodes=0     ,first_numa=0  ,other_nodes=     
Hostname=nid006515   , Rank=962  ,Local=2   ,RPN=4   ,CPUs=144-215  ,GPU=2 ,NIC=cxi2 ,numa_nodes=2     ,first_numa=2  ,other_nodes=     
Hostname=nid005812   , Rank=93   ,Local=1   ,RPN=4   ,CPUs=72-143   ,GPU=1 ,NIC=cxi1 ,numa_nodes=1     ,first_numa=1  ,other_nodes=     
Hostname=nid005851   , Rank=224  ,Local=0   ,RPN=4   ,CPUs=0-71     ,GPU=0 ,NIC=cxi0 ,numa_nodes=0     ,first_numa=0  ,other_nodes=     
Hostname=nid006520   , Rank=979  ,Local=3   ,RPN=4   ,CPUs=216-287  ,GPU=3 ,NIC=cxi3 ,numa_nodes=3     ,first_numa=3  ,other_nodes=     
Hostname=nid005816   , Rank=108  ,Local=0   ,RPN=4   ,CPUs=0-71     ,GPU=0 ,NIC=cxi0 ,numa_nodes=0     ,first_numa=0  ,other_nodes=     
Hostname=nid006515   , Rank=960  ,Local=0   ,RPN=4   ,CPUs=0-71     ,GPU=0 ,NIC=cxi0 ,numa_nodes=0     ,first_numa=0  ,other_nodes=     
Hostname=nid005816   , Rank=111  ,Local=3   ,RPN=4   ,CPUs=216-287  ,GPU=3 ,NIC=cxi3 ,numa_nodes=3     ,first_numa=3  ,other_nodes=     
Hostname=nid005861   , Rank=265  ,Local=1   ,RPN=4   ,CPUs=72-143   ,GPU=1 ,NIC=cxi1 ,numa_nodes=1     ,first_numa=1  ,other_nodes=     
Hostname=nid005851   , Rank=227  ,Local=3   ,RPN=4   ,CPUs=216-287  ,GPU=3 ,NIC=cxi3 ,numa_nodes=3     ,first_numa=3  ,other_nodes=     
Hostname=nid005842   , Rank=192  ,Local=0   ,RPN=4   ,CPUs=0-71     ,GPU=0 ,NIC=cxi0 ,numa_nodes=0     ,first_numa=0  ,other_nodes=     
Hostname=nid005842   , Rank=193  ,Local=1   ,RPN=4   ,CPUs=72-143   ,GPU=1 ,NIC=cxi1 ,numa_nodes=1     ,first_numa=1  ,other_nodes=     
Hostname=nid006412   , Rank=612  ,Local=0   ,RPN=4   ,CPUs=0-71     ,GPU=0 ,NIC=cxi0 ,numa_nodes=0     ,first_numa=0  ,other_nodes=     
Hostname=nid005842   , Rank=194  ,Local=2   ,RPN=4   ,CPUs=144-215  ,GPU=2 ,NIC=cxi2 ,numa_nodes=2     ,first_numa=2  ,other_nodes=     
Hostname=nid006412   , Rank=614  ,Local=2   ,RPN=4   ,CPUs=144-215  ,GPU=2 ,NIC=cxi2 ,numa_nodes=2     ,first_numa=2  ,other_nodes=     
Hostname=nid006524   , Rank=992  ,Local=0   ,RPN=4   ,CPUs=0-71     ,GPU=0 ,NIC=cxi0 ,numa_nodes=0     ,first_numa=0  ,other_nodes=     
Hostname=nid005816   , Rank=110  ,Local=2   ,RPN=4   ,CPUs=144-215  ,GPU=2 ,NIC=cxi2 ,numa_nodes=2     ,first_numa=2  ,other_nodes=     
Hostname=nid006524   , Rank=995  ,Local=3   ,RPN=4   ,CPUs=216-287  ,GPU=3 ,NIC=cxi3 ,numa_nodes=3     ,first_numa=3  ,other_nodes=     
Hostname=nid005851   , Rank=226  ,Local=2   ,RPN=4   ,CPUs=144-215  ,GPU=2 ,NIC=cxi2 ,numa_nodes=2     ,first_numa=2  ,other_nodes=     
Hostname=nid006412   , Rank=613  ,Local=1   ,RPN=4   ,CPUs=72-143   ,GPU=1 ,NIC=cxi1 ,numa_nodes=1     ,first_numa=1  ,other_nodes=     
Hostname=nid005865   , Rank=281  ,Local=1   ,RPN=4   ,CPUs=72-143   ,GPU=1 ,NIC=cxi1 ,numa_nodes=1     ,first_numa=1  ,other_nodes=     
Hostname=nid005891   , Rank=343  ,Local=3   ,RPN=4   ,CPUs=216-287  ,GPU=3 ,NIC=cxi3 ,numa_nodes=3     ,first_numa=3  ,other_nodes=     
Hostname=nid005891   , Rank=342  ,Local=2   ,RPN=4   ,CPUs=144-215  ,GPU=2 ,NIC=cxi2 ,numa_nodes=2     ,first_numa=2  ,other_nodes=     
Hostname=nid006430   , Rank=686  ,Local=2   ,RPN=4   ,CPUs=144-215  ,GPU=2 ,NIC=cxi2 ,numa_nodes=2     ,first_numa=2  ,other_nodes=     
Hostname=nid005891   , Rank=340  ,Local=0   ,RPN=4   ,CPUs=0-71     ,GPU=0 ,NIC=cxi0 ,numa_nodes=0     ,first_numa=0  ,other_nodes=     
Hostname=nid005865   , Rank=282  ,Local=2   ,RPN=4   ,CPUs=144-215  ,GPU=2 ,NIC=cxi2 ,numa_nodes=2     ,first_numa=2  ,other_nodes=     
Hostname=nid005824   , Rank=140  ,Local=0   ,RPN=4   ,CPUs=0-71     ,GPU=0 ,NIC=cxi0 ,numa_nodes=0     ,first_numa=0  ,other_nodes=     
Hostname=nid005812   , Rank=92   ,Local=0   ,RPN=4   ,CPUs=0-71     ,GPU=0 ,NIC=cxi0 ,numa_nodes=0     ,first_numa=0  ,other_nodes=     
Hostname=nid006430   , Rank=687  ,Local=3   ,RPN=4   ,CPUs=216-287  ,GPU=3 ,NIC=cxi3 ,numa_nodes=3     ,first_numa=3  ,other_nodes=     
Hostname=nid006430   , Rank=684  ,Local=0   ,RPN=4   ,CPUs=0-71     ,GPU=0 ,NIC=cxi0 ,numa_nodes=0     ,first_numa=0  ,other_nodes=     
Hostname=nid005874   , Rank=315  ,Local=3   ,RPN=4   ,CPUs=216-287  ,GPU=3 ,NIC=cxi3 ,numa_nodes=3     ,first_numa=3  ,other_nodes=     
Hostname=nid005865   , Rank=280  ,Local=0   ,RPN=4   ,CPUs=0-71     ,GPU=0 ,NIC=cxi0 ,numa_nodes=0     ,first_numa=0  ,other_nodes=     
Hostname=nid006520   , Rank=978  ,Local=2   ,RPN=4   ,CPUs=144-215  ,GPU=2 ,NIC=cxi2 ,numa_nodes=2     ,first_numa=2  ,other_nodes=     
Hostname=nid005812   , Rank=94   ,Local=2   ,RPN=4   ,CPUs=144-215  ,GPU=2 ,NIC=cxi2 ,numa_nodes=2     ,first_numa=2  ,other_nodes=     
Hostname=nid005824   , Rank=142  ,Local=2   ,RPN=4   ,CPUs=144-215  ,GPU=2 ,NIC=cxi2 ,numa_nodes=2     ,first_numa=2  ,other_nodes=     
Hostname=nid005843   , Rank=196  ,Local=0   ,RPN=4   ,CPUs=0-71     ,GPU=0 ,NIC=cxi0 ,numa_nodes=0     ,first_numa=0  ,other_nodes=     
Hostname=nid005874   , Rank=314  ,Local=2   ,RPN=4   ,CPUs=144-215  ,GPU=2 ,NIC=cxi2 ,numa_nodes=2     ,first_numa=2  ,other_nodes=     
Hostname=nid005843   , Rank=197  ,Local=1   ,RPN=4   ,CPUs=72-143   ,GPU=1 ,NIC=cxi1 ,numa_nodes=1     ,first_numa=1  ,other_nodes=     
Hostname=nid005850   , Rank=222  ,Local=2   ,RPN=4   ,CPUs=144-215  ,GPU=2 ,NIC=cxi2 ,numa_nodes=2     ,first_numa=2  ,other_nodes=     
Hostname=nid006520   , Rank=977  ,Local=1   ,RPN=4   ,CPUs=72-143   ,GPU=1 ,NIC=cxi1 ,numa_nodes=1     ,first_numa=1  ,other_nodes=     
Hostname=nid005874   , Rank=312  ,Local=0   ,RPN=4   ,CPUs=0-71     ,GPU=0 ,NIC=cxi0 ,numa_nodes=0     ,first_numa=0  ,other_nodes=     
Hostname=nid005812   , Rank=95   ,Local=3   ,RPN=4   ,CPUs=216-287  ,GPU=3 ,NIC=cxi3 ,numa_nodes=3     ,first_numa=3  ,other_nodes=     
Hostname=nid005850   , Rank=223  ,Local=3   ,RPN=4   ,CPUs=216-287  ,GPU=3 ,NIC=cxi3 ,numa_nodes=3     ,first_numa=3  ,other_nodes=     
Hostname=nid006520   , Rank=976  ,Local=0   ,RPN=4   ,CPUs=0-71     ,GPU=0 ,NIC=cxi0 ,numa_nodes=0     ,first_numa=0  ,other_nodes=     
Hostname=nid005850   , Rank=220  ,Local=0   ,RPN=4   ,CPUs=0-71     ,GPU=0 ,NIC=cxi0 ,numa_nodes=0     ,first_numa=0  ,other_nodes=     
Hostname=nid005824   , Rank=143  ,Local=3   ,RPN=4   ,CPUs=216-287  ,GPU=3 ,NIC=cxi3 ,numa_nodes=3     ,first_numa=3  ,other_nodes=     
Hostname=nid005843   , Rank=199  ,Local=3   ,RPN=4   ,CPUs=216-287  ,GPU=3 ,NIC=cxi3 ,numa_nodes=3     ,first_numa=3  ,other_nodes=     
Hostname=nid006495   , Rank=885  ,Local=1   ,RPN=4   ,CPUs=72-143   ,GPU=1 ,NIC=cxi1 ,numa_nodes=1     ,first_numa=1  ,other_nodes=     
Hostname=nid006495   , Rank=884  ,Local=0   ,RPN=4   ,CPUs=0-71     ,GPU=0 ,NIC=cxi0 ,numa_nodes=0     ,first_numa=0  ,other_nodes=     
Hostname=nid006495   , Rank=887  ,Local=3   ,RPN=4   ,CPUs=216-287  ,GPU=3 ,NIC=cxi3 ,numa_nodes=3     ,first_numa=3  ,other_nodes=     
Hostname=nid006495   , Rank=886  ,Local=2   ,RPN=4   ,CPUs=144-215  ,GPU=2 ,NIC=cxi2 ,numa_nodes=2     ,first_numa=2  ,other_nodes=     

================================================================================
NUFFT Scaling Benchmark
================================================================================
Number of ranks: 1024
Grid size:       1024^3
Upsampled grid:  2048^3 (sigma=2)
Particles:       8589934592 (8 per point)
Tolerance:       0.0001
CSV output:      results/nufft_scaling_1024_upsampled.csv
Component CSV:   results/nufft_components_1024_upsampled.csv

=== Benchmarking NUFFT Type 1 ===
Grid size:       1024^3
Upsampled grid:  2048^3 (sigma=2)
Total particles: 8589934592
Local particles: 8388608
Spread method:   output_focused
Tolerance:       0.0001
Warmup runs:     3
Benchmark runs:  10
Running warmup...
Running benchmark...

NUFFT Type 1 Results:
  Ranks:       1024
  Grid:        1024^3
  Particles:   8589934592
  Mean time:   99.801 ms
  Min time:    95.450 ms
  Max time:    110.020 ms
  Stddev:      3.344 ms
  Throughput:  86070.31 Mpts/s

=== Benchmarking NUFFT Type 2 ===
Grid size:       1024^3
Upsampled grid:  2048^3 (sigma=2.00)
Total particles: 8589934592
Local particles: 8388608
Gather method:   atomic_sort
Tolerance:       0.00
Warmup runs:     3
Benchmark runs:  10
Running warmup...
Running benchmark...

NUFFT Type 2 Results:
  Ranks:       1024
  Grid:        1024^3
  Particles:   8589934592
  Mean time:   60.026 ms
  Min time:    57.985 ms
  Max time:    63.634 ms
  Stddev:      1.615 ms
  Throughput:  143104.22 Mpts/s
[CSV] Timings written to results/nufft_scaling_1024_upsampled.csv

==================================================
COMPONENT TIMING BREAKDOWN
==================================================

Type-1 (spreading):
----------------------------------------
Scatter (spreading)           42.03 ms
FFT (forward)                 48.48 ms
Deconvolution                  0.20 ms

Type-2 (interpolation):
----------------------------------------
Precorrection                  0.28 ms
FFT (backward)                64.42 ms
Gather (interpolation)         9.40 ms

Total:
----------------------------------------
Complete Type-1               90.71 ms
Complete Type-2               75.63 ms
[CSV] Component timings written to results/nufft_components_1024_upsampled.csv

================================================================================
SUMMARY
================================================================================
Type 1: 99.801 ms (86070.31 Mpts/s)
Type 2: 60.03 ms (143104.22 Mpts/s)
================================================================================
