timer_name,rank,measurement_id,duration_seconds
mainTimer,0,0,21.264704286
dumpData,0,0,0.009158642
dumpData,0,1,0.008952711
dumpData,0,2,0.009362374
dumpData,0,3,0.009148842
dumpData,0,4,0.009067382
dumpData,0,5,0.009416305
dumpData,0,6,0.008767039
dumpData,0,7,0.008724729
dumpData,0,8,0.010110792
dumpData,0,9,0.009352095
kick,0,0,0.001996278
kick,0,1,0.002003348
kick,0,2,0.001993797
kick,0,3,0.002004018
kick,0,4,0.001995708
kick,0,5,0.002002638
kick,0,6,0.001994618
kick,0,7,0.002005498
kick,0,8,0.001993358
kick,0,9,0.002002668
kick,0,10,0.001992688
kick,0,11,0.002001408
kick,0,12,0.001992078
kick,0,13,0.002000878
kick,0,14,0.001993708
kick,0,15,0.001999468
kick,0,16,0.001990598
kick,0,17,0.002000178
kick,0,18,0.001983298
kick,0,19,0.002000618
drift,0,0,0.001960748
drift,0,1,0.001967348
drift,0,2,0.001971518
drift,0,3,0.001963487
drift,0,4,0.001963058
drift,0,5,0.001967928
drift,0,6,0.001958368
drift,0,7,0.001974688
drift,0,8,0.001974358
drift,0,9,0.001948167
particleBC,0,0,0.003961876
particleBC,0,1,0.003961046
particleBC,0,2,0.003958986
particleBC,0,3,0.003964296
particleBC,0,4,0.003957486
particleBC,0,5,0.003956505
particleBC,0,6,0.003956936
particleBC,0,7,0.003957966
particleBC,0,8,0.003954965
particleBC,0,9,0.003959916
updateParticle,0,0,0.014796873
updateParticle,0,1,0.011888167
updateParticle,0,2,0.012765805
updateParticle,0,3,0.012635464
updateParticle,0,4,0.013374211
updateParticle,0,5,0.011995798
updateParticle,0,6,0.01219094
updateParticle,0,7,0.011230901
updateParticle,0,8,0.011671546
updateParticle,0,9,0.010690326
locateParticles,0,0,0.001547444
locateParticles,0,1,0.001543944
locateParticles,0,2,0.001536804
locateParticles,0,3,0.001538204
locateParticles,0,4,0.001550274
locateParticles,0,5,0.001544384
locateParticles,0,6,0.001542004
locateParticles,0,7,0.001532854
locateParticles,0,8,0.001542924
locateParticles,0,9,0.001543784
sendPreprocess,0,0,0.000202172
sendPreprocess,0,1,0.000255922
sendPreprocess,0,2,0.000262382
sendPreprocess,0,3,0.000246452
sendPreprocess,0,4,0.000266882
sendPreprocess,0,5,0.000250722
sendPreprocess,0,6,0.000265292
sendPreprocess,0,7,0.000295023
sendPreprocess,0,8,0.000307623
sendPreprocess,0,9,0.000391314
particleSend,0,0,0.001336652
particleSend,0,1,0.001335032
particleSend,0,2,0.001366053
particleSend,0,3,0.001282282
particleSend,0,4,0.001243972
particleSend,0,5,0.001346092
particleSend,0,6,0.001320342
particleSend,0,7,0.001333872
particleSend,0,8,0.001253241
particleSend,0,9,0.001365342
particleRecv,0,0,3.019e-05
particleRecv,0,1,3.3571e-05
particleRecv,0,2,3.298e-05
particleRecv,0,3,3.644e-05
particleRecv,0,4,3.273e-05
particleRecv,0,5,4.21e-05
particleRecv,0,6,3.291e-05
particleRecv,0,7,3.251e-05
particleRecv,0,8,3.1831e-05
particleRecv,0,9,2.876e-05
particleDestroy,0,0,0.004877874
particleDestroy,0,1,0.004872514
particleDestroy,0,2,0.004898254
particleDestroy,0,3,0.004868904
particleDestroy,0,4,0.004884734
particleDestroy,0,5,0.004886584
particleDestroy,0,6,0.004889045
particleDestroy,0,7,0.004882104
particleDestroy,0,8,0.004894764
particleDestroy,0,9,0.004902684
ScatterPIFNUFFT,0,0,0.520806917
ScatterPIFNUFFT,0,1,0.00111583
ScatterPIFNUFFT,0,2,0.529237193
ScatterPIFNUFFT,0,3,0.0011125
ScatterPIFNUFFT,0,4,0.521827337
ScatterPIFNUFFT,0,5,0.00111328
ScatterPIFNUFFT,0,6,0.526242436
ScatterPIFNUFFT,0,7,0.00111274
ScatterPIFNUFFT,0,8,0.523490841
ScatterPIFNUFFT,0,9,0.00111474
ScatterPIFNUFFT,0,10,0.526223876
ScatterPIFNUFFT,0,11,0.00111546
ScatterPIFNUFFT,0,12,0.521862887
ScatterPIFNUFFT,0,13,0.00111673
ScatterPIFNUFFT,0,14,0.522542233
ScatterPIFNUFFT,0,15,0.00111742
ScatterPIFNUFFT,0,16,0.523190369
ScatterPIFNUFFT,0,17,0.00111025
ScatterPIFNUFFT,0,18,0.521068969
ScatterPIFNUFFT,0,19,0.00111682
NativeNUFFT1,0,0,0.516862612
NativeNUFFT1,0,1,0.525093986
NativeNUFFT1,0,2,0.517459377
NativeNUFFT1,0,3,0.521598534
NativeNUFFT1,0,4,0.519491615
NativeNUFFT1,0,5,0.521302371
NativeNUFFT1,0,6,0.51781326
NativeNUFFT1,0,7,0.517436496
NativeNUFFT1,0,8,0.518717649
NativeNUFFT1,0,9,0.516097625
scatterTimerNUFFT1,0,0,0.039622168
scatterTimerNUFFT1,0,1,0.040352144
scatterTimerNUFFT1,0,2,0.040314953
scatterTimerNUFFT1,0,3,0.040268573
scatterTimerNUFFT1,0,4,0.03994042
scatterTimerNUFFT1,0,5,0.040106361
scatterTimerNUFFT1,0,6,0.040450694
scatterTimerNUFFT1,0,7,0.040152492
scatterTimerNUFFT1,0,8,0.040105302
scatterTimerNUFFT1,0,9,0.039986041
binSort,0,0,0.00994716
binSort,0,1,0.00998359
binSort,0,2,0.01002342
binSort,0,3,0.00998688
binSort,0,4,0.009942399
binSort,0,5,0.00997286
binSort,0,6,0.00999015
binSort,0,7,0.00998147
binSort,0,8,0.00994485
binSort,0,9,0.00998285
binSort,0,10,0.00997484
binSort,0,11,0.00998618
binSort,0,12,0.00994863
binSort,0,13,0.00998105
binSort,0,14,0.00998707
binSort,0,15,0.00997769
binSort,0,16,0.00995538
binSort,0,17,0.0099752
binSort,0,18,0.00996925
binSort,0,19,0.00999024
binSort,0,20,0.00992571
binSort,0,21,0.00997595
binSort,0,22,0.00996867
binSort,0,23,0.00997733
binSort,0,24,0.00993633
binSort,0,25,0.00996973
binSort,0,26,0.00998755
binSort,0,27,0.00999484
binSort,0,28,0.00993705
binSort,0,29,0.00998902
binSort,0,30,0.00998255
binSort,0,31,0.00998094
binSort,0,32,0.009961
binSort,0,33,0.00998387
binSort,0,34,0.0099777
binSort,0,35,0.00997919
binSort,0,36,0.00994914
binSort,0,37,0.00999442
binSort,0,38,0.00998306
binSort,0,39,0.00997098
binComputeKeys,0,0,0.0010821
binComputeKeys,0,1,0.00108918
binComputeKeys,0,2,0.0010843
binComputeKeys,0,3,0.00108455
binComputeKeys,0,4,0.001081239
binComputeKeys,0,5,0.00108653
binComputeKeys,0,6,0.00108439
binComputeKeys,0,7,0.00108784
binComputeKeys,0,8,0.001082039
binComputeKeys,0,9,0.00108398
binComputeKeys,0,10,0.001086549
binComputeKeys,0,11,0.00108327
binComputeKeys,0,12,0.00108287
binComputeKeys,0,13,0.00108435
binComputeKeys,0,14,0.00108311
binComputeKeys,0,15,0.001086329
binComputeKeys,0,16,0.0010824
binComputeKeys,0,17,0.00108768
binComputeKeys,0,18,0.00108491
binComputeKeys,0,19,0.00109089
binComputeKeys,0,20,0.0010816
binComputeKeys,0,21,0.001085799
binComputeKeys,0,22,0.00108597
binComputeKeys,0,23,0.00108657
binComputeKeys,0,24,0.00108405
binComputeKeys,0,25,0.00108602
binComputeKeys,0,26,0.00108699
binComputeKeys,0,27,0.001085749
binComputeKeys,0,28,0.00107888
binComputeKeys,0,29,0.00108482
binComputeKeys,0,30,0.001084
binComputeKeys,0,31,0.00108664
binComputeKeys,0,32,0.00108125
binComputeKeys,0,33,0.00108321
binComputeKeys,0,34,0.001085309
binComputeKeys,0,35,0.00108613
binComputeKeys,0,36,0.00108086
binComputeKeys,0,37,0.00108268
binComputeKeys,0,38,0.0010824
binComputeKeys,0,39,0.00108229
binSortByKey,0,0,0.008593337
binSortByKey,0,1,0.008616877
binSortByKey,0,2,0.008663238
binSortByKey,0,3,0.008620628
binSortByKey,0,4,0.008587898
binSortByKey,0,5,0.008608898
binSortByKey,0,6,0.008627538
binSortByKey,0,7,0.008618418
binSortByKey,0,8,0.008590758
binSortByKey,0,9,0.008622188
binSortByKey,0,10,0.008610098
binSortByKey,0,11,0.008626168
binSortByKey,0,12,0.008593827
binSortByKey,0,13,0.008618738
binSortByKey,0,14,0.008627018
binSortByKey,0,15,0.008615548
binSortByKey,0,16,0.008600288
binSortByKey,0,17,0.008610278
binSortByKey,0,18,0.008607578
binSortByKey,0,19,0.008621897
binSortByKey,0,20,0.008572037
binSortByKey,0,21,0.008614068
binSortByKey,0,22,0.008606847
binSortByKey,0,23,0.008614358
binSortByKey,0,24,0.008578787
binSortByKey,0,25,0.008607298
binSortByKey,0,26,0.008624577
binSortByKey,0,27,0.008632838
binSortByKey,0,28,0.008586988
binSortByKey,0,29,0.008627748
binSortByKey,0,30,0.008623448
binSortByKey,0,31,0.008618718
binSortByKey,0,32,0.008606737
binSortByKey,0,33,0.008619497
binSortByKey,0,34,0.008615608
binSortByKey,0,35,0.008616218
binSortByKey,0,36,0.008596597
binSortByKey,0,37,0.008629728
binSortByKey,0,38,0.008623428
binSortByKey,0,39,0.008611888
binComputeOffsets,0,0,0.000262433
binComputeOffsets,0,1,0.000267843
binComputeOffsets,0,2,0.000266292
binComputeOffsets,0,3,0.000271812
binComputeOffsets,0,4,0.000264072
binComputeOffsets,0,5,0.000266862
binComputeOffsets,0,6,0.000266992
binComputeOffsets,0,7,0.000265942
binComputeOffsets,0,8,0.000262562
binComputeOffsets,0,9,0.000267382
binComputeOffsets,0,10,0.000266793
binComputeOffsets,0,11,0.000267442
binComputeOffsets,0,12,0.000262713
binComputeOffsets,0,13,0.000267912
binComputeOffsets,0,14,0.000267112
binComputeOffsets,0,15,0.000266042
binComputeOffsets,0,16,0.000261812
binComputeOffsets,0,17,0.000267242
binComputeOffsets,0,18,0.000266822
binComputeOffsets,0,19,0.000267913
binComputeOffsets,0,20,0.000262573
binComputeOffsets,0,21,0.000266793
binComputeOffsets,0,22,0.000266453
binComputeOffsets,0,23,0.000266382
binComputeOffsets,0,24,0.000263573
binComputeOffsets,0,25,0.000267012
binComputeOffsets,0,26,0.000266663
binComputeOffsets,0,27,0.000266283
binComputeOffsets,0,28,0.000261922
binComputeOffsets,0,29,0.000267032
binComputeOffsets,0,30,0.000265352
binComputeOffsets,0,31,0.000265692
binComputeOffsets,0,32,0.000262673
binComputeOffsets,0,33,0.000271693
binComputeOffsets,0,34,0.000266153
binComputeOffsets,0,35,0.000266802
binComputeOffsets,0,36,0.000262143
binComputeOffsets,0,37,0.000271972
binComputeOffsets,0,38,0.000267302
binComputeOffsets,0,39,0.000266732
FFTNUFFT1,0,0,0.476406526
FFTNUFFT1,0,1,0.483904514
FFTNUFFT1,0,2,0.476310516
FFTNUFFT1,0,3,0.480499994
FFTNUFFT1,0,4,0.478719318
FFTNUFFT1,0,5,0.480360103
FFTNUFFT1,0,6,0.476530148
FFTNUFFT1,0,7,0.476451027
FFTNUFFT1,0,8,0.477777939
FFTNUFFT1,0,9,0.475277527
deconvolutionNUFFT1,0,0,0.000821698
deconvolutionNUFFT1,0,1,0.000825048
deconvolutionNUFFT1,0,2,0.000822368
deconvolutionNUFFT1,0,3,0.000818587
deconvolutionNUFFT1,0,4,0.000819357
deconvolutionNUFFT1,0,5,0.000824297
deconvolutionNUFFT1,0,6,0.000820658
deconvolutionNUFFT1,0,7,0.000821937
deconvolutionNUFFT1,0,8,0.000819798
deconvolutionNUFFT1,0,9,0.000822187
GatherPIFNUFFT,0,0,1.563061958
GatherPIFNUFFT,0,1,1.561305452
GatherPIFNUFFT,0,2,1.570470604
GatherPIFNUFFT,0,3,1.564627051
GatherPIFNUFFT,0,4,1.564733833
GatherPIFNUFFT,0,5,1.562064648
GatherPIFNUFFT,0,6,1.566250236
GatherPIFNUFFT,0,7,1.567670439
GatherPIFNUFFT,0,8,1.564833943
GatherPIFNUFFT,0,9,1.566919662
NativeNUFFT2,0,0,0.519199553
NativeNUFFT2,0,1,0.512666124
NativeNUFFT2,0,2,0.514736662
NativeNUFFT2,0,3,0.516241676
NativeNUFFT2,0,4,0.514304519
NativeNUFFT2,0,5,0.514310038
NativeNUFFT2,0,6,0.523041157
NativeNUFFT2,0,7,0.513834074
NativeNUFFT2,0,8,0.517180095
NativeNUFFT2,0,9,0.518885229
NativeNUFFT2,0,10,0.513749004
NativeNUFFT2,0,11,0.51555315
NativeNUFFT2,0,12,0.521441173
NativeNUFFT2,0,13,0.512470392
NativeNUFFT2,0,14,0.514404869
NativeNUFFT2,0,15,0.517140094
NativeNUFFT2,0,16,0.515054305
NativeNUFFT2,0,17,0.513456491
NativeNUFFT2,0,18,0.524986445
NativeNUFFT2,0,19,0.511677205
NativeNUFFT2,0,20,0.513174218
NativeNUFFT2,0,21,0.524090717
NativeNUFFT2,0,22,0.513729634
NativeNUFFT2,0,23,0.51343582
NativeNUFFT2,0,24,0.519890549
NativeNUFFT2,0,25,0.51446766
NativeNUFFT2,0,26,0.514028616
NativeNUFFT2,0,27,0.522651864
NativeNUFFT2,0,28,0.512059969
NativeNUFFT2,0,29,0.515804023
PrecorrectionNUFFT2,0,0,0.001241222
PrecorrectionNUFFT2,0,1,0.001204371
PrecorrectionNUFFT2,0,2,0.001208421
PrecorrectionNUFFT2,0,3,0.001247892
PrecorrectionNUFFT2,0,4,0.001205641
PrecorrectionNUFFT2,0,5,0.001208911
PrecorrectionNUFFT2,0,6,0.001242221
PrecorrectionNUFFT2,0,7,0.001206231
PrecorrectionNUFFT2,0,8,0.001204551
PrecorrectionNUFFT2,0,9,0.001241991
PrecorrectionNUFFT2,0,10,0.001204081
PrecorrectionNUFFT2,0,11,0.001205391
PrecorrectionNUFFT2,0,12,0.001240481
PrecorrectionNUFFT2,0,13,0.001207781
PrecorrectionNUFFT2,0,14,0.001204381
PrecorrectionNUFFT2,0,15,0.001245511
PrecorrectionNUFFT2,0,16,0.001206721
PrecorrectionNUFFT2,0,17,0.001205111
PrecorrectionNUFFT2,0,18,0.001241281
PrecorrectionNUFFT2,0,19,0.001206931
PrecorrectionNUFFT2,0,20,0.00120271
PrecorrectionNUFFT2,0,21,0.001242361
PrecorrectionNUFFT2,0,22,0.001205121
PrecorrectionNUFFT2,0,23,0.00120524
PrecorrectionNUFFT2,0,24,0.001242041
PrecorrectionNUFFT2,0,25,0.001208171
PrecorrectionNUFFT2,0,26,0.001204681
PrecorrectionNUFFT2,0,27,0.001241511
PrecorrectionNUFFT2,0,28,0.001209111
PrecorrectionNUFFT2,0,29,0.001204981
FFTNUFFT2,0,0,0.482863805
FFTNUFFT2,0,1,0.483513971
FFTNUFFT2,0,2,0.483334769
FFTNUFFT2,0,3,0.482125388
FFTNUFFT2,0,4,0.479535665
FFTNUFFT2,0,5,0.47791803
FFTNUFFT2,0,6,0.488847929
FFTNUFFT2,0,7,0.478801518
FFTNUFFT2,0,8,0.479619236
FFTNUFFT2,0,9,0.477325075
FFTNUFFT2,0,10,0.478862029
FFTNUFFT2,0,11,0.477069602
FFTNUFFT2,0,12,0.481078589
FFTNUFFT2,0,13,0.483784103
FFTNUFFT2,0,14,0.477851029
FFTNUFFT2,0,15,0.478892459
FFTNUFFT2,0,16,0.478077291
FFTNUFFT2,0,17,0.483671472
FFTNUFFT2,0,18,0.488820389
FFTNUFFT2,0,19,0.477645978
FFTNUFFT2,0,20,0.478205023
FFTNUFFT2,0,21,0.484832373
FFTNUFFT2,0,22,0.482723584
FFTNUFFT2,0,23,0.478134362
FFTNUFFT2,0,24,0.481010379
FFTNUFFT2,0,25,0.47683893
FFTNUFFT2,0,26,0.484245967
FFTNUFFT2,0,27,0.486845101
FFTNUFFT2,0,28,0.482907046
FFTNUFFT2,0,29,0.47782173
GatherNUFFT2,0,0,0.035074296
GatherNUFFT2,0,1,0.027926302
GatherNUFFT2,0,2,0.030172512
GatherNUFFT2,0,3,0.032847836
GatherNUFFT2,0,4,0.033543233
GatherNUFFT2,0,5,0.035162727
GatherNUFFT2,0,6,0.032930887
GatherNUFFT2,0,7,0.033806275
GatherNUFFT2,0,8,0.036336208
GatherNUFFT2,0,9,0.040298583
GatherNUFFT2,0,10,0.033663514
GatherNUFFT2,0,11,0.037256996
GatherNUFFT2,0,12,0.039102793
GatherNUFFT2,0,13,0.027458078
GatherNUFFT2,0,14,0.035329929
GatherNUFFT2,0,15,0.036982094
GatherNUFFT2,0,16,0.035749492
GatherNUFFT2,0,17,0.028559978
GatherNUFFT2,0,18,0.034905125
GatherNUFFT2,0,19,0.032804346
GatherNUFFT2,0,20,0.033746375
GatherNUFFT2,0,21,0.037996483
GatherNUFFT2,0,22,0.029780759
GatherNUFFT2,0,23,0.034074817
GatherNUFFT2,0,24,0.037618269
GatherNUFFT2,0,25,0.036400439
GatherNUFFT2,0,26,0.028558317
GatherNUFFT2,0,27,0.034546091
GatherNUFFT2,0,28,0.027924162
GatherNUFFT2,0,29,0.036757292
mainTimer,1,0,21.264685736
dumpData,1,0,0.01001156
dumpData,1,1,0.009852739
dumpData,1,2,0.010168242
dumpData,1,3,0.01000116
dumpData,1,4,0.011334013
dumpData,1,5,0.010237932
dumpData,1,6,0.010636226
dumpData,1,7,0.009528516
dumpData,1,8,0.009454095
dumpData,1,9,0.010156532
kick,1,0,0.001878587
kick,1,1,0.001880677
kick,1,2,0.001876816
kick,1,3,0.001882267
kick,1,4,0.001875517
kick,1,5,0.001885757
kick,1,6,0.001874687
kick,1,7,0.001881747
kick,1,8,0.001874487
kick,1,9,0.001880077
kick,1,10,0.001841447
kick,1,11,0.001882587
kick,1,12,0.001871377
kick,1,13,0.001882827
kick,1,14,0.001863857
kick,1,15,0.001881657
kick,1,16,0.001875007
kick,1,17,0.001889967
kick,1,18,0.001875976
kick,1,19,0.001884067
drift,1,0,0.001832287
drift,1,1,0.001830997
drift,1,2,0.001836957
drift,1,3,0.001832837
drift,1,4,0.001832427
drift,1,5,0.001831336
drift,1,6,0.001832307
drift,1,7,0.001834427
drift,1,8,0.001845486
drift,1,9,0.001847717
particleBC,1,0,0.003714653
particleBC,1,1,0.003717334
particleBC,1,2,0.003718323
particleBC,1,3,0.003719973
particleBC,1,4,0.003716243
particleBC,1,5,0.003725344
particleBC,1,6,0.003717613
particleBC,1,7,0.003726513
particleBC,1,8,0.003724174
particleBC,1,9,0.003720224
updateParticle,1,0,0.014113078
updateParticle,1,1,0.011659865
updateParticle,1,2,0.012899437
updateParticle,1,3,0.01217096
updateParticle,1,4,0.011603305
updateParticle,1,5,0.012441192
updateParticle,1,6,0.012259371
updateParticle,1,7,0.01231322
updateParticle,1,8,0.011391183
updateParticle,1,9,0.011020799
locateParticles,1,0,0.001485533
locateParticles,1,1,0.001485653
locateParticles,1,2,0.001478934
locateParticles,1,3,0.001481284
locateParticles,1,4,0.001480914
locateParticles,1,5,0.001476023
locateParticles,1,6,0.001494514
locateParticles,1,7,0.001477503
locateParticles,1,8,0.001467903
locateParticles,1,9,0.001544434
sendPreprocess,1,0,0.000751827
sendPreprocess,1,1,0.000823607
sendPreprocess,1,2,0.000833707
sendPreprocess,1,3,0.000809977
sendPreprocess,1,4,0.000832737
sendPreprocess,1,5,0.000859368
sendPreprocess,1,6,0.000803497
sendPreprocess,1,7,0.000864258
sendPreprocess,1,8,0.000865448
sendPreprocess,1,9,0.000843948
particleSend,1,0,0.001276781
particleSend,1,1,0.001321782
particleSend,1,2,0.001367293
particleSend,1,3,0.001278122
particleSend,1,4,0.001277462
particleSend,1,5,0.001229681
particleSend,1,6,0.001242161
particleSend,1,7,0.001225641
particleSend,1,8,0.001225601
particleSend,1,9,0.001349852
particleRecv,1,0,3.1691e-05
particleRecv,1,1,3.4141e-05
particleRecv,1,2,3.223e-05
particleRecv,1,3,3.882e-05
particleRecv,1,4,3.033e-05
particleRecv,1,5,3.243e-05
particleRecv,1,6,3.6581e-05
particleRecv,1,7,3.671e-05
particleRecv,1,8,3.5371e-05
particleRecv,1,9,3.275e-05
particleDestroy,1,0,0.004741252
particleDestroy,1,1,0.004726382
particleDestroy,1,2,0.004746493
particleDestroy,1,3,0.004728043
particleDestroy,1,4,0.004740933
particleDestroy,1,5,0.004744503
particleDestroy,1,6,0.004740612
particleDestroy,1,7,0.004770163
particleDestroy,1,8,0.004722592
particleDestroy,1,9,0.004771383
ScatterPIFNUFFT,1,0,0.524708962
ScatterPIFNUFFT,1,1,0.00111895
ScatterPIFNUFFT,1,2,0.526138695
ScatterPIFNUFFT,1,3,0.0011149
ScatterPIFNUFFT,1,4,0.523209349
ScatterPIFNUFFT,1,5,0.001116551
ScatterPIFNUFFT,1,6,0.524725622
ScatterPIFNUFFT,1,7,0.00111423
ScatterPIFNUFFT,1,8,0.524934275
ScatterPIFNUFFT,1,9,0.00111157
ScatterPIFNUFFT,1,10,0.524283559
ScatterPIFNUFFT,1,11,0.00111218
ScatterPIFNUFFT,1,12,0.524973725
ScatterPIFNUFFT,1,13,0.0011118
ScatterPIFNUFFT,1,14,0.524923614
ScatterPIFNUFFT,1,15,0.00111004
ScatterPIFNUFFT,1,16,0.525032725
ScatterPIFNUFFT,1,17,0.00111231
ScatterPIFNUFFT,1,18,0.52340918
ScatterPIFNUFFT,1,19,0.00111916
NativeNUFFT1,1,0,0.520845127
NativeNUFFT1,1,1,0.522305811
NativeNUFFT1,1,2,0.518658658
NativeNUFFT1,1,3,0.520945758
NativeNUFFT1,1,4,0.52105372
NativeNUFFT1,1,5,0.519395895
NativeNUFFT1,1,6,0.520854768
NativeNUFFT1,1,7,0.520462334
NativeNUFFT1,1,8,0.520566015
NativeNUFFT1,1,9,0.518586907
scatterTimerNUFFT1,1,0,0.040729307
scatterTimerNUFFT1,1,1,0.040907919
scatterTimerNUFFT1,1,2,0.040619986
scatterTimerNUFFT1,1,3,0.041527554
scatterTimerNUFFT1,1,4,0.042002249
scatterTimerNUFFT1,1,5,0.039343415
scatterTimerNUFFT1,1,6,0.039596607
scatterTimerNUFFT1,1,7,0.038912051
scatterTimerNUFFT1,1,8,0.040349934
scatterTimerNUFFT1,1,9,0.039762108
binSort,1,0,0.009339535
binSort,1,1,0.009398805
binSort,1,2,0.009412975
binSort,1,3,0.009389794
binSort,1,4,0.009368144
binSort,1,5,0.009404025
binSort,1,6,0.009412095
binSort,1,7,0.009408415
binSort,1,8,0.009354965
binSort,1,9,0.009437865
binSort,1,10,0.009416395
binSort,1,11,0.009416545
binSort,1,12,0.009355025
binSort,1,13,0.009412725
binSort,1,14,0.009388665
binSort,1,15,0.009408865
binSort,1,16,0.009341294
binSort,1,17,0.009399355
binSort,1,18,0.009406655
binSort,1,19,0.009396065
binSort,1,20,0.009348904
binSort,1,21,0.009403965
binSort,1,22,0.009391855
binSort,1,23,0.009404524
binSort,1,24,0.009342424
binSort,1,25,0.009407435
binSort,1,26,0.009396765
binSort,1,27,0.009401184
binSort,1,28,0.009355115
binSort,1,29,0.009425425
binSort,1,30,0.009388765
binSort,1,31,0.009387325
binSort,1,32,0.009366174
binSort,1,33,0.009474345
binSort,1,34,0.009388185
binSort,1,35,0.009386034
binSort,1,36,0.009354864
binSort,1,37,0.009395215
binSort,1,38,0.009386794
binSort,1,39,0.009403725
binComputeKeys,1,0,0.00101852
binComputeKeys,1,1,0.001022559
binComputeKeys,1,2,0.001020819
binComputeKeys,1,3,0.001017749
binComputeKeys,1,4,0.001017169
binComputeKeys,1,5,0.001020139
binComputeKeys,1,6,0.001020409
binComputeKeys,1,7,0.001019929
binComputeKeys,1,8,0.00101419
binComputeKeys,1,9,0.001021539
binComputeKeys,1,10,0.001023729
binComputeKeys,1,11,0.001019389
binComputeKeys,1,12,0.001017399
binComputeKeys,1,13,0.001021759
binComputeKeys,1,14,0.001020489
binComputeKeys,1,15,0.001020799
binComputeKeys,1,16,0.001013819
binComputeKeys,1,17,0.001018329
binComputeKeys,1,18,0.001019569
binComputeKeys,1,19,0.001017679
binComputeKeys,1,20,0.001016399
binComputeKeys,1,21,0.00102343
binComputeKeys,1,22,0.001018859
binComputeKeys,1,23,0.001021469
binComputeKeys,1,24,0.001016929
binComputeKeys,1,25,0.001025119
binComputeKeys,1,26,0.001022009
binComputeKeys,1,27,0.001025169
binComputeKeys,1,28,0.001016419
binComputeKeys,1,29,0.001022879
binComputeKeys,1,30,0.00101981
binComputeKeys,1,31,0.001021329
binComputeKeys,1,32,0.001015789
binComputeKeys,1,33,0.001034919
binComputeKeys,1,34,0.00102027
binComputeKeys,1,35,0.001019459
binComputeKeys,1,36,0.001016159
binComputeKeys,1,37,0.001021269
binComputeKeys,1,38,0.001019189
binComputeKeys,1,39,0.001021459
binSortByKey,1,0,0.008060842
binSortByKey,1,1,0.008111913
binSortByKey,1,2,0.008128703
binSortByKey,1,3,0.008108343
binSortByKey,1,4,0.008088463
binSortByKey,1,5,0.008120514
binSortByKey,1,6,0.008129724
binSortByKey,1,7,0.008126053
binSortByKey,1,8,0.008081233
binSortByKey,1,9,0.008148134
binSortByKey,1,10,0.008129534
binSortByKey,1,11,0.008130844
binSortByKey,1,12,0.008078343
binSortByKey,1,13,0.008126873
binSortByKey,1,14,0.008104493
binSortByKey,1,15,0.008123014
binSortByKey,1,16,0.008068573
binSortByKey,1,17,0.008116974
binSortByKey,1,18,0.008121104
binSortByKey,1,19,0.008113774
binSortByKey,1,20,0.008073533
binSortByKey,1,21,0.008116083
binSortByKey,1,22,0.008107033
binSortByKey,1,23,0.008119853
binSortByKey,1,24,0.008066693
binSortByKey,1,25,0.008117054
binSortByKey,1,26,0.008110163
binSortByKey,1,27,0.008113023
binSortByKey,1,28,0.008077073
binSortByKey,1,29,0.008124884
binSortByKey,1,30,0.008106263
binSortByKey,1,31,0.008103893
binSortByKey,1,32,0.008086813
binSortByKey,1,33,0.008153224
binSortByKey,1,34,0.008105193
binSortByKey,1,35,0.008104143
binSortByKey,1,36,0.008078383
binSortByKey,1,37,0.008109234
binSortByKey,1,38,0.008104573
binSortByKey,1,39,0.008112333
binComputeOffsets,1,0,0.000250923
binComputeOffsets,1,1,0.000255033
binComputeOffsets,1,2,0.000253893
binComputeOffsets,1,3,0.000254102
binComputeOffsets,1,4,0.000252532
binComputeOffsets,1,5,0.000254132
binComputeOffsets,1,6,0.000252242
binComputeOffsets,1,7,0.000253113
binComputeOffsets,1,8,0.000249802
binComputeOffsets,1,9,0.000256292
binComputeOffsets,1,10,0.000252632
binComputeOffsets,1,11,0.000256112
binComputeOffsets,1,12,0.000249993
binComputeOffsets,1,13,0.000254862
binComputeOffsets,1,14,0.000253083
binComputeOffsets,1,15,0.000254212
binComputeOffsets,1,16,0.000249112
binComputeOffsets,1,17,0.000253952
binComputeOffsets,1,18,0.000255662
binComputeOffsets,1,19,0.000252872
binComputeOffsets,1,20,0.000249462
binComputeOffsets,1,21,0.000254552
binComputeOffsets,1,22,0.000255263
binComputeOffsets,1,23,0.000253122
binComputeOffsets,1,24,0.000249512
binComputeOffsets,1,25,0.000254102
binComputeOffsets,1,26,0.000254193
binComputeOffsets,1,27,0.000253132
binComputeOffsets,1,28,0.000251642
binComputeOffsets,1,29,0.000253642
binComputeOffsets,1,30,0.000252882
binComputeOffsets,1,31,0.000252553
binComputeOffsets,1,32,0.000249722
binComputeOffsets,1,33,0.000267622
binComputeOffsets,1,34,0.000253132
binComputeOffsets,1,35,0.000252952
binComputeOffsets,1,36,0.000250742
binComputeOffsets,1,37,0.000254422
binComputeOffsets,1,38,0.000253622
binComputeOffsets,1,39,0.000259843
FFTNUFFT1,1,0,0.479643346
FFTNUFFT1,1,1,0.480921078
FFTNUFFT1,1,2,0.477559987
FFTNUFFT1,1,3,0.47892654
FFTNUFFT1,1,4,0.478578606
FFTNUFFT1,1,5,0.479571555
FFTNUFFT1,1,6,0.480776106
FFTNUFFT1,1,7,0.481061369
FFTNUFFT1,1,8,0.479736897
FFTNUFFT1,1,9,0.478315484
deconvolutionNUFFT1,1,0,0.000461324
deconvolutionNUFFT1,1,1,0.000465084
deconvolutionNUFFT1,1,2,0.000467375
deconvolutionNUFFT1,1,3,0.000473244
deconvolutionNUFFT1,1,4,0.000460445
deconvolutionNUFFT1,1,5,0.000469115
deconvolutionNUFFT1,1,6,0.000470315
deconvolutionNUFFT1,1,7,0.000477794
deconvolutionNUFFT1,1,8,0.000463534
deconvolutionNUFFT1,1,9,0.000495675
GatherPIFNUFFT,1,0,1.56002887
GatherPIFNUFFT,1,1,1.565056176
GatherPIFNUFFT,1,2,1.569147292
GatherPIFNUFFT,1,3,1.566838872
GatherPIFNUFFT,1,4,1.56339296
GatherPIFNUFFT,1,5,1.564396829
GatherPIFNUFFT,1,6,1.562628494
GatherPIFNUFFT,1,7,1.564601361
GatherPIFNUFFT,1,8,1.563830574
GatherPIFNUFFT,1,9,1.56456781
NativeNUFFT2,1,0,0.515296707
NativeNUFFT2,1,1,0.513894514
NativeNUFFT2,1,2,0.515032365
NativeNUFFT2,1,3,0.519818248
NativeNUFFT2,1,4,0.513059237
NativeNUFFT2,1,5,0.516483168
NativeNUFFT2,1,6,0.522028878
NativeNUFFT2,1,7,0.513945546
NativeNUFFT2,1,8,0.517517678
NativeNUFFT2,1,9,0.520739716
NativeNUFFT2,1,10,0.513089918
NativeNUFFT2,1,11,0.516866002
NativeNUFFT2,1,12,0.522171819
NativeNUFFT2,1,13,0.51228422
NativeNUFFT2,1,14,0.513279639
NativeNUFFT2,1,15,0.519548025
NativeNUFFT2,1,16,0.515339168
NativeNUFFT2,1,17,0.513854735
NativeNUFFT2,1,18,0.522306841
NativeNUFFT2,1,19,0.511880916
NativeNUFFT2,1,20,0.512778155
NativeNUFFT2,1,21,0.520103871
NativeNUFFT2,1,22,0.513847944
NativeNUFFT2,1,23,0.51451553
NativeNUFFT2,1,24,0.518620157
NativeNUFFT2,1,25,0.514892734
NativeNUFFT2,1,26,0.51452741
NativeNUFFT2,1,27,0.519322384
NativeNUFFT2,1,28,0.513469271
NativeNUFFT2,1,29,0.516119165
PrecorrectionNUFFT2,1,0,0.000890718
PrecorrectionNUFFT2,1,1,0.000864708
PrecorrectionNUFFT2,1,2,0.000863978
PrecorrectionNUFFT2,1,3,0.000890428
PrecorrectionNUFFT2,1,4,0.000867558
PrecorrectionNUFFT2,1,5,0.000866277
PrecorrectionNUFFT2,1,6,0.000888738
PrecorrectionNUFFT2,1,7,0.000861838
PrecorrectionNUFFT2,1,8,0.000863538
PrecorrectionNUFFT2,1,9,0.000886378
PrecorrectionNUFFT2,1,10,0.000866938
PrecorrectionNUFFT2,1,11,0.000867818
PrecorrectionNUFFT2,1,12,0.000898558
PrecorrectionNUFFT2,1,13,0.000868718
PrecorrectionNUFFT2,1,14,0.000862728
PrecorrectionNUFFT2,1,15,0.000893458
PrecorrectionNUFFT2,1,16,0.000861788
PrecorrectionNUFFT2,1,17,0.000865858
PrecorrectionNUFFT2,1,18,0.000884078
PrecorrectionNUFFT2,1,19,0.000864248
PrecorrectionNUFFT2,1,20,0.000863908
PrecorrectionNUFFT2,1,21,0.000892218
PrecorrectionNUFFT2,1,22,0.000869217
PrecorrectionNUFFT2,1,23,0.000863397
PrecorrectionNUFFT2,1,24,0.000901798
PrecorrectionNUFFT2,1,25,0.000878068
PrecorrectionNUFFT2,1,26,0.000863817
PrecorrectionNUFFT2,1,27,0.000886498
PrecorrectionNUFFT2,1,28,0.000865648
PrecorrectionNUFFT2,1,29,0.000865728
FFTNUFFT2,1,0,0.481744085
FFTNUFFT2,1,1,0.478531885
FFTNUFFT2,1,2,0.478056652
FFTNUFFT2,1,3,0.476457717
FFTNUFFT2,1,4,0.47791591
FFTNUFFT2,1,5,0.479557566
FFTNUFFT2,1,6,0.477410645
FFTNUFFT2,1,7,0.473518081
FFTNUFFT2,1,8,0.480546234
FFTNUFFT2,1,9,0.479159941
FFTNUFFT2,1,10,0.47897177
FFTNUFFT2,1,11,0.479863868
FFTNUFFT2,1,12,0.485292497
FFTNUFFT2,1,13,0.479341763
FFTNUFFT2,1,14,0.479352323
FFTNUFFT2,1,15,0.481483792
FFTNUFFT2,1,16,0.478676647
FFTNUFFT2,1,17,0.4779018
FFTNUFFT2,1,18,0.479586195
FFTNUFFT2,1,19,0.477341435
FFTNUFFT2,1,20,0.477378335
FFTNUFFT2,1,21,0.475170086
FFTNUFFT2,1,22,0.477269005
FFTNUFFT2,1,23,0.478341925
FFTNUFFT2,1,24,0.479608926
FFTNUFFT2,1,25,0.478430905
FFTNUFFT2,1,26,0.478118382
FFTNUFFT2,1,27,0.480864657
FFTNUFFT2,1,28,0.477280615
FFTNUFFT2,1,29,0.478120522
GatherNUFFT2,1,0,0.032640854
GatherNUFFT2,1,1,0.034477681
GatherNUFFT2,1,2,0.036090625
GatherNUFFT2,1,3,0.042449873
GatherNUFFT2,1,4,0.034254709
GatherNUFFT2,1,5,0.036037585
GatherNUFFT2,1,6,0.043708365
GatherNUFFT2,1,7,0.039544816
GatherNUFFT2,1,8,0.036087976
GatherNUFFT2,1,9,0.040673647
GatherNUFFT2,1,10,0.033230139
GatherNUFFT2,1,11,0.036112116
GatherNUFFT2,1,12,0.035960214
GatherNUFFT2,1,13,0.032053289
GatherNUFFT2,1,14,0.033044828
GatherNUFFT2,1,15,0.037150875
GatherNUFFT2,1,16,0.035779983
GatherNUFFT2,1,17,0.035066697
GatherNUFFT2,1,18,0.041815987
GatherNUFFT2,1,19,0.033649523
GatherNUFFT2,1,20,0.034515832
GatherNUFFT2,1,21,0.044021277
GatherNUFFT2,1,22,0.035689642
GatherNUFFT2,1,23,0.035290238
GatherNUFFT2,1,24,0.038088073
GatherNUFFT2,1,25,0.035561891
GatherNUFFT2,1,26,0.03552482
GatherNUFFT2,1,27,0.037551329
GatherNUFFT2,1,28,0.035302478
GatherNUFFT2,1,29,0.037112045
mainTimer,2,0,21.264711026
dumpData,2,0,0.01107722
dumpData,2,1,0.010721686
dumpData,2,2,0.008721709
dumpData,2,3,0.01105765
dumpData,2,4,0.010104731
dumpData,2,5,0.011265382
dumpData,2,6,0.009576926
dumpData,2,7,0.010555996
dumpData,2,8,0.008718238
dumpData,2,9,0.008698219
kick,2,0,0.001880397
kick,2,1,0.001882037
kick,2,2,0.001848756
kick,2,3,0.001882397
kick,2,4,0.001860967
kick,2,5,0.001881747
kick,2,6,0.001877627
kick,2,7,0.001881237
kick,2,8,0.001848337
kick,2,9,0.001883807
kick,2,10,0.001874547
kick,2,11,0.001880787
kick,2,12,0.001844987
kick,2,13,0.001882947
kick,2,14,0.001878697
kick,2,15,0.001881577
kick,2,16,0.001862067
kick,2,17,0.001882827
kick,2,18,0.001877686
kick,2,19,0.001881777
drift,2,0,0.001861287
drift,2,1,0.001831637
drift,2,2,0.001834897
drift,2,3,0.001865107
drift,2,4,0.001830177
drift,2,5,0.001831486
drift,2,6,0.001831196
drift,2,7,0.001840587
drift,2,8,0.001830186
drift,2,9,0.001865397
particleBC,2,0,0.003721024
particleBC,2,1,0.003715603
particleBC,2,2,0.003720203
particleBC,2,3,0.003720024
particleBC,2,4,0.003718423
particleBC,2,5,0.003714644
particleBC,2,6,0.003723994
particleBC,2,7,0.003720254
particleBC,2,8,0.003719754
particleBC,2,9,0.003719504
updateParticle,2,0,0.012576283
updateParticle,2,1,0.01216997
updateParticle,2,2,0.012462363
updateParticle,2,3,0.013726344
updateParticle,2,4,0.011233871
updateParticle,2,5,0.013410301
updateParticle,2,6,0.011455473
updateParticle,2,7,0.012448872
updateParticle,2,8,0.011998608
updateParticle,2,9,0.010755457
locateParticles,2,0,0.001492253
locateParticles,2,1,0.001485694
locateParticles,2,2,0.001488774
locateParticles,2,3,0.001489853
locateParticles,2,4,0.001491244
locateParticles,2,5,0.001470893
locateParticles,2,6,0.001484533
locateParticles,2,7,0.001473233
locateParticles,2,8,0.001483743
locateParticles,2,9,0.001468423
sendPreprocess,2,0,0.000736407
sendPreprocess,2,1,0.000853677
sendPreprocess,2,2,0.000831277
sendPreprocess,2,3,0.000774257
sendPreprocess,2,4,0.000851287
sendPreprocess,2,5,0.000831048
sendPreprocess,2,6,0.000834208
sendPreprocess,2,7,0.000851708
sendPreprocess,2,8,0.000887658
sendPreprocess,2,9,0.000911239
particleSend,2,0,0.001228801
particleSend,2,1,0.001225321
particleSend,2,2,0.001293602
particleSend,2,3,0.001279142
particleSend,2,4,0.001324842
particleSend,2,5,0.001278951
particleSend,2,6,0.001319592
particleSend,2,7,0.001219931
particleSend,2,8,0.001328462
particleSend,2,9,0.001375752
particleRecv,2,0,3.257e-05
particleRecv,2,1,3.3481e-05
particleRecv,2,2,3.163e-05
particleRecv,2,3,4.283e-05
particleRecv,2,4,3.4201e-05
particleRecv,2,5,3.1831e-05
particleRecv,2,6,3.321e-05
particleRecv,2,7,4.011e-05
particleRecv,2,8,3.777e-05
particleRecv,2,9,3.334e-05
particleDestroy,2,0,0.004784373
particleDestroy,2,1,0.004796713
particleDestroy,2,2,0.004788273
particleDestroy,2,3,0.004821324
particleDestroy,2,4,0.004790113
particleDestroy,2,5,0.004813213
particleDestroy,2,6,0.004801984
particleDestroy,2,7,0.004810533
particleDestroy,2,8,0.004821313
particleDestroy,2,9,0.004784613
ScatterPIFNUFFT,2,0,0.527987752
ScatterPIFNUFFT,2,1,0.00111596
ScatterPIFNUFFT,2,2,0.526767941
ScatterPIFNUFFT,2,3,0.00112341
ScatterPIFNUFFT,2,4,0.527502778
ScatterPIFNUFFT,2,5,0.00111357
ScatterPIFNUFFT,2,6,0.524826833
ScatterPIFNUFFT,2,7,0.00111638
ScatterPIFNUFFT,2,8,0.529048161
ScatterPIFNUFFT,2,9,0.00111789
ScatterPIFNUFFT,2,10,0.525218497
ScatterPIFNUFFT,2,11,0.00111513
ScatterPIFNUFFT,2,12,0.534119927
ScatterPIFNUFFT,2,13,0.00111393
ScatterPIFNUFFT,2,14,0.531351162
ScatterPIFNUFFT,2,15,0.00111444
ScatterPIFNUFFT,2,16,0.528364046
ScatterPIFNUFFT,2,17,0.00111979
ScatterPIFNUFFT,2,18,0.527072214
ScatterPIFNUFFT,2,19,0.001114551
NativeNUFFT1,2,0,0.524182227
NativeNUFFT1,2,1,0.522593613
NativeNUFFT1,2,2,0.522583813
NativeNUFFT1,2,3,0.520839437
NativeNUFFT1,2,4,0.524977105
NativeNUFFT1,2,5,0.52114801
NativeNUFFT1,2,6,0.52999923
NativeNUFFT1,2,7,0.526996203
NativeNUFFT1,2,8,0.523736813
NativeNUFFT1,2,9,0.522048099
scatterTimerNUFFT1,2,0,0.041548284
scatterTimerNUFFT1,2,1,0.039649867
scatterTimerNUFFT1,2,2,0.040526956
scatterTimerNUFFT1,2,3,0.040081161
scatterTimerNUFFT1,2,4,0.041616906
scatterTimerNUFFT1,2,5,0.039470156
scatterTimerNUFFT1,2,6,0.041450484
scatterTimerNUFFT1,2,7,0.039285695
scatterTimerNUFFT1,2,8,0.039676738
scatterTimerNUFFT1,2,9,0.039512347
binSort,2,0,0.009357165
binSort,2,1,0.009403725
binSort,2,2,0.009396935
binSort,2,3,0.009385595
binSort,2,4,0.009340335
binSort,2,5,0.009396685
binSort,2,6,0.009391204
binSort,2,7,0.009387754
binSort,2,8,0.009356014
binSort,2,9,0.009392244
binSort,2,10,0.009383995
binSort,2,11,0.009379754
binSort,2,12,0.009339554
binSort,2,13,0.009392635
binSort,2,14,0.009369874
binSort,2,15,0.009387255
binSort,2,16,0.009362534
binSort,2,17,0.009372665
binSort,2,18,0.009377225
binSort,2,19,0.009371924
binSort,2,20,0.009343595
binSort,2,21,0.009392385
binSort,2,22,0.009377455
binSort,2,23,0.009372385
binSort,2,24,0.009348225
binSort,2,25,0.009390465
binSort,2,26,0.009377394
binSort,2,27,0.009380865
binSort,2,28,0.009345394
binSort,2,29,0.009380454
binSort,2,30,0.009368055
binSort,2,31,0.009366555
binSort,2,32,0.009342125
binSort,2,33,0.009383525
binSort,2,34,0.009376664
binSort,2,35,0.009373994
binSort,2,36,0.009342364
binSort,2,37,0.009383854
binSort,2,38,0.009386184
binSort,2,39,0.009385965
binComputeKeys,2,0,0.001015459
binComputeKeys,2,1,0.001022259
binComputeKeys,2,2,0.00101892
binComputeKeys,2,3,0.001018809
binComputeKeys,2,4,0.00101903
binComputeKeys,2,5,0.001015959
binComputeKeys,2,6,0.001018779
binComputeKeys,2,7,0.001019859
binComputeKeys,2,8,0.001017699
binComputeKeys,2,9,0.001016999
binComputeKeys,2,10,0.001018689
binComputeKeys,2,11,0.001018349
binComputeKeys,2,12,0.001016419
binComputeKeys,2,13,0.001020499
binComputeKeys,2,14,0.001017079
binComputeKeys,2,15,0.001018329
binComputeKeys,2,16,0.001015889
binComputeKeys,2,17,0.001016779
binComputeKeys,2,18,0.001018899
binComputeKeys,2,19,0.001019409
binComputeKeys,2,20,0.001018329
binComputeKeys,2,21,0.001018519
binComputeKeys,2,22,0.001020109
binComputeKeys,2,23,0.001019709
binComputeKeys,2,24,0.001017389
binComputeKeys,2,25,0.001022209
binComputeKeys,2,26,0.001017839
binComputeKeys,2,27,0.001019829
binComputeKeys,2,28,0.001017299
binComputeKeys,2,29,0.001015729
binComputeKeys,2,30,0.00101778
binComputeKeys,2,31,0.001018739
binComputeKeys,2,32,0.00101459
binComputeKeys,2,33,0.001017339
binComputeKeys,2,34,0.001019549
binComputeKeys,2,35,0.001018629
binComputeKeys,2,36,0.001015369
binComputeKeys,2,37,0.001019479
binComputeKeys,2,38,0.001016339
binComputeKeys,2,39,0.00101711
binSortByKey,2,0,0.008082773
binSortByKey,2,1,0.008115653
binSortByKey,2,2,0.008113953
binSortByKey,2,3,0.008102033
binSortByKey,2,4,0.008062252
binSortByKey,2,5,0.008116493
binSortByKey,2,6,0.008107973
binSortByKey,2,7,0.008104063
binSortByKey,2,8,0.008077593
binSortByKey,2,9,0.008111773
binSortByKey,2,10,0.008100544
binSortByKey,2,11,0.008097093
binSortByKey,2,12,0.008064163
binSortByKey,2,13,0.008107434
binSortByKey,2,14,0.008088243
binSortByKey,2,15,0.008104133
binSortByKey,2,16,0.008080753
binSortByKey,2,17,0.008090553
binSortByKey,2,18,0.008092763
binSortByKey,2,19,0.008087953
binSortByKey,2,20,0.008066273
binSortByKey,2,21,0.008109953
binSortByKey,2,22,0.008093243
binSortByKey,2,23,0.008087613
binSortByKey,2,24,0.008071992
binSortByKey,2,25,0.008103383
binSortByKey,2,26,0.008095133
binSortByKey,2,27,0.008097033
binSortByKey,2,28,0.008067833
binSortByKey,2,29,0.008099533
binSortByKey,2,30,0.008086973
binSortByKey,2,31,0.008084393
binSortByKey,2,32,0.008063892
binSortByKey,2,33,0.008101524
binSortByKey,2,34,0.008092193
binSortByKey,2,35,0.008090563
binSortByKey,2,36,0.008067953
binSortByKey,2,37,0.008100863
binSortByKey,2,38,0.008105573
binSortByKey,2,39,0.008104773
binComputeOffsets,2,0,0.000249603
binComputeOffsets,2,1,0.000255753
binComputeOffsets,2,2,0.000253852
binComputeOffsets,2,3,0.000254723
binComputeOffsets,2,4,0.000249723
binComputeOffsets,2,5,0.000255093
binComputeOffsets,2,6,0.000253982
binComputeOffsets,2,7,0.000253752
binComputeOffsets,2,8,0.000251442
binComputeOffsets,2,9,0.000254192
binComputeOffsets,2,10,0.000254912
binComputeOffsets,2,11,0.000254262
binComputeOffsets,2,12,0.000249552
binComputeOffsets,2,13,0.000255442
binComputeOffsets,2,14,0.000254702
binComputeOffsets,2,15,0.000254192
binComputeOffsets,2,16,0.000249922
binComputeOffsets,2,17,0.000255893
binComputeOffsets,2,18,0.000254993
binComputeOffsets,2,19,0.000253772
binComputeOffsets,2,20,0.000249323
binComputeOffsets,2,21,0.000253963
binComputeOffsets,2,22,0.000253213
binComputeOffsets,2,23,0.000254533
binComputeOffsets,2,24,0.000249473
binComputeOffsets,2,25,0.000254613
binComputeOffsets,2,26,0.000254072
binComputeOffsets,2,27,0.000253963
binComputeOffsets,2,28,0.000249502
binComputeOffsets,2,29,0.000254482
binComputeOffsets,2,30,0.000253982
binComputeOffsets,2,31,0.000254023
binComputeOffsets,2,32,0.000249483
binComputeOffsets,2,33,0.000253862
binComputeOffsets,2,34,0.000254142
binComputeOffsets,2,35,0.000254092
binComputeOffsets,2,36,0.000249552
binComputeOffsets,2,37,0.000253252
binComputeOffsets,2,38,0.000253692
binComputeOffsets,2,39,0.000254002
FFTNUFFT1,2,0,0.482159929
FFTNUFFT1,2,1,0.482469832
FFTNUFFT1,2,2,0.481582053
FFTNUFFT1,2,3,0.480287652
FFTNUFFT1,2,4,0.482880065
FFTNUFFT1,2,5,0.48119974
FFTNUFFT1,2,6,0.488069471
FFTNUFFT1,2,7,0.487240734
FFTNUFFT1,2,8,0.483574051
FFTNUFFT1,2,9,0.482062907
deconvolutionNUFFT1,2,0,0.000463384
deconvolutionNUFFT1,2,1,0.000461964
deconvolutionNUFFT1,2,2,0.000462854
deconvolutionNUFFT1,2,3,0.000458854
deconvolutionNUFFT1,2,4,0.000467174
deconvolutionNUFFT1,2,5,0.000466304
deconvolutionNUFFT1,2,6,0.000466825
deconvolutionNUFFT1,2,7,0.000457934
deconvolutionNUFFT1,2,8,0.000470624
deconvolutionNUFFT1,2,9,0.000461735
GatherPIFNUFFT,2,0,1.557046443
GatherPIFNUFFT,2,1,1.563860625
GatherPIFNUFFT,2,2,1.565955513
GatherPIFNUFFT,2,3,1.563861574
GatherPIFNUFFT,2,4,1.561311822
GatherPIFNUFFT,2,5,1.560992928
GatherPIFNUFFT,2,6,1.554672801
GatherPIFNUFFT,2,7,1.557855651
GatherPIFNUFFT,2,8,1.560551865
GatherPIFNUFFT,2,9,1.561686745
NativeNUFFT2,2,0,0.51448518
NativeNUFFT2,2,1,0.511878466
NativeNUFFT2,2,2,0.515038835
NativeNUFFT2,2,3,0.519048122
NativeNUFFT2,2,4,0.514502991
NativeNUFFT2,2,5,0.514661952
NativeNUFFT2,2,6,0.517008912
NativeNUFFT2,2,7,0.516217896
NativeNUFFT2,2,8,0.517074854
NativeNUFFT2,2,9,0.520211852
NativeNUFFT2,2,10,0.513233299
NativeNUFFT2,2,11,0.514784703
NativeNUFFT2,2,12,0.518678538
NativeNUFFT2,2,13,0.512164699
NativeNUFFT2,2,14,0.514357869
NativeNUFFT2,2,15,0.517385856
NativeNUFFT2,2,16,0.514247428
NativeNUFFT2,2,17,0.513733683
NativeNUFFT2,2,18,0.512818175
NativeNUFFT2,2,19,0.512947447
NativeNUFFT2,2,20,0.513273709
NativeNUFFT2,2,21,0.514748413
NativeNUFFT2,2,22,0.513054387
NativeNUFFT2,2,23,0.51443415
NativeNUFFT2,2,24,0.515628851
NativeNUFFT2,2,25,0.514683282
NativeNUFFT2,2,26,0.514614681
NativeNUFFT2,2,27,0.516836841
NativeNUFFT2,2,28,0.512554702
NativeNUFFT2,2,29,0.51667817
PrecorrectionNUFFT2,2,0,0.000889488
PrecorrectionNUFFT2,2,1,0.000863607
PrecorrectionNUFFT2,2,2,0.000864948
PrecorrectionNUFFT2,2,3,0.000883438
PrecorrectionNUFFT2,2,4,0.000862098
PrecorrectionNUFFT2,2,5,0.000862398
PrecorrectionNUFFT2,2,6,0.000887498
PrecorrectionNUFFT2,2,7,0.000865188
PrecorrectionNUFFT2,2,8,0.000863618
PrecorrectionNUFFT2,2,9,0.000886758
PrecorrectionNUFFT2,2,10,0.000862318
PrecorrectionNUFFT2,2,11,0.000865558
PrecorrectionNUFFT2,2,12,0.000885698
PrecorrectionNUFFT2,2,13,0.000860328
PrecorrectionNUFFT2,2,14,0.000862688
PrecorrectionNUFFT2,2,15,0.000889058
PrecorrectionNUFFT2,2,16,0.000869268
PrecorrectionNUFFT2,2,17,0.000862968
PrecorrectionNUFFT2,2,18,0.000892198
PrecorrectionNUFFT2,2,19,0.000863018
PrecorrectionNUFFT2,2,20,0.000864248
PrecorrectionNUFFT2,2,21,0.000890238
PrecorrectionNUFFT2,2,22,0.000865948
PrecorrectionNUFFT2,2,23,0.000869628
PrecorrectionNUFFT2,2,24,0.000887858
PrecorrectionNUFFT2,2,25,0.000859968
PrecorrectionNUFFT2,2,26,0.000858978
PrecorrectionNUFFT2,2,27,0.000890028
PrecorrectionNUFFT2,2,28,0.000863498
PrecorrectionNUFFT2,2,29,0.000865618
FFTNUFFT2,2,0,0.483053317
FFTNUFFT2,2,1,0.484172236
FFTNUFFT2,2,2,0.485860232
FFTNUFFT2,2,3,0.488235864
FFTNUFFT2,2,4,0.485879772
FFTNUFFT2,2,5,0.48899308
FFTNUFFT2,2,6,0.48786093
FFTNUFFT2,2,7,0.490978488
FFTNUFFT2,2,8,0.489566216
FFTNUFFT2,2,9,0.484978734
FFTNUFFT2,2,10,0.484892943
FFTNUFFT2,2,11,0.488042301
FFTNUFFT2,2,12,0.483570252
FFTNUFFT2,2,13,0.483885164
FFTNUFFT2,2,14,0.485089865
FFTNUFFT2,2,15,0.483113847
FFTNUFFT2,2,16,0.485044555
FFTNUFFT2,2,17,0.483974475
FFTNUFFT2,2,18,0.484183727
FFTNUFFT2,2,19,0.485973583
FFTNUFFT2,2,20,0.485483159
FFTNUFFT2,2,21,0.482044288
FFTNUFFT2,2,22,0.483770213
FFTNUFFT2,2,23,0.485874152
FFTNUFFT2,2,24,0.481399022
FFTNUFFT2,2,25,0.48790016
FFTNUFFT2,2,26,0.489420224
FFTNUFFT2,2,27,0.488828179
FFTNUFFT2,2,28,0.4856533
FFTNUFFT2,2,29,0.488898649
GatherNUFFT2,2,0,0.030521565
GatherNUFFT2,2,1,0.026821702
GatherNUFFT2,2,2,0.028292405
GatherNUFFT2,2,3,0.02990893
GatherNUFFT2,2,4,0.027741031
GatherNUFFT2,2,5,0.024785094
GatherNUFFT2,2,6,0.028239824
GatherNUFFT2,2,7,0.02435428
GatherNUFFT2,2,8,0.02662518
GatherNUFFT2,2,9,0.03432663
GatherNUFFT2,2,10,0.027458497
GatherNUFFT2,2,11,0.025857314
GatherNUFFT2,2,12,0.034202138
GatherNUFFT2,2,13,0.027399127
GatherNUFFT2,2,14,0.028385206
GatherNUFFT2,2,15,0.033362231
GatherNUFFT2,2,16,0.028312785
GatherNUFFT2,2,17,0.02887484
GatherNUFFT2,2,18,0.02772222
GatherNUFFT2,2,19,0.026090926
GatherNUFFT2,2,20,0.026904772
GatherNUFFT2,2,21,0.031792786
GatherNUFFT2,2,22,0.028397416
GatherNUFFT2,2,23,0.02766954
GatherNUFFT2,2,24,0.033322561
GatherNUFFT2,2,25,0.025898403
GatherNUFFT2,2,26,0.024313489
GatherNUFFT2,2,27,0.027098734
GatherNUFFT2,2,28,0.026017274
GatherNUFFT2,2,29,0.026893603
mainTimer,3,0,21.264707036
dumpData,3,0,0.011978478
dumpData,3,1,0.011977218
dumpData,3,2,0.011408823
dumpData,3,3,0.011992528
dumpData,3,4,0.012400192
dumpData,3,5,0.0121698
dumpData,3,6,0.012306401
dumpData,3,7,0.011828597
dumpData,3,8,0.011374253
dumpData,3,9,0.011381873
kick,3,0,0.001732386
kick,3,1,0.001767416
kick,3,2,0.001723955
kick,3,3,0.001767996
kick,3,4,0.001722016
kick,3,5,0.001767296
kick,3,6,0.001735966
kick,3,7,0.001768456
kick,3,8,0.001721976
kick,3,9,0.001767606
kick,3,10,0.001713065
kick,3,11,0.001767426
kick,3,12,0.001718106
kick,3,13,0.001769866
kick,3,14,0.001713156
kick,3,15,0.001773396
kick,3,16,0.001726175
kick,3,17,0.001780566
kick,3,18,0.001739355
kick,3,19,0.001767066
drift,3,0,0.001718025
drift,3,1,0.001719376
drift,3,2,0.001719845
drift,3,3,0.001718396
drift,3,4,0.001719585
drift,3,5,0.001719556
drift,3,6,0.001722435
drift,3,7,0.001720805
drift,3,8,0.001727646
drift,3,9,0.001719966
particleBC,3,0,0.003490421
particleBC,3,1,0.003490451
particleBC,3,2,0.003494202
particleBC,3,3,0.003491261
particleBC,3,4,0.003489582
particleBC,3,5,0.003493151
particleBC,3,6,0.003494392
particleBC,3,7,0.003493152
particleBC,3,8,0.003502172
particleBC,3,9,0.003493101
updateParticle,3,0,0.014175758
updateParticle,3,1,0.011231341
updateParticle,3,2,0.013253439
updateParticle,3,3,0.013719584
updateParticle,3,4,0.01333127
updateParticle,3,5,0.01322186
updateParticle,3,6,0.012104369
updateParticle,3,7,0.012352781
updateParticle,3,8,0.01229017
updateParticle,3,9,0.011362103
locateParticles,3,0,0.001417413
locateParticles,3,1,0.001418593
locateParticles,3,2,0.001428013
locateParticles,3,3,0.001410083
locateParticles,3,4,0.001412773
locateParticles,3,5,0.001418483
locateParticles,3,6,0.001425493
locateParticles,3,7,0.001421693
locateParticles,3,8,0.001451873
locateParticles,3,9,0.001432013
sendPreprocess,3,0,0.001323692
sendPreprocess,3,1,0.001383552
sendPreprocess,3,2,0.001374892
sendPreprocess,3,3,0.001369732
sendPreprocess,3,4,0.001394702
sendPreprocess,3,5,0.001378203
sendPreprocess,3,6,0.001360482
sendPreprocess,3,7,0.001408903
sendPreprocess,3,8,0.001366582
sendPreprocess,3,9,0.001455814
particleSend,3,0,0.001204781
particleSend,3,1,0.001199261
particleSend,3,2,0.001197361
particleSend,3,3,0.001250201
particleSend,3,4,0.001209091
particleSend,3,5,0.001260421
particleSend,3,6,0.001206001
particleSend,3,7,0.001248861
particleSend,3,8,0.001266432
particleSend,3,9,0.001276511
particleRecv,3,0,3.201e-05
particleRecv,3,1,3.304e-05
particleRecv,3,2,3.787e-05
particleRecv,3,3,4.142e-05
particleRecv,3,4,3.4661e-05
particleRecv,3,5,3.2021e-05
particleRecv,3,6,3.552e-05
particleRecv,3,7,3.871e-05
particleRecv,3,8,4.883e-05
particleRecv,3,9,3.156e-05
particleDestroy,3,0,0.004664452
particleDestroy,3,1,0.004690532
particleDestroy,3,2,0.004683323
particleDestroy,3,3,0.004676452
particleDestroy,3,4,0.004677072
particleDestroy,3,5,0.004680752
particleDestroy,3,6,0.004680873
particleDestroy,3,7,0.004705363
particleDestroy,3,8,0.004699553
particleDestroy,3,9,0.004654312
ScatterPIFNUFFT,3,0,0.530059921
ScatterPIFNUFFT,3,1,0.00111638
ScatterPIFNUFFT,3,2,0.530545115
ScatterPIFNUFFT,3,3,0.00111615
ScatterPIFNUFFT,3,4,0.527443677
ScatterPIFNUFFT,3,5,0.00111399
ScatterPIFNUFFT,3,6,0.528973271
ScatterPIFNUFFT,3,7,0.00111206
ScatterPIFNUFFT,3,8,0.52890643
ScatterPIFNUFFT,3,9,0.00111538
ScatterPIFNUFFT,3,10,0.528579307
ScatterPIFNUFFT,3,11,0.00111761
ScatterPIFNUFFT,3,12,0.528193854
ScatterPIFNUFFT,3,13,0.00111794
ScatterPIFNUFFT,3,14,0.526877622
ScatterPIFNUFFT,3,15,0.00111472
ScatterPIFNUFFT,3,16,0.526290947
ScatterPIFNUFFT,3,17,0.00112073
ScatterPIFNUFFT,3,18,0.527527738
ScatterPIFNUFFT,3,19,0.001113791
NativeNUFFT1,3,0,0.526433418
NativeNUFFT1,3,1,0.526892432
NativeNUFFT1,3,2,0.522965636
NativeNUFFT1,3,3,0.524669892
NativeNUFFT1,3,4,0.525256167
NativeNUFFT1,3,5,0.524111207
NativeNUFFT1,3,6,0.524366739
NativeNUFFT1,3,7,0.522164879
NativeNUFFT1,3,8,0.521835957
NativeNUFFT1,3,9,0.522806655
scatterTimerNUFFT1,3,0,0.041035391
scatterTimerNUFFT1,3,1,0.041977269
scatterTimerNUFFT1,3,2,0.040361784
scatterTimerNUFFT1,3,3,0.039704789
scatterTimerNUFFT1,3,4,0.040321334
scatterTimerNUFFT1,3,5,0.039480016
scatterTimerNUFFT1,3,6,0.040522726
scatterTimerNUFFT1,3,7,0.039182393
scatterTimerNUFFT1,3,8,0.039535086
scatterTimerNUFFT1,3,9,0.039666568
binSort,3,0,0.008786869
binSort,3,1,0.00881195
binSort,3,2,0.008813619
binSort,3,3,0.008807829
binSort,3,4,0.008787269
binSort,3,5,0.0087982
binSort,3,6,0.00880903
binSort,3,7,0.008805649
binSort,3,8,0.008778949
binSort,3,9,0.008809829
binSort,3,10,0.00882039
binSort,3,11,0.0088082
binSort,3,12,0.008777139
binSort,3,13,0.008822249
binSort,3,14,0.008811589
binSort,3,15,0.008796319
binSort,3,16,0.00877862
binSort,3,17,0.008801669
binSort,3,18,0.008795059
binSort,3,19,0.008802839
binSort,3,20,0.00877841
binSort,3,21,0.00883716
binSort,3,22,0.008804129
binSort,3,23,0.008796889
binSort,3,24,0.008766089
binSort,3,25,0.008808899
binSort,3,26,0.00880682
binSort,3,27,0.00884062
binSort,3,28,0.00878274
binSort,3,29,0.008792679
binSort,3,30,0.00880443
binSort,3,31,0.00888539
binSort,3,32,0.008786639
binSort,3,33,0.008816009
binSort,3,34,0.008802379
binSort,3,35,0.00881022
binSort,3,36,0.008786099
binSort,3,37,0.00883517
binSort,3,38,0.008827789
binSort,3,39,0.008822169
binComputeKeys,3,0,0.000954559
binComputeKeys,3,1,0.000954749
binComputeKeys,3,2,0.000956788
binComputeKeys,3,3,0.000959748
binComputeKeys,3,4,0.000954838
binComputeKeys,3,5,0.000954579
binComputeKeys,3,6,0.000955689
binComputeKeys,3,7,0.000954328
binComputeKeys,3,8,0.000953359
binComputeKeys,3,9,0.000956358
binComputeKeys,3,10,0.000955868
binComputeKeys,3,11,0.000955169
binComputeKeys,3,12,0.000955529
binComputeKeys,3,13,0.000957058
binComputeKeys,3,14,0.000955248
binComputeKeys,3,15,0.000956099
binComputeKeys,3,16,0.000954208
binComputeKeys,3,17,0.000955618
binComputeKeys,3,18,0.000956419
binComputeKeys,3,19,0.000957658
binComputeKeys,3,20,0.000955579
binComputeKeys,3,21,0.000998769
binComputeKeys,3,22,0.000956888
binComputeKeys,3,23,0.000957389
binComputeKeys,3,24,0.000952589
binComputeKeys,3,25,0.000955388
binComputeKeys,3,26,0.000957979
binComputeKeys,3,27,0.000956228
binComputeKeys,3,28,0.000956439
binComputeKeys,3,29,0.000954598
binComputeKeys,3,30,0.000955409
binComputeKeys,3,31,0.000971629
binComputeKeys,3,32,0.000955589
binComputeKeys,3,33,0.000957158
binComputeKeys,3,34,0.000957618
binComputeKeys,3,35,0.000957179
binComputeKeys,3,36,0.000956278
binComputeKeys,3,37,0.000958169
binComputeKeys,3,38,0.000958358
binComputeKeys,3,39,0.000955218
binSortByKey,3,0,0.007584898
binSortByKey,3,1,0.007604498
binSortByKey,3,2,0.007606409
binSortByKey,3,3,0.007598189
binSortByKey,3,4,0.007586299
binSortByKey,3,5,0.007593399
binSortByKey,3,6,0.007604238
binSortByKey,3,7,0.007598639
binSortByKey,3,8,0.007579678
binSortByKey,3,9,0.007601319
binSortByKey,3,10,0.007612388
binSortByKey,3,11,0.007602859
binSortByKey,3,12,0.007574798
binSortByKey,3,13,0.007614769
binSortByKey,3,14,0.007598558
binSortByKey,3,15,0.007589888
binSortByKey,3,16,0.007576598
binSortByKey,3,17,0.007594999
binSortByKey,3,18,0.007588348
binSortByKey,3,19,0.007593979
binSortByKey,3,20,0.007576618
binSortByKey,3,21,0.007588209
binSortByKey,3,22,0.007595969
binSortByKey,3,23,0.007590638
binSortByKey,3,24,0.007567558
binSortByKey,3,25,0.007601219
binSortByKey,3,26,0.007597449
binSortByKey,3,27,0.007633419
binSortByKey,3,28,0.007580138
binSortByKey,3,29,0.007587339
binSortByKey,3,30,0.007599599
binSortByKey,3,31,0.007644109
binSortByKey,3,32,0.007575998
binSortByKey,3,33,0.007606879
binSortByKey,3,34,0.007594119
binSortByKey,3,35,0.007602019
binSortByKey,3,36,0.007584089
binSortByKey,3,37,0.007627369
binSortByKey,3,38,0.007618209
binSortByKey,3,39,0.007615769
binComputeOffsets,3,0,0.000238152
binComputeOffsets,3,1,0.000242793
binComputeOffsets,3,2,0.000241372
binComputeOffsets,3,3,0.000240692
binComputeOffsets,3,4,0.000236182
binComputeOffsets,3,5,0.000241102
binComputeOffsets,3,6,0.000240063
binComputeOffsets,3,7,0.000243412
binComputeOffsets,3,8,0.000235932
binComputeOffsets,3,9,0.000242532
binComputeOffsets,3,10,0.000241893
binComputeOffsets,3,11,0.000240912
binComputeOffsets,3,12,0.000236882
binComputeOffsets,3,13,0.000240622
binComputeOffsets,3,14,0.000242192
binComputeOffsets,3,15,0.000241082
binComputeOffsets,3,16,0.000237062
binComputeOffsets,3,17,0.000241892
binComputeOffsets,3,18,0.000241132
binComputeOffsets,3,19,0.000242062
binComputeOffsets,3,20,0.000236533
binComputeOffsets,3,21,0.000240972
binComputeOffsets,3,22,0.000241892
binComputeOffsets,3,23,0.000239692
binComputeOffsets,3,24,0.000236712
binComputeOffsets,3,25,0.000242832
binComputeOffsets,3,26,0.000241922
binComputeOffsets,3,27,0.000241782
binComputeOffsets,3,28,0.000236993
binComputeOffsets,3,29,0.000241612
binComputeOffsets,3,30,0.000239992
binComputeOffsets,3,31,0.000255662
binComputeOffsets,3,32,0.000241982
binComputeOffsets,3,33,0.000242312
binComputeOffsets,3,34,0.000240832
binComputeOffsets,3,35,0.000240992
binComputeOffsets,3,36,0.000236522
binComputeOffsets,3,37,0.000240232
binComputeOffsets,3,38,0.000240402
binComputeOffsets,3,39,0.000241592
FFTNUFFT1,3,0,0.484926543
FFTNUFFT1,3,1,0.484439129
FFTNUFFT1,3,2,0.482122208
FFTNUFFT1,3,3,0.484493569
FFTNUFFT1,3,4,0.484454449
FFTNUFFT1,3,5,0.484160606
FFTNUFFT1,3,6,0.483365859
FFTNUFFT1,3,7,0.482512642
FFTNUFFT1,3,8,0.481798135
FFTNUFFT1,3,9,0.482654733
deconvolutionNUFFT1,3,0,0.000459894
deconvolutionNUFFT1,3,1,0.000463974
deconvolutionNUFFT1,3,2,0.000469104
deconvolutionNUFFT1,3,3,0.000460004
deconvolutionNUFFT1,3,4,0.000466844
deconvolutionNUFFT1,3,5,0.000459054
deconvolutionNUFFT1,3,6,0.000466014
deconvolutionNUFFT1,3,7,0.000457894
deconvolutionNUFFT1,3,8,0.000486534
deconvolutionNUFFT1,3,9,0.000473004
GatherPIFNUFFT,3,0,1.553742253
GatherPIFNUFFT,3,1,1.560429883
GatherPIFNUFFT,3,2,1.564168097
GatherPIFNUFFT,3,3,1.560143801
GatherPIFNUFFT,3,4,1.557611328
GatherPIFNUFFT,3,5,1.558362765
GatherPIFNUFFT,3,6,1.558589757
GatherPIFNUFFT,3,7,1.561524533
GatherPIFNUFFT,3,8,1.561276651
GatherPIFNUFFT,3,9,1.559861228
NativeNUFFT2,3,0,0.509421214
NativeNUFFT2,3,1,0.514151817
NativeNUFFT2,3,2,0.515271797
NativeNUFFT2,3,3,0.515282187
NativeNUFFT2,3,4,0.514232357
NativeNUFFT2,3,5,0.516016814
NativeNUFFT2,3,6,0.516445968
NativeNUFFT2,3,7,0.515202237
NativeNUFFT2,3,8,0.517630859
NativeNUFFT2,3,9,0.515668881
NativeNUFFT2,3,10,0.513459821
NativeNUFFT2,3,11,0.516137425
NativeNUFFT2,3,12,0.51666407
NativeNUFFT2,3,13,0.512535523
NativeNUFFT2,3,14,0.513502092
NativeNUFFT2,3,15,0.513917435
NativeNUFFT2,3,16,0.515492859
NativeNUFFT2,3,17,0.514050477
NativeNUFFT2,3,18,0.518576197
NativeNUFFT2,3,19,0.51231582
NativeNUFFT2,3,20,0.512804885
NativeNUFFT2,3,21,0.518642287
NativeNUFFT2,3,22,0.514100287
NativeNUFFT2,3,23,0.513864194
NativeNUFFT2,3,24,0.516630259
NativeNUFFT2,3,25,0.515078955
NativeNUFFT2,3,26,0.514658151
NativeNUFFT2,3,27,0.514266608
NativeNUFFT2,3,28,0.514720713
NativeNUFFT2,3,29,0.515974764
PrecorrectionNUFFT2,3,0,0.000888228
PrecorrectionNUFFT2,3,1,0.000865577
PrecorrectionNUFFT2,3,2,0.000867468
PrecorrectionNUFFT2,3,3,0.000890568
PrecorrectionNUFFT2,3,4,0.000862387
PrecorrectionNUFFT2,3,5,0.000859018
PrecorrectionNUFFT2,3,6,0.000888318
PrecorrectionNUFFT2,3,7,0.000860228
PrecorrectionNUFFT2,3,8,0.000863108
PrecorrectionNUFFT2,3,9,0.000883538
PrecorrectionNUFFT2,3,10,0.000862528
PrecorrectionNUFFT2,3,11,0.000863168
PrecorrectionNUFFT2,3,12,0.000898278
PrecorrectionNUFFT2,3,13,0.000861038
PrecorrectionNUFFT2,3,14,0.000863728
PrecorrectionNUFFT2,3,15,0.000890268
PrecorrectionNUFFT2,3,16,0.000863048
PrecorrectionNUFFT2,3,17,0.000864177
PrecorrectionNUFFT2,3,18,0.000888688
PrecorrectionNUFFT2,3,19,0.000863657
PrecorrectionNUFFT2,3,20,0.000861677
PrecorrectionNUFFT2,3,21,0.000892058
PrecorrectionNUFFT2,3,22,0.000864338
PrecorrectionNUFFT2,3,23,0.000870188
PrecorrectionNUFFT2,3,24,0.000888288
PrecorrectionNUFFT2,3,25,0.000862447
PrecorrectionNUFFT2,3,26,0.000866847
PrecorrectionNUFFT2,3,27,0.000886498
PrecorrectionNUFFT2,3,28,0.000862678
PrecorrectionNUFFT2,3,29,0.000860538
FFTNUFFT2,3,0,0.481797005
FFTNUFFT2,3,1,0.485312447
FFTNUFFT2,3,2,0.483682822
FFTNUFFT2,3,3,0.483238228
FFTNUFFT2,3,4,0.481486463
FFTNUFFT2,3,5,0.485304986
FFTNUFFT2,3,6,0.485226886
FFTNUFFT2,3,7,0.481599844
FFTNUFFT2,3,8,0.485205436
FFTNUFFT2,3,9,0.48569103
FFTNUFFT2,3,10,0.484610701
FFTNUFFT2,3,11,0.484839763
FFTNUFFT2,3,12,0.486453268
FFTNUFFT2,3,13,0.482162269
FFTNUFFT2,3,14,0.482886555
FFTNUFFT2,3,15,0.485165946
FFTNUFFT2,3,16,0.48351376
FFTNUFFT2,3,17,0.482816925
FFTNUFFT2,3,18,0.487988431
FFTNUFFT2,3,19,0.483723403
FFTNUFFT2,3,20,0.484063936
FFTNUFFT2,3,21,0.479936928
FFTNUFFT2,3,22,0.484354838
FFTNUFFT2,3,23,0.484398789
FFTNUFFT2,3,24,0.484055125
FFTNUFFT2,3,25,0.48444563
FFTNUFFT2,3,26,0.483159878
FFTNUFFT2,3,27,0.485351687
FFTNUFFT2,3,28,0.483237878
FFTNUFFT2,3,29,0.478858309
GatherNUFFT2,3,0,0.026715691
GatherNUFFT2,3,1,0.027952753
GatherNUFFT2,3,2,0.030700537
GatherNUFFT2,3,3,0.031133541
GatherNUFFT2,3,4,0.031861997
GatherNUFFT2,3,5,0.029830219
GatherNUFFT2,3,6,0.030310924
GatherNUFFT2,3,7,0.032721605
GatherNUFFT2,3,8,0.031541305
GatherNUFFT2,3,9,0.029075543
GatherNUFFT2,3,10,0.027966252
GatherNUFFT2,3,11,0.030414534
GatherNUFFT2,3,12,0.029291724
GatherNUFFT2,3,13,0.029491336
GatherNUFFT2,3,14,0.029731388
GatherNUFFT2,3,15,0.027841201
GatherNUFFT2,3,16,0.03109394
GatherNUFFT2,3,17,0.030348624
GatherNUFFT2,3,18,0.029678847
GatherNUFFT2,3,19,0.02770772
GatherNUFFT2,3,20,0.027858762
GatherNUFFT2,3,21,0.037792721
GatherNUFFT2,3,22,0.0288598
GatherNUFFT2,3,23,0.028570517
GatherNUFFT2,3,24,0.031666766
GatherNUFFT2,3,25,0.029750508
GatherNUFFT2,3,26,0.030610786
GatherNUFFT2,3,27,0.028007803
GatherNUFFT2,3,28,0.030599486
GatherNUFFT2,3,29,0.036235297
mainTimer,4,0,21.264705546
dumpData,4,0,0.010113354
dumpData,4,1,0.010512478
dumpData,4,2,0.009967973
dumpData,4,3,0.009990253
dumpData,4,4,0.009866283
dumpData,4,5,0.010018944
dumpData,4,6,0.009721041
dumpData,4,7,0.0096302
dumpData,4,8,0.010000734
dumpData,4,9,0.009950063
kick,4,0,0.001873278
kick,4,1,0.001882718
kick,4,2,0.001875027
kick,4,3,0.001880298
kick,4,4,0.001864057
kick,4,5,0.001881838
kick,4,6,0.001878038
kick,4,7,0.001883868
kick,4,8,0.001876078
kick,4,9,0.001879707
kick,4,10,0.001876157
kick,4,11,0.001880677
kick,4,12,0.001874248
kick,4,13,0.001882068
kick,4,14,0.001877387
kick,4,15,0.001882467
kick,4,16,0.001873268
kick,4,17,0.001879897
kick,4,18,0.001875748
kick,4,19,0.001882287
drift,4,0,0.001830507
drift,4,1,0.001836777
drift,4,2,0.001831588
drift,4,3,0.001833507
drift,4,4,0.001829607
drift,4,5,0.001831468
drift,4,6,0.001827887
drift,4,7,0.001838638
drift,4,8,0.001840867
drift,4,9,0.001830147
particleBC,4,0,0.003723695
particleBC,4,1,0.003720425
particleBC,4,2,0.003722234
particleBC,4,3,0.003720505
particleBC,4,4,0.003719385
particleBC,4,5,0.003719264
particleBC,4,6,0.003720334
particleBC,4,7,0.003712464
particleBC,4,8,0.003721105
particleBC,4,9,0.003720004
updateParticle,4,0,0.015341423
updateParticle,4,1,0.012322625
updateParticle,4,2,0.012470717
updateParticle,4,3,0.011989802
updateParticle,4,4,0.014188752
updateParticle,4,5,0.012074933
updateParticle,4,6,0.012504067
updateParticle,4,7,0.012215395
updateParticle,4,8,0.012095973
updateParticle,4,9,0.011552089
locateParticles,4,0,0.001492194
locateParticles,4,1,0.001475974
locateParticles,4,2,0.001486234
locateParticles,4,3,0.001498764
locateParticles,4,4,0.001506204
locateParticles,4,5,0.001499864
locateParticles,4,6,0.001504905
locateParticles,4,7,0.001483163
locateParticles,4,8,0.001495944
locateParticles,4,9,0.001492614
sendPreprocess,4,0,0.000760277
sendPreprocess,4,1,0.000824428
sendPreprocess,4,2,0.000827748
sendPreprocess,4,3,0.000797547
sendPreprocess,4,4,0.000808427
sendPreprocess,4,5,0.000796758
sendPreprocess,4,6,0.000788667
sendPreprocess,4,7,0.000852818
sendPreprocess,4,8,0.000850048
sendPreprocess,4,9,0.000919689
particleSend,4,0,0.001223961
particleSend,4,1,0.001282452
particleSend,4,2,0.001232712
particleSend,4,3,0.001406923
particleSend,4,4,0.001276882
particleSend,4,5,0.001226881
particleSend,4,6,0.001235582
particleSend,4,7,0.001365003
particleSend,4,8,0.001223661
particleSend,4,9,0.001236752
particleRecv,4,0,3.4941e-05
particleRecv,4,1,3.547e-05
particleRecv,4,2,3.63e-05
particleRecv,4,3,3.348e-05
particleRecv,4,4,3.4101e-05
particleRecv,4,5,3.4581e-05
particleRecv,4,6,3.616e-05
particleRecv,4,7,3.305e-05
particleRecv,4,8,3.7981e-05
particleRecv,4,9,3.242e-05
particleDestroy,4,0,0.004783744
particleDestroy,4,1,0.004801215
particleDestroy,4,2,0.004794505
particleDestroy,4,3,0.004793555
particleDestroy,4,4,0.004782714
particleDestroy,4,5,0.004797985
particleDestroy,4,6,0.004800435
particleDestroy,4,7,0.004790735
particleDestroy,4,8,0.004817105
particleDestroy,4,9,0.004815675
ScatterPIFNUFFT,4,0,0.52847876
ScatterPIFNUFFT,4,1,0.00111396
ScatterPIFNUFFT,4,2,0.530047545
ScatterPIFNUFFT,4,3,0.0011138
ScatterPIFNUFFT,4,4,0.532612408
ScatterPIFNUFFT,4,5,0.001117621
ScatterPIFNUFFT,4,6,0.534037732
ScatterPIFNUFFT,4,7,0.00111292
ScatterPIFNUFFT,4,8,0.529803943
ScatterPIFNUFFT,4,9,0.001119621
ScatterPIFNUFFT,4,10,0.527742473
ScatterPIFNUFFT,4,11,0.00111166
ScatterPIFNUFFT,4,12,0.532039454
ScatterPIFNUFFT,4,13,0.001114761
ScatterPIFNUFFT,4,14,0.531882902
ScatterPIFNUFFT,4,15,0.00110981
ScatterPIFNUFFT,4,16,0.528857454
ScatterPIFNUFFT,4,17,0.001115211
ScatterPIFNUFFT,4,18,0.529684141
ScatterPIFNUFFT,4,19,0.001118141
NativeNUFFT1,4,0,0.524589454
NativeNUFFT1,4,1,0.525536033
NativeNUFFT1,4,2,0.528337539
NativeNUFFT1,4,3,0.52954027
NativeNUFFT1,4,4,0.525918727
NativeNUFFT1,4,5,0.523856037
NativeNUFFT1,4,6,0.527688723
NativeNUFFT1,4,7,0.527863834
NativeNUFFT1,4,8,0.524581974
NativeNUFFT1,4,9,0.525300151
scatterTimerNUFFT1,4,0,0.039449059
scatterTimerNUFFT1,4,1,0.03960901
scatterTimerNUFFT1,4,2,0.041080434
scatterTimerNUFFT1,4,3,0.041030473
scatterTimerNUFFT1,4,4,0.03955013
scatterTimerNUFFT1,4,5,0.041324577
scatterTimerNUFFT1,4,6,0.040147395
scatterTimerNUFFT1,4,7,0.040573879
scatterTimerNUFFT1,4,8,0.040179295
scatterTimerNUFFT1,4,9,0.039867193
binSort,4,0,0.009357457
binSort,4,1,0.009396628
binSort,4,2,0.009407558
binSort,4,3,0.009380788
binSort,4,4,0.009354787
binSort,4,5,0.009378328
binSort,4,6,0.009384747
binSort,4,7,0.009393958
binSort,4,8,0.009343678
binSort,4,9,0.009393127
binSort,4,10,0.009384998
binSort,4,11,0.009390257
binSort,4,12,0.009343577
binSort,4,13,0.009405267
binSort,4,14,0.009383468
binSort,4,15,0.009398917
binSort,4,16,0.009346827
binSort,4,17,0.009387117
binSort,4,18,0.009396158
binSort,4,19,0.009394208
binSort,4,20,0.009334707
binSort,4,21,0.009397068
binSort,4,22,0.009375918
binSort,4,23,0.009386448
binSort,4,24,0.009350457
binSort,4,25,0.009404137
binSort,4,26,0.009401238
binSort,4,27,0.009412108
binSort,4,28,0.009349987
binSort,4,29,0.009401958
binSort,4,30,0.009406408
binSort,4,31,0.009398678
binSort,4,32,0.009345727
binSort,4,33,0.009395948
binSort,4,34,0.009389828
binSort,4,35,0.009389128
binSort,4,36,0.009340517
binSort,4,37,0.009389648
binSort,4,38,0.009381828
binSort,4,39,0.009381768
binComputeKeys,4,0,0.00101699
binComputeKeys,4,1,0.001018629
binComputeKeys,4,2,0.001019
binComputeKeys,4,3,0.00101919
binComputeKeys,4,4,0.001015919
binComputeKeys,4,5,0.00101845
binComputeKeys,4,6,0.001018989
binComputeKeys,4,7,0.001019749
binComputeKeys,4,8,0.00101932
binComputeKeys,4,9,0.001020259
binComputeKeys,4,10,0.00102031
binComputeKeys,4,11,0.001018199
binComputeKeys,4,12,0.001016499
binComputeKeys,4,13,0.001026679
binComputeKeys,4,14,0.00101744
binComputeKeys,4,15,0.001017999
binComputeKeys,4,16,0.00101621
binComputeKeys,4,17,0.001020579
binComputeKeys,4,18,0.00102031
binComputeKeys,4,19,0.00101854
binComputeKeys,4,20,0.001014
binComputeKeys,4,21,0.00101964
binComputeKeys,4,22,0.00101628
binComputeKeys,4,23,0.00101901
binComputeKeys,4,24,0.001014049
binComputeKeys,4,25,0.001019829
binComputeKeys,4,26,0.00101901
binComputeKeys,4,27,0.00101862
binComputeKeys,4,28,0.001017599
binComputeKeys,4,29,0.00102037
binComputeKeys,4,30,0.001020939
binComputeKeys,4,31,0.001019579
binComputeKeys,4,32,0.001015659
binComputeKeys,4,33,0.00101823
binComputeKeys,4,34,0.001020099
binComputeKeys,4,35,0.001018859
binComputeKeys,4,36,0.00101648
binComputeKeys,4,37,0.00101819
binComputeKeys,4,38,0.00101618
binComputeKeys,4,39,0.00101838
binSortByKey,4,0,0.008081425
binSortByKey,4,1,0.008113926
binSortByKey,4,2,0.008119705
binSortByKey,4,3,0.008098625
binSortByKey,4,4,0.008077086
binSortByKey,4,5,0.008096606
binSortByKey,4,6,0.008102736
binSortByKey,4,7,0.008110386
binSortByKey,4,8,0.008064125
binSortByKey,4,9,0.008108266
binSortByKey,4,10,0.008100365
binSortByKey,4,11,0.008106906
binSortByKey,4,12,0.008068076
binSortByKey,4,13,0.008114316
binSortByKey,4,14,0.008101826
binSortByKey,4,15,0.008117256
binSortByKey,4,16,0.008071115
binSortByKey,4,17,0.008100456
binSortByKey,4,18,0.008111406
binSortByKey,4,19,0.008110526
binSortByKey,4,20,0.008061175
binSortByKey,4,21,0.008111415
binSortByKey,4,22,0.008095505
binSortByKey,4,23,0.008103806
binSortByKey,4,24,0.008077516
binSortByKey,4,25,0.008119576
binSortByKey,4,26,0.008118166
binSortByKey,4,27,0.008129196
binSortByKey,4,28,0.008070706
binSortByKey,4,29,0.008116676
binSortByKey,4,30,0.008121956
binSortByKey,4,31,0.008111126
binSortByKey,4,32,0.008057996
binSortByKey,4,33,0.008113346
binSortByKey,4,34,0.008106115
binSortByKey,4,35,0.008107016
binSortByKey,4,36,0.008064405
binSortByKey,4,37,0.008106965
binSortByKey,4,38,0.008101346
binSortByKey,4,39,0.008099145
binComputeOffsets,4,0,0.000249772
binComputeOffsets,4,1,0.000254653
binComputeOffsets,4,2,0.000259312
binComputeOffsets,4,3,0.000253413
binComputeOffsets,4,4,0.000251772
binComputeOffsets,4,5,0.000253902
binComputeOffsets,4,6,0.000253532
binComputeOffsets,4,7,0.000253623
binComputeOffsets,4,8,0.000250323
binComputeOffsets,4,9,0.000255162
binComputeOffsets,4,10,0.000253833
binComputeOffsets,4,11,0.000255182
binComputeOffsets,4,12,0.000249752
binComputeOffsets,4,13,0.000254782
binComputeOffsets,4,14,0.000254772
binComputeOffsets,4,15,0.000254362
binComputeOffsets,4,16,0.000249772
binComputeOffsets,4,17,0.000255922
binComputeOffsets,4,18,0.000254712
binComputeOffsets,4,19,0.000254822
binComputeOffsets,4,20,0.000250242
binComputeOffsets,4,21,0.000255603
binComputeOffsets,4,22,0.000254293
binComputeOffsets,4,23,0.000253762
binComputeOffsets,4,24,0.000249632
binComputeOffsets,4,25,0.000254782
binComputeOffsets,4,26,0.000254072
binComputeOffsets,4,27,0.000254182
binComputeOffsets,4,28,0.000251642
binComputeOffsets,4,29,0.000255392
binComputeOffsets,4,30,0.000253732
binComputeOffsets,4,31,0.000258683
binComputeOffsets,4,32,0.000255542
binComputeOffsets,4,33,0.000254402
binComputeOffsets,4,34,0.000253133
binComputeOffsets,4,35,0.000253782
binComputeOffsets,4,36,0.000250172
binComputeOffsets,4,37,0.000254502
binComputeOffsets,4,38,0.000254872
binComputeOffsets,4,39,0.000254073
FFTNUFFT1,4,0,0.484671461
FFTNUFFT1,4,1,0.485453109
FFTNUFFT1,4,2,0.48677839
FFTNUFFT1,4,3,0.488036102
FFTNUFFT1,4,4,0.485892182
FFTNUFFT1,4,5,0.482053376
FFTNUFFT1,4,6,0.487057213
FFTNUFFT1,4,7,0.486811811
FFTNUFFT1,4,8,0.483924983
FFTNUFFT1,4,9,0.484961853
deconvolutionNUFFT1,4,0,0.000457334
deconvolutionNUFFT1,4,1,0.000462234
deconvolutionNUFFT1,4,2,0.000467205
deconvolutionNUFFT1,4,3,0.000462224
deconvolutionNUFFT1,4,4,0.000463815
deconvolutionNUFFT1,4,5,0.000466554
deconvolutionNUFFT1,4,6,0.000472555
deconvolutionNUFFT1,4,7,0.000467004
deconvolutionNUFFT1,4,8,0.000464365
deconvolutionNUFFT1,4,9,0.000460545
GatherPIFNUFFT,4,0,1.554456152
GatherPIFNUFFT,4,1,1.559759231
GatherPIFNUFFT,4,2,1.560045933
GatherPIFNUFFT,4,3,1.557114876
GatherPIFNUFFT,4,4,1.557458749
GatherPIFNUFFT,4,5,1.560988972
GatherPIFNUFFT,4,6,1.555291469
GatherPIFNUFFT,4,7,1.556886434
GatherPIFNUFFT,4,8,1.558400408
GatherPIFNUFFT,4,9,1.557497199
NativeNUFFT2,4,0,0.511144468
NativeNUFFT2,4,1,0.512642952
NativeNUFFT2,4,2,0.515041095
NativeNUFFT2,4,3,0.515515939
NativeNUFFT2,4,4,0.514328288
NativeNUFFT2,4,5,0.514278038
NativeNUFFT2,4,6,0.51246908
NativeNUFFT2,4,7,0.514267028
NativeNUFFT2,4,8,0.51768897
NativeNUFFT2,4,9,0.512046237
NativeNUFFT2,4,10,0.514085646
NativeNUFFT2,4,11,0.515337988
NativeNUFFT2,4,12,0.51462906
NativeNUFFT2,4,13,0.512605022
NativeNUFFT2,4,14,0.51458356
NativeNUFFT2,4,15,0.515772412
NativeNUFFT2,4,16,0.515488449
NativeNUFFT2,4,17,0.514105066
NativeNUFFT2,4,18,0.514102486
NativeNUFFT2,4,19,0.511887065
NativeNUFFT2,4,20,0.513667872
NativeNUFFT2,4,21,0.513753683
NativeNUFFT2,4,22,0.514264658
NativeNUFFT2,4,23,0.513229208
NativeNUFFT2,4,24,0.514036365
NativeNUFFT2,4,25,0.514717002
NativeNUFFT2,4,26,0.514017845
NativeNUFFT2,4,27,0.513365599
NativeNUFFT2,4,28,0.512218438
NativeNUFFT2,4,29,0.516284607
PrecorrectionNUFFT2,4,0,0.000886769
PrecorrectionNUFFT2,4,1,0.000863688
PrecorrectionNUFFT2,4,2,0.000868998
PrecorrectionNUFFT2,4,3,0.000898559
PrecorrectionNUFFT2,4,4,0.000862968
PrecorrectionNUFFT2,4,5,0.000865688
PrecorrectionNUFFT2,4,6,0.000881378
PrecorrectionNUFFT2,4,7,0.000860069
PrecorrectionNUFFT2,4,8,0.000866118
PrecorrectionNUFFT2,4,9,0.000896019
PrecorrectionNUFFT2,4,10,0.000865068
PrecorrectionNUFFT2,4,11,0.000865778
PrecorrectionNUFFT2,4,12,0.000897448
PrecorrectionNUFFT2,4,13,0.000863188
PrecorrectionNUFFT2,4,14,0.000865468
PrecorrectionNUFFT2,4,15,0.000891698
PrecorrectionNUFFT2,4,16,0.000863798
PrecorrectionNUFFT2,4,17,0.000863088
PrecorrectionNUFFT2,4,18,0.000889808
PrecorrectionNUFFT2,4,19,0.000861118
PrecorrectionNUFFT2,4,20,0.000860408
PrecorrectionNUFFT2,4,21,0.000888429
PrecorrectionNUFFT2,4,22,0.000858438
PrecorrectionNUFFT2,4,23,0.000858748
PrecorrectionNUFFT2,4,24,0.000884108
PrecorrectionNUFFT2,4,25,0.000862308
PrecorrectionNUFFT2,4,26,0.000862428
PrecorrectionNUFFT2,4,27,0.000930058
PrecorrectionNUFFT2,4,28,0.000867808
PrecorrectionNUFFT2,4,29,0.000862178
FFTNUFFT2,4,0,0.483630141
FFTNUFFT2,4,1,0.486081964
FFTNUFFT2,4,2,0.486254836
FFTNUFFT2,4,3,0.484509309
FFTNUFFT2,4,4,0.48462701
FFTNUFFT2,4,5,0.48666768
FFTNUFFT2,4,6,0.48140564
FFTNUFFT2,4,7,0.483326428
FFTNUFFT2,4,8,0.483960455
FFTNUFFT2,4,9,0.478362311
FFTNUFFT2,4,10,0.48884924
FFTNUFFT2,4,11,0.486612279
FFTNUFFT2,4,12,0.486009133
FFTNUFFT2,4,13,0.484808462
FFTNUFFT2,4,14,0.486831411
FFTNUFFT2,4,15,0.488058833
FFTNUFFT2,4,16,0.487254735
FFTNUFFT2,4,17,0.488983671
FFTNUFFT2,4,18,0.482919544
FFTNUFFT2,4,19,0.486545718
FFTNUFFT2,4,20,0.487011893
FFTNUFFT2,4,21,0.485046414
FFTNUFFT2,4,22,0.489071242
FFTNUFFT2,4,23,0.482173938
FFTNUFFT2,4,24,0.485844572
FFTNUFFT2,4,25,0.487495497
FFTNUFFT2,4,26,0.48670693
FFTNUFFT2,4,27,0.4845397
FFTNUFFT2,4,28,0.487051833
FFTNUFFT2,4,29,0.485697941
GatherNUFFT2,4,0,0.026607818
GatherNUFFT2,4,1,0.02567715
GatherNUFFT2,4,2,0.027896891
GatherNUFFT2,4,3,0.030088041
GatherNUFFT2,4,4,0.02881831
GatherNUFFT2,4,5,0.02672508
GatherNUFFT2,4,6,0.030162382
GatherNUFFT2,4,7,0.030060931
GatherNUFFT2,4,8,0.032841917
GatherNUFFT2,4,9,0.032768097
GatherNUFFT2,4,10,0.024351368
GatherNUFFT2,4,11,0.027839811
GatherNUFFT2,4,12,0.027702019
GatherNUFFT2,4,13,0.026913162
GatherNUFFT2,4,14,0.026867231
GatherNUFFT2,4,15,0.02680204
GatherNUFFT2,4,16,0.027348416
GatherNUFFT2,4,17,0.024237767
GatherNUFFT2,4,18,0.030273673
GatherNUFFT2,4,19,0.024460559
GatherNUFFT2,4,20,0.025774951
GatherNUFFT2,4,21,0.02779889
GatherNUFFT2,4,22,0.024315048
GatherNUFFT2,4,23,0.030176162
GatherNUFFT2,4,24,0.027282405
GatherNUFFT2,4,25,0.026339046
GatherNUFFT2,4,26,0.026428967
GatherNUFFT2,4,27,0.027874741
GatherNUFFT2,4,28,0.024279097
GatherNUFFT2,4,29,0.029704888
mainTimer,5,0,21.264691796
dumpData,5,0,0.010923682
dumpData,5,1,0.011370996
dumpData,5,2,0.010832521
dumpData,5,3,0.010799981
dumpData,5,4,0.011998632
dumpData,5,5,0.010829471
dumpData,5,6,0.011591189
dumpData,5,7,0.010434067
dumpData,5,8,0.010901642
dumpData,5,9,0.010826201
kick,5,0,0.001745597
kick,5,1,0.001765166
kick,5,2,0.001747016
kick,5,3,0.001767627
kick,5,4,0.001735466
kick,5,5,0.001767237
kick,5,6,0.001748767
kick,5,7,0.001767886
kick,5,8,0.001752557
kick,5,9,0.001766866
kick,5,10,0.001720436
kick,5,11,0.001767717
kick,5,12,0.001749596
kick,5,13,0.001767576
kick,5,14,0.001733816
kick,5,15,0.001766717
kick,5,16,0.001760947
kick,5,17,0.001767977
kick,5,18,0.001749166
kick,5,19,0.001765946
drift,5,0,0.001719546
drift,5,1,0.001720046
drift,5,2,0.001720816
drift,5,3,0.001722096
drift,5,4,0.001720016
drift,5,5,0.001720836
drift,5,6,0.001720067
drift,5,7,0.001718396
drift,5,8,0.001721096
drift,5,9,0.001719706
particleBC,5,0,0.003492232
particleBC,5,1,0.003488553
particleBC,5,2,0.003493023
particleBC,5,3,0.003490232
particleBC,5,4,0.003496492
particleBC,5,5,0.003489353
particleBC,5,6,0.003489892
particleBC,5,7,0.003501443
particleBC,5,8,0.003498363
particleBC,5,9,0.003492713
updateParticle,5,0,0.015520475
updateParticle,5,1,0.012510747
updateParticle,5,2,0.012297215
updateParticle,5,3,0.012316886
updateParticle,5,4,0.014350924
updateParticle,5,5,0.012151673
updateParticle,5,6,0.01280656
updateParticle,5,7,0.011414127
updateParticle,5,8,0.01179973
updateParticle,5,9,0.011610559
locateParticles,5,0,0.001420144
locateParticles,5,1,0.001421853
locateParticles,5,2,0.001425403
locateParticles,5,3,0.001434333
locateParticles,5,4,0.001421184
locateParticles,5,5,0.001425463
locateParticles,5,6,0.001411233
locateParticles,5,7,0.001415383
locateParticles,5,8,0.001452533
locateParticles,5,9,0.001427354
sendPreprocess,5,0,0.001286322
sendPreprocess,5,1,0.001357673
sendPreprocess,5,2,0.001356063
sendPreprocess,5,3,0.001336823
sendPreprocess,5,4,0.001346952
sendPreprocess,5,5,0.001367003
sendPreprocess,5,6,0.001342283
sendPreprocess,5,7,0.001393683
sendPreprocess,5,8,0.001345503
sendPreprocess,5,9,0.001449713
particleSend,5,0,0.001261472
particleSend,5,1,0.001199251
particleSend,5,2,0.001237092
particleSend,5,3,0.001289032
particleSend,5,4,0.001192501
particleSend,5,5,0.001252102
particleSend,5,6,0.001360253
particleSend,5,7,0.001351983
particleSend,5,8,0.001370963
particleSend,5,9,0.001258032
particleRecv,5,0,3.164e-05
particleRecv,5,1,3.603e-05
particleRecv,5,2,3.446e-05
particleRecv,5,3,3.95e-05
particleRecv,5,4,3.595e-05
particleRecv,5,5,3.556e-05
particleRecv,5,6,3.741e-05
particleRecv,5,7,3.473e-05
particleRecv,5,8,3.137e-05
particleRecv,5,9,2.989e-05
particleDestroy,5,0,0.004653793
particleDestroy,5,1,0.004677684
particleDestroy,5,2,0.004661724
particleDestroy,5,3,0.004668584
particleDestroy,5,4,0.004661543
particleDestroy,5,5,0.004690744
particleDestroy,5,6,0.004665984
particleDestroy,5,7,0.004666504
particleDestroy,5,8,0.004655244
particleDestroy,5,9,0.004662484
ScatterPIFNUFFT,5,0,0.524935057
ScatterPIFNUFFT,5,1,0.00111911
ScatterPIFNUFFT,5,2,0.523859667
ScatterPIFNUFFT,5,3,0.00111347
ScatterPIFNUFFT,5,4,0.52629241
ScatterPIFNUFFT,5,5,0.001118861
ScatterPIFNUFFT,5,6,0.532877392
ScatterPIFNUFFT,5,7,0.001112751
ScatterPIFNUFFT,5,8,0.529191087
ScatterPIFNUFFT,5,9,0.00111748
ScatterPIFNUFFT,5,10,0.524735535
ScatterPIFNUFFT,5,11,0.00111688
ScatterPIFNUFFT,5,12,0.530429108
ScatterPIFNUFFT,5,13,0.00111902
ScatterPIFNUFFT,5,14,0.531910673
ScatterPIFNUFFT,5,15,0.001116231
ScatterPIFNUFFT,5,16,0.532098854
ScatterPIFNUFFT,5,17,0.00111836
ScatterPIFNUFFT,5,18,0.522812598
ScatterPIFNUFFT,5,19,0.001114941
NativeNUFFT1,5,0,0.52096252
NativeNUFFT1,5,1,0.519254904
NativeNUFFT1,5,2,0.521804587
NativeNUFFT1,5,3,0.528482301
NativeNUFFT1,5,4,0.52521452
NativeNUFFT1,5,5,0.520626987
NativeNUFFT1,5,6,0.526112738
NativeNUFFT1,5,7,0.527899955
NativeNUFFT1,5,8,0.527425871
NativeNUFFT1,5,9,0.518306656
scatterTimerNUFFT1,5,0,0.03960433
scatterTimerNUFFT1,5,1,0.039735332
scatterTimerNUFFT1,5,2,0.041578878
scatterTimerNUFFT1,5,3,0.041071774
scatterTimerNUFFT1,5,4,0.03956317
scatterTimerNUFFT1,5,5,0.040693761
scatterTimerNUFFT1,5,6,0.039133606
scatterTimerNUFFT1,5,7,0.040939142
scatterTimerNUFFT1,5,8,0.040021164
scatterTimerNUFFT1,5,9,0.039647421
binSort,5,0,0.008775582
binSort,5,1,0.008820852
binSort,5,2,0.008817992
binSort,5,3,0.008817283
binSort,5,4,0.008773682
binSort,5,5,0.008820962
binSort,5,6,0.008817543
binSort,5,7,0.008835973
binSort,5,8,0.008771842
binSort,5,9,0.008829082
binSort,5,10,0.008815522
binSort,5,11,0.008818202
binSort,5,12,0.008778352
binSort,5,13,0.008841813
binSort,5,14,0.008832352
binSort,5,15,0.008813972
binSort,5,16,0.008788822
binSort,5,17,0.008823263
binSort,5,18,0.008814222
binSort,5,19,0.008823822
binSort,5,20,0.008788512
binSort,5,21,0.008837142
binSort,5,22,0.008829633
binSort,5,23,0.008822382
binSort,5,24,0.008798732
binSort,5,25,0.008817183
binSort,5,26,0.008821313
binSort,5,27,0.008808532
binSort,5,28,0.008785633
binSort,5,29,0.008814892
binSort,5,30,0.008810322
binSort,5,31,0.008812943
binSort,5,32,0.008788162
binSort,5,33,0.008817063
binSort,5,34,0.008824743
binSort,5,35,0.008881953
binSort,5,36,0.008790572
binSort,5,37,0.008826892
binSort,5,38,0.008829563
binSort,5,39,0.008818423
binComputeKeys,5,0,0.000955079
binComputeKeys,5,1,0.000959039
binComputeKeys,5,2,0.000959959
binComputeKeys,5,3,0.000958229
binComputeKeys,5,4,0.000953339
binComputeKeys,5,5,0.000958269
binComputeKeys,5,6,0.000957848
binComputeKeys,5,7,0.000958589
binComputeKeys,5,8,0.000955669
binComputeKeys,5,9,0.000958069
binComputeKeys,5,10,0.000959699
binComputeKeys,5,11,0.000958489
binComputeKeys,5,12,0.000954959
binComputeKeys,5,13,0.000960159
binComputeKeys,5,14,0.000956379
binComputeKeys,5,15,0.000956339
binComputeKeys,5,16,0.000954279
binComputeKeys,5,17,0.000960139
binComputeKeys,5,18,0.000956989
binComputeKeys,5,19,0.000957309
binComputeKeys,5,20,0.000955669
binComputeKeys,5,21,0.000957719
binComputeKeys,5,22,0.000960219
binComputeKeys,5,23,0.000955639
binComputeKeys,5,24,0.000953778
binComputeKeys,5,25,0.000959989
binComputeKeys,5,26,0.000958979
binComputeKeys,5,27,0.000958179
binComputeKeys,5,28,0.000951919
binComputeKeys,5,29,0.000958159
binComputeKeys,5,30,0.000958769
binComputeKeys,5,31,0.000956639
binComputeKeys,5,32,0.000954759
binComputeKeys,5,33,0.000956679
binComputeKeys,5,34,0.000956139
binComputeKeys,5,35,0.001023969
binComputeKeys,5,36,0.000955339
binComputeKeys,5,37,0.000958579
binComputeKeys,5,38,0.000960339
binComputeKeys,5,39,0.000959169
binSortByKey,5,0,0.007574251
binSortByKey,5,1,0.007609541
binSortByKey,5,2,0.007606331
binSortByKey,5,3,0.007608682
binSortByKey,5,4,0.007574261
binSortByKey,5,5,0.007610831
binSortByKey,5,6,0.007609222
binSortByKey,5,7,0.007626332
binSortByKey,5,8,0.007569491
binSortByKey,5,9,0.007620171
binSortByKey,5,10,0.007604701
binSortByKey,5,11,0.007609091
binSortByKey,5,12,0.007577341
binSortByKey,5,13,0.007630741
binSortByKey,5,14,0.007622141
binSortByKey,5,15,0.007605781
binSortByKey,5,16,0.007587491
binSortByKey,5,17,0.007611551
binSortByKey,5,18,0.007605521
binSortByKey,5,19,0.007615961
binSortByKey,5,20,0.007586231
binSortByKey,5,21,0.007626651
binSortByKey,5,22,0.007617982
binSortByKey,5,23,0.007616431
binSortByKey,5,24,0.007597592
binSortByKey,5,25,0.007605151
binSortByKey,5,26,0.007610542
binSortByKey,5,27,0.007599111
binSortByKey,5,28,0.007586981
binSortByKey,5,29,0.007606131
binSortByKey,5,30,0.007599881
binSortByKey,5,31,0.007605291
binSortByKey,5,32,0.007581441
binSortByKey,5,33,0.007609581
binSortByKey,5,34,0.007614521
binSortByKey,5,35,0.007607372
binSortByKey,5,36,0.007588471
binSortByKey,5,37,0.007615961
binSortByKey,5,38,0.007616781
binSortByKey,5,39,0.007609171
binComputeOffsets,5,0,0.000237002
binComputeOffsets,5,1,0.000242522
binComputeOffsets,5,2,0.000241162
binComputeOffsets,5,3,0.000241062
binComputeOffsets,5,4,0.000236782
binComputeOffsets,5,5,0.000242602
binComputeOffsets,5,6,0.000241082
binComputeOffsets,5,7,0.000241802
binComputeOffsets,5,8,0.000236812
binComputeOffsets,5,9,0.000241172
binComputeOffsets,5,10,0.000241132
binComputeOffsets,5,11,0.000241392
binComputeOffsets,5,12,0.000236832
binComputeOffsets,5,13,0.000241523
binComputeOffsets,5,14,0.000243692
binComputeOffsets,5,15,0.000242582
binComputeOffsets,5,16,0.000237302
binComputeOffsets,5,17,0.000242083
binComputeOffsets,5,18,0.000242542
binComputeOffsets,5,19,0.000241352
binComputeOffsets,5,20,0.000237312
binComputeOffsets,5,21,0.000243412
binComputeOffsets,5,22,0.000242102
binComputeOffsets,5,23,0.000241012
binComputeOffsets,5,24,0.000237232
binComputeOffsets,5,25,0.000242723
binComputeOffsets,5,26,0.000242512
binComputeOffsets,5,27,0.000241802
binComputeOffsets,5,28,0.000237433
binComputeOffsets,5,29,0.000241102
binComputeOffsets,5,30,0.000242392
binComputeOffsets,5,31,0.000241533
binComputeOffsets,5,32,0.000236892
binComputeOffsets,5,33,0.000241362
binComputeOffsets,5,34,0.000242483
binComputeOffsets,5,35,0.000241082
binComputeOffsets,5,36,0.000237272
binComputeOffsets,5,37,0.000242162
binComputeOffsets,5,38,0.000242373
binComputeOffsets,5,39,0.000240642
FFTNUFFT1,5,0,0.480875175
FFTNUFFT1,5,1,0.479039658
FFTNUFFT1,5,2,0.479747185
FFTNUFFT1,5,3,0.486933362
FFTNUFFT1,5,4,0.485174436
FFTNUFFT1,5,5,0.479447502
FFTNUFFT1,5,6,0.486504678
FFTNUFFT1,5,7,0.486474608
FFTNUFFT1,5,8,0.486924772
FFTNUFFT1,5,9,0.47818034
deconvolutionNUFFT1,5,0,0.000471154
deconvolutionNUFFT1,5,1,0.000468544
deconvolutionNUFFT1,5,2,0.000467384
deconvolutionNUFFT1,5,3,0.000466025
deconvolutionNUFFT1,5,4,0.000463724
deconvolutionNUFFT1,5,5,0.000460514
deconvolutionNUFFT1,5,6,0.000462514
deconvolutionNUFFT1,5,7,0.000474685
deconvolutionNUFFT1,5,8,0.000465525
deconvolutionNUFFT1,5,9,0.000466494
GatherPIFNUFFT,5,0,1.558111275
GatherPIFNUFFT,5,1,1.566205731
GatherPIFNUFFT,5,2,1.566511124
GatherPIFNUFFT,5,3,1.558206307
GatherPIFNUFFT,5,4,1.556158218
GatherPIFNUFFT,5,5,1.564104341
GatherPIFNUFFT,5,6,1.556323758
GatherPIFNUFFT,5,7,1.558237477
GatherPIFNUFFT,5,8,1.556019836
GatherPIFNUFFT,5,9,1.564384714
NativeNUFFT2,5,0,0.513775683
NativeNUFFT2,5,1,0.514153806
NativeNUFFT2,5,2,0.515265627
NativeNUFFT2,5,3,0.521283653
NativeNUFFT2,5,4,0.51346391
NativeNUFFT2,5,5,0.516549839
NativeNUFFT2,5,6,0.519528807
NativeNUFFT2,5,7,0.514315978
NativeNUFFT2,5,8,0.51774322
NativeNUFFT2,5,9,0.512794704
NativeNUFFT2,5,10,0.513250878
NativeNUFFT2,5,11,0.517008643
NativeNUFFT2,5,12,0.514811253
NativeNUFFT2,5,13,0.512509141
NativeNUFFT2,5,14,0.51342013
NativeNUFFT2,5,15,0.519285514
NativeNUFFT2,5,16,0.515689411
NativeNUFFT2,5,17,0.514221237
NativeNUFFT2,5,18,0.515848512
NativeNUFFT2,5,19,0.512102307
NativeNUFFT2,5,20,0.513006746
NativeNUFFT2,5,21,0.514156496
NativeNUFFT2,5,22,0.513970015
NativeNUFFT2,5,23,0.514688531
NativeNUFFT2,5,24,0.51132704
NativeNUFFT2,5,25,0.515163706
NativeNUFFT2,5,26,0.514614951
NativeNUFFT2,5,27,0.51877364
NativeNUFFT2,5,28,0.513816793
NativeNUFFT2,5,29,0.516368157
PrecorrectionNUFFT2,5,0,0.000888388
PrecorrectionNUFFT2,5,1,0.000875548
PrecorrectionNUFFT2,5,2,0.000875879
PrecorrectionNUFFT2,5,3,0.000888339
PrecorrectionNUFFT2,5,4,0.000864048
PrecorrectionNUFFT2,5,5,0.000863708
PrecorrectionNUFFT2,5,6,0.000887429
PrecorrectionNUFFT2,5,7,0.000864378
PrecorrectionNUFFT2,5,8,0.000864008
PrecorrectionNUFFT2,5,9,0.000892359
PrecorrectionNUFFT2,5,10,0.000867178
PrecorrectionNUFFT2,5,11,0.000863048
PrecorrectionNUFFT2,5,12,0.000889039
PrecorrectionNUFFT2,5,13,0.000861248
PrecorrectionNUFFT2,5,14,0.000862888
PrecorrectionNUFFT2,5,15,0.000889988
PrecorrectionNUFFT2,5,16,0.000863888
PrecorrectionNUFFT2,5,17,0.000871708
PrecorrectionNUFFT2,5,18,0.000892298
PrecorrectionNUFFT2,5,19,0.000861588
PrecorrectionNUFFT2,5,20,0.000868829
PrecorrectionNUFFT2,5,21,0.000888308
PrecorrectionNUFFT2,5,22,0.000868138
PrecorrectionNUFFT2,5,23,0.000864598
PrecorrectionNUFFT2,5,24,0.000890789
PrecorrectionNUFFT2,5,25,0.000870428
PrecorrectionNUFFT2,5,26,0.000862308
PrecorrectionNUFFT2,5,27,0.000932539
PrecorrectionNUFFT2,5,28,0.000868318
PrecorrectionNUFFT2,5,29,0.000863408
FFTNUFFT2,5,0,0.483309079
FFTNUFFT2,5,1,0.477856797
FFTNUFFT2,5,2,0.479932596
FFTNUFFT2,5,3,0.485977683
FFTNUFFT2,5,4,0.485296827
FFTNUFFT2,5,5,0.482309939
FFTNUFFT2,5,6,0.484373528
FFTNUFFT2,5,7,0.477490364
FFTNUFFT2,5,8,0.481124048
FFTNUFFT2,5,9,0.479003198
FFTNUFFT2,5,10,0.480952136
FFTNUFFT2,5,11,0.487084664
FFTNUFFT2,5,12,0.482159057
FFTNUFFT2,5,13,0.486261396
FFTNUFFT2,5,14,0.48345858
FFTNUFFT2,5,15,0.485235576
FFTNUFFT2,5,16,0.48564696
FFTNUFFT2,5,17,0.485928313
FFTNUFFT2,5,18,0.479429482
FFTNUFFT2,5,19,0.484159576
FFTNUFFT2,5,20,0.485953952
FFTNUFFT2,5,21,0.480442752
FFTNUFFT2,5,22,0.485793682
FFTNUFFT2,5,23,0.487456527
FFTNUFFT2,5,24,0.477365452
FFTNUFFT2,5,25,0.481872685
FFTNUFFT2,5,26,0.479493993
FFTNUFFT2,5,27,0.48454825
FFTNUFFT2,5,28,0.484886873
FFTNUFFT2,5,29,0.486095704
GatherNUFFT2,5,0,0.029557896
GatherNUFFT2,5,1,0.035400821
GatherNUFFT2,5,2,0.034435292
GatherNUFFT2,5,3,0.034396751
GatherNUFFT2,5,4,0.027282025
GatherNUFFT2,5,5,0.033355602
GatherNUFFT2,5,6,0.03424728
GatherNUFFT2,5,7,0.035940406
GatherNUFFT2,5,8,0.035732314
GatherNUFFT2,5,9,0.032879427
GatherNUFFT2,5,10,0.031410753
GatherNUFFT2,5,11,0.029040551
GatherNUFFT2,5,12,0.031743987
GatherNUFFT2,5,13,0.025366387
GatherNUFFT2,5,14,0.029078401
GatherNUFFT2,5,15,0.0331393
GatherNUFFT2,5,16,0.029157953
GatherNUFFT2,5,17,0.027401066
GatherNUFFT2,5,18,0.035507122
GatherNUFFT2,5,19,0.027055923
GatherNUFFT2,5,20,0.026163575
GatherNUFFT2,5,21,0.032805566
GatherNUFFT2,5,22,0.027287625
GatherNUFFT2,5,23,0.026346996
GatherNUFFT2,5,24,0.033050579
GatherNUFFT2,5,25,0.032399963
GatherNUFFT2,5,26,0.03423653
GatherNUFFT2,5,27,0.033272241
GatherNUFFT2,5,28,0.028034882
GatherNUFFT2,5,29,0.029388895
mainTimer,6,0,21.264695476
dumpData,6,0,0.011920281
dumpData,6,1,0.009862452
dumpData,6,2,0.009322027
dumpData,6,3,0.011705139
dumpData,6,4,0.010891472
dumpData,6,5,0.011825411
dumpData,6,6,0.010529199
dumpData,6,7,0.011432897
dumpData,6,8,0.009414718
dumpData,6,9,0.009278016
kick,6,0,0.001766197
kick,6,1,0.001765367
kick,6,2,0.001721906
kick,6,3,0.001767197
kick,6,4,0.001766116
kick,6,5,0.001767846
kick,6,6,0.001764607
kick,6,7,0.001769977
kick,6,8,0.001728846
kick,6,9,0.001767197
kick,6,10,0.001750476
kick,6,11,0.001766066
kick,6,12,0.001726966
kick,6,13,0.001770516
kick,6,14,0.001759366
kick,6,15,0.001767396
kick,6,16,0.001735496
kick,6,17,0.001774107
kick,6,18,0.001765537
kick,6,19,0.001767937
drift,6,0,0.001738706
drift,6,1,0.001717196
drift,6,2,0.001730567
drift,6,3,0.001742386
drift,6,4,0.001718856
drift,6,5,0.001722566
drift,6,6,0.001721766
drift,6,7,0.001720416
drift,6,8,0.001720776
drift,6,9,0.001745706
particleBC,6,0,0.003491693
particleBC,6,1,0.003494142
particleBC,6,2,0.003493042
particleBC,6,3,0.003487913
particleBC,6,4,0.003487313
particleBC,6,5,0.003489873
particleBC,6,6,0.003493583
particleBC,6,7,0.003496633
particleBC,6,8,0.003494643
particleBC,6,9,0.003498573
updateParticle,6,0,0.013712808
updateParticle,6,1,0.012478687
updateParticle,6,2,0.012269165
updateParticle,6,3,0.01287314
updateParticle,6,4,0.013377895
updateParticle,6,5,0.013244804
updateParticle,6,6,0.013476966
updateParticle,6,7,0.012491747
updateParticle,6,8,0.012536187
updateParticle,6,9,0.011221425
locateParticles,6,0,0.001433613
locateParticles,6,1,0.001435023
locateParticles,6,2,0.001438524
locateParticles,6,3,0.001425593
locateParticles,6,4,0.001424193
locateParticles,6,5,0.001438453
locateParticles,6,6,0.001424923
locateParticles,6,7,0.001444534
locateParticles,6,8,0.001429163
locateParticles,6,9,0.001447623
sendPreprocess,6,0,0.001238132
sendPreprocess,6,1,0.001359673
sendPreprocess,6,2,0.001302852
sendPreprocess,6,3,0.001306422
sendPreprocess,6,4,0.001379603
sendPreprocess,6,5,0.001319513
sendPreprocess,6,6,0.001347463
sendPreprocess,6,7,0.001340622
sendPreprocess,6,8,0.001394813
sendPreprocess,6,9,0.001369483
particleSend,6,0,0.001205011
particleSend,6,1,0.001244691
particleSend,6,2,0.001258582
particleSend,6,3,0.001253071
particleSend,6,4,0.001206422
particleSend,6,5,0.001210211
particleSend,6,6,0.001209311
particleSend,6,7,0.001215722
particleSend,6,8,0.001210321
particleSend,6,9,0.001292592
particleRecv,6,0,3.286e-05
particleRecv,6,1,3.0501e-05
particleRecv,6,2,3.224e-05
particleRecv,6,3,4.0291e-05
particleRecv,6,4,3.539e-05
particleRecv,6,5,3.3541e-05
particleRecv,6,6,3.3161e-05
particleRecv,6,7,3.549e-05
particleRecv,6,8,3.8571e-05
particleRecv,6,9,4.1591e-05
particleDestroy,6,0,0.004713934
particleDestroy,6,1,0.004701154
particleDestroy,6,2,0.004699694
particleDestroy,6,3,0.004701034
particleDestroy,6,4,0.004738374
particleDestroy,6,5,0.004708564
particleDestroy,6,6,0.004693884
particleDestroy,6,7,0.004693004
particleDestroy,6,8,0.004676484
particleDestroy,6,9,0.004738974
ScatterPIFNUFFT,6,0,0.529686942
ScatterPIFNUFFT,6,1,0.00111309
ScatterPIFNUFFT,6,2,0.530503159
ScatterPIFNUFFT,6,3,0.00110959
ScatterPIFNUFFT,6,4,0.529848713
ScatterPIFNUFFT,6,5,0.001111131
ScatterPIFNUFFT,6,6,0.532370136
ScatterPIFNUFFT,6,7,0.00110953
ScatterPIFNUFFT,6,8,0.531411677
ScatterPIFNUFFT,6,9,0.00110923
ScatterPIFNUFFT,6,10,0.530308578
ScatterPIFNUFFT,6,11,0.00111771
ScatterPIFNUFFT,6,12,0.531085474
ScatterPIFNUFFT,6,13,0.00110823
ScatterPIFNUFFT,6,14,0.531771742
ScatterPIFNUFFT,6,15,0.001111401
ScatterPIFNUFFT,6,16,0.52835911
ScatterPIFNUFFT,6,17,0.001111781
ScatterPIFNUFFT,6,18,0.528533621
ScatterPIFNUFFT,6,19,0.00111971
NativeNUFFT1,6,0,0.526015937
NativeNUFFT1,6,1,0.525895096
NativeNUFFT1,6,2,0.525326931
NativeNUFFT1,6,3,0.52844314
NativeNUFFT1,6,4,0.52742365
NativeNUFFT1,6,5,0.526658744
NativeNUFFT1,6,6,0.527239038
NativeNUFFT1,6,7,0.527768664
NativeNUFFT1,6,8,0.524233671
NativeNUFFT1,6,9,0.523738066
scatterTimerNUFFT1,6,0,0.040800621
scatterTimerNUFFT1,6,1,0.039148406
scatterTimerNUFFT1,6,2,0.041363827
scatterTimerNUFFT1,6,3,0.041321997
scatterTimerNUFFT1,6,4,0.039832492
scatterTimerNUFFT1,6,5,0.040411098
scatterTimerNUFFT1,6,6,0.039977303
scatterTimerNUFFT1,6,7,0.040137605
scatterTimerNUFFT1,6,8,0.039916303
scatterTimerNUFFT1,6,9,0.03961134
binSort,6,0,0.008778932
binSort,6,1,0.008840003
binSort,6,2,0.008814622
binSort,6,3,0.008823773
binSort,6,4,0.008775382
binSort,6,5,0.008816912
binSort,6,6,0.008816672
binSort,6,7,0.008803922
binSort,6,8,0.008776122
binSort,6,9,0.008800032
binSort,6,10,0.008808793
binSort,6,11,0.008827532
binSort,6,12,0.008771072
binSort,6,13,0.008807993
binSort,6,14,0.008805832
binSort,6,15,0.008800612
binSort,6,16,0.008772562
binSort,6,17,0.008804452
binSort,6,18,0.008804812
binSort,6,19,0.008802192
binSort,6,20,0.008774362
binSort,6,21,0.008813862
binSort,6,22,0.008803422
binSort,6,23,0.008812702
binSort,6,24,0.008782742
binSort,6,25,0.008830313
binSort,6,26,0.008803022
binSort,6,27,0.008809193
binSort,6,28,0.008778942
binSort,6,29,0.008817213
binSort,6,30,0.008811913
binSort,6,31,0.008810573
binSort,6,32,0.008797592
binSort,6,33,0.008918284
binSort,6,34,0.008833492
binSort,6,35,0.008857302
binSort,6,36,0.008776602
binSort,6,37,0.008858503
binSort,6,38,0.008851813
binSort,6,39,0.008863252
binComputeKeys,6,0,0.000952889
binComputeKeys,6,1,0.000957389
binComputeKeys,6,2,0.000955829
binComputeKeys,6,3,0.000956909
binComputeKeys,6,4,0.000956529
binComputeKeys,6,5,0.000956319
binComputeKeys,6,6,0.000957729
binComputeKeys,6,7,0.000957399
binComputeKeys,6,8,0.000956019
binComputeKeys,6,9,0.000957079
binComputeKeys,6,10,0.000957029
binComputeKeys,6,11,0.000955579
binComputeKeys,6,12,0.000955369
binComputeKeys,6,13,0.000957438
binComputeKeys,6,14,0.000957829
binComputeKeys,6,15,0.000954919
binComputeKeys,6,16,0.000956489
binComputeKeys,6,17,0.000956519
binComputeKeys,6,18,0.000958979
binComputeKeys,6,19,0.000956719
binComputeKeys,6,20,0.000959489
binComputeKeys,6,21,0.000958089
binComputeKeys,6,22,0.000961169
binComputeKeys,6,23,0.000959119
binComputeKeys,6,24,0.000955139
binComputeKeys,6,25,0.000959409
binComputeKeys,6,26,0.000955849
binComputeKeys,6,27,0.000955509
binComputeKeys,6,28,0.000954389
binComputeKeys,6,29,0.000955579
binComputeKeys,6,30,0.000955819
binComputeKeys,6,31,0.000956039
binComputeKeys,6,32,0.000957339
binComputeKeys,6,33,0.000967439
binComputeKeys,6,34,0.000957729
binComputeKeys,6,35,0.000971899
binComputeKeys,6,36,0.000956269
binComputeKeys,6,37,0.000958749
binComputeKeys,6,38,0.000958409
binComputeKeys,6,39,0.000959668
binSortByKey,6,0,0.00757975
binSortByKey,6,1,0.007631091
binSortByKey,6,2,0.007608431
binSortByKey,6,3,0.007615982
binSortByKey,6,4,0.007573041
binSortByKey,6,5,0.007609401
binSortByKey,6,6,0.007609191
binSortByKey,6,7,0.007596501
binSortByKey,6,8,0.00757414
binSortByKey,6,9,0.007592631
binSortByKey,6,10,0.007601061
binSortByKey,6,11,0.007620541
binSortByKey,6,12,0.007569231
binSortByKey,6,13,0.007599141
binSortByKey,6,14,0.007597771
binSortByKey,6,15,0.007595731
binSortByKey,6,16,0.00756772
binSortByKey,6,17,0.007596421
binSortByKey,6,18,0.007595271
binSortByKey,6,19,0.007594671
binSortByKey,6,20,0.007568441
binSortByKey,6,21,0.007604681
binSortByKey,6,22,0.007591501
binSortByKey,6,23,0.007603951
binSortByKey,6,24,0.007581561
binSortByKey,6,25,0.007619911
binSortByKey,6,26,0.007596631
binSortByKey,6,27,0.007603491
binSortByKey,6,28,0.00757876
binSortByKey,6,29,0.007610991
binSortByKey,6,30,0.007605651
binSortByKey,6,31,0.007604941
binSortByKey,6,32,0.007589691
binSortByKey,6,33,0.007679192
binSortByKey,6,34,0.007625461
binSortByKey,6,35,0.007635881
binSortByKey,6,36,0.00757253
binSortByKey,6,37,0.007648301
binSortByKey,6,38,0.007643001
binSortByKey,6,39,0.007653802
binComputeOffsets,6,0,0.000237053
binComputeOffsets,6,1,0.000242163
binComputeOffsets,6,2,0.000240932
binComputeOffsets,6,3,0.000241512
binComputeOffsets,6,4,0.000236582
binComputeOffsets,6,5,0.000241232
binComputeOffsets,6,6,0.000240192
binComputeOffsets,6,7,0.000240532
binComputeOffsets,6,8,0.000236523
binComputeOffsets,6,9,0.000241012
binComputeOffsets,6,10,0.000241153
binComputeOffsets,6,11,0.000241892
binComputeOffsets,6,12,0.000237172
binComputeOffsets,6,13,0.000241532
binComputeOffsets,6,14,0.000240432
binComputeOffsets,6,15,0.000240472
binComputeOffsets,6,16,0.000237403
binComputeOffsets,6,17,0.000242082
binComputeOffsets,6,18,0.000241202
binComputeOffsets,6,19,0.000241342
binComputeOffsets,6,20,0.000236922
binComputeOffsets,6,21,0.000241432
binComputeOffsets,6,22,0.000241272
binComputeOffsets,6,23,0.000239952
binComputeOffsets,6,24,0.000236762
binComputeOffsets,6,25,0.000240693
binComputeOffsets,6,26,0.000241202
binComputeOffsets,6,27,0.000240293
binComputeOffsets,6,28,0.000236462
binComputeOffsets,6,29,0.000240763
binComputeOffsets,6,30,0.000240443
binComputeOffsets,6,31,0.000240263
binComputeOffsets,6,32,0.000237282
binComputeOffsets,6,33,0.000253543
binComputeOffsets,6,34,0.000240772
binComputeOffsets,6,35,0.000239792
binComputeOffsets,6,36,0.000238492
binComputeOffsets,6,37,0.000241723
binComputeOffsets,6,38,0.000240843
binComputeOffsets,6,39,0.000240342
FFTNUFFT1,6,0,0.484738852
FFTNUFFT1,6,1,0.486265545
FFTNUFFT1,6,2,0.483481279
FFTNUFFT1,6,3,0.486636299
FFTNUFFT1,6,4,0.487115484
FFTNUFFT1,6,5,0.485766001
FFTNUFFT1,6,6,0.486782561
FFTNUFFT1,6,7,0.487151044
FFTNUFFT1,6,8,0.483835093
FFTNUFFT1,6,9,0.483628841
deconvolutionNUFFT1,6,0,0.000465424
deconvolutionNUFFT1,6,1,0.000469734
deconvolutionNUFFT1,6,2,0.000470875
deconvolutionNUFFT1,6,3,0.000472834
deconvolutionNUFFT1,6,4,0.000462884
deconvolutionNUFFT1,6,5,0.000470135
deconvolutionNUFFT1,6,6,0.000468104
deconvolutionNUFFT1,6,7,0.000468325
deconvolutionNUFFT1,6,8,0.000468254
deconvolutionNUFFT1,6,9,0.000486845
GatherPIFNUFFT,6,0,1.553789236
GatherPIFNUFFT,6,1,1.55963743
GatherPIFNUFFT,6,2,1.563673068
GatherPIFNUFFT,6,3,1.557058516
GatherPIFNUFFT,6,4,1.556204628
GatherPIFNUFFT,6,5,1.556149297
GatherPIFNUFFT,6,6,1.55542833
GatherPIFNUFFT,6,7,1.557025096
GatherPIFNUFFT,6,8,1.55966916
GatherPIFNUFFT,6,9,1.559965403
NativeNUFFT2,6,0,0.511665783
NativeNUFFT2,6,1,0.511938905
NativeNUFFT2,6,2,0.515263097
NativeNUFFT2,6,3,0.51457727
NativeNUFFT2,6,4,0.514725012
NativeNUFFT2,6,5,0.515402468
NativeNUFFT2,6,6,0.514217977
NativeNUFFT2,6,7,0.51662607
NativeNUFFT2,6,8,0.517916802
NativeNUFFT2,6,9,0.513614661
NativeNUFFT2,6,10,0.512847084
NativeNUFFT2,6,11,0.515630881
NativeNUFFT2,6,12,0.514798793
NativeNUFFT2,6,13,0.512366179
NativeNUFFT2,6,14,0.514113575
NativeNUFFT2,6,15,0.512581802
NativeNUFFT2,6,16,0.513769063
NativeNUFFT2,6,17,0.514366178
NativeNUFFT2,6,18,0.513600161
NativeNUFFT2,6,19,0.513916224
NativeNUFFT2,6,20,0.512993976
NativeNUFFT2,6,21,0.514747512
NativeNUFFT2,6,22,0.512922735
NativeNUFFT2,6,23,0.514442059
NativeNUFFT2,6,24,0.51557437
NativeNUFFT2,6,25,0.514867633
NativeNUFFT2,6,26,0.514295988
NativeNUFFT2,6,27,0.514916634
NativeNUFFT2,6,28,0.512790034
NativeNUFFT2,6,29,0.517339946
PrecorrectionNUFFT2,6,0,0.000895178
PrecorrectionNUFFT2,6,1,0.000867058
PrecorrectionNUFFT2,6,2,0.000872468
PrecorrectionNUFFT2,6,3,0.000889318
PrecorrectionNUFFT2,6,4,0.000866258
PrecorrectionNUFFT2,6,5,0.000860638
PrecorrectionNUFFT2,6,6,0.000887428
PrecorrectionNUFFT2,6,7,0.000869318
PrecorrectionNUFFT2,6,8,0.000877918
PrecorrectionNUFFT2,6,9,0.000889788
PrecorrectionNUFFT2,6,10,0.000869818
PrecorrectionNUFFT2,6,11,0.000865668
PrecorrectionNUFFT2,6,12,0.000885599
PrecorrectionNUFFT2,6,13,0.000873098
PrecorrectionNUFFT2,6,14,0.000861898
PrecorrectionNUFFT2,6,15,0.000887669
PrecorrectionNUFFT2,6,16,0.000864678
PrecorrectionNUFFT2,6,17,0.000868028
PrecorrectionNUFFT2,6,18,0.000892988
PrecorrectionNUFFT2,6,19,0.000868408
PrecorrectionNUFFT2,6,20,0.000866418
PrecorrectionNUFFT2,6,21,0.000892539
PrecorrectionNUFFT2,6,22,0.000866958
PrecorrectionNUFFT2,6,23,0.000866928
PrecorrectionNUFFT2,6,24,0.000886118
PrecorrectionNUFFT2,6,25,0.000875488
PrecorrectionNUFFT2,6,26,0.000867448
PrecorrectionNUFFT2,6,27,0.000885369
PrecorrectionNUFFT2,6,28,0.000862698
PrecorrectionNUFFT2,6,29,0.000863068
FFTNUFFT2,6,0,0.485729631
FFTNUFFT2,6,1,0.48671536
FFTNUFFT2,6,2,0.489336884
FFTNUFFT2,6,3,0.486352037
FFTNUFFT2,6,4,0.489565147
FFTNUFFT2,6,5,0.491272042
FFTNUFFT2,6,6,0.488083012
FFTNUFFT2,6,7,0.490622006
FFTNUFFT2,6,8,0.493692315
FFTNUFFT2,6,9,0.489318724
FFTNUFFT2,6,10,0.486506078
FFTNUFFT2,6,11,0.49103314
FFTNUFFT2,6,12,0.490580036
FFTNUFFT2,6,13,0.488267784
FFTNUFFT2,6,14,0.488669238
FFTNUFFT2,6,15,0.488339545
FFTNUFFT2,6,16,0.488269795
FFTNUFFT2,6,17,0.488494467
FFTNUFFT2,6,18,0.488714359
FFTNUFFT2,6,19,0.489661788
FFTNUFFT2,6,20,0.488596238
FFTNUFFT2,6,21,0.490288663
FFTNUFFT2,6,22,0.486581969
FFTNUFFT2,6,23,0.488508217
FFTNUFFT2,6,24,0.490922969
FFTNUFFT2,6,25,0.490731807
FFTNUFFT2,6,26,0.489541666
FFTNUFFT2,6,27,0.489701828
FFTNUFFT2,6,28,0.4866806
FFTNUFFT2,6,29,0.493087179
GatherNUFFT2,6,0,0.025021114
GatherNUFFT2,6,1,0.024337037
GatherNUFFT2,6,2,0.025033644
GatherNUFFT2,6,3,0.027315625
GatherNUFFT2,6,4,0.024273857
GatherNUFFT2,6,5,0.023249837
GatherNUFFT2,6,6,0.025228056
GatherNUFFT2,6,7,0.025113915
GatherNUFFT2,6,8,0.023326938
GatherNUFFT2,6,9,0.023385269
GatherNUFFT2,6,10,0.025451408
GatherNUFFT2,6,11,0.023711511
GatherNUFFT2,6,12,0.023313728
GatherNUFFT2,6,13,0.023205727
GatherNUFFT2,6,14,0.024562599
GatherNUFFT2,6,15,0.023334958
GatherNUFFT2,6,16,0.02461391
GatherNUFFT2,6,17,0.024983783
GatherNUFFT2,6,18,0.023973164
GatherNUFFT2,6,19,0.023365358
GatherNUFFT2,6,20,0.02351174
GatherNUFFT2,6,21,0.02354677
GatherNUFFT2,6,22,0.025453478
GatherNUFFT2,6,23,0.025046554
GatherNUFFT2,6,24,0.023742752
GatherNUFFT2,6,25,0.023237778
GatherNUFFT2,6,26,0.023866844
GatherNUFFT2,6,27,0.024309197
GatherNUFFT2,6,28,0.025225576
GatherNUFFT2,6,29,0.023369719
mainTimer,7,0,21.264704766
dumpData,7,0,0.012724809
dumpData,7,1,0.012600188
dumpData,7,2,0.011943361
dumpData,7,3,0.012790759
dumpData,7,4,0.013018462
dumpData,7,5,0.012616498
dumpData,7,6,0.012674449
dumpData,7,7,0.012590107
dumpData,7,8,0.012079723
dumpData,7,9,0.011942691
kick,7,0,0.001618025
kick,7,1,0.001658625
kick,7,2,0.001608155
kick,7,3,0.001659796
kick,7,4,0.001612005
kick,7,5,0.001659496
kick,7,6,0.001621146
kick,7,7,0.001657846
kick,7,8,0.001603915
kick,7,9,0.001659796
kick,7,10,0.001599335
kick,7,11,0.001660366
kick,7,12,0.001608375
kick,7,13,0.001664015
kick,7,14,0.001609825
kick,7,15,0.001669276
kick,7,16,0.001609605
kick,7,17,0.001661836
kick,7,18,0.001616855
kick,7,19,0.001661226
drift,7,0,0.001614195
drift,7,1,0.001613515
drift,7,2,0.001615965
drift,7,3,0.001615775
drift,7,4,0.001613905
drift,7,5,0.001613945
drift,7,6,0.001616875
drift,7,7,0.001617395
drift,7,8,0.001621265
drift,7,9,0.001615935
particleBC,7,0,0.00327759
particleBC,7,1,0.00327851
particleBC,7,2,0.003278021
particleBC,7,3,0.00327759
particleBC,7,4,0.003278721
particleBC,7,5,0.003280831
particleBC,7,6,0.003278671
particleBC,7,7,0.003276481
particleBC,7,8,0.00328391
particleBC,7,9,0.003278911
updateParticle,7,0,0.014716558
updateParticle,7,1,0.012705529
updateParticle,7,2,0.012505827
updateParticle,7,3,0.012450857
updateParticle,7,4,0.01392736
updateParticle,7,5,0.012160543
updateParticle,7,6,0.012586308
updateParticle,7,7,0.012128823
updateParticle,7,8,0.012437406
updateParticle,7,9,0.01172816
locateParticles,7,0,0.001371373
locateParticles,7,1,0.001361643
locateParticles,7,2,0.001387883
locateParticles,7,3,0.001374423
locateParticles,7,4,0.001372313
locateParticles,7,5,0.001379123
locateParticles,7,6,0.001367403
locateParticles,7,7,0.001378673
locateParticles,7,8,0.001389123
locateParticles,7,9,0.001359303
sendPreprocess,7,0,0.001795337
sendPreprocess,7,1,0.001866378
sendPreprocess,7,2,0.001835667
sendPreprocess,7,3,0.001836437
sendPreprocess,7,4,0.001868147
sendPreprocess,7,5,0.001847017
sendPreprocess,7,6,0.001842197
sendPreprocess,7,7,0.001874697
sendPreprocess,7,8,0.001871167
sendPreprocess,7,9,0.001964078
particleSend,7,0,0.001193021
particleSend,7,1,0.001193961
particleSend,7,2,0.001248702
particleSend,7,3,0.001289572
particleSend,7,4,0.001242572
particleSend,7,5,0.001264602
particleSend,7,6,0.001186331
particleSend,7,7,0.001212912
particleSend,7,8,0.001254342
particleSend,7,9,0.001247342
particleRecv,7,0,3.505e-05
particleRecv,7,1,3.59e-05
particleRecv,7,2,3.509e-05
particleRecv,7,3,3.599e-05
particleRecv,7,4,2.87e-05
particleRecv,7,5,3.379e-05
particleRecv,7,6,3.5921e-05
particleRecv,7,7,3.591e-05
particleRecv,7,8,4.206e-05
particleRecv,7,9,3.03e-05
particleDestroy,7,0,0.004608653
particleDestroy,7,1,0.004572393
particleDestroy,7,2,0.004578213
particleDestroy,7,3,0.004578803
particleDestroy,7,4,0.004593503
particleDestroy,7,5,0.004593963
particleDestroy,7,6,0.004593432
particleDestroy,7,7,0.004598193
particleDestroy,7,8,0.004605693
particleDestroy,7,9,0.004611663
ScatterPIFNUFFT,7,0,0.528153747
ScatterPIFNUFFT,7,1,0.001113781
ScatterPIFNUFFT,7,2,0.528059306
ScatterPIFNUFFT,7,3,0.00111413
ScatterPIFNUFFT,7,4,0.529843293
ScatterPIFNUFFT,7,5,0.001112741
ScatterPIFNUFFT,7,6,0.52846257
ScatterPIFNUFFT,7,7,0.001116461
ScatterPIFNUFFT,7,8,0.526008497
ScatterPIFNUFFT,7,9,0.00111652
ScatterPIFNUFFT,7,10,0.533353546
ScatterPIFNUFFT,7,11,0.00111511
ScatterPIFNUFFT,7,12,0.528657722
ScatterPIFNUFFT,7,13,0.00111636
ScatterPIFNUFFT,7,14,0.525361611
ScatterPIFNUFFT,7,15,0.00111843
ScatterPIFNUFFT,7,16,0.528209578
ScatterPIFNUFFT,7,17,0.00111853
ScatterPIFNUFFT,7,18,0.524762006
ScatterPIFNUFFT,7,19,0.001113611
NativeNUFFT1,7,0,0.524639894
NativeNUFFT1,7,1,0.523430563
NativeNUFFT1,7,2,0.525177039
NativeNUFFT1,7,3,0.523858887
NativeNUFFT1,7,4,0.522241522
NativeNUFFT1,7,5,0.52953143
NativeNUFFT1,7,6,0.525090709
NativeNUFFT1,7,7,0.521718547
NativeNUFFT1,7,8,0.523832557
NativeNUFFT1,7,9,0.520334704
scatterTimerNUFFT1,7,0,0.040853382
scatterTimerNUFFT1,7,1,0.039790672
scatterTimerNUFFT1,7,2,0.041171375
scatterTimerNUFFT1,7,3,0.040928673
scatterTimerNUFFT1,7,4,0.040059854
scatterTimerNUFFT1,7,5,0.041419417
scatterTimerNUFFT1,7,6,0.040551629
scatterTimerNUFFT1,7,7,0.041266305
scatterTimerNUFFT1,7,8,0.039722741
scatterTimerNUFFT1,7,9,0.039855833
binSort,7,0,0.008315417
binSort,7,1,0.008361638
binSort,7,2,0.008350238
binSort,7,3,0.008344398
binSort,7,4,0.008327348
binSort,7,5,0.008350629
binSort,7,6,0.008357798
binSort,7,7,0.008354828
binSort,7,8,0.008287638
binSort,7,9,0.008336558
binSort,7,10,0.008334118
binSort,7,11,0.008340848
binSort,7,12,0.008281247
binSort,7,13,0.008336548
binSort,7,14,0.008303368
binSort,7,15,0.008315528
binSort,7,16,0.008292388
binSort,7,17,0.008306108
binSort,7,18,0.008320718
binSort,7,19,0.008307828
binSort,7,20,0.008313838
binSort,7,21,0.008354528
binSort,7,22,0.008341448
binSort,7,23,0.008339428
binSort,7,24,0.008320658
binSort,7,25,0.008391848
binSort,7,26,0.008364148
binSort,7,27,0.008365758
binSort,7,28,0.008315268
binSort,7,29,0.008366828
binSort,7,30,0.008364018
binSort,7,31,0.008447559
binSort,7,32,0.008304617
binSort,7,33,0.008330698
binSort,7,34,0.008323437
binSort,7,35,0.008341758
binSort,7,36,0.008289567
binSort,7,37,0.008334058
binSort,7,38,0.008317068
binSort,7,39,0.008326958
binComputeKeys,7,0,0.000899328
binComputeKeys,7,1,0.000898939
binComputeKeys,7,2,0.000900789
binComputeKeys,7,3,0.000903038
binComputeKeys,7,4,0.000896169
binComputeKeys,7,5,0.000899029
binComputeKeys,7,6,0.000900028
binComputeKeys,7,7,0.000902929
binComputeKeys,7,8,0.000897599
binComputeKeys,7,9,0.000900628
binComputeKeys,7,10,0.000899638
binComputeKeys,7,11,0.000898458
binComputeKeys,7,12,0.000896458
binComputeKeys,7,13,0.000900189
binComputeKeys,7,14,0.000900258
binComputeKeys,7,15,0.000898569
binComputeKeys,7,16,0.000897709
binComputeKeys,7,17,0.000901399
binComputeKeys,7,18,0.000901829
binComputeKeys,7,19,0.000899518
binComputeKeys,7,20,0.000898028
binComputeKeys,7,21,0.000899589
binComputeKeys,7,22,0.000899069
binComputeKeys,7,23,0.000900809
binComputeKeys,7,24,0.000899938
binComputeKeys,7,25,0.000900368
binComputeKeys,7,26,0.000899878
binComputeKeys,7,27,0.000900059
binComputeKeys,7,28,0.000898759
binComputeKeys,7,29,0.000900378
binComputeKeys,7,30,0.000898068
binComputeKeys,7,31,0.000909398
binComputeKeys,7,32,0.000899448
binComputeKeys,7,33,0.000901008
binComputeKeys,7,34,0.000900688
binComputeKeys,7,35,0.000902349
binComputeKeys,7,36,0.000897818
binComputeKeys,7,37,0.000904179
binComputeKeys,7,38,0.000900718
binComputeKeys,7,39,0.000903198
binSortByKey,7,0,0.007181477
binSortByKey,7,1,0.007222357
binSortByKey,7,2,0.007209937
binSortByKey,7,3,0.007202657
binSortByKey,7,4,0.007196447
binSortByKey,7,5,0.007212877
binSortByKey,7,6,0.007218088
binSortByKey,7,7,0.007212187
binSortByKey,7,8,0.007155327
binSortByKey,7,9,0.007191797
binSortByKey,7,10,0.007194438
binSortByKey,7,11,0.007201908
binSortByKey,7,12,0.007144107
binSortByKey,7,13,0.007189777
binSortByKey,7,14,0.007163617
binSortByKey,7,15,0.007171907
binSortByKey,7,16,0.007158357
binSortByKey,7,17,0.007163566
binSortByKey,7,18,0.007173007
binSortByKey,7,19,0.007168427
binSortByKey,7,20,0.007180117
binSortByKey,7,21,0.007214177
binSortByKey,7,22,0.007202677
binSortByKey,7,23,0.007199487
binSortByKey,7,24,0.007184497
binSortByKey,7,25,0.007252378
binSortByKey,7,26,0.007224498
binSortByKey,7,27,0.007224477
binSortByKey,7,28,0.007181417
binSortByKey,7,29,0.007221318
binSortByKey,7,30,0.007221038
binSortByKey,7,31,0.007278738
binSortByKey,7,32,0.007166207
binSortByKey,7,33,0.007189498
binSortByKey,7,34,0.007180607
binSortByKey,7,35,0.007199607
binSortByKey,7,36,0.007156517
binSortByKey,7,37,0.007189137
binSortByKey,7,38,0.007174378
binSortByKey,7,39,0.007177857
binComputeOffsets,7,0,0.000225332
binComputeOffsets,7,1,0.000231162
binComputeOffsets,7,2,0.000230322
binComputeOffsets,7,3,0.000228663
binComputeOffsets,7,4,0.000225372
binComputeOffsets,7,5,0.000229453
binComputeOffsets,7,6,0.000230272
binComputeOffsets,7,7,0.000230132
binComputeOffsets,7,8,0.000225432
binComputeOffsets,7,9,0.000234842
binComputeOffsets,7,10,0.000230622
binComputeOffsets,7,11,0.000230662
binComputeOffsets,7,12,0.000231272
binComputeOffsets,7,13,0.000230292
binComputeOffsets,7,14,0.000230103
binComputeOffsets,7,15,0.000235752
binComputeOffsets,7,16,0.000225652
binComputeOffsets,7,17,0.000231032
binComputeOffsets,7,18,0.000235482
binComputeOffsets,7,19,0.000230473
binComputeOffsets,7,20,0.000225973
binComputeOffsets,7,21,0.000231462
binComputeOffsets,7,22,0.000230392
binComputeOffsets,7,23,0.000229852
binComputeOffsets,7,24,0.000225962
binComputeOffsets,7,25,0.000229732
binComputeOffsets,7,26,0.000230352
binComputeOffsets,7,27,0.000231712
binComputeOffsets,7,28,0.000225672
binComputeOffsets,7,29,0.000235792
binComputeOffsets,7,30,0.000234872
binComputeOffsets,7,31,0.000243442
binComputeOffsets,7,32,0.000225992
binComputeOffsets,7,33,0.000230702
binComputeOffsets,7,34,0.000232342
binComputeOffsets,7,35,0.000230332
binComputeOffsets,7,36,0.000225562
binComputeOffsets,7,37,0.000231152
binComputeOffsets,7,38,0.000231802
binComputeOffsets,7,39,0.000230413
FFTNUFFT1,7,0,0.483304458
FFTNUFFT1,7,1,0.483166546
FFTNUFFT1,7,2,0.48351506
FFTNUFFT1,7,3,0.48245383
FFTNUFFT1,7,4,0.481705653
FFTNUFFT1,7,5,0.487639659
FFTNUFFT1,7,6,0.484055125
FFTNUFFT1,7,7,0.479968677
FFTNUFFT1,7,8,0.483603541
FFTNUFFT1,7,9,0.479998227
deconvolutionNUFFT1,7,0,0.000470814
deconvolutionNUFFT1,7,1,0.000461945
deconvolutionNUFFT1,7,2,0.000479314
deconvolutionNUFFT1,7,3,0.000464484
deconvolutionNUFFT1,7,4,0.000463704
deconvolutionNUFFT1,7,5,0.000461044
deconvolutionNUFFT1,7,6,0.000471895
deconvolutionNUFFT1,7,7,0.000471235
deconvolutionNUFFT1,7,8,0.000491865
deconvolutionNUFFT1,7,9,0.000469614
GatherPIFNUFFT,7,0,1.554738944
GatherPIFNUFFT,7,1,1.561292225
GatherPIFNUFFT,7,2,1.562718408
GatherPIFNUFFT,7,3,1.561606808
GatherPIFNUFFT,7,4,1.55975663
GatherPIFNUFFT,7,5,1.554422711
GatherPIFNUFFT,7,6,1.557696422
GatherPIFNUFFT,7,7,1.562982291
GatherPIFNUFFT,7,8,1.559114775
GatherPIFNUFFT,7,9,1.562158773
NativeNUFFT2,7,0,0.510711724
NativeNUFFT2,7,1,0.514163106
NativeNUFFT2,7,2,0.515484549
NativeNUFFT2,7,3,0.516153275
NativeNUFFT2,7,4,0.51457594
NativeNUFFT2,7,5,0.516324897
NativeNUFFT2,7,6,0.514947134
NativeNUFFT2,7,7,0.515500769
NativeNUFFT2,7,8,0.518020642
NativeNUFFT2,7,9,0.517598228
NativeNUFFT2,7,10,0.51342394
NativeNUFFT2,7,11,0.516329777
NativeNUFFT2,7,12,0.519169003
NativeNUFFT2,7,13,0.512657053
NativeNUFFT2,7,14,0.513672072
NativeNUFFT2,7,15,0.510305871
NativeNUFFT2,7,16,0.515398348
NativeNUFFT2,7,17,0.514456469
NativeNUFFT2,7,18,0.517461907
NativeNUFFT2,7,19,0.512705343
NativeNUFFT2,7,20,0.513272598
NativeNUFFT2,7,21,0.520461425
NativeNUFFT2,7,22,0.514265348
NativeNUFFT2,7,23,0.513970154
NativeNUFFT2,7,24,0.514439029
NativeNUFFT2,7,25,0.515412278
NativeNUFFT2,7,26,0.514642121
NativeNUFFT2,7,27,0.516715651
NativeNUFFT2,7,28,0.515186956
NativeNUFFT2,7,29,0.515993283
PrecorrectionNUFFT2,7,0,0.000893378
PrecorrectionNUFFT2,7,1,0.000870668
PrecorrectionNUFFT2,7,2,0.000863638
PrecorrectionNUFFT2,7,3,0.000886268
PrecorrectionNUFFT2,7,4,0.000860798
PrecorrectionNUFFT2,7,5,0.000868438
PrecorrectionNUFFT2,7,6,0.000897799
PrecorrectionNUFFT2,7,7,0.000862498
PrecorrectionNUFFT2,7,8,0.000860398
PrecorrectionNUFFT2,7,9,0.000888688
PrecorrectionNUFFT2,7,10,0.000868708
PrecorrectionNUFFT2,7,11,0.000866548
PrecorrectionNUFFT2,7,12,0.000897828
PrecorrectionNUFFT2,7,13,0.000862398
PrecorrectionNUFFT2,7,14,0.000862748
PrecorrectionNUFFT2,7,15,0.000887399
PrecorrectionNUFFT2,7,16,0.000863648
PrecorrectionNUFFT2,7,17,0.000861728
PrecorrectionNUFFT2,7,18,0.000896818
PrecorrectionNUFFT2,7,19,0.000865068
PrecorrectionNUFFT2,7,20,0.000864298
PrecorrectionNUFFT2,7,21,0.000883918
PrecorrectionNUFFT2,7,22,0.000873508
PrecorrectionNUFFT2,7,23,0.000870208
PrecorrectionNUFFT2,7,24,0.000891558
PrecorrectionNUFFT2,7,25,0.000866288
PrecorrectionNUFFT2,7,26,0.000861958
PrecorrectionNUFFT2,7,27,0.000887369
PrecorrectionNUFFT2,7,28,0.000862128
PrecorrectionNUFFT2,7,29,0.000869618
FFTNUFFT2,7,0,0.486290176
FFTNUFFT2,7,1,0.481452411
FFTNUFFT2,7,2,0.485948653
FFTNUFFT2,7,3,0.485522099
FFTNUFFT2,7,4,0.483754302
FFTNUFFT2,7,5,0.481940445
FFTNUFFT2,7,6,0.483737182
FFTNUFFT2,7,7,0.483925454
FFTNUFFT2,7,8,0.485952793
FFTNUFFT2,7,9,0.488124753
FFTNUFFT2,7,10,0.482150118
FFTNUFFT2,7,11,0.483947184
FFTNUFFT2,7,12,0.487403567
FFTNUFFT2,7,13,0.48135716
FFTNUFFT2,7,14,0.482555981
FFTNUFFT2,7,15,0.483348098
FFTNUFFT2,7,16,0.481171618
FFTNUFFT2,7,17,0.487144174
FFTNUFFT2,7,18,0.487934951
FFTNUFFT2,7,19,0.482147977
FFTNUFFT2,7,20,0.483611361
FFTNUFFT2,7,21,0.491046061
FFTNUFFT2,7,22,0.484888513
FFTNUFFT2,7,23,0.483189367
FFTNUFFT2,7,24,0.486361657
FFTNUFFT2,7,25,0.482162057
FFTNUFFT2,7,26,0.48245041
FFTNUFFT2,7,27,0.487075653
FFTNUFFT2,7,28,0.486939292
FFTNUFFT2,7,29,0.483046566
GatherNUFFT2,7,0,0.02350694
GatherNUFFT2,7,1,0.031819777
GatherNUFFT2,7,2,0.028652358
GatherNUFFT2,7,3,0.029724718
GatherNUFFT2,7,4,0.029939599
GatherNUFFT2,7,5,0.033495643
GatherNUFFT2,7,6,0.030291953
GatherNUFFT2,7,7,0.030692317
GatherNUFFT2,7,8,0.031186671
GatherNUFFT2,7,9,0.028565007
GatherNUFFT2,7,10,0.030384914
GatherNUFFT2,7,11,0.031494364
GatherNUFFT2,7,12,0.030846928
GatherNUFFT2,7,13,0.030416985
GatherNUFFT2,7,14,0.030233453
GatherNUFFT2,7,15,0.026050904
GatherNUFFT2,7,16,0.033340632
GatherNUFFT2,7,17,0.026430697
GatherNUFFT2,7,18,0.028610818
GatherNUFFT2,7,19,0.029670128
GatherNUFFT2,7,20,0.028776729
GatherNUFFT2,7,21,0.028511826
GatherNUFFT2,7,22,0.028483897
GatherNUFFT2,7,23,0.029890599
GatherNUFFT2,7,24,0.027166034
GatherNUFFT2,7,25,0.032364543
GatherNUFFT2,7,26,0.031310273
GatherNUFFT2,7,27,0.028733119
GatherNUFFT2,7,28,0.027365126
GatherNUFFT2,7,29,0.032057069
mainTimer,8,0,21.264700149
dumpData,8,0,0.011011256
dumpData,8,1,0.012017391
dumpData,8,2,0.011746329
dumpData,8,3,0.011024446
dumpData,8,4,0.010401733
dumpData,8,5,0.01176378
dumpData,8,6,0.010442102
dumpData,8,7,0.010910265
dumpData,8,8,0.01193382
dumpData,8,9,0.011723629
kick,8,0,0.00182764
kick,8,1,0.001881979
kick,8,2,0.001850339
kick,8,3,0.001880959
kick,8,4,0.001824369
kick,8,5,0.0018815
kick,8,6,0.00183198
kick,8,7,0.00188862
kick,8,8,0.001850229
kick,8,9,0.001878819
kick,8,10,0.001866179
kick,8,11,0.00188126
kick,8,12,0.001829769
kick,8,13,0.00188198
kick,8,14,0.00186304
kick,8,15,0.00189154
kick,8,16,0.00185281
kick,8,17,0.00188032
kick,8,18,0.001826719
kick,8,19,0.00188186
drift,8,0,0.001829799
drift,8,1,0.00182826
drift,8,2,0.00183226
drift,8,3,0.001832259
drift,8,4,0.001834849
drift,8,5,0.00183013
drift,8,6,0.001829469
drift,8,7,0.001831339
drift,8,8,0.001832739
drift,8,9,0.00183324
particleBC,8,0,0.003724979
particleBC,8,1,0.003722989
particleBC,8,2,0.003720088
particleBC,8,3,0.003724399
particleBC,8,4,0.003727269
particleBC,8,5,0.003723689
particleBC,8,6,0.003720499
particleBC,8,7,0.003721689
particleBC,8,8,0.003719169
particleBC,8,9,0.003719159
updateParticle,8,0,0.012847595
updateParticle,8,1,0.012060471
updateParticle,8,2,0.013159897
updateParticle,8,3,0.013362457
updateParticle,8,4,0.011698929
updateParticle,8,5,0.012640453
updateParticle,8,6,0.011001716
updateParticle,8,7,0.01180666
updateParticle,8,8,0.012126881
updateParticle,8,9,0.011177426
locateParticles,8,0,0.001484727
locateParticles,8,1,0.001492927
locateParticles,8,2,0.001489438
locateParticles,8,3,0.001481487
locateParticles,8,4,0.001513338
locateParticles,8,5,0.001472257
locateParticles,8,6,0.001495687
locateParticles,8,7,0.001476328
locateParticles,8,8,0.001483137
locateParticles,8,9,0.001487737
sendPreprocess,8,0,0.000810954
sendPreprocess,8,1,0.000834204
sendPreprocess,8,2,0.000865684
sendPreprocess,8,3,0.000855385
sendPreprocess,8,4,0.000808754
sendPreprocess,8,5,0.000830284
sendPreprocess,8,6,0.000849585
sendPreprocess,8,7,0.000868164
sendPreprocess,8,8,0.000888515
sendPreprocess,8,9,0.000970245
particleSend,8,0,0.001331786
particleSend,8,1,0.001277757
particleSend,8,2,0.001325807
particleSend,8,3,0.001238756
particleSend,8,4,0.001299947
particleSend,8,5,0.001276857
particleSend,8,6,0.001286126
particleSend,8,7,0.001263796
particleSend,8,8,0.001249416
particleSend,8,9,0.001306247
particleRecv,8,0,3.041e-05
particleRecv,8,1,3.821e-05
particleRecv,8,2,3.459e-05
particleRecv,8,3,3.862e-05
particleRecv,8,4,3.16e-05
particleRecv,8,5,3.907e-05
particleRecv,8,6,3.6991e-05
particleRecv,8,7,3.4621e-05
particleRecv,8,8,4.8471e-05
particleRecv,8,9,3.188e-05
particleDestroy,8,0,0.004758504
particleDestroy,8,1,0.004727474
particleDestroy,8,2,0.004742194
particleDestroy,8,3,0.004759984
particleDestroy,8,4,0.004760644
particleDestroy,8,5,0.004746534
particleDestroy,8,6,0.004739033
particleDestroy,8,7,0.004759034
particleDestroy,8,8,0.004753784
particleDestroy,8,9,0.004758164
ScatterPIFNUFFT,8,0,0.530777186
ScatterPIFNUFFT,8,1,0.001116196
ScatterPIFNUFFT,8,2,0.525292538
ScatterPIFNUFFT,8,3,0.001112956
ScatterPIFNUFFT,8,4,0.527704221
ScatterPIFNUFFT,8,5,0.001118775
ScatterPIFNUFFT,8,6,0.530083783
ScatterPIFNUFFT,8,7,0.001122806
ScatterPIFNUFFT,8,8,0.531173479
ScatterPIFNUFFT,8,9,0.001125936
ScatterPIFNUFFT,8,10,0.529342709
ScatterPIFNUFFT,8,11,0.001118275
ScatterPIFNUFFT,8,12,0.530478094
ScatterPIFNUFFT,8,13,0.001113256
ScatterPIFNUFFT,8,14,0.529236258
ScatterPIFNUFFT,8,15,0.001112636
ScatterPIFNUFFT,8,16,0.5296156
ScatterPIFNUFFT,8,17,0.001113245
ScatterPIFNUFFT,8,18,0.524646265
ScatterPIFNUFFT,8,19,0.001115735
NativeNUFFT1,8,0,0.526256684
NativeNUFFT1,8,1,0.520633725
NativeNUFFT1,8,2,0.523543089
NativeNUFFT1,8,3,0.525616771
NativeNUFFT1,8,4,0.527058307
NativeNUFFT1,8,5,0.524389484
NativeNUFFT1,8,6,0.525437129
NativeNUFFT1,8,7,0.524219263
NativeNUFFT1,8,8,0.525145318
NativeNUFFT1,8,9,0.519826171
scatterTimerNUFFT1,8,0,0.039876012
scatterTimerNUFFT1,8,1,0.039278919
scatterTimerNUFFT1,8,2,0.039911082
scatterTimerNUFFT1,8,3,0.039064757
scatterTimerNUFFT1,8,4,0.040180683
scatterTimerNUFFT1,8,5,0.038343104
scatterTimerNUFFT1,8,6,0.040052492
scatterTimerNUFFT1,8,7,0.038606685
scatterTimerNUFFT1,8,8,0.038623005
scatterTimerNUFFT1,8,9,0.038522405
binSort,8,0,0.009343388
binSort,8,1,0.009387167
binSort,8,2,0.009379777
binSort,8,3,0.009389368
binSort,8,4,0.009341537
binSort,8,5,0.009404578
binSort,8,6,0.009390687
binSort,8,7,0.009398788
binSort,8,8,0.009353427
binSort,8,9,0.009389378
binSort,8,10,0.009385898
binSort,8,11,0.009377488
binSort,8,12,0.009345607
binSort,8,13,0.009402947
binSort,8,14,0.009463808
binSort,8,15,0.009382818
binSort,8,16,0.009333607
binSort,8,17,0.009401068
binSort,8,18,0.009400928
binSort,8,19,0.009401207
binSort,8,20,0.009346628
binSort,8,21,0.009390127
binSort,8,22,0.009379917
binSort,8,23,0.009381397
binSort,8,24,0.009340037
binSort,8,25,0.009389507
binSort,8,26,0.009395867
binSort,8,27,0.009395048
binSort,8,28,0.009354167
binSort,8,29,0.009392348
binSort,8,30,0.009387747
binSort,8,31,0.009384827
binSort,8,32,0.009350537
binSort,8,33,0.009392688
binSort,8,34,0.009374397
binSort,8,35,0.009393717
binSort,8,36,0.009349548
binSort,8,37,0.009393117
binSort,8,38,0.009381157
binSort,8,39,0.009380238
binComputeKeys,8,0,0.001018375
binComputeKeys,8,1,0.001020085
binComputeKeys,8,2,0.001016665
binComputeKeys,8,3,0.001019995
binComputeKeys,8,4,0.001017475
binComputeKeys,8,5,0.001021065
binComputeKeys,8,6,0.001020135
binComputeKeys,8,7,0.001018215
binComputeKeys,8,8,0.001015875
binComputeKeys,8,9,0.001020025
binComputeKeys,8,10,0.001017445
binComputeKeys,8,11,0.001020005
binComputeKeys,8,12,0.001017425
binComputeKeys,8,13,0.001020335
binComputeKeys,8,14,0.001028375
binComputeKeys,8,15,0.001017605
binComputeKeys,8,16,0.001015115
binComputeKeys,8,17,0.001018595
binComputeKeys,8,18,0.001018946
binComputeKeys,8,19,0.001016895
binComputeKeys,8,20,0.001015295
binComputeKeys,8,21,0.001018795
binComputeKeys,8,22,0.001017845
binComputeKeys,8,23,0.001020245
binComputeKeys,8,24,0.001015725
binComputeKeys,8,25,0.001020185
binComputeKeys,8,26,0.001018485
binComputeKeys,8,27,0.001021445
binComputeKeys,8,28,0.001015835
binComputeKeys,8,29,0.001018405
binComputeKeys,8,30,0.001018155
binComputeKeys,8,31,0.001016075
binComputeKeys,8,32,0.001015535
binComputeKeys,8,33,0.001021695
binComputeKeys,8,34,0.001019735
binComputeKeys,8,35,0.001018385
binComputeKeys,8,36,0.001016685
binComputeKeys,8,37,0.001018405
binComputeKeys,8,38,0.001018185
binComputeKeys,8,39,0.001019626
binSortByKey,8,0,0.008065821
binSortByKey,8,1,0.008101671
binSortByKey,8,2,0.008098571
binSortByKey,8,3,0.008104491
binSortByKey,8,4,0.008065041
binSortByKey,8,5,0.008116541
binSortByKey,8,6,0.008105001
binSortByKey,8,7,0.008116851
binSortByKey,8,8,0.008072201
binSortByKey,8,9,0.008106261
binSortByKey,8,10,0.008103812
binSortByKey,8,11,0.008092991
binSortByKey,8,12,0.008066791
binSortByKey,8,13,0.008116151
binSortByKey,8,14,0.008148141
binSortByKey,8,15,0.008100031
binSortByKey,8,16,0.008059111
binSortByKey,8,17,0.008114501
binSortByKey,8,18,0.008115581
binSortByKey,8,19,0.008120221
binSortByKey,8,20,0.008070211
binSortByKey,8,21,0.008106211
binSortByKey,8,22,0.008098601
binSortByKey,8,23,0.008097611
binSortByKey,8,24,0.008064951
binSortByKey,8,25,0.008101141
binSortByKey,8,26,0.008104701
binSortByKey,8,27,0.008109631
binSortByKey,8,28,0.008076241
binSortByKey,8,29,0.008108041
binSortByKey,8,30,0.008105331
binSortByKey,8,31,0.008104561
binSortByKey,8,32,0.00806777
binSortByKey,8,33,0.008103171
binSortByKey,8,34,0.008090481
binSortByKey,8,35,0.008110081
binSortByKey,8,36,0.008070571
binSortByKey,8,37,0.008107821
binSortByKey,8,38,0.008098411
binSortByKey,8,39,0.00809574
binComputeOffsets,8,0,0.000249852
binComputeOffsets,8,1,0.000255381
binComputeOffsets,8,2,0.000254871
binComputeOffsets,8,3,0.000255002
binComputeOffsets,8,4,0.000249741
binComputeOffsets,8,5,0.000256722
binComputeOffsets,8,6,0.000255181
binComputeOffsets,8,7,0.000254371
binComputeOffsets,8,8,0.000256061
binComputeOffsets,8,9,0.000253992
binComputeOffsets,8,10,0.000255341
binComputeOffsets,8,11,0.000254991
binComputeOffsets,8,12,0.000250711
binComputeOffsets,8,13,0.000256731
binComputeOffsets,8,14,0.000274062
binComputeOffsets,8,15,0.000255242
binComputeOffsets,8,16,0.000249311
binComputeOffsets,8,17,0.000257402
binComputeOffsets,8,18,0.000256831
binComputeOffsets,8,19,0.000254871
binComputeOffsets,8,20,0.000250882
binComputeOffsets,8,21,0.000255171
binComputeOffsets,8,22,0.000254061
binComputeOffsets,8,23,0.000254311
binComputeOffsets,8,24,0.000249631
binComputeOffsets,8,25,0.000258171
binComputeOffsets,8,26,0.000261311
binComputeOffsets,8,27,0.000254652
binComputeOffsets,8,28,0.000250921
binComputeOffsets,8,29,0.000256461
binComputeOffsets,8,30,0.000254941
binComputeOffsets,8,31,0.000254821
binComputeOffsets,8,32,0.000250732
binComputeOffsets,8,33,0.000255642
binComputeOffsets,8,34,0.000254831
binComputeOffsets,8,35,0.000255731
binComputeOffsets,8,36,0.000250751
binComputeOffsets,8,37,0.000256821
binComputeOffsets,8,38,0.000255141
binComputeOffsets,8,39,0.000255432
FFTNUFFT1,8,0,0.485906069
FFTNUFFT1,8,1,0.480870863
FFTNUFFT1,8,2,0.483151985
FFTNUFFT1,8,3,0.48606613
FFTNUFFT1,8,4,0.486376202
FFTNUFFT1,8,5,0.485566418
FFTNUFFT1,8,6,0.484912565
FFTNUFFT1,8,7,0.485138725
FFTNUFFT1,8,8,0.486046
FFTNUFFT1,8,9,0.480832194
deconvolutionNUFFT1,8,0,0.000462523
deconvolutionNUFFT1,8,1,0.000471673
deconvolutionNUFFT1,8,2,0.000468342
deconvolutionNUFFT1,8,3,0.000474003
deconvolutionNUFFT1,8,4,0.000488462
deconvolutionNUFFT1,8,5,0.000467932
deconvolutionNUFFT1,8,6,0.000460952
deconvolutionNUFFT1,8,7,0.000462763
deconvolutionNUFFT1,8,8,0.000459742
deconvolutionNUFFT1,8,9,0.000459052
GatherPIFNUFFT,8,0,1.553807734
GatherPIFNUFFT,8,1,1.564061006
GatherPIFNUFFT,8,2,1.562594538
GatherPIFNUFFT,8,3,1.55888063
GatherPIFNUFFT,8,4,1.557692683
GatherPIFNUFFT,8,5,1.557537182
GatherPIFNUFFT,8,6,1.557844444
GatherPIFNUFFT,8,7,1.559595232
GatherPIFNUFFT,8,8,1.556653088
GatherPIFNUFFT,8,9,1.561600263
NativeNUFFT2,8,0,0.510647444
NativeNUFFT2,8,1,0.512435293
NativeNUFFT2,8,2,0.515049026
NativeNUFFT2,8,3,0.51960302
NativeNUFFT2,8,4,0.514533004
NativeNUFFT2,8,5,0.514250022
NativeNUFFT2,8,6,0.515436189
NativeNUFFT2,8,7,0.513971921
NativeNUFFT2,8,8,0.517501989
NativeNUFFT2,8,9,0.513236118
NativeNUFFT2,8,10,0.514361903
NativeNUFFT2,8,11,0.515586449
NativeNUFFT2,8,12,0.514351633
NativeNUFFT2,8,13,0.513018306
NativeNUFFT2,8,14,0.514648945
NativeNUFFT2,8,15,0.512620254
NativeNUFFT2,8,16,0.515457189
NativeNUFFT2,8,17,0.51379463
NativeNUFFT2,8,18,0.516493504
NativeNUFFT2,8,19,0.51187353
NativeNUFFT2,8,20,0.513805721
NativeNUFFT2,8,21,0.515656839
NativeNUFFT2,8,22,0.512838605
NativeNUFFT2,8,23,0.514939966
NativeNUFFT2,8,24,0.51188223
NativeNUFFT2,8,25,0.514923015
NativeNUFFT2,8,26,0.514137332
NativeNUFFT2,8,27,0.51780368
NativeNUFFT2,8,28,0.515168548
NativeNUFFT2,8,29,0.512856315
PrecorrectionNUFFT2,8,0,0.000894865
PrecorrectionNUFFT2,8,1,0.000866334
PrecorrectionNUFFT2,8,2,0.000860614
PrecorrectionNUFFT2,8,3,0.000897205
PrecorrectionNUFFT2,8,4,0.000876814
PrecorrectionNUFFT2,8,5,0.000861464
PrecorrectionNUFFT2,8,6,0.000889525
PrecorrectionNUFFT2,8,7,0.000863004
PrecorrectionNUFFT2,8,8,0.000869115
PrecorrectionNUFFT2,8,9,0.000892355
PrecorrectionNUFFT2,8,10,0.000861904
PrecorrectionNUFFT2,8,11,0.000879234
PrecorrectionNUFFT2,8,12,0.000889204
PrecorrectionNUFFT2,8,13,0.000867604
PrecorrectionNUFFT2,8,14,0.000864555
PrecorrectionNUFFT2,8,15,0.000888734
PrecorrectionNUFFT2,8,16,0.000865134
PrecorrectionNUFFT2,8,17,0.000861814
PrecorrectionNUFFT2,8,18,0.000891554
PrecorrectionNUFFT2,8,19,0.000861704
PrecorrectionNUFFT2,8,20,0.000864845
PrecorrectionNUFFT2,8,21,0.000892074
PrecorrectionNUFFT2,8,22,0.000872554
PrecorrectionNUFFT2,8,23,0.000866494
PrecorrectionNUFFT2,8,24,0.000891974
PrecorrectionNUFFT2,8,25,0.000869554
PrecorrectionNUFFT2,8,26,0.000863575
PrecorrectionNUFFT2,8,27,0.000893594
PrecorrectionNUFFT2,8,28,0.000862935
PrecorrectionNUFFT2,8,29,0.000867884
FFTNUFFT2,8,0,0.485121495
FFTNUFFT2,8,1,0.485677718
FFTNUFFT2,8,2,0.483652288
FFTNUFFT2,8,3,0.48808794
FFTNUFFT2,8,4,0.48396194
FFTNUFFT2,8,5,0.485890549
FFTNUFFT2,8,6,0.486293101
FFTNUFFT2,8,7,0.486405622
FFTNUFFT2,8,8,0.485121435
FFTNUFFT2,8,9,0.478503411
FFTNUFFT2,8,10,0.485578498
FFTNUFFT2,8,11,0.480863604
FFTNUFFT2,8,12,0.485575358
FFTNUFFT2,8,13,0.486468212
FFTNUFFT2,8,14,0.484892104
FFTNUFFT2,8,15,0.485576998
FFTNUFFT2,8,16,0.483350287
FFTNUFFT2,8,17,0.482873144
FFTNUFFT2,8,18,0.488692223
FFTNUFFT2,8,19,0.480428761
FFTNUFFT2,8,20,0.481631847
FFTNUFFT2,8,21,0.485399167
FFTNUFFT2,8,22,0.483398476
FFTNUFFT2,8,23,0.485525468
FFTNUFFT2,8,24,0.480886514
FFTNUFFT2,8,25,0.481734798
FFTNUFFT2,8,26,0.486603863
FFTNUFFT2,8,27,0.489669359
FFTNUFFT2,8,28,0.489921999
FFTNUFFT2,8,29,0.486476912
GatherNUFFT2,8,0,0.024610374
GatherNUFFT2,8,1,0.025871011
GatherNUFFT2,8,2,0.030515104
GatherNUFFT2,8,3,0.030597955
GatherNUFFT2,8,4,0.02967315
GatherNUFFT2,8,5,0.027478549
GatherNUFFT2,8,6,0.028233813
GatherNUFFT2,8,7,0.026683245
GatherNUFFT2,8,8,0.031491849
GatherNUFFT2,8,9,0.033819322
GatherNUFFT2,8,10,0.027897461
GatherNUFFT2,8,11,0.033817901
GatherNUFFT2,8,12,0.027867211
GatherNUFFT2,8,13,0.02566278
GatherNUFFT2,8,14,0.028872586
GatherNUFFT2,8,15,0.026133882
GatherNUFFT2,8,16,0.031220128
GatherNUFFT2,8,17,0.030038692
GatherNUFFT2,8,18,0.026890626
GatherNUFFT2,8,19,0.030560534
GatherNUFFT2,8,20,0.031288758
GatherNUFFT2,8,21,0.029345608
GatherNUFFT2,8,22,0.028546525
GatherNUFFT2,8,23,0.028526934
GatherNUFFT2,8,24,0.030081822
GatherNUFFT2,8,25,0.032298893
GatherNUFFT2,8,26,0.026650204
GatherNUFFT2,8,27,0.027220647
GatherNUFFT2,8,28,0.024363094
GatherNUFFT2,8,29,0.025491519
mainTimer,9,0,21.264694679
dumpData,9,0,0.00989948
dumpData,9,1,0.00993527
dumpData,9,2,0.00982268
dumpData,9,3,0.01000167
dumpData,9,4,0.008535163
dumpData,9,5,0.01000376
dumpData,9,6,0.008634823
dumpData,9,7,0.009031895
dumpData,9,8,0.00995197
dumpData,9,9,0.009766729
kick,9,0,0.00199086
kick,9,1,0.00200323
kick,9,2,0.00199259
kick,9,3,0.002002611
kick,9,4,0.00198777
kick,9,5,0.00200224
kick,9,6,0.00199135
kick,9,7,0.00200125
kick,9,8,0.00198442
kick,9,9,0.00200287
kick,9,10,0.00198979
kick,9,11,0.00200243
kick,9,12,0.00198633
kick,9,13,0.002006071
kick,9,14,0.001994101
kick,9,15,0.002008471
kick,9,16,0.00199237
kick,9,17,0.00200171
kick,9,18,0.00198928
kick,9,19,0.002000741
drift,9,0,0.00195125
drift,9,1,0.00195257
drift,9,2,0.0019537
drift,9,3,0.00194918
drift,9,4,0.00195017
drift,9,5,0.00198214
drift,9,6,0.001953569
drift,9,7,0.00197831
drift,9,8,0.00197253
drift,9,9,0.00194918
particleBC,9,0,0.00396733
particleBC,9,1,0.00396122
particleBC,9,2,0.00396115
particleBC,9,3,0.00396904
particleBC,9,4,0.00396265
particleBC,9,5,0.00396644
particleBC,9,6,0.003959601
particleBC,9,7,0.00396066
particleBC,9,8,0.003963521
particleBC,9,9,0.00396559
updateParticle,9,0,0.012667545
updateParticle,9,1,0.01182941
updateParticle,9,2,0.013947071
updateParticle,9,3,0.013305438
updateParticle,9,4,0.011105116
updateParticle,9,5,0.012590374
updateParticle,9,6,0.011771329
updateParticle,9,7,0.011760359
updateParticle,9,8,0.011386077
updateParticle,9,9,0.010742185
locateParticles,9,0,0.001559398
locateParticles,9,1,0.001559958
locateParticles,9,2,0.001570598
locateParticles,9,3,0.001553248
locateParticles,9,4,0.001567508
locateParticles,9,5,0.001558428
locateParticles,9,6,0.001569467
locateParticles,9,7,0.001552247
locateParticles,9,8,0.001587668
locateParticles,9,9,0.001545978
sendPreprocess,9,0,0.000208321
sendPreprocess,9,1,0.000266291
sendPreprocess,9,2,0.000269871
sendPreprocess,9,3,0.000269642
sendPreprocess,9,4,0.000274101
sendPreprocess,9,5,0.000237541
sendPreprocess,9,6,0.000251272
sendPreprocess,9,7,0.000282851
sendPreprocess,9,8,0.000262731
sendPreprocess,9,9,0.000387682
particleSend,9,0,0.001285426
particleSend,9,1,0.001244607
particleSend,9,2,0.001347837
particleSend,9,3,0.001257456
particleSend,9,4,0.001339667
particleSend,9,5,0.001251127
particleSend,9,6,0.001267806
particleSend,9,7,0.001259806
particleSend,9,8,0.001329477
particleSend,9,9,0.001268777
particleRecv,9,0,3.589e-05
particleRecv,9,1,3.777e-05
particleRecv,9,2,4.03e-05
particleRecv,9,3,3.745e-05
particleRecv,9,4,2.719e-05
particleRecv,9,5,3.836e-05
particleRecv,9,6,3.8e-05
particleRecv,9,7,3.7551e-05
particleRecv,9,8,5.005e-05
particleRecv,9,9,2.994e-05
particleDestroy,9,0,0.005087876
particleDestroy,9,1,0.005088706
particleDestroy,9,2,0.005098436
particleDestroy,9,3,0.005073196
particleDestroy,9,4,0.005086666
particleDestroy,9,5,0.005084755
particleDestroy,9,6,0.005112456
particleDestroy,9,7,0.005113775
particleDestroy,9,8,0.005117146
particleDestroy,9,9,0.005101355
ScatterPIFNUFFT,9,0,0.52566824
ScatterPIFNUFFT,9,1,0.001108546
ScatterPIFNUFFT,9,2,0.523759531
ScatterPIFNUFFT,9,3,0.001111636
ScatterPIFNUFFT,9,4,0.525151698
ScatterPIFNUFFT,9,5,0.001113936
ScatterPIFNUFFT,9,6,0.525907151
ScatterPIFNUFFT,9,7,0.001107586
ScatterPIFNUFFT,9,8,0.533882272
ScatterPIFNUFFT,9,9,0.001114636
ScatterPIFNUFFT,9,10,0.525514849
ScatterPIFNUFFT,9,11,0.001111715
ScatterPIFNUFFT,9,12,0.536155424
ScatterPIFNUFFT,9,13,0.001111195
ScatterPIFNUFFT,9,14,0.530176733
ScatterPIFNUFFT,9,15,0.001117025
ScatterPIFNUFFT,9,16,0.524819356
ScatterPIFNUFFT,9,17,0.001105646
ScatterPIFNUFFT,9,18,0.5256353
ScatterPIFNUFFT,9,19,0.001114476
NativeNUFFT1,9,0,0.521293538
NativeNUFFT1,9,1,0.519165158
NativeNUFFT1,9,2,0.521164737
NativeNUFFT1,9,3,0.521129767
NativeNUFFT1,9,4,0.52953246
NativeNUFFT1,9,5,0.520719125
NativeNUFFT1,9,6,0.532041583
NativeNUFFT1,9,7,0.525320068
NativeNUFFT1,9,8,0.520052152
NativeNUFFT1,9,9,0.520700975
scatterTimerNUFFT1,9,0,0.040718456
scatterTimerNUFFT1,9,1,0.039919032
scatterTimerNUFFT1,9,2,0.040000352
scatterTimerNUFFT1,9,3,0.039828752
scatterTimerNUFFT1,9,4,0.041016928
scatterTimerNUFFT1,9,5,0.039831582
scatterTimerNUFFT1,9,6,0.041311949
scatterTimerNUFFT1,9,7,0.039725521
scatterTimerNUFFT1,9,8,0.040053503
scatterTimerNUFFT1,9,9,0.039664751
binSort,9,0,0.00995071
binSort,9,1,0.009990781
binSort,9,2,0.00997123
binSort,9,3,0.00997262
binSort,9,4,0.009960601
binSort,9,5,0.009979201
binSort,9,6,0.00997922
binSort,9,7,0.00996766
binSort,9,8,0.00995361
binSort,9,9,0.009982671
binSort,9,10,0.00998815
binSort,9,11,0.00997724
binSort,9,12,0.00995062
binSort,9,13,0.00998205
binSort,9,14,0.009984951
binSort,9,15,0.009987081
binSort,9,16,0.00995272
binSort,9,17,0.009989151
binSort,9,18,0.009984491
binSort,9,19,0.00996956
binSort,9,20,0.009945061
binSort,9,21,0.00998274
binSort,9,22,0.009992951
binSort,9,23,0.00998202
binSort,9,24,0.009954561
binSort,9,25,0.009997751
binSort,9,26,0.009981351
binSort,9,27,0.009984861
binSort,9,28,0.00993831
binSort,9,29,0.010038741
binSort,9,30,0.009982081
binSort,9,31,0.00998551
binSort,9,32,0.00993328
binSort,9,33,0.009981151
binSort,9,34,0.0099665
binSort,9,35,0.009974951
binSort,9,36,0.00993429
binSort,9,37,0.009984721
binSort,9,38,0.00997691
binSort,9,39,0.00997363
binComputeKeys,9,0,0.001084675
binComputeKeys,9,1,0.001083586
binComputeKeys,9,2,0.001084235
binComputeKeys,9,3,0.001086826
binComputeKeys,9,4,0.001081986
binComputeKeys,9,5,0.001087645
binComputeKeys,9,6,0.001088675
binComputeKeys,9,7,0.001085165
binComputeKeys,9,8,0.001080785
binComputeKeys,9,9,0.001084596
binComputeKeys,9,10,0.001085195
binComputeKeys,9,11,0.001085635
binComputeKeys,9,12,0.001083586
binComputeKeys,9,13,0.001085345
binComputeKeys,9,14,0.001084376
binComputeKeys,9,15,0.001087476
binComputeKeys,9,16,0.001081276
binComputeKeys,9,17,0.001084096
binComputeKeys,9,18,0.001084425
binComputeKeys,9,19,0.001085725
binComputeKeys,9,20,0.001081266
binComputeKeys,9,21,0.001086115
binComputeKeys,9,22,0.001086676
binComputeKeys,9,23,0.001087375
binComputeKeys,9,24,0.001082266
binComputeKeys,9,25,0.001085136
binComputeKeys,9,26,0.001084686
binComputeKeys,9,27,0.001086546
binComputeKeys,9,28,0.001083855
binComputeKeys,9,29,0.001097046
binComputeKeys,9,30,0.001086106
binComputeKeys,9,31,0.001083775
binComputeKeys,9,32,0.001079405
binComputeKeys,9,33,0.001084896
binComputeKeys,9,34,0.001081646
binComputeKeys,9,35,0.001083845
binComputeKeys,9,36,0.001081285
binComputeKeys,9,37,0.001084226
binComputeKeys,9,38,0.001084425
binComputeKeys,9,39,0.001082525
binSortByKey,9,0,0.008594694
binSortByKey,9,1,0.008627033
binSortByKey,9,2,0.008610054
binSortByKey,9,3,0.008607853
binSortByKey,9,4,0.008605864
binSortByKey,9,5,0.008614094
binSortByKey,9,6,0.008613344
binSortByKey,9,7,0.008605004
binSortByKey,9,8,0.008601914
binSortByKey,9,9,0.008618923
binSortByKey,9,10,0.008626304
binSortByKey,9,11,0.008613944
binSortByKey,9,12,0.008595503
binSortByKey,9,13,0.008618784
binSortByKey,9,14,0.008623154
binSortByKey,9,15,0.008623344
binSortByKey,9,16,0.008598693
binSortByKey,9,17,0.008620303
binSortByKey,9,18,0.008621344
binSortByKey,9,19,0.008606744
binSortByKey,9,20,0.008591623
binSortByKey,9,21,0.008618904
binSortByKey,9,22,0.008629183
binSortByKey,9,23,0.008615824
binSortByKey,9,24,0.008600623
binSortByKey,9,25,0.008634873
binSortByKey,9,26,0.008618473
binSortByKey,9,27,0.008621203
binSortByKey,9,28,0.008583204
binSortByKey,9,29,0.008654053
binSortByKey,9,30,0.008619893
binSortByKey,9,31,0.008624044
binSortByKey,9,32,0.008581863
binSortByKey,9,33,0.008619474
binSortByKey,9,34,0.008607483
binSortByKey,9,35,0.008614494
binSortByKey,9,36,0.008580194
binSortByKey,9,37,0.008622704
binSortByKey,9,38,0.008616154
binSortByKey,9,39,0.008611284
binComputeOffsets,9,0,0.000261981
binComputeOffsets,9,1,0.000269962
binComputeOffsets,9,2,0.000267491
binComputeOffsets,9,3,0.000268131
binComputeOffsets,9,4,0.000262891
binComputeOffsets,9,5,0.000267611
binComputeOffsets,9,6,0.000267201
binComputeOffsets,9,7,0.000268181
binComputeOffsets,9,8,0.000261701
binComputeOffsets,9,9,0.000268812
binComputeOffsets,9,10,0.000267381
binComputeOffsets,9,11,0.000268391
binComputeOffsets,9,12,0.000262201
binComputeOffsets,9,13,0.000267881
binComputeOffsets,9,14,0.000267641
binComputeOffsets,9,15,0.000266941
binComputeOffsets,9,16,0.000262311
binComputeOffsets,9,17,0.000275072
binComputeOffsets,9,18,0.000268691
binComputeOffsets,9,19,0.000267261
binComputeOffsets,9,20,0.000262462
binComputeOffsets,9,21,0.000268291
binComputeOffsets,9,22,0.000267692
binComputeOffsets,9,23,0.000269151
binComputeOffsets,9,24,0.000262262
binComputeOffsets,9,25,0.000268162
binComputeOffsets,9,26,0.000268812
binComputeOffsets,9,27,0.000267612
binComputeOffsets,9,28,0.000261871
binComputeOffsets,9,29,0.000272842
binComputeOffsets,9,30,0.000266672
binComputeOffsets,9,31,0.000267371
binComputeOffsets,9,32,0.000261322
binComputeOffsets,9,33,0.000267451
binComputeOffsets,9,34,0.000267381
binComputeOffsets,9,35,0.000266562
binComputeOffsets,9,36,0.000262901
binComputeOffsets,9,37,0.000267901
binComputeOffsets,9,38,0.000267051
binComputeOffsets,9,39,0.000269501
FFTNUFFT1,9,0,0.479741078
FFTNUFFT1,9,1,0.478414032
FFTNUFFT1,9,2,0.480331151
FFTNUFFT1,9,3,0.480468851
FFTNUFFT1,9,4,0.487681498
FFTNUFFT1,9,5,0.480055019
FFTNUFFT1,9,6,0.489897949
FFTNUFFT1,9,7,0.484737123
FFTNUFFT1,9,8,0.479149715
FFTNUFFT1,9,9,0.48020173
deconvolutionNUFFT1,9,0,0.000821794
deconvolutionNUFFT1,9,1,0.000820804
deconvolutionNUFFT1,9,2,0.000821764
deconvolutionNUFFT1,9,3,0.000820734
deconvolutionNUFFT1,9,4,0.000820354
deconvolutionNUFFT1,9,5,0.000821224
deconvolutionNUFFT1,9,6,0.000819935
deconvolutionNUFFT1,9,7,0.000841474
deconvolutionNUFFT1,9,8,0.000826504
deconvolutionNUFFT1,9,9,0.000822684
GatherPIFNUFFT,9,0,1.560000065
GatherPIFNUFFT,9,1,1.56677284
GatherPIFNUFFT,9,2,1.565613323
GatherPIFNUFFT,9,3,1.564069005
GatherPIFNUFFT,9,4,1.55697552
GatherPIFNUFFT,9,5,1.562502298
GatherPIFNUFFT,9,6,1.552658418
GatherPIFNUFFT,9,7,1.559663604
GatherPIFNUFFT,9,8,1.563509253
GatherPIFNUFFT,9,9,1.562121156
NativeNUFFT2,9,0,0.516771875
NativeNUFFT2,9,1,0.512011592
NativeNUFFT2,9,2,0.514777485
NativeNUFFT2,9,3,0.522315333
NativeNUFFT2,9,4,0.514291573
NativeNUFFT2,9,5,0.513512719
NativeNUFFT2,9,6,0.517784581
NativeNUFFT2,9,7,0.51373133
NativeNUFFT2,9,8,0.517233158
NativeNUFFT2,9,9,0.518133162
NativeNUFFT2,9,10,0.514452823
NativeNUFFT2,9,11,0.515036436
NativeNUFFT2,9,12,0.513043636
NativeNUFFT2,9,13,0.513553999
NativeNUFFT2,9,14,0.513924921
NativeNUFFT2,9,15,0.517261248
NativeNUFFT2,9,16,0.515183708
NativeNUFFT2,9,17,0.513629429
NativeNUFFT2,9,18,0.510745825
NativeNUFFT2,9,19,0.511704649
NativeNUFFT2,9,20,0.513766381
NativeNUFFT2,9,21,0.516550434
NativeNUFFT2,9,22,0.511675089
NativeNUFFT2,9,23,0.514871845
NativeNUFFT2,9,24,0.518036692
NativeNUFFT2,9,25,0.514756855
NativeNUFFT2,9,26,0.514279482
NativeNUFFT2,9,27,0.518418623
NativeNUFFT2,9,28,0.512980646
NativeNUFFT2,9,29,0.514286643
PrecorrectionNUFFT2,9,0,0.001239536
PrecorrectionNUFFT2,9,1,0.001204277
PrecorrectionNUFFT2,9,2,0.001207436
PrecorrectionNUFFT2,9,3,0.001247186
PrecorrectionNUFFT2,9,4,0.001203376
PrecorrectionNUFFT2,9,5,0.001204816
PrecorrectionNUFFT2,9,6,0.001240806
PrecorrectionNUFFT2,9,7,0.001208256
PrecorrectionNUFFT2,9,8,0.001205976
PrecorrectionNUFFT2,9,9,0.001240416
PrecorrectionNUFFT2,9,10,0.001205246
PrecorrectionNUFFT2,9,11,0.001206146
PrecorrectionNUFFT2,9,12,0.001244066
PrecorrectionNUFFT2,9,13,0.001204856
PrecorrectionNUFFT2,9,14,0.001204696
PrecorrectionNUFFT2,9,15,0.001240317
PrecorrectionNUFFT2,9,16,0.001208877
PrecorrectionNUFFT2,9,17,0.001206986
PrecorrectionNUFFT2,9,18,0.001240207
PrecorrectionNUFFT2,9,19,0.001203486
PrecorrectionNUFFT2,9,20,0.001205436
PrecorrectionNUFFT2,9,21,0.001251117
PrecorrectionNUFFT2,9,22,0.001204716
PrecorrectionNUFFT2,9,23,0.001202856
PrecorrectionNUFFT2,9,24,0.001240466
PrecorrectionNUFFT2,9,25,0.001208256
PrecorrectionNUFFT2,9,26,0.001203636
PrecorrectionNUFFT2,9,27,0.001240826
PrecorrectionNUFFT2,9,28,0.001205896
PrecorrectionNUFFT2,9,29,0.001203026
FFTNUFFT2,9,0,0.489590848
FFTNUFFT2,9,1,0.481156775
FFTNUFFT2,9,2,0.485620368
FFTNUFFT2,9,3,0.481135075
FFTNUFFT2,9,4,0.486722674
FFTNUFFT2,9,5,0.485758078
FFTNUFFT2,9,6,0.486797333
FFTNUFFT2,9,7,0.481039665
FFTNUFFT2,9,8,0.485901469
FFTNUFFT2,9,9,0.4878945
FFTNUFFT2,9,10,0.486989654
FFTNUFFT2,9,11,0.48028219
FFTNUFFT2,9,12,0.485914469
FFTNUFFT2,9,13,0.486833074
FFTNUFFT2,9,14,0.486457572
FFTNUFFT2,9,15,0.488029229
FFTNUFFT2,9,16,0.4861968
FFTNUFFT2,9,17,0.485791689
FFTNUFFT2,9,18,0.481193905
FFTNUFFT2,9,19,0.481044144
FFTNUFFT2,9,20,0.486547102
FFTNUFFT2,9,21,0.489439587
FFTNUFFT2,9,22,0.482989484
FFTNUFFT2,9,23,0.486029119
FFTNUFFT2,9,24,0.490624933
FFTNUFFT2,9,25,0.487006355
FFTNUFFT2,9,26,0.487303606
FFTNUFFT2,9,27,0.489902229
FFTNUFFT2,9,28,0.481747108
FFTNUFFT2,9,29,0.485555267
GatherNUFFT2,9,0,0.025921481
GatherNUFFT2,9,1,0.02963086
GatherNUFFT2,9,2,0.027929371
GatherNUFFT2,9,3,0.039912922
GatherNUFFT2,9,4,0.026345663
GatherNUFFT2,9,5,0.026528774
GatherNUFFT2,9,6,0.029726811
GatherNUFFT2,9,7,0.031462979
GatherNUFFT2,9,8,0.030104292
GatherNUFFT2,9,9,0.028978756
GatherNUFFT2,9,10,0.026238183
GatherNUFFT2,9,11,0.03352808
GatherNUFFT2,9,12,0.025865291
GatherNUFFT2,9,13,0.025495549
GatherNUFFT2,9,14,0.026242683
GatherNUFFT2,9,15,0.027971662
GatherNUFFT2,9,16,0.027757381
GatherNUFFT2,9,17,0.026610744
GatherNUFFT2,9,18,0.028291313
GatherNUFFT2,9,19,0.029435779
GatherNUFFT2,9,20,0.025993342
GatherNUFFT2,9,21,0.02583572
GatherNUFFT2,9,22,0.027461289
GatherNUFFT2,9,23,0.027620349
GatherNUFFT2,9,24,0.026151873
GatherNUFFT2,9,25,0.026521474
GatherNUFFT2,9,26,0.02575269
GatherNUFFT2,9,27,0.027255208
GatherNUFFT2,9,28,0.030007572
GatherNUFFT2,9,29,0.02750842
mainTimer,10,0,21.264698089
dumpData,10,0,0.012921235
dumpData,10,1,0.013102076
dumpData,10,2,0.012868235
dumpData,10,3,0.012902685
dumpData,10,4,0.011567329
dumpData,10,5,0.012949005
dumpData,10,6,0.011613558
dumpData,10,7,0.012045551
dumpData,10,8,0.013053486
dumpData,10,9,0.012866435
kick,10,0,0.001705349
kick,10,1,0.001765939
kick,10,2,0.001708569
kick,10,3,0.001767149
kick,10,4,0.001704709
kick,10,5,0.001769639
kick,10,6,0.001706249
kick,10,7,0.001767879
kick,10,8,0.001705868
kick,10,9,0.001766599
kick,10,10,0.001732199
kick,10,11,0.001767159
kick,10,12,0.001704558
kick,10,13,0.001766969
kick,10,14,0.001732719
kick,10,15,0.001766609
kick,10,16,0.001724519
kick,10,17,0.001765629
kick,10,18,0.001707009
kick,10,19,0.001768939
drift,10,0,0.001720529
drift,10,1,0.001719648
drift,10,2,0.001720588
drift,10,3,0.001721299
drift,10,4,0.001718839
drift,10,5,0.001719258
drift,10,6,0.001720179
drift,10,7,0.001719889
drift,10,8,0.001721979
drift,10,9,0.001722289
particleBC,10,0,0.003495027
particleBC,10,1,0.003490618
particleBC,10,2,0.003491458
particleBC,10,3,0.003496557
particleBC,10,4,0.003487578
particleBC,10,5,0.003495458
particleBC,10,6,0.003496958
particleBC,10,7,0.003491818
particleBC,10,8,0.003495398
particleBC,10,9,0.003489557
updateParticle,10,0,0.012474744
updateParticle,10,1,0.012207902
updateParticle,10,2,0.013014626
updateParticle,10,3,0.014215442
updateParticle,10,4,0.011015325
updateParticle,10,5,0.013090506
updateParticle,10,6,0.01187581
updateParticle,10,7,0.012327832
updateParticle,10,8,0.011494958
updateParticle,10,9,0.011406428
locateParticles,10,0,0.001427778
locateParticles,10,1,0.001425797
locateParticles,10,2,0.001437607
locateParticles,10,3,0.001419598
locateParticles,10,4,0.001423667
locateParticles,10,5,0.001446387
locateParticles,10,6,0.001435827
locateParticles,10,7,0.001416847
locateParticles,10,8,0.001418517
locateParticles,10,9,0.001423967
sendPreprocess,10,0,0.001334487
sendPreprocess,10,1,0.001392607
sendPreprocess,10,2,0.001382247
sendPreprocess,10,3,0.001390707
sendPreprocess,10,4,0.001403547
sendPreprocess,10,5,0.001331397
sendPreprocess,10,6,0.001364487
sendPreprocess,10,7,0.001405097
sendPreprocess,10,8,0.001422297
sendPreprocess,10,9,0.001501168
particleSend,10,0,0.001214316
particleSend,10,1,0.001252647
particleSend,10,2,0.001379917
particleSend,10,3,0.001215366
particleSend,10,4,0.001199686
particleSend,10,5,0.001279337
particleSend,10,6,0.001309846
particleSend,10,7,0.001217926
particleSend,10,8,0.001307007
particleSend,10,9,0.001266927
particleRecv,10,0,3.121e-05
particleRecv,10,1,3.622e-05
particleRecv,10,2,3.6981e-05
particleRecv,10,3,4.054e-05
particleRecv,10,4,3.436e-05
particleRecv,10,5,3.728e-05
particleRecv,10,6,3.822e-05
particleRecv,10,7,3.161e-05
particleRecv,10,8,3.209e-05
particleRecv,10,9,3.677e-05
particleDestroy,10,0,0.004697364
particleDestroy,10,1,0.004700044
particleDestroy,10,2,0.004699143
particleDestroy,10,3,0.004683344
particleDestroy,10,4,0.004684904
particleDestroy,10,5,0.004700804
particleDestroy,10,6,0.004689463
particleDestroy,10,7,0.004710124
particleDestroy,10,8,0.004683393
particleDestroy,10,9,0.004682053
ScatterPIFNUFFT,10,0,0.520086023
ScatterPIFNUFFT,10,1,0.001109505
ScatterPIFNUFFT,10,2,0.519248798
ScatterPIFNUFFT,10,3,0.001110136
ScatterPIFNUFFT,10,4,0.527904281
ScatterPIFNUFFT,10,5,0.001113235
ScatterPIFNUFFT,10,6,0.523926332
ScatterPIFNUFFT,10,7,0.001108606
ScatterPIFNUFFT,10,8,0.52347866
ScatterPIFNUFFT,10,9,0.001111305
ScatterPIFNUFFT,10,10,0.517821101
ScatterPIFNUFFT,10,11,0.001113546
ScatterPIFNUFFT,10,12,0.521971601
ScatterPIFNUFFT,10,13,0.001110266
ScatterPIFNUFFT,10,14,0.522398914
ScatterPIFNUFFT,10,15,0.001109956
ScatterPIFNUFFT,10,16,0.523302798
ScatterPIFNUFFT,10,17,0.001109276
ScatterPIFNUFFT,10,18,0.522184143
ScatterPIFNUFFT,10,19,0.001113515
NativeNUFFT1,10,0,0.516426674
NativeNUFFT1,10,1,0.514632775
NativeNUFFT1,10,2,0.524227893
NativeNUFFT1,10,3,0.519439449
NativeNUFFT1,10,4,0.519805141
NativeNUFFT1,10,5,0.512950316
NativeNUFFT1,10,6,0.517907501
NativeNUFFT1,10,7,0.517529249
NativeNUFFT1,10,8,0.51964198
NativeNUFFT1,10,9,0.517371649
scatterTimerNUFFT1,10,0,0.041257439
scatterTimerNUFFT1,10,1,0.038742456
scatterTimerNUFFT1,10,2,0.040979158
scatterTimerNUFFT1,10,3,0.038742366
scatterTimerNUFFT1,10,4,0.04149982
scatterTimerNUFFT1,10,5,0.038651876
scatterTimerNUFFT1,10,6,0.040704236
scatterTimerNUFFT1,10,7,0.038538895
scatterTimerNUFFT1,10,8,0.040811557
scatterTimerNUFFT1,10,9,0.038839237
binSort,10,0,0.008783235
binSort,10,1,0.008813895
binSort,10,2,0.008802545
binSort,10,3,0.008809495
binSort,10,4,0.008780455
binSort,10,5,0.008807895
binSort,10,6,0.008825465
binSort,10,7,0.008813565
binSort,10,8,0.008765125
binSort,10,9,0.008809645
binSort,10,10,0.008795604
binSort,10,11,0.008813854
binSort,10,12,0.008786104
binSort,10,13,0.008822375
binSort,10,14,0.008810075
binSort,10,15,0.008826925
binSort,10,16,0.008795235
binSort,10,17,0.008831225
binSort,10,18,0.008820715
binSort,10,19,0.008827605
binSort,10,20,0.008784415
binSort,10,21,0.008821455
binSort,10,22,0.008816975
binSort,10,23,0.008826555
binSort,10,24,0.008796805
binSort,10,25,0.008825764
binSort,10,26,0.008852164
binSort,10,27,0.008820835
binSort,10,28,0.008797184
binSort,10,29,0.008832905
binSort,10,30,0.008831435
binSort,10,31,0.008828284
binSort,10,32,0.008783775
binSort,10,33,0.008834685
binSort,10,34,0.008839475
binSort,10,35,0.008817395
binSort,10,36,0.008785345
binSort,10,37,0.008804224
binSort,10,38,0.008805615
binSort,10,39,0.008809045
binComputeKeys,10,0,0.000955085
binComputeKeys,10,1,0.000956635
binComputeKeys,10,2,0.000957745
binComputeKeys,10,3,0.000955895
binComputeKeys,10,4,0.000953715
binComputeKeys,10,5,0.000956315
binComputeKeys,10,6,0.000957965
binComputeKeys,10,7,0.000956995
binComputeKeys,10,8,0.000953215
binComputeKeys,10,9,0.000956015
binComputeKeys,10,10,0.000954544
binComputeKeys,10,11,0.000957894
binComputeKeys,10,12,0.000955515
binComputeKeys,10,13,0.000957155
binComputeKeys,10,14,0.000958305
binComputeKeys,10,15,0.000956835
binComputeKeys,10,16,0.000955525
binComputeKeys,10,17,0.000957435
binComputeKeys,10,18,0.000955895
binComputeKeys,10,19,0.000959615
binComputeKeys,10,20,0.000955155
binComputeKeys,10,21,0.000959305
binComputeKeys,10,22,0.000956295
binComputeKeys,10,23,0.000957775
binComputeKeys,10,24,0.000955665
binComputeKeys,10,25,0.000964125
binComputeKeys,10,26,0.000959525
binComputeKeys,10,27,0.000955765
binComputeKeys,10,28,0.000954724
binComputeKeys,10,29,0.000960065
binComputeKeys,10,30,0.000958265
binComputeKeys,10,31,0.000957445
binComputeKeys,10,32,0.000955835
binComputeKeys,10,33,0.000958015
binComputeKeys,10,34,0.000957655
binComputeKeys,10,35,0.000955645
binComputeKeys,10,36,0.000955205
binComputeKeys,10,37,0.000956845
binComputeKeys,10,38,0.000958345
binComputeKeys,10,39,0.000957015
binSortByKey,10,0,0.007581808
binSortByKey,10,1,0.007603899
binSortByKey,10,2,0.007593489
binSortByKey,10,3,0.007603089
binSortByKey,10,4,0.007578788
binSortByKey,10,5,0.007600649
binSortByKey,10,6,0.007613499
binSortByKey,10,7,0.007604499
binSortByKey,10,8,0.007566369
binSortByKey,10,9,0.007602348
binSortByKey,10,10,0.007588399
binSortByKey,10,11,0.007602029
binSortByKey,10,12,0.007584938
binSortByKey,10,13,0.007608459
binSortByKey,10,14,0.007599538
binSortByKey,10,15,0.007617919
binSortByKey,10,16,0.007593348
binSortByKey,10,17,0.007621538
binSortByKey,10,18,0.007611839
binSortByKey,10,19,0.007616309
binSortByKey,10,20,0.007583278
binSortByKey,10,21,0.007607989
binSortByKey,10,22,0.007606729
binSortByKey,10,23,0.007616309
binSortByKey,10,24,0.007594518
binSortByKey,10,25,0.007606938
binSortByKey,10,26,0.007634228
binSortByKey,10,27,0.007614139
binSortByKey,10,28,0.007596218
binSortByKey,10,29,0.007621959
binSortByKey,10,30,0.007619179
binSortByKey,10,31,0.007617998
binSortByKey,10,32,0.007581328
binSortByKey,10,33,0.007625259
binSortByKey,10,34,0.007630728
binSortByKey,10,35,0.007610908
binSortByKey,10,36,0.007583988
binSortByKey,10,37,0.007593278
binSortByKey,10,38,0.007595908
binSortByKey,10,39,0.007601339
binComputeOffsets,10,0,0.000237052
binComputeOffsets,10,1,0.000243341
binComputeOffsets,10,2,0.000241411
binComputeOffsets,10,3,0.000241201
binComputeOffsets,10,4,0.000237242
binComputeOffsets,10,5,0.000241161
binComputeOffsets,10,6,0.000243461
binComputeOffsets,10,7,0.000241351
binComputeOffsets,10,8,0.000236291
binComputeOffsets,10,9,0.000241212
binComputeOffsets,10,10,0.000242411
binComputeOffsets,10,11,0.000244001
binComputeOffsets,10,12,0.000236341
binComputeOffsets,10,13,0.000247361
binComputeOffsets,10,14,0.000242612
binComputeOffsets,10,15,0.000242231
binComputeOffsets,10,16,0.000236562
binComputeOffsets,10,17,0.000242272
binComputeOffsets,10,18,0.000242381
binComputeOffsets,10,19,0.000241381
binComputeOffsets,10,20,0.000236662
binComputeOffsets,10,21,0.000242971
binComputeOffsets,10,22,0.000243231
binComputeOffsets,10,23,0.000241351
binComputeOffsets,10,24,0.000237302
binComputeOffsets,10,25,0.000243831
binComputeOffsets,10,26,0.000248631
binComputeOffsets,10,27,0.000241151
binComputeOffsets,10,28,0.000236911
binComputeOffsets,10,29,0.000241101
binComputeOffsets,10,30,0.000241971
binComputeOffsets,10,31,0.000241661
binComputeOffsets,10,32,0.000236702
binComputeOffsets,10,33,0.000241691
binComputeOffsets,10,34,0.000241332
binComputeOffsets,10,35,0.000241362
binComputeOffsets,10,36,0.000236841
binComputeOffsets,10,37,0.000243751
binComputeOffsets,10,38,0.000240961
binComputeOffsets,10,39,0.000241091
FFTNUFFT1,10,0,0.474698922
FFTNUFFT1,10,1,0.475415466
FFTNUFFT1,10,2,0.482764553
FFTNUFFT1,10,3,0.48021206
FFTNUFFT1,10,4,0.477831158
FFTNUFFT1,10,5,0.473827418
FFTNUFFT1,10,6,0.476730373
FFTNUFFT1,10,7,0.478510181
FFTNUFFT1,10,8,0.478347831
FFTNUFFT1,10,9,0.478058639
deconvolutionNUFFT1,10,0,0.000458713
deconvolutionNUFFT1,10,1,0.000463583
deconvolutionNUFFT1,10,2,0.000471882
deconvolutionNUFFT1,10,3,0.000473143
deconvolutionNUFFT1,10,4,0.000461883
deconvolutionNUFFT1,10,5,0.000459342
deconvolutionNUFFT1,10,6,0.000461392
deconvolutionNUFFT1,10,7,0.000467663
deconvolutionNUFFT1,10,8,0.000467702
deconvolutionNUFFT1,10,9,0.000462483
GatherPIFNUFFT,10,0,1.564302656
GatherPIFNUFFT,10,1,1.569517773
GatherPIFNUFFT,10,2,1.562771819
GatherPIFNUFFT,10,3,1.563799974
GatherPIFNUFFT,10,4,1.566097536
GatherPIFNUFFT,10,5,1.568422048
GatherPIFNUFFT,10,6,1.565396922
GatherPIFNUFFT,10,7,1.565953125
GatherPIFNUFFT,10,8,1.563545533
GatherPIFNUFFT,10,9,1.563768994
NativeNUFFT2,10,0,0.52161797
NativeNUFFT2,10,1,0.512483924
NativeNUFFT2,10,2,0.515286338
NativeNUFFT2,10,3,0.525707781
NativeNUFFT2,10,4,0.515052856
NativeNUFFT2,10,5,0.513847011
NativeNUFFT2,10,6,0.515606689
NativeNUFFT2,10,7,0.514541464
NativeNUFFT2,10,8,0.51768698
NativeNUFFT2,10,9,0.518700755
NativeNUFFT2,10,10,0.514713705
NativeNUFFT2,10,11,0.515473198
NativeNUFFT2,10,12,0.522821266
NativeNUFFT2,10,13,0.513398918
NativeNUFFT2,10,14,0.514950766
NativeNUFFT2,10,15,0.5235806
NativeNUFFT2,10,16,0.51571022
NativeNUFFT2,10,17,0.514200232
NativeNUFFT2,10,18,0.523793891
NativeNUFFT2,10,19,0.512081961
NativeNUFFT2,10,20,0.514603685
NativeNUFFT2,10,21,0.522824506
NativeNUFFT2,10,22,0.513014246
NativeNUFFT2,10,23,0.515194487
NativeNUFFT2,10,24,0.519019157
NativeNUFFT2,10,25,0.515124057
NativeNUFFT2,10,26,0.514482183
NativeNUFFT2,10,27,0.520465564
NativeNUFFT2,10,28,0.514409053
NativeNUFFT2,10,29,0.513989161
PrecorrectionNUFFT2,10,0,0.000900444
PrecorrectionNUFFT2,10,1,0.000861105
PrecorrectionNUFFT2,10,2,0.000862474
PrecorrectionNUFFT2,10,3,0.000886045
PrecorrectionNUFFT2,10,4,0.000860844
PrecorrectionNUFFT2,10,5,0.000864214
PrecorrectionNUFFT2,10,6,0.000885074
PrecorrectionNUFFT2,10,7,0.000861845
PrecorrectionNUFFT2,10,8,0.000866535
PrecorrectionNUFFT2,10,9,0.000887524
PrecorrectionNUFFT2,10,10,0.000864814
PrecorrectionNUFFT2,10,11,0.000858914
PrecorrectionNUFFT2,10,12,0.000887665
PrecorrectionNUFFT2,10,13,0.000863515
PrecorrectionNUFFT2,10,14,0.000868295
PrecorrectionNUFFT2,10,15,0.000888815
PrecorrectionNUFFT2,10,16,0.000863734
PrecorrectionNUFFT2,10,17,0.000872024
PrecorrectionNUFFT2,10,18,0.000891395
PrecorrectionNUFFT2,10,19,0.000874004
PrecorrectionNUFFT2,10,20,0.000864635
PrecorrectionNUFFT2,10,21,0.000883904
PrecorrectionNUFFT2,10,22,0.000866484
PrecorrectionNUFFT2,10,23,0.000868514
PrecorrectionNUFFT2,10,24,0.000888625
PrecorrectionNUFFT2,10,25,0.000863374
PrecorrectionNUFFT2,10,26,0.000861134
PrecorrectionNUFFT2,10,27,0.000889364
PrecorrectionNUFFT2,10,28,0.000859104
PrecorrectionNUFFT2,10,29,0.000863564
FFTNUFFT2,10,0,0.485040315
FFTNUFFT2,10,1,0.481217195
FFTNUFFT2,10,2,0.478545442
FFTNUFFT2,10,3,0.489716318
FFTNUFFT2,10,4,0.479373066
FFTNUFFT2,10,5,0.48008641
FFTNUFFT2,10,6,0.474902954
FFTNUFFT2,10,7,0.480915274
FFTNUFFT2,10,8,0.48014602
FFTNUFFT2,10,9,0.478542832
FFTNUFFT2,10,10,0.480856524
FFTNUFFT2,10,11,0.479957219
FFTNUFFT2,10,12,0.482881374
FFTNUFFT2,10,13,0.480449751
FFTNUFFT2,10,14,0.479664977
FFTNUFFT2,10,15,0.493895249
FFTNUFFT2,10,16,0.479720568
FFTNUFFT2,10,17,0.477968509
FFTNUFFT2,10,18,0.48603075
FFTNUFFT2,10,19,0.475660078
FFTNUFFT2,10,20,0.482009969
FFTNUFFT2,10,21,0.481104275
FFTNUFFT2,10,22,0.483730818
FFTNUFFT2,10,23,0.481603968
FFTNUFFT2,10,24,0.482601362
FFTNUFFT2,10,25,0.47612087
FFTNUFFT2,10,26,0.480322591
FFTNUFFT2,10,27,0.488344252
FFTNUFFT2,10,28,0.481541197
FFTNUFFT2,10,29,0.48209338
GatherNUFFT2,10,0,0.035656211
GatherNUFFT2,10,1,0.030384734
GatherNUFFT2,10,2,0.035858542
GatherNUFFT2,10,3,0.035084628
GatherNUFFT2,10,4,0.034799316
GatherNUFFT2,10,5,0.032876657
GatherNUFFT2,10,6,0.039798031
GatherNUFFT2,10,7,0.032744155
GatherNUFFT2,10,8,0.036654335
GatherNUFFT2,10,9,0.039249169
GatherNUFFT2,10,10,0.032972577
GatherNUFFT2,10,11,0.034636945
GatherNUFFT2,10,12,0.039032147
GatherNUFFT2,10,13,0.032066142
GatherNUFFT2,10,14,0.034397184
GatherNUFFT2,10,15,0.028776966
GatherNUFFT2,10,16,0.035105088
GatherNUFFT2,10,17,0.035339899
GatherNUFFT2,10,18,0.036851876
GatherNUFFT2,10,19,0.035527879
GatherNUFFT2,10,20,0.031709381
GatherNUFFT2,10,21,0.040816967
GatherNUFFT2,10,22,0.028396684
GatherNUFFT2,10,23,0.032700975
GatherNUFFT2,10,24,0.03550908
GatherNUFFT2,10,25,0.038120093
GatherNUFFT2,10,26,0.033278798
GatherNUFFT2,10,27,0.031212238
GatherNUFFT2,10,28,0.031987672
GatherNUFFT2,10,29,0.031012437
mainTimer,11,0,21.264704349
dumpData,11,0,0.01178793
dumpData,11,1,0.011053216
dumpData,11,2,0.010765654
dumpData,11,3,0.01176621
dumpData,11,4,0.009626909
dumpData,11,5,0.011084546
dumpData,11,6,0.009755819
dumpData,11,7,0.010135971
dumpData,11,8,0.011024466
dumpData,11,9,0.010833885
kick,11,0,0.00185555
kick,11,1,0.001882959
kick,11,2,0.001832429
kick,11,3,0.00189185
kick,11,4,0.001851859
kick,11,5,0.00188111
kick,11,6,0.00185936
kick,11,7,0.00189035
kick,11,8,0.001832699
kick,11,9,0.001880099
kick,11,10,0.001875739
kick,11,11,0.001881249
kick,11,12,0.001849229
kick,11,13,0.00188091
kick,11,14,0.00187733
kick,11,15,0.00188093
kick,11,16,0.00187402
kick,11,17,0.001883269
kick,11,18,0.00185238
kick,11,19,0.001882179
drift,11,0,0.001829549
drift,11,1,0.00183162
drift,11,2,0.00183486
drift,11,3,0.001834349
drift,11,4,0.001833239
drift,11,5,0.0018437
drift,11,6,0.001832069
drift,11,7,0.001837949
drift,11,8,0.001834559
drift,11,9,0.001831629
particleBC,11,0,0.003722299
particleBC,11,1,0.003720298
particleBC,11,2,0.003728368
particleBC,11,3,0.003726689
particleBC,11,4,0.003717229
particleBC,11,5,0.003715859
particleBC,11,6,0.003722009
particleBC,11,7,0.003721859
particleBC,11,8,0.003716969
particleBC,11,9,0.003717309
updateParticle,11,0,0.013609259
updateParticle,11,1,0.012153031
updateParticle,11,2,0.013256888
updateParticle,11,3,0.014339312
updateParticle,11,4,0.011102106
updateParticle,11,5,0.012730314
updateParticle,11,6,0.011275037
updateParticle,11,7,0.012248762
updateParticle,11,8,0.01193092
updateParticle,11,9,0.011076466
locateParticles,11,0,0.001492087
locateParticles,11,1,0.001493257
locateParticles,11,2,0.001535017
locateParticles,11,3,0.001503228
locateParticles,11,4,0.001499888
locateParticles,11,5,0.001504187
locateParticles,11,6,0.001496298
locateParticles,11,7,0.001491118
locateParticles,11,8,0.001520138
locateParticles,11,9,0.001491827
sendPreprocess,11,0,0.000784384
sendPreprocess,11,1,0.000858524
sendPreprocess,11,2,0.000786124
sendPreprocess,11,3,0.000807704
sendPreprocess,11,4,0.000856454
sendPreprocess,11,5,0.000785194
sendPreprocess,11,6,0.000822844
sendPreprocess,11,7,0.000835914
sendPreprocess,11,8,0.000837164
sendPreprocess,11,9,0.000947475
particleSend,11,0,0.001221297
particleSend,11,1,0.001227977
particleSend,11,2,0.001326207
particleSend,11,3,0.001222946
particleSend,11,4,0.001266486
particleSend,11,5,0.001208776
particleSend,11,6,0.001215586
particleSend,11,7,0.001219836
particleSend,11,8,0.001213566
particleSend,11,9,0.001234346
particleRecv,11,0,3.358e-05
particleRecv,11,1,3.476e-05
particleRecv,11,2,3.78e-05
particleRecv,11,3,4.454e-05
particleRecv,11,4,3.4061e-05
particleRecv,11,5,3.1681e-05
particleRecv,11,6,3.877e-05
particleRecv,11,7,4.221e-05
particleRecv,11,8,3.682e-05
particleRecv,11,9,3.1901e-05
particleDestroy,11,0,0.005079066
particleDestroy,11,1,0.005081096
particleDestroy,11,2,0.005094246
particleDestroy,11,3,0.005085106
particleDestroy,11,4,0.005054325
particleDestroy,11,5,0.005049225
particleDestroy,11,6,0.005065296
particleDestroy,11,7,0.005047036
particleDestroy,11,8,0.005064186
particleDestroy,11,9,0.005053115
ScatterPIFNUFFT,11,0,0.517961621
ScatterPIFNUFFT,11,1,0.001113626
ScatterPIFNUFFT,11,2,0.517206357
ScatterPIFNUFFT,11,3,0.001114325
ScatterPIFNUFFT,11,4,0.51781066
ScatterPIFNUFFT,11,5,0.001122876
ScatterPIFNUFFT,11,6,0.518186933
ScatterPIFNUFFT,11,7,0.001115506
ScatterPIFNUFFT,11,8,0.521466809
ScatterPIFNUFFT,11,9,0.001113376
ScatterPIFNUFFT,11,10,0.518663395
ScatterPIFNUFFT,11,11,0.001114366
ScatterPIFNUFFT,11,12,0.521744871
ScatterPIFNUFFT,11,13,0.001118285
ScatterPIFNUFFT,11,14,0.517373978
ScatterPIFNUFFT,11,15,0.001115785
ScatterPIFNUFFT,11,16,0.5177343
ScatterPIFNUFFT,11,17,0.001115205
ScatterPIFNUFFT,11,18,0.519126927
ScatterPIFNUFFT,11,19,0.001117766
NativeNUFFT1,11,0,0.513980302
NativeNUFFT1,11,1,0.512535034
NativeNUFFT1,11,2,0.51374614
NativeNUFFT1,11,3,0.514084732
NativeNUFFT1,11,4,0.51765512
NativeNUFFT1,11,5,0.513725319
NativeNUFFT1,11,6,0.517364648
NativeNUFFT1,11,7,0.512716955
NativeNUFFT1,11,8,0.513143197
NativeNUFFT1,11,9,0.514271833
scatterTimerNUFFT1,11,0,0.040085513
scatterTimerNUFFT1,11,1,0.038886097
scatterTimerNUFFT1,11,2,0.040147293
scatterTimerNUFFT1,11,3,0.039089268
scatterTimerNUFFT1,11,4,0.04138532
scatterTimerNUFFT1,11,5,0.039126298
scatterTimerNUFFT1,11,6,0.041117738
scatterTimerNUFFT1,11,7,0.038996288
scatterTimerNUFFT1,11,8,0.039263959
scatterTimerNUFFT1,11,9,0.039003677
binSort,11,0,0.009339798
binSort,11,1,0.009379507
binSort,11,2,0.009377677
binSort,11,3,0.009384397
binSort,11,4,0.009347978
binSort,11,5,0.009455798
binSort,11,6,0.009369807
binSort,11,7,0.009374627
binSort,11,8,0.009339297
binSort,11,9,0.009390497
binSort,11,10,0.009396297
binSort,11,11,0.009393548
binSort,11,12,0.009342597
binSort,11,13,0.009391917
binSort,11,14,0.009380018
binSort,11,15,0.009377288
binSort,11,16,0.009330337
binSort,11,17,0.009372497
binSort,11,18,0.009368018
binSort,11,19,0.009385207
binSort,11,20,0.009344207
binSort,11,21,0.009375658
binSort,11,22,0.009368277
binSort,11,23,0.009376377
binSort,11,24,0.009337907
binSort,11,25,0.009371037
binSort,11,26,0.009359967
binSort,11,27,0.009369978
binSort,11,28,0.009339798
binSort,11,29,0.009374737
binSort,11,30,0.009358727
binSort,11,31,0.009383057
binSort,11,32,0.009345267
binSort,11,33,0.009372927
binSort,11,34,0.009367218
binSort,11,35,0.009372327
binSort,11,36,0.009342337
binSort,11,37,0.009385328
binSort,11,38,0.009377258
binSort,11,39,0.009371287
binComputeKeys,11,0,0.001014666
binComputeKeys,11,1,0.001017905
binComputeKeys,11,2,0.001019975
binComputeKeys,11,3,0.001019755
binComputeKeys,11,4,0.001015615
binComputeKeys,11,5,0.001030885
binComputeKeys,11,6,0.001019745
binComputeKeys,11,7,0.001018795
binComputeKeys,11,8,0.001016275
binComputeKeys,11,9,0.001018025
binComputeKeys,11,10,0.001021505
binComputeKeys,11,11,0.001019205
binComputeKeys,11,12,0.001016625
binComputeKeys,11,13,0.001016635
binComputeKeys,11,14,0.001017575
binComputeKeys,11,15,0.001016675
binComputeKeys,11,16,0.001014805
binComputeKeys,11,17,0.001016485
binComputeKeys,11,18,0.001018965
binComputeKeys,11,19,0.001017585
binComputeKeys,11,20,0.001018015
binComputeKeys,11,21,0.001017376
binComputeKeys,11,22,0.001017185
binComputeKeys,11,23,0.001019485
binComputeKeys,11,24,0.001017455
binComputeKeys,11,25,0.001018035
binComputeKeys,11,26,0.001018685
binComputeKeys,11,27,0.001018805
binComputeKeys,11,28,0.001015335
binComputeKeys,11,29,0.001016095
binComputeKeys,11,30,0.001019475
binComputeKeys,11,31,0.001016895
binComputeKeys,11,32,0.001014795
binComputeKeys,11,33,0.001015995
binComputeKeys,11,34,0.001018955
binComputeKeys,11,35,0.001018155
binComputeKeys,11,36,0.001016615
binComputeKeys,11,37,0.001018396
binComputeKeys,11,38,0.001019175
binComputeKeys,11,39,0.001017475
binSortByKey,11,0,0.00806672
binSortByKey,11,1,0.008097131
binSortByKey,11,2,0.008093991
binSortByKey,11,3,0.008096511
binSortByKey,11,4,0.008074131
binSortByKey,11,5,0.008145411
binSortByKey,11,6,0.008086241
binSortByKey,11,7,0.008092301
binSortByKey,11,8,0.008062251
binSortByKey,11,9,0.008108311
binSortByKey,11,10,0.008103781
binSortByKey,11,11,0.008104871
binSortByKey,11,12,0.008067241
binSortByKey,11,13,0.008112171
binSortByKey,11,14,0.008098441
binSortByKey,11,15,0.008097172
binSortByKey,11,16,0.008055861
binSortByKey,11,17,0.008091851
binSortByKey,11,18,0.00808408
binSortByKey,11,19,0.008103511
binSortByKey,11,20,0.008067691
binSortByKey,11,21,0.008093871
binSortByKey,11,22,0.008087691
binSortByKey,11,23,0.008094111
binSortByKey,11,24,0.008062461
binSortByKey,11,25,0.008088611
binSortByKey,11,26,0.008077271
binSortByKey,11,27,0.008088211
binSortByKey,11,28,0.008065681
binSortByKey,11,29,0.008094241
binSortByKey,11,30,0.008076291
binSortByKey,11,31,0.008102701
binSortByKey,11,32,0.008065581
binSortByKey,11,33,0.008093161
binSortByKey,11,34,0.008085051
binSortByKey,11,35,0.008090181
binSortByKey,11,36,0.008067751
binSortByKey,11,37,0.008103291
binSortByKey,11,38,0.008093981
binSortByKey,11,39,0.008090871
binComputeOffsets,11,0,0.000249022
binComputeOffsets,11,1,0.000253711
binComputeOffsets,11,2,0.000254111
binComputeOffsets,11,3,0.000254151
binComputeOffsets,11,4,0.000248842
binComputeOffsets,11,5,0.000265091
binComputeOffsets,11,6,0.000253801
binComputeOffsets,11,7,0.000253451
binComputeOffsets,11,8,0.000251421
binComputeOffsets,11,9,0.000254591
binComputeOffsets,11,10,0.000261521
binComputeOffsets,11,11,0.000259951
binComputeOffsets,11,12,0.000249441
binComputeOffsets,11,13,0.000253231
binComputeOffsets,11,14,0.000253902
binComputeOffsets,11,15,0.000253661
binComputeOffsets,11,16,0.000249681
binComputeOffsets,11,17,0.000254731
binComputeOffsets,11,18,0.000255192
binComputeOffsets,11,19,0.000253531
binComputeOffsets,11,20,0.000249161
binComputeOffsets,11,21,0.000254671
binComputeOffsets,11,22,0.000253371
binComputeOffsets,11,23,0.000253121
binComputeOffsets,11,24,0.000248611
binComputeOffsets,11,25,0.000254281
binComputeOffsets,11,26,0.000254271
binComputeOffsets,11,27,0.000253582
binComputeOffsets,11,28,0.000249462
binComputeOffsets,11,29,0.000254361
binComputeOffsets,11,30,0.000253421
binComputeOffsets,11,31,0.000253831
binComputeOffsets,11,32,0.000248861
binComputeOffsets,11,33,0.000254291
binComputeOffsets,11,34,0.000253442
binComputeOffsets,11,35,0.000253681
binComputeOffsets,11,36,0.000248621
binComputeOffsets,11,37,0.000253461
binComputeOffsets,11,38,0.000254502
binComputeOffsets,11,39,0.000253401
FFTNUFFT1,11,0,0.473422536
FFTNUFFT1,11,1,0.473170255
FFTNUFFT1,11,2,0.473109654
FFTNUFFT1,11,3,0.474508621
FFTNUFFT1,11,4,0.475794627
FFTNUFFT1,11,5,0.474124369
FFTNUFFT1,11,6,0.475766878
FFTNUFFT1,11,7,0.473243075
FFTNUFFT1,11,8,0.473402116
FFTNUFFT1,11,9,0.474784613
deconvolutionNUFFT1,11,0,0.000461293
deconvolutionNUFFT1,11,1,0.000467832
deconvolutionNUFFT1,11,2,0.000478003
deconvolutionNUFFT1,11,3,0.000475563
deconvolutionNUFFT1,11,4,0.000462882
deconvolutionNUFFT1,11,5,0.000463402
deconvolutionNUFFT1,11,6,0.000468672
deconvolutionNUFFT1,11,7,0.000466812
deconvolutionNUFFT1,11,8,0.000461812
deconvolutionNUFFT1,11,9,0.000472523
GatherPIFNUFFT,11,0,1.565797985
GatherPIFNUFFT,11,1,1.572378187
GatherPIFNUFFT,11,2,1.573721085
GatherPIFNUFFT,11,3,1.569784185
GatherPIFNUFFT,11,4,1.56871507
GatherPIFNUFFT,11,5,1.568310507
GatherPIFNUFFT,11,6,1.56694516
GatherPIFNUFFT,11,7,1.571660864
GatherPIFNUFFT,11,8,1.569852625
GatherPIFNUFFT,11,9,1.568231137
NativeNUFFT2,11,0,0.523210298
NativeNUFFT2,11,1,0.511901411
NativeNUFFT2,11,2,0.515030266
NativeNUFFT2,11,3,0.528377134
NativeNUFFT2,11,4,0.514489344
NativeNUFFT2,11,5,0.51375951
NativeNUFFT2,11,6,0.52554245
NativeNUFFT2,11,7,0.514962506
NativeNUFFT2,11,8,0.517584839
NativeNUFFT2,11,9,0.525202678
NativeNUFFT2,11,10,0.513993781
NativeNUFFT2,11,11,0.514941406
NativeNUFFT2,11,12,0.525243499
NativeNUFFT2,11,13,0.512898965
NativeNUFFT2,11,14,0.514462594
NativeNUFFT2,11,15,0.523651561
NativeNUFFT2,11,16,0.515069426
NativeNUFFT2,11,17,0.513964561
NativeNUFFT2,11,18,0.524994537
NativeNUFFT2,11,19,0.512251433
NativeNUFFT2,11,20,0.514055081
NativeNUFFT2,11,21,0.528588985
NativeNUFFT2,11,22,0.512858586
NativeNUFFT2,11,23,0.514569854
NativeNUFFT2,11,24,0.525026098
NativeNUFFT2,11,25,0.514811405
NativeNUFFT2,11,26,0.514373043
NativeNUFFT2,11,27,0.524285163
NativeNUFFT2,11,28,0.51383755
NativeNUFFT2,11,29,0.514488563
PrecorrectionNUFFT2,11,0,0.000892184
PrecorrectionNUFFT2,11,1,0.000863154
PrecorrectionNUFFT2,11,2,0.000864294
PrecorrectionNUFFT2,11,3,0.000898634
PrecorrectionNUFFT2,11,4,0.000878084
PrecorrectionNUFFT2,11,5,0.000860494
PrecorrectionNUFFT2,11,6,0.000883874
PrecorrectionNUFFT2,11,7,0.000858674
PrecorrectionNUFFT2,11,8,0.000866574
PrecorrectionNUFFT2,11,9,0.000892694
PrecorrectionNUFFT2,11,10,0.000866764
PrecorrectionNUFFT2,11,11,0.000860914
PrecorrectionNUFFT2,11,12,0.000890755
PrecorrectionNUFFT2,11,13,0.000860804
PrecorrectionNUFFT2,11,14,0.000868175
PrecorrectionNUFFT2,11,15,0.000887785
PrecorrectionNUFFT2,11,16,0.000870854
PrecorrectionNUFFT2,11,17,0.000864155
PrecorrectionNUFFT2,11,18,0.000888025
PrecorrectionNUFFT2,11,19,0.000864625
PrecorrectionNUFFT2,11,20,0.000865054
PrecorrectionNUFFT2,11,21,0.000883905
PrecorrectionNUFFT2,11,22,0.000862185
PrecorrectionNUFFT2,11,23,0.000864494
PrecorrectionNUFFT2,11,24,0.000882215
PrecorrectionNUFFT2,11,25,0.000860604
PrecorrectionNUFFT2,11,26,0.000861924
PrecorrectionNUFFT2,11,27,0.000888094
PrecorrectionNUFFT2,11,28,0.000861054
PrecorrectionNUFFT2,11,29,0.000862754
FFTNUFFT2,11,0,0.48991733
FFTNUFFT2,11,1,0.475515717
FFTNUFFT2,11,2,0.474534542
FFTNUFFT2,11,3,0.486545293
FFTNUFFT2,11,4,0.475509577
FFTNUFFT2,11,5,0.474686322
FFTNUFFT2,11,6,0.488657693
FFTNUFFT2,11,7,0.476513192
FFTNUFFT2,11,8,0.473585997
FFTNUFFT2,11,9,0.481394167
FFTNUFFT2,11,10,0.475384996
FFTNUFFT2,11,11,0.474972164
FFTNUFFT2,11,12,0.490993845
FFTNUFFT2,11,13,0.475822168
FFTNUFFT2,11,14,0.4761456
FFTNUFFT2,11,15,0.482012749
FFTNUFFT2,11,16,0.474766693
FFTNUFFT2,11,17,0.475759958
FFTNUFFT2,11,18,0.489234596
FFTNUFFT2,11,19,0.475642367
FFTNUFFT2,11,20,0.475798808
FFTNUFFT2,11,21,0.494159801
FFTNUFFT2,11,22,0.477407956
FFTNUFFT2,11,23,0.474313641
FFTNUFFT2,11,24,0.489570548
FFTNUFFT2,11,25,0.475445866
FFTNUFFT2,11,26,0.476412771
FFTNUFFT2,11,27,0.48612519
FFTNUFFT2,11,28,0.476313031
FFTNUFFT2,11,29,0.475187895
GatherNUFFT2,11,0,0.032379264
GatherNUFFT2,11,1,0.03550283
GatherNUFFT2,11,2,0.03961221
GatherNUFFT2,11,3,0.040907637
GatherNUFFT2,11,4,0.038080213
GatherNUFFT2,11,5,0.038192584
GatherNUFFT2,11,6,0.035981512
GatherNUFFT2,11,7,0.03757111
GatherNUFFT2,11,8,0.043112708
GatherNUFFT2,11,9,0.042896127
GatherNUFFT2,11,10,0.037720941
GatherNUFFT2,11,11,0.039088218
GatherNUFFT2,11,12,0.033339459
GatherNUFFT2,11,13,0.036196313
GatherNUFFT2,11,14,0.037429539
GatherNUFFT2,11,15,0.040731067
GatherNUFFT2,11,16,0.039410049
GatherNUFFT2,11,17,0.037320618
GatherNUFFT2,11,18,0.034852746
GatherNUFFT2,11,19,0.035724031
GatherNUFFT2,11,20,0.037371909
GatherNUFFT2,11,21,0.033525539
GatherNUFFT2,11,22,0.034568265
GatherNUFFT2,11,23,0.039371289
GatherNUFFT2,11,24,0.034553934
GatherNUFFT2,11,25,0.038485255
GatherNUFFT2,11,26,0.037074417
GatherNUFFT2,11,27,0.037252539
GatherNUFFT2,11,28,0.036643655
GatherNUFFT2,11,29,0.038418434
mainTimer,12,0,21.264706577
dumpData,12,0,0.011766976
dumpData,12,1,0.012754225
dumpData,12,2,0.012436345
dumpData,12,3,0.012489355
dumpData,12,4,0.011149926
dumpData,12,5,0.012526826
dumpData,12,6,0.011303586
dumpData,12,7,0.011836455
dumpData,12,8,0.012664555
dumpData,12,9,0.012428115
kick,12,0,0.001706549
kick,12,1,0.001768719
kick,12,2,0.001726599
kick,12,3,0.00176705
kick,12,4,0.001706649
kick,12,5,0.00176698
kick,12,6,0.001708349
kick,12,7,0.00176662
kick,12,8,0.001707549
kick,12,9,0.001765509
kick,12,10,0.001742279
kick,12,11,0.001767999
kick,12,12,0.001707639
kick,12,13,0.001768259
kick,12,14,0.001739999
kick,12,15,0.00176636
kick,12,16,0.00172589
kick,12,17,0.001767069
kick,12,18,0.00170438
kick,12,19,0.001767559
drift,12,0,0.001720689
drift,12,1,0.001719409
drift,12,2,0.001719599
drift,12,3,0.00171737
drift,12,4,0.00171998
drift,12,5,0.001718899
drift,12,6,0.001717309
drift,12,7,0.001718469
drift,12,8,0.001721139
drift,12,9,0.001719699
particleBC,12,0,0.003494419
particleBC,12,1,0.003495249
particleBC,12,2,0.003493499
particleBC,12,3,0.003494828
particleBC,12,4,0.003488838
particleBC,12,5,0.003497999
particleBC,12,6,0.003499109
particleBC,12,7,0.003494979
particleBC,12,8,0.003492709
particleBC,12,9,0.003492579
updateParticle,12,0,0.014550455
updateParticle,12,1,0.012530965
updateParticle,12,2,0.012488205
updateParticle,12,3,0.012444356
updateParticle,12,4,0.012624336
updateParticle,12,5,0.012483235
updateParticle,12,6,0.013207355
updateParticle,12,7,0.012160175
updateParticle,12,8,0.011415825
updateParticle,12,9,0.011360306
locateParticles,12,0,0.00143488
locateParticles,12,1,0.001419189
locateParticles,12,2,0.001423
locateParticles,12,3,0.00142785
locateParticles,12,4,0.00142103
locateParticles,12,5,0.00141787
locateParticles,12,6,0.001419119
locateParticles,12,7,0.00141629
locateParticles,12,8,0.001413389
locateParticles,12,9,0.001465499
sendPreprocess,12,0,0.001325459
sendPreprocess,12,1,0.00137348
sendPreprocess,12,2,0.001389889
sendPreprocess,12,3,0.001380989
sendPreprocess,12,4,0.001402169
sendPreprocess,12,5,0.001347809
sendPreprocess,12,6,0.00136683
sendPreprocess,12,7,0.001393969
sendPreprocess,12,8,0.00142824
sendPreprocess,12,9,0.00145589
particleSend,12,0,0.00124433
particleSend,12,1,0.001221009
particleSend,12,2,0.001257909
particleSend,12,3,0.0012102
particleSend,12,4,0.00125204
particleSend,12,5,0.00120621
particleSend,12,6,0.001247019
particleSend,12,7,0.00136957
particleSend,12,8,0.001196299
particleSend,12,9,0.001195199
particleRecv,12,0,3.448e-05
particleRecv,12,1,3.654e-05
particleRecv,12,2,3.698e-05
particleRecv,12,3,3.438e-05
particleRecv,12,4,3.235e-05
particleRecv,12,5,3.223e-05
particleRecv,12,6,4.565e-05
particleRecv,12,7,3.741e-05
particleRecv,12,8,3.652e-05
particleRecv,12,9,2.823e-05
particleDestroy,12,0,0.004659058
particleDestroy,12,1,0.004678179
particleDestroy,12,2,0.004686019
particleDestroy,12,3,0.004671568
particleDestroy,12,4,0.004681668
particleDestroy,12,5,0.004710848
particleDestroy,12,6,0.004674539
particleDestroy,12,7,0.004683508
particleDestroy,12,8,0.004665798
particleDestroy,12,9,0.004664549
ScatterPIFNUFFT,12,0,0.52723899
ScatterPIFNUFFT,12,1,0.00110689
ScatterPIFNUFFT,12,2,0.52908743
ScatterPIFNUFFT,12,3,0.00110951
ScatterPIFNUFFT,12,4,0.53042778
ScatterPIFNUFFT,12,5,0.001106329
ScatterPIFNUFFT,12,6,0.5279973
ScatterPIFNUFFT,12,7,0.001107669
ScatterPIFNUFFT,12,8,0.53023661
ScatterPIFNUFFT,12,9,0.001114479
ScatterPIFNUFFT,12,10,0.53019108
ScatterPIFNUFFT,12,11,0.001110009
ScatterPIFNUFFT,12,12,0.52925301
ScatterPIFNUFFT,12,13,0.001109349
ScatterPIFNUFFT,12,14,0.52997055
ScatterPIFNUFFT,12,15,0.001107769
ScatterPIFNUFFT,12,16,0.528549021
ScatterPIFNUFFT,12,17,0.00111144
ScatterPIFNUFFT,12,18,0.528417541
ScatterPIFNUFFT,12,19,0.001107459
NativeNUFFT1,12,0,0.523571472
NativeNUFFT1,12,1,0.524771912
NativeNUFFT1,12,2,0.525771951
NativeNUFFT1,12,3,0.523624953
NativeNUFFT1,12,4,0.526519952
NativeNUFFT1,12,5,0.525818381
NativeNUFFT1,12,6,0.524429492
NativeNUFFT1,12,7,0.525380032
NativeNUFFT1,12,8,0.524866212
NativeNUFFT1,12,9,0.523801402
scatterTimerNUFFT1,12,0,0.039436455
scatterTimerNUFFT1,12,1,0.039431885
scatterTimerNUFFT1,12,2,0.040371255
scatterTimerNUFFT1,12,3,0.040370655
scatterTimerNUFFT1,12,4,0.040086825
scatterTimerNUFFT1,12,5,0.039596075
scatterTimerNUFFT1,12,6,0.038340186
scatterTimerNUFFT1,12,7,0.039266825
scatterTimerNUFFT1,12,8,0.040558285
scatterTimerNUFFT1,12,9,0.038822046
binSort,12,0,0.008799737
binSort,12,1,0.008828726
binSort,12,2,0.008798797
binSort,12,3,0.008803606
binSort,12,4,0.008771696
binSort,12,5,0.008808086
binSort,12,6,0.008812026
binSort,12,7,0.008813977
binSort,12,8,0.008769427
binSort,12,9,0.008830117
binSort,12,10,0.008818097
binSort,12,11,0.008815287
binSort,12,12,0.008765367
binSort,12,13,0.008804277
binSort,12,14,0.008833826
binSort,12,15,0.008814567
binSort,12,16,0.008783627
binSort,12,17,0.008824437
binSort,12,18,0.008815437
binSort,12,19,0.008817107
binSort,12,20,0.008792377
binSort,12,21,0.008812227
binSort,12,22,0.008812116
binSort,12,23,0.008802667
binSort,12,24,0.008779807
binSort,12,25,0.008803496
binSort,12,26,0.008827077
binSort,12,27,0.008819777
binSort,12,28,0.008788197
binSort,12,29,0.008826557
binSort,12,30,0.008814977
binSort,12,31,0.008808357
binSort,12,32,0.008792417
binSort,12,33,0.008809767
binSort,12,34,0.008806997
binSort,12,35,0.008785816
binSort,12,36,0.008783627
binSort,12,37,0.008833047
binSort,12,38,0.008804277
binSort,12,39,0.008806926
binComputeKeys,12,0,0.00095509
binComputeKeys,12,1,0.00095912
binComputeKeys,12,2,0.00095691
binComputeKeys,12,3,0.000959649
binComputeKeys,12,4,0.000956909
binComputeKeys,12,5,0.000957579
binComputeKeys,12,6,0.000955949
binComputeKeys,12,7,0.00096111
binComputeKeys,12,8,0.000956059
binComputeKeys,12,9,0.00095528
binComputeKeys,12,10,0.0009563
binComputeKeys,12,11,0.00095847
binComputeKeys,12,12,0.00095636
binComputeKeys,12,13,0.00095643
binComputeKeys,12,14,0.000958509
binComputeKeys,12,15,0.00095772
binComputeKeys,12,16,0.00095764
binComputeKeys,12,17,0.00095703
binComputeKeys,12,18,0.0009601
binComputeKeys,12,19,0.00096166
binComputeKeys,12,20,0.00095596
binComputeKeys,12,21,0.00095799
binComputeKeys,12,22,0.000958119
binComputeKeys,12,23,0.00095693
binComputeKeys,12,24,0.00095423
binComputeKeys,12,25,0.000960549
binComputeKeys,12,26,0.00096306
binComputeKeys,12,27,0.000958489
binComputeKeys,12,28,0.00095708
binComputeKeys,12,29,0.00095807
binComputeKeys,12,30,0.00095582
binComputeKeys,12,31,0.00095849
binComputeKeys,12,32,0.00095411
binComputeKeys,12,33,0.0009573
binComputeKeys,12,34,0.0009595
binComputeKeys,12,35,0.000960319
binComputeKeys,12,36,0.0009564
binComputeKeys,12,37,0.00095859
binComputeKeys,12,38,0.00096087
binComputeKeys,12,39,0.000958059
binSortByKey,12,0,0.007593647
binSortByKey,12,1,0.007619217
binSortByKey,12,2,0.007590947
binSortByKey,12,3,0.007592087
binSortByKey,12,4,0.007569108
binSortByKey,12,5,0.007600587
binSortByKey,12,6,0.007605388
binSortByKey,12,7,0.007602757
binSortByKey,12,8,0.007566858
binSortByKey,12,9,0.007624827
binSortByKey,12,10,0.007611897
binSortByKey,12,11,0.007606087
binSortByKey,12,12,0.007563117
binSortByKey,12,13,0.007598447
binSortByKey,12,14,0.007618657
binSortByKey,12,15,0.007606427
binSortByKey,12,16,0.007579787
binSortByKey,12,17,0.007615687
binSortByKey,12,18,0.007604807
binSortByKey,12,19,0.007604867
binSortByKey,12,20,0.007590237
binSortByKey,12,21,0.007603667
binSortByKey,12,22,0.007603607
binSortByKey,12,23,0.007596417
binSortByKey,12,24,0.007577767
binSortByKey,12,25,0.007591507
binSortByKey,12,26,0.007612887
binSortByKey,12,27,0.007610318
binSortByKey,12,28,0.007585377
binSortByKey,12,29,0.007616537
binSortByKey,12,30,0.007607487
binSortByKey,12,31,0.007599187
binSortByKey,12,32,0.007585277
binSortByKey,12,33,0.007600777
binSortByKey,12,34,0.007597297
binSortByKey,12,35,0.007575277
binSortByKey,12,36,0.007581147
binSortByKey,12,37,0.007622647
binSortByKey,12,38,0.007593517
binSortByKey,12,39,0.007598487
binComputeOffsets,12,0,0.00024182
binComputeOffsets,12,1,0.000240999
binComputeOffsets,12,2,0.00024123
binComputeOffsets,12,3,0.00024195
binComputeOffsets,12,4,0.000236359
binComputeOffsets,12,5,0.00024062
binComputeOffsets,12,6,0.000241029
binComputeOffsets,12,7,0.0002407
binComputeOffsets,12,8,0.00023727
binComputeOffsets,12,9,0.00024061
binComputeOffsets,12,10,0.00024042
binComputeOffsets,12,11,0.00024131
binComputeOffsets,12,12,0.00023661
binComputeOffsets,12,13,0.00024011
binComputeOffsets,12,14,0.00024038
binComputeOffsets,12,15,0.00023994
binComputeOffsets,12,16,0.00023652
binComputeOffsets,12,17,0.00024104
binComputeOffsets,12,18,0.00024106
binComputeOffsets,12,19,0.00024038
binComputeOffsets,12,20,0.00023695
binComputeOffsets,12,21,0.00024103
binComputeOffsets,12,22,0.00024095
binComputeOffsets,12,23,0.00023997
binComputeOffsets,12,24,0.00023795
binComputeOffsets,12,25,0.00024197
binComputeOffsets,12,26,0.0002413
binComputeOffsets,12,27,0.00024043
binComputeOffsets,12,28,0.00023648
binComputeOffsets,12,29,0.00024163
binComputeOffsets,12,30,0.00024164
binComputeOffsets,12,31,0.00024036
binComputeOffsets,12,32,0.00024244
binComputeOffsets,12,33,0.00024223
binComputeOffsets,12,34,0.00024065
binComputeOffsets,12,35,0.00024058
binComputeOffsets,12,36,0.00023679
binComputeOffsets,12,37,0.00024155
binComputeOffsets,12,38,0.0002402
binComputeOffsets,12,39,0.00024088
FFTNUFFT1,12,0,0.483662927
FFTNUFFT1,12,1,0.484867727
FFTNUFFT1,12,2,0.484931146
FFTNUFFT1,12,3,0.482770248
FFTNUFFT1,12,4,0.485953887
FFTNUFFT1,12,5,0.485739587
FFTNUFFT1,12,6,0.485605346
FFTNUFFT1,12,7,0.485637377
FFTNUFFT1,12,8,0.483825887
FFTNUFFT1,12,9,0.484499977
deconvolutionNUFFT1,12,0,0.00046063
deconvolutionNUFFT1,12,1,0.00046065
deconvolutionNUFFT1,12,2,0.0004574
deconvolutionNUFFT1,12,3,0.00046437
deconvolutionNUFFT1,12,4,0.00046674
deconvolutionNUFFT1,12,5,0.000471479
deconvolutionNUFFT1,12,6,0.0004726
deconvolutionNUFFT1,12,7,0.00046367
deconvolutionNUFFT1,12,8,0.00046661
deconvolutionNUFFT1,12,9,0.000467819
GatherPIFNUFFT,12,0,1.555359492
GatherPIFNUFFT,12,1,1.559489571
GatherPIFNUFFT,12,2,1.56079127
GatherPIFNUFFT,12,3,1.56160404
GatherPIFNUFFT,12,4,1.557628831
GatherPIFNUFFT,12,5,1.556801151
GatherPIFNUFFT,12,6,1.556772041
GatherPIFNUFFT,12,7,1.558515411
GatherPIFNUFFT,12,8,1.558251612
GatherPIFNUFFT,12,9,1.557455031
NativeNUFFT2,12,0,0.512520256
NativeNUFFT2,12,1,0.512630746
NativeNUFFT2,12,2,0.515300255
NativeNUFFT2,12,3,0.515557455
NativeNUFFT2,12,4,0.514766726
NativeNUFFT2,12,5,0.514245746
NativeNUFFT2,12,6,0.513760405
NativeNUFFT2,12,7,0.514377085
NativeNUFFT2,12,8,0.517746854
NativeNUFFT2,12,9,0.516459255
NativeNUFFT2,12,10,0.514605095
NativeNUFFT2,12,11,0.515628595
NativeNUFFT2,12,12,0.514507655
NativeNUFFT2,12,13,0.513254087
NativeNUFFT2,12,14,0.514947965
NativeNUFFT2,12,15,0.511902407
NativeNUFFT2,12,16,0.515707426
NativeNUFFT2,12,17,0.514297385
NativeNUFFT2,12,18,0.515554986
NativeNUFFT2,12,19,0.512117436
NativeNUFFT2,12,20,0.514197395
NativeNUFFT2,12,21,0.515204005
NativeNUFFT2,12,22,0.513186196
NativeNUFFT2,12,23,0.515218555
NativeNUFFT2,12,24,0.513765516
NativeNUFFT2,12,25,0.515140256
NativeNUFFT2,12,26,0.514424836
NativeNUFFT2,12,27,0.514135856
NativeNUFFT2,12,28,0.515209056
NativeNUFFT2,12,29,0.513198316
PrecorrectionNUFFT2,12,0,0.00088657
PrecorrectionNUFFT2,12,1,0.000873239
PrecorrectionNUFFT2,12,2,0.0008628
PrecorrectionNUFFT2,12,3,0.000886069
PrecorrectionNUFFT2,12,4,0.00086437
PrecorrectionNUFFT2,12,5,0.00086461
PrecorrectionNUFFT2,12,6,0.000886399
PrecorrectionNUFFT2,12,7,0.000868729
PrecorrectionNUFFT2,12,8,0.000860129
PrecorrectionNUFFT2,12,9,0.000887369
PrecorrectionNUFFT2,12,10,0.00086201
PrecorrectionNUFFT2,12,11,0.000861439
PrecorrectionNUFFT2,12,12,0.000885199
PrecorrectionNUFFT2,12,13,0.00086506
PrecorrectionNUFFT2,12,14,0.000861089
PrecorrectionNUFFT2,12,15,0.00088381
PrecorrectionNUFFT2,12,16,0.00086138
PrecorrectionNUFFT2,12,17,0.000865309
PrecorrectionNUFFT2,12,18,0.00089276
PrecorrectionNUFFT2,12,19,0.00086522
PrecorrectionNUFFT2,12,20,0.000862219
PrecorrectionNUFFT2,12,21,0.000885829
PrecorrectionNUFFT2,12,22,0.00086773
PrecorrectionNUFFT2,12,23,0.000866689
PrecorrectionNUFFT2,12,24,0.00088514
PrecorrectionNUFFT2,12,25,0.00086354
PrecorrectionNUFFT2,12,26,0.00085758
PrecorrectionNUFFT2,12,27,0.00088941
PrecorrectionNUFFT2,12,28,0.00085893
PrecorrectionNUFFT2,12,29,0.00087416
FFTNUFFT2,12,0,0.486182846
FFTNUFFT2,12,1,0.484533007
FFTNUFFT2,12,2,0.484686487
FFTNUFFT2,12,3,0.486471837
FFTNUFFT2,12,4,0.484793567
FFTNUFFT2,12,5,0.482912117
FFTNUFFT2,12,6,0.482527598
FFTNUFFT2,12,7,0.484213237
FFTNUFFT2,12,8,0.483717508
FFTNUFFT2,12,9,0.481978658
FFTNUFFT2,12,10,0.483785007
FFTNUFFT2,12,11,0.485089587
FFTNUFFT2,12,12,0.484759307
FFTNUFFT2,12,13,0.483780447
FFTNUFFT2,12,14,0.483241798
FFTNUFFT2,12,15,0.486505066
FFTNUFFT2,12,16,0.485298777
FFTNUFFT2,12,17,0.485470437
FFTNUFFT2,12,18,0.482877428
FFTNUFFT2,12,19,0.482153707
FFTNUFFT2,12,20,0.485473117
FFTNUFFT2,12,21,0.482219528
FFTNUFFT2,12,22,0.485919466
FFTNUFFT2,12,23,0.484719847
FFTNUFFT2,12,24,0.486749376
FFTNUFFT2,12,25,0.484410087
FFTNUFFT2,12,26,0.483944367
FFTNUFFT2,12,27,0.484749447
FFTNUFFT2,12,28,0.483389637
FFTNUFFT2,12,29,0.482147628
GatherNUFFT2,12,0,0.0254306
GatherNUFFT2,12,1,0.0272039
GatherNUFFT2,12,2,0.029731238
GatherNUFFT2,12,3,0.028179739
GatherNUFFT2,12,4,0.029088969
GatherNUFFT2,12,5,0.030449709
GatherNUFFT2,12,6,0.030326568
GatherNUFFT2,12,7,0.029274619
GatherNUFFT2,12,8,0.033148837
GatherNUFFT2,12,9,0.033572838
GatherNUFFT2,12,10,0.029937418
GatherNUFFT2,12,11,0.029654879
GatherNUFFT2,12,12,0.028843189
GatherNUFFT2,12,13,0.02858844
GatherNUFFT2,12,14,0.030825298
GatherNUFFT2,12,15,0.024493461
GatherNUFFT2,12,16,0.029526389
GatherNUFFT2,12,17,0.027941079
GatherNUFFT2,12,18,0.031765218
GatherNUFFT2,12,19,0.029078219
GatherNUFFT2,12,20,0.027841659
GatherNUFFT2,12,21,0.032079538
GatherNUFFT2,12,22,0.02637846
GatherNUFFT2,12,23,0.029612059
GatherNUFFT2,12,24,0.02611074
GatherNUFFT2,12,25,0.029846649
GatherNUFFT2,12,26,0.029602519
GatherNUFFT2,12,27,0.028476229
GatherNUFFT2,12,28,0.030940059
GatherNUFFT2,12,29,0.030156628
mainTimer,13,0,21.264702247
dumpData,13,0,0.010755556
dumpData,13,1,0.010934996
dumpData,13,2,0.011279836
dumpData,13,3,0.010783956
dumpData,13,4,0.009315167
dumpData,13,5,0.010817366
dumpData,13,6,0.009483177
dumpData,13,7,0.009835546
dumpData,13,8,0.010686205
dumpData,13,9,0.010506286
kick,13,0,0.001860679
kick,13,1,0.0018832
kick,13,2,0.001858449
kick,13,3,0.001883319
kick,13,4,0.001852939
kick,13,5,0.001881929
kick,13,6,0.001847229
kick,13,7,0.001882029
kick,13,8,0.001855839
kick,13,9,0.001882129
kick,13,10,0.001875029
kick,13,11,0.00188101
kick,13,12,0.001856459
kick,13,13,0.001881379
kick,13,14,0.001876899
kick,13,15,0.001882869
kick,13,16,0.00187538
kick,13,17,0.00188171
kick,13,18,0.00185863
kick,13,19,0.001883879
drift,13,0,0.001831489
drift,13,1,0.001832999
drift,13,2,0.001832129
drift,13,3,0.00183069
drift,13,4,0.00183099
drift,13,5,0.001848979
drift,13,6,0.001831189
drift,13,7,0.001845969
drift,13,8,0.001833609
drift,13,9,0.001830829
particleBC,13,0,0.003719049
particleBC,13,1,0.003718559
particleBC,13,2,0.003726489
particleBC,13,3,0.003721078
particleBC,13,4,0.003716138
particleBC,13,5,0.003719539
particleBC,13,6,0.003722369
particleBC,13,7,0.003721439
particleBC,13,8,0.003717929
particleBC,13,9,0.003719609
updateParticle,13,0,0.015090004
updateParticle,13,1,0.012498045
updateParticle,13,2,0.012476555
updateParticle,13,3,0.012227926
updateParticle,13,4,0.013835755
updateParticle,13,5,0.012606015
updateParticle,13,6,0.013105955
updateParticle,13,7,0.012265355
updateParticle,13,8,0.012081945
updateParticle,13,9,0.011121175
locateParticles,13,0,0.001523929
locateParticles,13,1,0.001495459
locateParticles,13,2,0.001499409
locateParticles,13,3,0.00149692
locateParticles,13,4,0.001515
locateParticles,13,5,0.001519329
locateParticles,13,6,0.001518859
locateParticles,13,7,0.001509849
locateParticles,13,8,0.001502639
locateParticles,13,9,0.001507719
sendPreprocess,13,0,0.00074135
sendPreprocess,13,1,0.00083094
sendPreprocess,13,2,0.00082036
sendPreprocess,13,3,0.000834829
sendPreprocess,13,4,0.000820789
sendPreprocess,13,5,0.00076021
sendPreprocess,13,6,0.00078551
sendPreprocess,13,7,0.00080901
sendPreprocess,13,8,0.0008512
sendPreprocess,13,9,0.00092321
particleSend,13,0,0.00121709
particleSend,13,1,0.001263019
particleSend,13,2,0.001270259
particleSend,13,3,0.00127306
particleSend,13,4,0.00121715
particleSend,13,5,0.0012188
particleSend,13,6,0.001322919
particleSend,13,7,0.00121889
particleSend,13,8,0.001260469
particleSend,13,9,0.001286289
particleRecv,13,0,3.203e-05
particleRecv,13,1,3.643e-05
particleRecv,13,2,3.529e-05
particleRecv,13,3,3.568e-05
particleRecv,13,4,2.793e-05
particleRecv,13,5,3.668e-05
particleRecv,13,6,3.916e-05
particleRecv,13,7,3.743e-05
particleRecv,13,8,3.684e-05
particleRecv,13,9,2.89e-05
particleDestroy,13,0,0.005043888
particleDestroy,13,1,0.005039519
particleDestroy,13,2,0.005043009
particleDestroy,13,3,0.005040048
particleDestroy,13,4,0.005030718
particleDestroy,13,5,0.005040138
particleDestroy,13,6,0.005047398
particleDestroy,13,7,0.005033858
particleDestroy,13,8,0.005030218
particleDestroy,13,9,0.005063568
ScatterPIFNUFFT,13,0,0.527115591
ScatterPIFNUFFT,13,1,0.001117729
ScatterPIFNUFFT,13,2,0.530749219
ScatterPIFNUFFT,13,3,0.00111954
ScatterPIFNUFFT,13,4,0.52889293
ScatterPIFNUFFT,13,5,0.00111494
ScatterPIFNUFFT,13,6,0.526968551
ScatterPIFNUFFT,13,7,0.0011118
ScatterPIFNUFFT,13,8,0.52856548
ScatterPIFNUFFT,13,9,0.001115159
ScatterPIFNUFFT,13,10,0.5289961
ScatterPIFNUFFT,13,11,0.001111239
ScatterPIFNUFFT,13,12,0.525825541
ScatterPIFNUFFT,13,13,0.001115309
ScatterPIFNUFFT,13,14,0.527293311
ScatterPIFNUFFT,13,15,0.001111629
ScatterPIFNUFFT,13,16,0.52832875
ScatterPIFNUFFT,13,17,0.001111119
ScatterPIFNUFFT,13,18,0.532793459
ScatterPIFNUFFT,13,19,0.001113099
NativeNUFFT1,13,0,0.523331013
NativeNUFFT1,13,1,0.526508801
NativeNUFFT1,13,2,0.524444432
NativeNUFFT1,13,3,0.522653463
NativeNUFFT1,13,4,0.524749922
NativeNUFFT1,13,5,0.524966022
NativeNUFFT1,13,6,0.521136573
NativeNUFFT1,13,7,0.523017742
NativeNUFFT1,13,8,0.524174762
NativeNUFFT1,13,9,0.528323851
scatterTimerNUFFT1,13,0,0.039203065
scatterTimerNUFFT1,13,1,0.039912255
scatterTimerNUFFT1,13,2,0.041121674
scatterTimerNUFFT1,13,3,0.041696105
scatterTimerNUFFT1,13,4,0.039280015
scatterTimerNUFFT1,13,5,0.040886615
scatterTimerNUFFT1,13,6,0.038507086
scatterTimerNUFFT1,13,7,0.040095675
scatterTimerNUFFT1,13,8,0.040125875
scatterTimerNUFFT1,13,9,0.040065455
binSort,13,0,0.009353686
binSort,13,1,0.009392536
binSort,13,2,0.009403436
binSort,13,3,0.009393616
binSort,13,4,0.009357216
binSort,13,5,0.009389807
binSort,13,6,0.009389177
binSort,13,7,0.009382667
binSort,13,8,0.009333846
binSort,13,9,0.009389236
binSort,13,10,0.009378626
binSort,13,11,0.009386596
binSort,13,12,0.009336167
binSort,13,13,0.009369646
binSort,13,14,0.009373326
binSort,13,15,0.009377896
binSort,13,16,0.009339126
binSort,13,17,0.009399636
binSort,13,18,0.009379187
binSort,13,19,0.009381256
binSort,13,20,0.009343636
binSort,13,21,0.009377456
binSort,13,22,0.009384577
binSort,13,23,0.009398797
binSort,13,24,0.009333167
binSort,13,25,0.009371436
binSort,13,26,0.009370037
binSort,13,27,0.009377776
binSort,13,28,0.009340696
binSort,13,29,0.009379776
binSort,13,30,0.009377476
binSort,13,31,0.009378237
binSort,13,32,0.009362436
binSort,13,33,0.009375256
binSort,13,34,0.009368707
binSort,13,35,0.009383737
binSort,13,36,0.009327057
binSort,13,37,0.009377376
binSort,13,38,0.009384887
binSort,13,39,0.009372817
binComputeKeys,13,0,0.00101609
binComputeKeys,13,1,0.001018949
binComputeKeys,13,2,0.00101944
binComputeKeys,13,3,0.001019069
binComputeKeys,13,4,0.001015209
binComputeKeys,13,5,0.00101853
binComputeKeys,13,6,0.00101994
binComputeKeys,13,7,0.00101818
binComputeKeys,13,8,0.001014269
binComputeKeys,13,9,0.001019799
binComputeKeys,13,10,0.00101853
binComputeKeys,13,11,0.00102041
binComputeKeys,13,12,0.00101433
binComputeKeys,13,13,0.00102045
binComputeKeys,13,14,0.001017909
binComputeKeys,13,15,0.00101792
binComputeKeys,13,16,0.001014369
binComputeKeys,13,17,0.001019109
binComputeKeys,13,18,0.0010172
binComputeKeys,13,19,0.001018899
binComputeKeys,13,20,0.001018309
binComputeKeys,13,21,0.00101743
binComputeKeys,13,22,0.00101965
binComputeKeys,13,23,0.00101925
binComputeKeys,13,24,0.0010159
binComputeKeys,13,25,0.001019149
binComputeKeys,13,26,0.00101833
binComputeKeys,13,27,0.001021509
binComputeKeys,13,28,0.001017209
binComputeKeys,13,29,0.001019999
binComputeKeys,13,30,0.00101866
binComputeKeys,13,31,0.00101703
binComputeKeys,13,32,0.001020649
binComputeKeys,13,33,0.00101874
binComputeKeys,13,34,0.00101868
binComputeKeys,13,35,0.00101766
binComputeKeys,13,36,0.00101801
binComputeKeys,13,37,0.001018939
binComputeKeys,13,38,0.00101888
binComputeKeys,13,39,0.00101919
binSortByKey,13,0,0.008079177
binSortByKey,13,1,0.008111187
binSortByKey,13,2,0.008120487
binSortByKey,13,3,0.008108217
binSortByKey,13,4,0.008083147
binSortByKey,13,5,0.008105707
binSortByKey,13,6,0.008106577
binSortByKey,13,7,0.008100187
binSortByKey,13,8,0.008060997
binSortByKey,13,9,0.008106307
binSortByKey,13,10,0.008096527
binSortByKey,13,11,0.008100447
binSortByKey,13,12,0.008063337
binSortByKey,13,13,0.008085177
binSortByKey,13,14,0.008090357
binSortByKey,13,15,0.008096957
binSortByKey,13,16,0.008064457
binSortByKey,13,17,0.008115877
binSortByKey,13,18,0.008097767
binSortByKey,13,19,0.008098317
binSortByKey,13,20,0.008066727
binSortByKey,13,21,0.008095496
binSortByKey,13,22,0.008100537
binSortByKey,13,23,0.008116067
binSortByKey,13,24,0.008058307
binSortByKey,13,25,0.008087497
binSortByKey,13,26,0.008088137
binSortByKey,13,27,0.008093257
binSortByKey,13,28,0.008065187
binSortByKey,13,29,0.008095447
binSortByKey,13,30,0.008095397
binSortByKey,13,31,0.008098277
binSortByKey,13,32,0.008074877
binSortByKey,13,33,0.008091867
binSortByKey,13,34,0.008086017
binSortByKey,13,35,0.008102787
binSortByKey,13,36,0.008050547
binSortByKey,13,37,0.008094397
binSortByKey,13,38,0.008100517
binSortByKey,13,39,0.008089117
binComputeOffsets,13,0,0.0002491
binComputeOffsets,13,1,0.00025315
binComputeOffsets,13,2,0.000254259
binComputeOffsets,13,3,0.00025527
binComputeOffsets,13,4,0.00024963
binComputeOffsets,13,5,0.0002542
binComputeOffsets,13,6,0.00025352
binComputeOffsets,13,7,0.0002545
binComputeOffsets,13,8,0.00024934
binComputeOffsets,13,9,0.00025392
binComputeOffsets,13,10,0.000254219
binComputeOffsets,13,11,0.000255809
binComputeOffsets,13,12,0.00024919
binComputeOffsets,13,13,0.000253729
binComputeOffsets,13,14,0.00025501
binComputeOffsets,13,15,0.000253809
binComputeOffsets,13,16,0.00024968
binComputeOffsets,13,17,0.00025469
binComputeOffsets,13,18,0.00025498
binComputeOffsets,13,19,0.00025464
binComputeOffsets,13,20,0.00024946
binComputeOffsets,13,21,0.00025448
binComputeOffsets,13,22,0.00025513
binComputeOffsets,13,23,0.00025359
binComputeOffsets,13,24,0.00024972
binComputeOffsets,13,25,0.0002552
binComputeOffsets,13,26,0.00025362
binComputeOffsets,13,27,0.00025385
binComputeOffsets,13,28,0.00024906
binComputeOffsets,13,29,0.00025506
binComputeOffsets,13,30,0.000254119
binComputeOffsets,13,31,0.00025362
binComputeOffsets,13,32,0.00025013
binComputeOffsets,13,33,0.000254549
binComputeOffsets,13,34,0.00025383
binComputeOffsets,13,35,0.00025373
binComputeOffsets,13,36,0.00024925
binComputeOffsets,13,37,0.00025468
binComputeOffsets,13,38,0.00025599
binComputeOffsets,13,39,0.00025499
FFTNUFFT1,13,0,0.483648848
FFTNUFFT1,13,1,0.486124286
FFTNUFFT1,13,2,0.482850248
FFTNUFFT1,13,3,0.480486968
FFTNUFFT1,13,4,0.484992167
FFTNUFFT1,13,5,0.483601117
FFTNUFFT1,13,6,0.482154088
FFTNUFFT1,13,7,0.482447858
FFTNUFFT1,13,8,0.483559847
FFTNUFFT1,13,9,0.487779326
deconvolutionNUFFT1,13,0,0.0004669
deconvolutionNUFFT1,13,1,0.00046102
deconvolutionNUFFT1,13,2,0.00046094
deconvolutionNUFFT1,13,3,0.00045923
deconvolutionNUFFT1,13,4,0.00046547
deconvolutionNUFFT1,13,5,0.00046742
deconvolutionNUFFT1,13,6,0.000464309
deconvolutionNUFFT1,13,7,0.000463629
deconvolutionNUFFT1,13,8,0.00047465
deconvolutionNUFFT1,13,9,0.00046801
GatherPIFNUFFT,13,0,1.555959062
GatherPIFNUFFT,13,1,1.558931941
GatherPIFNUFFT,13,2,1.56324398
GatherPIFNUFFT,13,3,1.563904959
GatherPIFNUFFT,13,4,1.559408391
GatherPIFNUFFT,13,5,1.558939801
GatherPIFNUFFT,13,6,1.56200094
GatherPIFNUFFT,13,7,1.562719229
GatherPIFNUFFT,13,8,1.559221101
GatherPIFNUFFT,13,9,1.554436153
NativeNUFFT2,13,0,0.513638146
NativeNUFFT2,13,1,0.511660786
NativeNUFFT2,13,2,0.515041975
NativeNUFFT2,13,3,0.515568035
NativeNUFFT2,13,4,0.514537766
NativeNUFFT2,13,5,0.513215776
NativeNUFFT2,13,6,0.515900285
NativeNUFFT2,13,7,0.514161196
NativeNUFFT2,13,8,0.517473355
NativeNUFFT2,13,9,0.518451394
NativeNUFFT2,13,10,0.515133306
NativeNUFFT2,13,11,0.514705115
NativeNUFFT2,13,12,0.515280906
NativeNUFFT2,13,13,0.513750546
NativeNUFFT2,13,14,0.514743705
NativeNUFFT2,13,15,0.513755186
NativeNUFFT2,13,16,0.515492485
NativeNUFFT2,13,17,0.514048176
NativeNUFFT2,13,18,0.519813183
NativeNUFFT2,13,19,0.511931437
NativeNUFFT2,13,20,0.514630876
NativeNUFFT2,13,21,0.519435474
NativeNUFFT2,13,22,0.512465657
NativeNUFFT2,13,23,0.515199055
NativeNUFFT2,13,24,0.514056446
NativeNUFFT2,13,25,0.515421115
NativeNUFFT2,13,26,0.514127096
NativeNUFFT2,13,27,0.511536326
NativeNUFFT2,13,28,0.512720036
NativeNUFFT2,13,29,0.514557416
PrecorrectionNUFFT2,13,0,0.000889439
PrecorrectionNUFFT2,13,1,0.000863049
PrecorrectionNUFFT2,13,2,0.000863419
PrecorrectionNUFFT2,13,3,0.00088954
PrecorrectionNUFFT2,13,4,0.00086268
PrecorrectionNUFFT2,13,5,0.00086536
PrecorrectionNUFFT2,13,6,0.00088164
PrecorrectionNUFFT2,13,7,0.00086586
PrecorrectionNUFFT2,13,8,0.00086462
PrecorrectionNUFFT2,13,9,0.00089001
PrecorrectionNUFFT2,13,10,0.00085848
PrecorrectionNUFFT2,13,11,0.00086557
PrecorrectionNUFFT2,13,12,0.00088536
PrecorrectionNUFFT2,13,13,0.00086618
PrecorrectionNUFFT2,13,14,0.00086451
PrecorrectionNUFFT2,13,15,0.000891379
PrecorrectionNUFFT2,13,16,0.000859979
PrecorrectionNUFFT2,13,17,0.00087259
PrecorrectionNUFFT2,13,18,0.000886459
PrecorrectionNUFFT2,13,19,0.00085738
PrecorrectionNUFFT2,13,20,0.00086643
PrecorrectionNUFFT2,13,21,0.00088768
PrecorrectionNUFFT2,13,22,0.00086399
PrecorrectionNUFFT2,13,23,0.00087013
PrecorrectionNUFFT2,13,24,0.000885159
PrecorrectionNUFFT2,13,25,0.000859429
PrecorrectionNUFFT2,13,26,0.00086515
PrecorrectionNUFFT2,13,27,0.000886359
PrecorrectionNUFFT2,13,28,0.000862559
PrecorrectionNUFFT2,13,29,0.00086923
FFTNUFFT2,13,0,0.488434406
FFTNUFFT2,13,1,0.485390777
FFTNUFFT2,13,2,0.488679776
FFTNUFFT2,13,3,0.490266574
FFTNUFFT2,13,4,0.489303225
FFTNUFFT2,13,5,0.487888635
FFTNUFFT2,13,6,0.487092916
FFTNUFFT2,13,7,0.486494216
FFTNUFFT2,13,8,0.488806795
FFTNUFFT2,13,9,0.483205257
FFTNUFFT2,13,10,0.490007255
FFTNUFFT2,13,11,0.488382475
FFTNUFFT2,13,12,0.485667887
FFTNUFFT2,13,13,0.487776615
FFTNUFFT2,13,14,0.489614045
FFTNUFFT2,13,15,0.488151596
FFTNUFFT2,13,16,0.489832105
FFTNUFFT2,13,17,0.488149495
FFTNUFFT2,13,18,0.486040117
FFTNUFFT2,13,19,0.486314506
FFTNUFFT2,13,20,0.489502165
FFTNUFFT2,13,21,0.482887138
FFTNUFFT2,13,22,0.487274716
FFTNUFFT2,13,23,0.490023574
FFTNUFFT2,13,24,0.488254216
FFTNUFFT2,13,25,0.490322155
FFTNUFFT2,13,26,0.488871495
FFTNUFFT2,13,27,0.486363797
FFTNUFFT2,13,28,0.487068976
FFTNUFFT2,13,29,0.485862566
GatherNUFFT2,13,0,0.024294241
GatherNUFFT2,13,1,0.02538718
GatherNUFFT2,13,2,0.0254793
GatherNUFFT2,13,3,0.024391781
GatherNUFFT2,13,4,0.024352041
GatherNUFFT2,13,5,0.024442171
GatherNUFFT2,13,6,0.027906019
GatherNUFFT2,13,7,0.02678091
GatherNUFFT2,13,8,0.02778217
GatherNUFFT2,13,9,0.034336687
GatherNUFFT2,13,10,0.024248051
GatherNUFFT2,13,11,0.02543745
GatherNUFFT2,13,12,0.028707809
GatherNUFFT2,13,13,0.025088341
GatherNUFFT2,13,14,0.02424422
GatherNUFFT2,13,15,0.024693071
GatherNUFFT2,13,16,0.024779311
GatherNUFFT2,13,17,0.025006511
GatherNUFFT2,13,18,0.032866697
GatherNUFFT2,13,19,0.024739871
GatherNUFFT2,13,20,0.024243101
GatherNUFFT2,13,21,0.035641496
GatherNUFFT2,13,22,0.024307541
GatherNUFFT2,13,23,0.024285481
GatherNUFFT2,13,24,0.024897341
GatherNUFFT2,13,25,0.024219311
GatherNUFFT2,13,26,0.024370491
GatherNUFFT2,13,27,0.02426761
GatherNUFFT2,13,28,0.024768291
GatherNUFFT2,13,29,0.02780516
mainTimer,14,0,21.264703217
dumpData,14,0,0.013628515
dumpData,14,1,0.013841555
dumpData,14,2,0.013494415
dumpData,14,3,0.013610035
dumpData,14,4,0.012240296
dumpData,14,5,0.013650765
dumpData,14,6,0.012269386
dumpData,14,7,0.012828135
dumpData,14,8,0.013672384
dumpData,14,9,0.013458645
kick,14,0,0.001600859
kick,14,1,0.00165917
kick,14,2,0.001601999
kick,14,3,0.001660629
kick,14,4,0.001602909
kick,14,5,0.001661229
kick,14,6,0.001601099
kick,14,7,0.001657619
kick,14,8,0.001603079
kick,14,9,0.001660819
kick,14,10,0.001616059
kick,14,11,0.00166047
kick,14,12,0.001600699
kick,14,13,0.001659559
kick,14,14,0.001616489
kick,14,15,0.001661259
kick,14,16,0.00160478
kick,14,17,0.00166087
kick,14,18,0.00160236
kick,14,19,0.001662199
drift,14,0,0.00161451
drift,14,1,0.001615619
drift,14,2,0.001613179
drift,14,3,0.00161725
drift,14,4,0.00161648
drift,14,5,0.001615199
drift,14,6,0.001618809
drift,14,7,0.00161652
drift,14,8,0.001617299
drift,14,9,0.001616409
particleBC,14,0,0.003275208
particleBC,14,1,0.003278059
particleBC,14,2,0.003280059
particleBC,14,3,0.003279848
particleBC,14,4,0.003279198
particleBC,14,5,0.003274259
particleBC,14,6,0.003279979
particleBC,14,7,0.003283968
particleBC,14,8,0.003281589
particleBC,14,9,0.003279119
updateParticle,14,0,0.014201245
updateParticle,14,1,0.012629075
updateParticle,14,2,0.012828635
updateParticle,14,3,0.012130096
updateParticle,14,4,0.013713925
updateParticle,14,5,0.012326756
updateParticle,14,6,0.013853865
updateParticle,14,7,0.012438446
updateParticle,14,8,0.012317255
updateParticle,14,9,0.011495526
locateParticles,14,0,0.00139975
locateParticles,14,1,0.00138273
locateParticles,14,2,0.00137217
locateParticles,14,3,0.00137384
locateParticles,14,4,0.00137216
locateParticles,14,5,0.00137255
locateParticles,14,6,0.001386679
locateParticles,14,7,0.00137935
locateParticles,14,8,0.001367109
locateParticles,14,9,0.00136913
sendPreprocess,14,0,0.001787459
sendPreprocess,14,1,0.001850319
sendPreprocess,14,2,0.001857379
sendPreprocess,14,3,0.001856619
sendPreprocess,14,4,0.001866979
sendPreprocess,14,5,0.001844949
sendPreprocess,14,6,0.00182576
sendPreprocess,14,7,0.001866629
sendPreprocess,14,8,0.00190984
sendPreprocess,14,9,0.001967369
particleSend,14,0,0.00123585
particleSend,14,1,0.001244369
particleSend,14,2,0.001308129
particleSend,14,3,0.00119173
particleSend,14,4,0.00123656
particleSend,14,5,0.00118955
particleSend,14,6,0.001193449
particleSend,14,7,0.00134937
particleSend,14,8,0.001192859
particleSend,14,9,0.001260959
particleRecv,14,0,2.953e-05
particleRecv,14,1,3.292e-05
particleRecv,14,2,3.984e-05
particleRecv,14,3,3.737e-05
particleRecv,14,4,2.844e-05
particleRecv,14,5,3.404e-05
particleRecv,14,6,3.566e-05
particleRecv,14,7,3.756e-05
particleRecv,14,8,3.48e-05
particleRecv,14,9,2.934e-05
particleDestroy,14,0,0.004625648
particleDestroy,14,1,0.004583609
particleDestroy,14,2,0.004589179
particleDestroy,14,3,0.004617088
particleDestroy,14,4,0.004604828
particleDestroy,14,5,0.004592618
particleDestroy,14,6,0.004581709
particleDestroy,14,7,0.004611098
particleDestroy,14,8,0.004600098
particleDestroy,14,9,0.004587899
ScatterPIFNUFFT,14,0,0.523604852
ScatterPIFNUFFT,14,1,0.001117859
ScatterPIFNUFFT,14,2,0.525243422
ScatterPIFNUFFT,14,3,0.001108119
ScatterPIFNUFFT,14,4,0.523103313
ScatterPIFNUFFT,14,5,0.00111862
ScatterPIFNUFFT,14,6,0.522466852
ScatterPIFNUFFT,14,7,0.00111486
ScatterPIFNUFFT,14,8,0.525952981
ScatterPIFNUFFT,14,9,0.00110782
ScatterPIFNUFFT,14,10,0.525886692
ScatterPIFNUFFT,14,11,0.001116699
ScatterPIFNUFFT,14,12,0.526306501
ScatterPIFNUFFT,14,13,0.001111999
ScatterPIFNUFFT,14,14,0.525044732
ScatterPIFNUFFT,14,15,0.001112059
ScatterPIFNUFFT,14,16,0.526327591
ScatterPIFNUFFT,14,17,0.001112829
ScatterPIFNUFFT,14,18,0.52806233
ScatterPIFNUFFT,14,19,0.001116589
NativeNUFFT1,14,0,0.520111233
NativeNUFFT1,14,1,0.520755933
NativeNUFFT1,14,2,0.518467574
NativeNUFFT1,14,3,0.518889344
NativeNUFFT1,14,4,0.522402413
NativeNUFFT1,14,5,0.522351682
NativeNUFFT1,14,6,0.521793403
NativeNUFFT1,14,7,0.520479143
NativeNUFFT1,14,8,0.522714933
NativeNUFFT1,14,9,0.523502713
scatterTimerNUFFT1,14,0,0.040055625
scatterTimerNUFFT1,14,1,0.038736325
scatterTimerNUFFT1,14,2,0.040446755
scatterTimerNUFFT1,14,3,0.041987684
scatterTimerNUFFT1,14,4,0.039275915
scatterTimerNUFFT1,14,5,0.041088864
scatterTimerNUFFT1,14,6,0.038516516
scatterTimerNUFFT1,14,7,0.039251905
scatterTimerNUFFT1,14,8,0.040303045
scatterTimerNUFFT1,14,9,0.039240446
binSort,14,0,0.008292837
binSort,14,1,0.008344267
binSort,14,2,0.008344827
binSort,14,3,0.008329177
binSort,14,4,0.008260717
binSort,14,5,0.008329687
binSort,14,6,0.008310327
binSort,14,7,0.008324257
binSort,14,8,0.008276337
binSort,14,9,0.008328446
binSort,14,10,0.008308127
binSort,14,11,0.008326726
binSort,14,12,0.008322177
binSort,14,13,0.008371647
binSort,14,14,0.008355077
binSort,14,15,0.008357106
binSort,14,16,0.008344417
binSort,14,17,0.008428207
binSort,14,18,0.008389547
binSort,14,19,0.008390487
binSort,14,20,0.008324297
binSort,14,21,0.008356047
binSort,14,22,0.008338057
binSort,14,23,0.008342227
binSort,14,24,0.008288437
binSort,14,25,0.008378276
binSort,14,26,0.008392416
binSort,14,27,0.008372117
binSort,14,28,0.008271897
binSort,14,29,0.008317317
binSort,14,30,0.008328656
binSort,14,31,0.008319247
binSort,14,32,0.008275607
binSort,14,33,0.008347477
binSort,14,34,0.008337607
binSort,14,35,0.008343927
binSort,14,36,0.008285737
binSort,14,37,0.008361066
binSort,14,38,0.008357697
binSort,14,39,0.008356557
binComputeKeys,14,0,0.000897729
binComputeKeys,14,1,0.00090116
binComputeKeys,14,2,0.000902489
binComputeKeys,14,3,0.00089791
binComputeKeys,14,4,0.00089447
binComputeKeys,14,5,0.00090519
binComputeKeys,14,6,0.00089992
binComputeKeys,14,7,0.00090103
binComputeKeys,14,8,0.000897499
binComputeKeys,14,9,0.000902559
binComputeKeys,14,10,0.00089795
binComputeKeys,14,11,0.000900569
binComputeKeys,14,12,0.000898799
binComputeKeys,14,13,0.00089805
binComputeKeys,14,14,0.00089916
binComputeKeys,14,15,0.000901099
binComputeKeys,14,16,0.00089894
binComputeKeys,14,17,0.000900679
binComputeKeys,14,18,0.000898949
binComputeKeys,14,19,0.00090221
binComputeKeys,14,20,0.00089813
binComputeKeys,14,21,0.00090211
binComputeKeys,14,22,0.00089952
binComputeKeys,14,23,0.00089815
binComputeKeys,14,24,0.00089806
binComputeKeys,14,25,0.000899419
binComputeKeys,14,26,0.000901639
binComputeKeys,14,27,0.00090035
binComputeKeys,14,28,0.0008992
binComputeKeys,14,29,0.00090116
binComputeKeys,14,30,0.000902209
binComputeKeys,14,31,0.00089825
binComputeKeys,14,32,0.00089884
binComputeKeys,14,33,0.000900199
binComputeKeys,14,34,0.0009013
binComputeKeys,14,35,0.000898609
binComputeKeys,14,36,0.00089719
binComputeKeys,14,37,0.000901699
binComputeKeys,14,38,0.00089968
binComputeKeys,14,39,0.00090085
binSortByKey,14,0,0.007160608
binSortByKey,14,1,0.007203617
binSortByKey,14,2,0.007201728
binSortByKey,14,3,0.007192477
binSortByKey,14,4,0.007132277
binSortByKey,14,5,0.007184037
binSortByKey,14,6,0.007171427
binSortByKey,14,7,0.007183387
binSortByKey,14,8,0.007144498
binSortByKey,14,9,0.007186698
binSortByKey,14,10,0.007169317
binSortByKey,14,11,0.007183778
binSortByKey,14,12,0.007188728
binSortByKey,14,13,0.007234057
binSortByKey,14,14,0.007214897
binSortByKey,14,15,0.007216757
binSortByKey,14,16,0.007209307
binSortByKey,14,17,0.007287508
binSortByKey,14,18,0.007250448
binSortByKey,14,19,0.007249227
binSortByKey,14,20,0.007190997
binSortByKey,14,21,0.007212887
binSortByKey,14,22,0.007199137
binSortByKey,14,23,0.007202967
binSortByKey,14,24,0.007154627
binSortByKey,14,25,0.007238397
binSortByKey,14,26,0.007249978
binSortByKey,14,27,0.007232337
binSortByKey,14,28,0.007137037
binSortByKey,14,29,0.007175117
binSortByKey,14,30,0.007185237
binSortByKey,14,31,0.007182077
binSortByKey,14,32,0.007134217
binSortByKey,14,33,0.007204218
binSortByKey,14,34,0.007196707
binSortByKey,14,35,0.007206418
binSortByKey,14,36,0.007151797
binSortByKey,14,37,0.007219268
binSortByKey,14,38,0.007216857
binSortByKey,14,39,0.007214837
binComputeOffsets,14,0,0.00022522
binComputeOffsets,14,1,0.00023011
binComputeOffsets,14,2,0.00023117
binComputeOffsets,14,3,0.00022974
binComputeOffsets,14,4,0.00022476
binComputeOffsets,14,5,0.00023058
binComputeOffsets,14,6,0.00022931
binComputeOffsets,14,7,0.00022998
binComputeOffsets,14,8,0.00022509
binComputeOffsets,14,9,0.000229989
binComputeOffsets,14,10,0.00023112
binComputeOffsets,14,11,0.000233049
binComputeOffsets,14,12,0.00022534
binComputeOffsets,14,13,0.0002301
binComputeOffsets,14,14,0.00023126
binComputeOffsets,14,15,0.00022998
binComputeOffsets,14,16,0.00022589
binComputeOffsets,14,17,0.00023018
binComputeOffsets,14,18,0.00023022
binComputeOffsets,14,19,0.00022972
binComputeOffsets,14,20,0.00022586
binComputeOffsets,14,21,0.00023066
binComputeOffsets,14,22,0.00022966
binComputeOffsets,14,23,0.00023161
binComputeOffsets,14,24,0.00022584
binComputeOffsets,14,25,0.00023134
binComputeOffsets,14,26,0.000230799
binComputeOffsets,14,27,0.00022984
binComputeOffsets,14,28,0.0002264
binComputeOffsets,14,29,0.00023173
binComputeOffsets,14,30,0.00023156
binComputeOffsets,14,31,0.00022957
binComputeOffsets,14,32,0.00022728
binComputeOffsets,14,33,0.00023201
binComputeOffsets,14,34,0.00023011
binComputeOffsets,14,35,0.00022921
binComputeOffsets,14,36,0.00022593
binComputeOffsets,14,37,0.000230249
binComputeOffsets,14,38,0.00023179
binComputeOffsets,14,39,0.00023073
FFTNUFFT1,14,0,0.479583669
FFTNUFFT1,14,1,0.481535058
FFTNUFFT1,14,2,0.477541769
FFTNUFFT1,14,3,0.476411
FFTNUFFT1,14,4,0.482644678
FFTNUFFT1,14,5,0.480782958
FFTNUFFT1,14,6,0.482809407
FFTNUFFT1,14,7,0.480742409
FFTNUFFT1,14,8,0.481923618
FFTNUFFT1,14,9,0.483773347
deconvolutionNUFFT1,14,0,0.000460019
deconvolutionNUFFT1,14,1,0.0004728
deconvolutionNUFFT1,14,2,0.00046717
deconvolutionNUFFT1,14,3,0.00047897
deconvolutionNUFFT1,14,4,0.00046844
deconvolutionNUFFT1,14,5,0.00046851
deconvolutionNUFFT1,14,6,0.00045638
deconvolutionNUFFT1,14,7,0.000471969
deconvolutionNUFFT1,14,8,0.00047148
deconvolutionNUFFT1,14,9,0.00047642
GatherPIFNUFFT,14,0,1.558985641
GatherPIFNUFFT,14,1,1.562925639
GatherPIFNUFFT,14,2,1.567638458
GatherPIFNUFFT,14,3,1.567076948
GatherPIFNUFFT,14,4,1.560701921
GatherPIFNUFFT,14,5,1.56088476
GatherPIFNUFFT,14,6,1.558844231
GatherPIFNUFFT,14,7,1.562832999
GatherPIFNUFFT,14,8,1.559497381
GatherPIFNUFFT,14,9,1.557609651
NativeNUFFT2,14,0,0.516516064
NativeNUFFT2,14,1,0.512714166
NativeNUFFT2,14,2,0.515469976
NativeNUFFT2,14,3,0.519343164
NativeNUFFT2,14,4,0.515101695
NativeNUFFT2,14,5,0.514190216
NativeNUFFT2,14,6,0.520555104
NativeNUFFT2,14,7,0.514751625
NativeNUFFT2,14,8,0.518060194
NativeNUFFT2,14,9,0.522357373
NativeNUFFT2,14,10,0.514783576
NativeNUFFT2,14,11,0.515668115
NativeNUFFT2,14,12,0.517774744
NativeNUFFT2,14,13,0.513434216
NativeNUFFT2,14,14,0.515209025
NativeNUFFT2,14,15,0.516319395
NativeNUFFT2,14,16,0.515908095
NativeNUFFT2,14,17,0.514392196
NativeNUFFT2,14,18,0.517388595
NativeNUFFT2,14,19,0.512340757
NativeNUFFT2,14,20,0.514843135
NativeNUFFT2,14,21,0.520102383
NativeNUFFT2,14,22,0.513199067
NativeNUFFT2,14,23,0.515273105
NativeNUFFT2,14,24,0.515116765
NativeNUFFT2,14,25,0.515384716
NativeNUFFT2,14,26,0.514595986
NativeNUFFT2,14,27,0.514449385
NativeNUFFT2,14,28,0.514504915
NativeNUFFT2,14,29,0.514396105
PrecorrectionNUFFT2,14,0,0.000886329
PrecorrectionNUFFT2,14,1,0.000860099
PrecorrectionNUFFT2,14,2,0.00086687
PrecorrectionNUFFT2,14,3,0.00088944
PrecorrectionNUFFT2,14,4,0.000866169
PrecorrectionNUFFT2,14,5,0.00086254
PrecorrectionNUFFT2,14,6,0.00088831
PrecorrectionNUFFT2,14,7,0.00086407
PrecorrectionNUFFT2,14,8,0.00086515
PrecorrectionNUFFT2,14,9,0.0008916
PrecorrectionNUFFT2,14,10,0.000873
PrecorrectionNUFFT2,14,11,0.00086576
PrecorrectionNUFFT2,14,12,0.00089812
PrecorrectionNUFFT2,14,13,0.000876399
PrecorrectionNUFFT2,14,14,0.00085907
PrecorrectionNUFFT2,14,15,0.0008874
PrecorrectionNUFFT2,14,16,0.000866589
PrecorrectionNUFFT2,14,17,0.00086751
PrecorrectionNUFFT2,14,18,0.00088733
PrecorrectionNUFFT2,14,19,0.00086256
PrecorrectionNUFFT2,14,20,0.00086353
PrecorrectionNUFFT2,14,21,0.000893569
PrecorrectionNUFFT2,14,22,0.00086534
PrecorrectionNUFFT2,14,23,0.0008654
PrecorrectionNUFFT2,14,24,0.000888419
PrecorrectionNUFFT2,14,25,0.00086443
PrecorrectionNUFFT2,14,26,0.00086304
PrecorrectionNUFFT2,14,27,0.000894319
PrecorrectionNUFFT2,14,28,0.000859569
PrecorrectionNUFFT2,14,29,0.000861559
FFTNUFFT2,14,0,0.490712875
FFTNUFFT2,14,1,0.481168549
FFTNUFFT2,14,2,0.480926108
FFTNUFFT2,14,3,0.489394075
FFTNUFFT2,14,4,0.485039477
FFTNUFFT2,14,5,0.483584287
FFTNUFFT2,14,6,0.490670415
FFTNUFFT2,14,7,0.486084026
FFTNUFFT2,14,8,0.486911827
FFTNUFFT2,14,9,0.485716586
FFTNUFFT2,14,10,0.488281355
FFTNUFFT2,14,11,0.484557397
FFTNUFFT2,14,12,0.489025755
FFTNUFFT2,14,13,0.486093797
FFTNUFFT2,14,14,0.486553176
FFTNUFFT2,14,15,0.488554866
FFTNUFFT2,14,16,0.484378367
FFTNUFFT2,14,17,0.482775137
FFTNUFFT2,14,18,0.485388177
FFTNUFFT2,14,19,0.487330436
FFTNUFFT2,14,20,0.485877306
FFTNUFFT2,14,21,0.488149996
FFTNUFFT2,14,22,0.483240828
FFTNUFFT2,14,23,0.484945776
FFTNUFFT2,14,24,0.486092477
FFTNUFFT2,14,25,0.484222347
FFTNUFFT2,14,26,0.486738476
FFTNUFFT2,14,27,0.486491537
FFTNUFFT2,14,28,0.486783166
FFTNUFFT2,14,29,0.482250608
GatherNUFFT2,14,0,0.02489589
GatherNUFFT2,14,1,0.030665198
GatherNUFFT2,14,2,0.033656078
GatherNUFFT2,14,3,0.029038899
GatherNUFFT2,14,4,0.029174969
GatherNUFFT2,14,5,0.029722519
GatherNUFFT2,14,6,0.028975499
GatherNUFFT2,14,7,0.027782729
GatherNUFFT2,14,8,0.030260528
GatherNUFFT2,14,9,0.035728607
GatherNUFFT2,14,10,0.025608851
GatherNUFFT2,14,11,0.030223588
GatherNUFFT2,14,12,0.027830429
GatherNUFFT2,14,13,0.02644127
GatherNUFFT2,14,14,0.027775089
GatherNUFFT2,14,15,0.026856559
GatherNUFFT2,14,16,0.030641359
GatherNUFFT2,14,17,0.030728949
GatherNUFFT2,14,18,0.031093278
GatherNUFFT2,14,19,0.024126641
GatherNUFFT2,14,20,0.028081019
GatherNUFFT2,14,21,0.031038698
GatherNUFFT2,14,22,0.029071979
GatherNUFFT2,14,23,0.029440959
GatherNUFFT2,14,24,0.028115219
GatherNUFFT2,14,25,0.030276789
GatherNUFFT2,14,26,0.02697412
GatherNUFFT2,14,27,0.027043169
GatherNUFFT2,14,28,0.0268404
GatherNUFFT2,14,29,0.031263498
mainTimer,15,0,21.264706877
dumpData,15,0,0.012471446
dumpData,15,1,0.011951326
dumpData,15,2,0.010713946
dumpData,15,3,0.011802926
dumpData,15,4,0.010332696
dumpData,15,5,0.011825896
dumpData,15,6,0.010491996
dumpData,15,7,0.010838366
dumpData,15,8,0.011715705
dumpData,15,9,0.011338296
kick,15,0,0.001733719
kick,15,1,0.001765639
kick,15,2,0.001709049
kick,15,3,0.001768619
kick,15,4,0.001723759
kick,15,5,0.001768119
kick,15,6,0.001753009
kick,15,7,0.001769519
kick,15,8,0.001726119
kick,15,9,0.00176655
kick,15,10,0.001763389
kick,15,11,0.001767139
kick,15,12,0.001723799
kick,15,13,0.00177469
kick,15,14,0.001758949
kick,15,15,0.001776109
kick,15,16,0.00175102
kick,15,17,0.001767739
kick,15,18,0.00172698
kick,15,19,0.001768749
drift,15,0,0.001716929
drift,15,1,0.001718059
drift,15,2,0.001721589
drift,15,3,0.00172028
drift,15,4,0.0017202
drift,15,5,0.001720769
drift,15,6,0.001720849
drift,15,7,0.001720539
drift,15,8,0.001726959
drift,15,9,0.001720219
particleBC,15,0,0.003494709
particleBC,15,1,0.003494739
particleBC,15,2,0.003493379
particleBC,15,3,0.003497628
particleBC,15,4,0.003490188
particleBC,15,5,0.003495749
particleBC,15,6,0.003490269
particleBC,15,7,0.003496229
particleBC,15,8,0.003500499
particleBC,15,9,0.003492849
updateParticle,15,0,0.013200985
updateParticle,15,1,0.012785625
updateParticle,15,2,0.012534075
updateParticle,15,3,0.012727136
updateParticle,15,4,0.011525476
updateParticle,15,5,0.012470525
updateParticle,15,6,0.013920615
updateParticle,15,7,0.012644205
updateParticle,15,8,0.012426835
updateParticle,15,9,0.011683705
locateParticles,15,0,0.00146756
locateParticles,15,1,0.001453199
locateParticles,15,2,0.00145727
locateParticles,15,3,0.00144837
locateParticles,15,4,0.00147225
locateParticles,15,5,0.00146109
locateParticles,15,6,0.001471799
locateParticles,15,7,0.00146799
locateParticles,15,8,0.001489319
locateParticles,15,9,0.001454609
sendPreprocess,15,0,0.001268309
sendPreprocess,15,1,0.0013543
sendPreprocess,15,2,0.001336679
sendPreprocess,15,3,0.001307429
sendPreprocess,15,4,0.001330669
sendPreprocess,15,5,0.001287069
sendPreprocess,15,6,0.00130531
sendPreprocess,15,7,0.001315469
sendPreprocess,15,8,0.00130707
sendPreprocess,15,9,0.00144147
particleSend,15,0,0.00126218
particleSend,15,1,0.001204959
particleSend,15,2,0.001263469
particleSend,15,3,0.00126724
particleSend,15,4,0.00131756
particleSend,15,5,0.00121591
particleSend,15,6,0.001211559
particleSend,15,7,0.00122386
particleSend,15,8,0.001337779
particleSend,15,9,0.001289759
particleRecv,15,0,3.791e-05
particleRecv,15,1,3.843e-05
particleRecv,15,2,3.779e-05
particleRecv,15,3,3.874e-05
particleRecv,15,4,2.796e-05
particleRecv,15,5,3.265e-05
particleRecv,15,6,3.646e-05
particleRecv,15,7,3.744e-05
particleRecv,15,8,5.398e-05
particleRecv,15,9,3.126e-05
particleDestroy,15,0,0.004965588
particleDestroy,15,1,0.004953829
particleDestroy,15,2,0.004955829
particleDestroy,15,3,0.004997588
particleDestroy,15,4,0.004957738
particleDestroy,15,5,0.004970738
particleDestroy,15,6,0.004950188
particleDestroy,15,7,0.004970148
particleDestroy,15,8,0.004974208
particleDestroy,15,9,0.004978878
ScatterPIFNUFFT,15,0,0.525937631
ScatterPIFNUFFT,15,1,0.00110916
ScatterPIFNUFFT,15,2,0.526523811
ScatterPIFNUFFT,15,3,0.001111699
ScatterPIFNUFFT,15,4,0.525711922
ScatterPIFNUFFT,15,5,0.00110997
ScatterPIFNUFFT,15,6,0.511240437
ScatterPIFNUFFT,15,7,0.00111563
ScatterPIFNUFFT,15,8,0.526213971
ScatterPIFNUFFT,15,9,0.001104209
ScatterPIFNUFFT,15,10,0.524428142
ScatterPIFNUFFT,15,11,0.001114439
ScatterPIFNUFFT,15,12,0.521796262
ScatterPIFNUFFT,15,13,0.00112242
ScatterPIFNUFFT,15,14,0.509554718
ScatterPIFNUFFT,15,15,0.0011111
ScatterPIFNUFFT,15,16,0.524467212
ScatterPIFNUFFT,15,17,0.00111432
ScatterPIFNUFFT,15,18,0.523342033
ScatterPIFNUFFT,15,19,0.00111835
NativeNUFFT1,15,0,0.522267903
NativeNUFFT1,15,1,0.522275803
NativeNUFFT1,15,2,0.521032333
NativeNUFFT1,15,3,0.507105909
NativeNUFFT1,15,4,0.522524443
NativeNUFFT1,15,5,0.520001134
NativeNUFFT1,15,6,0.517549805
NativeNUFFT1,15,7,0.505390389
NativeNUFFT1,15,8,0.520407823
NativeNUFFT1,15,9,0.519030764
scatterTimerNUFFT1,15,0,0.041084335
scatterTimerNUFFT1,15,1,0.038952155
scatterTimerNUFFT1,15,2,0.040498295
scatterTimerNUFFT1,15,3,0.040931515
scatterTimerNUFFT1,15,4,0.041473414
scatterTimerNUFFT1,15,5,0.040175165
scatterTimerNUFFT1,15,6,0.038561896
scatterTimerNUFFT1,15,7,0.039359875
scatterTimerNUFFT1,15,8,0.039419355
scatterTimerNUFFT1,15,9,0.039214595
binSort,15,0,0.008791667
binSort,15,1,0.008816987
binSort,15,2,0.008822846
binSort,15,3,0.008831397
binSort,15,4,0.008779306
binSort,15,5,0.008829037
binSort,15,6,0.008834607
binSort,15,7,0.008810777
binSort,15,8,0.008774796
binSort,15,9,0.008833246
binSort,15,10,0.008820256
binSort,15,11,0.008831457
binSort,15,12,0.008785517
binSort,15,13,0.008852637
binSort,15,14,0.008827447
binSort,15,15,0.008830446
binSort,15,16,0.008787866
binSort,15,17,0.008846127
binSort,15,18,0.008847237
binSort,15,19,0.008845817
binSort,15,20,0.008791307
binSort,15,21,0.008846616
binSort,15,22,0.008845107
binSort,15,23,0.008847647
binSort,15,24,0.008781857
binSort,15,25,0.008881156
binSort,15,26,0.008864316
binSort,15,27,0.008868547
binSort,15,28,0.008791887
binSort,15,29,0.008839697
binSort,15,30,0.008838067
binSort,15,31,0.008927317
binSort,15,32,0.008791356
binSort,15,33,0.008861647
binSort,15,34,0.008831087
binSort,15,35,0.008833047
binSort,15,36,0.008779887
binSort,15,37,0.008839166
binSort,15,38,0.008841396
binSort,15,39,0.008840096
binComputeKeys,15,0,0.00095544
binComputeKeys,15,1,0.0009575
binComputeKeys,15,2,0.000956779
binComputeKeys,15,3,0.00095927
binComputeKeys,15,4,0.000956289
binComputeKeys,15,5,0.00095711
binComputeKeys,15,6,0.00096001
binComputeKeys,15,7,0.0009547
binComputeKeys,15,8,0.000955399
binComputeKeys,15,9,0.000957759
binComputeKeys,15,10,0.000958759
binComputeKeys,15,11,0.00095805
binComputeKeys,15,12,0.0009561
binComputeKeys,15,13,0.00096118
binComputeKeys,15,14,0.00095954
binComputeKeys,15,15,0.00095685
binComputeKeys,15,16,0.000957389
binComputeKeys,15,17,0.00095713
binComputeKeys,15,18,0.00095913
binComputeKeys,15,19,0.00095732
binComputeKeys,15,20,0.00095574
binComputeKeys,15,21,0.000956349
binComputeKeys,15,22,0.0009565
binComputeKeys,15,23,0.0009601
binComputeKeys,15,24,0.00095465
binComputeKeys,15,25,0.000958769
binComputeKeys,15,26,0.000958939
binComputeKeys,15,27,0.0009611
binComputeKeys,15,28,0.00095505
binComputeKeys,15,29,0.00095644
binComputeKeys,15,30,0.0009559
binComputeKeys,15,31,0.00096461
binComputeKeys,15,32,0.000955139
binComputeKeys,15,33,0.00097547
binComputeKeys,15,34,0.00095854
binComputeKeys,15,35,0.000959159
binComputeKeys,15,36,0.00095567
binComputeKeys,15,37,0.000955219
binComputeKeys,15,38,0.000958149
binComputeKeys,15,39,0.000960859
binSortByKey,15,0,0.007590647
binSortByKey,15,1,0.007608857
binSortByKey,15,2,0.007614697
binSortByKey,15,3,0.007620957
binSortByKey,15,4,0.007577077
binSortByKey,15,5,0.007621767
binSortByKey,15,6,0.007623957
binSortByKey,15,7,0.007605357
binSortByKey,15,8,0.007572498
binSortByKey,15,9,0.007622977
binSortByKey,15,10,0.007609787
binSortByKey,15,11,0.007619167
binSortByKey,15,12,0.007583467
binSortByKey,15,13,0.007639977
binSortByKey,15,14,0.007617777
binSortByKey,15,15,0.007623527
binSortByKey,15,16,0.007582668
binSortByKey,15,17,0.007637237
binSortByKey,15,18,0.007631857
binSortByKey,15,19,0.007636477
binSortByKey,15,20,0.007588817
binSortByKey,15,21,0.007637087
binSortByKey,15,22,0.007637717
binSortByKey,15,23,0.007637137
binSortByKey,15,24,0.007580887
binSortByKey,15,25,0.007670747
binSortByKey,15,26,0.007654438
binSortByKey,15,27,0.007655967
binSortByKey,15,28,0.007590457
binSortByKey,15,29,0.007630437
binSortByKey,15,30,0.007630687
binSortByKey,15,31,0.007690567
binSortByKey,15,32,0.007585187
binSortByKey,15,33,0.007633517
binSortByKey,15,34,0.007620937
binSortByKey,15,35,0.007623008
binSortByKey,15,36,0.007578097
binSortByKey,15,37,0.007630788
binSortByKey,15,38,0.007632127
binSortByKey,15,39,0.007626617
binComputeOffsets,15,0,0.00023625
binComputeOffsets,15,1,0.00024132
binComputeOffsets,15,2,0.0002422
binComputeOffsets,15,3,0.00024139
binComputeOffsets,15,4,0.00023671
binComputeOffsets,15,5,0.00024101
binComputeOffsets,15,6,0.00024139
binComputeOffsets,15,7,0.00024136
binComputeOffsets,15,8,0.000237549
binComputeOffsets,15,9,0.00024324
binComputeOffsets,15,10,0.00024155
binComputeOffsets,15,11,0.00024373
binComputeOffsets,15,12,0.00023673
binComputeOffsets,15,13,0.00024185
binComputeOffsets,15,14,0.0002407
binComputeOffsets,15,15,0.000240589
binComputeOffsets,15,16,0.000237709
binComputeOffsets,15,17,0.00024208
binComputeOffsets,15,18,0.00024689
binComputeOffsets,15,19,0.00024258
binComputeOffsets,15,20,0.00023753
binComputeOffsets,15,21,0.00024267
binComputeOffsets,15,22,0.00024148
binComputeOffsets,15,23,0.00024089
binComputeOffsets,15,24,0.00023708
binComputeOffsets,15,25,0.00024192
binComputeOffsets,15,26,0.000241439
binComputeOffsets,15,27,0.00024137
binComputeOffsets,15,28,0.00023708
binComputeOffsets,15,29,0.00024277
binComputeOffsets,15,30,0.00024167
binComputeOffsets,15,31,0.00025374
binComputeOffsets,15,32,0.00023771
binComputeOffsets,15,33,0.00024229
binComputeOffsets,15,34,0.00024152
binComputeOffsets,15,35,0.00024079
binComputeOffsets,15,36,0.00023677
binComputeOffsets,15,37,0.000242949
binComputeOffsets,15,38,0.00024156
binComputeOffsets,15,39,0.00024173
FFTNUFFT1,15,0,0.480710508
FFTNUFFT1,15,1,0.482829848
FFTNUFFT1,15,2,0.480055228
FFTNUFFT1,15,3,0.465684404
FFTNUFFT1,15,4,0.480568859
FFTNUFFT1,15,5,0.479345139
FFTNUFFT1,15,6,0.478509049
FFTNUFFT1,15,7,0.465551354
FFTNUFFT1,15,8,0.480488638
FFTNUFFT1,15,9,0.479335679
deconvolutionNUFFT1,15,0,0.00046163
deconvolutionNUFFT1,15,1,0.00048228
deconvolutionNUFFT1,15,2,0.00046678
deconvolutionNUFFT1,15,3,0.00047865
deconvolutionNUFFT1,15,4,0.00046895
deconvolutionNUFFT1,15,5,0.00046886
deconvolutionNUFFT1,15,6,0.00046778
deconvolutionNUFFT1,15,7,0.00046853
deconvolutionNUFFT1,15,8,0.00048016
deconvolutionNUFFT1,15,9,0.00046897
GatherPIFNUFFT,15,0,1.557905971
GatherPIFNUFFT,15,1,1.56214514
GatherPIFNUFFT,15,2,1.566303799
GatherPIFNUFFT,15,3,1.577911254
GatherPIFNUFFT,15,4,1.563465659
GatherPIFNUFFT,15,5,1.562496989
GatherPIFNUFFT,15,6,1.564080269
GatherPIFNUFFT,15,7,1.578980544
GatherPIFNUFFT,15,8,1.56230672
GatherPIFNUFFT,15,9,1.56309672
NativeNUFFT2,15,0,0.515792815
NativeNUFFT2,15,1,0.511924407
NativeNUFFT2,15,2,0.515242765
NativeNUFFT2,15,3,0.518600684
NativeNUFFT2,15,4,0.514759445
NativeNUFFT2,15,5,0.513836206
NativeNUFFT2,15,6,0.518255614
NativeNUFFT2,15,7,0.515367925
NativeNUFFT2,15,8,0.517740105
NativeNUFFT2,15,9,0.533602388
NativeNUFFT2,15,10,0.514367405
NativeNUFFT2,15,11,0.514954546
NativeNUFFT2,15,12,0.520040294
NativeNUFFT2,15,13,0.512989826
NativeNUFFT2,15,14,0.514971515
NativeNUFFT2,15,15,0.518044844
NativeNUFFT2,15,16,0.515199116
NativeNUFFT2,15,17,0.514295065
NativeNUFFT2,15,18,0.522109133
NativeNUFFT2,15,19,0.512576096
NativeNUFFT2,15,20,0.514440236
NativeNUFFT2,15,21,0.535832818
NativeNUFFT2,15,22,0.513287046
NativeNUFFT2,15,23,0.514883966
NativeNUFFT2,15,24,0.517369625
NativeNUFFT2,15,25,0.515125435
NativeNUFFT2,15,26,0.514543596
NativeNUFFT2,15,27,0.519517124
NativeNUFFT2,15,28,0.513893986
NativeNUFFT2,15,29,0.514717726
PrecorrectionNUFFT2,15,0,0.00088608
PrecorrectionNUFFT2,15,1,0.00087103
PrecorrectionNUFFT2,15,2,0.00086521
PrecorrectionNUFFT2,15,3,0.000894559
PrecorrectionNUFFT2,15,4,0.00086398
PrecorrectionNUFFT2,15,5,0.000861379
PrecorrectionNUFFT2,15,6,0.00089189
PrecorrectionNUFFT2,15,7,0.000864699
PrecorrectionNUFFT2,15,8,0.00086368
PrecorrectionNUFFT2,15,9,0.000891889
PrecorrectionNUFFT2,15,10,0.000863419
PrecorrectionNUFFT2,15,11,0.00086501
PrecorrectionNUFFT2,15,12,0.00088656
PrecorrectionNUFFT2,15,13,0.00086834
PrecorrectionNUFFT2,15,14,0.000865579
PrecorrectionNUFFT2,15,15,0.000887229
PrecorrectionNUFFT2,15,16,0.0008675
PrecorrectionNUFFT2,15,17,0.000862209
PrecorrectionNUFFT2,15,18,0.00089508
PrecorrectionNUFFT2,15,19,0.00086513
PrecorrectionNUFFT2,15,20,0.0008674
PrecorrectionNUFFT2,15,21,0.00089176
PrecorrectionNUFFT2,15,22,0.00086053
PrecorrectionNUFFT2,15,23,0.0008638
PrecorrectionNUFFT2,15,24,0.00089112
PrecorrectionNUFFT2,15,25,0.00086429
PrecorrectionNUFFT2,15,26,0.00086127
PrecorrectionNUFFT2,15,27,0.00089668
PrecorrectionNUFFT2,15,28,0.00086474
PrecorrectionNUFFT2,15,29,0.00087212
FFTNUFFT2,15,0,0.485189596
FFTNUFFT2,15,1,0.479747949
FFTNUFFT2,15,2,0.483202747
FFTNUFFT2,15,3,0.488169436
FFTNUFFT2,15,4,0.482434647
FFTNUFFT2,15,5,0.482494788
FFTNUFFT2,15,6,0.485078167
FFTNUFFT2,15,7,0.480892559
FFTNUFFT2,15,8,0.484009307
FFTNUFFT2,15,9,0.493513234
FFTNUFFT2,15,10,0.481364158
FFTNUFFT2,15,11,0.482405468
FFTNUFFT2,15,12,0.488642395
FFTNUFFT2,15,13,0.478886159
FFTNUFFT2,15,14,0.482100678
FFTNUFFT2,15,15,0.486361537
FFTNUFFT2,15,16,0.483018797
FFTNUFFT2,15,17,0.480448109
FFTNUFFT2,15,18,0.47602313
FFTNUFFT2,15,19,0.480911358
FFTNUFFT2,15,20,0.482186228
FFTNUFFT2,15,21,0.494680313
FFTNUFFT2,15,22,0.480277248
FFTNUFFT2,15,23,0.483779147
FFTNUFFT2,15,24,0.485638986
FFTNUFFT2,15,25,0.482038727
FFTNUFFT2,15,26,0.479994399
FFTNUFFT2,15,27,0.487160986
FFTNUFFT2,15,28,0.482519168
FFTNUFFT2,15,29,0.479574909
GatherNUFFT2,15,0,0.029696359
GatherNUFFT2,15,1,0.031279638
GatherNUFFT2,15,2,0.031153688
GatherNUFFT2,15,3,0.029517289
GatherNUFFT2,15,4,0.031440108
GatherNUFFT2,15,5,0.030458959
GatherNUFFT2,15,6,0.032265767
GatherNUFFT2,15,7,0.033590437
GatherNUFFT2,15,8,0.032847668
GatherNUFFT2,15,9,0.039176365
GatherNUFFT2,15,10,0.032120208
GatherNUFFT2,15,11,0.031664398
GatherNUFFT2,15,12,0.030491289
GatherNUFFT2,15,13,0.033214407
GatherNUFFT2,15,14,0.031985038
GatherNUFFT2,15,15,0.030771858
GatherNUFFT2,15,16,0.031289389
GatherNUFFT2,15,17,0.032964107
GatherNUFFT2,15,18,0.045171583
GatherNUFFT2,15,19,0.030779138
GatherNUFFT2,15,20,0.031366668
GatherNUFFT2,15,21,0.040240865
GatherNUFFT2,15,22,0.032128838
GatherNUFFT2,15,23,0.030217899
GatherNUFFT2,15,24,0.030816999
GatherNUFFT2,15,25,0.032195768
GatherNUFFT2,15,26,0.033668077
GatherNUFFT2,15,27,0.031439768
GatherNUFFT2,15,28,0.030490538
GatherNUFFT2,15,29,0.034251087
mainTimer,16,0,21.264695809
dumpData,16,0,0.010319806
dumpData,16,1,0.010495176
dumpData,16,2,0.008739907
dumpData,16,3,0.010317035
dumpData,16,4,0.010514276
dumpData,16,5,0.011643383
dumpData,16,6,0.010342935
dumpData,16,7,0.010306585
dumpData,16,8,0.009552532
dumpData,16,9,0.009432731
kick,16,0,0.00188047
kick,16,1,0.00187982
kick,16,2,0.00186699
kick,16,3,0.00188069
kick,16,4,0.00186389
kick,16,5,0.00188121
kick,16,6,0.001879
kick,16,7,0.001879751
kick,16,8,0.00186699
kick,16,9,0.001882391
kick,16,10,0.001861381
kick,16,11,0.00188264
kick,16,12,0.00183291
kick,16,13,0.001880301
kick,16,14,0.001868591
kick,16,15,0.00188485
kick,16,16,0.001864501
kick,16,17,0.00188078
kick,16,18,0.00187389
kick,16,19,0.00187984
drift,16,0,0.00185955
drift,16,1,0.00183356
drift,16,2,0.001832769
drift,16,3,0.0018654
drift,16,4,0.0018341
drift,16,5,0.001834169
drift,16,6,0.00183029
drift,16,7,0.001832739
drift,16,8,0.001833639
drift,16,9,0.00184722
particleBC,16,0,0.00371691
particleBC,16,1,0.00371756
particleBC,16,2,0.0037167
particleBC,16,3,0.00372563
particleBC,16,4,0.00372051
particleBC,16,5,0.003723871
particleBC,16,6,0.00371976
particleBC,16,7,0.003722101
particleBC,16,8,0.003723701
particleBC,16,9,0.00371945
updateParticle,16,0,0.015105241
updateParticle,16,1,0.012405267
updateParticle,16,2,0.013288841
updateParticle,16,3,0.012494258
updateParticle,16,4,0.013942266
updateParticle,16,5,0.013495822
updateParticle,16,6,0.012217636
updateParticle,16,7,0.011680633
updateParticle,16,8,0.011919984
updateParticle,16,9,0.010770208
locateParticles,16,0,0.001463707
locateParticles,16,1,0.001481248
locateParticles,16,2,0.001478478
locateParticles,16,3,0.001474849
locateParticles,16,4,0.001476308
locateParticles,16,5,0.001495248
locateParticles,16,6,0.001502908
locateParticles,16,7,0.001470388
locateParticles,16,8,0.001486058
locateParticles,16,9,0.001485198
sendPreprocess,16,0,0.000751454
sendPreprocess,16,1,0.000829405
sendPreprocess,16,2,0.000836124
sendPreprocess,16,3,0.000781774
sendPreprocess,16,4,0.000837475
sendPreprocess,16,5,0.000806674
sendPreprocess,16,6,0.000836044
sendPreprocess,16,7,0.000865004
sendPreprocess,16,8,0.000869024
sendPreprocess,16,9,0.000909265
particleSend,16,0,0.001365817
particleSend,16,1,0.001219526
particleSend,16,2,0.001268047
particleSend,16,3,0.001270667
particleSend,16,4,0.001222047
particleSend,16,5,0.001298227
particleSend,16,6,0.001213836
particleSend,16,7,0.001255687
particleSend,16,8,0.001206967
particleSend,16,9,0.001259367
particleRecv,16,0,3.589e-05
particleRecv,16,1,3.576e-05
particleRecv,16,2,3.584e-05
particleRecv,16,3,3.834e-05
particleRecv,16,4,3.531e-05
particleRecv,16,5,3.419e-05
particleRecv,16,6,3.129e-05
particleRecv,16,7,3.793e-05
particleRecv,16,8,4.952e-05
particleRecv,16,9,3.171e-05
particleDestroy,16,0,0.004789966
particleDestroy,16,1,0.004778056
particleDestroy,16,2,0.004796546
particleDestroy,16,3,0.004812096
particleDestroy,16,4,0.004805376
particleDestroy,16,5,0.004827296
particleDestroy,16,6,0.004808986
particleDestroy,16,7,0.004827326
particleDestroy,16,8,0.004804686
particleDestroy,16,9,0.004786326
ScatterPIFNUFFT,16,0,0.517034321
ScatterPIFNUFFT,16,1,0.001109656
ScatterPIFNUFFT,16,2,0.519184602
ScatterPIFNUFFT,16,3,0.001105156
ScatterPIFNUFFT,16,4,0.517963846
ScatterPIFNUFFT,16,5,0.001108126
ScatterPIFNUFFT,16,6,0.519768786
ScatterPIFNUFFT,16,7,0.001106756
ScatterPIFNUFFT,16,8,0.518957921
ScatterPIFNUFFT,16,9,0.001110236
ScatterPIFNUFFT,16,10,0.511607102
ScatterPIFNUFFT,16,11,0.001106506
ScatterPIFNUFFT,16,12,0.519062192
ScatterPIFNUFFT,16,13,0.001109996
ScatterPIFNUFFT,16,14,0.518318807
ScatterPIFNUFFT,16,15,0.001102656
ScatterPIFNUFFT,16,16,0.519136282
ScatterPIFNUFFT,16,17,0.001108426
ScatterPIFNUFFT,16,18,0.512936109
ScatterPIFNUFFT,16,19,0.001108426
NativeNUFFT1,16,0,0.512588967
NativeNUFFT1,16,1,0.514499097
NativeNUFFT1,16,2,0.513977484
NativeNUFFT1,16,3,0.515225181
NativeNUFFT1,16,4,0.514485767
NativeNUFFT1,16,5,0.50771772
NativeNUFFT1,16,6,0.514574998
NativeNUFFT1,16,7,0.513731673
NativeNUFFT1,16,8,0.514810848
NativeNUFFT1,16,9,0.508051402
scatterTimerNUFFT1,16,0,0.038605289
scatterTimerNUFFT1,16,1,0.03890521
scatterTimerNUFFT1,16,2,0.040405038
scatterTimerNUFFT1,16,3,0.040381158
scatterTimerNUFFT1,16,4,0.038595868
scatterTimerNUFFT1,16,5,0.039330842
scatterTimerNUFFT1,16,6,0.039512134
scatterTimerNUFFT1,16,7,0.039248672
scatterTimerNUFFT1,16,8,0.039765624
scatterTimerNUFFT1,16,9,0.039381923
binSort,16,0,0.009365911
binSort,16,1,0.009387731
binSort,16,2,0.009382361
binSort,16,3,0.009388471
binSort,16,4,0.00935231
binSort,16,5,0.009391481
binSort,16,6,0.009397561
binSort,16,7,0.009371771
binSort,16,8,0.009344501
binSort,16,9,0.009389611
binSort,16,10,0.00938923
binSort,16,11,0.009377201
binSort,16,12,0.00933762
binSort,16,13,0.009395751
binSort,16,14,0.00938766
binSort,16,15,0.00939357
binSort,16,16,0.009346361
binSort,16,17,0.009382061
binSort,16,18,0.00938122
binSort,16,19,0.009380321
binSort,16,20,0.00934975
binSort,16,21,0.009376851
binSort,16,22,0.009376201
binSort,16,23,0.0093853
binSort,16,24,0.009340121
binSort,16,25,0.00939684
binSort,16,26,0.00938469
binSort,16,27,0.009378791
binSort,16,28,0.00933726
binSort,16,29,0.009378481
binSort,16,30,0.009386511
binSort,16,31,0.009379661
binSort,16,32,0.00935117
binSort,16,33,0.009390781
binSort,16,34,0.009381291
binSort,16,35,0.009377811
binSort,16,36,0.00932981
binSort,16,37,0.00938976
binSort,16,38,0.009424361
binSort,16,39,0.009382731
binComputeKeys,16,0,0.001018036
binComputeKeys,16,1,0.001016716
binComputeKeys,16,2,0.001021646
binComputeKeys,16,3,0.001019966
binComputeKeys,16,4,0.001017555
binComputeKeys,16,5,0.001019116
binComputeKeys,16,6,0.001024196
binComputeKeys,16,7,0.001018496
binComputeKeys,16,8,0.001017806
binComputeKeys,16,9,0.001020235
binComputeKeys,16,10,0.001021055
binComputeKeys,16,11,0.001020135
binComputeKeys,16,12,0.001017565
binComputeKeys,16,13,0.001018156
binComputeKeys,16,14,0.001018285
binComputeKeys,16,15,0.001016595
binComputeKeys,16,16,0.001015156
binComputeKeys,16,17,0.001021116
binComputeKeys,16,18,0.001021555
binComputeKeys,16,19,0.001016996
binComputeKeys,16,20,0.001017375
binComputeKeys,16,21,0.001015235
binComputeKeys,16,22,0.001017956
binComputeKeys,16,23,0.001018535
binComputeKeys,16,24,0.001015946
binComputeKeys,16,25,0.001018375
binComputeKeys,16,26,0.001016875
binComputeKeys,16,27,0.001019366
binComputeKeys,16,28,0.001012635
binComputeKeys,16,29,0.001017446
binComputeKeys,16,30,0.001020726
binComputeKeys,16,31,0.001019026
binComputeKeys,16,32,0.001017585
binComputeKeys,16,33,0.001020186
binComputeKeys,16,34,0.001015895
binComputeKeys,16,35,0.001018326
binComputeKeys,16,36,0.001014056
binComputeKeys,16,37,0.001020635
binComputeKeys,16,38,0.001018516
binComputeKeys,16,39,0.001016415
binSortByKey,16,0,0.008084914
binSortByKey,16,1,0.008107044
binSortByKey,16,2,0.008097524
binSortByKey,16,3,0.008105163
binSortByKey,16,4,0.008074904
binSortByKey,16,5,0.008103963
binSortByKey,16,6,0.008109804
binSortByKey,16,7,0.008090673
binSortByKey,16,8,0.008067843
binSortByKey,16,9,0.008106144
binSortByKey,16,10,0.008104484
binSortByKey,16,11,0.008094534
binSortByKey,16,12,0.008060564
binSortByKey,16,13,0.008113404
binSortByKey,16,14,0.008105644
binSortByKey,16,15,0.008112584
binSortByKey,16,16,0.008071523
binSortByKey,16,17,0.008096883
binSortByKey,16,18,0.008094984
binSortByKey,16,19,0.008100444
binSortByKey,16,20,0.008073584
binSortByKey,16,21,0.008097714
binSortByKey,16,22,0.008094893
binSortByKey,16,23,0.008102634
binSortByKey,16,24,0.008065753
binSortByKey,16,25,0.008113914
binSortByKey,16,26,0.008103974
binSortByKey,16,27,0.008095354
binSortByKey,16,28,0.008065274
binSortByKey,16,29,0.008097064
binSortByKey,16,30,0.008101954
binSortByKey,16,31,0.008094953
binSortByKey,16,32,0.008068094
binSortByKey,16,33,0.008106844
binSortByKey,16,34,0.008103014
binSortByKey,16,35,0.008095553
binSortByKey,16,36,0.008056913
binSortByKey,16,37,0.008104564
binSortByKey,16,38,0.008142183
binSortByKey,16,39,0.008101904
binComputeOffsets,16,0,0.000253221
binComputeOffsets,16,1,0.000254261
binComputeOffsets,16,2,0.000253871
binComputeOffsets,16,3,0.000253372
binComputeOffsets,16,4,0.000250561
binComputeOffsets,16,5,0.000257922
binComputeOffsets,16,6,0.000254201
binComputeOffsets,16,7,0.000252592
binComputeOffsets,16,8,0.000249262
binComputeOffsets,16,9,0.000253322
binComputeOffsets,16,10,0.000254351
binComputeOffsets,16,11,0.000253042
binComputeOffsets,16,12,0.000249581
binComputeOffsets,16,13,0.000254121
binComputeOffsets,16,14,0.000254441
binComputeOffsets,16,15,0.000253551
binComputeOffsets,16,16,0.000249322
binComputeOffsets,16,17,0.000254472
binComputeOffsets,16,18,0.000255201
binComputeOffsets,16,19,0.000253191
binComputeOffsets,16,20,0.000249491
binComputeOffsets,16,21,0.000254162
binComputeOffsets,16,22,0.000253862
binComputeOffsets,16,23,0.000253961
binComputeOffsets,16,24,0.000248821
binComputeOffsets,16,25,0.000255121
binComputeOffsets,16,26,0.000254351
binComputeOffsets,16,27,0.000254361
binComputeOffsets,16,28,0.000250031
binComputeOffsets,16,29,0.000254261
binComputeOffsets,16,30,0.000253541
binComputeOffsets,16,31,0.000254682
binComputeOffsets,16,32,0.000249351
binComputeOffsets,16,33,0.000253991
binComputeOffsets,16,34,0.000252742
binComputeOffsets,16,35,0.000253462
binComputeOffsets,16,36,0.000249201
binComputeOffsets,16,37,0.000254481
binComputeOffsets,16,38,0.000254222
binComputeOffsets,16,39,0.000254362
FFTNUFFT1,16,0,0.473511446
FFTNUFFT1,16,1,0.475125144
FFTNUFFT1,16,2,0.473092784
FFTNUFFT1,16,3,0.47437146
FFTNUFFT1,16,4,0.475409806
FFTNUFFT1,16,5,0.467908306
FFTNUFFT1,16,6,0.474589691
FFTNUFFT1,16,7,0.474004918
FFTNUFFT1,16,8,0.474564712
FFTNUFFT1,16,9,0.468196777
deconvolutionNUFFT1,16,0,0.000461142
deconvolutionNUFFT1,16,1,0.000457213
deconvolutionNUFFT1,16,2,0.000468232
deconvolutionNUFFT1,16,3,0.000461013
deconvolutionNUFFT1,16,4,0.000467652
deconvolutionNUFFT1,16,5,0.000467522
deconvolutionNUFFT1,16,6,0.000461263
deconvolutionNUFFT1,16,7,0.000465883
deconvolutionNUFFT1,16,8,0.000464572
deconvolutionNUFFT1,16,9,0.000460432
GatherPIFNUFFT,16,0,1.566065943
GatherPIFNUFFT,16,1,1.570726268
GatherPIFNUFFT,16,2,1.573959005
GatherPIFNUFFT,16,3,1.570751479
GatherPIFNUFFT,16,4,1.567766632
GatherPIFNUFFT,16,5,1.57480427
GatherPIFNUFFT,16,6,1.568086364
GatherPIFNUFFT,16,7,1.57106403
GatherPIFNUFFT,16,8,1.568930279
GatherPIFNUFFT,16,9,1.575103002
NativeNUFFT2,16,0,0.521904177
NativeNUFFT2,16,1,0.513510642
NativeNUFFT2,16,2,0.515004679
NativeNUFFT2,16,3,0.525488486
NativeNUFFT2,16,4,0.514499397
NativeNUFFT2,16,5,0.51507289
NativeNUFFT2,16,6,0.526263281
NativeNUFFT2,16,7,0.514798779
NativeNUFFT2,16,8,0.517242242
NativeNUFFT2,16,9,0.525280835
NativeNUFFT2,16,10,0.513066289
NativeNUFFT2,16,11,0.516269816
NativeNUFFT2,16,12,0.525781028
NativeNUFFT2,16,13,0.512160204
NativeNUFFT2,16,14,0.514179765
NativeNUFFT2,16,15,0.530200002
NativeNUFFT2,16,16,0.515286211
NativeNUFFT2,16,17,0.51335247
NativeNUFFT2,16,18,0.527729298
NativeNUFFT2,16,19,0.511880533
NativeNUFFT2,16,20,0.512827079
NativeNUFFT2,16,21,0.527556828
NativeNUFFT2,16,22,0.512804298
NativeNUFFT2,16,23,0.51505813
NativeNUFFT2,16,24,0.524126029
NativeNUFFT2,16,25,0.514705798
NativeNUFFT2,16,26,0.514446307
NativeNUFFT2,16,27,0.529698289
NativeNUFFT2,16,28,0.512723437
NativeNUFFT2,16,29,0.516644299
PrecorrectionNUFFT2,16,0,0.000888265
PrecorrectionNUFFT2,16,1,0.000862885
PrecorrectionNUFFT2,16,2,0.000859394
PrecorrectionNUFFT2,16,3,0.000896055
PrecorrectionNUFFT2,16,4,0.000859794
PrecorrectionNUFFT2,16,5,0.000861094
PrecorrectionNUFFT2,16,6,0.000886545
PrecorrectionNUFFT2,16,7,0.000875874
PrecorrectionNUFFT2,16,8,0.000861105
PrecorrectionNUFFT2,16,9,0.000886335
PrecorrectionNUFFT2,16,10,0.000863824
PrecorrectionNUFFT2,16,11,0.000859784
PrecorrectionNUFFT2,16,12,0.000894915
PrecorrectionNUFFT2,16,13,0.000863224
PrecorrectionNUFFT2,16,14,0.000867425
PrecorrectionNUFFT2,16,15,0.000893715
PrecorrectionNUFFT2,16,16,0.000860224
PrecorrectionNUFFT2,16,17,0.000870594
PrecorrectionNUFFT2,16,18,0.000895075
PrecorrectionNUFFT2,16,19,0.000870105
PrecorrectionNUFFT2,16,20,0.000863045
PrecorrectionNUFFT2,16,21,0.000885725
PrecorrectionNUFFT2,16,22,0.000870584
PrecorrectionNUFFT2,16,23,0.000867015
PrecorrectionNUFFT2,16,24,0.000888535
PrecorrectionNUFFT2,16,25,0.000867755
PrecorrectionNUFFT2,16,26,0.000861744
PrecorrectionNUFFT2,16,27,0.000893565
PrecorrectionNUFFT2,16,28,0.000859155
PrecorrectionNUFFT2,16,29,0.000864175
FFTNUFFT2,16,0,0.486135704
FFTNUFFT2,16,1,0.465656813
FFTNUFFT2,16,2,0.469607485
FFTNUFFT2,16,3,0.479701499
FFTNUFFT2,16,4,0.473658217
FFTNUFFT2,16,5,0.476617823
FFTNUFFT2,16,6,0.475519127
FFTNUFFT2,16,7,0.473573697
FFTNUFFT2,16,8,0.467656424
FFTNUFFT2,16,9,0.480330762
FFTNUFFT2,16,10,0.475763488
FFTNUFFT2,16,11,0.472245999
FFTNUFFT2,16,12,0.472993523
FFTNUFFT2,16,13,0.467265733
FFTNUFFT2,16,14,0.468087416
FFTNUFFT2,16,15,0.488895139
FFTNUFFT2,16,16,0.469038022
FFTNUFFT2,16,17,0.475767428
FFTNUFFT2,16,18,0.478159561
FFTNUFFT2,16,19,0.467765364
FFTNUFFT2,16,20,0.475598827
FFTNUFFT2,16,21,0.48539373
FFTNUFFT2,16,22,0.472954363
FFTNUFFT2,16,23,0.473532556
FFTNUFFT2,16,24,0.479147646
FFTNUFFT2,16,25,0.475037584
FFTNUFFT2,16,26,0.467530533
FFTNUFFT2,16,27,0.487142529
FFTNUFFT2,16,28,0.478790334
FFTNUFFT2,16,29,0.475748908
GatherNUFFT2,16,0,0.034859548
GatherNUFFT2,16,1,0.046971364
GatherNUFFT2,16,2,0.04451825
GatherNUFFT2,16,3,0.044871052
GatherNUFFT2,16,4,0.039961466
GatherNUFFT2,16,5,0.037574203
GatherNUFFT2,16,6,0.049838049
GatherNUFFT2,16,7,0.040329797
GatherNUFFT2,16,8,0.048705193
GatherNUFFT2,16,9,0.044043718
GatherNUFFT2,16,10,0.036419027
GatherNUFFT2,16,11,0.043143363
GatherNUFFT2,16,12,0.05187301
GatherNUFFT2,16,13,0.044010917
GatherNUFFT2,16,14,0.045203794
GatherNUFFT2,16,15,0.040391668
GatherNUFFT2,16,16,0.045367745
GatherNUFFT2,16,17,0.036694378
GatherNUFFT2,16,18,0.048654892
GatherNUFFT2,16,19,0.043225633
GatherNUFFT2,16,20,0.036345556
GatherNUFFT2,16,21,0.041258023
GatherNUFFT2,16,22,0.038958401
GatherNUFFT2,16,23,0.040638119
GatherNUFFT2,16,24,0.044070528
GatherNUFFT2,16,25,0.038780539
GatherNUFFT2,16,26,0.046034269
GatherNUFFT2,16,27,0.041641985
GatherNUFFT2,16,28,0.033054378
GatherNUFFT2,16,29,0.040011606
mainTimer,17,0,21.264686769
dumpData,17,0,0.011266131
dumpData,17,1,0.011445901
dumpData,17,2,0.010310296
dumpData,17,3,0.011264791
dumpData,17,4,0.012444897
dumpData,17,5,0.010000804
dumpData,17,6,0.0111435
dumpData,17,7,0.01125032
dumpData,17,8,0.011264581
dumpData,17,9,0.010475517
kick,17,0,0.00176443
kick,17,1,0.001767239
kick,17,2,0.001738659
kick,17,3,0.00176558
kick,17,4,0.00173623
kick,17,5,0.001765299
kick,17,6,0.00176308
kick,17,7,0.001764509
kick,17,8,0.00174109
kick,17,9,0.001765509
kick,17,10,0.00171239
kick,17,11,0.00176698
kick,17,12,0.001766599
kick,17,13,0.001766479
kick,17,14,0.0017429
kick,17,15,0.00176759
kick,17,16,0.0017406
kick,17,17,0.00176863
kick,17,18,0.001740659
kick,17,19,0.001766909
drift,17,0,0.001729639
drift,17,1,0.00171872
drift,17,2,0.001717219
drift,17,3,0.001717649
drift,17,4,0.001718269
drift,17,5,0.001721119
drift,17,6,0.00172646
drift,17,7,0.001719479
drift,17,8,0.001720949
drift,17,9,0.00171823
particleBC,17,0,0.003489409
particleBC,17,1,0.003490839
particleBC,17,2,0.003488549
particleBC,17,3,0.003497179
particleBC,17,4,0.003492569
particleBC,17,5,0.003490909
particleBC,17,6,0.003493859
particleBC,17,7,0.003498879
particleBC,17,8,0.003495379
particleBC,17,9,0.003498189
updateParticle,17,0,0.014479998
updateParticle,17,1,0.012554537
updateParticle,17,2,0.01295229
updateParticle,17,3,0.012526537
updateParticle,17,4,0.013524643
updateParticle,17,5,0.012215496
updateParticle,17,6,0.012266186
updateParticle,17,7,0.012325867
updateParticle,17,8,0.011466082
updateParticle,17,9,0.0111804
locateParticles,17,0,0.001412948
locateParticles,17,1,0.001433137
locateParticles,17,2,0.001410798
locateParticles,17,3,0.001428668
locateParticles,17,4,0.001414388
locateParticles,17,5,0.001429068
locateParticles,17,6,0.001407257
locateParticles,17,7,0.001413128
locateParticles,17,8,0.001431838
locateParticles,17,9,0.001415637
sendPreprocess,17,0,0.001272117
sendPreprocess,17,1,0.001351638
sendPreprocess,17,2,0.001386997
sendPreprocess,17,3,0.001324817
sendPreprocess,17,4,0.001368727
sendPreprocess,17,5,0.001381097
sendPreprocess,17,6,0.001326127
sendPreprocess,17,7,0.001390947
sendPreprocess,17,8,0.001393697
sendPreprocess,17,9,0.001469148
particleSend,17,0,0.001208196
particleSend,17,1,0.001258716
particleSend,17,2,0.001278027
particleSend,17,3,0.001252046
particleSend,17,4,0.001261277
particleSend,17,5,0.001196856
particleSend,17,6,0.001226447
particleSend,17,7,0.001248577
particleSend,17,8,0.001255357
particleSend,17,9,0.001237357
particleRecv,17,0,2.907e-05
particleRecv,17,1,3.4531e-05
particleRecv,17,2,4.279e-05
particleRecv,17,3,3.848e-05
particleRecv,17,4,3.267e-05
particleRecv,17,5,3.4661e-05
particleRecv,17,6,3.267e-05
particleRecv,17,7,3.327e-05
particleRecv,17,8,3.618e-05
particleRecv,17,9,3.47e-05
particleDestroy,17,0,0.004670225
particleDestroy,17,1,0.004664425
particleDestroy,17,2,0.004715086
particleDestroy,17,3,0.004682105
particleDestroy,17,4,0.004680355
particleDestroy,17,5,0.004690405
particleDestroy,17,6,0.004684336
particleDestroy,17,7,0.004678915
particleDestroy,17,8,0.004668525
particleDestroy,17,9,0.004664875
ScatterPIFNUFFT,17,0,0.516462898
ScatterPIFNUFFT,17,1,0.001111736
ScatterPIFNUFFT,17,2,0.515096781
ScatterPIFNUFFT,17,3,0.001109856
ScatterPIFNUFFT,17,4,0.516263626
ScatterPIFNUFFT,17,5,0.001110606
ScatterPIFNUFFT,17,6,0.50962703
ScatterPIFNUFFT,17,7,0.001122146
ScatterPIFNUFFT,17,8,0.517081761
ScatterPIFNUFFT,17,9,0.001109886
ScatterPIFNUFFT,17,10,0.514721508
ScatterPIFNUFFT,17,11,0.001113176
ScatterPIFNUFFT,17,12,0.514782939
ScatterPIFNUFFT,17,13,0.001108016
ScatterPIFNUFFT,17,14,0.516214786
ScatterPIFNUFFT,17,15,0.001105405
ScatterPIFNUFFT,17,16,0.512811178
ScatterPIFNUFFT,17,17,0.001115496
ScatterPIFNUFFT,17,18,0.519592764
ScatterPIFNUFFT,17,19,0.001112246
NativeNUFFT1,17,0,0.512829259
NativeNUFFT1,17,1,0.510460065
NativeNUFFT1,17,2,0.512656747
NativeNUFFT1,17,3,0.505984511
NativeNUFFT1,17,4,0.513415892
NativeNUFFT1,17,5,0.511081649
NativeNUFFT1,17,6,0.51144889
NativeNUFFT1,17,7,0.511911194
NativeNUFFT1,17,8,0.509131309
NativeNUFFT1,17,9,0.514729848
scatterTimerNUFFT1,17,0,0.04090323
scatterTimerNUFFT1,17,1,0.039625464
scatterTimerNUFFT1,17,2,0.041397424
scatterTimerNUFFT1,17,3,0.0407051
scatterTimerNUFFT1,17,4,0.0406319
scatterTimerNUFFT1,17,5,0.041246063
scatterTimerNUFFT1,17,6,0.040504048
scatterTimerNUFFT1,17,7,0.039059711
scatterTimerNUFFT1,17,8,0.041029401
scatterTimerNUFFT1,17,9,0.039665544
binSort,17,0,0.008778047
binSort,17,1,0.008824547
binSort,17,2,0.008812418
binSort,17,3,0.008881818
binSort,17,4,0.008776058
binSort,17,5,0.008824707
binSort,17,6,0.008815237
binSort,17,7,0.008807117
binSort,17,8,0.008781838
binSort,17,9,0.008820608
binSort,17,10,0.008828768
binSort,17,11,0.008819438
binSort,17,12,0.008770607
binSort,17,13,0.008849838
binSort,17,14,0.008827387
binSort,17,15,0.008844428
binSort,17,16,0.008787817
binSort,17,17,0.008862857
binSort,17,18,0.008855037
binSort,17,19,0.008849968
binSort,17,20,0.008784118
binSort,17,21,0.008852338
binSort,17,22,0.008843418
binSort,17,23,0.008834687
binSort,17,24,0.008781597
binSort,17,25,0.008833088
binSort,17,26,0.008820907
binSort,17,27,0.008808717
binSort,17,28,0.008789037
binSort,17,29,0.008828387
binSort,17,30,0.008827388
binSort,17,31,0.008811048
binSort,17,32,0.008789897
binSort,17,33,0.008814948
binSort,17,34,0.008808617
binSort,17,35,0.008819137
binSort,17,36,0.008785487
binSort,17,37,0.008830777
binSort,17,38,0.008823838
binSort,17,39,0.008832108
binComputeKeys,17,0,0.000955345
binComputeKeys,17,1,0.000956665
binComputeKeys,17,2,0.000956256
binComputeKeys,17,3,0.000956665
binComputeKeys,17,4,0.000954755
binComputeKeys,17,5,0.000956585
binComputeKeys,17,6,0.000956725
binComputeKeys,17,7,0.000956535
binComputeKeys,17,8,0.000959535
binComputeKeys,17,9,0.000957025
binComputeKeys,17,10,0.000956056
binComputeKeys,17,11,0.000958685
binComputeKeys,17,12,0.000951915
binComputeKeys,17,13,0.000955525
binComputeKeys,17,14,0.000955675
binComputeKeys,17,15,0.000955416
binComputeKeys,17,16,0.000954575
binComputeKeys,17,17,0.000955675
binComputeKeys,17,18,0.000957045
binComputeKeys,17,19,0.000954615
binComputeKeys,17,20,0.000956735
binComputeKeys,17,21,0.000955526
binComputeKeys,17,22,0.000957795
binComputeKeys,17,23,0.000955415
binComputeKeys,17,24,0.000959055
binComputeKeys,17,25,0.000956455
binComputeKeys,17,26,0.000958365
binComputeKeys,17,27,0.000958035
binComputeKeys,17,28,0.000952735
binComputeKeys,17,29,0.000956975
binComputeKeys,17,30,0.000956375
binComputeKeys,17,31,0.000953965
binComputeKeys,17,32,0.000963375
binComputeKeys,17,33,0.000960895
binComputeKeys,17,34,0.000953245
binComputeKeys,17,35,0.000956475
binComputeKeys,17,36,0.000953595
binComputeKeys,17,37,0.000956065
binComputeKeys,17,38,0.000956255
binComputeKeys,17,39,0.000957585
binSortByKey,17,0,0.007576291
binSortByKey,17,1,0.007616721
binSortByKey,17,2,0.007605681
binSortByKey,17,3,0.007674142
binSortByKey,17,4,0.007575911
binSortByKey,17,5,0.007617571
binSortByKey,17,6,0.007606991
binSortByKey,17,7,0.007600521
binSortByKey,17,8,0.007573881
binSortByKey,17,9,0.007613451
binSortByKey,17,10,0.007622591
binSortByKey,17,11,0.007608571
binSortByKey,17,12,0.007572741
binSortByKey,17,13,0.007644752
binSortByKey,17,14,0.007621091
binSortByKey,17,15,0.007638581
binSortByKey,17,16,0.007586841
binSortByKey,17,17,0.007655401
binSortByKey,17,18,0.007647261
binSortByKey,17,19,0.007643911
binSortByKey,17,20,0.007580091
binSortByKey,17,21,0.007646391
binSortByKey,17,22,0.007633851
binSortByKey,17,23,0.007629361
binSortByKey,17,24,0.007575101
binSortByKey,17,25,0.007625181
binSortByKey,17,26,0.007611841
binSortByKey,17,27,0.007599881
binSortByKey,17,28,0.007588871
binSortByKey,17,29,0.007618941
binSortByKey,17,30,0.007618511
binSortByKey,17,31,0.007608441
binSortByKey,17,32,0.007578411
binSortByKey,17,33,0.007603051
binSortByKey,17,34,0.007603591
binSortByKey,17,35,0.007605991
binSortByKey,17,36,0.007584661
binSortByKey,17,37,0.007622471
binSortByKey,17,38,0.007616032
binSortByKey,17,39,0.007617131
binComputeOffsets,17,0,0.000237081
binComputeOffsets,17,1,0.000241801
binComputeOffsets,17,2,0.000241091
binComputeOffsets,17,3,0.000241461
binComputeOffsets,17,4,0.000236022
binComputeOffsets,17,5,0.000241111
binComputeOffsets,17,6,0.000242271
binComputeOffsets,17,7,0.000240501
binComputeOffsets,17,8,0.000238572
binComputeOffsets,17,9,0.000240742
binComputeOffsets,17,10,0.000240691
binComputeOffsets,17,11,0.000242722
binComputeOffsets,17,12,0.000236621
binComputeOffsets,17,13,0.000240111
binComputeOffsets,17,14,0.000241171
binComputeOffsets,17,15,0.000240471
binComputeOffsets,17,16,0.000236621
binComputeOffsets,17,17,0.000242361
binComputeOffsets,17,18,0.000241401
binComputeOffsets,17,19,0.000240791
binComputeOffsets,17,20,0.000237112
binComputeOffsets,17,21,0.000241071
binComputeOffsets,17,22,0.000242352
binComputeOffsets,17,23,0.000240571
binComputeOffsets,17,24,0.000237421
binComputeOffsets,17,25,0.000241672
binComputeOffsets,17,26,0.000241341
binComputeOffsets,17,27,0.000240921
binComputeOffsets,17,28,0.000238011
binComputeOffsets,17,29,0.000241551
binComputeOffsets,17,30,0.000242412
binComputeOffsets,17,31,0.000239251
binComputeOffsets,17,32,0.000238011
binComputeOffsets,17,33,0.000241342
binComputeOffsets,17,34,0.000241791
binComputeOffsets,17,35,0.000240691
binComputeOffsets,17,36,0.000237271
binComputeOffsets,17,37,0.000242581
binComputeOffsets,17,38,0.000242061
binComputeOffsets,17,39,0.000241722
FFTNUFFT1,17,0,0.471450525
FFTNUFFT1,17,1,0.470359799
FFTNUFFT1,17,2,0.470786171
FFTNUFFT1,17,3,0.464799868
FFTNUFFT1,17,4,0.472307569
FFTNUFFT1,17,5,0.469358913
FFTNUFFT1,17,6,0.47046264
FFTNUFFT1,17,7,0.4723725
FFTNUFFT1,17,8,0.467623974
FFTNUFFT1,17,9,0.474583171
deconvolutionNUFFT1,17,0,0.000463373
deconvolutionNUFFT1,17,1,0.000462282
deconvolutionNUFFT1,17,2,0.000461712
deconvolutionNUFFT1,17,3,0.000467813
deconvolutionNUFFT1,17,4,0.000463543
deconvolutionNUFFT1,17,5,0.000465163
deconvolutionNUFFT1,17,6,0.000470772
deconvolutionNUFFT1,17,7,0.000466943
deconvolutionNUFFT1,17,8,0.000462873
deconvolutionNUFFT1,17,9,0.000469262
GatherPIFNUFFT,17,0,1.567524361
GatherPIFNUFFT,17,1,1.574899761
GatherPIFNUFFT,17,2,1.576101807
GatherPIFNUFFT,17,3,1.581136805
GatherPIFNUFFT,17,4,1.56906228
GatherPIFNUFFT,17,5,1.573916416
GatherPIFNUFFT,17,6,1.572666819
GatherPIFNUFFT,17,7,1.572722419
GatherPIFNUFFT,17,8,1.575632325
GatherPIFNUFFT,17,9,1.568160164
NativeNUFFT2,17,0,0.523018823
NativeNUFFT2,17,1,0.514174925
NativeNUFFT2,17,2,0.515280652
NativeNUFFT2,17,3,0.529897171
NativeNUFFT2,17,4,0.513505322
NativeNUFFT2,17,5,0.516566078
NativeNUFFT2,17,6,0.528828524
NativeNUFFT2,17,7,0.514605588
NativeNUFFT2,17,8,0.517769415
NativeNUFFT2,17,9,0.536216535
NativeNUFFT2,17,10,0.512397236
NativeNUFFT2,17,11,0.517611214
NativeNUFFT2,17,12,0.528444203
NativeNUFFT2,17,13,0.512452226
NativeNUFFT2,17,14,0.5132607
NativeNUFFT2,17,15,0.529046026
NativeNUFFT2,17,16,0.515408252
NativeNUFFT2,17,17,0.514130175
NativeNUFFT2,17,18,0.53182078
NativeNUFFT2,17,19,0.512210615
NativeNUFFT2,17,20,0.51323244
NativeNUFFT2,17,21,0.529478208
NativeNUFFT2,17,22,0.51309326
NativeNUFFT2,17,23,0.515241371
NativeNUFFT2,17,24,0.531143337
NativeNUFFT2,17,25,0.51507393
NativeNUFFT2,17,26,0.514499687
NativeNUFFT2,17,27,0.522996983
NativeNUFFT2,17,28,0.513832373
NativeNUFFT2,17,29,0.516398678
PrecorrectionNUFFT2,17,0,0.000883255
PrecorrectionNUFFT2,17,1,0.000859884
PrecorrectionNUFFT2,17,2,0.000868125
PrecorrectionNUFFT2,17,3,0.000894365
PrecorrectionNUFFT2,17,4,0.000871205
PrecorrectionNUFFT2,17,5,0.000868185
PrecorrectionNUFFT2,17,6,0.000889875
PrecorrectionNUFFT2,17,7,0.000861515
PrecorrectionNUFFT2,17,8,0.000865515
PrecorrectionNUFFT2,17,9,0.000890754
PrecorrectionNUFFT2,17,10,0.000861875
PrecorrectionNUFFT2,17,11,0.000863175
PrecorrectionNUFFT2,17,12,0.000891115
PrecorrectionNUFFT2,17,13,0.000863825
PrecorrectionNUFFT2,17,14,0.000866874
PrecorrectionNUFFT2,17,15,0.000893205
PrecorrectionNUFFT2,17,16,0.000865615
PrecorrectionNUFFT2,17,17,0.000863165
PrecorrectionNUFFT2,17,18,0.000892355
PrecorrectionNUFFT2,17,19,0.000865995
PrecorrectionNUFFT2,17,20,0.000861935
PrecorrectionNUFFT2,17,21,0.000888755
PrecorrectionNUFFT2,17,22,0.000866865
PrecorrectionNUFFT2,17,23,0.000868165
PrecorrectionNUFFT2,17,24,0.000888684
PrecorrectionNUFFT2,17,25,0.000860355
PrecorrectionNUFFT2,17,26,0.000867924
PrecorrectionNUFFT2,17,27,0.000891695
PrecorrectionNUFFT2,17,28,0.000863444
PrecorrectionNUFFT2,17,29,0.000865655
FFTNUFFT2,17,0,0.474905383
FFTNUFFT2,17,1,0.477392227
FFTNUFFT2,17,2,0.472949823
FFTNUFFT2,17,3,0.485084679
FFTNUFFT2,17,4,0.473476525
FFTNUFFT2,17,5,0.475145464
FFTNUFFT2,17,6,0.483712311
FFTNUFFT2,17,7,0.469222312
FFTNUFFT2,17,8,0.469306233
FFTNUFFT2,17,9,0.490528788
FFTNUFFT2,17,10,0.475162575
FFTNUFFT2,17,11,0.472106838
FFTNUFFT2,17,12,0.482460645
FFTNUFFT2,17,13,0.47066519
FFTNUFFT2,17,14,0.47418118
FFTNUFFT2,17,15,0.488789328
FFTNUFFT2,17,16,0.466347677
FFTNUFFT2,17,17,0.469700545
FFTNUFFT2,17,18,0.487982614
FFTNUFFT2,17,19,0.473186934
FFTNUFFT2,17,20,0.470165628
FFTNUFFT2,17,21,0.486439045
FFTNUFFT2,17,22,0.4687471
FFTNUFFT2,17,23,0.475114264
FFTNUFFT2,17,24,0.483071858
FFTNUFFT2,17,25,0.473157244
FFTNUFFT2,17,26,0.474938194
FFTNUFFT2,17,27,0.478811104
FFTNUFFT2,17,28,0.477241056
FFTNUFFT2,17,29,0.472542141
GatherNUFFT2,17,0,0.047209445
GatherNUFFT2,17,1,0.035903004
GatherNUFFT2,17,2,0.041441474
GatherNUFFT2,17,3,0.043898817
GatherNUFFT2,17,4,0.039137922
GatherNUFFT2,17,5,0.040532098
GatherNUFFT2,17,6,0.044206748
GatherNUFFT2,17,7,0.044500921
GatherNUFFT2,17,8,0.047577827
GatherNUFFT2,17,9,0.044777802
GatherNUFFT2,17,10,0.036352936
GatherNUFFT2,17,11,0.044620881
GatherNUFFT2,17,12,0.045072933
GatherNUFFT2,17,13,0.040903581
GatherNUFFT2,17,14,0.038192926
GatherNUFFT2,17,15,0.039343942
GatherNUFFT2,17,16,0.0481743
GatherNUFFT2,17,17,0.043546565
GatherNUFFT2,17,18,0.042924691
GatherNUFFT2,17,19,0.038137946
GatherNUFFT2,17,20,0.042184517
GatherNUFFT2,17,21,0.042130998
GatherNUFFT2,17,22,0.043459125
GatherNUFFT2,17,23,0.039238972
GatherNUFFT2,17,24,0.047163224
GatherNUFFT2,17,25,0.041035881
GatherNUFFT2,17,26,0.038672789
GatherNUFFT2,17,27,0.043273634
GatherNUFFT2,17,28,0.035706993
GatherNUFFT2,17,29,0.042970672
mainTimer,18,0,21.264688599
dumpData,18,0,0.008521716
dumpData,18,1,0.008709847
dumpData,18,2,0.009394411
dumpData,18,3,0.008490976
dumpData,18,4,0.00940948
dumpData,18,5,0.008977069
dumpData,18,6,0.008553876
dumpData,18,7,0.008516456
dumpData,18,8,0.008630657
dumpData,18,9,0.008609776
kick,18,0,0.001980281
kick,18,1,0.002004581
kick,18,2,0.001990851
kick,18,3,0.00200445
kick,18,4,0.0019949
kick,18,5,0.00200462
kick,18,6,0.001992681
kick,18,7,0.00200217
kick,18,8,0.001990291
kick,18,9,0.00200123
kick,18,10,0.001992701
kick,18,11,0.00200238
kick,18,12,0.001991391
kick,18,13,0.002000921
kick,18,14,0.001991201
kick,18,15,0.00200206
kick,18,16,0.001991261
kick,18,17,0.002001921
kick,18,18,0.001991441
kick,18,19,0.002000431
drift,18,0,0.001949191
drift,18,1,0.001983281
drift,18,2,0.001975081
drift,18,3,0.001962691
drift,18,4,0.001984011
drift,18,5,0.001958021
drift,18,6,0.00196791
drift,18,7,0.001979011
drift,18,8,0.001978691
drift,18,9,0.00197831
particleBC,18,0,0.003961531
particleBC,18,1,0.003964471
particleBC,18,2,0.003957951
particleBC,18,3,0.003963841
particleBC,18,4,0.003963311
particleBC,18,5,0.003963511
particleBC,18,6,0.003961902
particleBC,18,7,0.003961101
particleBC,18,8,0.003958451
particleBC,18,9,0.003951462
updateParticle,18,0,0.014934761
updateParticle,18,1,0.012388317
updateParticle,18,2,0.013771195
updateParticle,18,3,0.012392427
updateParticle,18,4,0.013572133
updateParticle,18,5,0.012438457
updateParticle,18,6,0.012272536
updateParticle,18,7,0.010732798
updateParticle,18,8,0.011420632
updateParticle,18,9,0.010843808
locateParticles,18,0,0.001571318
locateParticles,18,1,0.001565288
locateParticles,18,2,0.001572059
locateParticles,18,3,0.001597389
locateParticles,18,4,0.001591089
locateParticles,18,5,0.001564969
locateParticles,18,6,0.001574498
locateParticles,18,7,0.001565149
locateParticles,18,8,0.001563339
locateParticles,18,9,0.001560808
sendPreprocess,18,0,0.000209132
sendPreprocess,18,1,0.000229662
sendPreprocess,18,2,0.000233991
sendPreprocess,18,3,0.000217661
sendPreprocess,18,4,0.000207851
sendPreprocess,18,5,0.000243601
sendPreprocess,18,6,0.000224711
sendPreprocess,18,7,0.000267141
sendPreprocess,18,8,0.000291291
sendPreprocess,18,9,0.000359372
particleSend,18,0,0.001244846
particleSend,18,1,0.001242586
particleSend,18,2,0.001235747
particleSend,18,3,0.001383287
particleSend,18,4,0.001288167
particleSend,18,5,0.001293947
particleSend,18,6,0.001337238
particleSend,18,7,0.001231867
particleSend,18,8,0.001238187
particleSend,18,9,0.001288327
particleRecv,18,0,4.1e-05
particleRecv,18,1,3.6221e-05
particleRecv,18,2,3.21e-05
particleRecv,18,3,3.728e-05
particleRecv,18,4,3.167e-05
particleRecv,18,5,3.305e-05
particleRecv,18,6,3.844e-05
particleRecv,18,7,4.102e-05
particleRecv,18,8,3.692e-05
particleRecv,18,9,3.312e-05
particleDestroy,18,0,0.005197189
particleDestroy,18,1,0.005202078
particleDestroy,18,2,0.005216138
particleDestroy,18,3,0.005214769
particleDestroy,18,4,0.005223708
particleDestroy,18,5,0.005206008
particleDestroy,18,6,0.005210278
particleDestroy,18,7,0.005228208
particleDestroy,18,8,0.005232319
particleDestroy,18,9,0.005243119
ScatterPIFNUFFT,18,0,0.512395415
ScatterPIFNUFFT,18,1,0.001111656
ScatterPIFNUFFT,18,2,0.511728502
ScatterPIFNUFFT,18,3,0.001113606
ScatterPIFNUFFT,18,4,0.52248135
ScatterPIFNUFFT,18,5,0.001112256
ScatterPIFNUFFT,18,6,0.521133553
ScatterPIFNUFFT,18,7,0.001114986
ScatterPIFNUFFT,18,8,0.511434191
ScatterPIFNUFFT,18,9,0.001113876
ScatterPIFNUFFT,18,10,0.51678381
ScatterPIFNUFFT,18,11,0.001110826
ScatterPIFNUFFT,18,12,0.519078822
ScatterPIFNUFFT,18,13,0.001113466
ScatterPIFNUFFT,18,14,0.513545202
ScatterPIFNUFFT,18,15,0.001111236
ScatterPIFNUFFT,18,16,0.516395687
ScatterPIFNUFFT,18,17,0.001116326
ScatterPIFNUFFT,18,18,0.517666254
ScatterPIFNUFFT,18,19,0.001107536
NativeNUFFT1,18,0,0.508012592
NativeNUFFT1,18,1,0.507316129
NativeNUFFT1,18,2,0.518549359
NativeNUFFT1,18,3,0.516694319
NativeNUFFT1,18,4,0.506896466
NativeNUFFT1,18,5,0.512350876
NativeNUFFT1,18,6,0.51498455
NativeNUFFT1,18,7,0.508585645
NativeNUFFT1,18,8,0.511871393
NativeNUFFT1,18,9,0.513023259
scatterTimerNUFFT1,18,0,0.039754055
scatterTimerNUFFT1,18,1,0.039786255
scatterTimerNUFFT1,18,2,0.040354408
scatterTimerNUFFT1,18,3,0.040424148
scatterTimerNUFFT1,18,4,0.039734644
scatterTimerNUFFT1,18,5,0.040254377
scatterTimerNUFFT1,18,6,0.040081036
scatterTimerNUFFT1,18,7,0.039902635
scatterTimerNUFFT1,18,8,0.040340638
scatterTimerNUFFT1,18,9,0.040093127
binSort,18,0,0.009944634
binSort,18,1,0.009963744
binSort,18,2,0.009968203
binSort,18,3,0.009962583
binSort,18,4,0.009935593
binSort,18,5,0.009987254
binSort,18,6,0.009969094
binSort,18,7,0.009970784
binSort,18,8,0.009932754
binSort,18,9,0.009971604
binSort,18,10,0.009971774
binSort,18,11,0.009987254
binSort,18,12,0.009926623
binSort,18,13,0.009975764
binSort,18,14,0.009962583
binSort,18,15,0.009975903
binSort,18,16,0.009934584
binSort,18,17,0.009961583
binSort,18,18,0.009978174
binSort,18,19,0.009974594
binSort,18,20,0.009936404
binSort,18,21,0.009947913
binSort,18,22,0.009960074
binSort,18,23,0.009958084
binSort,18,24,0.009911934
binSort,18,25,0.009955233
binSort,18,26,0.009959854
binSort,18,27,0.009949683
binSort,18,28,0.009934634
binSort,18,29,0.009961024
binSort,18,30,0.009956974
binSort,18,31,0.009955064
binSort,18,32,0.009926194
binSort,18,33,0.009961504
binSort,18,34,0.009958864
binSort,18,35,0.009960964
binSort,18,36,0.009946964
binSort,18,37,0.009966194
binSort,18,38,0.009964363
binSort,18,39,0.009969124
binComputeKeys,18,0,0.001080686
binComputeKeys,18,1,0.001084806
binComputeKeys,18,2,0.001087235
binComputeKeys,18,3,0.001083366
binComputeKeys,18,4,0.001078965
binComputeKeys,18,5,0.001087176
binComputeKeys,18,6,0.001083506
binComputeKeys,18,7,0.001084976
binComputeKeys,18,8,0.001082796
binComputeKeys,18,9,0.001083906
binComputeKeys,18,10,0.001085296
binComputeKeys,18,11,0.001084726
binComputeKeys,18,12,0.001081736
binComputeKeys,18,13,0.001085526
binComputeKeys,18,14,0.001086356
binComputeKeys,18,15,0.001083426
binComputeKeys,18,16,0.001080566
binComputeKeys,18,17,0.001087606
binComputeKeys,18,18,0.001083966
binComputeKeys,18,19,0.001086676
binComputeKeys,18,20,0.001079146
binComputeKeys,18,21,0.001086286
binComputeKeys,18,22,0.001083986
binComputeKeys,18,23,0.001081966
binComputeKeys,18,24,0.001083086
binComputeKeys,18,25,0.001084686
binComputeKeys,18,26,0.001085606
binComputeKeys,18,27,0.001085695
binComputeKeys,18,28,0.001079626
binComputeKeys,18,29,0.001083816
binComputeKeys,18,30,0.001083546
binComputeKeys,18,31,0.001083636
binComputeKeys,18,32,0.001078286
binComputeKeys,18,33,0.001083706
binComputeKeys,18,34,0.001082496
binComputeKeys,18,35,0.001083226
binComputeKeys,18,36,0.001081416
binComputeKeys,18,37,0.001081996
binComputeKeys,18,38,0.001084496
binComputeKeys,18,39,0.001083606
binSortByKey,18,0,0.008589896
binSortByKey,18,1,0.008600976
binSortByKey,18,2,0.008603877
binSortByKey,18,3,0.008601586
binSortByKey,18,4,0.008580267
binSortByKey,18,5,0.008621466
binSortByKey,18,6,0.008608757
binSortByKey,18,7,0.008610026
binSortByKey,18,8,0.008578356
binSortByKey,18,9,0.008610636
binSortByKey,18,10,0.008608957
binSortByKey,18,11,0.008608157
binSortByKey,18,12,0.008572196
binSortByKey,18,13,0.008609086
binSortByKey,18,14,0.008600256
binSortByKey,18,15,0.008614706
binSortByKey,18,16,0.008581786
binSortByKey,18,17,0.008596936
binSortByKey,18,18,0.008616867
binSortByKey,18,19,0.008612416
binSortByKey,18,20,0.008585896
binSortByKey,18,21,0.008583226
binSortByKey,18,22,0.008599467
binSortByKey,18,23,0.008599166
binSortByKey,18,24,0.008557166
binSortByKey,18,25,0.008593346
binSortByKey,18,26,0.008597437
binSortByKey,18,27,0.008587907
binSortByKey,18,28,0.008583316
binSortByKey,18,29,0.008599316
binSortByKey,18,30,0.008594096
binSortByKey,18,31,0.008594596
binSortByKey,18,32,0.008575246
binSortByKey,18,33,0.008601906
binSortByKey,18,34,0.008600566
binSortByKey,18,35,0.008599886
binSortByKey,18,36,0.008594307
binSortByKey,18,37,0.008607167
binSortByKey,18,38,0.008602386
binSortByKey,18,39,0.008609257
binComputeOffsets,18,0,0.000263712
binComputeOffsets,18,1,0.000268102
binComputeOffsets,18,2,0.000266681
binComputeOffsets,18,3,0.000267391
binComputeOffsets,18,4,0.000266671
binComputeOffsets,18,5,0.000267942
binComputeOffsets,18,6,0.000266591
binComputeOffsets,18,7,0.000265842
binComputeOffsets,18,8,0.000261932
binComputeOffsets,18,9,0.000266682
binComputeOffsets,18,10,0.000267481
binComputeOffsets,18,11,0.000284761
binComputeOffsets,18,12,0.000262331
binComputeOffsets,18,13,0.000271892
binComputeOffsets,18,14,0.000266511
binComputeOffsets,18,15,0.000267751
binComputeOffsets,18,16,0.000261942
binComputeOffsets,18,17,0.000267181
binComputeOffsets,18,18,0.000267881
binComputeOffsets,18,19,0.000265712
binComputeOffsets,18,20,0.000262062
binComputeOffsets,18,21,0.000267461
binComputeOffsets,18,22,0.000266211
binComputeOffsets,18,23,0.000267142
binComputeOffsets,18,24,0.000262292
binComputeOffsets,18,25,0.000267001
binComputeOffsets,18,26,0.000265711
binComputeOffsets,18,27,0.000266611
binComputeOffsets,18,28,0.000262132
binComputeOffsets,18,29,0.000267732
binComputeOffsets,18,30,0.000268482
binComputeOffsets,18,31,0.000266181
binComputeOffsets,18,32,0.000262392
binComputeOffsets,18,33,0.000266392
binComputeOffsets,18,34,0.000265952
binComputeOffsets,18,35,0.000268372
binComputeOffsets,18,36,0.000262001
binComputeOffsets,18,37,0.000266991
binComputeOffsets,18,38,0.000267551
binComputeOffsets,18,39,0.000266401
FFTNUFFT1,18,0,0.467427723
FFTNUFFT1,18,1,0.466695439
FFTNUFFT1,18,2,0.477361416
FFTNUFFT1,18,3,0.475436336
FFTNUFFT1,18,4,0.466329337
FFTNUFFT1,18,5,0.471263714
FFTNUFFT1,18,6,0.474073879
FFTNUFFT1,18,7,0.467849295
FFTNUFFT1,18,8,0.470694511
FFTNUFFT1,18,9,0.472101268
deconvolutionNUFFT1,18,0,0.000819084
deconvolutionNUFFT1,18,1,0.000822455
deconvolutionNUFFT1,18,2,0.000821625
deconvolutionNUFFT1,18,3,0.000822025
deconvolutionNUFFT1,18,4,0.000817985
deconvolutionNUFFT1,18,5,0.000820875
deconvolutionNUFFT1,18,6,0.000818025
deconvolutionNUFFT1,18,7,0.000821325
deconvolutionNUFFT1,18,8,0.000820844
deconvolutionNUFFT1,18,9,0.000817934
GatherPIFNUFFT,18,0,1.572498467
GatherPIFNUFFT,18,1,1.579671827
GatherPIFNUFFT,18,2,1.568197605
GatherPIFNUFFT,18,3,1.571015429
GatherPIFNUFFT,18,4,1.576514599
GatherPIFNUFFT,18,5,1.571479232
GatherPIFNUFFT,18,6,1.56936563
GatherPIFNUFFT,18,7,1.578281409
GatherPIFNUFFT,18,8,1.572423277
GatherPIFNUFFT,18,9,1.570486947
NativeNUFFT2,18,0,0.527654298
NativeNUFFT2,18,1,0.513711313
NativeNUFFT2,18,2,0.514743958
NativeNUFFT2,18,3,0.534301864
NativeNUFFT2,18,4,0.513622993
NativeNUFFT2,18,5,0.515342592
NativeNUFFT2,18,6,0.522499321
NativeNUFFT2,18,7,0.512184444
NativeNUFFT2,18,8,0.517125282
NativeNUFFT2,18,9,0.523551636
NativeNUFFT2,18,10,0.514602797
NativeNUFFT2,18,11,0.516457748
NativeNUFFT2,18,12,0.532636895
NativeNUFFT2,18,13,0.513085029
NativeNUFFT2,18,14,0.514413947
NativeNUFFT2,18,15,0.527743489
NativeNUFFT2,18,16,0.51503345
NativeNUFFT2,18,17,0.512350385
NativeNUFFT2,18,18,0.528818835
NativeNUFFT2,18,19,0.511642042
NativeNUFFT2,18,20,0.512538846
NativeNUFFT2,18,21,0.53361074
NativeNUFFT2,18,22,0.513393841
NativeNUFFT2,18,23,0.514912529
NativeNUFFT2,18,24,0.52630488
NativeNUFFT2,18,25,0.514559107
NativeNUFFT2,18,26,0.515203061
NativeNUFFT2,18,27,0.525636917
NativeNUFFT2,18,28,0.513062709
NativeNUFFT2,18,29,0.51505813
PrecorrectionNUFFT2,18,0,0.001239316
PrecorrectionNUFFT2,18,1,0.001207136
PrecorrectionNUFFT2,18,2,0.001204396
PrecorrectionNUFFT2,18,3,0.001240797
PrecorrectionNUFFT2,18,4,0.001205866
PrecorrectionNUFFT2,18,5,0.001204576
PrecorrectionNUFFT2,18,6,0.001242587
PrecorrectionNUFFT2,18,7,0.001204576
PrecorrectionNUFFT2,18,8,0.001202247
PrecorrectionNUFFT2,18,9,0.001243096
PrecorrectionNUFFT2,18,10,0.001205676
PrecorrectionNUFFT2,18,11,0.001207167
PrecorrectionNUFFT2,18,12,0.001238246
PrecorrectionNUFFT2,18,13,0.001203056
PrecorrectionNUFFT2,18,14,0.001204417
PrecorrectionNUFFT2,18,15,0.001244397
PrecorrectionNUFFT2,18,16,0.001203086
PrecorrectionNUFFT2,18,17,0.001201896
PrecorrectionNUFFT2,18,18,0.001241257
PrecorrectionNUFFT2,18,19,0.001203556
PrecorrectionNUFFT2,18,20,0.001203906
PrecorrectionNUFFT2,18,21,0.001242716
PrecorrectionNUFFT2,18,22,0.001205117
PrecorrectionNUFFT2,18,23,0.001204747
PrecorrectionNUFFT2,18,24,0.001239686
PrecorrectionNUFFT2,18,25,0.001202856
PrecorrectionNUFFT2,18,26,0.001202837
PrecorrectionNUFFT2,18,27,0.001240286
PrecorrectionNUFFT2,18,28,0.001204946
PrecorrectionNUFFT2,18,29,0.001207807
FFTNUFFT2,18,0,0.489968765
FFTNUFFT2,18,1,0.475973099
FFTNUFFT2,18,2,0.477113776
FFTNUFFT2,18,3,0.49643771
FFTNUFFT2,18,4,0.471715266
FFTNUFFT2,18,5,0.477710959
FFTNUFFT2,18,6,0.474002139
FFTNUFFT2,18,7,0.468903141
FFTNUFFT2,18,8,0.478615023
FFTNUFFT2,18,9,0.482875857
FFTNUFFT2,18,10,0.473029104
FFTNUFFT2,18,11,0.478632373
FFTNUFFT2,18,12,0.480597034
FFTNUFFT2,18,13,0.469249323
FFTNUFFT2,18,14,0.472081238
FFTNUFFT2,18,15,0.489975274
FFTNUFFT2,18,16,0.477462377
FFTNUFFT2,18,17,0.479225827
FFTNUFFT2,18,18,0.491183471
FFTNUFFT2,18,19,0.470884612
FFTNUFFT2,18,20,0.471180843
FFTNUFFT2,18,21,0.487862134
FFTNUFFT2,18,22,0.476003699
FFTNUFFT2,18,23,0.477229536
FFTNUFFT2,18,24,0.47605906
FFTNUFFT2,18,25,0.475924419
FFTNUFFT2,18,26,0.477332966
FFTNUFFT2,18,27,0.47980557
FFTNUFFT2,18,28,0.475598537
FFTNUFFT2,18,29,0.467826525
GatherNUFFT2,18,0,0.036426137
GatherNUFFT2,18,1,0.036510458
GatherNUFFT2,18,2,0.036404936
GatherNUFFT2,18,3,0.036601827
GatherNUFFT2,18,4,0.04068095
GatherNUFFT2,18,5,0.036407007
GatherNUFFT2,18,6,0.047234265
GatherNUFFT2,18,7,0.042056237
GatherNUFFT2,18,8,0.037287082
GatherNUFFT2,18,9,0.039413223
GatherNUFFT2,18,10,0.040346617
GatherNUFFT2,18,11,0.036597837
GatherNUFFT2,18,12,0.050781494
GatherNUFFT2,18,13,0.04261186
GatherNUFFT2,18,14,0.041106822
GatherNUFFT2,18,15,0.036504418
GatherNUFFT2,18,16,0.036346807
GatherNUFFT2,18,17,0.031901832
GatherNUFFT2,18,18,0.036373857
GatherNUFFT2,18,19,0.039533284
GatherNUFFT2,18,20,0.040133597
GatherNUFFT2,18,21,0.04448581
GatherNUFFT2,18,22,0.036163215
GatherNUFFT2,18,23,0.036457066
GatherNUFFT2,18,24,0.048986424
GatherNUFFT2,18,25,0.037410382
GatherNUFFT2,18,26,0.036645658
GatherNUFFT2,18,27,0.044571421
GatherNUFFT2,18,28,0.036237835
GatherNUFFT2,18,29,0.046002908
mainTimer,19,0,21.264695759
dumpData,19,0,0.009543072
dumpData,19,1,0.009725692
dumpData,19,2,0.011231571
dumpData,19,3,0.009510891
dumpData,19,4,0.011448111
dumpData,19,5,0.010574837
dumpData,19,6,0.009564581
dumpData,19,7,0.009530311
dumpData,19,8,0.010378596
dumpData,19,9,0.011218621
kick,19,0,0.00184823
kick,19,1,0.00188163
kick,19,2,0.00187546
kick,19,3,0.0018826
kick,19,4,0.00187512
kick,19,5,0.00188094
kick,19,6,0.00184593
kick,19,7,0.00188141
kick,19,8,0.00187438
kick,19,9,0.001881871
kick,19,10,0.00183907
kick,19,11,0.00188163
kick,19,12,0.00186144
kick,19,13,0.001882671
kick,19,14,0.001875561
kick,19,15,0.00187988
kick,19,16,0.001873971
kick,19,17,0.00188823
kick,19,18,0.00186649
kick,19,19,0.00188022
drift,19,0,0.00183085
drift,19,1,0.00184523
drift,19,2,0.00184027
drift,19,3,0.00183243
drift,19,4,0.00184416
drift,19,5,0.00183066
drift,19,6,0.00183251
drift,19,7,0.0018434
drift,19,8,0.00184285
drift,19,9,0.00183386
particleBC,19,0,0.00372024
particleBC,19,1,0.00371701
particleBC,19,2,0.00371814
particleBC,19,3,0.00371493
particleBC,19,4,0.00371923
particleBC,19,5,0.00371521
particleBC,19,6,0.00371304
particleBC,19,7,0.0037194
particleBC,19,8,0.00371673
particleBC,19,9,0.00372171
updateParticle,19,0,0.015050931
updateParticle,19,1,0.012349277
updateParticle,19,2,0.01307575
updateParticle,19,3,0.012718469
updateParticle,19,4,0.013841005
updateParticle,19,5,0.012788279
updateParticle,19,6,0.012143865
updateParticle,19,7,0.011627302
updateParticle,19,8,0.011670953
updateParticle,19,9,0.010890289
locateParticles,19,0,0.001519798
locateParticles,19,1,0.001544049
locateParticles,19,2,0.001503338
locateParticles,19,3,0.001518418
locateParticles,19,4,0.001507399
locateParticles,19,5,0.001516569
locateParticles,19,6,0.001529958
locateParticles,19,7,0.001518258
locateParticles,19,8,0.001516098
locateParticles,19,9,0.001575049
sendPreprocess,19,0,0.000755515
sendPreprocess,19,1,0.000751324
sendPreprocess,19,2,0.000800884
sendPreprocess,19,3,0.000818915
sendPreprocess,19,4,0.000791164
sendPreprocess,19,5,0.000821784
sendPreprocess,19,6,0.000783774
sendPreprocess,19,7,0.000808554
sendPreprocess,19,8,0.000828624
sendPreprocess,19,9,0.000839084
particleSend,19,0,0.001220976
particleSend,19,1,0.001267386
particleSend,19,2,0.001413128
particleSend,19,3,0.001218686
particleSend,19,4,0.001213696
particleSend,19,5,0.001307397
particleSend,19,6,0.001284467
particleSend,19,7,0.001281237
particleSend,19,8,0.001207747
particleSend,19,9,0.001321117
particleRecv,19,0,3.46e-05
particleRecv,19,1,3.489e-05
particleRecv,19,2,3.118e-05
particleRecv,19,3,3.7881e-05
particleRecv,19,4,3.3771e-05
particleRecv,19,5,3.69e-05
particleRecv,19,6,3.293e-05
particleRecv,19,7,3.48e-05
particleRecv,19,8,3.893e-05
particleRecv,19,9,3.479e-05
particleDestroy,19,0,0.005128508
particleDestroy,19,1,0.005114887
particleDestroy,19,2,0.005123628
particleDestroy,19,3,0.005136367
particleDestroy,19,4,0.005127147
particleDestroy,19,5,0.005137058
particleDestroy,19,6,0.005147007
particleDestroy,19,7,0.005141318
particleDestroy,19,8,0.005118608
particleDestroy,19,9,0.005156097
ScatterPIFNUFFT,19,0,0.509863702
ScatterPIFNUFFT,19,1,0.001114146
ScatterPIFNUFFT,19,2,0.511465181
ScatterPIFNUFFT,19,3,0.001114526
ScatterPIFNUFFT,19,4,0.509155668
ScatterPIFNUFFT,19,5,0.001119546
ScatterPIFNUFFT,19,6,0.518268967
ScatterPIFNUFFT,19,7,0.001114126
ScatterPIFNUFFT,19,8,0.510272014
ScatterPIFNUFFT,19,9,0.001112576
ScatterPIFNUFFT,19,10,0.515109001
ScatterPIFNUFFT,19,11,0.001113556
ScatterPIFNUFFT,19,12,0.516046875
ScatterPIFNUFFT,19,13,0.001115017
ScatterPIFNUFFT,19,14,0.516671999
ScatterPIFNUFFT,19,15,0.001119766
ScatterPIFNUFFT,19,16,0.508114522
ScatterPIFNUFFT,19,17,0.001110646
ScatterPIFNUFFT,19,18,0.514204695
ScatterPIFNUFFT,19,19,0.001122586
NativeNUFFT1,19,0,0.505347978
NativeNUFFT1,19,1,0.506823976
NativeNUFFT1,19,2,0.504997336
NativeNUFFT1,19,3,0.513833173
NativeNUFFT1,19,4,0.50575488
NativeNUFFT1,19,5,0.510691527
NativeNUFFT1,19,6,0.511542591
NativeNUFFT1,19,7,0.512082414
NativeNUFFT1,19,8,0.503602279
NativeNUFFT1,19,9,0.50932036
scatterTimerNUFFT1,19,0,0.039080021
scatterTimerNUFFT1,19,1,0.039449203
scatterTimerNUFFT1,19,2,0.04067286
scatterTimerNUFFT1,19,3,0.040130177
scatterTimerNUFFT1,19,4,0.039028841
scatterTimerNUFFT1,19,5,0.039594113
scatterTimerNUFFT1,19,6,0.039183392
scatterTimerNUFFT1,19,7,0.039384273
scatterTimerNUFFT1,19,8,0.039991856
scatterTimerNUFFT1,19,9,0.039849606
binSort,19,0,0.009335901
binSort,19,1,0.009393051
binSort,19,2,0.009390591
binSort,19,3,0.00938231
binSort,19,4,0.009348831
binSort,19,5,0.009387871
binSort,19,6,0.009363881
binSort,19,7,0.009376631
binSort,19,8,0.009348341
binSort,19,9,0.009378261
binSort,19,10,0.009394071
binSort,19,11,0.009389191
binSort,19,12,0.009349611
binSort,19,13,0.00938267
binSort,19,14,0.009376811
binSort,19,15,0.00938533
binSort,19,16,0.009355911
binSort,19,17,0.00938621
binSort,19,18,0.0093928
binSort,19,19,0.009365381
binSort,19,20,0.00935259
binSort,19,21,0.009387081
binSort,19,22,0.009393521
binSort,19,23,0.009398141
binSort,19,24,0.009342181
binSort,19,25,0.009381191
binSort,19,26,0.009367671
binSort,19,27,0.009372381
binSort,19,28,0.0093341
binSort,19,29,0.00937906
binSort,19,30,0.0093744
binSort,19,31,0.009382001
binSort,19,32,0.009340931
binSort,19,33,0.009367961
binSort,19,34,0.009445111
binSort,19,35,0.009369281
binSort,19,36,0.00934188
binSort,19,37,0.00936768
binSort,19,38,0.009371181
binSort,19,39,0.00936362
binComputeKeys,19,0,0.001016176
binComputeKeys,19,1,0.001022216
binComputeKeys,19,2,0.001019476
binComputeKeys,19,3,0.001020735
binComputeKeys,19,4,0.001017566
binComputeKeys,19,5,0.001020096
binComputeKeys,19,6,0.001018496
binComputeKeys,19,7,0.001020916
binComputeKeys,19,8,0.001017316
binComputeKeys,19,9,0.001016895
binComputeKeys,19,10,0.001019376
binComputeKeys,19,11,0.001021626
binComputeKeys,19,12,0.001015646
binComputeKeys,19,13,0.001018835
binComputeKeys,19,14,0.001020796
binComputeKeys,19,15,0.001021195
binComputeKeys,19,16,0.001018045
binComputeKeys,19,17,0.001023565
binComputeKeys,19,18,0.001017515
binComputeKeys,19,19,0.001018656
binComputeKeys,19,20,0.001016425
binComputeKeys,19,21,0.001020396
binComputeKeys,19,22,0.001016916
binComputeKeys,19,23,0.001024586
binComputeKeys,19,24,0.001014356
binComputeKeys,19,25,0.001020665
binComputeKeys,19,26,0.001023315
binComputeKeys,19,27,0.001020066
binComputeKeys,19,28,0.001013255
binComputeKeys,19,29,0.001015755
binComputeKeys,19,30,0.001022385
binComputeKeys,19,31,0.001018945
binComputeKeys,19,32,0.001020126
binComputeKeys,19,33,0.001020636
binComputeKeys,19,34,0.001028905
binComputeKeys,19,35,0.001021556
binComputeKeys,19,36,0.001018155
binComputeKeys,19,37,0.001020205
binComputeKeys,19,38,0.001019026
binComputeKeys,19,39,0.001019965
binSortByKey,19,0,0.008061463
binSortByKey,19,1,0.008105833
binSortByKey,19,2,0.008106494
binSortByKey,19,3,0.008098044
binSortByKey,19,4,0.008072714
binSortByKey,19,5,0.008104774
binSortByKey,19,6,0.008082204
binSortByKey,19,7,0.008093783
binSortByKey,19,8,0.008073343
binSortByKey,19,9,0.008097894
binSortByKey,19,10,0.008108623
binSortByKey,19,11,0.008103313
binSortByKey,19,12,0.008075463
binSortByKey,19,13,0.008100364
binSortByKey,19,14,0.008092723
binSortByKey,19,15,0.008098924
binSortByKey,19,16,0.008078363
binSortByKey,19,17,0.008099184
binSortByKey,19,18,0.008113464
binSortByKey,19,19,0.008083013
binSortByKey,19,20,0.008077884
binSortByKey,19,21,0.008101743
binSortByKey,19,22,0.008110953
binSortByKey,19,23,0.008108533
binSortByKey,19,24,0.008068973
binSortByKey,19,25,0.008097334
binSortByKey,19,26,0.008081524
binSortByKey,19,27,0.008088513
binSortByKey,19,28,0.008062754
binSortByKey,19,29,0.008100484
binSortByKey,19,30,0.008088774
binSortByKey,19,31,0.008099994
binSortByKey,19,32,0.008060663
binSortByKey,19,33,0.008084483
binSortByKey,19,34,0.008129694
binSortByKey,19,35,0.008084104
binSortByKey,19,36,0.008065474
binSortByKey,19,37,0.008081874
binSortByKey,19,38,0.008086294
binSortByKey,19,39,0.008079294
binComputeOffsets,19,0,0.000249022
binComputeOffsets,19,1,0.000255632
binComputeOffsets,19,2,0.000255201
binComputeOffsets,19,3,0.000253591
binComputeOffsets,19,4,0.000249321
binComputeOffsets,19,5,0.000253671
binComputeOffsets,19,6,0.000253011
binComputeOffsets,19,7,0.000251951
binComputeOffsets,19,8,0.000248392
binComputeOffsets,19,9,0.000253592
binComputeOffsets,19,10,0.000255902
binComputeOffsets,19,11,0.000254542
binComputeOffsets,19,12,0.000249282
binComputeOffsets,19,13,0.000254161
binComputeOffsets,19,14,0.000253732
binComputeOffsets,19,15,0.000255621
binComputeOffsets,19,16,0.000249262
binComputeOffsets,19,17,0.000254041
binComputeOffsets,19,18,0.000252461
binComputeOffsets,19,19,0.000253942
binComputeOffsets,19,20,0.000249011
binComputeOffsets,19,21,0.000255252
binComputeOffsets,19,22,0.000255522
binComputeOffsets,19,23,0.000254232
binComputeOffsets,19,24,0.000249212
binComputeOffsets,19,25,0.000253892
binComputeOffsets,19,26,0.000252632
binComputeOffsets,19,27,0.000254442
binComputeOffsets,19,28,0.000248841
binComputeOffsets,19,29,0.000253441
binComputeOffsets,19,30,0.000253791
binComputeOffsets,19,31,0.000253642
binComputeOffsets,19,32,0.000249232
binComputeOffsets,19,33,0.000253312
binComputeOffsets,19,34,0.000269782
binComputeOffsets,19,35,0.000254031
binComputeOffsets,19,36,0.000248661
binComputeOffsets,19,37,0.000255391
binComputeOffsets,19,38,0.000255441
binComputeOffsets,19,39,0.000254481
FFTNUFFT1,19,0,0.465785594
FFTNUFFT1,19,1,0.46689192
FFTNUFFT1,19,2,0.463840323
FFTNUFFT1,19,3,0.473226334
FFTNUFFT1,19,4,0.466247776
FFTNUFFT1,19,5,0.47061623
FFTNUFFT1,19,6,0.471878127
FFTNUFFT1,19,7,0.472210389
FFTNUFFT1,19,8,0.46311773
FFTNUFFT1,19,9,0.468959701
deconvolutionNUFFT1,19,0,0.000471003
deconvolutionNUFFT1,19,1,0.000470913
deconvolutionNUFFT1,19,2,0.000472843
deconvolutionNUFFT1,19,3,0.000465312
deconvolutionNUFFT1,19,4,0.000465733
deconvolutionNUFFT1,19,5,0.000469993
deconvolutionNUFFT1,19,6,0.000468862
deconvolutionNUFFT1,19,7,0.000476162
deconvolutionNUFFT1,19,8,0.000479093
deconvolutionNUFFT1,19,9,0.000497223
GatherPIFNUFFT,19,0,1.573930835
GatherPIFNUFFT,19,1,1.579013863
GatherPIFNUFFT,19,2,1.582388931
GatherPIFNUFFT,19,3,1.572744619
GatherPIFNUFFT,19,4,1.575776925
GatherPIFNUFFT,19,5,1.573090251
GatherPIFNUFFT,19,6,1.571470963
GatherPIFNUFFT,19,7,1.573088201
GatherPIFNUFFT,19,8,1.579721347
GatherPIFNUFFT,19,9,1.573203811
NativeNUFFT2,19,0,0.529331197
NativeNUFFT2,19,1,0.513910424
NativeNUFFT2,19,2,0.51506241
NativeNUFFT2,19,3,0.533802161
NativeNUFFT2,19,4,0.513190191
NativeNUFFT2,19,5,0.516379498
NativeNUFFT2,19,6,0.535812183
NativeNUFFT2,19,7,0.513451762
NativeNUFFT2,19,8,0.517512814
NativeNUFFT2,19,9,0.526253831
NativeNUFFT2,19,10,0.513715082
NativeNUFFT2,19,11,0.516716229
NativeNUFFT2,19,12,0.533690111
NativeNUFFT2,19,13,0.512219214
NativeNUFFT2,19,14,0.513850664
NativeNUFFT2,19,15,0.528329362
NativeNUFFT2,19,16,0.515227251
NativeNUFFT2,19,17,0.513847744
NativeNUFFT2,19,18,0.531315828
NativeNUFFT2,19,19,0.511845222
NativeNUFFT2,19,20,0.512690927
NativeNUFFT2,19,21,0.528152581
NativeNUFFT2,19,22,0.514402146
NativeNUFFT2,19,23,0.514496737
NativeNUFFT2,19,24,0.534780927
NativeNUFFT2,19,25,0.51487223
NativeNUFFT2,19,26,0.514437587
NativeNUFFT2,19,27,0.528571883
NativeNUFFT2,19,28,0.513578472
NativeNUFFT2,19,29,0.515423612
PrecorrectionNUFFT2,19,0,0.000890505
PrecorrectionNUFFT2,19,1,0.000862085
PrecorrectionNUFFT2,19,2,0.000861464
PrecorrectionNUFFT2,19,3,0.000894704
PrecorrectionNUFFT2,19,4,0.000866514
PrecorrectionNUFFT2,19,5,0.000860495
PrecorrectionNUFFT2,19,6,0.000885795
PrecorrectionNUFFT2,19,7,0.000864735
PrecorrectionNUFFT2,19,8,0.000859215
PrecorrectionNUFFT2,19,9,0.000891205
PrecorrectionNUFFT2,19,10,0.000861214
PrecorrectionNUFFT2,19,11,0.000863475
PrecorrectionNUFFT2,19,12,0.000888725
PrecorrectionNUFFT2,19,13,0.000861914
PrecorrectionNUFFT2,19,14,0.000860145
PrecorrectionNUFFT2,19,15,0.000885265
PrecorrectionNUFFT2,19,16,0.000863844
PrecorrectionNUFFT2,19,17,0.000862725
PrecorrectionNUFFT2,19,18,0.000889265
PrecorrectionNUFFT2,19,19,0.000865694
PrecorrectionNUFFT2,19,20,0.000865415
PrecorrectionNUFFT2,19,21,0.000886165
PrecorrectionNUFFT2,19,22,0.000869684
PrecorrectionNUFFT2,19,23,0.000863505
PrecorrectionNUFFT2,19,24,0.000888475
PrecorrectionNUFFT2,19,25,0.000868215
PrecorrectionNUFFT2,19,26,0.000880345
PrecorrectionNUFFT2,19,27,0.000890495
PrecorrectionNUFFT2,19,28,0.000863775
PrecorrectionNUFFT2,19,29,0.000861974
FFTNUFFT2,19,0,0.486264845
FFTNUFFT2,19,1,0.478989875
FFTNUFFT2,19,2,0.463513212
FFTNUFFT2,19,3,0.484967218
FFTNUFFT2,19,4,0.467616224
FFTNUFFT2,19,5,0.473563086
FFTNUFFT2,19,6,0.484020713
FFTNUFFT2,19,7,0.47242323
FFTNUFFT2,19,8,0.467041301
FFTNUFFT2,19,9,0.472849362
FFTNUFFT2,19,10,0.474965154
FFTNUFFT2,19,11,0.465750044
FFTNUFFT2,19,12,0.481953422
FFTNUFFT2,19,13,0.474486082
FFTNUFFT2,19,14,0.468017066
FFTNUFFT2,19,15,0.483870232
FFTNUFFT2,19,16,0.476021889
FFTNUFFT2,19,17,0.467741055
FFTNUFFT2,19,18,0.488173625
FFTNUFFT2,19,19,0.473465506
FFTNUFFT2,19,20,0.461942133
FFTNUFFT2,19,21,0.48732532
FFTNUFFT2,19,22,0.467125682
FFTNUFFT2,19,23,0.469130102
FFTNUFFT2,19,24,0.481011346
FFTNUFFT2,19,25,0.473209924
FFTNUFFT2,19,26,0.468213067
FFTNUFFT2,19,27,0.48901849
FFTNUFFT2,19,28,0.472164458
FFTNUFFT2,19,29,0.464682779
GatherNUFFT2,19,0,0.042155557
GatherNUFFT2,19,1,0.034038524
GatherNUFFT2,19,2,0.050666914
GatherNUFFT2,19,3,0.047920719
GatherNUFFT2,19,4,0.044684352
GatherNUFFT2,19,5,0.041936047
GatherNUFFT2,19,6,0.050886524
GatherNUFFT2,19,7,0.040144197
GatherNUFFT2,19,8,0.049592738
GatherNUFFT2,19,9,0.052492714
GatherNUFFT2,19,10,0.037867854
GatherNUFFT2,19,11,0.05007606
GatherNUFFT2,19,12,0.050822644
GatherNUFFT2,19,13,0.036847148
GatherNUFFT2,19,14,0.044953603
GatherNUFFT2,19,15,0.043554615
GatherNUFFT2,19,16,0.038321387
GatherNUFFT2,19,17,0.045223184
GatherNUFFT2,19,18,0.042233508
GatherNUFFT2,19,19,0.037494282
GatherNUFFT2,19,20,0.049863199
GatherNUFFT2,19,21,0.039921736
GatherNUFFT2,19,22,0.04638712
GatherNUFFT2,19,23,0.04448205
GatherNUFFT2,19,24,0.052861556
GatherNUFFT2,19,25,0.04077025
GatherNUFFT2,19,26,0.045323085
GatherNUFFT2,19,27,0.038642978
GatherNUFFT2,19,28,0.040529999
GatherNUFFT2,19,29,0.049859129
mainTimer,20,0,21.264715605
dumpData,20,0,0.012428793
dumpData,20,1,0.011057249
dumpData,20,2,0.009520822
dumpData,20,3,0.012408152
dumpData,20,4,0.011237141
dumpData,20,5,0.011831277
dumpData,20,6,0.011179859
dumpData,20,7,0.01215748
dumpData,20,8,0.010144089
dumpData,20,9,0.009553302
kick,20,0,0.001764289
kick,20,1,0.001766279
kick,20,2,0.001708569
kick,20,3,0.001767168
kick,20,4,0.001744429
kick,20,5,0.001767859
kick,20,6,0.001765549
kick,20,7,0.001768019
kick,20,8,0.001711838
kick,20,9,0.001766489
kick,20,10,0.001740178
kick,20,11,0.001767979
kick,20,12,0.001725008
kick,20,13,0.001766669
kick,20,14,0.001741468
kick,20,15,0.001767769
kick,20,16,0.001716709
kick,20,17,0.001769039
kick,20,18,0.001764809
kick,20,19,0.001767289
drift,20,0,0.001736588
drift,20,1,0.001720688
drift,20,2,0.001719828
drift,20,3,0.001739128
drift,20,4,0.001719798
drift,20,5,0.001719528
drift,20,6,0.001717859
drift,20,7,0.001721059
drift,20,8,0.001718768
drift,20,9,0.001722009
particleBC,20,0,0.003491798
particleBC,20,1,0.003489338
particleBC,20,2,0.003493968
particleBC,20,3,0.003494948
particleBC,20,4,0.003493728
particleBC,20,5,0.003495897
particleBC,20,6,0.003493307
particleBC,20,7,0.003490867
particleBC,20,8,0.003492788
particleBC,20,9,0.003493317
updateParticle,20,0,0.0140602
updateParticle,20,1,0.012375092
updateParticle,20,2,0.012251371
updateParticle,20,3,0.012768087
updateParticle,20,4,0.013881049
updateParticle,20,5,0.013630736
updateParticle,20,6,0.012661666
updateParticle,20,7,0.012065349
updateParticle,20,8,0.012499643
updateParticle,20,9,0.012033259
locateParticles,20,0,0.001425165
locateParticles,20,1,0.001443565
locateParticles,20,2,0.001417385
locateParticles,20,3,0.001431295
locateParticles,20,4,0.001443765
locateParticles,20,5,0.001426566
locateParticles,20,6,0.001455746
locateParticles,20,7,0.001444486
locateParticles,20,8,0.001436485
locateParticles,20,9,0.001427055
sendPreprocess,20,0,0.001267284
sendPreprocess,20,1,0.001368785
sendPreprocess,20,2,0.001354434
sendPreprocess,20,3,0.001298214
sendPreprocess,20,4,0.001368395
sendPreprocess,20,5,0.001342104
sendPreprocess,20,6,0.001325104
sendPreprocess,20,7,0.001363324
sendPreprocess,20,8,0.001416665
sendPreprocess,20,9,0.001432196
particleSend,20,0,0.001238893
particleSend,20,1,0.001200783
particleSend,20,2,0.001303594
particleSend,20,3,0.001272194
particleSend,20,4,0.001348495
particleSend,20,5,0.001271464
particleSend,20,6,0.001256893
particleSend,20,7,0.001253414
particleSend,20,8,0.001246324
particleSend,20,9,0.001255073
particleRecv,20,0,3.359e-05
particleRecv,20,1,3.572e-05
particleRecv,20,2,3.8891e-05
particleRecv,20,3,3.654e-05
particleRecv,20,4,3.179e-05
particleRecv,20,5,3.367e-05
particleRecv,20,6,3.1841e-05
particleRecv,20,7,3.843e-05
particleRecv,20,8,3.921e-05
particleRecv,20,9,3.3191e-05
particleDestroy,20,0,0.004709041
particleDestroy,20,1,0.00470444
particleDestroy,20,2,0.00470993
particleDestroy,20,3,0.004724711
particleDestroy,20,4,0.00469636
particleDestroy,20,5,0.004702961
particleDestroy,20,6,0.00471217
particleDestroy,20,7,0.0046877
particleDestroy,20,8,0.00469163
particleDestroy,20,9,0.00470373
ScatterPIFNUFFT,20,0,0.517115488
ScatterPIFNUFFT,20,1,0.001112481
ScatterPIFNUFFT,20,2,0.516855665
ScatterPIFNUFFT,20,3,0.001116142
ScatterPIFNUFFT,20,4,0.518621643
ScatterPIFNUFFT,20,5,0.001114892
ScatterPIFNUFFT,20,6,0.516625372
ScatterPIFNUFFT,20,7,0.001115692
ScatterPIFNUFFT,20,8,0.515422929
ScatterPIFNUFFT,20,9,0.001114172
ScatterPIFNUFFT,20,10,0.519107329
ScatterPIFNUFFT,20,11,0.001115692
ScatterPIFNUFFT,20,12,0.520538464
ScatterPIFNUFFT,20,13,0.001116762
ScatterPIFNUFFT,20,14,0.515944755
ScatterPIFNUFFT,20,15,0.001116732
ScatterPIFNUFFT,20,16,0.517093188
ScatterPIFNUFFT,20,17,0.001116892
ScatterPIFNUFFT,20,18,0.518116758
ScatterPIFNUFFT,20,19,0.001113142
NativeNUFFT1,20,0,0.513470378
NativeNUFFT1,20,1,0.512498718
NativeNUFFT1,20,2,0.514046435
NativeNUFFT1,20,3,0.512419327
NativeNUFFT1,20,4,0.511290435
NativeNUFFT1,20,5,0.515074615
NativeNUFFT1,20,6,0.516071756
NativeNUFFT1,20,7,0.511902992
NativeNUFFT1,20,8,0.512924843
NativeNUFFT1,20,9,0.513579409
scatterTimerNUFFT1,20,0,0.040813957
scatterTimerNUFFT1,20,1,0.039590024
scatterTimerNUFFT1,20,2,0.041240872
scatterTimerNUFFT1,20,3,0.040742146
scatterTimerNUFFT1,20,4,0.039315861
scatterTimerNUFFT1,20,5,0.039339131
scatterTimerNUFFT1,20,6,0.039171269
scatterTimerNUFFT1,20,7,0.039721305
scatterTimerNUFFT1,20,8,0.039663065
scatterTimerNUFFT1,20,9,0.038756085
binSort,20,0,0.008781744
binSort,20,1,0.008836075
binSort,20,2,0.008848765
binSort,20,3,0.008839214
binSort,20,4,0.008784674
binSort,20,5,0.008810364
binSort,20,6,0.008820105
binSort,20,7,0.008820794
binSort,20,8,0.008791785
binSort,20,9,0.008827215
binSort,20,10,0.008812185
binSort,20,11,0.008821104
binSort,20,12,0.008793054
binSort,20,13,0.008818074
binSort,20,14,0.008822184
binSort,20,15,0.008803514
binSort,20,16,0.008789804
binSort,20,17,0.008813764
binSort,20,18,0.008812364
binSort,20,19,0.008819974
binSort,20,20,0.008799495
binSort,20,21,0.008829135
binSort,20,22,0.008823445
binSort,20,23,0.008822914
binSort,20,24,0.008800684
binSort,20,25,0.008836254
binSort,20,26,0.008818784
binSort,20,27,0.008806454
binSort,20,28,0.008784604
binSort,20,29,0.008836325
binSort,20,30,0.008840345
binSort,20,31,0.008827284
binSort,20,32,0.008804074
binSort,20,33,0.008852495
binSort,20,34,0.008841335
binSort,20,35,0.008844495
binSort,20,36,0.008784904
binSort,20,37,0.008836274
binSort,20,38,0.008835815
binSort,20,39,0.008832165
binComputeKeys,20,0,0.00095666
binComputeKeys,20,1,0.000953611
binComputeKeys,20,2,0.00095879
binComputeKeys,20,3,0.00095485
binComputeKeys,20,4,0.00095218
binComputeKeys,20,5,0.00095824
binComputeKeys,20,6,0.00095592
binComputeKeys,20,7,0.00095534
binComputeKeys,20,8,0.000956001
binComputeKeys,20,9,0.000955351
binComputeKeys,20,10,0.000961681
binComputeKeys,20,11,0.00095492
binComputeKeys,20,12,0.000956821
binComputeKeys,20,13,0.00095605
binComputeKeys,20,14,0.000956
binComputeKeys,20,15,0.00095409
binComputeKeys,20,16,0.00095431
binComputeKeys,20,17,0.00095751
binComputeKeys,20,18,0.00095606
binComputeKeys,20,19,0.00095838
binComputeKeys,20,20,0.00095456
binComputeKeys,20,21,0.00095738
binComputeKeys,20,22,0.000955801
binComputeKeys,20,23,0.00095776
binComputeKeys,20,24,0.00095697
binComputeKeys,20,25,0.00095881
binComputeKeys,20,26,0.00095576
binComputeKeys,20,27,0.00095692
binComputeKeys,20,28,0.000953161
binComputeKeys,20,29,0.000959621
binComputeKeys,20,30,0.00095779
binComputeKeys,20,31,0.0009566
binComputeKeys,20,32,0.00095611
binComputeKeys,20,33,0.000958381
binComputeKeys,20,34,0.00095825
binComputeKeys,20,35,0.00095854
binComputeKeys,20,36,0.00095551
binComputeKeys,20,37,0.00095918
binComputeKeys,20,38,0.00095895
binComputeKeys,20,39,0.000957271
binSortByKey,20,0,0.007578101
binSortByKey,20,1,0.007630261
binSortByKey,20,2,0.007638302
binSortByKey,20,3,0.007628231
binSortByKey,20,4,0.007583621
binSortByKey,20,5,0.007600971
binSortByKey,20,6,0.007612032
binSortByKey,20,7,0.007614502
binSortByKey,20,8,0.007589311
binSortByKey,20,9,0.007620361
binSortByKey,20,10,0.007596071
binSortByKey,20,11,0.007613852
binSortByKey,20,12,0.007589711
binSortByKey,20,13,0.007611642
binSortByKey,20,14,0.007615422
binSortByKey,20,15,0.007598512
binSortByKey,20,16,0.007587851
binSortByKey,20,17,0.007604692
binSortByKey,20,18,0.007604311
binSortByKey,20,19,0.007610351
binSortByKey,20,20,0.007590732
binSortByKey,20,21,0.007621892
binSortByKey,20,22,0.007616471
binSortByKey,20,23,0.007614652
binSortByKey,20,24,0.007597751
binSortByKey,20,25,0.007624642
binSortByKey,20,26,0.007610772
binSortByKey,20,27,0.007598822
binSortByKey,20,28,0.007584021
binSortByKey,20,29,0.007624111
binSortByKey,20,30,0.007631222
binSortByKey,20,31,0.007619272
binSortByKey,20,32,0.007596871
binSortByKey,20,33,0.007643442
binSortByKey,20,34,0.007633172
binSortByKey,20,35,0.007635562
binSortByKey,20,36,0.007581732
binSortByKey,20,37,0.007625201
binSortByKey,20,38,0.007625502
binSortByKey,20,39,0.007622111
binComputeOffsets,20,0,0.000236993
binComputeOffsets,20,1,0.000242713
binComputeOffsets,20,2,0.000241283
binComputeOffsets,20,3,0.000246783
binComputeOffsets,20,4,0.000238883
binComputeOffsets,20,5,0.000241503
binComputeOffsets,20,6,0.000242323
binComputeOffsets,20,7,0.000241212
binComputeOffsets,20,8,0.000237073
binComputeOffsets,20,9,0.000242013
binComputeOffsets,20,10,0.000245053
binComputeOffsets,20,11,0.000242752
binComputeOffsets,20,12,0.000237292
binComputeOffsets,20,13,0.000240942
binComputeOffsets,20,14,0.000240872
binComputeOffsets,20,15,0.000240702
binComputeOffsets,20,16,0.000237193
binComputeOffsets,20,17,0.000242062
binComputeOffsets,20,18,0.000242012
binComputeOffsets,20,19,0.000241213
binComputeOffsets,20,20,0.000244353
binComputeOffsets,20,21,0.000240393
binComputeOffsets,20,22,0.000241523
binComputeOffsets,20,23,0.000241122
binComputeOffsets,20,24,0.000236502
binComputeOffsets,20,25,0.000243302
binComputeOffsets,20,26,0.000242092
binComputeOffsets,20,27,0.000241092
binComputeOffsets,20,28,0.000238032
binComputeOffsets,20,29,0.000243173
binComputeOffsets,20,30,0.000241553
binComputeOffsets,20,31,0.000241992
binComputeOffsets,20,32,0.000236723
binComputeOffsets,20,33,0.000240812
binComputeOffsets,20,34,0.000240353
binComputeOffsets,20,35,0.000240473
binComputeOffsets,20,36,0.000237292
binComputeOffsets,20,37,0.000242322
binComputeOffsets,20,38,0.000241703
binComputeOffsets,20,39,0.000242573
FFTNUFFT1,20,0,0.472170466
FFTNUFFT1,20,1,0.472436989
FFTNUFFT1,20,2,0.472332798
FFTNUFFT1,20,3,0.471203476
FFTNUFFT1,20,4,0.471500689
FFTNUFFT1,20,5,0.475265229
FFTNUFFT1,20,6,0.476421612
FFTNUFFT1,20,7,0.471710272
FFTNUFFT1,20,8,0.472777553
FFTNUFFT1,20,9,0.474343359
deconvolutionNUFFT1,20,0,0.000473635
deconvolutionNUFFT1,20,1,0.000460495
deconvolutionNUFFT1,20,2,0.000461825
deconvolutionNUFFT1,20,3,0.000462775
deconvolutionNUFFT1,20,4,0.000461105
deconvolutionNUFFT1,20,5,0.000459085
deconvolutionNUFFT1,20,6,0.000466565
deconvolutionNUFFT1,20,7,0.000459985
deconvolutionNUFFT1,20,8,0.000468435
deconvolutionNUFFT1,20,9,0.000467865
GatherPIFNUFFT,20,0,1.566265262
GatherPIFNUFFT,20,1,1.573001874
GatherPIFNUFFT,20,2,1.574459009
GatherPIFNUFFT,20,3,1.572236435
GatherPIFNUFFT,20,4,1.571250665
GatherPIFNUFFT,20,5,1.567554805
GatherPIFNUFFT,20,6,1.565966889
GatherPIFNUFFT,20,7,1.572477698
GatherPIFNUFFT,20,8,1.570147224
GatherPIFNUFFT,20,9,1.568816219
NativeNUFFT2,20,0,0.52302164
NativeNUFFT2,20,1,0.513029163
NativeNUFFT2,20,2,0.515283367
NativeNUFFT2,20,3,0.527484779
NativeNUFFT2,20,4,0.514764732
NativeNUFFT2,20,5,0.515383029
NativeNUFFT2,20,6,0.525595678
NativeNUFFT2,20,7,0.515324598
NativeNUFFT2,20,8,0.518095548
NativeNUFFT2,20,9,0.528396658
NativeNUFFT2,20,10,0.512854281
NativeNUFFT2,20,11,0.516054766
NativeNUFFT2,20,12,0.529823244
NativeNUFFT2,20,13,0.512392587
NativeNUFFT2,20,14,0.514114005
NativeNUFFT2,20,15,0.523067891
NativeNUFFT2,20,16,0.514860234
NativeNUFFT2,20,17,0.514716342
NativeNUFFT2,20,18,0.525231274
NativeNUFFT2,20,19,0.512823661
NativeNUFFT2,20,20,0.513003603
NativeNUFFT2,20,21,0.52945021
NativeNUFFT2,20,22,0.512753851
NativeNUFFT2,20,23,0.514869014
NativeNUFFT2,20,24,0.525668209
NativeNUFFT2,20,25,0.514915583
NativeNUFFT2,20,26,0.514285187
NativeNUFFT2,20,27,0.523722958
NativeNUFFT2,20,28,0.512828141
NativeNUFFT2,20,29,0.51735447
PrecorrectionNUFFT2,20,0,0.000892769
PrecorrectionNUFFT2,20,1,0.000865209
PrecorrectionNUFFT2,20,2,0.000868729
PrecorrectionNUFFT2,20,3,0.00089025
PrecorrectionNUFFT2,20,4,0.000869929
PrecorrectionNUFFT2,20,5,0.00086401
PrecorrectionNUFFT2,20,6,0.000892309
PrecorrectionNUFFT2,20,7,0.000861159
PrecorrectionNUFFT2,20,8,0.000864629
PrecorrectionNUFFT2,20,9,0.00089332
PrecorrectionNUFFT2,20,10,0.000865829
PrecorrectionNUFFT2,20,11,0.000866879
PrecorrectionNUFFT2,20,12,0.00089282
PrecorrectionNUFFT2,20,13,0.00087412
PrecorrectionNUFFT2,20,14,0.000863459
PrecorrectionNUFFT2,20,15,0.00088997
PrecorrectionNUFFT2,20,16,0.00086399
PrecorrectionNUFFT2,20,17,0.000873249
PrecorrectionNUFFT2,20,18,0.00088954
PrecorrectionNUFFT2,20,19,0.000872479
PrecorrectionNUFFT2,20,20,0.000863339
PrecorrectionNUFFT2,20,21,0.00089164
PrecorrectionNUFFT2,20,22,0.000873539
PrecorrectionNUFFT2,20,23,0.000870039
PrecorrectionNUFFT2,20,24,0.00089239
PrecorrectionNUFFT2,20,25,0.000870169
PrecorrectionNUFFT2,20,26,0.000869169
PrecorrectionNUFFT2,20,27,0.00088749
PrecorrectionNUFFT2,20,28,0.000861769
PrecorrectionNUFFT2,20,29,0.000862649
FFTNUFFT2,20,0,0.485772792
FFTNUFFT2,20,1,0.475986187
FFTNUFFT2,20,2,0.476201859
FFTNUFFT2,20,3,0.487062335
FFTNUFFT2,20,4,0.474818965
FFTNUFFT2,20,5,0.474858725
FFTNUFFT2,20,6,0.485897923
FFTNUFFT2,20,7,0.4752998
FFTNUFFT2,20,8,0.473697432
FFTNUFFT2,20,9,0.488495171
FFTNUFFT2,20,10,0.473903634
FFTNUFFT2,20,11,0.480359914
FFTNUFFT2,20,12,0.487721223
FFTNUFFT2,20,13,0.474012076
FFTNUFFT2,20,14,0.474541251
FFTNUFFT2,20,15,0.489088987
FFTNUFFT2,20,16,0.475086907
FFTNUFFT2,20,17,0.476362732
FFTNUFFT2,20,18,0.473620371
FFTNUFFT2,20,19,0.476857066
FFTNUFFT2,20,20,0.474291429
FFTNUFFT2,20,21,0.48655367
FFTNUFFT2,20,22,0.476838296
FFTNUFFT2,20,23,0.473570311
FFTNUFFT2,20,24,0.486760272
FFTNUFFT2,20,25,0.474479701
FFTNUFFT2,20,26,0.473331299
FFTNUFFT2,20,27,0.485075654
FFTNUFFT2,20,28,0.484252186
FFTNUFFT2,20,29,0.476071198
GatherNUFFT2,20,0,0.036336929
GatherNUFFT2,20,1,0.036157617
GatherNUFFT2,20,2,0.038192849
GatherNUFFT2,20,3,0.039505653
GatherNUFFT2,20,4,0.039049198
GatherNUFFT2,20,5,0.039640204
GatherNUFFT2,20,6,0.038786796
GatherNUFFT2,20,7,0.039143229
GatherNUFFT2,20,8,0.043513846
GatherNUFFT2,20,9,0.038989117
GatherNUFFT2,20,10,0.038063487
GatherNUFFT2,20,11,0.034808043
GatherNUFFT2,20,12,0.041187981
GatherNUFFT2,20,13,0.037486161
GatherNUFFT2,20,14,0.038689655
GatherNUFFT2,20,15,0.033069534
GatherNUFFT2,20,16,0.038888607
GatherNUFFT2,20,17,0.037460461
GatherNUFFT2,20,18,0.050699783
GatherNUFFT2,20,19,0.035073065
GatherNUFFT2,20,20,0.037827765
GatherNUFFT2,20,21,0.04198489
GatherNUFFT2,20,22,0.035022545
GatherNUFFT2,20,23,0.040408963
GatherNUFFT2,20,24,0.037996017
GatherNUFFT2,20,25,0.039545843
GatherNUFFT2,20,26,0.040065239
GatherNUFFT2,20,27,0.037740154
GatherNUFFT2,20,28,0.027694386
GatherNUFFT2,20,29,0.040400253
mainTimer,21,0,21.264700695
dumpData,21,0,0.010800765
dumpData,21,1,0.012334642
dumpData,21,2,0.011252721
dumpData,21,3,0.011476822
dumpData,21,4,0.013185961
dumpData,21,5,0.01111772
dumpData,21,6,0.011998668
dumpData,21,7,0.011430812
dumpData,21,8,0.009585603
dumpData,21,9,0.011046348
kick,21,0,0.001636737
kick,21,1,0.001659308
kick,21,2,0.001647648
kick,21,3,0.001659638
kick,21,4,0.001615747
kick,21,5,0.001658278
kick,21,6,0.001639827
kick,21,7,0.001658728
kick,21,8,0.001633807
kick,21,9,0.001657728
kick,21,10,0.001600717
kick,21,11,0.001659257
kick,21,12,0.001642417
kick,21,13,0.001660808
kick,21,14,0.001620217
kick,21,15,0.001661448
kick,21,16,0.001634818
kick,21,17,0.001660088
kick,21,18,0.001658438
kick,21,19,0.001659638
drift,21,0,0.001614048
drift,21,1,0.001614017
drift,21,2,0.001614698
drift,21,3,0.001618618
drift,21,4,0.001614047
drift,21,5,0.001615597
drift,21,6,0.001615748
drift,21,7,0.001615377
drift,21,8,0.001616557
drift,21,9,0.001640438
particleBC,21,0,0.003278575
particleBC,21,1,0.003272105
particleBC,21,2,0.003278645
particleBC,21,3,0.003277265
particleBC,21,4,0.003279555
particleBC,21,5,0.003281165
particleBC,21,6,0.003283425
particleBC,21,7,0.003281025
particleBC,21,8,0.003280595
particleBC,21,9,0.003284245
updateParticle,21,0,0.015609427
updateParticle,21,1,0.012335793
updateParticle,21,2,0.012883038
updateParticle,21,3,0.012570775
updateParticle,21,4,0.01404509
updateParticle,21,5,0.013632795
updateParticle,21,6,0.012791047
updateParticle,21,7,0.011610785
updateParticle,21,8,0.012584725
updateParticle,21,9,0.01216403
locateParticles,21,0,0.001375695
locateParticles,21,1,0.001373734
locateParticles,21,2,0.001372015
locateParticles,21,3,0.001392905
locateParticles,21,4,0.001366614
locateParticles,21,5,0.001357134
locateParticles,21,6,0.001365575
locateParticles,21,7,0.001368315
locateParticles,21,8,0.001386285
locateParticles,21,9,0.001374235
sendPreprocess,21,0,0.001763949
sendPreprocess,21,1,0.00182601
sendPreprocess,21,2,0.001849529
sendPreprocess,21,3,0.001800119
sendPreprocess,21,4,0.00184202
sendPreprocess,21,5,0.00186986
sendPreprocess,21,6,0.001811249
sendPreprocess,21,7,0.00187777
sendPreprocess,21,8,0.00186337
sendPreprocess,21,9,0.001884
particleSend,21,0,0.001307664
particleSend,21,1,0.001351244
particleSend,21,2,0.001193073
particleSend,21,3,0.001247364
particleSend,21,4,0.001270194
particleSend,21,5,0.001196123
particleSend,21,6,0.001189193
particleSend,21,7,0.001190193
particleSend,21,8,0.001245234
particleSend,21,9,0.001192373
particleRecv,21,0,3.62e-05
particleRecv,21,1,3.5631e-05
particleRecv,21,2,3.7221e-05
particleRecv,21,3,3.689e-05
particleRecv,21,4,3.282e-05
particleRecv,21,5,3.1e-05
particleRecv,21,6,4.263e-05
particleRecv,21,7,3.735e-05
particleRecv,21,8,3.877e-05
particleRecv,21,9,3.299e-05
particleDestroy,21,0,0.004594119
particleDestroy,21,1,0.004589639
particleDestroy,21,2,0.004586359
particleDestroy,21,3,0.004597359
particleDestroy,21,4,0.004592999
particleDestroy,21,5,0.004562639
particleDestroy,21,6,0.004587499
particleDestroy,21,7,0.00461628
particleDestroy,21,8,0.004581939
particleDestroy,21,9,0.004597099
ScatterPIFNUFFT,21,0,0.525171484
ScatterPIFNUFFT,21,1,0.001111711
ScatterPIFNUFFT,21,2,0.520487913
ScatterPIFNUFFT,21,3,0.001110122
ScatterPIFNUFFT,21,4,0.527903243
ScatterPIFNUFFT,21,5,0.001109682
ScatterPIFNUFFT,21,6,0.517254948
ScatterPIFNUFFT,21,7,0.001110872
ScatterPIFNUFFT,21,8,0.517464121
ScatterPIFNUFFT,21,9,0.001116262
ScatterPIFNUFFT,21,10,0.517870496
ScatterPIFNUFFT,21,11,0.001115102
ScatterPIFNUFFT,21,12,0.523114401
ScatterPIFNUFFT,21,13,0.001113152
ScatterPIFNUFFT,21,14,0.524916121
ScatterPIFNUFFT,21,15,0.001113822
ScatterPIFNUFFT,21,16,0.52013787
ScatterPIFNUFFT,21,17,0.001106382
ScatterPIFNUFFT,21,18,0.522470965
ScatterPIFNUFFT,21,19,0.001114022
NativeNUFFT1,21,0,0.5210648
NativeNUFFT1,21,1,0.515883464
NativeNUFFT1,21,2,0.523608407
NativeNUFFT1,21,3,0.5126212
NativeNUFFT1,21,4,0.513203635
NativeNUFFT1,21,5,0.513618
NativeNUFFT1,21,6,0.518728185
NativeNUFFT1,21,7,0.52110562
NativeNUFFT1,21,8,0.515845504
NativeNUFFT1,21,9,0.517904116
scatterTimerNUFFT1,21,0,0.039619985
scatterTimerNUFFT1,21,1,0.04011362
scatterTimerNUFFT1,21,2,0.041002249
scatterTimerNUFFT1,21,3,0.039741106
scatterTimerNUFFT1,21,4,0.039831947
scatterTimerNUFFT1,21,5,0.039383752
scatterTimerNUFFT1,21,6,0.039294091
scatterTimerNUFFT1,21,7,0.040557564
scatterTimerNUFFT1,21,8,0.039454583
scatterTimerNUFFT1,21,9,0.03916691
binSort,21,0,0.008314859
binSort,21,1,0.00835867
binSort,21,2,0.008349369
binSort,21,3,0.008358369
binSort,21,4,0.008282148
binSort,21,5,0.008345789
binSort,21,6,0.008332789
binSort,21,7,0.00833985
binSort,21,8,0.008269129
binSort,21,9,0.008313359
binSort,21,10,0.008304119
binSort,21,11,0.008324359
binSort,21,12,0.008267638
binSort,21,13,0.008298039
binSort,21,14,0.008306349
binSort,21,15,0.008301629
binSort,21,16,0.008307629
binSort,21,17,0.008331169
binSort,21,18,0.008328859
binSort,21,19,0.008332469
binSort,21,20,0.00832059
binSort,21,21,0.00838733
binSort,21,22,0.00838523
binSort,21,23,0.00837782
binSort,21,24,0.008312319
binSort,21,25,0.008364579
binSort,21,26,0.008356479
binSort,21,27,0.00834866
binSort,21,28,0.008318019
binSort,21,29,0.00834681
binSort,21,30,0.008344199
binSort,21,31,0.00835057
binSort,21,32,0.008293848
binSort,21,33,0.00832027
binSort,21,34,0.008334239
binSort,21,35,0.008321219
binSort,21,36,0.008295709
binSort,21,37,0.008343869
binSort,21,38,0.008331549
binSort,21,39,0.00834061
binComputeKeys,21,0,0.000898679
binComputeKeys,21,1,0.00090004
binComputeKeys,21,2,0.00089929
binComputeKeys,21,3,0.000899539
binComputeKeys,21,4,0.000897899
binComputeKeys,21,5,0.000897059
binComputeKeys,21,6,0.00090035
binComputeKeys,21,7,0.00089674
binComputeKeys,21,8,0.00089952
binComputeKeys,21,9,0.000899089
binComputeKeys,21,10,0.000899129
binComputeKeys,21,11,0.00089958
binComputeKeys,21,12,0.000895739
binComputeKeys,21,13,0.00089991
binComputeKeys,21,14,0.00089943
binComputeKeys,21,15,0.00090133
binComputeKeys,21,16,0.00089774
binComputeKeys,21,17,0.00089864
binComputeKeys,21,18,0.00089644
binComputeKeys,21,19,0.00090053
binComputeKeys,21,20,0.00089987
binComputeKeys,21,21,0.00089849
binComputeKeys,21,22,0.00090166
binComputeKeys,21,23,0.00089951
binComputeKeys,21,24,0.00089833
binComputeKeys,21,25,0.000898009
binComputeKeys,21,26,0.000898919
binComputeKeys,21,27,0.00089915
binComputeKeys,21,28,0.00089843
binComputeKeys,21,29,0.000900489
binComputeKeys,21,30,0.000898469
binComputeKeys,21,31,0.00090671
binComputeKeys,21,32,0.000899589
binComputeKeys,21,33,0.00089861
binComputeKeys,21,34,0.000900329
binComputeKeys,21,35,0.000897749
binComputeKeys,21,36,0.0008978
binComputeKeys,21,37,0.000899949
binComputeKeys,21,38,0.000898219
binComputeKeys,21,39,0.00089856
binSortByKey,21,0,0.007181967
binSortByKey,21,1,0.007218817
binSortByKey,21,2,0.007212137
binSortByKey,21,3,0.007220248
binSortByKey,21,4,0.007150157
binSortByKey,21,5,0.007210487
binSortByKey,21,6,0.007194117
binSortByKey,21,7,0.007204217
binSortByKey,21,8,0.007134556
binSortByKey,21,9,0.007174757
binSortByKey,21,10,0.007165987
binSortByKey,21,11,0.007184967
binSortByKey,21,12,0.007135547
binSortByKey,21,13,0.007160547
binSortByKey,21,14,0.007168317
binSortByKey,21,15,0.007163037
binSortByKey,21,16,0.007173267
binSortByKey,21,17,0.007191797
binSortByKey,21,18,0.007193987
binSortByKey,21,19,0.007192997
binSortByKey,21,20,0.007185567
binSortByKey,21,21,0.007249907
binSortByKey,21,22,0.007245227
binSortByKey,21,23,0.007234357
binSortByKey,21,24,0.007179197
binSortByKey,21,25,0.007227258
binSortByKey,21,26,0.007218518
binSortByKey,21,27,0.007209637
binSortByKey,21,28,0.007184997
binSortByKey,21,29,0.007208808
binSortByKey,21,30,0.007206968
binSortByKey,21,31,0.007205977
binSortByKey,21,32,0.007154597
binSortByKey,21,33,0.007182477
binSortByKey,21,34,0.007195247
binSortByKey,21,35,0.007185097
binSortByKey,21,36,0.007162287
binSortByKey,21,37,0.007206498
binSortByKey,21,38,0.007194118
binSortByKey,21,39,0.007202087
binComputeOffsets,21,0,0.000224782
binComputeOffsets,21,1,0.000229873
binComputeOffsets,21,2,0.000228742
binComputeOffsets,21,3,0.000229062
binComputeOffsets,21,4,0.000224672
binComputeOffsets,21,5,0.000229063
binComputeOffsets,21,6,0.000228782
binComputeOffsets,21,7,0.000229113
binComputeOffsets,21,8,0.000225013
binComputeOffsets,21,9,0.000230253
binComputeOffsets,21,10,0.000229313
binComputeOffsets,21,11,0.000230162
binComputeOffsets,21,12,0.000226522
binComputeOffsets,21,13,0.000228172
binComputeOffsets,21,14,0.000229052
binComputeOffsets,21,15,0.000227882
binComputeOffsets,21,16,0.000226442
binComputeOffsets,21,17,0.000231212
binComputeOffsets,21,18,0.000229152
binComputeOffsets,21,19,0.000229592
binComputeOffsets,21,20,0.000225713
binComputeOffsets,21,21,0.000229413
binComputeOffsets,21,22,0.000228943
binComputeOffsets,21,23,0.000234583
binComputeOffsets,21,24,0.000225162
binComputeOffsets,21,25,0.000229342
binComputeOffsets,21,26,0.000229672
binComputeOffsets,21,27,0.000230563
binComputeOffsets,21,28,0.000225202
binComputeOffsets,21,29,0.000228192
binComputeOffsets,21,30,0.000229552
binComputeOffsets,21,31,0.000228573
binComputeOffsets,21,32,0.000225292
binComputeOffsets,21,33,0.000229713
binComputeOffsets,21,34,0.000229063
binComputeOffsets,21,35,0.000228983
binComputeOffsets,21,36,0.000225492
binComputeOffsets,21,37,0.000227952
binComputeOffsets,21,38,0.000229742
binComputeOffsets,21,39,0.000230053
FFTNUFFT1,21,0,0.48095889
FFTNUFFT1,21,1,0.475292639
FFTNUFFT1,21,2,0.482131343
FFTNUFFT1,21,3,0.472400328
FFTNUFFT1,21,4,0.472891243
FFTNUFFT1,21,5,0.473758433
FFTNUFFT1,21,6,0.478954008
FFTNUFFT1,21,7,0.480070551
FFTNUFFT1,21,8,0.475914096
FFTNUFFT1,21,9,0.478263611
deconvolutionNUFFT1,21,0,0.000473605
deconvolutionNUFFT1,21,1,0.000466165
deconvolutionNUFFT1,21,2,0.000463345
deconvolutionNUFFT1,21,3,0.000468826
deconvolutionNUFFT1,21,4,0.000467615
deconvolutionNUFFT1,21,5,0.000464245
deconvolutionNUFFT1,21,6,0.000468565
deconvolutionNUFFT1,21,7,0.000465805
deconvolutionNUFFT1,21,8,0.000462165
deconvolutionNUFFT1,21,9,0.000462435
GatherPIFNUFFT,21,0,1.557452637
GatherPIFNUFFT,21,1,1.569466066
GatherPIFNUFFT,21,2,1.564362361
GatherPIFNUFFT,21,3,1.573001834
GatherPIFNUFFT,21,4,1.568042541
GatherPIFNUFFT,21,5,1.569466686
GatherPIFNUFFT,21,6,1.563619734
GatherPIFNUFFT,21,7,1.564564184
GatherPIFNUFFT,21,8,1.567025209
GatherPIFNUFFT,21,9,1.564094039
NativeNUFFT2,21,0,0.513291296
NativeNUFFT2,21,1,0.514406588
NativeNUFFT2,21,2,0.51550278
NativeNUFFT2,21,3,0.524637808
NativeNUFFT2,21,4,0.513904673
NativeNUFFT2,21,5,0.516665013
NativeNUFFT2,21,6,0.517187648
NativeNUFFT2,21,7,0.514971674
NativeNUFFT2,21,8,0.517935566
NativeNUFFT2,21,9,0.528401668
NativeNUFFT2,21,10,0.512541968
NativeNUFFT2,21,11,0.517792555
NativeNUFFT2,21,12,0.52766186
NativeNUFFT2,21,13,0.51264771
NativeNUFFT2,21,14,0.513484878
NativeNUFFT2,21,15,0.524683319
NativeNUFFT2,21,16,0.515665592
NativeNUFFT2,21,17,0.514746272
NativeNUFFT2,21,18,0.523351644
NativeNUFFT2,21,19,0.512427108
NativeNUFFT2,21,20,0.513469358
NativeNUFFT2,21,21,0.521670876
NativeNUFFT2,21,22,0.513341027
NativeNUFFT2,21,23,0.515308149
NativeNUFFT2,21,24,0.522281273
NativeNUFFT2,21,25,0.515346558
NativeNUFFT2,21,26,0.515160306
NativeNUFFT2,21,27,0.519091729
NativeNUFFT2,21,28,0.514027264
NativeNUFFT2,21,29,0.516740014
PrecorrectionNUFFT2,21,0,0.000885789
PrecorrectionNUFFT2,21,1,0.000867379
PrecorrectionNUFFT2,21,2,0.00086015
PrecorrectionNUFFT2,21,3,0.00089185
PrecorrectionNUFFT2,21,4,0.000860679
PrecorrectionNUFFT2,21,5,0.000863149
PrecorrectionNUFFT2,21,6,0.000887949
PrecorrectionNUFFT2,21,7,0.000865139
PrecorrectionNUFFT2,21,8,0.00086499
PrecorrectionNUFFT2,21,9,0.000886029
PrecorrectionNUFFT2,21,10,0.000866159
PrecorrectionNUFFT2,21,11,0.00086994
PrecorrectionNUFFT2,21,12,0.000886209
PrecorrectionNUFFT2,21,13,0.000865399
PrecorrectionNUFFT2,21,14,0.000862949
PrecorrectionNUFFT2,21,15,0.00089032
PrecorrectionNUFFT2,21,16,0.000871099
PrecorrectionNUFFT2,21,17,0.00086367
PrecorrectionNUFFT2,21,18,0.00088842
PrecorrectionNUFFT2,21,19,0.000863179
PrecorrectionNUFFT2,21,20,0.000861029
PrecorrectionNUFFT2,21,21,0.00088821
PrecorrectionNUFFT2,21,22,0.00086539
PrecorrectionNUFFT2,21,23,0.00087116
PrecorrectionNUFFT2,21,24,0.000890099
PrecorrectionNUFFT2,21,25,0.000862509
PrecorrectionNUFFT2,21,26,0.000875199
PrecorrectionNUFFT2,21,27,0.00088794
PrecorrectionNUFFT2,21,28,0.000866539
PrecorrectionNUFFT2,21,29,0.00086577
FFTNUFFT2,21,0,0.471748512
FFTNUFFT2,21,1,0.479868969
FFTNUFFT2,21,2,0.477457072
FFTNUFFT2,21,3,0.479606095
FFTNUFFT2,21,4,0.478668706
FFTNUFFT2,21,5,0.47626019
FFTNUFFT2,21,6,0.477140339
FFTNUFFT2,21,7,0.479373443
FFTNUFFT2,21,8,0.476205669
FFTNUFFT2,21,9,0.485133335
FFTNUFFT2,21,10,0.480067041
FFTNUFFT2,21,11,0.479403663
FFTNUFFT2,21,12,0.487524961
FFTNUFFT2,21,13,0.479170931
FFTNUFFT2,21,14,0.480184552
FFTNUFFT2,21,15,0.490384651
FFTNUFFT2,21,16,0.472346598
FFTNUFFT2,21,17,0.475625733
FFTNUFFT2,21,18,0.479868518
FFTNUFFT2,21,19,0.479509984
FFTNUFFT2,21,20,0.473124806
FFTNUFFT2,21,21,0.48097991
FFTNUFFT2,21,22,0.474462691
FFTNUFFT2,21,23,0.474973096
FFTNUFFT2,21,24,0.478769076
FFTNUFFT2,21,25,0.480428724
FFTNUFFT2,21,26,0.479446584
FFTNUFFT2,21,27,0.478372572
FFTNUFFT2,21,28,0.480786009
FFTNUFFT2,21,29,0.477072828
GatherNUFFT2,21,0,0.040637385
GatherNUFFT2,21,1,0.03365042
GatherNUFFT2,21,2,0.037165698
GatherNUFFT2,21,3,0.044118323
GatherNUFFT2,21,4,0.034355948
GatherNUFFT2,21,5,0.039521903
GatherNUFFT2,21,6,0.039140339
GatherNUFFT2,21,7,0.034712282
GatherNUFFT2,21,8,0.040845137
GatherNUFFT2,21,9,0.042362254
GatherNUFFT2,21,10,0.031589318
GatherNUFFT2,21,11,0.037497872
GatherNUFFT2,21,12,0.03923082
GatherNUFFT2,21,13,0.032589539
GatherNUFFT2,21,14,0.032417857
GatherNUFFT2,21,15,0.033388367
GatherNUFFT2,21,16,0.042427044
GatherNUFFT2,21,17,0.038237139
GatherNUFFT2,21,18,0.042574866
GatherNUFFT2,21,19,0.032034344
GatherNUFFT2,21,20,0.039463073
GatherNUFFT2,21,21,0.039783926
GatherNUFFT2,21,22,0.037993076
GatherNUFFT2,21,23,0.039444493
GatherNUFFT2,21,24,0.042602386
GatherNUFFT2,21,25,0.034035245
GatherNUFFT2,21,26,0.034817813
GatherNUFFT2,21,27,0.039810877
GatherNUFFT2,21,28,0.032354206
GatherNUFFT2,21,29,0.038781375
mainTimer,22,0,21.264693535
dumpData,22,0,0.009779324
dumpData,22,1,0.009533452
dumpData,22,2,0.010101649
dumpData,22,3,0.009767944
dumpData,22,4,0.010190609
dumpData,22,5,0.00924865
dumpData,22,6,0.009453161
dumpData,22,7,0.009597943
dumpData,22,8,0.010799146
dumpData,22,9,0.010109058
kick,22,0,0.00187076
kick,22,1,0.001882211
kick,22,2,0.001878451
kick,22,3,0.00188293
kick,22,4,0.00187873
kick,22,5,0.00187975
kick,22,6,0.0018766
kick,22,7,0.00188048
kick,22,8,0.00187609
kick,22,9,0.001879571
kick,22,10,0.00187073
kick,22,11,0.00188123
kick,22,12,0.00187358
kick,22,13,0.0018813
kick,22,14,0.00187642
kick,22,15,0.00188064
kick,22,16,0.0018754
kick,22,17,0.00188002
kick,22,18,0.0018585
kick,22,19,0.0018821
drift,22,0,0.00183215
drift,22,1,0.001838379
drift,22,2,0.00184601
drift,22,3,0.00183128
drift,22,4,0.00184123
drift,22,5,0.00182906
drift,22,6,0.00184873
drift,22,7,0.001846619
drift,22,8,0.00184282
drift,22,9,0.00183002
particleBC,22,0,0.0037178
particleBC,22,1,0.00371656
particleBC,22,2,0.0037141
particleBC,22,3,0.00372321
particleBC,22,4,0.003717559
particleBC,22,5,0.003719009
particleBC,22,6,0.003715699
particleBC,22,7,0.003716539
particleBC,22,8,0.00371877
particleBC,22,9,0.00371739
updateParticle,22,0,0.015455865
updateParticle,22,1,0.012247211
updateParticle,22,2,0.012270021
updateParticle,22,3,0.012240371
updateParticle,22,4,0.014322654
updateParticle,22,5,0.012910779
updateParticle,22,6,0.012693806
updateParticle,22,7,0.011699086
updateParticle,22,8,0.012031509
updateParticle,22,9,0.012245611
locateParticles,22,0,0.001509476
locateParticles,22,1,0.001513566
locateParticles,22,2,0.001499396
locateParticles,22,3,0.001529186
locateParticles,22,4,0.001535347
locateParticles,22,5,0.001518947
locateParticles,22,6,0.001522276
locateParticles,22,7,0.001522047
locateParticles,22,8,0.001509166
locateParticles,22,9,0.001501856
sendPreprocess,22,0,0.000731088
sendPreprocess,22,1,0.000781259
sendPreprocess,22,2,0.000790678
sendPreprocess,22,3,0.000766808
sendPreprocess,22,4,0.000764428
sendPreprocess,22,5,0.000784548
sendPreprocess,22,6,0.000756988
sendPreprocess,22,7,0.000799358
sendPreprocess,22,8,0.000833209
sendPreprocess,22,9,0.00092647
particleSend,22,0,0.001214623
particleSend,22,1,0.001219223
particleSend,22,2,0.001214373
particleSend,22,3,0.001228063
particleSend,22,4,0.001271054
particleSend,22,5,0.001270514
particleSend,22,6,0.001266654
particleSend,22,7,0.001231783
particleSend,22,8,0.001269884
particleSend,22,9,0.001259143
particleRecv,22,0,3.737e-05
particleRecv,22,1,3.715e-05
particleRecv,22,2,3.6521e-05
particleRecv,22,3,3.5781e-05
particleRecv,22,4,3.112e-05
particleRecv,22,5,3.958e-05
particleRecv,22,6,3.819e-05
particleRecv,22,7,3.7911e-05
particleRecv,22,8,3.582e-05
particleRecv,22,9,2.8991e-05
particleDestroy,22,0,0.005076594
particleDestroy,22,1,0.005065245
particleDestroy,22,2,0.005048964
particleDestroy,22,3,0.005068874
particleDestroy,22,4,0.005091055
particleDestroy,22,5,0.005081425
particleDestroy,22,6,0.005074144
particleDestroy,22,7,0.005076414
particleDestroy,22,8,0.005080945
particleDestroy,22,9,0.005068294
ScatterPIFNUFFT,22,0,0.518605903
ScatterPIFNUFFT,22,1,0.001106752
ScatterPIFNUFFT,22,2,0.521429394
ScatterPIFNUFFT,22,3,0.001114942
ScatterPIFNUFFT,22,4,0.51458508
ScatterPIFNUFFT,22,5,0.001111372
ScatterPIFNUFFT,22,6,0.516289688
ScatterPIFNUFFT,22,7,0.001114802
ScatterPIFNUFFT,22,8,0.519912337
ScatterPIFNUFFT,22,9,0.001116052
ScatterPIFNUFFT,22,10,0.52203534
ScatterPIFNUFFT,22,11,0.001113212
ScatterPIFNUFFT,22,12,0.523965321
ScatterPIFNUFFT,22,13,0.001114192
ScatterPIFNUFFT,22,14,0.519008167
ScatterPIFNUFFT,22,15,0.001115612
ScatterPIFNUFFT,22,16,0.519647344
ScatterPIFNUFFT,22,17,0.001112502
ScatterPIFNUFFT,22,18,0.522232302
ScatterPIFNUFFT,22,19,0.001111992
NativeNUFFT1,22,0,0.514743052
NativeNUFFT1,22,1,0.517175058
NativeNUFFT1,22,2,0.510276284
NativeNUFFT1,22,3,0.511882472
NativeNUFFT1,22,4,0.516290179
NativeNUFFT1,22,5,0.517642723
NativeNUFFT1,22,6,0.519774876
NativeNUFFT1,22,7,0.514898664
NativeNUFFT1,22,8,0.515236647
NativeNUFFT1,22,9,0.518055507
scatterTimerNUFFT1,22,0,0.040023829
scatterTimerNUFFT1,22,1,0.040369502
scatterTimerNUFFT1,22,2,0.041190901
scatterTimerNUFFT1,22,3,0.040906028
scatterTimerNUFFT1,22,4,0.040208961
scatterTimerNUFFT1,22,5,0.039784656
scatterTimerNUFFT1,22,6,0.039857477
scatterTimerNUFFT1,22,7,0.040511124
scatterTimerNUFFT1,22,8,0.039488473
scatterTimerNUFFT1,22,9,0.0391773
binSort,22,0,0.00933121
binSort,22,1,0.00937479
binSort,22,2,0.009393121
binSort,22,3,0.00937842
binSort,22,4,0.00933722
binSort,22,5,0.00938235
binSort,22,6,0.009389651
binSort,22,7,0.00938492
binSort,22,8,0.00935171
binSort,22,9,0.009393721
binSort,22,10,0.00938461
binSort,22,11,0.00938109
binSort,22,12,0.00933689
binSort,22,13,0.00937469
binSort,22,14,0.009397981
binSort,22,15,0.00938223
binSort,22,16,0.0093539
binSort,22,17,0.00939164
binSort,22,18,0.009391621
binSort,22,19,0.009387851
binSort,22,20,0.00932748
binSort,22,21,0.00940186
binSort,22,22,0.00938734
binSort,22,23,0.00938148
binSort,22,24,0.00934006
binSort,22,25,0.009392461
binSort,22,26,0.009383961
binSort,22,27,0.009381391
binSort,22,28,0.00933477
binSort,22,29,0.00937069
binSort,22,30,0.00936983
binSort,22,31,0.00937252
binSort,22,32,0.00935452
binSort,22,33,0.009385381
binSort,22,34,0.00937231
binSort,22,35,0.00937045
binSort,22,36,0.00934068
binSort,22,37,0.009381361
binSort,22,38,0.0093736
binSort,22,39,0.00936697
binComputeKeys,22,0,0.001016031
binComputeKeys,22,1,0.001021401
binComputeKeys,22,2,0.001019541
binComputeKeys,22,3,0.001017811
binComputeKeys,22,4,0.001017341
binComputeKeys,22,5,0.001022481
binComputeKeys,22,6,0.001017891
binComputeKeys,22,7,0.001017141
binComputeKeys,22,8,0.001018161
binComputeKeys,22,9,0.001016661
binComputeKeys,22,10,0.001018261
binComputeKeys,22,11,0.001021581
binComputeKeys,22,12,0.001016951
binComputeKeys,22,13,0.001015941
binComputeKeys,22,14,0.001023461
binComputeKeys,22,15,0.001018221
binComputeKeys,22,16,0.001014681
binComputeKeys,22,17,0.00101746
binComputeKeys,22,18,0.001020351
binComputeKeys,22,19,0.001019891
binComputeKeys,22,20,0.00101545
binComputeKeys,22,21,0.00102109
binComputeKeys,22,22,0.001019541
binComputeKeys,22,23,0.001016981
binComputeKeys,22,24,0.001016791
binComputeKeys,22,25,0.001017231
binComputeKeys,22,26,0.001021811
binComputeKeys,22,27,0.001017801
binComputeKeys,22,28,0.001016461
binComputeKeys,22,29,0.00101683
binComputeKeys,22,30,0.001019891
binComputeKeys,22,31,0.001021061
binComputeKeys,22,32,0.001017031
binComputeKeys,22,33,0.001021341
binComputeKeys,22,34,0.001020621
binComputeKeys,22,35,0.001020221
binComputeKeys,22,36,0.001016721
binComputeKeys,22,37,0.001017781
binComputeKeys,22,38,0.001018931
binComputeKeys,22,39,0.001017881
binSortByKey,22,0,0.008055756
binSortByKey,22,1,0.008088866
binSortByKey,22,2,0.008109207
binSortByKey,22,3,0.008096736
binSortByKey,22,4,0.008060916
binSortByKey,22,5,0.008095737
binSortByKey,22,6,0.008108137
binSortByKey,22,7,0.008103777
binSortByKey,22,8,0.008074567
binSortByKey,22,9,0.008109537
binSortByKey,22,10,0.008101417
binSortByKey,22,11,0.008093727
binSortByKey,22,12,0.008060736
binSortByKey,22,13,0.008095976
binSortByKey,22,14,0.008109817
binSortByKey,22,15,0.008101436
binSortByKey,22,16,0.008078896
binSortByKey,22,17,0.008109417
binSortByKey,22,18,0.008106017
binSortByKey,22,19,0.008104217
binSortByKey,22,20,0.008053537
binSortByKey,22,21,0.008117107
binSortByKey,22,22,0.008104857
binSortByKey,22,23,0.008101226
binSortByKey,22,24,0.008063776
binSortByKey,22,25,0.008109607
binSortByKey,22,26,0.008095687
binSortByKey,22,27,0.008098057
binSortByKey,22,28,0.008059696
binSortByKey,22,29,0.008089436
binSortByKey,22,30,0.008086866
binSortByKey,22,31,0.008086526
binSortByKey,22,32,0.008076857
binSortByKey,22,33,0.008100817
binSortByKey,22,34,0.008085917
binSortByKey,22,35,0.008080996
binSortByKey,22,36,0.008065367
binSortByKey,22,37,0.008096777
binSortByKey,22,38,0.008089376
binSortByKey,22,39,0.008084566
binComputeOffsets,22,0,0.000250093
binComputeOffsets,22,1,0.000254703
binComputeOffsets,22,2,0.000254143
binComputeOffsets,22,3,0.000253333
binComputeOffsets,22,4,0.000249233
binComputeOffsets,22,5,0.000254742
binComputeOffsets,22,6,0.000253853
binComputeOffsets,22,7,0.000254012
binComputeOffsets,22,8,0.000249312
binComputeOffsets,22,9,0.000257553
binComputeOffsets,22,10,0.000254622
binComputeOffsets,22,11,0.000255622
binComputeOffsets,22,12,0.000249823
binComputeOffsets,22,13,0.000253513
binComputeOffsets,22,14,0.000254262
binComputeOffsets,22,15,0.000253113
binComputeOffsets,22,16,0.000249403
binComputeOffsets,22,17,0.000254873
binComputeOffsets,22,18,0.000255763
binComputeOffsets,22,19,0.000254493
binComputeOffsets,22,20,0.000248843
binComputeOffsets,22,21,0.000254282
binComputeOffsets,22,22,0.000253492
binComputeOffsets,22,23,0.000253743
binComputeOffsets,22,24,0.000249883
binComputeOffsets,22,25,0.000255713
binComputeOffsets,22,26,0.000255833
binComputeOffsets,22,27,0.000254293
binComputeOffsets,22,28,0.000248993
binComputeOffsets,22,29,0.000254293
binComputeOffsets,22,30,0.000252883
binComputeOffsets,22,31,0.000254903
binComputeOffsets,22,32,0.000249302
binComputeOffsets,22,33,0.000253663
binComputeOffsets,22,34,0.000254872
binComputeOffsets,22,35,0.000254013
binComputeOffsets,22,36,0.000248972
binComputeOffsets,22,37,0.000256333
binComputeOffsets,22,38,0.000254713
binComputeOffsets,22,39,0.000254623
FFTNUFFT1,22,0,0.474240668
FFTNUFFT1,22,1,0.47632718
FFTNUFFT1,22,2,0.468597038
FFTNUFFT1,22,3,0.470502508
FFTNUFFT1,22,4,0.475605403
FFTNUFFT1,22,5,0.477375982
FFTNUFFT1,22,6,0.479436524
FFTNUFFT1,22,7,0.473914545
FFTNUFFT1,22,8,0.475264809
FFTNUFFT1,22,9,0.478406252
deconvolutionNUFFT1,22,0,0.000465855
deconvolutionNUFFT1,22,1,0.000466215
deconvolutionNUFFT1,22,2,0.000475735
deconvolutionNUFFT1,22,3,0.000462035
deconvolutionNUFFT1,22,4,0.000463165
deconvolutionNUFFT1,22,5,0.000470285
deconvolutionNUFFT1,22,6,0.000468675
deconvolutionNUFFT1,22,7,0.000460855
deconvolutionNUFFT1,22,8,0.000468715
deconvolutionNUFFT1,22,9,0.000459935
GatherPIFNUFFT,22,0,1.563986277
GatherPIFNUFFT,22,1,1.568444415
GatherPIFNUFFT,22,2,1.577462652
GatherPIFNUFFT,22,3,1.574520651
GatherPIFNUFFT,22,4,1.566986429
GatherPIFNUFFT,22,5,1.566499254
GatherPIFNUFFT,22,6,1.563481092
GatherPIFNUFFT,22,7,1.570553548
GatherPIFNUFFT,22,8,1.567180332
GatherPIFNUFFT,22,9,1.563549043
NativeNUFFT2,22,0,0.520683116
NativeNUFFT2,22,1,0.512611049
NativeNUFFT2,22,2,0.515043465
NativeNUFFT2,22,3,0.524655338
NativeNUFFT2,22,4,0.513960384
NativeNUFFT2,22,5,0.514203446
NativeNUFFT2,22,6,0.530476931
NativeNUFFT2,22,7,0.513723141
NativeNUFFT2,22,8,0.517631833
NativeNUFFT2,22,9,0.528618451
NativeNUFFT2,22,10,0.514456659
NativeNUFFT2,22,11,0.515627211
NativeNUFFT2,22,12,0.523517816
NativeNUFFT2,22,13,0.513246065
NativeNUFFT2,22,14,0.514592
NativeNUFFT2,22,15,0.520456963
NativeNUFFT2,22,16,0.51548616
NativeNUFFT2,22,17,0.514921324
NativeNUFFT2,22,18,0.522130571
NativeNUFFT2,22,19,0.511861311
NativeNUFFT2,22,20,0.513887143
NativeNUFFT2,22,21,0.527274906
NativeNUFFT2,22,22,0.513464968
NativeNUFFT2,22,23,0.514227906
NativeNUFFT2,22,24,0.522603846
NativeNUFFT2,22,25,0.514651911
NativeNUFFT2,22,26,0.514331618
NativeNUFFT2,22,27,0.52014731
NativeNUFFT2,22,28,0.512153374
NativeNUFFT2,22,29,0.515639121
PrecorrectionNUFFT2,22,0,0.00088686
PrecorrectionNUFFT2,22,1,0.000864369
PrecorrectionNUFFT2,22,2,0.000863959
PrecorrectionNUFFT2,22,3,0.00088774
PrecorrectionNUFFT2,22,4,0.00086542
PrecorrectionNUFFT2,22,5,0.000867969
PrecorrectionNUFFT2,22,6,0.00089249
PrecorrectionNUFFT2,22,7,0.000866489
PrecorrectionNUFFT2,22,8,0.000866739
PrecorrectionNUFFT2,22,9,0.00089177
PrecorrectionNUFFT2,22,10,0.000868779
PrecorrectionNUFFT2,22,11,0.000862719
PrecorrectionNUFFT2,22,12,0.000887389
PrecorrectionNUFFT2,22,13,0.000866659
PrecorrectionNUFFT2,22,14,0.000860999
PrecorrectionNUFFT2,22,15,0.00088506
PrecorrectionNUFFT2,22,16,0.000865999
PrecorrectionNUFFT2,22,17,0.000863869
PrecorrectionNUFFT2,22,18,0.000894229
PrecorrectionNUFFT2,22,19,0.000864439
PrecorrectionNUFFT2,22,20,0.000857969
PrecorrectionNUFFT2,22,21,0.000888249
PrecorrectionNUFFT2,22,22,0.000865709
PrecorrectionNUFFT2,22,23,0.000866469
PrecorrectionNUFFT2,22,24,0.00088576
PrecorrectionNUFFT2,22,25,0.000864659
PrecorrectionNUFFT2,22,26,0.000862099
PrecorrectionNUFFT2,22,27,0.000889049
PrecorrectionNUFFT2,22,28,0.000868959
PrecorrectionNUFFT2,22,29,0.000864059
FFTNUFFT2,22,0,0.486810973
FFTNUFFT2,22,1,0.482614648
FFTNUFFT2,22,2,0.470796001
FFTNUFFT2,22,3,0.478220911
FFTNUFFT2,22,4,0.477773856
FFTNUFFT2,22,5,0.476969858
FFTNUFFT2,22,6,0.490829236
FFTNUFFT2,22,7,0.476502633
FFTNUFFT2,22,8,0.470237955
FFTNUFFT2,22,9,0.49217215
FFTNUFFT2,22,10,0.478256762
FFTNUFFT2,22,11,0.471908283
FFTNUFFT2,22,12,0.485128775
FFTNUFFT2,22,13,0.475616303
FFTNUFFT2,22,14,0.478604165
FFTNUFFT2,22,15,0.491094118
FFTNUFFT2,22,16,0.4800923
FFTNUFFT2,22,17,0.479265583
FFTNUFFT2,22,18,0.478444843
FFTNUFFT2,22,19,0.478006189
FFTNUFFT2,22,20,0.478580545
FFTNUFFT2,22,21,0.487387629
FFTNUFFT2,22,22,0.478547365
FFTNUFFT2,22,23,0.468615888
FFTNUFFT2,22,24,0.481633227
FFTNUFFT2,22,25,0.468079563
FFTNUFFT2,22,26,0.469759141
FFTNUFFT2,22,27,0.487616472
FFTNUFFT2,22,28,0.483410466
FFTNUFFT2,22,29,0.479589706
GatherNUFFT2,22,0,0.032964913
GatherNUFFT2,22,1,0.029111992
GatherNUFFT2,22,2,0.043362955
GatherNUFFT2,22,3,0.045526187
GatherNUFFT2,22,4,0.035300978
GatherNUFFT2,22,5,0.036345329
GatherNUFFT2,22,6,0.038735785
GatherNUFFT2,22,7,0.036333009
GatherNUFFT2,22,8,0.046506538
GatherNUFFT2,22,9,0.035534161
GatherNUFFT2,22,10,0.035310818
GatherNUFFT2,22,11,0.042836429
GatherNUFFT2,22,12,0.037480402
GatherNUFFT2,22,13,0.036743483
GatherNUFFT2,22,14,0.035106766
GatherNUFFT2,22,15,0.028458155
GatherNUFFT2,22,16,0.03450699
GatherNUFFT2,22,17,0.034772502
GatherNUFFT2,22,18,0.042770928
GatherNUFFT2,22,19,0.032971133
GatherNUFFT2,22,20,0.034428689
GatherNUFFT2,22,21,0.038979238
GatherNUFFT2,22,22,0.034032244
GatherNUFFT2,22,23,0.044719919
GatherNUFFT2,22,24,0.040064649
GatherNUFFT2,22,25,0.045687829
GatherNUFFT2,22,26,0.043689868
GatherNUFFT2,22,27,0.031621408
GatherNUFFT2,22,28,0.027854098
GatherNUFFT2,22,29,0.035165846
mainTimer,23,0,21.264715175
dumpData,23,0,0.011350701
dumpData,23,1,0.010376101
dumpData,23,2,0.012019059
dumpData,23,3,0.010667825
dumpData,23,4,0.01214089
dumpData,23,5,0.010138189
dumpData,23,6,0.010361091
dumpData,23,7,0.010410471
dumpData,23,8,0.011806776
dumpData,23,9,0.012078579
kick,23,0,0.001721348
kick,23,1,0.001768429
kick,23,2,0.001740149
kick,23,3,0.001767939
kick,23,4,0.001761499
kick,23,5,0.001767509
kick,23,6,0.001720688
kick,23,7,0.001767719
kick,23,8,0.001753698
kick,23,9,0.001768299
kick,23,10,0.001718428
kick,23,11,0.001768269
kick,23,12,0.001764989
kick,23,13,0.001769658
kick,23,14,0.001762898
kick,23,15,0.001767669
kick,23,16,0.001761369
kick,23,17,0.001775209
kick,23,18,0.001726189
kick,23,19,0.001768589
drift,23,0,0.001718779
drift,23,1,0.001719769
drift,23,2,0.001719088
drift,23,3,0.001719959
drift,23,4,0.001721729
drift,23,5,0.001723059
drift,23,6,0.001725408
drift,23,7,0.001718479
drift,23,8,0.001720089
drift,23,9,0.001727578
particleBC,23,0,0.003491337
particleBC,23,1,0.003493887
particleBC,23,2,0.003491838
particleBC,23,3,0.003490467
particleBC,23,4,0.003488097
particleBC,23,5,0.003495727
particleBC,23,6,0.003496678
particleBC,23,7,0.003493567
particleBC,23,8,0.003498117
particleBC,23,9,0.003496698
updateParticle,23,0,0.015512596
updateParticle,23,1,0.012436153
updateParticle,23,2,0.012038939
updateParticle,23,3,0.01212895
updateParticle,23,4,0.014187012
updateParticle,23,5,0.012661286
updateParticle,23,6,0.012742716
updateParticle,23,7,0.011483043
updateParticle,23,8,0.011787686
updateParticle,23,9,0.01220711
locateParticles,23,0,0.001462666
locateParticles,23,1,0.001453706
locateParticles,23,2,0.001464945
locateParticles,23,3,0.001465976
locateParticles,23,4,0.001467636
locateParticles,23,5,0.001456356
locateParticles,23,6,0.001471695
locateParticles,23,7,0.001472926
locateParticles,23,8,0.001481326
locateParticles,23,9,0.001497776
sendPreprocess,23,0,0.001289774
sendPreprocess,23,1,0.001321424
sendPreprocess,23,2,0.001293213
sendPreprocess,23,3,0.001330394
sendPreprocess,23,4,0.001304004
sendPreprocess,23,5,0.001332864
sendPreprocess,23,6,0.001258414
sendPreprocess,23,7,0.001315974
sendPreprocess,23,8,0.001316494
sendPreprocess,23,9,0.001381065
particleSend,23,0,0.001270363
particleSend,23,1,0.001212803
particleSend,23,2,0.001198473
particleSend,23,3,0.001247014
particleSend,23,4,0.001322044
particleSend,23,5,0.001208773
particleSend,23,6,0.001395535
particleSend,23,7,0.001191383
particleSend,23,8,0.001286134
particleSend,23,9,0.001199923
particleRecv,23,0,3.0741e-05
particleRecv,23,1,3.144e-05
particleRecv,23,2,3.8401e-05
particleRecv,23,3,4.329e-05
particleRecv,23,4,3.4901e-05
particleRecv,23,5,3.7461e-05
particleRecv,23,6,4.052e-05
particleRecv,23,7,3.452e-05
particleRecv,23,8,3.374e-05
particleRecv,23,9,3.889e-05
particleDestroy,23,0,0.004982293
particleDestroy,23,1,0.004969443
particleDestroy,23,2,0.004976413
particleDestroy,23,3,0.004977523
particleDestroy,23,4,0.004982673
particleDestroy,23,5,0.004954343
particleDestroy,23,6,0.004973964
particleDestroy,23,7,0.004977414
particleDestroy,23,8,0.004959374
particleDestroy,23,9,0.004998284
ScatterPIFNUFFT,23,0,0.519159819
ScatterPIFNUFFT,23,1,0.001110662
ScatterPIFNUFFT,23,2,0.518084828
ScatterPIFNUFFT,23,3,0.001109952
ScatterPIFNUFFT,23,4,0.520338872
ScatterPIFNUFFT,23,5,0.001113472
ScatterPIFNUFFT,23,6,0.513455598
ScatterPIFNUFFT,23,7,0.001116252
ScatterPIFNUFFT,23,8,0.517580993
ScatterPIFNUFFT,23,9,0.001112842
ScatterPIFNUFFT,23,10,0.519104288
ScatterPIFNUFFT,23,11,0.001119822
ScatterPIFNUFFT,23,12,0.516913235
ScatterPIFNUFFT,23,13,0.001112402
ScatterPIFNUFFT,23,14,0.518038708
ScatterPIFNUFFT,23,15,0.001121902
ScatterPIFNUFFT,23,16,0.519085218
ScatterPIFNUFFT,23,17,0.001111052
ScatterPIFNUFFT,23,18,0.518821036
ScatterPIFNUFFT,23,19,0.001119042
NativeNUFFT1,23,0,0.515161917
NativeNUFFT1,23,1,0.513748881
NativeNUFFT1,23,2,0.515613421
NativeNUFFT1,23,3,0.508679427
NativeNUFFT1,23,4,0.51368109
NativeNUFFT1,23,5,0.515421209
NativeNUFFT1,23,6,0.512498138
NativeNUFFT1,23,7,0.513589089
NativeNUFFT1,23,8,0.514531419
NativeNUFFT1,23,9,0.514324368
scatterTimerNUFFT1,23,0,0.039682225
scatterTimerNUFFT1,23,1,0.040071169
scatterTimerNUFFT1,23,2,0.041416543
scatterTimerNUFFT1,23,3,0.040664015
scatterTimerNUFFT1,23,4,0.039678795
scatterTimerNUFFT1,23,5,0.040714836
scatterTimerNUFFT1,23,6,0.038911667
scatterTimerNUFFT1,23,7,0.040342321
scatterTimerNUFFT1,23,8,0.040102339
scatterTimerNUFFT1,23,9,0.03920715
binSort,23,0,0.008775374
binSort,23,1,0.008825174
binSort,23,2,0.008818244
binSort,23,3,0.008812664
binSort,23,4,0.008781934
binSort,23,5,0.008800374
binSort,23,6,0.008810604
binSort,23,7,0.008820715
binSort,23,8,0.008786944
binSort,23,9,0.008813164
binSort,23,10,0.008803385
binSort,23,11,0.008806124
binSort,23,12,0.008781254
binSort,23,13,0.008811524
binSort,23,14,0.008808964
binSort,23,15,0.008812034
binSort,23,16,0.008791254
binSort,23,17,0.008819615
binSort,23,18,0.008806294
binSort,23,19,0.008820995
binSort,23,20,0.008780504
binSort,23,21,0.008838085
binSort,23,22,0.008812484
binSort,23,23,0.008826855
binSort,23,24,0.008777814
binSort,23,25,0.008847285
binSort,23,26,0.008859075
binSort,23,27,0.008840915
binSort,23,28,0.008780844
binSort,23,29,0.008829704
binSort,23,30,0.008824275
binSort,23,31,0.008826944
binSort,23,32,0.008803394
binSort,23,33,0.008820035
binSort,23,34,0.008875765
binSort,23,35,0.008815515
binSort,23,36,0.008787684
binSort,23,37,0.008830335
binSort,23,38,0.008818044
binSort,23,39,0.008821544
binComputeKeys,23,0,0.00095649
binComputeKeys,23,1,0.00095671
binComputeKeys,23,2,0.00095777
binComputeKeys,23,3,0.00095592
binComputeKeys,23,4,0.000953021
binComputeKeys,23,5,0.000955751
binComputeKeys,23,6,0.00095816
binComputeKeys,23,7,0.000958941
binComputeKeys,23,8,0.00095663
binComputeKeys,23,9,0.00095888
binComputeKeys,23,10,0.000959021
binComputeKeys,23,11,0.00095657
binComputeKeys,23,12,0.00095627
binComputeKeys,23,13,0.0009572
binComputeKeys,23,14,0.0009566
binComputeKeys,23,15,0.00095821
binComputeKeys,23,16,0.0009571
binComputeKeys,23,17,0.000958671
binComputeKeys,23,18,0.00095658
binComputeKeys,23,19,0.000959071
binComputeKeys,23,20,0.00095671
binComputeKeys,23,21,0.00095792
binComputeKeys,23,22,0.00095457
binComputeKeys,23,23,0.000958991
binComputeKeys,23,24,0.00095551
binComputeKeys,23,25,0.00095828
binComputeKeys,23,26,0.00096275
binComputeKeys,23,27,0.00095773
binComputeKeys,23,28,0.00095595
binComputeKeys,23,29,0.00095646
binComputeKeys,23,30,0.000956981
binComputeKeys,23,31,0.00095784
binComputeKeys,23,32,0.00095772
binComputeKeys,23,33,0.000958711
binComputeKeys,23,34,0.000965
binComputeKeys,23,35,0.00095837
binComputeKeys,23,36,0.000953911
binComputeKeys,23,37,0.00095822
binComputeKeys,23,38,0.00095685
binComputeKeys,23,39,0.00095602
binSortByKey,23,0,0.007572061
binSortByKey,23,1,0.007611612
binSortByKey,23,2,0.007611242
binSortByKey,23,3,0.007605821
binSortByKey,23,4,0.007583431
binSortByKey,23,5,0.007595051
binSortByKey,23,6,0.007602321
binSortByKey,23,7,0.007606861
binSortByKey,23,8,0.007584231
binSortByKey,23,9,0.007602311
binSortByKey,23,10,0.007592921
binSortByKey,23,11,0.007591532
binSortByKey,23,12,0.007578931
binSortByKey,23,13,0.007604291
binSortByKey,23,14,0.007602042
binSortByKey,23,15,0.007603701
binSortByKey,23,16,0.007586971
binSortByKey,23,17,0.007609351
binSortByKey,23,18,0.007598572
binSortByKey,23,19,0.007611981
binSortByKey,23,20,0.007577402
binSortByKey,23,21,0.007630032
binSortByKey,23,22,0.007606982
binSortByKey,23,23,0.007616881
binSortByKey,23,24,0.007576511
binSortByKey,23,25,0.007636852
binSortByKey,23,26,0.007634632
binSortByKey,23,27,0.007628562
binSortByKey,23,28,0.007579001
binSortByKey,23,29,0.007622262
binSortByKey,23,30,0.007617391
binSortByKey,23,31,0.007618842
binSortByKey,23,32,0.007597352
binSortByKey,23,33,0.007609691
binSortByKey,23,34,0.007641122
binSortByKey,23,35,0.007606661
binSortByKey,23,36,0.007587491
binSortByKey,23,37,0.007621132
binSortByKey,23,38,0.007609171
binSortByKey,23,39,0.007613532
binComputeOffsets,23,0,0.000237603
binComputeOffsets,23,1,0.000247662
binComputeOffsets,23,2,0.000240132
binComputeOffsets,23,3,0.000241343
binComputeOffsets,23,4,0.000236232
binComputeOffsets,23,5,0.000240312
binComputeOffsets,23,6,0.000240033
binComputeOffsets,23,7,0.000245683
binComputeOffsets,23,8,0.000236742
binComputeOffsets,23,9,0.000241993
binComputeOffsets,23,10,0.000241972
binComputeOffsets,23,11,0.000248762
binComputeOffsets,23,12,0.000236753
binComputeOffsets,23,13,0.000240793
binComputeOffsets,23,14,0.000240482
binComputeOffsets,23,15,0.000240993
binComputeOffsets,23,16,0.000236783
binComputeOffsets,23,17,0.000242313
binComputeOffsets,23,18,0.000240952
binComputeOffsets,23,19,0.000240643
binComputeOffsets,23,20,0.000237132
binComputeOffsets,23,21,0.000240823
binComputeOffsets,23,22,0.000240842
binComputeOffsets,23,23,0.000241543
binComputeOffsets,23,24,0.000236493
binComputeOffsets,23,25,0.000242793
binComputeOffsets,23,26,0.000252253
binComputeOffsets,23,27,0.000245273
binComputeOffsets,23,28,0.000236583
binComputeOffsets,23,29,0.000241692
binComputeOffsets,23,30,0.000240553
binComputeOffsets,23,31,0.000240282
binComputeOffsets,23,32,0.000236922
binComputeOffsets,23,33,0.000241683
binComputeOffsets,23,34,0.000254623
binComputeOffsets,23,35,0.000240903
binComputeOffsets,23,36,0.000236972
binComputeOffsets,23,37,0.000241463
binComputeOffsets,23,38,0.000242443
binComputeOffsets,23,39,0.000241522
FFTNUFFT1,23,0,0.475002187
FFTNUFFT1,23,1,0.473192617
FFTNUFFT1,23,2,0.473713953
FFTNUFFT1,23,3,0.467532586
FFTNUFFT1,23,4,0.4735287
FFTNUFFT1,23,5,0.474226478
FFTNUFFT1,23,6,0.473112506
FFTNUFFT1,23,7,0.472741703
FFTNUFFT1,23,8,0.473945905
FFTNUFFT1,23,9,0.474602552
deconvolutionNUFFT1,23,0,0.000461175
deconvolutionNUFFT1,23,1,0.000472885
deconvolutionNUFFT1,23,2,0.000471035
deconvolutionNUFFT1,23,3,0.000471355
deconvolutionNUFFT1,23,4,0.000460165
deconvolutionNUFFT1,23,5,0.000468465
deconvolutionNUFFT1,23,6,0.000461905
deconvolutionNUFFT1,23,7,0.000492615
deconvolutionNUFFT1,23,8,0.000467165
deconvolutionNUFFT1,23,9,0.000501105
GatherPIFNUFFT,23,0,1.563426892
GatherPIFNUFFT,23,1,1.571937902
GatherPIFNUFFT,23,2,1.572026643
GatherPIFNUFFT,23,3,1.577777625
GatherPIFNUFFT,23,4,1.567885139
GatherPIFNUFFT,23,5,1.569103962
GatherPIFNUFFT,23,6,1.569623778
GatherPIFNUFFT,23,7,1.571829661
GatherPIFNUFFT,23,8,1.568462915
GatherPIFNUFFT,23,9,1.567050651
NativeNUFFT2,23,0,0.519066278
NativeNUFFT2,23,1,0.514163876
NativeNUFFT2,23,2,0.515282268
NativeNUFFT2,23,3,0.527005173
NativeNUFFT2,23,4,0.513468168
NativeNUFFT2,23,5,0.516550602
NativeNUFFT2,23,6,0.525535667
NativeNUFFT2,23,7,0.513832912
NativeNUFFT2,23,8,0.517741014
NativeNUFFT2,23,9,0.532093338
NativeNUFFT2,23,10,0.513784352
NativeNUFFT2,23,11,0.516985476
NativeNUFFT2,23,12,0.526467028
NativeNUFFT2,23,13,0.512477858
NativeNUFFT2,23,14,0.514032765
NativeNUFFT2,23,15,0.524407035
NativeNUFFT2,23,16,0.515463569
NativeNUFFT2,23,17,0.514221166
NativeNUFFT2,23,18,0.529687303
NativeNUFFT2,23,19,0.512082873
NativeNUFFT2,23,20,0.512898602
NativeNUFFT2,23,21,0.527168665
NativeNUFFT2,23,22,0.514617361
NativeNUFFT2,23,23,0.514647481
NativeNUFFT2,23,24,0.522859909
NativeNUFFT2,23,25,0.515144106
NativeNUFFT2,23,26,0.514682502
NativeNUFFT2,23,27,0.522545965
NativeNUFFT2,23,28,0.513929643
NativeNUFFT2,23,29,0.515665552
PrecorrectionNUFFT2,23,0,0.00088288
PrecorrectionNUFFT2,23,1,0.000858479
PrecorrectionNUFFT2,23,2,0.000863219
PrecorrectionNUFFT2,23,3,0.00089042
PrecorrectionNUFFT2,23,4,0.000860749
PrecorrectionNUFFT2,23,5,0.00087052
PrecorrectionNUFFT2,23,6,0.000889519
PrecorrectionNUFFT2,23,7,0.000867299
PrecorrectionNUFFT2,23,8,0.00086237
PrecorrectionNUFFT2,23,9,0.000896099
PrecorrectionNUFFT2,23,10,0.000863599
PrecorrectionNUFFT2,23,11,0.000859799
PrecorrectionNUFFT2,23,12,0.00088803
PrecorrectionNUFFT2,23,13,0.000858149
PrecorrectionNUFFT2,23,14,0.00086483
PrecorrectionNUFFT2,23,15,0.000896009
PrecorrectionNUFFT2,23,16,0.000861589
PrecorrectionNUFFT2,23,17,0.000865289
PrecorrectionNUFFT2,23,18,0.000886749
PrecorrectionNUFFT2,23,19,0.000863119
PrecorrectionNUFFT2,23,20,0.000862259
PrecorrectionNUFFT2,23,21,0.000884809
PrecorrectionNUFFT2,23,22,0.00086696
PrecorrectionNUFFT2,23,23,0.00086337
PrecorrectionNUFFT2,23,24,0.00088862
PrecorrectionNUFFT2,23,25,0.000862719
PrecorrectionNUFFT2,23,26,0.00087199
PrecorrectionNUFFT2,23,27,0.000894759
PrecorrectionNUFFT2,23,28,0.000863809
PrecorrectionNUFFT2,23,29,0.00086176
FFTNUFFT2,23,0,0.4828711
FFTNUFFT2,23,1,0.478273882
FFTNUFFT2,23,2,0.476722264
FFTNUFFT2,23,3,0.483132403
FFTNUFFT2,23,4,0.476479272
FFTNUFFT2,23,5,0.470578569
FFTNUFFT2,23,6,0.487752113
FFTNUFFT2,23,7,0.468979292
FFTNUFFT2,23,8,0.476558583
FFTNUFFT2,23,9,0.492045699
FFTNUFFT2,23,10,0.484056644
FFTNUFFT2,23,11,0.477371371
FFTNUFFT2,23,12,0.487413529
FFTNUFFT2,23,13,0.472101666
FFTNUFFT2,23,14,0.475944096
FFTNUFFT2,23,15,0.485371687
FFTNUFFT2,23,16,0.475135448
FFTNUFFT2,23,17,0.474298749
FFTNUFFT2,23,18,0.479400434
FFTNUFFT2,23,19,0.468543678
FFTNUFFT2,23,20,0.475196879
FFTNUFFT2,23,21,0.481966501
FFTNUFFT2,23,22,0.472665421
FFTNUFFT2,23,23,0.475502501
FFTNUFFT2,23,24,0.477678965
FFTNUFFT2,23,25,0.475131988
FFTNUFFT2,23,26,0.474132817
FFTNUFFT2,23,27,0.477709986
FFTNUFFT2,23,28,0.467524076
FFTNUFFT2,23,29,0.476192159
GatherNUFFT2,23,0,0.035292237
GatherNUFFT2,23,1,0.035011375
GatherNUFFT2,23,2,0.037676684
GatherNUFFT2,23,3,0.04296248
GatherNUFFT2,23,4,0.036107277
GatherNUFFT2,23,5,0.045081143
GatherNUFFT2,23,6,0.036873685
GatherNUFFT2,23,7,0.043965741
GatherNUFFT2,23,8,0.040299721
GatherNUFFT2,23,9,0.039131179
GatherNUFFT2,23,10,0.028842139
GatherNUFFT2,23,11,0.038733605
GatherNUFFT2,23,12,0.038145338
GatherNUFFT2,23,13,0.039497163
GatherNUFFT2,23,14,0.037202678
GatherNUFFT2,23,15,0.038118568
GatherNUFFT2,23,16,0.039445942
GatherNUFFT2,23,17,0.039037218
GatherNUFFT2,23,18,0.049379159
GatherNUFFT2,23,19,0.042654966
GatherNUFFT2,23,20,0.036819474
GatherNUFFT2,23,21,0.044296895
GatherNUFFT2,23,22,0.04106472
GatherNUFFT2,23,23,0.038261069
GatherNUFFT2,23,24,0.044271044
GatherNUFFT2,23,25,0.039124319
GatherNUFFT2,23,26,0.039655455
GatherNUFFT2,23,27,0.04392115
GatherNUFFT2,23,28,0.045519708
GatherNUFFT2,23,29,0.038591733
mainTimer,24,0,21.264697185
dumpData,24,0,0.012919319
dumpData,24,1,0.013086459
dumpData,24,2,0.01277031
dumpData,24,3,0.0128694
dumpData,24,4,0.01249642
dumpData,24,5,0.013179348
dumpData,24,6,0.009701657
dumpData,24,7,0.012884489
dumpData,24,8,0.012976459
dumpData,24,9,0.012741369
kick,24,0,0.001707466
kick,24,1,0.001768676
kick,24,2,0.001705136
kick,24,3,0.001767616
kick,24,4,0.001705786
kick,24,5,0.001767096
kick,24,6,0.001704956
kick,24,7,0.001766365
kick,24,8,0.001705416
kick,24,9,0.001766746
kick,24,10,0.001708336
kick,24,11,0.001766346
kick,24,12,0.001703906
kick,24,13,0.001766936
kick,24,14,0.001764446
kick,24,15,0.001767326
kick,24,16,0.001702876
kick,24,17,0.001767466
kick,24,18,0.001704466
kick,24,19,0.001767436
drift,24,0,0.001719036
drift,24,1,0.001719706
drift,24,2,0.001718716
drift,24,3,0.001718245
drift,24,4,0.001719626
drift,24,5,0.001717126
drift,24,6,0.001719816
drift,24,7,0.001733866
drift,24,8,0.001720726
drift,24,9,0.001721146
particleBC,24,0,0.003495262
particleBC,24,1,0.003490921
particleBC,24,2,0.003492061
particleBC,24,3,0.003492012
particleBC,24,4,0.003489921
particleBC,24,5,0.003492382
particleBC,24,6,0.003492782
particleBC,24,7,0.003492331
particleBC,24,8,0.003482381
particleBC,24,9,0.003491692
updateParticle,24,0,0.014065976
updateParticle,24,1,0.011613863
updateParticle,24,2,0.013739317
updateParticle,24,3,0.013789697
updateParticle,24,4,0.013346118
updateParticle,24,5,0.013127198
updateParticle,24,6,0.012049121
updateParticle,24,7,0.011194564
updateParticle,24,8,0.012429111
updateParticle,24,9,0.011162193
locateParticles,24,0,0.001434736
locateParticles,24,1,0.001431297
locateParticles,24,2,0.001431007
locateParticles,24,3,0.001422277
locateParticles,24,4,0.001415647
locateParticles,24,5,0.001416366
locateParticles,24,6,0.001413556
locateParticles,24,7,0.001433927
locateParticles,24,8,0.001427677
locateParticles,24,9,0.001420326
sendPreprocess,24,0,0.001316317
sendPreprocess,24,1,0.001377267
sendPreprocess,24,2,0.001379077
sendPreprocess,24,3,0.001385426
sendPreprocess,24,4,0.001404017
sendPreprocess,24,5,0.001387587
sendPreprocess,24,6,0.001390687
sendPreprocess,24,7,0.001333487
sendPreprocess,24,8,0.001442057
sendPreprocess,24,9,0.001495937
particleSend,24,0,0.001287657
particleSend,24,1,0.001198907
particleSend,24,2,0.001308946
particleSend,24,3,0.001328267
particleSend,24,4,0.001203117
particleSend,24,5,0.001201307
particleSend,24,6,0.001306227
particleSend,24,7,0.001296677
particleSend,24,8,0.001247537
particleSend,24,9,0.001205767
particleRecv,24,0,3.463e-05
particleRecv,24,1,3.293e-05
particleRecv,24,2,3.243e-05
particleRecv,24,3,4.191e-05
particleRecv,24,4,3.372e-05
particleRecv,24,5,3.578e-05
particleRecv,24,6,3.343e-05
particleRecv,24,7,3.7849e-05
particleRecv,24,8,3.961e-05
particleRecv,24,9,3.609e-05
particleDestroy,24,0,0.004684009
particleDestroy,24,1,0.004670449
particleDestroy,24,2,0.004692779
particleDestroy,24,3,0.004696619
particleDestroy,24,4,0.004690788
particleDestroy,24,5,0.004724899
particleDestroy,24,6,0.004705609
particleDestroy,24,7,0.004695679
particleDestroy,24,8,0.004686638
particleDestroy,24,9,0.004690969
ScatterPIFNUFFT,24,0,0.512613651
ScatterPIFNUFFT,24,1,0.001111207
ScatterPIFNUFFT,24,2,0.515567254
ScatterPIFNUFFT,24,3,0.001112988
ScatterPIFNUFFT,24,4,0.519415165
ScatterPIFNUFFT,24,5,0.001111287
ScatterPIFNUFFT,24,6,0.510434867
ScatterPIFNUFFT,24,7,0.001107367
ScatterPIFNUFFT,24,8,0.516388212
ScatterPIFNUFFT,24,9,0.001112237
ScatterPIFNUFFT,24,10,0.516790212
ScatterPIFNUFFT,24,11,0.001112337
ScatterPIFNUFFT,24,12,0.518020569
ScatterPIFNUFFT,24,13,0.001112887
ScatterPIFNUFFT,24,14,0.518966386
ScatterPIFNUFFT,24,15,0.001111977
ScatterPIFNUFFT,24,16,0.522722357
ScatterPIFNUFFT,24,17,0.001110158
ScatterPIFNUFFT,24,18,0.517791109
ScatterPIFNUFFT,24,19,0.001110818
NativeNUFFT1,24,0,0.50892381
NativeNUFFT1,24,1,0.511868533
NativeNUFFT1,24,2,0.515771814
NativeNUFFT1,24,3,0.506096277
NativeNUFFT1,24,4,0.512723641
NativeNUFFT1,24,5,0.512225463
NativeNUFFT1,24,6,0.514127587
NativeNUFFT1,24,7,0.514982556
NativeNUFFT1,24,8,0.517959409
NativeNUFFT1,24,9,0.51305938
scatterTimerNUFFT1,24,0,0.039772076
scatterTimerNUFFT1,24,1,0.040328604
scatterTimerNUFFT1,24,2,0.040086805
scatterTimerNUFFT1,24,3,0.038888927
scatterTimerNUFFT1,24,4,0.039295796
scatterTimerNUFFT1,24,5,0.038668998
scatterTimerNUFFT1,24,6,0.039875105
scatterTimerNUFFT1,24,7,0.039949345
scatterTimerNUFFT1,24,8,0.038483939
scatterTimerNUFFT1,24,9,0.038879677
binSort,24,0,0.00878165
binSort,24,1,0.008841529
binSort,24,2,0.008831039
binSort,24,3,0.008824879
binSort,24,4,0.008788469
binSort,24,5,0.008830569
binSort,24,6,0.008834229
binSort,24,7,0.008830169
binSort,24,8,0.008784649
binSort,24,9,0.008846569
binSort,24,10,0.008831109
binSort,24,11,0.008829209
binSort,24,12,0.008782239
binSort,24,13,0.008829259
binSort,24,14,0.008827959
binSort,24,15,0.008812819
binSort,24,16,0.008783349
binSort,24,17,0.00882583
binSort,24,18,0.008825499
binSort,24,19,0.008821909
binSort,24,20,0.008793479
binSort,24,21,0.008830279
binSort,24,22,0.008813139
binSort,24,23,0.0088229
binSort,24,24,0.008788009
binSort,24,25,0.008811209
binSort,24,26,0.008828119
binSort,24,27,0.008830189
binSort,24,28,0.008776999
binSort,24,29,0.008821249
binSort,24,30,0.008818059
binSort,24,31,0.008806469
binSort,24,32,0.008789699
binSort,24,33,0.008811829
binSort,24,34,0.008821909
binSort,24,35,0.008819919
binSort,24,36,0.008783289
binSort,24,37,0.008836719
binSort,24,38,0.008846769
binSort,24,39,0.008831319
binComputeKeys,24,0,0.000957178
binComputeKeys,24,1,0.000959208
binComputeKeys,24,2,0.000958867
binComputeKeys,24,3,0.000957948
binComputeKeys,24,4,0.000955278
binComputeKeys,24,5,0.000956698
binComputeKeys,24,6,0.000959408
binComputeKeys,24,7,0.000958798
binComputeKeys,24,8,0.000956298
binComputeKeys,24,9,0.000960278
binComputeKeys,24,10,0.000957328
binComputeKeys,24,11,0.000957888
binComputeKeys,24,12,0.000955028
binComputeKeys,24,13,0.000957838
binComputeKeys,24,14,0.000960398
binComputeKeys,24,15,0.000958257
binComputeKeys,24,16,0.000957437
binComputeKeys,24,17,0.000958428
binComputeKeys,24,18,0.000959138
binComputeKeys,24,19,0.000960207
binComputeKeys,24,20,0.000955438
binComputeKeys,24,21,0.000959588
binComputeKeys,24,22,0.000958888
binComputeKeys,24,23,0.000958558
binComputeKeys,24,24,0.000956327
binComputeKeys,24,25,0.000957118
binComputeKeys,24,26,0.000957827
binComputeKeys,24,27,0.000959918
binComputeKeys,24,28,0.000956358
binComputeKeys,24,29,0.000960697
binComputeKeys,24,30,0.000959518
binComputeKeys,24,31,0.000957698
binComputeKeys,24,32,0.000958127
binComputeKeys,24,33,0.000957068
binComputeKeys,24,34,0.000959857
binComputeKeys,24,35,0.000957618
binComputeKeys,24,36,0.000956408
binComputeKeys,24,37,0.000957417
binComputeKeys,24,38,0.000958408
binComputeKeys,24,39,0.000960648
binSortByKey,24,0,0.007577012
binSortByKey,24,1,0.007629572
binSortByKey,24,2,0.007620092
binSortByKey,24,3,0.007615092
binSortByKey,24,4,0.007583802
binSortByKey,24,5,0.007621882
binSortByKey,24,6,0.007623791
binSortByKey,24,7,0.007620851
binSortByKey,24,8,0.007580832
binSortByKey,24,9,0.007635751
binSortByKey,24,10,0.007620931
binSortByKey,24,11,0.007620532
binSortByKey,24,12,0.007580892
binSortByKey,24,13,0.007618282
binSortByKey,24,14,0.007616672
binSortByKey,24,15,0.007602842
binSortByKey,24,16,0.007578122
binSortByKey,24,17,0.007615372
binSortByKey,24,18,0.007613432
binSortByKey,24,19,0.007610662
binSortByKey,24,20,0.007591782
binSortByKey,24,21,0.007618822
binSortByKey,24,22,0.007604061
binSortByKey,24,23,0.007613122
binSortByKey,24,24,0.007585522
binSortByKey,24,25,0.007600482
binSortByKey,24,26,0.007613922
binSortByKey,24,27,0.007616972
binSortByKey,24,28,0.007574692
binSortByKey,24,29,0.007610222
binSortByKey,24,30,0.007608232
binSortByKey,24,31,0.007598632
binSortByKey,24,32,0.007577482
binSortByKey,24,33,0.007603861
binSortByKey,24,34,0.007609322
binSortByKey,24,35,0.007610651
binSortByKey,24,36,0.007580942
binSortByKey,24,37,0.007627842
binSortByKey,24,38,0.007635711
binSortByKey,24,39,0.007619761
binComputeOffsets,24,0,0.00023823
binComputeOffsets,24,1,0.000242669
binComputeOffsets,24,2,0.00024188
binComputeOffsets,24,3,0.000241289
binComputeOffsets,24,4,0.000239429
binComputeOffsets,24,5,0.000241879
binComputeOffsets,24,6,0.00024104
binComputeOffsets,24,7,0.00024085
binComputeOffsets,24,8,0.000238179
binComputeOffsets,24,9,0.00024081
binComputeOffsets,24,10,0.00024351
binComputeOffsets,24,11,0.000241399
binComputeOffsets,24,12,0.000237109
binComputeOffsets,24,13,0.00024288
binComputeOffsets,24,14,0.000241419
binComputeOffsets,24,15,0.00024171
binComputeOffsets,24,16,0.00023775
binComputeOffsets,24,17,0.00024158
binComputeOffsets,24,18,0.000243459
binComputeOffsets,24,19,0.00024155
binComputeOffsets,24,20,0.000236389
binComputeOffsets,24,21,0.000241429
binComputeOffsets,24,22,0.00024084
binComputeOffsets,24,23,0.00024191
binComputeOffsets,24,24,0.00023689
binComputeOffsets,24,25,0.000243419
binComputeOffsets,24,26,0.00024696
binComputeOffsets,24,27,0.000242659
binComputeOffsets,24,28,0.000236649
binComputeOffsets,24,29,0.0002411
binComputeOffsets,24,30,0.000240509
binComputeOffsets,24,31,0.000240799
binComputeOffsets,24,32,0.00023903
binComputeOffsets,24,33,0.0002414
binComputeOffsets,24,34,0.00024234
binComputeOffsets,24,35,0.00024164
binComputeOffsets,24,36,0.000236769
binComputeOffsets,24,37,0.00024202
binComputeOffsets,24,38,0.00024237
binComputeOffsets,24,39,0.00024146
FFTNUFFT1,24,0,0.468668096
FFTNUFFT1,24,1,0.47106676
FFTNUFFT1,24,2,0.47521066
FFTNUFFT1,24,3,0.466731971
FFTNUFFT1,24,4,0.472948896
FFTNUFFT1,24,5,0.473086496
FFTNUFFT1,24,6,0.473780034
FFTNUFFT1,24,7,0.474560042
FFTNUFFT1,24,8,0.478992181
FFTNUFFT1,24,9,0.473707444
deconvolutionNUFFT1,24,0,0.000471509
deconvolutionNUFFT1,24,1,0.000461369
deconvolutionNUFFT1,24,2,0.000462669
deconvolutionNUFFT1,24,3,0.000463279
deconvolutionNUFFT1,24,4,0.000465279
deconvolutionNUFFT1,24,5,0.000458039
deconvolutionNUFFT1,24,6,0.000461058
deconvolutionNUFFT1,24,7,0.000460649
deconvolutionNUFFT1,24,8,0.000467079
deconvolutionNUFFT1,24,9,0.000460749
GatherPIFNUFFT,24,0,1.570011038
GatherPIFNUFFT,24,1,1.573515459
GatherPIFNUFFT,24,2,1.570680786
GatherPIFNUFFT,24,3,1.577571439
GatherPIFNUFFT,24,4,1.570063197
GatherPIFNUFFT,24,5,1.56923738
GatherPIFNUFFT,24,6,1.569958578
GatherPIFNUFFT,24,7,1.569674249
GatherPIFNUFFT,24,8,1.563303043
GatherPIFNUFFT,24,9,1.568539851
NativeNUFFT2,24,0,0.526408269
NativeNUFFT2,24,1,0.51336414
NativeNUFFT2,24,2,0.515283005
NativeNUFFT2,24,3,0.528860533
NativeNUFFT2,24,4,0.515066966
NativeNUFFT2,24,5,0.514676276
NativeNUFFT2,24,6,0.523404706
NativeNUFFT2,24,7,0.514607506
NativeNUFFT2,24,8,0.517747559
NativeNUFFT2,24,9,0.532627053
NativeNUFFT2,24,10,0.513662409
NativeNUFFT2,24,11,0.516351982
NativeNUFFT2,24,12,0.527873765
NativeNUFFT2,24,13,0.512471242
NativeNUFFT2,24,14,0.514801176
NativeNUFFT2,24,15,0.524859962
NativeNUFFT2,24,16,0.515529095
NativeNUFFT2,24,17,0.513963379
NativeNUFFT2,24,18,0.527935005
NativeNUFFT2,24,19,0.512100502
NativeNUFFT2,24,20,0.515027426
NativeNUFFT2,24,21,0.52607588
NativeNUFFT2,24,22,0.513599889
NativeNUFFT2,24,23,0.514624637
NativeNUFFT2,24,24,0.518883466
NativeNUFFT2,24,25,0.515132225
NativeNUFFT2,24,26,0.514393237
NativeNUFFT2,24,27,0.524253373
NativeNUFFT2,24,28,0.513970958
NativeNUFFT2,24,29,0.515406555
PrecorrectionNUFFT2,24,0,0.000885638
PrecorrectionNUFFT2,24,1,0.000862148
PrecorrectionNUFFT2,24,2,0.000865978
PrecorrectionNUFFT2,24,3,0.000887958
PrecorrectionNUFFT2,24,4,0.000864998
PrecorrectionNUFFT2,24,5,0.000860238
PrecorrectionNUFFT2,24,6,0.000887958
PrecorrectionNUFFT2,24,7,0.000868268
PrecorrectionNUFFT2,24,8,0.000857818
PrecorrectionNUFFT2,24,9,0.000890178
PrecorrectionNUFFT2,24,10,0.000860298
PrecorrectionNUFFT2,24,11,0.000861818
PrecorrectionNUFFT2,24,12,0.000886578
PrecorrectionNUFFT2,24,13,0.000865288
PrecorrectionNUFFT2,24,14,0.000863268
PrecorrectionNUFFT2,24,15,0.000882528
PrecorrectionNUFFT2,24,16,0.000862808
PrecorrectionNUFFT2,24,17,0.000861788
PrecorrectionNUFFT2,24,18,0.000889498
PrecorrectionNUFFT2,24,19,0.000866718
PrecorrectionNUFFT2,24,20,0.000860028
PrecorrectionNUFFT2,24,21,0.000888528
PrecorrectionNUFFT2,24,22,0.000862368
PrecorrectionNUFFT2,24,23,0.000862348
PrecorrectionNUFFT2,24,24,0.000886198
PrecorrectionNUFFT2,24,25,0.000862398
PrecorrectionNUFFT2,24,26,0.000865548
PrecorrectionNUFFT2,24,27,0.000896228
PrecorrectionNUFFT2,24,28,0.000858578
PrecorrectionNUFFT2,24,29,0.000864678
FFTNUFFT2,24,0,0.484761418
FFTNUFFT2,24,1,0.472207968
FFTNUFFT2,24,2,0.478498162
FFTNUFFT2,24,3,0.486399663
FFTNUFFT2,24,4,0.478844482
FFTNUFFT2,24,5,0.471793818
FFTNUFFT2,24,6,0.476609947
FFTNUFFT2,24,7,0.475975198
FFTNUFFT2,24,8,0.476103848
FFTNUFFT2,24,9,0.482902362
FFTNUFFT2,24,10,0.478320763
FFTNUFFT2,24,11,0.472455797
FFTNUFFT2,24,12,0.480612738
FFTNUFFT2,24,13,0.472231897
FFTNUFFT2,24,14,0.474409172
FFTNUFFT2,24,15,0.47947974
FFTNUFFT2,24,16,0.476241758
FFTNUFFT2,24,17,0.478610552
FFTNUFFT2,24,18,0.483249791
FFTNUFFT2,24,19,0.471869558
FFTNUFFT2,24,20,0.476826146
FFTNUFFT2,24,21,0.477955214
FFTNUFFT2,24,22,0.476222168
FFTNUFFT2,24,23,0.471378279
FFTNUFFT2,24,24,0.474758951
FFTNUFFT2,24,25,0.471988038
FFTNUFFT2,24,26,0.471558409
FFTNUFFT2,24,27,0.481935614
FFTNUFFT2,24,28,0.477896634
FFTNUFFT2,24,29,0.471974628
GatherNUFFT2,24,0,0.040740483
GatherNUFFT2,24,1,0.040272574
GatherNUFFT2,24,2,0.035897405
GatherNUFFT2,24,3,0.041552492
GatherNUFFT2,24,4,0.035336626
GatherNUFFT2,24,5,0.04200159
GatherNUFFT2,24,6,0.045884771
GatherNUFFT2,24,7,0.03774364
GatherNUFFT2,24,8,0.040765433
GatherNUFFT2,24,9,0.048813904
GatherNUFFT2,24,10,0.034461488
GatherNUFFT2,24,11,0.043013997
GatherNUFFT2,24,12,0.046353679
GatherNUFFT2,24,13,0.039348637
GatherNUFFT2,24,14,0.039508986
GatherNUFFT2,24,15,0.044476984
GatherNUFFT2,24,16,0.038403079
GatherNUFFT2,24,17,0.034470669
GatherNUFFT2,24,18,0.043775936
GatherNUFFT2,24,19,0.039342826
GatherNUFFT2,24,20,0.037320872
GatherNUFFT2,24,21,0.047212618
GatherNUFFT2,24,22,0.036494533
GatherNUFFT2,24,23,0.0423629
GatherNUFFT2,24,24,0.043217977
GatherNUFFT2,24,25,0.042261909
GatherNUFFT2,24,26,0.0419494
GatherNUFFT2,24,27,0.041401301
GatherNUFFT2,24,28,0.035195586
GatherNUFFT2,24,29,0.042547279
mainTimer,25,0,21.264701625
dumpData,25,0,0.010951374
dumpData,25,1,0.011088874
dumpData,25,2,0.009972587
dumpData,25,3,0.010930014
dumpData,25,4,0.011453233
dumpData,25,5,0.011200753
dumpData,25,6,0.011120094
dumpData,25,7,0.010477975
dumpData,25,8,0.010918754
dumpData,25,9,0.010022046
kick,25,0,0.001876426
kick,25,1,0.001880415
kick,25,2,0.001853156
kick,25,3,0.001880735
kick,25,4,0.001850225
kick,25,5,0.001880675
kick,25,6,0.001878515
kick,25,7,0.001880256
kick,25,8,0.001852535
kick,25,9,0.001881555
kick,25,10,0.001838916
kick,25,11,0.001881106
kick,25,12,0.001850256
kick,25,13,0.001880435
kick,25,14,0.001848925
kick,25,15,0.001880976
kick,25,16,0.001863925
kick,25,17,0.001880175
kick,25,18,0.001853656
kick,25,19,0.001878305
drift,25,0,0.001832546
drift,25,1,0.001833375
drift,25,2,0.001831386
drift,25,3,0.001834316
drift,25,4,0.001831366
drift,25,5,0.001832895
drift,25,6,0.001832725
drift,25,7,0.001830456
drift,25,8,0.001830306
drift,25,9,0.001828525
particleBC,25,0,0.003721401
particleBC,25,1,0.003720641
particleBC,25,2,0.003720201
particleBC,25,3,0.003715401
particleBC,25,4,0.003721631
particleBC,25,5,0.003718351
particleBC,25,6,0.003718361
particleBC,25,7,0.003722231
particleBC,25,8,0.003722881
particleBC,25,9,0.003718632
updateParticle,25,0,0.014235966
updateParticle,25,1,0.012053822
updateParticle,25,2,0.014273716
updateParticle,25,3,0.013705487
updateParticle,25,4,0.011559503
updateParticle,25,5,0.013478618
updateParticle,25,6,0.012242591
updateParticle,25,7,0.011584053
updateParticle,25,8,0.012209691
updateParticle,25,9,0.011142093
locateParticles,25,0,0.001517296
locateParticles,25,1,0.001503107
locateParticles,25,2,0.001524276
locateParticles,25,3,0.001520286
locateParticles,25,4,0.001493827
locateParticles,25,5,0.001499277
locateParticles,25,6,0.001490377
locateParticles,25,7,0.001492197
locateParticles,25,8,0.001517657
locateParticles,25,9,0.001491316
sendPreprocess,25,0,0.000733858
sendPreprocess,25,1,0.000820188
sendPreprocess,25,2,0.000810619
sendPreprocess,25,3,0.000778228
sendPreprocess,25,4,0.000834578
sendPreprocess,25,5,0.000844518
sendPreprocess,25,6,0.000824498
sendPreprocess,25,7,0.000868588
sendPreprocess,25,8,0.000845588
sendPreprocess,25,9,0.000945648
particleSend,25,0,0.001218357
particleSend,25,1,0.001215457
particleSend,25,2,0.001334886
particleSend,25,3,0.001214978
particleSend,25,4,0.001214637
particleSend,25,5,0.001312467
particleSend,25,6,0.001259447
particleSend,25,7,0.001265437
particleSend,25,8,0.001277237
particleSend,25,9,0.001217977
particleRecv,25,0,3.37e-05
particleRecv,25,1,3.451e-05
particleRecv,25,2,3.068e-05
particleRecv,25,3,3.448e-05
particleRecv,25,4,2.798e-05
particleRecv,25,5,3.211e-05
particleRecv,25,6,3.833e-05
particleRecv,25,7,4.8339e-05
particleRecv,25,8,3.7199e-05
particleRecv,25,9,2.902e-05
particleDestroy,25,0,0.005052858
particleDestroy,25,1,0.005076758
particleDestroy,25,2,0.005081148
particleDestroy,25,3,0.005057948
particleDestroy,25,4,0.005047198
particleDestroy,25,5,0.005055368
particleDestroy,25,6,0.005048668
particleDestroy,25,7,0.005097978
particleDestroy,25,8,0.005064228
particleDestroy,25,9,0.005044498
ScatterPIFNUFFT,25,0,0.51307014
ScatterPIFNUFFT,25,1,0.001108507
ScatterPIFNUFFT,25,2,0.514432087
ScatterPIFNUFFT,25,3,0.001108257
ScatterPIFNUFFT,25,4,0.510897606
ScatterPIFNUFFT,25,5,0.001112217
ScatterPIFNUFFT,25,6,0.50898331
ScatterPIFNUFFT,25,7,0.001105568
ScatterPIFNUFFT,25,8,0.516343482
ScatterPIFNUFFT,25,9,0.001103268
ScatterPIFNUFFT,25,10,0.518450228
ScatterPIFNUFFT,25,11,0.001106597
ScatterPIFNUFFT,25,12,0.520354132
ScatterPIFNUFFT,25,13,0.001109278
ScatterPIFNUFFT,25,14,0.519726144
ScatterPIFNUFFT,25,15,0.001106598
ScatterPIFNUFFT,25,16,0.513632559
ScatterPIFNUFFT,25,17,0.001108668
ScatterPIFNUFFT,25,18,0.507997602
ScatterPIFNUFFT,25,19,0.001109767
NativeNUFFT1,25,0,0.50898554
NativeNUFFT1,25,1,0.510202277
NativeNUFFT1,25,2,0.506370786
NativeNUFFT1,25,3,0.504887909
NativeNUFFT1,25,4,0.512255122
NativeNUFFT1,25,5,0.514388497
NativeNUFFT1,25,6,0.516153112
NativeNUFFT1,25,7,0.515519744
NativeNUFFT1,25,8,0.50890756
NativeNUFFT1,25,9,0.503371164
scatterTimerNUFFT1,25,0,0.039503436
scatterTimerNUFFT1,25,1,0.039226106
scatterTimerNUFFT1,25,2,0.038478988
scatterTimerNUFFT1,25,3,0.038784497
scatterTimerNUFFT1,25,4,0.041107422
scatterTimerNUFFT1,25,5,0.038562118
scatterTimerNUFFT1,25,6,0.039159066
scatterTimerNUFFT1,25,7,0.039102077
scatterTimerNUFFT1,25,8,0.038572758
scatterTimerNUFFT1,25,9,0.038785768
binSort,25,0,0.009326968
binSort,25,1,0.009382037
binSort,25,2,0.009379068
binSort,25,3,0.009387838
binSort,25,4,0.009342827
binSort,25,5,0.009387827
binSort,25,6,0.009383238
binSort,25,7,0.009373988
binSort,25,8,0.009333367
binSort,25,9,0.009390607
binSort,25,10,0.009382798
binSort,25,11,0.009371398
binSort,25,12,0.009338118
binSort,25,13,0.009394318
binSort,25,14,0.009395487
binSort,25,15,0.009386088
binSort,25,16,0.009343378
binSort,25,17,0.009387318
binSort,25,18,0.009377418
binSort,25,19,0.009384847
binSort,25,20,0.009333318
binSort,25,21,0.009395668
binSort,25,22,0.009367408
binSort,25,23,0.009386018
binSort,25,24,0.009335497
binSort,25,25,0.009383428
binSort,25,26,0.009377068
binSort,25,27,0.009379978
binSort,25,28,0.009334278
binSort,25,29,0.009379048
binSort,25,30,0.009372428
binSort,25,31,0.009376187
binSort,25,32,0.009364208
binSort,25,33,0.009371048
binSort,25,34,0.009361318
binSort,25,35,0.009369958
binSort,25,36,0.009348158
binSort,25,37,0.009382718
binSort,25,38,0.009365388
binSort,25,39,0.009378087
binComputeKeys,25,0,0.001015708
binComputeKeys,25,1,0.001019557
binComputeKeys,25,2,0.001019388
binComputeKeys,25,3,0.001017758
binComputeKeys,25,4,0.001018967
binComputeKeys,25,5,0.001018877
binComputeKeys,25,6,0.001021728
binComputeKeys,25,7,0.001017648
binComputeKeys,25,8,0.001013547
binComputeKeys,25,9,0.001019347
binComputeKeys,25,10,0.001018357
binComputeKeys,25,11,0.001016278
binComputeKeys,25,12,0.001015637
binComputeKeys,25,13,0.001016958
binComputeKeys,25,14,0.001020567
binComputeKeys,25,15,0.001020178
binComputeKeys,25,16,0.001018718
binComputeKeys,25,17,0.001018887
binComputeKeys,25,18,0.001019948
binComputeKeys,25,19,0.001019867
binComputeKeys,25,20,0.001014767
binComputeKeys,25,21,0.001017748
binComputeKeys,25,22,0.001018248
binComputeKeys,25,23,0.001018978
binComputeKeys,25,24,0.001015277
binComputeKeys,25,25,0.001015838
binComputeKeys,25,26,0.001017648
binComputeKeys,25,27,0.001019688
binComputeKeys,25,28,0.001016507
binComputeKeys,25,29,0.001018398
binComputeKeys,25,30,0.001021278
binComputeKeys,25,31,0.001017477
binComputeKeys,25,32,0.001017988
binComputeKeys,25,33,0.001018588
binComputeKeys,25,34,0.001017847
binComputeKeys,25,35,0.001020267
binComputeKeys,25,36,0.001014518
binComputeKeys,25,37,0.001017278
binComputeKeys,25,38,0.001019008
binComputeKeys,25,39,0.001015597
binSortByKey,25,0,0.008052591
binSortByKey,25,1,0.008098571
binSortByKey,25,2,0.008097051
binSortByKey,25,3,0.008106731
binSortByKey,25,4,0.008066071
binSortByKey,25,5,0.008106451
binSortByKey,25,6,0.00809923
binSortByKey,25,7,0.008092591
binSortByKey,25,8,0.008060201
binSortByKey,25,9,0.008105981
binSortByKey,25,10,0.008101031
binSortByKey,25,11,0.00808999
binSortByKey,25,12,0.008063601
binSortByKey,25,13,0.00811108
binSortByKey,25,14,0.008112681
binSortByKey,25,15,0.008104061
binSortByKey,25,16,0.00805928
binSortByKey,25,17,0.008104991
binSortByKey,25,18,0.008094091
binSortByKey,25,19,0.008101721
binSortByKey,25,20,0.008058091
binSortByKey,25,21,0.008115541
binSortByKey,25,22,0.008085771
binSortByKey,25,23,0.008104321
binSortByKey,25,24,0.008062191
binSortByKey,25,25,0.008104661
binSortByKey,25,26,0.008096081
binSortByKey,25,27,0.008098021
binSortByKey,25,28,0.008059571
binSortByKey,25,29,0.00809823
binSortByKey,25,30,0.00808838
binSortByKey,25,31,0.008095011
binSortByKey,25,32,0.00808184
binSortByKey,25,33,0.0080897
binSortByKey,25,34,0.008081191
binSortByKey,25,35,0.008087161
binSortByKey,25,36,0.008075541
binSortByKey,25,37,0.00810202
binSortByKey,25,38,0.008083371
binSortByKey,25,39,0.008099301
binComputeOffsets,25,0,0.000249389
binComputeOffsets,25,1,0.000254529
binComputeOffsets,25,2,0.00025326
binComputeOffsets,25,3,0.000253739
binComputeOffsets,25,4,0.000248589
binComputeOffsets,25,5,0.000253289
binComputeOffsets,25,6,0.00025297
binComputeOffsets,25,7,0.000253859
binComputeOffsets,25,8,0.000249999
binComputeOffsets,25,9,0.000255019
binComputeOffsets,25,10,0.00025411
binComputeOffsets,25,11,0.00025531
binComputeOffsets,25,12,0.00024966
binComputeOffsets,25,13,0.00025641
binComputeOffsets,25,14,0.000252979
binComputeOffsets,25,15,0.000252259
binComputeOffsets,25,16,0.00025508
binComputeOffsets,25,17,0.00025355
binComputeOffsets,25,18,0.000253299
binComputeOffsets,25,19,0.000253209
binComputeOffsets,25,20,0.0002493
binComputeOffsets,25,21,0.000253079
binComputeOffsets,25,22,0.000253769
binComputeOffsets,25,23,0.000252589
binComputeOffsets,25,24,0.000248799
binComputeOffsets,25,25,0.000253539
binComputeOffsets,25,26,0.000253219
binComputeOffsets,25,27,0.000252999
binComputeOffsets,25,28,0.00024898
binComputeOffsets,25,29,0.00025273
binComputeOffsets,25,30,0.00025294
binComputeOffsets,25,31,0.000254209
binComputeOffsets,25,32,0.00024947
binComputeOffsets,25,33,0.00025293
binComputeOffsets,25,34,0.00025244
binComputeOffsets,25,35,0.00025309
binComputeOffsets,25,36,0.000248839
binComputeOffsets,25,37,0.00025386
binComputeOffsets,25,38,0.000253089
binComputeOffsets,25,39,0.000252829
FFTNUFFT1,25,0,0.469008995
FFTNUFFT1,25,1,0.470498342
FFTNUFFT1,25,2,0.467403599
FFTNUFFT1,25,3,0.465623474
FFTNUFFT1,25,4,0.470665721
FFTNUFFT1,25,5,0.47535023
FFTNUFFT1,25,6,0.476518797
FFTNUFFT1,25,7,0.475939688
FFTNUFFT1,25,8,0.469848373
FFTNUFFT1,25,9,0.464110017
deconvolutionNUFFT1,25,0,0.000461739
deconvolutionNUFFT1,25,1,0.000465009
deconvolutionNUFFT1,25,2,0.000476559
deconvolutionNUFFT1,25,3,0.000467849
deconvolutionNUFFT1,25,4,0.000469689
deconvolutionNUFFT1,25,5,0.000464059
deconvolutionNUFFT1,25,6,0.000463239
deconvolutionNUFFT1,25,7,0.000466549
deconvolutionNUFFT1,25,8,0.000471309
deconvolutionNUFFT1,25,9,0.000463959
GatherPIFNUFFT,25,0,1.570796165
GatherPIFNUFFT,25,1,1.575458585
GatherPIFNUFFT,25,2,1.579657445
GatherPIFNUFFT,25,3,1.579811874
GatherPIFNUFFT,25,4,1.572302222
GatherPIFNUFFT,25,5,1.568494801
GatherPIFNUFFT,25,6,1.566711485
GatherPIFNUFFT,25,7,1.569614038
GatherPIFNUFFT,25,8,1.573589869
GatherPIFNUFFT,25,9,1.579302005
NativeNUFFT2,25,0,0.526360979
NativeNUFFT2,25,1,0.513694259
NativeNUFFT2,25,2,0.515087406
NativeNUFFT2,25,3,0.53023265
NativeNUFFT2,25,4,0.514126508
NativeNUFFT2,25,5,0.515245715
NativeNUFFT2,25,6,0.532102775
NativeNUFFT2,25,7,0.514416127
NativeNUFFT2,25,8,0.51750003
NativeNUFFT2,25,9,0.534806728
NativeNUFFT2,25,10,0.51282271
NativeNUFFT2,25,11,0.516446202
NativeNUFFT2,25,12,0.53006484
NativeNUFFT2,25,13,0.512350882
NativeNUFFT2,25,14,0.513865868
NativeNUFFT2,25,15,0.523395976
NativeNUFFT2,25,16,0.515492294
NativeNUFFT2,25,17,0.513978688
NativeNUFFT2,25,18,0.526128049
NativeNUFFT2,25,19,0.512102703
NativeNUFFT2,25,20,0.512841431
NativeNUFFT2,25,21,0.526162829
NativeNUFFT2,25,22,0.51280734
NativeNUFFT2,25,23,0.515001095
NativeNUFFT2,25,24,0.528763063
NativeNUFFT2,25,25,0.514932886
NativeNUFFT2,25,26,0.514257157
NativeNUFFT2,25,27,0.53416788
NativeNUFFT2,25,28,0.514149678
NativeNUFFT2,25,29,0.515340975
PrecorrectionNUFFT2,25,0,0.000890458
PrecorrectionNUFFT2,25,1,0.000864618
PrecorrectionNUFFT2,25,2,0.000862918
PrecorrectionNUFFT2,25,3,0.000892318
PrecorrectionNUFFT2,25,4,0.000863848
PrecorrectionNUFFT2,25,5,0.000864258
PrecorrectionNUFFT2,25,6,0.000884938
PrecorrectionNUFFT2,25,7,0.000860368
PrecorrectionNUFFT2,25,8,0.000873108
PrecorrectionNUFFT2,25,9,0.000890088
PrecorrectionNUFFT2,25,10,0.000869238
PrecorrectionNUFFT2,25,11,0.000871468
PrecorrectionNUFFT2,25,12,0.000883748
PrecorrectionNUFFT2,25,13,0.000864028
PrecorrectionNUFFT2,25,14,0.000860118
PrecorrectionNUFFT2,25,15,0.000888358
PrecorrectionNUFFT2,25,16,0.000863508
PrecorrectionNUFFT2,25,17,0.000864678
PrecorrectionNUFFT2,25,18,0.000886508
PrecorrectionNUFFT2,25,19,0.000871788
PrecorrectionNUFFT2,25,20,0.000858928
PrecorrectionNUFFT2,25,21,0.000888978
PrecorrectionNUFFT2,25,22,0.000862798
PrecorrectionNUFFT2,25,23,0.000865038
PrecorrectionNUFFT2,25,24,0.000888828
PrecorrectionNUFFT2,25,25,0.000862928
PrecorrectionNUFFT2,25,26,0.000862727
PrecorrectionNUFFT2,25,27,0.000888568
PrecorrectionNUFFT2,25,28,0.000863978
PrecorrectionNUFFT2,25,29,0.000863288
FFTNUFFT2,25,0,0.483460381
FFTNUFFT2,25,1,0.470683011
FFTNUFFT2,25,2,0.471384619
FFTNUFFT2,25,3,0.475050171
FFTNUFFT2,25,4,0.473914863
FFTNUFFT2,25,5,0.469945433
FFTNUFFT2,25,6,0.484562238
FFTNUFFT2,25,7,0.471569189
FFTNUFFT2,25,8,0.471629239
FFTNUFFT2,25,9,0.497458637
FFTNUFFT2,25,10,0.469348504
FFTNUFFT2,25,11,0.47958865
FFTNUFFT2,25,12,0.490979583
FFTNUFFT2,25,13,0.470750751
FFTNUFFT2,25,14,0.471856958
FFTNUFFT2,25,15,0.480935237
FFTNUFFT2,25,16,0.473426974
FFTNUFFT2,25,17,0.475436519
FFTNUFFT2,25,18,0.474858011
FFTNUFFT2,25,19,0.471721599
FFTNUFFT2,25,20,0.469918773
FFTNUFFT2,25,21,0.481674635
FFTNUFFT2,25,22,0.471274939
FFTNUFFT2,25,23,0.472350647
FFTNUFFT2,25,24,0.485023367
FFTNUFFT2,25,25,0.47132263
FFTNUFFT2,25,26,0.471717069
FFTNUFFT2,25,27,0.485139427
FFTNUFFT2,25,28,0.475943598
FFTNUFFT2,25,29,0.468962435
GatherNUFFT2,25,0,0.04199086
GatherNUFFT2,25,1,0.04212616
GatherNUFFT2,25,2,0.042819039
GatherNUFFT2,25,3,0.054269811
GatherNUFFT2,25,4,0.039327297
GatherNUFFT2,25,5,0.044416154
GatherNUFFT2,25,6,0.046635669
GatherNUFFT2,25,7,0.04196675
GatherNUFFT2,25,8,0.044977323
GatherNUFFT2,25,9,0.036437883
GatherNUFFT2,25,10,0.042584409
GatherNUFFT2,25,11,0.035965995
GatherNUFFT2,25,12,0.038181299
GatherNUFFT2,25,13,0.040715533
GatherNUFFT2,25,14,0.041129132
GatherNUFFT2,25,15,0.041552161
GatherNUFFT2,25,16,0.041162272
GatherNUFFT2,25,17,0.037658121
GatherNUFFT2,25,18,0.05036223
GatherNUFFT2,25,19,0.039489737
GatherNUFFT2,25,20,0.04203873
GatherNUFFT2,25,21,0.043579926
GatherNUFFT2,25,22,0.040647673
GatherNUFFT2,25,23,0.0417646
GatherNUFFT2,25,24,0.042830258
GatherNUFFT2,25,25,0.042727148
GatherNUFFT2,25,26,0.041652391
GatherNUFFT2,25,27,0.048119986
GatherNUFFT2,25,28,0.037320842
GatherNUFFT2,25,29,0.045493202
mainTimer,26,0,21.264701795
dumpData,26,0,0.011850402
dumpData,26,1,0.011997182
dumpData,26,2,0.011686533
dumpData,26,3,0.011827332
dumpData,26,4,0.010531945
dumpData,26,5,0.012105131
dumpData,26,6,0.010428495
dumpData,26,7,0.011306593
dumpData,26,8,0.011915691
dumpData,26,9,0.011697512
kick,26,0,0.001833636
kick,26,1,0.001882445
kick,26,2,0.001831056
kick,26,3,0.001881095
kick,26,4,0.001822765
kick,26,5,0.001882135
kick,26,6,0.001833425
kick,26,7,0.001881456
kick,26,8,0.001829385
kick,26,9,0.001882095
kick,26,10,0.001860656
kick,26,11,0.001880746
kick,26,12,0.001821746
kick,26,13,0.001880606
kick,26,14,0.001864085
kick,26,15,0.001880196
kick,26,16,0.001845005
kick,26,17,0.001880866
kick,26,18,0.001827456
kick,26,19,0.001882265
drift,26,0,0.001831856
drift,26,1,0.001833225
drift,26,2,0.001831706
drift,26,3,0.001835946
drift,26,4,0.001829966
drift,26,5,0.001830865
drift,26,6,0.001832985
drift,26,7,0.001828466
drift,26,8,0.001830196
drift,26,9,0.001829225
particleBC,26,0,0.003719721
particleBC,26,1,0.003713861
particleBC,26,2,0.003716321
particleBC,26,3,0.003716061
particleBC,26,4,0.003715001
particleBC,26,5,0.003717951
particleBC,26,6,0.003717832
particleBC,26,7,0.003720901
particleBC,26,8,0.003721411
particleBC,26,9,0.003717962
updateParticle,26,0,0.014215426
updateParticle,26,1,0.011671683
updateParticle,26,2,0.014378656
updateParticle,26,3,0.0127678
updateParticle,26,4,0.012002072
updateParticle,26,5,0.012469281
updateParticle,26,6,0.011412992
updateParticle,26,7,0.011017124
updateParticle,26,8,0.011916582
updateParticle,26,9,0.011072563
locateParticles,26,0,0.001506756
locateParticles,26,1,0.001524197
locateParticles,26,2,0.001531077
locateParticles,26,3,0.001515186
locateParticles,26,4,0.001507077
locateParticles,26,5,0.001531527
locateParticles,26,6,0.001509526
locateParticles,26,7,0.001527627
locateParticles,26,8,0.001505667
locateParticles,26,9,0.001509026
sendPreprocess,26,0,0.000796498
sendPreprocess,26,1,0.000832438
sendPreprocess,26,2,0.000833498
sendPreprocess,26,3,0.000831478
sendPreprocess,26,4,0.000856798
sendPreprocess,26,5,0.000783118
sendPreprocess,26,6,0.000839798
sendPreprocess,26,7,0.000823648
sendPreprocess,26,8,0.000880838
sendPreprocess,26,9,0.000956218
particleSend,26,0,0.001292677
particleSend,26,1,0.001281257
particleSend,26,2,0.001281176
particleSend,26,3,0.001279587
particleSend,26,4,0.001330676
particleSend,26,5,0.001244107
particleSend,26,6,0.001299287
particleSend,26,7,0.001327706
particleSend,26,8,0.001230867
particleSend,26,9,0.001288907
particleRecv,26,0,3.531e-05
particleRecv,26,1,3.441e-05
particleRecv,26,2,3.304e-05
particleRecv,26,3,4.632e-05
particleRecv,26,4,3.335e-05
particleRecv,26,5,3.149e-05
particleRecv,26,6,3.379e-05
particleRecv,26,7,3.296e-05
particleRecv,26,8,3.69e-05
particleRecv,26,9,3.154e-05
particleDestroy,26,0,0.005123918
particleDestroy,26,1,0.005152367
particleDestroy,26,2,0.005136578
particleDestroy,26,3,0.005128638
particleDestroy,26,4,0.005129258
particleDestroy,26,5,0.005140518
particleDestroy,26,6,0.005144348
particleDestroy,26,7,0.005125168
particleDestroy,26,8,0.005136407
particleDestroy,26,9,0.005108977
ScatterPIFNUFFT,26,0,0.511805483
ScatterPIFNUFFT,26,1,0.001113808
ScatterPIFNUFFT,26,2,0.516050223
ScatterPIFNUFFT,26,3,0.001118767
ScatterPIFNUFFT,26,4,0.513627049
ScatterPIFNUFFT,26,5,0.001113197
ScatterPIFNUFFT,26,6,0.510092267
ScatterPIFNUFFT,26,7,0.001112887
ScatterPIFNUFFT,26,8,0.507053654
ScatterPIFNUFFT,26,9,0.001116608
ScatterPIFNUFFT,26,10,0.515972083
ScatterPIFNUFFT,26,11,0.001117018
ScatterPIFNUFFT,26,12,0.51736753
ScatterPIFNUFFT,26,13,0.001117197
ScatterPIFNUFFT,26,14,0.50914515
ScatterPIFNUFFT,26,15,0.001112567
ScatterPIFNUFFT,26,16,0.516051873
ScatterPIFNUFFT,26,17,0.001114628
ScatterPIFNUFFT,26,18,0.506829446
ScatterPIFNUFFT,26,19,0.001116067
NativeNUFFT1,26,0,0.507677533
NativeNUFFT1,26,1,0.511937823
NativeNUFFT1,26,2,0.50914449
NativeNUFFT1,26,3,0.506305796
NativeNUFFT1,26,4,0.503164904
NativeNUFFT1,26,5,0.511257064
NativeNUFFT1,26,6,0.51318441
NativeNUFFT1,26,7,0.504525261
NativeNUFFT1,26,8,0.511157865
NativeNUFFT1,26,9,0.502159556
scatterTimerNUFFT1,26,0,0.039078997
scatterTimerNUFFT1,26,1,0.040039955
scatterTimerNUFFT1,26,2,0.038290699
scatterTimerNUFFT1,26,3,0.040390774
scatterTimerNUFFT1,26,4,0.040039465
scatterTimerNUFFT1,26,5,0.038724017
scatterTimerNUFFT1,26,6,0.040454253
scatterTimerNUFFT1,26,7,0.039692716
scatterTimerNUFFT1,26,8,0.038518409
scatterTimerNUFFT1,26,9,0.038652788
binSort,26,0,0.009332488
binSort,26,1,0.009401888
binSort,26,2,0.009379008
binSort,26,3,0.009382418
binSort,26,4,0.009342018
binSort,26,5,0.009389168
binSort,26,6,0.009386588
binSort,26,7,0.009384208
binSort,26,8,0.009353418
binSort,26,9,0.009378247
binSort,26,10,0.009376908
binSort,26,11,0.009386108
binSort,26,12,0.009350058
binSort,26,13,0.009402448
binSort,26,14,0.009386237
binSort,26,15,0.009377927
binSort,26,16,0.009341228
binSort,26,17,0.009386877
binSort,26,18,0.009389047
binSort,26,19,0.009385498
binSort,26,20,0.009355147
binSort,26,21,0.009385137
binSort,26,22,0.009384588
binSort,26,23,0.009373368
binSort,26,24,0.009364727
binSort,26,25,0.009384628
binSort,26,26,0.009378147
binSort,26,27,0.009386568
binSort,26,28,0.009350218
binSort,26,29,0.009401027
binSort,26,30,0.009366158
binSort,26,31,0.009397178
binSort,26,32,0.009353368
binSort,26,33,0.009374128
binSort,26,34,0.009377698
binSort,26,35,0.009374448
binSort,26,36,0.009358508
binSort,26,37,0.009376888
binSort,26,38,0.009376078
binSort,26,39,0.009376267
binComputeKeys,26,0,0.001014988
binComputeKeys,26,1,0.001020117
binComputeKeys,26,2,0.001018528
binComputeKeys,26,3,0.001018418
binComputeKeys,26,4,0.001016338
binComputeKeys,26,5,0.001019908
binComputeKeys,26,6,0.001017518
binComputeKeys,26,7,0.001020217
binComputeKeys,26,8,0.001014158
binComputeKeys,26,9,0.001020907
binComputeKeys,26,10,0.001015727
binComputeKeys,26,11,0.001017288
binComputeKeys,26,12,0.001016767
binComputeKeys,26,13,0.001017828
binComputeKeys,26,14,0.001022067
binComputeKeys,26,15,0.001020767
binComputeKeys,26,16,0.001014378
binComputeKeys,26,17,0.001022057
binComputeKeys,26,18,0.001019697
binComputeKeys,26,19,0.001024118
binComputeKeys,26,20,0.001017907
binComputeKeys,26,21,0.001018417
binComputeKeys,26,22,0.001019258
binComputeKeys,26,23,0.001019588
binComputeKeys,26,24,0.001017627
binComputeKeys,26,25,0.001019668
binComputeKeys,26,26,0.001017227
binComputeKeys,26,27,0.001018198
binComputeKeys,26,28,0.001014788
binComputeKeys,26,29,0.001018147
binComputeKeys,26,30,0.001018418
binComputeKeys,26,31,0.001019838
binComputeKeys,26,32,0.001019398
binComputeKeys,26,33,0.001021118
binComputeKeys,26,34,0.001016638
binComputeKeys,26,35,0.001020598
binComputeKeys,26,36,0.001015468
binComputeKeys,26,37,0.001018648
binComputeKeys,26,38,0.001017608
binComputeKeys,26,39,0.001020117
binSortByKey,26,0,0.008058031
binSortByKey,26,1,0.008114791
binSortByKey,26,2,0.008095851
binSortByKey,26,3,0.008099251
binSortByKey,26,4,0.00806687
binSortByKey,26,5,0.00810518
binSortByKey,26,6,0.0081046
binSortByKey,26,7,0.008100541
binSortByKey,26,8,0.008079771
binSortByKey,26,9,0.008093251
binSortByKey,26,10,0.008097781
binSortByKey,26,11,0.00810257
binSortByKey,26,12,0.008074111
binSortByKey,26,13,0.008115141
binSortByKey,26,14,0.008100801
binSortByKey,26,15,0.008093911
binSortByKey,26,16,0.008066271
binSortByKey,26,17,0.008100221
binSortByKey,26,18,0.008105021
binSortByKey,26,19,0.008096791
binSortByKey,26,20,0.008076881
binSortByKey,26,21,0.008103011
binSortByKey,26,22,0.008099621
binSortByKey,26,23,0.00809038
binSortByKey,26,24,0.008086521
binSortByKey,26,25,0.00810094
binSortByKey,26,26,0.008095841
binSortByKey,26,27,0.008099511
binSortByKey,26,28,0.008075821
binSortByKey,26,29,0.008116971
binSortByKey,26,30,0.00808475
binSortByKey,26,31,0.00811341
binSortByKey,26,32,0.008073741
binSortByKey,26,33,0.008087121
binSortByKey,26,34,0.008097121
binSortByKey,26,35,0.008089931
binSortByKey,26,36,0.008083411
binSortByKey,26,37,0.00809262
binSortByKey,26,38,0.00809323
binSortByKey,26,39,0.008091951
binComputeOffsets,26,0,0.000249019
binComputeOffsets,26,1,0.00025664
binComputeOffsets,26,2,0.000254579
binComputeOffsets,26,3,0.000255029
binComputeOffsets,26,4,0.00024917
binComputeOffsets,26,5,0.00025446
binComputeOffsets,26,6,0.00025476
binComputeOffsets,26,7,0.00025397
binComputeOffsets,26,8,0.000249829
binComputeOffsets,26,9,0.000254699
binComputeOffsets,26,10,0.00025317
binComputeOffsets,26,11,0.00025561
binComputeOffsets,26,12,0.00024989
binComputeOffsets,26,13,0.000256979
binComputeOffsets,26,14,0.000254069
binComputeOffsets,26,15,0.000253919
binComputeOffsets,26,16,0.000249889
binComputeOffsets,26,17,0.000254059
binComputeOffsets,26,18,0.000254339
binComputeOffsets,26,19,0.000254709
binComputeOffsets,26,20,0.000249789
binComputeOffsets,26,21,0.000254169
binComputeOffsets,26,22,0.000255059
binComputeOffsets,26,23,0.000254
binComputeOffsets,26,24,0.000250039
binComputeOffsets,26,25,0.00025448
binComputeOffsets,26,26,0.000255599
binComputeOffsets,26,27,0.000254309
binComputeOffsets,26,28,0.000249789
binComputeOffsets,26,29,0.000255109
binComputeOffsets,26,30,0.00025315
binComputeOffsets,26,31,0.0002542
binComputeOffsets,26,32,0.000249199
binComputeOffsets,26,33,0.000255659
binComputeOffsets,26,34,0.000254399
binComputeOffsets,26,35,0.000253839
binComputeOffsets,26,36,0.000250289
binComputeOffsets,26,37,0.00025617
binComputeOffsets,26,38,0.00025523
binComputeOffsets,26,39,0.000254089
FFTNUFFT1,26,0,0.468118117
FFTNUFFT1,26,1,0.471416049
FFTNUFFT1,26,2,0.470373802
FFTNUFFT1,26,3,0.465432423
FFTNUFFT1,26,4,0.46264992
FFTNUFFT1,26,5,0.472058638
FFTNUFFT1,26,6,0.472260338
FFTNUFFT1,26,7,0.464347926
FFTNUFFT1,26,8,0.472159007
FFTNUFFT1,26,9,0.46301974
deconvolutionNUFFT1,26,0,0.000469339
deconvolutionNUFFT1,26,1,0.000470369
deconvolutionNUFFT1,26,2,0.000468809
deconvolutionNUFFT1,26,3,0.000471179
deconvolutionNUFFT1,26,4,0.000462719
deconvolutionNUFFT1,26,5,0.000462729
deconvolutionNUFFT1,26,6,0.000458389
deconvolutionNUFFT1,26,7,0.000473499
deconvolutionNUFFT1,26,8,0.000465919
deconvolutionNUFFT1,26,9,0.000475888
GatherPIFNUFFT,26,0,1.571224895
GatherPIFNUFFT,26,1,1.573554449
GatherPIFNUFFT,26,2,1.575793494
GatherPIFNUFFT,26,3,1.578872887
GatherPIFNUFFT,26,4,1.58151945
GatherPIFNUFFT,26,5,1.570990985
GatherPIFNUFFT,26,6,1.570632636
GatherPIFNUFFT,26,7,1.580555352
GatherPIFNUFFT,26,8,1.570348826
GatherPIFNUFFT,26,9,1.579561145
NativeNUFFT2,26,0,0.527877045
NativeNUFFT2,26,1,0.512365852
NativeNUFFT2,26,2,0.515051695
NativeNUFFT2,26,3,0.529206372
NativeNUFFT2,26,4,0.514558037
NativeNUFFT2,26,5,0.514127398
NativeNUFFT2,26,6,0.528529054
NativeNUFFT2,26,7,0.514095518
NativeNUFFT2,26,8,0.517515319
NativeNUFFT2,26,9,0.533426702
NativeNUFFT2,26,10,0.514272478
NativeNUFFT2,26,11,0.515535244
NativeNUFFT2,26,12,0.537959441
NativeNUFFT2,26,13,0.51305671
NativeNUFFT2,26,14,0.514581437
NativeNUFFT2,26,15,0.52609252
NativeNUFFT2,26,16,0.515445164
NativeNUFFT2,26,17,0.513789138
NativeNUFFT2,26,18,0.529209442
NativeNUFFT2,26,19,0.511881003
NativeNUFFT2,26,20,0.513904848
NativeNUFFT2,26,21,0.536977733
NativeNUFFT2,26,22,0.512860521
NativeNUFFT2,26,23,0.515062036
NativeNUFFT2,26,24,0.525647131
NativeNUFFT2,26,25,0.514898926
NativeNUFFT2,26,26,0.514156138
NativeNUFFT2,26,27,0.535507237
NativeNUFFT2,26,28,0.514157708
NativeNUFFT2,26,29,0.513939488
PrecorrectionNUFFT2,26,0,0.000887448
PrecorrectionNUFFT2,26,1,0.000867748
PrecorrectionNUFFT2,26,2,0.000865928
PrecorrectionNUFFT2,26,3,0.000890798
PrecorrectionNUFFT2,26,4,0.000861548
PrecorrectionNUFFT2,26,5,0.000870638
PrecorrectionNUFFT2,26,6,0.000893948
PrecorrectionNUFFT2,26,7,0.000867278
PrecorrectionNUFFT2,26,8,0.000863778
PrecorrectionNUFFT2,26,9,0.000886278
PrecorrectionNUFFT2,26,10,0.000861588
PrecorrectionNUFFT2,26,11,0.000869538
PrecorrectionNUFFT2,26,12,0.000886978
PrecorrectionNUFFT2,26,13,0.000863498
PrecorrectionNUFFT2,26,14,0.000866318
PrecorrectionNUFFT2,26,15,0.000891498
PrecorrectionNUFFT2,26,16,0.000870898
PrecorrectionNUFFT2,26,17,0.000867717
PrecorrectionNUFFT2,26,18,0.000885938
PrecorrectionNUFFT2,26,19,0.000864858
PrecorrectionNUFFT2,26,20,0.000863448
PrecorrectionNUFFT2,26,21,0.000893208
PrecorrectionNUFFT2,26,22,0.000869098
PrecorrectionNUFFT2,26,23,0.000862538
PrecorrectionNUFFT2,26,24,0.000885058
PrecorrectionNUFFT2,26,25,0.000863548
PrecorrectionNUFFT2,26,26,0.000864038
PrecorrectionNUFFT2,26,27,0.000884788
PrecorrectionNUFFT2,26,28,0.000862838
PrecorrectionNUFFT2,26,29,0.000867778
FFTNUFFT2,26,0,0.480546568
FFTNUFFT2,26,1,0.467405658
FFTNUFFT2,26,2,0.479726469
FFTNUFFT2,26,3,0.475612719
FFTNUFFT2,26,4,0.476059948
FFTNUFFT2,26,5,0.464379556
FFTNUFFT2,26,6,0.473698194
FFTNUFFT2,26,7,0.469738543
FFTNUFFT2,26,8,0.468827145
FFTNUFFT2,26,9,0.483091631
FFTNUFFT2,26,10,0.472594087
FFTNUFFT2,26,11,0.466077812
FFTNUFFT2,26,12,0.480711887
FFTNUFFT2,26,13,0.472020178
FFTNUFFT2,26,14,0.466517541
FFTNUFFT2,26,15,0.478038954
FFTNUFFT2,26,16,0.461459123
FFTNUFFT2,26,17,0.465746813
FFTNUFFT2,26,18,0.480111198
FFTNUFFT2,26,19,0.469819773
FFTNUFFT2,26,20,0.468826165
FFTNUFFT2,26,21,0.487410111
FFTNUFFT2,26,22,0.468610356
FFTNUFFT2,26,23,0.464016607
FFTNUFFT2,26,24,0.476421767
FFTNUFFT2,26,25,0.471688568
FFTNUFFT2,26,26,0.465798812
FFTNUFFT2,26,27,0.486059634
FFTNUFFT2,26,28,0.469802953
FFTNUFFT2,26,29,0.469825073
GatherNUFFT2,26,0,0.046423659
GatherNUFFT2,26,1,0.044072066
GatherNUFFT2,26,2,0.034439128
GatherNUFFT2,26,3,0.052682415
GatherNUFFT2,26,4,0.037617111
GatherNUFFT2,26,5,0.048857184
GatherNUFFT2,26,6,0.053916752
GatherNUFFT2,26,7,0.043470247
GatherNUFFT2,26,8,0.047804726
GatherNUFFT2,26,9,0.049429393
GatherNUFFT2,26,10,0.040797573
GatherNUFFT2,26,11,0.048568384
GatherNUFFT2,26,12,0.056341056
GatherNUFFT2,26,13,0.040153034
GatherNUFFT2,26,14,0.047177508
GatherNUFFT2,26,15,0.047142448
GatherNUFFT2,26,16,0.053094324
GatherNUFFT2,26,17,0.047154938
GatherNUFFT2,26,18,0.048193426
GatherNUFFT2,26,19,0.041176102
GatherNUFFT2,26,20,0.044195785
GatherNUFFT2,26,21,0.048655454
GatherNUFFT2,26,22,0.043361337
GatherNUFFT2,26,23,0.050162661
GatherNUFFT2,26,24,0.048320756
GatherNUFFT2,26,25,0.04232709
GatherNUFFT2,26,26,0.047473318
GatherNUFFT2,26,27,0.048543725
GatherNUFFT2,26,28,0.043472527
GatherNUFFT2,26,29,0.043227457
mainTimer,27,0,21.264702095
dumpData,27,0,0.009909276
dumpData,27,1,0.009911107
dumpData,27,2,0.010510165
dumpData,27,3,0.009893797
dumpData,27,4,0.009472097
dumpData,27,5,0.010160866
dumpData,27,6,0.00863577
dumpData,27,7,0.009554977
dumpData,27,8,0.010072096
dumpData,27,9,0.010565114
kick,27,0,0.001972036
kick,27,1,0.002004726
kick,27,2,0.001988925
kick,27,3,0.002003135
kick,27,4,0.001990295
kick,27,5,0.002002736
kick,27,6,0.001973505
kick,27,7,0.002003475
kick,27,8,0.001990915
kick,27,9,0.002001656
kick,27,10,0.001993735
kick,27,11,0.002003205
kick,27,12,0.001982205
kick,27,13,0.002003275
kick,27,14,0.001992945
kick,27,15,0.002002336
kick,27,16,0.001993265
kick,27,17,0.002008365
kick,27,18,0.001983676
kick,27,19,0.001998626
drift,27,0,0.001952825
drift,27,1,0.001948896
drift,27,2,0.001948695
drift,27,3,0.001951445
drift,27,4,0.001949155
drift,27,5,0.001958286
drift,27,6,0.001948666
drift,27,7,0.001978185
drift,27,8,0.001955755
drift,27,9,0.001951785
particleBC,27,0,0.003962341
particleBC,27,1,0.00396144
particleBC,27,2,0.003957661
particleBC,27,3,0.003962961
particleBC,27,4,0.003961571
particleBC,27,5,0.0039543
particleBC,27,6,0.00396534
particleBC,27,7,0.003955531
particleBC,27,8,0.003957471
particleBC,27,9,0.003961451
updateParticle,27,0,0.014651455
updateParticle,27,1,0.011951072
updateParticle,27,2,0.013760227
updateParticle,27,3,0.012776939
updateParticle,27,4,0.013335458
updateParticle,27,5,0.012316581
updateParticle,27,6,0.012043482
updateParticle,27,7,0.011312263
updateParticle,27,8,0.011496123
updateParticle,27,9,0.011021964
locateParticles,27,0,0.001616756
locateParticles,27,1,0.001609986
locateParticles,27,2,0.001612286
locateParticles,27,3,0.001615246
locateParticles,27,4,0.001608616
locateParticles,27,5,0.001600136
locateParticles,27,6,0.001615397
locateParticles,27,7,0.001615896
locateParticles,27,8,0.001599386
locateParticles,27,9,0.001639827
sendPreprocess,27,0,0.000180559
sendPreprocess,27,1,0.00022565
sendPreprocess,27,2,0.00023152
sendPreprocess,27,3,0.000228579
sendPreprocess,27,4,0.00022913
sendPreprocess,27,5,0.00021855
sendPreprocess,27,6,0.000212889
sendPreprocess,27,7,0.00022442
sendPreprocess,27,8,0.00027408
sendPreprocess,27,9,0.000302019
particleSend,27,0,0.001241367
particleSend,27,1,0.001294777
particleSend,27,2,0.001305286
particleSend,27,3,0.001292697
particleSend,27,4,0.001232417
particleSend,27,5,0.001355097
particleSend,27,6,0.001344767
particleSend,27,7,0.001242687
particleSend,27,8,0.001349496
particleSend,27,9,0.001300077
particleRecv,27,0,3.41e-05
particleRecv,27,1,3.522e-05
particleRecv,27,2,3.161e-05
particleRecv,27,3,3.893e-05
particleRecv,27,4,2.802e-05
particleRecv,27,5,3.737e-05
particleRecv,27,6,3.59e-05
particleRecv,27,7,3.879e-05
particleRecv,27,8,4.523e-05
particleRecv,27,9,3.012e-05
particleDestroy,27,0,0.005536107
particleDestroy,27,1,0.005557996
particleDestroy,27,2,0.005569057
particleDestroy,27,3,0.005537387
particleDestroy,27,4,0.005553096
particleDestroy,27,5,0.005572606
particleDestroy,27,6,0.005542377
particleDestroy,27,7,0.005555786
particleDestroy,27,8,0.005582627
particleDestroy,27,9,0.005592276
ScatterPIFNUFFT,27,0,0.505022829
ScatterPIFNUFFT,27,1,0.001114658
ScatterPIFNUFFT,27,2,0.505628678
ScatterPIFNUFFT,27,3,0.001112317
ScatterPIFNUFFT,27,4,0.502742925
ScatterPIFNUFFT,27,5,0.001127127
ScatterPIFNUFFT,27,6,0.501718807
ScatterPIFNUFFT,27,7,0.001108397
ScatterPIFNUFFT,27,8,0.506427766
ScatterPIFNUFFT,27,9,0.001108458
ScatterPIFNUFFT,27,10,0.505568188
ScatterPIFNUFFT,27,11,0.001107677
ScatterPIFNUFFT,27,12,0.507674263
ScatterPIFNUFFT,27,13,0.001117357
ScatterPIFNUFFT,27,14,0.512094153
ScatterPIFNUFFT,27,15,0.001113857
ScatterPIFNUFFT,27,16,0.501278568
ScatterPIFNUFFT,27,17,0.001106607
ScatterPIFNUFFT,27,18,0.505539008
ScatterPIFNUFFT,27,19,0.001114867
NativeNUFFT1,27,0,0.501085868
NativeNUFFT1,27,1,0.501570858
NativeNUFFT1,27,2,0.498093806
NativeNUFFT1,27,3,0.497059938
NativeNUFFT1,27,4,0.502436686
NativeNUFFT1,27,5,0.500821339
NativeNUFFT1,27,6,0.503562403
NativeNUFFT1,27,7,0.507926933
NativeNUFFT1,27,8,0.49622481
NativeNUFFT1,27,9,0.501074679
scatterTimerNUFFT1,27,0,0.039863765
scatterTimerNUFFT1,27,1,0.040605194
scatterTimerNUFFT1,27,2,0.039734326
scatterTimerNUFFT1,27,3,0.040067644
scatterTimerNUFFT1,27,4,0.039793375
scatterTimerNUFFT1,27,5,0.039709355
scatterTimerNUFFT1,27,6,0.040146055
scatterTimerNUFFT1,27,7,0.040299795
scatterTimerNUFFT1,27,8,0.039828495
scatterTimerNUFFT1,27,9,0.039695066
binSort,27,0,0.009945886
binSort,27,1,0.009965706
binSort,27,2,0.009963696
binSort,27,3,0.009975106
binSort,27,4,0.009956827
binSort,27,5,0.009965556
binSort,27,6,0.009948436
binSort,27,7,0.009965356
binSort,27,8,0.009950526
binSort,27,9,0.009965047
binSort,27,10,0.009962287
binSort,27,11,0.009961716
binSort,27,12,0.009949796
binSort,27,13,0.009962007
binSort,27,14,0.009973906
binSort,27,15,0.009969926
binSort,27,16,0.009953066
binSort,27,17,0.009961666
binSort,27,18,0.009962766
binSort,27,19,0.009970076
binSort,27,20,0.009950296
binSort,27,21,0.009966106
binSort,27,22,0.009960916
binSort,27,23,0.009965837
binSort,27,24,0.009939227
binSort,27,25,0.009968777
binSort,27,26,0.009983246
binSort,27,27,0.009954857
binSort,27,28,0.009926047
binSort,27,29,0.009977876
binSort,27,30,0.009966986
binSort,27,31,0.009961606
binSort,27,32,0.009933226
binSort,27,33,0.009963046
binSort,27,34,0.010037216
binSort,27,35,0.009970247
binSort,27,36,0.009948306
binSort,27,37,0.009982726
binSort,27,38,0.009967406
binSort,27,39,0.010048396
binComputeKeys,27,0,0.001078997
binComputeKeys,27,1,0.001086117
binComputeKeys,27,2,0.001085647
binComputeKeys,27,3,0.001085067
binComputeKeys,27,4,0.001081408
binComputeKeys,27,5,0.001084088
binComputeKeys,27,6,0.001084607
binComputeKeys,27,7,0.001086497
binComputeKeys,27,8,0.001081997
binComputeKeys,27,9,0.001084038
binComputeKeys,27,10,0.001085288
binComputeKeys,27,11,0.001085337
binComputeKeys,27,12,0.001082587
binComputeKeys,27,13,0.001082228
binComputeKeys,27,14,0.001083777
binComputeKeys,27,15,0.001085157
binComputeKeys,27,16,0.001080107
binComputeKeys,27,17,0.001085637
binComputeKeys,27,18,0.001083737
binComputeKeys,27,19,0.001085177
binComputeKeys,27,20,0.001084857
binComputeKeys,27,21,0.001080277
binComputeKeys,27,22,0.001083597
binComputeKeys,27,23,0.001084118
binComputeKeys,27,24,0.001080448
binComputeKeys,27,25,0.001082658
binComputeKeys,27,26,0.001087217
binComputeKeys,27,27,0.001083788
binComputeKeys,27,28,0.001083218
binComputeKeys,27,29,0.001088398
binComputeKeys,27,30,0.001086427
binComputeKeys,27,31,0.001084908
binComputeKeys,27,32,0.001080667
binComputeKeys,27,33,0.001085867
binComputeKeys,27,34,0.001092518
binComputeKeys,27,35,0.001085938
binComputeKeys,27,36,0.001078337
binComputeKeys,27,37,0.001085317
binComputeKeys,27,38,0.001083538
binComputeKeys,27,39,0.001082997
binSortByKey,27,0,0.00859421
binSortByKey,27,1,0.00860219
binSortByKey,27,2,0.00860201
binSortByKey,27,3,0.00861379
binSortByKey,27,4,0.008603749
binSortByKey,27,5,0.008606199
binSortByKey,27,6,0.0085874
binSortByKey,27,7,0.00860183
binSortByKey,27,8,0.008596879
binSortByKey,27,9,0.008604199
binSortByKey,27,10,0.008600959
binSortByKey,27,11,0.00859955
binSortByKey,27,12,0.00859508
binSortByKey,27,13,0.008603549
binSortByKey,27,14,0.00861279
binSortByKey,27,15,0.00860839
binSortByKey,27,16,0.00859937
binSortByKey,27,17,0.00859882
binSortByKey,27,18,0.008602209
binSortByKey,27,19,0.00860831
binSortByKey,27,20,0.00859299
binSortByKey,27,21,0.00860918
binSortByKey,27,22,0.008601139
binSortByKey,27,23,0.008605199
binSortByKey,27,24,0.008587399
binSortByKey,27,25,0.008607079
binSortByKey,27,26,0.00862012
binSortByKey,27,27,0.008593869
binSortByKey,27,28,0.00857103
binSortByKey,27,29,0.008613859
binSortByKey,27,30,0.00860508
binSortByKey,27,31,0.008600289
binSortByKey,27,32,0.00858078
binSortByKey,27,33,0.008601259
binSortByKey,27,34,0.008647939
binSortByKey,27,35,0.008593939
binSortByKey,27,36,0.00859871
binSortByKey,27,37,0.0086205
binSortByKey,27,38,0.008608489
binSortByKey,27,39,0.00868399
binComputeOffsets,27,0,0.000263379
binComputeOffsets,27,1,0.000267249
binComputeOffsets,27,2,0.000266569
binComputeOffsets,27,3,0.000266829
binComputeOffsets,27,4,0.00026176
binComputeOffsets,27,5,0.000265919
binComputeOffsets,27,6,0.000266789
binComputeOffsets,27,7,0.000267389
binComputeOffsets,27,8,0.0002623
binComputeOffsets,27,9,0.00026752
binComputeOffsets,27,10,0.00026618
binComputeOffsets,27,11,0.000267319
binComputeOffsets,27,12,0.000262809
binComputeOffsets,27,13,0.00026687
binComputeOffsets,27,14,0.000267249
binComputeOffsets,27,15,0.000265959
binComputeOffsets,27,16,0.000263859
binComputeOffsets,27,17,0.000267569
binComputeOffsets,27,18,0.00026679
binComputeOffsets,27,19,0.000266959
binComputeOffsets,27,20,0.000262379
binComputeOffsets,27,21,0.000266789
binComputeOffsets,27,22,0.00026618
binComputeOffsets,27,23,0.00026674
binComputeOffsets,27,24,0.00026209
binComputeOffsets,27,25,0.00026823
binComputeOffsets,27,26,0.000266619
binComputeOffsets,27,27,0.00026791
binComputeOffsets,27,28,0.00026255
binComputeOffsets,27,29,0.000266429
binComputeOffsets,27,30,0.000266149
binComputeOffsets,27,31,0.000266859
binComputeOffsets,27,32,0.000261499
binComputeOffsets,27,33,0.00026652
binComputeOffsets,27,34,0.000280219
binComputeOffsets,27,35,0.0002807
binComputeOffsets,27,36,0.000261999
binComputeOffsets,27,37,0.000267529
binComputeOffsets,27,38,0.000265639
binComputeOffsets,27,39,0.000266029
FFTNUFFT1,27,0,0.460391255
FFTNUFFT1,27,1,0.460132386
FFTNUFFT1,27,2,0.457527562
FFTNUFFT1,27,3,0.456159016
FFTNUFFT1,27,4,0.461806442
FFTNUFFT1,27,5,0.460281496
FFTNUFFT1,27,6,0.46258407
FFTNUFFT1,27,7,0.46677867
FFTNUFFT1,27,8,0.455561677
FFTNUFFT1,27,9,0.460529215
deconvolutionNUFFT1,27,0,0.000819728
deconvolutionNUFFT1,27,1,0.000822218
deconvolutionNUFFT1,27,2,0.000820778
deconvolutionNUFFT1,27,3,0.000821708
deconvolutionNUFFT1,27,4,0.000823869
deconvolutionNUFFT1,27,5,0.000819458
deconvolutionNUFFT1,27,6,0.000819858
deconvolutionNUFFT1,27,7,0.000837128
deconvolutionNUFFT1,27,8,0.000819868
deconvolutionNUFFT1,27,9,0.000836778
GatherPIFNUFFT,27,0,1.578639257
GatherPIFNUFFT,27,1,1.585310891
GatherPIFNUFFT,27,2,1.587610346
GatherPIFNUFFT,27,3,1.588703103
GatherPIFNUFFT,27,4,1.58128009
GatherPIFNUFFT,27,5,1.582672018
GatherPIFNUFFT,27,6,1.579934884
GatherPIFNUFFT,27,7,1.577642939
GatherPIFNUFFT,27,8,1.586133659
GatherPIFNUFFT,27,9,1.581161231
NativeNUFFT2,27,0,0.534563739
NativeNUFFT2,27,1,0.51292107
NativeNUFFT2,27,2,0.514737246
NativeNUFFT2,27,3,0.539656068
NativeNUFFT2,27,4,0.514264978
NativeNUFFT2,27,5,0.514976046
NativeNUFFT2,27,6,0.540762964
NativeNUFFT2,27,7,0.51318976
NativeNUFFT2,27,8,0.517255651
NativeNUFFT2,27,9,0.542292441
NativeNUFFT2,27,10,0.514148208
NativeNUFFT2,27,11,0.515857654
NativeNUFFT2,27,12,0.537623692
NativeNUFFT2,27,13,0.5131995
NativeNUFFT2,27,14,0.514059708
NativeNUFFT2,27,15,0.537803461
NativeNUFFT2,27,16,0.515024075
NativeNUFFT2,27,17,0.513435649
NativeNUFFT2,27,18,0.538938208
NativeNUFFT2,27,19,0.511784863
NativeNUFFT2,27,20,0.512816781
NativeNUFFT2,27,21,0.534482169
NativeNUFFT2,27,22,0.51291696
NativeNUFFT2,27,23,0.513860358
NativeNUFFT2,27,24,0.540834074
NativeNUFFT2,27,25,0.514706247
NativeNUFFT2,27,26,0.514195127
NativeNUFFT2,27,27,0.537354823
NativeNUFFT2,27,28,0.513652749
NativeNUFFT2,27,29,0.513778308
PrecorrectionNUFFT2,27,0,0.001236767
PrecorrectionNUFFT2,27,1,0.001201937
PrecorrectionNUFFT2,27,2,0.001203337
PrecorrectionNUFFT2,27,3,0.001239478
PrecorrectionNUFFT2,27,4,0.001206377
PrecorrectionNUFFT2,27,5,0.001206387
PrecorrectionNUFFT2,27,6,0.001242617
PrecorrectionNUFFT2,27,7,0.001204697
PrecorrectionNUFFT2,27,8,0.001204948
PrecorrectionNUFFT2,27,9,0.001237667
PrecorrectionNUFFT2,27,10,0.001204207
PrecorrectionNUFFT2,27,11,0.001203657
PrecorrectionNUFFT2,27,12,0.001238677
PrecorrectionNUFFT2,27,13,0.001202897
PrecorrectionNUFFT2,27,14,0.001203707
PrecorrectionNUFFT2,27,15,0.001244017
PrecorrectionNUFFT2,27,16,0.001203057
PrecorrectionNUFFT2,27,17,0.001202147
PrecorrectionNUFFT2,27,18,0.001240737
PrecorrectionNUFFT2,27,19,0.001205577
PrecorrectionNUFFT2,27,20,0.001206167
PrecorrectionNUFFT2,27,21,0.001237497
PrecorrectionNUFFT2,27,22,0.001202657
PrecorrectionNUFFT2,27,23,0.001203857
PrecorrectionNUFFT2,27,24,0.001241337
PrecorrectionNUFFT2,27,25,0.001202808
PrecorrectionNUFFT2,27,26,0.001208957
PrecorrectionNUFFT2,27,27,0.001238937
PrecorrectionNUFFT2,27,28,0.001205327
PrecorrectionNUFFT2,27,29,0.001202937
FFTNUFFT2,27,0,0.481162356
FFTNUFFT2,27,1,0.459974436
FFTNUFFT2,27,2,0.46273612
FFTNUFFT2,27,3,0.483035341
FFTNUFFT2,27,4,0.459022249
FFTNUFFT2,27,5,0.463195669
FFTNUFFT2,27,6,0.488999217
FFTNUFFT2,27,7,0.458735659
FFTNUFFT2,27,8,0.464154586
FFTNUFFT2,27,9,0.487558271
FFTNUFFT2,27,10,0.45860612
FFTNUFFT2,27,11,0.462467761
FFTNUFFT2,27,12,0.485432356
FFTNUFFT2,27,13,0.463171339
FFTNUFFT2,27,14,0.45873927
FFTNUFFT2,27,15,0.485728235
FFTNUFFT2,27,16,0.460788575
FFTNUFFT2,27,17,0.463009189
FFTNUFFT2,27,18,0.479985948
FFTNUFFT2,27,19,0.45851028
FFTNUFFT2,27,20,0.462915339
FFTNUFFT2,27,21,0.480954376
FFTNUFFT2,27,22,0.462110421
FFTNUFFT2,27,23,0.462135441
FFTNUFFT2,27,24,0.49219019
FFTNUFFT2,27,25,0.45814637
FFTNUFFT2,27,26,0.45851425
FFTNUFFT2,27,27,0.482038674
FFTNUFFT2,27,28,0.462323781
FFTNUFFT2,27,29,0.457557892
GatherNUFFT2,27,0,0.052144006
GatherNUFFT2,27,1,0.051723237
GatherNUFFT2,27,2,0.050778329
GatherNUFFT2,27,3,0.055360449
GatherNUFFT2,27,4,0.054015782
GatherNUFFT2,27,5,0.05055408
GatherNUFFT2,27,6,0.0505008
GatherNUFFT2,27,7,0.053228904
GatherNUFFT2,27,8,0.051875407
GatherNUFFT2,27,9,0.053476803
GatherNUFFT2,27,10,0.054318061
GatherNUFFT2,27,11,0.052166346
GatherNUFFT2,27,12,0.050932659
GatherNUFFT2,27,13,0.048804094
GatherNUFFT2,27,14,0.054095701
GatherNUFFT2,27,15,0.050810619
GatherNUFFT2,27,16,0.053011343
GatherNUFFT2,27,17,0.049204333
GatherNUFFT2,27,18,0.057691373
GatherNUFFT2,27,19,0.052048236
GatherNUFFT2,27,20,0.048674805
GatherNUFFT2,27,21,0.052270906
GatherNUFFT2,27,22,0.049581462
GatherNUFFT2,27,23,0.05050119
GatherNUFFT2,27,24,0.047382727
GatherNUFFT2,27,25,0.055332969
GatherNUFFT2,27,26,0.05444858
GatherNUFFT2,27,27,0.054057732
GatherNUFFT2,27,28,0.050103111
GatherNUFFT2,27,29,0.054997239
mainTimer,28,0,21.264702071
dumpData,28,0,0.013759589
dumpData,28,1,0.013925289
dumpData,28,2,0.013509446
dumpData,28,3,0.013801829
dumpData,28,4,0.013139803
dumpData,28,5,0.013648797
dumpData,28,6,0.013200153
dumpData,28,7,0.013760568
dumpData,28,8,0.013569927
dumpData,28,9,0.013382455
kick,28,0,0.001600534
kick,28,1,0.001658964
kick,28,2,0.001601503
kick,28,3,0.001661185
kick,28,4,0.001600214
kick,28,5,0.001660374
kick,28,6,0.001599394
kick,28,7,0.001659254
kick,28,8,0.001601293
kick,28,9,0.001662504
kick,28,10,0.001600794
kick,28,11,0.001662415
kick,28,12,0.001600974
kick,28,13,0.001658974
kick,28,14,0.001601304
kick,28,15,0.001660255
kick,28,16,0.001603474
kick,28,17,0.001661324
kick,28,18,0.001601224
kick,28,19,0.001661965
drift,28,0,0.001616253
drift,28,1,0.001616244
drift,28,2,0.001616784
drift,28,3,0.001613054
drift,28,4,0.001613254
drift,28,5,0.001616214
drift,28,6,0.001619244
drift,28,7,0.001617144
drift,28,8,0.001616934
drift,28,9,0.001615724
particleBC,28,0,0.003273839
particleBC,28,1,0.003284259
particleBC,28,2,0.003276658
particleBC,28,3,0.003277028
particleBC,28,4,0.003283479
particleBC,28,5,0.003275948
particleBC,28,6,0.003279178
particleBC,28,7,0.003280638
particleBC,28,8,0.003279258
particleBC,28,9,0.003282808
updateParticle,28,0,0.015020199
updateParticle,28,1,0.012920141
updateParticle,28,2,0.012560508
updateParticle,28,3,0.012631288
updateParticle,28,4,0.013957569
updateParticle,28,5,0.01278034
updateParticle,28,6,0.012627868
updateParticle,28,7,0.012472107
updateParticle,28,8,0.011926962
updateParticle,28,9,0.01168626
locateParticles,28,0,0.001367041
locateParticles,28,1,0.001390561
locateParticles,28,2,0.001385672
locateParticles,28,3,0.001367262
locateParticles,28,4,0.001356411
locateParticles,28,5,0.001377202
locateParticles,28,6,0.001366082
locateParticles,28,7,0.001381582
locateParticles,28,8,0.001372992
locateParticles,28,9,0.001366022
sendPreprocess,28,0,0.001822726
sendPreprocess,28,1,0.001838926
sendPreprocess,28,2,0.001853666
sendPreprocess,28,3,0.001873206
sendPreprocess,28,4,0.001884766
sendPreprocess,28,5,0.001855006
sendPreprocess,28,6,0.001852985
sendPreprocess,28,7,0.001883836
sendPreprocess,28,8,0.001910286
sendPreprocess,28,9,0.001976707
particleSend,28,0,0.001238181
particleSend,28,1,0.001296911
particleSend,28,2,0.00118682
particleSend,28,3,0.00123083
particleSend,28,4,0.001177351
particleSend,28,5,0.00123622
particleSend,28,6,0.00122681
particleSend,28,7,0.001183
particleSend,28,8,0.001233131
particleSend,28,9,0.001266141
particleRecv,28,0,3.406e-05
particleRecv,28,1,3.6141e-05
particleRecv,28,2,3.3101e-05
particleRecv,28,3,3.6791e-05
particleRecv,28,4,3.297e-05
particleRecv,28,5,4.4481e-05
particleRecv,28,6,3.772e-05
particleRecv,28,7,3.7181e-05
particleRecv,28,8,3.842e-05
particleRecv,28,9,3.237e-05
particleDestroy,28,0,0.00460186
particleDestroy,28,1,0.004593539
particleDestroy,28,2,0.004600419
particleDestroy,28,3,0.004604119
particleDestroy,28,4,0.004593679
particleDestroy,28,5,0.004617199
particleDestroy,28,6,0.0045975
particleDestroy,28,7,0.004584839
particleDestroy,28,8,0.00461095
particleDestroy,28,9,0.004588459
ScatterPIFNUFFT,28,0,0.516372553
ScatterPIFNUFFT,28,1,0.001115689
ScatterPIFNUFFT,28,2,0.51830382
ScatterPIFNUFFT,28,3,0.00111648
ScatterPIFNUFFT,28,4,0.514828741
ScatterPIFNUFFT,28,5,0.001116169
ScatterPIFNUFFT,28,6,0.514235945
ScatterPIFNUFFT,28,7,0.00111341
ScatterPIFNUFFT,28,8,0.518448211
ScatterPIFNUFFT,28,9,0.00111484
ScatterPIFNUFFT,28,10,0.513123586
ScatterPIFNUFFT,28,11,0.001116559
ScatterPIFNUFFT,28,12,0.51820039
ScatterPIFNUFFT,28,13,0.001116459
ScatterPIFNUFFT,28,14,0.516618426
ScatterPIFNUFFT,28,15,0.00111771
ScatterPIFNUFFT,28,16,0.523342643
ScatterPIFNUFFT,28,17,0.00111464
ScatterPIFNUFFT,28,18,0.517235201
ScatterPIFNUFFT,28,19,0.001115089
NativeNUFFT1,28,0,0.512894164
NativeNUFFT1,28,1,0.51366401
NativeNUFFT1,28,2,0.510222471
NativeNUFFT1,28,3,0.510711075
NativeNUFFT1,28,4,0.51474049
NativeNUFFT1,28,5,0.509356793
NativeNUFFT1,28,6,0.514687119
NativeNUFFT1,28,7,0.511972406
NativeNUFFT1,28,8,0.518823655
NativeNUFFT1,28,9,0.512701912
scatterTimerNUFFT1,28,0,0.03955154
scatterTimerNUFFT1,28,1,0.038322739
scatterTimerNUFFT1,28,2,0.040569499
scatterTimerNUFFT1,28,3,0.040991522
scatterTimerNUFFT1,28,4,0.038968085
scatterTimerNUFFT1,28,5,0.040066464
scatterTimerNUFFT1,28,6,0.039730741
scatterTimerNUFFT1,28,7,0.038333499
scatterTimerNUFFT1,28,8,0.039503449
scatterTimerNUFFT1,28,9,0.038800913
binSort,28,0,0.008256291
binSort,28,1,0.008308592
binSort,28,2,0.008301361
binSort,28,3,0.008304771
binSort,28,4,0.008281831
binSort,28,5,0.008306821
binSort,28,6,0.008307351
binSort,28,7,0.008309612
binSort,28,8,0.008315511
binSort,28,9,0.008365642
binSort,28,10,0.008375152
binSort,28,11,0.008375242
binSort,28,12,0.008336301
binSort,28,13,0.008392432
binSort,28,14,0.008389012
binSort,28,15,0.008369652
binSort,28,16,0.008351462
binSort,28,17,0.008354942
binSort,28,18,0.008361432
binSort,28,19,0.008381252
binSort,28,20,0.008307381
binSort,28,21,0.008364602
binSort,28,22,0.008355272
binSort,28,23,0.008367172
binSort,28,24,0.008291541
binSort,28,25,0.008333252
binSort,28,26,0.008327271
binSort,28,27,0.008320142
binSort,28,28,0.008287101
binSort,28,29,0.008326622
binSort,28,30,0.008328501
binSort,28,31,0.008324522
binSort,28,32,0.008291772
binSort,28,33,0.008350912
binSort,28,34,0.008345251
binSort,28,35,0.008340072
binSort,28,36,0.008325402
binSort,28,37,0.008358331
binSort,28,38,0.008354572
binSort,28,39,0.008352882
binComputeKeys,28,0,0.000899517
binComputeKeys,28,1,0.000898778
binComputeKeys,28,2,0.000901118
binComputeKeys,28,3,0.000897778
binComputeKeys,28,4,0.000898847
binComputeKeys,28,5,0.000900148
binComputeKeys,28,6,0.000899738
binComputeKeys,28,7,0.000899338
binComputeKeys,28,8,0.000900798
binComputeKeys,28,9,0.000900398
binComputeKeys,28,10,0.000902098
binComputeKeys,28,11,0.000900347
binComputeKeys,28,12,0.000899558
binComputeKeys,28,13,0.000898758
binComputeKeys,28,14,0.000899997
binComputeKeys,28,15,0.000901178
binComputeKeys,28,16,0.000897628
binComputeKeys,28,17,0.000900648
binComputeKeys,28,18,0.000901178
binComputeKeys,28,19,0.000901208
binComputeKeys,28,20,0.000900058
binComputeKeys,28,21,0.000899548
binComputeKeys,28,22,0.000899078
binComputeKeys,28,23,0.000902278
binComputeKeys,28,24,0.000899127
binComputeKeys,28,25,0.000901658
binComputeKeys,28,26,0.000898357
binComputeKeys,28,27,0.000898698
binComputeKeys,28,28,0.000898838
binComputeKeys,28,29,0.000901018
binComputeKeys,28,30,0.000900877
binComputeKeys,28,31,0.000899738
binComputeKeys,28,32,0.000898948
binComputeKeys,28,33,0.000903418
binComputeKeys,28,34,0.000898457
binComputeKeys,28,35,0.000899568
binComputeKeys,28,36,0.000895698
binComputeKeys,28,37,0.000901537
binComputeKeys,28,38,0.000901188
binComputeKeys,28,39,0.000899178
binSortByKey,28,0,0.007122292
binSortByKey,28,1,0.007168762
binSortByKey,28,2,0.007160681
binSortByKey,28,3,0.007168281
binSortByKey,28,4,0.007148642
binSortByKey,28,5,0.007167891
binSortByKey,28,6,0.007169191
binSortByKey,28,7,0.007171512
binSortByKey,28,8,0.007179871
binSortByKey,28,9,0.007226542
binSortByKey,28,10,0.007233112
binSortByKey,28,11,0.007234452
binSortByKey,28,12,0.007200541
binSortByKey,28,13,0.007248662
binSortByKey,28,14,0.007249103
binSortByKey,28,15,0.007229872
binSortByKey,28,16,0.007218092
binSortByKey,28,17,0.007216232
binSortByKey,28,18,0.007221602
binSortByKey,28,19,0.007240362
binSortByKey,28,20,0.007171891
binSortByKey,28,21,0.007217402
binSortByKey,28,22,0.007217922
binSortByKey,28,23,0.007224992
binSortByKey,28,24,0.007157722
binSortByKey,28,25,0.007192122
binSortByKey,28,26,0.007184182
binSortByKey,28,27,0.007182502
binSortByKey,28,28,0.007152121
binSortByKey,28,29,0.007183872
binSortByKey,28,30,0.007188512
binSortByKey,28,31,0.007185792
binSortByKey,28,32,0.007157032
binSortByKey,28,33,0.007208312
binSortByKey,28,34,0.007204762
binSortByKey,28,35,0.007201182
binSortByKey,28,36,0.007193962
binSortByKey,28,37,0.007217332
binSortByKey,28,38,0.007213862
binSortByKey,28,39,0.007213952
binComputeOffsets,28,0,0.000225232
binComputeOffsets,28,1,0.000230762
binComputeOffsets,28,2,0.000229752
binComputeOffsets,28,3,0.000229302
binComputeOffsets,28,4,0.000225112
binComputeOffsets,28,5,0.000229202
binComputeOffsets,28,6,0.000229062
binComputeOffsets,28,7,0.000229532
binComputeOffsets,28,8,0.000225552
binComputeOffsets,28,9,0.000229262
binComputeOffsets,28,10,0.000229952
binComputeOffsets,28,11,0.000231042
binComputeOffsets,28,12,0.000226822
binComputeOffsets,28,13,0.000235512
binComputeOffsets,28,14,0.000230252
binComputeOffsets,28,15,0.000229192
binComputeOffsets,28,16,0.000225792
binComputeOffsets,28,17,0.000228802
binComputeOffsets,28,18,0.000229042
binComputeOffsets,28,19,0.000230272
binComputeOffsets,28,20,0.000225962
binComputeOffsets,28,21,0.000230392
binComputeOffsets,28,22,0.000229042
binComputeOffsets,28,23,0.000228832
binComputeOffsets,28,24,0.000225392
binComputeOffsets,28,25,0.000229872
binComputeOffsets,28,26,0.000234872
binComputeOffsets,28,27,0.000229422
binComputeOffsets,28,28,0.000226112
binComputeOffsets,28,29,0.000232192
binComputeOffsets,28,30,0.000229272
binComputeOffsets,28,31,0.000229382
binComputeOffsets,28,32,0.000225861
binComputeOffsets,28,33,0.000229562
binComputeOffsets,28,34,0.000232392
binComputeOffsets,28,35,0.000229552
binComputeOffsets,28,36,0.000226372
binComputeOffsets,28,37,0.000229952
binComputeOffsets,28,38,0.000229972
binComputeOffsets,28,39,0.000230362
FFTNUFFT1,28,0,0.47286777
FFTNUFFT1,28,1,0.474861657
FFTNUFFT1,28,2,0.469164788
FFTNUFFT1,28,3,0.469245449
FFTNUFFT1,28,4,0.475292401
FFTNUFFT1,28,5,0.468810115
FFTNUFFT1,28,6,0.474478144
FFTNUFFT1,28,7,0.473159323
FFTNUFFT1,28,8,0.478845172
FFTNUFFT1,28,9,0.473427475
deconvolutionNUFFT1,28,0,0.000461634
deconvolutionNUFFT1,28,1,0.000467314
deconvolutionNUFFT1,28,2,0.000475664
deconvolutionNUFFT1,28,3,0.000461874
deconvolutionNUFFT1,28,4,0.000467014
deconvolutionNUFFT1,28,5,0.000467834
deconvolutionNUFFT1,28,6,0.000466174
deconvolutionNUFFT1,28,7,0.000467784
deconvolutionNUFFT1,28,8,0.000459184
deconvolutionNUFFT1,28,9,0.000461724
GatherPIFNUFFT,28,0,1.5653362
GatherPIFNUFFT,28,1,1.569491125
GatherPIFNUFFT,28,2,1.576068882
GatherPIFNUFFT,28,3,1.574682591
GatherPIFNUFFT,28,4,1.567201566
GatherPIFNUFFT,28,5,1.573078187
GatherPIFNUFFT,28,6,1.567752911
GatherPIFNUFFT,28,7,1.570475784
GatherPIFNUFFT,28,8,1.562924589
GatherPIFNUFFT,28,9,1.568240945
NativeNUFFT2,28,0,0.522026072
NativeNUFFT2,28,1,0.513383257
NativeNUFFT2,28,2,0.515522426
NativeNUFFT2,28,3,0.525196629
NativeNUFFT2,28,4,0.515009852
NativeNUFFT2,28,5,0.515015661
NativeNUFFT2,28,6,0.528807121
NativeNUFFT2,28,7,0.515080563
NativeNUFFT2,28,8,0.517916687
NativeNUFFT2,28,9,0.530167183
NativeNUFFT2,28,10,0.513861992
NativeNUFFT2,28,11,0.516396653
NativeNUFFT2,28,12,0.52522408
NativeNUFFT2,28,13,0.512681592
NativeNUFFT2,28,14,0.515011352
NativeNUFFT2,28,15,0.528001044
NativeNUFFT2,28,16,0.51594783
NativeNUFFT2,28,17,0.514521158
NativeNUFFT2,28,18,0.527078316
NativeNUFFT2,28,19,0.512312559
NativeNUFFT2,28,20,0.514130664
NativeNUFFT2,28,21,0.52757598
NativeNUFFT2,28,22,0.513820732
NativeNUFFT2,28,23,0.514696379
NativeNUFFT2,28,24,0.518646483
NativeNUFFT2,28,25,0.515359485
NativeNUFFT2,28,26,0.514661739
NativeNUFFT2,28,27,0.52413337
NativeNUFFT2,28,28,0.514163434
NativeNUFFT2,28,29,0.515689128
PrecorrectionNUFFT2,28,0,0.000886327
PrecorrectionNUFFT2,28,1,0.000868107
PrecorrectionNUFFT2,28,2,0.000861377
PrecorrectionNUFFT2,28,3,0.000889628
PrecorrectionNUFFT2,28,4,0.000862907
PrecorrectionNUFFT2,28,5,0.000865747
PrecorrectionNUFFT2,28,6,0.000885508
PrecorrectionNUFFT2,28,7,0.000868808
PrecorrectionNUFFT2,28,8,0.000867528
PrecorrectionNUFFT2,28,9,0.000890398
PrecorrectionNUFFT2,28,10,0.000859317
PrecorrectionNUFFT2,28,11,0.000864087
PrecorrectionNUFFT2,28,12,0.000890758
PrecorrectionNUFFT2,28,13,0.000863218
PrecorrectionNUFFT2,28,14,0.000862497
PrecorrectionNUFFT2,28,15,0.000894238
PrecorrectionNUFFT2,28,16,0.000868428
PrecorrectionNUFFT2,28,17,0.000863677
PrecorrectionNUFFT2,28,18,0.000889758
PrecorrectionNUFFT2,28,19,0.000865108
PrecorrectionNUFFT2,28,20,0.000863237
PrecorrectionNUFFT2,28,21,0.000886498
PrecorrectionNUFFT2,28,22,0.000863427
PrecorrectionNUFFT2,28,23,0.000865077
PrecorrectionNUFFT2,28,24,0.000892368
PrecorrectionNUFFT2,28,25,0.000865567
PrecorrectionNUFFT2,28,26,0.000863008
PrecorrectionNUFFT2,28,27,0.000899008
PrecorrectionNUFFT2,28,28,0.000870297
PrecorrectionNUFFT2,28,29,0.000860717
FFTNUFFT2,28,0,0.485026385
FFTNUFFT2,28,1,0.476984166
FFTNUFFT2,28,2,0.474858278
FFTNUFFT2,28,3,0.478321267
FFTNUFFT2,28,4,0.481373283
FFTNUFFT2,28,5,0.476816084
FFTNUFFT2,28,6,0.488688166
FFTNUFFT2,28,7,0.475423562
FFTNUFFT2,28,8,0.473599936
FFTNUFFT2,28,9,0.487267084
FFTNUFFT2,28,10,0.476220649
FFTNUFFT2,28,11,0.477364649
FFTNUFFT2,28,12,0.486231785
FFTNUFFT2,28,13,0.47983522
FFTNUFFT2,28,14,0.479409727
FFTNUFFT2,28,15,0.490875805
FFTNUFFT2,28,16,0.474892687
FFTNUFFT2,28,17,0.473613617
FFTNUFFT2,28,18,0.488107081
FFTNUFFT2,28,19,0.478035584
FFTNUFFT2,28,20,0.473078592
FFTNUFFT2,28,21,0.489768265
FFTNUFFT2,28,22,0.475699044
FFTNUFFT2,28,23,0.477151487
FFTNUFFT2,28,24,0.483758083
FFTNUFFT2,28,25,0.477083096
FFTNUFFT2,28,26,0.477076596
FFTNUFFT2,28,27,0.487632066
FFTNUFFT2,28,28,0.472024373
FFTNUFFT2,28,29,0.478964943
GatherNUFFT2,28,0,0.03609339
GatherNUFFT2,28,1,0.035504304
GatherNUFFT2,28,2,0.039782951
GatherNUFFT2,28,3,0.045965894
GatherNUFFT2,28,4,0.032753501
GatherNUFFT2,28,5,0.03731375
GatherNUFFT2,28,6,0.039214427
GatherNUFFT2,28,7,0.038767693
GatherNUFFT2,28,8,0.043429333
GatherNUFFT2,28,9,0.04198871
GatherNUFFT2,28,10,0.036762126
GatherNUFFT2,28,11,0.038147477
GatherNUFFT2,28,12,0.038081697
GatherNUFFT2,28,13,0.031963164
GatherNUFFT2,28,14,0.034719158
GatherNUFFT2,28,15,0.036211611
GatherNUFFT2,28,16,0.040166285
GatherNUFFT2,28,17,0.040023213
GatherNUFFT2,28,18,0.038061607
GatherNUFFT2,28,19,0.033391727
GatherNUFFT2,28,20,0.040168585
GatherNUFFT2,28,21,0.036901137
GatherNUFFT2,28,22,0.03723869
GatherNUFFT2,28,23,0.036659795
GatherNUFFT2,28,24,0.033976012
GatherNUFFT2,28,25,0.037390951
GatherNUFFT2,28,26,0.036701175
GatherNUFFT2,28,27,0.035582495
GatherNUFFT2,28,28,0.041248384
GatherNUFFT2,28,29,0.035842888
mainTimer,29,0,21.264701791
dumpData,29,0,0.011787132
dumpData,29,1,0.011979843
dumpData,29,2,0.010763482
dumpData,29,3,0.011845272
dumpData,29,4,0.012113794
dumpData,29,5,0.011697811
dumpData,29,6,0.012170734
dumpData,29,7,0.011443998
dumpData,29,8,0.010877884
dumpData,29,9,0.010641422
kick,29,0,0.001747405
kick,29,1,0.001768255
kick,29,2,0.001725984
kick,29,3,0.001768465
kick,29,4,0.001722455
kick,29,5,0.001766736
kick,29,6,0.001751635
kick,29,7,0.001765175
kick,29,8,0.001725635
kick,29,9,0.001767685
kick,29,10,0.001718345
kick,29,11,0.001767085
kick,29,12,0.001726005
kick,29,13,0.001765756
kick,29,14,0.001718835
kick,29,15,0.001767076
kick,29,16,0.001736035
kick,29,17,0.001769505
kick,29,18,0.001749845
kick,29,19,0.001768205
drift,29,0,0.001719825
drift,29,1,0.001721085
drift,29,2,0.001721515
drift,29,3,0.001718575
drift,29,4,0.001721454
drift,29,5,0.001722915
drift,29,6,0.001721055
drift,29,7,0.001721205
drift,29,8,0.001720245
drift,29,9,0.001719065
particleBC,29,0,0.00348719
particleBC,29,1,0.00349072
particleBC,29,2,0.00349127
particleBC,29,3,0.00349539
particleBC,29,4,0.00348767
particleBC,29,5,0.0035
particleBC,29,6,0.00349602
particleBC,29,7,0.00348981
particleBC,29,8,0.00349407
particleBC,29,9,0.00349664
updateParticle,29,0,0.015491063
updateParticle,29,1,0.012707539
updateParticle,29,2,0.012254895
updateParticle,29,3,0.012704629
updateParticle,29,4,0.014342043
updateParticle,29,5,0.013253804
updateParticle,29,6,0.013465615
updateParticle,29,7,0.012686859
updateParticle,29,8,0.012174964
updateParticle,29,9,0.011402058
locateParticles,29,0,0.001471552
locateParticles,29,1,0.001446183
locateParticles,29,2,0.001481563
locateParticles,29,3,0.001454063
locateParticles,29,4,0.001449253
locateParticles,29,5,0.001461842
locateParticles,29,6,0.001443882
locateParticles,29,7,0.001468002
locateParticles,29,8,0.001480373
locateParticles,29,9,0.001454522
sendPreprocess,29,0,0.001254291
sendPreprocess,29,1,0.001350611
sendPreprocess,29,2,0.001314101
sendPreprocess,29,3,0.001309551
sendPreprocess,29,4,0.001354661
sendPreprocess,29,5,0.001322422
sendPreprocess,29,6,0.001332131
sendPreprocess,29,7,0.001365781
sendPreprocess,29,8,0.001352231
sendPreprocess,29,9,0.001422003
particleSend,29,0,0.001253851
particleSend,29,1,0.001198141
particleSend,29,2,0.00119615
particleSend,29,3,0.00120641
particleSend,29,4,0.001348702
particleSend,29,5,0.001301981
particleSend,29,6,0.001297341
particleSend,29,7,0.001295361
particleSend,29,8,0.001254671
particleSend,29,9,0.0011963
particleRecv,29,0,2.943e-05
particleRecv,29,1,3.576e-05
particleRecv,29,2,3.6501e-05
particleRecv,29,3,3.946e-05
particleRecv,29,4,3.081e-05
particleRecv,29,5,3.304e-05
particleRecv,29,6,3.698e-05
particleRecv,29,7,3.6431e-05
particleRecv,29,8,3.502e-05
particleRecv,29,9,3.395e-05
particleDestroy,29,0,0.004987043
particleDestroy,29,1,0.004952043
particleDestroy,29,2,0.004966792
particleDestroy,29,3,0.004960312
particleDestroy,29,4,0.004980183
particleDestroy,29,5,0.004977673
particleDestroy,29,6,0.004958833
particleDestroy,29,7,0.004955942
particleDestroy,29,8,0.004975163
particleDestroy,29,9,0.004961973
ScatterPIFNUFFT,29,0,0.51715391
ScatterPIFNUFFT,29,1,0.00111969
ScatterPIFNUFFT,29,2,0.521682689
ScatterPIFNUFFT,29,3,0.001110799
ScatterPIFNUFFT,29,4,0.518831375
ScatterPIFNUFFT,29,5,0.00111066
ScatterPIFNUFFT,29,6,0.519577941
ScatterPIFNUFFT,29,7,0.001111999
ScatterPIFNUFFT,29,8,0.521678369
ScatterPIFNUFFT,29,9,0.00111341
ScatterPIFNUFFT,29,10,0.515489496
ScatterPIFNUFFT,29,11,0.00111398
ScatterPIFNUFFT,29,12,0.514220315
ScatterPIFNUFFT,29,13,0.00111701
ScatterPIFNUFFT,29,14,0.517637735
ScatterPIFNUFFT,29,15,0.001111519
ScatterPIFNUFFT,29,16,0.522118913
ScatterPIFNUFFT,29,17,0.001112219
ScatterPIFNUFFT,29,18,0.520814512
ScatterPIFNUFFT,29,19,0.001117099
NativeNUFFT1,29,0,0.513204166
NativeNUFFT1,29,1,0.5170775
NativeNUFFT1,29,2,0.514174575
NativeNUFFT1,29,3,0.515174583
NativeNUFFT1,29,4,0.517722295
NativeNUFFT1,29,5,0.511542562
NativeNUFFT1,29,6,0.510309512
NativeNUFFT1,29,7,0.513378577
NativeNUFFT1,29,8,0.517960157
NativeNUFFT1,29,9,0.516169812
scatterTimerNUFFT1,29,0,0.038777983
scatterTimerNUFFT1,29,1,0.038519861
scatterTimerNUFFT1,29,2,0.040641159
scatterTimerNUFFT1,29,3,0.03965102
scatterTimerNUFFT1,29,4,0.038790683
scatterTimerNUFFT1,29,5,0.039037535
scatterTimerNUFFT1,29,6,0.038319949
scatterTimerNUFFT1,29,7,0.038059886
scatterTimerNUFFT1,29,8,0.039457839
scatterTimerNUFFT1,29,9,0.038767023
binSort,29,0,0.008783026
binSort,29,1,0.008827486
binSort,29,2,0.008817415
binSort,29,3,0.008830726
binSort,29,4,0.008768245
binSort,29,5,0.008821206
binSort,29,6,0.008819505
binSort,29,7,0.008809286
binSort,29,8,0.008787145
binSort,29,9,0.008828126
binSort,29,10,0.008816105
binSort,29,11,0.008818566
binSort,29,12,0.008784076
binSort,29,13,0.008823406
binSort,29,14,0.008816046
binSort,29,15,0.008816446
binSort,29,16,0.008787445
binSort,29,17,0.008818715
binSort,29,18,0.008822986
binSort,29,19,0.008818595
binSort,29,20,0.008786135
binSort,29,21,0.008833646
binSort,29,22,0.008822346
binSort,29,23,0.008830356
binSort,29,24,0.008784916
binSort,29,25,0.008827556
binSort,29,26,0.008823436
binSort,29,27,0.008827216
binSort,29,28,0.008790265
binSort,29,29,0.008848526
binSort,29,30,0.008835876
binSort,29,31,0.008836146
binSort,29,32,0.008792475
binSort,29,33,0.008849216
binSort,29,34,0.008853086
binSort,29,35,0.008836486
binSort,29,36,0.008793216
binSort,29,37,0.008823866
binSort,29,38,0.008832676
binSort,29,39,0.008827876
binComputeKeys,29,0,0.000957348
binComputeKeys,29,1,0.000959219
binComputeKeys,29,2,0.000958128
binComputeKeys,29,3,0.000956768
binComputeKeys,29,4,0.000954698
binComputeKeys,29,5,0.000955839
binComputeKeys,29,6,0.000960468
binComputeKeys,29,7,0.000956938
binComputeKeys,29,8,0.000956408
binComputeKeys,29,9,0.000958268
binComputeKeys,29,10,0.000957208
binComputeKeys,29,11,0.000960228
binComputeKeys,29,12,0.000954709
binComputeKeys,29,13,0.000956608
binComputeKeys,29,14,0.000955928
binComputeKeys,29,15,0.000957178
binComputeKeys,29,16,0.000956778
binComputeKeys,29,17,0.000956478
binComputeKeys,29,18,0.000959618
binComputeKeys,29,19,0.000959018
binComputeKeys,29,20,0.000958378
binComputeKeys,29,21,0.000957528
binComputeKeys,29,22,0.000958878
binComputeKeys,29,23,0.000958638
binComputeKeys,29,24,0.000955209
binComputeKeys,29,25,0.000957298
binComputeKeys,29,26,0.000956208
binComputeKeys,29,27,0.000957038
binComputeKeys,29,28,0.000955458
binComputeKeys,29,29,0.000961248
binComputeKeys,29,30,0.000959388
binComputeKeys,29,31,0.000960609
binComputeKeys,29,32,0.000955408
binComputeKeys,29,33,0.000959178
binComputeKeys,29,34,0.000959698
binComputeKeys,29,35,0.000956738
binComputeKeys,29,36,0.000954258
binComputeKeys,29,37,0.000961448
binComputeKeys,29,38,0.000960508
binComputeKeys,29,39,0.000959278
binSortByKey,29,0,0.007579545
binSortByKey,29,1,0.007616375
binSortByKey,29,2,0.007606345
binSortByKey,29,3,0.007623166
binSortByKey,29,4,0.007567495
binSortByKey,29,5,0.007614585
binSortByKey,29,6,0.007608555
binSortByKey,29,7,0.007601735
binSortByKey,29,8,0.007585215
binSortByKey,29,9,0.007617836
binSortByKey,29,10,0.007607535
binSortByKey,29,11,0.007607005
binSortByKey,29,12,0.007581485
binSortByKey,29,13,0.007614906
binSortByKey,29,14,0.007609596
binSortByKey,29,15,0.007604126
binSortByKey,29,16,0.007583115
binSortByKey,29,17,0.007610805
binSortByKey,29,18,0.007611165
binSortByKey,29,19,0.007603645
binSortByKey,29,20,0.007581595
binSortByKey,29,21,0.007618266
binSortByKey,29,22,0.007611525
binSortByKey,29,23,0.007616106
binSortByKey,29,24,0.007582765
binSortByKey,29,25,0.007617805
binSortByKey,29,26,0.007615186
binSortByKey,29,27,0.007615956
binSortByKey,29,28,0.007588795
binSortByKey,29,29,0.007634876
binSortByKey,29,30,0.007625896
binSortByKey,29,31,0.007622595
binSortByKey,29,32,0.007589235
binSortByKey,29,33,0.007639466
binSortByKey,29,34,0.007642166
binSortByKey,29,35,0.007627526
binSortByKey,29,36,0.007591986
binSortByKey,29,37,0.007608856
binSortByKey,29,38,0.007616225
binSortByKey,29,39,0.007616216
binComputeOffsets,29,0,0.000236913
binComputeOffsets,29,1,0.000242592
binComputeOffsets,29,2,0.000243162
binComputeOffsets,29,3,0.000241302
binComputeOffsets,29,4,0.000236832
binComputeOffsets,29,5,0.000241292
binComputeOffsets,29,6,0.000240872
binComputeOffsets,29,7,0.000241283
binComputeOffsets,29,8,0.000236282
binComputeOffsets,29,9,0.000241282
binComputeOffsets,29,10,0.000241212
binComputeOffsets,29,11,0.000241823
binComputeOffsets,29,12,0.000238622
binComputeOffsets,29,13,0.000242522
binComputeOffsets,29,14,0.000241182
binComputeOffsets,29,15,0.000245722
binComputeOffsets,29,16,0.000237172
binComputeOffsets,29,17,0.000242112
binComputeOffsets,29,18,0.000242963
binComputeOffsets,29,19,0.000245032
binComputeOffsets,29,20,0.000236952
binComputeOffsets,29,21,0.000242472
binComputeOffsets,29,22,0.000242522
binComputeOffsets,29,23,0.000245812
binComputeOffsets,29,24,0.000237082
binComputeOffsets,29,25,0.000242923
binComputeOffsets,29,26,0.000242522
binComputeOffsets,29,27,0.000243492
binComputeOffsets,29,28,0.000236712
binComputeOffsets,29,29,0.000242972
binComputeOffsets,29,30,0.000240972
binComputeOffsets,29,31,0.000242802
binComputeOffsets,29,32,0.000236832
binComputeOffsets,29,33,0.000240872
binComputeOffsets,29,34,0.000240862
binComputeOffsets,29,35,0.000241972
binComputeOffsets,29,36,0.000237142
binComputeOffsets,29,37,0.000243352
binComputeOffsets,29,38,0.000241843
binComputeOffsets,29,39,0.000242592
FFTNUFFT1,29,0,0.473942839
FFTNUFFT1,29,1,0.478081555
FFTNUFFT1,29,2,0.473054622
FFTNUFFT1,29,3,0.475050918
FFTNUFFT1,29,4,0.478441108
FFTNUFFT1,29,5,0.472031953
FFTNUFFT1,29,6,0.471503408
FFTNUFFT1,29,7,0.474836787
FFTNUFFT1,29,8,0.478021794
FFTNUFFT1,29,9,0.476931935
deconvolutionNUFFT1,29,0,0.000465084
deconvolutionNUFFT1,29,1,0.000458694
deconvolutionNUFFT1,29,2,0.000466314
deconvolutionNUFFT1,29,3,0.000460654
deconvolutionNUFFT1,29,4,0.000477574
deconvolutionNUFFT1,29,5,0.000460704
deconvolutionNUFFT1,29,6,0.000473975
deconvolutionNUFFT1,29,7,0.000469984
deconvolutionNUFFT1,29,8,0.000465384
deconvolutionNUFFT1,29,9,0.000459504
GatherPIFNUFFT,29,0,1.565105309
GatherPIFNUFFT,29,1,1.567246707
GatherPIFNUFFT,29,2,1.573562241
GatherPIFNUFFT,29,3,1.570079681
GatherPIFNUFFT,29,4,1.564042599
GatherPIFNUFFT,29,5,1.571759535
GatherPIFNUFFT,29,6,1.571280082
GatherPIFNUFFT,29,7,1.570242122
GatherPIFNUFFT,29,8,1.56524514
GatherPIFNUFFT,29,9,1.566010656
NativeNUFFT2,29,0,0.521056914
NativeNUFFT2,29,1,0.513770101
NativeNUFFT2,29,2,0.515334035
NativeNUFFT2,29,3,0.522478306
NativeNUFFT2,29,4,0.514558049
NativeNUFFT2,29,5,0.515280314
NativeNUFFT2,29,6,0.526072237
NativeNUFFT2,29,7,0.51481048
NativeNUFFT2,29,8,0.517736085
NativeNUFFT2,29,9,0.525519072
NativeNUFFT2,29,10,0.513111665
NativeNUFFT2,29,11,0.516508265
NativeNUFFT2,29,12,0.522305904
NativeNUFFT2,29,13,0.512585531
NativeNUFFT2,29,14,0.514208705
NativeNUFFT2,29,15,0.52646047
NativeNUFFT2,29,16,0.515698878
NativeNUFFT2,29,17,0.514652818
NativeNUFFT2,29,18,0.530887288
NativeNUFFT2,29,19,0.512333229
NativeNUFFT2,29,20,0.513114125
NativeNUFFT2,29,21,0.527079165
NativeNUFFT2,29,22,0.513125686
NativeNUFFT2,29,23,0.515082233
NativeNUFFT2,29,24,0.520353968
NativeNUFFT2,29,25,0.515186023
NativeNUFFT2,29,26,0.514760379
NativeNUFFT2,29,27,0.521153135
NativeNUFFT2,29,28,0.514297705
NativeNUFFT2,29,29,0.515633527
PrecorrectionNUFFT2,29,0,0.000888938
PrecorrectionNUFFT2,29,1,0.000861207
PrecorrectionNUFFT2,29,2,0.000860988
PrecorrectionNUFFT2,29,3,0.000893928
PrecorrectionNUFFT2,29,4,0.000862168
PrecorrectionNUFFT2,29,5,0.000862377
PrecorrectionNUFFT2,29,6,0.000896308
PrecorrectionNUFFT2,29,7,0.000862238
PrecorrectionNUFFT2,29,8,0.000860717
PrecorrectionNUFFT2,29,9,0.000886038
PrecorrectionNUFFT2,29,10,0.000864437
PrecorrectionNUFFT2,29,11,0.000860477
PrecorrectionNUFFT2,29,12,0.000890167
PrecorrectionNUFFT2,29,13,0.000869457
PrecorrectionNUFFT2,29,14,0.000862758
PrecorrectionNUFFT2,29,15,0.000891777
PrecorrectionNUFFT2,29,16,0.000867808
PrecorrectionNUFFT2,29,17,0.000861437
PrecorrectionNUFFT2,29,18,0.000889947
PrecorrectionNUFFT2,29,19,0.000862558
PrecorrectionNUFFT2,29,20,0.000864667
PrecorrectionNUFFT2,29,21,0.000896877
PrecorrectionNUFFT2,29,22,0.000864697
PrecorrectionNUFFT2,29,23,0.000862477
PrecorrectionNUFFT2,29,24,0.000894698
PrecorrectionNUFFT2,29,25,0.000864187
PrecorrectionNUFFT2,29,26,0.000868547
PrecorrectionNUFFT2,29,27,0.000887818
PrecorrectionNUFFT2,29,28,0.000862707
PrecorrectionNUFFT2,29,29,0.000860297
FFTNUFFT2,29,0,0.487309954
FFTNUFFT2,29,1,0.476139108
FFTNUFFT2,29,2,0.477277308
FFTNUFFT2,29,3,0.480824828
FFTNUFFT2,29,4,0.476631542
FFTNUFFT2,29,5,0.479290026
FFTNUFFT2,29,6,0.486730369
FFTNUFFT2,29,7,0.479567947
FFTNUFFT2,29,8,0.478235307
FFTNUFFT2,29,9,0.484997024
FFTNUFFT2,29,10,0.479335226
FFTNUFFT2,29,11,0.48214502
FFTNUFFT2,29,12,0.475775095
FFTNUFFT2,29,13,0.474276673
FFTNUFFT2,29,14,0.478401727
FFTNUFFT2,29,15,0.49143268
FFTNUFFT2,29,16,0.475912286
FFTNUFFT2,29,17,0.472023693
FFTNUFFT2,29,18,0.490475892
FFTNUFFT2,29,19,0.478487838
FFTNUFFT2,29,20,0.479356576
FFTNUFFT2,29,21,0.4867474
FFTNUFFT2,29,22,0.479228685
FFTNUFFT2,29,23,0.480161733
FFTNUFFT2,29,24,0.479537158
FFTNUFFT2,29,25,0.479621978
FFTNUFFT2,29,26,0.478165826
FFTNUFFT2,29,27,0.483427931
FFTNUFFT2,29,28,0.473840248
FFTNUFFT2,29,29,0.477000746
GatherNUFFT2,29,0,0.032837092
GatherNUFFT2,29,1,0.036749156
GatherNUFFT2,29,2,0.037175739
GatherNUFFT2,29,3,0.04073901
GatherNUFFT2,29,4,0.037044658
GatherNUFFT2,29,5,0.035107651
GatherNUFFT2,29,6,0.03842593
GatherNUFFT2,29,7,0.034360465
GatherNUFFT2,29,8,0.038619261
GatherNUFFT2,29,9,0.03961516
GatherNUFFT2,29,10,0.032891942
GatherNUFFT2,29,11,0.033481687
GatherNUFFT2,29,12,0.045621271
GatherNUFFT2,29,13,0.037419031
GatherNUFFT2,29,14,0.034924139
GatherNUFFT2,29,15,0.034116333
GatherNUFFT2,29,16,0.038897794
GatherNUFFT2,29,17,0.041747028
GatherNUFFT2,29,18,0.039500869
GatherNUFFT2,29,19,0.032962283
GatherNUFFT2,29,20,0.032870312
GatherNUFFT2,29,21,0.039414798
GatherNUFFT2,29,22,0.033011893
GatherNUFFT2,29,23,0.034037602
GatherNUFFT2,29,24,0.039901762
GatherNUFFT2,29,25,0.034679448
GatherNUFFT2,29,26,0.035706136
GatherNUFFT2,29,27,0.036816316
GatherNUFFT2,29,28,0.039573919
GatherNUFFT2,29,29,0.037751954
mainTimer,30,0,21.264702951
dumpData,30,0,0.01271792
dumpData,30,1,0.012897761
dumpData,30,2,0.012484047
dumpData,30,3,0.01275544
dumpData,30,4,0.011219666
dumpData,30,5,0.012639379
dumpData,30,6,0.011279537
dumpData,30,7,0.012236255
dumpData,30,8,0.012565658
dumpData,30,9,0.012282416
kick,30,0,0.001709385
kick,30,1,0.001768215
kick,30,2,0.001703574
kick,30,3,0.001767865
kick,30,4,0.001703655
kick,30,5,0.001767425
kick,30,6,0.001712465
kick,30,7,0.001766465
kick,30,8,0.001707234
kick,30,9,0.001767636
kick,30,10,0.001747015
kick,30,11,0.001769625
kick,30,12,0.001706025
kick,30,13,0.001767625
kick,30,14,0.001740305
kick,30,15,0.001767235
kick,30,16,0.001715955
kick,30,17,0.001768175
kick,30,18,0.001708015
kick,30,19,0.001770475
drift,30,0,0.001720254
drift,30,1,0.001717955
drift,30,2,0.001718985
drift,30,3,0.001719305
drift,30,4,0.001719665
drift,30,5,0.001719525
drift,30,6,0.001721684
drift,30,7,0.001721725
drift,30,8,0.001721695
drift,30,9,0.001721264
particleBC,30,0,0.00348755
particleBC,30,1,0.00349632
particleBC,30,2,0.00348755
particleBC,30,3,0.00349464
particleBC,30,4,0.00349571
particleBC,30,5,0.00348975
particleBC,30,6,0.00349539
particleBC,30,7,0.00349092
particleBC,30,8,0.00349401
particleBC,30,9,0.00349306
updateParticle,30,0,0.01509788
updateParticle,30,1,0.012902841
updateParticle,30,2,0.012430966
updateParticle,30,3,0.012739999
updateParticle,30,4,0.013392695
updateParticle,30,5,0.012625968
updateParticle,30,6,0.012841051
updateParticle,30,7,0.012173295
updateParticle,30,8,0.011439158
updateParticle,30,9,0.011653921
locateParticles,30,0,0.001471983
locateParticles,30,1,0.001473813
locateParticles,30,2,0.001486593
locateParticles,30,3,0.001463512
locateParticles,30,4,0.001451873
locateParticles,30,5,0.001467982
locateParticles,30,6,0.001476363
locateParticles,30,7,0.001467593
locateParticles,30,8,0.001455172
locateParticles,30,9,0.001464873
sendPreprocess,30,0,0.001289501
sendPreprocess,30,1,0.001334281
sendPreprocess,30,2,0.001329851
sendPreprocess,30,3,0.001336352
sendPreprocess,30,4,0.001360521
sendPreprocess,30,5,0.001297741
sendPreprocess,30,6,0.001315561
sendPreprocess,30,7,0.001341131
sendPreprocess,30,8,0.001393152
sendPreprocess,30,9,0.001446973
particleSend,30,0,0.001315711
particleSend,30,1,0.001195701
particleSend,30,2,0.001254661
particleSend,30,3,0.0012134
particleSend,30,4,0.001301591
particleSend,30,5,0.001349901
particleSend,30,6,0.001297691
particleSend,30,7,0.001205511
particleSend,30,8,0.001201241
particleSend,30,9,0.00120082
particleRecv,30,0,3.6591e-05
particleRecv,30,1,3.562e-05
particleRecv,30,2,3.653e-05
particleRecv,30,3,3.7681e-05
particleRecv,30,4,3.23e-05
particleRecv,30,5,3.4721e-05
particleRecv,30,6,3.956e-05
particleRecv,30,7,3.883e-05
particleRecv,30,8,4.308e-05
particleRecv,30,9,3.295e-05
particleDestroy,30,0,0.004983933
particleDestroy,30,1,0.004968793
particleDestroy,30,2,0.004988053
particleDestroy,30,3,0.004991342
particleDestroy,30,4,0.004992213
particleDestroy,30,5,0.005003443
particleDestroy,30,6,0.004978683
particleDestroy,30,7,0.004985533
particleDestroy,30,8,0.004990113
particleDestroy,30,9,0.004986183
ScatterPIFNUFFT,30,0,0.508056522
ScatterPIFNUFFT,30,1,0.001120919
ScatterPIFNUFFT,30,2,0.509992519
ScatterPIFNUFFT,30,3,0.00111636
ScatterPIFNUFFT,30,4,0.514704319
ScatterPIFNUFFT,30,5,0.00111325
ScatterPIFNUFFT,30,6,0.512063147
ScatterPIFNUFFT,30,7,0.0011155
ScatterPIFNUFFT,30,8,0.509584996
ScatterPIFNUFFT,30,9,0.00111263
ScatterPIFNUFFT,30,10,0.512380929
ScatterPIFNUFFT,30,11,0.00111413
ScatterPIFNUFFT,30,12,0.520454689
ScatterPIFNUFFT,30,13,0.001114849
ScatterPIFNUFFT,30,14,0.511829484
ScatterPIFNUFFT,30,15,0.001117429
ScatterPIFNUFFT,30,16,0.515795029
ScatterPIFNUFFT,30,17,0.00111196
ScatterPIFNUFFT,30,18,0.512112367
ScatterPIFNUFFT,30,19,0.001112849
NativeNUFFT1,30,0,0.504114778
NativeNUFFT1,30,1,0.505526671
NativeNUFFT1,30,2,0.51016082
NativeNUFFT1,30,3,0.507702179
NativeNUFFT1,30,4,0.505627592
NativeNUFFT1,30,5,0.508641397
NativeNUFFT1,30,6,0.516094072
NativeNUFFT1,30,7,0.507157994
NativeNUFFT1,30,8,0.511129029
NativeNUFFT1,30,9,0.507632949
scatterTimerNUFFT1,30,0,0.038665672
scatterTimerNUFFT1,30,1,0.038729143
scatterTimerNUFFT1,30,2,0.040451357
scatterTimerNUFFT1,30,3,0.040129634
scatterTimerNUFFT1,30,4,0.038942975
scatterTimerNUFFT1,30,5,0.039865932
scatterTimerNUFFT1,30,6,0.039109836
scatterTimerNUFFT1,30,7,0.039056425
scatterTimerNUFFT1,30,8,0.039502149
scatterTimerNUFFT1,30,9,0.038527591
binSort,30,0,0.008785286
binSort,30,1,0.008817596
binSort,30,2,0.008808416
binSort,30,3,0.008811316
binSort,30,4,0.008789855
binSort,30,5,0.008809036
binSort,30,6,0.008816446
binSort,30,7,0.008802806
binSort,30,8,0.008768815
binSort,30,9,0.008827956
binSort,30,10,0.008804946
binSort,30,11,0.008838365
binSort,30,12,0.008779835
binSort,30,13,0.008817016
binSort,30,14,0.008819776
binSort,30,15,0.008809636
binSort,30,16,0.008782395
binSort,30,17,0.008822356
binSort,30,18,0.008801206
binSort,30,19,0.008813996
binSort,30,20,0.008787175
binSort,30,21,0.008833606
binSort,30,22,0.008830466
binSort,30,23,0.008821456
binSort,30,24,0.008799675
binSort,30,25,0.008824485
binSort,30,26,0.008821296
binSort,30,27,0.008831036
binSort,30,28,0.008789966
binSort,30,29,0.008825856
binSort,30,30,0.008836436
binSort,30,31,0.008827766
binSort,30,32,0.008796655
binSort,30,33,0.008824876
binSort,30,34,0.008824515
binSort,30,35,0.008812326
binSort,30,36,0.008784565
binSort,30,37,0.008827216
binSort,30,38,0.008807826
binSort,30,39,0.008819086
binComputeKeys,30,0,0.000957059
binComputeKeys,30,1,0.000962318
binComputeKeys,30,2,0.000958098
binComputeKeys,30,3,0.000954778
binComputeKeys,30,4,0.000954428
binComputeKeys,30,5,0.000957018
binComputeKeys,30,6,0.000958718
binComputeKeys,30,7,0.000958568
binComputeKeys,30,8,0.000955918
binComputeKeys,30,9,0.000958498
binComputeKeys,30,10,0.000962018
binComputeKeys,30,11,0.000981778
binComputeKeys,30,12,0.000955238
binComputeKeys,30,13,0.000958359
binComputeKeys,30,14,0.000958788
binComputeKeys,30,15,0.000957469
binComputeKeys,30,16,0.000955038
binComputeKeys,30,17,0.000959698
binComputeKeys,30,18,0.000958569
binComputeKeys,30,19,0.000959408
binComputeKeys,30,20,0.000954948
binComputeKeys,30,21,0.000960128
binComputeKeys,30,22,0.000958628
binComputeKeys,30,23,0.000961899
binComputeKeys,30,24,0.000956238
binComputeKeys,30,25,0.000958208
binComputeKeys,30,26,0.000960898
binComputeKeys,30,27,0.000963938
binComputeKeys,30,28,0.000953098
binComputeKeys,30,29,0.000958669
binComputeKeys,30,30,0.000960178
binComputeKeys,30,31,0.000961659
binComputeKeys,30,32,0.000953088
binComputeKeys,30,33,0.000962239
binComputeKeys,30,34,0.000957428
binComputeKeys,30,35,0.000959319
binComputeKeys,30,36,0.000954098
binComputeKeys,30,37,0.000955168
binComputeKeys,30,38,0.000957378
binComputeKeys,30,39,0.000958488
binSortByKey,30,0,0.007581685
binSortByKey,30,1,0.007600536
binSortByKey,30,2,0.007599145
binSortByKey,30,3,0.007605965
binSortByKey,30,4,0.007584045
binSortByKey,30,5,0.007599645
binSortByKey,30,6,0.007605206
binSortByKey,30,7,0.007592516
binSortByKey,30,8,0.007566485
binSortByKey,30,9,0.007618806
binSortByKey,30,10,0.007592075
binSortByKey,30,11,0.007605195
binSortByKey,30,12,0.007578505
binSortByKey,30,13,0.007606245
binSortByKey,30,14,0.007605846
binSortByKey,30,15,0.007599615
binSortByKey,30,16,0.007580045
binSortByKey,30,17,0.007610986
binSortByKey,30,18,0.007591555
binSortByKey,30,19,0.007602616
binSortByKey,30,20,0.007584665
binSortByKey,30,21,0.007622505
binSortByKey,30,22,0.007617825
binSortByKey,30,23,0.007608635
binSortByKey,30,24,0.007597065
binSortByKey,30,25,0.007614745
binSortByKey,30,26,0.007607936
binSortByKey,30,27,0.007614355
binSortByKey,30,28,0.007590846
binSortByKey,30,29,0.007614885
binSortByKey,30,30,0.007624205
binSortByKey,30,31,0.007613925
binSortByKey,30,32,0.007591185
binSortByKey,30,33,0.007610005
binSortByKey,30,34,0.007616105
binSortByKey,30,35,0.007602225
binSortByKey,30,36,0.007583315
binSortByKey,30,37,0.007620056
binSortByKey,30,38,0.007598435
binSortByKey,30,39,0.007609646
binComputeOffsets,30,0,0.000237182
binComputeOffsets,30,1,0.000244642
binComputeOffsets,30,2,0.000241432
binComputeOffsets,30,3,0.000241122
binComputeOffsets,30,4,0.000242022
binComputeOffsets,30,5,0.000242603
binComputeOffsets,30,6,0.000242412
binComputeOffsets,30,7,0.000241292
binComputeOffsets,30,8,0.000237022
binComputeOffsets,30,9,0.000241222
binComputeOffsets,30,10,0.000241363
binComputeOffsets,30,11,0.000241972
binComputeOffsets,30,12,0.000236682
binComputeOffsets,30,13,0.000242722
binComputeOffsets,30,14,0.000244012
binComputeOffsets,30,15,0.000242702
binComputeOffsets,30,16,0.000237192
binComputeOffsets,30,17,0.000241972
binComputeOffsets,30,18,0.000240842
binComputeOffsets,30,19,0.000241982
binComputeOffsets,30,20,0.000238072
binComputeOffsets,30,21,0.000241562
binComputeOffsets,30,22,0.000242912
binComputeOffsets,30,23,0.000240652
binComputeOffsets,30,24,0.000237042
binComputeOffsets,30,25,0.000241842
binComputeOffsets,30,26,0.000243022
binComputeOffsets,30,27,0.000242342
binComputeOffsets,30,28,0.000236702
binComputeOffsets,30,29,0.000242172
binComputeOffsets,30,30,0.000241782
binComputeOffsets,30,31,0.000241622
binComputeOffsets,30,32,0.000237152
binComputeOffsets,30,33,0.000242602
binComputeOffsets,30,34,0.000240482
binComputeOffsets,30,35,0.000241332
binComputeOffsets,30,36,0.000237052
binComputeOffsets,30,37,0.000242352
binComputeOffsets,30,38,0.000242443
binComputeOffsets,30,39,0.000241072
FFTNUFFT1,30,0,0.464966082
FFTNUFFT1,30,1,0.466321114
FFTNUFFT1,30,2,0.469237439
FFTNUFFT1,30,3,0.467096911
FFTNUFFT1,30,4,0.466198973
FFTNUFFT1,30,5,0.468299991
FFTNUFFT1,30,6,0.476505842
FFTNUFFT1,30,7,0.467616015
FFTNUFFT1,30,8,0.471145196
FFTNUFFT1,30,9,0.468624914
deconvolutionNUFFT1,30,0,0.000471354
deconvolutionNUFFT1,30,1,0.000465124
deconvolutionNUFFT1,30,2,0.000460184
deconvolutionNUFFT1,30,3,0.000463764
deconvolutionNUFFT1,30,4,0.000472974
deconvolutionNUFFT1,30,5,0.000463504
deconvolutionNUFFT1,30,6,0.000467304
deconvolutionNUFFT1,30,7,0.000474184
deconvolutionNUFFT1,30,8,0.000466994
deconvolutionNUFFT1,30,9,0.000468484
GatherPIFNUFFT,30,0,1.573807283
GatherPIFNUFFT,30,1,1.578041819
GatherPIFNUFFT,30,2,1.576010481
GatherPIFNUFFT,30,3,1.577025471
GatherPIFNUFFT,30,4,1.577418004
GatherPIFNUFFT,30,5,1.574303808
GatherPIFNUFFT,30,6,1.565973456
GatherPIFNUFFT,30,7,1.576467896
GatherPIFNUFFT,30,8,1.571022339
GatherPIFNUFFT,30,9,1.573512661
NativeNUFFT2,30,0,0.53103954
NativeNUFFT2,30,1,0.512516861
NativeNUFFT2,30,2,0.515315305
NativeNUFFT2,30,3,0.533999474
NativeNUFFT2,30,4,0.51479089
NativeNUFFT2,30,5,0.514217906
NativeNUFFT2,30,6,0.5288575
NativeNUFFT2,30,7,0.514512657
NativeNUFFT2,30,8,0.517716145
NativeNUFFT2,30,9,0.531909507
NativeNUFFT2,30,10,0.514524708
NativeNUFFT2,30,11,0.515556107
NativeNUFFT2,30,12,0.534368339
NativeNUFFT2,30,13,0.513276767
NativeNUFFT2,30,14,0.514849101
NativeNUFFT2,30,15,0.529422856
NativeNUFFT2,30,16,0.515667107
NativeNUFFT2,30,17,0.514272975
NativeNUFFT2,30,18,0.524570024
NativeNUFFT2,30,19,0.512110267
NativeNUFFT2,30,20,0.514361857
NativeNUFFT2,30,21,0.5334206
NativeNUFFT2,30,22,0.512959295
NativeNUFFT2,30,23,0.515170303
NativeNUFFT2,30,24,0.526508931
NativeNUFFT2,30,25,0.515163143
NativeNUFFT2,30,26,0.514428837
NativeNUFFT2,30,27,0.530002391
NativeNUFFT2,30,28,0.514109985
NativeNUFFT2,30,29,0.514461037
PrecorrectionNUFFT2,30,0,0.000895128
PrecorrectionNUFFT2,30,1,0.000866678
PrecorrectionNUFFT2,30,2,0.000861518
PrecorrectionNUFFT2,30,3,0.000886787
PrecorrectionNUFFT2,30,4,0.000869737
PrecorrectionNUFFT2,30,5,0.000865628
PrecorrectionNUFFT2,30,6,0.000890897
PrecorrectionNUFFT2,30,7,0.000869757
PrecorrectionNUFFT2,30,8,0.000865487
PrecorrectionNUFFT2,30,9,0.000889378
PrecorrectionNUFFT2,30,10,0.000863977
PrecorrectionNUFFT2,30,11,0.000868367
PrecorrectionNUFFT2,30,12,0.000885648
PrecorrectionNUFFT2,30,13,0.000867957
PrecorrectionNUFFT2,30,14,0.000863418
PrecorrectionNUFFT2,30,15,0.000886778
PrecorrectionNUFFT2,30,16,0.000863497
PrecorrectionNUFFT2,30,17,0.000865857
PrecorrectionNUFFT2,30,18,0.000891898
PrecorrectionNUFFT2,30,19,0.000866037
PrecorrectionNUFFT2,30,20,0.000867668
PrecorrectionNUFFT2,30,21,0.000886118
PrecorrectionNUFFT2,30,22,0.000863148
PrecorrectionNUFFT2,30,23,0.000864457
PrecorrectionNUFFT2,30,24,0.000888838
PrecorrectionNUFFT2,30,25,0.000870098
PrecorrectionNUFFT2,30,26,0.000863347
PrecorrectionNUFFT2,30,27,0.000898928
PrecorrectionNUFFT2,30,28,0.000864257
PrecorrectionNUFFT2,30,29,0.000864268
FFTNUFFT2,30,0,0.486597128
FFTNUFFT2,30,1,0.469061967
FFTNUFFT2,30,2,0.47867619
FFTNUFFT2,30,3,0.484324319
FFTNUFFT2,30,4,0.477791383
FFTNUFFT2,30,5,0.468670194
FFTNUFFT2,30,6,0.484665482
FFTNUFFT2,30,7,0.471386988
FFTNUFFT2,30,8,0.470286888
FFTNUFFT2,30,9,0.487442435
FFTNUFFT2,30,10,0.479346886
FFTNUFFT2,30,11,0.469559011
FFTNUFFT2,30,12,0.487725538
FFTNUFFT2,30,13,0.471425168
FFTNUFFT2,30,14,0.471112805
FFTNUFFT2,30,15,0.487222294
FFTNUFFT2,30,16,0.470287198
FFTNUFFT2,30,17,0.4716957
FFTNUFFT2,30,18,0.476637192
FFTNUFFT2,30,19,0.469550422
FFTNUFFT2,30,20,0.471324587
FFTNUFFT2,30,21,0.488653285
FFTNUFFT2,30,22,0.475273891
FFTNUFFT2,30,23,0.470031616
FFTNUFFT2,30,24,0.48336674
FFTNUFFT2,30,25,0.470720851
FFTNUFFT2,30,26,0.469697883
FFTNUFFT2,30,27,0.487815549
FFTNUFFT2,30,28,0.476779644
FFTNUFFT2,30,29,0.469742833
GatherNUFFT2,30,0,0.043527194
GatherNUFFT2,30,1,0.042566826
GatherNUFFT2,30,2,0.035757307
GatherNUFFT2,30,3,0.048769098
GatherNUFFT2,30,4,0.03610853
GatherNUFFT2,30,5,0.044662464
GatherNUFFT2,30,6,0.043281751
GatherNUFFT2,30,7,0.042235482
GatherNUFFT2,30,8,0.0465434
GatherNUFFT2,30,9,0.043558124
GatherNUFFT2,30,10,0.034293274
GatherNUFFT2,30,11,0.045106408
GatherNUFFT2,30,12,0.045736792
GatherNUFFT2,30,13,0.040962582
GatherNUFFT2,30,14,0.042852908
GatherNUFFT2,30,15,0.041294144
GatherNUFFT2,30,16,0.044496132
GatherNUFFT2,30,17,0.041691648
GatherNUFFT2,30,18,0.047020634
GatherNUFFT2,30,19,0.041672948
GatherNUFFT2,30,20,0.042145932
GatherNUFFT2,30,21,0.043861227
GatherNUFFT2,30,22,0.036802156
GatherNUFFT2,30,23,0.04425363
GatherNUFFT2,30,24,0.042231663
GatherNUFFT2,30,25,0.043552074
GatherNUFFT2,30,26,0.043847697
GatherNUFFT2,30,27,0.041267784
GatherNUFFT2,30,28,0.036445293
GatherNUFFT2,30,29,0.043834186
mainTimer,31,0,21.264703141
dumpData,31,0,0.010776133
dumpData,31,1,0.010922164
dumpData,31,2,0.011333567
dumpData,31,3,0.010842513
dumpData,31,4,0.010170027
dumpData,31,5,0.010644342
dumpData,31,6,0.010221988
dumpData,31,7,0.010375369
dumpData,31,8,0.011453668
dumpData,31,9,0.011318748
kick,31,0,0.001842276
kick,31,1,0.001881006
kick,31,2,0.001856986
kick,31,3,0.001882106
kick,31,4,0.001854866
kick,31,5,0.001883937
kick,31,6,0.001843186
kick,31,7,0.001880117
kick,31,8,0.001855256
kick,31,9,0.001881007
kick,31,10,0.001879616
kick,31,11,0.001880956
kick,31,12,0.001859066
kick,31,13,0.001883336
kick,31,14,0.001870196
kick,31,15,0.001887236
kick,31,16,0.001864186
kick,31,17,0.001879966
kick,31,18,0.001838146
kick,31,19,0.001882226
drift,31,0,0.001831595
drift,31,1,0.001832345
drift,31,2,0.001832256
drift,31,3,0.001832416
drift,31,4,0.001835295
drift,31,5,0.001828936
drift,31,6,0.001836306
drift,31,7,0.001828816
drift,31,8,0.001833816
drift,31,9,0.001830605
particleBC,31,0,0.003723772
particleBC,31,1,0.003720472
particleBC,31,2,0.003724332
particleBC,31,3,0.003724092
particleBC,31,4,0.003722192
particleBC,31,5,0.003719512
particleBC,31,6,0.003718882
particleBC,31,7,0.003717692
particleBC,31,8,0.003721462
particleBC,31,9,0.003715192
updateParticle,31,0,0.015491493
updateParticle,31,1,0.012453947
updateParticle,31,2,0.012421917
updateParticle,31,3,0.012442367
updateParticle,31,4,0.014299043
updateParticle,31,5,0.01282403
updateParticle,31,6,0.012657288
updateParticle,31,7,0.011721251
updateParticle,31,8,0.011541499
updateParticle,31,9,0.011719781
locateParticles,31,0,0.001545234
locateParticles,31,1,0.001560674
locateParticles,31,2,0.001557053
locateParticles,31,3,0.001571913
locateParticles,31,4,0.001556744
locateParticles,31,5,0.001548203
locateParticles,31,6,0.001542523
locateParticles,31,7,0.001566544
locateParticles,31,8,0.001608054
locateParticles,31,9,0.001550214
sendPreprocess,31,0,0.000736696
sendPreprocess,31,1,0.000757926
sendPreprocess,31,2,0.000760877
sendPreprocess,31,3,0.000754627
sendPreprocess,31,4,0.000767876
sendPreprocess,31,5,0.000751687
sendPreprocess,31,6,0.000759826
sendPreprocess,31,7,0.000774546
sendPreprocess,31,8,0.000749796
sendPreprocess,31,9,0.000901278
particleSend,31,0,0.001265131
particleSend,31,1,0.001264101
particleSend,31,2,0.001234011
particleSend,31,3,0.00122197
particleSend,31,4,0.00121517
particleSend,31,5,0.001266991
particleSend,31,6,0.00126553
particleSend,31,7,0.001272491
particleSend,31,8,0.001232231
particleSend,31,9,0.00126173
particleRecv,31,0,3.487e-05
particleRecv,31,1,3.525e-05
particleRecv,31,2,3.6e-05
particleRecv,31,3,3.8431e-05
particleRecv,31,4,3.47e-05
particleRecv,31,5,3.594e-05
particleRecv,31,6,3.6071e-05
particleRecv,31,7,3.354e-05
particleRecv,31,8,4.769e-05
particleRecv,31,9,3.5491e-05
particleDestroy,31,0,0.005399177
particleDestroy,31,1,0.005386176
particleDestroy,31,2,0.005397096
particleDestroy,31,3,0.005384106
particleDestroy,31,4,0.005371526
particleDestroy,31,5,0.005401516
particleDestroy,31,6,0.005391646
particleDestroy,31,7,0.005388336
particleDestroy,31,8,0.005397497
particleDestroy,31,9,0.005358236
ScatterPIFNUFFT,31,0,0.511587692
ScatterPIFNUFFT,31,1,0.0011122
ScatterPIFNUFFT,31,2,0.511013307
ScatterPIFNUFFT,31,3,0.00111513
ScatterPIFNUFFT,31,4,0.517404642
ScatterPIFNUFFT,31,5,0.00111648
ScatterPIFNUFFT,31,6,0.509517205
ScatterPIFNUFFT,31,7,0.001115549
ScatterPIFNUFFT,31,8,0.511215619
ScatterPIFNUFFT,31,9,0.00111154
ScatterPIFNUFFT,31,10,0.513661921
ScatterPIFNUFFT,31,11,0.001114699
ScatterPIFNUFFT,31,12,0.513338217
ScatterPIFNUFFT,31,13,0.00111353
ScatterPIFNUFFT,31,14,0.516996579
ScatterPIFNUFFT,31,15,0.0011128
ScatterPIFNUFFT,31,16,0.511507002
ScatterPIFNUFFT,31,17,0.00112017
ScatterPIFNUFFT,31,18,0.51586963
ScatterPIFNUFFT,31,19,0.001112829
NativeNUFFT1,31,0,0.50775984
NativeNUFFT1,31,1,0.506414028
NativeNUFFT1,31,2,0.513145576
NativeNUFFT1,31,3,0.505093797
NativeNUFFT1,31,4,0.507377396
NativeNUFFT1,31,5,0.509585596
NativeNUFFT1,31,6,0.509075141
NativeNUFFT1,31,7,0.512164167
NativeNUFFT1,31,8,0.507081644
NativeNUFFT1,31,9,0.511734744
scatterTimerNUFFT1,31,0,0.039432458
scatterTimerNUFFT1,31,1,0.039039776
scatterTimerNUFFT1,31,2,0.041765508
scatterTimerNUFFT1,31,3,0.040485598
scatterTimerNUFFT1,31,4,0.039272557
scatterTimerNUFFT1,31,5,0.040114594
scatterTimerNUFFT1,31,6,0.039456139
scatterTimerNUFFT1,31,7,0.039111076
scatterTimerNUFFT1,31,8,0.04071611
scatterTimerNUFFT1,31,9,0.03962773
binSort,31,0,0.00934282
binSort,31,1,0.009384771
binSort,31,2,0.00937409
binSort,31,3,0.009368551
binSort,31,4,0.00934222
binSort,31,5,0.00937372
binSort,31,6,0.00938838
binSort,31,7,0.009383731
binSort,31,8,0.00933844
binSort,31,9,0.00937024
binSort,31,10,0.009373711
binSort,31,11,0.00937852
binSort,31,12,0.009349701
binSort,31,13,0.009365681
binSort,31,14,0.009380131
binSort,31,15,0.009372551
binSort,31,16,0.00933775
binSort,31,17,0.00938658
binSort,31,18,0.009392501
binSort,31,19,0.009381531
binSort,31,20,0.00934288
binSort,31,21,0.009382491
binSort,31,22,0.00937448
binSort,31,23,0.00937993
binSort,31,24,0.00935326
binSort,31,25,0.00939531
binSort,31,26,0.00938212
binSort,31,27,0.009372841
binSort,31,28,0.0093488
binSort,31,29,0.009377081
binSort,31,30,0.009377551
binSort,31,31,0.009448641
binSort,31,32,0.00936094
binSort,31,33,0.009382211
binSort,31,34,0.009377011
binSort,31,35,0.00936781
binSort,31,36,0.00935925
binSort,31,37,0.00937561
binSort,31,38,0.009363201
binSort,31,39,0.009358471
binComputeKeys,31,0,0.001014729
binComputeKeys,31,1,0.001019359
binComputeKeys,31,2,0.001018179
binComputeKeys,31,3,0.001017739
binComputeKeys,31,4,0.001016498
binComputeKeys,31,5,0.001021139
binComputeKeys,31,6,0.001021748
binComputeKeys,31,7,0.001018339
binComputeKeys,31,8,0.001016219
binComputeKeys,31,9,0.001019359
binComputeKeys,31,10,0.001019469
binComputeKeys,31,11,0.001022379
binComputeKeys,31,12,0.001018139
binComputeKeys,31,13,0.001017239
binComputeKeys,31,14,0.001022309
binComputeKeys,31,15,0.001020229
binComputeKeys,31,16,0.001015399
binComputeKeys,31,17,0.001022398
binComputeKeys,31,18,0.001019079
binComputeKeys,31,19,0.001019239
binComputeKeys,31,20,0.001016319
binComputeKeys,31,21,0.001017999
binComputeKeys,31,22,0.001020419
binComputeKeys,31,23,0.001019929
binComputeKeys,31,24,0.001016169
binComputeKeys,31,25,0.001034789
binComputeKeys,31,26,0.001022709
binComputeKeys,31,27,0.001022329
binComputeKeys,31,28,0.001017469
binComputeKeys,31,29,0.001019319
binComputeKeys,31,30,0.001020269
binComputeKeys,31,31,0.001031009
binComputeKeys,31,32,0.001016749
binComputeKeys,31,33,0.001017279
binComputeKeys,31,34,0.001021099
binComputeKeys,31,35,0.001018218
binComputeKeys,31,36,0.001015128
binComputeKeys,31,37,0.001022758
binComputeKeys,31,38,0.001018299
binComputeKeys,31,39,0.001016969
binSortByKey,31,0,0.008069139
binSortByKey,31,1,0.00810014
binSortByKey,31,2,0.008092579
binSortByKey,31,3,0.008088259
binSortByKey,31,4,0.00806732
binSortByKey,31,5,0.008090049
binSortByKey,31,6,0.00808742
binSortByKey,31,7,0.00810259
binSortByKey,31,8,0.008063449
binSortByKey,31,9,0.008087609
binSortByKey,31,10,0.00809035
binSortByKey,31,11,0.008090789
binSortByKey,31,12,0.00806845
binSortByKey,31,13,0.008083749
binSortByKey,31,14,0.008095199
binSortByKey,31,15,0.008088699
binSortByKey,31,16,0.008062689
binSortByKey,31,17,0.00810012
binSortByKey,31,18,0.008109119
binSortByKey,31,19,0.00809825
binSortByKey,31,20,0.008067539
binSortByKey,31,21,0.00810118
binSortByKey,31,22,0.008089069
binSortByKey,31,23,0.008096259
binSortByKey,31,24,0.008077909
binSortByKey,31,25,0.008092949
binSortByKey,31,26,0.008095889
binSortByKey,31,27,0.008087729
binSortByKey,31,28,0.008072469
binSortByKey,31,29,0.008093709
binSortByKey,31,30,0.00808976
binSortByKey,31,31,0.00813381
binSortByKey,31,32,0.008081999
binSortByKey,31,33,0.008102039
binSortByKey,31,34,0.008092899
binSortByKey,31,35,0.00808625
binSortByKey,31,36,0.00808531
binSortByKey,31,37,0.008088079
binSortByKey,31,38,0.008080499
binSortByKey,31,39,0.00807735
binComputeOffsets,31,0,0.000249092
binComputeOffsets,31,1,0.000255022
binComputeOffsets,31,2,0.000254002
binComputeOffsets,31,3,0.000253143
binComputeOffsets,31,4,0.000249142
binComputeOffsets,31,5,0.000253182
binComputeOffsets,31,6,0.000269902
binComputeOffsets,31,7,0.000253512
binComputeOffsets,31,8,0.000249242
binComputeOffsets,31,9,0.000254082
binComputeOffsets,31,10,0.000254322
binComputeOffsets,31,11,0.000255142
binComputeOffsets,31,12,0.000248832
binComputeOffsets,31,13,0.000254433
binComputeOffsets,31,14,0.000253013
binComputeOffsets,31,15,0.000253902
binComputeOffsets,31,16,0.000249272
binComputeOffsets,31,17,0.000254492
binComputeOffsets,31,18,0.000254923
binComputeOffsets,31,19,0.000254602
binComputeOffsets,31,20,0.000249782
binComputeOffsets,31,21,0.000253612
binComputeOffsets,31,22,0.000254162
binComputeOffsets,31,23,0.000254242
binComputeOffsets,31,24,0.000249602
binComputeOffsets,31,25,0.000258192
binComputeOffsets,31,26,0.000254172
binComputeOffsets,31,27,0.000253283
binComputeOffsets,31,28,0.000249612
binComputeOffsets,31,29,0.000254083
binComputeOffsets,31,30,0.000258102
binComputeOffsets,31,31,0.000267612
binComputeOffsets,31,32,0.000249612
binComputeOffsets,31,33,0.000253533
binComputeOffsets,31,34,0.000253473
binComputeOffsets,31,35,0.000253022
binComputeOffsets,31,36,0.000249222
binComputeOffsets,31,37,0.000255222
binComputeOffsets,31,38,0.000254053
binComputeOffsets,31,39,0.000254232
FFTNUFFT1,31,0,0.467854097
FFTNUFFT1,31,1,0.466902748
FFTNUFFT1,31,2,0.470906254
FFTNUFFT1,31,3,0.464125985
FFTNUFFT1,31,4,0.467626525
FFTNUFFT1,31,5,0.468989847
FFTNUFFT1,31,6,0.469138578
FFTNUFFT1,31,7,0.472580207
FFTNUFFT1,31,8,0.46586511
FFTNUFFT1,31,9,0.47163683
deconvolutionNUFFT1,31,0,0.000462013
deconvolutionNUFFT1,31,1,0.000460314
deconvolutionNUFFT1,31,2,0.000462724
deconvolutionNUFFT1,31,3,0.000470794
deconvolutionNUFFT1,31,4,0.000465764
deconvolutionNUFFT1,31,5,0.000469724
deconvolutionNUFFT1,31,6,0.000469074
deconvolutionNUFFT1,31,7,0.000461724
deconvolutionNUFFT1,31,8,0.000484534
deconvolutionNUFFT1,31,9,0.000458584
GatherPIFNUFFT,31,0,1.571006449
GatherPIFNUFFT,31,1,1.579169249
GatherPIFNUFFT,31,2,1.574199886
GatherPIFNUFFT,31,3,1.580968095
GatherPIFNUFFT,31,4,1.575669659
GatherPIFNUFFT,31,5,1.573994915
GatherPIFNUFFT,31,6,1.573798493
GatherPIFNUFFT,31,7,1.572414471
GatherPIFNUFFT,31,8,1.57573232
GatherPIFNUFFT,31,9,1.570026331
NativeNUFFT2,31,0,0.527639151
NativeNUFFT2,31,1,0.512733332
NativeNUFFT2,31,2,0.515001062
NativeNUFFT2,31,3,0.534232537
NativeNUFFT2,31,4,0.514515837
NativeNUFFT2,31,5,0.51479571
NativeNUFFT2,31,6,0.527467219
NativeNUFFT2,31,7,0.51361902
NativeNUFFT2,31,8,0.517486603
NativeNUFFT2,31,9,0.534974533
NativeNUFFT2,31,10,0.514705639
NativeNUFFT2,31,11,0.515672788
NativeNUFFT2,31,12,0.531972548
NativeNUFFT2,31,13,0.513125756
NativeNUFFT2,31,14,0.514932692
NativeNUFFT2,31,15,0.529133963
NativeNUFFT2,31,16,0.515281644
NativeNUFFT2,31,17,0.513896132
NativeNUFFT2,31,18,0.532355501
NativeNUFFT2,31,19,0.512059067
NativeNUFFT2,31,20,0.513508599
NativeNUFFT2,31,21,0.52877324
NativeNUFFT2,31,22,0.513341627
NativeNUFFT2,31,23,0.514508427
NativeNUFFT2,31,24,0.530685596
NativeNUFFT2,31,25,0.514949221
NativeNUFFT2,31,26,0.514457727
NativeNUFFT2,31,27,0.526805503
NativeNUFFT2,31,28,0.513792192
NativeNUFFT2,31,29,0.513803372
PrecorrectionNUFFT2,31,0,0.000888098
PrecorrectionNUFFT2,31,1,0.000863648
PrecorrectionNUFFT2,31,2,0.000870037
PrecorrectionNUFFT2,31,3,0.000895878
PrecorrectionNUFFT2,31,4,0.000867937
PrecorrectionNUFFT2,31,5,0.000861237
PrecorrectionNUFFT2,31,6,0.000894308
PrecorrectionNUFFT2,31,7,0.000861397
PrecorrectionNUFFT2,31,8,0.000864427
PrecorrectionNUFFT2,31,9,0.000893668
PrecorrectionNUFFT2,31,10,0.000863917
PrecorrectionNUFFT2,31,11,0.000861898
PrecorrectionNUFFT2,31,12,0.000901368
PrecorrectionNUFFT2,31,13,0.000867958
PrecorrectionNUFFT2,31,14,0.000862448
PrecorrectionNUFFT2,31,15,0.000899128
PrecorrectionNUFFT2,31,16,0.000862827
PrecorrectionNUFFT2,31,17,0.000877857
PrecorrectionNUFFT2,31,18,0.000891268
PrecorrectionNUFFT2,31,19,0.000864068
PrecorrectionNUFFT2,31,20,0.000871668
PrecorrectionNUFFT2,31,21,0.000887838
PrecorrectionNUFFT2,31,22,0.000863327
PrecorrectionNUFFT2,31,23,0.000870627
PrecorrectionNUFFT2,31,24,0.000896437
PrecorrectionNUFFT2,31,25,0.000871497
PrecorrectionNUFFT2,31,26,0.000863677
PrecorrectionNUFFT2,31,27,0.000889827
PrecorrectionNUFFT2,31,28,0.000874278
PrecorrectionNUFFT2,31,29,0.000864998
FFTNUFFT2,31,0,0.481704336
FFTNUFFT2,31,1,0.468093109
FFTNUFFT2,31,2,0.468369591
FFTNUFFT2,31,3,0.484712672
FFTNUFFT2,31,4,0.468342161
FFTNUFFT2,31,5,0.467613425
FFTNUFFT2,31,6,0.478424028
FFTNUFFT2,31,7,0.468315881
FFTNUFFT2,31,8,0.470198658
FFTNUFFT2,31,9,0.490245389
FFTNUFFT2,31,10,0.469681393
FFTNUFFT2,31,11,0.467845857
FFTNUFFT2,31,12,0.484227837
FFTNUFFT2,31,13,0.468559983
FFTNUFFT2,31,14,0.468016198
FFTNUFFT2,31,15,0.483962895
FFTNUFFT2,31,16,0.467653326
FFTNUFFT2,31,17,0.468578954
FFTNUFFT2,31,18,0.487873799
FFTNUFFT2,31,19,0.468535883
FFTNUFFT2,31,20,0.469015587
FFTNUFFT2,31,21,0.480200953
FFTNUFFT2,31,22,0.468537043
FFTNUFFT2,31,23,0.467162581
FFTNUFFT2,31,24,0.488848088
FFTNUFFT2,31,25,0.468850496
FFTNUFFT2,31,26,0.469962335
FFTNUFFT2,31,27,0.479617798
FFTNUFFT2,31,28,0.467846747
FFTNUFFT2,31,29,0.468352831
GatherNUFFT2,31,0,0.045027587
GatherNUFFT2,31,1,0.043756195
GatherNUFFT2,31,2,0.045741583
GatherNUFFT2,31,3,0.048604637
GatherNUFFT2,31,4,0.045285889
GatherNUFFT2,31,5,0.046301348
GatherNUFFT2,31,6,0.048129453
GatherNUFFT2,31,7,0.044421841
GatherNUFFT2,31,8,0.046404028
GatherNUFFT2,31,9,0.043814956
GatherNUFFT2,31,10,0.044136519
GatherNUFFT2,31,11,0.046945373
GatherNUFFT2,31,12,0.046824442
GatherNUFFT2,31,13,0.043678295
GatherNUFFT2,31,14,0.046034916
GatherNUFFT2,31,15,0.04425283
GatherNUFFT2,31,16,0.046745321
GatherNUFFT2,31,17,0.044418341
GatherNUFFT2,31,18,0.043570654
GatherNUFFT2,31,19,0.042636186
GatherNUFFT2,31,20,0.043601694
GatherNUFFT2,31,21,0.047665009
GatherNUFFT2,31,22,0.043921487
GatherNUFFT2,31,23,0.046451349
GatherNUFFT2,31,24,0.040920851
GatherNUFFT2,31,25,0.045206578
GatherNUFFT2,31,26,0.043610945
GatherNUFFT2,31,27,0.046278457
GatherNUFFT2,31,28,0.045051227
GatherNUFFT2,31,29,0.044564603
mainTimer,32,0,21.264702939
dumpData,32,0,0.010014503
dumpData,32,1,0.00963393
dumpData,32,2,0.010015973
dumpData,32,3,0.009893673
dumpData,32,4,0.00972429
dumpData,32,5,0.009908962
dumpData,32,6,0.009736571
dumpData,32,7,0.009494648
dumpData,32,8,0.010885222
dumpData,32,9,0.010011924
kick,32,0,0.001873997
kick,32,1,0.001882758
kick,32,2,0.001873808
kick,32,3,0.001881238
kick,32,4,0.001874357
kick,32,5,0.001882118
kick,32,6,0.001877457
kick,32,7,0.001880227
kick,32,8,0.001874447
kick,32,9,0.001883358
kick,32,10,0.001872587
kick,32,11,0.001881938
kick,32,12,0.001875328
kick,32,13,0.001880507
kick,32,14,0.001881738
kick,32,15,0.001882577
kick,32,16,0.001873568
kick,32,17,0.001880037
kick,32,18,0.001852877
kick,32,19,0.001880277
drift,32,0,0.001830927
drift,32,1,0.001830807
drift,32,2,0.001844288
drift,32,3,0.001832067
drift,32,4,0.001835967
drift,32,5,0.001839397
drift,32,6,0.001833867
drift,32,7,0.001839307
drift,32,8,0.001845147
drift,32,9,0.001831027
particleBC,32,0,0.003723285
particleBC,32,1,0.003720795
particleBC,32,2,0.003721064
particleBC,32,3,0.003724885
particleBC,32,4,0.003718825
particleBC,32,5,0.003721015
particleBC,32,6,0.003716925
particleBC,32,7,0.003723775
particleBC,32,8,0.003721705
particleBC,32,9,0.003712555
updateParticle,32,0,0.01503397
updateParticle,32,1,0.012403625
updateParticle,32,2,0.013214863
updateParticle,32,3,0.013135603
updateParticle,32,4,0.01389265
updateParticle,32,5,0.012405696
updateParticle,32,6,0.013007771
updateParticle,32,7,0.011639639
updateParticle,32,8,0.011994762
updateParticle,32,9,0.012301345
locateParticles,32,0,0.001490744
locateParticles,32,1,0.001496364
locateParticles,32,2,0.001492433
locateParticles,32,3,0.001490204
locateParticles,32,4,0.001493554
locateParticles,32,5,0.001475074
locateParticles,32,6,0.001485334
locateParticles,32,7,0.001477494
locateParticles,32,8,0.001491454
locateParticles,32,9,0.001490554
sendPreprocess,32,0,0.000765247
sendPreprocess,32,1,0.000810337
sendPreprocess,32,2,0.000798398
sendPreprocess,32,3,0.000803238
sendPreprocess,32,4,0.000817008
sendPreprocess,32,5,0.000816098
sendPreprocess,32,6,0.000813857
sendPreprocess,32,7,0.000840348
sendPreprocess,32,8,0.000848518
sendPreprocess,32,9,0.000952479
particleSend,32,0,0.001316322
particleSend,32,1,0.001314492
particleSend,32,2,0.001290192
particleSend,32,3,0.001277661
particleSend,32,4,0.001214831
particleSend,32,5,0.001269431
particleSend,32,6,0.001271552
particleSend,32,7,0.001263622
particleSend,32,8,0.001270312
particleSend,32,9,0.001324542
particleRecv,32,0,3.4131e-05
particleRecv,32,1,3.5611e-05
particleRecv,32,2,3.59e-05
particleRecv,32,3,3.6741e-05
particleRecv,32,4,3.39e-05
particleRecv,32,5,3.5771e-05
particleRecv,32,6,3.264e-05
particleRecv,32,7,3.545e-05
particleRecv,32,8,3.539e-05
particleRecv,32,9,3.3591e-05
particleDestroy,32,0,0.004807175
particleDestroy,32,1,0.004829845
particleDestroy,32,2,0.004840066
particleDestroy,32,3,0.004810255
particleDestroy,32,4,0.004811574
particleDestroy,32,5,0.004825845
particleDestroy,32,6,0.004810985
particleDestroy,32,7,0.004806365
particleDestroy,32,8,0.004807855
particleDestroy,32,9,0.004797005
ScatterPIFNUFFT,32,0,0.511748227
ScatterPIFNUFFT,32,1,0.001110181
ScatterPIFNUFFT,32,2,0.518930924
ScatterPIFNUFFT,32,3,0.00111345
ScatterPIFNUFFT,32,4,0.513191641
ScatterPIFNUFFT,32,5,0.001114931
ScatterPIFNUFFT,32,6,0.51421262
ScatterPIFNUFFT,32,7,0.00111559
ScatterPIFNUFFT,32,8,0.515373921
ScatterPIFNUFFT,32,9,0.00111384
ScatterPIFNUFFT,32,10,0.525113432
ScatterPIFNUFFT,32,11,0.00111405
ScatterPIFNUFFT,32,12,0.512726275
ScatterPIFNUFFT,32,13,0.001114321
ScatterPIFNUFFT,32,14,0.510682357
ScatterPIFNUFFT,32,15,0.00111313
ScatterPIFNUFFT,32,16,0.517284649
ScatterPIFNUFFT,32,17,0.00111541
ScatterPIFNUFFT,32,18,0.513288451
ScatterPIFNUFFT,32,19,0.00111687
NativeNUFFT1,32,0,0.507970362
NativeNUFFT1,32,1,0.514598663
NativeNUFFT1,32,2,0.50883447
NativeNUFFT1,32,3,0.509643197
NativeNUFFT1,32,4,0.511559295
NativeNUFFT1,32,5,0.520185045
NativeNUFFT1,32,6,0.508312375
NativeNUFFT1,32,7,0.506844791
NativeNUFFT1,32,8,0.512781326
NativeNUFFT1,32,9,0.509399075
scatterTimerNUFFT1,32,0,0.039452909
scatterTimerNUFFT1,32,1,0.03969811
scatterTimerNUFFT1,32,2,0.040337417
scatterTimerNUFFT1,32,3,0.039902473
scatterTimerNUFFT1,32,4,0.039100305
scatterTimerNUFFT1,32,5,0.039724921
scatterTimerNUFFT1,32,6,0.039500689
scatterTimerNUFFT1,32,7,0.040486818
scatterTimerNUFFT1,32,8,0.03969734
scatterTimerNUFFT1,32,9,0.039497249
binSort,32,0,0.009353477
binSort,32,1,0.009401507
binSort,32,2,0.009411358
binSort,32,3,0.009395448
binSort,32,4,0.009335437
binSort,32,5,0.009406068
binSort,32,6,0.009391158
binSort,32,7,0.009394288
binSort,32,8,0.009341377
binSort,32,9,0.009403728
binSort,32,10,0.009391948
binSort,32,11,0.009403548
binSort,32,12,0.009348017
binSort,32,13,0.009401998
binSort,32,14,0.009389248
binSort,32,15,0.009390898
binSort,32,16,0.009355857
binSort,32,17,0.009405947
binSort,32,18,0.009394798
binSort,32,19,0.009389538
binSort,32,20,0.009352187
binSort,32,21,0.009400288
binSort,32,22,0.009389658
binSort,32,23,0.009395277
binSort,32,24,0.009343937
binSort,32,25,0.009383198
binSort,32,26,0.009389938
binSort,32,27,0.009386597
binSort,32,28,0.009340747
binSort,32,29,0.009390658
binSort,32,30,0.009377328
binSort,32,31,0.009395298
binSort,32,32,0.009331997
binSort,32,33,0.009389498
binSort,32,34,0.009390078
binSort,32,35,0.009401518
binSort,32,36,0.009338887
binSort,32,37,0.009400548
binSort,32,38,0.009399288
binSort,32,39,0.009392677
binComputeKeys,32,0,0.00101327
binComputeKeys,32,1,0.001018379
binComputeKeys,32,2,0.001019159
binComputeKeys,32,3,0.00101993
binComputeKeys,32,4,0.00101752
binComputeKeys,32,5,0.001024519
binComputeKeys,32,6,0.00102222
binComputeKeys,32,7,0.001020339
binComputeKeys,32,8,0.0010166
binComputeKeys,32,9,0.00101764
binComputeKeys,32,10,0.00101946
binComputeKeys,32,11,0.00102633
binComputeKeys,32,12,0.001014939
binComputeKeys,32,13,0.001020939
binComputeKeys,32,14,0.00102042
binComputeKeys,32,15,0.001017409
binComputeKeys,32,16,0.00101709
binComputeKeys,32,17,0.001020459
binComputeKeys,32,18,0.00101905
binComputeKeys,32,19,0.001019989
binComputeKeys,32,20,0.001019409
binComputeKeys,32,21,0.00101836
binComputeKeys,32,22,0.00102286
binComputeKeys,32,23,0.001016589
binComputeKeys,32,24,0.001018569
binComputeKeys,32,25,0.0010164
binComputeKeys,32,26,0.00101859
binComputeKeys,32,27,0.001019219
binComputeKeys,32,28,0.001017419
binComputeKeys,32,29,0.00101609
binComputeKeys,32,30,0.00101785
binComputeKeys,32,31,0.001019689
binComputeKeys,32,32,0.0010154
binComputeKeys,32,33,0.00101811
binComputeKeys,32,34,0.001017619
binComputeKeys,32,35,0.001018849
binComputeKeys,32,36,0.001017009
binComputeKeys,32,37,0.00101851
binComputeKeys,32,38,0.00101889
binComputeKeys,32,39,0.001016139
binSortByKey,32,0,0.008080495
binSortByKey,32,1,0.008119876
binSortByKey,32,2,0.008128616
binSortByKey,32,3,0.008113356
binSortByKey,32,4,0.008054845
binSortByKey,32,5,0.008118555
binSortByKey,32,6,0.008106366
binSortByKey,32,7,0.008112136
binSortByKey,32,8,0.008065665
binSortByKey,32,9,0.008122196
binSortByKey,32,10,0.008110156
binSortByKey,32,11,0.008113245
binSortByKey,32,12,0.008074336
binSortByKey,32,13,0.008116986
binSortByKey,32,14,0.008105886
binSortByKey,32,15,0.008110095
binSortByKey,32,16,0.008079175
binSortByKey,32,17,0.008123136
binSortByKey,32,18,0.008113796
binSortByKey,32,19,0.008106856
binSortByKey,32,20,0.008074195
binSortByKey,32,21,0.008118405
binSortByKey,32,22,0.008103895
binSortByKey,32,23,0.008116786
binSortByKey,32,24,0.008066606
binSortByKey,32,25,0.008102145
binSortByKey,32,26,0.008107796
binSortByKey,32,27,0.008103326
binSortByKey,32,28,0.008065185
binSortByKey,32,29,0.008111145
binSortByKey,32,30,0.008094226
binSortByKey,32,31,0.008112056
binSortByKey,32,32,0.008057795
binSortByKey,32,33,0.008108846
binSortByKey,32,34,0.008109326
binSortByKey,32,35,0.008120276
binSortByKey,32,36,0.008062516
binSortByKey,32,37,0.008118345
binSortByKey,32,38,0.008116275
binSortByKey,32,39,0.008112966
binComputeOffsets,32,0,0.000249142
binComputeOffsets,32,1,0.000253352
binComputeOffsets,32,2,0.000253823
binComputeOffsets,32,3,0.000252912
binComputeOffsets,32,4,0.000248872
binComputeOffsets,32,5,0.000253163
binComputeOffsets,32,6,0.000253142
binComputeOffsets,32,7,0.000252523
binComputeOffsets,32,8,0.000249802
binComputeOffsets,32,9,0.000253902
binComputeOffsets,32,10,0.000252782
binComputeOffsets,32,11,0.000254163
binComputeOffsets,32,12,0.000249092
binComputeOffsets,32,13,0.000254663
binComputeOffsets,32,14,0.000253632
binComputeOffsets,32,15,0.000253913
binComputeOffsets,32,16,0.000249512
binComputeOffsets,32,17,0.000252652
binComputeOffsets,32,18,0.000252422
binComputeOffsets,32,19,0.000252292
binComputeOffsets,32,20,0.000248913
binComputeOffsets,32,21,0.000252373
binComputeOffsets,32,22,0.000253253
binComputeOffsets,32,23,0.000252352
binComputeOffsets,32,24,0.000249422
binComputeOffsets,32,25,0.000254453
binComputeOffsets,32,26,0.000254052
binComputeOffsets,32,27,0.000253752
binComputeOffsets,32,28,0.000248772
binComputeOffsets,32,29,0.000253913
binComputeOffsets,32,30,0.000255152
binComputeOffsets,32,31,0.000254043
binComputeOffsets,32,32,0.000248732
binComputeOffsets,32,33,0.000252392
binComputeOffsets,32,34,0.000253453
binComputeOffsets,32,35,0.000252893
binComputeOffsets,32,36,0.000250052
binComputeOffsets,32,37,0.000253662
binComputeOffsets,32,38,0.000253123
binComputeOffsets,32,39,0.000252902
FFTNUFFT1,32,0,0.468042618
FFTNUFFT1,32,1,0.474421009
FFTNUFFT1,32,2,0.468014978
FFTNUFFT1,32,3,0.46926194
FFTNUFFT1,32,4,0.471985656
FFTNUFFT1,32,5,0.4799849
FFTNUFFT1,32,6,0.468332831
FFTNUFFT1,32,7,0.465873389
FFTNUFFT1,32,8,0.472600782
FFTNUFFT1,32,9,0.469418562
deconvolutionNUFFT1,32,0,0.000463015
deconvolutionNUFFT1,32,1,0.000468204
deconvolutionNUFFT1,32,2,0.000471035
deconvolutionNUFFT1,32,3,0.000467474
deconvolutionNUFFT1,32,4,0.000459344
deconvolutionNUFFT1,32,5,0.000462924
deconvolutionNUFFT1,32,6,0.000467115
deconvolutionNUFFT1,32,7,0.000473644
deconvolutionNUFFT1,32,8,0.000467794
deconvolutionNUFFT1,32,9,0.000471614
GatherPIFNUFFT,32,0,1.571746001
GatherPIFNUFFT,32,1,1.571144585
GatherPIFNUFFT,32,2,1.578581335
GatherPIFNUFFT,32,3,1.57597393
GatherPIFNUFFT,32,4,1.572268756
GatherPIFNUFFT,32,5,1.563527044
GatherPIFNUFFT,32,6,1.574484786
GatherPIFNUFFT,32,7,1.57916243
GatherPIFNUFFT,32,8,1.569747372
GatherPIFNUFFT,32,9,1.573045153
NativeNUFFT2,32,0,0.528413902
NativeNUFFT2,32,1,0.512666016
NativeNUFFT2,32,2,0.515016577
NativeNUFFT2,32,3,0.526626966
NativeNUFFT2,32,4,0.514496493
NativeNUFFT2,32,5,0.514378621
NativeNUFFT2,32,6,0.530898215
NativeNUFFT2,32,7,0.513411622
NativeNUFFT2,32,8,0.518201457
NativeNUFFT2,32,9,0.530570992
NativeNUFFT2,32,10,0.514085279
NativeNUFFT2,32,11,0.515665423
NativeNUFFT2,32,12,0.528754876
NativeNUFFT2,32,13,0.512632155
NativeNUFFT2,32,14,0.514774165
NativeNUFFT2,32,15,0.518329418
NativeNUFFT2,32,16,0.51532441
NativeNUFFT2,32,17,0.5142423
NativeNUFFT2,32,18,0.533472989
NativeNUFFT2,32,19,0.511860098
NativeNUFFT2,32,20,0.513510494
NativeNUFFT2,32,21,0.535803591
NativeNUFFT2,32,22,0.51427455
NativeNUFFT2,32,23,0.513426183
NativeNUFFT2,32,24,0.525686917
NativeNUFFT2,32,25,0.514746305
NativeNUFFT2,32,26,0.513670125
NativeNUFFT2,32,27,0.529041199
NativeNUFFT2,32,28,0.512200461
NativeNUFFT2,32,29,0.516137808
PrecorrectionNUFFT2,32,0,0.000888108
PrecorrectionNUFFT2,32,1,0.000863008
PrecorrectionNUFFT2,32,2,0.000864238
PrecorrectionNUFFT2,32,3,0.000891149
PrecorrectionNUFFT2,32,4,0.000861348
PrecorrectionNUFFT2,32,5,0.000866558
PrecorrectionNUFFT2,32,6,0.000890428
PrecorrectionNUFFT2,32,7,0.000867208
PrecorrectionNUFFT2,32,8,0.000862308
PrecorrectionNUFFT2,32,9,0.000886938
PrecorrectionNUFFT2,32,10,0.000871928
PrecorrectionNUFFT2,32,11,0.000863178
PrecorrectionNUFFT2,32,12,0.000893039
PrecorrectionNUFFT2,32,13,0.000867868
PrecorrectionNUFFT2,32,14,0.000864228
PrecorrectionNUFFT2,32,15,0.000891578
PrecorrectionNUFFT2,32,16,0.000866408
PrecorrectionNUFFT2,32,17,0.000861128
PrecorrectionNUFFT2,32,18,0.000902988
PrecorrectionNUFFT2,32,19,0.000862808
PrecorrectionNUFFT2,32,20,0.000871109
PrecorrectionNUFFT2,32,21,0.000886158
PrecorrectionNUFFT2,32,22,0.000862578
PrecorrectionNUFFT2,32,23,0.000864208
PrecorrectionNUFFT2,32,24,0.000891118
PrecorrectionNUFFT2,32,25,0.000862998
PrecorrectionNUFFT2,32,26,0.000867328
PrecorrectionNUFFT2,32,27,0.000889259
PrecorrectionNUFFT2,32,28,0.000862298
PrecorrectionNUFFT2,32,29,0.000861158
FFTNUFFT2,32,0,0.4789033
FFTNUFFT2,32,1,0.474817422
FFTNUFFT2,32,2,0.474931773
FFTNUFFT2,32,3,0.473935664
FFTNUFFT2,32,4,0.469844426
FFTNUFFT2,32,5,0.471445251
FFTNUFFT2,32,6,0.488607001
FFTNUFFT2,32,7,0.470031697
FFTNUFFT2,32,8,0.470918356
FFTNUFFT2,32,9,0.480134172
FFTNUFFT2,32,10,0.470478762
FFTNUFFT2,32,11,0.469936107
FFTNUFFT2,32,12,0.478528166
FFTNUFFT2,32,13,0.473943594
FFTNUFFT2,32,14,0.469439952
FFTNUFFT2,32,15,0.469761215
FFTNUFFT2,32,16,0.469862416
FFTNUFFT2,32,17,0.47779953
FFTNUFFT2,32,18,0.487530811
FFTNUFFT2,32,19,0.468664994
FFTNUFFT2,32,20,0.469882495
FFTNUFFT2,32,21,0.485445382
FFTNUFFT2,32,22,0.478183833
FFTNUFFT2,32,23,0.468953418
FFTNUFFT2,32,24,0.475870112
FFTNUFFT2,32,25,0.466957079
FFTNUFFT2,32,26,0.475721631
FFTNUFFT2,32,27,0.489191346
FFTNUFFT2,32,28,0.475873242
FFTNUFFT2,32,29,0.474856082
GatherNUFFT2,32,0,0.048602814
GatherNUFFT2,32,1,0.036959595
GatherNUFFT2,32,2,0.039200866
GatherNUFFT2,32,3,0.051780813
GatherNUFFT2,32,4,0.043770299
GatherNUFFT2,32,5,0.042046062
GatherNUFFT2,32,6,0.041381246
GatherNUFFT2,32,7,0.042493127
GatherNUFFT2,32,8,0.046401213
GatherNUFFT2,32,9,0.049529572
GatherNUFFT2,32,10,0.042713729
GatherNUFFT2,32,11,0.044845858
GatherNUFFT2,32,12,0.04931323
GatherNUFFT2,32,13,0.037800123
GatherNUFFT2,32,14,0.044450655
GatherNUFFT2,32,15,0.047657015
GatherNUFFT2,32,16,0.044574906
GatherNUFFT2,32,17,0.035560852
GatherNUFFT2,32,18,0.04501903
GatherNUFFT2,32,19,0.042312175
GatherNUFFT2,32,20,0.042735308
GatherNUFFT2,32,21,0.049451381
GatherNUFFT2,32,22,0.035208169
GatherNUFFT2,32,23,0.043587167
GatherNUFFT2,32,24,0.048905007
GatherNUFFT2,32,25,0.046904638
GatherNUFFT2,32,26,0.037060546
GatherNUFFT2,32,27,0.038939593
GatherNUFFT2,32,28,0.035443611
GatherNUFFT2,32,29,0.040399938
mainTimer,33,0,21.264702219
dumpData,33,0,0.010819521
dumpData,33,1,0.011476367
dumpData,33,2,0.010888961
dumpData,33,3,0.01070267
dumpData,33,4,0.011940111
dumpData,33,5,0.01070437
dumpData,33,6,0.011637458
dumpData,33,7,0.011128984
dumpData,33,8,0.010304096
dumpData,33,9,0.010878062
kick,33,0,0.001745696
kick,33,1,0.001766876
kick,33,2,0.001750856
kick,33,3,0.001768427
kick,33,4,0.001735036
kick,33,5,0.001765787
kick,33,6,0.001748317
kick,33,7,0.001766687
kick,33,8,0.001754706
kick,33,9,0.001766867
kick,33,10,0.001724127
kick,33,11,0.001768036
kick,33,12,0.001754137
kick,33,13,0.001769177
kick,33,14,0.001728396
kick,33,15,0.001771416
kick,33,16,0.001742567
kick,33,17,0.001776197
kick,33,18,0.001761877
kick,33,19,0.001766866
drift,33,0,0.001720726
drift,33,1,0.001720016
drift,33,2,0.001718046
drift,33,3,0.001719056
drift,33,4,0.001721356
drift,33,5,0.001720116
drift,33,6,0.001721646
drift,33,7,0.001719837
drift,33,8,0.001719096
drift,33,9,0.001722836
particleBC,33,0,0.003499313
particleBC,33,1,0.003486472
particleBC,33,2,0.003491693
particleBC,33,3,0.003489353
particleBC,33,4,0.003491753
particleBC,33,5,0.003489512
particleBC,33,6,0.003490822
particleBC,33,7,0.003495632
particleBC,33,8,0.003495072
particleBC,33,9,0.003495482
updateParticle,33,0,0.014562465
updateParticle,33,1,0.012457056
updateParticle,33,2,0.013567846
updateParticle,33,3,0.012024882
updateParticle,33,4,0.012489116
updateParticle,33,5,0.012934561
updateParticle,33,6,0.013322475
updateParticle,33,7,0.01278532
updateParticle,33,8,0.011905691
updateParticle,33,9,0.012268405
locateParticles,33,0,0.001421823
locateParticles,33,1,0.001420024
locateParticles,33,2,0.001428383
locateParticles,33,3,0.001425103
locateParticles,33,4,0.001408643
locateParticles,33,5,0.001428414
locateParticles,33,6,0.001412734
locateParticles,33,7,0.001445164
locateParticles,33,8,0.001445534
locateParticles,33,9,0.001457074
sendPreprocess,33,0,0.001297722
sendPreprocess,33,1,0.001359372
sendPreprocess,33,2,0.001368093
sendPreprocess,33,3,0.001351423
sendPreprocess,33,4,0.001362563
sendPreprocess,33,5,0.001376023
sendPreprocess,33,6,0.001343862
sendPreprocess,33,7,0.001379253
sendPreprocess,33,8,0.001377153
sendPreprocess,33,9,0.001398753
particleSend,33,0,0.001212921
particleSend,33,1,0.001264312
particleSend,33,2,0.001313282
particleSend,33,3,0.001205211
particleSend,33,4,0.001248811
particleSend,33,5,0.001303162
particleSend,33,6,0.001343283
particleSend,33,7,0.001255492
particleSend,33,8,0.001305842
particleSend,33,9,0.001255782
particleRecv,33,0,3.4531e-05
particleRecv,33,1,3.017e-05
particleRecv,33,2,3.2521e-05
particleRecv,33,3,4.073e-05
particleRecv,33,4,3.2981e-05
particleRecv,33,5,3.721e-05
particleRecv,33,6,4.18e-05
particleRecv,33,7,3.224e-05
particleRecv,33,8,3.359e-05
particleRecv,33,9,3.556e-05
particleDestroy,33,0,0.004696854
particleDestroy,33,1,0.004680494
particleDestroy,33,2,0.004693373
particleDestroy,33,3,0.004679994
particleDestroy,33,4,0.004691844
particleDestroy,33,5,0.004674114
particleDestroy,33,6,0.004648523
particleDestroy,33,7,0.004698364
particleDestroy,33,8,0.004669994
particleDestroy,33,9,0.004699534
ScatterPIFNUFFT,33,0,0.514823376
ScatterPIFNUFFT,33,1,0.001114391
ScatterPIFNUFFT,33,2,0.509096432
ScatterPIFNUFFT,33,3,0.001112
ScatterPIFNUFFT,33,4,0.514896026
ScatterPIFNUFFT,33,5,0.00110984
ScatterPIFNUFFT,33,6,0.51421858
ScatterPIFNUFFT,33,7,0.00111736
ScatterPIFNUFFT,33,8,0.514486162
ScatterPIFNUFFT,33,9,0.0011081
ScatterPIFNUFFT,33,10,0.515890335
ScatterPIFNUFFT,33,11,0.00111224
ScatterPIFNUFFT,33,12,0.518784333
ScatterPIFNUFFT,33,13,0.001114061
ScatterPIFNUFFT,33,14,0.513812206
ScatterPIFNUFFT,33,15,0.0011102
ScatterPIFNUFFT,33,16,0.513907857
ScatterPIFNUFFT,33,17,0.00111457
ScatterPIFNUFFT,33,18,0.514635834
ScatterPIFNUFFT,33,19,0.001116
NativeNUFFT1,33,0,0.511166542
NativeNUFFT1,33,1,0.50458145
NativeNUFFT1,33,2,0.510681487
NativeNUFFT1,33,3,0.510558266
NativeNUFFT1,33,4,0.510799738
NativeNUFFT1,33,5,0.511085651
NativeNUFFT1,33,6,0.514416102
NativeNUFFT1,33,7,0.509469645
NativeNUFFT1,33,8,0.509121192
NativeNUFFT1,33,9,0.510645136
scatterTimerNUFFT1,33,0,0.040790691
scatterTimerNUFFT1,33,1,0.039778161
scatterTimerNUFFT1,33,2,0.040432318
scatterTimerNUFFT1,33,3,0.042025102
scatterTimerNUFFT1,33,4,0.041618759
scatterTimerNUFFT1,33,5,0.039260137
scatterTimerNUFFT1,33,6,0.038497049
scatterTimerNUFFT1,33,7,0.039144595
scatterTimerNUFFT1,33,8,0.03967925
scatterTimerNUFFT1,33,9,0.039517729
binSort,33,0,0.008771892
binSort,33,1,0.008828453
binSort,33,2,0.008834592
binSort,33,3,0.008855222
binSort,33,4,0.008781142
binSort,33,5,0.008827403
binSort,33,6,0.008818812
binSort,33,7,0.008820413
binSort,33,8,0.008793792
binSort,33,9,0.008826433
binSort,33,10,0.008814792
binSort,33,11,0.008834863
binSort,33,12,0.008777902
binSort,33,13,0.008824993
binSort,33,14,0.008810813
binSort,33,15,0.008820342
binSort,33,16,0.008784142
binSort,33,17,0.008833602
binSort,33,18,0.008822342
binSort,33,19,0.008809732
binSort,33,20,0.008779372
binSort,33,21,0.008837142
binSort,33,22,0.008826193
binSort,33,23,0.008829693
binSort,33,24,0.008781972
binSort,33,25,0.008822403
binSort,33,26,0.008830592
binSort,33,27,0.008831493
binSort,33,28,0.008780362
binSort,33,29,0.008885933
binSort,33,30,0.008849173
binSort,33,31,0.008847793
binSort,33,32,0.008785012
binSort,33,33,0.008852653
binSort,33,34,0.008832373
binSort,33,35,0.008906973
binSort,33,36,0.008792873
binSort,33,37,0.008836802
binSort,33,38,0.008829422
binSort,33,39,0.008837142
binComputeKeys,33,0,0.000955459
binComputeKeys,33,1,0.000956839
binComputeKeys,33,2,0.000957719
binComputeKeys,33,3,0.000957319
binComputeKeys,33,4,0.000956419
binComputeKeys,33,5,0.000956279
binComputeKeys,33,6,0.000959609
binComputeKeys,33,7,0.000959279
binComputeKeys,33,8,0.000954529
binComputeKeys,33,9,0.000958559
binComputeKeys,33,10,0.000954929
binComputeKeys,33,11,0.000956929
binComputeKeys,33,12,0.000952069
binComputeKeys,33,13,0.000956669
binComputeKeys,33,14,0.000958799
binComputeKeys,33,15,0.000960539
binComputeKeys,33,16,0.000955809
binComputeKeys,33,17,0.000959499
binComputeKeys,33,18,0.000956929
binComputeKeys,33,19,0.000955989
binComputeKeys,33,20,0.000954789
binComputeKeys,33,21,0.000959149
binComputeKeys,33,22,0.000958428
binComputeKeys,33,23,0.000958719
binComputeKeys,33,24,0.000952899
binComputeKeys,33,25,0.000957459
binComputeKeys,33,26,0.000956709
binComputeKeys,33,27,0.000958139
binComputeKeys,33,28,0.000955279
binComputeKeys,33,29,0.000969969
binComputeKeys,33,30,0.000959369
binComputeKeys,33,31,0.000958869
binComputeKeys,33,32,0.000957329
binComputeKeys,33,33,0.000961269
binComputeKeys,33,34,0.000960279
binComputeKeys,33,35,0.000968149
binComputeKeys,33,36,0.000955838
binComputeKeys,33,37,0.000957909
binComputeKeys,33,38,0.000957299
binComputeKeys,33,39,0.000957029
binSortByKey,33,0,0.007570741
binSortByKey,33,1,0.007619441
binSortByKey,33,2,0.007624351
binSortByKey,33,3,0.007647511
binSortByKey,33,4,0.007578561
binSortByKey,33,5,0.007620042
binSortByKey,33,6,0.007607611
binSortByKey,33,7,0.007601831
binSortByKey,33,8,0.007592281
binSortByKey,33,9,0.007616162
binSortByKey,33,10,0.007607911
binSortByKey,33,11,0.007626631
binSortByKey,33,12,0.007579101
binSortByKey,33,13,0.007610661
binSortByKey,33,14,0.007603061
binSortByKey,33,15,0.007609771
binSortByKey,33,16,0.007580501
binSortByKey,33,17,0.007621581
binSortByKey,33,18,0.007607021
binSortByKey,33,19,0.007603481
binSortByKey,33,20,0.007577251
binSortByKey,33,21,0.007626501
binSortByKey,33,22,0.007616072
binSortByKey,33,23,0.007619221
binSortByKey,33,24,0.00758306
binSortByKey,33,25,0.007613901
binSortByKey,33,26,0.007623681
binSortByKey,33,27,0.007623351
binSortByKey,33,28,0.007577251
binSortByKey,33,29,0.007662012
binSortByKey,33,30,0.007637381
binSortByKey,33,31,0.007638201
binSortByKey,33,32,0.007578261
binSortByKey,33,33,0.007638481
binSortByKey,33,34,0.007621081
binSortByKey,33,35,0.007665481
binSortByKey,33,36,0.007590681
binSortByKey,33,37,0.007628151
binSortByKey,33,38,0.007622431
binSortByKey,33,39,0.007630841
binComputeOffsets,33,0,0.000236332
binComputeOffsets,33,1,0.000243043
binComputeOffsets,33,2,0.000241782
binComputeOffsets,33,3,0.000241272
binComputeOffsets,33,4,0.000236792
binComputeOffsets,33,5,0.000241982
binComputeOffsets,33,6,0.000242402
binComputeOffsets,33,7,0.000249463
binComputeOffsets,33,8,0.000236952
binComputeOffsets,33,9,0.000242372
binComputeOffsets,33,10,0.000242092
binComputeOffsets,33,11,0.000241693
binComputeOffsets,33,12,0.000237452
binComputeOffsets,33,13,0.000248443
binComputeOffsets,33,14,0.000239783
binComputeOffsets,33,15,0.000240872
binComputeOffsets,33,16,0.000237462
binComputeOffsets,33,17,0.000242712
binComputeOffsets,33,18,0.000248912
binComputeOffsets,33,19,0.000240932
binComputeOffsets,33,20,0.000238012
binComputeOffsets,33,21,0.000241632
binComputeOffsets,33,22,0.000241822
binComputeOffsets,33,23,0.000241503
binComputeOffsets,33,24,0.000236683
binComputeOffsets,33,25,0.000241383
binComputeOffsets,33,26,0.000240642
binComputeOffsets,33,27,0.000240732
binComputeOffsets,33,28,0.000237782
binComputeOffsets,33,29,0.000244572
binComputeOffsets,33,30,0.000242353
binComputeOffsets,33,31,0.000241493
binComputeOffsets,33,32,0.000236282
binComputeOffsets,33,33,0.000242773
binComputeOffsets,33,34,0.000240833
binComputeOffsets,33,35,0.000255563
binComputeOffsets,33,36,0.000236903
binComputeOffsets,33,37,0.000240712
binComputeOffsets,33,38,0.000240162
binComputeOffsets,33,39,0.000239902
FFTNUFFT1,33,0,0.469899776
FFTNUFFT1,33,1,0.464329524
FFTNUFFT1,33,2,0.469774805
FFTNUFFT1,33,3,0.468051989
FFTNUFFT1,33,4,0.468707415
FFTNUFFT1,33,5,0.47135192
FFTNUFFT1,33,6,0.475446128
FFTNUFFT1,33,7,0.469843946
FFTNUFFT1,33,8,0.468959777
FFTNUFFT1,33,9,0.470630323
deconvolutionNUFFT1,33,0,0.000465515
deconvolutionNUFFT1,33,1,0.000462854
deconvolutionNUFFT1,33,2,0.000463754
deconvolutionNUFFT1,33,3,0.000470014
deconvolutionNUFFT1,33,4,0.000460674
deconvolutionNUFFT1,33,5,0.000462014
deconvolutionNUFFT1,33,6,0.000461465
deconvolutionNUFFT1,33,7,0.000469754
deconvolutionNUFFT1,33,8,0.000466594
deconvolutionNUFFT1,33,9,0.000483484
GatherPIFNUFFT,33,0,1.569307788
GatherPIFNUFFT,33,1,1.581064008
GatherPIFNUFFT,33,2,1.576645476
GatherPIFNUFFT,33,3,1.577360603
GatherPIFNUFFT,33,4,1.572777
GatherPIFNUFFT,33,5,1.572177125
GatherPIFNUFFT,33,6,1.56726728
GatherPIFNUFFT,33,7,1.574944141
GatherPIFNUFFT,33,8,1.574007662
GatherPIFNUFFT,33,9,1.571913813
NativeNUFFT2,33,0,0.52499729
NativeNUFFT2,33,1,0.514098289
NativeNUFFT2,33,2,0.51527787
NativeNUFFT2,33,3,0.536234845
NativeNUFFT2,33,4,0.513360192
NativeNUFFT2,33,5,0.516536761
NativeNUFFT2,33,6,0.529685824
NativeNUFFT2,33,7,0.51422862
NativeNUFFT2,33,8,0.517809483
NativeNUFFT2,33,9,0.531609502
NativeNUFFT2,33,10,0.513288771
NativeNUFFT2,33,11,0.517081727
NativeNUFFT2,33,12,0.531936215
NativeNUFFT2,33,13,0.512461723
NativeNUFFT2,33,14,0.513451743
NativeNUFFT2,33,15,0.527361592
NativeNUFFT2,33,16,0.515692104
NativeNUFFT2,33,17,0.514202329
NativeNUFFT2,33,18,0.527288751
NativeNUFFT2,33,19,0.512113651
NativeNUFFT2,33,20,0.512925267
NativeNUFFT2,33,21,0.53133133
NativeNUFFT2,33,22,0.514094108
NativeNUFFT2,33,23,0.514609484
NativeNUFFT2,33,24,0.529414251
NativeNUFFT2,33,25,0.515168909
NativeNUFFT2,33,26,0.514491852
NativeNUFFT2,33,27,0.526812777
NativeNUFFT2,33,28,0.513751896
NativeNUFFT2,33,29,0.51635909
PrecorrectionNUFFT2,33,0,0.000886948
PrecorrectionNUFFT2,33,1,0.000866348
PrecorrectionNUFFT2,33,2,0.000861788
PrecorrectionNUFFT2,33,3,0.000887538
PrecorrectionNUFFT2,33,4,0.000863908
PrecorrectionNUFFT2,33,5,0.000860418
PrecorrectionNUFFT2,33,6,0.000887798
PrecorrectionNUFFT2,33,7,0.000872988
PrecorrectionNUFFT2,33,8,0.000864978
PrecorrectionNUFFT2,33,9,0.000891999
PrecorrectionNUFFT2,33,10,0.000864428
PrecorrectionNUFFT2,33,11,0.000867718
PrecorrectionNUFFT2,33,12,0.000892708
PrecorrectionNUFFT2,33,13,0.000862028
PrecorrectionNUFFT2,33,14,0.000860748
PrecorrectionNUFFT2,33,15,0.000890738
PrecorrectionNUFFT2,33,16,0.000861138
PrecorrectionNUFFT2,33,17,0.000862418
PrecorrectionNUFFT2,33,18,0.000893408
PrecorrectionNUFFT2,33,19,0.000864438
PrecorrectionNUFFT2,33,20,0.000867548
PrecorrectionNUFFT2,33,21,0.000888509
PrecorrectionNUFFT2,33,22,0.000864938
PrecorrectionNUFFT2,33,23,0.000868139
PrecorrectionNUFFT2,33,24,0.000889178
PrecorrectionNUFFT2,33,25,0.000862458
PrecorrectionNUFFT2,33,26,0.000869778
PrecorrectionNUFFT2,33,27,0.000892128
PrecorrectionNUFFT2,33,28,0.000865478
PrecorrectionNUFFT2,33,29,0.000863498
FFTNUFFT2,33,0,0.483360152
FFTNUFFT2,33,1,0.471935536
FFTNUFFT2,33,2,0.468755895
FFTNUFFT2,33,3,0.488335718
FFTNUFFT2,33,4,0.469056518
FFTNUFFT2,33,5,0.476559438
FFTNUFFT2,33,6,0.476328656
FFTNUFFT2,33,7,0.463323415
FFTNUFFT2,33,8,0.47031682
FFTNUFFT2,33,9,0.475808111
FFTNUFFT2,33,10,0.471441481
FFTNUFFT2,33,11,0.469582163
FFTNUFFT2,33,12,0.477343666
FFTNUFFT2,33,13,0.46919508
FFTNUFFT2,33,14,0.47236146
FFTNUFFT2,33,15,0.482216921
FFTNUFFT2,33,16,0.468375952
FFTNUFFT2,33,17,0.4724509
FFTNUFFT2,33,18,0.474067945
FFTNUFFT2,33,19,0.468146269
FFTNUFFT2,33,20,0.472142327
FFTNUFFT2,33,21,0.478127213
FFTNUFFT2,33,22,0.47031428
FFTNUFFT2,33,23,0.476332166
FFTNUFFT2,33,24,0.47992622
FFTNUFFT2,33,25,0.471770374
FFTNUFFT2,33,26,0.474031835
FFTNUFFT2,33,27,0.478895871
FFTNUFFT2,33,28,0.469238389
FFTNUFFT2,33,29,0.467891297
GatherNUFFT2,33,0,0.04073084
GatherNUFFT2,33,1,0.041276525
GatherNUFFT2,33,2,0.045641036
GatherNUFFT2,33,3,0.046989889
GatherNUFFT2,33,4,0.043420026
GatherNUFFT2,33,5,0.039097635
GatherNUFFT2,33,6,0.05244977
GatherNUFFT2,33,7,0.050011447
GatherNUFFT2,33,8,0.046608325
GatherNUFFT2,33,9,0.054890122
GatherNUFFT2,33,10,0.040962602
GatherNUFFT2,33,11,0.046612145
GatherNUFFT2,33,12,0.053679731
GatherNUFFT2,33,13,0.042384325
GatherNUFFT2,33,14,0.040209755
GatherNUFFT2,33,15,0.044234733
GatherNUFFT2,33,16,0.046434114
GatherNUFFT2,33,17,0.040869261
GatherNUFFT2,33,18,0.052303008
GatherNUFFT2,33,19,0.043083203
GatherNUFFT2,33,20,0.039896172
GatherNUFFT2,33,21,0.052295648
GatherNUFFT2,33,22,0.04289529
GatherNUFFT2,33,23,0.037388979
GatherNUFFT2,33,24,0.048579203
GatherNUFFT2,33,25,0.042516327
GatherNUFFT2,33,26,0.039567869
GatherNUFFT2,33,27,0.047004838
GatherNUFFT2,33,28,0.043628167
GatherNUFFT2,33,29,0.047584855
mainTimer,34,0,21.264693239
dumpData,34,0,0.01183307
dumpData,34,1,0.010443378
dumpData,34,2,0.009301866
dumpData,34,3,0.01170497
dumpData,34,4,0.01073285
dumpData,34,5,0.01174563
dumpData,34,6,0.010642819
dumpData,34,7,0.010387227
dumpData,34,8,0.00962228
dumpData,34,9,0.009345127
kick,34,0,0.001764456
kick,34,1,0.001766727
kick,34,2,0.001723016
kick,34,3,0.001768346
kick,34,4,0.001762056
kick,34,5,0.001767797
kick,34,6,0.001767876
kick,34,7,0.001766776
kick,34,8,0.001728036
kick,34,9,0.001768536
kick,34,10,0.001751666
kick,34,11,0.001766046
kick,34,12,0.001727316
kick,34,13,0.001768657
kick,34,14,0.001760687
kick,34,15,0.001768426
kick,34,16,0.001763387
kick,34,17,0.001770496
kick,34,18,0.001766807
kick,34,19,0.001769707
drift,34,0,0.001738906
drift,34,1,0.001718966
drift,34,2,0.001720216
drift,34,3,0.001745306
drift,34,4,0.001719966
drift,34,5,0.001720516
drift,34,6,0.001722006
drift,34,7,0.001718496
drift,34,8,0.001720596
drift,34,9,0.001735226
particleBC,34,0,0.003494013
particleBC,34,1,0.003491033
particleBC,34,2,0.003489913
particleBC,34,3,0.003490573
particleBC,34,4,0.003486313
particleBC,34,5,0.003495203
particleBC,34,6,0.003489813
particleBC,34,7,0.003487542
particleBC,34,8,0.003488692
particleBC,34,9,0.003492332
updateParticle,34,0,0.013082042
updateParticle,34,1,0.012579417
updateParticle,34,2,0.01288497
updateParticle,34,3,0.014176092
updateParticle,34,4,0.011568547
updateParticle,34,5,0.01283085
updateParticle,34,6,0.01393362
updateParticle,34,7,0.01281926
updateParticle,34,8,0.012092473
updateParticle,34,9,0.011324516
locateParticles,34,0,0.001423033
locateParticles,34,1,0.001438964
locateParticles,34,2,0.001430983
locateParticles,34,3,0.001422213
locateParticles,34,4,0.001448483
locateParticles,34,5,0.001457143
locateParticles,34,6,0.001434144
locateParticles,34,7,0.001443444
locateParticles,34,8,0.001424894
locateParticles,34,9,0.001440873
sendPreprocess,34,0,0.001252972
sendPreprocess,34,1,0.001360892
sendPreprocess,34,2,0.001330353
sendPreprocess,34,3,0.001302943
sendPreprocess,34,4,0.001353653
sendPreprocess,34,5,0.001298252
sendPreprocess,34,6,0.001347482
sendPreprocess,34,7,0.001352693
sendPreprocess,34,8,0.001384043
sendPreprocess,34,9,0.001404353
particleSend,34,0,0.001256372
particleSend,34,1,0.001321743
particleSend,34,2,0.001250712
particleSend,34,3,0.001213141
particleSend,34,4,0.001242891
particleSend,34,5,0.001300712
particleSend,34,6,0.001245582
particleSend,34,7,0.001190751
particleSend,34,8,0.001202331
particleSend,34,9,0.001251992
particleRecv,34,0,3.579e-05
particleRecv,34,1,3.199e-05
particleRecv,34,2,3.166e-05
particleRecv,34,3,4.09e-05
particleRecv,34,4,3.3661e-05
particleRecv,34,5,3.444e-05
particleRecv,34,6,3.254e-05
particleRecv,34,7,4.473e-05
particleRecv,34,8,3.845e-05
particleRecv,34,9,3.396e-05
particleDestroy,34,0,0.004715484
particleDestroy,34,1,0.004723514
particleDestroy,34,2,0.004723224
particleDestroy,34,3,0.004727894
particleDestroy,34,4,0.004721464
particleDestroy,34,5,0.004703194
particleDestroy,34,6,0.004694754
particleDestroy,34,7,0.004694064
particleDestroy,34,8,0.004695094
particleDestroy,34,9,0.004693884
ScatterPIFNUFFT,34,0,0.519330397
ScatterPIFNUFFT,34,1,0.00111426
ScatterPIFNUFFT,34,2,0.519301587
ScatterPIFNUFFT,34,3,0.0011117
ScatterPIFNUFFT,34,4,0.519099455
ScatterPIFNUFFT,34,5,0.001113
ScatterPIFNUFFT,34,6,0.519169836
ScatterPIFNUFFT,34,7,0.00111462
ScatterPIFNUFFT,34,8,0.524353864
ScatterPIFNUFFT,34,9,0.001113081
ScatterPIFNUFFT,34,10,0.51964025
ScatterPIFNUFFT,34,11,0.001114641
ScatterPIFNUFFT,34,12,0.510258642
ScatterPIFNUFFT,34,13,0.001112101
ScatterPIFNUFFT,34,14,0.520475328
ScatterPIFNUFFT,34,15,0.00111083
ScatterPIFNUFFT,34,16,0.524736028
ScatterPIFNUFFT,34,17,0.00111687
ScatterPIFNUFFT,34,18,0.517433969
ScatterPIFNUFFT,34,19,0.001114791
NativeNUFFT1,34,0,0.515708904
NativeNUFFT1,34,1,0.514835935
NativeNUFFT1,34,2,0.514497892
NativeNUFFT1,34,3,0.51527852
NativeNUFFT1,34,4,0.520669821
NativeNUFFT1,34,5,0.514875476
NativeNUFFT1,34,6,0.506388097
NativeNUFFT1,34,7,0.516161298
NativeNUFFT1,34,8,0.520060775
NativeNUFFT1,34,9,0.513414102
scatterTimerNUFFT1,34,0,0.041302645
scatterTimerNUFFT1,34,1,0.039289846
scatterTimerNUFFT1,34,2,0.040652999
scatterTimerNUFFT1,34,3,0.040198745
scatterTimerNUFFT1,34,4,0.041291505
scatterTimerNUFFT1,34,5,0.039623439
scatterTimerNUFFT1,34,6,0.039547329
scatterTimerNUFFT1,34,7,0.039402548
scatterTimerNUFFT1,34,8,0.039885502
scatterTimerNUFFT1,34,9,0.040491588
binSort,34,0,0.008782042
binSort,34,1,0.008823812
binSort,34,2,0.008808712
binSort,34,3,0.008811862
binSort,34,4,0.008782252
binSort,34,5,0.008814952
binSort,34,6,0.008810342
binSort,34,7,0.008815122
binSort,34,8,0.008778692
binSort,34,9,0.008810472
binSort,34,10,0.008824042
binSort,34,11,0.008815443
binSort,34,12,0.008770952
binSort,34,13,0.008819943
binSort,34,14,0.008794733
binSort,34,15,0.008804552
binSort,34,16,0.008770362
binSort,34,17,0.008794782
binSort,34,18,0.008802812
binSort,34,19,0.008807143
binSort,34,20,0.008787692
binSort,34,21,0.008804382
binSort,34,22,0.008804192
binSort,34,23,0.008803942
binSort,34,24,0.008783082
binSort,34,25,0.008820353
binSort,34,26,0.008815202
binSort,34,27,0.008832693
binSort,34,28,0.008772642
binSort,34,29,0.008819642
binSort,34,30,0.008820032
binSort,34,31,0.008813553
binSort,34,32,0.008780402
binSort,34,33,0.008829493
binSort,34,34,0.008820973
binSort,34,35,0.008819202
binSort,34,36,0.008778432
binSort,34,37,0.008822072
binSort,34,38,0.008821362
binSort,34,39,0.008811322
binComputeKeys,34,0,0.000956189
binComputeKeys,34,1,0.000957879
binComputeKeys,34,2,0.000957359
binComputeKeys,34,3,0.000955138
binComputeKeys,34,4,0.000954439
binComputeKeys,34,5,0.000961029
binComputeKeys,34,6,0.000957209
binComputeKeys,34,7,0.000955539
binComputeKeys,34,8,0.000956259
binComputeKeys,34,9,0.000956789
binComputeKeys,34,10,0.000958419
binComputeKeys,34,11,0.000956569
binComputeKeys,34,12,0.000954559
binComputeKeys,34,13,0.000956079
binComputeKeys,34,14,0.000957179
binComputeKeys,34,15,0.000956089
binComputeKeys,34,16,0.000955109
binComputeKeys,34,17,0.000958529
binComputeKeys,34,18,0.000957589
binComputeKeys,34,19,0.000958419
binComputeKeys,34,20,0.000955319
binComputeKeys,34,21,0.000956299
binComputeKeys,34,22,0.000958899
binComputeKeys,34,23,0.000957638
binComputeKeys,34,24,0.000957098
binComputeKeys,34,25,0.000954719
binComputeKeys,34,26,0.000957619
binComputeKeys,34,27,0.000958768
binComputeKeys,34,28,0.000955459
binComputeKeys,34,29,0.000956929
binComputeKeys,34,30,0.000956559
binComputeKeys,34,31,0.000957369
binComputeKeys,34,32,0.000955279
binComputeKeys,34,33,0.000958749
binComputeKeys,34,34,0.000956909
binComputeKeys,34,35,0.000959429
binComputeKeys,34,36,0.000955139
binComputeKeys,34,37,0.000957748
binComputeKeys,34,38,0.000958009
binComputeKeys,34,39,0.000955899
binSortByKey,34,0,0.007579581
binSortByKey,34,1,0.007609611
binSortByKey,34,2,0.007600631
binSortByKey,34,3,0.007606912
binSortByKey,34,4,0.007582171
binSortByKey,34,5,0.007603991
binSortByKey,34,6,0.00760288
binSortByKey,34,7,0.00760538
binSortByKey,34,8,0.00757654
binSortByKey,34,9,0.007601571
binSortByKey,34,10,0.007614791
binSortByKey,34,11,0.007607671
binSortByKey,34,12,0.00756414
binSortByKey,34,13,0.007612511
binSortByKey,34,14,0.007585461
binSortByKey,34,15,0.00759741
binSortByKey,34,16,0.007567551
binSortByKey,34,17,0.007584521
binSortByKey,34,18,0.007594411
binSortByKey,34,19,0.007595611
binSortByKey,34,20,0.007586551
binSortByKey,34,21,0.007597361
binSortByKey,34,22,0.00759441
binSortByKey,34,23,0.007595211
binSortByKey,34,24,0.007579641
binSortByKey,34,25,0.007611911
binSortByKey,34,26,0.007606351
binSortByKey,34,27,0.007622851
binSortByKey,34,28,0.0075712
binSortByKey,34,29,0.007610511
binSortByKey,34,30,0.007611781
binSortByKey,34,31,0.007604811
binSortByKey,34,32,0.007573091
binSortByKey,34,33,0.007619871
binSortByKey,34,34,0.007612591
binSortByKey,34,35,0.007608871
binSortByKey,34,36,0.007576891
binSortByKey,34,37,0.007614351
binSortByKey,34,38,0.007611581
binSortByKey,34,39,0.007604321
binComputeOffsets,34,0,0.000236932
binComputeOffsets,34,1,0.000247022
binComputeOffsets,34,2,0.000241362
binComputeOffsets,34,3,0.000240602
binComputeOffsets,34,4,0.000236332
binComputeOffsets,34,5,0.000240692
binComputeOffsets,34,6,0.000240972
binComputeOffsets,34,7,0.000243743
binComputeOffsets,34,8,0.000236552
binComputeOffsets,34,9,0.000242842
binComputeOffsets,34,10,0.000241482
binComputeOffsets,34,11,0.000241822
binComputeOffsets,34,12,0.000236702
binComputeOffsets,34,13,0.000241953
binComputeOffsets,34,14,0.000241432
binComputeOffsets,34,15,0.000241793
binComputeOffsets,34,16,0.000237322
binComputeOffsets,34,17,0.000242322
binComputeOffsets,34,18,0.000241332
binComputeOffsets,34,19,0.000242683
binComputeOffsets,34,20,0.000236482
binComputeOffsets,34,21,0.000241182
binComputeOffsets,34,22,0.000241303
binComputeOffsets,34,23,0.000241393
binComputeOffsets,34,24,0.000236972
binComputeOffsets,34,25,0.000243473
binComputeOffsets,34,26,0.000241642
binComputeOffsets,34,27,0.000240802
binComputeOffsets,34,28,0.000236653
binComputeOffsets,34,29,0.000241782
binComputeOffsets,34,30,0.000241502
binComputeOffsets,34,31,0.000241592
binComputeOffsets,34,32,0.000236362
binComputeOffsets,34,33,0.000241343
binComputeOffsets,34,34,0.000241863
binComputeOffsets,34,35,0.000241472
binComputeOffsets,34,36,0.000236352
binComputeOffsets,34,37,0.000240522
binComputeOffsets,34,38,0.000242162
binComputeOffsets,34,39,0.000240872
FFTNUFFT1,34,0,0.473930554
FFTNUFFT1,34,1,0.475065475
FFTNUFFT1,34,2,0.473358109
FFTNUFFT1,34,3,0.47459898
FFTNUFFT1,34,4,0.47889204
FFTNUFFT1,34,5,0.474777422
FFTNUFFT1,34,6,0.466367373
FFTNUFFT1,34,7,0.476286686
FFTNUFFT1,34,8,0.479698217
FFTNUFFT1,34,9,0.47243705
deconvolutionNUFFT1,34,0,0.000464484
deconvolutionNUFFT1,34,1,0.000469314
deconvolutionNUFFT1,34,2,0.000475694
deconvolutionNUFFT1,34,3,0.000468574
deconvolutionNUFFT1,34,4,0.000472904
deconvolutionNUFFT1,34,5,0.000462164
deconvolutionNUFFT1,34,6,0.000462005
deconvolutionNUFFT1,34,7,0.000460764
deconvolutionNUFFT1,34,8,0.000462985
deconvolutionNUFFT1,34,9,0.000474264
GatherPIFNUFFT,34,0,1.564982828
GatherPIFNUFFT,34,1,1.570529089
GatherPIFNUFFT,34,2,1.574042592
GatherPIFNUFFT,34,3,1.569237038
GatherPIFNUFFT,34,4,1.565522813
GatherPIFNUFFT,34,5,1.5673756
GatherPIFNUFFT,34,6,1.57590078
GatherPIFNUFFT,34,7,1.568143157
GatherPIFNUFFT,34,8,1.563295632
GatherPIFNUFFT,34,9,1.570898833
NativeNUFFT2,34,0,0.52287699
NativeNUFFT2,34,1,0.511862958
NativeNUFFT2,34,2,0.51529754
NativeNUFFT2,34,3,0.525675266
NativeNUFFT2,34,4,0.514783246
NativeNUFFT2,34,5,0.515132098
NativeNUFFT2,34,6,0.52491156
NativeNUFFT2,34,7,0.515004567
NativeNUFFT2,34,8,0.519198296
NativeNUFFT2,34,9,0.525816758
NativeNUFFT2,34,10,0.51310088
NativeNUFFT2,34,11,0.51538008
NativeNUFFT2,34,12,0.52387311
NativeNUFFT2,34,13,0.512404063
NativeNUFFT2,34,14,0.514306001
NativeNUFFT2,34,15,0.523546527
NativeNUFFT2,34,16,0.514091748
NativeNUFFT2,34,17,0.514323371
NativeNUFFT2,34,18,0.534112726
NativeNUFFT2,34,19,0.513608634
NativeNUFFT2,34,20,0.513239411
NativeNUFFT2,34,21,0.525528716
NativeNUFFT2,34,22,0.512969928
NativeNUFFT2,34,23,0.514668804
NativeNUFFT2,34,24,0.519437348
NativeNUFFT2,34,25,0.514897306
NativeNUFFT2,34,26,0.514026269
NativeNUFFT2,34,27,0.5260111
NativeNUFFT2,34,28,0.512604915
NativeNUFFT2,34,29,0.517332699
PrecorrectionNUFFT2,34,0,0.000883338
PrecorrectionNUFFT2,34,1,0.000860569
PrecorrectionNUFFT2,34,2,0.000862618
PrecorrectionNUFFT2,34,3,0.000889938
PrecorrectionNUFFT2,34,4,0.000872009
PrecorrectionNUFFT2,34,5,0.000859708
PrecorrectionNUFFT2,34,6,0.000890668
PrecorrectionNUFFT2,34,7,0.000862268
PrecorrectionNUFFT2,34,8,0.000864598
PrecorrectionNUFFT2,34,9,0.000885759
PrecorrectionNUFFT2,34,10,0.000860488
PrecorrectionNUFFT2,34,11,0.000866028
PrecorrectionNUFFT2,34,12,0.000892519
PrecorrectionNUFFT2,34,13,0.000868038
PrecorrectionNUFFT2,34,14,0.000865448
PrecorrectionNUFFT2,34,15,0.000891368
PrecorrectionNUFFT2,34,16,0.000862018
PrecorrectionNUFFT2,34,17,0.000860278
PrecorrectionNUFFT2,34,18,0.000890839
PrecorrectionNUFFT2,34,19,0.000862668
PrecorrectionNUFFT2,34,20,0.000863158
PrecorrectionNUFFT2,34,21,0.000887678
PrecorrectionNUFFT2,34,22,0.000865088
PrecorrectionNUFFT2,34,23,0.000862998
PrecorrectionNUFFT2,34,24,0.000886528
PrecorrectionNUFFT2,34,25,0.000863888
PrecorrectionNUFFT2,34,26,0.000860059
PrecorrectionNUFFT2,34,27,0.000886108
PrecorrectionNUFFT2,34,28,0.000859018
PrecorrectionNUFFT2,34,29,0.000862598
FFTNUFFT2,34,0,0.480727497
FFTNUFFT2,34,1,0.473720801
FFTNUFFT2,34,2,0.47565798
FFTNUFFT2,34,3,0.475594319
FFTNUFFT2,34,4,0.475518728
FFTNUFFT2,34,5,0.479917909
FFTNUFFT2,34,6,0.487180218
FFTNUFFT2,34,7,0.480776927
FFTNUFFT2,34,8,0.480827218
FFTNUFFT2,34,9,0.47999914
FFTNUFFT2,34,10,0.474259917
FFTNUFFT2,34,11,0.479911439
FFTNUFFT2,34,12,0.478059412
FFTNUFFT2,34,13,0.473231038
FFTNUFFT2,34,14,0.474368288
FFTNUFFT2,34,15,0.477659949
FFTNUFFT2,34,16,0.474447658
FFTNUFFT2,34,17,0.474682881
FFTNUFFT2,34,18,0.498102279
FFTNUFFT2,34,19,0.476139564
FFTNUFFT2,34,20,0.474823402
FFTNUFFT2,34,21,0.479524046
FFTNUFFT2,34,22,0.473751732
FFTNUFFT2,34,23,0.476556568
FFTNUFFT2,34,24,0.473185707
FFTNUFFT2,34,25,0.479919089
FFTNUFFT2,34,26,0.478780759
FFTNUFFT2,34,27,0.488287708
FFTNUFFT2,34,28,0.479231553
FFTNUFFT2,34,29,0.481446954
GatherNUFFT2,34,0,0.041246365
GatherNUFFT2,34,1,0.037261358
GatherNUFFT2,34,2,0.038754682
GatherNUFFT2,34,3,0.049170238
GatherNUFFT2,34,4,0.038371378
GatherNUFFT2,34,5,0.034334511
GatherNUFFT2,34,6,0.036821494
GatherNUFFT2,34,7,0.033344012
GatherNUFFT2,34,8,0.03748663
GatherNUFFT2,34,9,0.044911949
GatherNUFFT2,34,10,0.037913594
GatherNUFFT2,34,11,0.034582293
GatherNUFFT2,34,12,0.044901339
GatherNUFFT2,34,13,0.038284257
GatherNUFFT2,34,14,0.039052435
GatherNUFFT2,34,15,0.04497461
GatherNUFFT2,34,16,0.038761512
GatherNUFFT2,34,17,0.038760302
GatherNUFFT2,34,18,0.035100578
GatherNUFFT2,34,19,0.036586392
GatherNUFFT2,34,20,0.037532381
GatherNUFFT2,34,21,0.04509793
GatherNUFFT2,34,22,0.038333848
GatherNUFFT2,34,23,0.037229628
GatherNUFFT2,34,24,0.045344643
GatherNUFFT2,34,25,0.034093858
GatherNUFFT2,34,26,0.03436574
GatherNUFFT2,34,27,0.036817404
GatherNUFFT2,34,28,0.032494353
GatherNUFFT2,34,29,0.035002347
mainTimer,35,0,21.264704059
dumpData,35,0,0.012735599
dumpData,35,1,0.012625898
dumpData,35,2,0.012014492
dumpData,35,3,0.012735729
dumpData,35,4,0.012985221
dumpData,35,5,0.012799019
dumpData,35,6,0.012774699
dumpData,35,7,0.012672438
dumpData,35,8,0.012246234
dumpData,35,9,0.011983252
kick,35,0,0.001614935
kick,35,1,0.001658765
kick,35,2,0.001606445
kick,35,3,0.001659396
kick,35,4,0.001611025
kick,35,5,0.001659455
kick,35,6,0.001618635
kick,35,7,0.001659666
kick,35,8,0.001606105
kick,35,9,0.001659855
kick,35,10,0.001599505
kick,35,11,0.001659956
kick,35,12,0.001606675
kick,35,13,0.001662976
kick,35,14,0.001606145
kick,35,15,0.001670016
kick,35,16,0.001607245
kick,35,17,0.001661436
kick,35,18,0.001617205
kick,35,19,0.001662996
drift,35,0,0.001613565
drift,35,1,0.001614455
drift,35,2,0.001615505
drift,35,3,0.001613945
drift,35,4,0.001616125
drift,35,5,0.001615585
drift,35,6,0.001617195
drift,35,7,0.001615045
drift,35,8,0.001620095
drift,35,9,0.001621545
particleBC,35,0,0.00327775
particleBC,35,1,0.003274871
particleBC,35,2,0.003281881
particleBC,35,3,0.00327665
particleBC,35,4,0.00327276
particleBC,35,5,0.00328252
particleBC,35,6,0.003280601
particleBC,35,7,0.00328061
particleBC,35,8,0.003286561
particleBC,35,9,0.003282021
updateParticle,35,0,0.014521676
updateParticle,35,1,0.012669918
updateParticle,35,2,0.013734408
updateParticle,35,3,0.014238803
updateParticle,35,4,0.013766789
updateParticle,35,5,0.013481536
updateParticle,35,6,0.013219543
updateParticle,35,7,0.013095793
updateParticle,35,8,0.012454447
updateParticle,35,9,0.012128343
locateParticles,35,0,0.001378523
locateParticles,35,1,0.001379243
locateParticles,35,2,0.001395593
locateParticles,35,3,0.001363923
locateParticles,35,4,0.001369023
locateParticles,35,5,0.001367463
locateParticles,35,6,0.001371283
locateParticles,35,7,0.001390323
locateParticles,35,8,0.001410623
locateParticles,35,9,0.001373163
sendPreprocess,35,0,0.001795617
sendPreprocess,35,1,0.001856427
sendPreprocess,35,2,0.001830967
sendPreprocess,35,3,0.001854028
sendPreprocess,35,4,0.001871498
sendPreprocess,35,5,0.001856947
sendPreprocess,35,6,0.001844377
sendPreprocess,35,7,0.001854388
sendPreprocess,35,8,0.001849658
sendPreprocess,35,9,0.001945388
particleSend,35,0,0.001297932
particleSend,35,1,0.001195561
particleSend,35,2,0.001242112
particleSend,35,3,0.001198951
particleSend,35,4,0.001184531
particleSend,35,5,0.001183521
particleSend,35,6,0.001237642
particleSend,35,7,0.001245531
particleSend,35,8,0.001272862
particleSend,35,9,0.001239372
particleRecv,35,0,3.5551e-05
particleRecv,35,1,3.8711e-05
particleRecv,35,2,3.365e-05
particleRecv,35,3,4.405e-05
particleRecv,35,4,3.061e-05
particleRecv,35,5,3.295e-05
particleRecv,35,6,4.291e-05
particleRecv,35,7,3.8621e-05
particleRecv,35,8,6.164e-05
particleRecv,35,9,2.989e-05
particleDestroy,35,0,0.004612973
particleDestroy,35,1,0.004597873
particleDestroy,35,2,0.004597953
particleDestroy,35,3,0.004641313
particleDestroy,35,4,0.004590253
particleDestroy,35,5,0.004597063
particleDestroy,35,6,0.004577223
particleDestroy,35,7,0.004597293
particleDestroy,35,8,0.004613433
particleDestroy,35,9,0.004600113
ScatterPIFNUFFT,35,0,0.516237739
ScatterPIFNUFFT,35,1,0.00111392
ScatterPIFNUFFT,35,2,0.517301408
ScatterPIFNUFFT,35,3,0.001115091
ScatterPIFNUFFT,35,4,0.51747855
ScatterPIFNUFFT,35,5,0.00111736
ScatterPIFNUFFT,35,6,0.518230397
ScatterPIFNUFFT,35,7,0.0011162
ScatterPIFNUFFT,35,8,0.517802234
ScatterPIFNUFFT,35,9,0.001114961
ScatterPIFNUFFT,35,10,0.520932742
ScatterPIFNUFFT,35,11,0.0011208
ScatterPIFNUFFT,35,12,0.518830293
ScatterPIFNUFFT,35,13,0.00111864
ScatterPIFNUFFT,35,14,0.515951936
ScatterPIFNUFFT,35,15,0.00111399
ScatterPIFNUFFT,35,16,0.520923762
ScatterPIFNUFFT,35,17,0.001122231
ScatterPIFNUFFT,35,18,0.516174118
ScatterPIFNUFFT,35,19,0.00111496
NativeNUFFT1,35,0,0.512772306
NativeNUFFT1,35,1,0.512828257
NativeNUFFT1,35,2,0.51319378
NativeNUFFT1,35,3,0.514093549
NativeNUFFT1,35,4,0.51428163
NativeNUFFT1,35,5,0.5163499
NativeNUFFT1,35,6,0.515324001
NativeNUFFT1,35,7,0.511694626
NativeNUFFT1,35,8,0.51634683
NativeNUFFT1,35,9,0.512571145
scatterTimerNUFFT1,35,0,0.040917221
scatterTimerNUFFT1,35,1,0.039937883
scatterTimerNUFFT1,35,2,0.040138355
scatterTimerNUFFT1,35,3,0.03966478
scatterTimerNUFFT1,35,4,0.040366567
scatterTimerNUFFT1,35,5,0.03960364
scatterTimerNUFFT1,35,6,0.040178875
scatterTimerNUFFT1,35,7,0.039573479
scatterTimerNUFFT1,35,8,0.039321108
scatterTimerNUFFT1,35,9,0.040256676
binSort,35,0,0.008325168
binSort,35,1,0.008348058
binSort,35,2,0.008340898
binSort,35,3,0.008334847
binSort,35,4,0.008320978
binSort,35,5,0.008382288
binSort,35,6,0.008377319
binSort,35,7,0.008373498
binSort,35,8,0.008339918
binSort,35,9,0.008368228
binSort,35,10,0.008380699
binSort,35,11,0.008377379
binSort,35,12,0.008289647
binSort,35,13,0.008344688
binSort,35,14,0.008353548
binSort,35,15,0.008341657
binSort,35,16,0.008253837
binSort,35,17,0.008316337
binSort,35,18,0.008308957
binSort,35,19,0.008296347
binSort,35,20,0.008296787
binSort,35,21,0.008319918
binSort,35,22,0.008322818
binSort,35,23,0.008332128
binSort,35,24,0.008329618
binSort,35,25,0.008381628
binSort,35,26,0.008376648
binSort,35,27,0.008366568
binSort,35,28,0.008316118
binSort,35,29,0.008364668
binSort,35,30,0.008349788
binSort,35,31,0.008434169
binSort,35,32,0.008291068
binSort,35,33,0.008324918
binSort,35,34,0.008332678
binSort,35,35,0.008334207
binSort,35,36,0.008293407
binSort,35,37,0.008303038
binSort,35,38,0.008299967
binSort,35,39,0.008312378
binComputeKeys,35,0,0.000897429
binComputeKeys,35,1,0.000899289
binComputeKeys,35,2,0.000898548
binComputeKeys,35,3,0.000900408
binComputeKeys,35,4,0.000896348
binComputeKeys,35,5,0.000898468
binComputeKeys,35,6,0.000898089
binComputeKeys,35,7,0.000899478
binComputeKeys,35,8,0.000897228
binComputeKeys,35,9,0.000899828
binComputeKeys,35,10,0.000900379
binComputeKeys,35,11,0.000898968
binComputeKeys,35,12,0.000896548
binComputeKeys,35,13,0.000899528
binComputeKeys,35,14,0.000899568
binComputeKeys,35,15,0.000900208
binComputeKeys,35,16,0.000901888
binComputeKeys,35,17,0.000900058
binComputeKeys,35,18,0.000899988
binComputeKeys,35,19,0.000900948
binComputeKeys,35,20,0.000898538
binComputeKeys,35,21,0.000900679
binComputeKeys,35,22,0.000899649
binComputeKeys,35,23,0.000902899
binComputeKeys,35,24,0.000898958
binComputeKeys,35,25,0.000900678
binComputeKeys,35,26,0.000903549
binComputeKeys,35,27,0.000900298
binComputeKeys,35,28,0.000899329
binComputeKeys,35,29,0.000899729
binComputeKeys,35,30,0.000899668
binComputeKeys,35,31,0.000909829
binComputeKeys,35,32,0.000899019
binComputeKeys,35,33,0.000900738
binComputeKeys,35,34,0.000902458
binComputeKeys,35,35,0.000901478
binComputeKeys,35,36,0.000899458
binComputeKeys,35,37,0.000900619
binComputeKeys,35,38,0.000900058
binComputeKeys,35,39,0.000899419
binSortByKey,35,0,0.007192437
binSortByKey,35,1,0.007208037
binSortByKey,35,2,0.007203078
binSortByKey,35,3,0.007195517
binSortByKey,35,4,0.007190378
binSortByKey,35,5,0.007243678
binSortByKey,35,6,0.007238408
binSortByKey,35,7,0.007235617
binSortByKey,35,8,0.007208518
binSortByKey,35,9,0.007228748
binSortByKey,35,10,0.007240027
binSortByKey,35,11,0.007237638
binSortByKey,35,12,0.007158327
binSortByKey,35,13,0.007205958
binSortByKey,35,14,0.007214577
binSortByKey,35,15,0.007201367
binSortByKey,35,16,0.007117197
binSortByKey,35,17,0.007175027
binSortByKey,35,18,0.007166107
binSortByKey,35,19,0.007156267
binSortByKey,35,20,0.007162147
binSortByKey,35,21,0.007178337
binSortByKey,35,22,0.007182777
binSortByKey,35,23,0.007189047
binSortByKey,35,24,0.007195467
binSortByKey,35,25,0.007239708
binSortByKey,35,26,0.007233577
binSortByKey,35,27,0.007226138
binSortByKey,35,28,0.007182207
binSortByKey,35,29,0.007224727
binSortByKey,35,30,0.007208667
binSortByKey,35,31,0.007266318
binSortByKey,35,32,0.007151567
binSortByKey,35,33,0.007184147
binSortByKey,35,34,0.007190988
binSortByKey,35,35,0.007192407
binSortByKey,35,36,0.007158887
binSortByKey,35,37,0.007162457
binSortByKey,35,38,0.007160487
binSortByKey,35,39,0.007172077
binComputeOffsets,35,0,0.000226142
binComputeOffsets,35,1,0.000230122
binComputeOffsets,35,2,0.000229422
binComputeOffsets,35,3,0.000229582
binComputeOffsets,35,4,0.000225112
binComputeOffsets,35,5,0.000229682
binComputeOffsets,35,6,0.000230792
binComputeOffsets,35,7,0.000229002
binComputeOffsets,35,8,0.000224982
binComputeOffsets,35,9,0.000229332
binComputeOffsets,35,10,0.000228913
binComputeOffsets,35,11,0.000230432
binComputeOffsets,35,12,0.000225142
binComputeOffsets,35,13,0.000229902
binComputeOffsets,35,14,0.000230022
binComputeOffsets,35,15,0.000230462
binComputeOffsets,35,16,0.000224812
binComputeOffsets,35,17,0.000230542
binComputeOffsets,35,18,0.000232412
binComputeOffsets,35,19,0.000229282
binComputeOffsets,35,20,0.000226342
binComputeOffsets,35,21,0.000230822
binComputeOffsets,35,22,0.000229672
binComputeOffsets,35,23,0.000229262
binComputeOffsets,35,24,0.000225902
binComputeOffsets,35,25,0.000230822
binComputeOffsets,35,26,0.000229972
binComputeOffsets,35,27,0.000229812
binComputeOffsets,35,28,0.000225372
binComputeOffsets,35,29,0.000230502
binComputeOffsets,35,30,0.000230413
binComputeOffsets,35,31,0.000242142
binComputeOffsets,35,32,0.000229852
binComputeOffsets,35,33,0.000229933
binComputeOffsets,35,34,0.000228932
binComputeOffsets,35,35,0.000229642
binComputeOffsets,35,36,0.000225822
binComputeOffsets,35,37,0.000229482
binComputeOffsets,35,38,0.000229972
binComputeOffsets,35,39,0.000229992
FFTNUFFT1,35,0,0.47137268
FFTNUFFT1,35,1,0.47241106
FFTNUFFT1,35,2,0.472582581
FFTNUFFT1,35,3,0.473952944
FFTNUFFT1,35,4,0.473444419
FFTNUFFT1,35,5,0.476266505
FFTNUFFT1,35,6,0.474666941
FFTNUFFT1,35,7,0.471645392
FFTNUFFT1,35,8,0.476527038
FFTNUFFT1,35,9,0.471828454
deconvolutionNUFFT1,35,0,0.000471195
deconvolutionNUFFT1,35,1,0.000468514
deconvolutionNUFFT1,35,2,0.000461174
deconvolutionNUFFT1,35,3,0.000463225
deconvolutionNUFFT1,35,4,0.000457344
deconvolutionNUFFT1,35,5,0.000468575
deconvolutionNUFFT1,35,6,0.000466484
deconvolutionNUFFT1,35,7,0.000464005
deconvolutionNUFFT1,35,8,0.000483444
deconvolutionNUFFT1,35,9,0.000473955
GatherPIFNUFFT,35,0,1.566928366
GatherPIFNUFFT,35,1,1.572022084
GatherPIFNUFFT,35,2,1.573848671
GatherPIFNUFFT,35,3,1.570142276
GatherPIFNUFFT,35,4,1.568146897
GatherPIFNUFFT,35,5,1.565523353
GatherPIFNUFFT,35,6,1.566787284
GatherPIFNUFFT,35,7,1.571415067
GatherPIFNUFFT,35,8,1.56624788
GatherPIFNUFFT,35,9,1.570365888
NativeNUFFT2,35,0,0.523075352
NativeNUFFT2,35,1,0.514095919
NativeNUFFT2,35,2,0.515510482
NativeNUFFT2,35,3,0.527062539
NativeNUFFT2,35,4,0.514532253
NativeNUFFT2,35,5,0.516163378
NativeNUFFT2,35,6,0.525856229
NativeNUFFT2,35,7,0.5153959
NativeNUFFT2,35,8,0.518078816
NativeNUFFT2,35,9,0.525622616
NativeNUFFT2,35,10,0.513497933
NativeNUFFT2,35,11,0.51634735
NativeNUFFT2,35,12,0.527406393
NativeNUFFT2,35,13,0.512744016
NativeNUFFT2,35,14,0.513764046
NativeNUFFT2,35,15,0.521313296
NativeNUFFT2,35,16,0.515520622
NativeNUFFT2,35,17,0.514451192
NativeNUFFT2,35,18,0.526706996
NativeNUFFT2,35,19,0.512563405
NativeNUFFT2,35,20,0.51325745
NativeNUFFT2,35,21,0.528949767
NativeNUFFT2,35,22,0.514420122
NativeNUFFT2,35,23,0.513789836
NativeNUFFT2,35,24,0.522026233
NativeNUFFT2,35,25,0.51534725
NativeNUFFT2,35,26,0.514632054
NativeNUFFT2,35,27,0.525012531
NativeNUFFT2,35,28,0.514984137
NativeNUFFT2,35,29,0.516103587
PrecorrectionNUFFT2,35,0,0.000885678
PrecorrectionNUFFT2,35,1,0.000864688
PrecorrectionNUFFT2,35,2,0.000861558
PrecorrectionNUFFT2,35,3,0.000884278
PrecorrectionNUFFT2,35,4,0.000861428
PrecorrectionNUFFT2,35,5,0.000865038
PrecorrectionNUFFT2,35,6,0.000886099
PrecorrectionNUFFT2,35,7,0.000862238
PrecorrectionNUFFT2,35,8,0.000860548
PrecorrectionNUFFT2,35,9,0.000886348
PrecorrectionNUFFT2,35,10,0.000862738
PrecorrectionNUFFT2,35,11,0.000865328
PrecorrectionNUFFT2,35,12,0.000897459
PrecorrectionNUFFT2,35,13,0.000859768
PrecorrectionNUFFT2,35,14,0.000862978
PrecorrectionNUFFT2,35,15,0.000886168
PrecorrectionNUFFT2,35,16,0.000865158
PrecorrectionNUFFT2,35,17,0.000862538
PrecorrectionNUFFT2,35,18,0.000890338
PrecorrectionNUFFT2,35,19,0.000862978
PrecorrectionNUFFT2,35,20,0.000869188
PrecorrectionNUFFT2,35,21,0.000886798
PrecorrectionNUFFT2,35,22,0.000857978
PrecorrectionNUFFT2,35,23,0.000860628
PrecorrectionNUFFT2,35,24,0.000892879
PrecorrectionNUFFT2,35,25,0.000863618
PrecorrectionNUFFT2,35,26,0.000864408
PrecorrectionNUFFT2,35,27,0.000888839
PrecorrectionNUFFT2,35,28,0.000859328
PrecorrectionNUFFT2,35,29,0.000861328
FFTNUFFT2,35,0,0.474987434
FFTNUFFT2,35,1,0.472693113
FFTNUFFT2,35,2,0.47356792
FFTNUFFT2,35,3,0.480380094
FFTNUFFT2,35,4,0.473964434
FFTNUFFT2,35,5,0.478610037
FFTNUFFT2,35,6,0.484443872
FFTNUFFT2,35,7,0.474420838
FFTNUFFT2,35,8,0.474272567
FFTNUFFT2,35,9,0.483332102
FFTNUFFT2,35,10,0.473121886
FFTNUFFT2,35,11,0.473750432
FFTNUFFT2,35,12,0.484018768
FFTNUFFT2,35,13,0.473344028
FFTNUFFT2,35,14,0.466490764
FFTNUFFT2,35,15,0.472546321
FFTNUFFT2,35,16,0.473852023
FFTNUFFT2,35,17,0.472905804
FFTNUFFT2,35,18,0.475361798
FFTNUFFT2,35,19,0.46811361
FFTNUFFT2,35,20,0.474489659
FFTNUFFT2,35,21,0.48527652
FFTNUFFT2,35,22,0.472803564
FFTNUFFT2,35,23,0.475490658
FFTNUFFT2,35,24,0.479514666
FFTNUFFT2,35,25,0.467692806
FFTNUFFT2,35,26,0.47031552
FFTNUFFT2,35,27,0.484588673
FFTNUFFT2,35,28,0.474331887
FFTNUFFT2,35,29,0.474728151
GatherNUFFT2,35,0,0.04718179
GatherNUFFT2,35,1,0.040517078
GatherNUFFT2,35,2,0.041060624
GatherNUFFT2,35,3,0.045776847
GatherNUFFT2,35,4,0.039686841
GatherNUFFT2,35,5,0.036668133
GatherNUFFT2,35,6,0.040507308
GatherNUFFT2,35,7,0.040092134
GatherNUFFT2,35,8,0.042925801
GatherNUFFT2,35,9,0.041384856
GatherNUFFT2,35,10,0.039493539
GatherNUFFT2,35,11,0.04171152
GatherNUFFT2,35,12,0.042470406
GatherNUFFT2,35,13,0.038520309
GatherNUFFT2,35,14,0.046390373
GatherNUFFT2,35,15,0.047860667
GatherNUFFT2,35,16,0.040782391
GatherNUFFT2,35,17,0.04066297
GatherNUFFT2,35,18,0.05043447
GatherNUFFT2,35,19,0.043566807
GatherNUFFT2,35,20,0.037878813
GatherNUFFT2,35,21,0.042767049
GatherNUFFT2,35,22,0.04073797
GatherNUFFT2,35,23,0.03741406
GatherNUFFT2,35,24,0.041598318
GatherNUFFT2,35,25,0.046769806
GatherNUFFT2,35,26,0.043431166
GatherNUFFT2,35,27,0.039514369
GatherNUFFT2,35,28,0.039772422
GatherNUFFT2,35,29,0.040494088
mainTimer,36,0,21.264689766
dumpData,36,0,0.009060402
dumpData,36,1,0.009144972
dumpData,36,2,0.009354995
dumpData,36,3,0.009102243
dumpData,36,4,0.009067382
dumpData,36,5,0.009210433
dumpData,36,6,0.008984332
dumpData,36,7,0.00876056
dumpData,36,8,0.010028099
dumpData,36,9,0.009306234
kick,36,0,0.001994324
kick,36,1,0.002006464
kick,36,2,0.001994524
kick,36,3,0.002004194
kick,36,4,0.001992924
kick,36,5,0.002004523
kick,36,6,0.001993743
kick,36,7,0.002002493
kick,36,8,0.001990863
kick,36,9,0.002001874
kick,36,10,0.001993564
kick,36,11,0.002003774
kick,36,12,0.001992974
kick,36,13,0.002001603
kick,36,14,0.001994254
kick,36,15,0.002006954
kick,36,16,0.001993354
kick,36,17,0.002001153
kick,36,18,0.001984564
kick,36,19,0.002008154
drift,36,0,0.001954894
drift,36,1,0.001968933
drift,36,2,0.001967474
drift,36,3,0.001962064
drift,36,4,0.001968943
drift,36,5,0.001965973
drift,36,6,0.001962443
drift,36,7,0.001969233
drift,36,8,0.001975913
drift,36,9,0.001953983
particleBC,36,0,0.003963677
particleBC,36,1,0.003965207
particleBC,36,2,0.003958037
particleBC,36,3,0.003957377
particleBC,36,4,0.003963347
particleBC,36,5,0.003961197
particleBC,36,6,0.003957077
particleBC,36,7,0.003955627
particleBC,36,8,0.003958837
particleBC,36,9,0.003953837
updateParticle,36,0,0.013698953
updateParticle,36,1,0.012283685
updateParticle,36,2,0.013832774
updateParticle,36,3,0.013244041
updateParticle,36,4,0.011216937
updateParticle,36,5,0.012561976
updateParticle,36,6,0.011790861
updateParticle,36,7,0.011246047
updateParticle,36,8,0.011331298
updateParticle,36,9,0.011101866
locateParticles,36,0,0.001584061
locateParticles,36,1,0.001579271
locateParticles,36,2,0.001587371
locateParticles,36,3,0.001582681
locateParticles,36,4,0.001568151
locateParticles,36,5,0.001578661
locateParticles,36,6,0.001591881
locateParticles,36,7,0.001572151
locateParticles,36,8,0.001575901
locateParticles,36,9,0.001583191
sendPreprocess,36,0,0.000165101
sendPreprocess,36,1,0.000223042
sendPreprocess,36,2,0.000225451
sendPreprocess,36,3,0.000230601
sendPreprocess,36,4,0.000244002
sendPreprocess,36,5,0.000223262
sendPreprocess,36,6,0.000205501
sendPreprocess,36,7,0.000269392
sendPreprocess,36,8,0.000273452
sendPreprocess,36,9,0.000357373
particleSend,36,0,0.001325169
particleSend,36,1,0.001275349
particleSend,36,2,0.001229099
particleSend,36,3,0.001249469
particleSend,36,4,0.001266318
particleSend,36,5,0.001361589
particleSend,36,6,0.001241618
particleSend,36,7,0.001375249
particleSend,36,8,0.001365579
particleSend,36,9,0.001256078
particleRecv,36,0,3.107e-05
particleRecv,36,1,3.599e-05
particleRecv,36,2,3.776e-05
particleRecv,36,3,3.703e-05
particleRecv,36,4,3.655e-05
particleRecv,36,5,3.886e-05
particleRecv,36,6,4.742e-05
particleRecv,36,7,3.8271e-05
particleRecv,36,8,3.2351e-05
particleRecv,36,9,2.954e-05
particleDestroy,36,0,0.005233506
particleDestroy,36,1,0.005230946
particleDestroy,36,2,0.005220046
particleDestroy,36,3,0.005219996
particleDestroy,36,4,0.005229735
particleDestroy,36,5,0.005253636
particleDestroy,36,6,0.005233716
particleDestroy,36,7,0.005240926
particleDestroy,36,8,0.005219955
particleDestroy,36,9,0.005246897
ScatterPIFNUFFT,36,0,0.517738465
ScatterPIFNUFFT,36,1,0.001115998
ScatterPIFNUFFT,36,2,0.517184301
ScatterPIFNUFFT,36,3,0.001112247
ScatterPIFNUFFT,36,4,0.516944819
ScatterPIFNUFFT,36,5,0.001117067
ScatterPIFNUFFT,36,6,0.521746282
ScatterPIFNUFFT,36,7,0.001114268
ScatterPIFNUFFT,36,8,0.522195776
ScatterPIFNUFFT,36,9,0.001115138
ScatterPIFNUFFT,36,10,0.526186442
ScatterPIFNUFFT,36,11,0.001117148
ScatterPIFNUFFT,36,12,0.5199383
ScatterPIFNUFFT,36,13,0.001115507
ScatterPIFNUFFT,36,14,0.51857913
ScatterPIFNUFFT,36,15,0.001112417
ScatterPIFNUFFT,36,16,0.519432067
ScatterPIFNUFFT,36,17,0.001114088
ScatterPIFNUFFT,36,18,0.517702964
ScatterPIFNUFFT,36,19,0.001114398
NativeNUFFT1,36,0,0.513173764
NativeNUFFT1,36,1,0.51269599
NativeNUFFT1,36,2,0.512997312
NativeNUFFT1,36,3,0.51706999
NativeNUFFT1,36,4,0.517911055
NativeNUFFT1,36,5,0.52150018
NativeNUFFT1,36,6,0.515269058
NativeNUFFT1,36,7,0.514584783
NativeNUFFT1,36,8,0.514726164
NativeNUFFT1,36,9,0.512947062
scatterTimerNUFFT1,36,0,0.039626651
scatterTimerNUFFT1,36,1,0.039713062
scatterTimerNUFFT1,36,2,0.039785242
scatterTimerNUFFT1,36,3,0.039751452
scatterTimerNUFFT1,36,4,0.041336693
scatterTimerNUFFT1,36,5,0.039882853
scatterTimerNUFFT1,36,6,0.039969074
scatterTimerNUFFT1,36,7,0.040790989
scatterTimerNUFFT1,36,8,0.039977043
scatterTimerNUFFT1,36,9,0.039884174
binSort,36,0,0.009932488
binSort,36,1,0.009974069
binSort,36,2,0.009981318
binSort,36,3,0.009978759
binSort,36,4,0.009954129
binSort,36,5,0.009970438
binSort,36,6,0.009971988
binSort,36,7,0.009956269
binSort,36,8,0.009952858
binSort,36,9,0.009957598
binSort,36,10,0.009955548
binSort,36,11,0.009982138
binSort,36,12,0.009938098
binSort,36,13,0.009990448
binSort,36,14,0.009988479
binSort,36,15,0.009977708
binSort,36,16,0.009960279
binSort,36,17,0.009983108
binSort,36,18,0.009985578
binSort,36,19,0.009989388
binSort,36,20,0.009943798
binSort,36,21,0.009985408
binSort,36,22,0.009969268
binSort,36,23,0.009978028
binSort,36,24,0.009930788
binSort,36,25,0.009976679
binSort,36,26,0.009967578
binSort,36,27,0.009972168
binSort,36,28,0.009941128
binSort,36,29,0.009963798
binSort,36,30,0.009966948
binSort,36,31,0.009973168
binSort,36,32,0.009956129
binSort,36,33,0.009984608
binSort,36,34,0.009978059
binSort,36,35,0.009968309
binSort,36,36,0.009948508
binSort,36,37,0.009982728
binSort,36,38,0.010063849
binSort,36,39,0.009977889
binComputeKeys,36,0,0.001082827
binComputeKeys,36,1,0.001089028
binComputeKeys,36,2,0.001083977
binComputeKeys,36,3,0.001084558
binComputeKeys,36,4,0.001080558
binComputeKeys,36,5,0.001085947
binComputeKeys,36,6,0.001084147
binComputeKeys,36,7,0.001082728
binComputeKeys,36,8,0.001083407
binComputeKeys,36,9,0.001082417
binComputeKeys,36,10,0.001085247
binComputeKeys,36,11,0.001083337
binComputeKeys,36,12,0.001080007
binComputeKeys,36,13,0.001085957
binComputeKeys,36,14,0.001085927
binComputeKeys,36,15,0.001082677
binComputeKeys,36,16,0.001081928
binComputeKeys,36,17,0.001082467
binComputeKeys,36,18,0.001084557
binComputeKeys,36,19,0.001081557
binComputeKeys,36,20,0.001081847
binComputeKeys,36,21,0.001084587
binComputeKeys,36,22,0.001086128
binComputeKeys,36,23,0.001084317
binComputeKeys,36,24,0.001080637
binComputeKeys,36,25,0.001081248
binComputeKeys,36,26,0.001084718
binComputeKeys,36,27,0.001085067
binComputeKeys,36,28,0.001080207
binComputeKeys,36,29,0.001082168
binComputeKeys,36,30,0.001088188
binComputeKeys,36,31,0.001084177
binComputeKeys,36,32,0.001083488
binComputeKeys,36,33,0.001083747
binComputeKeys,36,34,0.001081128
binComputeKeys,36,35,0.001080168
binComputeKeys,36,36,0.001079118
binComputeKeys,36,37,0.001085437
binComputeKeys,36,38,0.001094608
binComputeKeys,36,39,0.001082958
binSortByKey,36,0,0.008578249
binSortByKey,36,1,0.008608719
binSortByKey,36,2,0.008622399
binSortByKey,36,3,0.008618119
binSortByKey,36,4,0.008600169
binSortByKey,36,5,0.008609429
binSortByKey,36,6,0.008611869
binSortByKey,36,7,0.008598289
binSortByKey,36,8,0.008596569
binSortByKey,36,9,0.008599639
binSortByKey,36,10,0.008593659
binSortByKey,36,11,0.008619729
binSortByKey,36,12,0.008585669
binSortByKey,36,13,0.008627179
binSortByKey,36,14,0.008625769
binSortByKey,36,15,0.008619239
binSortByKey,36,16,0.008605699
binSortByKey,36,17,0.008623249
binSortByKey,36,18,0.008624199
binSortByKey,36,19,0.008631969
binSortByKey,36,20,0.008590419
binSortByKey,36,21,0.008623879
binSortByKey,36,22,0.008606829
binSortByKey,36,23,0.008618239
binSortByKey,36,24,0.008578909
binSortByKey,36,25,0.008619209
binSortByKey,36,26,0.008604459
binSortByKey,36,27,0.008610679
binSortByKey,36,28,0.008588659
binSortByKey,36,29,0.008604999
binSortByKey,36,30,0.008602589
binSortByKey,36,31,0.008613499
binSortByKey,36,32,0.008599639
binSortByKey,36,33,0.008624479
binSortByKey,36,34,0.008620749
binSortByKey,36,35,0.008611329
binSortByKey,36,36,0.008596249
binSortByKey,36,37,0.008621549
binSortByKey,36,38,0.008673989
binSortByKey,36,39,0.008617119
binComputeOffsets,36,0,0.000261842
binComputeOffsets,36,1,0.000266442
binComputeOffsets,36,2,0.000264942
binComputeOffsets,36,3,0.000266512
binComputeOffsets,36,4,0.000262492
binComputeOffsets,36,5,0.000265552
binComputeOffsets,36,6,0.000266412
binComputeOffsets,36,7,0.000264911
binComputeOffsets,36,8,0.000262202
binComputeOffsets,36,9,0.000265922
binComputeOffsets,36,10,0.000266882
binComputeOffsets,36,11,0.000268702
binComputeOffsets,36,12,0.000262932
binComputeOffsets,36,13,0.000266822
binComputeOffsets,36,14,0.000266872
binComputeOffsets,36,15,0.000266082
binComputeOffsets,36,16,0.000262082
binComputeOffsets,36,17,0.000266752
binComputeOffsets,36,18,0.000266512
binComputeOffsets,36,19,0.000265892
binComputeOffsets,36,20,0.000262042
binComputeOffsets,36,21,0.000267242
binComputeOffsets,36,22,0.000266231
binComputeOffsets,36,23,0.000265791
binComputeOffsets,36,24,0.000261882
binComputeOffsets,36,25,0.000266592
binComputeOffsets,36,26,0.000268121
binComputeOffsets,36,27,0.000266032
binComputeOffsets,36,28,0.000262812
binComputeOffsets,36,29,0.000266971
binComputeOffsets,36,30,0.000265661
binComputeOffsets,36,31,0.000265572
binComputeOffsets,36,32,0.000262491
binComputeOffsets,36,33,0.000266412
binComputeOffsets,36,34,0.000265962
binComputeOffsets,36,35,0.000266982
binComputeOffsets,36,36,0.000263691
binComputeOffsets,36,37,0.000265402
binComputeOffsets,36,38,0.000275272
binComputeOffsets,36,39,0.000266602
FFTNUFFT1,36,0,0.472715896
FFTNUFFT1,36,1,0.472153032
FFTNUFFT1,36,2,0.472381274
FFTNUFFT1,36,3,0.476488313
FFTNUFFT1,36,4,0.475740757
FFTNUFFT1,36,5,0.480787752
FFTNUFFT1,36,6,0.474468728
FFTNUFFT1,36,7,0.472962108
FFTNUFFT1,36,8,0.473899035
FFTNUFFT1,36,9,0.472226823
deconvolutionNUFFT1,36,0,0.000819876
deconvolutionNUFFT1,36,1,0.000818686
deconvolutionNUFFT1,36,2,0.000819606
deconvolutionNUFFT1,36,3,0.000818965
deconvolutionNUFFT1,36,4,0.000820235
deconvolutionNUFFT1,36,5,0.000818515
deconvolutionNUFFT1,36,6,0.000819326
deconvolutionNUFFT1,36,7,0.000819536
deconvolutionNUFFT1,36,8,0.000834246
deconvolutionNUFFT1,36,9,0.000824515
GatherPIFNUFFT,36,0,1.567592702
GatherPIFNUFFT,36,1,1.573496183
GatherPIFNUFFT,36,2,1.573701814
GatherPIFNUFFT,36,3,1.568822511
GatherPIFNUFFT,36,4,1.568134556
GatherPIFNUFFT,36,5,1.562242565
GatherPIFNUFFT,36,6,1.568513279
GatherPIFNUFFT,36,7,1.571925161
GatherPIFNUFFT,36,8,1.56880549
GatherPIFNUFFT,36,9,1.569494885
NativeNUFFT2,36,0,0.523560204
NativeNUFFT2,36,1,0.512837921
NativeNUFFT2,36,2,0.514759874
NativeNUFFT2,36,3,0.528267797
NativeNUFFT2,36,4,0.51423327
NativeNUFFT2,36,5,0.514566373
NativeNUFFT2,36,6,0.527184859
NativeNUFFT2,36,7,0.513429225
NativeNUFFT2,36,8,0.516659397
NativeNUFFT2,36,9,0.522119465
NativeNUFFT2,36,10,0.514326691
NativeNUFFT2,36,11,0.515938962
NativeNUFFT2,36,12,0.5242833
NativeNUFFT2,36,13,0.513199084
NativeNUFFT2,36,14,0.51424733
NativeNUFFT2,36,15,0.517340612
NativeNUFFT2,36,16,0.515037226
NativeNUFFT2,36,17,0.513448625
NativeNUFFT2,36,18,0.527662943
NativeNUFFT2,36,19,0.511632343
NativeNUFFT2,36,20,0.51280481
NativeNUFFT2,36,21,0.527636733
NativeNUFFT2,36,22,0.51267463
NativeNUFFT2,36,23,0.514764264
NativeNUFFT2,36,24,0.523164341
NativeNUFFT2,36,25,0.514616993
NativeNUFFT2,36,26,0.514464522
NativeNUFFT2,36,27,0.525633679
NativeNUFFT2,36,28,0.512306797
NativeNUFFT2,36,29,0.515140746
PrecorrectionNUFFT2,36,0,0.001244628
PrecorrectionNUFFT2,36,1,0.001206438
PrecorrectionNUFFT2,36,2,0.001206869
PrecorrectionNUFFT2,36,3,0.001241579
PrecorrectionNUFFT2,36,4,0.001204418
PrecorrectionNUFFT2,36,5,0.001207348
PrecorrectionNUFFT2,36,6,0.001240729
PrecorrectionNUFFT2,36,7,0.001208878
PrecorrectionNUFFT2,36,8,0.001207008
PrecorrectionNUFFT2,36,9,0.001247609
PrecorrectionNUFFT2,36,10,0.001203828
PrecorrectionNUFFT2,36,11,0.001205378
PrecorrectionNUFFT2,36,12,0.001241059
PrecorrectionNUFFT2,36,13,0.001202939
PrecorrectionNUFFT2,36,14,0.001204348
PrecorrectionNUFFT2,36,15,0.001245549
PrecorrectionNUFFT2,36,16,0.001206498
PrecorrectionNUFFT2,36,17,0.001208318
PrecorrectionNUFFT2,36,18,0.001242439
PrecorrectionNUFFT2,36,19,0.001204888
PrecorrectionNUFFT2,36,20,0.001206238
PrecorrectionNUFFT2,36,21,0.001245779
PrecorrectionNUFFT2,36,22,0.001205099
PrecorrectionNUFFT2,36,23,0.001209248
PrecorrectionNUFFT2,36,24,0.001244708
PrecorrectionNUFFT2,36,25,0.001206248
PrecorrectionNUFFT2,36,26,0.001203378
PrecorrectionNUFFT2,36,27,0.001245739
PrecorrectionNUFFT2,36,28,0.001205058
PrecorrectionNUFFT2,36,29,0.001217098
FFTNUFFT2,36,0,0.481864829
FFTNUFFT2,36,1,0.471688749
FFTNUFFT2,36,2,0.47040641
FFTNUFFT2,36,3,0.485498794
FFTNUFFT2,36,4,0.473804254
FFTNUFFT2,36,5,0.474432018
FFTNUFFT2,36,6,0.480799111
FFTNUFFT2,36,7,0.472304564
FFTNUFFT2,36,8,0.473779114
FFTNUFFT2,36,9,0.468948611
FFTNUFFT2,36,10,0.475783887
FFTNUFFT2,36,11,0.473175299
FFTNUFFT2,36,12,0.483016417
FFTNUFFT2,36,13,0.474525219
FFTNUFFT2,36,14,0.473495102
FFTNUFFT2,36,15,0.475637766
FFTNUFFT2,36,16,0.473953915
FFTNUFFT2,36,17,0.472365874
FFTNUFFT2,36,18,0.485758095
FFTNUFFT2,36,19,0.472301904
FFTNUFFT2,36,20,0.472602095
FFTNUFFT2,36,21,0.485664795
FFTNUFFT2,36,22,0.473008928
FFTNUFFT2,36,23,0.473561842
FFTNUFFT2,36,24,0.482943977
FFTNUFFT2,36,25,0.473672373
FFTNUFFT2,36,26,0.474156436
FFTNUFFT2,36,27,0.480193177
FFTNUFFT2,36,28,0.470597532
FFTNUFFT2,36,29,0.475866738
GatherNUFFT2,36,0,0.040430117
GatherNUFFT2,36,1,0.039922224
GatherNUFFT2,36,2,0.043126315
GatherNUFFT2,36,3,0.041507114
GatherNUFFT2,36,4,0.039204718
GatherNUFFT2,36,5,0.038906906
GatherNUFFT2,36,6,0.045122509
GatherNUFFT2,36,7,0.039895633
GatherNUFFT2,36,8,0.041645735
GatherNUFFT2,36,9,0.051902285
GatherNUFFT2,36,10,0.037317336
GatherNUFFT2,36,11,0.041538495
GatherNUFFT2,36,12,0.040005204
GatherNUFFT2,36,13,0.037449866
GatherNUFFT2,36,14,0.03952772
GatherNUFFT2,36,15,0.040437117
GatherNUFFT2,36,16,0.039855483
GatherNUFFT2,36,17,0.039854253
GatherNUFFT2,36,18,0.040642179
GatherNUFFT2,36,19,0.038104421
GatherNUFFT2,36,20,0.038976747
GatherNUFFT2,36,21,0.040705289
GatherNUFFT2,36,22,0.038440013
GatherNUFFT2,36,23,0.039972044
GatherNUFFT2,36,24,0.038954556
GatherNUFFT2,36,25,0.039715862
GatherNUFFT2,36,26,0.039083458
GatherNUFFT2,36,27,0.044174003
GatherNUFFT2,36,28,0.040480547
GatherNUFFT2,36,29,0.03803321
mainTimer,37,0,21.264697376
dumpData,37,0,0.010108029
dumpData,37,1,0.010058329
dumpData,37,2,0.00874704
dumpData,37,3,0.01014964
dumpData,37,4,0.011309788
dumpData,37,5,0.010042889
dumpData,37,6,0.010862294
dumpData,37,7,0.009719957
dumpData,37,8,0.009450145
dumpData,37,9,0.00875924
kick,37,0,0.001881153
kick,37,1,0.001882183
kick,37,2,0.001874763
kick,37,3,0.001881012
kick,37,4,0.001877593
kick,37,5,0.001882423
kick,37,6,0.001879363
kick,37,7,0.001879783
kick,37,8,0.001870943
kick,37,9,0.001883242
kick,37,10,0.001840813
kick,37,11,0.001881123
kick,37,12,0.001874893
kick,37,13,0.001885543
kick,37,14,0.001856413
kick,37,15,0.001881573
kick,37,16,0.001875143
kick,37,17,0.001887383
kick,37,18,0.001874903
kick,37,19,0.001881853
drift,37,0,0.001858083
drift,37,1,0.001834403
drift,37,2,0.001831303
drift,37,3,0.001865022
drift,37,4,0.001830382
drift,37,5,0.001831912
drift,37,6,0.001831132
drift,37,7,0.001833122
drift,37,8,0.001839782
drift,37,9,0.001850303
particleBC,37,0,0.003710825
particleBC,37,1,0.003719295
particleBC,37,2,0.003717115
particleBC,37,3,0.003718526
particleBC,37,4,0.003715126
particleBC,37,5,0.003719436
particleBC,37,6,0.003715266
particleBC,37,7,0.003713926
particleBC,37,8,0.003718626
particleBC,37,9,0.003727185
updateParticle,37,0,0.013593733
updateParticle,37,1,0.012435595
updateParticle,37,2,0.013299861
updateParticle,37,3,0.013240901
updateParticle,37,4,0.011551629
updateParticle,37,5,0.012862908
updateParticle,37,6,0.012316694
updateParticle,37,7,0.012388755
updateParticle,37,8,0.01174789
updateParticle,37,9,0.011219667
locateParticles,37,0,0.001519151
locateParticles,37,1,0.00151392
locateParticles,37,2,0.001514951
locateParticles,37,3,0.00151845
locateParticles,37,4,0.00151625
locateParticles,37,5,0.00152458
locateParticles,37,6,0.00152314
locateParticles,37,7,0.00151105
locateParticles,37,8,0.00151627
locateParticles,37,9,0.001559271
sendPreprocess,37,0,0.000705435
sendPreprocess,37,1,0.000788136
sendPreprocess,37,2,0.000789315
sendPreprocess,37,3,0.000746635
sendPreprocess,37,4,0.000804026
sendPreprocess,37,5,0.000807826
sendPreprocess,37,6,0.000766826
sendPreprocess,37,7,0.000845646
sendPreprocess,37,8,0.000824546
sendPreprocess,37,9,0.000825326
particleSend,37,0,0.001241228
particleSend,37,1,0.001287509
particleSend,37,2,0.001276519
particleSend,37,3,0.001231699
particleSend,37,4,0.001285948
particleSend,37,5,0.001352729
particleSend,37,6,0.001336839
particleSend,37,7,0.001231938
particleSend,37,8,0.001231388
particleSend,37,9,0.001303459
particleRecv,37,0,3.4431e-05
particleRecv,37,1,3.516e-05
particleRecv,37,2,3.65e-05
particleRecv,37,3,3.548e-05
particleRecv,37,4,2.9041e-05
particleRecv,37,5,3.948e-05
particleRecv,37,6,3.829e-05
particleRecv,37,7,4.0241e-05
particleRecv,37,8,3.8511e-05
particleRecv,37,9,3.044e-05
particleDestroy,37,0,0.005108384
particleDestroy,37,1,0.005120425
particleDestroy,37,2,0.005097935
particleDestroy,37,3,0.005115865
particleDestroy,37,4,0.005124005
particleDestroy,37,5,0.005133456
particleDestroy,37,6,0.005101105
particleDestroy,37,7,0.005114285
particleDestroy,37,8,0.005106775
particleDestroy,37,9,0.005125965
ScatterPIFNUFFT,37,0,0.513893138
ScatterPIFNUFFT,37,1,0.001112218
ScatterPIFNUFFT,37,2,0.514443792
ScatterPIFNUFFT,37,3,0.001111517
ScatterPIFNUFFT,37,4,0.514917315
ScatterPIFNUFFT,37,5,0.001118108
ScatterPIFNUFFT,37,6,0.520439653
ScatterPIFNUFFT,37,7,0.001114978
ScatterPIFNUFFT,37,8,0.520539224
ScatterPIFNUFFT,37,9,0.001117257
ScatterPIFNUFFT,37,10,0.514497663
ScatterPIFNUFFT,37,11,0.001114517
ScatterPIFNUFFT,37,12,0.514035019
ScatterPIFNUFFT,37,13,0.001113577
ScatterPIFNUFFT,37,14,0.519471677
ScatterPIFNUFFT,37,15,0.001115578
ScatterPIFNUFFT,37,16,0.520680905
ScatterPIFNUFFT,37,17,0.001113388
ScatterPIFNUFFT,37,18,0.514325451
ScatterPIFNUFFT,37,19,0.001121817
NativeNUFFT1,37,0,0.508964505
NativeNUFFT1,37,1,0.50982197
NativeNUFFT1,37,2,0.510756197
NativeNUFFT1,37,3,0.51551627
NativeNUFFT1,37,4,0.516292964
NativeNUFFT1,37,5,0.50978954
NativeNUFFT1,37,6,0.509516328
NativeNUFFT1,37,7,0.515051166
NativeNUFFT1,37,8,0.516115613
NativeNUFFT1,37,9,0.509446328
scatterTimerNUFFT1,37,0,0.040139355
scatterTimerNUFFT1,37,1,0.039194708
scatterTimerNUFFT1,37,2,0.040493227
scatterTimerNUFFT1,37,3,0.039129258
scatterTimerNUFFT1,37,4,0.041646175
scatterTimerNUFFT1,37,5,0.039134658
scatterTimerNUFFT1,37,6,0.038992777
scatterTimerNUFFT1,37,7,0.038955037
scatterTimerNUFFT1,37,8,0.039678571
scatterTimerNUFFT1,37,9,0.039596291
binSort,37,0,0.009351514
binSort,37,1,0.009391595
binSort,37,2,0.009383944
binSort,37,3,0.009399714
binSort,37,4,0.009358544
binSort,37,5,0.009398364
binSort,37,6,0.009385044
binSort,37,7,0.009385024
binSort,37,8,0.009345274
binSort,37,9,0.009400144
binSort,37,10,0.009384505
binSort,37,11,0.009427044
binSort,37,12,0.009345394
binSort,37,13,0.009398115
binSort,37,14,0.009397424
binSort,37,15,0.009463865
binSort,37,16,0.009337423
binSort,37,17,0.009396254
binSort,37,18,0.009394244
binSort,37,19,0.009382504
binSort,37,20,0.009344094
binSort,37,21,0.009394565
binSort,37,22,0.009380114
binSort,37,23,0.009385335
binSort,37,24,0.009344504
binSort,37,25,0.009383514
binSort,37,26,0.009387224
binSort,37,27,0.009373835
binSort,37,28,0.009343764
binSort,37,29,0.009390434
binSort,37,30,0.009383054
binSort,37,31,0.009390724
binSort,37,32,0.009337284
binSort,37,33,0.009429864
binSort,37,34,0.009365394
binSort,37,35,0.009381055
binSort,37,36,0.009342175
binSort,37,37,0.009377814
binSort,37,38,0.009373834
binSort,37,39,0.009373204
binComputeKeys,37,0,0.001023357
binComputeKeys,37,1,0.001020617
binComputeKeys,37,2,0.001022507
binComputeKeys,37,3,0.001018437
binComputeKeys,37,4,0.001014356
binComputeKeys,37,5,0.001023407
binComputeKeys,37,6,0.001019807
binComputeKeys,37,7,0.001019297
binComputeKeys,37,8,0.001015307
binComputeKeys,37,9,0.001023207
binComputeKeys,37,10,0.001017977
binComputeKeys,37,11,0.001019277
binComputeKeys,37,12,0.001014527
binComputeKeys,37,13,0.001021497
binComputeKeys,37,14,0.001019737
binComputeKeys,37,15,0.001020967
binComputeKeys,37,16,0.001015667
binComputeKeys,37,17,0.001019477
binComputeKeys,37,18,0.001020847
binComputeKeys,37,19,0.001017727
binComputeKeys,37,20,0.001015457
binComputeKeys,37,21,0.001017917
binComputeKeys,37,22,0.001020437
binComputeKeys,37,23,0.001019047
binComputeKeys,37,24,0.001015637
binComputeKeys,37,25,0.001025327
binComputeKeys,37,26,0.001022477
binComputeKeys,37,27,0.001018307
binComputeKeys,37,28,0.001014497
binComputeKeys,37,29,0.001020097
binComputeKeys,37,30,0.001022747
binComputeKeys,37,31,0.001021927
binComputeKeys,37,32,0.001016277
binComputeKeys,37,33,0.001030537
binComputeKeys,37,34,0.001021347
binComputeKeys,37,35,0.001024167
binComputeKeys,37,36,0.001017427
binComputeKeys,37,37,0.001020417
binComputeKeys,37,38,0.001021196
binComputeKeys,37,39,0.001017657
binSortByKey,37,0,0.008069335
binSortByKey,37,1,0.008106336
binSortByKey,37,2,0.008098096
binSortByKey,37,3,0.008117806
binSortByKey,37,4,0.008082536
binSortByKey,37,5,0.008110845
binSortByKey,37,6,0.008101625
binSortByKey,37,7,0.008102335
binSortByKey,37,8,0.008070925
binSortByKey,37,9,0.008112636
binSortByKey,37,10,0.008102766
binSortByKey,37,11,0.008118545
binSortByKey,37,12,0.008071065
binSortByKey,37,13,0.008112376
binSortByKey,37,14,0.008114165
binSortByKey,37,15,0.008177566
binSortByKey,37,16,0.008056905
binSortByKey,37,17,0.008112375
binSortByKey,37,18,0.008109555
binSortByKey,37,19,0.008101365
binSortByKey,37,20,0.008069655
binSortByKey,37,21,0.008113846
binSortByKey,37,22,0.008096646
binSortByKey,37,23,0.008102066
binSortByKey,37,24,0.008068315
binSortByKey,37,25,0.008092565
binSortByKey,37,26,0.008101266
binSortByKey,37,27,0.008091286
binSortByKey,37,28,0.008070405
binSortByKey,37,29,0.008104585
binSortByKey,37,30,0.008097656
binSortByKey,37,31,0.008105395
binSortByKey,37,32,0.008057536
binSortByKey,37,33,0.008117456
binSortByKey,37,34,0.008080075
binSortByKey,37,35,0.008086866
binSortByKey,37,36,0.008065486
binSortByKey,37,37,0.008093956
binSortByKey,37,38,0.008086916
binSortByKey,37,39,0.008091545
binComputeOffsets,37,0,0.000249522
binComputeOffsets,37,1,0.000255042
binComputeOffsets,37,2,0.000253731
binComputeOffsets,37,3,0.000254281
binComputeOffsets,37,4,0.000251622
binComputeOffsets,37,5,0.000254872
binComputeOffsets,37,6,0.000254042
binComputeOffsets,37,7,0.000253422
binComputeOffsets,37,8,0.000249742
binComputeOffsets,37,9,0.000254061
binComputeOffsets,37,10,0.000254201
binComputeOffsets,37,11,0.000278902
binComputeOffsets,37,12,0.000249552
binComputeOffsets,37,13,0.000253772
binComputeOffsets,37,14,0.000254072
binComputeOffsets,37,15,0.000255892
binComputeOffsets,37,16,0.000253781
binComputeOffsets,37,17,0.000255112
binComputeOffsets,37,18,0.000253992
binComputeOffsets,37,19,0.000254372
binComputeOffsets,37,20,0.000249662
binComputeOffsets,37,21,0.000253652
binComputeOffsets,37,22,0.000253861
binComputeOffsets,37,23,0.000254452
binComputeOffsets,37,24,0.000251222
binComputeOffsets,37,25,0.000255792
binComputeOffsets,37,26,0.000254281
binComputeOffsets,37,27,0.000254542
binComputeOffsets,37,28,0.000249612
binComputeOffsets,37,29,0.000255992
binComputeOffsets,37,30,0.000253261
binComputeOffsets,37,31,0.000254242
binComputeOffsets,37,32,0.000249661
binComputeOffsets,37,33,0.000264181
binComputeOffsets,37,34,0.000254572
binComputeOffsets,37,35,0.000260492
binComputeOffsets,37,36,0.000249732
binComputeOffsets,37,37,0.000254091
binComputeOffsets,37,38,0.000255512
binComputeOffsets,37,39,0.000254722
FFTNUFFT1,37,0,0.468343437
FFTNUFFT1,37,1,0.470149779
FFTNUFFT1,37,2,0.469788696
FFTNUFFT1,37,3,0.475914808
FFTNUFFT1,37,4,0.474171166
FFTNUFFT1,37,5,0.470175749
FFTNUFFT1,37,6,0.470037918
FFTNUFFT1,37,7,0.475617266
FFTNUFFT1,37,8,0.475955249
FFTNUFFT1,37,9,0.469345123
deconvolutionNUFFT1,37,0,0.000469593
deconvolutionNUFFT1,37,1,0.000465213
deconvolutionNUFFT1,37,2,0.000461494
deconvolutionNUFFT1,37,3,0.000459584
deconvolutionNUFFT1,37,4,0.000462683
deconvolutionNUFFT1,37,5,0.000466863
deconvolutionNUFFT1,37,6,0.000473603
deconvolutionNUFFT1,37,7,0.000467563
deconvolutionNUFFT1,37,8,0.000467603
deconvolutionNUFFT1,37,9,0.000492614
GatherPIFNUFFT,37,0,1.571339388
GatherPIFNUFFT,37,1,1.575965859
GatherPIFNUFFT,37,2,1.576923136
GatherPIFNUFFT,37,3,1.569999759
GatherPIFNUFFT,37,4,1.567916044
GatherPIFNUFFT,37,5,1.573843155
GatherPIFNUFFT,37,6,1.573239091
GatherPIFNUFFT,37,7,1.569745027
GatherPIFNUFFT,37,8,1.567946185
GatherPIFNUFFT,37,9,1.573271061
NativeNUFFT2,37,0,0.526672665
NativeNUFFT2,37,1,0.513953469
NativeNUFFT2,37,2,0.515058526
NativeNUFFT2,37,3,0.530726973
NativeNUFFT2,37,4,0.513110683
NativeNUFFT2,37,5,0.516473636
NativeNUFFT2,37,6,0.529820478
NativeNUFFT2,37,7,0.514076309
NativeNUFFT2,37,8,0.517378852
NativeNUFFT2,37,9,0.524394651
NativeNUFFT2,37,10,0.513065333
NativeNUFFT2,37,11,0.516874649
NativeNUFFT2,37,12,0.526575456
NativeNUFFT2,37,13,0.512235047
NativeNUFFT2,37,14,0.513412485
NativeNUFFT2,37,15,0.528982692
NativeNUFFT2,37,16,0.515198807
NativeNUFFT2,37,17,0.514002439
NativeNUFFT2,37,18,0.53309616
NativeNUFFT2,37,19,0.511842794
NativeNUFFT2,37,20,0.51264498
NativeNUFFT2,37,21,0.525705669
NativeNUFFT2,37,22,0.513898369
NativeNUFFT2,37,23,0.514479603
NativeNUFFT2,37,24,0.522647628
NativeNUFFT2,37,25,0.514884125
NativeNUFFT2,37,26,0.514744924
NativeNUFFT2,37,27,0.528005245
NativeNUFFT2,37,28,0.513630076
NativeNUFFT2,37,29,0.515930872
PrecorrectionNUFFT2,37,0,0.000891216
PrecorrectionNUFFT2,37,1,0.000864816
PrecorrectionNUFFT2,37,2,0.000870256
PrecorrectionNUFFT2,37,3,0.000892026
PrecorrectionNUFFT2,37,4,0.000863786
PrecorrectionNUFFT2,37,5,0.000864606
PrecorrectionNUFFT2,37,6,0.000889647
PrecorrectionNUFFT2,37,7,0.000868126
PrecorrectionNUFFT2,37,8,0.000869736
PrecorrectionNUFFT2,37,9,0.000890426
PrecorrectionNUFFT2,37,10,0.000867706
PrecorrectionNUFFT2,37,11,0.000870696
PrecorrectionNUFFT2,37,12,0.000888167
PrecorrectionNUFFT2,37,13,0.000861976
PrecorrectionNUFFT2,37,14,0.000864406
PrecorrectionNUFFT2,37,15,0.000887946
PrecorrectionNUFFT2,37,16,0.000861985
PrecorrectionNUFFT2,37,17,0.000866496
PrecorrectionNUFFT2,37,18,0.000892826
PrecorrectionNUFFT2,37,19,0.000867136
PrecorrectionNUFFT2,37,20,0.000862976
PrecorrectionNUFFT2,37,21,0.000888196
PrecorrectionNUFFT2,37,22,0.000867306
PrecorrectionNUFFT2,37,23,0.000861416
PrecorrectionNUFFT2,37,24,0.000885326
PrecorrectionNUFFT2,37,25,0.000878226
PrecorrectionNUFFT2,37,26,0.000866476
PrecorrectionNUFFT2,37,27,0.000885706
PrecorrectionNUFFT2,37,28,0.000864606
PrecorrectionNUFFT2,37,29,0.000863886
FFTNUFFT2,37,0,0.481028093
FFTNUFFT2,37,1,0.4703079
FFTNUFFT2,37,2,0.46741049
FFTNUFFT2,37,3,0.483973264
FFTNUFFT2,37,4,0.469207993
FFTNUFFT2,37,5,0.473757044
FFTNUFFT2,37,6,0.479258261
FFTNUFFT2,37,7,0.467610261
FFTNUFFT2,37,8,0.470859824
FFTNUFFT2,37,9,0.481385696
FFTNUFFT2,37,10,0.470663313
FFTNUFFT2,37,11,0.471919591
FFTNUFFT2,37,12,0.482425662
FFTNUFFT2,37,13,0.471831451
FFTNUFFT2,37,14,0.467209469
FFTNUFFT2,37,15,0.481566597
FFTNUFFT2,37,16,0.470379331
FFTNUFFT2,37,17,0.474057335
FFTNUFFT2,37,18,0.488632156
FFTNUFFT2,37,19,0.470935414
FFTNUFFT2,37,20,0.474154756
FFTNUFFT2,37,21,0.47617913
FFTNUFFT2,37,22,0.474227567
FFTNUFFT2,37,23,0.471230607
FFTNUFFT2,37,24,0.478740957
FFTNUFFT2,37,25,0.470914684
FFTNUFFT2,37,26,0.467780012
FFTNUFFT2,37,27,0.485085191
FFTNUFFT2,37,28,0.473656082
FFTNUFFT2,37,29,0.469719226
GatherNUFFT2,37,0,0.044732716
GatherNUFFT2,37,1,0.042759883
GatherNUFFT2,37,2,0.04675716
GatherNUFFT2,37,3,0.045841163
GatherNUFFT2,37,4,0.043017414
GatherNUFFT2,37,5,0.041831586
GatherNUFFT2,37,6,0.04965238
GatherNUFFT2,37,7,0.045576512
GatherNUFFT2,37,8,0.045628192
GatherNUFFT2,37,9,0.042094948
GatherNUFFT2,37,10,0.041511894
GatherNUFFT2,37,11,0.044061042
GatherNUFFT2,37,12,0.043241297
GatherNUFFT2,37,13,0.03951995
GatherNUFFT2,37,14,0.04531808
GatherNUFFT2,37,15,0.046507939
GatherNUFFT2,37,16,0.043935751
GatherNUFFT2,37,17,0.039057558
GatherNUFFT2,37,18,0.043550988
GatherNUFFT2,37,19,0.040019844
GatherNUFFT2,37,20,0.037607218
GatherNUFFT2,37,21,0.048617363
GatherNUFFT2,37,22,0.038783686
GatherNUFFT2,37,23,0.04236676
GatherNUFFT2,37,24,0.042997725
GatherNUFFT2,37,25,0.043067435
GatherNUFFT2,37,26,0.046077236
GatherNUFFT2,37,27,0.042013788
GatherNUFFT2,37,28,0.039087778
GatherNUFFT2,37,29,0.04532488
mainTimer,38,0,21.264700816
dumpData,38,0,0.011062796
dumpData,38,1,0.011078305
dumpData,38,2,0.010302171
dumpData,38,3,0.011092866
dumpData,38,4,0.010127669
dumpData,38,5,0.011123816
dumpData,38,6,0.009905358
dumpData,38,7,0.010587043
dumpData,38,8,0.00878839
dumpData,38,9,0.010359671
kick,38,0,0.001865083
kick,38,1,0.001883603
kick,38,2,0.001851733
kick,38,3,0.001880893
kick,38,4,0.001850213
kick,38,5,0.001880593
kick,38,6,0.001868643
kick,38,7,0.001881243
kick,38,8,0.001849923
kick,38,9,0.001880923
kick,38,10,0.001873823
kick,38,11,0.001883043
kick,38,12,0.001847283
kick,38,13,0.001881333
kick,38,14,0.001876563
kick,38,15,0.001882653
kick,38,16,0.001863033
kick,38,17,0.001882733
kick,38,18,0.001875913
kick,38,19,0.001883193
drift,38,0,0.001831083
drift,38,1,0.001835432
drift,38,2,0.001833153
drift,38,3,0.001836712
drift,38,4,0.001831452
drift,38,5,0.001832432
drift,38,6,0.001833802
drift,38,7,0.001832892
drift,38,8,0.001831852
drift,38,9,0.001864733
particleBC,38,0,0.003728945
particleBC,38,1,0.003721316
particleBC,38,2,0.003719685
particleBC,38,3,0.003721796
particleBC,38,4,0.003719866
particleBC,38,5,0.003724785
particleBC,38,6,0.003713766
particleBC,38,7,0.003719246
particleBC,38,8,0.003721096
particleBC,38,9,0.003717395
updateParticle,38,0,0.013595933
updateParticle,38,1,0.012431255
updateParticle,38,2,0.013356922
updateParticle,38,3,0.014294017
updateParticle,38,4,0.011021185
updateParticle,38,5,0.012755787
updateParticle,38,6,0.012974798
updateParticle,38,7,0.012349944
updateParticle,38,8,0.012025082
updateParticle,38,9,0.011026436
locateParticles,38,0,0.001523421
locateParticles,38,1,0.00152554
locateParticles,38,2,0.001521851
locateParticles,38,3,0.00152541
locateParticles,38,4,0.00153803
locateParticles,38,5,0.001522191
locateParticles,38,6,0.00152945
locateParticles,38,7,0.00153696
locateParticles,38,8,0.00152208
locateParticles,38,9,0.001526871
sendPreprocess,38,0,0.000728875
sendPreprocess,38,1,0.000794936
sendPreprocess,38,2,0.000804905
sendPreprocess,38,3,0.000774645
sendPreprocess,38,4,0.000797876
sendPreprocess,38,5,0.000769245
sendPreprocess,38,6,0.000788126
sendPreprocess,38,7,0.000795196
sendPreprocess,38,8,0.000843276
sendPreprocess,38,9,0.000851016
particleSend,38,0,0.001272389
particleSend,38,1,0.001273399
particleSend,38,2,0.00141309
particleSend,38,3,0.001310909
particleSend,38,4,0.001258518
particleSend,38,5,0.001265629
particleSend,38,6,0.001267028
particleSend,38,7,0.001208568
particleSend,38,8,0.001328159
particleSend,38,9,0.001266628
particleRecv,38,0,3.354e-05
particleRecv,38,1,3.207e-05
particleRecv,38,2,3.36e-05
particleRecv,38,3,3.71e-05
particleRecv,38,4,3.16e-05
particleRecv,38,5,3.532e-05
particleRecv,38,6,3.144e-05
particleRecv,38,7,3.9811e-05
particleRecv,38,8,3.776e-05
particleRecv,38,9,3.5551e-05
particleDestroy,38,0,0.005088545
particleDestroy,38,1,0.005105025
particleDestroy,38,2,0.005087125
particleDestroy,38,3,0.005098885
particleDestroy,38,4,0.005123466
particleDestroy,38,5,0.005080975
particleDestroy,38,6,0.005092125
particleDestroy,38,7,0.005103385
particleDestroy,38,8,0.005105765
particleDestroy,38,9,0.005094705
ScatterPIFNUFFT,38,0,0.521130338
ScatterPIFNUFFT,38,1,0.001109787
ScatterPIFNUFFT,38,2,0.521143217
ScatterPIFNUFFT,38,3,0.001107108
ScatterPIFNUFFT,38,4,0.521029287
ScatterPIFNUFFT,38,5,0.001111118
ScatterPIFNUFFT,38,6,0.513538836
ScatterPIFNUFFT,38,7,0.001111997
ScatterPIFNUFFT,38,8,0.520290322
ScatterPIFNUFFT,38,9,0.001109938
ScatterPIFNUFFT,38,10,0.521219008
ScatterPIFNUFFT,38,11,0.001109258
ScatterPIFNUFFT,38,12,0.52143886
ScatterPIFNUFFT,38,13,0.001108647
ScatterPIFNUFFT,38,14,0.51698872
ScatterPIFNUFFT,38,15,0.001112138
ScatterPIFNUFFT,38,16,0.523406653
ScatterPIFNUFFT,38,17,0.001113877
ScatterPIFNUFFT,38,18,0.520576595
ScatterPIFNUFFT,38,19,0.001112538
NativeNUFFT1,38,0,0.516219144
NativeNUFFT1,38,1,0.516536976
NativeNUFFT1,38,2,0.516823619
NativeNUFFT1,38,3,0.509433377
NativeNUFFT1,38,4,0.516394645
NativeNUFFT1,38,5,0.516548737
NativeNUFFT1,38,6,0.517385292
NativeNUFFT1,38,7,0.512590369
NativeNUFFT1,38,8,0.519005753
NativeNUFFT1,38,9,0.51560702
scatterTimerNUFFT1,38,0,0.039299019
scatterTimerNUFFT1,38,1,0.039048507
scatterTimerNUFFT1,38,2,0.040368297
scatterTimerNUFFT1,38,3,0.03952621
scatterTimerNUFFT1,38,4,0.041848656
scatterTimerNUFFT1,38,5,0.039607182
scatterTimerNUFFT1,38,6,0.039981494
scatterTimerNUFFT1,38,7,0.039397509
scatterTimerNUFFT1,38,8,0.039923724
scatterTimerNUFFT1,38,9,0.03938244
binSort,38,0,0.009335384
binSort,38,1,0.009376134
binSort,38,2,0.009378134
binSort,38,3,0.009371524
binSort,38,4,0.009335994
binSort,38,5,0.009365874
binSort,38,6,0.009359524
binSort,38,7,0.009361104
binSort,38,8,0.009334024
binSort,38,9,0.009368714
binSort,38,10,0.009365374
binSort,38,11,0.009378554
binSort,38,12,0.009343264
binSort,38,13,0.009374084
binSort,38,14,0.009363154
binSort,38,15,0.009362394
binSort,38,16,0.009336974
binSort,38,17,0.009373254
binSort,38,18,0.009371244
binSort,38,19,0.009377624
binSort,38,20,0.009336404
binSort,38,21,0.009379434
binSort,38,22,0.009358224
binSort,38,23,0.009359244
binSort,38,24,0.009337894
binSort,38,25,0.009363444
binSort,38,26,0.009362914
binSort,38,27,0.009370454
binSort,38,28,0.009337444
binSort,38,29,0.009372614
binSort,38,30,0.009368074
binSort,38,31,0.009363594
binSort,38,32,0.009327714
binSort,38,33,0.009380294
binSort,38,34,0.009373204
binSort,38,35,0.009376114
binSort,38,36,0.009331054
binSort,38,37,0.009378974
binSort,38,38,0.009374794
binSort,38,39,0.009361824
binComputeKeys,38,0,0.001013967
binComputeKeys,38,1,0.001016257
binComputeKeys,38,2,0.001019587
binComputeKeys,38,3,0.001017287
binComputeKeys,38,4,0.001014857
binComputeKeys,38,5,0.001019357
binComputeKeys,38,6,0.001017477
binComputeKeys,38,7,0.001018667
binComputeKeys,38,8,0.001018307
binComputeKeys,38,9,0.001017297
binComputeKeys,38,10,0.001017277
binComputeKeys,38,11,0.001017867
binComputeKeys,38,12,0.001016167
binComputeKeys,38,13,0.001017087
binComputeKeys,38,14,0.001018917
binComputeKeys,38,15,0.001018617
binComputeKeys,38,16,0.001016507
binComputeKeys,38,17,0.001017977
binComputeKeys,38,18,0.001017777
binComputeKeys,38,19,0.001020527
binComputeKeys,38,20,0.001013987
binComputeKeys,38,21,0.001019447
binComputeKeys,38,22,0.001019917
binComputeKeys,38,23,0.001016717
binComputeKeys,38,24,0.001014827
binComputeKeys,38,25,0.001018047
binComputeKeys,38,26,0.001017337
binComputeKeys,38,27,0.001016637
binComputeKeys,38,28,0.001014797
binComputeKeys,38,29,0.001019657
binComputeKeys,38,30,0.001018067
binComputeKeys,38,31,0.001017447
binComputeKeys,38,32,0.001016267
binComputeKeys,38,33,0.001020077
binComputeKeys,38,34,0.001016557
binComputeKeys,38,35,0.001019607
binComputeKeys,38,36,0.001015207
binComputeKeys,38,37,0.001016987
binComputeKeys,38,38,0.001019687
binComputeKeys,38,39,0.001015567
binSortByKey,38,0,0.008061715
binSortByKey,38,1,0.008096615
binSortByKey,38,2,0.008093655
binSortByKey,38,3,0.008092055
binSortByKey,38,4,0.008062355
binSortByKey,38,5,0.008077755
binSortByKey,38,6,0.008079435
binSortByKey,38,7,0.008081226
binSortByKey,38,8,0.008056525
binSortByKey,38,9,0.008088896
binSortByKey,38,10,0.008084586
binSortByKey,38,11,0.008097125
binSortByKey,38,12,0.008068526
binSortByKey,38,13,0.008094146
binSortByKey,38,14,0.008080695
binSortByKey,38,15,0.008081545
binSortByKey,38,16,0.008061916
binSortByKey,38,17,0.008092545
binSortByKey,38,18,0.008089816
binSortByKey,38,19,0.008094075
binSortByKey,38,20,0.008062845
binSortByKey,38,21,0.008095976
binSortByKey,38,22,0.008075585
binSortByKey,38,23,0.008079486
binSortByKey,38,24,0.008064335
binSortByKey,38,25,0.008082116
binSortByKey,38,26,0.008082235
binSortByKey,38,27,0.008087946
binSortByKey,38,28,0.008063955
binSortByKey,38,29,0.008089516
binSortByKey,38,30,0.008086615
binSortByKey,38,31,0.008083685
binSortByKey,38,32,0.008051175
binSortByKey,38,33,0.008097445
binSortByKey,38,34,0.008094095
binSortByKey,38,35,0.008092335
binSortByKey,38,36,0.008056505
binSortByKey,38,37,0.008099665
binSortByKey,38,38,0.008091566
binSortByKey,38,39,0.008083715
binComputeOffsets,38,0,0.000250382
binComputeOffsets,38,1,0.000253872
binComputeOffsets,38,2,0.000254682
binComputeOffsets,38,3,0.000252312
binComputeOffsets,38,4,0.000249242
binComputeOffsets,38,5,0.000253901
binComputeOffsets,38,6,0.000252672
binComputeOffsets,38,7,0.000251941
binComputeOffsets,38,8,0.000249912
binComputeOffsets,38,9,0.000253191
binComputeOffsets,38,10,0.000253551
binComputeOffsets,38,11,0.000253962
binComputeOffsets,38,12,0.000248891
binComputeOffsets,38,13,0.000253561
binComputeOffsets,38,14,0.000253902
binComputeOffsets,38,15,0.000252822
binComputeOffsets,38,16,0.000248481
binComputeOffsets,38,17,0.000253112
binComputeOffsets,38,18,0.000253131
binComputeOffsets,38,19,0.000252762
binComputeOffsets,38,20,0.000249972
binComputeOffsets,38,21,0.000253811
binComputeOffsets,38,22,0.000252522
binComputeOffsets,38,23,0.000252401
binComputeOffsets,38,24,0.000249102
binComputeOffsets,38,25,0.000253671
binComputeOffsets,38,26,0.000253332
binComputeOffsets,38,27,0.000254741
binComputeOffsets,38,28,0.000249352
binComputeOffsets,38,29,0.000253561
binComputeOffsets,38,30,0.000253472
binComputeOffsets,38,31,0.000252472
binComputeOffsets,38,32,0.000249162
binComputeOffsets,38,33,0.000253192
binComputeOffsets,38,34,0.000252112
binComputeOffsets,38,35,0.000253992
binComputeOffsets,38,36,0.000249722
binComputeOffsets,38,37,0.000252832
binComputeOffsets,38,38,0.000253991
binComputeOffsets,38,39,0.000252542
FFTNUFFT1,38,0,0.476437552
FFTNUFFT1,38,1,0.477013036
FFTNUFFT1,38,2,0.475972268
FFTNUFFT1,38,3,0.469428404
FFTNUFFT1,38,4,0.474065306
FFTNUFFT1,38,5,0.476460982
FFTNUFFT1,38,6,0.476933465
FFTNUFFT1,38,7,0.472716107
FFTNUFFT1,38,8,0.478596916
FFTNUFFT1,38,9,0.475741877
deconvolutionNUFFT1,38,0,0.000470543
deconvolutionNUFFT1,38,1,0.000463953
deconvolutionNUFFT1,38,2,0.000471073
deconvolutionNUFFT1,38,3,0.000466503
deconvolutionNUFFT1,38,4,0.000466943
deconvolutionNUFFT1,38,5,0.000465763
deconvolutionNUFFT1,38,6,0.000459013
deconvolutionNUFFT1,38,7,0.000465373
deconvolutionNUFFT1,38,8,0.000470883
deconvolutionNUFFT1,38,9,0.000470963
GatherPIFNUFFT,38,0,1.563104171
GatherPIFNUFFT,38,1,1.568652379
GatherPIFNUFFT,38,2,1.570464132
GatherPIFNUFFT,38,3,1.574787532
GatherPIFNUFFT,38,4,1.57022736
GatherPIFNUFFT,38,5,1.566017051
GatherPIFNUFFT,38,6,1.56584212
GatherPIFNUFFT,38,7,1.572201924
GatherPIFNUFFT,38,8,1.564962805
GatherPIFNUFFT,38,9,1.566813157
NativeNUFFT2,38,0,0.520523054
NativeNUFFT2,38,1,0.511893154
NativeNUFFT2,38,2,0.515040816
NativeNUFFT2,38,3,0.52442641
NativeNUFFT2,38,4,0.514540143
NativeNUFFT2,38,5,0.514039359
NativeNUFFT2,38,6,0.522675488
NativeNUFFT2,38,7,0.51563689
NativeNUFFT2,38,8,0.516508366
NativeNUFFT2,38,9,0.529913518
NativeNUFFT2,38,10,0.514206481
NativeNUFFT2,38,11,0.515025406
NativeNUFFT2,38,12,0.527020409
NativeNUFFT2,38,13,0.512990562
NativeNUFFT2,38,14,0.514568753
NativeNUFFT2,38,15,0.520999816
NativeNUFFT2,38,16,0.515431369
NativeNUFFT2,38,17,0.513832478
NativeNUFFT2,38,18,0.524072168
NativeNUFFT2,38,19,0.511860285
NativeNUFFT2,38,20,0.514249591
NativeNUFFT2,38,21,0.529207453
NativeNUFFT2,38,22,0.512536279
NativeNUFFT2,38,23,0.514742474
NativeNUFFT2,38,24,0.519326056
NativeNUFFT2,38,25,0.514623233
NativeNUFFT2,38,26,0.515368868
NativeNUFFT2,38,27,0.523049661
NativeNUFFT2,38,28,0.512399848
NativeNUFFT2,38,29,0.515729331
PrecorrectionNUFFT2,38,0,0.000890116
PrecorrectionNUFFT2,38,1,0.000869086
PrecorrectionNUFFT2,38,2,0.000861506
PrecorrectionNUFFT2,38,3,0.000894626
PrecorrectionNUFFT2,38,4,0.000865176
PrecorrectionNUFFT2,38,5,0.000863516
PrecorrectionNUFFT2,38,6,0.000886036
PrecorrectionNUFFT2,38,7,0.000859546
PrecorrectionNUFFT2,38,8,0.000868626
PrecorrectionNUFFT2,38,9,0.000887226
PrecorrectionNUFFT2,38,10,0.000867416
PrecorrectionNUFFT2,38,11,0.000863396
PrecorrectionNUFFT2,38,12,0.000892877
PrecorrectionNUFFT2,38,13,0.000865986
PrecorrectionNUFFT2,38,14,0.000873936
PrecorrectionNUFFT2,38,15,0.000883336
PrecorrectionNUFFT2,38,16,0.000864196
PrecorrectionNUFFT2,38,17,0.000866066
PrecorrectionNUFFT2,38,18,0.000886966
PrecorrectionNUFFT2,38,19,0.000860286
PrecorrectionNUFFT2,38,20,0.000869746
PrecorrectionNUFFT2,38,21,0.000886446
PrecorrectionNUFFT2,38,22,0.000863546
PrecorrectionNUFFT2,38,23,0.000862205
PrecorrectionNUFFT2,38,24,0.000887507
PrecorrectionNUFFT2,38,25,0.000866996
PrecorrectionNUFFT2,38,26,0.000859116
PrecorrectionNUFFT2,38,27,0.000891776
PrecorrectionNUFFT2,38,28,0.000866056
PrecorrectionNUFFT2,38,29,0.000860996
FFTNUFFT2,38,0,0.484563348
FFTNUFFT2,38,1,0.477058806
FFTNUFFT2,38,2,0.479465163
FFTNUFFT2,38,3,0.484642188
FFTNUFFT2,38,4,0.479743255
FFTNUFFT2,38,5,0.476531962
FFTNUFFT2,38,6,0.486681972
FFTNUFFT2,38,7,0.476028259
FFTNUFFT2,38,8,0.475507696
FFTNUFFT2,38,9,0.490097325
FFTNUFFT2,38,10,0.479405723
FFTNUFFT2,38,11,0.474144786
FFTNUFFT2,38,12,0.487589368
FFTNUFFT2,38,13,0.479640914
FFTNUFFT2,38,14,0.479281762
FFTNUFFT2,38,15,0.483081757
FFTNUFFT2,38,16,0.480010327
FFTNUFFT2,38,17,0.47764835
FFTNUFFT2,38,18,0.489536821
FFTNUFFT2,38,19,0.479867096
FFTNUFFT2,38,20,0.480208648
FFTNUFFT2,38,21,0.488898947
FFTNUFFT2,38,22,0.477053626
FFTNUFFT2,38,23,0.479653223
FFTNUFFT2,38,24,0.481976519
FFTNUFFT2,38,25,0.474823511
FFTNUFFT2,38,26,0.477266017
FFTNUFFT2,38,27,0.48633265
FFTNUFFT2,38,28,0.481290055
FFTNUFFT2,38,29,0.477278377
GatherNUFFT2,38,0,0.03504994
GatherNUFFT2,38,1,0.033945242
GatherNUFFT2,38,2,0.034694267
GatherNUFFT2,38,3,0.038869596
GatherNUFFT2,38,4,0.033911972
GatherNUFFT2,38,5,0.036623631
GatherNUFFT2,38,6,0.03508786
GatherNUFFT2,38,7,0.038729235
GatherNUFFT2,38,8,0.040112244
GatherNUFFT2,38,9,0.038909517
GatherNUFFT2,38,10,0.033913482
GatherNUFFT2,38,11,0.039996724
GatherNUFFT2,38,12,0.038517804
GatherNUFFT2,38,13,0.032463832
GatherNUFFT2,38,14,0.034391975
GatherNUFFT2,38,15,0.037014823
GatherNUFFT2,38,16,0.034535486
GatherNUFFT2,38,17,0.035297392
GatherNUFFT2,38,18,0.03362815
GatherNUFFT2,38,19,0.031112343
GatherNUFFT2,38,20,0.033151527
GatherNUFFT2,38,21,0.03940256
GatherNUFFT2,38,22,0.034599787
GatherNUFFT2,38,23,0.034207224
GatherNUFFT2,38,24,0.03644237
GatherNUFFT2,38,25,0.038912656
GatherNUFFT2,38,26,0.037223905
GatherNUFFT2,38,27,0.035804755
GatherNUFFT2,38,28,0.030223717
GatherNUFFT2,38,29,0.037570098
mainTimer,39,0,21.264703056
dumpData,39,0,0.012067693
dumpData,39,1,0.012076952
dumpData,39,2,0.011394429
dumpData,39,3,0.012081413
dumpData,39,4,0.012367095
dumpData,39,5,0.011986452
dumpData,39,6,0.012390405
dumpData,39,7,0.012047593
dumpData,39,8,0.011447188
dumpData,39,9,0.011284178
kick,39,0,0.001735222
kick,39,1,0.001766572
kick,39,2,0.001720132
kick,39,3,0.001766102
kick,39,4,0.001718712
kick,39,5,0.001772352
kick,39,6,0.001734542
kick,39,7,0.001766752
kick,39,8,0.001719232
kick,39,9,0.001766832
kick,39,10,0.001714892
kick,39,11,0.001767022
kick,39,12,0.001718012
kick,39,13,0.001766872
kick,39,14,0.001711712
kick,39,15,0.001767822
kick,39,16,0.001721002
kick,39,17,0.001775522
kick,39,18,0.001735752
kick,39,19,0.001768412
drift,39,0,0.001719302
drift,39,1,0.001718112
drift,39,2,0.001719342
drift,39,3,0.001717471
drift,39,4,0.001721361
drift,39,5,0.001720382
drift,39,6,0.001722122
drift,39,7,0.001723142
drift,39,8,0.001719821
drift,39,9,0.001726782
particleBC,39,0,0.003486304
particleBC,39,1,0.003490504
particleBC,39,2,0.003487604
particleBC,39,3,0.003494544
particleBC,39,4,0.003490994
particleBC,39,5,0.003492664
particleBC,39,6,0.003490893
particleBC,39,7,0.003493954
particleBC,39,8,0.003489893
particleBC,39,9,0.003502264
updateParticle,39,0,0.014446869
updateParticle,39,1,0.012534965
updateParticle,39,2,0.013400022
updateParticle,39,3,0.014040316
updateParticle,39,4,0.011169037
updateParticle,39,5,0.013023719
updateParticle,39,6,0.012157984
updateParticle,39,7,0.012764937
updateParticle,39,8,0.011597719
updateParticle,39,9,0.011536039
locateParticles,39,0,0.00146423
locateParticles,39,1,0.00146811
locateParticles,39,2,0.00147859
locateParticles,39,3,0.001480171
locateParticles,39,4,0.00145735
locateParticles,39,5,0.0014755
locateParticles,39,6,0.00146113
locateParticles,39,7,0.00146827
locateParticles,39,8,0.00147051
locateParticles,39,9,0.00149713
sendPreprocess,39,0,0.001277329
sendPreprocess,39,1,0.001331549
sendPreprocess,39,2,0.001326469
sendPreprocess,39,3,0.001300288
sendPreprocess,39,4,0.00134832
sendPreprocess,39,5,0.001324999
sendPreprocess,39,6,0.00131985
sendPreprocess,39,7,0.001365459
sendPreprocess,39,8,0.001376859
sendPreprocess,39,9,0.00136825
particleSend,39,0,0.001317899
particleSend,39,1,0.001264768
particleSend,39,2,0.001215419
particleSend,39,3,0.001244779
particleSend,39,4,0.001252148
particleSend,39,5,0.001258749
particleSend,39,6,0.001249828
particleSend,39,7,0.001250559
particleSend,39,8,0.001207258
particleSend,39,9,0.001259958
particleRecv,39,0,3.827e-05
particleRecv,39,1,3.5381e-05
particleRecv,39,2,3.363e-05
particleRecv,39,3,5.628e-05
particleRecv,39,4,3.117e-05
particleRecv,39,5,3.267e-05
particleRecv,39,6,4.349e-05
particleRecv,39,7,3.885e-05
particleRecv,39,8,3.5651e-05
particleRecv,39,9,3.3371e-05
particleDestroy,39,0,0.004996344
particleDestroy,39,1,0.004985734
particleDestroy,39,2,0.004972834
particleDestroy,39,3,0.004994395
particleDestroy,39,4,0.004999525
particleDestroy,39,5,0.004978234
particleDestroy,39,6,0.004991665
particleDestroy,39,7,0.004991974
particleDestroy,39,8,0.005003104
particleDestroy,39,9,0.005037724
ScatterPIFNUFFT,39,0,0.518739322
ScatterPIFNUFFT,39,1,0.001114037
ScatterPIFNUFFT,39,2,0.518176288
ScatterPIFNUFFT,39,3,0.001112548
ScatterPIFNUFFT,39,4,0.517622154
ScatterPIFNUFFT,39,5,0.001118907
ScatterPIFNUFFT,39,6,0.517633334
ScatterPIFNUFFT,39,7,0.001111147
ScatterPIFNUFFT,39,8,0.526761217
ScatterPIFNUFFT,39,9,0.001110748
ScatterPIFNUFFT,39,10,0.522536288
ScatterPIFNUFFT,39,11,0.001109048
ScatterPIFNUFFT,39,12,0.523349193
ScatterPIFNUFFT,39,13,0.001111368
ScatterPIFNUFFT,39,14,0.515701621
ScatterPIFNUFFT,39,15,0.001115607
ScatterPIFNUFFT,39,16,0.517716655
ScatterPIFNUFFT,39,17,0.001109867
ScatterPIFNUFFT,39,18,0.516371935
ScatterPIFNUFFT,39,19,0.001118627
NativeNUFFT1,39,0,0.514388182
NativeNUFFT1,39,1,0.513395495
NativeNUFFT1,39,2,0.513375715
NativeNUFFT1,39,3,0.513185474
NativeNUFFT1,39,4,0.522778289
NativeNUFFT1,39,5,0.517729145
NativeNUFFT1,39,6,0.519686218
NativeNUFFT1,39,7,0.511401801
NativeNUFFT1,39,8,0.514051109
NativeNUFFT1,39,9,0.511520592
scatterTimerNUFFT1,39,0,0.039932984
scatterTimerNUFFT1,39,1,0.039619781
scatterTimerNUFFT1,39,2,0.040112435
scatterTimerNUFFT1,39,3,0.0393442
scatterTimerNUFFT1,39,4,0.042053307
scatterTimerNUFFT1,39,5,0.03942821
scatterTimerNUFFT1,39,6,0.040618748
scatterTimerNUFFT1,39,7,0.039293569
scatterTimerNUFFT1,39,8,0.040710288
scatterTimerNUFFT1,39,9,0.039255529
binSort,39,0,0.00878364
binSort,39,1,0.008811021
binSort,39,2,0.00880276
binSort,39,3,0.00880341
binSort,39,4,0.00877517
binSort,39,5,0.00882371
binSort,39,6,0.008812901
binSort,39,7,0.00881231
binSort,39,8,0.00878301
binSort,39,9,0.0088107
binSort,39,10,0.00879973
binSort,39,11,0.00881064
binSort,39,12,0.00877266
binSort,39,13,0.00881596
binSort,39,14,0.008812021
binSort,39,15,0.00880746
binSort,39,16,0.008789491
binSort,39,17,0.00881437
binSort,39,18,0.00880887
binSort,39,19,0.00882737
binSort,39,20,0.00878142
binSort,39,21,0.008819291
binSort,39,22,0.008818271
binSort,39,23,0.008833131
binSort,39,24,0.00878048
binSort,39,25,0.008819811
binSort,39,26,0.00882602
binSort,39,27,0.008835921
binSort,39,28,0.00879475
binSort,39,29,0.008819611
binSort,39,30,0.00882312
binSort,39,31,0.0088081
binSort,39,32,0.00878101
binSort,39,33,0.00881886
binSort,39,34,0.008878231
binSort,39,35,0.008812961
binSort,39,36,0.00877281
binSort,39,37,0.008835761
binSort,39,38,0.008829941
binSort,39,39,0.008819781
binComputeKeys,39,0,0.000954547
binComputeKeys,39,1,0.000958187
binComputeKeys,39,2,0.000959926
binComputeKeys,39,3,0.000959507
binComputeKeys,39,4,0.000955897
binComputeKeys,39,5,0.000956857
binComputeKeys,39,6,0.000955637
binComputeKeys,39,7,0.000957336
binComputeKeys,39,8,0.000955477
binComputeKeys,39,9,0.000960156
binComputeKeys,39,10,0.000957167
binComputeKeys,39,11,0.000956056
binComputeKeys,39,12,0.000955517
binComputeKeys,39,13,0.000957007
binComputeKeys,39,14,0.000956917
binComputeKeys,39,15,0.000958476
binComputeKeys,39,16,0.000956457
binComputeKeys,39,17,0.000954676
binComputeKeys,39,18,0.000957896
binComputeKeys,39,19,0.000956906
binComputeKeys,39,20,0.000956327
binComputeKeys,39,21,0.000958687
binComputeKeys,39,22,0.000955687
binComputeKeys,39,23,0.000955257
binComputeKeys,39,24,0.000958357
binComputeKeys,39,25,0.000957897
binComputeKeys,39,26,0.000962967
binComputeKeys,39,27,0.000957407
binComputeKeys,39,28,0.000957936
binComputeKeys,39,29,0.000957357
binComputeKeys,39,30,0.000957956
binComputeKeys,39,31,0.000958816
binComputeKeys,39,32,0.000956677
binComputeKeys,39,33,0.000957346
binComputeKeys,39,34,0.000969787
binComputeKeys,39,35,0.000958187
binComputeKeys,39,36,0.000955576
binComputeKeys,39,37,0.000957017
binComputeKeys,39,38,0.000957287
binComputeKeys,39,39,0.000959767
binSortByKey,39,0,0.007581991
binSortByKey,39,1,0.007602582
binSortByKey,39,2,0.007593652
binSortByKey,39,3,0.007592792
binSortByKey,39,4,0.007572322
binSortByKey,39,5,0.007616182
binSortByKey,39,6,0.007607022
binSortByKey,39,7,0.007603802
binSortByKey,39,8,0.007581071
binSortByKey,39,9,0.007598632
binSortByKey,39,10,0.007592052
binSortByKey,39,11,0.007604582
binSortByKey,39,12,0.007571262
binSortByKey,39,13,0.007608412
binSortByKey,39,14,0.007604172
binSortByKey,39,15,0.007598602
binSortByKey,39,16,0.007585682
binSortByKey,39,17,0.007602593
binSortByKey,39,18,0.007599622
binSortByKey,39,19,0.007620262
binSortByKey,39,20,0.007577831
binSortByKey,39,21,0.007609442
binSortByKey,39,22,0.007612362
binSortByKey,39,23,0.007612582
binSortByKey,39,24,0.007574831
binSortByKey,39,25,0.007611322
binSortByKey,39,26,0.007609792
binSortByKey,39,27,0.007628312
binSortByKey,39,28,0.007590472
binSortByKey,39,29,0.007611472
binSortByKey,39,30,0.007614792
binSortByKey,39,31,0.007599452
binSortByKey,39,32,0.007574042
binSortByKey,39,33,0.007611432
binSortByKey,39,34,0.007633152
binSortByKey,39,35,0.007603702
binSortByKey,39,36,0.007571082
binSortByKey,39,37,0.007623212
binSortByKey,39,38,0.007621182
binSortByKey,39,39,0.007609382
binComputeOffsets,39,0,0.000236792
binComputeOffsets,39,1,0.000241022
binComputeOffsets,39,2,0.000240182
binComputeOffsets,39,3,0.000241971
binComputeOffsets,39,4,0.000237741
binComputeOffsets,39,5,0.000240941
binComputeOffsets,39,6,0.000241022
binComputeOffsets,39,7,0.000241572
binComputeOffsets,39,8,0.000237322
binComputeOffsets,39,9,0.000242012
binComputeOffsets,39,10,0.000241351
binComputeOffsets,39,11,0.000240882
binComputeOffsets,39,12,0.000236741
binComputeOffsets,39,13,0.000241651
binComputeOffsets,39,14,0.000241822
binComputeOffsets,39,15,0.000241152
binComputeOffsets,39,16,0.000237021
binComputeOffsets,39,17,0.000246521
binComputeOffsets,39,18,0.000242202
binComputeOffsets,39,19,0.000240962
binComputeOffsets,39,20,0.000238102
binComputeOffsets,39,21,0.000242022
binComputeOffsets,39,22,0.000241062
binComputeOffsets,39,23,0.000256312
binComputeOffsets,39,24,0.000238182
binComputeOffsets,39,25,0.000241422
binComputeOffsets,39,26,0.000243731
binComputeOffsets,39,27,0.000240792
binComputeOffsets,39,28,0.000237162
binComputeOffsets,39,29,0.000241512
binComputeOffsets,39,30,0.000241122
binComputeOffsets,39,31,0.000240782
binComputeOffsets,39,32,0.000236711
binComputeOffsets,39,33,0.000240682
binComputeOffsets,39,34,0.000256612
binComputeOffsets,39,35,0.000241582
binComputeOffsets,39,36,0.000236982
binComputeOffsets,39,37,0.000246222
binComputeOffsets,39,38,0.000241712
binComputeOffsets,39,39,0.000241222
FFTNUFFT1,39,0,0.473969805
FFTNUFFT1,39,1,0.47330074
FFTNUFFT1,39,2,0.472783347
FFTNUFFT1,39,3,0.473365831
FFTNUFFT1,39,4,0.480248897
FFTNUFFT1,39,5,0.477828642
FFTNUFFT1,39,6,0.478591877
FFTNUFFT1,39,7,0.471617919
FFTNUFFT1,39,8,0.472850868
FFTNUFFT1,39,9,0.47176802
deconvolutionNUFFT1,39,0,0.000474233
deconvolutionNUFFT1,39,1,0.000463194
deconvolutionNUFFT1,39,2,0.000467783
deconvolutionNUFFT1,39,3,0.000463673
deconvolutionNUFFT1,39,4,0.000463044
deconvolutionNUFFT1,39,5,0.000460193
deconvolutionNUFFT1,39,6,0.000463643
deconvolutionNUFFT1,39,7,0.000476133
deconvolutionNUFFT1,39,8,0.000474713
deconvolutionNUFFT1,39,9,0.000483543
GatherPIFNUFFT,39,0,1.564740683
GatherPIFNUFFT,39,1,1.571016886
GatherPIFNUFFT,39,2,1.574155798
GatherPIFNUFFT,39,3,1.571143857
GatherPIFNUFFT,39,4,1.561979654
GatherPIFNUFFT,39,5,1.564731113
GatherPIFNUFFT,39,6,1.563337893
GatherPIFNUFFT,39,7,1.572275545
GatherPIFNUFFT,39,8,1.570489472
GatherPIFNUFFT,39,9,1.570843995
NativeNUFFT2,39,0,0.520560244
NativeNUFFT2,39,1,0.513972999
NativeNUFFT2,39,2,0.515308588
NativeNUFFT2,39,3,0.52590213
NativeNUFFT2,39,4,0.514347331
NativeNUFFT2,39,5,0.515870462
NativeNUFFT2,39,6,0.526379874
NativeNUFFT2,39,7,0.515133847
NativeNUFFT2,39,8,0.517720835
NativeNUFFT2,39,9,0.526709226
NativeNUFFT2,39,10,0.513316454
NativeNUFFT2,39,11,0.516226415
NativeNUFFT2,39,12,0.521016848
NativeNUFFT2,39,13,0.512532519
NativeNUFFT2,39,14,0.513542396
NativeNUFFT2,39,15,0.520168762
NativeNUFFT2,39,16,0.515411799
NativeNUFFT2,39,17,0.51426003
NativeNUFFT2,39,18,0.523331783
NativeNUFFT2,39,19,0.512192567
NativeNUFFT2,39,20,0.512915391
NativeNUFFT2,39,21,0.529001901
NativeNUFFT2,39,22,0.51418815
NativeNUFFT2,39,23,0.513741228
NativeNUFFT2,39,24,0.525952661
NativeNUFFT2,39,25,0.515143967
NativeNUFFT2,39,26,0.514468732
NativeNUFFT2,39,27,0.525330086
NativeNUFFT2,39,28,0.514769494
NativeNUFFT2,39,29,0.515833842
PrecorrectionNUFFT2,39,0,0.000883836
PrecorrectionNUFFT2,39,1,0.000860546
PrecorrectionNUFFT2,39,2,0.000864326
PrecorrectionNUFFT2,39,3,0.000891746
PrecorrectionNUFFT2,39,4,0.000878286
PrecorrectionNUFFT2,39,5,0.000864836
PrecorrectionNUFFT2,39,6,0.000888486
PrecorrectionNUFFT2,39,7,0.000864446
PrecorrectionNUFFT2,39,8,0.000862496
PrecorrectionNUFFT2,39,9,0.000887886
PrecorrectionNUFFT2,39,10,0.000859606
PrecorrectionNUFFT2,39,11,0.000859226
PrecorrectionNUFFT2,39,12,0.000881056
PrecorrectionNUFFT2,39,13,0.000864446
PrecorrectionNUFFT2,39,14,0.000859556
PrecorrectionNUFFT2,39,15,0.000882326
PrecorrectionNUFFT2,39,16,0.000861046
PrecorrectionNUFFT2,39,17,0.000865926
PrecorrectionNUFFT2,39,18,0.000888196
PrecorrectionNUFFT2,39,19,0.000862676
PrecorrectionNUFFT2,39,20,0.000861766
PrecorrectionNUFFT2,39,21,0.000888006
PrecorrectionNUFFT2,39,22,0.000863146
PrecorrectionNUFFT2,39,23,0.000861976
PrecorrectionNUFFT2,39,24,0.000883456
PrecorrectionNUFFT2,39,25,0.000862916
PrecorrectionNUFFT2,39,26,0.000880016
PrecorrectionNUFFT2,39,27,0.000884006
PrecorrectionNUFFT2,39,28,0.000862016
PrecorrectionNUFFT2,39,29,0.000861976
FFTNUFFT2,39,0,0.484695698
FFTNUFFT2,39,1,0.474230717
FFTNUFFT2,39,2,0.474158226
FFTNUFFT2,39,3,0.483748722
FFTNUFFT2,39,4,0.472001111
FFTNUFFT2,39,5,0.474295667
FFTNUFFT2,39,6,0.484262125
FFTNUFFT2,39,7,0.472202083
FFTNUFFT2,39,8,0.474341077
FFTNUFFT2,39,9,0.485970167
FFTNUFFT2,39,10,0.473607712
FFTNUFFT2,39,11,0.474003565
FFTNUFFT2,39,12,0.479865436
FFTNUFFT2,39,13,0.471166815
FFTNUFFT2,39,14,0.4718769
FFTNUFFT2,39,15,0.48196643
FFTNUFFT2,39,16,0.472552415
FFTNUFFT2,39,17,0.475349054
FFTNUFFT2,39,18,0.482307552
FFTNUFFT2,39,19,0.472793187
FFTNUFFT2,39,20,0.4732857
FFTNUFFT2,39,21,0.477976282
FFTNUFFT2,39,22,0.473471851
FFTNUFFT2,39,23,0.473449302
FFTNUFFT2,39,24,0.486595382
FFTNUFFT2,39,25,0.473513922
FFTNUFFT2,39,26,0.472067812
FFTNUFFT2,39,27,0.485365193
FFTNUFFT2,39,28,0.478838958
FFTNUFFT2,39,29,0.47324692
GatherNUFFT2,39,0,0.034960719
GatherNUFFT2,39,1,0.038861556
GatherNUFFT2,39,2,0.040265526
GatherNUFFT2,39,3,0.041241142
GatherNUFFT2,39,4,0.041447844
GatherNUFFT2,39,5,0.040689609
GatherNUFFT2,39,6,0.041210053
GatherNUFFT2,39,7,0.042047588
GatherNUFFT2,39,8,0.0424972
GatherNUFFT2,39,9,0.039831443
GatherNUFFT2,39,10,0.038828486
GatherNUFFT2,39,11,0.041342643
GatherNUFFT2,39,12,0.040250115
GatherNUFFT2,39,13,0.040480098
GatherNUFFT2,39,14,0.04078535
GatherNUFFT2,39,15,0.037300616
GatherNUFFT2,39,16,0.041977568
GatherNUFFT2,39,17,0.03802544
GatherNUFFT2,39,18,0.040115995
GatherNUFFT2,39,19,0.038516464
GatherNUFFT2,39,20,0.038746665
GatherNUFFT2,39,21,0.050115143
GatherNUFFT2,39,22,0.039831953
GatherNUFFT2,39,23,0.03940936
GatherNUFFT2,39,24,0.038452723
GatherNUFFT2,39,25,0.040746999
GatherNUFFT2,39,26,0.041499314
GatherNUFFT2,39,27,0.039061387
GatherNUFFT2,39,28,0.03504852
GatherNUFFT2,39,29,0.041704546
mainTimer,40,0,21.26471004
dumpData,40,0,0.011929622
dumpData,40,1,0.012914061
dumpData,40,2,0.012555404
dumpData,40,3,0.011859111
dumpData,40,4,0.011186638
dumpData,40,5,0.011917662
dumpData,40,6,0.011326221
dumpData,40,7,0.011692418
dumpData,40,8,0.0129145
dumpData,40,9,0.012521143
kick,40,0,0.001708022
kick,40,1,0.001767063
kick,40,2,0.001723402
kick,40,3,0.001767413
kick,40,4,0.001703182
kick,40,5,0.001767903
kick,40,6,0.001707122
kick,40,7,0.001766713
kick,40,8,0.001726972
kick,40,9,0.001767293
kick,40,10,0.001741862
kick,40,11,0.001767213
kick,40,12,0.001722862
kick,40,13,0.001767753
kick,40,14,0.001738103
kick,40,15,0.001768423
kick,40,16,0.001728762
kick,40,17,0.001770313
kick,40,18,0.001703981
kick,40,19,0.001768713
drift,40,0,0.001719192
drift,40,1,0.001719562
drift,40,2,0.001722632
drift,40,3,0.001717902
drift,40,4,0.001720122
drift,40,5,0.001721402
drift,40,6,0.001716882
drift,40,7,0.001721582
drift,40,8,0.001718252
drift,40,9,0.001723123
particleBC,40,0,0.003489075
particleBC,40,1,0.003490095
particleBC,40,2,0.003482275
particleBC,40,3,0.003491805
particleBC,40,4,0.003495025
particleBC,40,5,0.003492215
particleBC,40,6,0.003487405
particleBC,40,7,0.003493305
particleBC,40,8,0.003496235
particleBC,40,9,0.003490375
updateParticle,40,0,0.013306928
updateParticle,40,1,0.013091214
updateParticle,40,2,0.013672835
updateParticle,40,3,0.013765937
updateParticle,40,4,0.012185207
updateParticle,40,5,0.013180806
updateParticle,40,6,0.01340567
updateParticle,40,7,0.012159517
updateParticle,40,8,0.012213547
updateParticle,40,9,0.011630767
locateParticles,40,0,0.001436227
locateParticles,40,1,0.001438747
locateParticles,40,2,0.001424547
locateParticles,40,3,0.001446387
locateParticles,40,4,0.001426377
locateParticles,40,5,0.001424117
locateParticles,40,6,0.001431187
locateParticles,40,7,0.001423527
locateParticles,40,8,0.001430576
locateParticles,40,9,0.001432177
sendPreprocess,40,0,0.001330665
sendPreprocess,40,1,0.001357465
sendPreprocess,40,2,0.001399266
sendPreprocess,40,3,0.001362235
sendPreprocess,40,4,0.001369195
sendPreprocess,40,5,0.001342305
sendPreprocess,40,6,0.001365495
sendPreprocess,40,7,0.001383335
sendPreprocess,40,8,0.001405766
sendPreprocess,40,9,0.001486747
particleSend,40,0,0.001267173
particleSend,40,1,0.001220613
particleSend,40,2,0.001270043
particleSend,40,3,0.001378756
particleSend,40,4,0.001212043
particleSend,40,5,0.001265484
particleSend,40,6,0.001266854
particleSend,40,7,0.001214202
particleSend,40,8,0.001249603
particleSend,40,9,0.001260864
particleRecv,40,0,3.4971e-05
particleRecv,40,1,3.4831e-05
particleRecv,40,2,3.478e-05
particleRecv,40,3,3.566e-05
particleRecv,40,4,3.3641e-05
particleRecv,40,5,3.554e-05
particleRecv,40,6,3.6051e-05
particleRecv,40,7,3.2391e-05
particleRecv,40,8,3.7761e-05
particleRecv,40,9,3.7771e-05
particleDestroy,40,0,0.004676707
particleDestroy,40,1,0.004684457
particleDestroy,40,2,0.004683828
particleDestroy,40,3,0.004680888
particleDestroy,40,4,0.004682287
particleDestroy,40,5,0.004683977
particleDestroy,40,6,0.004698647
particleDestroy,40,7,0.004694507
particleDestroy,40,8,0.004661437
particleDestroy,40,9,0.004669107
ScatterPIFNUFFT,40,0,0.509457055
ScatterPIFNUFFT,40,1,0.001114561
ScatterPIFNUFFT,40,2,0.515679931
ScatterPIFNUFFT,40,3,0.001113811
ScatterPIFNUFFT,40,4,0.516573818
ScatterPIFNUFFT,40,5,0.00111645
ScatterPIFNUFFT,40,6,0.517959384
ScatterPIFNUFFT,40,7,0.001113881
ScatterPIFNUFFT,40,8,0.517302962
ScatterPIFNUFFT,40,9,0.001112341
ScatterPIFNUFFT,40,10,0.51561459
ScatterPIFNUFFT,40,11,0.00111284
ScatterPIFNUFFT,40,12,0.519794028
ScatterPIFNUFFT,40,13,0.0011179
ScatterPIFNUFFT,40,14,0.519204037
ScatterPIFNUFFT,40,15,0.001111871
ScatterPIFNUFFT,40,16,0.515804464
ScatterPIFNUFFT,40,17,0.001108861
ScatterPIFNUFFT,40,18,0.517715139
ScatterPIFNUFFT,40,19,0.001114411
NativeNUFFT1,40,0,0.505467441
NativeNUFFT1,40,1,0.511693498
NativeNUFFT1,40,2,0.512627404
NativeNUFFT1,40,3,0.514287615
NativeNUFFT1,40,4,0.513305097
NativeNUFFT1,40,5,0.510946593
NativeNUFFT1,40,6,0.515522968
NativeNUFFT1,40,7,0.514334846
NativeNUFFT1,40,8,0.511424612
NativeNUFFT1,40,9,0.513264966
scatterTimerNUFFT1,40,0,0.040220429
scatterTimerNUFFT1,40,1,0.039004147
scatterTimerNUFFT1,40,2,0.039779551
scatterTimerNUFFT1,40,3,0.03974721
scatterTimerNUFFT1,40,4,0.040053687
scatterTimerNUFFT1,40,5,0.038498478
scatterTimerNUFFT1,40,6,0.038734202
scatterTimerNUFFT1,40,7,0.038881044
scatterTimerNUFFT1,40,8,0.038949296
scatterTimerNUFFT1,40,9,0.03863152
binSort,40,0,0.008777184
binSort,40,1,0.008828365
binSort,40,2,0.008843814
binSort,40,3,0.008826404
binSort,40,4,0.008775533
binSort,40,5,0.008840965
binSort,40,6,0.008828824
binSort,40,7,0.008832684
binSort,40,8,0.008788414
binSort,40,9,0.008830824
binSort,40,10,0.008821005
binSort,40,11,0.008832124
binSort,40,12,0.008793404
binSort,40,13,0.008822624
binSort,40,14,0.008823734
binSort,40,15,0.008817985
binSort,40,16,0.008795534
binSort,40,17,0.008846575
binSort,40,18,0.008829754
binSort,40,19,0.008815415
binSort,40,20,0.008795974
binSort,40,21,0.008825994
binSort,40,22,0.008828074
binSort,40,23,0.008807394
binSort,40,24,0.008787944
binSort,40,25,0.008826194
binSort,40,26,0.008806974
binSort,40,27,0.008823605
binSort,40,28,0.008796024
binSort,40,29,0.008821455
binSort,40,30,0.008819864
binSort,40,31,0.008823984
binSort,40,32,0.008791704
binSort,40,33,0.008846834
binSort,40,34,0.008855065
binSort,40,35,0.008853866
binSort,40,36,0.008795464
binSort,40,37,0.008836854
binSort,40,38,0.008837634
binSort,40,39,0.008847645
binComputeKeys,40,0,0.000954938
binComputeKeys,40,1,0.000956248
binComputeKeys,40,2,0.000958577
binComputeKeys,40,3,0.000957787
binComputeKeys,40,4,0.000955748
binComputeKeys,40,5,0.000954938
binComputeKeys,40,6,0.000958798
binComputeKeys,40,7,0.000955408
binComputeKeys,40,8,0.000954898
binComputeKeys,40,9,0.000956607
binComputeKeys,40,10,0.000956338
binComputeKeys,40,11,0.000960548
binComputeKeys,40,12,0.000955918
binComputeKeys,40,13,0.000957458
binComputeKeys,40,14,0.000959218
binComputeKeys,40,15,0.000955488
binComputeKeys,40,16,0.000955488
binComputeKeys,40,17,0.000963088
binComputeKeys,40,18,0.000956407
binComputeKeys,40,19,0.000954538
binComputeKeys,40,20,0.000957038
binComputeKeys,40,21,0.000957868
binComputeKeys,40,22,0.000957898
binComputeKeys,40,23,0.000954798
binComputeKeys,40,24,0.000956898
binComputeKeys,40,25,0.000957928
binComputeKeys,40,26,0.000956098
binComputeKeys,40,27,0.000958918
binComputeKeys,40,28,0.000958238
binComputeKeys,40,29,0.000957418
binComputeKeys,40,30,0.000957568
binComputeKeys,40,31,0.000956988
binComputeKeys,40,32,0.000957978
binComputeKeys,40,33,0.000957187
binComputeKeys,40,34,0.000959388
binComputeKeys,40,35,0.000955307
binComputeKeys,40,36,0.000956248
binComputeKeys,40,37,0.000957267
binComputeKeys,40,38,0.000957777
binComputeKeys,40,39,0.000959598
binSortByKey,40,0,0.007575941
binSortByKey,40,1,0.007620112
binSortByKey,40,2,0.007633462
binSortByKey,40,3,0.007616682
binSortByKey,40,4,0.007572961
binSortByKey,40,5,0.007633192
binSortByKey,40,6,0.007619552
binSortByKey,40,7,0.007626522
binSortByKey,40,8,0.007586901
binSortByKey,40,9,0.007620942
binSortByKey,40,10,0.007613172
binSortByKey,40,11,0.007618092
binSortByKey,40,12,0.007590812
binSortByKey,40,13,0.007612082
binSortByKey,40,14,0.007609522
binSortByKey,40,15,0.007611712
binSortByKey,40,16,0.007590892
binSortByKey,40,17,0.007627782
binSortByKey,40,18,0.007620492
binSortByKey,40,19,0.007609652
binSortByKey,40,20,0.007592101
binSortByKey,40,21,0.007615482
binSortByKey,40,22,0.007617072
binSortByKey,40,23,0.007601102
binSortByKey,40,24,0.007584041
binSortByKey,40,25,0.007615962
binSortByKey,40,26,0.007598742
binSortByKey,40,27,0.007612972
binSortByKey,40,28,0.007591471
binSortByKey,40,29,0.007612402
binSortByKey,40,30,0.007610662
binSortByKey,40,31,0.007615932
binSortByKey,40,32,0.007584682
binSortByKey,40,33,0.007638473
binSortByKey,40,34,0.007643872
binSortByKey,40,35,0.007646203
binSortByKey,40,36,0.007592302
binSortByKey,40,37,0.007627132
binSortByKey,40,38,0.007626992
binSortByKey,40,39,0.007635142
binComputeOffsets,40,0,0.000237155
binComputeOffsets,40,1,0.000242775
binComputeOffsets,40,2,0.000242114
binComputeOffsets,40,3,0.000242794
binComputeOffsets,40,4,0.000237614
binComputeOffsets,40,5,0.000242904
binComputeOffsets,40,6,0.000241434
binComputeOffsets,40,7,0.000241334
binComputeOffsets,40,8,0.000237445
binComputeOffsets,40,9,0.000243944
binComputeOffsets,40,10,0.000242075
binComputeOffsets,40,11,0.000243614
binComputeOffsets,40,12,0.000237414
binComputeOffsets,40,13,0.000243464
binComputeOffsets,40,14,0.000243434
binComputeOffsets,40,15,0.000241555
binComputeOffsets,40,16,0.000238754
binComputeOffsets,40,17,0.000244895
binComputeOffsets,40,18,0.000243234
binComputeOffsets,40,19,0.000241384
binComputeOffsets,40,20,0.000237665
binComputeOffsets,40,21,0.000243164
binComputeOffsets,40,22,0.000242544
binComputeOffsets,40,23,0.000242164
binComputeOffsets,40,24,0.000237805
binComputeOffsets,40,25,0.000243274
binComputeOffsets,40,26,0.000242314
binComputeOffsets,40,27,0.000242535
binComputeOffsets,40,28,0.000237095
binComputeOffsets,40,29,0.000242065
binComputeOffsets,40,30,0.000242434
binComputeOffsets,40,31,0.000241924
binComputeOffsets,40,32,0.000238084
binComputeOffsets,40,33,0.000241864
binComputeOffsets,40,34,0.000242485
binComputeOffsets,40,35,0.000243184
binComputeOffsets,40,36,0.000237004
binComputeOffsets,40,37,0.000242594
binComputeOffsets,40,38,0.000243084
binComputeOffsets,40,39,0.000242635
FFTNUFFT1,40,0,0.464769153
FFTNUFFT1,40,1,0.472217382
FFTNUFFT1,40,2,0.472375834
FFTNUFFT1,40,3,0.474067236
FFTNUFFT1,40,4,0.472775201
FFTNUFFT1,40,5,0.471976877
FFTNUFFT1,40,6,0.476311247
FFTNUFFT1,40,7,0.474979993
FFTNUFFT1,40,8,0.471996297
FFTNUFFT1,40,9,0.474159507
deconvolutionNUFFT1,40,0,0.000466059
deconvolutionNUFFT1,40,1,0.000460299
deconvolutionNUFFT1,40,2,0.000460288
deconvolutionNUFFT1,40,3,0.000462099
deconvolutionNUFFT1,40,4,0.000463369
deconvolutionNUFFT1,40,5,0.000459528
deconvolutionNUFFT1,40,6,0.000466159
deconvolutionNUFFT1,40,7,0.000462559
deconvolutionNUFFT1,40,8,0.000464329
deconvolutionNUFFT1,40,9,0.000461649
GatherPIFNUFFT,40,0,1.574405185
GatherPIFNUFFT,40,1,1.572395927
GatherPIFNUFFT,40,2,1.573420066
GatherPIFNUFFT,40,3,1.570382619
GatherPIFNUFFT,40,4,1.57095456
GatherPIFNUFFT,40,5,1.570689865
GatherPIFNUFFT,40,6,1.566133101
GatherPIFNUFFT,40,7,1.569145197
GatherPIFNUFFT,40,8,1.569604125
GatherPIFNUFFT,40,9,1.567990555
NativeNUFFT2,40,0,0.531428485
NativeNUFFT2,40,1,0.512716146
NativeNUFFT2,40,2,0.515306044
NativeNUFFT2,40,3,0.528426309
NativeNUFFT2,40,4,0.514703973
NativeNUFFT2,40,5,0.514324136
NativeNUFFT2,40,6,0.526425252
NativeNUFFT2,40,7,0.514160664
NativeNUFFT2,40,8,0.517897143
NativeNUFFT2,40,9,0.525077546
NativeNUFFT2,40,10,0.514562421
NativeNUFFT2,40,11,0.515795683
NativeNUFFT2,40,12,0.527872549
NativeNUFFT2,40,13,0.513133784
NativeNUFFT2,40,14,0.515012219
NativeNUFFT2,40,15,0.525860161
NativeNUFFT2,40,16,0.515718182
NativeNUFFT2,40,17,0.514168003
NativeNUFFT2,40,18,0.524881673
NativeNUFFT2,40,19,0.512124835
NativeNUFFT2,40,20,0.514183403
NativeNUFFT2,40,21,0.52582162
NativeNUFFT2,40,22,0.513279967
NativeNUFFT2,40,23,0.515108391
NativeNUFFT2,40,24,0.52527506
NativeNUFFT2,40,25,0.515154112
NativeNUFFT2,40,26,0.514234425
NativeNUFFT2,40,27,0.524517366
NativeNUFFT2,40,28,0.513676284
NativeNUFFT2,40,29,0.514853276
PrecorrectionNUFFT2,40,0,0.000887877
PrecorrectionNUFFT2,40,1,0.000866476
PrecorrectionNUFFT2,40,2,0.000862976
PrecorrectionNUFFT2,40,3,0.000891907
PrecorrectionNUFFT2,40,4,0.000863746
PrecorrectionNUFFT2,40,5,0.000871357
PrecorrectionNUFFT2,40,6,0.000896967
PrecorrectionNUFFT2,40,7,0.000872537
PrecorrectionNUFFT2,40,8,0.000863547
PrecorrectionNUFFT2,40,9,0.000895147
PrecorrectionNUFFT2,40,10,0.000868747
PrecorrectionNUFFT2,40,11,0.000867086
PrecorrectionNUFFT2,40,12,0.000883326
PrecorrectionNUFFT2,40,13,0.000864266
PrecorrectionNUFFT2,40,14,0.000863336
PrecorrectionNUFFT2,40,15,0.000889487
PrecorrectionNUFFT2,40,16,0.000860956
PrecorrectionNUFFT2,40,17,0.000862206
PrecorrectionNUFFT2,40,18,0.000886067
PrecorrectionNUFFT2,40,19,0.000860476
PrecorrectionNUFFT2,40,20,0.000862296
PrecorrectionNUFFT2,40,21,0.000890896
PrecorrectionNUFFT2,40,22,0.000862466
PrecorrectionNUFFT2,40,23,0.000866426
PrecorrectionNUFFT2,40,24,0.000894207
PrecorrectionNUFFT2,40,25,0.000862056
PrecorrectionNUFFT2,40,26,0.000862056
PrecorrectionNUFFT2,40,27,0.000892276
PrecorrectionNUFFT2,40,28,0.000864126
PrecorrectionNUFFT2,40,29,0.000863116
FFTNUFFT2,40,0,0.493703432
FFTNUFFT2,40,1,0.468486352
FFTNUFFT2,40,2,0.479385215
FFTNUFFT2,40,3,0.486293874
FFTNUFFT2,40,4,0.47965753
FFTNUFFT2,40,5,0.46841529
FFTNUFFT2,40,6,0.476028432
FFTNUFFT2,40,7,0.474296
FFTNUFFT2,40,8,0.469064012
FFTNUFFT2,40,9,0.481453133
FFTNUFFT2,40,10,0.473574366
FFTNUFFT2,40,11,0.476050433
FFTNUFFT2,40,12,0.488219209
FFTNUFFT2,40,13,0.476242946
FFTNUFFT2,40,14,0.479727071
FFTNUFFT2,40,15,0.491223605
FFTNUFFT2,40,16,0.47643744
FFTNUFFT2,40,17,0.470710294
FFTNUFFT2,40,18,0.488715369
FFTNUFFT2,40,19,0.480288242
FFTNUFFT2,40,20,0.477667973
FFTNUFFT2,40,21,0.479417476
FFTNUFFT2,40,22,0.475656735
FFTNUFFT2,40,23,0.476203175
FFTNUFFT2,40,24,0.479888924
FFTNUFFT2,40,25,0.472299103
FFTNUFFT2,40,26,0.465456975
FFTNUFFT2,40,27,0.480443765
FFTNUFFT2,40,28,0.476615973
FFTNUFFT2,40,29,0.475820978
GatherNUFFT2,40,0,0.036817716
GatherNUFFT2,40,1,0.043343118
GatherNUFFT2,40,2,0.035037693
GatherNUFFT2,40,3,0.041219698
GatherNUFFT2,40,4,0.034162956
GatherNUFFT2,40,5,0.045017219
GatherNUFFT2,40,6,0.049481272
GatherNUFFT2,40,7,0.038972126
GatherNUFFT2,40,8,0.047949814
GatherNUFFT2,40,9,0.042709866
GatherNUFFT2,40,10,0.040098828
GatherNUFFT2,40,11,0.038858364
GatherNUFFT2,40,12,0.038748412
GatherNUFFT2,40,13,0.036006891
GatherNUFFT2,40,14,0.034402121
GatherNUFFT2,40,15,0.033727628
GatherNUFFT2,40,16,0.038399506
GatherNUFFT2,40,17,0.042575483
GatherNUFFT2,40,18,0.035260587
GatherNUFFT2,40,19,0.030956067
GatherNUFFT2,40,20,0.035632964
GatherNUFFT2,40,21,0.045493638
GatherNUFFT2,40,22,0.036740544
GatherNUFFT2,40,23,0.038019039
GatherNUFFT2,40,24,0.044471609
GatherNUFFT2,40,25,0.041968493
GatherNUFFT2,40,26,0.047895593
GatherNUFFT2,40,27,0.043162335
GatherNUFFT2,40,28,0.036174364
GatherNUFFT2,40,29,0.038149581
mainTimer,41,0,21.26470219
dumpData,41,0,0.010878482
dumpData,41,1,0.010916114
dumpData,41,2,0.010683059
dumpData,41,3,0.010815191
dumpData,41,4,0.009358774
dumpData,41,5,0.010865002
dumpData,41,6,0.009587469
dumpData,41,7,0.009699561
dumpData,41,8,0.010926343
dumpData,41,9,0.010640128
kick,41,0,0.001860345
kick,41,1,0.001881166
kick,41,2,0.001854094
kick,41,3,0.001881035
kick,41,4,0.001855694
kick,41,5,0.001880905
kick,41,6,0.001862415
kick,41,7,0.001880575
kick,41,8,0.001856804
kick,41,9,0.001881835
kick,41,10,0.001878795
kick,41,11,0.001882335
kick,41,12,0.001853684
kick,41,13,0.001883925
kick,41,14,0.001877625
kick,41,15,0.001882295
kick,41,16,0.001876065
kick,41,17,0.001887936
kick,41,18,0.001854134
kick,41,19,0.001882375
drift,41,0,0.001831424
drift,41,1,0.001830744
drift,41,2,0.001830644
drift,41,3,0.001833014
drift,41,4,0.001830374
drift,41,5,0.001848915
drift,41,6,0.001833204
drift,41,7,0.001840165
drift,41,8,0.001841114
drift,41,9,0.001836834
particleBC,41,0,0.003721479
particleBC,41,1,0.00371338
particleBC,41,2,0.003720219
particleBC,41,3,0.00372076
particleBC,41,4,0.00371826
particleBC,41,5,0.003718929
particleBC,41,6,0.003716239
particleBC,41,7,0.003722479
particleBC,41,8,0.00371942
particleBC,41,9,0.003721279
updateParticle,41,0,0.013041913
updateParticle,41,1,0.012191767
updateParticle,41,2,0.014250046
updateParticle,41,3,0.013934839
updateParticle,41,4,0.011875541
updateParticle,41,5,0.013221787
updateParticle,41,6,0.012996982
updateParticle,41,7,0.011665107
updateParticle,41,8,0.01184263
updateParticle,41,9,0.011608286
locateParticles,41,0,0.001496538
locateParticles,41,1,0.001515018
locateParticles,41,2,0.001497688
locateParticles,41,3,0.001493668
locateParticles,41,4,0.001497948
locateParticles,41,5,0.001495088
locateParticles,41,6,0.001500838
locateParticles,41,7,0.001514128
locateParticles,41,8,0.001493598
locateParticles,41,9,0.001530049
sendPreprocess,41,0,0.000769905
sendPreprocess,41,1,0.000820775
sendPreprocess,41,2,0.000836896
sendPreprocess,41,3,0.000821535
sendPreprocess,41,4,0.000833995
sendPreprocess,41,5,0.000794695
sendPreprocess,41,6,0.000818485
sendPreprocess,41,7,0.000812055
sendPreprocess,41,8,0.000849575
sendPreprocess,41,9,0.000892546
particleSend,41,0,0.001284704
particleSend,41,1,0.001233643
particleSend,41,2,0.001283804
particleSend,41,3,0.001318335
particleSend,41,4,0.001272514
particleSend,41,5,0.001414337
particleSend,41,6,0.001330585
particleSend,41,7,0.001269233
particleSend,41,8,0.001213752
particleSend,41,9,0.001291314
particleRecv,41,0,3.069e-05
particleRecv,41,1,3.1741e-05
particleRecv,41,2,3.652e-05
particleRecv,41,3,4.061e-05
particleRecv,41,4,3.2321e-05
particleRecv,41,5,3.423e-05
particleRecv,41,6,3.1501e-05
particleRecv,41,7,4.4271e-05
particleRecv,41,8,3.7741e-05
particleRecv,41,9,3.4101e-05
particleDestroy,41,0,0.005039794
particleDestroy,41,1,0.005038784
particleDestroy,41,2,0.005061164
particleDestroy,41,3,0.005025824
particleDestroy,41,4,0.005059124
particleDestroy,41,5,0.005050494
particleDestroy,41,6,0.005061554
particleDestroy,41,7,0.005033654
particleDestroy,41,8,0.005047434
particleDestroy,41,9,0.005072435
ScatterPIFNUFFT,41,0,0.518057326
ScatterPIFNUFFT,41,1,0.001115441
ScatterPIFNUFFT,41,2,0.512087624
ScatterPIFNUFFT,41,3,0.001110431
ScatterPIFNUFFT,41,4,0.515938286
ScatterPIFNUFFT,41,5,0.00111722
ScatterPIFNUFFT,41,6,0.514136953
ScatterPIFNUFFT,41,7,0.00111576
ScatterPIFNUFFT,41,8,0.52206616
ScatterPIFNUFFT,41,9,0.001115011
ScatterPIFNUFFT,41,10,0.517182179
ScatterPIFNUFFT,41,11,0.00110802
ScatterPIFNUFFT,41,12,0.523820183
ScatterPIFNUFFT,41,13,0.001112181
ScatterPIFNUFFT,41,14,0.512263698
ScatterPIFNUFFT,41,15,0.001114041
ScatterPIFNUFFT,41,16,0.51341338
ScatterPIFNUFFT,41,17,0.001109541
ScatterPIFNUFFT,41,18,0.521122643
ScatterPIFNUFFT,41,19,0.001112171
NativeNUFFT1,41,0,0.514100472
NativeNUFFT1,41,1,0.50755325
NativeNUFFT1,41,2,0.512160526
NativeNUFFT1,41,3,0.509818182
NativeNUFFT1,41,4,0.518022845
NativeNUFFT1,41,5,0.512834678
NativeNUFFT1,41,6,0.519408921
NativeNUFFT1,41,7,0.507320096
NativeNUFFT1,41,8,0.508956806
NativeNUFFT1,41,9,0.516790542
scatterTimerNUFFT1,41,0,0.040916453
scatterTimerNUFFT1,41,1,0.039415205
scatterTimerNUFFT1,41,2,0.039922394
scatterTimerNUFFT1,41,3,0.039604708
scatterTimerNUFFT1,41,4,0.040907693
scatterTimerNUFFT1,41,5,0.039272092
scatterTimerNUFFT1,41,6,0.039833032
scatterTimerNUFFT1,41,7,0.03862229
scatterTimerNUFFT1,41,8,0.039936815
scatterTimerNUFFT1,41,9,0.039314233
binSort,41,0,0.009342535
binSort,41,1,0.009382725
binSort,41,2,0.009383095
binSort,41,3,0.009393646
binSort,41,4,0.009332884
binSort,41,5,0.009399885
binSort,41,6,0.009388645
binSort,41,7,0.009382025
binSort,41,8,0.009344725
binSort,41,9,0.009380564
binSort,41,10,0.009391305
binSort,41,11,0.009386385
binSort,41,12,0.009340364
binSort,41,13,0.009388835
binSort,41,14,0.009389355
binSort,41,15,0.009388365
binSort,41,16,0.009346874
binSort,41,17,0.009399345
binSort,41,18,0.009398216
binSort,41,19,0.009365685
binSort,41,20,0.009346144
binSort,41,21,0.009391555
binSort,41,22,0.009394825
binSort,41,23,0.009386035
binSort,41,24,0.009344405
binSort,41,25,0.009405805
binSort,41,26,0.009388705
binSort,41,27,0.009376045
binSort,41,28,0.009334724
binSort,41,29,0.009406285
binSort,41,30,0.009384065
binSort,41,31,0.009393015
binSort,41,32,0.009353944
binSort,41,33,0.009459396
binSort,41,34,0.009393985
binSort,41,35,0.009406685
binSort,41,36,0.009342564
binSort,41,37,0.009398885
binSort,41,38,0.009391705
binSort,41,39,0.009381475
binComputeKeys,41,0,0.001017489
binComputeKeys,41,1,0.001019209
binComputeKeys,41,2,0.001016959
binComputeKeys,41,3,0.0010211
binComputeKeys,41,4,0.001015178
binComputeKeys,41,5,0.001015429
binComputeKeys,41,6,0.001018899
binComputeKeys,41,7,0.001015409
binComputeKeys,41,8,0.001018349
binComputeKeys,41,9,0.001017899
binComputeKeys,41,10,0.001020219
binComputeKeys,41,11,0.001020869
binComputeKeys,41,12,0.001017849
binComputeKeys,41,13,0.001018159
binComputeKeys,41,14,0.001019109
binComputeKeys,41,15,0.001018199
binComputeKeys,41,16,0.001017429
binComputeKeys,41,17,0.001019559
binComputeKeys,41,18,0.001019419
binComputeKeys,41,19,0.001015649
binComputeKeys,41,20,0.001016379
binComputeKeys,41,21,0.001018509
binComputeKeys,41,22,0.001016269
binComputeKeys,41,23,0.001016929
binComputeKeys,41,24,0.001018079
binComputeKeys,41,25,0.001025519
binComputeKeys,41,26,0.001019269
binComputeKeys,41,27,0.001020089
binComputeKeys,41,28,0.001016299
binComputeKeys,41,29,0.001018559
binComputeKeys,41,30,0.001018579
binComputeKeys,41,31,0.001018699
binComputeKeys,41,32,0.001014439
binComputeKeys,41,33,0.001031339
binComputeKeys,41,34,0.001017969
binComputeKeys,41,35,0.001018209
binComputeKeys,41,36,0.001014268
binComputeKeys,41,37,0.001020669
binComputeKeys,41,38,0.001018849
binComputeKeys,41,39,0.001019419
binSortByKey,41,0,0.008066511
binSortByKey,41,1,0.008098501
binSortByKey,41,2,0.008102441
binSortByKey,41,3,0.008107381
binSortByKey,41,4,0.008059391
binSortByKey,41,5,0.008117741
binSortByKey,41,6,0.008104151
binSortByKey,41,7,0.008104091
binSortByKey,41,8,0.008067251
binSortByKey,41,9,0.008099311
binSortByKey,41,10,0.008108271
binSortByKey,41,11,0.008100871
binSortByKey,41,12,0.00805962
binSortByKey,41,13,0.008106401
binSortByKey,41,14,0.008105601
binSortByKey,41,15,0.008107491
binSortByKey,41,16,0.00807007
binSortByKey,41,17,0.008114281
binSortByKey,41,18,0.008114802
binSortByKey,41,19,0.008087341
binSortByKey,41,20,0.00807066
binSortByKey,41,21,0.008108841
binSortByKey,41,22,0.008111461
binSortByKey,41,23,0.008105091
binSortByKey,41,24,0.008068511
binSortByKey,41,25,0.008115621
binSortByKey,41,26,0.008104611
binSortByKey,41,27,0.008092631
binSortByKey,41,28,0.00806074
binSortByKey,41,29,0.008106961
binSortByKey,41,30,0.008100031
binSortByKey,41,31,0.008111051
binSortByKey,41,32,0.00807222
binSortByKey,41,33,0.008140612
binSortByKey,41,34,0.008112182
binSortByKey,41,35,0.008125091
binSortByKey,41,36,0.00806977
binSortByKey,41,37,0.008112481
binSortByKey,41,38,0.008102851
binSortByKey,41,39,0.008098231
binComputeOffsets,41,0,0.000249334
binComputeOffsets,41,1,0.000255925
binComputeOffsets,41,2,0.000254555
binComputeOffsets,41,3,0.000255704
binComputeOffsets,41,4,0.000249154
binComputeOffsets,41,5,0.000256135
binComputeOffsets,41,6,0.000255675
binComputeOffsets,41,7,0.000253505
binComputeOffsets,41,8,0.000249624
binComputeOffsets,41,9,0.000254184
binComputeOffsets,41,10,0.000253694
binComputeOffsets,41,11,0.000254915
binComputeOffsets,41,12,0.000253725
binComputeOffsets,41,13,0.000254915
binComputeOffsets,41,14,0.000255535
binComputeOffsets,41,15,0.000253515
binComputeOffsets,41,16,0.000249225
binComputeOffsets,41,17,0.000256145
binComputeOffsets,41,18,0.000254224
binComputeOffsets,41,19,0.000253355
binComputeOffsets,41,20,0.000249935
binComputeOffsets,41,21,0.000254765
binComputeOffsets,41,22,0.000256355
binComputeOffsets,41,23,0.000253844
binComputeOffsets,41,24,0.000248715
binComputeOffsets,41,25,0.000254765
binComputeOffsets,41,26,0.000255595
binComputeOffsets,41,27,0.000253955
binComputeOffsets,41,28,0.000248515
binComputeOffsets,41,29,0.000253115
binComputeOffsets,41,30,0.000255125
binComputeOffsets,41,31,0.000253545
binComputeOffsets,41,32,0.000249115
binComputeOffsets,41,33,0.000269935
binComputeOffsets,41,34,0.000254584
binComputeOffsets,41,35,0.000254125
binComputeOffsets,41,36,0.000249325
binComputeOffsets,41,37,0.000255415
binComputeOffsets,41,38,0.000260155
binComputeOffsets,41,39,0.000254135
FFTNUFFT1,41,0,0.47270916
FFTNUFFT1,41,1,0.467664816
FFTNUFFT1,41,2,0.471754003
FFTNUFFT1,41,3,0.469738215
FFTNUFFT1,41,4,0.476634373
FFTNUFFT1,41,5,0.473094977
FFTNUFFT1,41,6,0.47910469
FFTNUFFT1,41,7,0.468212367
FFTNUFFT1,41,8,0.468546583
FFTNUFFT1,41,9,0.47698304
deconvolutionNUFFT1,41,0,0.000463609
deconvolutionNUFFT1,41,1,0.000461789
deconvolutionNUFFT1,41,2,0.000472909
deconvolutionNUFFT1,41,3,0.000463719
deconvolutionNUFFT1,41,4,0.000467919
deconvolutionNUFFT1,41,5,0.000456379
deconvolutionNUFFT1,41,6,0.000460179
deconvolutionNUFFT1,41,7,0.000474109
deconvolutionNUFFT1,41,8,0.000458508
deconvolutionNUFFT1,41,9,0.000481449
GatherPIFNUFFT,41,0,1.567026597
GatherPIFNUFFT,41,1,1.577845188
GatherPIFNUFFT,41,2,1.574258821
GatherPIFNUFFT,41,3,1.574986425
GatherPIFNUFFT,41,4,1.56823658
GatherPIFNUFFT,41,5,1.570017242
GatherPIFNUFFT,41,6,1.563982
GatherPIFNUFFT,41,7,1.578110564
GatherPIFNUFFT,41,8,1.57421759
GatherPIFNUFFT,41,9,1.56557488
NativeNUFFT2,41,0,0.524486636
NativeNUFFT2,41,1,0.51184633
NativeNUFFT2,41,2,0.51503687
NativeNUFFT2,41,3,0.534211226
NativeNUFFT2,41,4,0.51456564
NativeNUFFT2,41,5,0.513297967
NativeNUFFT2,41,6,0.526991332
NativeNUFFT2,41,7,0.513945149
NativeNUFFT2,41,8,0.517669108
NativeNUFFT2,41,9,0.52899811
NativeNUFFT2,41,10,0.514978649
NativeNUFFT2,41,11,0.514860256
NativeNUFFT2,41,12,0.524259941
NativeNUFFT2,41,13,0.512676145
NativeNUFFT2,41,14,0.515659771
NativeNUFFT2,41,15,0.524870243
NativeNUFFT2,41,16,0.515555
NativeNUFFT2,41,17,0.513930999
NativeNUFFT2,41,18,0.521992899
NativeNUFFT2,41,19,0.511876511
NativeNUFFT2,41,20,0.514466159
NativeNUFFT2,41,21,0.533269119
NativeNUFFT2,41,22,0.514025771
NativeNUFFT2,41,23,0.515167462
NativeNUFFT2,41,24,0.529278725
NativeNUFFT2,41,25,0.515155142
NativeNUFFT2,41,26,0.514149063
NativeNUFFT2,41,27,0.52255077
NativeNUFFT2,41,28,0.512711676
NativeNUFFT2,41,29,0.514670943
PrecorrectionNUFFT2,41,0,0.000888377
PrecorrectionNUFFT2,41,1,0.000867956
PrecorrectionNUFFT2,41,2,0.000861816
PrecorrectionNUFFT2,41,3,0.000892366
PrecorrectionNUFFT2,41,4,0.000860466
PrecorrectionNUFFT2,41,5,0.000872706
PrecorrectionNUFFT2,41,6,0.000890426
PrecorrectionNUFFT2,41,7,0.000865136
PrecorrectionNUFFT2,41,8,0.000866906
PrecorrectionNUFFT2,41,9,0.000889097
PrecorrectionNUFFT2,41,10,0.000870346
PrecorrectionNUFFT2,41,11,0.000870406
PrecorrectionNUFFT2,41,12,0.000897567
PrecorrectionNUFFT2,41,13,0.000866026
PrecorrectionNUFFT2,41,14,0.000861456
PrecorrectionNUFFT2,41,15,0.000885987
PrecorrectionNUFFT2,41,16,0.000868937
PrecorrectionNUFFT2,41,17,0.000865286
PrecorrectionNUFFT2,41,18,0.000887517
PrecorrectionNUFFT2,41,19,0.000868206
PrecorrectionNUFFT2,41,20,0.000866376
PrecorrectionNUFFT2,41,21,0.000887947
PrecorrectionNUFFT2,41,22,0.000872416
PrecorrectionNUFFT2,41,23,0.000868447
PrecorrectionNUFFT2,41,24,0.000898517
PrecorrectionNUFFT2,41,25,0.000875637
PrecorrectionNUFFT2,41,26,0.000861886
PrecorrectionNUFFT2,41,27,0.000891647
PrecorrectionNUFFT2,41,28,0.000863416
PrecorrectionNUFFT2,41,29,0.000870446
FFTNUFFT2,41,0,0.477440059
FFTNUFFT2,41,1,0.470853756
FFTNUFFT2,41,2,0.475765678
FFTNUFFT2,41,3,0.49788111
FFTNUFFT2,41,4,0.478310645
FFTNUFFT2,41,5,0.469746905
FFTNUFFT2,41,6,0.476103114
FFTNUFFT2,41,7,0.471194023
FFTNUFFT2,41,8,0.469166394
FFTNUFFT2,41,9,0.477709944
FFTNUFFT2,41,10,0.4769791
FFTNUFFT2,41,11,0.466512615
FFTNUFFT2,41,12,0.47963109
FFTNUFFT2,41,13,0.466079787
FFTNUFFT2,41,14,0.46678272
FFTNUFFT2,41,15,0.475712687
FFTNUFFT2,41,16,0.4764754
FFTNUFFT2,41,17,0.465061888
FFTNUFFT2,41,18,0.478930396
FFTNUFFT2,41,19,0.47110243
FFTNUFFT2,41,20,0.467528794
FFTNUFFT2,41,21,0.476852267
FFTNUFFT2,41,22,0.477851776
FFTNUFFT2,41,23,0.464936345
FFTNUFFT2,41,24,0.481453504
FFTNUFFT2,41,25,0.466134388
FFTNUFFT2,41,26,0.46623566
FFTNUFFT2,41,27,0.486398485
FFTNUFFT2,41,28,0.471381486
FFTNUFFT2,41,29,0.464903555
GatherNUFFT2,41,0,0.04613742
GatherNUFFT2,41,1,0.040104638
GatherNUFFT2,41,2,0.038389946
GatherNUFFT2,41,3,0.03541858
GatherNUFFT2,41,4,0.035374249
GatherNUFFT2,41,5,0.042658736
GatherNUFFT2,41,6,0.049977602
GatherNUFFT2,41,7,0.04186547
GatherNUFFT2,41,8,0.047615598
GatherNUFFT2,41,9,0.050379619
GatherNUFFT2,41,10,0.037107611
GatherNUFFT2,41,11,0.047456535
GatherNUFFT2,41,12,0.043710254
GatherNUFFT2,41,13,0.045710472
GatherNUFFT2,41,14,0.047996024
GatherNUFFT2,41,15,0.048251549
GatherNUFFT2,41,16,0.038190191
GatherNUFFT2,41,17,0.047984435
GatherNUFFT2,41,18,0.042151036
GatherNUFFT2,41,19,0.039886054
GatherNUFFT2,41,20,0.046051899
GatherNUFFT2,41,21,0.055509564
GatherNUFFT2,41,22,0.035280588
GatherNUFFT2,41,23,0.049341549
GatherNUFFT2,41,24,0.046903894
GatherNUFFT2,41,25,0.048121977
GatherNUFFT2,41,26,0.047032367
GatherNUFFT2,41,27,0.035240976
GatherNUFFT2,41,28,0.040446914
GatherNUFFT2,41,29,0.048877301
mainTimer,42,0,21.26470177
dumpData,42,0,0.013715405
dumpData,42,1,0.01394849
dumpData,42,2,0.013574633
dumpData,42,3,0.013652164
dumpData,42,4,0.012265078
dumpData,42,5,0.013709805
dumpData,42,6,0.012449022
dumpData,42,7,0.012689267
dumpData,42,8,0.013923859
dumpData,42,9,0.013532382
kick,42,0,0.00160116
kick,42,1,0.001658701
kick,42,2,0.001600209
kick,42,3,0.001659291
kick,42,4,0.001601
kick,42,5,0.001659611
kick,42,6,0.00160035
kick,42,7,0.001660131
kick,42,8,0.001601239
kick,42,9,0.001661621
kick,42,10,0.00161555
kick,42,11,0.001659921
kick,42,12,0.00160316
kick,42,13,0.001660411
kick,42,14,0.00161757
kick,42,15,0.001663201
kick,42,16,0.00160806
kick,42,17,0.001660711
kick,42,18,0.001602999
kick,42,19,0.001662821
drift,42,0,0.00161586
drift,42,1,0.00161523
drift,42,2,0.00161587
drift,42,3,0.00161423
drift,42,4,0.0016176
drift,42,5,0.00161747
drift,42,6,0.00162023
drift,42,7,0.001619541
drift,42,8,0.00161535
drift,42,9,0.00161886
particleBC,42,0,0.003281601
particleBC,42,1,0.003281651
particleBC,42,2,0.003278181
particleBC,42,3,0.003278782
particleBC,42,4,0.003286891
particleBC,42,5,0.003281451
particleBC,42,6,0.003279781
particleBC,42,7,0.003278881
particleBC,42,8,0.003281261
particleBC,42,9,0.003277841
updateParticle,42,0,0.012926991
updateParticle,42,1,0.012648006
updateParticle,42,2,0.0134164
updateParticle,42,3,0.014680993
updateParticle,42,4,0.011496204
updateParticle,42,5,0.013518832
updateParticle,42,6,0.013255237
updateParticle,42,7,0.012648246
updateParticle,42,8,0.011924153
updateParticle,42,9,0.011693688
locateParticles,42,0,0.001369486
locateParticles,42,1,0.001386686
locateParticles,42,2,0.001389586
locateParticles,42,3,0.001361975
locateParticles,42,4,0.001374826
locateParticles,42,5,0.001377226
locateParticles,42,6,0.001368626
locateParticles,42,7,0.001358325
locateParticles,42,8,0.001366296
locateParticles,42,9,0.001368226
sendPreprocess,42,0,0.001813544
sendPreprocess,42,1,0.001849864
sendPreprocess,42,2,0.001849745
sendPreprocess,42,3,0.001874515
sendPreprocess,42,4,0.001855314
sendPreprocess,42,5,0.001830844
sendPreprocess,42,6,0.001849374
sendPreprocess,42,7,0.001889535
sendPreprocess,42,8,0.001912376
sendPreprocess,42,9,0.001972286
particleSend,42,0,0.001286924
particleSend,42,1,0.001194383
particleSend,42,2,0.001241173
particleSend,42,3,0.001190082
particleSend,42,4,0.001227293
particleSend,42,5,0.001189262
particleSend,42,6,0.001312135
particleSend,42,7,0.001232764
particleSend,42,8,0.001197662
particleSend,42,9,0.001276654
particleRecv,42,0,3.4321e-05
particleRecv,42,1,3.569e-05
particleRecv,42,2,3.2401e-05
particleRecv,42,3,3.6591e-05
particleRecv,42,4,3.7321e-05
particleRecv,42,5,3.9921e-05
particleRecv,42,6,3.9861e-05
particleRecv,42,7,3.595e-05
particleRecv,42,8,3.3811e-05
particleRecv,42,9,3.7481e-05
particleDestroy,42,0,0.004599035
particleDestroy,42,1,0.004625327
particleDestroy,42,2,0.004620676
particleDestroy,42,3,0.004625136
particleDestroy,42,4,0.004625536
particleDestroy,42,5,0.004610076
particleDestroy,42,6,0.004621456
particleDestroy,42,7,0.004619986
particleDestroy,42,8,0.004612866
particleDestroy,42,9,0.004598586
ScatterPIFNUFFT,42,0,0.516935315
ScatterPIFNUFFT,42,1,0.00111541
ScatterPIFNUFFT,42,2,0.515242883
ScatterPIFNUFFT,42,3,0.00111494
ScatterPIFNUFFT,42,4,0.512730467
ScatterPIFNUFFT,42,5,0.001113911
ScatterPIFNUFFT,42,6,0.515863555
ScatterPIFNUFFT,42,7,0.001115051
ScatterPIFNUFFT,42,8,0.517254791
ScatterPIFNUFFT,42,9,0.00111547
ScatterPIFNUFFT,42,10,0.516375435
ScatterPIFNUFFT,42,11,0.001113851
ScatterPIFNUFFT,42,12,0.510367413
ScatterPIFNUFFT,42,13,0.001108821
ScatterPIFNUFFT,42,14,0.516215632
ScatterPIFNUFFT,42,15,0.001119501
ScatterPIFNUFFT,42,16,0.512002362
ScatterPIFNUFFT,42,17,0.001114691
ScatterPIFNUFFT,42,18,0.510363762
ScatterPIFNUFFT,42,19,0.00111595
NativeNUFFT1,42,0,0.513390659
NativeNUFFT1,42,1,0.510652137
NativeNUFFT1,42,2,0.509261261
NativeNUFFT1,42,3,0.511700357
NativeNUFFT1,42,4,0.513743135
NativeNUFFT1,42,5,0.51182839
NativeNUFFT1,42,6,0.506906138
NativeNUFFT1,42,7,0.511577855
NativeNUFFT1,42,8,0.508509748
NativeNUFFT1,42,9,0.50591583
scatterTimerNUFFT1,42,0,0.041228858
scatterTimerNUFFT1,42,1,0.03862823
scatterTimerNUFFT1,42,2,0.040953253
scatterTimerNUFFT1,42,3,0.039190061
scatterTimerNUFFT1,42,4,0.041484544
scatterTimerNUFFT1,42,5,0.038896835
scatterTimerNUFFT1,42,6,0.04024113
scatterTimerNUFFT1,42,7,0.038866835
scatterTimerNUFFT1,42,8,0.040843131
scatterTimerNUFFT1,42,9,0.03916152
binSort,42,0,0.008254814
binSort,42,1,0.008325245
binSort,42,2,0.008301485
binSort,42,3,0.008302154
binSort,42,4,0.008277734
binSort,42,5,0.008306314
binSort,42,6,0.008304444
binSort,42,7,0.008293965
binSort,42,8,0.008304465
binSort,42,9,0.008319095
binSort,42,10,0.008322005
binSort,42,11,0.008326285
binSort,42,12,0.008315265
binSort,42,13,0.008370026
binSort,42,14,0.008350045
binSort,42,15,0.008353955
binSort,42,16,0.008324625
binSort,42,17,0.008372156
binSort,42,18,0.008354345
binSort,42,19,0.008373106
binSort,42,20,0.008343785
binSort,42,21,0.008345376
binSort,42,22,0.008332845
binSort,42,23,0.008334285
binSort,42,24,0.008313795
binSort,42,25,0.008327795
binSort,42,26,0.008326066
binSort,42,27,0.008310875
binSort,42,28,0.008287754
binSort,42,29,0.008306925
binSort,42,30,0.008296904
binSort,42,31,0.008293334
binSort,42,32,0.008300534
binSort,42,33,0.008309345
binSort,42,34,0.008312045
binSort,42,35,0.008298125
binSort,42,36,0.008301194
binSort,42,37,0.008362106
binSort,42,38,0.008350285
binSort,42,39,0.008348586
binComputeKeys,42,0,0.000896317
binComputeKeys,42,1,0.000903027
binComputeKeys,42,2,0.000901087
binComputeKeys,42,3,0.000903717
binComputeKeys,42,4,0.000899317
binComputeKeys,42,5,0.000907567
binComputeKeys,42,6,0.000901036
binComputeKeys,42,7,0.000899757
binComputeKeys,42,8,0.000895277
binComputeKeys,42,9,0.000901697
binComputeKeys,42,10,0.000899687
binComputeKeys,42,11,0.000900707
binComputeKeys,42,12,0.000897066
binComputeKeys,42,13,0.000901147
binComputeKeys,42,14,0.000902127
binComputeKeys,42,15,0.000901927
binComputeKeys,42,16,0.000896036
binComputeKeys,42,17,0.000901387
binComputeKeys,42,18,0.000899736
binComputeKeys,42,19,0.000899437
binComputeKeys,42,20,0.000897317
binComputeKeys,42,21,0.000899167
binComputeKeys,42,22,0.000900076
binComputeKeys,42,23,0.000901927
binComputeKeys,42,24,0.000899396
binComputeKeys,42,25,0.000898786
binComputeKeys,42,26,0.000901787
binComputeKeys,42,27,0.000902247
binComputeKeys,42,28,0.000896767
binComputeKeys,42,29,0.000901607
binComputeKeys,42,30,0.000900556
binComputeKeys,42,31,0.000900477
binComputeKeys,42,32,0.000897316
binComputeKeys,42,33,0.000901707
binComputeKeys,42,34,0.000902326
binComputeKeys,42,35,0.000899907
binComputeKeys,42,36,0.000899577
binComputeKeys,42,37,0.000903027
binComputeKeys,42,38,0.000902317
binComputeKeys,42,39,0.000901617
binSortByKey,42,0,0.007122553
binSortByKey,42,1,0.007182494
binSortByKey,42,2,0.007160224
binSortByKey,42,3,0.007158623
binSortByKey,42,4,0.007143933
binSortByKey,42,5,0.007158353
binSortByKey,42,6,0.007163414
binSortByKey,42,7,0.007154113
binSortByKey,42,8,0.007174414
binSortByKey,42,9,0.007177143
binSortByKey,42,10,0.007180814
binSortByKey,42,11,0.007182914
binSortByKey,42,12,0.007180744
binSortByKey,42,13,0.007227534
binSortByKey,42,14,0.007204684
binSortByKey,42,15,0.007211264
binSortByKey,42,16,0.007192694
binSortByKey,42,17,0.007229974
binSortByKey,42,18,0.007211725
binSortByKey,42,19,0.007231255
binSortByKey,42,20,0.007211984
binSortByKey,42,21,0.007205455
binSortByKey,42,22,0.007189344
binSortByKey,42,23,0.007190994
binSortByKey,42,24,0.007178994
binSortByKey,42,25,0.007187024
binSortByKey,42,26,0.007183384
binSortByKey,42,27,0.007168033
binSortByKey,42,28,0.007156283
binSortByKey,42,29,0.007164653
binSortByKey,42,30,0.007156554
binSortByKey,42,31,0.007153413
binSortByKey,42,32,0.007162484
binSortByKey,42,33,0.007167793
binSortByKey,42,34,0.007170064
binSortByKey,42,35,0.007157283
binSortByKey,42,36,0.007165713
binSortByKey,42,37,0.007218004
binSortByKey,42,38,0.007206824
binSortByKey,42,39,0.007205744
binComputeOffsets,42,0,0.000226634
binComputeOffsets,42,1,0.000230484
binComputeOffsets,42,2,0.000230284
binComputeOffsets,42,3,0.000230564
binComputeOffsets,42,4,0.000225264
binComputeOffsets,42,5,0.000230894
binComputeOffsets,42,6,0.000230344
binComputeOffsets,42,7,0.000229785
binComputeOffsets,42,8,0.000224884
binComputeOffsets,42,9,0.000230705
binComputeOffsets,42,10,0.000230394
binComputeOffsets,42,11,0.000232384
binComputeOffsets,42,12,0.000226765
binComputeOffsets,42,13,0.000231395
binComputeOffsets,42,14,0.000232714
binComputeOffsets,42,15,0.000230234
binComputeOffsets,42,16,0.000225594
binComputeOffsets,42,17,0.000231434
binComputeOffsets,42,18,0.000232604
binComputeOffsets,42,19,0.000232274
binComputeOffsets,42,20,0.000225114
binComputeOffsets,42,21,0.000231274
binComputeOffsets,42,22,0.000232544
binComputeOffsets,42,23,0.000231864
binComputeOffsets,42,24,0.000226065
binComputeOffsets,42,25,0.000231944
binComputeOffsets,42,26,0.000230965
binComputeOffsets,42,27,0.000230595
binComputeOffsets,42,28,0.000225444
binComputeOffsets,42,29,0.000231445
binComputeOffsets,42,30,0.000230414
binComputeOffsets,42,31,0.000230144
binComputeOffsets,42,32,0.000225364
binComputeOffsets,42,33,0.000230015
binComputeOffsets,42,34,0.000229994
binComputeOffsets,42,35,0.000231005
binComputeOffsets,42,36,0.000226614
binComputeOffsets,42,37,0.000231665
binComputeOffsets,42,38,0.000231384
binComputeOffsets,42,39,0.000231405
FFTNUFFT1,42,0,0.471677372
FFTNUFFT1,42,1,0.471542188
FFTNUFFT1,42,2,0.467825229
FFTNUFFT1,42,3,0.472035468
FFTNUFFT1,42,4,0.471782233
FFTNUFFT1,42,5,0.472458126
FFTNUFFT1,42,6,0.466182049
FFTNUFFT1,42,7,0.472230222
FFTNUFFT1,42,8,0.467186188
FFTNUFFT1,42,9,0.466278361
deconvolutionNUFFT1,42,0,0.000471958
deconvolutionNUFFT1,42,1,0.000469978
deconvolutionNUFFT1,42,2,0.000471379
deconvolutionNUFFT1,42,3,0.000464078
deconvolutionNUFFT1,42,4,0.000464038
deconvolutionNUFFT1,42,5,0.000461959
deconvolutionNUFFT1,42,6,0.000470139
deconvolutionNUFFT1,42,7,0.000469078
deconvolutionNUFFT1,42,8,0.000465169
deconvolutionNUFFT1,42,9,0.000464699
GatherPIFNUFFT,42,0,1.566929635
GatherPIFNUFFT,42,1,1.572894226
GatherPIFNUFFT,42,2,1.577463042
GatherPIFNUFFT,42,3,1.571154744
GatherPIFNUFFT,42,4,1.571552291
GatherPIFNUFFT,42,5,1.569243508
GatherPIFNUFFT,42,6,1.575630717
GatherPIFNUFFT,42,7,1.571530091
GatherPIFNUFFT,42,8,1.574077819
GatherPIFNUFFT,42,9,1.575144478
NativeNUFFT2,42,0,0.524634159
NativeNUFFT2,42,1,0.512572214
NativeNUFFT2,42,2,0.515490537
NativeNUFFT2,42,3,0.529051261
NativeNUFFT2,42,4,0.51502607
NativeNUFFT2,42,5,0.514183014
NativeNUFFT2,42,6,0.530234143
NativeNUFFT2,42,7,0.514705953
NativeNUFFT2,42,8,0.518144387
NativeNUFFT2,42,9,0.525896422
NativeNUFFT2,42,10,0.514903667
NativeNUFFT2,42,11,0.515629221
NativeNUFFT2,42,12,0.52845538
NativeNUFFT2,42,13,0.513396979
NativeNUFFT2,42,14,0.515353915
NativeNUFFT2,42,15,0.524154169
NativeNUFFT2,42,16,0.515926156
NativeNUFFT2,42,17,0.514424488
NativeNUFFT2,42,18,0.534304619
NativeNUFFT2,42,19,0.512333469
NativeNUFFT2,42,20,0.514765184
NativeNUFFT2,42,21,0.528544791
NativeNUFFT2,42,22,0.513379548
NativeNUFFT2,42,23,0.515398036
NativeNUFFT2,42,24,0.530012818
NativeNUFFT2,42,25,0.515322565
NativeNUFFT2,42,26,0.51451088
NativeNUFFT2,42,27,0.531703251
NativeNUFFT2,42,28,0.51398225
NativeNUFFT2,42,29,0.514845815
PrecorrectionNUFFT2,42,0,0.000890297
PrecorrectionNUFFT2,42,1,0.000865447
PrecorrectionNUFFT2,42,2,0.000860536
PrecorrectionNUFFT2,42,3,0.000883737
PrecorrectionNUFFT2,42,4,0.000861447
PrecorrectionNUFFT2,42,5,0.000868156
PrecorrectionNUFFT2,42,6,0.000890607
PrecorrectionNUFFT2,42,7,0.000861586
PrecorrectionNUFFT2,42,8,0.000863606
PrecorrectionNUFFT2,42,9,0.000894897
PrecorrectionNUFFT2,42,10,0.000862376
PrecorrectionNUFFT2,42,11,0.000861606
PrecorrectionNUFFT2,42,12,0.000887927
PrecorrectionNUFFT2,42,13,0.000872347
PrecorrectionNUFFT2,42,14,0.000860516
PrecorrectionNUFFT2,42,15,0.000887516
PrecorrectionNUFFT2,42,16,0.000869896
PrecorrectionNUFFT2,42,17,0.000863016
PrecorrectionNUFFT2,42,18,0.000890487
PrecorrectionNUFFT2,42,19,0.000860356
PrecorrectionNUFFT2,42,20,0.000862616
PrecorrectionNUFFT2,42,21,0.000892037
PrecorrectionNUFFT2,42,22,0.000864646
PrecorrectionNUFFT2,42,23,0.000861356
PrecorrectionNUFFT2,42,24,0.000887986
PrecorrectionNUFFT2,42,25,0.000861796
PrecorrectionNUFFT2,42,26,0.000864607
PrecorrectionNUFFT2,42,27,0.000887396
PrecorrectionNUFFT2,42,28,0.000867196
PrecorrectionNUFFT2,42,29,0.000865696
FFTNUFFT2,42,0,0.480791421
FFTNUFFT2,42,1,0.473880002
FFTNUFFT2,42,2,0.470888756
FFTNUFFT2,42,3,0.477796765
FFTNUFFT2,42,4,0.46895205
FFTNUFFT2,42,5,0.474303431
FFTNUFFT2,42,6,0.481215019
FFTNUFFT2,42,7,0.468731326
FFTNUFFT2,42,8,0.46837712
FFTNUFFT2,42,9,0.476350548
FFTNUFFT2,42,10,0.467939311
FFTNUFFT2,42,11,0.46945613
FFTNUFFT2,42,12,0.481982633
FFTNUFFT2,42,13,0.472000557
FFTNUFFT2,42,14,0.467494303
FFTNUFFT2,42,15,0.476260287
FFTNUFFT2,42,16,0.470381137
FFTNUFFT2,42,17,0.467734837
FFTNUFFT2,42,18,0.494490076
FFTNUFFT2,42,19,0.475178377
FFTNUFFT2,42,20,0.471458217
FFTNUFFT2,42,21,0.475121575
FFTNUFFT2,42,22,0.469086983
FFTNUFFT2,42,23,0.46946153
FFTNUFFT2,42,24,0.479545348
FFTNUFFT2,42,25,0.465758201
FFTNUFFT2,42,26,0.473329352
FFTNUFFT2,42,27,0.482139296
FFTNUFFT2,42,28,0.472395375
FFTNUFFT2,42,29,0.4694582
GatherNUFFT2,42,0,0.042931391
GatherNUFFT2,42,1,0.037805515
GatherNUFFT2,42,2,0.043721255
GatherNUFFT2,42,3,0.050350329
GatherNUFFT2,42,4,0.045192123
GatherNUFFT2,42,5,0.038990707
GatherNUFFT2,42,6,0.048107337
GatherNUFFT2,42,7,0.045092441
GatherNUFFT2,42,8,0.048883411
GatherNUFFT2,42,9,0.048631617
GatherNUFFT2,42,10,0.046081178
GatherNUFFT2,42,11,0.045291004
GatherNUFFT2,42,12,0.045562569
GatherNUFFT2,42,13,0.040503205
GatherNUFFT2,42,14,0.046978815
GatherNUFFT2,42,15,0.046985936
GatherNUFFT2,42,16,0.044653953
GatherNUFFT2,42,17,0.045806224
GatherNUFFT2,42,18,0.038902445
GatherNUFFT2,42,19,0.036274876
GatherNUFFT2,42,20,0.042423411
GatherNUFFT2,42,21,0.052510919
GatherNUFFT2,42,22,0.043407819
GatherNUFFT2,42,23,0.04505366
GatherNUFFT2,42,24,0.049557544
GatherNUFFT2,42,25,0.048681428
GatherNUFFT2,42,26,0.040296921
GatherNUFFT2,42,27,0.048656427
GatherNUFFT2,42,28,0.040699179
GatherNUFFT2,42,29,0.044501729
mainTimer,43,0,21.2647031
dumpData,43,0,0.012607675
dumpData,43,1,0.011971303
dumpData,43,2,0.011586306
dumpData,43,3,0.012544584
dumpData,43,4,0.010401044
dumpData,43,5,0.012595154
dumpData,43,6,0.010602098
dumpData,43,7,0.01072314
dumpData,43,8,0.012004813
dumpData,43,9,0.011529275
kick,43,0,0.001729472
kick,43,1,0.001765013
kick,43,2,0.001703561
kick,43,3,0.001767023
kick,43,4,0.001720122
kick,43,5,0.001766983
kick,43,6,0.001732423
kick,43,7,0.001768033
kick,43,8,0.001707161
kick,43,9,0.001766333
kick,43,10,0.001760202
kick,43,11,0.001767783
kick,43,12,0.001708372
kick,43,13,0.001770063
kick,43,14,0.001757023
kick,43,15,0.001775553
kick,43,16,0.001751693
kick,43,17,0.001767553
kick,43,18,0.001723462
kick,43,19,0.001770423
drift,43,0,0.001725132
drift,43,1,0.001720303
drift,43,2,0.001720632
drift,43,3,0.001720442
drift,43,4,0.001718963
drift,43,5,0.001718172
drift,43,6,0.001718012
drift,43,7,0.001720772
drift,43,8,0.001722182
drift,43,9,0.001721562
particleBC,43,0,0.003488415
particleBC,43,1,0.003488835
particleBC,43,2,0.003485105
particleBC,43,3,0.003490845
particleBC,43,4,0.003485655
particleBC,43,5,0.003487585
particleBC,43,6,0.003489855
particleBC,43,7,0.003491095
particleBC,43,8,0.003496375
particleBC,43,9,0.003490905
updateParticle,43,0,0.014124323
updateParticle,43,1,0.012511003
updateParticle,43,2,0.013782487
updateParticle,43,3,0.014908518
updateParticle,43,4,0.011565015
updateParticle,43,5,0.013030082
updateParticle,43,6,0.014161274
updateParticle,43,7,0.012503963
updateParticle,43,8,0.01235299
updateParticle,43,9,0.011697178
locateParticles,43,0,0.001472197
locateParticles,43,1,0.001459787
locateParticles,43,2,0.001454708
locateParticles,43,3,0.001478518
locateParticles,43,4,0.001462737
locateParticles,43,5,0.001475707
locateParticles,43,6,0.001467777
locateParticles,43,7,0.001456118
locateParticles,43,8,0.001485898
locateParticles,43,9,0.001484808
sendPreprocess,43,0,0.001265064
sendPreprocess,43,1,0.001360995
sendPreprocess,43,2,0.001357065
sendPreprocess,43,3,0.001307024
sendPreprocess,43,4,0.001362375
sendPreprocess,43,5,0.001280754
sendPreprocess,43,6,0.001338045
sendPreprocess,43,7,0.001333814
sendPreprocess,43,8,0.001320455
sendPreprocess,43,9,0.001419616
particleSend,43,0,0.001268523
particleSend,43,1,0.001278044
particleSend,43,2,0.001215173
particleSend,43,3,0.001257123
particleSend,43,4,0.001264254
particleSend,43,5,0.001254504
particleSend,43,6,0.001203243
particleSend,43,7,0.001212333
particleSend,43,8,0.001225282
particleSend,43,9,0.001262754
particleRecv,43,0,3.6491e-05
particleRecv,43,1,4.0361e-05
particleRecv,43,2,3.506e-05
particleRecv,43,3,3.8261e-05
particleRecv,43,4,3.1231e-05
particleRecv,43,5,3.895e-05
particleRecv,43,6,3.887e-05
particleRecv,43,7,3.7151e-05
particleRecv,43,8,4.6911e-05
particleRecv,43,9,3.9801e-05
particleDestroy,43,0,0.004992503
particleDestroy,43,1,0.004995793
particleDestroy,43,2,0.004979713
particleDestroy,43,3,0.004952873
particleDestroy,43,4,0.004996393
particleDestroy,43,5,0.004979113
particleDestroy,43,6,0.004969322
particleDestroy,43,7,0.004962182
particleDestroy,43,8,0.004973693
particleDestroy,43,9,0.004947392
ScatterPIFNUFFT,43,0,0.515659511
ScatterPIFNUFFT,43,1,0.001111101
ScatterPIFNUFFT,43,2,0.513955419
ScatterPIFNUFFT,43,3,0.00111356
ScatterPIFNUFFT,43,4,0.513024322
ScatterPIFNUFFT,43,5,0.001117611
ScatterPIFNUFFT,43,6,0.512422401
ScatterPIFNUFFT,43,7,0.001113711
ScatterPIFNUFFT,43,8,0.516378395
ScatterPIFNUFFT,43,9,0.001117631
ScatterPIFNUFFT,43,10,0.513242736
ScatterPIFNUFFT,43,11,0.001111491
ScatterPIFNUFFT,43,12,0.513763166
ScatterPIFNUFFT,43,13,0.001116111
ScatterPIFNUFFT,43,14,0.515500848
ScatterPIFNUFFT,43,15,0.001110051
ScatterPIFNUFFT,43,16,0.51560095
ScatterPIFNUFFT,43,17,0.001117551
ScatterPIFNUFFT,43,18,0.51130284
ScatterPIFNUFFT,43,19,0.00111583
NativeNUFFT1,43,0,0.511966552
NativeNUFFT1,43,1,0.509457675
NativeNUFFT1,43,2,0.50915622
NativeNUFFT1,43,3,0.508634061
NativeNUFFT1,43,4,0.512712246
NativeNUFFT1,43,5,0.508465697
NativeNUFFT1,43,6,0.510037146
NativeNUFFT1,43,7,0.510956234
NativeNUFFT1,43,8,0.51130359
NativeNUFFT1,43,9,0.506884438
scatterTimerNUFFT1,43,0,0.039982605
scatterTimerNUFFT1,43,1,0.039027197
scatterTimerNUFFT1,43,2,0.040441784
scatterTimerNUFFT1,43,3,0.039058688
scatterTimerNUFFT1,43,4,0.041374961
scatterTimerNUFFT1,43,5,0.039344763
scatterTimerNUFFT1,43,6,0.039258462
scatterTimerNUFFT1,43,7,0.038657151
scatterTimerNUFFT1,43,8,0.039521056
scatterTimerNUFFT1,43,9,0.039039918
binSort,43,0,0.008770524
binSort,43,1,0.008819005
binSort,43,2,0.008818255
binSort,43,3,0.008822845
binSort,43,4,0.008781654
binSort,43,5,0.008843434
binSort,43,6,0.008832415
binSort,43,7,0.008826185
binSort,43,8,0.008789094
binSort,43,9,0.008825814
binSort,43,10,0.008817895
binSort,43,11,0.008827574
binSort,43,12,0.008780914
binSort,43,13,0.008817045
binSort,43,14,0.008817365
binSort,43,15,0.008822694
binSort,43,16,0.008776244
binSort,43,17,0.008838385
binSort,43,18,0.008825905
binSort,43,19,0.008826244
binSort,43,20,0.008789624
binSort,43,21,0.008830555
binSort,43,22,0.008813934
binSort,43,23,0.008838435
binSort,43,24,0.008782563
binSort,43,25,0.008830204
binSort,43,26,0.008820224
binSort,43,27,0.008818925
binSort,43,28,0.008780283
binSort,43,29,0.008815164
binSort,43,30,0.008811074
binSort,43,31,0.008895216
binSort,43,32,0.008781584
binSort,43,33,0.008804284
binSort,43,34,0.008798904
binSort,43,35,0.008807614
binSort,43,36,0.008784654
binSort,43,37,0.008833505
binSort,43,38,0.008824264
binSort,43,39,0.008822554
binComputeKeys,43,0,0.000956088
binComputeKeys,43,1,0.000958028
binComputeKeys,43,2,0.000957507
binComputeKeys,43,3,0.000955148
binComputeKeys,43,4,0.000954498
binComputeKeys,43,5,0.000955597
binComputeKeys,43,6,0.000959318
binComputeKeys,43,7,0.000959828
binComputeKeys,43,8,0.000954728
binComputeKeys,43,9,0.000957438
binComputeKeys,43,10,0.000956028
binComputeKeys,43,11,0.000957038
binComputeKeys,43,12,0.000955518
binComputeKeys,43,13,0.000959578
binComputeKeys,43,14,0.000958108
binComputeKeys,43,15,0.000957768
binComputeKeys,43,16,0.000954318
binComputeKeys,43,17,0.000957948
binComputeKeys,43,18,0.000958468
binComputeKeys,43,19,0.000959198
binComputeKeys,43,20,0.000955898
binComputeKeys,43,21,0.000957828
binComputeKeys,43,22,0.000958158
binComputeKeys,43,23,0.000959538
binComputeKeys,43,24,0.000958228
binComputeKeys,43,25,0.000956927
binComputeKeys,43,26,0.000956328
binComputeKeys,43,27,0.000958988
binComputeKeys,43,28,0.000952958
binComputeKeys,43,29,0.000957017
binComputeKeys,43,30,0.000953618
binComputeKeys,43,31,0.000970918
binComputeKeys,43,32,0.000954248
binComputeKeys,43,33,0.000958118
binComputeKeys,43,34,0.000958218
binComputeKeys,43,35,0.000956487
binComputeKeys,43,36,0.000956508
binComputeKeys,43,37,0.000955788
binComputeKeys,43,38,0.000956488
binComputeKeys,43,39,0.000956448
binSortByKey,43,0,0.007567981
binSortByKey,43,1,0.007607582
binSortByKey,43,2,0.007607992
binSortByKey,43,3,0.007615772
binSortByKey,43,4,0.007581101
binSortByKey,43,5,0.007637052
binSortByKey,43,6,0.007621442
binSortByKey,43,7,0.007615552
binSortByKey,43,8,0.007586451
binSortByKey,43,9,0.007616122
binSortByKey,43,10,0.007608472
binSortByKey,43,11,0.007617432
binSortByKey,43,12,0.007576381
binSortByKey,43,13,0.007604102
binSortByKey,43,14,0.007607762
binSortByKey,43,15,0.007614342
binSortByKey,43,16,0.007573831
binSortByKey,43,17,0.007628762
binSortByKey,43,18,0.007616942
binSortByKey,43,19,0.007612582
binSortByKey,43,20,0.007584911
binSortByKey,43,21,0.007619802
binSortByKey,43,22,0.007604542
binSortByKey,43,23,0.007626972
binSortByKey,43,24,0.007577131
binSortByKey,43,25,0.007619482
binSortByKey,43,26,0.007608472
binSortByKey,43,27,0.007608652
binSortByKey,43,28,0.007580791
binSortByKey,43,29,0.007607942
binSortByKey,43,30,0.007604232
binSortByKey,43,31,0.007654133
binSortByKey,43,32,0.007577141
binSortByKey,43,33,0.007593992
binSortByKey,43,34,0.007588761
binSortByKey,43,35,0.007599521
binSortByKey,43,36,0.007581741
binSortByKey,43,37,0.007622132
binSortByKey,43,38,0.007614552
binSortByKey,43,39,0.007613542
binComputeOffsets,43,0,0.000237275
binComputeOffsets,43,1,0.000244235
binComputeOffsets,43,2,0.000242775
binComputeOffsets,43,3,0.000242725
binComputeOffsets,43,4,0.000236895
binComputeOffsets,43,5,0.000241594
binComputeOffsets,43,6,0.000242375
binComputeOffsets,43,7,0.000241765
binComputeOffsets,43,8,0.000238005
binComputeOffsets,43,9,0.000242304
binComputeOffsets,43,10,0.000243355
binComputeOffsets,43,11,0.000243684
binComputeOffsets,43,12,0.000238345
binComputeOffsets,43,13,0.000243995
binComputeOffsets,43,14,0.000242165
binComputeOffsets,43,15,0.000241254
binComputeOffsets,43,16,0.000238335
binComputeOffsets,43,17,0.000242385
binComputeOffsets,43,18,0.000241085
binComputeOffsets,43,19,0.000244544
binComputeOffsets,43,20,0.000238235
binComputeOffsets,43,21,0.000243355
binComputeOffsets,43,22,0.000241814
binComputeOffsets,43,23,0.000242135
binComputeOffsets,43,24,0.000237404
binComputeOffsets,43,25,0.000244365
binComputeOffsets,43,26,0.000241944
binComputeOffsets,43,27,0.000241755
binComputeOffsets,43,28,0.000237334
binComputeOffsets,43,29,0.000240655
binComputeOffsets,43,30,0.000242474
binComputeOffsets,43,31,0.000256245
binComputeOffsets,43,32,0.000237375
binComputeOffsets,43,33,0.000242804
binComputeOffsets,43,34,0.000242405
binComputeOffsets,43,35,0.000241475
binComputeOffsets,43,36,0.000237155
binComputeOffsets,43,37,0.000245395
binComputeOffsets,43,38,0.000243754
binComputeOffsets,43,39,0.000243204
FFTNUFFT1,43,0,0.471510838
FFTNUFFT1,43,1,0.46996138
FFTNUFFT1,43,2,0.468243488
FFTNUFFT1,43,3,0.469100503
FFTNUFFT1,43,4,0.470859416
FFTNUFFT1,43,5,0.468650825
FFTNUFFT1,43,6,0.470300186
FFTNUFFT1,43,7,0.471822624
FFTNUFFT1,43,8,0.471285964
FFTNUFFT1,43,9,0.467372581
deconvolutionNUFFT1,43,0,0.000461599
deconvolutionNUFFT1,43,1,0.000457178
deconvolutionNUFFT1,43,2,0.000458638
deconvolutionNUFFT1,43,3,0.000462479
deconvolutionNUFFT1,43,4,0.000464319
deconvolutionNUFFT1,43,5,0.000458578
deconvolutionNUFFT1,43,6,0.000467138
deconvolutionNUFFT1,43,7,0.000464489
deconvolutionNUFFT1,43,8,0.000480909
deconvolutionNUFFT1,43,9,0.000459499
GatherPIFNUFFT,43,0,1.567077618
GatherPIFNUFFT,43,1,1.575022196
GatherPIFNUFFT,43,2,1.577955031
GatherPIFNUFFT,43,3,1.57469146
GatherPIFNUFFT,43,4,1.573246563
GatherPIFNUFFT,43,5,1.573184382
GatherPIFNUFFT,43,6,1.571937548
GatherPIFNUFFT,43,7,1.573377145
GatherPIFNUFFT,43,8,1.571029021
GatherPIFNUFFT,43,9,1.575337731
NativeNUFFT2,43,0,0.524292292
NativeNUFFT2,43,1,0.512096984
NativeNUFFT2,43,2,0.515266594
NativeNUFFT2,43,3,0.531396544
NativeNUFFT2,43,4,0.514743074
NativeNUFFT2,43,5,0.51397662
NativeNUFFT2,43,6,0.529872116
NativeNUFFT2,43,7,0.515175052
NativeNUFFT2,43,8,0.517987214
NativeNUFFT2,43,9,0.530231842
NativeNUFFT2,43,10,0.514206884
NativeNUFFT2,43,11,0.5150667
NativeNUFFT2,43,12,0.529906557
NativeNUFFT2,43,13,0.512799428
NativeNUFFT2,43,14,0.51509716
NativeNUFFT2,43,15,0.528806846
NativeNUFFT2,43,16,0.515299695
NativeNUFFT2,43,17,0.514165543
NativeNUFFT2,43,18,0.530192232
NativeNUFFT2,43,19,0.512623594
NativeNUFFT2,43,20,0.514240675
NativeNUFFT2,43,21,0.529812575
NativeNUFFT2,43,22,0.513613103
NativeNUFFT2,43,23,0.515034629
NativeNUFFT2,43,24,0.526573744
NativeNUFFT2,43,25,0.515200673
NativeNUFFT2,43,26,0.514356517
NativeNUFFT2,43,27,0.531555228
NativeNUFFT2,43,28,0.513903549
NativeNUFFT2,43,29,0.514984769
PrecorrectionNUFFT2,43,0,0.000884676
PrecorrectionNUFFT2,43,1,0.000860036
PrecorrectionNUFFT2,43,2,0.000861396
PrecorrectionNUFFT2,43,3,0.000885556
PrecorrectionNUFFT2,43,4,0.000859586
PrecorrectionNUFFT2,43,5,0.000863616
PrecorrectionNUFFT2,43,6,0.000886187
PrecorrectionNUFFT2,43,7,0.000864946
PrecorrectionNUFFT2,43,8,0.000862156
PrecorrectionNUFFT2,43,9,0.000891566
PrecorrectionNUFFT2,43,10,0.000863136
PrecorrectionNUFFT2,43,11,0.000862216
PrecorrectionNUFFT2,43,12,0.000886627
PrecorrectionNUFFT2,43,13,0.000863176
PrecorrectionNUFFT2,43,14,0.000866256
PrecorrectionNUFFT2,43,15,0.000886717
PrecorrectionNUFFT2,43,16,0.000862576
PrecorrectionNUFFT2,43,17,0.000864666
PrecorrectionNUFFT2,43,18,0.000891957
PrecorrectionNUFFT2,43,19,0.000862326
PrecorrectionNUFFT2,43,20,0.000860706
PrecorrectionNUFFT2,43,21,0.000886376
PrecorrectionNUFFT2,43,22,0.000865086
PrecorrectionNUFFT2,43,23,0.000862326
PrecorrectionNUFFT2,43,24,0.000888666
PrecorrectionNUFFT2,43,25,0.000864416
PrecorrectionNUFFT2,43,26,0.000868877
PrecorrectionNUFFT2,43,27,0.000890777
PrecorrectionNUFFT2,43,28,0.000858956
PrecorrectionNUFFT2,43,29,0.000864127
FFTNUFFT2,43,0,0.469904409
FFTNUFFT2,43,1,0.45981901
FFTNUFFT2,43,2,0.46299996
FFTNUFFT2,43,3,0.470637932
FFTNUFFT2,43,4,0.464030949
FFTNUFFT2,43,5,0.464264123
FFTNUFFT2,43,6,0.471860545
FFTNUFFT2,43,7,0.461242127
FFTNUFFT2,43,8,0.462395198
FFTNUFFT2,43,9,0.475930801
FFTNUFFT2,43,10,0.466490045
FFTNUFFT2,43,11,0.461984261
FFTNUFFT2,43,12,0.475300169
FFTNUFFT2,43,13,0.462761255
FFTNUFFT2,43,14,0.460449852
FFTNUFFT2,43,15,0.475097295
FFTNUFFT2,43,16,0.461160696
FFTNUFFT2,43,17,0.460864279
FFTNUFFT2,43,18,0.474028445
FFTNUFFT2,43,19,0.461536082
FFTNUFFT2,43,20,0.462562162
FFTNUFFT2,43,21,0.476218366
FFTNUFFT2,43,22,0.460517234
FFTNUFFT2,43,23,0.462071192
FFTNUFFT2,43,24,0.469041983
FFTNUFFT2,43,25,0.459870872
FFTNUFFT2,43,26,0.462996899
FFTNUFFT2,43,27,0.475388691
FFTNUFFT2,43,28,0.460549203
FFTNUFFT2,43,29,0.460753337
GatherNUFFT2,43,0,0.053483297
GatherNUFFT2,43,1,0.051398028
GatherNUFFT2,43,2,0.051383978
GatherNUFFT2,43,3,0.059852856
GatherNUFFT2,43,4,0.049831689
GatherNUFFT2,43,5,0.04882735
GatherNUFFT2,43,6,0.057105134
GatherNUFFT2,43,7,0.053047859
GatherNUFFT2,43,8,0.05470791
GatherNUFFT2,43,9,0.053389585
GatherNUFFT2,43,10,0.046833583
GatherNUFFT2,43,11,0.052200093
GatherNUFFT2,43,12,0.053698891
GatherNUFFT2,43,13,0.049153816
GatherNUFFT2,43,14,0.053758712
GatherNUFFT2,43,15,0.052802614
GatherNUFFT2,43,16,0.053255412
GatherNUFFT2,43,17,0.052416227
GatherNUFFT2,43,18,0.05525126
GatherNUFFT2,43,19,0.050205475
GatherNUFFT2,43,20,0.050797577
GatherNUFFT2,43,21,0.052686302
GatherNUFFT2,43,22,0.052210223
GatherNUFFT2,43,23,0.052078311
GatherNUFFT2,43,24,0.056622275
GatherNUFFT2,43,25,0.054444704
GatherNUFFT2,43,26,0.050469711
GatherNUFFT2,43,27,0.05525593
GatherNUFFT2,43,28,0.052474568
GatherNUFFT2,43,29,0.053346294
mainTimer,44,0,21.264701199
dumpData,44,0,0.011193375
dumpData,44,1,0.01204848
dumpData,44,2,0.011975229
dumpData,44,3,0.011159324
dumpData,44,4,0.010490671
dumpData,44,5,0.011783319
dumpData,44,6,0.010678022
dumpData,44,7,0.010984514
dumpData,44,8,0.01206446
dumpData,44,9,0.011870759
kick,44,0,0.001822591
kick,44,1,0.001880831
kick,44,2,0.001844871
kick,44,3,0.001883131
kick,44,4,0.001822411
kick,44,5,0.001880841
kick,44,6,0.001823391
kick,44,7,0.001880361
kick,44,8,0.001842911
kick,44,9,0.001881501
kick,44,10,0.001861071
kick,44,11,0.001881751
kick,44,12,0.00182634
kick,44,13,0.001879821
kick,44,14,0.0018561
kick,44,15,0.001879171
kick,44,16,0.001849371
kick,44,17,0.001881861
kick,44,18,0.00182158
kick,44,19,0.001881361
drift,44,0,0.00183216
drift,44,1,0.00183039
drift,44,2,0.00182761
drift,44,3,0.00182988
drift,44,4,0.001830201
drift,44,5,0.001831451
drift,44,6,0.001832261
drift,44,7,0.001832241
drift,44,8,0.00183168
drift,44,9,0.001830681
particleBC,44,0,0.003718022
particleBC,44,1,0.003719902
particleBC,44,2,0.003721412
particleBC,44,3,0.003721652
particleBC,44,4,0.003715551
particleBC,44,5,0.003712091
particleBC,44,6,0.003717701
particleBC,44,7,0.003715612
particleBC,44,8,0.003716532
particleBC,44,9,0.003718882
updateParticle,44,0,0.013126596
updateParticle,44,1,0.01205241
updateParticle,44,2,0.014327533
updateParticle,44,3,0.01373831
updateParticle,44,4,0.010963934
updateParticle,44,5,0.012896115
updateParticle,44,6,0.012966925
updateParticle,44,7,0.012283181
updateParticle,44,8,0.012258051
updateParticle,44,9,0.011187704
locateParticles,44,0,0.001522019
locateParticles,44,1,0.001509689
locateParticles,44,2,0.001543609
locateParticles,44,3,0.001522249
locateParticles,44,4,0.001510179
locateParticles,44,5,0.001521589
locateParticles,44,6,0.001525819
locateParticles,44,7,0.001512698
locateParticles,44,8,0.001545089
locateParticles,44,9,0.001518588
sendPreprocess,44,0,0.000783594
sendPreprocess,44,1,0.000828084
sendPreprocess,44,2,0.000816575
sendPreprocess,44,3,0.000830245
sendPreprocess,44,4,0.000838855
sendPreprocess,44,5,0.000799025
sendPreprocess,44,6,0.000816155
sendPreprocess,44,7,0.000845015
sendPreprocess,44,8,0.000840345
sendPreprocess,44,9,0.000950206
particleSend,44,0,0.001224457
particleSend,44,1,0.001272548
particleSend,44,2,0.001306567
particleSend,44,3,0.001404188
particleSend,44,4,0.001233247
particleSend,44,5,0.001222597
particleSend,44,6,0.001276007
particleSend,44,7,0.001329978
particleSend,44,8,0.001231697
particleSend,44,9,0.001226937
particleRecv,44,0,3.5181e-05
particleRecv,44,1,3.435e-05
particleRecv,44,2,3.553e-05
particleRecv,44,3,3.42e-05
particleRecv,44,4,2.794e-05
particleRecv,44,5,5.465e-05
particleRecv,44,6,3.9731e-05
particleRecv,44,7,3.695e-05
particleRecv,44,8,3.689e-05
particleRecv,44,9,3.709e-05
particleDestroy,44,0,0.005108489
particleDestroy,44,1,0.00512523
particleDestroy,44,2,0.00511992
particleDestroy,44,3,0.00510115
particleDestroy,44,4,0.00511344
particleDestroy,44,5,0.00512861
particleDestroy,44,6,0.005119339
particleDestroy,44,7,0.00511184
particleDestroy,44,8,0.00513027
particleDestroy,44,9,0.00510777
ScatterPIFNUFFT,44,0,0.519466109
ScatterPIFNUFFT,44,1,0.001112596
ScatterPIFNUFFT,44,2,0.519120017
ScatterPIFNUFFT,44,3,0.001116126
ScatterPIFNUFFT,44,4,0.519250938
ScatterPIFNUFFT,44,5,0.001108407
ScatterPIFNUFFT,44,6,0.518702174
ScatterPIFNUFFT,44,7,0.001115456
ScatterPIFNUFFT,44,8,0.520875177
ScatterPIFNUFFT,44,9,0.001111176
ScatterPIFNUFFT,44,10,0.518434193
ScatterPIFNUFFT,44,11,0.001112366
ScatterPIFNUFFT,44,12,0.518152041
ScatterPIFNUFFT,44,13,0.001111946
ScatterPIFNUFFT,44,14,0.518535273
ScatterPIFNUFFT,44,15,0.001112977
ScatterPIFNUFFT,44,16,0.518451103
ScatterPIFNUFFT,44,17,0.001112036
ScatterPIFNUFFT,44,18,0.518684354
ScatterPIFNUFFT,44,19,0.001106836
NativeNUFFT1,44,0,0.515662507
NativeNUFFT1,44,1,0.51453523
NativeNUFFT1,44,2,0.515377385
NativeNUFFT1,44,3,0.513883697
NativeNUFFT1,44,4,0.515929799
NativeNUFFT1,44,5,0.513748436
NativeNUFFT1,44,6,0.513245403
NativeNUFFT1,44,7,0.514028267
NativeNUFFT1,44,8,0.513714525
NativeNUFFT1,44,9,0.513842787
scatterTimerNUFFT1,44,0,0.040296113
scatterTimerNUFFT1,44,1,0.039017876
scatterTimerNUFFT1,44,2,0.038904135
scatterTimerNUFFT1,44,3,0.038419713
scatterTimerNUFFT1,44,4,0.040061662
scatterTimerNUFFT1,44,5,0.038335932
scatterTimerNUFFT1,44,6,0.038300362
scatterTimerNUFFT1,44,7,0.038562103
scatterTimerNUFFT1,44,8,0.038260192
scatterTimerNUFFT1,44,9,0.038439713
binSort,44,0,0.009336504
binSort,44,1,0.009393464
binSort,44,2,0.009385474
binSort,44,3,0.009376304
binSort,44,4,0.009362545
binSort,44,5,0.009381324
binSort,44,6,0.009374464
binSort,44,7,0.009378284
binSort,44,8,0.009345015
binSort,44,9,0.009394494
binSort,44,10,0.009377564
binSort,44,11,0.009402584
binSort,44,12,0.009346104
binSort,44,13,0.009405365
binSort,44,14,0.009390254
binSort,44,15,0.009400284
binSort,44,16,0.009329534
binSort,44,17,0.009393154
binSort,44,18,0.009392964
binSort,44,19,0.009403144
binSort,44,20,0.009351894
binSort,44,21,0.009399274
binSort,44,22,0.009405275
binSort,44,23,0.009386054
binSort,44,24,0.009348914
binSort,44,25,0.009379545
binSort,44,26,0.009380844
binSort,44,27,0.009375194
binSort,44,28,0.009354384
binSort,44,29,0.009378134
binSort,44,30,0.009387284
binSort,44,31,0.009378574
binSort,44,32,0.009342774
binSort,44,33,0.009390974
binSort,44,34,0.009375535
binSort,44,35,0.009395255
binSort,44,36,0.009346804
binSort,44,37,0.009397525
binSort,44,38,0.009403285
binSort,44,39,0.009399204
binComputeKeys,44,0,0.001016636
binComputeKeys,44,1,0.001018646
binComputeKeys,44,2,0.001018066
binComputeKeys,44,3,0.001017966
binComputeKeys,44,4,0.001018676
binComputeKeys,44,5,0.001015205
binComputeKeys,44,6,0.001018586
binComputeKeys,44,7,0.001017386
binComputeKeys,44,8,0.001017776
binComputeKeys,44,9,0.001019496
binComputeKeys,44,10,0.001017936
binComputeKeys,44,11,0.001018116
binComputeKeys,44,12,0.001016576
binComputeKeys,44,13,0.001017666
binComputeKeys,44,14,0.001017676
binComputeKeys,44,15,0.001017526
binComputeKeys,44,16,0.001015735
binComputeKeys,44,17,0.001020486
binComputeKeys,44,18,0.001016766
binComputeKeys,44,19,0.001018326
binComputeKeys,44,20,0.001017066
binComputeKeys,44,21,0.001019556
binComputeKeys,44,22,0.001018366
binComputeKeys,44,23,0.001015676
binComputeKeys,44,24,0.001016416
binComputeKeys,44,25,0.001018276
binComputeKeys,44,26,0.001018196
binComputeKeys,44,27,0.001019876
binComputeKeys,44,28,0.001017036
binComputeKeys,44,29,0.001015106
binComputeKeys,44,30,0.001017356
binComputeKeys,44,31,0.001015285
binComputeKeys,44,32,0.001015266
binComputeKeys,44,33,0.001016906
binComputeKeys,44,34,0.001017696
binComputeKeys,44,35,0.001018106
binComputeKeys,44,36,0.001018255
binComputeKeys,44,37,0.001016136
binComputeKeys,44,38,0.001016876
binComputeKeys,44,39,0.001019146
binSortByKey,44,0,0.008061107
binSortByKey,44,1,0.008111217
binSortByKey,44,2,0.008105027
binSortByKey,44,3,0.008095097
binSortByKey,44,4,0.008085717
binSortByKey,44,5,0.008102297
binSortByKey,44,6,0.008092817
binSortByKey,44,7,0.008098157
binSortByKey,44,8,0.008068197
binSortByKey,44,9,0.008112727
binSortByKey,44,10,0.008095767
binSortByKey,44,11,0.008121757
binSortByKey,44,12,0.008070746
binSortByKey,44,13,0.008124147
binSortByKey,44,14,0.008108927
binSortByKey,44,15,0.008119707
binSortByKey,44,16,0.008054657
binSortByKey,44,17,0.008109157
binSortByKey,44,18,0.008113337
binSortByKey,44,19,0.008118507
binSortByKey,44,20,0.008076067
binSortByKey,44,21,0.008115547
binSortByKey,44,22,0.008122237
binSortByKey,44,23,0.008106777
binSortByKey,44,24,0.008073547
binSortByKey,44,25,0.008097177
binSortByKey,44,26,0.008099666
binSortByKey,44,27,0.008091477
binSortByKey,44,28,0.008078987
binSortByKey,44,29,0.008098437
binSortByKey,44,30,0.008107207
binSortByKey,44,31,0.008099627
binSortByKey,44,32,0.008067947
binSortByKey,44,33,0.008111497
binSortByKey,44,34,0.008095347
binSortByKey,44,35,0.008114217
binSortByKey,44,36,0.008067007
binSortByKey,44,37,0.008116757
binSortByKey,44,38,0.008123577
binSortByKey,44,39,0.008116367
binComputeOffsets,44,0,0.000249471
binComputeOffsets,44,1,0.000254391
binComputeOffsets,44,2,0.000253141
binComputeOffsets,44,3,0.000252901
binComputeOffsets,44,4,0.000248912
binComputeOffsets,44,5,0.000254392
binComputeOffsets,44,6,0.000253881
binComputeOffsets,44,7,0.000252851
binComputeOffsets,44,8,0.000249722
binComputeOffsets,44,9,0.000252871
binComputeOffsets,44,10,0.000253761
binComputeOffsets,44,11,0.000253421
binComputeOffsets,44,12,0.000249452
binComputeOffsets,44,13,0.000254252
binComputeOffsets,44,14,0.000254421
binComputeOffsets,44,15,0.000253031
binComputeOffsets,44,16,0.000248872
binComputeOffsets,44,17,0.000254051
binComputeOffsets,44,18,0.000253131
binComputeOffsets,44,19,0.000256791
binComputeOffsets,44,20,0.000249441
binComputeOffsets,44,21,0.000254551
binComputeOffsets,44,22,0.000254062
binComputeOffsets,44,23,0.000253651
binComputeOffsets,44,24,0.000249071
binComputeOffsets,44,25,0.000253522
binComputeOffsets,44,26,0.000253112
binComputeOffsets,44,27,0.000253851
binComputeOffsets,44,28,0.000249111
binComputeOffsets,44,29,0.000253921
binComputeOffsets,44,30,0.000253321
binComputeOffsets,44,31,0.000253802
binComputeOffsets,44,32,0.000249341
binComputeOffsets,44,33,0.000253291
binComputeOffsets,44,34,0.000252662
binComputeOffsets,44,35,0.000253502
binComputeOffsets,44,36,0.000250932
binComputeOffsets,44,37,0.000254782
binComputeOffsets,44,38,0.000253372
binComputeOffsets,44,39,0.000254421
FFTNUFFT1,44,0,0.474891481
FFTNUFFT1,44,1,0.475044842
FFTNUFFT1,44,2,0.475997348
FFTNUFFT1,44,3,0.474986911
FFTNUFFT1,44,4,0.475393184
FFTNUFFT1,44,5,0.474934581
FFTNUFFT1,44,6,0.474472958
FFTNUFFT1,44,7,0.474994471
FFTNUFFT1,44,8,0.474977791
FFTNUFFT1,44,9,0.474929241
deconvolutionNUFFT1,44,0,0.000464343
deconvolutionNUFFT1,44,1,0.000461462
deconvolutionNUFFT1,44,2,0.000464992
deconvolutionNUFFT1,44,3,0.000465893
deconvolutionNUFFT1,44,4,0.000462663
deconvolutionNUFFT1,44,5,0.000466953
deconvolutionNUFFT1,44,6,0.000461123
deconvolutionNUFFT1,44,7,0.000460293
deconvolutionNUFFT1,44,8,0.000462552
deconvolutionNUFFT1,44,9,0.000462783
GatherPIFNUFFT,44,0,1.564870904
GatherPIFNUFFT,44,1,1.570235295
GatherPIFNUFFT,44,2,1.570138665
GatherPIFNUFFT,44,3,1.569883943
GatherPIFNUFFT,44,4,1.568319124
GatherPIFNUFFT,44,5,1.568303853
GatherPIFNUFFT,44,6,1.568174314
GatherPIFNUFFT,44,7,1.569764422
GatherPIFNUFFT,44,8,1.567230118
GatherPIFNUFFT,44,9,1.567549379
NativeNUFFT2,44,0,0.52154232
NativeNUFFT2,44,1,0.512606149
NativeNUFFT2,44,2,0.515047953
NativeNUFFT2,44,3,0.525897116
NativeNUFFT2,44,4,0.51443989
NativeNUFFT2,44,5,0.514251449
NativeNUFFT2,44,6,0.52307669
NativeNUFFT2,44,7,0.514030727
NativeNUFFT2,44,8,0.517377686
NativeNUFFT2,44,9,0.524253616
NativeNUFFT2,44,10,0.514354279
NativeNUFFT2,44,11,0.515617297
NativeNUFFT2,44,12,0.524935431
NativeNUFFT2,44,13,0.513251013
NativeNUFFT2,44,14,0.51447086
NativeNUFFT2,44,15,0.523167061
NativeNUFFT2,44,16,0.515452346
NativeNUFFT2,44,17,0.514042057
NativeNUFFT2,44,18,0.526821802
NativeNUFFT2,44,19,0.511847434
NativeNUFFT2,44,20,0.513860166
NativeNUFFT2,44,21,0.526380599
NativeNUFFT2,44,22,0.51281297
NativeNUFFT2,44,23,0.514923382
NativeNUFFT2,44,24,0.522344686
NativeNUFFT2,44,25,0.514950703
NativeNUFFT2,44,26,0.514279929
NativeNUFFT2,44,27,0.523909955
NativeNUFFT2,44,28,0.514711211
NativeNUFFT2,44,29,0.513295254
PrecorrectionNUFFT2,44,0,0.000891645
PrecorrectionNUFFT2,44,1,0.000868485
PrecorrectionNUFFT2,44,2,0.000863135
PrecorrectionNUFFT2,44,3,0.000889296
PrecorrectionNUFFT2,44,4,0.000865475
PrecorrectionNUFFT2,44,5,0.000863685
PrecorrectionNUFFT2,44,6,0.000889735
PrecorrectionNUFFT2,44,7,0.000862665
PrecorrectionNUFFT2,44,8,0.000862235
PrecorrectionNUFFT2,44,9,0.000889025
PrecorrectionNUFFT2,44,10,0.000866585
PrecorrectionNUFFT2,44,11,0.000860105
PrecorrectionNUFFT2,44,12,0.000893235
PrecorrectionNUFFT2,44,13,0.000857655
PrecorrectionNUFFT2,44,14,0.000860075
PrecorrectionNUFFT2,44,15,0.000894645
PrecorrectionNUFFT2,44,16,0.000865775
PrecorrectionNUFFT2,44,17,0.000866625
PrecorrectionNUFFT2,44,18,0.000903346
PrecorrectionNUFFT2,44,19,0.000861675
PrecorrectionNUFFT2,44,20,0.000867755
PrecorrectionNUFFT2,44,21,0.000894055
PrecorrectionNUFFT2,44,22,0.000866875
PrecorrectionNUFFT2,44,23,0.000865015
PrecorrectionNUFFT2,44,24,0.000890675
PrecorrectionNUFFT2,44,25,0.000862664
PrecorrectionNUFFT2,44,26,0.000865065
PrecorrectionNUFFT2,44,27,0.000888436
PrecorrectionNUFFT2,44,28,0.000865195
PrecorrectionNUFFT2,44,29,0.000863815
FFTNUFFT2,44,0,0.4852432
FFTNUFFT2,44,1,0.474864321
FFTNUFFT2,44,2,0.472841939
FFTNUFFT2,44,3,0.487540363
FFTNUFFT2,44,4,0.473175321
FFTNUFFT2,44,5,0.474969122
FFTNUFFT2,44,6,0.483000328
FFTNUFFT2,44,7,0.475496944
FFTNUFFT2,44,8,0.474130046
FFTNUFFT2,44,9,0.481556669
FFTNUFFT2,44,10,0.47469501
FFTNUFFT2,44,11,0.474364158
FFTNUFFT2,44,12,0.485187491
FFTNUFFT2,44,13,0.475526505
FFTNUFFT2,44,14,0.473732194
FFTNUFFT2,44,15,0.489430365
FFTNUFFT2,44,16,0.473480833
FFTNUFFT2,44,17,0.475292913
FFTNUFFT2,44,18,0.487991826
FFTNUFFT2,44,19,0.475971016
FFTNUFFT2,44,20,0.474916761
FFTNUFFT2,44,21,0.485190751
FFTNUFFT2,44,22,0.475681595
FFTNUFFT2,44,23,0.474585258
FFTNUFFT2,44,24,0.485373092
FFTNUFFT2,44,25,0.474540158
FFTNUFFT2,44,26,0.475659515
FFTNUFFT2,44,27,0.484742587
FFTNUFFT2,44,28,0.48003779
FFTNUFFT2,44,29,0.475979137
GatherNUFFT2,44,0,0.035386984
GatherNUFFT2,44,1,0.036852383
GatherNUFFT2,44,2,0.041317019
GatherNUFFT2,44,3,0.037447617
GatherNUFFT2,44,4,0.040379524
GatherNUFFT2,44,5,0.038399122
GatherNUFFT2,44,6,0.039166667
GatherNUFFT2,44,7,0.037650718
GatherNUFFT2,44,8,0.042364925
GatherNUFFT2,44,9,0.041787772
GatherNUFFT2,44,10,0.038772834
GatherNUFFT2,44,11,0.040372364
GatherNUFFT2,44,12,0.038835075
GatherNUFFT2,44,13,0.036846893
GatherNUFFT2,44,14,0.039858601
GatherNUFFT2,44,15,0.03282229
GatherNUFFT2,44,16,0.041084888
GatherNUFFT2,44,17,0.037862829
GatherNUFFT2,44,18,0.03790696
GatherNUFFT2,44,19,0.034994123
GatherNUFFT2,44,20,0.03805133
GatherNUFFT2,44,21,0.040270783
GatherNUFFT2,44,22,0.03624478
GatherNUFFT2,44,23,0.039453328
GatherNUFFT2,44,24,0.036061309
GatherNUFFT2,44,25,0.039527979
GatherNUFFT2,44,26,0.037734299
GatherNUFFT2,44,27,0.038258792
GatherNUFFT2,44,28,0.033788756
GatherNUFFT2,44,29,0.036432821
mainTimer,45,0,21.264702589
dumpData,45,0,0.010159229
dumpData,45,1,0.010233349
dumpData,45,2,0.009959537
dumpData,45,3,0.010151139
dumpData,45,4,0.008793281
dumpData,45,5,0.010042939
dumpData,45,6,0.008982052
dumpData,45,7,0.009147023
dumpData,45,8,0.010056219
dumpData,45,9,0.009917848
kick,45,0,0.001983892
kick,45,1,0.002004472
kick,45,2,0.001982462
kick,45,3,0.002003542
kick,45,4,0.001979681
kick,45,5,0.002004502
kick,45,6,0.001986442
kick,45,7,0.002002091
kick,45,8,0.001977872
kick,45,9,0.002003151
kick,45,10,0.001991922
kick,45,11,0.002002631
kick,45,12,0.001983531
kick,45,13,0.002007852
kick,45,14,0.001993631
kick,45,15,0.002004682
kick,45,16,0.001988041
kick,45,17,0.002008781
kick,45,18,0.001982291
kick,45,19,0.001998151
drift,45,0,0.001952661
drift,45,1,0.001954251
drift,45,2,0.001947551
drift,45,3,0.001950581
drift,45,4,0.001950771
drift,45,5,0.001974561
drift,45,6,0.001950681
drift,45,7,0.001969792
drift,45,8,0.001966202
drift,45,9,0.001957052
particleBC,45,0,0.003956013
particleBC,45,1,0.003956143
particleBC,45,2,0.003953793
particleBC,45,3,0.003956023
particleBC,45,4,0.003954353
particleBC,45,5,0.003955103
particleBC,45,6,0.003956653
particleBC,45,7,0.003956682
particleBC,45,8,0.003956433
particleBC,45,9,0.003956303
updateParticle,45,0,0.013143436
updateParticle,45,1,0.011928949
updateParticle,45,2,0.014410803
updateParticle,45,3,0.013504548
updateParticle,45,4,0.010950493
updateParticle,45,5,0.012717604
updateParticle,45,6,0.012556453
updateParticle,45,7,0.011167814
updateParticle,45,8,0.011938809
updateParticle,45,9,0.011244775
locateParticles,45,0,0.001628969
locateParticles,45,1,0.001624279
locateParticles,45,2,0.001612759
locateParticles,45,3,0.001622379
locateParticles,45,4,0.001609099
locateParticles,45,5,0.001611
locateParticles,45,6,0.00162989
locateParticles,45,7,0.001632569
locateParticles,45,8,0.001618979
locateParticles,45,9,0.001637749
sendPreprocess,45,0,0.000158121
sendPreprocess,45,1,0.000217441
sendPreprocess,45,2,0.000237252
sendPreprocess,45,3,0.000213432
sendPreprocess,45,4,0.000245642
sendPreprocess,45,5,0.000191041
sendPreprocess,45,6,0.000196331
sendPreprocess,45,7,0.000208611
sendPreprocess,45,8,0.000248502
sendPreprocess,45,9,0.000305432
particleSend,45,0,0.001304958
particleSend,45,1,0.001294158
particleSend,45,2,0.001298147
particleSend,45,3,0.001366858
particleSend,45,4,0.001298807
particleSend,45,5,0.001302707
particleSend,45,6,0.001309128
particleSend,45,7,0.001286858
particleSend,45,8,0.001306227
particleSend,45,9,0.001366878
particleRecv,45,0,3.22e-05
particleRecv,45,1,2.965e-05
particleRecv,45,2,3.984e-05
particleRecv,45,3,4.211e-05
particleRecv,45,4,2.823e-05
particleRecv,45,5,3.373e-05
particleRecv,45,6,3.787e-05
particleRecv,45,7,3.676e-05
particleRecv,45,8,3.717e-05
particleRecv,45,9,3.457e-05
particleDestroy,45,0,0.005547412
particleDestroy,45,1,0.005528742
particleDestroy,45,2,0.005516562
particleDestroy,45,3,0.005517022
particleDestroy,45,4,0.005509331
particleDestroy,45,5,0.005530273
particleDestroy,45,6,0.005523042
particleDestroy,45,7,0.005555042
particleDestroy,45,8,0.005548192
particleDestroy,45,9,0.005566532
ScatterPIFNUFFT,45,0,0.518040421
ScatterPIFNUFFT,45,1,0.001110436
ScatterPIFNUFFT,45,2,0.513674345
ScatterPIFNUFFT,45,3,0.001114797
ScatterPIFNUFFT,45,4,0.517602308
ScatterPIFNUFFT,45,5,0.001113237
ScatterPIFNUFFT,45,6,0.517600698
ScatterPIFNUFFT,45,7,0.001116007
ScatterPIFNUFFT,45,8,0.519586169
ScatterPIFNUFFT,45,9,0.001124836
ScatterPIFNUFFT,45,10,0.517569068
ScatterPIFNUFFT,45,11,0.001112116
ScatterPIFNUFFT,45,12,0.517496008
ScatterPIFNUFFT,45,13,0.001115886
ScatterPIFNUFFT,45,14,0.51964805
ScatterPIFNUFFT,45,15,0.001113897
ScatterPIFNUFFT,45,16,0.518215682
ScatterPIFNUFFT,45,17,0.001113947
ScatterPIFNUFFT,45,18,0.514363679
ScatterPIFNUFFT,45,19,0.001120936
NativeNUFFT1,45,0,0.513334653
NativeNUFFT1,45,1,0.50920729
NativeNUFFT1,45,2,0.513624405
NativeNUFFT1,45,3,0.512864701
NativeNUFFT1,45,4,0.514814971
NativeNUFFT1,45,5,0.513023681
NativeNUFFT1,45,6,0.512435998
NativeNUFFT1,45,7,0.515670507
NativeNUFFT1,45,8,0.513478744
NativeNUFFT1,45,9,0.509900393
scatterTimerNUFFT1,45,0,0.039969901
scatterTimerNUFFT1,45,1,0.039806061
scatterTimerNUFFT1,45,2,0.039659779
scatterTimerNUFFT1,45,3,0.03969392
scatterTimerNUFFT1,45,4,0.040860536
scatterTimerNUFFT1,45,5,0.039649829
scatterTimerNUFFT1,45,6,0.03968874
scatterTimerNUFFT1,45,7,0.040727236
scatterTimerNUFFT1,45,8,0.039632919
scatterTimerNUFFT1,45,9,0.03961864
binSort,45,0,0.009959398
binSort,45,1,0.009983698
binSort,45,2,0.009991468
binSort,45,3,0.009984487
binSort,45,4,0.009938468
binSort,45,5,0.009981858
binSort,45,6,0.010023978
binSort,45,7,0.009973218
binSort,45,8,0.009963048
binSort,45,9,0.010000888
binSort,45,10,0.009983388
binSort,45,11,0.009991537
binSort,45,12,0.009956928
binSort,45,13,0.010002368
binSort,45,14,0.009998148
binSort,45,15,0.010004528
binSort,45,16,0.009941457
binSort,45,17,0.009996828
binSort,45,18,0.009984608
binSort,45,19,0.009996618
binSort,45,20,0.009952548
binSort,45,21,0.009998398
binSort,45,22,0.009988267
binSort,45,23,0.009973038
binSort,45,24,0.009960088
binSort,45,25,0.009961978
binSort,45,26,0.009973927
binSort,45,27,0.009962478
binSort,45,28,0.009938628
binSort,45,29,0.009960328
binSort,45,30,0.009973568
binSort,45,31,0.009952268
binSort,45,32,0.009950848
binSort,45,33,0.010057328
binSort,45,34,0.009976747
binSort,45,35,0.009972828
binSort,45,36,0.009945198
binSort,45,37,0.009994068
binSort,45,38,0.009990897
binSort,45,39,0.009972068
binComputeKeys,45,0,0.001082336
binComputeKeys,45,1,0.001086296
binComputeKeys,45,2,0.001087756
binComputeKeys,45,3,0.001082336
binComputeKeys,45,4,0.001081597
binComputeKeys,45,5,0.001087226
binComputeKeys,45,6,0.001083276
binComputeKeys,45,7,0.001086586
binComputeKeys,45,8,0.001081746
binComputeKeys,45,9,0.001084356
binComputeKeys,45,10,0.001083986
binComputeKeys,45,11,0.001083836
binComputeKeys,45,12,0.001082407
binComputeKeys,45,13,0.001080596
binComputeKeys,45,14,0.001084716
binComputeKeys,45,15,0.001089207
binComputeKeys,45,16,0.001081466
binComputeKeys,45,17,0.001084976
binComputeKeys,45,18,0.001084497
binComputeKeys,45,19,0.001084966
binComputeKeys,45,20,0.001081916
binComputeKeys,45,21,0.001085607
binComputeKeys,45,22,0.001084916
binComputeKeys,45,23,0.001084807
binComputeKeys,45,24,0.001085377
binComputeKeys,45,25,0.001084556
binComputeKeys,45,26,0.001084136
binComputeKeys,45,27,0.001084667
binComputeKeys,45,28,0.001083186
binComputeKeys,45,29,0.001088846
binComputeKeys,45,30,0.001082266
binComputeKeys,45,31,0.001081916
binComputeKeys,45,32,0.001079816
binComputeKeys,45,33,0.001090666
binComputeKeys,45,34,0.001082576
binComputeKeys,45,35,0.001081107
binComputeKeys,45,36,0.001080117
binComputeKeys,45,37,0.001083956
binComputeKeys,45,38,0.001085816
binComputeKeys,45,39,0.001084456
binSortByKey,45,0,0.0086045
binSortByKey,45,1,0.00861928
binSortByKey,45,2,0.00862759
binSortByKey,45,3,0.00862547
binSortByKey,45,4,0.00858561
binSortByKey,45,5,0.00861548
binSortByKey,45,6,0.00862063
binSortByKey,45,7,0.00860987
binSortByKey,45,8,0.00860976
binSortByKey,45,9,0.00863907
binSortByKey,45,10,0.00862313
binSortByKey,45,11,0.00863028
binSortByKey,45,12,0.00860285
binSortByKey,45,13,0.00864327
binSortByKey,45,14,0.00863512
binSortByKey,45,15,0.00863959
binSortByKey,45,16,0.00858697
binSortByKey,45,17,0.00863361
binSortByKey,45,18,0.00862258
binSortByKey,45,19,0.00863549
binSortByKey,45,20,0.00859852
binSortByKey,45,21,0.00863675
binSortByKey,45,22,0.00862773
binSortByKey,45,23,0.00861236
binSortByKey,45,24,0.008602079
binSortByKey,45,25,0.00860009
binSortByKey,45,26,0.00861242
binSortByKey,45,27,0.00859614
binSortByKey,45,28,0.00858353
binSortByKey,45,29,0.00859542
binSortByKey,45,30,0.00861363
binSortByKey,45,31,0.00859413
binSortByKey,45,32,0.00859349
binSortByKey,45,33,0.00866855
binSortByKey,45,34,0.00861809
binSortByKey,45,35,0.008615429
binSortByKey,45,36,0.008592639
binSortByKey,45,37,0.00863215
binSortByKey,45,38,0.00862839
binSortByKey,45,39,0.00861106
binComputeOffsets,45,0,0.000262812
binComputeOffsets,45,1,0.000268332
binComputeOffsets,45,2,0.000266772
binComputeOffsets,45,3,0.000267181
binComputeOffsets,45,4,0.000262061
binComputeOffsets,45,5,0.000269232
binComputeOffsets,45,6,0.000310072
binComputeOffsets,45,7,0.000267112
binComputeOffsets,45,8,0.000262322
binComputeOffsets,45,9,0.000267592
binComputeOffsets,45,10,0.000267012
binComputeOffsets,45,11,0.000268051
binComputeOffsets,45,12,0.000262451
binComputeOffsets,45,13,0.000269232
binComputeOffsets,45,14,0.000268972
binComputeOffsets,45,15,0.000266481
binComputeOffsets,45,16,0.000262651
binComputeOffsets,45,17,0.000268302
binComputeOffsets,45,18,0.000268011
binComputeOffsets,45,19,0.000266281
binComputeOffsets,45,20,0.000262892
binComputeOffsets,45,21,0.000266801
binComputeOffsets,45,22,0.000266171
binComputeOffsets,45,23,0.000266421
binComputeOffsets,45,24,0.000262432
binComputeOffsets,45,25,0.000267672
binComputeOffsets,45,26,0.000267911
binComputeOffsets,45,27,0.000266051
binComputeOffsets,45,28,0.000262322
binComputeOffsets,45,29,0.000266402
binComputeOffsets,45,30,0.000267732
binComputeOffsets,45,31,0.000266802
binComputeOffsets,45,32,0.000262572
binComputeOffsets,45,33,0.000278811
binComputeOffsets,45,34,0.000266211
binComputeOffsets,45,35,0.000266961
binComputeOffsets,45,36,0.000263242
binComputeOffsets,45,37,0.000267282
binComputeOffsets,45,38,0.000266641
binComputeOffsets,45,39,0.000267282
FFTNUFFT1,45,0,0.472535117
FFTNUFFT1,45,1,0.468567824
FFTNUFFT1,45,2,0.47313181
FFTNUFFT1,45,3,0.472336806
FFTNUFFT1,45,4,0.473123281
FFTNUFFT1,45,5,0.472541617
FFTNUFFT1,45,6,0.471916433
FFTNUFFT1,45,7,0.474102056
FFTNUFFT1,45,8,0.47300972
FFTNUFFT1,45,9,0.469431719
deconvolutionNUFFT1,45,0,0.000818415
deconvolutionNUFFT1,45,1,0.000821965
deconvolutionNUFFT1,45,2,0.000821415
deconvolutionNUFFT1,45,3,0.000821255
deconvolutionNUFFT1,45,4,0.000818394
deconvolutionNUFFT1,45,5,0.000820925
deconvolutionNUFFT1,45,6,0.000819625
deconvolutionNUFFT1,45,7,0.000829435
deconvolutionNUFFT1,45,8,0.000821155
deconvolutionNUFFT1,45,9,0.000838384
GatherPIFNUFFT,45,0,1.567249958
GatherPIFNUFFT,45,1,1.576772783
GatherPIFNUFFT,45,2,1.57274293
GatherPIFNUFFT,45,3,1.572216317
GatherPIFNUFFT,45,4,1.570249445
GatherPIFNUFFT,45,5,1.570473947
GatherPIFNUFFT,45,6,1.569742322
GatherPIFNUFFT,45,7,1.570155945
GatherPIFNUFFT,45,8,1.569579831
GatherPIFNUFFT,45,9,1.57279269
NativeNUFFT2,45,0,0.523282301
NativeNUFFT2,45,1,0.51274757
NativeNUFFT2,45,2,0.514792242
NativeNUFFT2,45,3,0.531288517
NativeNUFFT2,45,4,0.51448216
NativeNUFFT2,45,5,0.514586271
NativeNUFFT2,45,6,0.525354153
NativeNUFFT2,45,7,0.513757776
NativeNUFFT2,45,8,0.517186796
NativeNUFFT2,45,9,0.526348359
NativeNUFFT2,45,10,0.513436084
NativeNUFFT2,45,11,0.516016429
NativeNUFFT2,45,12,0.527259134
NativeNUFFT2,45,13,0.513165512
NativeNUFFT2,45,14,0.513348013
NativeNUFFT2,45,15,0.525247612
NativeNUFFT2,45,16,0.515184834
NativeNUFFT2,45,17,0.513636545
NativeNUFFT2,45,18,0.528679402
NativeNUFFT2,45,19,0.511785484
NativeNUFFT2,45,20,0.512864891
NativeNUFFT2,45,21,0.527536015
NativeNUFFT2,45,22,0.512066786
NativeNUFFT2,45,23,0.514122618
NativeNUFFT2,45,24,0.524113135
NativeNUFFT2,45,25,0.514644301
NativeNUFFT2,45,26,0.514408889
NativeNUFFT2,45,27,0.528000138
NativeNUFFT2,45,28,0.513956027
NativeNUFFT2,45,29,0.514300889
PrecorrectionNUFFT2,45,0,0.001240378
PrecorrectionNUFFT2,45,1,0.001206037
PrecorrectionNUFFT2,45,2,0.001207868
PrecorrectionNUFFT2,45,3,0.001240697
PrecorrectionNUFFT2,45,4,0.001204957
PrecorrectionNUFFT2,45,5,0.001203937
PrecorrectionNUFFT2,45,6,0.001242917
PrecorrectionNUFFT2,45,7,0.001209647
PrecorrectionNUFFT2,45,8,0.001201107
PrecorrectionNUFFT2,45,9,0.001245157
PrecorrectionNUFFT2,45,10,0.001202917
PrecorrectionNUFFT2,45,11,0.001204047
PrecorrectionNUFFT2,45,12,0.001239927
PrecorrectionNUFFT2,45,13,0.001206757
PrecorrectionNUFFT2,45,14,0.001204627
PrecorrectionNUFFT2,45,15,0.001240817
PrecorrectionNUFFT2,45,16,0.001205067
PrecorrectionNUFFT2,45,17,0.001206607
PrecorrectionNUFFT2,45,18,0.001241927
PrecorrectionNUFFT2,45,19,0.001206817
PrecorrectionNUFFT2,45,20,0.001206907
PrecorrectionNUFFT2,45,21,0.001242977
PrecorrectionNUFFT2,45,22,0.001205937
PrecorrectionNUFFT2,45,23,0.001207437
PrecorrectionNUFFT2,45,24,0.001245467
PrecorrectionNUFFT2,45,25,0.001214356
PrecorrectionNUFFT2,45,26,0.001203996
PrecorrectionNUFFT2,45,27,0.001237547
PrecorrectionNUFFT2,45,28,0.001205237
PrecorrectionNUFFT2,45,29,0.001203487
FFTNUFFT2,45,0,0.48866658
FFTNUFFT2,45,1,0.474481129
FFTNUFFT2,45,2,0.476306488
FFTNUFFT2,45,3,0.484890389
FFTNUFFT2,45,4,0.472797379
FFTNUFFT2,45,5,0.477245875
FFTNUFFT2,45,6,0.484380446
FFTNUFFT2,45,7,0.474908561
FFTNUFFT2,45,8,0.47657226
FFTNUFFT2,45,9,0.485038
FFTNUFFT2,45,10,0.471722672
FFTNUFFT2,45,11,0.474482838
FFTNUFFT2,45,12,0.489893608
FFTNUFFT2,45,13,0.475831216
FFTNUFFT2,45,14,0.477684686
FFTNUFFT2,45,15,0.487271292
FFTNUFFT2,45,16,0.477251084
FFTNUFFT2,45,17,0.474614799
FFTNUFFT2,45,18,0.489802017
FFTNUFFT2,45,19,0.476618101
FFTNUFFT2,45,20,0.477008193
FFTNUFFT2,45,21,0.489808607
FFTNUFFT2,45,22,0.475060992
FFTNUFFT2,45,23,0.478331031
FFTNUFFT2,45,24,0.486319637
FFTNUFFT2,45,25,0.478038988
FFTNUFFT2,45,26,0.477119163
FFTNUFFT2,45,27,0.493465958
FFTNUFFT2,45,28,0.476767671
FFTNUFFT2,45,29,0.474607909
GatherNUFFT2,45,0,0.033355483
GatherNUFFT2,45,1,0.037040414
GatherNUFFT2,45,2,0.037257976
GatherNUFFT2,45,3,0.045133051
GatherNUFFT2,45,4,0.040460534
GatherNUFFT2,45,5,0.036117039
GatherNUFFT2,45,6,0.03971088
GatherNUFFT2,45,7,0.037619758
GatherNUFFT2,45,8,0.039393599
GatherNUFFT2,45,9,0.040045972
GatherNUFFT2,45,10,0.040490485
GatherNUFFT2,45,11,0.040309864
GatherNUFFT2,45,12,0.036106069
GatherNUFFT2,45,13,0.036107409
GatherNUFFT2,45,14,0.03443902
GatherNUFFT2,45,15,0.036715723
GatherNUFFT2,45,16,0.036708133
GatherNUFFT2,45,17,0.037795829
GatherNUFFT2,45,18,0.037616038
GatherNUFFT2,45,19,0.033940206
GatherNUFFT2,45,20,0.034629821
GatherNUFFT2,45,21,0.036465461
GatherNUFFT2,45,22,0.035780377
GatherNUFFT2,45,23,0.03456433
GatherNUFFT2,45,24,0.036523971
GatherNUFFT2,45,25,0.035369564
GatherNUFFT2,45,26,0.036066539
GatherNUFFT2,45,27,0.033276903
GatherNUFFT2,45,28,0.035962569
GatherNUFFT2,45,29,0.038464953
mainTimer,46,0,21.264698459
dumpData,46,0,0.013010855
dumpData,46,1,0.013160636
dumpData,46,2,0.013025415
dumpData,46,3,0.012984015
dumpData,46,4,0.011670937
dumpData,46,5,0.012935495
dumpData,46,6,0.011880969
dumpData,46,7,0.01205703
dumpData,46,8,0.013110906
dumpData,46,9,0.012858225
kick,46,0,0.00170618
kick,46,1,0.001767171
kick,46,2,0.00170349
kick,46,3,0.0017663
kick,46,4,0.00170854
kick,46,5,0.00176698
kick,46,6,0.00170474
kick,46,7,0.00176654
kick,46,8,0.00170306
kick,46,9,0.001766941
kick,46,10,0.00173055
kick,46,11,0.001769061
kick,46,12,0.00170522
kick,46,13,0.001766121
kick,46,14,0.00172514
kick,46,15,0.00176982
kick,46,16,0.00172245
kick,46,17,0.001766341
kick,46,18,0.00170645
kick,46,19,0.00177769
drift,46,0,0.00172124
drift,46,1,0.00172133
drift,46,2,0.00172087
drift,46,3,0.00172007
drift,46,4,0.00172026
drift,46,5,0.00172343
drift,46,6,0.00172281
drift,46,7,0.00171839
drift,46,8,0.00171682
drift,46,9,0.0017192
particleBC,46,0,0.00348846
particleBC,46,1,0.00349098
particleBC,46,2,0.0034868
particleBC,46,3,0.00348606
particleBC,46,4,0.00349275
particleBC,46,5,0.003494041
particleBC,46,6,0.00349389
particleBC,46,7,0.00349357
particleBC,46,8,0.00349469
particleBC,46,9,0.00349003
updateParticle,46,0,0.014310293
updateParticle,46,1,0.011941829
updateParticle,46,2,0.013891771
updateParticle,46,3,0.014124012
updateParticle,46,4,0.011391436
updateParticle,46,5,0.013076945
updateParticle,46,6,0.013503978
updateParticle,46,7,0.012700973
updateParticle,46,8,0.012450662
updateParticle,46,9,0.011470816
locateParticles,46,0,0.001469939
locateParticles,46,1,0.001480679
locateParticles,46,2,0.001462249
locateParticles,46,3,0.001469289
locateParticles,46,4,0.001461639
locateParticles,46,5,0.001482268
locateParticles,46,6,0.001462198
locateParticles,46,7,0.001475208
locateParticles,46,8,0.001485789
locateParticles,46,9,0.001461838
sendPreprocess,46,0,0.001282477
sendPreprocess,46,1,0.001330857
sendPreprocess,46,2,0.001349768
sendPreprocess,46,3,0.001345008
sendPreprocess,46,4,0.001358318
sendPreprocess,46,5,0.001289968
sendPreprocess,46,6,0.001333148
sendPreprocess,46,7,0.001347448
sendPreprocess,46,8,0.001359848
sendPreprocess,46,9,0.001451419
particleSend,46,0,0.001322638
particleSend,46,1,0.001219668
particleSend,46,2,0.001263597
particleSend,46,3,0.001256727
particleSend,46,4,0.001199017
particleSend,46,5,0.001266297
particleSend,46,6,0.001258107
particleSend,46,7,0.001301618
particleSend,46,8,0.001260507
particleSend,46,9,0.001212257
particleRecv,46,0,3.412e-05
particleRecv,46,1,3.623e-05
particleRecv,46,2,3.675e-05
particleRecv,46,3,3.746e-05
particleRecv,46,4,2.938e-05
particleRecv,46,5,3.477e-05
particleRecv,46,6,3.8191e-05
particleRecv,46,7,3.684e-05
particleRecv,46,8,3.841e-05
particleRecv,46,9,2.93e-05
particleDestroy,46,0,0.005010369
particleDestroy,46,1,0.005000859
particleDestroy,46,2,0.004995749
particleDestroy,46,3,0.005005579
particleDestroy,46,4,0.004976219
particleDestroy,46,5,0.004996189
particleDestroy,46,6,0.005015209
particleDestroy,46,7,0.005017739
particleDestroy,46,8,0.005011109
particleDestroy,46,9,0.005004329
ScatterPIFNUFFT,46,0,0.512404158
ScatterPIFNUFFT,46,1,0.001109747
ScatterPIFNUFFT,46,2,0.513640786
ScatterPIFNUFFT,46,3,0.001118577
ScatterPIFNUFFT,46,4,0.516039909
ScatterPIFNUFFT,46,5,0.001117546
ScatterPIFNUFFT,46,6,0.521837293
ScatterPIFNUFFT,46,7,0.001113236
ScatterPIFNUFFT,46,8,0.520252204
ScatterPIFNUFFT,46,9,0.001115796
ScatterPIFNUFFT,46,10,0.513799895
ScatterPIFNUFFT,46,11,0.001116637
ScatterPIFNUFFT,46,12,0.515992909
ScatterPIFNUFFT,46,13,0.001114756
ScatterPIFNUFFT,46,14,0.513464924
ScatterPIFNUFFT,46,15,0.001109046
ScatterPIFNUFFT,46,16,0.516897664
ScatterPIFNUFFT,46,17,0.001111007
ScatterPIFNUFFT,46,18,0.516816023
ScatterPIFNUFFT,46,19,0.001111076
NativeNUFFT1,46,0,0.508170243
NativeNUFFT1,46,1,0.509976704
NativeNUFFT1,46,2,0.512096046
NativeNUFFT1,46,3,0.517138325
NativeNUFFT1,46,4,0.515366955
NativeNUFFT1,46,5,0.509080679
NativeNUFFT1,46,6,0.511265421
NativeNUFFT1,46,7,0.508965998
NativeNUFFT1,46,8,0.512145156
NativeNUFFT1,46,9,0.512014925
scatterTimerNUFFT1,46,0,0.038796455
scatterTimerNUFFT1,46,1,0.039908441
scatterTimerNUFFT1,46,2,0.039839891
scatterTimerNUFFT1,46,3,0.038753144
scatterTimerNUFFT1,46,4,0.039859201
scatterTimerNUFFT1,46,5,0.038912285
scatterTimerNUFFT1,46,6,0.038400642
scatterTimerNUFFT1,46,7,0.038640394
scatterTimerNUFFT1,46,8,0.038853225
scatterTimerNUFFT1,46,9,0.038659303
binSort,46,0,0.008793851
binSort,46,1,0.008816041
binSort,46,2,0.008812141
binSort,46,3,0.008802221
binSort,46,4,0.008794221
binSort,46,5,0.008810711
binSort,46,6,0.008813081
binSort,46,7,0.008812931
binSort,46,8,0.008781611
binSort,46,9,0.008811781
binSort,46,10,0.008815721
binSort,46,11,0.008802491
binSort,46,12,0.008780421
binSort,46,13,0.008819921
binSort,46,14,0.008813551
binSort,46,15,0.008805771
binSort,46,16,0.008782441
binSort,46,17,0.008818681
binSort,46,18,0.008827661
binSort,46,19,0.008797161
binSort,46,20,0.008801381
binSort,46,21,0.008815201
binSort,46,22,0.008824512
binSort,46,23,0.008824851
binSort,46,24,0.008768891
binSort,46,25,0.008840281
binSort,46,26,0.008829221
binSort,46,27,0.008832161
binSort,46,28,0.008784271
binSort,46,29,0.008828251
binSort,46,30,0.008813031
binSort,46,31,0.008813131
binSort,46,32,0.008786791
binSort,46,33,0.008827421
binSort,46,34,0.008811951
binSort,46,35,0.008820301
binSort,46,36,0.008788341
binSort,46,37,0.008833241
binSort,46,38,0.008897951
binSort,46,39,0.008823811
binComputeKeys,46,0,0.000954986
binComputeKeys,46,1,0.000954965
binComputeKeys,46,2,0.000957435
binComputeKeys,46,3,0.000954645
binComputeKeys,46,4,0.000955346
binComputeKeys,46,5,0.000955376
binComputeKeys,46,6,0.000954365
binComputeKeys,46,7,0.000954596
binComputeKeys,46,8,0.000956016
binComputeKeys,46,9,0.000957585
binComputeKeys,46,10,0.000959116
binComputeKeys,46,11,0.000955216
binComputeKeys,46,12,0.000957616
binComputeKeys,46,13,0.000958346
binComputeKeys,46,14,0.000956195
binComputeKeys,46,15,0.000957965
binComputeKeys,46,16,0.000957346
binComputeKeys,46,17,0.000957306
binComputeKeys,46,18,0.000955355
binComputeKeys,46,19,0.000956235
binComputeKeys,46,20,0.000956726
binComputeKeys,46,21,0.000959155
binComputeKeys,46,22,0.000955776
binComputeKeys,46,23,0.000956755
binComputeKeys,46,24,0.000953956
binComputeKeys,46,25,0.000956576
binComputeKeys,46,26,0.000955766
binComputeKeys,46,27,0.000957625
binComputeKeys,46,28,0.000958516
binComputeKeys,46,29,0.000957505
binComputeKeys,46,30,0.000958176
binComputeKeys,46,31,0.000955905
binComputeKeys,46,32,0.000958376
binComputeKeys,46,33,0.000957165
binComputeKeys,46,34,0.000956946
binComputeKeys,46,35,0.000958416
binComputeKeys,46,36,0.000956495
binComputeKeys,46,37,0.000959096
binComputeKeys,46,38,0.000964265
binComputeKeys,46,39,0.000957246
binSortByKey,46,0,0.007592274
binSortByKey,46,1,0.007609934
binSortByKey,46,2,0.007603335
binSortByKey,46,3,0.007595694
binSortByKey,46,4,0.007591914
binSortByKey,46,5,0.007603494
binSortByKey,46,6,0.007607914
binSortByKey,46,7,0.007607154
binSortByKey,46,8,0.007579514
binSortByKey,46,9,0.007602594
binSortByKey,46,10,0.007605214
binSortByKey,46,11,0.007594554
binSortByKey,46,12,0.007575274
binSortByKey,46,13,0.007608304
binSortByKey,46,14,0.007605504
binSortByKey,46,15,0.007596364
binSortByKey,46,16,0.007578414
binSortByKey,46,17,0.007607704
binSortByKey,46,18,0.007619525
binSortByKey,46,19,0.007589714
binSortByKey,46,20,0.007597984
binSortByKey,46,21,0.007603984
binSortByKey,46,22,0.007616854
binSortByKey,46,23,0.007617024
binSortByKey,46,24,0.007568594
binSortByKey,46,25,0.007630774
binSortByKey,46,26,0.007622864
binSortByKey,46,27,0.007622675
binSortByKey,46,28,0.007578904
binSortByKey,46,29,0.007617575
binSortByKey,46,30,0.007603374
binSortByKey,46,31,0.007605424
binSortByKey,46,32,0.007579854
binSortByKey,46,33,0.007618154
binSortByKey,46,34,0.007603684
binSortByKey,46,35,0.007609444
binSortByKey,46,36,0.007584794
binSortByKey,46,37,0.007620354
binSortByKey,46,38,0.007657705
binSortByKey,46,39,0.007603784
binComputeOffsets,46,0,0.000237401
binComputeOffsets,46,1,0.000241972
binComputeOffsets,46,2,0.000241981
binComputeOffsets,46,3,0.000241812
binComputeOffsets,46,4,0.000237671
binComputeOffsets,46,5,0.000242591
binComputeOffsets,46,6,0.000241572
binComputeOffsets,46,7,0.000241891
binComputeOffsets,46,8,0.000236881
binComputeOffsets,46,9,0.000242312
binComputeOffsets,46,10,0.000242161
binComputeOffsets,46,11,0.000242781
binComputeOffsets,46,12,0.000237591
binComputeOffsets,46,13,0.000243821
binComputeOffsets,46,14,0.000242562
binComputeOffsets,46,15,0.000242132
binComputeOffsets,46,16,0.000237091
binComputeOffsets,46,17,0.000243651
binComputeOffsets,46,18,0.000243341
binComputeOffsets,46,19,0.000241572
binComputeOffsets,46,20,0.000237321
binComputeOffsets,46,21,0.000242552
binComputeOffsets,46,22,0.000241592
binComputeOffsets,46,23,0.000241682
binComputeOffsets,46,24,0.000237131
binComputeOffsets,46,25,0.000243051
binComputeOffsets,46,26,0.000241171
binComputeOffsets,46,27,0.000242501
binComputeOffsets,46,28,0.000237441
binComputeOffsets,46,29,0.000243001
binComputeOffsets,46,30,0.000241961
binComputeOffsets,46,31,0.000242412
binComputeOffsets,46,32,0.000237611
binComputeOffsets,46,33,0.000242752
binComputeOffsets,46,34,0.000241941
binComputeOffsets,46,35,0.000242221
binComputeOffsets,46,36,0.000237862
binComputeOffsets,46,37,0.000244001
binComputeOffsets,46,38,0.000260091
binComputeOffsets,46,39,0.000253411
FFTNUFFT1,46,0,0.468891036
FFTNUFFT1,46,1,0.46959178
FFTNUFFT1,46,2,0.471780842
FFTNUFFT1,46,3,0.477900258
FFTNUFFT1,46,4,0.475026881
FFTNUFFT1,46,5,0.469690481
FFTNUFFT1,46,6,0.472379336
FFTNUFFT1,46,7,0.469849811
FFTNUFFT1,46,8,0.472789199
FFTNUFFT1,46,9,0.47288197
deconvolutionNUFFT1,46,0,0.000471492
deconvolutionNUFFT1,46,1,0.000464683
deconvolutionNUFFT1,46,2,0.000463763
deconvolutionNUFFT1,46,3,0.000473583
deconvolutionNUFFT1,46,4,0.000468063
deconvolutionNUFFT1,46,5,0.000466573
deconvolutionNUFFT1,46,6,0.000474023
deconvolutionNUFFT1,46,7,0.000464393
deconvolutionNUFFT1,46,8,0.000482502
deconvolutionNUFFT1,46,9,0.000462602
GatherPIFNUFFT,46,0,1.570160784
GatherPIFNUFFT,46,1,1.575424145
GatherPIFNUFFT,46,2,1.573646324
GatherPIFNUFFT,46,3,1.56592561
GatherPIFNUFFT,46,4,1.568498105
GatherPIFNUFFT,46,5,1.572400767
GatherPIFNUFFT,46,6,1.569818452
GatherPIFNUFFT,46,7,1.57449786
GatherPIFNUFFT,46,8,1.568917097
GatherPIFNUFFT,46,9,1.568840447
NativeNUFFT2,46,0,0.527511955
NativeNUFFT2,46,1,0.512461468
NativeNUFFT2,46,2,0.515254995
NativeNUFFT2,46,3,0.531566079
NativeNUFFT2,46,4,0.514791932
NativeNUFFT2,46,5,0.514077458
NativeNUFFT2,46,6,0.52656078
NativeNUFFT2,46,7,0.51452782
NativeNUFFT2,46,8,0.517616848
NativeNUFFT2,46,9,0.520823547
NativeNUFFT2,46,10,0.514714831
NativeNUFFT2,46,11,0.515449435
NativeNUFFT2,46,12,0.525263912
NativeNUFFT2,46,13,0.513359914
NativeNUFFT2,46,14,0.514938543
NativeNUFFT2,46,15,0.527531875
NativeNUFFT2,46,16,0.515715927
NativeNUFFT2,46,17,0.514257349
NativeNUFFT2,46,18,0.527920698
NativeNUFFT2,46,19,0.512086336
NativeNUFFT2,46,20,0.51440844
NativeNUFFT2,46,21,0.531305047
NativeNUFFT2,46,22,0.513036562
NativeNUFFT2,46,23,0.515241055
NativeNUFFT2,46,24,0.524426788
NativeNUFFT2,46,25,0.515103323
NativeNUFFT2,46,26,0.51449532
NativeNUFFT2,46,27,0.525605734
NativeNUFFT2,46,28,0.514328779
NativeNUFFT2,46,29,0.513997557
PrecorrectionNUFFT2,46,0,0.000883975
PrecorrectionNUFFT2,46,1,0.000857915
PrecorrectionNUFFT2,46,2,0.000861855
PrecorrectionNUFFT2,46,3,0.000883565
PrecorrectionNUFFT2,46,4,0.000864455
PrecorrectionNUFFT2,46,5,0.000863425
PrecorrectionNUFFT2,46,6,0.000885285
PrecorrectionNUFFT2,46,7,0.000864115
PrecorrectionNUFFT2,46,8,0.000861355
PrecorrectionNUFFT2,46,9,0.000890665
PrecorrectionNUFFT2,46,10,0.000861375
PrecorrectionNUFFT2,46,11,0.000860205
PrecorrectionNUFFT2,46,12,0.000884275
PrecorrectionNUFFT2,46,13,0.000865915
PrecorrectionNUFFT2,46,14,0.000870565
PrecorrectionNUFFT2,46,15,0.000883945
PrecorrectionNUFFT2,46,16,0.000861765
PrecorrectionNUFFT2,46,17,0.000859375
PrecorrectionNUFFT2,46,18,0.000888995
PrecorrectionNUFFT2,46,19,0.000859865
PrecorrectionNUFFT2,46,20,0.000859135
PrecorrectionNUFFT2,46,21,0.000889505
PrecorrectionNUFFT2,46,22,0.000864595
PrecorrectionNUFFT2,46,23,0.000872615
PrecorrectionNUFFT2,46,24,0.000889485
PrecorrectionNUFFT2,46,25,0.000867335
PrecorrectionNUFFT2,46,26,0.000860275
PrecorrectionNUFFT2,46,27,0.000889945
PrecorrectionNUFFT2,46,28,0.000862305
PrecorrectionNUFFT2,46,29,0.000876425
FFTNUFFT2,46,0,0.484494937
FFTNUFFT2,46,1,0.470283734
FFTNUFFT2,46,2,0.474954351
FFTNUFFT2,46,3,0.4902831
FFTNUFFT2,46,4,0.474155317
FFTNUFFT2,46,5,0.479079345
FFTNUFFT2,46,6,0.483637571
FFTNUFFT2,46,7,0.474551689
FFTNUFFT2,46,8,0.475358983
FFTNUFFT2,46,9,0.47470365
FFTNUFFT2,46,10,0.476920373
FFTNUFFT2,46,11,0.47317383
FFTNUFFT2,46,12,0.478076369
FFTNUFFT2,46,13,0.475843717
FFTNUFFT2,46,14,0.474993862
FFTNUFFT2,46,15,0.488483099
FFTNUFFT2,46,16,0.47486163
FFTNUFFT2,46,17,0.472574517
FFTNUFFT2,46,18,0.485260721
FFTNUFFT2,46,19,0.469417329
FFTNUFFT2,46,20,0.474334108
FFTNUFFT2,46,21,0.485491522
FFTNUFFT2,46,22,0.473498273
FFTNUFFT2,46,23,0.473457083
FFTNUFFT2,46,24,0.484857749
FFTNUFFT2,46,25,0.471546491
FFTNUFFT2,46,26,0.476921022
FFTNUFFT2,46,27,0.486368507
FFTNUFFT2,46,28,0.475463284
FFTNUFFT2,46,29,0.471196459
GatherNUFFT2,46,0,0.042113283
GatherNUFFT2,46,1,0.041299369
GatherNUFFT2,46,2,0.039417969
GatherNUFFT2,46,3,0.040379804
GatherNUFFT2,46,4,0.03975205
GatherNUFFT2,46,5,0.034114538
GatherNUFFT2,46,6,0.042018454
GatherNUFFT2,46,7,0.039091516
GatherNUFFT2,46,8,0.0413772
GatherNUFFT2,46,9,0.045209432
GatherNUFFT2,46,10,0.036913193
GatherNUFFT2,46,11,0.041395699
GatherNUFFT2,46,12,0.046283278
GatherNUFFT2,46,13,0.036628852
GatherNUFFT2,46,14,0.039053466
GatherNUFFT2,46,15,0.038143751
GatherNUFFT2,46,16,0.039971592
GatherNUFFT2,46,17,0.040803557
GatherNUFFT2,46,18,0.041750682
GatherNUFFT2,46,19,0.041789162
GatherNUFFT2,46,20,0.039195567
GatherNUFFT2,46,21,0.04490399
GatherNUFFT2,46,22,0.038653654
GatherNUFFT2,46,23,0.040891777
GatherNUFFT2,46,24,0.038658663
GatherNUFFT2,46,25,0.042668927
GatherNUFFT2,46,26,0.036693973
GatherNUFFT2,46,27,0.038327372
GatherNUFFT2,46,28,0.03798039
GatherNUFFT2,46,29,0.041903563
mainTimer,47,0,21.264709789
dumpData,47,0,0.011884399
dumpData,47,1,0.011270655
dumpData,47,2,0.011017024
dumpData,47,3,0.011858808
dumpData,47,4,0.009707106
dumpData,47,5,0.011095195
dumpData,47,6,0.009898148
dumpData,47,7,0.009949488
dumpData,47,8,0.011155515
dumpData,47,9,0.010960874
kick,47,0,0.001849651
kick,47,1,0.001881671
kick,47,2,0.001829471
kick,47,3,0.001882221
kick,47,4,0.001848491
kick,47,5,0.001883491
kick,47,6,0.001854991
kick,47,7,0.0018815
kick,47,8,0.001830431
kick,47,9,0.001879771
kick,47,10,0.001875141
kick,47,11,0.001882481
kick,47,12,0.00184741
kick,47,13,0.001884951
kick,47,14,0.001876791
kick,47,15,0.001886911
kick,47,16,0.001876631
kick,47,17,0.001882111
kick,47,18,0.00184795
kick,47,19,0.0018803
drift,47,0,0.0018317
drift,47,1,0.0018327
drift,47,2,0.00183263
drift,47,3,0.001829681
drift,47,4,0.00183031
drift,47,5,0.001837731
drift,47,6,0.001829791
drift,47,7,0.00183627
drift,47,8,0.00183887
drift,47,9,0.001833401
particleBC,47,0,0.003723762
particleBC,47,1,0.003716172
particleBC,47,2,0.003723432
particleBC,47,3,0.003722231
particleBC,47,4,0.003720871
particleBC,47,5,0.003719101
particleBC,47,6,0.003718442
particleBC,47,7,0.003717152
particleBC,47,8,0.003721282
particleBC,47,9,0.003716912
updateParticle,47,0,0.014184692
updateParticle,47,1,0.01214027
updateParticle,47,2,0.01380067
updateParticle,47,3,0.014389444
updateParticle,47,4,0.011375786
updateParticle,47,5,0.012649004
updateParticle,47,6,0.013610178
updateParticle,47,7,0.012301001
updateParticle,47,8,0.01210486
updateParticle,47,9,0.011144134
locateParticles,47,0,0.001570529
locateParticles,47,1,0.001561029
locateParticles,47,2,0.001578589
locateParticles,47,3,0.001569539
locateParticles,47,4,0.001546679
locateParticles,47,5,0.001557469
locateParticles,47,6,0.001565219
locateParticles,47,7,0.001552729
locateParticles,47,8,0.001605639
locateParticles,47,9,0.001571539
sendPreprocess,47,0,0.000708204
sendPreprocess,47,1,0.000786844
sendPreprocess,47,2,0.000746095
sendPreprocess,47,3,0.000748395
sendPreprocess,47,4,0.000806235
sendPreprocess,47,5,0.000736755
sendPreprocess,47,6,0.000755194
sendPreprocess,47,7,0.000770504
sendPreprocess,47,8,0.000732765
sendPreprocess,47,9,0.000863825
particleSend,47,0,0.001266328
particleSend,47,1,0.001265808
particleSend,47,2,0.001290417
particleSend,47,3,0.001269017
particleSend,47,4,0.001201767
particleSend,47,5,0.001380928
particleSend,47,6,0.001203677
particleSend,47,7,0.001211507
particleSend,47,8,0.001270177
particleSend,47,9,0.001215857
particleRecv,47,0,3.185e-05
particleRecv,47,1,3.696e-05
particleRecv,47,2,3.804e-05
particleRecv,47,3,3.517e-05
particleRecv,47,4,3.425e-05
particleRecv,47,5,4.03e-05
particleRecv,47,6,3.759e-05
particleRecv,47,7,3.6701e-05
particleRecv,47,8,3.859e-05
particleRecv,47,9,3.423e-05
particleDestroy,47,0,0.005390251
particleDestroy,47,1,0.005376361
particleDestroy,47,2,0.005403162
particleDestroy,47,3,0.005386131
particleDestroy,47,4,0.005389411
particleDestroy,47,5,0.005387641
particleDestroy,47,6,0.005386301
particleDestroy,47,7,0.005409171
particleDestroy,47,8,0.005434812
particleDestroy,47,9,0.005391031
ScatterPIFNUFFT,47,0,0.512302648
ScatterPIFNUFFT,47,1,0.001112236
ScatterPIFNUFFT,47,2,0.508763437
ScatterPIFNUFFT,47,3,0.001109616
ScatterPIFNUFFT,47,4,0.510790089
ScatterPIFNUFFT,47,5,0.001114996
ScatterPIFNUFFT,47,6,0.508268614
ScatterPIFNUFFT,47,7,0.001115996
ScatterPIFNUFFT,47,8,0.515236894
ScatterPIFNUFFT,47,9,0.001116487
ScatterPIFNUFFT,47,10,0.512209397
ScatterPIFNUFFT,47,11,0.001117737
ScatterPIFNUFFT,47,12,0.512591869
ScatterPIFNUFFT,47,13,0.001115277
ScatterPIFNUFFT,47,14,0.50747152
ScatterPIFNUFFT,47,15,0.001112617
ScatterPIFNUFFT,47,16,0.512526129
ScatterPIFNUFFT,47,17,0.001124086
ScatterPIFNUFFT,47,18,0.513701716
ScatterPIFNUFFT,47,19,0.001116856
NativeNUFFT1,47,0,0.508209313
NativeNUFFT1,47,1,0.504204101
NativeNUFFT1,47,2,0.506621234
NativeNUFFT1,47,3,0.504061749
NativeNUFFT1,47,4,0.510599797
NativeNUFFT1,47,5,0.507352588
NativeNUFFT1,47,6,0.508207213
NativeNUFFT1,47,7,0.502985433
NativeNUFFT1,47,8,0.507733371
NativeNUFFT1,47,9,0.508949618
scatterTimerNUFFT1,47,0,0.039399678
scatterTimerNUFFT1,47,1,0.039095437
scatterTimerNUFFT1,47,2,0.039613379
scatterTimerNUFFT1,47,3,0.038915805
scatterTimerNUFFT1,47,4,0.040139792
scatterTimerNUFFT1,47,5,0.039135726
scatterTimerNUFFT1,47,6,0.038897115
scatterTimerNUFFT1,47,7,0.038951126
scatterTimerNUFFT1,47,8,0.038965155
scatterTimerNUFFT1,47,9,0.039011736
binSort,47,0,0.009346004
binSort,47,1,0.009384924
binSort,47,2,0.009377774
binSort,47,3,0.009379744
binSort,47,4,0.009346964
binSort,47,5,0.009383655
binSort,47,6,0.009376504
binSort,47,7,0.009389834
binSort,47,8,0.009339724
binSort,47,9,0.009391295
binSort,47,10,0.009378794
binSort,47,11,0.009382674
binSort,47,12,0.009345224
binSort,47,13,0.009408915
binSort,47,14,0.009392824
binSort,47,15,0.009390895
binSort,47,16,0.009349424
binSort,47,17,0.009387184
binSort,47,18,0.009381105
binSort,47,19,0.009381704
binSort,47,20,0.009332934
binSort,47,21,0.009393334
binSort,47,22,0.009372115
binSort,47,23,0.009379625
binSort,47,24,0.009354034
binSort,47,25,0.009393844
binSort,47,26,0.009384454
binSort,47,27,0.009370895
binSort,47,28,0.009325354
binSort,47,29,0.009382015
binSort,47,30,0.009375134
binSort,47,31,0.009442945
binSort,47,32,0.009339024
binSort,47,33,0.009381635
binSort,47,34,0.009377654
binSort,47,35,0.009371685
binSort,47,36,0.009337114
binSort,47,37,0.009382805
binSort,47,38,0.009377884
binSort,47,39,0.009374594
binComputeKeys,47,0,0.001015696
binComputeKeys,47,1,0.001018396
binComputeKeys,47,2,0.001018936
binComputeKeys,47,3,0.001017526
binComputeKeys,47,4,0.001017956
binComputeKeys,47,5,0.001019286
binComputeKeys,47,6,0.001020066
binComputeKeys,47,7,0.001020366
binComputeKeys,47,8,0.001016216
binComputeKeys,47,9,0.001018976
binComputeKeys,47,10,0.001019376
binComputeKeys,47,11,0.001019986
binComputeKeys,47,12,0.001018586
binComputeKeys,47,13,0.001020266
binComputeKeys,47,14,0.001019846
binComputeKeys,47,15,0.001016886
binComputeKeys,47,16,0.001019276
binComputeKeys,47,17,0.001019176
binComputeKeys,47,18,0.001018146
binComputeKeys,47,19,0.001025116
binComputeKeys,47,20,0.001015276
binComputeKeys,47,21,0.001017916
binComputeKeys,47,22,0.001017906
binComputeKeys,47,23,0.001015136
binComputeKeys,47,24,0.001015066
binComputeKeys,47,25,0.001020206
binComputeKeys,47,26,0.001018286
binComputeKeys,47,27,0.001017146
binComputeKeys,47,28,0.001017016
binComputeKeys,47,29,0.001017636
binComputeKeys,47,30,0.001019756
binComputeKeys,47,31,0.001029386
binComputeKeys,47,32,0.001015126
binComputeKeys,47,33,0.001018346
binComputeKeys,47,34,0.001016946
binComputeKeys,47,35,0.001018116
binComputeKeys,47,36,0.001016806
binComputeKeys,47,37,0.001019296
binComputeKeys,47,38,0.001018466
binComputeKeys,47,39,0.001017945
binSortByKey,47,0,0.008071457
binSortByKey,47,1,0.008101687
binSortByKey,47,2,0.008095107
binSortByKey,47,3,0.008098827
binSortByKey,47,4,0.008070166
binSortByKey,47,5,0.008095717
binSortByKey,47,6,0.008094087
binSortByKey,47,7,0.008104847
binSortByKey,47,8,0.008064977
binSortByKey,47,9,0.008108947
binSortByKey,47,10,0.008096407
binSortByKey,47,11,0.008098727
binSortByKey,47,12,0.008067647
binSortByKey,47,13,0.008119897
binSortByKey,47,14,0.008108887
binSortByKey,47,15,0.008111087
binSortByKey,47,16,0.008069727
binSortByKey,47,17,0.008104157
binSortByKey,47,18,0.008099437
binSortByKey,47,19,0.008093907
binSortByKey,47,20,0.008058857
binSortByKey,47,21,0.008110387
binSortByKey,47,22,0.008089077
binSortByKey,47,23,0.008101247
binSortByKey,47,24,0.008065757
binSortByKey,47,25,0.008109426
binSortByKey,47,26,0.008102097
binSortByKey,47,27,0.008090597
binSortByKey,47,28,0.008049807
binSortByKey,47,29,0.008100627
binSortByKey,47,30,0.008090627
binSortByKey,47,31,0.008129937
binSortByKey,47,32,0.008060247
binSortByKey,47,33,0.008099897
binSortByKey,47,34,0.008097837
binSortByKey,47,35,0.008090477
binSortByKey,47,36,0.008061117
binSortByKey,47,37,0.008100197
binSortByKey,47,38,0.008096187
binSortByKey,47,39,0.008089607
binComputeOffsets,47,0,0.000249571
binComputeOffsets,47,1,0.000254561
binComputeOffsets,47,2,0.000253831
binComputeOffsets,47,3,0.000253821
binComputeOffsets,47,4,0.000249582
binComputeOffsets,47,5,0.000259112
binComputeOffsets,47,6,0.000252751
binComputeOffsets,47,7,0.000253801
binComputeOffsets,47,8,0.000249211
binComputeOffsets,47,9,0.000253842
binComputeOffsets,47,10,0.000253311
binComputeOffsets,47,11,0.000254311
binComputeOffsets,47,12,0.000249721
binComputeOffsets,47,13,0.000259372
binComputeOffsets,47,14,0.000253981
binComputeOffsets,47,15,0.000252932
binComputeOffsets,47,16,0.000249811
binComputeOffsets,47,17,0.000254501
binComputeOffsets,47,18,0.000253612
binComputeOffsets,47,19,0.000253011
binComputeOffsets,47,20,0.000249511
binComputeOffsets,47,21,0.000253771
binComputeOffsets,47,22,0.000254962
binComputeOffsets,47,23,0.000253762
binComputeOffsets,47,24,0.000263831
binComputeOffsets,47,25,0.000253962
binComputeOffsets,47,26,0.000253881
binComputeOffsets,47,27,0.000253112
binComputeOffsets,47,28,0.000249301
binComputeOffsets,47,29,0.000254062
binComputeOffsets,47,30,0.000254651
binComputeOffsets,47,31,0.000267212
binComputeOffsets,47,32,0.000249181
binComputeOffsets,47,33,0.000253721
binComputeOffsets,47,34,0.000253231
binComputeOffsets,47,35,0.000253392
binComputeOffsets,47,36,0.000249951
binComputeOffsets,47,37,0.000253022
binComputeOffsets,47,38,0.000253741
binComputeOffsets,47,39,0.000257252
FFTNUFFT1,47,0,0.468331903
FFTNUFFT1,47,1,0.464629231
FFTNUFFT1,47,2,0.466534452
FFTNUFFT1,47,3,0.464670752
FFTNUFFT1,47,4,0.469984993
FFTNUFFT1,47,5,0.46773854
FFTNUFFT1,47,6,0.468828946
FFTNUFFT1,47,7,0.463556235
FFTNUFFT1,47,8,0.468269752
FFTNUFFT1,47,9,0.469455909
deconvolutionNUFFT1,47,0,0.000466052
deconvolutionNUFFT1,47,1,0.000467803
deconvolutionNUFFT1,47,2,0.000461592
deconvolutionNUFFT1,47,3,0.000463622
deconvolutionNUFFT1,47,4,0.000462082
deconvolutionNUFFT1,47,5,0.000466842
deconvolutionNUFFT1,47,6,0.000469872
deconvolutionNUFFT1,47,7,0.000465232
deconvolutionNUFFT1,47,8,0.000483743
deconvolutionNUFFT1,47,9,0.000469483
GatherPIFNUFFT,47,0,1.570548246
GatherPIFNUFFT,47,1,1.580698656
GatherPIFNUFFT,47,2,1.580074192
GatherPIFNUFFT,47,3,1.579556559
GatherPIFNUFFT,47,4,1.574349429
GatherPIFNUFFT,47,5,1.574870902
GatherPIFNUFFT,47,6,1.573606075
GatherPIFNUFFT,47,7,1.581656802
GatherPIFNUFFT,47,8,1.57464755
GatherPIFNUFFT,47,9,1.573536724
NativeNUFFT2,47,0,0.527620376
NativeNUFFT2,47,1,0.512277607
NativeNUFFT2,47,2,0.515014123
NativeNUFFT2,47,3,0.536454957
NativeNUFFT2,47,4,0.51453227
NativeNUFFT2,47,5,0.514074517
NativeNUFFT2,47,6,0.531881501
NativeNUFFT2,47,7,0.515027034
NativeNUFFT2,47,8,0.517517718
NativeNUFFT2,47,9,0.534996778
NativeNUFFT2,47,10,0.513668525
NativeNUFFT2,47,11,0.515240894
NativeNUFFT2,47,12,0.531604009
NativeNUFFT2,47,13,0.51282727
NativeNUFFT2,47,14,0.514292659
NativeNUFFT2,47,15,0.529539478
NativeNUFFT2,47,16,0.515109144
NativeNUFFT2,47,17,0.514072367
NativeNUFFT2,47,18,0.53178772
NativeNUFFT2,47,19,0.512285137
NativeNUFFT2,47,20,0.513900707
NativeNUFFT2,47,21,0.538300568
NativeNUFFT2,47,22,0.512937301
NativeNUFFT2,47,23,0.514785012
NativeNUFFT2,47,24,0.529807448
NativeNUFFT2,47,25,0.514935673
NativeNUFFT2,47,26,0.514280419
NativeNUFFT2,47,27,0.528979184
NativeNUFFT2,47,28,0.514132478
NativeNUFFT2,47,29,0.514502071
PrecorrectionNUFFT2,47,0,0.000890656
PrecorrectionNUFFT2,47,1,0.000861665
PrecorrectionNUFFT2,47,2,0.000862625
PrecorrectionNUFFT2,47,3,0.000890525
PrecorrectionNUFFT2,47,4,0.000860255
PrecorrectionNUFFT2,47,5,0.000858235
PrecorrectionNUFFT2,47,6,0.000887265
PrecorrectionNUFFT2,47,7,0.000860125
PrecorrectionNUFFT2,47,8,0.000872825
PrecorrectionNUFFT2,47,9,0.000887485
PrecorrectionNUFFT2,47,10,0.000866695
PrecorrectionNUFFT2,47,11,0.000857565
PrecorrectionNUFFT2,47,12,0.000887605
PrecorrectionNUFFT2,47,13,0.000860875
PrecorrectionNUFFT2,47,14,0.000863255
PrecorrectionNUFFT2,47,15,0.000893076
PrecorrectionNUFFT2,47,16,0.000863505
PrecorrectionNUFFT2,47,17,0.000862355
PrecorrectionNUFFT2,47,18,0.000886315
PrecorrectionNUFFT2,47,19,0.000867525
PrecorrectionNUFFT2,47,20,0.000866455
PrecorrectionNUFFT2,47,21,0.000901995
PrecorrectionNUFFT2,47,22,0.000862375
PrecorrectionNUFFT2,47,23,0.000867256
PrecorrectionNUFFT2,47,24,0.000890785
PrecorrectionNUFFT2,47,25,0.000868195
PrecorrectionNUFFT2,47,26,0.000860095
PrecorrectionNUFFT2,47,27,0.000889236
PrecorrectionNUFFT2,47,28,0.000873065
PrecorrectionNUFFT2,47,29,0.000864896
FFTNUFFT2,47,0,0.486005315
FFTNUFFT2,47,1,0.470418455
FFTNUFFT2,47,2,0.46957348
FFTNUFFT2,47,3,0.484273125
FFTNUFFT2,47,4,0.47481347
FFTNUFFT2,47,5,0.468588534
FFTNUFFT2,47,6,0.487062241
FFTNUFFT2,47,7,0.470544656
FFTNUFFT2,47,8,0.470512836
FFTNUFFT2,47,9,0.485881314
FFTNUFFT2,47,10,0.474180417
FFTNUFFT2,47,11,0.473751754
FFTNUFFT2,47,12,0.488791591
FFTNUFFT2,47,13,0.472750498
FFTNUFFT2,47,14,0.473341322
FFTNUFFT2,47,15,0.487902096
FFTNUFFT2,47,16,0.470108853
FFTNUFFT2,47,17,0.470201423
FFTNUFFT2,47,18,0.486509148
FFTNUFFT2,47,19,0.470403585
FFTNUFFT2,47,20,0.472870659
FFTNUFFT2,47,21,0.493031126
FFTNUFFT2,47,22,0.473408462
FFTNUFFT2,47,23,0.470686096
FFTNUFFT2,47,24,0.486718579
FFTNUFFT2,47,25,0.473830435
FFTNUFFT2,47,26,0.47301177
FFTNUFFT2,47,27,0.485941464
FFTNUFFT2,47,28,0.473350982
FFTNUFFT2,47,29,0.469575079
GatherNUFFT2,47,0,0.040702985
GatherNUFFT2,47,1,0.040977277
GatherNUFFT2,47,2,0.044557808
GatherNUFFT2,47,3,0.051270507
GatherNUFFT2,47,4,0.038837665
GatherNUFFT2,47,5,0.044607748
GatherNUFFT2,47,6,0.043911125
GatherNUFFT2,47,7,0.043601862
GatherNUFFT2,47,8,0.046111877
GatherNUFFT2,47,9,0.048207359
GatherNUFFT2,47,10,0.038601103
GatherNUFFT2,47,11,0.040610145
GatherNUFFT2,47,12,0.041903353
GatherNUFFT2,47,13,0.039195527
GatherNUFFT2,47,14,0.040067672
GatherNUFFT2,47,15,0.040723946
GatherNUFFT2,47,16,0.044114756
GatherNUFFT2,47,17,0.042987869
GatherNUFFT2,47,18,0.044371527
GatherNUFFT2,47,19,0.040988277
GatherNUFFT2,47,20,0.040143693
GatherNUFFT2,47,21,0.044347187
GatherNUFFT2,47,22,0.038645884
GatherNUFFT2,47,23,0.04320945
GatherNUFFT2,47,24,0.042175704
GatherNUFFT2,47,25,0.040214513
GatherNUFFT2,47,26,0.040387224
GatherNUFFT2,47,27,0.042128044
GatherNUFFT2,47,28,0.039887871
GatherNUFFT2,47,29,0.044042285
mainTimer,48,0,21.264708548
dumpData,48,0,0.011127536
dumpData,48,1,0.011288178
dumpData,48,2,0.009447279
dumpData,48,3,0.011115867
dumpData,48,4,0.011192267
dumpData,48,5,0.010978506
dumpData,48,6,0.011438908
dumpData,48,7,0.011133576
dumpData,48,8,0.010276514
dumpData,48,9,0.010810735
kick,48,0,0.001765937
kick,48,1,0.001768068
kick,48,2,0.001741908
kick,48,3,0.001766307
kick,48,4,0.001739557
kick,48,5,0.001766658
kick,48,6,0.001762817
kick,48,7,0.001766967
kick,48,8,0.001741827
kick,48,9,0.001767767
kick,48,10,0.001738048
kick,48,11,0.001767608
kick,48,12,0.001743137
kick,48,13,0.001766478
kick,48,14,0.001737777
kick,48,15,0.001766947
kick,48,16,0.001740608
kick,48,17,0.001769197
kick,48,18,0.001764737
kick,48,19,0.001769218
drift,48,0,0.001733367
drift,48,1,0.001718327
drift,48,2,0.001719577
drift,48,3,0.001739697
drift,48,4,0.001721057
drift,48,5,0.001721437
drift,48,6,0.001721447
drift,48,7,0.001720587
drift,48,8,0.001723717
drift,48,9,0.001718817
particleBC,48,0,0.003487345
particleBC,48,1,0.003489045
particleBC,48,2,0.003488025
particleBC,48,3,0.003486005
particleBC,48,4,0.003489335
particleBC,48,5,0.003486694
particleBC,48,6,0.003494855
particleBC,48,7,0.003491395
particleBC,48,8,0.003490595
particleBC,48,9,0.003490445
updateParticle,48,0,0.015516565
updateParticle,48,1,0.012904364
updateParticle,48,2,0.013756838
updateParticle,48,3,0.012899144
updateParticle,48,4,0.01427393
updateParticle,48,5,0.01191895
updateParticle,48,6,0.013419806
updateParticle,48,7,0.012111171
updateParticle,48,8,0.012387642
updateParticle,48,9,0.012060201
locateParticles,48,0,0.001438156
locateParticles,48,1,0.001426836
locateParticles,48,2,0.001427776
locateParticles,48,3,0.001423686
locateParticles,48,4,0.001430356
locateParticles,48,5,0.001447687
locateParticles,48,6,0.001430076
locateParticles,48,7,0.001412676
locateParticles,48,8,0.001441816
locateParticles,48,9,0.001429846
sendPreprocess,48,0,0.001263456
sendPreprocess,48,1,0.001351576
sendPreprocess,48,2,0.001355156
sendPreprocess,48,3,0.001313495
sendPreprocess,48,4,0.001354576
sendPreprocess,48,5,0.001327345
sendPreprocess,48,6,0.001333986
sendPreprocess,48,7,0.001398966
sendPreprocess,48,8,0.001375556
sendPreprocess,48,9,0.001430606
particleSend,48,0,0.001255475
particleSend,48,1,0.001300755
particleSend,48,2,0.001269245
particleSend,48,3,0.001260806
particleSend,48,4,0.001260405
particleSend,48,5,0.001266875
particleSend,48,6,0.001232775
particleSend,48,7,0.001207215
particleSend,48,8,0.001214045
particleSend,48,9,0.001349796
particleRecv,48,0,3.795e-05
particleRecv,48,1,3.673e-05
particleRecv,48,2,3.59e-05
particleRecv,48,3,3.942e-05
particleRecv,48,4,3.37e-05
particleRecv,48,5,3.6381e-05
particleRecv,48,6,3.235e-05
particleRecv,48,7,3.257e-05
particleRecv,48,8,4.014e-05
particleRecv,48,9,3.669e-05
particleDestroy,48,0,0.00473698
particleDestroy,48,1,0.00473821
particleDestroy,48,2,0.00472754
particleDestroy,48,3,0.00470364
particleDestroy,48,4,0.00472346
particleDestroy,48,5,0.004695209
particleDestroy,48,6,0.00470488
particleDestroy,48,7,0.00468631
particleDestroy,48,8,0.00469057
particleDestroy,48,9,0.00468507
ScatterPIFNUFFT,48,0,0.525771618
ScatterPIFNUFFT,48,1,0.001113604
ScatterPIFNUFFT,48,2,0.526121789
ScatterPIFNUFFT,48,3,0.001115605
ScatterPIFNUFFT,48,4,0.525831689
ScatterPIFNUFFT,48,5,0.001114294
ScatterPIFNUFFT,48,6,0.527397885
ScatterPIFNUFFT,48,7,0.001114225
ScatterPIFNUFFT,48,8,0.524312712
ScatterPIFNUFFT,48,9,0.001112315
ScatterPIFNUFFT,48,10,0.527450755
ScatterPIFNUFFT,48,11,0.001111385
ScatterPIFNUFFT,48,12,0.526389531
ScatterPIFNUFFT,48,13,0.001112305
ScatterPIFNUFFT,48,14,0.525994129
ScatterPIFNUFFT,48,15,0.001113575
ScatterPIFNUFFT,48,16,0.520010015
ScatterPIFNUFFT,48,17,0.001113714
ScatterPIFNUFFT,48,18,0.524625274
ScatterPIFNUFFT,48,19,0.001114765
NativeNUFFT1,48,0,0.52144746
NativeNUFFT1,48,1,0.521700381
NativeNUFFT1,48,2,0.522006102
NativeNUFFT1,48,3,0.522887026
NativeNUFFT1,48,4,0.520007054
NativeNUFFT1,48,5,0.522874587
NativeNUFFT1,48,6,0.522575575
NativeNUFFT1,48,7,0.521595421
NativeNUFFT1,48,8,0.515759987
NativeNUFFT1,48,9,0.520159515
scatterTimerNUFFT1,48,0,0.038582122
scatterTimerNUFFT1,48,1,0.038971974
scatterTimerNUFFT1,48,2,0.040388449
scatterTimerNUFFT1,48,3,0.040276819
scatterTimerNUFFT1,48,4,0.0382257
scatterTimerNUFFT1,48,5,0.04042662
scatterTimerNUFFT1,48,6,0.039264295
scatterTimerNUFFT1,48,7,0.039275355
scatterTimerNUFFT1,48,8,0.039547376
scatterTimerNUFFT1,48,9,0.038790503
binSort,48,0,0.008779147
binSort,48,1,0.008827517
binSort,48,2,0.008823157
binSort,48,3,0.008830357
binSort,48,4,0.008780947
binSort,48,5,0.008853097
binSort,48,6,0.008854167
binSort,48,7,0.008841817
binSort,48,8,0.008791077
binSort,48,9,0.008830817
binSort,48,10,0.008828687
binSort,48,11,0.008836387
binSort,48,12,0.008785037
binSort,48,13,0.008839057
binSort,48,14,0.008826718
binSort,48,15,0.008817197
binSort,48,16,0.008790507
binSort,48,17,0.008832247
binSort,48,18,0.008841497
binSort,48,19,0.008819737
binSort,48,20,0.008778947
binSort,48,21,0.008810147
binSort,48,22,0.008826397
binSort,48,23,0.008802467
binSort,48,24,0.008791807
binSort,48,25,0.008835797
binSort,48,26,0.008812447
binSort,48,27,0.008816187
binSort,48,28,0.008789947
binSort,48,29,0.008834297
binSort,48,30,0.008821537
binSort,48,31,0.008829237
binSort,48,32,0.008783397
binSort,48,33,0.008836027
binSort,48,34,0.008824687
binSort,48,35,0.008834507
binSort,48,36,0.008782957
binSort,48,37,0.008818977
binSort,48,38,0.008821597
binSort,48,39,0.008814827
binComputeKeys,48,0,0.000953564
binComputeKeys,48,1,0.000958514
binComputeKeys,48,2,0.000955334
binComputeKeys,48,3,0.000954854
binComputeKeys,48,4,0.000955644
binComputeKeys,48,5,0.000959064
binComputeKeys,48,6,0.000958754
binComputeKeys,48,7,0.000956184
binComputeKeys,48,8,0.000956554
binComputeKeys,48,9,0.000956714
binComputeKeys,48,10,0.000961724
binComputeKeys,48,11,0.000955064
binComputeKeys,48,12,0.000958025
binComputeKeys,48,13,0.000958244
binComputeKeys,48,14,0.000956775
binComputeKeys,48,15,0.000955804
binComputeKeys,48,16,0.000953684
binComputeKeys,48,17,0.000955124
binComputeKeys,48,18,0.000956514
binComputeKeys,48,19,0.000954704
binComputeKeys,48,20,0.000954534
binComputeKeys,48,21,0.000955334
binComputeKeys,48,22,0.000965374
binComputeKeys,48,23,0.000955774
binComputeKeys,48,24,0.000955564
binComputeKeys,48,25,0.000958224
binComputeKeys,48,26,0.000956144
binComputeKeys,48,27,0.000955184
binComputeKeys,48,28,0.000953814
binComputeKeys,48,29,0.000960474
binComputeKeys,48,30,0.000960264
binComputeKeys,48,31,0.000955714
binComputeKeys,48,32,0.000956314
binComputeKeys,48,33,0.000956014
binComputeKeys,48,34,0.000958964
binComputeKeys,48,35,0.000957704
binComputeKeys,48,36,0.000956064
binComputeKeys,48,37,0.000957074
binComputeKeys,48,38,0.000957214
binComputeKeys,48,39,0.000954384
binSortByKey,48,0,0.007578992
binSortByKey,48,1,0.007616422
binSortByKey,48,2,0.007615982
binSortByKey,48,3,0.007624562
binSortByKey,48,4,0.007572682
binSortByKey,48,5,0.007642452
binSortByKey,48,6,0.007645702
binSortByKey,48,7,0.007634152
binSortByKey,48,8,0.007588032
binSortByKey,48,9,0.007622662
binSortByKey,48,10,0.007616272
binSortByKey,48,11,0.007628292
binSortByKey,48,12,0.007580531
binSortByKey,48,13,0.007630422
binSortByKey,48,14,0.007619251
binSortByKey,48,15,0.007610482
binSortByKey,48,16,0.007589702
binSortByKey,48,17,0.007625552
binSortByKey,48,18,0.007632952
binSortByKey,48,19,0.007614162
binSortByKey,48,20,0.007577702
binSortByKey,48,21,0.007602462
binSortByKey,48,22,0.007609902
binSortByKey,48,23,0.007596332
binSortByKey,48,24,0.007590002
binSortByKey,48,25,0.007625352
binSortByKey,48,26,0.007604842
binSortByKey,48,27,0.007610532
binSortByKey,48,28,0.007589622
binSortByKey,48,29,0.007622932
binSortByKey,48,30,0.007609992
binSortByKey,48,31,0.007622912
binSortByKey,48,32,0.007578932
binSortByKey,48,33,0.007628572
binSortByKey,48,34,0.007614152
binSortByKey,48,35,0.007624232
binSortByKey,48,36,0.007580552
binSortByKey,48,37,0.007610232
binSortByKey,48,38,0.007613592
binSortByKey,48,39,0.007608741
binComputeOffsets,48,0,0.000237341
binComputeOffsets,48,1,0.000243251
binComputeOffsets,48,2,0.000242531
binComputeOffsets,48,3,0.000241641
binComputeOffsets,48,4,0.000243351
binComputeOffsets,48,5,0.000241831
binComputeOffsets,48,6,0.000240561
binComputeOffsets,48,7,0.000241791
binComputeOffsets,48,8,0.000237301
binComputeOffsets,48,9,0.000242351
binComputeOffsets,48,10,0.000241611
binComputeOffsets,48,11,0.000242571
binComputeOffsets,48,12,0.000237261
binComputeOffsets,48,13,0.000241201
binComputeOffsets,48,14,0.000241411
binComputeOffsets,48,15,0.000241661
binComputeOffsets,48,16,0.000237021
binComputeOffsets,48,17,0.000242031
binComputeOffsets,48,18,0.000242411
binComputeOffsets,48,19,0.000241581
binComputeOffsets,48,20,0.000237521
binComputeOffsets,48,21,0.000242931
binComputeOffsets,48,22,0.000241841
binComputeOffsets,48,23,0.000241121
binComputeOffsets,48,24,0.000237021
binComputeOffsets,48,25,0.000243041
binComputeOffsets,48,26,0.000242311
binComputeOffsets,48,27,0.000241181
binComputeOffsets,48,28,0.000237321
binComputeOffsets,48,29,0.000241671
binComputeOffsets,48,30,0.000241391
binComputeOffsets,48,31,0.000241501
binComputeOffsets,48,32,0.000238511
binComputeOffsets,48,33,0.000242091
binComputeOffsets,48,34,0.000241581
binComputeOffsets,48,35,0.000242521
binComputeOffsets,48,36,0.000237171
binComputeOffsets,48,37,0.000242381
binComputeOffsets,48,38,0.000241571
binComputeOffsets,48,39,0.000242461
FFTNUFFT1,48,0,0.482392576
FFTNUFFT1,48,1,0.482240825
FFTNUFFT1,48,2,0.481137301
FFTNUFFT1,48,3,0.482135865
FFTNUFFT1,48,4,0.481306232
FFTNUFFT1,48,5,0.481968405
FFTNUFFT1,48,6,0.482834768
FFTNUFFT1,48,7,0.481844194
FFTNUFFT1,48,8,0.475731949
FFTNUFFT1,48,9,0.48088503
deconvolutionNUFFT1,48,0,0.000460852
deconvolutionNUFFT1,48,1,0.000475842
deconvolutionNUFFT1,48,2,0.000468052
deconvolutionNUFFT1,48,3,0.000462322
deconvolutionNUFFT1,48,4,0.000462762
deconvolutionNUFFT1,48,5,0.000467331
deconvolutionNUFFT1,48,6,0.000464752
deconvolutionNUFFT1,48,7,0.000463222
deconvolutionNUFFT1,48,8,0.000465452
deconvolutionNUFFT1,48,9,0.000472242
GatherPIFNUFFT,48,0,1.556769219
GatherPIFNUFFT,48,1,1.563059426
GatherPIFNUFFT,48,2,1.565447525
GatherPIFNUFFT,48,3,1.562578823
GatherPIFNUFFT,48,4,1.561950881
GatherPIFNUFFT,48,5,1.561120178
GatherPIFNUFFT,48,6,1.55945957
GatherPIFNUFFT,48,7,1.562706704
GatherPIFNUFFT,48,8,1.567170563
GatherPIFNUFFT,48,9,1.56187234
NativeNUFFT2,48,0,0.513091765
NativeNUFFT2,48,1,0.513484727
NativeNUFFT2,48,2,0.515236435
NativeNUFFT2,48,3,0.518182597
NativeNUFFT2,48,4,0.514814683
NativeNUFFT2,48,5,0.515123663
NativeNUFFT2,48,6,0.517910805
NativeNUFFT2,48,7,0.514527241
NativeNUFFT2,48,8,0.518066206
NativeNUFFT2,48,9,0.517909665
NativeNUFFT2,48,10,0.513252396
NativeNUFFT2,48,11,0.5164771
NativeNUFFT2,48,12,0.520108244
NativeNUFFT2,48,13,0.512427832
NativeNUFFT2,48,14,0.514502561
NativeNUFFT2,48,15,0.516341999
NativeNUFFT2,48,16,0.515543655
NativeNUFFT2,48,17,0.51432863
NativeNUFFT2,48,18,0.51920283
NativeNUFFT2,48,19,0.512111571
NativeNUFFT2,48,20,0.513228036
NativeNUFFT2,48,21,0.519644093
NativeNUFFT2,48,22,0.512976224
NativeNUFFT2,48,23,0.515177044
NativeNUFFT2,48,24,0.522889336
NativeNUFFT2,48,25,0.514950463
NativeNUFFT2,48,26,0.514422351
NativeNUFFT2,48,27,0.517197042
NativeNUFFT2,48,28,0.512816384
NativeNUFFT2,48,29,0.516946411
PrecorrectionNUFFT2,48,0,0.000888124
PrecorrectionNUFFT2,48,1,0.000867664
PrecorrectionNUFFT2,48,2,0.000865844
PrecorrectionNUFFT2,48,3,0.000886634
PrecorrectionNUFFT2,48,4,0.000865094
PrecorrectionNUFFT2,48,5,0.000859783
PrecorrectionNUFFT2,48,6,0.000891464
PrecorrectionNUFFT2,48,7,0.000864674
PrecorrectionNUFFT2,48,8,0.000864744
PrecorrectionNUFFT2,48,9,0.000892763
PrecorrectionNUFFT2,48,10,0.000864184
PrecorrectionNUFFT2,48,11,0.000861594
PrecorrectionNUFFT2,48,12,0.000891854
PrecorrectionNUFFT2,48,13,0.000860954
PrecorrectionNUFFT2,48,14,0.000867684
PrecorrectionNUFFT2,48,15,0.000888934
PrecorrectionNUFFT2,48,16,0.000862723
PrecorrectionNUFFT2,48,17,0.000862213
PrecorrectionNUFFT2,48,18,0.000893653
PrecorrectionNUFFT2,48,19,0.000860514
PrecorrectionNUFFT2,48,20,0.000861864
PrecorrectionNUFFT2,48,21,0.000888334
PrecorrectionNUFFT2,48,22,0.000859554
PrecorrectionNUFFT2,48,23,0.000861224
PrecorrectionNUFFT2,48,24,0.000889764
PrecorrectionNUFFT2,48,25,0.000864393
PrecorrectionNUFFT2,48,26,0.000869104
PrecorrectionNUFFT2,48,27,0.000900044
PrecorrectionNUFFT2,48,28,0.000861484
PrecorrectionNUFFT2,48,29,0.000866774
FFTNUFFT2,48,0,0.485461759
FFTNUFFT2,48,1,0.485101357
FFTNUFFT2,48,2,0.484457215
FFTNUFFT2,48,3,0.48583563
FFTNUFFT2,48,4,0.479638905
FFTNUFFT2,48,5,0.484839887
FFTNUFFT2,48,6,0.487006305
FFTNUFFT2,48,7,0.479599344
FFTNUFFT2,48,8,0.484703875
FFTNUFFT2,48,9,0.486687755
FFTNUFFT2,48,10,0.485166027
FFTNUFFT2,48,11,0.484568875
FFTNUFFT2,48,12,0.487894089
FFTNUFFT2,48,13,0.483625371
FFTNUFFT2,48,14,0.48557977
FFTNUFFT2,48,15,0.485138117
FFTNUFFT2,48,16,0.485750721
FFTNUFFT2,48,17,0.486298563
FFTNUFFT2,48,18,0.479660104
FFTNUFFT2,48,19,0.48573731
FFTNUFFT2,48,20,0.479364453
FFTNUFFT2,48,21,0.480557769
FFTNUFFT2,48,22,0.485452718
FFTNUFFT2,48,23,0.477253084
FFTNUFFT2,48,24,0.488934973
FFTNUFFT2,48,25,0.479269452
FFTNUFFT2,48,26,0.483779432
FFTNUFFT2,48,27,0.488486681
FFTNUFFT2,48,28,0.484243694
FFTNUFFT2,48,29,0.484937666
GatherNUFFT2,48,0,0.026721992
GatherNUFFT2,48,1,0.027496166
GatherNUFFT2,48,2,0.029893586
GatherNUFFT2,48,3,0.031439442
GatherNUFFT2,48,4,0.034290364
GatherNUFFT2,48,5,0.029404433
GatherNUFFT2,48,6,0.029992926
GatherNUFFT2,48,7,0.034043053
GatherNUFFT2,48,8,0.032478036
GatherNUFFT2,48,9,0.030308447
GatherNUFFT2,48,10,0.027200815
GatherNUFFT2,48,11,0.031021451
GatherNUFFT2,48,12,0.031302361
GatherNUFFT2,48,13,0.027921387
GatherNUFFT2,48,14,0.028034637
GatherNUFFT2,48,15,0.030294987
GatherNUFFT2,48,16,0.028909371
GatherNUFFT2,48,17,0.027148404
GatherNUFFT2,48,18,0.038629112
GatherNUFFT2,48,19,0.025493287
GatherNUFFT2,48,20,0.032981709
GatherNUFFT2,48,21,0.03817813
GatherNUFFT2,48,22,0.026642972
GatherNUFFT2,48,23,0.037042726
GatherNUFFT2,48,24,0.033044869
GatherNUFFT2,48,25,0.034796647
GatherNUFFT2,48,26,0.029753805
GatherNUFFT2,48,27,0.027789887
GatherNUFFT2,48,28,0.027691326
GatherNUFFT2,48,29,0.031121151
mainTimer,49,0,21.264702938
dumpData,49,0,0.01209617
dumpData,49,1,0.012276762
dumpData,49,2,0.011022206
dumpData,49,3,0.01195218
dumpData,49,4,0.013104455
dumpData,49,5,0.01186719
dumpData,49,6,0.012549533
dumpData,49,7,0.01196899
dumpData,49,8,0.011107407
dumpData,49,9,0.010240763
kick,49,0,0.001654137
kick,49,1,0.001659147
kick,49,2,0.001615207
kick,49,3,0.001658747
kick,49,4,0.001613707
kick,49,5,0.001658837
kick,49,6,0.001644066
kick,49,7,0.001659916
kick,49,8,0.001618957
kick,49,9,0.001657497
kick,49,10,0.001599317
kick,49,11,0.001658247
kick,49,12,0.001623757
kick,49,13,0.001660567
kick,49,14,0.001610866
kick,49,15,0.001661887
kick,49,16,0.001621387
kick,49,17,0.001660977
kick,49,18,0.001644877
kick,49,19,0.001662287
drift,49,0,0.001611886
drift,49,1,0.001612367
drift,49,2,0.001616116
drift,49,3,0.001616127
drift,49,4,0.001614256
drift,49,5,0.001615477
drift,49,6,0.001615676
drift,49,7,0.001613076
drift,49,8,0.001616307
drift,49,9,0.001615056
particleBC,49,0,0.003275844
particleBC,49,1,0.003278324
particleBC,49,2,0.003277474
particleBC,49,3,0.003271514
particleBC,49,4,0.003281114
particleBC,49,5,0.003271753
particleBC,49,6,0.003276744
particleBC,49,7,0.003280774
particleBC,49,8,0.003279184
particleBC,49,9,0.003278724
updateParticle,49,0,0.014970663
updateParticle,49,1,0.013001115
updateParticle,49,2,0.013334466
updateParticle,49,3,0.012987245
updateParticle,49,4,0.014004579
updateParticle,49,5,0.012205322
updateParticle,49,6,0.012623313
updateParticle,49,7,0.012663653
updateParticle,49,8,0.01189769
updateParticle,49,9,0.012261642
locateParticles,49,0,0.001379666
locateParticles,49,1,0.001360706
locateParticles,49,2,0.001371166
locateParticles,49,3,0.001399086
locateParticles,49,4,0.001387976
locateParticles,49,5,0.001372746
locateParticles,49,6,0.001375146
locateParticles,49,7,0.001383806
locateParticles,49,8,0.001376026
locateParticles,49,9,0.001351826
sendPreprocess,49,0,0.001759758
sendPreprocess,49,1,0.001866728
sendPreprocess,49,2,0.001862208
sendPreprocess,49,3,0.001799427
sendPreprocess,49,4,0.001834988
sendPreprocess,49,5,0.001868628
sendPreprocess,49,6,0.001830438
sendPreprocess,49,7,0.001877798
sendPreprocess,49,8,0.001882248
sendPreprocess,49,9,0.001948028
particleSend,49,0,0.001232565
particleSend,49,1,0.001197175
particleSend,49,2,0.001193455
particleSend,49,3,0.001293896
particleSend,49,4,0.001234395
particleSend,49,5,0.001184825
particleSend,49,6,0.001204185
particleSend,49,7,0.001248235
particleSend,49,8,0.001197455
particleSend,49,9,0.001217105
particleRecv,49,0,3.583e-05
particleRecv,49,1,3.608e-05
particleRecv,49,2,3.045e-05
particleRecv,49,3,3.387e-05
particleRecv,49,4,2.875e-05
particleRecv,49,5,3.954e-05
particleRecv,49,6,3.698e-05
particleRecv,49,7,3.567e-05
particleRecv,49,8,3.273e-05
particleRecv,49,9,3.156e-05
particleDestroy,49,0,0.004603459
particleDestroy,49,1,0.004613379
particleDestroy,49,2,0.004606999
particleDestroy,49,3,0.004589669
particleDestroy,49,4,0.00462567
particleDestroy,49,5,0.00460038
particleDestroy,49,6,0.004600709
particleDestroy,49,7,0.004593339
particleDestroy,49,8,0.004599869
particleDestroy,49,9,0.00457871
ScatterPIFNUFFT,49,0,0.524643013
ScatterPIFNUFFT,49,1,0.001118345
ScatterPIFNUFFT,49,2,0.52373959
ScatterPIFNUFFT,49,3,0.001109855
ScatterPIFNUFFT,49,4,0.524781424
ScatterPIFNUFFT,49,5,0.001114675
ScatterPIFNUFFT,49,6,0.524345022
ScatterPIFNUFFT,49,7,0.001113575
ScatterPIFNUFFT,49,8,0.523557389
ScatterPIFNUFFT,49,9,0.001118095
ScatterPIFNUFFT,49,10,0.525296477
ScatterPIFNUFFT,49,11,0.001112125
ScatterPIFNUFFT,49,12,0.522865776
ScatterPIFNUFFT,49,13,0.001113105
ScatterPIFNUFFT,49,14,0.525141446
ScatterPIFNUFFT,49,15,0.001116275
ScatterPIFNUFFT,49,16,0.524168813
ScatterPIFNUFFT,49,17,0.001111905
ScatterPIFNUFFT,49,18,0.524212672
ScatterPIFNUFFT,49,19,0.001112214
NativeNUFFT1,49,0,0.521151889
NativeNUFFT1,49,1,0.519249071
NativeNUFFT1,49,2,0.521292529
NativeNUFFT1,49,3,0.519638713
NativeNUFFT1,49,4,0.519981644
NativeNUFFT1,49,5,0.520643687
NativeNUFFT1,49,6,0.519299341
NativeNUFFT1,49,7,0.520897168
NativeNUFFT1,49,8,0.520605537
NativeNUFFT1,49,9,0.519619732
scatterTimerNUFFT1,49,0,0.040775791
scatterTimerNUFFT1,49,1,0.039431036
scatterTimerNUFFT1,49,2,0.041550834
scatterTimerNUFFT1,49,3,0.039491276
scatterTimerNUFFT1,49,4,0.04046803
scatterTimerNUFFT1,49,5,0.04047123
scatterTimerNUFFT1,49,6,0.040210879
scatterTimerNUFFT1,49,7,0.038662243
scatterTimerNUFFT1,49,8,0.040941082
scatterTimerNUFFT1,49,9,0.039182494
binSort,49,0,0.008317895
binSort,49,1,0.008398165
binSort,49,2,0.008397136
binSort,49,3,0.008389795
binSort,49,4,0.008348365
binSort,49,5,0.008403936
binSort,49,6,0.008389256
binSort,49,7,0.008394385
binSort,49,8,0.008321796
binSort,49,9,0.008387125
binSort,49,10,0.008371555
binSort,49,11,0.008383255
binSort,49,12,0.008319915
binSort,49,13,0.008363265
binSort,49,14,0.008361335
binSort,49,15,0.008349585
binSort,49,16,0.008289074
binSort,49,17,0.008328835
binSort,49,18,0.008331435
binSort,49,19,0.008326575
binSort,49,20,0.008313205
binSort,49,21,0.008324555
binSort,49,22,0.008328985
binSort,49,23,0.008319075
binSort,49,24,0.008327735
binSort,49,25,0.008366526
binSort,49,26,0.008389726
binSort,49,27,0.008380385
binSort,49,28,0.008329745
binSort,49,29,0.008391685
binSort,49,30,0.008399885
binSort,49,31,0.008394626
binSort,49,32,0.008306875
binSort,49,33,0.008376425
binSort,49,34,0.008382085
binSort,49,35,0.008391076
binSort,49,36,0.008307274
binSort,49,37,0.008331415
binSort,49,38,0.008321335
binSort,49,39,0.008323585
binComputeKeys,49,0,0.000897174
binComputeKeys,49,1,0.000899724
binComputeKeys,49,2,0.000901154
binComputeKeys,49,3,0.000898243
binComputeKeys,49,4,0.000899404
binComputeKeys,49,5,0.000897044
binComputeKeys,49,6,0.000896254
binComputeKeys,49,7,0.000898984
binComputeKeys,49,8,0.000895854
binComputeKeys,49,9,0.000900354
binComputeKeys,49,10,0.000898274
binComputeKeys,49,11,0.000900044
binComputeKeys,49,12,0.000897604
binComputeKeys,49,13,0.000901693
binComputeKeys,49,14,0.000898974
binComputeKeys,49,15,0.000898534
binComputeKeys,49,16,0.000898513
binComputeKeys,49,17,0.000897434
binComputeKeys,49,18,0.000901594
binComputeKeys,49,19,0.000900894
binComputeKeys,49,20,0.000899184
binComputeKeys,49,21,0.000900364
binComputeKeys,49,22,0.000901114
binComputeKeys,49,23,0.000900124
binComputeKeys,49,24,0.000898504
binComputeKeys,49,25,0.000899644
binComputeKeys,49,26,0.000904254
binComputeKeys,49,27,0.000898334
binComputeKeys,49,28,0.000899724
binComputeKeys,49,29,0.000900074
binComputeKeys,49,30,0.000899774
binComputeKeys,49,31,0.000900604
binComputeKeys,49,32,0.000897034
binComputeKeys,49,33,0.000899524
binComputeKeys,49,34,0.000899374
binComputeKeys,49,35,0.000903104
binComputeKeys,49,36,0.000901073
binComputeKeys,49,37,0.000898774
binComputeKeys,49,38,0.000900764
binComputeKeys,49,39,0.000898974
binSortByKey,49,0,0.00718555
binSortByKey,49,1,0.00725717
binSortByKey,49,2,0.007255621
binSortByKey,49,3,0.007252161
binSortByKey,49,4,0.00721384
binSortByKey,49,5,0.007265121
binSortByKey,49,6,0.007253231
binSortByKey,49,7,0.00725702
binSortByKey,49,8,0.007190931
binSortByKey,49,9,0.00724682
binSortByKey,49,10,0.00723281
binSortByKey,49,11,0.00724228
binSortByKey,49,12,0.00718698
binSortByKey,49,13,0.007222731
binSortByKey,49,14,0.00722234
binSortByKey,49,15,0.00721249
binSortByKey,49,16,0.00715525
binSortByKey,49,17,0.00719105
binSortByKey,49,18,0.00718865
binSortByKey,49,19,0.00718568
binSortByKey,49,20,0.00717914
binSortByKey,49,21,0.00718498
binSortByKey,49,22,0.00718902
binSortByKey,49,23,0.00717983
binSortByKey,49,24,0.00719457
binSortByKey,49,25,0.007225631
binSortByKey,49,26,0.007244581
binSortByKey,49,27,0.00724197
binSortByKey,49,28,0.00719424
binSortByKey,49,29,0.00725085
binSortByKey,49,30,0.00725907
binSortByKey,49,31,0.007255251
binSortByKey,49,32,0.0071742
binSortByKey,49,33,0.00723594
binSortByKey,49,34,0.00724185
binSortByKey,49,35,0.007247931
binSortByKey,49,36,0.00716989
binSortByKey,49,37,0.00719128
binSortByKey,49,38,0.0071809
binSortByKey,49,39,0.00718384
binComputeOffsets,49,0,0.000226091
binComputeOffsets,49,1,0.000230611
binComputeOffsets,49,2,0.000231181
binComputeOffsets,49,3,0.000229581
binComputeOffsets,49,4,0.000225491
binComputeOffsets,49,5,0.000232131
binComputeOffsets,49,6,0.000230561
binComputeOffsets,49,7,0.000229121
binComputeOffsets,49,8,0.000225841
binComputeOffsets,49,9,0.000230651
binComputeOffsets,49,10,0.000230721
binComputeOffsets,49,11,0.000231611
binComputeOffsets,49,12,0.000225851
binComputeOffsets,49,13,0.000229461
binComputeOffsets,49,14,0.000230501
binComputeOffsets,49,15,0.000229291
binComputeOffsets,49,16,0.000225331
binComputeOffsets,49,17,0.000231001
binComputeOffsets,49,18,0.000231151
binComputeOffsets,49,19,0.000230721
binComputeOffsets,49,20,0.000225761
binComputeOffsets,49,21,0.000229861
binComputeOffsets,49,22,0.000229301
binComputeOffsets,49,23,0.000229861
binComputeOffsets,49,24,0.000225051
binComputeOffsets,49,25,0.000231941
binComputeOffsets,49,26,0.000231061
binComputeOffsets,49,27,0.000230751
binComputeOffsets,49,28,0.000225901
binComputeOffsets,49,29,0.00023129
binComputeOffsets,49,30,0.000231081
binComputeOffsets,49,31,0.000229571
binComputeOffsets,49,32,0.000225431
binComputeOffsets,49,33,0.000231631
binComputeOffsets,49,34,0.000230691
binComputeOffsets,49,35,0.000229911
binComputeOffsets,49,36,0.000226321
binComputeOffsets,49,37,0.000231191
binComputeOffsets,49,38,0.000230341
binComputeOffsets,49,39,0.000231521
FFTNUFFT1,49,0,0.479899046
FFTNUFFT1,49,1,0.479342533
FFTNUFFT1,49,2,0.479265873
FFTNUFFT1,49,3,0.479668575
FFTNUFFT1,49,4,0.479038502
FFTNUFFT1,49,5,0.479689545
FFTNUFFT1,49,6,0.47861051
FFTNUFFT1,49,7,0.481754293
FFTNUFFT1,49,8,0.479186173
FFTNUFFT1,49,9,0.479960686
deconvolutionNUFFT1,49,0,0.000465782
deconvolutionNUFFT1,49,1,0.000464352
deconvolutionNUFFT1,49,2,0.000464432
deconvolutionNUFFT1,49,3,0.000467592
deconvolutionNUFFT1,49,4,0.000463162
deconvolutionNUFFT1,49,5,0.000471882
deconvolutionNUFFT1,49,6,0.000466882
deconvolutionNUFFT1,49,7,0.000468752
deconvolutionNUFFT1,49,8,0.000464402
deconvolutionNUFFT1,49,9,0.000465232
GatherPIFNUFFT,49,0,1.558555636
GatherPIFNUFFT,49,1,1.565493966
GatherPIFNUFFT,49,2,1.567124262
GatherPIFNUFFT,49,3,1.565801857
GatherPIFNUFFT,49,4,1.562007031
GatherPIFNUFFT,49,5,1.563050575
GatherPIFNUFFT,49,6,1.563589098
GatherPIFNUFFT,49,7,1.563363076
GatherPIFNUFFT,49,8,1.564009019
GatherPIFNUFFT,49,9,1.562319382
NativeNUFFT2,49,0,0.514407521
NativeNUFFT2,49,1,0.51437913
NativeNUFFT2,49,2,0.515489835
NativeNUFFT2,49,3,0.520706947
NativeNUFFT2,49,4,0.513932348
NativeNUFFT2,49,5,0.51657787
NativeNUFFT2,49,6,0.519837593
NativeNUFFT2,49,7,0.514835772
NativeNUFFT2,49,8,0.518162477
NativeNUFFT2,49,9,0.521120519
NativeNUFFT2,49,10,0.512600963
NativeNUFFT2,49,11,0.517790945
NativeNUFFT2,49,12,0.521136549
NativeNUFFT2,49,13,0.512672403
NativeNUFFT2,49,14,0.513493797
NativeNUFFT2,49,15,0.518389568
NativeNUFFT2,49,16,0.515814616
NativeNUFFT2,49,17,0.514570521
NativeNUFFT2,49,18,0.52387326
NativeNUFFT2,49,19,0.512352702
NativeNUFFT2,49,20,0.513092225
NativeNUFFT2,49,21,0.520249805
NativeNUFFT2,49,22,0.513494127
NativeNUFFT2,49,23,0.515328554
NativeNUFFT2,49,24,0.519444022
NativeNUFFT2,49,25,0.515328924
NativeNUFFT2,49,26,0.514956103
NativeNUFFT2,49,27,0.517119392
NativeNUFFT2,49,28,0.5143443
NativeNUFFT2,49,29,0.5166163
PrecorrectionNUFFT2,49,0,0.000886684
PrecorrectionNUFFT2,49,1,0.000864483
PrecorrectionNUFFT2,49,2,0.000858004
PrecorrectionNUFFT2,49,3,0.000899293
PrecorrectionNUFFT2,49,4,0.000865003
PrecorrectionNUFFT2,49,5,0.000863684
PrecorrectionNUFFT2,49,6,0.000890863
PrecorrectionNUFFT2,49,7,0.000864304
PrecorrectionNUFFT2,49,8,0.000863114
PrecorrectionNUFFT2,49,9,0.000887654
PrecorrectionNUFFT2,49,10,0.000866014
PrecorrectionNUFFT2,49,11,0.000877404
PrecorrectionNUFFT2,49,12,0.000887194
PrecorrectionNUFFT2,49,13,0.000864294
PrecorrectionNUFFT2,49,14,0.000863644
PrecorrectionNUFFT2,49,15,0.000893654
PrecorrectionNUFFT2,49,16,0.000866323
PrecorrectionNUFFT2,49,17,0.000864764
PrecorrectionNUFFT2,49,18,0.000888673
PrecorrectionNUFFT2,49,19,0.000865094
PrecorrectionNUFFT2,49,20,0.000863753
PrecorrectionNUFFT2,49,21,0.000892254
PrecorrectionNUFFT2,49,22,0.000864954
PrecorrectionNUFFT2,49,23,0.000865444
PrecorrectionNUFFT2,49,24,0.000889674
PrecorrectionNUFFT2,49,25,0.000863013
PrecorrectionNUFFT2,49,26,0.000864154
PrecorrectionNUFFT2,49,27,0.000890213
PrecorrectionNUFFT2,49,28,0.000860123
PrecorrectionNUFFT2,49,29,0.000861133
FFTNUFFT2,49,0,0.483085659
FFTNUFFT2,49,1,0.481809684
FFTNUFFT2,49,2,0.481333221
FFTNUFFT2,49,3,0.482744587
FFTNUFFT2,49,4,0.481607133
FFTNUFFT2,49,5,0.481835644
FFTNUFFT2,49,6,0.484391455
FFTNUFFT2,49,7,0.481239071
FFTNUFFT2,49,8,0.480499168
FFTNUFFT2,49,9,0.483377861
FFTNUFFT2,49,10,0.481184531
FFTNUFFT2,49,11,0.482589237
FFTNUFFT2,49,12,0.484308854
FFTNUFFT2,49,13,0.479830525
FFTNUFFT2,49,14,0.481185091
FFTNUFFT2,49,15,0.484366355
FFTNUFFT2,49,16,0.482098625
FFTNUFFT2,49,17,0.48107533
FFTNUFFT2,49,18,0.486566154
FFTNUFFT2,49,19,0.481307311
FFTNUFFT2,49,20,0.482485997
FFTNUFFT2,49,21,0.484741576
FFTNUFFT2,49,22,0.479427454
FFTNUFFT2,49,23,0.481315811
FFTNUFFT2,49,24,0.4832809
FFTNUFFT2,49,25,0.48080506
FFTNUFFT2,49,26,0.480798729
FFTNUFFT2,49,27,0.485059758
FFTNUFFT2,49,28,0.482551857
FFTNUFFT2,49,29,0.481587703
GatherNUFFT2,49,0,0.030415708
GatherNUFFT2,49,1,0.031685523
GatherNUFFT2,49,2,0.03327954
GatherNUFFT2,49,3,0.037043916
GatherNUFFT2,49,4,0.031441722
GatherNUFFT2,49,5,0.033854472
GatherNUFFT2,49,6,0.034536165
GatherNUFFT2,49,7,0.032713797
GatherNUFFT2,49,8,0.036781055
GatherNUFFT2,49,9,0.036835714
GatherNUFFT2,49,10,0.030530438
GatherNUFFT2,49,11,0.034305134
GatherNUFFT2,49,12,0.035920671
GatherNUFFT2,49,13,0.031958824
GatherNUFFT2,49,14,0.031425012
GatherNUFFT2,49,15,0.033110079
GatherNUFFT2,49,16,0.032829818
GatherNUFFT2,49,17,0.032611337
GatherNUFFT2,49,18,0.036399653
GatherNUFFT2,49,19,0.030161187
GatherNUFFT2,49,20,0.029724335
GatherNUFFT2,49,21,0.034596325
GatherNUFFT2,49,22,0.033182609
GatherNUFFT2,49,23,0.033128109
GatherNUFFT2,49,24,0.035254828
GatherNUFFT2,49,25,0.033641921
GatherNUFFT2,49,26,0.03327357
GatherNUFFT2,49,27,0.031150571
GatherNUFFT2,49,28,0.03091316
GatherNUFFT2,49,29,0.034148534
mainTimer,50,0,21.264705278
dumpData,50,0,0.009418569
dumpData,50,1,0.0095519
dumpData,50,2,0.010122472
dumpData,50,3,0.0094115
dumpData,50,4,0.010153013
dumpData,50,5,0.009213999
dumpData,50,6,0.009758211
dumpData,50,7,0.009413599
dumpData,50,8,0.00949102
dumpData,50,9,0.009320729
kick,50,0,0.001851257
kick,50,1,0.001880368
kick,50,2,0.001876518
kick,50,3,0.001881958
kick,50,4,0.001875688
kick,50,5,0.001882198
kick,50,6,0.001872657
kick,50,7,0.001881668
kick,50,8,0.001877058
kick,50,9,0.001881918
kick,50,10,0.001873968
kick,50,11,0.001881688
kick,50,12,0.001875598
kick,50,13,0.001880328
kick,50,14,0.001876798
kick,50,15,0.001881858
kick,50,16,0.001874628
kick,50,17,0.001882048
kick,50,18,0.001876148
kick,50,19,0.001879408
drift,50,0,0.001828708
drift,50,1,0.001847017
drift,50,2,0.001846038
drift,50,3,0.001832538
drift,50,4,0.001847997
drift,50,5,0.001831058
drift,50,6,0.001853027
drift,50,7,0.001838227
drift,50,8,0.001844888
drift,50,9,0.001844837
particleBC,50,0,0.003712496
particleBC,50,1,0.003711676
particleBC,50,2,0.003712835
particleBC,50,3,0.003719706
particleBC,50,4,0.003715966
particleBC,50,5,0.003717545
particleBC,50,6,0.003714136
particleBC,50,7,0.003721556
particleBC,50,8,0.003714096
particleBC,50,9,0.003716816
updateParticle,50,0,0.015295504
updateParticle,50,1,0.012811894
updateParticle,50,2,0.01432475
updateParticle,50,3,0.012428982
updateParticle,50,4,0.013850218
updateParticle,50,5,0.012133771
updateParticle,50,6,0.012214561
updateParticle,50,7,0.011050467
updateParticle,50,8,0.01195829
updateParticle,50,9,0.012236351
locateParticles,50,0,0.001511216
locateParticles,50,1,0.001507266
locateParticles,50,2,0.001523177
locateParticles,50,3,0.001523796
locateParticles,50,4,0.001550677
locateParticles,50,5,0.001521887
locateParticles,50,6,0.001505556
locateParticles,50,7,0.001522186
locateParticles,50,8,0.001513716
locateParticles,50,9,0.001512626
sendPreprocess,50,0,0.000781944
sendPreprocess,50,1,0.000792204
sendPreprocess,50,2,0.000777103
sendPreprocess,50,3,0.000782293
sendPreprocess,50,4,0.000745773
sendPreprocess,50,5,0.000777483
sendPreprocess,50,6,0.000772584
sendPreprocess,50,7,0.000805064
sendPreprocess,50,8,0.000831164
sendPreprocess,50,9,0.000888174
particleSend,50,0,0.001286435
particleSend,50,1,0.001237565
particleSend,50,2,0.001340045
particleSend,50,3,0.001338746
particleSend,50,4,0.001271205
particleSend,50,5,0.001280465
particleSend,50,6,0.001322975
particleSend,50,7,0.001282505
particleSend,50,8,0.001320945
particleSend,50,9,0.001232495
particleRecv,50,0,3.044e-05
particleRecv,50,1,3.345e-05
particleRecv,50,2,3.9111e-05
particleRecv,50,3,5.151e-05
particleRecv,50,4,3.036e-05
particleRecv,50,5,3.6971e-05
particleRecv,50,6,4.094e-05
particleRecv,50,7,4.076e-05
particleRecv,50,8,3.84e-05
particleRecv,50,9,3.154e-05
particleDestroy,50,0,0.005101642
particleDestroy,50,1,0.005067321
particleDestroy,50,2,0.005109901
particleDestroy,50,3,0.005063772
particleDestroy,50,4,0.005092532
particleDestroy,50,5,0.005088641
particleDestroy,50,6,0.005096812
particleDestroy,50,7,0.005078752
particleDestroy,50,8,0.005080752
particleDestroy,50,9,0.005088562
ScatterPIFNUFFT,50,0,0.529779405
ScatterPIFNUFFT,50,1,0.001115565
ScatterPIFNUFFT,50,2,0.531552293
ScatterPIFNUFFT,50,3,0.001113475
ScatterPIFNUFFT,50,4,0.531433502
ScatterPIFNUFFT,50,5,0.001112365
ScatterPIFNUFFT,50,6,0.532133885
ScatterPIFNUFFT,50,7,0.001113855
ScatterPIFNUFFT,50,8,0.531081651
ScatterPIFNUFFT,50,9,0.001110665
ScatterPIFNUFFT,50,10,0.533867902
ScatterPIFNUFFT,50,11,0.001115574
ScatterPIFNUFFT,50,12,0.530612699
ScatterPIFNUFFT,50,13,0.001111065
ScatterPIFNUFFT,50,14,0.530678479
ScatterPIFNUFFT,50,15,0.001113414
ScatterPIFNUFFT,50,16,0.526875024
ScatterPIFNUFFT,50,17,0.001110684
ScatterPIFNUFFT,50,18,0.533200889
ScatterPIFNUFFT,50,19,0.001113395
NativeNUFFT1,50,0,0.525419627
NativeNUFFT1,50,1,0.527295735
NativeNUFFT1,50,2,0.527630276
NativeNUFFT1,50,3,0.527526155
NativeNUFFT1,50,4,0.526643462
NativeNUFFT1,50,5,0.529689935
NativeNUFFT1,50,6,0.52613245
NativeNUFFT1,50,7,0.526886383
NativeNUFFT1,50,8,0.522479935
NativeNUFFT1,50,9,0.528971382
scatterTimerNUFFT1,50,0,0.038349031
scatterTimerNUFFT1,50,1,0.039561936
scatterTimerNUFFT1,50,2,0.039973847
scatterTimerNUFFT1,50,3,0.04047113
scatterTimerNUFFT1,50,4,0.038344541
scatterTimerNUFFT1,50,5,0.040857092
scatterTimerNUFFT1,50,6,0.040117359
scatterTimerNUFFT1,50,7,0.041377234
scatterTimerNUFFT1,50,8,0.039967958
scatterTimerNUFFT1,50,9,0.039145645
binSort,50,0,0.00933585
binSort,50,1,0.009380579
binSort,50,2,0.00938824
binSort,50,3,0.00938588
binSort,50,4,0.00935377
binSort,50,5,0.00938747
binSort,50,6,0.009386449
binSort,50,7,0.00939518
binSort,50,8,0.00934696
binSort,50,9,0.009404019
binSort,50,10,0.009380169
binSort,50,11,0.009388909
binSort,50,12,0.00934313
binSort,50,13,0.009375489
binSort,50,14,0.00938301
binSort,50,15,0.009379619
binSort,50,16,0.009337389
binSort,50,17,0.00940011
binSort,50,18,0.009388049
binSort,50,19,0.009384749
binSort,50,20,0.009339599
binSort,50,21,0.00940906
binSort,50,22,0.009389019
binSort,50,23,0.009396169
binSort,50,24,0.00933647
binSort,50,25,0.009391879
binSort,50,26,0.00939373
binSort,50,27,0.00938559
binSort,50,28,0.00933878
binSort,50,29,0.009400939
binSort,50,30,0.009402959
binSort,50,31,0.009394529
binSort,50,32,0.00935207
binSort,50,33,0.00939218
binSort,50,34,0.009396699
binSort,50,35,0.00939959
binSort,50,36,0.009351389
binSort,50,37,0.009387169
binSort,50,38,0.009373709
binSort,50,39,0.009365589
binComputeKeys,50,0,0.001016315
binComputeKeys,50,1,0.001017694
binComputeKeys,50,2,0.001018155
binComputeKeys,50,3,0.001018464
binComputeKeys,50,4,0.001018765
binComputeKeys,50,5,0.001020355
binComputeKeys,50,6,0.001024584
binComputeKeys,50,7,0.001020544
binComputeKeys,50,8,0.001016285
binComputeKeys,50,9,0.001018404
binComputeKeys,50,10,0.001019274
binComputeKeys,50,11,0.001016504
binComputeKeys,50,12,0.001014975
binComputeKeys,50,13,0.001020134
binComputeKeys,50,14,0.001018995
binComputeKeys,50,15,0.001018004
binComputeKeys,50,16,0.001014824
binComputeKeys,50,17,0.001021585
binComputeKeys,50,18,0.001020034
binComputeKeys,50,19,0.001018284
binComputeKeys,50,20,0.001020814
binComputeKeys,50,21,0.001018195
binComputeKeys,50,22,0.001018114
binComputeKeys,50,23,0.001018524
binComputeKeys,50,24,0.001016434
binComputeKeys,50,25,0.001017014
binComputeKeys,50,26,0.001019034
binComputeKeys,50,27,0.001020125
binComputeKeys,50,28,0.001017005
binComputeKeys,50,29,0.001019744
binComputeKeys,50,30,0.001020004
binComputeKeys,50,31,0.001018194
binComputeKeys,50,32,0.001015705
binComputeKeys,50,33,0.001020784
binComputeKeys,50,34,0.001020364
binComputeKeys,50,35,0.001018585
binComputeKeys,50,36,0.001017694
binComputeKeys,50,37,0.001019324
binComputeKeys,50,38,0.001016694
binComputeKeys,50,39,0.001018534
binSortByKey,50,0,0.008059813
binSortByKey,50,1,0.008096284
binSortByKey,50,2,0.008105544
binSortByKey,50,3,0.008102875
binSortByKey,50,4,0.008075984
binSortByKey,50,5,0.008102704
binSortByKey,50,6,0.008098384
binSortByKey,50,7,0.008111395
binSortByKey,50,8,0.008071094
binSortByKey,50,9,0.008121164
binSortByKey,50,10,0.008097064
binSortByKey,50,11,0.008107924
binSortByKey,50,12,0.008068724
binSortByKey,50,13,0.008090804
binSortByKey,50,14,0.008098374
binSortByKey,50,15,0.008097654
binSortByKey,50,16,0.008061984
binSortByKey,50,17,0.008113334
binSortByKey,50,18,0.008103854
binSortByKey,50,19,0.008102004
binSortByKey,50,20,0.008058744
binSortByKey,50,21,0.008125334
binSortByKey,50,22,0.008107584
binSortByKey,50,23,0.008114054
binSortByKey,50,24,0.008055874
binSortByKey,50,25,0.008110904
binSortByKey,50,26,0.008109765
binSortByKey,50,27,0.008100474
binSortByKey,50,28,0.008062594
binSortByKey,50,29,0.008116654
binSortByKey,50,30,0.008117704
binSortByKey,50,31,0.008113044
binSortByKey,50,32,0.008071613
binSortByKey,50,33,0.008106694
binSortByKey,50,34,0.008111584
binSortByKey,50,35,0.008115504
binSortByKey,50,36,0.008073794
binSortByKey,50,37,0.008096814
binSortByKey,50,38,0.008091994
binSortByKey,50,39,0.008083494
binComputeOffsets,50,0,0.000250501
binComputeOffsets,50,1,0.000256631
binComputeOffsets,50,2,0.000254771
binComputeOffsets,50,3,0.000255211
binComputeOffsets,50,4,0.000249721
binComputeOffsets,50,5,0.000254941
binComputeOffsets,50,6,0.000253221
binComputeOffsets,50,7,0.000253811
binComputeOffsets,50,8,0.000250301
binComputeOffsets,50,9,0.000255131
binComputeOffsets,50,10,0.000254511
binComputeOffsets,50,11,0.000255091
binComputeOffsets,50,12,0.000250171
binComputeOffsets,50,13,0.000255031
binComputeOffsets,50,14,0.000256151
binComputeOffsets,50,15,0.000254431
binComputeOffsets,50,16,0.000250541
binComputeOffsets,50,17,0.000255501
binComputeOffsets,50,18,0.000254801
binComputeOffsets,50,19,0.000254731
binComputeOffsets,50,20,0.000250381
binComputeOffsets,50,21,0.000255261
binComputeOffsets,50,22,0.000253641
binComputeOffsets,50,23,0.000254211
binComputeOffsets,50,24,0.000254871
binComputeOffsets,50,25,0.000254571
binComputeOffsets,50,26,0.000255131
binComputeOffsets,50,27,0.000254741
binComputeOffsets,50,28,0.000249911
binComputeOffsets,50,29,0.000255221
binComputeOffsets,50,30,0.000254611
binComputeOffsets,50,31,0.000253871
binComputeOffsets,50,32,0.000249442
binComputeOffsets,50,33,0.000255352
binComputeOffsets,50,34,0.000255251
binComputeOffsets,50,35,0.000255501
binComputeOffsets,50,36,0.000250631
binComputeOffsets,50,37,0.000261581
binComputeOffsets,50,38,0.000255391
binComputeOffsets,50,39,0.000253981
FFTNUFFT1,50,0,0.486596574
FFTNUFFT1,50,1,0.487264377
FFTNUFFT1,50,2,0.487178107
FFTNUFFT1,50,3,0.486578943
FFTNUFFT1,50,4,0.487815039
FFTNUFFT1,50,5,0.488359301
FFTNUFFT1,50,6,0.485543999
FFTNUFFT1,50,7,0.485037667
FFTNUFFT1,50,8,0.482027115
FFTNUFFT1,50,9,0.489351535
deconvolutionNUFFT1,50,0,0.000462872
deconvolutionNUFFT1,50,1,0.000457952
deconvolutionNUFFT1,50,2,0.000467112
deconvolutionNUFFT1,50,3,0.000464651
deconvolutionNUFFT1,50,4,0.000470252
deconvolutionNUFFT1,50,5,0.000462742
deconvolutionNUFFT1,50,6,0.000459812
deconvolutionNUFFT1,50,7,0.000459942
deconvolutionNUFFT1,50,8,0.000470072
deconvolutionNUFFT1,50,9,0.000461822
GatherPIFNUFFT,50,0,1.554165888
GatherPIFNUFFT,50,1,1.558879267
GatherPIFNUFFT,50,2,1.558578636
GatherPIFNUFFT,50,3,1.55950433
GatherPIFNUFFT,50,4,1.556469028
GatherPIFNUFFT,50,5,1.555973616
GatherPIFNUFFT,50,6,1.557406622
GatherPIFNUFFT,50,7,1.560309634
GatherPIFNUFFT,50,8,1.560757485
GatherPIFNUFFT,50,9,1.553009443
NativeNUFFT2,50,0,0.509947472
NativeNUFFT2,50,1,0.513588927
NativeNUFFT2,50,2,0.515005654
NativeNUFFT2,50,3,0.513795698
NativeNUFFT2,50,4,0.51421104
NativeNUFFT2,50,5,0.515245644
NativeNUFFT2,50,6,0.512735273
NativeNUFFT2,50,7,0.512474303
NativeNUFFT2,50,8,0.517746475
NativeNUFFT2,50,9,0.512706243
NativeNUFFT2,50,10,0.514595891
NativeNUFFT2,50,11,0.5165652
NativeNUFFT2,50,12,0.512854165
NativeNUFFT2,50,13,0.513247656
NativeNUFFT2,50,14,0.514737432
NativeNUFFT2,50,15,0.510619315
NativeNUFFT2,50,16,0.515288104
NativeNUFFT2,50,17,0.51442266
NativeNUFFT2,50,18,0.517102862
NativeNUFFT2,50,19,0.51189076
NativeNUFFT2,50,20,0.512798444
NativeNUFFT2,50,21,0.516215498
NativeNUFFT2,50,22,0.513327256
NativeNUFFT2,50,23,0.515149533
NativeNUFFT2,50,24,0.515269305
NativeNUFFT2,50,25,0.514789222
NativeNUFFT2,50,26,0.515039373
NativeNUFFT2,50,27,0.509159539
NativeNUFFT2,50,28,0.512926084
NativeNUFFT2,50,29,0.515306014
PrecorrectionNUFFT2,50,0,0.000890304
PrecorrectionNUFFT2,50,1,0.000861333
PrecorrectionNUFFT2,50,2,0.000862234
PrecorrectionNUFFT2,50,3,0.000886573
PrecorrectionNUFFT2,50,4,0.000869614
PrecorrectionNUFFT2,50,5,0.000867974
PrecorrectionNUFFT2,50,6,0.000888264
PrecorrectionNUFFT2,50,7,0.000861694
PrecorrectionNUFFT2,50,8,0.000865334
PrecorrectionNUFFT2,50,9,0.000889293
PrecorrectionNUFFT2,50,10,0.000867104
PrecorrectionNUFFT2,50,11,0.000864614
PrecorrectionNUFFT2,50,12,0.000888854
PrecorrectionNUFFT2,50,13,0.000864254
PrecorrectionNUFFT2,50,14,0.000863374
PrecorrectionNUFFT2,50,15,0.000885244
PrecorrectionNUFFT2,50,16,0.000857533
PrecorrectionNUFFT2,50,17,0.000862913
PrecorrectionNUFFT2,50,18,0.000890624
PrecorrectionNUFFT2,50,19,0.000862224
PrecorrectionNUFFT2,50,20,0.000865114
PrecorrectionNUFFT2,50,21,0.000887434
PrecorrectionNUFFT2,50,22,0.000869723
PrecorrectionNUFFT2,50,23,0.000862923
PrecorrectionNUFFT2,50,24,0.000888124
PrecorrectionNUFFT2,50,25,0.000862273
PrecorrectionNUFFT2,50,26,0.000864073
PrecorrectionNUFFT2,50,27,0.000894024
PrecorrectionNUFFT2,50,28,0.000865053
PrecorrectionNUFFT2,50,29,0.000862423
FFTNUFFT2,50,0,0.481965934
FFTNUFFT2,50,1,0.484014133
FFTNUFFT2,50,2,0.485209658
FFTNUFFT2,50,3,0.481167491
FFTNUFFT2,50,4,0.484212264
FFTNUFFT2,50,5,0.487907299
FFTNUFFT2,50,6,0.478363469
FFTNUFFT2,50,7,0.481380832
FFTNUFFT2,50,8,0.484798286
FFTNUFFT2,50,9,0.483877533
FFTNUFFT2,50,10,0.485136397
FFTNUFFT2,50,11,0.487154976
FFTNUFFT2,50,12,0.481636613
FFTNUFFT2,50,13,0.481344472
FFTNUFFT2,50,14,0.484275304
FFTNUFFT2,50,15,0.484320964
FFTNUFFT2,50,16,0.486181632
FFTNUFFT2,50,17,0.489235734
FFTNUFFT2,50,18,0.488847473
FFTNUFFT2,50,19,0.48338314
FFTNUFFT2,50,20,0.483654861
FFTNUFFT2,50,21,0.482408346
FFTNUFFT2,50,22,0.486230802
FFTNUFFT2,50,23,0.48319578
FFTNUFFT2,50,24,0.485397519
FFTNUFFT2,50,25,0.482182656
FFTNUFFT2,50,26,0.48328396
FFTNUFFT2,50,27,0.481779534
FFTNUFFT2,50,28,0.484898037
FFTNUFFT2,50,29,0.488102951
GatherNUFFT2,50,0,0.027069544
GatherNUFFT2,50,1,0.028693531
GatherNUFFT2,50,2,0.028914192
GatherNUFFT2,50,3,0.031721904
GatherNUFFT2,50,4,0.029109382
GatherNUFFT2,50,5,0.026450161
GatherNUFFT2,50,6,0.03346375
GatherNUFFT2,50,7,0.030211757
GatherNUFFT2,50,8,0.032063055
GatherNUFFT2,50,9,0.027918877
GatherNUFFT2,50,10,0.0285728
GatherNUFFT2,50,11,0.02852541
GatherNUFFT2,50,12,0.030308408
GatherNUFFT2,50,13,0.03101845
GatherNUFFT2,50,14,0.029578994
GatherNUFFT2,50,15,0.025392707
GatherNUFFT2,50,16,0.028228639
GatherNUFFT2,50,17,0.024303162
GatherNUFFT2,50,18,0.027345034
GatherNUFFT2,50,19,0.027625326
GatherNUFFT2,50,20,0.028258529
GatherNUFFT2,50,21,0.032900318
GatherNUFFT2,50,22,0.02620668
GatherNUFFT2,50,23,0.03106533
GatherNUFFT2,50,24,0.028962902
GatherNUFFT2,50,25,0.031723643
GatherNUFFT2,50,26,0.03087133
GatherNUFFT2,50,27,0.026466421
GatherNUFFT2,50,28,0.027142634
GatherNUFFT2,50,29,0.02632071
mainTimer,51,0,21.264704598
dumpData,51,0,0.010307963
dumpData,51,1,0.010435964
dumpData,51,2,0.011867349
dumpData,51,3,0.010295854
dumpData,51,4,0.012104731
dumpData,51,5,0.010216633
dumpData,51,6,0.010748565
dumpData,51,7,0.010303083
dumpData,51,8,0.012141371
dumpData,51,9,0.01197481
kick,51,0,0.001722647
kick,51,1,0.001766877
kick,51,2,0.001764268
kick,51,3,0.001767118
kick,51,4,0.001762227
kick,51,5,0.001768388
kick,51,6,0.001725157
kick,51,7,0.001768837
kick,51,8,0.001763957
kick,51,9,0.001768507
kick,51,10,0.001718737
kick,51,11,0.001769728
kick,51,12,0.001765447
kick,51,13,0.001772788
kick,51,14,0.001752897
kick,51,15,0.001775587
kick,51,16,0.001762898
kick,51,17,0.001767868
kick,51,18,0.001719387
kick,51,19,0.001767617
drift,51,0,0.001718967
drift,51,1,0.001720967
drift,51,2,0.001721338
drift,51,3,0.001722757
drift,51,4,0.001722417
drift,51,5,0.001720118
drift,51,6,0.001721297
drift,51,7,0.001718887
drift,51,8,0.001727927
drift,51,9,0.001720457
particleBC,51,0,0.003488875
particleBC,51,1,0.003487355
particleBC,51,2,0.003486844
particleBC,51,3,0.003493265
particleBC,51,4,0.003494085
particleBC,51,5,0.003494884
particleBC,51,6,0.003490575
particleBC,51,7,0.003493115
particleBC,51,8,0.003499285
particleBC,51,9,0.003491505
updateParticle,51,0,0.015572365
updateParticle,51,1,0.012918124
updateParticle,51,2,0.013546947
updateParticle,51,3,0.013172175
updateParticle,51,4,0.01434508
updateParticle,51,5,0.01185595
updateParticle,51,6,0.012711833
updateParticle,51,7,0.012090221
updateParticle,51,8,0.012163351
updateParticle,51,9,0.012245131
locateParticles,51,0,0.001455196
locateParticles,51,1,0.001485916
locateParticles,51,2,0.001476196
locateParticles,51,3,0.001479306
locateParticles,51,4,0.001460486
locateParticles,51,5,0.001468157
locateParticles,51,6,0.001458696
locateParticles,51,7,0.001491086
locateParticles,51,8,0.001501686
locateParticles,51,9,0.001474756
sendPreprocess,51,0,0.001295746
sendPreprocess,51,1,0.001274786
sendPreprocess,51,2,0.001289306
sendPreprocess,51,3,0.001307995
sendPreprocess,51,4,0.001296696
sendPreprocess,51,5,0.001318915
sendPreprocess,51,6,0.001286686
sendPreprocess,51,7,0.001301766
sendPreprocess,51,8,0.001279796
sendPreprocess,51,9,0.001430456
particleSend,51,0,0.001287495
particleSend,51,1,0.001233205
particleSend,51,2,0.001209705
particleSend,51,3,0.001215396
particleSend,51,4,0.001267525
particleSend,51,5,0.001268065
particleSend,51,6,0.001209895
particleSend,51,7,0.001294795
particleSend,51,8,0.001237545
particleSend,51,9,0.001224345
particleRecv,51,0,3.685e-05
particleRecv,51,1,3.141e-05
particleRecv,51,2,3.138e-05
particleRecv,51,3,3.918e-05
particleRecv,51,4,3.54e-05
particleRecv,51,5,3.7301e-05
particleRecv,51,6,3.303e-05
particleRecv,51,7,3.329e-05
particleRecv,51,8,4.669e-05
particleRecv,51,9,3.277e-05
particleDestroy,51,0,0.004982011
particleDestroy,51,1,0.005000941
particleDestroy,51,2,0.005003921
particleDestroy,51,3,0.004977911
particleDestroy,51,4,0.005006811
particleDestroy,51,5,0.00497784
particleDestroy,51,6,0.004981391
particleDestroy,51,7,0.004998681
particleDestroy,51,8,0.005015671
particleDestroy,51,9,0.004977741
ScatterPIFNUFFT,51,0,0.528378699
ScatterPIFNUFFT,51,1,0.001108714
ScatterPIFNUFFT,51,2,0.52856087
ScatterPIFNUFFT,51,3,0.001113475
ScatterPIFNUFFT,51,4,0.529773805
ScatterPIFNUFFT,51,5,0.001109585
ScatterPIFNUFFT,51,6,0.524435372
ScatterPIFNUFFT,51,7,0.001113905
ScatterPIFNUFFT,51,8,0.527485246
ScatterPIFNUFFT,51,9,0.001110545
ScatterPIFNUFFT,51,10,0.524796554
ScatterPIFNUFFT,51,11,0.001110405
ScatterPIFNUFFT,51,12,0.527949298
ScatterPIFNUFFT,51,13,0.001112315
ScatterPIFNUFFT,51,14,0.531004731
ScatterPIFNUFFT,51,15,0.001114875
ScatterPIFNUFFT,51,16,0.527214716
ScatterPIFNUFFT,51,17,0.001116215
ScatterPIFNUFFT,51,18,0.529730295
ScatterPIFNUFFT,51,19,0.001114255
NativeNUFFT1,51,0,0.524015991
NativeNUFFT1,51,1,0.524131732
NativeNUFFT1,51,2,0.525807589
NativeNUFFT1,51,3,0.520107604
NativeNUFFT1,51,4,0.523197278
NativeNUFFT1,51,5,0.520056164
NativeNUFFT1,51,6,0.523567229
NativeNUFFT1,51,7,0.526550222
NativeNUFFT1,51,8,0.522825297
NativeNUFFT1,51,9,0.525209046
scatterTimerNUFFT1,51,0,0.039156465
scatterTimerNUFFT1,51,1,0.039378646
scatterTimerNUFFT1,51,2,0.04049808
scatterTimerNUFFT1,51,3,0.040224249
scatterTimerNUFFT1,51,4,0.039026314
scatterTimerNUFFT1,51,5,0.040370999
scatterTimerNUFFT1,51,6,0.038948073
scatterTimerNUFFT1,51,7,0.039642307
scatterTimerNUFFT1,51,8,0.039657647
scatterTimerNUFFT1,51,9,0.039080504
binSort,51,0,0.008771427
binSort,51,1,0.008813187
binSort,51,2,0.008809277
binSort,51,3,0.008815588
binSort,51,4,0.008769247
binSort,51,5,0.008811707
binSort,51,6,0.008820177
binSort,51,7,0.008830687
binSort,51,8,0.008773957
binSort,51,9,0.008823377
binSort,51,10,0.008810057
binSort,51,11,0.008802187
binSort,51,12,0.008766346
binSort,51,13,0.008824618
binSort,51,14,0.008818807
binSort,51,15,0.008815517
binSort,51,16,0.008767107
binSort,51,17,0.008820557
binSort,51,18,0.008814377
binSort,51,19,0.008815787
binSort,51,20,0.008772057
binSort,51,21,0.008804737
binSort,51,22,0.008811107
binSort,51,23,0.008804937
binSort,51,24,0.008766877
binSort,51,25,0.008826287
binSort,51,26,0.008811777
binSort,51,27,0.008812857
binSort,51,28,0.008782467
binSort,51,29,0.008811607
binSort,51,30,0.008809097
binSort,51,31,0.008897108
binSort,51,32,0.008781967
binSort,51,33,0.008814937
binSort,51,34,0.008807327
binSort,51,35,0.008816177
binSort,51,36,0.008770886
binSort,51,37,0.008843197
binSort,51,38,0.008831657
binSort,51,39,0.008860207
binComputeKeys,51,0,0.000956254
binComputeKeys,51,1,0.000954894
binComputeKeys,51,2,0.000957524
binComputeKeys,51,3,0.000959314
binComputeKeys,51,4,0.000954234
binComputeKeys,51,5,0.000955534
binComputeKeys,51,6,0.000959964
binComputeKeys,51,7,0.000957734
binComputeKeys,51,8,0.000954894
binComputeKeys,51,9,0.000959744
binComputeKeys,51,10,0.000957724
binComputeKeys,51,11,0.000954874
binComputeKeys,51,12,0.000958724
binComputeKeys,51,13,0.000956055
binComputeKeys,51,14,0.000955734
binComputeKeys,51,15,0.000958034
binComputeKeys,51,16,0.000954894
binComputeKeys,51,17,0.000958364
binComputeKeys,51,18,0.000955024
binComputeKeys,51,19,0.000955964
binComputeKeys,51,20,0.000955684
binComputeKeys,51,21,0.000956854
binComputeKeys,51,22,0.000957954
binComputeKeys,51,23,0.000956414
binComputeKeys,51,24,0.000955394
binComputeKeys,51,25,0.000970504
binComputeKeys,51,26,0.000957414
binComputeKeys,51,27,0.000957384
binComputeKeys,51,28,0.000956014
binComputeKeys,51,29,0.000957134
binComputeKeys,51,30,0.000955254
binComputeKeys,51,31,0.000970074
binComputeKeys,51,32,0.000955354
binComputeKeys,51,33,0.000956864
binComputeKeys,51,34,0.000956344
binComputeKeys,51,35,0.000958254
binComputeKeys,51,36,0.000956604
binComputeKeys,51,37,0.000957404
binComputeKeys,51,38,0.000958174
binComputeKeys,51,39,0.000957634
binSortByKey,51,0,0.007569152
binSortByKey,51,1,0.007606932
binSortByKey,51,2,0.007601112
binSortByKey,51,3,0.007604222
binSortByKey,51,4,0.007569022
binSortByKey,51,5,0.007606032
binSortByKey,51,6,0.007607922
binSortByKey,51,7,0.007619952
binSortByKey,51,8,0.007572722
binSortByKey,51,9,0.007611332
binSortByKey,51,10,0.007601572
binSortByKey,51,11,0.007595702
binSortByKey,51,12,0.007561471
binSortByKey,51,13,0.007616581
binSortByKey,51,14,0.007611672
binSortByKey,51,15,0.007607332
binSortByKey,51,16,0.007565412
binSortByKey,51,17,0.007609472
binSortByKey,51,18,0.007608332
binSortByKey,51,19,0.007607902
binSortByKey,51,20,0.007569052
binSortByKey,51,21,0.007596862
binSortByKey,51,22,0.007600482
binSortByKey,51,23,0.007598582
binSortByKey,51,24,0.007565392
binSortByKey,51,25,0.007600252
binSortByKey,51,26,0.007601422
binSortByKey,51,27,0.007604302
binSortByKey,51,28,0.007580522
binSortByKey,51,29,0.007603991
binSortByKey,51,30,0.007603692
binSortByKey,51,31,0.007653053
binSortByKey,51,32,0.007576562
binSortByKey,51,33,0.007606972
binSortByKey,51,34,0.007600452
binSortByKey,51,35,0.007603662
binSortByKey,51,36,0.007567891
binSortByKey,51,37,0.007633332
binSortByKey,51,38,0.007621882
binSortByKey,51,39,0.007638552
binComputeOffsets,51,0,0.000236351
binComputeOffsets,51,1,0.000241601
binComputeOffsets,51,2,0.000241221
binComputeOffsets,51,3,0.000241671
binComputeOffsets,51,4,0.000236671
binComputeOffsets,51,5,0.000240791
binComputeOffsets,51,6,0.000241841
binComputeOffsets,51,7,0.000242431
binComputeOffsets,51,8,0.000236961
binComputeOffsets,51,9,0.000242371
binComputeOffsets,51,10,0.000241391
binComputeOffsets,51,11,0.000242221
binComputeOffsets,51,12,0.000236491
binComputeOffsets,51,13,0.000241992
binComputeOffsets,51,14,0.000241511
binComputeOffsets,51,15,0.000240731
binComputeOffsets,51,16,0.000236091
binComputeOffsets,51,17,0.000242341
binComputeOffsets,51,18,0.000241581
binComputeOffsets,51,19,0.000241971
binComputeOffsets,51,20,0.000237351
binComputeOffsets,51,21,0.000241631
binComputeOffsets,51,22,0.000242771
binComputeOffsets,51,23,0.000239921
binComputeOffsets,51,24,0.000236711
binComputeOffsets,51,25,0.000246031
binComputeOffsets,51,26,0.000242291
binComputeOffsets,51,27,0.000241151
binComputeOffsets,51,28,0.000236231
binComputeOffsets,51,29,0.000240981
binComputeOffsets,51,30,0.000240711
binComputeOffsets,51,31,0.000256221
binComputeOffsets,51,32,0.000236771
binComputeOffsets,51,33,0.000241651
binComputeOffsets,51,34,0.000240701
binComputeOffsets,51,35,0.000243891
binComputeOffsets,51,36,0.000237011
binComputeOffsets,51,37,0.000242241
binComputeOffsets,51,38,0.000242111
binComputeOffsets,51,39,0.000242481
FFTNUFFT1,51,0,0.484379624
FFTNUFFT1,51,1,0.484281514
FFTNUFFT1,51,2,0.484817677
FFTNUFFT1,51,3,0.479408113
FFTNUFFT1,51,4,0.483699522
FFTNUFFT1,51,5,0.479208313
FFTNUFFT1,51,6,0.484132584
FFTNUFFT1,51,7,0.486429793
FFTNUFFT1,51,8,0.482671458
FFTNUFFT1,51,9,0.4856553
deconvolutionNUFFT1,51,0,0.000468872
deconvolutionNUFFT1,51,1,0.000459892
deconvolutionNUFFT1,51,2,0.000480462
deconvolutionNUFFT1,51,3,0.000463972
deconvolutionNUFFT1,51,4,0.000459302
deconvolutionNUFFT1,51,5,0.000464412
deconvolutionNUFFT1,51,6,0.000474342
deconvolutionNUFFT1,51,7,0.000466652
deconvolutionNUFFT1,51,8,0.000480712
deconvolutionNUFFT1,51,9,0.000461472
GatherPIFNUFFT,51,0,1.55459665
GatherPIFNUFFT,51,1,1.561052446
GatherPIFNUFFT,51,2,1.561243977
GatherPIFNUFFT,51,3,1.565788426
GatherPIFNUFFT,51,4,1.557876634
GatherPIFNUFFT,51,5,1.56425122
GatherPIFNUFFT,51,6,1.558782697
GatherPIFNUFFT,51,7,1.558329445
GatherPIFNUFFT,51,8,1.5593854
GatherPIFNUFFT,51,9,1.556250896
NativeNUFFT2,51,0,0.509924202
NativeNUFFT2,51,1,0.514043949
NativeNUFFT2,51,2,0.515264934
NativeNUFFT2,51,3,0.516209279
NativeNUFFT2,51,4,0.513415057
NativeNUFFT2,51,5,0.516506609
NativeNUFFT2,51,6,0.514692502
NativeNUFFT2,51,7,0.513756858
NativeNUFFT2,51,8,0.517874895
NativeNUFFT2,51,9,0.520100845
NativeNUFFT2,51,10,0.513803648
NativeNUFFT2,51,11,0.516963332
NativeNUFFT2,51,12,0.516480039
NativeNUFFT2,51,13,0.512465333
NativeNUFFT2,51,14,0.514023038
NativeNUFFT2,51,15,0.519472872
NativeNUFFT2,51,16,0.515585476
NativeNUFFT2,51,17,0.51427269
NativeNUFFT2,51,18,0.518761519
NativeNUFFT2,51,19,0.512185261
NativeNUFFT2,51,20,0.512903344
NativeNUFFT2,51,21,0.51413507
NativeNUFFT2,51,22,0.514722621
NativeNUFFT2,51,23,0.514553072
NativeNUFFT2,51,24,0.514814292
NativeNUFFT2,51,25,0.515123204
NativeNUFFT2,51,26,0.514507302
NativeNUFFT2,51,27,0.51189782
NativeNUFFT2,51,28,0.513631798
NativeNUFFT2,51,29,0.515833797
PrecorrectionNUFFT2,51,0,0.000894824
PrecorrectionNUFFT2,51,1,0.000862164
PrecorrectionNUFFT2,51,2,0.000870064
PrecorrectionNUFFT2,51,3,0.000885404
PrecorrectionNUFFT2,51,4,0.000863324
PrecorrectionNUFFT2,51,5,0.000862153
PrecorrectionNUFFT2,51,6,0.000893834
PrecorrectionNUFFT2,51,7,0.000866464
PrecorrectionNUFFT2,51,8,0.000866393
PrecorrectionNUFFT2,51,9,0.000883944
PrecorrectionNUFFT2,51,10,0.000867143
PrecorrectionNUFFT2,51,11,0.000867034
PrecorrectionNUFFT2,51,12,0.000890724
PrecorrectionNUFFT2,51,13,0.000858374
PrecorrectionNUFFT2,51,14,0.000861623
PrecorrectionNUFFT2,51,15,0.000885923
PrecorrectionNUFFT2,51,16,0.000867854
PrecorrectionNUFFT2,51,17,0.000857643
PrecorrectionNUFFT2,51,18,0.000895954
PrecorrectionNUFFT2,51,19,0.000869764
PrecorrectionNUFFT2,51,20,0.000862224
PrecorrectionNUFFT2,51,21,0.000889104
PrecorrectionNUFFT2,51,22,0.000866503
PrecorrectionNUFFT2,51,23,0.000884604
PrecorrectionNUFFT2,51,24,0.000892294
PrecorrectionNUFFT2,51,25,0.000860334
PrecorrectionNUFFT2,51,26,0.000862084
PrecorrectionNUFFT2,51,27,0.000892234
PrecorrectionNUFFT2,51,28,0.000863044
PrecorrectionNUFFT2,51,29,0.000863574
FFTNUFFT2,51,0,0.478249858
FFTNUFFT2,51,1,0.484318004
FFTNUFFT2,51,2,0.486048661
FFTNUFFT2,51,3,0.478831111
FFTNUFFT2,51,4,0.484852076
FFTNUFFT2,51,5,0.482088735
FFTNUFFT2,51,6,0.485214228
FFTNUFFT2,51,7,0.48331604
FFTNUFFT2,51,8,0.485869801
FFTNUFFT2,51,9,0.488662172
FFTNUFFT2,51,10,0.485302868
FFTNUFFT2,51,11,0.48564785
FFTNUFFT2,51,12,0.486821085
FFTNUFFT2,51,13,0.485047027
FFTNUFFT2,51,14,0.486389923
FFTNUFFT2,51,15,0.491561095
FFTNUFFT2,51,16,0.486196312
FFTNUFFT2,51,17,0.479528855
FFTNUFFT2,51,18,0.483951103
FFTNUFFT2,51,19,0.485242828
FFTNUFFT2,51,20,0.484307554
FFTNUFFT2,51,21,0.484805406
FFTNUFFT2,51,22,0.478884852
FFTNUFFT2,51,23,0.486390323
FFTNUFFT2,51,24,0.482413756
FFTNUFFT2,51,25,0.489340965
FFTNUFFT2,51,26,0.479958566
FFTNUFFT2,51,27,0.482812498
FFTNUFFT2,51,28,0.482910748
FFTNUFFT2,51,29,0.485522189
GatherNUFFT2,51,0,0.03075922
GatherNUFFT2,51,1,0.028842981
GatherNUFFT2,51,2,0.028325959
GatherNUFFT2,51,3,0.036472764
GatherNUFFT2,51,4,0.027679366
GatherNUFFT2,51,5,0.033535411
GatherNUFFT2,51,6,0.0285648
GatherNUFFT2,51,7,0.029554434
GatherNUFFT2,51,8,0.031118161
GatherNUFFT2,51,9,0.030535349
GatherNUFFT2,51,10,0.027612826
GatherNUFFT2,51,11,0.030428348
GatherNUFFT2,51,12,0.02874812
GatherNUFFT2,51,13,0.026539462
GatherNUFFT2,51,14,0.026747312
GatherNUFFT2,51,15,0.027005744
GatherNUFFT2,51,16,0.02849949
GatherNUFFT2,51,17,0.033865662
GatherNUFFT2,51,18,0.033895002
GatherNUFFT2,51,19,0.026051579
GatherNUFFT2,51,20,0.027713546
GatherNUFFT2,51,21,0.02842087
GatherNUFFT2,51,22,0.034950716
GatherNUFFT2,51,23,0.027252995
GatherNUFFT2,51,24,0.031488042
GatherNUFFT2,51,25,0.024901685
GatherNUFFT2,51,26,0.033666592
GatherNUFFT2,51,27,0.028172828
GatherNUFFT2,51,28,0.029838066
GatherNUFFT2,51,29,0.029427434
mainTimer,52,0,21.264704212
dumpData,52,0,0.010312568
dumpData,52,1,0.010385658
dumpData,52,2,0.010229687
dumpData,52,3,0.010282388
dumpData,52,4,0.010472479
dumpData,52,5,0.010341619
dumpData,52,6,0.011268144
dumpData,52,7,0.010431809
dumpData,52,8,0.009679995
dumpData,52,9,0.009575924
kick,52,0,0.001874901
kick,52,1,0.001880021
kick,52,2,0.001865221
kick,52,3,0.001880801
kick,52,4,0.00186597
kick,52,5,0.001881121
kick,52,6,0.00186973
kick,52,7,0.0018805
kick,52,8,0.00186725
kick,52,9,0.001880631
kick,52,10,0.00186454
kick,52,11,0.001878051
kick,52,12,0.00186409
kick,52,13,0.001877
kick,52,14,0.00184332
kick,52,15,0.00187884
kick,52,16,0.001864171
kick,52,17,0.001876771
kick,52,18,0.00187249
kick,52,19,0.00188136
drift,52,0,0.0018378
drift,52,1,0.00183025
drift,52,2,0.00183045
drift,52,3,0.001831011
drift,52,4,0.00182996
drift,52,5,0.001829731
drift,52,6,0.001830211
drift,52,7,0.001831361
drift,52,8,0.00183004
drift,52,9,0.001839861
particleBC,52,0,0.003723791
particleBC,52,1,0.003715491
particleBC,52,2,0.003720681
particleBC,52,3,0.00372266
particleBC,52,4,0.003716921
particleBC,52,5,0.003715481
particleBC,52,6,0.00371911
particleBC,52,7,0.003714351
particleBC,52,8,0.003716381
particleBC,52,9,0.003715661
updateParticle,52,0,0.01412307
updateParticle,52,1,0.012445171
updateParticle,52,2,0.01422955
updateParticle,52,3,0.013838809
updateParticle,52,4,0.012029757
updateParticle,52,5,0.013133574
updateParticle,52,6,0.012193229
updateParticle,52,7,0.01234864
updateParticle,52,8,0.011940458
updateParticle,52,9,0.011620935
locateParticles,52,0,0.001513579
locateParticles,52,1,0.001513389
locateParticles,52,2,0.001523798
locateParticles,52,3,0.001539309
locateParticles,52,4,0.001532338
locateParticles,52,5,0.001518808
locateParticles,52,6,0.001526289
locateParticles,52,7,0.001528098
locateParticles,52,8,0.001525659
locateParticles,52,9,0.001526038
sendPreprocess,52,0,0.000727964
sendPreprocess,52,1,0.000804995
sendPreprocess,52,2,0.000788955
sendPreprocess,52,3,0.000763725
sendPreprocess,52,4,0.000791095
sendPreprocess,52,5,0.000796135
sendPreprocess,52,6,0.000777175
sendPreprocess,52,7,0.000844285
sendPreprocess,52,8,0.000843305
sendPreprocess,52,9,0.000882575
particleSend,52,0,0.001285537
particleSend,52,1,0.001337327
particleSend,52,2,0.001281787
particleSend,52,3,0.001323307
particleSend,52,4,0.001219557
particleSend,52,5,0.001327897
particleSend,52,6,0.001222967
particleSend,52,7,0.001325778
particleSend,52,8,0.001264917
particleSend,52,9,0.001230387
particleRecv,52,0,3.394e-05
particleRecv,52,1,3.931e-05
particleRecv,52,2,3.128e-05
particleRecv,52,3,3.848e-05
particleRecv,52,4,3.61e-05
particleRecv,52,5,3.5571e-05
particleRecv,52,6,3.141e-05
particleRecv,52,7,3.305e-05
particleRecv,52,8,3.776e-05
particleRecv,52,9,3.4791e-05
particleDestroy,52,0,0.005101449
particleDestroy,52,1,0.005119169
particleDestroy,52,2,0.005086779
particleDestroy,52,3,0.005105319
particleDestroy,52,4,0.005106959
particleDestroy,52,5,0.005116109
particleDestroy,52,6,0.005088138
particleDestroy,52,7,0.005123929
particleDestroy,52,8,0.005133649
particleDestroy,52,9,0.005089868
ScatterPIFNUFFT,52,0,0.527629002
ScatterPIFNUFFT,52,1,0.001107066
ScatterPIFNUFFT,52,2,0.527406191
ScatterPIFNUFFT,52,3,0.001117006
ScatterPIFNUFFT,52,4,0.52723493
ScatterPIFNUFFT,52,5,0.001112466
ScatterPIFNUFFT,52,6,0.524448994
ScatterPIFNUFFT,52,7,0.001107776
ScatterPIFNUFFT,52,8,0.527817523
ScatterPIFNUFFT,52,9,0.001116076
ScatterPIFNUFFT,52,10,0.530318418
ScatterPIFNUFFT,52,11,0.001108377
ScatterPIFNUFFT,52,12,0.529830764
ScatterPIFNUFFT,52,13,0.001109746
ScatterPIFNUFFT,52,14,0.526291474
ScatterPIFNUFFT,52,15,0.001113696
ScatterPIFNUFFT,52,16,0.52732519
ScatterPIFNUFFT,52,17,0.001114146
ScatterPIFNUFFT,52,18,0.52910497
ScatterPIFNUFFT,52,19,0.001111566
NativeNUFFT1,52,0,0.523280677
NativeNUFFT1,52,1,0.522854665
NativeNUFFT1,52,2,0.523398028
NativeNUFFT1,52,3,0.520622213
NativeNUFFT1,52,4,0.523216158
NativeNUFFT1,52,5,0.525841993
NativeNUFFT1,52,6,0.525303029
NativeNUFFT1,52,7,0.521799049
NativeNUFFT1,52,8,0.522602364
NativeNUFFT1,52,9,0.524378194
scatterTimerNUFFT1,52,0,0.039559513
scatterTimerNUFFT1,52,1,0.03895557
scatterTimerNUFFT1,52,2,0.039534283
scatterTimerNUFFT1,52,3,0.039749365
scatterTimerNUFFT1,52,4,0.040236517
scatterTimerNUFFT1,52,5,0.039040261
scatterTimerNUFFT1,52,6,0.039411483
scatterTimerNUFFT1,52,7,0.038733539
scatterTimerNUFFT1,52,8,0.039255552
scatterTimerNUFFT1,52,9,0.038758829
binSort,52,0,0.009344823
binSort,52,1,0.009382013
binSort,52,2,0.009376733
binSort,52,3,0.009376423
binSort,52,4,0.009325772
binSort,52,5,0.009373023
binSort,52,6,0.009367023
binSort,52,7,0.009374053
binSort,52,8,0.009318643
binSort,52,9,0.009374023
binSort,52,10,0.009354683
binSort,52,11,0.009376733
binSort,52,12,0.009315512
binSort,52,13,0.009381043
binSort,52,14,0.009374842
binSort,52,15,0.009368014
binSort,52,16,0.009331643
binSort,52,17,0.009369003
binSort,52,18,0.009369943
binSort,52,19,0.009383843
binSort,52,20,0.009325652
binSort,52,21,0.009397323
binSort,52,22,0.009375763
binSort,52,23,0.009373503
binSort,52,24,0.009334043
binSort,52,25,0.009378534
binSort,52,26,0.009380523
binSort,52,27,0.009369003
binSort,52,28,0.009333793
binSort,52,29,0.009385893
binSort,52,30,0.009373783
binSort,52,31,0.009364383
binSort,52,32,0.009340922
binSort,52,33,0.009382993
binSort,52,34,0.009375113
binSort,52,35,0.009374943
binSort,52,36,0.009353993
binSort,52,37,0.009367943
binSort,52,38,0.009381273
binSort,52,39,0.009368783
binComputeKeys,52,0,0.001015136
binComputeKeys,52,1,0.001016806
binComputeKeys,52,2,0.001019255
binComputeKeys,52,3,0.001019866
binComputeKeys,52,4,0.001016356
binComputeKeys,52,5,0.001019136
binComputeKeys,52,6,0.001018076
binComputeKeys,52,7,0.001019576
binComputeKeys,52,8,0.001015426
binComputeKeys,52,9,0.001017056
binComputeKeys,52,10,0.001013956
binComputeKeys,52,11,0.001019166
binComputeKeys,52,12,0.001016025
binComputeKeys,52,13,0.001017176
binComputeKeys,52,14,0.001017405
binComputeKeys,52,15,0.001016906
binComputeKeys,52,16,0.001013086
binComputeKeys,52,17,0.001017026
binComputeKeys,52,18,0.001018486
binComputeKeys,52,19,0.001015325
binComputeKeys,52,20,0.001014645
binComputeKeys,52,21,0.001018116
binComputeKeys,52,22,0.001015906
binComputeKeys,52,23,0.001017506
binComputeKeys,52,24,0.001018286
binComputeKeys,52,25,0.001016216
binComputeKeys,52,26,0.001015205
binComputeKeys,52,27,0.001015426
binComputeKeys,52,28,0.001014956
binComputeKeys,52,29,0.001016356
binComputeKeys,52,30,0.001018626
binComputeKeys,52,31,0.001020276
binComputeKeys,52,32,0.001016446
binComputeKeys,52,33,0.001014626
binComputeKeys,52,34,0.001016866
binComputeKeys,52,35,0.001017305
binComputeKeys,52,36,0.001014546
binComputeKeys,52,37,0.001016746
binComputeKeys,52,38,0.001018186
binComputeKeys,52,39,0.001017986
binSortByKey,52,0,0.008070585
binSortByKey,52,1,0.008101246
binSortByKey,52,2,0.008094996
binSortByKey,52,3,0.008094215
binSortByKey,52,4,0.008050625
binSortByKey,52,5,0.008092316
binSortByKey,52,6,0.008087206
binSortByKey,52,7,0.008092386
binSortByKey,52,8,0.008044815
binSortByKey,52,9,0.008094496
binSortByKey,52,10,0.008078526
binSortByKey,52,11,0.008094626
binSortByKey,52,12,0.008040836
binSortByKey,52,13,0.008101896
binSortByKey,52,14,0.008095606
binSortByKey,52,15,0.008088786
binSortByKey,52,16,0.008059765
binSortByKey,52,17,0.008089006
binSortByKey,52,18,0.008088596
binSortByKey,52,19,0.008101846
binSortByKey,52,20,0.008053116
binSortByKey,52,21,0.008114645
binSortByKey,52,22,0.008098075
binSortByKey,52,23,0.008093405
binSortByKey,52,24,0.008054696
binSortByKey,52,25,0.008097626
binSortByKey,52,26,0.008101456
binSortByKey,52,27,0.008092186
binSortByKey,52,28,0.008060376
binSortByKey,52,29,0.008101315
binSortByKey,52,30,0.008091535
binSortByKey,52,31,0.008082966
binSortByKey,52,32,0.008062605
binSortByKey,52,33,0.008106905
binSortByKey,52,34,0.008095855
binSortByKey,52,35,0.008096306
binSortByKey,52,36,0.008081056
binSortByKey,52,37,0.008088725
binSortByKey,52,38,0.008100856
binSortByKey,52,39,0.008088955
binComputeOffsets,52,0,0.000249772
binComputeOffsets,52,1,0.000254461
binComputeOffsets,52,2,0.000252742
binComputeOffsets,52,3,0.000252462
binComputeOffsets,52,4,0.000249511
binComputeOffsets,52,5,0.000252251
binComputeOffsets,52,6,0.000252501
binComputeOffsets,52,7,0.000252751
binComputeOffsets,52,8,0.000249132
binComputeOffsets,52,9,0.000252891
binComputeOffsets,52,10,0.000252901
binComputeOffsets,52,11,0.000252941
binComputeOffsets,52,12,0.000248981
binComputeOffsets,52,13,0.000252081
binComputeOffsets,52,14,0.000252531
binComputeOffsets,52,15,0.000253162
binComputeOffsets,52,16,0.000249102
binComputeOffsets,52,17,0.000253321
binComputeOffsets,52,18,0.000253201
binComputeOffsets,52,19,0.000252732
binComputeOffsets,52,20,0.000248671
binComputeOffsets,52,21,0.000253992
binComputeOffsets,52,22,0.000252162
binComputeOffsets,52,23,0.000252792
binComputeOffsets,52,24,0.000251161
binComputeOffsets,52,25,0.000254621
binComputeOffsets,52,26,0.000253782
binComputeOffsets,52,27,0.000252071
binComputeOffsets,52,28,0.000249171
binComputeOffsets,52,29,0.000258242
binComputeOffsets,52,30,0.000253442
binComputeOffsets,52,31,0.000251821
binComputeOffsets,52,32,0.000248651
binComputeOffsets,52,33,0.000252092
binComputeOffsets,52,34,0.000251982
binComputeOffsets,52,35,0.000251632
binComputeOffsets,52,36,0.000249121
binComputeOffsets,52,37,0.000252912
binComputeOffsets,52,38,0.000252781
binComputeOffsets,52,39,0.000252042
FFTNUFFT1,52,0,0.483249832
FFTNUFFT1,52,1,0.483424922
FFTNUFFT1,52,2,0.483385642
FFTNUFFT1,52,3,0.480400115
FFTNUFFT1,52,4,0.482507897
FFTNUFFT1,52,5,0.486328759
FFTNUFFT1,52,6,0.485417424
FFTNUFFT1,52,7,0.482581678
FFTNUFFT1,52,8,0.4828684
FFTNUFFT1,52,9,0.485143462
deconvolutionNUFFT1,52,0,0.000459502
deconvolutionNUFFT1,52,1,0.000462343
deconvolutionNUFFT1,52,2,0.000466383
deconvolutionNUFFT1,52,3,0.000460773
deconvolutionNUFFT1,52,4,0.000459293
deconvolutionNUFFT1,52,5,0.000461493
deconvolutionNUFFT1,52,6,0.000462212
deconvolutionNUFFT1,52,7,0.000471742
deconvolutionNUFFT1,52,8,0.000462532
deconvolutionNUFFT1,52,9,0.000464393
GatherPIFNUFFT,52,0,1.556278736
GatherPIFNUFFT,52,1,1.562484501
GatherPIFNUFFT,52,2,1.563422947
GatherPIFNUFFT,52,3,1.564976366
GatherPIFNUFFT,52,4,1.560643961
GatherPIFNUFFT,52,5,1.557110591
GatherPIFNUFFT,52,6,1.557162061
GatherPIFNUFFT,52,7,1.562466381
GatherPIFNUFFT,52,8,1.560387099
GatherPIFNUFFT,52,9,1.557812985
NativeNUFFT2,52,0,0.511810333
NativeNUFFT2,52,1,0.513662943
NativeNUFFT2,52,2,0.515018161
NativeNUFFT2,52,3,0.517277744
NativeNUFFT2,52,4,0.514195486
NativeNUFFT2,52,5,0.515372923
NativeNUFFT2,52,6,0.516163777
NativeNUFFT2,52,7,0.514362718
NativeNUFFT2,52,8,0.517244333
NativeNUFFT2,52,9,0.519521896
NativeNUFFT2,52,10,0.51309937
NativeNUFFT2,52,11,0.516721001
NativeNUFFT2,52,12,0.518587341
NativeNUFFT2,52,13,0.512258355
NativeNUFFT2,52,14,0.514161046
NativeNUFFT2,52,15,0.512383516
NativeNUFFT2,52,16,0.515272113
NativeNUFFT2,52,17,0.513849914
NativeNUFFT2,52,18,0.517055923
NativeNUFFT2,52,19,0.511897104
NativeNUFFT2,52,20,0.512572507
NativeNUFFT2,52,21,0.51835897
NativeNUFFT2,52,22,0.512752498
NativeNUFFT2,52,23,0.515211982
NativeNUFFT2,52,24,0.515159202
NativeNUFFT2,52,25,0.51488687
NativeNUFFT2,52,26,0.514327077
NativeNUFFT2,52,27,0.512958279
NativeNUFFT2,52,28,0.513010609
NativeNUFFT2,52,29,0.516218628
PrecorrectionNUFFT2,52,0,0.000895415
PrecorrectionNUFFT2,52,1,0.000862725
PrecorrectionNUFFT2,52,2,0.000863095
PrecorrectionNUFFT2,52,3,0.000885795
PrecorrectionNUFFT2,52,4,0.000863135
PrecorrectionNUFFT2,52,5,0.000867695
PrecorrectionNUFFT2,52,6,0.000887425
PrecorrectionNUFFT2,52,7,0.000872405
PrecorrectionNUFFT2,52,8,0.000868985
PrecorrectionNUFFT2,52,9,0.000887085
PrecorrectionNUFFT2,52,10,0.000861755
PrecorrectionNUFFT2,52,11,0.000859825
PrecorrectionNUFFT2,52,12,0.000889445
PrecorrectionNUFFT2,52,13,0.000863755
PrecorrectionNUFFT2,52,14,0.000858025
PrecorrectionNUFFT2,52,15,0.000890365
PrecorrectionNUFFT2,52,16,0.000863235
PrecorrectionNUFFT2,52,17,0.000865984
PrecorrectionNUFFT2,52,18,0.000891585
PrecorrectionNUFFT2,52,19,0.000869865
PrecorrectionNUFFT2,52,20,0.000860315
PrecorrectionNUFFT2,52,21,0.000892746
PrecorrectionNUFFT2,52,22,0.000858605
PrecorrectionNUFFT2,52,23,0.000863295
PrecorrectionNUFFT2,52,24,0.000888505
PrecorrectionNUFFT2,52,25,0.000861655
PrecorrectionNUFFT2,52,26,0.000862465
PrecorrectionNUFFT2,52,27,0.000890465
PrecorrectionNUFFT2,52,28,0.000867885
PrecorrectionNUFFT2,52,29,0.000865414
FFTNUFFT2,52,0,0.482064075
FFTNUFFT2,52,1,0.486314609
FFTNUFFT2,52,2,0.481909824
FFTNUFFT2,52,3,0.487194234
FFTNUFFT2,52,4,0.486436239
FFTNUFFT2,52,5,0.485273863
FFTNUFFT2,52,6,0.486231818
FFTNUFFT2,52,7,0.486728611
FFTNUFFT2,52,8,0.483948025
FFTNUFFT2,52,9,0.487298474
FFTNUFFT2,52,10,0.484451628
FFTNUFFT2,52,11,0.490806494
FFTNUFFT2,52,12,0.487524585
FFTNUFFT2,52,13,0.482832379
FFTNUFFT2,52,14,0.482886049
FFTNUFFT2,52,15,0.482013425
FFTNUFFT2,52,16,0.482370777
FFTNUFFT2,52,17,0.482518128
FFTNUFFT2,52,18,0.480380115
FFTNUFFT2,52,19,0.486370439
FFTNUFFT2,52,20,0.486474329
FFTNUFFT2,52,21,0.482677898
FFTNUFFT2,52,22,0.482561368
FFTNUFFT2,52,23,0.485986847
FFTNUFFT2,52,24,0.487480506
FFTNUFFT2,52,25,0.482613218
FFTNUFFT2,52,26,0.483224841
FFTNUFFT2,52,27,0.484961301
FFTNUFFT2,52,28,0.484474328
FFTNUFFT2,52,29,0.486051218
GatherNUFFT2,52,0,0.028830163
GatherNUFFT2,52,1,0.026464549
GatherNUFFT2,52,2,0.032224532
GatherNUFFT2,52,3,0.029177575
GatherNUFFT2,52,4,0.026875352
GatherNUFFT2,52,5,0.029210165
GatherNUFFT2,52,6,0.029022484
GatherNUFFT2,52,7,0.026741742
GatherNUFFT2,52,8,0.032406773
GatherNUFFT2,52,9,0.031316367
GatherNUFFT2,52,10,0.027765227
GatherNUFFT2,52,11,0.025034332
GatherNUFFT2,52,12,0.030152951
GatherNUFFT2,52,13,0.028540101
GatherNUFFT2,52,14,0.030396141
GatherNUFFT2,52,15,0.029459296
GatherNUFFT2,52,16,0.032016221
GatherNUFFT2,52,17,0.030439622
GatherNUFFT2,52,18,0.035764733
GatherNUFFT2,52,19,0.024636539
GatherNUFFT2,52,20,0.025217243
GatherNUFFT2,52,21,0.034767736
GatherNUFFT2,52,22,0.029308055
GatherNUFFT2,52,23,0.02834139
GatherNUFFT2,52,24,0.026770391
GatherNUFFT2,52,25,0.031391577
GatherNUFFT2,52,26,0.03021944
GatherNUFFT2,52,27,0.027086323
GatherNUFFT2,52,28,0.027647556
GatherNUFFT2,52,29,0.029281935
mainTimer,53,0,21.264696922
dumpData,53,0,0.011458534
dumpData,53,1,0.011346794
dumpData,53,2,0.011067152
dumpData,53,3,0.011421244
dumpData,53,4,0.01238758
dumpData,53,5,0.011220744
dumpData,53,6,0.01063191
dumpData,53,7,0.011518115
dumpData,53,8,0.01052344
dumpData,53,9,0.010426678
kick,53,0,0.00174226
kick,53,1,0.0017656
kick,53,2,0.00173343
kick,53,3,0.00176665
kick,53,4,0.001738889
kick,53,5,0.00176701
kick,53,6,0.001745889
kick,53,7,0.00176706
kick,53,8,0.001738339
kick,53,9,0.00176774
kick,53,10,0.00171481
kick,53,11,0.00176896
kick,53,12,0.001741169
kick,53,13,0.0017666
kick,53,14,0.00175644
kick,53,15,0.00176867
kick,53,16,0.00173297
kick,53,17,0.00176708
kick,53,18,0.00175807
kick,53,19,0.001764951
drift,53,0,0.00172145
drift,53,1,0.00171825
drift,53,2,0.00171993
drift,53,3,0.00172063
drift,53,4,0.00172006
drift,53,5,0.001720109
drift,53,6,0.0017199
drift,53,7,0.00172139
drift,53,8,0.00173199
drift,53,9,0.001720579
particleBC,53,0,0.003494289
particleBC,53,1,0.00349267
particleBC,53,2,0.00348876
particleBC,53,3,0.00349442
particleBC,53,4,0.00349903
particleBC,53,5,0.00349454
particleBC,53,6,0.00349602
particleBC,53,7,0.00349898
particleBC,53,8,0.00349504
particleBC,53,9,0.003496859
updateParticle,53,0,0.014326791
updateParticle,53,1,0.01248392
updateParticle,53,2,0.013552076
updateParticle,53,3,0.013717597
updateParticle,53,4,0.012016408
updateParticle,53,5,0.013210675
updateParticle,53,6,0.011764916
updateParticle,53,7,0.012657521
updateParticle,53,8,0.012184089
updateParticle,53,9,0.011696196
locateParticles,53,0,0.001479239
locateParticles,53,1,0.001477508
locateParticles,53,2,0.001454588
locateParticles,53,3,0.001462298
locateParticles,53,4,0.001463688
locateParticles,53,5,0.001512999
locateParticles,53,6,0.001480958
locateParticles,53,7,0.001485068
locateParticles,53,8,0.001496238
locateParticles,53,9,0.001469019
sendPreprocess,53,0,0.001235677
sendPreprocess,53,1,0.001311108
sendPreprocess,53,2,0.001325718
sendPreprocess,53,3,0.001304748
sendPreprocess,53,4,0.001314758
sendPreprocess,53,5,0.001283567
sendPreprocess,53,6,0.001276608
sendPreprocess,53,7,0.001299607
sendPreprocess,53,8,0.001320838
sendPreprocess,53,9,0.001391597
particleSend,53,0,0.001251167
particleSend,53,1,0.001287257
particleSend,53,2,0.001297357
particleSend,53,3,0.001230217
particleSend,53,4,0.001257327
particleSend,53,5,0.001246697
particleSend,53,6,0.001251777
particleSend,53,7,0.001286358
particleSend,53,8,0.001261507
particleSend,53,9,0.001204537
particleRecv,53,0,3.291e-05
particleRecv,53,1,3.546e-05
particleRecv,53,2,3.581e-05
particleRecv,53,3,3.856e-05
particleRecv,53,4,3.616e-05
particleRecv,53,5,3.301e-05
particleRecv,53,6,3.757e-05
particleRecv,53,7,3.912e-05
particleRecv,53,8,3.861e-05
particleRecv,53,9,3.511e-05
particleDestroy,53,0,0.004995978
particleDestroy,53,1,0.005006608
particleDestroy,53,2,0.004983758
particleDestroy,53,3,0.005005588
particleDestroy,53,4,0.004991598
particleDestroy,53,5,0.005004168
particleDestroy,53,6,0.004989178
particleDestroy,53,7,0.004994548
particleDestroy,53,8,0.004993578
particleDestroy,53,9,0.005007989
ScatterPIFNUFFT,53,0,0.523508949
ScatterPIFNUFFT,53,1,0.001113836
ScatterPIFNUFFT,53,2,0.530798301
ScatterPIFNUFFT,53,3,0.001111097
ScatterPIFNUFFT,53,4,0.523423218
ScatterPIFNUFFT,53,5,0.001105436
ScatterPIFNUFFT,53,6,0.528495637
ScatterPIFNUFFT,53,7,0.001112557
ScatterPIFNUFFT,53,8,0.528600018
ScatterPIFNUFFT,53,9,0.001107817
ScatterPIFNUFFT,53,10,0.52896566
ScatterPIFNUFFT,53,11,0.001109347
ScatterPIFNUFFT,53,12,0.526292844
ScatterPIFNUFFT,53,13,0.001111546
ScatterPIFNUFFT,53,14,0.527925144
ScatterPIFNUFFT,53,15,0.001108726
ScatterPIFNUFFT,53,16,0.528872979
ScatterPIFNUFFT,53,17,0.001109846
ScatterPIFNUFFT,53,18,0.52533056
ScatterPIFNUFFT,53,19,0.001110917
NativeNUFFT1,53,0,0.519135824
NativeNUFFT1,53,1,0.526127534
NativeNUFFT1,53,2,0.519409395
NativeNUFFT1,53,3,0.524396124
NativeNUFFT1,53,4,0.523962682
NativeNUFFT1,53,5,0.524327514
NativeNUFFT1,53,6,0.522613014
NativeNUFFT1,53,7,0.523519409
NativeNUFFT1,53,8,0.524138502
NativeNUFFT1,53,9,0.520712413
scatterTimerNUFFT1,53,0,0.040211607
scatterTimerNUFFT1,53,1,0.039336503
scatterTimerNUFFT1,53,2,0.040484548
scatterTimerNUFFT1,53,3,0.039012641
scatterTimerNUFFT1,53,4,0.041131493
scatterTimerNUFFT1,53,5,0.039335503
scatterTimerNUFFT1,53,6,0.04075993
scatterTimerNUFFT1,53,7,0.038240017
scatterTimerNUFFT1,53,8,0.039357262
scatterTimerNUFFT1,53,9,0.039474903
binSort,53,0,0.00878054
binSort,53,1,0.0088275
binSort,53,2,0.00883739
binSort,53,3,0.00882606
binSort,53,4,0.00878007
binSort,53,5,0.00882504
binSort,53,6,0.008830389
binSort,53,7,0.008826559
binSort,53,8,0.00877228
binSort,53,9,0.008813139
binSort,53,10,0.00881973
binSort,53,11,0.008810109
binSort,53,12,0.00877536
binSort,53,13,0.00882007
binSort,53,14,0.00881054
binSort,53,15,0.008817909
binSort,53,16,0.008766819
binSort,53,17,0.008807889
binSort,53,18,0.00886473
binSort,53,19,0.008810609
binSort,53,20,0.008765909
binSort,53,21,0.00882384
binSort,53,22,0.00882384
binSort,53,23,0.008822319
binSort,53,24,0.00877259
binSort,53,25,0.00882696
binSort,53,26,0.00882598
binSort,53,27,0.00882534
binSort,53,28,0.008780259
binSort,53,29,0.00885863
binSort,53,30,0.00883893
binSort,53,31,0.008845421
binSort,53,32,0.00877925
binSort,53,33,0.00883625
binSort,53,34,0.008835749
binSort,53,35,0.00883562
binSort,53,36,0.00879057
binSort,53,37,0.00883944
binSort,53,38,0.00882179
binSort,53,39,0.00882251
binComputeKeys,53,0,0.000956835
binComputeKeys,53,1,0.000955645
binComputeKeys,53,2,0.000959185
binComputeKeys,53,3,0.000956396
binComputeKeys,53,4,0.000953706
binComputeKeys,53,5,0.000957305
binComputeKeys,53,6,0.000958105
binComputeKeys,53,7,0.000955205
binComputeKeys,53,8,0.000952515
binComputeKeys,53,9,0.000954105
binComputeKeys,53,10,0.000957096
binComputeKeys,53,11,0.000957065
binComputeKeys,53,12,0.000955836
binComputeKeys,53,13,0.000956535
binComputeKeys,53,14,0.000956905
binComputeKeys,53,15,0.000958215
binComputeKeys,53,16,0.000954015
binComputeKeys,53,17,0.000959315
binComputeKeys,53,18,0.000957265
binComputeKeys,53,19,0.000958345
binComputeKeys,53,20,0.000953325
binComputeKeys,53,21,0.000957696
binComputeKeys,53,22,0.000961245
binComputeKeys,53,23,0.000955645
binComputeKeys,53,24,0.000954325
binComputeKeys,53,25,0.000957115
binComputeKeys,53,26,0.000957836
binComputeKeys,53,27,0.000958456
binComputeKeys,53,28,0.000954965
binComputeKeys,53,29,0.000956175
binComputeKeys,53,30,0.000956725
binComputeKeys,53,31,0.000957256
binComputeKeys,53,32,0.000953736
binComputeKeys,53,33,0.000956866
binComputeKeys,53,34,0.000967315
binComputeKeys,53,35,0.000956755
binComputeKeys,53,36,0.000954966
binComputeKeys,53,37,0.000960035
binComputeKeys,53,38,0.000956355
binComputeKeys,53,39,0.000955615
binSortByKey,53,0,0.007578273
binSortByKey,53,1,0.007619383
binSortByKey,53,2,0.007626804
binSortByKey,53,3,0.007618403
binSortByKey,53,4,0.007580663
binSortByKey,53,5,0.007616923
binSortByKey,53,6,0.007620503
binSortByKey,53,7,0.007621913
binSortByKey,53,8,0.007574363
binSortByKey,53,9,0.007606903
binSortByKey,53,10,0.007612503
binSortByKey,53,11,0.007601213
binSortByKey,53,12,0.007571783
binSortByKey,53,13,0.007613394
binSortByKey,53,14,0.007603963
binSortByKey,53,15,0.007608483
binSortByKey,53,16,0.007565783
binSortByKey,53,17,0.007598053
binSortByKey,53,18,0.007656703
binSortByKey,53,19,0.007601403
binSortByKey,53,20,0.007566993
binSortByKey,53,21,0.007616643
binSortByKey,53,22,0.007612054
binSortByKey,53,23,0.007616263
binSortByKey,53,24,0.007572213
binSortByKey,53,25,0.007619194
binSortByKey,53,26,0.007618553
binSortByKey,53,27,0.007616423
binSortByKey,53,28,0.007572653
binSortByKey,53,29,0.007650623
binSortByKey,53,30,0.007632104
binSortByKey,53,31,0.007637393
binSortByKey,53,32,0.007574572
binSortByKey,53,33,0.007622993
binSortByKey,53,34,0.007614923
binSortByKey,53,35,0.007624184
binSortByKey,53,36,0.007585093
binSortByKey,53,37,0.007628844
binSortByKey,53,38,0.007613433
binSortByKey,53,39,0.007617143
binComputeOffsets,53,0,0.000236172
binComputeOffsets,53,1,0.000241762
binComputeOffsets,53,2,0.000241521
binComputeOffsets,53,3,0.000241451
binComputeOffsets,53,4,0.000236461
binComputeOffsets,53,5,0.000241122
binComputeOffsets,53,6,0.000241371
binComputeOffsets,53,7,0.000240041
binComputeOffsets,53,8,0.000236242
binComputeOffsets,53,9,0.000242481
binComputeOffsets,53,10,0.000240051
binComputeOffsets,53,11,0.000242421
binComputeOffsets,53,12,0.000238471
binComputeOffsets,53,13,0.000240531
binComputeOffsets,53,14,0.000240141
binComputeOffsets,53,15,0.000241831
binComputeOffsets,53,16,0.000237261
binComputeOffsets,53,17,0.000240931
binComputeOffsets,53,18,0.000241012
binComputeOffsets,53,19,0.000240871
binComputeOffsets,53,20,0.000236351
binComputeOffsets,53,21,0.000240061
binComputeOffsets,53,22,0.000240271
binComputeOffsets,53,23,0.000240911
binComputeOffsets,53,24,0.000236832
binComputeOffsets,53,25,0.000239971
binComputeOffsets,53,26,0.000240271
binComputeOffsets,53,27,0.000241071
binComputeOffsets,53,28,0.000243451
binComputeOffsets,53,29,0.000241882
binComputeOffsets,53,30,0.000240361
binComputeOffsets,53,31,0.000241342
binComputeOffsets,53,32,0.000235992
binComputeOffsets,53,33,0.000240621
binComputeOffsets,53,34,0.000241801
binComputeOffsets,53,35,0.000244331
binComputeOffsets,53,36,0.000241131
binComputeOffsets,53,37,0.000240911
binComputeOffsets,53,38,0.000241561
binComputeOffsets,53,39,0.000240062
FFTNUFFT1,53,0,0.478436334
FFTNUFFT1,53,1,0.486315038
FFTNUFFT1,53,2,0.478445615
FFTNUFFT1,53,3,0.4849074
FFTNUFFT1,53,4,0.482353986
FFTNUFFT1,53,5,0.484518718
FFTNUFFT1,53,6,0.481379691
FFTNUFFT1,53,7,0.4848079
FFTNUFFT1,53,8,0.484297628
FFTNUFFT1,53,9,0.480758997
deconvolutionNUFFT1,53,0,0.000475933
deconvolutionNUFFT1,53,1,0.000463983
deconvolutionNUFFT1,53,2,0.000466742
deconvolutionNUFFT1,53,3,0.000464733
deconvolutionNUFFT1,53,4,0.000463273
deconvolutionNUFFT1,53,5,0.000459943
deconvolutionNUFFT1,53,6,0.000460773
deconvolutionNUFFT1,53,7,0.000459312
deconvolutionNUFFT1,53,8,0.000467742
deconvolutionNUFFT1,53,9,0.000466703
GatherPIFNUFFT,53,0,1.560572971
GatherPIFNUFFT,53,1,1.559392544
GatherPIFNUFFT,53,2,1.568239154
GatherPIFNUFFT,53,3,1.561089834
GatherPIFNUFFT,53,4,1.55878935
GatherPIFNUFFT,53,5,1.55878941
GatherPIFNUFFT,53,6,1.561504336
GatherPIFNUFFT,53,7,1.5605259
GatherPIFNUFFT,53,8,1.558984452
GatherPIFNUFFT,53,9,1.561726057
NativeNUFFT2,53,0,0.516240468
NativeNUFFT2,53,1,0.514084375
NativeNUFFT2,53,2,0.515286343
NativeNUFFT2,53,3,0.514230216
NativeNUFFT2,53,4,0.513592863
NativeNUFFT2,53,5,0.51663951
NativeNUFFT2,53,6,0.520679563
NativeNUFFT2,53,7,0.514632448
NativeNUFFT2,53,8,0.517747676
NativeNUFFT2,53,9,0.515600185
NativeNUFFT2,53,10,0.512222005
NativeNUFFT2,53,11,0.517804787
NativeNUFFT2,53,12,0.518040268
NativeNUFFT2,53,13,0.512427136
NativeNUFFT2,53,14,0.513392841
NativeNUFFT2,53,15,0.513862634
NativeNUFFT2,53,16,0.515696905
NativeNUFFT2,53,17,0.514281446
NativeNUFFT2,53,18,0.520735833
NativeNUFFT2,53,19,0.512352936
NativeNUFFT2,53,20,0.51294141
NativeNUFFT2,53,21,0.517232333
NativeNUFFT2,53,22,0.51308409
NativeNUFFT2,53,23,0.515273432
NativeNUFFT2,53,24,0.514293207
NativeNUFFT2,53,25,0.515117701
NativeNUFFT2,53,26,0.514628649
NativeNUFFT2,53,27,0.516448299
NativeNUFFT2,53,28,0.513888424
NativeNUFFT2,53,29,0.516419479
PrecorrectionNUFFT2,53,0,0.000883355
PrecorrectionNUFFT2,53,1,0.000859645
PrecorrectionNUFFT2,53,2,0.000864615
PrecorrectionNUFFT2,53,3,0.000899205
PrecorrectionNUFFT2,53,4,0.000861835
PrecorrectionNUFFT2,53,5,0.000865685
PrecorrectionNUFFT2,53,6,0.000884075
PrecorrectionNUFFT2,53,7,0.000861425
PrecorrectionNUFFT2,53,8,0.000877235
PrecorrectionNUFFT2,53,9,0.000891475
PrecorrectionNUFFT2,53,10,0.000862975
PrecorrectionNUFFT2,53,11,0.000861575
PrecorrectionNUFFT2,53,12,0.000883945
PrecorrectionNUFFT2,53,13,0.000863545
PrecorrectionNUFFT2,53,14,0.000864995
PrecorrectionNUFFT2,53,15,0.000885305
PrecorrectionNUFFT2,53,16,0.000868715
PrecorrectionNUFFT2,53,17,0.000857954
PrecorrectionNUFFT2,53,18,0.000894715
PrecorrectionNUFFT2,53,19,0.000861255
PrecorrectionNUFFT2,53,20,0.000861954
PrecorrectionNUFFT2,53,21,0.000888215
PrecorrectionNUFFT2,53,22,0.000867335
PrecorrectionNUFFT2,53,23,0.000865775
PrecorrectionNUFFT2,53,24,0.000894945
PrecorrectionNUFFT2,53,25,0.000863235
PrecorrectionNUFFT2,53,26,0.000864195
PrecorrectionNUFFT2,53,27,0.000888205
PrecorrectionNUFFT2,53,28,0.000861835
PrecorrectionNUFFT2,53,29,0.000860535
FFTNUFFT2,53,0,0.482724689
FFTNUFFT2,53,1,0.484106596
FFTNUFFT2,53,2,0.486891182
FFTNUFFT2,53,3,0.473395736
FFTNUFFT2,53,4,0.485024881
FFTNUFFT2,53,5,0.486517379
FFTNUFFT2,53,6,0.48997231
FFTNUFFT2,53,7,0.484162146
FFTNUFFT2,53,8,0.485742416
FFTNUFFT2,53,9,0.48292492
FFTNUFFT2,53,10,0.483841635
FFTNUFFT2,53,11,0.486463679
FFTNUFFT2,53,12,0.486270149
FFTNUFFT2,53,13,0.481764523
FFTNUFFT2,53,14,0.482270705
FFTNUFFT2,53,15,0.478577005
FFTNUFFT2,53,16,0.478194863
FFTNUFFT2,53,17,0.485832626
FFTNUFFT2,53,18,0.487561666
FFTNUFFT2,53,19,0.483403562
FFTNUFFT2,53,20,0.480338035
FFTNUFFT2,53,21,0.482047245
FFTNUFFT2,53,22,0.48475352
FFTNUFFT2,53,23,0.485428203
FFTNUFFT2,53,24,0.47584144
FFTNUFFT2,53,25,0.480816687
FFTNUFFT2,53,26,0.483178151
FFTNUFFT2,53,27,0.481545782
FFTNUFFT2,53,28,0.483393402
FFTNUFFT2,53,29,0.484557769
GatherNUFFT2,53,0,0.032610304
GatherNUFFT2,53,1,0.029097434
GatherNUFFT2,53,2,0.027508745
GatherNUFFT2,53,3,0.039915085
GatherNUFFT2,53,4,0.027686607
GatherNUFFT2,53,5,0.029236376
GatherNUFFT2,53,6,0.029802388
GatherNUFFT2,53,7,0.029588837
GatherNUFFT2,53,8,0.031107275
GatherNUFFT2,53,9,0.03176194
GatherNUFFT2,53,10,0.027497005
GatherNUFFT2,53,11,0.030459232
GatherNUFFT2,53,12,0.030865024
GatherNUFFT2,53,13,0.029777648
GatherNUFFT2,53,14,0.030236131
GatherNUFFT2,53,15,0.034380244
GatherNUFFT2,53,16,0.036611567
GatherNUFFT2,53,17,0.027570235
GatherNUFFT2,53,18,0.032259402
GatherNUFFT2,53,19,0.028067899
GatherNUFFT2,53,20,0.03172081
GatherNUFFT2,53,21,0.034277033
GatherNUFFT2,53,22,0.027441295
GatherNUFFT2,53,23,0.028956584
GatherNUFFT2,53,24,0.037536642
GatherNUFFT2,53,25,0.033416458
GatherNUFFT2,53,26,0.030565413
GatherNUFFT2,53,27,0.033993722
GatherNUFFT2,53,28,0.029613087
GatherNUFFT2,53,29,0.030981035
mainTimer,54,0,21.264697822
dumpData,54,0,0.008574518
dumpData,54,1,0.008563249
dumpData,54,2,0.009398343
dumpData,54,3,0.008569538
dumpData,54,4,0.009435244
dumpData,54,5,0.008509359
dumpData,54,6,0.008668169
dumpData,54,7,0.008606578
dumpData,54,8,0.00874975
dumpData,54,9,0.008644458
kick,54,0,0.001984061
kick,54,1,0.002003512
kick,54,2,0.001991462
kick,54,3,0.002001121
kick,54,4,0.001991751
kick,54,5,0.002003221
kick,54,6,0.001990741
kick,54,7,0.002003661
kick,54,8,0.001992341
kick,54,9,0.002003461
kick,54,10,0.001992001
kick,54,11,0.002000931
kick,54,12,0.001989331
kick,54,13,0.002003081
kick,54,14,0.001991711
kick,54,15,0.002001232
kick,54,16,0.001989342
kick,54,17,0.002001561
kick,54,18,0.001991081
kick,54,19,0.002002452
drift,54,0,0.001949241
drift,54,1,0.001978821
drift,54,2,0.001978831
drift,54,3,0.001958201
drift,54,4,0.001981881
drift,54,5,0.001955511
drift,54,6,0.001981861
drift,54,7,0.001976821
drift,54,8,0.001978071
drift,54,9,0.001971061
particleBC,54,0,0.003961613
particleBC,54,1,0.003961642
particleBC,54,2,0.003963442
particleBC,54,3,0.003961122
particleBC,54,4,0.003962782
particleBC,54,5,0.003958973
particleBC,54,6,0.003957772
particleBC,54,7,0.003960523
particleBC,54,8,0.003956272
particleBC,54,9,0.003956542
updateParticle,54,0,0.013792828
updateParticle,54,1,0.01239949
updateParticle,54,2,0.01426073
updateParticle,54,3,0.012711472
updateParticle,54,4,0.011652776
updateParticle,54,5,0.012356079
updateParticle,54,6,0.011693587
updateParticle,54,7,0.011211643
updateParticle,54,8,0.011892297
updateParticle,54,9,0.011801877
locateParticles,54,0,0.001610489
locateParticles,54,1,0.001612099
locateParticles,54,2,0.001622209
locateParticles,54,3,0.001616949
locateParticles,54,4,0.001622339
locateParticles,54,5,0.001615189
locateParticles,54,6,0.00162035
locateParticles,54,7,0.001623159
locateParticles,54,8,0.001613179
locateParticles,54,9,0.001612759
sendPreprocess,54,0,0.000165891
sendPreprocess,54,1,0.000184222
sendPreprocess,54,2,0.000173601
sendPreprocess,54,3,0.000197742
sendPreprocess,54,4,0.000175851
sendPreprocess,54,5,0.000204651
sendPreprocess,54,6,0.000168901
sendPreprocess,54,7,0.000208241
sendPreprocess,54,8,0.000243362
sendPreprocess,54,9,0.000301011
particleSend,54,0,0.001332997
particleSend,54,1,0.001338997
particleSend,54,2,0.001289327
particleSend,54,3,0.001289207
particleSend,54,4,0.001287257
particleSend,54,5,0.001232237
particleSend,54,6,0.001287697
particleSend,54,7,0.001234737
particleSend,54,8,0.001297957
particleSend,54,9,0.001250957
particleRecv,54,0,4.1941e-05
particleRecv,54,1,3.934e-05
particleRecv,54,2,3.713e-05
particleRecv,54,3,5.081e-05
particleRecv,54,4,3.086e-05
particleRecv,54,5,3.563e-05
particleRecv,54,6,3.801e-05
particleRecv,54,7,4.3271e-05
particleRecv,54,8,3.715e-05
particleRecv,54,9,3.3571e-05
particleDestroy,54,0,0.00542409
particleDestroy,54,1,0.005434751
particleDestroy,54,2,0.005430541
particleDestroy,54,3,0.005433491
particleDestroy,54,4,0.005454421
particleDestroy,54,5,0.005471661
particleDestroy,54,6,0.005457161
particleDestroy,54,7,0.00547403
particleDestroy,54,8,0.005453641
particleDestroy,54,9,0.005458261
ScatterPIFNUFFT,54,0,0.529597573
ScatterPIFNUFFT,54,1,0.001113546
ScatterPIFNUFFT,54,2,0.532285698
ScatterPIFNUFFT,54,3,0.001112016
ScatterPIFNUFFT,54,4,0.532993503
ScatterPIFNUFFT,54,5,0.001110207
ScatterPIFNUFFT,54,6,0.530142207
ScatterPIFNUFFT,54,7,0.001111647
ScatterPIFNUFFT,54,8,0.533522026
ScatterPIFNUFFT,54,9,0.001117096
ScatterPIFNUFFT,54,10,0.5325648
ScatterPIFNUFFT,54,11,0.001110757
ScatterPIFNUFFT,54,12,0.534186339
ScatterPIFNUFFT,54,13,0.001106866
ScatterPIFNUFFT,54,14,0.53256346
ScatterPIFNUFFT,54,15,0.001110567
ScatterPIFNUFFT,54,16,0.530505688
ScatterPIFNUFFT,54,17,0.001118336
ScatterPIFNUFFT,54,18,0.530808451
ScatterPIFNUFFT,54,19,0.001109517
NativeNUFFT1,54,0,0.525175959
NativeNUFFT1,54,1,0.528001575
NativeNUFFT1,54,2,0.52902869
NativeNUFFT1,54,3,0.526127804
NativeNUFFT1,54,4,0.528783008
NativeNUFFT1,54,5,0.527695422
NativeNUFFT1,54,6,0.529461122
NativeNUFFT1,54,7,0.528624938
NativeNUFFT1,54,8,0.525956702
NativeNUFFT1,54,9,0.526675367
scatterTimerNUFFT1,54,0,0.040376689
scatterTimerNUFFT1,54,1,0.040008746
scatterTimerNUFFT1,54,2,0.039937406
scatterTimerNUFFT1,54,3,0.040271568
scatterTimerNUFFT1,54,4,0.040974141
scatterTimerNUFFT1,54,5,0.040008946
scatterTimerNUFFT1,54,6,0.039960296
scatterTimerNUFFT1,54,7,0.040546969
scatterTimerNUFFT1,54,8,0.039948445
scatterTimerNUFFT1,54,9,0.039746295
binSort,54,0,0.009938076
binSort,54,1,0.009979296
binSort,54,2,0.009973077
binSort,54,3,0.009978587
binSort,54,4,0.009956556
binSort,54,5,0.009979866
binSort,54,6,0.009969937
binSort,54,7,0.009979436
binSort,54,8,0.009948767
binSort,54,9,0.010001667
binSort,54,10,0.009982946
binSort,54,11,0.009982407
binSort,54,12,0.009937136
binSort,54,13,0.009988917
binSort,54,14,0.009988396
binSort,54,15,0.009981716
binSort,54,16,0.009956506
binSort,54,17,0.009980066
binSort,54,18,0.009984666
binSort,54,19,0.009969077
binSort,54,20,0.009949366
binSort,54,21,0.009963876
binSort,54,22,0.009950527
binSort,54,23,0.009962007
binSort,54,24,0.009958336
binSort,54,25,0.009974426
binSort,54,26,0.009960316
binSort,54,27,0.009966966
binSort,54,28,0.009945707
binSort,54,29,0.009963067
binSort,54,30,0.009971027
binSort,54,31,0.009960996
binSort,54,32,0.009958816
binSort,54,33,0.009985397
binSort,54,34,0.009974446
binSort,54,35,0.009977397
binSort,54,36,0.009941897
binSort,54,37,0.009997386
binSort,54,38,0.009973947
binSort,54,39,0.009967916
binComputeKeys,54,0,0.001080446
binComputeKeys,54,1,0.001084026
binComputeKeys,54,2,0.001085547
binComputeKeys,54,3,0.001087206
binComputeKeys,54,4,0.001082716
binComputeKeys,54,5,0.001084506
binComputeKeys,54,6,0.001083627
binComputeKeys,54,7,0.001082836
binComputeKeys,54,8,0.001083426
binComputeKeys,54,9,0.001085926
binComputeKeys,54,10,0.001082856
binComputeKeys,54,11,0.001083516
binComputeKeys,54,12,0.001080586
binComputeKeys,54,13,0.001083806
binComputeKeys,54,14,0.001086776
binComputeKeys,54,15,0.001083176
binComputeKeys,54,16,0.001080116
binComputeKeys,54,17,0.001085886
binComputeKeys,54,18,0.001083696
binComputeKeys,54,19,0.001083697
binComputeKeys,54,20,0.001080136
binComputeKeys,54,21,0.001086576
binComputeKeys,54,22,0.001083847
binComputeKeys,54,23,0.001085976
binComputeKeys,54,24,0.001082136
binComputeKeys,54,25,0.001085096
binComputeKeys,54,26,0.001082316
binComputeKeys,54,27,0.001082926
binComputeKeys,54,28,0.001081156
binComputeKeys,54,29,0.001087246
binComputeKeys,54,30,0.001084477
binComputeKeys,54,31,0.001083776
binComputeKeys,54,32,0.001083736
binComputeKeys,54,33,0.001087046
binComputeKeys,54,34,0.001085116
binComputeKeys,54,35,0.001082246
binComputeKeys,54,36,0.001080487
binComputeKeys,54,37,0.001081876
binComputeKeys,54,38,0.001083616
binComputeKeys,54,39,0.001080076
binSortByKey,54,0,0.008585888
binSortByKey,54,1,0.008618059
binSortByKey,54,2,0.008611018
binSortByKey,54,3,0.008615089
binSortByKey,54,4,0.008600968
binSortByKey,54,5,0.008617829
binSortByKey,54,6,0.008610558
binSortByKey,54,7,0.008616109
binSortByKey,54,8,0.008593939
binSortByKey,54,9,0.008619889
binSortByKey,54,10,0.008622828
binSortByKey,54,11,0.008620319
binSortByKey,54,12,0.008584968
binSortByKey,54,13,0.008627389
binSortByKey,54,14,0.008625249
binSortByKey,54,15,0.008621879
binSortByKey,54,16,0.008604089
binSortByKey,54,17,0.008616259
binSortByKey,54,18,0.008618219
binSortByKey,54,19,0.008608588
binSortByKey,54,20,0.008597609
binSortByKey,54,21,0.008600978
binSortByKey,54,22,0.008589868
binSortByKey,54,23,0.008600169
binSortByKey,54,24,0.008604159
binSortByKey,54,25,0.008611628
binSortByKey,54,26,0.008599449
binSortByKey,54,27,0.008607899
binSortByKey,54,28,0.008593159
binSortByKey,54,29,0.008598529
binSortByKey,54,30,0.008608008
binSortByKey,54,31,0.008601079
binSortByKey,54,32,0.008597039
binSortByKey,54,33,0.008621328
binSortByKey,54,34,0.008612879
binSortByKey,54,35,0.008612379
binSortByKey,54,36,0.008590168
binSortByKey,54,37,0.008638149
binSortByKey,54,38,0.008613679
binSortByKey,54,39,0.008612118
binComputeOffsets,54,0,0.000262422
binComputeOffsets,54,1,0.000267671
binComputeOffsets,54,2,0.000267382
binComputeOffsets,54,3,0.000266672
binComputeOffsets,54,4,0.000262912
binComputeOffsets,54,5,0.000267731
binComputeOffsets,54,6,0.000266452
binComputeOffsets,54,7,0.000271201
binComputeOffsets,54,8,0.000262142
binComputeOffsets,54,9,0.000285922
binComputeOffsets,54,10,0.000267962
binComputeOffsets,54,11,0.000268302
binComputeOffsets,54,12,0.000262052
binComputeOffsets,54,13,0.000268492
binComputeOffsets,54,14,0.000267071
binComputeOffsets,54,15,0.000266941
binComputeOffsets,54,16,0.000262301
binComputeOffsets,54,17,0.000268681
binComputeOffsets,54,18,0.000273271
binComputeOffsets,54,19,0.000267182
binComputeOffsets,54,20,0.000262361
binComputeOffsets,54,21,0.000266752
binComputeOffsets,54,22,0.000267572
binComputeOffsets,54,23,0.000265971
binComputeOffsets,54,24,0.000262121
binComputeOffsets,54,25,0.000268122
binComputeOffsets,54,26,0.000269181
binComputeOffsets,54,27,0.000266831
binComputeOffsets,54,28,0.000261792
binComputeOffsets,54,29,0.000267822
binComputeOffsets,54,30,0.000268662
binComputeOffsets,54,31,0.000266841
binComputeOffsets,54,32,0.000261951
binComputeOffsets,54,33,0.000267442
binComputeOffsets,54,34,0.000266921
binComputeOffsets,54,35,0.000273411
binComputeOffsets,54,36,0.000261482
binComputeOffsets,54,37,0.000267571
binComputeOffsets,54,38,0.000267272
binComputeOffsets,54,39,0.000266262
FFTNUFFT1,54,0,0.483967055
FFTNUFFT1,54,1,0.487161124
FFTNUFFT1,54,2,0.488258939
FFTNUFFT1,54,3,0.485024961
FFTNUFFT1,54,4,0.486976703
FFTNUFFT1,54,5,0.486855402
FFTNUFFT1,54,6,0.488666392
FFTNUFFT1,54,7,0.487246464
FFTNUFFT1,54,8,0.485174652
FFTNUFFT1,54,9,0.486099207
deconvolutionNUFFT1,54,0,0.000820675
deconvolutionNUFFT1,54,1,0.000820215
deconvolutionNUFFT1,54,2,0.000820515
deconvolutionNUFFT1,54,3,0.000819895
deconvolutionNUFFT1,54,4,0.000819814
deconvolutionNUFFT1,54,5,0.000819704
deconvolutionNUFFT1,54,6,0.000823164
deconvolutionNUFFT1,54,7,0.000820065
deconvolutionNUFFT1,54,8,0.000819534
deconvolutionNUFFT1,54,9,0.000818355
GatherPIFNUFFT,54,0,1.556488478
GatherPIFNUFFT,54,1,1.559161372
GatherPIFNUFFT,54,2,1.556951561
GatherPIFNUFFT,54,3,1.561831128
GatherPIFNUFFT,54,4,1.556291627
GatherPIFNUFFT,54,5,1.557118091
GatherPIFNUFFT,54,6,1.554959618
GatherPIFNUFFT,54,7,1.558895041
GatherPIFNUFFT,54,8,1.557973296
GatherPIFNUFFT,54,9,1.556434257
NativeNUFFT2,54,0,0.511454681
NativeNUFFT2,54,1,0.513846545
NativeNUFFT2,54,2,0.51478568
NativeNUFFT2,54,3,0.513831915
NativeNUFFT2,54,4,0.513377382
NativeNUFFT2,54,5,0.515584334
NativeNUFFT2,54,6,0.511548162
NativeNUFFT2,54,7,0.511939283
NativeNUFFT2,54,8,0.517077633
NativeNUFFT2,54,9,0.514081326
NativeNUFFT2,54,10,0.514464558
NativeNUFFT2,54,11,0.516914102
NativeNUFFT2,54,12,0.512337856
NativeNUFFT2,54,13,0.513368972
NativeNUFFT2,54,14,0.514212017
NativeNUFFT2,54,15,0.512139314
NativeNUFFT2,54,16,0.515019161
NativeNUFFT2,54,17,0.513591323
NativeNUFFT2,54,18,0.514396278
NativeNUFFT2,54,19,0.511633242
NativeNUFFT2,54,20,0.512545987
NativeNUFFT2,54,21,0.514052915
NativeNUFFT2,54,22,0.513558562
NativeNUFFT2,54,23,0.51491501
NativeNUFFT2,54,24,0.511546862
NativeNUFFT2,54,25,0.514671349
NativeNUFFT2,54,26,0.515386363
NativeNUFFT2,54,27,0.511767102
NativeNUFFT2,54,28,0.513260001
NativeNUFFT2,54,29,0.515042291
PrecorrectionNUFFT2,54,0,0.001240907
PrecorrectionNUFFT2,54,1,0.001204647
PrecorrectionNUFFT2,54,2,0.001205657
PrecorrectionNUFFT2,54,3,0.001243707
PrecorrectionNUFFT2,54,4,0.001208107
PrecorrectionNUFFT2,54,5,0.001204587
PrecorrectionNUFFT2,54,6,0.001244137
PrecorrectionNUFFT2,54,7,0.001207807
PrecorrectionNUFFT2,54,8,0.001210447
PrecorrectionNUFFT2,54,9,0.001242887
PrecorrectionNUFFT2,54,10,0.001205257
PrecorrectionNUFFT2,54,11,0.001204707
PrecorrectionNUFFT2,54,12,0.001240437
PrecorrectionNUFFT2,54,13,0.001217157
PrecorrectionNUFFT2,54,14,0.001207126
PrecorrectionNUFFT2,54,15,0.001240947
PrecorrectionNUFFT2,54,16,0.001203767
PrecorrectionNUFFT2,54,17,0.001206197
PrecorrectionNUFFT2,54,18,0.001246577
PrecorrectionNUFFT2,54,19,0.001210107
PrecorrectionNUFFT2,54,20,0.001204137
PrecorrectionNUFFT2,54,21,0.001241957
PrecorrectionNUFFT2,54,22,0.001205407
PrecorrectionNUFFT2,54,23,0.001202997
PrecorrectionNUFFT2,54,24,0.001240717
PrecorrectionNUFFT2,54,25,0.001203847
PrecorrectionNUFFT2,54,26,0.001203297
PrecorrectionNUFFT2,54,27,0.001241487
PrecorrectionNUFFT2,54,28,0.001205557
PrecorrectionNUFFT2,54,29,0.001206647
FFTNUFFT2,54,0,0.48476057
FFTNUFFT2,54,1,0.487096063
FFTNUFFT2,54,2,0.488032208
FFTNUFFT2,54,3,0.486931063
FFTNUFFT2,54,4,0.485558184
FFTNUFFT2,54,5,0.488847493
FFTNUFFT2,54,6,0.48474343
FFTNUFFT2,54,7,0.483116311
FFTNUFFT2,54,8,0.489745018
FFTNUFFT2,54,9,0.486707961
FFTNUFFT2,54,10,0.486873132
FFTNUFFT2,54,11,0.48996503
FFTNUFFT2,54,12,0.480112964
FFTNUFFT2,54,13,0.484126517
FFTNUFFT2,54,14,0.486899792
FFTNUFFT2,54,15,0.485246333
FFTNUFFT2,54,16,0.4884071
FFTNUFFT2,54,17,0.484937621
FFTNUFFT2,54,18,0.487623017
FFTNUFFT2,54,19,0.484914791
FFTNUFFT2,54,20,0.485595595
FFTNUFFT2,54,21,0.484306337
FFTNUFFT2,54,22,0.486825601
FFTNUFFT2,54,23,0.488133849
FFTNUFFT2,54,24,0.48298749
FFTNUFFT2,54,25,0.487074903
FFTNUFFT2,54,26,0.488457451
FFTNUFFT2,54,27,0.485052492
FFTNUFFT2,54,28,0.48661685
FFTNUFFT2,54,29,0.488188749
GatherNUFFT2,54,0,0.025433274
GatherNUFFT2,54,1,0.025524714
GatherNUFFT2,54,2,0.025527735
GatherNUFFT2,54,3,0.025636645
GatherNUFFT2,54,4,0.026590591
GatherNUFFT2,54,5,0.025512374
GatherNUFFT2,54,6,0.025539285
GatherNUFFT2,54,7,0.027595155
GatherNUFFT2,54,8,0.026101457
GatherNUFFT2,54,9,0.026110428
GatherNUFFT2,54,10,0.026365479
GatherNUFFT2,54,11,0.025723825
GatherNUFFT2,54,12,0.030963915
GatherNUFFT2,54,13,0.028004228
GatherNUFFT2,54,14,0.026084818
GatherNUFFT2,54,15,0.025631524
GatherNUFFT2,54,16,0.025387124
GatherNUFFT2,54,17,0.027422755
GatherNUFFT2,54,18,0.025506224
GatherNUFFT2,54,19,0.025487674
GatherNUFFT2,54,20,0.025725725
GatherNUFFT2,54,21,0.028480021
GatherNUFFT2,54,22,0.025506814
GatherNUFFT2,54,23,0.025557474
GatherNUFFT2,54,24,0.027298255
GatherNUFFT2,54,25,0.026371679
GatherNUFFT2,54,26,0.025705705
GatherNUFFT2,54,27,0.025452383
GatherNUFFT2,54,28,0.025417764
GatherNUFFT2,54,29,0.025626685
mainTimer,55,0,21.264685382
dumpData,55,0,0.009595404
dumpData,55,1,0.009583445
dumpData,55,2,0.00886554
dumpData,55,3,0.009585654
dumpData,55,4,0.011241304
dumpData,55,5,0.009533014
dumpData,55,6,0.009707315
dumpData,55,7,0.009607834
dumpData,55,8,0.011404995
dumpData,55,9,0.011100262
kick,55,0,0.001883191
kick,55,1,0.001880401
kick,55,2,0.001878761
kick,55,3,0.00188296
kick,55,4,0.00187711
kick,55,5,0.0018843
kick,55,6,0.00187785
kick,55,7,0.00188309
kick,55,8,0.00187426
kick,55,9,0.00188633
kick,55,10,0.00184881
kick,55,11,0.001884291
kick,55,12,0.00187427
kick,55,13,0.001884441
kick,55,14,0.001876541
kick,55,15,0.001889441
kick,55,16,0.001878781
kick,55,17,0.001882891
kick,55,18,0.00184192
kick,55,19,0.001879661
drift,55,0,0.00185662
drift,55,1,0.00184258
drift,55,2,0.001845591
drift,55,3,0.001861081
drift,55,4,0.001848371
drift,55,5,0.001829821
drift,55,6,0.001842541
drift,55,7,0.00184006
drift,55,8,0.00184388
drift,55,9,0.001831311
particleBC,55,0,0.003721131
particleBC,55,1,0.003721401
particleBC,55,2,0.003716431
particleBC,55,3,0.003720061
particleBC,55,4,0.003715331
particleBC,55,5,0.003712981
particleBC,55,6,0.003721591
particleBC,55,7,0.003718531
particleBC,55,8,0.003734702
particleBC,55,9,0.003724491
updateParticle,55,0,0.013446286
updateParticle,55,1,0.012324989
updateParticle,55,2,0.013170394
updateParticle,55,3,0.012738692
updateParticle,55,4,0.011994417
updateParticle,55,5,0.012567791
updateParticle,55,6,0.012239429
updateParticle,55,7,0.01230279
updateParticle,55,8,0.012133568
updateParticle,55,9,0.011832416
locateParticles,55,0,0.001586349
locateParticles,55,1,0.001551038
locateParticles,55,2,0.001552308
locateParticles,55,3,0.001566799
locateParticles,55,4,0.001554558
locateParticles,55,5,0.001555858
locateParticles,55,6,0.001563389
locateParticles,55,7,0.001562589
locateParticles,55,8,0.001605819
locateParticles,55,9,0.001562608
sendPreprocess,55,0,0.000613684
sendPreprocess,55,1,0.000733115
sendPreprocess,55,2,0.000738305
sendPreprocess,55,3,0.000700214
sendPreprocess,55,4,0.000743445
sendPreprocess,55,5,0.000779134
sendPreprocess,55,6,0.000714464
sendPreprocess,55,7,0.000758154
sendPreprocess,55,8,0.000712764
sendPreprocess,55,9,0.000872615
particleSend,55,0,0.001341307
particleSend,55,1,0.001364917
particleSend,55,2,0.001271497
particleSend,55,3,0.001219667
particleSend,55,4,0.001266717
particleSend,55,5,0.001361518
particleSend,55,6,0.001224157
particleSend,55,7,0.001231217
particleSend,55,8,0.001282427
particleSend,55,9,0.001225807
particleRecv,55,0,3.9951e-05
particleRecv,55,1,3.67e-05
particleRecv,55,2,3.701e-05
particleRecv,55,3,3.823e-05
particleRecv,55,4,3.354e-05
particleRecv,55,5,3.978e-05
particleRecv,55,6,3.896e-05
particleRecv,55,7,4.1931e-05
particleRecv,55,8,4.197e-05
particleRecv,55,9,3.4301e-05
particleDestroy,55,0,0.00535458
particleDestroy,55,1,0.005345431
particleDestroy,55,2,0.005393181
particleDestroy,55,3,0.00535985
particleDestroy,55,4,0.005355
particleDestroy,55,5,0.00532645
particleDestroy,55,6,0.00537177
particleDestroy,55,7,0.00537752
particleDestroy,55,8,0.005385281
particleDestroy,55,9,0.00535556
ScatterPIFNUFFT,55,0,0.528072845
ScatterPIFNUFFT,55,1,0.001116976
ScatterPIFNUFFT,55,2,0.527753153
ScatterPIFNUFFT,55,3,0.001116896
ScatterPIFNUFFT,55,4,0.524539755
ScatterPIFNUFFT,55,5,0.001112946
ScatterPIFNUFFT,55,6,0.529179111
ScatterPIFNUFFT,55,7,0.001116046
ScatterPIFNUFFT,55,8,0.530408028
ScatterPIFNUFFT,55,9,0.001121637
ScatterPIFNUFFT,55,10,0.526392305
ScatterPIFNUFFT,55,11,0.001121026
ScatterPIFNUFFT,55,12,0.526898408
ScatterPIFNUFFT,55,13,0.001118836
ScatterPIFNUFFT,55,14,0.526532726
ScatterPIFNUFFT,55,15,0.001114016
ScatterPIFNUFFT,55,16,0.529346202
ScatterPIFNUFFT,55,17,0.001120906
ScatterPIFNUFFT,55,18,0.524244603
ScatterPIFNUFFT,55,19,0.001115547
NativeNUFFT1,55,0,0.523304338
NativeNUFFT1,55,1,0.523150287
NativeNUFFT1,55,2,0.520444672
NativeNUFFT1,55,3,0.52534703
NativeNUFFT1,55,4,0.525838472
NativeNUFFT1,55,5,0.521468257
NativeNUFFT1,55,6,0.522349512
NativeNUFFT1,55,7,0.521997851
NativeNUFFT1,55,8,0.524774716
NativeNUFFT1,55,9,0.519740618
scatterTimerNUFFT1,55,0,0.040333498
scatterTimerNUFFT1,55,1,0.039252652
scatterTimerNUFFT1,55,2,0.040527179
scatterTimerNUFFT1,55,3,0.0406896
scatterTimerNUFFT1,55,4,0.040739291
scatterTimerNUFFT1,55,5,0.039093981
scatterTimerNUFFT1,55,6,0.038897179
scatterTimerNUFFT1,55,7,0.03882519
scatterTimerNUFFT1,55,8,0.039010401
scatterTimerNUFFT1,55,9,0.039285442
binSort,55,0,0.009332762
binSort,55,1,0.009384813
binSort,55,2,0.009392563
binSort,55,3,0.009370343
binSort,55,4,0.009350832
binSort,55,5,0.009388833
binSort,55,6,0.009384263
binSort,55,7,0.009381203
binSort,55,8,0.009347872
binSort,55,9,0.009377133
binSort,55,10,0.009378123
binSort,55,11,0.009377253
binSort,55,12,0.009328682
binSort,55,13,0.009381793
binSort,55,14,0.009370783
binSort,55,15,0.009371463
binSort,55,16,0.009345012
binSort,55,17,0.009385553
binSort,55,18,0.009367783
binSort,55,19,0.009372603
binSort,55,20,0.009327993
binSort,55,21,0.009364483
binSort,55,22,0.009368213
binSort,55,23,0.009365023
binSort,55,24,0.009344533
binSort,55,25,0.009394243
binSort,55,26,0.009374793
binSort,55,27,0.009364213
binSort,55,28,0.009331122
binSort,55,29,0.009392703
binSort,55,30,0.009388593
binSort,55,31,0.010296438
binSort,55,32,0.009351683
binSort,55,33,0.009387483
binSort,55,34,0.009380163
binSort,55,35,0.009379373
binSort,55,36,0.009330603
binSort,55,37,0.009387073
binSort,55,38,0.009384533
binSort,55,39,0.009372553
binComputeKeys,55,0,0.001016535
binComputeKeys,55,1,0.001018585
binComputeKeys,55,2,0.001018295
binComputeKeys,55,3,0.001018906
binComputeKeys,55,4,0.001019985
binComputeKeys,55,5,0.001019305
binComputeKeys,55,6,0.001019745
binComputeKeys,55,7,0.001020055
binComputeKeys,55,8,0.001014685
binComputeKeys,55,9,0.001017576
binComputeKeys,55,10,0.001017296
binComputeKeys,55,11,0.001018245
binComputeKeys,55,12,0.001012805
binComputeKeys,55,13,0.001019656
binComputeKeys,55,14,0.001018416
binComputeKeys,55,15,0.001019076
binComputeKeys,55,16,0.001016825
binComputeKeys,55,17,0.001016836
binComputeKeys,55,18,0.001020396
binComputeKeys,55,19,0.001016306
binComputeKeys,55,20,0.001017776
binComputeKeys,55,21,0.001016106
binComputeKeys,55,22,0.001018046
binComputeKeys,55,23,0.001018756
binComputeKeys,55,24,0.001015616
binComputeKeys,55,25,0.001018486
binComputeKeys,55,26,0.001016685
binComputeKeys,55,27,0.001018236
binComputeKeys,55,28,0.001017595
binComputeKeys,55,29,0.001018506
binComputeKeys,55,30,0.001020695
binComputeKeys,55,31,0.00182671
binComputeKeys,55,32,0.001023526
binComputeKeys,55,33,0.001021346
binComputeKeys,55,34,0.001016116
binComputeKeys,55,35,0.001017856
binComputeKeys,55,36,0.001017486
binComputeKeys,55,37,0.001015665
binComputeKeys,55,38,0.001020396
binComputeKeys,55,39,0.001019246
binSortByKey,55,0,0.008057876
binSortByKey,55,1,0.008101956
binSortByKey,55,2,0.008108266
binSortByKey,55,3,0.008088376
binSortByKey,55,4,0.008071916
binSortByKey,55,5,0.008106575
binSortByKey,55,6,0.008100476
binSortByKey,55,7,0.008097496
binSortByKey,55,8,0.008074596
binSortByKey,55,9,0.008095385
binSortByKey,55,10,0.008092246
binSortByKey,55,11,0.008095216
binSortByKey,55,12,0.008057256
binSortByKey,55,13,0.008097176
binSortByKey,55,14,0.008088975
binSortByKey,55,15,0.008088335
binSortByKey,55,16,0.008063906
binSortByKey,55,17,0.008104656
binSortByKey,55,18,0.008083946
binSortByKey,55,19,0.008092405
binSortByKey,55,20,0.008049575
binSortByKey,55,21,0.008083616
binSortByKey,55,22,0.008086075
binSortByKey,55,23,0.008081816
binSortByKey,55,24,0.008070125
binSortByKey,55,25,0.008110926
binSortByKey,55,26,0.008093446
binSortByKey,55,27,0.008082226
binSortByKey,55,28,0.008055336
binSortByKey,55,29,0.008111015
binSortByKey,55,30,0.008104876
binSortByKey,55,31,0.008180036
binSortByKey,55,32,0.008066756
binSortByKey,55,33,0.008102346
binSortByKey,55,34,0.008101286
binSortByKey,55,35,0.008096266
binSortByKey,55,36,0.008053996
binSortByKey,55,37,0.008105755
binSortByKey,55,38,0.008100066
binSortByKey,55,39,0.008089396
binComputeOffsets,55,0,0.000249031
binComputeOffsets,55,1,0.000254892
binComputeOffsets,55,2,0.000255952
binComputeOffsets,55,3,0.000253211
binComputeOffsets,55,4,0.000249641
binComputeOffsets,55,5,0.000253602
binComputeOffsets,55,6,0.000254192
binComputeOffsets,55,7,0.000253491
binComputeOffsets,55,8,0.000249081
binComputeOffsets,55,9,0.000254482
binComputeOffsets,55,10,0.000257371
binComputeOffsets,55,11,0.000254542
binComputeOffsets,55,12,0.000249361
binComputeOffsets,55,13,0.000254961
binComputeOffsets,55,14,0.000254072
binComputeOffsets,55,15,0.000254622
binComputeOffsets,55,16,0.000248921
binComputeOffsets,55,17,0.000254711
binComputeOffsets,55,18,0.000254051
binComputeOffsets,55,19,0.000254532
binComputeOffsets,55,20,0.000250792
binComputeOffsets,55,21,0.000255091
binComputeOffsets,55,22,0.000254722
binComputeOffsets,55,23,0.000254531
binComputeOffsets,55,24,0.000248802
binComputeOffsets,55,25,0.000255541
binComputeOffsets,55,26,0.000255382
binComputeOffsets,55,27,0.000254251
binComputeOffsets,55,28,0.000249091
binComputeOffsets,55,29,0.000253711
binComputeOffsets,55,30,0.000253732
binComputeOffsets,55,31,0.000274682
binComputeOffsets,55,32,0.000248711
binComputeOffsets,55,33,0.000254271
binComputeOffsets,55,34,0.000253251
binComputeOffsets,55,35,0.000255001
binComputeOffsets,55,36,0.000249861
binComputeOffsets,55,37,0.000254812
binComputeOffsets,55,38,0.000253661
binComputeOffsets,55,39,0.000253691
FFTNUFFT1,55,0,0.482490707
FFTNUFFT1,55,1,0.483414003
FFTNUFFT1,55,2,0.47943191
FFTNUFFT1,55,3,0.484176197
FFTNUFFT1,55,4,0.484618039
FFTNUFFT1,55,5,0.481885233
FFTNUFFT1,55,6,0.48297802
FFTNUFFT1,55,7,0.482689648
FFTNUFFT1,55,8,0.485273262
FFTNUFFT1,55,9,0.479980903
deconvolutionNUFFT1,55,0,0.000468543
deconvolutionNUFFT1,55,1,0.000471812
deconvolutionNUFFT1,55,2,0.000473913
deconvolutionNUFFT1,55,3,0.000469073
deconvolutionNUFFT1,55,4,0.000462642
deconvolutionNUFFT1,55,5,0.000478053
deconvolutionNUFFT1,55,6,0.000462353
deconvolutionNUFFT1,55,7,0.000465673
deconvolutionNUFFT1,55,8,0.000476913
deconvolutionNUFFT1,55,9,0.000462853
GatherPIFNUFFT,55,0,1.557180901
GatherPIFNUFFT,55,1,1.56235532
GatherPIFNUFFT,55,2,1.566857447
GatherPIFNUFFT,55,3,1.561368825
GatherPIFNUFFT,55,4,1.557461233
GatherPIFNUFFT,55,5,1.562115699
GatherPIFNUFFT,55,6,1.560293489
GatherPIFNUFFT,55,7,1.562549982
GatherPIFNUFFT,55,8,1.557789245
GatherPIFNUFFT,55,9,1.56221117
NativeNUFFT2,55,0,0.512552117
NativeNUFFT2,55,1,0.513917135
NativeNUFFT2,55,2,0.515050731
NativeNUFFT2,55,3,0.517170933
NativeNUFFT2,55,4,0.51310977
NativeNUFFT2,55,5,0.516429269
NativeNUFFT2,55,6,0.520303531
NativeNUFFT2,55,7,0.513363731
NativeNUFFT2,55,8,0.517523465
NativeNUFFT2,55,9,0.515073312
NativeNUFFT2,55,10,0.513576553
NativeNUFFT2,55,11,0.516928751
NativeNUFFT2,55,12,0.515718355
NativeNUFFT2,55,13,0.512211435
NativeNUFFT2,55,14,0.513891365
NativeNUFFT2,55,15,0.517101873
NativeNUFFT2,55,16,0.515467323
NativeNUFFT2,55,17,0.513910435
NativeNUFFT2,55,18,0.52019293
NativeNUFFT2,55,19,0.511877313
NativeNUFFT2,55,20,0.512547567
NativeNUFFT2,55,21,0.517711776
NativeNUFFT2,55,22,0.514444478
NativeNUFFT2,55,23,0.514632869
NativeNUFFT2,55,24,0.512563867
NativeNUFFT2,55,25,0.5148856
NativeNUFFT2,55,26,0.514296157
NativeNUFFT2,55,27,0.517518545
NativeNUFFT2,55,28,0.513642583
NativeNUFFT2,55,29,0.515360373
PrecorrectionNUFFT2,55,0,0.000897765
PrecorrectionNUFFT2,55,1,0.000864415
PrecorrectionNUFFT2,55,2,0.000864875
PrecorrectionNUFFT2,55,3,0.000895565
PrecorrectionNUFFT2,55,4,0.000863175
PrecorrectionNUFFT2,55,5,0.000862045
PrecorrectionNUFFT2,55,6,0.000892255
PrecorrectionNUFFT2,55,7,0.000863185
PrecorrectionNUFFT2,55,8,0.000860955
PrecorrectionNUFFT2,55,9,0.000901136
PrecorrectionNUFFT2,55,10,0.000861825
PrecorrectionNUFFT2,55,11,0.000868494
PrecorrectionNUFFT2,55,12,0.000891815
PrecorrectionNUFFT2,55,13,0.000860915
PrecorrectionNUFFT2,55,14,0.000875475
PrecorrectionNUFFT2,55,15,0.000886835
PrecorrectionNUFFT2,55,16,0.000864315
PrecorrectionNUFFT2,55,17,0.000864045
PrecorrectionNUFFT2,55,18,0.000892155
PrecorrectionNUFFT2,55,19,0.000870985
PrecorrectionNUFFT2,55,20,0.000870065
PrecorrectionNUFFT2,55,21,0.000898095
PrecorrectionNUFFT2,55,22,0.000871634
PrecorrectionNUFFT2,55,23,0.000863895
PrecorrectionNUFFT2,55,24,0.000896205
PrecorrectionNUFFT2,55,25,0.000860145
PrecorrectionNUFFT2,55,26,0.000863375
PrecorrectionNUFFT2,55,27,0.000890635
PrecorrectionNUFFT2,55,28,0.000867465
PrecorrectionNUFFT2,55,29,0.000867375
FFTNUFFT2,55,0,0.484251518
FFTNUFFT2,55,1,0.48656307
FFTNUFFT2,55,2,0.486880622
FFTNUFFT2,55,3,0.48290712
FFTNUFFT2,55,4,0.486630461
FFTNUFFT2,55,5,0.484623499
FFTNUFFT2,55,6,0.492869916
FFTNUFFT2,55,7,0.483376542
FFTNUFFT2,55,8,0.486904412
FFTNUFFT2,55,9,0.485583824
FFTNUFFT2,55,10,0.486009467
FFTNUFFT2,55,11,0.487660987
FFTNUFFT2,55,12,0.487195384
FFTNUFFT2,55,13,0.485511724
FFTNUFFT2,55,14,0.486298799
FFTNUFFT2,55,15,0.486863622
FFTNUFFT2,55,16,0.483561043
FFTNUFFT2,55,17,0.482245506
FFTNUFFT2,55,18,0.488067388
FFTNUFFT2,55,19,0.484196286
FFTNUFFT2,55,20,0.485306833
FFTNUFFT2,55,21,0.486780892
FFTNUFFT2,55,22,0.481426402
FFTNUFFT2,55,23,0.481682453
FFTNUFFT2,55,24,0.482479507
FFTNUFFT2,55,25,0.484411868
FFTNUFFT2,55,26,0.482411207
FFTNUFFT2,55,27,0.488997574
FFTNUFFT2,55,28,0.482897879
FFTNUFFT2,55,29,0.486394879
GatherNUFFT2,55,0,0.027382674
GatherNUFFT2,55,1,0.026469429
GatherNUFFT2,55,2,0.027284574
GatherNUFFT2,55,3,0.033348118
GatherNUFFT2,55,4,0.025596354
GatherNUFFT2,55,5,0.030923785
GatherNUFFT2,55,6,0.02652203
GatherNUFFT2,55,7,0.029104064
GatherNUFFT2,55,8,0.029737508
GatherNUFFT2,55,9,0.028568972
GatherNUFFT2,55,10,0.02668519
GatherNUFFT2,55,11,0.02837904
GatherNUFFT2,55,12,0.027611696
GatherNUFFT2,55,13,0.025817726
GatherNUFFT2,55,14,0.026697531
GatherNUFFT2,55,15,0.029332466
GatherNUFFT2,55,16,0.031021405
GatherNUFFT2,55,17,0.030781094
GatherNUFFT2,55,18,0.031213777
GatherNUFFT2,55,19,0.026775992
GatherNUFFT2,55,20,0.026350059
GatherNUFFT2,55,21,0.030013109
GatherNUFFT2,55,22,0.032126471
GatherNUFFT2,55,23,0.032063451
GatherNUFFT2,55,24,0.029168125
GatherNUFFT2,55,25,0.029593477
GatherNUFFT2,55,26,0.030995325
GatherNUFFT2,55,27,0.027610886
GatherNUFFT2,55,28,0.029857519
GatherNUFFT2,55,29,0.028078579
mainTimer,56,0,21.264705254
dumpData,56,0,0.013669936
dumpData,56,1,0.013853747
dumpData,56,2,0.013449385
dumpData,56,3,0.013647116
dumpData,56,4,0.013117083
dumpData,56,5,0.013664796
dumpData,56,6,0.012152946
dumpData,56,7,0.013592966
dumpData,56,8,0.013747877
dumpData,56,9,0.013304204
kick,56,0,0.001600929
kick,56,1,0.001659569
kick,56,2,0.001600658
kick,56,3,0.00165931
kick,56,4,0.001600609
kick,56,5,0.001660159
kick,56,6,0.001600859
kick,56,7,0.001660539
kick,56,8,0.001601879
kick,56,9,0.001661639
kick,56,10,0.001602479
kick,56,11,0.001658511
kick,56,12,0.00160207
kick,56,13,0.0016608
kick,56,14,0.00161872
kick,56,15,0.00166166
kick,56,16,0.00160198
kick,56,17,0.0016608
kick,56,18,0.00160298
kick,56,19,0.00166236
drift,56,0,0.001616279
drift,56,1,0.00162008
drift,56,2,0.001616099
drift,56,3,0.001619219
drift,56,4,0.001615619
drift,56,5,0.001616579
drift,56,6,0.00161618
drift,56,7,0.00161465
drift,56,8,0.00161868
drift,56,9,0.00161708
particleBC,56,0,0.003280249
particleBC,56,1,0.003277138
particleBC,56,2,0.003273868
particleBC,56,3,0.003278928
particleBC,56,4,0.003282959
particleBC,56,5,0.003281118
particleBC,56,6,0.003277841
particleBC,56,7,0.00328212
particleBC,56,8,0.003280551
particleBC,56,9,0.003280981
updateParticle,56,0,0.014627941
updateParticle,56,1,0.012927202
updateParticle,56,2,0.014132939
updateParticle,56,3,0.014153509
updateParticle,56,4,0.013737196
updateParticle,56,5,0.013568685
updateParticle,56,6,0.013945818
updateParticle,56,7,0.011651903
updateParticle,56,8,0.01277119
updateParticle,56,9,0.012275967
locateParticles,56,0,0.001367647
locateParticles,56,1,0.001366577
locateParticles,56,2,0.001365328
locateParticles,56,3,0.001373508
locateParticles,56,4,0.001372097
locateParticles,56,5,0.001364337
locateParticles,56,6,0.001375449
locateParticles,56,7,0.001374558
locateParticles,56,8,0.001369159
locateParticles,56,9,0.001362158
sendPreprocess,56,0,0.00180976
sendPreprocess,56,1,0.001865301
sendPreprocess,56,2,0.00187429
sendPreprocess,56,3,0.00185251
sendPreprocess,56,4,0.001864151
sendPreprocess,56,5,0.00185546
sendPreprocess,56,6,0.001851341
sendPreprocess,56,7,0.001871192
sendPreprocess,56,8,0.001904272
sendPreprocess,56,9,0.001971643
particleSend,56,0,0.001242907
particleSend,56,1,0.001236867
particleSend,56,2,0.001261777
particleSend,56,3,0.001197827
particleSend,56,4,0.001231977
particleSend,56,5,0.001176256
particleSend,56,6,0.001179448
particleSend,56,7,0.001249498
particleSend,56,8,0.001198747
particleSend,56,9,0.001246828
particleRecv,56,0,3.6511e-05
particleRecv,56,1,3.492e-05
particleRecv,56,2,3.309e-05
particleRecv,56,3,3.551e-05
particleRecv,56,4,3.068e-05
particleRecv,56,5,4.076e-05
particleRecv,56,6,3.907e-05
particleRecv,56,7,3.65e-05
particleRecv,56,8,3.061e-05
particleRecv,56,9,2.866e-05
particleDestroy,56,0,0.004628055
particleDestroy,56,1,0.004603856
particleDestroy,56,2,0.004615366
particleDestroy,56,3,0.004621476
particleDestroy,56,4,0.004610446
particleDestroy,56,5,0.004587126
particleDestroy,56,6,0.004603059
particleDestroy,56,7,0.004604809
particleDestroy,56,8,0.0046198
particleDestroy,56,9,0.004585099
ScatterPIFNUFFT,56,0,0.523380066
ScatterPIFNUFFT,56,1,0.001115446
ScatterPIFNUFFT,56,2,0.523591777
ScatterPIFNUFFT,56,3,0.001115336
ScatterPIFNUFFT,56,4,0.527406378
ScatterPIFNUFFT,56,5,0.001112596
ScatterPIFNUFFT,56,6,0.520911102
ScatterPIFNUFFT,56,7,0.001123406
ScatterPIFNUFFT,56,8,0.521619996
ScatterPIFNUFFT,56,9,0.001110746
ScatterPIFNUFFT,56,10,0.52776897
ScatterPIFNUFFT,56,11,0.001112776
ScatterPIFNUFFT,56,12,0.527501008
ScatterPIFNUFFT,56,13,0.001118207
ScatterPIFNUFFT,56,14,0.528844687
ScatterPIFNUFFT,56,15,0.001115137
ScatterPIFNUFFT,56,16,0.523312711
ScatterPIFNUFFT,56,17,0.001112796
ScatterPIFNUFFT,56,18,0.528056552
ScatterPIFNUFFT,56,19,0.001119067
NativeNUFFT1,56,0,0.519192323
NativeNUFFT1,56,1,0.519014762
NativeNUFFT1,56,2,0.523867398
NativeNUFFT1,56,3,0.516734619
NativeNUFFT1,56,4,0.518113746
NativeNUFFT1,56,5,0.523347185
NativeNUFFT1,56,6,0.523301722
NativeNUFFT1,56,7,0.525033243
NativeNUFFT1,56,8,0.518706542
NativeNUFFT1,56,9,0.523402672
scatterTimerNUFFT1,56,0,0.039099138
scatterTimerNUFFT1,56,1,0.038503885
scatterTimerNUFFT1,56,2,0.039967112
scatterTimerNUFFT1,56,3,0.038974098
scatterTimerNUFFT1,56,4,0.039161058
scatterTimerNUFFT1,56,5,0.038554474
scatterTimerNUFFT1,56,6,0.037982099
scatterTimerNUFFT1,56,7,0.039957052
scatterTimerNUFFT1,56,8,0.038463042
scatterTimerNUFFT1,56,9,0.038046649
binSort,56,0,0.008275066
binSort,56,1,0.008323736
binSort,56,2,0.008315947
binSort,56,3,0.008310077
binSort,56,4,0.008293446
binSort,56,5,0.008359937
binSort,56,6,0.008344797
binSort,56,7,0.008348856
binSort,56,8,0.008309136
binSort,56,9,0.008390057
binSort,56,10,0.008378526
binSort,56,11,0.008385736
binSort,56,12,0.008302926
binSort,56,13,0.008367197
binSort,56,14,0.008362167
binSort,56,15,0.008362257
binSort,56,16,0.008281626
binSort,56,17,0.008352267
binSort,56,18,0.008343656
binSort,56,19,0.008335977
binSort,56,20,0.008287906
binSort,56,21,0.008337146
binSort,56,22,0.008337042
binSort,56,23,0.008345343
binSort,56,24,0.008286902
binSort,56,25,0.008315612
binSort,56,26,0.008322682
binSort,56,27,0.008314902
binSort,56,28,0.008290262
binSort,56,29,0.008333052
binSort,56,30,0.008319993
binSort,56,31,0.008336702
binSort,56,32,0.008316303
binSort,56,33,0.008338442
binSort,56,34,0.008337303
binSort,56,35,0.008325683
binSort,56,36,0.008310992
binSort,56,37,0.008331973
binSort,56,38,0.008312202
binSort,56,39,0.008318313
binComputeKeys,56,0,0.000895785
binComputeKeys,56,1,0.000900435
binComputeKeys,56,2,0.000899205
binComputeKeys,56,3,0.000899865
binComputeKeys,56,4,0.000897955
binComputeKeys,56,5,0.000899055
binComputeKeys,56,6,0.000898715
binComputeKeys,56,7,0.000905335
binComputeKeys,56,8,0.000895755
binComputeKeys,56,9,0.000898615
binComputeKeys,56,10,0.000899055
binComputeKeys,56,11,0.000896475
binComputeKeys,56,12,0.000899045
binComputeKeys,56,13,0.000901485
binComputeKeys,56,14,0.000899585
binComputeKeys,56,15,0.000899095
binComputeKeys,56,16,0.000901405
binComputeKeys,56,17,0.000904575
binComputeKeys,56,18,0.000899965
binComputeKeys,56,19,0.000897915
binComputeKeys,56,20,0.000898625
binComputeKeys,56,21,0.000901155
binComputeKeys,56,22,0.000899076
binComputeKeys,56,23,0.000901496
binComputeKeys,56,24,0.000898935
binComputeKeys,56,25,0.000902396
binComputeKeys,56,26,0.000902346
binComputeKeys,56,27,0.000901106
binComputeKeys,56,28,0.000899205
binComputeKeys,56,29,0.000900745
binComputeKeys,56,30,0.000898506
binComputeKeys,56,31,0.000908236
binComputeKeys,56,32,0.000899566
binComputeKeys,56,33,0.000901336
binComputeKeys,56,34,0.000902506
binComputeKeys,56,35,0.000899566
binComputeKeys,56,36,0.000895756
binComputeKeys,56,37,0.000900886
binComputeKeys,56,38,0.000899235
binComputeKeys,56,39,0.000901316
binSortByKey,56,0,0.007144139
binSortByKey,56,1,0.00718236
binSortByKey,56,2,0.00717846
binSortByKey,56,3,0.00717106
binSortByKey,56,4,0.007159529
binSortByKey,56,5,0.007222691
binSortByKey,56,6,0.007205551
binSortByKey,56,7,0.00720551
binSortByKey,56,8,0.00717931
binSortByKey,56,9,0.007244001
binSortByKey,56,10,0.00724057
binSortByKey,56,11,0.00724963
binSortByKey,56,12,0.00716694
binSortByKey,56,13,0.00722639
binSortByKey,56,14,0.00722179
binSortByKey,56,15,0.007224851
binSortByKey,56,16,0.00714482
binSortByKey,56,17,0.00720825
binSortByKey,56,18,0.00720421
binSortByKey,56,19,0.007199201
binSortByKey,56,20,0.00715372
binSortByKey,56,21,0.0071963
binSortByKey,56,22,0.007197855
binSortByKey,56,23,0.007204866
binSortByKey,56,24,0.007153626
binSortByKey,56,25,0.007172475
binSortByKey,56,26,0.007179285
binSortByKey,56,27,0.007174405
binSortByKey,56,28,0.007153525
binSortByKey,56,29,0.007188636
binSortByKey,56,30,0.007180105
binSortByKey,56,31,0.007190495
binSortByKey,56,32,0.007180905
binSortByKey,56,33,0.007197325
binSortByKey,56,34,0.007196225
binSortByKey,56,35,0.007186305
binSortByKey,56,36,0.007180345
binSortByKey,56,37,0.007191725
binSortByKey,56,38,0.007173625
binSortByKey,56,39,0.007177445
binComputeOffsets,56,0,0.000225902
binComputeOffsets,56,1,0.000230901
binComputeOffsets,56,2,0.000229112
binComputeOffsets,56,3,0.000229892
binComputeOffsets,56,4,0.000225602
binComputeOffsets,56,5,0.000228971
binComputeOffsets,56,6,0.000231111
binComputeOffsets,56,7,0.000228671
binComputeOffsets,56,8,0.000224881
binComputeOffsets,56,9,0.000237661
binComputeOffsets,56,10,0.000229641
binComputeOffsets,56,11,0.000229901
binComputeOffsets,56,12,0.000227401
binComputeOffsets,56,13,0.000229812
binComputeOffsets,56,14,0.000231161
binComputeOffsets,56,15,0.000228901
binComputeOffsets,56,16,0.000225121
binComputeOffsets,56,17,0.000229642
binComputeOffsets,56,18,0.000230241
binComputeOffsets,56,19,0.000229561
binComputeOffsets,56,20,0.000226291
binComputeOffsets,56,21,0.000230411
binComputeOffsets,56,22,0.000230661
binComputeOffsets,56,23,0.000229091
binComputeOffsets,56,24,0.000225131
binComputeOffsets,56,25,0.000231141
binComputeOffsets,56,26,0.000231501
binComputeOffsets,56,27,0.000229671
binComputeOffsets,56,28,0.000226842
binComputeOffsets,56,29,0.000233481
binComputeOffsets,56,30,0.000231272
binComputeOffsets,56,31,0.000228691
binComputeOffsets,56,32,0.000225642
binComputeOffsets,56,33,0.000229781
binComputeOffsets,56,34,0.000228602
binComputeOffsets,56,35,0.000229802
binComputeOffsets,56,36,0.000225681
binComputeOffsets,56,37,0.000229972
binComputeOffsets,56,38,0.000229561
binComputeOffsets,56,39,0.000229601
FFTNUFFT1,56,0,0.479619972
FFTNUFFT1,56,1,0.480034904
FFTNUFFT1,56,2,0.483413373
FFTNUFFT1,56,3,0.477282469
FFTNUFFT1,56,4,0.478467155
FFTNUFFT1,56,5,0.484312619
FFTNUFFT1,56,6,0.48483243
FFTNUFFT1,56,7,0.484592968
FFTNUFFT1,56,8,0.479766457
FFTNUFFT1,56,9,0.48487141
deconvolutionNUFFT1,56,0,0.000461593
deconvolutionNUFFT1,56,1,0.000464883
deconvolutionNUFFT1,56,2,0.000475013
deconvolutionNUFFT1,56,3,0.000466162
deconvolutionNUFFT1,56,4,0.000472463
deconvolutionNUFFT1,56,5,0.000467722
deconvolutionNUFFT1,56,6,0.000476023
deconvolutionNUFFT1,56,7,0.000471943
deconvolutionNUFFT1,56,8,0.000461983
deconvolutionNUFFT1,56,9,0.000472463
GatherPIFNUFFT,56,0,1.558833794
GatherPIFNUFFT,56,1,1.564251845
GatherPIFNUFFT,56,2,1.562184113
GatherPIFNUFFT,56,3,1.566696928
GatherPIFNUFFT,56,4,1.564340075
GatherPIFNUFFT,56,5,1.557866344
GatherPIFNUFFT,56,6,1.557928859
GatherPIFNUFFT,56,7,1.559258828
GatherPIFNUFFT,56,8,1.562121745
GatherPIFNUFFT,56,9,1.557103744
NativeNUFFT2,56,0,0.515307941
NativeNUFFT2,56,1,0.51348282
NativeNUFFT2,56,2,0.515517022
NativeNUFFT2,56,3,0.519952277
NativeNUFFT2,56,4,0.514994299
NativeNUFFT2,56,5,0.515049739
NativeNUFFT2,56,6,0.514997709
NativeNUFFT2,56,7,0.514788977
NativeNUFFT2,56,8,0.518145837
NativeNUFFT2,56,9,0.522109839
NativeNUFFT2,56,10,0.513888953
NativeNUFFT2,56,11,0.516471817
NativeNUFFT2,56,12,0.52237469
NativeNUFFT2,56,13,0.512709597
NativeNUFFT2,56,14,0.515008269
NativeNUFFT2,56,15,0.513206429
NativeNUFFT2,56,16,0.515896834
NativeNUFFT2,56,17,0.514497176
NativeNUFFT2,56,18,0.516411488
NativeNUFFT2,56,19,0.512330522
NativeNUFFT2,56,20,0.514973939
NativeNUFFT2,56,21,0.516172657
NativeNUFFT2,56,22,0.514030773
NativeNUFFT2,56,23,0.514832318
NativeNUFFT2,56,24,0.518008918
NativeNUFFT2,56,25,0.515345221
NativeNUFFT2,56,26,0.514499506
NativeNUFFT2,56,27,0.513046677
NativeNUFFT2,56,28,0.513767831
NativeNUFFT2,56,29,0.516068937
PrecorrectionNUFFT2,56,0,0.000886445
PrecorrectionNUFFT2,56,1,0.000859175
PrecorrectionNUFFT2,56,2,0.000863155
PrecorrectionNUFFT2,56,3,0.000893405
PrecorrectionNUFFT2,56,4,0.000860685
PrecorrectionNUFFT2,56,5,0.000862735
PrecorrectionNUFFT2,56,6,0.000891894
PrecorrectionNUFFT2,56,7,0.000863844
PrecorrectionNUFFT2,56,8,0.000864615
PrecorrectionNUFFT2,56,9,0.000890285
PrecorrectionNUFFT2,56,10,0.000866555
PrecorrectionNUFFT2,56,11,0.000866725
PrecorrectionNUFFT2,56,12,0.000882595
PrecorrectionNUFFT2,56,13,0.000871585
PrecorrectionNUFFT2,56,14,0.000861775
PrecorrectionNUFFT2,56,15,0.000888345
PrecorrectionNUFFT2,56,16,0.000873505
PrecorrectionNUFFT2,56,17,0.000860185
PrecorrectionNUFFT2,56,18,0.000890976
PrecorrectionNUFFT2,56,19,0.000873825
PrecorrectionNUFFT2,56,20,0.000864336
PrecorrectionNUFFT2,56,21,0.000894266
PrecorrectionNUFFT2,56,22,0.000862836
PrecorrectionNUFFT2,56,23,0.000858595
PrecorrectionNUFFT2,56,24,0.000891956
PrecorrectionNUFFT2,56,25,0.000866315
PrecorrectionNUFFT2,56,26,0.000866256
PrecorrectionNUFFT2,56,27,0.000889876
PrecorrectionNUFFT2,56,28,0.000864695
PrecorrectionNUFFT2,56,29,0.000860836
FFTNUFFT2,56,0,0.484462329
FFTNUFFT2,56,1,0.483846925
FFTNUFFT2,56,2,0.48824797
FFTNUFFT2,56,3,0.488911594
FFTNUFFT2,56,4,0.48651381
FFTNUFFT2,56,5,0.483670314
FFTNUFFT2,56,6,0.482266306
FFTNUFFT2,56,7,0.487678646
FFTNUFFT2,56,8,0.487881738
FFTNUFFT2,56,9,0.4899671
FFTNUFFT2,56,10,0.48831728
FFTNUFFT2,56,11,0.484026986
FFTNUFFT2,56,12,0.485498505
FFTNUFFT2,56,13,0.483798946
FFTNUFFT2,56,14,0.484948211
FFTNUFFT2,56,15,0.482157396
FFTNUFFT2,56,16,0.48817975
FFTNUFFT2,56,17,0.48808866
FFTNUFFT2,56,18,0.48331533
FFTNUFFT2,56,19,0.483611792
FFTNUFFT2,56,20,0.488592953
FFTNUFFT2,56,21,0.482462825
FFTNUFFT2,56,22,0.488022159
FFTNUFFT2,56,23,0.482632186
FFTNUFFT2,56,24,0.486351809
FFTNUFFT2,56,25,0.483662072
FFTNUFFT2,56,26,0.483213509
FFTNUFFT2,56,27,0.482065212
FFTNUFFT2,56,28,0.485920737
FFTNUFFT2,56,29,0.483969204
GatherNUFFT2,56,0,0.029938957
GatherNUFFT2,56,1,0.02875587
GatherNUFFT2,56,2,0.026385667
GatherNUFFT2,56,3,0.030127118
GatherNUFFT2,56,4,0.027599704
GatherNUFFT2,56,5,0.030496119
GatherNUFFT2,56,6,0.031819608
GatherNUFFT2,56,7,0.026218956
GatherNUFFT2,56,8,0.029379614
GatherNUFFT2,56,9,0.031232494
GatherNUFFT2,56,10,0.024682508
GatherNUFFT2,56,11,0.031558676
GatherNUFFT2,56,12,0.03597384
GatherNUFFT2,56,13,0.028019156
GatherNUFFT2,56,14,0.029177963
GatherNUFFT2,56,15,0.030140968
GatherNUFFT2,56,16,0.026822859
GatherNUFFT2,56,17,0.025528731
GatherNUFFT2,56,18,0.032186172
GatherNUFFT2,56,19,0.027824245
GatherNUFFT2,56,20,0.02549666
GatherNUFFT2,56,21,0.032794026
GatherNUFFT2,56,22,0.025123828
GatherNUFFT2,56,23,0.031320607
GatherNUFFT2,56,24,0.030745853
GatherNUFFT2,56,25,0.030795414
GatherNUFFT2,56,26,0.030398461
GatherNUFFT2,56,27,0.030071659
GatherNUFFT2,56,28,0.026962649
GatherNUFFT2,56,29,0.031219576
mainTimer,57,0,21.264708254
dumpData,57,0,0.011664355
dumpData,57,1,0.011883776
dumpData,57,2,0.01069237
dumpData,57,3,0.011746785
dumpData,57,4,0.012071837
dumpData,57,5,0.011704024
dumpData,57,6,0.011347071
dumpData,57,7,0.011275341
dumpData,57,8,0.010966339
dumpData,57,9,0.010587666
kick,57,0,0.00175064
kick,57,1,0.001766899
kick,57,2,0.001729199
kick,57,3,0.0017677
kick,57,4,0.00172386
kick,57,5,0.001769329
kick,57,6,0.00175453
kick,57,7,0.00176737
kick,57,8,0.00172906
kick,57,9,0.00176958
kick,57,10,0.00171967
kick,57,11,0.001767051
kick,57,12,0.001727161
kick,57,13,0.001764321
kick,57,14,0.00173811
kick,57,15,0.001769001
kick,57,16,0.001739541
kick,57,17,0.001767461
kick,57,18,0.001748781
kick,57,19,0.001768372
drift,57,0,0.00172215
drift,57,1,0.00171924
drift,57,2,0.001721179
drift,57,3,0.001719269
drift,57,4,0.00172151
drift,57,5,0.001719279
drift,57,6,0.00172168
drift,57,7,0.00171912
drift,57,8,0.001721201
drift,57,9,0.001722231
particleBC,57,0,0.003495039
particleBC,57,1,0.003493769
particleBC,57,2,0.00349166
particleBC,57,3,0.00349275
particleBC,57,4,0.003490959
particleBC,57,5,0.00348982
particleBC,57,6,0.003494842
particleBC,57,7,0.003494552
particleBC,57,8,0.003491002
particleBC,57,9,0.003497452
updateParticle,57,0,0.014651962
updateParticle,57,1,0.012600361
updateParticle,57,2,0.014838682
updateParticle,57,3,0.014210579
updateParticle,57,4,0.012230468
updateParticle,57,5,0.012819701
updateParticle,57,6,0.013910447
updateParticle,57,7,0.012070836
updateParticle,57,8,0.012421658
updateParticle,57,9,0.011995365
locateParticles,57,0,0.001460118
locateParticles,57,1,0.001470138
locateParticles,57,2,0.001455538
locateParticles,57,3,0.001473868
locateParticles,57,4,0.001467748
locateParticles,57,5,0.001459308
locateParticles,57,6,0.001454379
locateParticles,57,7,0.00147349
locateParticles,57,8,0.001455499
locateParticles,57,9,0.001453469
sendPreprocess,57,0,0.001251857
sendPreprocess,57,1,0.001320197
sendPreprocess,57,2,0.001347637
sendPreprocess,57,3,0.001288717
sendPreprocess,57,4,0.001326558
sendPreprocess,57,5,0.001345127
sendPreprocess,57,6,0.001322028
sendPreprocess,57,7,0.001338808
sendPreprocess,57,8,0.001372889
sendPreprocess,57,9,0.001416919
particleSend,57,0,0.001205217
particleSend,57,1,0.001318517
particleSend,57,2,0.001250697
particleSend,57,3,0.001341228
particleSend,57,4,0.001319397
particleSend,57,5,0.001258967
particleSend,57,6,0.001207198
particleSend,57,7,0.001255058
particleSend,57,8,0.001197757
particleSend,57,9,0.001274488
particleRecv,57,0,3.615e-05
particleRecv,57,1,3.843e-05
particleRecv,57,2,3.85e-05
particleRecv,57,3,3.974e-05
particleRecv,57,4,3.453e-05
particleRecv,57,5,3.343e-05
particleRecv,57,6,3.253e-05
particleRecv,57,7,5.358e-05
particleRecv,57,8,3.8e-05
particleRecv,57,9,3.648e-05
particleDestroy,57,0,0.004986598
particleDestroy,57,1,0.004987258
particleDestroy,57,2,0.004985698
particleDestroy,57,3,0.004978508
particleDestroy,57,4,0.004973268
particleDestroy,57,5,0.004968367
particleDestroy,57,6,0.004960041
particleDestroy,57,7,0.004951581
particleDestroy,57,8,0.004964512
particleDestroy,57,9,0.004958041
ScatterPIFNUFFT,57,0,0.52414452
ScatterPIFNUFFT,57,1,0.001104796
ScatterPIFNUFFT,57,2,0.523696447
ScatterPIFNUFFT,57,3,0.001108956
ScatterPIFNUFFT,57,4,0.521820767
ScatterPIFNUFFT,57,5,0.001112416
ScatterPIFNUFFT,57,6,0.528803666
ScatterPIFNUFFT,57,7,0.001108486
ScatterPIFNUFFT,57,8,0.526319512
ScatterPIFNUFFT,57,9,0.001108606
ScatterPIFNUFFT,57,10,0.528427424
ScatterPIFNUFFT,57,11,0.001109206
ScatterPIFNUFFT,57,12,0.525889158
ScatterPIFNUFFT,57,13,0.001110607
ScatterPIFNUFFT,57,14,0.530758268
ScatterPIFNUFFT,57,15,0.001112907
ScatterPIFNUFFT,57,16,0.524863762
ScatterPIFNUFFT,57,17,0.001110197
ScatterPIFNUFFT,57,18,0.523825155
ScatterPIFNUFFT,57,19,0.001110877
NativeNUFFT1,57,0,0.520158977
NativeNUFFT1,57,1,0.519041722
NativeNUFFT1,57,2,0.517505343
NativeNUFFT1,57,3,0.524938055
NativeNUFFT1,57,4,0.52233815
NativeNUFFT1,57,5,0.523665038
NativeNUFFT1,57,6,0.521913253
NativeNUFFT1,57,7,0.526667473
NativeNUFFT1,57,8,0.520173942
NativeNUFFT1,57,9,0.519156645
scatterTimerNUFFT1,57,0,0.03946014
scatterTimerNUFFT1,57,1,0.038599755
scatterTimerNUFFT1,57,2,0.038235603
scatterTimerNUFFT1,57,3,0.038859707
scatterTimerNUFFT1,57,4,0.040770307
scatterTimerNUFFT1,57,5,0.038702326
scatterTimerNUFFT1,57,6,0.038055179
scatterTimerNUFFT1,57,7,0.039066406
scatterTimerNUFFT1,57,8,0.038432332
scatterTimerNUFFT1,57,9,0.03815924
binSort,57,0,0.008777389
binSort,57,1,0.008816269
binSort,57,2,0.008818999
binSort,57,3,0.008804069
binSort,57,4,0.008780799
binSort,57,5,0.008814209
binSort,57,6,0.008806039
binSort,57,7,0.00881438
binSort,57,8,0.008780929
binSort,57,9,0.00885353
binSort,57,10,0.008805709
binSort,57,11,0.008810599
binSort,57,12,0.008770539
binSort,57,13,0.008813579
binSort,57,14,0.008811119
binSort,57,15,0.008815989
binSort,57,16,0.008780319
binSort,57,17,0.008803359
binSort,57,18,0.008806809
binSort,57,19,0.008798369
binSort,57,20,0.008771058
binSort,57,21,0.008796409
binSort,57,22,0.008807226
binSort,57,23,0.008801966
binSort,57,24,0.008777445
binSort,57,25,0.008849185
binSort,57,26,0.008836036
binSort,57,27,0.008838036
binSort,57,28,0.008757986
binSort,57,29,0.008828705
binSort,57,30,0.008824896
binSort,57,31,0.008821506
binSort,57,32,0.008778285
binSort,57,33,0.008830815
binSort,57,34,0.008830495
binSort,57,35,0.008837225
binSort,57,36,0.008776925
binSort,57,37,0.008819795
binSort,57,38,0.008819086
binSort,57,39,0.008829306
binComputeKeys,57,0,0.000954195
binComputeKeys,57,1,0.000957625
binComputeKeys,57,2,0.000957365
binComputeKeys,57,3,0.000957435
binComputeKeys,57,4,0.000955626
binComputeKeys,57,5,0.000956456
binComputeKeys,57,6,0.000955596
binComputeKeys,57,7,0.000955916
binComputeKeys,57,8,0.000955375
binComputeKeys,57,9,0.000989546
binComputeKeys,57,10,0.000957415
binComputeKeys,57,11,0.000958105
binComputeKeys,57,12,0.000956016
binComputeKeys,57,13,0.000954216
binComputeKeys,57,14,0.000956135
binComputeKeys,57,15,0.000957875
binComputeKeys,57,16,0.000956926
binComputeKeys,57,17,0.000956606
binComputeKeys,57,18,0.000957135
binComputeKeys,57,19,0.000956585
binComputeKeys,57,20,0.000955375
binComputeKeys,57,21,0.000954005
binComputeKeys,57,22,0.000956697
binComputeKeys,57,23,0.000954496
binComputeKeys,57,24,0.000958836
binComputeKeys,57,25,0.000958016
binComputeKeys,57,26,0.000956877
binComputeKeys,57,27,0.000957246
binComputeKeys,57,28,0.000955167
binComputeKeys,57,29,0.000958046
binComputeKeys,57,30,0.000956756
binComputeKeys,57,31,0.000956516
binComputeKeys,57,32,0.000954246
binComputeKeys,57,33,0.000958396
binComputeKeys,57,34,0.000956866
binComputeKeys,57,35,0.000957066
binComputeKeys,57,36,0.000955946
binComputeKeys,57,37,0.000953776
binComputeKeys,57,38,0.000965316
binComputeKeys,57,39,0.000954476
binSortByKey,57,0,0.007571582
binSortByKey,57,1,0.007607453
binSortByKey,57,2,0.007608952
binSortByKey,57,3,0.007597063
binSortByKey,57,4,0.007575022
binSortByKey,57,5,0.007606222
binSortByKey,57,6,0.007599122
binSortByKey,57,7,0.007609562
binSortByKey,57,8,0.007578213
binSortByKey,57,9,0.007612482
binSortByKey,57,10,0.007596982
binSortByKey,57,11,0.007601462
binSortByKey,57,12,0.007566782
binSortByKey,57,13,0.007607792
binSortByKey,57,14,0.007602363
binSortByKey,57,15,0.007607052
binSortByKey,57,16,0.007575252
binSortByKey,57,17,0.007595872
binSortByKey,57,18,0.007597153
binSortByKey,57,19,0.007590903
binSortByKey,57,20,0.007568812
binSortByKey,57,21,0.007592532
binSortByKey,57,22,0.007599727
binSortByKey,57,23,0.007598108
binSortByKey,57,24,0.007571697
binSortByKey,57,25,0.007640248
binSortByKey,57,26,0.007629267
binSortByKey,57,27,0.007630828
binSortByKey,57,28,0.007557347
binSortByKey,57,29,0.007619308
binSortByKey,57,30,0.007617618
binSortByKey,57,31,0.007613588
binSortByKey,57,32,0.007572028
binSortByKey,57,33,0.007622098
binSortByKey,57,34,0.007623558
binSortByKey,57,35,0.007629618
binSortByKey,57,36,0.007575188
binSortByKey,57,37,0.007614068
binSortByKey,57,38,0.007603378
binSortByKey,57,39,0.007621648
binComputeOffsets,57,0,0.000236662
binComputeOffsets,57,1,0.000241401
binComputeOffsets,57,2,0.000242092
binComputeOffsets,57,3,0.000240301
binComputeOffsets,57,4,0.000240941
binComputeOffsets,57,5,0.000241401
binComputeOffsets,57,6,0.000240931
binComputeOffsets,57,7,0.000239822
binComputeOffsets,57,8,0.000238101
binComputeOffsets,57,9,0.000241632
binComputeOffsets,57,10,0.000241612
binComputeOffsets,57,11,0.000241951
binComputeOffsets,57,12,0.000237861
binComputeOffsets,57,13,0.000242211
binComputeOffsets,57,14,0.000242501
binComputeOffsets,57,15,0.000241392
binComputeOffsets,57,16,0.000236951
binComputeOffsets,57,17,0.000241571
binComputeOffsets,57,18,0.000242491
binComputeOffsets,57,19,0.000240911
binComputeOffsets,57,20,0.000237531
binComputeOffsets,57,21,0.000240472
binComputeOffsets,57,22,0.000241142
binComputeOffsets,57,23,0.000240072
binComputeOffsets,57,24,0.000236452
binComputeOffsets,57,25,0.000240651
binComputeOffsets,57,26,0.000240411
binComputeOffsets,57,27,0.000240322
binComputeOffsets,57,28,0.000236292
binComputeOffsets,57,29,0.000241191
binComputeOffsets,57,30,0.000241302
binComputeOffsets,57,31,0.000241252
binComputeOffsets,57,32,0.000236181
binComputeOffsets,57,33,0.000240931
binComputeOffsets,57,34,0.000240701
binComputeOffsets,57,35,0.000240931
binComputeOffsets,57,36,0.000236501
binComputeOffsets,57,37,0.000241321
binComputeOffsets,57,38,0.000241002
binComputeOffsets,57,39,0.000243192
FFTNUFFT1,57,0,0.480215925
FFTNUFFT1,57,1,0.479967154
FFTNUFFT1,57,2,0.478789137
FFTNUFFT1,57,3,0.485601805
FFTNUFFT1,57,4,0.48108681
FFTNUFFT1,57,5,0.484488499
FFTNUFFT1,57,6,0.483385741
FFTNUFFT1,57,7,0.487107894
FFTNUFFT1,57,8,0.481261247
FFTNUFFT1,57,9,0.480518062
deconvolutionNUFFT1,57,0,0.000470402
deconvolutionNUFFT1,57,1,0.000462642
deconvolutionNUFFT1,57,2,0.000462363
deconvolutionNUFFT1,57,3,0.000464713
deconvolutionNUFFT1,57,4,0.000467733
deconvolutionNUFFT1,57,5,0.000462403
deconvolutionNUFFT1,57,6,0.000460773
deconvolutionNUFFT1,57,7,0.000481013
deconvolutionNUFFT1,57,8,0.000464803
deconvolutionNUFFT1,57,9,0.000467303
GatherPIFNUFFT,57,0,1.558975425
GatherPIFNUFFT,57,1,1.56522452
GatherPIFNUFFT,57,2,1.568034096
GatherPIFNUFFT,57,3,1.559342407
GatherPIFNUFFT,57,4,1.561492079
GatherPIFNUFFT,57,5,1.55887051
GatherPIFNUFFT,57,6,1.559093226
GatherPIFNUFFT,57,7,1.557903809
GatherPIFNUFFT,57,8,1.562131476
GatherPIFNUFFT,57,9,1.562325467
NativeNUFFT2,57,0,0.514939048
NativeNUFFT2,57,1,0.513811912
NativeNUFFT2,57,2,0.515297181
NativeNUFFT2,57,3,0.520147417
NativeNUFFT2,57,4,0.514660267
NativeNUFFT2,57,5,0.515503442
NativeNUFFT2,57,6,0.52055239
NativeNUFFT2,57,7,0.514666798
NativeNUFFT2,57,8,0.517884355
NativeNUFFT2,57,9,0.514846438
NativeNUFFT2,57,10,0.513089459
NativeNUFFT2,57,11,0.516510537
NativeNUFFT2,57,12,0.519924916
NativeNUFFT2,57,13,0.512514125
NativeNUFFT2,57,14,0.514171495
NativeNUFFT2,57,15,0.513739803
NativeNUFFT2,57,16,0.515716484
NativeNUFFT2,57,17,0.514501416
NativeNUFFT2,57,18,0.518515531
NativeNUFFT2,57,19,0.512259532
NativeNUFFT2,57,20,0.513103448
NativeNUFFT2,57,21,0.514764498
NativeNUFFT2,57,22,0.512996647
NativeNUFFT2,57,23,0.515241701
NativeNUFFT2,57,24,0.517450285
NativeNUFFT2,57,25,0.51513033
NativeNUFFT2,57,26,0.514645437
NativeNUFFT2,57,27,0.517533595
NativeNUFFT2,57,28,0.513961073
NativeNUFFT2,57,29,0.515922825
PrecorrectionNUFFT2,57,0,0.000897465
PrecorrectionNUFFT2,57,1,0.000866985
PrecorrectionNUFFT2,57,2,0.000863365
PrecorrectionNUFFT2,57,3,0.000888725
PrecorrectionNUFFT2,57,4,0.000871594
PrecorrectionNUFFT2,57,5,0.000859415
PrecorrectionNUFFT2,57,6,0.000887795
PrecorrectionNUFFT2,57,7,0.000859554
PrecorrectionNUFFT2,57,8,0.000866845
PrecorrectionNUFFT2,57,9,0.000889245
PrecorrectionNUFFT2,57,10,0.000866815
PrecorrectionNUFFT2,57,11,0.000863455
PrecorrectionNUFFT2,57,12,0.000890785
PrecorrectionNUFFT2,57,13,0.000865115
PrecorrectionNUFFT2,57,14,0.000860085
PrecorrectionNUFFT2,57,15,0.000886355
PrecorrectionNUFFT2,57,16,0.000866365
PrecorrectionNUFFT2,57,17,0.000871536
PrecorrectionNUFFT2,57,18,0.000889575
PrecorrectionNUFFT2,57,19,0.000861225
PrecorrectionNUFFT2,57,20,0.000861996
PrecorrectionNUFFT2,57,21,0.000890836
PrecorrectionNUFFT2,57,22,0.000864795
PrecorrectionNUFFT2,57,23,0.000859526
PrecorrectionNUFFT2,57,24,0.000893316
PrecorrectionNUFFT2,57,25,0.000861705
PrecorrectionNUFFT2,57,26,0.000863316
PrecorrectionNUFFT2,57,27,0.000888696
PrecorrectionNUFFT2,57,28,0.000865676
PrecorrectionNUFFT2,57,29,0.000883225
FFTNUFFT2,57,0,0.483586284
FFTNUFFT2,57,1,0.482463417
FFTNUFFT2,57,2,0.483299643
FFTNUFFT2,57,3,0.487080263
FFTNUFFT2,57,4,0.483655405
FFTNUFFT2,57,5,0.484548769
FFTNUFFT2,57,6,0.48467062
FFTNUFFT2,57,7,0.483262793
FFTNUFFT2,57,8,0.483544364
FFTNUFFT2,57,9,0.489051864
FFTNUFFT2,57,10,0.484433789
FFTNUFFT2,57,11,0.483892545
FFTNUFFT2,57,12,0.492388553
FFTNUFFT2,57,13,0.482540408
FFTNUFFT2,57,14,0.483729385
FFTNUFFT2,57,15,0.483031831
FFTNUFFT2,57,16,0.483175879
FFTNUFFT2,57,17,0.487375295
FFTNUFFT2,57,18,0.489230388
FFTNUFFT2,57,19,0.483642462
FFTNUFFT2,57,20,0.483646972
FFTNUFFT2,57,21,0.48178629
FFTNUFFT2,57,22,0.483078299
FFTNUFFT2,57,23,0.483676782
FFTNUFFT2,57,24,0.483928254
FFTNUFFT2,57,25,0.483080639
FFTNUFFT2,57,26,0.483590332
FFTNUFFT2,57,27,0.490887397
FFTNUFFT2,57,28,0.487692657
FFTNUFFT2,57,29,0.488405112
GatherNUFFT2,57,0,0.030435039
GatherNUFFT2,57,1,0.03046137
GatherNUFFT2,57,2,0.031114013
GatherNUFFT2,57,3,0.032158499
GatherNUFFT2,57,4,0.030111068
GatherNUFFT2,57,5,0.030075338
GatherNUFFT2,57,6,0.034973235
GatherNUFFT2,57,7,0.03052317
GatherNUFFT2,57,8,0.033452506
GatherNUFFT2,57,9,0.024885219
GatherNUFFT2,57,10,0.027767875
GatherNUFFT2,57,11,0.031734096
GatherNUFFT2,57,12,0.026624048
GatherNUFFT2,57,13,0.029088872
GatherNUFFT2,57,14,0.029561975
GatherNUFFT2,57,15,0.029802417
GatherNUFFT2,57,16,0.031652819
GatherNUFFT2,57,17,0.026234495
GatherNUFFT2,57,18,0.028375198
GatherNUFFT2,57,19,0.027735525
GatherNUFFT2,57,20,0.02857389
GatherNUFFT2,57,21,0.032066742
GatherNUFFT2,57,22,0.029033113
GatherNUFFT2,57,23,0.030684993
GatherNUFFT2,57,24,0.032608405
GatherNUFFT2,57,25,0.031168246
GatherNUFFT2,57,26,0.030171339
GatherNUFFT2,57,27,0.025737781
GatherNUFFT2,57,28,0.02538174
GatherNUFFT2,57,29,0.026614408
mainTimer,58,0,21.264705994
dumpData,58,0,0.01262647
dumpData,58,1,0.012793941
dumpData,58,2,0.012386179
dumpData,58,3,0.01252631
dumpData,58,4,0.011153002
dumpData,58,5,0.0126231
dumpData,58,6,0.010511096
dumpData,58,7,0.012285957
dumpData,58,8,0.01271635
dumpData,58,9,0.012215267
kick,58,0,0.00171251
kick,58,1,0.00176729
kick,58,2,0.001704859
kick,58,3,0.00176699
kick,58,4,0.001705069
kick,58,5,0.00176873
kick,58,6,0.00171419
kick,58,7,0.001767839
kick,58,8,0.00170556
kick,58,9,0.00176879
kick,58,10,0.00174366
kick,58,11,0.001770891
kick,58,12,0.001704781
kick,58,13,0.001768481
kick,58,14,0.001758511
kick,58,15,0.001768292
kick,58,16,0.001714521
kick,58,17,0.001767521
kick,58,18,0.001705291
kick,58,19,0.001767031
drift,58,0,0.0017215
drift,58,1,0.00171923
drift,58,2,0.00172136
drift,58,3,0.001721119
drift,58,4,0.001718709
drift,58,5,0.001721839
drift,58,6,0.00172274
drift,58,7,0.00171891
drift,58,8,0.001718981
drift,58,9,0.00172408
particleBC,58,0,0.003491929
particleBC,58,1,0.003489809
particleBC,58,2,0.003490779
particleBC,58,3,0.00348986
particleBC,58,4,0.003491239
particleBC,58,5,0.003491629
particleBC,58,6,0.003495492
particleBC,58,7,0.003491582
particleBC,58,8,0.003491262
particleBC,58,9,0.003495702
updateParticle,58,0,0.014558251
updateParticle,58,1,0.013099943
updateParticle,58,2,0.014758853
updateParticle,58,3,0.013202293
updateParticle,58,4,0.012457999
updateParticle,58,5,0.012920482
updateParticle,58,6,0.013450825
updateParticle,58,7,0.011639194
updateParticle,58,8,0.01275538
updateParticle,58,9,0.012197117
locateParticles,58,0,0.001462258
locateParticles,58,1,0.001485608
locateParticles,58,2,0.001473228
locateParticles,58,3,0.001486808
locateParticles,58,4,0.001451118
locateParticles,58,5,0.001472868
locateParticles,58,6,0.00146912
locateParticles,58,7,0.00147399
locateParticles,58,8,0.001449109
locateParticles,58,9,0.00146045
sendPreprocess,58,0,0.001293527
sendPreprocess,58,1,0.001335328
sendPreprocess,58,2,0.001344557
sendPreprocess,58,3,0.001318807
sendPreprocess,58,4,0.001368678
sendPreprocess,58,5,0.001290257
sendPreprocess,58,6,0.001327968
sendPreprocess,58,7,0.001319288
sendPreprocess,58,8,0.001406579
sendPreprocess,58,9,0.001453189
particleSend,58,0,0.001326658
particleSend,58,1,0.001300397
particleSend,58,2,0.001256947
particleSend,58,3,0.001253847
particleSend,58,4,0.001210497
particleSend,58,5,0.001216607
particleSend,58,6,0.001306538
particleSend,58,7,0.001221398
particleSend,58,8,0.001211827
particleSend,58,9,0.001229058
particleRecv,58,0,3.44e-05
particleRecv,58,1,3.487e-05
particleRecv,58,2,3.586e-05
particleRecv,58,3,3.6251e-05
particleRecv,58,4,3.161e-05
particleRecv,58,5,3.294e-05
particleRecv,58,6,3.3441e-05
particleRecv,58,7,3.692e-05
particleRecv,58,8,3.9431e-05
particleRecv,58,9,3.212e-05
particleDestroy,58,0,0.005002598
particleDestroy,58,1,0.004995898
particleDestroy,58,2,0.004984058
particleDestroy,58,3,0.005007448
particleDestroy,58,4,0.004977167
particleDestroy,58,5,0.004978308
particleDestroy,58,6,0.004995091
particleDestroy,58,7,0.004986721
particleDestroy,58,8,0.004980791
particleDestroy,58,9,0.004982781
ScatterPIFNUFFT,58,0,0.516626468
ScatterPIFNUFFT,58,1,0.001119786
ScatterPIFNUFFT,58,2,0.516819869
ScatterPIFNUFFT,58,3,0.001114796
ScatterPIFNUFFT,58,4,0.515997435
ScatterPIFNUFFT,58,5,0.001110886
ScatterPIFNUFFT,58,6,0.519277033
ScatterPIFNUFFT,58,7,0.001112546
ScatterPIFNUFFT,58,8,0.515764944
ScatterPIFNUFFT,58,9,0.001114057
ScatterPIFNUFFT,58,10,0.522501041
ScatterPIFNUFFT,58,11,0.001113646
ScatterPIFNUFFT,58,12,0.526786044
ScatterPIFNUFFT,58,13,0.001112787
ScatterPIFNUFFT,58,14,0.518710013
ScatterPIFNUFFT,58,15,0.001117217
ScatterPIFNUFFT,58,16,0.51672124
ScatterPIFNUFFT,58,17,0.001109707
ScatterPIFNUFFT,58,18,0.522558757
ScatterPIFNUFFT,58,19,0.001117757
NativeNUFFT1,58,0,0.512563426
NativeNUFFT1,58,1,0.512566556
NativeNUFFT1,58,2,0.51164494
NativeNUFFT1,58,3,0.515598483
NativeNUFFT1,58,4,0.511943252
NativeNUFFT1,58,5,0.517844774
NativeNUFFT1,58,6,0.522413406
NativeNUFFT1,58,7,0.514355915
NativeNUFFT1,58,8,0.512288092
NativeNUFFT1,58,9,0.518018408
scatterTimerNUFFT1,58,0,0.038846967
scatterTimerNUFFT1,58,1,0.038579455
scatterTimerNUFFT1,58,2,0.038168682
scatterTimerNUFFT1,58,3,0.040286985
scatterTimerNUFFT1,58,4,0.039865952
scatterTimerNUFFT1,58,5,0.038546754
scatterTimerNUFFT1,58,6,0.038551592
scatterTimerNUFFT1,58,7,0.03978953
scatterTimerNUFFT1,58,8,0.038379801
scatterTimerNUFFT1,58,9,0.037865148
binSort,58,0,0.008784309
binSort,58,1,0.008820379
binSort,58,2,0.008813829
binSort,58,3,0.008803959
binSort,58,4,0.008773308
binSort,58,5,0.008812489
binSort,58,6,0.008801359
binSort,58,7,0.008812069
binSort,58,8,0.008776229
binSort,58,9,0.008814359
binSort,58,10,0.008812949
binSort,58,11,0.008815499
binSort,58,12,0.008777029
binSort,58,13,0.008811779
binSort,58,14,0.008805769
binSort,58,15,0.008810829
binSort,58,16,0.008769089
binSort,58,17,0.008813029
binSort,58,18,0.008804099
binSort,58,19,0.008818519
binSort,58,20,0.008779949
binSort,58,21,0.00882631
binSort,58,22,0.008816276
binSort,58,23,0.008810265
binSort,58,24,0.008798365
binSort,58,25,0.008824695
binSort,58,26,0.008824866
binSort,58,27,0.008825495
binSort,58,28,0.008773586
binSort,58,29,0.008824776
binSort,58,30,0.008812016
binSort,58,31,0.008824195
binSort,58,32,0.008784006
binSort,58,33,0.008826895
binSort,58,34,0.008819025
binSort,58,35,0.008839666
binSort,58,36,0.008789646
binSort,58,37,0.008811546
binSort,58,38,0.008810996
binSort,58,39,0.008821695
binComputeKeys,58,0,0.000956255
binComputeKeys,58,1,0.000961705
binComputeKeys,58,2,0.000960966
binComputeKeys,58,3,0.000956885
binComputeKeys,58,4,0.000957865
binComputeKeys,58,5,0.000957115
binComputeKeys,58,6,0.000958265
binComputeKeys,58,7,0.000955825
binComputeKeys,58,8,0.000953675
binComputeKeys,58,9,0.000959905
binComputeKeys,58,10,0.000961445
binComputeKeys,58,11,0.000958035
binComputeKeys,58,12,0.000956775
binComputeKeys,58,13,0.000957485
binComputeKeys,58,14,0.000958745
binComputeKeys,58,15,0.000959675
binComputeKeys,58,16,0.000957386
binComputeKeys,58,17,0.000959265
binComputeKeys,58,18,0.000956545
binComputeKeys,58,19,0.000958465
binComputeKeys,58,20,0.000954505
binComputeKeys,58,21,0.000961896
binComputeKeys,58,22,0.000957526
binComputeKeys,58,23,0.000961246
binComputeKeys,58,24,0.000956406
binComputeKeys,58,25,0.000958416
binComputeKeys,58,26,0.000957827
binComputeKeys,58,27,0.000960466
binComputeKeys,58,28,0.000952697
binComputeKeys,58,29,0.000957866
binComputeKeys,58,30,0.000961067
binComputeKeys,58,31,0.000957736
binComputeKeys,58,32,0.000953656
binComputeKeys,58,33,0.000962036
binComputeKeys,58,34,0.000956786
binComputeKeys,58,35,0.000960926
binComputeKeys,58,36,0.000955106
binComputeKeys,58,37,0.000958187
binComputeKeys,58,38,0.000960346
binComputeKeys,58,39,0.000960086
binSortByKey,58,0,0.007580962
binSortByKey,58,1,0.007606752
binSortByKey,58,2,0.007601602
binSortByKey,58,3,0.007596563
binSortByKey,58,4,0.007569052
binSortByKey,58,5,0.007603903
binSortByKey,58,6,0.007592572
binSortByKey,58,7,0.007603882
binSortByKey,58,8,0.007575892
binSortByKey,58,9,0.007601313
binSortByKey,58,10,0.007600182
binSortByKey,58,11,0.007604573
binSortByKey,58,12,0.007573422
binSortByKey,58,13,0.007601853
binSortByKey,58,14,0.007595903
binSortByKey,58,15,0.007600092
binSortByKey,58,16,0.007564122
binSortByKey,58,17,0.007600272
binSortByKey,58,18,0.007594203
binSortByKey,58,19,0.007608032
binSortByKey,58,20,0.007578762
binSortByKey,58,21,0.007613552
binSortByKey,58,22,0.007605948
binSortByKey,58,23,0.007595958
binSortByKey,58,24,0.007595368
binSortByKey,58,25,0.007613378
binSortByKey,58,26,0.007609277
binSortByKey,58,27,0.007613618
binSortByKey,58,28,0.007574567
binSortByKey,58,29,0.007614737
binSortByKey,58,30,0.007599377
binSortByKey,58,31,0.007615347
binSortByKey,58,32,0.007576678
binSortByKey,58,33,0.007611628
binSortByKey,58,34,0.007609428
binSortByKey,58,35,0.007622688
binSortByKey,58,36,0.007587898
binSortByKey,58,37,0.007601187
binSortByKey,58,38,0.007600007
binSortByKey,58,39,0.007605358
binComputeOffsets,58,0,0.000237201
binComputeOffsets,58,1,0.000241891
binComputeOffsets,58,2,0.000241731
binComputeOffsets,58,3,0.000241021
binComputeOffsets,58,4,0.000237111
binComputeOffsets,58,5,0.000241981
binComputeOffsets,58,6,0.000240652
binComputeOffsets,58,7,0.000241932
binComputeOffsets,58,8,0.000236952
binComputeOffsets,58,9,0.000243131
binComputeOffsets,58,10,0.000241602
binComputeOffsets,58,11,0.000242431
binComputeOffsets,58,12,0.000236851
binComputeOffsets,58,13,0.000241981
binComputeOffsets,58,14,0.000241581
binComputeOffsets,58,15,0.000241551
binComputeOffsets,58,16,0.000237121
binComputeOffsets,58,17,0.000243972
binComputeOffsets,58,18,0.000243281
binComputeOffsets,58,19,0.000242092
binComputeOffsets,58,20,0.000237042
binComputeOffsets,58,21,0.000241252
binComputeOffsets,58,22,0.000242992
binComputeOffsets,58,23,0.000241511
binComputeOffsets,58,24,0.000237201
binComputeOffsets,58,25,0.000242831
binComputeOffsets,58,26,0.000241462
binComputeOffsets,58,27,0.000241971
binComputeOffsets,58,28,0.000236972
binComputeOffsets,58,29,0.000242362
binComputeOffsets,58,30,0.000242342
binComputeOffsets,58,31,0.000241582
binComputeOffsets,58,32,0.000237261
binComputeOffsets,58,33,0.000243561
binComputeOffsets,58,34,0.000242251
binComputeOffsets,58,35,0.000245212
binComputeOffsets,58,36,0.000237182
binComputeOffsets,58,37,0.000242562
binComputeOffsets,58,38,0.000241202
binComputeOffsets,58,39,0.000246211
FFTNUFFT1,58,0,0.473237796
FFTNUFFT1,58,1,0.473509338
FFTNUFFT1,58,2,0.473002655
FFTNUFFT1,58,3,0.474834335
FFTNUFFT1,58,4,0.471593718
FFTNUFFT1,58,5,0.478822708
FFTNUFFT1,58,6,0.48338226
FFTNUFFT1,58,7,0.474089702
FFTNUFFT1,58,8,0.473430788
FFTNUFFT1,58,9,0.479677297
deconvolutionNUFFT1,58,0,0.000466623
deconvolutionNUFFT1,58,1,0.000465683
deconvolutionNUFFT1,58,2,0.000461973
deconvolutionNUFFT1,58,3,0.000465213
deconvolutionNUFFT1,58,4,0.000470872
deconvolutionNUFFT1,58,5,0.000463802
deconvolutionNUFFT1,58,6,0.000467592
deconvolutionNUFFT1,58,7,0.000465753
deconvolutionNUFFT1,58,8,0.000462273
deconvolutionNUFFT1,58,9,0.000463973
GatherPIFNUFFT,58,0,1.565806474
GatherPIFNUFFT,58,1,1.571088263
GatherPIFNUFFT,58,2,1.572935242
GatherPIFNUFFT,58,3,1.569429423
GatherPIFNUFFT,58,4,1.572200149
GatherPIFNUFFT,58,5,1.563971588
GatherPIFNUFFT,58,6,1.558683584
GatherPIFNUFFT,58,7,1.569713834
GatherPIFNUFFT,58,8,1.568274034
GatherPIFNUFFT,58,9,1.562604969
NativeNUFFT2,58,0,0.522967174
NativeNUFFT2,58,1,0.512617466
NativeNUFFT2,58,2,0.515279701
NativeNUFFT2,58,3,0.527194287
NativeNUFFT2,58,4,0.514753808
NativeNUFFT2,58,5,0.514227015
NativeNUFFT2,58,6,0.525736509
NativeNUFFT2,58,7,0.514436226
NativeNUFFT2,58,8,0.517832854
NativeNUFFT2,58,9,0.524384201
NativeNUFFT2,58,10,0.514489766
NativeNUFFT2,58,11,0.515634133
NativeNUFFT2,58,12,0.529220998
NativeNUFFT2,58,13,0.513048768
NativeNUFFT2,58,14,0.515009909
NativeNUFFT2,58,15,0.51866734
NativeNUFFT2,58,16,0.515707563
NativeNUFFT2,58,17,0.514258524
NativeNUFFT2,58,18,0.517442095
NativeNUFFT2,58,19,0.512112751
NativeNUFFT2,58,20,0.514213164
NativeNUFFT2,58,21,0.526582782
NativeNUFFT2,58,22,0.513086597
NativeNUFFT2,58,23,0.51511941
NativeNUFFT2,58,24,0.523887475
NativeNUFFT2,58,25,0.51509412
NativeNUFFT2,58,26,0.514362105
NativeNUFFT2,58,27,0.518863634
NativeNUFFT2,58,28,0.51359884
NativeNUFFT2,58,29,0.514976679
PrecorrectionNUFFT2,58,0,0.000889235
PrecorrectionNUFFT2,58,1,0.000869695
PrecorrectionNUFFT2,58,2,0.000868695
PrecorrectionNUFFT2,58,3,0.000887135
PrecorrectionNUFFT2,58,4,0.000860475
PrecorrectionNUFFT2,58,5,0.000864015
PrecorrectionNUFFT2,58,6,0.000897405
PrecorrectionNUFFT2,58,7,0.000869695
PrecorrectionNUFFT2,58,8,0.000863584
PrecorrectionNUFFT2,58,9,0.000893985
PrecorrectionNUFFT2,58,10,0.000863824
PrecorrectionNUFFT2,58,11,0.000860635
PrecorrectionNUFFT2,58,12,0.000886274
PrecorrectionNUFFT2,58,13,0.000867615
PrecorrectionNUFFT2,58,14,0.000863924
PrecorrectionNUFFT2,58,15,0.000890735
PrecorrectionNUFFT2,58,16,0.000870595
PrecorrectionNUFFT2,58,17,0.000861675
PrecorrectionNUFFT2,58,18,0.000894496
PrecorrectionNUFFT2,58,19,0.000868196
PrecorrectionNUFFT2,58,20,0.000864855
PrecorrectionNUFFT2,58,21,0.000888216
PrecorrectionNUFFT2,58,22,0.000862736
PrecorrectionNUFFT2,58,23,0.000863886
PrecorrectionNUFFT2,58,24,0.000888155
PrecorrectionNUFFT2,58,25,0.000866865
PrecorrectionNUFFT2,58,26,0.000866406
PrecorrectionNUFFT2,58,27,0.000890186
PrecorrectionNUFFT2,58,28,0.000868015
PrecorrectionNUFFT2,58,29,0.000865535
FFTNUFFT2,58,0,0.484760071
FFTNUFFT2,58,1,0.475375668
FFTNUFFT2,58,2,0.482101196
FFTNUFFT2,58,3,0.483701885
FFTNUFFT2,58,4,0.480385516
FFTNUFFT2,58,5,0.476115353
FFTNUFFT2,58,6,0.486712662
FFTNUFFT2,58,7,0.482357868
FFTNUFFT2,58,8,0.476301974
FFTNUFFT2,58,9,0.485489115
FFTNUFFT2,58,10,0.483309143
FFTNUFFT2,58,11,0.476526385
FFTNUFFT2,58,12,0.486784521
FFTNUFFT2,58,13,0.482303877
FFTNUFFT2,58,14,0.482334487
FFTNUFFT2,58,15,0.482188406
FFTNUFFT2,58,16,0.481313867
FFTNUFFT2,58,17,0.482148593
FFTNUFFT2,58,18,0.477293042
FFTNUFFT2,58,19,0.476418966
FFTNUFFT2,58,20,0.482267414
FFTNUFFT2,58,21,0.488445512
FFTNUFFT2,58,22,0.480071479
FFTNUFFT2,58,23,0.475649991
FFTNUFFT2,58,24,0.485921987
FFTNUFFT2,58,25,0.47690944
FFTNUFFT2,58,26,0.476370756
FFTNUFFT2,58,27,0.480813244
FFTNUFFT2,58,28,0.479855538
FFTNUFFT2,58,29,0.476370807
GatherNUFFT2,58,0,0.037298078
GatherNUFFT2,58,1,0.036352143
GatherNUFFT2,58,2,0.03229007
GatherNUFFT2,58,3,0.042585657
GatherNUFFT2,58,4,0.033488316
GatherNUFFT2,58,5,0.037227677
GatherNUFFT2,58,6,0.038106542
GatherNUFFT2,58,7,0.031188783
GatherNUFFT2,58,8,0.040647456
GatherNUFFT2,58,9,0.037980381
GatherNUFFT2,58,10,0.030296719
GatherNUFFT2,58,11,0.038227673
GatherNUFFT2,58,12,0.041528112
GatherNUFFT2,58,13,0.029857356
GatherNUFFT2,58,14,0.031791637
GatherNUFFT2,58,15,0.035567629
GatherNUFFT2,58,16,0.033502491
GatherNUFFT2,58,17,0.031228106
GatherNUFFT2,58,18,0.039234876
GatherNUFFT2,58,19,0.034804879
GatherNUFFT2,58,20,0.031059625
GatherNUFFT2,58,21,0.037228584
GatherNUFFT2,58,22,0.032132202
GatherNUFFT2,58,23,0.038585063
GatherNUFFT2,58,24,0.037057733
GatherNUFFT2,58,25,0.037298105
GatherNUFFT2,58,26,0.037104863
GatherNUFFT2,58,27,0.037140464
GatherNUFFT2,58,28,0.032855687
GatherNUFFT2,58,29,0.037720547
mainTimer,59,0,21.264709294
dumpData,59,0,0.010627649
dumpData,59,1,0.010847071
dumpData,59,2,0.011263333
dumpData,59,3,0.010720879
dumpData,59,4,0.010137976
dumpData,59,5,0.010655397
dumpData,59,6,0.00960596
dumpData,59,7,0.010441206
dumpData,59,8,0.011566183
dumpData,59,9,0.01115191
kick,59,0,0.001845081
kick,59,1,0.00188424
kick,59,2,0.00186004
kick,59,3,0.00188261
kick,59,4,0.00185668
kick,59,5,0.00188207
kick,59,6,0.0018442
kick,59,7,0.00188198
kick,59,8,0.001859731
kick,59,9,0.001882221
kick,59,10,0.001872601
kick,59,11,0.001883392
kick,59,12,0.001861212
kick,59,13,0.001884462
kick,59,14,0.001875421
kick,59,15,0.001891382
kick,59,16,0.001861962
kick,59,17,0.001880272
kick,59,18,0.001835521
kick,59,19,0.001880202
drift,59,0,0.00183069
drift,59,1,0.00183038
drift,59,2,0.001834531
drift,59,3,0.001838731
drift,59,4,0.00183043
drift,59,5,0.00183251
drift,59,6,0.001831501
drift,59,7,0.001841422
drift,59,8,0.001833541
drift,59,9,0.001834542
particleBC,59,0,0.003717541
particleBC,59,1,0.003716411
particleBC,59,2,0.00372354
particleBC,59,3,0.00372188
particleBC,59,4,0.003718171
particleBC,59,5,0.003722101
particleBC,59,6,0.003721114
particleBC,59,7,0.003715003
particleBC,59,8,0.003720464
particleBC,59,9,0.003719963
updateParticle,59,0,0.015057634
updateParticle,59,1,0.012383609
updateParticle,59,2,0.014851773
updateParticle,59,3,0.013245404
updateParticle,59,4,0.013858917
updateParticle,59,5,0.01263632
updateParticle,59,6,0.012396137
updateParticle,59,7,0.011727074
updateParticle,59,8,0.012376148
updateParticle,59,9,0.012316308
locateParticles,59,0,0.001558908
locateParticles,59,1,0.001569039
locateParticles,59,2,0.001556529
locateParticles,59,3,0.001559599
locateParticles,59,4,0.001573198
locateParticles,59,5,0.001567068
locateParticles,59,6,0.001545869
locateParticles,59,7,0.00156542
locateParticles,59,8,0.00160002
locateParticles,59,9,0.00154067
sendPreprocess,59,0,0.000727774
sendPreprocess,59,1,0.000757394
sendPreprocess,59,2,0.000766644
sendPreprocess,59,3,0.000764194
sendPreprocess,59,4,0.000754855
sendPreprocess,59,5,0.000726214
sendPreprocess,59,6,0.000761835
sendPreprocess,59,7,0.000759185
sendPreprocess,59,8,0.000755325
sendPreprocess,59,9,0.000907106
particleSend,59,0,0.001338668
particleSend,59,1,0.001319067
particleSend,59,2,0.001260087
particleSend,59,3,0.001280508
particleSend,59,4,0.001268227
particleSend,59,5,0.001222077
particleSend,59,6,0.001260828
particleSend,59,7,0.001261248
particleSend,59,8,0.001282548
particleSend,59,9,0.001275638
particleRecv,59,0,3.676e-05
particleRecv,59,1,3.096e-05
particleRecv,59,2,3.8571e-05
particleRecv,59,3,3.839e-05
particleRecv,59,4,4.327e-05
particleRecv,59,5,3.748e-05
particleRecv,59,6,3.684e-05
particleRecv,59,7,3.723e-05
particleRecv,59,8,4.187e-05
particleRecv,59,9,2.971e-05
particleDestroy,59,0,0.0053952
particleDestroy,59,1,0.00537627
particleDestroy,59,2,0.00537526
particleDestroy,59,3,0.00539567
particleDestroy,59,4,0.00539765
particleDestroy,59,5,0.0054103
particleDestroy,59,6,0.005418534
particleDestroy,59,7,0.005401724
particleDestroy,59,8,0.005407094
particleDestroy,59,9,0.005407124
ScatterPIFNUFFT,59,0,0.516578437
ScatterPIFNUFFT,59,1,0.001114836
ScatterPIFNUFFT,59,2,0.516109175
ScatterPIFNUFFT,59,3,0.001110516
ScatterPIFNUFFT,59,4,0.514392196
ScatterPIFNUFFT,59,5,0.001113186
ScatterPIFNUFFT,59,6,0.516178496
ScatterPIFNUFFT,59,7,0.001111106
ScatterPIFNUFFT,59,8,0.516288426
ScatterPIFNUFFT,59,9,0.001110686
ScatterPIFNUFFT,59,10,0.523714158
ScatterPIFNUFFT,59,11,0.001113297
ScatterPIFNUFFT,59,12,0.524369438
ScatterPIFNUFFT,59,13,0.001115537
ScatterPIFNUFFT,59,14,0.517791816
ScatterPIFNUFFT,59,15,0.001116837
ScatterPIFNUFFT,59,16,0.516433298
ScatterPIFNUFFT,59,17,0.001117997
ScatterPIFNUFFT,59,18,0.515883895
ScatterPIFNUFFT,59,19,0.001108747
NativeNUFFT1,59,0,0.512738496
NativeNUFFT1,59,1,0.511517729
NativeNUFFT1,59,2,0.510376693
NativeNUFFT1,59,3,0.511664011
NativeNUFFT1,59,4,0.512456105
NativeNUFFT1,59,5,0.519028192
NativeNUFFT1,59,6,0.520547794
NativeNUFFT1,59,7,0.513636811
NativeNUFFT1,59,8,0.5119225
NativeNUFFT1,59,9,0.511738419
scatterTimerNUFFT1,59,0,0.039314309
scatterTimerNUFFT1,59,1,0.039673721
scatterTimerNUFFT1,59,2,0.039239308
scatterTimerNUFFT1,59,3,0.039760062
scatterTimerNUFFT1,59,4,0.039044318
scatterTimerNUFFT1,59,5,0.0394753
scatterTimerNUFFT1,59,6,0.040112632
scatterTimerNUFFT1,59,7,0.039909191
scatterTimerNUFFT1,59,8,0.039437628
scatterTimerNUFFT1,59,9,0.038775084
binSort,59,0,0.009326742
binSort,59,1,0.009369042
binSort,59,2,0.009381942
binSort,59,3,0.009388642
binSort,59,4,0.009320502
binSort,59,5,0.009389592
binSort,59,6,0.009368682
binSort,59,7,0.009372312
binSort,59,8,0.009337952
binSort,59,9,0.009389132
binSort,59,10,0.009392792
binSort,59,11,0.009381812
binSort,59,12,0.009354762
binSort,59,13,0.009394873
binSort,59,14,0.009384032
binSort,59,15,0.009382833
binSort,59,16,0.009346142
binSort,59,17,0.009373682
binSort,59,18,0.009376132
binSort,59,19,0.009382392
binSort,59,20,0.009340242
binSort,59,21,0.009380802
binSort,59,22,0.0094017
binSort,59,23,0.009366159
binSort,59,24,0.009319098
binSort,59,25,0.009400489
binSort,59,26,0.009393219
binSort,59,27,0.009371929
binSort,59,28,0.009339529
binSort,59,29,0.009386729
binSort,59,30,0.009396829
binSort,59,31,0.00945667
binSort,59,32,0.009340499
binSort,59,33,0.009393849
binSort,59,34,0.009379779
binSort,59,35,0.009380469
binSort,59,36,0.009341159
binSort,59,37,0.009368059
binSort,59,38,0.009378309
binSort,59,39,0.009375349
binComputeKeys,59,0,0.001014896
binComputeKeys,59,1,0.001019065
binComputeKeys,59,2,0.001019026
binComputeKeys,59,3,0.001022956
binComputeKeys,59,4,0.001015895
binComputeKeys,59,5,0.001018796
binComputeKeys,59,6,0.001017926
binComputeKeys,59,7,0.001017965
binComputeKeys,59,8,0.001016815
binComputeKeys,59,9,0.001018696
binComputeKeys,59,10,0.001020545
binComputeKeys,59,11,0.001018846
binComputeKeys,59,12,0.001018295
binComputeKeys,59,13,0.001016516
binComputeKeys,59,14,0.001019336
binComputeKeys,59,15,0.001023176
binComputeKeys,59,16,0.001015645
binComputeKeys,59,17,0.001018575
binComputeKeys,59,18,0.001020885
binComputeKeys,59,19,0.001018436
binComputeKeys,59,20,0.001014616
binComputeKeys,59,21,0.001022055
binComputeKeys,59,22,0.001021877
binComputeKeys,59,23,0.001016916
binComputeKeys,59,24,0.001015736
binComputeKeys,59,25,0.001019977
binComputeKeys,59,26,0.001021206
binComputeKeys,59,27,0.001020596
binComputeKeys,59,28,0.001015787
binComputeKeys,59,29,0.001018437
binComputeKeys,59,30,0.001019966
binComputeKeys,59,31,0.001030287
binComputeKeys,59,32,0.001014507
binComputeKeys,59,33,0.001018637
binComputeKeys,59,34,0.001020636
binComputeKeys,59,35,0.001019687
binComputeKeys,59,36,0.001015206
binComputeKeys,59,37,0.001021066
binComputeKeys,59,38,0.001023536
binComputeKeys,59,39,0.001018476
binSortByKey,59,0,0.008053695
binSortByKey,59,1,0.008084855
binSortByKey,59,2,0.008097705
binSortByKey,59,3,0.008100015
binSortByKey,59,4,0.008046015
binSortByKey,59,5,0.008105755
binSortByKey,59,6,0.008086835
binSortByKey,59,7,0.008089555
binSortByKey,59,8,0.008062135
binSortByKey,59,9,0.008106405
binSortByKey,59,10,0.008108106
binSortByKey,59,11,0.008098345
binSortByKey,59,12,0.008077345
binSortByKey,59,13,0.008113565
binSortByKey,59,14,0.008100355
binSortByKey,59,15,0.008096045
binSortByKey,59,16,0.008071215
binSortByKey,59,17,0.008090415
binSortByKey,59,18,0.008091445
binSortByKey,59,19,0.008100565
binSortByKey,59,20,0.008067095
binSortByKey,59,21,0.008095315
binSortByKey,59,22,0.008112631
binSortByKey,59,23,0.008080611
binSortByKey,59,24,0.008044021
binSortByKey,59,25,0.008115251
binSortByKey,59,26,0.008108221
binSortByKey,59,27,0.008086791
binSortByKey,59,28,0.00806463
binSortByKey,59,29,0.008103501
binSortByKey,59,30,0.008113391
binSortByKey,59,31,0.008142051
binSortByKey,59,32,0.00806447
binSortByKey,59,33,0.008112341
binSortByKey,59,34,0.008093991
binSortByKey,59,35,0.008096351
binSortByKey,59,36,0.008067261
binSortByKey,59,37,0.008082791
binSortByKey,59,38,0.008090651
binSortByKey,59,39,0.008093381
binComputeOffsets,59,0,0.000248791
binComputeOffsets,59,1,0.000255122
binComputeOffsets,59,2,0.000254551
binComputeOffsets,59,3,0.000256291
binComputeOffsets,59,4,0.000249252
binComputeOffsets,59,5,0.000254821
binComputeOffsets,59,6,0.000254431
binComputeOffsets,59,7,0.000255042
binComputeOffsets,59,8,0.000249032
binComputeOffsets,59,9,0.000253861
binComputeOffsets,59,10,0.000254361
binComputeOffsets,59,11,0.000254351
binComputeOffsets,59,12,0.000249472
binComputeOffsets,59,13,0.000254872
binComputeOffsets,59,14,0.000254301
binComputeOffsets,59,15,0.000253772
binComputeOffsets,59,16,0.000248722
binComputeOffsets,59,17,0.000254832
binComputeOffsets,59,18,0.000254022
binComputeOffsets,59,19,0.000253431
binComputeOffsets,59,20,0.000248851
binComputeOffsets,59,21,0.000253892
binComputeOffsets,59,22,0.000257192
binComputeOffsets,59,23,0.000258632
binComputeOffsets,59,24,0.000249931
binComputeOffsets,59,25,0.000254471
binComputeOffsets,59,26,0.000253602
binComputeOffsets,59,27,0.000254732
binComputeOffsets,59,28,0.000249472
binComputeOffsets,59,29,0.000254591
binComputeOffsets,59,30,0.000253642
binComputeOffsets,59,31,0.000268042
binComputeOffsets,59,32,0.000248892
binComputeOffsets,59,33,0.000253131
binComputeOffsets,59,34,0.000254062
binComputeOffsets,59,35,0.000253561
binComputeOffsets,59,36,0.000249362
binComputeOffsets,59,37,0.000253832
binComputeOffsets,59,38,0.000253862
binComputeOffsets,59,39,0.000253202
FFTNUFFT1,59,0,0.472943695
FFTNUFFT1,59,1,0.471360466
FFTNUFFT1,59,2,0.470665042
FFTNUFFT1,59,3,0.471419086
FFTNUFFT1,59,4,0.472924905
FFTNUFFT1,59,5,0.479076699
FFTNUFFT1,59,6,0.479961469
FFTNUFFT1,59,7,0.473252357
FFTNUFFT1,59,8,0.471981978
FFTNUFFT1,59,9,0.472490082
deconvolutionNUFFT1,59,0,0.000468492
deconvolutionNUFFT1,59,1,0.000472172
deconvolutionNUFFT1,59,2,0.000461253
deconvolutionNUFFT1,59,3,0.000472823
deconvolutionNUFFT1,59,4,0.000474932
deconvolutionNUFFT1,59,5,0.000464003
deconvolutionNUFFT1,59,6,0.000462113
deconvolutionNUFFT1,59,7,0.000463822
deconvolutionNUFFT1,59,8,0.000488473
deconvolutionNUFFT1,59,9,0.000461403
GatherPIFNUFFT,59,0,1.566526478
GatherPIFNUFFT,59,1,1.573737967
GatherPIFNUFFT,59,2,1.574701203
GatherPIFNUFFT,59,3,1.573668217
GatherPIFNUFFT,59,4,1.570769281
GatherPIFNUFFT,59,5,1.564007869
GatherPIFNUFFT,59,6,1.56279356
GatherPIFNUFFT,59,7,1.571282084
GatherPIFNUFFT,59,8,1.569648223
GatherPIFNUFFT,59,9,1.569323041
NativeNUFFT2,59,0,0.522752472
NativeNUFFT2,59,1,0.513105158
NativeNUFFT2,59,2,0.515018229
NativeNUFFT2,59,3,0.528760426
NativeNUFFT2,59,4,0.514552157
NativeNUFFT2,59,5,0.514784508
NativeNUFFT2,59,6,0.528054892
NativeNUFFT2,59,7,0.51337565
NativeNUFFT2,59,8,0.517634404
NativeNUFFT2,59,9,0.527476359
NativeNUFFT2,59,10,0.514432226
NativeNUFFT2,59,11,0.516119605
NativeNUFFT2,59,12,0.527378288
NativeNUFFT2,59,13,0.512693896
NativeNUFFT2,59,14,0.515053529
NativeNUFFT2,59,15,0.519060962
NativeNUFFT2,59,16,0.515821775
NativeNUFFT2,59,17,0.51346931
NativeNUFFT2,59,18,0.521977854
NativeNUFFT2,59,19,0.51200727
NativeNUFFT2,59,20,0.513181008
NativeNUFFT2,59,21,0.527563278
NativeNUFFT2,59,22,0.513870013
NativeNUFFT2,59,23,0.514192514
NativeNUFFT2,59,24,0.524782911
NativeNUFFT2,59,25,0.514899129
NativeNUFFT2,59,26,0.514305165
NativeNUFFT2,59,27,0.525786567
NativeNUFFT2,59,28,0.513949843
NativeNUFFT2,59,29,0.513942062
PrecorrectionNUFFT2,59,0,0.000886915
PrecorrectionNUFFT2,59,1,0.000880764
PrecorrectionNUFFT2,59,2,0.000871205
PrecorrectionNUFFT2,59,3,0.000890915
PrecorrectionNUFFT2,59,4,0.000865795
PrecorrectionNUFFT2,59,5,0.000866155
PrecorrectionNUFFT2,59,6,0.000893825
PrecorrectionNUFFT2,59,7,0.000867165
PrecorrectionNUFFT2,59,8,0.000863525
PrecorrectionNUFFT2,59,9,0.000890475
PrecorrectionNUFFT2,59,10,0.000866885
PrecorrectionNUFFT2,59,11,0.000866685
PrecorrectionNUFFT2,59,12,0.000896715
PrecorrectionNUFFT2,59,13,0.000866225
PrecorrectionNUFFT2,59,14,0.000863185
PrecorrectionNUFFT2,59,15,0.000891385
PrecorrectionNUFFT2,59,16,0.000862104
PrecorrectionNUFFT2,59,17,0.000868256
PrecorrectionNUFFT2,59,18,0.000894376
PrecorrectionNUFFT2,59,19,0.000863955
PrecorrectionNUFFT2,59,20,0.000865146
PrecorrectionNUFFT2,59,21,0.000895506
PrecorrectionNUFFT2,59,22,0.000859386
PrecorrectionNUFFT2,59,23,0.000875515
PrecorrectionNUFFT2,59,24,0.000906426
PrecorrectionNUFFT2,59,25,0.000862315
PrecorrectionNUFFT2,59,26,0.000867715
PrecorrectionNUFFT2,59,27,0.000890855
PrecorrectionNUFFT2,59,28,0.000868085
PrecorrectionNUFFT2,59,29,0.000863615
FFTNUFFT2,59,0,0.482629709
FFTNUFFT2,59,1,0.47396145
FFTNUFFT2,59,2,0.474970626
FFTNUFFT2,59,3,0.487882788
FFTNUFFT2,59,4,0.475066697
FFTNUFFT2,59,5,0.475345448
FFTNUFFT2,59,6,0.484157698
FFTNUFFT2,59,7,0.474742984
FFTNUFFT2,59,8,0.476317264
FFTNUFFT2,59,9,0.493761741
FFTNUFFT2,59,10,0.476720336
FFTNUFFT2,59,11,0.474529883
FFTNUFFT2,59,12,0.485921437
FFTNUFFT2,59,13,0.475247997
FFTNUFFT2,59,14,0.475875741
FFTNUFFT2,59,15,0.479966964
FFTNUFFT2,59,16,0.474807698
FFTNUFFT2,59,17,0.479171103
FFTNUFFT2,59,18,0.479478326
FFTNUFFT2,59,19,0.47527331
FFTNUFFT2,59,20,0.475057368
FFTNUFFT2,59,21,0.487227774
FFTNUFFT2,59,22,0.475028158
FFTNUFFT2,59,23,0.474338114
FFTNUFFT2,59,24,0.48493902
FFTNUFFT2,59,25,0.475517081
FFTNUFFT2,59,26,0.476159755
FFTNUFFT2,59,27,0.489880752
FFTNUFFT2,59,28,0.474413965
FFTNUFFT2,59,29,0.474913077
GatherNUFFT2,59,0,0.039215918
GatherNUFFT2,59,1,0.038242653
GatherNUFFT2,59,2,0.039156078
GatherNUFFT2,59,3,0.039966403
GatherNUFFT2,59,4,0.038600415
GatherNUFFT2,59,5,0.038552465
GatherNUFFT2,59,6,0.042983909
GatherNUFFT2,59,7,0.037745681
GatherNUFFT2,59,8,0.040426215
GatherNUFFT2,59,9,0.032803893
GatherNUFFT2,59,10,0.036825215
GatherNUFFT2,59,11,0.040701557
GatherNUFFT2,59,12,0.040539465
GatherNUFFT2,59,13,0.036558353
GatherNUFFT2,59,14,0.038294323
GatherNUFFT2,59,15,0.038183063
GatherNUFFT2,59,16,0.040131183
GatherNUFFT2,59,17,0.033410411
GatherNUFFT2,59,18,0.041585001
GatherNUFFT2,59,19,0.035849665
GatherNUFFT2,59,20,0.037238224
GatherNUFFT2,59,21,0.039418388
GatherNUFFT2,59,22,0.037962519
GatherNUFFT2,59,23,0.038954535
GatherNUFFT2,59,24,0.038917725
GatherNUFFT2,59,25,0.038499003
GatherNUFFT2,59,26,0.037256395
GatherNUFFT2,59,27,0.03499445
GatherNUFFT2,59,28,0.038648153
GatherNUFFT2,59,29,0.03814537
mainTimer,60,0,21.264702693
dumpData,60,0,0.012919171
dumpData,60,1,0.013120553
dumpData,60,2,0.012867621
dumpData,60,3,0.012939341
dumpData,60,4,0.012681709
dumpData,60,5,0.013010242
dumpData,60,6,0.009600163
dumpData,60,7,0.013028082
dumpData,60,8,0.013026302
dumpData,60,9,0.012830181
kick,60,0,0.001704815
kick,60,1,0.001765505
kick,60,2,0.001708645
kick,60,3,0.001767455
kick,60,4,0.001706585
kick,60,5,0.001767575
kick,60,6,0.001703515
kick,60,7,0.001765596
kick,60,8,0.001705145
kick,60,9,0.001766645
kick,60,10,0.001706304
kick,60,11,0.001768106
kick,60,12,0.001707034
kick,60,13,0.001769425
kick,60,14,0.001765695
kick,60,15,0.001767765
kick,60,16,0.001704435
kick,60,17,0.001765465
kick,60,18,0.001707025
kick,60,19,0.001769375
drift,60,0,0.001726075
drift,60,1,0.001719035
drift,60,2,0.001720785
drift,60,3,0.001720145
drift,60,4,0.001719035
drift,60,5,0.001721035
drift,60,6,0.001717975
drift,60,7,0.001735235
drift,60,8,0.001721655
drift,60,9,0.001722265
particleBC,60,0,0.00349512
particleBC,60,1,0.00348642
particleBC,60,2,0.00349205
particleBC,60,3,0.00349384
particleBC,60,4,0.00348966
particleBC,60,5,0.00349364
particleBC,60,6,0.00349062
particleBC,60,7,0.00349319
particleBC,60,8,0.00349309
particleBC,60,9,0.00349424
updateParticle,60,0,0.014207292
updateParticle,60,1,0.012465667
updateParticle,60,2,0.013576197
updateParticle,60,3,0.014264283
updateParticle,60,4,0.011186566
updateParticle,60,5,0.013072293
updateParticle,60,6,0.012184375
updateParticle,60,7,0.012257896
updateParticle,60,8,0.012142534
updateParticle,60,9,0.011364278
locateParticles,60,0,0.001479183
locateParticles,60,1,0.001472163
locateParticles,60,2,0.001485423
locateParticles,60,3,0.001474113
locateParticles,60,4,0.001461172
locateParticles,60,5,0.001477453
locateParticles,60,6,0.001488933
locateParticles,60,7,0.001480572
locateParticles,60,8,0.001473993
locateParticles,60,9,0.001469773
sendPreprocess,60,0,0.001270101
sendPreprocess,60,1,0.001342271
sendPreprocess,60,2,0.001324371
sendPreprocess,60,3,0.001334761
sendPreprocess,60,4,0.001363012
sendPreprocess,60,5,0.001321891
sendPreprocess,60,6,0.001311162
sendPreprocess,60,7,0.001286591
sendPreprocess,60,8,0.001384782
sendPreprocess,60,9,0.001442812
particleSend,60,0,0.00123268
particleSend,60,1,0.001263371
particleSend,60,2,0.001213001
particleSend,60,3,0.001315242
particleSend,60,4,0.001307701
particleSend,60,5,0.001252761
particleSend,60,6,0.00121775
particleSend,60,7,0.001277261
particleSend,60,8,0.00121484
particleSend,60,9,0.001242961
particleRecv,60,0,3.0601e-05
particleRecv,60,1,3.563e-05
particleRecv,60,2,3.55e-05
particleRecv,60,3,3.913e-05
particleRecv,60,4,2.8791e-05
particleRecv,60,5,3.7041e-05
particleRecv,60,6,3.427e-05
particleRecv,60,7,4.2501e-05
particleRecv,60,8,3.164e-05
particleRecv,60,9,3.798e-05
particleDestroy,60,0,0.005008593
particleDestroy,60,1,0.005027434
particleDestroy,60,2,0.005003213
particleDestroy,60,3,0.005001163
particleDestroy,60,4,0.005002753
particleDestroy,60,5,0.005017393
particleDestroy,60,6,0.005020984
particleDestroy,60,7,0.005018373
particleDestroy,60,8,0.005020824
particleDestroy,60,9,0.005011443
ScatterPIFNUFFT,60,0,0.52495113
ScatterPIFNUFFT,60,1,0.00111559
ScatterPIFNUFFT,60,2,0.524329895
ScatterPIFNUFFT,60,3,0.001110889
ScatterPIFNUFFT,60,4,0.530516848
ScatterPIFNUFFT,60,5,0.00111043
ScatterPIFNUFFT,60,6,0.528284809
ScatterPIFNUFFT,60,7,0.0011071
ScatterPIFNUFFT,60,8,0.528422021
ScatterPIFNUFFT,60,9,0.001109279
ScatterPIFNUFFT,60,10,0.526527104
ScatterPIFNUFFT,60,11,0.00110671
ScatterPIFNUFFT,60,12,0.527415212
ScatterPIFNUFFT,60,13,0.00111242
ScatterPIFNUFFT,60,14,0.53062424
ScatterPIFNUFFT,60,15,0.001110579
ScatterPIFNUFFT,60,16,0.527129289
ScatterPIFNUFFT,60,17,0.00110967
ScatterPIFNUFFT,60,18,0.52724499
ScatterPIFNUFFT,60,19,0.00111304
NativeNUFFT1,60,0,0.520401841
NativeNUFFT1,60,1,0.520011697
NativeNUFFT1,60,2,0.526882317
NativeNUFFT1,60,3,0.523899601
NativeNUFFT1,60,4,0.524754448
NativeNUFFT1,60,5,0.521817403
NativeNUFFT1,60,6,0.52372241
NativeNUFFT1,60,7,0.52608233
NativeNUFFT1,60,8,0.523795881
NativeNUFFT1,60,9,0.522489029
scatterTimerNUFFT1,60,0,0.038870344
scatterTimerNUFFT1,60,1,0.038858574
scatterTimerNUFFT1,60,2,0.040113346
scatterTimerNUFFT1,60,3,0.038472751
scatterTimerNUFFT1,60,4,0.041327656
scatterTimerNUFFT1,60,5,0.038503751
scatterTimerNUFFT1,60,6,0.039885384
scatterTimerNUFFT1,60,7,0.03831697
scatterTimerNUFFT1,60,8,0.040040475
scatterTimerNUFFT1,60,9,0.038647743
binSort,60,0,0.008783176
binSort,60,1,0.008831536
binSort,60,2,0.008883706
binSort,60,3,0.008833576
binSort,60,4,0.008789386
binSort,60,5,0.008839286
binSort,60,6,0.008813696
binSort,60,7,0.008808396
binSort,60,8,0.008777135
binSort,60,9,0.008841886
binSort,60,10,0.008810356
binSort,60,11,0.008824026
binSort,60,12,0.008781386
binSort,60,13,0.008838976
binSort,60,14,0.008824836
binSort,60,15,0.008821216
binSort,60,16,0.008775676
binSort,60,17,0.008828706
binSort,60,18,0.008818416
binSort,60,19,0.008816666
binSort,60,20,0.008766425
binSort,60,21,0.008806596
binSort,60,22,0.008818496
binSort,60,23,0.008813605
binSort,60,24,0.008780825
binSort,60,25,0.008809755
binSort,60,26,0.008805916
binSort,60,27,0.008815735
binSort,60,28,0.008781845
binSort,60,29,0.008818956
binSort,60,30,0.008805106
binSort,60,31,0.008812806
binSort,60,32,0.008782595
binSort,60,33,0.008823246
binSort,60,34,0.008821396
binSort,60,35,0.008818806
binSort,60,36,0.008796696
binSort,60,37,0.008840377
binSort,60,38,0.008842606
binSort,60,39,0.008824156
binComputeKeys,60,0,0.000955958
binComputeKeys,60,1,0.000955318
binComputeKeys,60,2,0.000956258
binComputeKeys,60,3,0.000955988
binComputeKeys,60,4,0.000953868
binComputeKeys,60,5,0.000957398
binComputeKeys,60,6,0.000957668
binComputeKeys,60,7,0.000956098
binComputeKeys,60,8,0.000957358
binComputeKeys,60,9,0.000960358
binComputeKeys,60,10,0.000958088
binComputeKeys,60,11,0.000958789
binComputeKeys,60,12,0.000954598
binComputeKeys,60,13,0.000956819
binComputeKeys,60,14,0.000955398
binComputeKeys,60,15,0.000958139
binComputeKeys,60,16,0.000954778
binComputeKeys,60,17,0.000958358
binComputeKeys,60,18,0.000956288
binComputeKeys,60,19,0.000956598
binComputeKeys,60,20,0.000956178
binComputeKeys,60,21,0.000955108
binComputeKeys,60,22,0.000956188
binComputeKeys,60,23,0.000959408
binComputeKeys,60,24,0.000955458
binComputeKeys,60,25,0.000959168
binComputeKeys,60,26,0.000957319
binComputeKeys,60,27,0.000954528
binComputeKeys,60,28,0.000956478
binComputeKeys,60,29,0.000955888
binComputeKeys,60,30,0.000957288
binComputeKeys,60,31,0.000956398
binComputeKeys,60,32,0.000955108
binComputeKeys,60,33,0.000956048
binComputeKeys,60,34,0.000955128
binComputeKeys,60,35,0.000957259
binComputeKeys,60,36,0.000956878
binComputeKeys,60,37,0.000955128
binComputeKeys,60,38,0.000957418
binComputeKeys,60,39,0.000955808
binSortByKey,60,0,0.007581166
binSortByKey,60,1,0.007626016
binSortByKey,60,2,0.007676196
binSortByKey,60,3,0.007625966
binSortByKey,60,4,0.007588606
binSortByKey,60,5,0.007632116
binSortByKey,60,6,0.007606836
binSortByKey,60,7,0.007601835
binSortByKey,60,8,0.007573745
binSortByKey,60,9,0.007627846
binSortByKey,60,10,0.007601795
binSortByKey,60,11,0.007613525
binSortByKey,60,12,0.007579546
binSortByKey,60,13,0.007629795
binSortByKey,60,14,0.007617126
binSortByKey,60,15,0.007612615
binSortByKey,60,16,0.007574255
binSortByKey,60,17,0.007617926
binSortByKey,60,18,0.007609086
binSortByKey,60,19,0.007609626
binSortByKey,60,20,0.007564425
binSortByKey,60,21,0.007600266
binSortByKey,60,22,0.007611876
binSortByKey,60,23,0.007603885
binSortByKey,60,24,0.007579085
binSortByKey,60,25,0.007598735
binSortByKey,60,26,0.007598655
binSortByKey,60,27,0.007609625
binSortByKey,60,28,0.007578605
binSortByKey,60,29,0.007611306
binSortByKey,60,30,0.007595795
binSortByKey,60,31,0.007604606
binSortByKey,60,32,0.007574125
binSortByKey,60,33,0.007614916
binSortByKey,60,34,0.007608106
binSortByKey,60,35,0.007610945
binSortByKey,60,36,0.007592755
binSortByKey,60,37,0.007633915
binSortByKey,60,38,0.007633166
binSortByKey,60,39,0.007615756
binComputeOffsets,60,0,0.000236732
binComputeOffsets,60,1,0.000240902
binComputeOffsets,60,2,0.000241502
binComputeOffsets,60,3,0.000242182
binComputeOffsets,60,4,0.000237572
binComputeOffsets,60,5,0.000240452
binComputeOffsets,60,6,0.000239842
binComputeOffsets,60,7,0.000241022
binComputeOffsets,60,8,0.000236722
binComputeOffsets,60,9,0.000243572
binComputeOffsets,60,10,0.000240482
binComputeOffsets,60,11,0.000241512
binComputeOffsets,60,12,0.000237182
binComputeOffsets,60,13,0.000243042
binComputeOffsets,60,14,0.000242822
binComputeOffsets,60,15,0.000241132
binComputeOffsets,60,16,0.000236342
binComputeOffsets,60,17,0.000242322
binComputeOffsets,60,18,0.000243052
binComputeOffsets,60,19,0.000240632
binComputeOffsets,60,20,0.000236472
binComputeOffsets,60,21,0.000241842
binComputeOffsets,60,22,0.000240832
binComputeOffsets,60,23,0.000240972
binComputeOffsets,60,24,0.000236882
binComputeOffsets,60,25,0.000242722
binComputeOffsets,60,26,0.000240672
binComputeOffsets,60,27,0.000242002
binComputeOffsets,60,28,0.000236962
binComputeOffsets,60,29,0.000242262
binComputeOffsets,60,30,0.000241733
binComputeOffsets,60,31,0.000242282
binComputeOffsets,60,32,0.000237112
binComputeOffsets,60,33,0.000242452
binComputeOffsets,60,34,0.000241622
binComputeOffsets,60,35,0.000240992
binComputeOffsets,60,36,0.000237752
binComputeOffsets,60,37,0.000241832
binComputeOffsets,60,38,0.000242362
binComputeOffsets,60,39,0.000242812
FFTNUFFT1,60,0,0.481057263
FFTNUFFT1,60,1,0.480670979
FFTNUFFT1,60,2,0.486296867
FFTNUFFT1,60,3,0.484951986
FFTNUFFT1,60,4,0.482948668
FFTNUFFT1,60,5,0.482834308
FFTNUFFT1,60,6,0.483364992
FFTNUFFT1,60,7,0.487292656
FFTNUFFT1,60,8,0.483281332
FFTNUFFT1,60,9,0.483361472
deconvolutionNUFFT1,60,0,0.000462704
deconvolutionNUFFT1,60,1,0.000470474
deconvolutionNUFFT1,60,2,0.000460144
deconvolutionNUFFT1,60,3,0.000463384
deconvolutionNUFFT1,60,4,0.000465194
deconvolutionNUFFT1,60,5,0.000467414
deconvolutionNUFFT1,60,6,0.000460334
deconvolutionNUFFT1,60,7,0.000460934
deconvolutionNUFFT1,60,8,0.000459154
deconvolutionNUFFT1,60,9,0.000467454
GatherPIFNUFFT,60,0,1.557822345
GatherPIFNUFFT,60,1,1.56421794
GatherPIFNUFFT,60,2,1.55962038
GatherPIFNUFFT,60,3,1.559343438
GatherPIFNUFFT,60,4,1.559914862
GatherPIFNUFFT,60,5,1.559708721
GatherPIFNUFFT,60,6,1.560418437
GatherPIFNUFFT,60,7,1.556766446
GatherPIFNUFFT,60,8,1.558581771
GatherPIFNUFFT,60,9,1.558726653
NativeNUFFT2,60,0,0.514044737
NativeNUFFT2,60,1,0.513539683
NativeNUFFT2,60,2,0.515286987
NativeNUFFT2,60,3,0.518923939
NativeNUFFT2,60,4,0.515394818
NativeNUFFT2,60,5,0.514542341
NativeNUFFT2,60,6,0.512358212
NativeNUFFT2,60,7,0.514630842
NativeNUFFT2,60,8,0.517672058
NativeNUFFT2,60,9,0.514357469
NativeNUFFT2,60,10,0.513543132
NativeNUFFT2,60,11,0.516521658
NativeNUFFT2,60,12,0.517740758
NativeNUFFT2,60,13,0.512486844
NativeNUFFT2,60,14,0.514629062
NativeNUFFT2,60,15,0.515259677
NativeNUFFT2,60,16,0.515401218
NativeNUFFT2,60,17,0.514146707
NativeNUFFT2,60,18,0.518263302
NativeNUFFT2,60,19,0.512073689
NativeNUFFT2,60,20,0.515186706
NativeNUFFT2,60,21,0.513570913
NativeNUFFT2,60,22,0.513831845
NativeNUFFT2,60,23,0.514428479
NativeNUFFT2,60,24,0.514098547
NativeNUFFT2,60,25,0.515113166
NativeNUFFT2,60,26,0.51446291
NativeNUFFT2,60,27,0.514310969
NativeNUFFT2,60,28,0.514131188
NativeNUFFT2,60,29,0.515379888
PrecorrectionNUFFT2,60,0,0.000883668
PrecorrectionNUFFT2,60,1,0.000863018
PrecorrectionNUFFT2,60,2,0.000868228
PrecorrectionNUFFT2,60,3,0.000895118
PrecorrectionNUFFT2,60,4,0.000860068
PrecorrectionNUFFT2,60,5,0.000860767
PrecorrectionNUFFT2,60,6,0.000891187
PrecorrectionNUFFT2,60,7,0.000868858
PrecorrectionNUFFT2,60,8,0.000863768
PrecorrectionNUFFT2,60,9,0.000891628
PrecorrectionNUFFT2,60,10,0.000865347
PrecorrectionNUFFT2,60,11,0.000867698
PrecorrectionNUFFT2,60,12,0.000885647
PrecorrectionNUFFT2,60,13,0.000863767
PrecorrectionNUFFT2,60,14,0.000864178
PrecorrectionNUFFT2,60,15,0.000888267
PrecorrectionNUFFT2,60,16,0.000861468
PrecorrectionNUFFT2,60,17,0.000861937
PrecorrectionNUFFT2,60,18,0.000896457
PrecorrectionNUFFT2,60,19,0.000860537
PrecorrectionNUFFT2,60,20,0.000869668
PrecorrectionNUFFT2,60,21,0.000887398
PrecorrectionNUFFT2,60,22,0.000861058
PrecorrectionNUFFT2,60,23,0.000859707
PrecorrectionNUFFT2,60,24,0.000885687
PrecorrectionNUFFT2,60,25,0.000861808
PrecorrectionNUFFT2,60,26,0.000872847
PrecorrectionNUFFT2,60,27,0.000888938
PrecorrectionNUFFT2,60,28,0.000860548
PrecorrectionNUFFT2,60,29,0.000863028
FFTNUFFT2,60,0,0.48662253
FFTNUFFT2,60,1,0.484777764
FFTNUFFT2,60,2,0.489505315
FFTNUFFT2,60,3,0.489820938
FFTNUFFT2,60,4,0.491129679
FFTNUFFT2,60,5,0.484457132
FFTNUFFT2,60,6,0.487181245
FFTNUFFT2,60,7,0.488417595
FFTNUFFT2,60,8,0.490354842
FFTNUFFT2,60,9,0.486396198
FFTNUFFT2,60,10,0.489397984
FFTNUFFT2,60,11,0.485551001
FFTNUFFT2,60,12,0.48999823
FFTNUFFT2,60,13,0.484899046
FFTNUFFT2,60,14,0.48543054
FFTNUFFT2,60,15,0.490829067
FFTNUFFT2,60,16,0.490895857
FFTNUFFT2,60,17,0.489592596
FFTNUFFT2,60,18,0.484836515
FFTNUFFT2,60,19,0.48538542
FFTNUFFT2,60,20,0.490844756
FFTNUFFT2,60,21,0.487321246
FFTNUFFT2,60,22,0.489787838
FFTNUFFT2,60,23,0.486052386
FFTNUFFT2,60,24,0.489739838
FFTNUFFT2,60,25,0.485081697
FFTNUFFT2,60,26,0.485544931
FFTNUFFT2,60,27,0.486869662
FFTNUFFT2,60,28,0.489136172
FFTNUFFT2,60,29,0.485292939
GatherNUFFT2,60,0,0.026518319
GatherNUFFT2,60,1,0.027877679
GatherNUFFT2,60,2,0.024892594
GatherNUFFT2,60,3,0.028188213
GatherNUFFT2,60,4,0.023384351
GatherNUFFT2,60,5,0.029204322
GatherNUFFT2,60,6,0.024265569
GatherNUFFT2,60,7,0.025323558
GatherNUFFT2,60,8,0.026431838
GatherNUFFT2,60,9,0.027049583
GatherNUFFT2,60,10,0.02325889
GatherNUFFT2,60,11,0.030075869
GatherNUFFT2,60,12,0.026831111
GatherNUFFT2,60,13,0.02670357
GatherNUFFT2,60,14,0.028313484
GatherNUFFT2,60,15,0.023521893
GatherNUFFT2,60,16,0.023622713
GatherNUFFT2,60,17,0.023671214
GatherNUFFT2,60,18,0.03250922
GatherNUFFT2,60,19,0.025806142
GatherNUFFT2,60,20,0.023451602
GatherNUFFT2,60,21,0.025341019
GatherNUFFT2,60,22,0.023161139
GatherNUFFT2,60,23,0.027495136
GatherNUFFT2,60,24,0.023452342
GatherNUFFT2,60,25,0.029148811
GatherNUFFT2,60,26,0.028024352
GatherNUFFT2,60,27,0.026532189
GatherNUFFT2,60,28,0.024113308
GatherNUFFT2,60,29,0.029202911
mainTimer,61,0,21.264700893
dumpData,61,0,0.010963114
dumpData,61,1,0.011183516
dumpData,61,2,0.010107417
dumpData,61,3,0.010997745
dumpData,61,4,0.01165133
dumpData,61,5,0.011082416
dumpData,61,6,0.011011285
dumpData,61,7,0.010682812
dumpData,61,8,0.010302299
dumpData,61,9,0.010114587
kick,61,0,0.001873127
kick,61,1,0.001884117
kick,61,2,0.001852346
kick,61,3,0.001882257
kick,61,4,0.001847996
kick,61,5,0.001880706
kick,61,6,0.001873186
kick,61,7,0.001880536
kick,61,8,0.001850536
kick,61,9,0.001880486
kick,61,10,0.001833015
kick,61,11,0.001880376
kick,61,12,0.001849106
kick,61,13,0.001881206
kick,61,14,0.001851716
kick,61,15,0.001880326
kick,61,16,0.001856116
kick,61,17,0.001882646
kick,61,18,0.001865726
kick,61,19,0.001882226
drift,61,0,0.001831085
drift,61,1,0.001833796
drift,61,2,0.001830996
drift,61,3,0.001830846
drift,61,4,0.001829896
drift,61,5,0.001832646
drift,61,6,0.001830855
drift,61,7,0.001832046
drift,61,8,0.001834896
drift,61,9,0.001833776
particleBC,61,0,0.003730692
particleBC,61,1,0.003718762
particleBC,61,2,0.003721492
particleBC,61,3,0.003722862
particleBC,61,4,0.003721442
particleBC,61,5,0.003717112
particleBC,61,6,0.003722332
particleBC,61,7,0.003719642
particleBC,61,8,0.003718982
particleBC,61,9,0.003720502
updateParticle,61,0,0.014282483
updateParticle,61,1,0.012424937
updateParticle,61,2,0.014260173
updateParticle,61,3,0.014286433
updateParticle,61,4,0.011552079
updateParticle,61,5,0.012813241
updateParticle,61,6,0.013024832
updateParticle,61,7,0.011677301
updateParticle,61,8,0.012217645
updateParticle,61,9,0.011213617
locateParticles,61,0,0.001584633
locateParticles,61,1,0.001565714
locateParticles,61,2,0.001577214
locateParticles,61,3,0.001569174
locateParticles,61,4,0.001569393
locateParticles,61,5,0.001558624
locateParticles,61,6,0.001587143
locateParticles,61,7,0.001555283
locateParticles,61,8,0.001566374
locateParticles,61,9,0.001563464
sendPreprocess,61,0,0.000655176
sendPreprocess,61,1,0.000758506
sendPreprocess,61,2,0.000751626
sendPreprocess,61,3,0.000733216
sendPreprocess,61,4,0.000765476
sendPreprocess,61,5,0.000774886
sendPreprocess,61,6,0.000726767
sendPreprocess,61,7,0.000800527
sendPreprocess,61,8,0.000800897
sendPreprocess,61,9,0.000853877
particleSend,61,0,0.00122825
particleSend,61,1,0.001281541
particleSend,61,2,0.001410512
particleSend,61,3,0.001236331
particleSend,61,4,0.001273561
particleSend,61,5,0.001282652
particleSend,61,6,0.00123791
particleSend,61,7,0.001359562
particleSend,61,8,0.00122771
particleSend,61,9,0.001350772
particleRecv,61,0,3.5251e-05
particleRecv,61,1,4.1111e-05
particleRecv,61,2,3.6761e-05
particleRecv,61,3,3.811e-05
particleRecv,61,4,3.709e-05
particleRecv,61,5,3.843e-05
particleRecv,61,6,3.7281e-05
particleRecv,61,7,3.702e-05
particleRecv,61,8,3.548e-05
particleRecv,61,9,3.17e-05
particleDestroy,61,0,0.005407336
particleDestroy,61,1,0.005415426
particleDestroy,61,2,0.005420456
particleDestroy,61,3,0.005405657
particleDestroy,61,4,0.005424157
particleDestroy,61,5,0.005409007
particleDestroy,61,6,0.005405396
particleDestroy,61,7,0.005415087
particleDestroy,61,8,0.005401477
particleDestroy,61,9,0.005403357
ScatterPIFNUFFT,61,0,0.526459833
ScatterPIFNUFFT,61,1,0.0011086
ScatterPIFNUFFT,61,2,0.525250773
ScatterPIFNUFFT,61,3,0.001109829
ScatterPIFNUFFT,61,4,0.526418693
ScatterPIFNUFFT,61,5,0.00110803
ScatterPIFNUFFT,61,6,0.528690872
ScatterPIFNUFFT,61,7,0.00111307
ScatterPIFNUFFT,61,8,0.529279107
ScatterPIFNUFFT,61,9,0.001109979
ScatterPIFNUFFT,61,10,0.530261826
ScatterPIFNUFFT,61,11,0.00111076
ScatterPIFNUFFT,61,12,0.53065915
ScatterPIFNUFFT,61,13,0.001110489
ScatterPIFNUFFT,61,14,0.529487689
ScatterPIFNUFFT,61,15,0.00110443
ScatterPIFNUFFT,61,16,0.526522304
ScatterPIFNUFFT,61,17,0.001112389
ScatterPIFNUFFT,61,18,0.530303536
ScatterPIFNUFFT,61,19,0.001111509
NativeNUFFT1,61,0,0.522129756
NativeNUFFT1,61,1,0.520613213
NativeNUFFT1,61,2,0.522547349
NativeNUFFT1,61,3,0.524642667
NativeNUFFT1,61,4,0.524712439
NativeNUFFT1,61,5,0.525558115
NativeNUFFT1,61,6,0.526702596
NativeNUFFT1,61,7,0.524667488
NativeNUFFT1,61,8,0.522003855
NativeNUFFT1,61,9,0.525695147
scatterTimerNUFFT1,61,0,0.039304169
scatterTimerNUFFT1,61,1,0.038545081
scatterTimerNUFFT1,61,2,0.039007475
scatterTimerNUFFT1,61,3,0.03836419
scatterTimerNUFFT1,61,4,0.040745501
scatterTimerNUFFT1,61,5,0.038686283
scatterTimerNUFFT1,61,6,0.038672973
scatterTimerNUFFT1,61,7,0.038503551
scatterTimerNUFFT1,61,8,0.038628852
scatterTimerNUFFT1,61,9,0.038815844
binSort,61,0,0.00933677
binSort,61,1,0.009393641
binSort,61,2,0.009396621
binSort,61,3,0.009392211
binSort,61,4,0.00933865
binSort,61,5,0.009388511
binSort,61,6,0.009383771
binSort,61,7,0.009371621
binSort,61,8,0.009348621
binSort,61,9,0.009417061
binSort,61,10,0.009375131
binSort,61,11,0.00937749
binSort,61,12,0.009343091
binSort,61,13,0.009387131
binSort,61,14,0.009383481
binSort,61,15,0.009388741
binSort,61,16,0.0093381
binSort,61,17,0.009379781
binSort,61,18,0.00938506
binSort,61,19,0.009375331
binSort,61,20,0.00933697
binSort,61,21,0.009380841
binSort,61,22,0.009389821
binSort,61,23,0.009394101
binSort,61,24,0.00932891
binSort,61,25,0.009382591
binSort,61,26,0.009369501
binSort,61,27,0.009388021
binSort,61,28,0.00932303
binSort,61,29,0.009378561
binSort,61,30,0.009392111
binSort,61,31,0.009389321
binSort,61,32,0.0093309
binSort,61,33,0.00938696
binSort,61,34,0.009375251
binSort,61,35,0.009384341
binSort,61,36,0.009349701
binSort,61,37,0.009388021
binSort,61,38,0.009386811
binSort,61,39,0.009374311
binComputeKeys,61,0,0.001014318
binComputeKeys,61,1,0.001019859
binComputeKeys,61,2,0.001017539
binComputeKeys,61,3,0.001019389
binComputeKeys,61,4,0.001014879
binComputeKeys,61,5,0.001023889
binComputeKeys,61,6,0.001018859
binComputeKeys,61,7,0.001017269
binComputeKeys,61,8,0.001015689
binComputeKeys,61,9,0.001019759
binComputeKeys,61,10,0.001021048
binComputeKeys,61,11,0.001020958
binComputeKeys,61,12,0.001017419
binComputeKeys,61,13,0.001019329
binComputeKeys,61,14,0.001020599
binComputeKeys,61,15,0.001017559
binComputeKeys,61,16,0.001016318
binComputeKeys,61,17,0.001019389
binComputeKeys,61,18,0.001019258
binComputeKeys,61,19,0.001016239
binComputeKeys,61,20,0.001014259
binComputeKeys,61,21,0.001016219
binComputeKeys,61,22,0.001019579
binComputeKeys,61,23,0.001019879
binComputeKeys,61,24,0.001014698
binComputeKeys,61,25,0.001019929
binComputeKeys,61,26,0.001017109
binComputeKeys,61,27,0.001019849
binComputeKeys,61,28,0.001014529
binComputeKeys,61,29,0.001020079
binComputeKeys,61,30,0.001019858
binComputeKeys,61,31,0.001018379
binComputeKeys,61,32,0.001016649
binComputeKeys,61,33,0.001019288
binComputeKeys,61,34,0.001018249
binComputeKeys,61,35,0.001018369
binComputeKeys,61,36,0.001015229
binComputeKeys,61,37,0.001016979
binComputeKeys,61,38,0.001021918
binComputeKeys,61,39,0.001016999
binSortByKey,61,0,0.00806401
binSortByKey,61,1,0.008108149
binSortByKey,61,2,0.00810963
binSortByKey,61,3,0.008103579
binSortByKey,61,4,0.008064739
binSortByKey,61,5,0.00810144
binSortByKey,61,6,0.0081005
binSortByKey,61,7,0.00809207
binSortByKey,61,8,0.008073839
binSortByKey,61,9,0.008104389
binSortByKey,61,10,0.0080909
binSortByKey,61,11,0.00809213
binSortByKey,61,12,0.008065389
binSortByKey,61,13,0.00810552
binSortByKey,61,14,0.00809918
binSortByKey,61,15,0.00810791
binSortByKey,61,16,0.00806252
binSortByKey,61,17,0.00809712
binSortByKey,61,18,0.0081016
binSortByKey,61,19,0.0080931
binSortByKey,61,20,0.008063159
binSortByKey,61,21,0.008094409
binSortByKey,61,22,0.008106909
binSortByKey,61,23,0.00811159
binSortByKey,61,24,0.008055079
binSortByKey,61,25,0.00809901
binSortByKey,61,26,0.00808968
binSortByKey,61,27,0.00810398
binSortByKey,61,28,0.008048929
binSortByKey,61,29,0.00809585
binSortByKey,61,30,0.00810739
binSortByKey,61,31,0.00810322
binSortByKey,61,32,0.008048819
binSortByKey,61,33,0.00810521
binSortByKey,61,34,0.008094779
binSortByKey,61,35,0.00810227
binSortByKey,61,36,0.00807029
binSortByKey,61,37,0.00810833
binSortByKey,61,38,0.0080997
binSortByKey,61,39,0.0080934
binComputeOffsets,61,0,0.000249082
binComputeOffsets,61,1,0.000256363
binComputeOffsets,61,2,0.000254512
binComputeOffsets,61,3,0.000259703
binComputeOffsets,61,4,0.000248992
binComputeOffsets,61,5,0.000253252
binComputeOffsets,61,6,0.000253952
binComputeOffsets,61,7,0.000253122
binComputeOffsets,61,8,0.000249683
binComputeOffsets,61,9,0.000283653
binComputeOffsets,61,10,0.000253932
binComputeOffsets,61,11,0.000254642
binComputeOffsets,61,12,0.000250633
binComputeOffsets,61,13,0.000253132
binComputeOffsets,61,14,0.000253852
binComputeOffsets,61,15,0.000253992
binComputeOffsets,61,16,0.000248842
binComputeOffsets,61,17,0.000253932
binComputeOffsets,61,18,0.000254912
binComputeOffsets,61,19,0.000254922
binComputeOffsets,61,20,0.000250202
binComputeOffsets,61,21,0.000260962
binComputeOffsets,61,22,0.000254003
binComputeOffsets,61,23,0.000253082
binComputeOffsets,61,24,0.000249772
binComputeOffsets,61,25,0.000253812
binComputeOffsets,61,26,0.000253182
binComputeOffsets,61,27,0.000254302
binComputeOffsets,61,28,0.000249482
binComputeOffsets,61,29,0.000253252
binComputeOffsets,61,30,0.000255012
binComputeOffsets,61,31,0.000258342
binComputeOffsets,61,32,0.000249382
binComputeOffsets,61,33,0.000252992
binComputeOffsets,61,34,0.000252873
binComputeOffsets,61,35,0.000253542
binComputeOffsets,61,36,0.000254442
binComputeOffsets,61,37,0.000253242
binComputeOffsets,61,38,0.000255223
binComputeOffsets,61,39,0.000253922
FFTNUFFT1,61,0,0.482346443
FFTNUFFT1,61,1,0.481583897
FFTNUFFT1,61,2,0.48305715
FFTNUFFT1,61,3,0.485804003
FFTNUFFT1,61,4,0.483486633
FFTNUFFT1,61,5,0.486393868
FFTNUFFT1,61,6,0.487555919
FFTNUFFT1,61,7,0.485685702
FFTNUFFT1,61,8,0.482896839
FFTNUFFT1,61,9,0.486403219
deconvolutionNUFFT1,61,0,0.000463914
deconvolutionNUFFT1,61,1,0.000471834
deconvolutionNUFFT1,61,2,0.000471144
deconvolutionNUFFT1,61,3,0.000462534
deconvolutionNUFFT1,61,4,0.000466394
deconvolutionNUFFT1,61,5,0.000465644
deconvolutionNUFFT1,61,6,0.000462334
deconvolutionNUFFT1,61,7,0.000466715
deconvolutionNUFFT1,61,8,0.000461704
deconvolutionNUFFT1,61,9,0.000464274
GatherPIFNUFFT,61,0,1.55727175
GatherPIFNUFFT,61,1,1.564339411
GatherPIFNUFFT,61,2,1.564041529
GatherPIFNUFFT,61,3,1.55960503
GatherPIFNUFFT,61,4,1.559086845
GatherPIFNUFFT,61,5,1.557429281
GatherPIFNUFFT,61,6,1.555659596
GatherPIFNUFFT,61,7,1.559747051
GatherPIFNUFFT,61,8,1.560697699
GatherPIFNUFFT,61,9,1.556764446
NativeNUFFT2,61,0,0.512639164
NativeNUFFT2,61,1,0.513838795
NativeNUFFT2,61,2,0.515132446
NativeNUFFT2,61,3,0.519178521
NativeNUFFT2,61,4,0.513963695
NativeNUFFT2,61,5,0.515517329
NativeNUFFT2,61,6,0.516445548
NativeNUFFT2,61,7,0.51438912
NativeNUFFT2,61,8,0.517517487
NativeNUFFT2,61,9,0.514658122
NativeNUFFT2,61,10,0.512635254
NativeNUFFT2,61,11,0.516636148
NativeNUFFT2,61,12,0.517411226
NativeNUFFT2,61,13,0.512274141
NativeNUFFT2,61,14,0.513744334
NativeNUFFT2,61,15,0.51210492
NativeNUFFT2,61,16,0.515485899
NativeNUFFT2,61,17,0.514178717
NativeNUFFT2,61,18,0.514953245
NativeNUFFT2,61,19,0.51215289
NativeNUFFT2,61,20,0.512878666
NativeNUFFT2,61,21,0.515896982
NativeNUFFT2,61,22,0.512626564
NativeNUFFT2,61,23,0.515234317
NativeNUFFT2,61,24,0.515726311
NativeNUFFT2,61,25,0.514938055
NativeNUFFT2,61,26,0.51438586
NativeNUFFT2,61,27,0.511512275
NativeNUFFT2,61,28,0.514341009
NativeNUFFT2,61,29,0.515261657
PrecorrectionNUFFT2,61,0,0.000894588
PrecorrectionNUFFT2,61,1,0.000858427
PrecorrectionNUFFT2,61,2,0.000865498
PrecorrectionNUFFT2,61,3,0.000886038
PrecorrectionNUFFT2,61,4,0.000866867
PrecorrectionNUFFT2,61,5,0.000858228
PrecorrectionNUFFT2,61,6,0.000882638
PrecorrectionNUFFT2,61,7,0.000865518
PrecorrectionNUFFT2,61,8,0.000864748
PrecorrectionNUFFT2,61,9,0.000890248
PrecorrectionNUFFT2,61,10,0.000860187
PrecorrectionNUFFT2,61,11,0.000866427
PrecorrectionNUFFT2,61,12,0.000881888
PrecorrectionNUFFT2,61,13,0.000860368
PrecorrectionNUFFT2,61,14,0.000866538
PrecorrectionNUFFT2,61,15,0.000894868
PrecorrectionNUFFT2,61,16,0.000862788
PrecorrectionNUFFT2,61,17,0.000858547
PrecorrectionNUFFT2,61,18,0.000891178
PrecorrectionNUFFT2,61,19,0.000860188
PrecorrectionNUFFT2,61,20,0.000865008
PrecorrectionNUFFT2,61,21,0.000881588
PrecorrectionNUFFT2,61,22,0.000862417
PrecorrectionNUFFT2,61,23,0.000869937
PrecorrectionNUFFT2,61,24,0.000883687
PrecorrectionNUFFT2,61,25,0.000859718
PrecorrectionNUFFT2,61,26,0.000870708
PrecorrectionNUFFT2,61,27,0.000892468
PrecorrectionNUFFT2,61,28,0.000865507
PrecorrectionNUFFT2,61,29,0.000860598
FFTNUFFT2,61,0,0.483765175
FFTNUFFT2,61,1,0.484931566
FFTNUFFT2,61,2,0.484007908
FFTNUFFT2,61,3,0.482974699
FFTNUFFT2,61,4,0.485063097
FFTNUFFT2,61,5,0.484537352
FFTNUFFT2,61,6,0.483857697
FFTNUFFT2,61,7,0.483385912
FFTNUFFT2,61,8,0.485129167
FFTNUFFT2,61,9,0.484061248
FFTNUFFT2,61,10,0.483920357
FFTNUFFT2,61,11,0.483524854
FFTNUFFT2,61,12,0.483706455
FFTNUFFT2,61,13,0.483061959
FFTNUFFT2,61,14,0.483382182
FFTNUFFT2,61,15,0.482529165
FFTNUFFT2,61,16,0.484586893
FFTNUFFT2,61,17,0.48539582
FFTNUFFT2,61,18,0.483902747
FFTNUFFT2,61,19,0.483838346
FFTNUFFT2,61,20,0.483877046
FFTNUFFT2,61,21,0.481630627
FFTNUFFT2,61,22,0.484588752
FFTNUFFT2,61,23,0.483604105
FFTNUFFT2,61,24,0.483065729
FFTNUFFT2,61,25,0.484119879
FFTNUFFT2,61,26,0.485127817
FFTNUFFT2,61,27,0.482508405
FFTNUFFT2,61,28,0.484190549
FFTNUFFT2,61,29,0.485590291
GatherNUFFT2,61,0,0.027959031
GatherNUFFT2,61,1,0.028027812
GatherNUFFT2,61,2,0.03023855
GatherNUFFT2,61,3,0.035297394
GatherNUFFT2,61,4,0.028014021
GatherNUFFT2,61,5,0.030101369
GatherNUFFT2,61,6,0.031684673
GatherNUFFT2,61,7,0.03011783
GatherNUFFT2,61,8,0.031502422
GatherNUFFT2,61,9,0.029686136
GatherNUFFT2,61,10,0.02783503
GatherNUFFT2,61,11,0.032224517
GatherNUFFT2,61,12,0.032802373
GatherNUFFT2,61,13,0.028330923
GatherNUFFT2,61,14,0.029474994
GatherNUFFT2,61,15,0.028660157
GatherNUFFT2,61,16,0.030014288
GatherNUFFT2,61,17,0.02790327
GatherNUFFT2,61,18,0.030139429
GatherNUFFT2,61,19,0.027433856
GatherNUFFT2,61,20,0.028116692
GatherNUFFT2,61,21,0.033364657
GatherNUFFT2,61,22,0.027154834
GatherNUFFT2,61,23,0.030739965
GatherNUFFT2,61,24,0.031757234
GatherNUFFT2,61,25,0.029938048
GatherNUFFT2,61,26,0.028366625
GatherNUFFT2,61,27,0.028091652
GatherNUFFT2,61,28,0.029264763
GatherNUFFT2,61,29,0.028790498
mainTimer,62,0,21.264710233
dumpData,62,0,0.011906812
dumpData,62,1,0.012122044
dumpData,62,2,0.011877372
dumpData,62,3,0.011927183
dumpData,62,4,0.010763773
dumpData,62,5,0.012008364
dumpData,62,6,0.010335389
dumpData,62,7,0.011681091
dumpData,62,8,0.012012793
dumpData,62,9,0.011821222
kick,62,0,0.001828176
kick,62,1,0.001880267
kick,62,2,0.001828556
kick,62,3,0.001880517
kick,62,4,0.001823676
kick,62,5,0.001884506
kick,62,6,0.001830016
kick,62,7,0.001880866
kick,62,8,0.001828066
kick,62,9,0.001883126
kick,62,10,0.001855546
kick,62,11,0.001880946
kick,62,12,0.001825165
kick,62,13,0.001882036
kick,62,14,0.001868966
kick,62,15,0.001883476
kick,62,16,0.001832326
kick,62,17,0.001882516
kick,62,18,0.001823276
kick,62,19,0.001881626
drift,62,0,0.001830266
drift,62,1,0.001828876
drift,62,2,0.001829906
drift,62,3,0.001830096
drift,62,4,0.001828756
drift,62,5,0.001830895
drift,62,6,0.001829336
drift,62,7,0.001828506
drift,62,8,0.001828936
drift,62,9,0.001829326
particleBC,62,0,0.003717592
particleBC,62,1,0.003717112
particleBC,62,2,0.003712592
particleBC,62,3,0.003716472
particleBC,62,4,0.003717012
particleBC,62,5,0.003712963
particleBC,62,6,0.003721562
particleBC,62,7,0.003720372
particleBC,62,8,0.003721582
particleBC,62,9,0.003716362
updateParticle,62,0,0.013685728
updateParticle,62,1,0.012502998
updateParticle,62,2,0.01402424
updateParticle,62,3,0.013242704
updateParticle,62,4,0.01167613
updateParticle,62,5,0.012502797
updateParticle,62,6,0.012330836
updateParticle,62,7,0.011680141
updateParticle,62,8,0.012236415
updateParticle,62,9,0.011323757
locateParticles,62,0,0.001573633
locateParticles,62,1,0.001566033
locateParticles,62,2,0.001567473
locateParticles,62,3,0.001566423
locateParticles,62,4,0.001568543
locateParticles,62,5,0.001577583
locateParticles,62,6,0.001578064
locateParticles,62,7,0.001567734
locateParticles,62,8,0.001569783
locateParticles,62,9,0.001556473
sendPreprocess,62,0,0.000733287
sendPreprocess,62,1,0.000787667
sendPreprocess,62,2,0.000796277
sendPreprocess,62,3,0.000782697
sendPreprocess,62,4,0.000794537
sendPreprocess,62,5,0.000743196
sendPreprocess,62,6,0.000763597
sendPreprocess,62,7,0.000775586
sendPreprocess,62,8,0.000825358
sendPreprocess,62,9,0.000909778
particleSend,62,0,0.001261961
particleSend,62,1,0.001370402
particleSend,62,2,0.001272841
particleSend,62,3,0.001275951
particleSend,62,4,0.001277651
particleSend,62,5,0.001325872
particleSend,62,6,0.001276871
particleSend,62,7,0.001233901
particleSend,62,8,0.001332291
particleSend,62,9,0.001222351
particleRecv,62,0,3.63e-05
particleRecv,62,1,3.184e-05
particleRecv,62,2,3.655e-05
particleRecv,62,3,4.0511e-05
particleRecv,62,4,3.536e-05
particleRecv,62,5,3.755e-05
particleRecv,62,6,4.717e-05
particleRecv,62,7,3.522e-05
particleRecv,62,8,3.579e-05
particleRecv,62,9,3.369e-05
particleDestroy,62,0,0.005363666
particleDestroy,62,1,0.005385827
particleDestroy,62,2,0.005372507
particleDestroy,62,3,0.005366606
particleDestroy,62,4,0.005375906
particleDestroy,62,5,0.005362047
particleDestroy,62,6,0.005378266
particleDestroy,62,7,0.005362447
particleDestroy,62,8,0.005359317
particleDestroy,62,9,0.005403216
ScatterPIFNUFFT,62,0,0.516459457
ScatterPIFNUFFT,62,1,0.001116
ScatterPIFNUFFT,62,2,0.516881291
ScatterPIFNUFFT,62,3,0.001111539
ScatterPIFNUFFT,62,4,0.520753834
ScatterPIFNUFFT,62,5,0.00111848
ScatterPIFNUFFT,62,6,0.522144476
ScatterPIFNUFFT,62,7,0.001117899
ScatterPIFNUFFT,62,8,0.525451885
ScatterPIFNUFFT,62,9,0.00111887
ScatterPIFNUFFT,62,10,0.520801735
ScatterPIFNUFFT,62,11,0.00111622
ScatterPIFNUFFT,62,12,0.51568283
ScatterPIFNUFFT,62,13,0.001114339
ScatterPIFNUFFT,62,14,0.521494881
ScatterPIFNUFFT,62,15,0.001118089
ScatterPIFNUFFT,62,16,0.521847394
ScatterPIFNUFFT,62,17,0.00111676
ScatterPIFNUFFT,62,18,0.520079589
ScatterPIFNUFFT,62,19,0.00111786
NativeNUFFT1,62,0,0.511640465
NativeNUFFT1,62,1,0.512195701
NativeNUFFT1,62,2,0.516651379
NativeNUFFT1,62,3,0.518633996
NativeNUFFT1,62,4,0.520941485
NativeNUFFT1,62,5,0.515896952
NativeNUFFT1,62,6,0.511207352
NativeNUFFT1,62,7,0.5167425
NativeNUFFT1,62,8,0.517357635
NativeNUFFT1,62,9,0.515435668
scatterTimerNUFFT1,62,0,0.038601942
scatterTimerNUFFT1,62,1,0.03825394
scatterTimerNUFFT1,62,2,0.038867565
scatterTimerNUFFT1,62,3,0.040219376
scatterTimerNUFFT1,62,4,0.039660561
scatterTimerNUFFT1,62,5,0.038471811
scatterTimerNUFFT1,62,6,0.039225057
scatterTimerNUFFT1,62,7,0.038821864
scatterTimerNUFFT1,62,8,0.038508652
scatterTimerNUFFT1,62,9,0.03840375
binSort,62,0,0.009352921
binSort,62,1,0.009387241
binSort,62,2,0.009387861
binSort,62,3,0.009374991
binSort,62,4,0.00934676
binSort,62,5,0.009391941
binSort,62,6,0.009389231
binSort,62,7,0.009379631
binSort,62,8,0.00934813
binSort,62,9,0.009377351
binSort,62,10,0.009390061
binSort,62,11,0.009386881
binSort,62,12,0.00933332
binSort,62,13,0.009385541
binSort,62,14,0.009396911
binSort,62,15,0.009386711
binSort,62,16,0.009350301
binSort,62,17,0.009379811
binSort,62,18,0.00940193
binSort,62,19,0.009387151
binSort,62,20,0.009342221
binSort,62,21,0.009384381
binSort,62,22,0.009379511
binSort,62,23,0.009373461
binSort,62,24,0.009351701
binSort,62,25,0.009395361
binSort,62,26,0.009377611
binSort,62,27,0.009388141
binSort,62,28,0.00933616
binSort,62,29,0.009377341
binSort,62,30,0.009373731
binSort,62,31,0.009372371
binSort,62,32,0.0093441
binSort,62,33,0.009401701
binSort,62,34,0.009386301
binSort,62,35,0.009374371
binSort,62,36,0.009352331
binSort,62,37,0.00937671
binSort,62,38,0.009374331
binSort,62,39,0.009367021
binComputeKeys,62,0,0.001016319
binComputeKeys,62,1,0.001018959
binComputeKeys,62,2,0.001021909
binComputeKeys,62,3,0.001019939
binComputeKeys,62,4,0.001016269
binComputeKeys,62,5,0.001017589
binComputeKeys,62,6,0.001019069
binComputeKeys,62,7,0.001021919
binComputeKeys,62,8,0.001016728
binComputeKeys,62,9,0.001019429
binComputeKeys,62,10,0.001021149
binComputeKeys,62,11,0.001019659
binComputeKeys,62,12,0.001015859
binComputeKeys,62,13,0.001017849
binComputeKeys,62,14,0.001018609
binComputeKeys,62,15,0.001017989
binComputeKeys,62,16,0.001016469
binComputeKeys,62,17,0.001017979
binComputeKeys,62,18,0.001019268
binComputeKeys,62,19,0.001020019
binComputeKeys,62,20,0.001017859
binComputeKeys,62,21,0.001019339
binComputeKeys,62,22,0.001017949
binComputeKeys,62,23,0.001018729
binComputeKeys,62,24,0.001017169
binComputeKeys,62,25,0.001019979
binComputeKeys,62,26,0.001017539
binComputeKeys,62,27,0.001018219
binComputeKeys,62,28,0.001014108
binComputeKeys,62,29,0.001016639
binComputeKeys,62,30,0.001020719
binComputeKeys,62,31,0.001020099
binComputeKeys,62,32,0.001018459
binComputeKeys,62,33,0.001019848
binComputeKeys,62,34,0.001019919
binComputeKeys,62,35,0.001019709
binComputeKeys,62,36,0.001015269
binComputeKeys,62,37,0.001015898
binComputeKeys,62,38,0.001018779
binComputeKeys,62,39,0.001021729
binSortByKey,62,0,0.00807716
binSortByKey,62,1,0.008103709
binSortByKey,62,2,0.00810157
binSortByKey,62,3,0.0080907
binSortByKey,62,4,0.008070439
binSortByKey,62,5,0.008107039
binSortByKey,62,6,0.008103669
binSortByKey,62,7,0.00809447
binSortByKey,62,8,0.00807196
binSortByKey,62,9,0.00809402
binSortByKey,62,10,0.00810468
binSortByKey,62,11,0.00810092
binSortByKey,62,12,0.008057729
binSortByKey,62,13,0.0081042
binSortByKey,62,14,0.00811329
binSortByKey,62,15,0.008104839
binSortByKey,62,16,0.008073449
binSortByKey,62,17,0.0080975
binSortByKey,62,18,0.00811869
binSortByKey,62,19,0.00810221
binSortByKey,62,20,0.008065549
binSortByKey,62,21,0.00810011
binSortByKey,62,22,0.00809649
binSortByKey,62,23,0.00809139
binSortByKey,62,24,0.008075439
binSortByKey,62,25,0.00810994
binSortByKey,62,26,0.008095
binSortByKey,62,27,0.00810587
binSortByKey,62,28,0.00806284
binSortByKey,62,29,0.00809696
binSortByKey,62,30,0.00808726
binSortByKey,62,31,0.008088809
binSortByKey,62,32,0.008064929
binSortByKey,62,33,0.00811757
binSortByKey,62,34,0.008102299
binSortByKey,62,35,0.00809186
binSortByKey,62,36,0.008077659
binSortByKey,62,37,0.0080972
binSortByKey,62,38,0.00808965
binSortByKey,62,39,0.00808126
binComputeOffsets,62,0,0.000250242
binComputeOffsets,62,1,0.000255103
binComputeOffsets,62,2,0.000254622
binComputeOffsets,62,3,0.000254082
binComputeOffsets,62,4,0.000250422
binComputeOffsets,62,5,0.000256383
binComputeOffsets,62,6,0.000257093
binComputeOffsets,62,7,0.000253942
binComputeOffsets,62,8,0.000250072
binComputeOffsets,62,9,0.000254612
binComputeOffsets,62,10,0.000254862
binComputeOffsets,62,11,0.000256332
binComputeOffsets,62,12,0.000250132
binComputeOffsets,62,13,0.000253542
binComputeOffsets,62,14,0.000254802
binComputeOffsets,62,15,0.000254543
binComputeOffsets,62,16,0.000249932
binComputeOffsets,62,17,0.000254792
binComputeOffsets,62,18,0.000254372
binComputeOffsets,62,19,0.000255412
binComputeOffsets,62,20,0.000249533
binComputeOffsets,62,21,0.000255432
binComputeOffsets,62,22,0.000255422
binComputeOffsets,62,23,0.000253422
binComputeOffsets,62,24,0.000249803
binComputeOffsets,62,25,0.000254472
binComputeOffsets,62,26,0.000255582
binComputeOffsets,62,27,0.000253952
binComputeOffsets,62,28,0.000249462
binComputeOffsets,62,29,0.000254272
binComputeOffsets,62,30,0.000255622
binComputeOffsets,62,31,0.000254153
binComputeOffsets,62,32,0.000249982
binComputeOffsets,62,33,0.000254452
binComputeOffsets,62,34,0.000254022
binComputeOffsets,62,35,0.000253422
binComputeOffsets,62,36,0.000249633
binComputeOffsets,62,37,0.000253942
binComputeOffsets,62,38,0.000255802
binComputeOffsets,62,39,0.000254672
FFTNUFFT1,62,0,0.47256827
FFTNUFFT1,62,1,0.473466457
FFTNUFFT1,62,2,0.47730409
FFTNUFFT1,62,3,0.477921795
FFTNUFFT1,62,4,0.4808009
FFTNUFFT1,62,5,0.476945637
FFTNUFFT1,62,6,0.47150186
FFTNUFFT1,62,7,0.477444192
FFTNUFFT1,62,8,0.478374349
FFTNUFFT1,62,9,0.476550404
deconvolutionNUFFT1,62,0,0.000458903
deconvolutionNUFFT1,62,1,0.000461734
deconvolutionNUFFT1,62,2,0.000467784
deconvolutionNUFFT1,62,3,0.000480224
deconvolutionNUFFT1,62,4,0.000467824
deconvolutionNUFFT1,62,5,0.000467654
deconvolutionNUFFT1,62,6,0.000468775
deconvolutionNUFFT1,62,7,0.000463664
deconvolutionNUFFT1,62,8,0.000460244
deconvolutionNUFFT1,62,9,0.000470434
GatherPIFNUFFT,62,0,1.567210426
GatherPIFNUFFT,62,1,1.571954987
GatherPIFNUFFT,62,2,1.569067021
GatherPIFNUFFT,62,3,1.566853172
GatherPIFNUFFT,62,4,1.563434673
GatherPIFNUFFT,62,5,1.566284517
GatherPIFNUFFT,62,6,1.571469063
GatherPIFNUFFT,62,7,1.567348437
GatherPIFNUFFT,62,8,1.56426509
GatherPIFNUFFT,62,9,1.566084405
NativeNUFFT2,62,0,0.523897261
NativeNUFFT2,62,1,0.512609364
NativeNUFFT2,62,2,0.515066686
NativeNUFFT2,62,3,0.527583683
NativeNUFFT2,62,4,0.51451129
NativeNUFFT2,62,5,0.514227028
NativeNUFFT2,62,6,0.521823484
NativeNUFFT2,62,7,0.514029096
NativeNUFFT2,62,8,0.517577286
NativeNUFFT2,62,9,0.521411909
NativeNUFFT2,62,10,0.514213388
NativeNUFFT2,62,11,0.51559195
NativeNUFFT2,62,12,0.52024276
NativeNUFFT2,62,13,0.513165189
NativeNUFFT2,62,14,0.51439002
NativeNUFFT2,62,15,0.521268039
NativeNUFFT2,62,16,0.515491089
NativeNUFFT2,62,17,0.513910916
NativeNUFFT2,62,18,0.529958974
NativeNUFFT2,62,19,0.511874988
NativeNUFFT2,62,20,0.513990796
NativeNUFFT2,62,21,0.524005062
NativeNUFFT2,62,22,0.512802355
NativeNUFFT2,62,23,0.514916444
NativeNUFFT2,62,24,0.519677545
NativeNUFFT2,62,25,0.514886883
NativeNUFFT2,62,26,0.514105227
NativeNUFFT2,62,27,0.522349938
NativeNUFFT2,62,28,0.513847494
NativeNUFFT2,62,29,0.514296129
PrecorrectionNUFFT2,62,0,0.000890477
PrecorrectionNUFFT2,62,1,0.000859227
PrecorrectionNUFFT2,62,2,0.000863888
PrecorrectionNUFFT2,62,3,0.000891268
PrecorrectionNUFFT2,62,4,0.000868877
PrecorrectionNUFFT2,62,5,0.000861677
PrecorrectionNUFFT2,62,6,0.000889408
PrecorrectionNUFFT2,62,7,0.000857497
PrecorrectionNUFFT2,62,8,0.000866407
PrecorrectionNUFFT2,62,9,0.000888387
PrecorrectionNUFFT2,62,10,0.000863258
PrecorrectionNUFFT2,62,11,0.000861987
PrecorrectionNUFFT2,62,12,0.000887118
PrecorrectionNUFFT2,62,13,0.000864497
PrecorrectionNUFFT2,62,14,0.000872498
PrecorrectionNUFFT2,62,15,0.000889348
PrecorrectionNUFFT2,62,16,0.000861677
PrecorrectionNUFFT2,62,17,0.000865398
PrecorrectionNUFFT2,62,18,0.000888718
PrecorrectionNUFFT2,62,19,0.000861928
PrecorrectionNUFFT2,62,20,0.000860887
PrecorrectionNUFFT2,62,21,0.000883947
PrecorrectionNUFFT2,62,22,0.000861867
PrecorrectionNUFFT2,62,23,0.000869967
PrecorrectionNUFFT2,62,24,0.000890768
PrecorrectionNUFFT2,62,25,0.000864257
PrecorrectionNUFFT2,62,26,0.000867327
PrecorrectionNUFFT2,62,27,0.000896388
PrecorrectionNUFFT2,62,28,0.000864727
PrecorrectionNUFFT2,62,29,0.000864837
FFTNUFFT2,62,0,0.489037232
FFTNUFFT2,62,1,0.478203108
FFTNUFFT2,62,2,0.479294867
FFTNUFFT2,62,3,0.491903256
FFTNUFFT2,62,4,0.474529227
FFTNUFFT2,62,5,0.477472782
FFTNUFFT2,62,6,0.488657458
FFTNUFFT2,62,7,0.477081198
FFTNUFFT2,62,8,0.479508689
FFTNUFFT2,62,9,0.486637371
FFTNUFFT2,62,10,0.479170956
FFTNUFFT2,62,11,0.478492541
FFTNUFFT2,62,12,0.484626993
FFTNUFFT2,62,13,0.477510502
FFTNUFFT2,62,14,0.477412771
FFTNUFFT2,62,15,0.488395516
FFTNUFFT2,62,16,0.477876275
FFTNUFFT2,62,17,0.477199719
FFTNUFFT2,62,18,0.490994468
FFTNUFFT2,62,19,0.478733122
FFTNUFFT2,62,20,0.478188068
FFTNUFFT2,62,21,0.48774551
FFTNUFFT2,62,22,0.476465143
FFTNUFFT2,62,23,0.479300478
FFTNUFFT2,62,24,0.486306937
FFTNUFFT2,62,25,0.479305567
FFTNUFFT2,62,26,0.478593741
FFTNUFFT2,62,27,0.486533379
FFTNUFFT2,62,28,0.478937494
FFTNUFFT2,62,29,0.478886904
GatherNUFFT2,62,0,0.033949022
GatherNUFFT2,62,1,0.033527069
GatherNUFFT2,62,2,0.034888201
GatherNUFFT2,62,3,0.034769409
GatherNUFFT2,62,4,0.039087186
GatherNUFFT2,62,5,0.035871579
GatherNUFFT2,62,6,0.032256938
GatherNUFFT2,62,7,0.036069911
GatherNUFFT2,62,8,0.03718164
GatherNUFFT2,62,9,0.033863811
GatherNUFFT2,62,10,0.034158164
GatherNUFFT2,62,11,0.036217041
GatherNUFFT2,62,12,0.034709119
GatherNUFFT2,62,13,0.03476861
GatherNUFFT2,62,14,0.036084851
GatherNUFFT2,62,15,0.031963045
GatherNUFFT2,62,16,0.036732187
GatherNUFFT2,62,17,0.035826189
GatherNUFFT2,62,18,0.038055248
GatherNUFFT2,62,19,0.032259778
GatherNUFFT2,62,20,0.034922511
GatherNUFFT2,62,21,0.035355465
GatherNUFFT2,62,22,0.035454895
GatherNUFFT2,62,23,0.034725439
GatherNUFFT2,62,24,0.03245904
GatherNUFFT2,62,25,0.034696978
GatherNUFFT2,62,26,0.034618828
GatherNUFFT2,62,27,0.034899641
GatherNUFFT2,62,28,0.034025863
GatherNUFFT2,62,29,0.034524237
mainTimer,63,0,21.264706043
dumpData,63,0,0.009938915
dumpData,63,1,0.010140557
dumpData,63,2,0.010733462
dumpData,63,3,0.009978236
dumpData,63,4,0.009727284
dumpData,63,5,0.010043297
dumpData,63,6,0.008564574
dumpData,63,7,0.009767504
dumpData,63,8,0.010838073
dumpData,63,9,0.010679792
kick,63,0,0.001967167
kick,63,1,0.002003418
kick,63,2,0.001991327
kick,63,3,0.002004698
kick,63,4,0.001984907
kick,63,5,0.002003048
kick,63,6,0.001971057
kick,63,7,0.002003147
kick,63,8,0.001986897
kick,63,9,0.002004758
kick,63,10,0.001992927
kick,63,11,0.002002697
kick,63,12,0.001984667
kick,63,13,0.002004197
kick,63,14,0.001997227
kick,63,15,0.002005267
kick,63,16,0.001992447
kick,63,17,0.002010768
kick,63,18,0.001961887
kick,63,19,0.002001837
drift,63,0,0.001946417
drift,63,1,0.001949937
drift,63,2,0.001949897
drift,63,3,0.001957297
drift,63,4,0.001948527
drift,63,5,0.001953157
drift,63,6,0.001952347
drift,63,7,0.001981548
drift,63,8,0.001947637
drift,63,9,0.001953487
particleBC,63,0,0.003957114
particleBC,63,1,0.003953894
particleBC,63,2,0.003955454
particleBC,63,3,0.003962874
particleBC,63,4,0.003960744
particleBC,63,5,0.003958384
particleBC,63,6,0.003958074
particleBC,63,7,0.003962864
particleBC,63,8,0.003958764
particleBC,63,9,0.003961614
updateParticle,63,0,0.013823009
updateParticle,63,1,0.012039234
updateParticle,63,2,0.014344644
updateParticle,63,3,0.013294545
updateParticle,63,4,0.011334718
updateParticle,63,5,0.012510897
updateParticle,63,6,0.011798191
updateParticle,63,7,0.010942024
updateParticle,63,8,0.011990154
updateParticle,63,9,0.011162936
locateParticles,63,0,0.001657235
locateParticles,63,1,0.001679155
locateParticles,63,2,0.001661585
locateParticles,63,3,0.001682805
locateParticles,63,4,0.001672265
locateParticles,63,5,0.001662664
locateParticles,63,6,0.001666184
locateParticles,63,7,0.001666634
locateParticles,63,8,0.001695095
locateParticles,63,9,0.001696255
sendPreprocess,63,0,0.000151431
sendPreprocess,63,1,0.000152101
sendPreprocess,63,2,0.000179151
sendPreprocess,63,3,0.000150271
sendPreprocess,63,4,0.000168871
sendPreprocess,63,5,0.000152491
sendPreprocess,63,6,0.000154212
sendPreprocess,63,7,0.000152761
sendPreprocess,63,8,0.000181182
sendPreprocess,63,9,0.000256752
particleSend,63,0,0.001316351
particleSend,63,1,0.001287341
particleSend,63,2,0.001306131
particleSend,63,3,0.001376302
particleSend,63,4,0.001282171
particleSend,63,5,0.001344842
particleSend,63,6,0.00124403
particleSend,63,7,0.001249771
particleSend,63,8,0.001379631
particleSend,63,9,0.001260021
particleRecv,63,0,3.6601e-05
particleRecv,63,1,3.4201e-05
particleRecv,63,2,3.3031e-05
particleRecv,63,3,3.866e-05
particleRecv,63,4,2.816e-05
particleRecv,63,5,3.519e-05
particleRecv,63,6,3.8581e-05
particleRecv,63,7,5.3811e-05
particleRecv,63,8,3.8221e-05
particleRecv,63,9,3.676e-05
particleDestroy,63,0,0.005768339
particleDestroy,63,1,0.005729439
particleDestroy,63,2,0.005771829
particleDestroy,63,3,0.00576199
particleDestroy,63,4,0.00577816
particleDestroy,63,5,0.00576475
particleDestroy,63,6,0.005769049
particleDestroy,63,7,0.0058015
particleDestroy,63,8,0.00577699
particleDestroy,63,9,0.00578449
ScatterPIFNUFFT,63,0,0.523193465
ScatterPIFNUFFT,63,1,0.0011145
ScatterPIFNUFFT,63,2,0.521631082
ScatterPIFNUFFT,63,3,0.00111531
ScatterPIFNUFFT,63,4,0.526422473
ScatterPIFNUFFT,63,5,0.00111297
ScatterPIFNUFFT,63,6,0.525243783
ScatterPIFNUFFT,63,7,0.00111649
ScatterPIFNUFFT,63,8,0.529723452
ScatterPIFNUFFT,63,9,0.001113999
ScatterPIFNUFFT,63,10,0.52497895
ScatterPIFNUFFT,63,11,0.001120689
ScatterPIFNUFFT,63,12,0.525147432
ScatterPIFNUFFT,63,13,0.00111962
ScatterPIFNUFFT,63,14,0.521047837
ScatterPIFNUFFT,63,15,0.00111939
ScatterPIFNUFFT,63,16,0.520927416
ScatterPIFNUFFT,63,17,0.001117179
ScatterPIFNUFFT,63,18,0.527374411
ScatterPIFNUFFT,63,19,0.00111776
NativeNUFFT1,63,0,0.518719386
NativeNUFFT1,63,1,0.516882901
NativeNUFFT1,63,2,0.52249823
NativeNUFFT1,63,3,0.520581652
NativeNUFFT1,63,4,0.525190712
NativeNUFFT1,63,5,0.52028783
NativeNUFFT1,63,6,0.520536492
NativeNUFFT1,63,7,0.515956033
NativeNUFFT1,63,8,0.516466787
NativeNUFFT1,63,9,0.522883332
scatterTimerNUFFT1,63,0,0.039992624
scatterTimerNUFFT1,63,1,0.039930654
scatterTimerNUFFT1,63,2,0.039908984
scatterTimerNUFFT1,63,3,0.039647501
scatterTimerNUFFT1,63,4,0.040770371
scatterTimerNUFFT1,63,5,0.039671511
scatterTimerNUFFT1,63,6,0.039994034
scatterTimerNUFFT1,63,7,0.039829643
scatterTimerNUFFT1,63,8,0.039946934
scatterTimerNUFFT1,63,9,0.039643861
binSort,63,0,0.009977096
binSort,63,1,0.009943946
binSort,63,2,0.009969196
binSort,63,3,0.009958796
binSort,63,4,0.009963446
binSort,63,5,0.009970626
binSort,63,6,0.009962756
binSort,63,7,0.009971866
binSort,63,8,0.009955716
binSort,63,9,0.009963715
binSort,63,10,0.009959225
binSort,63,11,0.009963216
binSort,63,12,0.009942956
binSort,63,13,0.009969966
binSort,63,14,0.009964936
binSort,63,15,0.009970366
binSort,63,16,0.009959196
binSort,63,17,0.009981696
binSort,63,18,0.009966856
binSort,63,19,0.009977276
binSort,63,20,0.009940126
binSort,63,21,0.009976666
binSort,63,22,0.009985906
binSort,63,23,0.009983896
binSort,63,24,0.009932096
binSort,63,25,0.009978886
binSort,63,26,0.009988486
binSort,63,27,0.009970836
binSort,63,28,0.009937926
binSort,63,29,0.009977516
binSort,63,30,0.009958885
binSort,63,31,0.009970546
binSort,63,32,0.009932876
binSort,63,33,0.009962486
binSort,63,34,0.010026997
binSort,63,35,0.009951676
binSort,63,36,0.009942606
binSort,63,37,0.009981316
binSort,63,38,0.009969526
binSort,63,39,0.009977176
binComputeKeys,63,0,0.001083059
binComputeKeys,63,1,0.001084469
binComputeKeys,63,2,0.00108689
binComputeKeys,63,3,0.001084559
binComputeKeys,63,4,0.001084499
binComputeKeys,63,5,0.00108471
binComputeKeys,63,6,0.001087879
binComputeKeys,63,7,0.00108525
binComputeKeys,63,8,0.001083559
binComputeKeys,63,9,0.001084589
binComputeKeys,63,10,0.001082839
binComputeKeys,63,11,0.001087309
binComputeKeys,63,12,0.00108502
binComputeKeys,63,13,0.001086099
binComputeKeys,63,14,0.001084459
binComputeKeys,63,15,0.001086749
binComputeKeys,63,16,0.001083069
binComputeKeys,63,17,0.00108602
binComputeKeys,63,18,0.001084819
binComputeKeys,63,19,0.00108398
binComputeKeys,63,20,0.00108304
binComputeKeys,63,21,0.001084329
binComputeKeys,63,22,0.001087099
binComputeKeys,63,23,0.001083239
binComputeKeys,63,24,0.00108232
binComputeKeys,63,25,0.00108426
binComputeKeys,63,26,0.001087
binComputeKeys,63,27,0.001085369
binComputeKeys,63,28,0.001083459
binComputeKeys,63,29,0.001086159
binComputeKeys,63,30,0.001082679
binComputeKeys,63,31,0.00108429
binComputeKeys,63,32,0.00107898
binComputeKeys,63,33,0.00108418
binComputeKeys,63,34,0.00109592
binComputeKeys,63,35,0.00108883
binComputeKeys,63,36,0.00108166
binComputeKeys,63,37,0.001085879
binComputeKeys,63,38,0.001084299
binComputeKeys,63,39,0.00108364
binSortByKey,63,0,0.008622385
binSortByKey,63,1,0.008582094
binSortByKey,63,2,0.008605684
binSortByKey,63,3,0.008598464
binSortByKey,63,4,0.008606355
binSortByKey,63,5,0.008608774
binSortByKey,63,6,0.008600335
binSortByKey,63,7,0.008609284
binSortByKey,63,8,0.008600014
binSortByKey,63,9,0.008602084
binSortByKey,63,10,0.008599714
binSortByKey,63,11,0.008598974
binSortByKey,63,12,0.008586234
binSortByKey,63,13,0.008609334
binSortByKey,63,14,0.008604774
binSortByKey,63,15,0.008607094
binSortByKey,63,16,0.008603845
binSortByKey,63,17,0.008618254
binSortByKey,63,18,0.008605235
binSortByKey,63,19,0.008616474
binSortByKey,63,20,0.008583363
binSortByKey,63,21,0.008614245
binSortByKey,63,22,0.008622254
binSortByKey,63,23,0.008624234
binSortByKey,63,24,0.008578284
binSortByKey,63,25,0.008617034
binSortByKey,63,26,0.008620154
binSortByKey,63,27,0.008609375
binSortByKey,63,28,0.008583194
binSortByKey,63,29,0.008614565
binSortByKey,63,30,0.008600274
binSortByKey,63,31,0.008610624
binSortByKey,63,32,0.008578953
binSortByKey,63,33,0.008600754
binSortByKey,63,34,0.008636464
binSortByKey,63,35,0.008587554
binSortByKey,63,36,0.008589384
binSortByKey,63,37,0.008613524
binSortByKey,63,38,0.008609254
binSortByKey,63,39,0.008617504
binComputeOffsets,63,0,0.000261822
binComputeOffsets,63,1,0.000267613
binComputeOffsets,63,2,0.000267452
binComputeOffsets,63,3,0.000266782
binComputeOffsets,63,4,0.000262382
binComputeOffsets,63,5,0.000268032
binComputeOffsets,63,6,0.000265452
binComputeOffsets,63,7,0.000267352
binComputeOffsets,63,8,0.000262772
binComputeOffsets,63,9,0.000267552
binComputeOffsets,63,10,0.000267002
binComputeOffsets,63,11,0.000267623
binComputeOffsets,63,12,0.000261922
binComputeOffsets,63,13,0.000265322
binComputeOffsets,63,14,0.000266433
binComputeOffsets,63,15,0.000267023
binComputeOffsets,63,16,0.000261882
binComputeOffsets,63,17,0.000268172
binComputeOffsets,63,18,0.000266752
binComputeOffsets,63,19,0.000267002
binComputeOffsets,63,20,0.000264333
binComputeOffsets,63,21,0.000266922
binComputeOffsets,63,22,0.000266793
binComputeOffsets,63,23,0.000267093
binComputeOffsets,63,24,0.000262042
binComputeOffsets,63,25,0.000267752
binComputeOffsets,63,26,0.000271562
binComputeOffsets,63,27,0.000266662
binComputeOffsets,63,28,0.000261543
binComputeOffsets,63,29,0.000266732
binComputeOffsets,63,30,0.000265902
binComputeOffsets,63,31,0.000266302
binComputeOffsets,63,32,0.000261803
binComputeOffsets,63,33,0.000267942
binComputeOffsets,63,34,0.000277873
binComputeOffsets,63,35,0.000265362
binComputeOffsets,63,36,0.000262072
binComputeOffsets,63,37,0.000271973
binComputeOffsets,63,38,0.000266242
binComputeOffsets,63,39,0.000266232
FFTNUFFT1,63,0,0.477895975
FFTNUFFT1,63,1,0.476117909
FFTNUFFT1,63,2,0.481754628
FFTNUFFT1,63,3,0.480100434
FFTNUFFT1,63,4,0.483586834
FFTNUFFT1,63,5,0.479779852
FFTNUFFT1,63,6,0.479708501
FFTNUFFT1,63,7,0.475283893
FFTNUFFT1,63,8,0.475681836
FFTNUFFT1,63,9,0.482387064
deconvolutionNUFFT1,63,0,0.000819067
deconvolutionNUFFT1,63,1,0.000821287
deconvolutionNUFFT1,63,2,0.000822708
deconvolutionNUFFT1,63,3,0.000821147
deconvolutionNUFFT1,63,4,0.000820657
deconvolutionNUFFT1,63,5,0.000824207
deconvolutionNUFFT1,63,6,0.000821677
deconvolutionNUFFT1,63,7,0.000831207
deconvolutionNUFFT1,63,8,0.000822987
deconvolutionNUFFT1,63,9,0.000838107
GatherPIFNUFFT,63,0,1.561361165
GatherPIFNUFFT,63,1,1.568822829
GatherPIFNUFFT,63,2,1.563207911
GatherPIFNUFFT,63,3,1.564716784
GatherPIFNUFFT,63,4,1.559705451
GatherPIFNUFFT,63,5,1.56317034
GatherPIFNUFFT,63,6,1.562775687
GatherPIFNUFFT,63,7,1.569051011
GatherPIFNUFFT,63,8,1.566009985
GatherPIFNUFFT,63,9,1.559147436
NativeNUFFT2,63,0,0.516892431
NativeNUFFT2,63,1,0.513033408
NativeNUFFT2,63,2,0.514801563
NativeNUFFT2,63,3,0.523240916
NativeNUFFT2,63,4,0.514294769
NativeNUFFT2,63,5,0.514862754
NativeNUFFT2,63,6,0.516434087
NativeNUFFT2,63,7,0.513121158
NativeNUFFT2,63,8,0.517239904
NativeNUFFT2,63,9,0.518286143
NativeNUFFT2,63,10,0.513889815
NativeNUFFT2,63,11,0.516153855
NativeNUFFT2,63,12,0.516320886
NativeNUFFT2,63,13,0.512908517
NativeNUFFT2,63,14,0.514073176
NativeNUFFT2,63,15,0.517773548
NativeNUFFT2,63,16,0.51556275
NativeNUFFT2,63,17,0.513343
NativeNUFFT2,63,18,0.521686113
NativeNUFFT2,63,19,0.511632766
NativeNUFFT2,63,20,0.512931337
NativeNUFFT2,63,21,0.525565636
NativeNUFFT2,63,22,0.513061508
NativeNUFFT2,63,23,0.514021966
NativeNUFFT2,63,24,0.520807815
NativeNUFFT2,63,25,0.514689552
NativeNUFFT2,63,26,0.514133878
NativeNUFFT2,63,27,0.515187257
NativeNUFFT2,63,28,0.513972506
NativeNUFFT2,63,29,0.513601153
PrecorrectionNUFFT2,63,0,0.001243081
PrecorrectionNUFFT2,63,1,0.001205901
PrecorrectionNUFFT2,63,2,0.00120636
PrecorrectionNUFFT2,63,3,0.001244051
PrecorrectionNUFFT2,63,4,0.00120762
PrecorrectionNUFFT2,63,5,0.00120524
PrecorrectionNUFFT2,63,6,0.00124641
PrecorrectionNUFFT2,63,7,0.00120302
PrecorrectionNUFFT2,63,8,0.00120333
PrecorrectionNUFFT2,63,9,0.001243931
PrecorrectionNUFFT2,63,10,0.001203031
PrecorrectionNUFFT2,63,11,0.00120241
PrecorrectionNUFFT2,63,12,0.001241831
PrecorrectionNUFFT2,63,13,0.00120226
PrecorrectionNUFFT2,63,14,0.00121044
PrecorrectionNUFFT2,63,15,0.001242211
PrecorrectionNUFFT2,63,16,0.001203561
PrecorrectionNUFFT2,63,17,0.00120423
PrecorrectionNUFFT2,63,18,0.001243541
PrecorrectionNUFFT2,63,19,0.001208501
PrecorrectionNUFFT2,63,20,0.00120826
PrecorrectionNUFFT2,63,21,0.001245811
PrecorrectionNUFFT2,63,22,0.001203
PrecorrectionNUFFT2,63,23,0.00120481
PrecorrectionNUFFT2,63,24,0.001242121
PrecorrectionNUFFT2,63,25,0.001206241
PrecorrectionNUFFT2,63,26,0.001217401
PrecorrectionNUFFT2,63,27,0.001239541
PrecorrectionNUFFT2,63,28,0.00120447
PrecorrectionNUFFT2,63,29,0.0012035
FFTNUFFT2,63,0,0.480291056
FFTNUFFT2,63,1,0.477250479
FFTNUFFT2,63,2,0.476941727
FFTNUFFT2,63,3,0.478571261
FFTNUFFT2,63,4,0.478150378
FFTNUFFT2,63,5,0.476627454
FFTNUFFT2,63,6,0.476572324
FFTNUFFT2,63,7,0.476851636
FFTNUFFT2,63,8,0.479504979
FFTNUFFT2,63,9,0.481552427
FFTNUFFT2,63,10,0.478341219
FFTNUFFT2,63,11,0.477059379
FFTNUFFT2,63,12,0.477221109
FFTNUFFT2,63,13,0.476982808
FFTNUFFT2,63,14,0.476491523
FFTNUFFT2,63,15,0.481714528
FFTNUFFT2,63,16,0.47726804
FFTNUFFT2,63,17,0.474560067
FFTNUFFT2,63,18,0.483683505
FFTNUFFT2,63,19,0.476741225
FFTNUFFT2,63,20,0.478146308
FFTNUFFT2,63,21,0.484454402
FFTNUFFT2,63,22,0.477403111
FFTNUFFT2,63,23,0.475904778
FFTNUFFT2,63,24,0.481735918
FFTNUFFT2,63,25,0.477615063
FFTNUFFT2,63,26,0.478926064
FFTNUFFT2,63,27,0.476536183
FFTNUFFT2,63,28,0.477243609
FFTNUFFT2,63,29,0.476557753
GatherNUFFT2,63,0,0.035338034
GatherNUFFT2,63,1,0.034557098
GatherNUFFT2,63,2,0.036632966
GatherNUFFT2,63,3,0.043405154
GatherNUFFT2,63,4,0.034916561
GatherNUFFT2,63,5,0.037009779
GatherNUFFT2,63,6,0.038589413
GatherNUFFT2,63,7,0.035046192
GatherNUFFT2,63,8,0.036511484
GatherNUFFT2,63,9,0.035469965
GatherNUFFT2,63,10,0.034320035
GatherNUFFT2,63,11,0.037872076
GatherNUFFT2,63,12,0.037838056
GatherNUFFT2,63,13,0.034703929
GatherNUFFT2,63,14,0.036351343
GatherNUFFT2,63,15,0.034796169
GatherNUFFT2,63,16,0.037069079
GatherNUFFT2,63,17,0.037559113
GatherNUFFT2,63,18,0.036739697
GatherNUFFT2,63,19,0.03366321
GatherNUFFT2,63,20,0.033556939
GatherNUFFT2,63,21,0.039845293
GatherNUFFT2,63,22,0.034434307
GatherNUFFT2,63,23,0.036891078
GatherNUFFT2,63,24,0.037809426
GatherNUFFT2,63,25,0.035841508
GatherNUFFT2,63,26,0.033967783
GatherNUFFT2,63,27,0.037391601
GatherNUFFT2,63,28,0.035504425
GatherNUFFT2,63,29,0.035819119
