timer_name,rank,measurement_id,duration_seconds
mainTimer,0,0,7.524181869
dumpData,0,0,0.008298279
dumpData,0,1,0.007935028
dumpData,0,2,0.007803001
dumpData,0,3,0.008553054
dumpData,0,4,0.008904402
dumpData,0,5,0.008408995
dumpData,0,6,0.007359271
dumpData,0,7,0.007739738
dumpData,0,8,0.009394562
dumpData,0,9,0.007353383
kick,0,0,4.9662e-05
kick,0,1,1.056e-05
kick,0,2,5.2062e-05
kick,0,3,8.351e-06
kick,0,4,3.9231e-05
kick,0,5,1.296e-05
kick,0,6,4.1439e-05
kick,0,7,1.7152e-05
kick,0,8,4.7774e-05
kick,0,9,1.0272e-05
kick,0,10,4.323e-05
kick,0,11,9.504e-06
kick,0,12,3.9167e-05
kick,0,13,8.415e-06
kick,0,14,4.6238e-05
kick,0,15,9.119e-06
kick,0,16,4.5886e-05
kick,0,17,1.1616e-05
kick,0,18,4.9054e-05
kick,0,19,1.0752e-05
drift,0,0,5.92e-06
drift,0,1,6.688e-06
drift,0,2,6.88e-06
drift,0,3,4.928e-06
drift,0,4,5.12e-06
drift,0,5,6.944e-06
drift,0,6,5.407e-06
drift,0,7,7.136e-06
drift,0,8,5.12e-06
drift,0,9,4.608e-06
particleBC,0,0,9.568e-06
particleBC,0,1,1.072e-05
particleBC,0,2,1.1071e-05
particleBC,0,3,9.823e-06
particleBC,0,4,1.04e-05
particleBC,0,5,9.728e-06
particleBC,0,6,1.1168e-05
particleBC,0,7,1.0464e-05
particleBC,0,8,1.1456e-05
particleBC,0,9,1.088e-05
updateParticle,0,0,0.178508329
updateParticle,0,1,0.009551612
updateParticle,0,2,0.117714866
updateParticle,0,3,0.009622683
updateParticle,0,4,0.009458975
updateParticle,0,5,0.066408762
updateParticle,0,6,0.009559644
updateParticle,0,7,0.064511161
updateParticle,0,8,0.009551005
updateParticle,0,9,0.009453408
locateParticles,0,0,0.003999641
locateParticles,0,1,0.004006968
locateParticles,0,2,0.003993049
locateParticles,0,3,0.004001753
locateParticles,0,4,0.003999512
locateParticles,0,5,0.003995672
locateParticles,0,6,0.003988569
locateParticles,0,7,0.003993112
locateParticles,0,8,0.004007896
locateParticles,0,9,0.004007352
sendPreprocess,0,0,0.00033218
sendPreprocess,0,1,0.000357204
sendPreprocess,0,2,0.000392531
sendPreprocess,0,3,0.000381587
sendPreprocess,0,4,0.000396595
sendPreprocess,0,5,0.000374324
sendPreprocess,0,6,0.000392243
sendPreprocess,0,7,0.000391731
sendPreprocess,0,8,0.000419762
sendPreprocess,0,9,0.000355668
particleSend,0,0,0.001193592
particleSend,0,1,0.001114778
particleSend,0,2,0.001198328
particleSend,0,3,0.00111225
particleSend,0,4,0.001070268
particleSend,0,5,0.001209911
particleSend,0,6,0.001201175
particleSend,0,7,0.001147193
particleSend,0,8,0.001093819
particleSend,0,9,0.001161657
particleRecv,0,0,3.6063e-05
particleRecv,0,1,3.4463e-05
particleRecv,0,2,3.6606e-05
particleRecv,0,3,4.5311e-05
particleRecv,0,4,4.5278e-05
particleRecv,0,5,3.651e-05
particleRecv,0,6,4.6142e-05
particleRecv,0,7,3.9423e-05
particleRecv,0,8,4.995e-05
particleRecv,0,9,3.7375e-05
particleDestroy,0,0,0.002854304
particleDestroy,0,1,0.002867391
particleDestroy,0,2,0.002885823
particleDestroy,0,3,0.002893822
particleDestroy,0,4,0.002873375
particleDestroy,0,5,0.002867615
particleDestroy,0,6,0.002867007
particleDestroy,0,7,0.002869439
particleDestroy,0,8,0.002882559
particleDestroy,0,9,0.002883071
ScatterPIFNUFFT,0,0,0.19339557
ScatterPIFNUFFT,0,1,2.9727e-05
ScatterPIFNUFFT,0,2,0.303823706
ScatterPIFNUFFT,0,3,4.6462e-05
ScatterPIFNUFFT,0,4,0.156606733
ScatterPIFNUFFT,0,5,2.9599e-05
ScatterPIFNUFFT,0,6,0.270199499
ScatterPIFNUFFT,0,7,1.4847e-05
ScatterPIFNUFFT,0,8,0.259129186
ScatterPIFNUFFT,0,9,3.0687e-05
ScatterPIFNUFFT,0,10,0.252015506
ScatterPIFNUFFT,0,11,1.7664e-05
ScatterPIFNUFFT,0,12,0.206493079
ScatterPIFNUFFT,0,13,2.704e-05
ScatterPIFNUFFT,0,14,0.211437327
ScatterPIFNUFFT,0,15,3.6479e-05
ScatterPIFNUFFT,0,16,0.219249062
ScatterPIFNUFFT,0,17,2.2271e-05
ScatterPIFNUFFT,0,18,0.215596546
ScatterPIFNUFFT,0,19,1.8431e-05
NativeNUFFT1,0,0,0.18883678
NativeNUFFT1,0,1,0.29933477
NativeNUFFT1,0,2,0.152173059
NativeNUFFT1,0,3,0.265809695
NativeNUFFT1,0,4,0.255620121
NativeNUFFT1,0,5,0.248634852
NativeNUFFT1,0,6,0.197337581
NativeNUFFT1,0,7,0.206996774
NativeNUFFT1,0,8,0.214769821
NativeNUFFT1,0,9,0.211130394
scatterTimerNUFFT1,0,0,0.050802634
scatterTimerNUFFT1,0,1,0.168110377
scatterTimerNUFFT1,0,2,0.024045746
scatterTimerNUFFT1,0,3,0.129207117
scatterTimerNUFFT1,0,4,0.128854329
scatterTimerNUFFT1,0,5,0.127999222
scatterTimerNUFFT1,0,6,0.07061486
scatterTimerNUFFT1,0,7,0.081816785
scatterTimerNUFFT1,0,8,0.076566145
scatterTimerNUFFT1,0,9,0.07820513
binSort,0,0,0.004442058
binSort,0,1,0.004497032
binSort,0,2,0.004518279
binSort,0,3,0.004489128
binSort,0,4,0.004447401
binSort,0,5,0.004520647
binSort,0,6,0.00452791
binSort,0,7,0.004501512
binSort,0,8,0.00444689
binSort,0,9,0.004527847
binSort,0,10,0.004470793
binSort,0,11,0.004472297
binSort,0,12,0.004471561
binSort,0,13,0.004534535
binSort,0,14,0.004473769
binSort,0,15,0.004494952
binSort,0,16,0.004508936
binSort,0,17,0.004464488
binSort,0,18,0.004539174
binSort,0,19,0.004520775
binSort,0,20,0.004525703
binSort,0,21,0.004505735
binSort,0,22,0.004565126
binSort,0,23,0.004464745
binSort,0,24,0.004548262
binSort,0,25,0.004466121
binSort,0,26,0.004505736
binSort,0,27,0.004451786
binSort,0,28,0.00444561
binSort,0,29,0.004557478
binSort,0,30,0.004448906
binSort,0,31,0.004471817
binSort,0,32,0.004438409
binSort,0,33,0.00447124
binSort,0,34,0.004488744
binSort,0,35,0.004491144
binSort,0,36,0.004426827
binSort,0,37,0.004477064
binSort,0,38,0.004482248
binSort,0,39,0.004490952
binComputeKeys,0,0,0.000416722
binComputeKeys,0,1,0.000438097
binComputeKeys,0,2,0.000433745
binComputeKeys,0,3,0.000425041
binComputeKeys,0,4,0.000426962
binComputeKeys,0,5,0.000435953
binComputeKeys,0,6,0.000433009
binComputeKeys,0,7,0.000420146
binComputeKeys,0,8,0.00042805
binComputeKeys,0,9,0.00041941
binComputeKeys,0,10,0.000424114
binComputeKeys,0,11,0.000424114
binComputeKeys,0,12,0.000431281
binComputeKeys,0,13,0.000426386
binComputeKeys,0,14,0.000434738
binComputeKeys,0,15,0.000438834
binComputeKeys,0,16,0.000425937
binComputeKeys,0,17,0.000420721
binComputeKeys,0,18,0.000422674
binComputeKeys,0,19,0.000426258
binComputeKeys,0,20,0.000422161
binComputeKeys,0,21,0.000426801
binComputeKeys,0,22,0.000431282
binComputeKeys,0,23,0.000421202
binComputeKeys,0,24,0.000440401
binComputeKeys,0,25,0.000430513
binComputeKeys,0,26,0.000425746
binComputeKeys,0,27,0.000418386
binComputeKeys,0,28,0.000424562
binComputeKeys,0,29,0.000424242
binComputeKeys,0,30,0.000426066
binComputeKeys,0,31,0.000420626
binComputeKeys,0,32,0.000424817
binComputeKeys,0,33,0.000420945
binComputeKeys,0,34,0.000440561
binComputeKeys,0,35,0.000421458
binComputeKeys,0,36,0.000423506
binComputeKeys,0,37,0.000422962
binComputeKeys,0,38,0.00042133
binComputeKeys,0,39,0.000441457
binSortByKey,0,0,0.003819519
binSortByKey,0,1,0.003852062
binSortByKey,0,2,0.003868413
binSortByKey,0,3,0.003845758
binSortByKey,0,4,0.00381603
binSortByKey,0,5,0.003875485
binSortByKey,0,6,0.003886076
binSortByKey,0,7,0.003868573
binSortByKey,0,8,0.003813791
binSortByKey,0,9,0.003884924
binSortByKey,0,10,0.00384131
binSortByKey,0,11,0.003843518
binSortByKey,0,12,0.003834718
binSortByKey,0,13,0.003886077
binSortByKey,0,14,0.003835903
binSortByKey,0,15,0.003852669
binSortByKey,0,16,0.003859838
binSortByKey,0,17,0.003837502
binSortByKey,0,18,0.003895228
binSortByKey,0,19,0.003874078
binSortByKey,0,20,0.003878845
binSortByKey,0,21,0.003867901
binSortByKey,0,22,0.003918363
binSortByKey,0,23,0.003831806
binSortByKey,0,24,0.003889148
binSortByKey,0,25,0.003831615
binSortByKey,0,26,0.003873821
binSortByKey,0,27,0.003832414
binSortByKey,0,28,0.003813727
binSortByKey,0,29,0.003909052
binSortByKey,0,30,0.003818751
binSortByKey,0,31,0.00384435
binSortByKey,0,32,0.003808223
binSortByKey,0,33,0.003845854
binSortByKey,0,34,0.003844542
binSortByKey,0,35,0.003861629
binSortByKey,0,36,0.003797664
binSortByKey,0,37,0.003849725
binSortByKey,0,38,0.003854813
binSortByKey,0,39,0.003841822
binComputeOffsets,0,0,0.000204825
binComputeOffsets,0,1,0.000204409
binComputeOffsets,0,2,0.000213017
binComputeOffsets,0,3,0.000217049
binComputeOffsets,0,4,0.000202969
binComputeOffsets,0,5,0.000207737
binComputeOffsets,0,6,0.000207417
binComputeOffsets,0,7,0.000210809
binComputeOffsets,0,8,0.000203737
binComputeOffsets,0,9,0.000221625
binComputeOffsets,0,10,0.000204089
binComputeOffsets,0,11,0.000203225
binComputeOffsets,0,12,0.000204602
binComputeOffsets,0,13,0.000220088
binComputeOffsets,0,14,0.000201785
binComputeOffsets,0,15,0.000201945
binComputeOffsets,0,16,0.000219417
binComputeOffsets,0,17,0.000204825
binComputeOffsets,0,18,0.000219704
binComputeOffsets,0,19,0.000218232
binComputeOffsets,0,20,0.000222553
binComputeOffsets,0,21,0.000208505
binComputeOffsets,0,22,0.000212921
binComputeOffsets,0,23,0.000210393
binComputeOffsets,0,24,0.000216793
binComputeOffsets,0,25,0.000202649
binComputeOffsets,0,26,0.000204313
binComputeOffsets,0,27,0.000199578
binComputeOffsets,0,28,0.000206201
binComputeOffsets,0,29,0.000222936
binComputeOffsets,0,30,0.000202521
binComputeOffsets,0,31,0.000205209
binComputeOffsets,0,32,0.000203385
binComputeOffsets,0,33,0.000202617
binComputeOffsets,0,34,0.000202297
binComputeOffsets,0,35,0.000205337
binComputeOffsets,0,36,0.000204442
binComputeOffsets,0,37,0.000202841
binComputeOffsets,0,38,0.000203897
binComputeOffsets,0,39,0.000205657
FFTNUFFT1,0,0,0.137341371
FFTNUFFT1,0,1,0.130369958
FFTNUFFT1,0,2,0.127281614
FFTNUFFT1,0,3,0.135754863
FFTNUFFT1,0,4,0.125919357
FFTNUFFT1,0,5,0.119784683
FFTNUFFT1,0,6,0.125873533
FFTNUFFT1,0,7,0.124344594
FFTNUFFT1,0,8,0.137348506
FFTNUFFT1,0,9,0.13207262
deconvolutionNUFFT1,0,0,0.00068916
deconvolutionNUFFT1,0,1,0.000851491
deconvolutionNUFFT1,0,2,0.000842755
deconvolutionNUFFT1,0,3,0.000842979
deconvolutionNUFFT1,0,4,0.000842404
deconvolutionNUFFT1,0,5,0.000847908
deconvolutionNUFFT1,0,6,0.000844612
deconvolutionNUFFT1,0,7,0.000832388
deconvolutionNUFFT1,0,8,0.000850723
deconvolutionNUFFT1,0,9,0.000848548
GatherPIFNUFFT,0,0,0.462080367
GatherPIFNUFFT,0,1,0.463684537
GatherPIFNUFFT,0,2,0.462815735
GatherPIFNUFFT,0,3,0.45297786
GatherPIFNUFFT,0,4,0.466956971
GatherPIFNUFFT,0,5,0.465643832
GatherPIFNUFFT,0,6,0.465442557
GatherPIFNUFFT,0,7,0.465845296
GatherPIFNUFFT,0,8,0.455979166
GatherPIFNUFFT,0,9,0.463022543
NativeNUFFT2,0,0,0.152397916
NativeNUFFT2,0,1,0.153368731
NativeNUFFT2,0,2,0.154224575
NativeNUFFT2,0,3,0.157721928
NativeNUFFT2,0,4,0.152349246
NativeNUFFT2,0,5,0.151921516
NativeNUFFT2,0,6,0.157148476
NativeNUFFT2,0,7,0.151934091
NativeNUFFT2,0,8,0.151609142
NativeNUFFT2,0,9,0.147064048
NativeNUFFT2,0,10,0.150207334
NativeNUFFT2,0,11,0.154065285
NativeNUFFT2,0,12,0.155016612
NativeNUFFT2,0,13,0.154560212
NativeNUFFT2,0,14,0.153792237
NativeNUFFT2,0,15,0.159487149
NativeNUFFT2,0,16,0.149021134
NativeNUFFT2,0,17,0.154073348
NativeNUFFT2,0,18,0.156207867
NativeNUFFT2,0,19,0.153694416
NativeNUFFT2,0,20,0.153851212
NativeNUFFT2,0,21,0.154036677
NativeNUFFT2,0,22,0.15034861
NativeNUFFT2,0,23,0.15790845
NativeNUFFT2,0,24,0.149874547
NativeNUFFT2,0,25,0.154948358
NativeNUFFT2,0,26,0.149507743
NativeNUFFT2,0,27,0.15472155
NativeNUFFT2,0,28,0.151858254
NativeNUFFT2,0,29,0.15486273
PrecorrectionNUFFT2,0,0,0.001664456
PrecorrectionNUFFT2,0,1,0.002685541
PrecorrectionNUFFT2,0,2,0.00267719
PrecorrectionNUFFT2,0,3,0.001654088
PrecorrectionNUFFT2,0,4,0.002680453
PrecorrectionNUFFT2,0,5,0.002681669
PrecorrectionNUFFT2,0,6,0.001655016
PrecorrectionNUFFT2,0,7,0.002693508
PrecorrectionNUFFT2,0,8,0.002715108
PrecorrectionNUFFT2,0,9,0.001644328
PrecorrectionNUFFT2,0,10,0.002682501
PrecorrectionNUFFT2,0,11,0.002704165
PrecorrectionNUFFT2,0,12,0.001691431
PrecorrectionNUFFT2,0,13,0.002687301
PrecorrectionNUFFT2,0,14,0.002702597
PrecorrectionNUFFT2,0,15,0.0016626
PrecorrectionNUFFT2,0,16,0.00271354
PrecorrectionNUFFT2,0,17,0.002677765
PrecorrectionNUFFT2,0,18,0.001641096
PrecorrectionNUFFT2,0,19,0.00269578
PrecorrectionNUFFT2,0,20,0.002713573
PrecorrectionNUFFT2,0,21,0.001653704
PrecorrectionNUFFT2,0,22,0.002676869
PrecorrectionNUFFT2,0,23,0.002695429
PrecorrectionNUFFT2,0,24,0.00164884
PrecorrectionNUFFT2,0,25,0.002710565
PrecorrectionNUFFT2,0,26,0.002710757
PrecorrectionNUFFT2,0,27,0.001656072
PrecorrectionNUFFT2,0,28,0.002688549
PrecorrectionNUFFT2,0,29,0.002712933
FFTNUFFT2,0,0,0.124918621
FFTNUFFT2,0,1,0.12621253
FFTNUFFT2,0,2,0.131373379
FFTNUFFT2,0,3,0.129943285
FFTNUFFT2,0,4,0.123038397
FFTNUFFT2,0,5,0.122029727
FFTNUFFT2,0,6,0.131107469
FFTNUFFT2,0,7,0.125815136
FFTNUFFT2,0,8,0.124199862
FFTNUFFT2,0,9,0.118420697
FFTNUFFT2,0,10,0.131399779
FFTNUFFT2,0,11,0.129589279
FFTNUFFT2,0,12,0.127171058
FFTNUFFT2,0,13,0.129693276
FFTNUFFT2,0,14,0.123682664
FFTNUFFT2,0,15,0.125869278
FFTNUFFT2,0,16,0.123982717
FFTNUFFT2,0,17,0.12730155
FFTNUFFT2,0,18,0.129871862
FFTNUFFT2,0,19,0.129899702
FFTNUFFT2,0,20,0.131168362
FFTNUFFT2,0,21,0.124651719
FFTNUFFT2,0,22,0.133425791
FFTNUFFT2,0,23,0.130427236
FFTNUFFT2,0,24,0.120780426
FFTNUFFT2,0,25,0.126788575
FFTNUFFT2,0,26,0.126882172
FFTNUFFT2,0,27,0.134583575
FFTNUFFT2,0,28,0.120936645
FFTNUFFT2,0,29,0.128977717
GatherNUFFT2,0,0,0.0192797
GatherNUFFT2,0,1,0.017949505
GatherNUFFT2,0,2,0.013651923
GatherNUFFT2,0,3,0.019565322
GatherNUFFT2,0,4,0.020107352
GatherNUFFT2,0,5,0.020690148
GatherNUFFT2,0,6,0.017998368
GatherNUFFT2,0,7,0.0169033
GatherNUFFT2,0,8,0.018163193
GatherNUFFT2,0,9,0.020604487
GatherNUFFT2,0,10,0.00955286
GatherNUFFT2,0,11,0.015373208
GatherNUFFT2,0,12,0.019668838
GatherNUFFT2,0,13,0.015821066
GatherNUFFT2,0,14,0.020862558
GatherNUFFT2,0,15,0.025411525
GatherNUFFT2,0,16,0.015803369
GatherNUFFT2,0,17,0.017602125
GatherNUFFT2,0,18,0.018148218
GatherNUFFT2,0,19,0.014752748
GatherNUFFT2,0,20,0.01360962
GatherNUFFT2,0,21,0.021228113
GatherNUFFT2,0,22,0.00787679
GatherNUFFT2,0,23,0.018265397
GatherNUFFT2,0,24,0.021026873
GatherNUFFT2,0,25,0.019072634
GatherNUFFT2,0,26,0.013544534
GatherNUFFT2,0,27,0.01211047
GatherNUFFT2,0,28,0.021684289
GatherNUFFT2,0,29,0.016663917
mainTimer,1,0,7.524080433
dumpData,1,0,0.008789367
dumpData,1,1,0.007312585
dumpData,1,2,0.008350439
dumpData,1,3,0.00767174
dumpData,1,4,0.006474533
dumpData,1,5,0.009461727
dumpData,1,6,0.009019087
dumpData,1,7,0.007190284
dumpData,1,8,0.008236361
dumpData,1,9,0.009099308
kick,1,0,2.6271e-05
kick,1,1,9.632e-06
kick,1,2,5.2862e-05
kick,1,3,8.896e-06
kick,1,4,3.9103e-05
kick,1,5,8.799e-06
kick,1,6,4.1215e-05
kick,1,7,1.248e-05
kick,1,8,4.4862e-05
kick,1,9,8.031e-06
kick,1,10,4.2718e-05
kick,1,11,1.5872e-05
kick,1,12,3.8239e-05
kick,1,13,1.1903e-05
kick,1,14,4.4318e-05
kick,1,15,1.6128e-05
kick,1,16,4.5406e-05
kick,1,17,1.1232e-05
kick,1,18,4.8031e-05
kick,1,19,1.3216e-05
drift,1,0,6.911e-06
drift,1,1,5.952e-06
drift,1,2,8.384e-06
drift,1,3,5.984e-06
drift,1,4,6.24e-06
drift,1,5,6.944e-06
drift,1,6,5.664e-06
drift,1,7,6.432e-06
drift,1,8,5.76e-06
drift,1,9,4.863e-06
particleBC,1,0,1.0496e-05
particleBC,1,1,1.1456e-05
particleBC,1,2,1.0687e-05
particleBC,1,3,1.1295e-05
particleBC,1,4,1.04e-05
particleBC,1,5,9.824e-06
particleBC,1,6,1.2576e-05
particleBC,1,7,1.3664e-05
particleBC,1,8,9.824e-06
particleBC,1,9,1.0816e-05
updateParticle,1,0,0.1784123
updateParticle,1,1,0.009532733
updateParticle,1,2,0.117832654
updateParticle,1,3,0.009651066
updateParticle,1,4,0.009538237
updateParticle,1,5,0.066437337
updateParticle,1,6,0.00955798
updateParticle,1,7,0.064425436
updateParticle,1,8,0.009511134
updateParticle,1,9,0.009463072
locateParticles,1,0,0.003837663
locateParticles,1,1,0.003840638
locateParticles,1,2,0.003824959
locateParticles,1,3,0.003827071
locateParticles,1,4,0.00382675
locateParticles,1,5,0.003821918
locateParticles,1,6,0.003823135
locateParticles,1,7,0.003835007
locateParticles,1,8,0.003824542
locateParticles,1,9,0.003814399
sendPreprocess,1,0,0.000418481
sendPreprocess,1,1,0.000524718
sendPreprocess,1,2,0.000562221
sendPreprocess,1,3,0.000558349
sendPreprocess,1,4,0.000569261
sendPreprocess,1,5,0.000549422
sendPreprocess,1,6,0.000560013
sendPreprocess,1,7,0.000550189
sendPreprocess,1,8,0.000603468
sendPreprocess,1,9,0.000550349
particleSend,1,0,0.001158905
particleSend,1,1,0.001226102
particleSend,1,2,0.00123759
particleSend,1,3,0.001152121
particleSend,1,4,0.001084379
particleSend,1,5,0.00110313
particleSend,1,6,0.001183224
particleSend,1,7,0.001115098
particleSend,1,8,0.001099899
particleSend,1,9,0.001185304
particleRecv,1,0,4.2143e-05
particleRecv,1,1,4.0191e-05
particleRecv,1,2,3.9615e-05
particleRecv,1,3,3.7278e-05
particleRecv,1,4,4.8766e-05
particleRecv,1,5,5.1006e-05
particleRecv,1,6,5.1167e-05
particleRecv,1,7,4.7231e-05
particleRecv,1,8,5.1902e-05
particleRecv,1,9,3.6383e-05
particleDestroy,1,0,0.002780834
particleDestroy,1,1,0.002777762
particleDestroy,1,2,0.002783074
particleDestroy,1,3,0.00278413
particleDestroy,1,4,0.00278365
particleDestroy,1,5,0.002797474
particleDestroy,1,6,0.002793537
particleDestroy,1,7,0.002789313
particleDestroy,1,8,0.002800257
particleDestroy,1,9,0.002789921
ScatterPIFNUFFT,1,0,0.190408759
ScatterPIFNUFFT,1,1,1.5488e-05
ScatterPIFNUFFT,1,2,0.303296107
ScatterPIFNUFFT,1,3,4.1375e-05
ScatterPIFNUFFT,1,4,0.15956081
ScatterPIFNUFFT,1,5,2.8863e-05
ScatterPIFNUFFT,1,6,0.261853382
ScatterPIFNUFFT,1,7,2.7776e-05
ScatterPIFNUFFT,1,8,0.26164734
ScatterPIFNUFFT,1,9,1.7663e-05
ScatterPIFNUFFT,1,10,0.264796449
ScatterPIFNUFFT,1,11,2.1087e-05
ScatterPIFNUFFT,1,12,0.204174725
ScatterPIFNUFFT,1,13,2.4511e-05
ScatterPIFNUFFT,1,14,0.21214476
ScatterPIFNUFFT,1,15,3.8911e-05
ScatterPIFNUFFT,1,16,0.214757822
ScatterPIFNUFFT,1,17,1.7727e-05
ScatterPIFNUFFT,1,18,0.211393457
ScatterPIFNUFFT,1,19,1.6319e-05
NativeNUFFT1,1,0,0.185888816
NativeNUFFT1,1,1,0.298850146
NativeNUFFT1,1,2,0.155203581
NativeNUFFT1,1,3,0.257486874
NativeNUFFT1,1,4,0.258158243
NativeNUFFT1,1,5,0.260211869
NativeNUFFT1,1,6,0.195163606
NativeNUFFT1,1,7,0.207673967
NativeNUFFT1,1,8,0.210280566
NativeNUFFT1,1,9,0.206911592
scatterTimerNUFFT1,1,0,0.052744872
scatterTimerNUFFT1,1,1,0.169000619
scatterTimerNUFFT1,1,2,0.025771193
scatterTimerNUFFT1,1,3,0.129616575
scatterTimerNUFFT1,1,4,0.129573985
scatterTimerNUFFT1,1,5,0.125428781
scatterTimerNUFFT1,1,6,0.071465615
scatterTimerNUFFT1,1,7,0.080466942
scatterTimerNUFFT1,1,8,0.075874553
scatterTimerNUFFT1,1,9,0.078555711
binSort,1,0,0.004325806
binSort,1,1,0.004270672
binSort,1,2,0.00423304
binSort,1,3,0.004229264
binSort,1,4,0.004314669
binSort,1,5,0.007043506
binSort,1,6,0.004292015
binSort,1,7,0.004223793
binSort,1,8,0.004299951
binSort,1,9,0.004262671
binSort,1,10,0.004226865
binSort,1,11,0.004194194
binSort,1,12,0.00431963
binSort,1,13,0.004250353
binSort,1,14,0.00420821
binSort,1,15,0.004311246
binSort,1,16,0.004316366
binSort,1,17,0.004209042
binSort,1,18,0.004248241
binSort,1,19,0.004266671
binSort,1,20,0.00432283
binSort,1,21,0.004230354
binSort,1,22,0.004266287
binSort,1,23,0.004243984
binSort,1,24,0.004376076
binSort,1,25,0.004268624
binSort,1,26,0.004199442
binSort,1,27,0.00424664
binSort,1,28,0.004303535
binSort,1,29,0.004299791
binSort,1,30,0.004251825
binSort,1,31,0.004219442
binSort,1,32,0.004281647
binSort,1,33,0.004252432
binSort,1,34,0.004286895
binSort,1,35,0.00773737
binSort,1,36,0.004278288
binSort,1,37,0.004216721
binSort,1,38,0.00419829
binSort,1,39,0.004292206
binComputeKeys,1,0,0.00040773
binComputeKeys,1,1,0.000399123
binComputeKeys,1,2,0.000396658
binComputeKeys,1,3,0.000397715
binComputeKeys,1,4,0.000408467
binComputeKeys,1,5,0.000398771
binComputeKeys,1,6,0.000403538
binComputeKeys,1,7,0.000411122
binComputeKeys,1,8,0.00040853
binComputeKeys,1,9,0.000400082
binComputeKeys,1,10,0.000415218
binComputeKeys,1,11,0.000398387
binComputeKeys,1,12,0.000414514
binComputeKeys,1,13,0.000400659
binComputeKeys,1,14,0.000399827
binComputeKeys,1,15,0.000398802
binComputeKeys,1,16,0.000396946
binComputeKeys,1,17,0.000403219
binComputeKeys,1,18,0.000407154
binComputeKeys,1,19,0.000411186
binComputeKeys,1,20,0.000408915
binComputeKeys,1,21,0.000391955
binComputeKeys,1,22,0.000438961
binComputeKeys,1,23,0.000402706
binComputeKeys,1,24,0.000413522
binComputeKeys,1,25,0.000399155
binComputeKeys,1,26,0.000392403
binComputeKeys,1,27,0.000411858
binComputeKeys,1,28,0.000403155
binComputeKeys,1,29,0.000408275
binComputeKeys,1,30,0.000416018
binComputeKeys,1,31,0.000403411
binComputeKeys,1,32,0.000397907
binComputeKeys,1,33,0.000397939
binComputeKeys,1,34,0.000406194
binComputeKeys,1,35,0.00040677
binComputeKeys,1,36,0.000398931
binComputeKeys,1,37,0.000397746
binComputeKeys,1,38,0.000397651
binComputeKeys,1,39,0.000400242
binSortByKey,1,0,0.003708163
binSortByKey,1,1,0.003659972
binSortByKey,1,2,0.003635109
binSortByKey,1,3,0.003635077
binSortByKey,1,4,0.00369613
binSortByKey,1,5,0.006449541
binSortByKey,1,6,0.003680484
binSortByKey,1,7,0.003615493
binSortByKey,1,8,0.003682276
binSortByKey,1,9,0.00365882
binSortByKey,1,10,0.003614245
binSortByKey,1,11,0.003599526
binSortByKey,1,12,0.003697731
binSortByKey,1,13,0.003647493
binSortByKey,1,14,0.003614373
binSortByKey,1,15,0.003699171
binSortByKey,1,16,0.003706147
binSortByKey,1,17,0.003609445
binSortByKey,1,18,0.003645509
binSortByKey,1,19,0.003650404
binSortByKey,1,20,0.003691907
binSortByKey,1,21,0.003640901
binSortByKey,1,22,0.003634565
binSortByKey,1,23,0.003641605
binSortByKey,1,24,0.003740962
binSortByKey,1,25,0.003664964
binSortByKey,1,26,0.003609093
binSortByKey,1,27,0.003633445
binSortByKey,1,28,0.003693347
binSortByKey,1,29,0.003687203
binSortByKey,1,30,0.003640101
binSortByKey,1,31,0.003620069
binSortByKey,1,32,0.003676772
binSortByKey,1,33,0.003648804
binSortByKey,1,34,0.003672292
binSortByKey,1,35,0.007138223
binSortByKey,1,36,0.003672387
binSortByKey,1,37,0.00362535
binSortByKey,1,38,0.00360535
binSortByKey,1,39,0.003680932
binComputeOffsets,1,0,0.000205241
binComputeOffsets,1,1,0.000209401
binComputeOffsets,1,2,0.000199801
binComputeOffsets,1,3,0.000194425
binComputeOffsets,1,4,0.000206073
binComputeOffsets,1,5,0.000193978
binComputeOffsets,1,6,0.000205305
binComputeOffsets,1,7,0.00019561
binComputeOffsets,1,8,0.000204377
binComputeOffsets,1,9,0.000202681
binComputeOffsets,1,10,0.000196026
binComputeOffsets,1,11,0.000194681
binComputeOffsets,1,12,0.000202905
binComputeOffsets,1,13,0.000200889
binComputeOffsets,1,14,0.000192538
binComputeOffsets,1,15,0.000212281
binComputeOffsets,1,16,0.000209017
binComputeOffsets,1,17,0.000194106
binComputeOffsets,1,18,0.00019417
binComputeOffsets,1,19,0.000203737
binComputeOffsets,1,20,0.000218712
binComputeOffsets,1,21,0.000195226
binComputeOffsets,1,22,0.000191609
binComputeOffsets,1,23,0.000198425
binComputeOffsets,1,24,0.00021788
binComputeOffsets,1,25,0.000201945
binComputeOffsets,1,26,0.000196122
binComputeOffsets,1,27,0.000200345
binComputeOffsets,1,28,0.000202617
binComputeOffsets,1,29,0.000202521
binComputeOffsets,1,30,0.00019449
binComputeOffsets,1,31,0.00019465
binComputeOffsets,1,32,0.000200569
binComputeOffsets,1,33,0.000204313
binComputeOffsets,1,34,0.000206201
binComputeOffsets,1,35,0.000191034
binComputeOffsets,1,36,0.000204538
binComputeOffsets,1,37,0.000192345
binComputeOffsets,1,38,0.000193721
binComputeOffsets,1,39,0.000208632
FFTNUFFT1,1,0,0.13249683
FFTNUFFT1,1,1,0.129051698
FFTNUFFT1,1,2,0.128773114
FFTNUFFT1,1,3,0.127058134
FFTNUFFT1,1,4,0.125376399
FFTNUFFT1,1,5,0.13411527
FFTNUFFT1,1,6,0.12288877
FFTNUFFT1,1,7,0.126195123
FFTNUFFT1,1,8,0.133758067
FFTNUFFT1,1,9,0.127710431
deconvolutionNUFFT1,1,0,0.000643786
deconvolutionNUFFT1,1,1,0.000794885
deconvolutionNUFFT1,1,2,0.00065633
deconvolutionNUFFT1,1,3,0.000809605
deconvolutionNUFFT1,1,4,0.003203923
deconvolutionNUFFT1,1,5,0.000665482
deconvolutionNUFFT1,1,6,0.000806181
deconvolutionNUFFT1,1,7,0.001008254
deconvolutionNUFFT1,1,8,0.000642506
deconvolutionNUFFT1,1,9,0.00064241
GatherPIFNUFFT,1,0,0.464932847
GatherPIFNUFFT,1,1,0.467195682
GatherPIFNUFFT,1,2,0.4593435
GatherPIFNUFFT,1,3,0.461936788
GatherPIFNUFFT,1,4,0.46590395
GatherPIFNUFFT,1,5,0.450297662
GatherPIFNUFFT,1,6,0.466537688
GatherPIFNUFFT,1,7,0.463932656
GatherPIFNUFFT,1,8,0.46133665
GatherPIFNUFFT,1,9,0.465539643
NativeNUFFT2,1,0,0.154227421
NativeNUFFT2,1,1,0.154242781
NativeNUFFT2,1,2,0.15473419
NativeNUFFT2,1,3,0.155494611
NativeNUFFT2,1,4,0.152373949
NativeNUFFT2,1,5,0.154705582
NativeNUFFT2,1,6,0.153512952
NativeNUFFT2,1,7,0.153202721
NativeNUFFT2,1,8,0.150916718
NativeNUFFT2,1,9,0.155118688
NativeNUFFT2,1,10,0.144633955
NativeNUFFT2,1,11,0.15539884
NativeNUFFT2,1,12,0.151573592
NativeNUFFT2,1,13,0.154093444
NativeNUFFT2,1,14,0.157602828
NativeNUFFT2,1,15,0.147524609
NativeNUFFT2,1,16,0.148375204
NativeNUFFT2,1,17,0.152819566
NativeNUFFT2,1,18,0.155892518
NativeNUFFT2,1,19,0.154588818
NativeNUFFT2,1,20,0.153019688
NativeNUFFT2,1,21,0.150528635
NativeNUFFT2,1,22,0.151511963
NativeNUFFT2,1,23,0.158758021
NativeNUFFT2,1,24,0.154957222
NativeNUFFT2,1,25,0.154568338
NativeNUFFT2,1,26,0.150199399
NativeNUFFT2,1,27,0.158286612
NativeNUFFT2,1,28,0.15363557
NativeNUFFT2,1,29,0.152037961
PrecorrectionNUFFT2,1,0,0.001599722
PrecorrectionNUFFT2,1,1,0.002592232
PrecorrectionNUFFT2,1,2,0.002589833
PrecorrectionNUFFT2,1,3,0.001616457
PrecorrectionNUFFT2,1,4,0.002585161
PrecorrectionNUFFT2,1,5,0.002589672
PrecorrectionNUFFT2,1,6,0.001584043
PrecorrectionNUFFT2,1,7,0.002584361
PrecorrectionNUFFT2,1,8,0.002578345
PrecorrectionNUFFT2,1,9,0.00159857
PrecorrectionNUFFT2,1,10,0.00255041
PrecorrectionNUFFT2,1,11,0.002576361
PrecorrectionNUFFT2,1,12,0.00160545
PrecorrectionNUFFT2,1,13,0.002578761
PrecorrectionNUFFT2,1,14,0.002589608
PrecorrectionNUFFT2,1,15,0.002105337
PrecorrectionNUFFT2,1,16,0.00258628
PrecorrectionNUFFT2,1,17,0.002611911
PrecorrectionNUFFT2,1,18,0.001607722
PrecorrectionNUFFT2,1,19,0.002599848
PrecorrectionNUFFT2,1,20,0.002590857
PrecorrectionNUFFT2,1,21,0.001572811
PrecorrectionNUFFT2,1,22,0.002597608
PrecorrectionNUFFT2,1,23,0.002589513
PrecorrectionNUFFT2,1,24,0.001629032
PrecorrectionNUFFT2,1,25,0.002562249
PrecorrectionNUFFT2,1,26,0.002607496
PrecorrectionNUFFT2,1,27,0.001607849
PrecorrectionNUFFT2,1,28,0.002585672
PrecorrectionNUFFT2,1,29,0.002554954
FFTNUFFT2,1,0,0.125976953
FFTNUFFT2,1,1,0.131320069
FFTNUFFT2,1,2,0.124606728
FFTNUFFT2,1,3,0.129075025
FFTNUFFT2,1,4,0.124404399
FFTNUFFT2,1,5,0.131353348
FFTNUFFT2,1,6,0.13246611
FFTNUFFT2,1,7,0.132919312
FFTNUFFT2,1,8,0.13484315
FFTNUFFT2,1,9,0.129821687
FFTNUFFT2,1,10,0.11749641
FFTNUFFT2,1,11,0.126342926
FFTNUFFT2,1,12,0.1341066
FFTNUFFT2,1,13,0.133381887
FFTNUFFT2,1,14,0.12840116
FFTNUFFT2,1,15,0.120418646
FFTNUFFT2,1,16,0.123887681
FFTNUFFT2,1,17,0.119963558
FFTNUFFT2,1,18,0.131029102
FFTNUFFT2,1,19,0.13786164
FFTNUFFT2,1,20,0.126920635
FFTNUFFT2,1,21,0.123577164
FFTNUFFT2,1,22,0.129925972
FFTNUFFT2,1,23,0.137497333
FFTNUFFT2,1,24,0.12994914
FFTNUFFT2,1,25,0.125364335
FFTNUFFT2,1,26,0.130120718
FFTNUFFT2,1,27,0.131253543
FFTNUFFT2,1,28,0.129171246
FFTNUFFT2,1,29,0.126185778
GatherNUFFT2,1,0,0.020440109
GatherNUFFT2,1,1,0.014258653
GatherNUFFT2,1,2,0.021268657
GatherNUFFT2,1,3,0.018715846
GatherNUFFT2,1,4,0.019130745
GatherNUFFT2,1,5,0.014675343
GatherNUFFT2,1,6,0.013403355
GatherNUFFT2,1,7,0.011437085
GatherNUFFT2,1,8,0.007252938
GatherNUFFT2,1,9,0.017436338
GatherNUFFT2,1,10,0.018311476
GatherNUFFT2,1,11,0.020230005
GatherNUFFT2,1,12,0.009753685
GatherNUFFT2,1,13,0.012057993
GatherNUFFT2,1,14,0.016514481
GatherNUFFT2,1,15,0.018737894
GatherNUFFT2,1,16,0.015614479
GatherNUFFT2,1,17,0.023998484
GatherNUFFT2,1,18,0.01698701
GatherNUFFT2,1,19,0.008019729
GatherNUFFT2,1,20,0.017220698
GatherNUFFT2,1,21,0.019123544
GatherNUFFT2,1,22,0.012833262
GatherNUFFT2,1,23,0.012542135
GatherNUFFT2,1,24,0.017195227
GatherNUFFT2,1,25,0.020361007
GatherNUFFT2,1,26,0.011207077
GatherNUFFT2,1,27,0.019172632
GatherNUFFT2,1,28,0.015782281
GatherNUFFT2,1,29,0.01705984
mainTimer,2,0,7.524177549
dumpData,2,0,0.010399039
dumpData,2,1,0.006845145
dumpData,2,2,0.007260779
dumpData,2,3,0.009615066
dumpData,2,4,0.008336262
dumpData,2,5,0.007800184
dumpData,2,6,0.007901812
dumpData,2,7,0.008538015
dumpData,2,8,0.008849748
dumpData,2,9,0.008063055
kick,2,0,4.083e-05
kick,2,1,1.232e-05
kick,2,2,5.0174e-05
kick,2,3,1.0687e-05
kick,2,4,3.7503e-05
kick,2,5,1.5071e-05
kick,2,6,4.2111e-05
kick,2,7,1.744e-05
kick,2,8,4.5406e-05
kick,2,9,8.991e-06
kick,2,10,3.9358e-05
kick,2,11,1.5039e-05
kick,2,12,3.8975e-05
kick,2,13,1.1584e-05
kick,2,14,4.4254e-05
kick,2,15,1.9903e-05
kick,2,16,4.4414e-05
kick,2,17,1.536e-05
kick,2,18,4.6302e-05
kick,2,19,1.504e-05
drift,2,0,8.064e-06
drift,2,1,7.872e-06
drift,2,2,8.576e-06
drift,2,3,6.08e-06
drift,2,4,5.312e-06
drift,2,5,6.848e-06
drift,2,6,5.631e-06
drift,2,7,5.952e-06
drift,2,8,6.496e-06
drift,2,9,4.896e-06
particleBC,2,0,1.0848e-05
particleBC,2,1,1.0816e-05
particleBC,2,2,1.1583e-05
particleBC,2,3,1.0431e-05
particleBC,2,4,1.0848e-05
particleBC,2,5,1.0112e-05
particleBC,2,6,1.2064e-05
particleBC,2,7,1.184e-05
particleBC,2,8,1.1072e-05
particleBC,2,9,1.0176e-05
updateParticle,2,0,0.178484074
updateParticle,2,1,0.009644985
updateParticle,2,2,0.117723698
updateParticle,2,3,0.009600795
updateParticle,2,4,0.009496158
updateParticle,2,5,0.06633014
updateParticle,2,6,0.00951267
updateParticle,2,7,0.064499513
updateParticle,2,8,0.009507391
updateParticle,2,9,0.009447104
locateParticles,2,0,0.003847038
locateParticles,2,1,0.003841054
locateParticles,2,2,0.003823679
locateParticles,2,3,0.003823103
locateParticles,2,4,0.003825694
locateParticles,2,5,0.003823198
locateParticles,2,6,0.003821823
locateParticles,2,7,0.00382515
locateParticles,2,8,0.003828734
locateParticles,2,9,0.003811935
sendPreprocess,2,0,0.000487247
sendPreprocess,2,1,0.000526766
sendPreprocess,2,2,0.000564845
sendPreprocess,2,3,0.000563437
sendPreprocess,2,4,0.000572909
sendPreprocess,2,5,0.000550605
sendPreprocess,2,6,0.000561261
sendPreprocess,2,7,0.000560781
sendPreprocess,2,8,0.000599628
sendPreprocess,2,9,0.000553581
particleSend,2,0,0.001128666
particleSend,2,1,0.001092315
particleSend,2,2,0.00114057
particleSend,2,3,0.001124922
particleSend,2,4,0.001159608
particleSend,2,5,0.001139706
particleSend,2,6,0.001211863
particleSend,2,7,0.001148313
particleSend,2,8,0.001131162
particleSend,2,9,0.001151513
particleRecv,2,0,4.3167e-05
particleRecv,2,1,5.6478e-05
particleRecv,2,2,4.7614e-05
particleRecv,2,3,4.3678e-05
particleRecv,2,4,3.8207e-05
particleRecv,2,5,4.2878e-05
particleRecv,2,6,3.9454e-05
particleRecv,2,7,4.659e-05
particleRecv,2,8,3.763e-05
particleRecv,2,9,4.4863e-05
particleDestroy,2,0,0.002854112
particleDestroy,2,1,0.002852639
particleDestroy,2,2,0.002865791
particleDestroy,2,3,0.002853535
particleDestroy,2,4,0.002845184
particleDestroy,2,5,0.00284784
particleDestroy,2,6,0.002848544
particleDestroy,2,7,0.002850368
particleDestroy,2,8,0.002856256
particleDestroy,2,9,0.002870751
ScatterPIFNUFFT,2,0,0.18903655
ScatterPIFNUFFT,2,1,1.696e-05
ScatterPIFNUFFT,2,2,0.303588354
ScatterPIFNUFFT,2,3,4.4223e-05
ScatterPIFNUFFT,2,4,0.152732752
ScatterPIFNUFFT,2,5,1.4144e-05
ScatterPIFNUFFT,2,6,0.266284112
ScatterPIFNUFFT,2,7,3.6254e-05
ScatterPIFNUFFT,2,8,0.260461877
ScatterPIFNUFFT,2,9,2.3871e-05
ScatterPIFNUFFT,2,10,0.252498689
ScatterPIFNUFFT,2,11,2.3423e-05
ScatterPIFNUFFT,2,12,0.202395136
ScatterPIFNUFFT,2,13,1.472e-05
ScatterPIFNUFFT,2,14,0.211512813
ScatterPIFNUFFT,2,15,4.4063e-05
ScatterPIFNUFFT,2,16,0.206589299
ScatterPIFNUFFT,2,17,1.3855e-05
ScatterPIFNUFFT,2,18,0.206424568
ScatterPIFNUFFT,2,19,1.8527e-05
NativeNUFFT1,2,0,0.184532286
NativeNUFFT1,2,1,0.29915276
NativeNUFFT1,2,2,0.148294119
NativeNUFFT1,2,3,0.261833254
NativeNUFFT1,2,4,0.256970091
NativeNUFFT1,2,5,0.247819935
NativeNUFFT1,2,6,0.193236535
NativeNUFFT1,2,7,0.207088835
NativeNUFFT1,2,8,0.202137801
NativeNUFFT1,2,9,0.202007501
scatterTimerNUFFT1,2,0,0.050818921
scatterTimerNUFFT1,2,1,0.168361152
scatterTimerNUFFT1,2,2,0.023896056
scatterTimerNUFFT1,2,3,0.128382313
scatterTimerNUFFT1,2,4,0.128310123
scatterTimerNUFFT1,2,5,0.12608207
scatterTimerNUFFT1,2,6,0.070009984
scatterTimerNUFFT1,2,7,0.081284162
scatterTimerNUFFT1,2,8,0.076905718
scatterTimerNUFFT1,2,9,0.077457028
binSort,2,0,0.004335086
binSort,2,1,0.004323182
binSort,2,2,0.004221777
binSort,2,3,0.004234545
binSort,2,4,0.004301518
binSort,2,5,0.004343821
binSort,2,6,0.004271439
binSort,2,7,0.004269648
binSort,2,8,0.004331758
binSort,2,9,0.004289263
binSort,2,10,0.00427256
binSort,2,11,0.004242672
binSort,2,12,0.004297262
binSort,2,13,0.004276336
binSort,2,14,0.004225553
binSort,2,15,0.004301359
binSort,2,16,0.004318958
binSort,2,17,0.004255856
binSort,2,18,0.004296623
binSort,2,19,0.004258608
binSort,2,20,0.004327405
binSort,2,21,0.004192498
binSort,2,22,0.004326926
binSort,2,23,0.004230032
binSort,2,24,0.004364045
binSort,2,25,0.004277871
binSort,2,26,0.004225105
binSort,2,27,0.004185203
binSort,2,28,0.004282767
binSort,2,29,0.004288046
binSort,2,30,0.004264016
binSort,2,31,0.004280111
binSort,2,32,0.00430571
binSort,2,33,0.00430219
binSort,2,34,0.004323214
binSort,2,35,0.0042412
binSort,2,36,0.004314062
binSort,2,37,0.004242097
binSort,2,38,0.004243472
binSort,2,39,0.004305678
binComputeKeys,2,0,0.000415634
binComputeKeys,2,1,0.000396466
binComputeKeys,2,2,0.00040213
binComputeKeys,2,3,0.000401554
binComputeKeys,2,4,0.000402994
binComputeKeys,2,5,0.000403475
binComputeKeys,2,6,0.000426737
binComputeKeys,2,7,0.000406131
binComputeKeys,2,8,0.000407954
binComputeKeys,2,9,0.000426802
binComputeKeys,2,10,0.00041221
binComputeKeys,2,11,0.00039573
binComputeKeys,2,12,0.000407314
binComputeKeys,2,13,0.000403218
binComputeKeys,2,14,0.000396403
binComputeKeys,2,15,0.000417682
binComputeKeys,2,16,0.000399634
binComputeKeys,2,17,0.000402931
binComputeKeys,2,18,0.000407506
binComputeKeys,2,19,0.000407378
binComputeKeys,2,20,0.00041861
binComputeKeys,2,21,0.00039509
binComputeKeys,2,22,0.000402003
binComputeKeys,2,23,0.000406482
binComputeKeys,2,24,0.000420946
binComputeKeys,2,25,0.000397138
binComputeKeys,2,26,0.000397107
binComputeKeys,2,27,0.000390931
binComputeKeys,2,28,0.00040085
binComputeKeys,2,29,0.000414961
binComputeKeys,2,30,0.000393715
binComputeKeys,2,31,0.00041109
binComputeKeys,2,32,0.00040325
binComputeKeys,2,33,0.00040437
binComputeKeys,2,34,0.000415986
binComputeKeys,2,35,0.00041109
binComputeKeys,2,36,0.000410002
binComputeKeys,2,37,0.000395123
binComputeKeys,2,38,0.00041669
binComputeKeys,2,39,0.000396211
binSortByKey,2,0,0.003712707
binSortByKey,2,1,0.00370266
binSortByKey,2,2,0.003627685
binSortByKey,2,3,0.003639845
binSortByKey,2,4,0.003691459
binSortByKey,2,5,0.003721986
binSortByKey,2,6,0.003648325
binSortByKey,2,7,0.00365978
binSortByKey,2,8,0.003720674
binSortByKey,2,9,0.003658884
binSortByKey,2,10,0.003656964
binSortByKey,2,11,0.003645701
binSortByKey,2,12,0.003685539
binSortByKey,2,13,0.003660549
binSortByKey,2,14,0.003628357
binSortByKey,2,15,0.003673828
binSortByKey,2,16,0.003700739
binSortByKey,2,17,0.003652068
binSortByKey,2,18,0.00367562
binSortByKey,2,19,0.003646821
binSortByKey,2,20,0.003692131
binSortByKey,2,21,0.003607942
binSortByKey,2,22,0.003710786
binSortByKey,2,23,0.003629669
binSortByKey,2,24,0.003726082
binSortByKey,2,25,0.003674916
binSortByKey,2,26,0.003628389
binSortByKey,2,27,0.003603622
binSortByKey,2,28,0.00368186
binSortByKey,2,29,0.003666692
binSortByKey,2,30,0.00366922
binSortByKey,2,31,0.003666116
binSortByKey,2,32,0.003697155
binSortByKey,2,33,0.003687587
binSortByKey,2,34,0.00370349
binSortByKey,2,35,0.003628133
binSortByKey,2,36,0.003696035
binSortByKey,2,37,0.003642853
binSortByKey,2,38,0.003626661
binSortByKey,2,39,0.003687331
binComputeOffsets,2,0,0.000202393
binComputeOffsets,2,1,0.000221849
binComputeOffsets,2,2,0.000191002
binComputeOffsets,2,3,0.000192378
binComputeOffsets,2,4,0.000203993
binComputeOffsets,2,5,0.000217144
binComputeOffsets,2,6,0.000193082
binComputeOffsets,2,7,0.000202425
binComputeOffsets,2,8,0.000199514
binComputeOffsets,2,9,0.000202649
binComputeOffsets,2,10,0.000200346
binComputeOffsets,2,11,0.000198361
binComputeOffsets,2,12,0.000201689
binComputeOffsets,2,13,0.000211897
binComputeOffsets,2,14,0.000199097
binComputeOffsets,2,15,0.000208281
binComputeOffsets,2,16,0.000212377
binComputeOffsets,2,17,0.000198265
binComputeOffsets,2,18,0.000211737
binComputeOffsets,2,19,0.000200857
binComputeOffsets,2,20,0.000214232
binComputeOffsets,2,21,0.00018905
binComputeOffsets,2,22,0.000211993
binComputeOffsets,2,23,0.000193113
binComputeOffsets,2,24,0.000213977
binComputeOffsets,2,25,0.000204249
binComputeOffsets,2,26,0.000197369
binComputeOffsets,2,27,0.000190138
binComputeOffsets,2,28,0.000196857
binComputeOffsets,2,29,0.000204697
binComputeOffsets,2,30,0.000199673
binComputeOffsets,2,31,0.000201113
binComputeOffsets,2,32,0.000197881
binComputeOffsets,2,33,0.000207673
binComputeOffsets,2,34,0.000199034
binComputeOffsets,2,35,0.000200217
binComputeOffsets,2,36,0.000204825
binComputeOffsets,2,37,0.000202713
binComputeOffsets,2,38,0.000198457
binComputeOffsets,2,39,0.000219608
FFTNUFFT1,2,0,0.13288744
FFTNUFFT1,2,1,0.130116078
FFTNUFFT1,2,2,0.123730821
FFTNUFFT1,2,3,0.132641241
FFTNUFFT1,2,4,0.127988982
FFTNUFFT1,2,5,0.120937124
FFTNUFFT1,2,6,0.122407122
FFTNUFFT1,2,7,0.124966621
FFTNUFFT1,2,8,0.124422383
FFTNUFFT1,2,9,0.123723557
deconvolutionNUFFT1,2,0,0.000820837
deconvolutionNUFFT1,2,1,0.000671786
deconvolutionNUFFT1,2,2,0.00066273
deconvolutionNUFFT1,2,3,0.00080554
deconvolutionNUFFT1,2,4,0.000663466
deconvolutionNUFFT1,2,5,0.000797733
deconvolutionNUFFT1,2,6,0.000815237
deconvolutionNUFFT1,2,7,0.000833924
deconvolutionNUFFT1,2,8,0.000802628
deconvolutionNUFFT1,2,9,0.00082186
GatherPIFNUFFT,2,0,0.464993421
GatherPIFNUFFT,2,1,0.46672741
GatherPIFNUFFT,2,2,0.467454233
GatherPIFNUFFT,2,3,0.456484365
GatherPIFNUFFT,2,4,0.464554364
GatherPIFNUFFT,2,5,0.464780021
GatherPIFNUFFT,2,6,0.469991557
GatherPIFNUFFT,2,7,0.463168426
GatherPIFNUFFT,2,8,0.469338682
GatherPIFNUFFT,2,9,0.471060544
NativeNUFFT2,2,0,0.156079839
NativeNUFFT2,2,1,0.154046532
NativeNUFFT2,2,2,0.152712658
NativeNUFFT2,2,3,0.157647979
NativeNUFFT2,2,4,0.152293824
NativeNUFFT2,2,5,0.153718095
NativeNUFFT2,2,6,0.160533834
NativeNUFFT2,2,7,0.152465657
NativeNUFFT2,2,8,0.152882667
NativeNUFFT2,2,9,0.151024202
NativeNUFFT2,2,10,0.149925584
NativeNUFFT2,2,11,0.153829485
NativeNUFFT2,2,12,0.151951659
NativeNUFFT2,2,13,0.155694318
NativeNUFFT2,2,14,0.153769997
NativeNUFFT2,2,15,0.158680425
NativeNUFFT2,2,16,0.149705623
NativeNUFFT2,2,17,0.154729006
NativeNUFFT2,2,18,0.161637636
NativeNUFFT2,2,19,0.15381534
NativeNUFFT2,2,20,0.15294561
NativeNUFFT2,2,21,0.151559577
NativeNUFFT2,2,22,0.150752149
NativeNUFFT2,2,23,0.157585612
NativeNUFFT2,2,24,0.161427211
NativeNUFFT2,2,25,0.156030465
NativeNUFFT2,2,26,0.150245957
NativeNUFFT2,2,27,0.163766492
NativeNUFFT2,2,28,0.15169026
NativeNUFFT2,2,29,0.154060421
PrecorrectionNUFFT2,2,0,0.001632041
PrecorrectionNUFFT2,2,1,0.002573481
PrecorrectionNUFFT2,2,2,0.002594793
PrecorrectionNUFFT2,2,3,0.001613001
PrecorrectionNUFFT2,2,4,0.002562057
PrecorrectionNUFFT2,2,5,0.002580137
PrecorrectionNUFFT2,2,6,0.001624265
PrecorrectionNUFFT2,2,7,0.002597352
PrecorrectionNUFFT2,2,8,0.002612071
PrecorrectionNUFFT2,2,9,0.001603114
PrecorrectionNUFFT2,2,10,0.002581705
PrecorrectionNUFFT2,2,11,0.002596201
PrecorrectionNUFFT2,2,12,0.001606954
PrecorrectionNUFFT2,2,13,0.002586889
PrecorrectionNUFFT2,2,14,0.002569641
PrecorrectionNUFFT2,2,15,0.001601034
PrecorrectionNUFFT2,2,16,0.002581928
PrecorrectionNUFFT2,2,17,0.002600424
PrecorrectionNUFFT2,2,18,0.00162433
PrecorrectionNUFFT2,2,19,0.00256161
PrecorrectionNUFFT2,2,20,0.002571977
PrecorrectionNUFFT2,2,21,0.001626249
PrecorrectionNUFFT2,2,22,0.002576873
PrecorrectionNUFFT2,2,23,0.002586472
PrecorrectionNUFFT2,2,24,0.001590282
PrecorrectionNUFFT2,2,25,0.002581673
PrecorrectionNUFFT2,2,26,0.002610855
PrecorrectionNUFFT2,2,27,0.001595306
PrecorrectionNUFFT2,2,28,0.002605096
PrecorrectionNUFFT2,2,29,0.002590793
FFTNUFFT2,2,0,0.126564294
FFTNUFFT2,2,1,0.132847218
FFTNUFFT2,2,2,0.126661891
FFTNUFFT2,2,3,0.129790745
FFTNUFFT2,2,4,0.124759266
FFTNUFFT2,2,5,0.126802302
FFTNUFFT2,2,6,0.135888171
FFTNUFFT2,2,7,0.133210374
FFTNUFFT2,2,8,0.133158599
FFTNUFFT2,2,9,0.12307142
FFTNUFFT2,2,10,0.121225627
FFTNUFFT2,2,11,0.126985272
FFTNUFFT2,2,12,0.123088189
FFTNUFFT2,2,13,0.130682236
FFTNUFFT2,2,14,0.124540778
FFTNUFFT2,2,15,0.137511381
FFTNUFFT2,2,16,0.124815169
FFTNUFFT2,2,17,0.120804233
FFTNUFFT2,2,18,0.132242022
FFTNUFFT2,2,19,0.13301966
FFTNUFFT2,2,20,0.135665234
FFTNUFFT2,2,21,0.124234198
FFTNUFFT2,2,22,0.134278146
FFTNUFFT2,2,23,0.136497718
FFTNUFFT2,2,24,0.138088864
FFTNUFFT2,2,25,0.127870043
FFTNUFFT2,2,26,0.127212817
FFTNUFFT2,2,27,0.13428448
FFTNUFFT2,2,28,0.121521073
FFTNUFFT2,2,29,0.126536967
GatherNUFFT2,2,0,0.021551528
GatherNUFFT2,2,1,0.012297472
GatherNUFFT2,2,2,0.017274745
GatherNUFFT2,2,3,0.019916989
GatherNUFFT2,2,4,0.018683561
GatherNUFFT2,2,5,0.018036189
GatherNUFFT2,2,6,0.016685036
GatherNUFFT2,2,7,0.010508284
GatherNUFFT2,2,8,0.010806482
GatherNUFFT2,2,9,0.02022354
GatherNUFFT2,2,10,0.019978939
GatherNUFFT2,2,11,0.017951105
GatherNUFFT2,2,12,0.02094681
GatherNUFFT2,2,13,0.016274907
GatherNUFFT2,2,14,0.020494347
GatherNUFFT2,2,15,0.013259711
GatherNUFFT2,2,16,0.016001378
GatherNUFFT2,2,17,0.025013074
GatherNUFFT2,2,18,0.021492266
GatherNUFFT2,2,19,0.012116326
GatherNUFFT2,2,20,0.008550559
GatherNUFFT2,2,21,0.019396239
GatherNUFFT2,2,22,0.00776489
GatherNUFFT2,2,23,0.01236147
GatherNUFFT2,2,24,0.015434999
GatherNUFFT2,2,25,0.019293427
GatherNUFFT2,2,26,0.014086659
GatherNUFFT2,2,27,0.021580231
GatherNUFFT2,2,28,0.021226193
GatherNUFFT2,2,29,0.018801573
mainTimer,3,0,7.524182445
dumpData,3,0,0.009848626
dumpData,3,1,0.008736696
dumpData,3,2,0.009575356
dumpData,3,3,0.009019087
dumpData,3,4,0.010600089
dumpData,3,5,0.010061227
dumpData,3,6,0.008501312
dumpData,3,7,0.009118283
dumpData,3,8,0.007824791
dumpData,3,9,0.008518144
kick,3,0,4.9214e-05
kick,3,1,1.392e-05
kick,3,2,4.6014e-05
kick,3,3,1.3855e-05
kick,3,4,3.6671e-05
kick,3,5,1.6416e-05
kick,3,6,4.0671e-05
kick,3,7,1.1968e-05
kick,3,8,4.0382e-05
kick,3,9,1.1872e-05
kick,3,10,4.0446e-05
kick,3,11,1.1744e-05
kick,3,12,3.5871e-05
kick,3,13,1.584e-05
kick,3,14,4.3198e-05
kick,3,15,1.3152e-05
kick,3,16,3.9358e-05
kick,3,17,1.1392e-05
kick,3,18,4.3583e-05
kick,3,19,1.2799e-05
drift,3,0,5.888e-06
drift,3,1,6.304e-06
drift,3,2,7.2e-06
drift,3,3,5.728e-06
drift,3,4,7.68e-06
drift,3,5,6.848e-06
drift,3,6,5.535e-06
drift,3,7,6.08e-06
drift,3,8,5.728e-06
drift,3,9,6.783e-06
particleBC,3,0,9.76e-06
particleBC,3,1,1.0848e-05
particleBC,3,2,1.1647e-05
particleBC,3,3,1.1615e-05
particleBC,3,4,1.0048e-05
particleBC,3,5,1.1008e-05
particleBC,3,6,1.0304e-05
particleBC,3,7,1.2896e-05
particleBC,3,8,1.0592e-05
particleBC,3,9,1.1872e-05
updateParticle,3,0,0.178530888
updateParticle,3,1,0.009554844
updateParticle,3,2,0.117864365
updateParticle,3,3,0.009619739
updateParticle,3,4,0.009476127
updateParticle,3,5,0.066422361
updateParticle,3,6,0.009487519
updateParticle,3,7,0.064414684
updateParticle,3,8,0.009516766
updateParticle,3,9,0.009452256
locateParticles,3,0,0.003662372
locateParticles,3,1,0.003667972
locateParticles,3,2,0.003661669
locateParticles,3,3,0.003669668
locateParticles,3,4,0.003670371
locateParticles,3,5,0.003655652
locateParticles,3,6,0.003688611
locateParticles,3,7,0.003669028
locateParticles,3,8,0.003683011
locateParticles,3,9,0.003684867
sendPreprocess,3,0,0.000671273
sendPreprocess,3,1,0.000702152
sendPreprocess,3,2,0.000728007
sendPreprocess,3,3,0.000718088
sendPreprocess,3,4,0.000730728
sendPreprocess,3,5,0.000719175
sendPreprocess,3,6,0.000696841
sendPreprocess,3,7,0.00071652
sendPreprocess,3,8,0.000748743
sendPreprocess,3,9,0.000681737
particleSend,3,0,0.001092668
particleSend,3,1,0.001093435
particleSend,3,2,0.001148025
particleSend,3,3,0.001120922
particleSend,3,4,0.001083195
particleSend,3,5,0.001128218
particleSend,3,6,0.001140793
particleSend,3,7,0.001093595
particleSend,3,8,0.001116986
particleSend,3,9,0.001170616
particleRecv,3,0,4.8382e-05
particleRecv,3,1,4.8766e-05
particleRecv,3,2,4.1343e-05
particleRecv,3,3,4.4894e-05
particleRecv,3,4,4.291e-05
particleRecv,3,5,4.1695e-05
particleRecv,3,6,4.787e-05
particleRecv,3,7,4.8158e-05
particleRecv,3,8,4.883e-05
particleRecv,3,9,3.7119e-05
particleDestroy,3,0,0.002758563
particleDestroy,3,1,0.002775042
particleDestroy,3,2,0.002783714
particleDestroy,3,3,0.002778146
particleDestroy,3,4,0.002781698
particleDestroy,3,5,0.002769058
particleDestroy,3,6,0.002795138
particleDestroy,3,7,0.002802945
particleDestroy,3,8,0.002782914
particleDestroy,3,9,0.002781538
ScatterPIFNUFFT,3,0,0.19376183
ScatterPIFNUFFT,3,1,4.0927e-05
ScatterPIFNUFFT,3,2,0.302200561
ScatterPIFNUFFT,3,3,2.9695e-05
ScatterPIFNUFFT,3,4,0.156968513
ScatterPIFNUFFT,3,5,3.1391e-05
ScatterPIFNUFFT,3,6,0.261253722
ScatterPIFNUFFT,3,7,2.4863e-05
ScatterPIFNUFFT,3,8,0.259444151
ScatterPIFNUFFT,3,9,2.8703e-05
ScatterPIFNUFFT,3,10,0.264661126
ScatterPIFNUFFT,3,11,2.8768e-05
ScatterPIFNUFFT,3,12,0.204237123
ScatterPIFNUFFT,3,13,3.3182e-05
ScatterPIFNUFFT,3,14,0.215491495
ScatterPIFNUFFT,3,15,2.7615e-05
ScatterPIFNUFFT,3,16,0.217521633
ScatterPIFNUFFT,3,17,2.4031e-05
ScatterPIFNUFFT,3,18,0.217509441
ScatterPIFNUFFT,3,19,1.9263e-05
NativeNUFFT1,3,0,0.18920128
NativeNUFFT1,3,1,0.297740712
NativeNUFFT1,3,2,0.152584982
NativeNUFFT1,3,3,0.256717652
NativeNUFFT1,3,4,0.254808981
NativeNUFFT1,3,5,0.261288729
NativeNUFFT1,3,6,0.202747956
NativeNUFFT1,3,7,0.211064412
NativeNUFFT1,3,8,0.21308927
NativeNUFFT1,3,9,0.213038745
scatterTimerNUFFT1,3,0,0.051943299
scatterTimerNUFFT1,3,1,0.16802302
scatterTimerNUFFT1,3,2,0.024999699
scatterTimerNUFFT1,3,3,0.128701726
scatterTimerNUFFT1,3,4,0.127707424
scatterTimerNUFFT1,3,5,0.126461962
scatterTimerNUFFT1,3,6,0.078223274
scatterTimerNUFFT1,3,7,0.080315715
scatterTimerNUFFT1,3,8,0.075445319
scatterTimerNUFFT1,3,9,0.07780348
binSort,3,0,0.004108565
binSort,3,1,0.004092566
binSort,3,2,0.00402524
binSort,3,3,0.003970586
binSort,3,4,0.00411906
binSort,3,5,0.004058839
binSort,3,6,0.004051671
binSort,3,7,0.003998872
binSort,3,8,0.004108117
binSort,3,9,0.003988345
binSort,3,10,0.004054902
binSort,3,11,0.003973689
binSort,3,12,0.004055191
binSort,3,13,0.003976762
binSort,3,14,0.004013336
binSort,3,15,0.004019192
binSort,3,16,0.004053015
binSort,3,17,0.004019544
binSort,3,18,0.004022648
binSort,3,19,0.003981273
binSort,3,20,0.004099029
binSort,3,21,0.003983289
binSort,3,22,0.004018327
binSort,3,23,0.003964537
binSort,3,24,0.003966362
binSort,3,25,0.003972601
binSort,3,26,0.00403692
binSort,3,27,0.004024983
binSort,3,28,0.004129716
binSort,3,29,0.004001881
binSort,3,30,0.004038615
binSort,3,31,0.004032823
binSort,3,32,0.004107893
binSort,3,33,0.003997401
binSort,3,34,0.004062647
binSort,3,35,0.003980537
binSort,3,36,0.004119061
binSort,3,37,0.004019832
binSort,3,38,0.003998232
binSort,3,39,0.004046839
binComputeKeys,3,0,0.000380627
binComputeKeys,3,1,0.000393171
binComputeKeys,3,2,0.00037442
binComputeKeys,3,3,0.000378131
binComputeKeys,3,4,0.000387506
binComputeKeys,3,5,0.000400179
binComputeKeys,3,6,0.000376915
binComputeKeys,3,7,0.000375091
binComputeKeys,3,8,0.000387891
binComputeKeys,3,9,0.000378867
binComputeKeys,3,10,0.00037586
binComputeKeys,3,11,0.000369523
binComputeKeys,3,12,0.000373204
binComputeKeys,3,13,0.000381588
binComputeKeys,3,14,0.000370515
binComputeKeys,3,15,0.000388786
binComputeKeys,3,16,0.000383315
binComputeKeys,3,17,0.000375891
binComputeKeys,3,18,0.000385171
binComputeKeys,3,19,0.000376595
binComputeKeys,3,20,0.000379283
binComputeKeys,3,21,0.000377235
binComputeKeys,3,22,0.000385266
binComputeKeys,3,23,0.000371603
binComputeKeys,3,24,0.000368084
binComputeKeys,3,25,0.000375219
binComputeKeys,3,26,0.000371316
binComputeKeys,3,27,0.000377939
binComputeKeys,3,28,0.000386035
binComputeKeys,3,29,0.000399827
binComputeKeys,3,30,0.000385171
binComputeKeys,3,31,0.000382995
binComputeKeys,3,32,0.000381619
binComputeKeys,3,33,0.000375635
binComputeKeys,3,34,0.000373043
binComputeKeys,3,35,0.000372403
binComputeKeys,3,36,0.000381363
binComputeKeys,3,37,0.000375251
binComputeKeys,3,38,0.000372403
binComputeKeys,3,39,0.000392211
binSortByKey,3,0,0.003522761
binSortByKey,3,1,0.003503337
binSortByKey,3,2,0.003447179
binSortByKey,3,3,0.003408237
binSortByKey,3,4,0.003525737
binSortByKey,3,5,0.003467658
binSortByKey,3,6,0.003468043
binSortByKey,3,7,0.003432556
binSortByKey,3,8,0.003517321
binSortByKey,3,9,0.003423692
binSortByKey,3,10,0.00348353
binSortByKey,3,11,0.003416716
binSortByKey,3,12,0.003480394
binSortByKey,3,13,0.003409197
binSortByKey,3,14,0.003446764
binSortByKey,3,15,0.00343774
binSortByKey,3,16,0.003464555
binSortByKey,3,17,0.003446571
binSortByKey,3,18,0.003444748
binSortByKey,3,19,0.003419564
binSortByKey,3,20,0.003516809
binSortByKey,3,21,0.003418956
binSortByKey,3,22,0.003434316
binSortByKey,3,23,0.003409036
binSortByKey,3,24,0.003413996
binSortByKey,3,25,0.003415532
binSortByKey,3,26,0.003450667
binSortByKey,3,27,0.003454699
binSortByKey,3,28,0.003542696
binSortByKey,3,29,0.003418828
binSortByKey,3,30,0.003458731
binSortByKey,3,31,0.003455499
binSortByKey,3,32,0.003526601
binSortByKey,3,33,0.003434253
binSortByKey,3,34,0.003485451
binSortByKey,3,35,0.003424813
binSortByKey,3,36,0.003531977
binSortByKey,3,37,0.003448651
binSortByKey,3,38,0.003432396
binSortByKey,3,39,0.003458283
binComputeOffsets,3,0,0.000200633
binComputeOffsets,3,1,0.000192058
binComputeOffsets,3,2,0.000201369
binComputeOffsets,3,3,0.000183162
binComputeOffsets,3,4,0.000200409
binComputeOffsets,3,5,0.000188538
binComputeOffsets,3,6,0.000204697
binComputeOffsets,3,7,0.000189241
binComputeOffsets,3,8,0.000198201
binComputeOffsets,3,9,0.000184346
binComputeOffsets,3,10,0.000193753
binComputeOffsets,3,11,0.000186618
binComputeOffsets,3,12,0.000199705
binComputeOffsets,3,13,0.000184026
binComputeOffsets,3,14,0.000194105
binComputeOffsets,3,15,0.000190298
binComputeOffsets,3,16,0.000201945
binComputeOffsets,3,17,0.000194234
binComputeOffsets,3,18,0.000190969
binComputeOffsets,3,19,0.000184282
binComputeOffsets,3,20,0.000200345
binComputeOffsets,3,21,0.00018617
binComputeOffsets,3,22,0.000196633
binComputeOffsets,3,23,0.000182586
binComputeOffsets,3,24,0.000183258
binComputeOffsets,3,25,0.000181466
binComputeOffsets,3,26,0.000213049
binComputeOffsets,3,27,0.000190649
binComputeOffsets,3,28,0.000197241
binComputeOffsets,3,29,0.000181178
binComputeOffsets,3,30,0.000192729
binComputeOffsets,3,31,0.000192345
binComputeOffsets,3,32,0.000195001
binComputeOffsets,3,33,0.000185914
binComputeOffsets,3,34,0.000201913
binComputeOffsets,3,35,0.000182585
binComputeOffsets,3,36,0.000201049
binComputeOffsets,3,37,0.000194458
binComputeOffsets,3,38,0.000191417
binComputeOffsets,3,39,0.000194681
FFTNUFFT1,3,0,0.136614259
FFTNUFFT1,3,1,0.129059698
FFTNUFFT1,3,2,0.126760927
FFTNUFFT1,3,3,0.127191506
FFTNUFFT1,3,4,0.126282896
FFTNUFFT1,3,5,0.134000906
FFTNUFFT1,3,6,0.123711878
FFTNUFFT1,3,7,0.130089199
FFTNUFFT1,3,8,0.136829163
FFTNUFFT1,3,9,0.134572823
deconvolutionNUFFT1,3,0,0.00064001
deconvolutionNUFFT1,3,1,0.000653418
deconvolutionNUFFT1,3,2,0.00081994
deconvolutionNUFFT1,3,3,0.000819717
deconvolutionNUFFT1,3,4,0.000813445
deconvolutionNUFFT1,3,5,0.000820901
deconvolutionNUFFT1,3,6,0.000809284
deconvolutionNUFFT1,3,7,0.000655818
deconvolutionNUFFT1,3,8,0.000810692
deconvolutionNUFFT1,3,9,0.000658794
GatherPIFNUFFT,3,0,0.45927595
GatherPIFNUFFT,3,1,0.467604405
GatherPIFNUFFT,3,2,0.459865083
GatherPIFNUFFT,3,3,0.461955892
GatherPIFNUFFT,3,4,0.464921872
GatherPIFNUFFT,3,5,0.451550228
GatherPIFNUFFT,3,6,0.46728608
GatherPIFNUFFT,3,7,0.460032117
GatherPIFNUFFT,3,8,0.458989977
GatherPIFNUFFT,3,9,0.459988566
NativeNUFFT2,3,0,0.148753559
NativeNUFFT2,3,1,0.154611761
NativeNUFFT2,3,2,0.154228991
NativeNUFFT2,3,3,0.158686535
NativeNUFFT2,3,4,0.152331423
NativeNUFFT2,3,5,0.15382286
NativeNUFFT2,3,6,0.154089348
NativeNUFFT2,3,7,0.152796494
NativeNUFFT2,3,8,0.150760628
NativeNUFFT2,3,9,0.155664814
NativeNUFFT2,3,10,0.151230532
NativeNUFFT2,3,11,0.152992873
NativeNUFFT2,3,12,0.154239773
NativeNUFFT2,3,13,0.153222913
NativeNUFFT2,3,14,0.153828524
NativeNUFFT2,3,15,0.147409221
NativeNUFFT2,3,16,0.148680122
NativeNUFFT2,3,17,0.152535769
NativeNUFFT2,3,18,0.156297016
NativeNUFFT2,3,19,0.15376347
NativeNUFFT2,3,20,0.154182689
NativeNUFFT2,3,21,0.148890739
NativeNUFFT2,3,22,0.152289633
NativeNUFFT2,3,23,0.157213113
NativeNUFFT2,3,24,0.150902384
NativeNUFFT2,3,25,0.156759528
NativeNUFFT2,3,26,0.149781077
NativeNUFFT2,3,27,0.151637173
NativeNUFFT2,3,28,0.152924074
NativeNUFFT2,3,29,0.153851147
PrecorrectionNUFFT2,3,0,0.001563307
PrecorrectionNUFFT2,3,1,0.002527563
PrecorrectionNUFFT2,3,2,0.002503147
PrecorrectionNUFFT2,3,3,0.001566474
PrecorrectionNUFFT2,3,4,0.002520459
PrecorrectionNUFFT2,3,5,0.002500715
PrecorrectionNUFFT2,3,6,0.001570731
PrecorrectionNUFFT2,3,7,0.002512459
PrecorrectionNUFFT2,3,8,0.002512459
PrecorrectionNUFFT2,3,9,0.001581355
PrecorrectionNUFFT2,3,10,0.002506412
PrecorrectionNUFFT2,3,11,0.002474285
PrecorrectionNUFFT2,3,12,0.00159617
PrecorrectionNUFFT2,3,13,0.00250846
PrecorrectionNUFFT2,3,14,0.002505036
PrecorrectionNUFFT2,3,15,0.001589419
PrecorrectionNUFFT2,3,16,0.002503115
PrecorrectionNUFFT2,3,17,0.002535051
PrecorrectionNUFFT2,3,18,0.00159185
PrecorrectionNUFFT2,3,19,0.002506795
PrecorrectionNUFFT2,3,20,0.002501676
PrecorrectionNUFFT2,3,21,0.001565323
PrecorrectionNUFFT2,3,22,0.002517867
PrecorrectionNUFFT2,3,23,0.00249582
PrecorrectionNUFFT2,3,24,0.001569483
PrecorrectionNUFFT2,3,25,0.002486092
PrecorrectionNUFFT2,3,26,0.00247966
PrecorrectionNUFFT2,3,27,0.001571306
PrecorrectionNUFFT2,3,28,0.002519915
PrecorrectionNUFFT2,3,29,0.002506699
FFTNUFFT2,3,0,0.123936382
FFTNUFFT2,3,1,0.128219599
FFTNUFFT2,3,2,0.136035685
FFTNUFFT2,3,3,0.134185541
FFTNUFFT2,3,4,0.123495502
FFTNUFFT2,3,5,0.131853299
FFTNUFFT2,3,6,0.13424845
FFTNUFFT2,3,7,0.133558298
FFTNUFFT2,3,8,0.129667901
FFTNUFFT2,3,9,0.131523455
FFTNUFFT2,3,10,0.129399431
FFTNUFFT2,3,11,0.126311055
FFTNUFFT2,3,12,0.13460015
FFTNUFFT2,3,13,0.133006797
FFTNUFFT2,3,14,0.13226407
FFTNUFFT2,3,15,0.117333533
FFTNUFFT2,3,16,0.124256565
FFTNUFFT2,3,17,0.131562366
FFTNUFFT2,3,18,0.139389204
FFTNUFFT2,3,19,0.127912985
FFTNUFFT2,3,20,0.127909945
FFTNUFFT2,3,21,0.123548045
FFTNUFFT2,3,22,0.130260522
FFTNUFFT2,3,23,0.135937034
FFTNUFFT2,3,24,0.129634367
FFTNUFFT2,3,25,0.124471661
FFTNUFFT2,3,26,0.121406485
FFTNUFFT2,3,27,0.130052081
FFTNUFFT2,3,28,0.128144817
FFTNUFFT2,3,29,0.127900665
GatherNUFFT2,3,0,0.017309623
GatherNUFFT2,3,1,0.017887394
GatherNUFFT2,3,2,0.009866707
GatherNUFFT2,3,3,0.017133851
GatherNUFFT2,3,4,0.020486924
GatherNUFFT2,3,5,0.013641906
GatherNUFFT2,3,6,0.012467611
GatherNUFFT2,3,7,0.01092939
GatherNUFFT2,3,8,0.012754288
GatherNUFFT2,3,9,0.016598414
GatherNUFFT2,3,10,0.01352335
GatherNUFFT2,3,11,0.018257143
GatherNUFFT2,3,12,0.012247169
GatherNUFFT2,3,13,0.0118692
GatherNUFFT2,3,14,0.013219169
GatherNUFFT2,3,15,0.022645634
GatherNUFFT2,3,16,0.015927941
GatherNUFFT2,3,17,0.012447643
GatherNUFFT2,3,18,0.009460416
GatherNUFFT2,3,19,0.01735762
GatherNUFFT2,3,20,0.017765255
GatherNUFFT2,3,21,0.017791109
GatherNUFFT2,3,22,0.013560918
GatherNUFFT2,3,23,0.012938442
GatherNUFFT2,3,24,0.013888267
GatherNUFFT2,3,25,0.023828858
GatherNUFFT2,3,26,0.019929246
GatherNUFFT2,3,27,0.014066596
GatherNUFFT2,3,28,0.016411572
GatherNUFFT2,3,29,0.01743973
mainTimer,4,0,7.524187855
dumpData,4,0,0.008704187
dumpData,4,1,0.008190541
dumpData,4,2,0.008239115
dumpData,4,3,0.009083598
dumpData,4,4,0.009553151
dumpData,4,5,0.009069168
dumpData,4,6,0.007670942
dumpData,4,7,0.008092815
dumpData,4,8,0.009875124
dumpData,4,9,0.007761499
kick,4,0,3.4238e-05
kick,4,1,1.2928e-05
kick,4,2,3.3695e-05
kick,4,3,0.000104349
kick,4,4,3.2863e-05
kick,4,5,1.2128e-05
kick,4,6,3.3247e-05
kick,4,7,1.1232e-05
kick,4,8,3.6159e-05
kick,4,9,1.1456e-05
kick,4,10,3.5423e-05
kick,4,11,9.471e-06
kick,4,12,3.1615e-05
kick,4,13,1.5648e-05
kick,4,14,3.1678e-05
kick,4,15,9.28e-06
kick,4,16,3.3215e-05
kick,4,17,1.0976e-05
kick,4,18,3.2671e-05
kick,4,19,1.0944e-05
drift,4,0,5.344e-06
drift,4,1,5.504e-06
drift,4,2,6.72e-06
drift,4,3,6.207e-06
drift,4,4,7.072e-06
drift,4,5,6.88e-06
drift,4,6,5.664e-06
drift,4,7,7.616e-06
drift,4,8,6.591e-06
drift,4,9,5.44e-06
particleBC,4,0,9.568e-06
particleBC,4,1,7.807e-06
particleBC,4,2,9.6e-06
particleBC,4,3,8.992e-06
particleBC,4,4,9.055e-06
particleBC,4,5,9.152e-06
particleBC,4,6,1.0048e-05
particleBC,4,7,8.608e-06
particleBC,4,8,9.664e-06
particleBC,4,9,9.12e-06
updateParticle,4,0,0.063440587
updateParticle,4,1,0.064577892
updateParticle,4,2,0.062974586
updateParticle,4,3,0.009390148
updateParticle,4,4,0.009355398
updateParticle,4,5,0.009311335
updateParticle,4,6,0.009568798
updateParticle,4,7,0.009419874
updateParticle,4,8,0.00938234
updateParticle,4,9,0.009303271
locateParticles,4,0,0.003783872
locateParticles,4,1,0.003779201
locateParticles,4,2,0.003786208
locateParticles,4,3,0.003773953
locateParticles,4,4,0.003782241
locateParticles,4,5,0.003759905
locateParticles,4,6,0.003751073
locateParticles,4,7,0.003760961
locateParticles,4,8,0.003774369
locateParticles,4,9,0.003784448
sendPreprocess,4,0,0.000574989
sendPreprocess,4,1,0.000610828
sendPreprocess,4,2,0.00060878
sendPreprocess,4,3,0.000617771
sendPreprocess,4,4,0.000620331
sendPreprocess,4,5,0.000618987
sendPreprocess,4,6,0.000637547
sendPreprocess,4,7,0.000640458
sendPreprocess,4,8,0.000668265
sendPreprocess,4,9,0.000594572
particleSend,4,0,0.001081148
particleSend,4,1,0.00107094
particleSend,4,2,0.001100379
particleSend,4,3,0.001155354
particleSend,4,4,0.001045597
particleSend,4,5,0.001047933
particleSend,4,6,0.001047421
particleSend,4,7,0.00113449
particleSend,4,8,0.00102691
particleSend,4,9,0.001053181
particleRecv,4,0,4.2622e-05
particleRecv,4,1,3.7246e-05
particleRecv,4,2,4.291e-05
particleRecv,4,3,3.3854e-05
particleRecv,4,4,4.1823e-05
particleRecv,4,5,4.5823e-05
particleRecv,4,6,4.483e-05
particleRecv,4,7,3.8911e-05
particleRecv,4,8,4.8318e-05
particleRecv,4,9,4.5022e-05
particleDestroy,4,0,0.002838561
particleDestroy,4,1,0.002844577
particleDestroy,4,2,0.002845089
particleDestroy,4,3,0.002832033
particleDestroy,4,4,0.002842016
particleDestroy,4,5,0.002847488
particleDestroy,4,6,0.002859968
particleDestroy,4,7,0.002835392
particleDestroy,4,8,0.002840896
particleDestroy,4,9,0.002851232
ScatterPIFNUFFT,4,0,0.308599767
ScatterPIFNUFFT,4,1,1.7503e-05
ScatterPIFNUFFT,4,2,0.248656759
ScatterPIFNUFFT,4,3,2.1568e-05
ScatterPIFNUFFT,4,4,0.217965054
ScatterPIFNUFFT,4,5,3.0975e-05
ScatterPIFNUFFT,4,6,0.270304799
ScatterPIFNUFFT,4,7,1.8207e-05
ScatterPIFNUFFT,4,8,0.25915807
ScatterPIFNUFFT,4,9,2.7807e-05
ScatterPIFNUFFT,4,10,0.316865697
ScatterPIFNUFFT,4,11,1.8175e-05
ScatterPIFNUFFT,4,12,0.21143609
ScatterPIFNUFFT,4,13,1.2031e-05
ScatterPIFNUFFT,4,14,0.271323005
ScatterPIFNUFFT,4,15,3.5199e-05
ScatterPIFNUFFT,4,16,0.219499979
ScatterPIFNUFFT,4,17,1.7952e-05
ScatterPIFNUFFT,4,18,0.215556591
ScatterPIFNUFFT,4,19,1.8463e-05
NativeNUFFT1,4,0,0.304184395
NativeNUFFT1,4,1,0.244168974
NativeNUFFT1,4,2,0.213731372
NativeNUFFT1,4,3,0.265797079
NativeNUFFT1,4,4,0.254818889
NativeNUFFT1,4,5,0.312342585
NativeNUFFT1,4,6,0.207102125
NativeNUFFT1,4,7,0.26689781
NativeNUFFT1,4,8,0.215009186
NativeNUFFT1,4,9,0.211096644
scatterTimerNUFFT1,4,0,0.166030545
scatterTimerNUFFT1,4,1,0.113084133
scatterTimerNUFFT1,4,2,0.078930273
scatterTimerNUFFT1,4,3,0.129015854
scatterTimerNUFFT1,4,4,0.128512639
scatterTimerNUFFT1,4,5,0.184140528
scatterTimerNUFFT1,4,6,0.075263166
scatterTimerNUFFT1,4,7,0.136854439
scatterTimerNUFFT1,4,8,0.076717869
scatterTimerNUFFT1,4,9,0.078052958
binSort,4,0,0.004183316
binSort,4,1,0.004178996
binSort,4,2,0.004223314
binSort,4,3,0.004205683
binSort,4,4,0.004214546
binSort,4,5,0.004238226
binSort,4,6,0.004251314
binSort,4,7,0.004190676
binSort,4,8,0.004231698
binSort,4,9,0.004242321
binSort,4,10,0.004263505
binSort,4,11,0.004262928
binSort,4,12,0.004209459
binSort,4,13,0.004267152
binSort,4,14,0.004177267
binSort,4,15,0.004208722
binSort,4,16,0.004222898
binSort,4,17,0.004238705
binSort,4,18,0.004252145
binSort,4,19,0.004204627
binSort,4,20,0.004198771
binSort,4,21,0.004197587
binSort,4,22,0.00421765
binSort,4,23,0.004245297
binSort,4,24,0.004210483
binSort,4,25,0.004199955
binSort,4,26,0.004190387
binSort,4,27,0.004234482
binSort,4,28,0.004181331
binSort,4,29,0.004284368
binSort,4,30,0.004194547
binSort,4,31,0.00422581
binSort,4,32,0.004187379
binSort,4,33,0.004190675
binSort,4,34,0.004223762
binSort,4,35,0.004220722
binSort,4,36,0.004194963
binSort,4,37,0.004195443
binSort,4,38,0.004181459
binSort,4,39,0.004223794
binComputeKeys,4,0,0.000396211
binComputeKeys,4,1,0.000394483
binComputeKeys,4,2,0.000396946
binComputeKeys,4,3,0.000393651
binComputeKeys,4,4,0.000407122
binComputeKeys,4,5,0.000409586
binComputeKeys,4,6,0.000397747
binComputeKeys,4,7,0.000389363
binComputeKeys,4,8,0.000397747
binComputeKeys,4,9,0.000395538
binComputeKeys,4,10,0.000392883
binComputeKeys,4,11,0.000397491
binComputeKeys,4,12,0.000409042
binComputeKeys,4,13,0.000395026
binComputeKeys,4,14,0.00038933
binComputeKeys,4,15,0.000409202
binComputeKeys,4,16,0.000402098
binComputeKeys,4,17,0.000401842
binComputeKeys,4,18,0.000393811
binComputeKeys,4,19,0.000394515
binComputeKeys,4,20,0.00040885
binComputeKeys,4,21,0.000392179
binComputeKeys,4,22,0.000390546
binComputeKeys,4,23,0.00040133
binComputeKeys,4,24,0.000400115
binComputeKeys,4,25,0.000394579
binComputeKeys,4,26,0.000391443
binComputeKeys,4,27,0.000391955
binComputeKeys,4,28,0.000398099
binComputeKeys,4,29,0.000392755
binComputeKeys,4,30,0.000393971
binComputeKeys,4,31,0.000415186
binComputeKeys,4,32,0.000402418
binComputeKeys,4,33,0.000393202
binComputeKeys,4,34,0.000415634
binComputeKeys,4,35,0.000402131
binComputeKeys,4,36,0.000393843
binComputeKeys,4,37,0.00039589
binComputeKeys,4,38,0.000394162
binComputeKeys,4,39,0.000402866
binSortByKey,4,0,0.003593831
binSortByKey,4,1,0.003591495
binSortByKey,4,2,0.003622375
binSortByKey,4,3,0.003613703
binSortByKey,4,4,0.003610055
binSortByKey,4,5,0.003630086
binSortByKey,4,6,0.003647845
binSortByKey,4,7,0.003605799
binSortByKey,4,8,0.003640518
binSortByKey,4,9,0.00364535
binSortByKey,4,10,0.003660453
binSortByKey,4,11,0.003661156
binSortByKey,4,12,0.003606759
binSortByKey,4,13,0.003666181
binSortByKey,4,14,0.003595048
binSortByKey,4,15,0.003606631
binSortByKey,4,16,0.003627494
binSortByKey,4,17,0.00363383
binSortByKey,4,18,0.003652709
binSortByKey,4,19,0.003614918
binSortByKey,4,20,0.003596359
binSortByKey,4,21,0.003610822
binSortByKey,4,22,0.003624615
binSortByKey,4,23,0.00364103
binSortByKey,4,24,0.00361735
binSortByKey,4,25,0.003611015
binSortByKey,4,26,0.003606727
binSortByKey,4,27,0.003637862
binSortByKey,4,28,0.003591431
binSortByKey,4,29,0.003680036
binSortByKey,4,30,0.003607654
binSortByKey,4,31,0.003616935
binSortByKey,4,32,0.003589863
binSortByKey,4,33,0.003603239
binSortByKey,4,34,0.003611303
binSortByKey,4,35,0.00361607
binSortByKey,4,36,0.003606311
binSortByKey,4,37,0.003605543
binSortByKey,4,38,0.00359364
binSortByKey,4,39,0.003627206
binComputeOffsets,4,0,0.000191994
binComputeOffsets,4,1,0.00019049
binComputeOffsets,4,2,0.000202394
binComputeOffsets,4,3,0.000195065
binComputeOffsets,4,4,0.000195513
binComputeOffsets,4,5,0.00019673
binComputeOffsets,4,6,0.000202778
binComputeOffsets,4,7,0.000192442
binComputeOffsets,4,8,0.000191769
binComputeOffsets,4,9,0.000199161
binComputeOffsets,4,10,0.000207289
binComputeOffsets,4,11,0.000201529
binComputeOffsets,4,12,0.00019177
binComputeOffsets,4,13,0.000203129
binComputeOffsets,4,14,0.00019017
binComputeOffsets,4,15,0.000189881
binComputeOffsets,4,16,0.000190298
binComputeOffsets,4,17,0.000201081
binComputeOffsets,4,18,0.000203129
binComputeOffsets,4,19,0.000193018
binComputeOffsets,4,20,0.000191258
binComputeOffsets,4,21,0.000192122
binComputeOffsets,4,22,0.000199833
binComputeOffsets,4,23,0.000199257
binComputeOffsets,4,24,0.000190714
binComputeOffsets,4,25,0.000192249
binComputeOffsets,4,26,0.000189657
binComputeOffsets,4,27,0.000200953
binComputeOffsets,4,28,0.000190521
binComputeOffsets,4,29,0.000208025
binComputeOffsets,4,30,0.000190778
binComputeOffsets,4,31,0.000191097
binComputeOffsets,4,32,0.000190874
binComputeOffsets,4,33,0.000192474
binComputeOffsets,4,34,0.000194265
binComputeOffsets,4,35,0.000200249
binComputeOffsets,4,36,0.000192505
binComputeOffsets,4,37,0.000191386
binComputeOffsets,4,38,0.00019097
binComputeOffsets,4,39,0.000191322
FFTNUFFT1,4,0,0.137320118
FFTNUFFT1,4,1,0.130353761
FFTNUFFT1,4,2,0.133965991
FFTNUFFT1,4,3,0.136130494
FFTNUFFT1,4,4,0.125517316
FFTNUFFT1,4,5,0.127366277
FFTNUFFT1,4,6,0.131027274
FFTNUFFT1,4,7,0.129220583
FFTNUFFT1,4,8,0.137639083
FFTNUFFT1,4,9,0.132367837
deconvolutionNUFFT1,4,0,0.000829924
deconvolutionNUFFT1,4,1,0.000726088
deconvolutionNUFFT1,4,2,0.000829188
deconvolutionNUFFT1,4,3,0.000646155
deconvolutionNUFFT1,4,4,0.000784262
deconvolutionNUFFT1,4,5,0.000832708
deconvolutionNUFFT1,4,6,0.000806149
deconvolutionNUFFT1,4,7,0.000819748
deconvolutionNUFFT1,4,8,0.000647178
deconvolutionNUFFT1,4,9,0.000668873
GatherPIFNUFFT,4,0,0.461695131
GatherPIFNUFFT,4,1,0.466471705
GatherPIFNUFFT,4,2,0.455083418
GatherPIFNUFFT,4,3,0.452759431
GatherPIFNUFFT,4,4,0.465641878
GatherPIFNUFFT,4,5,0.45648993
GatherPIFNUFFT,4,6,0.459675007
GatherPIFNUFFT,4,7,0.45976854
GatherPIFNUFFT,4,8,0.455495212
GatherPIFNUFFT,4,9,0.462857236
NativeNUFFT2,4,0,0.152013448
NativeNUFFT2,4,1,0.153244063
NativeNUFFT2,4,2,0.154398168
NativeNUFFT2,4,3,0.159117305
NativeNUFFT2,4,4,0.152714353
NativeNUFFT2,4,5,0.151630933
NativeNUFFT2,4,6,0.150103528
NativeNUFFT2,4,7,0.152204066
NativeNUFFT2,4,8,0.151228002
NativeNUFFT2,4,9,0.14734135
NativeNUFFT2,4,10,0.149985613
NativeNUFFT2,4,11,0.153929928
NativeNUFFT2,4,12,0.154267773
NativeNUFFT2,4,13,0.154146048
NativeNUFFT2,4,14,0.153726222
NativeNUFFT2,4,15,0.151313952
NativeNUFFT2,4,16,0.148836403
NativeNUFFT2,4,17,0.153832843
NativeNUFFT2,4,18,0.150453213
NativeNUFFT2,4,19,0.153721295
NativeNUFFT2,4,20,0.15387745
NativeNUFFT2,4,21,0.148308325
NativeNUFFT2,4,22,0.150055306
NativeNUFFT2,4,23,0.158314164
NativeNUFFT2,4,24,0.149878512
NativeNUFFT2,4,25,0.154403672
NativeNUFFT2,4,26,0.149704246
NativeNUFFT2,4,27,0.154624945
NativeNUFFT2,4,28,0.151830063
NativeNUFFT2,4,29,0.154903719
PrecorrectionNUFFT2,4,0,0.001595978
PrecorrectionNUFFT2,4,1,0.002572202
PrecorrectionNUFFT2,4,2,0.00257009
PrecorrectionNUFFT2,4,3,0.001635049
PrecorrectionNUFFT2,4,4,0.002562538
PrecorrectionNUFFT2,4,5,0.002565738
PrecorrectionNUFFT2,4,6,0.001589578
PrecorrectionNUFFT2,4,7,0.00255921
PrecorrectionNUFFT2,4,8,0.002582601
PrecorrectionNUFFT2,4,9,0.001587755
PrecorrectionNUFFT2,4,10,0.002575658
PrecorrectionNUFFT2,4,11,0.002596393
PrecorrectionNUFFT2,4,12,0.001601002
PrecorrectionNUFFT2,4,13,0.002566985
PrecorrectionNUFFT2,4,14,0.002579241
PrecorrectionNUFFT2,4,15,0.001609226
PrecorrectionNUFFT2,4,16,0.00257905
PrecorrectionNUFFT2,4,17,0.002571529
PrecorrectionNUFFT2,4,18,0.001587531
PrecorrectionNUFFT2,4,19,0.002578409
PrecorrectionNUFFT2,4,20,0.002570762
PrecorrectionNUFFT2,4,21,0.001618185
PrecorrectionNUFFT2,4,22,0.002558858
PrecorrectionNUFFT2,4,23,0.002573993
PrecorrectionNUFFT2,4,24,0.001585483
PrecorrectionNUFFT2,4,25,0.002563753
PrecorrectionNUFFT2,4,26,0.002600457
PrecorrectionNUFFT2,4,27,0.001596106
PrecorrectionNUFFT2,4,28,0.002564618
PrecorrectionNUFFT2,4,29,0.002584489
FFTNUFFT2,4,0,0.130138215
FFTNUFFT2,4,1,0.127304999
FFTNUFFT2,4,2,0.131968747
FFTNUFFT2,4,3,0.131726739
FFTNUFFT2,4,4,0.123494952
FFTNUFFT2,4,5,0.124487111
FFTNUFFT2,4,6,0.124570756
FFTNUFFT2,4,7,0.130234374
FFTNUFFT2,4,8,0.13028074
FFTNUFFT2,4,9,0.11855707
FFTNUFFT2,4,10,0.131788625
FFTNUFFT2,4,11,0.129992877
FFTNUFFT2,4,12,0.133704528
FFTNUFFT2,4,13,0.129919952
FFTNUFFT2,4,14,0.120478445
FFTNUFFT2,4,15,0.123178706
FFTNUFFT2,4,16,0.126359367
FFTNUFFT2,4,17,0.127777047
FFTNUFFT2,4,18,0.131627541
FFTNUFFT2,4,19,0.127051439
FFTNUFFT2,4,20,0.131698867
FFTNUFFT2,4,21,0.118039263
FFTNUFFT2,4,22,0.133553589
FFTNUFFT2,4,23,0.138756262
FFTNUFFT2,4,24,0.120851168
FFTNUFFT2,4,25,0.127011601
FFTNUFFT2,4,26,0.127647772
FFTNUFFT2,4,27,0.134906632
FFTNUFFT2,4,28,0.128751606
FFTNUFFT2,4,29,0.129454398
GatherNUFFT2,4,0,0.013967018
GatherNUFFT2,4,1,0.017049763
GatherNUFFT2,4,2,0.013727346
GatherNUFFT2,4,3,0.01947256
GatherNUFFT2,4,4,0.020514573
GatherNUFFT2,4,5,0.018255545
GatherNUFFT2,4,6,0.017645582
GatherNUFFT2,4,7,0.013081895
GatherNUFFT2,4,8,0.012050473
GatherNUFFT2,4,9,0.020905793
GatherNUFFT2,4,10,0.0095064
GatherNUFFT2,4,11,0.015030438
GatherNUFFT2,4,12,0.012647543
GatherNUFFT2,4,13,0.015362843
GatherNUFFT2,4,14,0.024357549
GatherNUFFT2,4,15,0.020377587
GatherNUFFT2,4,16,0.01373381
GatherNUFFT2,4,17,0.017223485
GatherNUFFT2,4,18,0.010938512
GatherNUFFT2,4,19,0.01777825
GatherNUFFT2,4,20,0.013283105
GatherNUFFT2,4,21,0.022335921
GatherNUFFT2,4,22,0.007634527
GatherNUFFT2,4,23,0.010654873
GatherNUFFT2,4,24,0.02111657
GatherNUFFT2,4,25,0.018537168
GatherNUFFT2,4,26,0.013111719
GatherNUFFT2,4,27,0.011814451
GatherNUFFT2,4,28,0.014190147
GatherNUFFT2,4,29,0.016689775
mainTimer,5,0,7.524188592
dumpData,5,0,0.009259656
dumpData,5,1,0.007696798
dumpData,5,2,0.008803416
dumpData,5,3,0.008225419
dumpData,5,4,0.011250854
dumpData,5,5,0.010595644
dumpData,5,6,0.009286952
dumpData,5,7,0.007555649
dumpData,5,8,0.008717083
dumpData,5,9,0.009723033
kick,5,0,3.2287e-05
kick,5,1,6.72e-06
kick,5,2,3.2735e-05
kick,5,3,9.087e-06
kick,5,4,3.0527e-05
kick,5,5,9.92e-06
kick,5,6,3.1231e-05
kick,5,7,9.728e-06
kick,5,8,3.6927e-05
kick,5,9,1.7759e-05
kick,5,10,3.6287e-05
kick,5,11,1.008e-05
kick,5,12,3.1583e-05
kick,5,13,1.5583e-05
kick,5,14,3.1647e-05
kick,5,15,8.864e-06
kick,5,16,3.2159e-05
kick,5,17,1.2224e-05
kick,5,18,3.4847e-05
kick,5,19,1.2192e-05
drift,5,0,6.88e-06
drift,5,1,5.92e-06
drift,5,2,8.16e-06
drift,5,3,6.08e-06
drift,5,4,7.136e-06
drift,5,5,7.008e-06
drift,5,6,7.296e-06
drift,5,7,6.624e-06
drift,5,8,6.175e-06
drift,5,9,6.528e-06
particleBC,5,0,9.92e-06
particleBC,5,1,8.703e-06
particleBC,5,2,9.568e-06
particleBC,5,3,8.864e-06
particleBC,5,4,8.191e-06
particleBC,5,5,9.376e-06
particleBC,5,6,9.92e-06
particleBC,5,7,8.832e-06
particleBC,5,8,8.896e-06
particleBC,5,9,9.696e-06
updateParticle,5,0,0.063454699
updateParticle,5,1,0.064680225
updateParticle,5,2,0.062902301
updateParticle,5,3,0.009409764
updateParticle,5,4,0.00940426
updateParticle,5,5,0.009325382
updateParticle,5,6,0.009630652
updateParticle,5,7,0.009405955
updateParticle,5,8,0.009394916
updateParticle,5,9,0.00938202
locateParticles,5,0,0.003613286
locateParticles,5,1,0.003635526
locateParticles,5,2,0.003610278
locateParticles,5,3,0.003627142
locateParticles,5,4,0.003614215
locateParticles,5,5,0.00360199
locateParticles,5,6,0.003614406
locateParticles,5,7,0.003631365
locateParticles,5,8,0.00362279
locateParticles,5,9,0.00363799
sendPreprocess,5,0,0.000745319
sendPreprocess,5,1,0.000755911
sendPreprocess,5,2,0.000784806
sendPreprocess,5,3,0.000766502
sendPreprocess,5,4,0.000787237
sendPreprocess,5,5,0.000775494
sendPreprocess,5,6,0.000773446
sendPreprocess,5,7,0.00076967
sendPreprocess,5,8,0.000819844
sendPreprocess,5,9,0.000739911
particleSend,5,0,0.001107227
particleSend,5,1,0.001100379
particleSend,5,2,0.001061788
particleSend,5,3,0.001126106
particleSend,5,4,0.001045021
particleSend,5,5,0.00112857
particleSend,5,6,0.001182872
particleSend,5,7,0.001182072
particleSend,5,8,0.001126938
particleSend,5,9,0.001104187
particleRecv,5,0,3.7663e-05
particleRecv,5,1,3.7918e-05
particleRecv,5,2,4.803e-05
particleRecv,5,3,3.9679e-05
particleRecv,5,4,4.243e-05
particleRecv,5,5,4.0863e-05
particleRecv,5,6,3.9327e-05
particleRecv,5,7,3.8239e-05
particleRecv,5,8,3.9231e-05
particleRecv,5,9,3.9903e-05
particleDestroy,5,0,0.002759619
particleDestroy,5,1,0.00274826
particleDestroy,5,2,0.002774883
particleDestroy,5,3,0.002763459
particleDestroy,5,4,0.002762052
particleDestroy,5,5,0.002748356
particleDestroy,5,6,0.002745603
particleDestroy,5,7,0.002771267
particleDestroy,5,8,0.002740228
particleDestroy,5,9,0.002768515
ScatterPIFNUFFT,5,0,0.302088562
ScatterPIFNUFFT,5,1,1.6544e-05
ScatterPIFNUFFT,5,2,0.25443842
ScatterPIFNUFFT,5,3,1.7791e-05
ScatterPIFNUFFT,5,4,0.214683532
ScatterPIFNUFFT,5,5,2.2496e-05
ScatterPIFNUFFT,5,6,0.258118329
ScatterPIFNUFFT,5,7,1.5744e-05
ScatterPIFNUFFT,5,8,0.258379633
ScatterPIFNUFFT,5,9,1.7503e-05
ScatterPIFNUFFT,5,10,0.322089297
ScatterPIFNUFFT,5,11,3.7951e-05
ScatterPIFNUFFT,5,12,0.208033773
ScatterPIFNUFFT,5,13,2.6399e-05
ScatterPIFNUFFT,5,14,0.270998185
ScatterPIFNUFFT,5,15,3.2575e-05
ScatterPIFNUFFT,5,16,0.215110367
ScatterPIFNUFFT,5,17,1.4399e-05
ScatterPIFNUFFT,5,18,0.211661778
ScatterPIFNUFFT,5,19,2.0383e-05
NativeNUFFT1,5,0,0.297669255
NativeNUFFT1,5,1,0.250108966
NativeNUFFT1,5,2,0.210394237
NativeNUFFT1,5,3,0.253766252
NativeNUFFT1,5,4,0.254111328
NativeNUFFT1,5,5,0.317801442
NativeNUFFT1,5,6,0.203646593
NativeNUFFT1,5,7,0.266590492
NativeNUFFT1,5,8,0.210620278
NativeNUFFT1,5,9,0.207219112
scatterTimerNUFFT1,5,0,0.167822741
scatterTimerNUFFT1,5,1,0.113913065
scatterTimerNUFFT1,5,2,0.080709094
scatterTimerNUFFT1,5,3,0.129737909
scatterTimerNUFFT1,5,4,0.128911505
scatterTimerNUFFT1,5,5,0.182865019
scatterTimerNUFFT1,5,6,0.07556802
scatterTimerNUFFT1,5,7,0.135433271
scatterTimerNUFFT1,5,8,0.075910696
scatterTimerNUFFT1,5,9,0.078546062
binSort,5,0,0.00399161
binSort,5,1,0.003981402
binSort,5,2,0.003978298
binSort,5,3,0.004000186
binSort,5,4,0.004001273
binSort,5,5,0.00400713
binSort,5,6,0.004007705
binSort,5,7,0.00398569
binSort,5,8,0.004058008
binSort,5,9,0.00398025
binSort,5,10,0.004034616
binSort,5,11,0.003971482
binSort,5,12,0.004058711
binSort,5,13,0.00397305
binSort,5,14,0.00397049
binSort,5,15,0.004041496
binSort,5,16,0.00406284
binSort,5,17,0.003997657
binSort,5,18,0.004016633
binSort,5,19,0.003975514
binSort,5,20,0.004047416
binSort,5,21,0.003983738
binSort,5,22,0.003975131
binSort,5,23,0.004015993
binSort,5,24,0.003988442
binSort,5,25,0.00400905
binSort,5,26,0.003966875
binSort,5,27,0.003977274
binSort,5,28,0.004038489
binSort,5,29,0.003991514
binSort,5,30,0.003960507
binSort,5,31,0.004002041
binSort,5,32,0.004029688
binSort,5,33,0.003994874
binSort,5,34,0.003955547
binSort,5,35,0.003956475
binSort,5,36,0.004009049
binSort,5,37,0.00398025
binSort,5,38,0.003961755
binSort,5,39,0.004004985
binComputeKeys,5,0,0.000378196
binComputeKeys,5,1,0.000371539
binComputeKeys,5,2,0.000373395
binComputeKeys,5,3,0.000379636
binComputeKeys,5,4,0.000376723
binComputeKeys,5,5,0.00037778
binComputeKeys,5,6,0.000379251
binComputeKeys,5,7,0.000374612
binComputeKeys,5,8,0.000385843
binComputeKeys,5,9,0.000383763
binComputeKeys,5,10,0.000382771
binComputeKeys,5,11,0.000375891
binComputeKeys,5,12,0.000381555
binComputeKeys,5,13,0.000387059
binComputeKeys,5,14,0.000383571
binComputeKeys,5,15,0.000378548
binComputeKeys,5,16,0.000383731
binComputeKeys,5,17,0.000375219
binComputeKeys,5,18,0.000376147
binComputeKeys,5,19,0.000374419
binComputeKeys,5,20,0.000381075
binComputeKeys,5,21,0.000386867
binComputeKeys,5,22,0.00037378
binComputeKeys,5,23,0.000371571
binComputeKeys,5,24,0.000372564
binComputeKeys,5,25,0.0003725
binComputeKeys,5,26,0.000386483
binComputeKeys,5,27,0.000371668
binComputeKeys,5,28,0.000375732
binComputeKeys,5,29,0.000390323
binComputeKeys,5,30,0.0003709
binComputeKeys,5,31,0.000381907
binComputeKeys,5,32,0.000384979
binComputeKeys,5,33,0.000371572
binComputeKeys,5,34,0.000372115
binComputeKeys,5,35,0.000375123
binComputeKeys,5,36,0.000373043
binComputeKeys,5,37,0.000373108
binComputeKeys,5,38,0.0003701
binComputeKeys,5,39,0.000382803
binSortByKey,5,0,0.003419853
binSortByKey,5,1,0.003417517
binSortByKey,5,2,0.003414797
binSortByKey,5,3,0.0034299
binSortByKey,5,4,0.003424429
binSortByKey,5,5,0.00343262
binSortByKey,5,6,0.003429069
binSortByKey,5,7,0.003417676
binSortByKey,5,8,0.003471371
binSortByKey,5,9,0.00341275
binSortByKey,5,10,0.003460587
binSortByKey,5,11,0.003411949
binSortByKey,5,12,0.003475211
binSortByKey,5,13,0.003401325
binSortByKey,5,14,0.003404013
binSortByKey,5,15,0.003467596
binSortByKey,5,16,0.003480587
binSortByKey,5,17,0.00343678
binSortByKey,5,18,0.003456396
binSortByKey,5,19,0.003416813
binSortByKey,5,20,0.003467596
binSortByKey,5,21,0.00341339
binSortByKey,5,22,0.003417613
binSortByKey,5,23,0.003439661
binSortByKey,5,24,0.003423661
binSortByKey,5,25,0.003442156
binSortByKey,5,26,0.003398734
binSortByKey,5,27,0.003417869
binSortByKey,5,28,0.003466603
binSortByKey,5,29,0.003418253
binSortByKey,5,30,0.003403341
binSortByKey,5,31,0.003427404
binSortByKey,5,32,0.00344862
binSortByKey,5,33,0.003433356
binSortByKey,5,34,0.003403438
binSortByKey,5,35,0.00340011
binSortByKey,5,36,0.003438028
binSortByKey,5,37,0.003414541
binSortByKey,5,38,0.003405517
binSortByKey,5,39,0.003428941
binComputeOffsets,5,0,0.000189561
binComputeOffsets,5,1,0.000191098
binComputeOffsets,5,2,0.00018713
binComputeOffsets,5,3,0.000188314
binComputeOffsets,5,4,0.000195705
binComputeOffsets,5,5,0.000193242
binComputeOffsets,5,6,0.000195481
binComputeOffsets,5,7,0.000191706
binComputeOffsets,5,8,0.000194874
binComputeOffsets,5,9,0.000182201
binComputeOffsets,5,10,0.000189018
binComputeOffsets,5,11,0.00018105
binComputeOffsets,5,12,0.000197017
binComputeOffsets,5,13,0.000182234
binComputeOffsets,5,14,0.00018089
binComputeOffsets,5,15,0.000193529
binComputeOffsets,5,16,0.000193658
binComputeOffsets,5,17,0.000183642
binComputeOffsets,5,18,0.000182138
binComputeOffsets,5,19,0.000183066
binComputeOffsets,5,20,0.000193401
binComputeOffsets,5,21,0.000182457
binComputeOffsets,5,22,0.000182586
binComputeOffsets,5,23,0.000200921
binComputeOffsets,5,24,0.00018873
binComputeOffsets,5,25,0.000192474
binComputeOffsets,5,26,0.000179482
binComputeOffsets,5,27,0.000184025
binComputeOffsets,5,28,0.000192506
binComputeOffsets,5,29,0.000179834
binComputeOffsets,5,30,0.00018473
binComputeOffsets,5,31,0.000190426
binComputeOffsets,5,32,0.000191097
binComputeOffsets,5,33,0.000188922
binComputeOffsets,5,34,0.00017881
binComputeOffsets,5,35,0.000179738
binComputeOffsets,5,36,0.000194042
binComputeOffsets,5,37,0.000189401
binComputeOffsets,5,38,0.00018473
binComputeOffsets,5,39,0.000191546
FFTNUFFT1,5,0,0.129019566
FFTNUFFT1,5,1,0.13537564
FFTNUFFT1,5,2,0.128862611
FFTNUFFT1,5,3,0.123198002
FFTNUFFT1,5,4,0.124549669
FFTNUFFT1,5,5,0.134115298
FFTNUFFT1,5,6,0.127426306
FFTNUFFT1,5,7,0.130317858
FFTNUFFT1,5,8,0.133875946
FFTNUFFT1,5,9,0.127853301
deconvolutionNUFFT1,5,0,0.000823172
deconvolutionNUFFT1,5,1,0.000818181
deconvolutionNUFFT1,5,2,0.00081866
deconvolutionNUFFT1,5,3,0.000827397
deconvolutionNUFFT1,5,4,0.000645738
deconvolutionNUFFT1,5,5,0.000814661
deconvolutionNUFFT1,5,6,0.000649131
deconvolutionNUFFT1,5,7,0.000833764
deconvolutionNUFFT1,5,8,0.000826628
deconvolutionNUFFT1,5,9,0.000815813
GatherPIFNUFFT,5,0,0.468230527
GatherPIFNUFFT,5,1,0.460519811
GatherPIFNUFFT,5,2,0.457988312
GatherPIFNUFFT,5,3,0.466421147
GatherPIFNUFFT,5,4,0.465706195
GatherPIFNUFFT,5,5,0.450678638
GatherPIFNUFFT,5,6,0.462918674
GatherPIFNUFFT,5,7,0.46152896
GatherPIFNUFFT,5,8,0.46070102
GatherPIFNUFFT,5,9,0.464861457
NativeNUFFT2,5,0,0.157685066
NativeNUFFT2,5,1,0.154225406
NativeNUFFT2,5,2,0.154773004
NativeNUFFT2,5,3,0.151992873
NativeNUFFT2,5,4,0.152309694
NativeNUFFT2,5,5,0.154636144
NativeNUFFT2,5,6,0.15088187
NativeNUFFT2,5,7,0.15322912
NativeNUFFT2,5,8,0.150967211
NativeNUFFT2,5,9,0.159715365
NativeNUFFT2,5,10,0.150031339
NativeNUFFT2,5,11,0.1552263
NativeNUFFT2,5,12,0.155688333
NativeNUFFT2,5,13,0.154098498
NativeNUFFT2,5,14,0.153276478
NativeNUFFT2,5,15,0.148288133
NativeNUFFT2,5,16,0.148521438
NativeNUFFT2,5,17,0.152400571
NativeNUFFT2,5,18,0.151598871
NativeNUFFT2,5,19,0.154914887
NativeNUFFT2,5,20,0.15296772
NativeNUFFT2,5,21,0.147587485
NativeNUFFT2,5,22,0.151392445
NativeNUFFT2,5,23,0.15906246
NativeNUFFT2,5,24,0.154323739
NativeNUFFT2,5,25,0.154484629
NativeNUFFT2,5,26,0.150416446
NativeNUFFT2,5,27,0.157766471
NativeNUFFT2,5,28,0.153604531
NativeNUFFT2,5,29,0.151947371
PrecorrectionNUFFT2,5,0,0.001581611
PrecorrectionNUFFT2,5,1,0.002507307
PrecorrectionNUFFT2,5,2,0.002506124
PrecorrectionNUFFT2,5,3,0.001573355
PrecorrectionNUFFT2,5,4,0.002493804
PrecorrectionNUFFT2,5,5,0.002510988
PrecorrectionNUFFT2,5,6,0.001572075
PrecorrectionNUFFT2,5,7,0.00250334
PrecorrectionNUFFT2,5,8,0.002488268
PrecorrectionNUFFT2,5,9,0.001580203
PrecorrectionNUFFT2,5,10,0.002499308
PrecorrectionNUFFT2,5,11,0.002510475
PrecorrectionNUFFT2,5,12,0.001574827
PrecorrectionNUFFT2,5,13,0.002522411
PrecorrectionNUFFT2,5,14,0.002515787
PrecorrectionNUFFT2,5,15,0.001568651
PrecorrectionNUFFT2,5,16,0.002490828
PrecorrectionNUFFT2,5,17,0.00253841
PrecorrectionNUFFT2,5,18,0.001583371
PrecorrectionNUFFT2,5,19,0.002502604
PrecorrectionNUFFT2,5,20,0.002515435
PrecorrectionNUFFT2,5,21,0.001585738
PrecorrectionNUFFT2,5,22,0.002514091
PrecorrectionNUFFT2,5,23,0.002506828
PrecorrectionNUFFT2,5,24,0.001589227
PrecorrectionNUFFT2,5,25,0.002514315
PrecorrectionNUFFT2,5,26,0.002517995
PrecorrectionNUFFT2,5,27,0.001599722
PrecorrectionNUFFT2,5,28,0.00251822
PrecorrectionNUFFT2,5,29,0.002479661
FFTNUFFT2,5,0,0.127452962
FFTNUFFT2,5,1,0.131767953
FFTNUFFT2,5,2,0.130212005
FFTNUFFT2,5,3,0.125926806
FFTNUFFT2,5,4,0.123708161
FFTNUFFT2,5,5,0.131775858
FFTNUFFT2,5,6,0.129505534
FFTNUFFT2,5,7,0.133414043
FFTNUFFT2,5,8,0.133348381
FFTNUFFT2,5,9,0.131534105
FFTNUFFT2,5,10,0.121324754
FFTNUFFT2,5,11,0.12670614
FFTNUFFT2,5,12,0.138640074
FFTNUFFT2,5,13,0.133864811
FFTNUFFT2,5,14,0.128792726
FFTNUFFT2,5,15,0.127450178
FFTNUFFT2,5,16,0.129070028
FFTNUFFT2,5,17,0.127299463
FFTNUFFT2,5,18,0.130627767
FFTNUFFT2,5,19,0.138495215
FFTNUFFT2,5,20,0.132616724
FFTNUFFT2,5,21,0.121781761
FFTNUFFT2,5,22,0.130305858
FFTNUFFT2,5,23,0.138046686
FFTNUFFT2,5,24,0.129822706
FFTNUFFT2,5,25,0.131566968
FFTNUFFT2,5,26,0.13088875
FFTNUFFT2,5,27,0.13751016
FFTNUFFT2,5,28,0.126803544
FFTNUFFT2,5,29,0.12667414
GatherNUFFT2,5,0,0.022656358
GatherNUFFT2,5,1,0.013945931
GatherNUFFT2,5,2,0.016088131
GatherNUFFT2,5,3,0.018484881
GatherNUFFT2,5,4,0.020122938
GatherNUFFT2,5,5,0.014368091
GatherNUFFT2,5,6,0.013818318
GatherNUFFT2,5,7,0.0114895
GatherNUFFT2,5,8,0.009305095
GatherNUFFT2,5,9,0.020603243
GatherNUFFT2,5,10,0.020233847
GatherNUFFT2,5,11,0.020033597
GatherNUFFT2,5,12,0.009482369
GatherNUFFT2,5,13,0.011734422
GatherNUFFT2,5,14,0.015958663
GatherNUFFT2,5,15,0.013263298
GatherNUFFT2,5,16,0.010975855
GatherNUFFT2,5,17,0.016549076
GatherNUFFT2,5,18,0.013555864
GatherNUFFT2,5,19,0.007902774
GatherNUFFT2,5,20,0.011840273
GatherNUFFT2,5,21,0.018219131
GatherNUFFT2,5,22,0.01256745
GatherNUFFT2,5,23,0.012508923
GatherNUFFT2,5,24,0.016901895
GatherNUFFT2,5,25,0.014395804
GatherNUFFT2,5,26,0.011173768
GatherNUFFT2,5,27,0.01266991
GatherNUFFT2,5,28,0.018281945
GatherNUFFT2,5,29,0.016970693
mainTimer,6,0,7.524187344
dumpData,6,0,0.01063001
dumpData,6,1,0.007178511
dumpData,6,2,0.007688541
dumpData,6,3,0.010176969
dumpData,6,4,0.008874454
dumpData,6,5,0.00834948
dumpData,6,6,0.008230603
dumpData,6,7,0.009234281
dumpData,6,8,0.009331527
dumpData,6,9,0.008590975
kick,6,0,3.3599e-05
kick,6,1,1.2608e-05
kick,6,2,3.1359e-05
kick,6,3,1.2416e-05
kick,6,4,3.2799e-05
kick,6,5,1.5936e-05
kick,6,6,3.2991e-05
kick,6,7,1.072e-05
kick,6,8,3.7631e-05
kick,6,9,1.0016e-05
kick,6,10,3.6287e-05
kick,6,11,9.663e-06
kick,6,12,3.1647e-05
kick,6,13,9.44e-06
kick,6,14,3.1647e-05
kick,6,15,1.0719e-05
kick,6,16,3.3023e-05
kick,6,17,1.0399e-05
kick,6,18,3.4783e-05
kick,6,19,9.824e-06
drift,6,0,5.504e-06
drift,6,1,6.304e-06
drift,6,2,7.04e-06
drift,6,3,5.727e-06
drift,6,4,5.6e-06
drift,6,5,5.248e-06
drift,6,6,7.072e-06
drift,6,7,6.976e-06
drift,6,8,5.663e-06
drift,6,9,5.216e-06
particleBC,6,0,1.1712e-05
particleBC,6,1,9.823e-06
particleBC,6,2,9.216e-06
particleBC,6,3,1.0496e-05
particleBC,6,4,1.0463e-05
particleBC,6,5,1.056e-05
particleBC,6,6,9.472e-06
particleBC,6,7,9.504e-06
particleBC,6,8,9.856e-06
particleBC,6,9,1.0272e-05
updateParticle,6,0,0.063377901
updateParticle,6,1,0.064625603
updateParticle,6,2,0.062989658
updateParticle,6,3,0.009484481
updateParticle,6,4,0.009333734
updateParticle,6,5,0.009359685
updateParticle,6,6,0.00955363
updateParticle,6,7,0.009429762
updateParticle,6,8,0.009423043
updateParticle,6,9,0.009345797
locateParticles,6,0,0.00361367
locateParticles,6,1,0.003639686
locateParticles,6,2,0.003611302
locateParticles,6,3,0.00362439
locateParticles,6,4,0.003631526
locateParticles,6,5,0.003604774
locateParticles,6,6,0.003642021
locateParticles,6,7,0.003631589
locateParticles,6,8,0.003621318
locateParticles,6,9,0.003637606
sendPreprocess,6,0,0.000744167
sendPreprocess,6,1,0.000751783
sendPreprocess,6,2,0.000785318
sendPreprocess,6,3,0.000768006
sendPreprocess,6,4,0.000771654
sendPreprocess,6,5,0.00077367
sendPreprocess,6,6,0.000748391
sendPreprocess,6,7,0.000768902
sendPreprocess,6,8,0.000821508
sendPreprocess,6,9,0.000742247
particleSend,6,0,0.001082908
particleSend,6,1,0.001055292
particleSend,6,2,0.001098811
particleSend,6,3,0.001122459
particleSend,6,4,0.001043805
particleSend,6,5,0.001113563
particleSend,6,6,0.001058908
particleSend,6,7,0.001096155
particleSend,6,8,0.001050973
particleSend,6,9,0.001082364
particleRecv,6,0,3.9006e-05
particleRecv,6,1,3.8783e-05
particleRecv,6,2,4.2334e-05
particleRecv,6,3,4.3454e-05
particleRecv,6,4,4.1215e-05
particleRecv,6,5,4.6686e-05
particleRecv,6,6,4.3583e-05
particleRecv,6,7,4.5887e-05
particleRecv,6,8,4.3614e-05
particleRecv,6,9,3.8814e-05
particleDestroy,6,0,0.002794818
particleDestroy,6,1,0.002811841
particleDestroy,6,2,0.002779395
particleDestroy,6,3,0.00279677
particleDestroy,6,4,0.002799265
particleDestroy,6,5,0.002785187
particleDestroy,6,6,0.002781858
particleDestroy,6,7,0.002813057
particleDestroy,6,8,0.002776803
particleDestroy,6,9,0.002791811
ScatterPIFNUFFT,6,0,0.303995281
ScatterPIFNUFFT,6,1,2.0671e-05
ScatterPIFNUFFT,6,2,0.248725749
ScatterPIFNUFFT,6,3,1.6671e-05
ScatterPIFNUFFT,6,4,0.213900135
ScatterPIFNUFFT,6,5,2.1343e-05
ScatterPIFNUFFT,6,6,0.266193962
ScatterPIFNUFFT,6,7,1.6224e-05
ScatterPIFNUFFT,6,8,0.260282833
ScatterPIFNUFFT,6,9,2.3007e-05
ScatterPIFNUFFT,6,10,0.316495789
ScatterPIFNUFFT,6,11,2.6559e-05
ScatterPIFNUFFT,6,12,0.209169095
ScatterPIFNUFFT,6,13,2.0927e-05
ScatterPIFNUFFT,6,14,0.271989383
ScatterPIFNUFFT,6,15,2.496e-05
ScatterPIFNUFFT,6,16,0.212906345
ScatterPIFNUFFT,6,17,1.7055e-05
ScatterPIFNUFFT,6,18,0.213667663
ScatterPIFNUFFT,6,19,2.1375e-05
NativeNUFFT1,6,0,0.29958871
NativeNUFFT1,6,1,0.244456965
NativeNUFFT1,6,2,0.20955849
NativeNUFFT1,6,3,0.261839324
NativeNUFFT1,6,4,0.255801384
NativeNUFFT1,6,5,0.312204094
NativeNUFFT1,6,6,0.204786522
NativeNUFFT1,6,7,0.267534877
NativeNUFFT1,6,8,0.208418049
NativeNUFFT1,6,9,0.209204644
scatterTimerNUFFT1,6,0,0.166064208
scatterTimerNUFFT1,6,1,0.113453209
scatterTimerNUFFT1,6,2,0.076840552
scatterTimerNUFFT1,6,3,0.128319493
scatterTimerNUFFT1,6,4,0.127609821
scatterTimerNUFFT1,6,5,0.183552676
scatterTimerNUFFT1,6,6,0.074831372
scatterTimerNUFFT1,6,7,0.136269691
scatterTimerNUFFT1,6,8,0.07694327
scatterTimerNUFFT1,6,9,0.077242426
binSort,6,0,0.004051448
binSort,6,1,0.003974426
binSort,6,2,0.003976634
binSort,6,3,0.003997657
binSort,6,4,0.004059639
binSort,6,5,0.00403388
binSort,6,6,0.003987962
binSort,6,7,0.003980058
binSort,6,8,0.003999386
binSort,6,9,0.004045144
binSort,6,10,0.003990105
binSort,6,11,0.004021176
binSort,6,12,0.004015257
binSort,6,13,0.00404812
binSort,6,14,0.003986682
binSort,6,15,0.004006489
binSort,6,16,0.00397897
binSort,6,17,0.004015129
binSort,6,18,0.003999098
binSort,6,19,0.003994586
binSort,6,20,0.0040294
binSort,6,21,0.00399433
binSort,6,22,0.004038584
binSort,6,23,0.003981562
binSort,6,24,0.004043672
binSort,6,25,0.00399897
binSort,6,26,0.004013401
binSort,6,27,0.003961979
binSort,6,28,0.004005497
binSort,6,29,0.004031672
binSort,6,30,0.003998394
binSort,6,31,0.004028344
binSort,6,32,0.004027736
binSort,6,33,0.003973083
binSort,6,34,0.004023033
binSort,6,35,0.004029977
binSort,6,36,0.004013785
binSort,6,37,0.003967483
binSort,6,38,0.003978683
binSort,6,39,0.004027641
binComputeKeys,6,0,0.000377044
binComputeKeys,6,1,0.000380979
binComputeKeys,6,2,0.000370771
binComputeKeys,6,3,0.000371315
binComputeKeys,6,4,0.000375795
binComputeKeys,6,5,0.000374579
binComputeKeys,6,6,0.000382931
binComputeKeys,6,7,0.000379443
binComputeKeys,6,8,0.000370548
binComputeKeys,6,9,0.00037442
binComputeKeys,6,10,0.000394867
binComputeKeys,6,11,0.000374419
binComputeKeys,6,12,0.000373331
binComputeKeys,6,13,0.000392883
binComputeKeys,6,14,0.000373843
binComputeKeys,6,15,0.000379507
binComputeKeys,6,16,0.000371539
binComputeKeys,6,17,0.000370996
binComputeKeys,6,18,0.00037714
binComputeKeys,6,19,0.000374036
binComputeKeys,6,20,0.000375187
binComputeKeys,6,21,0.000368564
binComputeKeys,6,22,0.000373939
binComputeKeys,6,23,0.000382611
binComputeKeys,6,24,0.000376755
binComputeKeys,6,25,0.000374356
binComputeKeys,6,26,0.000369556
binComputeKeys,6,27,0.000367636
binComputeKeys,6,28,0.000376435
binComputeKeys,6,29,0.000380531
binComputeKeys,6,30,0.00037106
binComputeKeys,6,31,0.000379859
binComputeKeys,6,32,0.000383507
binComputeKeys,6,33,0.000372852
binComputeKeys,6,34,0.000373556
binComputeKeys,6,35,0.000375123
binComputeKeys,6,36,0.000374611
binComputeKeys,6,37,0.00036594
binComputeKeys,6,38,0.000373684
binComputeKeys,6,39,0.000374195
binSortByKey,6,0,0.003473323
binSortByKey,6,1,0.003411918
binSortByKey,6,2,0.003422733
binSortByKey,6,3,0.003436813
binSortByKey,6,4,0.003485931
binSortByKey,6,5,0.003458892
binSortByKey,6,6,0.003421293
binSortByKey,6,7,0.003415853
binSortByKey,6,8,0.003435053
binSortByKey,6,9,0.003476171
binSortByKey,6,10,0.003410733
binSortByKey,6,11,0.00345646
binSortByKey,6,12,0.00344798
binSortByKey,6,13,0.00346414
binSortByKey,6,14,0.003424173
binSortByKey,6,15,0.003436716
binSortByKey,6,16,0.003412397
binSortByKey,6,17,0.003447852
binSortByKey,6,18,0.003429741
binSortByKey,6,19,0.003428653
binSortByKey,6,20,0.003459436
binSortByKey,6,21,0.003436845
binSortByKey,6,22,0.003468012
binSortByKey,6,23,0.003415437
binSortByKey,6,24,0.003469068
binSortByKey,6,25,0.003437613
binSortByKey,6,26,0.003451884
binSortByKey,6,27,0.003409997
binSortByKey,6,28,0.003436749
binSortByKey,6,29,0.003457324
binSortByKey,6,30,0.003430988
binSortByKey,6,31,0.003448204
binSortByKey,6,32,0.003448748
binSortByKey,6,33,0.003417101
binSortByKey,6,34,0.0034555
binSortByKey,6,35,0.00346126
binSortByKey,6,36,0.003439244
binSortByKey,6,37,0.003417069
binSortByKey,6,38,0.003422189
binSortByKey,6,39,0.003451852
binComputeOffsets,6,0,0.000194073
binComputeOffsets,6,1,0.000180889
binComputeOffsets,6,2,0.00018201
binComputeOffsets,6,3,0.000187993
binComputeOffsets,6,4,0.000192473
binComputeOffsets,6,5,0.000195065
binComputeOffsets,6,6,0.000182458
binComputeOffsets,6,7,0.000183002
binComputeOffsets,6,8,0.000189818
binComputeOffsets,6,9,0.000191033
binComputeOffsets,6,10,0.000182649
binComputeOffsets,6,11,0.000187225
binComputeOffsets,6,12,0.000190458
binComputeOffsets,6,13,0.000185849
binComputeOffsets,6,14,0.00018697
binComputeOffsets,6,15,0.000188794
binComputeOffsets,6,16,0.000191002
binComputeOffsets,6,17,0.000193657
binComputeOffsets,6,18,0.000188922
binComputeOffsets,6,19,0.000189754
binComputeOffsets,6,20,0.000189561
binComputeOffsets,6,21,0.000186714
binComputeOffsets,6,22,0.000191033
binComputeOffsets,6,23,0.00018105
binComputeOffsets,6,24,0.000192665
binComputeOffsets,6,25,0.000183898
binComputeOffsets,6,26,0.000190106
binComputeOffsets,6,27,0.000182714
binComputeOffsets,6,28,0.000187033
binComputeOffsets,6,29,0.000190746
binComputeOffsets,6,30,0.000190842
binComputeOffsets,6,31,0.000196921
binComputeOffsets,6,32,0.000190521
binComputeOffsets,6,33,0.00018217
binComputeOffsets,6,34,0.000192153
binComputeOffsets,6,35,0.000191098
binComputeOffsets,6,36,0.000195098
binComputeOffsets,6,37,0.00018393
binComputeOffsets,6,38,0.00018105
binComputeOffsets,6,39,0.000198202
FFTNUFFT1,6,0,0.132842125
FFTNUFFT1,6,1,0.130189511
FFTNUFFT1,6,2,0.131896493
FFTNUFFT1,6,3,0.132868301
FFTNUFFT1,6,4,0.127362374
FFTNUFFT1,6,5,0.127835253
FFTNUFFT1,6,6,0.129142729
FFTNUFFT1,6,7,0.130415423
FFTNUFFT1,6,8,0.130660598
FFTNUFFT1,6,9,0.131137478
deconvolutionNUFFT1,6,0,0.000676841
deconvolutionNUFFT1,6,1,0.000811109
deconvolutionNUFFT1,6,2,0.000816517
deconvolutionNUFFT1,6,3,0.000645578
deconvolutionNUFFT1,6,4,0.000822853
deconvolutionNUFFT1,6,5,0.000810629
deconvolutionNUFFT1,6,6,0.000805509
deconvolutionNUFFT1,6,7,0.00084282
deconvolutionNUFFT1,6,8,0.000806725
deconvolutionNUFFT1,6,9,0.000816964
GatherPIFNUFFT,6,0,0.464949037
GatherPIFNUFFT,6,1,0.465460699
GatherPIFNUFFT,6,2,0.460576513
GatherPIFNUFFT,6,3,0.454894399
GatherPIFNUFFT,6,4,0.46348979
GatherPIFNUFFT,6,5,0.457745824
GatherPIFNUFFT,6,6,0.460868695
GatherPIFNUFFT,6,7,0.457030552
GatherPIFNUFFT,6,8,0.462691002
GatherPIFNUFFT,6,9,0.463522877
NativeNUFFT2,6,0,0.156368758
NativeNUFFT2,6,1,0.154107906
NativeNUFFT2,6,2,0.152976008
NativeNUFFT2,6,3,0.157852516
NativeNUFFT2,6,4,0.15233187
NativeNUFFT2,6,5,0.153727343
NativeNUFFT2,6,6,0.152602772
NativeNUFFT2,6,7,0.152511351
NativeNUFFT2,6,8,0.152844333
NativeNUFFT2,6,9,0.149645528
NativeNUFFT2,6,10,0.149810866
NativeNUFFT2,6,11,0.153869066
NativeNUFFT2,6,12,0.152362268
NativeNUFFT2,6,13,0.155631598
NativeNUFFT2,6,14,0.153827691
NativeNUFFT2,6,15,0.150213669
NativeNUFFT2,6,16,0.150033835
NativeNUFFT2,6,17,0.154578834
NativeNUFFT2,6,18,0.152019528
NativeNUFFT2,6,19,0.153668849
NativeNUFFT2,6,20,0.153038181
NativeNUFFT2,6,21,0.146848694
NativeNUFFT2,6,22,0.150715956
NativeNUFFT2,6,23,0.1578537
NativeNUFFT2,6,24,0.155084162
NativeNUFFT2,6,25,0.15583364
NativeNUFFT2,6,26,0.15028925
NativeNUFFT2,6,27,0.156153789
NativeNUFFT2,6,28,0.151587031
NativeNUFFT2,6,29,0.154284604
PrecorrectionNUFFT2,6,0,0.001591338
PrecorrectionNUFFT2,6,1,0.002516492
PrecorrectionNUFFT2,6,2,0.002523051
PrecorrectionNUFFT2,6,3,0.001597098
PrecorrectionNUFFT2,6,4,0.0025027
PrecorrectionNUFFT2,6,5,0.002505292
PrecorrectionNUFFT2,6,6,0.001591082
PrecorrectionNUFFT2,6,7,0.002520268
PrecorrectionNUFFT2,6,8,0.002523083
PrecorrectionNUFFT2,6,9,0.001577099
PrecorrectionNUFFT2,6,10,0.002541994
PrecorrectionNUFFT2,6,11,0.002534506
PrecorrectionNUFFT2,6,12,0.001576171
PrecorrectionNUFFT2,6,13,0.002520171
PrecorrectionNUFFT2,6,14,0.002486636
PrecorrectionNUFFT2,6,15,0.001610025
PrecorrectionNUFFT2,6,16,0.002533707
PrecorrectionNUFFT2,6,17,0.002525835
PrecorrectionNUFFT2,6,18,0.001581419
PrecorrectionNUFFT2,6,19,0.002492332
PrecorrectionNUFFT2,6,20,0.002490252
PrecorrectionNUFFT2,6,21,0.001573387
PrecorrectionNUFFT2,6,22,0.002507723
PrecorrectionNUFFT2,6,23,0.002542667
PrecorrectionNUFFT2,6,24,0.001597387
PrecorrectionNUFFT2,6,25,0.002529131
PrecorrectionNUFFT2,6,26,0.002536555
PrecorrectionNUFFT2,6,27,0.001591498
PrecorrectionNUFFT2,6,28,0.002515084
PrecorrectionNUFFT2,6,29,0.002525867
FFTNUFFT2,6,0,0.12851715
FFTNUFFT2,6,1,0.133546646
FFTNUFFT2,6,2,0.127164748
FFTNUFFT2,6,3,0.130393216
FFTNUFFT2,6,4,0.125195696
FFTNUFFT2,6,5,0.133560886
FFTNUFFT2,6,6,0.12833783
FFTNUFFT2,6,7,0.133751919
FFTNUFFT2,6,8,0.133825933
FFTNUFFT2,6,9,0.121828544
FFTNUFFT2,6,10,0.121326321
FFTNUFFT2,6,11,0.127549856
FFTNUFFT2,6,12,0.13047894
FFTNUFFT2,6,13,0.131225603
FFTNUFFT2,6,14,0.125162448
FFTNUFFT2,6,15,0.129535132
FFTNUFFT2,6,16,0.127517023
FFTNUFFT2,6,17,0.128119564
FFTNUFFT2,6,18,0.129270693
FFTNUFFT2,6,19,0.133433497
FFTNUFFT2,6,20,0.13637711
FFTNUFFT2,6,21,0.119890433
FFTNUFFT2,6,22,0.134546356
FFTNUFFT2,6,23,0.137116158
FFTNUFFT2,6,24,0.135138368
FFTNUFFT2,6,25,0.128152523
FFTNUFFT2,6,26,0.12772572
FFTNUFFT2,6,27,0.127086606
FFTNUFFT2,6,28,0.120948413
FFTNUFFT2,6,29,0.12719793
GatherNUFFT2,6,0,0.020226712
GatherNUFFT2,6,1,0.012160327
GatherNUFFT2,6,2,0.017259292
GatherNUFFT2,6,3,0.019820453
GatherNUFFT2,6,4,0.01870929
GatherNUFFT2,6,5,0.011635063
GatherNUFFT2,6,6,0.016770571
GatherNUFFT2,6,7,0.0102138
GatherNUFFT2,6,8,0.010607803
GatherNUFFT2,6,9,0.020219064
GatherNUFFT2,6,10,0.019907395
GatherNUFFT2,6,11,0.017900358
GatherNUFFT2,6,12,0.014254145
GatherNUFFT2,6,13,0.01585409
GatherNUFFT2,6,14,0.020155002
GatherNUFFT2,6,15,0.013102151
GatherNUFFT2,6,16,0.014126853
GatherNUFFT2,6,17,0.017923462
GatherNUFFT2,6,18,0.015122307
GatherNUFFT2,6,19,0.011702454
GatherNUFFT2,6,20,0.008115216
GatherNUFFT2,6,21,0.019371701
GatherNUFFT2,6,22,0.007637183
GatherNUFFT2,6,23,0.012164359
GatherNUFFT2,6,24,0.012331457
GatherNUFFT2,6,25,0.019119229
GatherNUFFT2,6,26,0.014141189
GatherNUFFT2,6,27,0.021601065
GatherNUFFT2,6,28,0.022086361
GatherNUFFT2,6,29,0.018510738
mainTimer,7,0,7.524188304
dumpData,7,0,0.010063085
dumpData,7,1,0.00910187
dumpData,7,2,0.009813942
dumpData,7,3,0.00958179
dumpData,7,4,0.01072428
dumpData,7,5,0.010056909
dumpData,7,6,0.008793176
dumpData,7,7,0.008768121
dumpData,7,8,0.008271721
dumpData,7,9,0.009139181
kick,7,0,3.2383e-05
kick,7,1,1.4912e-05
kick,7,2,3.1327e-05
kick,7,3,1.52e-05
kick,7,4,3.2127e-05
kick,7,5,2.0511e-05
kick,7,6,3.3247e-05
kick,7,7,1.3568e-05
kick,7,8,3.5327e-05
kick,7,9,1.8399e-05
kick,7,10,3.5231e-05
kick,7,11,1.9392e-05
kick,7,12,3.1615e-05
kick,7,13,2.3008e-05
kick,7,14,3.1551e-05
kick,7,15,1.7567e-05
kick,7,16,3.2831e-05
kick,7,17,8.96e-06
kick,7,18,3.4655e-05
kick,7,19,1.0688e-05
drift,7,0,5.76e-06
drift,7,1,6.496e-06
drift,7,2,5.984e-06
drift,7,3,6.495e-06
drift,7,4,5.472e-06
drift,7,5,6.88e-06
drift,7,6,7.328e-06
drift,7,7,6.176e-06
drift,7,8,6.655e-06
drift,7,9,5.984e-06
particleBC,7,0,9.856e-06
particleBC,7,1,9.951e-06
particleBC,7,2,9.728e-06
particleBC,7,3,8.448e-06
particleBC,7,4,9.215e-06
particleBC,7,5,8.736e-06
particleBC,7,6,9.92e-06
particleBC,7,7,8.544e-06
particleBC,7,8,1.0272e-05
particleBC,7,9,1.0815e-05
updateParticle,7,0,0.063388301
updateParticle,7,1,0.064626691
updateParticle,7,2,0.062886621
updateParticle,7,3,0.009348134
updateParticle,7,4,0.009243818
updateParticle,7,5,0.009373957
updateParticle,7,6,0.009497504
updateParticle,7,7,0.009377028
updateParticle,7,8,0.009375332
updateParticle,7,9,0.009318759
locateParticles,7,0,0.00349729
locateParticles,7,1,0.003482443
locateParticles,7,2,0.003445196
locateParticles,7,3,0.003497163
locateParticles,7,4,0.003479403
locateParticles,7,5,0.003468363
locateParticles,7,6,0.003472715
locateParticles,7,7,0.003481674
locateParticles,7,8,0.003482954
locateParticles,7,9,0.003485771
sendPreprocess,7,0,0.000864003
sendPreprocess,7,1,0.000910146
sendPreprocess,7,2,0.000952672
sendPreprocess,7,3,0.00089757
sendPreprocess,7,4,0.000927361
sendPreprocess,7,5,0.000911809
sendPreprocess,7,6,0.000918113
sendPreprocess,7,7,0.000920321
sendPreprocess,7,8,0.00096128
sendPreprocess,7,9,0.000894178
particleSend,7,0,0.001038013
particleSend,7,1,0.001026749
particleSend,7,2,0.001093019
particleSend,7,3,0.001123482
particleSend,7,4,0.00107798
particleSend,7,5,0.001070044
particleSend,7,6,0.001042013
particleSend,7,7,0.001037885
particleSend,7,8,0.001064956
particleSend,7,9,0.001060316
particleRecv,7,0,4.5759e-05
particleRecv,7,1,4.4766e-05
particleRecv,7,2,4.4446e-05
particleRecv,7,3,3.8559e-05
particleRecv,7,4,3.6894e-05
particleRecv,7,5,4.4767e-05
particleRecv,7,6,4.5758e-05
particleRecv,7,7,4.5375e-05
particleRecv,7,8,3.8911e-05
particleRecv,7,9,3.9839e-05
particleDestroy,7,0,0.00271994
particleDestroy,7,1,0.002708229
particleDestroy,7,2,0.002705221
particleDestroy,7,3,0.002708197
particleDestroy,7,4,0.002701126
particleDestroy,7,5,0.002712708
particleDestroy,7,6,0.002718437
particleDestroy,7,7,0.002731044
particleDestroy,7,8,0.002692453
particleDestroy,7,9,0.00269463
ScatterPIFNUFFT,7,0,0.309115685
ScatterPIFNUFFT,7,1,1.6096e-05
ScatterPIFNUFFT,7,2,0.253515764
ScatterPIFNUFFT,7,3,4.6238e-05
ScatterPIFNUFFT,7,4,0.215045569
ScatterPIFNUFFT,7,5,2.3743e-05
ScatterPIFNUFFT,7,6,0.266227464
ScatterPIFNUFFT,7,7,2.3711e-05
ScatterPIFNUFFT,7,8,0.259508139
ScatterPIFNUFFT,7,9,1.584e-05
ScatterPIFNUFFT,7,10,0.315507887
ScatterPIFNUFFT,7,11,2.1983e-05
ScatterPIFNUFFT,7,12,0.208264869
ScatterPIFNUFFT,7,13,2.1343e-05
ScatterPIFNUFFT,7,14,0.267921904
ScatterPIFNUFFT,7,15,1.2928e-05
ScatterPIFNUFFT,7,16,0.217490063
ScatterPIFNUFFT,7,17,1.7599e-05
ScatterPIFNUFFT,7,18,0.217444528
ScatterPIFNUFFT,7,19,2.4927e-05
NativeNUFFT1,7,0,0.304658779
NativeNUFFT1,7,1,0.249207908
NativeNUFFT1,7,2,0.210524088
NativeNUFFT1,7,3,0.261833244
NativeNUFFT1,7,4,0.254969604
NativeNUFFT1,7,5,0.31112685
NativeNUFFT1,7,6,0.203674528
NativeNUFFT1,7,7,0.263515652
NativeNUFFT1,7,8,0.213031269
NativeNUFFT1,7,9,0.212972229
scatterTimerNUFFT1,7,0,0.167094285
scatterTimerNUFFT1,7,1,0.11324128
scatterTimerNUFFT1,7,2,0.079729222
scatterTimerNUFFT1,7,3,0.128986447
scatterTimerNUFFT1,7,4,0.128031119
scatterTimerNUFFT1,7,5,0.182539814
scatterTimerNUFFT1,7,6,0.07465893
scatterTimerNUFFT1,7,7,0.134836043
scatterTimerNUFFT1,7,8,0.075761837
scatterTimerNUFFT1,7,9,0.077816006
binSort,7,0,0.003847103
binSort,7,1,0.003761922
binSort,7,2,0.003713763
binSort,7,3,0.00370138
binSort,7,4,0.003837727
binSort,7,5,0.003744226
binSort,7,6,0.003800736
binSort,7,7,0.003754657
binSort,7,8,0.003775745
binSort,7,9,0.003710243
binSort,7,10,0.003816543
binSort,7,11,0.003733379
binSort,7,12,0.003840191
binSort,7,13,0.003826367
binSort,7,14,0.00369754
binSort,7,15,0.003730498
binSort,7,16,0.003838335
binSort,7,17,0.003768481
binSort,7,18,0.003778337
binSort,7,19,0.003702019
binSort,7,20,0.003799649
binSort,7,21,0.003769793
binSort,7,22,0.003734883
binSort,7,23,0.003704548
binSort,7,24,0.003776257
binSort,7,25,0.003717475
binSort,7,26,0.003781441
binSort,7,27,0.003741282
binSort,7,28,0.003844767
binSort,7,29,0.003806624
binSort,7,30,0.003751138
binSort,7,31,0.003802144
binSort,7,32,0.003869598
binSort,7,33,0.003750818
binSort,7,34,0.003779425
binSort,7,35,0.003716579
binSort,7,36,0.003836415
binSort,7,37,0.003732707
binSort,7,38,0.003736514
binSort,7,39,0.003743234
binComputeKeys,7,0,0.000358356
binComputeKeys,7,1,0.000357716
binComputeKeys,7,2,0.000352084
binComputeKeys,7,3,0.000351284
binComputeKeys,7,4,0.000355476
binComputeKeys,7,5,0.000361812
binComputeKeys,7,6,0.000350324
binComputeKeys,7,7,0.000348084
binComputeKeys,7,8,0.000349236
binComputeKeys,7,9,0.000352341
binComputeKeys,7,10,0.000380435
binComputeKeys,7,11,0.000346293
binComputeKeys,7,12,0.000360948
binComputeKeys,7,13,0.000350292
binComputeKeys,7,14,0.0003469
binComputeKeys,7,15,0.000355156
binComputeKeys,7,16,0.000360692
binComputeKeys,7,17,0.00035938
binComputeKeys,7,18,0.00035842
binComputeKeys,7,19,0.000347956
binComputeKeys,7,20,0.000356308
binComputeKeys,7,21,0.000347284
binComputeKeys,7,22,0.000375572
binComputeKeys,7,23,0.000344853
binComputeKeys,7,24,0.000350389
binComputeKeys,7,25,0.000354292
binComputeKeys,7,26,0.000359156
binComputeKeys,7,27,0.000362932
binComputeKeys,7,28,0.000355508
binComputeKeys,7,29,0.000353748
binComputeKeys,7,30,0.000352852
binComputeKeys,7,31,0.000351828
binComputeKeys,7,32,0.000371956
binComputeKeys,7,33,0.000350837
binComputeKeys,7,34,0.000357044
binComputeKeys,7,35,0.000346101
binComputeKeys,7,36,0.000356532
binComputeKeys,7,37,0.00035682
binComputeKeys,7,38,0.00035762
binComputeKeys,7,39,0.000358804
binSortByKey,7,0,0.003297201
binSortByKey,7,1,0.003218228
binSortByKey,7,2,0.003190805
binSortByKey,7,3,0.003180597
binSortByKey,7,4,0.003288785
binSortByKey,7,5,0.003205876
binSortByKey,7,6,0.003251379
binSortByKey,7,7,0.003223924
binSortByKey,7,8,0.003235059
binSortByKey,7,9,0.00318754
binSortByKey,7,10,0.003252178
binSortByKey,7,11,0.003196948
binSortByKey,7,12,0.003286226
binSortByKey,7,13,0.003282833
binSortByKey,7,14,0.003181749
binSortByKey,7,15,0.003197652
binSortByKey,7,16,0.003279665
binSortByKey,7,17,0.003228051
binSortByKey,7,18,0.003240435
binSortByKey,7,19,0.003183733
binSortByKey,7,20,0.003251219
binSortByKey,7,21,0.003235988
binSortByKey,7,22,0.003187861
binSortByKey,7,23,0.003187636
binSortByKey,7,24,0.003234963
binSortByKey,7,25,0.003189845
binSortByKey,7,26,0.003237651
binSortByKey,7,27,0.003199508
binSortByKey,7,28,0.003300241
binSortByKey,7,29,0.003268274
binSortByKey,7,30,0.003215604
binSortByKey,7,31,0.003253523
binSortByKey,7,32,0.003300945
binSortByKey,7,33,0.003218899
binSortByKey,7,34,0.003245811
binSortByKey,7,35,0.003195668
binSortByKey,7,36,0.003283922
binSortByKey,7,37,0.003199573
binSortByKey,7,38,0.003202324
binSortByKey,7,39,0.003202484
binComputeOffsets,7,0,0.000187898
binComputeOffsets,7,1,0.000184762
binComputeOffsets,7,2,0.00016985
binComputeOffsets,7,3,0.000167771
binComputeOffsets,7,4,0.000188442
binComputeOffsets,7,5,0.00017321
binComputeOffsets,7,6,0.000194681
binComputeOffsets,7,7,0.000181273
binComputeOffsets,7,8,0.000187834
binComputeOffsets,7,9,0.000168507
binComputeOffsets,7,10,0.00018121
binComputeOffsets,7,11,0.000185882
binComputeOffsets,7,12,0.000188665
binComputeOffsets,7,13,0.000189658
binComputeOffsets,7,14,0.000167803
binComputeOffsets,7,15,0.000176058
binComputeOffsets,7,16,0.000191258
binComputeOffsets,7,17,0.00017929
binComputeOffsets,7,18,0.000176474
binComputeOffsets,7,19,0.000168186
binComputeOffsets,7,20,0.000188378
binComputeOffsets,7,21,0.000184825
binComputeOffsets,7,22,0.000169722
binComputeOffsets,7,23,0.000170491
binComputeOffsets,7,24,0.000186745
binComputeOffsets,7,25,0.000171675
binComputeOffsets,7,26,0.000183226
binComputeOffsets,7,27,0.000175354
binComputeOffsets,7,28,0.000184986
binComputeOffsets,7,29,0.000182714
binComputeOffsets,7,30,0.000180378
binComputeOffsets,7,31,0.000192857
binComputeOffsets,7,32,0.000190489
binComputeOffsets,7,33,0.000180602
binComputeOffsets,7,34,0.000175482
binComputeOffsets,7,35,0.000173306
binComputeOffsets,7,36,0.000189914
binComputeOffsets,7,37,0.000175418
binComputeOffsets,7,38,0.000174906
binComputeOffsets,7,39,0.000180538
FFTNUFFT1,7,0,0.13674785
FFTNUFFT1,7,1,0.135163519
FFTNUFFT1,7,2,0.130131337
FFTNUFFT1,7,3,0.132028489
FFTNUFFT1,7,4,0.126286666
FFTNUFFT1,7,5,0.127764535
FFTNUFFT1,7,6,0.128189066
FFTNUFFT1,7,7,0.127869909
FFTNUFFT1,7,8,0.13661259
FFTNUFFT1,7,9,0.134326395
deconvolutionNUFFT1,7,0,0.00081322
deconvolutionNUFFT1,7,1,0.000797029
deconvolutionNUFFT1,7,2,0.000659017
deconvolutionNUFFT1,7,3,0.000813605
deconvolutionNUFFT1,7,4,0.000643211
deconvolutionNUFFT1,7,5,0.000814917
deconvolutionNUFFT1,7,6,0.00081914
deconvolutionNUFFT1,7,7,0.000802949
deconvolutionNUFFT1,7,8,0.00064817
deconvolutionNUFFT1,7,9,0.000824548
GatherPIFNUFFT,7,0,0.458888218
GatherPIFNUFFT,7,1,0.460859031
GatherPIFNUFFT,7,2,0.456535752
GatherPIFNUFFT,7,3,0.456799551
GatherPIFNUFFT,7,4,0.46389752
GatherPIFNUFFT,7,5,0.457420299
GatherPIFNUFFT,7,6,0.462573309
GatherPIFNUFFT,7,7,0.46332746
GatherPIFNUFFT,7,8,0.458745694
GatherPIFNUFFT,7,9,0.459780955
NativeNUFFT2,7,0,0.148395586
NativeNUFFT2,7,1,0.154746925
NativeNUFFT2,7,2,0.154192511
NativeNUFFT2,7,3,0.152131973
NativeNUFFT2,7,4,0.152632084
NativeNUFFT2,7,5,0.153995526
NativeNUFFT2,7,6,0.150239812
NativeNUFFT2,7,7,0.152866188
NativeNUFFT2,7,8,0.15090731
NativeNUFFT2,7,9,0.149736757
NativeNUFFT2,7,10,0.151144389
NativeNUFFT2,7,11,0.152963113
NativeNUFFT2,7,12,0.152648467
NativeNUFFT2,7,13,0.153268894
NativeNUFFT2,7,14,0.153901481
NativeNUFFT2,7,15,0.153498711
NativeNUFFT2,7,16,0.148936432
NativeNUFFT2,7,17,0.152363197
NativeNUFFT2,7,18,0.151534969
NativeNUFFT2,7,19,0.153809772
NativeNUFFT2,7,20,0.154198079
NativeNUFFT2,7,21,0.15230963
NativeNUFFT2,7,22,0.151768528
NativeNUFFT2,7,23,0.157756808
NativeNUFFT2,7,24,0.150722612
NativeNUFFT2,7,25,0.1567946
NativeNUFFT2,7,26,0.149766356
NativeNUFFT2,7,27,0.151557944
NativeNUFFT2,7,28,0.152793646
NativeNUFFT2,7,29,0.153953511
PrecorrectionNUFFT2,7,0,0.00152958
PrecorrectionNUFFT2,7,1,0.002427982
PrecorrectionNUFFT2,7,2,0.002436302
PrecorrectionNUFFT2,7,3,0.001545676
PrecorrectionNUFFT2,7,4,0.002427662
PrecorrectionNUFFT2,7,5,0.002418511
PrecorrectionNUFFT2,7,6,0.001556364
PrecorrectionNUFFT2,7,7,0.002430863
PrecorrectionNUFFT2,7,8,0.002446318
PrecorrectionNUFFT2,7,9,0.001564011
PrecorrectionNUFFT2,7,10,0.002454605
PrecorrectionNUFFT2,7,11,0.002393104
PrecorrectionNUFFT2,7,12,0.001556107
PrecorrectionNUFFT2,7,13,0.002415951
PrecorrectionNUFFT2,7,14,0.002422895
PrecorrectionNUFFT2,7,15,0.001537068
PrecorrectionNUFFT2,7,16,0.002426478
PrecorrectionNUFFT2,7,17,0.00240344
PrecorrectionNUFFT2,7,18,0.001530573
PrecorrectionNUFFT2,7,19,0.002427022
PrecorrectionNUFFT2,7,20,0.002411119
PrecorrectionNUFFT2,7,21,0.00157566
PrecorrectionNUFFT2,7,22,0.00244251
PrecorrectionNUFFT2,7,23,0.002423503
PrecorrectionNUFFT2,7,24,0.001557291
PrecorrectionNUFFT2,7,25,0.002432942
PrecorrectionNUFFT2,7,26,0.002389168
PrecorrectionNUFFT2,7,27,0.001535724
PrecorrectionNUFFT2,7,28,0.00243787
PrecorrectionNUFFT2,7,29,0.002431662
FFTNUFFT2,7,0,0.120832257
FFTNUFFT2,7,1,0.137211482
FFTNUFFT2,7,2,0.136345239
FFTNUFFT2,7,3,0.128478113
FFTNUFFT2,7,4,0.124414153
FFTNUFFT2,7,5,0.132470106
FFTNUFFT2,7,6,0.130842129
FFTNUFFT2,7,7,0.134107492
FFTNUFFT2,7,8,0.130134761
FFTNUFFT2,7,9,0.121328273
FFTNUFFT2,7,10,0.127143117
FFTNUFFT2,7,11,0.126779226
FFTNUFFT2,7,12,0.133490392
FFTNUFFT2,7,13,0.133538679
FFTNUFFT2,7,14,0.132614582
FFTNUFFT2,7,15,0.130479677
FFTNUFFT2,7,16,0.12960985
FFTNUFFT2,7,17,0.132177316
FFTNUFFT2,7,18,0.13513184
FFTNUFFT2,7,19,0.135711628
FFTNUFFT2,7,20,0.134015493
FFTNUFFT2,7,21,0.125936629
FFTNUFFT2,7,22,0.130493212
FFTNUFFT2,7,23,0.136715594
FFTNUFFT2,7,24,0.129875313
FFTNUFFT2,7,25,0.129864273
FFTNUFFT2,7,26,0.122101046
FFTNUFFT2,7,27,0.125653087
FFTNUFFT2,7,28,0.123521191
FFTNUFFT2,7,29,0.128445857
GatherNUFFT2,7,0,0.020318229
GatherNUFFT2,7,1,0.009404836
GatherNUFFT2,7,2,0.009677691
GatherNUFFT2,7,3,0.016390777
GatherNUFFT2,7,4,0.020050845
GatherNUFFT2,7,5,0.01339254
GatherNUFFT2,7,6,0.012125256
GatherNUFFT2,7,7,0.010632346
GatherNUFFT2,7,8,0.012618422
GatherNUFFT2,7,9,0.021120026
GatherNUFFT2,7,10,0.01583598
GatherNUFFT2,7,11,0.01823369
GatherNUFFT2,7,12,0.011916368
GatherNUFFT2,7,13,0.011618266
GatherNUFFT2,7,14,0.01314103
GatherNUFFT2,7,15,0.01576523
GatherNUFFT2,7,16,0.011212711
GatherNUFFT2,7,17,0.012263651
GatherNUFFT2,7,18,0.009176236
GatherNUFFT2,7,19,0.009964049
GatherNUFFT2,7,20,0.012029995
GatherNUFFT2,7,21,0.019076703
GatherNUFFT2,7,22,0.013139174
GatherNUFFT2,7,23,0.012926253
GatherNUFFT2,7,24,0.013561944
GatherNUFFT2,7,25,0.018795176
GatherNUFFT2,7,26,0.019582606
GatherNUFFT2,7,27,0.018643533
GatherNUFFT2,7,28,0.021121882
GatherNUFFT2,7,29,0.017551122
mainTimer,8,0,7.524181532
dumpData,8,0,0.009474688
dumpData,8,1,0.008419812
dumpData,8,2,0.008614557
dumpData,8,3,0.008094159
dumpData,8,4,0.010262246
dumpData,8,5,0.009576989
dumpData,8,6,0.008959313
dumpData,8,7,0.007183181
dumpData,8,8,0.009292775
dumpData,8,9,0.008312359
kick,8,0,3.6607e-05
kick,8,1,7.744e-06
kick,8,2,3.8174e-05
kick,8,3,6.848e-06
kick,8,4,3.9742e-05
kick,8,5,7.776e-06
kick,8,6,3.8719e-05
kick,8,7,9.536e-06
kick,8,8,3.9199e-05
kick,8,9,1.0847e-05
kick,8,10,4.5694e-05
kick,8,11,9.696e-06
kick,8,12,3.9199e-05
kick,8,13,7.776e-06
kick,8,14,3.8943e-05
kick,8,15,6.687e-06
kick,8,16,3.3439e-05
kick,8,17,8.767e-06
kick,8,18,3.7247e-05
kick,8,19,1.0176e-05
drift,8,0,6.784e-06
drift,8,1,9.76e-06
drift,8,2,8.64e-06
drift,8,3,1.1647e-05
drift,8,4,1.1264e-05
drift,8,5,9.312e-06
drift,8,6,7.36e-06
drift,8,7,1.0176e-05
drift,8,8,1.2095e-05
drift,8,9,1.0656e-05
particleBC,8,0,1.1775e-05
particleBC,8,1,1.3024e-05
particleBC,8,2,1.1392e-05
particleBC,8,3,1.5008e-05
particleBC,8,4,1.2895e-05
particleBC,8,5,1.6255e-05
particleBC,8,6,1.0079e-05
particleBC,8,7,9.567e-06
particleBC,8,8,1.3568e-05
particleBC,8,9,1.9423e-05
updateParticle,8,0,0.064430209
updateParticle,8,1,0.125090016
updateParticle,8,2,0.064357154
updateParticle,8,3,0.009481184
updateParticle,8,4,0.062949362
updateParticle,8,5,0.009506399
updateParticle,8,6,0.009499744
updateParticle,8,7,0.064166826
updateParticle,8,8,0.065184583
updateParticle,8,9,0.00952227
locateParticles,8,0,0.003796032
locateParticles,8,1,0.003796063
locateParticles,8,2,0.003808895
locateParticles,8,3,0.003798847
locateParticles,8,4,0.003800864
locateParticles,8,5,0.003802912
locateParticles,8,6,0.003813536
locateParticles,8,7,0.003790112
locateParticles,8,8,0.003803551
locateParticles,8,9,0.003813247
sendPreprocess,8,0,0.00054155
sendPreprocess,8,1,0.000576781
sendPreprocess,8,2,0.000570509
sendPreprocess,8,3,0.000571181
sendPreprocess,8,4,0.000587692
sendPreprocess,8,5,0.000553517
sendPreprocess,8,6,0.000561869
sendPreprocess,8,7,0.000593708
sendPreprocess,8,8,0.000623947
sendPreprocess,8,9,0.000542062
particleSend,8,0,0.001129786
particleSend,8,1,0.001080379
particleSend,8,2,0.001097755
particleSend,8,3,0.001040989
particleSend,8,4,0.001066972
particleSend,8,5,0.001065628
particleSend,8,6,0.001086555
particleSend,8,7,0.001038493
particleSend,8,8,0.001039677
particleSend,8,9,0.00111161
particleRecv,8,0,3.1327e-05
particleRecv,8,1,3.2703e-05
particleRecv,8,2,3.475e-05
particleRecv,8,3,3.7311e-05
particleRecv,8,4,3.4271e-05
particleRecv,8,5,3.8015e-05
particleRecv,8,6,3.5103e-05
particleRecv,8,7,3.5455e-05
particleRecv,8,8,4.9054e-05
particleRecv,8,9,3.7631e-05
particleDestroy,8,0,0.002802593
particleDestroy,8,1,0.002824577
particleDestroy,8,2,0.002827265
particleDestroy,8,3,0.002820289
particleDestroy,8,4,0.002826241
particleDestroy,8,5,0.002803105
particleDestroy,8,6,0.002815489
particleDestroy,8,7,0.002814305
particleDestroy,8,8,0.002821537
particleDestroy,8,9,0.002817889
ScatterPIFNUFFT,8,0,0.300704374
ScatterPIFNUFFT,8,1,1.1872e-05
ScatterPIFNUFFT,8,2,0.192069898
ScatterPIFNUFFT,8,3,2.3488e-05
ScatterPIFNUFFT,8,4,0.212371708
ScatterPIFNUFFT,8,5,2.1792e-05
ScatterPIFNUFFT,8,6,0.267022502
ScatterPIFNUFFT,8,7,3.2959e-05
ScatterPIFNUFFT,8,8,0.208573725
ScatterPIFNUFFT,8,9,2.6527e-05
ScatterPIFNUFFT,8,10,0.319040266
ScatterPIFNUFFT,8,11,9.407e-06
ScatterPIFNUFFT,8,12,0.208150378
ScatterPIFNUFFT,8,13,3.0303e-05
ScatterPIFNUFFT,8,14,0.212996967
ScatterPIFNUFFT,8,15,2.1119e-05
ScatterPIFNUFFT,8,16,0.160187454
ScatterPIFNUFFT,8,17,1.6895e-05
ScatterPIFNUFFT,8,18,0.20901979
ScatterPIFNUFFT,8,19,1.3984e-05
NativeNUFFT1,8,0,0.296245996
NativeNUFFT1,8,1,0.187543043
NativeNUFFT1,8,2,0.209881296
NativeNUFFT1,8,3,0.262647515
NativeNUFFT1,8,4,0.204143795
NativeNUFFT1,8,5,0.314622271
NativeNUFFT1,8,6,0.20354807
NativeNUFFT1,8,7,0.208585788
NativeNUFFT1,8,8,0.15586984
NativeNUFFT1,8,9,0.204454728
scatterTimerNUFFT1,8,0,0.165522442
scatterTimerNUFFT1,8,1,0.052746923
scatterTimerNUFFT1,8,2,0.080598622
scatterTimerNUFFT1,8,3,0.128893727
scatterTimerNUFFT1,8,4,0.074285395
scatterTimerNUFFT1,8,5,0.183306738
scatterTimerNUFFT1,8,6,0.074745667
scatterTimerNUFFT1,8,7,0.081242792
scatterTimerNUFFT1,8,8,0.021060089
scatterTimerNUFFT1,8,9,0.077715552
binSort,8,0,0.004242961
binSort,8,1,0.004229809
binSort,8,2,0.004255888
binSort,8,3,0.004221777
binSort,8,4,0.004230449
binSort,8,5,0.004285904
binSort,8,6,0.004200434
binSort,8,7,0.004212082
binSort,8,8,0.004287248
binSort,8,9,0.00419381
binSort,8,10,0.00420645
binSort,8,11,0.004261136
binSort,8,12,0.004252848
binSort,8,13,0.004300303
binSort,8,14,0.004187763
binSort,8,15,0.004201522
binSort,8,16,0.004293168
binSort,8,17,0.00422309
binSort,8,18,0.004312271
binSort,8,19,0.00427032
binSort,8,20,0.004247953
binSort,8,21,0.004243184
binSort,8,22,0.004246929
binSort,8,23,0.004260976
binSort,8,24,0.004245264
binSort,8,25,0.00426136
binSort,8,26,0.004254448
binSort,8,27,0.004307982
binSort,8,28,0.004277935
binSort,8,29,0.004261648
binSort,8,30,0.004276208
binSort,8,31,0.004236145
binSort,8,32,0.004249232
binSort,8,33,0.004275599
binSort,8,34,0.004221618
binSort,8,35,0.00427
binSort,8,36,0.004261648
binSort,8,37,0.00426696
binSort,8,38,0.004216498
binSort,8,39,0.004244977
binComputeKeys,8,0,0.000400403
binComputeKeys,8,1,0.000402194
binComputeKeys,8,2,0.000401042
binComputeKeys,8,3,0.000407634
binComputeKeys,8,4,0.000399283
binComputeKeys,8,5,0.000401107
binComputeKeys,8,6,0.00040645
binComputeKeys,8,7,0.000402898
binComputeKeys,8,8,0.000402163
binComputeKeys,8,9,0.000396338
binComputeKeys,8,10,0.000400115
binComputeKeys,8,11,0.000401266
binComputeKeys,8,12,0.000402355
binComputeKeys,8,13,0.00040933
binComputeKeys,8,14,0.000397619
binComputeKeys,8,15,0.000396979
binComputeKeys,8,16,0.000409043
binComputeKeys,8,17,0.000399827
binComputeKeys,8,18,0.000400179
binComputeKeys,8,19,0.000399539
binComputeKeys,8,20,0.000402803
binComputeKeys,8,21,0.000400786
binComputeKeys,8,22,0.000414386
binComputeKeys,8,23,0.000402003
binComputeKeys,8,24,0.000412114
binComputeKeys,8,25,0.000398482
binComputeKeys,8,26,0.000417682
binComputeKeys,8,27,0.000407986
binComputeKeys,8,28,0.000410034
binComputeKeys,8,29,0.000414034
binComputeKeys,8,30,0.000404242
binComputeKeys,8,31,0.000401619
binComputeKeys,8,32,0.000398034
binComputeKeys,8,33,0.000406706
binComputeKeys,8,34,0.000413394
binComputeKeys,8,35,0.000404563
binComputeKeys,8,36,0.00041653
binComputeKeys,8,37,0.000403283
binComputeKeys,8,38,0.000409939
binComputeKeys,8,39,0.000403507
binSortByKey,8,0,0.003639876
binSortByKey,8,1,0.003627878
binSortByKey,8,2,0.003637702
binSortByKey,8,3,0.003618822
binSortByKey,8,4,0.003628837
binSortByKey,8,5,0.003675492
binSortByKey,8,6,0.003601862
binSortByKey,8,7,0.003614022
binSortByKey,8,8,0.003667076
binSortByKey,8,9,0.00360359
binSortByKey,8,10,0.00360503
binSortByKey,8,11,0.003652005
binSortByKey,8,12,0.003646404
binSortByKey,8,13,0.003682436
binSortByKey,8,14,0.003597926
binSortByKey,8,15,0.00360759
binSortByKey,8,16,0.003677988
binSortByKey,8,17,0.003628517
binSortByKey,8,18,0.003693987
binSortByKey,8,19,0.003652069
binSortByKey,8,20,0.003639333
binSortByKey,8,21,0.003635621
binSortByKey,8,22,0.003637733
binSortByKey,8,23,0.003651236
binSortByKey,8,24,0.003632741
binSortByKey,8,25,0.003651845
binSortByKey,8,26,0.003641317
binSortByKey,8,27,0.003687267
binSortByKey,8,28,0.003663716
binSortByKey,8,29,0.003640741
binSortByKey,8,30,0.003656069
binSortByKey,8,31,0.003630021
binSortByKey,8,32,0.003647333
binSortByKey,8,33,0.003664132
binSortByKey,8,34,0.003612742
binSortByKey,8,35,0.003649509
binSortByKey,8,36,0.003640549
binSortByKey,8,37,0.003649988
binSortByKey,8,38,0.003611942
binSortByKey,8,39,0.003637701
binComputeOffsets,8,0,0.00020137
binComputeOffsets,8,1,0.000199225
binComputeOffsets,8,2,0.00021436
binComputeOffsets,8,3,0.000194937
binComputeOffsets,8,4,0.000201145
binComputeOffsets,8,5,0.000208633
binComputeOffsets,8,6,0.000191514
binComputeOffsets,8,7,0.000194522
binComputeOffsets,8,8,0.000214041
binComputeOffsets,8,9,0.00019337
binComputeOffsets,8,10,0.000200633
binComputeOffsets,8,11,0.000206457
binComputeOffsets,8,12,0.000202009
binComputeOffsets,8,13,0.000206457
binComputeOffsets,8,14,0.000191706
binComputeOffsets,8,15,0.000195801
binComputeOffsets,8,16,0.000201562
binComputeOffsets,8,17,0.000192442
binComputeOffsets,8,18,0.000215161
binComputeOffsets,8,19,0.000217433
binComputeOffsets,8,20,0.000202713
binComputeOffsets,8,21,0.000205465
binComputeOffsets,8,22,0.000193018
binComputeOffsets,8,23,0.000205561
binComputeOffsets,8,24,0.000198393
binComputeOffsets,8,25,0.000210297
binComputeOffsets,8,26,0.000194617
binComputeOffsets,8,27,0.000209849
binComputeOffsets,8,28,0.000200889
binComputeOffsets,8,29,0.000206201
binComputeOffsets,8,30,0.000214969
binComputeOffsets,8,31,0.000204089
binComputeOffsets,8,32,0.000200057
binComputeOffsets,8,33,0.000203033
binComputeOffsets,8,34,0.000194458
binComputeOffsets,8,35,0.00021452
binComputeOffsets,8,36,0.000203129
binComputeOffsets,8,37,0.000213049
binComputeOffsets,8,38,0.000192665
binComputeOffsets,8,39,0.000202329
FFTNUFFT1,8,0,0.130059641
FFTNUFFT1,8,1,0.134122256
FFTNUFFT1,8,2,0.128618728
FFTNUFFT1,8,3,0.133106226
FFTNUFFT1,8,4,0.129192246
FFTNUFFT1,8,5,0.130653795
FFTNUFFT1,8,6,0.128151705
FFTNUFFT1,8,7,0.126668203
FFTNUFFT1,8,8,0.134151534
FFTNUFFT1,8,9,0.126079423
deconvolutionNUFFT1,8,0,0.000661929
deconvolutionNUFFT1,8,1,0.000671881
deconvolutionNUFFT1,8,2,0.000662762
deconvolutionNUFFT1,8,3,0.000644779
deconvolutionNUFFT1,8,4,0.000662858
deconvolutionNUFFT1,8,5,0.00065969
deconvolutionNUFFT1,8,6,0.000649066
deconvolutionNUFFT1,8,7,0.000673289
deconvolutionNUFFT1,8,8,0.000654345
deconvolutionNUFFT1,8,9,0.000657546
GatherPIFNUFFT,8,0,0.468012163
GatherPIFNUFFT,8,1,0.461840948
GatherPIFNUFFT,8,2,0.45869539
GatherPIFNUFFT,8,3,0.457371403
GatherPIFNUFFT,8,4,0.462589978
GatherPIFNUFFT,8,5,0.454464781
GatherPIFNUFFT,8,6,0.461174571
GatherPIFNUFFT,8,7,0.464092041
GatherPIFNUFFT,8,8,0.458622849
GatherPIFNUFFT,8,9,0.468673517
NativeNUFFT2,8,0,0.158730767
NativeNUFFT2,8,1,0.153745912
NativeNUFFT2,8,2,0.154033167
NativeNUFFT2,8,3,0.153772695
NativeNUFFT2,8,4,0.152174317
NativeNUFFT2,8,5,0.152159054
NativeNUFFT2,8,6,0.153259241
NativeNUFFT2,8,7,0.151981204
NativeNUFFT2,8,8,0.151827193
NativeNUFFT2,8,9,0.149270223
NativeNUFFT2,8,10,0.152140558
NativeNUFFT2,8,11,0.154402786
NativeNUFFT2,8,12,0.153125932
NativeNUFFT2,8,13,0.154305189
NativeNUFFT2,8,14,0.153537535
NativeNUFFT2,8,15,0.151675166
NativeNUFFT2,8,16,0.148396109
NativeNUFFT2,8,17,0.152848406
NativeNUFFT2,8,18,0.15089164
NativeNUFFT2,8,19,0.154505278
NativeNUFFT2,8,20,0.152748474
NativeNUFFT2,8,21,0.152403686
NativeNUFFT2,8,22,0.149997462
NativeNUFFT2,8,23,0.160129889
NativeNUFFT2,8,24,0.152097648
NativeNUFFT2,8,25,0.155330403
NativeNUFFT2,8,26,0.149547878
NativeNUFFT2,8,27,0.160557297
NativeNUFFT2,8,28,0.153675515
NativeNUFFT2,8,29,0.152893077
PrecorrectionNUFFT2,8,0,0.001615913
PrecorrectionNUFFT2,8,1,0.002592521
PrecorrectionNUFFT2,8,2,0.002598345
PrecorrectionNUFFT2,8,3,0.001597194
PrecorrectionNUFFT2,8,4,0.00259892
PrecorrectionNUFFT2,8,5,0.002594185
PrecorrectionNUFFT2,8,6,0.00161617
PrecorrectionNUFFT2,8,7,0.002608872
PrecorrectionNUFFT2,8,8,0.002618887
PrecorrectionNUFFT2,8,9,0.001599754
PrecorrectionNUFFT2,8,10,0.00261924
PrecorrectionNUFFT2,8,11,0.002610728
PrecorrectionNUFFT2,8,12,0.001602057
PrecorrectionNUFFT2,8,13,0.002618023
PrecorrectionNUFFT2,8,14,0.002625799
PrecorrectionNUFFT2,8,15,0.001619305
PrecorrectionNUFFT2,8,16,0.002603976
PrecorrectionNUFFT2,8,17,0.002616807
PrecorrectionNUFFT2,8,18,0.001619529
PrecorrectionNUFFT2,8,19,0.002631687
PrecorrectionNUFFT2,8,20,0.002581353
PrecorrectionNUFFT2,8,21,0.00162209
PrecorrectionNUFFT2,8,22,0.002587208
PrecorrectionNUFFT2,8,23,0.002628679
PrecorrectionNUFFT2,8,24,0.00159905
PrecorrectionNUFFT2,8,25,0.002590601
PrecorrectionNUFFT2,8,26,0.002610856
PrecorrectionNUFFT2,8,27,0.001608233
PrecorrectionNUFFT2,8,28,0.002611944
PrecorrectionNUFFT2,8,29,0.002582633
FFTNUFFT2,8,0,0.136560892
FFTNUFFT2,8,1,0.124542067
FFTNUFFT2,8,2,0.126884899
FFTNUFFT2,8,3,0.128009374
FFTNUFFT2,8,4,0.132656321
FFTNUFFT2,8,5,0.132817532
FFTNUFFT2,8,6,0.136635514
FFTNUFFT2,8,7,0.129335377
FFTNUFFT2,8,8,0.128968861
FFTNUFFT2,8,9,0.126391029
FFTNUFFT2,8,10,0.135032209
FFTNUFFT2,8,11,0.135791223
FFTNUFFT2,8,12,0.1340948
FFTNUFFT2,8,13,0.135105102
FFTNUFFT2,8,14,0.126900419
FFTNUFFT2,8,15,0.132169777
FFTNUFFT2,8,16,0.125567184
FFTNUFFT2,8,17,0.133662847
FFTNUFFT2,8,18,0.134894772
FFTNUFFT2,8,19,0.130519656
FFTNUFFT2,8,20,0.130656963
FFTNUFFT2,8,21,0.134991121
FFTNUFFT2,8,22,0.132762172
FFTNUFFT2,8,23,0.131939768
FFTNUFFT2,8,24,0.130963962
FFTNUFFT2,8,25,0.138992394
FFTNUFFT2,8,26,0.132735197
FFTNUFFT2,8,27,0.140342269
FFTNUFFT2,8,28,0.136528702
FFTNUFFT2,8,29,0.127959744
GatherNUFFT2,8,0,0.014411578
GatherNUFFT2,8,1,0.020464237
GatherNUFFT2,8,2,0.018438801
GatherNUFFT2,8,3,0.018011775
GatherNUFFT2,8,4,0.010805298
GatherNUFFT2,8,5,0.010616408
GatherNUFFT2,8,6,0.008866068
GatherNUFFT2,8,7,0.013908585
GatherNUFFT2,8,8,0.014109859
GatherNUFFT2,8,9,0.01514544
GatherNUFFT2,8,10,0.008359461
GatherNUFFT2,8,11,0.009883377
GatherNUFFT2,8,12,0.011315362
GatherNUFFT2,8,13,0.010425472
GatherNUFFT2,8,14,0.017895043
GatherNUFFT2,8,15,0.011772402
GatherNUFFT2,8,16,0.014079907
GatherNUFFT2,8,17,0.010419647
GatherNUFFT2,8,18,0.008259306
GatherNUFFT2,8,19,0.015228542
GatherNUFFT2,8,20,0.0134095
GatherNUFFT2,8,21,0.009645626
GatherNUFFT2,8,22,0.008555072
GatherNUFFT2,8,23,0.01944936
GatherNUFFT2,8,24,0.013411547
GatherNUFFT2,8,25,0.007644382
GatherNUFFT2,8,26,0.008048528
GatherNUFFT2,8,27,0.012495418
GatherNUFFT2,8,28,0.008423107
GatherNUFFT2,8,29,0.016219643
mainTimer,9,0,7.524179676
dumpData,9,0,0.008897524
dumpData,9,1,0.007335912
dumpData,9,2,0.008141389
dumpData,9,3,0.007397895
dumpData,9,4,0.009639259
dumpData,9,5,0.008991953
dumpData,9,6,0.007844343
dumpData,9,7,0.007702587
dumpData,9,8,0.007976019
dumpData,9,9,0.007728219
kick,9,0,3.3311e-05
kick,9,1,1.0591e-05
kick,9,2,3.9742e-05
kick,9,3,6.976e-06
kick,9,4,4.1918e-05
kick,9,5,7.104e-06
kick,9,6,4.0415e-05
kick,9,7,1.2991e-05
kick,9,8,4.0959e-05
kick,9,9,8.191e-06
kick,9,10,4.6718e-05
kick,9,11,7.232e-06
kick,9,12,4.0063e-05
kick,9,13,9.92e-06
kick,9,14,3.9039e-05
kick,9,15,8.736e-06
kick,9,16,3.7215e-05
kick,9,17,9.376e-06
kick,9,18,3.8687e-05
kick,9,19,8.16e-06
drift,9,0,8.16e-06
drift,9,1,8.704e-06
drift,9,2,8.864e-06
drift,9,3,1.0624e-05
drift,9,4,1.0976e-05
drift,9,5,1.008e-05
drift,9,6,9.536e-06
drift,9,7,9.92e-06
drift,9,8,1.1167e-05
drift,9,9,9.728e-06
particleBC,9,0,1.3119e-05
particleBC,9,1,1.3184e-05
particleBC,9,2,1.12e-05
particleBC,9,3,1.3376e-05
particleBC,9,4,1.2735e-05
particleBC,9,5,1.5167e-05
particleBC,9,6,9.119e-06
particleBC,9,7,1.0911e-05
particleBC,9,8,1.3248e-05
particleBC,9,9,1.8687e-05
updateParticle,9,0,0.064374883
updateParticle,9,1,0.125240378
updateParticle,9,2,0.064469694
updateParticle,9,3,0.009507967
updateParticle,9,4,0.063054767
updateParticle,9,5,0.009488512
updateParticle,9,6,0.009562718
updateParticle,9,7,0.064260167
updateParticle,9,8,0.065085738
updateParticle,9,9,0.009543773
locateParticles,9,0,0.004021849
locateParticles,9,1,0.004022616
locateParticles,9,2,0.004013784
locateParticles,9,3,0.003993049
locateParticles,9,4,0.00402636
locateParticles,9,5,0.004001209
locateParticles,9,6,0.003991002
locateParticles,9,7,0.004019801
locateParticles,9,8,0.004002232
locateParticles,9,9,0.004014073
sendPreprocess,9,0,0.000315829
sendPreprocess,9,1,0.000351636
sendPreprocess,9,2,0.000368148
sendPreprocess,9,3,0.000379859
sendPreprocess,9,4,0.000364596
sendPreprocess,9,5,0.0003589
sendPreprocess,9,6,0.000387027
sendPreprocess,9,7,0.000364019
sendPreprocess,9,8,0.00042709
sendPreprocess,9,9,0.000343892
particleSend,9,0,0.001084827
particleSend,9,1,0.001041661
particleSend,9,2,0.00118444
particleSend,9,3,0.001058684
particleSend,9,4,0.001155353
particleSend,9,5,0.001046493
particleSend,9,6,0.001067228
particleSend,9,7,0.001174809
particleSend,9,8,0.001100155
particleSend,9,9,0.001075708
particleRecv,9,0,3.2703e-05
particleRecv,9,1,3.987e-05
particleRecv,9,2,4.035e-05
particleRecv,9,3,3.5583e-05
particleRecv,9,4,3.3183e-05
particleRecv,9,5,3.6767e-05
particleRecv,9,6,3.891e-05
particleRecv,9,7,3.7182e-05
particleRecv,9,8,3.7598e-05
particleRecv,9,9,3.8462e-05
particleDestroy,9,0,0.002994875
particleDestroy,9,1,0.002992123
particleDestroy,9,2,0.002989435
particleDestroy,9,3,0.002992987
particleDestroy,9,4,0.003014682
particleDestroy,9,5,0.003016186
particleDestroy,9,6,0.003028442
particleDestroy,9,7,0.00302281
particleDestroy,9,8,0.003039226
particleDestroy,9,9,0.003034042
ScatterPIFNUFFT,9,0,0.305892743
ScatterPIFNUFFT,9,1,1.872e-05
ScatterPIFNUFFT,9,2,0.19232413
ScatterPIFNUFFT,9,3,1.2832e-05
ScatterPIFNUFFT,9,4,0.216165276
ScatterPIFNUFFT,9,5,4.1118e-05
ScatterPIFNUFFT,9,6,0.264286691
ScatterPIFNUFFT,9,7,1.8848e-05
ScatterPIFNUFFT,9,8,0.204076245
ScatterPIFNUFFT,9,9,8.448e-06
ScatterPIFNUFFT,9,10,0.322098115
ScatterPIFNUFFT,9,11,4.9182e-05
ScatterPIFNUFFT,9,12,0.20845552
ScatterPIFNUFFT,9,13,2.6207e-05
ScatterPIFNUFFT,9,14,0.212463833
ScatterPIFNUFFT,9,15,1.9776e-05
ScatterPIFNUFFT,9,16,0.15792209
ScatterPIFNUFFT,9,17,1.6224e-05
ScatterPIFNUFFT,9,18,0.211596951
ScatterPIFNUFFT,9,19,2.6015e-05
NativeNUFFT1,9,0,0.30145718
NativeNUFFT1,9,1,0.188026131
NativeNUFFT1,9,2,0.211645909
NativeNUFFT1,9,3,0.259716765
NativeNUFFT1,9,4,0.199694409
NativeNUFFT1,9,5,0.317686999
NativeNUFFT1,9,6,0.203973336
NativeNUFFT1,9,7,0.208129836
NativeNUFFT1,9,8,0.153531647
NativeNUFFT1,9,9,0.207230283
scatterTimerNUFFT1,9,0,0.165059226
scatterTimerNUFFT1,9,1,0.053232667
scatterTimerNUFFT1,9,2,0.077122484
scatterTimerNUFFT1,9,3,0.128917406
scatterTimerNUFFT1,9,4,0.074383184
scatterTimerNUFFT1,9,5,0.183280082
scatterTimerNUFFT1,9,6,0.075063641
scatterTimerNUFFT1,9,7,0.081352068
scatterTimerNUFFT1,9,8,0.021836575
scatterTimerNUFFT1,9,9,0.077942872
binSort,9,0,0.004445066
binSort,9,1,0.004483401
binSort,9,2,0.004420971
binSort,9,3,0.004429514
binSort,9,4,0.004480201
binSort,9,5,0.004502376
binSort,9,6,0.004467465
binSort,9,7,0.004518919
binSort,9,8,0.004559622
binSort,9,9,0.004463689
binSort,9,10,0.004473512
binSort,9,11,0.004530534
binSort,9,12,0.00450148
binSort,9,13,0.004475177
binSort,9,14,0.004538439
binSort,9,15,0.004455177
binSort,9,16,0.00445089
binSort,9,17,0.004507016
binSort,9,18,0.004466602
binSort,9,19,0.00451508
binSort,9,20,0.004445161
binSort,9,21,0.004479401
binSort,9,22,0.004510503
binSort,9,23,0.004449418
binSort,9,24,0.004487048
binSort,9,25,0.004465482
binSort,9,26,0.00448292
binSort,9,27,0.004533096
binSort,9,28,0.004448585
binSort,9,29,0.004511112
binSort,9,30,0.004478857
binSort,9,31,0.004455818
binSort,9,32,0.004442314
binSort,9,33,0.004546182
binSort,9,34,0.004514087
binSort,9,35,0.00449572
binSort,9,36,0.004497768
binSort,9,37,0.004510088
binSort,9,38,0.004441834
binSort,9,39,0.004509224
binComputeKeys,9,0,0.000434962
binComputeKeys,9,1,0.000444625
binComputeKeys,9,2,0.000417074
binComputeKeys,9,3,0.000420946
binComputeKeys,9,4,0.00043013
binComputeKeys,9,5,0.000423954
binComputeKeys,9,6,0.000425393
binComputeKeys,9,7,0.000420018
binComputeKeys,9,8,0.000425842
binComputeKeys,9,9,0.000419825
binComputeKeys,9,10,0.000421041
binComputeKeys,9,11,0.000438193
binComputeKeys,9,12,0.000445393
binComputeKeys,9,13,0.000432753
binComputeKeys,9,14,0.000422674
binComputeKeys,9,15,0.000424849
binComputeKeys,9,16,0.000429041
binComputeKeys,9,17,0.000425874
binComputeKeys,9,18,0.000437105
binComputeKeys,9,19,0.000428562
binComputeKeys,9,20,0.000428049
binComputeKeys,9,21,0.000421778
binComputeKeys,9,22,0.000432529
binComputeKeys,9,23,0.000424338
binComputeKeys,9,24,0.000437041
binComputeKeys,9,25,0.000432978
binComputeKeys,9,26,0.000434929
binComputeKeys,9,27,0.000420114
binComputeKeys,9,28,0.00042325
binComputeKeys,9,29,0.00041893
binComputeKeys,9,30,0.000442065
binComputeKeys,9,31,0.000432658
binComputeKeys,9,32,0.000421234
binComputeKeys,9,33,0.000421778
binComputeKeys,9,34,0.000420369
binComputeKeys,9,35,0.000434705
binComputeKeys,9,36,0.000428337
binComputeKeys,9,37,0.00042677
binComputeKeys,9,38,0.000425521
binComputeKeys,9,39,0.000419218
binSortByKey,9,0,0.003804383
binSortByKey,9,1,0.003834687
binSortByKey,9,2,0.003801119
binSortByKey,9,3,0.003805407
binSortByKey,9,4,0.003839454
binSortByKey,9,5,0.003861118
binSortByKey,9,6,0.003828415
binSortByKey,9,7,0.003869693
binSortByKey,9,8,0.003905084
binSortByKey,9,9,0.003834879
binSortByKey,9,10,0.003839614
binSortByKey,9,11,0.003872381
binSortByKey,9,12,0.003834302
binSortByKey,9,13,0.003838495
binSortByKey,9,14,0.00388774
binSortByKey,9,15,0.003824191
binSortByKey,9,16,0.00381216
binSortByKey,9,17,0.003856254
binSortByKey,9,18,0.003826975
binSortByKey,9,19,0.003873373
binSortByKey,9,20,0.003812031
binSortByKey,9,21,0.003845438
binSortByKey,9,22,0.003863486
binSortByKey,9,23,0.003821279
binSortByKey,9,24,0.003833982
binSortByKey,9,25,0.003827071
binSortByKey,9,26,0.003836159
binSortByKey,9,27,0.003883933
binSortByKey,9,28,0.003816094
binSortByKey,9,29,0.003862622
binSortByKey,9,30,0.003832575
binSortByKey,9,31,0.003821439
binSortByKey,9,32,0.003812575
binSortByKey,9,33,0.003881565
binSortByKey,9,34,0.003861086
binSortByKey,9,35,0.003848127
binSortByKey,9,36,0.003861374
binSortByKey,9,37,0.003858653
binSortByKey,9,38,0.003813632
binSortByKey,9,39,0.003865534
binComputeOffsets,9,0,0.000203705
binComputeOffsets,9,1,0.000202777
binComputeOffsets,9,2,0.00020121
binComputeOffsets,9,3,0.000201977
binComputeOffsets,9,4,0.000208697
binComputeOffsets,9,5,0.000216216
binComputeOffsets,9,6,0.000212281
binComputeOffsets,9,7,0.000228184
binComputeOffsets,9,8,0.000225112
binComputeOffsets,9,9,0.000207801
binComputeOffsets,9,10,0.000210585
binComputeOffsets,9,11,0.000217848
binComputeOffsets,9,12,0.000219993
binComputeOffsets,9,13,0.000202969
binComputeOffsets,9,14,0.000227065
binComputeOffsets,9,15,0.000203001
binComputeOffsets,9,16,0.000206297
binComputeOffsets,9,17,0.000223448
binComputeOffsets,9,18,0.000201722
binComputeOffsets,9,19,0.000209753
binComputeOffsets,9,20,0.000203321
binComputeOffsets,9,21,0.000209721
binComputeOffsets,9,22,0.000212632
binComputeOffsets,9,23,0.000201785
binComputeOffsets,9,24,0.000214361
binComputeOffsets,9,25,0.000204953
binComputeOffsets,9,26,0.000210936
binComputeOffsets,9,27,0.000227609
binComputeOffsets,9,28,0.000207257
binComputeOffsets,9,29,0.000227672
binComputeOffsets,9,30,0.000203065
binComputeOffsets,9,31,0.000200089
binComputeOffsets,9,32,0.000205305
binComputeOffsets,9,33,0.000241239
binComputeOffsets,9,34,0.00023132
binComputeOffsets,9,35,0.000212344
binComputeOffsets,9,36,0.000205273
binComputeOffsets,9,37,0.000221913
binComputeOffsets,9,38,0.000201113
binComputeOffsets,9,39,0.00022172
FFTNUFFT1,9,0,0.135726361
FFTNUFFT1,9,1,0.134102735
FFTNUFFT1,9,2,0.133851448
FFTNUFFT1,9,3,0.130103159
FFTNUFFT1,9,4,0.12462424
FFTNUFFT1,9,5,0.133726108
FFTNUFFT1,9,6,0.128230934
FFTNUFFT1,9,7,0.12610627
FFTNUFFT1,9,8,0.131025367
FFTNUFFT1,9,9,0.128614602
deconvolutionNUFFT1,9,0,0.000669641
deconvolutionNUFFT1,9,1,0.000688393
deconvolutionNUFFT1,9,2,0.000669225
deconvolutionNUFFT1,9,3,0.000694056
deconvolutionNUFFT1,9,4,0.000683625
deconvolutionNUFFT1,9,5,0.000676585
deconvolutionNUFFT1,9,6,0.000675977
deconvolutionNUFFT1,9,7,0.000669322
deconvolutionNUFFT1,9,8,0.000664233
deconvolutionNUFFT1,9,9,0.000670633
GatherPIFNUFFT,9,0,0.462014926
GatherPIFNUFFT,9,1,0.461367268
GatherPIFNUFFT,9,2,0.455692484
GatherPIFNUFFT,9,3,0.4598214
GatherPIFNUFFT,9,4,0.467132993
GatherPIFNUFFT,9,5,0.451515345
GatherPIFNUFFT,9,6,0.461316901
GatherPIFNUFFT,9,7,0.465105062
GatherPIFNUFFT,9,8,0.462826931
GatherPIFNUFFT,9,9,0.466409625
NativeNUFFT2,9,0,0.152797592
NativeNUFFT2,9,1,0.153623804
NativeNUFFT2,9,2,0.1538605
NativeNUFFT2,9,3,0.152547649
NativeNUFFT2,9,4,0.152569632
NativeNUFFT2,9,5,0.152524802
NativeNUFFT2,9,6,0.151628991
NativeNUFFT2,9,7,0.151730172
NativeNUFFT2,9,8,0.150699135
NativeNUFFT2,9,9,0.152374375
NativeNUFFT2,9,10,0.151053939
NativeNUFFT2,9,11,0.15468204
NativeNUFFT2,9,12,0.156672405
NativeNUFFT2,9,13,0.154425056
NativeNUFFT2,9,14,0.152971474
NativeNUFFT2,9,15,0.147900222
NativeNUFFT2,9,16,0.147383311
NativeNUFFT2,9,17,0.153262377
NativeNUFFT2,9,18,0.152592159
NativeNUFFT2,9,19,0.152471523
NativeNUFFT2,9,20,0.153698362
NativeNUFFT2,9,21,0.153198859
NativeNUFFT2,9,22,0.150553636
NativeNUFFT2,9,23,0.158376732
NativeNUFFT2,9,24,0.155924207
NativeNUFFT2,9,25,0.155362113
NativeNUFFT2,9,26,0.149726656
NativeNUFFT2,9,27,0.158599636
NativeNUFFT2,9,28,0.153528543
NativeNUFFT2,9,29,0.152674044
PrecorrectionNUFFT2,9,0,0.001627785
PrecorrectionNUFFT2,9,1,0.002696261
PrecorrectionNUFFT2,9,2,0.002693413
PrecorrectionNUFFT2,9,3,0.001682599
PrecorrectionNUFFT2,9,4,0.002697061
PrecorrectionNUFFT2,9,5,0.002687622
PrecorrectionNUFFT2,9,6,0.00164436
PrecorrectionNUFFT2,9,7,0.002691845
PrecorrectionNUFFT2,9,8,0.00269255
PrecorrectionNUFFT2,9,9,0.001643785
PrecorrectionNUFFT2,9,10,0.002698373
PrecorrectionNUFFT2,9,11,0.002703876
PrecorrectionNUFFT2,9,12,0.001640009
PrecorrectionNUFFT2,9,13,0.00270106
PrecorrectionNUFFT2,9,14,0.002688422
PrecorrectionNUFFT2,9,15,0.001634569
PrecorrectionNUFFT2,9,16,0.002692549
PrecorrectionNUFFT2,9,17,0.002702757
PrecorrectionNUFFT2,9,18,0.001643305
PrecorrectionNUFFT2,9,19,0.002691365
PrecorrectionNUFFT2,9,20,0.002718436
PrecorrectionNUFFT2,9,21,0.001684679
PrecorrectionNUFFT2,9,22,0.002691333
PrecorrectionNUFFT2,9,23,0.002692805
PrecorrectionNUFFT2,9,24,0.001651048
PrecorrectionNUFFT2,9,25,0.002689925
PrecorrectionNUFFT2,9,26,0.002718564
PrecorrectionNUFFT2,9,27,0.001643976
PrecorrectionNUFFT2,9,28,0.002691045
PrecorrectionNUFFT2,9,29,0.002690565
FFTNUFFT2,9,0,0.130888956
FFTNUFFT2,9,1,0.130593255
FFTNUFFT2,9,2,0.13425118
FFTNUFFT2,9,3,0.126508304
FFTNUFFT2,9,4,0.130925307
FFTNUFFT2,9,5,0.128605705
FFTNUFFT2,9,6,0.124326202
FFTNUFFT2,9,7,0.133746588
FFTNUFFT2,9,8,0.12883501
FFTNUFFT2,9,9,0.130789951
FFTNUFFT2,9,10,0.124740396
FFTNUFFT2,9,11,0.125828263
FFTNUFFT2,9,12,0.133775386
FFTNUFFT2,9,13,0.137622105
FFTNUFFT2,9,14,0.128417552
FFTNUFFT2,9,15,0.121837454
FFTNUFFT2,9,16,0.123917736
FFTNUFFT2,9,17,0.135355526
FFTNUFFT2,9,18,0.13661913
FFTNUFFT2,9,19,0.132287372
FFTNUFFT2,9,20,0.130160853
FFTNUFFT2,9,21,0.134632957
FFTNUFFT2,9,22,0.133555745
FFTNUFFT2,9,23,0.137677462
FFTNUFFT2,9,24,0.130482763
FFTNUFFT2,9,25,0.13390751
FFTNUFFT2,9,26,0.131820412
FFTNUFFT2,9,27,0.141494198
FFTNUFFT2,9,28,0.128390321
FFTNUFFT2,9,29,0.125857126
GatherNUFFT2,9,0,0.013890763
GatherNUFFT2,9,1,0.01392065
GatherNUFFT2,9,2,0.010511644
GatherNUFFT2,9,3,0.017948513
GatherNUFFT2,9,4,0.01258863
GatherNUFFT2,9,5,0.01484129
GatherNUFFT2,9,6,0.019298324
GatherNUFFT2,9,7,0.00892245
GatherNUFFT2,9,8,0.012811567
GatherNUFFT2,9,9,0.013533143
GatherNUFFT2,9,10,0.01725353
GatherNUFFT2,9,11,0.019750501
GatherNUFFT2,9,12,0.014861418
GatherNUFFT2,9,13,0.007727131
GatherNUFFT2,9,14,0.01543311
GatherNUFFT2,9,15,0.018040478
GatherNUFFT2,9,16,0.014386426
GatherNUFFT2,9,17,0.008789527
GatherNUFFT2,9,18,0.007938708
GatherNUFFT2,9,19,0.011096458
GatherNUFFT2,9,20,0.014404538
GatherNUFFT2,9,21,0.010486526
GatherNUFFT2,9,22,0.007906773
GatherNUFFT2,9,23,0.011588185
GatherNUFFT2,9,24,0.017277304
GatherNUFFT2,9,25,0.012364063
GatherNUFFT2,9,26,0.008782903
GatherNUFFT2,9,27,0.009059054
GatherNUFFT2,9,28,0.015929414
GatherNUFFT2,9,29,0.017724873
mainTimer,10,0,7.524181116
dumpData,10,0,0.010021326
dumpData,10,1,0.008967569
dumpData,10,2,0.007658685
dumpData,10,3,0.009485696
dumpData,10,4,0.009177098
dumpData,10,5,0.008444675
dumpData,10,6,0.008403812
dumpData,10,7,0.008351077
dumpData,10,8,0.008521729
dumpData,10,9,0.008932243
kick,10,0,3.5071e-05
kick,10,1,8e-06
kick,10,2,3.8974e-05
kick,10,3,9.184e-06
kick,10,4,4.1118e-05
kick,10,5,7.616e-06
kick,10,6,4.0575e-05
kick,10,7,1.0368e-05
kick,10,8,4.1119e-05
kick,10,9,7.712e-06
kick,10,10,4.6686e-05
kick,10,11,9.088e-06
kick,10,12,3.9999e-05
kick,10,13,1.2128e-05
kick,10,14,3.8271e-05
kick,10,15,8.128e-06
kick,10,16,3.7119e-05
kick,10,17,1.1967e-05
kick,10,18,3.7887e-05
kick,10,19,7.551e-06
drift,10,0,7.424e-06
drift,10,1,8.608e-06
drift,10,2,8.352e-06
drift,10,3,1.04e-05
drift,10,4,1.0432e-05
drift,10,5,8.672e-06
drift,10,6,7.84e-06
drift,10,7,9.216e-06
drift,10,8,1.0752e-05
drift,10,9,8.736e-06
particleBC,10,0,1.1615e-05
particleBC,10,1,1.3312e-05
particleBC,10,2,9.984e-06
particleBC,10,3,1.328e-05
particleBC,10,4,1.2127e-05
particleBC,10,5,1.5647e-05
particleBC,10,6,1.0271e-05
particleBC,10,7,1.1615e-05
particleBC,10,8,1.4016e-05
particleBC,10,9,1.9711e-05
updateParticle,10,0,0.064362116
updateParticle,10,1,0.125174749
updateParticle,10,2,0.064427648
updateParticle,10,3,0.009435073
updateParticle,10,4,0.062987441
updateParticle,10,5,0.009482624
updateParticle,10,6,0.009583229
updateParticle,10,7,0.064129356
updateParticle,10,8,0.065024268
updateParticle,10,9,0.009534942
locateParticles,10,0,0.003653989
locateParticles,10,1,0.003651652
locateParticles,10,2,0.003642021
locateParticles,10,3,0.003626789
locateParticles,10,4,0.003660549
locateParticles,10,5,0.003652069
locateParticles,10,6,0.003650917
locateParticles,10,7,0.003649989
locateParticles,10,8,0.00364906
locateParticles,10,9,0.003645477
sendPreprocess,10,0,0.000684809
sendPreprocess,10,1,0.000724424
sendPreprocess,10,2,0.000739879
sendPreprocess,10,3,0.000747975
sendPreprocess,10,4,0.000732871
sendPreprocess,10,5,0.000708872
sendPreprocess,10,6,0.000727624
sendPreprocess,10,7,0.000733447
sendPreprocess,10,8,0.000779366
sendPreprocess,10,9,0.000715336
particleSend,10,0,0.001042141
particleSend,10,1,0.00111321
particleSend,10,2,0.0010655
particleSend,10,3,0.0010583
particleSend,10,4,0.001031997
particleSend,10,5,0.001088347
particleSend,10,6,0.001120218
particleSend,10,7,0.001038525
particleSend,10,8,0.0011806
particleSend,10,9,0.001072892
particleRecv,10,0,3.3918e-05
particleRecv,10,1,3.2607e-05
particleRecv,10,2,4.1246e-05
particleRecv,10,3,3.3727e-05
particleRecv,10,4,3.5263e-05
particleRecv,10,5,3.8239e-05
particleRecv,10,6,3.6543e-05
particleRecv,10,7,3.5135e-05
particleRecv,10,8,3.2863e-05
particleRecv,10,9,4.0286e-05
particleDestroy,10,0,0.002785027
particleDestroy,10,1,0.002775874
particleDestroy,10,2,0.002784834
particleDestroy,10,3,0.002762691
particleDestroy,10,4,0.002781506
particleDestroy,10,5,0.002768739
particleDestroy,10,6,0.00276045
particleDestroy,10,7,0.002786082
particleDestroy,10,8,0.00276237
particleDestroy,10,9,0.002758659
ScatterPIFNUFFT,10,0,0.308912096
ScatterPIFNUFFT,10,1,2.4575e-05
ScatterPIFNUFFT,10,2,0.193957641
ScatterPIFNUFFT,10,3,2.4287e-05
ScatterPIFNUFFT,10,4,0.211815344
ScatterPIFNUFFT,10,5,5.475e-05
ScatterPIFNUFFT,10,6,0.263647929
ScatterPIFNUFFT,10,7,3.0751e-05
ScatterPIFNUFFT,10,8,0.206605535
ScatterPIFNUFFT,10,9,1.6351e-05
ScatterPIFNUFFT,10,10,0.320682291
ScatterPIFNUFFT,10,11,2.3999e-05
ScatterPIFNUFFT,10,12,0.207140973
ScatterPIFNUFFT,10,13,3.0207e-05
ScatterPIFNUFFT,10,14,0.220230771
ScatterPIFNUFFT,10,15,2.0543e-05
ScatterPIFNUFFT,10,16,0.158874698
ScatterPIFNUFFT,10,17,2.3295e-05
ScatterPIFNUFFT,10,18,0.219468044
ScatterPIFNUFFT,10,19,1.7119e-05
NativeNUFFT1,10,0,0.304500021
NativeNUFFT1,10,1,0.189640092
NativeNUFFT1,10,2,0.207300743
NativeNUFFT1,10,3,0.259168401
NativeNUFFT1,10,4,0.202177109
NativeNUFFT1,10,5,0.316259015
NativeNUFFT1,10,6,0.202842814
NativeNUFFT1,10,7,0.215826664
NativeNUFFT1,10,8,0.154470719
NativeNUFFT1,10,9,0.215123296
scatterTimerNUFFT1,10,0,0.16541499
scatterTimerNUFFT1,10,1,0.052245308
scatterTimerNUFFT1,10,2,0.07858157
scatterTimerNUFFT1,10,3,0.128042652
scatterTimerNUFFT1,10,4,0.073630377
scatterTimerNUFFT1,10,5,0.182415792
scatterTimerNUFFT1,10,6,0.073943615
scatterTimerNUFFT1,10,7,0.080668027
scatterTimerNUFFT1,10,8,0.020656166
scatterTimerNUFFT1,10,9,0.076957849
binSort,10,0,0.004115861
binSort,10,1,0.003995225
binSort,10,2,0.004025656
binSort,10,3,0.003998201
binSort,10,4,0.004095414
binSort,10,5,0.00399209
binSort,10,6,0.003960858
binSort,10,7,0.004002073
binSort,10,8,0.004114101
binSort,10,9,0.003970266
binSort,10,10,0.003983001
binSort,10,11,0.00397001
binSort,10,12,0.00407039
binSort,10,13,0.004058455
binSort,10,14,0.004002297
binSort,10,15,0.004025655
binSort,10,16,0.004094166
binSort,10,17,0.004013816
binSort,10,18,0.003997849
binSort,10,19,0.004015896
binSort,10,20,0.00409391
binSort,10,21,0.003971897
binSort,10,22,0.004041144
binSort,10,23,0.00396137
binSort,10,24,0.004106133
binSort,10,25,0.004003097
binSort,10,26,0.004030615
binSort,10,27,0.00403468
binSort,10,28,0.004105781
binSort,10,29,0.003968698
binSort,10,30,0.004019256
binSort,10,31,0.003982746
binSort,10,32,0.004113781
binSort,10,33,0.004000664
binSort,10,34,0.004001272
binSort,10,35,0.003977402
binSort,10,36,0.004136341
binSort,10,37,0.00397545
binSort,10,38,0.004005016
binSort,10,39,0.003951226
binComputeKeys,10,0,0.000394099
binComputeKeys,10,1,0.000376371
binComputeKeys,10,2,0.000384915
binComputeKeys,10,3,0.000378675
binComputeKeys,10,4,0.000385939
binComputeKeys,10,5,0.000382195
binComputeKeys,10,6,0.000375315
binComputeKeys,10,7,0.000379571
binComputeKeys,10,8,0.000385011
binComputeKeys,10,9,0.00037778
binComputeKeys,10,10,0.000372564
binComputeKeys,10,11,0.000379347
binComputeKeys,10,12,0.000376755
binComputeKeys,10,13,0.000385939
binComputeKeys,10,14,0.000373908
binComputeKeys,10,15,0.000384691
binComputeKeys,10,16,0.000391251
binComputeKeys,10,17,0.000372787
binComputeKeys,10,18,0.000386707
binComputeKeys,10,19,0.000391251
binComputeKeys,10,20,0.000391699
binComputeKeys,10,21,0.000378067
binComputeKeys,10,22,0.000374643
binComputeKeys,10,23,0.000376627
binComputeKeys,10,24,0.000397971
binComputeKeys,10,25,0.000380403
binComputeKeys,10,26,0.000376051
binComputeKeys,10,27,0.000407026
binComputeKeys,10,28,0.000397426
binComputeKeys,10,29,0.000378707
binComputeKeys,10,30,0.000393907
binComputeKeys,10,31,0.000377203
binComputeKeys,10,32,0.000388403
binComputeKeys,10,33,0.000385523
binComputeKeys,10,34,0.000385331
binComputeKeys,10,35,0.000377875
binComputeKeys,10,36,0.000412179
binComputeKeys,10,37,0.000378419
binComputeKeys,10,38,0.000383283
binComputeKeys,10,39,0.000375347
binSortByKey,10,0,0.003517577
binSortByKey,10,1,0.00342686
binSortByKey,10,2,0.003445547
binSortByKey,10,3,0.003420621
binSortByKey,10,4,0.003508041
binSortByKey,10,5,0.003423693
binSortByKey,10,6,0.003398606
binSortByKey,10,7,0.003424012
binSortByKey,10,8,0.003516682
binSortByKey,10,9,0.003403629
binSortByKey,10,10,0.003414124
binSortByKey,10,11,0.003402221
binSortByKey,10,12,0.003485706
binSortByKey,10,13,0.003464875
binSortByKey,10,14,0.003436844
binSortByKey,10,15,0.003447019
binSortByKey,10,16,0.003496298
binSortByKey,10,17,0.00344494
binSortByKey,10,18,0.003420108
binSortByKey,10,19,0.003431468
binSortByKey,10,20,0.003491882
binSortByKey,10,21,0.00340638
binSortByKey,10,22,0.003454188
binSortByKey,10,23,0.003399725
binSortByKey,10,24,0.003505129
binSortByKey,10,25,0.00343022
binSortByKey,10,26,0.003448555
binSortByKey,10,27,0.003432172
binSortByKey,10,28,0.003502538
binSortByKey,10,29,0.003407597
binSortByKey,10,30,0.003433356
binSortByKey,10,31,0.003414669
binSortByKey,10,32,0.003521033
binSortByKey,10,33,0.003426476
binSortByKey,10,34,0.003408269
binSortByKey,10,35,0.003414317
binSortByKey,10,36,0.003514666
binSortByKey,10,37,0.003412781
binSortByKey,10,38,0.003427276
binSortByKey,10,39,0.003390637
binComputeOffsets,10,0,0.000199769
binComputeOffsets,10,1,0.000190298
binComputeOffsets,10,2,0.000191994
binComputeOffsets,10,3,0.000197977
binComputeOffsets,10,4,0.000197338
binComputeOffsets,10,5,0.000185306
binComputeOffsets,10,6,0.000185081
binComputeOffsets,10,7,0.00019721
binComputeOffsets,10,8,0.000208248
binComputeOffsets,10,9,0.000186265
binComputeOffsets,10,10,0.000193593
binComputeOffsets,10,11,0.000184794
binComputeOffsets,10,12,0.000203577
binComputeOffsets,10,13,0.000204601
binComputeOffsets,10,14,0.000189785
binComputeOffsets,10,15,0.000192569
binComputeOffsets,10,16,0.000197529
binComputeOffsets,10,17,0.000195417
binComputeOffsets,10,18,0.000189178
binComputeOffsets,10,19,0.000191833
binComputeOffsets,10,20,0.000205177
binComputeOffsets,10,21,0.000185754
binComputeOffsets,10,22,0.000207993
binComputeOffsets,10,23,0.000184218
binComputeOffsets,10,24,0.000198649
binComputeOffsets,10,25,0.000190618
binComputeOffsets,10,26,0.000205145
binComputeOffsets,10,27,0.000192762
binComputeOffsets,10,28,0.000200089
binComputeOffsets,10,29,0.000181338
binComputeOffsets,10,30,0.000190394
binComputeOffsets,10,31,0.000188762
binComputeOffsets,10,32,0.000197433
binComputeOffsets,10,33,0.000187097
binComputeOffsets,10,34,0.000205433
binComputeOffsets,10,35,0.000183674
binComputeOffsets,10,36,0.000204121
binComputeOffsets,10,37,0.000182138
binComputeOffsets,10,38,0.000192249
binComputeOffsets,10,39,0.000184506
FFTNUFFT1,10,0,0.138440285
FFTNUFFT1,10,1,0.136723063
FFTNUFFT1,10,2,0.128045372
FFTNUFFT1,10,3,0.130476138
FFTNUFFT1,10,4,0.127896898
FFTNUFFT1,10,5,0.133170766
FFTNUFFT1,10,6,0.128246389
FFTNUFFT1,10,7,0.134492995
FFTNUFFT1,10,8,0.133154735
FFTNUFFT1,10,9,0.137490782
deconvolutionNUFFT1,10,0,0.000642794
deconvolutionNUFFT1,10,1,0.000669321
deconvolutionNUFFT1,10,2,0.000672009
deconvolutionNUFFT1,10,3,0.000646859
deconvolutionNUFFT1,10,4,0.000646922
deconvolutionNUFFT1,10,5,0.000670089
deconvolutionNUFFT1,10,6,0.000650346
deconvolutionNUFFT1,10,7,0.000662314
deconvolutionNUFFT1,10,8,0.000656266
deconvolutionNUFFT1,10,9,0.000671977
GatherPIFNUFFT,10,0,0.459177134
GatherPIFNUFFT,10,1,0.458735677
GatherPIFNUFFT,10,2,0.460252777
GatherPIFNUFFT,10,3,0.459456389
GatherPIFNUFFT,10,4,0.46479352
GatherPIFNUFFT,10,5,0.453769061
GatherPIFNUFFT,10,6,0.464045098
GatherPIFNUFFT,10,7,0.45689382
GatherPIFNUFFT,10,8,0.460886229
GatherPIFNUFFT,10,9,0.456818334
NativeNUFFT2,10,0,0.149676641
NativeNUFFT2,10,1,0.154214536
NativeNUFFT2,10,2,0.153700602
NativeNUFFT2,10,3,0.150028726
NativeNUFFT2,10,4,0.152225515
NativeNUFFT2,10,5,0.153370181
NativeNUFFT2,10,6,0.152715099
NativeNUFFT2,10,7,0.152318312
NativeNUFFT2,10,8,0.152143662
NativeNUFFT2,10,9,0.151838969
NativeNUFFT2,10,10,0.152007666
NativeNUFFT2,10,11,0.153423587
NativeNUFFT2,10,12,0.154313285
NativeNUFFT2,10,13,0.154705592
NativeNUFFT2,10,14,0.153660283
NativeNUFFT2,10,15,0.148477482
NativeNUFFT2,10,16,0.149917689
NativeNUFFT2,10,17,0.15314142
NativeNUFFT2,10,18,0.153217802
NativeNUFFT2,10,19,0.153669147
NativeNUFFT2,10,20,0.153573822
NativeNUFFT2,10,21,0.145590923
NativeNUFFT2,10,22,0.151198734
NativeNUFFT2,10,23,0.158557013
NativeNUFFT2,10,24,0.151813402
NativeNUFFT2,10,25,0.157083399
NativeNUFFT2,10,26,0.149852828
NativeNUFFT2,10,27,0.149945881
NativeNUFFT2,10,28,0.15166483
NativeNUFFT2,10,29,0.153562911
PrecorrectionNUFFT2,10,0,0.001575947
PrecorrectionNUFFT2,10,1,0.002541002
PrecorrectionNUFFT2,10,2,0.002539339
PrecorrectionNUFFT2,10,3,0.00161057
PrecorrectionNUFFT2,10,4,0.00253537
PrecorrectionNUFFT2,10,5,0.002547626
PrecorrectionNUFFT2,10,6,0.00161969
PrecorrectionNUFFT2,10,7,0.002520011
PrecorrectionNUFFT2,10,8,0.002552746
PrecorrectionNUFFT2,10,9,0.001587691
PrecorrectionNUFFT2,10,10,0.002553833
PrecorrectionNUFFT2,10,11,0.002537482
PrecorrectionNUFFT2,10,12,0.001594858
PrecorrectionNUFFT2,10,13,0.002540074
PrecorrectionNUFFT2,10,14,0.002533291
PrecorrectionNUFFT2,10,15,0.00159025
PrecorrectionNUFFT2,10,16,0.002549002
PrecorrectionNUFFT2,10,17,0.002500299
PrecorrectionNUFFT2,10,18,0.001591402
PrecorrectionNUFFT2,10,19,0.002515083
PrecorrectionNUFFT2,10,20,0.002526699
PrecorrectionNUFFT2,10,21,0.001583594
PrecorrectionNUFFT2,10,22,0.002537226
PrecorrectionNUFFT2,10,23,0.002503052
PrecorrectionNUFFT2,10,24,0.001595242
PrecorrectionNUFFT2,10,25,0.002517163
PrecorrectionNUFFT2,10,26,0.002517323
PrecorrectionNUFFT2,10,27,0.001570827
PrecorrectionNUFFT2,10,28,0.002522379
PrecorrectionNUFFT2,10,29,0.002517995
FFTNUFFT2,10,0,0.125014243
FFTNUFFT2,10,1,0.127474607
FFTNUFFT2,10,2,0.126159452
FFTNUFFT2,10,3,0.1276027
FFTNUFFT2,10,4,0.126514224
FFTNUFFT2,10,5,0.133039188
FFTNUFFT2,10,6,0.132493735
FFTNUFFT2,10,7,0.134027059
FFTNUFFT2,10,8,0.133595137
FFTNUFFT2,10,9,0.129417326
FFTNUFFT2,10,10,0.128744453
FFTNUFFT2,10,11,0.136208873
FFTNUFFT2,10,12,0.129201588
FFTNUFFT2,10,13,0.137587898
FFTNUFFT2,10,14,0.127342453
FFTNUFFT2,10,15,0.132358795
FFTNUFFT2,10,16,0.124369561
FFTNUFFT2,10,17,0.127942624
FFTNUFFT2,10,18,0.137635608
FFTNUFFT2,10,19,0.130011609
FFTNUFFT2,10,20,0.131470824
FFTNUFFT2,10,21,0.130748449
FFTNUFFT2,10,22,0.134762649
FFTNUFFT2,10,23,0.134175852
FFTNUFFT2,10,24,0.132590307
FFTNUFFT2,10,25,0.137754356
FFTNUFFT2,10,26,0.134269353
FFTNUFFT2,10,27,0.134988082
FFTNUFFT2,10,28,0.135957425
FFTNUFFT2,10,29,0.136870771
GatherNUFFT2,10,0,0.017229819
GatherNUFFT2,10,1,0.018358516
GatherNUFFT2,10,2,0.019021117
GatherNUFFT2,10,3,0.014968646
GatherNUFFT2,10,4,0.017320278
GatherNUFFT2,10,5,0.011944908
GatherNUFFT2,10,6,0.0127684
GatherNUFFT2,10,7,0.009950703
GatherNUFFT2,10,8,0.01016324
GatherNUFFT2,10,9,0.014982311
GatherNUFFT2,10,10,0.014887945
GatherNUFFT2,10,11,0.008845045
GatherNUFFT2,10,12,0.017678796
GatherNUFFT2,10,13,0.008730649
GatherNUFFT2,10,14,0.01794269
GatherNUFFT2,10,15,0.008680794
GatherNUFFT2,10,16,0.017159356
GatherNUFFT2,10,17,0.016862374
GatherNUFFT2,10,18,0.008130734
GatherNUFFT2,10,19,0.015277468
GatherNUFFT2,10,20,0.013759216
GatherNUFFT2,10,21,0.007412774
GatherNUFFT2,10,22,0.008045904
GatherNUFFT2,10,23,0.015995717
GatherNUFFT2,10,24,0.011763826
GatherNUFFT2,10,25,0.01096875
GatherNUFFT2,10,26,0.007222285
GatherNUFFT2,10,27,0.00753213
GatherNUFFT2,10,28,0.007307849
GatherNUFFT2,10,29,0.008287527
mainTimer,11,0,7.524180988
dumpData,11,0,0.010577371
dumpData,11,1,0.007850711
dumpData,11,2,0.007091408
dumpData,11,3,0.008712858
dumpData,11,4,0.008609565
dumpData,11,5,0.007893654
dumpData,11,6,0.007302665
dumpData,11,7,0.008928626
dumpData,11,8,0.007447237
dumpData,11,9,0.007190797
kick,11,0,3.5551e-05
kick,11,1,8.288e-06
kick,11,2,3.747e-05
kick,11,3,1.0016e-05
kick,11,4,4.1886e-05
kick,11,5,1.104e-05
kick,11,6,3.9903e-05
kick,11,7,8.704e-06
kick,11,8,3.9839e-05
kick,11,9,1.456e-05
kick,11,10,4.6302e-05
kick,11,11,1.4143e-05
kick,11,12,3.8271e-05
kick,11,13,6.944e-06
kick,11,14,3.9327e-05
kick,11,15,7.616e-06
kick,11,16,3.4943e-05
kick,11,17,9.504e-06
kick,11,18,3.7567e-05
kick,11,19,6.176e-06
drift,11,0,7.008e-06
drift,11,1,9.792e-06
drift,11,2,7.968e-06
drift,11,3,1.1295e-05
drift,11,4,1.1456e-05
drift,11,5,7.968e-06
drift,11,6,8.128e-06
drift,11,7,9.696e-06
drift,11,8,1.1168e-05
drift,11,9,9.376e-06
particleBC,11,0,1.1487e-05
particleBC,11,1,1.2e-05
particleBC,11,2,1.1808e-05
particleBC,11,3,1.44e-05
particleBC,11,4,1.2287e-05
particleBC,11,5,1.7599e-05
particleBC,11,6,1.0943e-05
particleBC,11,7,9.951e-06
particleBC,11,8,1.4144e-05
particleBC,11,9,1.9903e-05
updateParticle,11,0,0.064412002
updateParticle,11,1,0.125114271
updateParticle,11,2,0.064380481
updateParticle,11,3,0.009537406
updateParticle,11,4,0.063063023
updateParticle,11,5,0.009503296
updateParticle,11,6,0.009612828
updateParticle,11,7,0.064339332
updateParticle,11,8,0.065053515
updateParticle,11,9,0.009583964
locateParticles,11,0,0.003846847
locateParticles,11,1,0.003837918
locateParticles,11,2,0.003845278
locateParticles,11,3,0.003831582
locateParticles,11,4,0.003853054
locateParticles,11,5,0.003835999
locateParticles,11,6,0.003860254
locateParticles,11,7,0.003847678
locateParticles,11,8,0.00384147
locateParticles,11,9,0.003843614
sendPreprocess,11,0,0.000493488
sendPreprocess,11,1,0.000541614
sendPreprocess,11,2,0.000537166
sendPreprocess,11,3,0.000543566
sendPreprocess,11,4,0.00054155
sendPreprocess,11,5,0.000524718
sendPreprocess,11,6,0.000520623
sendPreprocess,11,7,0.000537102
sendPreprocess,11,8,0.000589964
sendPreprocess,11,9,0.000517583
particleSend,11,0,0.001048444
particleSend,11,1,0.001071388
particleSend,11,2,0.001172888
particleSend,11,3,0.00105766
particleSend,11,4,0.001167673
particleSend,11,5,0.001040861
particleSend,11,6,0.001114458
particleSend,11,7,0.00106166
particleSend,11,8,0.001060348
particleSend,11,9,0.00107318
particleRecv,11,0,3.4015e-05
particleRecv,11,1,3.6798e-05
particleRecv,11,2,3.6831e-05
particleRecv,11,3,3.6479e-05
particleRecv,11,4,3.4783e-05
particleRecv,11,5,3.9359e-05
particleRecv,11,6,4.1215e-05
particleRecv,11,7,4.0543e-05
particleRecv,11,8,4.5054e-05
particleRecv,11,9,4.0862e-05
particleDestroy,11,0,0.00298598
particleDestroy,11,1,0.002987612
particleDestroy,11,2,0.002989979
particleDestroy,11,3,0.002984443
particleDestroy,11,4,0.002992667
particleDestroy,11,5,0.002986683
particleDestroy,11,6,0.002997882
particleDestroy,11,7,0.003018682
particleDestroy,11,8,0.002994555
particleDestroy,11,9,0.002993211
ScatterPIFNUFFT,11,0,0.305589169
ScatterPIFNUFFT,11,1,1.4719e-05
ScatterPIFNUFFT,11,2,0.194754191
ScatterPIFNUFFT,11,3,1.7984e-05
ScatterPIFNUFFT,11,4,0.210181191
ScatterPIFNUFFT,11,5,8.608e-06
ScatterPIFNUFFT,11,6,0.261854805
ScatterPIFNUFFT,11,7,8.895e-06
ScatterPIFNUFFT,11,8,0.204055829
ScatterPIFNUFFT,11,9,1.1552e-05
ScatterPIFNUFFT,11,10,0.321430393
ScatterPIFNUFFT,11,11,3.0239e-05
ScatterPIFNUFFT,11,12,0.207001713
ScatterPIFNUFFT,11,13,3.6767e-05
ScatterPIFNUFFT,11,14,0.217371956
ScatterPIFNUFFT,11,15,4.3711e-05
ScatterPIFNUFFT,11,16,0.155293379
ScatterPIFNUFFT,11,17,9.568e-06
ScatterPIFNUFFT,11,18,0.218631529
ScatterPIFNUFFT,11,19,1.6608e-05
NativeNUFFT1,11,0,0.30115351
NativeNUFFT1,11,1,0.190379555
NativeNUFFT1,11,2,0.207698938
NativeNUFFT1,11,3,0.257514792
NativeNUFFT1,11,4,0.199633803
NativeNUFFT1,11,5,0.316977135
NativeNUFFT1,11,6,0.202695971
NativeNUFFT1,11,7,0.2130937
NativeNUFFT1,11,8,0.150900216
NativeNUFFT1,11,9,0.214211614
scatterTimerNUFFT1,11,0,0.165184213
scatterTimerNUFFT1,11,1,0.052472244
scatterTimerNUFFT1,11,2,0.079233868
scatterTimerNUFFT1,11,3,0.12832165
scatterTimerNUFFT1,11,4,0.073584587
scatterTimerNUFFT1,11,5,0.182452686
scatterTimerNUFFT1,11,6,0.074232917
scatterTimerNUFFT1,11,7,0.080630429
scatterTimerNUFFT1,11,8,0.021100759
scatterTimerNUFFT1,11,9,0.077071157
binSort,11,0,0.004278192
binSort,11,1,0.004188019
binSort,11,2,0.004218769
binSort,11,3,0.004218418
binSort,11,4,0.004298319
binSort,11,5,0.004184979
binSort,11,6,0.004236785
binSort,11,7,0.004184851
binSort,11,8,0.004273104
binSort,11,9,0.00422565
binSort,11,10,0.004209874
binSort,11,11,0.004240849
binSort,11,12,0.004245968
binSort,11,13,0.00426376
binSort,11,14,0.004193938
binSort,11,15,0.004209266
binSort,11,16,0.004249104
binSort,11,17,0.004242481
binSort,11,18,0.004263216
binSort,11,19,0.004177331
binSort,11,20,0.004235505
binSort,11,21,0.004202258
binSort,11,22,0.004253968
binSort,11,23,0.004236753
binSort,11,24,0.004284143
binSort,11,25,0.004244337
binSort,11,26,0.004208146
binSort,11,27,0.004256593
binSort,11,28,0.004243536
binSort,11,29,0.004201554
binSort,11,30,0.004282927
binSort,11,31,0.004225329
binSort,11,32,0.004274223
binSort,11,33,0.004275343
binSort,11,34,0.004290831
binSort,11,35,0.004192658
binSort,11,36,0.004296271
binSort,11,37,0.0042604
binSort,11,38,0.004213426
binSort,11,39,0.004215026
binComputeKeys,11,0,0.000415698
binComputeKeys,11,1,0.000396914
binComputeKeys,11,2,0.00040613
binComputeKeys,11,3,0.000397043
binComputeKeys,11,4,0.000405458
binComputeKeys,11,5,0.000394195
binComputeKeys,11,6,0.000394739
binComputeKeys,11,7,0.000399922
binComputeKeys,11,8,0.000396083
binComputeKeys,11,9,0.000397267
binComputeKeys,11,10,0.000409106
binComputeKeys,11,11,0.00041365
binComputeKeys,11,12,0.000398291
binComputeKeys,11,13,0.000422706
binComputeKeys,11,14,0.000403634
binComputeKeys,11,15,0.000400274
binComputeKeys,11,16,0.000408786
binComputeKeys,11,17,0.00041189
binComputeKeys,11,18,0.000405362
binComputeKeys,11,19,0.000401522
binComputeKeys,11,20,0.000395667
binComputeKeys,11,21,0.000400082
binComputeKeys,11,22,0.000401554
binComputeKeys,11,23,0.000418418
binComputeKeys,11,24,0.00040277
binComputeKeys,11,25,0.000395571
binComputeKeys,11,26,0.000397682
binComputeKeys,11,27,0.000437393
binComputeKeys,11,28,0.00040101
binComputeKeys,11,29,0.000394355
binComputeKeys,11,30,0.00039765
binComputeKeys,11,31,0.000394771
binComputeKeys,11,32,0.000406354
binComputeKeys,11,33,0.00039973
binComputeKeys,11,34,0.00040373
binComputeKeys,11,35,0.000398099
binComputeKeys,11,36,0.00041669
binComputeKeys,11,37,0.000400466
binComputeKeys,11,38,0.000395059
binComputeKeys,11,39,0.000401554
binSortByKey,11,0,0.003658884
binSortByKey,11,1,0.003596071
binSortByKey,11,2,0.003613606
binSortByKey,11,3,0.003626085
binSortByKey,11,4,0.003685188
binSortByKey,11,5,0.003596646
binSortByKey,11,6,0.003639269
binSortByKey,11,7,0.003590535
binSortByKey,11,8,0.003658917
binSortByKey,11,9,0.003619558
binSortByKey,11,10,0.003605414
binSortByKey,11,11,0.00361783
binSortByKey,11,12,0.003645188
binSortByKey,11,13,0.003640101
binSortByKey,11,14,0.003594023
binSortByKey,11,15,0.003609511
binSortByKey,11,16,0.003635877
binSortByKey,11,17,0.003621094
binSortByKey,11,18,0.003641445
binSortByKey,11,19,0.003583559
binSortByKey,11,20,0.003634501
binSortByKey,11,21,0.003606887
binSortByKey,11,22,0.003644229
binSortByKey,11,23,0.003617541
binSortByKey,11,24,0.00367066
binSortByKey,11,25,0.003637125
binSortByKey,11,26,0.003616646
binSortByKey,11,27,0.003622566
binSortByKey,11,28,0.003642981
binSortByKey,11,29,0.003611782
binSortByKey,11,30,0.003659653
binSortByKey,11,31,0.003630757
binSortByKey,11,32,0.00366346
binSortByKey,11,33,0.003659269
binSortByKey,11,34,0.00366586
binSortByKey,11,35,0.00359879
binSortByKey,11,36,0.003673029
binSortByKey,11,37,0.003646981
binSortByKey,11,38,0.003615782
binSortByKey,11,39,0.003616358
binComputeOffsets,11,0,0.00020153
binComputeOffsets,11,1,0.000193178
binComputeOffsets,11,2,0.000195609
binComputeOffsets,11,3,0.000193306
binComputeOffsets,11,4,0.000205081
binComputeOffsets,11,5,0.000191834
binComputeOffsets,11,6,0.000200889
binComputeOffsets,11,7,0.000192506
binComputeOffsets,11,8,0.000215769
binComputeOffsets,11,9,0.000206201
binComputeOffsets,11,10,0.000192026
binComputeOffsets,11,11,0.000206841
binComputeOffsets,11,12,0.000200729
binComputeOffsets,11,13,0.000199514
binComputeOffsets,11,14,0.000194393
binComputeOffsets,11,15,0.000197817
binComputeOffsets,11,16,0.000198809
binComputeOffsets,11,17,0.000207385
binComputeOffsets,11,18,0.000213977
binComputeOffsets,11,19,0.00019033
binComputeOffsets,11,20,0.000203257
binComputeOffsets,11,21,0.000193593
binComputeOffsets,11,22,0.000205241
binComputeOffsets,11,23,0.000199034
binComputeOffsets,11,24,0.000207833
binComputeOffsets,11,25,0.000209241
binComputeOffsets,11,26,0.000191962
binComputeOffsets,11,27,0.000193946
binComputeOffsets,11,28,0.000197817
binComputeOffsets,11,29,0.000193306
binComputeOffsets,11,30,0.000223416
binComputeOffsets,11,31,0.000197209
binComputeOffsets,11,32,0.000199737
binComputeOffsets,11,33,0.000214648
binComputeOffsets,11,34,0.000217977
binComputeOffsets,11,35,0.000193369
binComputeOffsets,11,36,0.000204089
binComputeOffsets,11,37,0.000211257
binComputeOffsets,11,38,0.000201337
binComputeOffsets,11,39,0.000194682
FFTNUFFT1,11,0,0.135314088
FFTNUFFT1,11,1,0.137233126
FFTNUFFT1,11,2,0.127815716
FFTNUFFT1,11,3,0.128544491
FFTNUFFT1,11,4,0.125396662
FFTNUFFT1,11,5,0.133878903
FFTNUFFT1,11,6,0.127812004
FFTNUFFT1,11,7,0.131804861
FFTNUFFT1,11,8,0.129145047
FFTNUFFT1,11,9,0.136494335
deconvolutionNUFFT1,11,0,0.000653034
deconvolutionNUFFT1,11,1,0.000672073
deconvolutionNUFFT1,11,2,0.000646922
deconvolutionNUFFT1,11,3,0.000646283
deconvolutionNUFFT1,11,4,0.000649482
deconvolutionNUFFT1,11,5,0.000642698
deconvolutionNUFFT1,11,6,0.000648586
deconvolutionNUFFT1,11,7,0.000656234
deconvolutionNUFFT1,11,8,0.000651082
deconvolutionNUFFT1,11,9,0.000643722
GatherPIFNUFFT,11,0,0.462283076
GatherPIFNUFFT,11,1,0.457725855
GatherPIFNUFFT,11,2,0.462465118
GatherPIFNUFFT,11,3,0.461863379
GatherPIFNUFFT,11,4,0.468295578
GatherPIFNUFFT,11,5,0.451850246
GatherPIFNUFFT,11,6,0.465809646
GatherPIFNUFFT,11,7,0.459014292
GatherPIFNUFFT,11,8,0.466224096
GatherPIFNUFFT,11,9,0.459710844
NativeNUFFT2,11,0,0.152637662
NativeNUFFT2,11,1,0.154128427
NativeNUFFT2,11,2,0.153409956
NativeNUFFT2,11,3,0.150287949
NativeNUFFT2,11,4,0.15228321
NativeNUFFT2,11,5,0.153486497
NativeNUFFT2,11,6,0.156862543
NativeNUFFT2,11,7,0.152378374
NativeNUFFT2,11,8,0.151620736
NativeNUFFT2,11,9,0.155517051
NativeNUFFT2,11,10,0.15148522
NativeNUFFT2,11,11,0.153306727
NativeNUFFT2,11,12,0.157664628
NativeNUFFT2,11,13,0.153979184
NativeNUFFT2,11,14,0.153622716
NativeNUFFT2,11,15,0.146945374
NativeNUFFT2,11,16,0.14771786
NativeNUFFT2,11,17,0.154679417
NativeNUFFT2,11,18,0.153819126
NativeNUFFT2,11,19,0.153528768
NativeNUFFT2,11,20,0.154433985
NativeNUFFT2,11,21,0.148262289
NativeNUFFT2,11,22,0.152018707
NativeNUFFT2,11,23,0.157146117
NativeNUFFT2,11,24,0.15774677
NativeNUFFT2,11,25,0.157473338
NativeNUFFT2,11,26,0.149431178
NativeNUFFT2,11,27,0.150475431
NativeNUFFT2,11,28,0.152872533
NativeNUFFT2,11,29,0.154205321
PrecorrectionNUFFT2,11,0,0.001601034
PrecorrectionNUFFT2,11,1,0.002606408
PrecorrectionNUFFT2,11,2,0.002596649
PrecorrectionNUFFT2,11,3,0.00160529
PrecorrectionNUFFT2,11,4,0.002592873
PrecorrectionNUFFT2,11,5,0.002608808
PrecorrectionNUFFT2,11,6,0.001601866
PrecorrectionNUFFT2,11,7,0.002574249
PrecorrectionNUFFT2,11,8,0.002577417
PrecorrectionNUFFT2,11,9,0.001599977
PrecorrectionNUFFT2,11,10,0.002582729
PrecorrectionNUFFT2,11,11,0.002592008
PrecorrectionNUFFT2,11,12,0.001617962
PrecorrectionNUFFT2,11,13,0.002583464
PrecorrectionNUFFT2,11,14,0.00259972
PrecorrectionNUFFT2,11,15,0.001604426
PrecorrectionNUFFT2,11,16,0.002603368
PrecorrectionNUFFT2,11,17,0.002602312
PrecorrectionNUFFT2,11,18,0.00158993
PrecorrectionNUFFT2,11,19,0.002601513
PrecorrectionNUFFT2,11,20,0.002589577
PrecorrectionNUFFT2,11,21,0.001606762
PrecorrectionNUFFT2,11,22,0.002604809
PrecorrectionNUFFT2,11,23,0.002583657
PrecorrectionNUFFT2,11,24,0.00161905
PrecorrectionNUFFT2,11,25,0.002596392
PrecorrectionNUFFT2,11,26,0.002588904
PrecorrectionNUFFT2,11,27,0.00160337
PrecorrectionNUFFT2,11,28,0.002593192
PrecorrectionNUFFT2,11,29,0.002599913
FFTNUFFT2,11,0,0.136716567
FFTNUFFT2,11,1,0.127259191
FFTNUFFT2,11,2,0.135002002
FFTNUFFT2,11,3,0.134099792
FFTNUFFT2,11,4,0.131916793
FFTNUFFT2,11,5,0.125122303
FFTNUFFT2,11,6,0.132817692
FFTNUFFT2,11,7,0.135832469
FFTNUFFT2,11,8,0.129815489
FFTNUFFT2,11,9,0.132679712
FFTNUFFT2,11,10,0.128852162
FFTNUFFT2,11,11,0.125957699
FFTNUFFT2,11,12,0.134620221
FFTNUFFT2,11,13,0.134281866
FFTNUFFT2,11,14,0.131998999
FFTNUFFT2,11,15,0.12312045
FFTNUFFT2,11,16,0.124619824
FFTNUFFT2,11,17,0.134426213
FFTNUFFT2,11,18,0.13400885
FFTNUFFT2,11,19,0.136392514
FFTNUFFT2,11,20,0.130935418
FFTNUFFT2,11,21,0.126769638
FFTNUFFT2,11,22,0.132052917
FFTNUFFT2,11,23,0.137038028
FFTNUFFT2,11,24,0.135322599
FFTNUFFT2,11,25,0.136559356
FFTNUFFT2,11,26,0.124758827
FFTNUFFT2,11,27,0.133236269
FFTNUFFT2,11,28,0.128281268
FFTNUFFT2,11,29,0.131149171
GatherNUFFT2,11,0,0.008206859
GatherNUFFT2,11,1,0.01818569
GatherNUFFT2,11,2,0.00974607
GatherNUFFT2,11,3,0.008451426
GatherNUFFT2,11,4,0.011681429
GatherNUFFT2,11,5,0.019636329
GatherNUFFT2,11,6,0.016371415
GatherNUFFT2,11,7,0.007888661
GatherNUFFT2,11,8,0.013174754
GatherNUFFT2,11,9,0.015109698
GatherNUFFT2,11,10,0.013928138
GatherNUFFT2,11,11,0.018640747
GatherNUFFT2,11,12,0.015330395
GatherNUFFT2,11,13,0.011000461
GatherNUFFT2,11,14,0.012936779
GatherNUFFT2,11,15,0.016074336
GatherNUFFT2,11,16,0.014385209
GatherNUFFT2,11,17,0.011538841
GatherNUFFT2,11,18,0.012048233
GatherNUFFT2,11,19,0.008389285
GatherNUFFT2,11,20,0.014768717
GatherNUFFT2,11,21,0.013725232
GatherNUFFT2,11,22,0.011234405
GatherNUFFT2,11,23,0.011363905
GatherNUFFT2,11,24,0.01466504
GatherNUFFT2,11,25,0.012158341
GatherNUFFT2,11,26,0.015939429
GatherNUFFT2,11,27,0.009479871
GatherNUFFT2,11,28,0.015852873
GatherNUFFT2,11,29,0.014327644
mainTimer,12,0,7.524185332
dumpData,12,0,0.009754196
dumpData,12,1,0.009341184
dumpData,12,2,0.008238818
dumpData,12,3,0.008661109
dumpData,12,4,0.010887153
dumpData,12,5,0.010231845
dumpData,12,6,0.009263842
dumpData,12,7,0.007451642
dumpData,12,8,0.009735317
dumpData,12,9,0.008797297
kick,12,0,4.3551e-05
kick,12,1,1.0655e-05
kick,12,2,4.0222e-05
kick,12,3,9.92e-06
kick,12,4,3.6383e-05
kick,12,5,1.0207e-05
kick,12,6,4.3167e-05
kick,12,7,1.3408e-05
kick,12,8,4.2975e-05
kick,12,9,1.1359e-05
kick,12,10,3.9774e-05
kick,12,11,7.775e-06
kick,12,12,4.4607e-05
kick,12,13,8.64e-06
kick,12,14,3.9167e-05
kick,12,15,9.728e-06
kick,12,16,4.0767e-05
kick,12,17,9.792e-06
kick,12,18,4.2399e-05
kick,12,19,1.2896e-05
drift,12,0,7.648e-06
drift,12,1,6.464e-06
drift,12,2,6.432e-06
drift,12,3,5.504e-06
drift,12,4,7.712e-06
drift,12,5,4.576e-06
drift,12,6,5.856e-06
drift,12,7,5.792e-06
drift,12,8,5.408e-06
drift,12,9,6.336e-06
particleBC,12,0,1.1519e-05
particleBC,12,1,1.3984e-05
particleBC,12,2,9.472e-06
particleBC,12,3,1.3248e-05
particleBC,12,4,1.5007e-05
particleBC,12,5,1.136e-05
particleBC,12,6,1.232e-05
particleBC,12,7,1.1199e-05
particleBC,12,8,1.12e-05
particleBC,12,9,1.2511e-05
updateParticle,12,0,0.210172977
updateParticle,12,1,0.120505949
updateParticle,12,2,0.06364751
updateParticle,12,3,0.009415133
updateParticle,12,4,0.009478235
updateParticle,12,5,0.009446044
updateParticle,12,6,0.009521786
updateParticle,12,7,0.119740917
updateParticle,12,8,0.064931342
updateParticle,12,9,0.046267662
locateParticles,12,0,0.003611921
locateParticles,12,1,0.003586225
locateParticles,12,2,0.003585681
locateParticles,12,3,0.003582514
locateParticles,12,4,0.003580242
locateParticles,12,5,0.003589841
locateParticles,12,6,0.003595058
locateParticles,12,7,0.003587858
locateParticles,12,8,0.003594258
locateParticles,12,9,0.003584722
sendPreprocess,12,0,0.000729129
sendPreprocess,12,1,0.00078356
sendPreprocess,12,2,0.000802024
sendPreprocess,12,3,0.000791591
sendPreprocess,12,4,0.000808584
sendPreprocess,12,5,0.000778344
sendPreprocess,12,6,0.000772776
sendPreprocess,12,7,0.000799655
sendPreprocess,12,8,0.000834087
sendPreprocess,12,9,0.000779464
particleSend,12,0,0.001136541
particleSend,12,1,0.00103904
particleSend,12,2,0.001073662
particleSend,12,3,0.001040768
particleSend,12,4,0.001091487
particleSend,12,5,0.00103072
particleSend,12,6,0.001099742
particleSend,12,7,0.001177404
particleSend,12,8,0.001072191
particleSend,12,9,0.001151581
particleRecv,12,0,3.5999e-05
particleRecv,12,1,4.5087e-05
particleRecv,12,2,4.5183e-05
particleRecv,12,3,3.6863e-05
particleRecv,12,4,3.8975e-05
particleRecv,12,5,4.1151e-05
particleRecv,12,6,3.9071e-05
particleRecv,12,7,4.2239e-05
particleRecv,12,8,3.539e-05
particleRecv,12,9,3.5807e-05
particleDestroy,12,0,0.002755083
particleDestroy,12,1,0.00278321
particleDestroy,12,2,0.002774762
particleDestroy,12,3,0.002778858
particleDestroy,12,4,0.002750251
particleDestroy,12,5,0.002757771
particleDestroy,12,6,0.002759243
particleDestroy,12,7,0.002758059
particleDestroy,12,8,0.002747244
particleDestroy,12,9,0.002761962
ScatterPIFNUFFT,12,0,0.158855487
ScatterPIFNUFFT,12,1,2.8607e-05
ScatterPIFNUFFT,12,2,0.196823085
ScatterPIFNUFFT,12,3,2.3711e-05
ScatterPIFNUFFT,12,4,0.213066808
ScatterPIFNUFFT,12,5,3.0271e-05
ScatterPIFNUFFT,12,6,0.266522633
ScatterPIFNUFFT,12,7,2.6911e-05
ScatterPIFNUFFT,12,8,0.260975699
ScatterPIFNUFFT,12,9,4.3391e-05
ScatterPIFNUFFT,12,10,0.320070357
ScatterPIFNUFFT,12,11,2.3007e-05
ScatterPIFNUFFT,12,12,0.2090373
ScatterPIFNUFFT,12,13,3.0239e-05
ScatterPIFNUFFT,12,14,0.157562727
ScatterPIFNUFFT,12,15,2.8703e-05
ScatterPIFNUFFT,12,16,0.157919964
ScatterPIFNUFFT,12,17,2.1247e-05
ScatterPIFNUFFT,12,18,0.17291707
ScatterPIFNUFFT,12,19,2.1791e-05
NativeNUFFT1,12,0,0.155422345
NativeNUFFT1,12,1,0.192339958
NativeNUFFT1,12,2,0.208541315
NativeNUFFT1,12,3,0.261998612
NativeNUFFT1,12,4,0.25667452
NativeNUFFT1,12,5,0.315638461
NativeNUFFT1,12,6,0.204481888
NativeNUFFT1,12,7,0.153149775
NativeNUFFT1,12,8,0.154405384
NativeNUFFT1,12,9,0.168515701
scatterTimerNUFFT1,12,0,0.020651556
scatterTimerNUFFT1,12,1,0.05751253
scatterTimerNUFFT1,12,2,0.079397136
scatterTimerNUFFT1,12,3,0.128777215
scatterTimerNUFFT1,12,4,0.127878554
scatterTimerNUFFT1,12,5,0.183304205
scatterTimerNUFFT1,12,6,0.074935961
scatterTimerNUFFT1,12,7,0.025590923
scatterTimerNUFFT1,12,8,0.022053272
scatterTimerNUFFT1,12,9,0.041067566
binSort,12,0,0.004058819
binSort,12,1,0.003997604
binSort,12,2,0.004024004
binSort,12,3,0.003990981
binSort,12,4,0.004022947
binSort,12,5,0.004028548
binSort,12,6,0.003984325
binSort,12,7,0.003965254
binSort,12,8,0.004003684
binSort,12,9,0.003955399
binSort,12,10,0.003976325
binSort,12,11,0.004029124
binSort,12,12,0.003981093
binSort,12,13,0.004016164
binSort,12,14,0.003953158
binSort,12,15,0.003991301
binSort,12,16,0.004066435
binSort,12,17,0.004003172
binSort,12,18,0.004049539
binSort,12,19,0.004003941
binSort,12,20,0.004045284
binSort,12,21,0.004003108
binSort,12,22,0.003992837
binSort,12,23,0.004006885
binSort,12,24,0.004026788
binSort,12,25,0.00404202
binSort,12,26,0.003979621
binSort,12,27,0.003992197
binSort,12,28,0.004054755
binSort,12,29,0.004007108
binSort,12,30,0.004034723
binSort,12,31,0.003995653
binSort,12,32,0.004040707
binSort,12,33,0.004026884
binSort,12,34,0.003995974
binSort,12,35,0.00401754
binSort,12,36,0.00405597
binSort,12,37,0.004047555
binSort,12,38,0.003971526
binSort,12,39,0.004009188
binComputeKeys,12,0,0.000379285
binComputeKeys,12,1,0.000375124
binComputeKeys,12,2,0.00037554
binComputeKeys,12,3,0.000374517
binComputeKeys,12,4,0.00038018
binComputeKeys,12,5,0.000388372
binComputeKeys,12,6,0.000383956
binComputeKeys,12,7,0.000376341
binComputeKeys,12,8,0.000384372
binComputeKeys,12,9,0.000373621
binComputeKeys,12,10,0.000376276
binComputeKeys,12,11,0.000376596
binComputeKeys,12,12,0.000377172
binComputeKeys,12,13,0.0003845
binComputeKeys,12,14,0.000371476
binComputeKeys,12,15,0.000377109
binComputeKeys,12,16,0.000385876
binComputeKeys,12,17,0.000385524
binComputeKeys,12,18,0.000378933
binComputeKeys,12,19,0.000377876
binComputeKeys,12,20,0.000382645
binComputeKeys,12,21,0.000376948
binComputeKeys,12,22,0.000390644
binComputeKeys,12,23,0.000376949
binComputeKeys,12,24,0.000386804
binComputeKeys,12,25,0.000380532
binComputeKeys,12,26,0.0003773
binComputeKeys,12,27,0.00038434
binComputeKeys,12,28,0.000381396
binComputeKeys,12,29,0.000381364
binComputeKeys,12,30,0.000381044
binComputeKeys,12,31,0.000374357
binComputeKeys,12,32,0.000379444
binComputeKeys,12,33,0.00037762
binComputeKeys,12,34,0.000385141
binComputeKeys,12,35,0.000375285
binComputeKeys,12,36,0.00038786
binComputeKeys,12,37,0.000386548
binComputeKeys,12,38,0.000372116
binComputeKeys,12,39,0.000389044
binSortByKey,12,0,0.003476277
binSortByKey,12,1,0.003430838
binSortByKey,12,2,0.00345375
binSortByKey,12,3,0.003430262
binSortByKey,12,4,0.003446549
binSortByKey,12,5,0.003448118
binSortByKey,12,6,0.003414774
binSortByKey,12,7,0.003402775
binSortByKey,12,8,0.003424118
binSortByKey,12,9,0.003398743
binSortByKey,12,10,0.003414455
binSortByKey,12,11,0.003457366
binSortByKey,12,12,0.003409943
binSortByKey,12,13,0.00344479
binSortByKey,12,14,0.003398072
binSortByKey,12,15,0.003428022
binSortByKey,12,16,0.003478677
binSortByKey,12,17,0.003431798
binSortByKey,12,18,0.003461493
binSortByKey,12,19,0.003429335
binSortByKey,12,20,0.003463829
binSortByKey,12,21,0.00343727
binSortByKey,12,22,0.003416598
binSortByKey,12,23,0.00343567
binSortByKey,12,24,0.003440438
binSortByKey,12,25,0.003465654
binSortByKey,12,26,0.003411287
binSortByKey,12,27,0.003426358
binSortByKey,12,28,0.003478581
binSortByKey,12,29,0.003439862
binSortByKey,12,30,0.003462229
binSortByKey,12,31,0.00343359
binSortByKey,12,32,0.003459253
binSortByKey,12,33,0.003456502
binSortByKey,12,34,0.003427478
binSortByKey,12,35,0.003448693
binSortByKey,12,36,0.003473716
binSortByKey,12,37,0.003464149
binSortByKey,12,38,0.003412727
binSortByKey,12,39,0.003430358
binComputeOffsets,12,0,0.00019961
binComputeOffsets,12,1,0.000189978
binComputeOffsets,12,2,0.000193306
binComputeOffsets,12,3,0.00018537
binComputeOffsets,12,4,0.00019369
binComputeOffsets,12,5,0.00019081
binComputeOffsets,12,6,0.000183355
binComputeOffsets,12,7,0.000184826
binComputeOffsets,12,8,0.00019289
binComputeOffsets,12,9,0.000182523
binComputeOffsets,12,10,0.00018505
binComputeOffsets,12,11,0.00019337
binComputeOffsets,12,12,0.000191738
binComputeOffsets,12,13,0.000184698
binComputeOffsets,12,14,0.000182043
binComputeOffsets,12,15,0.000184506
binComputeOffsets,12,16,0.000196922
binComputeOffsets,12,17,0.000184634
binComputeOffsets,12,18,0.000207225
binComputeOffsets,12,19,0.000195386
binComputeOffsets,12,20,0.000193946
binComputeOffsets,12,21,0.000187962
binComputeOffsets,12,22,0.000183451
binComputeOffsets,12,23,0.000193082
binComputeOffsets,12,24,0.000196922
binComputeOffsets,12,25,0.000194458
binComputeOffsets,12,26,0.000189626
binComputeOffsets,12,27,0.000180123
binComputeOffsets,12,28,0.000192314
binComputeOffsets,12,29,0.000184154
binComputeOffsets,12,30,0.000189722
binComputeOffsets,12,31,0.000186426
binComputeOffsets,12,32,0.000196954
binComputeOffsets,12,33,0.000191515
binComputeOffsets,12,34,0.000182523
binComputeOffsets,12,35,0.000191674
binComputeOffsets,12,36,0.000191098
binComputeOffsets,12,37,0.000195098
binComputeOffsets,12,38,0.000186171
binComputeOffsets,12,39,0.000188026
FFTNUFFT1,12,0,0.133943486
FFTNUFFT1,12,1,0.134011198
FFTNUFFT1,12,2,0.128329453
FFTNUFFT1,12,3,0.132390127
FFTNUFFT1,12,4,0.127970455
FFTNUFFT1,12,5,0.131496938
FFTNUFFT1,12,6,0.128722432
FFTNUFFT1,12,7,0.126740541
FFTNUFFT1,12,8,0.131511722
FFTNUFFT1,12,9,0.126635168
deconvolutionNUFFT1,12,0,0.000824743
deconvolutionNUFFT1,12,1,0.000812903
deconvolutionNUFFT1,12,2,0.000812134
deconvolutionNUFFT1,12,3,0.000828838
deconvolutionNUFFT1,12,4,0.000822887
deconvolutionNUFFT1,12,5,0.000834214
deconvolutionNUFFT1,12,6,0.000820743
deconvolutionNUFFT1,12,7,0.000816455
deconvolutionNUFFT1,12,8,0.000834375
deconvolutionNUFFT1,12,9,0.000810023
GatherPIFNUFFT,12,0,0.463830854
GatherPIFNUFFT,12,1,0.461346962
GatherPIFNUFFT,12,2,0.459468076
GatherPIFNUFFT,12,3,0.456425481
GatherPIFNUFFT,12,4,0.462211191
GatherPIFNUFFT,12,5,0.452934198
GatherPIFNUFFT,12,6,0.461101977
GatherPIFNUFFT,12,7,0.463917763
GatherPIFNUFFT,12,8,0.461738022
GatherPIFNUFFT,12,9,0.467622704
NativeNUFFT2,12,0,0.153267628
NativeNUFFT2,12,1,0.153621792
NativeNUFFT2,12,2,0.154320779
NativeNUFFT2,12,3,0.153229388
NativeNUFFT2,12,4,0.152206541
NativeNUFFT2,12,5,0.152235307
NativeNUFFT2,12,6,0.152461155
NativeNUFFT2,12,7,0.152083119
NativeNUFFT2,12,8,0.15189503
NativeNUFFT2,12,9,0.148661753
NativeNUFFT2,12,10,0.151880182
NativeNUFFT2,12,11,0.154303852
NativeNUFFT2,12,12,0.152947862
NativeNUFFT2,12,13,0.154026228
NativeNUFFT2,12,14,0.153586017
NativeNUFFT2,12,15,0.148814069
NativeNUFFT2,12,16,0.148618202
NativeNUFFT2,12,17,0.152477604
NativeNUFFT2,12,18,0.149347684
NativeNUFFT2,12,19,0.154611617
NativeNUFFT2,12,20,0.152827
NativeNUFFT2,12,21,0.151961684
NativeNUFFT2,12,22,0.149763703
NativeNUFFT2,12,23,0.16059041
NativeNUFFT2,12,24,0.154101683
NativeNUFFT2,12,25,0.155154353
NativeNUFFT2,12,26,0.14978735
NativeNUFFT2,12,27,0.159516234
NativeNUFFT2,12,28,0.153612033
NativeNUFFT2,12,29,0.152944468
PrecorrectionNUFFT2,12,0,0.001573296
PrecorrectionNUFFT2,12,1,0.002482995
PrecorrectionNUFFT2,12,2,0.002502099
PrecorrectionNUFFT2,12,3,0.001570928
PrecorrectionNUFFT2,12,4,0.002480116
PrecorrectionNUFFT2,12,5,0.002472116
PrecorrectionNUFFT2,12,6,0.001572239
PrecorrectionNUFFT2,12,7,0.00250101
PrecorrectionNUFFT2,12,8,0.002484628
PrecorrectionNUFFT2,12,9,0.001553648
PrecorrectionNUFFT2,12,10,0.002487604
PrecorrectionNUFFT2,12,11,0.00250389
PrecorrectionNUFFT2,12,12,0.001561936
PrecorrectionNUFFT2,12,13,0.002491572
PrecorrectionNUFFT2,12,14,0.002495955
PrecorrectionNUFFT2,12,15,0.001581616
PrecorrectionNUFFT2,12,16,0.002477556
PrecorrectionNUFFT2,12,17,0.002490963
PrecorrectionNUFFT2,12,18,0.001583664
PrecorrectionNUFFT2,12,19,0.002499314
PrecorrectionNUFFT2,12,20,0.002472948
PrecorrectionNUFFT2,12,21,0.001572624
PrecorrectionNUFFT2,12,22,0.002486131
PrecorrectionNUFFT2,12,23,0.002495507
PrecorrectionNUFFT2,12,24,0.001564432
PrecorrectionNUFFT2,12,25,0.002480628
PrecorrectionNUFFT2,12,26,0.002498099
PrecorrectionNUFFT2,12,27,0.001573104
PrecorrectionNUFFT2,12,28,0.002495187
PrecorrectionNUFFT2,12,29,0.002482227
FFTNUFFT2,12,0,0.130047416
FFTNUFFT2,12,1,0.125797434
FFTNUFFT2,12,2,0.127501221
FFTNUFFT2,12,3,0.129370476
FFTNUFFT2,12,4,0.133160663
FFTNUFFT2,12,5,0.133330577
FFTNUFFT2,12,6,0.136000735
FFTNUFFT2,12,7,0.129382668
FFTNUFFT2,12,8,0.129512584
FFTNUFFT2,12,9,0.12696639
FFTNUFFT2,12,10,0.135318293
FFTNUFFT2,12,11,0.136008864
FFTNUFFT2,12,12,0.133448462
FFTNUFFT2,12,13,0.135560365
FFTNUFFT2,12,14,0.129821758
FFTNUFFT2,12,15,0.129219985
FFTNUFFT2,12,16,0.129322061
FFTNUFFT2,12,17,0.131890078
FFTNUFFT2,12,18,0.133452303
FFTNUFFT2,12,19,0.13176237
FFTNUFFT2,12,20,0.132627336
FFTNUFFT2,12,21,0.134893089
FFTNUFFT2,12,22,0.132385615
FFTNUFFT2,12,23,0.132594089
FFTNUFFT2,12,24,0.13083104
FFTNUFFT2,12,25,0.139519219
FFTNUFFT2,12,26,0.133488301
FFTNUFFT2,12,27,0.143148452
FFTNUFFT2,12,28,0.137045119
FFTNUFFT2,12,29,0.129417322
GatherNUFFT2,12,0,0.015647102
GatherNUFFT2,12,1,0.019363148
GatherNUFFT2,12,2,0.018337451
GatherNUFFT2,12,3,0.016290826
GatherNUFFT2,12,4,0.010584794
GatherNUFFT2,12,5,0.010446686
GatherNUFFT2,12,6,0.00890491
GatherNUFFT2,12,7,0.014205162
GatherNUFFT2,12,8,0.01389186
GatherNUFFT2,12,9,0.014135661
GatherNUFFT2,12,10,0.008073895
GatherNUFFT2,12,11,0.009828337
GatherNUFFT2,12,12,0.0119348
GatherNUFFT2,12,13,0.00997262
GatherNUFFT2,12,14,0.015282281
GatherNUFFT2,12,15,0.01201707
GatherNUFFT2,12,16,0.010822995
GatherNUFFT2,12,17,0.012108267
GatherNUFFT2,12,18,0.008329215
GatherNUFFT2,12,19,0.014356102
GatherNUFFT2,12,20,0.01174575
GatherNUFFT2,12,21,0.009487996
GatherNUFFT2,12,22,0.008897198
GatherNUFFT2,12,23,0.019523463
GatherNUFFT2,12,24,0.015743323
GatherNUFFT2,12,25,0.007145572
GatherNUFFT2,12,26,0.007814158
GatherNUFFT2,12,27,0.008806
GatherNUFFT2,12,28,0.00806708
GatherNUFFT2,12,29,0.015035921
mainTimer,13,0,7.524185012
dumpData,13,0,0.009192197
dumpData,13,1,0.007754577
dumpData,13,2,0.00938643
dumpData,13,3,0.007926892
dumpData,13,4,0.010334626
dumpData,13,5,0.009676054
dumpData,13,6,0.008182532
dumpData,13,7,0.008186819
dumpData,13,8,0.008493211
dumpData,13,9,0.008253858
kick,13,0,4.1983e-05
kick,13,1,1.8911e-05
kick,13,2,4.1694e-05
kick,13,3,1.9488e-05
kick,13,4,3.8367e-05
kick,13,5,9.92e-06
kick,13,6,4.3742e-05
kick,13,7,2.3103e-05
kick,13,8,4.5183e-05
kick,13,9,1.0751e-05
kick,13,10,4.1182e-05
kick,13,11,1.8559e-05
kick,13,12,4.6014e-05
kick,13,13,1.0175e-05
kick,13,14,3.9199e-05
kick,13,15,1.4304e-05
kick,13,16,4.1727e-05
kick,13,17,1.0848e-05
kick,13,18,4.3871e-05
kick,13,19,1.4847e-05
drift,13,0,7.488e-06
drift,13,1,7.584e-06
drift,13,2,6.048e-06
drift,13,3,6.656e-06
drift,13,4,7.04e-06
drift,13,5,5.984e-06
drift,13,6,6.496e-06
drift,13,7,7.04e-06
drift,13,8,6.016e-06
drift,13,9,6.656e-06
particleBC,13,0,1.0463e-05
particleBC,13,1,1.3888e-05
particleBC,13,2,1.008e-05
particleBC,13,3,1.1392e-05
particleBC,13,4,1.2255e-05
particleBC,13,5,1.1936e-05
particleBC,13,6,1.2095e-05
particleBC,13,7,1.024e-05
particleBC,13,8,1.0656e-05
particleBC,13,9,1.1839e-05
updateParticle,13,0,0.210285134
updateParticle,13,1,0.120495741
updateParticle,13,2,0.063682004
updateParticle,13,3,0.009443196
updateParticle,13,4,0.009481627
updateParticle,13,5,0.009482587
updateParticle,13,6,0.009603673
updateParticle,13,7,0.119785651
updateParticle,13,8,0.065068938
updateParticle,13,9,0.046330284
locateParticles,13,0,0.003768044
locateParticles,13,1,0.003756652
locateParticles,13,2,0.003752908
locateParticles,13,3,0.003761003
locateParticles,13,4,0.003752364
locateParticles,13,5,0.003766348
locateParticles,13,6,0.003788492
locateParticles,13,7,0.003759277
locateParticles,13,8,0.003767532
locateParticles,13,9,0.00375614
sendPreprocess,13,0,0.00057451
sendPreprocess,13,1,0.000617069
sendPreprocess,13,2,0.000637132
sendPreprocess,13,3,0.000616493
sendPreprocess,13,4,0.000640332
sendPreprocess,13,5,0.000604653
sendPreprocess,13,6,0.000581422
sendPreprocess,13,7,0.000629836
sendPreprocess,13,8,0.000663916
sendPreprocess,13,9,0.000610893
particleSend,13,0,0.001148029
particleSend,13,1,0.001224474
particleSend,13,2,0.001107326
particleSend,13,3,0.001109918
particleSend,13,4,0.001083999
particleSend,13,5,0.001079295
particleSend,13,6,0.001141149
particleSend,13,7,0.00106272
particleSend,13,8,0.001152796
particleSend,13,9,0.001139581
particleRecv,13,0,3.7855e-05
particleRecv,13,1,3.7311e-05
particleRecv,13,2,4.3391e-05
particleRecv,13,3,3.6767e-05
particleRecv,13,4,3.9263e-05
particleRecv,13,5,3.8879e-05
particleRecv,13,6,4.4031e-05
particleRecv,13,7,4.5279e-05
particleRecv,13,8,4.1727e-05
particleRecv,13,9,3.6543e-05
particleDestroy,13,0,0.002972644
particleDestroy,13,1,0.002975652
particleDestroy,13,2,0.002972356
particleDestroy,13,3,0.002944677
particleDestroy,13,4,0.00298282
particleDestroy,13,5,0.002969156
particleDestroy,13,6,0.002989443
particleDestroy,13,7,0.002985764
particleDestroy,13,8,0.002982884
particleDestroy,13,9,0.00298298
ScatterPIFNUFFT,13,0,0.160160119
ScatterPIFNUFFT,13,1,3.7279e-05
ScatterPIFNUFFT,13,2,0.197203809
ScatterPIFNUFFT,13,3,3.3119e-05
ScatterPIFNUFFT,13,4,0.216980767
ScatterPIFNUFFT,13,5,1.9615e-05
ScatterPIFNUFFT,13,6,0.264804285
ScatterPIFNUFFT,13,7,2.4415e-05
ScatterPIFNUFFT,13,8,0.257798037
ScatterPIFNUFFT,13,9,1.8783e-05
ScatterPIFNUFFT,13,10,0.322279952
ScatterPIFNUFFT,13,11,2.6464e-05
ScatterPIFNUFFT,13,12,0.209230702
ScatterPIFNUFFT,13,13,4.0767e-05
ScatterPIFNUFFT,13,14,0.157119829
ScatterPIFNUFFT,13,15,3.1615e-05
ScatterPIFNUFFT,13,16,0.159284017
ScatterPIFNUFFT,13,17,3.8591e-05
ScatterPIFNUFFT,13,18,0.174822355
ScatterPIFNUFFT,13,19,1.6543e-05
NativeNUFFT1,13,0,0.15678899
NativeNUFFT1,13,1,0.192768649
NativeNUFFT1,13,2,0.212663716
NativeNUFFT1,13,3,0.260441892
NativeNUFFT1,13,4,0.253275425
NativeNUFFT1,13,5,0.317856313
NativeNUFFT1,13,6,0.205903413
NativeNUFFT1,13,7,0.152729052
NativeNUFFT1,13,8,0.155834428
NativeNUFFT1,13,9,0.170422907
scatterTimerNUFFT1,13,0,0.020663747
scatterTimerNUFFT1,13,1,0.0577139
scatterTimerNUFFT1,13,2,0.078190197
scatterTimerNUFFT1,13,3,0.129103124
scatterTimerNUFFT1,13,4,0.127876699
scatterTimerNUFFT1,13,5,0.183601316
scatterTimerNUFFT1,13,6,0.07609295
scatterTimerNUFFT1,13,7,0.025660776
scatterTimerNUFFT1,13,8,0.022730468
scatterTimerNUFFT1,13,9,0.041051855
binSort,13,0,0.004260988
binSort,13,1,0.004242685
binSort,13,2,0.004189247
binSort,13,3,0.004230814
binSort,13,4,0.004227902
binSort,13,5,0.004248478
binSort,13,6,0.004255613
binSort,13,7,0.004263293
binSort,13,8,0.004232189
binSort,13,9,0.004233469
binSort,13,10,0.004229885
binSort,13,11,0.004287099
binSort,13,12,0.004227614
binSort,13,13,0.004227613
binSort,13,14,0.004217151
binSort,13,15,0.004236061
binSort,13,16,0.004233757
binSort,13,17,0.004289852
binSort,13,18,0.004222302
binSort,13,19,0.004263388
binSort,13,20,0.004183264
binSort,13,21,0.004248701
binSort,13,22,0.004253373
binSort,13,23,0.004239293
binSort,13,24,0.004272572
binSort,13,25,0.004215742
binSort,13,26,0.004241629
binSort,13,27,0.004310843
binSort,13,28,0.004208478
binSort,13,29,0.004274716
binSort,13,30,0.004228445
binSort,13,31,0.00421955
binSort,13,32,0.004251741
binSort,13,33,0.004304987
binSort,13,34,0.004258525
binSort,13,35,0.004223837
binSort,13,36,0.004201855
binSort,13,37,0.004275996
binSort,13,38,0.004221726
binSort,13,39,0.004213566
binComputeKeys,13,0,0.000394516
binComputeKeys,13,1,0.000407988
binComputeKeys,13,2,0.00039346
binComputeKeys,13,3,0.000397076
binComputeKeys,13,4,0.000407508
binComputeKeys,13,5,0.000397652
binComputeKeys,13,6,0.000411923
binComputeKeys,13,7,0.000394996
binComputeKeys,13,8,0.000403475
binComputeKeys,13,9,0.000397492
binComputeKeys,13,10,0.000399955
binComputeKeys,13,11,0.000410419
binComputeKeys,13,12,0.000404115
binComputeKeys,13,13,0.000407347
binComputeKeys,13,14,0.000398516
binComputeKeys,13,15,0.000413971
binComputeKeys,13,16,0.000420883
binComputeKeys,13,17,0.000403188
binComputeKeys,13,18,0.000411795
binComputeKeys,13,19,0.000412339
binComputeKeys,13,20,0.00039394
binComputeKeys,13,21,0.00039682
binComputeKeys,13,22,0.000399924
binComputeKeys,13,23,0.000415155
binComputeKeys,13,24,0.000395092
binComputeKeys,13,25,0.000395924
binComputeKeys,13,26,0.000411315
binComputeKeys,13,27,0.00039794
binComputeKeys,13,28,0.000400691
binComputeKeys,13,29,0.000399347
binComputeKeys,13,30,0.000416787
binComputeKeys,13,31,0.000413747
binComputeKeys,13,32,0.000395668
binComputeKeys,13,33,0.000395828
binComputeKeys,13,34,0.000403572
binComputeKeys,13,35,0.000410451
binComputeKeys,13,36,0.000399316
binComputeKeys,13,37,0.000413811
binComputeKeys,13,38,0.000407924
binComputeKeys,13,39,0.000401267
binSortByKey,13,0,0.003660655
binSortByKey,13,1,0.00363608
binSortByKey,13,2,0.003605073
binSortByKey,13,3,0.003637296
binSortByKey,13,4,0.003626256
binSortByKey,13,5,0.003643984
binSortByKey,13,6,0.003641424
binSortByKey,13,7,0.003663151
binSortByKey,13,8,0.003633904
binSortByKey,13,9,0.003635759
binSortByKey,13,10,0.00362744
binSortByKey,13,11,0.003669999
binSortByKey,13,12,0.003632305
binSortByKey,13,13,0.003626032
binSortByKey,13,14,0.003618929
binSortByKey,13,15,0.003628816
binSortByKey,13,16,0.003613169
binSortByKey,13,17,0.003667279
binSortByKey,13,18,0.003618385
binSortByKey,13,19,0.003657167
binSortByKey,13,20,0.003596306
binSortByKey,13,21,0.003644464
binSortByKey,13,22,0.003648079
binSortByKey,13,23,0.003632016
binSortByKey,13,24,0.003668303
binSortByKey,13,25,0.003624944
binSortByKey,13,26,0.003630513
binSortByKey,13,27,0.00369387
binSortByKey,13,28,0.003612625
binSortByKey,13,29,0.003672463
binSortByKey,13,30,0.003620912
binSortByKey,13,31,0.003614896
binSortByKey,13,32,0.003649551
binSortByKey,13,33,0.003680879
binSortByKey,13,34,0.00364824
binSortByKey,13,35,0.003615408
binSortByKey,13,36,0.003610417
binSortByKey,13,37,0.003662031
binSortByKey,13,38,0.00361928
binSortByKey,13,39,0.003620721
binComputeOffsets,13,0,0.000204217
binComputeOffsets,13,1,0.000197113
binComputeOffsets,13,2,0.000187802
binComputeOffsets,13,3,0.00019497
binComputeOffsets,13,4,0.000193658
binComputeOffsets,13,5,0.000205434
binComputeOffsets,13,6,0.00020089
binComputeOffsets,13,7,0.000203162
binComputeOffsets,13,8,0.000193498
binComputeOffsets,13,9,0.000199258
binComputeOffsets,13,10,0.000200506
binComputeOffsets,13,11,0.000205657
binComputeOffsets,13,12,0.000190682
binComputeOffsets,13,13,0.000192858
binComputeOffsets,13,14,0.000198586
binComputeOffsets,13,15,0.000191258
binComputeOffsets,13,16,0.000197882
binComputeOffsets,13,17,0.000217305
binComputeOffsets,13,18,0.00019033
binComputeOffsets,13,19,0.000192794
binComputeOffsets,13,20,0.000191514
binComputeOffsets,13,21,0.000204794
binComputeOffsets,13,22,0.000203194
binComputeOffsets,13,23,0.000190586
binComputeOffsets,13,24,0.000207833
binComputeOffsets,13,25,0.000192698
binComputeOffsets,13,26,0.000198969
binComputeOffsets,13,27,0.000217785
binComputeOffsets,13,28,0.000194426
binComputeOffsets,13,29,0.000201882
binComputeOffsets,13,30,0.000188762
binComputeOffsets,13,31,0.000189915
binComputeOffsets,13,32,0.000203546
binComputeOffsets,13,33,0.000226265
binComputeOffsets,13,34,0.000205274
binComputeOffsets,13,35,0.000196922
binComputeOffsets,13,36,0.000191546
binComputeOffsets,13,37,0.000198298
binComputeOffsets,13,38,0.000193498
binComputeOffsets,13,39,0.000190618
FFTNUFFT1,13,0,0.1353061
FFTNUFFT1,13,1,0.134226135
FFTNUFFT1,13,2,0.133653705
FFTNUFFT1,13,3,0.130512233
FFTNUFFT1,13,4,0.124578303
FFTNUFFT1,13,5,0.133431055
FFTNUFFT1,13,6,0.12899244
FFTNUFFT1,13,7,0.126233773
FFTNUFFT1,13,8,0.132285554
FFTNUFFT1,13,9,0.128560869
deconvolutionNUFFT1,13,0,0.000816423
deconvolutionNUFFT1,13,1,0.000824934
deconvolutionNUFFT1,13,2,0.000817319
deconvolutionNUFFT1,13,3,0.000824807
deconvolutionNUFFT1,13,4,0.000818055
deconvolutionNUFFT1,13,5,0.000822822
deconvolutionNUFFT1,13,6,0.000816263
deconvolutionNUFFT1,13,7,0.000832999
deconvolutionNUFFT1,13,8,0.000815335
deconvolutionNUFFT1,13,9,0.000808615
GatherPIFNUFFT,13,0,0.462089467
GatherPIFNUFFT,13,1,0.460922495
GatherPIFNUFFT,13,2,0.455161713
GatherPIFNUFFT,13,3,0.459609863
GatherPIFNUFFT,13,4,0.465745642
GatherPIFNUFFT,13,5,0.449615803
GatherPIFNUFFT,13,6,0.460916224
GatherPIFNUFFT,13,7,0.464580142
GatherPIFNUFFT,13,8,0.460524107
GatherPIFNUFFT,13,9,0.465737451
NativeNUFFT2,13,0,0.151359526
NativeNUFFT2,13,1,0.153621408
NativeNUFFT2,13,2,0.154033395
NativeNUFFT2,13,3,0.152081904
NativeNUFFT2,13,4,0.1526136
NativeNUFFT2,13,5,0.15263315
NativeNUFFT2,13,6,0.151292744
NativeNUFFT2,13,7,0.151773881
NativeNUFFT2,13,8,0.150515297
NativeNUFFT2,13,9,0.150948466
NativeNUFFT2,13,10,0.150990385
NativeNUFFT2,13,11,0.154622114
NativeNUFFT2,13,12,0.156353805
NativeNUFFT2,13,13,0.154569891
NativeNUFFT2,13,14,0.152634431
NativeNUFFT2,13,15,0.146728821
NativeNUFFT2,13,16,0.147441055
NativeNUFFT2,13,17,0.153058929
NativeNUFFT2,13,18,0.151001937
NativeNUFFT2,13,19,0.152458436
NativeNUFFT2,13,20,0.15352906
NativeNUFFT2,13,21,0.153490724
NativeNUFFT2,13,22,0.150605501
NativeNUFFT2,13,23,0.158411853
NativeNUFFT2,13,24,0.152876024
NativeNUFFT2,13,25,0.155236206
NativeNUFFT2,13,26,0.149891283
NativeNUFFT2,13,27,0.158232914
NativeNUFFT2,13,28,0.153513572
NativeNUFFT2,13,29,0.152451812
PrecorrectionNUFFT2,13,0,0.001609518
PrecorrectionNUFFT2,13,1,0.002558769
PrecorrectionNUFFT2,13,2,0.002567312
PrecorrectionNUFFT2,13,3,0.001613135
PrecorrectionNUFFT2,13,4,0.002557041
PrecorrectionNUFFT2,13,5,0.002565872
PrecorrectionNUFFT2,13,6,0.001612078
PrecorrectionNUFFT2,13,7,0.002570513
PrecorrectionNUFFT2,13,8,0.002565714
PrecorrectionNUFFT2,13,9,0.00162475
PrecorrectionNUFFT2,13,10,0.002576433
PrecorrectionNUFFT2,13,11,0.002567857
PrecorrectionNUFFT2,13,12,0.001593231
PrecorrectionNUFFT2,13,13,0.002584304
PrecorrectionNUFFT2,13,14,0.002577489
PrecorrectionNUFFT2,13,15,0.001597391
PrecorrectionNUFFT2,13,16,0.002561361
PrecorrectionNUFFT2,13,17,0.002583216
PrecorrectionNUFFT2,13,18,0.00163147
PrecorrectionNUFFT2,13,19,0.002569105
PrecorrectionNUFFT2,13,20,0.00259864
PrecorrectionNUFFT2,13,21,0.001635246
PrecorrectionNUFFT2,13,22,0.002551921
PrecorrectionNUFFT2,13,23,0.002586992
PrecorrectionNUFFT2,13,24,0.001597423
PrecorrectionNUFFT2,13,25,0.002575184
PrecorrectionNUFFT2,13,26,0.002585713
PrecorrectionNUFFT2,13,27,0.001588975
PrecorrectionNUFFT2,13,28,0.002578256
PrecorrectionNUFFT2,13,29,0.002560049
FFTNUFFT2,13,0,0.129925243
FFTNUFFT2,13,1,0.133115928
FFTNUFFT2,13,2,0.134304788
FFTNUFFT2,13,3,0.126545284
FFTNUFFT2,13,4,0.130447948
FFTNUFFT2,13,5,0.128907194
FFTNUFFT2,13,6,0.125050577
FFTNUFFT2,13,7,0.133839394
FFTNUFFT2,13,8,0.129354893
FFTNUFFT2,13,9,0.130391084
FFTNUFFT2,13,10,0.125388199
FFTNUFFT2,13,11,0.128075732
FFTNUFFT2,13,12,0.134879203
FFTNUFFT2,13,13,0.138164412
FFTNUFFT2,13,14,0.131138005
FFTNUFFT2,13,15,0.121149001
FFTNUFFT2,13,16,0.127046323
FFTNUFFT2,13,17,0.134852354
FFTNUFFT2,13,18,0.135483247
FFTNUFFT2,13,19,0.132842338
FFTNUFFT2,13,20,0.132017626
FFTNUFFT2,13,21,0.135463215
FFTNUFFT2,13,22,0.13418348
FFTNUFFT2,13,23,0.137705515
FFTNUFFT2,13,24,0.127865211
FFTNUFFT2,13,25,0.134468398
FFTNUFFT2,13,26,0.132538283
FFTNUFFT2,13,27,0.141580148
FFTNUFFT2,13,28,0.128516359
FFTNUFFT2,13,29,0.130801824
GatherNUFFT2,13,0,0.013531519
GatherNUFFT2,13,1,0.011671065
GatherNUFFT2,13,2,0.010905136
GatherNUFFT2,13,3,0.017645696
GatherNUFFT2,13,4,0.013340389
GatherNUFFT2,13,5,0.014876693
GatherNUFFT2,13,6,0.018494406
GatherNUFFT2,13,7,0.009101863
GatherNUFFT2,13,8,0.012324484
GatherNUFFT2,13,9,0.012667002
GatherNUFFT2,13,10,0.016750492
GatherNUFFT2,13,11,0.01771715
GatherNUFFT2,13,12,0.013571293
GatherNUFFT2,13,13,0.007551544
GatherNUFFT2,13,14,0.012658617
GatherNUFFT2,13,15,0.017739229
GatherNUFFT2,13,16,0.011571708
GatherNUFFT2,13,17,0.009343808
GatherNUFFT2,13,18,0.007617557
GatherNUFFT2,13,19,0.010753589
GatherNUFFT2,13,20,0.012645914
GatherNUFFT2,13,21,0.010080842
GatherNUFFT2,13,22,0.007592022
GatherNUFFT2,13,23,0.011803572
GatherNUFFT2,13,24,0.017118545
GatherNUFFT2,13,25,0.011899025
GatherNUFFT2,13,26,0.008483162
GatherNUFFT2,13,27,0.008770897
GatherNUFFT2,13,28,0.016318761
GatherNUFFT2,13,29,0.012792886
mainTimer,14,0,7.524185844
dumpData,14,0,0.010311555
dumpData,14,1,0.008734483
dumpData,14,2,0.008681556
dumpData,14,3,0.009925102
dumpData,14,4,0.009725301
dumpData,14,5,0.009063689
dumpData,14,6,0.008615478
dumpData,14,7,0.008729683
dumpData,14,8,0.009008266
dumpData,14,9,0.009377663
kick,14,0,4.2911e-05
kick,14,1,1.5711e-05
kick,14,2,4.1918e-05
kick,14,3,2.0224e-05
kick,14,4,3.6447e-05
kick,14,5,1.2768e-05
kick,14,6,4.3966e-05
kick,14,7,1.2864e-05
kick,14,8,4.5119e-05
kick,14,9,1.1584e-05
kick,14,10,3.8719e-05
kick,14,11,1.1551e-05
kick,14,12,4.5598e-05
kick,14,13,1.5776e-05
kick,14,14,3.9551e-05
kick,14,15,1.5807e-05
kick,14,16,4.1759e-05
kick,14,17,1.1392e-05
kick,14,18,4.1599e-05
kick,14,19,1.3184e-05
drift,14,0,7.008e-06
drift,14,1,7.072e-06
drift,14,2,6.944e-06
drift,14,3,1.1808e-05
drift,14,4,7.456e-06
drift,14,5,7.423e-06
drift,14,6,6.304e-06
drift,14,7,5.952e-06
drift,14,8,4.48e-06
drift,14,9,7.456e-06
particleBC,14,0,9.727e-06
particleBC,14,1,1.3312e-05
particleBC,14,2,1.0464e-05
particleBC,14,3,9.375e-06
particleBC,14,4,1.1071e-05
particleBC,14,5,1.1296e-05
particleBC,14,6,1.152e-05
particleBC,14,7,1.1104e-05
particleBC,14,8,1.1488e-05
particleBC,14,9,1.0111e-05
updateParticle,14,0,0.21014517
updateParticle,14,1,0.120487741
updateParticle,14,2,0.063790609
updateParticle,14,3,0.009418174
updateParticle,14,4,0.009477628
updateParticle,14,5,0.009515802
updateParticle,14,6,0.009530075
updateParticle,14,7,0.119799411
updateParticle,14,8,0.064943886
updateParticle,14,9,0.046329068
locateParticles,14,0,0.003488501
locateParticles,14,1,0.003466133
locateParticles,14,2,0.003480148
locateParticles,14,3,0.003472277
locateParticles,14,4,0.003469365
locateParticles,14,5,0.003471701
locateParticles,14,6,0.003466518
locateParticles,14,7,0.00346463
locateParticles,14,8,0.003476277
locateParticles,14,9,0.003468149
sendPreprocess,14,0,0.000854213
sendPreprocess,14,1,0.000906596
sendPreprocess,14,2,0.000910628
sendPreprocess,14,3,0.000903076
sendPreprocess,14,4,0.000924131
sendPreprocess,14,5,0.000900676
sendPreprocess,14,6,0.00090362
sendPreprocess,14,7,0.000925539
sendPreprocess,14,8,0.000955107
sendPreprocess,14,9,0.000900868
particleSend,14,0,0.001060416
particleSend,14,1,0.001053408
particleSend,14,2,0.001163901
particleSend,14,3,0.001035264
particleSend,14,4,0.001090335
particleSend,14,5,0.001055679
particleSend,14,6,0.001079103
particleSend,14,7,0.001258905
particleSend,14,8,0.001048095
particleSend,14,9,0.001154557
particleRecv,14,0,3.6158e-05
particleRecv,14,1,3.8015e-05
particleRecv,14,2,3.8942e-05
particleRecv,14,3,3.6735e-05
particleRecv,14,4,3.6895e-05
particleRecv,14,5,4.0831e-05
particleRecv,14,6,3.6991e-05
particleRecv,14,7,3.2543e-05
particleRecv,14,8,3.8463e-05
particleRecv,14,9,3.0591e-05
particleDestroy,14,0,0.002720973
particleDestroy,14,1,0.002725708
particleDestroy,14,2,0.002705517
particleDestroy,14,3,0.002721484
particleDestroy,14,4,0.00271806
particleDestroy,14,5,0.002715404
particleDestroy,14,6,0.002722156
particleDestroy,14,7,0.002711053
particleDestroy,14,8,0.002725324
particleDestroy,14,9,0.0027179
ScatterPIFNUFFT,14,0,0.163339541
ScatterPIFNUFFT,14,1,5.2863e-05
ScatterPIFNUFFT,14,2,0.198273407
ScatterPIFNUFFT,14,3,3.4815e-05
ScatterPIFNUFFT,14,4,0.213338127
ScatterPIFNUFFT,14,5,2.9119e-05
ScatterPIFNUFFT,14,6,0.264482984
ScatterPIFNUFFT,14,7,2.2335e-05
ScatterPIFNUFFT,14,8,0.260314343
ScatterPIFNUFFT,14,9,3.0271e-05
ScatterPIFNUFFT,14,10,0.320533766
ScatterPIFNUFFT,14,11,4.3582e-05
ScatterPIFNUFFT,14,12,0.208287979
ScatterPIFNUFFT,14,13,2.9279e-05
ScatterPIFNUFFT,14,14,0.164155836
ScatterPIFNUFFT,14,15,1.6447e-05
ScatterPIFNUFFT,14,16,0.159157013
ScatterPIFNUFFT,14,17,2.8863e-05
ScatterPIFNUFFT,14,18,0.182780573
ScatterPIFNUFFT,14,19,2.0223e-05
NativeNUFFT1,14,0,0.158721091
NativeNUFFT1,14,1,0.193795082
NativeNUFFT1,14,2,0.209022133
NativeNUFFT1,14,3,0.260084175
NativeNUFFT1,14,4,0.255760372
NativeNUFFT1,14,5,0.316104463
NativeNUFFT1,14,6,0.203730199
NativeNUFFT1,14,7,0.159751812
NativeNUFFT1,14,8,0.155614274
NativeNUFFT1,14,9,0.1784081
scatterTimerNUFFT1,14,0,0.019496871
scatterTimerNUFFT1,14,1,0.056778378
scatterTimerNUFFT1,14,2,0.079762117
scatterTimerNUFFT1,14,3,0.127937912
scatterTimerNUFFT1,14,4,0.127092243
scatterTimerNUFFT1,14,5,0.182415625
scatterTimerNUFFT1,14,6,0.073763198
scatterTimerNUFFT1,14,7,0.024760613
scatterTimerNUFFT1,14,8,0.021681604
scatterTimerNUFFT1,14,9,0.040014767
binSort,14,0,0.003874281
binSort,14,1,0.003780364
binSort,14,2,0.00375934
binSort,14,3,0.003758124
binSort,14,4,0.00388164
binSort,14,5,0.003743437
binSort,14,6,0.003751277
binSort,14,7,0.003779531
binSort,14,8,0.003870152
binSort,14,9,0.003809099
binSort,14,10,0.003771308
binSort,14,11,0.003744812
binSort,14,12,0.003880808
binSort,14,13,0.003831529
binSort,14,14,0.003758925
binSort,14,15,0.003753164
binSort,14,16,0.003829578
binSort,14,17,0.003772044
binSort,14,18,0.003807851
binSort,14,19,0.003830826
binSort,14,20,0.003846281
binSort,14,21,0.003748908
binSort,14,22,0.003803242
binSort,14,23,0.003803179
binSort,14,24,0.003871657
binSort,14,25,0.003785772
binSort,14,26,0.003786156
binSort,14,27,0.003821674
binSort,14,28,0.003864297
binSort,14,29,0.003774859
binSort,14,30,0.003795115
binSort,14,31,0.003769355
binSort,14,32,0.003869896
binSort,14,33,0.003801131
binSort,14,34,0.003808907
binSort,14,35,0.003765868
binSort,14,36,0.003904232
binSort,14,37,0.003789931
binSort,14,38,0.003786284
binSort,14,39,0.003719597
binComputeKeys,14,0,0.000368949
binComputeKeys,14,1,0.000352726
binComputeKeys,14,2,0.000368213
binComputeKeys,14,3,0.000370837
binComputeKeys,14,4,0.000371796
binComputeKeys,14,5,0.000355925
binComputeKeys,14,6,0.000354005
binComputeKeys,14,7,0.000351221
binComputeKeys,14,8,0.000362804
binComputeKeys,14,9,0.000364245
binComputeKeys,14,10,0.000348149
binComputeKeys,14,11,0.000360405
binComputeKeys,14,12,0.000366164
binComputeKeys,14,13,0.000356309
binComputeKeys,14,14,0.000349813
binComputeKeys,14,15,0.000374165
binComputeKeys,14,16,0.000382868
binComputeKeys,14,17,0.000349205
binComputeKeys,14,18,0.000370068
binComputeKeys,14,19,0.000350965
binComputeKeys,14,20,0.000357589
binComputeKeys,14,21,0.000356437
binComputeKeys,14,22,0.000358133
binComputeKeys,14,23,0.000352949
binComputeKeys,14,24,0.000367861
binComputeKeys,14,25,0.000361781
binComputeKeys,14,26,0.000351317
binComputeKeys,14,27,0.000369109
binComputeKeys,14,28,0.000360725
binComputeKeys,14,29,0.000373812
binComputeKeys,14,30,0.000364021
binComputeKeys,14,31,0.000363924
binComputeKeys,14,32,0.000359989
binComputeKeys,14,33,0.000374645
binComputeKeys,14,34,0.000364181
binComputeKeys,14,35,0.000361525
binComputeKeys,14,36,0.000368789
binComputeKeys,14,37,0.000369492
binComputeKeys,14,38,0.000355093
binComputeKeys,14,39,0.000345781
binSortByKey,14,0,0.00330857
binSortByKey,14,1,0.003244795
binSortByKey,14,2,0.003217468
binSortByKey,14,3,0.00321286
binSortByKey,14,4,0.003317754
binSortByKey,14,5,0.003216573
binSortByKey,14,6,0.003220829
binSortByKey,14,7,0.003244764
binSortByKey,14,8,0.003315898
binSortByKey,14,9,0.00326166
binSortByKey,14,10,0.003237244
binSortByKey,14,11,0.003211965
binSortByKey,14,12,0.00332249
binSortByKey,14,13,0.00327929
binSortByKey,14,14,0.003228669
binSortByKey,14,15,0.003205789
binSortByKey,14,16,0.003262043
binSortByKey,14,17,0.00323862
binSortByKey,14,18,0.003260572
binSortByKey,14,19,0.003268219
binSortByKey,14,20,0.003296954
binSortByKey,14,21,0.003221724
binSortByKey,14,22,0.003257211
binSortByKey,14,23,0.003270171
binSortByKey,14,24,0.003304026
binSortByKey,14,25,0.003241372
binSortByKey,14,26,0.00324822
binSortByKey,14,27,0.003266043
binSortByKey,14,28,0.003306426
binSortByKey,14,29,0.003230044
binSortByKey,14,30,0.003252732
binSortByKey,14,31,0.003226845
binSortByKey,14,32,0.003313209
binSortByKey,14,33,0.003246619
binSortByKey,14,34,0.003248028
binSortByKey,14,35,0.003230364
binSortByKey,14,36,0.003342873
binSortByKey,14,37,0.003246044
binSortByKey,14,38,0.00324902
binSortByKey,14,39,0.003205149
binComputeOffsets,14,0,0.000194202
binComputeOffsets,14,1,0.000182107
binComputeOffsets,14,2,0.000173083
binComputeOffsets,14,3,0.000173627
binComputeOffsets,14,4,0.00018905
binComputeOffsets,14,5,0.000170459
binComputeOffsets,14,6,0.000175963
binComputeOffsets,14,7,0.00018297
binComputeOffsets,14,8,0.000189594
binComputeOffsets,14,9,0.000182426
binComputeOffsets,14,10,0.000184123
binComputeOffsets,14,11,0.000171898
binComputeOffsets,14,12,0.000187994
binComputeOffsets,14,13,0.000195194
binComputeOffsets,14,14,0.000179067
binComputeOffsets,14,15,0.000172346
binComputeOffsets,14,16,0.000180315
binComputeOffsets,14,17,0.000183355
binComputeOffsets,14,18,0.000175387
binComputeOffsets,14,19,0.000210106
binComputeOffsets,14,20,0.000188634
binComputeOffsets,14,21,0.000170331
binComputeOffsets,14,22,0.000186394
binComputeOffsets,14,23,0.000179483
binComputeOffsets,14,24,0.00019641
binComputeOffsets,14,25,0.000180795
binComputeOffsets,14,26,0.000186107
binComputeOffsets,14,27,0.000185402
binComputeOffsets,14,28,0.000192602
binComputeOffsets,14,29,0.000170587
binComputeOffsets,14,30,0.000176762
binComputeOffsets,14,31,0.000178234
binComputeOffsets,14,32,0.000192698
binComputeOffsets,14,33,0.000177691
binComputeOffsets,14,34,0.00019593
binComputeOffsets,14,35,0.000172283
binComputeOffsets,14,36,0.00019129
binComputeOffsets,14,37,0.000172507
binComputeOffsets,14,38,0.000181723
binComputeOffsets,14,39,0.000167771
FFTNUFFT1,14,0,0.138390197
FFTNUFFT1,14,1,0.136199418
FFTNUFFT1,14,2,0.128413418
FFTNUFFT1,14,3,0.131327824
FFTNUFFT1,14,4,0.127838747
FFTNUFFT1,14,5,0.132868959
FFTNUFFT1,14,6,0.129134259
FFTNUFFT1,14,7,0.134171449
FFTNUFFT1,14,8,0.133122391
FFTNUFFT1,14,9,0.137577326
deconvolutionNUFFT1,14,0,0.000830951
deconvolutionNUFFT1,14,1,0.000814886
deconvolutionNUFFT1,14,2,0.000844838
deconvolutionNUFFT1,14,3,0.000814919
deconvolutionNUFFT1,14,4,0.000826342
deconvolutionNUFFT1,14,5,0.000817575
deconvolutionNUFFT1,14,6,0.000830886
deconvolutionNUFFT1,14,7,0.000818055
deconvolutionNUFFT1,14,8,0.000803207
deconvolutionNUFFT1,14,9,0.000814439
GatherPIFNUFFT,14,0,0.458554888
GatherPIFNUFFT,14,1,0.45836043
GatherPIFNUFFT,14,2,0.458929885
GatherPIFNUFFT,14,3,0.45834891
GatherPIFNUFFT,14,4,0.464518544
GatherPIFNUFFT,14,5,0.453541283
GatherPIFNUFFT,14,6,0.463090812
GatherPIFNUFFT,14,7,0.457202674
GatherPIFNUFFT,14,8,0.460789796
GatherPIFNUFFT,14,9,0.45640961
NativeNUFFT2,14,0,0.148867476
NativeNUFFT2,14,1,0.154483077
NativeNUFFT2,14,2,0.153602017
NativeNUFFT2,14,3,0.14959094
NativeNUFFT2,14,4,0.152205901
NativeNUFFT2,14,5,0.153457989
NativeNUFFT2,14,6,0.151679932
NativeNUFFT2,14,7,0.152522946
NativeNUFFT2,14,8,0.152117711
NativeNUFFT2,14,9,0.149756087
NativeNUFFT2,14,10,0.151953011
NativeNUFFT2,14,11,0.153410407
NativeNUFFT2,14,12,0.154096722
NativeNUFFT2,14,13,0.154653889
NativeNUFFT2,14,14,0.153639392
NativeNUFFT2,14,15,0.147993199
NativeNUFFT2,14,16,0.150106988
NativeNUFFT2,14,17,0.15290319
NativeNUFFT2,14,18,0.152605407
NativeNUFFT2,14,19,0.153727293
NativeNUFFT2,14,20,0.153541987
NativeNUFFT2,14,21,0.145664661
NativeNUFFT2,14,22,0.151145068
NativeNUFFT2,14,23,0.158813505
NativeNUFFT2,14,24,0.150888373
NativeNUFFT2,14,25,0.157068758
NativeNUFFT2,14,26,0.149795094
NativeNUFFT2,14,27,0.149492511
NativeNUFFT2,14,28,0.151720379
NativeNUFFT2,14,29,0.153587681
PrecorrectionNUFFT2,14,0,0.001522161
PrecorrectionNUFFT2,14,1,0.002409942
PrecorrectionNUFFT2,14,2,0.002413494
PrecorrectionNUFFT2,14,3,0.001547984
PrecorrectionNUFFT2,14,4,0.00240719
PrecorrectionNUFFT2,14,5,0.002388182
PrecorrectionNUFFT2,14,6,0.001557648
PrecorrectionNUFFT2,14,7,0.002402262
PrecorrectionNUFFT2,14,8,0.002407862
PrecorrectionNUFFT2,14,9,0.001543056
PrecorrectionNUFFT2,14,10,0.002419061
PrecorrectionNUFFT2,14,11,0.002409846
PrecorrectionNUFFT2,14,12,0.001541744
PrecorrectionNUFFT2,14,13,0.002408694
PrecorrectionNUFFT2,14,14,0.002398678
PrecorrectionNUFFT2,14,15,0.00157208
PrecorrectionNUFFT2,14,16,0.002433269
PrecorrectionNUFFT2,14,17,0.002389494
PrecorrectionNUFFT2,14,18,0.001535024
PrecorrectionNUFFT2,14,19,0.002389814
PrecorrectionNUFFT2,14,20,0.002429845
PrecorrectionNUFFT2,14,21,0.001524817
PrecorrectionNUFFT2,14,22,0.002416533
PrecorrectionNUFFT2,14,23,0.002397846
PrecorrectionNUFFT2,14,24,0.00154008
PrecorrectionNUFFT2,14,25,0.00241439
PrecorrectionNUFFT2,14,26,0.002402902
PrecorrectionNUFFT2,14,27,0.001528593
PrecorrectionNUFFT2,14,28,0.002410997
PrecorrectionNUFFT2,14,29,0.002386678
FFTNUFFT2,14,0,0.124448676
FFTNUFFT2,14,1,0.129912795
FFTNUFFT2,14,2,0.12855946
FFTNUFFT2,14,3,0.129794079
FFTNUFFT2,14,4,0.127714624
FFTNUFFT2,14,5,0.133506956
FFTNUFFT2,14,6,0.132946781
FFTNUFFT2,14,7,0.134689705
FFTNUFFT2,14,8,0.134085467
FFTNUFFT2,14,9,0.127538052
FFTNUFFT2,14,10,0.125980628
FFTNUFFT2,14,11,0.136674507
FFTNUFFT2,14,12,0.130404812
FFTNUFFT2,14,13,0.138045983
FFTNUFFT2,14,14,0.128497607
FFTNUFFT2,14,15,0.131820929
FFTNUFFT2,14,16,0.128923449
FFTNUFFT2,14,17,0.128182832
FFTNUFFT2,14,18,0.137470451
FFTNUFFT2,14,19,0.128743871
FFTNUFFT2,14,20,0.133228725
FFTNUFFT2,14,21,0.130719681
FFTNUFFT2,14,22,0.135234072
FFTNUFFT2,14,23,0.134672841
FFTNUFFT2,14,24,0.129874941
FFTNUFFT2,14,25,0.138139325
FFTNUFFT2,14,26,0.134780805
FFTNUFFT2,14,27,0.135059804
FFTNUFFT2,14,28,0.136548847
FFTNUFFT2,14,29,0.13742946
GatherNUFFT2,14,0,0.017162127
GatherNUFFT2,14,1,0.016417255
GatherNUFFT2,14,2,0.01689548
GatherNUFFT2,14,3,0.012512862
GatherNUFFT2,14,4,0.016350759
GatherNUFFT2,14,5,0.011822228
GatherNUFFT2,14,6,0.011428545
GatherNUFFT2,14,7,0.009659925
GatherNUFFT2,14,8,0.009874416
GatherNUFFT2,14,9,0.014948723
GatherNUFFT2,14,10,0.017814971
GatherNUFFT2,14,11,0.008579063
GatherNUFFT2,14,12,0.016392743
GatherNUFFT2,14,13,0.008472987
GatherNUFFT2,14,14,0.016991508
GatherNUFFT2,14,15,0.008835088
GatherNUFFT2,14,16,0.013017135
GatherNUFFT2,14,17,0.0166112
GatherNUFFT2,14,18,0.007880141
GatherNUFFT2,14,19,0.017012692
GatherNUFFT2,14,20,0.012160136
GatherNUFFT2,14,21,0.007685811
GatherNUFFT2,14,22,0.007750096
GatherNUFFT2,14,23,0.016025074
GatherNUFFT2,14,24,0.013738296
GatherNUFFT2,14,25,0.010767764
GatherNUFFT2,14,26,0.006901803
GatherNUFFT2,14,27,0.007185122
GatherNUFFT2,14,28,0.007030216
GatherNUFFT2,14,29,0.008023689
mainTimer,15,0,7.524184756
dumpData,15,0,0.010831475
dumpData,15,1,0.008309792
dumpData,15,2,0.007778416
dumpData,15,3,0.009266817
dumpData,15,4,0.009285442
dumpData,15,5,0.008596183
dumpData,15,6,0.007655988
dumpData,15,7,0.009392478
dumpData,15,8,0.007951691
dumpData,15,9,0.007733778
kick,15,0,4.0415e-05
kick,15,1,1.0911e-05
kick,15,2,4.0222e-05
kick,15,3,9.632e-06
kick,15,4,3.4399e-05
kick,15,5,1.5647e-05
kick,15,6,4.3423e-05
kick,15,7,1.056e-05
kick,15,8,4.2175e-05
kick,15,9,9.472e-06
kick,15,10,4.019e-05
kick,15,11,9.44e-06
kick,15,12,4.3519e-05
kick,15,13,1.2576e-05
kick,15,14,3.9359e-05
kick,15,15,2.7231e-05
kick,15,16,3.7503e-05
kick,15,17,1.4464e-05
kick,15,18,3.8143e-05
kick,15,19,1.4655e-05
drift,15,0,7.968e-06
drift,15,1,6.816e-06
drift,15,2,7.2e-06
drift,15,3,6.24e-06
drift,15,4,8.608e-06
drift,15,5,6.176e-06
drift,15,6,6.944e-06
drift,15,7,5.952e-06
drift,15,8,6.176e-06
drift,15,9,6.912e-06
particleBC,15,0,1.1263e-05
particleBC,15,1,1.3024e-05
particleBC,15,2,1.0336e-05
particleBC,15,3,1.4911e-05
particleBC,15,4,1.2255e-05
particleBC,15,5,1.1872e-05
particleBC,15,6,1.0048e-05
particleBC,15,7,1.0208e-05
particleBC,15,8,1.0912e-05
particleBC,15,9,1.0687e-05
updateParticle,15,0,0.210370411
updateParticle,15,1,0.12052262
updateParticle,15,2,0.063768146
updateParticle,15,3,0.0094775
updateParticle,15,4,0.009482203
updateParticle,15,5,0.009435901
updateParticle,15,6,0.009575513
updateParticle,15,7,0.119799251
updateParticle,15,8,0.065097993
updateParticle,15,9,0.046378506
locateParticles,15,0,0.003618641
locateParticles,15,1,0.003617296
locateParticles,15,2,0.003637232
locateParticles,15,3,0.003629136
locateParticles,15,4,0.003632816
locateParticles,15,5,0.00363944
locateParticles,15,6,0.003631569
locateParticles,15,7,0.003656016
locateParticles,15,8,0.003676558
locateParticles,15,9,0.003611345
sendPreprocess,15,0,0.000724585
sendPreprocess,15,1,0.000758184
sendPreprocess,15,2,0.000756296
sendPreprocess,15,3,0.000747369
sendPreprocess,15,4,0.000760648
sendPreprocess,15,5,0.000733641
sendPreprocess,15,6,0.000741769
sendPreprocess,15,7,0.000734665
sendPreprocess,15,8,0.000757673
sendPreprocess,15,9,0.000758312
particleSend,15,0,0.001141629
particleSend,15,1,0.001039488
particleSend,15,2,0.001086751
particleSend,15,3,0.001053024
particleSend,15,4,0.001153597
particleSend,15,5,0.001069279
particleSend,15,6,0.001096606
particleSend,15,7,0.001060576
particleSend,15,8,0.001153084
particleSend,15,9,0.001045632
particleRecv,15,0,4.2975e-05
particleRecv,15,1,4.4639e-05
particleRecv,15,2,4.4223e-05
particleRecv,15,3,3.5551e-05
particleRecv,15,4,3.3215e-05
particleRecv,15,5,3.5679e-05
particleRecv,15,6,3.6607e-05
particleRecv,15,7,4.2174e-05
particleRecv,15,8,3.7823e-05
particleRecv,15,9,4.1631e-05
particleDestroy,15,0,0.00292423
particleDestroy,15,1,0.002945349
particleDestroy,15,2,0.002950628
particleDestroy,15,3,0.002929381
particleDestroy,15,4,0.002916038
particleDestroy,15,5,0.002942053
particleDestroy,15,6,0.002934885
particleDestroy,15,7,0.002929382
particleDestroy,15,8,0.002924741
particleDestroy,15,9,0.002934149
ScatterPIFNUFFT,15,0,0.159774594
ScatterPIFNUFFT,15,1,2.6111e-05
ScatterPIFNUFFT,15,2,0.198717042
ScatterPIFNUFFT,15,3,3.1263e-05
ScatterPIFNUFFT,15,4,0.210835965
ScatterPIFNUFFT,15,5,2.0768e-05
ScatterPIFNUFFT,15,6,0.262651295
ScatterPIFNUFFT,15,7,1.6607e-05
ScatterPIFNUFFT,15,8,0.257567932
ScatterPIFNUFFT,15,9,2.1375e-05
ScatterPIFNUFFT,15,10,0.321726242
ScatterPIFNUFFT,15,11,4.4095e-05
ScatterPIFNUFFT,15,12,0.209406696
ScatterPIFNUFFT,15,13,3.8399e-05
ScatterPIFNUFFT,15,14,0.162114747
ScatterPIFNUFFT,15,15,4.0478e-05
ScatterPIFNUFFT,15,16,0.155426793
ScatterPIFNUFFT,15,17,1.5808e-05
ScatterPIFNUFFT,15,18,0.182000149
ScatterPIFNUFFT,15,19,2.0288e-05
NativeNUFFT1,15,0,0.155349707
NativeNUFFT1,15,1,0.194229085
NativeNUFFT1,15,2,0.206552577
NativeNUFFT1,15,3,0.25830535
NativeNUFFT1,15,4,0.253240706
NativeNUFFT1,15,5,0.317286635
NativeNUFFT1,15,6,0.206026576
NativeNUFFT1,15,7,0.157682211
NativeNUFFT1,15,8,0.150926323
NativeNUFFT1,15,9,0.177630171
scatterTimerNUFFT1,15,0,0.019667234
scatterTimerNUFFT1,15,1,0.056770442
scatterTimerNUFFT1,15,2,0.078237843
scatterTimerNUFFT1,15,3,0.128297645
scatterTimerNUFFT1,15,4,0.127313964
scatterTimerNUFFT1,15,5,0.182680033
scatterTimerNUFFT1,15,6,0.075246832
scatterTimerNUFFT1,15,7,0.024810403
scatterTimerNUFFT1,15,8,0.02095417
scatterTimerNUFFT1,15,9,0.040250983
binSort,15,0,0.004063458
binSort,15,1,0.00395031
binSort,15,2,0.004007524
binSort,15,3,0.003955494
binSort,15,4,0.00401418
binSort,15,5,0.003952486
binSort,15,6,0.004035331
binSort,15,7,0.003964102
binSort,15,8,0.004068931
binSort,15,9,0.004008516
binSort,15,10,0.003962437
binSort,15,11,0.004012548
binSort,15,12,0.004059811
binSort,15,13,0.004037763
binSort,15,14,0.00397239
binSort,15,15,0.003985894
binSort,15,16,0.0040417
binSort,15,17,0.004003397
binSort,15,18,0.004026084
binSort,15,19,0.004006693
binSort,15,20,0.004045988
binSort,15,21,0.003999717
binSort,15,22,0.004054595
binSort,15,23,0.003994949
binSort,15,24,0.004065187
binSort,15,25,0.004021156
binSort,15,26,0.003957094
binSort,15,27,0.00404698
binSort,15,28,0.003990181
binSort,15,29,0.003977221
binSort,15,30,0.004059331
binSort,15,31,0.003976101
binSort,15,32,0.004074242
binSort,15,33,0.003960134
binSort,15,34,0.004029829
binSort,15,35,0.003971205
binSort,15,36,0.003999237
binSort,15,37,0.004071555
binSort,15,38,0.004000709
binSort,15,39,0.004025572
binComputeKeys,15,0,0.00038386
binComputeKeys,15,1,0.000373012
binComputeKeys,15,2,0.000378644
binComputeKeys,15,3,0.000376308
binComputeKeys,15,4,0.000373045
binComputeKeys,15,5,0.000372469
binComputeKeys,15,6,0.000376852
binComputeKeys,15,7,0.000374484
binComputeKeys,15,8,0.000381461
binComputeKeys,15,9,0.000378484
binComputeKeys,15,10,0.0003829
binComputeKeys,15,11,0.000385844
binComputeKeys,15,12,0.000383796
binComputeKeys,15,13,0.00037922
binComputeKeys,15,14,0.000379156
binComputeKeys,15,15,0.000373109
binComputeKeys,15,16,0.000379733
binComputeKeys,15,17,0.000377941
binComputeKeys,15,18,0.000390516
binComputeKeys,15,19,0.00038802
binComputeKeys,15,20,0.000387253
binComputeKeys,15,21,0.000378133
binComputeKeys,15,22,0.00037426
binComputeKeys,15,23,0.000373557
binComputeKeys,15,24,0.000374004
binComputeKeys,15,25,0.000373748
binComputeKeys,15,26,0.000375348
binComputeKeys,15,27,0.000378901
binComputeKeys,15,28,0.000373524
binComputeKeys,15,29,0.000373908
binComputeKeys,15,30,0.00037698
binComputeKeys,15,31,0.000374676
binComputeKeys,15,32,0.00037554
binComputeKeys,15,33,0.000376853
binComputeKeys,15,34,0.000385205
binComputeKeys,15,35,0.000373172
binComputeKeys,15,36,0.000381397
binComputeKeys,15,37,0.000378805
binComputeKeys,15,38,0.000381365
binComputeKeys,15,39,0.000376085
binSortByKey,15,0,0.003475157
binSortByKey,15,1,0.003396408
binSortByKey,15,2,0.003442454
binSortByKey,15,3,0.003397144
binSortByKey,15,4,0.003447413
binSortByKey,15,5,0.003398615
binSortByKey,15,6,0.003456981
binSortByKey,15,7,0.003404727
binSortByKey,15,8,0.003486197
binSortByKey,15,9,0.00344255
binSortByKey,15,10,0.003397847
binSortByKey,15,11,0.003438518
binSortByKey,15,12,0.003480661
binSortByKey,15,13,0.003457333
binSortByKey,15,14,0.003407767
binSortByKey,15,15,0.003425558
binSortByKey,15,16,0.003461238
binSortByKey,15,17,0.003424374
binSortByKey,15,18,0.003442646
binSortByKey,15,19,0.003429463
binSortByKey,15,20,0.003463797
binSortByKey,15,21,0.003425879
binSortByKey,15,22,0.003473621
binSortByKey,15,23,0.003432694
binSortByKey,15,24,0.003487605
binSortByKey,15,25,0.003454262
binSortByKey,15,26,0.003399351
binSortByKey,15,27,0.003469749
binSortByKey,15,28,0.003422647
binSortByKey,15,29,0.003419095
binSortByKey,15,30,0.003475509
binSortByKey,15,31,0.003411543
binSortByKey,15,32,0.0034821
binSortByKey,15,33,0.003402263
binSortByKey,15,34,0.003444918
binSortByKey,15,35,0.003411191
binSortByKey,15,36,0.003426518
binSortByKey,15,37,0.003491956
binSortByKey,15,38,0.003431766
binSortByKey,15,39,0.003447189
binComputeOffsets,15,0,0.000202841
binComputeOffsets,15,1,0.000180378
binComputeOffsets,15,2,0.000185114
binComputeOffsets,15,3,0.000180474
binComputeOffsets,15,4,0.00019001
binComputeOffsets,15,5,0.000180538
binComputeOffsets,15,6,0.000197402
binComputeOffsets,15,7,0.000183483
binComputeOffsets,15,8,0.000197082
binComputeOffsets,15,9,0.00018585
binComputeOffsets,15,10,0.000179706
binComputeOffsets,15,11,0.000187354
binComputeOffsets,15,12,0.000191642
binComputeOffsets,15,13,0.000199194
binComputeOffsets,15,14,0.000183739
binComputeOffsets,15,15,0.000185179
binComputeOffsets,15,16,0.000196154
binComputeOffsets,15,17,0.000199034
binComputeOffsets,15,18,0.000191226
binComputeOffsets,15,19,0.00018665
binComputeOffsets,15,20,0.00019273
binComputeOffsets,15,21,0.000192026
binComputeOffsets,15,22,0.000204794
binComputeOffsets,15,23,0.000186874
binComputeOffsets,15,24,0.000201082
binComputeOffsets,15,25,0.000192506
binComputeOffsets,15,26,0.000181019
binComputeOffsets,15,27,0.000197018
binComputeOffsets,15,28,0.000191259
binComputeOffsets,15,29,0.00018377
binComputeOffsets,15,30,0.000205306
binComputeOffsets,15,31,0.000187834
binComputeOffsets,15,32,0.000209722
binComputeOffsets,15,33,0.000180154
binComputeOffsets,15,34,0.000198426
binComputeOffsets,15,35,0.000185946
binComputeOffsets,15,36,0.000189018
binComputeOffsets,15,37,0.000199354
binComputeOffsets,15,38,0.000185946
binComputeOffsets,15,39,0.000201658
FFTNUFFT1,15,0,0.134872098
FFTNUFFT1,15,1,0.13679892
FFTNUFFT1,15,2,0.127667425
FFTNUFFT1,15,3,0.129178322
FFTNUFFT1,15,4,0.125101263
FFTNUFFT1,15,5,0.133780419
FFTNUFFT1,15,6,0.129944698
FFTNUFFT1,15,7,0.132033914
FFTNUFFT1,15,8,0.129150547
FFTNUFFT1,15,9,0.136554702
deconvolutionNUFFT1,15,0,0.000806951
deconvolutionNUFFT1,15,1,0.000656012
deconvolutionNUFFT1,15,2,0.000645197
deconvolutionNUFFT1,15,3,0.000827399
deconvolutionNUFFT1,15,4,0.000820199
deconvolutionNUFFT1,15,5,0.000824007
deconvolutionNUFFT1,15,6,0.000832614
deconvolutionNUFFT1,15,7,0.000834694
deconvolutionNUFFT1,15,8,0.000818183
deconvolutionNUFFT1,15,9,0.00082263
GatherPIFNUFFT,15,0,0.461372177
GatherPIFNUFFT,15,1,0.458281425
GatherPIFNUFFT,15,2,0.46166852
GatherPIFNUFFT,15,3,0.460771396
GatherPIFNUFFT,15,4,0.467766764
GatherPIFNUFFT,15,5,0.45091282
GatherPIFNUFFT,15,6,0.461568652
GatherPIFNUFFT,15,7,0.458474091
GatherPIFNUFFT,15,8,0.465666189
GatherPIFNUFFT,15,9,0.45914591
NativeNUFFT2,15,0,0.150559103
NativeNUFFT2,15,1,0.153978037
NativeNUFFT2,15,2,0.153714557
NativeNUFFT2,15,3,0.149760471
NativeNUFFT2,15,4,0.152447302
NativeNUFFT2,15,5,0.153515395
NativeNUFFT2,15,6,0.156507463
NativeNUFFT2,15,7,0.152351175
NativeNUFFT2,15,8,0.151281546
NativeNUFFT2,15,9,0.154741629
NativeNUFFT2,15,10,0.151180683
NativeNUFFT2,15,11,0.15331521
NativeNUFFT2,15,12,0.158416173
NativeNUFFT2,15,13,0.153952758
NativeNUFFT2,15,14,0.15334084
NativeNUFFT2,15,15,0.145809202
NativeNUFFT2,15,16,0.14777058
NativeNUFFT2,15,17,0.154499396
NativeNUFFT2,15,18,0.150168235
NativeNUFFT2,15,19,0.153528547
NativeNUFFT2,15,20,0.154434023
NativeNUFFT2,15,21,0.147806132
NativeNUFFT2,15,22,0.152098095
NativeNUFFT2,15,23,0.157043095
NativeNUFFT2,15,24,0.157200787
NativeNUFFT2,15,25,0.157424715
NativeNUFFT2,15,26,0.149471488
NativeNUFFT2,15,27,0.150489665
NativeNUFFT2,15,28,0.152909175
NativeNUFFT2,15,29,0.154130768
PrecorrectionNUFFT2,15,0,0.001575503
PrecorrectionNUFFT2,15,1,0.002499955
PrecorrectionNUFFT2,15,2,0.002478995
PrecorrectionNUFFT2,15,3,0.001555696
PrecorrectionNUFFT2,15,4,0.002495731
PrecorrectionNUFFT2,15,5,0.002482707
PrecorrectionNUFFT2,15,6,0.001579888
PrecorrectionNUFFT2,15,7,0.0024733
PrecorrectionNUFFT2,15,8,0.002479476
PrecorrectionNUFFT2,15,9,0.001586095
PrecorrectionNUFFT2,15,10,0.002473588
PrecorrectionNUFFT2,15,11,0.002491923
PrecorrectionNUFFT2,15,12,0.001572335
PrecorrectionNUFFT2,15,13,0.00246466
PrecorrectionNUFFT2,15,14,0.002486099
PrecorrectionNUFFT2,15,15,0.001577359
PrecorrectionNUFFT2,15,16,0.002494195
PrecorrectionNUFFT2,15,17,0.002507922
PrecorrectionNUFFT2,15,18,0.001580047
PrecorrectionNUFFT2,15,19,0.002482547
PrecorrectionNUFFT2,15,20,0.002492819
PrecorrectionNUFFT2,15,21,0.001563728
PrecorrectionNUFFT2,15,22,0.002507923
PrecorrectionNUFFT2,15,23,0.002470963
PrecorrectionNUFFT2,15,24,0.001591791
PrecorrectionNUFFT2,15,25,0.002485171
PrecorrectionNUFFT2,15,26,0.0024701
PrecorrectionNUFFT2,15,27,0.001560592
PrecorrectionNUFFT2,15,28,0.002497556
PrecorrectionNUFFT2,15,29,0.002474132
FFTNUFFT2,15,0,0.134915009
FFTNUFFT2,15,1,0.128200047
FFTNUFFT2,15,2,0.135641579
FFTNUFFT2,15,3,0.134143513
FFTNUFFT2,15,4,0.131547561
FFTNUFFT2,15,5,0.125583521
FFTNUFFT2,15,6,0.134015965
FFTNUFFT2,15,7,0.135908098
FFTNUFFT2,15,8,0.131404173
FFTNUFFT2,15,9,0.131504137
FFTNUFFT2,15,10,0.128283598
FFTNUFFT2,15,11,0.127175792
FFTNUFFT2,15,12,0.136770664
FFTNUFFT2,15,13,0.134827203
FFTNUFFT2,15,14,0.131459532
FFTNUFFT2,15,15,0.122427874
FFTNUFFT2,15,16,0.125732412
FFTNUFFT2,15,17,0.134486606
FFTNUFFT2,15,18,0.130859582
FFTNUFFT2,15,19,0.13668945
FFTNUFFT2,15,20,0.132395726
FFTNUFFT2,15,21,0.126729565
FFTNUFFT2,15,22,0.132539787
FFTNUFFT2,15,23,0.136655308
FFTNUFFT2,15,24,0.137304183
FFTNUFFT2,15,25,0.137142204
FFTNUFFT2,15,26,0.126555107
FFTNUFFT2,15,27,0.133738181
FFTNUFFT2,15,28,0.128858748
FFTNUFFT2,15,29,0.127326474
GatherNUFFT2,15,0,0.008130598
GatherNUFFT2,15,1,0.017264044
GatherNUFFT2,15,2,0.009611864
GatherNUFFT2,15,3,0.00809463
GatherNUFFT2,15,4,0.012423169
GatherNUFFT2,15,5,0.019469576
GatherNUFFT2,15,6,0.01492994
GatherNUFFT2,15,7,0.008019912
GatherNUFFT2,15,8,0.011444704
GatherNUFFT2,15,9,0.015677917
GatherNUFFT2,15,10,0.01447981
GatherNUFFT2,15,11,0.017707806
GatherNUFFT2,15,12,0.014104781
GatherNUFFT2,15,13,0.010680919
GatherNUFFT2,15,14,0.013439809
GatherNUFFT2,15,15,0.015813368
GatherNUFFT2,15,16,0.013588541
GatherNUFFT2,15,17,0.011496638
GatherNUFFT2,15,18,0.011780661
GatherNUFFT2,15,19,0.008388989
GatherNUFFT2,15,20,0.013569597
GatherNUFFT2,15,21,0.013522496
GatherNUFFT2,15,22,0.011105066
GatherNUFFT2,15,23,0.011945264
GatherNUFFT2,15,24,0.012354083
GatherNUFFT2,15,25,0.011845203
GatherNUFFT2,15,26,0.014467265
GatherNUFFT2,15,27,0.009249986
GatherNUFFT2,15,28,0.015568032
GatherNUFFT2,15,29,0.01835233
mainTimer,16,0,7.524174134
dumpData,16,0,0.009968692
dumpData,16,1,0.006570917
dumpData,16,2,0.007416777
dumpData,16,3,0.009530179
dumpData,16,4,0.008302156
dumpData,16,5,0.007820476
dumpData,16,6,0.007490567
dumpData,16,7,0.007722719
dumpData,16,8,0.008188272
dumpData,16,9,0.007427049
kick,16,0,2.7936e-05
kick,16,1,1.0271e-05
kick,16,2,2.9087e-05
kick,16,3,5.504e-06
kick,16,4,2.5631e-05
kick,16,5,7.904e-06
kick,16,6,2.8575e-05
kick,16,7,7.328e-06
kick,16,8,2.704e-05
kick,16,9,6.912e-06
kick,16,10,2.4415e-05
kick,16,11,7.072e-06
kick,16,12,2.9407e-05
kick,16,13,7.584e-06
kick,16,14,2.7167e-05
kick,16,15,8.96e-06
kick,16,16,3.0463e-05
kick,16,17,1.1071e-05
kick,16,18,2.5023e-05
kick,16,19,8.127e-06
drift,16,0,6.335e-06
drift,16,1,8.832e-06
drift,16,2,7.968e-06
drift,16,3,8.032e-06
drift,16,4,7.903e-06
drift,16,5,8.735e-06
drift,16,6,8.191e-06
drift,16,7,8.287e-06
drift,16,8,7.36e-06
drift,16,9,7.456e-06
particleBC,16,0,1.2992e-05
particleBC,16,1,1.2575e-05
particleBC,16,2,1.1999e-05
particleBC,16,3,1.4656e-05
particleBC,16,4,1.312e-05
particleBC,16,5,1.2416e-05
particleBC,16,6,1.1008e-05
particleBC,16,7,1.12e-05
particleBC,16,8,1.3119e-05
particleBC,16,9,1.3536e-05
updateParticle,16,0,0.118860074
updateParticle,16,1,0.046580657
updateParticle,16,2,0.117257472
updateParticle,16,3,0.053193652
updateParticle,16,4,0.009700445
updateParticle,16,5,0.063390561
updateParticle,16,6,0.063740918
updateParticle,16,7,0.009560258
updateParticle,16,8,0.01020046
updateParticle,16,9,0.063738709
locateParticles,16,0,0.003786658
locateParticles,16,1,0.003780066
locateParticles,16,2,0.003791266
locateParticles,16,3,0.003785186
locateParticles,16,4,0.003786146
locateParticles,16,5,0.003796386
locateParticles,16,6,0.003795426
locateParticles,16,7,0.003791938
locateParticles,16,8,0.00378029
locateParticles,16,9,0.003789889
sendPreprocess,16,0,0.000558765
sendPreprocess,16,1,0.00060622
sendPreprocess,16,2,0.000608492
sendPreprocess,16,3,0.000607692
sendPreprocess,16,4,0.000621387
sendPreprocess,16,5,0.000592908
sendPreprocess,16,6,0.000594156
sendPreprocess,16,7,0.000611116
sendPreprocess,16,8,0.000663082
sendPreprocess,16,9,0.000593132
particleSend,16,0,0.001114043
particleSend,16,1,0.001037213
particleSend,16,2,0.001072956
particleSend,16,3,0.001059612
particleSend,16,4,0.001020382
particleSend,16,5,0.001110715
particleSend,16,6,0.001067869
particleSend,16,7,0.001076061
particleSend,16,8,0.001080508
particleSend,16,9,0.001075516
particleRecv,16,0,3.3375e-05
particleRecv,16,1,3.5327e-05
particleRecv,16,2,3.6799e-05
particleRecv,16,3,3.2735e-05
particleRecv,16,4,3.8399e-05
particleRecv,16,5,3.4687e-05
particleRecv,16,6,3.6991e-05
particleRecv,16,7,3.3567e-05
particleRecv,16,8,3.5135e-05
particleRecv,16,9,3.2287e-05
particleDestroy,16,0,0.002850433
particleDestroy,16,1,0.002835554
particleDestroy,16,2,0.002868897
particleDestroy,16,3,0.002828002
particleDestroy,16,4,0.002831106
particleDestroy,16,5,0.00283117
particleDestroy,16,6,0.002849345
particleDestroy,16,7,0.002857569
particleDestroy,16,8,0.002833697
particleDestroy,16,9,0.00284189
ScatterPIFNUFFT,16,0,0.255092145
ScatterPIFNUFFT,16,1,1.9968e-05
ScatterPIFNUFFT,16,2,0.271368947
ScatterPIFNUFFT,16,3,1.3183e-05
ScatterPIFNUFFT,16,4,0.164833678
ScatterPIFNUFFT,16,5,1.6511e-05
ScatterPIFNUFFT,16,6,0.225494442
ScatterPIFNUFFT,16,7,2.5471e-05
ScatterPIFNUFFT,16,8,0.266760012
ScatterPIFNUFFT,16,9,4.1791e-05
ScatterPIFNUFFT,16,10,0.258827764
ScatterPIFNUFFT,16,11,1.072e-05
ScatterPIFNUFFT,16,12,0.157271242
ScatterPIFNUFFT,16,13,2.4767e-05
ScatterPIFNUFFT,16,14,0.269779815
ScatterPIFNUFFT,16,15,9.823e-06
ScatterPIFNUFFT,16,16,0.217913383
ScatterPIFNUFFT,16,17,1.4656e-05
ScatterPIFNUFFT,16,18,0.15247057
ScatterPIFNUFFT,16,19,1.0048e-05
NativeNUFFT1,16,0,0.250697923
NativeNUFFT1,16,1,0.266970438
NativeNUFFT1,16,2,0.160432513
NativeNUFFT1,16,3,0.222139834
NativeNUFFT1,16,4,0.262461435
NativeNUFFT1,16,5,0.254462342
NativeNUFFT1,16,6,0.152903068
NativeNUFFT1,16,7,0.265410809
NativeNUFFT1,16,8,0.213548601
NativeNUFFT1,16,9,0.148120732
scatterTimerNUFFT1,16,0,0.110671674
scatterTimerNUFFT1,16,1,0.130953143
scatterTimerNUFFT1,16,2,0.023026337
scatterTimerNUFFT1,16,3,0.086447105
scatterTimerNUFFT1,16,4,0.127707715
scatterTimerNUFFT1,16,5,0.129884315
scatterTimerNUFFT1,16,6,0.021080066
scatterTimerNUFFT1,16,7,0.136609723
scatterTimerNUFFT1,16,8,0.075525613
scatterTimerNUFFT1,16,9,0.023778504
binSort,16,0,0.00424613
binSort,16,1,0.004267538
binSort,16,2,0.004276594
binSort,16,3,0.00424261
binSort,16,4,0.004254354
binSort,16,5,0.004243763
binSort,16,6,0.004237043
binSort,16,7,0.004217235
binSort,16,8,0.004294224
binSort,16,9,0.00425573
binSort,16,10,0.004247635
binSort,16,11,0.004275057
binSort,16,12,0.00426789
binSort,16,13,0.004245203
binSort,16,14,0.004217939
binSort,16,15,0.004271698
binSort,16,16,0.004279985
binSort,16,17,0.004256754
binSort,16,18,0.004255442
binSort,16,19,0.004252883
binSort,16,20,0.004278802
binSort,16,21,0.004283921
binSort,16,22,0.004221172
binSort,16,23,0.004259859
binSort,16,24,0.00425989
binSort,16,25,0.004239699
binSort,16,26,0.004217523
binSort,16,27,0.004236819
binSort,16,28,0.004278513
binSort,16,29,0.004258354
binSort,16,30,0.004201171
binSort,16,31,0.004272977
binSort,16,32,0.004237267
binSort,16,33,0.004219923
binSort,16,34,0.004255731
binSort,16,35,0.004191636
binSort,16,36,0.00426197
binSort,16,37,0.004200628
binSort,16,38,0.004275089
binSort,16,39,0.004270578
binComputeKeys,16,0,0.000400882
binComputeKeys,16,1,0.000402451
binComputeKeys,16,2,0.000396403
binComputeKeys,16,3,0.000395315
binComputeKeys,16,4,0.000401427
binComputeKeys,16,5,0.000396211
binComputeKeys,16,6,0.000404243
binComputeKeys,16,7,0.000397746
binComputeKeys,16,8,0.000414706
binComputeKeys,16,9,0.000398194
binComputeKeys,16,10,0.000406931
binComputeKeys,16,11,0.000403122
binComputeKeys,16,12,0.000395859
binComputeKeys,16,13,0.000412275
binComputeKeys,16,14,0.000396627
binComputeKeys,16,15,0.00041493
binComputeKeys,16,16,0.000404179
binComputeKeys,16,17,0.00040485
binComputeKeys,16,18,0.00040517
binComputeKeys,16,19,0.000400787
binComputeKeys,16,20,0.000410355
binComputeKeys,16,21,0.000410706
binComputeKeys,16,22,0.000398835
binComputeKeys,16,23,0.000412275
binComputeKeys,16,24,0.000405203
binComputeKeys,16,25,0.00041749
binComputeKeys,16,26,0.000396051
binComputeKeys,16,27,0.000404307
binComputeKeys,16,28,0.000412146
binComputeKeys,16,29,0.000400019
binComputeKeys,16,30,0.000392434
binComputeKeys,16,31,0.00039573
binComputeKeys,16,32,0.000405747
binComputeKeys,16,33,0.000396882
binComputeKeys,16,34,0.000399923
binComputeKeys,16,35,0.000392307
binComputeKeys,16,36,0.000408434
binComputeKeys,16,37,0.000393235
binComputeKeys,16,38,0.00040261
binComputeKeys,16,39,0.000400211
binSortByKey,16,0,0.003639303
binSortByKey,16,1,0.003655333
binSortByKey,16,2,0.003662566
binSortByKey,16,3,0.003630791
binSortByKey,16,4,0.003647911
binSortByKey,16,5,0.003642182
binSortByKey,16,6,0.003634662
binSortByKey,16,7,0.0036194
binSortByKey,16,8,0.003673509
binSortByKey,16,9,0.003653062
binSortByKey,16,10,0.003638631
binSortByKey,16,11,0.003666246
binSortByKey,16,12,0.003663206
binSortByKey,16,13,0.00363575
binSortByKey,16,14,0.003625223
binSortByKey,16,15,0.003654151
binSortByKey,16,16,0.003671781
binSortByKey,16,17,0.003653287
binSortByKey,16,18,0.003643527
binSortByKey,16,19,0.003645319
binSortByKey,16,20,0.003663749
binSortByKey,16,21,0.00366791
binSortByKey,16,22,0.003619463
binSortByKey,16,23,0.003649222
binSortByKey,16,24,0.003652038
binSortByKey,16,25,0.003624423
binSortByKey,16,26,0.003625191
binSortByKey,16,27,0.003633991
binSortByKey,16,28,0.003657126
binSortByKey,16,29,0.003647846
binSortByKey,16,30,0.00361348
binSortByKey,16,31,0.003666502
binSortByKey,16,32,0.003626567
binSortByKey,16,33,0.00362868
binSortByKey,16,34,0.003641063
binSortByKey,16,35,0.003607656
binSortByKey,16,36,0.003650887
binSortByKey,16,37,0.003610247
binSortByKey,16,38,0.003659654
binSortByKey,16,39,0.003660038
binComputeOffsets,16,0,0.000203225
binComputeOffsets,16,1,0.000207386
binComputeOffsets,16,2,0.000215737
binComputeOffsets,16,3,0.000215128
binComputeOffsets,16,4,0.000201241
binComputeOffsets,16,5,0.00020393
binComputeOffsets,16,6,0.000196602
binComputeOffsets,16,7,0.000197273
binComputeOffsets,16,8,0.000202585
binComputeOffsets,16,9,0.000203002
binComputeOffsets,16,10,0.000200345
binComputeOffsets,16,11,0.000202585
binComputeOffsets,16,12,0.000206777
binComputeOffsets,16,13,0.00019401
binComputeOffsets,16,14,0.000193881
binComputeOffsets,16,15,0.000201241
binComputeOffsets,16,16,0.000200153
binComputeOffsets,16,17,0.000196601
binComputeOffsets,16,18,0.000203993
binComputeOffsets,16,19,0.000205113
binComputeOffsets,16,20,0.000201562
binComputeOffsets,16,21,0.000203641
binComputeOffsets,16,22,0.000201562
binComputeOffsets,16,23,0.00019673
binComputeOffsets,16,24,0.000200665
binComputeOffsets,16,25,0.000194234
binComputeOffsets,16,26,0.000194809
binComputeOffsets,16,27,0.000195929
binComputeOffsets,16,28,0.000206233
binComputeOffsets,16,29,0.000207225
binComputeOffsets,16,30,0.000193817
binComputeOffsets,16,31,0.000208409
binComputeOffsets,16,32,0.000200665
binComputeOffsets,16,33,0.000192537
binComputeOffsets,16,34,0.000212249
binComputeOffsets,16,35,0.000190649
binComputeOffsets,16,36,0.000200473
binComputeOffsets,16,37,0.000195578
binComputeOffsets,16,38,0.000210457
binComputeOffsets,16,39,0.000208505
FFTNUFFT1,16,0,0.139369086
FFTNUFFT1,16,1,0.135349701
FFTNUFFT1,16,2,0.136590651
FFTNUFFT1,16,3,0.135037423
FFTNUFFT1,16,4,0.13409355
FFTNUFFT1,16,5,0.123760103
FFTNUFFT1,16,6,0.130977142
FFTNUFFT1,16,7,0.127969466
FFTNUFFT1,16,8,0.137375009
FFTNUFFT1,16,9,0.123681706
deconvolutionNUFFT1,16,0,0.000655115
deconvolutionNUFFT1,16,1,0.00066545
deconvolutionNUFFT1,16,2,0.000812325
deconvolutionNUFFT1,16,3,0.000653098
deconvolutionNUFFT1,16,4,0.000657482
deconvolutionNUFFT1,16,5,0.000815557
deconvolutionNUFFT1,16,6,0.00084282
deconvolutionNUFFT1,16,7,0.000829348
deconvolutionNUFFT1,16,8,0.000644267
deconvolutionNUFFT1,16,9,0.000658795
GatherPIFNUFFT,16,0,0.4571474
GatherPIFNUFFT,16,1,0.462219935
GatherPIFNUFFT,16,2,0.455329956
GatherPIFNUFFT,16,3,0.452349352
GatherPIFNUFFT,16,4,0.459805263
GatherPIFNUFFT,16,5,0.462610322
GatherPIFNUFFT,16,6,0.45959359
GatherPIFNUFFT,16,7,0.462620946
GatherPIFNUFFT,16,8,0.457655255
GatherPIFNUFFT,16,9,0.471197205
NativeNUFFT2,16,0,0.147581198
NativeNUFFT2,16,1,0.153924217
NativeNUFFT2,16,2,0.153193715
NativeNUFFT2,16,3,0.1551868
NativeNUFFT2,16,4,0.152368462
NativeNUFFT2,16,5,0.152609413
NativeNUFFT2,16,6,0.148985343
NativeNUFFT2,16,7,0.152432044
NativeNUFFT2,16,8,0.152350542
NativeNUFFT2,16,9,0.147159099
NativeNUFFT2,16,10,0.149026013
NativeNUFFT2,16,11,0.153943321
NativeNUFFT2,16,12,0.148991135
NativeNUFFT2,16,13,0.155270317
NativeNUFFT2,16,14,0.154037525
NativeNUFFT2,16,15,0.157057554
NativeNUFFT2,16,16,0.149366738
NativeNUFFT2,16,17,0.154650785
NativeNUFFT2,16,18,0.149947838
NativeNUFFT2,16,19,0.153680066
NativeNUFFT2,16,20,0.153437353
NativeNUFFT2,16,21,0.151928573
NativeNUFFT2,16,22,0.150401455
NativeNUFFT2,16,23,0.158818134
NativeNUFFT2,16,24,0.149231286
NativeNUFFT2,16,25,0.155748381
NativeNUFFT2,16,26,0.150574314
NativeNUFFT2,16,27,0.163484795
NativeNUFFT2,16,28,0.151748835
NativeNUFFT2,16,29,0.154473992
PrecorrectionNUFFT2,16,0,0.001596107
PrecorrectionNUFFT2,16,1,0.002578474
PrecorrectionNUFFT2,16,2,0.00258561
PrecorrectionNUFFT2,16,3,0.001601611
PrecorrectionNUFFT2,16,4,0.002576746
PrecorrectionNUFFT2,16,5,0.002581066
PrecorrectionNUFFT2,16,6,0.001598091
PrecorrectionNUFFT2,16,7,0.00257953
PrecorrectionNUFFT2,16,8,0.002595401
PrecorrectionNUFFT2,16,9,0.001589323
PrecorrectionNUFFT2,16,10,0.002598185
PrecorrectionNUFFT2,16,11,0.002603625
PrecorrectionNUFFT2,16,12,0.00158078
PrecorrectionNUFFT2,16,13,0.002609385
PrecorrectionNUFFT2,16,14,0.002579114
PrecorrectionNUFFT2,16,15,0.001596363
PrecorrectionNUFFT2,16,16,0.002612649
PrecorrectionNUFFT2,16,17,0.002608265
PrecorrectionNUFFT2,16,18,0.001597003
PrecorrectionNUFFT2,16,19,0.002580618
PrecorrectionNUFFT2,16,20,0.002579818
PrecorrectionNUFFT2,16,21,0.00158686
PrecorrectionNUFFT2,16,22,0.002577738
PrecorrectionNUFFT2,16,23,0.002597129
PrecorrectionNUFFT2,16,24,0.001594955
PrecorrectionNUFFT2,16,25,0.002603305
PrecorrectionNUFFT2,16,26,0.002598282
PrecorrectionNUFFT2,16,27,0.001587083
PrecorrectionNUFFT2,16,28,0.002570634
PrecorrectionNUFFT2,16,29,0.002624873
FFTNUFFT2,16,0,0.124216791
FFTNUFFT2,16,1,0.134342374
FFTNUFFT2,16,2,0.133949876
FFTNUFFT2,16,3,0.129794558
FFTNUFFT2,16,4,0.132390439
FFTNUFFT2,16,5,0.123793732
FFTNUFFT2,16,6,0.128781088
FFTNUFFT2,16,7,0.13650835
FFTNUFFT2,16,8,0.133067537
FFTNUFFT2,16,9,0.132067794
FFTNUFFT2,16,10,0.120506931
FFTNUFFT2,16,11,0.131945685
FFTNUFFT2,16,12,0.133408677
FFTNUFFT2,16,13,0.135693561
FFTNUFFT2,16,14,0.130458343
FFTNUFFT2,16,15,0.140520249
FFTNUFFT2,16,16,0.130595106
FFTNUFFT2,16,17,0.132229708
FFTNUFFT2,16,18,0.132425287
FFTNUFFT2,16,19,0.131537507
FFTNUFFT2,16,20,0.136287365
FFTNUFFT2,16,21,0.134195915
FFTNUFFT2,16,22,0.125445454
FFTNUFFT2,16,23,0.14112522
FFTNUFFT2,16,24,0.133689147
FFTNUFFT2,16,25,0.131757213
FFTNUFFT2,16,26,0.134321095
FFTNUFFT2,16,27,0.142512054
FFTNUFFT2,16,28,0.128189299
FFTNUFFT2,16,29,0.134174859
GatherNUFFT2,16,0,0.015492381
GatherNUFFT2,16,1,0.010671356
GatherNUFFT2,16,2,0.010532513
GatherNUFFT2,16,3,0.017498456
GatherNUFFT2,16,4,0.011062319
GatherNUFFT2,16,5,0.019955208
GatherNUFFT2,16,6,0.012454337
GatherNUFFT2,16,7,0.007231439
GatherNUFFT2,16,8,0.010391718
GatherNUFFT2,16,9,0.007351467
GatherNUFFT2,16,10,0.019627634
GatherNUFFT2,16,11,0.013261318
GatherNUFFT2,16,12,0.00766656
GatherNUFFT2,16,13,0.010863127
GatherNUFFT2,16,14,0.014859313
GatherNUFFT2,16,15,0.008800699
GatherNUFFT2,16,16,0.009896534
GatherNUFFT2,16,17,0.013660633
GatherNUFFT2,16,18,0.009655549
GatherNUFFT2,16,19,0.013270599
GatherNUFFT2,16,20,0.008426376
GatherNUFFT2,16,21,0.009889464
GatherNUFFT2,16,22,0.016086536
GatherNUFFT2,16,23,0.00879993
GatherNUFFT2,16,24,0.007832924
GatherNUFFT2,16,25,0.015271011
GatherNUFFT2,16,26,0.007515014
GatherNUFFT2,16,27,0.013091564
GatherNUFFT2,16,28,0.014714391
GatherNUFFT2,16,29,0.011532224
mainTimer,17,0,7.524172886
dumpData,17,0,0.00941863
dumpData,17,1,0.007671488
dumpData,17,2,0.009657215
dumpData,17,3,0.008414472
dumpData,17,4,0.010690621
dumpData,17,5,0.010043122
dumpData,17,6,0.008641889
dumpData,17,7,0.008627393
dumpData,17,8,0.008870456
dumpData,17,9,0.008537764
kick,17,0,2.752e-05
kick,17,1,6.624e-06
kick,17,2,2.7615e-05
kick,17,3,6.144e-06
kick,17,4,2.3359e-05
kick,17,5,1.6447e-05
kick,17,6,2.8351e-05
kick,17,7,8.128e-06
kick,17,8,2.7808e-05
kick,17,9,1.1487e-05
kick,17,10,2.6783e-05
kick,17,11,1.2223e-05
kick,17,12,2.7871e-05
kick,17,13,7.743e-06
kick,17,14,2.8287e-05
kick,17,15,1.3152e-05
kick,17,16,2.9727e-05
kick,17,17,9.664e-06
kick,17,18,2.5407e-05
kick,17,19,7.615e-06
drift,17,0,7.391e-06
drift,17,1,9.184e-06
drift,17,2,9.28e-06
drift,17,3,7.648e-06
drift,17,4,8.831e-06
drift,17,5,7.263e-06
drift,17,6,8.287e-06
drift,17,7,7.999e-06
drift,17,8,7.808e-06
drift,17,9,7.488e-06
particleBC,17,0,1.584e-05
particleBC,17,1,1.2095e-05
particleBC,17,2,1.1967e-05
particleBC,17,3,1.3408e-05
particleBC,17,4,1.4848e-05
particleBC,17,5,1.2064e-05
particleBC,17,6,1.0816e-05
particleBC,17,7,1.264e-05
particleBC,17,8,1.3823e-05
particleBC,17,9,1.2896e-05
updateParticle,17,0,0.118744014
updateParticle,17,1,0.046521235
updateParticle,17,2,0.117286495
updateParticle,17,3,0.05313679
updateParticle,17,4,0.009583873
updateParticle,17,5,0.06335453
updateParticle,17,6,0.063787188
updateParticle,17,7,0.009590401
updateParticle,17,8,0.010090064
updateParticle,17,9,0.063759188
locateParticles,17,0,0.003620999
locateParticles,17,1,0.003615176
locateParticles,17,2,0.003625704
locateParticles,17,3,0.003631943
locateParticles,17,4,0.00360548
locateParticles,17,5,0.003633031
locateParticles,17,6,0.003643399
locateParticles,17,7,0.003640039
locateParticles,17,8,0.003642887
locateParticles,17,9,0.003641446
sendPreprocess,17,0,0.000721768
sendPreprocess,17,1,0.000773063
sendPreprocess,17,2,0.000775334
sendPreprocess,17,3,0.00076375
sendPreprocess,17,4,0.000801829
sendPreprocess,17,5,0.000758407
sendPreprocess,17,6,0.000748007
sendPreprocess,17,7,0.000760902
sendPreprocess,17,8,0.000798597
sendPreprocess,17,9,0.000744775
particleSend,17,0,0.001027998
particleSend,17,1,0.001084732
particleSend,17,2,0.001070588
particleSend,17,3,0.001019423
particleSend,17,4,0.001058973
particleSend,17,5,0.001049757
particleSend,17,6,0.001036222
particleSend,17,7,0.001078685
particleSend,17,8,0.001063773
particleSend,17,9,0.001065021
particleRecv,17,0,3.4623e-05
particleRecv,17,1,3.3918e-05
particleRecv,17,2,3.6703e-05
particleRecv,17,3,3.1903e-05
particleRecv,17,4,3.4431e-05
particleRecv,17,5,3.4655e-05
particleRecv,17,6,4.0159e-05
particleRecv,17,7,3.8878e-05
particleRecv,17,8,3.4079e-05
particleRecv,17,9,3.6062e-05
particleDestroy,17,0,0.002762852
particleDestroy,17,1,0.002756197
particleDestroy,17,2,0.002763044
particleDestroy,17,3,0.002760325
particleDestroy,17,4,0.002762596
particleDestroy,17,5,0.002775651
particleDestroy,17,6,0.002782084
particleDestroy,17,7,0.00276186
particleDestroy,17,8,0.002763139
particleDestroy,17,9,0.002785988
ScatterPIFNUFFT,17,0,0.254522084
ScatterPIFNUFFT,17,1,2.6367e-05
ScatterPIFNUFFT,17,2,0.269242426
ScatterPIFNUFFT,17,3,1.3919e-05
ScatterPIFNUFFT,17,4,0.167648336
ScatterPIFNUFFT,17,5,3.8847e-05
ScatterPIFNUFFT,17,6,0.223977021
ScatterPIFNUFFT,17,7,1.6512e-05
ScatterPIFNUFFT,17,8,0.265425912
ScatterPIFNUFFT,17,9,2.4672e-05
ScatterPIFNUFFT,17,10,0.271603947
ScatterPIFNUFFT,17,11,3.0655e-05
ScatterPIFNUFFT,17,12,0.156714621
ScatterPIFNUFFT,17,13,3.3919e-05
ScatterPIFNUFFT,17,14,0.275244561
ScatterPIFNUFFT,17,15,2.8383e-05
ScatterPIFNUFFT,17,16,0.219062465
ScatterPIFNUFFT,17,17,1.9072e-05
ScatterPIFNUFFT,17,18,0.163683254
ScatterPIFNUFFT,17,19,2.8575e-05
NativeNUFFT1,17,0,0.25011487
NativeNUFFT1,17,1,0.264834765
NativeNUFFT1,17,2,0.163246339
NativeNUFFT1,17,3,0.220578477
NativeNUFFT1,17,4,0.260862801
NativeNUFFT1,17,5,0.267312153
NativeNUFFT1,17,6,0.152343214
NativeNUFFT1,17,7,0.270868164
NativeNUFFT1,17,8,0.214661556
NativeNUFFT1,17,9,0.159284489
scatterTimerNUFFT1,17,0,0.109430051
scatterTimerNUFFT1,17,1,0.131671807
scatterTimerNUFFT1,17,2,0.02450392
scatterTimerNUFFT1,17,3,0.08706734
scatterTimerNUFFT1,17,4,0.128294832
scatterTimerNUFFT1,17,5,0.128659715
scatterTimerNUFFT1,17,6,0.021417814
scatterTimerNUFFT1,17,7,0.135114701
scatterTimerNUFFT1,17,8,0.074548846
scatterTimerNUFFT1,17,9,0.024591437
binSort,17,0,0.004110647
binSort,17,1,0.003995066
binSort,17,2,0.003983676
binSort,17,3,0.004032377
binSort,17,4,0.004101239
binSort,17,5,0.004034138
binSort,17,6,0.004010682
binSort,17,7,0.003992828
binSort,17,8,0.004092407
binSort,17,9,0.003960604
binSort,17,10,0.004046393
binSort,17,11,0.00397318
binSort,17,12,0.004061305
binSort,17,13,0.004025657
binSort,17,14,0.004016763
binSort,17,15,0.003989051
binSort,17,16,0.004064153
binSort,17,17,0.004064504
binSort,17,18,0.004045657
binSort,17,19,0.004005531
binSort,17,20,0.004107895
binSort,17,21,0.004054137
binSort,17,22,0.003984412
binSort,17,23,0.004081304
binSort,17,24,0.004086776
binSort,17,25,0.004063225
binSort,17,26,0.00397526
binSort,17,27,0.004035034
binSort,17,28,0.004089368
binSort,17,29,0.003977275
binSort,17,30,0.003988731
binSort,17,31,0.004029881
binSort,17,32,0.004105784
binSort,17,33,0.00403209
binSort,17,34,0.00402521
binSort,17,35,0.003988347
binSort,17,36,0.004093336
binSort,17,37,0.004027002
binSort,17,38,0.004043353
binSort,17,39,0.004063481
binComputeKeys,17,0,0.000392979
binComputeKeys,17,1,0.000378803
binComputeKeys,17,2,0.000379956
binComputeKeys,17,3,0.000385075
binComputeKeys,17,4,0.000390259
binComputeKeys,17,5,0.000388083
binComputeKeys,17,6,0.000374131
binComputeKeys,17,7,0.000390803
binComputeKeys,17,8,0.000396691
binComputeKeys,17,9,0.000377108
binComputeKeys,17,10,0.000380083
binComputeKeys,17,11,0.000381972
binComputeKeys,17,12,0.000384691
binComputeKeys,17,13,0.000384083
binComputeKeys,17,14,0.000374196
binComputeKeys,17,15,0.000389939
binComputeKeys,17,16,0.000388979
binComputeKeys,17,17,0.000375187
binComputeKeys,17,18,0.000376563
binComputeKeys,17,19,0.000382227
binComputeKeys,17,20,0.000388788
binComputeKeys,17,21,0.000378612
binComputeKeys,17,22,0.000378164
binComputeKeys,17,23,0.000383955
binComputeKeys,17,24,0.000383603
binComputeKeys,17,25,0.000380756
binComputeKeys,17,26,0.000377236
binComputeKeys,17,27,0.000377396
binComputeKeys,17,28,0.000388371
binComputeKeys,17,29,0.000377107
binComputeKeys,17,30,0.000387955
binComputeKeys,17,31,0.000385971
binComputeKeys,17,32,0.000391795
binComputeKeys,17,33,0.00037474
binComputeKeys,17,34,0.000379731
binComputeKeys,17,35,0.000375059
binComputeKeys,17,36,0.000387539
binComputeKeys,17,37,0.000378291
binComputeKeys,17,38,0.000389331
binComputeKeys,17,39,0.00037746
binSortByKey,17,0,0.003514251
binSortByKey,17,1,0.003422414
binSortByKey,17,2,0.00342011
binSortByKey,17,3,0.003450349
binSortByKey,17,4,0.003508779
binSortByKey,17,5,0.003444141
binSortByKey,17,6,0.003435661
binSortByKey,17,7,0.003415087
binSortByKey,17,8,0.003492396
binSortByKey,17,9,0.003400718
binSortByKey,17,10,0.003462317
binSortByKey,17,11,0.003407246
binSortByKey,17,12,0.003469549
binSortByKey,17,13,0.003443949
binSortByKey,17,14,0.003443501
binSortByKey,17,15,0.003411182
binSortByKey,17,16,0.003472781
binSortByKey,17,17,0.003483948
binSortByKey,17,18,0.003464653
binSortByKey,17,19,0.003436238
binSortByKey,17,20,0.003508459
binSortByKey,17,21,0.003467692
binSortByKey,17,22,0.003423406
binSortByKey,17,23,0.003496203
binSortByKey,17,24,0.003499628
binSortByKey,17,25,0.003477356
binSortByKey,17,26,0.003411886
binSortByKey,17,27,0.003448749
binSortByKey,17,28,0.003495307
binSortByKey,17,29,0.003418766
binSortByKey,17,30,0.00341067
binSortByKey,17,31,0.003447277
binSortByKey,17,32,0.003511563
binSortByKey,17,33,0.003457293
binSortByKey,17,34,0.00345163
binSortByKey,17,35,0.003427438
binSortByKey,17,36,0.003501644
binSortByKey,17,37,0.003450893
binSortByKey,17,38,0.003455213
binSortByKey,17,39,0.003479404
binComputeOffsets,17,0,0.000198169
binComputeOffsets,17,1,0.000191833
binComputeOffsets,17,2,0.000182682
binComputeOffsets,17,3,0.000194649
binComputeOffsets,17,4,0.000197273
binComputeOffsets,17,5,0.00019865
binComputeOffsets,17,6,0.000199482
binComputeOffsets,17,7,0.000186202
binComputeOffsets,17,8,0.000198649
binComputeOffsets,17,9,0.000181978
binComputeOffsets,17,10,0.000200857
binComputeOffsets,17,11,0.000180954
binComputeOffsets,17,12,0.000201593
binComputeOffsets,17,13,0.000194841
binComputeOffsets,17,14,0.000196058
binComputeOffsets,17,15,0.000183514
binComputeOffsets,17,16,0.00019753
binComputeOffsets,17,17,0.000203961
binComputeOffsets,17,18,0.000201913
binComputeOffsets,17,19,0.000185562
binComputeOffsets,17,20,0.000203929
binComputeOffsets,17,21,0.000203801
binComputeOffsets,17,22,0.000182202
binComputeOffsets,17,23,0.000198778
binComputeOffsets,17,24,0.000196345
binComputeOffsets,17,25,0.000200729
binComputeOffsets,17,26,0.000185626
binComputeOffsets,17,27,0.000205241
binComputeOffsets,17,28,0.000199162
binComputeOffsets,17,29,0.000180346
binComputeOffsets,17,30,0.000187962
binComputeOffsets,17,31,0.000193433
binComputeOffsets,17,32,0.00019737
binComputeOffsets,17,33,0.000198649
binComputeOffsets,17,34,0.000191161
binComputeOffsets,17,35,0.000184282
binComputeOffsets,17,36,0.000200922
binComputeOffsets,17,37,0.000196186
binComputeOffsets,17,38,0.000197433
binComputeOffsets,17,39,0.000203961
FFTNUFFT1,17,0,0.140013193
FFTNUFFT1,17,1,0.132344521
FFTNUFFT1,17,2,0.138094856
FFTNUFFT1,17,3,0.132667582
FFTNUFFT1,17,4,0.13191791
FFTNUFFT1,17,5,0.137994284
FFTNUFFT1,17,6,0.130087316
FFTNUFFT1,17,7,0.135104812
FFTNUFFT1,17,8,0.139451228
FFTNUFFT1,17,9,0.133843736
deconvolutionNUFFT1,17,0,0.000669098
deconvolutionNUFFT1,17,1,0.000816229
deconvolutionNUFFT1,17,2,0.000645803
deconvolutionNUFFT1,17,3,0.000841189
deconvolutionNUFFT1,17,4,0.000647243
deconvolutionNUFFT1,17,5,0.000655562
deconvolutionNUFFT1,17,6,0.00083562
deconvolutionNUFFT1,17,7,0.000645419
deconvolutionNUFFT1,17,8,0.000656586
deconvolutionNUFFT1,17,9,0.000847588
GatherPIFNUFFT,17,0,0.458051658
GatherPIFNUFFT,17,1,0.464221308
GatherPIFNUFFT,17,2,0.450718239
GatherPIFNUFFT,17,3,0.456089547
GatherPIFNUFFT,17,4,0.45901601
GatherPIFNUFFT,17,5,0.447717922
GatherPIFNUFFT,17,6,0.460785807
GatherPIFNUFFT,17,7,0.456343746
GatherPIFNUFFT,17,8,0.4558069
GatherPIFNUFFT,17,9,0.45860524
NativeNUFFT2,17,0,0.146091263
NativeNUFFT2,17,1,0.155321834
NativeNUFFT2,17,2,0.153662307
NativeNUFFT2,17,3,0.155973877
NativeNUFFT2,17,4,0.152367374
NativeNUFFT2,17,5,0.154378507
NativeNUFFT2,17,6,0.145897318
NativeNUFFT2,17,7,0.153131028
NativeNUFFT2,17,8,0.150180055
NativeNUFFT2,17,9,0.14930962
NativeNUFFT2,17,10,0.150804994
NativeNUFFT2,17,11,0.153879643
NativeNUFFT2,17,12,0.149756261
NativeNUFFT2,17,13,0.15351844
NativeNUFFT2,17,14,0.153676386
NativeNUFFT2,17,15,0.145162398
NativeNUFFT2,17,16,0.149723174
NativeNUFFT2,17,17,0.151343407
NativeNUFFT2,17,18,0.149092123
NativeNUFFT2,17,19,0.154110293
NativeNUFFT2,17,20,0.154185104
NativeNUFFT2,17,21,0.144311258
NativeNUFFT2,17,22,0.151432589
NativeNUFFT2,17,23,0.158011602
NativeNUFFT2,17,24,0.146844133
NativeNUFFT2,17,25,0.156524803
NativeNUFFT2,17,26,0.149022174
NativeNUFFT2,17,27,0.14846344
NativeNUFFT2,17,28,0.153723873
NativeNUFFT2,17,29,0.153387372
PrecorrectionNUFFT2,17,0,0.00158542
PrecorrectionNUFFT2,17,1,0.002522252
PrecorrectionNUFFT2,17,2,0.0025083
PrecorrectionNUFFT2,17,3,0.001574187
PrecorrectionNUFFT2,17,4,0.002539787
PrecorrectionNUFFT2,17,5,0.002511885
PrecorrectionNUFFT2,17,6,0.001557517
PrecorrectionNUFFT2,17,7,0.002519052
PrecorrectionNUFFT2,17,8,0.002531851
PrecorrectionNUFFT2,17,9,0.001573676
PrecorrectionNUFFT2,17,10,0.002538411
PrecorrectionNUFFT2,17,11,0.002503821
PrecorrectionNUFFT2,17,12,0.001564588
PrecorrectionNUFFT2,17,13,0.002515308
PrecorrectionNUFFT2,17,14,0.002533548
PrecorrectionNUFFT2,17,15,0.0015555
PrecorrectionNUFFT2,17,16,0.002524268
PrecorrectionNUFFT2,17,17,0.002478701
PrecorrectionNUFFT2,17,18,0.001587499
PrecorrectionNUFFT2,17,19,0.002521324
PrecorrectionNUFFT2,17,20,0.002531692
PrecorrectionNUFFT2,17,21,0.001564972
PrecorrectionNUFFT2,17,22,0.002532812
PrecorrectionNUFFT2,17,23,0.002530156
PrecorrectionNUFFT2,17,24,0.001584075
PrecorrectionNUFFT2,17,25,0.002508812
PrecorrectionNUFFT2,17,26,0.002519884
PrecorrectionNUFFT2,17,27,0.001600555
PrecorrectionNUFFT2,17,28,0.002513324
PrecorrectionNUFFT2,17,29,0.002524171
FFTNUFFT2,17,0,0.12143298
FFTNUFFT2,17,1,0.139665173
FFTNUFFT2,17,2,0.138027341
FFTNUFFT2,17,3,0.13577743
FFTNUFFT2,17,4,0.127851135
FFTNUFFT2,17,5,0.138737236
FFTNUFFT2,17,6,0.128029401
FFTNUFFT2,17,7,0.13528839
FFTNUFFT2,17,8,0.134414948
FFTNUFFT2,17,9,0.132797178
FFTNUFFT2,17,10,0.132941748
FFTNUFFT2,17,11,0.131784347
FFTNUFFT2,17,12,0.13408427
FFTNUFFT2,17,13,0.134449699
FFTNUFFT2,17,14,0.134408899
FFTNUFFT2,17,15,0.126795074
FFTNUFFT2,17,16,0.133988177
FFTNUFFT2,17,17,0.130054549
FFTNUFFT2,17,18,0.133128975
FFTNUFFT2,17,19,0.129214641
FFTNUFFT2,17,20,0.134279496
FFTNUFFT2,17,21,0.120902278
FFTNUFFT2,17,22,0.134645468
FFTNUFFT2,17,23,0.142063173
FFTNUFFT2,17,24,0.126778146
FFTNUFFT2,17,25,0.129651875
FFTNUFFT2,17,26,0.128794687
FFTNUFFT2,17,27,0.121209212
FFTNUFFT2,17,28,0.131589345
FFTNUFFT2,17,29,0.132940981
GatherNUFFT2,17,0,0.017094502
GatherNUFFT2,17,1,0.007295789
GatherNUFFT2,17,2,0.007298349
GatherNUFFT2,17,3,0.012609084
GatherNUFFT2,17,4,0.015968588
GatherNUFFT2,17,5,0.007305965
GatherNUFFT2,17,6,0.010488226
GatherNUFFT2,17,7,0.009480836
GatherNUFFT2,17,8,0.007377482
GatherNUFFT2,17,9,0.008934838
GatherNUFFT2,17,10,0.00948554
GatherNUFFT2,17,11,0.013739542
GatherNUFFT2,17,12,0.008275661
GatherNUFFT2,17,13,0.010699323
GatherNUFFT2,17,14,0.010877909
GatherNUFFT2,17,15,0.010794168
GatherNUFFT2,17,16,0.007201424
GatherNUFFT2,17,17,0.012784023
GatherNUFFT2,17,18,0.00849946
GatherNUFFT2,17,19,0.016342016
GatherNUFFT2,17,20,0.01134567
GatherNUFFT2,17,21,0.015823537
GatherNUFFT2,17,22,0.008239214
GatherNUFFT2,17,23,0.007570468
GatherNUFFT2,17,24,0.012646235
GatherNUFFT2,17,25,0.018328094
GatherNUFFT2,17,26,0.011679579
GatherNUFFT2,17,27,0.019615187
GatherNUFFT2,17,28,0.01358134
GatherNUFFT2,17,29,0.01208811
mainTimer,18,0,7.52417023
dumpData,18,0,0.008125169
dumpData,18,1,0.007025366
dumpData,18,2,0.00687094
dumpData,18,3,0.008946679
dumpData,18,4,0.007750078
dumpData,18,5,0.007263886
dumpData,18,6,0.007000183
dumpData,18,7,0.007243375
dumpData,18,8,0.007678272
dumpData,18,9,0.006866363
kick,18,0,2.2112e-05
kick,18,1,6.88e-06
kick,18,2,2.8031e-05
kick,18,3,8.192e-06
kick,18,4,2.6335e-05
kick,18,5,8.319e-06
kick,18,6,2.8256e-05
kick,18,7,8.415e-06
kick,18,8,2.7232e-05
kick,18,9,7.104e-06
kick,18,10,2.2816e-05
kick,18,11,9.92e-06
kick,18,12,2.9119e-05
kick,18,13,7.488e-06
kick,18,14,2.8287e-05
kick,18,15,8.8e-06
kick,18,16,2.9183e-05
kick,18,17,1.0719e-05
kick,18,18,2.3839e-05
kick,18,19,1.0176e-05
drift,18,0,8.607e-06
drift,18,1,9.792e-06
drift,18,2,7.168e-06
drift,18,3,1.0879e-05
drift,18,4,8.543e-06
drift,18,5,7.423e-06
drift,18,6,6.592e-06
drift,18,7,7.551e-06
drift,18,8,7.456e-06
drift,18,9,6.88e-06
particleBC,18,0,1.4592e-05
particleBC,18,1,1.2447e-05
particleBC,18,2,1.2575e-05
particleBC,18,3,1.296e-05
particleBC,18,4,1.28e-05
particleBC,18,5,1.1776e-05
particleBC,18,6,1.0655e-05
particleBC,18,7,1.4464e-05
particleBC,18,8,1.3311e-05
particleBC,18,9,1.2576e-05
updateParticle,18,0,0.118757549
updateParticle,18,1,0.046640399
updateParticle,18,2,0.117386779
updateParticle,18,3,0.053219411
updateParticle,18,4,0.009630943
updateParticle,18,5,0.06348659
updateParticle,18,6,0.063857202
updateParticle,18,7,0.009632959
updateParticle,18,8,0.010196012
updateParticle,18,9,0.063689591
locateParticles,18,0,0.003956892
locateParticles,18,1,0.003947964
locateParticles,18,2,0.003959197
locateParticles,18,3,0.003956668
locateParticles,18,4,0.003947196
locateParticles,18,5,0.003949405
locateParticles,18,6,0.003961116
locateParticles,18,7,0.00396278
locateParticles,18,8,0.003960412
locateParticles,18,9,0.003979995
sendPreprocess,18,0,0.000387987
sendPreprocess,18,1,0.000440178
sendPreprocess,18,2,0.000444689
sendPreprocess,18,3,0.000439569
sendPreprocess,18,4,0.000464497
sendPreprocess,18,5,0.000444593
sendPreprocess,18,6,0.000433682
sendPreprocess,18,7,0.000438289
sendPreprocess,18,8,0.0004844
sendPreprocess,18,9,0.000406962
particleSend,18,0,0.001067741
particleSend,18,1,0.001034461
particleSend,18,2,0.001027294
particleSend,18,3,0.001136187
particleSend,18,4,0.001076668
particleSend,18,5,0.00106934
particleSend,18,6,0.001125306
particleSend,18,7,0.001036702
particleSend,18,8,0.001047773
particleSend,18,9,0.00114969
particleRecv,18,0,3.3951e-05
particleRecv,18,1,3.7823e-05
particleRecv,18,2,3.9966e-05
particleRecv,18,3,3.4878e-05
particleRecv,18,4,3.3119e-05
particleRecv,18,5,3.6543e-05
particleRecv,18,6,3.7887e-05
particleRecv,18,7,3.8975e-05
particleRecv,18,8,3.6799e-05
particleRecv,18,9,3.2639e-05
particleDestroy,18,0,0.003074137
particleDestroy,18,1,0.003083225
particleDestroy,18,2,0.003116121
particleDestroy,18,3,0.003058715
particleDestroy,18,4,0.003086777
particleDestroy,18,5,0.003085209
particleDestroy,18,6,0.003079994
particleDestroy,18,7,0.0031014
particleDestroy,18,8,0.003092313
particleDestroy,18,9,0.003089209
ScatterPIFNUFFT,18,0,0.253378506
ScatterPIFNUFFT,18,1,2.224e-05
ScatterPIFNUFFT,18,2,0.272081435
ScatterPIFNUFFT,18,3,3.2351e-05
ScatterPIFNUFFT,18,4,0.155083252
ScatterPIFNUFFT,18,5,1.0048e-05
ScatterPIFNUFFT,18,6,0.227706337
ScatterPIFNUFFT,18,7,2.672e-05
ScatterPIFNUFFT,18,8,0.263162404
ScatterPIFNUFFT,18,9,9.823e-06
ScatterPIFNUFFT,18,10,0.257003889
ScatterPIFNUFFT,18,11,8.255e-06
ScatterPIFNUFFT,18,12,0.161132393
ScatterPIFNUFFT,18,13,1.7952e-05
ScatterPIFNUFFT,18,14,0.276179539
ScatterPIFNUFFT,18,15,2.1759e-05
ScatterPIFNUFFT,18,16,0.219936612
ScatterPIFNUFFT,18,17,1.584e-05
ScatterPIFNUFFT,18,18,0.163258947
ScatterPIFNUFFT,18,19,2.1183e-05
NativeNUFFT1,18,0,0.248965852
NativeNUFFT1,18,1,0.267703565
NativeNUFFT1,18,2,0.150727621
NativeNUFFT1,18,3,0.223191255
NativeNUFFT1,18,4,0.258734552
NativeNUFFT1,18,5,0.252669665
NativeNUFFT1,18,6,0.156809305
NativeNUFFT1,18,7,0.271786373
NativeNUFFT1,18,8,0.215590325
NativeNUFFT1,18,9,0.158879478
scatterTimerNUFFT1,18,0,0.110412323
scatterTimerNUFFT1,18,1,0.131316907
scatterTimerNUFFT1,18,2,0.024206554
scatterTimerNUFFT1,18,3,0.086230633
scatterTimerNUFFT1,18,4,0.128436907
scatterTimerNUFFT1,18,5,0.129961624
scatterTimerNUFFT1,18,6,0.021860711
scatterTimerNUFFT1,18,7,0.136544957
scatterTimerNUFFT1,18,8,0.075995325
scatterTimerNUFFT1,18,9,0.024754056
binSort,18,0,0.004469932
binSort,18,1,0.004514506
binSort,18,2,0.004536841
binSort,18,3,0.004474922
binSort,18,4,0.004485578
binSort,18,5,0.00450737
binSort,18,6,0.004458476
binSort,18,7,0.00445982
binSort,18,8,0.004487178
binSort,18,9,0.004498058
binSort,18,10,0.004496202
binSort,18,11,0.004509514
binSort,18,12,0.004575048
binSort,18,13,0.004541897
binSort,18,14,0.004504394
binSort,18,15,0.00455956
binSort,18,16,0.004466731
binSort,18,17,0.00454516
binSort,18,18,0.004554536
binSort,18,19,0.004489323
binSort,18,20,0.004506282
binSort,18,21,0.004528137
binSort,18,22,0.004490731
binSort,18,23,0.004506059
binSort,18,24,0.004468588
binSort,18,25,0.00445918
binSort,18,26,0.004494891
binSort,18,27,0.004484683
binSort,18,28,0.004463531
binSort,18,29,0.004484107
binSort,18,30,0.004496074
binSort,18,31,0.00455492
binSort,18,32,0.004459596
binSort,18,33,0.00451153
binSort,18,34,0.004512714
binSort,18,35,0.004476491
binSort,18,36,0.0044523
binSort,18,37,0.004455564
binSort,18,38,0.004542825
binSort,18,39,0.004550024
binComputeKeys,18,0,0.000425618
binComputeKeys,18,1,0.000425746
binComputeKeys,18,2,0.000438002
binComputeKeys,18,3,0.000430897
binComputeKeys,18,4,0.00042597
binComputeKeys,18,5,0.00042597
binComputeKeys,18,6,0.000429106
binComputeKeys,18,7,0.000429266
binComputeKeys,18,8,0.000439762
binComputeKeys,18,9,0.000424658
binComputeKeys,18,10,0.000439793
binComputeKeys,18,11,0.000432082
binComputeKeys,18,12,0.000435698
binComputeKeys,18,13,0.000445074
binComputeKeys,18,14,0.000417106
binComputeKeys,18,15,0.000431409
binComputeKeys,18,16,0.000436754
binComputeKeys,18,17,0.00041973
binComputeKeys,18,18,0.000432401
binComputeKeys,18,19,0.000431442
binComputeKeys,18,20,0.000433778
binComputeKeys,18,21,0.000420658
binComputeKeys,18,22,0.000425074
binComputeKeys,18,23,0.000443954
binComputeKeys,18,24,0.000421714
binComputeKeys,18,25,0.000418866
binComputeKeys,18,26,0.000427026
binComputeKeys,18,27,0.000436146
binComputeKeys,18,28,0.000429842
binComputeKeys,18,29,0.000440337
binComputeKeys,18,30,0.000430801
binComputeKeys,18,31,0.000422066
binComputeKeys,18,32,0.000428562
binComputeKeys,18,33,0.000434706
binComputeKeys,18,34,0.000425138
binComputeKeys,18,35,0.00042053
binComputeKeys,18,36,0.000428274
binComputeKeys,18,37,0.00042309
binComputeKeys,18,38,0.000426834
binComputeKeys,18,39,0.000419762
binSortByKey,18,0,0.003833728
binSortByKey,18,1,0.003874495
binSortByKey,18,2,0.00388739
binSortByKey,18,3,0.00383488
binSortByKey,18,4,0.003839968
binSortByKey,18,5,0.003866271
binSortByKey,18,6,0.003825888
binSortByKey,18,7,0.003826688
binSortByKey,18,8,0.003829377
binSortByKey,18,9,0.003863039
binSortByKey,18,10,0.003848448
binSortByKey,18,11,0.003863808
binSortByKey,18,12,0.003912414
binSortByKey,18,13,0.003878974
binSortByKey,18,14,0.003868319
binSortByKey,18,15,0.003908574
binSortByKey,18,16,0.003818081
binSortByKey,18,17,0.003900734
binSortByKey,18,18,0.003897854
binSortByKey,18,19,0.003854175
binSortByKey,18,20,0.003849183
binSortByKey,18,21,0.003888223
binSortByKey,18,22,0.003851136
binSortByKey,18,23,0.003854719
binSortByKey,18,24,0.003830689
binSortByKey,18,25,0.003831393
binSortByKey,18,26,0.0038472
binSortByKey,18,27,0.003842624
binSortByKey,18,28,0.003817824
binSortByKey,18,29,0.003835873
binSortByKey,18,30,0.003860928
binSortByKey,18,31,0.00390611
binSortByKey,18,32,0.003822273
binSortByKey,18,33,0.003864447
binSortByKey,18,34,0.003862943
binSortByKey,18,35,0.003846592
binSortByKey,18,36,0.003818753
binSortByKey,18,37,0.003826657
binSortByKey,18,38,0.003891582
binSortByKey,18,39,0.003902782
binComputeOffsets,18,0,0.000209306
binComputeOffsets,18,1,0.000213049
binComputeOffsets,18,2,0.000208537
binComputeOffsets,18,3,0.000206105
binComputeOffsets,18,4,0.000217465
binComputeOffsets,18,5,0.000213241
binComputeOffsets,18,6,0.00020201
binComputeOffsets,18,7,0.000202778
binComputeOffsets,18,8,0.000215128
binComputeOffsets,18,9,0.000208473
binComputeOffsets,18,10,0.000205977
binComputeOffsets,18,11,0.000210905
binComputeOffsets,18,12,0.000224024
binComputeOffsets,18,13,0.000215609
binComputeOffsets,18,14,0.000218361
binComputeOffsets,18,15,0.000215801
binComputeOffsets,18,16,0.000206905
binComputeOffsets,18,17,0.000222616
binComputeOffsets,18,18,0.000221113
binComputeOffsets,18,19,0.00020121
binComputeOffsets,18,20,0.000220121
binComputeOffsets,18,21,0.000216729
binComputeOffsets,18,22,0.000213465
binComputeOffsets,18,23,0.00020409
binComputeOffsets,18,24,0.000214681
binComputeOffsets,18,25,0.000208217
binComputeOffsets,18,26,0.000218265
binComputeOffsets,18,27,0.000203417
binComputeOffsets,18,28,0.000213369
binComputeOffsets,18,29,0.000204473
binComputeOffsets,18,30,0.000202329
binComputeOffsets,18,31,0.000221816
binComputeOffsets,18,32,0.000205273
binComputeOffsets,18,33,0.000209305
binComputeOffsets,18,34,0.000223289
binComputeOffsets,18,35,0.000208281
binComputeOffsets,18,36,0.000203737
binComputeOffsets,18,37,0.000203609
binComputeOffsets,18,38,0.000222105
binComputeOffsets,18,39,0.000225112
FFTNUFFT1,18,0,0.1378636
FFTNUFFT1,18,1,0.135691353
FFTNUFFT1,18,2,0.125665703
FFTNUFFT1,18,3,0.136276165
FFTNUFFT1,18,4,0.12960746
FFTNUFFT1,18,5,0.121863014
FFTNUFFT1,18,6,0.134081455
FFTNUFFT1,18,7,0.134372932
FFTNUFFT1,18,8,0.138736884
FFTNUFFT1,18,9,0.133432165
deconvolutionNUFFT1,18,0,0.000687209
deconvolutionNUFFT1,18,1,0.000691913
deconvolutionNUFFT1,18,2,0.00085322
deconvolutionNUFFT1,18,3,0.000682377
deconvolutionNUFFT1,18,4,0.000687817
deconvolutionNUFFT1,18,5,0.000843236
deconvolutionNUFFT1,18,6,0.000864611
deconvolutionNUFFT1,18,7,0.000866756
deconvolutionNUFFT1,18,8,0.000853284
deconvolutionNUFFT1,18,9,0.000691785
GatherPIFNUFFT,18,0,0.462560468
GatherPIFNUFFT,18,1,0.461313598
GatherPIFNUFFT,18,2,0.465876293
GatherPIFNUFFT,18,3,0.450961718
GatherPIFNUFFT,18,4,0.463491733
GatherPIFNUFFT,18,5,0.464679181
GatherPIFNUFFT,18,6,0.457259397
GatherPIFNUFFT,18,7,0.455377155
GatherPIFNUFFT,18,8,0.45413918
GatherPIFNUFFT,18,9,0.461026822
NativeNUFFT2,18,0,0.150226197
NativeNUFFT2,18,1,0.154026294
NativeNUFFT2,18,2,0.154682945
NativeNUFFT2,18,3,0.154633891
NativeNUFFT2,18,4,0.15212831
NativeNUFFT2,18,5,0.153005048
NativeNUFFT2,18,6,0.159633276
NativeNUFFT2,18,7,0.152806463
NativeNUFFT2,18,8,0.151878751
NativeNUFFT2,18,9,0.145836071
NativeNUFFT2,18,10,0.149715911
NativeNUFFT2,18,11,0.153690178
NativeNUFFT2,18,12,0.152413644
NativeNUFFT2,18,13,0.1556728
NativeNUFFT2,18,14,0.153821373
NativeNUFFT2,18,15,0.159009168
NativeNUFFT2,18,16,0.149876449
NativeNUFFT2,18,17,0.154228079
NativeNUFFT2,18,18,0.148826532
NativeNUFFT2,18,19,0.153853565
NativeNUFFT2,18,20,0.152980824
NativeNUFFT2,18,21,0.143779148
NativeNUFFT2,18,22,0.14979162
NativeNUFFT2,18,23,0.158884693
NativeNUFFT2,18,24,0.14659099
NativeNUFFT2,18,25,0.154740063
NativeNUFFT2,18,26,0.150290355
NativeNUFFT2,18,27,0.149923039
NativeNUFFT2,18,28,0.151790017
NativeNUFFT2,18,29,0.154778173
PrecorrectionNUFFT2,18,0,0.00162257
PrecorrectionNUFFT2,18,1,0.002660904
PrecorrectionNUFFT2,18,2,0.002674407
PrecorrectionNUFFT2,18,3,0.00162001
PrecorrectionNUFFT2,18,4,0.002672679
PrecorrectionNUFFT2,18,5,0.002670055
PrecorrectionNUFFT2,18,6,0.001629034
PrecorrectionNUFFT2,18,7,0.002669543
PrecorrectionNUFFT2,18,8,0.00265444
PrecorrectionNUFFT2,18,9,0.001618154
PrecorrectionNUFFT2,18,10,0.002705862
PrecorrectionNUFFT2,18,11,0.002691911
PrecorrectionNUFFT2,18,12,0.001639017
PrecorrectionNUFFT2,18,13,0.002707718
PrecorrectionNUFFT2,18,14,0.002670856
PrecorrectionNUFFT2,18,15,0.001631689
PrecorrectionNUFFT2,18,16,0.002716933
PrecorrectionNUFFT2,18,17,0.002685766
PrecorrectionNUFFT2,18,18,0.001607371
PrecorrectionNUFFT2,18,19,0.002663112
PrecorrectionNUFFT2,18,20,0.002669831
PrecorrectionNUFFT2,18,21,0.001635786
PrecorrectionNUFFT2,18,22,0.002674375
PrecorrectionNUFFT2,18,23,0.00270359
PrecorrectionNUFFT2,18,24,0.001622058
PrecorrectionNUFFT2,18,25,0.002675654
PrecorrectionNUFFT2,18,26,0.002704358
PrecorrectionNUFFT2,18,27,0.001661705
PrecorrectionNUFFT2,18,28,0.002680679
PrecorrectionNUFFT2,18,29,0.002692646
FFTNUFFT2,18,0,0.127901052
FFTNUFFT2,18,1,0.136932592
FFTNUFFT2,18,2,0.137962606
FFTNUFFT2,18,3,0.13389087
FFTNUFFT2,18,4,0.132674782
FFTNUFFT2,18,5,0.136149322
FFTNUFFT2,18,6,0.13938035
FFTNUFFT2,18,7,0.136219592
FFTNUFFT2,18,8,0.132084945
FFTNUFFT2,18,9,0.12936206
FFTNUFFT2,18,10,0.129987703
FFTNUFFT2,18,11,0.131005077
FFTNUFFT2,18,12,0.132957077
FFTNUFFT2,18,13,0.135192266
FFTNUFFT2,18,14,0.133095536
FFTNUFFT2,18,15,0.138827473
FFTNUFFT2,18,16,0.132803577
FFTNUFFT2,18,17,0.132193966
FFTNUFFT2,18,18,0.123574861
FFTNUFFT2,18,19,0.133898837
FFTNUFFT2,18,20,0.135462465
FFTNUFFT2,18,21,0.127014073
FFTNUFFT2,18,22,0.13280876
FFTNUFFT2,18,23,0.140830286
FFTNUFFT2,18,24,0.128683042
FFTNUFFT2,18,25,0.132229389
FFTNUFFT2,18,26,0.131671487
FFTNUFFT2,18,27,0.129734528
FFTNUFFT2,18,28,0.127472778
FFTNUFFT2,18,29,0.13276233
GatherNUFFT2,18,0,0.014130601
GatherNUFFT2,18,1,0.007866202
GatherNUFFT2,18,2,0.007655905
GatherNUFFT2,18,3,0.012761143
GatherNUFFT2,18,4,0.010194508
GatherNUFFT2,18,5,0.007611555
GatherNUFFT2,18,6,0.012243304
GatherNUFFT2,18,7,0.007515879
GatherNUFFT2,18,8,0.010577312
GatherNUFFT2,18,9,0.008291243
GatherNUFFT2,18,10,0.010615615
GatherNUFFT2,18,11,0.013579388
GatherNUFFT2,18,12,0.011249033
GatherNUFFT2,18,13,0.011412548
GatherNUFFT2,18,14,0.011660764
GatherNUFFT2,18,15,0.012127948
GatherNUFFT2,18,16,0.007780317
GatherNUFFT2,18,17,0.012775031
GatherNUFFT2,18,18,0.017114182
GatherNUFFT2,18,19,0.010904149
GatherNUFFT2,18,20,0.008455622
GatherNUFFT2,18,21,0.008580355
GatherNUFFT2,18,22,0.007909465
GatherNUFFT2,18,23,0.008912406
GatherNUFFT2,18,24,0.009905814
GatherNUFFT2,18,25,0.013447008
GatherNUFFT2,18,26,0.009497507
GatherNUFFT2,18,27,0.011965712
GatherNUFFT2,18,28,0.015069451
GatherNUFFT2,18,29,0.01292213
mainTimer,19,0,7.524174038
dumpData,19,0,0.008895959
dumpData,19,1,0.008133969
dumpData,19,2,0.008592642
dumpData,19,3,0.007922649
dumpData,19,4,0.010138351
dumpData,19,5,0.009503396
dumpData,19,6,0.008113938
dumpData,19,7,0.006717985
dumpData,19,8,0.007228047
dumpData,19,9,0.007896825
kick,19,0,2.5664e-05
kick,19,1,1.2992e-05
kick,19,2,2.7679e-05
kick,19,3,7.456e-06
kick,19,4,2.4159e-05
kick,19,5,9.408e-06
kick,19,6,2.7871e-05
kick,19,7,1.0719e-05
kick,19,8,2.6784e-05
kick,19,9,1.3312e-05
kick,19,10,2.3775e-05
kick,19,11,7.871e-06
kick,19,12,2.7551e-05
kick,19,13,8.64e-06
kick,19,14,2.6687e-05
kick,19,15,8.447e-06
kick,19,16,2.7839e-05
kick,19,17,8.191e-06
kick,19,18,2.0511e-05
kick,19,19,7.52e-06
drift,19,0,8.063e-06
drift,19,1,9.76e-06
drift,19,2,8.448e-06
drift,19,3,8.352e-06
drift,19,4,8.703e-06
drift,19,5,8.159e-06
drift,19,6,7.552e-06
drift,19,7,9.151e-06
drift,19,8,7.936e-06
drift,19,9,8.768e-06
particleBC,19,0,1.4592e-05
particleBC,19,1,1.5167e-05
particleBC,19,2,1.1103e-05
particleBC,19,3,1.4176e-05
particleBC,19,4,1.456e-05
particleBC,19,5,1.328e-05
particleBC,19,6,1.1807e-05
particleBC,19,7,1.2352e-05
particleBC,19,8,1.4623e-05
particleBC,19,9,1.3664e-05
updateParticle,19,0,0.118769677
updateParticle,19,1,0.04655669
updateParticle,19,2,0.117333597
updateParticle,19,3,0.053209844
updateParticle,19,4,0.009662718
updateParticle,19,5,0.06347219
updateParticle,19,6,0.063779828
updateParticle,19,7,0.009607232
updateParticle,19,8,0.010112175
updateParticle,19,9,0.063754388
locateParticles,19,0,0.003779554
locateParticles,19,1,0.003777218
locateParticles,19,2,0.003790402
locateParticles,19,3,0.00378701
locateParticles,19,4,0.003789346
locateParticles,19,5,0.003795266
locateParticles,19,6,0.003799426
locateParticles,19,7,0.003791746
locateParticles,19,8,0.003784642
locateParticles,19,9,0.003792481
sendPreprocess,19,0,0.000566765
sendPreprocess,19,1,0.000609868
sendPreprocess,19,2,0.000615148
sendPreprocess,19,3,0.000612491
sendPreprocess,19,4,0.000622539
sendPreprocess,19,5,0.000598028
sendPreprocess,19,6,0.000595788
sendPreprocess,19,7,0.000611915
sendPreprocess,19,8,0.000660458
sendPreprocess,19,9,0.000596204
particleSend,19,0,0.001036542
particleSend,19,1,0.001078076
particleSend,19,2,0.001134266
particleSend,19,3,0.001016223
particleSend,19,4,0.001019966
particleSend,19,5,0.001068348
particleSend,19,6,0.001129498
particleSend,19,7,0.001077181
particleSend,19,8,0.001038782
particleSend,19,9,0.001105531
particleRecv,19,0,3.3663e-05
particleRecv,19,1,3.3407e-05
particleRecv,19,2,3.5231e-05
particleRecv,19,3,3.4334e-05
particleRecv,19,4,3.7439e-05
particleRecv,19,5,3.4335e-05
particleRecv,19,6,3.6479e-05
particleRecv,19,7,3.6702e-05
particleRecv,19,8,3.4847e-05
particleRecv,19,9,3.3919e-05
particleDestroy,19,0,0.003023291
particleDestroy,19,1,0.003003612
particleDestroy,19,2,0.003021851
particleDestroy,19,3,0.003024988
particleDestroy,19,4,0.003009596
particleDestroy,19,5,0.003018332
particleDestroy,19,6,0.003020764
particleDestroy,19,7,0.003016924
particleDestroy,19,8,0.0030175
particleDestroy,19,9,0.003011996
ScatterPIFNUFFT,19,0,0.253706431
ScatterPIFNUFFT,19,1,9.664e-06
ScatterPIFNUFFT,19,2,0.279633823
ScatterPIFNUFFT,19,3,1.2767e-05
ScatterPIFNUFFT,19,4,0.163628535
ScatterPIFNUFFT,19,5,2.2783e-05
ScatterPIFNUFFT,19,6,0.225234931
ScatterPIFNUFFT,19,7,3.0527e-05
ScatterPIFNUFFT,19,8,0.261882671
ScatterPIFNUFFT,19,9,1.0688e-05
ScatterPIFNUFFT,19,10,0.268081984
ScatterPIFNUFFT,19,11,1.0687e-05
ScatterPIFNUFFT,19,12,0.156837721
ScatterPIFNUFFT,19,13,2.2655e-05
ScatterPIFNUFFT,19,14,0.276383788
ScatterPIFNUFFT,19,15,1.6384e-05
ScatterPIFNUFFT,19,16,0.219897157
ScatterPIFNUFFT,19,17,2.4767e-05
ScatterPIFNUFFT,19,18,0.163923694
ScatterPIFNUFFT,19,19,1.7087e-05
NativeNUFFT1,19,0,0.249279474
NativeNUFFT1,19,1,0.275250993
NativeNUFFT1,19,2,0.159250856
NativeNUFFT1,19,3,0.220831781
NativeNUFFT1,19,4,0.257663867
NativeNUFFT1,19,5,0.263760303
NativeNUFFT1,19,6,0.152495817
NativeNUFFT1,19,7,0.271999357
NativeNUFFT1,19,8,0.215480376
NativeNUFFT1,19,9,0.159542656
scatterTimerNUFFT1,19,0,0.111599835
scatterTimerNUFFT1,19,1,0.131668638
scatterTimerNUFFT1,19,2,0.025308309
scatterTimerNUFFT1,19,3,0.085865684
scatterTimerNUFFT1,19,4,0.128383084
scatterTimerNUFFT1,19,5,0.128573894
scatterTimerNUFFT1,19,6,0.021501843
scatterTimerNUFFT1,19,7,0.135222761
scatterTimerNUFFT1,19,8,0.07476647
scatterTimerNUFFT1,19,9,0.024202586
binSort,19,0,0.004268498
binSort,19,1,0.004216947
binSort,19,2,0.004265266
binSort,19,3,0.004214771
binSort,19,4,0.004276529
binSort,19,5,0.004217523
binSort,19,6,0.004233939
binSort,19,7,0.004254738
binSort,19,8,0.004256466
binSort,19,9,0.004250738
binSort,19,10,0.004246675
binSort,19,11,0.004250163
binSort,19,12,0.004335984
binSort,19,13,0.004289393
binSort,19,14,0.004212884
binSort,19,15,0.004278962
binSort,19,16,0.004317872
binSort,19,17,0.00426149
binSort,19,18,0.004218644
binSort,19,19,0.004272465
binSort,19,20,0.004259089
binSort,19,21,0.004218035
binSort,19,22,0.004213107
binSort,19,23,0.004275058
binSort,19,24,0.00425493
binSort,19,25,0.004287761
binSort,19,26,0.004191957
binSort,19,27,0.004274194
binSort,19,28,0.00423173
binSort,19,29,0.004222964
binSort,19,30,0.004236979
binSort,19,31,0.004204596
binSort,19,32,0.004281265
binSort,19,33,0.004256211
binSort,19,34,0.004190773
binSort,19,35,0.004195572
binSort,19,36,0.004258706
binSort,19,37,0.004235955
binSort,19,38,0.004249938
binSort,19,39,0.004219955
binComputeKeys,19,0,0.000410259
binComputeKeys,19,1,0.000402995
binComputeKeys,19,2,0.000401202
binComputeKeys,19,3,0.000402194
binComputeKeys,19,4,0.00040757
binComputeKeys,19,5,0.000403506
binComputeKeys,19,6,0.000399251
binComputeKeys,19,7,0.000396338
binComputeKeys,19,8,0.000407091
binComputeKeys,19,9,0.000399475
binComputeKeys,19,10,0.000397235
binComputeKeys,19,11,0.000398899
binComputeKeys,19,12,0.000411506
binComputeKeys,19,13,0.000399763
binComputeKeys,19,14,0.000406003
binComputeKeys,19,15,0.000396211
binComputeKeys,19,16,0.000410834
binComputeKeys,19,17,0.000409554
binComputeKeys,19,18,0.000408467
binComputeKeys,19,19,0.000402738
binComputeKeys,19,20,0.000407282
binComputeKeys,19,21,0.000409746
binComputeKeys,19,22,0.000396339
binComputeKeys,19,23,0.000405235
binComputeKeys,19,24,0.000401331
binComputeKeys,19,25,0.000408851
binComputeKeys,19,26,0.000397587
binComputeKeys,19,27,0.000403986
binComputeKeys,19,28,0.00040213
binComputeKeys,19,29,0.000405491
binComputeKeys,19,30,0.000395763
binComputeKeys,19,31,0.000405075
binComputeKeys,19,32,0.000410354
binComputeKeys,19,33,0.000405011
binComputeKeys,19,34,0.000402259
binComputeKeys,19,35,0.000396531
binComputeKeys,19,36,0.000405106
binComputeKeys,19,37,0.000411059
binComputeKeys,19,38,0.000420722
binComputeKeys,19,39,0.000405554
binSortByKey,19,0,0.003651206
binSortByKey,19,1,0.003620935
binSortByKey,19,2,0.003656679
binSortByKey,19,3,0.003611976
binSortByKey,19,4,0.00366183
binSortByKey,19,5,0.003620231
binSortByKey,19,6,0.003625639
binSortByKey,19,7,0.003653415
binSortByKey,19,8,0.003649894
binSortByKey,19,9,0.003644934
binSortByKey,19,10,0.003640551
binSortByKey,19,11,0.003641415
binSortByKey,19,12,0.003704773
binSortByKey,19,13,0.003682885
binSortByKey,19,14,0.003615176
binSortByKey,19,15,0.003675814
binSortByKey,19,16,0.003698277
binSortByKey,19,17,0.003652647
binSortByKey,19,18,0.003618695
binSortByKey,19,19,0.003658566
binSortByKey,19,20,0.003646246
binSortByKey,19,21,0.003612007
binSortByKey,19,22,0.003615111
binSortByKey,19,23,0.003658566
binSortByKey,19,24,0.003652646
binSortByKey,19,25,0.003673669
binSortByKey,19,26,0.003600296
binSortByKey,19,27,0.003663334
binSortByKey,19,28,0.003622183
binSortByKey,19,29,0.003614151
binSortByKey,19,30,0.003637351
binSortByKey,19,31,0.003607624
binSortByKey,19,32,0.003663142
binSortByKey,19,33,0.003647175
binSortByKey,19,34,0.003594888
binSortByKey,19,35,0.003602856
binSortByKey,19,36,0.003649735
binSortByKey,19,37,0.003626695
binSortByKey,19,38,0.003634983
binSortByKey,19,39,0.003620552
binComputeOffsets,19,0,0.000204057
binComputeOffsets,19,1,0.000191321
binComputeOffsets,19,2,0.000205881
binComputeOffsets,19,3,0.000199545
binComputeOffsets,19,4,0.000202841
binComputeOffsets,19,5,0.000192346
binComputeOffsets,19,6,0.000207161
binComputeOffsets,19,7,0.000203417
binComputeOffsets,19,8,0.000197785
binComputeOffsets,19,9,0.000204793
binComputeOffsets,19,10,0.000205401
binComputeOffsets,19,11,0.000207993
binComputeOffsets,19,12,0.000215577
binComputeOffsets,19,13,0.000204153
binComputeOffsets,19,14,0.000190745
binComputeOffsets,19,15,0.000205242
binComputeOffsets,19,16,0.000203161
binComputeOffsets,19,17,0.000197561
binComputeOffsets,19,18,0.000189978
binComputeOffsets,19,19,0.000209497
binComputeOffsets,19,20,0.000202905
binComputeOffsets,19,21,0.00019433
binComputeOffsets,19,22,0.000199481
binComputeOffsets,19,23,0.000208121
binComputeOffsets,19,24,0.000199417
binComputeOffsets,19,25,0.000202553
binComputeOffsets,19,26,0.000192506
binComputeOffsets,19,27,0.000204698
binComputeOffsets,19,28,0.000205273
binComputeOffsets,19,29,0.000200282
binComputeOffsets,19,30,0.000201721
binComputeOffsets,19,31,0.000190425
binComputeOffsets,19,32,0.000201881
binComputeOffsets,19,33,0.000202297
binComputeOffsets,19,34,0.000191226
binComputeOffsets,19,35,0.000194553
binComputeOffsets,19,36,0.000201369
binComputeOffsets,19,37,0.000196665
binComputeOffsets,19,38,0.000192697
binComputeOffsets,19,39,0.000192633
FFTNUFFT1,19,0,0.137010413
FFTNUFFT1,19,1,0.142764974
FFTNUFFT1,19,2,0.133283561
FFTNUFFT1,19,3,0.134121869
FFTNUFFT1,19,4,0.128624389
FFTNUFFT1,19,5,0.134535039
FFTNUFFT1,19,6,0.13014597
FFTNUFFT1,19,7,0.136108107
FFTNUFFT1,19,8,0.14004436
FFTNUFFT1,19,9,0.134674332
deconvolutionNUFFT1,19,0,0.000666826
deconvolutionNUFFT1,19,1,0.000815237
deconvolutionNUFFT1,19,2,0.00065729
deconvolutionNUFFT1,19,3,0.000841092
deconvolutionNUFFT1,19,4,0.000653578
deconvolutionNUFFT1,19,5,0.000649067
deconvolutionNUFFT1,19,6,0.00084602
deconvolutionNUFFT1,19,7,0.000665609
deconvolutionNUFFT1,19,8,0.000666346
deconvolutionNUFFT1,19,9,0.000663594
GatherPIFNUFFT,19,0,0.460031592
GatherPIFNUFFT,19,1,0.453675644
GatherPIFNUFFT,19,2,0.455753175
GatherPIFNUFFT,19,3,0.454816886
GatherPIFNUFFT,19,4,0.462977509
GatherPIFNUFFT,19,5,0.451454982
GatherPIFNUFFT,19,6,0.459466395
GatherPIFNUFFT,19,7,0.456022573
GatherPIFNUFFT,19,8,0.454810133
GatherPIFNUFFT,19,9,0.457169895
NativeNUFFT2,19,0,0.146676939
NativeNUFFT2,19,1,0.154111668
NativeNUFFT2,19,2,0.15477043
NativeNUFFT2,19,3,0.145685228
NativeNUFFT2,19,4,0.152742593
NativeNUFFT2,19,5,0.153793182
NativeNUFFT2,19,6,0.14961665
NativeNUFFT2,19,7,0.153300527
NativeNUFFT2,19,8,0.150783682
NativeNUFFT2,19,9,0.147961729
NativeNUFFT2,19,10,0.150165367
NativeNUFFT2,19,11,0.153749759
NativeNUFFT2,19,12,0.153709665
NativeNUFFT2,19,13,0.153404524
NativeNUFFT2,19,14,0.153807549
NativeNUFFT2,19,15,0.149155449
NativeNUFFT2,19,16,0.148556557
NativeNUFFT2,19,17,0.152282385
NativeNUFFT2,19,18,0.148329268
NativeNUFFT2,19,19,0.155307884
NativeNUFFT2,19,20,0.152910139
NativeNUFFT2,19,21,0.142552212
NativeNUFFT2,19,22,0.151346161
NativeNUFFT2,19,23,0.159747768
NativeNUFFT2,19,24,0.146409236
NativeNUFFT2,19,25,0.155859354
NativeNUFFT2,19,26,0.149633065
NativeNUFFT2,19,27,0.149070204
NativeNUFFT2,19,28,0.153265136
NativeNUFFT2,19,29,0.153286447
PrecorrectionNUFFT2,19,0,0.001633193
PrecorrectionNUFFT2,19,1,0.00259249
PrecorrectionNUFFT2,19,2,0.002609673
PrecorrectionNUFFT2,19,3,0.001583371
PrecorrectionNUFFT2,19,4,0.002586474
PrecorrectionNUFFT2,19,5,0.002584394
PrecorrectionNUFFT2,19,6,0.001604715
PrecorrectionNUFFT2,19,7,0.002590858
PrecorrectionNUFFT2,19,8,0.002583625
PrecorrectionNUFFT2,19,9,0.001613418
PrecorrectionNUFFT2,19,10,0.002573898
PrecorrectionNUFFT2,19,11,0.002572106
PrecorrectionNUFFT2,19,12,0.001609066
PrecorrectionNUFFT2,19,13,0.002572459
PrecorrectionNUFFT2,19,14,0.002575467
PrecorrectionNUFFT2,19,15,0.001600523
PrecorrectionNUFFT2,19,16,0.002566667
PrecorrectionNUFFT2,19,17,0.002600842
PrecorrectionNUFFT2,19,18,0.001609706
PrecorrectionNUFFT2,19,19,0.002586954
PrecorrectionNUFFT2,19,20,0.002593482
PrecorrectionNUFFT2,19,21,0.001607658
PrecorrectionNUFFT2,19,22,0.002605578
PrecorrectionNUFFT2,19,23,0.002574059
PrecorrectionNUFFT2,19,24,0.001597387
PrecorrectionNUFFT2,19,25,0.002580682
PrecorrectionNUFFT2,19,26,0.002570154
PrecorrectionNUFFT2,19,27,0.001599723
PrecorrectionNUFFT2,19,28,0.002590506
PrecorrectionNUFFT2,19,29,0.002572074
FFTNUFFT2,19,0,0.12605561
FFTNUFFT2,19,1,0.137281124
FFTNUFFT2,19,2,0.138619033
FFTNUFFT2,19,3,0.128224306
FFTNUFFT2,19,4,0.131409096
FFTNUFFT2,19,5,0.136885745
FFTNUFFT2,19,6,0.126070298
FFTNUFFT2,19,7,0.134990192
FFTNUFFT2,19,8,0.129723072
FFTNUFFT2,19,9,0.129848572
FFTNUFFT2,19,10,0.132599648
FFTNUFFT2,19,11,0.130524325
FFTNUFFT2,19,12,0.138006956
FFTNUFFT2,19,13,0.136679256
FFTNUFFT2,19,14,0.130674496
FFTNUFFT2,19,15,0.13370646
FFTNUFFT2,19,16,0.125034141
FFTNUFFT2,19,17,0.131185103
FFTNUFFT2,19,18,0.131942391
FFTNUFFT2,19,19,0.139004651
FFTNUFFT2,19,20,0.135643003
FFTNUFFT2,19,21,0.126152214
FFTNUFFT2,19,22,0.133142446
FFTNUFFT2,19,23,0.143527412
FFTNUFFT2,19,24,0.127450731
FFTNUFFT2,19,25,0.134278409
FFTNUFFT2,19,26,0.123235929
FFTNUFFT2,19,27,0.121859654
FFTNUFFT2,19,28,0.131670078
FFTNUFFT2,19,29,0.134935634
GatherNUFFT2,19,0,0.012745752
GatherNUFFT2,19,1,0.008127505
GatherNUFFT2,19,2,0.007420232
GatherNUFFT2,19,3,0.009785146
GatherNUFFT2,19,4,0.012672698
GatherNUFFT2,19,5,0.008217518
GatherNUFFT2,19,6,0.015687445
GatherNUFFT2,19,7,0.009625472
GatherNUFFT2,19,8,0.012207594
GatherNUFFT2,19,9,0.010243626
GatherNUFFT2,19,10,0.008711294
GatherNUFFT2,19,11,0.014555772
GatherNUFFT2,19,12,0.007980566
GatherNUFFT2,19,13,0.008030357
GatherNUFFT2,19,14,0.014276613
GatherNUFFT2,19,15,0.007607554
GatherNUFFT2,19,16,0.014697526
GatherNUFFT2,19,17,0.012373188
GatherNUFFT2,19,18,0.008687038
GatherNUFFT2,19,19,0.007470951
GatherNUFFT2,19,20,0.008432007
GatherNUFFT2,19,21,0.008515844
GatherNUFFT2,19,22,0.009501348
GatherNUFFT2,19,23,0.007567651
GatherNUFFT2,19,24,0.01128276
GatherNUFFT2,19,25,0.012747415
GatherNUFFT2,19,26,0.017575702
GatherNUFFT2,19,27,0.019349595
GatherNUFFT2,19,28,0.012775351
GatherNUFFT2,19,29,0.009696094
mainTimer,20,0,7.524179759
dumpData,20,0,0.010287096
dumpData,20,1,0.007970664
dumpData,20,2,0.007846541
dumpData,20,3,0.01001533
dumpData,20,4,0.008743534
dumpData,20,5,0.008278751
dumpData,20,6,0.007893676
dumpData,20,7,0.008276574
dumpData,20,8,0.008103333
dumpData,20,9,0.007857453
kick,20,0,2.6367e-05
kick,20,1,8e-06
kick,20,2,2.7775e-05
kick,20,3,7.488e-06
kick,20,4,2.6015e-05
kick,20,5,7.327e-06
kick,20,6,2.3615e-05
kick,20,7,8.383e-06
kick,20,8,2.4991e-05
kick,20,9,6.848e-06
kick,20,10,2.5056e-05
kick,20,11,6.752e-06
kick,20,12,2.2848e-05
kick,20,13,8.095e-06
kick,20,14,2.2335e-05
kick,20,15,7.392e-06
kick,20,16,2.8607e-05
kick,20,17,7.263e-06
kick,20,18,2.5503e-05
kick,20,19,6.208e-06
drift,20,0,7.232e-06
drift,20,1,6.4e-06
drift,20,2,5.216e-06
drift,20,3,6.176e-06
drift,20,4,7.52e-06
drift,20,5,6.911e-06
drift,20,6,5.759e-06
drift,20,7,5.152e-06
drift,20,8,5.728e-06
drift,20,9,9.056e-06
particleBC,20,0,1.3535e-05
particleBC,20,1,1.3503e-05
particleBC,20,2,1.3311e-05
particleBC,20,3,1.4047e-05
particleBC,20,4,1.2575e-05
particleBC,20,5,1.0944e-05
particleBC,20,6,1.5776e-05
particleBC,20,7,1.28e-05
particleBC,20,8,1.2384e-05
particleBC,20,9,1.3856e-05
updateParticle,20,0,0.064502351
updateParticle,20,1,0.00960088
updateParticle,20,2,0.11888109
updateParticle,20,3,0.069103087
updateParticle,20,4,0.117814982
updateParticle,20,5,0.009550674
updateParticle,20,6,0.063646349
updateParticle,20,7,0.009660526
updateParticle,20,8,0.063483059
updateParticle,20,9,0.00949154
locateParticles,20,0,0.003637345
locateParticles,20,1,0.003628066
locateParticles,20,2,0.003623553
locateParticles,20,3,0.003616898
locateParticles,20,4,0.003622977
locateParticles,20,5,0.003619137
locateParticles,20,6,0.003624449
locateParticles,20,7,0.003631201
locateParticles,20,8,0.003628705
locateParticles,20,9,0.003635425
sendPreprocess,20,0,0.000719367
sendPreprocess,20,1,0.000759045
sendPreprocess,20,2,0.000776453
sendPreprocess,20,3,0.000778564
sendPreprocess,20,4,0.000781509
sendPreprocess,20,5,0.000767078
sendPreprocess,20,6,0.000764005
sendPreprocess,20,7,0.000773541
sendPreprocess,20,8,0.000813252
sendPreprocess,20,9,0.000742054
particleSend,20,0,0.001083514
particleSend,20,1,0.001050139
particleSend,20,2,0.001169271
particleSend,20,3,0.001182775
particleSend,20,4,0.00107817
particleSend,20,5,0.001134136
particleSend,20,6,0.001138936
particleSend,20,7,0.001104793
particleSend,20,8,0.001122649
particleSend,20,9,0.00108185
particleRecv,20,0,3.731e-05
particleRecv,20,1,4.6399e-05
particleRecv,20,2,3.9839e-05
particleRecv,20,3,3.4527e-05
particleRecv,20,4,3.907e-05
particleRecv,20,5,3.7023e-05
particleRecv,20,6,3.9839e-05
particleRecv,20,7,3.6735e-05
particleRecv,20,8,4.2431e-05
particleRecv,20,9,3.6063e-05
particleDestroy,20,0,0.002797214
particleDestroy,20,1,0.002806077
particleDestroy,20,2,0.002780511
particleDestroy,20,3,0.002781343
particleDestroy,20,4,0.00279635
particleDestroy,20,5,0.002775071
particleDestroy,20,6,0.002800574
particleDestroy,20,7,0.002775679
particleDestroy,20,8,0.002788606
particleDestroy,20,9,0.002787902
ScatterPIFNUFFT,20,0,0.309622447
ScatterPIFNUFFT,20,1,2.0703e-05
ScatterPIFNUFFT,20,2,0.308523734
ScatterPIFNUFFT,20,3,1.6735e-05
ScatterPIFNUFFT,20,4,0.163651234
ScatterPIFNUFFT,20,5,1.8847e-05
ScatterPIFNUFFT,20,6,0.209762262
ScatterPIFNUFFT,20,7,1.4272e-05
ScatterPIFNUFFT,20,8,0.158816044
ScatterPIFNUFFT,20,9,3.8143e-05
ScatterPIFNUFFT,20,10,0.319907847
ScatterPIFNUFFT,20,11,2.7071e-05
ScatterPIFNUFFT,20,12,0.16091949
ScatterPIFNUFFT,20,13,1.3504e-05
ScatterPIFNUFFT,20,14,0.274746675
ScatterPIFNUFFT,20,15,2.0416e-05
ScatterPIFNUFFT,20,16,0.167424798
ScatterPIFNUFFT,20,17,3.1903e-05
ScatterPIFNUFFT,20,18,0.218152944
ScatterPIFNUFFT,20,19,2.6975e-05
NativeNUFFT1,20,0,0.305192202
NativeNUFFT1,20,1,0.304069234
NativeNUFFT1,20,2,0.15918243
NativeNUFFT1,20,3,0.205247667
NativeNUFFT1,20,4,0.154416901
NativeNUFFT1,20,5,0.315574654
NativeNUFFT1,20,6,0.156525468
NativeNUFFT1,20,7,0.270369997
NativeNUFFT1,20,8,0.163001625
NativeNUFFT1,20,9,0.213604079
scatterTimerNUFFT1,20,0,0.165149326
scatterTimerNUFFT1,20,1,0.168421723
scatterTimerNUFFT1,20,2,0.021095677
scatterTimerNUFFT1,20,3,0.068800985
scatterTimerNUFFT1,20,4,0.01989684
scatterTimerNUFFT1,20,5,0.183844128
scatterTimerNUFFT1,20,6,0.021067679
scatterTimerNUFFT1,20,7,0.136348926
scatterTimerNUFFT1,20,8,0.022199511
scatterTimerNUFFT1,20,9,0.077275601
binSort,20,0,0.004014868
binSort,20,1,0.004000212
binSort,20,2,0.004002516
binSort,20,3,0.004000277
binSort,20,4,0.004011731
binSort,20,5,0.003966453
binSort,20,6,0.003960757
binSort,20,7,0.004019251
binSort,20,8,0.003984468
binSort,20,9,0.004018195
binSort,20,10,0.004002899
binSort,20,11,0.004024499
binSort,20,12,0.004052082
binSort,20,13,0.003994868
binSort,20,14,0.003999188
binSort,20,15,0.004008532
binSort,20,16,0.00403397
binSort,20,17,0.003973781
binSort,20,18,0.003978069
binSort,20,19,0.00400642
binSort,20,20,0.004019699
binSort,20,21,0.003998004
binSort,20,22,0.004009364
binSort,20,23,0.003970998
binSort,20,24,0.004033203
binSort,20,25,0.00400274
binSort,20,26,0.003975605
binSort,20,27,0.0039901
binSort,20,28,0.004026195
binSort,20,29,0.004012276
binSort,20,30,0.003963477
binSort,20,31,0.003995316
binSort,20,32,0.003978452
binSort,20,33,0.003987189
binSort,20,34,0.003984821
binSort,20,35,0.003964438
binSort,20,36,0.004051891
binSort,20,37,0.00403218
binSort,20,38,0.003985653
binSort,20,39,0.003984789
binComputeKeys,20,0,0.000382067
binComputeKeys,20,1,0.000381394
binComputeKeys,20,2,0.000372371
binComputeKeys,20,3,0.000370419
binComputeKeys,20,4,0.000378162
binComputeKeys,20,5,0.000373971
binComputeKeys,20,6,0.000380818
binComputeKeys,20,7,0.000375443
binComputeKeys,20,8,0.000379506
binComputeKeys,20,9,0.000374259
binComputeKeys,20,10,0.000373458
binComputeKeys,20,11,0.000382003
binComputeKeys,20,12,0.000382867
binComputeKeys,20,13,0.000395602
binComputeKeys,20,14,0.000373171
binComputeKeys,20,15,0.000395698
binComputeKeys,20,16,0.000379666
binComputeKeys,20,17,0.000380051
binComputeKeys,20,18,0.000387122
binComputeKeys,20,19,0.000375539
binComputeKeys,20,20,0.000378867
binComputeKeys,20,21,0.00038597
binComputeKeys,20,22,0.000371251
binComputeKeys,20,23,0.000377811
binComputeKeys,20,24,0.000383154
binComputeKeys,20,25,0.000379026
binComputeKeys,20,26,0.000374355
binComputeKeys,20,27,0.000378035
binComputeKeys,20,28,0.000377715
binComputeKeys,20,29,0.000380179
binComputeKeys,20,30,0.000387922
binComputeKeys,20,31,0.000377011
binComputeKeys,20,32,0.000377683
binComputeKeys,20,33,0.000375891
binComputeKeys,20,34,0.000377139
binComputeKeys,20,35,0.000379763
binComputeKeys,20,36,0.000386675
binComputeKeys,20,37,0.000372915
binComputeKeys,20,38,0.000372563
binComputeKeys,20,39,0.000381075
binSortByKey,20,0,0.0034442
binSortByKey,20,1,0.003430152
binSortByKey,20,2,0.00343412
binSortByKey,20,3,0.003434888
binSortByKey,20,4,0.003446536
binSortByKey,20,5,0.003409448
binSortByKey,20,6,0.003400361
binSortByKey,20,7,0.003446247
binSortByKey,20,8,0.003416489
binSortByKey,20,9,0.003450759
binSortByKey,20,10,0.00343732
binSortByKey,20,11,0.003444359
binSortByKey,20,12,0.003471879
binSortByKey,20,13,0.003418536
binSortByKey,20,14,0.003438215
binSortByKey,20,15,0.003422824
binSortByKey,20,16,0.003463751
binSortByKey,20,17,0.003412904
binSortByKey,20,18,0.003405961
binSortByKey,20,19,0.00343588
binSortByKey,20,20,0.003451143
binSortByKey,20,21,0.003425192
binSortByKey,20,22,0.003445351
binSortByKey,20,23,0.003410889
binSortByKey,20,24,0.003460775
binSortByKey,20,25,0.003434504
binSortByKey,20,26,0.003415017
binSortByKey,20,27,0.003423528
binSortByKey,20,28,0.003456519
binSortByKey,20,29,0.003442184
binSortByKey,20,30,0.003392393
binSortByKey,20,31,0.003427528
binSortByKey,20,32,0.003411561
binSortByKey,20,33,0.00342276
binSortByKey,20,34,0.003422025
binSortByKey,20,35,0.003401641
binSortByKey,20,36,0.003465575
binSortByKey,20,37,0.003462119
binSortByKey,20,38,0.003421672
binSortByKey,20,39,0.00342068
binComputeOffsets,20,0,0.00018553
binComputeOffsets,20,1,0.000185978
binComputeOffsets,20,2,0.000193273
binComputeOffsets,20,3,0.000191098
binComputeOffsets,20,4,0.000185081
binComputeOffsets,20,5,0.000181978
binComputeOffsets,20,6,0.000178298
binComputeOffsets,20,7,0.000195001
binComputeOffsets,20,8,0.000186137
binComputeOffsets,20,9,0.000190745
binComputeOffsets,20,10,0.000189625
binComputeOffsets,20,11,0.000194169
binComputeOffsets,20,12,0.000193337
binComputeOffsets,20,13,0.000179738
binComputeOffsets,20,14,0.00018601
binComputeOffsets,20,15,0.000185882
binComputeOffsets,20,16,0.000186073
binComputeOffsets,20,17,0.000177274
binComputeOffsets,20,18,0.000180762
binComputeOffsets,20,19,0.000193785
binComputeOffsets,20,20,0.000187801
binComputeOffsets,20,21,0.00018345
binComputeOffsets,20,22,0.000189978
binComputeOffsets,20,23,0.000181082
binComputeOffsets,20,24,0.000185722
binComputeOffsets,20,25,0.000186906
binComputeOffsets,20,26,0.000185433
binComputeOffsets,20,27,0.000185017
binComputeOffsets,20,28,0.000187769
binComputeOffsets,20,29,0.000187257
binComputeOffsets,20,30,0.000180858
binComputeOffsets,20,31,0.000187161
binComputeOffsets,20,32,0.000184825
binComputeOffsets,20,33,0.00018649
binComputeOffsets,20,34,0.000184793
binComputeOffsets,20,35,0.000181242
binComputeOffsets,20,36,0.000197114
binComputeOffsets,20,37,0.000194586
binComputeOffsets,20,38,0.000187802
binComputeOffsets,20,39,0.000180794
FFTNUFFT1,20,0,0.139218681
FFTNUFFT1,20,1,0.134806964
FFTNUFFT1,20,2,0.137248734
FFTNUFFT1,20,3,0.135623799
FFTNUFFT1,20,4,0.133676955
FFTNUFFT1,20,5,0.130893884
FFTNUFFT1,20,6,0.134637561
FFTNUFFT1,20,7,0.133199659
FFTNUFFT1,20,8,0.139954335
FFTNUFFT1,20,9,0.135510203
deconvolutionNUFFT1,20,0,0.000819939
deconvolutionNUFFT1,20,1,0.000837347
deconvolutionNUFFT1,20,2,0.000834723
deconvolutionNUFFT1,20,3,0.000819555
deconvolutionNUFFT1,20,4,0.000837954
deconvolutionNUFFT1,20,5,0.000833826
deconvolutionNUFFT1,20,6,0.000815844
deconvolutionNUFFT1,20,7,0.000818468
deconvolutionNUFFT1,20,8,0.000843427
deconvolutionNUFFT1,20,9,0.000813603
GatherPIFNUFFT,20,0,0.455699609
GatherPIFNUFFT,20,1,0.461698086
GatherPIFNUFFT,20,2,0.45497333
GatherPIFNUFFT,20,3,0.453170609
GatherPIFNUFFT,20,4,0.459243997
GatherPIFNUFFT,20,5,0.45367136
GatherPIFNUFFT,20,6,0.45708324
GatherPIFNUFFT,20,7,0.457117575
GatherPIFNUFFT,20,8,0.453321419
GatherPIFNUFFT,20,9,0.459157376
NativeNUFFT2,20,0,0.146902061
NativeNUFFT2,20,1,0.153915191
NativeNUFFT2,20,2,0.153329164
NativeNUFFT2,20,3,0.154645213
NativeNUFFT2,20,4,0.152309071
NativeNUFFT2,20,5,0.152712097
NativeNUFFT2,20,6,0.148038661
NativeNUFFT2,20,7,0.152733856
NativeNUFFT2,20,8,0.152135989
NativeNUFFT2,20,9,0.147335453
NativeNUFFT2,20,10,0.149244858
NativeNUFFT2,20,11,0.153634592
NativeNUFFT2,20,12,0.148441271
NativeNUFFT2,20,13,0.155260168
NativeNUFFT2,20,14,0.154046835
NativeNUFFT2,20,15,0.148195711
NativeNUFFT2,20,16,0.149517585
NativeNUFFT2,20,17,0.154411941
NativeNUFFT2,20,18,0.148452118
NativeNUFFT2,20,19,0.153688479
NativeNUFFT2,20,20,0.153395338
NativeNUFFT2,20,21,0.145923215
NativeNUFFT2,20,22,0.150549581
NativeNUFFT2,20,23,0.15861621
NativeNUFFT2,20,24,0.143841559
NativeNUFFT2,20,25,0.155424579
NativeNUFFT2,20,26,0.150703048
NativeNUFFT2,20,27,0.149898756
NativeNUFFT2,20,28,0.151748355
NativeNUFFT2,20,29,0.154468356
PrecorrectionNUFFT2,20,0,0.001563786
PrecorrectionNUFFT2,20,1,0.002502568
PrecorrectionNUFFT2,20,2,0.002506056
PrecorrectionNUFFT2,20,3,0.001582696
PrecorrectionNUFFT2,20,4,0.002493256
PrecorrectionNUFFT2,20,5,0.002501321
PrecorrectionNUFFT2,20,6,0.001566441
PrecorrectionNUFFT2,20,7,0.00250612
PrecorrectionNUFFT2,20,8,0.002515752
PrecorrectionNUFFT2,20,9,0.001582344
PrecorrectionNUFFT2,20,10,0.002508616
PrecorrectionNUFFT2,20,11,0.002525287
PrecorrectionNUFFT2,20,12,0.001553802
PrecorrectionNUFFT2,20,13,0.002512552
PrecorrectionNUFFT2,20,14,0.002508328
PrecorrectionNUFFT2,20,15,0.001575529
PrecorrectionNUFFT2,20,16,0.002522088
PrecorrectionNUFFT2,20,17,0.002519336
PrecorrectionNUFFT2,20,18,0.001567722
PrecorrectionNUFFT2,20,19,0.002512104
PrecorrectionNUFFT2,20,20,0.002506857
PrecorrectionNUFFT2,20,21,0.001562537
PrecorrectionNUFFT2,20,22,0.002500489
PrecorrectionNUFFT2,20,23,0.002499784
PrecorrectionNUFFT2,20,24,0.001582857
PrecorrectionNUFFT2,20,25,0.0025162
PrecorrectionNUFFT2,20,26,0.00251988
PrecorrectionNUFFT2,20,27,0.001588585
PrecorrectionNUFFT2,20,28,0.002503625
PrecorrectionNUFFT2,20,29,0.002531175
FFTNUFFT2,20,0,0.12943416
FFTNUFFT2,20,1,0.135024684
FFTNUFFT2,20,2,0.135733555
FFTNUFFT2,20,3,0.126179233
FFTNUFFT2,20,4,0.135320162
FFTNUFFT2,20,5,0.134573948
FFTNUFFT2,20,6,0.128317687
FFTNUFFT2,20,7,0.137037989
FFTNUFFT2,20,8,0.13360051
FFTNUFFT2,20,9,0.132502307
FFTNUFFT2,20,10,0.131357067
FFTNUFFT2,20,11,0.132144337
FFTNUFFT2,20,12,0.133635164
FFTNUFFT2,20,13,0.136181795
FFTNUFFT2,20,14,0.130938427
FFTNUFFT2,20,15,0.131945208
FFTNUFFT2,20,16,0.132710588
FFTNUFFT2,20,17,0.135603576
FFTNUFFT2,20,18,0.131750269
FFTNUFFT2,20,19,0.132622624
FFTNUFFT2,20,20,0.136757231
FFTNUFFT2,20,21,0.130754466
FFTNUFFT2,20,22,0.134779732
FFTNUFFT2,20,23,0.141571335
FFTNUFFT2,20,24,0.1283973
FFTNUFFT2,20,25,0.131941816
FFTNUFFT2,20,26,0.134901328
FFTNUFFT2,20,27,0.128126366
FFTNUFFT2,20,28,0.1315673
FFTNUFFT2,20,29,0.1347078
GatherNUFFT2,20,0,0.009887815
GatherNUFFT2,20,1,0.010354678
GatherNUFFT2,20,2,0.009082978
GatherNUFFT2,20,3,0.020852551
GatherNUFFT2,20,4,0.008498679
GatherNUFFT2,20,5,0.009625071
GatherNUFFT2,20,6,0.012126264
GatherNUFFT2,20,7,0.007160421
GatherNUFFT2,20,8,0.009997058
GatherNUFFT2,20,9,0.007213668
GatherNUFFT2,20,10,0.009337498
GatherNUFFT2,20,11,0.012950011
GatherNUFFT2,20,12,0.007229892
GatherNUFFT2,20,13,0.010551152
GatherNUFFT2,20,14,0.014588673
GatherNUFFT2,20,15,0.008669617
GatherNUFFT2,20,16,0.008233409
GatherNUFFT2,20,17,0.010233978
GatherNUFFT2,20,18,0.009146497
GatherNUFFT2,20,19,0.012547465
GatherNUFFT2,20,20,0.008108357
GatherNUFFT2,20,21,0.007590935
GatherNUFFT2,20,22,0.007250722
GatherNUFFT2,20,23,0.008551382
GatherNUFFT2,20,24,0.007870445
GatherNUFFT2,20,25,0.014950901
GatherNUFFT2,20,26,0.007247746
GatherNUFFT2,20,27,0.014150768
GatherNUFFT2,20,28,0.011657225
GatherNUFFT2,20,29,0.0112238
mainTimer,21,0,7.524177903
dumpData,21,0,0.00977601
dumpData,21,1,0.008597907
dumpData,21,2,0.009928932
dumpData,21,3,0.008826155
dumpData,21,4,0.011067036
dumpData,21,5,0.010437747
dumpData,21,6,0.009036452
dumpData,21,7,0.008891721
dumpData,21,8,0.009251772
dumpData,21,9,0.00892436
kick,21,0,2.5087e-05
kick,21,1,8.608e-06
kick,21,2,3.2607e-05
kick,21,3,7.583e-06
kick,21,4,2.5439e-05
kick,21,5,1.408e-05
kick,21,6,2.4287e-05
kick,21,7,6.944e-06
kick,21,8,2.2239e-05
kick,21,9,8.736e-06
kick,21,10,2.544e-05
kick,21,11,1.0176e-05
kick,21,12,2.3296e-05
kick,21,13,6.175e-06
kick,21,14,2.3712e-05
kick,21,15,7.488e-06
kick,21,16,3.0975e-05
kick,21,17,5.024e-06
kick,21,18,2.8191e-05
kick,21,19,1.0336e-05
drift,21,0,5.024e-06
drift,21,1,6.496e-06
drift,21,2,6.272e-06
drift,21,3,5.888e-06
drift,21,4,7.2e-06
drift,21,5,5.567e-06
drift,21,6,6.207e-06
drift,21,7,5.343e-06
drift,21,8,6.463e-06
drift,21,9,9.504e-06
particleBC,21,0,1.4879e-05
particleBC,21,1,1.2927e-05
particleBC,21,2,1.4399e-05
particleBC,21,3,1.456e-05
particleBC,21,4,1.4527e-05
particleBC,21,5,1.3824e-05
particleBC,21,6,1.4688e-05
particleBC,21,7,1.3952e-05
particleBC,21,8,1.2896e-05
particleBC,21,9,1.392e-05
updateParticle,21,0,0.064432434
updateParticle,21,1,0.009542675
updateParticle,21,2,0.118774501
updateParticle,21,3,0.068997265
updateParticle,21,4,0.117833829
updateParticle,21,5,0.009439958
updateParticle,21,6,0.063760777
updateParticle,21,7,0.009606864
updateParticle,21,8,0.063416789
updateParticle,21,9,0.009451605
locateParticles,21,0,0.003437384
locateParticles,21,1,0.003449064
locateParticles,21,2,0.003427336
locateParticles,21,3,0.003451559
locateParticles,21,4,0.003425448
locateParticles,21,5,0.00343956
locateParticles,21,6,0.003445991
locateParticles,21,7,0.003435048
locateParticles,21,8,0.00343652
locateParticles,21,9,0.003430792
sendPreprocess,21,0,0.00092048
sendPreprocess,21,1,0.000939743
sendPreprocess,21,2,0.000973278
sendPreprocess,21,3,0.000946239
sendPreprocess,21,4,0.000980734
sendPreprocess,21,5,0.000948063
sendPreprocess,21,6,0.000945311
sendPreprocess,21,7,0.000969374
sendPreprocess,21,8,0.001003709
sendPreprocess,21,9,0.000947327
particleSend,21,0,0.001119736
particleSend,21,1,0.001165943
particleSend,21,2,0.001055163
particleSend,21,3,0.001065531
particleSend,21,4,0.001160919
particleSend,21,5,0.001051355
particleSend,21,6,0.001074778
particleSend,21,7,0.00107881
particleSend,21,8,0.001091898
particleSend,21,9,0.001025532
particleRecv,21,0,3.4687e-05
particleRecv,21,1,3.3919e-05
particleRecv,21,2,4.0991e-05
particleRecv,21,3,3.8271e-05
particleRecv,21,4,4.1246e-05
particleRecv,21,5,4.083e-05
particleRecv,21,6,4.6047e-05
particleRecv,21,7,3.8175e-05
particleRecv,21,8,4.2335e-05
particleRecv,21,9,4.4446e-05
particleDestroy,21,0,0.002718881
particleDestroy,21,1,0.002715457
particleDestroy,21,2,0.002734688
particleDestroy,21,3,0.002728193
particleDestroy,21,4,0.002724353
particleDestroy,21,5,0.002740321
particleDestroy,21,6,0.002746463
particleDestroy,21,7,0.002728449
particleDestroy,21,8,0.002733952
particleDestroy,21,9,0.002729921
ScatterPIFNUFFT,21,0,0.309003333
ScatterPIFNUFFT,21,1,1.1616e-05
ScatterPIFNUFFT,21,2,0.313990262
ScatterPIFNUFFT,21,3,1.0752e-05
ScatterPIFNUFFT,21,4,0.166377026
ScatterPIFNUFFT,21,5,9.088e-06
ScatterPIFNUFFT,21,6,0.212672143
ScatterPIFNUFFT,21,7,1.9776e-05
ScatterPIFNUFFT,21,8,0.15737139
ScatterPIFNUFFT,21,9,1.5903e-05
ScatterPIFNUFFT,21,10,0.325733755
ScatterPIFNUFFT,21,11,1.4527e-05
ScatterPIFNUFFT,21,12,0.157349183
ScatterPIFNUFFT,21,13,1.2863e-05
ScatterPIFNUFFT,21,14,0.275424891
ScatterPIFNUFFT,21,15,1.8079e-05
ScatterPIFNUFFT,21,16,0.165920627
ScatterPIFNUFFT,21,17,1.4399e-05
ScatterPIFNUFFT,21,18,0.218284298
ScatterPIFNUFFT,21,19,1.7823e-05
NativeNUFFT1,21,0,0.304567616
NativeNUFFT1,21,1,0.309548306
NativeNUFFT1,21,2,0.161986396
NativeNUFFT1,21,3,0.209218088
NativeNUFFT1,21,4,0.152966456
NativeNUFFT1,21,5,0.321241304
NativeNUFFT1,21,6,0.153058677
NativeNUFFT1,21,7,0.271032918
NativeNUFFT1,21,8,0.161522765
NativeNUFFT1,21,9,0.215751716
scatterTimerNUFFT1,21,0,0.163752991
scatterTimerNUFFT1,21,1,0.16891425
scatterTimerNUFFT1,21,2,0.023069433
scatterTimerNUFFT1,21,3,0.071086794
scatterTimerNUFFT1,21,4,0.020308473
scatterTimerNUFFT1,21,5,0.182429969
scatterTimerNUFFT1,21,6,0.02155691
scatterTimerNUFFT1,21,7,0.134960399
scatterTimerNUFFT1,21,8,0.021373716
scatterTimerNUFFT1,21,9,0.080660475
binSort,21,0,0.00386876
binSort,21,1,0.003794715
binSort,21,2,0.003721309
binSort,21,3,0.003807067
binSort,21,4,0.003857081
binSort,21,5,0.003764701
binSort,21,6,0.003717854
binSort,21,7,0.00377366
binSort,21,8,0.003871481
binSort,21,9,0.003756188
binSort,21,10,0.003819546
binSort,21,11,0.0037719
binSort,21,12,0.003857145
binSort,21,13,0.003774876
binSort,21,14,0.00374211
binSort,21,15,0.003753981
binSort,21,16,0.003845817
binSort,21,17,0.003789979
binSort,21,18,0.003779388
binSort,21,19,0.003784091
binSort,21,20,0.003839577
binSort,21,21,0.003741821
binSort,21,22,0.003749053
binSort,21,23,0.003748221
binSort,21,24,0.003852153
binSort,21,25,0.003799707
binSort,21,26,0.003783964
binSort,21,27,0.003813018
binSort,21,28,0.003856665
binSort,21,29,0.003804124
binSort,21,30,0.003781883
binSort,21,31,0.003774108
binSort,21,32,0.003864248
binSort,21,33,0.003743933
binSort,21,34,0.003774077
binSort,21,35,0.003778012
binSort,21,36,0.003782491
binSort,21,37,0.003778651
binSort,21,38,0.003771356
binSort,21,39,0.003811739
binComputeKeys,21,0,0.000364979
binComputeKeys,21,1,0.000355027
binComputeKeys,21,2,0.000354963
binComputeKeys,21,3,0.000359827
binComputeKeys,21,4,0.000361267
binComputeKeys,21,5,0.000351892
binComputeKeys,21,6,0.000345044
binComputeKeys,21,7,0.000362291
binComputeKeys,21,8,0.000370355
binComputeKeys,21,9,0.000364339
binComputeKeys,21,10,0.000354707
binComputeKeys,21,11,0.000364723
binComputeKeys,21,12,0.000356788
binComputeKeys,21,13,0.000348756
binComputeKeys,21,14,0.000358196
binComputeKeys,21,15,0.00035842
binComputeKeys,21,16,0.000362227
binComputeKeys,21,17,0.000355251
binComputeKeys,21,18,0.000351635
binComputeKeys,21,19,0.000359315
binComputeKeys,21,20,0.000355731
binComputeKeys,21,21,0.000352563
binComputeKeys,21,22,0.000359635
binComputeKeys,21,23,0.000348372
binComputeKeys,21,24,0.000364467
binComputeKeys,21,25,0.000348308
binComputeKeys,21,26,0.00034914
binComputeKeys,21,27,0.000352915
binComputeKeys,21,28,0.0003573
binComputeKeys,21,29,0.00034898
binComputeKeys,21,30,0.000355635
binComputeKeys,21,31,0.000371475
binComputeKeys,21,32,0.000360115
binComputeKeys,21,33,0.000351252
binComputeKeys,21,34,0.000348596
binComputeKeys,21,35,0.00035042
binComputeKeys,21,36,0.000346387
binComputeKeys,21,37,0.000353555
binComputeKeys,21,38,0.0003605
binComputeKeys,21,39,0.000351796
binSortByKey,21,0,0.003321579
binSortByKey,21,1,0.003258415
binSortByKey,21,2,0.003195888
binSortByKey,21,3,0.003264206
binSortByKey,21,4,0.003311725
binSortByKey,21,5,0.003234415
binSortByKey,21,6,0.00319992
binSortByKey,21,7,0.003235983
binSortByKey,21,8,0.003317324
binSortByKey,21,9,0.003219407
binSortByKey,21,10,0.003276365
binSortByKey,21,11,0.003227535
binSortByKey,21,12,0.003316172
binSortByKey,21,13,0.003244431
binSortByKey,21,14,0.003212368
binSortByKey,21,15,0.003223791
binSortByKey,21,16,0.00330078
binSortByKey,21,17,0.003249967
binSortByKey,21,18,0.003247823
binSortByKey,21,19,0.003242734
binSortByKey,21,20,0.003299853
binSortByKey,21,21,0.003214064
binSortByKey,21,22,0.003216112
binSortByKey,21,23,0.003227407
binSortByKey,21,24,0.003305164
binSortByKey,21,25,0.00325915
binSortByKey,21,26,0.003252238
binSortByKey,21,27,0.003275054
binSortByKey,21,28,0.003316363
binSortByKey,21,29,0.003267278
binSortByKey,21,30,0.003246639
binSortByKey,21,31,0.003229135
binSortByKey,21,32,0.00331614
binSortByKey,21,33,0.003219791
binSortByKey,21,34,0.003244879
binSortByKey,21,35,0.003235791
binSortByKey,21,36,0.003249519
binSortByKey,21,37,0.00324763
binSortByKey,21,38,0.003229551
binSortByKey,21,39,0.003277197
binComputeOffsets,21,0,0.00017865
binComputeOffsets,21,1,0.000177786
binComputeOffsets,21,2,0.000169178
binComputeOffsets,21,3,0.00017673
binComputeOffsets,21,4,0.00017977
binComputeOffsets,21,5,0.000176826
binComputeOffsets,21,6,0.000169402
binComputeOffsets,21,7,0.000172826
binComputeOffsets,21,8,0.00017945
binComputeOffsets,21,9,0.000170106
binComputeOffsets,21,10,0.000185082
binComputeOffsets,21,11,0.000176794
binComputeOffsets,21,12,0.000179641
binComputeOffsets,21,13,0.000180089
binComputeOffsets,21,14,0.000169338
binComputeOffsets,21,15,0.000168954
binComputeOffsets,21,16,0.000178618
binComputeOffsets,21,17,0.000180601
binComputeOffsets,21,18,0.000178202
binComputeOffsets,21,19,0.000179514
binComputeOffsets,21,20,0.000179865
binComputeOffsets,21,21,0.000170298
binComputeOffsets,21,22,0.000169882
binComputeOffsets,21,23,0.000170106
binComputeOffsets,21,24,0.000179482
binComputeOffsets,21,25,0.000187065
binComputeOffsets,21,26,0.000180858
binComputeOffsets,21,27,0.000182713
binComputeOffsets,21,28,0.000178266
binComputeOffsets,21,29,0.000184474
binComputeOffsets,21,30,0.000176985
binComputeOffsets,21,31,0.00017097
binComputeOffsets,21,32,0.000181529
binComputeOffsets,21,33,0.000169178
binComputeOffsets,21,34,0.000179034
binComputeOffsets,21,35,0.000188826
binComputeOffsets,21,36,0.000184505
binComputeOffsets,21,37,0.000173402
binComputeOffsets,21,38,0.000178617
binComputeOffsets,21,39,0.00017961
FFTNUFFT1,21,0,0.139999741
FFTNUFFT1,21,1,0.139819492
FFTNUFFT1,21,2,0.138073985
FFTNUFFT1,21,3,0.137310235
FFTNUFFT1,21,4,0.131829788
FFTNUFFT1,21,5,0.137991236
FFTNUFFT1,21,6,0.130667717
FFTNUFFT1,21,7,0.135244132
FFTNUFFT1,21,8,0.139309846
FFTNUFFT1,21,9,0.134244934
deconvolutionNUFFT1,21,0,0.0008121
deconvolutionNUFFT1,21,1,0.000812708
deconvolutionNUFFT1,21,2,0.000839138
deconvolutionNUFFT1,21,3,0.000818819
deconvolutionNUFFT1,21,4,0.000823203
deconvolutionNUFFT1,21,5,0.000816227
deconvolutionNUFFT1,21,6,0.000830466
deconvolutionNUFFT1,21,7,0.000824771
deconvolutionNUFFT1,21,8,0.000834243
deconvolutionNUFFT1,21,9,0.000841987
GatherPIFNUFFT,21,0,0.457837198
GatherPIFNUFFT,21,1,0.456078572
GatherPIFNUFFT,21,2,0.449220316
GatherPIFNUFFT,21,3,0.450358835
GatherPIFNUFFT,21,4,0.458549428
GatherPIFNUFFT,21,5,0.447209473
GatherPIFNUFFT,21,6,0.459053923
GatherPIFNUFFT,21,7,0.454997714
GatherPIFNUFFT,21,8,0.45586309
GatherPIFNUFFT,21,9,0.458500951
NativeNUFFT2,21,0,0.146501435
NativeNUFFT2,21,1,0.155388419
NativeNUFFT2,21,2,0.153861657
NativeNUFFT2,21,3,0.147813517
NativeNUFFT2,21,4,0.152377741
NativeNUFFT2,21,5,0.154350696
NativeNUFFT2,21,6,0.143294955
NativeNUFFT2,21,7,0.153192495
NativeNUFFT2,21,8,0.150253303
NativeNUFFT2,21,9,0.143415271
NativeNUFFT2,21,10,0.150684519
NativeNUFFT2,21,11,0.153840346
NativeNUFFT2,21,12,0.149286298
NativeNUFFT2,21,13,0.153516837
NativeNUFFT2,21,14,0.153708862
NativeNUFFT2,21,15,0.144616348
NativeNUFFT2,21,16,0.150092349
NativeNUFFT2,21,17,0.151025277
NativeNUFFT2,21,18,0.149247066
NativeNUFFT2,21,19,0.154304906
NativeNUFFT2,21,20,0.153987668
NativeNUFFT2,21,21,0.141970682
NativeNUFFT2,21,22,0.151412366
NativeNUFFT2,21,23,0.158157058
NativeNUFFT2,21,24,0.147959398
NativeNUFFT2,21,25,0.156040077
NativeNUFFT2,21,26,0.149129407
NativeNUFFT2,21,27,0.148272252
NativeNUFFT2,21,28,0.153736925
NativeNUFFT2,21,29,0.15342644
PrecorrectionNUFFT2,21,0,0.001561513
PrecorrectionNUFFT2,21,1,0.00245009
PrecorrectionNUFFT2,21,2,0.002455882
PrecorrectionNUFFT2,21,3,0.001548042
PrecorrectionNUFFT2,21,4,0.002442475
PrecorrectionNUFFT2,21,5,0.002429035
PrecorrectionNUFFT2,21,6,0.001550601
PrecorrectionNUFFT2,21,7,0.002446762
PrecorrectionNUFFT2,21,8,0.002457578
PrecorrectionNUFFT2,21,9,0.001561066
PrecorrectionNUFFT2,21,10,0.002470761
PrecorrectionNUFFT2,21,11,0.002426571
PrecorrectionNUFFT2,21,12,0.001564746
PrecorrectionNUFFT2,21,13,0.002448842
PrecorrectionNUFFT2,21,14,0.002433674
PrecorrectionNUFFT2,21,15,0.001536618
PrecorrectionNUFFT2,21,16,0.002435819
PrecorrectionNUFFT2,21,17,0.00240622
PrecorrectionNUFFT2,21,18,0.001560137
PrecorrectionNUFFT2,21,19,0.002433067
PrecorrectionNUFFT2,21,20,0.002428363
PrecorrectionNUFFT2,21,21,0.00155233
PrecorrectionNUFFT2,21,22,0.002444778
PrecorrectionNUFFT2,21,23,0.002437291
PrecorrectionNUFFT2,21,24,0.001550857
PrecorrectionNUFFT2,21,25,0.002434923
PrecorrectionNUFFT2,21,26,0.00241278
PrecorrectionNUFFT2,21,27,0.00155153
PrecorrectionNUFFT2,21,28,0.00245329
PrecorrectionNUFFT2,21,29,0.002422091
FFTNUFFT2,21,0,0.130515594
FFTNUFFT2,21,1,0.140129625
FFTNUFFT2,21,2,0.138409269
FFTNUFFT2,21,3,0.128678986
FFTNUFFT2,21,4,0.130661445
FFTNUFFT2,21,5,0.139166586
FFTNUFFT2,21,6,0.125768241
FFTNUFFT2,21,7,0.135700724
FFTNUFFT2,21,8,0.134751606
FFTNUFFT2,21,9,0.1274389
FFTNUFFT2,21,10,0.133251177
FFTNUFFT2,21,11,0.132234798
FFTNUFFT2,21,12,0.133945938
FFTNUFFT2,21,13,0.13485429
FFTNUFFT2,21,14,0.134837042
FFTNUFFT2,21,15,0.129387794
FFTNUFFT2,21,16,0.134708342
FFTNUFFT2,21,17,0.130297073
FFTNUFFT2,21,18,0.13363062
FFTNUFFT2,21,19,0.134133963
FFTNUFFT2,21,20,0.13766136
FFTNUFFT2,21,21,0.127330169
FFTNUFFT2,21,22,0.13527338
FFTNUFFT2,21,23,0.142519846
FFTNUFFT2,21,24,0.127844487
FFTNUFFT2,21,25,0.131322254
FFTNUFFT2,21,26,0.1302045
FFTNUFFT2,21,27,0.130967674
FFTNUFFT2,21,28,0.133766295
FFTNUFFT2,21,29,0.133430468
GatherNUFFT2,21,0,0.008696528
GatherNUFFT2,21,1,0.007069193
GatherNUFFT2,21,2,0.00723114
GatherNUFFT2,21,3,0.011830146
GatherNUFFT2,21,4,0.013503399
GatherNUFFT2,21,5,0.006988747
GatherNUFFT2,21,6,0.010218715
GatherNUFFT2,21,7,0.009281979
GatherNUFFT2,21,8,0.007253185
GatherNUFFT2,21,9,0.008664593
GatherNUFFT2,21,10,0.009180991
GatherNUFFT2,21,11,0.013407083
GatherNUFFT2,21,12,0.00801636
GatherNUFFT2,21,13,0.010474354
GatherNUFFT2,21,14,0.010647595
GatherNUFFT2,21,15,0.007926858
GatherNUFFT2,21,16,0.007188421
GatherNUFFT2,21,17,0.012539594
GatherNUFFT2,21,18,0.008284191
GatherNUFFT2,21,19,0.011984317
GatherNUFFT2,21,20,0.00812314
GatherNUFFT2,21,21,0.007313152
GatherNUFFT2,21,22,0.007909611
GatherNUFFT2,21,23,0.007454812
GatherNUFFT2,21,24,0.01276493
GatherNUFFT2,21,25,0.016508638
GatherNUFFT2,21,26,0.010768391
GatherNUFFT2,21,27,0.009982402
GatherNUFFT2,21,28,0.011727238
GatherNUFFT2,21,29,0.011792387
mainTimer,22,0,7.524179695
dumpData,22,0,0.008158019
dumpData,22,1,0.006955564
dumpData,22,2,0.007297024
dumpData,22,3,0.009474773
dumpData,22,4,0.008224064
dumpData,22,5,0.007745746
dumpData,22,6,0.007440764
dumpData,22,7,0.007741777
dumpData,22,8,0.007641973
dumpData,22,9,0.007306784
kick,22,0,2.5759e-05
kick,22,1,6.24e-06
kick,22,2,3.1711e-05
kick,22,3,7.232e-06
kick,22,4,2.4479e-05
kick,22,5,6.24e-06
kick,22,6,2.3903e-05
kick,22,7,6.751e-06
kick,22,8,2.2815e-05
kick,22,9,6.4e-06
kick,22,10,2.512e-05
kick,22,11,6.879e-06
kick,22,12,2.3392e-05
kick,22,13,8.671e-06
kick,22,14,2.3936e-05
kick,22,15,8.128e-06
kick,22,16,2.8927e-05
kick,22,17,5.376e-06
kick,22,18,2.6783e-05
kick,22,19,8.352e-06
drift,22,0,6.592e-06
drift,22,1,6.944e-06
drift,22,2,6.496e-06
drift,22,3,6.208e-06
drift,22,4,8.864e-06
drift,22,5,5.215e-06
drift,22,6,4.8e-06
drift,22,7,6.816e-06
drift,22,8,7.039e-06
drift,22,9,1.0176e-05
particleBC,22,0,1.4303e-05
particleBC,22,1,1.3887e-05
particleBC,22,2,1.4463e-05
particleBC,22,3,1.6159e-05
particleBC,22,4,1.2992e-05
particleBC,22,5,1.3472e-05
particleBC,22,6,1.3632e-05
particleBC,22,7,1.3664e-05
particleBC,22,8,1.2768e-05
particleBC,22,9,1.4624e-05
updateParticle,22,0,0.06452763
updateParticle,22,1,0.00968315
updateParticle,22,2,0.11887581
updateParticle,22,3,0.069101711
updateParticle,22,4,0.117963649
updateParticle,22,5,0.009499988
updateParticle,22,6,0.06380228
updateParticle,22,7,0.009676014
updateParticle,22,8,0.06340479
updateParticle,22,9,0.009497683
locateParticles,22,0,0.003768316
locateParticles,22,1,0.003769277
locateParticles,22,2,0.003782268
locateParticles,22,3,0.00378886
locateParticles,22,4,0.003771484
locateParticles,22,5,0.003767804
locateParticles,22,6,0.003786235
locateParticles,22,7,0.003786588
locateParticles,22,8,0.003763005
locateParticles,22,9,0.003764924
sendPreprocess,22,0,0.0005907
sendPreprocess,22,1,0.00061937
sendPreprocess,22,2,0.00062001
sendPreprocess,22,3,0.000608234
sendPreprocess,22,4,0.000636169
sendPreprocess,22,5,0.000623722
sendPreprocess,22,6,0.000608747
sendPreprocess,22,7,0.000617451
sendPreprocess,22,8,0.000681416
sendPreprocess,22,9,0.000614731
particleSend,22,0,0.001093721
particleSend,22,1,0.001068859
particleSend,22,2,0.001057819
particleSend,22,3,0.001046716
particleSend,22,4,0.001076891
particleSend,22,5,0.00108857
particleSend,22,6,0.001076954
particleSend,22,7,0.001057019
particleSend,22,8,0.001119673
particleSend,22,9,0.001082586
particleRecv,22,0,3.7407e-05
particleRecv,22,1,4.1566e-05
particleRecv,22,2,4.4831e-05
particleRecv,22,3,3.9038e-05
particleRecv,22,4,3.9966e-05
particleRecv,22,5,3.7599e-05
particleRecv,22,6,4.3231e-05
particleRecv,22,7,4.2174e-05
particleRecv,22,8,4.0575e-05
particleRecv,22,9,3.363e-05
particleDestroy,22,0,0.002984375
particleDestroy,22,1,0.002964984
particleDestroy,22,2,0.002991799
particleDestroy,22,3,0.002997496
particleDestroy,22,4,0.003010487
particleDestroy,22,5,0.002997495
particleDestroy,22,6,0.003000023
particleDestroy,22,7,0.003032406
particleDestroy,22,8,0.003010262
particleDestroy,22,9,0.003001207
ScatterPIFNUFFT,22,0,0.30776728
ScatterPIFNUFFT,22,1,2.2207e-05
ScatterPIFNUFFT,22,2,0.309186687
ScatterPIFNUFFT,22,3,1.3376e-05
ScatterPIFNUFFT,22,4,0.16463216
ScatterPIFNUFFT,22,5,1.5488e-05
ScatterPIFNUFFT,22,6,0.211978472
ScatterPIFNUFFT,22,7,2.5983e-05
ScatterPIFNUFFT,22,8,0.155005649
ScatterPIFNUFFT,22,9,1.3567e-05
ScatterPIFNUFFT,22,10,0.319720077
ScatterPIFNUFFT,22,11,2.6751e-05
ScatterPIFNUFFT,22,12,0.162453964
ScatterPIFNUFFT,22,13,2.9119e-05
ScatterPIFNUFFT,22,14,0.276896744
ScatterPIFNUFFT,22,15,1.6224e-05
ScatterPIFNUFFT,22,16,0.167192711
ScatterPIFNUFFT,22,17,2.3008e-05
ScatterPIFNUFFT,22,18,0.220771028
ScatterPIFNUFFT,22,19,1.4015e-05
NativeNUFFT1,22,0,0.303338859
NativeNUFFT1,22,1,0.304794328
NativeNUFFT1,22,2,0.160316887
NativeNUFFT1,22,3,0.208581727
NativeNUFFT1,22,4,0.150664105
NativeNUFFT1,22,5,0.315191884
NativeNUFFT1,22,6,0.158148259
NativeNUFFT1,22,7,0.272520002
NativeNUFFT1,22,8,0.162798272
NativeNUFFT1,22,9,0.217272271
scatterTimerNUFFT1,22,0,0.164810586
scatterTimerNUFFT1,22,1,0.168695506
scatterTimerNUFFT1,22,2,0.021157692
scatterTimerNUFFT1,22,3,0.07040029
scatterTimerNUFFT1,22,4,0.02060939
scatterTimerNUFFT1,22,5,0.183779842
scatterTimerNUFFT1,22,6,0.021868707
scatterTimerNUFFT1,22,7,0.136434747
scatterTimerNUFFT1,22,8,0.022820193
scatterTimerNUFFT1,22,9,0.07878886
binSort,22,0,0.004184589
binSort,22,1,0.004233068
binSort,22,2,0.0042403
binSort,22,3,0.004206829
binSort,22,4,0.004187502
binSort,22,5,0.004206509
binSort,22,6,0.004221932
binSort,22,7,0.004222508
binSort,22,8,0.00421902
binSort,22,9,0.004250859
binSort,22,10,0.004229772
binSort,22,11,0.004238252
binSort,22,12,0.004236555
binSort,22,13,0.004262571
binSort,22,14,0.004190637
binSort,22,15,0.004275979
binSort,22,16,0.00419227
binSort,22,17,0.004264907
binSort,22,18,0.004263212
binSort,22,19,0.004207885
binSort,22,20,0.004215948
binSort,22,21,0.004238252
binSort,22,22,0.004254635
binSort,22,23,0.004224588
binSort,22,24,0.004185262
binSort,22,25,0.004212877
binSort,22,26,0.004230157
binSort,22,27,0.004246444
binSort,22,28,0.004186605
binSort,22,29,0.004233452
binSort,22,30,0.004258987
binSort,22,31,0.004267595
binSort,22,32,0.004214444
binSort,22,33,0.004195789
binSort,22,34,0.004215725
binSort,22,35,0.004234668
binSort,22,36,0.004279754
binSort,22,37,0.004226188
binSort,22,38,0.004192526
binSort,22,39,0.004238316
binComputeKeys,22,0,0.000395314
binComputeKeys,22,1,0.000411922
binComputeKeys,22,2,0.000406194
binComputeKeys,22,3,0.000408913
binComputeKeys,22,4,0.000395826
binComputeKeys,22,5,0.000396626
binComputeKeys,22,6,0.000393554
binComputeKeys,22,7,0.000407058
binComputeKeys,22,8,0.000404114
binComputeKeys,22,9,0.000401138
binComputeKeys,22,10,0.000416273
binComputeKeys,22,11,0.00041237
binComputeKeys,22,12,0.00039429
binComputeKeys,22,13,0.00039829
binComputeKeys,22,14,0.000395666
binComputeKeys,22,15,0.000398994
binComputeKeys,22,16,0.000399346
binComputeKeys,22,17,0.000395027
binComputeKeys,22,18,0.000404818
binComputeKeys,22,19,0.00039957
binComputeKeys,22,20,0.000413425
binComputeKeys,22,21,0.00039749
binComputeKeys,22,22,0.000407921
binComputeKeys,22,23,0.000393266
binComputeKeys,22,24,0.000399218
binComputeKeys,22,25,0.000412145
binComputeKeys,22,26,0.000407474
binComputeKeys,22,27,0.000402866
binComputeKeys,22,28,0.000400274
binComputeKeys,22,29,0.00040437
binComputeKeys,22,30,0.00039957
binComputeKeys,22,31,0.00039845
binComputeKeys,22,32,0.00039781
binComputeKeys,22,33,0.000396498
binComputeKeys,22,34,0.000399186
binComputeKeys,22,35,0.000400498
binComputeKeys,22,36,0.00039541
binComputeKeys,22,37,0.000402482
binComputeKeys,22,38,0.000393907
binComputeKeys,22,39,0.000395954
binSortByKey,22,0,0.003592706
binSortByKey,22,1,0.003626625
binSortByKey,22,2,0.00363776
binSortByKey,22,3,0.003604258
binSortByKey,22,4,0.003592355
binSortByKey,22,5,0.003616129
binSortByKey,22,6,0.003629377
binSortByKey,22,7,0.003620833
binSortByKey,22,8,0.003620417
binSortByKey,22,9,0.003650176
binSortByKey,22,10,0.00361949
binSortByKey,22,11,0.003629665
binSortByKey,22,12,0.003639552
binSortByKey,22,13,0.003665664
binSortByKey,22,14,0.003606081
binSortByKey,22,15,0.0036728
binSortByKey,22,16,0.003596002
binSortByKey,22,17,0.003667551
binSortByKey,22,18,0.003656225
binSortByKey,22,19,0.00361373
binSortByKey,22,20,0.003606946
binSortByKey,22,21,0.003647745
binSortByKey,22,22,0.003647937
binSortByKey,22,23,0.003634977
binSortByKey,22,24,0.003592835
binSortByKey,22,25,0.003608866
binSortByKey,22,26,0.003631169
binSortByKey,22,27,0.003647841
binSortByKey,22,28,0.00359277
binSortByKey,22,29,0.003634689
binSortByKey,22,30,0.003654912
binSortByKey,22,31,0.00367024
binSortByKey,22,32,0.003624065
binSortByKey,22,33,0.003607106
binSortByKey,22,34,0.003621666
binSortByKey,22,35,0.003634145
binSortByKey,22,36,0.003677759
binSortByKey,22,37,0.003629153
binSortByKey,22,38,0.003611841
binSortByKey,22,39,0.003641441
binComputeOffsets,22,0,0.000194681
binComputeOffsets,22,1,0.000190905
binComputeOffsets,22,2,0.00019369
binComputeOffsets,22,3,0.00018953
binComputeOffsets,22,4,0.000195993
binComputeOffsets,22,5,0.00019065
binComputeOffsets,22,6,0.000197369
binComputeOffsets,22,7,0.000191001
binComputeOffsets,22,8,0.000191737
binComputeOffsets,22,9,0.000196857
binComputeOffsets,22,10,0.000191546
binComputeOffsets,22,11,0.000192602
binComputeOffsets,22,12,0.000200793
binComputeOffsets,22,13,0.000197721
binComputeOffsets,22,14,0.00018809
binComputeOffsets,22,15,0.000199001
binComputeOffsets,22,16,0.00019257
binComputeOffsets,22,17,0.000199769
binComputeOffsets,22,18,0.000198489
binComputeOffsets,22,19,0.000191897
binComputeOffsets,22,20,0.000192601
binComputeOffsets,22,21,0.000192601
binComputeOffsets,22,22,0.000196345
binComputeOffsets,22,23,0.000194649
binComputeOffsets,22,24,0.000190265
binComputeOffsets,22,25,0.000188858
binComputeOffsets,22,26,0.000189914
binComputeOffsets,22,27,0.00019289
binComputeOffsets,22,28,0.000190585
binComputeOffsets,22,29,0.000189433
binComputeOffsets,22,30,0.000201817
binComputeOffsets,22,31,0.000195706
binComputeOffsets,22,32,0.000188121
binComputeOffsets,22,33,0.000190201
binComputeOffsets,22,34,0.000191641
binComputeOffsets,22,35,0.000196921
binComputeOffsets,22,36,0.000199801
binComputeOffsets,22,37,0.000189465
binComputeOffsets,22,38,0.000185946
binComputeOffsets,22,39,0.000197657
FFTNUFFT1,22,0,0.137710094
FFTNUFFT1,22,1,0.135262052
FFTNUFFT1,22,2,0.138327992
FFTNUFFT1,22,3,0.137366714
FFTNUFFT1,22,4,0.12920748
FFTNUFFT1,22,5,0.130590662
FFTNUFFT1,22,6,0.135456797
FFTNUFFT1,22,7,0.135255588
FFTNUFFT1,22,8,0.139161212
FFTNUFFT1,22,9,0.137664207
deconvolutionNUFFT1,22,0,0.000815939
deconvolutionNUFFT1,22,1,0.00083261
deconvolutionNUFFT1,22,2,0.000827235
deconvolutionNUFFT1,22,3,0.000811652
deconvolutionNUFFT1,22,4,0.000841955
deconvolutionNUFFT1,22,5,0.000819044
deconvolutionNUFFT1,22,6,0.000820003
deconvolutionNUFFT1,22,7,0.000825667
deconvolutionNUFFT1,22,8,0.000811299
deconvolutionNUFFT1,22,9,0.000815812
GatherPIFNUFFT,22,0,0.462432301
GatherPIFNUFFT,22,1,0.460728329
GatherPIFNUFFT,22,2,0.453790716
GatherPIFNUFFT,22,3,0.450439856
GatherPIFNUFFT,22,4,0.462894877
GatherPIFNUFFT,22,5,0.455443169
GatherPIFNUFFT,22,6,0.455635675
GatherPIFNUFFT,22,7,0.453580675
GatherPIFNUFFT,22,8,0.453920822
GatherPIFNUFFT,22,9,0.456752948
NativeNUFFT2,22,0,0.149649645
NativeNUFFT2,22,1,0.154147119
NativeNUFFT2,22,2,0.155087886
NativeNUFFT2,22,3,0.154098641
NativeNUFFT2,22,4,0.152077591
NativeNUFFT2,22,5,0.153041302
NativeNUFFT2,22,6,0.145566843
NativeNUFFT2,22,7,0.153070996
NativeNUFFT2,22,8,0.151686661
NativeNUFFT2,22,9,0.144388709
NativeNUFFT2,22,10,0.149514001
NativeNUFFT2,22,11,0.153650624
NativeNUFFT2,22,12,0.152003514
NativeNUFFT2,22,13,0.155608124
NativeNUFFT2,22,14,0.153809211
NativeNUFFT2,22,15,0.148847753
NativeNUFFT2,22,16,0.149490321
NativeNUFFT2,22,17,0.154164206
NativeNUFFT2,22,18,0.147303454
NativeNUFFT2,22,19,0.153686463
NativeNUFFT2,22,20,0.15319064
NativeNUFFT2,22,21,0.142451848
NativeNUFFT2,22,22,0.149588942
NativeNUFFT2,22,23,0.159105506
NativeNUFFT2,22,24,0.145665815
NativeNUFFT2,22,25,0.154027251
NativeNUFFT2,22,26,0.150408818
NativeNUFFT2,22,27,0.147201985
NativeNUFFT2,22,28,0.152109142
NativeNUFFT2,22,29,0.154561856
PrecorrectionNUFFT2,22,0,0.001600328
PrecorrectionNUFFT2,22,1,0.002577317
PrecorrectionNUFFT2,22,2,0.002591237
PrecorrectionNUFFT2,22,3,0.00159604
PrecorrectionNUFFT2,22,4,0.002577189
PrecorrectionNUFFT2,22,5,0.002572358
PrecorrectionNUFFT2,22,6,0.001605735
PrecorrectionNUFFT2,22,7,0.00257543
PrecorrectionNUFFT2,22,8,0.002577606
PrecorrectionNUFFT2,22,9,0.001594281
PrecorrectionNUFFT2,22,10,0.002574086
PrecorrectionNUFFT2,22,11,0.00261018
PrecorrectionNUFFT2,22,12,0.001615496
PrecorrectionNUFFT2,22,13,0.00258279
PrecorrectionNUFFT2,22,14,0.002584774
PrecorrectionNUFFT2,22,15,0.001623528
PrecorrectionNUFFT2,22,16,0.002588805
PrecorrectionNUFFT2,22,17,0.002586853
PrecorrectionNUFFT2,22,18,0.001594665
PrecorrectionNUFFT2,22,19,0.002581766
PrecorrectionNUFFT2,22,20,0.00257319
PrecorrectionNUFFT2,22,21,0.001592264
PrecorrectionNUFFT2,22,22,0.002574694
PrecorrectionNUFFT2,22,23,0.002619076
PrecorrectionNUFFT2,22,24,0.001599656
PrecorrectionNUFFT2,22,25,0.002578405
PrecorrectionNUFFT2,22,26,0.002596069
PrecorrectionNUFFT2,22,27,0.00159444
PrecorrectionNUFFT2,22,28,0.002572326
PrecorrectionNUFFT2,22,29,0.002590629
FFTNUFFT2,22,0,0.133173581
FFTNUFFT2,22,1,0.137757804
FFTNUFFT2,22,2,0.1384477
FFTNUFFT2,22,3,0.133781367
FFTNUFFT2,22,4,0.134080013
FFTNUFFT2,22,5,0.136659954
FFTNUFFT2,22,6,0.125752049
FFTNUFFT2,22,7,0.136733136
FFTNUFFT2,22,8,0.133585086
FFTNUFFT2,22,9,0.129206872
FFTNUFFT2,22,10,0.124458429
FFTNUFFT2,22,11,0.131502759
FFTNUFFT2,22,12,0.13528509
FFTNUFFT2,22,13,0.135631318
FFTNUFFT2,22,14,0.133571807
FFTNUFFT2,22,15,0.128642155
FFTNUFFT2,22,16,0.133113646
FFTNUFFT2,22,17,0.134446976
FFTNUFFT2,22,18,0.130408876
FFTNUFFT2,22,19,0.134444384
FFTNUFFT2,22,20,0.136173571
FFTNUFFT2,22,21,0.126576212
FFTNUFFT2,22,22,0.133061168
FFTNUFFT2,22,23,0.141330895
FFTNUFFT2,22,24,0.130214292
FFTNUFFT2,22,25,0.132028085
FFTNUFFT2,22,26,0.132222861
FFTNUFFT2,22,27,0.128434706
FFTNUFFT2,22,28,0.13597441
FFTNUFFT2,22,29,0.133556096
GatherNUFFT2,22,0,0.008613139
GatherNUFFT2,22,1,0.007557367
GatherNUFFT2,22,2,0.007764625
GatherNUFFT2,22,3,0.012443916
GatherNUFFT2,22,4,0.00915232
GatherNUFFT2,22,5,0.007533368
GatherNUFFT2,22,6,0.011887008
GatherNUFFT2,22,7,0.007449307
GatherNUFFT2,22,8,0.009211581
GatherNUFFT2,22,9,0.007298465
GatherNUFFT2,22,10,0.016159627
GatherNUFFT2,22,11,0.013232273
GatherNUFFT2,22,12,0.008794156
GatherNUFFT2,22,13,0.01111478
GatherNUFFT2,22,14,0.011367314
GatherNUFFT2,22,15,0.012298673
GatherNUFFT2,22,16,0.007485787
GatherNUFFT2,22,17,0.010820774
GatherNUFFT2,22,18,0.009012806
GatherNUFFT2,22,19,0.010369237
GatherNUFFT2,22,20,0.008145891
GatherNUFFT2,22,21,0.007972457
GatherNUFFT2,22,22,0.007672723
GatherNUFFT2,22,23,0.008863722
GatherNUFFT2,22,24,0.007545816
GatherNUFFT2,22,25,0.013114453
GatherNUFFT2,22,26,0.009266428
GatherNUFFT2,22,27,0.010887683
GatherNUFFT2,22,28,0.007242499
GatherNUFFT2,22,29,0.012111384
mainTimer,23,0,7.524180911
dumpData,23,0,0.00918579
dumpData,23,1,0.007520408
dumpData,23,2,0.008810987
dumpData,23,3,0.008388571
dumpData,23,4,0.010533295
dumpData,23,5,0.009904518
dumpData,23,6,0.008515542
dumpData,23,7,0.007128455
dumpData,23,8,0.008559445
dumpData,23,9,0.008311677
kick,23,0,2.7775e-05
kick,23,1,7.712e-06
kick,23,2,3.0815e-05
kick,23,3,7.296e-06
kick,23,4,2.4735e-05
kick,23,5,7.776e-06
kick,23,6,2.3551e-05
kick,23,7,7.135e-06
kick,23,8,2.2431e-05
kick,23,9,1.152e-05
kick,23,10,2.304e-05
kick,23,11,1.4432e-05
kick,23,12,2.3264e-05
kick,23,13,6.656e-06
kick,23,14,2.288e-05
kick,23,15,5.439e-06
kick,23,16,2.9471e-05
kick,23,17,8.479e-06
kick,23,18,2.5855e-05
kick,23,19,8.768e-06
drift,23,0,6.56e-06
drift,23,1,5.856e-06
drift,23,2,6.208e-06
drift,23,3,7.008e-06
drift,23,4,1.0015e-05
drift,23,5,5.695e-06
drift,23,6,5.696e-06
drift,23,7,5.887e-06
drift,23,8,7.007e-06
drift,23,9,1.0176e-05
particleBC,23,0,1.3183e-05
particleBC,23,1,1.3119e-05
particleBC,23,2,1.2639e-05
particleBC,23,3,1.2736e-05
particleBC,23,4,1.1648e-05
particleBC,23,5,1.3344e-05
particleBC,23,6,1.392e-05
particleBC,23,7,1.3856e-05
particleBC,23,8,1.3024e-05
particleBC,23,9,1.2736e-05
updateParticle,23,0,0.064494832
updateParticle,23,1,0.009583889
updateParticle,23,2,0.118890593
updateParticle,23,3,0.069024656
updateParticle,23,4,0.117917826
updateParticle,23,5,0.009484885
updateParticle,23,6,0.063810855
updateParticle,23,7,0.009700877
updateParticle,23,8,0.063429461
updateParticle,23,9,0.009540242
locateParticles,23,0,0.003649569
locateParticles,23,1,0.003631618
locateParticles,23,2,0.003629697
locateParticles,23,3,0.003627297
locateParticles,23,4,0.003628897
locateParticles,23,5,0.003625121
locateParticles,23,6,0.003636897
locateParticles,23,7,0.003630881
locateParticles,23,8,0.003645153
locateParticles,23,9,0.003641088
sendPreprocess,23,0,0.000709191
sendPreprocess,23,1,0.000759974
sendPreprocess,23,2,0.000775333
sendPreprocess,23,3,0.000773701
sendPreprocess,23,4,0.00078074
sendPreprocess,23,5,0.000768293
sendPreprocess,23,6,0.000758853
sendPreprocess,23,7,0.000774181
sendPreprocess,23,8,0.000799044
sendPreprocess,23,9,0.00074071
particleSend,23,0,0.001105945
particleSend,23,1,0.001071994
particleSend,23,2,0.001110361
particleSend,23,3,0.001080379
particleSend,23,4,0.001166871
particleSend,23,5,0.00104742
particleSend,23,6,0.001233621
particleSend,23,7,0.001079706
particleSend,23,8,0.001119833
particleSend,23,9,0.001029181
particleRecv,23,0,3.8047e-05
particleRecv,23,1,3.4527e-05
particleRecv,23,2,3.8783e-05
particleRecv,23,3,3.8783e-05
particleRecv,23,4,3.8719e-05
particleRecv,23,5,4.4574e-05
particleRecv,23,6,4.2046e-05
particleRecv,23,7,4.2655e-05
particleRecv,23,8,4.1439e-05
particleRecv,23,9,4.1823e-05
particleDestroy,23,0,0.002941688
particleDestroy,23,1,0.002934969
particleDestroy,23,2,0.002926042
particleDestroy,23,3,0.002930938
particleDestroy,23,4,0.002921082
particleDestroy,23,5,0.002952569
particleDestroy,23,6,0.002935673
particleDestroy,23,7,0.002940153
particleDestroy,23,8,0.002930265
particleDestroy,23,9,0.002964216
ScatterPIFNUFFT,23,0,0.308175426
ScatterPIFNUFFT,23,1,2.4e-05
ScatterPIFNUFFT,23,2,0.316925391
ScatterPIFNUFFT,23,3,1.9391e-05
ScatterPIFNUFFT,23,4,0.165340167
ScatterPIFNUFFT,23,5,2.5695e-05
ScatterPIFNUFFT,23,6,0.209876305
ScatterPIFNUFFT,23,7,9.952e-06
ScatterPIFNUFFT,23,8,0.153808443
ScatterPIFNUFFT,23,9,1.7344e-05
ScatterPIFNUFFT,23,10,0.323992824
ScatterPIFNUFFT,23,11,2.7519e-05
ScatterPIFNUFFT,23,12,0.156547355
ScatterPIFNUFFT,23,13,8.352e-06
ScatterPIFNUFFT,23,14,0.276501845
ScatterPIFNUFFT,23,15,2.0575e-05
ScatterPIFNUFFT,23,16,0.166743287
ScatterPIFNUFFT,23,17,2.4127e-05
ScatterPIFNUFFT,23,18,0.218285898
ScatterPIFNUFFT,23,19,1.2767e-05
NativeNUFFT1,23,0,0.303769117
NativeNUFFT1,23,1,0.312494187
NativeNUFFT1,23,2,0.160996351
NativeNUFFT1,23,3,0.206434666
NativeNUFFT1,23,4,0.149455955
NativeNUFFT1,23,5,0.319628785
NativeNUFFT1,23,6,0.152236626
NativeNUFFT1,23,7,0.272117199
NativeNUFFT1,23,8,0.162315473
NativeNUFFT1,23,9,0.213754986
scatterTimerNUFFT1,23,0,0.165615934
scatterTimerNUFFT1,23,1,0.168769935
scatterTimerNUFFT1,23,2,0.023636389
scatterTimerNUFFT1,23,3,0.070923535
scatterTimerNUFFT1,23,4,0.020064578
scatterTimerNUFFT1,23,5,0.182523694
scatterTimerNUFFT1,23,6,0.021422002
scatterTimerNUFFT1,23,7,0.135070826
scatterTimerNUFFT1,23,8,0.021404019
scatterTimerNUFFT1,23,9,0.07815877
binSort,23,0,0.004027475
binSort,23,1,0.004002548
binSort,23,2,0.004000819
binSort,23,3,0.003993492
binSort,23,4,0.00402786
binSort,23,5,0.003979988
binSort,23,6,0.003972468
binSort,23,7,0.004013011
binSort,23,8,0.004046994
binSort,23,9,0.004014771
binSort,23,10,0.004008276
binSort,23,11,0.003970197
binSort,23,12,0.004029427
binSort,23,13,0.004034963
binSort,23,14,0.003943318
binSort,23,15,0.004036499
binSort,23,16,0.004014195
binSort,23,17,0.004005332
binSort,23,18,0.003973653
binSort,23,19,0.003934711
binSort,23,20,0.004009107
binSort,23,21,0.003962325
binSort,23,22,0.004003124
binSort,23,23,0.004000436
binSort,23,24,0.003984789
binSort,23,25,0.0040189
binSort,23,26,0.003939671
binSort,23,27,0.003976084
binSort,23,28,0.003989268
binSort,23,29,0.004039475
binSort,23,30,0.004018291
binSort,23,31,0.003962933
binSort,23,32,0.003994836
binSort,23,33,0.003974645
binSort,23,34,0.00394399
binSort,23,35,0.00398226
binSort,23,36,0.004020724
binSort,23,37,0.003963733
binSort,23,38,0.003986389
binSort,23,39,0.003984917
binComputeKeys,23,0,0.000383218
binComputeKeys,23,1,0.000382899
binComputeKeys,23,2,0.000374419
binComputeKeys,23,3,0.000380883
binComputeKeys,23,4,0.000380659
binComputeKeys,23,5,0.000386066
binComputeKeys,23,6,0.000370227
binComputeKeys,23,7,0.000376019
binComputeKeys,23,8,0.000383378
binComputeKeys,23,9,0.000374067
binComputeKeys,23,10,0.000383571
binComputeKeys,23,11,0.000382995
binComputeKeys,23,12,0.000387603
binComputeKeys,23,13,0.000382931
binComputeKeys,23,14,0.000377075
binComputeKeys,23,15,0.000375443
binComputeKeys,23,16,0.000379762
binComputeKeys,23,17,0.000381907
binComputeKeys,23,18,0.000399538
binComputeKeys,23,19,0.000372179
binComputeKeys,23,20,0.000375155
binComputeKeys,23,21,0.000377331
binComputeKeys,23,22,0.000389107
binComputeKeys,23,23,0.000373714
binComputeKeys,23,24,0.000377683
binComputeKeys,23,25,0.000379955
binComputeKeys,23,26,0.000374067
binComputeKeys,23,27,0.000388434
binComputeKeys,23,28,0.000381682
binComputeKeys,23,29,0.000376883
binComputeKeys,23,30,0.000370195
binComputeKeys,23,31,0.00038661
binComputeKeys,23,32,0.000380179
binComputeKeys,23,33,0.000374546
binComputeKeys,23,34,0.000370291
binComputeKeys,23,35,0.000377362
binComputeKeys,23,36,0.000382099
binComputeKeys,23,37,0.000379699
binComputeKeys,23,38,0.000382994
binComputeKeys,23,39,0.000388466
binSortByKey,23,0,0.003457992
binSortByKey,23,1,0.00342676
binSortByKey,23,2,0.003437704
binSortByKey,23,3,0.003426376
binSortByKey,23,4,0.003458759
binSortByKey,23,5,0.003412584
binSortByKey,23,6,0.003409608
binSortByKey,23,7,0.003441767
binSortByKey,23,8,0.003472583
binSortByKey,23,9,0.003447399
binSortByKey,23,10,0.003432455
binSortByKey,23,11,0.003404777
binSortByKey,23,12,0.003449095
binSortByKey,23,13,0.003460296
binSortByKey,23,14,0.003387241
binSortByKey,23,15,0.00346711
binSortByKey,23,16,0.003446823
binSortByKey,23,17,0.003437895
binSortByKey,23,18,0.003390825
binSortByKey,23,19,0.00338417
binSortByKey,23,20,0.003442984
binSortByKey,23,21,0.003401705
binSortByKey,23,22,0.0034282
binSortByKey,23,23,0.00342884
binSortByKey,23,24,0.003420168
binSortByKey,23,25,0.00344196
binSortByKey,23,26,0.003386794
binSortByKey,23,27,0.003405609
binSortByKey,23,28,0.003419977
binSortByKey,23,29,0.003470311
binSortByKey,23,30,0.003452359
binSortByKey,23,31,0.003395785
binSortByKey,23,32,0.003426472
binSortByKey,23,33,0.003412393
binSortByKey,23,34,0.00339265
binSortByKey,23,35,0.003418889
binSortByKey,23,36,0.0034402
binSortByKey,23,37,0.003405
binSortByKey,23,38,0.003418953
binSortByKey,23,39,0.003415497
binComputeOffsets,23,0,0.000183738
binComputeOffsets,23,1,0.000189817
binComputeOffsets,23,2,0.000185753
binComputeOffsets,23,3,0.000183769
binComputeOffsets,23,4,0.000186618
binComputeOffsets,23,5,0.000178298
binComputeOffsets,23,6,0.000190329
binComputeOffsets,23,7,0.000192153
binComputeOffsets,23,8,0.000188569
binComputeOffsets,23,9,0.000191162
binComputeOffsets,23,10,0.000190682
binComputeOffsets,23,11,0.000179609
binComputeOffsets,23,12,0.000190489
binComputeOffsets,23,13,0.000188505
binComputeOffsets,23,14,0.000175962
binComputeOffsets,23,15,0.000191322
binComputeOffsets,23,16,0.000183066
binComputeOffsets,23,17,0.000182682
binComputeOffsets,23,18,0.00018009
binComputeOffsets,23,19,0.000176986
binComputeOffsets,23,20,0.000188825
binComputeOffsets,23,21,0.000178426
binComputeOffsets,23,22,0.000183225
binComputeOffsets,23,23,0.000196826
binComputeOffsets,23,24,0.000184506
binComputeOffsets,23,25,0.000192666
binComputeOffsets,23,26,0.000177466
binComputeOffsets,23,27,0.000179897
binComputeOffsets,23,28,0.000183641
binComputeOffsets,23,29,0.000189657
binComputeOffsets,23,30,0.000194649
binComputeOffsets,23,31,0.000177498
binComputeOffsets,23,32,0.000183257
binComputeOffsets,23,33,0.000184474
binComputeOffsets,23,34,0.000179129
binComputeOffsets,23,35,0.000183578
binComputeOffsets,23,36,0.00019481
binComputeOffsets,23,37,0.000177114
binComputeOffsets,23,38,0.000182874
binComputeOffsets,23,39,0.000178618
FFTNUFFT1,23,0,0.137315644
FFTNUFFT1,23,1,0.142882297
FFTNUFFT1,23,2,0.136535383
FFTNUFFT1,23,3,0.134679096
FFTNUFFT1,23,4,0.128553102
FFTNUFFT1,23,5,0.13628032
FFTNUFFT1,23,6,0.129991645
FFTNUFFT1,23,7,0.136201251
FFTNUFFT1,23,8,0.140082523
FFTNUFFT1,23,9,0.134768437
deconvolutionNUFFT1,23,0,0.000835107
deconvolutionNUFFT1,23,1,0.000838627
deconvolutionNUFFT1,23,2,0.000821635
deconvolutionNUFFT1,23,3,0.000828931
deconvolutionNUFFT1,23,4,0.000832547
deconvolutionNUFFT1,23,5,0.000821603
deconvolutionNUFFT1,23,6,0.000820643
deconvolutionNUFFT1,23,7,0.000841026
deconvolutionNUFFT1,23,8,0.000824771
deconvolutionNUFFT1,23,9,0.000824419
GatherPIFNUFFT,23,0,0.460002338
GatherPIFNUFFT,23,1,0.453411592
GatherPIFNUFFT,23,2,0.450805924
GatherPIFNUFFT,23,3,0.45387388
GatherPIFNUFFT,23,4,0.462459244
GatherPIFNUFFT,23,5,0.449151933
GatherPIFNUFFT,23,6,0.46102643
GatherPIFNUFFT,23,7,0.455154796
GatherPIFNUFFT,23,8,0.454247147
GatherPIFNUFFT,23,9,0.455513983
NativeNUFFT2,23,0,0.147551606
NativeNUFFT2,23,1,0.154269098
NativeNUFFT2,23,2,0.155002417
NativeNUFFT2,23,3,0.145053453
NativeNUFFT2,23,4,0.152670403
NativeNUFFT2,23,5,0.154199917
NativeNUFFT2,23,6,0.143542275
NativeNUFFT2,23,7,0.153256749
NativeNUFFT2,23,8,0.150968319
NativeNUFFT2,23,9,0.146300769
NativeNUFFT2,23,10,0.150466831
NativeNUFFT2,23,11,0.153578403
NativeNUFFT2,23,12,0.15314261
NativeNUFFT2,23,13,0.1534386
NativeNUFFT2,23,14,0.153790523
NativeNUFFT2,23,15,0.146991305
NativeNUFFT2,23,16,0.148692877
NativeNUFFT2,23,17,0.152037273
NativeNUFFT2,23,18,0.150591852
NativeNUFFT2,23,19,0.15553859
NativeNUFFT2,23,20,0.152848668
NativeNUFFT2,23,21,0.141107063
NativeNUFFT2,23,22,0.151320049
NativeNUFFT2,23,23,0.159770282
NativeNUFFT2,23,24,0.144711672
NativeNUFFT2,23,25,0.15572732
NativeNUFFT2,23,26,0.149469907
NativeNUFFT2,23,27,0.146537753
NativeNUFFT2,23,28,0.153303051
NativeNUFFT2,23,29,0.153262478
PrecorrectionNUFFT2,23,0,0.001578024
PrecorrectionNUFFT2,23,1,0.002519688
PrecorrectionNUFFT2,23,2,0.002520264
PrecorrectionNUFFT2,23,3,0.001551594
PrecorrectionNUFFT2,23,4,0.002511752
PrecorrectionNUFFT2,23,5,0.002513704
PrecorrectionNUFFT2,23,6,0.001557257
PrecorrectionNUFFT2,23,7,0.002519752
PrecorrectionNUFFT2,23,8,0.002500425
PrecorrectionNUFFT2,23,9,0.001553993
PrecorrectionNUFFT2,23,10,0.002525608
PrecorrectionNUFFT2,23,11,0.002484105
PrecorrectionNUFFT2,23,12,0.001573737
PrecorrectionNUFFT2,23,13,0.002493737
PrecorrectionNUFFT2,23,14,0.002500104
PrecorrectionNUFFT2,23,15,0.001559785
PrecorrectionNUFFT2,23,16,0.002487209
PrecorrectionNUFFT2,23,17,0.002514216
PrecorrectionNUFFT2,23,18,0.001568842
PrecorrectionNUFFT2,23,19,0.002511464
PrecorrectionNUFFT2,23,20,0.002491401
PrecorrectionNUFFT2,23,21,0.001579816
PrecorrectionNUFFT2,23,22,0.002534727
PrecorrectionNUFFT2,23,23,0.00249908
PrecorrectionNUFFT2,23,24,0.001565545
PrecorrectionNUFFT2,23,25,0.002507112
PrecorrectionNUFFT2,23,26,0.002485609
PrecorrectionNUFFT2,23,27,0.001570505
PrecorrectionNUFFT2,23,28,0.002502312
PrecorrectionNUFFT2,23,29,0.002490409
FFTNUFFT2,23,0,0.131525735
FFTNUFFT2,23,1,0.137685775
FFTNUFFT2,23,2,0.138914339
FFTNUFFT2,23,3,0.127923268
FFTNUFFT2,23,4,0.132803258
FFTNUFFT2,23,5,0.137147457
FFTNUFFT2,23,6,0.122876662
FFTNUFFT2,23,7,0.135389823
FFTNUFFT2,23,8,0.135296322
FFTNUFFT2,23,9,0.129110235
FFTNUFFT2,23,10,0.134766484
FFTNUFFT2,23,11,0.130769825
FFTNUFFT2,23,12,0.137851368
FFTNUFFT2,23,13,0.137128226
FFTNUFFT2,23,14,0.126188353
FFTNUFFT2,23,15,0.131886266
FFTNUFFT2,23,16,0.132725852
FFTNUFFT2,23,17,0.131380779
FFTNUFFT2,23,18,0.134582043
FFTNUFFT2,23,19,0.139862179
FFTNUFFT2,23,20,0.137167201
FFTNUFFT2,23,21,0.125544792
FFTNUFFT2,23,22,0.133548351
FFTNUFFT2,23,23,0.14394402
FFTNUFFT2,23,24,0.126162049
FFTNUFFT2,23,25,0.135001261
FFTNUFFT2,23,26,0.133328039
FFTNUFFT2,23,27,0.128952864
FFTNUFFT2,23,28,0.135112296
FFTNUFFT2,23,29,0.135313442
GatherNUFFT2,23,0,0.008440474
GatherNUFFT2,23,1,0.00805639
GatherNUFFT2,23,2,0.007555448
GatherNUFFT2,23,3,0.009574865
GatherNUFFT2,23,4,0.011356531
GatherNUFFT2,23,5,0.008534454
GatherNUFFT2,23,6,0.013114805
GatherNUFFT2,23,7,0.009342936
GatherNUFFT2,23,8,0.00718346
GatherNUFFT2,23,9,0.009599473
GatherNUFFT2,23,10,0.007176517
GatherNUFFT2,23,11,0.01430046
GatherNUFFT2,23,12,0.007705778
GatherNUFFT2,23,13,0.0078012
GatherNUFFT2,23,14,0.019086756
GatherNUFFT2,23,15,0.007557304
GatherNUFFT2,23,16,0.007470043
GatherNUFFT2,23,17,0.012154775
GatherNUFFT2,23,18,0.008445945
GatherNUFFT2,23,19,0.00714007
GatherNUFFT2,23,20,0.007199108
GatherNUFFT2,23,21,0.00794929
GatherNUFFT2,23,22,0.009213278
GatherNUFFT2,23,23,0.007324192
GatherNUFFT2,23,24,0.010966657
GatherNUFFT2,23,25,0.012197493
GatherNUFFT2,23,26,0.007626614
GatherNUFFT2,23,27,0.009984322
GatherNUFFT2,23,28,0.009632143
GatherNUFFT2,23,29,0.009421046
mainTimer,24,0,7.524175014
dumpData,24,0,0.01024193
dumpData,24,1,0.009015315
dumpData,24,2,0.008817945
dumpData,24,3,0.009138095
dumpData,24,4,0.009645245
dumpData,24,5,0.008863159
dumpData,24,6,0.007730461
dumpData,24,7,0.007729373
dumpData,24,8,0.00706562
dumpData,24,9,0.007581282
kick,24,0,3.7759e-05
kick,24,1,8.608e-06
kick,24,2,3.8591e-05
kick,24,3,9.343e-06
kick,24,4,3.4495e-05
kick,24,5,8.864e-06
kick,24,6,3.6575e-05
kick,24,7,7.648e-06
kick,24,8,3.6351e-05
kick,24,9,8.704e-06
kick,24,10,3.2319e-05
kick,24,11,8.544e-06
kick,24,12,3.0975e-05
kick,24,13,1.5551e-05
kick,24,14,3.5839e-05
kick,24,15,7.136e-06
kick,24,16,3.1487e-05
kick,24,17,8.192e-06
kick,24,18,4.1566e-05
kick,24,19,1.0112e-05
drift,24,0,7.808e-06
drift,24,1,7.52e-06
drift,24,2,8.096e-06
drift,24,3,6.88e-06
drift,24,4,8.767e-06
drift,24,5,9.055e-06
drift,24,6,7.936e-06
drift,24,7,8.544e-06
drift,24,8,8.416e-06
drift,24,9,8.896e-06
particleBC,24,0,1.7375e-05
particleBC,24,1,1.1231e-05
particleBC,24,2,1.3952e-05
particleBC,24,3,1.3343e-05
particleBC,24,4,1.4048e-05
particleBC,24,5,1.0784e-05
particleBC,24,6,1.1936e-05
particleBC,24,7,1.4239e-05
particleBC,24,8,1.168e-05
particleBC,24,9,1.1616e-05
updateParticle,24,0,0.127423961
updateParticle,24,1,0.063960836
updateParticle,24,2,0.009726714
updateParticle,24,3,0.064747274
updateParticle,24,4,0.04783664
updateParticle,24,5,0.101777106
updateParticle,24,6,0.063845415
updateParticle,24,7,0.063797962
updateParticle,24,8,0.009830231
updateParticle,24,9,0.009707226
locateParticles,24,0,0.003688901
locateParticles,24,1,0.003673669
locateParticles,24,2,0.003683333
locateParticles,24,3,0.003673061
locateParticles,24,4,0.00365255
locateParticles,24,5,0.003684005
locateParticles,24,6,0.00368282
locateParticles,24,7,0.003680358
locateParticles,24,8,0.003680292
locateParticles,24,9,0.003672069
sendPreprocess,24,0,0.000633323
sendPreprocess,24,1,0.000693577
sendPreprocess,24,2,0.000695593
sendPreprocess,24,3,0.000705768
sendPreprocess,24,4,0.000734343
sendPreprocess,24,5,0.000686697
sendPreprocess,24,6,0.000692681
sendPreprocess,24,7,0.000696296
sendPreprocess,24,8,0.000747175
sendPreprocess,24,9,0.000682409
particleSend,24,0,0.001099035
particleSend,24,1,0.000991135
particleSend,24,2,0.001112699
particleSend,24,3,0.001152538
particleSend,24,4,0.000997823
particleSend,24,5,0.001013822
particleSend,24,6,0.001488238
particleSend,24,7,0.001130459
particleSend,24,8,0.001012094
particleSend,24,9,0.000997854
particleRecv,24,0,3.0975e-05
particleRecv,24,1,4.1919e-05
particleRecv,24,2,3.6095e-05
particleRecv,24,3,3.2575e-05
particleRecv,24,4,3.9295e-05
particleRecv,24,5,4.6494e-05
particleRecv,24,6,3.9135e-05
particleRecv,24,7,3.6382e-05
particleRecv,24,8,3.9711e-05
particleRecv,24,9,3.8271e-05
particleDestroy,24,0,0.002776739
particleDestroy,24,1,0.002792898
particleDestroy,24,2,0.002763395
particleDestroy,24,3,0.002765219
particleDestroy,24,4,0.002811074
particleDestroy,24,5,0.00279485
particleDestroy,24,6,0.002780547
particleDestroy,24,7,0.002790627
particleDestroy,24,8,0.002814178
particleDestroy,24,9,0.002785443
ScatterPIFNUFFT,24,0,0.242479758
ScatterPIFNUFFT,24,1,2.1855e-05
ScatterPIFNUFFT,24,2,0.258761485
ScatterPIFNUFFT,24,3,3.5774e-05
ScatterPIFNUFFT,24,4,0.265248756
ScatterPIFNUFFT,24,5,1.7696e-05
ScatterPIFNUFFT,24,6,0.212619541
ScatterPIFNUFFT,24,7,1.4912e-05
ScatterPIFNUFFT,24,8,0.224797341
ScatterPIFNUFFT,24,9,2.2143e-05
ScatterPIFNUFFT,24,10,0.227641759
ScatterPIFNUFFT,24,11,1.7663e-05
ScatterPIFNUFFT,24,12,0.15743198
ScatterPIFNUFFT,24,13,2.1632e-05
ScatterPIFNUFFT,24,14,0.218898819
ScatterPIFNUFFT,24,15,1.6128e-05
ScatterPIFNUFFT,24,16,0.219512718
ScatterPIFNUFFT,24,17,1.6896e-05
ScatterPIFNUFFT,24,18,0.216592145
ScatterPIFNUFFT,24,19,1.3184e-05
NativeNUFFT1,24,0,0.238190749
NativeNUFFT1,24,1,0.254288963
NativeNUFFT1,24,2,0.260686381
NativeNUFFT1,24,3,0.209220648
NativeNUFFT1,24,4,0.220276725
NativeNUFFT1,24,5,0.223236434
NativeNUFFT1,24,6,0.153033503
NativeNUFFT1,24,7,0.214474679
NativeNUFFT1,24,8,0.215075011
NativeNUFFT1,24,9,0.212122566
scatterTimerNUFFT1,24,0,0.101835824
scatterTimerNUFFT1,24,1,0.114026264
scatterTimerNUFFT1,24,2,0.132438064
scatterTimerNUFFT1,24,3,0.074470117
scatterTimerNUFFT1,24,4,0.089268278
scatterTimerNUFFT1,24,5,0.090670886
scatterTimerNUFFT1,24,6,0.020532721
scatterTimerNUFFT1,24,7,0.081834093
scatterTimerNUFFT1,24,8,0.075027442
scatterTimerNUFFT1,24,9,0.077425794
binSort,24,0,0.004123574
binSort,24,1,0.004000603
binSort,24,2,0.004036696
binSort,24,3,0.00399961
binSort,24,4,0.004083255
binSort,24,5,0.004030297
binSort,24,6,0.004065528
binSort,24,7,0.00400185
binSort,24,8,0.004083575
binSort,24,9,0.004001626
binSort,24,10,0.003999514
binSort,24,11,0.004039609
binSort,24,12,0.004084983
binSort,24,13,0.003988731
binSort,24,14,0.003959708
binSort,24,15,0.003978235
binSort,24,16,0.004099702
binSort,24,17,0.00406636
binSort,24,18,0.004021689
binSort,24,19,0.00401161
binSort,24,20,0.004107607
binSort,24,21,0.004023802
binSort,24,22,0.003974683
binSort,24,23,0.003996794
binSort,24,24,0.004112502
binSort,24,25,0.004030297
binSort,24,26,0.004020185
binSort,24,27,0.004004058
binSort,24,28,0.004135862
binSort,24,29,0.004039321
binSort,24,30,0.003988539
binSort,24,31,0.004026522
binSort,24,32,0.004123126
binSort,24,33,0.003968923
binSort,24,34,0.004056857
binSort,24,35,0.003995162
binSort,24,36,0.004114038
binSort,24,37,0.004062616
binSort,24,38,0.004077464
binSort,24,39,0.004033817
binComputeKeys,24,0,0.000399827
binComputeKeys,24,1,0.000385651
binComputeKeys,24,2,0.000385555
binComputeKeys,24,3,0.000382739
binComputeKeys,24,4,0.000391059
binComputeKeys,24,5,0.000390131
binComputeKeys,24,6,0.000378388
binComputeKeys,24,7,0.000377363
binComputeKeys,24,8,0.000390419
binComputeKeys,24,9,0.000390067
binComputeKeys,24,10,0.000386163
binComputeKeys,24,11,0.000391858
binComputeKeys,24,12,0.000386387
binComputeKeys,24,13,0.000384051
binComputeKeys,24,14,0.00037554
binComputeKeys,24,15,0.000384243
binComputeKeys,24,16,0.00039621
binComputeKeys,24,17,0.000388147
binComputeKeys,24,18,0.000384019
binComputeKeys,24,19,0.000384627
binComputeKeys,24,20,0.000387795
binComputeKeys,24,21,0.000399827
binComputeKeys,24,22,0.000386419
binComputeKeys,24,23,0.000389747
binComputeKeys,24,24,0.000386355
binComputeKeys,24,25,0.000380596
binComputeKeys,24,26,0.000378131
binComputeKeys,24,27,0.000389843
binComputeKeys,24,28,0.000397043
binComputeKeys,24,29,0.000376787
binComputeKeys,24,30,0.000386772
binComputeKeys,24,31,0.000381235
binComputeKeys,24,32,0.000393427
binComputeKeys,24,33,0.000375571
binComputeKeys,24,34,0.000394963
binComputeKeys,24,35,0.000385139
binComputeKeys,24,36,0.000404211
binComputeKeys,24,37,0.00038018
binComputeKeys,24,38,0.000396755
binComputeKeys,24,39,0.000392371
binSortByKey,24,0,0.003515658
binSortByKey,24,1,0.003427982
binSortByKey,24,2,0.003448812
binSortByKey,24,3,0.003427438
binSortByKey,24,4,0.003486699
binSortByKey,24,5,0.003448428
binSortByKey,24,6,0.003481643
binSortByKey,24,7,0.003431661
binSortByKey,24,8,0.003492139
binSortByKey,24,9,0.003422253
binSortByKey,24,10,0.003424749
binSortByKey,24,11,0.003454349
binSortByKey,24,12,0.003487211
binSortByKey,24,13,0.003419278
binSortByKey,24,14,0.003399918
binSortByKey,24,15,0.003410254
binSortByKey,24,16,0.003493835
binSortByKey,24,17,0.003481868
binSortByKey,24,18,0.003444397
binSortByKey,24,19,0.003434605
binSortByKey,24,20,0.003509067
binSortByKey,24,21,0.003438893
binSortByKey,24,22,0.003402734
binSortByKey,24,23,0.003422893
binSortByKey,24,24,0.003518026
binSortByKey,24,25,0.003449388
binSortByKey,24,26,0.003442253
binSortByKey,24,27,0.003427213
binSortByKey,24,28,0.003535658
binSortByKey,24,29,0.003460908
binSortByKey,24,30,0.003416845
binSortByKey,24,31,0.003446285
binSortByKey,24,32,0.00352577
binSortByKey,24,33,0.003409646
binSortByKey,24,34,0.003469932
binSortByKey,24,35,0.003426765
binSortByKey,24,36,0.003509803
binSortByKey,24,37,0.003470091
binSortByKey,24,38,0.003479851
binSortByKey,24,39,0.003439341
binComputeOffsets,24,0,0.000204313
binComputeOffsets,24,1,0.000184474
binComputeOffsets,24,2,0.000198937
binComputeOffsets,24,3,0.000187129
binComputeOffsets,24,4,0.000200953
binComputeOffsets,24,5,0.000187034
binComputeOffsets,24,6,0.000203289
binComputeOffsets,24,7,0.000189146
binComputeOffsets,24,8,0.000196954
binComputeOffsets,24,9,0.000186522
binComputeOffsets,24,10,0.000184666
binComputeOffsets,24,11,0.000189882
binComputeOffsets,24,12,0.000207353
binComputeOffsets,24,13,0.000181882
binComputeOffsets,24,14,0.000181946
binComputeOffsets,24,15,0.000181498
binComputeOffsets,24,16,0.000204953
binComputeOffsets,24,17,0.000193177
binComputeOffsets,24,18,0.000188025
binComputeOffsets,24,19,0.000190266
binComputeOffsets,24,20,0.000205113
binComputeOffsets,24,21,0.000183098
binComputeOffsets,24,22,0.000182682
binComputeOffsets,24,23,0.000181562
binComputeOffsets,24,24,0.000203129
binComputeOffsets,24,25,0.000196953
binComputeOffsets,24,26,0.000196569
binComputeOffsets,24,27,0.000184794
binComputeOffsets,24,28,0.00019801
binComputeOffsets,24,29,0.000197882
binComputeOffsets,24,30,0.000182778
binComputeOffsets,24,31,0.00019593
binComputeOffsets,24,32,0.000198138
binComputeOffsets,24,33,0.000182202
binComputeOffsets,24,34,0.000189626
binComputeOffsets,24,35,0.000179962
binComputeOffsets,24,36,0.000196569
binComputeOffsets,24,37,0.000208793
binComputeOffsets,24,38,0.000196858
binComputeOffsets,24,39,0.000198521
FFTNUFFT1,24,0,0.135522249
FFTNUFFT1,24,1,0.139422471
FFTNUFFT1,24,2,0.127407705
FFTNUFFT1,24,3,0.134081785
FFTNUFFT1,24,4,0.130334998
FFTNUFFT1,24,5,0.131729448
FFTNUFFT1,24,6,0.131682857
FFTNUFFT1,24,7,0.1319904
FFTNUFFT1,24,8,0.139208398
FFTNUFFT1,24,9,0.133863968
deconvolutionNUFFT1,24,0,0.000828068
deconvolutionNUFFT1,24,1,0.000835716
deconvolutionNUFFT1,24,2,0.000837412
deconvolutionNUFFT1,24,3,0.000664266
deconvolutionNUFFT1,24,4,0.000668746
deconvolutionNUFFT1,24,5,0.00083178
deconvolutionNUFFT1,24,6,0.000812101
deconvolutionNUFFT1,24,7,0.000645611
deconvolutionNUFFT1,24,8,0.000833604
deconvolutionNUFFT1,24,9,0.0008265
GatherPIFNUFFT,24,0,0.461395441
GatherPIFNUFFT,24,1,0.456295164
GatherPIFNUFFT,24,2,0.461443983
GatherPIFNUFFT,24,3,0.455590195
GatherPIFNUFFT,24,4,0.461817891
GatherPIFNUFFT,24,5,0.453972522
GatherPIFNUFFT,24,6,0.460822212
GatherPIFNUFFT,24,7,0.459050368
GatherPIFNUFFT,24,8,0.456559794
GatherPIFNUFFT,24,9,0.461681575
NativeNUFFT2,24,0,0.150776171
NativeNUFFT2,24,1,0.153633611
NativeNUFFT2,24,2,0.15376343
NativeNUFFT2,24,3,0.147589462
NativeNUFFT2,24,4,0.152406356
NativeNUFFT2,24,5,0.152632141
NativeNUFFT2,24,6,0.156512683
NativeNUFFT2,24,7,0.152276697
NativeNUFFT2,24,8,0.151093601
NativeNUFFT2,24,9,0.148296765
NativeNUFFT2,24,10,0.153094652
NativeNUFFT2,24,11,0.152658156
NativeNUFFT2,24,12,0.151430325
NativeNUFFT2,24,13,0.153450738
NativeNUFFT2,24,14,0.153857956
NativeNUFFT2,24,15,0.149831563
NativeNUFFT2,24,16,0.148784654
NativeNUFFT2,24,17,0.153098013
NativeNUFFT2,24,18,0.15156696
NativeNUFFT2,24,19,0.154016478
NativeNUFFT2,24,20,0.153681033
NativeNUFFT2,24,21,0.147786223
NativeNUFFT2,24,22,0.151926852
NativeNUFFT2,24,23,0.157687396
NativeNUFFT2,24,24,0.147496505
NativeNUFFT2,24,25,0.157813024
NativeNUFFT2,24,26,0.1496524
NativeNUFFT2,24,27,0.152538352
NativeNUFFT2,24,28,0.152913635
NativeNUFFT2,24,29,0.154603434
PrecorrectionNUFFT2,24,0,0.001586794
PrecorrectionNUFFT2,24,1,0.002537067
PrecorrectionNUFFT2,24,2,0.002524012
PrecorrectionNUFFT2,24,3,0.001579627
PrecorrectionNUFFT2,24,4,0.002529932
PrecorrectionNUFFT2,24,5,0.002544235
PrecorrectionNUFFT2,24,6,0.001588459
PrecorrectionNUFFT2,24,7,0.002548811
PrecorrectionNUFFT2,24,8,0.002542123
PrecorrectionNUFFT2,24,9,0.001576299
PrecorrectionNUFFT2,24,10,0.002540395
PrecorrectionNUFFT2,24,11,0.002536555
PrecorrectionNUFFT2,24,12,0.001593771
PrecorrectionNUFFT2,24,13,0.002531468
PrecorrectionNUFFT2,24,14,0.002528684
PrecorrectionNUFFT2,24,15,0.001571435
PrecorrectionNUFFT2,24,16,0.002541291
PrecorrectionNUFFT2,24,17,0.00252734
PrecorrectionNUFFT2,24,18,0.001568939
PrecorrectionNUFFT2,24,19,0.002545419
PrecorrectionNUFFT2,24,20,0.002539691
PrecorrectionNUFFT2,24,21,0.001579595
PrecorrectionNUFFT2,24,22,0.002529387
PrecorrectionNUFFT2,24,23,0.002537323
PrecorrectionNUFFT2,24,24,0.001573867
PrecorrectionNUFFT2,24,25,0.002527372
PrecorrectionNUFFT2,24,26,0.002542155
PrecorrectionNUFFT2,24,27,0.001580011
PrecorrectionNUFFT2,24,28,0.002531627
PrecorrectionNUFFT2,24,29,0.002528235
FFTNUFFT2,24,0,0.130858245
FFTNUFFT2,24,1,0.128695341
FFTNUFFT2,24,2,0.127707759
FFTNUFFT2,24,3,0.12420666
FFTNUFFT2,24,4,0.133761412
FFTNUFFT2,24,5,0.134743812
FFTNUFFT2,24,6,0.132008639
FFTNUFFT2,24,7,0.136794143
FFTNUFFT2,24,8,0.132319924
FFTNUFFT2,24,9,0.13321599
FFTNUFFT2,24,10,0.135723043
FFTNUFFT2,24,11,0.131184923
FFTNUFFT2,24,12,0.135759393
FFTNUFFT2,24,13,0.137525926
FFTNUFFT2,24,14,0.131112732
FFTNUFFT2,24,15,0.133489838
FFTNUFFT2,24,16,0.132226551
FFTNUFFT2,24,17,0.136346158
FFTNUFFT2,24,18,0.136318063
FFTNUFFT2,24,19,0.135939675
FFTNUFFT2,24,20,0.127596179
FFTNUFFT2,24,21,0.129736812
FFTNUFFT2,24,22,0.135757345
FFTNUFFT2,24,23,0.137638466
FFTNUFFT2,24,24,0.129107776
FFTNUFFT2,24,25,0.139812441
FFTNUFFT2,24,26,0.133715781
FFTNUFFT2,24,27,0.133280852
FFTNUFFT2,24,28,0.133982173
FFTNUFFT2,24,29,0.138165872
GatherNUFFT2,24,0,0.01228535
GatherNUFFT2,24,1,0.016330621
GatherNUFFT2,24,2,0.017494358
GatherNUFFT2,24,3,0.015763505
GatherNUFFT2,24,4,0.010064271
GatherNUFFT2,24,5,0.009501665
GatherNUFFT2,24,6,0.016886251
GatherNUFFT2,24,7,0.007060852
GatherNUFFT2,24,8,0.010203083
GatherNUFFT2,24,9,0.007452038
GatherNUFFT2,24,10,0.008785018
GatherNUFFT2,24,11,0.012877938
GatherNUFFT2,24,12,0.008005972
GatherNUFFT2,24,13,0.007542117
GatherNUFFT2,24,14,0.014174277
GatherNUFFT2,24,15,0.008704028
GatherNUFFT2,24,16,0.007958006
GatherNUFFT2,24,17,0.008190797
GatherNUFFT2,24,18,0.007778363
GatherNUFFT2,24,19,0.009477507
GatherNUFFT2,24,20,0.017476664
GatherNUFFT2,24,21,0.01059251
GatherNUFFT2,24,22,0.007584483
GatherNUFFT2,24,23,0.011463201
GatherNUFFT2,24,24,0.010757849
GatherNUFFT2,24,25,0.00941223
GatherNUFFT2,24,26,0.007508517
GatherNUFFT2,24,27,0.011806805
GatherNUFFT2,24,28,0.010320582
GatherNUFFT2,24,29,0.007843705
mainTimer,25,0,7.524175398
dumpData,25,0,0.009546049
dumpData,25,1,0.006967799
dumpData,25,2,0.006671329
dumpData,25,3,0.007900535
dumpData,25,4,0.007639137
dumpData,25,5,0.00711701
dumpData,25,6,0.00663629
dumpData,25,7,0.00834132
dumpData,25,8,0.00752538
dumpData,25,9,0.007016981
kick,25,0,3.6223e-05
kick,25,1,1.1072e-05
kick,25,2,3.5103e-05
kick,25,3,1.0048e-05
kick,25,4,3.3375e-05
kick,25,5,1.6959e-05
kick,25,6,3.5455e-05
kick,25,7,9.44e-06
kick,25,8,3.5583e-05
kick,25,9,1.2511e-05
kick,25,10,3.3695e-05
kick,25,11,1.2639e-05
kick,25,12,3.1455e-05
kick,25,13,1.2511e-05
kick,25,14,3.5231e-05
kick,25,15,8.544e-06
kick,25,16,3.1423e-05
kick,25,17,9.984e-06
kick,25,18,4.035e-05
kick,25,19,1.008e-05
drift,25,0,7.264e-06
drift,25,1,8.48e-06
drift,25,2,8.32e-06
drift,25,3,8.704e-06
drift,25,4,7.103e-06
drift,25,5,1.0015e-05
drift,25,6,6.56e-06
drift,25,7,9.92e-06
drift,25,8,7.808e-06
drift,25,9,9.024e-06
particleBC,25,0,1.5839e-05
particleBC,25,1,1.5327e-05
particleBC,25,2,1.3728e-05
particleBC,25,3,1.1935e-05
particleBC,25,4,1.3856e-05
particleBC,25,5,1.0144e-05
particleBC,25,6,1.3792e-05
particleBC,25,7,1.3183e-05
particleBC,25,8,1.216e-05
particleBC,25,9,1.312e-05
updateParticle,25,0,0.127358395
updateParticle,25,1,0.063926629
updateParticle,25,2,0.009740666
updateParticle,25,3,0.064736554
updateParticle,25,4,0.04783232
updateParticle,25,5,0.101710932
updateParticle,25,6,0.063892038
updateParticle,25,7,0.063793642
updateParticle,25,8,0.009811128
updateParticle,25,9,0.009704794
locateParticles,25,0,0.003907006
locateParticles,25,1,0.003893982
locateParticles,25,2,0.003918429
locateParticles,25,3,0.003915965
locateParticles,25,4,0.00389763
locateParticles,25,5,0.003901821
locateParticles,25,6,0.00392566
locateParticles,25,7,0.003892991
locateParticles,25,8,0.003904605
locateParticles,25,9,0.003894013
sendPreprocess,25,0,0.00042069
sendPreprocess,25,1,0.00047512
sendPreprocess,25,2,0.000465264
sendPreprocess,25,3,0.000466768
sendPreprocess,25,4,0.000493103
sendPreprocess,25,5,0.000470545
sendPreprocess,25,6,0.000452465
sendPreprocess,25,7,0.000484944
sendPreprocess,25,8,0.000525998
sendPreprocess,25,9,0.000461585
particleSend,25,0,0.001058236
particleSend,25,1,0.001010462
particleSend,25,2,0.001086908
particleSend,25,3,0.001029918
particleSend,25,4,0.001036862
particleSend,25,5,0.00111961
particleSend,25,6,0.001079324
particleSend,25,7,0.001103739
particleSend,25,8,0.00107542
particleSend,25,9,0.001010878
particleRecv,25,0,3.5423e-05
particleRecv,25,1,4.0318e-05
particleRecv,25,2,3.5806e-05
particleRecv,25,3,4.6206e-05
particleRecv,25,4,3.6734e-05
particleRecv,25,5,4.2175e-05
particleRecv,25,6,4.3102e-05
particleRecv,25,7,3.7087e-05
particleRecv,25,8,3.8111e-05
particleRecv,25,9,3.5199e-05
particleDestroy,25,0,0.002994876
particleDestroy,25,1,0.003008092
particleDestroy,25,2,0.002987964
particleDestroy,25,3,0.00301686
particleDestroy,25,4,0.003023707
particleDestroy,25,5,0.002972668
particleDestroy,25,6,0.003030267
particleDestroy,25,7,0.002992796
particleDestroy,25,8,0.002999676
particleDestroy,25,9,0.002986139
ScatterPIFNUFFT,25,0,0.243586281
ScatterPIFNUFFT,25,1,3.5006e-05
ScatterPIFNUFFT,25,2,0.258957191
ScatterPIFNUFFT,25,3,3.8847e-05
ScatterPIFNUFFT,25,4,0.262333813
ScatterPIFNUFFT,25,5,8.608e-06
ScatterPIFNUFFT,25,6,0.215345243
ScatterPIFNUFFT,25,7,2.1856e-05
ScatterPIFNUFFT,25,8,0.224716128
ScatterPIFNUFFT,25,9,3.0591e-05
ScatterPIFNUFFT,25,10,0.229750232
ScatterPIFNUFFT,25,11,4.0479e-05
ScatterPIFNUFFT,25,12,0.154504589
ScatterPIFNUFFT,25,13,3.2607e-05
ScatterPIFNUFFT,25,14,0.220624553
ScatterPIFNUFFT,25,15,3.0527e-05
ScatterPIFNUFFT,25,16,0.207558303
ScatterPIFNUFFT,25,17,1.5744e-05
ScatterPIFNUFFT,25,18,0.218833158
ScatterPIFNUFFT,25,19,3.3439e-05
NativeNUFFT1,25,0,0.239032897
NativeNUFFT1,25,1,0.254485756
NativeNUFFT1,25,2,0.25801975
NativeNUFFT1,25,3,0.210846929
NativeNUFFT1,25,4,0.221340178
NativeNUFFT1,25,5,0.225328268
NativeNUFFT1,25,6,0.150097569
NativeNUFFT1,25,7,0.216219644
NativeNUFFT1,25,8,0.203135955
NativeNUFFT1,25,9,0.214392027
scatterTimerNUFFT1,25,0,0.101452573
scatterTimerNUFFT1,25,1,0.113757505
scatterTimerNUFFT1,25,2,0.131917089
scatterTimerNUFFT1,25,3,0.073784284
scatterTimerNUFFT1,25,4,0.09068887
scatterTimerNUFFT1,25,5,0.090859936
scatterTimerNUFFT1,25,6,0.020833319
scatterTimerNUFFT1,25,7,0.08230035
scatterTimerNUFFT1,25,8,0.075349895
scatterTimerNUFFT1,25,9,0.077998863
binSort,25,0,0.004277425
binSort,25,1,0.004247954
binSort,25,2,0.004248818
binSort,25,3,0.004190739
binSort,25,4,0.004275729
binSort,25,5,0.004224338
binSort,25,6,0.004273137
binSort,25,7,0.004245041
binSort,25,8,0.004361774
binSort,25,9,0.004270961
binSort,25,10,0.004289264
binSort,25,11,0.00424053
binSort,25,12,0.004386669
binSort,25,13,0.004241298
binSort,25,14,0.004209748
binSort,25,15,0.004226387
binSort,25,16,0.004331343
binSort,25,17,0.004198451
binSort,25,18,0.004201876
binSort,25,19,0.004242578
binSort,25,20,0.004314
binSort,25,21,0.004335663
binSort,25,22,0.004224691
binSort,25,23,0.004272849
binSort,25,24,0.004274193
binSort,25,25,0.004227635
binSort,25,26,0.004235922
binSort,25,27,0.00424805
binSort,25,28,0.004316432
binSort,25,29,0.004306032
binSort,25,30,0.004247123
binSort,25,31,0.004245235
binSort,25,32,0.004278352
binSort,25,33,0.004189684
binSort,25,34,0.004284913
binSort,25,35,0.004197108
binSort,25,36,0.00429512
binSort,25,37,0.004299121
binSort,25,38,0.004274321
binSort,25,39,0.004195507
binComputeKeys,25,0,0.000416083
binComputeKeys,25,1,0.000395475
binComputeKeys,25,2,0.000396371
binComputeKeys,25,3,0.000399058
binComputeKeys,25,4,0.000412146
binComputeKeys,25,5,0.000407698
binComputeKeys,25,6,0.000412819
binComputeKeys,25,7,0.000408914
binComputeKeys,25,8,0.000415346
binComputeKeys,25,9,0.000400211
binComputeKeys,25,10,0.000400786
binComputeKeys,25,11,0.000421938
binComputeKeys,25,12,0.000406834
binComputeKeys,25,13,0.000398195
binComputeKeys,25,14,0.000415506
binComputeKeys,25,15,0.000393235
binComputeKeys,25,16,0.000399251
binComputeKeys,25,17,0.000397363
binComputeKeys,25,18,0.000409746
binComputeKeys,25,19,0.000405779
binComputeKeys,25,20,0.000414674
binComputeKeys,25,21,0.000411379
binComputeKeys,25,22,0.000407859
binComputeKeys,25,23,0.000417234
binComputeKeys,25,24,0.000415858
binComputeKeys,25,25,0.000413171
binComputeKeys,25,26,0.000420817
binComputeKeys,25,27,0.000397234
binComputeKeys,25,28,0.000417362
binComputeKeys,25,29,0.000405459
binComputeKeys,25,30,0.000407283
binComputeKeys,25,31,0.000433682
binComputeKeys,25,32,0.000409618
binComputeKeys,25,33,0.000406835
binComputeKeys,25,34,0.000409714
binComputeKeys,25,35,0.000398003
binComputeKeys,25,36,0.000421554
binComputeKeys,25,37,0.00042741
binComputeKeys,25,38,0.000434065
binComputeKeys,25,39,0.000397106
binSortByKey,25,0,0.003649285
binSortByKey,25,1,0.003637159
binSortByKey,25,2,0.003642118
binSortByKey,25,3,0.003603144
binSortByKey,25,4,0.00365159
binSortByKey,25,5,0.003613735
binSortByKey,25,6,0.003651077
binSortByKey,25,7,0.003614887
binSortByKey,25,8,0.003734403
binSortByKey,25,9,0.003665029
binSortByKey,25,10,0.003681669
binSortByKey,25,11,0.003622215
binSortByKey,25,12,0.003751555
binSortByKey,25,13,0.003635815
binSortByKey,25,14,0.003601416
binSortByKey,25,15,0.003622663
binSortByKey,25,16,0.003714947
binSortByKey,25,17,0.003609223
binSortByKey,25,18,0.003601096
binSortByKey,25,19,0.003636774
binSortByKey,25,20,0.003663654
binSortByKey,25,21,0.003702372
binSortByKey,25,22,0.003620518
binSortByKey,25,23,0.003647686
binSortByKey,25,24,0.003645926
binSortByKey,25,25,0.00362087
binSortByKey,25,26,0.003620007
binSortByKey,25,27,0.003635911
binSortByKey,25,28,0.003692933
binSortByKey,25,29,0.003687876
binSortByKey,25,30,0.003638246
binSortByKey,25,31,0.003618823
binSortByKey,25,32,0.003659365
binSortByKey,25,33,0.003591591
binSortByKey,25,34,0.003658342
binSortByKey,25,35,0.003599847
binSortByKey,25,36,0.003667621
binSortByKey,25,37,0.003674885
binSortByKey,25,38,0.003634087
binSortByKey,25,39,0.003604456
binComputeOffsets,25,0,0.000209305
binComputeOffsets,25,1,0.000212505
binComputeOffsets,25,2,0.000206585
binComputeOffsets,25,3,0.000187034
binComputeOffsets,25,4,0.000209337
binComputeOffsets,25,5,0.000200153
binComputeOffsets,25,6,0.000206201
binComputeOffsets,25,7,0.00021948
binComputeOffsets,25,8,0.000207897
binComputeOffsets,25,9,0.000201849
binComputeOffsets,25,10,0.000203737
binComputeOffsets,25,11,0.000193529
binComputeOffsets,25,12,0.000223832
binComputeOffsets,25,13,0.000203641
binComputeOffsets,25,14,0.000190906
binComputeOffsets,25,15,0.000206649
binComputeOffsets,25,16,0.000211737
binComputeOffsets,25,17,0.000190841
binComputeOffsets,25,18,0.000189146
binComputeOffsets,25,19,0.000198041
binComputeOffsets,25,20,0.000232472
binComputeOffsets,25,21,0.000217624
binComputeOffsets,25,22,0.000194426
binComputeOffsets,25,23,0.000202841
binComputeOffsets,25,24,0.000210073
binComputeOffsets,25,25,0.000191194
binComputeOffsets,25,26,0.000193146
binComputeOffsets,25,27,0.000210553
binComputeOffsets,25,28,0.000203673
binComputeOffsets,25,29,0.000210233
binComputeOffsets,25,30,0.000197082
binComputeOffsets,25,31,0.00019049
binComputeOffsets,25,32,0.000206329
binComputeOffsets,25,33,0.000189722
binComputeOffsets,25,34,0.000211897
binComputeOffsets,25,35,0.000197946
binComputeOffsets,25,36,0.000203737
binComputeOffsets,25,37,0.000193594
binComputeOffsets,25,38,0.000204057
binComputeOffsets,25,39,0.000192345
FFTNUFFT1,25,0,0.136761504
FFTNUFFT1,25,1,0.139898999
FFTNUFFT1,25,2,0.125266273
FFTNUFFT1,25,3,0.136403595
FFTNUFFT1,25,4,0.129814664
FFTNUFFT1,25,5,0.133636552
FFTNUFFT1,25,6,0.128595313
FFTNUFFT1,25,7,0.13325538
FFTNUFFT1,25,8,0.127117794
FFTNUFFT1,25,9,0.135562183
deconvolutionNUFFT1,25,0,0.000815013
deconvolutionNUFFT1,25,1,0.000825028
deconvolutionNUFFT1,25,2,0.000831524
deconvolutionNUFFT1,25,3,0.000658026
deconvolutionNUFFT1,25,4,0.000831268
deconvolutionNUFFT1,25,5,0.000828036
deconvolutionNUFFT1,25,6,0.000664105
deconvolutionNUFFT1,25,7,0.000659658
deconvolutionNUFFT1,25,8,0.000663434
deconvolutionNUFFT1,25,9,0.000827461
GatherPIFNUFFT,25,0,0.460116988
GatherPIFNUFFT,25,1,0.456698158
GatherPIFNUFFT,25,2,0.46621224
GatherPIFNUFFT,25,3,0.453993128
GatherPIFNUFFT,25,4,0.464214067
GatherPIFNUFFT,25,5,0.45240707
GatherPIFNUFFT,25,6,0.464633252
GatherPIFNUFFT,25,7,0.455487288
GatherPIFNUFFT,25,8,0.468873559
GatherPIFNUFFT,25,9,0.459335318
NativeNUFFT2,25,0,0.151403798
NativeNUFFT2,25,1,0.15409334
NativeNUFFT2,25,2,0.152938242
NativeNUFFT2,25,3,0.146732435
NativeNUFFT2,25,4,0.152400532
NativeNUFFT2,25,5,0.154474863
NativeNUFFT2,25,6,0.159298957
NativeNUFFT2,25,7,0.152687819
NativeNUFFT2,25,8,0.152615374
NativeNUFFT2,25,9,0.146747089
NativeNUFFT2,25,10,0.15181332
NativeNUFFT2,25,11,0.153884515
NativeNUFFT2,25,12,0.151643982
NativeNUFFT2,25,13,0.15498387
NativeNUFFT2,25,14,0.154057757
NativeNUFFT2,25,15,0.147367773
NativeNUFFT2,25,16,0.147414779
NativeNUFFT2,25,17,0.155914206
NativeNUFFT2,25,18,0.155418799
NativeNUFFT2,25,19,0.154116603
NativeNUFFT2,25,20,0.153501296
NativeNUFFT2,25,21,0.144609913
NativeNUFFT2,25,22,0.151468852
NativeNUFFT2,25,23,0.157758849
NativeNUFFT2,25,24,0.161279659
NativeNUFFT2,25,25,0.156079002
NativeNUFFT2,25,26,0.149420472
NativeNUFFT2,25,27,0.148861291
NativeNUFFT2,25,28,0.152457874
NativeNUFFT2,25,29,0.153674441
PrecorrectionNUFFT2,25,0,0.001615402
PrecorrectionNUFFT2,25,1,0.002652007
PrecorrectionNUFFT2,25,2,0.002655463
PrecorrectionNUFFT2,25,3,0.001633321
PrecorrectionNUFFT2,25,4,0.00263284
PrecorrectionNUFFT2,25,5,0.00264148
PrecorrectionNUFFT2,25,6,0.00161153
PrecorrectionNUFFT2,25,7,0.002633608
PrecorrectionNUFFT2,25,8,0.002628008
PrecorrectionNUFFT2,25,9,0.00159905
PrecorrectionNUFFT2,25,10,0.002620809
PrecorrectionNUFFT2,25,11,0.002619721
PrecorrectionNUFFT2,25,12,0.001611434
PrecorrectionNUFFT2,25,13,0.002641608
PrecorrectionNUFFT2,25,14,0.002612392
PrecorrectionNUFFT2,25,15,0.00159185
PrecorrectionNUFFT2,25,16,0.002648615
PrecorrectionNUFFT2,25,17,0.002644199
PrecorrectionNUFFT2,25,18,0.001610698
PrecorrectionNUFFT2,25,19,0.002622409
PrecorrectionNUFFT2,25,20,0.002617385
PrecorrectionNUFFT2,25,21,0.001600586
PrecorrectionNUFFT2,25,22,0.002641832
PrecorrectionNUFFT2,25,23,0.002643463
PrecorrectionNUFFT2,25,24,0.001600778
PrecorrectionNUFFT2,25,25,0.002641288
PrecorrectionNUFFT2,25,26,0.002633544
PrecorrectionNUFFT2,25,27,0.001651817
PrecorrectionNUFFT2,25,28,0.002615784
PrecorrectionNUFFT2,25,29,0.002643304
FFTNUFFT2,25,0,0.135381294
FFTNUFFT2,25,1,0.127213951
FFTNUFFT2,25,2,0.135223187
FFTNUFFT2,25,3,0.125553495
FFTNUFFT2,25,4,0.134950844
FFTNUFFT2,25,5,0.127587283
FFTNUFFT2,25,6,0.133130457
FFTNUFFT2,25,7,0.136055127
FFTNUFFT2,25,8,0.132595211
FFTNUFFT2,25,9,0.128730092
FFTNUFFT2,25,10,0.126707408
FFTNUFFT2,25,11,0.128515764
FFTNUFFT2,25,12,0.125514616
FFTNUFFT2,25,13,0.138496454
FFTNUFFT2,25,14,0.130861957
FFTNUFFT2,25,15,0.12830902
FFTNUFFT2,25,16,0.126922921
FFTNUFFT2,25,17,0.136144404
FFTNUFFT2,25,18,0.14002549
FFTNUFFT2,25,19,0.137276815
FFTNUFFT2,25,20,0.125114566
FFTNUFFT2,25,21,0.128063652
FFTNUFFT2,25,22,0.13354766
FFTNUFFT2,25,23,0.140764665
FFTNUFFT2,25,24,0.135576135
FFTNUFFT2,25,25,0.137130387
FFTNUFFT2,25,26,0.121650777
FFTNUFFT2,25,27,0.130803303
FFTNUFFT2,25,28,0.132805668
FFTNUFFT2,25,29,0.130268441
GatherNUFFT2,25,0,0.008094098
GatherNUFFT2,25,1,0.017925928
GatherNUFFT2,25,2,0.008954388
GatherNUFFT2,25,3,0.013404192
GatherNUFFT2,25,4,0.008717788
GatherNUFFT2,25,5,0.017942055
GatherNUFFT2,25,6,0.018259612
GatherNUFFT2,25,7,0.007855641
GatherNUFFT2,25,8,0.011102125
GatherNUFFT2,25,9,0.01029236
GatherNUFFT2,25,10,0.016195169
GatherNUFFT2,25,11,0.016631669
GatherNUFFT2,25,12,0.018214815
GatherNUFFT2,25,13,0.007720383
GatherNUFFT2,25,14,0.014279266
GatherNUFFT2,25,15,0.01116529
GatherNUFFT2,25,16,0.011569981
GatherNUFFT2,25,17,0.010824053
GatherNUFFT2,25,18,0.007681759
GatherNUFFT2,25,19,0.007920663
GatherNUFFT2,25,20,0.019444982
GatherNUFFT2,25,21,0.008806009
GatherNUFFT2,25,22,0.009132527
GatherNUFFT2,25,23,0.008083538
GatherNUFFT2,25,24,0.017788909
GatherNUFFT2,25,25,0.009995346
GatherNUFFT2,25,26,0.019010211
GatherNUFFT2,25,27,0.010126254
GatherNUFFT2,25,28,0.010730776
GatherNUFFT2,25,29,0.014649045
mainTimer,26,0,7.524174598
dumpData,26,0,0.009121199
dumpData,26,1,0.008127313
dumpData,26,2,0.007691935
dumpData,26,3,0.007303371
dumpData,26,4,0.009099792
dumpData,26,5,0.008312874
dumpData,26,6,0.008301866
dumpData,26,7,0.006731646
dumpData,26,8,0.008160559
dumpData,26,9,0.008330025
kick,26,0,3.7951e-05
kick,26,1,7.232e-06
kick,26,2,3.9007e-05
kick,26,3,1.0304e-05
kick,26,4,3.4687e-05
kick,26,5,9.055e-06
kick,26,6,3.7663e-05
kick,26,7,8.512e-06
kick,26,8,3.6127e-05
kick,26,9,9.951e-06
kick,26,10,3.2319e-05
kick,26,11,1.1231e-05
kick,26,12,3.1999e-05
kick,26,13,8.928e-06
kick,26,14,3.5775e-05
kick,26,15,8.448e-06
kick,26,16,3.0783e-05
kick,26,17,1.1584e-05
kick,26,18,4.0734e-05
kick,26,19,9.6e-06
drift,26,0,7.968e-06
drift,26,1,6.752e-06
drift,26,2,8.224e-06
drift,26,3,6.016e-06
drift,26,4,7.391e-06
drift,26,5,6.56e-06
drift,26,6,7.648e-06
drift,26,7,9.792e-06
drift,26,8,6.719e-06
drift,26,9,9.376e-06
particleBC,26,0,1.6479e-05
particleBC,26,1,1.4303e-05
particleBC,26,2,1.3184e-05
particleBC,26,3,1.3343e-05
particleBC,26,4,1.2992e-05
particleBC,26,5,1.2671e-05
particleBC,26,6,1.2288e-05
particleBC,26,7,1.312e-05
particleBC,26,8,1.3152e-05
particleBC,26,9,1.1232e-05
updateParticle,26,0,0.127430937
updateParticle,26,1,0.063842824
updateParticle,26,2,0.009772345
updateParticle,26,3,0.064691212
updateParticle,26,4,0.047842688
updateParticle,26,5,0.101692085
updateParticle,26,6,0.063879142
updateParticle,26,7,0.063914565
updateParticle,26,8,0.009874102
updateParticle,26,9,0.009746041
locateParticles,26,0,0.00390419
locateParticles,26,1,0.003925757
locateParticles,26,2,0.003916189
locateParticles,26,3,0.003916637
locateParticles,26,4,0.003904606
locateParticles,26,5,0.003907773
locateParticles,26,6,0.00392966
locateParticles,26,7,0.003902781
locateParticles,26,8,0.003915389
locateParticles,26,9,0.003906813
sendPreprocess,26,0,0.000420946
sendPreprocess,26,1,0.000444785
sendPreprocess,26,2,0.000467376
sendPreprocess,26,3,0.00046808
sendPreprocess,26,4,0.000487119
sendPreprocess,26,5,0.000467409
sendPreprocess,26,6,0.000450769
sendPreprocess,26,7,0.00047592
sendPreprocess,26,8,0.000517838
sendPreprocess,26,9,0.000452785
particleSend,26,0,0.001069469
particleSend,26,1,0.001198327
particleSend,26,2,0.001068188
particleSend,26,3,0.001071293
particleSend,26,4,0.001084476
particleSend,26,5,0.001037597
particleSend,26,6,0.001076956
particleSend,26,7,0.001160858
particleSend,26,8,0.001044765
particleSend,26,9,0.001112986
particleRecv,26,0,3.6671e-05
particleRecv,26,1,4.0959e-05
particleRecv,26,2,4.4831e-05
particleRecv,26,3,3.8143e-05
particleRecv,26,4,3.5743e-05
particleRecv,26,5,4.1822e-05
particleRecv,26,6,4.2974e-05
particleRecv,26,7,3.6926e-05
particleRecv,26,8,4.0863e-05
particleRecv,26,9,3.7759e-05
particleDestroy,26,0,0.003038586
particleDestroy,26,1,0.003050042
particleDestroy,26,2,0.003027706
particleDestroy,26,3,0.003056314
particleDestroy,26,4,0.003040954
particleDestroy,26,5,0.003040666
particleDestroy,26,6,0.003067994
particleDestroy,26,7,0.003056954
particleDestroy,26,8,0.00305561
particleDestroy,26,9,0.00304825
ScatterPIFNUFFT,26,0,0.240428179
ScatterPIFNUFFT,26,1,8.704e-06
ScatterPIFNUFFT,26,2,0.260093024
ScatterPIFNUFFT,26,3,1.2031e-05
ScatterPIFNUFFT,26,4,0.269778909
ScatterPIFNUFFT,26,5,1.0144e-05
ScatterPIFNUFFT,26,6,0.205427911
ScatterPIFNUFFT,26,7,1.6703e-05
ScatterPIFNUFFT,26,8,0.225426984
ScatterPIFNUFFT,26,9,2.8287e-05
ScatterPIFNUFFT,26,10,0.229171627
ScatterPIFNUFFT,26,11,1.28e-05
ScatterPIFNUFFT,26,12,0.150141759
ScatterPIFNUFFT,26,13,1.5519e-05
ScatterPIFNUFFT,26,14,0.212609622
ScatterPIFNUFFT,26,15,9.6e-06
ScatterPIFNUFFT,26,16,0.218647947
ScatterPIFNUFFT,26,17,1.7695e-05
ScatterPIFNUFFT,26,18,0.219374772
ScatterPIFNUFFT,26,19,4.0191e-05
NativeNUFFT1,26,0,0.236119554
NativeNUFFT1,26,1,0.255611766
NativeNUFFT1,26,2,0.265276563
NativeNUFFT1,26,3,0.202001625
NativeNUFFT1,26,4,0.220846626
NativeNUFFT1,26,5,0.224762239
NativeNUFFT1,26,6,0.145761938
NativeNUFFT1,26,7,0.208270854
NativeNUFFT1,26,8,0.214228479
NativeNUFFT1,26,9,0.214893962
scatterTimerNUFFT1,26,0,0.101429501
scatterTimerNUFFT1,26,1,0.114007865
scatterTimerNUFFT1,26,2,0.132206232
scatterTimerNUFFT1,26,3,0.074462405
scatterTimerNUFFT1,26,4,0.089089595
scatterTimerNUFFT1,26,5,0.091159381
scatterTimerNUFFT1,26,6,0.021353141
scatterTimerNUFFT1,26,7,0.082289278
scatterTimerNUFFT1,26,8,0.075587679
scatterTimerNUFFT1,26,9,0.077399299
binSort,26,0,0.004326319
binSort,26,1,0.004254834
binSort,26,2,0.004226354
binSort,26,3,0.00425989
binSort,26,4,0.004328911
binSort,26,5,0.004249138
binSort,26,6,0.004286801
binSort,26,7,0.004219731
binSort,26,8,0.004275856
binSort,26,9,0.004268178
binSort,26,10,0.004262001
binSort,26,11,0.004289809
binSort,26,12,0.004276433
binSort,26,13,0.004269393
binSort,26,14,0.004246098
binSort,26,15,0.004187764
binSort,26,16,0.004287825
binSort,26,17,0.004292625
binSort,26,18,0.004319631
binSort,26,19,0.004227091
binSort,26,20,0.004343375
binSort,26,21,0.004287088
binSort,26,22,0.004242866
binSort,26,23,0.004308687
binSort,26,24,0.004288849
binSort,26,25,0.004207379
binSort,26,26,0.004216211
binSort,26,27,0.004245298
binSort,26,28,0.004290641
binSort,26,29,0.00429256
binSort,26,30,0.00427173
binSort,26,31,0.004294577
binSort,26,32,0.004245042
binSort,26,33,0.004198195
binSort,26,34,0.004264434
binSort,26,35,0.004265233
binSort,26,36,0.004259985
binSort,26,37,0.00426021
binSort,26,38,0.004179988
binSort,26,39,0.004266737
binComputeKeys,26,0,0.000409394
binComputeKeys,26,1,0.000399187
binComputeKeys,26,2,0.000403314
binComputeKeys,26,3,0.000399603
binComputeKeys,26,4,0.000419122
binComputeKeys,26,5,0.000404147
binComputeKeys,26,6,0.000412754
binComputeKeys,26,7,0.000411922
binComputeKeys,26,8,0.000407602
binComputeKeys,26,9,0.000410547
binComputeKeys,26,10,0.000411282
binComputeKeys,26,11,0.000414707
binComputeKeys,26,12,0.000403187
binComputeKeys,26,13,0.000401971
binComputeKeys,26,14,0.000411218
binComputeKeys,26,15,0.000398515
binComputeKeys,26,16,0.000412466
binComputeKeys,26,17,0.000401779
binComputeKeys,26,18,0.000412914
binComputeKeys,26,19,0.000409138
binComputeKeys,26,20,0.000421522
binComputeKeys,26,21,0.000408562
binComputeKeys,26,22,0.000403314
binComputeKeys,26,23,0.000403538
binComputeKeys,26,24,0.000410834
binComputeKeys,26,25,0.000404339
binComputeKeys,26,26,0.000403667
binComputeKeys,26,27,0.000399858
binComputeKeys,26,28,0.000408691
binComputeKeys,26,29,0.000411442
binComputeKeys,26,30,0.000408723
binComputeKeys,26,31,0.000404083
binComputeKeys,26,32,0.000396115
binComputeKeys,26,33,0.000398354
binComputeKeys,26,34,0.000424242
binComputeKeys,26,35,0.000410962
binComputeKeys,26,36,0.00040053
binComputeKeys,26,37,0.000433266
binComputeKeys,26,38,0.000397107
binComputeKeys,26,39,0.000401266
binSortByKey,26,0,0.003703076
binSortByKey,26,1,0.003648038
binSortByKey,26,2,0.003620551
binSortByKey,26,3,0.00364631
binSortByKey,26,4,0.00369674
binSortByKey,26,5,0.003639334
binSortByKey,26,6,0.003662054
binSortByKey,26,7,0.003612391
binSortByKey,26,8,0.003657829
binSortByKey,26,9,0.003651814
binSortByKey,26,10,0.003646598
binSortByKey,26,11,0.003659301
binSortByKey,26,12,0.003657221
binSortByKey,26,13,0.003661797
binSortByKey,26,14,0.003640231
binSortByKey,26,15,0.003599623
binSortByKey,26,16,0.003660966
binSortByKey,26,17,0.003668645
binSortByKey,26,18,0.003691269
binSortByKey,26,19,0.003625415
binSortByKey,26,20,0.003691109
binSortByKey,26,21,0.003672613
binSortByKey,26,22,0.003639335
binSortByKey,26,23,0.003682341
binSortByKey,26,24,0.003663686
binSortByKey,26,25,0.003609927
binSortByKey,26,26,0.003618407
binSortByKey,26,27,0.003630919
binSortByKey,26,28,0.003674437
binSortByKey,26,29,0.003671845
binSortByKey,26,30,0.003650502
binSortByKey,26,31,0.003674053
binSortByKey,26,32,0.003640518
binSortByKey,26,33,0.003610824
binSortByKey,26,34,0.00364375
binSortByKey,26,35,0.00364759
binSortByKey,26,36,0.003651366
binSortByKey,26,37,0.003633031
binSortByKey,26,38,0.003594151
binSortByKey,26,39,0.003651046
binComputeOffsets,26,0,0.000210681
binComputeOffsets,26,1,0.000205273
binComputeOffsets,26,2,0.000201305
binComputeOffsets,26,3,0.000210713
binComputeOffsets,26,4,0.000208345
binComputeOffsets,26,5,0.000202809
binComputeOffsets,26,6,0.000206809
binComputeOffsets,26,7,0.000191482
binComputeOffsets,26,8,0.000207225
binComputeOffsets,26,9,0.000203289
binComputeOffsets,26,10,0.000200473
binComputeOffsets,26,11,0.000211417
binComputeOffsets,26,12,0.000213049
binComputeOffsets,26,13,0.000204953
binComputeOffsets,26,14,0.000192985
binComputeOffsets,26,15,0.000189146
binComputeOffsets,26,16,0.000209817
binComputeOffsets,26,17,0.000219001
binComputeOffsets,26,18,0.000212984
binComputeOffsets,26,19,0.000191162
binComputeOffsets,26,20,0.000226744
binComputeOffsets,26,21,0.000202969
binComputeOffsets,26,22,0.000197529
binComputeOffsets,26,23,0.000219448
binComputeOffsets,26,24,0.000209945
binComputeOffsets,26,25,0.000191385
binComputeOffsets,26,26,0.000192409
binComputeOffsets,26,27,0.000213113
binComputeOffsets,26,28,0.000205049
binComputeOffsets,26,29,0.000205785
binComputeOffsets,26,30,0.000210713
binComputeOffsets,26,31,0.000213273
binComputeOffsets,26,32,0.000204441
binComputeOffsets,26,33,0.000188665
binComputeOffsets,26,34,0.000193658
binComputeOffsets,26,35,0.000204025
binComputeOffsets,26,36,0.000205817
binComputeOffsets,26,37,0.000192601
binComputeOffsets,26,38,0.000188186
binComputeOffsets,26,39,0.000212985
FFTNUFFT1,26,0,0.134037403
FFTNUFFT1,26,1,0.140797208
FFTNUFFT1,26,2,0.13242133
FFTNUFFT1,26,3,0.126892266
FFTNUFFT1,26,4,0.131105277
FFTNUFFT1,26,5,0.132761478
FFTNUFFT1,26,6,0.123758707
FFTNUFFT1,26,7,0.125149604
FFTNUFFT1,26,8,0.137823612
FFTNUFFT1,26,9,0.136843452
deconvolutionNUFFT1,26,0,0.00064657
deconvolutionNUFFT1,26,1,0.000800773
deconvolutionNUFFT1,26,2,0.000644938
deconvolutionNUFFT1,26,3,0.000640618
deconvolutionNUFFT1,26,4,0.000646794
deconvolutionNUFFT1,26,5,0.000835908
deconvolutionNUFFT1,26,6,0.000645771
deconvolutionNUFFT1,26,7,0.00082778
deconvolutionNUFFT1,26,8,0.000810756
deconvolutionNUFFT1,26,9,0.000645867
GatherPIFNUFFT,26,0,0.465124051
GatherPIFNUFFT,26,1,0.452522618
GatherPIFNUFFT,26,2,0.457891526
GatherPIFNUFFT,26,3,0.464024217
GatherPIFNUFFT,26,4,0.459555151
GatherPIFNUFFT,26,5,0.45249654
GatherPIFNUFFT,26,6,0.467487685
GatherPIFNUFFT,26,7,0.465746208
GatherPIFNUFFT,26,8,0.457545905
GatherPIFNUFFT,26,9,0.45663608
NativeNUFFT2,26,0,0.156529674
NativeNUFFT2,26,1,0.154240919
NativeNUFFT2,26,2,0.152780711
NativeNUFFT2,26,3,0.145540602
NativeNUFFT2,26,4,0.152354998
NativeNUFFT2,26,5,0.152975009
NativeNUFFT2,26,6,0.152651339
NativeNUFFT2,26,7,0.151685453
NativeNUFFT2,26,8,0.152039745
NativeNUFFT2,26,9,0.154903168
NativeNUFFT2,26,10,0.15197869
NativeNUFFT2,26,11,0.154768293
NativeNUFFT2,26,12,0.149588979
NativeNUFFT2,26,13,0.154185849
NativeNUFFT2,26,14,0.153589804
NativeNUFFT2,26,15,0.149025382
NativeNUFFT2,26,16,0.148532534
NativeNUFFT2,26,17,0.152841574
NativeNUFFT2,26,18,0.158424171
NativeNUFFT2,26,19,0.153624588
NativeNUFFT2,26,20,0.153297814
NativeNUFFT2,26,21,0.154299413
NativeNUFFT2,26,22,0.150987396
NativeNUFFT2,26,23,0.158916155
NativeNUFFT2,26,24,0.150207486
NativeNUFFT2,26,25,0.155564939
NativeNUFFT2,26,26,0.149592593
NativeNUFFT2,26,27,0.148611315
NativeNUFFT2,26,28,0.153556494
NativeNUFFT2,26,29,0.151975778
PrecorrectionNUFFT2,26,0,0.001620041
PrecorrectionNUFFT2,26,1,0.002621992
PrecorrectionNUFFT2,26,2,0.002615592
PrecorrectionNUFFT2,26,3,0.001594058
PrecorrectionNUFFT2,26,4,0.002615625
PrecorrectionNUFFT2,26,5,0.002600521
PrecorrectionNUFFT2,26,6,0.001607786
PrecorrectionNUFFT2,26,7,0.002617417
PrecorrectionNUFFT2,26,8,0.002608585
PrecorrectionNUFFT2,26,9,0.001630537
PrecorrectionNUFFT2,26,10,0.0026242
PrecorrectionNUFFT2,26,11,0.002648615
PrecorrectionNUFFT2,26,12,0.001610506
PrecorrectionNUFFT2,26,13,0.002618472
PrecorrectionNUFFT2,26,14,0.00262116
PrecorrectionNUFFT2,26,15,0.001611626
PrecorrectionNUFFT2,26,16,0.00262756
PrecorrectionNUFFT2,26,17,0.002597417
PrecorrectionNUFFT2,26,18,0.001613418
PrecorrectionNUFFT2,26,19,0.002627913
PrecorrectionNUFFT2,26,20,0.002616584
PrecorrectionNUFFT2,26,21,0.001596267
PrecorrectionNUFFT2,26,22,0.00260468
PrecorrectionNUFFT2,26,23,0.002620905
PrecorrectionNUFFT2,26,24,0.001607178
PrecorrectionNUFFT2,26,25,0.002631944
PrecorrectionNUFFT2,26,26,0.002621896
PrecorrectionNUFFT2,26,27,0.001628969
PrecorrectionNUFFT2,26,28,0.002624616
PrecorrectionNUFFT2,26,29,0.002590857
FFTNUFFT2,26,0,0.134199125
FFTNUFFT2,26,1,0.131523247
FFTNUFFT2,26,2,0.125031176
FFTNUFFT2,26,3,0.118585441
FFTNUFFT2,26,4,0.133607081
FFTNUFFT2,26,5,0.134783042
FFTNUFFT2,26,6,0.125954729
FFTNUFFT2,26,7,0.135623046
FFTNUFFT2,26,8,0.130728489
FFTNUFFT2,26,9,0.128982596
FFTNUFFT2,26,10,0.126262783
FFTNUFFT2,26,11,0.138403561
FFTNUFFT2,26,12,0.132924384
FFTNUFFT2,26,13,0.134684741
FFTNUFFT2,26,14,0.133604106
FFTNUFFT2,26,15,0.131441586
FFTNUFFT2,26,16,0.13101312
FFTNUFFT2,26,17,0.132429585
FFTNUFFT2,26,18,0.136809118
FFTNUFFT2,26,19,0.126727952
FFTNUFFT2,26,20,0.133135129
FFTNUFFT2,26,21,0.138613858
FFTNUFFT2,26,22,0.131789862
FFTNUFFT2,26,23,0.137867355
FFTNUFFT2,26,24,0.134836128
FFTNUFFT2,26,25,0.138238158
FFTNUFFT2,26,26,0.132309877
FFTNUFFT2,26,27,0.13108243
FFTNUFFT2,26,28,0.137092468
FFTNUFFT2,26,29,0.134113656
GatherNUFFT2,26,0,0.014388767
GatherNUFFT2,26,1,0.013751188
GatherNUFFT2,26,2,0.018775051
GatherNUFFT2,26,3,0.019056098
GatherNUFFT2,26,4,0.009793112
GatherNUFFT2,26,5,0.00944922
GatherNUFFT2,26,6,0.018739725
GatherNUFFT2,26,7,0.007275884
GatherNUFFT2,26,8,0.012343684
GatherNUFFT2,26,9,0.017910312
GatherNUFFT2,26,10,0.016714256
GatherNUFFT2,26,11,0.007556451
GatherNUFFT2,26,12,0.008734588
GatherNUFFT2,26,13,0.010556288
GatherNUFFT2,26,14,0.011202633
GatherNUFFT2,26,15,0.009607614
GatherNUFFT2,26,16,0.008545987
GatherNUFFT2,26,17,0.011624283
GatherNUFFT2,26,18,0.013659702
GatherNUFFT2,26,19,0.017913896
GatherNUFFT2,26,20,0.011203658
GatherNUFFT2,26,21,0.007924791
GatherNUFFT2,26,22,0.010227786
GatherNUFFT2,26,23,0.012082764
GatherNUFFT2,26,24,0.007605826
GatherNUFFT2,26,25,0.008514947
GatherNUFFT2,26,26,0.008491556
GatherNUFFT2,26,27,0.009548449
GatherNUFFT2,26,28,0.007667647
GatherNUFFT2,26,29,0.009091152
mainTimer,27,0,7.524175462
dumpData,27,0,0.008585793
dumpData,27,1,0.007536676
dumpData,27,2,0.007257101
dumpData,27,3,0.006854746
dumpData,27,4,0.008330408
dumpData,27,5,0.007806171
dumpData,27,6,0.007181935
dumpData,27,7,0.00727294
dumpData,27,8,0.00652407
dumpData,27,9,0.006500678
kick,27,0,3.8559e-05
kick,27,1,6.208e-06
kick,27,2,3.8911e-05
kick,27,3,1.0272e-05
kick,27,4,3.507e-05
kick,27,5,7.776e-06
kick,27,6,3.3983e-05
kick,27,7,9.472e-06
kick,27,8,3.4911e-05
kick,27,9,8.96e-06
kick,27,10,3.0943e-05
kick,27,11,8.543e-06
kick,27,12,3.2094e-05
kick,27,13,1.168e-05
kick,27,14,3.4879e-05
kick,27,15,1.0368e-05
kick,27,16,3.1103e-05
kick,27,17,1.0879e-05
kick,27,18,4.0734e-05
kick,27,19,6.24e-06
drift,27,0,7.392e-06
drift,27,1,7.2e-06
drift,27,2,8.384e-06
drift,27,3,7.392e-06
drift,27,4,8.415e-06
drift,27,5,1.1199e-05
drift,27,6,6.592e-06
drift,27,7,9.696e-06
drift,27,8,8.575e-06
drift,27,9,9.088e-06
particleBC,27,0,1.6799e-05
particleBC,27,1,1.2383e-05
particleBC,27,2,1.4496e-05
particleBC,27,3,1.2927e-05
particleBC,27,4,1.2416e-05
particleBC,27,5,1.008e-05
particleBC,27,6,1.3952e-05
particleBC,27,7,1.4239e-05
particleBC,27,8,1.1648e-05
particleBC,27,9,1.4144e-05
updateParticle,27,0,0.12744716
updateParticle,27,1,0.063878343
updateParticle,27,2,0.009772345
updateParticle,27,3,0.064814983
updateParticle,27,4,0.047835072
updateParticle,27,5,0.101727124
updateParticle,27,6,0.0638378
updateParticle,27,7,0.063985252
updateParticle,27,8,0.009819447
updateParticle,27,9,0.009735513
locateParticles,27,0,0.004052665
locateParticles,27,1,0.004032057
locateParticles,27,2,0.004035673
locateParticles,27,3,0.004041721
locateParticles,27,4,0.004034809
locateParticles,27,5,0.004027801
locateParticles,27,6,0.004032249
locateParticles,27,7,0.004026106
locateParticles,27,8,0.004024121
locateParticles,27,9,0.004039033
sendPreprocess,27,0,0.000272695
sendPreprocess,27,1,0.000341109
sendPreprocess,27,2,0.000349972
sendPreprocess,27,3,0.000346228
sendPreprocess,27,4,0.000359188
sendPreprocess,27,5,0.000348116
sendPreprocess,27,6,0.000350036
sendPreprocess,27,7,0.000351956
sendPreprocess,27,8,0.000410834
sendPreprocess,27,9,0.000318357
particleSend,27,0,0.001048477
particleSend,27,1,0.00106838
particleSend,27,2,0.001075388
particleSend,27,3,0.00107238
particleSend,27,4,0.001070621
particleSend,27,5,0.001159866
particleSend,27,6,0.001102555
particleSend,27,7,0.001026718
particleSend,27,8,0.001111771
particleSend,27,9,0.001054397
particleRecv,27,0,4.0639e-05
particleRecv,27,1,3.939e-05
particleRecv,27,2,3.7887e-05
particleRecv,27,3,4.2207e-05
particleRecv,27,4,3.6159e-05
particleRecv,27,5,3.8302e-05
particleRecv,27,6,3.7535e-05
particleRecv,27,7,5.2414e-05
particleRecv,27,8,3.5583e-05
particleRecv,27,9,3.7727e-05
particleDestroy,27,0,0.003265395
particleDestroy,27,1,0.003276403
particleDestroy,27,2,0.003266354
particleDestroy,27,3,0.003262323
particleDestroy,27,4,0.003265875
particleDestroy,27,5,0.003272403
particleDestroy,27,6,0.003281618
particleDestroy,27,7,0.003274163
particleDestroy,27,8,0.003262387
particleDestroy,27,9,0.003312241
ScatterPIFNUFFT,27,0,0.242258582
ScatterPIFNUFFT,27,1,3.4015e-05
ScatterPIFNUFFT,27,2,0.259059171
ScatterPIFNUFFT,27,3,3.1103e-05
ScatterPIFNUFFT,27,4,0.27266886
ScatterPIFNUFFT,27,5,4.6366e-05
ScatterPIFNUFFT,27,6,0.205245901
ScatterPIFNUFFT,27,7,2.1215e-05
ScatterPIFNUFFT,27,8,0.229176811
ScatterPIFNUFFT,27,9,7.552e-06
ScatterPIFNUFFT,27,10,0.226444807
ScatterPIFNUFFT,27,11,2.4896e-05
ScatterPIFNUFFT,27,12,0.150959779
ScatterPIFNUFFT,27,13,1.984e-05
ScatterPIFNUFFT,27,14,0.22023663
ScatterPIFNUFFT,27,15,3.9902e-05
ScatterPIFNUFFT,27,16,0.209049325
ScatterPIFNUFFT,27,17,2.2591e-05
ScatterPIFNUFFT,27,18,0.219355348
ScatterPIFNUFFT,27,19,4.0095e-05
NativeNUFFT1,27,0,0.237853289
NativeNUFFT1,27,1,0.254589113
NativeNUFFT1,27,2,0.268280464
NativeNUFFT1,27,3,0.200723172
NativeNUFFT1,27,4,0.225764093
NativeNUFFT1,27,5,0.222015259
NativeNUFFT1,27,6,0.146677523
NativeNUFFT1,27,7,0.215948517
NativeNUFFT1,27,8,0.20469779
NativeNUFFT1,27,9,0.214947911
scatterTimerNUFFT1,27,0,0.101180198
scatterTimerNUFFT1,27,1,0.113854238
scatterTimerNUFFT1,27,2,0.131638731
scatterTimerNUFFT1,27,3,0.073656928
scatterTimerNUFFT1,27,4,0.090538058
scatterTimerNUFFT1,27,5,0.091691204
scatterTimerNUFFT1,27,6,0.021731529
scatterTimerNUFFT1,27,7,0.082655185
scatterTimerNUFFT1,27,8,0.076178922
scatterTimerNUFFT1,27,9,0.077728727
binSort,27,0,0.00449105
binSort,27,1,0.004470539
binSort,27,2,0.004456299
binSort,27,3,0.004462282
binSort,27,4,0.004454603
binSort,27,5,0.004449227
binSort,27,6,0.004505001
binSort,27,7,0.004481802
binSort,27,8,0.004485578
binSort,27,9,0.004454347
binSort,27,10,0.004531048
binSort,27,11,0.004537704
binSort,27,12,0.004573927
binSort,27,13,0.004482122
binSort,27,14,0.004498858
binSort,27,15,0.004477386
binSort,27,16,0.004537032
binSort,27,17,0.004486186
binSort,27,18,0.004501033
binSort,27,19,0.004505865
binSort,27,20,0.004438604
binSort,27,21,0.004530281
binSort,27,22,0.00447473
binSort,27,23,0.004545
binSort,27,24,0.004506089
binSort,27,25,0.004522825
binSort,27,26,0.004493354
binSort,27,27,0.004468747
binSort,27,28,0.004442571
binSort,27,29,0.00447825
binSort,27,30,0.004499402
binSort,27,31,0.004513193
binSort,27,32,0.004488522
binSort,27,33,0.004474442
binSort,27,34,0.004564199
binSort,27,35,0.004534088
binSort,27,36,0.00447761
binSort,27,37,0.004554632
binSort,27,38,0.004551591
binSort,27,39,0.00451828
binComputeKeys,27,0,0.000440434
binComputeKeys,27,1,0.000432146
binComputeKeys,27,2,0.000429074
binComputeKeys,27,3,0.000425713
binComputeKeys,27,4,0.000435474
binComputeKeys,27,5,0.00042709
binComputeKeys,27,6,0.00045816
binComputeKeys,27,7,0.00043045
binComputeKeys,27,8,0.000435602
binComputeKeys,27,9,0.000426098
binComputeKeys,27,10,0.000427601
binComputeKeys,27,11,0.000430385
binComputeKeys,27,12,0.000432785
binComputeKeys,27,13,0.000432497
binComputeKeys,27,14,0.000427474
binComputeKeys,27,15,0.000431442
binComputeKeys,27,16,0.000419858
binComputeKeys,27,17,0.00042693
binComputeKeys,27,18,0.000434289
binComputeKeys,27,19,0.000425681
binComputeKeys,27,20,0.000425362
binComputeKeys,27,21,0.000435026
binComputeKeys,27,22,0.000423794
binComputeKeys,27,23,0.000439665
binComputeKeys,27,24,0.000441266
binComputeKeys,27,25,0.000431058
binComputeKeys,27,26,0.00043125
binComputeKeys,27,27,0.000442898
binComputeKeys,27,28,0.000431665
binComputeKeys,27,29,0.000441809
binComputeKeys,27,30,0.000426002
binComputeKeys,27,31,0.000428881
binComputeKeys,27,32,0.000445969
binComputeKeys,27,33,0.000425106
binComputeKeys,27,34,0.000426769
binComputeKeys,27,35,0.000425746
binComputeKeys,27,36,0.000435761
binComputeKeys,27,37,0.000434929
binComputeKeys,27,38,0.000432177
binComputeKeys,27,39,0.000441105
binSortByKey,27,0,0.00383856
binSortByKey,27,1,0.003829664
binSortByKey,27,2,0.003821152
binSortByKey,27,3,0.003828128
binSortByKey,27,4,0.003815456
binSortByKey,27,5,0.00381792
binSortByKey,27,6,0.00384
binSortByKey,27,7,0.003834784
binSortByKey,27,8,0.003845375
binSortByKey,27,9,0.003822848
binSortByKey,27,10,0.003876767
binSortByKey,27,11,0.00388579
binSortByKey,27,12,0.003913757
binSortByKey,27,13,0.003842016
binSortByKey,27,14,0.003858015
binSortByKey,27,15,0.003838239
binSortByKey,27,16,0.003884318
binSortByKey,27,17,0.003850079
binSortByKey,27,18,0.003850431
binSortByKey,27,19,0.003860287
binSortByKey,27,20,0.003804545
binSortByKey,27,21,0.003876159
binSortByKey,27,22,0.003837311
binSortByKey,27,23,0.00387875
binSortByKey,27,24,0.003860063
binSortByKey,27,25,0.003881086
binSortByKey,27,26,0.003852287
binSortByKey,27,27,0.00381792
binSortByKey,27,28,0.003807777
binSortByKey,27,29,0.003831552
binSortByKey,27,30,0.003859487
binSortByKey,27,31,0.003873887
binSortByKey,27,32,0.003836959
binSortByKey,27,33,0.003841471
binSortByKey,27,34,0.003907902
binSortByKey,27,35,0.003882846
binSortByKey,27,36,0.003839968
binSortByKey,27,37,0.00389875
binSortByKey,27,38,0.003897534
binSortByKey,27,39,0.003869278
binComputeOffsets,27,0,0.000207641
binComputeOffsets,27,1,0.000205369
binComputeOffsets,27,2,0.000205081
binComputeOffsets,27,3,0.000206521
binComputeOffsets,27,4,0.000201529
binComputeOffsets,27,5,0.000203769
binComputeOffsets,27,6,0.000203865
binComputeOffsets,27,7,0.000213241
binComputeOffsets,27,8,0.000201497
binComputeOffsets,27,9,0.000204313
binComputeOffsets,27,10,0.000223544
binComputeOffsets,27,11,0.000218073
binComputeOffsets,27,12,0.000222873
binComputeOffsets,27,13,0.000205817
binComputeOffsets,27,14,0.000211609
binComputeOffsets,27,15,0.000206617
binComputeOffsets,27,16,0.000228536
binComputeOffsets,27,17,0.000207545
binComputeOffsets,27,18,0.000214457
binComputeOffsets,27,19,0.000217273
binComputeOffsets,27,20,0.000204761
binComputeOffsets,27,21,0.000216825
binComputeOffsets,27,22,0.000210873
binComputeOffsets,27,23,0.000222681
binComputeOffsets,27,24,0.000202745
binComputeOffsets,27,25,0.000207833
binComputeOffsets,27,26,0.000207481
binComputeOffsets,27,27,0.000206905
binComputeOffsets,27,28,0.000201017
binComputeOffsets,27,29,0.000203609
binComputeOffsets,27,30,0.000211449
binComputeOffsets,27,31,0.000206265
binComputeOffsets,27,32,0.000202394
binComputeOffsets,27,33,0.000205561
binComputeOffsets,27,34,0.000226072
binComputeOffsets,27,35,0.000223672
binComputeOffsets,27,36,0.000199449
binComputeOffsets,27,37,0.000219033
binComputeOffsets,27,38,0.00021788
binComputeOffsets,27,39,0.000204537
FFTNUFFT1,27,0,0.13579792
FFTNUFFT1,27,1,0.139864152
FFTNUFFT1,27,2,0.135780674
FFTNUFFT1,27,3,0.126370395
FFTNUFFT1,27,4,0.13436056
FFTNUFFT1,27,5,0.129627407
FFTNUFFT1,27,6,0.12424429
FFTNUFFT1,27,7,0.132594923
FFTNUFFT1,27,8,0.127654769
FFTNUFFT1,27,9,0.136522184
deconvolutionNUFFT1,27,0,0.000870243
deconvolutionNUFFT1,27,1,0.000866723
deconvolutionNUFFT1,27,2,0.00085626
deconvolutionNUFFT1,27,3,0.000690505
deconvolutionNUFFT1,27,4,0.000861475
deconvolutionNUFFT1,27,5,0.000691944
deconvolutionNUFFT1,27,6,0.000696808
deconvolutionNUFFT1,27,7,0.000694281
deconvolutionNUFFT1,27,8,0.000860131
deconvolutionNUFFT1,27,9,0.000694248
GatherPIFNUFFT,27,0,0.463672549
GatherPIFNUFFT,27,1,0.455592819
GatherPIFNUFFT,27,2,0.454965864
GatherPIFNUFFT,27,3,0.46438846
GatherPIFNUFFT,27,4,0.458845447
GatherPIFNUFFT,27,5,0.456264221
GatherPIFNUFFT,27,6,0.466721278
GatherPIFNUFFT,27,7,0.457293179
GatherPIFNUFFT,27,8,0.467978484
GatherPIFNUFFT,27,9,0.459496657
NativeNUFFT2,27,0,0.153617228
NativeNUFFT2,27,1,0.153107549
NativeNUFFT2,27,2,0.1533429
NativeNUFFT2,27,3,0.147981289
NativeNUFFT2,27,4,0.152435219
NativeNUFFT2,27,5,0.152066111
NativeNUFFT2,27,6,0.1503774
NativeNUFFT2,27,7,0.151606863
NativeNUFFT2,27,8,0.15145554
NativeNUFFT2,27,9,0.156072761
NativeNUFFT2,27,10,0.151451316
NativeNUFFT2,27,11,0.15409846
NativeNUFFT2,27,12,0.149009734
NativeNUFFT2,27,13,0.154277205
NativeNUFFT2,27,14,0.153934081
NativeNUFFT2,27,15,0.152405684
NativeNUFFT2,27,16,0.147644372
NativeNUFFT2,27,17,0.154108283
NativeNUFFT2,27,18,0.157689507
NativeNUFFT2,27,19,0.153813604
NativeNUFFT2,27,20,0.153580909
NativeNUFFT2,27,21,0.147592246
NativeNUFFT2,27,22,0.150162976
NativeNUFFT2,27,23,0.157427212
NativeNUFFT2,27,24,0.160360042
NativeNUFFT2,27,25,0.156379856
NativeNUFFT2,27,26,0.149708206
NativeNUFFT2,27,27,0.149189088
NativeNUFFT2,27,28,0.152586479
NativeNUFFT2,27,29,0.15389357
PrecorrectionNUFFT2,27,0,0.001687687
PrecorrectionNUFFT2,27,1,0.002726149
PrecorrectionNUFFT2,27,2,0.002771363
PrecorrectionNUFFT2,27,3,0.001692551
PrecorrectionNUFFT2,27,4,0.002738469
PrecorrectionNUFFT2,27,5,0.002731813
PrecorrectionNUFFT2,27,6,0.001665129
PrecorrectionNUFFT2,27,7,0.00276746
PrecorrectionNUFFT2,27,8,0.002753059
PrecorrectionNUFFT2,27,9,0.001690375
PrecorrectionNUFFT2,27,10,0.002747781
PrecorrectionNUFFT2,27,11,0.002746852
PrecorrectionNUFFT2,27,12,0.001657609
PrecorrectionNUFFT2,27,13,0.00273322
PrecorrectionNUFFT2,27,14,0.002759811
PrecorrectionNUFFT2,27,15,0.001694631
PrecorrectionNUFFT2,27,16,0.002735173
PrecorrectionNUFFT2,27,17,0.002755556
PrecorrectionNUFFT2,27,18,0.001666728
PrecorrectionNUFFT2,27,19,0.002759491
PrecorrectionNUFFT2,27,20,0.002764963
PrecorrectionNUFFT2,27,21,0.001690023
PrecorrectionNUFFT2,27,22,0.002731621
PrecorrectionNUFFT2,27,23,0.00272986
PrecorrectionNUFFT2,27,24,0.001657
PrecorrectionNUFFT2,27,25,0.0027473
PrecorrectionNUFFT2,27,26,0.00272906
PrecorrectionNUFFT2,27,27,0.001668232
PrecorrectionNUFFT2,27,28,0.002728293
PrecorrectionNUFFT2,27,29,0.002780099
FFTNUFFT2,27,0,0.137174226
FFTNUFFT2,27,1,0.134708388
FFTNUFFT2,27,2,0.131800165
FFTNUFFT2,27,3,0.130477202
FFTNUFFT2,27,4,0.134291347
FFTNUFFT2,27,5,0.123934541
FFTNUFFT2,27,6,0.134107864
FFTNUFFT2,27,7,0.130852869
FFTNUFFT2,27,8,0.129249851
FFTNUFFT2,27,9,0.132333972
FFTNUFFT2,27,10,0.122115018
FFTNUFFT2,27,11,0.122255525
FFTNUFFT2,27,12,0.132980127
FFTNUFFT2,27,13,0.134146231
FFTNUFFT2,27,14,0.126062534
FFTNUFFT2,27,15,0.132732839
FFTNUFFT2,27,16,0.125400476
FFTNUFFT2,27,17,0.134495916
FFTNUFFT2,27,18,0.141406948
FFTNUFFT2,27,19,0.13658231
FFTNUFFT2,27,20,0.133386481
FFTNUFFT2,27,21,0.131349718
FFTNUFFT2,27,22,0.128278299
FFTNUFFT2,27,23,0.139785434
FFTNUFFT2,27,24,0.130946946
FFTNUFFT2,27,25,0.135846974
FFTNUFFT2,27,26,0.130148381
FFTNUFFT2,27,27,0.129992386
FFTNUFFT2,27,28,0.132012606
FFTNUFFT2,27,29,0.136456297
GatherNUFFT2,27,0,0.008170063
GatherNUFFT2,27,1,0.009086192
GatherNUFFT2,27,2,0.012202407
GatherNUFFT2,27,3,0.009205452
GatherNUFFT2,27,4,0.008881879
GatherNUFFT2,27,5,0.018851816
GatherNUFFT2,27,6,0.008220204
GatherNUFFT2,27,7,0.011576061
GatherNUFFT2,27,8,0.012925904
GatherNUFFT2,27,9,0.015474713
GatherNUFFT2,27,10,0.020053665
GatherNUFFT2,27,11,0.022718408
GatherNUFFT2,27,12,0.007775036
GatherNUFFT2,27,13,0.010802775
GatherNUFFT2,27,14,0.018555603
GatherNUFFT2,27,15,0.011408034
GatherNUFFT2,27,16,0.012924367
GatherNUFFT2,27,17,0.010484897
GatherNUFFT2,27,18,0.008040466
GatherNUFFT2,27,19,0.008042419
GatherNUFFT2,27,20,0.010900595
GatherNUFFT2,27,21,0.007998324
GatherNUFFT2,27,22,0.012579996
GatherNUFFT2,27,23,0.00850362
GatherNUFFT2,27,24,0.021157404
GatherNUFFT2,27,25,0.011341541
GatherNUFFT2,27,26,0.010377188
GatherNUFFT2,27,27,0.010954483
GatherNUFFT2,27,28,0.011238408
GatherNUFFT2,27,29,0.008220973
mainTimer,28,0,7.524181539
dumpData,28,0,0.010422191
dumpData,28,1,0.009249593
dumpData,28,2,0.009301174
dumpData,28,3,0.009568045
dumpData,28,4,0.010042492
dumpData,28,5,0.00921721
dumpData,28,6,0.008783337
dumpData,28,7,0.00773403
dumpData,28,8,0.007538453
dumpData,28,9,0.008198174
kick,28,0,5.0238e-05
kick,28,1,1.0207e-05
kick,28,2,4.467e-05
kick,28,3,1.8111e-05
kick,28,4,3.9231e-05
kick,28,5,2.0768e-05
kick,28,6,4.5982e-05
kick,28,7,1.12e-05
kick,28,8,4.5214e-05
kick,28,9,9.888e-06
kick,28,10,3.9966e-05
kick,28,11,6.879e-06
kick,28,12,3.8942e-05
kick,28,13,8.831e-06
kick,28,14,4.227e-05
kick,28,15,1.248e-05
kick,28,16,3.8111e-05
kick,28,17,1.6928e-05
kick,28,18,4.3102e-05
kick,28,19,9.92e-06
drift,28,0,7.52e-06
drift,28,1,9.472e-06
drift,28,2,1.0528e-05
drift,28,3,6.144e-06
drift,28,4,9.088e-06
drift,28,5,9.504e-06
drift,28,6,9.376e-06
drift,28,7,8.992e-06
drift,28,8,7.872e-06
drift,28,9,8.896e-06
particleBC,28,0,1.2479e-05
particleBC,28,1,1.2511e-05
particleBC,28,2,1.0335e-05
particleBC,28,3,1.2991e-05
particleBC,28,4,1.7247e-05
particleBC,28,5,8.96e-06
particleBC,28,6,1.2128e-05
particleBC,28,7,1.1199e-05
particleBC,28,8,9.343e-06
particleBC,28,9,1.3184e-05
updateParticle,28,0,0.063770957
updateParticle,28,1,0.067470409
updateParticle,28,2,0.009795909
updateParticle,28,3,0.064459284
updateParticle,28,4,0.063304668
updateParticle,28,5,0.172719319
updateParticle,28,6,0.009889345
updateParticle,28,7,0.063433048
updateParticle,28,8,0.063607954
updateParticle,28,9,0.050043507
locateParticles,28,0,0.003475653
locateParticles,28,1,0.00347095
locateParticles,28,2,0.003464358
locateParticles,28,3,0.003474245
locateParticles,28,4,0.00345175
locateParticles,28,5,0.003475141
locateParticles,28,6,0.003445253
locateParticles,28,7,0.00346631
locateParticles,28,8,0.00345111
locateParticles,28,9,0.003467205
sendPreprocess,28,0,0.000848098
sendPreprocess,28,1,0.000890913
sendPreprocess,28,2,0.000913568
sendPreprocess,28,3,0.000870498
sendPreprocess,28,4,0.000925279
sendPreprocess,28,5,0.000892705
sendPreprocess,28,6,0.000922016
sendPreprocess,28,7,0.000912063
sendPreprocess,28,8,0.000976989
sendPreprocess,28,9,0.000885696
particleSend,28,0,0.001114616
particleSend,28,1,0.001159895
particleSend,28,2,0.001042043
particleSend,28,3,0.001064826
particleSend,28,4,0.001079322
particleSend,28,5,0.001122488
particleSend,28,6,0.001047387
particleSend,28,7,0.001022172
particleSend,28,8,0.001015388
particleSend,28,9,0.001125113
particleRecv,28,0,4.0639e-05
particleRecv,28,1,3.8462e-05
particleRecv,28,2,4.1343e-05
particleRecv,28,3,4.7262e-05
particleRecv,28,4,4.6846e-05
particleRecv,28,5,4.595e-05
particleRecv,28,6,5.5902e-05
particleRecv,28,7,4.3263e-05
particleRecv,28,8,4.8479e-05
particleRecv,28,9,3.795e-05
particleDestroy,28,0,0.002735839
particleDestroy,28,1,0.002739423
particleDestroy,28,2,0.002756638
particleDestroy,28,3,0.002739615
particleDestroy,28,4,0.002741023
particleDestroy,28,5,0.002739519
particleDestroy,28,6,0.002778078
particleDestroy,28,7,0.002761246
particleDestroy,28,8,0.002730591
particleDestroy,28,9,0.002738879
ScatterPIFNUFFT,28,0,0.307984191
ScatterPIFNUFFT,28,1,1.7439e-05
ScatterPIFNUFFT,28,2,0.255447108
ScatterPIFNUFFT,28,3,2.0511e-05
ScatterPIFNUFFT,28,4,0.275611161
ScatterPIFNUFFT,28,5,1.9775e-05
ScatterPIFNUFFT,28,6,0.204992383
ScatterPIFNUFFT,28,7,2.0127e-05
ScatterPIFNUFFT,28,8,0.205254423
ScatterPIFNUFFT,28,9,1.9616e-05
ScatterPIFNUFFT,28,10,0.156509782
ScatterPIFNUFFT,28,11,3.1199e-05
ScatterPIFNUFFT,28,12,0.204974561
ScatterPIFNUFFT,28,13,2.7487e-05
ScatterPIFNUFFT,28,14,0.211177957
ScatterPIFNUFFT,28,15,1.1936e-05
ScatterPIFNUFFT,28,16,0.166217118
ScatterPIFNUFFT,28,17,2.9599e-05
ScatterPIFNUFFT,28,18,0.179160499
ScatterPIFNUFFT,28,19,3.3279e-05
NativeNUFFT1,28,0,0.303541021
NativeNUFFT1,28,1,0.252980956
NativeNUFFT1,28,2,0.271292178
NativeNUFFT1,28,3,0.200811028
NativeNUFFT1,28,4,0.200822772
NativeNUFFT1,28,5,0.15310939
NativeNUFFT1,28,6,0.200337733
NativeNUFFT1,28,7,0.206778337
NativeNUFFT1,28,8,0.161646272
NativeNUFFT1,28,9,0.17573054
scatterTimerNUFFT1,28,0,0.165274432
scatterTimerNUFFT1,28,1,0.112679816
scatterTimerNUFFT1,28,2,0.132795901
scatterTimerNUFFT1,28,3,0.073632175
scatterTimerNUFFT1,28,4,0.07402973
scatterTimerNUFFT1,28,5,0.020891387
scatterTimerNUFFT1,28,6,0.074163453
scatterTimerNUFFT1,28,7,0.081798478
scatterTimerNUFFT1,28,8,0.021159731
scatterTimerNUFFT1,28,9,0.037999933
binSort,28,0,0.003858136
binSort,28,1,0.003784794
binSort,28,2,0.003866039
binSort,28,3,0.003765755
binSort,28,4,0.003871991
binSort,28,5,0.003762266
binSort,28,6,0.00379257
binSort,28,7,0.003794201
binSort,28,8,0.003918133
binSort,28,9,0.003792474
binSort,28,10,0.003807577
binSort,28,11,0.003817464
binSort,28,12,0.003898582
binSort,28,13,0.003814521
binSort,28,14,0.003742811
binSort,28,15,0.00375801
binSort,28,16,0.003921334
binSort,28,17,0.003770714
binSort,28,18,0.003809849
binSort,28,19,0.003743836
binSort,28,20,0.003908053
binSort,28,21,0.003827193
binSort,28,22,0.003829752
binSort,28,23,0.00379481
binSort,28,24,0.003841656
binSort,28,25,0.003811673
binSort,28,26,0.00378697
binSort,28,27,0.003801049
binSort,28,28,0.003901334
binSort,28,29,0.003860823
binSort,28,30,0.003771707
binSort,28,31,0.003836952
binSort,28,32,0.003857335
binSort,28,33,0.003843928
binSort,28,34,0.003759675
binSort,28,35,0.003822969
binSort,28,36,0.003869879
binSort,28,37,0.003845016
binSort,28,38,0.003836024
binSort,28,39,0.003755131
binComputeKeys,28,0,0.000362611
binComputeKeys,28,1,0.000353939
binComputeKeys,28,2,0.000361651
binComputeKeys,28,3,0.000361844
binComputeKeys,28,4,0.000356948
binComputeKeys,28,5,0.000352979
binComputeKeys,28,6,0.0003525
binComputeKeys,28,7,0.000353299
binComputeKeys,28,8,0.000383507
binComputeKeys,28,9,0.000357907
binComputeKeys,28,10,0.000377939
binComputeKeys,28,11,0.000367955
binComputeKeys,28,12,0.000372883
binComputeKeys,28,13,0.000356787
binComputeKeys,28,14,0.000357267
binComputeKeys,28,15,0.000352595
binComputeKeys,28,16,0.000372019
binComputeKeys,28,17,0.000370099
binComputeKeys,28,18,0.000355604
binComputeKeys,28,19,0.0003509
binComputeKeys,28,20,0.000364435
binComputeKeys,28,21,0.000364628
binComputeKeys,28,22,0.000363539
binComputeKeys,28,23,0.000354835
binComputeKeys,28,24,0.000368114
binComputeKeys,28,25,0.000364883
binComputeKeys,28,26,0.000355699
binComputeKeys,28,27,0.000381234
binComputeKeys,28,28,0.000366227
binComputeKeys,28,29,0.000366419
binComputeKeys,28,30,0.000359636
binComputeKeys,28,31,0.00035778
binComputeKeys,28,32,0.00038821
binComputeKeys,28,33,0.000370867
binComputeKeys,28,34,0.000363507
binComputeKeys,28,35,0.00035538
binComputeKeys,28,36,0.000364467
binComputeKeys,28,37,0.000353652
binComputeKeys,28,38,0.000371315
binComputeKeys,28,39,0.000355284
binSortByKey,28,0,0.003296076
binSortByKey,28,1,0.003241517
binSortByKey,28,2,0.003300619
binSortByKey,28,3,0.00321947
binSortByKey,28,4,0.003307914
binSortByKey,28,5,0.003229646
binSortByKey,28,6,0.003247373
binSortByKey,28,7,0.003247213
binSortByKey,28,8,0.003335337
binSortByKey,28,9,0.003242478
binSortByKey,28,10,0.003242925
binSortByKey,28,11,0.003255948
binSortByKey,28,12,0.00332513
binSortByKey,28,13,0.003264077
binSortByKey,28,14,0.003211406
binSortByKey,28,15,0.003225966
binSortByKey,28,16,0.00334721
binSortByKey,28,17,0.003223213
binSortByKey,28,18,0.003246253
binSortByKey,28,19,0.003220334
binSortByKey,28,20,0.003332425
binSortByKey,28,21,0.003273068
binSortByKey,28,22,0.003276172
binSortByKey,28,23,0.003250093
binSortByKey,28,24,0.003274061
binSortByKey,28,25,0.003253709
binSortByKey,28,26,0.003245741
binSortByKey,28,27,0.003245549
binSortByKey,28,28,0.003331466
binSortByKey,28,29,0.003295275
binSortByKey,28,30,0.003233613
binSortByKey,28,31,0.003277483
binSortByKey,28,32,0.003272812
binSortByKey,28,33,0.003276236
binSortByKey,28,34,0.003224334
binSortByKey,28,35,0.003278444
binSortByKey,28,36,0.003301739
binSortByKey,28,37,0.003297067
binSortByKey,28,38,0.003269676
binSortByKey,28,39,0.003218157
binComputeOffsets,28,0,0.000195289
binComputeOffsets,28,1,0.00018793
binComputeOffsets,28,2,0.000200473
binComputeOffsets,28,3,0.000181465
binComputeOffsets,28,4,0.000203705
binComputeOffsets,28,5,0.000177657
binComputeOffsets,28,6,0.000189689
binComputeOffsets,28,7,0.000190041
binComputeOffsets,28,8,0.000196217
binComputeOffsets,28,9,0.000189178
binComputeOffsets,28,10,0.000184825
binComputeOffsets,28,11,0.000190745
binComputeOffsets,28,12,0.000197241
binComputeOffsets,28,13,0.000190969
binComputeOffsets,28,14,0.000172154
binComputeOffsets,28,15,0.000177401
binComputeOffsets,28,16,0.000196889
binComputeOffsets,28,17,0.000175354
binComputeOffsets,28,18,0.000206136
binComputeOffsets,28,19,0.000170746
binComputeOffsets,28,20,0.000208057
binComputeOffsets,28,21,0.00018617
binComputeOffsets,28,22,0.000188313
binComputeOffsets,28,23,0.000187546
binComputeOffsets,28,24,0.000196058
binComputeOffsets,28,25,0.000190873
binComputeOffsets,28,26,0.000182778
binComputeOffsets,28,27,0.000170746
binComputeOffsets,28,28,0.000197849
binComputeOffsets,28,29,0.000195737
binComputeOffsets,28,30,0.000175034
binComputeOffsets,28,31,0.000200153
binComputeOffsets,28,32,0.000191929
binComputeOffsets,28,33,0.000193849
binComputeOffsets,28,34,0.000169242
binComputeOffsets,28,35,0.000186554
binComputeOffsets,28,36,0.000199833
binComputeOffsets,28,37,0.000191801
binComputeOffsets,28,38,0.000191417
binComputeOffsets,28,39,0.000179514
FFTNUFFT1,28,0,0.137616116
FFTNUFFT1,28,1,0.139650187
FFTNUFFT1,28,2,0.137844908
FFTNUFFT1,28,3,0.126364642
FFTNUFFT1,28,4,0.125982031
FFTNUFFT1,28,5,0.131549867
FFTNUFFT1,28,6,0.125357061
FFTNUFFT1,28,7,0.124169168
FFTNUFFT1,28,8,0.139826405
FFTNUFFT1,28,9,0.137083078
deconvolutionNUFFT1,28,0,0.000647722
deconvolutionNUFFT1,28,1,0.000647945
deconvolutionNUFFT1,28,2,0.000648169
deconvolutionNUFFT1,28,3,0.000809379
deconvolutionNUFFT1,28,4,0.000805091
deconvolutionNUFFT1,28,5,0.000664104
deconvolutionNUFFT1,28,6,0.000813379
deconvolutionNUFFT1,28,7,0.000806371
deconvolutionNUFFT1,28,8,0.000654217
deconvolutionNUFFT1,28,9,0.000644969
GatherPIFNUFFT,28,0,0.458433355
GatherPIFNUFFT,28,1,0.456019521
GatherPIFNUFFT,28,2,0.450233166
GatherPIFNUFFT,28,3,0.463171108
GatherPIFNUFFT,28,4,0.466206392
GatherPIFNUFFT,28,5,0.454256831
GatherPIFNUFFT,28,6,0.466299605
GatherPIFNUFFT,28,7,0.467256339
GatherPIFNUFFT,28,8,0.455215869
GatherPIFNUFFT,28,9,0.458279409
NativeNUFFT2,28,0,0.148772328
NativeNUFFT2,28,1,0.153907858
NativeNUFFT2,28,2,0.153906898
NativeNUFFT2,28,3,0.147895144
NativeNUFFT2,28,4,0.152513988
NativeNUFFT2,28,5,0.152814905
NativeNUFFT2,28,6,0.144571293
NativeNUFFT2,28,7,0.152677727
NativeNUFFT2,28,8,0.151144116
NativeNUFFT2,28,9,0.156012553
NativeNUFFT2,28,10,0.152879223
NativeNUFFT2,28,11,0.152618335
NativeNUFFT2,28,12,0.157363768
NativeNUFFT2,28,13,0.153368709
NativeNUFFT2,28,14,0.153829268
NativeNUFFT2,28,15,0.150870173
NativeNUFFT2,28,16,0.148938851
NativeNUFFT2,28,17,0.152864567
NativeNUFFT2,28,18,0.157674094
NativeNUFFT2,28,19,0.153991567
NativeNUFFT2,28,20,0.153055696
NativeNUFFT2,28,21,0.155708978
NativeNUFFT2,28,22,0.15168269
NativeNUFFT2,28,23,0.158311766
NativeNUFFT2,28,24,0.146039594
NativeNUFFT2,28,25,0.15785751
NativeNUFFT2,28,26,0.149674152
NativeNUFFT2,28,27,0.148366295
NativeNUFFT2,28,28,0.152879542
NativeNUFFT2,28,29,0.154443455
PrecorrectionNUFFT2,28,0,0.00153745
PrecorrectionNUFFT2,28,1,0.002413002
PrecorrectionNUFFT2,28,2,0.002411947
PrecorrectionNUFFT2,28,3,0.001534474
PrecorrectionNUFFT2,28,4,0.002460809
PrecorrectionNUFFT2,28,5,0.002449673
PrecorrectionNUFFT2,28,6,0.001531082
PrecorrectionNUFFT2,28,7,0.002407371
PrecorrectionNUFFT2,28,8,0.002426154
PrecorrectionNUFFT2,28,9,0.00153313
PrecorrectionNUFFT2,28,10,0.002374796
PrecorrectionNUFFT2,28,11,0.00241505
PrecorrectionNUFFT2,28,12,0.001564104
PrecorrectionNUFFT2,28,13,0.002440618
PrecorrectionNUFFT2,28,14,0.002391243
PrecorrectionNUFFT2,28,15,0.001543817
PrecorrectionNUFFT2,28,16,0.002441609
PrecorrectionNUFFT2,28,17,0.002407499
PrecorrectionNUFFT2,28,18,0.001533705
PrecorrectionNUFFT2,28,19,0.002455145
PrecorrectionNUFFT2,28,20,0.002438665
PrecorrectionNUFFT2,28,21,0.001530794
PrecorrectionNUFFT2,28,22,0.002445226
PrecorrectionNUFFT2,28,23,0.002413803
PrecorrectionNUFFT2,28,24,0.001533482
PrecorrectionNUFFT2,28,25,0.002409322
PrecorrectionNUFFT2,28,26,0.002427978
PrecorrectionNUFFT2,28,27,0.001565576
PrecorrectionNUFFT2,28,28,0.00241345
PrecorrectionNUFFT2,28,29,0.002406251
FFTNUFFT2,28,0,0.129526993
FFTNUFFT2,28,1,0.136763922
FFTNUFFT2,28,2,0.135009872
FFTNUFFT2,28,3,0.125030513
FFTNUFFT2,28,4,0.134516929
FFTNUFFT2,28,5,0.126537372
FFTNUFFT2,28,6,0.127822382
FFTNUFFT2,28,7,0.129684301
FFTNUFFT2,28,8,0.13286038
FFTNUFFT2,28,9,0.139385269
FFTNUFFT2,28,10,0.137851434
FFTNUFFT2,28,11,0.132599526
FFTNUFFT2,28,12,0.143107186
FFTNUFFT2,28,13,0.129480467
FFTNUFFT2,28,14,0.131847489
FFTNUFFT2,28,15,0.136601687
FFTNUFFT2,28,16,0.125219883
FFTNUFFT2,28,17,0.136709427
FFTNUFFT2,28,18,0.135126252
FFTNUFFT2,28,19,0.13820387
FFTNUFFT2,28,20,0.13664543
FFTNUFFT2,28,21,0.130200698
FFTNUFFT2,28,22,0.136444958
FFTNUFFT2,28,23,0.138714668
FFTNUFFT2,28,24,0.128609331
FFTNUFFT2,28,25,0.142702176
FFTNUFFT2,28,26,0.124686558
FFTNUFFT2,28,27,0.131644327
FFTNUFFT2,28,28,0.135314949
FFTNUFFT2,28,29,0.139372149
GatherNUFFT2,28,0,0.012125619
GatherNUFFT2,28,1,0.008948386
GatherNUFFT2,28,2,0.010753123
GatherNUFFT2,28,3,0.015746099
GatherNUFFT2,28,4,0.009956799
GatherNUFFT2,28,5,0.018069184
GatherNUFFT2,28,6,0.009478032
GatherNUFFT2,28,7,0.014822163
GatherNUFFT2,28,8,0.01027122
GatherNUFFT2,28,9,0.009326326
GatherNUFFT2,28,10,0.007060934
GatherNUFFT2,28,11,0.012037045
GatherNUFFT2,28,12,0.007103557
GatherNUFFT2,28,13,0.015712468
GatherNUFFT2,28,14,0.014000399
GatherNUFFT2,28,15,0.007133891
GatherNUFFT2,28,16,0.015528955
GatherNUFFT2,28,17,0.008173054
GatherNUFFT2,28,18,0.015275683
GatherNUFFT2,28,19,0.007741998
GatherNUFFT2,28,20,0.008243579
GatherNUFFT2,28,21,0.018209274
GatherNUFFT2,28,22,0.007197121
GatherNUFFT2,28,23,0.011599237
GatherNUFFT2,28,24,0.010305844
GatherNUFFT2,28,25,0.007167682
GatherNUFFT2,28,26,0.016793324
GatherNUFFT2,28,27,0.009576077
GatherNUFFT2,28,28,0.009580236
GatherNUFFT2,28,29,0.007074853
mainTimer,29,0,7.524179267
dumpData,29,0,0.009329173
dumpData,29,1,0.007459768
dumpData,29,2,0.007209536
dumpData,29,3,0.008577392
dumpData,29,4,0.008426933
dumpData,29,5,0.00765256
dumpData,29,6,0.0076732
dumpData,29,7,0.008886406
dumpData,29,8,0.008010309
dumpData,29,9,0.007655121
kick,29,0,4.6622e-05
kick,29,1,9.216e-06
kick,29,2,4.419e-05
kick,29,3,8.288e-06
kick,29,4,4.0831e-05
kick,29,5,1.0752e-05
kick,29,6,4.4542e-05
kick,29,7,8.288e-06
kick,29,8,4.4798e-05
kick,29,9,1.0656e-05
kick,29,10,3.8846e-05
kick,29,11,7.808e-06
kick,29,12,3.8815e-05
kick,29,13,9.248e-06
kick,29,14,4.4446e-05
kick,29,15,9.695e-06
kick,29,16,3.7567e-05
kick,29,17,8.671e-06
kick,29,18,4.323e-05
kick,29,19,8.832e-06
drift,29,0,8.736e-06
drift,29,1,9.376e-06
drift,29,2,8.416e-06
drift,29,3,7.552e-06
drift,29,4,8.16e-06
drift,29,5,9.344e-06
drift,29,6,9.888e-06
drift,29,7,6.912e-06
drift,29,8,8.16e-06
drift,29,9,6.944e-06
particleBC,29,0,1.3023e-05
particleBC,29,1,1.4431e-05
particleBC,29,2,1.1903e-05
particleBC,29,3,1.1872e-05
particleBC,29,4,1.7759e-05
particleBC,29,5,1.1264e-05
particleBC,29,6,9.92e-06
particleBC,29,7,1.0751e-05
particleBC,29,8,9.631e-06
particleBC,29,9,1.3376e-05
updateParticle,29,0,0.063638897
updateParticle,29,1,0.067528199
updateParticle,29,2,0.009795909
updateParticle,29,3,0.064383607
updateParticle,29,4,0.063312572
updateParticle,29,5,0.17275391
updateParticle,29,6,0.009940895
updateParticle,29,7,0.063398937
updateParticle,29,8,0.063746221
updateParticle,29,9,0.050091057
locateParticles,29,0,0.003587681
locateParticles,29,1,0.003601953
locateParticles,29,2,0.003589953
locateParticles,29,3,0.003595937
locateParticles,29,4,0.003588257
locateParticles,29,5,0.00359936
locateParticles,29,6,0.003579297
locateParticles,29,7,0.003592897
locateParticles,29,8,0.003590433
locateParticles,29,9,0.003599456
sendPreprocess,29,0,0.000735782
sendPreprocess,29,1,0.000760965
sendPreprocess,29,2,0.000789508
sendPreprocess,29,3,0.000752197
sendPreprocess,29,4,0.000789956
sendPreprocess,29,5,0.000769733
sendPreprocess,29,6,0.000790947
sendPreprocess,29,7,0.000786628
sendPreprocess,29,8,0.000840066
sendPreprocess,29,9,0.000756293
particleSend,29,0,0.000998044
particleSend,29,1,0.001073786
particleSend,29,2,0.001033339
particleSend,29,3,0.001014109
particleSend,29,4,0.001051387
particleSend,29,5,0.001089913
particleSend,29,6,0.001134744
particleSend,29,7,0.001116985
particleSend,29,8,0.001064539
particleSend,29,9,0.001005725
particleRecv,29,0,4.4991e-05
particleRecv,29,1,4.1182e-05
particleRecv,29,2,4.2399e-05
particleRecv,29,3,4.4927e-05
particleRecv,29,4,4.7454e-05
particleRecv,29,5,4.7518e-05
particleRecv,29,6,4.3007e-05
particleRecv,29,7,3.9742e-05
particleRecv,29,8,4.4063e-05
particleRecv,29,9,4.6718e-05
particleDestroy,29,0,0.002949655
particleDestroy,29,1,0.002934584
particleDestroy,29,2,0.002951799
particleDestroy,29,3,0.002936376
particleDestroy,29,4,0.002943992
particleDestroy,29,5,0.002936824
particleDestroy,29,6,0.002919544
particleDestroy,29,7,0.002926809
particleDestroy,29,8,0.002913593
particleDestroy,29,9,0.00293804
ScatterPIFNUFFT,29,0,0.30722217
ScatterPIFNUFFT,29,1,2.0895e-05
ScatterPIFNUFFT,29,2,0.25674143
ScatterPIFNUFFT,29,3,3.4783e-05
ScatterPIFNUFFT,29,4,0.269885828
ScatterPIFNUFFT,29,5,1.3696e-05
ScatterPIFNUFFT,29,6,0.210371458
ScatterPIFNUFFT,29,7,2.2015e-05
ScatterPIFNUFFT,29,8,0.213622383
ScatterPIFNUFFT,29,9,2.8095e-05
ScatterPIFNUFFT,29,10,0.160907642
ScatterPIFNUFFT,29,11,1.6959e-05
ScatterPIFNUFFT,29,12,0.202303423
ScatterPIFNUFFT,29,13,1.5999e-05
ScatterPIFNUFFT,29,14,0.218566911
ScatterPIFNUFFT,29,15,2.3871e-05
ScatterPIFNUFFT,29,16,0.162870229
ScatterPIFNUFFT,29,17,1.9456e-05
ScatterPIFNUFFT,29,18,0.178523145
ScatterPIFNUFFT,29,19,3.1391e-05
NativeNUFFT1,29,0,0.302739224
NativeNUFFT1,29,1,0.252203767
NativeNUFFT1,29,2,0.265330278
NativeNUFFT1,29,3,0.206077145
NativeNUFFT1,29,4,0.209146861
NativeNUFFT1,29,5,0.157501427
NativeNUFFT1,29,6,0.197837246
NativeNUFFT1,29,7,0.214134076
NativeNUFFT1,29,8,0.158693385
NativeNUFFT1,29,9,0.174080488
scatterTimerNUFFT1,29,0,0.165568693
scatterTimerNUFFT1,29,1,0.110027365
scatterTimerNUFFT1,29,2,0.131721316
scatterTimerNUFFT1,29,3,0.074236345
scatterTimerNUFFT1,29,4,0.074150174
scatterTimerNUFFT1,29,5,0.020951001
scatterTimerNUFFT1,29,6,0.07482183
scatterTimerNUFFT1,29,7,0.081833388
scatterTimerNUFFT1,29,8,0.021616739
scatterTimerNUFFT1,29,9,0.037525359
binSort,29,0,0.004065072
binSort,29,1,0.004023505
binSort,29,2,0.004019665
binSort,29,3,0.003982803
binSort,29,4,0.004139373
binSort,29,5,0.004021873
binSort,29,6,0.003975443
binSort,29,7,0.003979315
binSort,29,8,0.004002066
binSort,29,9,0.004002514
binSort,29,10,0.004020274
binSort,29,11,0.004019825
binSort,29,12,0.00401269
binSort,29,13,0.003992402
binSort,29,14,0.004053648
binSort,29,15,0.003983923
binSort,29,16,0.004062128
binSort,29,17,0.004072144
binSort,29,18,0.003982451
binSort,29,19,0.003959252
binSort,29,20,0.004024881
binSort,29,21,0.004058192
binSort,29,22,0.004011378
binSort,29,23,0.003990099
binSort,29,24,0.0040692
binSort,29,25,0.004016786
binSort,29,26,0.00398517
binSort,29,27,0.004063343
binSort,29,28,0.004066416
binSort,29,29,0.004015698
binSort,29,30,0.003982387
binSort,29,31,0.00402165
binSort,29,32,0.004085519
binSort,29,33,0.004005874
binSort,29,34,0.003995347
binSort,29,35,0.003971923
binSort,29,36,0.004112461
binSort,29,37,0.003998547
binSort,29,38,0.004000914
binSort,29,39,0.003984083
binComputeKeys,29,0,0.000396466
binComputeKeys,29,1,0.000384594
binComputeKeys,29,2,0.000395474
binComputeKeys,29,3,0.000378194
binComputeKeys,29,4,0.000390578
binComputeKeys,29,5,0.000384754
binComputeKeys,29,6,0.000377779
binComputeKeys,29,7,0.000380627
binComputeKeys,29,8,0.000388082
binComputeKeys,29,9,0.00038245
binComputeKeys,29,10,0.000376787
binComputeKeys,29,11,0.000396242
binComputeKeys,29,12,0.000371635
binComputeKeys,29,13,0.00038117
binComputeKeys,29,14,0.000380626
binComputeKeys,29,15,0.000381331
binComputeKeys,29,16,0.00039253
binComputeKeys,29,17,0.000377522
binComputeKeys,29,18,0.000376402
binComputeKeys,29,19,0.000377907
binComputeKeys,29,20,0.000373235
binComputeKeys,29,21,0.000385395
binComputeKeys,29,22,0.000388498
binComputeKeys,29,23,0.000380307
binComputeKeys,29,24,0.000389523
binComputeKeys,29,25,0.000376978
binComputeKeys,29,26,0.000392754
binComputeKeys,29,27,0.00038133
binComputeKeys,29,28,0.000390066
binComputeKeys,29,29,0.000393714
binComputeKeys,29,30,0.000378674
binComputeKeys,29,31,0.000374355
binComputeKeys,29,32,0.00039093
binComputeKeys,29,33,0.000373426
binComputeKeys,29,34,0.000381267
binComputeKeys,29,35,0.000379186
binComputeKeys,29,36,0.000389426
binComputeKeys,29,37,0.000390899
binComputeKeys,29,38,0.000396882
binComputeKeys,29,39,0.00038389
binSortByKey,29,0,0.003470085
binSortByKey,29,1,0.003442342
binSortByKey,29,2,0.003429286
binSortByKey,29,3,0.003416583
binSortByKey,29,4,0.003527587
binSortByKey,29,5,0.003443398
binSortByKey,29,6,0.003412071
binSortByKey,29,7,0.003406183
binSortByKey,29,8,0.003418855
binSortByKey,29,9,0.003421831
binSortByKey,29,10,0.003441126
binSortByKey,29,11,0.003436774
binSortByKey,29,12,0.003440774
binSortByKey,29,13,0.003423015
binSortByKey,29,14,0.003464101
binSortByKey,29,15,0.00341428
binSortByKey,29,16,0.003466597
binSortByKey,29,17,0.003480581
binSortByKey,29,18,0.003420231
binSortByKey,29,19,0.003397831
binSortByKey,29,20,0.003440646
binSortByKey,29,21,0.003458725
binSortByKey,29,22,0.003435463
binSortByKey,29,23,0.003423622
binSortByKey,29,24,0.003478148
binSortByKey,29,25,0.003435559
binSortByKey,29,26,0.003406855
binSortByKey,29,27,0.003470757
binSortByKey,29,28,0.003474085
binSortByKey,29,29,0.003430182
binSortByKey,29,30,0.003415687
binSortByKey,29,31,0.003446502
binSortByKey,29,32,0.003493956
binSortByKey,29,33,0.003436775
binSortByKey,29,34,0.003421383
binSortByKey,29,35,0.003407239
binSortByKey,29,36,0.003507363
binSortByKey,29,37,0.003420774
binSortByKey,29,38,0.003417863
binSortByKey,29,39,0.003413032
binComputeOffsets,29,0,0.000196441
binComputeOffsets,29,1,0.000194521
binComputeOffsets,29,2,0.000192761
binComputeOffsets,29,3,0.00018665
binComputeOffsets,29,4,0.0002174
binComputeOffsets,29,5,0.000192889
binComputeOffsets,29,6,0.00018489
binComputeOffsets,29,7,0.000190937
binComputeOffsets,29,8,0.000192505
binComputeOffsets,29,9,0.000196025
binComputeOffsets,29,10,0.000199705
binComputeOffsets,29,11,0.000185561
binComputeOffsets,29,12,0.000197785
binComputeOffsets,29,13,0.000187705
binComputeOffsets,29,14,0.000206777
binComputeOffsets,29,15,0.000186905
binComputeOffsets,29,16,0.000198745
binComputeOffsets,29,17,0.000210297
binComputeOffsets,29,18,0.000184954
binComputeOffsets,29,19,0.000182682
binComputeOffsets,29,20,0.000207896
binComputeOffsets,29,21,0.000211384
binComputeOffsets,29,22,0.000185305
binComputeOffsets,29,23,0.000184282
binComputeOffsets,29,24,0.000198745
binComputeOffsets,29,25,0.000201785
binComputeOffsets,29,26,0.000184314
binComputeOffsets,29,27,0.000208408
binComputeOffsets,29,28,0.000199417
binComputeOffsets,29,29,0.000188794
binComputeOffsets,29,30,0.00018633
binComputeOffsets,29,31,0.000199897
binComputeOffsets,29,32,0.000194969
binComputeOffsets,29,33,0.000194105
binComputeOffsets,29,34,0.000191353
binComputeOffsets,29,35,0.000184218
binComputeOffsets,29,36,0.000211608
binComputeOffsets,29,37,0.000185114
binComputeOffsets,29,38,0.000184153
binComputeOffsets,29,39,0.000186073
FFTNUFFT1,29,0,0.136509787
FFTNUFFT1,29,1,0.141523849
FFTNUFFT1,29,2,0.132792511
FFTNUFFT1,29,3,0.131042813
FFTNUFFT1,29,4,0.13417534
FFTNUFFT1,29,5,0.135900177
FFTNUFFT1,29,6,0.122193141
FFTNUFFT1,29,7,0.131489677
FFTNUFFT1,29,8,0.136266178
FFTNUFFT1,29,9,0.135908752
deconvolutionNUFFT1,29,0,0.000656936
deconvolutionNUFFT1,29,1,0.000646569
deconvolutionNUFFT1,29,2,0.000812964
deconvolutionNUFFT1,29,3,0.000793508
deconvolutionNUFFT1,29,4,0.000817411
deconvolutionNUFFT1,29,5,0.000645801
deconvolutionNUFFT1,29,6,0.000818915
deconvolutionNUFFT1,29,7,0.000808739
deconvolutionNUFFT1,29,8,0.000805348
deconvolutionNUFFT1,29,9,0.000644106
GatherPIFNUFFT,29,0,0.460959441
GatherPIFNUFFT,29,1,0.454865322
GatherPIFNUFFT,29,2,0.457456686
GatherPIFNUFFT,29,3,0.458743168
GatherPIFNUFFT,29,4,0.458532328
GatherPIFNUFFT,29,5,0.451246826
GatherPIFNUFFT,29,6,0.469290539
GatherPIFNUFFT,29,7,0.457943932
GatherPIFNUFFT,29,8,0.4579615
GatherPIFNUFFT,29,9,0.458985879
NativeNUFFT2,29,0,0.149786084
NativeNUFFT2,29,1,0.153405572
NativeNUFFT2,29,2,0.153746456
NativeNUFFT2,29,3,0.144345413
NativeNUFFT2,29,4,0.152427206
NativeNUFFT2,29,5,0.153980911
NativeNUFFT2,29,6,0.151446314
NativeNUFFT2,29,7,0.152597729
NativeNUFFT2,29,8,0.151898073
NativeNUFFT2,29,9,0.151398763
NativeNUFFT2,29,10,0.151476424
NativeNUFFT2,29,11,0.153735192
NativeNUFFT2,29,12,0.148981954
NativeNUFFT2,29,13,0.154608953
NativeNUFFT2,29,14,0.153410403
NativeNUFFT2,29,15,0.146397435
NativeNUFFT2,29,16,0.147636722
NativeNUFFT2,29,17,0.155638964
NativeNUFFT2,29,18,0.160838621
NativeNUFFT2,29,19,0.154025454
NativeNUFFT2,29,20,0.152892502
NativeNUFFT2,29,21,0.147159585
NativeNUFFT2,29,22,0.151468618
NativeNUFFT2,29,23,0.157673325
NativeNUFFT2,29,24,0.150180983
NativeNUFFT2,29,25,0.156097669
NativeNUFFT2,29,26,0.149428657
NativeNUFFT2,29,27,0.149426577
NativeNUFFT2,29,28,0.152907381
NativeNUFFT2,29,29,0.153697977
PrecorrectionNUFFT2,29,0,0.001578696
PrecorrectionNUFFT2,29,1,0.002490856
PrecorrectionNUFFT2,29,2,0.002507463
PrecorrectionNUFFT2,29,3,0.001573448
PrecorrectionNUFFT2,29,4,0.002497447
PrecorrectionNUFFT2,29,5,0.002516391
PrecorrectionNUFFT2,29,6,0.001588456
PrecorrectionNUFFT2,29,7,0.002519591
PrecorrectionNUFFT2,29,8,0.002502696
PrecorrectionNUFFT2,29,9,0.001560553
PrecorrectionNUFFT2,29,10,0.002498151
PrecorrectionNUFFT2,29,11,0.002524646
PrecorrectionNUFFT2,29,12,0.001558921
PrecorrectionNUFFT2,29,13,0.002504007
PrecorrectionNUFFT2,29,14,0.002483144
PrecorrectionNUFFT2,29,15,0.001565128
PrecorrectionNUFFT2,29,16,0.002509704
PrecorrectionNUFFT2,29,17,0.002494503
PrecorrectionNUFFT2,29,18,0.001570792
PrecorrectionNUFFT2,29,19,0.002501223
PrecorrectionNUFFT2,29,20,0.002476264
PrecorrectionNUFFT2,29,21,0.001581032
PrecorrectionNUFFT2,29,22,0.002499848
PrecorrectionNUFFT2,29,23,0.002527335
PrecorrectionNUFFT2,29,24,0.001551945
PrecorrectionNUFFT2,29,25,0.002505863
PrecorrectionNUFFT2,29,26,0.002492072
PrecorrectionNUFFT2,29,27,0.001565288
PrecorrectionNUFFT2,29,28,0.002530022
PrecorrectionNUFFT2,29,29,0.00252119
FFTNUFFT2,29,0,0.134777784
FFTNUFFT2,29,1,0.137264833
FFTNUFFT2,29,2,0.128794637
FFTNUFFT2,29,3,0.127289921
FFTNUFFT2,29,4,0.129700971
FFTNUFFT2,29,5,0.138079428
FFTNUFFT2,29,6,0.130692137
FFTNUFFT2,29,7,0.127844047
FFTNUFFT2,29,8,0.13330254
FFTNUFFT2,29,9,0.128494071
FFTNUFFT2,29,10,0.132555879
FFTNUFFT2,29,11,0.121953086
FFTNUFFT2,29,12,0.131000638
FFTNUFFT2,29,13,0.131107609
FFTNUFFT2,29,14,0.136364992
FFTNUFFT2,29,15,0.130034432
FFTNUFFT2,29,16,0.127609719
FFTNUFFT2,29,17,0.139635787
FFTNUFFT2,29,18,0.136343233
FFTNUFFT2,29,19,0.138469205
FFTNUFFT2,29,20,0.133965685
FFTNUFFT2,29,21,0.122157719
FFTNUFFT2,29,22,0.125563455
FFTNUFFT2,29,23,0.14171037
FFTNUFFT2,29,24,0.130113213
FFTNUFFT2,29,25,0.138112354
FFTNUFFT2,29,26,0.132793695
FFTNUFFT2,29,27,0.134753465
FFTNUFFT2,29,28,0.135277958
FFTNUFFT2,29,29,0.122287955
GatherNUFFT2,29,0,0.007606291
GatherNUFFT2,29,1,0.007703182
GatherNUFFT2,29,2,0.016460729
GatherNUFFT2,29,3,0.009663018
GatherNUFFT2,29,4,0.014282662
GatherNUFFT2,29,5,0.007412601
GatherNUFFT2,29,6,0.013325223
GatherNUFFT2,29,7,0.016261664
GatherNUFFT2,29,8,0.010299539
GatherNUFFT2,29,9,0.01537568
GatherNUFFT2,29,10,0.010461358
GatherNUFFT2,29,11,0.023299878
GatherNUFFT2,29,12,0.010451438
GatherNUFFT2,29,13,0.015031948
GatherNUFFT2,29,14,0.008587631
GatherNUFFT2,29,15,0.008983713
GatherNUFFT2,29,16,0.01169261
GatherNUFFT2,29,17,0.007702799
GatherNUFFT2,29,18,0.016973735
GatherNUFFT2,29,19,0.007275806
GatherNUFFT2,29,20,0.010624423
GatherNUFFT2,29,21,0.017486133
GatherNUFFT2,29,22,0.017578642
GatherNUFFT2,29,23,0.007585299
GatherNUFFT2,29,24,0.012696702
GatherNUFFT2,29,25,0.009675401
GatherNUFFT2,29,26,0.008186718
GatherNUFFT2,29,27,0.007274686
GatherNUFFT2,29,28,0.009253849
GatherNUFFT2,29,29,0.022904307
mainTimer,30,0,7.524180867
dumpData,30,0,0.009796229
dumpData,30,1,0.008565681
dumpData,30,2,0.008213437
dumpData,30,3,0.007878793
dumpData,30,4,0.009525199
dumpData,30,5,0.008752201
dumpData,30,6,0.008337177
dumpData,30,7,0.007259167
dumpData,30,8,0.008635759
dumpData,30,9,0.008793609
kick,30,0,4.9534e-05
kick,30,1,1.0431e-05
kick,30,2,4.4606e-05
kick,30,3,9.375e-06
kick,30,4,3.9711e-05
kick,30,5,6.944e-06
kick,30,6,4.2014e-05
kick,30,7,8.544e-06
kick,30,8,4.3742e-05
kick,30,9,8.544e-06
kick,30,10,3.9198e-05
kick,30,11,7.36e-06
kick,30,12,3.8014e-05
kick,30,13,6.303e-06
kick,30,14,4.3038e-05
kick,30,15,6.432e-06
kick,30,16,3.7951e-05
kick,30,17,6.015e-06
kick,30,18,4.3902e-05
kick,30,19,8.096e-06
drift,30,0,7.84e-06
drift,30,1,8.704e-06
drift,30,2,7.552e-06
drift,30,3,5.888e-06
drift,30,4,9.824e-06
drift,30,5,8.32e-06
drift,30,6,9.152e-06
drift,30,7,8.032e-06
drift,30,8,6.624e-06
drift,30,9,8.096e-06
particleBC,30,0,1.3279e-05
particleBC,30,1,1.2543e-05
particleBC,30,2,1.0879e-05
particleBC,30,3,1.168e-05
particleBC,30,4,1.5391e-05
particleBC,30,5,9.824e-06
particleBC,30,6,1.0624e-05
particleBC,30,7,1.3023e-05
particleBC,30,8,1.0623e-05
particleBC,30,9,1.312e-05
updateParticle,30,0,0.063769325
updateParticle,30,1,0.067455562
updateParticle,30,2,0.009871427
updateParticle,30,3,0.064236859
updateParticle,30,4,0.063431704
updateParticle,30,5,0.172832115
updateParticle,30,6,0.009897441
updateParticle,30,7,0.063525621
updateParticle,30,8,0.063769548
updateParticle,30,9,0.050077809
locateParticles,30,0,0.003601984
locateParticles,30,1,0.003608385
locateParticles,30,2,0.003631648
locateParticles,30,3,0.00367219
locateParticles,30,4,0.003616512
locateParticles,30,5,0.003611584
locateParticles,30,6,0.003617439
locateParticles,30,7,0.003607521
locateParticles,30,8,0.003604417
locateParticles,30,9,0.003640607
sendPreprocess,30,0,0.000723303
sendPreprocess,30,1,0.000758661
sendPreprocess,30,2,0.000752869
sendPreprocess,30,3,0.000680935
sendPreprocess,30,4,0.000766917
sendPreprocess,30,5,0.000761093
sendPreprocess,30,6,0.000755045
sendPreprocess,30,7,0.000770084
sendPreprocess,30,8,0.000826531
sendPreprocess,30,9,0.000716998
particleSend,30,0,0.001071258
particleSend,30,1,0.001007036
particleSend,30,2,0.001093337
particleSend,30,3,0.001147416
particleSend,30,4,0.001149143
particleSend,30,5,0.001162583
particleSend,30,6,0.001157399
particleSend,30,7,0.001014556
particleSend,30,8,0.001078362
particleSend,30,9,0.001005597
particleRecv,30,0,4.1886e-05
particleRecv,30,1,4.4894e-05
particleRecv,30,2,4.1631e-05
particleRecv,30,3,3.4175e-05
particleRecv,30,4,3.9935e-05
particleRecv,30,5,3.7791e-05
particleRecv,30,6,3.4751e-05
particleRecv,30,7,4.8287e-05
particleRecv,30,8,3.6095e-05
particleRecv,30,9,4.6142e-05
particleDestroy,30,0,0.002962679
particleDestroy,30,1,0.002971063
particleDestroy,30,2,0.002958295
particleDestroy,30,3,0.002974774
particleDestroy,30,4,0.002957527
particleDestroy,30,5,0.002948408
particleDestroy,30,6,0.002947607
particleDestroy,30,7,0.00297247
particleDestroy,30,8,0.00294092
particleDestroy,30,9,0.002957655
ScatterPIFNUFFT,30,0,0.305804429
ScatterPIFNUFFT,30,1,2.1248e-05
ScatterPIFNUFFT,30,2,0.256648282
ScatterPIFNUFFT,30,3,4.0415e-05
ScatterPIFNUFFT,30,4,0.273053364
ScatterPIFNUFFT,30,5,4.7966e-05
ScatterPIFNUFFT,30,6,0.211660339
ScatterPIFNUFFT,30,7,1.6319e-05
ScatterPIFNUFFT,30,8,0.209082544
ScatterPIFNUFFT,30,9,2.0063e-05
ScatterPIFNUFFT,30,10,0.153187468
ScatterPIFNUFFT,30,11,2.5727e-05
ScatterPIFNUFFT,30,12,0.210989964
ScatterPIFNUFFT,30,13,1.6575e-05
ScatterPIFNUFFT,30,14,0.224095644
ScatterPIFNUFFT,30,15,1.8815e-05
ScatterPIFNUFFT,30,16,0.165225665
ScatterPIFNUFFT,30,17,1.7663e-05
ScatterPIFNUFFT,30,18,0.169372238
ScatterPIFNUFFT,30,19,1.4144e-05
NativeNUFFT1,30,0,0.301412968
NativeNUFFT1,30,1,0.254167825
NativeNUFFT1,30,2,0.268662063
NativeNUFFT1,30,3,0.20725928
NativeNUFFT1,30,4,0.204650348
NativeNUFFT1,30,5,0.148805128
NativeNUFFT1,30,6,0.206476747
NativeNUFFT1,30,7,0.219716247
NativeNUFFT1,30,8,0.161043861
NativeNUFFT1,30,9,0.165972071
scatterTimerNUFFT1,30,0,0.16491662
scatterTimerNUFFT1,30,1,0.112455024
scatterTimerNUFFT1,30,2,0.132298159
scatterTimerNUFFT1,30,3,0.073847752
scatterTimerNUFFT1,30,4,0.073700109
scatterTimerNUFFT1,30,5,0.020465291
scatterTimerNUFFT1,30,6,0.075121787
scatterTimerNUFFT1,30,7,0.081708145
scatterTimerNUFFT1,30,8,0.021950103
scatterTimerNUFFT1,30,9,0.038050684
binSort,30,0,0.004017842
binSort,30,1,0.004019986
binSort,30,2,0.004039505
binSort,30,3,0.004015634
binSort,30,4,0.004012402
binSort,30,5,0.00401685
binSort,30,6,0.003992594
binSort,30,7,0.003987091
binSort,30,8,0.004076527
binSort,30,9,0.003981843
binSort,30,10,0.003954676
binSort,30,11,0.004032113
binSort,30,12,0.004053296
binSort,30,13,0.004019057
binSort,30,14,0.004047185
binSort,30,15,0.003953619
binSort,30,16,0.004025137
binSort,30,17,0.004054385
binSort,30,18,0.003973907
binSort,30,19,0.003987091
binSort,30,20,0.004149197
binSort,30,21,0.004006929
binSort,30,22,0.004008147
binSort,30,23,0.003965684
binSort,30,24,0.004058512
binSort,30,25,0.003990099
binSort,30,26,0.004031505
binSort,30,27,0.004028209
binSort,30,28,0.004019282
binSort,30,29,0.004062672
binSort,30,30,0.004013394
binSort,30,31,0.004014706
binSort,30,32,0.004070576
binSort,30,33,0.003974484
binSort,30,34,0.003983667
binSort,30,35,0.004001042
binSort,30,36,0.004032433
binSort,30,37,0.004071504
binSort,30,38,0.004030353
binSort,30,39,0.004001746
binComputeKeys,30,0,0.000386675
binComputeKeys,30,1,0.000379699
binComputeKeys,30,2,0.000386994
binComputeKeys,30,3,0.000375155
binComputeKeys,30,4,0.000376403
binComputeKeys,30,5,0.000375731
binComputeKeys,30,6,0.000381554
binComputeKeys,30,7,0.000389907
binComputeKeys,30,8,0.000390002
binComputeKeys,30,9,0.000383379
binComputeKeys,30,10,0.000373107
binComputeKeys,30,11,0.00038325
binComputeKeys,30,12,0.00038949
binComputeKeys,30,13,0.000385555
binComputeKeys,30,14,0.000395058
binComputeKeys,30,15,0.000369843
binComputeKeys,30,16,0.000386322
binComputeKeys,30,17,0.000381491
binComputeKeys,30,18,0.000374994
binComputeKeys,30,19,0.000382034
binComputeKeys,30,20,0.000393554
binComputeKeys,30,21,0.000394162
binComputeKeys,30,22,0.000382771
binComputeKeys,30,23,0.000376307
binComputeKeys,30,24,0.000381523
binComputeKeys,30,25,0.000379314
binComputeKeys,30,26,0.000373459
binComputeKeys,30,27,0.000395378
binComputeKeys,30,28,0.000380179
binComputeKeys,30,29,0.00037957
binComputeKeys,30,30,0.000374771
binComputeKeys,30,31,0.000393906
binComputeKeys,30,32,0.000379379
binComputeKeys,30,33,0.000377971
binComputeKeys,30,34,0.000379347
binComputeKeys,30,35,0.000388562
binComputeKeys,30,36,0.000372403
binComputeKeys,30,37,0.000395954
binComputeKeys,30,38,0.000373587
binComputeKeys,30,39,0.000377555
binSortByKey,30,0,0.003428678
binSortByKey,30,1,0.00343239
binSortByKey,30,2,0.003440422
binSortByKey,30,3,0.003442598
binSortByKey,30,4,0.00343319
binSortByKey,30,5,0.00344135
binSortByKey,30,6,0.003416167
binSortByKey,30,7,0.0034058
binSortByKey,30,8,0.003485029
binSortByKey,30,9,0.003413255
binSortByKey,30,10,0.003395527
binSortByKey,30,11,0.003444742
binSortByKey,30,12,0.003463717
binSortByKey,30,13,0.00343495
binSortByKey,30,14,0.003454854
binSortByKey,30,15,0.003399336
binSortByKey,30,16,0.003439974
binSortByKey,30,17,0.003475717
binSortByKey,30,18,0.003412743
binSortByKey,30,19,0.003416647
binSortByKey,30,20,0.003533667
binSortByKey,30,21,0.003429095
binSortByKey,30,22,0.003431654
binSortByKey,30,23,0.003404391
binSortByKey,30,24,0.003475525
binSortByKey,30,25,0.003423815
binSortByKey,30,26,0.003457605
binSortByKey,30,27,0.003437414
binSortByKey,30,28,0.003441702
binSortByKey,30,29,0.003481381
binSortByKey,30,30,0.003440934
binSortByKey,30,31,0.003432839
binSortByKey,30,32,0.003488804
binSortByKey,30,33,0.003407751
binSortByKey,30,34,0.003413735
binSortByKey,30,35,0.003420903
binSortByKey,30,36,0.003451173
binSortByKey,30,37,0.003480069
binSortByKey,30,38,0.003451494
binSortByKey,30,39,0.003430886
binComputeOffsets,30,0,0.000199353
binComputeOffsets,30,1,0.000206297
binComputeOffsets,30,2,0.000210009
binComputeOffsets,30,3,0.000193017
binComputeOffsets,30,4,0.000200761
binComputeOffsets,30,5,0.000198297
binComputeOffsets,30,6,0.000191385
binComputeOffsets,30,7,0.000188025
binComputeOffsets,30,8,0.00019916
binComputeOffsets,30,9,0.00018377
binComputeOffsets,30,10,0.000183674
binComputeOffsets,30,11,0.000199161
binComputeOffsets,30,12,0.000196537
binComputeOffsets,30,13,0.000193529
binComputeOffsets,30,14,0.000195161
binComputeOffsets,30,15,0.000183449
binComputeOffsets,30,16,0.000193497
binComputeOffsets,30,17,0.000195321
binComputeOffsets,30,18,0.000184506
binComputeOffsets,30,19,0.00018761
binComputeOffsets,30,20,0.000216664
binComputeOffsets,30,21,0.000181945
binComputeOffsets,30,22,0.000190042
binComputeOffsets,30,23,0.000183546
binComputeOffsets,30,24,0.000198393
binComputeOffsets,30,25,0.000185274
binComputeOffsets,30,26,0.000198873
binComputeOffsets,30,27,0.000192633
binComputeOffsets,30,28,0.000193433
binComputeOffsets,30,29,0.000199225
binComputeOffsets,30,30,0.000194489
binComputeOffsets,30,31,0.000186809
binComputeOffsets,30,32,0.000195993
binComputeOffsets,30,33,0.000187098
binComputeOffsets,30,34,0.000187417
binComputeOffsets,30,35,0.000189145
binComputeOffsets,30,36,0.000206777
binComputeOffsets,30,37,0.000193593
binComputeOffsets,30,38,0.000203224
binComputeOffsets,30,39,0.000190169
FFTNUFFT1,30,0,0.135846579
FFTNUFFT1,30,1,0.141057177
FFTNUFFT1,30,2,0.135690904
FFTNUFFT1,30,3,0.13274352
FFTNUFFT1,30,4,0.130128796
FFTNUFFT1,30,5,0.127504986
FFTNUFFT1,30,6,0.130531278
FFTNUFFT1,30,7,0.137201187
FFTNUFFT1,30,8,0.138429046
FFTNUFFT1,30,9,0.127098536
deconvolutionNUFFT1,30,0,0.000645833
deconvolutionNUFFT1,30,1,0.000649386
deconvolutionNUFFT1,30,2,0.000670024
deconvolutionNUFFT1,30,3,0.000665576
deconvolutionNUFFT1,30,4,0.000816003
deconvolutionNUFFT1,30,5,0.000831491
deconvolutionNUFFT1,30,6,0.000819299
deconvolutionNUFFT1,30,7,0.000803043
deconvolutionNUFFT1,30,8,0.000659272
deconvolutionNUFFT1,30,9,0.000819299
GatherPIFNUFFT,30,0,0.463099493
GatherPIFNUFFT,30,1,0.454918184
GatherPIFNUFFT,30,2,0.452758901
GatherPIFNUFFT,30,3,0.457776867
GatherPIFNUFFT,30,4,0.462272803
GatherPIFNUFFT,30,5,0.45740488
GatherPIFNUFFT,30,6,0.458883803
GatherPIFNUFFT,30,7,0.45450831
GatherPIFNUFFT,30,8,0.456133437
GatherPIFNUFFT,30,9,0.466094299
NativeNUFFT2,30,0,0.152792761
NativeNUFFT2,30,1,0.154499453
NativeNUFFT2,30,2,0.153089263
NativeNUFFT2,30,3,0.14491333
NativeNUFFT2,30,4,0.152333578
NativeNUFFT2,30,5,0.1530612
NativeNUFFT2,30,6,0.146331838
NativeNUFFT2,30,7,0.15231294
NativeNUFFT2,30,8,0.151928056
NativeNUFFT2,30,9,0.149003105
NativeNUFFT2,30,10,0.151790078
NativeNUFFT2,30,11,0.154801075
NativeNUFFT2,30,12,0.152447046
NativeNUFFT2,30,13,0.154115946
NativeNUFFT2,30,14,0.153503457
NativeNUFFT2,30,15,0.154379138
NativeNUFFT2,30,16,0.149024992
NativeNUFFT2,30,17,0.152401095
NativeNUFFT2,30,18,0.15022143
NativeNUFFT2,30,19,0.153755447
NativeNUFFT2,30,20,0.153261576
NativeNUFFT2,30,21,0.142797243
NativeNUFFT2,30,22,0.150867454
NativeNUFFT2,30,23,0.159283283
NativeNUFFT2,30,24,0.148523825
NativeNUFFT2,30,25,0.155685715
NativeNUFFT2,30,26,0.149746757
NativeNUFFT2,30,27,0.158753863
NativeNUFFT2,30,28,0.153692186
NativeNUFFT2,30,29,0.15199183
PrecorrectionNUFFT2,30,0,0.0015674
PrecorrectionNUFFT2,30,1,0.002508359
PrecorrectionNUFFT2,30,2,0.002491464
PrecorrectionNUFFT2,30,3,0.001594088
PrecorrectionNUFFT2,30,4,0.002498856
PrecorrectionNUFFT2,30,5,0.002482856
PrecorrectionNUFFT2,30,6,0.001585544
PrecorrectionNUFFT2,30,7,0.002509575
PrecorrectionNUFFT2,30,8,0.002504232
PrecorrectionNUFFT2,30,9,0.001571689
PrecorrectionNUFFT2,30,10,0.002498792
PrecorrectionNUFFT2,30,11,0.002525959
PrecorrectionNUFFT2,30,12,0.001582632
PrecorrectionNUFFT2,30,13,0.002514599
PrecorrectionNUFFT2,30,14,0.002521319
PrecorrectionNUFFT2,30,15,0.001574249
PrecorrectionNUFFT2,30,16,0.002497352
PrecorrectionNUFFT2,30,17,0.002485479
PrecorrectionNUFFT2,30,18,0.001569608
PrecorrectionNUFFT2,30,19,0.002542598
PrecorrectionNUFFT2,30,20,0.002515399
PrecorrectionNUFFT2,30,21,0.001562697
PrecorrectionNUFFT2,30,22,0.002491112
PrecorrectionNUFFT2,30,23,0.002520486
PrecorrectionNUFFT2,30,24,0.001588584
PrecorrectionNUFFT2,30,25,0.002516646
PrecorrectionNUFFT2,30,26,0.002500807
PrecorrectionNUFFT2,30,27,0.001566024
PrecorrectionNUFFT2,30,28,0.00251351
PrecorrectionNUFFT2,30,29,0.002494248
FFTNUFFT2,30,0,0.134791447
FFTNUFFT2,30,1,0.1364719
FFTNUFFT2,30,2,0.133754749
FFTNUFFT2,30,3,0.126022222
FFTNUFFT2,30,4,0.134443043
FFTNUFFT2,30,5,0.12721738
FFTNUFFT2,30,6,0.131759908
FFTNUFFT2,30,7,0.132655652
FFTNUFFT2,30,8,0.131219318
FFTNUFFT2,30,9,0.132186484
FFTNUFFT2,30,10,0.135825523
FFTNUFFT2,30,11,0.136491931
FFTNUFFT2,30,12,0.137356861
FFTNUFFT2,30,13,0.136381823
FFTNUFFT2,30,14,0.123535526
FFTNUFFT2,30,15,0.13972324
FFTNUFFT2,30,16,0.12212796
FFTNUFFT2,30,17,0.123055831
FFTNUFFT2,30,18,0.130275832
FFTNUFFT2,30,19,0.13444458
FFTNUFFT2,30,20,0.135924176
FFTNUFFT2,30,21,0.117101323
FFTNUFFT2,30,22,0.134426917
FFTNUFFT2,30,23,0.142587747
FFTNUFFT2,30,24,0.132769216
FFTNUFFT2,30,25,0.130806085
FFTNUFFT2,30,26,0.125611613
FFTNUFFT2,30,27,0.143924916
FFTNUFFT2,30,28,0.131268277
FFTNUFFT2,30,29,0.129234461
GatherNUFFT2,30,0,0.01062196
GatherNUFFT2,30,1,0.009511822
GatherNUFFT2,30,2,0.010843135
GatherNUFFT2,30,3,0.011330223
GatherNUFFT2,30,4,0.009577165
GatherNUFFT2,30,5,0.017386551
GatherNUFFT2,30,6,0.007174722
GatherNUFFT2,30,7,0.011160053
GatherNUFFT2,30,8,0.012366314
GatherNUFFT2,30,9,0.009239417
GatherNUFFT2,30,10,0.007638577
GatherNUFFT2,30,11,0.009775813
GatherNUFFT2,30,12,0.007674608
GatherNUFFT2,30,13,0.00937826
GatherNUFFT2,30,14,0.021466407
GatherNUFFT2,30,15,0.007243519
GatherNUFFT2,30,16,0.018410772
GatherNUFFT2,30,17,0.020876572
GatherNUFFT2,30,18,0.01255738
GatherNUFFT2,30,19,0.010752931
GatherNUFFT2,30,20,0.00900048
GatherNUFFT2,30,21,0.018308791
GatherNUFFT2,30,22,0.008123104
GatherNUFFT2,30,23,0.008183903
GatherNUFFT2,30,24,0.008157951
GatherNUFFT2,30,25,0.016359804
GatherNUFFT2,30,26,0.015634485
GatherNUFFT2,30,27,0.007400122
GatherNUFFT2,30,28,0.013903827
GatherNUFFT2,30,29,0.014255718
mainTimer,31,0,7.524181059
dumpData,31,0,0.008742282
dumpData,31,1,0.007922824
dumpData,31,2,0.0076772
dumpData,31,3,0.00733238
dumpData,31,4,0.008887333
dumpData,31,5,0.008194941
dumpData,31,6,0.007189665
dumpData,31,7,0.008311034
dumpData,31,8,0.007005352
dumpData,31,9,0.007079078
kick,31,0,4.9886e-05
kick,31,1,8.096e-06
kick,31,2,4.4286e-05
kick,31,3,1.1007e-05
kick,31,4,4.0255e-05
kick,31,5,9.663e-06
kick,31,6,4.3518e-05
kick,31,7,6.176e-06
kick,31,8,4.4766e-05
kick,31,9,1.232e-05
kick,31,10,3.8462e-05
kick,31,11,1.4912e-05
kick,31,12,4.0286e-05
kick,31,13,1.1328e-05
kick,31,14,4.4894e-05
kick,31,15,8.48e-06
kick,31,16,3.7727e-05
kick,31,17,7.648e-06
kick,31,18,4.2111e-05
kick,31,19,1.1807e-05
drift,31,0,6.528e-06
drift,31,1,8.544e-06
drift,31,2,8.832e-06
drift,31,3,7.392e-06
drift,31,4,8.352e-06
drift,31,5,7.584e-06
drift,31,6,1.008e-05
drift,31,7,7.36e-06
drift,31,8,8.576e-06
drift,31,9,8.672e-06
particleBC,31,0,1.2639e-05
particleBC,31,1,1.4719e-05
particleBC,31,2,1.0175e-05
particleBC,31,3,1.1648e-05
particleBC,31,4,1.6575e-05
particleBC,31,5,1.2096e-05
particleBC,31,6,1.0176e-05
particleBC,31,7,1.1583e-05
particleBC,31,8,9.855e-06
particleBC,31,9,1.424e-05
updateParticle,31,0,0.063707183
updateParticle,31,1,0.067483625
updateParticle,31,2,0.009914977
updateParticle,31,3,0.064465299
updateParticle,31,4,0.063410169
updateParticle,31,5,0.172802612
updateParticle,31,6,0.009946815
updateParticle,31,7,0.063513813
updateParticle,31,8,0.063668719
updateParticle,31,9,0.050122224
locateParticles,31,0,0.003723068
locateParticles,31,1,0.003731644
locateParticles,31,2,0.003731964
locateParticles,31,3,0.003719004
locateParticles,31,4,0.003714588
locateParticles,31,5,0.003732123
locateParticles,31,6,0.00370838
locateParticles,31,7,0.003724477
locateParticles,31,8,0.003743228
locateParticles,31,9,0.00376537
sendPreprocess,31,0,0.000603051
sendPreprocess,31,1,0.000635114
sendPreprocess,31,2,0.000653321
sendPreprocess,31,3,0.000633289
sendPreprocess,31,4,0.000670121
sendPreprocess,31,5,0.000641674
sendPreprocess,31,6,0.000665096
sendPreprocess,31,7,0.000654696
sendPreprocess,31,8,0.000689415
sendPreprocess,31,9,0.000592491
particleSend,31,0,0.001040443
particleSend,31,1,0.00102038
particleSend,31,2,0.001050875
particleSend,31,3,0.001045659
particleSend,31,4,0.001081305
particleSend,31,5,0.001071674
particleSend,31,6,0.001117849
particleSend,31,7,0.001121177
particleSend,31,8,0.001043355
particleSend,31,9,0.001078458
particleRecv,31,0,4.4094e-05
particleRecv,31,1,3.6478e-05
particleRecv,31,2,4.611e-05
particleRecv,31,3,4.1631e-05
particleRecv,31,4,4.4127e-05
particleRecv,31,5,4.2174e-05
particleRecv,31,6,4.6142e-05
particleRecv,31,7,4.2174e-05
particleRecv,31,8,4.6879e-05
particleRecv,31,9,3.7887e-05
particleDestroy,31,0,0.003200495
particleDestroy,31,1,0.003233006
particleDestroy,31,2,0.00321915
particleDestroy,31,3,0.003206798
particleDestroy,31,4,0.003209614
particleDestroy,31,5,0.003230766
particleDestroy,31,6,0.003230765
particleDestroy,31,7,0.003228814
particleDestroy,31,8,0.003196366
particleDestroy,31,9,0.003204654
ScatterPIFNUFFT,31,0,0.306717803
ScatterPIFNUFFT,31,1,3.3343e-05
ScatterPIFNUFFT,31,2,0.256966127
ScatterPIFNUFFT,31,3,4.6015e-05
ScatterPIFNUFFT,31,4,0.272794973
ScatterPIFNUFFT,31,5,5.6222e-05
ScatterPIFNUFFT,31,6,0.212398649
ScatterPIFNUFFT,31,7,2.0415e-05
ScatterPIFNUFFT,31,8,0.209755799
ScatterPIFNUFFT,31,9,2.1503e-05
ScatterPIFNUFFT,31,10,0.149450896
ScatterPIFNUFFT,31,11,7.04e-06
ScatterPIFNUFFT,31,12,0.210802931
ScatterPIFNUFFT,31,13,3.0015e-05
ScatterPIFNUFFT,31,14,0.217984116
ScatterPIFNUFFT,31,15,3.8078e-05
ScatterPIFNUFFT,31,16,0.162731578
ScatterPIFNUFFT,31,17,2.9919e-05
ScatterPIFNUFFT,31,18,0.169122583
ScatterPIFNUFFT,31,19,2.2719e-05
NativeNUFFT1,31,0,0.30228804
NativeNUFFT1,31,1,0.252345554
NativeNUFFT1,31,2,0.268552915
NativeNUFFT1,31,3,0.208049588
NativeNUFFT1,31,4,0.205355411
NativeNUFFT1,31,5,0.144926576
NativeNUFFT1,31,6,0.206389391
NativeNUFFT1,31,7,0.213623215
NativeNUFFT1,31,8,0.158249656
NativeNUFFT1,31,9,0.164595032
scatterTimerNUFFT1,31,0,0.165202402
scatterTimerNUFFT1,31,1,0.110365146
scatterTimerNUFFT1,31,2,0.13165383
scatterTimerNUFFT1,31,3,0.074067488
scatterTimerNUFFT1,31,4,0.07397818
scatterTimerNUFFT1,31,5,0.020932794
scatterTimerNUFFT1,31,6,0.075407537
scatterTimerNUFFT1,31,7,0.08177339
scatterTimerNUFFT1,31,8,0.021822939
scatterTimerNUFFT1,31,9,0.037130749
binSort,31,0,0.004217483
binSort,31,1,0.004240298
binSort,31,2,0.004256617
binSort,31,3,0.00423905
binSort,31,4,0.004355334
binSort,31,5,0.004190092
binSort,31,6,0.004194507
binSort,31,7,0.004239754
binSort,31,8,0.004298632
binSort,31,9,0.004266281
binSort,31,10,0.004316103
binSort,31,11,0.004315303
binSort,31,12,0.004265833
binSort,31,13,0.004237994
binSort,31,14,0.004323559
binSort,31,15,0.00423937
binSort,31,16,0.004218314
binSort,31,17,0.004287593
binSort,31,18,0.004241514
binSort,31,19,0.00423425
binSort,31,20,0.004324966
binSort,31,21,0.004319879
binSort,31,22,0.004265225
binSort,31,23,0.004203852
binSort,31,24,0.004269737
binSort,31,25,0.004196395
binSort,31,26,0.004270441
binSort,31,27,0.00433943
binSort,31,28,0.004212651
binSort,31,29,0.004180876
binSort,31,30,0.004238186
binSort,31,31,0.004233994
binSort,31,32,0.004258953
binSort,31,33,0.004282952
binSort,31,34,0.004254634
binSort,31,35,0.004273033
binSort,31,36,0.004362085
binSort,31,37,0.004325991
binSort,31,38,0.004276521
binSort,31,39,0.004208778
binComputeKeys,31,0,0.000404658
binComputeKeys,31,1,0.000422865
binComputeKeys,31,2,0.000411506
binComputeKeys,31,3,0.000418769
binComputeKeys,31,4,0.000410386
binComputeKeys,31,5,0.00039509
binComputeKeys,31,6,0.000399889
binComputeKeys,31,7,0.00039381
binComputeKeys,31,8,0.000419729
binComputeKeys,31,9,0.000395922
binComputeKeys,31,10,0.000435056
binComputeKeys,31,11,0.00039333
binComputeKeys,31,12,0.000421522
binComputeKeys,31,13,0.000405266
binComputeKeys,31,14,0.000404978
binComputeKeys,31,15,0.000391858
binComputeKeys,31,16,0.000406161
binComputeKeys,31,17,0.00041333
binComputeKeys,31,18,0.000395922
binComputeKeys,31,19,0.000394098
binComputeKeys,31,20,0.000418417
binComputeKeys,31,21,0.000406514
binComputeKeys,31,22,0.000404146
binComputeKeys,31,23,0.00039637
binComputeKeys,31,24,0.000416977
binComputeKeys,31,25,0.000395442
binComputeKeys,31,26,0.000400914
binComputeKeys,31,27,0.000411377
binComputeKeys,31,28,0.000402706
binComputeKeys,31,29,0.000394418
binComputeKeys,31,30,0.000395122
binComputeKeys,31,31,0.000395602
binComputeKeys,31,32,0.00043064
binComputeKeys,31,33,0.000411825
binComputeKeys,31,34,0.000404242
binComputeKeys,31,35,0.000394226
binComputeKeys,31,36,0.000424881
binComputeKeys,31,37,0.000402865
binComputeKeys,31,38,0.000399794
binComputeKeys,31,39,0.000400914
binSortByKey,31,0,0.003611968
binSortByKey,31,1,0.00362272
binSortByKey,31,2,0.003649342
binSortByKey,31,3,0.003624256
binSortByKey,31,4,0.003723516
binSortByKey,31,5,0.003602849
binSortByKey,31,6,0.003601281
binSortByKey,31,7,0.003635103
binSortByKey,31,8,0.003678718
binSortByKey,31,9,0.003653695
binSortByKey,31,10,0.003670974
binSortByKey,31,11,0.003690333
binSortByKey,31,12,0.003637535
binSortByKey,31,13,0.003635647
binSortByKey,31,14,0.003708412
binSortByKey,31,15,0.003643167
binSortByKey,31,16,0.003611553
binSortByKey,31,17,0.003666974
binSortByKey,31,18,0.003637727
binSortByKey,31,19,0.003634751
binSortByKey,31,20,0.003682909
binSortByKey,31,21,0.00369494
binSortByKey,31,22,0.003653055
binSortByKey,31,23,0.003615296
binSortByKey,31,24,0.00365347
binSortByKey,31,25,0.003608448
binSortByKey,31,26,0.003652031
binSortByKey,31,27,0.003705533
binSortByKey,31,28,0.003612832
binSortByKey,31,29,0.003595809
binSortByKey,31,30,0.003633119
binSortByKey,31,31,0.003636927
binSortByKey,31,32,0.003627584
binSortByKey,31,33,0.003658143
binSortByKey,31,34,0.003641055
binSortByKey,31,35,0.003663678
binSortByKey,31,36,0.003711196
binSortByKey,31,37,0.003709213
binSortByKey,31,38,0.00366851
binSortByKey,31,39,0.003612768
binComputeOffsets,31,0,0.000199481
binComputeOffsets,31,1,0.000193209
binComputeOffsets,31,2,0.000194137
binComputeOffsets,31,3,0.000193337
binComputeOffsets,31,4,0.00021772
binComputeOffsets,31,5,0.000190393
binComputeOffsets,31,6,0.000191321
binComputeOffsets,31,7,0.000209913
binComputeOffsets,31,8,0.000197337
binComputeOffsets,31,9,0.000215192
binComputeOffsets,31,10,0.000208921
binComputeOffsets,31,11,0.000228152
binComputeOffsets,31,12,0.000204952
binComputeOffsets,31,13,0.000196313
binComputeOffsets,31,14,0.000208729
binComputeOffsets,31,15,0.000203033
binComputeOffsets,31,16,0.00019657
binComputeOffsets,31,17,0.000205401
binComputeOffsets,31,18,0.000205017
binComputeOffsets,31,19,0.000204025
binComputeOffsets,31,20,0.000220824
binComputeOffsets,31,21,0.000216185
binComputeOffsets,31,22,0.000206712
binComputeOffsets,31,23,0.000191034
binComputeOffsets,31,24,0.000194874
binComputeOffsets,31,25,0.000190937
binComputeOffsets,31,26,0.000215448
binComputeOffsets,31,27,0.000220345
binComputeOffsets,31,28,0.000194809
binComputeOffsets,31,29,0.000188857
binComputeOffsets,31,30,0.000208729
binComputeOffsets,31,31,0.000198745
binComputeOffsets,31,32,0.000197977
binComputeOffsets,31,33,0.000211256
binComputeOffsets,31,34,0.000207609
binComputeOffsets,31,35,0.000212761
binComputeOffsets,31,36,0.00022268
binComputeOffsets,31,37,0.000211801
binComputeOffsets,31,38,0.000205113
binComputeOffsets,31,39,0.000193401
FFTNUFFT1,31,0,0.13641491
FFTNUFFT1,31,1,0.141292209
FFTNUFFT1,31,2,0.136225989
FFTNUFFT1,31,3,0.133313099
FFTNUFFT1,31,4,0.130539309
FFTNUFFT1,31,5,0.12314978
FFTNUFFT1,31,6,0.130311637
FFTNUFFT1,31,7,0.131009374
FFTNUFFT1,31,8,0.135595451
FFTNUFFT1,31,9,0.126634137
deconvolutionNUFFT1,31,0,0.000667336
deconvolutionNUFFT1,31,1,0.000684264
deconvolutionNUFFT1,31,2,0.000669545
deconvolutionNUFFT1,31,3,0.000665833
deconvolutionNUFFT1,31,4,0.00083501
deconvolutionNUFFT1,31,5,0.000840994
deconvolutionNUFFT1,31,6,0.000668233
deconvolutionNUFFT1,31,7,0.000836771
deconvolutionNUFFT1,31,8,0.00082685
deconvolutionNUFFT1,31,9,0.000828322
GatherPIFNUFFT,31,0,0.462021835
GatherPIFNUFFT,31,1,0.454223329
GatherPIFNUFFT,31,2,0.454194402
GatherPIFNUFFT,31,3,0.456283159
GatherPIFNUFFT,31,4,0.461132524
GatherPIFNUFFT,31,5,0.461966031
GatherPIFNUFFT,31,6,0.461307686
GatherPIFNUFFT,31,7,0.459837114
GatherPIFNUFFT,31,8,0.460049171
GatherPIFNUFFT,31,9,0.4691164
NativeNUFFT2,31,0,0.151772157
NativeNUFFT2,31,1,0.153379684
NativeNUFFT2,31,2,0.153319367
NativeNUFFT2,31,3,0.146413596
NativeNUFFT2,31,4,0.15260416
NativeNUFFT2,31,5,0.151668897
NativeNUFFT2,31,6,0.147653103
NativeNUFFT2,31,7,0.152225935
NativeNUFFT2,31,8,0.15123768
NativeNUFFT2,31,9,0.149472303
NativeNUFFT2,31,10,0.151312654
NativeNUFFT2,31,11,0.153884466
NativeNUFFT2,31,12,0.152018902
NativeNUFFT2,31,13,0.1540875
NativeNUFFT2,31,14,0.153361798
NativeNUFFT2,31,15,0.158727591
NativeNUFFT2,31,16,0.147664273
NativeNUFFT2,31,17,0.154011086
NativeNUFFT2,31,18,0.1509447
NativeNUFFT2,31,19,0.153729272
NativeNUFFT2,31,20,0.153596829
NativeNUFFT2,31,21,0.149128411
NativeNUFFT2,31,22,0.150279892
NativeNUFFT2,31,23,0.157367671
NativeNUFFT2,31,24,0.151059863
NativeNUFFT2,31,25,0.156126244
NativeNUFFT2,31,26,0.149833058
NativeNUFFT2,31,27,0.159560682
NativeNUFFT2,31,28,0.152683005
NativeNUFFT2,31,29,0.153832405
PrecorrectionNUFFT2,31,0,0.00163047
PrecorrectionNUFFT2,31,1,0.002570533
PrecorrectionNUFFT2,31,2,0.002545638
PrecorrectionNUFFT2,31,3,0.001626662
PrecorrectionNUFFT2,31,4,0.002575013
PrecorrectionNUFFT2,31,5,0.002567301
PrecorrectionNUFFT2,31,6,0.001624038
PrecorrectionNUFFT2,31,7,0.002573797
PrecorrectionNUFFT2,31,8,0.002574116
PrecorrectionNUFFT2,31,9,0.001591015
PrecorrectionNUFFT2,31,10,0.002577317
PrecorrectionNUFFT2,31,11,0.002571109
PrecorrectionNUFFT2,31,12,0.001603655
PrecorrectionNUFFT2,31,13,0.002573605
PrecorrectionNUFFT2,31,14,0.002593349
PrecorrectionNUFFT2,31,15,0.001613223
PrecorrectionNUFFT2,31,16,0.002584037
PrecorrectionNUFFT2,31,17,0.002602083
PrecorrectionNUFFT2,31,18,0.00164247
PrecorrectionNUFFT2,31,19,0.002579045
PrecorrectionNUFFT2,31,20,0.002581252
PrecorrectionNUFFT2,31,21,0.001653382
PrecorrectionNUFFT2,31,22,0.002559174
PrecorrectionNUFFT2,31,23,0.002573828
PrecorrectionNUFFT2,31,24,0.001641766
PrecorrectionNUFFT2,31,25,0.002582468
PrecorrectionNUFFT2,31,26,0.002576676
PrecorrectionNUFFT2,31,27,0.001620166
PrecorrectionNUFFT2,31,28,0.002571524
PrecorrectionNUFFT2,31,29,0.002592644
FFTNUFFT2,31,0,0.135986445
FFTNUFFT2,31,1,0.136840304
FFTNUFFT2,31,2,0.13476716
FFTNUFFT2,31,3,0.130848515
FFTNUFFT2,31,4,0.136035179
FFTNUFFT2,31,5,0.134512993
FFTNUFFT2,31,6,0.124643967
FFTNUFFT2,31,7,0.127885229
FFTNUFFT2,31,8,0.129780329
FFTNUFFT2,31,9,0.13230584
FFTNUFFT2,31,10,0.131761475
FFTNUFFT2,31,11,0.128758893
FFTNUFFT2,31,12,0.136285699
FFTNUFFT2,31,13,0.135115371
FFTNUFFT2,31,14,0.134479459
FFTNUFFT2,31,15,0.141158038
FFTNUFFT2,31,16,0.125911826
FFTNUFFT2,31,17,0.129825511
FFTNUFFT2,31,18,0.135234313
FFTNUFFT2,31,19,0.131024541
FFTNUFFT2,31,20,0.133906199
FFTNUFFT2,31,21,0.133345835
FFTNUFFT2,31,22,0.128877897
FFTNUFFT2,31,23,0.135266182
FFTNUFFT2,31,24,0.132931898
FFTNUFFT2,31,25,0.128761773
FFTNUFFT2,31,26,0.12186157
FFTNUFFT2,31,27,0.143703868
FFTNUFFT2,31,28,0.133068341
FFTNUFFT2,31,29,0.131533516
GatherNUFFT2,31,0,0.007986853
GatherNUFFT2,31,1,0.007781995
GatherNUFFT2,31,2,0.00986221
GatherNUFFT2,31,3,0.007778284
GatherNUFFT2,31,4,0.007808684
GatherNUFFT2,31,5,0.008392182
GatherNUFFT2,31,6,0.015026124
GatherNUFFT2,31,7,0.015453629
GatherNUFFT2,31,8,0.012711037
GatherNUFFT2,31,9,0.009404467
GatherNUFFT2,31,10,0.010805858
GatherNUFFT2,31,11,0.016219137
GatherNUFFT2,31,12,0.007937607
GatherNUFFT2,31,13,0.010239925
GatherNUFFT2,31,14,0.009942878
GatherNUFFT2,31,15,0.009642314
GatherNUFFT2,31,16,0.013004691
GatherNUFFT2,31,17,0.015232645
GatherNUFFT2,31,18,0.007920424
GatherNUFFT2,31,19,0.013799127
GatherNUFFT2,31,20,0.010946748
GatherNUFFT2,31,21,0.007977349
GatherNUFFT2,31,22,0.012653664
GatherNUFFT2,31,23,0.013166478
GatherNUFFT2,31,24,0.010322291
GatherNUFFT2,31,25,0.018448403
GatherNUFFT2,31,26,0.019064571
GatherNUFFT2,31,27,0.008088034
GatherNUFFT2,31,28,0.010878174
GatherNUFFT2,31,29,0.013362662
mainTimer,32,0,7.52418241
dumpData,32,0,0.009455691
dumpData,32,1,0.008448335
dumpData,32,2,0.008467086
dumpData,32,3,0.008940285
dumpData,32,4,0.009436683
dumpData,32,5,0.008729892
dumpData,32,6,0.007619884
dumpData,32,7,0.008155002
dumpData,32,8,0.009149174
dumpData,32,9,0.007752903
kick,32,0,3.3151e-05
kick,32,1,7.871e-06
kick,32,2,3.0943e-05
kick,32,3,6.272e-06
kick,32,4,4.307e-05
kick,32,5,5.504e-06
kick,32,6,3.4143e-05
kick,32,7,6.048e-06
kick,32,8,3.3567e-05
kick,32,9,6.432e-06
kick,32,10,3.6959e-05
kick,32,11,5.696e-06
kick,32,12,3.4847e-05
kick,32,13,7.68e-06
kick,32,14,3.9391e-05
kick,32,15,1.1743e-05
kick,32,16,3.5231e-05
kick,32,17,8.799e-06
kick,32,18,3.6063e-05
kick,32,19,8.48e-06
drift,32,0,6.847e-06
drift,32,1,7.616e-06
drift,32,2,5.536e-06
drift,32,3,7.392e-06
drift,32,4,6.976e-06
drift,32,5,6.24e-06
drift,32,6,6.496e-06
drift,32,7,5.888e-06
drift,32,8,8.96e-06
drift,32,9,7.103e-06
particleBC,32,0,1.5296e-05
particleBC,32,1,1.4399e-05
particleBC,32,2,1.4751e-05
particleBC,32,3,1.3215e-05
particleBC,32,4,1.5263e-05
particleBC,32,5,1.4399e-05
particleBC,32,6,1.4623e-05
particleBC,32,7,1.3951e-05
particleBC,32,8,1.5743e-05
particleBC,32,9,1.3984e-05
updateParticle,32,0,0.174037963
updateParticle,32,1,0.009383724
updateParticle,32,2,0.045251228
updateParticle,32,3,0.009372013
updateParticle,32,4,0.009474825
updateParticle,32,5,0.009369582
updateParticle,32,6,0.009459499
updateParticle,32,7,0.009437131
updateParticle,32,8,0.009407244
updateParticle,32,9,0.009346862
locateParticles,32,0,0.003791191
locateParticles,32,1,0.003799319
locateParticles,32,2,0.003835158
locateParticles,32,3,0.003830453
locateParticles,32,4,0.003790295
locateParticles,32,5,0.003797943
locateParticles,32,6,0.003795191
locateParticles,32,7,0.003810038
locateParticles,32,8,0.003798999
locateParticles,32,9,0.003802967
sendPreprocess,32,0,0.000553644
sendPreprocess,32,1,0.000580171
sendPreprocess,32,2,0.00054766
sendPreprocess,32,3,0.000558636
sendPreprocess,32,4,0.00060737
sendPreprocess,32,5,0.000579115
sendPreprocess,32,6,0.000585739
sendPreprocess,32,7,0.000581227
sendPreprocess,32,8,0.000630793
sendPreprocess,32,9,0.000567083
particleSend,32,0,0.00121282
particleSend,32,1,0.001157078
particleSend,32,2,0.001161782
particleSend,32,3,0.001136311
particleSend,32,4,0.001052217
particleSend,32,5,0.001107096
particleSend,32,6,0.001131959
particleSend,32,7,0.001172854
particleSend,32,8,0.001108696
particleSend,32,9,0.001130999
particleRecv,32,0,3.9391e-05
particleRecv,32,1,3.9902e-05
particleRecv,32,2,4.3742e-05
particleRecv,32,3,3.8783e-05
particleRecv,32,4,5.3311e-05
particleRecv,32,5,4.7039e-05
particleRecv,32,6,5.4366e-05
particleRecv,32,7,4.147e-05
particleRecv,32,8,4.2334e-05
particleRecv,32,9,4.1023e-05
particleDestroy,32,0,0.002830873
particleDestroy,32,1,0.002821754
particleDestroy,32,2,0.002846874
particleDestroy,32,3,0.002827321
particleDestroy,32,4,0.002856952
particleDestroy,32,5,0.002847673
particleDestroy,32,6,0.002848473
particleDestroy,32,7,0.002844281
particleDestroy,32,8,0.002851833
particleDestroy,32,9,0.002831481
ScatterPIFNUFFT,32,0,0.188694137
ScatterPIFNUFFT,32,1,2.1375e-05
ScatterPIFNUFFT,32,2,0.297987466
ScatterPIFNUFFT,32,3,1.5328e-05
ScatterPIFNUFFT,32,4,0.235481055
ScatterPIFNUFFT,32,5,1.5904e-05
ScatterPIFNUFFT,32,6,0.270535722
ScatterPIFNUFFT,32,7,2.7071e-05
ScatterPIFNUFFT,32,8,0.253601742
ScatterPIFNUFFT,32,9,3.1135e-05
ScatterPIFNUFFT,32,10,0.317403691
ScatterPIFNUFFT,32,11,1.8431e-05
ScatterPIFNUFFT,32,12,0.211331367
ScatterPIFNUFFT,32,13,1.952e-05
ScatterPIFNUFFT,32,14,0.27109231
ScatterPIFNUFFT,32,15,2.7136e-05
ScatterPIFNUFFT,32,16,0.219643738
ScatterPIFNUFFT,32,17,2.7103e-05
ScatterPIFNUFFT,32,18,0.212798546
ScatterPIFNUFFT,32,19,3.1615e-05
NativeNUFFT1,32,0,0.184033313
NativeNUFFT1,32,1,0.293579785
NativeNUFFT1,32,2,0.231046847
NativeNUFFT1,32,3,0.265881939
NativeNUFFT1,32,4,0.249297993
NativeNUFFT1,32,5,0.31272546
NativeNUFFT1,32,6,0.207009092
NativeNUFFT1,32,7,0.266705429
NativeNUFFT1,32,8,0.215206202
NativeNUFFT1,32,9,0.208443024
scatterTimerNUFFT1,32,0,0.055202963
scatterTimerNUFFT1,32,1,0.168633071
scatterTimerNUFFT1,32,2,0.095476677
scatterTimerNUFFT1,32,3,0.128910795
scatterTimerNUFFT1,32,4,0.128323968
scatterTimerNUFFT1,32,5,0.183858535
scatterTimerNUFFT1,32,6,0.075279519
scatterTimerNUFFT1,32,7,0.136835852
scatterTimerNUFFT1,32,8,0.076630924
scatterTimerNUFFT1,32,9,0.078125623
binSort,32,0,0.004266341
binSort,32,1,0.004214727
binSort,32,2,0.00421908
binSort,32,3,0.004241062
binSort,32,4,0.004182217
binSort,32,5,0.004224872
binSort,32,6,0.004255942
binSort,32,7,0.004215336
binSort,32,8,0.004184841
binSort,32,9,0.004270982
binSort,32,10,0.004210792
binSort,32,11,0.004242823
binSort,32,12,0.004351747
binSort,32,13,0.004222759
binSort,32,14,0.004159882
binSort,32,15,0.004176937
binSort,32,16,0.004211336
binSort,32,17,0.00421524
binSort,32,18,0.004240966
binSort,32,19,0.004193865
binSort,32,20,0.004286565
binSort,32,21,0.004242503
binSort,32,22,0.004271462
binSort,32,23,0.004221799
binSort,32,24,0.004239079
binSort,32,25,0.004185768
binSort,32,26,0.004262278
binSort,32,27,0.004238183
binSort,32,28,0.004189128
binSort,32,29,0.004296805
binSort,32,30,0.004196648
binSort,32,31,0.004175177
binSort,32,32,0.004197512
binSort,32,33,0.00425047
binSort,32,34,0.004213512
binSort,32,35,0.004226216
binSort,32,36,0.004187497
binSort,32,37,0.004210311
binSort,32,38,0.004189033
binSort,32,39,0.004176233
binComputeKeys,32,0,0.000405201
binComputeKeys,32,1,0.000413361
binComputeKeys,32,2,0.000393458
binComputeKeys,32,3,0.000404945
binComputeKeys,32,4,0.00039573
binComputeKeys,32,5,0.000412274
binComputeKeys,32,6,0.00040117
binComputeKeys,32,7,0.000397842
binComputeKeys,32,8,0.00040085
binComputeKeys,32,9,0.000401105
binComputeKeys,32,10,0.000406097
binComputeKeys,32,11,0.00039397
binComputeKeys,32,12,0.000418225
binComputeKeys,32,13,0.000398609
binComputeKeys,32,14,0.00039317
binComputeKeys,32,15,0.000395217
binComputeKeys,32,16,0.000405074
binComputeKeys,32,17,0.000410386
binComputeKeys,32,18,0.000396881
binComputeKeys,32,19,0.000406898
binComputeKeys,32,20,0.000415665
binComputeKeys,32,21,0.00039701
binComputeKeys,32,22,0.000401778
binComputeKeys,32,23,0.000399121
binComputeKeys,32,24,0.000409713
binComputeKeys,32,25,0.000403953
binComputeKeys,32,26,0.000394481
binComputeKeys,32,27,0.000394354
binComputeKeys,32,28,0.000400561
binComputeKeys,32,29,0.000403794
binComputeKeys,32,30,0.000411377
binComputeKeys,32,31,0.000393778
binComputeKeys,32,32,0.000408657
binComputeKeys,32,33,0.00040485
binComputeKeys,32,34,0.000401554
binComputeKeys,32,35,0.000402546
binComputeKeys,32,36,0.000393746
binComputeKeys,32,37,0.000399153
binComputeKeys,32,38,0.000395442
binComputeKeys,32,39,0.00039109
binSortByKey,32,0,0.003654204
binSortByKey,32,1,0.003608829
binSortByKey,32,2,0.003622461
binSortByKey,32,3,0.003617853
binSortByKey,32,4,0.003593662
binSortByKey,32,5,0.003619645
binSortByKey,32,6,0.003647036
binSortByKey,32,7,0.003620861
binSortByKey,32,8,0.003590814
binSortByKey,32,9,0.003655292
binSortByKey,32,10,0.003611902
binSortByKey,32,11,0.003638588
binSortByKey,32,12,0.003708986
binSortByKey,32,13,0.003628381
binSortByKey,32,14,0.003577887
binSortByKey,32,15,0.003590782
binSortByKey,32,16,0.003610621
binSortByKey,32,17,0.003614973
binSortByKey,32,18,0.003641021
binSortByKey,32,19,0.003597438
binSortByKey,32,20,0.003664092
binSortByKey,32,21,0.003640092
binSortByKey,32,22,0.003660987
binSortByKey,32,23,0.003616414
binSortByKey,32,24,0.003629629
binSortByKey,32,25,0.003591166
binSortByKey,32,26,0.003639677
binSortByKey,32,27,0.003645628
binSortByKey,32,28,0.003594942
binSortByKey,32,29,0.003667963
binSortByKey,32,30,0.003594878
binSortByKey,32,31,0.003592286
binSortByKey,32,32,0.00359107
binSortByKey,32,33,0.003644924
binSortByKey,32,34,0.003619005
binSortByKey,32,35,0.003625693
binSortByKey,32,36,0.003596062
binSortByKey,32,37,0.003616765
binSortByKey,32,38,0.003601918
binSortByKey,32,39,0.00359379
binComputeOffsets,32,0,0.000206296
binComputeOffsets,32,1,0.000191481
binComputeOffsets,32,2,0.000200857
binComputeOffsets,32,3,0.000216728
binComputeOffsets,32,4,0.000192345
binComputeOffsets,32,5,0.000192057
binComputeOffsets,32,6,0.000206008
binComputeOffsets,32,7,0.000195545
binComputeOffsets,32,8,0.000192633
binComputeOffsets,32,9,0.000214105
binComputeOffsets,32,10,0.000191705
binComputeOffsets,32,11,0.000208569
binComputeOffsets,32,12,0.000223704
binComputeOffsets,32,13,0.000195385
binComputeOffsets,32,14,0.000188409
binComputeOffsets,32,15,0.000189338
binComputeOffsets,32,16,0.000193209
binComputeOffsets,32,17,0.000189049
binComputeOffsets,32,18,0.000202552
binComputeOffsets,32,19,0.000188601
binComputeOffsets,32,20,0.000206008
binComputeOffsets,32,21,0.000204665
binComputeOffsets,32,22,0.000207353
binComputeOffsets,32,23,0.000205464
binComputeOffsets,32,24,0.000198873
binComputeOffsets,32,25,0.000189689
binComputeOffsets,32,26,0.00022684
binComputeOffsets,32,27,0.000195961
binComputeOffsets,32,28,0.000192889
binComputeOffsets,32,29,0.000223512
binComputeOffsets,32,30,0.000189561
binComputeOffsets,32,31,0.000187065
binComputeOffsets,32,32,0.000195737
binComputeOffsets,32,33,0.000199225
binComputeOffsets,32,34,0.000191417
binComputeOffsets,32,35,0.000196921
binComputeOffsets,32,36,0.000195257
binComputeOffsets,32,37,0.000192313
binComputeOffsets,32,38,0.000189561
binComputeOffsets,32,39,0.000189241
FFTNUFFT1,32,0,0.128005452
FFTNUFFT1,32,1,0.12429589
FFTNUFFT1,32,2,0.13490629
FFTNUFFT1,32,3,0.13613623
FFTNUFFT1,32,4,0.120142183
FFTNUFFT1,32,5,0.128220772
FFTNUFFT1,32,6,0.131081948
FFTNUFFT1,32,7,0.129202305
FFTNUFFT1,32,8,0.137753516
FFTNUFFT1,32,9,0.129494262
deconvolutionNUFFT1,32,0,0.000824098
deconvolutionNUFFT1,32,1,0.000649608
deconvolutionNUFFT1,32,2,0.000662792
deconvolutionNUFFT1,32,3,0.000833986
deconvolutionNUFFT1,32,4,0.000830178
deconvolutionNUFFT1,32,5,0.000645001
deconvolutionNUFFT1,32,6,0.000646313
deconvolutionNUFFT1,32,7,0.000665768
deconvolutionNUFFT1,32,8,0.000819651
deconvolutionNUFFT1,32,9,0.000821635
GatherPIFNUFFT,32,0,0.468606096
GatherPIFNUFFT,32,1,0.4717296
GatherPIFNUFFT,32,2,0.456028152
GatherPIFNUFFT,32,3,0.452533559
GatherPIFNUFFT,32,4,0.472073459
GatherPIFNUFFT,32,5,0.45596441
GatherPIFNUFFT,32,6,0.459444092
GatherPIFNUFFT,32,7,0.460993732
GatherPIFNUFFT,32,8,0.455536201
GatherPIFNUFFT,32,9,0.46548349
NativeNUFFT2,32,0,0.158158729
NativeNUFFT2,32,1,0.153338681
NativeNUFFT2,32,2,0.154110076
NativeNUFFT2,32,3,0.165203179
NativeNUFFT2,32,4,0.152435
NativeNUFFT2,32,5,0.151732849
NativeNUFFT2,32,6,0.150983309
NativeNUFFT2,32,7,0.152148067
NativeNUFFT2,32,8,0.151382239
NativeNUFFT2,32,9,0.146959295
NativeNUFFT2,32,10,0.150064878
NativeNUFFT2,32,11,0.153960354
NativeNUFFT2,32,12,0.160782667
NativeNUFFT2,32,13,0.154447759
NativeNUFFT2,32,14,0.153636813
NativeNUFFT2,32,15,0.150787765
NativeNUFFT2,32,16,0.148899831
NativeNUFFT2,32,17,0.154182394
NativeNUFFT2,32,18,0.150526718
NativeNUFFT2,32,19,0.153639661
NativeNUFFT2,32,20,0.153631694
NativeNUFFT2,32,21,0.150470208
NativeNUFFT2,32,22,0.150213544
NativeNUFFT2,32,23,0.158256358
NativeNUFFT2,32,24,0.149833655
NativeNUFFT2,32,25,0.15460257
NativeNUFFT2,32,26,0.149553473
NativeNUFFT2,32,27,0.156797307
NativeNUFFT2,32,28,0.151891595
NativeNUFFT2,32,29,0.154713415
PrecorrectionNUFFT2,32,0,0.001604198
PrecorrectionNUFFT2,32,1,0.002597795
PrecorrectionNUFFT2,32,2,0.002601602
PrecorrectionNUFFT2,32,3,0.00160711
PrecorrectionNUFFT2,32,4,0.002587298
PrecorrectionNUFFT2,32,5,0.002601026
PrecorrectionNUFFT2,32,6,0.001604582
PrecorrectionNUFFT2,32,7,0.002591235
PrecorrectionNUFFT2,32,8,0.00261549
PrecorrectionNUFFT2,32,9,0.001599462
PrecorrectionNUFFT2,32,10,0.002620321
PrecorrectionNUFFT2,32,11,0.002599042
PrecorrectionNUFFT2,32,12,0.00160999
PrecorrectionNUFFT2,32,13,0.002589954
PrecorrectionNUFFT2,32,14,0.002616866
PrecorrectionNUFFT2,32,15,0.00162775
PrecorrectionNUFFT2,32,16,0.002627841
PrecorrectionNUFFT2,32,17,0.002636129
PrecorrectionNUFFT2,32,18,0.001598662
PrecorrectionNUFFT2,32,19,0.002609506
PrecorrectionNUFFT2,32,20,0.00261149
PrecorrectionNUFFT2,32,21,0.001607878
PrecorrectionNUFFT2,32,22,0.00259293
PrecorrectionNUFFT2,32,23,0.002597058
PrecorrectionNUFFT2,32,24,0.001600326
PrecorrectionNUFFT2,32,25,0.002584739
PrecorrectionNUFFT2,32,26,0.00261389
PrecorrectionNUFFT2,32,27,0.001603174
PrecorrectionNUFFT2,32,28,0.002574563
PrecorrectionNUFFT2,32,29,0.002600898
FFTNUFFT2,32,0,0.136457402
FFTNUFFT2,32,1,0.131584619
FFTNUFFT2,32,2,0.127160874
FFTNUFFT2,32,3,0.133495173
FFTNUFFT2,32,4,0.123533006
FFTNUFFT2,32,5,0.128595766
FFTNUFFT2,32,6,0.120006861
FFTNUFFT2,32,7,0.13229688
FFTNUFFT2,32,8,0.130266105
FFTNUFFT2,32,9,0.11826622
FFTNUFFT2,32,10,0.131905023
FFTNUFFT2,32,11,0.126459939
FFTNUFFT2,32,12,0.140338222
FFTNUFFT2,32,13,0.124001533
FFTNUFFT2,32,14,0.127601754
FFTNUFFT2,32,15,0.122743466
FFTNUFFT2,32,16,0.126586655
FFTNUFFT2,32,17,0.123735142
FFTNUFFT2,32,18,0.131702951
FFTNUFFT2,32,19,0.12456228
FFTNUFFT2,32,20,0.1256976
FFTNUFFT2,32,21,0.126075506
FFTNUFFT2,32,22,0.126023251
FFTNUFFT2,32,23,0.139499533
FFTNUFFT2,32,24,0.120661526
FFTNUFFT2,32,25,0.120799984
FFTNUFFT2,32,26,0.126017108
FFTNUFFT2,32,27,0.128744689
FFTNUFFT2,32,28,0.128719346
FFTNUFFT2,32,29,0.127746965
GatherNUFFT2,32,0,0.014032964
GatherNUFFT2,32,1,0.013072871
GatherNUFFT2,32,2,0.01807157
GatherNUFFT2,32,3,0.023857666
GatherNUFFT2,32,4,0.020043563
GatherNUFFT2,32,5,0.014458389
GatherNUFFT2,32,6,0.023149051
GatherNUFFT2,32,7,0.011160492
GatherNUFFT2,32,8,0.012383233
GatherNUFFT2,32,9,0.02084923
GatherNUFFT2,32,10,0.009306735
GatherNUFFT2,32,11,0.018655198
GatherNUFFT2,32,12,0.012692278
GatherNUFFT2,32,13,0.021719726
GatherNUFFT2,32,14,0.017132436
GatherNUFFT2,32,15,0.020166183
GatherNUFFT2,32,16,0.013577524
GatherNUFFT2,32,17,0.021509783
GatherNUFFT2,32,18,0.011125069
GatherNUFFT2,32,19,0.020177415
GatherNUFFT2,32,20,0.01900904
GatherNUFFT2,32,21,0.016487436
GatherNUFFT2,32,22,0.015332117
GatherNUFFT2,32,23,0.010064564
GatherNUFFT2,32,24,0.021467223
GatherNUFFT2,32,25,0.025047894
GatherNUFFT2,32,26,0.014576305
GatherNUFFT2,32,27,0.020174886
GatherNUFFT2,32,28,0.014472469
GatherNUFFT2,32,29,0.018096467
mainTimer,33,0,7.52418273
dumpData,33,0,0.00887216
dumpData,33,1,0.007348311
dumpData,33,2,0.009268562
dumpData,33,3,0.008401296
dumpData,33,4,0.010476774
dumpData,33,5,0.009887866
dumpData,33,6,0.009150901
dumpData,33,7,0.007617101
dumpData,33,8,0.009597508
dumpData,33,9,0.009393452
kick,33,0,3.1519e-05
kick,33,1,8.351e-06
kick,33,2,3.4239e-05
kick,33,3,5.695e-06
kick,33,4,4.7422e-05
kick,33,5,6.847e-06
kick,33,6,3.4015e-05
kick,33,7,6.592e-06
kick,33,8,3.5583e-05
kick,33,9,1.2159e-05
kick,33,10,3.7183e-05
kick,33,11,8.736e-06
kick,33,12,3.4623e-05
kick,33,13,5.056e-06
kick,33,14,4.0223e-05
kick,33,15,6.4e-06
kick,33,16,3.9455e-05
kick,33,17,5.984e-06
kick,33,18,3.9327e-05
kick,33,19,4.576e-06
drift,33,0,6.175e-06
drift,33,1,8e-06
drift,33,2,5.28e-06
drift,33,3,1.2512e-05
drift,33,4,6.912e-06
drift,33,5,5.984e-06
drift,33,6,6.944e-06
drift,33,7,6.176e-06
drift,33,8,7.648e-06
drift,33,9,6.207e-06
particleBC,33,0,1.3728e-05
particleBC,33,1,1.2383e-05
particleBC,33,2,1.0239e-05
particleBC,33,3,8.799e-06
particleBC,33,4,1.5039e-05
particleBC,33,5,1.3695e-05
particleBC,33,6,1.3407e-05
particleBC,33,7,1.4975e-05
particleBC,33,8,1.4911e-05
particleBC,33,9,1.2224e-05
updateParticle,33,0,0.174149575
updateParticle,33,1,0.009343086
updateParticle,33,2,0.0452599
updateParticle,33,3,0.009350317
updateParticle,33,4,0.009379309
updateParticle,33,5,0.009398445
updateParticle,33,6,0.009491018
updateParticle,33,7,0.009467978
updateParticle,33,8,0.009481194
updateParticle,33,9,0.00935803
locateParticles,33,0,0.003602718
locateParticles,33,1,0.003620253
locateParticles,33,2,0.003610046
locateParticles,33,3,0.003621469
locateParticles,33,4,0.003599614
locateParticles,33,5,0.003604254
locateParticles,33,6,0.003601854
locateParticles,33,7,0.0036415
locateParticles,33,8,0.003615326
locateParticles,33,9,0.003615005
sendPreprocess,33,0,0.000747461
sendPreprocess,33,1,0.000761157
sendPreprocess,33,2,0.000775364
sendPreprocess,33,3,0.00076986
sendPreprocess,33,4,0.000802242
sendPreprocess,33,5,0.00077482
sendPreprocess,33,6,0.000782692
sendPreprocess,33,7,0.000749157
sendPreprocess,33,8,0.000816706
sendPreprocess,33,9,0.000757733
particleSend,33,0,0.001083513
particleSend,33,1,0.001114199
particleSend,33,2,0.00116063
particleSend,33,3,0.001117528
particleSend,33,4,0.001156791
particleSend,33,5,0.001124408
particleSend,33,6,0.001203477
particleSend,33,7,0.001135447
particleSend,33,8,0.0011182
particleSend,33,9,0.001109208
particleRecv,33,0,4.8926e-05
particleRecv,33,1,4.6623e-05
particleRecv,33,2,4.179e-05
particleRecv,33,3,4.307e-05
particleRecv,33,4,3.8942e-05
particleRecv,33,5,4.5502e-05
particleRecv,33,6,4.2846e-05
particleRecv,33,7,5.1998e-05
particleRecv,33,8,4.2622e-05
particleRecv,33,9,4.7774e-05
particleDestroy,33,0,0.002775132
particleDestroy,33,1,0.002755932
particleDestroy,33,2,0.002763933
particleDestroy,33,3,0.002758172
particleDestroy,33,4,0.002768412
particleDestroy,33,5,0.002785275
particleDestroy,33,6,0.002774268
particleDestroy,33,7,0.002797723
particleDestroy,33,8,0.00277238
particleDestroy,33,9,0.002781468
ScatterPIFNUFFT,33,0,0.187758235
ScatterPIFNUFFT,33,1,2.0511e-05
ScatterPIFNUFFT,33,2,0.309792991
ScatterPIFNUFFT,33,3,1.2416e-05
ScatterPIFNUFFT,33,4,0.226397767
ScatterPIFNUFFT,33,5,1.312e-05
ScatterPIFNUFFT,33,6,0.265333031
ScatterPIFNUFFT,33,7,3.2255e-05
ScatterPIFNUFFT,33,8,0.255238707
ScatterPIFNUFFT,33,9,3.0719e-05
ScatterPIFNUFFT,33,10,0.312320484
ScatterPIFNUFFT,33,11,1.6511e-05
ScatterPIFNUFFT,33,12,0.20854798
ScatterPIFNUFFT,33,13,4.7134e-05
ScatterPIFNUFFT,33,14,0.272771065
ScatterPIFNUFFT,33,15,2.2335e-05
ScatterPIFNUFFT,33,16,0.208844225
ScatterPIFNUFFT,33,17,1.1327e-05
ScatterPIFNUFFT,33,18,0.205617014
ScatterPIFNUFFT,33,19,1.3408e-05
NativeNUFFT1,33,0,0.1831848
NativeNUFFT1,33,1,0.305372735
NativeNUFFT1,33,2,0.222019685
NativeNUFFT1,33,3,0.261834853
NativeNUFFT1,33,4,0.250698039
NativeNUFFT1,33,5,0.30780199
NativeNUFFT1,33,6,0.204140651
NativeNUFFT1,33,7,0.268380312
NativeNUFFT1,33,8,0.204441183
NativeNUFFT1,33,9,0.20134456
scatterTimerNUFFT1,33,0,0.05380711
scatterTimerNUFFT1,33,1,0.169126461
scatterTimerNUFFT1,33,2,0.097186502
scatterTimerNUFFT1,33,3,0.130770152
scatterTimerNUFFT1,33,4,0.12860271
scatterTimerNUFFT1,33,5,0.182592885
scatterTimerNUFFT1,33,6,0.075791372
scatterTimerNUFFT1,33,7,0.135417536
scatterTimerNUFFT1,33,8,0.075288509
scatterTimerNUFFT1,33,9,0.078715746
binSort,33,0,0.00406574
binSort,33,1,0.004055086
binSort,33,2,0.003960881
binSort,33,3,0.003972592
binSort,33,4,0.004021135
binSort,33,5,0.004032014
binSort,33,6,0.003973264
binSort,33,7,0.003979089
binSort,33,8,0.004009231
binSort,33,9,0.004015599
binSort,33,10,0.00397944
binSort,33,11,0.003958225
binSort,33,12,0.004007663
binSort,33,13,0.003955185
binSort,33,14,0.003956785
binSort,33,15,0.00401147
binSort,33,16,0.003962417
binSort,33,17,0.004028143
binSort,33,18,0.003987952
binSort,33,19,0.00398616
binSort,33,20,0.004063277
binSort,33,21,0.003984688
binSort,33,22,0.004013871
binSort,33,23,0.004005935
binSort,33,24,0.004032879
binSort,33,25,0.004074605
binSort,33,26,0.003967568
binSort,33,27,0.003990415
binSort,33,28,0.004007407
binSort,33,29,0.003980625
binSort,33,30,0.004046126
binSort,33,31,0.004001551
binSort,33,32,0.004012718
binSort,33,33,0.004018063
binSort,33,34,0.003957841
binSort,33,35,0.003955793
binSort,33,36,0.004053325
binSort,33,37,0.003976977
binSort,33,38,0.003976081
binSort,33,39,0.004003311
binComputeKeys,33,0,0.00038357
binComputeKeys,33,1,0.000383282
binComputeKeys,33,2,0.000374291
binComputeKeys,33,3,0.000388274
binComputeKeys,33,4,0.000380146
binComputeKeys,33,5,0.000393073
binComputeKeys,33,6,0.000390802
binComputeKeys,33,7,0.000371443
binComputeKeys,33,8,0.000375858
binComputeKeys,33,9,0.000397458
binComputeKeys,33,10,0.000373939
binComputeKeys,33,11,0.000381522
binComputeKeys,33,12,0.000381682
binComputeKeys,33,13,0.000374226
binComputeKeys,33,14,0.000374866
binComputeKeys,33,15,0.000376722
binComputeKeys,33,16,0.000373618
binComputeKeys,33,17,0.000379059
binComputeKeys,33,18,0.000385394
binComputeKeys,33,19,0.000374931
binComputeKeys,33,20,0.000379987
binComputeKeys,33,21,0.000387634
binComputeKeys,33,22,0.000382226
binComputeKeys,33,23,0.000377714
binComputeKeys,33,24,0.000388722
binComputeKeys,33,25,0.000382578
binComputeKeys,33,26,0.000379346
binComputeKeys,33,27,0.00037525
binComputeKeys,33,28,0.000376914
binComputeKeys,33,29,0.000389042
binComputeKeys,33,30,0.000387986
binComputeKeys,33,31,0.000394162
binComputeKeys,33,32,0.000386098
binComputeKeys,33,33,0.000379795
binComputeKeys,33,34,0.000376627
binComputeKeys,33,35,0.000375442
binComputeKeys,33,36,0.000379538
binComputeKeys,33,37,0.000380627
binComputeKeys,33,38,0.000383986
binComputeKeys,33,39,0.000401105
binSortByKey,33,0,0.003482242
binSortByKey,33,1,0.003469603
binSortByKey,33,2,0.003403909
binSortByKey,33,3,0.003401221
binSortByKey,33,4,0.003452771
binSortByKey,33,5,0.003441828
binSortByKey,33,6,0.003397733
binSortByKey,33,7,0.003416292
binSortByKey,33,8,0.003441476
binSortByKey,33,9,0.00343354
binSortByKey,33,10,0.003419748
binSortByKey,33,11,0.003394981
binSortByKey,33,12,0.003435972
binSortByKey,33,13,0.003398406
binSortByKey,33,14,0.003398309
binSortByKey,33,15,0.003442403
binSortByKey,33,16,0.00339959
binSortByKey,33,17,0.003455524
binSortByKey,33,18,0.003410277
binSortByKey,33,19,0.003419364
binSortByKey,33,20,0.003486689
binSortByKey,33,21,0.0034153
binSortByKey,33,22,0.003443844
binSortByKey,33,23,0.00343818
binSortByKey,33,24,0.003452068
binSortByKey,33,25,0.00348061
binSortByKey,33,26,0.003404549
binSortByKey,33,27,0.003431876
binSortByKey,33,28,0.003442596
binSortByKey,33,29,0.003407301
binSortByKey,33,30,0.003470179
binSortByKey,33,31,0.003420996
binSortByKey,33,32,0.003436099
binSortByKey,33,33,0.003439811
binSortByKey,33,34,0.003398181
binSortByKey,33,35,0.003396134
binSortByKey,33,36,0.003480258
binSortByKey,33,37,0.003412484
binSortByKey,33,38,0.003405349
binSortByKey,33,39,0.003417669
binComputeOffsets,33,0,0.000199512
binComputeOffsets,33,1,0.000200857
binComputeOffsets,33,2,0.000181721
binComputeOffsets,33,3,0.000181881
binComputeOffsets,33,4,0.000187258
binComputeOffsets,33,5,0.000195353
binComputeOffsets,33,6,0.000183385
binComputeOffsets,33,7,0.000190554
binComputeOffsets,33,8,0.000190873
binComputeOffsets,33,9,0.000183225
binComputeOffsets,33,10,0.000184793
binComputeOffsets,33,11,0.00018121
binComputeOffsets,33,12,0.000189433
binComputeOffsets,33,13,0.000181497
binComputeOffsets,33,14,0.000182778
binComputeOffsets,33,15,0.000190521
binComputeOffsets,33,16,0.000188025
binComputeOffsets,33,17,0.000192185
binComputeOffsets,33,18,0.000191641
binComputeOffsets,33,19,0.000189881
binComputeOffsets,33,20,0.000195609
binComputeOffsets,33,21,0.00018121
binComputeOffsets,33,22,0.000187225
binComputeOffsets,33,23,0.000188601
binComputeOffsets,33,24,0.000191129
binComputeOffsets,33,25,0.000210457
binComputeOffsets,33,26,0.000182265
binComputeOffsets,33,27,0.000181881
binComputeOffsets,33,28,0.000187385
binComputeOffsets,33,29,0.00018185
binComputeOffsets,33,30,0.000185497
binComputeOffsets,33,31,0.000184761
binComputeOffsets,33,32,0.000188985
binComputeOffsets,33,33,0.000197273
binComputeOffsets,33,34,0.000182009
binComputeOffsets,33,35,0.000182841
binComputeOffsets,33,36,0.000192121
binComputeOffsets,33,37,0.000182938
binComputeOffsets,33,38,0.000186074
binComputeOffsets,33,39,0.000184025
FFTNUFFT1,33,0,0.12859903
FFTNUFFT1,33,1,0.135590393
FFTNUFFT1,33,2,0.124183031
FFTNUFFT1,33,3,0.130241243
FFTNUFFT1,33,4,0.121276478
FFTNUFFT1,33,5,0.124381935
FFTNUFFT1,33,6,0.127692054
FFTNUFFT1,33,7,0.132314416
FFTNUFFT1,33,8,0.128498842
FFTNUFFT1,33,9,0.121974374
deconvolutionNUFFT1,33,0,0.000777988
deconvolutionNUFFT1,33,1,0.000654921
deconvolutionNUFFT1,33,2,0.000648584
deconvolutionNUFFT1,33,3,0.000822178
deconvolutionNUFFT1,33,4,0.000817635
deconvolutionNUFFT1,33,5,0.000826146
deconvolutionNUFFT1,33,6,0.000656233
deconvolutionNUFFT1,33,7,0.000647112
deconvolutionNUFFT1,33,8,0.000650312
deconvolutionNUFFT1,33,9,0.000653512
GatherPIFNUFFT,33,0,0.470490188
GatherPIFNUFFT,33,1,0.460689038
GatherPIFNUFFT,33,2,0.463961977
GatherPIFNUFFT,33,3,0.4587901
GatherPIFNUFFT,33,4,0.468165568
GatherPIFNUFFT,33,5,0.460870408
GatherPIFNUFFT,33,6,0.461609038
GatherPIFNUFFT,33,7,0.458142635
GatherPIFNUFFT,33,8,0.466347043
GatherPIFNUFFT,33,9,0.471230353
NativeNUFFT2,33,0,0.157875027
NativeNUFFT2,33,1,0.154303509
NativeNUFFT2,33,2,0.154700134
NativeNUFFT2,33,3,0.152163363
NativeNUFFT2,33,4,0.152436664
NativeNUFFT2,33,5,0.154506029
NativeNUFFT2,33,6,0.159038826
NativeNUFFT2,33,7,0.153411253
NativeNUFFT2,33,8,0.150017489
NativeNUFFT2,33,9,0.150899504
NativeNUFFT2,33,10,0.149975952
NativeNUFFT2,33,11,0.154852546
NativeNUFFT2,33,12,0.156792731
NativeNUFFT2,33,13,0.154165082
NativeNUFFT2,33,14,0.153671435
NativeNUFFT2,33,15,0.158262119
NativeNUFFT2,33,16,0.148279086
NativeNUFFT2,33,17,0.152846602
NativeNUFFT2,33,18,0.150694935
NativeNUFFT2,33,19,0.154670375
NativeNUFFT2,33,20,0.153039907
NativeNUFFT2,33,21,0.146370676
NativeNUFFT2,33,22,0.151227683
NativeNUFFT2,33,23,0.158993259
NativeNUFFT2,33,24,0.160440056
NativeNUFFT2,33,25,0.154921726
NativeNUFFT2,33,26,0.149497955
NativeNUFFT2,33,27,0.16377955
NativeNUFFT2,33,28,0.153586798
NativeNUFFT2,33,29,0.152327581
PrecorrectionNUFFT2,33,0,0.001593862
PrecorrectionNUFFT2,33,1,0.002525061
PrecorrectionNUFFT2,33,2,0.002527876
PrecorrectionNUFFT2,33,3,0.001572807
PrecorrectionNUFFT2,33,4,0.002489733
PrecorrectionNUFFT2,33,5,0.002514789
PrecorrectionNUFFT2,33,6,0.001597063
PrecorrectionNUFFT2,33,7,0.002527973
PrecorrectionNUFFT2,33,8,0.002492198
PrecorrectionNUFFT2,33,9,0.001606982
PrecorrectionNUFFT2,33,10,0.002501285
PrecorrectionNUFFT2,33,11,0.002499782
PrecorrectionNUFFT2,33,12,0.001582214
PrecorrectionNUFFT2,33,13,0.002544292
PrecorrectionNUFFT2,33,14,0.002498502
PrecorrectionNUFFT2,33,15,0.001581063
PrecorrectionNUFFT2,33,16,0.002500454
PrecorrectionNUFFT2,33,17,0.00255722
PrecorrectionNUFFT2,33,18,0.00159511
PrecorrectionNUFFT2,33,19,0.002517765
PrecorrectionNUFFT2,33,20,0.002540516
PrecorrectionNUFFT2,33,21,0.001579175
PrecorrectionNUFFT2,33,22,0.00254266
PrecorrectionNUFFT2,33,23,0.002515013
PrecorrectionNUFFT2,33,24,0.00159031
PrecorrectionNUFFT2,33,25,0.00252426
PrecorrectionNUFFT2,33,26,0.002520741
PrecorrectionNUFFT2,33,27,0.001596007
PrecorrectionNUFFT2,33,28,0.002526341
PrecorrectionNUFFT2,33,29,0.002495686
FFTNUFFT2,33,0,0.134382245
FFTNUFFT2,33,1,0.125594723
FFTNUFFT2,33,2,0.130230555
FFTNUFFT2,33,3,0.120591448
FFTNUFFT2,33,4,0.128733553
FFTNUFFT2,33,5,0.125639521
FFTNUFFT2,33,6,0.131822305
FFTNUFFT2,33,7,0.132347982
FFTNUFFT2,33,8,0.133349322
FFTNUFFT2,33,9,0.129588146
FFTNUFFT2,33,10,0.126403206
FFTNUFFT2,33,11,0.121448601
FFTNUFFT2,33,12,0.134073713
FFTNUFFT2,33,13,0.127991405
FFTNUFFT2,33,14,0.123868769
FFTNUFFT2,33,15,0.137113218
FFTNUFFT2,33,16,0.128772783
FFTNUFFT2,33,17,0.127264006
FFTNUFFT2,33,18,0.129495223
FFTNUFFT2,33,19,0.13002669
FFTNUFFT2,33,20,0.132585222
FFTNUFFT2,33,21,0.125045622
FFTNUFFT2,33,22,0.124194902
FFTNUFFT2,33,23,0.131536108
FFTNUFFT2,33,24,0.130678636
FFTNUFFT2,33,25,0.131645417
FFTNUFFT2,33,26,0.130543599
FFTNUFFT2,33,27,0.143543994
FFTNUFFT2,33,28,0.122157086
FFTNUFFT2,33,29,0.122147423
GatherNUFFT2,33,0,0.015875169
GatherNUFFT2,33,1,0.020159496
GatherNUFFT2,33,2,0.015929089
GatherNUFFT2,33,3,0.023977406
GatherNUFFT2,33,4,0.015188667
GatherNUFFT2,33,5,0.020438301
GatherNUFFT2,33,6,0.019611226
GatherNUFFT2,33,7,0.012515259
GatherNUFFT2,33,8,0.008165913
GatherNUFFT2,33,9,0.013683922
GatherNUFFT2,33,10,0.015054336
GatherNUFFT2,33,11,0.024909084
GatherNUFFT2,33,12,0.015085503
GatherNUFFT2,33,13,0.017574372
GatherNUFFT2,33,14,0.021250527
GatherNUFFT2,33,15,0.013700369
GatherNUFFT2,33,16,0.011151692
GatherNUFFT2,33,17,0.017133909
GatherNUFFT2,33,18,0.01355743
GatherNUFFT2,33,19,0.016086714
GatherNUFFT2,33,20,0.012031405
GatherNUFFT2,33,21,0.013857739
GatherNUFFT2,33,22,0.018406118
GatherNUFFT2,33,23,0.01893714
GatherNUFFT2,33,24,0.022133407
GatherNUFFT2,33,25,0.01487175
GatherNUFFT2,33,26,0.010385097
GatherNUFFT2,33,27,0.012740244
GatherNUFFT2,33,28,0.022857221
GatherNUFFT2,33,29,0.021662354
mainTimer,34,0,7.524179114
dumpData,34,0,0.010605953
dumpData,34,1,0.007833317
dumpData,34,2,0.007406069
dumpData,34,3,0.009938425
dumpData,34,4,0.008496269
dumpData,34,5,0.008191255
dumpData,34,6,0.008067996
dumpData,34,7,0.009222291
dumpData,34,8,0.008500204
dumpData,34,9,0.008710821
kick,34,0,2.9247e-05
kick,34,1,5.504e-06
kick,34,2,3.4527e-05
kick,34,3,6.592e-06
kick,34,4,4.1374e-05
kick,34,5,6.144e-06
kick,34,6,3.4367e-05
kick,34,7,6.144e-06
kick,34,8,3.5583e-05
kick,34,9,6.272e-06
kick,34,10,3.7183e-05
kick,34,11,7.392e-06
kick,34,12,3.4975e-05
kick,34,13,5.504e-06
kick,34,14,3.8783e-05
kick,34,15,5.376e-06
kick,34,16,3.9775e-05
kick,34,17,8e-06
kick,34,18,3.9679e-05
kick,34,19,8.671e-06
drift,34,0,6.783e-06
drift,34,1,7.648e-06
drift,34,2,4.896e-06
drift,34,3,5.44e-06
drift,34,4,6.976e-06
drift,34,5,6.112e-06
drift,34,6,7.168e-06
drift,34,7,5.92e-06
drift,34,8,6.272e-06
drift,34,9,5.631e-06
particleBC,34,0,1.2576e-05
particleBC,34,1,1.3151e-05
particleBC,34,2,1.3535e-05
particleBC,34,3,1.2991e-05
particleBC,34,4,1.4463e-05
particleBC,34,5,1.3727e-05
particleBC,34,6,1.2287e-05
particleBC,34,7,1.4527e-05
particleBC,34,8,1.5071e-05
particleBC,34,9,1.3888e-05
updateParticle,34,0,0.174087274
updateParticle,34,1,0.009417323
updateParticle,34,2,0.045217533
updateParticle,34,3,0.009400268
updateParticle,34,4,0.009376013
updateParticle,34,5,0.009367246
updateParticle,34,6,0.009421612
updateParticle,34,7,0.009464138
updateParticle,34,8,0.009404716
updateParticle,34,9,0.009375053
locateParticles,34,0,0.003622013
locateParticles,34,1,0.003655164
locateParticles,34,2,0.003640317
locateParticles,34,3,0.003634429
locateParticles,34,4,0.003656731
locateParticles,34,5,0.003633917
locateParticles,34,6,0.003646141
locateParticles,34,7,0.003649532
locateParticles,34,8,0.003639165
locateParticles,34,9,0.003632061
sendPreprocess,34,0,0.000728934
sendPreprocess,34,1,0.000727846
sendPreprocess,34,2,0.000749829
sendPreprocess,34,3,0.000759588
sendPreprocess,34,4,0.000745445
sendPreprocess,34,5,0.000746853
sendPreprocess,34,6,0.000739333
sendPreprocess,34,7,0.000743141
sendPreprocess,34,8,0.000794083
sendPreprocess,34,9,0.000740613
particleSend,34,0,0.001134679
particleSend,34,1,0.001118615
particleSend,34,2,0.001126103
particleSend,34,3,0.00109692
particleSend,34,4,0.001114648
particleSend,34,5,0.001160534
particleSend,34,6,0.001162358
particleSend,34,7,0.001132535
particleSend,34,8,0.001084153
particleSend,34,9,0.001128663
particleRecv,34,0,4.4062e-05
particleRecv,34,1,4.3231e-05
particleRecv,34,2,4.9214e-05
particleRecv,34,3,5.1166e-05
particleRecv,34,4,4.6782e-05
particleRecv,34,5,3.7183e-05
particleRecv,34,6,4.4542e-05
particleRecv,34,7,5.0462e-05
particleRecv,34,8,5.0942e-05
particleRecv,34,9,4.3871e-05
particleDestroy,34,0,0.002803579
particleDestroy,34,1,0.002812442
particleDestroy,34,2,0.002820698
particleDestroy,34,3,0.002800731
particleDestroy,34,4,0.002799099
particleDestroy,34,5,0.002779643
particleDestroy,34,6,0.002818459
particleDestroy,34,7,0.002802811
particleDestroy,34,8,0.002793947
particleDestroy,34,9,0.002776027
ScatterPIFNUFFT,34,0,0.187521571
ScatterPIFNUFFT,34,1,3.1199e-05
ScatterPIFNUFFT,34,2,0.297875886
ScatterPIFNUFFT,34,3,2.1695e-05
ScatterPIFNUFFT,34,4,0.231501518
ScatterPIFNUFFT,34,5,1.4208e-05
ScatterPIFNUFFT,34,6,0.265405316
ScatterPIFNUFFT,34,7,3.2894e-05
ScatterPIFNUFFT,34,8,0.254925054
ScatterPIFNUFFT,34,9,2.8063e-05
ScatterPIFNUFFT,34,10,0.317068087
ScatterPIFNUFFT,34,11,2.3903e-05
ScatterPIFNUFFT,34,12,0.209118136
ScatterPIFNUFFT,34,13,1.9967e-05
ScatterPIFNUFFT,34,14,0.271719936
ScatterPIFNUFFT,34,15,3.1359e-05
ScatterPIFNUFFT,34,16,0.212722899
ScatterPIFNUFFT,34,17,1.7887e-05
ScatterPIFNUFFT,34,18,0.213441179
ScatterPIFNUFFT,34,19,3.9582e-05
NativeNUFFT1,34,0,0.184127934
NativeNUFFT1,34,1,0.293446958
NativeNUFFT1,34,2,0.227093262
NativeNUFFT1,34,3,0.261932066
NativeNUFFT1,34,4,0.250561596
NativeNUFFT1,34,5,0.313565237
NativeNUFFT1,34,6,0.204570332
NativeNUFFT1,34,7,0.267296063
NativeNUFFT1,34,8,0.208307315
NativeNUFFT1,34,9,0.20909356
scatterTimerNUFFT1,34,0,0.05641428
scatterTimerNUFFT1,34,1,0.168844391
scatterTimerNUFFT1,34,2,0.094671073
scatterTimerNUFFT1,34,3,0.129523349
scatterTimerNUFFT1,34,4,0.127608826
scatterTimerNUFFT1,34,5,0.184246361
scatterTimerNUFFT1,34,6,0.074718707
scatterTimerNUFFT1,34,7,0.136138438
scatterTimerNUFFT1,34,8,0.076928482
scatterTimerNUFFT1,34,9,0.077577131
binSort,34,0,0.004017518
binSort,34,1,0.004051406
binSort,34,2,0.003985584
binSort,34,3,0.003963473
binSort,34,4,0.004003344
binSort,34,5,0.004040782
binSort,34,6,0.004008495
binSort,34,7,0.003945329
binSort,34,8,0.004018959
binSort,34,9,0.004032654
binSort,34,10,0.003999535
binSort,34,11,0.004008272
binSort,34,12,0.003992336
binSort,34,13,0.003995152
binSort,34,14,0.003952402
binSort,34,15,0.00402779
binSort,34,16,0.004070413
binSort,34,17,0.004027278
binSort,34,18,0.004002223
binSort,34,19,0.004000048
binSort,34,20,0.004004271
binSort,34,21,0.004008943
binSort,34,22,0.004049709
binSort,34,23,0.00398936
binSort,34,24,0.004008144
binSort,34,25,0.004007663
binSort,34,26,0.004040046
binSort,34,27,0.003966448
binSort,34,28,0.004006031
binSort,34,29,0.004048717
binSort,34,30,0.003996656
binSort,34,31,0.004029967
binSort,34,32,0.004043373
binSort,34,33,0.003943282
binSort,34,34,0.003980657
binSort,34,35,0.003996784
binSort,34,36,0.003995824
binSort,34,37,0.003998479
binSort,34,38,0.003984752
binSort,34,39,0.004009967
binComputeKeys,34,0,0.000369235
binComputeKeys,34,1,0.000400402
binComputeKeys,34,2,0.000376851
binComputeKeys,34,3,0.000369619
binComputeKeys,34,4,0.000374291
binComputeKeys,34,5,0.000384498
binComputeKeys,34,6,0.000385842
binComputeKeys,34,7,0.00037445
binComputeKeys,34,8,0.000380722
binComputeKeys,34,9,0.000379666
binComputeKeys,34,10,0.000374514
binComputeKeys,34,11,0.000384083
binComputeKeys,34,12,0.000373203
binComputeKeys,34,13,0.000394034
binComputeKeys,34,14,0.000375507
binComputeKeys,34,15,0.000396114
binComputeKeys,34,16,0.000388434
binComputeKeys,34,17,0.000389874
binComputeKeys,34,18,0.000379858
binComputeKeys,34,19,0.000370323
binComputeKeys,34,20,0.000369651
binComputeKeys,34,21,0.000379282
binComputeKeys,34,22,0.00038373
binComputeKeys,34,23,0.000391762
binComputeKeys,34,24,0.000390898
binComputeKeys,34,25,0.000378162
binComputeKeys,34,26,0.000385075
binComputeKeys,34,27,0.00038133
binComputeKeys,34,28,0.00037141
binComputeKeys,34,29,0.00038341
binComputeKeys,34,30,0.00038469
binComputeKeys,34,31,0.000373427
binComputeKeys,34,32,0.000386226
binComputeKeys,34,33,0.000371955
binComputeKeys,34,34,0.000381907
binComputeKeys,34,35,0.000373843
binComputeKeys,34,36,0.000373875
binComputeKeys,34,37,0.00037109
binComputeKeys,34,38,0.000380434
binComputeKeys,34,39,0.000372114
binSortByKey,34,0,0.003442307
binSortByKey,34,1,0.003453539
binSortByKey,34,2,0.00341994
binSortByKey,34,3,0.003409604
binSortByKey,34,4,0.003437188
binSortByKey,34,5,0.003455652
binSortByKey,34,6,0.003428228
binSortByKey,34,7,0.003388902
binSortByKey,34,8,0.003447332
binSortByKey,34,9,0.003447235
binSortByKey,34,10,0.003435108
binSortByKey,34,11,0.003431012
binSortByKey,34,12,0.003428036
binSortByKey,34,13,0.00341898
binSortByKey,34,14,0.003394981
binSortByKey,34,15,0.003435075
binSortByKey,34,16,0.003487426
binSortByKey,34,17,0.003450787
binSortByKey,34,18,0.00343626
binSortByKey,34,19,0.003428548
binSortByKey,34,20,0.00343418
binSortByKey,34,21,0.003443556
binSortByKey,34,22,0.003446339
binSortByKey,34,23,0.003413253
binSortByKey,34,24,0.003428292
binSortByKey,34,25,0.003431076
binSortByKey,34,26,0.003448227
binSortByKey,34,27,0.003401125
binSortByKey,34,28,0.003445188
binSortByKey,34,29,0.003465091
binSortByKey,34,30,0.00342714
binSortByKey,34,31,0.003459235
binSortByKey,34,32,0.003466754
binSortByKey,34,33,0.003394437
binSortByKey,34,34,0.003412068
binSortByKey,34,35,0.003428484
binSortByKey,34,36,0.003434404
binSortByKey,34,37,0.0034297
binSortByKey,34,38,0.003419525
binSortByKey,34,39,0.00342906
binComputeOffsets,34,0,0.00020556
binComputeOffsets,34,1,0.000196665
binComputeOffsets,34,2,0.000187897
binComputeOffsets,34,3,0.000183674
binComputeOffsets,34,4,0.000190905
binComputeOffsets,34,5,0.0001998
binComputeOffsets,34,6,0.000193689
binComputeOffsets,34,7,0.000181209
binComputeOffsets,34,8,0.000190393
binComputeOffsets,34,9,0.000204953
binComputeOffsets,34,10,0.000189049
binComputeOffsets,34,11,0.000192441
binComputeOffsets,34,12,0.000190265
binComputeOffsets,34,13,0.000181338
binComputeOffsets,34,14,0.000181082
binComputeOffsets,34,15,0.000195833
binComputeOffsets,34,16,0.000192697
binComputeOffsets,34,17,0.000185753
binComputeOffsets,34,18,0.000185209
binComputeOffsets,34,19,0.000200249
binComputeOffsets,34,20,0.000199608
binComputeOffsets,34,21,0.000185689
binComputeOffsets,34,22,0.000218776
binComputeOffsets,34,23,0.000184025
binComputeOffsets,34,24,0.000188154
binComputeOffsets,34,25,0.000197657
binComputeOffsets,34,26,0.000205849
binComputeOffsets,34,27,0.000182745
binComputeOffsets,34,28,0.000188985
binComputeOffsets,34,29,0.000199768
binComputeOffsets,34,30,0.000184314
binComputeOffsets,34,31,0.000196793
binComputeOffsets,34,32,0.000188921
binComputeOffsets,34,33,0.00017657
binComputeOffsets,34,34,0.000186266
binComputeOffsets,34,35,0.000194041
binComputeOffsets,34,36,0.000187097
binComputeOffsets,34,37,0.000197273
binComputeOffsets,34,38,0.000184409
binComputeOffsets,34,39,0.000208409
FFTNUFFT1,34,0,0.126980625
FFTNUFFT1,34,1,0.123775877
FFTNUFFT1,34,2,0.1317617
FFTNUFFT1,34,3,0.131567083
FFTNUFFT1,34,4,0.122128384
FFTNUFFT1,34,5,0.128662868
FFTNUFFT1,34,6,0.129194016
FFTNUFFT1,34,7,0.130490961
FFTNUFFT1,34,8,0.130724201
FFTNUFFT1,34,9,0.130865221
deconvolutionNUFFT1,34,0,0.000732069
deconvolutionNUFFT1,34,1,0.00082413
deconvolutionNUFFT1,34,2,0.000659497
deconvolutionNUFFT1,34,3,0.00084045
deconvolutionNUFFT1,34,4,0.000822626
deconvolutionNUFFT1,34,5,0.000654184
deconvolutionNUFFT1,34,6,0.000656553
deconvolutionNUFFT1,34,7,0.000665096
deconvolutionNUFFT1,34,8,0.000651336
deconvolutionNUFFT1,34,9,0.000649576
GatherPIFNUFFT,34,0,0.470632135
GatherPIFNUFFT,34,1,0.472597952
GatherPIFNUFFT,34,2,0.461193884
GatherPIFNUFFT,34,3,0.45667952
GatherPIFNUFFT,34,4,0.47133195
GatherPIFNUFFT,34,5,0.457922036
GatherPIFNUFFT,34,6,0.461050081
GatherPIFNUFFT,34,7,0.458302405
GatherPIFNUFFT,34,8,0.462880608
GatherPIFNUFFT,34,9,0.462682695
NativeNUFFT2,34,0,0.159808269
NativeNUFFT2,34,1,0.154166234
NativeNUFFT2,34,2,0.152945446
NativeNUFFT2,34,3,0.163938873
NativeNUFFT2,34,4,0.152494998
NativeNUFFT2,34,5,0.153295864
NativeNUFFT2,34,6,0.153247707
NativeNUFFT2,34,7,0.152551252
NativeNUFFT2,34,8,0.153314136
NativeNUFFT2,34,9,0.15006875
NativeNUFFT2,34,10,0.150116779
NativeNUFFT2,34,11,0.153885924
NativeNUFFT2,34,12,0.157090128
NativeNUFFT2,34,13,0.155871324
NativeNUFFT2,34,14,0.153984128
NativeNUFFT2,34,15,0.150538173
NativeNUFFT2,34,16,0.149913523
NativeNUFFT2,34,17,0.154507919
NativeNUFFT2,34,18,0.151964169
NativeNUFFT2,34,19,0.153698602
NativeNUFFT2,34,20,0.153266235
NativeNUFFT2,34,21,0.146492399
NativeNUFFT2,34,22,0.150876752
NativeNUFFT2,34,23,0.157830485
NativeNUFFT2,34,24,0.155335344
NativeNUFFT2,34,25,0.155811838
NativeNUFFT2,34,26,0.150173898
NativeNUFFT2,34,27,0.155414765
NativeNUFFT2,34,28,0.151738737
NativeNUFFT2,34,29,0.153918212
PrecorrectionNUFFT2,34,0,0.001575719
PrecorrectionNUFFT2,34,1,0.002523685
PrecorrectionNUFFT2,34,2,0.002531845
PrecorrectionNUFFT2,34,3,0.001592167
PrecorrectionNUFFT2,34,4,0.002515813
PrecorrectionNUFFT2,34,5,0.002506821
PrecorrectionNUFFT2,34,6,0.00160135
PrecorrectionNUFFT2,34,7,0.002535781
PrecorrectionNUFFT2,34,8,0.002532612
PrecorrectionNUFFT2,34,9,0.001598022
PrecorrectionNUFFT2,34,10,0.002510758
PrecorrectionNUFFT2,34,11,0.002535652
PrecorrectionNUFFT2,34,12,0.00160247
PrecorrectionNUFFT2,34,13,0.002534916
PrecorrectionNUFFT2,34,14,0.002495942
PrecorrectionNUFFT2,34,15,0.001601862
PrecorrectionNUFFT2,34,16,0.002519845
PrecorrectionNUFFT2,34,17,0.002522885
PrecorrectionNUFFT2,34,18,0.001586854
PrecorrectionNUFFT2,34,19,0.00249399
PrecorrectionNUFFT2,34,20,0.002503974
PrecorrectionNUFFT2,34,21,0.001601318
PrecorrectionNUFFT2,34,22,0.002527076
PrecorrectionNUFFT2,34,23,0.002522852
PrecorrectionNUFFT2,34,24,0.001581286
PrecorrectionNUFFT2,34,25,0.002530085
PrecorrectionNUFFT2,34,26,0.002541732
PrecorrectionNUFFT2,34,27,0.001566312
PrecorrectionNUFFT2,34,28,0.002520389
PrecorrectionNUFFT2,34,29,0.002540037
FFTNUFFT2,34,0,0.136276384
FFTNUFFT2,34,1,0.133689342
FFTNUFFT2,34,2,0.12188065
FFTNUFFT2,34,3,0.131081852
FFTNUFFT2,34,4,0.125232752
FFTNUFFT2,34,5,0.1334042
FFTNUFFT2,34,6,0.124861117
FFTNUFFT2,34,7,0.127004687
FFTNUFFT2,34,8,0.133886007
FFTNUFFT2,34,9,0.122519954
FFTNUFFT2,34,10,0.121567765
FFTNUFFT2,34,11,0.123474704
FFTNUFFT2,34,12,0.135210119
FFTNUFFT2,34,13,0.125369164
FFTNUFFT2,34,14,0.118851958
FFTNUFFT2,34,15,0.125278574
FFTNUFFT2,34,16,0.127568155
FFTNUFFT2,34,17,0.128379614
FFTNUFFT2,34,18,0.129226464
FFTNUFFT2,34,19,0.1269852
FFTNUFFT2,34,20,0.126824695
FFTNUFFT2,34,21,0.124510249
FFTNUFFT2,34,22,0.127478239
FFTNUFFT2,34,23,0.130643852
FFTNUFFT2,34,24,0.137894855
FFTNUFFT2,34,25,0.122341144
FFTNUFFT2,34,26,0.123316597
FFTNUFFT2,34,27,0.126559169
FFTNUFFT2,34,28,0.126451044
FFTNUFFT2,34,29,0.121121381
GatherNUFFT2,34,0,0.016112409
GatherNUFFT2,34,1,0.011928881
GatherNUFFT2,34,2,0.022514513
GatherNUFFT2,34,3,0.025260623
GatherNUFFT2,34,4,0.018714332
GatherNUFFT2,34,5,0.011537951
GatherNUFFT2,34,6,0.020757521
GatherNUFFT2,34,7,0.01698505
GatherNUFFT2,34,8,0.010872599
GatherNUFFT2,34,9,0.019937071
GatherNUFFT2,34,10,0.020171815
GatherNUFFT2,34,11,0.021850506
GatherNUFFT2,34,12,0.014442998
GatherNUFFT2,34,13,0.02196183
GatherNUFFT2,34,14,0.026615069
GatherNUFFT2,34,15,0.017634851
GatherNUFFT2,34,16,0.013987142
GatherNUFFT2,34,17,0.017740607
GatherNUFFT2,34,18,0.015300054
GatherNUFFT2,34,19,0.018185806
GatherNUFFT2,34,20,0.017907416
GatherNUFFT2,34,21,0.014355066
GatherNUFFT2,34,22,0.014830887
GatherNUFFT2,34,23,0.018770778
GatherNUFFT2,34,24,0.009995159
GatherNUFFT2,34,25,0.024911419
GatherNUFFT2,34,26,0.018314314
GatherNUFFT2,34,27,0.021248191
GatherNUFFT2,34,28,0.016702596
GatherNUFFT2,34,29,0.024237684
mainTimer,35,0,7.52418097
dumpData,35,0,0.010107667
dumpData,35,1,0.009210099
dumpData,35,2,0.009785215
dumpData,35,3,0.009473385
dumpData,35,4,0.011050961
dumpData,35,5,0.010427558
dumpData,35,6,0.008702597
dumpData,35,7,0.008761732
dumpData,35,8,0.008044573
dumpData,35,9,0.008272884
kick,35,0,3.1999e-05
kick,35,1,8.48e-06
kick,35,2,3.4111e-05
kick,35,3,6.208e-06
kick,35,4,4.0574e-05
kick,35,5,6.784e-06
kick,35,6,3.4879e-05
kick,35,7,1.1199e-05
kick,35,8,3.5903e-05
kick,35,9,9.76e-06
kick,35,10,3.6639e-05
kick,35,11,9.632e-06
kick,35,12,3.5103e-05
kick,35,13,5.76e-06
kick,35,14,3.9871e-05
kick,35,15,1.0911e-05
kick,35,16,3.8463e-05
kick,35,17,7.071e-06
kick,35,18,3.8559e-05
kick,35,19,5.312e-06
drift,35,0,5.439e-06
drift,35,1,7.36e-06
drift,35,2,5.536e-06
drift,35,3,6.176e-06
drift,35,4,6.368e-06
drift,35,5,6.624e-06
drift,35,6,6.976e-06
drift,35,7,6.08e-06
drift,35,8,7.872e-06
drift,35,9,4.703e-06
particleBC,35,0,1.4976e-05
particleBC,35,1,1.3407e-05
particleBC,35,2,1.3663e-05
particleBC,35,3,1.3215e-05
particleBC,35,4,1.1967e-05
particleBC,35,5,1.3727e-05
particleBC,35,6,1.4111e-05
particleBC,35,7,1.3887e-05
particleBC,35,8,1.3599e-05
particleBC,35,9,1.2832e-05
updateParticle,35,0,0.17414036
updateParticle,35,1,0.009411403
updateParticle,35,2,0.04519555
updateParticle,35,3,0.009405835
updateParticle,35,4,0.009369197
updateParticle,35,5,0.00937531
updateParticle,35,6,0.009454763
updateParticle,35,7,0.009437707
updateParticle,35,8,0.009364238
updateParticle,35,9,0.009293296
locateParticles,35,0,0.003471234
locateParticles,35,1,0.003453091
locateParticles,35,2,0.003481155
locateParticles,35,3,0.00347469
locateParticles,35,4,0.003457443
locateParticles,35,5,0.003481859
locateParticles,35,6,0.003472867
locateParticles,35,7,0.003483586
locateParticles,35,8,0.003470083
locateParticles,35,9,0.003467747
sendPreprocess,35,0,0.000876577
sendPreprocess,35,1,0.000930943
sendPreprocess,35,2,0.000910111
sendPreprocess,35,3,0.000920031
sendPreprocess,35,4,0.000948765
sendPreprocess,35,5,0.000899711
sendPreprocess,35,6,0.000912287
sendPreprocess,35,7,0.000907903
sendPreprocess,35,8,0.000966205
sendPreprocess,35,9,0.000908543
particleSend,35,0,0.001240947
particleSend,35,1,0.001073561
particleSend,35,2,0.001122487
particleSend,35,3,0.00109516
particleSend,35,4,0.001072026
particleSend,35,5,0.001063962
particleSend,35,6,0.001149366
particleSend,35,7,0.001145207
particleSend,35,8,0.001117144
particleSend,35,9,0.001125079
particleRecv,35,0,3.9006e-05
particleRecv,35,1,5.1422e-05
particleRecv,35,2,4.995e-05
particleRecv,35,3,5.315e-05
particleRecv,35,4,4.259e-05
particleRecv,35,5,5.0782e-05
particleRecv,35,6,4.7711e-05
particleRecv,35,7,4.3294e-05
particleRecv,35,8,3.9166e-05
particleRecv,35,9,4.1183e-05
particleDestroy,35,0,0.002726462
particleDestroy,35,1,0.00274774
particleDestroy,35,2,0.002757853
particleDestroy,35,3,0.002743261
particleDestroy,35,4,0.002749757
particleDestroy,35,5,0.002746877
particleDestroy,35,6,0.002738397
particleDestroy,35,7,0.002737469
particleDestroy,35,8,0.002740413
particleDestroy,35,9,0.002718718
ScatterPIFNUFFT,35,0,0.189542138
ScatterPIFNUFFT,35,1,1.4016e-05
ScatterPIFNUFFT,35,2,0.308506285
ScatterPIFNUFFT,35,3,1.9519e-05
ScatterPIFNUFFT,35,4,0.232888316
ScatterPIFNUFFT,35,5,1.0784e-05
ScatterPIFNUFFT,35,6,0.265996207
ScatterPIFNUFFT,35,7,2.9663e-05
ScatterPIFNUFFT,35,8,0.255312689
ScatterPIFNUFFT,35,9,1.9903e-05
ScatterPIFNUFFT,35,10,0.319251432
ScatterPIFNUFFT,35,11,1.4943e-05
ScatterPIFNUFFT,35,12,0.20811158
ScatterPIFNUFFT,35,13,3.8559e-05
ScatterPIFNUFFT,35,14,0.263476586
ScatterPIFNUFFT,35,15,1.3024e-05
ScatterPIFNUFFT,35,16,0.217158676
ScatterPIFNUFFT,35,17,1.6223e-05
ScatterPIFNUFFT,35,18,0.210463366
ScatterPIFNUFFT,35,19,1.1903e-05
NativeNUFFT1,35,0,0.186177555
NativeNUFFT1,35,1,0.304106477
NativeNUFFT1,35,2,0.228503835
NativeNUFFT1,35,3,0.262475534
NativeNUFFT1,35,4,0.250910223
NativeNUFFT1,35,5,0.31572516
NativeNUFFT1,35,6,0.203804888
NativeNUFFT1,35,7,0.259121799
NativeNUFFT1,35,8,0.212711636
NativeNUFFT1,35,9,0.206080933
scatterTimerNUFFT1,35,0,0.055348046
scatterTimerNUFFT1,35,1,0.168399863
scatterTimerNUFFT1,35,2,0.097332609
scatterTimerNUFFT1,35,3,0.129948197
scatterTimerNUFFT1,35,4,0.127968781
scatterTimerNUFFT1,35,5,0.183407832
scatterTimerNUFFT1,35,6,0.075398459
scatterTimerNUFFT1,35,7,0.135270821
scatterTimerNUFFT1,35,8,0.075709422
scatterTimerNUFFT1,35,9,0.078024283
binSort,35,0,0.003814902
binSort,35,1,0.003787159
binSort,35,2,0.003731129
binSort,35,3,0.003770487
binSort,35,4,0.003839797
binSort,35,5,0.003802647
binSort,35,6,0.003736121
binSort,35,7,0.003768119
binSort,35,8,0.0038589
binSort,35,9,0.003783415
binSort,35,10,0.003744952
binSort,35,11,0.00374108
binSort,35,12,0.00382495
binSort,35,13,0.00380479
binSort,35,14,0.003754937
binSort,35,15,0.003790806
binSort,35,16,0.003893715
binSort,35,17,0.003792119
binSort,35,18,0.003742137
binSort,35,19,0.003772536
binSort,35,20,0.003821206
binSort,35,21,0.003783096
binSort,35,22,0.003790519
binSort,35,23,0.003714586
binSort,35,24,0.003861748
binSort,35,25,0.003774871
binSort,35,26,0.003724538
binSort,35,27,0.003770551
binSort,35,28,0.003886804
binSort,35,29,0.003848213
binSort,35,30,0.003858069
binSort,35,31,0.003774232
binSort,35,32,0.003890899
binSort,35,33,0.003764727
binSort,35,34,0.003769528
binSort,35,35,0.003788343
binSort,35,36,0.003851764
binSort,35,37,0.003779351
binSort,35,38,0.003821622
binSort,35,39,0.003797942
binComputeKeys,35,0,0.000348691
binComputeKeys,35,1,0.000370867
binComputeKeys,35,2,0.000350579
binComputeKeys,35,3,0.000361171
binComputeKeys,35,4,0.000351987
binComputeKeys,35,5,0.000378067
binComputeKeys,35,6,0.000352339
binComputeKeys,35,7,0.000362834
binComputeKeys,35,8,0.000365107
binComputeKeys,35,9,0.000363539
binComputeKeys,35,10,0.000359028
binComputeKeys,35,11,0.000350611
binComputeKeys,35,12,0.000350515
binComputeKeys,35,13,0.000357619
binComputeKeys,35,14,0.00034802
binComputeKeys,35,15,0.000362035
binComputeKeys,35,16,0.00037605
binComputeKeys,35,17,0.000352435
binComputeKeys,35,18,0.000359635
binComputeKeys,35,19,0.000365811
binComputeKeys,35,20,0.000349332
binComputeKeys,35,21,0.000352915
binComputeKeys,35,22,0.000382642
binComputeKeys,35,23,0.000348019
binComputeKeys,35,24,0.000358451
binComputeKeys,35,25,0.000359123
binComputeKeys,35,26,0.000347956
binComputeKeys,35,27,0.00037877
binComputeKeys,35,28,0.000361587
binComputeKeys,35,29,0.000383954
binComputeKeys,35,30,0.000357907
binComputeKeys,35,31,0.000351763
binComputeKeys,35,32,0.000365106
binComputeKeys,35,33,0.000362482
binComputeKeys,35,34,0.000355123
binComputeKeys,35,35,0.000359411
binComputeKeys,35,36,0.000357939
binComputeKeys,35,37,0.000348627
binComputeKeys,35,38,0.000368754
binComputeKeys,35,39,0.000362003
binSortByKey,35,0,0.003277002
binSortByKey,35,1,0.003235563
binSortByKey,35,2,0.003208332
binSortByKey,35,3,0.003226763
binSortByKey,35,4,0.003304328
binSortByKey,35,5,0.003239275
binSortByKey,35,6,0.003213452
binSortByKey,35,7,0.003228236
binSortByKey,35,8,0.00331076
binSortByKey,35,9,0.003241802
binSortByKey,35,10,0.003209228
binSortByKey,35,11,0.003215179
binSortByKey,35,12,0.003290217
binSortByKey,35,13,0.003268778
binSortByKey,35,14,0.003231307
binSortByKey,35,15,0.003250186
binSortByKey,35,16,0.003329128
binSortByKey,35,17,0.003249995
binSortByKey,35,18,0.00320878
binSortByKey,35,19,0.003230475
binSortByKey,35,20,0.003281193
binSortByKey,35,21,0.003242443
binSortByKey,35,22,0.003234539
binSortByKey,35,23,0.003195309
binSortByKey,35,24,0.00331988
binSortByKey,35,25,0.003238955
binSortByKey,35,26,0.003205036
binSortByKey,35,27,0.00321054
binSortByKey,35,28,0.003338023
binSortByKey,35,29,0.003275594
binSortByKey,35,30,0.003294665
binSortByKey,35,31,0.003238091
binSortByKey,35,32,0.003342951
binSortByKey,35,33,0.003228459
binSortByKey,35,34,0.003230635
binSortByKey,35,35,0.003230923
binSortByKey,35,36,0.003309864
binSortByKey,35,37,0.003246347
binSortByKey,35,38,0.00326513
binSortByKey,35,39,0.003247466
binComputeOffsets,35,0,0.000187897
binComputeOffsets,35,1,0.000179738
binComputeOffsets,35,2,0.000171354
binComputeOffsets,35,3,0.000181593
binComputeOffsets,35,4,0.000182618
binComputeOffsets,35,5,0.000184313
binComputeOffsets,35,6,0.000169754
binComputeOffsets,35,7,0.000176505
binComputeOffsets,35,8,0.000182137
binComputeOffsets,35,9,0.000177178
binComputeOffsets,35,10,0.000175705
binComputeOffsets,35,11,0.000173786
binComputeOffsets,35,12,0.00018329
binComputeOffsets,35,13,0.000177657
binComputeOffsets,35,14,0.000175194
binComputeOffsets,35,15,0.000178009
binComputeOffsets,35,16,0.000185369
binComputeOffsets,35,17,0.000188857
binComputeOffsets,35,18,0.000173146
binComputeOffsets,35,19,0.000175418
binComputeOffsets,35,20,0.000189785
binComputeOffsets,35,21,0.000186938
binComputeOffsets,35,22,0.000172506
binComputeOffsets,35,23,0.000170458
binComputeOffsets,35,24,0.000182937
binComputeOffsets,35,25,0.000175513
binComputeOffsets,35,26,0.00017049
binComputeOffsets,35,27,0.000180057
binComputeOffsets,35,28,0.000186554
binComputeOffsets,35,29,0.000187705
binComputeOffsets,35,30,0.000204537
binComputeOffsets,35,31,0.000183898
binComputeOffsets,35,32,0.000181786
binComputeOffsets,35,33,0.000172954
binComputeOffsets,35,34,0.000182874
binComputeOffsets,35,35,0.000197081
binComputeOffsets,35,36,0.000183033
binComputeOffsets,35,37,0.000183513
binComputeOffsets,35,38,0.000186426
binComputeOffsets,35,39,0.000187418
FFTNUFFT1,35,0,0.130006883
FFTNUFFT1,35,1,0.135056045
FFTNUFFT1,35,2,0.130355352
FFTNUFFT1,35,3,0.131877536
FFTNUFFT1,35,4,0.122114176
FFTNUFFT1,35,5,0.131503949
FFTNUFFT1,35,6,0.127756916
FFTNUFFT1,35,7,0.123034336
FFTNUFFT1,35,8,0.136185252
FFTNUFFT1,35,9,0.12723476
deconvolutionNUFFT1,35,0,0.000821026
deconvolutionNUFFT1,35,1,0.000648777
deconvolutionNUFFT1,35,2,0.000814371
deconvolutionNUFFT1,35,3,0.000647721
deconvolutionNUFFT1,35,4,0.000824066
deconvolutionNUFFT1,35,5,0.000811683
deconvolutionNUFFT1,35,6,0.000648041
deconvolutionNUFFT1,35,7,0.000814434
deconvolutionNUFFT1,35,8,0.000814178
deconvolutionNUFFT1,35,9,0.000820514
GatherPIFNUFFT,35,0,0.467101415
GatherPIFNUFFT,35,1,0.461074785
GatherPIFNUFFT,35,2,0.457263338
GatherPIFNUFFT,35,3,0.454211353
GatherPIFNUFFT,35,4,0.468391065
GatherPIFNUFFT,35,5,0.452766222
GatherPIFNUFFT,35,6,0.463165493
GatherPIFNUFFT,35,7,0.467686482
GatherPIFNUFFT,35,8,0.458768533
GatherPIFNUFFT,35,9,0.466836208
NativeNUFFT2,35,0,0.15568877
NativeNUFFT2,35,1,0.154341716
NativeNUFFT2,35,2,0.154438288
NativeNUFFT2,35,3,0.152834187
NativeNUFFT2,35,4,0.152405081
NativeNUFFT2,35,5,0.153630445
NativeNUFFT2,35,6,0.152098853
NativeNUFFT2,35,7,0.1526572
NativeNUFFT2,35,8,0.150928911
NativeNUFFT2,35,9,0.14875523
NativeNUFFT2,35,10,0.1508956
NativeNUFFT2,35,11,0.152988453
NativeNUFFT2,35,12,0.157202956
NativeNUFFT2,35,13,0.153448115
NativeNUFFT2,35,14,0.153703722
NativeNUFFT2,35,15,0.149754394
NativeNUFFT2,35,16,0.149386374
NativeNUFFT2,35,17,0.152054503
NativeNUFFT2,35,18,0.151391262
NativeNUFFT2,35,19,0.153865861
NativeNUFFT2,35,20,0.154217368
NativeNUFFT2,35,21,0.156699935
NativeNUFFT2,35,22,0.151828046
NativeNUFFT2,35,23,0.157677083
NativeNUFFT2,35,24,0.151106697
NativeNUFFT2,35,25,0.15676534
NativeNUFFT2,35,26,0.149394822
NativeNUFFT2,35,27,0.158563995
NativeNUFFT2,35,28,0.152830441
NativeNUFFT2,35,29,0.153889413
PrecorrectionNUFFT2,35,0,0.001560776
PrecorrectionNUFFT2,35,1,0.002425672
PrecorrectionNUFFT2,35,2,0.00244068
PrecorrectionNUFFT2,35,3,0.001545609
PrecorrectionNUFFT2,35,4,0.002441127
PrecorrectionNUFFT2,35,5,0.002439496
PrecorrectionNUFFT2,35,6,0.001553864
PrecorrectionNUFFT2,35,7,0.002440584
PrecorrectionNUFFT2,35,8,0.002456231
PrecorrectionNUFFT2,35,9,0.001546376
PrecorrectionNUFFT2,35,10,0.002418025
PrecorrectionNUFFT2,35,11,0.002408137
PrecorrectionNUFFT2,35,12,0.001577543
PrecorrectionNUFFT2,35,13,0.002418632
PrecorrectionNUFFT2,35,14,0.00244388
PrecorrectionNUFFT2,35,15,0.001547336
PrecorrectionNUFFT2,35,16,0.00243396
PrecorrectionNUFFT2,35,17,0.002394729
PrecorrectionNUFFT2,35,18,0.001554888
PrecorrectionNUFFT2,35,19,0.002432872
PrecorrectionNUFFT2,35,20,0.0024322
PrecorrectionNUFFT2,35,21,0.001545416
PrecorrectionNUFFT2,35,22,0.002422537
PrecorrectionNUFFT2,35,23,0.002447687
PrecorrectionNUFFT2,35,24,0.001549224
PrecorrectionNUFFT2,35,25,0.0024434
PrecorrectionNUFFT2,35,26,0.002405577
PrecorrectionNUFFT2,35,27,0.001574599
PrecorrectionNUFFT2,35,28,0.002417896
PrecorrectionNUFFT2,35,29,0.002435528
FFTNUFFT2,35,0,0.13476412
FFTNUFFT2,35,1,0.137171456
FFTNUFFT2,35,2,0.130047746
FFTNUFFT2,35,3,0.122722603
FFTNUFFT2,35,4,0.118481892
FFTNUFFT2,35,5,0.126691899
FFTNUFFT2,35,6,0.125283246
FFTNUFFT2,35,7,0.127747732
FFTNUFFT2,35,8,0.125317581
FFTNUFFT2,35,9,0.120287555
FFTNUFFT2,35,10,0.121329117
FFTNUFFT2,35,11,0.121716079
FFTNUFFT2,35,12,0.131209496
FFTNUFFT2,35,13,0.129359131
FFTNUFFT2,35,14,0.126832757
FFTNUFFT2,35,15,0.126934386
FFTNUFFT2,35,16,0.129782571
FFTNUFFT2,35,17,0.131923742
FFTNUFFT2,35,18,0.134313192
FFTNUFFT2,35,19,0.135788819
FFTNUFFT2,35,20,0.134004467
FFTNUFFT2,35,21,0.135757972
FFTNUFFT2,35,22,0.124828639
FFTNUFFT2,35,23,0.13075476
FFTNUFFT2,35,24,0.124431149
FFTNUFFT2,35,25,0.129812426
FFTNUFFT2,35,26,0.126587518
FFTNUFFT2,35,27,0.137401719
FFTNUFFT2,35,28,0.1226747
FFTNUFFT2,35,29,0.123140444
GatherNUFFT2,35,0,0.013663153
GatherNUFFT2,35,1,0.009183188
GatherNUFFT2,35,2,0.016250132
GatherNUFFT2,35,3,0.022989185
GatherNUFFT2,35,4,0.025734685
GatherNUFFT2,35,5,0.018774041
GatherNUFFT2,35,6,0.019534526
GatherNUFFT2,35,7,0.016736867
GatherNUFFT2,35,8,0.017385835
GatherNUFFT2,35,9,0.021179138
GatherNUFFT2,35,10,0.021501078
GatherNUFFT2,35,11,0.023123996
GatherNUFFT2,35,12,0.018650591
GatherNUFFT2,35,13,0.015748902
GatherNUFFT2,35,14,0.018663517
GatherNUFFT2,35,15,0.015696297
GatherNUFFT2,35,16,0.011569692
GatherNUFFT2,35,17,0.011980816
GatherNUFFT2,35,18,0.009790142
GatherNUFFT2,35,19,0.0100493
GatherNUFFT2,35,20,0.012176936
GatherNUFFT2,35,21,0.013625044
GatherNUFFT2,35,22,0.018899508
GatherNUFFT2,35,23,0.018702525
GatherNUFFT2,35,24,0.019350468
GatherNUFFT2,35,25,0.018771737
GatherNUFFT2,35,26,0.014664974
GatherNUFFT2,35,27,0.013818861
GatherNUFFT2,35,28,0.02196695
GatherNUFFT2,35,29,0.02256472
mainTimer,36,0,7.524174042
dumpData,36,0,0.009185999
dumpData,36,1,0.00810284
dumpData,36,2,0.008151893
dumpData,36,3,0.00856807
dumpData,36,4,0.009163088
dumpData,36,5,0.008537991
dumpData,36,6,0.007318644
dumpData,36,7,0.007703846
dumpData,36,8,0.009327754
dumpData,36,9,0.007645351
kick,36,0,3.2095e-05
kick,36,1,7.328e-06
kick,36,2,3.1679e-05
kick,36,3,1.1135e-05
kick,36,4,3.4879e-05
kick,36,5,1.36e-05
kick,36,6,2.8831e-05
kick,36,7,1.3536e-05
kick,36,8,3.2383e-05
kick,36,9,7.328e-06
kick,36,10,3.4047e-05
kick,36,11,7.551e-06
kick,36,12,2.8223e-05
kick,36,13,8.735e-06
kick,36,14,2.8063e-05
kick,36,15,9.503e-06
kick,36,16,3.4143e-05
kick,36,17,1.0048e-05
kick,36,18,3.6574e-05
kick,36,19,8.672e-06
drift,36,0,7.136e-06
drift,36,1,9.984e-06
drift,36,2,8.352e-06
drift,36,3,8.607e-06
drift,36,4,7.295e-06
drift,36,5,7.232e-06
drift,36,6,8.511e-06
drift,36,7,7.808e-06
drift,36,8,9.247e-06
drift,36,9,6.272e-06
particleBC,36,0,1.4911e-05
particleBC,36,1,1.3119e-05
particleBC,36,2,1.2799e-05
particleBC,36,3,1.3696e-05
particleBC,36,4,1.3216e-05
particleBC,36,5,1.4303e-05
particleBC,36,6,1.136e-05
particleBC,36,7,1.2864e-05
particleBC,36,8,8.992e-06
particleBC,36,9,1.3568e-05
updateParticle,36,0,0.009671326
updateParticle,36,1,0.009602272
updateParticle,36,2,0.063802879
updateParticle,36,3,0.009575937
updateParticle,36,4,0.063557159
updateParticle,36,5,0.063437548
updateParticle,36,6,0.009622239
updateParticle,36,7,0.009615808
updateParticle,36,8,0.009859383
updateParticle,36,9,0.046328286
locateParticles,36,0,0.004030285
locateParticles,36,1,0.00404158
locateParticles,36,2,0.004039596
locateParticles,36,3,0.004031244
locateParticles,36,4,0.004021709
locateParticles,36,5,0.00404254
locateParticles,36,6,0.004032748
locateParticles,36,7,0.00403134
locateParticles,36,8,0.004031148
locateParticles,36,9,0.004022508
sendPreprocess,36,0,0.000320916
sendPreprocess,36,1,0.000343123
sendPreprocess,36,2,0.000350132
sendPreprocess,36,3,0.000356883
sendPreprocess,36,4,0.00038421
sendPreprocess,36,5,0.000336564
sendPreprocess,36,6,0.000357011
sendPreprocess,36,7,0.000372178
sendPreprocess,36,8,0.000412913
sendPreprocess,36,9,0.000349363
particleSend,36,0,0.001049594
particleSend,36,1,0.001101112
particleSend,36,2,0.001023226
particleSend,36,3,0.001071321
particleSend,36,4,0.001025978
particleSend,36,5,0.001128598
particleSend,36,6,0.001020699
particleSend,36,7,0.001057146
particleSend,36,8,0.001129175
particleSend,36,9,0.001006171
particleRecv,36,0,3.9678e-05
particleRecv,36,1,4.3934e-05
particleRecv,36,2,4.6366e-05
particleRecv,36,3,3.8494e-05
particleRecv,36,4,4.4126e-05
particleRecv,36,5,3.6159e-05
particleRecv,36,6,4.8062e-05
particleRecv,36,7,4.499e-05
particleRecv,36,8,3.6287e-05
particleRecv,36,9,4.0415e-05
particleDestroy,36,0,0.003061232
particleDestroy,36,1,0.003079951
particleDestroy,36,2,0.003086575
particleDestroy,36,3,0.003083695
particleDestroy,36,4,0.003104815
particleDestroy,36,5,0.003094511
particleDestroy,36,6,0.003087887
particleDestroy,36,7,0.003085711
particleDestroy,36,8,0.003083406
particleDestroy,36,9,0.00308811
ScatterPIFNUFFT,36,0,0.361421669
ScatterPIFNUFFT,36,1,2.7263e-05
ScatterPIFNUFFT,36,2,0.298446762
ScatterPIFNUFFT,36,3,1.2031e-05
ScatterPIFNUFFT,36,4,0.216266956
ScatterPIFNUFFT,36,5,9.216e-06
ScatterPIFNUFFT,36,6,0.262548396
ScatterPIFNUFFT,36,7,1.2128e-05
ScatterPIFNUFFT,36,8,0.198935239
ScatterPIFNUFFT,36,9,1.9231e-05
ScatterPIFNUFFT,36,10,0.263546024
ScatterPIFNUFFT,36,11,2.5087e-05
ScatterPIFNUFFT,36,12,0.209705757
ScatterPIFNUFFT,36,13,2.2335e-05
ScatterPIFNUFFT,36,14,0.270021562
ScatterPIFNUFFT,36,15,4.163e-05
ScatterPIFNUFFT,36,16,0.211479291
ScatterPIFNUFFT,36,17,2.1311e-05
ScatterPIFNUFFT,36,18,0.173042491
ScatterPIFNUFFT,36,19,2.2591e-05
NativeNUFFT1,36,0,0.35788391
NativeNUFFT1,36,1,0.293956333
NativeNUFFT1,36,2,0.211984041
NativeNUFFT1,36,3,0.258107695
NativeNUFFT1,36,4,0.194445516
NativeNUFFT1,36,5,0.259257893
NativeNUFFT1,36,6,0.20525504
NativeNUFFT1,36,7,0.26561158
NativeNUFFT1,36,8,0.20708486
NativeNUFFT1,36,9,0.16862819
scatterTimerNUFFT1,36,0,0.220604365
scatterTimerNUFFT1,36,1,0.168114544
scatterTimerNUFFT1,36,2,0.078005686
scatterTimerNUFFT1,36,3,0.129297471
scatterTimerNUFFT1,36,4,0.073751506
scatterTimerNUFFT1,36,5,0.130054947
scatterTimerNUFFT1,36,6,0.075348247
scatterTimerNUFFT1,36,7,0.136676401
scatterTimerNUFFT1,36,8,0.076424432
scatterTimerNUFFT1,36,9,0.041472561
binSort,36,0,0.004483195
binSort,36,1,0.004522618
binSort,36,2,0.004476092
binSort,36,3,0.004474364
binSort,36,4,0.004479708
binSort,36,5,0.004449757
binSort,36,6,0.004522778
binSort,36,7,0.004492731
binSort,36,8,0.004508698
binSort,36,9,0.004503067
binSort,36,10,0.004459676
binSort,36,11,0.004476348
binSort,36,12,0.004468221
binSort,36,13,0.004510651
binSort,36,14,0.004497115
binSort,36,15,0.004442014
binSort,36,16,0.004462748
binSort,36,17,0.004512507
binSort,36,18,0.004508827
binSort,36,19,0.004471548
binSort,36,20,0.004453629
binSort,36,21,0.00447638
binSort,36,22,0.004538169
binSort,36,23,0.00450521
binSort,36,24,0.004451677
binSort,36,25,0.004476988
binSort,36,26,0.004498523
binSort,36,27,0.00445494
binSort,36,28,0.004483004
binSort,36,29,0.004546362
binSort,36,30,0.004466909
binSort,36,31,0.004471068
binSort,36,32,0.004452157
binSort,36,33,0.004469852
binSort,36,34,0.004509179
binSort,36,35,0.004515418
binSort,36,36,0.004438334
binSort,36,37,0.004476476
binSort,36,38,0.004544826
binSort,36,39,0.004469532
binComputeKeys,36,0,0.00042104
binComputeKeys,36,1,0.000431152
binComputeKeys,36,2,0.000422353
binComputeKeys,36,3,0.000434256
binComputeKeys,36,4,0.000424497
binComputeKeys,36,5,0.000418864
binComputeKeys,36,6,0.000420625
binComputeKeys,36,7,0.000421968
binComputeKeys,36,8,0.0004356
binComputeKeys,36,9,0.000431792
binComputeKeys,36,10,0.000423152
binComputeKeys,36,11,0.000421904
binComputeKeys,36,12,0.000428593
binComputeKeys,36,13,0.000420912
binComputeKeys,36,14,0.000427504
binComputeKeys,36,15,0.000424593
binComputeKeys,36,16,0.000438672
binComputeKeys,36,17,0.000427505
binComputeKeys,36,18,0.000422801
binComputeKeys,36,19,0.000419953
binComputeKeys,36,20,0.000428049
binComputeKeys,36,21,0.000420689
binComputeKeys,36,22,0.000428592
binComputeKeys,36,23,0.00042248
binComputeKeys,36,24,0.000431856
binComputeKeys,36,25,0.000422833
binComputeKeys,36,26,0.000428048
binComputeKeys,36,27,0.000416753
binComputeKeys,36,28,0.000436432
binComputeKeys,36,29,0.000418289
binComputeKeys,36,30,0.000424113
binComputeKeys,36,31,0.000422001
binComputeKeys,36,32,0.000425904
binComputeKeys,36,33,0.000424432
binComputeKeys,36,34,0.000425265
binComputeKeys,36,35,0.000434832
binComputeKeys,36,36,0.000419761
binComputeKeys,36,37,0.000425168
binComputeKeys,36,38,0.000419569
binComputeKeys,36,39,0.000430385
binSortByKey,36,0,0.003845651
binSortByKey,36,1,0.00387605
binSortByKey,36,2,0.003838739
binSortByKey,36,3,0.00383458
binSortByKey,36,4,0.003847539
binSortByKey,36,5,0.003828756
binSortByKey,36,6,0.003889073
binSortByKey,36,7,0.003857747
binSortByKey,36,8,0.003867378
binSortByKey,36,9,0.00386309
binSortByKey,36,10,0.00383026
binSortByKey,36,11,0.003849811
binSortByKey,36,12,0.003835379
binSortByKey,36,13,0.003869075
binSortByKey,36,14,0.003857939
binSortByKey,36,15,0.00381538
binSortByKey,36,16,0.00381602
binSortByKey,36,17,0.003864531
binSortByKey,36,18,0.003876754
binSortByKey,36,19,0.003841395
binSortByKey,36,20,0.003819348
binSortByKey,36,21,0.003850963
binSortByKey,36,22,0.003891729
binSortByKey,36,23,0.00387093
binSortByKey,36,24,0.003812404
binSortByKey,36,25,0.003848275
binSortByKey,36,26,0.003858387
binSortByKey,36,27,0.003833683
binSortByKey,36,28,0.003844051
binSortByKey,36,29,0.003902993
binSortByKey,36,30,0.003838195
binSortByKey,36,31,0.003844243
binSortByKey,36,32,0.00382194
binSortByKey,36,33,0.003838515
binSortByKey,36,34,0.003866226
binSortByKey,36,35,0.003871154
binSortByKey,36,36,0.003816052
binSortByKey,36,37,0.003842323
binSortByKey,36,38,0.003897873
binSortByKey,36,39,0.003833747
binComputeOffsets,36,0,0.000214904
binComputeOffsets,36,1,0.000214296
binComputeOffsets,36,2,0.00021372
binComputeOffsets,36,3,0.0002046
binComputeOffsets,36,4,0.00020636
binComputeOffsets,36,5,0.000201241
binComputeOffsets,36,6,0.0002118
binComputeOffsets,36,7,0.000212088
binComputeOffsets,36,8,0.000205208
binComputeOffsets,36,9,0.000207385
binComputeOffsets,36,10,0.000205304
binComputeOffsets,36,11,0.000204121
binComputeOffsets,36,12,0.000203353
binComputeOffsets,36,13,0.000218104
binComputeOffsets,36,14,0.000210808
binComputeOffsets,36,15,0.000201625
binComputeOffsets,36,16,0.000206776
binComputeOffsets,36,17,0.000219352
binComputeOffsets,36,18,0.000208888
binComputeOffsets,36,19,0.000209112
binComputeOffsets,36,20,0.000205272
binComputeOffsets,36,21,0.000204216
binComputeOffsets,36,22,0.000216248
binComputeOffsets,36,23,0.000210936
binComputeOffsets,36,24,0.000206649
binComputeOffsets,36,25,0.00020348
binComputeOffsets,36,26,0.000210744
binComputeOffsets,36,27,0.000204152
binComputeOffsets,36,28,0.000201561
binComputeOffsets,36,29,0.000223128
binComputeOffsets,36,30,0.000203801
binComputeOffsets,36,31,0.000204408
binComputeOffsets,36,32,0.000202777
binComputeOffsets,36,33,0.000206009
binComputeOffsets,36,34,0.00021692
binComputeOffsets,36,35,0.000208376
binComputeOffsets,36,36,0.000201721
binComputeOffsets,36,37,0.000207161
binComputeOffsets,36,38,0.000225592
binComputeOffsets,36,39,0.000203576
FFTNUFFT1,36,0,0.136418393
FFTNUFFT1,36,1,0.124983997
FFTNUFFT1,36,2,0.133134482
FFTNUFFT1,36,3,0.127965743
FFTNUFFT1,36,4,0.119998963
FFTNUFFT1,36,5,0.12834413
FFTNUFFT1,36,6,0.129068392
FFTNUFFT1,36,7,0.128084106
FFTNUFFT1,36,8,0.129819755
FFTNUFFT1,36,9,0.126322795
deconvolutionNUFFT1,36,0,0.00086032
deconvolutionNUFFT1,36,1,0.000856864
deconvolutionNUFFT1,36,2,0.000841602
deconvolutionNUFFT1,36,3,0.000843265
deconvolutionNUFFT1,36,4,0.000693287
deconvolutionNUFFT1,36,5,0.000856768
deconvolutionNUFFT1,36,6,0.000837409
deconvolutionNUFFT1,36,7,0.000850145
deconvolutionNUFFT1,36,8,0.000837281
deconvolutionNUFFT1,36,9,0.000831938
GatherPIFNUFFT,36,0,0.462431056
GatherPIFNUFFT,36,1,0.471233357
GatherPIFNUFFT,36,2,0.456917787
GatherPIFNUFFT,36,3,0.460657681
GatherPIFNUFFT,36,4,0.471630751
GatherPIFNUFFT,36,5,0.455854497
GatherPIFNUFFT,36,6,0.461109665
GatherPIFNUFFT,36,7,0.461960866
GatherPIFNUFFT,36,8,0.461278939
GatherPIFNUFFT,36,9,0.467226785
NativeNUFFT2,36,0,0.151981599
NativeNUFFT2,36,1,0.153858586
NativeNUFFT2,36,2,0.153594277
NativeNUFFT2,36,3,0.164552946
NativeNUFFT2,36,4,0.152466413
NativeNUFFT2,36,5,0.151837861
NativeNUFFT2,36,6,0.151917827
NativeNUFFT2,36,7,0.15201923
NativeNUFFT2,36,8,0.151430356
NativeNUFFT2,36,9,0.154906325
NativeNUFFT2,36,10,0.150200737
NativeNUFFT2,36,11,0.153939191
NativeNUFFT2,36,12,0.161067698
NativeNUFFT2,36,13,0.154436262
NativeNUFFT2,36,14,0.153669953
NativeNUFFT2,36,15,0.15127484
NativeNUFFT2,36,16,0.14879746
NativeNUFFT2,36,17,0.154108978
NativeNUFFT2,36,18,0.152027773
NativeNUFFT2,36,19,0.153747647
NativeNUFFT2,36,20,0.153657571
NativeNUFFT2,36,21,0.151285529
NativeNUFFT2,36,22,0.150809578
NativeNUFFT2,36,23,0.157752268
NativeNUFFT2,36,24,0.155387971
NativeNUFFT2,36,25,0.154758105
NativeNUFFT2,36,26,0.149505178
NativeNUFFT2,36,27,0.159305395
NativeNUFFT2,36,28,0.151683434
NativeNUFFT2,36,29,0.154621599
PrecorrectionNUFFT2,36,0,0.001651043
PrecorrectionNUFFT2,36,1,0.002698045
PrecorrectionNUFFT2,36,2,0.002683614
PrecorrectionNUFFT2,36,3,0.001654051
PrecorrectionNUFFT2,36,4,0.002699229
PrecorrectionNUFFT2,36,5,0.002699869
PrecorrectionNUFFT2,36,6,0.001640708
PrecorrectionNUFFT2,36,7,0.00269427
PrecorrectionNUFFT2,36,8,0.002718876
PrecorrectionNUFFT2,36,9,0.001655076
PrecorrectionNUFFT2,36,10,0.002728381
PrecorrectionNUFFT2,36,11,0.00268627
PrecorrectionNUFFT2,36,12,0.001650052
PrecorrectionNUFFT2,36,13,0.002688638
PrecorrectionNUFFT2,36,14,0.002711421
PrecorrectionNUFFT2,36,15,0.001655907
PrecorrectionNUFFT2,36,16,0.002710717
PrecorrectionNUFFT2,36,17,0.002709149
PrecorrectionNUFFT2,36,18,0.001639427
PrecorrectionNUFFT2,36,19,0.002716348
PrecorrectionNUFFT2,36,20,0.002703837
PrecorrectionNUFFT2,36,21,0.001631812
PrecorrectionNUFFT2,36,22,0.002691197
PrecorrectionNUFFT2,36,23,0.002693118
PrecorrectionNUFFT2,36,24,0.001636292
PrecorrectionNUFFT2,36,25,0.002684797
PrecorrectionNUFFT2,36,26,0.002708509
PrecorrectionNUFFT2,36,27,0.00164122
PrecorrectionNUFFT2,36,28,0.002681501
PrecorrectionNUFFT2,36,29,0.002716797
FFTNUFFT2,36,0,0.126902327
FFTNUFFT2,36,1,0.131355699
FFTNUFFT2,36,2,0.124950878
FFTNUFFT2,36,3,0.136981253
FFTNUFFT2,36,4,0.123251548
FFTNUFFT2,36,5,0.12832413
FFTNUFFT2,36,6,0.120287753
FFTNUFFT2,36,7,0.131869375
FFTNUFFT2,36,8,0.127248362
FFTNUFFT2,36,9,0.126110964
FFTNUFFT2,36,10,0.123707916
FFTNUFFT2,36,11,0.129280382
FFTNUFFT2,36,12,0.13632486
FFTNUFFT2,36,13,0.12418345
FFTNUFFT2,36,14,0.127284488
FFTNUFFT2,36,15,0.117411634
FFTNUFFT2,36,16,0.126266446
FFTNUFFT2,36,17,0.127388517
FFTNUFFT2,36,18,0.132954521
FFTNUFFT2,36,19,0.12991588
FFTNUFFT2,36,20,0.12577632
FFTNUFFT2,36,21,0.126653856
FFTNUFFT2,36,22,0.133782554
FFTNUFFT2,36,23,0.138666311
FFTNUFFT2,36,24,0.126051702
FFTNUFFT2,36,25,0.121357985
FFTNUFFT2,36,26,0.121945613
FFTNUFFT2,36,27,0.138412208
FFTNUFFT2,36,28,0.124328629
FFTNUFFT2,36,29,0.124532909
GatherNUFFT2,36,0,0.016873077
GatherNUFFT2,36,1,0.013248186
GatherNUFFT2,36,2,0.019576978
GatherNUFFT2,36,3,0.019533716
GatherNUFFT2,36,4,0.020095327
GatherNUFFT2,36,5,0.014252822
GatherNUFFT2,36,6,0.023605215
GatherNUFFT2,36,7,0.010877618
GatherNUFFT2,36,8,0.014898047
GatherNUFFT2,36,9,0.020593197
GatherNUFFT2,36,10,0.017193993
GatherNUFFT2,36,11,0.015543014
GatherNUFFT2,36,12,0.016538369
GatherNUFFT2,36,13,0.021007262
GatherNUFFT2,36,14,0.017276775
GatherNUFFT2,36,15,0.025643604
GatherNUFFT2,36,16,0.013266074
GatherNUFFT2,36,17,0.017624379
GatherNUFFT2,36,18,0.010872881
GatherNUFFT2,36,19,0.01454894
GatherNUFFT2,36,20,0.018641781
GatherNUFFT2,36,21,0.016620286
GatherNUFFT2,36,22,0.007780835
GatherNUFFT2,36,23,0.009838582
GatherNUFFT2,36,24,0.021142777
GatherNUFFT2,36,25,0.024170826
GatherNUFFT2,36,26,0.018253571
GatherNUFFT2,36,27,0.012689328
GatherNUFFT2,36,28,0.018102792
GatherNUFFT2,36,29,0.020790247
mainTimer,37,0,7.524169786
dumpData,37,0,0.008641731
dumpData,37,1,0.007479087
dumpData,37,2,0.008851708
dumpData,37,3,0.007999483
dumpData,37,4,0.010095726
dumpData,37,5,0.009551521
dumpData,37,6,0.008969527
dumpData,37,7,0.007229559
dumpData,37,8,0.008642307
dumpData,37,9,0.009234125
kick,37,0,2.8927e-05
kick,37,1,1.0623e-05
kick,37,2,3.1647e-05
kick,37,3,1.5935e-05
kick,37,4,3.4463e-05
kick,37,5,1.3311e-05
kick,37,6,2.8767e-05
kick,37,7,1.2224e-05
kick,37,8,3.3919e-05
kick,37,9,1.3824e-05
kick,37,10,3.4143e-05
kick,37,11,1.0912e-05
kick,37,12,3.0975e-05
kick,37,13,1.1328e-05
kick,37,14,2.7295e-05
kick,37,15,1.2e-05
kick,37,16,3.2895e-05
kick,37,17,1.1456e-05
kick,37,18,3.5359e-05
kick,37,19,7.616e-06
drift,37,0,6.592e-06
drift,37,1,1.0528e-05
drift,37,2,9.504e-06
drift,37,3,1.0335e-05
drift,37,4,8.639e-06
drift,37,5,7.616e-06
drift,37,6,8.287e-06
drift,37,7,8.992e-06
drift,37,8,8.287e-06
drift,37,9,8.095e-06
particleBC,37,0,1.4271e-05
particleBC,37,1,1.3919e-05
particleBC,37,2,1.3247e-05
particleBC,37,3,1.2448e-05
particleBC,37,4,1.3344e-05
particleBC,37,5,1.3791e-05
particleBC,37,6,1.168e-05
particleBC,37,7,1.3184e-05
particleBC,37,8,1.2608e-05
particleBC,37,9,1.4144e-05
updateParticle,37,0,0.009662847
updateParticle,37,1,0.009597888
updateParticle,37,2,0.063880956
updateParticle,37,3,0.009585952
updateParticle,37,4,0.063572487
updateParticle,37,5,0.063403565
updateParticle,37,6,0.009587937
updateParticle,37,7,0.009628799
updateParticle,37,8,0.009846935
updateParticle,37,9,0.046276288
locateParticles,37,0,0.003874419
locateParticles,37,1,0.003884625
locateParticles,37,2,0.003884274
locateParticles,37,3,0.00388437
locateParticles,37,4,0.003861651
locateParticles,37,5,0.00388565
locateParticles,37,6,0.003889553
locateParticles,37,7,0.003894353
locateParticles,37,8,0.003866866
locateParticles,37,9,0.003896369
sendPreprocess,37,0,0.00047835
sendPreprocess,37,1,0.00050107
sendPreprocess,37,2,0.000506541
sendPreprocess,37,3,0.000506509
sendPreprocess,37,4,0.000544972
sendPreprocess,37,5,0.000495566
sendPreprocess,37,6,0.000501102
sendPreprocess,37,7,0.000510509
sendPreprocess,37,8,0.000576331
sendPreprocess,37,9,0.000477582
particleSend,37,0,0.00103961
particleSend,37,1,0.001076344
particleSend,37,2,0.001074201
particleSend,37,3,0.001027898
particleSend,37,4,0.001093048
particleSend,37,5,0.00114367
particleSend,37,6,0.001136246
particleSend,37,7,0.001087865
particleSend,37,8,0.001029371
particleSend,37,9,0.001092952
particleRecv,37,0,4.4126e-05
particleRecv,37,1,4.5919e-05
particleRecv,37,2,4.7166e-05
particleRecv,37,3,4.3679e-05
particleRecv,37,4,3.619e-05
particleRecv,37,5,3.955e-05
particleRecv,37,6,3.8015e-05
particleRecv,37,7,3.5422e-05
particleRecv,37,8,4.8798e-05
particleRecv,37,9,3.5071e-05
particleDestroy,37,0,0.003004114
particleDestroy,37,1,0.003015761
particleDestroy,37,2,0.002994931
particleDestroy,37,3,0.003014641
particleDestroy,37,4,0.002993139
particleDestroy,37,5,0.003014066
particleDestroy,37,6,0.002977619
particleDestroy,37,7,0.003010002
particleDestroy,37,8,0.002998418
particleDestroy,37,9,0.002986194
ScatterPIFNUFFT,37,0,0.359431246
ScatterPIFNUFFT,37,1,9.856e-06
ScatterPIFNUFFT,37,2,0.309724076
ScatterPIFNUFFT,37,3,1.1231e-05
ScatterPIFNUFFT,37,4,0.207736357
ScatterPIFNUFFT,37,5,3.7887e-05
ScatterPIFNUFFT,37,6,0.264945748
ScatterPIFNUFFT,37,7,1.9775e-05
ScatterPIFNUFFT,37,8,0.198012105
ScatterPIFNUFFT,37,9,1.9392e-05
ScatterPIFNUFFT,37,10,0.267205857
ScatterPIFNUFFT,37,11,3.7118e-05
ScatterPIFNUFFT,37,12,0.208660387
ScatterPIFNUFFT,37,13,4.3583e-05
ScatterPIFNUFFT,37,14,0.272813907
ScatterPIFNUFFT,37,15,1.4527e-05
ScatterPIFNUFFT,37,16,0.209073908
ScatterPIFNUFFT,37,17,3.027e-05
ScatterPIFNUFFT,37,18,0.169130379
ScatterPIFNUFFT,37,19,9.632e-06
NativeNUFFT1,37,0,0.35591019
NativeNUFFT1,37,1,0.305265615
NativeNUFFT1,37,2,0.203390661
NativeNUFFT1,37,3,0.260492504
NativeNUFFT1,37,4,0.193667719
NativeNUFFT1,37,5,0.262902208
NativeNUFFT1,37,6,0.204393599
NativeNUFFT1,37,7,0.268320152
NativeNUFFT1,37,8,0.204636726
NativeNUFFT1,37,9,0.164703981
scatterTimerNUFFT1,37,0,0.222158995
scatterTimerNUFFT1,37,1,0.169010543
scatterTimerNUFFT1,37,2,0.079314182
scatterTimerNUFFT1,37,3,0.129688657
scatterTimerNUFFT1,37,4,0.074492374
scatterTimerNUFFT1,37,5,0.128686868
scatterTimerNUFFT1,37,6,0.076278485
scatterTimerNUFFT1,37,7,0.135091018
scatterTimerNUFFT1,37,8,0.075160639
scatterTimerNUFFT1,37,9,0.041884993
binSort,37,0,0.004316354
binSort,37,1,0.004321185
binSort,37,2,0.004237349
binSort,37,3,0.004267812
binSort,37,4,0.004298659
binSort,37,5,0.004258852
binSort,37,6,0.00424346
binSort,37,7,0.004225125
binSort,37,8,0.004249604
binSort,37,9,0.004202406
binSort,37,10,0.004216613
binSort,37,11,0.004264196
binSort,37,12,0.004288483
binSort,37,13,0.004197254
binSort,37,14,0.0042473
binSort,37,15,0.004280644
binSort,37,16,0.004292098
binSort,37,17,0.00420487
binSort,37,18,0.004211142
binSort,37,19,0.004229894
binSort,37,20,0.004279843
binSort,37,21,0.004207622
binSort,37,22,0.004259684
binSort,37,23,0.004234405
binSort,37,24,0.004322561
binSort,37,25,0.004228421
binSort,37,26,0.004213798
binSort,37,27,0.004223174
binSort,37,28,0.004242724
binSort,37,29,0.004250212
binSort,37,30,0.004216933
binSort,37,31,0.004224133
binSort,37,32,0.004273283
binSort,37,33,0.004251556
binSort,37,34,0.004196359
binSort,37,35,0.004261796
binSort,37,36,0.004289635
binSort,37,37,0.004230885
binSort,37,38,0.004223973
binSort,37,39,0.004269731
binComputeKeys,37,0,0.000408401
binComputeKeys,37,1,0.000406737
binComputeKeys,37,2,0.000417681
binComputeKeys,37,3,0.000407633
binComputeKeys,37,4,0.000402417
binComputeKeys,37,5,0.000413872
binComputeKeys,37,6,0.000414513
binComputeKeys,37,7,0.000405969
binComputeKeys,37,8,0.000398769
binComputeKeys,37,9,0.000402609
binComputeKeys,37,10,0.000401041
binComputeKeys,37,11,0.000410161
binComputeKeys,37,12,0.000408881
binComputeKeys,37,13,0.00039701
binComputeKeys,37,14,0.000413521
binComputeKeys,37,15,0.000409937
binComputeKeys,37,16,0.000406993
binComputeKeys,37,17,0.000399026
binComputeKeys,37,18,0.000403697
binComputeKeys,37,19,0.000407633
binComputeKeys,37,20,0.000399889
binComputeKeys,37,21,0.000399249
binComputeKeys,37,22,0.000428081
binComputeKeys,37,23,0.000400178
binComputeKeys,37,24,0.000416369
binComputeKeys,37,25,0.000398417
binComputeKeys,37,26,0.000402289
binComputeKeys,37,27,0.000396914
binComputeKeys,37,28,0.000399601
binComputeKeys,37,29,0.000424592
binComputeKeys,37,30,0.000406929
binComputeKeys,37,31,0.000399985
binComputeKeys,37,32,0.000405777
binComputeKeys,37,33,0.000397201
binComputeKeys,37,34,0.000398002
binComputeKeys,37,35,0.000397362
binComputeKeys,37,36,0.000405106
binComputeKeys,37,37,0.000398833
binComputeKeys,37,38,0.000411632
binComputeKeys,37,39,0.000412945
binSortByKey,37,0,0.003691385
binSortByKey,37,1,0.00369724
binSortByKey,37,2,0.003624571
binSortByKey,37,3,0.003653434
binSortByKey,37,4,0.003689945
binSortByKey,37,5,0.003637851
binSortByKey,37,6,0.003636378
binSortByKey,37,7,0.003624891
binSortByKey,37,8,0.003645594
binSortByKey,37,9,0.003605948
binSortByKey,37,10,0.003619836
binSortByKey,37,11,0.003652123
binSortByKey,37,12,0.003674906
binSortByKey,37,13,0.003609403
binSortByKey,37,14,0.003633787
binSortByKey,37,15,0.003673114
binSortByKey,37,16,0.003680729
binSortByKey,37,17,0.003614299
binSortByKey,37,18,0.003610492
binSortByKey,37,19,0.003627996
binSortByKey,37,20,0.003677689
binSortByKey,37,21,0.003616252
binSortByKey,37,22,0.003636219
binSortByKey,37,23,0.003629339
binSortByKey,37,24,0.003698616
binSortByKey,37,25,0.003629019
binSortByKey,37,26,0.003618844
binSortByKey,37,27,0.003627323
binSortByKey,37,28,0.003639579
binSortByKey,37,29,0.003631547
binSortByKey,37,30,0.003615931
binSortByKey,37,31,0.003621819
binSortByKey,37,32,0.00366313
binSortByKey,37,33,0.003644154
binSortByKey,37,34,0.003609564
binSortByKey,37,35,0.003657786
binSortByKey,37,36,0.003679385
binSortByKey,37,37,0.003630331
binSortByKey,37,38,0.003620956
binSortByKey,37,39,0.00364713
binComputeOffsets,37,0,0.000214328
binComputeOffsets,37,1,0.000214808
binComputeOffsets,37,2,0.000193721
binComputeOffsets,37,3,0.000205529
binComputeOffsets,37,4,0.000204633
binComputeOffsets,37,5,0.000205401
binComputeOffsets,37,6,0.000191673
binComputeOffsets,37,7,0.000192761
binComputeOffsets,37,8,0.000204217
binComputeOffsets,37,9,0.000192569
binComputeOffsets,37,10,0.00019484
binComputeOffsets,37,11,0.000201048
binComputeOffsets,37,12,0.000203128
binComputeOffsets,37,13,0.000190073
binComputeOffsets,37,14,0.000198808
binComputeOffsets,37,15,0.000196985
binComputeOffsets,37,16,0.000201432
binComputeOffsets,37,17,0.000189945
binComputeOffsets,37,18,0.000193721
binComputeOffsets,37,19,0.000192793
binComputeOffsets,37,20,0.000201049
binComputeOffsets,37,21,0.000190969
binComputeOffsets,37,22,0.000194041
binComputeOffsets,37,23,0.000202905
binComputeOffsets,37,24,0.00020572
binComputeOffsets,37,25,0.000200121
binComputeOffsets,37,26,0.000192249
binComputeOffsets,37,27,0.000198489
binComputeOffsets,37,28,0.00020188
binComputeOffsets,37,29,0.000192985
binComputeOffsets,37,30,0.000192281
binComputeOffsets,37,31,0.000200921
binComputeOffsets,37,32,0.000202424
binComputeOffsets,37,33,0.000209209
binComputeOffsets,37,34,0.000188025
binComputeOffsets,37,35,0.000205336
binComputeOffsets,37,36,0.000204024
binComputeOffsets,37,37,0.000200313
binComputeOffsets,37,38,0.000189945
binComputeOffsets,37,39,0.000207608
FFTNUFFT1,37,0,0.132923738
FFTNUFFT1,37,1,0.13544499
FFTNUFFT1,37,2,0.123424887
FFTNUFFT1,37,3,0.130141343
FFTNUFFT1,37,4,0.118525577
FFTNUFFT1,37,5,0.133402953
FFTNUFFT1,37,6,0.127297864
FFTNUFFT1,37,7,0.132420684
FFTNUFFT1,37,8,0.128667637
FFTNUFFT1,37,9,0.122002762
deconvolutionNUFFT1,37,0,0.000825921
deconvolutionNUFFT1,37,1,0.000808226
deconvolutionNUFFT1,37,2,0.000650376
deconvolutionNUFFT1,37,3,0.000660904
deconvolutionNUFFT1,37,4,0.000647976
deconvolutionNUFFT1,37,5,0.000810883
deconvolutionNUFFT1,37,6,0.000815778
deconvolutionNUFFT1,37,7,0.000806978
deconvolutionNUFFT1,37,8,0.000806882
deconvolutionNUFFT1,37,9,0.000814882
GatherPIFNUFFT,37,0,0.464928853
GatherPIFNUFFT,37,1,0.460967527
GatherPIFNUFFT,37,2,0.463739008
GatherPIFNUFFT,37,3,0.459131594
GatherPIFNUFFT,37,4,0.472578589
GatherPIFNUFFT,37,5,0.452090124
GatherPIFNUFFT,37,6,0.461632078
GatherPIFNUFFT,37,7,0.458893202
GatherPIFNUFFT,37,8,0.465552926
GatherPIFNUFFT,37,9,0.470929209
NativeNUFFT2,37,0,0.154328234
NativeNUFFT2,37,1,0.154084914
NativeNUFFT2,37,2,0.154960466
NativeNUFFT2,37,3,0.152658023
NativeNUFFT2,37,4,0.15246363
NativeNUFFT2,37,5,0.154371656
NativeNUFFT2,37,6,0.157745996
NativeNUFFT2,37,7,0.153573605
NativeNUFFT2,37,8,0.150311709
NativeNUFFT2,37,9,0.151435155
NativeNUFFT2,37,10,0.15006375
NativeNUFFT2,37,11,0.154750489
NativeNUFFT2,37,12,0.162248871
NativeNUFFT2,37,13,0.153976023
NativeNUFFT2,37,14,0.153704928
NativeNUFFT2,37,15,0.14896107
NativeNUFFT2,37,16,0.148230505
NativeNUFFT2,37,17,0.152833345
NativeNUFFT2,37,18,0.151646667
NativeNUFFT2,37,19,0.154490372
NativeNUFFT2,37,20,0.153320366
NativeNUFFT2,37,21,0.147155056
NativeNUFFT2,37,22,0.1512071
NativeNUFFT2,37,23,0.158947008
NativeNUFFT2,37,24,0.156933066
NativeNUFFT2,37,25,0.154951697
NativeNUFFT2,37,26,0.149794095
NativeNUFFT2,37,27,0.163542552
NativeNUFFT2,37,28,0.153622339
NativeNUFFT2,37,29,0.152227959
PrecorrectionNUFFT2,37,0,0.001620293
PrecorrectionNUFFT2,37,1,0.002625024
PrecorrectionNUFFT2,37,2,0.002632991
PrecorrectionNUFFT2,37,3,0.001602725
PrecorrectionNUFFT2,37,4,0.002598529
PrecorrectionNUFFT2,37,5,0.002616128
PrecorrectionNUFFT2,37,6,0.001614661
PrecorrectionNUFFT2,37,7,0.002631615
PrecorrectionNUFFT2,37,8,0.002600225
PrecorrectionNUFFT2,37,9,0.001595813
PrecorrectionNUFFT2,37,10,0.002599105
PrecorrectionNUFFT2,37,11,0.002612896
PrecorrectionNUFFT2,37,12,0.001602085
PrecorrectionNUFFT2,37,13,0.002636991
PrecorrectionNUFFT2,37,14,0.002619072
PrecorrectionNUFFT2,37,15,0.001606917
PrecorrectionNUFFT2,37,16,0.002598465
PrecorrectionNUFFT2,37,17,0.002622752
PrecorrectionNUFFT2,37,18,0.001621924
PrecorrectionNUFFT2,37,19,0.002623488
PrecorrectionNUFFT2,37,20,0.002637951
PrecorrectionNUFFT2,37,21,0.001597286
PrecorrectionNUFFT2,37,22,0.002621024
PrecorrectionNUFFT2,37,23,0.00263056
PrecorrectionNUFFT2,37,24,0.001619364
PrecorrectionNUFFT2,37,25,0.002604064
PrecorrectionNUFFT2,37,26,0.002631967
PrecorrectionNUFFT2,37,27,0.001628516
PrecorrectionNUFFT2,37,28,0.002652831
PrecorrectionNUFFT2,37,29,0.002600577
FFTNUFFT2,37,0,0.130474484
FFTNUFFT2,37,1,0.126154385
FFTNUFFT2,37,2,0.124675817
FFTNUFFT2,37,3,0.120937585
FFTNUFFT2,37,4,0.128349378
FFTNUFFT2,37,5,0.1258879
FFTNUFFT2,37,6,0.136845067
FFTNUFFT2,37,7,0.126254797
FFTNUFFT2,37,8,0.124992349
FFTNUFFT2,37,9,0.129959655
FFTNUFFT2,37,10,0.126142194
FFTNUFFT2,37,11,0.120539103
FFTNUFFT2,37,12,0.144537616
FFTNUFFT2,37,13,0.132784447
FFTNUFFT2,37,14,0.122826667
FFTNUFFT2,37,15,0.126280781
FFTNUFFT2,37,16,0.128033581
FFTNUFFT2,37,17,0.122798509
FFTNUFFT2,37,18,0.123327641
FFTNUFFT2,37,19,0.137385941
FFTNUFFT2,37,20,0.131796962
FFTNUFFT2,37,21,0.12572605
FFTNUFFT2,37,22,0.124365843
FFTNUFFT2,37,23,0.137338487
FFTNUFFT2,37,24,0.127009491
FFTNUFFT2,37,25,0.129574868
FFTNUFFT2,37,26,0.120059665
FFTNUFFT2,37,27,0.141479648
FFTNUFFT2,37,28,0.129397755
FFTNUFFT2,37,29,0.120345639
GatherNUFFT2,37,0,0.016137809
GatherNUFFT2,37,1,0.019032711
GatherNUFFT2,37,2,0.021385553
GatherNUFFT2,37,3,0.023897461
GatherNUFFT2,37,4,0.015411243
GatherNUFFT2,37,5,0.019588851
GatherNUFFT2,37,6,0.01302221
GatherNUFFT2,37,7,0.018411614
GatherNUFFT2,37,8,0.016467717
GatherNUFFT2,37,9,0.013791686
GatherNUFFT2,37,10,0.0150662
GatherNUFFT2,37,11,0.025392318
GatherNUFFT2,37,12,0.010026896
GatherNUFFT2,37,13,0.012333948
GatherNUFFT2,37,14,0.021985467
GatherNUFFT2,37,15,0.014803618
GatherNUFFT2,37,16,0.011354496
GatherNUFFT2,37,17,0.021128602
GatherNUFFT2,37,18,0.020483057
GatherNUFFT2,37,19,0.008214227
GatherNUFFT2,37,20,0.012620626
GatherNUFFT2,37,21,0.013590766
GatherNUFFT2,37,22,0.017936398
GatherNUFFT2,37,23,0.012758796
GatherNUFFT2,37,24,0.022052344
GatherNUFFT2,37,25,0.016530402
GatherNUFFT2,37,26,0.020853475
GatherNUFFT2,37,27,0.014182809
GatherNUFFT2,37,28,0.015313231
GatherNUFFT2,37,29,0.023158608
mainTimer,38,0,7.524174522
dumpData,38,0,0.010532126
dumpData,38,1,0.007024927
dumpData,38,2,0.007231351
dumpData,38,3,0.009655327
dumpData,38,4,0.008294064
dumpData,38,5,0.007812097
dumpData,38,6,0.00780765
dumpData,38,7,0.008685506
dumpData,38,8,0.007761988
dumpData,38,9,0.008177268
kick,38,0,3.2255e-05
kick,38,1,1.0143e-05
kick,38,2,3.0815e-05
kick,38,3,9.632e-06
kick,38,4,3.2639e-05
kick,38,5,7.808e-06
kick,38,6,3.0079e-05
kick,38,7,7.743e-06
kick,38,8,2.7679e-05
kick,38,9,6.336e-06
kick,38,10,3.2447e-05
kick,38,11,7.68e-06
kick,38,12,2.6079e-05
kick,38,13,8.863e-06
kick,38,14,2.3455e-05
kick,38,15,1.0496e-05
kick,38,16,3.0495e-05
kick,38,17,7.935e-06
kick,38,18,3.3471e-05
kick,38,19,8.832e-06
drift,38,0,7.104e-06
drift,38,1,9.92e-06
drift,38,2,8e-06
drift,38,3,8.223e-06
drift,38,4,9.727e-06
drift,38,5,7.072e-06
drift,38,6,9.632e-06
drift,38,7,9.056e-06
drift,38,8,8.159e-06
drift,38,9,8.383e-06
particleBC,38,0,1.5007e-05
particleBC,38,1,1.4527e-05
particleBC,38,2,1.1903e-05
particleBC,38,3,1.2288e-05
particleBC,38,4,1.104e-05
particleBC,38,5,1.2799e-05
particleBC,38,6,1.2127e-05
particleBC,38,7,1.312e-05
particleBC,38,8,1.1904e-05
particleBC,38,9,1.3856e-05
updateParticle,38,0,0.009648607
updateParticle,38,1,0.009635551
updateParticle,38,2,0.063840509
updateParticle,38,3,0.009656222
updateParticle,38,4,0.063656324
updateParticle,38,5,0.063475723
updateParticle,38,6,0.009561442
updateParticle,38,7,0.009635967
updateParticle,38,8,0.009852919
updateParticle,38,9,0.046333758
locateParticles,38,0,0.003912593
locateParticles,38,1,0.003882033
locateParticles,38,2,0.003891346
locateParticles,38,3,0.00388325
locateParticles,38,4,0.003882738
locateParticles,38,5,0.003895921
locateParticles,38,6,0.003889425
locateParticles,38,7,0.003894161
locateParticles,38,8,0.003898609
locateParticles,38,9,0.003894865
sendPreprocess,38,0,0.00043944
sendPreprocess,38,1,0.000504046
sendPreprocess,38,2,0.000502445
sendPreprocess,38,3,0.000508909
sendPreprocess,38,4,0.000525485
sendPreprocess,38,5,0.000488175
sendPreprocess,38,6,0.000503502
sendPreprocess,38,7,0.000508941
sendPreprocess,38,8,0.000547404
sendPreprocess,38,9,0.000480622
particleSend,38,0,0.001075577
particleSend,38,1,0.001067897
particleSend,38,2,0.00117151
particleSend,38,3,0.001109111
particleSend,38,4,0.001035706
particleSend,38,5,0.001081688
particleSend,38,6,0.001075704
particleSend,38,7,0.001084345
particleSend,38,8,0.001071577
particleSend,38,9,0.001049561
particleRecv,38,0,3.6158e-05
particleRecv,38,1,4.1182e-05
particleRecv,38,2,3.6414e-05
particleRecv,38,3,3.6543e-05
particleRecv,38,4,4.0158e-05
particleRecv,38,5,4.6622e-05
particleRecv,38,6,3.8047e-05
particleRecv,38,7,3.9294e-05
particleRecv,38,8,3.955e-05
particleRecv,38,9,3.9999e-05
particleDestroy,38,0,0.003027985
particleDestroy,38,1,0.003030161
particleDestroy,38,2,0.003022162
particleDestroy,38,3,0.003027377
particleDestroy,38,4,0.003041457
particleDestroy,38,5,0.003029457
particleDestroy,38,6,0.003023729
particleDestroy,38,7,0.003016146
particleDestroy,38,8,0.003026033
particleDestroy,38,9,0.003025361
ScatterPIFNUFFT,38,0,0.35241995
ScatterPIFNUFFT,38,1,1.1744e-05
ScatterPIFNUFFT,38,2,0.298402123
ScatterPIFNUFFT,38,3,1.9935e-05
ScatterPIFNUFFT,38,4,0.20905858
ScatterPIFNUFFT,38,5,1.9168e-05
ScatterPIFNUFFT,38,6,0.260089607
ScatterPIFNUFFT,38,7,9.984e-06
ScatterPIFNUFFT,38,8,0.206475987
ScatterPIFNUFFT,38,9,1.4687e-05
ScatterPIFNUFFT,38,10,0.263161334
ScatterPIFNUFFT,38,11,2.0959e-05
ScatterPIFNUFFT,38,12,0.205897704
ScatterPIFNUFFT,38,13,1.2384e-05
ScatterPIFNUFFT,38,14,0.268644717
ScatterPIFNUFFT,38,15,2.3616e-05
ScatterPIFNUFFT,38,16,0.20900607
ScatterPIFNUFFT,38,17,3.6095e-05
ScatterPIFNUFFT,38,18,0.172751847
ScatterPIFNUFFT,38,19,2.2879e-05
NativeNUFFT1,38,0,0.348830418
NativeNUFFT1,38,1,0.293920751
NativeNUFFT1,38,2,0.204685365
NativeNUFFT1,38,3,0.255673928
NativeNUFFT1,38,4,0.20219176
NativeNUFFT1,38,5,0.258889842
NativeNUFFT1,38,6,0.201450731
NativeNUFFT1,38,7,0.264144305
NativeNUFFT1,38,8,0.204547418
NativeNUFFT1,38,9,0.168309481
scatterTimerNUFFT1,38,0,0.22057099
scatterTimerNUFFT1,38,1,0.168508097
scatterTimerNUFFT1,38,2,0.075996832
scatterTimerNUFFT1,38,3,0.128450014
scatterTimerNUFFT1,38,4,0.073089193
scatterTimerNUFFT1,38,5,0.129273822
scatterTimerNUFFT1,38,6,0.074613906
scatterTimerNUFFT1,38,7,0.136001833
scatterTimerNUFFT1,38,8,0.076408017
scatterTimerNUFFT1,38,9,0.040670542
binSort,38,0,0.004300642
binSort,38,1,0.004278467
binSort,38,2,0.004262244
binSort,38,3,0.004271331
binSort,38,4,0.00426506
binSort,38,5,0.004277156
binSort,38,6,0.00426186
binSort,38,7,0.004231077
binSort,38,8,0.004275107
binSort,38,9,0.004258436
binSort,38,10,0.004273476
binSort,38,11,0.00431277
binSort,38,12,0.004276419
binSort,38,13,0.004258852
binSort,38,14,0.004244484
binSort,38,15,0.004254308
binSort,38,16,0.00428477
binSort,38,17,0.004300802
binSort,38,18,0.004233604
binSort,38,19,0.004234372
binSort,38,20,0.004271652
binSort,38,21,0.004236197
binSort,38,22,0.004280963
binSort,38,23,0.004234757
binSort,38,24,0.004284163
binSort,38,25,0.004225926
binSort,38,26,0.004263268
binSort,38,27,0.004198534
binSort,38,28,0.00424938
binSort,38,29,0.004299106
binSort,38,30,0.004258916
binSort,38,31,0.004221509
binSort,38,32,0.004272323
binSort,38,33,0.004199174
binSort,38,34,0.004288963
binSort,38,35,0.004253924
binSort,38,36,0.004258116
binSort,38,37,0.004212677
binSort,38,38,0.004296003
binSort,38,39,0.004322754
binComputeKeys,38,0,0.000398097
binComputeKeys,38,1,0.000409937
binComputeKeys,38,2,0.000404753
binComputeKeys,38,3,0.000399185
binComputeKeys,38,4,0.000402097
binComputeKeys,38,5,0.000400434
binComputeKeys,38,6,0.000412401
binComputeKeys,38,7,0.000410801
binComputeKeys,38,8,0.000399953
binComputeKeys,38,9,0.000400977
binComputeKeys,38,10,0.000411569
binComputeKeys,38,11,0.000400433
binComputeKeys,38,12,0.000396433
binComputeKeys,38,13,0.000413296
binComputeKeys,38,14,0.000401617
binComputeKeys,38,15,0.000407761
binComputeKeys,38,16,0.000400881
binComputeKeys,38,17,0.000402897
binComputeKeys,38,18,0.000403985
binComputeKeys,38,19,0.000398545
binComputeKeys,38,20,0.000407346
binComputeKeys,38,21,0.000396785
binComputeKeys,38,22,0.00039941
binComputeKeys,38,23,0.000408433
binComputeKeys,38,24,0.000403666
binComputeKeys,38,25,0.000404433
binComputeKeys,38,26,0.000412049
binComputeKeys,38,27,0.000395633
binComputeKeys,38,28,0.000397745
binComputeKeys,38,29,0.000414481
binComputeKeys,38,30,0.000399346
binComputeKeys,38,31,0.000401521
binComputeKeys,38,32,0.000400209
binComputeKeys,38,33,0.000395537
binComputeKeys,38,34,0.00039989
binComputeKeys,38,35,0.000401777
binComputeKeys,38,36,0.000398002
binComputeKeys,38,37,0.000396497
binComputeKeys,38,38,0.000407857
binComputeKeys,38,39,0.000405906
binSortByKey,38,0,0.003684697
binSortByKey,38,1,0.003664026
binSortByKey,38,2,0.003658714
binSortByKey,38,3,0.003665562
binSortByKey,38,4,0.003659354
binSortByKey,38,5,0.003668121
binSortByKey,38,6,0.003650138
binSortByKey,38,7,0.003623867
binSortByKey,38,8,0.003671833
binSortByKey,38,9,0.003656474
binSortByKey,38,10,0.003660762
binSortByKey,38,11,0.003700889
binSortByKey,38,12,0.00367465
binSortByKey,38,13,0.003644539
binSortByKey,38,14,0.003637306
binSortByKey,38,15,0.003651354
binSortByKey,38,16,0.003678169
binSortByKey,38,17,0.003681401
binSortByKey,38,18,0.003632218
binSortByKey,38,19,0.003636347
binSortByKey,38,20,0.003660186
binSortByKey,38,21,0.003635867
binSortByKey,38,22,0.003669625
binSortByKey,38,23,0.003630203
binSortByKey,38,24,0.003677305
binSortByKey,38,25,0.00362662
binSortByKey,38,26,0.003652954
binSortByKey,38,27,0.003607516
binSortByKey,38,28,0.003648091
binSortByKey,38,29,0.003676921
binSortByKey,38,30,0.003655354
binSortByKey,38,31,0.003626683
binSortByKey,38,32,0.00366649
binSortByKey,38,33,0.003612956
binSortByKey,38,34,0.003675385
binSortByKey,38,35,0.003644091
binSortByKey,38,36,0.003659898
binSortByKey,38,37,0.003624763
binSortByKey,38,38,0.003678618
binSortByKey,38,39,0.003692121
binComputeOffsets,38,0,0.000216504
binComputeOffsets,38,1,0.000202936
binComputeOffsets,38,2,0.000197209
binComputeOffsets,38,3,0.000206168
binComputeOffsets,38,4,0.000202425
binComputeOffsets,38,5,0.000207577
binComputeOffsets,38,6,0.000197689
binComputeOffsets,38,7,0.000195801
binComputeOffsets,38,8,0.000202553
binComputeOffsets,38,9,0.000200601
binComputeOffsets,38,10,0.000200441
binComputeOffsets,38,11,0.000210424
binComputeOffsets,38,12,0.000203256
binComputeOffsets,38,13,0.000199865
binComputeOffsets,38,14,0.000205017
binComputeOffsets,38,15,0.000193593
binComputeOffsets,38,16,0.00020364
binComputeOffsets,38,17,0.000215416
binComputeOffsets,38,18,0.000195737
binComputeOffsets,38,19,0.000197752
binComputeOffsets,38,20,0.000201945
binComputeOffsets,38,21,0.000201561
binComputeOffsets,38,22,0.000210008
binComputeOffsets,38,23,0.000194361
binComputeOffsets,38,24,0.00020124
binComputeOffsets,38,25,0.000194041
binComputeOffsets,38,26,0.000196569
binComputeOffsets,38,27,0.000193817
binComputeOffsets,38,28,0.000202009
binComputeOffsets,38,29,0.000206136
binComputeOffsets,38,30,0.000203352
binComputeOffsets,38,31,0.000191801
binComputeOffsets,38,32,0.00020268
binComputeOffsets,38,33,0.000189017
binComputeOffsets,38,34,0.000212568
binComputeOffsets,38,35,0.000206488
binComputeOffsets,38,36,0.00019932
binComputeOffsets,38,37,0.000190617
binComputeOffsets,38,38,0.000207928
binComputeOffsets,38,39,0.000223416
FFTNUFFT1,38,0,0.127426626
FFTNUFFT1,38,1,0.124590828
FFTNUFFT1,38,2,0.127873171
FFTNUFFT1,38,3,0.126411976
FFTNUFFT1,38,4,0.128284804
FFTNUFFT1,38,5,0.128787506
FFTNUFFT1,38,6,0.126024247
FFTNUFFT1,38,7,0.127314855
FFTNUFFT1,38,8,0.127326407
FFTNUFFT1,38,9,0.126801914
deconvolutionNUFFT1,38,0,0.000831394
deconvolutionNUFFT1,38,1,0.000820482
deconvolutionNUFFT1,38,2,0.000813954
deconvolutionNUFFT1,38,3,0.000810178
deconvolutionNUFFT1,38,4,0.000815491
deconvolutionNUFFT1,38,5,0.000827074
deconvolutionNUFFT1,38,6,0.000811458
deconvolutionNUFFT1,38,7,0.000825985
deconvolutionNUFFT1,38,8,0.000810883
deconvolutionNUFFT1,38,9,0.000835777
GatherPIFNUFFT,38,0,0.470323792
GatherPIFNUFFT,38,1,0.472135021
GatherPIFNUFFT,38,2,0.463777791
GatherPIFNUFFT,38,3,0.462626281
GatherPIFNUFFT,38,4,0.466229509
GatherPIFNUFFT,38,5,0.458155917
GatherPIFNUFFT,38,6,0.466547418
GatherPIFNUFFT,38,7,0.462539884
GatherPIFNUFFT,38,8,0.466438109
GatherPIFNUFFT,38,9,0.467634482
NativeNUFFT2,38,0,0.162108046
NativeNUFFT2,38,1,0.154061139
NativeNUFFT2,38,2,0.152654663
NativeNUFFT2,38,3,0.163412989
NativeNUFFT2,38,4,0.152335763
NativeNUFFT2,38,5,0.153548006
NativeNUFFT2,38,6,0.156476634
NativeNUFFT2,38,7,0.15268583
NativeNUFFT2,38,8,0.152983867
NativeNUFFT2,38,9,0.156916587
NativeNUFFT2,38,10,0.15026163
NativeNUFFT2,38,11,0.153870649
NativeNUFFT2,38,12,0.15527335
NativeNUFFT2,38,13,0.15575039
NativeNUFFT2,38,14,0.153730591
NativeNUFFT2,38,15,0.15155723
NativeNUFFT2,38,16,0.149763153
NativeNUFFT2,38,17,0.154802201
NativeNUFFT2,38,18,0.158138973
NativeNUFFT2,38,19,0.153966583
NativeNUFFT2,38,20,0.152919198
NativeNUFFT2,38,21,0.151729577
NativeNUFFT2,38,22,0.151103424
NativeNUFFT2,38,23,0.157601585
NativeNUFFT2,38,24,0.155750998
NativeNUFFT2,38,25,0.155879216
NativeNUFFT2,38,26,0.150398522
NativeNUFFT2,38,27,0.160066103
NativeNUFFT2,38,28,0.151521904
NativeNUFFT2,38,29,0.154014613
PrecorrectionNUFFT2,38,0,0.001605638
PrecorrectionNUFFT2,38,1,0.002621248
PrecorrectionNUFFT2,38,2,0.002608192
PrecorrectionNUFFT2,38,3,0.001635909
PrecorrectionNUFFT2,38,4,0.002621281
PrecorrectionNUFFT2,38,5,0.002618367
PrecorrectionNUFFT2,38,6,0.001601477
PrecorrectionNUFFT2,38,7,0.002628512
PrecorrectionNUFFT2,38,8,0.002628768
PrecorrectionNUFFT2,38,9,0.001640548
PrecorrectionNUFFT2,38,10,0.002624896
PrecorrectionNUFFT2,38,11,0.002651519
PrecorrectionNUFFT2,38,12,0.001601765
PrecorrectionNUFFT2,38,13,0.002599425
PrecorrectionNUFFT2,38,14,0.002595585
PrecorrectionNUFFT2,38,15,0.001632356
PrecorrectionNUFFT2,38,16,0.002629631
PrecorrectionNUFFT2,38,17,0.002617568
PrecorrectionNUFFT2,38,18,0.001620836
PrecorrectionNUFFT2,38,19,0.002593601
PrecorrectionNUFFT2,38,20,0.002595489
PrecorrectionNUFFT2,38,21,0.001609414
PrecorrectionNUFFT2,38,22,0.002603329
PrecorrectionNUFFT2,38,23,0.002624992
PrecorrectionNUFFT2,38,24,0.001628548
PrecorrectionNUFFT2,38,25,0.002614048
PrecorrectionNUFFT2,38,26,0.002626464
PrecorrectionNUFFT2,38,27,0.001625956
PrecorrectionNUFFT2,38,28,0.00261552
PrecorrectionNUFFT2,38,29,0.002608353
FFTNUFFT2,38,0,0.138041022
FFTNUFFT2,38,1,0.125247954
FFTNUFFT2,38,2,0.121261541
FFTNUFFT2,38,3,0.129934215
FFTNUFFT2,38,4,0.124855138
FFTNUFFT2,38,5,0.131001632
FFTNUFFT2,38,6,0.125996055
FFTNUFFT2,38,7,0.133112882
FFTNUFFT2,38,8,0.125364623
FFTNUFFT2,38,9,0.12927152
FFTNUFFT2,38,10,0.121531516
FFTNUFFT2,38,11,0.12099675
FFTNUFFT2,38,12,0.130116577
FFTNUFFT2,38,13,0.125241491
FFTNUFFT2,38,14,0.118980184
FFTNUFFT2,38,15,0.124470127
FFTNUFFT2,38,16,0.127203307
FFTNUFFT2,38,17,0.128198887
FFTNUFFT2,38,18,0.130371543
FFTNUFFT2,38,19,0.133032565
FFTNUFFT2,38,20,0.134641755
FFTNUFFT2,38,21,0.129325406
FFTNUFFT2,38,22,0.134538654
FFTNUFFT2,38,23,0.131732037
FFTNUFFT2,38,24,0.138120955
FFTNUFFT2,38,25,0.121952299
FFTNUFFT2,38,26,0.120886387
FFTNUFFT2,38,27,0.130637869
FFTNUFFT2,38,28,0.125873564
FFTNUFFT2,38,29,0.121330819
GatherNUFFT2,38,0,0.016145008
GatherNUFFT2,38,1,0.019895399
GatherNUFFT2,38,2,0.022497927
GatherNUFFT2,38,3,0.025705586
GatherNUFFT2,38,4,0.018720017
GatherNUFFT2,38,5,0.013616782
GatherNUFFT2,38,6,0.022608452
GatherNUFFT2,38,7,0.010640442
GatherNUFFT2,38,8,0.01867874
GatherNUFFT2,38,9,0.019687342
GatherNUFFT2,38,10,0.019773099
GatherNUFFT2,38,11,0.023871286
GatherNUFFT2,38,12,0.017254152
GatherNUFFT2,38,13,0.02160948
GatherNUFFT2,38,14,0.025864269
GatherNUFFT2,38,15,0.019285662
GatherNUFFT2,38,16,0.013632236
GatherNUFFT2,38,17,0.017689336
GatherNUFFT2,38,18,0.019847049
GatherNUFFT2,38,19,0.012062086
GatherNUFFT2,38,20,0.009388105
GatherNUFFT2,38,21,0.014650631
GatherNUFFT2,38,22,0.00769095
GatherNUFFT2,38,23,0.016943283
GatherNUFFT2,38,24,0.00968067
GatherNUFFT2,38,25,0.025181061
GatherNUFFT2,38,26,0.020788166
GatherNUFFT2,38,27,0.021669959
GatherNUFFT2,38,28,0.016883349
GatherNUFFT2,38,29,0.023778617
mainTimer,39,0,7.524174746
dumpData,39,0,0.010000657
dumpData,39,1,0.008840028
dumpData,39,2,0.009603328
dumpData,39,3,0.009039253
dumpData,39,4,0.010662073
dumpData,39,5,0.010115757
dumpData,39,6,0.008447242
dumpData,39,7,0.009252845
dumpData,39,8,0.008211731
dumpData,39,9,0.008641283
kick,39,0,3.2575e-05
kick,39,1,1.4656e-05
kick,39,2,3.1071e-05
kick,39,3,1.2447e-05
kick,39,4,3.4495e-05
kick,39,5,1.2576e-05
kick,39,6,3.1263e-05
kick,39,7,8.832e-06
kick,39,8,3.0399e-05
kick,39,9,9.856e-06
kick,39,10,3.0975e-05
kick,39,11,9.728e-06
kick,39,12,2.7455e-05
kick,39,13,9.408e-06
kick,39,14,2.7295e-05
kick,39,15,5.856e-06
kick,39,16,3.1551e-05
kick,39,17,7.168e-06
kick,39,18,3.4207e-05
kick,39,19,8.416e-06
drift,39,0,7.488e-06
drift,39,1,1.0432e-05
drift,39,2,8.672e-06
drift,39,3,7.839e-06
drift,39,4,7.295e-06
drift,39,5,8.384e-06
drift,39,6,9.343e-06
drift,39,7,8e-06
drift,39,8,9.375e-06
drift,39,9,8.767e-06
particleBC,39,0,1.2831e-05
particleBC,39,1,1.3759e-05
particleBC,39,2,1.3183e-05
particleBC,39,3,1.2704e-05
particleBC,39,4,1.3056e-05
particleBC,39,5,1.2959e-05
particleBC,39,6,1.1872e-05
particleBC,39,7,1.6255e-05
particleBC,39,8,1.3664e-05
particleBC,39,9,1.5424e-05
updateParticle,39,0,0.009686814
updateParticle,39,1,0.009587808
updateParticle,39,2,0.063750145
updateParticle,39,3,0.009637599
updateParticle,39,4,0.06365562
updateParticle,39,5,0.063225812
updateParticle,39,6,0.009516003
updateParticle,39,7,0.009612865
updateParticle,39,8,0.00980604
updateParticle,39,9,0.046264384
locateParticles,39,0,0.003663354
locateParticles,39,1,0.003667289
locateParticles,39,2,0.003680217
locateParticles,39,3,0.003669786
locateParticles,39,4,0.003678169
locateParticles,39,5,0.003709976
locateParticles,39,6,0.003664953
locateParticles,39,7,0.003685914
locateParticles,39,8,0.003697464
locateParticles,39,9,0.00370508
sendPreprocess,39,0,0.000692359
sendPreprocess,39,1,0.000720486
sendPreprocess,39,2,0.000713638
sendPreprocess,39,3,0.000723781
sendPreprocess,39,4,0.000731622
sendPreprocess,39,5,0.000675368
sendPreprocess,39,6,0.000728742
sendPreprocess,39,7,0.000714757
sendPreprocess,39,8,0.000746213
sendPreprocess,39,9,0.000669223
particleSend,39,0,0.001115575
particleSend,39,1,0.001028314
particleSend,39,2,0.001064793
particleSend,39,3,0.001068761
particleSend,39,4,0.00109644
particleSend,39,5,0.001085432
particleSend,39,6,0.001030298
particleSend,39,7,0.001082169
particleSend,39,8,0.001025851
particleSend,39,9,0.001061945
particleRecv,39,0,3.5199e-05
particleRecv,39,1,3.9391e-05
particleRecv,39,2,4.0639e-05
particleRecv,39,3,4.0094e-05
particleRecv,39,4,3.2287e-05
particleRecv,39,5,3.7086e-05
particleRecv,39,6,3.8719e-05
particleRecv,39,7,4.083e-05
particleRecv,39,8,4.5726e-05
particleRecv,39,9,3.5327e-05
particleDestroy,39,0,0.002946484
particleDestroy,39,1,0.002984498
particleDestroy,39,2,0.002953108
particleDestroy,39,3,0.002943924
particleDestroy,39,4,0.002981139
particleDestroy,39,5,0.002982931
particleDestroy,39,6,0.002975699
particleDestroy,39,7,0.002964212
particleDestroy,39,8,0.00298149
particleDestroy,39,9,0.002978642
ScatterPIFNUFFT,39,0,0.361997776
ScatterPIFNUFFT,39,1,2.4512e-05
ScatterPIFNUFFT,39,2,0.304230646
ScatterPIFNUFFT,39,3,1.7856e-05
ScatterPIFNUFFT,39,4,0.207387602
ScatterPIFNUFFT,39,5,2.2719e-05
ScatterPIFNUFFT,39,6,0.265094671
ScatterPIFNUFFT,39,7,1.7215e-05
ScatterPIFNUFFT,39,8,0.198836811
ScatterPIFNUFFT,39,9,2.6975e-05
ScatterPIFNUFFT,39,10,0.267688624
ScatterPIFNUFFT,39,11,2.9343e-05
ScatterPIFNUFFT,39,12,0.208251474
ScatterPIFNUFFT,39,13,3.2191e-05
ScatterPIFNUFFT,39,14,0.270526567
ScatterPIFNUFFT,39,15,3.3663e-05
ScatterPIFNUFFT,39,16,0.209168367
ScatterPIFNUFFT,39,17,2.0511e-05
ScatterPIFNUFFT,39,18,0.180892348
ScatterPIFNUFFT,39,19,1.184e-05
NativeNUFFT1,39,0,0.357334395
NativeNUFFT1,39,1,0.299752058
NativeNUFFT1,39,2,0.202975956
NativeNUFFT1,39,3,0.260667569
NativeNUFFT1,39,4,0.194503017
NativeNUFFT1,39,5,0.263232435
NativeNUFFT1,39,6,0.203734616
NativeNUFFT1,39,7,0.266049483
NativeNUFFT1,39,8,0.204757009
NativeNUFFT1,39,9,0.176502365
scatterTimerNUFFT1,39,0,0.220541648
scatterTimerNUFFT1,39,1,0.168110992
scatterTimerNUFFT1,39,2,0.078924469
scatterTimerNUFFT1,39,3,0.128890062
scatterTimerNUFFT1,39,4,0.073728722
scatterTimerNUFFT1,39,5,0.127595164
scatterTimerNUFFT1,39,6,0.075262778
scatterTimerNUFFT1,39,7,0.134904689
scatterTimerNUFFT1,39,8,0.075140159
scatterTimerNUFFT1,39,9,0.041152508
binSort,39,0,0.004066986
binSort,39,1,0.003996845
binSort,39,2,0.003975534
binSort,39,3,0.003948815
binSort,39,4,0.004133
binSort,39,5,0.003996142
binSort,39,6,0.003957711
binSort,39,7,0.003997198
binSort,39,8,0.004114633
binSort,39,9,0.004006445
binSort,39,10,0.004027693
binSort,39,11,0.004013101
binSort,39,12,0.00409681
binSort,39,13,0.004013101
binSort,39,14,0.003968814
binSort,39,15,0.004042636
binSort,39,16,0.004098153
binSort,39,17,0.004045131
binSort,39,18,0.004011309
binSort,39,19,0.003968719
binSort,39,20,0.004136968
binSort,39,21,0.00398827
binSort,39,22,0.004045356
binSort,39,23,0.004010925
binSort,39,24,0.004097481
binSort,39,25,0.004002158
binSort,39,26,0.004058379
binSort,39,27,0.003977934
binSort,39,28,0.004104586
binSort,39,29,0.004056395
binSort,39,30,0.004000014
binSort,39,31,0.004010381
binSort,39,32,0.004113706
binSort,39,33,0.003966318
binSort,39,34,0.004011885
binSort,39,35,0.003954351
binSort,39,36,0.004148648
binSort,39,37,0.004050988
binSort,39,38,0.004026061
binSort,39,39,0.004018988
binComputeKeys,39,0,0.000384689
binComputeKeys,39,1,0.000391762
binComputeKeys,39,2,0.000384401
binComputeKeys,39,3,0.000372466
binComputeKeys,39,4,0.000387217
binComputeKeys,39,5,0.000384946
binComputeKeys,39,6,0.00037733
binComputeKeys,39,7,0.000374386
binComputeKeys,39,8,0.000381554
binComputeKeys,39,9,0.000374898
binComputeKeys,39,10,0.00037285
binComputeKeys,39,11,0.00037557
binComputeKeys,39,12,0.000389714
binComputeKeys,39,13,0.000378514
binComputeKeys,39,14,0.000378578
binComputeKeys,39,15,0.000394833
binComputeKeys,39,16,0.000384498
binComputeKeys,39,17,0.000388594
binComputeKeys,39,18,0.00037333
binComputeKeys,39,19,0.000384658
binComputeKeys,39,20,0.000382482
binComputeKeys,39,21,0.000384882
binComputeKeys,39,22,0.000391922
binComputeKeys,39,23,0.00037845
binComputeKeys,39,24,0.00038053
binComputeKeys,39,25,0.000375986
binComputeKeys,39,26,0.000380114
binComputeKeys,39,27,0.000383282
binComputeKeys,39,28,0.000388434
binComputeKeys,39,29,0.000399921
binComputeKeys,39,30,0.000377459
binComputeKeys,39,31,0.000378002
binComputeKeys,39,32,0.000391314
binComputeKeys,39,33,0.000374514
binComputeKeys,39,34,0.000384882
binComputeKeys,39,35,0.000373331
binComputeKeys,39,36,0.000384722
binComputeKeys,39,37,0.000383154
binComputeKeys,39,38,0.000388946
binComputeKeys,39,39,0.000385906
binSortByKey,39,0,0.003474593
binSortByKey,39,1,0.003422914
binSortByKey,39,2,0.003406564
binSortByKey,39,3,0.003391876
binSortByKey,39,4,0.003549342
binSortByKey,39,5,0.003424963
binSortByKey,39,6,0.003396708
binSortByKey,39,7,0.003431203
binSortByKey,39,8,0.00353555
binSortByKey,39,9,0.003445441
binSortByKey,39,10,0.003454114
binSortByKey,39,11,0.003443586
binSortByKey,39,12,0.00350352
binSortByKey,39,13,0.003446562
binSortByKey,39,14,0.003404419
binSortByKey,39,15,0.003456386
binSortByKey,39,16,0.003512095
binSortByKey,39,17,0.003459585
binSortByKey,39,18,0.00344621
binSortByKey,39,19,0.003403715
binSortByKey,39,20,0.003555678
binSortByKey,39,21,0.003419651
binSortByKey,39,22,0.003462401
binSortByKey,39,23,0.003443202
binSortByKey,39,24,0.003515775
binSortByKey,39,25,0.003434595
binSortByKey,39,26,0.003466624
binSortByKey,39,27,0.003410115
binSortByKey,39,28,0.003513919
binSortByKey,39,29,0.003463554
binSortByKey,39,30,0.003430882
binSortByKey,39,31,0.00344429
binSortByKey,39,32,0.003527743
binSortByKey,39,33,0.003404227
binSortByKey,39,34,0.003439298
binSortByKey,39,35,0.003395331
binSortByKey,39,36,0.003560125
binSortByKey,39,37,0.003469953
binSortByKey,39,38,0.003449442
binSortByKey,39,39,0.003442561
binComputeOffsets,39,0,0.000206776
binComputeOffsets,39,1,0.000181657
binComputeOffsets,39,2,0.000182809
binComputeOffsets,39,3,0.000183161
binComputeOffsets,39,4,0.000195929
binComputeOffsets,39,5,0.000184921
binComputeOffsets,39,6,0.000181945
binComputeOffsets,39,7,0.000190297
binComputeOffsets,39,8,0.000197017
binComputeOffsets,39,9,0.000184314
binComputeOffsets,39,10,0.000199161
binComputeOffsets,39,11,0.000192633
binComputeOffsets,39,12,0.00020092
binComputeOffsets,39,13,0.000186361
binComputeOffsets,39,14,0.000184441
binComputeOffsets,39,15,0.000190489
binComputeOffsets,39,16,0.000200312
binComputeOffsets,39,17,0.000194776
binComputeOffsets,39,18,0.000190521
binComputeOffsets,39,19,0.00017993
binComputeOffsets,39,20,0.00019724
binComputeOffsets,39,21,0.000182969
binComputeOffsets,39,22,0.000190201
binComputeOffsets,39,23,0.000188953
binComputeOffsets,39,24,0.000199992
binComputeOffsets,39,25,0.000190233
binComputeOffsets,39,26,0.000209529
binComputeOffsets,39,27,0.000183705
binComputeOffsets,39,28,0.000200441
binComputeOffsets,39,29,0.000190298
binComputeOffsets,39,30,0.000190297
binComputeOffsets,39,31,0.000187641
binComputeOffsets,39,32,0.000193273
binComputeOffsets,39,33,0.000185081
binComputeOffsets,39,34,0.000186297
binComputeOffsets,39,35,0.000184473
binComputeOffsets,39,36,0.000201657
binComputeOffsets,39,37,0.000196345
binComputeOffsets,39,38,0.000186809
binComputeOffsets,39,39,0.000188089
FFTNUFFT1,39,0,0.135967881
FFTNUFFT1,39,1,0.130815528
FFTNUFFT1,39,2,0.123234429
FFTNUFFT1,39,3,0.130927331
FFTNUFFT1,39,4,0.120104688
FFTNUFFT1,39,5,0.134986287
FFTNUFFT1,39,6,0.127637724
FFTNUFFT1,39,7,0.130301529
FFTNUFFT1,39,8,0.128781457
FFTNUFFT1,39,9,0.13450624
deconvolutionNUFFT1,39,0,0.000823554
deconvolutionNUFFT1,39,1,0.000824258
deconvolutionNUFFT1,39,2,0.00081613
deconvolutionNUFFT1,39,3,0.000849184
deconvolutionNUFFT1,39,4,0.000667912
deconvolutionNUFFT1,39,5,0.0006498
deconvolutionNUFFT1,39,6,0.000832962
deconvolutionNUFFT1,39,7,0.000841473
deconvolutionNUFFT1,39,8,0.000833121
deconvolutionNUFFT1,39,9,0.000841729
GatherPIFNUFFT,39,0,0.460136132
GatherPIFNUFFT,39,1,0.465514303
GatherPIFNUFFT,39,2,0.46462928
GatherPIFNUFFT,39,3,0.457444231
GatherPIFNUFFT,39,4,0.470770303
GatherPIFNUFFT,39,5,0.450354443
GatherPIFNUFFT,39,6,0.463338095
GatherPIFNUFFT,39,7,0.459138218
GatherPIFNUFFT,39,8,0.465425315
GatherPIFNUFFT,39,9,0.459712372
NativeNUFFT2,39,0,0.149534201
NativeNUFFT2,39,1,0.154362151
NativeNUFFT2,39,2,0.154628766
NativeNUFFT2,39,3,0.157791274
NativeNUFFT2,39,4,0.152441423
NativeNUFFT2,39,5,0.153736735
NativeNUFFT2,39,6,0.157466582
NativeNUFFT2,39,7,0.152628647
NativeNUFFT2,39,8,0.150808907
NativeNUFFT2,39,9,0.151060098
NativeNUFFT2,39,10,0.150736589
NativeNUFFT2,39,11,0.153255344
NativeNUFFT2,39,12,0.160356172
NativeNUFFT2,39,13,0.1536321
NativeNUFFT2,39,14,0.153791132
NativeNUFFT2,39,15,0.1471308
NativeNUFFT2,39,16,0.149341952
NativeNUFFT2,39,17,0.152282772
NativeNUFFT2,39,18,0.151964511
NativeNUFFT2,39,19,0.153983031
NativeNUFFT2,39,20,0.154281452
NativeNUFFT2,39,21,0.147666141
NativeNUFFT2,39,22,0.152380945
NativeNUFFT2,39,23,0.156912458
NativeNUFFT2,39,24,0.155819443
NativeNUFFT2,39,25,0.156699538
NativeNUFFT2,39,26,0.149503194
NativeNUFFT2,39,27,0.151304376
NativeNUFFT2,39,28,0.152947099
NativeNUFFT2,39,29,0.154012917
PrecorrectionNUFFT2,39,0,0.00157319
PrecorrectionNUFFT2,39,1,0.002532803
PrecorrectionNUFFT2,39,2,0.002544162
PrecorrectionNUFFT2,39,3,0.001568006
PrecorrectionNUFFT2,39,4,0.002546275
PrecorrectionNUFFT2,39,5,0.002547458
PrecorrectionNUFFT2,39,6,0.001601061
PrecorrectionNUFFT2,39,7,0.002546595
PrecorrectionNUFFT2,39,8,0.002554658
PrecorrectionNUFFT2,39,9,0.001588742
PrecorrectionNUFFT2,39,10,0.002530787
PrecorrectionNUFFT2,39,11,0.002501829
PrecorrectionNUFFT2,39,12,0.001601221
PrecorrectionNUFFT2,39,13,0.002533028
PrecorrectionNUFFT2,39,14,0.002538563
PrecorrectionNUFFT2,39,15,0.001567462
PrecorrectionNUFFT2,39,16,0.002537027
PrecorrectionNUFFT2,39,17,0.002498724
PrecorrectionNUFFT2,39,18,0.001606085
PrecorrectionNUFFT2,39,19,0.002557411
PrecorrectionNUFFT2,39,20,0.002534467
PrecorrectionNUFFT2,39,21,0.00158151
PrecorrectionNUFFT2,39,22,0.002533603
PrecorrectionNUFFT2,39,23,0.002529123
PrecorrectionNUFFT2,39,24,0.001601541
PrecorrectionNUFFT2,39,25,0.002543075
PrecorrectionNUFFT2,39,26,0.002509124
PrecorrectionNUFFT2,39,27,0.001567238
PrecorrectionNUFFT2,39,28,0.00254269
PrecorrectionNUFFT2,39,29,0.002541027
FFTNUFFT2,39,0,0.128336834
FFTNUFFT2,39,1,0.136834058
FFTNUFFT2,39,2,0.135703604
FFTNUFFT2,39,3,0.127928945
FFTNUFFT2,39,4,0.118013308
FFTNUFFT2,39,5,0.126091572
FFTNUFFT2,39,6,0.136616242
FFTNUFFT2,39,7,0.132402317
FFTNUFFT2,39,8,0.123951458
FFTNUFFT2,39,9,0.126852889
FFTNUFFT2,39,10,0.129383931
FFTNUFFT2,39,11,0.12049872
FFTNUFFT2,39,12,0.138994811
FFTNUFFT2,39,13,0.132859612
FFTNUFFT2,39,14,0.132266641
FFTNUFFT2,39,15,0.12013179
FFTNUFFT2,39,16,0.128572441
FFTNUFFT2,39,17,0.123812776
FFTNUFFT2,39,18,0.135027981
FFTNUFFT2,39,19,0.131737253
FFTNUFFT2,39,20,0.132967447
FFTNUFFT2,39,21,0.126418633
FFTNUFFT2,39,22,0.124474064
FFTNUFFT2,39,23,0.130205724
FFTNUFFT2,39,24,0.133440679
FFTNUFFT2,39,25,0.124573995
FFTNUFFT2,39,26,0.126313004
FFTNUFFT2,39,27,0.129977318
FFTNUFFT2,39,28,0.128423646
FFTNUFFT2,39,29,0.12239622
GatherNUFFT2,39,0,0.013806598
GatherNUFFT2,39,1,0.00899919
GatherNUFFT2,39,2,0.010381476
GatherNUFFT2,39,3,0.022318446
GatherNUFFT2,39,4,0.0258859
GatherNUFFT2,39,5,0.019246207
GatherNUFFT2,39,6,0.013224667
GatherNUFFT2,39,7,0.011692084
GatherNUFFT2,39,8,0.018433214
GatherNUFFT2,39,9,0.016801528
GatherNUFFT2,39,10,0.012814027
GatherNUFFT2,39,11,0.024265703
GatherNUFFT2,39,12,0.013853316
GatherNUFFT2,39,13,0.01224752
GatherNUFFT2,39,14,0.012955302
GatherNUFFT2,39,15,0.019419352
GatherNUFFT2,39,16,0.012245823
GatherNUFFT2,39,17,0.019955492
GatherNUFFT2,39,18,0.0094921
GatherNUFFT2,39,19,0.013659916
GatherNUFFT2,39,20,0.01273531
GatherNUFFT2,39,21,0.013756008
GatherNUFFT2,39,22,0.019292541
GatherNUFFT2,39,23,0.018140519
GatherNUFFT2,39,24,0.014749412
GatherNUFFT2,39,25,0.023566144
GatherNUFFT2,39,26,0.014735812
GatherNUFFT2,39,27,0.013904099
GatherNUFFT2,39,28,0.015952023
GatherNUFFT2,39,29,0.023070003
mainTimer,40,0,7.524185579
dumpData,40,0,0.00974936
dumpData,40,1,0.009419577
dumpData,40,2,0.007950216
dumpData,40,3,0.008522709
dumpData,40,4,0.01043113
dumpData,40,5,0.009828877
dumpData,40,6,0.009122466
dumpData,40,7,0.007464087
dumpData,40,8,0.009663474
dumpData,40,9,0.008837228
kick,40,0,5.0975e-05
kick,40,1,1.5487e-05
kick,40,2,4.8255e-05
kick,40,3,1.2319e-05
kick,40,4,4.8254e-05
kick,40,5,1.8207e-05
kick,40,6,4.6686e-05
kick,40,7,1.6127e-05
kick,40,8,4.9246e-05
kick,40,9,8.544e-06
kick,40,10,4.835e-05
kick,40,11,9.215e-06
kick,40,12,4.7487e-05
kick,40,13,1.0784e-05
kick,40,14,4.8351e-05
kick,40,15,1.1231e-05
kick,40,16,4.9022e-05
kick,40,17,1.7663e-05
kick,40,18,5.0942e-05
kick,40,19,1.4976e-05
drift,40,0,5.471e-06
drift,40,1,5.76e-06
drift,40,2,6.144e-06
drift,40,3,5.056e-06
drift,40,4,5.568e-06
drift,40,5,5.376e-06
drift,40,6,5.983e-06
drift,40,7,4.704e-06
drift,40,8,6.56e-06
drift,40,9,5.76e-06
particleBC,40,0,1.0464e-05
particleBC,40,1,1.0495e-05
particleBC,40,2,9.376e-06
particleBC,40,3,8.192e-06
particleBC,40,4,8.544e-06
particleBC,40,5,8.384e-06
particleBC,40,6,8.64e-06
particleBC,40,7,8.16e-06
particleBC,40,8,8.288e-06
particleBC,40,9,8.064e-06
updateParticle,40,0,0.074421575
updateParticle,40,1,0.118387719
updateParticle,40,2,0.064137513
updateParticle,40,3,0.045508911
updateParticle,40,4,0.045697962
updateParticle,40,5,0.045391699
updateParticle,40,6,0.052380473
updateParticle,40,7,0.009504438
updateParticle,40,8,0.00956946
updateParticle,40,9,0.009859819
locateParticles,40,0,0.003617487
locateParticles,40,1,0.003637454
locateParticles,40,2,0.003607695
locateParticles,40,3,0.00361115
locateParticles,40,4,0.00362875
locateParticles,40,5,0.00363995
locateParticles,40,6,0.003615343
locateParticles,40,7,0.00361195
locateParticles,40,8,0.003616846
locateParticles,40,9,0.003626223
sendPreprocess,40,0,0.000706058
sendPreprocess,40,1,0.000722633
sendPreprocess,40,2,0.000762792
sendPreprocess,40,3,0.00076308
sendPreprocess,40,4,0.00075668
sendPreprocess,40,5,0.000725513
sendPreprocess,40,6,0.000747241
sendPreprocess,40,7,0.000767432
sendPreprocess,40,8,0.000799911
sendPreprocess,40,9,0.000723401
particleSend,40,0,0.001150844
particleSend,40,1,0.001079039
particleSend,40,2,0.001130013
particleSend,40,3,0.001254649
particleSend,40,4,0.001086686
particleSend,40,5,0.001054431
particleSend,40,6,0.001124029
particleSend,40,7,0.001081982
particleSend,40,8,0.001113469
particleSend,40,9,0.00114422
particleRecv,40,0,3.4879e-05
particleRecv,40,1,4.9502e-05
particleRecv,40,2,4.0606e-05
particleRecv,40,3,3.9103e-05
particleRecv,40,4,4.6815e-05
particleRecv,40,5,4.1311e-05
particleRecv,40,6,4.3774e-05
particleRecv,40,7,4.2239e-05
particleRecv,40,8,4.2911e-05
particleRecv,40,9,3.5391e-05
particleDestroy,40,0,0.002789833
particleDestroy,40,1,0.002786729
particleDestroy,40,2,0.002789833
particleDestroy,40,3,0.002792328
particleDestroy,40,4,0.002797192
particleDestroy,40,5,0.002813192
particleDestroy,40,6,0.002808136
particleDestroy,40,7,0.002774537
particleDestroy,40,8,0.002780201
particleDestroy,40,9,0.002795689
ScatterPIFNUFFT,40,0,0.295872374
ScatterPIFNUFFT,40,1,1.3535e-05
ScatterPIFNUFFT,40,2,0.193305279
ScatterPIFNUFFT,40,3,2.0895e-05
ScatterPIFNUFFT,40,4,0.212386538
ScatterPIFNUFFT,40,5,1.9136e-05
ScatterPIFNUFFT,40,6,0.221831043
ScatterPIFNUFFT,40,7,1.6032e-05
ScatterPIFNUFFT,40,8,0.219386063
ScatterPIFNUFFT,40,9,2.5055e-05
ScatterPIFNUFFT,40,10,0.285665782
ScatterPIFNUFFT,40,11,1.6799e-05
ScatterPIFNUFFT,40,12,0.168404011
ScatterPIFNUFFT,40,13,3.4751e-05
ScatterPIFNUFFT,40,14,0.267830435
ScatterPIFNUFFT,40,15,2.0191e-05
ScatterPIFNUFFT,40,16,0.215936411
ScatterPIFNUFFT,40,17,4.4671e-05
ScatterPIFNUFFT,40,18,0.213483912
ScatterPIFNUFFT,40,19,2.5951e-05
NativeNUFFT1,40,0,0.291214536
NativeNUFFT1,40,1,0.188887497
NativeNUFFT1,40,2,0.208005107
NativeNUFFT1,40,3,0.217396142
NativeNUFFT1,40,4,0.214962138
NativeNUFFT1,40,5,0.281267679
NativeNUFFT1,40,6,0.16402626
NativeNUFFT1,40,7,0.263389678
NativeNUFFT1,40,8,0.212488647
NativeNUFFT1,40,9,0.209179246
scatterTimerNUFFT1,40,0,0.154807572
scatterTimerNUFFT1,40,1,0.059585623
scatterTimerNUFFT1,40,2,0.078944281
scatterTimerNUFFT1,40,3,0.092699339
scatterTimerNUFFT1,40,4,0.091729417
scatterTimerNUFFT1,40,5,0.147645108
scatterTimerNUFFT1,40,6,0.032179282
scatterTimerNUFFT1,40,7,0.136034303
scatterTimerNUFFT1,40,8,0.07672608
scatterTimerNUFFT1,40,9,0.077481672
binSort,40,0,0.004107391
binSort,40,1,0.00395994
binSort,40,2,0.004001186
binSort,40,3,0.004020034
binSort,40,4,0.004053697
binSort,40,5,0.003989315
binSort,40,6,0.00394554
binSort,40,7,0.00401805
binSort,40,8,0.004034017
binSort,40,9,0.003958276
binSort,40,10,0.004047489
binSort,40,11,0.004016226
binSort,40,12,0.004018435
binSort,40,13,0.003989507
binSort,40,14,0.004017603
binSort,40,15,0.004038754
binSort,40,16,0.004045154
binSort,40,17,0.003977283
binSort,40,18,0.00404125
binSort,40,19,0.004006178
binSort,40,20,0.004048257
binSort,40,21,0.004064513
binSort,40,22,0.004010658
binSort,40,23,0.00401453
binSort,40,24,0.004086592
binSort,40,25,0.004064193
binSort,40,26,0.003968771
binSort,40,27,0.004035938
binSort,40,28,0.004059456
binSort,40,29,0.004078784
binSort,40,30,0.004020738
binSort,40,31,0.004045794
binSort,40,32,0.003998115
binSort,40,33,0.003992803
binSort,40,34,0.004018466
binSort,40,35,0.004019906
binSort,40,36,0.004026754
binSort,40,37,0.003957956
binSort,40,38,0.004047361
binSort,40,39,0.003997443
binComputeKeys,40,0,0.00038546
binComputeKeys,40,1,0.000368373
binComputeKeys,40,2,0.000366644
binComputeKeys,40,3,0.000376916
binComputeKeys,40,4,0.000379764
binComputeKeys,40,5,0.000371797
binComputeKeys,40,6,0.000369076
binComputeKeys,40,7,0.0003781
binComputeKeys,40,8,0.00038098
binComputeKeys,40,9,0.000372116
binComputeKeys,40,10,0.000388275
binComputeKeys,40,11,0.000369172
binComputeKeys,40,12,0.000372565
binComputeKeys,40,13,0.0003709
binComputeKeys,40,14,0.000368309
binComputeKeys,40,15,0.000373556
binComputeKeys,40,16,0.000378645
binComputeKeys,40,17,0.000370292
binComputeKeys,40,18,0.00038658
binComputeKeys,40,19,0.000369332
binComputeKeys,40,20,0.000382292
binComputeKeys,40,21,0.000367829
binComputeKeys,40,22,0.000388755
binComputeKeys,40,23,0.000394516
binComputeKeys,40,24,0.000390771
binComputeKeys,40,25,0.000393715
binComputeKeys,40,26,0.000377332
binComputeKeys,40,27,0.000398324
binComputeKeys,40,28,0.000395155
binComputeKeys,40,29,0.000371188
binComputeKeys,40,30,0.000367924
binComputeKeys,40,31,0.00038242
binComputeKeys,40,32,0.000370837
binComputeKeys,40,33,0.000380052
binComputeKeys,40,34,0.000387444
binComputeKeys,40,35,0.000391124
binComputeKeys,40,36,0.000380468
binComputeKeys,40,37,0.000369588
binComputeKeys,40,38,0.000382196
binComputeKeys,40,39,0.000391283
binSortByKey,40,0,0.003499794
binSortByKey,40,1,0.003405301
binSortByKey,40,2,0.003435444
binSortByKey,40,3,0.003447061
binSortByKey,40,4,0.003480531
binSortByKey,40,5,0.003424628
binSortByKey,40,6,0.00339135
binSortByKey,40,7,0.003443124
binSortByKey,40,8,0.003461235
binSortByKey,40,9,0.00340207
binSortByKey,40,10,0.003461044
binSortByKey,40,11,0.003441333
binSortByKey,40,12,0.00344914
binSortByKey,40,13,0.003428949
binSortByKey,40,14,0.003449364
binSortByKey,40,15,0.003459988
binSortByKey,40,16,0.003469811
binSortByKey,40,17,0.003421717
binSortByKey,40,18,0.003459572
binSortByKey,40,19,0.003434324
binSortByKey,40,20,0.003473299
binSortByKey,40,21,0.003493106
binSortByKey,40,22,0.003438293
binSortByKey,40,23,0.003434868
binSortByKey,40,24,0.003500051
binSortByKey,40,25,0.003467348
binSortByKey,40,26,0.003407029
binSortByKey,40,27,0.003453203
binSortByKey,40,28,0.003469364
binSortByKey,40,29,0.00350085
binSortByKey,40,30,0.003446772
binSortByKey,40,31,0.003460148
binSortByKey,40,32,0.003430453
binSortByKey,40,33,0.003421077
binSortByKey,40,34,0.003429301
binSortByKey,40,35,0.003438484
binSortByKey,40,36,0.003452148
binSortByKey,40,37,0.003406518
binSortByKey,40,38,0.00345554
binSortByKey,40,39,0.003416694
binComputeOffsets,40,0,0.000218873
binComputeOffsets,40,1,0.000184538
binComputeOffsets,40,2,0.00019721
binComputeOffsets,40,3,0.000194522
binComputeOffsets,40,4,0.000190138
binComputeOffsets,40,5,0.000188282
binComputeOffsets,40,6,0.00018457
binComputeOffsets,40,7,0.000194522
binComputeOffsets,40,8,0.00018953
binComputeOffsets,40,9,0.000183674
binComputeOffsets,40,10,0.000196218
binComputeOffsets,40,11,0.000205049
binComputeOffsets,40,12,0.000194682
binComputeOffsets,40,13,0.000189114
binComputeOffsets,40,14,0.000198522
binComputeOffsets,40,15,0.000202202
binComputeOffsets,40,16,0.00019177
binComputeOffsets,40,17,0.00018377
binComputeOffsets,40,18,0.000191834
binComputeOffsets,40,19,0.000200378
binComputeOffsets,40,20,0.000190746
binComputeOffsets,40,21,0.000200378
binComputeOffsets,40,22,0.000180218
binComputeOffsets,40,23,0.000183354
binComputeOffsets,40,24,0.000192634
binComputeOffsets,40,25,0.000200154
binComputeOffsets,40,26,0.00018345
binComputeOffsets,40,27,0.000181467
binComputeOffsets,40,28,0.000193049
binComputeOffsets,40,29,0.00020473
binComputeOffsets,40,30,0.000204058
binComputeOffsets,40,31,0.000200986
binComputeOffsets,40,32,0.000193337
binComputeOffsets,40,33,0.000189306
binComputeOffsets,40,34,0.000199129
binComputeOffsets,40,35,0.000187866
binComputeOffsets,40,36,0.000192154
binComputeOffsets,40,37,0.000180794
binComputeOffsets,40,38,0.000207001
binComputeOffsets,40,39,0.000188282
FFTNUFFT1,40,0,0.135737064
FFTNUFFT1,40,1,0.128341168
FFTNUFFT1,40,2,0.128396335
FFTNUFFT1,40,3,0.123715138
FFTNUFFT1,40,4,0.122582725
FFTNUFFT1,40,5,0.132971903
FFTNUFFT1,40,6,0.13119887
FFTNUFFT1,40,7,0.126686372
FFTNUFFT1,40,8,0.134953632
FFTNUFFT1,40,9,0.131029979
deconvolutionNUFFT1,40,0,0.000666348
deconvolutionNUFFT1,40,1,0.000956515
deconvolutionNUFFT1,40,2,0.000660747
deconvolutionNUFFT1,40,3,0.000977729
deconvolutionNUFFT1,40,4,0.000645324
deconvolutionNUFFT1,40,5,0.00064734
deconvolutionNUFFT1,40,6,0.000643948
deconvolutionNUFFT1,40,7,0.000663947
deconvolutionNUFFT1,40,8,0.000803527
deconvolutionNUFFT1,40,9,0.000664587
GatherPIFNUFFT,40,0,0.462684466
GatherPIFNUFFT,40,1,0.466938029
GatherPIFNUFFT,40,2,0.459778316
GatherPIFNUFFT,40,3,0.466046248
GatherPIFNUFFT,40,4,0.469128872
GatherPIFNUFFT,40,5,0.451798374
GatherPIFNUFFT,40,6,0.459198399
GatherPIFNUFFT,40,7,0.462937706
GatherPIFNUFFT,40,8,0.459050691
GatherPIFNUFFT,40,9,0.463273663
NativeNUFFT2,40,0,0.153110537
NativeNUFFT2,40,1,0.154066027
NativeNUFFT2,40,2,0.153891568
NativeNUFFT2,40,3,0.160395238
NativeNUFFT2,40,4,0.152338881
NativeNUFFT2,40,5,0.152026539
NativeNUFFT2,40,6,0.154178759
NativeNUFFT2,40,7,0.151641686
NativeNUFFT2,40,8,0.151830833
NativeNUFFT2,40,9,0.158217321
NativeNUFFT2,40,10,0.152118952
NativeNUFFT2,40,11,0.154123337
NativeNUFFT2,40,12,0.158380035
NativeNUFFT2,40,13,0.154336483
NativeNUFFT2,40,14,0.153638553
NativeNUFFT2,40,15,0.148742033
NativeNUFFT2,40,16,0.148725426
NativeNUFFT2,40,17,0.15270255
NativeNUFFT2,40,18,0.147437019
NativeNUFFT2,40,19,0.15465804
NativeNUFFT2,40,20,0.152619992
NativeNUFFT2,40,21,0.151080104
NativeNUFFT2,40,22,0.149807121
NativeNUFFT2,40,23,0.160292488
NativeNUFFT2,40,24,0.151917262
NativeNUFFT2,40,25,0.155448448
NativeNUFFT2,40,26,0.14941318
NativeNUFFT2,40,27,0.155145416
NativeNUFFT2,40,28,0.153636313
NativeNUFFT2,40,29,0.152834993
PrecorrectionNUFFT2,40,0,0.001565583
PrecorrectionNUFFT2,40,1,0.002497362
PrecorrectionNUFFT2,40,2,0.002515121
PrecorrectionNUFFT2,40,3,0.001580207
PrecorrectionNUFFT2,40,4,0.002493554
PrecorrectionNUFFT2,40,5,0.002502417
PrecorrectionNUFFT2,40,6,0.001595918
PrecorrectionNUFFT2,40,7,0.002502865
PrecorrectionNUFFT2,40,8,0.002504145
PrecorrectionNUFFT2,40,9,0.001574799
PrecorrectionNUFFT2,40,10,0.002527441
PrecorrectionNUFFT2,40,11,0.002507954
PrecorrectionNUFFT2,40,12,0.00158043
PrecorrectionNUFFT2,40,13,0.002518161
PrecorrectionNUFFT2,40,14,0.002491027
PrecorrectionNUFFT2,40,15,0.001573103
PrecorrectionNUFFT2,40,16,0.002498034
PrecorrectionNUFFT2,40,17,0.002492498
PrecorrectionNUFFT2,40,18,0.00160459
PrecorrectionNUFFT2,40,19,0.002491219
PrecorrectionNUFFT2,40,20,0.00248741
PrecorrectionNUFFT2,40,21,0.001563183
PrecorrectionNUFFT2,40,22,0.002508946
PrecorrectionNUFFT2,40,23,0.00248741
PrecorrectionNUFFT2,40,24,0.001582095
PrecorrectionNUFFT2,40,25,0.002479442
PrecorrectionNUFFT2,40,26,0.002500562
PrecorrectionNUFFT2,40,27,0.001566127
PrecorrectionNUFFT2,40,28,0.00250309
PrecorrectionNUFFT2,40,29,0.002498578
FFTNUFFT2,40,0,0.123507176
FFTNUFFT2,40,1,0.130456846
FFTNUFFT2,40,2,0.130454094
FFTNUFFT2,40,3,0.137787336
FFTNUFFT2,40,4,0.123557702
FFTNUFFT2,40,5,0.127078168
FFTNUFFT2,40,6,0.127120534
FFTNUFFT2,40,7,0.128825088
FFTNUFFT2,40,8,0.131928256
FFTNUFFT2,40,9,0.139616527
FFTNUFFT2,40,10,0.124684066
FFTNUFFT2,40,11,0.129132407
FFTNUFFT2,40,12,0.133063676
FFTNUFFT2,40,13,0.130624937
FFTNUFFT2,40,14,0.131107194
FFTNUFFT2,40,15,0.12494297
FFTNUFFT2,40,16,0.129984956
FFTNUFFT2,40,17,0.129767972
FFTNUFFT2,40,18,0.123222672
FFTNUFFT2,40,19,0.134127963
FFTNUFFT2,40,20,0.134913858
FFTNUFFT2,40,21,0.124370252
FFTNUFFT2,40,22,0.126204915
FFTNUFFT2,40,23,0.135095548
FFTNUFFT2,40,24,0.126283631
FFTNUFFT2,40,25,0.129594793
FFTNUFFT2,40,26,0.125933691
FFTNUFFT2,40,27,0.139199867
FFTNUFFT2,40,28,0.126985562
FFTNUFFT2,40,29,0.131657096
GatherNUFFT2,40,0,0.022160811
GatherNUFFT2,40,1,0.015234659
GatherNUFFT2,40,2,0.015070121
GatherNUFFT2,40,3,0.015148742
GatherNUFFT2,40,4,0.020377122
GatherNUFFT2,40,5,0.016430718
GatherNUFFT2,40,6,0.019590075
GatherNUFFT2,40,7,0.01443974
GatherNUFFT2,40,8,0.011533591
GatherNUFFT2,40,9,0.011179171
GatherNUFFT2,40,10,0.018865394
GatherNUFFT2,40,11,0.016463517
GatherNUFFT2,40,12,0.017731381
GatherNUFFT2,40,13,0.015162118
GatherNUFFT2,40,14,0.014146533
GatherNUFFT2,40,15,0.016369664
GatherNUFFT2,40,16,0.010379547
GatherNUFFT2,40,17,0.01456268
GatherNUFFT2,40,18,0.016562842
GatherNUFFT2,40,19,0.012179779
GatherNUFFT2,40,20,0.009343067
GatherNUFFT2,40,21,0.01911169
GatherNUFFT2,40,22,0.015196741
GatherNUFFT2,40,23,0.016855536
GatherNUFFT2,40,24,0.01801454
GatherNUFFT2,40,25,0.017333378
GatherNUFFT2,40,26,0.014970188
GatherNUFFT2,40,27,0.008516021
GatherNUFFT2,40,28,0.018079786
GatherNUFFT2,40,29,0.012835055
mainTimer,41,0,7.524184363
dumpData,41,0,0.009203009
dumpData,41,1,0.007832075
dumpData,41,2,0.008417081
dumpData,41,3,0.007812203
dumpData,41,4,0.009369499
dumpData,41,5,0.009226527
dumpData,41,6,0.008052036
dumpData,41,7,0.008188608
dumpData,41,8,0.008479671
dumpData,41,9,0.007725103
kick,41,0,5.0623e-05
kick,41,1,1.1103e-05
kick,41,2,4.8799e-05
kick,41,3,8.831e-06
kick,41,4,4.8766e-05
kick,41,5,7.584e-06
kick,41,6,4.7166e-05
kick,41,7,9.216e-06
kick,41,8,4.915e-05
kick,41,9,1.4655e-05
kick,41,10,4.9054e-05
kick,41,11,9.792e-06
kick,41,12,4.7967e-05
kick,41,13,1.1519e-05
kick,41,14,4.8766e-05
kick,41,15,1.5232e-05
kick,41,16,5.0878e-05
kick,41,17,1.1296e-05
kick,41,18,5.1134e-05
kick,41,19,8.48e-06
drift,41,0,5.631e-06
drift,41,1,7.072e-06
drift,41,2,5.696e-06
drift,41,3,6.432e-06
drift,41,4,4.672e-06
drift,41,5,4.864e-06
drift,41,6,5.855e-06
drift,41,7,4.544e-06
drift,41,8,6.656e-06
drift,41,9,7.04e-06
particleBC,41,0,9.888e-06
particleBC,41,1,1.0911e-05
particleBC,41,2,8.448e-06
particleBC,41,3,8.864e-06
particleBC,41,4,9.344e-06
particleBC,41,5,8.64e-06
particleBC,41,6,8.288e-06
particleBC,41,7,8.64e-06
particleBC,41,8,1.0432e-05
particleBC,41,9,1.1135e-05
updateParticle,41,0,0.074409384
updateParticle,41,1,0.118492644
updateParticle,41,2,0.064152712
updateParticle,41,3,0.045508399
updateParticle,41,4,0.045744328
updateParticle,41,5,0.04549848
updateParticle,41,6,0.052386361
updateParticle,41,7,0.009544693
updateParticle,41,8,0.009565684
updateParticle,41,9,0.009825133
locateParticles,41,0,0.003779177
locateParticles,41,1,0.003762698
locateParticles,41,2,0.003770986
locateParticles,41,3,0.00376737
locateParticles,41,4,0.003773481
locateParticles,41,5,0.003786249
locateParticles,41,6,0.003771818
locateParticles,41,7,0.00375521
locateParticles,41,8,0.003758474
locateParticles,41,9,0.00378481
sendPreprocess,41,0,0.000545487
sendPreprocess,41,1,0.000598093
sendPreprocess,41,2,0.000603565
sendPreprocess,41,3,0.000606381
sendPreprocess,41,4,0.000614637
sendPreprocess,41,5,0.000580302
sendPreprocess,41,6,0.000594606
sendPreprocess,41,7,0.000623308
sendPreprocess,41,8,0.000658795
sendPreprocess,41,9,0.000564718
particleSend,41,0,0.001112381
particleSend,41,1,0.001076927
particleSend,41,2,0.001089246
particleSend,41,3,0.001124157
particleSend,41,4,0.001190651
particleSend,41,5,0.001242297
particleSend,41,6,0.001140764
particleSend,41,7,0.001126205
particleSend,41,8,0.001084766
particleSend,41,9,0.001097182
particleRecv,41,0,3.9199e-05
particleRecv,41,1,5.0782e-05
particleRecv,41,2,4.0319e-05
particleRecv,41,3,4.1087e-05
particleRecv,41,4,3.9263e-05
particleRecv,41,5,4.1151e-05
particleRecv,41,6,4.0415e-05
particleRecv,41,7,3.8207e-05
particleRecv,41,8,3.7727e-05
particleRecv,41,9,4.2302e-05
particleDestroy,41,0,0.002989379
particleDestroy,41,1,0.002980674
particleDestroy,41,2,0.003012289
particleDestroy,41,3,0.002998466
particleDestroy,41,4,0.003006306
particleDestroy,41,5,0.002996386
particleDestroy,41,6,0.003021569
particleDestroy,41,7,0.00300557
particleDestroy,41,8,0.003003074
particleDestroy,41,9,0.003013858
ScatterPIFNUFFT,41,0,0.288996909
ScatterPIFNUFFT,41,1,3.1487e-05
ScatterPIFNUFFT,41,2,0.194632501
ScatterPIFNUFFT,41,3,3.3791e-05
ScatterPIFNUFFT,41,4,0.20574265
ScatterPIFNUFFT,41,5,2.1471e-05
ScatterPIFNUFFT,41,6,0.231382328
ScatterPIFNUFFT,41,7,3.9903e-05
ScatterPIFNUFFT,41,8,0.220494509
ScatterPIFNUFFT,41,9,3.5839e-05
ScatterPIFNUFFT,41,10,0.277156767
ScatterPIFNUFFT,41,11,3.4623e-05
ScatterPIFNUFFT,41,12,0.168666403
ScatterPIFNUFFT,41,13,2.8063e-05
ScatterPIFNUFFT,41,14,0.265112792
ScatterPIFNUFFT,41,15,2.5151e-05
ScatterPIFNUFFT,41,16,0.217127606
ScatterPIFNUFFT,41,17,3.1231e-05
ScatterPIFNUFFT,41,18,0.211143633
ScatterPIFNUFFT,41,19,2.0159e-05
NativeNUFFT1,41,0,0.285476667
NativeNUFFT1,41,1,0.19026019
NativeNUFFT1,41,2,0.201316996
NativeNUFFT1,41,3,0.226967522
NativeNUFFT1,41,4,0.216047351
NativeNUFFT1,41,5,0.272762121
NativeNUFFT1,41,6,0.164227662
NativeNUFFT1,41,7,0.260614596
NativeNUFFT1,41,8,0.212553797
NativeNUFFT1,41,9,0.206674877
scatterTimerNUFFT1,41,0,0.156298821
scatterTimerNUFFT1,41,1,0.059681493
scatterTimerNUFFT1,41,2,0.077466632
scatterTimerNUFFT1,41,3,0.093037409
scatterTimerNUFFT1,41,4,0.091680554
scatterTimerNUFFT1,41,5,0.14734003
scatterTimerNUFFT1,41,6,0.032107636
scatterTimerNUFFT1,41,7,0.1358761
scatterTimerNUFFT1,41,8,0.076040693
scatterTimerNUFFT1,41,9,0.077524551
binSort,41,0,0.004246106
binSort,41,1,0.004244923
binSort,41,2,0.004209757
binSort,41,3,0.004294265
binSort,41,4,0.004213724
binSort,41,5,0.004259258
binSort,41,6,0.004257531
binSort,41,7,0.004217628
binSort,41,8,0.004215356
binSort,41,9,0.004277594
binSort,41,10,0.004280154
binSort,41,11,0.004248059
binSort,41,12,0.004218172
binSort,41,13,0.004224828
binSort,41,14,0.004258811
binSort,41,15,0.004243548
binSort,41,16,0.004205341
binSort,41,17,0.004239036
binSort,41,18,0.004238491
binSort,41,19,0.004226428
binSort,41,20,0.004216028
binSort,41,21,0.004283706
binSort,41,22,0.004259067
binSort,41,23,0.004316121
binSort,41,24,0.004216157
binSort,41,25,0.004297434
binSort,41,26,0.00427897
binSort,41,27,0.004312985
binSort,41,28,0.004212348
binSort,41,29,0.004304697
binSort,41,30,0.004287258
binSort,41,31,0.004239451
binSort,41,32,0.004355128
binSort,41,33,0.00424726
binSort,41,34,0.004239259
binSort,41,35,0.004282778
binSort,41,36,0.004253531
binSort,41,37,0.004298809
binSort,41,38,0.00423494
binSort,41,39,0.004238524
binComputeKeys,41,0,0.000397683
binComputeKeys,41,1,0.000397043
binComputeKeys,41,2,0.000397652
binComputeKeys,41,3,0.000410739
binComputeKeys,41,4,0.000407635
binComputeKeys,41,5,0.000397619
binComputeKeys,41,6,0.000399444
binComputeKeys,41,7,0.000399348
binComputeKeys,41,8,0.00039938
binComputeKeys,41,9,0.00039746
binComputeKeys,41,10,0.000436787
binComputeKeys,41,11,0.000401779
binComputeKeys,41,12,0.000398452
binComputeKeys,41,13,0.000400915
binComputeKeys,41,14,0.000411315
binComputeKeys,41,15,0.000416115
binComputeKeys,41,16,0.000395188
binComputeKeys,41,17,0.000422995
binComputeKeys,41,18,0.000399795
binComputeKeys,41,19,0.000400179
binComputeKeys,41,20,0.000400051
binComputeKeys,41,21,0.000412371
binComputeKeys,41,22,0.000409619
binComputeKeys,41,23,0.000395572
binComputeKeys,41,24,0.000404404
binComputeKeys,41,25,0.000396756
binComputeKeys,41,26,0.000408212
binComputeKeys,41,27,0.000399475
binComputeKeys,41,28,0.000399508
binComputeKeys,41,29,0.000418195
binComputeKeys,41,30,0.000400467
binComputeKeys,41,31,0.000393588
binComputeKeys,41,32,0.000402548
binComputeKeys,41,33,0.00039442
binComputeKeys,41,34,0.000405747
binComputeKeys,41,35,0.000394196
binComputeKeys,41,36,0.000421651
binComputeKeys,41,37,0.000397107
binComputeKeys,41,38,0.000417107
binComputeKeys,41,39,0.000407508
binSortByKey,41,0,0.003640526
binSortByKey,41,1,0.00365003
binSortByKey,41,2,0.003618671
binSortByKey,41,3,0.003671885
binSortByKey,41,4,0.003609711
binSortByKey,41,5,0.003653742
binSortByKey,41,6,0.003658893
binSortByKey,41,7,0.003624078
binSortByKey,41,8,0.003619214
binSortByKey,41,9,0.003666477
binSortByKey,41,10,0.003646607
binSortByKey,41,11,0.003647726
binSortByKey,41,12,0.003624879
binSortByKey,41,13,0.003627983
binSortByKey,41,14,0.003650734
binSortByKey,41,15,0.003630127
binSortByKey,41,16,0.003614063
binSortByKey,41,17,0.003620559
binSortByKey,41,18,0.003638286
binSortByKey,41,19,0.003631599
binSortByKey,41,20,0.003619407
binSortByKey,41,21,0.003668973
binSortByKey,41,22,0.003647822
binSortByKey,41,23,0.003701132
binSortByKey,41,24,0.003615183
binSortByKey,41,25,0.003682029
binSortByKey,41,26,0.003661549
binSortByKey,41,27,0.003692716
binSortByKey,41,28,0.003619598
binSortByKey,41,29,0.00367934
binSortByKey,41,30,0.003679597
binSortByKey,41,31,0.003643118
binSortByKey,41,32,0.003726315
binSortByKey,41,33,0.00365275
binSortByKey,41,34,0.003636015
binSortByKey,41,35,0.003674348
binSortByKey,41,36,0.003625647
binSortByKey,41,37,0.003688684
binSortByKey,41,38,0.003626511
binSortByKey,41,39,0.003636142
binComputeOffsets,41,0,0.000206425
binComputeOffsets,41,1,0.000195962
binComputeOffsets,41,2,0.000192506
binComputeOffsets,41,3,0.000207961
binComputeOffsets,41,4,0.000193946
binComputeOffsets,41,5,0.000206874
binComputeOffsets,41,6,0.000197562
binComputeOffsets,41,7,0.000193178
binComputeOffsets,41,8,0.000194554
binComputeOffsets,41,9,0.000212026
binComputeOffsets,41,10,0.000193849
binComputeOffsets,41,11,0.000196474
binComputeOffsets,41,12,0.000192986
binComputeOffsets,41,13,0.000195322
binComputeOffsets,41,14,0.00019497
binComputeOffsets,41,15,0.000195066
binComputeOffsets,41,16,0.000192858
binComputeOffsets,41,17,0.00019449
binComputeOffsets,41,18,0.000198618
binComputeOffsets,41,19,0.00019337
binComputeOffsets,41,20,0.00019513
binComputeOffsets,41,21,0.000200218
binComputeOffsets,41,22,0.000199386
binComputeOffsets,41,23,0.000217849
binComputeOffsets,41,24,0.000193146
binComputeOffsets,41,25,0.000216857
binComputeOffsets,41,26,0.000205689
binComputeOffsets,41,27,0.000218458
binComputeOffsets,41,28,0.000191866
binComputeOffsets,41,29,0.000205722
binComputeOffsets,41,30,0.00020601
binComputeOffsets,41,31,0.000201497
binComputeOffsets,41,32,0.000221337
binComputeOffsets,41,33,0.000199258
binComputeOffsets,41,34,0.000195833
binComputeOffsets,41,35,0.000212442
binComputeOffsets,41,36,0.000204409
binComputeOffsets,41,37,0.000210778
binComputeOffsets,41,38,0.00019033
binComputeOffsets,41,39,0.000192698
FFTNUFFT1,41,0,0.128351824
FFTNUFFT1,41,1,0.129772098
FFTNUFFT1,41,2,0.12320056
FFTNUFFT1,41,3,0.13326879
FFTNUFFT1,41,4,0.123703426
FFTNUFFT1,41,5,0.124601509
FFTNUFFT1,41,6,0.131472366
FFTNUFFT1,41,7,0.124085621
FFTNUFFT1,41,8,0.135857924
FFTNUFFT1,41,9,0.128498218
deconvolutionNUFFT1,41,0,0.000823558
deconvolutionNUFFT1,41,1,0.000803911
deconvolutionNUFFT1,41,2,0.00064542
deconvolutionNUFFT1,41,3,0.000657515
deconvolutionNUFFT1,41,4,0.000657803
deconvolutionNUFFT1,41,5,0.000816614
deconvolutionNUFFT1,41,6,0.00064398
deconvolutionNUFFT1,41,7,0.000650123
deconvolutionNUFFT1,41,8,0.000650796
deconvolutionNUFFT1,41,9,0.000648236
GatherPIFNUFFT,41,0,0.467803185
GatherPIFNUFFT,41,1,0.466305985
GatherPIFNUFFT,41,2,0.466325407
GatherPIFNUFFT,41,3,0.456649007
GatherPIFNUFFT,41,4,0.467260771
GatherPIFNUFFT,41,5,0.460018182
GatherPIFNUFFT,41,6,0.458707471
GatherPIFNUFFT,41,7,0.466285376
GatherPIFNUFFT,41,8,0.458574002
GatherPIFNUFFT,41,9,0.466386877
NativeNUFFT2,41,0,0.158800567
NativeNUFFT2,41,1,0.153578939
NativeNUFFT2,41,2,0.153714038
NativeNUFFT2,41,3,0.159625086
NativeNUFFT2,41,4,0.15245715
NativeNUFFT2,41,5,0.15256905
NativeNUFFT2,41,6,0.16208504
NativeNUFFT2,41,7,0.15168642
NativeNUFFT2,41,8,0.150963468
NativeNUFFT2,41,9,0.148531448
NativeNUFFT2,41,10,0.150775122
NativeNUFFT2,41,11,0.154845299
NativeNUFFT2,41,12,0.155708344
NativeNUFFT2,41,13,0.154574619
NativeNUFFT2,41,14,0.153039531
NativeNUFFT2,41,15,0.157058285
NativeNUFFT2,41,16,0.147516121
NativeNUFFT2,41,17,0.153259044
NativeNUFFT2,41,18,0.148563959
NativeNUFFT2,41,19,0.152832722
NativeNUFFT2,41,20,0.15382837
NativeNUFFT2,41,21,0.153559418
NativeNUFFT2,41,22,0.150387614
NativeNUFFT2,41,23,0.158333669
NativeNUFFT2,41,24,0.151616791
NativeNUFFT2,41,25,0.155479168
NativeNUFFT2,41,26,0.149821424
NativeNUFFT2,41,27,0.158554846
NativeNUFFT2,41,28,0.153335555
NativeNUFFT2,41,29,0.152932814
PrecorrectionNUFFT2,41,0,0.00160555
PrecorrectionNUFFT2,41,1,0.002546801
PrecorrectionNUFFT2,41,2,0.002577775
PrecorrectionNUFFT2,41,3,0.00161003
PrecorrectionNUFFT2,41,4,0.002562128
PrecorrectionNUFFT2,41,5,0.002559376
PrecorrectionNUFFT2,41,6,0.001603342
PrecorrectionNUFFT2,41,7,0.002562608
PrecorrectionNUFFT2,41,8,0.002568463
PrecorrectionNUFFT2,41,9,0.001614061
PrecorrectionNUFFT2,41,10,0.00254968
PrecorrectionNUFFT2,41,11,0.002595759
PrecorrectionNUFFT2,41,12,0.00162347
PrecorrectionNUFFT2,41,13,0.002584655
PrecorrectionNUFFT2,41,14,0.002554576
PrecorrectionNUFFT2,41,15,0.001611213
PrecorrectionNUFFT2,41,16,0.002559249
PrecorrectionNUFFT2,41,17,0.002597902
PrecorrectionNUFFT2,41,18,0.001607534
PrecorrectionNUFFT2,41,19,0.002571664
PrecorrectionNUFFT2,41,20,0.002601166
PrecorrectionNUFFT2,41,21,0.001629357
PrecorrectionNUFFT2,41,22,0.002554736
PrecorrectionNUFFT2,41,23,0.00255928
PrecorrectionNUFFT2,41,24,0.001590798
PrecorrectionNUFFT2,41,25,0.002560432
PrecorrectionNUFFT2,41,26,0.002585743
PrecorrectionNUFFT2,41,27,0.001605038
PrecorrectionNUFFT2,41,28,0.002573776
PrecorrectionNUFFT2,41,29,0.002568272
FFTNUFFT2,41,0,0.13222351
FFTNUFFT2,41,1,0.134745575
FFTNUFFT2,41,2,0.126856062
FFTNUFFT2,41,3,0.13385146
FFTNUFFT2,41,4,0.130872417
FFTNUFFT2,41,5,0.129024699
FFTNUFFT2,41,6,0.140328377
FFTNUFFT2,41,7,0.128208659
FFTNUFFT2,41,8,0.131974783
FFTNUFFT2,41,9,0.129826754
FFTNUFFT2,41,10,0.125300366
FFTNUFFT2,41,11,0.13030341
FFTNUFFT2,41,12,0.137416628
FFTNUFFT2,41,13,0.129924799
FFTNUFFT2,41,14,0.134122907
FFTNUFFT2,41,15,0.133376882
FFTNUFFT2,41,16,0.128552042
FFTNUFFT2,41,17,0.126808832
FFTNUFFT2,41,18,0.122855035
FFTNUFFT2,41,19,0.129606792
FFTNUFFT2,41,20,0.134499983
FFTNUFFT2,41,21,0.126223537
FFTNUFFT2,41,22,0.127011834
FFTNUFFT2,41,23,0.13094323
FFTNUFFT2,41,24,0.129157398
FFTNUFFT2,41,25,0.130350898
FFTNUFFT2,41,26,0.122274638
FFTNUFFT2,41,27,0.131409967
FFTNUFFT2,41,28,0.1287177
FFTNUFFT2,41,29,0.130679302
GatherNUFFT2,41,0,0.018715959
GatherNUFFT2,41,1,0.010172418
GatherNUFFT2,41,2,0.018002445
GatherNUFFT2,41,3,0.018004621
GatherNUFFT2,41,4,0.012760465
GatherNUFFT2,41,5,0.014854543
GatherNUFFT2,41,6,0.014020809
GatherNUFFT2,41,7,0.014646166
GatherNUFFT2,41,8,0.010284798
GatherNUFFT2,41,9,0.010983785
GatherNUFFT2,41,10,0.0167901
GatherNUFFT2,41,11,0.015820912
GatherNUFFT2,41,12,0.010574837
GatherNUFFT2,41,13,0.015824945
GatherNUFFT2,41,14,0.010243232
GatherNUFFT2,41,15,0.015936046
GatherNUFFT2,41,16,0.010277791
GatherNUFFT2,41,17,0.01742771
GatherNUFFT2,41,18,0.017847698
GatherNUFFT2,41,19,0.014350495
GatherNUFFT2,41,20,0.010611827
GatherNUFFT2,41,21,0.019353634
GatherNUFFT2,41,22,0.014600247
GatherNUFFT2,41,23,0.018525405
GatherNUFFT2,41,24,0.014759282
GatherNUFFT2,41,25,0.016460381
GatherNUFFT2,41,26,0.018677752
GatherNUFFT2,41,27,0.019251814
GatherNUFFT2,41,28,0.015801361
GatherNUFFT2,41,29,0.013583959
mainTimer,42,0,7.524184811
dumpData,42,0,0.01030515
dumpData,42,1,0.008877962
dumpData,42,2,0.009145282
dumpData,42,3,0.009899498
dumpData,42,4,0.009836204
dumpData,42,5,0.008740526
dumpData,42,6,0.008598227
dumpData,42,7,0.008765454
dumpData,42,8,0.009149378
dumpData,42,9,0.009455385
kick,42,0,4.9087e-05
kick,42,1,1.3376e-05
kick,42,2,4.7519e-05
kick,42,3,1.0335e-05
kick,42,4,4.7454e-05
kick,42,5,1.0048e-05
kick,42,6,4.6014e-05
kick,42,7,2.3423e-05
kick,42,8,4.6718e-05
kick,42,9,8.704e-06
kick,42,10,4.659e-05
kick,42,11,1.0751e-05
kick,42,12,4.7327e-05
kick,42,13,1.1551e-05
kick,42,14,4.6462e-05
kick,42,15,1.0784e-05
kick,42,16,4.8958e-05
kick,42,17,2.1471e-05
kick,42,18,5.0462e-05
kick,42,19,1.1967e-05
drift,42,0,6.143e-06
drift,42,1,7.136e-06
drift,42,2,5.28e-06
drift,42,3,7.328e-06
drift,42,4,4.672e-06
drift,42,5,5.76e-06
drift,42,6,7.199e-06
drift,42,7,5.504e-06
drift,42,8,8.928e-06
drift,42,9,6.432e-06
particleBC,42,0,1.088e-05
particleBC,42,1,1.0719e-05
particleBC,42,2,1.0336e-05
particleBC,42,3,1.1263e-05
particleBC,42,4,8.448e-06
particleBC,42,5,9.28e-06
particleBC,42,6,9.408e-06
particleBC,42,7,8.192e-06
particleBC,42,8,9.312e-06
particleBC,42,9,9.664e-06
updateParticle,42,0,0.074471366
updateParticle,42,1,0.118430886
updateParticle,42,2,0.064163176
updateParticle,42,3,0.045488273
updateParticle,42,4,0.04573828
updateParticle,42,5,0.045461073
updateParticle,42,6,0.052444951
updateParticle,42,7,0.009549045
updateParticle,42,8,0.009521077
updateParticle,42,9,0.009980071
locateParticles,42,0,0.003448084
locateParticles,42,1,0.003464627
locateParticles,42,2,0.003491379
locateParticles,42,3,0.003449236
locateParticles,42,4,0.003474547
locateParticles,42,5,0.003468051
locateParticles,42,6,0.00347042
locateParticles,42,7,0.003471795
locateParticles,42,8,0.003479634
locateParticles,42,9,0.00346098
sendPreprocess,42,0,0.000876004
sendPreprocess,42,1,0.00089658
sendPreprocess,42,2,0.000884228
sendPreprocess,42,3,0.000923395
sendPreprocess,42,4,0.000915171
sendPreprocess,42,5,0.000900004
sendPreprocess,42,6,0.00089594
sendPreprocess,42,7,0.000908291
sendPreprocess,42,8,0.000938563
sendPreprocess,42,9,0.000890884
particleSend,42,0,0.001149308
particleSend,42,1,0.001076575
particleSend,42,2,0.001125789
particleSend,42,3,0.001090398
particleSend,42,4,0.00116982
particleSend,42,5,0.001068607
particleSend,42,6,0.001195962
particleSend,42,7,0.001122493
particleSend,42,8,0.001070974
particleSend,42,9,0.001169627
particleRecv,42,0,3.4303e-05
particleRecv,42,1,4.8319e-05
particleRecv,42,2,4.0254e-05
particleRecv,42,3,4.3487e-05
particleRecv,42,4,4.179e-05
particleRecv,42,5,4.403e-05
particleRecv,42,6,4.2495e-05
particleRecv,42,7,4.0127e-05
particleRecv,42,8,4.2911e-05
particleRecv,42,9,3.5167e-05
particleDestroy,42,0,0.002736939
particleDestroy,42,1,0.002738602
particleDestroy,42,2,0.002755402
particleDestroy,42,3,0.00273761
particleDestroy,42,4,0.002740267
particleDestroy,42,5,0.002754762
particleDestroy,42,6,0.00275425
particleDestroy,42,7,0.002725547
particleDestroy,42,8,0.002763593
particleDestroy,42,9,0.002724619
ScatterPIFNUFFT,42,0,0.28810292
ScatterPIFNUFFT,42,1,3.1423e-05
ScatterPIFNUFFT,42,2,0.199678584
ScatterPIFNUFFT,42,3,1.9936e-05
ScatterPIFNUFFT,42,4,0.215818335
ScatterPIFNUFFT,42,5,3.2767e-05
ScatterPIFNUFFT,42,6,0.230823241
ScatterPIFNUFFT,42,7,3.8399e-05
ScatterPIFNUFFT,42,8,0.220226965
ScatterPIFNUFFT,42,9,3.5487e-05
ScatterPIFNUFFT,42,10,0.277942343
ScatterPIFNUFFT,42,11,3.4975e-05
ScatterPIFNUFFT,42,12,0.167372843
ScatterPIFNUFFT,42,13,4.2015e-05
ScatterPIFNUFFT,42,14,0.265146423
ScatterPIFNUFFT,42,15,3.7983e-05
ScatterPIFNUFFT,42,16,0.212497319
ScatterPIFNUFFT,42,17,2.8063e-05
ScatterPIFNUFFT,42,18,0.208169038
ScatterPIFNUFFT,42,19,2.4575e-05
NativeNUFFT1,42,0,0.284651029
NativeNUFFT1,42,1,0.195284641
NativeNUFFT1,42,2,0.211430184
NativeNUFFT1,42,3,0.226428691
NativeNUFFT1,42,4,0.215810623
NativeNUFFT1,42,5,0.273545744
NativeNUFFT1,42,6,0.162923095
NativeNUFFT1,42,7,0.260675875
NativeNUFFT1,42,8,0.209051699
NativeNUFFT1,42,9,0.20397605
scatterTimerNUFFT1,42,0,0.156241351
scatterTimerNUFFT1,42,1,0.058846383
scatterTimerNUFFT1,42,2,0.07918853
scatterTimerNUFFT1,42,3,0.091992225
scatterTimerNUFFT1,42,4,0.090999552
scatterTimerNUFFT1,42,5,0.146520951
scatterTimerNUFFT1,42,6,0.030864891
scatterTimerNUFFT1,42,7,0.135205689
scatterTimerNUFFT1,42,8,0.077071061
scatterTimerNUFFT1,42,9,0.076613028
binSort,42,0,0.003851623
binSort,42,1,0.003743563
binSort,42,2,0.003763914
binSort,42,3,0.003748043
binSort,42,4,0.003867911
binSort,42,5,0.003745163
binSort,42,6,0.003794793
binSort,42,7,0.003784233
binSort,42,8,0.00387767
binSort,42,9,0.003773898
binSort,42,10,0.003809448
binSort,42,11,0.003753003
binSort,42,12,0.003876039
binSort,42,13,0.00377569
binSort,42,14,0.003791657
binSort,42,15,0.00377073
binSort,42,16,0.003886534
binSort,42,17,0.003802089
binSort,42,18,0.003801416
binSort,42,19,0.003780778
binSort,42,20,0.003882534
binSort,42,21,0.00383236
binSort,42,22,0.003797258
binSort,42,23,0.003826952
binSort,42,24,0.003841768
binSort,42,25,0.003780042
binSort,42,26,0.00381572
binSort,42,27,0.003824168
binSort,42,28,0.003872487
binSort,42,29,0.003815048
binSort,42,30,0.003800777
binSort,42,31,0.003798057
binSort,42,32,0.003864871
binSort,42,33,0.003789097
binSort,42,34,0.003831464
binSort,42,35,0.003788713
binSort,42,36,0.003854023
binSort,42,37,0.003781482
binSort,42,38,0.003807049
binSort,42,39,0.003768874
binComputeKeys,42,0,0.000364373
binComputeKeys,42,1,0.000349493
binComputeKeys,42,2,0.000357908
binComputeKeys,42,3,0.000360789
binComputeKeys,42,4,0.000363349
binComputeKeys,42,5,0.000354805
binComputeKeys,42,6,0.000350741
binComputeKeys,42,7,0.000360532
binComputeKeys,42,8,0.000363476
binComputeKeys,42,9,0.000363765
binComputeKeys,42,10,0.000353781
binComputeKeys,42,11,0.000349429
binComputeKeys,42,12,0.000361109
binComputeKeys,42,13,0.000349973
binComputeKeys,42,14,0.000352725
binComputeKeys,42,15,0.000348181
binComputeKeys,42,16,0.000366548
binComputeKeys,42,17,0.000352853
binComputeKeys,42,18,0.000348949
binComputeKeys,42,19,0.000359989
binComputeKeys,42,20,0.000360948
binComputeKeys,42,21,0.000361876
binComputeKeys,42,22,0.000354517
binComputeKeys,42,23,0.000362005
binComputeKeys,42,24,0.000360725
binComputeKeys,42,25,0.000376692
binComputeKeys,42,26,0.000358389
binComputeKeys,42,27,0.00037506
binComputeKeys,42,28,0.000368373
binComputeKeys,42,29,0.000370292
binComputeKeys,42,30,0.000362357
binComputeKeys,42,31,0.000356757
binComputeKeys,42,32,0.000366964
binComputeKeys,42,33,0.000352597
binComputeKeys,42,34,0.000350837
binComputeKeys,42,35,0.000355508
binComputeKeys,42,36,0.00036306
binComputeKeys,42,37,0.000358229
binComputeKeys,42,38,0.000366165
binComputeKeys,42,39,0.000353941
binSortByKey,42,0,0.003296856
binSortByKey,42,1,0.003219932
binSortByKey,42,2,0.003224955
binSortByKey,42,3,0.003210044
binSortByKey,42,4,0.003315224
binSortByKey,42,5,0.00321462
binSortByKey,42,6,0.003249914
binSortByKey,42,7,0.003239835
binSortByKey,42,8,0.003319672
binSortByKey,42,9,0.003234683
binSortByKey,42,10,0.003257435
binSortByKey,42,11,0.003226875
binSortByKey,42,12,0.003323224
binSortByKey,42,13,0.00324809
binSortByKey,42,14,0.00325049
binSortByKey,42,15,0.003244059
binSortByKey,42,16,0.003327736
binSortByKey,42,17,0.003259162
binSortByKey,42,18,0.003246426
binSortByKey,42,19,0.003238267
binSortByKey,42,20,0.003328792
binSortByKey,42,21,0.003274938
binSortByKey,42,22,0.003251227
binSortByKey,42,23,0.003277785
binSortByKey,42,24,0.003292729
binSortByKey,42,25,0.003229275
binSortByKey,42,26,0.003263481
binSortByKey,42,27,0.00326361
binSortByKey,42,28,0.003311768
binSortByKey,42,29,0.003261786
binSortByKey,42,30,0.003256922
binSortByKey,42,31,0.003259866
binSortByKey,42,32,0.003305017
binSortByKey,42,33,0.003251258
binSortByKey,42,34,0.003268762
binSortByKey,42,35,0.00325145
binSortByKey,42,36,0.003300729
binSortByKey,42,37,0.003244443
binSortByKey,42,38,0.003258554
binSortByKey,42,39,0.003237819
binComputeOffsets,42,0,0.000189082
binComputeOffsets,42,1,0.000172218
binComputeOffsets,42,2,0.000178971
binComputeOffsets,42,3,0.000175611
binComputeOffsets,42,4,0.000186298
binComputeOffsets,42,5,0.000172826
binComputeOffsets,42,6,0.00019193
binComputeOffsets,42,7,0.000180378
binComputeOffsets,42,8,0.000190394
binComputeOffsets,42,9,0.000173274
binComputeOffsets,42,10,0.000196665
binComputeOffsets,42,11,0.000175515
binComputeOffsets,42,12,0.000188058
binComputeOffsets,42,13,0.000175131
binComputeOffsets,42,14,0.000186458
binComputeOffsets,42,15,0.000176122
binComputeOffsets,42,16,0.000187642
binComputeOffsets,42,17,0.000188122
binComputeOffsets,42,18,0.000204409
binComputeOffsets,42,19,0.000181019
binComputeOffsets,42,20,0.00018985
binComputeOffsets,42,21,0.000193114
binComputeOffsets,42,22,0.00018985
binComputeOffsets,42,23,0.000185146
binComputeOffsets,42,24,0.000185082
binComputeOffsets,42,25,0.000172219
binComputeOffsets,42,26,0.000191578
binComputeOffsets,42,27,0.000183546
binComputeOffsets,42,28,0.000189658
binComputeOffsets,42,29,0.000179866
binComputeOffsets,42,30,0.000179482
binComputeOffsets,42,31,0.000178906
binComputeOffsets,42,32,0.00018905
binComputeOffsets,42,33,0.000183962
binComputeOffsets,42,34,0.000210137
binComputeOffsets,42,35,0.000180603
binComputeOffsets,42,36,0.000186522
binComputeOffsets,42,37,0.000176986
binComputeOffsets,42,38,0.000181114
binComputeOffsets,42,39,0.000174042
FFTNUFFT1,42,0,0.127586408
FFTNUFFT1,42,1,0.135638315
FFTNUFFT1,42,2,0.13159265
FFTNUFFT1,42,3,0.133784614
FFTNUFFT1,42,4,0.124002681
FFTNUFFT1,42,5,0.126210674
FFTNUFFT1,42,6,0.13140536
FFTNUFFT1,42,7,0.124495464
FFTNUFFT1,42,8,0.131153111
FFTNUFFT1,42,9,0.126709378
deconvolutionNUFFT1,42,0,0.000818694
deconvolutionNUFFT1,42,1,0.000796199
deconvolutionNUFFT1,42,2,0.000645676
deconvolutionNUFFT1,42,3,0.00064606
deconvolutionNUFFT1,42,4,0.000804423
deconvolutionNUFFT1,42,5,0.000809415
deconvolutionNUFFT1,42,6,0.000647276
deconvolutionNUFFT1,42,7,0.000970562
deconvolutionNUFFT1,42,8,0.000818983
deconvolutionNUFFT1,42,9,0.000650028
GatherPIFNUFFT,42,0,0.46963916
GatherPIFNUFFT,42,1,0.460760399
GatherPIFNUFFT,42,2,0.456275002
GatherPIFNUFFT,42,3,0.455105631
GatherPIFNUFFT,42,4,0.467747379
GatherPIFNUFFT,42,5,0.458638257
GatherPIFNUFFT,42,6,0.461114786
GatherPIFNUFFT,42,7,0.466292
GatherPIFNUFFT,42,8,0.463176835
GatherPIFNUFFT,42,9,0.468031659
NativeNUFFT2,42,0,0.158134987
NativeNUFFT2,42,1,0.154331747
NativeNUFFT2,42,2,0.153675672
NativeNUFFT2,42,3,0.153250597
NativeNUFFT2,42,4,0.15236656
NativeNUFFT2,42,5,0.153465406
NativeNUFFT2,42,6,0.150078663
NativeNUFFT2,42,7,0.152239459
NativeNUFFT2,42,8,0.152284067
NativeNUFFT2,42,9,0.146728592
NativeNUFFT2,42,10,0.151788082
NativeNUFFT2,42,11,0.15356393
NativeNUFFT2,42,12,0.154942512
NativeNUFFT2,42,13,0.154701335
NativeNUFFT2,42,14,0.153706518
NativeNUFFT2,42,15,0.154067275
NativeNUFFT2,42,16,0.150315873
NativeNUFFT2,42,17,0.152610777
NativeNUFFT2,42,18,0.150520954
NativeNUFFT2,42,19,0.153902704
NativeNUFFT2,42,20,0.153509948
NativeNUFFT2,42,21,0.151629046
NativeNUFFT2,42,22,0.151444414
NativeNUFFT2,42,23,0.158721273
NativeNUFFT2,42,24,0.154245028
NativeNUFFT2,42,25,0.156972113
NativeNUFFT2,42,26,0.149766321
NativeNUFFT2,42,27,0.159698651
NativeNUFFT2,42,28,0.15174034
NativeNUFFT2,42,29,0.153623961
PrecorrectionNUFFT2,42,0,0.001558415
PrecorrectionNUFFT2,42,1,0.002442996
PrecorrectionNUFFT2,42,2,0.002402517
PrecorrectionNUFFT2,42,3,0.001545872
PrecorrectionNUFFT2,42,4,0.002407316
PrecorrectionNUFFT2,42,5,0.002421332
PrecorrectionNUFFT2,42,6,0.001544335
PrecorrectionNUFFT2,42,7,0.00241938
PrecorrectionNUFFT2,42,8,0.002443092
PrecorrectionNUFFT2,42,9,0.001587342
PrecorrectionNUFFT2,42,10,0.002400532
PrecorrectionNUFFT2,42,11,0.002447091
PrecorrectionNUFFT2,42,12,0.001592334
PrecorrectionNUFFT2,42,13,0.002447796
PrecorrectionNUFFT2,42,14,0.002418132
PrecorrectionNUFFT2,42,15,0.001550032
PrecorrectionNUFFT2,42,16,0.002425012
PrecorrectionNUFFT2,42,17,0.00240946
PrecorrectionNUFFT2,42,18,0.001561007
PrecorrectionNUFFT2,42,19,0.002435796
PrecorrectionNUFFT2,42,20,0.002466291
PrecorrectionNUFFT2,42,21,0.001596719
PrecorrectionNUFFT2,42,22,0.002399477
PrecorrectionNUFFT2,42,23,0.002445076
PrecorrectionNUFFT2,42,24,0.001600654
PrecorrectionNUFFT2,42,25,0.002417524
PrecorrectionNUFFT2,42,26,0.002440468
PrecorrectionNUFFT2,42,27,0.001590959
PrecorrectionNUFFT2,42,28,0.002440115
PrecorrectionNUFFT2,42,29,0.002415221
FFTNUFFT2,42,0,0.137988386
FFTNUFFT2,42,1,0.132754246
FFTNUFFT2,42,2,0.131920384
FFTNUFFT2,42,3,0.135747336
FFTNUFFT2,42,4,0.131069627
FFTNUFFT2,42,5,0.126404236
FFTNUFFT2,42,6,0.133559821
FFTNUFFT2,42,7,0.129545897
FFTNUFFT2,42,8,0.124451882
FFTNUFFT2,42,9,0.124480809
FFTNUFFT2,42,10,0.126359021
FFTNUFFT2,42,11,0.126676996
FFTNUFFT2,42,12,0.134494959
FFTNUFFT2,42,13,0.127805761
FFTNUFFT2,42,14,0.132012509
FFTNUFFT2,42,15,0.13169911
FFTNUFFT2,42,16,0.129107704
FFTNUFFT2,42,17,0.127564649
FFTNUFFT2,42,18,0.12750337
FFTNUFFT2,42,19,0.128605544
FFTNUFFT2,42,20,0.135738473
FFTNUFFT2,42,21,0.128678885
FFTNUFFT2,42,22,0.131148377
FFTNUFFT2,42,23,0.136366261
FFTNUFFT2,42,24,0.129404111
FFTNUFFT2,42,25,0.129226644
FFTNUFFT2,42,26,0.12492537
FFTNUFFT2,42,27,0.134858564
FFTNUFFT2,42,28,0.127310673
FFTNUFFT2,42,29,0.128137431
GatherNUFFT2,42,0,0.012990409
GatherNUFFT2,42,1,0.013536601
GatherNUFFT2,42,2,0.013788177
GatherNUFFT2,42,3,0.010375931
GatherNUFFT2,42,4,0.013299264
GatherNUFFT2,42,5,0.018875473
GatherNUFFT2,42,6,0.009380602
GatherNUFFT2,42,7,0.014555513
GatherNUFFT2,42,8,0.019658937
GatherNUFFT2,42,9,0.015061289
GatherNUFFT2,42,10,0.017286404
GatherNUFFT2,42,11,0.018684183
GatherNUFFT2,42,12,0.013272609
GatherNUFFT2,42,13,0.018694391
GatherNUFFT2,42,14,0.013687988
GatherNUFFT2,42,15,0.015055273
GatherNUFFT2,42,16,0.013190595
GatherNUFFT2,42,17,0.017058954
GatherNUFFT2,42,18,0.015709237
GatherNUFFT2,42,19,0.017283779
GatherNUFFT2,42,20,0.009721167
GatherNUFFT2,42,21,0.015773651
GatherNUFFT2,42,22,0.012159267
GatherNUFFT2,42,23,0.014316481
GatherNUFFT2,42,24,0.017489565
GatherNUFFT2,42,25,0.019760918
GatherNUFFT2,42,26,0.016654647
GatherNUFFT2,42,27,0.017660279
GatherNUFFT2,42,28,0.016372287
GatherNUFFT2,42,29,0.017290915
mainTimer,43,0,7.524183819
dumpData,43,0,0.010873645
dumpData,43,1,0.008277085
dumpData,43,2,0.007510933
dumpData,43,3,0.009119554
dumpData,43,4,0.008830924
dumpData,43,5,0.008259357
dumpData,43,6,0.007558035
dumpData,43,7,0.009486488
dumpData,43,8,0.007953735
dumpData,43,9,0.008267294
kick,43,0,4.9599e-05
kick,43,1,1.1583e-05
kick,43,2,4.7839e-05
kick,43,3,1.1807e-05
kick,43,4,4.643e-05
kick,43,5,9.536e-06
kick,43,6,4.8158e-05
kick,43,7,1.8112e-05
kick,43,8,4.8126e-05
kick,43,9,1.4239e-05
kick,43,10,4.7966e-05
kick,43,11,1.0815e-05
kick,43,12,4.7583e-05
kick,43,13,1.584e-05
kick,43,14,4.8766e-05
kick,43,15,1.7663e-05
kick,43,16,4.9758e-05
kick,43,17,1.6384e-05
kick,43,18,5.1774e-05
kick,43,19,1.232e-05
drift,43,0,5.567e-06
drift,43,1,6.624e-06
drift,43,2,5.152e-06
drift,43,3,1.0816e-05
drift,43,4,5.696e-06
drift,43,5,4.896e-06
drift,43,6,5.663e-06
drift,43,7,5.184e-06
drift,43,8,7.36e-06
drift,43,9,7.264e-06
particleBC,43,0,9.504e-06
particleBC,43,1,1.1487e-05
particleBC,43,2,8.448e-06
particleBC,43,3,7.231e-06
particleBC,43,4,8.896e-06
particleBC,43,5,8.992e-06
particleBC,43,6,8.608e-06
particleBC,43,7,8.064e-06
particleBC,43,8,9.44e-06
particleBC,43,9,8.447e-06
updateParticle,43,0,0.074500485
updateParticle,43,1,0.118557922
updateParticle,43,2,0.064075147
updateParticle,43,3,0.045531471
updateParticle,43,4,0.045672842
updateParticle,43,5,0.045450514
updateParticle,43,6,0.052456503
updateParticle,43,7,0.009590836
updateParticle,43,8,0.009551316
updateParticle,43,9,0.009906186
locateParticles,43,0,0.003603599
locateParticles,43,1,0.003609871
locateParticles,43,2,0.003611535
locateParticles,43,3,0.003592752
locateParticles,43,4,0.00362795
locateParticles,43,5,0.003602703
locateParticles,43,6,0.003607631
locateParticles,43,7,0.003603247
locateParticles,43,8,0.003619182
locateParticles,43,9,0.003617135
sendPreprocess,43,0,0.000722505
sendPreprocess,43,1,0.000753544
sendPreprocess,43,2,0.00076676
sendPreprocess,43,3,0.000780871
sendPreprocess,43,4,0.000762056
sendPreprocess,43,5,0.000766312
sendPreprocess,43,6,0.000761289
sendPreprocess,43,7,0.000776135
sendPreprocess,43,8,0.000800935
sendPreprocess,43,9,0.000735945
particleSend,43,0,0.001110333
particleSend,43,1,0.001152764
particleSend,43,2,0.001086782
particleSend,43,3,0.001102782
particleSend,43,4,0.001135869
particleSend,43,5,0.001068191
particleSend,43,6,0.001142236
particleSend,43,7,0.001084446
particleSend,43,8,0.001069502
particleSend,43,9,0.001149084
particleRecv,43,0,4.2527e-05
particleRecv,43,1,4.4575e-05
particleRecv,43,2,4.3615e-05
particleRecv,43,3,4.0766e-05
particleRecv,43,4,4.0126e-05
particleRecv,43,5,4.1502e-05
particleRecv,43,6,4.3326e-05
particleRecv,43,7,4.5375e-05
particleRecv,43,8,4.2303e-05
particleRecv,43,9,3.9103e-05
particleDestroy,43,0,0.002964163
particleDestroy,43,1,0.002920324
particleDestroy,43,2,0.0029297
particleDestroy,43,3,0.002938532
particleDestroy,43,4,0.00295274
particleDestroy,43,5,0.002942756
particleDestroy,43,6,0.00295594
particleDestroy,43,7,0.002934244
particleDestroy,43,8,0.002963747
particleDestroy,43,9,0.002928388
ScatterPIFNUFFT,43,0,0.28805457
ScatterPIFNUFFT,43,1,3.1551e-05
ScatterPIFNUFFT,43,2,0.201448544
ScatterPIFNUFFT,43,3,2.4223e-05
ScatterPIFNUFFT,43,4,0.213370572
ScatterPIFNUFFT,43,5,1.7952e-05
ScatterPIFNUFFT,43,6,0.229895334
ScatterPIFNUFFT,43,7,2.2559e-05
ScatterPIFNUFFT,43,8,0.2215155
ScatterPIFNUFFT,43,9,2.8927e-05
ScatterPIFNUFFT,43,10,0.276044673
ScatterPIFNUFFT,43,11,1.8752e-05
ScatterPIFNUFFT,43,12,0.168572165
ScatterPIFNUFFT,43,13,3.5199e-05
ScatterPIFNUFFT,43,14,0.265548234
ScatterPIFNUFFT,43,15,5.0878e-05
ScatterPIFNUFFT,43,16,0.213542599
ScatterPIFNUFFT,43,17,1.7344e-05
ScatterPIFNUFFT,43,18,0.208221005
ScatterPIFNUFFT,43,19,2.4767e-05
NativeNUFFT1,43,0,0.284583959
NativeNUFFT1,43,1,0.197115848
NativeNUFFT1,43,2,0.208944726
NativeNUFFT1,43,3,0.225468689
NativeNUFFT1,43,4,0.217065304
NativeNUFFT1,43,5,0.271687435
NativeNUFFT1,43,6,0.16423691
NativeNUFFT1,43,7,0.261108405
NativeNUFFT1,43,8,0.210096401
NativeNUFFT1,43,9,0.203972946
scatterTimerNUFFT1,43,0,0.156400578
scatterTimerNUFFT1,43,1,0.058920045
scatterTimerNUFFT1,43,2,0.077622147
scatterTimerNUFFT1,43,3,0.092200667
scatterTimerNUFFT1,43,4,0.090990368
scatterTimerNUFFT1,43,5,0.146627925
scatterTimerNUFFT1,43,6,0.031330989
scatterTimerNUFFT1,43,7,0.135238168
scatterTimerNUFFT1,43,8,0.077461833
scatterTimerNUFFT1,43,9,0.076890235
binSort,43,0,0.004011394
binSort,43,1,0.004013154
binSort,43,2,0.004001411
binSort,43,3,0.003992995
binSort,43,4,0.004018466
binSort,43,5,0.003970307
binSort,43,6,0.003996034
binSort,43,7,0.004032034
binSort,43,8,0.004043329
binSort,43,9,0.004014402
binSort,43,10,0.004056929
binSort,43,11,0.003982979
binSort,43,12,0.004014563
binSort,43,13,0.004011522
binSort,43,14,0.00395098
binSort,43,15,0.003982596
binSort,43,16,0.004060225
binSort,43,17,0.004003427
binSort,43,18,0.003993635
binSort,43,19,0.003948165
binSort,43,20,0.004040321
binSort,43,21,0.004013154
binSort,43,22,0.004033058
binSort,43,23,0.004038274
binSort,43,24,0.004080961
binSort,43,25,0.004039618
binSort,43,26,0.004042241
binSort,43,27,0.004055009
binSort,43,28,0.004042082
binSort,43,29,0.003998883
binSort,43,30,0.003984963
binSort,43,31,0.003992323
binSort,43,32,0.004015747
binSort,43,33,0.003945061
binSort,43,34,0.004051874
binSort,43,35,0.003930181
binSort,43,36,0.004029442
binSort,43,37,0.00402605
binSort,43,38,0.004041953
binSort,43,39,0.003990403
binComputeKeys,43,0,0.000374196
binComputeKeys,43,1,0.000390548
binComputeKeys,43,2,0.000384244
binComputeKeys,43,3,0.00037154
binComputeKeys,43,4,0.00038562
binComputeKeys,43,5,0.00036898
binComputeKeys,43,6,0.000408691
binComputeKeys,43,7,0.000371124
binComputeKeys,43,8,0.000387636
binComputeKeys,43,9,0.000390676
binComputeKeys,43,10,0.00037186
binComputeKeys,43,11,0.000390931
binComputeKeys,43,12,0.000371765
binComputeKeys,43,13,0.000378196
binComputeKeys,43,14,0.000377876
binComputeKeys,43,15,0.000373908
binComputeKeys,43,16,0.00039202
binComputeKeys,43,17,0.000375764
binComputeKeys,43,18,0.000392084
binComputeKeys,43,19,0.000371701
binComputeKeys,43,20,0.000378836
binComputeKeys,43,21,0.000408467
binComputeKeys,43,22,0.000372212
binComputeKeys,43,23,0.000403156
binComputeKeys,43,24,0.000384788
binComputeKeys,43,25,0.000398452
binComputeKeys,43,26,0.000383828
binComputeKeys,43,27,0.000398899
binComputeKeys,43,28,0.000385972
binComputeKeys,43,29,0.000398579
binComputeKeys,43,30,0.000396339
binComputeKeys,43,31,0.000394003
binComputeKeys,43,32,0.000376628
binComputeKeys,43,33,0.000373236
binComputeKeys,43,34,0.000382356
binComputeKeys,43,35,0.000367732
binComputeKeys,43,36,0.000381972
binComputeKeys,43,37,0.000383764
binComputeKeys,43,38,0.000371924
binComputeKeys,43,39,0.000369172
binSortByKey,43,0,0.003437077
binSortByKey,43,1,0.003423893
binSortByKey,43,2,0.003420533
binSortByKey,43,3,0.003419446
binSortByKey,43,4,0.003443156
binSortByKey,43,5,0.003412245
binSortByKey,43,6,0.003402165
binSortByKey,43,7,0.003453108
binSortByKey,43,8,0.003461075
binSortByKey,43,9,0.003434132
binSortByKey,43,10,0.003478388
binSortByKey,43,11,0.00341007
binSortByKey,43,12,0.003449332
binSortByKey,43,13,0.00343906
binSortByKey,43,14,0.00339215
binSortByKey,43,15,0.003416982
binSortByKey,43,16,0.003472179
binSortByKey,43,17,0.003429813
binSortByKey,43,18,0.003416726
binSortByKey,43,19,0.003396277
binSortByKey,43,20,0.003466579
binSortByKey,43,21,0.003420149
binSortByKey,43,22,0.003456884
binSortByKey,43,23,0.003438548
binSortByKey,43,24,0.003500499
binSortByKey,43,25,0.00344418
binSortByKey,43,26,0.003460788
binSortByKey,43,27,0.003449844
binSortByKey,43,28,0.003463284
binSortByKey,43,29,0.003413749
binSortByKey,43,30,0.003404982
binSortByKey,43,31,0.003411606
binSortByKey,43,32,0.003434165
binSortByKey,43,33,0.003391222
binSortByKey,43,34,0.003465492
binSortByKey,43,35,0.003382294
binSortByKey,43,36,0.003452596
binSortByKey,43,37,0.00345026
binSortByKey,43,38,0.0034629
binSortByKey,43,39,0.003421173
binComputeOffsets,43,0,0.000199257
binComputeOffsets,43,1,0.000196506
binComputeOffsets,43,2,0.000194618
binComputeOffsets,43,3,0.000201113
binComputeOffsets,43,4,0.000188282
binComputeOffsets,43,5,0.000187674
binComputeOffsets,43,6,0.000181882
binComputeOffsets,43,7,0.00020489
binComputeOffsets,43,8,0.000193178
binComputeOffsets,43,9,0.00018793
binComputeOffsets,43,10,0.000205401
binComputeOffsets,43,11,0.000180506
binComputeOffsets,43,12,0.000192218
binComputeOffsets,43,13,0.000192186
binComputeOffsets,43,14,0.000180122
binComputeOffsets,43,15,0.000190394
binComputeOffsets,43,16,0.000192826
binComputeOffsets,43,17,0.000196538
binComputeOffsets,43,18,0.000182939
binComputeOffsets,43,19,0.000179355
binComputeOffsets,43,20,0.000193594
binComputeOffsets,43,21,0.000182522
binComputeOffsets,43,22,0.000202426
binComputeOffsets,43,23,0.00019449
binComputeOffsets,43,24,0.000192826
binComputeOffsets,43,25,0.000195674
binComputeOffsets,43,26,0.000194394
binComputeOffsets,43,27,0.000204506
binComputeOffsets,43,28,0.000191194
binComputeOffsets,43,29,0.000183067
binComputeOffsets,43,30,0.00018105
binComputeOffsets,43,31,0.000184666
binComputeOffsets,43,32,0.00020121
binComputeOffsets,43,33,0.000178875
binComputeOffsets,43,34,0.00020185
binComputeOffsets,43,35,0.000179259
binComputeOffsets,43,36,0.000193306
binComputeOffsets,43,37,0.000190682
binComputeOffsets,43,38,0.000205817
binComputeOffsets,43,39,0.00019657
FFTNUFFT1,43,0,0.127370031
FFTNUFFT1,43,1,0.137390324
FFTNUFFT1,43,2,0.130670568
FFTNUFFT1,43,3,0.132621675
FFTNUFFT1,43,4,0.125269361
FFTNUFFT1,43,5,0.124248815
FFTNUFFT1,43,6,0.132252213
FFTNUFFT1,43,7,0.12506479
FFTNUFFT1,43,8,0.131986302
FFTNUFFT1,43,9,0.12640862
deconvolutionNUFFT1,43,0,0.000809414
deconvolutionNUFFT1,43,1,0.000800935
deconvolutionNUFFT1,43,2,0.00064798
deconvolutionNUFFT1,43,3,0.000642444
deconvolutionNUFFT1,43,4,0.000800647
deconvolutionNUFFT1,43,5,0.000806983
deconvolutionNUFFT1,43,6,0.000650124
deconvolutionNUFFT1,43,7,0.000802055
deconvolutionNUFFT1,43,8,0.000643915
deconvolutionNUFFT1,43,9,0.000671403
GatherPIFNUFFT,43,0,0.468997004
GatherPIFNUFFT,43,1,0.459377306
GatherPIFNUFFT,43,2,0.458416567
GatherPIFNUFFT,43,3,0.457532339
GatherPIFNUFFT,43,4,0.465805777
GatherPIFNUFFT,43,5,0.461989768
GatherPIFNUFFT,43,6,0.459821644
GatherPIFNUFFT,43,7,0.462684625
GatherPIFNUFFT,43,8,0.462673618
GatherPIFNUFFT,43,9,0.468713333
NativeNUFFT2,43,0,0.158295174
NativeNUFFT2,43,1,0.154060492
NativeNUFFT2,43,2,0.153570523
NativeNUFFT2,43,3,0.151837552
NativeNUFFT2,43,4,0.152290018
NativeNUFFT2,43,5,0.153639481
NativeNUFFT2,43,6,0.152874992
NativeNUFFT2,43,7,0.152294817
NativeNUFFT2,43,8,0.15155609
NativeNUFFT2,43,9,0.15008596
NativeNUFFT2,43,10,0.151405471
NativeNUFFT2,43,11,0.153330978
NativeNUFFT2,43,12,0.156883794
NativeNUFFT2,43,13,0.153054378
NativeNUFFT2,43,14,0.154200551
NativeNUFFT2,43,15,0.157706233
NativeNUFFT2,43,16,0.147704466
NativeNUFFT2,43,17,0.154364194
NativeNUFFT2,43,18,0.147902028
NativeNUFFT2,43,19,0.153701558
NativeNUFFT2,43,20,0.154269476
NativeNUFFT2,43,21,0.15190523
NativeNUFFT2,43,22,0.151894639
NativeNUFFT2,43,23,0.157090156
NativeNUFFT2,43,24,0.153956462
NativeNUFFT2,43,25,0.157341189
NativeNUFFT2,43,26,0.149679123
NativeNUFFT2,43,27,0.159670395
NativeNUFFT2,43,28,0.152591481
NativeNUFFT2,43,29,0.153923023
PrecorrectionNUFFT2,43,0,0.001561487
PrecorrectionNUFFT2,43,1,0.002509234
PrecorrectionNUFFT2,43,2,0.002493394
PrecorrectionNUFFT2,43,3,0.001555855
PrecorrectionNUFFT2,43,4,0.002511345
PrecorrectionNUFFT2,43,5,0.002506897
PrecorrectionNUFFT2,43,6,0.001567599
PrecorrectionNUFFT2,43,7,0.00247861
PrecorrectionNUFFT2,43,8,0.002501874
PrecorrectionNUFFT2,43,9,0.001576815
PrecorrectionNUFFT2,43,10,0.002472243
PrecorrectionNUFFT2,43,11,0.002463571
PrecorrectionNUFFT2,43,12,0.001565359
PrecorrectionNUFFT2,43,13,0.002466898
PrecorrectionNUFFT2,43,14,0.002498386
PrecorrectionNUFFT2,43,15,0.001571279
PrecorrectionNUFFT2,43,16,0.002491986
PrecorrectionNUFFT2,43,17,0.002485714
PrecorrectionNUFFT2,43,18,0.001568335
PrecorrectionNUFFT2,43,19,0.002514833
PrecorrectionNUFFT2,43,20,0.002513713
PrecorrectionNUFFT2,43,21,0.001582222
PrecorrectionNUFFT2,43,22,0.002502674
PrecorrectionNUFFT2,43,23,0.002516338
PrecorrectionNUFFT2,43,24,0.001605486
PrecorrectionNUFFT2,43,25,0.002481906
PrecorrectionNUFFT2,43,26,0.00247045
PrecorrectionNUFFT2,43,27,0.001596014
PrecorrectionNUFFT2,43,28,0.00249733
PrecorrectionNUFFT2,43,29,0.00249461
FFTNUFFT2,43,0,0.134782502
FFTNUFFT2,43,1,0.13243416
FFTNUFFT2,43,2,0.127284849
FFTNUFFT2,43,3,0.125107733
FFTNUFFT2,43,4,0.132373106
FFTNUFFT2,43,5,0.125320623
FFTNUFFT2,43,6,0.133226871
FFTNUFFT2,43,7,0.128035097
FFTNUFFT2,43,8,0.133779814
FFTNUFFT2,43,9,0.12701337
FFTNUFFT2,43,10,0.119698302
FFTNUFFT2,43,11,0.129445869
FFTNUFFT2,43,12,0.13675076
FFTNUFFT2,43,13,0.12990272
FFTNUFFT2,43,14,0.125115061
FFTNUFFT2,43,15,0.13542677
FFTNUFFT2,43,16,0.127676645
FFTNUFFT2,43,17,0.129188213
FFTNUFFT2,43,18,0.124098772
FFTNUFFT2,43,19,0.127819393
FFTNUFFT2,43,20,0.134640139
FFTNUFFT2,43,21,0.12916415
FFTNUFFT2,43,22,0.131598187
FFTNUFFT2,43,23,0.135963841
FFTNUFFT2,43,24,0.135299606
FFTNUFFT2,43,25,0.129891936
FFTNUFFT2,43,26,0.1294755
FFTNUFFT2,43,27,0.134043453
FFTNUFFT2,43,28,0.126183764
FFTNUFFT2,43,29,0.126432075
GatherNUFFT2,43,0,0.015970925
GatherNUFFT2,43,1,0.013284608
GatherNUFFT2,43,2,0.01782162
GatherNUFFT2,43,3,0.019272741
GatherNUFFT2,43,4,0.011414234
GatherNUFFT2,43,5,0.019731575
GatherNUFFT2,43,6,0.012256352
GatherNUFFT2,43,7,0.015807442
GatherNUFFT2,43,8,0.009478743
GatherNUFFT2,43,9,0.015703605
GatherNUFFT2,43,10,0.023426436
GatherNUFFT2,43,11,0.015617015
GatherNUFFT2,43,12,0.012757585
GatherNUFFT2,43,13,0.014855183
GatherNUFFT2,43,14,0.02064265
GatherNUFFT2,43,15,0.014881359
GatherNUFFT2,43,16,0.011730866
GatherNUFFT2,43,17,0.016687509
GatherNUFFT2,43,18,0.016290178
GatherNUFFT2,43,19,0.017375168
GatherNUFFT2,43,20,0.011277311
GatherNUFFT2,43,21,0.015322305
GatherNUFFT2,43,22,0.011655283
GatherNUFFT2,43,23,0.012638293
GatherNUFFT2,43,24,0.01123904
GatherNUFFT2,43,25,0.018998413
GatherNUFFT2,43,26,0.011924331
GatherNUFFT2,43,27,0.018045515
GatherNUFFT2,43,28,0.017879313
GatherNUFFT2,43,29,0.019157192
mainTimer,44,0,7.52418395
dumpData,44,0,0.009354163
dumpData,44,1,0.009043901
dumpData,44,2,0.007666601
dumpData,44,3,0.007980542
dumpData,44,4,0.010171832
dumpData,44,5,0.009560651
dumpData,44,6,0.008897698
dumpData,44,7,0.007264182
dumpData,44,8,0.009421041
dumpData,44,9,0.008260183
kick,44,0,3.6479e-05
kick,44,1,1.4335e-05
kick,44,2,3.0143e-05
kick,44,3,9.44e-06
kick,44,4,3.4463e-05
kick,44,5,1.04e-05
kick,44,6,3.7663e-05
kick,44,7,9.632e-06
kick,44,8,3.1871e-05
kick,44,9,1.0496e-05
kick,44,10,2.9503e-05
kick,44,11,1.0688e-05
kick,44,12,3.0943e-05
kick,44,13,9.855e-06
kick,44,14,3.4815e-05
kick,44,15,9.856e-06
kick,44,16,3.5166e-05
kick,44,17,8.959e-06
kick,44,18,3.7727e-05
kick,44,19,9.055e-06
drift,44,0,6.176e-06
drift,44,1,6.24e-06
drift,44,2,5.312e-06
drift,44,3,5.183e-06
drift,44,4,4.863e-06
drift,44,5,5.248e-06
drift,44,6,5.632e-06
drift,44,7,5.344e-06
drift,44,8,5.792e-06
drift,44,9,5.984e-06
particleBC,44,0,1.0239e-05
particleBC,44,1,9.247e-06
particleBC,44,2,1.28e-05
particleBC,44,3,8.896e-06
particleBC,44,4,1.0336e-05
particleBC,44,5,9.824e-06
particleBC,44,6,1.1359e-05
particleBC,44,7,1.12e-05
particleBC,44,8,1.1168e-05
particleBC,44,9,9.696e-06
updateParticle,44,0,0.063745498
updateParticle,44,1,0.156693735
updateParticle,44,2,0.009780708
updateParticle,44,3,0.064434948
updateParticle,44,4,0.00975175
updateParticle,44,5,0.06453408
updateParticle,44,6,0.009848547
updateParticle,44,7,0.009799556
updateParticle,44,8,0.064417476
updateParticle,44,9,0.009879426
locateParticles,44,0,0.003867172
locateParticles,44,1,0.003863748
locateParticles,44,2,0.003845957
locateParticles,44,3,0.003849252
locateParticles,44,4,0.003854084
locateParticles,44,5,0.003875779
locateParticles,44,6,0.003856388
locateParticles,44,7,0.003854244
locateParticles,44,8,0.003862307
locateParticles,44,9,0.003866307
sendPreprocess,44,0,0.000477136
sendPreprocess,44,1,0.000520335
sendPreprocess,44,2,0.000540014
sendPreprocess,44,3,0.000531983
sendPreprocess,44,4,0.000547022
sendPreprocess,44,5,0.000511312
sendPreprocess,44,6,0.000522927
sendPreprocess,44,7,0.000536558
sendPreprocess,44,8,0.00057115
sendPreprocess,44,9,0.000503312
particleSend,44,0,0.001062238
particleSend,44,1,0.00112486
particleSend,44,2,0.0011111
particleSend,44,3,0.001243896
particleSend,44,4,0.001058174
particleSend,44,5,0.001082877
particleSend,44,6,0.001115452
particleSend,44,7,0.001143036
particleSend,44,8,0.001077565
particleSend,44,9,0.001084349
particleRecv,44,0,5.2574e-05
particleRecv,44,1,4.1662e-05
particleRecv,44,2,4.0831e-05
particleRecv,44,3,3.5455e-05
particleRecv,44,4,4.4126e-05
particleRecv,44,5,4.8991e-05
particleRecv,44,6,4.9631e-05
particleRecv,44,7,4.3198e-05
particleRecv,44,8,4.9503e-05
particleRecv,44,9,4.9887e-05
particleDestroy,44,0,0.003027359
particleDestroy,44,1,0.003035167
particleDestroy,44,2,0.003020895
particleDestroy,44,3,0.003013119
particleDestroy,44,4,0.003015775
particleDestroy,44,5,0.00302435
particleDestroy,44,6,0.003023582
particleDestroy,44,7,0.003016703
particleDestroy,44,8,0.003032318
particleDestroy,44,9,0.003022302
ScatterPIFNUFFT,44,0,0.306692773
ScatterPIFNUFFT,44,1,1.5007e-05
ScatterPIFNUFFT,44,2,0.159682405
ScatterPIFNUFFT,44,3,2.3743e-05
ScatterPIFNUFFT,44,4,0.267088801
ScatterPIFNUFFT,44,5,1.7055e-05
ScatterPIFNUFFT,44,6,0.212275463
ScatterPIFNUFFT,44,7,2.7583e-05
ScatterPIFNUFFT,44,8,0.261969061
ScatterPIFNUFFT,44,9,2.336e-05
ScatterPIFNUFFT,44,10,0.266753676
ScatterPIFNUFFT,44,11,2.8063e-05
ScatterPIFNUFFT,44,12,0.211150187
ScatterPIFNUFFT,44,13,2.9375e-05
ScatterPIFNUFFT,44,14,0.267694029
ScatterPIFNUFFT,44,15,2.512e-05
ScatterPIFNUFFT,44,16,0.160803394
ScatterPIFNUFFT,44,17,1.8847e-05
ScatterPIFNUFFT,44,18,0.213615964
ScatterPIFNUFFT,44,19,1.8847e-05
NativeNUFFT1,44,0,0.302238579
NativeNUFFT1,44,1,0.155246708
NativeNUFFT1,44,2,0.262474165
NativeNUFFT1,44,3,0.207888629
NativeNUFFT1,44,4,0.257572723
NativeNUFFT1,44,5,0.262342682
NativeNUFFT1,44,6,0.20683647
NativeNUFFT1,44,7,0.263269884
NativeNUFFT1,44,8,0.156246037
NativeNUFFT1,44,9,0.209106221
scatterTimerNUFFT1,44,0,0.166035576
scatterTimerNUFFT1,44,1,0.021340336
scatterTimerNUFFT1,44,2,0.133043968
scatterTimerNUFFT1,44,3,0.07391013
scatterTimerNUFFT1,44,4,0.127644687
scatterTimerNUFFT1,44,5,0.128447765
scatterTimerNUFFT1,44,6,0.074747286
scatterTimerNUFFT1,44,7,0.135700971
scatterTimerNUFFT1,44,8,0.021172725
scatterTimerNUFFT1,44,9,0.077355491
binSort,44,0,0.004257079
binSort,44,1,0.004286166
binSort,44,2,0.004274934
binSort,44,3,0.004261335
binSort,44,4,0.004268726
binSort,44,5,0.004283062
binSort,44,6,0.004207449
binSort,44,7,0.004232984
binSort,44,8,0.004310389
binSort,44,9,0.004229368
binSort,44,10,0.004227864
binSort,44,11,0.004279798
binSort,44,12,0.00429071
binSort,44,13,0.00423708
binSort,44,14,0.004195801
binSort,44,15,0.004206168
binSort,44,16,0.004274967
binSort,44,17,0.00426991
binSort,44,18,0.004270934
binSort,44,19,0.004287318
binSort,44,20,0.004253591
binSort,44,21,0.004244791
binSort,44,22,0.004218809
binSort,44,23,0.004247064
binSort,44,24,0.004298165
binSort,44,25,0.004280342
binSort,44,26,0.004243383
binSort,44,27,0.00424668
binSort,44,28,0.004258359
binSort,44,29,0.004245526
binSort,44,30,0.00427263
binSort,44,31,0.004239576
binSort,44,32,0.004241144
binSort,44,33,0.004266646
binSort,44,34,0.004215128
binSort,44,35,0.00426255
binSort,44,36,0.004295541
binSort,44,37,0.004270039
binSort,44,38,0.004252727
binSort,44,39,0.004223672
binComputeKeys,44,0,0.000401427
binComputeKeys,44,1,0.000406259
binComputeKeys,44,2,0.000409939
binComputeKeys,44,3,0.000402643
binComputeKeys,44,4,0.000404179
binComputeKeys,44,5,0.000411731
binComputeKeys,44,6,0.000405395
binComputeKeys,44,7,0.000403155
binComputeKeys,44,8,0.000407187
binComputeKeys,44,9,0.000411027
binComputeKeys,44,10,0.000397395
binComputeKeys,44,11,0.000400115
binComputeKeys,44,12,0.000404787
binComputeKeys,44,13,0.0003997
binComputeKeys,44,14,0.000398387
binComputeKeys,44,15,0.000406803
binComputeKeys,44,16,0.000400627
binComputeKeys,44,17,0.000400211
binComputeKeys,44,18,0.000402899
binComputeKeys,44,19,0.000399027
binComputeKeys,44,20,0.000401363
binComputeKeys,44,21,0.000404083
binComputeKeys,44,22,0.000412243
binComputeKeys,44,23,0.000400948
binComputeKeys,44,24,0.000403315
binComputeKeys,44,25,0.000398931
binComputeKeys,44,26,0.000405139
binComputeKeys,44,27,0.000414771
binComputeKeys,44,28,0.000402675
binComputeKeys,44,29,0.000402867
binComputeKeys,44,30,0.000408019
binComputeKeys,44,31,0.000401107
binComputeKeys,44,32,0.000408019
binComputeKeys,44,33,0.000405875
binComputeKeys,44,34,0.000405235
binComputeKeys,44,35,0.000399987
binComputeKeys,44,36,0.000408755
binComputeKeys,44,37,0.000404723
binComputeKeys,44,38,0.000396979
binComputeKeys,44,39,0.000406547
binSortByKey,44,0,0.003653067
binSortByKey,44,1,0.003674026
binSortByKey,44,2,0.003653002
binSortByKey,44,3,0.003657738
binSortByKey,44,4,0.003661962
binSortByKey,44,5,0.003660586
binSortByKey,44,6,0.003608396
binSortByKey,44,7,0.003635499
binSortByKey,44,8,0.003690345
binSortByKey,44,9,0.003622699
binSortByKey,44,10,0.003625516
binSortByKey,44,11,0.003665002
binSortByKey,44,12,0.003676649
binSortByKey,44,13,0.003634186
binSortByKey,44,14,0.003606188
binSortByKey,44,15,0.003605996
binSortByKey,44,16,0.003667562
binSortByKey,44,17,0.003662858
binSortByKey,44,18,0.003664426
binSortByKey,44,19,0.00366609
binSortByKey,44,20,0.003646795
binSortByKey,44,21,0.00364289
binSortByKey,44,22,0.00361358
binSortByKey,44,23,0.003640395
binSortByKey,44,24,0.003692073
binSortByKey,44,25,0.003675466
binSortByKey,44,26,0.003637962
binSortByKey,44,27,0.003639307
binSortByKey,44,28,0.003651114
binSortByKey,44,29,0.003637866
binSortByKey,44,30,0.003665321
binSortByKey,44,31,0.003633355
binSortByKey,44,32,0.003632107
binSortByKey,44,33,0.003657642
binSortByKey,44,34,0.003617515
binSortByKey,44,35,0.003652906
binSortByKey,44,36,0.003672617
binSortByKey,44,37,0.003653898
binSortByKey,44,38,0.003660362
binSortByKey,44,39,0.003622699
binComputeOffsets,44,0,0.000198265
binComputeOffsets,44,1,0.000203513
binComputeOffsets,44,2,0.000209273
binComputeOffsets,44,3,0.00020057
binComputeOffsets,44,4,0.000197274
binComputeOffsets,44,5,0.000207097
binComputeOffsets,44,6,0.000192186
binComputeOffsets,44,7,0.00019385
binComputeOffsets,44,8,0.000208665
binComputeOffsets,44,9,0.000194394
binComputeOffsets,44,10,0.000204089
binComputeOffsets,44,11,0.000211673
binComputeOffsets,44,12,0.000202682
binComputeOffsets,44,13,0.000201754
binComputeOffsets,44,14,0.000190714
binComputeOffsets,44,15,0.000192889
binComputeOffsets,44,16,0.000201722
binComputeOffsets,44,17,0.000204313
binComputeOffsets,44,18,0.000200442
binComputeOffsets,44,19,0.000218105
binComputeOffsets,44,20,0.000201657
binComputeOffsets,44,21,0.000197466
binComputeOffsets,44,22,0.000191642
binComputeOffsets,44,23,0.000200826
binComputeOffsets,44,24,0.000197433
binComputeOffsets,44,25,0.000203706
binComputeOffsets,44,26,0.000198746
binComputeOffsets,44,27,0.000190458
binComputeOffsets,44,28,0.00019865
binComputeOffsets,44,29,0.000201369
binComputeOffsets,44,30,0.000196954
binComputeOffsets,44,31,0.000202074
binComputeOffsets,44,32,0.000195738
binComputeOffsets,44,33,0.000199449
binComputeOffsets,44,34,0.000192026
binComputeOffsets,44,35,0.000207321
binComputeOffsets,44,36,0.000209081
binComputeOffsets,44,37,0.00020729
binComputeOffsets,44,38,0.000194554
binComputeOffsets,44,39,0.000190874
FFTNUFFT1,44,0,0.135378134
FFTNUFFT1,44,1,0.13306336
FFTNUFFT1,44,2,0.128607472
FFTNUFFT1,44,3,0.133139422
FFTNUFFT1,44,4,0.129104063
FFTNUFFT1,44,5,0.133076255
FFTNUFFT1,44,6,0.131258202
FFTNUFFT1,44,7,0.126746475
FFTNUFFT1,44,8,0.134233499
FFTNUFFT1,44,9,0.130923077
deconvolutionNUFFT1,44,0,0.000822341
deconvolutionNUFFT1,44,1,0.000839461
deconvolutionNUFFT1,44,2,0.000818693
deconvolutionNUFFT1,44,3,0.000835622
deconvolutionNUFFT1,44,4,0.000816166
deconvolutionNUFFT1,44,5,0.000815238
deconvolutionNUFFT1,44,6,0.000826214
deconvolutionNUFFT1,44,7,0.00081911
deconvolutionNUFFT1,44,8,0.000834053
deconvolutionNUFFT1,44,9,0.000824293
GatherPIFNUFFT,44,0,0.461036277
GatherPIFNUFFT,44,1,0.462522406
GatherPIFNUFFT,44,2,0.45966349
GatherPIFNUFFT,44,3,0.456122805
GatherPIFNUFFT,44,4,0.462696097
GatherPIFNUFFT,44,5,0.45092486
GatherPIFNUFFT,44,6,0.459142099
GatherPIFNUFFT,44,7,0.464971895
GatherPIFNUFFT,44,8,0.458441641
GatherPIFNUFFT,44,9,0.46376323
NativeNUFFT2,44,0,0.150252053
NativeNUFFT2,44,1,0.153770564
NativeNUFFT2,44,2,0.153935006
NativeNUFFT2,44,3,0.156117913
NativeNUFFT2,44,4,0.152196471
NativeNUFFT2,44,5,0.152121305
NativeNUFFT2,44,6,0.15396307
NativeNUFFT2,44,7,0.151610698
NativeNUFFT2,44,8,0.152019293
NativeNUFFT2,44,9,0.145567982
NativeNUFFT2,44,10,0.151886593
NativeNUFFT2,44,11,0.15470823
NativeNUFFT2,44,12,0.15328338
NativeNUFFT2,44,13,0.154147705
NativeNUFFT2,44,14,0.153712486
NativeNUFFT2,44,15,0.146683817
NativeNUFFT2,44,16,0.148519821
NativeNUFFT2,44,17,0.152850946
NativeNUFFT2,44,18,0.147376115
NativeNUFFT2,44,19,0.154628393
NativeNUFFT2,44,20,0.152839842
NativeNUFFT2,44,21,0.153135001
NativeNUFFT2,44,22,0.150075099
NativeNUFFT2,44,23,0.160282931
NativeNUFFT2,44,24,0.150635753
NativeNUFFT2,44,25,0.155282131
NativeNUFFT2,44,26,0.149401874
NativeNUFFT2,44,27,0.155612489
NativeNUFFT2,44,28,0.153786435
NativeNUFFT2,44,29,0.152834466
PrecorrectionNUFFT2,44,0,0.001622827
PrecorrectionNUFFT2,44,1,0.002601324
PrecorrectionNUFFT2,44,2,0.002606123
PrecorrectionNUFFT2,44,3,0.001605645
PrecorrectionNUFFT2,44,4,0.002598316
PrecorrectionNUFFT2,44,5,0.002599276
PrecorrectionNUFFT2,44,6,0.001619339
PrecorrectionNUFFT2,44,7,0.00261726
PrecorrectionNUFFT2,44,8,0.002616683
PrecorrectionNUFFT2,44,9,0.001612812
PrecorrectionNUFFT2,44,10,0.002593292
PrecorrectionNUFFT2,44,11,0.002611724
PrecorrectionNUFFT2,44,12,0.00160158
PrecorrectionNUFFT2,44,13,0.002614828
PrecorrectionNUFFT2,44,14,0.002613516
PrecorrectionNUFFT2,44,15,0.001623468
PrecorrectionNUFFT2,44,16,0.002605068
PrecorrectionNUFFT2,44,17,0.002616748
PrecorrectionNUFFT2,44,18,0.00162014
PrecorrectionNUFFT2,44,19,0.002613292
PrecorrectionNUFFT2,44,20,0.002612235
PrecorrectionNUFFT2,44,21,0.001620876
PrecorrectionNUFFT2,44,22,0.002602348
PrecorrectionNUFFT2,44,23,0.002624044
PrecorrectionNUFFT2,44,24,0.001613004
PrecorrectionNUFFT2,44,25,0.002603372
PrecorrectionNUFFT2,44,26,0.002618764
PrecorrectionNUFFT2,44,27,0.0016139
PrecorrectionNUFFT2,44,28,0.002619051
PrecorrectionNUFFT2,44,29,0.00259934
FFTNUFFT2,44,0,0.127987747
FFTNUFFT2,44,1,0.129899686
FFTNUFFT2,44,2,0.130193948
FFTNUFFT2,44,3,0.133063169
FFTNUFFT2,44,4,0.132748906
FFTNUFFT2,44,5,0.132446964
FFTNUFFT2,44,6,0.137080383
FFTNUFFT2,44,7,0.129062113
FFTNUFFT2,44,8,0.131796201
FFTNUFFT2,44,9,0.12656709
FFTNUFFT2,44,10,0.134801351
FFTNUFFT2,44,11,0.135991137
FFTNUFFT2,44,12,0.134188348
FFTNUFFT2,44,13,0.134948228
FFTNUFFT2,44,14,0.130852902
FFTNUFFT2,44,15,0.127300729
FFTNUFFT2,44,16,0.129544561
FFTNUFFT2,44,17,0.133668396
FFTNUFFT2,44,18,0.131484754
FFTNUFFT2,44,19,0.133912452
FFTNUFFT2,44,20,0.134761833
FFTNUFFT2,44,21,0.135739465
FFTNUFFT2,44,22,0.132865893
FFTNUFFT2,44,23,0.134685035
FFTNUFFT2,44,24,0.129345175
FFTNUFFT2,44,25,0.138893156
FFTNUFFT2,44,26,0.132656686
FFTNUFFT2,44,27,0.139109342
FFTNUFFT2,44,28,0.136180219
FFTNUFFT2,44,29,0.131016482
GatherNUFFT2,44,0,0.014384081
GatherNUFFT2,44,1,0.014987422
GatherNUFFT2,44,2,0.01484861
GatherNUFFT2,44,3,0.015178742
GatherNUFFT2,44,4,0.01054254
GatherNUFFT2,44,5,0.01079258
GatherNUFFT2,44,6,0.008997214
GatherNUFFT2,44,7,0.01366068
GatherNUFFT2,44,8,0.011312883
GatherNUFFT2,44,9,0.011109434
GatherNUFFT2,44,10,0.008185273
GatherNUFFT2,44,11,0.009818148
GatherNUFFT2,44,12,0.011210774
GatherNUFFT2,44,13,0.010301172
GatherNUFFT2,44,14,0.013989149
GatherNUFFT2,44,15,0.011485646
GatherNUFFT2,44,16,0.010072283
GatherNUFFT2,44,17,0.010302548
GatherNUFFT2,44,18,0.007995262
GatherNUFFT2,44,19,0.011795492
GatherNUFFT2,44,20,0.009162841
GatherNUFFT2,44,21,0.009511245
GatherNUFFT2,44,22,0.008319316
GatherNUFFT2,44,23,0.016684454
GatherNUFFT2,44,24,0.013399089
GatherNUFFT2,44,25,0.007482671
GatherNUFFT2,44,26,0.00782474
GatherNUFFT2,44,27,0.008570541
GatherNUFFT2,44,28,0.008654218
GatherNUFFT2,44,29,0.012901664
mainTimer,45,0,7.524183982
dumpData,45,0,0.008896801
dumpData,45,1,0.00746456
dumpData,45,2,0.008118459
dumpData,45,3,0.007431536
dumpData,45,4,0.009524269
dumpData,45,5,0.008451151
dumpData,45,6,0.0076954
dumpData,45,7,0.007856514
dumpData,45,8,0.007924449
dumpData,45,9,0.007175034
kick,45,0,3.7983e-05
kick,45,1,1.2864e-05
kick,45,2,3.1839e-05
kick,45,3,8.672e-06
kick,45,4,3.5071e-05
kick,45,5,8.607e-06
kick,45,6,3.8655e-05
kick,45,7,1.7791e-05
kick,45,8,2.9311e-05
kick,45,9,1.4656e-05
kick,45,10,2.9791e-05
kick,45,11,1.2256e-05
kick,45,12,3.1615e-05
kick,45,13,1.1584e-05
kick,45,14,3.4398e-05
kick,45,15,1.9104e-05
kick,45,16,3.5038e-05
kick,45,17,1.2991e-05
kick,45,18,3.7503e-05
kick,45,19,8.8e-06
drift,45,0,6.624e-06
drift,45,1,5.152e-06
drift,45,2,5.952e-06
drift,45,3,6.815e-06
drift,45,4,6.783e-06
drift,45,5,6.592e-06
drift,45,6,5.344e-06
drift,45,7,4.384e-06
drift,45,8,5.728e-06
drift,45,9,5.759e-06
particleBC,45,0,1.0719e-05
particleBC,45,1,1.1487e-05
particleBC,45,2,1.2288e-05
particleBC,45,3,1.168e-05
particleBC,45,4,1.3024e-05
particleBC,45,5,1.2032e-05
particleBC,45,6,1.4943e-05
particleBC,45,7,1.2192e-05
particleBC,45,8,1.0912e-05
particleBC,45,9,1.04e-05
updateParticle,45,0,0.063748826
updateParticle,45,1,0.1566378
updateParticle,45,2,0.009892609
updateParticle,45,3,0.064390693
updateParticle,45,4,0.009788197
updateParticle,45,5,0.064426947
updateParticle,45,6,0.009846787
updateParticle,45,7,0.009902465
updateParticle,45,8,0.064612862
updateParticle,45,9,0.009834723
locateParticles,45,0,0.004080861
locateParticles,45,1,0.004059134
locateParticles,45,2,0.004038623
locateParticles,45,3,0.004032574
locateParticles,45,4,0.004051517
locateParticles,45,5,0.004038909
locateParticles,45,6,0.004046302
locateParticles,45,7,0.004050685
locateParticles,45,8,0.004048029
locateParticles,45,9,0.004041182
sendPreprocess,45,0,0.000264375
sendPreprocess,45,1,0.000326166
sendPreprocess,45,2,0.000351637
sendPreprocess,45,3,0.000349525
sendPreprocess,45,4,0.000354357
sendPreprocess,45,5,0.000348085
sendPreprocess,45,6,0.000335349
sendPreprocess,45,7,0.000342485
sendPreprocess,45,8,0.000389844
sendPreprocess,45,9,0.000331221
particleSend,45,0,0.001133404
particleSend,45,1,0.001125596
particleSend,45,2,0.001129436
particleSend,45,3,0.001155547
particleSend,45,4,0.001112732
particleSend,45,5,0.001080957
particleSend,45,6,0.001115196
particleSend,45,7,0.001141404
particleSend,45,8,0.001158555
particleSend,45,9,0.00111222
particleRecv,45,0,4.355e-05
particleRecv,45,1,4.3454e-05
particleRecv,45,2,4.291e-05
particleRecv,45,3,4.2206e-05
particleRecv,45,4,3.6159e-05
particleRecv,45,5,4.5183e-05
particleRecv,45,6,4.9279e-05
particleRecv,45,7,4.4126e-05
particleRecv,45,8,4.0894e-05
particleRecv,45,9,3.9007e-05
particleDestroy,45,0,0.003256504
particleDestroy,45,1,0.003255192
particleDestroy,45,2,0.003253175
particleDestroy,45,3,0.003261047
particleDestroy,45,4,0.003240088
particleDestroy,45,5,0.00327551
particleDestroy,45,6,0.003268375
particleDestroy,45,7,0.003251991
particleDestroy,45,8,0.003253175
particleDestroy,45,9,0.003231416
ScatterPIFNUFFT,45,0,0.306566025
ScatterPIFNUFFT,45,1,2.0064e-05
ScatterPIFNUFFT,45,2,0.160078329
ScatterPIFNUFFT,45,3,2.5439e-05
ScatterPIFNUFFT,45,4,0.270926341
ScatterPIFNUFFT,45,5,4.8927e-05
ScatterPIFNUFFT,45,6,0.212704281
ScatterPIFNUFFT,45,7,3.6767e-05
ScatterPIFNUFFT,45,8,0.256608722
ScatterPIFNUFFT,45,9,1.3472e-05
ScatterPIFNUFFT,45,10,0.267221853
ScatterPIFNUFFT,45,11,2.8863e-05
ScatterPIFNUFFT,45,12,0.211439329
ScatterPIFNUFFT,45,13,2.1663e-05
ScatterPIFNUFFT,45,14,0.264944293
ScatterPIFNUFFT,45,15,1.6319e-05
ScatterPIFNUFFT,45,16,0.162267955
ScatterPIFNUFFT,45,17,2.3231e-05
ScatterPIFNUFFT,45,18,0.211474625
ScatterPIFNUFFT,45,19,1.3375e-05
NativeNUFFT1,45,0,0.302117656
NativeNUFFT1,45,1,0.155620168
NativeNUFFT1,45,2,0.26655877
NativeNUFFT1,45,3,0.208292615
NativeNUFFT1,45,4,0.252099459
NativeNUFFT1,45,5,0.262789707
NativeNUFFT1,45,6,0.207094926
NativeNUFFT1,45,7,0.260583858
NativeNUFFT1,45,8,0.158048058
NativeNUFFT1,45,9,0.20802632
scatterTimerNUFFT1,45,0,0.164945148
scatterTimerNUFFT1,45,1,0.021751683
scatterTimerNUFFT1,45,2,0.131798473
scatterTimerNUFFT1,45,3,0.074178377
scatterTimerNUFFT1,45,4,0.127493299
scatterTimerNUFFT1,45,5,0.12827369
scatterTimerNUFFT1,45,6,0.074877298
scatterTimerNUFFT1,45,7,0.135969858
scatterTimerNUFFT1,45,8,0.022052217
scatterTimerNUFFT1,45,9,0.078558684
binSort,45,0,0.004442193
binSort,45,1,0.004525902
binSort,45,2,0.004443377
binSort,45,3,0.004450609
binSort,45,4,0.004446576
binSort,45,5,0.004477327
binSort,45,6,0.004523823
binSort,45,7,0.004510191
binSort,45,8,0.004569196
binSort,45,9,0.004512367
binSort,45,10,0.004476656
binSort,45,11,0.004542958
binSort,45,12,0.00447096
binSort,45,13,0.004476816
binSort,45,14,0.004498062
binSort,45,15,0.004458768
binSort,45,16,0.004490127
binSort,45,17,0.00449723
binSort,45,18,0.004464752
binSort,45,19,0.004473456
binSort,45,20,0.004461329
binSort,45,21,0.004492976
binSort,45,22,0.004516815
binSort,45,23,0.004470064
binSort,45,24,0.004475696
binSort,45,25,0.004487664
binSort,45,26,0.00449848
binSort,45,27,0.004535086
binSort,45,28,0.004442256
binSort,45,29,0.004512494
binSort,45,30,0.004485071
binSort,45,31,0.004477744
binSort,45,32,0.004482096
binSort,45,33,0.004538222
binSort,45,34,0.004486448
binSort,45,35,0.00453035
binSort,45,36,0.004495471
binSort,45,37,0.004528302
binSort,45,38,0.004465616
binSort,45,39,0.004484816
binComputeKeys,45,0,0.000421811
binComputeKeys,45,1,0.000434034
binComputeKeys,45,2,0.000418994
binComputeKeys,45,3,0.000422515
binComputeKeys,45,4,0.000422386
binComputeKeys,45,5,0.00041861
binComputeKeys,45,6,0.000436274
binComputeKeys,45,7,0.000417874
binComputeKeys,45,8,0.000434194
binComputeKeys,45,9,0.000418419
binComputeKeys,45,10,0.000421906
binComputeKeys,45,11,0.000426578
binComputeKeys,45,12,0.000426355
binComputeKeys,45,13,0.000431122
binComputeKeys,45,14,0.000415954
binComputeKeys,45,15,0.000418131
binComputeKeys,45,16,0.000449009
binComputeKeys,45,17,0.000441169
binComputeKeys,45,18,0.000434674
binComputeKeys,45,19,0.000434162
binComputeKeys,45,20,0.000426578
binComputeKeys,45,21,0.000420435
binComputeKeys,45,22,0.000428786
binComputeKeys,45,23,0.000429202
binComputeKeys,45,24,0.000428435
binComputeKeys,45,25,0.000440018
binComputeKeys,45,26,0.000435602
binComputeKeys,45,27,0.00042309
binComputeKeys,45,28,0.000424498
binComputeKeys,45,29,0.000416147
binComputeKeys,45,30,0.000435953
binComputeKeys,45,31,0.000434962
binComputeKeys,45,32,0.000434162
binComputeKeys,45,33,0.00042069
binComputeKeys,45,34,0.000419506
binComputeKeys,45,35,0.000430098
binComputeKeys,45,36,0.000419379
binComputeKeys,45,37,0.000437202
binComputeKeys,45,38,0.000422482
binComputeKeys,45,39,0.000417875
binSortByKey,45,0,0.003818629
binSortByKey,45,1,0.003881219
binSortByKey,45,2,0.003822629
binSortByKey,45,3,0.003825572
binSortByKey,45,4,0.003821893
binSortByKey,45,5,0.003849636
binSortByKey,45,6,0.003873155
binSortByKey,45,7,0.003874116
binSortByKey,45,8,0.00391533
binSortByKey,45,9,0.003867107
binSortByKey,45,10,0.0038489
binSortByKey,45,11,0.003900995
binSortByKey,45,12,0.003838116
binSortByKey,45,13,0.003840676
binSortByKey,45,14,0.003862787
binSortByKey,45,15,0.003835172
binSortByKey,45,16,0.003822821
binSortByKey,45,17,0.00384938
binSortByKey,45,18,0.003826372
binSortByKey,45,19,0.003833221
binSortByKey,45,20,0.003828613
binSortByKey,45,21,0.003861443
binSortByKey,45,22,0.003874307
binSortByKey,45,23,0.003836324
binSortByKey,45,24,0.003843044
binSortByKey,45,25,0.003844068
binSortByKey,45,26,0.003853604
binSortByKey,45,27,0.003890051
binSortByKey,45,28,0.003810629
binSortByKey,45,29,0.003878146
binSortByKey,45,30,0.003846181
binSortByKey,45,31,0.003838757
binSortByKey,45,32,0.00384106
binSortByKey,45,33,0.003883619
binSortByKey,45,34,0.003851396
binSortByKey,45,35,0.003884739
binSortByKey,45,36,0.003855075
binSortByKey,45,37,0.003872067
binSortByKey,45,38,0.003834117
binSortByKey,45,39,0.003855716
binComputeOffsets,45,0,0.000201049
binComputeOffsets,45,1,0.000209145
binComputeOffsets,45,2,0.000200794
binComputeOffsets,45,3,0.000200698
binComputeOffsets,45,4,0.000200953
binComputeOffsets,45,5,0.000207033
binComputeOffsets,45,6,0.000212026
binComputeOffsets,45,7,0.000216314
binComputeOffsets,45,8,0.000216441
binComputeOffsets,45,9,0.000223129
binComputeOffsets,45,10,0.000202522
binComputeOffsets,45,11,0.000212409
binComputeOffsets,45,12,0.000204697
binComputeOffsets,45,13,0.000202618
binComputeOffsets,45,14,0.000217177
binComputeOffsets,45,15,0.000202841
binComputeOffsets,45,16,0.000211961
binComputeOffsets,45,17,0.000203897
binComputeOffsets,45,18,0.000201786
binComputeOffsets,45,19,0.000202873
binComputeOffsets,45,20,0.000204314
binComputeOffsets,45,21,0.000206746
binComputeOffsets,45,22,0.000210426
binComputeOffsets,45,23,0.00020217
binComputeOffsets,45,24,0.000201817
binComputeOffsets,45,25,0.000202138
binComputeOffsets,45,26,0.000206938
binComputeOffsets,45,27,0.000218745
binComputeOffsets,45,28,0.000206169
binComputeOffsets,45,29,0.000216281
binComputeOffsets,45,30,0.000201561
binComputeOffsets,45,31,0.000201401
binComputeOffsets,45,32,0.000203258
binComputeOffsets,45,33,0.000230265
binComputeOffsets,45,34,0.000213338
binComputeOffsets,45,35,0.000213465
binComputeOffsets,45,36,0.000219289
binComputeOffsets,45,37,0.000214937
binComputeOffsets,45,38,0.000207321
binComputeOffsets,45,39,0.00020873
FFTNUFFT1,45,0,0.136327223
FFTNUFFT1,45,1,0.133025056
FFTNUFFT1,45,2,0.133910725
FFTNUFFT1,45,3,0.133258362
FFTNUFFT1,45,4,0.1237627
FFTNUFFT1,45,5,0.133673645
FFTNUFFT1,45,6,0.131366167
FFTNUFFT1,45,7,0.123774603
FFTNUFFT1,45,8,0.135152125
FFTNUFFT1,45,9,0.128612431
deconvolutionNUFFT1,45,0,0.000841125
deconvolutionNUFFT1,45,1,0.000841445
deconvolutionNUFFT1,45,2,0.000845988
deconvolutionNUFFT1,45,3,0.00085322
deconvolutionNUFFT1,45,4,0.000839492
deconvolutionNUFFT1,45,5,0.000838149
deconvolutionNUFFT1,45,6,0.000849701
deconvolutionNUFFT1,45,7,0.000836485
deconvolutionNUFFT1,45,8,0.000838917
deconvolutionNUFFT1,45,9,0.000851621
GatherPIFNUFFT,45,0,0.461884026
GatherPIFNUFFT,45,1,0.462076149
GatherPIFNUFFT,45,2,0.4546401
GatherPIFNUFFT,45,3,0.456008856
GatherPIFNUFFT,45,4,0.468405161
GatherPIFNUFFT,45,5,0.44826661
GatherPIFNUFFT,45,6,0.459276815
GatherPIFNUFFT,45,7,0.466935256
GatherPIFNUFFT,45,8,0.457960249
GatherPIFNUFFT,45,9,0.466405449
NativeNUFFT2,45,0,0.150912128
NativeNUFFT2,45,1,0.153582634
NativeNUFFT2,45,2,0.153835938
NativeNUFFT2,45,3,0.154404528
NativeNUFFT2,45,4,0.15240664
NativeNUFFT2,45,5,0.152509421
NativeNUFFT2,45,6,0.150160089
NativeNUFFT2,45,7,0.151940767
NativeNUFFT2,45,8,0.150919296
NativeNUFFT2,45,9,0.146884131
NativeNUFFT2,45,10,0.151152985
NativeNUFFT2,45,11,0.154577259
NativeNUFFT2,45,12,0.158896992
NativeNUFFT2,45,13,0.154312211
NativeNUFFT2,45,14,0.152982878
NativeNUFFT2,45,15,0.145673546
NativeNUFFT2,45,16,0.147561069
NativeNUFFT2,45,17,0.153380977
NativeNUFFT2,45,18,0.148738215
NativeNUFFT2,45,19,0.152887297
NativeNUFFT2,45,20,0.153674439
NativeNUFFT2,45,21,0.156601417
NativeNUFFT2,45,22,0.150204087
NativeNUFFT2,45,23,0.158566027
NativeNUFFT2,45,24,0.151267573
NativeNUFFT2,45,25,0.155442734
NativeNUFFT2,45,26,0.149599019
NativeNUFFT2,45,27,0.158482861
NativeNUFFT2,45,28,0.153426287
NativeNUFFT2,45,29,0.152934655
PrecorrectionNUFFT2,45,0,0.001643787
PrecorrectionNUFFT2,45,1,0.002689033
PrecorrectionNUFFT2,45,2,0.002683753
PrecorrectionNUFFT2,45,3,0.001647755
PrecorrectionNUFFT2,45,4,0.002679626
PrecorrectionNUFFT2,45,5,0.002687529
PrecorrectionNUFFT2,45,6,0.001629675
PrecorrectionNUFFT2,45,7,0.002684938
PrecorrectionNUFFT2,45,8,0.002680426
PrecorrectionNUFFT2,45,9,0.00166657
PrecorrectionNUFFT2,45,10,0.002688618
PrecorrectionNUFFT2,45,11,0.002704425
PrecorrectionNUFFT2,45,12,0.001647723
PrecorrectionNUFFT2,45,13,0.002691433
PrecorrectionNUFFT2,45,14,0.00268609
PrecorrectionNUFFT2,45,15,0.00166033
PrecorrectionNUFFT2,45,16,0.002687721
PrecorrectionNUFFT2,45,17,0.002705865
PrecorrectionNUFFT2,45,18,0.001638379
PrecorrectionNUFFT2,45,19,0.002691273
PrecorrectionNUFFT2,45,20,0.00270756
PrecorrectionNUFFT2,45,21,0.001652651
PrecorrectionNUFFT2,45,22,0.002684809
PrecorrectionNUFFT2,45,23,0.00270193
PrecorrectionNUFFT2,45,24,0.001637867
PrecorrectionNUFFT2,45,25,0.002687593
PrecorrectionNUFFT2,45,26,0.002698121
PrecorrectionNUFFT2,45,27,0.001654922
PrecorrectionNUFFT2,45,28,0.002685481
PrecorrectionNUFFT2,45,29,0.002677002
FFTNUFFT2,45,0,0.127942309
FFTNUFFT2,45,1,0.134562895
FFTNUFFT2,45,2,0.13432828
FFTNUFFT2,45,3,0.12805037
FFTNUFFT2,45,4,0.130854663
FFTNUFFT2,45,5,0.128651758
FFTNUFFT2,45,6,0.128246427
FFTNUFFT2,45,7,0.134101823
FFTNUFFT2,45,8,0.131561489
FFTNUFFT2,45,9,0.128048738
FFTNUFFT2,45,10,0.124847785
FFTNUFFT2,45,11,0.129732075
FFTNUFFT2,45,12,0.139980481
FFTNUFFT2,45,13,0.137387636
FFTNUFFT2,45,14,0.13372273
FFTNUFFT2,45,15,0.121801931
FFTNUFFT2,45,16,0.128330232
FFTNUFFT2,45,17,0.135481137
FFTNUFFT2,45,18,0.132918276
FFTNUFFT2,45,19,0.132339255
FFTNUFFT2,45,20,0.133890117
FFTNUFFT2,45,21,0.137498097
FFTNUFFT2,45,22,0.133441683
FFTNUFFT2,45,23,0.138016128
FFTNUFFT2,45,24,0.128293209
FFTNUFFT2,45,25,0.132332727
FFTNUFFT2,45,26,0.131678253
FFTNUFFT2,45,27,0.14113846
FFTNUFFT2,45,28,0.12808352
FFTNUFFT2,45,29,0.130177917
GatherNUFFT2,45,0,0.014760613
GatherNUFFT2,45,1,0.009817476
GatherNUFFT2,45,2,0.01028322
GatherNUFFT2,45,3,0.018165078
GatherNUFFT2,45,4,0.012299924
GatherNUFFT2,45,5,0.014622152
GatherNUFFT2,45,6,0.01375674
GatherNUFFT2,45,7,0.008603403
GatherNUFFT2,45,8,0.010088858
GatherNUFFT2,45,9,0.010655656
GatherNUFFT2,45,10,0.017055962
GatherNUFFT2,45,11,0.015579594
GatherNUFFT2,45,12,0.010690631
GatherNUFFT2,45,13,0.007660009
GatherNUFFT2,45,14,0.010038652
GatherNUFFT2,45,15,0.015648328
GatherNUFFT2,45,16,0.01000259
GatherNUFFT2,45,17,0.008657385
GatherNUFFT2,45,18,0.007624299
GatherNUFFT2,45,19,0.011325235
GatherNUFFT2,45,20,0.010539405
GatherNUFFT2,45,21,0.010879458
GatherNUFFT2,45,22,0.007516142
GatherNUFFT2,45,23,0.011290453
GatherNUFFT2,45,24,0.01478442
GatherNUFFT2,45,25,0.013853634
GatherNUFFT2,45,26,0.008695496
GatherNUFFT2,45,27,0.009141785
GatherNUFFT2,45,28,0.01629778
GatherNUFFT2,45,29,0.013520397
mainTimer,46,0,7.524185518
dumpData,46,0,0.009975359
dumpData,46,1,0.008572237
dumpData,46,2,0.008597643
dumpData,46,3,0.009491918
dumpData,46,4,0.009070939
dumpData,46,5,0.008906368
dumpData,46,6,0.008349075
dumpData,46,7,0.008408561
dumpData,46,8,0.008468175
dumpData,46,9,0.008838756
kick,46,0,3.7311e-05
kick,46,1,9.055e-06
kick,46,2,3.0239e-05
kick,46,3,1.648e-05
kick,46,4,3.4303e-05
kick,46,5,1.1072e-05
kick,46,6,3.7503e-05
kick,46,7,1.4111e-05
kick,46,8,3.1295e-05
kick,46,9,9.151e-06
kick,46,10,2.8831e-05
kick,46,11,2.0064e-05
kick,46,12,3.1743e-05
kick,46,13,1.4304e-05
kick,46,14,3.7854e-05
kick,46,15,1.2159e-05
kick,46,16,3.4654e-05
kick,46,17,1.1648e-05
kick,46,18,3.6894e-05
kick,46,19,1.0624e-05
drift,46,0,6.784e-06
drift,46,1,8.512e-06
drift,46,2,6.08e-06
drift,46,3,5.151e-06
drift,46,4,6.367e-06
drift,46,5,5.856e-06
drift,46,6,5.472e-06
drift,46,7,5.6e-06
drift,46,8,4.832e-06
drift,46,9,4.448e-06
particleBC,46,0,1.0463e-05
particleBC,46,1,9.023e-06
particleBC,46,2,1.1232e-05
particleBC,46,3,1.0144e-05
particleBC,46,4,1.1488e-05
particleBC,46,5,1.5008e-05
particleBC,46,6,1.04e-05
particleBC,46,7,1.072e-05
particleBC,46,8,1.0944e-05
particleBC,46,9,1.0016e-05
updateParticle,46,0,0.063730491
updateParticle,46,1,0.156715782
updateParticle,46,2,0.009840962
updateParticle,46,3,0.064514753
updateParticle,46,4,0.00973751
updateParticle,46,5,0.064457346
updateParticle,46,6,0.009831491
updateParticle,46,7,0.009780037
updateParticle,46,8,0.064497889
updateParticle,46,9,0.009740806
locateParticles,46,0,0.003742408
locateParticles,46,1,0.003751399
locateParticles,46,2,0.003726536
locateParticles,46,3,0.003720648
locateParticles,46,4,0.003721864
locateParticles,46,5,0.003729031
locateParticles,46,6,0.003721385
locateParticles,46,7,0.003758855
locateParticles,46,8,0.0037114
locateParticles,46,9,0.00372692
sendPreprocess,46,0,0.000601164
sendPreprocess,46,1,0.000633964
sendPreprocess,46,2,0.000663659
sendPreprocess,46,3,0.000663531
sendPreprocess,46,4,0.000682794
sendPreprocess,46,5,0.000655531
sendPreprocess,46,6,0.000662826
sendPreprocess,46,7,0.000633803
sendPreprocess,46,8,0.000724841
sendPreprocess,46,9,0.000646443
particleSend,46,0,0.001176986
particleSend,46,1,0.001049982
particleSend,46,2,0.001049502
particleSend,46,3,0.001086365
particleSend,46,4,0.001036222
particleSend,46,5,0.001079165
particleSend,46,6,0.00111062
particleSend,46,7,0.001079134
particleSend,46,8,0.001074141
particleSend,46,9,0.001044958
particleRecv,46,0,3.2223e-05
particleRecv,46,1,5.395e-05
particleRecv,46,2,5.8174e-05
particleRecv,46,3,4.0158e-05
particleRecv,46,4,4.8959e-05
particleRecv,46,5,4.7007e-05
particleRecv,46,6,4.9343e-05
particleRecv,46,7,4.8159e-05
particleRecv,46,8,4.7711e-05
particleRecv,46,9,4.5311e-05
particleDestroy,46,0,0.002964449
particleDestroy,46,1,0.002976992
particleDestroy,46,2,0.002977408
particleDestroy,46,3,0.002964321
particleDestroy,46,4,0.002955361
particleDestroy,46,5,0.002998559
particleDestroy,46,6,0.002967488
particleDestroy,46,7,0.002983296
particleDestroy,46,8,0.002975072
particleDestroy,46,9,0.002977568
ScatterPIFNUFFT,46,0,0.309563368
ScatterPIFNUFFT,46,1,2.0064e-05
ScatterPIFNUFFT,46,2,0.162594567
ScatterPIFNUFFT,46,3,2.7871e-05
ScatterPIFNUFFT,46,4,0.270349816
ScatterPIFNUFFT,46,5,3.8271e-05
ScatterPIFNUFFT,46,6,0.212025583
ScatterPIFNUFFT,46,7,3.1422e-05
ScatterPIFNUFFT,46,8,0.259207231
ScatterPIFNUFFT,46,9,1.408e-05
ScatterPIFNUFFT,46,10,0.265874921
ScatterPIFNUFFT,46,11,3.7727e-05
ScatterPIFNUFFT,46,12,0.210215625
ScatterPIFNUFFT,46,13,3.3535e-05
ScatterPIFNUFFT,46,14,0.274752394
ScatterPIFNUFFT,46,15,1.6767e-05
ScatterPIFNUFFT,46,16,0.159397776
ScatterPIFNUFFT,46,17,2.4959e-05
ScatterPIFNUFFT,46,18,0.219456639
ScatterPIFNUFFT,46,19,2.1408e-05
NativeNUFFT1,46,0,0.30514655
NativeNUFFT1,46,1,0.158147927
NativeNUFFT1,46,2,0.266965029
NativeNUFFT1,46,3,0.207581566
NativeNUFFT1,46,4,0.254744334
NativeNUFFT1,46,5,0.261460214
NativeNUFFT1,46,6,0.205750137
NativeNUFFT1,46,7,0.270331416
NativeNUFFT1,46,8,0.15509321
NativeNUFFT1,46,9,0.215954416
scatterTimerNUFFT1,46,0,0.164970043
scatterTimerNUFFT1,46,1,0.020543178
scatterTimerNUFFT1,46,2,0.134394165
scatterTimerNUFFT1,46,3,0.0729732
scatterTimerNUFFT1,46,4,0.126877032
scatterTimerNUFFT1,46,5,0.127429749
scatterTimerNUFFT1,46,6,0.073587676
scatterTimerNUFFT1,46,7,0.13509491
scatterTimerNUFFT1,46,8,0.021227988
scatterTimerNUFFT1,46,9,0.077704248
binSort,46,0,0.004089277
binSort,46,1,0.003990176
binSort,46,2,0.004004511
binSort,46,3,0.004003775
binSort,46,4,0.004065789
binSort,46,5,0.003969056
binSort,46,6,0.004028255
binSort,46,7,0.003983136
binSort,46,8,0.004027454
binSort,46,9,0.004018271
binSort,46,10,0.003982655
binSort,46,11,0.004020382
binSort,46,12,0.004020286
binSort,46,13,0.003999678
binSort,46,14,0.003989055
binSort,46,15,0.004032991
binSort,46,16,0.004068253
binSort,46,17,0.004031102
binSort,46,18,0.004013567
binSort,46,19,0.004023134
binSort,46,20,0.00410342
binSort,46,21,0.003984064
binSort,46,22,0.004010687
binSort,46,23,0.003957504
binSort,46,24,0.004048189
binSort,46,25,0.004020702
binSort,46,26,0.004026462
binSort,46,27,0.004008511
binSort,46,28,0.004083836
binSort,46,29,0.003982016
binSort,46,30,0.004025182
binSort,46,31,0.004020318
binSort,46,32,0.004112795
binSort,46,33,0.004004895
binSort,46,34,0.004009119
binSort,46,35,0.003986656
binSort,46,36,0.0040719
binSort,46,37,0.003990336
binSort,46,38,0.003985888
binSort,46,39,0.003929922
binComputeKeys,46,0,0.000392084
binComputeKeys,46,1,0.000386964
binComputeKeys,46,2,0.000383987
binComputeKeys,46,3,0.000384851
binComputeKeys,46,4,0.000383476
binComputeKeys,46,5,0.000378484
binComputeKeys,46,6,0.000372628
binComputeKeys,46,7,0.000374164
binComputeKeys,46,8,0.000368437
binComputeKeys,46,9,0.000382196
binComputeKeys,46,10,0.00037362
binComputeKeys,46,11,0.000398035
binComputeKeys,46,12,0.000374068
binComputeKeys,46,13,0.000372531
binComputeKeys,46,14,0.000377716
binComputeKeys,46,15,0.000388148
binComputeKeys,46,16,0.000374772
binComputeKeys,46,17,0.000374804
binComputeKeys,46,18,0.000380692
binComputeKeys,46,19,0.000384628
binComputeKeys,46,20,0.000379668
binComputeKeys,46,21,0.000380692
binComputeKeys,46,22,0.00037346
binComputeKeys,46,23,0.000374548
binComputeKeys,46,24,0.00038098
binComputeKeys,46,25,0.000378771
binComputeKeys,46,26,0.000374676
binComputeKeys,46,27,0.000386131
binComputeKeys,46,28,0.000387252
binComputeKeys,46,29,0.000386932
binComputeKeys,46,30,0.000390963
binComputeKeys,46,31,0.000386579
binComputeKeys,46,32,0.000384019
binComputeKeys,46,33,0.000386132
binComputeKeys,46,34,0.000380627
binComputeKeys,46,35,0.000381172
binComputeKeys,46,36,0.000375604
binComputeKeys,46,37,0.00038562
binComputeKeys,46,38,0.000400627
binComputeKeys,46,39,0.00036738
binSortByKey,46,0,0.003502511
binSortByKey,46,1,0.003418162
binSortByKey,46,2,0.003424626
binSortByKey,46,3,0.003426546
binSortByKey,46,4,0.003483247
binSortByKey,46,5,0.003405938
binSortByKey,46,6,0.003452369
binSortByKey,46,7,0.003416466
binSortByKey,46,8,0.003454512
binSortByKey,46,9,0.003441969
binSortByKey,46,10,0.003414994
binSortByKey,46,11,0.003431313
binSortByKey,46,12,0.003444849
binSortByKey,46,13,0.003431634
binSortByKey,46,14,0.003418481
binSortByKey,46,15,0.003454577
binSortByKey,46,16,0.003488112
binSortByKey,46,17,0.003454897
binSortByKey,46,18,0.003441905
binSortByKey,46,19,0.003442769
binSortByKey,46,20,0.003521775
binSortByKey,46,21,0.003421297
binSortByKey,46,22,0.003439922
binSortByKey,46,23,0.003402258
binSortByKey,46,24,0.00346488
binSortByKey,46,25,0.003453585
binSortByKey,46,26,0.003450673
binSortByKey,46,27,0.00343013
binSortByKey,46,28,0.003494991
binSortByKey,46,29,0.003415377
binSortByKey,46,30,0.003439729
binSortByKey,46,31,0.003441265
binSortByKey,46,32,0.003523983
binSortByKey,46,33,0.003429425
binSortByKey,46,34,0.003435826
binSortByKey,46,35,0.003420914
binSortByKey,46,36,0.003490928
binSortByKey,46,37,0.003424242
binSortByKey,46,38,0.003400787
binSortByKey,46,39,0.003382227
binComputeOffsets,46,0,0.000190554
binComputeOffsets,46,1,0.000183066
binComputeOffsets,46,2,0.000193402
binComputeOffsets,46,3,0.000190458
binComputeOffsets,46,4,0.000192506
binComputeOffsets,46,5,0.000182107
binComputeOffsets,46,6,0.00019913
binComputeOffsets,46,7,0.000188858
binComputeOffsets,46,8,0.000201241
binComputeOffsets,46,9,0.00019321
binComputeOffsets,46,10,0.000190937
binComputeOffsets,46,11,0.000186874
binComputeOffsets,46,12,0.000197338
binComputeOffsets,46,13,0.000192601
binComputeOffsets,46,14,0.000187866
binComputeOffsets,46,15,0.000189018
binComputeOffsets,46,16,0.000199193
binComputeOffsets,46,17,0.000198393
binComputeOffsets,46,18,0.000189562
binComputeOffsets,46,19,0.000191578
binComputeOffsets,46,20,0.000196442
binComputeOffsets,46,21,0.000181275
binComputeOffsets,46,22,0.000193626
binComputeOffsets,46,23,0.000180122
binComputeOffsets,46,24,0.000197881
binComputeOffsets,46,25,0.000187098
binComputeOffsets,46,26,0.000199929
binComputeOffsets,46,27,0.000189946
binComputeOffsets,46,28,0.000196153
binComputeOffsets,46,29,0.000179355
binComputeOffsets,46,30,0.000192858
binComputeOffsets,46,31,0.00018889
binComputeOffsets,46,32,0.000196121
binComputeOffsets,46,33,0.00018681
binComputeOffsets,46,34,0.000189914
binComputeOffsets,46,35,0.000183418
binComputeOffsets,46,36,0.000199353
binComputeOffsets,46,37,0.000179546
binComputeOffsets,46,38,0.000183994
binComputeOffsets,46,39,0.000179931
FFTNUFFT1,46,0,0.139347606
FFTNUFFT1,46,1,0.136785288
FFTNUFFT1,46,2,0.131738635
FFTNUFFT1,46,3,0.13376417
FFTNUFFT1,46,4,0.127031618
FFTNUFFT1,46,5,0.133213403
FFTNUFFT1,46,6,0.131328248
FFTNUFFT1,46,7,0.134416756
FFTNUFFT1,46,8,0.133037953
FFTNUFFT1,46,9,0.137414931
deconvolutionNUFFT1,46,0,0.000825093
deconvolutionNUFFT1,46,1,0.000815654
deconvolutionNUFFT1,46,2,0.000829061
deconvolutionNUFFT1,46,3,0.000840325
deconvolutionNUFFT1,46,4,0.000828261
deconvolutionNUFFT1,46,5,0.000811782
deconvolutionNUFFT1,46,6,0.000830021
deconvolutionNUFFT1,46,7,0.00081335
deconvolutionNUFFT1,46,8,0.000819941
deconvolutionNUFFT1,46,9,0.000830693
GatherPIFNUFFT,46,0,0.457853724
GatherPIFNUFFT,46,1,0.458875356
GatherPIFNUFFT,46,2,0.456320142
GatherPIFNUFFT,46,3,0.455135573
GatherPIFNUFFT,46,4,0.465284237
GatherPIFNUFFT,46,5,0.453093878
GatherPIFNUFFT,46,6,0.461078228
GatherPIFNUFFT,46,7,0.456794527
GatherPIFNUFFT,46,8,0.46097276
GatherPIFNUFFT,46,9,0.456703042
NativeNUFFT2,46,0,0.148348243
NativeNUFFT2,46,1,0.154167607
NativeNUFFT2,46,2,0.153727238
NativeNUFFT2,46,3,0.150647337
NativeNUFFT2,46,4,0.152276597
NativeNUFFT2,46,5,0.153457838
NativeNUFFT2,46,6,0.149811812
NativeNUFFT2,46,7,0.152206775
NativeNUFFT2,46,8,0.152185175
NativeNUFFT2,46,9,0.145211993
NativeNUFFT2,46,10,0.152196599
NativeNUFFT2,46,11,0.153352146
NativeNUFFT2,46,12,0.155464654
NativeNUFFT2,46,13,0.154314643
NativeNUFFT2,46,14,0.153986718
NativeNUFFT2,46,15,0.148358739
NativeNUFFT2,46,16,0.149851106
NativeNUFFT2,46,17,0.152663848
NativeNUFFT2,46,18,0.150386705
NativeNUFFT2,46,19,0.153969374
NativeNUFFT2,46,20,0.153555915
NativeNUFFT2,46,21,0.145458832
NativeNUFFT2,46,22,0.151428912
NativeNUFFT2,46,23,0.158410735
NativeNUFFT2,46,24,0.151740006
NativeNUFFT2,46,25,0.157308497
NativeNUFFT2,46,26,0.14987661
NativeNUFFT2,46,27,0.149417042
NativeNUFFT2,46,28,0.151861122
NativeNUFFT2,46,29,0.153869889
PrecorrectionNUFFT2,46,0,0.001581773
PrecorrectionNUFFT2,46,1,0.002545005
PrecorrectionNUFFT2,46,2,0.002549102
PrecorrectionNUFFT2,46,3,0.001581037
PrecorrectionNUFFT2,46,4,0.002519215
PrecorrectionNUFFT2,46,5,0.00253467
PrecorrectionNUFFT2,46,6,0.001582573
PrecorrectionNUFFT2,46,7,0.002532558
PrecorrectionNUFFT2,46,8,0.00254059
PrecorrectionNUFFT2,46,9,0.001617452
PrecorrectionNUFFT2,46,10,0.002532654
PrecorrectionNUFFT2,46,11,0.002536367
PrecorrectionNUFFT2,46,12,0.001586957
PrecorrectionNUFFT2,46,13,0.002509136
PrecorrectionNUFFT2,46,14,0.002527215
PrecorrectionNUFFT2,46,15,0.001578637
PrecorrectionNUFFT2,46,16,0.002540078
PrecorrectionNUFFT2,46,17,0.002506351
PrecorrectionNUFFT2,46,18,0.001568269
PrecorrectionNUFFT2,46,19,0.002520719
PrecorrectionNUFFT2,46,20,0.002544686
PrecorrectionNUFFT2,46,21,0.001573582
PrecorrectionNUFFT2,46,22,0.002551982
PrecorrectionNUFFT2,46,23,0.002524975
PrecorrectionNUFFT2,46,24,0.001577389
PrecorrectionNUFFT2,46,25,0.002524142
PrecorrectionNUFFT2,46,26,0.002525871
PrecorrectionNUFFT2,46,27,0.00157691
PrecorrectionNUFFT2,46,28,0.00252539
PrecorrectionNUFFT2,46,29,0.002519054
FFTNUFFT2,46,0,0.127797481
FFTNUFFT2,46,1,0.132287224
FFTNUFFT2,46,2,0.131601359
FFTNUFFT2,46,3,0.132745962
FFTNUFFT2,46,4,0.130618351
FFTNUFFT2,46,5,0.132014978
FFTNUFFT2,46,6,0.132684076
FFTNUFFT2,46,7,0.13386151
FFTNUFFT2,46,8,0.133415061
FFTNUFFT2,46,9,0.122825963
FFTNUFFT2,46,10,0.12882612
FFTNUFFT2,46,11,0.136069439
FFTNUFFT2,46,12,0.134409749
FFTNUFFT2,46,13,0.137482353
FFTNUFFT2,46,14,0.13175537
FFTNUFFT2,46,15,0.132166397
FFTNUFFT2,46,16,0.127119742
FFTNUFFT2,46,17,0.127369014
FFTNUFFT2,46,18,0.134987809
FFTNUFFT2,46,19,0.130382838
FFTNUFFT2,46,20,0.135447667
FFTNUFFT2,46,21,0.130580815
FFTNUFFT2,46,22,0.133762697
FFTNUFFT2,46,23,0.13570897
FFTNUFFT2,46,24,0.132642701
FFTNUFFT2,46,25,0.137915651
FFTNUFFT2,46,26,0.134096383
FFTNUFFT2,46,27,0.13480868
FFTNUFFT2,46,28,0.136217018
FFTNUFFT2,46,29,0.136928067
GatherNUFFT2,46,0,0.012990142
GatherNUFFT2,46,1,0.013310836
GatherNUFFT2,46,2,0.013535788
GatherNUFFT2,46,3,0.010317331
GatherNUFFT2,46,4,0.013131897
GatherNUFFT2,46,5,0.012861665
GatherNUFFT2,46,6,0.009534893
GatherNUFFT2,46,7,0.009795012
GatherNUFFT2,46,8,0.010201431
GatherNUFFT2,46,9,0.014771875
GatherNUFFT2,46,10,0.014811395
GatherNUFFT2,46,11,0.008711304
GatherNUFFT2,46,12,0.013418255
GatherNUFFT2,46,13,0.008275958
GatherNUFFT2,46,14,0.013678663
GatherNUFFT2,46,15,0.008577356
GatherNUFFT2,46,16,0.014158136
GatherNUFFT2,46,17,0.016765924
GatherNUFFT2,46,18,0.007802437
GatherNUFFT2,46,19,0.01503766
GatherNUFFT2,46,20,0.009531117
GatherNUFFT2,46,21,0.007275574
GatherNUFFT2,46,22,0.009062716
GatherNUFFT2,46,23,0.014128601
GatherNUFFT2,46,24,0.011504302
GatherNUFFT2,46,25,0.010843843
GatherNUFFT2,46,26,0.007215127
GatherNUFFT2,46,27,0.00701011
GatherNUFFT2,46,28,0.007075997
GatherNUFFT2,46,29,0.008409809
mainTimer,47,0,7.524185934
dumpData,47,0,0.010428624
dumpData,47,1,0.007927297
dumpData,47,2,0.007116859
dumpData,47,3,0.008774277
dumpData,47,4,0.008502093
dumpData,47,5,0.007904385
dumpData,47,6,0.007224312
dumpData,47,7,0.008930592
dumpData,47,8,0.007394354
dumpData,47,9,0.007623435
kick,47,0,3.6671e-05
kick,47,1,1.0752e-05
kick,47,2,3.0559e-05
kick,47,3,1.2224e-05
kick,47,4,3.2799e-05
kick,47,5,1.5135e-05
kick,47,6,3.5679e-05
kick,47,7,1.1487e-05
kick,47,8,2.9791e-05
kick,47,9,1.3856e-05
kick,47,10,2.7551e-05
kick,47,11,1.0495e-05
kick,47,12,3.0335e-05
kick,47,13,1.0111e-05
kick,47,14,3.7055e-05
kick,47,15,1.5391e-05
kick,47,16,3.3246e-05
kick,47,17,9.76e-06
kick,47,18,3.5231e-05
kick,47,19,1.3216e-05
drift,47,0,6.528e-06
drift,47,1,5.664e-06
drift,47,2,7.104e-06
drift,47,3,5.663e-06
drift,47,4,6.591e-06
drift,47,5,7.648e-06
drift,47,6,5.056e-06
drift,47,7,6.464e-06
drift,47,8,6.272e-06
drift,47,9,5.599e-06
particleBC,47,0,1.0943e-05
particleBC,47,1,1.0751e-05
particleBC,47,2,1.0176e-05
particleBC,47,3,1.0496e-05
particleBC,47,4,1.088e-05
particleBC,47,5,9.76e-06
particleBC,47,6,1.1808e-05
particleBC,47,7,1.0368e-05
particleBC,47,8,1.3536e-05
particleBC,47,9,9.216e-06
updateParticle,47,0,0.063686012
updateParticle,47,1,0.156628841
updateParticle,47,2,0.009880769
updateParticle,47,3,0.064398341
updateParticle,47,4,0.009830435
updateParticle,47,5,0.064521376
updateParticle,47,6,0.009808804
updateParticle,47,7,0.009828195
updateParticle,47,8,0.064612222
updateParticle,47,9,0.009784197
locateParticles,47,0,0.003906595
locateParticles,47,1,0.003902307
locateParticles,47,2,0.003902306
locateParticles,47,3,0.00390061
locateParticles,47,4,0.00389565
locateParticles,47,5,0.003913569
locateParticles,47,6,0.00392253
locateParticles,47,7,0.003919458
locateParticles,47,8,0.003900962
locateParticles,47,9,0.003914562
sendPreprocess,47,0,0.000440658
sendPreprocess,47,1,0.000486608
sendPreprocess,47,2,0.000490736
sendPreprocess,47,3,0.000504656
sendPreprocess,47,4,0.000511152
sendPreprocess,47,5,0.000477521
sendPreprocess,47,6,0.000463377
sendPreprocess,47,7,0.000472465
sendPreprocess,47,8,0.000536911
sendPreprocess,47,9,0.000461201
particleSend,47,0,0.001099421
particleSend,47,1,0.00105651
particleSend,47,2,0.001078717
particleSend,47,3,0.001056574
particleSend,47,4,0.001060574
particleSend,47,5,0.001194809
particleSend,47,6,0.001109244
particleSend,47,7,0.001123004
particleSend,47,8,0.001087101
particleSend,47,9,0.001080925
particleRecv,47,0,4.4542e-05
particleRecv,47,1,4.3198e-05
particleRecv,47,2,4.8927e-05
particleRecv,47,3,4.7903e-05
particleRecv,47,4,4.595e-05
particleRecv,47,5,4.4479e-05
particleRecv,47,6,4.9311e-05
particleRecv,47,7,4.5983e-05
particleRecv,47,8,4.4606e-05
particleRecv,47,9,4.5151e-05
particleDestroy,47,0,0.003179642
particleDestroy,47,1,0.003204857
particleDestroy,47,2,0.003201656
particleDestroy,47,3,0.003207256
particleDestroy,47,4,0.003211097
particleDestroy,47,5,0.003187193
particleDestroy,47,6,0.003204153
particleDestroy,47,7,0.003217656
particleDestroy,47,8,0.003219769
particleDestroy,47,9,0.003235544
ScatterPIFNUFFT,47,0,0.306239987
ScatterPIFNUFFT,47,1,3.7694e-05
ScatterPIFNUFFT,47,2,0.162550024
ScatterPIFNUFFT,47,3,2.9215e-05
ScatterPIFNUFFT,47,4,0.267764203
ScatterPIFNUFFT,47,5,1.7535e-05
ScatterPIFNUFFT,47,6,0.21124996
ScatterPIFNUFFT,47,7,1.7279e-05
ScatterPIFNUFFT,47,8,0.25749407
ScatterPIFNUFFT,47,9,1.6639e-05
ScatterPIFNUFFT,47,10,0.266434199
ScatterPIFNUFFT,47,11,3.5519e-05
ScatterPIFNUFFT,47,12,0.211462817
ScatterPIFNUFFT,47,13,2.8863e-05
ScatterPIFNUFFT,47,14,0.271917221
ScatterPIFNUFFT,47,15,1.8016e-05
ScatterPIFNUFFT,47,16,0.158651879
ScatterPIFNUFFT,47,17,2.6847e-05
ScatterPIFNUFFT,47,18,0.218639801
ScatterPIFNUFFT,47,19,1.8016e-05
NativeNUFFT1,47,0,0.301805506
NativeNUFFT1,47,1,0.158061081
NativeNUFFT1,47,2,0.263226462
NativeNUFFT1,47,3,0.206814551
NativeNUFFT1,47,4,0.253158465
NativeNUFFT1,47,5,0.262030628
NativeNUFFT1,47,6,0.206894324
NativeNUFFT1,47,7,0.26748274
NativeNUFFT1,47,8,0.154403472
NativeNUFFT1,47,9,0.215168778
scatterTimerNUFFT1,47,0,0.165091063
scatterTimerNUFFT1,47,1,0.020931901
scatterTimerNUFFT1,47,2,0.13163611
scatterTimerNUFFT1,47,3,0.073369155
scatterTimerNUFFT1,47,4,0.1268522
scatterTimerNUFFT1,47,5,0.127438901
scatterTimerNUFFT1,47,6,0.073672985
scatterTimerNUFFT1,47,7,0.135310807
scatterTimerNUFFT1,47,8,0.021578888
scatterTimerNUFFT1,47,9,0.077836116
binSort,47,0,0.004306518
binSort,47,1,0.004177721
binSort,47,2,0.004276342
binSort,47,3,0.004223672
binSort,47,4,0.004268214
binSort,47,5,0.004206392
binSort,47,6,0.004284182
binSort,47,7,0.004187801
binSort,47,8,0.004295253
binSort,47,9,0.004262903
binSort,47,10,0.004219672
binSort,47,11,0.004250519
binSort,47,12,0.004276342
binSort,47,13,0.004268759
binSort,47,14,0.004208696
binSort,47,15,0.004223895
binSort,47,16,0.004270935
binSort,47,17,0.004287765
binSort,47,18,0.004273686
binSort,47,19,0.004285526
binSort,47,20,0.004257367
binSort,47,21,0.004248536
binSort,47,22,0.00425372
binSort,47,23,0.004223
binSort,47,24,0.004254135
binSort,47,25,0.004227032
binSort,47,26,0.004212984
binSort,47,27,0.004284726
binSort,47,28,0.004263414
binSort,47,29,0.004197049
binSort,47,30,0.004203896
binSort,47,31,0.004243992
binSort,47,32,0.004327893
binSort,47,33,0.004249687
binSort,47,34,0.00428543
binSort,47,35,0.004256695
binSort,47,36,0.004283958
binSort,47,37,0.004291158
binSort,47,38,0.004217208
binSort,47,39,0.004281174
binComputeKeys,47,0,0.000412467
binComputeKeys,47,1,0.000391795
binComputeKeys,47,2,0.000416402
binComputeKeys,47,3,0.000395795
binComputeKeys,47,4,0.000404499
binComputeKeys,47,5,0.000402931
binComputeKeys,47,6,0.000396979
binComputeKeys,47,7,0.000392659
binComputeKeys,47,8,0.000407347
binComputeKeys,47,9,0.000402099
binComputeKeys,47,10,0.000409459
binComputeKeys,47,11,0.000413171
binComputeKeys,47,12,0.000401075
binComputeKeys,47,13,0.000404531
binComputeKeys,47,14,0.000398547
binComputeKeys,47,15,0.000392979
binComputeKeys,47,16,0.000395699
binComputeKeys,47,17,0.000410451
binComputeKeys,47,18,0.000394803
binComputeKeys,47,19,0.000416659
binComputeKeys,47,20,0.000403795
binComputeKeys,47,21,0.000398004
binComputeKeys,47,22,0.000397364
binComputeKeys,47,23,0.000400787
binComputeKeys,47,24,0.000412243
binComputeKeys,47,25,0.000391476
binComputeKeys,47,26,0.000406067
binComputeKeys,47,27,0.000402707
binComputeKeys,47,28,0.000399635
binComputeKeys,47,29,0.000391795
binComputeKeys,47,30,0.000392948
binComputeKeys,47,31,0.000401683
binComputeKeys,47,32,0.000415251
binComputeKeys,47,33,0.000419891
binComputeKeys,47,34,0.000401139
binComputeKeys,47,35,0.00039234
binComputeKeys,47,36,0.000395027
binComputeKeys,47,37,0.000396019
binComputeKeys,47,38,0.000389235
binComputeKeys,47,39,0.000395412
binSortByKey,47,0,0.003688937
binSortByKey,47,1,0.003597164
binSortByKey,47,2,0.003661323
binSortByKey,47,3,0.003628844
binSortByKey,47,4,0.003660618
binSortByKey,47,5,0.003613579
binSortByKey,47,6,0.003678345
binSortByKey,47,7,0.003603724
binSortByKey,47,8,0.003673802
binSortByKey,47,9,0.003656298
binSortByKey,47,10,0.003616715
binSortByKey,47,11,0.003642346
binSortByKey,47,12,0.003673833
binSortByKey,47,13,0.003665258
binSortByKey,47,14,0.003615148
binSortByKey,47,15,0.003630635
binSortByKey,47,16,0.003672714
binSortByKey,47,17,0.003673609
binSortByKey,47,18,0.003677354
binSortByKey,47,19,0.003663338
binSortByKey,47,20,0.003652395
binSortByKey,47,21,0.003646794
binSortByKey,47,22,0.00365217
binSortByKey,47,23,0.00361982
binSortByKey,47,24,0.003640554
binSortByKey,47,25,0.003633707
binSortByKey,47,26,0.003613227
binSortByKey,47,27,0.003669738
binSortByKey,47,28,0.003661577
binSortByKey,47,29,0.003612364
binSortByKey,47,30,0.003614924
binSortByKey,47,31,0.003642699
binSortByKey,47,32,0.00370548
binSortByKey,47,33,0.003636939
binSortByKey,47,34,0.003678666
binSortByKey,47,35,0.00364849
binSortByKey,47,36,0.003683561
binSortByKey,47,37,0.003685001
binSortByKey,47,38,0.003629515
binSortByKey,47,39,0.003679242
binComputeOffsets,47,0,0.000199642
binComputeOffsets,47,1,0.000187258
binComputeOffsets,47,2,0.000196793
binComputeOffsets,47,3,0.000196377
binComputeOffsets,47,4,0.000198393
binComputeOffsets,47,5,0.00018809
binComputeOffsets,47,6,0.000205818
binComputeOffsets,47,7,0.00018937
binComputeOffsets,47,8,0.000211001
binComputeOffsets,47,9,0.000202682
binComputeOffsets,47,10,0.000190746
binComputeOffsets,47,11,0.000193114
binComputeOffsets,47,12,0.00019849
binComputeOffsets,47,13,0.000197466
binComputeOffsets,47,14,0.000192377
binComputeOffsets,47,15,0.000197913
binComputeOffsets,47,16,0.000197882
binComputeOffsets,47,17,0.000200505
binComputeOffsets,47,18,0.000199417
binComputeOffsets,47,19,0.000201721
binComputeOffsets,47,20,0.000198297
binComputeOffsets,47,21,0.000200666
binComputeOffsets,47,22,0.000202074
binComputeOffsets,47,23,0.000198489
binComputeOffsets,47,24,0.000197882
binComputeOffsets,47,25,0.000199609
binComputeOffsets,47,26,0.000191578
binComputeOffsets,47,27,0.000209785
binComputeOffsets,47,28,0.000197402
binComputeOffsets,47,29,0.000191194
binComputeOffsets,47,30,0.000193241
binComputeOffsets,47,31,0.000196346
binComputeOffsets,47,32,0.000200154
binComputeOffsets,47,33,0.000190361
binComputeOffsets,47,34,0.000202426
binComputeOffsets,47,35,0.000212505
binComputeOffsets,47,36,0.000201402
binComputeOffsets,47,37,0.000208186
binComputeOffsets,47,38,0.000195962
binComputeOffsets,47,39,0.000203065
FFTNUFFT1,47,0,0.135894789
FFTNUFFT1,47,1,0.136476145
FFTNUFFT1,47,2,0.130764746
FFTNUFFT1,47,3,0.132605039
FFTNUFFT1,47,4,0.125477844
FFTNUFFT1,47,5,0.133765161
FFTNUFFT1,47,6,0.132376086
FFTNUFFT1,47,7,0.131351319
FFTNUFFT1,47,8,0.131997218
FFTNUFFT1,47,9,0.136515024
deconvolutionNUFFT1,47,0,0.00081735
deconvolutionNUFFT1,47,1,0.000650187
deconvolutionNUFFT1,47,2,0.00082247
deconvolutionNUFFT1,47,3,0.000837029
deconvolutionNUFFT1,47,4,0.000822182
deconvolutionNUFFT1,47,5,0.00082343
deconvolutionNUFFT1,47,6,0.000840901
deconvolutionNUFFT1,47,7,0.000816678
deconvolutionNUFFT1,47,8,0.000821798
deconvolutionNUFFT1,47,9,0.000813894
GatherPIFNUFFT,47,0,0.462373227
GatherPIFNUFFT,47,1,0.460072086
GatherPIFNUFFT,47,2,0.458798814
GatherPIFNUFFT,47,3,0.457537639
GatherPIFNUFFT,47,4,0.467618499
GatherPIFNUFFT,47,5,0.451795039
GatherPIFNUFFT,47,6,0.459222032
GatherPIFNUFFT,47,7,0.459027735
GatherPIFNUFFT,47,8,0.463419913
GatherPIFNUFFT,47,9,0.459128852
NativeNUFFT2,47,0,0.151347763
NativeNUFFT2,47,1,0.154143832
NativeNUFFT2,47,2,0.153298803
NativeNUFFT2,47,3,0.151224758
NativeNUFFT2,47,4,0.152234422
NativeNUFFT2,47,5,0.153638601
NativeNUFFT2,47,6,0.152893088
NativeNUFFT2,47,7,0.152222902
NativeNUFFT2,47,8,0.152096539
NativeNUFFT2,47,9,0.149576012
NativeNUFFT2,47,10,0.151609194
NativeNUFFT2,47,11,0.153157177
NativeNUFFT2,47,12,0.158043035
NativeNUFFT2,47,13,0.153650441
NativeNUFFT2,47,14,0.153776421
NativeNUFFT2,47,15,0.146683401
NativeNUFFT2,47,16,0.147651177
NativeNUFFT2,47,17,0.155051035
NativeNUFFT2,47,18,0.148374418
NativeNUFFT2,47,19,0.15371735
NativeNUFFT2,47,20,0.153744613
NativeNUFFT2,47,21,0.148384338
NativeNUFFT2,47,22,0.152029437
NativeNUFFT2,47,23,0.157080314
NativeNUFFT2,47,24,0.154056283
NativeNUFFT2,47,25,0.157230612
NativeNUFFT2,47,26,0.150010078
NativeNUFFT2,47,27,0.150396754
NativeNUFFT2,47,28,0.152685543
NativeNUFFT2,47,29,0.153917055
PrecorrectionNUFFT2,47,0,0.001602349
PrecorrectionNUFFT2,47,1,0.002607116
PrecorrectionNUFFT2,47,2,0.002608684
PrecorrectionNUFFT2,47,3,0.001603628
PrecorrectionNUFFT2,47,4,0.002621804
PrecorrectionNUFFT2,47,5,0.002614988
PrecorrectionNUFFT2,47,6,0.001618732
PrecorrectionNUFFT2,47,7,0.002614956
PrecorrectionNUFFT2,47,8,0.002588397
PrecorrectionNUFFT2,47,9,0.001605708
PrecorrectionNUFFT2,47,10,0.002602124
PrecorrectionNUFFT2,47,11,0.002598445
PrecorrectionNUFFT2,47,12,0.001622988
PrecorrectionNUFFT2,47,13,0.002584781
PrecorrectionNUFFT2,47,14,0.002596525
PrecorrectionNUFFT2,47,15,0.001614956
PrecorrectionNUFFT2,47,16,0.002604971
PrecorrectionNUFFT2,47,17,0.002625643
PrecorrectionNUFFT2,47,18,0.001622443
PrecorrectionNUFFT2,47,19,0.002588941
PrecorrectionNUFFT2,47,20,0.002601292
PrecorrectionNUFFT2,47,21,0.001610093
PrecorrectionNUFFT2,47,22,0.002602028
PrecorrectionNUFFT2,47,23,0.002587629
PrecorrectionNUFFT2,47,24,0.001617964
PrecorrectionNUFFT2,47,25,0.002623083
PrecorrectionNUFFT2,47,26,0.002592749
PrecorrectionNUFFT2,47,27,0.001621004
PrecorrectionNUFFT2,47,28,0.002588812
PrecorrectionNUFFT2,47,29,0.002624139
FFTNUFFT2,47,0,0.135298199
FFTNUFFT2,47,1,0.131833799
FFTNUFFT2,47,2,0.134639117
FFTNUFFT2,47,3,0.134966595
FFTNUFFT2,47,4,0.131567857
FFTNUFFT2,47,5,0.124821034
FFTNUFFT2,47,6,0.132864135
FFTNUFFT2,47,7,0.13590234
FFTNUFFT2,47,8,0.133514833
FFTNUFFT2,47,9,0.12672542
FFTNUFFT2,47,10,0.128867943
FFTNUFFT2,47,11,0.128848391
FFTNUFFT2,47,12,0.137747849
FFTNUFFT2,47,13,0.132180092
FFTNUFFT2,47,14,0.131988578
FFTNUFFT2,47,15,0.123980996
FFTNUFFT2,47,16,0.127274906
FFTNUFFT2,47,17,0.134594126
FFTNUFFT2,47,18,0.12758424
FFTNUFFT2,47,19,0.136474226
FFTNUFFT2,47,20,0.133885957
FFTNUFFT2,47,21,0.125155327
FFTNUFFT2,47,22,0.12920262
FFTNUFFT2,47,23,0.13701632
FFTNUFFT2,47,24,0.135081278
FFTNUFFT2,47,25,0.136542927
FFTNUFFT2,47,26,0.129187101
FFTNUFFT2,47,27,0.132801257
FFTNUFFT2,47,28,0.126965284
FFTNUFFT2,47,29,0.131152989
GatherNUFFT2,47,0,0.008137242
GatherNUFFT2,47,1,0.013408913
GatherNUFFT2,47,2,0.009746854
GatherNUFFT2,47,3,0.008385169
GatherNUFFT2,47,4,0.011746053
GatherNUFFT2,47,5,0.020050906
GatherNUFFT2,47,6,0.012103002
GatherNUFFT2,47,7,0.007413553
GatherNUFFT2,47,8,0.009709415
GatherNUFFT2,47,9,0.014947646
GatherNUFFT2,47,10,0.01383981
GatherNUFFT2,47,11,0.01539368
GatherNUFFT2,47,12,0.012373361
GatherNUFFT2,47,13,0.012556619
GatherNUFFT2,47,14,0.012863969
GatherNUFFT2,47,15,0.014761285
GatherNUFFT2,47,16,0.011461103
GatherNUFFT2,47,17,0.011496078
GatherNUFFT2,47,18,0.012857442
GatherNUFFT2,47,19,0.008347731
GatherNUFFT2,47,20,0.010935456
GatherNUFFT2,47,21,0.015297331
GatherNUFFT2,47,22,0.014088249
GatherNUFFT2,47,23,0.011152409
GatherNUFFT2,47,24,0.011091515
GatherNUFFT2,47,25,0.011750789
GatherNUFFT2,47,26,0.011905856
GatherNUFFT2,47,27,0.009630762
GatherNUFFT2,47,28,0.01678762
GatherNUFFT2,47,29,0.013831042
mainTimer,48,0,7.524180222
dumpData,48,0,0.010306523
dumpData,48,1,0.008126239
dumpData,48,2,0.007898502
dumpData,48,3,0.009931398
dumpData,48,4,0.008810218
dumpData,48,5,0.008302682
dumpData,48,6,0.007926405
dumpData,48,7,0.008404183
dumpData,48,8,0.008659374
dumpData,48,9,0.008052674
kick,48,0,4.0095e-05
kick,48,1,1.6255e-05
kick,48,2,5.3598e-05
kick,48,3,1.168e-05
kick,48,4,5.4559e-05
kick,48,5,9.856e-06
kick,48,6,4.4222e-05
kick,48,7,1.5072e-05
kick,48,8,4.9407e-05
kick,48,9,9.023e-06
kick,48,10,3.8879e-05
kick,48,11,9.28e-06
kick,48,12,4.0319e-05
kick,48,13,2.2015e-05
kick,48,14,4.483e-05
kick,48,15,1.536e-05
kick,48,16,3.9871e-05
kick,48,17,1.0208e-05
kick,48,18,4.4286e-05
kick,48,19,1.6735e-05
drift,48,0,7.296e-06
drift,48,1,6.496e-06
drift,48,2,8.735e-06
drift,48,3,6.752e-06
drift,48,4,6.88e-06
drift,48,5,8.608e-06
drift,48,6,6.432e-06
drift,48,7,6.208e-06
drift,48,8,6.592e-06
drift,48,9,8.064e-06
particleBC,48,0,1.1359e-05
particleBC,48,1,9.184e-06
particleBC,48,2,1.232e-05
particleBC,48,3,1.1648e-05
particleBC,48,4,1.1551e-05
particleBC,48,5,9.919e-06
particleBC,48,6,1.0207e-05
particleBC,48,7,1.1008e-05
particleBC,48,8,1.2992e-05
particleBC,48,9,1.0688e-05
updateParticle,48,0,0.065158967
updateParticle,48,1,0.158349208
updateParticle,48,2,0.009518003
updateParticle,48,3,0.063701668
updateParticle,48,4,0.063856128
updateParticle,48,5,0.009700558
updateParticle,48,6,0.045223436
updateParticle,48,7,0.009628944
updateParticle,48,8,0.009623152
updateParticle,48,9,0.009518803
locateParticles,48,0,0.003682924
locateParticles,48,1,0.003690827
locateParticles,48,2,0.003679627
locateParticles,48,3,0.003690891
locateParticles,48,4,0.003678924
locateParticles,48,5,0.003680524
locateParticles,48,6,0.003688812
locateParticles,48,7,0.003685643
locateParticles,48,8,0.003684204
locateParticles,48,9,0.003669996
sendPreprocess,48,0,0.000647052
sendPreprocess,48,1,0.000662571
sendPreprocess,48,2,0.000676523
sendPreprocess,48,3,0.000646604
sendPreprocess,48,4,0.000700618
sendPreprocess,48,5,0.000685066
sendPreprocess,48,6,0.000679146
sendPreprocess,48,7,0.00068993
sendPreprocess,48,8,0.000739561
sendPreprocess,48,9,0.00068017
particleSend,48,0,0.001110588
particleSend,48,1,0.001167131
particleSend,48,2,0.001163771
particleSend,48,3,0.001106397
particleSend,48,4,0.001108349
particleSend,48,5,0.001108061
particleSend,48,6,0.001064255
particleSend,48,7,0.00108291
particleSend,48,8,0.001072286
particleSend,48,9,0.001140284
particleRecv,48,0,3.4463e-05
particleRecv,48,1,3.6607e-05
particleRecv,48,2,3.7599e-05
particleRecv,48,3,3.3631e-05
particleRecv,48,4,3.4815e-05
particleRecv,48,5,3.7183e-05
particleRecv,48,6,4.1951e-05
particleRecv,48,7,3.6991e-05
particleRecv,48,8,4.0575e-05
particleRecv,48,9,3.4591e-05
particleDestroy,48,0,0.00279236
particleDestroy,48,1,0.002788424
particleDestroy,48,2,0.002784456
particleDestroy,48,3,0.002803175
particleDestroy,48,4,0.002810119
particleDestroy,48,5,0.002800776
particleDestroy,48,6,0.00280516
particleDestroy,48,7,0.002811559
particleDestroy,48,8,0.002802951
particleDestroy,48,9,0.002793576
ScatterPIFNUFFT,48,0,0.302453329
ScatterPIFNUFFT,48,1,3.0175e-05
ScatterPIFNUFFT,48,2,0.151463216
ScatterPIFNUFFT,48,3,2.0352e-05
ScatterPIFNUFFT,48,4,0.272784506
ScatterPIFNUFFT,48,5,2.5375e-05
ScatterPIFNUFFT,48,6,0.207656835
ScatterPIFNUFFT,48,7,1.9391e-05
ScatterPIFNUFFT,48,8,0.207046389
ScatterPIFNUFFT,48,9,2.0255e-05
ScatterPIFNUFFT,48,10,0.319433977
ScatterPIFNUFFT,48,11,2.0095e-05
ScatterPIFNUFFT,48,12,0.176985004
ScatterPIFNUFFT,48,13,2.6687e-05
ScatterPIFNUFFT,48,14,0.272409285
ScatterPIFNUFFT,48,15,1.4591e-05
ScatterPIFNUFFT,48,16,0.221046619
ScatterPIFNUFFT,48,17,2.0831e-05
ScatterPIFNUFFT,48,18,0.217759204
ScatterPIFNUFFT,48,19,1.8495e-05
NativeNUFFT1,48,0,0.298086587
NativeNUFFT1,48,1,0.147004637
NativeNUFFT1,48,2,0.26941642
NativeNUFFT1,48,3,0.203252205
NativeNUFFT1,48,4,0.202609026
NativeNUFFT1,48,5,0.314884201
NativeNUFFT1,48,6,0.172464698
NativeNUFFT1,48,7,0.267963666
NativeNUFFT1,48,8,0.216459628
NativeNUFFT1,48,9,0.213282418
scatterTimerNUFFT1,48,0,0.164486869
scatterTimerNUFFT1,48,1,0.020063782
scatterTimerNUFFT1,48,2,0.131557061
scatterTimerNUFFT1,48,3,0.074598059
scatterTimerNUFFT1,48,4,0.073725095
scatterTimerNUFFT1,48,5,0.183459679
scatterTimerNUFFT1,48,6,0.039215914
scatterTimerNUFFT1,48,7,0.136388269
scatterTimerNUFFT1,48,8,0.075793062
scatterTimerNUFFT1,48,9,0.077584078
binSort,48,0,0.004079743
binSort,48,1,0.004073855
binSort,48,2,0.003993378
binSort,48,3,0.003955555
binSort,48,4,0.004056768
binSort,48,5,0.003994338
binSort,48,6,0.003963587
binSort,48,7,0.00399517
binSort,48,8,0.004035584
binSort,48,9,0.004040417
binSort,48,10,0.003975491
binSort,48,11,0.004079296
binSort,48,12,0.004068128
binSort,48,13,0.003985922
binSort,48,14,0.004028097
binSort,48,15,0.004059168
binSort,48,16,0.004067648
binSort,48,17,0.003964067
binSort,48,18,0.003971586
binSort,48,19,0.003996802
binSort,48,20,0.004020065
binSort,48,21,0.004022593
binSort,48,22,0.004079487
binSort,48,23,0.003978243
binSort,48,24,0.004048544
binSort,48,25,0.00397901
binSort,48,26,0.003966147
binSort,48,27,0.004022465
binSort,48,28,0.004072128
binSort,48,29,0.004022817
binSort,48,30,0.003969315
binSort,48,31,0.003997154
binSort,48,32,0.004022561
binSort,48,33,0.004014146
binSort,48,34,0.003990722
binSort,48,35,0.003967106
binSort,48,36,0.004039776
binSort,48,37,0.004061951
binSort,48,38,0.004028961
binSort,48,39,0.003998434
binComputeKeys,48,0,0.000388243
binComputeKeys,48,1,0.000372948
binComputeKeys,48,2,0.000377492
binComputeKeys,48,3,0.000371508
binComputeKeys,48,4,0.00038802
binComputeKeys,48,5,0.000382708
binComputeKeys,48,6,0.000378516
binComputeKeys,48,7,0.000374292
binComputeKeys,48,8,0.000370164
binComputeKeys,48,9,0.000375636
binComputeKeys,48,10,0.000387348
binComputeKeys,48,11,0.000386036
binComputeKeys,48,12,0.000388596
binComputeKeys,48,13,0.00038162
binComputeKeys,48,14,0.000377813
binComputeKeys,48,15,0.000377269
binComputeKeys,48,16,0.000393236
binComputeKeys,48,17,0.000370772
binComputeKeys,48,18,0.000382164
binComputeKeys,48,19,0.000377972
binComputeKeys,48,20,0.000388756
binComputeKeys,48,21,0.0003765
binComputeKeys,48,22,0.000402323
binComputeKeys,48,23,0.000375093
binComputeKeys,48,24,0.000378708
binComputeKeys,48,25,0.000378708
binComputeKeys,48,26,0.000374837
binComputeKeys,48,27,0.000379476
binComputeKeys,48,28,0.000385076
binComputeKeys,48,29,0.000374772
binComputeKeys,48,30,0.000380724
binComputeKeys,48,31,0.00039426
binComputeKeys,48,32,0.000391572
binComputeKeys,48,33,0.00037666
binComputeKeys,48,34,0.000381236
binComputeKeys,48,35,0.000374228
binComputeKeys,48,36,0.000376308
binComputeKeys,48,37,0.000377108
binComputeKeys,48,38,0.000375124
binComputeKeys,48,39,0.000387348
binSortByKey,48,0,0.003498738
binSortByKey,48,1,0.003497266
binSortByKey,48,2,0.003428948
binSortByKey,48,3,0.003402037
binSortByKey,48,4,0.003471346
binSortByKey,48,5,0.003421268
binSortByKey,48,6,0.003399765
binSortByKey,48,7,0.003431796
binSortByKey,48,8,0.003465586
binSortByKey,48,9,0.003461331
binSortByKey,48,10,0.003402197
binSortByKey,48,11,0.003495442
binSortByKey,48,12,0.003483698
binSortByKey,48,13,0.003414548
binSortByKey,48,14,0.003464178
binSortByKey,48,15,0.003474354
binSortByKey,48,16,0.003480786
binSortByKey,48,17,0.003408053
binSortByKey,48,18,0.0034005
binSortByKey,48,19,0.0034301
binSortByKey,48,20,0.003438611
binSortByKey,48,21,0.003457971
binSortByKey,48,22,0.00347973
binSortByKey,48,23,0.003419957
binSortByKey,48,24,0.003476722
binSortByKey,48,25,0.003416052
binSortByKey,48,26,0.003407732
binSortByKey,48,27,0.003452531
binSortByKey,48,28,0.003492114
binSortByKey,48,29,0.003446451
binSortByKey,48,30,0.003405781
binSortByKey,48,31,0.003417012
binSortByKey,48,32,0.003437683
binSortByKey,48,33,0.003444404
binSortByKey,48,34,0.003422708
binSortByKey,48,35,0.0034101
binSortByKey,48,36,0.003470483
binSortByKey,48,37,0.003477842
binSortByKey,48,38,0.003449715
binSortByKey,48,39,0.003423476
binComputeOffsets,48,0,0.000190426
binComputeOffsets,48,1,0.000201337
binComputeOffsets,48,2,0.000186138
binComputeOffsets,48,3,0.000180506
binComputeOffsets,48,4,0.000195194
binComputeOffsets,48,5,0.000189658
binComputeOffsets,48,6,0.00018377
binComputeOffsets,48,7,0.000187834
binComputeOffsets,48,8,0.000198298
binComputeOffsets,48,9,0.00020217
binComputeOffsets,48,10,0.000184634
binComputeOffsets,48,11,0.000195898
binComputeOffsets,48,12,0.000194106
binComputeOffsets,48,13,0.000188762
binComputeOffsets,48,14,0.000185114
binComputeOffsets,48,15,0.00020489
binComputeOffsets,48,16,0.00019001
binComputeOffsets,48,17,0.00018361
binComputeOffsets,48,18,0.000187354
binComputeOffsets,48,19,0.000187034
binComputeOffsets,48,20,0.000191642
binComputeOffsets,48,21,0.000187194
binComputeOffsets,48,22,0.000196026
binComputeOffsets,48,23,0.000181914
binComputeOffsets,48,24,0.000191994
binComputeOffsets,48,25,0.00018281
binComputeOffsets,48,26,0.000182362
binComputeOffsets,48,27,0.000189242
binComputeOffsets,48,28,0.000193082
binComputeOffsets,48,29,0.000200122
binComputeOffsets,48,30,0.000181466
binComputeOffsets,48,31,0.000184026
binComputeOffsets,48,32,0.000189882
binComputeOffsets,48,33,0.000190714
binComputeOffsets,48,34,0.000185722
binComputeOffsets,48,35,0.00018137
binComputeOffsets,48,36,0.000191865
binComputeOffsets,48,37,0.000205337
binComputeOffsets,48,38,0.00020313
binComputeOffsets,48,39,0.000186458
FFTNUFFT1,48,0,0.13278368
FFTNUFFT1,48,1,0.126107025
FFTNUFFT1,48,2,0.137210164
FFTNUFFT1,48,3,0.127837564
FFTNUFFT1,48,4,0.128064308
FFTNUFFT1,48,5,0.130620611
FFTNUFFT1,48,6,0.132426442
FFTNUFFT1,48,7,0.130766302
FFTNUFFT1,48,8,0.14001737
FFTNUFFT1,48,9,0.13486579
deconvolutionNUFFT1,48,0,0.00081319
deconvolutionNUFFT1,48,1,0.000829638
deconvolutionNUFFT1,48,2,0.000645611
deconvolutionNUFFT1,48,3,0.00081255
deconvolutionNUFFT1,48,4,0.000816199
deconvolutionNUFFT1,48,5,0.000800775
deconvolutionNUFFT1,48,6,0.000819206
deconvolutionNUFFT1,48,7,0.000805287
deconvolutionNUFFT1,48,8,0.000646124
deconvolutionNUFFT1,48,9,0.000827046
GatherPIFNUFFT,48,0,0.465004707
GatherPIFNUFFT,48,1,0.469165377
GatherPIFNUFFT,48,2,0.455090077
GatherPIFNUFFT,48,3,0.459481651
GatherPIFNUFFT,48,4,0.464963078
GatherPIFNUFFT,48,5,0.454857413
GatherPIFNUFFT,48,6,0.458076862
GatherPIFNUFFT,48,7,0.45934463
GatherPIFNUFFT,48,8,0.453242039
GatherPIFNUFFT,48,9,0.459727018
NativeNUFFT2,48,0,0.15692858
NativeNUFFT2,48,1,0.153157691
NativeNUFFT2,48,2,0.153359157
NativeNUFFT2,48,3,0.162573939
NativeNUFFT2,48,4,0.152387988
NativeNUFFT2,48,5,0.152544432
NativeNUFFT2,48,6,0.148305972
NativeNUFFT2,48,7,0.152507825
NativeNUFFT2,48,8,0.15210659
NativeNUFFT2,48,9,0.154931714
NativeNUFFT2,48,10,0.149236216
NativeNUFFT2,48,11,0.153670252
NativeNUFFT2,48,12,0.154840806
NativeNUFFT2,48,13,0.154751016
NativeNUFFT2,48,14,0.153828006
NativeNUFFT2,48,15,0.149578764
NativeNUFFT2,48,16,0.149195481
NativeNUFFT2,48,17,0.154373814
NativeNUFFT2,48,18,0.149603244
NativeNUFFT2,48,19,0.153610894
NativeNUFFT2,48,20,0.153178426
NativeNUFFT2,48,21,0.14885242
NativeNUFFT2,48,22,0.150469457
NativeNUFFT2,48,23,0.158507218
NativeNUFFT2,48,24,0.145727814
NativeNUFFT2,48,25,0.155522192
NativeNUFFT2,48,26,0.150315638
NativeNUFFT2,48,27,0.151876387
NativeNUFFT2,48,28,0.151877028
NativeNUFFT2,48,29,0.154343318
PrecorrectionNUFFT2,48,0,0.001571918
PrecorrectionNUFFT2,48,1,0.002485681
PrecorrectionNUFFT2,48,2,0.002503664
PrecorrectionNUFFT2,48,3,0.001571375
PrecorrectionNUFFT2,48,4,0.002489938
PrecorrectionNUFFT2,48,5,0.002494737
PrecorrectionNUFFT2,48,6,0.001573262
PrecorrectionNUFFT2,48,7,0.002520337
PrecorrectionNUFFT2,48,8,0.002518577
PrecorrectionNUFFT2,48,9,0.001568302
PrecorrectionNUFFT2,48,10,0.002513841
PrecorrectionNUFFT2,48,11,0.002522704
PrecorrectionNUFFT2,48,12,0.001564686
PrecorrectionNUFFT2,48,13,0.002485553
PrecorrectionNUFFT2,48,14,0.002492401
PrecorrectionNUFFT2,48,15,0.00158619
PrecorrectionNUFFT2,48,16,0.00250872
PrecorrectionNUFFT2,48,17,0.002542032
PrecorrectionNUFFT2,48,18,0.001573614
PrecorrectionNUFFT2,48,19,0.002496338
PrecorrectionNUFFT2,48,20,0.002512241
PrecorrectionNUFFT2,48,21,0.001584462
PrecorrectionNUFFT2,48,22,0.002506545
PrecorrectionNUFFT2,48,23,0.002527824
PrecorrectionNUFFT2,48,24,0.001565326
PrecorrectionNUFFT2,48,25,0.00250536
PrecorrectionNUFFT2,48,26,0.002520976
PrecorrectionNUFFT2,48,27,0.001573102
PrecorrectionNUFFT2,48,28,0.002507409
PrecorrectionNUFFT2,48,29,0.002521456
FFTNUFFT2,48,0,0.138589063
FFTNUFFT2,48,1,0.13444433
FFTNUFFT2,48,2,0.135844223
FFTNUFFT2,48,3,0.138220531
FFTNUFFT2,48,4,0.12385401
FFTNUFFT2,48,5,0.134465066
FFTNUFFT2,48,6,0.118814487
FFTNUFFT2,48,7,0.12980051
FFTNUFFT2,48,8,0.133615877
FFTNUFFT2,48,9,0.133652675
FFTNUFFT2,48,10,0.131442313
FFTNUFFT2,48,11,0.122173614
FFTNUFFT2,48,12,0.139466731
FFTNUFFT2,48,13,0.125193838
FFTNUFFT2,48,14,0.121187982
FFTNUFFT2,48,15,0.122749755
FFTNUFFT2,48,16,0.13246849
FFTNUFFT2,48,17,0.135564903
FFTNUFFT2,48,18,0.132806335
FFTNUFFT2,48,19,0.132536039
FFTNUFFT2,48,20,0.125479717
FFTNUFFT2,48,21,0.129666562
FFTNUFFT2,48,22,0.134729634
FFTNUFFT2,48,23,0.137331311
FFTNUFFT2,48,24,0.123953333
FFTNUFFT2,48,25,0.123621152
FFTNUFFT2,48,26,0.128308013
FFTNUFFT2,48,27,0.131347244
FFTNUFFT2,48,28,0.129332588
FFTNUFFT2,48,29,0.124627616
GatherNUFFT2,48,0,0.010769516
GatherNUFFT2,48,1,0.01037628
GatherNUFFT2,48,2,0.009164927
GatherNUFFT2,48,3,0.016778478
GatherNUFFT2,48,4,0.020017479
GatherNUFFT2,48,5,0.009725645
GatherNUFFT2,48,6,0.021906988
GatherNUFFT2,48,7,0.014181248
GatherNUFFT2,48,8,0.010122241
GatherNUFFT2,48,9,0.013703951
GatherNUFFT2,48,10,0.009441398
GatherNUFFT2,48,11,0.023016521
GatherNUFFT2,48,12,0.007986405
GatherNUFFT2,48,13,0.021223938
GatherNUFFT2,48,14,0.024321216
GatherNUFFT2,48,15,0.019357693
GatherNUFFT2,48,16,0.008323769
GatherNUFFT2,48,17,0.010377176
GatherNUFFT2,48,18,0.009352921
GatherNUFFT2,48,19,0.012701071
GatherNUFFT2,48,20,0.019315934
GatherNUFFT2,48,21,0.011592114
GatherNUFFT2,48,22,0.007379256
GatherNUFFT2,48,23,0.012572595
GatherNUFFT2,48,24,0.014170658
GatherNUFFT2,48,25,0.023509401
GatherNUFFT2,48,26,0.013443447
GatherNUFFT2,48,27,0.013094082
GatherNUFFT2,48,28,0.013993894
GatherNUFFT2,48,29,0.021133222
mainTimer,49,0,7.52417795
dumpData,49,0,0.009809291
dumpData,49,1,0.008735276
dumpData,49,2,0.009833449
dumpData,49,3,0.008837257
dumpData,49,4,0.010929159
dumpData,49,5,0.010432471
dumpData,49,6,0.009258139
dumpData,49,7,0.008985413
dumpData,49,8,0.009340825
dumpData,49,9,0.009136448
kick,49,0,3.9007e-05
kick,49,1,9.407e-06
kick,49,2,5.4494e-05
kick,49,3,1.6352e-05
kick,49,4,5.4815e-05
kick,49,5,1.4336e-05
kick,49,6,4.6078e-05
kick,49,7,1.5999e-05
kick,49,8,4.8127e-05
kick,49,9,2.1535e-05
kick,49,10,4.1855e-05
kick,49,11,1.7599e-05
kick,49,12,4.1055e-05
kick,49,13,2.2239e-05
kick,49,14,4.723e-05
kick,49,15,1.312e-05
kick,49,16,4.0799e-05
kick,49,17,9.567e-06
kick,49,18,4.4542e-05
kick,49,19,1.0303e-05
drift,49,0,7.072e-06
drift,49,1,7.84e-06
drift,49,2,9.919e-06
drift,49,3,6.336e-06
drift,49,4,6.688e-06
drift,49,5,7.712e-06
drift,49,6,8.288e-06
drift,49,7,5.888e-06
drift,49,8,7.36e-06
drift,49,9,9.216e-06
particleBC,49,0,1.1327e-05
particleBC,49,1,1.3312e-05
particleBC,49,2,1.1936e-05
particleBC,49,3,1.0208e-05
particleBC,49,4,1.1615e-05
particleBC,49,5,1.1007e-05
particleBC,49,6,9.919e-06
particleBC,49,7,1.0784e-05
particleBC,49,8,1.104e-05
particleBC,49,9,1.2544e-05
updateParticle,49,0,0.065155607
updateParticle,49,1,0.158248827
updateParticle,49,2,0.009460693
updateParticle,49,3,0.063796993
updateParticle,49,4,0.063989916
updateParticle,49,5,0.009755084
updateParticle,49,6,0.045224236
updateParticle,49,7,0.00962488
updateParticle,49,8,0.009571857
updateParticle,49,9,0.009565809
locateParticles,49,0,0.003489746
locateParticles,49,1,0.003486897
locateParticles,49,2,0.003486098
locateParticles,49,3,0.003486225
locateParticles,49,4,0.003509009
locateParticles,49,5,0.003503442
locateParticles,49,6,0.003490482
locateParticles,49,7,0.003514897
locateParticles,49,8,0.003488275
locateParticles,49,9,0.003468402
sendPreprocess,49,0,0.000840261
sendPreprocess,49,1,0.000865861
sendPreprocess,49,2,0.000871684
sendPreprocess,49,3,0.000853158
sendPreprocess,49,4,0.000873477
sendPreprocess,49,5,0.000863236
sendPreprocess,49,6,0.00087834
sendPreprocess,49,7,0.000860484
sendPreprocess,49,8,0.000936962
sendPreprocess,49,9,0.000883076
particleSend,49,0,0.001117277
particleSend,49,1,0.00113798
particleSend,49,2,0.001086046
particleSend,49,3,0.001175578
particleSend,49,4,0.001119132
particleSend,49,5,0.001079454
particleSend,49,6,0.001070878
particleSend,49,7,0.001121149
particleSend,49,8,0.001071902
particleSend,49,9,0.001075454
particleRecv,49,0,3.3759e-05
particleRecv,49,1,3.6479e-05
particleRecv,49,2,3.7311e-05
particleRecv,49,3,3.4399e-05
particleRecv,49,4,3.3855e-05
particleRecv,49,5,4.4383e-05
particleRecv,49,6,3.6543e-05
particleRecv,49,7,3.9711e-05
particleRecv,49,8,3.9135e-05
particleRecv,49,9,4.2079e-05
particleDestroy,49,0,0.002737834
particleDestroy,49,1,0.002719882
particleDestroy,49,2,0.002711722
particleDestroy,49,3,0.002728554
particleDestroy,49,4,0.002745289
particleDestroy,49,5,0.002741001
particleDestroy,49,6,0.002720522
particleDestroy,49,7,0.002718506
particleDestroy,49,8,0.002750505
particleDestroy,49,9,0.002732137
ScatterPIFNUFFT,49,0,0.297119385
ScatterPIFNUFFT,49,1,4.3518e-05
ScatterPIFNUFFT,49,2,0.16502346
ScatterPIFNUFFT,49,3,1.3408e-05
ScatterPIFNUFFT,49,4,0.265982513
ScatterPIFNUFFT,49,5,2.0191e-05
ScatterPIFNUFFT,49,6,0.215636071
ScatterPIFNUFFT,49,7,2.7071e-05
ScatterPIFNUFFT,49,8,0.203014805
ScatterPIFNUFFT,49,9,2.1184e-05
ScatterPIFNUFFT,49,10,0.321507448
ScatterPIFNUFFT,49,11,2.9119e-05
ScatterPIFNUFFT,49,12,0.17570914
ScatterPIFNUFFT,49,13,3.2479e-05
ScatterPIFNUFFT,49,14,0.266111116
ScatterPIFNUFFT,49,15,2.7999e-05
ScatterPIFNUFFT,49,16,0.20964458
ScatterPIFNUFFT,49,17,1.344e-05
ScatterPIFNUFFT,49,18,0.20817925
ScatterPIFNUFFT,49,19,2.8767e-05
NativeNUFFT1,49,0,0.292599016
NativeNUFFT1,49,1,0.160578225
NativeNUFFT1,49,2,0.262574076
NativeNUFFT1,49,3,0.211299376
NativeNUFFT1,49,4,0.198583841
NativeNUFFT1,49,5,0.317137122
NativeNUFFT1,49,6,0.171280768
NativeNUFFT1,49,7,0.261761366
NativeNUFFT1,49,8,0.205091379
NativeNUFFT1,49,9,0.203721791
scatterTimerNUFFT1,49,0,0.162964229
scatterTimerNUFFT1,49,1,0.020349502
scatterTimerNUFFT1,49,2,0.133021174
scatterTimerNUFFT1,49,3,0.075290742
scatterTimerNUFFT1,49,4,0.074362067
scatterTimerNUFFT1,49,5,0.182228294
scatterTimerNUFFT1,49,6,0.03987455
scatterTimerNUFFT1,49,7,0.135064376
scatterTimerNUFFT1,49,8,0.07440245
scatterTimerNUFFT1,49,9,0.078415284
binSort,49,0,0.003854631
binSort,49,1,0.003877061
binSort,49,2,0.003753002
binSort,49,3,0.003789705
binSort,49,4,0.003914532
binSort,49,5,0.003735242
binSort,49,6,0.003770505
binSort,49,7,0.00378052
binSort,49,8,0.003859078
binSort,49,9,0.003800935
binSort,49,10,0.003780168
binSort,49,11,0.003748202
binSort,49,12,0.003911012
binSort,49,13,0.003765961
binSort,49,14,0.003789641
binSort,49,15,0.003812712
binSort,49,16,0.003868486
binSort,49,17,0.003757578
binSort,49,18,0.003783816
binSort,49,19,0.003754057
binSort,49,20,0.003904356
binSort,49,21,0.003773417
binSort,49,22,0.003801576
binSort,49,23,0.003734506
binSort,49,24,0.003913508
binSort,49,25,0.003838343
binSort,49,26,0.003766537
binSort,49,27,0.00380052
binSort,49,28,0.003892101
binSort,49,29,0.003836102
binSort,49,30,0.003772393
binSort,49,31,0.003828999
binSort,49,32,0.00385095
binSort,49,33,0.003751081
binSort,49,34,0.003731978
binSort,49,35,0.003746154
binSort,49,36,0.003854758
binSort,49,37,0.003868294
binSort,49,38,0.003786441
binSort,49,39,0.003823111
binComputeKeys,49,0,0.000358005
binComputeKeys,49,1,0.000374932
binComputeKeys,49,2,0.000347317
binComputeKeys,49,3,0.000369685
binComputeKeys,49,4,0.000370644
binComputeKeys,49,5,0.000351189
binComputeKeys,49,6,0.000350037
binComputeKeys,49,7,0.00036258
binComputeKeys,49,8,0.00035698
binComputeKeys,49,9,0.000365908
binComputeKeys,49,10,0.000353684
binComputeKeys,49,11,0.000350165
binComputeKeys,49,12,0.00037474
binComputeKeys,49,13,0.000376244
binComputeKeys,49,14,0.000351957
binComputeKeys,49,15,0.000356213
binComputeKeys,49,16,0.000364757
binComputeKeys,49,17,0.000356373
binComputeKeys,49,18,0.000355989
binComputeKeys,49,19,0.000358101
binComputeKeys,49,20,0.000362996
binComputeKeys,49,21,0.000348309
binComputeKeys,49,22,0.000373012
binComputeKeys,49,23,0.000349589
binComputeKeys,49,24,0.000371988
binComputeKeys,49,25,0.000354229
binComputeKeys,49,26,0.000348853
binComputeKeys,49,27,0.000356949
binComputeKeys,49,28,0.000361748
binComputeKeys,49,29,0.000363476
binComputeKeys,49,30,0.000349301
binComputeKeys,49,31,0.000369012
binComputeKeys,49,32,0.000353173
binComputeKeys,49,33,0.000350677
binComputeKeys,49,34,0.000350069
binComputeKeys,49,35,0.000351701
binComputeKeys,49,36,0.000359029
binComputeKeys,49,37,0.000376852
binComputeKeys,49,38,0.000358325
binComputeKeys,49,39,0.000368308
binSortByKey,49,0,0.003303544
binSortByKey,49,1,0.003312951
binSortByKey,49,2,0.003225883
binSortByKey,49,3,0.003239193
binSortByKey,49,4,0.003350198
binSortByKey,49,5,0.00320809
binSortByKey,49,6,0.003232602
binSortByKey,49,7,0.003240922
binSortByKey,49,8,0.003305272
binSortByKey,49,9,0.003252729
binSortByKey,49,10,0.003240314
binSortByKey,49,11,0.003226682
binSortByKey,49,12,0.003339542
binSortByKey,49,13,0.003217211
binSortByKey,49,14,0.003247866
binSortByKey,49,15,0.003263097
binSortByKey,49,16,0.003311383
binSortByKey,49,17,0.003226554
binSortByKey,49,18,0.003241017
binSortByKey,49,19,0.003218682
binSortByKey,49,20,0.003346967
binSortByKey,49,21,0.003237241
binSortByKey,49,22,0.003254841
binSortByKey,49,23,0.003207163
binSortByKey,49,24,0.003348534
binSortByKey,49,25,0.003291928
binSortByKey,49,26,0.003236217
binSortByKey,49,27,0.003256857
binSortByKey,49,28,0.003338391
binSortByKey,49,29,0.003279064
binSortByKey,49,30,0.003242106
binSortByKey,49,31,0.003267769
binSortByKey,49,32,0.003306199
binSortByKey,49,33,0.003227226
binSortByKey,49,34,0.003208154
binSortByKey,49,35,0.003221434
binSortByKey,49,36,0.003303159
binSortByKey,49,37,0.00330716
binSortByKey,49,38,0.003245433
binSortByKey,49,39,0.003273849
binComputeOffsets,49,0,0.000191098
binComputeOffsets,49,1,0.000186938
binComputeOffsets,49,2,0.000179322
binComputeOffsets,49,3,0.000179547
binComputeOffsets,49,4,0.00019145
binComputeOffsets,49,5,0.000173403
binComputeOffsets,49,6,0.000184954
binComputeOffsets,49,7,0.000175994
binComputeOffsets,49,8,0.000193914
binComputeOffsets,49,9,0.000181434
binComputeOffsets,49,10,0.000184282
binComputeOffsets,49,11,0.000170523
binComputeOffsets,49,12,0.000192954
binComputeOffsets,49,13,0.000171418
binComputeOffsets,49,14,0.000187802
binComputeOffsets,49,15,0.00019193
binComputeOffsets,49,16,0.000188506
binComputeOffsets,49,17,0.000173691
binComputeOffsets,49,18,0.000183738
binComputeOffsets,49,19,0.000175258
binComputeOffsets,49,20,0.000191257
binComputeOffsets,49,21,0.000185531
binComputeOffsets,49,22,0.000172251
binComputeOffsets,49,23,0.000176506
binComputeOffsets,49,24,0.000190138
binComputeOffsets,49,25,0.000189786
binComputeOffsets,49,26,0.000179643
binComputeOffsets,49,27,0.000183354
binComputeOffsets,49,28,0.000188602
binComputeOffsets,49,29,0.00019001
binComputeOffsets,49,30,0.000179674
binComputeOffsets,49,31,0.000190042
binComputeOffsets,49,32,0.000188922
binComputeOffsets,49,33,0.000171802
binComputeOffsets,49,34,0.000172795
binComputeOffsets,49,35,0.000170971
binComputeOffsets,49,36,0.000189594
binComputeOffsets,49,37,0.000182554
binComputeOffsets,49,38,0.000181403
binComputeOffsets,49,39,0.00017897
FFTNUFFT1,49,0,0.128986104
FFTNUFFT1,49,1,0.139582951
FFTNUFFT1,49,2,0.12873616
FFTNUFFT1,49,3,0.135177204
FFTNUFFT1,49,4,0.123400296
FFTNUFFT1,49,5,0.134109205
FFTNUFFT1,49,6,0.130735935
FFTNUFFT1,49,7,0.125856185
FFTNUFFT1,49,8,0.13003695
FFTNUFFT1,49,9,0.124497061
deconvolutionNUFFT1,49,0,0.000645611
deconvolutionNUFFT1,49,1,0.000641868
deconvolutionNUFFT1,49,2,0.000813446
deconvolutionNUFFT1,49,3,0.000829126
deconvolutionNUFFT1,49,4,0.000818022
deconvolutionNUFFT1,49,5,0.000795463
deconvolutionNUFFT1,49,6,0.000667915
deconvolutionNUFFT1,49,7,0.000836581
deconvolutionNUFFT1,49,8,0.000647339
deconvolutionNUFFT1,49,9,0.000806694
GatherPIFNUFFT,49,0,0.469757741
GatherPIFNUFFT,49,1,0.456215226
GatherPIFNUFFT,49,2,0.460160157
GatherPIFNUFFT,49,3,0.452458384
GatherPIFNUFFT,49,4,0.466832042
GatherPIFNUFFT,49,5,0.451043325
GatherPIFNUFFT,49,6,0.458844231
GatherPIFNUFFT,49,7,0.464210205
GatherPIFNUFFT,49,8,0.465928199
GatherPIFNUFFT,49,9,0.467879433
NativeNUFFT2,49,0,0.157543121
NativeNUFFT2,49,1,0.155168412
NativeNUFFT2,49,2,0.153797832
NativeNUFFT2,49,3,0.147960799
NativeNUFFT2,49,4,0.152431731
NativeNUFFT2,49,5,0.154144668
NativeNUFFT2,49,6,0.154960514
NativeNUFFT2,49,7,0.153184827
NativeNUFFT2,49,8,0.150386676
NativeNUFFT2,49,9,0.146320978
NativeNUFFT2,49,10,0.150694089
NativeNUFFT2,49,11,0.153829062
NativeNUFFT2,49,12,0.157896358
NativeNUFFT2,49,13,0.153599628
NativeNUFFT2,49,14,0.153743945
NativeNUFFT2,49,15,0.148100475
NativeNUFFT2,49,16,0.150200185
NativeNUFFT2,49,17,0.151106621
NativeNUFFT2,49,18,0.148620939
NativeNUFFT2,49,19,0.15416582
NativeNUFFT2,49,20,0.153793543
NativeNUFFT2,49,21,0.153081631
NativeNUFFT2,49,22,0.151212154
NativeNUFFT2,49,23,0.158212379
NativeNUFFT2,49,24,0.159508212
NativeNUFFT2,49,25,0.155537199
NativeNUFFT2,49,26,0.149210936
NativeNUFFT2,49,27,0.159332824
NativeNUFFT2,49,28,0.153654444
NativeNUFFT2,49,29,0.153189787
PrecorrectionNUFFT2,49,0,0.001571599
PrecorrectionNUFFT2,49,1,0.002429716
PrecorrectionNUFFT2,49,2,0.002435891
PrecorrectionNUFFT2,49,3,0.001573934
PrecorrectionNUFFT2,49,4,0.002424915
PrecorrectionNUFFT2,49,5,0.002431699
PrecorrectionNUFFT2,49,6,0.001545871
PrecorrectionNUFFT2,49,7,0.002432436
PrecorrectionNUFFT2,49,8,0.002427092
PrecorrectionNUFFT2,49,9,0.001539919
PrecorrectionNUFFT2,49,10,0.002442259
PrecorrectionNUFFT2,49,11,0.002418163
PrecorrectionNUFFT2,49,12,0.001569454
PrecorrectionNUFFT2,49,13,0.002457938
PrecorrectionNUFFT2,49,14,0.002424563
PrecorrectionNUFFT2,49,15,0.001563535
PrecorrectionNUFFT2,49,16,0.002438387
PrecorrectionNUFFT2,49,17,0.002397908
PrecorrectionNUFFT2,49,18,0.001571823
PrecorrectionNUFFT2,49,19,0.002422132
PrecorrectionNUFFT2,49,20,0.002427379
PrecorrectionNUFFT2,49,21,0.001553743
PrecorrectionNUFFT2,49,22,0.002428436
PrecorrectionNUFFT2,49,23,0.002460242
PrecorrectionNUFFT2,49,24,0.001553263
PrecorrectionNUFFT2,49,25,0.002417587
PrecorrectionNUFFT2,49,26,0.00240114
PrecorrectionNUFFT2,49,27,0.001548848
PrecorrectionNUFFT2,49,28,0.002459986
PrecorrectionNUFFT2,49,29,0.002414388
FFTNUFFT2,49,0,0.141530346
FFTNUFFT2,49,1,0.133878236
FFTNUFFT2,49,2,0.133335182
FFTNUFFT2,49,3,0.117900725
FFTNUFFT2,49,4,0.130763327
FFTNUFFT2,49,5,0.127969782
FFTNUFFT2,49,6,0.127414792
FFTNUFFT2,49,7,0.125844155
FFTNUFFT2,49,8,0.123295626
FFTNUFFT2,49,9,0.130478951
FFTNUFFT2,49,10,0.130595236
FFTNUFFT2,49,11,0.123153231
FFTNUFFT2,49,12,0.132283119
FFTNUFFT2,49,13,0.13063949
FFTNUFFT2,49,14,0.123883865
FFTNUFFT2,49,15,0.13292729
FFTNUFFT2,49,16,0.134979195
FFTNUFFT2,49,17,0.13045092
FFTNUFFT2,49,18,0.12946932
FFTNUFFT2,49,19,0.133612804
FFTNUFFT2,49,20,0.137839518
FFTNUFFT2,49,21,0.137225779
FFTNUFFT2,49,22,0.135246705
FFTNUFFT2,49,23,0.137207091
FFTNUFFT2,49,24,0.129924601
FFTNUFFT2,49,25,0.131078292
FFTNUFFT2,49,26,0.119123663
FFTNUFFT2,49,27,0.142291538
FFTNUFFT2,49,28,0.130991321
FFTNUFFT2,49,29,0.124038707
GatherNUFFT2,49,0,0.008738444
GatherNUFFT2,49,1,0.013157536
GatherNUFFT2,49,2,0.012344506
GatherNUFFT2,49,3,0.022801712
GatherNUFFT2,49,4,0.013684783
GatherNUFFT2,49,5,0.018022727
GatherNUFFT2,49,6,0.020286911
GatherNUFFT2,49,7,0.019196258
GatherNUFFT2,49,8,0.019090918
GatherNUFFT2,49,9,0.008761547
GatherNUFFT2,49,10,0.012097697
GatherNUFFT2,49,11,0.022540313
GatherNUFFT2,49,12,0.018335038
GatherNUFFT2,49,13,0.014785293
GatherNUFFT2,49,14,0.021741553
GatherNUFFT2,49,15,0.007876455
GatherNUFFT2,49,16,0.007254651
GatherNUFFT2,49,17,0.012744751
GatherNUFFT2,49,18,0.011849706
GatherNUFFT2,49,19,0.012588147
GatherNUFFT2,49,20,0.007975396
GatherNUFFT2,49,21,0.008598416
GatherNUFFT2,49,22,0.008001764
GatherNUFFT2,49,23,0.012817067
GatherNUFFT2,49,24,0.022460476
GatherNUFFT2,49,25,0.016493623
GatherNUFFT2,49,26,0.022156548
GatherNUFFT2,49,27,0.00995543
GatherNUFFT2,49,28,0.014475254
GatherNUFFT2,49,29,0.021022505
mainTimer,50,0,7.52417875
dumpData,50,0,0.008209692
dumpData,50,1,0.007127135
dumpData,50,2,0.007375127
dumpData,50,3,0.009303578
dumpData,50,4,0.008275707
dumpData,50,5,0.007746316
dumpData,50,6,0.007349207
dumpData,50,7,0.007865864
dumpData,50,8,0.007755691
dumpData,50,9,0.007506067
kick,50,0,3.9935e-05
kick,50,1,8.544e-06
kick,50,2,5.2926e-05
kick,50,3,1.0016e-05
kick,50,4,5.5039e-05
kick,50,5,1.1711e-05
kick,50,6,4.4382e-05
kick,50,7,8.864e-06
kick,50,8,4.6943e-05
kick,50,9,1.0943e-05
kick,50,10,4.0223e-05
kick,50,11,1.1871e-05
kick,50,12,4.1247e-05
kick,50,13,1.392e-05
kick,50,14,4.6462e-05
kick,50,15,1.1648e-05
kick,50,16,3.9391e-05
kick,50,17,1.7119e-05
kick,50,18,4.3102e-05
kick,50,19,8.576e-06
drift,50,0,7.264e-06
drift,50,1,7.232e-06
drift,50,2,8.031e-06
drift,50,3,6.72e-06
drift,50,4,7.136e-06
drift,50,5,9.44e-06
drift,50,6,7.008e-06
drift,50,7,6.304e-06
drift,50,8,7.008e-06
drift,50,9,9.632e-06
particleBC,50,0,1.0399e-05
particleBC,50,1,1.0752e-05
particleBC,50,2,1.088e-05
particleBC,50,3,1.1072e-05
particleBC,50,4,1.2671e-05
particleBC,50,5,1.0783e-05
particleBC,50,6,9.471e-06
particleBC,50,7,1.1392e-05
particleBC,50,8,9.92e-06
particleBC,50,9,9.984e-06
updateParticle,50,0,0.065100601
updateParticle,50,1,0.158311865
updateParticle,50,2,0.009599665
updateParticle,50,3,0.063771585
updateParticle,50,4,0.063922206
updateParticle,50,5,0.009803403
updateParticle,50,6,0.045304201
updateParticle,50,7,0.009710125
updateParticle,50,8,0.009694766
updateParticle,50,9,0.009510451
locateParticles,50,0,0.00381732
locateParticles,50,1,0.003829255
locateParticles,50,2,0.003832711
locateParticles,50,3,0.003821415
locateParticles,50,4,0.003815592
locateParticles,50,5,0.003835111
locateParticles,50,6,0.003809768
locateParticles,50,7,0.003812679
locateParticles,50,8,0.003822439
locateParticles,50,9,0.003813671
sendPreprocess,50,0,0.000513103
sendPreprocess,50,1,0.000527759
sendPreprocess,50,2,0.000528751
sendPreprocess,50,3,0.000519247
sendPreprocess,50,4,0.000568494
sendPreprocess,50,5,0.000534543
sendPreprocess,50,6,0.000560654
sendPreprocess,50,7,0.000563406
sendPreprocess,50,8,0.000606541
sendPreprocess,50,9,0.000541423
particleSend,50,0,0.001424051
particleSend,50,1,0.001063166
particleSend,50,2,0.001120861
particleSend,50,3,0.001160316
particleSend,50,4,0.001111101
particleSend,50,5,0.001106589
particleSend,50,6,0.00119065
particleSend,50,7,0.001079838
particleSend,50,8,0.001146812
particleSend,50,9,0.001071646
particleRecv,50,0,3.8623e-05
particleRecv,50,1,4.3071e-05
particleRecv,50,2,4.3454e-05
particleRecv,50,3,3.4783e-05
particleRecv,50,4,3.5006e-05
particleRecv,50,5,4.1599e-05
particleRecv,50,6,3.9935e-05
particleRecv,50,7,4.1503e-05
particleRecv,50,8,3.9198e-05
particleRecv,50,9,4.0351e-05
particleDestroy,50,0,0.002999745
particleDestroy,50,1,0.003009793
particleDestroy,50,2,0.002992834
particleDestroy,50,3,0.003022976
particleDestroy,50,4,0.003020097
particleDestroy,50,5,0.003029824
particleDestroy,50,6,0.003017729
particleDestroy,50,7,0.003026464
particleDestroy,50,8,0.003015361
particleDestroy,50,9,0.00302656
ScatterPIFNUFFT,50,0,0.296638825
ScatterPIFNUFFT,50,1,3.6734e-05
ScatterPIFNUFFT,50,2,0.150601771
ScatterPIFNUFFT,50,3,2.1856e-05
ScatterPIFNUFFT,50,4,0.273420422
ScatterPIFNUFFT,50,5,2.8543e-05
ScatterPIFNUFFT,50,6,0.207298286
ScatterPIFNUFFT,50,7,2.8799e-05
ScatterPIFNUFFT,50,8,0.197712284
ScatterPIFNUFFT,50,9,2.3711e-05
ScatterPIFNUFFT,50,10,0.318055781
ScatterPIFNUFFT,50,11,2.9439e-05
ScatterPIFNUFFT,50,12,0.180788019
ScatterPIFNUFFT,50,13,3.1199e-05
ScatterPIFNUFFT,50,14,0.276672223
ScatterPIFNUFFT,50,15,1.856e-05
ScatterPIFNUFFT,50,16,0.220718213
ScatterPIFNUFFT,50,17,3.2095e-05
ScatterPIFNUFFT,50,18,0.220535117
ScatterPIFNUFFT,50,19,3.2735e-05
NativeNUFFT1,50,0,0.292171542
NativeNUFFT1,50,1,0.146172344
NativeNUFFT1,50,2,0.26890386
NativeNUFFT1,50,3,0.202769021
NativeNUFFT1,50,4,0.193307783
NativeNUFFT1,50,5,0.313710702
NativeNUFFT1,50,6,0.176300577
NativeNUFFT1,50,7,0.272226284
NativeNUFFT1,50,8,0.216439821
NativeNUFFT1,50,9,0.216063353
scatterTimerNUFFT1,50,0,0.164100065
scatterTimerNUFFT1,50,1,0.020427451
scatterTimerNUFFT1,50,2,0.130339595
scatterTimerNUFFT1,50,3,0.075268374
scatterTimerNUFFT1,50,4,0.074503566
scatterTimerNUFFT1,50,5,0.183676952
scatterTimerNUFFT1,50,6,0.039455555
scatterTimerNUFFT1,50,7,0.136371758
scatterTimerNUFFT1,50,8,0.076556751
scatterTimerNUFFT1,50,9,0.078451314
binSort,50,0,0.004192444
binSort,50,1,0.00424489
binSort,50,2,0.004213083
binSort,50,3,0.004273625
binSort,50,4,0.004215195
binSort,50,5,0.004245466
binSort,50,6,0.004192059
binSort,50,7,0.004213691
binSort,50,8,0.004286456
binSort,50,9,0.004263706
binSort,50,10,0.004278937
binSort,50,11,0.00425897
binSort,50,12,0.004246074
binSort,50,13,0.004251578
binSort,50,14,0.004262074
binSort,50,15,0.004269113
binSort,50,16,0.004195708
binSort,50,17,0.004239642
binSort,50,18,0.004245562
binSort,50,19,0.004242778
binSort,50,20,0.004235995
binSort,50,21,0.004243706
binSort,50,22,0.004263162
binSort,50,23,0.004232667
binSort,50,24,0.004205787
binSort,50,25,0.004278393
binSort,50,26,0.004212795
binSort,50,27,0.004264057
binSort,50,28,0.004219131
binSort,50,29,0.00423865
binSort,50,30,0.004249754
binSort,50,31,0.004214171
binSort,50,32,0.004255322
binSort,50,33,0.004200988
binSort,50,34,0.004255738
binSort,50,35,0.004204795
binSort,50,36,0.004193403
binSort,50,37,0.004284857
binSort,50,38,0.004234107
binSort,50,39,0.004270617
binComputeKeys,50,0,0.000401012
binComputeKeys,50,1,0.000423443
binComputeKeys,50,2,0.00039794
binComputeKeys,50,3,0.000394579
binComputeKeys,50,4,0.000406899
binComputeKeys,50,5,0.000404627
binComputeKeys,50,6,0.000394291
binComputeKeys,50,7,0.000405587
binComputeKeys,50,8,0.000407603
binComputeKeys,50,9,0.000405907
binComputeKeys,50,10,0.000408884
binComputeKeys,50,11,0.000425075
binComputeKeys,50,12,0.000428115
binComputeKeys,50,13,0.000397811
binComputeKeys,50,14,0.000402772
binComputeKeys,50,15,0.000421107
binComputeKeys,50,16,0.000400852
binComputeKeys,50,17,0.000405619
binComputeKeys,50,18,0.000398836
binComputeKeys,50,19,0.000393651
binComputeKeys,50,20,0.000401428
binComputeKeys,50,21,0.000404915
binComputeKeys,50,22,0.000414099
binComputeKeys,50,23,0.000394803
binComputeKeys,50,24,0.000406099
binComputeKeys,50,25,0.000419091
binComputeKeys,50,26,0.000397331
binComputeKeys,50,27,0.000408723
binComputeKeys,50,28,0.000401747
binComputeKeys,50,29,0.000410067
binComputeKeys,50,30,0.000404979
binComputeKeys,50,31,0.000394612
binComputeKeys,50,32,0.000415731
binComputeKeys,50,33,0.000392468
binComputeKeys,50,34,0.00039442
binComputeKeys,50,35,0.000391283
binComputeKeys,50,36,0.000395539
binComputeKeys,50,37,0.000395156
binComputeKeys,50,38,0.000405172
binComputeKeys,50,39,0.000396244
binSortByKey,50,0,0.003598063
binSortByKey,50,1,0.003624877
binSortByKey,50,2,0.003623885
binSortByKey,50,3,0.003657741
binSortByKey,50,4,0.003614094
binSortByKey,50,5,0.003648429
binSortByKey,50,6,0.003604782
binSortByKey,50,7,0.003613358
binSortByKey,50,8,0.003666316
binSortByKey,50,9,0.003650349
binSortByKey,50,10,0.003662188
binSortByKey,50,11,0.003641933
binSortByKey,50,12,0.003616846
binSortByKey,50,13,0.003651917
binSortByKey,50,14,0.003657484
binSortByKey,50,15,0.003652365
binSortByKey,50,16,0.003597902
binSortByKey,50,17,0.003635565
binSortByKey,50,18,0.003652364
binSortByKey,50,19,0.003645677
binSortByKey,50,20,0.003638861
binSortByKey,50,21,0.003641933
binSortByKey,50,22,0.003645805
binSortByKey,50,23,0.003641966
binSortByKey,50,24,0.003606478
binSortByKey,50,25,0.003656716
binSortByKey,50,26,0.003621998
binSortByKey,50,27,0.003660044
binSortByKey,50,28,0.003615726
binSortByKey,50,29,0.003631885
binSortByKey,50,30,0.003645965
binSortByKey,50,31,0.003622765
binSortByKey,50,32,0.003642797
binSortByKey,50,33,0.003616494
binSortByKey,50,34,0.003659116
binSortByKey,50,35,0.00362139
binSortByKey,50,36,0.003601519
binSortByKey,50,37,0.003684619
binSortByKey,50,38,0.003635213
binSortByKey,50,39,0.003659596
binComputeOffsets,50,0,0.000192474
binComputeOffsets,50,1,0.00019497
binComputeOffsets,50,2,0.000190234
binComputeOffsets,50,3,0.000219769
binComputeOffsets,50,4,0.000193242
binComputeOffsets,50,5,0.000191866
binComputeOffsets,50,6,0.00019145
binComputeOffsets,50,7,0.000193306
binComputeOffsets,50,8,0.000211609
binComputeOffsets,50,9,0.000205914
binComputeOffsets,50,10,0.000206777
binComputeOffsets,50,11,0.000191098
binComputeOffsets,50,12,0.000199289
binComputeOffsets,50,13,0.00019993
binComputeOffsets,50,14,0.00020105
binComputeOffsets,50,15,0.000193273
binComputeOffsets,50,16,0.000194266
binComputeOffsets,50,17,0.000197946
binComputeOffsets,50,18,0.000193594
binComputeOffsets,50,19,0.000202106
binComputeOffsets,50,20,0.000194938
binComputeOffsets,50,21,0.000195194
binComputeOffsets,50,22,0.00020169
binComputeOffsets,50,23,0.000195066
binComputeOffsets,50,24,0.000192314
binComputeOffsets,50,25,0.000200986
binComputeOffsets,50,26,0.000192634
binComputeOffsets,50,27,0.00019369
binComputeOffsets,50,28,0.00020041
binComputeOffsets,50,29,0.000194618
binComputeOffsets,50,30,0.000197082
binComputeOffsets,50,31,0.000196314
binComputeOffsets,50,32,0.000192666
binComputeOffsets,50,33,0.000191226
binComputeOffsets,50,34,0.000201466
binComputeOffsets,50,35,0.000191354
binComputeOffsets,50,36,0.000195353
binComputeOffsets,50,37,0.000203162
binComputeOffsets,50,38,0.000192986
binComputeOffsets,50,39,0.000213273
FFTNUFFT1,50,0,0.12740401
FFTNUFFT1,50,1,0.125083058
FFTNUFFT1,50,2,0.137755267
FFTNUFFT1,50,3,0.126686049
FFTNUFFT1,50,4,0.118131823
FFTNUFFT1,50,5,0.129219984
FFTNUFFT1,50,6,0.136175507
FFTNUFFT1,50,7,0.135202706
FFTNUFFT1,50,8,0.139223699
FFTNUFFT1,50,9,0.136944092
deconvolutionNUFFT1,50,0,0.000664811
deconvolutionNUFFT1,50,1,0.000659243
deconvolutionNUFFT1,50,2,0.00080567
deconvolutionNUFFT1,50,3,0.000811398
deconvolutionNUFFT1,50,4,0.000669163
deconvolutionNUFFT1,50,5,0.00081047
deconvolutionNUFFT1,50,6,0.000666539
deconvolutionNUFFT1,50,7,0.000649548
deconvolutionNUFFT1,50,8,0.000656363
deconvolutionNUFFT1,50,9,0.000665355
GatherPIFNUFFT,50,0,0.472852748
GatherPIFNUFFT,50,1,0.471504695
GatherPIFNUFFT,50,2,0.453856804
GatherPIFNUFFT,50,3,0.461254011
GatherPIFNUFFT,50,4,0.473368699
GatherPIFNUFFT,50,5,0.456946018
GatherPIFNUFFT,50,6,0.456354037
GatherPIFNUFFT,50,7,0.455158778
GatherPIFNUFFT,50,8,0.454912323
GatherPIFNUFFT,50,9,0.457433267
NativeNUFFT2,50,0,0.160340633
NativeNUFFT2,50,1,0.154543311
NativeNUFFT2,50,2,0.154299096
NativeNUFFT2,50,3,0.16419088
NativeNUFFT2,50,4,0.152358549
NativeNUFFT2,50,5,0.15284391
NativeNUFFT2,50,6,0.146189303
NativeNUFFT2,50,7,0.153042016
NativeNUFFT2,50,8,0.151614093
NativeNUFFT2,50,9,0.1550104
NativeNUFFT2,50,10,0.149998816
NativeNUFFT2,50,11,0.153239033
NativeNUFFT2,50,12,0.162452886
NativeNUFFT2,50,13,0.155647244
NativeNUFFT2,50,14,0.153667852
NativeNUFFT2,50,15,0.150920225
NativeNUFFT2,50,16,0.149563405
NativeNUFFT2,50,17,0.154326391
NativeNUFFT2,50,18,0.147576012
NativeNUFFT2,50,19,0.153580079
NativeNUFFT2,50,20,0.153671082
NativeNUFFT2,50,21,0.144964255
NativeNUFFT2,50,22,0.149966337
NativeNUFFT2,50,23,0.158709131
NativeNUFFT2,50,24,0.147527278
NativeNUFFT2,50,25,0.154243001
NativeNUFFT2,50,26,0.150138491
NativeNUFFT2,50,27,0.149682569
NativeNUFFT2,50,28,0.151659147
NativeNUFFT2,50,29,0.154519921
PrecorrectionNUFFT2,50,0,0.001626189
PrecorrectionNUFFT2,50,1,0.002598414
PrecorrectionNUFFT2,50,2,0.002577839
PrecorrectionNUFFT2,50,3,0.001611437
PrecorrectionNUFFT2,50,4,0.002571727
PrecorrectionNUFFT2,50,5,0.002566191
PrecorrectionNUFFT2,50,6,0.001622317
PrecorrectionNUFFT2,50,7,0.002587119
PrecorrectionNUFFT2,50,8,0.002583406
PrecorrectionNUFFT2,50,9,0.001625677
PrecorrectionNUFFT2,50,10,0.002576591
PrecorrectionNUFFT2,50,11,0.002594606
PrecorrectionNUFFT2,50,12,0.001612685
PrecorrectionNUFFT2,50,13,0.002599277
PrecorrectionNUFFT2,50,14,0.002566639
PrecorrectionNUFFT2,50,15,0.001652235
PrecorrectionNUFFT2,50,16,0.002602414
PrecorrectionNUFFT2,50,17,0.002584431
PrecorrectionNUFFT2,50,18,0.001588494
PrecorrectionNUFFT2,50,19,0.002578479
PrecorrectionNUFFT2,50,20,0.002562319
PrecorrectionNUFFT2,50,21,0.001593678
PrecorrectionNUFFT2,50,22,0.002563375
PrecorrectionNUFFT2,50,23,0.002586606
PrecorrectionNUFFT2,50,24,0.001622413
PrecorrectionNUFFT2,50,25,0.002565583
PrecorrectionNUFFT2,50,26,0.002605453
PrecorrectionNUFFT2,50,27,0.00159115
PrecorrectionNUFFT2,50,28,0.00257243
PrecorrectionNUFFT2,50,29,0.002606061
FFTNUFFT2,50,0,0.143756996
FFTNUFFT2,50,1,0.137459883
FFTNUFFT2,50,2,0.128695009
FFTNUFFT2,50,3,0.139064217
FFTNUFFT2,50,4,0.134139957
FFTNUFFT2,50,5,0.136483945
FFTNUFFT2,50,6,0.119447203
FFTNUFFT2,50,7,0.128566629
FFTNUFFT2,50,8,0.133625029
FFTNUFFT2,50,9,0.13306287
FFTNUFFT2,50,10,0.130123187
FFTNUFFT2,50,11,0.124396585
FFTNUFFT2,50,12,0.143137687
FFTNUFFT2,50,13,0.125077394
FFTNUFFT2,50,14,0.127692576
FFTNUFFT2,50,15,0.126403464
FFTNUFFT2,50,16,0.133240081
FFTNUFFT2,50,17,0.134454346
FFTNUFFT2,50,18,0.12896108
FFTNUFFT2,50,19,0.125130513
FFTNUFFT2,50,20,0.124767515
FFTNUFFT2,50,21,0.12921928
FFTNUFFT2,50,22,0.121733467
FFTNUFFT2,50,23,0.130309581
FFTNUFFT2,50,24,0.132153747
FFTNUFFT2,50,25,0.121562849
FFTNUFFT2,50,26,0.122900728
FFTNUFFT2,50,27,0.130561573
FFTNUFFT2,50,28,0.134382157
FFTNUFFT2,50,29,0.123332649
GatherNUFFT2,50,0,0.008863881
GatherNUFFT2,50,1,0.008395478
GatherNUFFT2,50,2,0.016775886
GatherNUFFT2,50,3,0.017248991
GatherNUFFT2,50,4,0.009549874
GatherNUFFT2,50,5,0.007719149
GatherNUFFT2,50,6,0.018862988
GatherNUFFT2,50,7,0.015619474
GatherNUFFT2,50,8,0.009299451
GatherNUFFT2,50,9,0.014057604
GatherNUFFT2,50,10,0.011035651
GatherNUFFT2,50,11,0.020124869
GatherNUFFT2,50,12,0.011418617
GatherNUFFT2,50,13,0.021721233
GatherNUFFT2,50,14,0.01715293
GatherNUFFT2,50,15,0.016617747
GatherNUFFT2,50,16,0.007620847
GatherNUFFT2,50,17,0.011172064
GatherNUFFT2,50,18,0.01075038
GatherNUFFT2,50,19,0.019611637
GatherNUFFT2,50,20,0.020074918
GatherNUFFT2,50,21,0.008042754
GatherNUFFT2,50,22,0.019406108
GatherNUFFT2,50,23,0.01967525
GatherNUFFT2,50,24,0.007642511
GatherNUFFT2,50,25,0.024014825
GatherNUFFT2,50,26,0.018335965
GatherNUFFT2,50,27,0.011425111
GatherNUFFT2,50,28,0.00842255
GatherNUFFT2,50,29,0.022459931
mainTimer,51,0,7.524177534
dumpData,51,0,0.009246171
dumpData,51,1,0.007680526
dumpData,51,2,0.008879111
dumpData,51,3,0.008319929
dumpData,51,4,0.010414647
dumpData,51,5,0.009910727
dumpData,51,6,0.008380919
dumpData,51,7,0.007190558
dumpData,51,8,0.008211452
dumpData,51,9,0.008521779
kick,51,0,3.7791e-05
kick,51,1,9.888e-06
kick,51,2,5.251e-05
kick,51,3,1.3599e-05
kick,51,4,5.5391e-05
kick,51,5,9.984e-06
kick,51,6,4.307e-05
kick,51,7,1.1424e-05
kick,51,8,4.7423e-05
kick,51,9,1.216e-05
kick,51,10,3.9167e-05
kick,51,11,1.4656e-05
kick,51,12,4.0607e-05
kick,51,13,1.0272e-05
kick,51,14,4.5502e-05
kick,51,15,1.2703e-05
kick,51,16,3.8687e-05
kick,51,17,1.6544e-05
kick,51,18,4.4638e-05
kick,51,19,1.0624e-05
drift,51,0,7.008e-06
drift,51,1,7.744e-06
drift,51,2,1.1231e-05
drift,51,3,7.328e-06
drift,51,4,7.104e-06
drift,51,5,8.224e-06
drift,51,6,8.192e-06
drift,51,7,6.624e-06
drift,51,8,7.04e-06
drift,51,9,8.96e-06
particleBC,51,0,1.1359e-05
particleBC,51,1,1.1392e-05
particleBC,51,2,9.76e-06
particleBC,51,3,1.0752e-05
particleBC,51,4,1.2575e-05
particleBC,51,5,9.92e-06
particleBC,51,6,1.1391e-05
particleBC,51,7,1.0944e-05
particleBC,51,8,1.0656e-05
particleBC,51,9,1.1264e-05
updateParticle,51,0,0.065211637
updateParticle,51,1,0.158350295
updateParticle,51,2,0.009505396
updateParticle,51,3,0.063778945
updateParticle,51,4,0.06398294
updateParticle,51,5,0.009717581
updateParticle,51,6,0.045229259
updateParticle,51,7,0.009694094
updateParticle,51,8,0.009717869
updateParticle,51,9,0.009530387
locateParticles,51,0,0.003689484
locateParticles,51,1,0.003703435
locateParticles,51,2,0.003697035
locateParticles,51,3,0.003689803
locateParticles,51,4,0.003683052
locateParticles,51,5,0.003695692
locateParticles,51,6,0.003687532
locateParticles,51,7,0.003709227
locateParticles,51,8,0.003685484
locateParticles,51,9,0.003685419
sendPreprocess,51,0,0.000640235
sendPreprocess,51,1,0.000653419
sendPreprocess,51,2,0.000664683
sendPreprocess,51,3,0.000652523
sendPreprocess,51,4,0.00070065
sendPreprocess,51,5,0.000675722
sendPreprocess,51,6,0.000682826
sendPreprocess,51,7,0.000666698
sendPreprocess,51,8,0.000743593
sendPreprocess,51,9,0.000668779
particleSend,51,0,0.001090302
particleSend,51,1,0.001077246
particleSend,51,2,0.001063198
particleSend,51,3,0.001052159
particleSend,51,4,0.001102781
particleSend,51,5,0.001181435
particleSend,51,6,0.001060479
particleSend,51,7,0.001149756
particleSend,51,8,0.001024543
particleSend,51,9,0.001115517
particleRecv,51,0,4.2303e-05
particleRecv,51,1,4.1278e-05
particleRecv,51,2,4.2751e-05
particleRecv,51,3,4.8255e-05
particleRecv,51,4,3.9998e-05
particleRecv,51,5,3.8367e-05
particleRecv,51,6,4.1279e-05
particleRecv,51,7,4.2463e-05
particleRecv,51,8,5.3663e-05
particleRecv,51,9,4.1854e-05
particleDestroy,51,0,0.002985089
particleDestroy,51,1,0.002975682
particleDestroy,51,2,0.002974882
particleDestroy,51,3,0.002990721
particleDestroy,51,4,0.002989602
particleDestroy,51,5,0.00297053
particleDestroy,51,6,0.003002113
particleDestroy,51,7,0.00297069
particleDestroy,51,8,0.002978402
particleDestroy,51,9,0.002963715
ScatterPIFNUFFT,51,0,0.29762337
ScatterPIFNUFFT,51,1,3.0591e-05
ScatterPIFNUFFT,51,2,0.167927688
ScatterPIFNUFFT,51,3,3.6542e-05
ScatterPIFNUFFT,51,4,0.274493988
ScatterPIFNUFFT,51,5,2.976e-05
ScatterPIFNUFFT,51,6,0.214898911
ScatterPIFNUFFT,51,7,1.7823e-05
ScatterPIFNUFFT,51,8,0.197327017
ScatterPIFNUFFT,51,9,2.5983e-05
ScatterPIFNUFFT,51,10,0.323599701
ScatterPIFNUFFT,51,11,2.5695e-05
ScatterPIFNUFFT,51,12,0.175163077
ScatterPIFNUFFT,51,13,2.4768e-05
ScatterPIFNUFFT,51,14,0.265441217
ScatterPIFNUFFT,51,15,2.8447e-05
ScatterPIFNUFFT,51,16,0.211857309
ScatterPIFNUFFT,51,17,1.8495e-05
ScatterPIFNUFFT,51,18,0.207688065
ScatterPIFNUFFT,51,19,2.8191e-05
NativeNUFFT1,51,0,0.293284947
NativeNUFFT1,51,1,0.163501077
NativeNUFFT1,51,2,0.2699125
NativeNUFFT1,51,3,0.210532008
NativeNUFFT1,51,4,0.192965874
NativeNUFFT1,51,5,0.319214752
NativeNUFFT1,51,6,0.17069237
NativeNUFFT1,51,7,0.261030797
NativeNUFFT1,51,8,0.207520518
NativeNUFFT1,51,9,0.203254862
scatterTimerNUFFT1,51,0,0.162962917
scatterTimerNUFFT1,51,1,0.020297695
scatterTimerNUFFT1,51,2,0.132520422
scatterTimerNUFFT1,51,3,0.075355028
scatterTimerNUFFT1,51,4,0.073993406
scatterTimerNUFFT1,51,5,0.182302627
scatterTimerNUFFT1,51,6,0.039546752
scatterTimerNUFFT1,51,7,0.134955739
scatterTimerNUFFT1,51,8,0.075136539
scatterTimerNUFFT1,51,9,0.078342007
binSort,51,0,0.004064864
binSort,51,1,0.004033313
binSort,51,2,0.003991714
binSort,51,3,0.004011458
binSort,51,4,0.004058976
binSort,51,5,0.004041728
binSort,51,6,0.004014241
binSort,51,7,0.004006209
binSort,51,8,0.004101471
binSort,51,9,0.003980546
binSort,51,10,0.004045281
binSort,51,11,0.004023778
binSort,51,12,0.004034913
binSort,51,13,0.004008609
binSort,51,14,0.003972354
binSort,51,15,0.004042433
binSort,51,16,0.004036033
binSort,51,17,0.004015169
binSort,51,18,0.003974818
binSort,51,19,0.003983074
binSort,51,20,0.004090719
binSort,51,21,0.003974562
binSort,51,22,0.004074303
binSort,51,23,0.003975234
binSort,51,24,0.00406704
binSort,51,25,0.004042529
binSort,51,26,0.003962563
binSort,51,27,0.003990018
binSort,51,28,0.004063648
binSort,51,29,0.004025057
binSort,51,30,0.004018753
binSort,51,31,0.004029025
binSort,51,32,0.004064607
binSort,51,33,0.003985922
binSort,51,34,0.003967042
binSort,51,35,0.003954083
binSort,51,36,0.004062015
binSort,51,37,0.004009569
binSort,51,38,0.004004034
binSort,51,39,0.003969251
binComputeKeys,51,0,0.000378772
binComputeKeys,51,1,0.00038706
binComputeKeys,51,2,0.000382004
binComputeKeys,51,3,0.000382484
binComputeKeys,51,4,0.000388596
binComputeKeys,51,5,0.000376084
binComputeKeys,51,6,0.000377396
binComputeKeys,51,7,0.000374996
binComputeKeys,51,8,0.000387508
binComputeKeys,51,9,0.000379028
binComputeKeys,51,10,0.000379636
binComputeKeys,51,11,0.00038946
binComputeKeys,51,12,0.000375413
binComputeKeys,51,13,0.00037234
binComputeKeys,51,14,0.000379124
binComputeKeys,51,15,0.000390388
binComputeKeys,51,16,0.000382644
binComputeKeys,51,17,0.00037714
binComputeKeys,51,18,0.00038002
binComputeKeys,51,19,0.000378388
binComputeKeys,51,20,0.000380468
binComputeKeys,51,21,0.000377684
binComputeKeys,51,22,0.000375028
binComputeKeys,51,23,0.000374164
binComputeKeys,51,24,0.00038722
binComputeKeys,51,25,0.000379508
binComputeKeys,51,26,0.00037474
binComputeKeys,51,27,0.00037826
binComputeKeys,51,28,0.000377012
binComputeKeys,51,29,0.000383412
binComputeKeys,51,30,0.000377844
binComputeKeys,51,31,0.00037746
binComputeKeys,51,32,0.000374901
binComputeKeys,51,33,0.000388724
binComputeKeys,51,34,0.000376404
binComputeKeys,51,35,0.000375604
binComputeKeys,51,36,0.000384852
binComputeKeys,51,37,0.000391667
binComputeKeys,51,38,0.000386132
binComputeKeys,51,39,0.000385524
binSortByKey,51,0,0.003494642
binSortByKey,51,1,0.003453555
binSortByKey,51,2,0.003425364
binSortByKey,51,3,0.003437716
binSortByKey,51,4,0.003473266
binSortByKey,51,5,0.003474002
binSortByKey,51,6,0.003444563
binSortByKey,51,7,0.003439411
binSortByKey,51,8,0.003512817
binSortByKey,51,9,0.003415956
binSortByKey,51,10,0.003458323
binSortByKey,51,11,0.003440916
binSortByKey,51,12,0.003464818
binSortByKey,51,13,0.003448243
binSortByKey,51,14,0.003410132
binSortByKey,51,15,0.003458611
binSortByKey,51,16,0.003459571
binSortByKey,51,17,0.003448851
binSortByKey,51,18,0.003411348
binSortByKey,51,19,0.003420052
binSortByKey,51,20,0.003516273
binSortByKey,51,21,0.003417172
binSortByKey,51,22,0.003497041
binSortByKey,51,23,0.003416436
binSortByKey,51,24,0.003485554
binSortByKey,51,25,0.003461523
binSortByKey,51,26,0.003405428
binSortByKey,51,27,0.003427507
binSortByKey,51,28,0.003492978
binSortByKey,51,29,0.003450963
binSortByKey,51,30,0.003451123
binSortByKey,51,31,0.003457299
binSortByKey,51,32,0.003492017
binSortByKey,51,33,0.003413556
binSortByKey,51,34,0.003406452
binSortByKey,51,35,0.003395669
binSortByKey,51,36,0.00348325
binSortByKey,51,37,0.003431412
binSortByKey,51,38,0.003430548
binSortByKey,51,39,0.003399541
binComputeOffsets,51,0,0.000190234
binComputeOffsets,51,1,0.000190522
binComputeOffsets,51,2,0.000183034
binComputeOffsets,51,3,0.000190426
binComputeOffsets,51,4,0.000194874
binComputeOffsets,51,5,0.00019049
binComputeOffsets,51,6,0.000191354
binComputeOffsets,51,7,0.000190522
binComputeOffsets,51,8,0.000199578
binComputeOffsets,51,9,0.00018425
binComputeOffsets,51,10,0.000205818
binComputeOffsets,51,11,0.000192378
binComputeOffsets,51,12,0.000193498
binComputeOffsets,51,13,0.00018665
binComputeOffsets,51,14,0.000181626
binComputeOffsets,51,15,0.000191866
binComputeOffsets,51,16,0.000191834
binComputeOffsets,51,17,0.000188186
binComputeOffsets,51,18,0.000182042
binComputeOffsets,51,19,0.000183258
binComputeOffsets,51,20,0.000192666
binComputeOffsets,51,21,0.00017881
binComputeOffsets,51,22,0.00020041
binComputeOffsets,51,23,0.000183226
binComputeOffsets,51,24,0.00019289
binComputeOffsets,51,25,0.000200058
binComputeOffsets,51,26,0.000181531
binComputeOffsets,51,27,0.000183003
binComputeOffsets,51,28,0.000192122
binComputeOffsets,51,29,0.000189082
binComputeOffsets,51,30,0.00018857
binComputeOffsets,51,31,0.000192186
binComputeOffsets,51,32,0.000194522
binComputeOffsets,51,33,0.000182298
binComputeOffsets,51,34,0.000181914
binComputeOffsets,51,35,0.000181882
binComputeOffsets,51,36,0.000192601
binComputeOffsets,51,37,0.000185114
binComputeOffsets,51,38,0.000185787
binComputeOffsets,51,39,0.00018265
FFTNUFFT1,51,0,0.129502248
FFTNUFFT1,51,1,0.14255585
FFTNUFFT1,51,2,0.136745027
FFTNUFFT1,51,3,0.134531592
FFTNUFFT1,51,4,0.118325801
FFTNUFFT1,51,5,0.136254002
FFTNUFFT1,51,6,0.130496646
FFTNUFFT1,51,7,0.125272843
FFTNUFFT1,51,8,0.131573253
FFTNUFFT1,51,9,0.124241836
deconvolutionNUFFT1,51,0,0.00081735
deconvolutionNUFFT1,51,1,0.00064558
deconvolutionNUFFT1,51,2,0.000645707
deconvolutionNUFFT1,51,3,0.0006411
deconvolutionNUFFT1,51,4,0.000643499
deconvolutionNUFFT1,51,5,0.000656683
deconvolutionNUFFT1,51,6,0.000645676
deconvolutionNUFFT1,51,7,0.000800007
deconvolutionNUFFT1,51,8,0.00080695
deconvolutionNUFFT1,51,9,0.000667659
GatherPIFNUFFT,51,0,0.468796396
GatherPIFNUFFT,51,1,0.453530383
GatherPIFNUFFT,51,2,0.451008958
GatherPIFNUFFT,51,3,0.454628491
GatherPIFNUFFT,51,4,0.472772655
GatherPIFNUFFT,51,5,0.449328627
GatherPIFNUFFT,51,6,0.461057089
GatherPIFNUFFT,51,7,0.467416024
GatherPIFNUFFT,51,8,0.463884103
GatherPIFNUFFT,51,9,0.469720687
NativeNUFFT2,51,0,0.158014018
NativeNUFFT2,51,1,0.154115324
NativeNUFFT2,51,2,0.154905381
NativeNUFFT2,51,3,0.145315219
NativeNUFFT2,51,4,0.152444947
NativeNUFFT2,51,5,0.154268121
NativeNUFFT2,51,6,0.145835874
NativeNUFFT2,51,7,0.152547087
NativeNUFFT2,51,8,0.151032159
NativeNUFFT2,51,9,0.148832579
NativeNUFFT2,51,10,0.150552046
NativeNUFFT2,51,11,0.153624461
NativeNUFFT2,51,12,0.162633105
NativeNUFFT2,51,13,0.153458993
NativeNUFFT2,51,14,0.153690667
NativeNUFFT2,51,15,0.146945311
NativeNUFFT2,51,16,0.148750151
NativeNUFFT2,51,17,0.152093693
NativeNUFFT2,51,18,0.14960878
NativeNUFFT2,51,19,0.155396309
NativeNUFFT2,51,20,0.152958369
NativeNUFFT2,51,21,0.153928771
NativeNUFFT2,51,22,0.150723369
NativeNUFFT2,51,23,0.159734059
NativeNUFFT2,51,24,0.157064096
NativeNUFFT2,51,25,0.155943842
NativeNUFFT2,51,26,0.149367891
NativeNUFFT2,51,27,0.160010978
NativeNUFFT2,51,28,0.153513329
NativeNUFFT2,51,29,0.153241177
PrecorrectionNUFFT2,51,0,0.001578126
PrecorrectionNUFFT2,51,1,0.002520528
PrecorrectionNUFFT2,51,2,0.002520816
PrecorrectionNUFFT2,51,3,0.001570479
PrecorrectionNUFFT2,51,4,0.002508465
PrecorrectionNUFFT2,51,5,0.002514896
PrecorrectionNUFFT2,51,6,0.001567279
PrecorrectionNUFFT2,51,7,0.002511057
PrecorrectionNUFFT2,51,8,0.002512496
PrecorrectionNUFFT2,51,9,0.001572718
PrecorrectionNUFFT2,51,10,0.002511185
PrecorrectionNUFFT2,51,11,0.002479346
PrecorrectionNUFFT2,51,12,0.00160651
PrecorrectionNUFFT2,51,13,0.002518672
PrecorrectionNUFFT2,51,14,0.002514865
PrecorrectionNUFFT2,51,15,0.00156731
PrecorrectionNUFFT2,51,16,0.002481585
PrecorrectionNUFFT2,51,17,0.002506481
PrecorrectionNUFFT2,51,18,0.00160923
PrecorrectionNUFFT2,51,19,0.002500209
PrecorrectionNUFFT2,51,20,0.002495793
PrecorrectionNUFFT2,51,21,0.001596717
PrecorrectionNUFFT2,51,22,0.002513136
PrecorrectionNUFFT2,51,23,0.002530544
PrecorrectionNUFFT2,51,24,0.001568014
PrecorrectionNUFFT2,51,25,0.00250728
PrecorrectionNUFFT2,51,26,0.002482673
PrecorrectionNUFFT2,51,27,0.001589166
PrecorrectionNUFFT2,51,28,0.002525168
PrecorrectionNUFFT2,51,29,0.002492689
FFTNUFFT2,51,0,0.141864479
FFTNUFFT2,51,1,0.127023796
FFTNUFFT2,51,2,0.131370316
FFTNUFFT2,51,3,0.118807671
FFTNUFFT2,51,4,0.132722849
FFTNUFFT2,51,5,0.126209742
FFTNUFFT2,51,6,0.121482755
FFTNUFFT2,51,7,0.126205295
FFTNUFFT2,51,8,0.133438442
FFTNUFFT2,51,9,0.131688129
FFTNUFFT2,51,10,0.134808447
FFTNUFFT2,51,11,0.124018708
FFTNUFFT2,51,12,0.141326001
FFTNUFFT2,51,13,0.130371083
FFTNUFFT2,51,14,0.13200108
FFTNUFFT2,51,15,0.131886747
FFTNUFFT2,51,16,0.131007448
FFTNUFFT2,51,17,0.125393384
FFTNUFFT2,51,18,0.130526023
FFTNUFFT2,51,19,0.139736515
FFTNUFFT2,51,20,0.1371461
FFTNUFFT2,51,21,0.13790531
FFTNUFFT2,51,22,0.121954421
FFTNUFFT2,51,23,0.136746465
FFTNUFFT2,51,24,0.137261265
FFTNUFFT2,51,25,0.134966041
FFTNUFFT2,51,26,0.132310287
FFTNUFFT2,51,27,0.14260596
FFTNUFFT2,51,28,0.133517736
FFTNUFFT2,51,29,0.128570947
GatherNUFFT2,51,0,0.008717612
GatherNUFFT2,51,1,0.018525015
GatherNUFFT2,51,2,0.014995302
GatherNUFFT2,51,3,0.01888894
GatherNUFFT2,51,4,0.011341914
GatherNUFFT2,51,5,0.019663859
GatherNUFFT2,51,6,0.016755279
GatherNUFFT2,51,7,0.017787694
GatherNUFFT2,51,8,0.009032067
GatherNUFFT2,51,9,0.009677582
GatherNUFFT2,51,10,0.00738847
GatherNUFFT2,51,11,0.021274944
GatherNUFFT2,51,12,0.013640818
GatherNUFFT2,51,13,0.014542901
GatherNUFFT2,51,14,0.013303484
GatherNUFFT2,51,15,0.007658606
GatherNUFFT2,51,16,0.009224252
GatherNUFFT2,51,17,0.018158212
GatherNUFFT2,51,18,0.011443254
GatherNUFFT2,51,19,0.007291034
GatherNUFFT2,51,20,0.007444789
GatherNUFFT2,51,21,0.008562194
GatherNUFFT2,51,22,0.020233666
GatherNUFFT2,51,23,0.014422425
GatherNUFFT2,51,24,0.012203936
GatherNUFFT2,51,25,0.012623217
GatherNUFFT2,51,26,0.008554898
GatherNUFFT2,51,27,0.009965157
GatherNUFFT2,51,28,0.011435991
GatherNUFFT2,51,29,0.016173826
mainTimer,52,0,7.524187689
dumpData,52,0,0.010068557
dumpData,52,1,0.007414885
dumpData,52,2,0.007487971
dumpData,52,3,0.009506942
dumpData,52,4,0.008518816
dumpData,52,5,0.008044336
dumpData,52,6,0.007766042
dumpData,52,7,0.00814155
dumpData,52,8,0.008553055
dumpData,52,9,0.007580096
kick,52,0,3.2063e-05
kick,52,1,5.855e-06
kick,52,2,3.5295e-05
kick,52,3,5.632e-06
kick,52,4,3.5999e-05
kick,52,5,5.408e-06
kick,52,6,3.3823e-05
kick,52,7,8.384e-06
kick,52,8,3.0271e-05
kick,52,9,7.168e-06
kick,52,10,3.8143e-05
kick,52,11,5.951e-06
kick,52,12,3.7086e-05
kick,52,13,6.655e-06
kick,52,14,3.3375e-05
kick,52,15,1.0175e-05
kick,52,16,2.6399e-05
kick,52,17,1.0816e-05
kick,52,18,2.9599e-05
kick,52,19,6.176e-06
drift,52,0,6.528e-06
drift,52,1,7.168e-06
drift,52,2,6.848e-06
drift,52,3,4.704e-06
drift,52,4,7.296e-06
drift,52,5,7.487e-06
drift,52,6,6.944e-06
drift,52,7,5.664e-06
drift,52,8,5.056e-06
drift,52,9,4.8e-06
particleBC,52,0,1.1487e-05
particleBC,52,1,1.1295e-05
particleBC,52,2,9.119e-06
particleBC,52,3,1.1231e-05
particleBC,52,4,1.0367e-05
particleBC,52,5,1.1104e-05
particleBC,52,6,8.928e-06
particleBC,52,7,1.1616e-05
particleBC,52,8,1.1744e-05
particleBC,52,9,1.3023e-05
updateParticle,52,0,0.063983761
updateParticle,52,1,0.121630741
updateParticle,52,2,0.064058285
updateParticle,52,3,0.117904531
updateParticle,52,4,0.065915215
updateParticle,52,5,0.009717751
updateParticle,52,6,0.06327636
updateParticle,52,7,0.009694393
updateParticle,52,8,0.045710232
updateParticle,52,9,0.06700161
locateParticles,52,0,0.003859838
locateParticles,52,1,0.003844735
locateParticles,52,2,0.003842879
locateParticles,52,3,0.003856286
locateParticles,52,4,0.003845246
locateParticles,52,5,0.00384483
locateParticles,52,6,0.003851742
locateParticles,52,7,0.003869597
locateParticles,52,8,0.003851198
locateParticles,52,9,0.003846942
sendPreprocess,52,0,0.000494319
sendPreprocess,52,1,0.000534926
sendPreprocess,52,2,0.000546285
sendPreprocess,52,3,0.000528878
sendPreprocess,52,4,0.000558125
sendPreprocess,52,5,0.00052427
sendPreprocess,52,6,0.000521198
sendPreprocess,52,7,0.000528526
sendPreprocess,52,8,0.000592524
sendPreprocess,52,9,0.000529742
particleSend,52,0,0.00114169
particleSend,52,1,0.001107322
particleSend,52,2,0.001100955
particleSend,52,3,0.001201463
particleSend,52,4,0.001021629
particleSend,52,5,0.001150585
particleSend,52,6,0.001036157
particleSend,52,7,0.001082524
particleSend,52,8,0.001118298
particleSend,52,9,0.001092732
particleRecv,52,0,3.9071e-05
particleRecv,52,1,4.5375e-05
particleRecv,52,2,4.9374e-05
particleRecv,52,3,3.7823e-05
particleRecv,52,4,4.8063e-05
particleRecv,52,5,3.5711e-05
particleRecv,52,6,5.0142e-05
particleRecv,52,7,3.6798e-05
particleRecv,52,8,4.0478e-05
particleRecv,52,9,3.7407e-05
particleDestroy,52,0,0.003027129
particleDestroy,52,1,0.003035545
particleDestroy,52,2,0.00304137
particleDestroy,52,3,0.003024826
particleDestroy,52,4,0.003060504
particleDestroy,52,5,0.003044025
particleDestroy,52,6,0.003031386
particleDestroy,52,7,0.003018395
particleDestroy,52,8,0.00303625
particleDestroy,52,9,0.003019738
ScatterPIFNUFFT,52,0,0.309907585
ScatterPIFNUFFT,52,1,2.5119e-05
ScatterPIFNUFFT,52,2,0.194518009
ScatterPIFNUFFT,52,3,2.0896e-05
ScatterPIFNUFFT,52,4,0.209265991
ScatterPIFNUFFT,52,5,1.6735e-05
ScatterPIFNUFFT,52,6,0.160719182
ScatterPIFNUFFT,52,7,1.6128e-05
ScatterPIFNUFFT,52,8,0.208986161
ScatterPIFNUFFT,52,9,3.3407e-05
ScatterPIFNUFFT,52,10,0.319524092
ScatterPIFNUFFT,52,11,1.9903e-05
ScatterPIFNUFFT,52,12,0.161097889
ScatterPIFNUFFT,52,13,1.6192e-05
ScatterPIFNUFFT,52,14,0.274534794
ScatterPIFNUFFT,52,15,2.1184e-05
ScatterPIFNUFFT,52,16,0.17979137
ScatterPIFNUFFT,52,17,1.5071e-05
ScatterPIFNUFFT,52,18,0.160488149
ScatterPIFNUFFT,52,19,2.4383e-05
NativeNUFFT1,52,0,0.305398392
NativeNUFFT1,52,1,0.190007664
NativeNUFFT1,52,2,0.204858396
NativeNUFFT1,52,3,0.156351841
NativeNUFFT1,52,4,0.204548103
NativeNUFFT1,52,5,0.315111728
NativeNUFFT1,52,6,0.156709941
NativeNUFFT1,52,7,0.270140095
NativeNUFFT1,52,8,0.175291873
NativeNUFFT1,52,9,0.156052458
scatterTimerNUFFT1,52,0,0.165448429
scatterTimerNUFFT1,52,1,0.056670087
scatterTimerNUFFT1,52,2,0.076294801
scatterTimerNUFFT1,52,3,0.020785314
scatterTimerNUFFT1,52,4,0.070958373
scatterTimerNUFFT1,52,5,0.183510508
scatterTimerNUFFT1,52,6,0.021475338
scatterTimerNUFFT1,52,7,0.13653955
scatterTimerNUFFT1,52,8,0.039952987
scatterTimerNUFFT1,52,9,0.020533354
binSort,52,0,0.004261008
binSort,52,1,0.00427912
binSort,52,2,0.004238705
binSort,52,3,0.004221777
binSort,52,4,0.004238353
binSort,52,5,0.004245872
binSort,52,6,0.004196914
binSort,52,7,0.004237105
binSort,52,8,0.004268528
binSort,52,9,0.004264816
binSort,52,10,0.004286
binSort,52,11,0.004234769
binSort,52,12,0.004286352
binSort,52,13,0.004243793
binSort,52,14,0.004245904
binSort,52,15,0.00426952
binSort,52,16,0.004337774
binSort,52,17,0.004218354
binSort,52,18,0.00422741
binSort,52,19,0.004266704
binSort,52,20,0.004216849
binSort,52,21,0.004231058
binSort,52,22,0.00421733
binSort,52,23,0.004260944
binSort,52,24,0.004302927
binSort,52,25,0.004206994
binSort,52,26,0.00420661
binSort,52,27,0.004262768
binSort,52,28,0.004282607
binSort,52,29,0.004213202
binSort,52,30,0.004218289
binSort,52,31,0.004265968
binSort,52,32,0.004303055
binSort,52,33,0.004216146
binSort,52,34,0.004230513
binSort,52,35,0.004256111
binSort,52,36,0.004255088
binSort,52,37,0.004209233
binSort,52,38,0.004242769
binSort,52,39,0.00425256
binComputeKeys,52,0,0.000408338
binComputeKeys,52,1,0.000405939
binComputeKeys,52,2,0.000396946
binComputeKeys,52,3,0.000402387
binComputeKeys,52,4,0.000405299
binComputeKeys,52,5,0.00040165
binComputeKeys,52,6,0.000396114
binComputeKeys,52,7,0.000399923
binComputeKeys,52,8,0.000410802
binComputeKeys,52,9,0.000421361
binComputeKeys,52,10,0.000423154
binComputeKeys,52,11,0.00040101
binComputeKeys,52,12,0.000415826
binComputeKeys,52,13,0.000402259
binComputeKeys,52,14,0.000416114
binComputeKeys,52,15,0.000398034
binComputeKeys,52,16,0.000417266
binComputeKeys,52,17,0.000398611
binComputeKeys,52,18,0.000424306
binComputeKeys,52,19,0.000407634
binComputeKeys,52,20,0.000397906
binComputeKeys,52,21,0.000404307
binComputeKeys,52,22,0.000408115
binComputeKeys,52,23,0.00039685
binComputeKeys,52,24,0.000422578
binComputeKeys,52,25,0.000399091
binComputeKeys,52,26,0.000398706
binComputeKeys,52,27,0.00040021
binComputeKeys,52,28,0.000419698
binComputeKeys,52,29,0.000398707
binComputeKeys,52,30,0.000409554
binComputeKeys,52,31,0.00040421
binComputeKeys,52,32,0.000406802
binComputeKeys,52,33,0.000400979
binComputeKeys,52,34,0.000404978
binComputeKeys,52,35,0.000406834
binComputeKeys,52,36,0.000405139
binComputeKeys,52,37,0.000395762
binComputeKeys,52,38,0.000399602
binComputeKeys,52,39,0.00041829
binSortByKey,52,0,0.003650949
binSortByKey,52,1,0.00366106
binSortByKey,52,2,0.003642949
binSortByKey,52,3,0.003620773
binSortByKey,52,4,0.003631365
binSortByKey,52,5,0.003643141
binSortByKey,52,6,0.00360903
binSortByKey,52,7,0.003632389
binSortByKey,52,8,0.003656133
binSortByKey,52,9,0.00363831
binSortByKey,52,10,0.003655269
binSortByKey,52,11,0.003625702
binSortByKey,52,12,0.003667268
binSortByKey,52,13,0.003643781
binSortByKey,52,14,0.003635909
binSortByKey,52,15,0.003663397
binSortByKey,52,16,0.003700835
binSortByKey,52,17,0.003625253
binSortByKey,52,18,0.003609894
binSortByKey,52,19,0.003654789
binSortByKey,52,20,0.003619014
binSortByKey,52,21,0.003628133
binSortByKey,52,22,0.00360999
binSortByKey,52,23,0.003654053
binSortByKey,52,24,0.003678884
binSortByKey,52,25,0.003612326
binSortByKey,52,26,0.00361271
binSortByKey,52,27,0.003656133
binSortByKey,52,28,0.003661284
binSortByKey,52,29,0.003620581
binSortByKey,52,30,0.003615366
binSortByKey,52,31,0.003653861
binSortByKey,52,32,0.00368042
binSortByKey,52,33,0.003622438
binSortByKey,52,34,0.003628518
binSortByKey,52,35,0.003646692
binSortByKey,52,36,0.003648517
binSortByKey,52,37,0.003620166
binSortByKey,52,38,0.003634214
binSortByKey,52,39,0.003632102
binComputeOffsets,52,0,0.000199769
binComputeOffsets,52,1,0.000210457
binComputeOffsets,52,2,0.000197018
binComputeOffsets,52,3,0.000196634
binComputeOffsets,52,4,0.000198969
binComputeOffsets,52,5,0.000199289
binComputeOffsets,52,6,0.000190298
binComputeOffsets,52,7,0.000201465
binComputeOffsets,52,8,0.000199097
binComputeOffsets,52,9,0.000203833
binComputeOffsets,52,10,0.000204825
binComputeOffsets,52,11,0.000206809
binComputeOffsets,52,12,0.000201402
binComputeOffsets,52,13,0.000196345
binComputeOffsets,52,14,0.000191129
binComputeOffsets,52,15,0.000204922
binComputeOffsets,52,16,0.000216313
binComputeOffsets,52,17,0.000192538
binComputeOffsets,52,18,0.000191162
binComputeOffsets,52,19,0.000200921
binComputeOffsets,52,20,0.000197721
binComputeOffsets,52,21,0.000196346
binComputeOffsets,52,22,0.000195833
binComputeOffsets,52,23,0.000208505
binComputeOffsets,52,24,0.000199257
binComputeOffsets,52,25,0.000194073
binComputeOffsets,52,26,0.000193914
binComputeOffsets,52,27,0.000203513
binComputeOffsets,52,28,0.000199609
binComputeOffsets,52,29,0.000192122
binComputeOffsets,52,30,0.000191513
binComputeOffsets,52,31,0.000204825
binComputeOffsets,52,32,0.000211961
binComputeOffsets,52,33,0.000191065
binComputeOffsets,52,34,0.000195321
binComputeOffsets,52,35,0.000200281
binComputeOffsets,52,36,0.000199321
binComputeOffsets,52,37,0.000191801
binComputeOffsets,52,38,0.000204953
binComputeOffsets,52,39,0.000199449
FFTNUFFT1,52,0,0.139122919
FFTNUFFT1,52,1,0.132493671
FFTNUFFT1,52,2,0.127743943
FFTNUFFT1,52,3,0.134741019
FFTNUFFT1,52,4,0.132749983
FFTNUFFT1,52,5,0.13094761
FFTNUFFT1,52,6,0.134565473
FFTNUFFT1,52,7,0.132930616
FFTNUFFT1,52,8,0.134515906
FFTNUFFT1,52,9,0.134851031
deconvolutionNUFFT1,52,0,0.00082362
deconvolutionNUFFT1,52,1,0.000838819
deconvolutionNUFFT1,52,2,0.000815236
deconvolutionNUFFT1,52,3,0.000819876
deconvolutionNUFFT1,52,4,0.000833732
deconvolutionNUFFT1,52,5,0.000649226
deconvolutionNUFFT1,52,6,0.000666058
deconvolutionNUFFT1,52,7,0.000666889
deconvolutionNUFFT1,52,8,0.000818628
deconvolutionNUFFT1,52,9,0.000661546
GatherPIFNUFFT,52,0,0.457283696
GatherPIFNUFFT,52,1,0.463979567
GatherPIFNUFFT,52,2,0.46446947
GatherPIFNUFFT,52,3,0.453906019
GatherPIFNUFFT,52,4,0.460198798
GatherPIFNUFFT,52,5,0.453846853
GatherPIFNUFFT,52,6,0.457530184
GatherPIFNUFFT,52,7,0.456780097
GatherPIFNUFFT,52,8,0.459829563
GatherPIFNUFFT,52,9,0.459382922
NativeNUFFT2,52,0,0.148976603
NativeNUFFT2,52,1,0.153423747
NativeNUFFT2,52,2,0.153267337
NativeNUFFT2,52,3,0.1559164
NativeNUFFT2,52,4,0.152597919
NativeNUFFT2,52,5,0.152614335
NativeNUFFT2,52,6,0.158304926
NativeNUFFT2,52,7,0.151960053
NativeNUFFT2,52,8,0.152716125
NativeNUFFT2,52,9,0.148887804
NativeNUFFT2,52,10,0.149544999
NativeNUFFT2,52,11,0.153949555
NativeNUFFT2,52,12,0.149836445
NativeNUFFT2,52,13,0.154819221
NativeNUFFT2,52,14,0.153969042
NativeNUFFT2,52,15,0.147121465
NativeNUFFT2,52,16,0.149223219
NativeNUFFT2,52,17,0.154512096
NativeNUFFT2,52,18,0.148940156
NativeNUFFT2,52,19,0.153797271
NativeNUFFT2,52,20,0.153293608
NativeNUFFT2,52,21,0.144934115
NativeNUFFT2,52,22,0.150518438
NativeNUFFT2,52,23,0.158406939
NativeNUFFT2,52,24,0.152290731
NativeNUFFT2,52,25,0.155911952
NativeNUFFT2,52,26,0.150128722
NativeNUFFT2,52,27,0.150531334
NativeNUFFT2,52,28,0.151838298
NativeNUFFT2,52,29,0.154565692
PrecorrectionNUFFT2,52,0,0.001598794
PrecorrectionNUFFT2,52,1,0.002575561
PrecorrectionNUFFT2,52,2,0.002612232
PrecorrectionNUFFT2,52,3,0.00161809
PrecorrectionNUFFT2,52,4,0.002586024
PrecorrectionNUFFT2,52,5,0.002583209
PrecorrectionNUFFT2,52,6,0.001603786
PrecorrectionNUFFT2,52,7,0.002578409
PrecorrectionNUFFT2,52,8,0.002615848
PrecorrectionNUFFT2,52,9,0.001618697
PrecorrectionNUFFT2,52,10,0.00259972
PrecorrectionNUFFT2,52,11,0.002614344
PrecorrectionNUFFT2,52,12,0.001593706
PrecorrectionNUFFT2,52,13,0.002578249
PrecorrectionNUFFT2,52,14,0.002591465
PrecorrectionNUFFT2,52,15,0.001636265
PrecorrectionNUFFT2,52,16,0.002611336
PrecorrectionNUFFT2,52,17,0.002618152
PrecorrectionNUFFT2,52,18,0.001590986
PrecorrectionNUFFT2,52,19,0.002592296
PrecorrectionNUFFT2,52,20,0.002592489
PrecorrectionNUFFT2,52,21,0.001609258
PrecorrectionNUFFT2,52,22,0.002550154
PrecorrectionNUFFT2,52,23,0.002580969
PrecorrectionNUFFT2,52,24,0.001631785
PrecorrectionNUFFT2,52,25,0.002606601
PrecorrectionNUFFT2,52,26,0.002618823
PrecorrectionNUFFT2,52,27,0.001586186
PrecorrectionNUFFT2,52,28,0.002595305
PrecorrectionNUFFT2,52,29,0.002614887
FFTNUFFT2,52,0,0.130747937
FFTNUFFT2,52,1,0.126175132
FFTNUFFT2,52,2,0.131572102
FFTNUFFT2,52,3,0.131250193
FFTNUFFT2,52,4,0.135009106
FFTNUFFT2,52,5,0.133957078
FFTNUFFT2,52,6,0.136965263
FFTNUFFT2,52,7,0.134777242
FFTNUFFT2,52,8,0.122793358
FFTNUFFT2,52,9,0.133259725
FFTNUFFT2,52,10,0.131310959
FFTNUFFT2,52,11,0.129020475
FFTNUFFT2,52,12,0.127286519
FFTNUFFT2,52,13,0.134412037
FFTNUFFT2,52,14,0.129889342
FFTNUFFT2,52,15,0.129291218
FFTNUFFT2,52,16,0.124606449
FFTNUFFT2,52,17,0.129566122
FFTNUFFT2,52,18,0.124316348
FFTNUFFT2,52,19,0.123266687
FFTNUFFT2,52,20,0.134745275
FFTNUFFT2,52,21,0.129428077
FFTNUFFT2,52,22,0.134325129
FFTNUFFT2,52,23,0.141210784
FFTNUFFT2,52,24,0.135046192
FFTNUFFT2,52,25,0.1293748
FFTNUFFT2,52,26,0.132362124
FFTNUFFT2,52,27,0.125972739
FFTNUFFT2,52,28,0.131128725
FFTNUFFT2,52,29,0.133250221
GatherNUFFT2,52,0,0.010524253
GatherNUFFT2,52,1,0.01840213
GatherNUFFT2,52,2,0.012784752
GatherNUFFT2,52,3,0.016922245
GatherNUFFT2,52,4,0.008902003
GatherNUFFT2,52,5,0.009814517
GatherNUFFT2,52,6,0.013467961
GatherNUFFT2,52,7,0.008326215
GatherNUFFT2,52,8,0.021025274
GatherNUFFT2,52,9,0.007722938
GatherNUFFT2,52,10,0.009360388
GatherNUFFT2,52,11,0.015996388
GatherNUFFT2,52,12,0.014647793
GatherNUFFT2,52,13,0.011544474
GatherNUFFT2,52,14,0.015213599
GatherNUFFT2,52,15,0.009895314
GatherNUFFT2,52,16,0.015721901
GatherNUFFT2,52,17,0.016055138
GatherNUFFT2,52,18,0.016739082
GatherNUFFT2,52,19,0.021658309
GatherNUFFT2,52,20,0.009635707
GatherNUFFT2,52,21,0.007799033
GatherNUFFT2,52,22,0.007367303
GatherNUFFT2,52,23,0.008516064
GatherNUFFT2,52,24,0.009325285
GatherNUFFT2,52,25,0.017648332
GatherNUFFT2,52,26,0.008846356
GatherNUFFT2,52,27,0.016868839
GatherNUFFT2,52,28,0.011984268
GatherNUFFT2,52,29,0.012427387
mainTimer,53,0,7.524189417
dumpData,53,0,0.009496416
dumpData,53,1,0.008460418
dumpData,53,2,0.009606396
dumpData,53,3,0.008347142
dumpData,53,4,0.010710102
dumpData,53,5,0.010077803
dumpData,53,6,0.009016143
dumpData,53,7,0.008777047
dumpData,53,8,0.009077742
dumpData,53,9,0.008723226
kick,53,0,3.2223e-05
kick,53,1,9.888e-06
kick,53,2,3.4239e-05
kick,53,3,6.944e-06
kick,53,4,3.6639e-05
kick,53,5,1.6096e-05
kick,53,6,3.4271e-05
kick,53,7,1.0271e-05
kick,53,8,2.8863e-05
kick,53,9,1.4367e-05
kick,53,10,3.8143e-05
kick,53,11,1.3215e-05
kick,53,12,3.7054e-05
kick,53,13,6.144e-06
kick,53,14,3.0463e-05
kick,53,15,7.584e-06
kick,53,16,2.6751e-05
kick,53,17,6.303e-06
kick,53,18,2.8735e-05
kick,53,19,1.0431e-05
drift,53,0,6.688e-06
drift,53,1,6.304e-06
drift,53,2,6.784e-06
drift,53,3,6.368e-06
drift,53,4,8.416e-06
drift,53,5,6.495e-06
drift,53,6,6.432e-06
drift,53,7,5.344e-06
drift,53,8,6.336e-06
drift,53,9,6.592e-06
particleBC,53,0,9.663e-06
particleBC,53,1,1.1072e-05
particleBC,53,2,9.407e-06
particleBC,53,3,1.2383e-05
particleBC,53,4,8.863e-06
particleBC,53,5,1.0688e-05
particleBC,53,6,1.0304e-05
particleBC,53,7,1.0688e-05
particleBC,53,8,1.1328e-05
particleBC,53,9,1.1199e-05
updateParticle,53,0,0.063973361
updateParticle,53,1,0.121631925
updateParticle,53,2,0.064088716
updateParticle,53,3,0.11791765
updateParticle,53,4,0.065938958
updateParticle,53,5,0.00977263
updateParticle,53,6,0.063511424
updateParticle,53,7,0.009661274
updateParticle,53,8,0.045672218
updateParticle,53,9,0.066940749
locateParticles,53,0,0.003682564
locateParticles,53,1,0.00362823
locateParticles,53,2,0.003648261
locateParticles,53,3,0.003656165
locateParticles,53,4,0.003643141
locateParticles,53,5,0.003652388
locateParticles,53,6,0.003639493
locateParticles,53,7,0.003650405
locateParticles,53,8,0.00365386
locateParticles,53,9,0.003642373
sendPreprocess,53,0,0.000672233
sendPreprocess,53,1,0.000753895
sendPreprocess,53,2,0.000742055
sendPreprocess,53,3,0.000728167
sendPreprocess,53,4,0.000762118
sendPreprocess,53,5,0.000718024
sendPreprocess,53,6,0.000735303
sendPreprocess,53,7,0.000748679
sendPreprocess,53,8,0.000789894
sendPreprocess,53,9,0.000735367
particleSend,53,0,0.001099195
particleSend,53,1,0.001105275
particleSend,53,2,0.001191448
particleSend,53,3,0.001066588
particleSend,53,4,0.001092731
particleSend,53,5,0.001147897
particleSend,53,6,0.001129178
particleSend,53,7,0.001044093
particleSend,53,8,0.001088635
particleSend,53,9,0.00108934
particleRecv,53,0,4.5759e-05
particleRecv,53,1,4.7519e-05
particleRecv,53,2,3.3439e-05
particleRecv,53,3,3.8046e-05
particleRecv,53,4,4.6046e-05
particleRecv,53,5,3.9775e-05
particleRecv,53,6,4.0606e-05
particleRecv,53,7,4.3262e-05
particleRecv,53,8,4.3934e-05
particleRecv,53,9,3.5838e-05
particleDestroy,53,0,0.00295718
particleDestroy,53,1,0.002977243
particleDestroy,53,2,0.002960156
particleDestroy,53,3,0.002961596
particleDestroy,53,4,0.002955165
particleDestroy,53,5,0.002958556
particleDestroy,53,6,0.002945757
particleDestroy,53,7,0.0029719
particleDestroy,53,8,0.002962364
particleDestroy,53,9,0.00296934
ScatterPIFNUFFT,53,0,0.308917985
ScatterPIFNUFFT,53,1,3.1871e-05
ScatterPIFNUFFT,53,2,0.20169815
ScatterPIFNUFFT,53,3,1.7215e-05
ScatterPIFNUFFT,53,4,0.220494541
ScatterPIFNUFFT,53,5,1.3536e-05
ScatterPIFNUFFT,53,6,0.163553935
ScatterPIFNUFFT,53,7,3.8782e-05
ScatterPIFNUFFT,53,8,0.207708123
ScatterPIFNUFFT,53,9,2.6911e-05
ScatterPIFNUFFT,53,10,0.323470967
ScatterPIFNUFFT,53,11,1.4783e-05
ScatterPIFNUFFT,53,12,0.152364264
ScatterPIFNUFFT,53,13,1.3567e-05
ScatterPIFNUFFT,53,14,0.274594408
ScatterPIFNUFFT,53,15,2.2464e-05
ScatterPIFNUFFT,53,16,0.183077979
ScatterPIFNUFFT,53,17,4.4575e-05
ScatterPIFNUFFT,53,18,0.160614609
ScatterPIFNUFFT,53,19,1.8303e-05
NativeNUFFT1,53,0,0.304475351
NativeNUFFT1,53,1,0.197336473
NativeNUFFT1,53,2,0.216299066
NativeNUFFT1,53,3,0.159158691
NativeNUFFT1,53,4,0.204362669
NativeNUFFT1,53,5,0.319230662
NativeNUFFT1,53,6,0.14815023
NativeNUFFT1,53,7,0.270205085
NativeNUFFT1,53,8,0.179632367
NativeNUFFT1,53,9,0.156171015
scatterTimerNUFFT1,53,0,0.164175224
scatterTimerNUFFT1,53,1,0.057015067
scatterTimerNUFFT1,53,2,0.077891835
scatterTimerNUFFT1,53,3,0.021237875
scatterTimerNUFFT1,53,4,0.073398226
scatterTimerNUFFT1,53,5,0.182215128
scatterTimerNUFFT1,53,6,0.021684739
scatterTimerNUFFT1,53,7,0.13510139
scatterTimerNUFFT1,53,8,0.039946972
scatterTimerNUFFT1,53,9,0.021087928
binSort,53,0,0.004095061
binSort,53,1,0.004057623
binSort,53,2,0.003941147
binSort,53,3,0.003990874
binSort,53,4,0.004100022
binSort,53,5,0.004010265
binSort,53,6,0.003984026
binSort,53,7,0.003993977
binSort,53,8,0.00409279
binSort,53,9,0.004064119
binSort,53,10,0.004056503
binSort,53,11,0.003955674
binSort,53,12,0.004078519
binSort,53,13,0.003993946
binSort,53,14,0.004026263
binSort,53,15,0.00404268
binSort,53,16,0.004054967
binSort,53,17,0.003984634
binSort,53,18,0.004027352
binSort,53,19,0.004046135
binSort,53,20,0.004086422
binSort,53,21,0.003968026
binSort,53,22,0.00403468
binSort,53,23,0.003948251
binSort,53,24,0.004080758
binSort,53,25,0.003995257
binSort,53,26,0.003973273
binSort,53,27,0.003994745
binSort,53,28,0.004098422
binSort,53,29,0.004001561
binSort,53,30,0.003943387
binSort,53,31,0.004014457
binSort,53,32,0.004048951
binSort,53,33,0.003961946
binSort,53,34,0.003958554
binSort,53,35,0.004037239
binSort,53,36,0.00408351
binSort,53,37,0.003975866
binSort,53,38,0.004006873
binSort,53,39,0.004018265
binComputeKeys,53,0,0.000398771
binComputeKeys,53,1,0.000378739
binComputeKeys,53,2,0.000379763
binComputeKeys,53,3,0.000372244
binComputeKeys,53,4,0.000394515
binComputeKeys,53,5,0.000391379
binComputeKeys,53,6,0.000372979
binComputeKeys,53,7,0.000397395
binComputeKeys,53,8,0.000389811
binComputeKeys,53,9,0.000397746
binComputeKeys,53,10,0.000380307
binComputeKeys,53,11,0.000371795
binComputeKeys,53,12,0.000396403
binComputeKeys,53,13,0.000378356
binComputeKeys,53,14,0.000375763
binComputeKeys,53,15,0.000391283
binComputeKeys,53,16,0.000376755
binComputeKeys,53,17,0.000372564
binComputeKeys,53,18,0.000378707
binComputeKeys,53,19,0.000373811
binComputeKeys,53,20,0.000392467
binComputeKeys,53,21,0.000381779
binComputeKeys,53,22,0.000380051
binComputeKeys,53,23,0.00037378
binComputeKeys,53,24,0.000391634
binComputeKeys,53,25,0.000375092
binComputeKeys,53,26,0.000374259
binComputeKeys,53,27,0.000385843
binComputeKeys,53,28,0.000397395
binComputeKeys,53,29,0.000371156
binComputeKeys,53,30,0.000375507
binComputeKeys,53,31,0.000387251
binComputeKeys,53,32,0.000382707
binComputeKeys,53,33,0.000371092
binComputeKeys,53,34,0.000372019
binComputeKeys,53,35,0.000371187
binComputeKeys,53,36,0.000399059
binComputeKeys,53,37,0.000377203
binComputeKeys,53,38,0.000377844
binComputeKeys,53,39,0.000379155
binSortByKey,53,0,0.003498057
binSortByKey,53,1,0.003470795
binSortByKey,53,2,0.003381422
binSortByKey,53,3,0.00342382
binSortByKey,53,4,0.003505385
binSortByKey,53,5,0.003426732
binSortByKey,53,6,0.003414093
binSortByKey,53,7,0.003412397
binSortByKey,53,8,0.003502186
binSortByKey,53,9,0.003465643
binSortByKey,53,10,0.003465547
binSortByKey,53,11,0.003393165
binSortByKey,53,12,0.003485706
binSortByKey,53,13,0.003428556
binSortByKey,53,14,0.003443275
binSortByKey,53,15,0.003461003
binSortByKey,53,16,0.003473163
binSortByKey,53,17,0.003421996
binSortByKey,53,18,0.003450123
binSortByKey,53,19,0.003464299
binSortByKey,53,20,0.00349249
binSortByKey,53,21,0.003405293
binSortByKey,53,22,0.003461131
binSortByKey,53,23,0.003390509
binSortByKey,53,24,0.003490987
binSortByKey,53,25,0.003428651
binSortByKey,53,26,0.003407757
binSortByKey,53,27,0.003420461
binSortByKey,53,28,0.003504201
binSortByKey,53,29,0.003438348
binSortByKey,53,30,0.003385838
binSortByKey,53,31,0.003436844
binSortByKey,53,32,0.003466795
binSortByKey,53,33,0.003402093
binSortByKey,53,34,0.003400206
binSortByKey,53,35,0.003453452
binSortByKey,53,36,0.003487018
binSortByKey,53,37,0.003412045
binSortByKey,53,38,0.003432588
binSortByKey,53,39,0.003443212
binComputeOffsets,53,0,0.000193337
binComputeOffsets,53,1,0.000204697
binComputeOffsets,53,2,0.00017849
binComputeOffsets,53,3,0.000193146
binComputeOffsets,53,4,0.000197818
binComputeOffsets,53,5,0.000189562
binComputeOffsets,53,6,0.000194618
binComputeOffsets,53,7,0.000183097
binComputeOffsets,53,8,0.000197401
binComputeOffsets,53,9,0.00019785
binComputeOffsets,53,10,0.000208217
binComputeOffsets,53,11,0.000188314
binComputeOffsets,53,12,0.000194138
binComputeOffsets,53,13,0.000186138
binComputeOffsets,53,14,0.000205017
binComputeOffsets,53,15,0.000188698
binComputeOffsets,53,16,0.000200985
binComputeOffsets,53,17,0.000188474
binComputeOffsets,53,18,0.00019577
binComputeOffsets,53,19,0.000205209
binComputeOffsets,53,20,0.000196441
binComputeOffsets,53,21,0.000179258
binComputeOffsets,53,22,0.000189658
binComputeOffsets,53,23,0.00018329
binComputeOffsets,53,24,0.000195097
binComputeOffsets,53,25,0.000189786
binComputeOffsets,53,26,0.000188985
binComputeOffsets,53,27,0.000186809
binComputeOffsets,53,28,0.000193594
binComputeOffsets,53,29,0.000189401
binComputeOffsets,53,30,0.000180538
binComputeOffsets,53,31,0.000188506
binComputeOffsets,53,32,0.000195449
binComputeOffsets,53,33,0.000187705
binComputeOffsets,53,34,0.000184185
binComputeOffsets,53,35,0.000209881
binComputeOffsets,53,36,0.000194585
binComputeOffsets,53,37,0.000184602
binComputeOffsets,53,38,0.000192665
binComputeOffsets,53,39,0.000192634
FFTNUFFT1,53,0,0.139466075
FFTNUFFT1,53,1,0.139504346
FFTNUFFT1,53,2,0.137572571
FFTNUFFT1,53,3,0.137268806
FFTNUFFT1,53,4,0.130127063
FFTNUFFT1,53,5,0.136182282
FFTNUFFT1,53,6,0.125641391
FFTNUFFT1,53,7,0.134268683
FFTNUFFT1,53,8,0.138872495
FFTNUFFT1,53,9,0.134426949
deconvolutionNUFFT1,53,0,0.00082858
deconvolutionNUFFT1,53,1,0.000812228
deconvolutionNUFFT1,53,2,0.000831908
deconvolutionNUFFT1,53,3,0.000648682
deconvolutionNUFFT1,53,4,0.00083306
deconvolutionNUFFT1,53,5,0.000828804
deconvolutionNUFFT1,53,6,0.000819524
deconvolutionNUFFT1,53,7,0.000829956
deconvolutionNUFFT1,53,8,0.000805796
deconvolutionNUFFT1,53,9,0.000653514
GatherPIFNUFFT,53,0,0.459343595
GatherPIFNUFFT,53,1,0.45634568
GatherPIFNUFFT,53,2,0.450650736
GatherPIFNUFFT,53,3,0.450928744
GatherPIFNUFFT,53,4,0.459549284
GatherPIFNUFFT,53,5,0.448812143
GatherPIFNUFFT,53,6,0.464744405
GatherPIFNUFFT,53,7,0.456680165
GatherPIFNUFFT,53,8,0.456520906
GatherPIFNUFFT,53,9,0.459230703
NativeNUFFT2,53,0,0.147156344
NativeNUFFT2,53,1,0.154749206
NativeNUFFT2,53,2,0.15423812
NativeNUFFT2,53,3,0.148270418
NativeNUFFT2,53,4,0.152332328
NativeNUFFT2,53,5,0.154138252
NativeNUFFT2,53,6,0.145536781
NativeNUFFT2,53,7,0.153327367
NativeNUFFT2,53,8,0.150192273
NativeNUFFT2,53,9,0.14453384
NativeNUFFT2,53,10,0.150699936
NativeNUFFT2,53,11,0.154105806
NativeNUFFT2,53,12,0.149020792
NativeNUFFT2,53,13,0.153716858
NativeNUFFT2,53,14,0.153702011
NativeNUFFT2,53,15,0.145670282
NativeNUFFT2,53,16,0.150049815
NativeNUFFT2,53,17,0.151440327
NativeNUFFT2,53,18,0.155198024
NativeNUFFT2,53,19,0.154088205
NativeNUFFT2,53,20,0.153810327
NativeNUFFT2,53,21,0.143767562
NativeNUFFT2,53,22,0.15123819
NativeNUFFT2,53,23,0.15819501
NativeNUFFT2,53,24,0.149538344
NativeNUFFT2,53,25,0.155641849
NativeNUFFT2,53,26,0.149283567
NativeNUFFT2,53,27,0.149325774
NativeNUFFT2,53,28,0.153890005
NativeNUFFT2,53,29,0.153037649
PrecorrectionNUFFT2,53,0,0.001599658
PrecorrectionNUFFT2,53,1,0.002525035
PrecorrectionNUFFT2,53,2,0.002515116
PrecorrectionNUFFT2,53,3,0.001568075
PrecorrectionNUFFT2,53,4,0.002514891
PrecorrectionNUFFT2,53,5,0.002509068
PrecorrectionNUFFT2,53,6,0.001566699
PrecorrectionNUFFT2,53,7,0.002521771
PrecorrectionNUFFT2,53,8,0.002522027
PrecorrectionNUFFT2,53,9,0.001568843
PrecorrectionNUFFT2,53,10,0.002535594
PrecorrectionNUFFT2,53,11,0.002523339
PrecorrectionNUFFT2,53,12,0.00159937
PrecorrectionNUFFT2,53,13,0.002534603
PrecorrectionNUFFT2,53,14,0.002498443
PrecorrectionNUFFT2,53,15,0.001572011
PrecorrectionNUFFT2,53,16,0.002527115
PrecorrectionNUFFT2,53,17,0.002480461
PrecorrectionNUFFT2,53,18,0.001584587
PrecorrectionNUFFT2,53,19,0.002511724
PrecorrectionNUFFT2,53,20,0.00250958
PrecorrectionNUFFT2,53,21,0.001607658
PrecorrectionNUFFT2,53,22,0.002526795
PrecorrectionNUFFT2,53,23,0.002519051
PrecorrectionNUFFT2,53,24,0.001582763
PrecorrectionNUFFT2,53,25,0.002525003
PrecorrectionNUFFT2,53,26,0.002516266
PrecorrectionNUFFT2,53,27,0.001586218
PrecorrectionNUFFT2,53,28,0.002531979
PrecorrectionNUFFT2,53,29,0.002505772
FFTNUFFT2,53,0,0.13079712
FFTNUFFT2,53,1,0.137865778
FFTNUFFT2,53,2,0.136027535
FFTNUFFT2,53,3,0.12891456
FFTNUFFT2,53,4,0.12139971
FFTNUFFT2,53,5,0.138616824
FFTNUFFT2,53,6,0.125087808
FFTNUFFT2,53,7,0.134686332
FFTNUFFT2,53,8,0.132489478
FFTNUFFT2,53,9,0.122041896
FFTNUFFT2,53,10,0.129369009
FFTNUFFT2,53,11,0.129981435
FFTNUFFT2,53,12,0.131943673
FFTNUFFT2,53,13,0.134079345
FFTNUFFT2,53,14,0.130888221
FFTNUFFT2,53,15,0.130571464
FFTNUFFT2,53,16,0.124351289
FFTNUFFT2,53,17,0.119516061
FFTNUFFT2,53,18,0.137718486
FFTNUFFT2,53,19,0.133770812
FFTNUFFT2,53,20,0.137621818
FFTNUFFT2,53,21,0.128940126
FFTNUFFT2,53,22,0.124921158
FFTNUFFT2,53,23,0.141965575
FFTNUFFT2,53,24,0.126364149
FFTNUFFT2,53,25,0.121092551
FFTNUFFT2,53,26,0.130151959
FFTNUFFT2,53,27,0.131993591
FFTNUFFT2,53,28,0.133391464
FFTNUFFT2,53,29,0.131708258
GatherNUFFT2,53,0,0.008956082
GatherNUFFT2,53,1,0.008370853
GatherNUFFT2,53,2,0.009689337
GatherNUFFT2,53,3,0.011973836
GatherNUFFT2,53,4,0.022593413
GatherNUFFT2,53,5,0.007050834
GatherNUFFT2,53,6,0.012924971
GatherNUFFT2,53,7,0.010103371
GatherNUFFT2,53,8,0.009186282
GatherNUFFT2,53,9,0.014934695
GatherNUFFT2,53,10,0.012805263
GatherNUFFT2,53,11,0.015617009
GatherNUFFT2,53,12,0.009509246
GatherNUFFT2,53,13,0.011287363
GatherNUFFT2,53,14,0.0143319
GatherNUFFT2,53,15,0.007726651
GatherNUFFT2,53,16,0.017203484
GatherNUFFT2,53,17,0.023447528
GatherNUFFT2,53,18,0.01009121
GatherNUFFT2,53,19,0.011984908
GatherNUFFT2,53,20,0.007694973
GatherNUFFT2,53,21,0.007408006
GatherNUFFT2,53,22,0.017766377
GatherNUFFT2,53,23,0.007724091
GatherNUFFT2,53,24,0.015624688
GatherNUFFT2,53,25,0.026183661
GatherNUFFT2,53,26,0.010812242
GatherNUFFT2,53,27,0.009784918
GatherNUFFT2,53,28,0.012144166
GatherNUFFT2,53,29,0.012857293
mainTimer,54,0,7.524184937
dumpData,54,0,0.008331879
dumpData,54,1,0.006836793
dumpData,54,2,0.006926582
dumpData,54,3,0.008965329
dumpData,54,4,0.007945651
dumpData,54,5,0.007488418
dumpData,54,6,0.007168526
dumpData,54,7,0.007589408
dumpData,54,8,0.00793362
dumpData,54,9,0.007113744
kick,54,0,2.9119e-05
kick,54,1,1.0432e-05
kick,54,2,3.3311e-05
kick,54,3,1.2256e-05
kick,54,4,3.5039e-05
kick,54,5,1.104e-05
kick,54,6,3.4079e-05
kick,54,7,1.3919e-05
kick,54,8,2.9247e-05
kick,54,9,1.5424e-05
kick,54,10,3.9039e-05
kick,54,11,8.704e-06
kick,54,12,3.8174e-05
kick,54,13,7.776e-06
kick,54,14,3.2863e-05
kick,54,15,8.224e-06
kick,54,16,2.9055e-05
kick,54,17,1.4688e-05
kick,54,18,2.8895e-05
kick,54,19,1.1008e-05
drift,54,0,5.76e-06
drift,54,1,6.816e-06
drift,54,2,5.312e-06
drift,54,3,6.112e-06
drift,54,4,5.824e-06
drift,54,5,6.495e-06
drift,54,6,6.272e-06
drift,54,7,6.144e-06
drift,54,8,5.056e-06
drift,54,9,4.896e-06
particleBC,54,0,1.1615e-05
particleBC,54,1,1.3119e-05
particleBC,54,2,1.0143e-05
particleBC,54,3,1.0047e-05
particleBC,54,4,9.503e-06
particleBC,54,5,1.0176e-05
particleBC,54,6,1.04e-05
particleBC,54,7,1.184e-05
particleBC,54,8,1.2224e-05
particleBC,54,9,1.1775e-05
updateParticle,54,0,0.06405435
updateParticle,54,1,0.121798928
updateParticle,54,2,0.064226695
updateParticle,54,3,0.118073549
updateParticle,54,4,0.065903279
updateParticle,54,5,0.009739831
updateParticle,54,6,0.063405187
updateParticle,54,7,0.009798101
updateParticle,54,8,0.045653818
updateParticle,54,9,0.066946956
locateParticles,54,0,0.004042488
locateParticles,54,1,0.004027192
locateParticles,54,2,0.004045112
locateParticles,54,3,0.004053815
locateParticles,54,4,0.004037911
locateParticles,54,5,0.004043223
locateParticles,54,6,0.004026008
locateParticles,54,7,0.004043383
locateParticles,54,8,0.004038935
locateParticles,54,9,0.004043512
sendPreprocess,54,0,0.000313205
sendPreprocess,54,1,0.000354868
sendPreprocess,54,2,0.00034898
sendPreprocess,54,3,0.000334325
sendPreprocess,54,4,0.000369844
sendPreprocess,54,5,0.000328917
sendPreprocess,54,6,0.000350548
sendPreprocess,54,7,0.000355988
sendPreprocess,54,8,0.000407122
sendPreprocess,54,9,0.000338196
particleSend,54,0,0.00114537
particleSend,54,1,0.001111707
particleSend,54,2,0.001160505
particleSend,54,3,0.001060572
particleSend,54,4,0.0011838
particleSend,54,5,0.0010639
particleSend,54,6,0.001123578
particleSend,54,7,0.001049917
particleSend,54,8,0.001152442
particleSend,54,9,0.001043229
particleRecv,54,0,3.5455e-05
particleRecv,54,1,4.1727e-05
particleRecv,54,2,4.115e-05
particleRecv,54,3,4.0062e-05
particleRecv,54,4,3.6063e-05
particleRecv,54,5,5.011e-05
particleRecv,54,6,4.3103e-05
particleRecv,54,7,3.9742e-05
particleRecv,54,8,3.4782e-05
particleRecv,54,9,4.0223e-05
particleDestroy,54,0,0.003232242
particleDestroy,54,1,0.003242962
particleDestroy,54,2,0.003242067
particleDestroy,54,3,0.003232179
particleDestroy,54,4,0.003218899
particleDestroy,54,5,0.00327125
particleDestroy,54,6,0.003243634
particleDestroy,54,7,0.003239731
particleDestroy,54,8,0.003229651
particleDestroy,54,9,0.003246642
ScatterPIFNUFFT,54,0,0.307129054
ScatterPIFNUFFT,54,1,1.296e-05
ScatterPIFNUFFT,54,2,0.196416152
ScatterPIFNUFFT,54,3,1.9359e-05
ScatterPIFNUFFT,54,4,0.219132698
ScatterPIFNUFFT,54,5,1.8624e-05
ScatterPIFNUFFT,54,6,0.162524849
ScatterPIFNUFFT,54,7,1.6415e-05
ScatterPIFNUFFT,54,8,0.205808156
ScatterPIFNUFFT,54,9,1.8303e-05
ScatterPIFNUFFT,54,10,0.319307331
ScatterPIFNUFFT,54,11,3.1327e-05
ScatterPIFNUFFT,54,12,0.154707737
ScatterPIFNUFFT,54,13,3.4686e-05
ScatterPIFNUFFT,54,14,0.267414427
ScatterPIFNUFFT,54,15,8.896e-06
ScatterPIFNUFFT,54,16,0.174855216
ScatterPIFNUFFT,54,17,8.416e-06
ScatterPIFNUFFT,54,18,0.156574201
ScatterPIFNUFFT,54,19,1.232e-05
NativeNUFFT1,54,0,0.302716147
NativeNUFFT1,54,1,0.192165128
NativeNUFFT1,54,2,0.214962599
NativeNUFFT1,54,3,0.158256673
NativeNUFFT1,54,4,0.202440302
NativeNUFFT1,54,5,0.31506197
NativeNUFFT1,54,6,0.150420873
NativeNUFFT1,54,7,0.263109804
NativeNUFFT1,54,8,0.171451619
NativeNUFFT1,54,9,0.152185549
scatterTimerNUFFT1,54,0,0.165157463
scatterTimerNUFFT1,54,1,0.057064698
scatterTimerNUFFT1,54,2,0.076221236
scatterTimerNUFFT1,54,3,0.021695203
scatterTimerNUFFT1,54,4,0.072537263
scatterTimerNUFFT1,54,5,0.183785507
scatterTimerNUFFT1,54,6,0.021901308
scatterTimerNUFFT1,54,7,0.136440738
scatterTimerNUFFT1,54,8,0.041543685
scatterTimerNUFFT1,54,9,0.021556136
binSort,54,0,0.004448617
binSort,54,1,0.004502441
binSort,54,2,0.004471529
binSort,54,3,0.004478537
binSort,54,4,0.004486313
binSort,54,5,0.004525512
binSort,54,6,0.004462058
binSort,54,7,0.004436938
binSort,54,8,0.004489704
binSort,54,9,0.004486216
binSort,54,10,0.004523207
binSort,54,11,0.004445354
binSort,54,12,0.004449354
binSort,54,13,0.004467881
binSort,54,14,0.004531878
binSort,54,15,0.004462154
binSort,54,16,0.004511624
binSort,54,17,0.004485065
binSort,54,18,0.004542215
binSort,54,19,0.0045002
binSort,54,20,0.004506984
binSort,54,21,0.004477608
binSort,54,22,0.004454442
binSort,54,23,0.004496104
binSort,54,24,0.004450794
binSort,54,25,0.004455337
binSort,54,26,0.004455082
binSort,54,27,0.004494537
binSort,54,28,0.004460138
binSort,54,29,0.004472777
binSort,54,30,0.004514536
binSort,54,31,0.004538375
binSort,54,32,0.004498504
binSort,54,33,0.004490697
binSort,54,34,0.004453642
binSort,54,35,0.004518887
binSort,54,36,0.004465993
binSort,54,37,0.004445226
binSort,54,38,0.004433002
binSort,54,39,0.00450436
binComputeKeys,54,0,0.000423026
binComputeKeys,54,1,0.000442481
binComputeKeys,54,2,0.000438865
binComputeKeys,54,3,0.000437809
binComputeKeys,54,4,0.000429618
binComputeKeys,54,5,0.000433458
binComputeKeys,54,6,0.000419602
binComputeKeys,54,7,0.00041685
binComputeKeys,54,8,0.000437585
binComputeKeys,54,9,0.000439921
binComputeKeys,54,10,0.000453936
binComputeKeys,54,11,0.00042261
binComputeKeys,54,12,0.000425938
binComputeKeys,54,13,0.000429777
binComputeKeys,54,14,0.000443217
binComputeKeys,54,15,0.000428818
binComputeKeys,54,16,0.00041717
binComputeKeys,54,17,0.000425906
binComputeKeys,54,18,0.00041989
binComputeKeys,54,19,0.000447216
binComputeKeys,54,20,0.000432113
binComputeKeys,54,21,0.000419121
binComputeKeys,54,22,0.000416658
binComputeKeys,54,23,0.000432369
binComputeKeys,54,24,0.000423761
binComputeKeys,54,25,0.00042693
binComputeKeys,54,26,0.000427058
binComputeKeys,54,27,0.000436753
binComputeKeys,54,28,0.000432914
binComputeKeys,54,29,0.000422706
binComputeKeys,54,30,0.000430994
binComputeKeys,54,31,0.000419762
binComputeKeys,54,32,0.000424657
binComputeKeys,54,33,0.000424914
binComputeKeys,54,34,0.000424562
binComputeKeys,54,35,0.00042469
binComputeKeys,54,36,0.000427217
binComputeKeys,54,37,0.000417234
binComputeKeys,54,38,0.000422161
binComputeKeys,54,39,0.00042213
binSortByKey,54,0,0.003819998
binSortByKey,54,1,0.003855486
binSortByKey,54,2,0.003830463
binSortByKey,54,3,0.003839998
binSortByKey,54,4,0.003851454
binSortByKey,54,5,0.003882077
binSortByKey,54,6,0.003837662
binSortByKey,54,7,0.003814623
binSortByKey,54,8,0.003841054
binSortByKey,54,9,0.003842206
binSortByKey,54,10,0.003865022
binSortByKey,54,11,0.003821759
binSortByKey,54,12,0.003818719
binSortByKey,54,13,0.003835807
binSortByKey,54,14,0.003866973
binSortByKey,54,15,0.003828479
binSortByKey,54,16,0.003873726
binSortByKey,54,17,0.003849726
binSortByKey,54,18,0.003898621
binSortByKey,54,19,0.003850175
binSortByKey,54,20,0.003867774
binSortByKey,54,21,0.00384387
binSortByKey,54,22,0.003830495
binSortByKey,54,23,0.003853054
binSortByKey,54,24,0.003821791
binSortByKey,54,25,0.003827102
binSortByKey,54,26,0.003828543
binSortByKey,54,27,0.003852926
binSortByKey,54,28,0.003821695
binSortByKey,54,29,0.003844926
binSortByKey,54,30,0.003869341
binSortByKey,54,31,0.003893596
binSortByKey,54,32,0.003849854
binSortByKey,54,33,0.003853438
binSortByKey,54,34,0.003827487
binSortByKey,54,35,0.003873405
binSortByKey,54,36,0.003834751
binSortByKey,54,37,0.003823647
binSortByKey,54,38,0.0038128
binSortByKey,54,39,0.003860638
binComputeOffsets,54,0,0.000203193
binComputeOffsets,54,1,0.000202074
binComputeOffsets,54,2,0.000201017
binComputeOffsets,54,3,0.000199386
binComputeOffsets,54,4,0.000203257
binComputeOffsets,54,5,0.000208281
binComputeOffsets,54,6,0.000203418
binComputeOffsets,54,7,0.000204665
binComputeOffsets,54,8,0.000207833
binComputeOffsets,54,9,0.000201561
binComputeOffsets,54,10,0.000201817
binComputeOffsets,54,11,0.000200313
binComputeOffsets,54,12,0.000203321
binComputeOffsets,54,13,0.000200377
binComputeOffsets,54,14,0.000218552
binComputeOffsets,54,15,0.000202105
binComputeOffsets,54,16,0.000217624
binComputeOffsets,54,17,0.000206841
binComputeOffsets,54,18,0.000217848
binComputeOffsets,54,19,0.000201882
binComputeOffsets,54,20,0.000204025
binComputeOffsets,54,21,0.000213689
binComputeOffsets,54,22,0.000206329
binComputeOffsets,54,23,0.000207801
binComputeOffsets,54,24,0.00020265
binComputeOffsets,54,25,0.000198809
binComputeOffsets,54,26,0.000199129
binComputeOffsets,54,27,0.000203098
binComputeOffsets,54,28,0.000203801
binComputeOffsets,54,29,0.000203865
binComputeOffsets,54,30,0.000212313
binComputeOffsets,54,31,0.000221657
binComputeOffsets,54,32,0.000219033
binComputeOffsets,54,33,0.000210937
binComputeOffsets,54,34,0.000199482
binComputeOffsets,54,35,0.0002174
binComputeOffsets,54,36,0.000202105
binComputeOffsets,54,37,0.000203097
binComputeOffsets,54,38,0.000197177
binComputeOffsets,54,39,0.000217913
FFTNUFFT1,54,0,0.136700825
FFTNUFFT1,54,1,0.134262442
FFTNUFFT1,54,2,0.138046891
FFTNUFFT1,54,3,0.135725274
FFTNUFFT1,54,4,0.129056923
FFTNUFFT1,54,5,0.130601606
FFTNUFFT1,54,6,0.127660522
FFTNUFFT1,54,7,0.12580868
FFTNUFFT1,54,8,0.129038172
FFTNUFFT1,54,9,0.129786658
deconvolutionNUFFT1,54,0,0.000851459
deconvolutionNUFFT1,54,1,0.000833988
deconvolutionNUFFT1,54,2,0.000690312
deconvolutionNUFFT1,54,3,0.000831268
deconvolutionNUFFT1,54,4,0.000841604
deconvolutionNUFFT1,54,5,0.000671529
deconvolutionNUFFT1,54,6,0.000854275
deconvolutionNUFFT1,54,7,0.000855747
deconvolutionNUFFT1,54,8,0.00086397
deconvolutionNUFFT1,54,9,0.000837411
GatherPIFNUFFT,54,0,0.46209323
GatherPIFNUFFT,54,1,0.461641214
GatherPIFNUFFT,54,2,0.454767269
GatherPIFNUFFT,54,3,0.452110911
GatherPIFNUFFT,54,4,0.463627258
GatherPIFNUFFT,54,5,0.455936863
GatherPIFNUFFT,54,6,0.464439518
GatherPIFNUFFT,54,7,0.464615737
GatherPIFNUFFT,54,8,0.465297827
GatherPIFNUFFT,54,9,0.464090955
NativeNUFFT2,54,0,0.149891899
NativeNUFFT2,54,1,0.154482847
NativeNUFFT2,54,2,0.15403944
NativeNUFFT2,54,3,0.154898834
NativeNUFFT2,54,4,0.152337545
NativeNUFFT2,54,5,0.152756026
NativeNUFFT2,54,6,0.147971068
NativeNUFFT2,54,7,0.152932501
NativeNUFFT2,54,8,0.151687103
NativeNUFFT2,54,9,0.146658247
NativeNUFFT2,54,10,0.149832701
NativeNUFFT2,54,11,0.15343402
NativeNUFFT2,54,12,0.152145774
NativeNUFFT2,54,13,0.155611738
NativeNUFFT2,54,14,0.153603614
NativeNUFFT2,54,15,0.14673575
NativeNUFFT2,54,16,0.149609669
NativeNUFFT2,54,17,0.154352613
NativeNUFFT2,54,18,0.15594699
NativeNUFFT2,54,19,0.153824471
NativeNUFFT2,54,20,0.153105838
NativeNUFFT2,54,21,0.154403427
NativeNUFFT2,54,22,0.149906491
NativeNUFFT2,54,23,0.158723697
NativeNUFFT2,54,24,0.158733298
NativeNUFFT2,54,25,0.154854579
NativeNUFFT2,54,26,0.150127699
NativeNUFFT2,54,27,0.15646691
NativeNUFFT2,54,28,0.151632608
NativeNUFFT2,54,29,0.154363523
PrecorrectionNUFFT2,54,0,0.0016642
PrecorrectionNUFFT2,54,1,0.002691717
PrecorrectionNUFFT2,54,2,0.002664134
PrecorrectionNUFFT2,54,3,0.001640584
PrecorrectionNUFFT2,54,4,0.002674982
PrecorrectionNUFFT2,54,5,0.002674085
PrecorrectionNUFFT2,54,6,0.001634729
PrecorrectionNUFFT2,54,7,0.002673093
PrecorrectionNUFFT2,54,8,0.002675782
PrecorrectionNUFFT2,54,9,0.001637736
PrecorrectionNUFFT2,54,10,0.002701924
PrecorrectionNUFFT2,54,11,0.002696069
PrecorrectionNUFFT2,54,12,0.001638281
PrecorrectionNUFFT2,54,13,0.002677478
PrecorrectionNUFFT2,54,14,0.002675237
PrecorrectionNUFFT2,54,15,0.001641704
PrecorrectionNUFFT2,54,16,0.002698821
PrecorrectionNUFFT2,54,17,0.002700645
PrecorrectionNUFFT2,54,18,0.001629417
PrecorrectionNUFFT2,54,19,0.002677734
PrecorrectionNUFFT2,54,20,0.002672517
PrecorrectionNUFFT2,54,21,0.001629865
PrecorrectionNUFFT2,54,22,0.002667878
PrecorrectionNUFFT2,54,23,0.00268087
PrecorrectionNUFFT2,54,24,0.001647081
PrecorrectionNUFFT2,54,25,0.002682501
PrecorrectionNUFFT2,54,26,0.002699813
PrecorrectionNUFFT2,54,27,0.001658568
PrecorrectionNUFFT2,54,28,0.002680645
PrecorrectionNUFFT2,54,29,0.002692677
FFTNUFFT2,54,0,0.133067379
FFTNUFFT2,54,1,0.129598184
FFTNUFFT2,54,2,0.136743799
FFTNUFFT2,54,3,0.132210896
FFTNUFFT2,54,4,0.122161955
FFTNUFFT2,54,5,0.124476182
FFTNUFFT2,54,6,0.127479472
FFTNUFFT2,54,7,0.135793559
FFTNUFFT2,54,8,0.125229019
FFTNUFFT2,54,9,0.131161716
FFTNUFFT2,54,10,0.129886399
FFTNUFFT2,54,11,0.129887422
FFTNUFFT2,54,12,0.135153933
FFTNUFFT2,54,13,0.132560549
FFTNUFFT2,54,14,0.130833087
FFTNUFFT2,54,15,0.125616591
FFTNUFFT2,54,16,0.131802206
FFTNUFFT2,54,17,0.129380688
FFTNUFFT2,54,18,0.138420382
FFTNUFFT2,54,19,0.131294159
FFTNUFFT2,54,20,0.134569537
FFTNUFFT2,54,21,0.12908905
FFTNUFFT2,54,22,0.132801724
FFTNUFFT2,54,23,0.140423579
FFTNUFFT2,54,24,0.138061066
FFTNUFFT2,54,25,0.12967975
FFTNUFFT2,54,26,0.130808161
FFTNUFFT2,54,27,0.125798442
FFTNUFFT2,54,28,0.135191244
FFTNUFFT2,54,29,0.129645159
GatherNUFFT2,54,0,0.008572894
GatherNUFFT2,54,1,0.015612592
GatherNUFFT2,54,2,0.00805224
GatherNUFFT2,54,3,0.014485463
GatherNUFFT2,54,4,0.021043833
GatherNUFFT2,54,5,0.019003966
GatherNUFFT2,54,6,0.012274081
GatherNUFFT2,54,7,0.007894006
GatherNUFFT2,54,8,0.017224506
GatherNUFFT2,54,9,0.007457604
GatherNUFFT2,54,10,0.01066268
GatherNUFFT2,54,11,0.014430489
GatherNUFFT2,54,12,0.008933266
GatherNUFFT2,54,13,0.013809262
GatherNUFFT2,54,14,0.013522008
GatherNUFFT2,54,15,0.013046183
GatherNUFFT2,54,16,0.008555872
GatherNUFFT2,54,17,0.015701326
GatherNUFFT2,54,18,0.009515006
GatherNUFFT2,54,19,0.013294208
GatherNUFFT2,54,20,0.009269672
GatherNUFFT2,54,21,0.017121149
GatherNUFFT2,54,22,0.007860758
GatherNUFFT2,54,23,0.009031087
GatherNUFFT2,54,24,0.012441884
GatherNUFFT2,54,25,0.015897288
GatherNUFFT2,54,26,0.010043245
GatherNUFFT2,54,27,0.022596516
GatherNUFFT2,54,28,0.007341448
GatherNUFFT2,54,29,0.01546015
mainTimer,55,0,7.524187561
dumpData,55,0,0.008966802
dumpData,55,1,0.0079205
dumpData,55,2,0.00846077
dumpData,55,3,0.007902069
dumpData,55,4,0.010191688
dumpData,55,5,0.009561916
dumpData,55,6,0.008308455
dumpData,55,7,0.007047634
dumpData,55,8,0.007500163
dumpData,55,9,0.008179212
kick,55,0,3.0911e-05
kick,55,1,6.176e-06
kick,55,2,3.4751e-05
kick,55,3,6.848e-06
kick,55,4,3.5711e-05
kick,55,5,9.824e-06
kick,55,6,3.4975e-05
kick,55,7,6.56e-06
kick,55,8,2.8991e-05
kick,55,9,9.439e-06
kick,55,10,3.8687e-05
kick,55,11,7.584e-06
kick,55,12,3.811e-05
kick,55,13,8.608e-06
kick,55,14,3.1807e-05
kick,55,15,9.151e-06
kick,55,16,2.7487e-05
kick,55,17,9.152e-06
kick,55,18,2.7967e-05
kick,55,19,6.976e-06
drift,55,0,5.856e-06
drift,55,1,7.104e-06
drift,55,2,5.504e-06
drift,55,3,7.072e-06
drift,55,4,6.24e-06
drift,55,5,5.503e-06
drift,55,6,6.624e-06
drift,55,7,5.6e-06
drift,55,8,4.608e-06
drift,55,9,6.048e-06
particleBC,55,0,1.0944e-05
particleBC,55,1,1.1519e-05
particleBC,55,2,9.791e-06
particleBC,55,3,8.511e-06
particleBC,55,4,9.759e-06
particleBC,55,5,9.792e-06
particleBC,55,6,9.376e-06
particleBC,55,7,1.1968e-05
particleBC,55,8,1.2224e-05
particleBC,55,9,1.1487e-05
updateParticle,55,0,0.064016175
updateParticle,55,1,0.121696979
updateParticle,55,2,0.064296293
updateParticle,55,3,0.118079341
updateParticle,55,4,0.065882064
updateParticle,55,5,0.009877842
updateParticle,55,6,0.063521087
updateParticle,55,7,0.009802869
updateParticle,55,8,0.045684281
updateParticle,55,9,0.06695294
locateParticles,55,0,0.003878622
locateParticles,55,1,0.003869374
locateParticles,55,2,0.003822783
locateParticles,55,3,0.003872093
locateParticles,55,4,0.003863229
locateParticles,55,5,0.003867549
locateParticles,55,6,0.003876541
locateParticles,55,7,0.003885917
locateParticles,55,8,0.003851902
locateParticles,55,9,0.003864734
sendPreprocess,55,0,0.000478863
sendPreprocess,55,1,0.000515214
sendPreprocess,55,2,0.000572077
sendPreprocess,55,3,0.000518031
sendPreprocess,55,4,0.000543886
sendPreprocess,55,5,0.000507151
sendPreprocess,55,6,0.000501423
sendPreprocess,55,7,0.000514158
sendPreprocess,55,8,0.000595755
sendPreprocess,55,9,0.000517262
particleSend,55,0,0.001095611
particleSend,55,1,0.001214903
particleSend,55,2,0.001123738
particleSend,55,3,0.00106678
particleSend,55,4,0.001154361
particleSend,55,5,0.001189976
particleSend,55,6,0.001072284
particleSend,55,7,0.0010671
particleSend,55,8,0.001112987
particleSend,55,9,0.001087996
particleRecv,55,0,4.5471e-05
particleRecv,55,1,3.7951e-05
particleRecv,55,2,5.2542e-05
particleRecv,55,3,4.035e-05
particleRecv,55,4,3.8366e-05
particleRecv,55,5,4.4702e-05
particleRecv,55,6,5.3054e-05
particleRecv,55,7,4.4479e-05
particleRecv,55,8,3.8175e-05
particleRecv,55,9,3.6799e-05
particleDestroy,55,0,0.003180308
particleDestroy,55,1,0.003166485
particleDestroy,55,2,0.003175253
particleDestroy,55,3,0.003191156
particleDestroy,55,4,0.003184885
particleDestroy,55,5,0.003166869
particleDestroy,55,6,0.003194388
particleDestroy,55,7,0.003189204
particleDestroy,55,8,0.00318194
particleDestroy,55,9,0.003189941
ScatterPIFNUFFT,55,0,0.306971364
ScatterPIFNUFFT,55,1,1.9199e-05
ScatterPIFNUFFT,55,2,0.194487802
ScatterPIFNUFFT,55,3,1.2863e-05
ScatterPIFNUFFT,55,4,0.213459673
ScatterPIFNUFFT,55,5,1.2864e-05
ScatterPIFNUFFT,55,6,0.149931194
ScatterPIFNUFFT,55,7,1.1168e-05
ScatterPIFNUFFT,55,8,0.205375531
ScatterPIFNUFFT,55,9,2.048e-05
ScatterPIFNUFFT,55,10,0.319356705
ScatterPIFNUFFT,55,11,1.9327e-05
ScatterPIFNUFFT,55,12,0.151090771
ScatterPIFNUFFT,55,13,1.8368e-05
ScatterPIFNUFFT,55,14,0.27633323
ScatterPIFNUFFT,55,15,2.9215e-05
ScatterPIFNUFFT,55,16,0.183887519
ScatterPIFNUFFT,55,17,1.9679e-05
ScatterPIFNUFFT,55,18,0.158949129
ScatterPIFNUFFT,55,19,1.1231e-05
NativeNUFFT1,55,0,0.302538552
NativeNUFFT1,55,1,0.190168619
NativeNUFFT1,55,2,0.209449793
NativeNUFFT1,55,3,0.145651051
NativeNUFFT1,55,4,0.202046299
NativeNUFFT1,55,5,0.315196078
NativeNUFFT1,55,6,0.146861858
NativeNUFFT1,55,7,0.271986049
NativeNUFFT1,55,8,0.180449235
NativeNUFFT1,55,9,0.154490751
scatterTimerNUFFT1,55,0,0.166045081
scatterTimerNUFFT1,55,1,0.057001244
scatterTimerNUFFT1,55,2,0.078365547
scatterTimerNUFFT1,55,3,0.021181461
scatterTimerNUFFT1,55,4,0.073064541
scatterTimerNUFFT1,55,5,0.182238583
scatterTimerNUFFT1,55,6,0.021657828
scatterTimerNUFFT1,55,7,0.134972947
scatterTimerNUFFT1,55,8,0.040296335
scatterTimerNUFFT1,55,9,0.02100329
binSort,55,0,0.004278639
binSort,55,1,0.004279696
binSort,55,2,0.00421557
binSort,55,3,0.004245393
binSort,55,4,0.004317743
binSort,55,5,0.00421557
binSort,55,6,0.004193715
binSort,55,7,0.004252945
binSort,55,8,0.00431435
binSort,55,9,0.00433227
binSort,55,10,0.00426392
binSort,55,11,0.00419861
binSort,55,12,0.004247025
binSort,55,13,0.004226898
binSort,55,14,0.004288975
binSort,55,15,0.004256144
binSort,55,16,0.004296623
binSort,55,17,0.004213522
binSort,55,18,0.004275248
binSort,55,19,0.00428568
binSort,55,20,0.004301391
binSort,55,21,0.004202289
binSort,55,22,0.004188274
binSort,55,23,0.00422293
binSort,55,24,0.004237105
binSort,55,25,0.004227377
binSort,55,26,0.004213586
binSort,55,27,0.00421013
binSort,55,28,0.004253425
binSort,55,29,0.004248336
binSort,55,30,0.004262192
binSort,55,31,0.004245136
binSort,55,32,0.00427432
binSort,55,33,0.004210385
binSort,55,34,0.004241297
binSort,55,35,0.004249392
binSort,55,36,0.004258896
binSort,55,37,0.004204978
binSort,55,38,0.004256752
binSort,55,39,0.004246672
binComputeKeys,55,0,0.00040757
binComputeKeys,55,1,0.00041221
binComputeKeys,55,2,0.000391283
binComputeKeys,55,3,0.000404179
binComputeKeys,55,4,0.000406579
binComputeKeys,55,5,0.000404722
binComputeKeys,55,6,0.000392179
binComputeKeys,55,7,0.000401203
binComputeKeys,55,8,0.000410418
binComputeKeys,55,9,0.000401426
binComputeKeys,55,10,0.000396306
binComputeKeys,55,11,0.000393779
binComputeKeys,55,12,0.00040757
binComputeKeys,55,13,0.000404819
binComputeKeys,55,14,0.000404274
binComputeKeys,55,15,0.000409234
binComputeKeys,55,16,0.000401139
binComputeKeys,55,17,0.000408722
binComputeKeys,55,18,0.000401202
binComputeKeys,55,19,0.00042789
binComputeKeys,55,20,0.000401458
binComputeKeys,55,21,0.000396338
binComputeKeys,55,22,0.000396626
binComputeKeys,55,23,0.000406514
binComputeKeys,55,24,0.000406866
binComputeKeys,55,25,0.000398738
binComputeKeys,55,26,0.000395251
binComputeKeys,55,27,0.000396851
binComputeKeys,55,28,0.000413138
binComputeKeys,55,29,0.000400018
binComputeKeys,55,30,0.000397043
binComputeKeys,55,31,0.000422193
binComputeKeys,55,32,0.00040693
binComputeKeys,55,33,0.000393714
binComputeKeys,55,34,0.000395795
binComputeKeys,55,35,0.000410194
binComputeKeys,55,36,0.000401939
binComputeKeys,55,37,0.000402738
binComputeKeys,55,38,0.000406706
binComputeKeys,55,39,0.000414674
binSortByKey,55,0,0.003668228
binSortByKey,55,1,0.003664037
binSortByKey,55,2,0.003624645
binSortByKey,55,3,0.003640997
binSortByKey,55,4,0.003704899
binSortByKey,55,5,0.00361751
binSortByKey,55,6,0.003606566
binSortByKey,55,7,0.00365146
binSortByKey,55,8,0.003695555
binSortByKey,55,9,0.003722211
binSortByKey,55,10,0.003655429
binSortByKey,55,11,0.003613094
binSortByKey,55,12,0.003641893
binSortByKey,55,13,0.003626821
binSortByKey,55,14,0.003667364
binSortByKey,55,15,0.003648229
binSortByKey,55,16,0.003678756
binSortByKey,55,17,0.00361255
binSortByKey,55,18,0.003664997
binSortByKey,55,19,0.003654884
binSortByKey,55,20,0.003694276
binSortByKey,55,21,0.003612486
binSortByKey,55,22,0.003597991
binSortByKey,55,23,0.003621542
binSortByKey,55,24,0.003630854
binSortByKey,55,25,0.003634341
binSortByKey,55,26,0.003620582
binSortByKey,55,27,0.00361207
binSortByKey,55,28,0.00364135
binSortByKey,55,29,0.003650661
binSortByKey,55,30,0.003649957
binSortByKey,55,31,0.00362871
binSortByKey,55,32,0.003657093
binSortByKey,55,33,0.003624517
binSortByKey,55,34,0.003639941
binSortByKey,55,35,0.003644484
binSortByKey,55,36,0.003650212
binSortByKey,55,37,0.00360919
binSortByKey,55,38,0.003655461
binSortByKey,55,39,0.003635013
binComputeOffsets,55,0,0.000200057
binComputeOffsets,55,1,0.000199769
binComputeOffsets,55,2,0.000196826
binComputeOffsets,55,3,0.000198041
binComputeOffsets,55,4,0.000203738
binComputeOffsets,55,5,0.000190522
binComputeOffsets,55,6,0.000193946
binComputeOffsets,55,7,0.000196474
binComputeOffsets,55,8,0.000204729
binComputeOffsets,55,9,0.000203609
binComputeOffsets,55,10,0.000208985
binComputeOffsets,55,11,0.000189177
binComputeOffsets,55,12,0.000195834
binComputeOffsets,55,13,0.00019321
binComputeOffsets,55,14,0.000214425
binComputeOffsets,55,15,0.000196697
binComputeOffsets,55,16,0.000211897
binComputeOffsets,55,17,0.000190362
binComputeOffsets,55,18,0.000204089
binComputeOffsets,55,19,0.000200026
binComputeOffsets,55,20,0.000201177
binComputeOffsets,55,21,0.000190553
binComputeOffsets,55,22,0.000191321
binComputeOffsets,55,23,0.000192378
binComputeOffsets,55,24,0.000196025
binComputeOffsets,55,25,0.000192122
binComputeOffsets,55,26,0.000195833
binComputeOffsets,55,27,0.000200249
binComputeOffsets,55,28,0.00019609
binComputeOffsets,55,29,0.000195033
binComputeOffsets,55,30,0.000213336
binComputeOffsets,55,31,0.000190713
binComputeOffsets,55,32,0.000205337
binComputeOffsets,55,33,0.000190778
binComputeOffsets,55,34,0.000202937
binComputeOffsets,55,35,0.00019225
binComputeOffsets,55,36,0.000204665
binComputeOffsets,55,37,0.000190714
binComputeOffsets,55,38,0.000193625
binComputeOffsets,55,39,0.000192153
FFTNUFFT1,55,0,0.135669691
FFTNUFFT1,55,1,0.132322604
FFTNUFFT1,55,2,0.130262706
FFTNUFFT1,55,3,0.123646897
FFTNUFFT1,55,4,0.12814361
FFTNUFFT1,55,5,0.132116627
FFTNUFFT1,55,6,0.124381369
FFTNUFFT1,55,7,0.136195689
FFTNUFFT1,55,8,0.139323488
FFTNUFFT1,55,9,0.132662753
deconvolutionNUFFT1,55,0,0.000819333
deconvolutionNUFFT1,55,1,0.000840995
deconvolutionNUFFT1,55,2,0.000817508
deconvolutionNUFFT1,55,3,0.000817029
deconvolutionNUFFT1,55,4,0.000833284
deconvolutionNUFFT1,55,5,0.00083626
deconvolutionNUFFT1,55,6,0.000816357
deconvolutionNUFFT1,55,7,0.000812709
deconvolutionNUFFT1,55,8,0.000821956
deconvolutionNUFFT1,55,9,0.000820004
GatherPIFNUFFT,55,0,0.462942097
GatherPIFNUFFT,55,1,0.463319429
GatherPIFNUFFT,55,2,0.459087508
GatherPIFNUFFT,55,3,0.465553626
GatherPIFNUFFT,55,4,0.463144331
GatherPIFNUFFT,55,5,0.451664303
GatherPIFNUFFT,55,6,0.466986409
GatherPIFNUFFT,55,7,0.45526882
GatherPIFNUFFT,55,8,0.45591219
GatherPIFNUFFT,55,9,0.461230059
NativeNUFFT2,55,0,0.15088553
NativeNUFFT2,55,1,0.15398216
NativeNUFFT2,55,2,0.154969648
NativeNUFFT2,55,3,0.153758329
NativeNUFFT2,55,4,0.152492771
NativeNUFFT2,55,5,0.154152364
NativeNUFFT2,55,6,0.153853844
NativeNUFFT2,55,7,0.152606944
NativeNUFFT2,55,8,0.151188687
NativeNUFFT2,55,9,0.160443094
NativeNUFFT2,55,10,0.150073174
NativeNUFFT2,55,11,0.153588383
NativeNUFFT2,55,12,0.153892467
NativeNUFFT2,55,13,0.153529345
NativeNUFFT2,55,14,0.153670396
NativeNUFFT2,55,15,0.14737752
NativeNUFFT2,55,16,0.149037464
NativeNUFFT2,55,17,0.152210893
NativeNUFFT2,55,18,0.156661589
NativeNUFFT2,55,19,0.155322116
NativeNUFFT2,55,20,0.152945172
NativeNUFFT2,55,21,0.143445397
NativeNUFFT2,55,22,0.150680129
NativeNUFFT2,55,23,0.159531541
NativeNUFFT2,55,24,0.14846062
NativeNUFFT2,55,25,0.156279331
NativeNUFFT2,55,26,0.149652995
NativeNUFFT2,55,27,0.15301797
NativeNUFFT2,55,28,0.153484098
NativeNUFFT2,55,29,0.153208362
PrecorrectionNUFFT2,55,0,0.001597258
PrecorrectionNUFFT2,55,1,0.002588393
PrecorrectionNUFFT2,55,2,0.0026002
PrecorrectionNUFFT2,55,3,0.001594123
PrecorrectionNUFFT2,55,4,0.002595848
PrecorrectionNUFFT2,55,5,0.002594281
PrecorrectionNUFFT2,55,6,0.001584714
PrecorrectionNUFFT2,55,7,0.002599656
PrecorrectionNUFFT2,55,8,0.002598504
PrecorrectionNUFFT2,55,9,0.001590666
PrecorrectionNUFFT2,55,10,0.002572074
PrecorrectionNUFFT2,55,11,0.002574665
PrecorrectionNUFFT2,55,12,0.001607945
PrecorrectionNUFFT2,55,13,0.002595017
PrecorrectionNUFFT2,55,14,0.002569418
PrecorrectionNUFFT2,55,15,0.001621609
PrecorrectionNUFFT2,55,16,0.002563945
PrecorrectionNUFFT2,55,17,0.002596712
PrecorrectionNUFFT2,55,18,0.001611465
PrecorrectionNUFFT2,55,19,0.002582953
PrecorrectionNUFFT2,55,20,0.002602984
PrecorrectionNUFFT2,55,21,0.00158289
PrecorrectionNUFFT2,55,22,0.002593512
PrecorrectionNUFFT2,55,23,0.002599976
PrecorrectionNUFFT2,55,24,0.001577931
PrecorrectionNUFFT2,55,25,0.002581385
PrecorrectionNUFFT2,55,26,0.002557994
PrecorrectionNUFFT2,55,27,0.001606825
PrecorrectionNUFFT2,55,28,0.002596808
PrecorrectionNUFFT2,55,29,0.002558537
FFTNUFFT2,55,0,0.134435205
FFTNUFFT2,55,1,0.13648512
FFTNUFFT2,55,2,0.136713656
FFTNUFFT2,55,3,0.135343942
FFTNUFFT2,55,4,0.128834306
FFTNUFFT2,55,5,0.137150474
FFTNUFFT2,55,6,0.132467143
FFTNUFFT2,55,7,0.13393455
FFTNUFFT2,55,8,0.135088591
FFTNUFFT2,55,9,0.136678777
FFTNUFFT2,55,10,0.128516174
FFTNUFFT2,55,11,0.129445069
FFTNUFFT2,55,12,0.137771604
FFTNUFFT2,55,13,0.133275532
FFTNUFFT2,55,14,0.131621988
FFTNUFFT2,55,15,0.120946317
FFTNUFFT2,55,16,0.13287225
FFTNUFFT2,55,17,0.130828767
FFTNUFFT2,55,18,0.138896846
FFTNUFFT2,55,19,0.129449933
FFTNUFFT2,55,20,0.128147162
FFTNUFFT2,55,21,0.118601756
FFTNUFFT2,55,22,0.132770397
FFTNUFFT2,55,23,0.142051908
FFTNUFFT2,55,24,0.119481086
FFTNUFFT2,55,25,0.125713195
FFTNUFFT2,55,26,0.132565413
FFTNUFFT2,55,27,0.135319815
FFTNUFFT2,55,28,0.134876406
FFTNUFFT2,55,29,0.133401992
GatherNUFFT2,55,0,0.008594046
GatherNUFFT2,55,1,0.008614748
GatherNUFFT2,55,2,0.009349796
GatherNUFFT2,55,3,0.010551932
GatherNUFFT2,55,4,0.014758861
GatherNUFFT2,55,5,0.008104494
GatherNUFFT2,55,6,0.013707185
GatherNUFFT2,55,7,0.009764087
GatherNUFFT2,55,8,0.007395335
GatherNUFFT2,55,9,0.01587364
GatherNUFFT2,55,10,0.01271317
GatherNUFFT2,55,11,0.015458039
GatherNUFFT2,55,12,0.008207114
GatherNUFFT2,55,13,0.011522044
GatherNUFFT2,55,14,0.013166691
GatherNUFFT2,55,15,0.018729639
GatherNUFFT2,55,16,0.007489251
GatherNUFFT2,55,17,0.012519258
GatherNUFFT2,55,18,0.010004302
GatherNUFFT2,55,19,0.016991554
GatherNUFFT2,55,20,0.015924615
GatherNUFFT2,55,21,0.016948324
GatherNUFFT2,55,22,0.009023504
GatherNUFFT2,55,23,0.008586078
GatherNUFFT2,55,24,0.021304624
GatherNUFFT2,55,25,0.021720739
GatherNUFFT2,55,26,0.008438754
GatherNUFFT2,55,27,0.009846292
GatherNUFFT2,55,28,0.009892978
GatherNUFFT2,55,29,0.010986156
mainTimer,56,0,7.524186061
dumpData,56,0,0.010517421
dumpData,56,1,0.009268501
dumpData,56,2,0.009178136
dumpData,56,3,0.009504173
dumpData,56,4,0.010105211
dumpData,56,5,0.009428688
dumpData,56,6,0.008094875
dumpData,56,7,0.007698983
dumpData,56,8,0.008126298
dumpData,56,9,0.007595531
kick,56,0,2.6687e-05
kick,56,1,9.087e-06
kick,56,2,2.7296e-05
kick,56,3,8.287e-06
kick,56,4,3.5102e-05
kick,56,5,9.471e-06
kick,56,6,3.0719e-05
kick,56,7,8.192e-06
kick,56,8,2.5663e-05
kick,56,9,9.791e-06
kick,56,10,2.8255e-05
kick,56,11,9.408e-06
kick,56,12,2.5471e-05
kick,56,13,9.952e-06
kick,56,14,2.0192e-05
kick,56,15,1.024e-05
kick,56,16,2.8927e-05
kick,56,17,6.207e-06
kick,56,18,2.6015e-05
kick,56,19,1.1008e-05
drift,56,0,6.4e-06
drift,56,1,5.439e-06
drift,56,2,5.792e-06
drift,56,3,9.536e-06
drift,56,4,6.56e-06
drift,56,5,6.464e-06
drift,56,6,4.864e-06
drift,56,7,4.544e-06
drift,56,8,6.815e-06
drift,56,9,6.591e-06
particleBC,56,0,1.0367e-05
particleBC,56,1,1.3568e-05
particleBC,56,2,1.072e-05
particleBC,56,3,9.312e-06
particleBC,56,4,1.3664e-05
particleBC,56,5,1.0304e-05
particleBC,56,6,1.1488e-05
particleBC,56,7,1.1263e-05
particleBC,56,8,1.104e-05
particleBC,56,9,1.12e-05
updateParticle,56,0,0.100340125
updateParticle,56,1,0.06468025
updateParticle,56,2,0.064177162
updateParticle,56,3,0.103105827
updateParticle,56,4,0.009833507
updateParticle,56,5,0.009789924
updateParticle,56,6,0.009710183
updateParticle,56,7,0.070282342
updateParticle,56,8,0.063510912
updateParticle,56,9,0.009686664
locateParticles,56,0,0.003479024
locateParticles,56,1,0.003488528
locateParticles,56,2,0.003481135
locateParticles,56,3,0.003490447
locateParticles,56,4,0.003488047
locateParticles,56,5,0.00350587
locateParticles,56,6,0.003500431
locateParticles,56,7,0.003479344
locateParticles,56,8,0.003494383
locateParticles,56,9,0.003490543
sendPreprocess,56,0,0.000862564
sendPreprocess,56,1,0.000881155
sendPreprocess,56,2,0.00089498
sendPreprocess,56,3,0.000881315
sendPreprocess,56,4,0.000901155
sendPreprocess,56,5,0.000864612
sendPreprocess,56,6,0.000877347
sendPreprocess,56,7,0.000912898
sendPreprocess,56,8,0.000931138
sendPreprocess,56,9,0.000874916
particleSend,56,0,0.001112092
particleSend,56,1,0.001092669
particleSend,56,2,0.001071229
particleSend,56,3,0.001038303
particleSend,56,4,0.001097949
particleSend,56,5,0.001071774
particleSend,56,6,0.001026623
particleSend,56,7,0.001142427
particleSend,56,8,0.001159835
particleSend,56,9,0.001101564
particleRecv,56,0,4.2207e-05
particleRecv,56,1,4.5822e-05
particleRecv,56,2,4.4031e-05
particleRecv,56,3,4.2974e-05
particleRecv,56,4,3.7823e-05
particleRecv,56,5,4.6654e-05
particleRecv,56,6,4.7583e-05
particleRecv,56,7,3.5871e-05
particleRecv,56,8,3.7086e-05
particleRecv,56,9,3.8399e-05
particleDestroy,56,0,0.002757575
particleDestroy,56,1,0.002769831
particleDestroy,56,2,0.002748807
particleDestroy,56,3,0.002769223
particleDestroy,56,4,0.002754375
particleDestroy,56,5,0.002745256
particleDestroy,56,6,0.002758695
particleDestroy,56,7,0.002738024
particleDestroy,56,8,0.00273348
particleDestroy,56,9,0.002750791
ScatterPIFNUFFT,56,0,0.266269974
ScatterPIFNUFFT,56,1,1.5647e-05
ScatterPIFNUFFT,56,2,0.255825285
ScatterPIFNUFFT,56,3,2.2111e-05
ScatterPIFNUFFT,56,4,0.22116874
ScatterPIFNUFFT,56,5,3.2895e-05
ScatterPIFNUFFT,56,6,0.174084626
ScatterPIFNUFFT,56,7,1.4591e-05
ScatterPIFNUFFT,56,8,0.262382674
ScatterPIFNUFFT,56,9,1.536e-05
ScatterPIFNUFFT,56,10,0.323376517
ScatterPIFNUFFT,56,11,2.5951e-05
ScatterPIFNUFFT,56,12,0.212054345
ScatterPIFNUFFT,56,13,1.4048e-05
ScatterPIFNUFFT,56,14,0.211808082
ScatterPIFNUFFT,56,15,1.5231e-05
ScatterPIFNUFFT,56,16,0.165900986
ScatterPIFNUFFT,56,17,3.2383e-05
ScatterPIFNUFFT,56,18,0.218006794
ScatterPIFNUFFT,56,19,2.9088e-05
NativeNUFFT1,56,0,0.263726344
NativeNUFFT1,56,1,0.251316759
NativeNUFFT1,56,2,0.217684115
NativeNUFFT1,56,3,0.169633634
NativeNUFFT1,56,4,0.258980352
NativeNUFFT1,56,5,0.319061103
NativeNUFFT1,56,6,0.207534427
NativeNUFFT1,56,7,0.207313539
NativeNUFFT1,56,8,0.162408266
NativeNUFFT1,56,9,0.213481852
scatterTimerNUFFT1,56,0,0.130495056
scatterTimerNUFFT1,56,1,0.113335
scatterTimerNUFFT1,56,2,0.078952878
scatterTimerNUFFT1,56,3,0.034880956
scatterTimerNUFFT1,56,4,0.128451474
scatterTimerNUFFT1,56,5,0.1828358
scatterTimerNUFFT1,56,6,0.074205383
scatterTimerNUFFT1,56,7,0.07511105
scatterTimerNUFFT1,56,8,0.022105431
scatterTimerNUFFT1,56,9,0.077346274
binSort,56,0,0.00381738
binSort,56,1,0.003824709
binSort,56,2,0.003762023
binSort,56,3,0.00379175
binSort,56,4,0.003801445
binSort,56,5,0.003802437
binSort,56,6,0.00374228
binSort,56,7,0.00378887
binSort,56,8,0.00383402
binSort,56,9,0.003742856
binSort,56,10,0.00377591
binSort,56,11,0.003774022
binSort,56,12,0.003881411
binSort,56,13,0.003780774
binSort,56,14,0.003782982
binSort,56,15,0.003782982
binSort,56,16,0.0038449
binSort,56,17,0.003765223
binSort,56,18,0.003767463
binSort,56,19,0.003754215
binSort,56,20,0.003837124
binSort,56,21,0.003790374
binSort,56,22,0.003777095
binSort,56,23,0.003741448
binSort,56,24,0.003833892
binSort,56,25,0.003772934
binSort,56,26,0.003732488
binSort,56,27,0.003771686
binSort,56,28,0.003803461
binSort,56,29,0.003803397
binSort,56,30,0.003742888
binSort,56,31,0.00374228
binSort,56,32,0.003843364
binSort,56,33,0.003735463
binSort,56,34,0.003773126
binSort,56,35,0.003777126
binSort,56,36,0.00380199
binSort,56,37,0.003782982
binSort,56,38,0.003771046
binSort,56,39,0.003764231
binComputeKeys,56,0,0.00035106
binComputeKeys,56,1,0.000374836
binComputeKeys,56,2,0.000346741
binComputeKeys,56,3,0.000354293
binComputeKeys,56,4,0.00035186
binComputeKeys,56,5,0.00036434
binComputeKeys,56,6,0.000348565
binComputeKeys,56,7,0.000348597
binComputeKeys,56,8,0.000350132
binComputeKeys,56,9,0.000351733
binComputeKeys,56,10,0.0003605
binComputeKeys,56,11,0.000349941
binComputeKeys,56,12,0.000366325
binComputeKeys,56,13,0.000354836
binComputeKeys,56,14,0.0003541
binComputeKeys,56,15,0.000347317
binComputeKeys,56,16,0.000359028
binComputeKeys,56,17,0.000352181
binComputeKeys,56,18,0.000357108
binComputeKeys,56,19,0.00035426
binComputeKeys,56,20,0.000355957
binComputeKeys,56,21,0.000349685
binComputeKeys,56,22,0.000366964
binComputeKeys,56,23,0.000347157
binComputeKeys,56,24,0.000367636
binComputeKeys,56,25,0.000355348
binComputeKeys,56,26,0.000351541
binComputeKeys,56,27,0.000374548
binComputeKeys,56,28,0.00036162
binComputeKeys,56,29,0.000355284
binComputeKeys,56,30,0.000349077
binComputeKeys,56,31,0.000349589
binComputeKeys,56,32,0.000357844
binComputeKeys,56,33,0.000350068
binComputeKeys,56,34,0.000364148
binComputeKeys,56,35,0.000370676
binComputeKeys,56,36,0.000357813
binComputeKeys,56,37,0.000352821
binComputeKeys,56,38,0.0003493
binComputeKeys,56,39,0.000347413
binSortByKey,56,0,0.003275254
binSortByKey,56,1,0.003269719
binSortByKey,56,2,0.003235832
binSortByKey,56,3,0.003253271
binSortByKey,56,4,0.003260983
binSortByKey,56,5,0.003253463
binSortByKey,56,6,0.00322076
binSortByKey,56,7,0.003248823
binSortByKey,56,8,0.003289463
binSortByKey,56,9,0.00321788
binSortByKey,56,10,0.003238488
binSortByKey,56,11,0.003238167
binSortByKey,56,12,0.00332274
binSortByKey,56,13,0.003245496
binSortByKey,56,14,0.003244056
binSortByKey,56,15,0.003255318
binSortByKey,56,16,0.003294678
binSortByKey,56,17,0.003234295
binSortByKey,56,18,0.003228441
binSortByKey,56,19,0.003226489
binSortByKey,56,20,0.00329695
binSortByKey,56,21,0.003258807
binSortByKey,56,22,0.003233464
binSortByKey,56,23,0.003222264
binSortByKey,56,24,0.003280438
binSortByKey,56,25,0.003238744
binSortByKey,56,26,0.003209113
binSortByKey,56,27,0.003224919
binSortByKey,56,28,0.003255511
binSortByKey,56,29,0.003250135
binSortByKey,56,30,0.003221464
binSortByKey,56,31,0.003219512
binSortByKey,56,32,0.003294742
binSortByKey,56,33,0.003214617
binSortByKey,56,34,0.003233624
binSortByKey,56,35,0.003230903
binSortByKey,56,36,0.003251735
binSortByKey,56,37,0.003245207
binSortByKey,56,38,0.00323532
binSortByKey,56,39,0.00323388
binComputeOffsets,56,0,0.000187226
binComputeOffsets,56,1,0.000179162
binComputeOffsets,56,2,0.000178074
binComputeOffsets,56,3,0.000182458
binComputeOffsets,56,4,0.000186906
binComputeOffsets,56,5,0.000182874
binComputeOffsets,56,6,0.000171483
binComputeOffsets,56,7,0.00018985
binComputeOffsets,56,8,0.000190777
binComputeOffsets,56,9,0.000170171
binComputeOffsets,56,10,0.000174394
binComputeOffsets,56,11,0.000184506
binComputeOffsets,56,12,0.000189626
binComputeOffsets,56,13,0.00017785
binComputeOffsets,56,14,0.000184186
binComputeOffsets,56,15,0.000179419
binComputeOffsets,56,16,0.000185082
binComputeOffsets,56,17,0.000177115
binComputeOffsets,56,18,0.00018057
binComputeOffsets,56,19,0.000171802
binComputeOffsets,56,20,0.000181434
binComputeOffsets,56,21,0.00017993
binComputeOffsets,56,22,0.000174939
binComputeOffsets,56,23,0.000171643
binComputeOffsets,56,24,0.000183802
binComputeOffsets,56,25,0.000178042
binComputeOffsets,56,26,0.000170299
binComputeOffsets,56,27,0.000171291
binComputeOffsets,56,28,0.000183706
binComputeOffsets,56,29,0.000196314
binComputeOffsets,56,30,0.000171419
binComputeOffsets,56,31,0.000172379
binComputeOffsets,56,32,0.000186106
binComputeOffsets,56,33,0.000170042
binComputeOffsets,56,34,0.000172794
binComputeOffsets,56,35,0.000173627
binComputeOffsets,56,36,0.000189306
binComputeOffsets,56,37,0.000184058
binComputeOffsets,56,38,0.000184698
binComputeOffsets,56,39,0.000181178
FFTNUFFT1,56,0,0.132397331
FFTNUFFT1,56,1,0.13713897
FFTNUFFT1,56,2,0.137901152
FFTNUFFT1,56,3,0.133932224
FFTNUFFT1,56,4,0.129702921
FFTNUFFT1,56,5,0.135571468
FFTNUFFT1,56,6,0.13266193
FFTNUFFT1,56,7,0.13136562
FFTNUFFT1,56,8,0.139472783
FFTNUFFT1,56,9,0.135295093
deconvolutionNUFFT1,56,0,0.000831685
deconvolutionNUFFT1,56,1,0.000839301
deconvolutionNUFFT1,56,2,0.000826821
deconvolutionNUFFT1,56,3,0.000816422
deconvolutionNUFFT1,56,4,0.000821061
deconvolutionNUFFT1,56,5,0.000649803
deconvolutionNUFFT1,56,6,0.000662602
deconvolutionNUFFT1,56,7,0.000831685
deconvolutionNUFFT1,56,8,0.000822149
deconvolutionNUFFT1,56,9,0.000837765
GatherPIFNUFFT,56,0,0.465491324
GatherPIFNUFFT,56,1,0.458387618
GatherPIFNUFFT,56,2,0.450888724
GatherPIFNUFFT,56,3,0.455513151
GatherPIFNUFFT,56,4,0.462477437
GatherPIFNUFFT,56,5,0.44895349
GatherPIFNUFFT,56,6,0.459906896
GatherPIFNUFFT,56,7,0.459653113
GatherPIFNUFFT,56,8,0.45565689
GatherPIFNUFFT,56,9,0.459724087
NativeNUFFT2,56,0,0.155605638
NativeNUFFT2,56,1,0.1534411
NativeNUFFT2,56,2,0.153934396
NativeNUFFT2,56,3,0.151528266
NativeNUFFT2,56,4,0.152510825
NativeNUFFT2,56,5,0.152790721
NativeNUFFT2,56,6,0.145738564
NativeNUFFT2,56,7,0.15231016
NativeNUFFT2,56,8,0.151353167
NativeNUFFT2,56,9,0.147508203
NativeNUFFT2,56,10,0.15297353
NativeNUFFT2,56,11,0.152915198
NativeNUFFT2,56,12,0.152993722
NativeNUFFT2,56,13,0.153535401
NativeNUFFT2,56,14,0.153843038
NativeNUFFT2,56,15,0.145548809
NativeNUFFT2,56,16,0.149181653
NativeNUFFT2,56,17,0.152643014
NativeNUFFT2,56,18,0.149896606
NativeNUFFT2,56,19,0.154042553
NativeNUFFT2,56,20,0.153879773
NativeNUFFT2,56,21,0.148328273
NativeNUFFT2,56,22,0.151490379
NativeNUFFT2,56,23,0.158314127
NativeNUFFT2,56,24,0.144468878
NativeNUFFT2,56,25,0.157606341
NativeNUFFT2,56,26,0.149280658
NativeNUFFT2,56,27,0.14986739
NativeNUFFT2,56,28,0.153313904
NativeNUFFT2,56,29,0.154330704
PrecorrectionNUFFT2,56,0,0.001554158
PrecorrectionNUFFT2,56,1,0.002435346
PrecorrectionNUFFT2,56,2,0.002448593
PrecorrectionNUFFT2,56,3,0.001583213
PrecorrectionNUFFT2,56,4,0.002431697
PrecorrectionNUFFT2,56,5,0.002436753
PrecorrectionNUFFT2,56,6,0.001535726
PrecorrectionNUFFT2,56,7,0.002442865
PrecorrectionNUFFT2,56,8,0.002458609
PrecorrectionNUFFT2,56,9,0.001554862
PrecorrectionNUFFT2,56,10,0.002410482
PrecorrectionNUFFT2,56,11,0.002442578
PrecorrectionNUFFT2,56,12,0.00154763
PrecorrectionNUFFT2,56,13,0.002433457
PrecorrectionNUFFT2,56,14,0.002442257
PrecorrectionNUFFT2,56,15,0.001531662
PrecorrectionNUFFT2,56,16,0.002437233
PrecorrectionNUFFT2,56,17,0.002410386
PrecorrectionNUFFT2,56,18,0.00153659
PrecorrectionNUFFT2,56,19,0.002442674
PrecorrectionNUFFT2,56,20,0.002453969
PrecorrectionNUFFT2,56,21,0.001567118
PrecorrectionNUFFT2,56,22,0.002434225
PrecorrectionNUFFT2,56,23,0.00242277
PrecorrectionNUFFT2,56,24,0.001583725
PrecorrectionNUFFT2,56,25,0.002431762
PrecorrectionNUFFT2,56,26,0.00242949
PrecorrectionNUFFT2,56,27,0.001543534
PrecorrectionNUFFT2,56,28,0.002428978
PrecorrectionNUFFT2,56,29,0.002427218
FFTNUFFT2,56,0,0.135739462
FFTNUFFT2,56,1,0.137413553
FFTNUFFT2,56,2,0.135850691
FFTNUFFT2,56,3,0.133814533
FFTNUFFT2,56,4,0.124402324
FFTNUFFT2,56,5,0.134615276
FFTNUFFT2,56,6,0.131646955
FFTNUFFT2,56,7,0.137153881
FFTNUFFT2,56,8,0.133336469
FFTNUFFT2,56,9,0.132950112
FFTNUFFT2,56,10,0.132346451
FFTNUFFT2,56,11,0.13057275
FFTNUFFT2,56,12,0.131907234
FFTNUFFT2,56,13,0.137521773
FFTNUFFT2,56,14,0.131848259
FFTNUFFT2,56,15,0.1236443
FFTNUFFT2,56,16,0.132733703
FFTNUFFT2,56,17,0.12783015
FFTNUFFT2,56,18,0.134694345
FFTNUFFT2,56,19,0.132873539
FFTNUFFT2,56,20,0.138678504
FFTNUFFT2,56,21,0.128244632
FFTNUFFT2,56,22,0.126706506
FFTNUFFT2,56,23,0.132984351
FFTNUFFT2,56,24,0.119586608
FFTNUFFT2,56,25,0.139570603
FFTNUFFT2,56,26,0.134034045
FFTNUFFT2,56,27,0.130474768
FFTNUFFT2,56,28,0.131244375
FFTNUFFT2,56,29,0.129485553
GatherNUFFT2,56,0,0.012524907
GatherNUFFT2,56,1,0.007987134
GatherNUFFT2,56,2,0.010025149
GatherNUFFT2,56,3,0.010516045
GatherNUFFT2,56,4,0.019881599
GatherNUFFT2,56,5,0.009943871
GatherNUFFT2,56,6,0.006937376
GatherNUFFT2,56,7,0.006909858
GatherNUFFT2,56,8,0.009939103
GatherNUFFT2,56,9,0.00738389
GatherNUFFT2,56,10,0.012403056
GatherNUFFT2,56,11,0.014109721
GatherNUFFT2,56,12,0.013741381
GatherNUFFT2,56,13,0.007777702
GatherNUFFT2,56,14,0.013759621
GatherNUFFT2,56,15,0.014602632
GatherNUFFT2,56,16,0.008378194
GatherNUFFT2,56,17,0.016594408
GatherNUFFT2,56,18,0.00785741
GatherNUFFT2,56,19,0.012932448
GatherNUFFT2,56,20,0.007115706
GatherNUFFT2,56,21,0.012879201
GatherNUFFT2,56,22,0.016547339
GatherNUFFT2,56,23,0.01711628
GatherNUFFT2,56,24,0.017508395
GatherNUFFT2,56,25,0.009784355
GatherNUFFT2,56,26,0.007008062
GatherNUFFT2,56,27,0.01206521
GatherNUFFT2,56,28,0.013858721
GatherNUFFT2,56,29,0.016610856
mainTimer,57,0,7.524185133
dumpData,57,0,0.009889345
dumpData,57,1,0.007565003
dumpData,57,2,0.007371634
dumpData,57,3,0.008598507
dumpData,57,4,0.008320084
dumpData,57,5,0.007768997
dumpData,57,6,0.00706822
dumpData,57,7,0.008904064
dumpData,57,8,0.007667176
dumpData,57,9,0.008070684
kick,57,0,2.4639e-05
kick,57,1,1.0432e-05
kick,57,2,2.6976e-05
kick,57,3,1.1168e-05
kick,57,4,3.5006e-05
kick,57,5,1.2735e-05
kick,57,6,3.1423e-05
kick,57,7,8.992e-06
kick,57,8,2.7007e-05
kick,57,9,1.0944e-05
kick,57,10,2.8159e-05
kick,57,11,1.36e-05
kick,57,12,2.5023e-05
kick,57,13,9.248e-06
kick,57,14,2.1279e-05
kick,57,15,1.0144e-05
kick,57,16,3.0431e-05
kick,57,17,9.568e-06
kick,57,18,2.8159e-05
kick,57,19,1.04e-05
drift,57,0,8.416e-06
drift,57,1,6.047e-06
drift,57,2,7.456e-06
drift,57,3,6.624e-06
drift,57,4,7.04e-06
drift,57,5,6.464e-06
drift,57,6,6.24e-06
drift,57,7,4.896e-06
drift,57,8,6.367e-06
drift,57,9,5.632e-06
particleBC,57,0,1.0751e-05
particleBC,57,1,1.1648e-05
particleBC,57,2,1.1232e-05
particleBC,57,3,1.1392e-05
particleBC,57,4,1.344e-05
particleBC,57,5,1.0432e-05
particleBC,57,6,1.056e-05
particleBC,57,7,1.1263e-05
particleBC,57,8,1.232e-05
particleBC,57,9,1.1168e-05
updateParticle,57,0,0.100359708
updateParticle,57,1,0.064745304
updateParticle,57,2,0.064329509
updateParticle,57,3,0.103094467
updateParticle,57,4,0.009856162
updateParticle,57,5,0.009688711
updateParticle,57,6,0.009712967
updateParticle,57,7,0.070265542
updateParticle,57,8,0.063666875
updateParticle,57,9,0.009688936
locateParticles,57,0,0.003606668
locateParticles,57,1,0.003625163
locateParticles,57,2,0.003620363
locateParticles,57,3,0.003634666
locateParticles,57,4,0.003623787
locateParticles,57,5,0.003623627
locateParticles,57,6,0.003630826
locateParticles,57,7,0.003621803
locateParticles,57,8,0.003620331
locateParticles,57,9,0.003633195
sendPreprocess,57,0,0.000736488
sendPreprocess,57,1,0.00074724
sendPreprocess,57,2,0.000758376
sendPreprocess,57,3,0.00073924
sendPreprocess,57,4,0.000766951
sendPreprocess,57,5,0.000749351
sendPreprocess,57,6,0.000750056
sendPreprocess,57,7,0.000772327
sendPreprocess,57,8,0.000807174
sendPreprocess,57,9,0.000733704
particleSend,57,0,0.001037087
particleSend,57,1,0.001151739
particleSend,57,2,0.001185113
particleSend,57,3,0.001224217
particleSend,57,4,0.001147259
particleSend,57,5,0.00105379
particleSend,57,6,0.001105501
particleSend,57,7,0.001098589
particleSend,57,8,0.001061854
particleSend,57,9,0.001049822
particleRecv,57,0,5.2511e-05
particleRecv,57,1,4.0511e-05
particleRecv,57,2,4.0159e-05
particleRecv,57,3,3.6031e-05
particleRecv,57,4,3.9295e-05
particleRecv,57,5,4.4063e-05
particleRecv,57,6,4.2206e-05
particleRecv,57,7,4.4286e-05
particleRecv,57,8,4.9534e-05
particleRecv,57,9,3.8239e-05
particleDestroy,57,0,0.002931265
particleDestroy,57,1,0.002937793
particleDestroy,57,2,0.002915842
particleDestroy,57,3,0.002934305
particleDestroy,57,4,0.002922242
particleDestroy,57,5,0.002945505
particleDestroy,57,6,0.002949889
particleDestroy,57,7,0.002919362
particleDestroy,57,8,0.002941345
particleDestroy,57,9,0.002934881
ScatterPIFNUFFT,57,0,0.26234546
ScatterPIFNUFFT,57,1,1.6672e-05
ScatterPIFNUFFT,57,2,0.259720456
ScatterPIFNUFFT,57,3,2.6591e-05
ScatterPIFNUFFT,57,4,0.217511898
ScatterPIFNUFFT,57,5,1.5456e-05
ScatterPIFNUFFT,57,6,0.176916119
ScatterPIFNUFFT,57,7,1.6928e-05
ScatterPIFNUFFT,57,8,0.268436559
ScatterPIFNUFFT,57,9,2.2655e-05
ScatterPIFNUFFT,57,10,0.321626652
ScatterPIFNUFFT,57,11,1.6864e-05
ScatterPIFNUFFT,57,12,0.206789426
ScatterPIFNUFFT,57,13,1.6799e-05
ScatterPIFNUFFT,57,14,0.214106727
ScatterPIFNUFFT,57,15,1.9775e-05
ScatterPIFNUFFT,57,16,0.166060117
ScatterPIFNUFFT,57,17,1.8239e-05
ScatterPIFNUFFT,57,18,0.218916173
ScatterPIFNUFFT,57,19,2.4415e-05
NativeNUFFT1,57,0,0.257734249
NativeNUFFT1,57,1,0.255400179
NativeNUFFT1,57,2,0.213018539
NativeNUFFT1,57,3,0.172353898
NativeNUFFT1,57,4,0.265047165
NativeNUFFT1,57,5,0.317230378
NativeNUFFT1,57,6,0.202271941
NativeNUFFT1,57,7,0.209783699
NativeNUFFT1,57,8,0.161564678
NativeNUFFT1,57,9,0.215455836
scatterTimerNUFFT1,57,0,0.12843605
scatterTimerNUFFT1,57,1,0.112968964
scatterTimerNUFFT1,57,2,0.074942191
scatterTimerNUFFT1,57,3,0.035216817
scatterTimerNUFFT1,57,4,0.128908707
scatterTimerNUFFT1,57,5,0.182928597
scatterTimerNUFFT1,57,6,0.074903025
scatterTimerNUFFT1,57,7,0.075555708
scatterTimerNUFFT1,57,8,0.021088664
scatterTimerNUFFT1,57,9,0.078736213
binSort,57,0,0.004061309
binSort,57,1,0.003973759
binSort,57,2,0.003945025
binSort,57,3,0.00397216
binSort,57,4,0.004038238
binSort,57,5,0.004005119
binSort,57,6,0.003951617
binSort,57,7,0.003952128
binSort,57,8,0.004030494
binSort,57,9,0.003982752
binSort,57,10,0.003991551
binSort,57,11,0.003945025
binSort,57,12,0.004044669
binSort,57,13,0.003989568
binSort,57,14,0.003974048
binSort,57,15,0.004008222
binSort,57,16,0.003988575
binSort,57,17,0.003955936
binSort,57,18,0.003965728
binSort,57,19,0.003955104
binSort,57,20,0.004017951
binSort,57,21,0.00398336
binSort,57,22,0.004009855
binSort,57,23,0.00394896
binSort,57,24,0.003984063
binSort,57,25,0.003956032
binSort,57,26,0.00395488
binSort,57,27,0.003988447
binSort,57,28,0.004043742
binSort,57,29,0.00397712
binSort,57,30,0.003981087
binSort,57,31,0.003991679
binSort,57,32,0.004075069
binSort,57,33,0.003980288
binSort,57,34,0.004022622
binSort,57,35,0.003996702
binSort,57,36,0.004023006
binSort,57,37,0.003999679
binSort,57,38,0.003969312
binSort,57,39,0.0039544
binComputeKeys,57,0,0.000383796
binComputeKeys,57,1,0.000390004
binComputeKeys,57,2,0.000372756
binComputeKeys,57,3,0.000393043
binComputeKeys,57,4,0.000390068
binComputeKeys,57,5,0.000382548
binComputeKeys,57,6,0.0003741
binComputeKeys,57,7,0.000378292
binComputeKeys,57,8,0.000383412
binComputeKeys,57,9,0.0003685
binComputeKeys,57,10,0.000376436
binComputeKeys,57,11,0.000374964
binComputeKeys,57,12,0.000390995
binComputeKeys,57,13,0.00037154
binComputeKeys,57,14,0.000385843
binComputeKeys,57,15,0.000379571
binComputeKeys,57,16,0.00037074
binComputeKeys,57,17,0.000370452
binComputeKeys,57,18,0.000380596
binComputeKeys,57,19,0.000379507
binComputeKeys,57,20,0.000381652
binComputeKeys,57,21,0.000380628
binComputeKeys,57,22,0.00037378
binComputeKeys,57,23,0.000374387
binComputeKeys,57,24,0.000382931
binComputeKeys,57,25,0.000378996
binComputeKeys,57,26,0.00037234
binComputeKeys,57,27,0.00037602
binComputeKeys,57,28,0.000385075
binComputeKeys,57,29,0.000373204
binComputeKeys,57,30,0.000386004
binComputeKeys,57,31,0.000374484
binComputeKeys,57,32,0.000403571
binComputeKeys,57,33,0.000378676
binComputeKeys,57,34,0.00037394
binComputeKeys,57,35,0.000377459
binComputeKeys,57,36,0.000371572
binComputeKeys,57,37,0.00038818
binComputeKeys,57,38,0.000377363
binComputeKeys,57,39,0.000375444
binSortByKey,57,0,0.003477008
binSortByKey,57,1,0.003401106
binSortByKey,57,2,0.003392338
binSortByKey,57,3,0.003395571
binSortByKey,57,4,0.003457648
binSortByKey,57,5,0.003435409
binSortByKey,57,6,0.003397619
binSortByKey,57,7,0.003392274
binSortByKey,57,8,0.003446193
binSortByKey,57,9,0.003417554
binSortByKey,57,10,0.003427409
binSortByKey,57,11,0.003388467
binSortByKey,57,12,0.003457105
binSortByKey,57,13,0.003424434
binSortByKey,57,14,0.003404019
binSortByKey,57,15,0.003429521
binSortByKey,57,16,0.003423826
binSortByKey,57,17,0.003402418
binSortByKey,57,18,0.003404082
binSortByKey,57,19,0.003393235
binSortByKey,57,20,0.003446257
binSortByKey,57,21,0.003417266
binSortByKey,57,22,0.003438097
binSortByKey,57,23,0.003392659
binSortByKey,57,24,0.003410194
binSortByKey,57,25,0.003397106
binSortByKey,57,26,0.003401042
binSortByKey,57,27,0.003426033
binSortByKey,57,28,0.003465681
binSortByKey,57,29,0.00342005
binSortByKey,57,30,0.003408145
binSortByKey,57,31,0.003413586
binSortByKey,57,32,0.0034692
binSortByKey,57,33,0.003419762
binSortByKey,57,34,0.003444465
binSortByKey,57,35,0.003431793
binSortByKey,57,36,0.003451121
binSortByKey,57,37,0.003422833
binSortByKey,57,38,0.003408435
binSortByKey,57,39,0.00339749
binComputeOffsets,57,0,0.000196441
binComputeOffsets,57,1,0.000182074
binComputeOffsets,57,2,0.000178267
binComputeOffsets,57,3,0.000181338
binComputeOffsets,57,4,0.000187738
binComputeOffsets,57,5,0.00018585
binComputeOffsets,57,6,0.000178874
binComputeOffsets,57,7,0.000180346
binComputeOffsets,57,8,0.000198969
binComputeOffsets,57,9,0.000196026
binComputeOffsets,57,10,0.00018633
binComputeOffsets,57,11,0.00018073
binComputeOffsets,57,12,0.000194042
binComputeOffsets,57,13,0.000192986
binComputeOffsets,57,14,0.000182714
binComputeOffsets,57,15,0.000198394
binComputeOffsets,57,16,0.000190777
binComputeOffsets,57,17,0.000182426
binComputeOffsets,57,18,0.000179194
binComputeOffsets,57,19,0.000181402
binComputeOffsets,57,20,0.00018905
binComputeOffsets,57,21,0.000182971
binComputeOffsets,57,22,0.000196538
binComputeOffsets,57,23,0.000180922
binComputeOffsets,57,24,0.000189466
binComputeOffsets,57,25,0.000179322
binComputeOffsets,57,26,0.000180346
binComputeOffsets,57,27,0.000185594
binComputeOffsets,57,28,0.00018873
binComputeOffsets,57,29,0.000182074
binComputeOffsets,57,30,0.000185018
binComputeOffsets,57,31,0.000189113
binComputeOffsets,57,32,0.000198938
binComputeOffsets,57,33,0.000180314
binComputeOffsets,57,34,0.000203609
binComputeOffsets,57,35,0.000186458
binComputeOffsets,57,36,0.000197466
binComputeOffsets,57,37,0.000187002
binComputeOffsets,57,38,0.000181946
binComputeOffsets,57,39,0.00018057
FFTNUFFT1,57,0,0.128458162
FFTNUFFT1,57,1,0.14158433
FFTNUFFT1,57,2,0.137406417
FFTNUFFT1,57,3,0.136305268
FFTNUFFT1,57,4,0.135482191
FFTNUFFT1,57,5,0.133472464
FFTNUFFT1,57,6,0.126715881
FFTNUFFT1,57,7,0.133406195
FFTNUFFT1,57,8,0.139821827
FFTNUFFT1,57,9,0.135879554
deconvolutionNUFFT1,57,0,0.000836709
deconvolutionNUFFT1,57,1,0.000841733
deconvolutionNUFFT1,57,2,0.000665803
deconvolutionNUFFT1,57,3,0.000828261
deconvolutionNUFFT1,57,4,0.000651019
deconvolutionNUFFT1,57,5,0.000825478
deconvolutionNUFFT1,57,6,0.000650539
deconvolutionNUFFT1,57,7,0.000816422
deconvolutionNUFFT1,57,8,0.000647819
deconvolutionNUFFT1,57,9,0.000835397
GatherPIFNUFFT,57,0,0.469994315
GatherPIFNUFFT,57,1,0.455181002
GatherPIFNUFFT,57,2,0.45528887
GatherPIFNUFFT,57,3,0.452561054
GatherPIFNUFFT,57,4,0.457300901
GatherPIFNUFFT,57,5,0.453362819
GatherPIFNUFFT,57,6,0.465726164
GatherPIFNUFFT,57,7,0.455353764
GatherPIFNUFFT,57,8,0.454777143
GatherPIFNUFFT,57,9,0.457942736
NativeNUFFT2,57,0,0.161239664
NativeNUFFT2,57,1,0.154091287
NativeNUFFT2,57,2,0.153195156
NativeNUFFT2,57,3,0.145866465
NativeNUFFT2,57,4,0.152445867
NativeNUFFT2,57,5,0.1540534
NativeNUFFT2,57,6,0.148633766
NativeNUFFT2,57,7,0.152459212
NativeNUFFT2,57,8,0.152669509
NativeNUFFT2,57,9,0.144803458
NativeNUFFT2,57,10,0.1515794
NativeNUFFT2,57,11,0.15382192
NativeNUFFT2,57,12,0.146093657
NativeNUFFT2,57,13,0.154875294
NativeNUFFT2,57,14,0.154035992
NativeNUFFT2,57,15,0.148230163
NativeNUFFT2,57,16,0.147583817
NativeNUFFT2,57,17,0.155548136
NativeNUFFT2,57,18,0.156905436
NativeNUFFT2,57,19,0.153885821
NativeNUFFT2,57,20,0.153523145
NativeNUFFT2,57,21,0.144528651
NativeNUFFT2,57,22,0.151419341
NativeNUFFT2,57,23,0.157859294
NativeNUFFT2,57,24,0.145533803
NativeNUFFT2,57,25,0.156328238
NativeNUFFT2,57,26,0.149514986
NativeNUFFT2,57,27,0.148794977
NativeNUFFT2,57,28,0.152833791
NativeNUFFT2,57,29,0.15331816
PrecorrectionNUFFT2,57,0,0.001587116
PrecorrectionNUFFT2,57,1,0.002506384
PrecorrectionNUFFT2,57,2,0.002521231
PrecorrectionNUFFT2,57,3,0.001583214
PrecorrectionNUFFT2,57,4,0.002516878
PrecorrectionNUFFT2,57,5,0.002509231
PrecorrectionNUFFT2,57,6,0.001565421
PrecorrectionNUFFT2,57,7,0.002503855
PrecorrectionNUFFT2,57,8,0.002517103
PrecorrectionNUFFT2,57,9,0.001586317
PrecorrectionNUFFT2,57,10,0.002497168
PrecorrectionNUFFT2,57,11,0.002508271
PrecorrectionNUFFT2,57,12,0.001586957
PrecorrectionNUFFT2,57,13,0.002485104
PrecorrectionNUFFT2,57,14,0.002479472
PrecorrectionNUFFT2,57,15,0.001562445
PrecorrectionNUFFT2,57,16,0.002511215
PrecorrectionNUFFT2,57,17,0.002502191
PrecorrectionNUFFT2,57,18,0.001571021
PrecorrectionNUFFT2,57,19,0.002476656
PrecorrectionNUFFT2,57,20,0.00247608
PrecorrectionNUFFT2,57,21,0.001570989
PrecorrectionNUFFT2,57,22,0.002524591
PrecorrectionNUFFT2,57,23,0.002515247
PrecorrectionNUFFT2,57,24,0.001583885
PrecorrectionNUFFT2,57,25,0.002516623
PrecorrectionNUFFT2,57,26,0.002518511
PrecorrectionNUFFT2,57,27,0.001586861
PrecorrectionNUFFT2,57,28,0.002494192
PrecorrectionNUFFT2,57,29,0.002492272
FFTNUFFT2,57,0,0.141139641
FFTNUFFT2,57,1,0.138487982
FFTNUFFT2,57,2,0.135360787
FFTNUFFT2,57,3,0.127600462
FFTNUFFT2,57,4,0.133764774
FFTNUFFT2,57,5,0.138309556
FFTNUFFT2,57,6,0.129388436
FFTNUFFT2,57,7,0.136289045
FFTNUFFT2,57,8,0.136952064
FFTNUFFT2,57,9,0.124847046
FFTNUFFT2,57,10,0.133140571
FFTNUFFT2,57,11,0.128870469
FFTNUFFT2,57,12,0.130739144
FFTNUFFT2,57,13,0.138870242
FFTNUFFT2,57,14,0.138212119
FFTNUFFT2,57,15,0.126732649
FFTNUFFT2,57,16,0.129831493
FFTNUFFT2,57,17,0.139387409
FFTNUFFT2,57,18,0.141816259
FFTNUFFT2,57,19,0.126913347
FFTNUFFT2,57,20,0.137469423
FFTNUFFT2,57,21,0.127894179
FFTNUFFT2,57,22,0.132938914
FFTNUFFT2,57,23,0.138215703
FFTNUFFT2,57,24,0.127942114
FFTNUFFT2,57,25,0.134795941
FFTNUFFT2,57,26,0.133407953
FFTNUFFT2,57,27,0.131688457
FFTNUFFT2,57,28,0.135128698
FFTNUFFT2,57,29,0.130139964
GatherNUFFT2,57,0,0.012521388
GatherNUFFT2,57,1,0.007287285
GatherNUFFT2,57,2,0.009345683
GatherNUFFT2,57,3,0.010706503
GatherNUFFT2,57,4,0.010197751
GatherNUFFT2,57,5,0.007435057
GatherNUFFT2,57,6,0.011878017
GatherNUFFT2,57,7,0.007707752
GatherNUFFT2,57,8,0.007400753
GatherNUFFT2,57,9,0.012586474
GatherNUFFT2,57,10,0.010130905
GatherNUFFT2,57,11,0.016462957
GatherNUFFT2,57,12,0.007976511
GatherNUFFT2,57,13,0.007536589
GatherNUFFT2,57,14,0.007547244
GatherNUFFT2,57,15,0.013972157
GatherNUFFT2,57,16,0.009442799
GatherNUFFT2,57,17,0.007694984
GatherNUFFT2,57,18,0.007558251
GatherNUFFT2,57,19,0.018526571
GatherNUFFT2,57,20,0.007792741
GatherNUFFT2,57,21,0.009101979
GatherNUFFT2,57,22,0.009968767
GatherNUFFT2,57,23,0.01114908
GatherNUFFT2,57,24,0.010168375
GatherNUFFT2,57,25,0.013026812
GatherNUFFT2,57,26,0.007798596
GatherNUFFT2,57,27,0.009527628
GatherNUFFT2,57,28,0.00923343
GatherNUFFT2,57,29,0.014683463
mainTimer,58,0,7.524185229
dumpData,58,0,0.009413424
dumpData,58,1,0.008622089
dumpData,58,2,0.008429296
dumpData,58,3,0.007996798
dumpData,58,4,0.009552269
dumpData,58,5,0.008850915
dumpData,58,6,0.008652489
dumpData,58,7,0.00723855
dumpData,58,8,0.00873735
dumpData,58,9,0.008678632
kick,58,0,2.4895e-05
kick,58,1,1.44e-05
kick,58,2,2.7424e-05
kick,58,3,1.5808e-05
kick,58,4,3.3886e-05
kick,58,5,1.0303e-05
kick,58,6,3.0271e-05
kick,58,7,1.0816e-05
kick,58,8,2.5919e-05
kick,58,9,1.0751e-05
kick,58,10,2.8479e-05
kick,58,11,1.088e-05
kick,58,12,2.5855e-05
kick,58,13,1.3344e-05
kick,58,14,2.224e-05
kick,58,15,1.0336e-05
kick,58,16,2.8543e-05
kick,58,17,1.072e-05
kick,58,18,2.7103e-05
kick,58,19,9.024e-06
drift,58,0,6.08e-06
drift,58,1,5.791e-06
drift,58,2,6.592e-06
drift,58,3,6.752e-06
drift,58,4,6.56e-06
drift,58,5,7.584e-06
drift,58,6,5.888e-06
drift,58,7,5.152e-06
drift,58,8,6.399e-06
drift,58,9,5.727e-06
particleBC,58,0,1.0847e-05
particleBC,58,1,1.184e-05
particleBC,58,2,1.1968e-05
particleBC,58,3,1.1424e-05
particleBC,58,4,1.1168e-05
particleBC,58,5,9.504e-06
particleBC,58,6,1.3247e-05
particleBC,58,7,1.0463e-05
particleBC,58,8,9.728e-06
particleBC,58,9,1.28e-05
updateParticle,58,0,0.100350684
updateParticle,58,1,0.064845845
updateParticle,58,2,0.064248776
updateParticle,58,3,0.103079172
updateParticle,58,4,0.009784485
updateParticle,58,5,0.009674311
updateParticle,58,6,0.009744391
updateParticle,58,7,0.070279878
updateParticle,58,8,0.063651995
updateParticle,58,9,0.009639817
locateParticles,58,0,0.003617388
locateParticles,58,1,0.003631179
locateParticles,58,2,0.003627499
locateParticles,58,3,0.003645386
locateParticles,58,4,0.003625483
locateParticles,58,5,0.003629162
locateParticles,58,6,0.003639755
locateParticles,58,7,0.003625707
locateParticles,58,8,0.003625163
locateParticles,58,9,0.003647242
sendPreprocess,58,0,0.000726984
sendPreprocess,58,1,0.000743144
sendPreprocess,58,2,0.000753287
sendPreprocess,58,3,0.000730632
sendPreprocess,58,4,0.000768999
sendPreprocess,58,5,0.000745576
sendPreprocess,58,6,0.000740584
sendPreprocess,58,7,0.000768263
sendPreprocess,58,8,0.000804998
sendPreprocess,58,9,0.000721161
particleSend,58,0,0.001127548
particleSend,58,1,0.001147611
particleSend,58,2,0.001068062
particleSend,58,3,0.001043647
particleSend,58,4,0.001048286
particleSend,58,5,0.001025695
particleSend,58,6,0.001144187
particleSend,58,7,0.001031967
particleSend,58,8,0.001067102
particleSend,58,9,0.001039806
particleRecv,58,0,4.0094e-05
particleRecv,58,1,3.7727e-05
particleRecv,58,2,4.3967e-05
particleRecv,58,3,4.019e-05
particleRecv,58,4,4.1183e-05
particleRecv,58,5,4.5087e-05
particleRecv,58,6,3.7055e-05
particleRecv,58,7,5.171e-05
particleRecv,58,8,4.7455e-05
particleRecv,58,9,4.0799e-05
particleDestroy,58,0,0.002952865
particleDestroy,58,1,0.002942497
particleDestroy,58,2,0.002958304
particleDestroy,58,3,0.002961281
particleDestroy,58,4,0.002960449
particleDestroy,58,5,0.002957984
particleDestroy,58,6,0.002965633
particleDestroy,58,7,0.002973824
particleDestroy,58,8,0.002958049
particleDestroy,58,9,0.002981568
ScatterPIFNUFFT,58,0,0.266123418
ScatterPIFNUFFT,58,1,2.0575e-05
ScatterPIFNUFFT,58,2,0.258537774
ScatterPIFNUFFT,58,3,3.5871e-05
ScatterPIFNUFFT,58,4,0.216522329
ScatterPIFNUFFT,58,5,1.8527e-05
ScatterPIFNUFFT,58,6,0.175120241
ScatterPIFNUFFT,58,7,1.3344e-05
ScatterPIFNUFFT,58,8,0.263652746
ScatterPIFNUFFT,58,9,1.1456e-05
ScatterPIFNUFFT,58,10,0.322815894
ScatterPIFNUFFT,58,11,2.1279e-05
ScatterPIFNUFFT,58,12,0.213902733
ScatterPIFNUFFT,58,13,2.2591e-05
ScatterPIFNUFFT,58,14,0.217108262
ScatterPIFNUFFT,58,15,2.2623e-05
ScatterPIFNUFFT,58,16,0.164674178
ScatterPIFNUFFT,58,17,2.256e-05
ScatterPIFNUFFT,58,18,0.219171812
ScatterPIFNUFFT,58,19,2.1471e-05
NativeNUFFT1,58,0,0.263564204
NativeNUFFT1,58,1,0.254284247
NativeNUFFT1,58,2,0.212052426
NativeNUFFT1,58,3,0.171673408
NativeNUFFT1,58,4,0.260239512
NativeNUFFT1,58,5,0.318442051
NativeNUFFT1,58,6,0.209609784
NativeNUFFT1,58,7,0.212775827
NativeNUFFT1,58,8,0.161269007
NativeNUFFT1,58,9,0.215726099
scatterTimerNUFFT1,58,0,0.130220152
scatterTimerNUFFT1,58,1,0.113322361
scatterTimerNUFFT1,58,2,0.077531132
scatterTimerNUFFT1,58,3,0.03594073
scatterTimerNUFFT1,58,4,0.128381621
scatterTimerNUFFT1,58,5,0.183535713
scatterTimerNUFFT1,58,6,0.074422529
scatterTimerNUFFT1,58,7,0.075583899
scatterTimerNUFFT1,58,8,0.02274989
scatterTimerNUFFT1,58,9,0.078415711
binSort,58,0,0.004006303
binSort,58,1,0.003937536
binSort,58,2,0.003977951
binSort,58,3,0.004003263
binSort,58,4,0.004005727
binSort,58,5,0.003979999
binSort,58,6,0.00395792
binSort,58,7,0.004005183
binSort,58,8,0.00408166
binSort,58,9,0.003978592
binSort,58,10,0.003995711
binSort,58,11,0.003996991
binSort,58,12,0.004052477
binSort,58,13,0.003968608
binSort,58,14,0.003998048
binSort,58,15,0.003937857
binSort,58,16,0.004018495
binSort,58,17,0.00397872
binSort,58,18,0.003995487
binSort,58,19,0.003962112
binSort,58,20,0.004030303
binSort,58,21,0.003985663
binSort,58,22,0.004005375
binSort,58,23,0.003982527
binSort,58,24,0.00407382
binSort,58,25,0.003977951
binSort,58,26,0.003979936
binSort,58,27,0.003961089
binSort,58,28,0.00402947
binSort,58,29,0.003970784
binSort,58,30,0.003976159
binSort,58,31,0.003935009
binSort,58,32,0.004014175
binSort,58,33,0.003973215
binSort,58,34,0.003967936
binSort,58,35,0.004026014
binSort,58,36,0.004068413
binSort,58,37,0.004046045
binSort,58,38,0.003970208
binSort,58,39,0.003951616
binComputeKeys,58,0,0.000373588
binComputeKeys,58,1,0.000370708
binComputeKeys,58,2,0.000369012
binComputeKeys,58,3,0.000373556
binComputeKeys,58,4,0.00037698
binComputeKeys,58,5,0.000378227
binComputeKeys,58,6,0.000373012
binComputeKeys,58,7,0.000373172
binComputeKeys,58,8,0.000382611
binComputeKeys,58,9,0.000378836
binComputeKeys,58,10,0.000378611
binComputeKeys,58,11,0.000372788
binComputeKeys,58,12,0.000366644
binComputeKeys,58,13,0.000381843
binComputeKeys,58,14,0.000387604
binComputeKeys,58,15,0.000373268
binComputeKeys,58,16,0.000383316
binComputeKeys,58,17,0.000375988
binComputeKeys,58,18,0.000372692
binComputeKeys,58,19,0.000377012
binComputeKeys,58,20,0.000384596
binComputeKeys,58,21,0.000380275
binComputeKeys,58,22,0.000379283
binComputeKeys,58,23,0.000373844
binComputeKeys,58,24,0.000379827
binComputeKeys,58,25,0.000373523
binComputeKeys,58,26,0.000369876
binComputeKeys,58,27,0.000369876
binComputeKeys,58,28,0.00038258
binComputeKeys,58,29,0.000384627
binComputeKeys,58,30,0.00038066
binComputeKeys,58,31,0.000365364
binComputeKeys,58,32,0.000373204
binComputeKeys,58,33,0.000389139
binComputeKeys,58,34,0.000388979
binComputeKeys,58,35,0.000380276
binComputeKeys,58,36,0.00038386
binComputeKeys,58,37,0.00038114
binComputeKeys,58,38,0.000380724
binComputeKeys,58,39,0.000381108
binSortByKey,58,0,0.003433905
binSortByKey,58,1,0.003387026
binSortByKey,58,2,0.003420753
binSortByKey,58,3,0.003435441
binSortByKey,58,4,0.003440305
binSortByKey,58,5,0.003420082
binSortByKey,58,6,0.003402098
binSortByKey,58,7,0.003430417
binSortByKey,58,8,0.003493328
binSortByKey,58,9,0.003413394
binSortByKey,58,10,0.003432658
binSortByKey,58,11,0.003432433
binSortByKey,58,12,0.003478128
binSortByKey,58,13,0.003403859
binSortByKey,58,14,0.003426482
binSortByKey,58,15,0.003384371
binSortByKey,58,16,0.003437585
binSortByKey,58,17,0.00341653
binSortByKey,58,18,0.003428241
binSortByKey,58,19,0.003394323
binSortByKey,58,20,0.003455121
binSortByKey,58,21,0.00342133
binSortByKey,58,22,0.003442226
binSortByKey,58,23,0.003416881
binSortByKey,58,24,0.003497263
binSortByKey,58,25,0.003412627
binSortByKey,58,26,0.003420946
binSortByKey,58,27,0.003403571
binSortByKey,58,28,0.003458064
binSortByKey,58,29,0.003404883
binSortByKey,58,30,0.003410673
binSortByKey,58,31,0.003388691
binSortByKey,58,32,0.003447153
binSortByKey,58,33,0.003404338
binSortByKey,58,34,0.003397778
binSortByKey,58,35,0.003450896
binSortByKey,58,36,0.003485839
binSortByKey,58,37,0.003463856
binSortByKey,58,38,0.00340981
binSortByKey,58,39,0.003388658
binComputeOffsets,58,0,0.00019769
binComputeOffsets,58,1,0.00017769
binComputeOffsets,58,2,0.000186042
binComputeOffsets,58,3,0.000192698
binComputeOffsets,58,4,0.00018665
binComputeOffsets,58,5,0.000179482
binComputeOffsets,58,6,0.000180474
binComputeOffsets,58,7,0.000200346
binComputeOffsets,58,8,0.000203801
binComputeOffsets,58,9,0.000185082
binComputeOffsets,58,10,0.000182618
binComputeOffsets,58,11,0.000190842
binComputeOffsets,58,12,0.000204089
binComputeOffsets,58,13,0.000180794
binComputeOffsets,58,14,0.000181563
binComputeOffsets,58,15,0.000178874
binComputeOffsets,58,16,0.000193466
binComputeOffsets,58,17,0.000184282
binComputeOffsets,58,18,0.000193306
binComputeOffsets,58,19,0.000188217
binComputeOffsets,58,20,0.000189242
binComputeOffsets,58,21,0.000181722
binComputeOffsets,58,22,0.00018201
binComputeOffsets,58,23,0.000189338
binComputeOffsets,58,24,0.000193178
binComputeOffsets,58,25,0.000189721
binComputeOffsets,58,26,0.000186618
binComputeOffsets,58,27,0.00018489
binComputeOffsets,58,28,0.000187002
binComputeOffsets,58,29,0.000179994
binComputeOffsets,58,30,0.000183098
binComputeOffsets,58,31,0.000179642
binComputeOffsets,58,32,0.000191354
binComputeOffsets,58,33,0.000178298
binComputeOffsets,58,34,0.000179419
binComputeOffsets,58,35,0.000193402
binComputeOffsets,58,36,0.000195994
binComputeOffsets,58,37,0.000199193
binComputeOffsets,58,38,0.000177178
binComputeOffsets,58,39,0.000180026
FFTNUFFT1,58,0,0.132521615
FFTNUFFT1,58,1,0.140126969
FFTNUFFT1,58,2,0.133680425
FFTNUFFT1,58,3,0.135075804
FFTNUFFT1,58,4,0.13103795
FFTNUFFT1,58,5,0.134243383
FFTNUFFT1,58,6,0.134525773
FFTNUFFT1,58,7,0.136540909
FFTNUFFT1,58,8,0.137691592
FFTNUFFT1,58,9,0.136470511
deconvolutionNUFFT1,58,0,0.000820197
deconvolutionNUFFT1,58,1,0.000831813
deconvolutionNUFFT1,58,2,0.000838085
deconvolutionNUFFT1,58,3,0.000653067
deconvolutionNUFFT1,58,4,0.00081495
deconvolutionNUFFT1,58,5,0.000659371
deconvolutionNUFFT1,58,6,0.000658859
deconvolutionNUFFT1,58,7,0.000649099
deconvolutionNUFFT1,58,8,0.000823429
deconvolutionNUFFT1,58,9,0.000836165
GatherPIFNUFFT,58,0,0.466211814
GatherPIFNUFFT,58,1,0.456038382
GatherPIFNUFFT,58,2,0.456095884
GatherPIFNUFFT,58,3,0.455123755
GatherPIFNUFFT,58,4,0.461171367
GatherPIFNUFFT,58,5,0.450688058
GatherPIFNUFFT,58,6,0.45638557
GatherPIFNUFFT,58,7,0.454509855
GatherPIFNUFFT,58,8,0.457216807
GatherPIFNUFFT,58,9,0.457070572
NativeNUFFT2,58,0,0.156055255
NativeNUFFT2,58,1,0.15399129
NativeNUFFT2,58,2,0.153263122
NativeNUFFT2,58,3,0.148462989
NativeNUFFT2,58,4,0.152441291
NativeNUFFT2,58,5,0.152985947
NativeNUFFT2,58,6,0.150227475
NativeNUFFT2,58,7,0.152158998
NativeNUFFT2,58,8,0.151688324
NativeNUFFT2,58,9,0.145864128
NativeNUFFT2,58,10,0.152171988
NativeNUFFT2,58,11,0.154397037
NativeNUFFT2,58,12,0.151560968
NativeNUFFT2,58,13,0.154334767
NativeNUFFT2,58,14,0.153704675
NativeNUFFT2,58,15,0.14703929
NativeNUFFT2,58,16,0.149068825
NativeNUFFT2,58,17,0.152550249
NativeNUFFT2,58,18,0.147662887
NativeNUFFT2,58,19,0.153651142
NativeNUFFT2,58,20,0.153489354
NativeNUFFT2,58,21,0.142921215
NativeNUFFT2,58,22,0.151087832
NativeNUFFT2,58,23,0.159009177
NativeNUFFT2,58,24,0.148945885
NativeNUFFT2,58,25,0.155517481
NativeNUFFT2,58,26,0.149541737
NativeNUFFT2,58,27,0.148604167
NativeNUFFT2,58,28,0.153676036
NativeNUFFT2,58,29,0.152271378
PrecorrectionNUFFT2,58,0,0.001576845
PrecorrectionNUFFT2,58,1,0.002502383
PrecorrectionNUFFT2,58,2,0.002494736
PrecorrectionNUFFT2,58,3,0.001555598
PrecorrectionNUFFT2,58,4,0.00248152
PrecorrectionNUFFT2,58,5,0.00246856
PrecorrectionNUFFT2,58,6,0.001583628
PrecorrectionNUFFT2,58,7,0.002496912
PrecorrectionNUFFT2,58,8,0.002502255
PrecorrectionNUFFT2,58,9,0.00154651
PrecorrectionNUFFT2,58,10,0.002484048
PrecorrectionNUFFT2,58,11,0.002486256
PrecorrectionNUFFT2,58,12,0.001572397
PrecorrectionNUFFT2,58,13,0.002502255
PrecorrectionNUFFT2,58,14,0.002489999
PrecorrectionNUFFT2,58,15,0.001564878
PrecorrectionNUFFT2,58,16,0.002496335
PrecorrectionNUFFT2,58,17,0.002468848
PrecorrectionNUFFT2,58,18,0.001552334
PrecorrectionNUFFT2,58,19,0.00249256
PrecorrectionNUFFT2,58,20,0.002510383
PrecorrectionNUFFT2,58,21,0.001549678
PrecorrectionNUFFT2,58,22,0.002495471
PrecorrectionNUFFT2,58,23,0.002505264
PrecorrectionNUFFT2,58,24,0.001553102
PrecorrectionNUFFT2,58,25,0.002492592
PrecorrectionNUFFT2,58,26,0.002498896
PrecorrectionNUFFT2,58,27,0.001562542
PrecorrectionNUFFT2,58,28,0.00248904
PrecorrectionNUFFT2,58,29,0.002468497
FFTNUFFT2,58,0,0.141219829
FFTNUFFT2,58,1,0.137804484
FFTNUFFT2,58,2,0.134498895
FFTNUFFT2,58,3,0.132469392
FFTNUFFT2,58,4,0.124770025
FFTNUFFT2,58,5,0.134706089
FFTNUFFT2,58,6,0.134283126
FFTNUFFT2,58,7,0.136459887
FFTNUFFT2,58,8,0.132906851
FFTNUFFT2,58,9,0.131158747
FFTNUFFT2,58,10,0.1359144
FFTNUFFT2,58,11,0.136086299
FFTNUFFT2,58,12,0.128176474
FFTNUFFT2,58,13,0.136406161
FFTNUFFT2,58,14,0.132721256
FFTNUFFT2,58,15,0.12556859
FFTNUFFT2,58,16,0.132043102
FFTNUFFT2,58,17,0.132400563
FFTNUFFT2,58,18,0.126336054
FFTNUFFT2,58,19,0.136979263
FFTNUFFT2,58,20,0.129751495
FFTNUFFT2,58,21,0.127471025
FFTNUFFT2,58,22,0.134073405
FFTNUFFT2,58,23,0.14275498
FFTNUFFT2,58,24,0.133829892
FFTNUFFT2,58,25,0.138153497
FFTNUFFT2,58,26,0.132200953
FFTNUFFT2,58,27,0.131026142
FFTNUFFT2,58,28,0.137616043
FFTNUFFT2,58,29,0.134448048
GatherNUFFT2,58,0,0.007419664
GatherNUFFT2,58,1,0.007845731
GatherNUFFT2,58,2,0.010437744
GatherNUFFT2,58,3,0.008597355
GatherNUFFT2,58,4,0.019167062
GatherNUFFT2,58,5,0.009804899
GatherNUFFT2,58,6,0.008350675
GatherNUFFT2,58,7,0.007198968
GatherNUFFT2,58,8,0.010423568
GatherNUFFT2,58,9,0.007327476
GatherNUFFT2,58,10,0.00773927
GatherNUFFT2,58,11,0.009814371
GatherNUFFT2,58,12,0.015804546
GatherNUFFT2,58,13,0.009426896
GatherNUFFT2,58,14,0.012471086
GatherNUFFT2,58,15,0.013889312
GatherNUFFT2,58,16,0.008712296
GatherNUFFT2,58,17,0.011655656
GatherNUFFT2,58,18,0.013758468
GatherNUFFT2,58,19,0.008338419
GatherNUFFT2,58,20,0.015200278
GatherNUFFT2,58,21,0.007874083
GatherNUFFT2,58,22,0.008506126
GatherNUFFT2,58,23,0.007933632
GatherNUFFT2,58,24,0.007560524
GatherNUFFT2,58,25,0.00885165
GatherNUFFT2,58,26,0.008813476
GatherNUFFT2,58,27,0.00999155
GatherNUFFT2,58,28,0.007545068
GatherNUFFT2,58,29,0.009343155
mainTimer,59,0,7.524184621
dumpData,59,0,0.008899681
dumpData,59,1,0.008128409
dumpData,59,2,0.007932544
dumpData,59,3,0.007547565
dumpData,59,4,0.008859587
dumpData,59,5,0.008346163
dumpData,59,6,0.007519342
dumpData,59,7,0.008333491
dumpData,59,8,0.007150713
dumpData,59,9,0.007087452
kick,59,0,2.6399e-05
kick,59,1,1.0432e-05
kick,59,2,2.7392e-05
kick,59,3,8.96e-06
kick,59,4,3.507e-05
kick,59,5,9.439e-06
kick,59,6,2.9343e-05
kick,59,7,9.055e-06
kick,59,8,2.5631e-05
kick,59,9,8.896e-06
kick,59,10,2.6911e-05
kick,59,11,8.927e-06
kick,59,12,2.5535e-05
kick,59,13,1.0719e-05
kick,59,14,2.2335e-05
kick,59,15,1.1455e-05
kick,59,16,2.8287e-05
kick,59,17,1.3376e-05
kick,59,18,2.7295e-05
kick,59,19,9.855e-06
drift,59,0,5.984e-06
drift,59,1,6.239e-06
drift,59,2,4.64e-06
drift,59,3,9.6e-06
drift,59,4,5.76e-06
drift,59,5,5.952e-06
drift,59,6,4.224e-06
drift,59,7,5.728e-06
drift,59,8,6.016e-06
drift,59,9,6.175e-06
particleBC,59,0,1.0751e-05
particleBC,59,1,1.2736e-05
particleBC,59,2,1.1104e-05
particleBC,59,3,1.0656e-05
particleBC,59,4,1.4336e-05
particleBC,59,5,9.568e-06
particleBC,59,6,9.664e-06
particleBC,59,7,1.0783e-05
particleBC,59,8,1.1039e-05
particleBC,59,9,1.3504e-05
updateParticle,59,0,0.100361308
updateParticle,59,1,0.064797463
updateParticle,59,2,0.064358788
updateParticle,59,3,0.103147361
updateParticle,59,4,0.009869058
updateParticle,59,5,0.009805603
updateParticle,59,6,0.009756709
updateParticle,59,7,0.070311749
updateParticle,59,8,0.063653019
updateParticle,59,9,0.00968372
locateParticles,59,0,0.003749447
locateParticles,59,1,0.003720488
locateParticles,59,2,0.00371108
locateParticles,59,3,0.00371268
locateParticles,59,4,0.003710952
locateParticles,59,5,0.003767302
locateParticles,59,6,0.003732807
locateParticles,59,7,0.003740263
locateParticles,59,8,0.003722696
locateParticles,59,9,0.0037162
sendPreprocess,59,0,0.000594829
sendPreprocess,59,1,0.000655851
sendPreprocess,59,2,0.000672362
sendPreprocess,59,3,0.000663914
sendPreprocess,59,4,0.000684234
sendPreprocess,59,5,0.000610028
sendPreprocess,59,6,0.000651627
sendPreprocess,59,7,0.000652907
sendPreprocess,59,8,0.000710025
sendPreprocess,59,9,0.000653419
particleSend,59,0,0.001135003
particleSend,59,1,0.001090813
particleSend,59,2,0.001092765
particleSend,59,3,0.001100029
particleSend,59,4,0.00105171
particleSend,59,5,0.001097757
particleSend,59,6,0.001106589
particleSend,59,7,0.001100157
particleSend,59,8,0.001067933
particleSend,59,9,0.001107836
particleRecv,59,0,3.4751e-05
particleRecv,59,1,3.7758e-05
particleRecv,59,2,4.1151e-05
particleRecv,59,3,3.859e-05
particleRecv,59,4,3.8047e-05
particleRecv,59,5,3.9678e-05
particleRecv,59,6,3.8846e-05
particleRecv,59,7,4.4446e-05
particleRecv,59,8,4.4831e-05
particleRecv,59,9,3.1679e-05
particleDestroy,59,0,0.003206073
particleDestroy,59,1,0.003217688
particleDestroy,59,2,0.003207833
particleDestroy,59,3,0.003190969
particleDestroy,59,4,0.003204601
particleDestroy,59,5,0.003191065
particleDestroy,59,6,0.003209465
particleDestroy,59,7,0.003227192
particleDestroy,59,8,0.003206009
particleDestroy,59,9,0.003202649
ScatterPIFNUFFT,59,0,0.269701478
ScatterPIFNUFFT,59,1,1.168e-05
ScatterPIFNUFFT,59,2,0.259801509
ScatterPIFNUFFT,59,3,2.2751e-05
ScatterPIFNUFFT,59,4,0.207998029
ScatterPIFNUFFT,59,5,1.4624e-05
ScatterPIFNUFFT,59,6,0.176840858
ScatterPIFNUFFT,59,7,1.808e-05
ScatterPIFNUFFT,59,8,0.268420976
ScatterPIFNUFFT,59,9,2.3263e-05
ScatterPIFNUFFT,59,10,0.316955443
ScatterPIFNUFFT,59,11,1.4367e-05
ScatterPIFNUFFT,59,12,0.213321184
ScatterPIFNUFFT,59,13,2.6495e-05
ScatterPIFNUFFT,59,14,0.213757555
ScatterPIFNUFFT,59,15,2.5855e-05
ScatterPIFNUFFT,59,16,0.165910778
ScatterPIFNUFFT,59,17,2.8575e-05
ScatterPIFNUFFT,59,18,0.219263554
ScatterPIFNUFFT,59,19,2.7135e-05
NativeNUFFT1,59,0,0.265102939
NativeNUFFT1,59,1,0.255517936
NativeNUFFT1,59,2,0.204681304
NativeNUFFT1,59,3,0.172295084
NativeNUFFT1,59,4,0.263921025
NativeNUFFT1,59,5,0.312627327
NativeNUFFT1,59,6,0.209048842
NativeNUFFT1,59,7,0.209408671
NativeNUFFT1,59,8,0.162522183
NativeNUFFT1,59,9,0.215811217
scatterTimerNUFFT1,59,0,0.128117628
scatterTimerNUFFT1,59,1,0.113294394
scatterTimerNUFFT1,59,2,0.07691784
scatterTimerNUFFT1,59,3,0.035216305
scatterTimerNUFFT1,59,4,0.127539888
scatterTimerNUFFT1,59,5,0.184058417
scatterTimerNUFFT1,59,6,0.07498459
scatterTimerNUFFT1,59,7,0.075924304
scatterTimerNUFFT1,59,8,0.022813312
scatterTimerNUFFT1,59,9,0.078666296
binSort,59,0,0.00428703
binSort,59,1,0.004267542
binSort,59,2,0.004216985
binSort,59,3,0.004263734
binSort,59,4,0.004229367
binSort,59,5,0.004276694
binSort,59,6,0.004200089
binSort,59,7,0.004250615
binSort,59,8,0.004261047
binSort,59,9,0.004253015
binSort,59,10,0.004229016
binSort,59,11,0.004255895
binSort,59,12,0.004249655
binSort,59,13,0.004234456
binSort,59,14,0.004238679
binSort,59,15,0.004233975
binSort,59,16,0.004330676
binSort,59,17,0.00423308
binSort,59,18,0.004239127
binSort,59,19,0.004233208
binSort,59,20,0.004197593
binSort,59,21,0.004187641
binSort,59,22,0.004252759
binSort,59,23,0.004221912
binSort,59,24,0.004243126
binSort,59,25,0.004244983
binSort,59,26,0.004187545
binSort,59,27,0.004240823
binSort,59,28,0.004222904
binSort,59,29,0.004262134
binSort,59,30,0.004241271
binSort,59,31,0.004255063
binSort,59,32,0.004252152
binSort,59,33,0.00425583
binSort,59,34,0.004254678
binSort,59,35,0.004266326
binSort,59,36,0.004235959
binSort,59,37,0.004190904
binSort,59,38,0.004241143
binSort,59,39,0.004207416
binComputeKeys,59,0,0.000403379
binComputeKeys,59,1,0.000396243
binComputeKeys,59,2,0.00039346
binComputeKeys,59,3,0.000395859
binComputeKeys,59,4,0.000397523
binComputeKeys,59,5,0.000397107
binComputeKeys,59,6,0.000393876
binComputeKeys,59,7,0.000395603
binComputeKeys,59,8,0.000391571
binComputeKeys,59,9,0.000394163
binComputeKeys,59,10,0.00039474
binComputeKeys,59,11,0.000396499
binComputeKeys,59,12,0.000407475
binComputeKeys,59,13,0.000396564
binComputeKeys,59,14,0.000394611
binComputeKeys,59,15,0.000402835
binComputeKeys,59,16,0.000417842
binComputeKeys,59,17,0.000393203
binComputeKeys,59,18,0.000397011
binComputeKeys,59,19,0.000394675
binComputeKeys,59,20,0.000402004
binComputeKeys,59,21,0.000392371
binComputeKeys,59,22,0.000405427
binComputeKeys,59,23,0.000393204
binComputeKeys,59,24,0.000398483
binComputeKeys,59,25,0.000396211
binComputeKeys,59,26,0.000395507
binComputeKeys,59,27,0.000393459
binComputeKeys,59,28,0.000404883
binComputeKeys,59,29,0.000392627
binComputeKeys,59,30,0.000391539
binComputeKeys,59,31,0.000404019
binComputeKeys,59,32,0.000393492
binComputeKeys,59,33,0.000394419
binComputeKeys,59,34,0.000406227
binComputeKeys,59,35,0.000395315
binComputeKeys,59,36,0.000395379
binComputeKeys,59,37,0.000397043
binComputeKeys,59,38,0.000405395
binComputeKeys,59,39,0.000395379
binSortByKey,59,0,0.003677418
binSortByKey,59,1,0.003660906
binSortByKey,59,2,0.003628843
binSortByKey,59,3,0.003659274
binSortByKey,59,4,0.003627627
binSortByKey,59,5,0.003674121
binSortByKey,59,6,0.003614123
binSortByKey,59,7,0.003648427
binSortByKey,59,8,0.003658986
binSortByKey,59,9,0.00365889
binSortByKey,59,10,0.003631883
binSortByKey,59,11,0.003654442
binSortByKey,59,12,0.003642474
binSortByKey,59,13,0.003643562
binSortByKey,59,14,0.003642955
binSortByKey,59,15,0.003636011
binSortByKey,59,16,0.003690313
binSortByKey,59,17,0.003638891
binSortByKey,59,18,0.003641963
binSortByKey,59,19,0.003639819
binSortByKey,59,20,0.003598701
binSortByKey,59,21,0.00360254
binSortByKey,59,22,0.003645515
binSortByKey,59,23,0.003628202
binSortByKey,59,24,0.003653386
binSortByKey,59,25,0.00364529
binSortByKey,59,26,0.0035979
binSortByKey,59,27,0.003645867
binSortByKey,59,28,0.003624204
binSortByKey,59,29,0.003650986
binSortByKey,59,30,0.003645099
binSortByKey,59,31,0.003657802
binSortByKey,59,32,0.003647914
binSortByKey,59,33,0.00366113
binSortByKey,59,34,0.003651435
binSortByKey,59,35,0.003664458
binSortByKey,59,36,0.003641547
binSortByKey,59,37,0.003601516
binSortByKey,59,38,0.003629899
binSortByKey,59,39,0.003619819
binComputeOffsets,59,0,0.000203033
binComputeOffsets,59,1,0.000209369
binComputeOffsets,59,2,0.00019321
binComputeOffsets,59,3,0.000206394
binComputeOffsets,59,4,0.000202905
binComputeOffsets,59,5,0.000204122
binComputeOffsets,59,6,0.000191066
binComputeOffsets,59,7,0.000205466
binComputeOffsets,59,8,0.000206938
binComputeOffsets,59,9,0.000198522
binComputeOffsets,59,10,0.000200953
binComputeOffsets,59,11,0.00020313
binComputeOffsets,59,12,0.000197018
binComputeOffsets,59,13,0.000192762
binComputeOffsets,59,14,0.000199833
binComputeOffsets,59,15,0.000194521
binComputeOffsets,59,16,0.000215865
binComputeOffsets,59,17,0.000200378
binComputeOffsets,59,18,0.000198073
binComputeOffsets,59,19,0.000198202
binComputeOffsets,59,20,0.000195545
binComputeOffsets,59,21,0.000191034
binComputeOffsets,59,22,0.00019929
binComputeOffsets,59,23,0.000197786
binComputeOffsets,59,24,0.000189721
binComputeOffsets,59,25,0.000201562
binComputeOffsets,59,26,0.000192474
binComputeOffsets,59,27,0.000200025
binComputeOffsets,59,28,0.000192345
binComputeOffsets,59,29,0.000217689
binComputeOffsets,59,30,0.00020281
binComputeOffsets,59,31,0.000192282
binComputeOffsets,59,32,0.000207482
binComputeOffsets,59,33,0.000199641
binComputeOffsets,59,34,0.000195193
binComputeOffsets,59,35,0.000203481
binComputeOffsets,59,36,0.000197817
binComputeOffsets,59,37,0.000190841
binComputeOffsets,59,38,0.000204921
binComputeOffsets,59,39,0.000190234
FFTNUFFT1,59,0,0.136168313
FFTNUFFT1,59,1,0.141392432
FFTNUFFT1,59,2,0.126940483
FFTNUFFT1,59,3,0.136418673
FFTNUFFT1,59,4,0.135714439
FFTNUFFT1,59,5,0.127919043
FFTNUFFT1,59,6,0.133416113
FFTNUFFT1,59,7,0.132662602
FFTNUFFT1,59,8,0.139052828
FFTNUFFT1,59,9,0.136314388
deconvolutionNUFFT1,59,0,0.000813798
deconvolutionNUFFT1,59,1,0.000827334
deconvolutionNUFFT1,59,2,0.000818662
deconvolutionNUFFT1,59,3,0.000658154
deconvolutionNUFFT1,59,4,0.000662538
deconvolutionNUFFT1,59,5,0.000646603
deconvolutionNUFFT1,59,6,0.000644907
deconvolutionNUFFT1,59,7,0.000817445
deconvolutionNUFFT1,59,8,0.000651723
deconvolutionNUFFT1,59,9,0.000828133
GatherPIFNUFFT,59,0,0.463193799
GatherPIFNUFFT,59,1,0.45432039
GatherPIFNUFFT,59,2,0.464850033
GatherPIFNUFFT,59,3,0.453580925
GatherPIFNUFFT,59,4,0.457455039
GatherPIFNUFFT,59,5,0.457402978
GatherPIFNUFFT,59,6,0.45866956
GatherPIFNUFFT,59,7,0.457328996
GatherPIFNUFFT,59,8,0.456032206
GatherPIFNUFFT,59,9,0.455753111
NativeNUFFT2,59,0,0.15474941
NativeNUFFT2,59,1,0.153439596
NativeNUFFT2,59,2,0.153504458
NativeNUFFT2,59,3,0.147431917
NativeNUFFT2,59,4,0.152687364
NativeNUFFT2,59,5,0.151808961
NativeNUFFT2,59,6,0.159908347
NativeNUFFT2,59,7,0.152117079
NativeNUFFT2,59,8,0.151358096
NativeNUFFT2,59,9,0.145490828
NativeNUFFT2,59,10,0.1514067
NativeNUFFT2,59,11,0.15388019
NativeNUFFT2,59,12,0.146576233
NativeNUFFT2,59,13,0.154190484
NativeNUFFT2,59,14,0.153916252
NativeNUFFT2,59,15,0.153747042
NativeNUFFT2,59,16,0.147830049
NativeNUFFT2,59,17,0.154374894
NativeNUFFT2,59,18,0.149055673
NativeNUFFT2,59,19,0.153854047
NativeNUFFT2,59,20,0.153641285
NativeNUFFT2,59,21,0.146249171
NativeNUFFT2,59,22,0.150674437
NativeNUFFT2,59,23,0.157442059
NativeNUFFT2,59,24,0.146074522
NativeNUFFT2,59,25,0.15616066
NativeNUFFT2,59,26,0.149937021
NativeNUFFT2,59,27,0.1477081
NativeNUFFT2,59,28,0.152901149
NativeNUFFT2,59,29,0.153647205
PrecorrectionNUFFT2,59,0,0.001592589
PrecorrectionNUFFT2,59,1,0.002563502
PrecorrectionNUFFT2,59,2,0.002559853
PrecorrectionNUFFT2,59,3,0.001620427
PrecorrectionNUFFT2,59,4,0.002560685
PrecorrectionNUFFT2,59,5,0.002554925
PrecorrectionNUFFT2,59,6,0.001596173
PrecorrectionNUFFT2,59,7,0.002554766
PrecorrectionNUFFT2,59,8,0.002565165
PrecorrectionNUFFT2,59,9,0.001595148
PrecorrectionNUFFT2,59,10,0.002564653
PrecorrectionNUFFT2,59,11,0.002573261
PrecorrectionNUFFT2,59,12,0.001598828
PrecorrectionNUFFT2,59,13,0.002575757
PrecorrectionNUFFT2,59,14,0.002575821
PrecorrectionNUFFT2,59,15,0.001602669
PrecorrectionNUFFT2,59,16,0.00255275
PrecorrectionNUFFT2,59,17,0.002592396
PrecorrectionNUFFT2,59,18,0.001599948
PrecorrectionNUFFT2,59,19,0.002570829
PrecorrectionNUFFT2,59,20,0.002567085
PrecorrectionNUFFT2,59,21,0.001617067
PrecorrectionNUFFT2,59,22,0.002551693
PrecorrectionNUFFT2,59,23,0.002565037
PrecorrectionNUFFT2,59,24,0.001595276
PrecorrectionNUFFT2,59,25,0.002564814
PrecorrectionNUFFT2,59,26,0.002560302
PrecorrectionNUFFT2,59,27,0.001588108
PrecorrectionNUFFT2,59,28,0.002563054
PrecorrectionNUFFT2,59,29,0.002567501
FFTNUFFT2,59,0,0.132717608
FFTNUFFT2,59,1,0.129167578
FFTNUFFT2,59,2,0.13186794
FFTNUFFT2,59,3,0.126328918
FFTNUFFT2,59,4,0.136252566
FFTNUFFT2,59,5,0.134354868
FFTNUFFT2,59,6,0.141043899
FFTNUFFT2,59,7,0.131245911
FFTNUFFT2,59,8,0.134203193
FFTNUFFT2,59,9,0.128498416
FFTNUFFT2,59,10,0.131877699
FFTNUFFT2,59,11,0.131587981
FFTNUFFT2,59,12,0.128817223
FFTNUFFT2,59,13,0.133347412
FFTNUFFT2,59,14,0.136058204
FFTNUFFT2,59,15,0.136990526
FFTNUFFT2,59,16,0.130755111
FFTNUFFT2,59,17,0.135267638
FFTNUFFT2,59,18,0.129092605
FFTNUFFT2,59,19,0.137027837
FFTNUFFT2,59,20,0.137130362
FFTNUFFT2,59,21,0.124181819
FFTNUFFT2,59,22,0.130642764
FFTNUFFT2,59,23,0.137161753
FFTNUFFT2,59,24,0.12728268
FFTNUFFT2,59,25,0.135533677
FFTNUFFT2,59,26,0.130510158
FFTNUFFT2,59,27,0.13017833
FFTNUFFT2,59,28,0.131601227
FFTNUFFT2,59,29,0.134288629
GatherNUFFT2,59,0,0.014163095
GatherNUFFT2,59,1,0.01543563
GatherNUFFT2,59,2,0.012750757
GatherNUFFT2,59,3,0.013201686
GatherNUFFT2,59,4,0.007590635
GatherNUFFT2,59,5,0.008604299
GatherNUFFT2,59,6,0.011151512
GatherNUFFT2,59,7,0.012196055
GatherNUFFT2,59,8,0.008454575
GatherNUFFT2,59,9,0.009104538
GatherNUFFT2,59,10,0.010647433
GatherNUFFT2,59,11,0.013617673
GatherNUFFT2,59,12,0.009879425
GatherNUFFT2,59,13,0.011955487
GatherNUFFT2,59,14,0.009186072
GatherNUFFT2,59,15,0.009041372
GatherNUFFT2,59,16,0.00838149
GatherNUFFT2,59,17,0.010221142
GatherNUFFT2,59,18,0.012074458
GatherNUFFT2,59,19,0.007979583
GatherNUFFT2,59,20,0.007828068
GatherNUFFT2,59,21,0.014199542
GatherNUFFT2,59,22,0.011338738
GatherNUFFT2,59,23,0.011415247
GatherNUFFT2,59,24,0.010870017
GatherNUFFT2,59,25,0.011779236
GatherNUFFT2,59,26,0.01058065
GatherNUFFT2,59,27,0.009618346
GatherNUFFT2,59,28,0.012459279
GatherNUFFT2,59,29,0.010681128
mainTimer,60,0,7.524178796
dumpData,60,0,0.010239146
dumpData,60,1,0.008961269
dumpData,60,2,0.008793468
dumpData,60,3,0.009084529
dumpData,60,4,0.009736603
dumpData,60,5,0.008651231
dumpData,60,6,0.0076752
dumpData,60,7,0.007584515
dumpData,60,8,0.007202864
dumpData,60,9,0.007131922
kick,60,0,2.9791e-05
kick,60,1,8.288e-06
kick,60,2,3.6575e-05
kick,60,3,1.4879e-05
kick,60,4,3.9871e-05
kick,60,5,1.04e-05
kick,60,6,3.4655e-05
kick,60,7,9.472e-06
kick,60,8,3.3055e-05
kick,60,9,1.136e-05
kick,60,10,3.7151e-05
kick,60,11,9.824e-06
kick,60,12,3.6543e-05
kick,60,13,1.4688e-05
kick,60,14,3.6126e-05
kick,60,15,8.319e-06
kick,60,16,3.3631e-05
kick,60,17,1.0943e-05
kick,60,18,3.2031e-05
kick,60,19,7.744e-06
drift,60,0,9.12e-06
drift,60,1,8.16e-06
drift,60,2,9.663e-06
drift,60,3,9.376e-06
drift,60,4,8.735e-06
drift,60,5,8.831e-06
drift,60,6,7.967e-06
drift,60,7,7.168e-06
drift,60,8,1.0527e-05
drift,60,9,7.199e-06
particleBC,60,0,8.928e-06
particleBC,60,1,9.919e-06
particleBC,60,2,1.1168e-05
particleBC,60,3,1.1903e-05
particleBC,60,4,1.2704e-05
particleBC,60,5,1.3216e-05
particleBC,60,6,1.3056e-05
particleBC,60,7,1.3504e-05
particleBC,60,8,1.1584e-05
particleBC,60,9,9.888e-06
updateParticle,60,0,0.158526526
updateParticle,60,1,0.064732499
updateParticle,60,2,0.11889799
updateParticle,60,3,0.104814044
updateParticle,60,4,0.063976844
updateParticle,60,5,0.117955334
updateParticle,60,6,0.010049554
updateParticle,60,7,0.125240211
updateParticle,60,8,0.046536945
updateParticle,60,9,0.009867575
locateParticles,60,0,0.003802369
locateParticles,60,1,0.003785346
locateParticles,60,2,0.003752835
locateParticles,60,3,0.003759331
locateParticles,60,4,0.003764546
locateParticles,60,5,0.003754883
locateParticles,60,6,0.003768163
locateParticles,60,7,0.003752995
locateParticles,60,8,0.003752995
locateParticles,60,9,0.003772706
sendPreprocess,60,0,0.000548813
sendPreprocess,60,1,0.0005979
sendPreprocess,60,2,0.000632139
sendPreprocess,60,3,0.000625995
sendPreprocess,60,4,0.000639467
sendPreprocess,60,5,0.000620459
sendPreprocess,60,6,0.000609419
sendPreprocess,60,7,0.000638443
sendPreprocess,60,8,0.000682729
sendPreprocess,60,9,0.000605644
particleSend,60,0,0.001085436
particleSend,60,1,0.001058781
particleSend,60,2,0.001029278
particleSend,60,3,0.001148698
particleSend,60,4,0.001131226
particleSend,60,5,0.001060253
particleSend,60,6,0.001090364
particleSend,60,7,0.001173497
particleSend,60,8,0.00107334
particleSend,60,9,0.001007582
particleRecv,60,0,4.9599e-05
particleRecv,60,1,4.7486e-05
particleRecv,60,2,4.819e-05
particleRecv,60,3,4.2814e-05
particleRecv,60,4,3.4015e-05
particleRecv,60,5,4.9439e-05
particleRecv,60,6,4.3903e-05
particleRecv,60,7,4.1918e-05
particleRecv,60,8,4.4639e-05
particleRecv,60,9,4.7999e-05
particleDestroy,60,0,0.002970204
particleDestroy,60,1,0.002991581
particleDestroy,60,2,0.002971965
particleDestroy,60,3,0.002976157
particleDestroy,60,4,0.002949758
particleDestroy,60,5,0.002982012
particleDestroy,60,6,0.002974653
particleDestroy,60,7,0.002986205
particleDestroy,60,8,0.002986557
particleDestroy,60,9,0.002977085
ScatterPIFNUFFT,60,0,0.213441623
ScatterPIFNUFFT,60,1,2.5759e-05
ScatterPIFNUFFT,60,2,0.258411422
ScatterPIFNUFFT,60,3,2.5023e-05
ScatterPIFNUFFT,60,4,0.166731757
ScatterPIFNUFFT,60,5,3.1199e-05
ScatterPIFNUFFT,60,6,0.172736516
ScatterPIFNUFFT,60,7,1.3823e-05
ScatterPIFNUFFT,60,8,0.208885776
ScatterPIFNUFFT,60,9,2.6271e-05
ScatterPIFNUFFT,60,10,0.215468788
ScatterPIFNUFFT,60,11,2.6239e-05
ScatterPIFNUFFT,60,12,0.211917738
ScatterPIFNUFFT,60,13,2.0127e-05
ScatterPIFNUFFT,60,14,0.157653851
ScatterPIFNUFFT,60,15,1.3855e-05
ScatterPIFNUFFT,60,16,0.183485183
ScatterPIFNUFFT,60,17,2.5087e-05
ScatterPIFNUFFT,60,18,0.219535053
ScatterPIFNUFFT,60,19,2.0991e-05
NativeNUFFT1,60,0,0.210984041
NativeNUFFT1,60,1,0.253992306
NativeNUFFT1,60,2,0.162215299
NativeNUFFT1,60,3,0.168155262
NativeNUFFT1,60,4,0.204480931
NativeNUFFT1,60,5,0.211010153
NativeNUFFT1,60,6,0.207351907
NativeNUFFT1,60,7,0.153387018
NativeNUFFT1,60,8,0.178953013
NativeNUFFT1,60,9,0.21504653
scatterTimerNUFFT1,60,0,0.072314998
scatterTimerNUFFT1,60,1,0.113381247
scatterTimerNUFFT1,60,2,0.023252634
scatterTimerNUFFT1,60,3,0.033305835
scatterTimerNUFFT1,60,4,0.07312534
scatterTimerNUFFT1,60,5,0.074438031
scatterTimerNUFFT1,60,6,0.073870115
scatterTimerNUFFT1,60,7,0.020635857
scatterTimerNUFFT1,60,8,0.038159112
scatterTimerNUFFT1,60,9,0.077368654
binSort,60,0,0.004056536
binSort,60,1,0.003974715
binSort,60,2,0.004065145
binSort,60,3,0.004060473
binSort,60,4,0.004126295
binSort,60,5,0.004020282
binSort,60,6,0.004053977
binSort,60,7,0.004047737
binSort,60,8,0.004085944
binSort,60,9,0.004057273
binSort,60,10,0.003971707
binSort,60,11,0.004036538
binSort,60,12,0.004084857
binSort,60,13,0.004091863
binSort,60,14,0.003974972
binSort,60,15,0.003976924
binSort,60,16,0.004110999
binSort,60,17,0.004016442
binSort,60,18,0.003996411
binSort,60,19,0.004009754
binSort,60,20,0.00413679
binSort,60,21,0.004058233
binSort,60,22,0.004035034
binSort,60,23,0.004005946
binSort,60,24,0.004049593
binSort,60,25,0.004029594
binSort,60,26,0.004066905
binSort,60,27,0.004010682
binSort,60,28,0.004124215
binSort,60,29,0.004042777
binSort,60,30,0.003975835
binSort,60,31,0.004037018
binSort,60,32,0.00407612
binSort,60,33,0.004027194
binSort,60,34,0.003989147
binSort,60,35,0.00400425
binSort,60,36,0.004120855
binSort,60,37,0.004052122
binSort,60,38,0.00408684
binSort,60,39,0.003987098
binComputeKeys,60,0,0.000374035
binComputeKeys,60,1,0.000379091
binComputeKeys,60,2,0.000383763
binComputeKeys,60,3,0.000394227
binComputeKeys,60,4,0.000401683
binComputeKeys,60,5,0.000375796
binComputeKeys,60,6,0.000378419
binComputeKeys,60,7,0.000378611
binComputeKeys,60,8,0.000389171
binComputeKeys,60,9,0.000421234
binComputeKeys,60,10,0.000381587
binComputeKeys,60,11,0.000385043
binComputeKeys,60,12,0.000388212
binComputeKeys,60,13,0.000407282
binComputeKeys,60,14,0.000384884
binComputeKeys,60,15,0.000385363
binComputeKeys,60,16,0.000389459
binComputeKeys,60,17,0.000409811
binComputeKeys,60,18,0.000390515
binComputeKeys,60,19,0.000374451
binComputeKeys,60,20,0.000386451
binComputeKeys,60,21,0.000389875
binComputeKeys,60,22,0.000391283
binComputeKeys,60,23,0.000397554
binComputeKeys,60,24,0.000398355
binComputeKeys,60,25,0.000391539
binComputeKeys,60,26,0.000426226
binComputeKeys,60,27,0.000398899
binComputeKeys,60,28,0.000394195
binComputeKeys,60,29,0.000374963
binComputeKeys,60,30,0.000379539
binComputeKeys,60,31,0.00037666
binComputeKeys,60,32,0.000386835
binComputeKeys,60,33,0.000382291
binComputeKeys,60,34,0.000389779
binComputeKeys,60,35,0.000406418
binComputeKeys,60,36,0.000397075
binComputeKeys,60,37,0.00037682
binComputeKeys,60,38,0.000404691
binComputeKeys,60,39,0.000394642
binSortByKey,60,0,0.003475756
binSortByKey,60,1,0.00341019
binSortByKey,60,2,0.003460333
binSortByKey,60,3,0.003459149
binSortByKey,60,4,0.003520171
binSortByKey,60,5,0.003445997
binSortByKey,60,6,0.003460141
binSortByKey,60,7,0.003456621
binSortByKey,60,8,0.003493292
binSortByKey,60,9,0.003442125
binSortByKey,60,10,0.003403374
binSortByKey,60,11,0.003446766
binSortByKey,60,12,0.003490475
binSortByKey,60,13,0.003478188
binSortByKey,60,14,0.00340763
binSortByKey,60,15,0.003405359
binSortByKey,60,16,0.003519755
binSortByKey,60,17,0.003423469
binSortByKey,60,18,0.003418479
binSortByKey,60,19,0.003434829
binSortByKey,60,20,0.003532042
binSortByKey,60,21,0.00347054
binSortByKey,60,22,0.003447886
binSortByKey,60,23,0.003424558
binSortByKey,60,24,0.003450381
binSortByKey,60,25,0.003442765
binSortByKey,60,26,0.003443725
binSortByKey,60,27,0.003428813
binSortByKey,60,28,0.00352705
binSortByKey,60,29,0.003460749
binSortByKey,60,30,0.003410511
binSortByKey,60,31,0.003453132
binSortByKey,60,32,0.003483788
binSortByKey,60,33,0.00344555
binSortByKey,60,34,0.003414798
binSortByKey,60,35,0.003417198
binSortByKey,60,36,0.003519626
binSortByKey,60,37,0.003471564
binSortByKey,60,38,0.003466636
binSortByKey,60,39,0.003410447
binComputeOffsets,60,0,0.000205305
binComputeOffsets,60,1,0.000183898
binComputeOffsets,60,2,0.000219289
binComputeOffsets,60,3,0.000206233
binComputeOffsets,60,4,0.000201274
binComputeOffsets,60,5,0.000197017
binComputeOffsets,60,6,0.000214777
binComputeOffsets,60,7,0.000210457
binComputeOffsets,60,8,0.000202041
binComputeOffsets,60,9,0.000192538
binComputeOffsets,60,10,0.000186074
binComputeOffsets,60,11,0.000202969
binComputeOffsets,60,12,0.000204666
binComputeOffsets,60,13,0.000204793
binComputeOffsets,60,14,0.000181914
binComputeOffsets,60,15,0.000185594
binComputeOffsets,60,16,0.000199769
binComputeOffsets,60,17,0.00018185
binComputeOffsets,60,18,0.000187065
binComputeOffsets,60,19,0.000198586
binComputeOffsets,60,20,0.000216697
binComputeOffsets,60,21,0.000196122
binComputeOffsets,60,22,0.000195129
binComputeOffsets,60,23,0.000183418
binComputeOffsets,60,24,0.000200377
binComputeOffsets,60,25,0.00019465
binComputeOffsets,60,26,0.00019625
binComputeOffsets,60,27,0.000182586
binComputeOffsets,60,28,0.000202522
binComputeOffsets,60,29,0.000205753
binComputeOffsets,60,30,0.000185273
binComputeOffsets,60,31,0.000206458
binComputeOffsets,60,32,0.000202458
binComputeOffsets,60,33,0.000198873
binComputeOffsets,60,34,0.000183898
binComputeOffsets,60,35,0.000179994
binComputeOffsets,60,36,0.000201114
binComputeOffsets,60,37,0.00020249
binComputeOffsets,60,38,0.000214553
binComputeOffsets,60,39,0.000181433
FFTNUFFT1,60,0,0.137855246
FFTNUFFT1,60,1,0.139794158
FFTNUFFT1,60,2,0.138126597
FFTNUFFT1,60,3,0.134020654
FFTNUFFT1,60,4,0.130516644
FFTNUFFT1,60,5,0.135761845
FFTNUFFT1,60,6,0.132669083
FFTNUFFT1,60,7,0.131940244
FFTNUFFT1,60,8,0.139960169
FFTNUFFT1,60,9,0.136847664
deconvolutionNUFFT1,60,0,0.000812549
deconvolutionNUFFT1,60,1,0.000816005
deconvolutionNUFFT1,60,2,0.000835077
deconvolutionNUFFT1,60,3,0.000827557
deconvolutionNUFFT1,60,4,0.000837252
deconvolutionNUFFT1,60,5,0.000809189
deconvolutionNUFFT1,60,6,0.000811557
deconvolutionNUFFT1,60,7,0.000809989
deconvolutionNUFFT1,60,8,0.00083082
deconvolutionNUFFT1,60,9,0.00082954
GatherPIFNUFFT,60,0,0.4583254
GatherPIFNUFFT,60,1,0.455952072
GatherPIFNUFFT,60,2,0.449801876
GatherPIFNUFFT,60,3,0.455469591
GatherPIFNUFFT,60,4,0.462047996
GatherPIFNUFFT,60,5,0.449046606
GatherPIFNUFFT,60,6,0.460199161
GatherPIFNUFFT,60,7,0.458918693
GatherPIFNUFFT,60,8,0.454527863
GatherPIFNUFFT,60,9,0.457540755
NativeNUFFT2,60,0,0.149256946
NativeNUFFT2,60,1,0.153578499
NativeNUFFT2,60,2,0.15372387
NativeNUFFT2,60,3,0.147604426
NativeNUFFT2,60,4,0.152409353
NativeNUFFT2,60,5,0.152609699
NativeNUFFT2,60,6,0.14476612
NativeNUFFT2,60,7,0.152245551
NativeNUFFT2,60,8,0.151132436
NativeNUFFT2,60,9,0.147456686
NativeNUFFT2,60,10,0.15320504
NativeNUFFT2,60,11,0.152590212
NativeNUFFT2,60,12,0.151813822
NativeNUFFT2,60,13,0.153328267
NativeNUFFT2,60,14,0.153794492
NativeNUFFT2,60,15,0.144449043
NativeNUFFT2,60,16,0.148823584
NativeNUFFT2,60,17,0.152758366
NativeNUFFT2,60,18,0.150096822
NativeNUFFT2,60,19,0.153693214
NativeNUFFT2,60,20,0.154250572
NativeNUFFT2,60,21,0.147858945
NativeNUFFT2,60,22,0.151985337
NativeNUFFT2,60,23,0.157625756
NativeNUFFT2,60,24,0.143828775
NativeNUFFT2,60,25,0.157855028
NativeNUFFT2,60,26,0.149380911
NativeNUFFT2,60,27,0.145378644
NativeNUFFT2,60,28,0.15285622
NativeNUFFT2,60,29,0.154646623
PrecorrectionNUFFT2,60,0,0.001584075
PrecorrectionNUFFT2,60,1,0.00254206
PrecorrectionNUFFT2,60,2,0.002572298
PrecorrectionNUFFT2,60,3,0.001582507
PrecorrectionNUFFT2,60,4,0.002569162
PrecorrectionNUFFT2,60,5,0.00257921
PrecorrectionNUFFT2,60,6,0.001582219
PrecorrectionNUFFT2,60,7,0.002570986
PrecorrectionNUFFT2,60,8,0.002591978
PrecorrectionNUFFT2,60,9,0.001593195
PrecorrectionNUFFT2,60,10,0.002555595
PrecorrectionNUFFT2,60,11,0.002560939
PrecorrectionNUFFT2,60,12,0.001651561
PrecorrectionNUFFT2,60,13,0.002552139
PrecorrectionNUFFT2,60,14,0.002546379
PrecorrectionNUFFT2,60,15,0.001592107
PrecorrectionNUFFT2,60,16,0.002568139
PrecorrectionNUFFT2,60,17,0.002550379
PrecorrectionNUFFT2,60,18,0.001593227
PrecorrectionNUFFT2,60,19,0.002577802
PrecorrectionNUFFT2,60,20,0.002567146
PrecorrectionNUFFT2,60,21,0.001617226
PrecorrectionNUFFT2,60,22,0.002544012
PrecorrectionNUFFT2,60,23,0.002577802
PrecorrectionNUFFT2,60,24,0.00162305
PrecorrectionNUFFT2,60,25,0.002569098
PrecorrectionNUFFT2,60,26,0.002553323
PrecorrectionNUFFT2,60,27,0.001630153
PrecorrectionNUFFT2,60,28,0.002536908
PrecorrectionNUFFT2,60,29,0.00255809
FFTNUFFT2,60,0,0.124008476
FFTNUFFT2,60,1,0.137090568
FFTNUFFT2,60,2,0.135366306
FFTNUFFT2,60,3,0.129423752
FFTNUFFT2,60,4,0.133876307
FFTNUFFT2,60,5,0.134681465
FFTNUFFT2,60,6,0.13012248
FFTNUFFT2,60,7,0.136731637
FFTNUFFT2,60,8,0.132734489
FFTNUFFT2,60,9,0.132562367
FFTNUFFT2,60,10,0.137546041
FFTNUFFT2,60,11,0.132023313
FFTNUFFT2,60,12,0.137099208
FFTNUFFT2,60,13,0.1374575
FFTNUFFT2,60,14,0.131457892
FFTNUFFT2,60,15,0.129843354
FFTNUFFT2,60,16,0.13140615
FFTNUFFT2,60,17,0.136434622
FFTNUFFT2,60,18,0.135037388
FFTNUFFT2,60,19,0.137917421
FFTNUFFT2,60,20,0.138492025
FFTNUFFT2,60,21,0.129723997
FFTNUFFT2,60,22,0.135966158
FFTNUFFT2,60,23,0.13782984
FFTNUFFT2,60,24,0.125775233
FFTNUFFT2,60,25,0.142077858
FFTNUFFT2,60,26,0.133641212
FFTNUFFT2,60,27,0.128086804
FFTNUFFT2,60,28,0.134719512
FFTNUFFT2,60,29,0.138872269
GatherNUFFT2,60,0,0.017644725
GatherNUFFT2,60,1,0.007921144
GatherNUFFT2,60,2,0.009778681
GatherNUFFT2,60,3,0.010603294
GatherNUFFT2,60,4,0.009948565
GatherNUFFT2,60,5,0.009335336
GatherNUFFT2,60,6,0.007026199
GatherNUFFT2,60,7,0.00696012
GatherNUFFT2,60,8,0.009784602
GatherNUFFT2,60,9,0.007318284
GatherNUFFT2,60,10,0.007114739
GatherNUFFT2,60,11,0.01203659
GatherNUFFT2,60,12,0.007073108
GatherNUFFT2,60,13,0.007318252
GatherNUFFT2,60,14,0.013776245
GatherNUFFT2,60,15,0.007007958
GatherNUFFT2,60,16,0.00883753
GatherNUFFT2,60,17,0.007766494
GatherNUFFT2,60,18,0.007447816
GatherNUFFT2,60,19,0.007163185
GatherNUFFT2,60,20,0.007194769
GatherNUFFT2,60,21,0.010501091
GatherNUFFT2,60,22,0.007476679
GatherNUFFT2,60,23,0.011234473
GatherNUFFT2,60,24,0.010424549
GatherNUFFT2,60,25,0.00721336
GatherNUFFT2,60,26,0.007192656
GatherNUFFT2,60,27,0.009645279
GatherNUFFT2,60,28,0.009595008
GatherNUFFT2,60,29,0.007201264
mainTimer,61,0,7.52418414
dumpData,61,0,0.009124527
dumpData,61,1,0.00682198
dumpData,61,2,0.006842557
dumpData,61,3,0.007742078
dumpData,61,4,0.007523621
dumpData,61,5,0.006637378
dumpData,61,6,0.006596708
dumpData,61,7,0.008215342
dumpData,61,8,0.007645121
dumpData,61,9,0.007656417
kick,61,0,3.4079e-05
kick,61,1,1.2064e-05
kick,61,2,3.5519e-05
kick,61,3,8.224e-06
kick,61,4,3.9487e-05
kick,61,5,1.3279e-05
kick,61,6,3.6351e-05
kick,61,7,8.608e-06
kick,61,8,3.395e-05
kick,61,9,1.0624e-05
kick,61,10,3.5871e-05
kick,61,11,9.408e-06
kick,61,12,3.6607e-05
kick,61,13,1.0912e-05
kick,61,14,3.6958e-05
kick,61,15,9.727e-06
kick,61,16,3.3183e-05
kick,61,17,6.848e-06
kick,61,18,2.9759e-05
kick,61,19,8.096e-06
drift,61,0,7.84e-06
drift,61,1,7.136e-06
drift,61,2,8.543e-06
drift,61,3,1.2576e-05
drift,61,4,9.44e-06
drift,61,5,9.279e-06
drift,61,6,8.831e-06
drift,61,7,7.104e-06
drift,61,8,9.023e-06
drift,61,9,7.199e-06
particleBC,61,0,1.0816e-05
particleBC,61,1,1.0047e-05
particleBC,61,2,1.2064e-05
particleBC,61,3,7.999e-06
particleBC,61,4,1.4528e-05
particleBC,61,5,1.2032e-05
particleBC,61,6,1.0784e-05
particleBC,61,7,1.4304e-05
particleBC,61,8,1.1456e-05
particleBC,61,9,1.184e-05
updateParticle,61,0,0.158434721
updateParticle,61,1,0.064863183
updateParticle,61,2,0.118896646
updateParticle,61,3,0.104773949
updateParticle,61,4,0.064138758
updateParticle,61,5,0.118029251
updateParticle,61,6,0.010085488
updateParticle,61,7,0.125144182
updateParticle,61,8,0.046560945
updateParticle,61,9,0.009908406
locateParticles,61,0,0.003958524
locateParticles,61,1,0.003951005
locateParticles,61,2,0.003945693
locateParticles,61,3,0.003947965
locateParticles,61,4,0.003948444
locateParticles,61,5,0.003959228
locateParticles,61,6,0.003962172
locateParticles,61,7,0.003943645
locateParticles,61,8,0.003963164
locateParticles,61,9,0.00394822
sendPreprocess,61,0,0.000390834
sendPreprocess,61,1,0.000434961
sendPreprocess,61,2,0.000441617
sendPreprocess,61,3,0.000440049
sendPreprocess,61,4,0.000452785
sendPreprocess,61,5,0.000419314
sendPreprocess,61,6,0.000418802
sendPreprocess,61,7,0.000447346
sendPreprocess,61,8,0.000474896
sendPreprocess,61,9,0.00043173
particleSend,61,0,0.001042558
particleSend,61,1,0.001106715
particleSend,61,2,0.001269206
particleSend,61,3,0.001042397
particleSend,61,4,0.001142938
particleSend,61,5,0.001085852
particleSend,61,6,0.001145018
particleSend,61,7,0.001146265
particleSend,61,8,0.001029566
particleSend,61,9,0.001109051
particleRecv,61,0,4.4734e-05
particleRecv,61,1,4.4223e-05
particleRecv,61,2,4.4446e-05
particleRecv,61,3,4.4095e-05
particleRecv,61,4,3.9262e-05
particleRecv,61,5,4.9215e-05
particleRecv,61,6,4.3807e-05
particleRecv,61,7,3.8687e-05
particleRecv,61,8,5.1838e-05
particleRecv,61,9,4.0095e-05
particleDestroy,61,0,0.003203509
particleDestroy,61,1,0.003211061
particleDestroy,61,2,0.003199606
particleDestroy,61,3,0.003204213
particleDestroy,61,4,0.00319375
particleDestroy,61,5,0.003216212
particleDestroy,61,6,0.003190294
particleDestroy,61,7,0.003206037
particleDestroy,61,8,0.003226581
particleDestroy,61,9,0.003180694
ScatterPIFNUFFT,61,0,0.212641522
ScatterPIFNUFFT,61,1,2.4287e-05
ScatterPIFNUFFT,61,2,0.259569911
ScatterPIFNUFFT,61,3,3.9806e-05
ScatterPIFNUFFT,61,4,0.163133637
ScatterPIFNUFFT,61,5,2.7583e-05
ScatterPIFNUFFT,61,6,0.175525992
ScatterPIFNUFFT,61,7,9.024e-06
ScatterPIFNUFFT,61,8,0.21443276
ScatterPIFNUFFT,61,9,2.1439e-05
ScatterPIFNUFFT,61,10,0.21584868
ScatterPIFNUFFT,61,11,2.8575e-05
ScatterPIFNUFFT,61,12,0.208473982
ScatterPIFNUFFT,61,13,9.087e-06
ScatterPIFNUFFT,61,14,0.159490878
ScatterPIFNUFFT,61,15,3.3407e-05
ScatterPIFNUFFT,61,16,0.183405505
ScatterPIFNUFFT,61,17,2.7359e-05
ScatterPIFNUFFT,61,18,0.218934753
ScatterPIFNUFFT,61,19,6.6046e-05
NativeNUFFT1,61,0,0.210111206
NativeNUFFT1,61,1,0.255169354
NativeNUFFT1,61,2,0.158836787
NativeNUFFT1,61,3,0.170922626
NativeNUFFT1,61,4,0.210074185
NativeNUFFT1,61,5,0.211499352
NativeNUFFT1,61,6,0.204034289
NativeNUFFT1,61,7,0.154956789
NativeNUFFT1,61,8,0.179012403
NativeNUFFT1,61,9,0.214435927
scatterTimerNUFFT1,61,0,0.072396627
scatterTimerNUFFT1,61,1,0.112988268
scatterTimerNUFFT1,61,2,0.022727435
scatterTimerNUFFT1,61,3,0.033571138
scatterTimerNUFFT1,61,4,0.07364337
scatterTimerNUFFT1,61,5,0.074260181
scatterTimerNUFFT1,61,6,0.074394737
scatterTimerNUFFT1,61,7,0.020929127
scatterTimerNUFFT1,61,8,0.038328131
scatterTimerNUFFT1,61,9,0.077529609
binSort,61,0,0.004262513
binSort,61,1,0.004324208
binSort,61,2,0.00426693
binSort,61,3,0.004274065
binSort,61,4,0.004290961
binSort,61,5,0.004317008
binSort,61,6,0.004286033
binSort,61,7,0.004241907
binSort,61,8,0.004368046
binSort,61,9,0.004204212
binSort,61,10,0.004277489
binSort,61,11,0.004213268
binSort,61,12,0.004281457
binSort,61,13,0.004313424
binSort,61,14,0.004301521
binSort,61,15,0.004260626
binSort,61,16,0.004284914
binSort,61,17,0.004364463
binSort,61,18,0.004234675
binSort,61,19,0.004208948
binSort,61,20,0.004307185
binSort,61,21,0.004346223
binSort,61,22,0.004304688
binSort,61,23,0.0042157
binSort,61,24,0.004300464
binSort,61,25,0.004256467
binSort,61,26,0.00426021
binSort,61,27,0.004291569
binSort,61,28,0.004286225
binSort,61,29,0.004314864
binSort,61,30,0.004310704
binSort,61,31,0.004293713
binSort,61,32,0.004310832
binSort,61,33,0.004343759
binSort,61,34,0.004305425
binSort,61,35,0.004288369
binSort,61,36,0.004265394
binSort,61,37,0.004244243
binSort,61,38,0.004294929
binSort,61,39,0.004197236
binComputeKeys,61,0,0.000396755
binComputeKeys,61,1,0.00040789
binComputeKeys,61,2,0.000429682
binComputeKeys,61,3,0.000433554
binComputeKeys,61,4,0.000414482
binComputeKeys,61,5,0.000409138
binComputeKeys,61,6,0.000423442
binComputeKeys,61,7,0.000429714
binComputeKeys,61,8,0.000420146
binComputeKeys,61,9,0.000394035
binComputeKeys,61,10,0.000417874
binComputeKeys,61,11,0.000408659
binComputeKeys,61,12,0.000417042
binComputeKeys,61,13,0.000397042
binComputeKeys,61,14,0.00042149
binComputeKeys,61,15,0.000394291
binComputeKeys,61,16,0.000409139
binComputeKeys,61,17,0.000419634
binComputeKeys,61,18,0.000427858
binComputeKeys,61,19,0.000401074
binComputeKeys,61,20,0.000404243
binComputeKeys,61,21,0.00041381
binComputeKeys,61,22,0.000393362
binComputeKeys,61,23,0.000401459
binComputeKeys,61,24,0.000415538
binComputeKeys,61,25,0.000420307
binComputeKeys,61,26,0.00042597
binComputeKeys,61,27,0.000413714
binComputeKeys,61,28,0.000433746
binComputeKeys,61,29,0.000408722
binComputeKeys,61,30,0.000410802
binComputeKeys,61,31,0.00042069
binComputeKeys,61,32,0.000412947
binComputeKeys,61,33,0.000418866
binComputeKeys,61,34,0.00041141
binComputeKeys,61,35,0.000419794
binComputeKeys,61,36,0.00040933
binComputeKeys,61,37,0.000438994
binComputeKeys,61,38,0.000431922
binComputeKeys,61,39,0.000397075
binSortByKey,61,0,0.003649159
binSortByKey,61,1,0.003704613
binSortByKey,61,2,0.003640743
binSortByKey,61,3,0.003643942
binSortByKey,61,4,0.003668294
binSortByKey,61,5,0.003687109
binSortByKey,61,6,0.003657638
binSortByKey,61,7,0.003617256
binSortByKey,61,8,0.003734211
binSortByKey,61,9,0.003617991
binSortByKey,61,10,0.003659718
binSortByKey,61,11,0.003610535
binSortByKey,61,12,0.003659366
binSortByKey,61,13,0.003687334
binSortByKey,61,14,0.003664518
binSortByKey,61,15,0.00365639
binSortByKey,61,16,0.00366423
binSortByKey,61,17,0.00373178
binSortByKey,61,18,0.003613032
binSortByKey,61,19,0.003616648
binSortByKey,61,20,0.003696165
binSortByKey,61,21,0.003704612
binSortByKey,61,22,0.003688614
binSortByKey,61,23,0.003622471
binSortByKey,61,24,0.003668294
binSortByKey,61,25,0.003642502
binSortByKey,61,26,0.003637734
binSortByKey,61,27,0.003677126
binSortByKey,61,28,0.00364711
binSortByKey,61,29,0.003689189
binSortByKey,61,30,0.003683013
binSortByKey,61,31,0.00366103
binSortByKey,61,32,0.003688133
binSortByKey,61,33,0.003707908
binSortByKey,61,34,0.003665446
binSortByKey,61,35,0.00366503
binSortByKey,61,36,0.00365239
binSortByKey,61,37,0.003608968
binSortByKey,61,38,0.003654854
binSortByKey,61,39,0.003607879
binComputeOffsets,61,0,0.00021516
binComputeOffsets,61,1,0.000208537
binComputeOffsets,61,2,0.000194137
binComputeOffsets,61,3,0.000194233
binComputeOffsets,61,4,0.000205241
binComputeOffsets,61,5,0.000217497
binComputeOffsets,61,6,0.000203129
binComputeOffsets,61,7,0.000192569
binComputeOffsets,61,8,0.000211961
binComputeOffsets,61,9,0.000189626
binComputeOffsets,61,10,0.000197625
binComputeOffsets,61,11,0.000191898
binComputeOffsets,61,12,0.000203705
binComputeOffsets,61,13,0.000227416
binComputeOffsets,61,14,0.000212665
binComputeOffsets,61,15,0.000208089
binComputeOffsets,61,16,0.000208953
binComputeOffsets,61,17,0.000210521
binComputeOffsets,61,18,0.000191929
binComputeOffsets,61,19,0.000189626
binComputeOffsets,61,20,0.000204761
binComputeOffsets,61,21,0.000226617
binComputeOffsets,61,22,0.000221144
binComputeOffsets,61,23,0.00019065
binComputeOffsets,61,24,0.000214776
binComputeOffsets,61,25,0.000192186
binComputeOffsets,61,26,0.000193882
binComputeOffsets,61,27,0.000199545
binComputeOffsets,61,28,0.000204217
binComputeOffsets,61,29,0.000214361
binComputeOffsets,61,30,0.000214681
binComputeOffsets,61,31,0.000209561
binComputeOffsets,61,32,0.000205785
binComputeOffsets,61,33,0.000214809
binComputeOffsets,61,34,0.000227257
binComputeOffsets,61,35,0.000201977
binComputeOffsets,61,36,0.000202458
binComputeOffsets,61,37,0.000194937
binComputeOffsets,61,38,0.000205657
binComputeOffsets,61,39,0.000190906
FFTNUFFT1,61,0,0.136884559
FFTNUFFT1,61,1,0.14135721
FFTNUFFT1,61,2,0.135294627
FFTNUFFT1,61,3,0.136517627
FFTNUFFT1,61,4,0.135585755
FFTNUFFT1,61,5,0.136422655
FFTNUFFT1,61,6,0.128809852
FFTNUFFT1,61,7,0.133196202
FFTNUFFT1,61,8,0.139844556
FFTNUFFT1,61,9,0.136087081
deconvolutionNUFFT1,61,0,0.000829124
deconvolutionNUFFT1,61,1,0.000821348
deconvolutionNUFFT1,61,2,0.000813509
deconvolutionNUFFT1,61,3,0.000832709
deconvolutionNUFFT1,61,4,0.000843044
deconvolutionNUFFT1,61,5,0.00081482
deconvolutionNUFFT1,61,6,0.000827332
deconvolutionNUFFT1,61,7,0.000829924
deconvolutionNUFFT1,61,8,0.000837156
deconvolutionNUFFT1,61,9,0.000816645
GatherPIFNUFFT,61,0,0.461083677
GatherPIFNUFFT,61,1,0.455759054
GatherPIFNUFFT,61,2,0.456345914
GatherPIFNUFFT,61,3,0.453370717
GatherPIFNUFFT,61,4,0.458433397
GatherPIFNUFFT,61,5,0.450658104
GatherPIFNUFFT,61,6,0.464690052
GatherPIFNUFFT,61,7,0.455515222
GatherPIFNUFFT,61,8,0.454565334
GatherPIFNUFFT,61,9,0.458904293
NativeNUFFT2,61,0,0.150071703
NativeNUFFT2,61,1,0.154090674
NativeNUFFT2,61,2,0.152921784
NativeNUFFT2,61,3,0.144781448
NativeNUFFT2,61,4,0.152434633
NativeNUFFT2,61,5,0.154526116
NativeNUFFT2,61,6,0.14826866
NativeNUFFT2,61,7,0.152678401
NativeNUFFT2,61,8,0.152629442
NativeNUFFT2,61,9,0.144586318
NativeNUFFT2,61,10,0.151764704
NativeNUFFT2,61,11,0.154005876
NativeNUFFT2,61,12,0.146242936
NativeNUFFT2,61,13,0.155334024
NativeNUFFT2,61,14,0.153996854
NativeNUFFT2,61,15,0.144685067
NativeNUFFT2,61,16,0.147276725
NativeNUFFT2,61,17,0.156123406
NativeNUFFT2,61,18,0.155537602
NativeNUFFT2,61,19,0.154089841
NativeNUFFT2,61,20,0.153472454
NativeNUFFT2,61,21,0.144504881
NativeNUFFT2,61,22,0.151553991
NativeNUFFT2,61,23,0.157712089
NativeNUFFT2,61,24,0.144935459
NativeNUFFT2,61,25,0.156327303
NativeNUFFT2,61,26,0.149312081
NativeNUFFT2,61,27,0.149360367
NativeNUFFT2,61,28,0.152334668
NativeNUFFT2,61,29,0.15346615
PrecorrectionNUFFT2,61,0,0.001619914
PrecorrectionNUFFT2,61,1,0.002633096
PrecorrectionNUFFT2,61,2,0.002661223
PrecorrectionNUFFT2,61,3,0.001617451
PrecorrectionNUFFT2,61,4,0.002644968
PrecorrectionNUFFT2,61,5,0.002641608
PrecorrectionNUFFT2,61,6,0.001606603
PrecorrectionNUFFT2,61,7,0.002654248
PrecorrectionNUFFT2,61,8,0.00260241
PrecorrectionNUFFT2,61,9,0.00162849
PrecorrectionNUFFT2,61,10,0.00260257
PrecorrectionNUFFT2,61,11,0.002609641
PrecorrectionNUFFT2,61,12,0.001641641
PrecorrectionNUFFT2,61,13,0.00264164
PrecorrectionNUFFT2,61,14,0.002609802
PrecorrectionNUFFT2,61,15,0.001592651
PrecorrectionNUFFT2,61,16,0.002642984
PrecorrectionNUFFT2,61,17,0.00262868
PrecorrectionNUFFT2,61,18,0.001634826
PrecorrectionNUFFT2,61,19,0.002607337
PrecorrectionNUFFT2,61,20,0.002588074
PrecorrectionNUFFT2,61,21,0.001599146
PrecorrectionNUFFT2,61,22,0.002630537
PrecorrectionNUFFT2,61,23,0.002596841
PrecorrectionNUFFT2,61,24,0.001622794
PrecorrectionNUFFT2,61,25,0.002636104
PrecorrectionNUFFT2,61,26,0.002638472
PrecorrectionNUFFT2,61,27,0.001606155
PrecorrectionNUFFT2,61,28,0.002618633
PrecorrectionNUFFT2,61,29,0.00263156
FFTNUFFT2,61,0,0.134541213
FFTNUFFT2,61,1,0.137730611
FFTNUFFT2,61,2,0.135136713
FFTNUFFT2,61,3,0.127016825
FFTNUFFT2,61,4,0.134871345
FFTNUFFT2,61,5,0.137766705
FFTNUFFT2,61,6,0.12850535
FFTNUFFT2,61,7,0.13602878
FFTNUFFT2,61,8,0.136148872
FFTNUFFT2,61,9,0.12652452
FFTNUFFT2,61,10,0.132765976
FFTNUFFT2,61,11,0.128527653
FFTNUFFT2,61,12,0.130351625
FFTNUFFT2,61,13,0.138679795
FFTNUFFT2,61,14,0.137136839
FFTNUFFT2,61,15,0.127697505
FFTNUFFT2,61,16,0.129089554
FFTNUFFT2,61,17,0.139274431
FFTNUFFT2,61,18,0.139979208
FFTNUFFT2,61,19,0.137385502
FFTNUFFT2,61,20,0.13640259
FFTNUFFT2,61,21,0.128007287
FFTNUFFT2,61,22,0.133558782
FFTNUFFT2,61,23,0.141132097
FFTNUFFT2,61,24,0.126938682
FFTNUFFT2,61,25,0.137874286
FFTNUFFT2,61,26,0.132798072
FFTNUFFT2,61,27,0.133713369
FFTNUFFT2,61,28,0.134275846
FFTNUFFT2,61,29,0.130314186
GatherNUFFT2,61,0,0.007628194
GatherNUFFT2,61,1,0.007421257
GatherNUFFT2,61,2,0.008829401
GatherNUFFT2,61,3,0.009882679
GatherNUFFT2,61,4,0.008610593
GatherNUFFT2,61,5,0.007836059
GatherNUFFT2,61,6,0.01184303
GatherNUFFT2,61,7,0.007724959
GatherNUFFT2,61,8,0.007618274
GatherNUFFT2,61,9,0.010153838
GatherNUFFT2,61,10,0.010093615
GatherNUFFT2,61,11,0.01657852
GatherNUFFT2,61,12,0.007974582
GatherNUFFT2,61,13,0.007701247
GatherNUFFT2,61,14,0.007978423
GatherNUFFT2,61,15,0.009097873
GatherNUFFT2,61,16,0.009234509
GatherNUFFT2,61,17,0.007918073
GatherNUFFT2,61,18,0.007628514
GatherNUFFT2,61,19,0.007849882
GatherNUFFT2,61,20,0.008230894
GatherNUFFT2,61,21,0.008610818
GatherNUFFT2,61,22,0.009101457
GatherNUFFT2,61,23,0.007701376
GatherNUFFT2,61,24,0.01008216
GatherNUFFT2,61,25,0.009550658
GatherNUFFT2,61,26,0.007597858
GatherNUFFT2,61,27,0.007770013
GatherNUFFT2,61,28,0.009155535
GatherNUFFT2,61,29,0.01422199
mainTimer,62,0,7.524179213
dumpData,62,0,0.009591776
dumpData,62,1,0.008229837
dumpData,62,2,0.00788297
dumpData,62,3,0.006640195
dumpData,62,4,0.009156655
dumpData,62,5,0.007702335
dumpData,62,6,0.008220462
dumpData,62,7,0.006612099
dumpData,62,8,0.00828414
dumpData,62,9,0.008270669
kick,62,0,3.1679e-05
kick,62,1,9.695e-06
kick,62,2,3.4559e-05
kick,62,3,8.736e-06
kick,62,4,3.7535e-05
kick,62,5,9.312e-06
kick,62,6,3.6575e-05
kick,62,7,8.095e-06
kick,62,8,3.4654e-05
kick,62,9,6.303e-06
kick,62,10,3.6511e-05
kick,62,11,6.496e-06
kick,62,12,3.6927e-05
kick,62,13,6.528e-06
kick,62,14,3.507e-05
kick,62,15,6.304e-06
kick,62,16,3.3567e-05
kick,62,17,6.048e-06
kick,62,18,2.9407e-05
kick,62,19,9.055e-06
drift,62,0,9.792e-06
drift,62,1,6.752e-06
drift,62,2,7.839e-06
drift,62,3,9.728e-06
drift,62,4,8.16e-06
drift,62,5,8.287e-06
drift,62,6,8.703e-06
drift,62,7,5.92e-06
drift,62,8,8.415e-06
drift,62,9,8.415e-06
particleBC,62,0,1.1232e-05
particleBC,62,1,1.2735e-05
particleBC,62,2,1.0432e-05
particleBC,62,3,1.6383e-05
particleBC,62,4,1.3184e-05
particleBC,62,5,1.152e-05
particleBC,62,6,1.1488e-05
particleBC,62,7,1.2576e-05
particleBC,62,8,1.1808e-05
particleBC,62,9,1.152e-05
updateParticle,62,0,0.158525886
updateParticle,62,1,0.064837328
updateParticle,62,2,0.1189529
updateParticle,62,3,0.104905113
updateParticle,62,4,0.064089928
updateParticle,62,5,0.117912551
updateParticle,62,6,0.010098352
updateParticle,62,7,0.125239859
updateParticle,62,8,0.046560529
updateParticle,62,9,0.009856024
locateParticles,62,0,0.003972859
locateParticles,62,1,0.003949373
locateParticles,62,2,0.003954268
locateParticles,62,3,0.003943517
locateParticles,62,4,0.003948316
locateParticles,62,5,0.003939421
locateParticles,62,6,0.003960636
locateParticles,62,7,0.003954108
locateParticles,62,8,0.003963612
locateParticles,62,9,0.003955644
sendPreprocess,62,0,0.000376051
sendPreprocess,62,1,0.000436305
sendPreprocess,62,2,0.000438066
sendPreprocess,62,3,0.000441233
sendPreprocess,62,4,0.000457489
sendPreprocess,62,5,0.000440849
sendPreprocess,62,6,0.000422418
sendPreprocess,62,7,0.000441842
sendPreprocess,62,8,0.000477072
sendPreprocess,62,9,0.000425458
particleSend,62,0,0.001099484
particleSend,62,1,0.001130491
particleSend,62,2,0.001051005
particleSend,62,3,0.001197976
particleSend,62,4,0.001108923
particleSend,62,5,0.001086076
particleSend,62,6,0.00114249
particleSend,62,7,0.001024062
particleSend,62,8,0.001086908
particleSend,62,9,0.00102083
particleRecv,62,0,4.2238e-05
particleRecv,62,1,3.5198e-05
particleRecv,62,2,4.7358e-05
particleRecv,62,3,3.6639e-05
particleRecv,62,4,4.3358e-05
particleRecv,62,5,4.4287e-05
particleRecv,62,6,3.9519e-05
particleRecv,62,7,4.6686e-05
particleRecv,62,8,4.1246e-05
particleRecv,62,9,4.2878e-05
particleDestroy,62,0,0.003175734
particleDestroy,62,1,0.003163447
particleDestroy,62,2,0.003174135
particleDestroy,62,3,0.003168726
particleDestroy,62,4,0.003181046
particleDestroy,62,5,0.003193749
particleDestroy,62,6,0.003169942
particleDestroy,62,7,0.003199573
particleDestroy,62,8,0.003173175
particleDestroy,62,9,0.003175479
ScatterPIFNUFFT,62,0,0.211262336
ScatterPIFNUFFT,62,1,1.9935e-05
ScatterPIFNUFFT,62,2,0.259485242
ScatterPIFNUFFT,62,3,3.1775e-05
ScatterPIFNUFFT,62,4,0.164142883
ScatterPIFNUFFT,62,5,1.744e-05
ScatterPIFNUFFT,62,6,0.173527435
ScatterPIFNUFFT,62,7,2.1664e-05
ScatterPIFNUFFT,62,8,0.208926319
ScatterPIFNUFFT,62,9,2.1055e-05
ScatterPIFNUFFT,62,10,0.214819402
ScatterPIFNUFFT,62,11,2.4671e-05
ScatterPIFNUFFT,62,12,0.213782284
ScatterPIFNUFFT,62,13,3.5775e-05
ScatterPIFNUFFT,62,14,0.16237619
ScatterPIFNUFFT,62,15,2.336e-05
ScatterPIFNUFFT,62,16,0.182627643
ScatterPIFNUFFT,62,17,4.3486e-05
ScatterPIFNUFFT,62,18,0.219507054
ScatterPIFNUFFT,62,19,2.0927e-05
NativeNUFFT1,62,0,0.206745303
NativeNUFFT1,62,1,0.255128812
NativeNUFFT1,62,2,0.159847089
NativeNUFFT1,62,3,0.16928284
NativeNUFFT1,62,4,0.204585184
NativeNUFFT1,62,5,0.21036931
NativeNUFFT1,62,6,0.209451773
NativeNUFFT1,62,7,0.158132395
NativeNUFFT1,62,8,0.178321834
NativeNUFFT1,62,9,0.215038051
scatterTimerNUFFT1,62,0,0.06999322
scatterTimerNUFFT1,62,1,0.113257763
scatterTimerNUFFT1,62,2,0.023186779
scatterTimerNUFFT1,62,3,0.033439334
scatterTimerNUFFT1,62,4,0.07309974
scatterTimerNUFFT1,62,5,0.074603082
scatterTimerNUFFT1,62,6,0.074787876
scatterTimerNUFFT1,62,7,0.021172383
scatterTimerNUFFT1,62,8,0.039102281
scatterTimerNUFFT1,62,9,0.077370478
binSort,62,0,0.004359406
binSort,62,1,0.004304369
binSort,62,2,0.00434616
binSort,62,3,0.004297681
binSort,62,4,0.004302481
binSort,62,5,0.004292145
binSort,62,6,0.00428325
binSort,62,7,0.004283185
binSort,62,8,0.004351535
binSort,62,9,0.004343183
binSort,62,10,0.004273297
binSort,62,11,0.004304145
binSort,62,12,0.004359247
binSort,62,13,0.004245235
binSort,62,14,0.004272114
binSort,62,15,0.00419858
binSort,62,16,0.004300369
binSort,62,17,0.004344591
binSort,62,18,0.004279474
binSort,62,19,0.004289297
binSort,62,20,0.004311857
binSort,62,21,0.00424901
binSort,62,22,0.004247571
binSort,62,23,0.004317168
binSort,62,24,0.004343663
binSort,62,25,0.004211796
binSort,62,26,0.004300241
binSort,62,27,0.004283665
binSort,62,28,0.004314192
binSort,62,29,0.004291729
binSort,62,30,0.004281809
binSort,62,31,0.004232435
binSort,62,32,0.004343471
binSort,62,33,0.004237234
binSort,62,34,0.004254578
binSort,62,35,0.004273393
binSort,62,36,0.004305968
binSort,62,37,0.004279826
binSort,62,38,0.00419826
binSort,62,39,0.004270897
binComputeKeys,62,0,0.000422801
binComputeKeys,62,1,0.000421138
binComputeKeys,62,2,0.000433138
binComputeKeys,62,3,0.000401843
binComputeKeys,62,4,0.000410579
binComputeKeys,62,5,0.00041877
binComputeKeys,62,6,0.000412435
binComputeKeys,62,7,0.00041349
binComputeKeys,62,8,0.000408499
binComputeKeys,62,9,0.000409682
binComputeKeys,62,10,0.00041045
binComputeKeys,62,11,0.000417266
binComputeKeys,62,12,0.000415538
binComputeKeys,62,13,0.00043029
binComputeKeys,62,14,0.000410162
binComputeKeys,62,15,0.000402003
binComputeKeys,62,16,0.00041269
binComputeKeys,62,17,0.000418002
binComputeKeys,62,18,0.000412243
binComputeKeys,62,19,0.000414579
binComputeKeys,62,20,0.000410355
binComputeKeys,62,21,0.000414066
binComputeKeys,62,22,0.00042373
binComputeKeys,62,23,0.000398546
binComputeKeys,62,24,0.000414706
binComputeKeys,62,25,0.000396627
binComputeKeys,62,26,0.000403731
binComputeKeys,62,27,0.000401266
binComputeKeys,62,28,0.000412786
binComputeKeys,62,29,0.000415954
binComputeKeys,62,30,0.000406323
binComputeKeys,62,31,0.00042501
binComputeKeys,62,32,0.000418578
binComputeKeys,62,33,0.00041333
binComputeKeys,62,34,0.00041109
binComputeKeys,62,35,0.00041429
binComputeKeys,62,36,0.000414834
binComputeKeys,62,37,0.000431122
binComputeKeys,62,38,0.000405874
binComputeKeys,62,39,0.000402098
binSortByKey,62,0,0.00371674
binSortByKey,62,1,0.00367991
binSortByKey,62,2,0.003704773
binSortByKey,62,3,0.003677029
binSortByKey,62,4,0.003685925
binSortByKey,62,5,0.003666246
binSortByKey,62,6,0.00366343
binSortByKey,62,7,0.003658438
binSortByKey,62,8,0.003731875
binSortByKey,62,9,0.003723876
binSortByKey,62,10,0.00365335
binSortByKey,62,11,0.003671526
binSortByKey,62,12,0.003732708
binSortByKey,62,13,0.003621383
binSortByKey,62,14,0.003659846
binSortByKey,62,15,0.00360484
binSortByKey,62,16,0.003677702
binSortByKey,62,17,0.003714212
binSortByKey,62,18,0.003661574
binSortByKey,62,19,0.003666117
binSortByKey,62,20,0.003693957
binSortByKey,62,21,0.003641446
binSortByKey,62,22,0.003628615
binSortByKey,62,23,0.003699141
binSortByKey,62,24,0.003720228
binSortByKey,62,25,0.003615912
binSortByKey,62,26,0.003680709
binSortByKey,62,27,0.003665286
binSortByKey,62,28,0.003695461
binSortByKey,62,29,0.00366759
binSortByKey,62,30,0.003663877
binSortByKey,62,31,0.003610216
binSortByKey,62,32,0.003714724
binSortByKey,62,33,0.003627463
binSortByKey,62,34,0.003637799
binSortByKey,62,35,0.003648582
binSortByKey,62,36,0.003686021
binSortByKey,62,37,0.003645127
binSortByKey,62,38,0.003600232
binSortByKey,62,39,0.003652391
binComputeOffsets,62,0,0.000218201
binComputeOffsets,62,1,0.000202169
binComputeOffsets,62,2,0.000206713
binComputeOffsets,62,3,0.000217433
binComputeOffsets,62,4,0.000204473
binComputeOffsets,62,5,0.000205177
binComputeOffsets,62,6,0.000206425
binComputeOffsets,62,7,0.000209721
binComputeOffsets,62,8,0.000210073
binComputeOffsets,62,9,0.000208729
binComputeOffsets,62,10,0.000207833
binComputeOffsets,62,11,0.000213625
binComputeOffsets,62,12,0.000210073
binComputeOffsets,62,13,0.00019225
binComputeOffsets,62,14,0.000201114
binComputeOffsets,62,15,0.000190489
binComputeOffsets,62,16,0.000207801
binComputeOffsets,62,17,0.000211449
binComputeOffsets,62,18,0.000204729
binComputeOffsets,62,19,0.000206937
binComputeOffsets,62,20,0.000206393
binComputeOffsets,62,21,0.000192538
binComputeOffsets,62,22,0.00019465
binComputeOffsets,62,23,0.000217529
binComputeOffsets,62,24,0.000207737
binComputeOffsets,62,25,0.000196857
binComputeOffsets,62,26,0.000214009
binComputeOffsets,62,27,0.000215129
binComputeOffsets,62,28,0.000205081
binComputeOffsets,62,29,0.000206361
binComputeOffsets,62,30,0.000210585
binComputeOffsets,62,31,0.00019545
binComputeOffsets,62,32,0.000207513
binComputeOffsets,62,33,0.000194905
binComputeOffsets,62,34,0.000204633
binComputeOffsets,62,35,0.000209497
binComputeOffsets,62,36,0.000203545
binComputeOffsets,62,37,0.000202393
binComputeOffsets,62,38,0.00019097
binComputeOffsets,62,39,0.000214969
FFTNUFFT1,62,0,0.135937198
FFTNUFFT1,62,1,0.141067748
FFTNUFFT1,62,2,0.135846674
FFTNUFFT1,62,3,0.135011789
FFTNUFFT1,62,4,0.130650335
FFTNUFFT1,62,5,0.134939088
FFTNUFFT1,62,6,0.133849332
FFTNUFFT1,62,7,0.136158983
FFTNUFFT1,62,8,0.138386045
FFTNUFFT1,62,9,0.136830769
deconvolutionNUFFT1,62,0,0.000813605
deconvolutionNUFFT1,62,1,0.000801925
deconvolutionNUFFT1,62,2,0.000812709
deconvolutionNUFFT1,62,3,0.000829893
deconvolutionNUFFT1,62,4,0.000833829
deconvolutionNUFFT1,62,5,0.000826116
deconvolutionNUFFT1,62,6,0.000813541
deconvolutionNUFFT1,62,7,0.000799621
deconvolutionNUFFT1,62,8,0.000831492
deconvolutionNUFFT1,62,9,0.0008353
GatherPIFNUFFT,62,0,0.463098777
GatherPIFNUFFT,62,1,0.454803406
GatherPIFNUFFT,62,2,0.453110886
GatherPIFNUFFT,62,3,0.4555661
GatherPIFNUFFT,62,4,0.460945473
GatherPIFNUFFT,62,5,0.452093097
GatherPIFNUFFT,62,6,0.456440822
GatherPIFNUFFT,62,7,0.454523224
GatherPIFNUFFT,62,8,0.456685327
GatherPIFNUFFT,62,9,0.456280764
NativeNUFFT2,62,0,0.153509253
NativeNUFFT2,62,1,0.154225422
NativeNUFFT2,62,2,0.15268976
NativeNUFFT2,62,3,0.14509139
NativeNUFFT2,62,4,0.152409386
NativeNUFFT2,62,5,0.152909978
NativeNUFFT2,62,6,0.146525646
NativeNUFFT2,62,7,0.151580454
NativeNUFFT2,62,8,0.151955224
NativeNUFFT2,62,9,0.146055933
NativeNUFFT2,62,10,0.15193369
NativeNUFFT2,62,11,0.154855576
NativeNUFFT2,62,12,0.151476809
NativeNUFFT2,62,13,0.154228941
NativeNUFFT2,62,14,0.153566948
NativeNUFFT2,62,15,0.147260726
NativeNUFFT2,62,16,0.148439054
NativeNUFFT2,62,17,0.152915417
NativeNUFFT2,62,18,0.14780877
NativeNUFFT2,62,19,0.153407816
NativeNUFFT2,62,20,0.153558788
NativeNUFFT2,62,21,0.142926757
NativeNUFFT2,62,22,0.151156404
NativeNUFFT2,62,23,0.158836307
NativeNUFFT2,62,24,0.148401038
NativeNUFFT2,62,25,0.155548545
NativeNUFFT2,62,26,0.149437069
NativeNUFFT2,62,27,0.147631848
NativeNUFFT2,62,28,0.153449351
NativeNUFFT2,62,29,0.152085557
PrecorrectionNUFFT2,62,0,0.001605451
PrecorrectionNUFFT2,62,1,0.002670215
PrecorrectionNUFFT2,62,2,0.002650855
PrecorrectionNUFFT2,62,3,0.001650729
PrecorrectionNUFFT2,62,4,0.002616969
PrecorrectionNUFFT2,62,5,0.002612969
PrecorrectionNUFFT2,62,6,0.001652745
PrecorrectionNUFFT2,62,7,0.002627624
PrecorrectionNUFFT2,62,8,0.00264628
PrecorrectionNUFFT2,62,9,0.001616938
PrecorrectionNUFFT2,62,10,0.002638216
PrecorrectionNUFFT2,62,11,0.002622504
PrecorrectionNUFFT2,62,12,0.001646729
PrecorrectionNUFFT2,62,13,0.002644296
PrecorrectionNUFFT2,62,14,0.002656936
PrecorrectionNUFFT2,62,15,0.001602891
PrecorrectionNUFFT2,62,16,0.002655719
PrecorrectionNUFFT2,62,17,0.002607464
PrecorrectionNUFFT2,62,18,0.00161073
PrecorrectionNUFFT2,62,19,0.002633224
PrecorrectionNUFFT2,62,20,0.002641256
PrecorrectionNUFFT2,62,21,0.001610186
PrecorrectionNUFFT2,62,22,0.002609001
PrecorrectionNUFFT2,62,23,0.002636552
PrecorrectionNUFFT2,62,24,0.001610826
PrecorrectionNUFFT2,62,25,0.002609193
PrecorrectionNUFFT2,62,26,0.002639336
PrecorrectionNUFFT2,62,27,0.001641289
PrecorrectionNUFFT2,62,28,0.002640296
PrecorrectionNUFFT2,62,29,0.002600553
FFTNUFFT2,62,0,0.138179844
FFTNUFFT2,62,1,0.137182053
FFTNUFFT2,62,2,0.133635835
FFTNUFFT2,62,3,0.128627299
FFTNUFFT2,62,4,0.13400699
FFTNUFFT2,62,5,0.134846547
FFTNUFFT2,62,6,0.130855031
FFTNUFFT2,62,7,0.134451008
FFTNUFFT2,62,8,0.132613789
FFTNUFFT2,62,9,0.130747004
FFTNUFFT2,62,10,0.135311203
FFTNUFFT2,62,11,0.138453242
FFTNUFFT2,62,12,0.135894896
FFTNUFFT2,62,13,0.135886896
FFTNUFFT2,62,14,0.133505952
FFTNUFFT2,62,15,0.131820568
FFTNUFFT2,62,16,0.131150926
FFTNUFFT2,62,17,0.132486306
FFTNUFFT2,62,18,0.127212849
FFTNUFFT2,62,19,0.136353504
FFTNUFFT2,62,20,0.135583642
FFTNUFFT2,62,21,0.127449673
FFTNUFFT2,62,22,0.134096972
FFTNUFFT2,62,23,0.142296666
FFTNUFFT2,62,24,0.13305003
FFTNUFFT2,62,25,0.138237634
FFTNUFFT2,62,26,0.132275817
FFTNUFFT2,62,27,0.132140365
FFTNUFFT2,62,28,0.137117767
FFTNUFFT2,62,29,0.134226344
GatherNUFFT2,62,0,0.007453703
GatherNUFFT2,62,1,0.008144977
GatherNUFFT2,62,2,0.010149357
GatherNUFFT2,62,3,0.00854877
GatherNUFFT2,62,4,0.009532867
GatherNUFFT2,62,5,0.009168783
GatherNUFFT2,62,6,0.007752862
GatherNUFFT2,62,7,0.008197999
GatherNUFFT2,62,8,0.010403078
GatherNUFFT2,62,9,0.007411914
GatherNUFFT2,62,10,0.007714655
GatherNUFFT2,62,11,0.007510661
GatherNUFFT2,62,12,0.007649537
GatherNUFFT2,62,13,0.009413702
GatherNUFFT2,62,14,0.01111403
GatherNUFFT2,62,15,0.007599107
GatherNUFFT2,62,16,0.008372042
GatherNUFFT2,62,17,0.011544415
GatherNUFFT2,62,18,0.012706841
GatherNUFFT2,62,19,0.008137009
GatherNUFFT2,62,20,0.009033684
GatherNUFFT2,62,21,0.007572388
GatherNUFFT2,62,22,0.008163664
GatherNUFFT2,62,23,0.007623874
GatherNUFFT2,62,24,0.007489094
GatherNUFFT2,62,25,0.008428456
GatherNUFFT2,62,26,0.008227789
GatherNUFFT2,62,27,0.007556868
GatherNUFFT2,62,28,0.007423817
GatherNUFFT2,62,29,0.00898866
mainTimer,63,0,7.5241843
dumpData,63,0,0.008593057
dumpData,63,1,0.007386537
dumpData,63,2,0.007368075
dumpData,63,3,0.007128306
dumpData,63,4,0.008184367
dumpData,63,5,0.007157841
dumpData,63,6,0.007142066
dumpData,63,7,0.007098099
dumpData,63,8,0.006649858
dumpData,63,9,0.006588069
kick,63,0,3.3407e-05
kick,63,1,8.224e-06
kick,63,2,3.3919e-05
kick,63,3,7.136e-06
kick,63,4,3.7183e-05
kick,63,5,9.632e-06
kick,63,6,3.5967e-05
kick,63,7,8.672e-06
kick,63,8,3.3054e-05
kick,63,9,7.936e-06
kick,63,10,3.4495e-05
kick,63,11,1.088e-05
kick,63,12,3.5519e-05
kick,63,13,8.128e-06
kick,63,14,3.4526e-05
kick,63,15,7.776e-06
kick,63,16,3.1967e-05
kick,63,17,8.032e-06
kick,63,18,2.9247e-05
kick,63,19,8.415e-06
drift,63,0,9.664e-06
drift,63,1,8.96e-06
drift,63,2,8.639e-06
drift,63,3,8.832e-06
drift,63,4,8.32e-06
drift,63,5,7.616e-06
drift,63,6,8.607e-06
drift,63,7,6.848e-06
drift,63,8,9.343e-06
drift,63,9,6.847e-06
particleBC,63,0,1.1584e-05
particleBC,63,1,1.0655e-05
particleBC,63,2,1.1584e-05
particleBC,63,3,1.2671e-05
particleBC,63,4,1.4048e-05
particleBC,63,5,1.2479e-05
particleBC,63,6,1.1392e-05
particleBC,63,7,1.1296e-05
particleBC,63,8,1.1296e-05
particleBC,63,9,1.104e-05
updateParticle,63,0,0.158520126
updateParticle,63,1,0.064896942
updateParticle,63,2,0.118866311
updateParticle,63,3,0.104912248
updateParticle,63,4,0.06408196
updateParticle,63,5,0.117997892
updateParticle,63,6,0.010214636
updateParticle,63,7,0.125291409
updateParticle,63,8,0.046593808
updateParticle,63,9,0.009864183
locateParticles,63,0,0.004060984
locateParticles,63,1,0.004122039
locateParticles,63,2,0.004112567
locateParticles,63,3,0.004115127
locateParticles,63,4,0.004122294
locateParticles,63,5,0.004121239
locateParticles,63,6,0.004125047
locateParticles,63,7,0.00412863
locateParticles,63,8,0.004177781
locateParticles,63,9,0.004114519
sendPreprocess,63,0,0.000289046
sendPreprocess,63,1,0.000265463
sendPreprocess,63,2,0.000278455
sendPreprocess,63,3,0.000274775
sendPreprocess,63,4,0.000284023
sendPreprocess,63,5,0.000261719
sendPreprocess,63,6,0.000260535
sendPreprocess,63,7,0.00026876
sendPreprocess,63,8,0.000265239
sendPreprocess,63,9,0.000268919
particleSend,63,0,0.001136442
particleSend,63,1,0.00108662
particleSend,63,2,0.001128346
particleSend,63,3,0.001082876
particleSend,63,4,0.001111803
particleSend,63,5,0.001139482
particleSend,63,6,0.001067453
particleSend,63,7,0.001027421
particleSend,63,8,0.001228055
particleSend,63,9,0.001058077
particleRecv,63,0,3.7503e-05
particleRecv,63,1,4.4798e-05
particleRecv,63,2,3.5999e-05
particleRecv,63,3,4.003e-05
particleRecv,63,4,3.7534e-05
particleRecv,63,5,3.6703e-05
particleRecv,63,6,4.6654e-05
particleRecv,63,7,4.0703e-05
particleRecv,63,8,4.2751e-05
particleRecv,63,9,3.587e-05
particleDestroy,63,0,0.003381167
particleDestroy,63,1,0.003407631
particleDestroy,63,2,0.003397455
particleDestroy,63,3,0.003414542
particleDestroy,63,4,0.003414191
particleDestroy,63,5,0.003396463
particleDestroy,63,6,0.003407727
particleDestroy,63,7,0.003402734
particleDestroy,63,8,0.003392367
particleDestroy,63,9,0.003396335
ScatterPIFNUFFT,63,0,0.212159042
ScatterPIFNUFFT,63,1,3.3759e-05
ScatterPIFNUFFT,63,2,0.259647252
ScatterPIFNUFFT,63,3,3.2223e-05
ScatterPIFNUFFT,63,4,0.164029639
ScatterPIFNUFFT,63,5,2.6655e-05
ScatterPIFNUFFT,63,6,0.175325167
ScatterPIFNUFFT,63,7,1.4111e-05
ScatterPIFNUFFT,63,8,0.214492438
ScatterPIFNUFFT,63,9,1.3919e-05
ScatterPIFNUFFT,63,10,0.210370559
ScatterPIFNUFFT,63,11,1.1712e-05
ScatterPIFNUFFT,63,12,0.21313421
ScatterPIFNUFFT,63,13,2.5887e-05
ScatterPIFNUFFT,63,14,0.159109035
ScatterPIFNUFFT,63,15,3.4975e-05
ScatterPIFNUFFT,63,16,0.183222375
ScatterPIFNUFFT,63,17,4.2111e-05
ScatterPIFNUFFT,63,18,0.219441265
ScatterPIFNUFFT,63,19,2.8927e-05
NativeNUFFT1,63,0,0.207624026
NativeNUFFT1,63,1,0.255271814
NativeNUFFT1,63,2,0.159444703
NativeNUFFT1,63,3,0.170875651
NativeNUFFT1,63,4,0.210140135
NativeNUFFT1,63,5,0.205951858
NativeNUFFT1,63,6,0.208907023
NativeNUFFT1,63,7,0.154858008
NativeNUFFT1,63,8,0.178839225
NativeNUFFT1,63,9,0.214914279
scatterTimerNUFFT1,63,0,0.069959813
scatterTimerNUFFT1,63,1,0.113039626
scatterTimerNUFFT1,63,2,0.022315576
scatterTimerNUFFT1,63,3,0.033591361
scatterTimerNUFFT1,63,4,0.073435345
scatterTimerNUFFT1,63,5,0.07460033
scatterTimerNUFFT1,63,6,0.07504198
scatterTimerNUFFT1,63,7,0.021484885
scatterTimerNUFFT1,63,8,0.039457629
scatterTimerNUFFT1,63,9,0.077465675
binSort,63,0,0.004565992
binSort,63,1,0.004485226
binSort,63,2,0.004534729
binSort,63,3,0.004520041
binSort,63,4,0.004460748
binSort,63,5,0.004480427
binSort,63,6,0.004481451
binSort,63,7,0.004539944
binSort,63,8,0.004478315
binSort,63,9,0.004510954
binSort,63,10,0.004529481
binSort,63,11,0.004519754
binSort,63,12,0.004463147
binSort,63,13,0.004566248
binSort,63,14,0.004558152
binSort,63,15,0.004529961
binSort,63,16,0.004464139
binSort,63,17,0.004525161
binSort,63,18,0.004543881
binSort,63,19,0.004487051
binSort,63,20,0.004446124
binSort,63,21,0.004561416
binSort,63,22,0.004554312
binSort,63,23,0.004520522
binSort,63,24,0.004508266
binSort,63,25,0.004515401
binSort,63,26,0.004531721
binSort,63,27,0.00453649
binSort,63,28,0.004478314
binSort,63,29,0.004482699
binSort,63,30,0.004539433
binSort,63,31,0.004547016
binSort,63,32,0.004452076
binSort,63,33,0.004526985
binSort,63,34,0.004516713
binSort,63,35,0.004558376
binSort,63,36,0.00444718
binSort,63,37,0.004559976
binSort,63,38,0.004570728
binSort,63,39,0.004517386
binComputeKeys,63,0,0.000433937
binComputeKeys,63,1,0.000439153
binComputeKeys,63,2,0.000453617
binComputeKeys,63,3,0.000443217
binComputeKeys,63,4,0.000430642
binComputeKeys,63,5,0.000431858
binComputeKeys,63,6,0.000435889
binComputeKeys,63,7,0.000452177
binComputeKeys,63,8,0.000444625
binComputeKeys,63,9,0.000432785
binComputeKeys,63,10,0.000423698
binComputeKeys,63,11,0.000441457
binComputeKeys,63,12,0.000438065
binComputeKeys,63,13,0.000428882
binComputeKeys,63,14,0.000423986
binComputeKeys,63,15,0.000430833
binComputeKeys,63,16,0.00042837
binComputeKeys,63,17,0.000437138
binComputeKeys,63,18,0.000427121
binComputeKeys,63,19,0.000434706
binComputeKeys,63,20,0.000423858
binComputeKeys,63,21,0.000425106
binComputeKeys,63,22,0.000426386
binComputeKeys,63,23,0.00044309
binComputeKeys,63,24,0.000430322
binComputeKeys,63,25,0.000438769
binComputeKeys,63,26,0.000438513
binComputeKeys,63,27,0.000434962
binComputeKeys,63,28,0.000424658
binComputeKeys,63,29,0.000444881
binComputeKeys,63,30,0.000423026
binComputeKeys,63,31,0.000433137
binComputeKeys,63,32,0.000430706
binComputeKeys,63,33,0.000443857
binComputeKeys,63,34,0.000424913
binComputeKeys,63,35,0.000422674
binComputeKeys,63,36,0.000430162
binComputeKeys,63,37,0.000438321
binComputeKeys,63,38,0.000425554
binComputeKeys,63,39,0.000433394
binSortByKey,63,0,0.003908062
binSortByKey,63,1,0.0038392
binSortByKey,63,2,0.003869215
binSortByKey,63,3,0.003865247
binSortByKey,63,4,0.003818465
binSortByKey,63,5,0.003843328
binSortByKey,63,6,0.003841281
binSortByKey,63,7,0.003872479
binSortByKey,63,8,0.003826465
binSortByKey,63,9,0.003871679
binSortByKey,63,10,0.003882526
binSortByKey,63,11,0.003867968
binSortByKey,63,12,0.003816097
binSortByKey,63,13,0.003922365
binSortByKey,63,14,0.003906334
binSortByKey,63,15,0.003883007
binSortByKey,63,16,0.003828992
binSortByKey,63,17,0.003870623
binSortByKey,63,18,0.003890975
binSortByKey,63,19,0.003847232
binSortByKey,63,20,0.003817696
binSortByKey,63,21,0.003903261
binSortByKey,63,22,0.003904318
binSortByKey,63,23,0.003861759
binSortByKey,63,24,0.003874015
binSortByKey,63,25,0.003866431
binSortByKey,63,26,0.003881119
binSortByKey,63,27,0.003888319
binSortByKey,63,28,0.003844575
binSortByKey,63,29,0.003833473
binSortByKey,63,30,0.003872575
binSortByKey,63,31,0.003890334
binSortByKey,63,32,0.003812961
binSortByKey,63,33,0.003866335
binSortByKey,63,34,0.003860384
binSortByKey,63,35,0.003896574
binSortByKey,63,36,0.00381216
binSortByKey,63,37,0.003913598
binSortByKey,63,38,0.003916701
binSortByKey,63,39,0.003871935
binComputeOffsets,63,0,0.000222873
binComputeOffsets,63,1,0.000205817
binComputeOffsets,63,2,0.000210745
binComputeOffsets,63,3,0.000209721
binComputeOffsets,63,4,0.000211033
binComputeOffsets,63,5,0.000203001
binComputeOffsets,63,6,0.000203449
binComputeOffsets,63,7,0.000213848
binComputeOffsets,63,8,0.000206585
binComputeOffsets,63,9,0.000205498
binComputeOffsets,63,10,0.000222201
binComputeOffsets,63,11,0.000209177
binComputeOffsets,63,12,0.000208281
binComputeOffsets,63,13,0.000213721
binComputeOffsets,63,14,0.000226456
binComputeOffsets,63,15,0.000215385
binComputeOffsets,63,16,0.000204857
binComputeOffsets,63,17,0.0002166
binComputeOffsets,63,18,0.000223481
binComputeOffsets,63,19,0.000204409
binComputeOffsets,63,20,0.00020393
binComputeOffsets,63,21,0.000231993
binComputeOffsets,63,22,0.000222296
binComputeOffsets,63,23,0.000214745
binComputeOffsets,63,24,0.000202809
binComputeOffsets,63,25,0.000209113
binComputeOffsets,63,26,0.000210521
binComputeOffsets,63,27,0.000212409
binComputeOffsets,63,28,0.000207929
binComputeOffsets,63,29,0.000203545
binComputeOffsets,63,30,0.000241624
binComputeOffsets,63,31,0.000222009
binComputeOffsets,63,32,0.000205465
binComputeOffsets,63,33,0.000215449
binComputeOffsets,63,34,0.000230232
binComputeOffsets,63,35,0.00023788
binComputeOffsets,63,36,0.00020393
binComputeOffsets,63,37,0.000207001
binComputeOffsets,63,38,0.000226297
binComputeOffsets,63,39,0.000211481
FFTNUFFT1,63,0,0.136807442
FFTNUFFT1,63,1,0.141368889
FFTNUFFT1,63,2,0.136289379
FFTNUFFT1,63,3,0.136453374
FFTNUFFT1,63,4,0.135843154
FFTNUFFT1,63,5,0.13048618
FFTNUFFT1,63,6,0.133016527
FFTNUFFT1,63,7,0.132543007
FFTNUFFT1,63,8,0.138530872
FFTNUFFT1,63,9,0.136614968
deconvolutionNUFFT1,63,0,0.000855651
deconvolutionNUFFT1,63,1,0.000862051
deconvolutionNUFFT1,63,2,0.0008385
deconvolutionNUFFT1,63,3,0.00082922
deconvolutionNUFFT1,63,4,0.000859652
deconvolutionNUFFT1,63,5,0.000864004
deconvolutionNUFFT1,63,6,0.000847012
deconvolutionNUFFT1,63,7,0.000828869
deconvolutionNUFFT1,63,8,0.00084842
deconvolutionNUFFT1,63,9,0.00083226
GatherPIFNUFFT,63,0,0.461903009
GatherPIFNUFFT,63,1,0.454664851
GatherPIFNUFFT,63,2,0.453887692
GatherPIFNUFFT,63,3,0.453075912
GatherPIFNUFFT,63,4,0.457273083
GatherPIFNUFFT,63,5,0.456922823
GatherPIFNUFFT,63,6,0.458942915
GatherPIFNUFFT,63,7,0.457243197
GatherPIFNUFFT,63,8,0.455917993
GatherPIFNUFFT,63,9,0.456120002
NativeNUFFT2,63,0,0.152158929
NativeNUFFT2,63,1,0.153089652
NativeNUFFT2,63,2,0.153225103
NativeNUFFT2,63,3,0.14664401
NativeNUFFT2,63,4,0.152495846
NativeNUFFT2,63,5,0.152080789
NativeNUFFT2,63,6,0.1473037
NativeNUFFT2,63,7,0.151509512
NativeNUFFT2,63,8,0.151580837
NativeNUFFT2,63,9,0.145265048
NativeNUFFT2,63,10,0.151601541
NativeNUFFT2,63,11,0.153777341
NativeNUFFT2,63,12,0.146637706
NativeNUFFT2,63,13,0.154223789
NativeNUFFT2,63,14,0.154009557
NativeNUFFT2,63,15,0.152716256
NativeNUFFT2,63,16,0.14729442
NativeNUFFT2,63,17,0.155323305
NativeNUFFT2,63,18,0.149405677
NativeNUFFT2,63,19,0.153825754
NativeNUFFT2,63,20,0.15354762
NativeNUFFT2,63,21,0.147672391
NativeNUFFT2,63,22,0.149889118
NativeNUFFT2,63,23,0.157585246
NativeNUFFT2,63,24,0.145272471
NativeNUFFT2,63,25,0.156599486
NativeNUFFT2,63,26,0.149707556
NativeNUFFT2,63,27,0.147262645
NativeNUFFT2,63,28,0.152513478
NativeNUFFT2,63,29,0.153837082
PrecorrectionNUFFT2,63,0,0.001672072
PrecorrectionNUFFT2,63,1,0.002704198
PrecorrectionNUFFT2,63,2,0.002718437
PrecorrectionNUFFT2,63,3,0.001671752
PrecorrectionNUFFT2,63,4,0.002720901
PrecorrectionNUFFT2,63,5,0.002714565
PrecorrectionNUFFT2,63,6,0.001669577
PrecorrectionNUFFT2,63,7,0.002729381
PrecorrectionNUFFT2,63,8,0.002720933
PrecorrectionNUFFT2,63,9,0.001644969
PrecorrectionNUFFT2,63,10,0.002715365
PrecorrectionNUFFT2,63,11,0.002730181
PrecorrectionNUFFT2,63,12,0.001679144
PrecorrectionNUFFT2,63,13,0.002716581
PrecorrectionNUFFT2,63,14,0.002719558
PrecorrectionNUFFT2,63,15,0.001716615
PrecorrectionNUFFT2,63,16,0.002727877
PrecorrectionNUFFT2,63,17,0.002751364
PrecorrectionNUFFT2,63,18,0.001670952
PrecorrectionNUFFT2,63,19,0.00272359
PrecorrectionNUFFT2,63,20,0.00271975
PrecorrectionNUFFT2,63,21,0.001675464
PrecorrectionNUFFT2,63,22,0.002713413
PrecorrectionNUFFT2,63,23,0.002704902
PrecorrectionNUFFT2,63,24,0.001661577
PrecorrectionNUFFT2,63,25,0.002739269
PrecorrectionNUFFT2,63,26,0.002716069
PrecorrectionNUFFT2,63,27,0.001662057
PrecorrectionNUFFT2,63,28,0.002717861
PrecorrectionNUFFT2,63,29,0.0027465
FFTNUFFT2,63,0,0.135757524
FFTNUFFT2,63,1,0.13613572
FFTNUFFT2,63,2,0.134387363
FFTNUFFT2,63,3,0.130628032
FFTNUFFT2,63,4,0.135390561
FFTNUFFT2,63,5,0.134101388
FFTNUFFT2,63,6,0.130918134
FFTNUFFT2,63,7,0.130805978
FFTNUFFT2,63,8,0.133859731
FFTNUFFT2,63,9,0.128062933
FFTNUFFT2,63,10,0.131611327
FFTNUFFT2,63,11,0.130998067
FFTNUFFT2,63,12,0.130438822
FFTNUFFT2,63,13,0.13463081
FFTNUFFT2,63,14,0.135502941
FFTNUFFT2,63,15,0.135143721
FFTNUFFT2,63,16,0.129852953
FFTNUFFT2,63,17,0.134124844
FFTNUFFT2,63,18,0.133188906
FFTNUFFT2,63,19,0.136504924
FFTNUFFT2,63,20,0.136373215
FFTNUFFT2,63,21,0.131308808
FFTNUFFT2,63,22,0.12959629
FFTNUFFT2,63,23,0.139888075
FFTNUFFT2,63,24,0.126900732
FFTNUFFT2,63,25,0.136006764
FFTNUFFT2,63,26,0.130075059
FFTNUFFT2,63,27,0.130798489
FFTNUFFT2,63,28,0.132360038
FFTNUFFT2,63,29,0.136472509
GatherNUFFT2,63,0,0.008121393
GatherNUFFT2,63,1,0.007660545
GatherNUFFT2,63,2,0.009529826
GatherNUFFT2,63,3,0.007773916
GatherNUFFT2,63,4,0.00782598
GatherNUFFT2,63,5,0.00870131
GatherNUFFT2,63,6,0.008112402
GatherNUFFT2,63,7,0.011408195
GatherNUFFT2,63,8,0.008392681
GatherNUFFT2,63,9,0.009014323
GatherNUFFT2,63,10,0.010668412
GatherNUFFT2,63,11,0.013482783
GatherNUFFT2,63,12,0.00791612
GatherNUFFT2,63,13,0.010310793
GatherNUFFT2,63,14,0.009209709
GatherNUFFT2,63,15,0.009290795
GatherNUFFT2,63,16,0.00814181
GatherNUFFT2,63,17,0.011220138
GatherNUFFT2,63,18,0.00798399
GatherNUFFT2,63,19,0.008037076
GatherNUFFT2,63,20,0.007907257
GatherNUFFT2,63,21,0.008108978
GatherNUFFT2,63,22,0.011006449
GatherNUFFT2,63,23,0.008441799
GatherNUFFT2,63,24,0.010144526
GatherNUFFT2,63,25,0.011274697
GatherNUFFT2,63,26,0.010331847
GatherNUFFT2,63,27,0.008197998
GatherNUFFT2,63,28,0.010848534
GatherNUFFT2,63,29,0.008028692
