Hostname=nid005710   , Rank=323  ,Local=3   ,RPN=4   ,CPUs=216-287  ,GPU=3 ,NIC=cxi3 ,numa_nodes=3     ,first_numa=3  ,other_nodes=     
Hostname=nid005710   , Rank=321  ,Local=1   ,RPN=4   ,CPUs=72-143   ,GPU=1 ,NIC=cxi1 ,numa_nodes=1     ,first_numa=1  ,other_nodes=     
Hostname=nid005710   , Rank=322  ,Local=2   ,RPN=4   ,CPUs=144-215  ,GPU=2 ,NIC=cxi2 ,numa_nodes=2     ,first_numa=2  ,other_nodes=     
Hostname=nid005710   , Rank=320  ,Local=0   ,RPN=4   ,CPUs=0-71     ,GPU=0 ,NIC=cxi0 ,numa_nodes=0     ,first_numa=0  ,other_nodes=     
Hostname=nid005715   , Rank=329  ,Local=1   ,RPN=4   ,CPUs=72-143   ,GPU=1 ,NIC=cxi1 ,numa_nodes=1     ,first_numa=1  ,other_nodes=     
Hostname=nid005782   , Rank=409  ,Local=1   ,RPN=4   ,CPUs=72-143   ,GPU=1 ,NIC=cxi1 ,numa_nodes=1     ,first_numa=1  ,other_nodes=     
Hostname=nid005714   , Rank=324  ,Local=0   ,RPN=4   ,CPUs=0-71     ,GPU=0 ,NIC=cxi0 ,numa_nodes=0     ,first_numa=0  ,other_nodes=     
Hostname=nid006531   , Rank=1004 ,Local=0   ,RPN=4   ,CPUs=0-71     ,GPU=0 ,NIC=cxi0 ,numa_nodes=0     ,first_numa=0  ,other_nodes=     
Hostname=nid006493   , Rank=956  ,Local=0   ,RPN=4   ,CPUs=0-71     ,GPU=0 ,NIC=cxi0 ,numa_nodes=0     ,first_numa=0  ,other_nodes=     
Hostname=nid006347   , Rank=629  ,Local=1   ,RPN=4   ,CPUs=72-143   ,GPU=1 ,NIC=cxi1 ,numa_nodes=1     ,first_numa=1  ,other_nodes=     
Hostname=nid005821   , Rank=476  ,Local=0   ,RPN=4   ,CPUs=0-71     ,GPU=0 ,NIC=cxi0 ,numa_nodes=0     ,first_numa=0  ,other_nodes=     
Hostname=nid005590   , Rank=45   ,Local=1   ,RPN=4   ,CPUs=72-143   ,GPU=1 ,NIC=cxi1 ,numa_nodes=1     ,first_numa=1  ,other_nodes=     
Hostname=nid005775   , Rank=388  ,Local=0   ,RPN=4   ,CPUs=0-71     ,GPU=0 ,NIC=cxi0 ,numa_nodes=0     ,first_numa=0  ,other_nodes=     
Hostname=nid005827   , Rank=484  ,Local=0   ,RPN=4   ,CPUs=0-71     ,GPU=0 ,NIC=cxi0 ,numa_nodes=0     ,first_numa=0  ,other_nodes=     
Hostname=nid005697   , Rank=284  ,Local=0   ,RPN=4   ,CPUs=0-71     ,GPU=0 ,NIC=cxi0 ,numa_nodes=0     ,first_numa=0  ,other_nodes=     
Hostname=nid006479   , Rank=924  ,Local=0   ,RPN=4   ,CPUs=0-71     ,GPU=0 ,NIC=cxi0 ,numa_nodes=0     ,first_numa=0  ,other_nodes=     
Hostname=nid005865   , Rank=541  ,Local=1   ,RPN=4   ,CPUs=72-143   ,GPU=1 ,NIC=cxi1 ,numa_nodes=1     ,first_numa=1  ,other_nodes=     
Hostname=nid005701   , Rank=297  ,Local=1   ,RPN=4   ,CPUs=72-143   ,GPU=1 ,NIC=cxi1 ,numa_nodes=1     ,first_numa=1  ,other_nodes=     
Hostname=nid005664   , Rank=212  ,Local=0   ,RPN=4   ,CPUs=0-71     ,GPU=0 ,NIC=cxi0 ,numa_nodes=0     ,first_numa=0  ,other_nodes=     
Hostname=nid005571   , Rank=20   ,Local=0   ,RPN=4   ,CPUs=0-71     ,GPU=0 ,NIC=cxi0 ,numa_nodes=0     ,first_numa=0  ,other_nodes=     
Hostname=nid006423   , Rank=824  ,Local=0   ,RPN=4   ,CPUs=0-71     ,GPU=0 ,NIC=cxi0 ,numa_nodes=0     ,first_numa=0  ,other_nodes=     
Hostname=nid005639   , Rank=157  ,Local=1   ,RPN=4   ,CPUs=72-143   ,GPU=1 ,NIC=cxi1 ,numa_nodes=1     ,first_numa=1  ,other_nodes=     
Hostname=nid006506   , Rank=968  ,Local=0   ,RPN=4   ,CPUs=0-71     ,GPU=0 ,NIC=cxi0 ,numa_nodes=0     ,first_numa=0  ,other_nodes=     
Hostname=nid006382   , Rank=712  ,Local=0   ,RPN=4   ,CPUs=0-71     ,GPU=0 ,NIC=cxi0 ,numa_nodes=0     ,first_numa=0  ,other_nodes=     
Hostname=nid006398   , Rank=756  ,Local=0   ,RPN=4   ,CPUs=0-71     ,GPU=0 ,NIC=cxi0 ,numa_nodes=0     ,first_numa=0  ,other_nodes=     
Hostname=nid005852   , Rank=521  ,Local=1   ,RPN=4   ,CPUs=72-143   ,GPU=1 ,NIC=cxi1 ,numa_nodes=1     ,first_numa=1  ,other_nodes=     
Hostname=nid006351   , Rank=643  ,Local=3   ,RPN=4   ,CPUs=216-287  ,GPU=3 ,NIC=cxi3 ,numa_nodes=3     ,first_numa=3  ,other_nodes=     
Hostname=nid005917   , Rank=609  ,Local=1   ,RPN=4   ,CPUs=72-143   ,GPU=1 ,NIC=cxi1 ,numa_nodes=1     ,first_numa=1  ,other_nodes=     
Hostname=nid006489   , Rank=952  ,Local=0   ,RPN=4   ,CPUs=0-71     ,GPU=0 ,NIC=cxi0 ,numa_nodes=0     ,first_numa=0  ,other_nodes=     
Hostname=nid005728   , Rank=344  ,Local=0   ,RPN=4   ,CPUs=0-71     ,GPU=0 ,NIC=cxi0 ,numa_nodes=0     ,first_numa=0  ,other_nodes=     
Hostname=nid005750   , Rank=360  ,Local=0   ,RPN=4   ,CPUs=0-71     ,GPU=0 ,NIC=cxi0 ,numa_nodes=0     ,first_numa=0  ,other_nodes=     
Hostname=nid005700   , Rank=292  ,Local=0   ,RPN=4   ,CPUs=0-71     ,GPU=0 ,NIC=cxi0 ,numa_nodes=0     ,first_numa=0  ,other_nodes=     
Hostname=nid005684   , Rank=248  ,Local=0   ,RPN=4   ,CPUs=0-71     ,GPU=0 ,NIC=cxi0 ,numa_nodes=0     ,first_numa=0  ,other_nodes=     
Hostname=nid005687   , Rank=262  ,Local=2   ,RPN=4   ,CPUs=144-215  ,GPU=2 ,NIC=cxi2 ,numa_nodes=2     ,first_numa=2  ,other_nodes=     
Hostname=nid006436   , Rank=864  ,Local=0   ,RPN=4   ,CPUs=0-71     ,GPU=0 ,NIC=cxi0 ,numa_nodes=0     ,first_numa=0  ,other_nodes=     
Hostname=nid006424   , Rank=829  ,Local=1   ,RPN=4   ,CPUs=72-143   ,GPU=1 ,NIC=cxi1 ,numa_nodes=1     ,first_numa=1  ,other_nodes=     
Hostname=nid005864   , Rank=536  ,Local=0   ,RPN=4   ,CPUs=0-71     ,GPU=0 ,NIC=cxi0 ,numa_nodes=0     ,first_numa=0  ,other_nodes=     
Hostname=nid005781   , Rank=405  ,Local=1   ,RPN=4   ,CPUs=72-143   ,GPU=1 ,NIC=cxi1 ,numa_nodes=1     ,first_numa=1  ,other_nodes=     
Hostname=nid006396   , Rank=748  ,Local=0   ,RPN=4   ,CPUs=0-71     ,GPU=0 ,NIC=cxi0 ,numa_nodes=0     ,first_numa=0  ,other_nodes=     
Hostname=nid005609   , Rank=84   ,Local=0   ,RPN=4   ,CPUs=0-71     ,GPU=0 ,NIC=cxi0 ,numa_nodes=0     ,first_numa=0  ,other_nodes=     
Hostname=nid006410   , Rank=795  ,Local=3   ,RPN=4   ,CPUs=216-287  ,GPU=3 ,NIC=cxi3 ,numa_nodes=3     ,first_numa=3  ,other_nodes=     
Hostname=nid005607   , Rank=80   ,Local=0   ,RPN=4   ,CPUs=0-71     ,GPU=0 ,NIC=cxi0 ,numa_nodes=0     ,first_numa=0  ,other_nodes=     
Hostname=nid006431   , Rank=852  ,Local=0   ,RPN=4   ,CPUs=0-71     ,GPU=0 ,NIC=cxi0 ,numa_nodes=0     ,first_numa=0  ,other_nodes=     
Hostname=nid005878   , Rank=552  ,Local=0   ,RPN=4   ,CPUs=0-71     ,GPU=0 ,NIC=cxi0 ,numa_nodes=0     ,first_numa=0  ,other_nodes=     
Hostname=nid005848   , Rank=508  ,Local=0   ,RPN=4   ,CPUs=0-71     ,GPU=0 ,NIC=cxi0 ,numa_nodes=0     ,first_numa=0  ,other_nodes=     
Hostname=nid005705   , Rank=305  ,Local=1   ,RPN=4   ,CPUs=72-143   ,GPU=1 ,NIC=cxi1 ,numa_nodes=1     ,first_numa=1  ,other_nodes=     
Hostname=nid006383   , Rank=717  ,Local=1   ,RPN=4   ,CPUs=72-143   ,GPU=1 ,NIC=cxi1 ,numa_nodes=1     ,first_numa=1  ,other_nodes=     
Hostname=nid006373   , Rank=688  ,Local=0   ,RPN=4   ,CPUs=0-71     ,GPU=0 ,NIC=cxi0 ,numa_nodes=0     ,first_numa=0  ,other_nodes=     
Hostname=nid005565   , Rank=8    ,Local=0   ,RPN=4   ,CPUs=0-71     ,GPU=0 ,NIC=cxi0 ,numa_nodes=0     ,first_numa=0  ,other_nodes=     
Hostname=nid006526   , Rank=996  ,Local=0   ,RPN=4   ,CPUs=0-71     ,GPU=0 ,NIC=cxi0 ,numa_nodes=0     ,first_numa=0  ,other_nodes=     
Hostname=nid005804   , Rank=456  ,Local=0   ,RPN=4   ,CPUs=0-71     ,GPU=0 ,NIC=cxi0 ,numa_nodes=0     ,first_numa=0  ,other_nodes=     
Hostname=nid005782   , Rank=410  ,Local=2   ,RPN=4   ,CPUs=144-215  ,GPU=2 ,NIC=cxi2 ,numa_nodes=2     ,first_numa=2  ,other_nodes=     
Hostname=nid005908   , Rank=580  ,Local=0   ,RPN=4   ,CPUs=0-71     ,GPU=0 ,NIC=cxi0 ,numa_nodes=0     ,first_numa=0  ,other_nodes=     
Hostname=nid006508   , Rank=972  ,Local=0   ,RPN=4   ,CPUs=0-71     ,GPU=0 ,NIC=cxi0 ,numa_nodes=0     ,first_numa=0  ,other_nodes=     
Hostname=nid006487   , Rank=945  ,Local=1   ,RPN=4   ,CPUs=72-143   ,GPU=1 ,NIC=cxi1 ,numa_nodes=1     ,first_numa=1  ,other_nodes=     
Hostname=nid005813   , Rank=475  ,Local=3   ,RPN=4   ,CPUs=216-287  ,GPU=3 ,NIC=cxi3 ,numa_nodes=3     ,first_numa=3  ,other_nodes=     
Hostname=nid006435   , Rank=860  ,Local=0   ,RPN=4   ,CPUs=0-71     ,GPU=0 ,NIC=cxi0 ,numa_nodes=0     ,first_numa=0  ,other_nodes=     
Hostname=nid005715   , Rank=328  ,Local=0   ,RPN=4   ,CPUs=0-71     ,GPU=0 ,NIC=cxi0 ,numa_nodes=0     ,first_numa=0  ,other_nodes=     
Hostname=nid005761   , Rank=379  ,Local=3   ,RPN=4   ,CPUs=216-287  ,GPU=3 ,NIC=cxi3 ,numa_nodes=3     ,first_numa=3  ,other_nodes=     
Hostname=nid005663   , Rank=208  ,Local=0   ,RPN=4   ,CPUs=0-71     ,GPU=0 ,NIC=cxi0 ,numa_nodes=0     ,first_numa=0  ,other_nodes=     
Hostname=nid005715   , Rank=330  ,Local=2   ,RPN=4   ,CPUs=144-215  ,GPU=2 ,NIC=cxi2 ,numa_nodes=2     ,first_numa=2  ,other_nodes=     
Hostname=nid006438   , Rank=872  ,Local=0   ,RPN=4   ,CPUs=0-71     ,GPU=0 ,NIC=cxi0 ,numa_nodes=0     ,first_numa=0  ,other_nodes=     
Hostname=nid005923   , Rank=615  ,Local=3   ,RPN=4   ,CPUs=216-287  ,GPU=3 ,NIC=cxi3 ,numa_nodes=3     ,first_numa=3  ,other_nodes=     
Hostname=nid005915   , Rank=607  ,Local=3   ,RPN=4   ,CPUs=216-287  ,GPU=3 ,NIC=cxi3 ,numa_nodes=3     ,first_numa=3  ,other_nodes=     
Hostname=nid005848   , Rank=509  ,Local=1   ,RPN=4   ,CPUs=72-143   ,GPU=1 ,NIC=cxi1 ,numa_nodes=1     ,first_numa=1  ,other_nodes=     
Hostname=nid005632   , Rank=136  ,Local=0   ,RPN=4   ,CPUs=0-71     ,GPU=0 ,NIC=cxi0 ,numa_nodes=0     ,first_numa=0  ,other_nodes=     
Hostname=nid006419   , Rank=812  ,Local=0   ,RPN=4   ,CPUs=0-71     ,GPU=0 ,NIC=cxi0 ,numa_nodes=0     ,first_numa=0  ,other_nodes=     
Hostname=nid006493   , Rank=957  ,Local=1   ,RPN=4   ,CPUs=72-143   ,GPU=1 ,NIC=cxi1 ,numa_nodes=1     ,first_numa=1  ,other_nodes=     
Hostname=nid005751   , Rank=364  ,Local=0   ,RPN=4   ,CPUs=0-71     ,GPU=0 ,NIC=cxi0 ,numa_nodes=0     ,first_numa=0  ,other_nodes=     
Hostname=nid005803   , Rank=453  ,Local=1   ,RPN=4   ,CPUs=72-143   ,GPU=1 ,NIC=cxi1 ,numa_nodes=1     ,first_numa=1  ,other_nodes=     
Hostname=nid006542   , Rank=1023 ,Local=3   ,RPN=4   ,CPUs=216-287  ,GPU=3 ,NIC=cxi3 ,numa_nodes=3     ,first_numa=3  ,other_nodes=     
Hostname=nid006404   , Rank=777  ,Local=1   ,RPN=4   ,CPUs=72-143   ,GPU=1 ,NIC=cxi1 ,numa_nodes=1     ,first_numa=1  ,other_nodes=     
Hostname=nid005638   , Rank=155  ,Local=3   ,RPN=4   ,CPUs=216-287  ,GPU=3 ,NIC=cxi3 ,numa_nodes=3     ,first_numa=3  ,other_nodes=     
Hostname=nid006524   , Rank=989  ,Local=1   ,RPN=4   ,CPUs=72-143   ,GPU=1 ,NIC=cxi1 ,numa_nodes=1     ,first_numa=1  ,other_nodes=     
Hostname=nid005782   , Rank=411  ,Local=3   ,RPN=4   ,CPUs=216-287  ,GPU=3 ,NIC=cxi3 ,numa_nodes=3     ,first_numa=3  ,other_nodes=     
Hostname=nid006531   , Rank=1005 ,Local=1   ,RPN=4   ,CPUs=72-143   ,GPU=1 ,NIC=cxi1 ,numa_nodes=1     ,first_numa=1  ,other_nodes=     
Hostname=nid006421   , Rank=820  ,Local=0   ,RPN=4   ,CPUs=0-71     ,GPU=0 ,NIC=cxi0 ,numa_nodes=0     ,first_numa=0  ,other_nodes=     
Hostname=nid005782   , Rank=408  ,Local=0   ,RPN=4   ,CPUs=0-71     ,GPU=0 ,NIC=cxi0 ,numa_nodes=0     ,first_numa=0  ,other_nodes=     
Hostname=nid006537   , Rank=1016 ,Local=0   ,RPN=4   ,CPUs=0-71     ,GPU=0 ,NIC=cxi0 ,numa_nodes=0     ,first_numa=0  ,other_nodes=     
Hostname=nid006531   , Rank=1007 ,Local=3   ,RPN=4   ,CPUs=216-287  ,GPU=3 ,NIC=cxi3 ,numa_nodes=3     ,first_numa=3  ,other_nodes=     
Hostname=nid005750   , Rank=361  ,Local=1   ,RPN=4   ,CPUs=72-143   ,GPU=1 ,NIC=cxi1 ,numa_nodes=1     ,first_numa=1  ,other_nodes=     
Hostname=nid005827   , Rank=487  ,Local=3   ,RPN=4   ,CPUs=216-287  ,GPU=3 ,NIC=cxi3 ,numa_nodes=3     ,first_numa=3  ,other_nodes=     
Hostname=nid005686   , Rank=258  ,Local=2   ,RPN=4   ,CPUs=144-215  ,GPU=2 ,NIC=cxi2 ,numa_nodes=2     ,first_numa=2  ,other_nodes=     
Hostname=nid006351   , Rank=641  ,Local=1   ,RPN=4   ,CPUs=72-143   ,GPU=1 ,NIC=cxi1 ,numa_nodes=1     ,first_numa=1  ,other_nodes=     
Hostname=nid005664   , Rank=213  ,Local=1   ,RPN=4   ,CPUs=72-143   ,GPU=1 ,NIC=cxi1 ,numa_nodes=1     ,first_numa=1  ,other_nodes=     
Hostname=nid005775   , Rank=389  ,Local=1   ,RPN=4   ,CPUs=72-143   ,GPU=1 ,NIC=cxi1 ,numa_nodes=1     ,first_numa=1  ,other_nodes=     
Hostname=nid005571   , Rank=21   ,Local=1   ,RPN=4   ,CPUs=72-143   ,GPU=1 ,NIC=cxi1 ,numa_nodes=1     ,first_numa=1  ,other_nodes=     
Hostname=nid006436   , Rank=865  ,Local=1   ,RPN=4   ,CPUs=72-143   ,GPU=1 ,NIC=cxi1 ,numa_nodes=1     ,first_numa=1  ,other_nodes=     
Hostname=nid006479   , Rank=925  ,Local=1   ,RPN=4   ,CPUs=72-143   ,GPU=1 ,NIC=cxi1 ,numa_nodes=1     ,first_numa=1  ,other_nodes=     
Hostname=nid005656   , Rank=192  ,Local=0   ,RPN=4   ,CPUs=0-71     ,GPU=0 ,NIC=cxi0 ,numa_nodes=0     ,first_numa=0  ,other_nodes=     
Hostname=nid005690   , Rank=269  ,Local=1   ,RPN=4   ,CPUs=72-143   ,GPU=1 ,NIC=cxi1 ,numa_nodes=1     ,first_numa=1  ,other_nodes=     
Hostname=nid005613   , Rank=98   ,Local=2   ,RPN=4   ,CPUs=144-215  ,GPU=2 ,NIC=cxi2 ,numa_nodes=2     ,first_numa=2  ,other_nodes=     
Hostname=nid006531   , Rank=1006 ,Local=2   ,RPN=4   ,CPUs=144-215  ,GPU=2 ,NIC=cxi2 ,numa_nodes=2     ,first_numa=2  ,other_nodes=     
Hostname=nid005830   , Rank=488  ,Local=0   ,RPN=4   ,CPUs=0-71     ,GPU=0 ,NIC=cxi0 ,numa_nodes=0     ,first_numa=0  ,other_nodes=     
Hostname=nid005577   , Rank=35   ,Local=3   ,RPN=4   ,CPUs=216-287  ,GPU=3 ,NIC=cxi3 ,numa_nodes=3     ,first_numa=3  ,other_nodes=     
Hostname=nid006418   , Rank=808  ,Local=0   ,RPN=4   ,CPUs=0-71     ,GPU=0 ,NIC=cxi0 ,numa_nodes=0     ,first_numa=0  ,other_nodes=     
Hostname=nid005635   , Rank=144  ,Local=0   ,RPN=4   ,CPUs=0-71     ,GPU=0 ,NIC=cxi0 ,numa_nodes=0     ,first_numa=0  ,other_nodes=     
Hostname=nid006356   , Rank=653  ,Local=1   ,RPN=4   ,CPUs=72-143   ,GPU=1 ,NIC=cxi1 ,numa_nodes=1     ,first_numa=1  ,other_nodes=     
Hostname=nid005701   , Rank=299  ,Local=3   ,RPN=4   ,CPUs=216-287  ,GPU=3 ,NIC=cxi3 ,numa_nodes=3     ,first_numa=3  ,other_nodes=     
Hostname=nid005700   , Rank=295  ,Local=3   ,RPN=4   ,CPUs=216-287  ,GPU=3 ,NIC=cxi3 ,numa_nodes=3     ,first_numa=3  ,other_nodes=     
Hostname=nid006489   , Rank=953  ,Local=1   ,RPN=4   ,CPUs=72-143   ,GPU=1 ,NIC=cxi1 ,numa_nodes=1     ,first_numa=1  ,other_nodes=     
Hostname=nid005660   , Rank=205  ,Local=1   ,RPN=4   ,CPUs=72-143   ,GPU=1 ,NIC=cxi1 ,numa_nodes=1     ,first_numa=1  ,other_nodes=     
Hostname=nid005858   , Rank=529  ,Local=1   ,RPN=4   ,CPUs=72-143   ,GPU=1 ,NIC=cxi1 ,numa_nodes=1     ,first_numa=1  ,other_nodes=     
Hostname=nid006351   , Rank=640  ,Local=0   ,RPN=4   ,CPUs=0-71     ,GPU=0 ,NIC=cxi0 ,numa_nodes=0     ,first_numa=0  ,other_nodes=     
Hostname=nid005848   , Rank=510  ,Local=2   ,RPN=4   ,CPUs=144-215  ,GPU=2 ,NIC=cxi2 ,numa_nodes=2     ,first_numa=2  ,other_nodes=     
Hostname=nid005714   , Rank=326  ,Local=2   ,RPN=4   ,CPUs=144-215  ,GPU=2 ,NIC=cxi2 ,numa_nodes=2     ,first_numa=2  ,other_nodes=     
Hostname=nid006364   , Rank=668  ,Local=0   ,RPN=4   ,CPUs=0-71     ,GPU=0 ,NIC=cxi0 ,numa_nodes=0     ,first_numa=0  ,other_nodes=     
Hostname=nid005775   , Rank=391  ,Local=3   ,RPN=4   ,CPUs=216-287  ,GPU=3 ,NIC=cxi3 ,numa_nodes=3     ,first_numa=3  ,other_nodes=     
Hostname=nid005592   , Rank=55   ,Local=3   ,RPN=4   ,CPUs=216-287  ,GPU=3 ,NIC=cxi3 ,numa_nodes=3     ,first_numa=3  ,other_nodes=     
Hostname=nid005658   , Rank=202  ,Local=2   ,RPN=4   ,CPUs=144-215  ,GPU=2 ,NIC=cxi2 ,numa_nodes=2     ,first_numa=2  ,other_nodes=     
Hostname=nid005715   , Rank=331  ,Local=3   ,RPN=4   ,CPUs=216-287  ,GPU=3 ,NIC=cxi3 ,numa_nodes=3     ,first_numa=3  ,other_nodes=     
Hostname=nid006482   , Rank=937  ,Local=1   ,RPN=4   ,CPUs=72-143   ,GPU=1 ,NIC=cxi1 ,numa_nodes=1     ,first_numa=1  ,other_nodes=     
Hostname=nid005688   , Rank=264  ,Local=0   ,RPN=4   ,CPUs=0-71     ,GPU=0 ,NIC=cxi0 ,numa_nodes=0     ,first_numa=0  ,other_nodes=     
Hostname=nid005801   , Rank=444  ,Local=0   ,RPN=4   ,CPUs=0-71     ,GPU=0 ,NIC=cxi0 ,numa_nodes=0     ,first_numa=0  ,other_nodes=     
Hostname=nid005827   , Rank=486  ,Local=2   ,RPN=4   ,CPUs=144-215  ,GPU=2 ,NIC=cxi2 ,numa_nodes=2     ,first_numa=2  ,other_nodes=     
Hostname=nid005874   , Rank=550  ,Local=2   ,RPN=4   ,CPUs=144-215  ,GPU=2 ,NIC=cxi2 ,numa_nodes=2     ,first_numa=2  ,other_nodes=     
Hostname=nid006371   , Rank=680  ,Local=0   ,RPN=4   ,CPUs=0-71     ,GPU=0 ,NIC=cxi0 ,numa_nodes=0     ,first_numa=0  ,other_nodes=     
Hostname=nid005663   , Rank=211  ,Local=3   ,RPN=4   ,CPUs=216-287  ,GPU=3 ,NIC=cxi3 ,numa_nodes=3     ,first_numa=3  ,other_nodes=     
Hostname=nid006434   , Rank=859  ,Local=3   ,RPN=4   ,CPUs=216-287  ,GPU=3 ,NIC=cxi3 ,numa_nodes=3     ,first_numa=3  ,other_nodes=     
Hostname=nid005684   , Rank=249  ,Local=1   ,RPN=4   ,CPUs=72-143   ,GPU=1 ,NIC=cxi1 ,numa_nodes=1     ,first_numa=1  ,other_nodes=     
Hostname=nid006370   , Rank=677  ,Local=1   ,RPN=4   ,CPUs=72-143   ,GPU=1 ,NIC=cxi1 ,numa_nodes=1     ,first_numa=1  ,other_nodes=     
Hostname=nid005687   , Rank=261  ,Local=1   ,RPN=4   ,CPUs=72-143   ,GPU=1 ,NIC=cxi1 ,numa_nodes=1     ,first_numa=1  ,other_nodes=     
Hostname=nid006493   , Rank=958  ,Local=2   ,RPN=4   ,CPUs=144-215  ,GPU=2 ,NIC=cxi2 ,numa_nodes=2     ,first_numa=2  ,other_nodes=     
Hostname=nid005914   , Rank=602  ,Local=2   ,RPN=4   ,CPUs=144-215  ,GPU=2 ,NIC=cxi2 ,numa_nodes=2     ,first_numa=2  ,other_nodes=     
Hostname=nid005714   , Rank=327  ,Local=3   ,RPN=4   ,CPUs=216-287  ,GPU=3 ,NIC=cxi3 ,numa_nodes=3     ,first_numa=3  ,other_nodes=     
Hostname=nid006398   , Rank=759  ,Local=3   ,RPN=4   ,CPUs=216-287  ,GPU=3 ,NIC=cxi3 ,numa_nodes=3     ,first_numa=3  ,other_nodes=     
Hostname=nid006426   , Rank=836  ,Local=0   ,RPN=4   ,CPUs=0-71     ,GPU=0 ,NIC=cxi0 ,numa_nodes=0     ,first_numa=0  ,other_nodes=     
Hostname=nid005796   , Rank=443  ,Local=3   ,RPN=4   ,CPUs=216-287  ,GPU=3 ,NIC=cxi3 ,numa_nodes=3     ,first_numa=3  ,other_nodes=     
Hostname=nid005903   , Rank=575  ,Local=3   ,RPN=4   ,CPUs=216-287  ,GPU=3 ,NIC=cxi3 ,numa_nodes=3     ,first_numa=3  ,other_nodes=     
Hostname=nid006436   , Rank=867  ,Local=3   ,RPN=4   ,CPUs=216-287  ,GPU=3 ,NIC=cxi3 ,numa_nodes=3     ,first_numa=3  ,other_nodes=     
Hostname=nid006453   , Rank=901  ,Local=1   ,RPN=4   ,CPUs=72-143   ,GPU=1 ,NIC=cxi1 ,numa_nodes=1     ,first_numa=1  ,other_nodes=     
Hostname=nid006351   , Rank=642  ,Local=2   ,RPN=4   ,CPUs=144-215  ,GPU=2 ,NIC=cxi2 ,numa_nodes=2     ,first_numa=2  ,other_nodes=     
Hostname=nid005827   , Rank=485  ,Local=1   ,RPN=4   ,CPUs=72-143   ,GPU=1 ,NIC=cxi1 ,numa_nodes=1     ,first_numa=1  ,other_nodes=     
Hostname=nid006423   , Rank=825  ,Local=1   ,RPN=4   ,CPUs=72-143   ,GPU=1 ,NIC=cxi1 ,numa_nodes=1     ,first_numa=1  ,other_nodes=     
Hostname=nid006481   , Rank=934  ,Local=2   ,RPN=4   ,CPUs=144-215  ,GPU=2 ,NIC=cxi2 ,numa_nodes=2     ,first_numa=2  ,other_nodes=     
Hostname=nid005750   , Rank=363  ,Local=3   ,RPN=4   ,CPUs=216-287  ,GPU=3 ,NIC=cxi3 ,numa_nodes=3     ,first_numa=3  ,other_nodes=     
Hostname=nid006527   , Rank=1000 ,Local=0   ,RPN=4   ,CPUs=0-71     ,GPU=0 ,NIC=cxi0 ,numa_nodes=0     ,first_numa=0  ,other_nodes=     
Hostname=nid005571   , Rank=22   ,Local=2   ,RPN=4   ,CPUs=144-215  ,GPU=2 ,NIC=cxi2 ,numa_nodes=2     ,first_numa=2  ,other_nodes=     
Hostname=nid005664   , Rank=215  ,Local=3   ,RPN=4   ,CPUs=216-287  ,GPU=3 ,NIC=cxi3 ,numa_nodes=3     ,first_numa=3  ,other_nodes=     
Hostname=nid005775   , Rank=390  ,Local=2   ,RPN=4   ,CPUs=144-215  ,GPU=2 ,NIC=cxi2 ,numa_nodes=2     ,first_numa=2  ,other_nodes=     
Hostname=nid005865   , Rank=540  ,Local=0   ,RPN=4   ,CPUs=0-71     ,GPU=0 ,NIC=cxi0 ,numa_nodes=0     ,first_numa=0  ,other_nodes=     
Hostname=nid005701   , Rank=298  ,Local=2   ,RPN=4   ,CPUs=144-215  ,GPU=2 ,NIC=cxi2 ,numa_nodes=2     ,first_numa=2  ,other_nodes=     
Hostname=nid005864   , Rank=537  ,Local=1   ,RPN=4   ,CPUs=72-143   ,GPU=1 ,NIC=cxi1 ,numa_nodes=1     ,first_numa=1  ,other_nodes=     
Hostname=nid006489   , Rank=955  ,Local=3   ,RPN=4   ,CPUs=216-287  ,GPU=3 ,NIC=cxi3 ,numa_nodes=3     ,first_numa=3  ,other_nodes=     
Hostname=nid006503   , Rank=964  ,Local=0   ,RPN=4   ,CPUs=0-71     ,GPU=0 ,NIC=cxi0 ,numa_nodes=0     ,first_numa=0  ,other_nodes=     
Hostname=nid005848   , Rank=511  ,Local=3   ,RPN=4   ,CPUs=216-287  ,GPU=3 ,NIC=cxi3 ,numa_nodes=3     ,first_numa=3  ,other_nodes=     
Hostname=nid006526   , Rank=997  ,Local=1   ,RPN=4   ,CPUs=72-143   ,GPU=1 ,NIC=cxi1 ,numa_nodes=1     ,first_numa=1  ,other_nodes=     
Hostname=nid006404   , Rank=779  ,Local=3   ,RPN=4   ,CPUs=216-287  ,GPU=3 ,NIC=cxi3 ,numa_nodes=3     ,first_numa=3  ,other_nodes=     
Hostname=nid005701   , Rank=296  ,Local=0   ,RPN=4   ,CPUs=0-71     ,GPU=0 ,NIC=cxi0 ,numa_nodes=0     ,first_numa=0  ,other_nodes=     
Hostname=nid006395   , Rank=745  ,Local=1   ,RPN=4   ,CPUs=72-143   ,GPU=1 ,NIC=cxi1 ,numa_nodes=1     ,first_numa=1  ,other_nodes=     
Hostname=nid005805   , Rank=461  ,Local=1   ,RPN=4   ,CPUs=72-143   ,GPU=1 ,NIC=cxi1 ,numa_nodes=1     ,first_numa=1  ,other_nodes=     
Hostname=nid006493   , Rank=959  ,Local=3   ,RPN=4   ,CPUs=216-287  ,GPU=3 ,NIC=cxi3 ,numa_nodes=3     ,first_numa=3  ,other_nodes=     
Hostname=nid005663   , Rank=209  ,Local=1   ,RPN=4   ,CPUs=72-143   ,GPU=1 ,NIC=cxi1 ,numa_nodes=1     ,first_numa=1  ,other_nodes=     
Hostname=nid006371   , Rank=681  ,Local=1   ,RPN=4   ,CPUs=72-143   ,GPU=1 ,NIC=cxi1 ,numa_nodes=1     ,first_numa=1  ,other_nodes=     
Hostname=nid005909   , Rank=584  ,Local=0   ,RPN=4   ,CPUs=0-71     ,GPU=0 ,NIC=cxi0 ,numa_nodes=0     ,first_numa=0  ,other_nodes=     
Hostname=nid006436   , Rank=866  ,Local=2   ,RPN=4   ,CPUs=144-215  ,GPU=2 ,NIC=cxi2 ,numa_nodes=2     ,first_numa=2  ,other_nodes=     
Hostname=nid005571   , Rank=23   ,Local=3   ,RPN=4   ,CPUs=216-287  ,GPU=3 ,NIC=cxi3 ,numa_nodes=3     ,first_numa=3  ,other_nodes=     
Hostname=nid005734   , Rank=350  ,Local=2   ,RPN=4   ,CPUs=144-215  ,GPU=2 ,NIC=cxi2 ,numa_nodes=2     ,first_numa=2  ,other_nodes=     
Hostname=nid005607   , Rank=82   ,Local=2   ,RPN=4   ,CPUs=144-215  ,GPU=2 ,NIC=cxi2 ,numa_nodes=2     ,first_numa=2  ,other_nodes=     
Hostname=nid005821   , Rank=478  ,Local=2   ,RPN=4   ,CPUs=144-215  ,GPU=2 ,NIC=cxi2 ,numa_nodes=2     ,first_numa=2  ,other_nodes=     
Hostname=nid005590   , Rank=47   ,Local=3   ,RPN=4   ,CPUs=216-287  ,GPU=3 ,NIC=cxi3 ,numa_nodes=3     ,first_numa=3  ,other_nodes=     
Hostname=nid005639   , Rank=156  ,Local=0   ,RPN=4   ,CPUs=0-71     ,GPU=0 ,NIC=cxi0 ,numa_nodes=0     ,first_numa=0  ,other_nodes=     
Hostname=nid006448   , Rank=894  ,Local=2   ,RPN=4   ,CPUs=144-215  ,GPU=2 ,NIC=cxi2 ,numa_nodes=2     ,first_numa=2  ,other_nodes=     
Hostname=nid006350   , Rank=637  ,Local=1   ,RPN=4   ,CPUs=72-143   ,GPU=1 ,NIC=cxi1 ,numa_nodes=1     ,first_numa=1  ,other_nodes=     
Hostname=nid005697   , Rank=287  ,Local=3   ,RPN=4   ,CPUs=216-287  ,GPU=3 ,NIC=cxi3 ,numa_nodes=3     ,first_numa=3  ,other_nodes=     
Hostname=nid005830   , Rank=489  ,Local=1   ,RPN=4   ,CPUs=72-143   ,GPU=1 ,NIC=cxi1 ,numa_nodes=1     ,first_numa=1  ,other_nodes=     
Hostname=nid005700   , Rank=294  ,Local=2   ,RPN=4   ,CPUs=144-215  ,GPU=2 ,NIC=cxi2 ,numa_nodes=2     ,first_numa=2  ,other_nodes=     
Hostname=nid005721   , Rank=340  ,Local=0   ,RPN=4   ,CPUs=0-71     ,GPU=0 ,NIC=cxi0 ,numa_nodes=0     ,first_numa=0  ,other_nodes=     
Hostname=nid006373   , Rank=689  ,Local=1   ,RPN=4   ,CPUs=72-143   ,GPU=1 ,NIC=cxi1 ,numa_nodes=1     ,first_numa=1  ,other_nodes=     
Hostname=nid005684   , Rank=251  ,Local=3   ,RPN=4   ,CPUs=216-287  ,GPU=3 ,NIC=cxi3 ,numa_nodes=3     ,first_numa=3  ,other_nodes=     
Hostname=nid005714   , Rank=325  ,Local=1   ,RPN=4   ,CPUs=72-143   ,GPU=1 ,NIC=cxi1 ,numa_nodes=1     ,first_numa=1  ,other_nodes=     
Hostname=nid005793   , Rank=439  ,Local=3   ,RPN=4   ,CPUs=216-287  ,GPU=3 ,NIC=cxi3 ,numa_nodes=3     ,first_numa=3  ,other_nodes=     
Hostname=nid006479   , Rank=926  ,Local=2   ,RPN=4   ,CPUs=144-215  ,GPU=2 ,NIC=cxi2 ,numa_nodes=2     ,first_numa=2  ,other_nodes=     
Hostname=nid005813   , Rank=472  ,Local=0   ,RPN=4   ,CPUs=0-71     ,GPU=0 ,NIC=cxi0 ,numa_nodes=0     ,first_numa=0  ,other_nodes=     
Hostname=nid006382   , Rank=715  ,Local=3   ,RPN=4   ,CPUs=216-287  ,GPU=3 ,NIC=cxi3 ,numa_nodes=3     ,first_numa=3  ,other_nodes=     
Hostname=nid005687   , Rank=263  ,Local=3   ,RPN=4   ,CPUs=216-287  ,GPU=3 ,NIC=cxi3 ,numa_nodes=3     ,first_numa=3  ,other_nodes=     
Hostname=nid005691   , Rank=273  ,Local=1   ,RPN=4   ,CPUs=72-143   ,GPU=1 ,NIC=cxi1 ,numa_nodes=1     ,first_numa=1  ,other_nodes=     
Hostname=nid006481   , Rank=932  ,Local=0   ,RPN=4   ,CPUs=0-71     ,GPU=0 ,NIC=cxi0 ,numa_nodes=0     ,first_numa=0  ,other_nodes=     
Hostname=nid006398   , Rank=758  ,Local=2   ,RPN=4   ,CPUs=144-215  ,GPU=2 ,NIC=cxi2 ,numa_nodes=2     ,first_numa=2  ,other_nodes=     
Hostname=nid005607   , Rank=83   ,Local=3   ,RPN=4   ,CPUs=216-287  ,GPU=3 ,NIC=cxi3 ,numa_nodes=3     ,first_numa=3  ,other_nodes=     
Hostname=nid005804   , Rank=457  ,Local=1   ,RPN=4   ,CPUs=72-143   ,GPU=1 ,NIC=cxi1 ,numa_nodes=1     ,first_numa=1  ,other_nodes=     
Hostname=nid005925   , Rank=617  ,Local=1   ,RPN=4   ,CPUs=72-143   ,GPU=1 ,NIC=cxi1 ,numa_nodes=1     ,first_numa=1  ,other_nodes=     
Hostname=nid006423   , Rank=827  ,Local=3   ,RPN=4   ,CPUs=216-287  ,GPU=3 ,NIC=cxi3 ,numa_nodes=3     ,first_numa=3  ,other_nodes=     
Hostname=nid006372   , Rank=684  ,Local=0   ,RPN=4   ,CPUs=0-71     ,GPU=0 ,NIC=cxi0 ,numa_nodes=0     ,first_numa=0  ,other_nodes=     
Hostname=nid005750   , Rank=362  ,Local=2   ,RPN=4   ,CPUs=144-215  ,GPU=2 ,NIC=cxi2 ,numa_nodes=2     ,first_numa=2  ,other_nodes=     
Hostname=nid005563   , Rank=4    ,Local=0   ,RPN=4   ,CPUs=0-71     ,GPU=0 ,NIC=cxi0 ,numa_nodes=0     ,first_numa=0  ,other_nodes=     
Hostname=nid005915   , Rank=605  ,Local=1   ,RPN=4   ,CPUs=72-143   ,GPU=1 ,NIC=cxi1 ,numa_nodes=1     ,first_numa=1  ,other_nodes=     
Hostname=nid005663   , Rank=210  ,Local=2   ,RPN=4   ,CPUs=144-215  ,GPU=2 ,NIC=cxi2 ,numa_nodes=2     ,first_numa=2  ,other_nodes=     
Hostname=nid005803   , Rank=452  ,Local=0   ,RPN=4   ,CPUs=0-71     ,GPU=0 ,NIC=cxi0 ,numa_nodes=0     ,first_numa=0  ,other_nodes=     
Hostname=nid005700   , Rank=293  ,Local=1   ,RPN=4   ,CPUs=72-143   ,GPU=1 ,NIC=cxi1 ,numa_nodes=1     ,first_numa=1  ,other_nodes=     
Hostname=nid006434   , Rank=857  ,Local=1   ,RPN=4   ,CPUs=72-143   ,GPU=1 ,NIC=cxi1 ,numa_nodes=1     ,first_numa=1  ,other_nodes=     
Hostname=nid005590   , Rank=46   ,Local=2   ,RPN=4   ,CPUs=144-215  ,GPU=2 ,NIC=cxi2 ,numa_nodes=2     ,first_numa=2  ,other_nodes=     
Hostname=nid006537   , Rank=1017 ,Local=1   ,RPN=4   ,CPUs=72-143   ,GPU=1 ,NIC=cxi1 ,numa_nodes=1     ,first_numa=1  ,other_nodes=     
Hostname=nid005761   , Rank=376  ,Local=0   ,RPN=4   ,CPUs=0-71     ,GPU=0 ,NIC=cxi0 ,numa_nodes=0     ,first_numa=0  ,other_nodes=     
Hostname=nid006526   , Rank=998  ,Local=2   ,RPN=4   ,CPUs=144-215  ,GPU=2 ,NIC=cxi2 ,numa_nodes=2     ,first_numa=2  ,other_nodes=     
Hostname=nid005865   , Rank=542  ,Local=2   ,RPN=4   ,CPUs=144-215  ,GPU=2 ,NIC=cxi2 ,numa_nodes=2     ,first_numa=2  ,other_nodes=     
Hostname=nid005687   , Rank=260  ,Local=0   ,RPN=4   ,CPUs=0-71     ,GPU=0 ,NIC=cxi0 ,numa_nodes=0     ,first_numa=0  ,other_nodes=     
Hostname=nid005705   , Rank=306  ,Local=2   ,RPN=4   ,CPUs=144-215  ,GPU=2 ,NIC=cxi2 ,numa_nodes=2     ,first_numa=2  ,other_nodes=     
Hostname=nid006489   , Rank=954  ,Local=2   ,RPN=4   ,CPUs=144-215  ,GPU=2 ,NIC=cxi2 ,numa_nodes=2     ,first_numa=2  ,other_nodes=     
Hostname=nid005760   , Rank=373  ,Local=1   ,RPN=4   ,CPUs=72-143   ,GPU=1 ,NIC=cxi1 ,numa_nodes=1     ,first_numa=1  ,other_nodes=     
Hostname=nid006383   , Rank=719  ,Local=3   ,RPN=4   ,CPUs=216-287  ,GPU=3 ,NIC=cxi3 ,numa_nodes=3     ,first_numa=3  ,other_nodes=     
Hostname=nid006382   , Rank=714  ,Local=2   ,RPN=4   ,CPUs=144-215  ,GPU=2 ,NIC=cxi2 ,numa_nodes=2     ,first_numa=2  ,other_nodes=     
Hostname=nid005577   , Rank=33   ,Local=1   ,RPN=4   ,CPUs=72-143   ,GPU=1 ,NIC=cxi1 ,numa_nodes=1     ,first_numa=1  ,other_nodes=     
Hostname=nid006479   , Rank=927  ,Local=3   ,RPN=4   ,CPUs=216-287  ,GPU=3 ,NIC=cxi3 ,numa_nodes=3     ,first_numa=3  ,other_nodes=     
Hostname=nid005878   , Rank=553  ,Local=1   ,RPN=4   ,CPUs=72-143   ,GPU=1 ,NIC=cxi1 ,numa_nodes=1     ,first_numa=1  ,other_nodes=     
Hostname=nid005623   , Rank=110  ,Local=2   ,RPN=4   ,CPUs=144-215  ,GPU=2 ,NIC=cxi2 ,numa_nodes=2     ,first_numa=2  ,other_nodes=     
Hostname=nid006508   , Rank=973  ,Local=1   ,RPN=4   ,CPUs=72-143   ,GPU=1 ,NIC=cxi1 ,numa_nodes=1     ,first_numa=1  ,other_nodes=     
Hostname=nid005874   , Rank=549  ,Local=1   ,RPN=4   ,CPUs=72-143   ,GPU=1 ,NIC=cxi1 ,numa_nodes=1     ,first_numa=1  ,other_nodes=     
Hostname=nid005852   , Rank=520  ,Local=0   ,RPN=4   ,CPUs=0-71     ,GPU=0 ,NIC=cxi0 ,numa_nodes=0     ,first_numa=0  ,other_nodes=     
Hostname=nid005780   , Rank=401  ,Local=1   ,RPN=4   ,CPUs=72-143   ,GPU=1 ,NIC=cxi1 ,numa_nodes=1     ,first_numa=1  ,other_nodes=     
Hostname=nid006398   , Rank=757  ,Local=1   ,RPN=4   ,CPUs=72-143   ,GPU=1 ,NIC=cxi1 ,numa_nodes=1     ,first_numa=1  ,other_nodes=     
Hostname=nid006459   , Rank=909  ,Local=1   ,RPN=4   ,CPUs=72-143   ,GPU=1 ,NIC=cxi1 ,numa_nodes=1     ,first_numa=1  ,other_nodes=     
Hostname=nid005813   , Rank=474  ,Local=2   ,RPN=4   ,CPUs=144-215  ,GPU=2 ,NIC=cxi2 ,numa_nodes=2     ,first_numa=2  ,other_nodes=     
Hostname=nid005881   , Rank=556  ,Local=0   ,RPN=4   ,CPUs=0-71     ,GPU=0 ,NIC=cxi0 ,numa_nodes=0     ,first_numa=0  ,other_nodes=     
Hostname=nid005590   , Rank=44   ,Local=0   ,RPN=4   ,CPUs=0-71     ,GPU=0 ,NIC=cxi0 ,numa_nodes=0     ,first_numa=0  ,other_nodes=     
Hostname=nid005761   , Rank=378  ,Local=2   ,RPN=4   ,CPUs=144-215  ,GPU=2 ,NIC=cxi2 ,numa_nodes=2     ,first_numa=2  ,other_nodes=     
Hostname=nid005728   , Rank=346  ,Local=2   ,RPN=4   ,CPUs=144-215  ,GPU=2 ,NIC=cxi2 ,numa_nodes=2     ,first_numa=2  ,other_nodes=     
Hostname=nid005783   , Rank=412  ,Local=0   ,RPN=4   ,CPUs=0-71     ,GPU=0 ,NIC=cxi0 ,numa_nodes=0     ,first_numa=0  ,other_nodes=     
Hostname=nid005821   , Rank=479  ,Local=3   ,RPN=4   ,CPUs=216-287  ,GPU=3 ,NIC=cxi3 ,numa_nodes=3     ,first_numa=3  ,other_nodes=     
Hostname=nid006374   , Rank=692  ,Local=0   ,RPN=4   ,CPUs=0-71     ,GPU=0 ,NIC=cxi0 ,numa_nodes=0     ,first_numa=0  ,other_nodes=     
Hostname=nid005639   , Rank=158  ,Local=2   ,RPN=4   ,CPUs=144-215  ,GPU=2 ,NIC=cxi2 ,numa_nodes=2     ,first_numa=2  ,other_nodes=     
Hostname=nid006458   , Rank=904  ,Local=0   ,RPN=4   ,CPUs=0-71     ,GPU=0 ,NIC=cxi0 ,numa_nodes=0     ,first_numa=0  ,other_nodes=     
Hostname=nid005664   , Rank=214  ,Local=2   ,RPN=4   ,CPUs=144-215  ,GPU=2 ,NIC=cxi2 ,numa_nodes=2     ,first_numa=2  ,other_nodes=     
Hostname=nid005904   , Rank=578  ,Local=2   ,RPN=4   ,CPUs=144-215  ,GPU=2 ,NIC=cxi2 ,numa_nodes=2     ,first_numa=2  ,other_nodes=     
Hostname=nid006371   , Rank=683  ,Local=3   ,RPN=4   ,CPUs=216-287  ,GPU=3 ,NIC=cxi3 ,numa_nodes=3     ,first_numa=3  ,other_nodes=     
Hostname=nid005852   , Rank=523  ,Local=3   ,RPN=4   ,CPUs=216-287  ,GPU=3 ,NIC=cxi3 ,numa_nodes=3     ,first_numa=3  ,other_nodes=     
Hostname=nid006453   , Rank=900  ,Local=0   ,RPN=4   ,CPUs=0-71     ,GPU=0 ,NIC=cxi0 ,numa_nodes=0     ,first_numa=0  ,other_nodes=     
Hostname=nid006383   , Rank=718  ,Local=2   ,RPN=4   ,CPUs=144-215  ,GPU=2 ,NIC=cxi2 ,numa_nodes=2     ,first_numa=2  ,other_nodes=     
Hostname=nid005865   , Rank=543  ,Local=3   ,RPN=4   ,CPUs=216-287  ,GPU=3 ,NIC=cxi3 ,numa_nodes=3     ,first_numa=3  ,other_nodes=     
Hostname=nid005933   , Rank=620  ,Local=0   ,RPN=4   ,CPUs=0-71     ,GPU=0 ,NIC=cxi0 ,numa_nodes=0     ,first_numa=0  ,other_nodes=     
Hostname=nid006404   , Rank=778  ,Local=2   ,RPN=4   ,CPUs=144-215  ,GPU=2 ,NIC=cxi2 ,numa_nodes=2     ,first_numa=2  ,other_nodes=     
Hostname=nid006426   , Rank=839  ,Local=3   ,RPN=4   ,CPUs=216-287  ,GPU=3 ,NIC=cxi3 ,numa_nodes=3     ,first_numa=3  ,other_nodes=     
Hostname=nid005656   , Rank=193  ,Local=1   ,RPN=4   ,CPUs=72-143   ,GPU=1 ,NIC=cxi1 ,numa_nodes=1     ,first_numa=1  ,other_nodes=     
Hostname=nid006526   , Rank=999  ,Local=3   ,RPN=4   ,CPUs=216-287  ,GPU=3 ,NIC=cxi3 ,numa_nodes=3     ,first_numa=3  ,other_nodes=     
Hostname=nid005684   , Rank=250  ,Local=2   ,RPN=4   ,CPUs=144-215  ,GPU=2 ,NIC=cxi2 ,numa_nodes=2     ,first_numa=2  ,other_nodes=     
Hostname=nid006418   , Rank=809  ,Local=1   ,RPN=4   ,CPUs=72-143   ,GPU=1 ,NIC=cxi1 ,numa_nodes=1     ,first_numa=1  ,other_nodes=     
Hostname=nid006373   , Rank=690  ,Local=2   ,RPN=4   ,CPUs=144-215  ,GPU=2 ,NIC=cxi2 ,numa_nodes=2     ,first_numa=2  ,other_nodes=     
Hostname=nid005858   , Rank=531  ,Local=3   ,RPN=4   ,CPUs=216-287  ,GPU=3 ,NIC=cxi3 ,numa_nodes=3     ,first_numa=3  ,other_nodes=     
Hostname=nid005878   , Rank=555  ,Local=3   ,RPN=4   ,CPUs=216-287  ,GPU=3 ,NIC=cxi3 ,numa_nodes=3     ,first_numa=3  ,other_nodes=     
Hostname=nid006404   , Rank=776  ,Local=0   ,RPN=4   ,CPUs=0-71     ,GPU=0 ,NIC=cxi0 ,numa_nodes=0     ,first_numa=0  ,other_nodes=     
Hostname=nid006382   , Rank=713  ,Local=1   ,RPN=4   ,CPUs=72-143   ,GPU=1 ,NIC=cxi1 ,numa_nodes=1     ,first_numa=1  ,other_nodes=     
Hostname=nid005607   , Rank=81   ,Local=1   ,RPN=4   ,CPUs=72-143   ,GPU=1 ,NIC=cxi1 ,numa_nodes=1     ,first_numa=1  ,other_nodes=     
Hostname=nid006364   , Rank=669  ,Local=1   ,RPN=4   ,CPUs=72-143   ,GPU=1 ,NIC=cxi1 ,numa_nodes=1     ,first_numa=1  ,other_nodes=     
Hostname=nid005632   , Rank=139  ,Local=3   ,RPN=4   ,CPUs=216-287  ,GPU=3 ,NIC=cxi3 ,numa_nodes=3     ,first_numa=3  ,other_nodes=     
Hostname=nid005686   , Rank=256  ,Local=0   ,RPN=4   ,CPUs=0-71     ,GPU=0 ,NIC=cxi0 ,numa_nodes=0     ,first_numa=0  ,other_nodes=     
Hostname=nid006485   , Rank=941  ,Local=1   ,RPN=4   ,CPUs=72-143   ,GPU=1 ,NIC=cxi1 ,numa_nodes=1     ,first_numa=1  ,other_nodes=     
Hostname=nid006481   , Rank=935  ,Local=3   ,RPN=4   ,CPUs=216-287  ,GPU=3 ,NIC=cxi3 ,numa_nodes=3     ,first_numa=3  ,other_nodes=     
Hostname=nid005830   , Rank=490  ,Local=2   ,RPN=4   ,CPUs=144-215  ,GPU=2 ,NIC=cxi2 ,numa_nodes=2     ,first_numa=2  ,other_nodes=     
Hostname=nid006434   , Rank=858  ,Local=2   ,RPN=4   ,CPUs=144-215  ,GPU=2 ,NIC=cxi2 ,numa_nodes=2     ,first_numa=2  ,other_nodes=     
Hostname=nid006423   , Rank=826  ,Local=2   ,RPN=4   ,CPUs=144-215  ,GPU=2 ,NIC=cxi2 ,numa_nodes=2     ,first_numa=2  ,other_nodes=     
Hostname=nid005637   , Rank=148  ,Local=0   ,RPN=4   ,CPUs=0-71     ,GPU=0 ,NIC=cxi0 ,numa_nodes=0     ,first_numa=0  ,other_nodes=     
Hostname=nid005668   , Rank=225  ,Local=1   ,RPN=4   ,CPUs=72-143   ,GPU=1 ,NIC=cxi1 ,numa_nodes=1     ,first_numa=1  ,other_nodes=     
Hostname=nid005705   , Rank=307  ,Local=3   ,RPN=4   ,CPUs=216-287  ,GPU=3 ,NIC=cxi3 ,numa_nodes=3     ,first_numa=3  ,other_nodes=     
Hostname=nid006407   , Rank=786  ,Local=2   ,RPN=4   ,CPUs=144-215  ,GPU=2 ,NIC=cxi2 ,numa_nodes=2     ,first_numa=2  ,other_nodes=     
Hostname=nid005751   , Rank=365  ,Local=1   ,RPN=4   ,CPUs=72-143   ,GPU=1 ,NIC=cxi1 ,numa_nodes=1     ,first_numa=1  ,other_nodes=     
Hostname=nid006383   , Rank=716  ,Local=0   ,RPN=4   ,CPUs=0-71     ,GPU=0 ,NIC=cxi0 ,numa_nodes=0     ,first_numa=0  ,other_nodes=     
Hostname=nid005639   , Rank=159  ,Local=3   ,RPN=4   ,CPUs=216-287  ,GPU=3 ,NIC=cxi3 ,numa_nodes=3     ,first_numa=3  ,other_nodes=     
Hostname=nid005566   , Rank=12   ,Local=0   ,RPN=4   ,CPUs=0-71     ,GPU=0 ,NIC=cxi0 ,numa_nodes=0     ,first_numa=0  ,other_nodes=     
Hostname=nid005804   , Rank=459  ,Local=3   ,RPN=4   ,CPUs=216-287  ,GPU=3 ,NIC=cxi3 ,numa_nodes=3     ,first_numa=3  ,other_nodes=     
Hostname=nid005728   , Rank=347  ,Local=3   ,RPN=4   ,CPUs=216-287  ,GPU=3 ,NIC=cxi3 ,numa_nodes=3     ,first_numa=3  ,other_nodes=     
Hostname=nid005761   , Rank=377  ,Local=1   ,RPN=4   ,CPUs=72-143   ,GPU=1 ,NIC=cxi1 ,numa_nodes=1     ,first_numa=1  ,other_nodes=     
Hostname=nid006508   , Rank=974  ,Local=2   ,RPN=4   ,CPUs=144-215  ,GPU=2 ,NIC=cxi2 ,numa_nodes=2     ,first_numa=2  ,other_nodes=     
Hostname=nid006453   , Rank=902  ,Local=2   ,RPN=4   ,CPUs=144-215  ,GPU=2 ,NIC=cxi2 ,numa_nodes=2     ,first_numa=2  ,other_nodes=     
Hostname=nid005852   , Rank=522  ,Local=2   ,RPN=4   ,CPUs=144-215  ,GPU=2 ,NIC=cxi2 ,numa_nodes=2     ,first_numa=2  ,other_nodes=     
Hostname=nid005821   , Rank=477  ,Local=1   ,RPN=4   ,CPUs=72-143   ,GPU=1 ,NIC=cxi1 ,numa_nodes=1     ,first_numa=1  ,other_nodes=     
Hostname=nid005813   , Rank=473  ,Local=1   ,RPN=4   ,CPUs=72-143   ,GPU=1 ,NIC=cxi1 ,numa_nodes=1     ,first_numa=1  ,other_nodes=     
Hostname=nid006424   , Rank=828  ,Local=0   ,RPN=4   ,CPUs=0-71     ,GPU=0 ,NIC=cxi0 ,numa_nodes=0     ,first_numa=0  ,other_nodes=     
Hostname=nid005632   , Rank=138  ,Local=2   ,RPN=4   ,CPUs=144-215  ,GPU=2 ,NIC=cxi2 ,numa_nodes=2     ,first_numa=2  ,other_nodes=     
Hostname=nid006524   , Rank=991  ,Local=3   ,RPN=4   ,CPUs=216-287  ,GPU=3 ,NIC=cxi3 ,numa_nodes=3     ,first_numa=3  ,other_nodes=     
Hostname=nid006438   , Rank=874  ,Local=2   ,RPN=4   ,CPUs=144-215  ,GPU=2 ,NIC=cxi2 ,numa_nodes=2     ,first_numa=2  ,other_nodes=     
Hostname=nid005609   , Rank=87   ,Local=3   ,RPN=4   ,CPUs=216-287  ,GPU=3 ,NIC=cxi3 ,numa_nodes=3     ,first_numa=3  ,other_nodes=     
Hostname=nid005734   , Rank=349  ,Local=1   ,RPN=4   ,CPUs=72-143   ,GPU=1 ,NIC=cxi1 ,numa_nodes=1     ,first_numa=1  ,other_nodes=     
Hostname=nid005878   , Rank=554  ,Local=2   ,RPN=4   ,CPUs=144-215  ,GPU=2 ,NIC=cxi2 ,numa_nodes=2     ,first_numa=2  ,other_nodes=     
Hostname=nid005577   , Rank=34   ,Local=2   ,RPN=4   ,CPUs=144-215  ,GPU=2 ,NIC=cxi2 ,numa_nodes=2     ,first_numa=2  ,other_nodes=     
Hostname=nid005655   , Rank=191  ,Local=3   ,RPN=4   ,CPUs=216-287  ,GPU=3 ,NIC=cxi3 ,numa_nodes=3     ,first_numa=3  ,other_nodes=     
Hostname=nid006371   , Rank=682  ,Local=2   ,RPN=4   ,CPUs=144-215  ,GPU=2 ,NIC=cxi2 ,numa_nodes=2     ,first_numa=2  ,other_nodes=     
Hostname=nid006503   , Rank=965  ,Local=1   ,RPN=4   ,CPUs=72-143   ,GPU=1 ,NIC=cxi1 ,numa_nodes=1     ,first_numa=1  ,other_nodes=     
Slurm Job Hostlist: nid[005561,005563,005565-005567,005571,005574,005576-005578,005587,005590-005592,005594,005598-005600,005603-005604,005607,005609,005611-005614,005622-005623,005625,005627-005632,005634-005635,005637-005641,005645-005647,005649,005654-005658,005660,005663-005664,005666-005668,005670,005675-005676,005679-005680,005684-005688,005690-005691,005693,005695,005697-005698,005700-005702,005705,005707-005710,005714-005715,005718-005719,005721,005728,005734,005738,005746,005750-005751,005756,005760-005761,005767,005771,005775-005777,005780-005783,005785-005787,005790-005791,005793,005796,005801-005806,005808,005813,005821-005822,005827,005830,005837,005839-005840,005844,005848-005849,005851-005853,005858,005861,005864-005865,005872,005874,005878,005881,005884,005886,005893,005903-005904,005908-005910,005912-005915,005917,005923,005925,005933,006345,006347,006349-006351,006353,006355-006356,006358,006362-006364,006368,006370-006375,006377,006379,006381-006383,006386,006388-006389,006391-006392,006394-006402,006404,006406-006408,006410-006411,006414-006415,006418-006421,006423-006426,006428-006431,006434-006440,006443,006447-006448,006451,006453,006458-006459,006464,006471,006478-006482,006485,006487-006489,006493,006495,006503,006506,006508,006520-006521,006523-006527,006531,006533,006535,006537,006542]
Hostname=nid006537   , Rank=1019 ,Local=3   ,RPN=4   ,CPUs=216-287  ,GPU=3 ,NIC=cxi3 ,numa_nodes=3     ,first_numa=3  ,other_nodes=     
Hostname=nid005874   , Rank=551  ,Local=3   ,RPN=4   ,CPUs=216-287  ,GPU=3 ,NIC=cxi3 ,numa_nodes=3     ,first_numa=3  ,other_nodes=     
Hostname=nid005638   , Rank=153  ,Local=1   ,RPN=4   ,CPUs=72-143   ,GPU=1 ,NIC=cxi1 ,numa_nodes=1     ,first_numa=1  ,other_nodes=     
Hostname=nid006434   , Rank=856  ,Local=0   ,RPN=4   ,CPUs=0-71     ,GPU=0 ,NIC=cxi0 ,numa_nodes=0     ,first_numa=0  ,other_nodes=     
Hostname=nid006471   , Rank=917  ,Local=1   ,RPN=4   ,CPUs=72-143   ,GPU=1 ,NIC=cxi1 ,numa_nodes=1     ,first_numa=1  ,other_nodes=     
Hostname=nid006524   , Rank=990  ,Local=2   ,RPN=4   ,CPUs=144-215  ,GPU=2 ,NIC=cxi2 ,numa_nodes=2     ,first_numa=2  ,other_nodes=     
Hostname=nid005705   , Rank=304  ,Local=0   ,RPN=4   ,CPUs=0-71     ,GPU=0 ,NIC=cxi0 ,numa_nodes=0     ,first_numa=0  ,other_nodes=     
Hostname=nid005915   , Rank=604  ,Local=0   ,RPN=4   ,CPUs=0-71     ,GPU=0 ,NIC=cxi0 ,numa_nodes=0     ,first_numa=0  ,other_nodes=     
Hostname=nid006396   , Rank=750  ,Local=2   ,RPN=4   ,CPUs=144-215  ,GPU=2 ,NIC=cxi2 ,numa_nodes=2     ,first_numa=2  ,other_nodes=     
Hostname=nid006426   , Rank=838  ,Local=2   ,RPN=4   ,CPUs=144-215  ,GPU=2 ,NIC=cxi2 ,numa_nodes=2     ,first_numa=2  ,other_nodes=     
Hostname=nid005598   , Rank=60   ,Local=0   ,RPN=4   ,CPUs=0-71     ,GPU=0 ,NIC=cxi0 ,numa_nodes=0     ,first_numa=0  ,other_nodes=     
Hostname=nid005893   , Rank=568  ,Local=0   ,RPN=4   ,CPUs=0-71     ,GPU=0 ,NIC=cxi0 ,numa_nodes=0     ,first_numa=0  ,other_nodes=     
Hostname=nid005561   , Rank=0    ,Local=0   ,RPN=4   ,CPUs=0-71     ,GPU=0 ,NIC=cxi0 ,numa_nodes=0     ,first_numa=0  ,other_nodes=     
Hostname=nid005803   , Rank=455  ,Local=3   ,RPN=4   ,CPUs=216-287  ,GPU=3 ,NIC=cxi3 ,numa_nodes=3     ,first_numa=3  ,other_nodes=     
Hostname=nid005728   , Rank=345  ,Local=1   ,RPN=4   ,CPUs=72-143   ,GPU=1 ,NIC=cxi1 ,numa_nodes=1     ,first_numa=1  ,other_nodes=     
Hostname=nid006451   , Rank=896  ,Local=0   ,RPN=4   ,CPUs=0-71     ,GPU=0 ,NIC=cxi0 ,numa_nodes=0     ,first_numa=0  ,other_nodes=     
Hostname=nid005923   , Rank=613  ,Local=1   ,RPN=4   ,CPUs=72-143   ,GPU=1 ,NIC=cxi1 ,numa_nodes=1     ,first_numa=1  ,other_nodes=     
Hostname=nid005565   , Rank=9    ,Local=1   ,RPN=4   ,CPUs=72-143   ,GPU=1 ,NIC=cxi1 ,numa_nodes=1     ,first_numa=1  ,other_nodes=     
Hostname=nid005603   , Rank=73   ,Local=1   ,RPN=4   ,CPUs=72-143   ,GPU=1 ,NIC=cxi1 ,numa_nodes=1     ,first_numa=1  ,other_nodes=     
Hostname=nid005923   , Rank=612  ,Local=0   ,RPN=4   ,CPUs=0-71     ,GPU=0 ,NIC=cxi0 ,numa_nodes=0     ,first_numa=0  ,other_nodes=     
Hostname=nid006482   , Rank=939  ,Local=3   ,RPN=4   ,CPUs=216-287  ,GPU=3 ,NIC=cxi3 ,numa_nodes=3     ,first_numa=3  ,other_nodes=     
Hostname=nid005864   , Rank=539  ,Local=3   ,RPN=4   ,CPUs=216-287  ,GPU=3 ,NIC=cxi3 ,numa_nodes=3     ,first_numa=3  ,other_nodes=     
Hostname=nid005609   , Rank=86   ,Local=2   ,RPN=4   ,CPUs=144-215  ,GPU=2 ,NIC=cxi2 ,numa_nodes=2     ,first_numa=2  ,other_nodes=     
Hostname=nid005658   , Rank=203  ,Local=3   ,RPN=4   ,CPUs=216-287  ,GPU=3 ,NIC=cxi3 ,numa_nodes=3     ,first_numa=3  ,other_nodes=     
Hostname=nid006524   , Rank=988  ,Local=0   ,RPN=4   ,CPUs=0-71     ,GPU=0 ,NIC=cxi0 ,numa_nodes=0     ,first_numa=0  ,other_nodes=     
Hostname=nid005909   , Rank=587  ,Local=3   ,RPN=4   ,CPUs=216-287  ,GPU=3 ,NIC=cxi3 ,numa_nodes=3     ,first_numa=3  ,other_nodes=     
Hostname=nid005638   , Rank=152  ,Local=0   ,RPN=4   ,CPUs=0-71     ,GPU=0 ,NIC=cxi0 ,numa_nodes=0     ,first_numa=0  ,other_nodes=     
Hostname=nid006431   , Rank=854  ,Local=2   ,RPN=4   ,CPUs=144-215  ,GPU=2 ,NIC=cxi2 ,numa_nodes=2     ,first_numa=2  ,other_nodes=     
Hostname=nid006537   , Rank=1018 ,Local=2   ,RPN=4   ,CPUs=144-215  ,GPU=2 ,NIC=cxi2 ,numa_nodes=2     ,first_numa=2  ,other_nodes=     
Hostname=nid006418   , Rank=810  ,Local=2   ,RPN=4   ,CPUs=144-215  ,GPU=2 ,NIC=cxi2 ,numa_nodes=2     ,first_numa=2  ,other_nodes=     
Hostname=nid006438   , Rank=873  ,Local=1   ,RPN=4   ,CPUs=72-143   ,GPU=1 ,NIC=cxi1 ,numa_nodes=1     ,first_numa=1  ,other_nodes=     
Hostname=nid005686   , Rank=259  ,Local=3   ,RPN=4   ,CPUs=216-287  ,GPU=3 ,NIC=cxi3 ,numa_nodes=3     ,first_numa=3  ,other_nodes=     
Hostname=nid006424   , Rank=831  ,Local=3   ,RPN=4   ,CPUs=216-287  ,GPU=3 ,NIC=cxi3 ,numa_nodes=3     ,first_numa=3  ,other_nodes=     
Hostname=nid005561   , Rank=2    ,Local=2   ,RPN=4   ,CPUs=144-215  ,GPU=2 ,NIC=cxi2 ,numa_nodes=2     ,first_numa=2  ,other_nodes=     
Hostname=nid006396   , Rank=751  ,Local=3   ,RPN=4   ,CPUs=216-287  ,GPU=3 ,NIC=cxi3 ,numa_nodes=3     ,first_numa=3  ,other_nodes=     
Hostname=nid005635   , Rank=147  ,Local=3   ,RPN=4   ,CPUs=216-287  ,GPU=3 ,NIC=cxi3 ,numa_nodes=3     ,first_numa=3  ,other_nodes=     
Hostname=nid005634   , Rank=140  ,Local=0   ,RPN=4   ,CPUs=0-71     ,GPU=0 ,NIC=cxi0 ,numa_nodes=0     ,first_numa=0  ,other_nodes=     
Hostname=nid005632   , Rank=137  ,Local=1   ,RPN=4   ,CPUs=72-143   ,GPU=1 ,NIC=cxi1 ,numa_nodes=1     ,first_numa=1  ,other_nodes=     
Hostname=nid006397   , Rank=753  ,Local=1   ,RPN=4   ,CPUs=72-143   ,GPU=1 ,NIC=cxi1 ,numa_nodes=1     ,first_numa=1  ,other_nodes=     
Hostname=nid005796   , Rank=441  ,Local=1   ,RPN=4   ,CPUs=72-143   ,GPU=1 ,NIC=cxi1 ,numa_nodes=1     ,first_numa=1  ,other_nodes=     
Hostname=nid005874   , Rank=548  ,Local=0   ,RPN=4   ,CPUs=0-71     ,GPU=0 ,NIC=cxi0 ,numa_nodes=0     ,first_numa=0  ,other_nodes=     
Hostname=nid005751   , Rank=367  ,Local=3   ,RPN=4   ,CPUs=216-287  ,GPU=3 ,NIC=cxi3 ,numa_nodes=3     ,first_numa=3  ,other_nodes=     
Hostname=nid005830   , Rank=491  ,Local=3   ,RPN=4   ,CPUs=216-287  ,GPU=3 ,NIC=cxi3 ,numa_nodes=3     ,first_numa=3  ,other_nodes=     
Hostname=nid005697   , Rank=286  ,Local=2   ,RPN=4   ,CPUs=144-215  ,GPU=2 ,NIC=cxi2 ,numa_nodes=2     ,first_numa=2  ,other_nodes=     
Hostname=nid005691   , Rank=272  ,Local=0   ,RPN=4   ,CPUs=0-71     ,GPU=0 ,NIC=cxi0 ,numa_nodes=0     ,first_numa=0  ,other_nodes=     
Hostname=nid005925   , Rank=618  ,Local=2   ,RPN=4   ,CPUs=144-215  ,GPU=2 ,NIC=cxi2 ,numa_nodes=2     ,first_numa=2  ,other_nodes=     
Hostname=nid005576   , Rank=31   ,Local=3   ,RPN=4   ,CPUs=216-287  ,GPU=3 ,NIC=cxi3 ,numa_nodes=3     ,first_numa=3  ,other_nodes=     
Hostname=nid005688   , Rank=265  ,Local=1   ,RPN=4   ,CPUs=72-143   ,GPU=1 ,NIC=cxi1 ,numa_nodes=1     ,first_numa=1  ,other_nodes=     
Hostname=nid005708   , Rank=312  ,Local=0   ,RPN=4   ,CPUs=0-71     ,GPU=0 ,NIC=cxi0 ,numa_nodes=0     ,first_numa=0  ,other_nodes=     
Hostname=nid005658   , Rank=201  ,Local=1   ,RPN=4   ,CPUs=72-143   ,GPU=1 ,NIC=cxi1 ,numa_nodes=1     ,first_numa=1  ,other_nodes=     
Hostname=nid005864   , Rank=538  ,Local=2   ,RPN=4   ,CPUs=144-215  ,GPU=2 ,NIC=cxi2 ,numa_nodes=2     ,first_numa=2  ,other_nodes=     
Hostname=nid005734   , Rank=348  ,Local=0   ,RPN=4   ,CPUs=0-71     ,GPU=0 ,NIC=cxi0 ,numa_nodes=0     ,first_numa=0  ,other_nodes=     
Hostname=nid006373   , Rank=691  ,Local=3   ,RPN=4   ,CPUs=216-287  ,GPU=3 ,NIC=cxi3 ,numa_nodes=3     ,first_numa=3  ,other_nodes=     
Hostname=nid006508   , Rank=975  ,Local=3   ,RPN=4   ,CPUs=216-287  ,GPU=3 ,NIC=cxi3 ,numa_nodes=3     ,first_numa=3  ,other_nodes=     
Hostname=nid005604   , Rank=77   ,Local=1   ,RPN=4   ,CPUs=72-143   ,GPU=1 ,NIC=cxi1 ,numa_nodes=1     ,first_numa=1  ,other_nodes=     
Hostname=nid005790   , Rank=428  ,Local=0   ,RPN=4   ,CPUs=0-71     ,GPU=0 ,NIC=cxi0 ,numa_nodes=0     ,first_numa=0  ,other_nodes=     
Hostname=nid005851   , Rank=516  ,Local=0   ,RPN=4   ,CPUs=0-71     ,GPU=0 ,NIC=cxi0 ,numa_nodes=0     ,first_numa=0  ,other_nodes=     
Hostname=nid005640   , Rank=163  ,Local=3   ,RPN=4   ,CPUs=216-287  ,GPU=3 ,NIC=cxi3 ,numa_nodes=3     ,first_numa=3  ,other_nodes=     
Hostname=nid006426   , Rank=837  ,Local=1   ,RPN=4   ,CPUs=72-143   ,GPU=1 ,NIC=cxi1 ,numa_nodes=1     ,first_numa=1  ,other_nodes=     
Hostname=nid006481   , Rank=933  ,Local=1   ,RPN=4   ,CPUs=72-143   ,GPU=1 ,NIC=cxi1 ,numa_nodes=1     ,first_numa=1  ,other_nodes=     
Hostname=nid006424   , Rank=830  ,Local=2   ,RPN=4   ,CPUs=144-215  ,GPU=2 ,NIC=cxi2 ,numa_nodes=2     ,first_numa=2  ,other_nodes=     
Hostname=nid005803   , Rank=454  ,Local=2   ,RPN=4   ,CPUs=144-215  ,GPU=2 ,NIC=cxi2 ,numa_nodes=2     ,first_numa=2  ,other_nodes=     
Hostname=nid006428   , Rank=840  ,Local=0   ,RPN=4   ,CPUs=0-71     ,GPU=0 ,NIC=cxi0 ,numa_nodes=0     ,first_numa=0  ,other_nodes=     
Hostname=nid006431   , Rank=855  ,Local=3   ,RPN=4   ,CPUs=216-287  ,GPU=3 ,NIC=cxi3 ,numa_nodes=3     ,first_numa=3  ,other_nodes=     
Hostname=nid005656   , Rank=195  ,Local=3   ,RPN=4   ,CPUs=216-287  ,GPU=3 ,NIC=cxi3 ,numa_nodes=3     ,first_numa=3  ,other_nodes=     
Hostname=nid005658   , Rank=200  ,Local=0   ,RPN=4   ,CPUs=0-71     ,GPU=0 ,NIC=cxi0 ,numa_nodes=0     ,first_numa=0  ,other_nodes=     
Hostname=nid005561   , Rank=1    ,Local=1   ,RPN=4   ,CPUs=72-143   ,GPU=1 ,NIC=cxi1 ,numa_nodes=1     ,first_numa=1  ,other_nodes=     
Hostname=nid006542   , Rank=1021 ,Local=1   ,RPN=4   ,CPUs=72-143   ,GPU=1 ,NIC=cxi1 ,numa_nodes=1     ,first_numa=1  ,other_nodes=     
Hostname=nid006447   , Rank=888  ,Local=0   ,RPN=4   ,CPUs=0-71     ,GPU=0 ,NIC=cxi0 ,numa_nodes=0     ,first_numa=0  ,other_nodes=     
Hostname=nid006408   , Rank=789  ,Local=1   ,RPN=4   ,CPUs=72-143   ,GPU=1 ,NIC=cxi1 ,numa_nodes=1     ,first_numa=1  ,other_nodes=     
Hostname=nid005609   , Rank=85   ,Local=1   ,RPN=4   ,CPUs=72-143   ,GPU=1 ,NIC=cxi1 ,numa_nodes=1     ,first_numa=1  ,other_nodes=     
Hostname=nid005915   , Rank=606  ,Local=2   ,RPN=4   ,CPUs=144-215  ,GPU=2 ,NIC=cxi2 ,numa_nodes=2     ,first_numa=2  ,other_nodes=     
Hostname=nid005686   , Rank=257  ,Local=1   ,RPN=4   ,CPUs=72-143   ,GPU=1 ,NIC=cxi1 ,numa_nodes=1     ,first_numa=1  ,other_nodes=     
Hostname=nid006487   , Rank=944  ,Local=0   ,RPN=4   ,CPUs=0-71     ,GPU=0 ,NIC=cxi0 ,numa_nodes=0     ,first_numa=0  ,other_nodes=     
Hostname=nid006453   , Rank=903  ,Local=3   ,RPN=4   ,CPUs=216-287  ,GPU=3 ,NIC=cxi3 ,numa_nodes=3     ,first_numa=3  ,other_nodes=     
Hostname=nid005635   , Rank=146  ,Local=2   ,RPN=4   ,CPUs=144-215  ,GPU=2 ,NIC=cxi2 ,numa_nodes=2     ,first_numa=2  ,other_nodes=     
Hostname=nid006364   , Rank=670  ,Local=2   ,RPN=4   ,CPUs=144-215  ,GPU=2 ,NIC=cxi2 ,numa_nodes=2     ,first_numa=2  ,other_nodes=     
Hostname=nid005697   , Rank=285  ,Local=1   ,RPN=4   ,CPUs=72-143   ,GPU=1 ,NIC=cxi1 ,numa_nodes=1     ,first_numa=1  ,other_nodes=     
Hostname=nid005923   , Rank=614  ,Local=2   ,RPN=4   ,CPUs=144-215  ,GPU=2 ,NIC=cxi2 ,numa_nodes=2     ,first_numa=2  ,other_nodes=     
Hostname=nid005577   , Rank=32   ,Local=0   ,RPN=4   ,CPUs=0-71     ,GPU=0 ,NIC=cxi0 ,numa_nodes=0     ,first_numa=0  ,other_nodes=     
Hostname=nid006396   , Rank=749  ,Local=1   ,RPN=4   ,CPUs=72-143   ,GPU=1 ,NIC=cxi1 ,numa_nodes=1     ,first_numa=1  ,other_nodes=     
Hostname=nid005751   , Rank=366  ,Local=2   ,RPN=4   ,CPUs=144-215  ,GPU=2 ,NIC=cxi2 ,numa_nodes=2     ,first_numa=2  ,other_nodes=     
Hostname=nid006435   , Rank=863  ,Local=3   ,RPN=4   ,CPUs=216-287  ,GPU=3 ,NIC=cxi3 ,numa_nodes=3     ,first_numa=3  ,other_nodes=     
Hostname=nid006542   , Rank=1020 ,Local=0   ,RPN=4   ,CPUs=0-71     ,GPU=0 ,NIC=cxi0 ,numa_nodes=0     ,first_numa=0  ,other_nodes=     
Hostname=nid005796   , Rank=442  ,Local=2   ,RPN=4   ,CPUs=144-215  ,GPU=2 ,NIC=cxi2 ,numa_nodes=2     ,first_numa=2  ,other_nodes=     
Hostname=nid006448   , Rank=893  ,Local=1   ,RPN=4   ,CPUs=72-143   ,GPU=1 ,NIC=cxi1 ,numa_nodes=1     ,first_numa=1  ,other_nodes=     
Hostname=nid006464   , Rank=913  ,Local=1   ,RPN=4   ,CPUs=72-143   ,GPU=1 ,NIC=cxi1 ,numa_nodes=1     ,first_numa=1  ,other_nodes=     
Hostname=nid005738   , Rank=352  ,Local=0   ,RPN=4   ,CPUs=0-71     ,GPU=0 ,NIC=cxi0 ,numa_nodes=0     ,first_numa=0  ,other_nodes=     
Hostname=nid005858   , Rank=530  ,Local=2   ,RPN=4   ,CPUs=144-215  ,GPU=2 ,NIC=cxi2 ,numa_nodes=2     ,first_numa=2  ,other_nodes=     
Hostname=nid006495   , Rank=960  ,Local=0   ,RPN=4   ,CPUs=0-71     ,GPU=0 ,NIC=cxi0 ,numa_nodes=0     ,first_numa=0  ,other_nodes=     
Hostname=nid006349   , Rank=633  ,Local=1   ,RPN=4   ,CPUs=72-143   ,GPU=1 ,NIC=cxi1 ,numa_nodes=1     ,first_numa=1  ,other_nodes=     
Hostname=nid005872   , Rank=544  ,Local=0   ,RPN=4   ,CPUs=0-71     ,GPU=0 ,NIC=cxi0 ,numa_nodes=0     ,first_numa=0  ,other_nodes=     
Hostname=nid005804   , Rank=458  ,Local=2   ,RPN=4   ,CPUs=144-215  ,GPU=2 ,NIC=cxi2 ,numa_nodes=2     ,first_numa=2  ,other_nodes=     
Hostname=nid005565   , Rank=11   ,Local=3   ,RPN=4   ,CPUs=216-287  ,GPU=3 ,NIC=cxi3 ,numa_nodes=3     ,first_numa=3  ,other_nodes=     
Hostname=nid005688   , Rank=266  ,Local=2   ,RPN=4   ,CPUs=144-215  ,GPU=2 ,NIC=cxi2 ,numa_nodes=2     ,first_numa=2  ,other_nodes=     
Hostname=nid005691   , Rank=275  ,Local=3   ,RPN=4   ,CPUs=216-287  ,GPU=3 ,NIC=cxi3 ,numa_nodes=3     ,first_numa=3  ,other_nodes=     
Hostname=nid006431   , Rank=853  ,Local=1   ,RPN=4   ,CPUs=72-143   ,GPU=1 ,NIC=cxi1 ,numa_nodes=1     ,first_numa=1  ,other_nodes=     
Hostname=nid005578   , Rank=36   ,Local=0   ,RPN=4   ,CPUs=0-71     ,GPU=0 ,NIC=cxi0 ,numa_nodes=0     ,first_numa=0  ,other_nodes=     
Hostname=nid006527   , Rank=1003 ,Local=3   ,RPN=4   ,CPUs=216-287  ,GPU=3 ,NIC=cxi3 ,numa_nodes=3     ,first_numa=3  ,other_nodes=     
Hostname=nid006400   , Rank=766  ,Local=2   ,RPN=4   ,CPUs=144-215  ,GPU=2 ,NIC=cxi2 ,numa_nodes=2     ,first_numa=2  ,other_nodes=     
Hostname=nid005657   , Rank=196  ,Local=0   ,RPN=4   ,CPUs=0-71     ,GPU=0 ,NIC=cxi0 ,numa_nodes=0     ,first_numa=0  ,other_nodes=     
Hostname=nid006375   , Rank=698  ,Local=2   ,RPN=4   ,CPUs=144-215  ,GPU=2 ,NIC=cxi2 ,numa_nodes=2     ,first_numa=2  ,other_nodes=     
Hostname=nid006438   , Rank=875  ,Local=3   ,RPN=4   ,CPUs=216-287  ,GPU=3 ,NIC=cxi3 ,numa_nodes=3     ,first_numa=3  ,other_nodes=     
Hostname=nid006448   , Rank=892  ,Local=0   ,RPN=4   ,CPUs=0-71     ,GPU=0 ,NIC=cxi0 ,numa_nodes=0     ,first_numa=0  ,other_nodes=     
Hostname=nid006419   , Rank=814  ,Local=2   ,RPN=4   ,CPUs=144-215  ,GPU=2 ,NIC=cxi2 ,numa_nodes=2     ,first_numa=2  ,other_nodes=     
Hostname=nid005718   , Rank=333  ,Local=1   ,RPN=4   ,CPUs=72-143   ,GPU=1 ,NIC=cxi1 ,numa_nodes=1     ,first_numa=1  ,other_nodes=     
Hostname=nid006482   , Rank=938  ,Local=2   ,RPN=4   ,CPUs=144-215  ,GPU=2 ,NIC=cxi2 ,numa_nodes=2     ,first_numa=2  ,other_nodes=     
Hostname=nid006435   , Rank=862  ,Local=2   ,RPN=4   ,CPUs=144-215  ,GPU=2 ,NIC=cxi2 ,numa_nodes=2     ,first_numa=2  ,other_nodes=     
Hostname=nid005592   , Rank=53   ,Local=1   ,RPN=4   ,CPUs=72-143   ,GPU=1 ,NIC=cxi1 ,numa_nodes=1     ,first_numa=1  ,other_nodes=     
Hostname=nid005904   , Rank=577  ,Local=1   ,RPN=4   ,CPUs=72-143   ,GPU=1 ,NIC=cxi1 ,numa_nodes=1     ,first_numa=1  ,other_nodes=     
Hostname=nid006421   , Rank=822  ,Local=2   ,RPN=4   ,CPUs=144-215  ,GPU=2 ,NIC=cxi2 ,numa_nodes=2     ,first_numa=2  ,other_nodes=     
Hostname=nid005822   , Rank=481  ,Local=1   ,RPN=4   ,CPUs=72-143   ,GPU=1 ,NIC=cxi1 ,numa_nodes=1     ,first_numa=1  ,other_nodes=     
Hostname=nid006503   , Rank=966  ,Local=2   ,RPN=4   ,CPUs=144-215  ,GPU=2 ,NIC=cxi2 ,numa_nodes=2     ,first_numa=2  ,other_nodes=     
Hostname=nid006381   , Rank=709  ,Local=1   ,RPN=4   ,CPUs=72-143   ,GPU=1 ,NIC=cxi1 ,numa_nodes=1     ,first_numa=1  ,other_nodes=     
Hostname=nid005858   , Rank=528  ,Local=0   ,RPN=4   ,CPUs=0-71     ,GPU=0 ,NIC=cxi0 ,numa_nodes=0     ,first_numa=0  ,other_nodes=     
Hostname=nid006364   , Rank=671  ,Local=3   ,RPN=4   ,CPUs=216-287  ,GPU=3 ,NIC=cxi3 ,numa_nodes=3     ,first_numa=3  ,other_nodes=     
Hostname=nid006419   , Rank=815  ,Local=3   ,RPN=4   ,CPUs=216-287  ,GPU=3 ,NIC=cxi3 ,numa_nodes=3     ,first_numa=3  ,other_nodes=     
Hostname=nid006482   , Rank=936  ,Local=0   ,RPN=4   ,CPUs=0-71     ,GPU=0 ,NIC=cxi0 ,numa_nodes=0     ,first_numa=0  ,other_nodes=     
Hostname=nid006392   , Rank=736  ,Local=0   ,RPN=4   ,CPUs=0-71     ,GPU=0 ,NIC=cxi0 ,numa_nodes=0     ,first_numa=0  ,other_nodes=     
Hostname=nid005566   , Rank=14   ,Local=2   ,RPN=4   ,CPUs=144-215  ,GPU=2 ,NIC=cxi2 ,numa_nodes=2     ,first_numa=2  ,other_nodes=     
Hostname=nid005638   , Rank=154  ,Local=2   ,RPN=4   ,CPUs=144-215  ,GPU=2 ,NIC=cxi2 ,numa_nodes=2     ,first_numa=2  ,other_nodes=     
Hostname=nid005738   , Rank=355  ,Local=3   ,RPN=4   ,CPUs=216-287  ,GPU=3 ,NIC=cxi3 ,numa_nodes=3     ,first_numa=3  ,other_nodes=     
Hostname=nid006487   , Rank=947  ,Local=3   ,RPN=4   ,CPUs=216-287  ,GPU=3 ,NIC=cxi3 ,numa_nodes=3     ,first_numa=3  ,other_nodes=     
Hostname=nid005561   , Rank=3    ,Local=3   ,RPN=4   ,CPUs=216-287  ,GPU=3 ,NIC=cxi3 ,numa_nodes=3     ,first_numa=3  ,other_nodes=     
Hostname=nid005734   , Rank=351  ,Local=3   ,RPN=4   ,CPUs=216-287  ,GPU=3 ,NIC=cxi3 ,numa_nodes=3     ,first_numa=3  ,other_nodes=     
Hostname=nid006418   , Rank=811  ,Local=3   ,RPN=4   ,CPUs=216-287  ,GPU=3 ,NIC=cxi3 ,numa_nodes=3     ,first_numa=3  ,other_nodes=     
Hostname=nid005635   , Rank=145  ,Local=1   ,RPN=4   ,CPUs=72-143   ,GPU=1 ,NIC=cxi1 ,numa_nodes=1     ,first_numa=1  ,other_nodes=     
Hostname=nid005796   , Rank=440  ,Local=0   ,RPN=4   ,CPUs=0-71     ,GPU=0 ,NIC=cxi0 ,numa_nodes=0     ,first_numa=0  ,other_nodes=     
Hostname=nid005914   , Rank=601  ,Local=1   ,RPN=4   ,CPUs=72-143   ,GPU=1 ,NIC=cxi1 ,numa_nodes=1     ,first_numa=1  ,other_nodes=     
Hostname=nid006421   , Rank=823  ,Local=3   ,RPN=4   ,CPUs=216-287  ,GPU=3 ,NIC=cxi3 ,numa_nodes=3     ,first_numa=3  ,other_nodes=     
Hostname=nid005691   , Rank=274  ,Local=2   ,RPN=4   ,CPUs=144-215  ,GPU=2 ,NIC=cxi2 ,numa_nodes=2     ,first_numa=2  ,other_nodes=     
Hostname=nid005565   , Rank=10   ,Local=2   ,RPN=4   ,CPUs=144-215  ,GPU=2 ,NIC=cxi2 ,numa_nodes=2     ,first_numa=2  ,other_nodes=     
Hostname=nid006407   , Rank=785  ,Local=1   ,RPN=4   ,CPUs=72-143   ,GPU=1 ,NIC=cxi1 ,numa_nodes=1     ,first_numa=1  ,other_nodes=     
Hostname=nid005679   , Rank=243  ,Local=3   ,RPN=4   ,CPUs=216-287  ,GPU=3 ,NIC=cxi3 ,numa_nodes=3     ,first_numa=3  ,other_nodes=     
Hostname=nid005917   , Rank=608  ,Local=0   ,RPN=4   ,CPUs=0-71     ,GPU=0 ,NIC=cxi0 ,numa_nodes=0     ,first_numa=0  ,other_nodes=     
Hostname=nid005656   , Rank=194  ,Local=2   ,RPN=4   ,CPUs=144-215  ,GPU=2 ,NIC=cxi2 ,numa_nodes=2     ,first_numa=2  ,other_nodes=     
Hostname=nid005567   , Rank=16   ,Local=0   ,RPN=4   ,CPUs=0-71     ,GPU=0 ,NIC=cxi0 ,numa_nodes=0     ,first_numa=0  ,other_nodes=     
Hostname=nid006415   , Rank=806  ,Local=2   ,RPN=4   ,CPUs=144-215  ,GPU=2 ,NIC=cxi2 ,numa_nodes=2     ,first_numa=2  ,other_nodes=     
Hostname=nid006347   , Rank=628  ,Local=0   ,RPN=4   ,CPUs=0-71     ,GPU=0 ,NIC=cxi0 ,numa_nodes=0     ,first_numa=0  ,other_nodes=     
Hostname=nid005598   , Rank=61   ,Local=1   ,RPN=4   ,CPUs=72-143   ,GPU=1 ,NIC=cxi1 ,numa_nodes=1     ,first_numa=1  ,other_nodes=     
Hostname=nid005688   , Rank=267  ,Local=3   ,RPN=4   ,CPUs=216-287  ,GPU=3 ,NIC=cxi3 ,numa_nodes=3     ,first_numa=3  ,other_nodes=     
Hostname=nid005914   , Rank=600  ,Local=0   ,RPN=4   ,CPUs=0-71     ,GPU=0 ,NIC=cxi0 ,numa_nodes=0     ,first_numa=0  ,other_nodes=     
Hostname=nid006542   , Rank=1022 ,Local=2   ,RPN=4   ,CPUs=144-215  ,GPU=2 ,NIC=cxi2 ,numa_nodes=2     ,first_numa=2  ,other_nodes=     
Hostname=nid005628   , Rank=120  ,Local=0   ,RPN=4   ,CPUs=0-71     ,GPU=0 ,NIC=cxi0 ,numa_nodes=0     ,first_numa=0  ,other_nodes=     
Hostname=nid005666   , Rank=218  ,Local=2   ,RPN=4   ,CPUs=144-215  ,GPU=2 ,NIC=cxi2 ,numa_nodes=2     ,first_numa=2  ,other_nodes=     
Hostname=nid006347   , Rank=630  ,Local=2   ,RPN=4   ,CPUs=144-215  ,GPU=2 ,NIC=cxi2 ,numa_nodes=2     ,first_numa=2  ,other_nodes=     
Hostname=nid006435   , Rank=861  ,Local=1   ,RPN=4   ,CPUs=72-143   ,GPU=1 ,NIC=cxi1 ,numa_nodes=1     ,first_numa=1  ,other_nodes=     
Hostname=nid005917   , Rank=610  ,Local=2   ,RPN=4   ,CPUs=144-215  ,GPU=2 ,NIC=cxi2 ,numa_nodes=2     ,first_numa=2  ,other_nodes=     
Hostname=nid005563   , Rank=6    ,Local=2   ,RPN=4   ,CPUs=144-215  ,GPU=2 ,NIC=cxi2 ,numa_nodes=2     ,first_numa=2  ,other_nodes=     
Hostname=nid006503   , Rank=967  ,Local=3   ,RPN=4   ,CPUs=216-287  ,GPU=3 ,NIC=cxi3 ,numa_nodes=3     ,first_numa=3  ,other_nodes=     
Hostname=nid006527   , Rank=1002 ,Local=2   ,RPN=4   ,CPUs=144-215  ,GPU=2 ,NIC=cxi2 ,numa_nodes=2     ,first_numa=2  ,other_nodes=     
Hostname=nid005613   , Rank=96   ,Local=0   ,RPN=4   ,CPUs=0-71     ,GPU=0 ,NIC=cxi0 ,numa_nodes=0     ,first_numa=0  ,other_nodes=     
Hostname=nid006419   , Rank=813  ,Local=1   ,RPN=4   ,CPUs=72-143   ,GPU=1 ,NIC=cxi1 ,numa_nodes=1     ,first_numa=1  ,other_nodes=     
Hostname=nid006448   , Rank=895  ,Local=3   ,RPN=4   ,CPUs=216-287  ,GPU=3 ,NIC=cxi3 ,numa_nodes=3     ,first_numa=3  ,other_nodes=     
Hostname=nid006458   , Rank=906  ,Local=2   ,RPN=4   ,CPUs=144-215  ,GPU=2 ,NIC=cxi2 ,numa_nodes=2     ,first_numa=2  ,other_nodes=     
Hostname=nid005613   , Rank=97   ,Local=1   ,RPN=4   ,CPUs=72-143   ,GPU=1 ,NIC=cxi1 ,numa_nodes=1     ,first_numa=1  ,other_nodes=     
Hostname=nid005925   , Rank=619  ,Local=3   ,RPN=4   ,CPUs=216-287  ,GPU=3 ,NIC=cxi3 ,numa_nodes=3     ,first_numa=3  ,other_nodes=     
Hostname=nid005592   , Rank=54   ,Local=2   ,RPN=4   ,CPUs=144-215  ,GPU=2 ,NIC=cxi2 ,numa_nodes=2     ,first_numa=2  ,other_nodes=     
Hostname=nid005801   , Rank=447  ,Local=3   ,RPN=4   ,CPUs=216-287  ,GPU=3 ,NIC=cxi3 ,numa_nodes=3     ,first_numa=3  ,other_nodes=     
Hostname=nid005738   , Rank=354  ,Local=2   ,RPN=4   ,CPUs=144-215  ,GPU=2 ,NIC=cxi2 ,numa_nodes=2     ,first_numa=2  ,other_nodes=     
Hostname=nid005598   , Rank=62   ,Local=2   ,RPN=4   ,CPUs=144-215  ,GPU=2 ,NIC=cxi2 ,numa_nodes=2     ,first_numa=2  ,other_nodes=     
Hostname=nid006407   , Rank=784  ,Local=0   ,RPN=4   ,CPUs=0-71     ,GPU=0 ,NIC=cxi0 ,numa_nodes=0     ,first_numa=0  ,other_nodes=     
Hostname=nid005655   , Rank=188  ,Local=0   ,RPN=4   ,CPUs=0-71     ,GPU=0 ,NIC=cxi0 ,numa_nodes=0     ,first_numa=0  ,other_nodes=     
Hostname=nid006402   , Rank=772  ,Local=0   ,RPN=4   ,CPUs=0-71     ,GPU=0 ,NIC=cxi0 ,numa_nodes=0     ,first_numa=0  ,other_nodes=     
Hostname=nid005646   , Rank=172  ,Local=0   ,RPN=4   ,CPUs=0-71     ,GPU=0 ,NIC=cxi0 ,numa_nodes=0     ,first_numa=0  ,other_nodes=     
Hostname=nid006495   , Rank=961  ,Local=1   ,RPN=4   ,CPUs=72-143   ,GPU=1 ,NIC=cxi1 ,numa_nodes=1     ,first_numa=1  ,other_nodes=     
Hostname=nid005787   , Rank=427  ,Local=3   ,RPN=4   ,CPUs=216-287  ,GPU=3 ,NIC=cxi3 ,numa_nodes=3     ,first_numa=3  ,other_nodes=     
Hostname=nid005563   , Rank=7    ,Local=3   ,RPN=4   ,CPUs=216-287  ,GPU=3 ,NIC=cxi3 ,numa_nodes=3     ,first_numa=3  ,other_nodes=     
Hostname=nid006355   , Rank=649  ,Local=1   ,RPN=4   ,CPUs=72-143   ,GPU=1 ,NIC=cxi1 ,numa_nodes=1     ,first_numa=1  ,other_nodes=     
Hostname=nid005640   , Rank=161  ,Local=1   ,RPN=4   ,CPUs=72-143   ,GPU=1 ,NIC=cxi1 ,numa_nodes=1     ,first_numa=1  ,other_nodes=     
Hostname=nid006506   , Rank=970  ,Local=2   ,RPN=4   ,CPUs=144-215  ,GPU=2 ,NIC=cxi2 ,numa_nodes=2     ,first_numa=2  ,other_nodes=     
Hostname=nid005840   , Rank=503  ,Local=3   ,RPN=4   ,CPUs=216-287  ,GPU=3 ,NIC=cxi3 ,numa_nodes=3     ,first_numa=3  ,other_nodes=     
Hostname=nid006370   , Rank=679  ,Local=3   ,RPN=4   ,CPUs=216-287  ,GPU=3 ,NIC=cxi3 ,numa_nodes=3     ,first_numa=3  ,other_nodes=     
Hostname=nid005925   , Rank=616  ,Local=0   ,RPN=4   ,CPUs=0-71     ,GPU=0 ,NIC=cxi0 ,numa_nodes=0     ,first_numa=0  ,other_nodes=     
Hostname=nid005917   , Rank=611  ,Local=3   ,RPN=4   ,CPUs=216-287  ,GPU=3 ,NIC=cxi3 ,numa_nodes=3     ,first_numa=3  ,other_nodes=     
Hostname=nid005801   , Rank=446  ,Local=2   ,RPN=4   ,CPUs=144-215  ,GPU=2 ,NIC=cxi2 ,numa_nodes=2     ,first_numa=2  ,other_nodes=     
Hostname=nid005592   , Rank=52   ,Local=0   ,RPN=4   ,CPUs=0-71     ,GPU=0 ,NIC=cxi0 ,numa_nodes=0     ,first_numa=0  ,other_nodes=     
Hostname=nid006527   , Rank=1001 ,Local=1   ,RPN=4   ,CPUs=72-143   ,GPU=1 ,NIC=cxi1 ,numa_nodes=1     ,first_numa=1  ,other_nodes=     
Hostname=nid005719   , Rank=336  ,Local=0   ,RPN=4   ,CPUs=0-71     ,GPU=0 ,NIC=cxi0 ,numa_nodes=0     ,first_numa=0  ,other_nodes=     
Hostname=nid005631   , Rank=132  ,Local=0   ,RPN=4   ,CPUs=0-71     ,GPU=0 ,NIC=cxi0 ,numa_nodes=0     ,first_numa=0  ,other_nodes=     
Hostname=nid006487   , Rank=946  ,Local=2   ,RPN=4   ,CPUs=144-215  ,GPU=2 ,NIC=cxi2 ,numa_nodes=2     ,first_numa=2  ,other_nodes=     
Hostname=nid005707   , Rank=308  ,Local=0   ,RPN=4   ,CPUs=0-71     ,GPU=0 ,NIC=cxi0 ,numa_nodes=0     ,first_numa=0  ,other_nodes=     
Hostname=nid006370   , Rank=678  ,Local=2   ,RPN=4   ,CPUs=144-215  ,GPU=2 ,NIC=cxi2 ,numa_nodes=2     ,first_numa=2  ,other_nodes=     
Hostname=nid005903   , Rank=573  ,Local=1   ,RPN=4   ,CPUs=72-143   ,GPU=1 ,NIC=cxi1 ,numa_nodes=1     ,first_numa=1  ,other_nodes=     
Hostname=nid006458   , Rank=907  ,Local=3   ,RPN=4   ,CPUs=216-287  ,GPU=3 ,NIC=cxi3 ,numa_nodes=3     ,first_numa=3  ,other_nodes=     
Hostname=nid005738   , Rank=353  ,Local=1   ,RPN=4   ,CPUs=72-143   ,GPU=1 ,NIC=cxi1 ,numa_nodes=1     ,first_numa=1  ,other_nodes=     
Hostname=nid006506   , Rank=971  ,Local=3   ,RPN=4   ,CPUs=216-287  ,GPU=3 ,NIC=cxi3 ,numa_nodes=3     ,first_numa=3  ,other_nodes=     
Hostname=nid006478   , Rank=920  ,Local=0   ,RPN=4   ,CPUs=0-71     ,GPU=0 ,NIC=cxi0 ,numa_nodes=0     ,first_numa=0  ,other_nodes=     
Hostname=nid006480   , Rank=929  ,Local=1   ,RPN=4   ,CPUs=72-143   ,GPU=1 ,NIC=cxi1 ,numa_nodes=1     ,first_numa=1  ,other_nodes=     
Hostname=nid006421   , Rank=821  ,Local=1   ,RPN=4   ,CPUs=72-143   ,GPU=1 ,NIC=cxi1 ,numa_nodes=1     ,first_numa=1  ,other_nodes=     
Hostname=nid005903   , Rank=572  ,Local=0   ,RPN=4   ,CPUs=0-71     ,GPU=0 ,NIC=cxi0 ,numa_nodes=0     ,first_numa=0  ,other_nodes=     
Hostname=nid006399   , Rank=760  ,Local=0   ,RPN=4   ,CPUs=0-71     ,GPU=0 ,NIC=cxi0 ,numa_nodes=0     ,first_numa=0  ,other_nodes=     
Hostname=nid006439   , Rank=876  ,Local=0   ,RPN=4   ,CPUs=0-71     ,GPU=0 ,NIC=cxi0 ,numa_nodes=0     ,first_numa=0  ,other_nodes=     
Hostname=nid006458   , Rank=905  ,Local=1   ,RPN=4   ,CPUs=72-143   ,GPU=1 ,NIC=cxi1 ,numa_nodes=1     ,first_numa=1  ,other_nodes=     
Hostname=nid005851   , Rank=517  ,Local=1   ,RPN=4   ,CPUs=72-143   ,GPU=1 ,NIC=cxi1 ,numa_nodes=1     ,first_numa=1  ,other_nodes=     
Hostname=nid005623   , Rank=109  ,Local=1   ,RPN=4   ,CPUs=72-143   ,GPU=1 ,NIC=cxi1 ,numa_nodes=1     ,first_numa=1  ,other_nodes=     
Hostname=nid006347   , Rank=631  ,Local=3   ,RPN=4   ,CPUs=216-287  ,GPU=3 ,NIC=cxi3 ,numa_nodes=3     ,first_numa=3  ,other_nodes=     
Hostname=nid006389   , Rank=731  ,Local=3   ,RPN=4   ,CPUs=216-287  ,GPU=3 ,NIC=cxi3 ,numa_nodes=3     ,first_numa=3  ,other_nodes=     
Hostname=nid005613   , Rank=99   ,Local=3   ,RPN=4   ,CPUs=216-287  ,GPU=3 ,NIC=cxi3 ,numa_nodes=3     ,first_numa=3  ,other_nodes=     
Hostname=nid006370   , Rank=676  ,Local=0   ,RPN=4   ,CPUs=0-71     ,GPU=0 ,NIC=cxi0 ,numa_nodes=0     ,first_numa=0  ,other_nodes=     
Hostname=nid006495   , Rank=963  ,Local=3   ,RPN=4   ,CPUs=216-287  ,GPU=3 ,NIC=cxi3 ,numa_nodes=3     ,first_numa=3  ,other_nodes=     
Hostname=nid005628   , Rank=122  ,Local=2   ,RPN=4   ,CPUs=144-215  ,GPU=2 ,NIC=cxi2 ,numa_nodes=2     ,first_numa=2  ,other_nodes=     
Hostname=nid005695   , Rank=282  ,Local=2   ,RPN=4   ,CPUs=144-215  ,GPU=2 ,NIC=cxi2 ,numa_nodes=2     ,first_numa=2  ,other_nodes=     
Hostname=nid005676   , Rank=239  ,Local=3   ,RPN=4   ,CPUs=216-287  ,GPU=3 ,NIC=cxi3 ,numa_nodes=3     ,first_numa=3  ,other_nodes=     
Hostname=nid005641   , Rank=167  ,Local=3   ,RPN=4   ,CPUs=216-287  ,GPU=3 ,NIC=cxi3 ,numa_nodes=3     ,first_numa=3  ,other_nodes=     
Hostname=nid005566   , Rank=15   ,Local=3   ,RPN=4   ,CPUs=216-287  ,GPU=3 ,NIC=cxi3 ,numa_nodes=3     ,first_numa=3  ,other_nodes=     
Hostname=nid005913   , Rank=596  ,Local=0   ,RPN=4   ,CPUs=0-71     ,GPU=0 ,NIC=cxi0 ,numa_nodes=0     ,first_numa=0  ,other_nodes=     
Hostname=nid006399   , Rank=761  ,Local=1   ,RPN=4   ,CPUs=72-143   ,GPU=1 ,NIC=cxi1 ,numa_nodes=1     ,first_numa=1  ,other_nodes=     
Hostname=nid005563   , Rank=5    ,Local=1   ,RPN=4   ,CPUs=72-143   ,GPU=1 ,NIC=cxi1 ,numa_nodes=1     ,first_numa=1  ,other_nodes=     
Hostname=nid006410   , Rank=792  ,Local=0   ,RPN=4   ,CPUs=0-71     ,GPU=0 ,NIC=cxi0 ,numa_nodes=0     ,first_numa=0  ,other_nodes=     
Hostname=nid005767   , Rank=381  ,Local=1   ,RPN=4   ,CPUs=72-143   ,GPU=1 ,NIC=cxi1 ,numa_nodes=1     ,first_numa=1  ,other_nodes=     
Hostname=nid005904   , Rank=579  ,Local=3   ,RPN=4   ,CPUs=216-287  ,GPU=3 ,NIC=cxi3 ,numa_nodes=3     ,first_numa=3  ,other_nodes=     
Hostname=nid006410   , Rank=794  ,Local=2   ,RPN=4   ,CPUs=144-215  ,GPU=2 ,NIC=cxi2 ,numa_nodes=2     ,first_numa=2  ,other_nodes=     
Hostname=nid005655   , Rank=190  ,Local=2   ,RPN=4   ,CPUs=144-215  ,GPU=2 ,NIC=cxi2 ,numa_nodes=2     ,first_numa=2  ,other_nodes=     
Hostname=nid006420   , Rank=819  ,Local=3   ,RPN=4   ,CPUs=216-287  ,GPU=3 ,NIC=cxi3 ,numa_nodes=3     ,first_numa=3  ,other_nodes=     
Hostname=nid005904   , Rank=576  ,Local=0   ,RPN=4   ,CPUs=0-71     ,GPU=0 ,NIC=cxi0 ,numa_nodes=0     ,first_numa=0  ,other_nodes=     
Hostname=nid005914   , Rank=603  ,Local=3   ,RPN=4   ,CPUs=216-287  ,GPU=3 ,NIC=cxi3 ,numa_nodes=3     ,first_numa=3  ,other_nodes=     
Hostname=nid006407   , Rank=787  ,Local=3   ,RPN=4   ,CPUs=216-287  ,GPU=3 ,NIC=cxi3 ,numa_nodes=3     ,first_numa=3  ,other_nodes=     
Hostname=nid006525   , Rank=993  ,Local=1   ,RPN=4   ,CPUs=72-143   ,GPU=1 ,NIC=cxi1 ,numa_nodes=1     ,first_numa=1  ,other_nodes=     
Hostname=nid005801   , Rank=445  ,Local=1   ,RPN=4   ,CPUs=72-143   ,GPU=1 ,NIC=cxi1 ,numa_nodes=1     ,first_numa=1  ,other_nodes=     
Hostname=nid006402   , Rank=773  ,Local=1   ,RPN=4   ,CPUs=72-143   ,GPU=1 ,NIC=cxi1 ,numa_nodes=1     ,first_numa=1  ,other_nodes=     
Hostname=nid005640   , Rank=162  ,Local=2   ,RPN=4   ,CPUs=144-215  ,GPU=2 ,NIC=cxi2 ,numa_nodes=2     ,first_numa=2  ,other_nodes=     
Hostname=nid006345   , Rank=624  ,Local=0   ,RPN=4   ,CPUs=0-71     ,GPU=0 ,NIC=cxi0 ,numa_nodes=0     ,first_numa=0  ,other_nodes=     
Hostname=nid005629   , Rank=124  ,Local=0   ,RPN=4   ,CPUs=0-71     ,GPU=0 ,NIC=cxi0 ,numa_nodes=0     ,first_numa=0  ,other_nodes=     
Hostname=nid006506   , Rank=969  ,Local=1   ,RPN=4   ,CPUs=72-143   ,GPU=1 ,NIC=cxi1 ,numa_nodes=1     ,first_numa=1  ,other_nodes=     
Hostname=nid005598   , Rank=63   ,Local=3   ,RPN=4   ,CPUs=216-287  ,GPU=3 ,NIC=cxi3 ,numa_nodes=3     ,first_numa=3  ,other_nodes=     
Hostname=nid005851   , Rank=519  ,Local=3   ,RPN=4   ,CPUs=216-287  ,GPU=3 ,NIC=cxi3 ,numa_nodes=3     ,first_numa=3  ,other_nodes=     
Hostname=nid006520   , Rank=979  ,Local=3   ,RPN=4   ,CPUs=216-287  ,GPU=3 ,NIC=cxi3 ,numa_nodes=3     ,first_numa=3  ,other_nodes=     
Hostname=nid005690   , Rank=271  ,Local=3   ,RPN=4   ,CPUs=216-287  ,GPU=3 ,NIC=cxi3 ,numa_nodes=3     ,first_numa=3  ,other_nodes=     
Hostname=nid005640   , Rank=160  ,Local=0   ,RPN=4   ,CPUs=0-71     ,GPU=0 ,NIC=cxi0 ,numa_nodes=0     ,first_numa=0  ,other_nodes=     
Hostname=nid005622   , Rank=104  ,Local=0   ,RPN=4   ,CPUs=0-71     ,GPU=0 ,NIC=cxi0 ,numa_nodes=0     ,first_numa=0  ,other_nodes=     
Hostname=nid005599   , Rank=64   ,Local=0   ,RPN=4   ,CPUs=0-71     ,GPU=0 ,NIC=cxi0 ,numa_nodes=0     ,first_numa=0  ,other_nodes=     
Hostname=nid006428   , Rank=841  ,Local=1   ,RPN=4   ,CPUs=72-143   ,GPU=1 ,NIC=cxi1 ,numa_nodes=1     ,first_numa=1  ,other_nodes=     
Hostname=nid006363   , Rank=664  ,Local=0   ,RPN=4   ,CPUs=0-71     ,GPU=0 ,NIC=cxi0 ,numa_nodes=0     ,first_numa=0  ,other_nodes=     
Hostname=nid005791   , Rank=432  ,Local=0   ,RPN=4   ,CPUs=0-71     ,GPU=0 ,NIC=cxi0 ,numa_nodes=0     ,first_numa=0  ,other_nodes=     
Hostname=nid005660   , Rank=204  ,Local=0   ,RPN=4   ,CPUs=0-71     ,GPU=0 ,NIC=cxi0 ,numa_nodes=0     ,first_numa=0  ,other_nodes=     
Hostname=nid005849   , Rank=512  ,Local=0   ,RPN=4   ,CPUs=0-71     ,GPU=0 ,NIC=cxi0 ,numa_nodes=0     ,first_numa=0  ,other_nodes=     
Hostname=nid005680   , Rank=244  ,Local=0   ,RPN=4   ,CPUs=0-71     ,GPU=0 ,NIC=cxi0 ,numa_nodes=0     ,first_numa=0  ,other_nodes=     
Hostname=nid005628   , Rank=121  ,Local=1   ,RPN=4   ,CPUs=72-143   ,GPU=1 ,NIC=cxi1 ,numa_nodes=1     ,first_numa=1  ,other_nodes=     
Hostname=nid005566   , Rank=13   ,Local=1   ,RPN=4   ,CPUs=72-143   ,GPU=1 ,NIC=cxi1 ,numa_nodes=1     ,first_numa=1  ,other_nodes=     
Hostname=nid005655   , Rank=189  ,Local=1   ,RPN=4   ,CPUs=72-143   ,GPU=1 ,NIC=cxi1 ,numa_nodes=1     ,first_numa=1  ,other_nodes=     
Hostname=nid006495   , Rank=962  ,Local=2   ,RPN=4   ,CPUs=144-215  ,GPU=2 ,NIC=cxi2 ,numa_nodes=2     ,first_numa=2  ,other_nodes=     
Hostname=nid006402   , Rank=775  ,Local=3   ,RPN=4   ,CPUs=216-287  ,GPU=3 ,NIC=cxi3 ,numa_nodes=3     ,first_numa=3  ,other_nodes=     
Hostname=nid005903   , Rank=574  ,Local=2   ,RPN=4   ,CPUs=144-215  ,GPU=2 ,NIC=cxi2 ,numa_nodes=2     ,first_numa=2  ,other_nodes=     
Hostname=nid005623   , Rank=111  ,Local=3   ,RPN=4   ,CPUs=216-287  ,GPU=3 ,NIC=cxi3 ,numa_nodes=3     ,first_numa=3  ,other_nodes=     
Hostname=nid006425   , Rank=834  ,Local=2   ,RPN=4   ,CPUs=144-215  ,GPU=2 ,NIC=cxi2 ,numa_nodes=2     ,first_numa=2  ,other_nodes=     
Hostname=nid006535   , Rank=1013 ,Local=1   ,RPN=4   ,CPUs=72-143   ,GPU=1 ,NIC=cxi1 ,numa_nodes=1     ,first_numa=1  ,other_nodes=     
Hostname=nid005676   , Rank=236  ,Local=0   ,RPN=4   ,CPUs=0-71     ,GPU=0 ,NIC=cxi0 ,numa_nodes=0     ,first_numa=0  ,other_nodes=     
Hostname=nid006410   , Rank=793  ,Local=1   ,RPN=4   ,CPUs=72-143   ,GPU=1 ,NIC=cxi1 ,numa_nodes=1     ,first_numa=1  ,other_nodes=     
Hostname=nid005777   , Rank=397  ,Local=1   ,RPN=4   ,CPUs=72-143   ,GPU=1 ,NIC=cxi1 ,numa_nodes=1     ,first_numa=1  ,other_nodes=     
Hostname=nid006399   , Rank=762  ,Local=2   ,RPN=4   ,CPUs=144-215  ,GPU=2 ,NIC=cxi2 ,numa_nodes=2     ,first_numa=2  ,other_nodes=     
Hostname=nid006429   , Rank=846  ,Local=2   ,RPN=4   ,CPUs=144-215  ,GPU=2 ,NIC=cxi2 ,numa_nodes=2     ,first_numa=2  ,other_nodes=     
Hostname=nid005676   , Rank=237  ,Local=1   ,RPN=4   ,CPUs=72-143   ,GPU=1 ,NIC=cxi1 ,numa_nodes=1     ,first_numa=1  ,other_nodes=     
Hostname=nid006381   , Rank=710  ,Local=2   ,RPN=4   ,CPUs=144-215  ,GPU=2 ,NIC=cxi2 ,numa_nodes=2     ,first_numa=2  ,other_nodes=     
Hostname=nid006406   , Rank=783  ,Local=3   ,RPN=4   ,CPUs=216-287  ,GPU=3 ,NIC=cxi3 ,numa_nodes=3     ,first_numa=3  ,other_nodes=     
Hostname=nid005791   , Rank=434  ,Local=2   ,RPN=4   ,CPUs=144-215  ,GPU=2 ,NIC=cxi2 ,numa_nodes=2     ,first_numa=2  ,other_nodes=     
Hostname=nid005693   , Rank=277  ,Local=1   ,RPN=4   ,CPUs=72-143   ,GPU=1 ,NIC=cxi1 ,numa_nodes=1     ,first_numa=1  ,other_nodes=     
Hostname=nid006356   , Rank=654  ,Local=2   ,RPN=4   ,CPUs=144-215  ,GPU=2 ,NIC=cxi2 ,numa_nodes=2     ,first_numa=2  ,other_nodes=     
Hostname=nid005910   , Rank=589  ,Local=1   ,RPN=4   ,CPUs=72-143   ,GPU=1 ,NIC=cxi1 ,numa_nodes=1     ,first_numa=1  ,other_nodes=     
Hostname=nid005623   , Rank=108  ,Local=0   ,RPN=4   ,CPUs=0-71     ,GPU=0 ,NIC=cxi0 ,numa_nodes=0     ,first_numa=0  ,other_nodes=     
Hostname=nid005872   , Rank=545  ,Local=1   ,RPN=4   ,CPUs=72-143   ,GPU=1 ,NIC=cxi1 ,numa_nodes=1     ,first_numa=1  ,other_nodes=     
Hostname=nid005908   , Rank=582  ,Local=2   ,RPN=4   ,CPUs=144-215  ,GPU=2 ,NIC=cxi2 ,numa_nodes=2     ,first_numa=2  ,other_nodes=     
Hostname=nid005933   , Rank=621  ,Local=1   ,RPN=4   ,CPUs=72-143   ,GPU=1 ,NIC=cxi1 ,numa_nodes=1     ,first_numa=1  ,other_nodes=     
Hostname=nid005781   , Rank=406  ,Local=2   ,RPN=4   ,CPUs=144-215  ,GPU=2 ,NIC=cxi2 ,numa_nodes=2     ,first_numa=2  ,other_nodes=     
Hostname=nid006439   , Rank=877  ,Local=1   ,RPN=4   ,CPUs=72-143   ,GPU=1 ,NIC=cxi1 ,numa_nodes=1     ,first_numa=1  ,other_nodes=     
Hostname=nid005628   , Rank=123  ,Local=3   ,RPN=4   ,CPUs=216-287  ,GPU=3 ,NIC=cxi3 ,numa_nodes=3     ,first_numa=3  ,other_nodes=     
Hostname=nid005851   , Rank=518  ,Local=2   ,RPN=4   ,CPUs=144-215  ,GPU=2 ,NIC=cxi2 ,numa_nodes=2     ,first_numa=2  ,other_nodes=     
Hostname=nid005660   , Rank=206  ,Local=2   ,RPN=4   ,CPUs=144-215  ,GPU=2 ,NIC=cxi2 ,numa_nodes=2     ,first_numa=2  ,other_nodes=     
Hostname=nid005693   , Rank=276  ,Local=0   ,RPN=4   ,CPUs=0-71     ,GPU=0 ,NIC=cxi0 ,numa_nodes=0     ,first_numa=0  ,other_nodes=     
Hostname=nid006381   , Rank=708  ,Local=0   ,RPN=4   ,CPUs=0-71     ,GPU=0 ,NIC=cxi0 ,numa_nodes=0     ,first_numa=0  ,other_nodes=     
Hostname=nid005781   , Rank=404  ,Local=0   ,RPN=4   ,CPUs=0-71     ,GPU=0 ,NIC=cxi0 ,numa_nodes=0     ,first_numa=0  ,other_nodes=     
Hostname=nid005637   , Rank=151  ,Local=3   ,RPN=4   ,CPUs=216-287  ,GPU=3 ,NIC=cxi3 ,numa_nodes=3     ,first_numa=3  ,other_nodes=     
Hostname=nid006451   , Rank=897  ,Local=1   ,RPN=4   ,CPUs=72-143   ,GPU=1 ,NIC=cxi1 ,numa_nodes=1     ,first_numa=1  ,other_nodes=     
Hostname=nid005881   , Rank=557  ,Local=1   ,RPN=4   ,CPUs=72-143   ,GPU=1 ,NIC=cxi1 ,numa_nodes=1     ,first_numa=1  ,other_nodes=     
Hostname=nid005908   , Rank=583  ,Local=3   ,RPN=4   ,CPUs=216-287  ,GPU=3 ,NIC=cxi3 ,numa_nodes=3     ,first_numa=3  ,other_nodes=     
Hostname=nid005756   , Rank=368  ,Local=0   ,RPN=4   ,CPUs=0-71     ,GPU=0 ,NIC=cxi0 ,numa_nodes=0     ,first_numa=0  ,other_nodes=     
Hostname=nid005637   , Rank=150  ,Local=2   ,RPN=4   ,CPUs=144-215  ,GPU=2 ,NIC=cxi2 ,numa_nodes=2     ,first_numa=2  ,other_nodes=     
Hostname=nid006356   , Rank=655  ,Local=3   ,RPN=4   ,CPUs=216-287  ,GPU=3 ,NIC=cxi3 ,numa_nodes=3     ,first_numa=3  ,other_nodes=     
Hostname=nid006358   , Rank=656  ,Local=0   ,RPN=4   ,CPUs=0-71     ,GPU=0 ,NIC=cxi0 ,numa_nodes=0     ,first_numa=0  ,other_nodes=     
Hostname=nid006399   , Rank=763  ,Local=3   ,RPN=4   ,CPUs=216-287  ,GPU=3 ,NIC=cxi3 ,numa_nodes=3     ,first_numa=3  ,other_nodes=     
Hostname=nid005576   , Rank=28   ,Local=0   ,RPN=4   ,CPUs=0-71     ,GPU=0 ,NIC=cxi0 ,numa_nodes=0     ,first_numa=0  ,other_nodes=     
Hostname=nid005690   , Rank=270  ,Local=2   ,RPN=4   ,CPUs=144-215  ,GPU=2 ,NIC=cxi2 ,numa_nodes=2     ,first_numa=2  ,other_nodes=     
Hostname=nid005783   , Rank=414  ,Local=2   ,RPN=4   ,CPUs=144-215  ,GPU=2 ,NIC=cxi2 ,numa_nodes=2     ,first_numa=2  ,other_nodes=     
Hostname=nid005746   , Rank=356  ,Local=0   ,RPN=4   ,CPUs=0-71     ,GPU=0 ,NIC=cxi0 ,numa_nodes=0     ,first_numa=0  ,other_nodes=     
Hostname=nid005849   , Rank=515  ,Local=3   ,RPN=4   ,CPUs=216-287  ,GPU=3 ,NIC=cxi3 ,numa_nodes=3     ,first_numa=3  ,other_nodes=     
Hostname=nid005912   , Rank=593  ,Local=1   ,RPN=4   ,CPUs=72-143   ,GPU=1 ,NIC=cxi1 ,numa_nodes=1     ,first_numa=1  ,other_nodes=     
Hostname=nid006464   , Rank=915  ,Local=3   ,RPN=4   ,CPUs=216-287  ,GPU=3 ,NIC=cxi3 ,numa_nodes=3     ,first_numa=3  ,other_nodes=     
Hostname=nid005909   , Rank=586  ,Local=2   ,RPN=4   ,CPUs=144-215  ,GPU=2 ,NIC=cxi2 ,numa_nodes=2     ,first_numa=2  ,other_nodes=     
Hostname=nid005690   , Rank=268  ,Local=0   ,RPN=4   ,CPUs=0-71     ,GPU=0 ,NIC=cxi0 ,numa_nodes=0     ,first_numa=0  ,other_nodes=     
Hostname=nid005634   , Rank=141  ,Local=1   ,RPN=4   ,CPUs=72-143   ,GPU=1 ,NIC=cxi1 ,numa_nodes=1     ,first_numa=1  ,other_nodes=     
Hostname=nid005909   , Rank=585  ,Local=1   ,RPN=4   ,CPUs=72-143   ,GPU=1 ,NIC=cxi1 ,numa_nodes=1     ,first_numa=1  ,other_nodes=     
Hostname=nid006414   , Rank=800  ,Local=0   ,RPN=4   ,CPUs=0-71     ,GPU=0 ,NIC=cxi0 ,numa_nodes=0     ,first_numa=0  ,other_nodes=     
Hostname=nid005849   , Rank=513  ,Local=1   ,RPN=4   ,CPUs=72-143   ,GPU=1 ,NIC=cxi1 ,numa_nodes=1     ,first_numa=1  ,other_nodes=     
Hostname=nid005611   , Rank=88   ,Local=0   ,RPN=4   ,CPUs=0-71     ,GPU=0 ,NIC=cxi0 ,numa_nodes=0     ,first_numa=0  ,other_nodes=     
Hostname=nid006400   , Rank=765  ,Local=1   ,RPN=4   ,CPUs=72-143   ,GPU=1 ,NIC=cxi1 ,numa_nodes=1     ,first_numa=1  ,other_nodes=     
Hostname=nid006428   , Rank=843  ,Local=3   ,RPN=4   ,CPUs=216-287  ,GPU=3 ,NIC=cxi3 ,numa_nodes=3     ,first_numa=3  ,other_nodes=     
Hostname=nid006402   , Rank=774  ,Local=2   ,RPN=4   ,CPUs=144-215  ,GPU=2 ,NIC=cxi2 ,numa_nodes=2     ,first_numa=2  ,other_nodes=     
Hostname=nid005679   , Rank=240  ,Local=0   ,RPN=4   ,CPUs=0-71     ,GPU=0 ,NIC=cxi0 ,numa_nodes=0     ,first_numa=0  ,other_nodes=     
Hostname=nid006374   , Rank=693  ,Local=1   ,RPN=4   ,CPUs=72-143   ,GPU=1 ,NIC=cxi1 ,numa_nodes=1     ,first_numa=1  ,other_nodes=     
Hostname=nid005886   , Rank=567  ,Local=3   ,RPN=4   ,CPUs=216-287  ,GPU=3 ,NIC=cxi3 ,numa_nodes=3     ,first_numa=3  ,other_nodes=     
Hostname=nid005676   , Rank=238  ,Local=2   ,RPN=4   ,CPUs=144-215  ,GPU=2 ,NIC=cxi2 ,numa_nodes=2     ,first_numa=2  ,other_nodes=     
Hostname=nid005822   , Rank=480  ,Local=0   ,RPN=4   ,CPUs=0-71     ,GPU=0 ,NIC=cxi0 ,numa_nodes=0     ,first_numa=0  ,other_nodes=     
Hostname=nid006488   , Rank=950  ,Local=2   ,RPN=4   ,CPUs=144-215  ,GPU=2 ,NIC=cxi2 ,numa_nodes=2     ,first_numa=2  ,other_nodes=     
Hostname=nid005599   , Rank=65   ,Local=1   ,RPN=4   ,CPUs=72-143   ,GPU=1 ,NIC=cxi1 ,numa_nodes=1     ,first_numa=1  ,other_nodes=     
Hostname=nid005805   , Rank=460  ,Local=0   ,RPN=4   ,CPUs=0-71     ,GPU=0 ,NIC=cxi0 ,numa_nodes=0     ,first_numa=0  ,other_nodes=     
Hostname=nid006447   , Rank=891  ,Local=3   ,RPN=4   ,CPUs=216-287  ,GPU=3 ,NIC=cxi3 ,numa_nodes=3     ,first_numa=3  ,other_nodes=     
Hostname=nid006478   , Rank=921  ,Local=1   ,RPN=4   ,CPUs=72-143   ,GPU=1 ,NIC=cxi1 ,numa_nodes=1     ,first_numa=1  ,other_nodes=     
Hostname=nid005576   , Rank=30   ,Local=2   ,RPN=4   ,CPUs=144-215  ,GPU=2 ,NIC=cxi2 ,numa_nodes=2     ,first_numa=2  ,other_nodes=     
Hostname=nid005791   , Rank=433  ,Local=1   ,RPN=4   ,CPUs=72-143   ,GPU=1 ,NIC=cxi1 ,numa_nodes=1     ,first_numa=1  ,other_nodes=     
Hostname=nid005685   , Rank=255  ,Local=3   ,RPN=4   ,CPUs=216-287  ,GPU=3 ,NIC=cxi3 ,numa_nodes=3     ,first_numa=3  ,other_nodes=     
Hostname=nid005612   , Rank=95   ,Local=3   ,RPN=4   ,CPUs=216-287  ,GPU=3 ,NIC=cxi3 ,numa_nodes=3     ,first_numa=3  ,other_nodes=     
Hostname=nid005637   , Rank=149  ,Local=1   ,RPN=4   ,CPUs=72-143   ,GPU=1 ,NIC=cxi1 ,numa_nodes=1     ,first_numa=1  ,other_nodes=     
Hostname=nid005649   , Rank=180  ,Local=0   ,RPN=4   ,CPUs=0-71     ,GPU=0 ,NIC=cxi0 ,numa_nodes=0     ,first_numa=0  ,other_nodes=     
Hostname=nid005802   , Rank=451  ,Local=3   ,RPN=4   ,CPUs=216-287  ,GPU=3 ,NIC=cxi3 ,numa_nodes=3     ,first_numa=3  ,other_nodes=     
Hostname=nid006459   , Rank=908  ,Local=0   ,RPN=4   ,CPUs=0-71     ,GPU=0 ,NIC=cxi0 ,numa_nodes=0     ,first_numa=0  ,other_nodes=     
Hostname=nid006379   , Rank=707  ,Local=3   ,RPN=4   ,CPUs=216-287  ,GPU=3 ,NIC=cxi3 ,numa_nodes=3     ,first_numa=3  ,other_nodes=     
Hostname=nid005781   , Rank=407  ,Local=3   ,RPN=4   ,CPUs=216-287  ,GPU=3 ,NIC=cxi3 ,numa_nodes=3     ,first_numa=3  ,other_nodes=     
Hostname=nid005693   , Rank=278  ,Local=2   ,RPN=4   ,CPUs=144-215  ,GPU=2 ,NIC=cxi2 ,numa_nodes=2     ,first_numa=2  ,other_nodes=     
Hostname=nid005721   , Rank=341  ,Local=1   ,RPN=4   ,CPUs=72-143   ,GPU=1 ,NIC=cxi1 ,numa_nodes=1     ,first_numa=1  ,other_nodes=     
Hostname=nid005893   , Rank=569  ,Local=1   ,RPN=4   ,CPUs=72-143   ,GPU=1 ,NIC=cxi1 ,numa_nodes=1     ,first_numa=1  ,other_nodes=     
Hostname=nid005908   , Rank=581  ,Local=1   ,RPN=4   ,CPUs=72-143   ,GPU=1 ,NIC=cxi1 ,numa_nodes=1     ,first_numa=1  ,other_nodes=     
Hostname=nid006389   , Rank=728  ,Local=0   ,RPN=4   ,CPUs=0-71     ,GPU=0 ,NIC=cxi0 ,numa_nodes=0     ,first_numa=0  ,other_nodes=     
Hostname=nid006525   , Rank=994  ,Local=2   ,RPN=4   ,CPUs=144-215  ,GPU=2 ,NIC=cxi2 ,numa_nodes=2     ,first_numa=2  ,other_nodes=     
Hostname=nid005783   , Rank=415  ,Local=3   ,RPN=4   ,CPUs=216-287  ,GPU=3 ,NIC=cxi3 ,numa_nodes=3     ,first_numa=3  ,other_nodes=     
Hostname=nid005790   , Rank=429  ,Local=1   ,RPN=4   ,CPUs=72-143   ,GPU=1 ,NIC=cxi1 ,numa_nodes=1     ,first_numa=1  ,other_nodes=     
Hostname=nid006411   , Rank=796  ,Local=0   ,RPN=4   ,CPUs=0-71     ,GPU=0 ,NIC=cxi0 ,numa_nodes=0     ,first_numa=0  ,other_nodes=     
Hostname=nid005611   , Rank=90   ,Local=2   ,RPN=4   ,CPUs=144-215  ,GPU=2 ,NIC=cxi2 ,numa_nodes=2     ,first_numa=2  ,other_nodes=     
Hostname=nid006381   , Rank=711  ,Local=3   ,RPN=4   ,CPUs=216-287  ,GPU=3 ,NIC=cxi3 ,numa_nodes=3     ,first_numa=3  ,other_nodes=     
Hostname=nid006447   , Rank=890  ,Local=2   ,RPN=4   ,CPUs=144-215  ,GPU=2 ,NIC=cxi2 ,numa_nodes=2     ,first_numa=2  ,other_nodes=     
Hostname=nid006356   , Rank=652  ,Local=0   ,RPN=4   ,CPUs=0-71     ,GPU=0 ,NIC=cxi0 ,numa_nodes=0     ,first_numa=0  ,other_nodes=     
Hostname=nid006428   , Rank=842  ,Local=2   ,RPN=4   ,CPUs=144-215  ,GPU=2 ,NIC=cxi2 ,numa_nodes=2     ,first_numa=2  ,other_nodes=     
Hostname=nid005667   , Rank=220  ,Local=0   ,RPN=4   ,CPUs=0-71     ,GPU=0 ,NIC=cxi0 ,numa_nodes=0     ,first_numa=0  ,other_nodes=     
Hostname=nid005791   , Rank=435  ,Local=3   ,RPN=4   ,CPUs=216-287  ,GPU=3 ,NIC=cxi3 ,numa_nodes=3     ,first_numa=3  ,other_nodes=     
Hostname=nid005679   , Rank=242  ,Local=2   ,RPN=4   ,CPUs=144-215  ,GPU=2 ,NIC=cxi2 ,numa_nodes=2     ,first_numa=2  ,other_nodes=     
Hostname=nid005808   , Rank=468  ,Local=0   ,RPN=4   ,CPUs=0-71     ,GPU=0 ,NIC=cxi0 ,numa_nodes=0     ,first_numa=0  ,other_nodes=     
Hostname=nid005805   , Rank=462  ,Local=2   ,RPN=4   ,CPUs=144-215  ,GPU=2 ,NIC=cxi2 ,numa_nodes=2     ,first_numa=2  ,other_nodes=     
Hostname=nid005660   , Rank=207  ,Local=3   ,RPN=4   ,CPUs=216-287  ,GPU=3 ,NIC=cxi3 ,numa_nodes=3     ,first_numa=3  ,other_nodes=     
Hostname=nid005872   , Rank=547  ,Local=3   ,RPN=4   ,CPUs=216-287  ,GPU=3 ,NIC=cxi3 ,numa_nodes=3     ,first_numa=3  ,other_nodes=     
Hostname=nid005783   , Rank=413  ,Local=1   ,RPN=4   ,CPUs=72-143   ,GPU=1 ,NIC=cxi1 ,numa_nodes=1     ,first_numa=1  ,other_nodes=     
Hostname=nid005933   , Rank=623  ,Local=3   ,RPN=4   ,CPUs=216-287  ,GPU=3 ,NIC=cxi3 ,numa_nodes=3     ,first_numa=3  ,other_nodes=     
Hostname=nid005611   , Rank=89   ,Local=1   ,RPN=4   ,CPUs=72-143   ,GPU=1 ,NIC=cxi1 ,numa_nodes=1     ,first_numa=1  ,other_nodes=     
Hostname=nid005881   , Rank=559  ,Local=3   ,RPN=4   ,CPUs=216-287  ,GPU=3 ,NIC=cxi3 ,numa_nodes=3     ,first_numa=3  ,other_nodes=     
Hostname=nid006447   , Rank=889  ,Local=1   ,RPN=4   ,CPUs=72-143   ,GPU=1 ,NIC=cxi1 ,numa_nodes=1     ,first_numa=1  ,other_nodes=     
Hostname=nid006480   , Rank=928  ,Local=0   ,RPN=4   ,CPUs=0-71     ,GPU=0 ,NIC=cxi0 ,numa_nodes=0     ,first_numa=0  ,other_nodes=     
Hostname=nid005839   , Rank=497  ,Local=1   ,RPN=4   ,CPUs=72-143   ,GPU=1 ,NIC=cxi1 ,numa_nodes=1     ,first_numa=1  ,other_nodes=     
Hostname=nid006400   , Rank=764  ,Local=0   ,RPN=4   ,CPUs=0-71     ,GPU=0 ,NIC=cxi0 ,numa_nodes=0     ,first_numa=0  ,other_nodes=     
Hostname=nid005849   , Rank=514  ,Local=2   ,RPN=4   ,CPUs=144-215  ,GPU=2 ,NIC=cxi2 ,numa_nodes=2     ,first_numa=2  ,other_nodes=     
Hostname=nid006395   , Rank=746  ,Local=2   ,RPN=4   ,CPUs=144-215  ,GPU=2 ,NIC=cxi2 ,numa_nodes=2     ,first_numa=2  ,other_nodes=     
Hostname=nid006374   , Rank=694  ,Local=2   ,RPN=4   ,CPUs=144-215  ,GPU=2 ,NIC=cxi2 ,numa_nodes=2     ,first_numa=2  ,other_nodes=     
Hostname=nid006459   , Rank=911  ,Local=3   ,RPN=4   ,CPUs=216-287  ,GPU=3 ,NIC=cxi3 ,numa_nodes=3     ,first_numa=3  ,other_nodes=     
Hostname=nid006397   , Rank=754  ,Local=2   ,RPN=4   ,CPUs=144-215  ,GPU=2 ,NIC=cxi2 ,numa_nodes=2     ,first_numa=2  ,other_nodes=     
Hostname=nid005793   , Rank=436  ,Local=0   ,RPN=4   ,CPUs=0-71     ,GPU=0 ,NIC=cxi0 ,numa_nodes=0     ,first_numa=0  ,other_nodes=     
Hostname=nid005793   , Rank=437  ,Local=1   ,RPN=4   ,CPUs=72-143   ,GPU=1 ,NIC=cxi1 ,numa_nodes=1     ,first_numa=1  ,other_nodes=     
Hostname=nid006464   , Rank=912  ,Local=0   ,RPN=4   ,CPUs=0-71     ,GPU=0 ,NIC=cxi0 ,numa_nodes=0     ,first_numa=0  ,other_nodes=     
Hostname=nid006464   , Rank=914  ,Local=2   ,RPN=4   ,CPUs=144-215  ,GPU=2 ,NIC=cxi2 ,numa_nodes=2     ,first_numa=2  ,other_nodes=     
Hostname=nid006392   , Rank=737  ,Local=1   ,RPN=4   ,CPUs=72-143   ,GPU=1 ,NIC=cxi1 ,numa_nodes=1     ,first_numa=1  ,other_nodes=     
Hostname=nid006345   , Rank=625  ,Local=1   ,RPN=4   ,CPUs=72-143   ,GPU=1 ,NIC=cxi1 ,numa_nodes=1     ,first_numa=1  ,other_nodes=     
Hostname=nid005567   , Rank=17   ,Local=1   ,RPN=4   ,CPUs=72-143   ,GPU=1 ,NIC=cxi1 ,numa_nodes=1     ,first_numa=1  ,other_nodes=     
Hostname=nid005641   , Rank=165  ,Local=1   ,RPN=4   ,CPUs=72-143   ,GPU=1 ,NIC=cxi1 ,numa_nodes=1     ,first_numa=1  ,other_nodes=     
Hostname=nid005576   , Rank=29   ,Local=1   ,RPN=4   ,CPUs=72-143   ,GPU=1 ,NIC=cxi1 ,numa_nodes=1     ,first_numa=1  ,other_nodes=     
Hostname=nid005680   , Rank=245  ,Local=1   ,RPN=4   ,CPUs=72-143   ,GPU=1 ,NIC=cxi1 ,numa_nodes=1     ,first_numa=1  ,other_nodes=     
Hostname=nid006388   , Rank=724  ,Local=0   ,RPN=4   ,CPUs=0-71     ,GPU=0 ,NIC=cxi0 ,numa_nodes=0     ,first_numa=0  ,other_nodes=     
Hostname=nid006389   , Rank=729  ,Local=1   ,RPN=4   ,CPUs=72-143   ,GPU=1 ,NIC=cxi1 ,numa_nodes=1     ,first_numa=1  ,other_nodes=     
Hostname=nid005634   , Rank=142  ,Local=2   ,RPN=4   ,CPUs=144-215  ,GPU=2 ,NIC=cxi2 ,numa_nodes=2     ,first_numa=2  ,other_nodes=     
Hostname=nid006525   , Rank=995  ,Local=3   ,RPN=4   ,CPUs=216-287  ,GPU=3 ,NIC=cxi3 ,numa_nodes=3     ,first_numa=3  ,other_nodes=     
Hostname=nid006406   , Rank=780  ,Local=0   ,RPN=4   ,CPUs=0-71     ,GPU=0 ,NIC=cxi0 ,numa_nodes=0     ,first_numa=0  ,other_nodes=     
Hostname=nid005913   , Rank=597  ,Local=1   ,RPN=4   ,CPUs=72-143   ,GPU=1 ,NIC=cxi1 ,numa_nodes=1     ,first_numa=1  ,other_nodes=     
Hostname=nid006451   , Rank=899  ,Local=3   ,RPN=4   ,CPUs=216-287  ,GPU=3 ,NIC=cxi3 ,numa_nodes=3     ,first_numa=3  ,other_nodes=     
Hostname=nid006395   , Rank=744  ,Local=0   ,RPN=4   ,CPUs=0-71     ,GPU=0 ,NIC=cxi0 ,numa_nodes=0     ,first_numa=0  ,other_nodes=     
Hostname=nid006395   , Rank=747  ,Local=3   ,RPN=4   ,CPUs=216-287  ,GPU=3 ,NIC=cxi3 ,numa_nodes=3     ,first_numa=3  ,other_nodes=     
Hostname=nid005578   , Rank=37   ,Local=1   ,RPN=4   ,CPUs=72-143   ,GPU=1 ,NIC=cxi1 ,numa_nodes=1     ,first_numa=1  ,other_nodes=     
Hostname=nid005631   , Rank=133  ,Local=1   ,RPN=4   ,CPUs=72-143   ,GPU=1 ,NIC=cxi1 ,numa_nodes=1     ,first_numa=1  ,other_nodes=     
Hostname=nid006525   , Rank=992  ,Local=0   ,RPN=4   ,CPUs=0-71     ,GPU=0 ,NIC=cxi0 ,numa_nodes=0     ,first_numa=0  ,other_nodes=     
Hostname=nid006439   , Rank=878  ,Local=2   ,RPN=4   ,CPUs=144-215  ,GPU=2 ,NIC=cxi2 ,numa_nodes=2     ,first_numa=2  ,other_nodes=     
Hostname=nid005604   , Rank=76   ,Local=0   ,RPN=4   ,CPUs=0-71     ,GPU=0 ,NIC=cxi0 ,numa_nodes=0     ,first_numa=0  ,other_nodes=     
Hostname=nid006429   , Rank=845  ,Local=1   ,RPN=4   ,CPUs=72-143   ,GPU=1 ,NIC=cxi1 ,numa_nodes=1     ,first_numa=1  ,other_nodes=     
Hostname=nid005822   , Rank=483  ,Local=3   ,RPN=4   ,CPUs=216-287  ,GPU=3 ,NIC=cxi3 ,numa_nodes=3     ,first_numa=3  ,other_nodes=     
Hostname=nid005679   , Rank=241  ,Local=1   ,RPN=4   ,CPUs=72-143   ,GPU=1 ,NIC=cxi1 ,numa_nodes=1     ,first_numa=1  ,other_nodes=     
Hostname=nid005790   , Rank=431  ,Local=3   ,RPN=4   ,CPUs=216-287  ,GPU=3 ,NIC=cxi3 ,numa_nodes=3     ,first_numa=3  ,other_nodes=     
Hostname=nid005837   , Rank=492  ,Local=0   ,RPN=4   ,CPUs=0-71     ,GPU=0 ,NIC=cxi0 ,numa_nodes=0     ,first_numa=0  ,other_nodes=     
Hostname=nid006415   , Rank=807  ,Local=3   ,RPN=4   ,CPUs=216-287  ,GPU=3 ,NIC=cxi3 ,numa_nodes=3     ,first_numa=3  ,other_nodes=     
Hostname=nid006425   , Rank=833  ,Local=1   ,RPN=4   ,CPUs=72-143   ,GPU=1 ,NIC=cxi1 ,numa_nodes=1     ,first_numa=1  ,other_nodes=     
Hostname=nid005793   , Rank=438  ,Local=2   ,RPN=4   ,CPUs=144-215  ,GPU=2 ,NIC=cxi2 ,numa_nodes=2     ,first_numa=2  ,other_nodes=     
Hostname=nid006353   , Rank=646  ,Local=2   ,RPN=4   ,CPUs=144-215  ,GPU=2 ,NIC=cxi2 ,numa_nodes=2     ,first_numa=2  ,other_nodes=     
Hostname=nid005647   , Rank=179  ,Local=3   ,RPN=4   ,CPUs=216-287  ,GPU=3 ,NIC=cxi3 ,numa_nodes=3     ,first_numa=3  ,other_nodes=     
Hostname=nid005787   , Rank=425  ,Local=1   ,RPN=4   ,CPUs=72-143   ,GPU=1 ,NIC=cxi1 ,numa_nodes=1     ,first_numa=1  ,other_nodes=     
Hostname=nid005933   , Rank=622  ,Local=2   ,RPN=4   ,CPUs=144-215  ,GPU=2 ,NIC=cxi2 ,numa_nodes=2     ,first_numa=2  ,other_nodes=     
Hostname=nid006397   , Rank=755  ,Local=3   ,RPN=4   ,CPUs=216-287  ,GPU=3 ,NIC=cxi3 ,numa_nodes=3     ,first_numa=3  ,other_nodes=     
Hostname=nid006411   , Rank=797  ,Local=1   ,RPN=4   ,CPUs=72-143   ,GPU=1 ,NIC=cxi1 ,numa_nodes=1     ,first_numa=1  ,other_nodes=     
Hostname=nid005693   , Rank=279  ,Local=3   ,RPN=4   ,CPUs=216-287  ,GPU=3 ,NIC=cxi3 ,numa_nodes=3     ,first_numa=3  ,other_nodes=     
Hostname=nid006350   , Rank=638  ,Local=2   ,RPN=4   ,CPUs=144-215  ,GPU=2 ,NIC=cxi2 ,numa_nodes=2     ,first_numa=2  ,other_nodes=     
Hostname=nid006397   , Rank=752  ,Local=0   ,RPN=4   ,CPUs=0-71     ,GPU=0 ,NIC=cxi0 ,numa_nodes=0     ,first_numa=0  ,other_nodes=     
Hostname=nid005884   , Rank=560  ,Local=0   ,RPN=4   ,CPUs=0-71     ,GPU=0 ,NIC=cxi0 ,numa_nodes=0     ,first_numa=0  ,other_nodes=     
Hostname=nid005599   , Rank=67   ,Local=3   ,RPN=4   ,CPUs=216-287  ,GPU=3 ,NIC=cxi3 ,numa_nodes=3     ,first_numa=3  ,other_nodes=     
Hostname=nid006406   , Rank=782  ,Local=2   ,RPN=4   ,CPUs=144-215  ,GPU=2 ,NIC=cxi2 ,numa_nodes=2     ,first_numa=2  ,other_nodes=     
Hostname=nid005881   , Rank=558  ,Local=2   ,RPN=4   ,CPUs=144-215  ,GPU=2 ,NIC=cxi2 ,numa_nodes=2     ,first_numa=2  ,other_nodes=     
Hostname=nid005721   , Rank=342  ,Local=2   ,RPN=4   ,CPUs=144-215  ,GPU=2 ,NIC=cxi2 ,numa_nodes=2     ,first_numa=2  ,other_nodes=     
Hostname=nid006400   , Rank=767  ,Local=3   ,RPN=4   ,CPUs=216-287  ,GPU=3 ,NIC=cxi3 ,numa_nodes=3     ,first_numa=3  ,other_nodes=     
Hostname=nid006358   , Rank=658  ,Local=2   ,RPN=4   ,CPUs=144-215  ,GPU=2 ,NIC=cxi2 ,numa_nodes=2     ,first_numa=2  ,other_nodes=     
Hostname=nid006425   , Rank=832  ,Local=0   ,RPN=4   ,CPUs=0-71     ,GPU=0 ,NIC=cxi0 ,numa_nodes=0     ,first_numa=0  ,other_nodes=     
Hostname=nid006389   , Rank=730  ,Local=2   ,RPN=4   ,CPUs=144-215  ,GPU=2 ,NIC=cxi2 ,numa_nodes=2     ,first_numa=2  ,other_nodes=     
Hostname=nid006374   , Rank=695  ,Local=3   ,RPN=4   ,CPUs=216-287  ,GPU=3 ,NIC=cxi3 ,numa_nodes=3     ,first_numa=3  ,other_nodes=     
Hostname=nid005622   , Rank=105  ,Local=1   ,RPN=4   ,CPUs=72-143   ,GPU=1 ,NIC=cxi1 ,numa_nodes=1     ,first_numa=1  ,other_nodes=     
Hostname=nid006459   , Rank=910  ,Local=2   ,RPN=4   ,CPUs=144-215  ,GPU=2 ,NIC=cxi2 ,numa_nodes=2     ,first_numa=2  ,other_nodes=     
Hostname=nid006377   , Rank=701  ,Local=1   ,RPN=4   ,CPUs=72-143   ,GPU=1 ,NIC=cxi1 ,numa_nodes=1     ,first_numa=1  ,other_nodes=     
Hostname=nid005910   , Rank=591  ,Local=3   ,RPN=4   ,CPUs=216-287  ,GPU=3 ,NIC=cxi3 ,numa_nodes=3     ,first_numa=3  ,other_nodes=     
Hostname=nid006480   , Rank=930  ,Local=2   ,RPN=4   ,CPUs=144-215  ,GPU=2 ,NIC=cxi2 ,numa_nodes=2     ,first_numa=2  ,other_nodes=     
Hostname=nid006451   , Rank=898  ,Local=2   ,RPN=4   ,CPUs=144-215  ,GPU=2 ,NIC=cxi2 ,numa_nodes=2     ,first_numa=2  ,other_nodes=     
Hostname=nid005611   , Rank=91   ,Local=3   ,RPN=4   ,CPUs=216-287  ,GPU=3 ,NIC=cxi3 ,numa_nodes=3     ,first_numa=3  ,other_nodes=     
Hostname=nid005574   , Rank=25   ,Local=1   ,RPN=4   ,CPUs=72-143   ,GPU=1 ,NIC=cxi1 ,numa_nodes=1     ,first_numa=1  ,other_nodes=     
Hostname=nid005578   , Rank=38   ,Local=2   ,RPN=4   ,CPUs=144-215  ,GPU=2 ,NIC=cxi2 ,numa_nodes=2     ,first_numa=2  ,other_nodes=     
Hostname=nid005647   , Rank=177  ,Local=1   ,RPN=4   ,CPUs=72-143   ,GPU=1 ,NIC=cxi1 ,numa_nodes=1     ,first_numa=1  ,other_nodes=     
Hostname=nid006415   , Rank=804  ,Local=0   ,RPN=4   ,CPUs=0-71     ,GPU=0 ,NIC=cxi0 ,numa_nodes=0     ,first_numa=0  ,other_nodes=     
Hostname=nid006408   , Rank=791  ,Local=3   ,RPN=4   ,CPUs=216-287  ,GPU=3 ,NIC=cxi3 ,numa_nodes=3     ,first_numa=3  ,other_nodes=     
Hostname=nid006350   , Rank=636  ,Local=0   ,RPN=4   ,CPUs=0-71     ,GPU=0 ,NIC=cxi0 ,numa_nodes=0     ,first_numa=0  ,other_nodes=     
Hostname=nid005634   , Rank=143  ,Local=3   ,RPN=4   ,CPUs=216-287  ,GPU=3 ,NIC=cxi3 ,numa_nodes=3     ,first_numa=3  ,other_nodes=     
Hostname=nid005872   , Rank=546  ,Local=2   ,RPN=4   ,CPUs=144-215  ,GPU=2 ,NIC=cxi2 ,numa_nodes=2     ,first_numa=2  ,other_nodes=     
Hostname=nid005805   , Rank=463  ,Local=3   ,RPN=4   ,CPUs=216-287  ,GPU=3 ,NIC=cxi3 ,numa_nodes=3     ,first_numa=3  ,other_nodes=     
Hostname=nid005614   , Rank=100  ,Local=0   ,RPN=4   ,CPUs=0-71     ,GPU=0 ,NIC=cxi0 ,numa_nodes=0     ,first_numa=0  ,other_nodes=     
Hostname=nid006439   , Rank=879  ,Local=3   ,RPN=4   ,CPUs=216-287  ,GPU=3 ,NIC=cxi3 ,numa_nodes=3     ,first_numa=3  ,other_nodes=     
Hostname=nid005718   , Rank=332  ,Local=0   ,RPN=4   ,CPUs=0-71     ,GPU=0 ,NIC=cxi0 ,numa_nodes=0     ,first_numa=0  ,other_nodes=     
Hostname=nid005767   , Rank=382  ,Local=2   ,RPN=4   ,CPUs=144-215  ,GPU=2 ,NIC=cxi2 ,numa_nodes=2     ,first_numa=2  ,other_nodes=     
Hostname=nid005840   , Rank=501  ,Local=1   ,RPN=4   ,CPUs=72-143   ,GPU=1 ,NIC=cxi1 ,numa_nodes=1     ,first_numa=1  ,other_nodes=     
Hostname=nid005567   , Rank=18   ,Local=2   ,RPN=4   ,CPUs=144-215  ,GPU=2 ,NIC=cxi2 ,numa_nodes=2     ,first_numa=2  ,other_nodes=     
Hostname=nid006471   , Rank=918  ,Local=2   ,RPN=4   ,CPUs=144-215  ,GPU=2 ,NIC=cxi2 ,numa_nodes=2     ,first_numa=2  ,other_nodes=     
Hostname=nid005822   , Rank=482  ,Local=2   ,RPN=4   ,CPUs=144-215  ,GPU=2 ,NIC=cxi2 ,numa_nodes=2     ,first_numa=2  ,other_nodes=     
Hostname=nid005604   , Rank=78   ,Local=2   ,RPN=4   ,CPUs=144-215  ,GPU=2 ,NIC=cxi2 ,numa_nodes=2     ,first_numa=2  ,other_nodes=     
Hostname=nid005746   , Rank=357  ,Local=1   ,RPN=4   ,CPUs=72-143   ,GPU=1 ,NIC=cxi1 ,numa_nodes=1     ,first_numa=1  ,other_nodes=     
Hostname=nid005884   , Rank=561  ,Local=1   ,RPN=4   ,CPUs=72-143   ,GPU=1 ,NIC=cxi1 ,numa_nodes=1     ,first_numa=1  ,other_nodes=     
Hostname=nid006415   , Rank=805  ,Local=1   ,RPN=4   ,CPUs=72-143   ,GPU=1 ,NIC=cxi1 ,numa_nodes=1     ,first_numa=1  ,other_nodes=     
Hostname=nid005587   , Rank=40   ,Local=0   ,RPN=4   ,CPUs=0-71     ,GPU=0 ,NIC=cxi0 ,numa_nodes=0     ,first_numa=0  ,other_nodes=     
Hostname=nid006406   , Rank=781  ,Local=1   ,RPN=4   ,CPUs=72-143   ,GPU=1 ,NIC=cxi1 ,numa_nodes=1     ,first_numa=1  ,other_nodes=     
Hostname=nid005721   , Rank=343  ,Local=3   ,RPN=4   ,CPUs=216-287  ,GPU=3 ,NIC=cxi3 ,numa_nodes=3     ,first_numa=3  ,other_nodes=     
Hostname=nid005893   , Rank=570  ,Local=2   ,RPN=4   ,CPUs=144-215  ,GPU=2 ,NIC=cxi2 ,numa_nodes=2     ,first_numa=2  ,other_nodes=     
Hostname=nid006471   , Rank=919  ,Local=3   ,RPN=4   ,CPUs=216-287  ,GPU=3 ,NIC=cxi3 ,numa_nodes=3     ,first_numa=3  ,other_nodes=     
Hostname=nid005695   , Rank=281  ,Local=1   ,RPN=4   ,CPUs=72-143   ,GPU=1 ,NIC=cxi1 ,numa_nodes=1     ,first_numa=1  ,other_nodes=     
Hostname=nid005631   , Rank=134  ,Local=2   ,RPN=4   ,CPUs=144-215  ,GPU=2 ,NIC=cxi2 ,numa_nodes=2     ,first_numa=2  ,other_nodes=     
Hostname=nid005641   , Rank=166  ,Local=2   ,RPN=4   ,CPUs=144-215  ,GPU=2 ,NIC=cxi2 ,numa_nodes=2     ,first_numa=2  ,other_nodes=     
Hostname=nid005910   , Rank=588  ,Local=0   ,RPN=4   ,CPUs=0-71     ,GPU=0 ,NIC=cxi0 ,numa_nodes=0     ,first_numa=0  ,other_nodes=     
Hostname=nid005587   , Rank=41   ,Local=1   ,RPN=4   ,CPUs=72-143   ,GPU=1 ,NIC=cxi1 ,numa_nodes=1     ,first_numa=1  ,other_nodes=     
Hostname=nid006523   , Rank=986  ,Local=2   ,RPN=4   ,CPUs=144-215  ,GPU=2 ,NIC=cxi2 ,numa_nodes=2     ,first_numa=2  ,other_nodes=     
Hostname=nid005718   , Rank=334  ,Local=2   ,RPN=4   ,CPUs=144-215  ,GPU=2 ,NIC=cxi2 ,numa_nodes=2     ,first_numa=2  ,other_nodes=     
Hostname=nid005767   , Rank=383  ,Local=3   ,RPN=4   ,CPUs=216-287  ,GPU=3 ,NIC=cxi3 ,numa_nodes=3     ,first_numa=3  ,other_nodes=     
Hostname=nid006430   , Rank=849  ,Local=1   ,RPN=4   ,CPUs=72-143   ,GPU=1 ,NIC=cxi1 ,numa_nodes=1     ,first_numa=1  ,other_nodes=     
Hostname=nid005599   , Rank=66   ,Local=2   ,RPN=4   ,CPUs=144-215  ,GPU=2 ,NIC=cxi2 ,numa_nodes=2     ,first_numa=2  ,other_nodes=     
Hostname=nid006408   , Rank=790  ,Local=2   ,RPN=4   ,CPUs=144-215  ,GPU=2 ,NIC=cxi2 ,numa_nodes=2     ,first_numa=2  ,other_nodes=     
Hostname=nid005649   , Rank=183  ,Local=3   ,RPN=4   ,CPUs=216-287  ,GPU=3 ,NIC=cxi3 ,numa_nodes=3     ,first_numa=3  ,other_nodes=     
Hostname=nid005840   , Rank=500  ,Local=0   ,RPN=4   ,CPUs=0-71     ,GPU=0 ,NIC=cxi0 ,numa_nodes=0     ,first_numa=0  ,other_nodes=     
Hostname=nid006429   , Rank=844  ,Local=0   ,RPN=4   ,CPUs=0-71     ,GPU=0 ,NIC=cxi0 ,numa_nodes=0     ,first_numa=0  ,other_nodes=     
Hostname=nid005708   , Rank=315  ,Local=3   ,RPN=4   ,CPUs=216-287  ,GPU=3 ,NIC=cxi3 ,numa_nodes=3     ,first_numa=3  ,other_nodes=     
Hostname=nid005567   , Rank=19   ,Local=3   ,RPN=4   ,CPUs=216-287  ,GPU=3 ,NIC=cxi3 ,numa_nodes=3     ,first_numa=3  ,other_nodes=     
Hostname=nid006350   , Rank=639  ,Local=3   ,RPN=4   ,CPUs=216-287  ,GPU=3 ,NIC=cxi3 ,numa_nodes=3     ,first_numa=3  ,other_nodes=     
Hostname=nid006363   , Rank=667  ,Local=3   ,RPN=4   ,CPUs=216-287  ,GPU=3 ,NIC=cxi3 ,numa_nodes=3     ,first_numa=3  ,other_nodes=     
Hostname=nid005647   , Rank=178  ,Local=2   ,RPN=4   ,CPUs=144-215  ,GPU=2 ,NIC=cxi2 ,numa_nodes=2     ,first_numa=2  ,other_nodes=     
Hostname=nid006388   , Rank=726  ,Local=2   ,RPN=4   ,CPUs=144-215  ,GPU=2 ,NIC=cxi2 ,numa_nodes=2     ,first_numa=2  ,other_nodes=     
Hostname=nid006480   , Rank=931  ,Local=3   ,RPN=4   ,CPUs=216-287  ,GPU=3 ,NIC=cxi3 ,numa_nodes=3     ,first_numa=3  ,other_nodes=     
Hostname=nid006394   , Rank=741  ,Local=1   ,RPN=4   ,CPUs=72-143   ,GPU=1 ,NIC=cxi1 ,numa_nodes=1     ,first_numa=1  ,other_nodes=     
Hostname=nid005787   , Rank=426  ,Local=2   ,RPN=4   ,CPUs=144-215  ,GPU=2 ,NIC=cxi2 ,numa_nodes=2     ,first_numa=2  ,other_nodes=     
Hostname=nid006443   , Rank=884  ,Local=0   ,RPN=4   ,CPUs=0-71     ,GPU=0 ,NIC=cxi0 ,numa_nodes=0     ,first_numa=0  ,other_nodes=     
Hostname=nid005777   , Rank=399  ,Local=3   ,RPN=4   ,CPUs=216-287  ,GPU=3 ,NIC=cxi3 ,numa_nodes=3     ,first_numa=3  ,other_nodes=     
Hostname=nid005780   , Rank=402  ,Local=2   ,RPN=4   ,CPUs=144-215  ,GPU=2 ,NIC=cxi2 ,numa_nodes=2     ,first_numa=2  ,other_nodes=     
Hostname=nid005622   , Rank=107  ,Local=3   ,RPN=4   ,CPUs=216-287  ,GPU=3 ,NIC=cxi3 ,numa_nodes=3     ,first_numa=3  ,other_nodes=     
Hostname=nid005695   , Rank=280  ,Local=0   ,RPN=4   ,CPUs=0-71     ,GPU=0 ,NIC=cxi0 ,numa_nodes=0     ,first_numa=0  ,other_nodes=     
Hostname=nid005647   , Rank=176  ,Local=0   ,RPN=4   ,CPUs=0-71     ,GPU=0 ,NIC=cxi0 ,numa_nodes=0     ,first_numa=0  ,other_nodes=     
Hostname=nid005630   , Rank=129  ,Local=1   ,RPN=4   ,CPUs=72-143   ,GPU=1 ,NIC=cxi1 ,numa_nodes=1     ,first_numa=1  ,other_nodes=     
Hostname=nid006471   , Rank=916  ,Local=0   ,RPN=4   ,CPUs=0-71     ,GPU=0 ,NIC=cxi0 ,numa_nodes=0     ,first_numa=0  ,other_nodes=     
Hostname=nid005668   , Rank=227  ,Local=3   ,RPN=4   ,CPUs=216-287  ,GPU=3 ,NIC=cxi3 ,numa_nodes=3     ,first_numa=3  ,other_nodes=     
Hostname=nid006437   , Rank=868  ,Local=0   ,RPN=4   ,CPUs=0-71     ,GPU=0 ,NIC=cxi0 ,numa_nodes=0     ,first_numa=0  ,other_nodes=     
Hostname=nid005780   , Rank=400  ,Local=0   ,RPN=4   ,CPUs=0-71     ,GPU=0 ,NIC=cxi0 ,numa_nodes=0     ,first_numa=0  ,other_nodes=     
Hostname=nid006425   , Rank=835  ,Local=3   ,RPN=4   ,CPUs=216-287  ,GPU=3 ,NIC=cxi3 ,numa_nodes=3     ,first_numa=3  ,other_nodes=     
Hostname=nid006411   , Rank=798  ,Local=2   ,RPN=4   ,CPUs=144-215  ,GPU=2 ,NIC=cxi2 ,numa_nodes=2     ,first_numa=2  ,other_nodes=     
Hostname=nid005675   , Rank=233  ,Local=1   ,RPN=4   ,CPUs=72-143   ,GPU=1 ,NIC=cxi1 ,numa_nodes=1     ,first_numa=1  ,other_nodes=     
Hostname=nid005767   , Rank=380  ,Local=0   ,RPN=4   ,CPUs=0-71     ,GPU=0 ,NIC=cxi0 ,numa_nodes=0     ,first_numa=0  ,other_nodes=     
Hostname=nid005680   , Rank=247  ,Local=3   ,RPN=4   ,CPUs=216-287  ,GPU=3 ,NIC=cxi3 ,numa_nodes=3     ,first_numa=3  ,other_nodes=     
Hostname=nid005708   , Rank=314  ,Local=2   ,RPN=4   ,CPUs=144-215  ,GPU=2 ,NIC=cxi2 ,numa_nodes=2     ,first_numa=2  ,other_nodes=     
Hostname=nid005718   , Rank=335  ,Local=3   ,RPN=4   ,CPUs=216-287  ,GPU=3 ,NIC=cxi3 ,numa_nodes=3     ,first_numa=3  ,other_nodes=     
Hostname=nid005702   , Rank=301  ,Local=1   ,RPN=4   ,CPUs=72-143   ,GPU=1 ,NIC=cxi1 ,numa_nodes=1     ,first_numa=1  ,other_nodes=     
Hostname=nid005780   , Rank=403  ,Local=3   ,RPN=4   ,CPUs=216-287  ,GPU=3 ,NIC=cxi3 ,numa_nodes=3     ,first_numa=3  ,other_nodes=     
Hostname=nid005746   , Rank=359  ,Local=3   ,RPN=4   ,CPUs=216-287  ,GPU=3 ,NIC=cxi3 ,numa_nodes=3     ,first_numa=3  ,other_nodes=     
Hostname=nid005790   , Rank=430  ,Local=2   ,RPN=4   ,CPUs=144-215  ,GPU=2 ,NIC=cxi2 ,numa_nodes=2     ,first_numa=2  ,other_nodes=     
Hostname=nid006401   , Rank=770  ,Local=2   ,RPN=4   ,CPUs=144-215  ,GPU=2 ,NIC=cxi2 ,numa_nodes=2     ,first_numa=2  ,other_nodes=     
Hostname=nid005641   , Rank=164  ,Local=0   ,RPN=4   ,CPUs=0-71     ,GPU=0 ,NIC=cxi0 ,numa_nodes=0     ,first_numa=0  ,other_nodes=     
Hostname=nid005603   , Rank=72   ,Local=0   ,RPN=4   ,CPUs=0-71     ,GPU=0 ,NIC=cxi0 ,numa_nodes=0     ,first_numa=0  ,other_nodes=     
Hostname=nid006478   , Rank=923  ,Local=3   ,RPN=4   ,CPUs=216-287  ,GPU=3 ,NIC=cxi3 ,numa_nodes=3     ,first_numa=3  ,other_nodes=     
Hostname=nid006408   , Rank=788  ,Local=0   ,RPN=4   ,CPUs=0-71     ,GPU=0 ,NIC=cxi0 ,numa_nodes=0     ,first_numa=0  ,other_nodes=     
Hostname=nid005893   , Rank=571  ,Local=3   ,RPN=4   ,CPUs=216-287  ,GPU=3 ,NIC=cxi3 ,numa_nodes=3     ,first_numa=3  ,other_nodes=     
Hostname=nid005600   , Rank=68   ,Local=0   ,RPN=4   ,CPUs=0-71     ,GPU=0 ,NIC=cxi0 ,numa_nodes=0     ,first_numa=0  ,other_nodes=     
Hostname=nid006420   , Rank=816  ,Local=0   ,RPN=4   ,CPUs=0-71     ,GPU=0 ,NIC=cxi0 ,numa_nodes=0     ,first_numa=0  ,other_nodes=     
Hostname=nid005785   , Rank=417  ,Local=1   ,RPN=4   ,CPUs=72-143   ,GPU=1 ,NIC=cxi1 ,numa_nodes=1     ,first_numa=1  ,other_nodes=     
Hostname=nid005685   , Rank=252  ,Local=0   ,RPN=4   ,CPUs=0-71     ,GPU=0 ,NIC=cxi0 ,numa_nodes=0     ,first_numa=0  ,other_nodes=     
Hostname=nid005806   , Rank=464  ,Local=0   ,RPN=4   ,CPUs=0-71     ,GPU=0 ,NIC=cxi0 ,numa_nodes=0     ,first_numa=0  ,other_nodes=     
Hostname=nid005756   , Rank=369  ,Local=1   ,RPN=4   ,CPUs=72-143   ,GPU=1 ,NIC=cxi1 ,numa_nodes=1     ,first_numa=1  ,other_nodes=     
Hostname=nid006349   , Rank=632  ,Local=0   ,RPN=4   ,CPUs=0-71     ,GPU=0 ,NIC=cxi0 ,numa_nodes=0     ,first_numa=0  ,other_nodes=     
Hostname=nid006392   , Rank=739  ,Local=3   ,RPN=4   ,CPUs=216-287  ,GPU=3 ,NIC=cxi3 ,numa_nodes=3     ,first_numa=3  ,other_nodes=     
Hostname=nid005787   , Rank=424  ,Local=0   ,RPN=4   ,CPUs=0-71     ,GPU=0 ,NIC=cxi0 ,numa_nodes=0     ,first_numa=0  ,other_nodes=     
Hostname=nid005631   , Rank=135  ,Local=3   ,RPN=4   ,CPUs=216-287  ,GPU=3 ,NIC=cxi3 ,numa_nodes=3     ,first_numa=3  ,other_nodes=     
Hostname=nid005668   , Rank=224  ,Local=0   ,RPN=4   ,CPUs=0-71     ,GPU=0 ,NIC=cxi0 ,numa_nodes=0     ,first_numa=0  ,other_nodes=     
Hostname=nid005578   , Rank=39   ,Local=3   ,RPN=4   ,CPUs=216-287  ,GPU=3 ,NIC=cxi3 ,numa_nodes=3     ,first_numa=3  ,other_nodes=     
Hostname=nid005629   , Rank=127  ,Local=3   ,RPN=4   ,CPUs=216-287  ,GPU=3 ,NIC=cxi3 ,numa_nodes=3     ,first_numa=3  ,other_nodes=     
Hostname=nid006429   , Rank=847  ,Local=3   ,RPN=4   ,CPUs=216-287  ,GPU=3 ,NIC=cxi3 ,numa_nodes=3     ,first_numa=3  ,other_nodes=     
Hostname=nid006443   , Rank=887  ,Local=3   ,RPN=4   ,CPUs=216-287  ,GPU=3 ,NIC=cxi3 ,numa_nodes=3     ,first_numa=3  ,other_nodes=     
Hostname=nid006345   , Rank=626  ,Local=2   ,RPN=4   ,CPUs=144-215  ,GPU=2 ,NIC=cxi2 ,numa_nodes=2     ,first_numa=2  ,other_nodes=     
Hostname=nid005884   , Rank=563  ,Local=3   ,RPN=4   ,CPUs=216-287  ,GPU=3 ,NIC=cxi3 ,numa_nodes=3     ,first_numa=3  ,other_nodes=     
Hostname=nid005802   , Rank=448  ,Local=0   ,RPN=4   ,CPUs=0-71     ,GPU=0 ,NIC=cxi0 ,numa_nodes=0     ,first_numa=0  ,other_nodes=     
Hostname=nid005776   , Rank=395  ,Local=3   ,RPN=4   ,CPUs=216-287  ,GPU=3 ,NIC=cxi3 ,numa_nodes=3     ,first_numa=3  ,other_nodes=     
Hostname=nid005627   , Rank=117  ,Local=1   ,RPN=4   ,CPUs=72-143   ,GPU=1 ,NIC=cxi1 ,numa_nodes=1     ,first_numa=1  ,other_nodes=     
Hostname=nid005786   , Rank=420  ,Local=0   ,RPN=4   ,CPUs=0-71     ,GPU=0 ,NIC=cxi0 ,numa_nodes=0     ,first_numa=0  ,other_nodes=     
Hostname=nid005840   , Rank=502  ,Local=2   ,RPN=4   ,CPUs=144-215  ,GPU=2 ,NIC=cxi2 ,numa_nodes=2     ,first_numa=2  ,other_nodes=     
Hostname=nid005680   , Rank=246  ,Local=2   ,RPN=4   ,CPUs=144-215  ,GPU=2 ,NIC=cxi2 ,numa_nodes=2     ,first_numa=2  ,other_nodes=     
Hostname=nid005667   , Rank=222  ,Local=2   ,RPN=4   ,CPUs=144-215  ,GPU=2 ,NIC=cxi2 ,numa_nodes=2     ,first_numa=2  ,other_nodes=     
Hostname=nid005910   , Rank=590  ,Local=2   ,RPN=4   ,CPUs=144-215  ,GPU=2 ,NIC=cxi2 ,numa_nodes=2     ,first_numa=2  ,other_nodes=     
Hostname=nid005912   , Rank=595  ,Local=3   ,RPN=4   ,CPUs=216-287  ,GPU=3 ,NIC=cxi3 ,numa_nodes=3     ,first_numa=3  ,other_nodes=     
Hostname=nid006440   , Rank=880  ,Local=0   ,RPN=4   ,CPUs=0-71     ,GPU=0 ,NIC=cxi0 ,numa_nodes=0     ,first_numa=0  ,other_nodes=     
Hostname=nid006411   , Rank=799  ,Local=3   ,RPN=4   ,CPUs=216-287  ,GPU=3 ,NIC=cxi3 ,numa_nodes=3     ,first_numa=3  ,other_nodes=     
Hostname=nid005604   , Rank=79   ,Local=3   ,RPN=4   ,CPUs=216-287  ,GPU=3 ,NIC=cxi3 ,numa_nodes=3     ,first_numa=3  ,other_nodes=     
Hostname=nid006379   , Rank=705  ,Local=1   ,RPN=4   ,CPUs=72-143   ,GPU=1 ,NIC=cxi1 ,numa_nodes=1     ,first_numa=1  ,other_nodes=     
Hostname=nid005622   , Rank=106  ,Local=2   ,RPN=4   ,CPUs=144-215  ,GPU=2 ,NIC=cxi2 ,numa_nodes=2     ,first_numa=2  ,other_nodes=     
Hostname=nid005777   , Rank=398  ,Local=2   ,RPN=4   ,CPUs=144-215  ,GPU=2 ,NIC=cxi2 ,numa_nodes=2     ,first_numa=2  ,other_nodes=     
Hostname=nid006420   , Rank=818  ,Local=2   ,RPN=4   ,CPUs=144-215  ,GPU=2 ,NIC=cxi2 ,numa_nodes=2     ,first_numa=2  ,other_nodes=     
Hostname=nid006349   , Rank=635  ,Local=3   ,RPN=4   ,CPUs=216-287  ,GPU=3 ,NIC=cxi3 ,numa_nodes=3     ,first_numa=3  ,other_nodes=     
Hostname=nid005746   , Rank=358  ,Local=2   ,RPN=4   ,CPUs=144-215  ,GPU=2 ,NIC=cxi2 ,numa_nodes=2     ,first_numa=2  ,other_nodes=     
Hostname=nid005649   , Rank=182  ,Local=2   ,RPN=4   ,CPUs=144-215  ,GPU=2 ,NIC=cxi2 ,numa_nodes=2     ,first_numa=2  ,other_nodes=     
Hostname=nid005708   , Rank=313  ,Local=1   ,RPN=4   ,CPUs=72-143   ,GPU=1 ,NIC=cxi1 ,numa_nodes=1     ,first_numa=1  ,other_nodes=     
Hostname=nid005603   , Rank=74   ,Local=2   ,RPN=4   ,CPUs=144-215  ,GPU=2 ,NIC=cxi2 ,numa_nodes=2     ,first_numa=2  ,other_nodes=     
Hostname=nid006488   , Rank=948  ,Local=0   ,RPN=4   ,CPUs=0-71     ,GPU=0 ,NIC=cxi0 ,numa_nodes=0     ,first_numa=0  ,other_nodes=     
Hostname=nid006386   , Rank=723  ,Local=3   ,RPN=4   ,CPUs=216-287  ,GPU=3 ,NIC=cxi3 ,numa_nodes=3     ,first_numa=3  ,other_nodes=     
Hostname=nid005777   , Rank=396  ,Local=0   ,RPN=4   ,CPUs=0-71     ,GPU=0 ,NIC=cxi0 ,numa_nodes=0     ,first_numa=0  ,other_nodes=     
Hostname=nid005760   , Rank=374  ,Local=2   ,RPN=4   ,CPUs=144-215  ,GPU=2 ,NIC=cxi2 ,numa_nodes=2     ,first_numa=2  ,other_nodes=     
Hostname=nid006388   , Rank=727  ,Local=3   ,RPN=4   ,CPUs=216-287  ,GPU=3 ,NIC=cxi3 ,numa_nodes=3     ,first_numa=3  ,other_nodes=     
Hostname=nid005912   , Rank=594  ,Local=2   ,RPN=4   ,CPUs=144-215  ,GPU=2 ,NIC=cxi2 ,numa_nodes=2     ,first_numa=2  ,other_nodes=     
Hostname=nid006443   , Rank=886  ,Local=2   ,RPN=4   ,CPUs=144-215  ,GPU=2 ,NIC=cxi2 ,numa_nodes=2     ,first_numa=2  ,other_nodes=     
Hostname=nid005668   , Rank=226  ,Local=2   ,RPN=4   ,CPUs=144-215  ,GPU=2 ,NIC=cxi2 ,numa_nodes=2     ,first_numa=2  ,other_nodes=     
Hostname=nid005587   , Rank=43   ,Local=3   ,RPN=4   ,CPUs=216-287  ,GPU=3 ,NIC=cxi3 ,numa_nodes=3     ,first_numa=3  ,other_nodes=     
Hostname=nid005591   , Rank=50   ,Local=2   ,RPN=4   ,CPUs=144-215  ,GPU=2 ,NIC=cxi2 ,numa_nodes=2     ,first_numa=2  ,other_nodes=     
Hostname=nid006363   , Rank=666  ,Local=2   ,RPN=4   ,CPUs=144-215  ,GPU=2 ,NIC=cxi2 ,numa_nodes=2     ,first_numa=2  ,other_nodes=     
Hostname=nid005629   , Rank=126  ,Local=2   ,RPN=4   ,CPUs=144-215  ,GPU=2 ,NIC=cxi2 ,numa_nodes=2     ,first_numa=2  ,other_nodes=     
Hostname=nid005853   , Rank=524  ,Local=0   ,RPN=4   ,CPUs=0-71     ,GPU=0 ,NIC=cxi0 ,numa_nodes=0     ,first_numa=0  ,other_nodes=     
Hostname=nid005802   , Rank=450  ,Local=2   ,RPN=4   ,CPUs=144-215  ,GPU=2 ,NIC=cxi2 ,numa_nodes=2     ,first_numa=2  ,other_nodes=     
Hostname=nid006478   , Rank=922  ,Local=2   ,RPN=4   ,CPUs=144-215  ,GPU=2 ,NIC=cxi2 ,numa_nodes=2     ,first_numa=2  ,other_nodes=     
Hostname=nid006345   , Rank=627  ,Local=3   ,RPN=4   ,CPUs=216-287  ,GPU=3 ,NIC=cxi3 ,numa_nodes=3     ,first_numa=3  ,other_nodes=     
Hostname=nid005667   , Rank=223  ,Local=3   ,RPN=4   ,CPUs=216-287  ,GPU=3 ,NIC=cxi3 ,numa_nodes=3     ,first_numa=3  ,other_nodes=     
Hostname=nid005760   , Rank=375  ,Local=3   ,RPN=4   ,CPUs=216-287  ,GPU=3 ,NIC=cxi3 ,numa_nodes=3     ,first_numa=3  ,other_nodes=     
Hostname=nid005695   , Rank=283  ,Local=3   ,RPN=4   ,CPUs=216-287  ,GPU=3 ,NIC=cxi3 ,numa_nodes=3     ,first_numa=3  ,other_nodes=     
Hostname=nid005719   , Rank=339  ,Local=3   ,RPN=4   ,CPUs=216-287  ,GPU=3 ,NIC=cxi3 ,numa_nodes=3     ,first_numa=3  ,other_nodes=     
Hostname=nid006363   , Rank=665  ,Local=1   ,RPN=4   ,CPUs=72-143   ,GPU=1 ,NIC=cxi1 ,numa_nodes=1     ,first_numa=1  ,other_nodes=     
Hostname=nid005806   , Rank=465  ,Local=1   ,RPN=4   ,CPUs=72-143   ,GPU=1 ,NIC=cxi1 ,numa_nodes=1     ,first_numa=1  ,other_nodes=     
Hostname=nid005786   , Rank=423  ,Local=3   ,RPN=4   ,CPUs=216-287  ,GPU=3 ,NIC=cxi3 ,numa_nodes=3     ,first_numa=3  ,other_nodes=     
Hostname=nid005837   , Rank=495  ,Local=3   ,RPN=4   ,CPUs=216-287  ,GPU=3 ,NIC=cxi3 ,numa_nodes=3     ,first_numa=3  ,other_nodes=     
Hostname=nid006485   , Rank=942  ,Local=2   ,RPN=4   ,CPUs=144-215  ,GPU=2 ,NIC=cxi2 ,numa_nodes=2     ,first_numa=2  ,other_nodes=     
Hostname=nid005756   , Rank=371  ,Local=3   ,RPN=4   ,CPUs=216-287  ,GPU=3 ,NIC=cxi3 ,numa_nodes=3     ,first_numa=3  ,other_nodes=     
Hostname=nid005884   , Rank=562  ,Local=2   ,RPN=4   ,CPUs=144-215  ,GPU=2 ,NIC=cxi2 ,numa_nodes=2     ,first_numa=2  ,other_nodes=     
Hostname=nid006392   , Rank=738  ,Local=2   ,RPN=4   ,CPUs=144-215  ,GPU=2 ,NIC=cxi2 ,numa_nodes=2     ,first_numa=2  ,other_nodes=     
Hostname=nid006388   , Rank=725  ,Local=1   ,RPN=4   ,CPUs=72-143   ,GPU=1 ,NIC=cxi1 ,numa_nodes=1     ,first_numa=1  ,other_nodes=     
Hostname=nid005666   , Rank=217  ,Local=1   ,RPN=4   ,CPUs=72-143   ,GPU=1 ,NIC=cxi1 ,numa_nodes=1     ,first_numa=1  ,other_nodes=     
Hostname=nid005707   , Rank=310  ,Local=2   ,RPN=4   ,CPUs=144-215  ,GPU=2 ,NIC=cxi2 ,numa_nodes=2     ,first_numa=2  ,other_nodes=     
Hostname=nid006488   , Rank=951  ,Local=3   ,RPN=4   ,CPUs=216-287  ,GPU=3 ,NIC=cxi3 ,numa_nodes=3     ,first_numa=3  ,other_nodes=     
Hostname=nid005629   , Rank=125  ,Local=1   ,RPN=4   ,CPUs=72-143   ,GPU=1 ,NIC=cxi1 ,numa_nodes=1     ,first_numa=1  ,other_nodes=     
Hostname=nid006443   , Rank=885  ,Local=1   ,RPN=4   ,CPUs=72-143   ,GPU=1 ,NIC=cxi1 ,numa_nodes=1     ,first_numa=1  ,other_nodes=     
Hostname=nid006420   , Rank=817  ,Local=1   ,RPN=4   ,CPUs=72-143   ,GPU=1 ,NIC=cxi1 ,numa_nodes=1     ,first_numa=1  ,other_nodes=     
Hostname=nid005667   , Rank=221  ,Local=1   ,RPN=4   ,CPUs=72-143   ,GPU=1 ,NIC=cxi1 ,numa_nodes=1     ,first_numa=1  ,other_nodes=     
Hostname=nid006358   , Rank=659  ,Local=3   ,RPN=4   ,CPUs=216-287  ,GPU=3 ,NIC=cxi3 ,numa_nodes=3     ,first_numa=3  ,other_nodes=     
Hostname=nid006437   , Rank=871  ,Local=3   ,RPN=4   ,CPUs=216-287  ,GPU=3 ,NIC=cxi3 ,numa_nodes=3     ,first_numa=3  ,other_nodes=     
Hostname=nid005612   , Rank=92   ,Local=0   ,RPN=4   ,CPUs=0-71     ,GPU=0 ,NIC=cxi0 ,numa_nodes=0     ,first_numa=0  ,other_nodes=     
Hostname=nid006358   , Rank=657  ,Local=1   ,RPN=4   ,CPUs=72-143   ,GPU=1 ,NIC=cxi1 ,numa_nodes=1     ,first_numa=1  ,other_nodes=     
Hostname=nid005646   , Rank=174  ,Local=2   ,RPN=4   ,CPUs=144-215  ,GPU=2 ,NIC=cxi2 ,numa_nodes=2     ,first_numa=2  ,other_nodes=     
Hostname=nid006368   , Rank=672  ,Local=0   ,RPN=4   ,CPUs=0-71     ,GPU=0 ,NIC=cxi0 ,numa_nodes=0     ,first_numa=0  ,other_nodes=     
Hostname=nid005760   , Rank=372  ,Local=0   ,RPN=4   ,CPUs=0-71     ,GPU=0 ,NIC=cxi0 ,numa_nodes=0     ,first_numa=0  ,other_nodes=     
Hostname=nid005844   , Rank=505  ,Local=1   ,RPN=4   ,CPUs=72-143   ,GPU=1 ,NIC=cxi1 ,numa_nodes=1     ,first_numa=1  ,other_nodes=     
Hostname=nid005839   , Rank=498  ,Local=2   ,RPN=4   ,CPUs=144-215  ,GPU=2 ,NIC=cxi2 ,numa_nodes=2     ,first_numa=2  ,other_nodes=     
Hostname=nid006349   , Rank=634  ,Local=2   ,RPN=4   ,CPUs=144-215  ,GPU=2 ,NIC=cxi2 ,numa_nodes=2     ,first_numa=2  ,other_nodes=     
Hostname=nid005912   , Rank=592  ,Local=0   ,RPN=4   ,CPUs=0-71     ,GPU=0 ,NIC=cxi0 ,numa_nodes=0     ,first_numa=0  ,other_nodes=     
Hostname=nid005806   , Rank=466  ,Local=2   ,RPN=4   ,CPUs=144-215  ,GPU=2 ,NIC=cxi2 ,numa_nodes=2     ,first_numa=2  ,other_nodes=     
Hostname=nid005603   , Rank=75   ,Local=3   ,RPN=4   ,CPUs=216-287  ,GPU=3 ,NIC=cxi3 ,numa_nodes=3     ,first_numa=3  ,other_nodes=     
Hostname=nid005649   , Rank=181  ,Local=1   ,RPN=4   ,CPUs=72-143   ,GPU=1 ,NIC=cxi1 ,numa_nodes=1     ,first_numa=1  ,other_nodes=     
Hostname=nid005913   , Rank=598  ,Local=2   ,RPN=4   ,CPUs=144-215  ,GPU=2 ,NIC=cxi2 ,numa_nodes=2     ,first_numa=2  ,other_nodes=     
Hostname=nid006375   , Rank=696  ,Local=0   ,RPN=4   ,CPUs=0-71     ,GPU=0 ,NIC=cxi0 ,numa_nodes=0     ,first_numa=0  ,other_nodes=     
Hostname=nid005719   , Rank=338  ,Local=2   ,RPN=4   ,CPUs=144-215  ,GPU=2 ,NIC=cxi2 ,numa_nodes=2     ,first_numa=2  ,other_nodes=     
Hostname=nid005670   , Rank=228  ,Local=0   ,RPN=4   ,CPUs=0-71     ,GPU=0 ,NIC=cxi0 ,numa_nodes=0     ,first_numa=0  ,other_nodes=     
Hostname=nid006533   , Rank=1011 ,Local=3   ,RPN=4   ,CPUs=216-287  ,GPU=3 ,NIC=cxi3 ,numa_nodes=3     ,first_numa=3  ,other_nodes=     
Hostname=nid005698   , Rank=288  ,Local=0   ,RPN=4   ,CPUs=0-71     ,GPU=0 ,NIC=cxi0 ,numa_nodes=0     ,first_numa=0  ,other_nodes=     
Hostname=nid005913   , Rank=599  ,Local=3   ,RPN=4   ,CPUs=216-287  ,GPU=3 ,NIC=cxi3 ,numa_nodes=3     ,first_numa=3  ,other_nodes=     
Hostname=nid005587   , Rank=42   ,Local=2   ,RPN=4   ,CPUs=144-215  ,GPU=2 ,NIC=cxi2 ,numa_nodes=2     ,first_numa=2  ,other_nodes=     
Hostname=nid005837   , Rank=494  ,Local=2   ,RPN=4   ,CPUs=144-215  ,GPU=2 ,NIC=cxi2 ,numa_nodes=2     ,first_numa=2  ,other_nodes=     
Hostname=nid005666   , Rank=219  ,Local=3   ,RPN=4   ,CPUs=216-287  ,GPU=3 ,NIC=cxi3 ,numa_nodes=3     ,first_numa=3  ,other_nodes=     
Hostname=nid006488   , Rank=949  ,Local=1   ,RPN=4   ,CPUs=72-143   ,GPU=1 ,NIC=cxi1 ,numa_nodes=1     ,first_numa=1  ,other_nodes=     
Hostname=nid006401   , Rank=769  ,Local=1   ,RPN=4   ,CPUs=72-143   ,GPU=1 ,NIC=cxi1 ,numa_nodes=1     ,first_numa=1  ,other_nodes=     
Hostname=nid005808   , Rank=471  ,Local=3   ,RPN=4   ,CPUs=216-287  ,GPU=3 ,NIC=cxi3 ,numa_nodes=3     ,first_numa=3  ,other_nodes=     
Hostname=nid006485   , Rank=940  ,Local=0   ,RPN=4   ,CPUs=0-71     ,GPU=0 ,NIC=cxi0 ,numa_nodes=0     ,first_numa=0  ,other_nodes=     
Hostname=nid006375   , Rank=699  ,Local=3   ,RPN=4   ,CPUs=216-287  ,GPU=3 ,NIC=cxi3 ,numa_nodes=3     ,first_numa=3  ,other_nodes=     
Hostname=nid005756   , Rank=370  ,Local=2   ,RPN=4   ,CPUs=144-215  ,GPU=2 ,NIC=cxi2 ,numa_nodes=2     ,first_numa=2  ,other_nodes=     
Hostname=nid006437   , Rank=870  ,Local=2   ,RPN=4   ,CPUs=144-215  ,GPU=2 ,NIC=cxi2 ,numa_nodes=2     ,first_numa=2  ,other_nodes=     
Hostname=nid005646   , Rank=175  ,Local=3   ,RPN=4   ,CPUs=216-287  ,GPU=3 ,NIC=cxi3 ,numa_nodes=3     ,first_numa=3  ,other_nodes=     
Hostname=nid006379   , Rank=706  ,Local=2   ,RPN=4   ,CPUs=144-215  ,GPU=2 ,NIC=cxi2 ,numa_nodes=2     ,first_numa=2  ,other_nodes=     
Hostname=nid005802   , Rank=449  ,Local=1   ,RPN=4   ,CPUs=72-143   ,GPU=1 ,NIC=cxi1 ,numa_nodes=1     ,first_numa=1  ,other_nodes=     
Hostname=nid005627   , Rank=116  ,Local=0   ,RPN=4   ,CPUs=0-71     ,GPU=0 ,NIC=cxi0 ,numa_nodes=0     ,first_numa=0  ,other_nodes=     
Hostname=nid006401   , Rank=771  ,Local=3   ,RPN=4   ,CPUs=216-287  ,GPU=3 ,NIC=cxi3 ,numa_nodes=3     ,first_numa=3  ,other_nodes=     
Hostname=nid006520   , Rank=977  ,Local=1   ,RPN=4   ,CPUs=72-143   ,GPU=1 ,NIC=cxi1 ,numa_nodes=1     ,first_numa=1  ,other_nodes=     
Hostname=nid006485   , Rank=943  ,Local=3   ,RPN=4   ,CPUs=216-287  ,GPU=3 ,NIC=cxi3 ,numa_nodes=3     ,first_numa=3  ,other_nodes=     
Hostname=nid005574   , Rank=26   ,Local=2   ,RPN=4   ,CPUs=144-215  ,GPU=2 ,NIC=cxi2 ,numa_nodes=2     ,first_numa=2  ,other_nodes=     
Hostname=nid005839   , Rank=499  ,Local=3   ,RPN=4   ,CPUs=216-287  ,GPU=3 ,NIC=cxi3 ,numa_nodes=3     ,first_numa=3  ,other_nodes=     
Hostname=nid005709   , Rank=317  ,Local=1   ,RPN=4   ,CPUs=72-143   ,GPU=1 ,NIC=cxi1 ,numa_nodes=1     ,first_numa=1  ,other_nodes=     
Hostname=nid005786   , Rank=422  ,Local=2   ,RPN=4   ,CPUs=144-215  ,GPU=2 ,NIC=cxi2 ,numa_nodes=2     ,first_numa=2  ,other_nodes=     
Hostname=nid006379   , Rank=704  ,Local=0   ,RPN=4   ,CPUs=0-71     ,GPU=0 ,NIC=cxi0 ,numa_nodes=0     ,first_numa=0  ,other_nodes=     
Hostname=nid005612   , Rank=94   ,Local=2   ,RPN=4   ,CPUs=144-215  ,GPU=2 ,NIC=cxi2 ,numa_nodes=2     ,first_numa=2  ,other_nodes=     
Hostname=nid005685   , Rank=253  ,Local=1   ,RPN=4   ,CPUs=72-143   ,GPU=1 ,NIC=cxi1 ,numa_nodes=1     ,first_numa=1  ,other_nodes=     
Hostname=nid006372   , Rank=685  ,Local=1   ,RPN=4   ,CPUs=72-143   ,GPU=1 ,NIC=cxi1 ,numa_nodes=1     ,first_numa=1  ,other_nodes=     
Hostname=nid006362   , Rank=663  ,Local=3   ,RPN=4   ,CPUs=216-287  ,GPU=3 ,NIC=cxi3 ,numa_nodes=3     ,first_numa=3  ,other_nodes=     
Hostname=nid005808   , Rank=470  ,Local=2   ,RPN=4   ,CPUs=144-215  ,GPU=2 ,NIC=cxi2 ,numa_nodes=2     ,first_numa=2  ,other_nodes=     
Hostname=nid005839   , Rank=496  ,Local=0   ,RPN=4   ,CPUs=0-71     ,GPU=0 ,NIC=cxi0 ,numa_nodes=0     ,first_numa=0  ,other_nodes=     
Hostname=nid006372   , Rank=687  ,Local=3   ,RPN=4   ,CPUs=216-287  ,GPU=3 ,NIC=cxi3 ,numa_nodes=3     ,first_numa=3  ,other_nodes=     
Hostname=nid005837   , Rank=493  ,Local=1   ,RPN=4   ,CPUs=72-143   ,GPU=1 ,NIC=cxi1 ,numa_nodes=1     ,first_numa=1  ,other_nodes=     
Hostname=nid006375   , Rank=697  ,Local=1   ,RPN=4   ,CPUs=72-143   ,GPU=1 ,NIC=cxi1 ,numa_nodes=1     ,first_numa=1  ,other_nodes=     
Hostname=nid005646   , Rank=173  ,Local=1   ,RPN=4   ,CPUs=72-143   ,GPU=1 ,NIC=cxi1 ,numa_nodes=1     ,first_numa=1  ,other_nodes=     
Hostname=nid005666   , Rank=216  ,Local=0   ,RPN=4   ,CPUs=0-71     ,GPU=0 ,NIC=cxi0 ,numa_nodes=0     ,first_numa=0  ,other_nodes=     
Hostname=nid005698   , Rank=291  ,Local=3   ,RPN=4   ,CPUs=216-287  ,GPU=3 ,NIC=cxi3 ,numa_nodes=3     ,first_numa=3  ,other_nodes=     
Hostname=nid005719   , Rank=337  ,Local=1   ,RPN=4   ,CPUs=72-143   ,GPU=1 ,NIC=cxi1 ,numa_nodes=1     ,first_numa=1  ,other_nodes=     
Hostname=nid005707   , Rank=311  ,Local=3   ,RPN=4   ,CPUs=216-287  ,GPU=3 ,NIC=cxi3 ,numa_nodes=3     ,first_numa=3  ,other_nodes=     
Hostname=nid006401   , Rank=768  ,Local=0   ,RPN=4   ,CPUs=0-71     ,GPU=0 ,NIC=cxi0 ,numa_nodes=0     ,first_numa=0  ,other_nodes=     
Hostname=nid005786   , Rank=421  ,Local=1   ,RPN=4   ,CPUs=72-143   ,GPU=1 ,NIC=cxi1 ,numa_nodes=1     ,first_numa=1  ,other_nodes=     
Hostname=nid006520   , Rank=978  ,Local=2   ,RPN=4   ,CPUs=144-215  ,GPU=2 ,NIC=cxi2 ,numa_nodes=2     ,first_numa=2  ,other_nodes=     
Hostname=nid005657   , Rank=197  ,Local=1   ,RPN=4   ,CPUs=72-143   ,GPU=1 ,NIC=cxi1 ,numa_nodes=1     ,first_numa=1  ,other_nodes=     
Hostname=nid006372   , Rank=686  ,Local=2   ,RPN=4   ,CPUs=144-215  ,GPU=2 ,NIC=cxi2 ,numa_nodes=2     ,first_numa=2  ,other_nodes=     
Hostname=nid005853   , Rank=527  ,Local=3   ,RPN=4   ,CPUs=216-287  ,GPU=3 ,NIC=cxi3 ,numa_nodes=3     ,first_numa=3  ,other_nodes=     
Hostname=nid006377   , Rank=702  ,Local=2   ,RPN=4   ,CPUs=144-215  ,GPU=2 ,NIC=cxi2 ,numa_nodes=2     ,first_numa=2  ,other_nodes=     
Hostname=nid006520   , Rank=976  ,Local=0   ,RPN=4   ,CPUs=0-71     ,GPU=0 ,NIC=cxi0 ,numa_nodes=0     ,first_numa=0  ,other_nodes=     
Hostname=nid005808   , Rank=469  ,Local=1   ,RPN=4   ,CPUs=72-143   ,GPU=1 ,NIC=cxi1 ,numa_nodes=1     ,first_numa=1  ,other_nodes=     
Hostname=nid006414   , Rank=803  ,Local=3   ,RPN=4   ,CPUs=216-287  ,GPU=3 ,NIC=cxi3 ,numa_nodes=3     ,first_numa=3  ,other_nodes=     
Hostname=nid005574   , Rank=27   ,Local=3   ,RPN=4   ,CPUs=216-287  ,GPU=3 ,NIC=cxi3 ,numa_nodes=3     ,first_numa=3  ,other_nodes=     
Hostname=nid005591   , Rank=49   ,Local=1   ,RPN=4   ,CPUs=72-143   ,GPU=1 ,NIC=cxi1 ,numa_nodes=1     ,first_numa=1  ,other_nodes=     
Hostname=nid005627   , Rank=118  ,Local=2   ,RPN=4   ,CPUs=144-215  ,GPU=2 ,NIC=cxi2 ,numa_nodes=2     ,first_numa=2  ,other_nodes=     
Hostname=nid005600   , Rank=69   ,Local=1   ,RPN=4   ,CPUs=72-143   ,GPU=1 ,NIC=cxi1 ,numa_nodes=1     ,first_numa=1  ,other_nodes=     
Hostname=nid005806   , Rank=467  ,Local=3   ,RPN=4   ,CPUs=216-287  ,GPU=3 ,NIC=cxi3 ,numa_nodes=3     ,first_numa=3  ,other_nodes=     
Hostname=nid005853   , Rank=526  ,Local=2   ,RPN=4   ,CPUs=144-215  ,GPU=2 ,NIC=cxi2 ,numa_nodes=2     ,first_numa=2  ,other_nodes=     
Hostname=nid006353   , Rank=645  ,Local=1   ,RPN=4   ,CPUs=72-143   ,GPU=1 ,NIC=cxi1 ,numa_nodes=1     ,first_numa=1  ,other_nodes=     
Hostname=nid005625   , Rank=114  ,Local=2   ,RPN=4   ,CPUs=144-215  ,GPU=2 ,NIC=cxi2 ,numa_nodes=2     ,first_numa=2  ,other_nodes=     
Hostname=nid006437   , Rank=869  ,Local=1   ,RPN=4   ,CPUs=72-143   ,GPU=1 ,NIC=cxi1 ,numa_nodes=1     ,first_numa=1  ,other_nodes=     
Hostname=nid006386   , Rank=721  ,Local=1   ,RPN=4   ,CPUs=72-143   ,GPU=1 ,NIC=cxi1 ,numa_nodes=1     ,first_numa=1  ,other_nodes=     
Hostname=nid005685   , Rank=254  ,Local=2   ,RPN=4   ,CPUs=144-215  ,GPU=2 ,NIC=cxi2 ,numa_nodes=2     ,first_numa=2  ,other_nodes=     
Hostname=nid006368   , Rank=673  ,Local=1   ,RPN=4   ,CPUs=72-143   ,GPU=1 ,NIC=cxi1 ,numa_nodes=1     ,first_numa=1  ,other_nodes=     
Hostname=nid005614   , Rank=102  ,Local=2   ,RPN=4   ,CPUs=144-215  ,GPU=2 ,NIC=cxi2 ,numa_nodes=2     ,first_numa=2  ,other_nodes=     
Hostname=nid005657   , Rank=198  ,Local=2   ,RPN=4   ,CPUs=144-215  ,GPU=2 ,NIC=cxi2 ,numa_nodes=2     ,first_numa=2  ,other_nodes=     
Hostname=nid006414   , Rank=802  ,Local=2   ,RPN=4   ,CPUs=144-215  ,GPU=2 ,NIC=cxi2 ,numa_nodes=2     ,first_numa=2  ,other_nodes=     
Hostname=nid005594   , Rank=57   ,Local=1   ,RPN=4   ,CPUs=72-143   ,GPU=1 ,NIC=cxi1 ,numa_nodes=1     ,first_numa=1  ,other_nodes=     
Hostname=nid005574   , Rank=24   ,Local=0   ,RPN=4   ,CPUs=0-71     ,GPU=0 ,NIC=cxi0 ,numa_nodes=0     ,first_numa=0  ,other_nodes=     
Hostname=nid006353   , Rank=644  ,Local=0   ,RPN=4   ,CPUs=0-71     ,GPU=0 ,NIC=cxi0 ,numa_nodes=0     ,first_numa=0  ,other_nodes=     
Hostname=nid006440   , Rank=883  ,Local=3   ,RPN=4   ,CPUs=216-287  ,GPU=3 ,NIC=cxi3 ,numa_nodes=3     ,first_numa=3  ,other_nodes=     
Hostname=nid005707   , Rank=309  ,Local=1   ,RPN=4   ,CPUs=72-143   ,GPU=1 ,NIC=cxi1 ,numa_nodes=1     ,first_numa=1  ,other_nodes=     
Hostname=nid005612   , Rank=93   ,Local=1   ,RPN=4   ,CPUs=72-143   ,GPU=1 ,NIC=cxi1 ,numa_nodes=1     ,first_numa=1  ,other_nodes=     
Hostname=nid006386   , Rank=722  ,Local=2   ,RPN=4   ,CPUs=144-215  ,GPU=2 ,NIC=cxi2 ,numa_nodes=2     ,first_numa=2  ,other_nodes=     
Hostname=nid006377   , Rank=703  ,Local=3   ,RPN=4   ,CPUs=216-287  ,GPU=3 ,NIC=cxi3 ,numa_nodes=3     ,first_numa=3  ,other_nodes=     
Hostname=nid006521   , Rank=981  ,Local=1   ,RPN=4   ,CPUs=72-143   ,GPU=1 ,NIC=cxi1 ,numa_nodes=1     ,first_numa=1  ,other_nodes=     
Hostname=nid005657   , Rank=199  ,Local=3   ,RPN=4   ,CPUs=216-287  ,GPU=3 ,NIC=cxi3 ,numa_nodes=3     ,first_numa=3  ,other_nodes=     
Hostname=nid005675   , Rank=235  ,Local=3   ,RPN=4   ,CPUs=216-287  ,GPU=3 ,NIC=cxi3 ,numa_nodes=3     ,first_numa=3  ,other_nodes=     
Hostname=nid005654   , Rank=184  ,Local=0   ,RPN=4   ,CPUs=0-71     ,GPU=0 ,NIC=cxi0 ,numa_nodes=0     ,first_numa=0  ,other_nodes=     
Hostname=nid005698   , Rank=290  ,Local=2   ,RPN=4   ,CPUs=144-215  ,GPU=2 ,NIC=cxi2 ,numa_nodes=2     ,first_numa=2  ,other_nodes=     
Hostname=nid005853   , Rank=525  ,Local=1   ,RPN=4   ,CPUs=72-143   ,GPU=1 ,NIC=cxi1 ,numa_nodes=1     ,first_numa=1  ,other_nodes=     
Hostname=nid006533   , Rank=1009 ,Local=1   ,RPN=4   ,CPUs=72-143   ,GPU=1 ,NIC=cxi1 ,numa_nodes=1     ,first_numa=1  ,other_nodes=     
Hostname=nid006377   , Rank=700  ,Local=0   ,RPN=4   ,CPUs=0-71     ,GPU=0 ,NIC=cxi0 ,numa_nodes=0     ,first_numa=0  ,other_nodes=     
Hostname=nid005627   , Rank=119  ,Local=3   ,RPN=4   ,CPUs=216-287  ,GPU=3 ,NIC=cxi3 ,numa_nodes=3     ,first_numa=3  ,other_nodes=     
Hostname=nid005776   , Rank=393  ,Local=1   ,RPN=4   ,CPUs=72-143   ,GPU=1 ,NIC=cxi1 ,numa_nodes=1     ,first_numa=1  ,other_nodes=     
Hostname=nid006355   , Rank=648  ,Local=0   ,RPN=4   ,CPUs=0-71     ,GPU=0 ,NIC=cxi0 ,numa_nodes=0     ,first_numa=0  ,other_nodes=     
Hostname=nid005785   , Rank=418  ,Local=2   ,RPN=4   ,CPUs=144-215  ,GPU=2 ,NIC=cxi2 ,numa_nodes=2     ,first_numa=2  ,other_nodes=     
Hostname=nid006386   , Rank=720  ,Local=0   ,RPN=4   ,CPUs=0-71     ,GPU=0 ,NIC=cxi0 ,numa_nodes=0     ,first_numa=0  ,other_nodes=     
Hostname=nid006355   , Rank=651  ,Local=3   ,RPN=4   ,CPUs=216-287  ,GPU=3 ,NIC=cxi3 ,numa_nodes=3     ,first_numa=3  ,other_nodes=     
Hostname=nid006414   , Rank=801  ,Local=1   ,RPN=4   ,CPUs=72-143   ,GPU=1 ,NIC=cxi1 ,numa_nodes=1     ,first_numa=1  ,other_nodes=     
Hostname=nid005776   , Rank=394  ,Local=2   ,RPN=4   ,CPUs=144-215  ,GPU=2 ,NIC=cxi2 ,numa_nodes=2     ,first_numa=2  ,other_nodes=     
Hostname=nid006394   , Rank=743  ,Local=3   ,RPN=4   ,CPUs=216-287  ,GPU=3 ,NIC=cxi3 ,numa_nodes=3     ,first_numa=3  ,other_nodes=     
Hostname=nid006523   , Rank=985  ,Local=1   ,RPN=4   ,CPUs=72-143   ,GPU=1 ,NIC=cxi1 ,numa_nodes=1     ,first_numa=1  ,other_nodes=     
Hostname=nid006368   , Rank=675  ,Local=3   ,RPN=4   ,CPUs=216-287  ,GPU=3 ,NIC=cxi3 ,numa_nodes=3     ,first_numa=3  ,other_nodes=     
Hostname=nid005698   , Rank=289  ,Local=1   ,RPN=4   ,CPUs=72-143   ,GPU=1 ,NIC=cxi1 ,numa_nodes=1     ,first_numa=1  ,other_nodes=     
Hostname=nid006533   , Rank=1010 ,Local=2   ,RPN=4   ,CPUs=144-215  ,GPU=2 ,NIC=cxi2 ,numa_nodes=2     ,first_numa=2  ,other_nodes=     
Hostname=nid005675   , Rank=234  ,Local=2   ,RPN=4   ,CPUs=144-215  ,GPU=2 ,NIC=cxi2 ,numa_nodes=2     ,first_numa=2  ,other_nodes=     
Hostname=nid006523   , Rank=984  ,Local=0   ,RPN=4   ,CPUs=0-71     ,GPU=0 ,NIC=cxi0 ,numa_nodes=0     ,first_numa=0  ,other_nodes=     
Hostname=nid005709   , Rank=316  ,Local=0   ,RPN=4   ,CPUs=0-71     ,GPU=0 ,NIC=cxi0 ,numa_nodes=0     ,first_numa=0  ,other_nodes=     
Hostname=nid005702   , Rank=302  ,Local=2   ,RPN=4   ,CPUs=144-215  ,GPU=2 ,NIC=cxi2 ,numa_nodes=2     ,first_numa=2  ,other_nodes=     
Hostname=nid005600   , Rank=70   ,Local=2   ,RPN=4   ,CPUs=144-215  ,GPU=2 ,NIC=cxi2 ,numa_nodes=2     ,first_numa=2  ,other_nodes=     
Hostname=nid005776   , Rank=392  ,Local=0   ,RPN=4   ,CPUs=0-71     ,GPU=0 ,NIC=cxi0 ,numa_nodes=0     ,first_numa=0  ,other_nodes=     
Hostname=nid006353   , Rank=647  ,Local=3   ,RPN=4   ,CPUs=216-287  ,GPU=3 ,NIC=cxi3 ,numa_nodes=3     ,first_numa=3  ,other_nodes=     
Hostname=nid005771   , Rank=384  ,Local=0   ,RPN=4   ,CPUs=0-71     ,GPU=0 ,NIC=cxi0 ,numa_nodes=0     ,first_numa=0  ,other_nodes=     
Hostname=nid006355   , Rank=650  ,Local=2   ,RPN=4   ,CPUs=144-215  ,GPU=2 ,NIC=cxi2 ,numa_nodes=2     ,first_numa=2  ,other_nodes=     
Hostname=nid006368   , Rank=674  ,Local=2   ,RPN=4   ,CPUs=144-215  ,GPU=2 ,NIC=cxi2 ,numa_nodes=2     ,first_numa=2  ,other_nodes=     
Hostname=nid005785   , Rank=416  ,Local=0   ,RPN=4   ,CPUs=0-71     ,GPU=0 ,NIC=cxi0 ,numa_nodes=0     ,first_numa=0  ,other_nodes=     
Hostname=nid005709   , Rank=318  ,Local=2   ,RPN=4   ,CPUs=144-215  ,GPU=2 ,NIC=cxi2 ,numa_nodes=2     ,first_numa=2  ,other_nodes=     
Hostname=nid006533   , Rank=1008 ,Local=0   ,RPN=4   ,CPUs=0-71     ,GPU=0 ,NIC=cxi0 ,numa_nodes=0     ,first_numa=0  ,other_nodes=     
Hostname=nid005594   , Rank=58   ,Local=2   ,RPN=4   ,CPUs=144-215  ,GPU=2 ,NIC=cxi2 ,numa_nodes=2     ,first_numa=2  ,other_nodes=     
Hostname=nid006440   , Rank=882  ,Local=2   ,RPN=4   ,CPUs=144-215  ,GPU=2 ,NIC=cxi2 ,numa_nodes=2     ,first_numa=2  ,other_nodes=     
Hostname=nid005702   , Rank=303  ,Local=3   ,RPN=4   ,CPUs=216-287  ,GPU=3 ,NIC=cxi3 ,numa_nodes=3     ,first_numa=3  ,other_nodes=     
Hostname=nid005591   , Rank=51   ,Local=3   ,RPN=4   ,CPUs=216-287  ,GPU=3 ,NIC=cxi3 ,numa_nodes=3     ,first_numa=3  ,other_nodes=     
Hostname=nid005886   , Rank=566  ,Local=2   ,RPN=4   ,CPUs=144-215  ,GPU=2 ,NIC=cxi2 ,numa_nodes=2     ,first_numa=2  ,other_nodes=     
Hostname=nid005675   , Rank=232  ,Local=0   ,RPN=4   ,CPUs=0-71     ,GPU=0 ,NIC=cxi0 ,numa_nodes=0     ,first_numa=0  ,other_nodes=     
Hostname=nid005886   , Rank=564  ,Local=0   ,RPN=4   ,CPUs=0-71     ,GPU=0 ,NIC=cxi0 ,numa_nodes=0     ,first_numa=0  ,other_nodes=     
Hostname=nid006394   , Rank=740  ,Local=0   ,RPN=4   ,CPUs=0-71     ,GPU=0 ,NIC=cxi0 ,numa_nodes=0     ,first_numa=0  ,other_nodes=     
Hostname=nid005702   , Rank=300  ,Local=0   ,RPN=4   ,CPUs=0-71     ,GPU=0 ,NIC=cxi0 ,numa_nodes=0     ,first_numa=0  ,other_nodes=     
Hostname=nid006523   , Rank=987  ,Local=3   ,RPN=4   ,CPUs=216-287  ,GPU=3 ,NIC=cxi3 ,numa_nodes=3     ,first_numa=3  ,other_nodes=     
Hostname=nid005591   , Rank=48   ,Local=0   ,RPN=4   ,CPUs=0-71     ,GPU=0 ,NIC=cxi0 ,numa_nodes=0     ,first_numa=0  ,other_nodes=     
Hostname=nid005594   , Rank=56   ,Local=0   ,RPN=4   ,CPUs=0-71     ,GPU=0 ,NIC=cxi0 ,numa_nodes=0     ,first_numa=0  ,other_nodes=     
Hostname=nid006394   , Rank=742  ,Local=2   ,RPN=4   ,CPUs=144-215  ,GPU=2 ,NIC=cxi2 ,numa_nodes=2     ,first_numa=2  ,other_nodes=     
Hostname=nid005785   , Rank=419  ,Local=3   ,RPN=4   ,CPUs=216-287  ,GPU=3 ,NIC=cxi3 ,numa_nodes=3     ,first_numa=3  ,other_nodes=     
Hostname=nid005600   , Rank=71   ,Local=3   ,RPN=4   ,CPUs=216-287  ,GPU=3 ,NIC=cxi3 ,numa_nodes=3     ,first_numa=3  ,other_nodes=     
Hostname=nid005886   , Rank=565  ,Local=1   ,RPN=4   ,CPUs=72-143   ,GPU=1 ,NIC=cxi1 ,numa_nodes=1     ,first_numa=1  ,other_nodes=     
Hostname=nid005771   , Rank=386  ,Local=2   ,RPN=4   ,CPUs=144-215  ,GPU=2 ,NIC=cxi2 ,numa_nodes=2     ,first_numa=2  ,other_nodes=     
Hostname=nid005645   , Rank=170  ,Local=2   ,RPN=4   ,CPUs=144-215  ,GPU=2 ,NIC=cxi2 ,numa_nodes=2     ,first_numa=2  ,other_nodes=     
Hostname=nid005614   , Rank=103  ,Local=3   ,RPN=4   ,CPUs=216-287  ,GPU=3 ,NIC=cxi3 ,numa_nodes=3     ,first_numa=3  ,other_nodes=     
Hostname=nid006440   , Rank=881  ,Local=1   ,RPN=4   ,CPUs=72-143   ,GPU=1 ,NIC=cxi1 ,numa_nodes=1     ,first_numa=1  ,other_nodes=     
Hostname=nid005614   , Rank=101  ,Local=1   ,RPN=4   ,CPUs=72-143   ,GPU=1 ,NIC=cxi1 ,numa_nodes=1     ,first_numa=1  ,other_nodes=     
Hostname=nid005771   , Rank=385  ,Local=1   ,RPN=4   ,CPUs=72-143   ,GPU=1 ,NIC=cxi1 ,numa_nodes=1     ,first_numa=1  ,other_nodes=     
Hostname=nid005709   , Rank=319  ,Local=3   ,RPN=4   ,CPUs=216-287  ,GPU=3 ,NIC=cxi3 ,numa_nodes=3     ,first_numa=3  ,other_nodes=     
Hostname=nid005670   , Rank=229  ,Local=1   ,RPN=4   ,CPUs=72-143   ,GPU=1 ,NIC=cxi1 ,numa_nodes=1     ,first_numa=1  ,other_nodes=     
Hostname=nid005844   , Rank=506  ,Local=2   ,RPN=4   ,CPUs=144-215  ,GPU=2 ,NIC=cxi2 ,numa_nodes=2     ,first_numa=2  ,other_nodes=     
Hostname=nid005844   , Rank=504  ,Local=0   ,RPN=4   ,CPUs=0-71     ,GPU=0 ,NIC=cxi0 ,numa_nodes=0     ,first_numa=0  ,other_nodes=     
Hostname=nid006430   , Rank=850  ,Local=2   ,RPN=4   ,CPUs=144-215  ,GPU=2 ,NIC=cxi2 ,numa_nodes=2     ,first_numa=2  ,other_nodes=     
Hostname=nid005625   , Rank=113  ,Local=1   ,RPN=4   ,CPUs=72-143   ,GPU=1 ,NIC=cxi1 ,numa_nodes=1     ,first_numa=1  ,other_nodes=     
Hostname=nid006362   , Rank=661  ,Local=1   ,RPN=4   ,CPUs=72-143   ,GPU=1 ,NIC=cxi1 ,numa_nodes=1     ,first_numa=1  ,other_nodes=     
Hostname=nid005645   , Rank=168  ,Local=0   ,RPN=4   ,CPUs=0-71     ,GPU=0 ,NIC=cxi0 ,numa_nodes=0     ,first_numa=0  ,other_nodes=     
Hostname=nid005771   , Rank=387  ,Local=3   ,RPN=4   ,CPUs=216-287  ,GPU=3 ,NIC=cxi3 ,numa_nodes=3     ,first_numa=3  ,other_nodes=     
Hostname=nid005645   , Rank=171  ,Local=3   ,RPN=4   ,CPUs=216-287  ,GPU=3 ,NIC=cxi3 ,numa_nodes=3     ,first_numa=3  ,other_nodes=     
Hostname=nid005670   , Rank=230  ,Local=2   ,RPN=4   ,CPUs=144-215  ,GPU=2 ,NIC=cxi2 ,numa_nodes=2     ,first_numa=2  ,other_nodes=     
Hostname=nid006362   , Rank=662  ,Local=2   ,RPN=4   ,CPUs=144-215  ,GPU=2 ,NIC=cxi2 ,numa_nodes=2     ,first_numa=2  ,other_nodes=     
Hostname=nid005594   , Rank=59   ,Local=3   ,RPN=4   ,CPUs=216-287  ,GPU=3 ,NIC=cxi3 ,numa_nodes=3     ,first_numa=3  ,other_nodes=     
Hostname=nid006362   , Rank=660  ,Local=0   ,RPN=4   ,CPUs=0-71     ,GPU=0 ,NIC=cxi0 ,numa_nodes=0     ,first_numa=0  ,other_nodes=     
Hostname=nid006430   , Rank=848  ,Local=0   ,RPN=4   ,CPUs=0-71     ,GPU=0 ,NIC=cxi0 ,numa_nodes=0     ,first_numa=0  ,other_nodes=     
Hostname=nid006430   , Rank=851  ,Local=3   ,RPN=4   ,CPUs=216-287  ,GPU=3 ,NIC=cxi3 ,numa_nodes=3     ,first_numa=3  ,other_nodes=     
Hostname=nid005645   , Rank=169  ,Local=1   ,RPN=4   ,CPUs=72-143   ,GPU=1 ,NIC=cxi1 ,numa_nodes=1     ,first_numa=1  ,other_nodes=     
Hostname=nid005630   , Rank=130  ,Local=2   ,RPN=4   ,CPUs=144-215  ,GPU=2 ,NIC=cxi2 ,numa_nodes=2     ,first_numa=2  ,other_nodes=     
Hostname=nid005630   , Rank=128  ,Local=0   ,RPN=4   ,CPUs=0-71     ,GPU=0 ,NIC=cxi0 ,numa_nodes=0     ,first_numa=0  ,other_nodes=     
Hostname=nid005630   , Rank=131  ,Local=3   ,RPN=4   ,CPUs=216-287  ,GPU=3 ,NIC=cxi3 ,numa_nodes=3     ,first_numa=3  ,other_nodes=     
Hostname=nid005844   , Rank=507  ,Local=3   ,RPN=4   ,CPUs=216-287  ,GPU=3 ,NIC=cxi3 ,numa_nodes=3     ,first_numa=3  ,other_nodes=     
Hostname=nid005625   , Rank=115  ,Local=3   ,RPN=4   ,CPUs=216-287  ,GPU=3 ,NIC=cxi3 ,numa_nodes=3     ,first_numa=3  ,other_nodes=     
Hostname=nid005670   , Rank=231  ,Local=3   ,RPN=4   ,CPUs=216-287  ,GPU=3 ,NIC=cxi3 ,numa_nodes=3     ,first_numa=3  ,other_nodes=     
Hostname=nid006535   , Rank=1015 ,Local=3   ,RPN=4   ,CPUs=216-287  ,GPU=3 ,NIC=cxi3 ,numa_nodes=3     ,first_numa=3  ,other_nodes=     
Hostname=nid006535   , Rank=1012 ,Local=0   ,RPN=4   ,CPUs=0-71     ,GPU=0 ,NIC=cxi0 ,numa_nodes=0     ,first_numa=0  ,other_nodes=     
Hostname=nid005625   , Rank=112  ,Local=0   ,RPN=4   ,CPUs=0-71     ,GPU=0 ,NIC=cxi0 ,numa_nodes=0     ,first_numa=0  ,other_nodes=     
Hostname=nid006535   , Rank=1014 ,Local=2   ,RPN=4   ,CPUs=144-215  ,GPU=2 ,NIC=cxi2 ,numa_nodes=2     ,first_numa=2  ,other_nodes=     
Hostname=nid005861   , Rank=532  ,Local=0   ,RPN=4   ,CPUs=0-71     ,GPU=0 ,NIC=cxi0 ,numa_nodes=0     ,first_numa=0  ,other_nodes=     
Hostname=nid005654   , Rank=186  ,Local=2   ,RPN=4   ,CPUs=144-215  ,GPU=2 ,NIC=cxi2 ,numa_nodes=2     ,first_numa=2  ,other_nodes=     
Hostname=nid006521   , Rank=982  ,Local=2   ,RPN=4   ,CPUs=144-215  ,GPU=2 ,NIC=cxi2 ,numa_nodes=2     ,first_numa=2  ,other_nodes=     
Hostname=nid006521   , Rank=983  ,Local=3   ,RPN=4   ,CPUs=216-287  ,GPU=3 ,NIC=cxi3 ,numa_nodes=3     ,first_numa=3  ,other_nodes=     
Hostname=nid006521   , Rank=980  ,Local=0   ,RPN=4   ,CPUs=0-71     ,GPU=0 ,NIC=cxi0 ,numa_nodes=0     ,first_numa=0  ,other_nodes=     
Hostname=nid005654   , Rank=185  ,Local=1   ,RPN=4   ,CPUs=72-143   ,GPU=1 ,NIC=cxi1 ,numa_nodes=1     ,first_numa=1  ,other_nodes=     
Hostname=nid005654   , Rank=187  ,Local=3   ,RPN=4   ,CPUs=216-287  ,GPU=3 ,NIC=cxi3 ,numa_nodes=3     ,first_numa=3  ,other_nodes=     
Hostname=nid005861   , Rank=535  ,Local=3   ,RPN=4   ,CPUs=216-287  ,GPU=3 ,NIC=cxi3 ,numa_nodes=3     ,first_numa=3  ,other_nodes=     
Hostname=nid005861   , Rank=534  ,Local=2   ,RPN=4   ,CPUs=144-215  ,GPU=2 ,NIC=cxi2 ,numa_nodes=2     ,first_numa=2  ,other_nodes=     
Hostname=nid005861   , Rank=533  ,Local=1   ,RPN=4   ,CPUs=72-143   ,GPU=1 ,NIC=cxi1 ,numa_nodes=1     ,first_numa=1  ,other_nodes=     
Hostname=nid006391   , Rank=733  ,Local=1   ,RPN=4   ,CPUs=72-143   ,GPU=1 ,NIC=cxi1 ,numa_nodes=1     ,first_numa=1  ,other_nodes=     
Hostname=nid006391   , Rank=732  ,Local=0   ,RPN=4   ,CPUs=0-71     ,GPU=0 ,NIC=cxi0 ,numa_nodes=0     ,first_numa=0  ,other_nodes=     
Hostname=nid006391   , Rank=735  ,Local=3   ,RPN=4   ,CPUs=216-287  ,GPU=3 ,NIC=cxi3 ,numa_nodes=3     ,first_numa=3  ,other_nodes=     
Hostname=nid006391   , Rank=734  ,Local=2   ,RPN=4   ,CPUs=144-215  ,GPU=2 ,NIC=cxi2 ,numa_nodes=2     ,first_numa=2  ,other_nodes=     
LandauDampingPIF{0}> Landau damping
LandauDampingPIF{0}> nt 10 Np= 1073741824 Fourier modes = ( 512 , 512 , 512 )
LandauDampingPIF{0}> particles created and initial conditions assigned 
LandauDampingPIF{0}> After init shape function 
LandauDampingPIF{0}> After init NUFFT 
LandauDampingPIF{0}> After update 
[Scatter] Auto-select: OutputFocused (tp=1350.0 Mpts/s) for w=5 rho=1.15 (was Atomic)
[Scatter] Cache hit: method=OutputFocused w=5 cx=1 rho=1.15 -> tile=(3,3,7) team=64 osub=1 zb=32 tp=1350.0 Mpts/s (rho_csv=1.25)
LandauDampingPIF{0}> After scatter 
LandauDampingPIF{0}> After gather 
LandauDampingPIF{0}> Starting iterations ...
LandauDampingPIF{0}> Finished time step: -2 time: 0.0122718
LandauDampingPIF{0}> Finished time step: -1 time: 0.0245437
LandauDampingPIF{0}> Finished time step: 0 time: 0.0368155
LandauDampingPIF{0}> Finished time step: 1 time: 0.0490874
LandauDampingPIF{0}> Finished time step: 2 time: 0.0613592
LandauDampingPIF{0}> Finished time step: 3 time: 0.0736311
LandauDampingPIF{0}> Finished time step: 4 time: 0.0859029
LandauDampingPIF{0}> Finished time step: 5 time: 0.0981748
LandauDampingPIF{0}> Finished time step: 6 time: 0.110447
LandauDampingPIF{0}> Finished time step: 7 time: 0.122718
LandauDampingPIF{0}> Finished time step: 8 time: 0.13499
LandauDampingPIF{0}> Finished time step: 9 time: 0.147262
LandauDampingPIF{0}> Finished time step: 10 time: 0.159534
LandauDampingPIF{0}> LandauDamping: End.
Timings{0}> ---------------------------------------------
Timings{0}>      Timing results for 1024 rank(s):
Timings{0}> ---------------------------------------------
Timings{0}> mainTimer........... Wall tot =   0.968571
Timings{0}> 
Timings{0}> particlesCreation... Wall max =          0
Timings{0}>                      Wall avg =          0
Timings{0}>                      Wall min =          0
Timings{0}> 
Timings{0}> dumpData............ Wall max =  0.0333557
Timings{0}>                      Wall avg =  0.0293197
Timings{0}>                      Wall min =  0.0208978
Timings{0}> 
Timings{0}> kick................ Wall max = 0.000175324
Timings{0}>                      Wall avg = 0.000110497
Timings{0}>                      Wall min =  8.838e-05
Timings{0}> 
Timings{0}> drift............... Wall max = 8.2816e-05
Timings{0}>                      Wall avg = 5.21592e-05
Timings{0}>                      Wall min =  4.048e-05
Timings{0}> 
Timings{0}> particleBC.......... Wall max = 0.000138459
Timings{0}>                      Wall avg = 9.79637e-05
Timings{0}>                      Wall min = 7.6125e-05
Timings{0}> 
Timings{0}> initializeShapeFunc. Wall max =          0
Timings{0}>                      Wall avg =          0
Timings{0}>                      Wall min =          0
Timings{0}> 
Timings{0}> findInternal........ Wall max =          0
Timings{0}>                      Wall avg =          0
Timings{0}>                      Wall min =          0
Timings{0}> 
Timings{0}> findPeriodic........ Wall max =          0
Timings{0}>                      Wall avg =          0
Timings{0}>                      Wall min =          0
Timings{0}> 
Timings{0}> NativeNUFFT::init... Wall max =          0
Timings{0}>                      Wall avg =          0
Timings{0}>                      Wall min =          0
Timings{0}> 
Timings{0}> updateParticle...... Wall max =   0.230388
Timings{0}>                      Wall avg =  0.0956604
Timings{0}>                      Wall min =  0.0293908
Timings{0}> 
Timings{0}> locateParticles..... Wall max = 0.00281185
Timings{0}>                      Wall avg = 0.00256925
Timings{0}>                      Wall min = 0.00238657
Timings{0}> 
Timings{0}> sendPreprocess...... Wall max = 0.00832337
Timings{0}>                      Wall avg = 0.00731999
Timings{0}>                      Wall min = 0.00658384
Timings{0}> 
Timings{0}> particleSend........ Wall max =  0.0153625
Timings{0}>                      Wall avg = 0.00821139
Timings{0}>                      Wall min = 0.00774488
Timings{0}> 
Timings{0}> particleRecv........ Wall max = 0.00162465
Timings{0}>                      Wall avg = 0.000932284
Timings{0}>                      Wall min = 0.000832867
Timings{0}> 
Timings{0}> particleDestroy..... Wall max = 0.00406822
Timings{0}>                      Wall avg = 0.00302006
Timings{0}>                      Wall min = 0.00274366
Timings{0}> 
Timings{0}> ScatterPIFNUFFT..... Wall max =   0.637823
Timings{0}>                      Wall avg =   0.566573
Timings{0}>                      Wall min =   0.431376
Timings{0}> 
Timings{0}> NativeNUFFT1........ Wall max =    0.63002
Timings{0}>                      Wall avg =   0.558752
Timings{0}>                      Wall min =   0.424049
Timings{0}> 
Timings{0}> scatterTimerNUFFT1.. Wall max =   0.460311
Timings{0}>                      Wall avg =   0.323388
Timings{0}>                      Wall min =   0.147211
Timings{0}> 
Timings{0}> binSort............. Wall max =  0.0118591
Timings{0}>                      Wall avg =  0.0106507
Timings{0}>                      Wall min =  0.0100675
Timings{0}> 
Timings{0}> binComputeKeys...... Wall max = 0.00197533
Timings{0}>                      Wall avg = 0.00101119
Timings{0}>                      Wall min = 0.000908391
Timings{0}> 
Timings{0}> binSortByKey........ Wall max = 0.00922164
Timings{0}>                      Wall avg = 0.00862792
Timings{0}>                      Wall min = 0.00815591
Timings{0}> 
Timings{0}> binComputeOffsets... Wall max =  0.0011288
Timings{0}>                      Wall avg = 0.000987103
Timings{0}>                      Wall min = 0.000933793
Timings{0}> 
Timings{0}> FFTNUFFT1........... Wall max =   0.352189
Timings{0}>                      Wall avg =   0.235053
Timings{0}>                      Wall min =   0.121922
Timings{0}> 
Timings{0}> deconvolutionNUFFT1. Wall max = 0.00035151
Timings{0}>                      Wall avg = 0.00029698
Timings{0}>                      Wall min = 0.000275894
Timings{0}> 
Timings{0}> GatherPIFNUFFT...... Wall max =   0.275879
Timings{0}>                      Wall avg =   0.268271
Timings{0}>                      Wall min =   0.258992
Timings{0}> 
Timings{0}> NativeNUFFT2........ Wall max =   0.269251
Timings{0}>                      Wall avg =   0.262032
Timings{0}>                      Wall min =   0.254708
Timings{0}> 
Timings{0}> PrecorrectionNUFFT2. Wall max = 0.00424592
Timings{0}>                      Wall avg = 0.00296878
Timings{0}>                      Wall min = 0.00277527
Timings{0}> 
Timings{0}> FFTNUFFT2........... Wall max =   0.195007
Timings{0}>                      Wall avg =    0.18648
Timings{0}>                      Wall min =   0.174528
Timings{0}> 
Timings{0}> GatherNUFFT2........ Wall max =  0.0777824
Timings{0}>                      Wall avg =  0.0664579
Timings{0}>                      Wall min =  0.0580981
Timings{0}> 
Timings{0}> ---------------------------------------------
Timings{0}>      Measurement counts:
Timings{0}> ---------------------------------------------
Timings{0}> mainTimer........... Count =          1
Timings{0}> particlesCreation... Count =          0
Timings{0}> dumpData............ Count =         10
Timings{0}> kick................ Count =         20
Timings{0}> drift............... Count =         10
Timings{0}> particleBC.......... Count =         10
Timings{0}> initializeShapeFunc. Count =          0
Timings{0}> findInternal........ Count =          0
Timings{0}> findPeriodic........ Count =          0
Timings{0}> NativeNUFFT::init... Count =          0
Timings{0}> updateParticle...... Count =         10
Timings{0}> locateParticles..... Count =         10
Timings{0}> sendPreprocess...... Count =         10
Timings{0}> particleSend........ Count =         10
Timings{0}> particleRecv........ Count =         10
Timings{0}> particleDestroy..... Count =         10
Timings{0}> ScatterPIFNUFFT..... Count =         20
Timings{0}> NativeNUFFT1........ Count =         10
Timings{0}> scatterTimerNUFFT1.. Count =         10
Timings{0}> binSort............. Count =         40
Timings{0}> binComputeKeys...... Count =         40
Timings{0}> binSortByKey........ Count =         40
Timings{0}> binComputeOffsets... Count =         40
Timings{0}> FFTNUFFT1........... Count =         10
Timings{0}> deconvolutionNUFFT1. Count =         10
Timings{0}> GatherPIFNUFFT...... Count =         10
Timings{0}> NativeNUFFT2........ Count =         30
Timings{0}> PrecorrectionNUFFT2. Count =         30
Timings{0}> FFTNUFFT2........... Count =         30
Timings{0}> GatherNUFFT2........ Count =         30
Timings{0}> ---------------------------------------------
Timings{0}> ---------------------------------------------
Timings{0}>      Per-occurrence statistics:
Timings{0}> ---------------------------------------------
Timings{0}> mainTimer........... n=    1  mean=  0.968549  std=         0  min=  0.968549  max=  0.968549
Timings{0}> dumpData............ n=   10  mean=0.00315465  std=0.00137712  min= 0.0015147  max=0.00581609
Timings{0}> kick................ n=   20  mean=8.7662e-06  std=3.94407e-06  min= 3.968e-06  max=1.3856e-05
Timings{0}> drift............... n=   10  mean=5.3918e-06  std=5.63077e-07  min= 4.384e-06  max= 6.144e-06
Timings{0}> particleBC.......... n=   10  mean=9.3244e-06  std=2.36173e-06  min= 7.519e-06  max=1.5711e-05
Timings{0}> updateParticle...... n=   10  mean= 0.0103809  std=0.00920688  min=0.00258506  max= 0.0225472
Timings{0}> locateParticles..... n=   10  mean=0.000265322  std=2.76718e-06  min=0.000260663  max=0.000269527
Timings{0}> sendPreprocess...... n=   10  mean= 0.0007185  std=0.00107444  min=0.000279222  max=0.00370733
Timings{0}> particleSend........ n=   10  mean=0.000814609  std=3.04467e-05  min=0.000780326  max=0.000855011
Timings{0}> particleRecv........ n=   10  mean=9.3856e-05  std=1.71782e-06  min=9.1133e-05  max=9.6477e-05
Timings{0}> particleDestroy..... n=   10  mean=0.000300067  std=1.32457e-06  min=0.000298326  max=0.000302774
Timings{0}> ScatterPIFNUFFT..... n=   20  mean= 0.0277709  std= 0.0306859  min=  3.68e-06  max=  0.081113
Timings{0}> NativeNUFFT1........ n=   10  mean=  0.054756  std= 0.0165761  min= 0.0297474  max= 0.0802941
Timings{0}> scatterTimerNUFFT1.. n=   10  mean= 0.0302583  std= 0.0197734  min=0.00260196  max= 0.0583212
Timings{0}> binSort............. n=   40  mean=0.000278775  std=2.71126e-06  min=0.000273239  max=0.000285142
Timings{0}> binComputeKeys...... n=   40  mean=2.71951e-05  std=1.34055e-06  min=2.4351e-05  max=2.9279e-05
Timings{0}> binSortByKey........ n=   40  mean=0.00022505  std=1.99092e-06  min=0.000220985  max=0.000230104
Timings{0}> binComputeOffsets... n=   40  mean=2.59216e-05  std=9.4427e-07  min=2.4319e-05  max=2.8735e-05
Timings{0}> FFTNUFFT1........... n=   10  mean= 0.0244658  std= 0.0173834  min=0.00501653  max= 0.0596303
Timings{0}> deconvolutionNUFFT1. n=   10  mean=3.06805e-05  std=6.30696e-07  min=2.9951e-05  max=3.1711e-05
Timings{0}> GatherPIFNUFFT...... n=   10  mean= 0.0269298  std=0.00263403  min= 0.0231786  max= 0.0306964
Timings{0}> NativeNUFFT2........ n=   30  mean=0.00877207  std=0.00183983  min=0.00689253  max= 0.0133461
Timings{0}> PrecorrectionNUFFT2. n=   30  mean=0.000105335  std=1.75814e-05  min=7.8653e-05  max=0.000131452
Timings{0}> FFTNUFFT2........... n=   30  mean=0.00608405  std= 0.0015977  min=0.00445802  max= 0.0109864
Timings{0}> GatherNUFFT2........ n=   30  mean=0.00235888  std=0.00097713  min=0.00189126  max=0.00718497
Timings{0}> ---------------------------------------------
