timer_name,rank,measurement_id,duration_seconds
mainTimer,0,0,6.95292856
dumpData,0,0,0.013586851
dumpData,0,1,0.012182158
dumpData,0,2,0.012640992
dumpData,0,3,0.013417129
dumpData,0,4,0.012072754
dumpData,0,5,0.014085941
dumpData,0,6,0.012852091
dumpData,0,7,0.012840474
dumpData,0,8,0.013870043
dumpData,0,9,0.013097042
kick,0,0,4.7999e-05
kick,0,1,8.064e-06
kick,0,2,5.2127e-05
kick,0,3,1.0656e-05
kick,0,4,5.3374e-05
kick,0,5,1.2192e-05
kick,0,6,5.123e-05
kick,0,7,1.1104e-05
kick,0,8,5.2479e-05
kick,0,9,8.896e-06
kick,0,10,5.1935e-05
kick,0,11,7.391e-06
kick,0,12,5.2414e-05
kick,0,13,7.007e-06
kick,0,14,5.3119e-05
kick,0,15,8.96e-06
kick,0,16,4.9022e-05
kick,0,17,7.295e-06
kick,0,18,5.011e-05
kick,0,19,9.632e-06
drift,0,0,6.751e-06
drift,0,1,8.031e-06
drift,0,2,5.44e-06
drift,0,3,7.68e-06
drift,0,4,5.695e-06
drift,0,5,6.656e-06
drift,0,6,6.08e-06
drift,0,7,5.472e-06
drift,0,8,5.888e-06
drift,0,9,9.152e-06
particleBC,0,0,1.408e-05
particleBC,0,1,1.552e-05
particleBC,0,2,1.1392e-05
particleBC,0,3,1.2928e-05
particleBC,0,4,1.1168e-05
particleBC,0,5,1.2351e-05
particleBC,0,6,1.1168e-05
particleBC,0,7,1.1775e-05
particleBC,0,8,1.1136e-05
particleBC,0,9,1.3343e-05
updateParticle,0,0,0.01344548
updateParticle,0,1,0.013411497
updateParticle,0,2,0.013472647
updateParticle,0,3,0.013452264
updateParticle,0,4,0.013520326
updateParticle,0,5,0.013462952
updateParticle,0,6,0.013468902
updateParticle,0,7,0.013445831
updateParticle,0,8,0.013488934
updateParticle,0,9,0.01352615
locateParticles,0,0,0.007115208
locateParticles,0,1,0.007122376
locateParticles,0,2,0.007089513
locateParticles,0,3,0.007105641
locateParticles,0,4,0.007100105
locateParticles,0,5,0.007100136
locateParticles,0,6,0.007105224
locateParticles,0,7,0.007093161
locateParticles,0,8,0.0071066
locateParticles,0,9,0.007080554
sendPreprocess,0,0,0.000256632
sendPreprocess,0,1,0.000240185
sendPreprocess,0,2,0.000253368
sendPreprocess,0,3,0.000248697
sendPreprocess,0,4,0.000292439
sendPreprocess,0,5,0.000271256
sendPreprocess,0,6,0.000280311
sendPreprocess,0,7,0.000270231
sendPreprocess,0,8,0.000251801
sendPreprocess,0,9,0.000266232
particleSend,0,0,0.000854502
particleSend,0,1,0.000795464
particleSend,0,2,0.000801575
particleSend,0,3,0.000839238
particleSend,0,4,0.000790184
particleSend,0,5,0.000802344
particleSend,0,6,0.000835879
particleSend,0,7,0.000816168
particleSend,0,8,0.000809511
particleSend,0,9,0.000795496
particleRecv,0,0,1.8848e-05
particleRecv,0,1,2.2943e-05
particleRecv,0,2,2.608e-05
particleRecv,0,3,1.9552e-05
particleRecv,0,4,2.8319e-05
particleRecv,0,5,2.4639e-05
particleRecv,0,6,1.6767e-05
particleRecv,0,7,1.6928e-05
particleRecv,0,8,2.0927e-05
particleRecv,0,9,2.5855e-05
particleDestroy,0,0,0.004337308
particleDestroy,0,1,0.004342204
particleDestroy,0,2,0.004359899
particleDestroy,0,3,0.00434518
particleDestroy,0,4,0.004359356
particleDestroy,0,5,0.004371772
particleDestroy,0,6,0.004352092
particleDestroy,0,7,0.004344572
particleDestroy,0,8,0.004344988
particleDestroy,0,9,0.004375163
ScatterPIFNUFFT,0,0,0.175523952
ScatterPIFNUFFT,0,1,4.2271e-05
ScatterPIFNUFFT,0,2,0.17870808
ScatterPIFNUFFT,0,3,2.4703e-05
ScatterPIFNUFFT,0,4,0.175447155
ScatterPIFNUFFT,0,5,4.4479e-05
ScatterPIFNUFFT,0,6,0.175696138
ScatterPIFNUFFT,0,7,6.1022e-05
ScatterPIFNUFFT,0,8,0.175956674
ScatterPIFNUFFT,0,9,4.2911e-05
ScatterPIFNUFFT,0,10,0.175564495
ScatterPIFNUFFT,0,11,4.4863e-05
ScatterPIFNUFFT,0,12,0.175468754
ScatterPIFNUFFT,0,13,4.8095e-05
ScatterPIFNUFFT,0,14,0.176510483
ScatterPIFNUFFT,0,15,3.4207e-05
ScatterPIFNUFFT,0,16,0.175684267
ScatterPIFNUFFT,0,17,5.2703e-05
ScatterPIFNUFFT,0,18,0.175628588
ScatterPIFNUFFT,0,19,4.1183e-05
NativeNUFFT1,0,0,0.167497572
NativeNUFFT1,0,1,0.172481357
NativeNUFFT1,0,2,0.167468805
NativeNUFFT1,0,3,0.167681214
NativeNUFFT1,0,4,0.169634626
NativeNUFFT1,0,5,0.167234059
NativeNUFFT1,0,6,0.16736532
NativeNUFFT1,0,7,0.168382506
NativeNUFFT1,0,8,0.167660671
NativeNUFFT1,0,9,0.169334507
scatterTimerNUFFT1,0,0,0.037974304
scatterTimerNUFFT1,0,1,0.040042337
scatterTimerNUFFT1,0,2,0.038264758
scatterTimerNUFFT1,0,3,0.038335956
scatterTimerNUFFT1,0,4,0.040078815
scatterTimerNUFFT1,0,5,0.038122586
scatterTimerNUFFT1,0,6,0.038045853
scatterTimerNUFFT1,0,7,0.038320022
scatterTimerNUFFT1,0,8,0.038018974
scatterTimerNUFFT1,0,9,0.040141085
binSort,0,0,0.008167976
binSort,0,1,0.008245445
binSort,0,2,0.00829162
binSort,0,3,0.008201606
binSort,0,4,0.008183433
binSort,0,5,0.00824263
binSort,0,6,0.008281508
binSort,0,7,0.00821111
binSort,0,8,0.008160969
binSort,0,9,0.008253893
binSort,0,10,0.008258533
binSort,0,11,0.008256069
binSort,0,12,0.008163305
binSort,0,13,0.00817748
binSort,0,14,0.00822407
binSort,0,15,0.008253029
binSort,0,16,0.008229894
binSort,0,17,0.008284197
binSort,0,18,0.008246278
binSort,0,19,0.008192104
binSort,0,20,0.008158504
binSort,0,21,0.008254181
binSort,0,22,0.008243654
binSort,0,23,0.008238694
binSort,0,24,0.008145192
binSort,0,25,0.008186152
binSort,0,26,0.008234502
binSort,0,27,0.008257541
binSort,0,28,0.008149673
binSort,0,29,0.00825671
binSort,0,30,0.008198695
binSort,0,31,0.008231749
binSort,0,32,0.008171688
binSort,0,33,0.008207367
binSort,0,34,0.008237829
binSort,0,35,0.00823943
binSort,0,36,0.008292964
binSort,0,37,0.008228998
binSort,0,38,0.008262885
binSort,0,39,0.008240838
binComputeKeys,0,0,0.000774345
binComputeKeys,0,1,0.000799112
binComputeKeys,0,2,0.000785609
binComputeKeys,0,3,0.000820839
binComputeKeys,0,4,0.000779433
binComputeKeys,0,5,0.000799112
binComputeKeys,0,6,0.000794088
binComputeKeys,0,7,0.000806887
binComputeKeys,0,8,0.000783784
binComputeKeys,0,9,0.000795335
binComputeKeys,0,10,0.000783208
binComputeKeys,0,11,0.000783048
binComputeKeys,0,12,0.000780713
binComputeKeys,0,13,0.000799432
binComputeKeys,0,14,0.000838886
binComputeKeys,0,15,0.000799528
binComputeKeys,0,16,0.000780776
binComputeKeys,0,17,0.000791848
binComputeKeys,0,18,0.000783752
binComputeKeys,0,19,0.000833063
binComputeKeys,0,20,0.000798951
binComputeKeys,0,21,0.000821319
binComputeKeys,0,22,0.00078612
binComputeKeys,0,23,0.000777128
binComputeKeys,0,24,0.000789864
binComputeKeys,0,25,0.000816583
binComputeKeys,0,26,0.000775593
binComputeKeys,0,27,0.0007858
binComputeKeys,0,28,0.000776616
binComputeKeys,0,29,0.000796648
binComputeKeys,0,30,0.000823975
binComputeKeys,0,31,0.000804263
binComputeKeys,0,32,0.000782088
binComputeKeys,0,33,0.000820327
binComputeKeys,0,34,0.000800295
binComputeKeys,0,35,0.000791976
binComputeKeys,0,36,0.000779144
binComputeKeys,0,37,0.000823047
binComputeKeys,0,38,0.000789544
binComputeKeys,0,39,0.000812807
binSortByKey,0,0,0.007026603
binSortByKey,0,1,0.007071689
binSortByKey,0,2,0.007115464
binSortByKey,0,3,0.007017674
binSortByKey,0,4,0.007029227
binSortByKey,0,5,0.007067145
binSortByKey,0,6,0.007082281
binSortByKey,0,7,0.007037802
binSortByKey,0,8,0.007009836
binSortByKey,0,9,0.007058986
binSortByKey,0,10,0.007095593
binSortByKey,0,11,0.007072137
binSortByKey,0,12,0.007015723
binSortByKey,0,13,0.007011467
binSortByKey,0,14,0.007018603
binSortByKey,0,15,0.007075497
binSortByKey,0,16,0.00705649
binSortByKey,0,17,0.007102569
binSortByKey,0,18,0.007070922
binSortByKey,0,19,0.006996428
binSortByKey,0,20,0.006990988
binSortByKey,0,21,0.007064649
binSortByKey,0,22,0.007057546
binSortByKey,0,23,0.007067402
binSortByKey,0,24,0.006988427
binSortByKey,0,25,0.007009228
binSortByKey,0,26,0.007078056
binSortByKey,0,27,0.007079657
binSortByKey,0,28,0.007005164
binSortByKey,0,29,0.007076489
binSortByKey,0,30,0.007012107
binSortByKey,0,31,0.007059241
binSortByKey,0,32,0.007018027
binSortByKey,0,33,0.007020107
binSortByKey,0,34,0.007056266
binSortByKey,0,35,0.007050762
binSortByKey,0,36,0.007106472
binSortByKey,0,37,0.00704113
binSortByKey,0,38,0.007093576
binSortByKey,0,39,0.007048171
binComputeOffsets,0,0,0.0003653
binComputeOffsets,0,1,0.000371892
binComputeOffsets,0,2,0.000387924
binComputeOffsets,0,3,0.000360661
binComputeOffsets,0,4,0.000372853
binComputeOffsets,0,5,0.000371989
binComputeOffsets,0,6,0.000402644
binComputeOffsets,0,7,0.000362005
binComputeOffsets,0,8,0.000365077
binComputeOffsets,0,9,0.00039602
binComputeOffsets,0,10,0.000375029
binComputeOffsets,0,11,0.000397044
binComputeOffsets,0,12,0.000364245
binComputeOffsets,0,13,0.000362901
binComputeOffsets,0,14,0.000361013
binComputeOffsets,0,15,0.000374708
binComputeOffsets,0,16,0.000388724
binComputeOffsets,0,17,0.00038658
binComputeOffsets,0,18,0.000387348
binComputeOffsets,0,19,0.000360053
binComputeOffsets,0,20,0.000366645
binComputeOffsets,0,21,0.000364341
binComputeOffsets,0,22,0.000395476
binComputeOffsets,0,23,0.000390165
binComputeOffsets,0,24,0.000364661
binComputeOffsets,0,25,0.000358677
binComputeOffsets,0,26,0.000378005
binComputeOffsets,0,27,0.000387732
binComputeOffsets,0,28,0.000366965
binComputeOffsets,0,29,0.000379285
binComputeOffsets,0,30,0.000359445
binComputeOffsets,0,31,0.000363445
binComputeOffsets,0,32,0.000367413
binComputeOffsets,0,33,0.000361813
binComputeOffsets,0,34,0.000377236
binComputeOffsets,0,35,0.000393332
binComputeOffsets,0,36,0.000404116
binComputeOffsets,0,37,0.000361205
binComputeOffsets,0,38,0.000376821
binComputeOffsets,0,39,0.000376725
FFTNUFFT1,0,0,0.127494946
FFTNUFFT1,0,1,0.130774175
FFTNUFFT1,0,2,0.127730619
FFTNUFFT1,0,3,0.127867255
FFTNUFFT1,0,4,0.127773946
FFTNUFFT1,0,5,0.127667133
FFTNUFFT1,0,6,0.127994323
FFTNUFFT1,0,7,0.128747708
FFTNUFFT1,0,8,0.12777337
FFTNUFFT1,0,9,0.127547168
deconvolutionNUFFT1,0,0,0.002022914
deconvolutionNUFFT1,0,1,0.001659853
deconvolutionNUFFT1,0,2,0.00147106
deconvolutionNUFFT1,0,3,0.001473555
deconvolutionNUFFT1,0,4,0.001776938
deconvolutionNUFFT1,0,5,0.0014381
deconvolutionNUFFT1,0,6,0.001320248
deconvolutionNUFFT1,0,7,0.001310936
deconvolutionNUFFT1,0,8,0.001861319
deconvolutionNUFFT1,0,9,0.001641838
GatherPIFNUFFT,0,0,0.48431205
GatherPIFNUFFT,0,1,0.482050071
GatherPIFNUFFT,0,2,0.486214712
GatherPIFNUFFT,0,3,0.484168759
GatherPIFNUFFT,0,4,0.482452779
GatherPIFNUFFT,0,5,0.483409966
GatherPIFNUFFT,0,6,0.483584969
GatherPIFNUFFT,0,7,0.477849751
GatherPIFNUFFT,0,8,0.485692425
GatherPIFNUFFT,0,9,0.483806435
NativeNUFFT2,0,0,0.1559105
NativeNUFFT2,0,1,0.157473876
NativeNUFFT2,0,2,0.160448666
NativeNUFFT2,0,3,0.155759304
NativeNUFFT2,0,4,0.157839241
NativeNUFFT2,0,5,0.161595159
NativeNUFFT2,0,6,0.160355005
NativeNUFFT2,0,7,0.158193021
NativeNUFFT2,0,8,0.16028083
NativeNUFFT2,0,9,0.160710322
NativeNUFFT2,0,10,0.160082917
NativeNUFFT2,0,11,0.156227288
NativeNUFFT2,0,12,0.157683885
NativeNUFFT2,0,13,0.157420534
NativeNUFFT2,0,14,0.158484148
NativeNUFFT2,0,15,0.15540149
NativeNUFFT2,0,16,0.159309981
NativeNUFFT2,0,17,0.157847144
NativeNUFFT2,0,18,0.157167741
NativeNUFFT2,0,19,0.158088641
NativeNUFFT2,0,20,0.157535442
NativeNUFFT2,0,21,0.155259031
NativeNUFFT2,0,22,0.159830125
NativeNUFFT2,0,23,0.158347834
NativeNUFFT2,0,24,0.161471002
NativeNUFFT2,0,25,0.156694187
NativeNUFFT2,0,26,0.159716048
NativeNUFFT2,0,27,0.162062217
NativeNUFFT2,0,28,0.156905669
NativeNUFFT2,0,29,0.157716109
PrecorrectionNUFFT2,0,0,0.003191871
PrecorrectionNUFFT2,0,1,0.005113509
PrecorrectionNUFFT2,0,2,0.0051353
PrecorrectionNUFFT2,0,3,0.003131201
PrecorrectionNUFFT2,0,4,0.005110405
PrecorrectionNUFFT2,0,5,0.005131844
PrecorrectionNUFFT2,0,6,0.00311629
PrecorrectionNUFFT2,0,7,0.005127908
PrecorrectionNUFFT2,0,8,0.005128708
PrecorrectionNUFFT2,0,9,0.003117057
PrecorrectionNUFFT2,0,10,0.005116068
PrecorrectionNUFFT2,0,11,0.005104068
PrecorrectionNUFFT2,0,12,0.003143072
PrecorrectionNUFFT2,0,13,0.005121349
PrecorrectionNUFFT2,0,14,0.005132484
PrecorrectionNUFFT2,0,15,0.003132161
PrecorrectionNUFFT2,0,16,0.005117797
PrecorrectionNUFFT2,0,17,0.005118469
PrecorrectionNUFFT2,0,18,0.003108098
PrecorrectionNUFFT2,0,19,0.00512666
PrecorrectionNUFFT2,0,20,0.005122116
PrecorrectionNUFFT2,0,21,0.003126689
PrecorrectionNUFFT2,0,22,0.005115493
PrecorrectionNUFFT2,0,23,0.005104613
PrecorrectionNUFFT2,0,24,0.003201663
PrecorrectionNUFFT2,0,25,0.00512426
PrecorrectionNUFFT2,0,26,0.005135908
PrecorrectionNUFFT2,0,27,0.0031592
PrecorrectionNUFFT2,0,28,0.00512282
PrecorrectionNUFFT2,0,29,0.005103653
FFTNUFFT2,0,0,0.127384549
FFTNUFFT2,0,1,0.126775353
FFTNUFFT2,0,2,0.13059658
FFTNUFFT2,0,3,0.126876565
FFTNUFFT2,0,4,0.127097934
FFTNUFFT2,0,5,0.13210303
FFTNUFFT2,0,6,0.130716929
FFTNUFFT2,0,7,0.127583488
FFTNUFFT2,0,8,0.127625374
FFTNUFFT2,0,9,0.131286703
FFTNUFFT2,0,10,0.130378155
FFTNUFFT2,0,11,0.126475105
FFTNUFFT2,0,12,0.130006773
FFTNUFFT2,0,13,0.127701242
FFTNUFFT2,0,14,0.128976948
FFTNUFFT2,0,15,0.12796082
FFTNUFFT2,0,16,0.127831928
FFTNUFFT2,0,17,0.127962004
FFTNUFFT2,0,18,0.127873335
FFTNUFFT2,0,19,0.128035922
FFTNUFFT2,0,20,0.127697532
FFTNUFFT2,0,21,0.127486274
FFTNUFFT2,0,22,0.130180497
FFTNUFFT2,0,23,0.127036848
FFTNUFFT2,0,24,0.133506412
FFTNUFFT2,0,25,0.126563038
FFTNUFFT2,0,26,0.128183245
FFTNUFFT2,0,27,0.134190903
FFTNUFFT2,0,28,0.126257415
FFTNUFFT2,0,29,0.127892918
GatherNUFFT2,0,0,0.012736893
GatherNUFFT2,0,1,0.013231982
GatherNUFFT2,0,2,0.012283179
GatherNUFFT2,0,3,0.013278124
GatherNUFFT2,0,4,0.013208271
GatherNUFFT2,0,5,0.012239468
GatherNUFFT2,0,6,0.014363276
GatherNUFFT2,0,7,0.013042835
GatherNUFFT2,0,8,0.015406828
GatherNUFFT2,0,9,0.01384742
GatherNUFFT2,0,10,0.012152207
GatherNUFFT2,0,11,0.01197154
GatherNUFFT2,0,12,0.011952149
GatherNUFFT2,0,13,0.012081842
GatherNUFFT2,0,14,0.012310058
GatherNUFFT2,0,15,0.011864088
GatherNUFFT2,0,16,0.013915834
GatherNUFFT2,0,17,0.012655296
GatherNUFFT2,0,18,0.013741984
GatherNUFFT2,0,19,0.012794235
GatherNUFFT2,0,20,0.012520131
GatherNUFFT2,0,21,0.012196238
GatherNUFFT2,0,22,0.012119249
GatherNUFFT2,0,23,0.013746558
GatherNUFFT2,0,24,0.012601409
GatherNUFFT2,0,25,0.0122539
GatherNUFFT2,0,26,0.014275566
GatherNUFFT2,0,27,0.012250284
GatherNUFFT2,0,28,0.013052756
GatherNUFFT2,0,29,0.012248908
mainTimer,1,0,6.952903985
dumpData,1,0,0.014537543
dumpData,1,1,0.01397148
dumpData,1,2,0.014327117
dumpData,1,3,0.01534107
dumpData,1,4,0.013822813
dumpData,1,5,0.015095798
dumpData,1,6,0.014837726
dumpData,1,7,0.015645637
dumpData,1,8,0.014892892
dumpData,1,9,0.015010807
kick,1,0,2.1824e-05
kick,1,1,9.087e-06
kick,1,2,5.0975e-05
kick,1,3,9.28e-06
kick,1,4,4.6078e-05
kick,1,5,8.288e-06
kick,1,6,5.0142e-05
kick,1,7,8.704e-06
kick,1,8,4.8959e-05
kick,1,9,1.3216e-05
kick,1,10,4.4767e-05
kick,1,11,8.064e-06
kick,1,12,4.7326e-05
kick,1,13,7.04e-06
kick,1,14,5.2511e-05
kick,1,15,8.832e-06
kick,1,16,4.5278e-05
kick,1,17,8.607e-06
kick,1,18,4.835e-05
kick,1,19,7.328e-06
drift,1,0,6.879e-06
drift,1,1,9.183e-06
drift,1,2,8.064e-06
drift,1,3,7.712e-06
drift,1,4,7.071e-06
drift,1,5,8.256e-06
drift,1,6,5.824e-06
drift,1,7,6.912e-06
drift,1,8,7.296e-06
drift,1,9,9.28e-06
particleBC,1,0,1.264e-05
particleBC,1,1,1.3504e-05
particleBC,1,2,1.2064e-05
particleBC,1,3,1.28e-05
particleBC,1,4,1.2128e-05
particleBC,1,5,1.3823e-05
particleBC,1,6,1.2704e-05
particleBC,1,7,1.2159e-05
particleBC,1,8,1.1584e-05
particleBC,1,9,1.2991e-05
updateParticle,1,0,0.013380874
updateParticle,1,1,0.013344683
updateParticle,1,2,0.013410761
updateParticle,1,3,0.013378218
updateParticle,1,4,0.013379051
updateParticle,1,5,0.013395786
updateParticle,1,6,0.013385129
updateParticle,1,7,0.013406921
updateParticle,1,8,0.013397417
updateParticle,1,9,0.013437929
locateParticles,1,0,0.006717844
locateParticles,1,1,0.006694165
locateParticles,1,2,0.00671906
locateParticles,1,3,0.006711348
locateParticles,1,4,0.0067173
locateParticles,1,5,0.006704341
locateParticles,1,6,0.006706036
locateParticles,1,7,0.006725844
locateParticles,1,8,0.006724724
locateParticles,1,9,0.006736948
sendPreprocess,1,0,0.000656492
sendPreprocess,1,1,0.000671244
sendPreprocess,1,2,0.000627053
sendPreprocess,1,3,0.000645037
sendPreprocess,1,4,0.000677324
sendPreprocess,1,5,0.000669643
sendPreprocess,1,6,0.000681259
sendPreprocess,1,7,0.000637196
sendPreprocess,1,8,0.000636749
sendPreprocess,1,9,0.000611822
particleSend,1,0,0.000790184
particleSend,1,1,0.000830407
particleSend,1,2,0.00084247
particleSend,1,3,0.000825639
particleSend,1,4,0.000798344
particleSend,1,5,0.000836487
particleSend,1,6,0.000791016
particleSend,1,7,0.00078628
particleSend,1,8,0.000891269
particleSend,1,9,0.000827975
particleRecv,1,0,2.7456e-05
particleRecv,1,1,2.2815e-05
particleRecv,1,2,2.1856e-05
particleRecv,1,3,2.5983e-05
particleRecv,1,4,2.2751e-05
particleRecv,1,5,2.1727e-05
particleRecv,1,6,2.7295e-05
particleRecv,1,7,2.7776e-05
particleRecv,1,8,2.2848e-05
particleRecv,1,9,2.2015e-05
particleDestroy,1,0,0.004161473
particleDestroy,1,1,0.004148162
particleDestroy,1,2,0.004165185
particleDestroy,1,3,0.004155297
particleDestroy,1,4,0.004156674
particleDestroy,1,5,0.004185281
particleDestroy,1,6,0.004188897
particleDestroy,1,7,0.00420688
particleDestroy,1,8,0.004166305
particleDestroy,1,9,0.0042016
ScatterPIFNUFFT,1,0,0.176626223
ScatterPIFNUFFT,1,1,4.0703e-05
ScatterPIFNUFFT,1,2,0.179045222
ScatterPIFNUFFT,1,3,2.4959e-05
ScatterPIFNUFFT,1,4,0.17593002
ScatterPIFNUFFT,1,5,3.3791e-05
ScatterPIFNUFFT,1,6,0.176917414
ScatterPIFNUFFT,1,7,3.8975e-05
ScatterPIFNUFFT,1,8,0.17637663
ScatterPIFNUFFT,1,9,4.1087e-05
ScatterPIFNUFFT,1,10,0.176114238
ScatterPIFNUFFT,1,11,3.4495e-05
ScatterPIFNUFFT,1,12,0.176731948
ScatterPIFNUFFT,1,13,4.5023e-05
ScatterPIFNUFFT,1,14,0.175918661
ScatterPIFNUFFT,1,15,3.3887e-05
ScatterPIFNUFFT,1,16,0.176218171
ScatterPIFNUFFT,1,17,3.5007e-05
ScatterPIFNUFFT,1,18,0.176042464
ScatterPIFNUFFT,1,19,3.8623e-05
NativeNUFFT1,1,0,0.168437543
NativeNUFFT1,1,1,0.172708806
NativeNUFFT1,1,2,0.167846554
NativeNUFFT1,1,3,0.168771805
NativeNUFFT1,1,4,0.169921977
NativeNUFFT1,1,5,0.167949333
NativeNUFFT1,1,6,0.168685247
NativeNUFFT1,1,7,0.167903032
NativeNUFFT1,1,8,0.168017012
NativeNUFFT1,1,9,0.167807386
scatterTimerNUFFT1,1,0,0.037731494
scatterTimerNUFFT1,1,1,0.040384375
scatterTimerNUFFT1,1,2,0.038193625
scatterTimerNUFFT1,1,3,0.038156218
scatterTimerNUFFT1,1,4,0.040402773
scatterTimerNUFFT1,1,5,0.038815077
scatterTimerNUFFT1,1,6,0.038602188
scatterTimerNUFFT1,1,7,0.038360692
scatterTimerNUFFT1,1,8,0.038383859
scatterTimerNUFFT1,1,9,0.038156921
binSort,1,0,0.007696438
binSort,1,1,0.007777684
binSort,1,2,0.007697206
binSort,1,3,0.00771055
binSort,1,4,0.007756181
binSort,1,5,0.00769823
binSort,1,6,0.00774898
binSort,1,7,0.007713077
binSort,1,8,0.00774175
binSort,1,9,0.007742613
binSort,1,10,0.007799763
binSort,1,11,0.007767156
binSort,1,12,0.00774866
binSort,1,13,0.007707926
binSort,1,14,0.007733109
binSort,1,15,0.007791923
binSort,1,16,0.007779667
binSort,1,17,0.007776212
binSort,1,18,0.007805939
binSort,1,19,0.00777218
binSort,1,20,0.00773874
binSort,1,21,0.007732309
binSort,1,22,0.007737973
binSort,1,23,0.007790963
binSort,1,24,0.00777138
binSort,1,25,0.007737046
binSort,1,26,0.007771444
binSort,1,27,0.007799283
binSort,1,28,0.007771604
binSort,1,29,0.007784372
binSort,1,30,0.007750613
binSort,1,31,0.007717525
binSort,1,32,0.007759381
binSort,1,33,0.007747765
binSort,1,34,0.007807379
binSort,1,35,0.007764884
binSort,1,36,0.007825106
binSort,1,37,0.007775059
binSort,1,38,0.007787124
binSort,1,39,0.007757877
binComputeKeys,1,0,0.000723594
binComputeKeys,1,1,0.000791752
binComputeKeys,1,2,0.000749161
binComputeKeys,1,3,0.000774153
binComputeKeys,1,4,0.000740362
binComputeKeys,1,5,0.000760521
binComputeKeys,1,6,0.000737641
binComputeKeys,1,7,0.000756617
binComputeKeys,1,8,0.000745578
binComputeKeys,1,9,0.000739306
binComputeKeys,1,10,0.000769161
binComputeKeys,1,11,0.000736938
binComputeKeys,1,12,0.000742281
binComputeKeys,1,13,0.000784808
binComputeKeys,1,14,0.000769416
binComputeKeys,1,15,0.000780744
binComputeKeys,1,16,0.000738378
binComputeKeys,1,17,0.000766825
binComputeKeys,1,18,0.000786568
binComputeKeys,1,19,0.000795144
binComputeKeys,1,20,0.000738409
binComputeKeys,1,21,0.000759433
binComputeKeys,1,22,0.000736233
binComputeKeys,1,23,0.000736937
binComputeKeys,1,24,0.000746569
binComputeKeys,1,25,0.000778312
binComputeKeys,1,26,0.000785448
binComputeKeys,1,27,0.000772201
binComputeKeys,1,28,0.000746313
binComputeKeys,1,29,0.000767464
binComputeKeys,1,30,0.000775625
binComputeKeys,1,31,0.000764809
binComputeKeys,1,32,0.000740681
binComputeKeys,1,33,0.000770057
binComputeKeys,1,34,0.000772905
binComputeKeys,1,35,0.000740905
binComputeKeys,1,36,0.000753705
binComputeKeys,1,37,0.000779016
binComputeKeys,1,38,0.000759305
binComputeKeys,1,39,0.000755689
binSortByKey,1,0,0.006609751
binSortByKey,1,1,0.006629302
binSortByKey,1,2,0.00659388
binSortByKey,1,3,0.006587095
binSortByKey,1,4,0.00665839
binSortByKey,1,5,0.006597304
binSortByKey,1,6,0.006631863
binSortByKey,1,7,0.006605431
binSortByKey,1,8,0.006643446
binSortByKey,1,9,0.006624662
binSortByKey,1,10,0.006672341
binSortByKey,1,11,0.006651286
binSortByKey,1,12,0.006651478
binSortByKey,1,13,0.006582552
binSortByKey,1,14,0.006615895
binSortByKey,1,15,0.006650966
binSortByKey,1,16,0.006674934
binSortByKey,1,17,0.006642743
binSortByKey,1,18,0.006662486
binSortByKey,1,19,0.006627351
binSortByKey,1,20,0.006649142
binSortByKey,1,21,0.006617592
binSortByKey,1,22,0.006629399
binSortByKey,1,23,0.00666863
binSortByKey,1,24,0.006670454
binSortByKey,1,25,0.006609048
binSortByKey,1,26,0.006635958
binSortByKey,1,27,0.006664213
binSortByKey,1,28,0.00666831
binSortByKey,1,29,0.006659798
binSortByKey,1,30,0.006626583
binSortByKey,1,31,0.006600663
binSortByKey,1,32,0.006662006
binSortByKey,1,33,0.006627191
binSortByKey,1,34,0.006675445
binSortByKey,1,35,0.006644374
binSortByKey,1,36,0.006696533
binSortByKey,1,37,0.006646902
binSortByKey,1,38,0.00666703
binSortByKey,1,39,0.006641175
binComputeOffsets,1,0,0.000361269
binComputeOffsets,1,1,0.000352438
binComputeOffsets,1,2,0.000351477
binComputeOffsets,1,3,0.000346806
binComputeOffsets,1,4,0.000353301
binComputeOffsets,1,5,0.000337718
binComputeOffsets,1,6,0.00037602
binComputeOffsets,1,7,0.000346645
binComputeOffsets,1,8,0.000349526
binComputeOffsets,1,9,0.000375733
binComputeOffsets,1,10,0.000354165
binComputeOffsets,1,11,0.000376852
binComputeOffsets,1,12,0.000350997
binComputeOffsets,1,13,0.000339126
binComputeOffsets,1,14,0.000345078
binComputeOffsets,1,15,0.000357877
binComputeOffsets,1,16,0.000360405
binComputeOffsets,1,17,0.000361973
binComputeOffsets,1,18,0.000354485
binComputeOffsets,1,19,0.000345077
binComputeOffsets,1,20,0.000346773
binComputeOffsets,1,21,0.000352086
binComputeOffsets,1,22,0.000369589
binComputeOffsets,1,23,0.000382452
binComputeOffsets,1,24,0.000351541
binComputeOffsets,1,25,0.000346582
binComputeOffsets,1,26,0.000347446
binComputeOffsets,1,27,0.000358453
binComputeOffsets,1,28,0.000352565
binComputeOffsets,1,29,0.000354006
binComputeOffsets,1,30,0.000345045
binComputeOffsets,1,31,0.000348053
binComputeOffsets,1,32,0.000350934
binComputeOffsets,1,33,0.00034799
binComputeOffsets,1,34,0.000356309
binComputeOffsets,1,35,0.000376533
binComputeOffsets,1,36,0.000371188
binComputeOffsets,1,37,0.000344917
binComputeOffsets,1,38,0.000356277
binComputeOffsets,1,39,0.000358293
FFTNUFFT1,1,0,0.129055155
FFTNUFFT1,1,1,0.13064445
FFTNUFFT1,1,2,0.127742138
FFTNUFFT1,1,3,0.128965013
FFTNUFFT1,1,4,0.127510049
FFTNUFFT1,1,5,0.127128845
FFTNUFFT1,1,6,0.128418694
FFTNUFFT1,1,7,0.127573663
FFTNUFFT1,1,8,0.127600415
FFTNUFFT1,1,9,0.127654206
deconvolutionNUFFT1,1,0,0.001647438
deconvolutionNUFFT1,1,1,0.001677485
deconvolutionNUFFT1,1,2,0.001906247
deconvolutionNUFFT1,1,3,0.001646126
deconvolutionNUFFT1,1,4,0.002005955
deconvolutionNUFFT1,1,5,0.002000259
deconvolutionNUFFT1,1,6,0.001660845
deconvolutionNUFFT1,1,7,0.001962661
deconvolutionNUFFT1,1,8,0.002028003
deconvolutionNUFFT1,1,9,0.001991012
GatherPIFNUFFT,1,0,0.478858264
GatherPIFNUFFT,1,1,0.480423976
GatherPIFNUFFT,1,2,0.482132085
GatherPIFNUFFT,1,3,0.479588289
GatherPIFNUFFT,1,4,0.473640918
GatherPIFNUFFT,1,5,0.479192622
GatherPIFNUFFT,1,6,0.476783255
GatherPIFNUFFT,1,7,0.483374607
GatherPIFNUFFT,1,8,0.482752419
GatherPIFNUFFT,1,9,0.476730425
NativeNUFFT2,1,0,0.154812229
NativeNUFFT2,1,1,0.157780139
NativeNUFFT2,1,2,0.160274143
NativeNUFFT2,1,3,0.154480302
NativeNUFFT2,1,4,0.158882633
NativeNUFFT2,1,5,0.161033032
NativeNUFFT2,1,6,0.156547024
NativeNUFFT2,1,7,0.157021569
NativeNUFFT2,1,8,0.16144118
NativeNUFFT2,1,9,0.156458739
NativeNUFFT2,1,10,0.159951944
NativeNUFFT2,1,11,0.156281751
NativeNUFFT2,1,12,0.154782086
NativeNUFFT2,1,13,0.157614863
NativeNUFFT2,1,14,0.158215581
NativeNUFFT2,1,15,0.154723015
NativeNUFFT2,1,16,0.159747695
NativeNUFFT2,1,17,0.157530643
NativeNUFFT2,1,18,0.156705995
NativeNUFFT2,1,19,0.157959717
NativeNUFFT2,1,20,0.157773835
NativeNUFFT2,1,21,0.156582
NativeNUFFT2,1,22,0.159759087
NativeNUFFT2,1,23,0.158398904
NativeNUFFT2,1,24,0.158895081
NativeNUFFT2,1,25,0.157674606
NativeNUFFT2,1,26,0.160075589
NativeNUFFT2,1,27,0.157686317
NativeNUFFT2,1,28,0.157031298
NativeNUFFT2,1,29,0.157655022
PrecorrectionNUFFT2,1,0,0.003146145
PrecorrectionNUFFT2,1,1,0.00498164
PrecorrectionNUFFT2,1,2,0.004964905
PrecorrectionNUFFT2,1,3,0.003111202
PrecorrectionNUFFT2,1,4,0.004972361
PrecorrectionNUFFT2,1,5,0.004982537
PrecorrectionNUFFT2,1,6,0.003090114
PrecorrectionNUFFT2,1,7,0.004963017
PrecorrectionNUFFT2,1,8,0.004990825
PrecorrectionNUFFT2,1,9,0.003119617
PrecorrectionNUFFT2,1,10,0.005013927
PrecorrectionNUFFT2,1,11,0.004952041
PrecorrectionNUFFT2,1,12,0.003091042
PrecorrectionNUFFT2,1,13,0.004974569
PrecorrectionNUFFT2,1,14,0.004995913
PrecorrectionNUFFT2,1,15,0.003117953
PrecorrectionNUFFT2,1,16,0.004954666
PrecorrectionNUFFT2,1,17,0.004997961
PrecorrectionNUFFT2,1,18,0.00310493
PrecorrectionNUFFT2,1,19,0.005509721
PrecorrectionNUFFT2,1,20,0.00498356
PrecorrectionNUFFT2,1,21,0.003136705
PrecorrectionNUFFT2,1,22,0.004969033
PrecorrectionNUFFT2,1,23,0.00496465
PrecorrectionNUFFT2,1,24,0.003132257
PrecorrectionNUFFT2,1,25,0.004995432
PrecorrectionNUFFT2,1,26,0.004972297
PrecorrectionNUFFT2,1,27,0.00310221
PrecorrectionNUFFT2,1,28,0.004953706
PrecorrectionNUFFT2,1,29,0.004993672
FFTNUFFT2,1,0,0.128216748
FFTNUFFT2,1,1,0.129025076
FFTNUFFT2,1,2,0.131680099
FFTNUFFT2,1,3,0.128309129
FFTNUFFT2,1,4,0.128629184
FFTNUFFT2,1,5,0.12935633
FFTNUFFT2,1,6,0.126955954
FFTNUFFT2,1,7,0.128779163
FFTNUFFT2,1,8,0.129855226
FFTNUFFT2,1,9,0.127989811
FFTNUFFT2,1,10,0.13123496
FFTNUFFT2,1,11,0.127613854
FFTNUFFT2,1,12,0.128138574
FFTNUFFT2,1,13,0.12872454
FFTNUFFT2,1,14,0.129140815
FFTNUFFT2,1,15,0.128102032
FFTNUFFT2,1,16,0.128817497
FFTNUFFT2,1,17,0.128955989
FFTNUFFT2,1,18,0.128212365
FFTNUFFT2,1,19,0.129125328
FFTNUFFT2,1,20,0.128465221
FFTNUFFT2,1,21,0.129694623
FFTNUFFT2,1,22,0.131219377
FFTNUFFT2,1,23,0.128045906
FFTNUFFT2,1,24,0.132573095
FFTNUFFT2,1,25,0.128578401
FFTNUFFT2,1,26,0.128443237
FFTNUFFT2,1,27,0.130775711
FFTNUFFT2,1,28,0.127250314
FFTNUFFT2,1,29,0.128869527
GatherNUFFT2,1,0,0.011848184
GatherNUFFT2,1,1,0.011870808
GatherNUFFT2,1,2,0.011772826
GatherNUFFT2,1,3,0.011527554
GatherNUFFT2,1,4,0.013213743
GatherNUFFT2,1,5,0.014824158
GatherNUFFT2,1,6,0.014578885
GatherNUFFT2,1,7,0.01171542
GatherNUFFT2,1,8,0.014714688
GatherNUFFT2,1,9,0.013197839
GatherNUFFT2,1,10,0.011791418
GatherNUFFT2,1,11,0.011464516
GatherNUFFT2,1,12,0.01139479
GatherNUFFT2,1,13,0.01166947
GatherNUFFT2,1,14,0.012185839
GatherNUFFT2,1,15,0.011583296
GatherNUFFT2,1,16,0.014034615
GatherNUFFT2,1,17,0.011656607
GatherNUFFT2,1,18,0.013263598
GatherNUFFT2,1,19,0.011405509
GatherNUFFT2,1,20,0.012123439
GatherNUFFT2,1,21,0.011577345
GatherNUFFT2,1,22,0.011644767
GatherNUFFT2,1,23,0.013200783
GatherNUFFT2,1,24,0.01155869
GatherNUFFT2,1,25,0.011773018
GatherNUFFT2,1,26,0.014426794
GatherNUFFT2,1,27,0.011887479
GatherNUFFT2,1,28,0.012512164
GatherNUFFT2,1,29,0.011822905
mainTimer,2,0,6.952930704
dumpData,2,0,0.01541038
dumpData,2,1,0.013162065
dumpData,2,2,0.01350215
dumpData,2,3,0.012457861
dumpData,2,4,0.013023766
dumpData,2,5,0.012245677
dumpData,2,6,0.011995541
dumpData,2,7,0.013711168
dumpData,2,8,0.012045906
dumpData,2,9,0.012161838
kick,2,0,4.8671e-05
kick,2,1,8.832e-06
kick,2,2,5.1647e-05
kick,2,3,7.615e-06
kick,2,4,4.9854e-05
kick,2,5,7.008e-06
kick,2,6,4.995e-05
kick,2,7,7.616e-06
kick,2,8,5.1167e-05
kick,2,9,8.512e-06
kick,2,10,4.9375e-05
kick,2,11,1.1072e-05
kick,2,12,4.8766e-05
kick,2,13,8.288e-06
kick,2,14,5.0239e-05
kick,2,15,9.503e-06
kick,2,16,4.8478e-05
kick,2,17,1.2256e-05
kick,2,18,4.7646e-05
kick,2,19,7.52e-06
drift,2,0,7.455e-06
drift,2,1,9.119e-06
drift,2,2,6.72e-06
drift,2,3,8.416e-06
drift,2,4,6.367e-06
drift,2,5,6.208e-06
drift,2,6,5.888e-06
drift,2,7,6.752e-06
drift,2,8,6.592e-06
drift,2,9,8.704e-06
particleBC,2,0,1.3376e-05
particleBC,2,1,1.344e-05
particleBC,2,2,1.1904e-05
particleBC,2,3,1.0304e-05
particleBC,2,4,1.0496e-05
particleBC,2,5,1.2191e-05
particleBC,2,6,1.2416e-05
particleBC,2,7,1.1231e-05
particleBC,2,8,1.0016e-05
particleBC,2,9,1.2415e-05
updateParticle,2,0,0.013519206
updateParticle,2,1,0.013489127
updateParticle,2,2,0.013516869
updateParticle,2,3,0.013497798
updateParticle,2,4,0.013541478
updateParticle,2,5,0.01351383
updateParticle,2,6,0.013542148
updateParticle,2,7,0.013562884
updateParticle,2,8,0.013586211
updateParticle,2,9,0.013570149
locateParticles,2,0,0.007128392
locateParticles,2,1,0.007125128
locateParticles,2,2,0.00710612
locateParticles,2,3,0.007150983
locateParticles,2,4,0.007126856
locateParticles,2,5,0.007118856
locateParticles,2,6,0.007124199
locateParticles,2,7,0.007108616
locateParticles,2,8,0.007121672
locateParticles,2,9,0.007094506
sendPreprocess,2,0,0.000245432
sendPreprocess,2,1,0.000242393
sendPreprocess,2,2,0.000240313
sendPreprocess,2,3,0.00020697
sendPreprocess,2,4,0.000267512
sendPreprocess,2,5,0.000256184
sendPreprocess,2,6,0.000263832
sendPreprocess,2,7,0.000257816
sendPreprocess,2,8,0.000239448
sendPreprocess,2,9,0.000255992
particleSend,2,0,0.000787464
particleSend,2,1,0.00077812
particleSend,2,2,0.00083911
particleSend,2,3,0.000789704
particleSend,2,4,0.000789608
particleSend,2,5,0.000829159
particleSend,2,6,0.00077908
particleSend,2,7,0.000774185
particleSend,2,8,0.000794344
particleSend,2,9,0.00086167
particleRecv,2,0,2.7616e-05
particleRecv,2,1,3.1007e-05
particleRecv,2,2,2.2751e-05
particleRecv,2,3,2.6879e-05
particleRecv,2,4,2.5855e-05
particleRecv,2,5,2.1983e-05
particleRecv,2,6,3.2063e-05
particleRecv,2,7,3.1999e-05
particleRecv,2,8,2.8479e-05
particleRecv,2,9,1.8687e-05
particleDestroy,2,0,0.004539478
particleDestroy,2,1,0.004530007
particleDestroy,2,2,0.004558038
particleDestroy,2,3,0.004580597
particleDestroy,2,4,0.004541718
particleDestroy,2,5,0.004539703
particleDestroy,2,6,0.004559542
particleDestroy,2,7,0.004578037
particleDestroy,2,8,0.004580661
particleDestroy,2,9,0.004584885
ScatterPIFNUFFT,2,0,0.175824744
ScatterPIFNUFFT,2,1,3.6095e-05
ScatterPIFNUFFT,2,2,0.176182652
ScatterPIFNUFFT,2,3,3.2287e-05
ScatterPIFNUFFT,2,4,0.175749577
ScatterPIFNUFFT,2,5,3.6863e-05
ScatterPIFNUFFT,2,6,0.17676961
ScatterPIFNUFFT,2,7,3.7343e-05
ScatterPIFNUFFT,2,8,0.176031456
ScatterPIFNUFFT,2,9,3.5839e-05
ScatterPIFNUFFT,2,10,0.175897764
ScatterPIFNUFFT,2,11,3.9646e-05
ScatterPIFNUFFT,2,12,0.175770697
ScatterPIFNUFFT,2,13,3.9071e-05
ScatterPIFNUFFT,2,14,0.175809191
ScatterPIFNUFFT,2,15,2.8639e-05
ScatterPIFNUFFT,2,16,0.180656277
ScatterPIFNUFFT,2,17,1.2479e-05
ScatterPIFNUFFT,2,18,0.175925475
ScatterPIFNUFFT,2,19,3.843e-05
NativeNUFFT1,2,0,0.16790812
NativeNUFFT1,2,1,0.167992469
NativeNUFFT1,2,2,0.167795419
NativeNUFFT1,2,3,0.168762558
NativeNUFFT1,2,4,0.16969952
NativeNUFFT1,2,5,0.167820889
NativeNUFFT1,2,6,0.167924087
NativeNUFFT1,2,7,0.167985717
NativeNUFFT1,2,8,0.172707142
NativeNUFFT1,2,9,0.169644899
scatterTimerNUFFT1,2,0,0.038769703
scatterTimerNUFFT1,2,1,0.038969889
scatterTimerNUFFT1,2,2,0.038436082
scatterTimerNUFFT1,2,3,0.038749736
scatterTimerNUFFT1,2,4,0.040029184
scatterTimerNUFFT1,2,5,0.038485999
scatterTimerNUFFT1,2,6,0.038697353
scatterTimerNUFFT1,2,7,0.038609644
scatterTimerNUFFT1,2,8,0.038211512
scatterTimerNUFFT1,2,9,0.040020929
binSort,2,0,0.008176327
binSort,2,1,0.008260709
binSort,2,2,0.008198119
binSort,2,3,0.008295011
binSort,2,4,0.008340132
binSort,2,5,0.008298691
binSort,2,6,0.008230726
binSort,2,7,0.00823591
binSort,2,8,0.008159753
binSort,2,9,0.008232102
binSort,2,10,0.008194055
binSort,2,11,0.008211878
binSort,2,12,0.008161449
binSort,2,13,0.008287428
binSort,2,14,0.00829946
binSort,2,15,0.008220359
binSort,2,16,0.008219846
binSort,2,17,0.008281381
binSort,2,18,0.008224775
binSort,2,19,0.00825095
binSort,2,20,0.008210279
binSort,2,21,0.008224006
binSort,2,22,0.008222055
binSort,2,23,0.008234087
binSort,2,24,0.008197735
binSort,2,25,0.008266373
binSort,2,26,0.008252069
binSort,2,27,0.008257157
binSort,2,28,0.008205415
binSort,2,29,0.008266629
binSort,2,30,0.008273509
binSort,2,31,0.008200775
binSort,2,32,0.008166216
binSort,2,33,0.008258309
binSort,2,34,0.008219302
binSort,2,35,0.008233286
binSort,2,36,0.008271461
binSort,2,37,0.008291652
binSort,2,38,0.008223654
binSort,2,39,0.008219815
binComputeKeys,2,0,0.000779912
binComputeKeys,2,1,0.000798632
binComputeKeys,2,2,0.000805896
binComputeKeys,2,3,0.00079108
binComputeKeys,2,4,0.000808872
binComputeKeys,2,5,0.000789768
binComputeKeys,2,6,0.000821607
binComputeKeys,2,7,0.000806599
binComputeKeys,2,8,0.000783432
binComputeKeys,2,9,0.000810823
binComputeKeys,2,10,0.000816231
binComputeKeys,2,11,0.000826791
binComputeKeys,2,12,0.000779497
binComputeKeys,2,13,0.000806887
binComputeKeys,2,14,0.000780649
binComputeKeys,2,15,0.0008002
binComputeKeys,2,16,0.000773449
binComputeKeys,2,17,0.000790632
binComputeKeys,2,18,0.000823015
binComputeKeys,2,19,0.000801736
binComputeKeys,2,20,0.000789576
binComputeKeys,2,21,0.000816455
binComputeKeys,2,22,0.000809928
binComputeKeys,2,23,0.000808456
binComputeKeys,2,24,0.000778248
binComputeKeys,2,25,0.000810375
binComputeKeys,2,26,0.00084007
binComputeKeys,2,27,0.000805959
binComputeKeys,2,28,0.000787688
binComputeKeys,2,29,0.000798472
binComputeKeys,2,30,0.000799432
binComputeKeys,2,31,0.000800136
binComputeKeys,2,32,0.000777992
binComputeKeys,2,33,0.000803079
binComputeKeys,2,34,0.000814247
binComputeKeys,2,35,0.000819879
binComputeKeys,2,36,0.000767657
binComputeKeys,2,37,0.00078916
binComputeKeys,2,38,0.000811528
binComputeKeys,2,39,0.000807944
binSortByKey,2,0,0.007030283
binSortByKey,2,1,0.007085224
binSortByKey,2,2,0.007025707
binSortByKey,2,3,0.007126887
binSortByKey,2,4,0.007124872
binSortByKey,2,5,0.007121415
binSortByKey,2,6,0.007044906
binSortByKey,2,7,0.00705601
binSortByKey,2,8,0.0070107
binSortByKey,2,9,0.007056074
binSortByKey,2,10,0.007013931
binSortByKey,2,11,0.007021546
binSortByKey,2,12,0.007018763
binSortByKey,2,13,0.007110024
binSortByKey,2,14,0.007130343
binSortByKey,2,15,0.007056841
binSortByKey,2,16,0.007048074
binSortByKey,2,17,0.007104873
binSortByKey,2,18,0.007040651
binSortByKey,2,19,0.007080138
binSortByKey,2,20,0.007040778
binSortByKey,2,21,0.007042186
binSortByKey,2,22,0.007049162
binSortByKey,2,23,0.007060234
binSortByKey,2,24,0.007047146
binSortByKey,2,25,0.007084874
binSortByKey,2,26,0.007033163
binSortByKey,2,27,0.007077097
binSortByKey,2,28,0.007034859
binSortByKey,2,29,0.007090313
binSortByKey,2,30,0.007098024
binSortByKey,2,31,0.007037514
binSortByKey,2,32,0.007018475
binSortByKey,2,33,0.007078729
binSortByKey,2,34,0.007045642
binSortByKey,2,35,0.00704993
binSortByKey,2,36,0.007098792
binSortByKey,2,37,0.007123848
binSortByKey,2,38,0.007050121
binSortByKey,2,39,0.007046314
binComputeOffsets,2,0,0.000363381
binComputeOffsets,2,1,0.000374133
binComputeOffsets,2,2,0.000363861
binComputeOffsets,2,3,0.000374004
binComputeOffsets,2,4,0.000400852
binComputeOffsets,2,5,0.00038162
binComputeOffsets,2,6,0.000359829
binComputeOffsets,2,7,0.000370677
binComputeOffsets,2,8,0.000363701
binComputeOffsets,2,9,0.000358645
binComputeOffsets,2,10,0.000361461
binComputeOffsets,2,11,0.000358741
binComputeOffsets,2,12,0.000360341
binComputeOffsets,2,13,0.000365877
binComputeOffsets,2,14,0.00038498
binComputeOffsets,2,15,0.000358614
binComputeOffsets,2,16,0.000391284
binComputeOffsets,2,17,0.000383028
binComputeOffsets,2,18,0.000358806
binComputeOffsets,2,19,0.000365524
binComputeOffsets,2,20,0.000373109
binComputeOffsets,2,21,0.000362165
binComputeOffsets,2,22,0.000359829
binComputeOffsets,2,23,0.000362422
binComputeOffsets,2,24,0.000367637
binComputeOffsets,2,25,0.000365748
binComputeOffsets,2,26,0.000375189
binComputeOffsets,2,27,0.000370197
binComputeOffsets,2,28,0.000378453
binComputeOffsets,2,29,0.00037362
binComputeOffsets,2,30,0.000372597
binComputeOffsets,2,31,0.000359381
binComputeOffsets,2,32,0.000364565
binComputeOffsets,2,33,0.000374709
binComputeOffsets,2,34,0.000357429
binComputeOffsets,2,35,0.000359189
binComputeOffsets,2,36,0.00040242
binComputeOffsets,2,37,0.000375924
binComputeOffsets,2,38,0.000358197
binComputeOffsets,2,39,0.000361941
FFTNUFFT1,2,0,0.127659454
FFTNUFFT1,2,1,0.127326599
FFTNUFFT1,2,2,0.127632222
FFTNUFFT1,2,3,0.128346248
FFTNUFFT1,2,4,0.128191341
FFTNUFFT1,2,5,0.127965588
FFTNUFFT1,2,6,0.127892886
FFTNUFFT1,2,7,0.127866903
FFTNUFFT1,2,8,0.133173078
FFTNUFFT1,2,9,0.128090448
deconvolutionNUFFT1,2,0,0.001473619
deconvolutionNUFFT1,2,1,0.001691053
deconvolutionNUFFT1,2,2,0.001722764
deconvolutionNUFFT1,2,3,0.001662062
deconvolutionNUFFT1,2,4,0.001474547
deconvolutionNUFFT1,2,5,0.001364982
deconvolutionNUFFT1,2,6,0.001330552
deconvolutionNUFFT1,2,7,0.00150565
deconvolutionNUFFT1,2,8,0.00131756
deconvolutionNUFFT1,2,9,0.001529842
GatherPIFNUFFT,2,0,0.480261198
GatherPIFNUFFT,2,1,0.485060348
GatherPIFNUFFT,2,2,0.483260018
GatherPIFNUFFT,2,3,0.481827325
GatherPIFNUFFT,2,4,0.481151059
GatherPIFNUFFT,2,5,0.481545222
GatherPIFNUFFT,2,6,0.481123475
GatherPIFNUFFT,2,7,0.483305073
GatherPIFNUFFT,2,8,0.478609312
GatherPIFNUFFT,2,9,0.481879453
NativeNUFFT2,2,0,0.154978816
NativeNUFFT2,2,1,0.159069731
NativeNUFFT2,2,2,0.1583758
NativeNUFFT2,2,3,0.160744593
NativeNUFFT2,2,4,0.158455254
NativeNUFFT2,2,5,0.16056351
NativeNUFFT2,2,6,0.157903719
NativeNUFFT2,2,7,0.157194076
NativeNUFFT2,2,8,0.160117252
NativeNUFFT2,2,9,0.157196348
NativeNUFFT2,2,10,0.158922856
NativeNUFFT2,2,11,0.157869479
NativeNUFFT2,2,12,0.158656272
NativeNUFFT2,2,13,0.157048129
NativeNUFFT2,2,14,0.157574032
NativeNUFFT2,2,15,0.155938882
NativeNUFFT2,2,16,0.159990984
NativeNUFFT2,2,17,0.157775851
NativeNUFFT2,2,18,0.157493811
NativeNUFFT2,2,19,0.158814412
NativeNUFFT2,2,20,0.157113087
NativeNUFFT2,2,21,0.157510803
NativeNUFFT2,2,22,0.158560947
NativeNUFFT2,2,23,0.159504022
NativeNUFFT2,2,24,0.157616144
NativeNUFFT2,2,25,0.157972613
NativeNUFFT2,2,26,0.160269471
NativeNUFFT2,2,27,0.159125794
NativeNUFFT2,2,28,0.157898951
NativeNUFFT2,2,29,0.158779724
PrecorrectionNUFFT2,2,0,0.00312157
PrecorrectionNUFFT2,2,1,0.005110501
PrecorrectionNUFFT2,2,2,0.005103364
PrecorrectionNUFFT2,2,3,0.003113218
PrecorrectionNUFFT2,2,4,0.005118756
PrecorrectionNUFFT2,2,5,0.005108101
PrecorrectionNUFFT2,2,6,0.00317024
PrecorrectionNUFFT2,2,7,0.005098469
PrecorrectionNUFFT2,2,8,0.005110341
PrecorrectionNUFFT2,2,9,0.003118017
PrecorrectionNUFFT2,2,10,0.005107173
PrecorrectionNUFFT2,2,11,0.005121796
PrecorrectionNUFFT2,2,12,0.003147617
PrecorrectionNUFFT2,2,13,0.005081446
PrecorrectionNUFFT2,2,14,0.00507815
PrecorrectionNUFFT2,2,15,0.003154016
PrecorrectionNUFFT2,2,16,0.005105766
PrecorrectionNUFFT2,2,17,0.00509799
PrecorrectionNUFFT2,2,18,0.003163616
PrecorrectionNUFFT2,2,19,0.00508983
PrecorrectionNUFFT2,2,20,0.005113957
PrecorrectionNUFFT2,2,21,0.003150208
PrecorrectionNUFFT2,2,22,0.005088069
PrecorrectionNUFFT2,2,23,0.005124484
PrecorrectionNUFFT2,2,24,0.003115202
PrecorrectionNUFFT2,2,25,0.005107685
PrecorrectionNUFFT2,2,26,0.005098917
PrecorrectionNUFFT2,2,27,0.00316896
PrecorrectionNUFFT2,2,28,0.005122212
PrecorrectionNUFFT2,2,29,0.005113892
FFTNUFFT2,2,0,0.127331239
FFTNUFFT2,2,1,0.129605474
FFTNUFFT2,2,2,0.127115246
FFTNUFFT2,2,3,0.131964602
FFTNUFFT2,2,4,0.129172783
FFTNUFFT2,2,5,0.127874967
FFTNUFFT2,2,6,0.130082483
FFTNUFFT2,2,7,0.127696636
FFTNUFFT2,2,8,0.129610274
FFTNUFFT2,2,9,0.127490082
FFTNUFFT2,2,10,0.128371975
FFTNUFFT2,2,11,0.128109071
FFTNUFFT2,2,12,0.130049588
FFTNUFFT2,2,13,0.127510561
FFTNUFFT2,2,14,0.127747449
FFTNUFFT2,2,15,0.128426214
FFTNUFFT2,2,16,0.130299084
FFTNUFFT2,2,17,0.127998483
FFTNUFFT2,2,18,0.127921109
FFTNUFFT2,2,19,0.129351273
FFTNUFFT2,2,20,0.127307239
FFTNUFFT2,2,21,0.129628673
FFTNUFFT2,2,22,0.127713468
FFTNUFFT2,2,23,0.128418982
FFTNUFFT2,2,24,0.127306311
FFTNUFFT2,2,25,0.128453381
FFTNUFFT2,2,26,0.13054679
FFTNUFFT2,2,27,0.130414058
FFTNUFFT2,2,28,0.127815
FFTNUFFT2,2,29,0.129271948
GatherNUFFT2,2,0,0.012007763
GatherNUFFT2,2,1,0.012213805
GatherNUFFT2,2,2,0.013647681
GatherNUFFT2,2,3,0.013226062
GatherNUFFT2,2,4,0.011679229
GatherNUFFT2,2,5,0.015406156
GatherNUFFT2,2,6,0.012176815
GatherNUFFT2,2,7,0.012260011
GatherNUFFT2,2,8,0.012877145
GatherNUFFT2,2,9,0.014361164
GatherNUFFT2,2,10,0.01291516
GatherNUFFT2,2,11,0.012269035
GatherNUFFT2,2,12,0.012812379
GatherNUFFT2,2,13,0.011968117
GatherNUFFT2,2,14,0.012574211
GatherNUFFT2,2,15,0.012160782
GatherNUFFT2,2,16,0.012106353
GatherNUFFT2,2,17,0.012038003
GatherNUFFT2,2,18,0.014236721
GatherNUFFT2,2,19,0.012215086
GatherNUFFT2,2,20,0.012204302
GatherNUFFT2,2,21,0.012165839
GatherNUFFT2,2,22,0.013370891
GatherNUFFT2,2,23,0.01380182
GatherNUFFT2,2,24,0.01443825
GatherNUFFT2,2,25,0.012224845
GatherNUFFT2,2,26,0.012124527
GatherNUFFT2,2,27,0.0130381
GatherNUFFT2,2,28,0.012263595
GatherNUFFT2,2,29,0.012232332
mainTimer,3,0,6.952930416
dumpData,3,0,0.016478187
dumpData,3,1,0.015027288
dumpData,3,2,0.015464619
dumpData,3,3,0.014323725
dumpData,3,4,0.01490534
dumpData,3,5,0.013231855
dumpData,3,6,0.013751743
dumpData,3,7,0.014566758
dumpData,3,8,0.013024085
dumpData,3,9,0.01399439
kick,3,0,4.7647e-05
kick,3,1,6.911e-06
kick,3,2,5.1839e-05
kick,3,3,6.432e-06
kick,3,4,4.9502e-05
kick,3,5,5.951e-06
kick,3,6,4.9214e-05
kick,3,7,5.728e-06
kick,3,8,5.0495e-05
kick,3,9,6.72e-06
kick,3,10,4.8959e-05
kick,3,11,6.335e-06
kick,3,12,4.819e-05
kick,3,13,6.176e-06
kick,3,14,4.9183e-05
kick,3,15,5.76e-06
kick,3,16,4.7774e-05
kick,3,17,5.663e-06
kick,3,18,4.771e-05
kick,3,19,6.048e-06
drift,3,0,7.359e-06
drift,3,1,7.967e-06
drift,3,2,6.912e-06
drift,3,3,7.968e-06
drift,3,4,5.471e-06
drift,3,5,6.048e-06
drift,3,6,5.216e-06
drift,3,7,7.456e-06
drift,3,8,5.344e-06
drift,3,9,8.384e-06
particleBC,3,0,1.3056e-05
particleBC,3,1,1.2768e-05
particleBC,3,2,1.056e-05
particleBC,3,3,1.1904e-05
particleBC,3,4,1.2256e-05
particleBC,3,5,1.1775e-05
particleBC,3,6,1.152e-05
particleBC,3,7,1.2319e-05
particleBC,3,8,1.1776e-05
particleBC,3,9,1.2223e-05
updateParticle,3,0,0.013484967
updateParticle,3,1,0.013468712
updateParticle,3,2,0.013519781
updateParticle,3,3,0.01350151
updateParticle,3,4,0.013545157
updateParticle,3,5,0.013516646
updateParticle,3,6,0.013517637
updateParticle,3,7,0.013499398
updateParticle,3,8,0.013517221
updateParticle,3,9,0.013563749
locateParticles,3,0,0.006782258
locateParticles,3,1,0.006773459
locateParticles,3,2,0.00679605
locateParticles,3,3,0.006796818
locateParticles,3,4,0.006788402
locateParticles,3,5,0.00678965
locateParticles,3,6,0.006778578
locateParticles,3,7,0.006763155
locateParticles,3,8,0.006788402
locateParticles,3,9,0.006797875
sendPreprocess,3,0,0.000591886
sendPreprocess,3,1,0.000597934
sendPreprocess,3,2,0.000552623
sendPreprocess,3,3,0.000562575
sendPreprocess,3,4,0.000608046
sendPreprocess,3,5,0.00058747
sendPreprocess,3,6,0.000612525
sendPreprocess,3,7,0.000602189
sendPreprocess,3,8,0.000573998
sendPreprocess,3,9,0.000553967
particleSend,3,0,0.000761161
particleSend,3,1,0.000777384
particleSend,3,2,0.000838918
particleSend,3,3,0.000808583
particleSend,3,4,0.000806855
particleSend,3,5,0.000763913
particleSend,3,6,0.000794376
particleSend,3,7,0.000786792
particleSend,3,8,0.000776297
particleSend,3,9,0.000837862
particleRecv,3,0,3.1455e-05
particleRecv,3,1,2.8959e-05
particleRecv,3,2,2.2687e-05
particleRecv,3,3,2.5183e-05
particleRecv,3,4,2.2048e-05
particleRecv,3,5,3.0943e-05
particleRecv,3,6,2.4543e-05
particleRecv,3,7,2.7808e-05
particleRecv,3,8,2.9503e-05
particleRecv,3,9,2.4224e-05
particleDestroy,3,0,0.004425786
particleDestroy,3,1,0.004440985
particleDestroy,3,2,0.004401499
particleDestroy,3,3,0.004400314
particleDestroy,3,4,0.00440185
particleDestroy,3,5,0.004425914
particleDestroy,3,6,0.004425657
particleDestroy,3,7,0.004403355
particleDestroy,3,8,0.00439705
particleDestroy,3,9,0.004425305
ScatterPIFNUFFT,3,0,0.176179517
ScatterPIFNUFFT,3,1,2.4608e-05
ScatterPIFNUFFT,3,2,0.176478708
ScatterPIFNUFFT,3,3,2.6527e-05
ScatterPIFNUFFT,3,4,0.175976418
ScatterPIFNUFFT,3,5,1.76e-05
ScatterPIFNUFFT,3,6,0.178075586
ScatterPIFNUFFT,3,7,3.2447e-05
ScatterPIFNUFFT,3,8,0.176302424
ScatterPIFNUFFT,3,9,1.5775e-05
ScatterPIFNUFFT,3,10,0.176338039
ScatterPIFNUFFT,3,11,3.0111e-05
ScatterPIFNUFFT,3,12,0.176225212
ScatterPIFNUFFT,3,13,3.0623e-05
ScatterPIFNUFFT,3,14,0.176195964
ScatterPIFNUFFT,3,15,2.6655e-05
ScatterPIFNUFFT,3,16,0.176646222
ScatterPIFNUFFT,3,17,2.7647e-05
ScatterPIFNUFFT,3,18,0.176347574
ScatterPIFNUFFT,3,19,1.9328e-05
NativeNUFFT1,3,0,0.168279276
NativeNUFFT1,3,1,0.170258321
NativeNUFFT1,3,2,0.168000917
NativeNUFFT1,3,3,0.170004024
NativeNUFFT1,3,4,0.168122577
NativeNUFFT1,3,5,0.168383208
NativeNUFFT1,3,6,0.168297419
NativeNUFFT1,3,7,0.168256142
NativeNUFFT1,3,8,0.1685633
NativeNUFFT1,3,9,0.1681492
scatterTimerNUFFT1,3,0,0.038449169
scatterTimerNUFFT1,3,1,0.04081745
scatterTimerNUFFT1,3,2,0.038250711
scatterTimerNUFFT1,3,3,0.038568526
scatterTimerNUFFT1,3,4,0.037926145
scatterTimerNUFFT1,3,5,0.038454064
scatterTimerNUFFT1,3,6,0.038517583
scatterTimerNUFFT1,3,7,0.038413267
scatterTimerNUFFT1,3,8,0.038007359
scatterTimerNUFFT1,3,9,0.037844355
binSort,3,0,0.007798131
binSort,3,1,0.007712854
binSort,3,2,0.00778994
binSort,3,3,0.007781556
binSort,3,4,0.007759125
binSort,3,5,0.007776947
binSort,3,6,0.007762004
binSort,3,7,0.007753684
binSort,3,8,0.007750773
binSort,3,9,0.007757877
binSort,3,10,0.007726901
binSort,3,11,0.007727221
binSort,3,12,0.007749589
binSort,3,13,0.007793107
binSort,3,14,0.007782163
binSort,3,15,0.00770831
binSort,3,16,0.007799987
binSort,3,17,0.007715574
binSort,3,18,0.007734774
binSort,3,19,0.007766709
binSort,3,20,0.007795155
binSort,3,21,0.007712086
binSort,3,22,0.007735062
binSort,3,23,0.007735349
binSort,3,24,0.00776322
binSort,3,25,0.00778194
binSort,3,26,0.007758196
binSort,3,27,0.007718038
binSort,3,28,0.007772532
binSort,3,29,0.007709398
binSort,3,30,0.007785556
binSort,3,31,0.007764276
binSort,3,32,0.007757973
binSort,3,33,0.007763956
binSort,3,34,0.007725429
binSort,3,35,0.007749172
binSort,3,36,0.007746709
binSort,3,37,0.007757492
binSort,3,38,0.007719029
binSort,3,39,0.007789843
binComputeKeys,3,0,0.00074081
binComputeKeys,3,1,0.000775593
binComputeKeys,3,2,0.000760329
binComputeKeys,3,3,0.000761481
binComputeKeys,3,4,0.000740266
binComputeKeys,3,5,0.000762152
binComputeKeys,3,6,0.000770056
binComputeKeys,3,7,0.000751785
binComputeKeys,3,8,0.000744266
binComputeKeys,3,9,0.000762505
binComputeKeys,3,10,0.000750345
binComputeKeys,3,11,0.000759529
binComputeKeys,3,12,0.00074193
binComputeKeys,3,13,0.000768681
binComputeKeys,3,14,0.000758665
binComputeKeys,3,15,0.000770889
binComputeKeys,3,16,0.000752457
binComputeKeys,3,17,0.000758345
binComputeKeys,3,18,0.000760809
binComputeKeys,3,19,0.000760201
binComputeKeys,3,20,0.00074881
binComputeKeys,3,21,0.00074017
binComputeKeys,3,22,0.000755721
binComputeKeys,3,23,0.000770281
binComputeKeys,3,24,0.000737641
binComputeKeys,3,25,0.00077172
binComputeKeys,3,26,0.000758793
binComputeKeys,3,27,0.000774761
binComputeKeys,3,28,0.000744329
binComputeKeys,3,29,0.000766249
binComputeKeys,3,30,0.000766601
binComputeKeys,3,31,0.000757449
binComputeKeys,3,32,0.000738441
binComputeKeys,3,33,0.000752425
binComputeKeys,3,34,0.000759561
binComputeKeys,3,35,0.000763848
binComputeKeys,3,36,0.000742442
binComputeKeys,3,37,0.000755049
binComputeKeys,3,38,0.000768552
binComputeKeys,3,39,0.000754921
binSortByKey,3,0,0.006699604
binSortByKey,3,1,0.006595511
binSortByKey,3,2,0.006670581
binSortByKey,3,3,0.00665791
binSortByKey,3,4,0.006659254
binSortByKey,3,5,0.006664694
binSortByKey,3,6,0.006639862
binSortByKey,3,7,0.006641942
binSortByKey,3,8,0.006655894
binSortByKey,3,9,0.006641558
binSortByKey,3,10,0.006625878
binSortByKey,3,11,0.006616183
binSortByKey,3,12,0.00665327
binSortByKey,3,13,0.006662806
binSortByKey,3,14,0.006670229
binSortByKey,3,15,0.006587992
binSortByKey,3,16,0.006672117
binSortByKey,3,17,0.006614775
binSortByKey,3,18,0.006624215
binSortByKey,3,19,0.00665023
binSortByKey,3,20,0.006688821
binSortByKey,3,21,0.006618135
binSortByKey,3,22,0.006630391
binSortByKey,3,23,0.006613431
binSortByKey,3,24,0.006669654
binSortByKey,3,25,0.006654295
binSortByKey,3,26,0.006643382
binSortByKey,3,27,0.006604311
binSortByKey,3,28,0.006673302
binSortByKey,3,29,0.006605111
binSortByKey,3,30,0.006656533
binSortByKey,3,31,0.006648694
binSortByKey,3,32,0.006662326
binSortByKey,3,33,0.006643222
binSortByKey,3,34,0.006617463
binSortByKey,3,35,0.006633911
binSortByKey,3,36,0.006636694
binSortByKey,3,37,0.00663999
binSortByKey,3,38,0.006599896
binSortByKey,3,39,0.006672501
binComputeOffsets,3,0,0.000353525
binComputeOffsets,3,1,0.000339222
binComputeOffsets,3,2,0.000355382
binComputeOffsets,3,3,0.000360373
binComputeOffsets,3,4,0.000355157
binComputeOffsets,3,5,0.000344405
binComputeOffsets,3,6,0.000348694
binComputeOffsets,3,7,0.000356085
binComputeOffsets,3,8,0.000347125
binComputeOffsets,3,9,0.000349366
binComputeOffsets,3,10,0.000347958
binComputeOffsets,3,11,0.000347605
binComputeOffsets,3,12,0.000351573
binComputeOffsets,3,13,0.000357301
binComputeOffsets,3,14,0.000351381
binComputeOffsets,3,15,0.000347445
binComputeOffsets,3,16,0.000369141
binComputeOffsets,3,17,0.00033967
binComputeOffsets,3,18,0.00034751
binComputeOffsets,3,19,0.00035263
binComputeOffsets,3,20,0.000352917
binComputeOffsets,3,21,0.000351222
binComputeOffsets,3,22,0.00034559
binComputeOffsets,3,23,0.000348117
binComputeOffsets,3,24,0.000351574
binComputeOffsets,3,25,0.000351093
binComputeOffsets,3,26,0.000353141
binComputeOffsets,3,27,0.000336502
binComputeOffsets,3,28,0.000351733
binComputeOffsets,3,29,0.000336086
binComputeOffsets,3,30,0.000359542
binComputeOffsets,3,31,0.000353109
binComputeOffsets,3,32,0.00035247
binComputeOffsets,3,33,0.000366581
binComputeOffsets,3,34,0.000346453
binComputeOffsets,3,35,0.000348501
binComputeOffsets,3,36,0.000365269
binComputeOffsets,3,37,0.000360405
binComputeOffsets,3,38,0.000348213
binComputeOffsets,3,39,0.000358293
FFTNUFFT1,3,0,0.127895798
FFTNUFFT1,3,1,0.127481794
FFTNUFFT1,3,2,0.127756666
FFTNUFFT1,3,3,0.129785884
FFTNUFFT1,3,4,0.128195725
FFTNUFFT1,3,5,0.128006643
FFTNUFFT1,3,6,0.127861559
FFTNUFFT1,3,7,0.127988243
FFTNUFFT1,3,8,0.128910615
FFTNUFFT1,3,9,0.128325672
deconvolutionNUFFT1,3,0,0.001930501
deconvolutionNUFFT1,3,1,0.001956549
deconvolutionNUFFT1,3,2,0.001991812
deconvolutionNUFFT1,3,3,0.001645646
deconvolutionNUFFT1,3,4,0.00199594
deconvolutionNUFFT1,3,5,0.001919334
deconvolutionNUFFT1,3,6,0.001914789
deconvolutionNUFFT1,3,7,0.00185124
deconvolutionNUFFT1,3,8,0.001636878
deconvolutionNUFFT1,3,9,0.001976133
GatherPIFNUFFT,3,0,0.479067954
GatherPIFNUFFT,3,1,0.481630436
GatherPIFNUFFT,3,2,0.480650497
GatherPIFNUFFT,3,3,0.479150926
GatherPIFNUFFT,3,4,0.477846614
GatherPIFNUFFT,3,5,0.479281772
GatherPIFNUFFT,3,6,0.479685503
GatherPIFNUFFT,3,7,0.478856632
GatherPIFNUFFT,3,8,0.482325391
GatherPIFNUFFT,3,9,0.479653088
NativeNUFFT2,3,0,0.154401873
NativeNUFFT2,3,1,0.158470134
NativeNUFFT2,3,2,0.15924275
NativeNUFFT2,3,3,0.154318835
NativeNUFFT2,3,4,0.159201407
NativeNUFFT2,3,5,0.160210625
NativeNUFFT2,3,6,0.157130015
NativeNUFFT2,3,7,0.156971587
NativeNUFFT2,3,8,0.160416474
NativeNUFFT2,3,9,0.157149726
NativeNUFFT2,3,10,0.158839402
NativeNUFFT2,3,11,0.157179932
NativeNUFFT2,3,12,0.158125184
NativeNUFFT2,3,13,0.15705824
NativeNUFFT2,3,14,0.157566064
NativeNUFFT2,3,15,0.155195417
NativeNUFFT2,3,16,0.160047238
NativeNUFFT2,3,17,0.158018851
NativeNUFFT2,3,18,0.157345496
NativeNUFFT2,3,19,0.15780609
NativeNUFFT2,3,20,0.157690414
NativeNUFFT2,3,21,0.154820517
NativeNUFFT2,3,22,0.158995654
NativeNUFFT2,3,23,0.159808845
NativeNUFFT2,3,24,0.158895337
NativeNUFFT2,3,25,0.157923398
NativeNUFFT2,3,26,0.160304926
NativeNUFFT2,3,27,0.157151262
NativeNUFFT2,3,28,0.157264026
NativeNUFFT2,3,29,0.15831113
PrecorrectionNUFFT2,3,0,0.003125345
PrecorrectionNUFFT2,3,1,0.004995113
PrecorrectionNUFFT2,3,2,0.004986088
PrecorrectionNUFFT2,3,3,0.00313584
PrecorrectionNUFFT2,3,4,0.004989192
PrecorrectionNUFFT2,3,5,0.004976873
PrecorrectionNUFFT2,3,6,0.00310621
PrecorrectionNUFFT2,3,7,0.004995145
PrecorrectionNUFFT2,3,8,0.004984905
PrecorrectionNUFFT2,3,9,0.003117473
PrecorrectionNUFFT2,3,10,0.004993064
PrecorrectionNUFFT2,3,11,0.004991368
PrecorrectionNUFFT2,3,12,0.003142401
PrecorrectionNUFFT2,3,13,0.004982984
PrecorrectionNUFFT2,3,14,0.004984169
PrecorrectionNUFFT2,3,15,0.003144577
PrecorrectionNUFFT2,3,16,0.004986153
PrecorrectionNUFFT2,3,17,0.004991817
PrecorrectionNUFFT2,3,18,0.003122658
PrecorrectionNUFFT2,3,19,0.004986601
PrecorrectionNUFFT2,3,20,0.004974217
PrecorrectionNUFFT2,3,21,0.003108674
PrecorrectionNUFFT2,3,22,0.004992457
PrecorrectionNUFFT2,3,23,0.005000584
PrecorrectionNUFFT2,3,24,0.003116994
PrecorrectionNUFFT2,3,25,0.004995048
PrecorrectionNUFFT2,3,26,0.004979593
PrecorrectionNUFFT2,3,27,0.003115874
PrecorrectionNUFFT2,3,28,0.004995016
PrecorrectionNUFFT2,3,29,0.005000808
FFTNUFFT2,3,0,0.127688445
FFTNUFFT2,3,1,0.128941078
FFTNUFFT2,3,2,0.128715325
FFTNUFFT2,3,3,0.127823928
FFTNUFFT2,3,4,0.130613443
FFTNUFFT2,3,5,0.128006003
FFTNUFFT2,3,6,0.130263246
FFTNUFFT2,3,7,0.12790847
FFTNUFFT2,3,8,0.130785055
FFTNUFFT2,3,9,0.12735079
FFTNUFFT2,3,10,0.129854586
FFTNUFFT2,3,11,0.128694685
FFTNUFFT2,3,12,0.131524327
FFTNUFFT2,3,13,0.128273226
FFTNUFFT2,3,14,0.12805752
FFTNUFFT2,3,15,0.128122478
FFTNUFFT2,3,16,0.131385067
FFTNUFFT2,3,17,0.129112465
FFTNUFFT2,3,18,0.12775433
FFTNUFFT2,3,19,0.128242507
FFTNUFFT2,3,20,0.12881449
FFTNUFFT2,3,21,0.128018963
FFTNUFFT2,3,22,0.128567489
FFTNUFFT2,3,23,0.128523938
FFTNUFFT2,3,24,0.129587394
FFTNUFFT2,3,25,0.128975765
FFTNUFFT2,3,26,0.131632261
FFTNUFFT2,3,27,0.128842522
FFTNUFFT2,3,28,0.128321545
FFTNUFFT2,3,29,0.128638207
GatherNUFFT2,3,0,0.011383622
GatherNUFFT2,3,1,0.012368424
GatherNUFFT2,3,2,0.013358921
GatherNUFFT2,3,3,0.011525762
GatherNUFFT2,3,4,0.011603039
GatherNUFFT2,3,5,0.01493305
GatherNUFFT2,3,6,0.011787866
GatherNUFFT2,3,7,0.011743515
GatherNUFFT2,3,8,0.012687806
GatherNUFFT2,3,9,0.014435274
GatherNUFFT2,3,10,0.012012723
GatherNUFFT2,3,11,0.01152301
GatherNUFFT2,3,12,0.011498882
GatherNUFFT2,3,13,0.011700637
GatherNUFFT2,3,14,0.012252077
GatherNUFFT2,3,15,0.011830681
GatherNUFFT2,3,16,0.011686909
GatherNUFFT2,3,17,0.011671647
GatherNUFFT2,3,18,0.01426168
GatherNUFFT2,3,19,0.012315178
GatherNUFFT2,3,20,0.011674589
GatherNUFFT2,3,21,0.011409287
GatherNUFFT2,3,22,0.013197456
GatherNUFFT2,3,23,0.014018518
GatherNUFFT2,3,24,0.013923258
GatherNUFFT2,3,25,0.011736251
GatherNUFFT2,3,26,0.011749915
GatherNUFFT2,3,27,0.012964246
GatherNUFFT2,3,28,0.011616703
GatherNUFFT2,3,29,0.012393704
mainTimer,4,0,6.952932053
dumpData,4,0,0.01470865
dumpData,4,1,0.013191488
dumpData,4,2,0.013844072
dumpData,4,3,0.013341212
dumpData,4,4,0.012017899
dumpData,4,5,0.012871468
dumpData,4,6,0.014001027
dumpData,4,7,0.01199966
dumpData,4,8,0.01257583
dumpData,4,9,0.012316065
kick,4,0,4.883e-05
kick,4,1,1.5103e-05
kick,4,2,5.4782e-05
kick,4,3,1.408e-05
kick,4,4,4.9055e-05
kick,4,5,1.3376e-05
kick,4,6,5.0558e-05
kick,4,7,1.4367e-05
kick,4,8,5.4302e-05
kick,4,9,1.2064e-05
kick,4,10,4.947e-05
kick,4,11,1.1584e-05
kick,4,12,4.9598e-05
kick,4,13,1.2128e-05
kick,4,14,5.1902e-05
kick,4,15,1.6927e-05
kick,4,16,5.2638e-05
kick,4,17,1.8016e-05
kick,4,18,4.7774e-05
kick,4,19,1.7727e-05
drift,4,0,6.592e-06
drift,4,1,8e-06
drift,4,2,7.775e-06
drift,4,3,7.36e-06
drift,4,4,7.423e-06
drift,4,5,5.984e-06
drift,4,6,7.744e-06
drift,4,7,8.224e-06
drift,4,8,9.44e-06
drift,4,9,7.2e-06
particleBC,4,0,1.2127e-05
particleBC,4,1,1.1487e-05
particleBC,4,2,1.0208e-05
particleBC,4,3,1.1871e-05
particleBC,4,4,1.0752e-05
particleBC,4,5,9.056e-06
particleBC,4,6,1.2672e-05
particleBC,4,7,9.823e-06
particleBC,4,8,9.92e-06
particleBC,4,9,1.2255e-05
updateParticle,4,0,0.013986884
updateParticle,4,1,0.013993413
updateParticle,4,2,0.013922502
updateParticle,4,3,0.01399722
updateParticle,4,4,0.014009827
updateParticle,4,5,0.013949412
updateParticle,4,6,0.014030466
updateParticle,4,7,0.01406013
updateParticle,4,8,0.013941957
updateParticle,4,9,0.013992804
locateParticles,4,0,0.007067807
locateParticles,4,1,0.00708112
locateParticles,4,2,0.007085502
locateParticles,4,3,0.007070527
locateParticles,4,4,0.007106494
locateParticles,4,5,0.007100861
locateParticles,4,6,0.007100894
locateParticles,4,7,0.007079712
locateParticles,4,8,0.007079806
locateParticles,4,9,0.007121181
sendPreprocess,4,0,0.000303029
sendPreprocess,4,1,0.000276982
sendPreprocess,4,2,0.000250903
sendPreprocess,4,3,0.00027503
sendPreprocess,4,4,0.000269462
sendPreprocess,4,5,0.000265751
sendPreprocess,4,6,0.00027119
sendPreprocess,4,7,0.000276342
sendPreprocess,4,8,0.000262614
sendPreprocess,4,9,0.000220408
particleSend,4,0,0.000797315
particleSend,4,1,0.000798659
particleSend,4,2,0.000799939
particleSend,4,3,0.000857921
particleSend,4,4,0.000795715
particleSend,4,5,0.000804354
particleSend,4,6,0.000843682
particleSend,4,7,0.000773156
particleSend,4,8,0.000836162
particleSend,4,9,0.000805059
particleRecv,4,0,2.5887e-05
particleRecv,4,1,2.4383e-05
particleRecv,4,2,2.3519e-05
particleRecv,4,3,2.5375e-05
particleRecv,4,4,3.5071e-05
particleRecv,4,5,2.144e-05
particleRecv,4,6,2.6655e-05
particleRecv,4,7,3.3726e-05
particleRecv,4,8,2.5279e-05
particleRecv,4,9,2.8735e-05
particleDestroy,4,0,0.004699381
particleDestroy,4,1,0.004693078
particleDestroy,4,2,0.004680598
particleDestroy,4,3,0.004681718
particleDestroy,4,4,0.00471826
particleDestroy,4,5,0.004689461
particleDestroy,4,6,0.004693781
particleDestroy,4,7,0.004719797
particleDestroy,4,8,0.004701941
particleDestroy,4,9,0.004716469
ScatterPIFNUFFT,4,0,0.174647414
ScatterPIFNUFFT,4,1,6.547e-05
ScatterPIFNUFFT,4,2,0.175999684
ScatterPIFNUFFT,4,3,5.891e-05
ScatterPIFNUFFT,4,4,0.175006249
ScatterPIFNUFFT,4,5,4.8734e-05
ScatterPIFNUFFT,4,6,0.17518045
ScatterPIFNUFFT,4,7,5.5806e-05
ScatterPIFNUFFT,4,8,0.175452792
ScatterPIFNUFFT,4,9,5.5678e-05
ScatterPIFNUFFT,4,10,0.175293982
ScatterPIFNUFFT,4,11,4.2367e-05
ScatterPIFNUFFT,4,12,0.175201986
ScatterPIFNUFFT,4,13,5.123e-05
ScatterPIFNUFFT,4,14,0.175119012
ScatterPIFNUFFT,4,15,6.0958e-05
ScatterPIFNUFFT,4,16,0.174973674
ScatterPIFNUFFT,4,17,2.8543e-05
ScatterPIFNUFFT,4,18,0.174826447
ScatterPIFNUFFT,4,19,5.9006e-05
NativeNUFFT1,4,0,0.168395737
NativeNUFFT1,4,1,0.168014023
NativeNUFFT1,4,2,0.167031051
NativeNUFFT1,4,3,0.167202116
NativeNUFFT1,4,4,0.169191228
NativeNUFFT1,4,5,0.169138494
NativeNUFFT1,4,6,0.167110984
NativeNUFFT1,4,7,0.16889447
NativeNUFFT1,4,8,0.166986508
NativeNUFFT1,4,9,0.168478485
scatterTimerNUFFT1,4,0,0.039261357
scatterTimerNUFFT1,4,1,0.038379118
scatterTimerNUFFT1,4,2,0.038057497
scatterTimerNUFFT1,4,3,0.038046937
scatterTimerNUFFT1,4,4,0.03948151
scatterTimerNUFFT1,4,5,0.039700094
scatterTimerNUFFT1,4,6,0.038267953
scatterTimerNUFFT1,4,7,0.03975494
scatterTimerNUFFT1,4,8,0.037955645
scatterTimerNUFFT1,4,9,0.039743482
binSort,4,0,0.008228821
binSort,4,1,0.008293235
binSort,4,2,0.00831509
binSort,4,3,0.008176118
binSort,4,4,0.008165399
binSort,4,5,0.008215285
binSort,4,6,0.008260948
binSort,4,7,0.008220629
binSort,4,8,0.008159991
binSort,4,9,0.008295571
binSort,4,10,0.008283443
binSort,4,11,0.008254453
binSort,4,12,0.008169591
binSort,4,13,0.008201974
binSort,4,14,0.008260468
binSort,4,15,0.008279635
binSort,4,16,0.00824978
binSort,4,17,0.008287698
binSort,4,18,0.008299442
binSort,4,19,0.008273587
binSort,4,20,0.008221013
binSort,4,21,0.008307219
binSort,4,22,0.008253652
binSort,4,23,0.008243253
binSort,4,24,0.008145592
binSort,4,25,0.008226133
binSort,4,26,0.008294482
binSort,4,27,0.00826482
binSort,4,28,0.008205014
binSort,4,29,0.00830181
binSort,4,30,0.008192022
binSort,4,31,0.008201558
binSort,4,32,0.008154648
binSort,4,33,0.008214485
binSort,4,34,0.008290162
binSort,4,35,0.00828306
binSort,4,36,0.008255124
binSort,4,37,0.00821135
binSort,4,38,0.008302258
binSort,4,39,0.008285459
binComputeKeys,4,0,0.000783267
binComputeKeys,4,1,0.000841441
binComputeKeys,4,2,0.000799875
binComputeKeys,4,3,0.000807906
binComputeKeys,4,4,0.000784195
binComputeKeys,4,5,0.000796611
binComputeKeys,4,6,0.000788035
binComputeKeys,4,7,0.000817923
binComputeKeys,4,8,0.000782563
binComputeKeys,4,9,0.000783556
binComputeKeys,4,10,0.00080909
binComputeKeys,4,11,0.000797091
binComputeKeys,4,12,0.000784835
binComputeKeys,4,13,0.000818146
binComputeKeys,4,14,0.000796515
binComputeKeys,4,15,0.000811555
binComputeKeys,4,16,0.00077034
binComputeKeys,4,17,0.000813698
binComputeKeys,4,18,0.000796067
binComputeKeys,4,19,0.000834594
binComputeKeys,4,20,0.000772772
binComputeKeys,4,21,0.000825122
binComputeKeys,4,22,0.000798083
binComputeKeys,4,23,0.000781508
binComputeKeys,4,24,0.000797731
binComputeKeys,4,25,0.000822594
binComputeKeys,4,26,0.000815106
binComputeKeys,4,27,0.000810979
binComputeKeys,4,28,0.000781284
binComputeKeys,4,29,0.000809219
binComputeKeys,4,30,0.00081693
binComputeKeys,4,31,0.00081469
binComputeKeys,4,32,0.000781956
binComputeKeys,4,33,0.000813922
binComputeKeys,4,34,0.000776067
binComputeKeys,4,35,0.000803299
binComputeKeys,4,36,0.000782244
binComputeKeys,4,37,0.000806979
binComputeKeys,4,38,0.000794307
binComputeKeys,4,39,0.000832482
binSortByKey,4,0,0.007064896
binSortByKey,4,1,0.007077855
binSortByKey,4,2,0.007121245
binSortByKey,4,3,0.007007489
binSortByKey,4,4,0.007013473
binSortByKey,4,5,0.007042848
binSortByKey,4,6,0.007071263
binSortByKey,4,7,0.007035361
binSortByKey,4,8,0.007009505
binSortByKey,4,9,0.007125469
binSortByKey,4,10,0.007093566
binSortByKey,4,11,0.007065696
binSortByKey,4,12,0.007020513
binSortByKey,4,13,0.007020225
binSortByKey,4,14,0.007081791
binSortByKey,4,15,0.007088063
binSortByKey,4,16,0.007074719
binSortByKey,4,17,0.00709795
binSortByKey,4,18,0.007117341
binSortByKey,4,19,0.007056415
binSortByKey,4,20,0.007053535
binSortByKey,4,21,0.007104639
binSortByKey,4,22,0.007073247
binSortByKey,4,23,0.007054848
binSortByKey,4,24,0.006980226
binSortByKey,4,25,0.0070368
binSortByKey,4,26,0.007095678
binSortByKey,4,27,0.007068607
binSortByKey,4,28,0.007040448
binSortByKey,4,29,0.007105661
binSortByKey,4,30,0.007011521
binSortByKey,4,31,0.007022817
binSortByKey,4,32,0.007006785
binSortByKey,4,33,0.007035329
binSortByKey,4,34,0.007119677
binSortByKey,4,35,0.007096799
binSortByKey,4,36,0.007087934
binSortByKey,4,37,0.007038112
binSortByKey,4,38,0.007114877
binSortByKey,4,39,0.007073758
binComputeOffsets,4,0,0.000375986
binComputeOffsets,4,1,0.000366387
binComputeOffsets,4,2,0.00038597
binComputeOffsets,4,3,0.000358579
binComputeOffsets,4,4,0.000363827
binComputeOffsets,4,5,0.000372691
binComputeOffsets,4,6,0.00039605
binComputeOffsets,4,7,0.000363506
binComputeOffsets,4,8,0.000364403
binComputeOffsets,4,9,0.000381651
binComputeOffsets,4,10,0.000373555
binComputeOffsets,4,11,0.000384658
binComputeOffsets,4,12,0.000362099
binComputeOffsets,4,13,0.000359827
binComputeOffsets,4,14,0.000377458
binComputeOffsets,4,15,0.000372402
binComputeOffsets,4,16,0.000398001
binComputeOffsets,4,17,0.00037125
binComputeOffsets,4,18,0.000382674
binComputeOffsets,4,19,0.000378354
binComputeOffsets,4,20,0.000390482
binComputeOffsets,4,21,0.000371346
binComputeOffsets,4,22,0.000376658
binComputeOffsets,4,23,0.000400754
binComputeOffsets,4,24,0.000365235
binComputeOffsets,4,25,0.000362163
binComputeOffsets,4,26,0.000377938
binComputeOffsets,4,27,0.000380243
binComputeOffsets,4,28,0.000379378
binComputeOffsets,4,29,0.000381074
binComputeOffsets,4,30,0.000360243
binComputeOffsets,4,31,0.000361011
binComputeOffsets,4,32,0.000361683
binComputeOffsets,4,33,0.000362802
binComputeOffsets,4,34,0.000390002
binComputeOffsets,4,35,0.000379282
binComputeOffsets,4,36,0.000381394
binComputeOffsets,4,37,0.000360659
binComputeOffsets,4,38,0.000386578
binComputeOffsets,4,39,0.000373779
FFTNUFFT1,4,0,0.127476744
FFTNUFFT1,4,1,0.127986004
FFTNUFFT1,4,2,0.127630818
FFTNUFFT1,4,3,0.127824412
FFTNUFFT1,4,4,0.128357767
FFTNUFFT1,4,5,0.128082258
FFTNUFFT1,4,6,0.127524678
FFTNUFFT1,4,7,0.127815067
FFTNUFFT1,4,8,0.127711199
FFTNUFFT1,4,9,0.12743745
deconvolutionNUFFT1,4,0,0.001653316
deconvolutionNUFFT1,4,1,0.001642885
deconvolutionNUFFT1,4,2,0.00133576
deconvolutionNUFFT1,4,3,0.001327023
deconvolutionNUFFT1,4,4,0.001343695
deconvolutionNUFFT1,4,5,0.001346287
deconvolutionNUFFT1,4,6,0.001313809
deconvolutionNUFFT1,4,7,0.001318544
deconvolutionNUFFT1,4,8,0.0013124
deconvolutionNUFFT1,4,9,0.001293297
GatherPIFNUFFT,4,0,0.482414918
GatherPIFNUFFT,4,1,0.482021622
GatherPIFNUFFT,4,2,0.486083521
GatherPIFNUFFT,4,3,0.484065514
GatherPIFNUFFT,4,4,0.482756922
GatherPIFNUFFT,4,5,0.483235049
GatherPIFNUFFT,4,6,0.483237449
GatherPIFNUFFT,4,7,0.485349852
GatherPIFNUFFT,4,8,0.48577758
GatherPIFNUFFT,4,9,0.484248484
NativeNUFFT2,4,0,0.15544072
NativeNUFFT2,4,1,0.158329606
NativeNUFFT2,4,2,0.159042636
NativeNUFFT2,4,3,0.158456066
NativeNUFFT2,4,4,0.157742108
NativeNUFFT2,4,5,0.160670899
NativeNUFFT2,4,6,0.156879323
NativeNUFFT2,4,7,0.157769083
NativeNUFFT2,4,8,0.160649394
NativeNUFFT2,4,9,0.158542367
NativeNUFFT2,4,10,0.157717309
NativeNUFFT2,4,11,0.157361546
NativeNUFFT2,4,12,0.15789967
NativeNUFFT2,4,13,0.157306669
NativeNUFFT2,4,14,0.158886067
NativeNUFFT2,4,15,0.157196016
NativeNUFFT2,4,16,0.15915332
NativeNUFFT2,4,17,0.158074768
NativeNUFFT2,4,18,0.158554622
NativeNUFFT2,4,19,0.156707937
NativeNUFFT2,4,20,0.15755741
NativeNUFFT2,4,21,0.156897979
NativeNUFFT2,4,22,0.158604381
NativeNUFFT2,4,23,0.160717425
NativeNUFFT2,4,24,0.161498483
NativeNUFFT2,4,25,0.157677598
NativeNUFFT2,4,26,0.159401311
NativeNUFFT2,4,27,0.162026625
NativeNUFFT2,4,28,0.157977939
NativeNUFFT2,4,29,0.157987411
PrecorrectionNUFFT2,4,0,0.003217547
PrecorrectionNUFFT2,4,1,0.005141957
PrecorrectionNUFFT2,4,2,0.005111078
PrecorrectionNUFFT2,4,3,0.003161965
PrecorrectionNUFFT2,4,4,0.005121766
PrecorrectionNUFFT2,4,5,0.005137734
PrecorrectionNUFFT2,4,6,0.003149581
PrecorrectionNUFFT2,4,7,0.005119206
PrecorrectionNUFFT2,4,8,0.005123109
PrecorrectionNUFFT2,4,9,0.003221067
PrecorrectionNUFFT2,4,10,0.005120102
PrecorrectionNUFFT2,4,11,0.005133189
PrecorrectionNUFFT2,4,12,0.003223915
PrecorrectionNUFFT2,4,13,0.00513095
PrecorrectionNUFFT2,4,14,0.005151877
PrecorrectionNUFFT2,4,15,0.003199756
PrecorrectionNUFFT2,4,16,0.005109766
PrecorrectionNUFFT2,4,17,0.00510935
PrecorrectionNUFFT2,4,18,0.003227594
PrecorrectionNUFFT2,4,19,0.005122789
PrecorrectionNUFFT2,4,20,0.005116774
PrecorrectionNUFFT2,4,21,0.003177325
PrecorrectionNUFFT2,4,22,0.005141061
PrecorrectionNUFFT2,4,23,0.005150501
PrecorrectionNUFFT2,4,24,0.003151309
PrecorrectionNUFFT2,4,25,0.005126054
PrecorrectionNUFFT2,4,26,0.005103686
PrecorrectionNUFFT2,4,27,0.003168621
PrecorrectionNUFFT2,4,28,0.005157988
PrecorrectionNUFFT2,4,29,0.005147205
FFTNUFFT2,4,0,0.127596068
FFTNUFFT2,4,1,0.127720479
FFTNUFFT2,4,2,0.128397639
FFTNUFFT2,4,3,0.130265763
FFTNUFFT2,4,4,0.127209617
FFTNUFFT2,4,5,0.130282819
FFTNUFFT2,4,6,0.127470375
FFTNUFFT2,4,7,0.127769981
FFTNUFFT2,4,8,0.127948662
FFTNUFFT2,4,9,0.130739793
FFTNUFFT2,4,10,0.127015481
FFTNUFFT2,4,11,0.127947831
FFTNUFFT2,4,12,0.129882257
FFTNUFFT2,4,13,0.127831643
FFTNUFFT2,4,14,0.128579583
FFTNUFFT2,4,15,0.129601914
FFTNUFFT2,4,16,0.128008532
FFTNUFFT2,4,17,0.127680768
FFTNUFFT2,4,18,0.130580024
FFTNUFFT2,4,19,0.127014137
FFTNUFFT2,4,20,0.127419435
FFTNUFFT2,4,21,0.128808216
FFTNUFFT2,4,22,0.127931128
FFTNUFFT2,4,23,0.130932267
FFTNUFFT2,4,24,0.134146965
FFTNUFFT2,4,25,0.127577508
FFTNUFFT2,4,26,0.128226156
FFTNUFFT2,4,27,0.133023807
FFTNUFFT2,4,28,0.127682081
FFTNUFFT2,4,29,0.127915769
GatherNUFFT2,4,0,0.012237027
GatherNUFFT2,4,1,0.013331324
GatherNUFFT2,4,2,0.013112419
GatherNUFFT2,4,3,0.012899659
GatherNUFFT2,4,4,0.013311356
GatherNUFFT2,4,5,0.013154241
GatherNUFFT2,4,6,0.014107775
GatherNUFFT2,4,7,0.012770864
GatherNUFFT2,4,8,0.015441232
GatherNUFFT2,4,9,0.012182853
GatherNUFFT2,4,10,0.013224991
GatherNUFFT2,4,11,0.011794611
GatherNUFFT2,4,12,0.012293793
GatherNUFFT2,4,13,0.012230692
GatherNUFFT2,4,14,0.012633364
GatherNUFFT2,4,15,0.011927088
GatherNUFFT2,4,16,0.013574836
GatherNUFFT2,4,17,0.013137571
GatherNUFFT2,4,18,0.012230499
GatherNUFFT2,4,19,0.0124311
GatherNUFFT2,4,20,0.012555575
GatherNUFFT2,4,21,0.012455931
GatherNUFFT2,4,22,0.01309898
GatherNUFFT2,4,23,0.012116104
GatherNUFFT2,4,24,0.012072522
GatherNUFFT2,4,25,0.01282427
GatherNUFFT2,4,26,0.01396135
GatherNUFFT2,4,27,0.013343867
GatherNUFFT2,4,28,0.012927626
GatherNUFFT2,4,29,0.012558039
mainTimer,5,0,6.952932021
dumpData,5,0,0.016640259
dumpData,5,1,0.015148377
dumpData,5,2,0.014850884
dumpData,5,3,0.015230711
dumpData,5,4,0.012983368
dumpData,5,5,0.013897671
dumpData,5,6,0.015025054
dumpData,5,7,0.012965801
dumpData,5,8,0.014322199
dumpData,5,9,0.014148702
kick,5,0,4.9726e-05
kick,5,1,1.0624e-05
kick,5,2,5.6734e-05
kick,5,3,1.104e-05
kick,5,4,4.9055e-05
kick,5,5,1.2127e-05
kick,5,6,5.0174e-05
kick,5,7,1.1871e-05
kick,5,8,5.4494e-05
kick,5,9,1.6896e-05
kick,5,10,4.9662e-05
kick,5,11,8.448e-06
kick,5,12,5.1358e-05
kick,5,13,1.1296e-05
kick,5,14,5.2862e-05
kick,5,15,1.0687e-05
kick,5,16,5.4974e-05
kick,5,17,1.6927e-05
kick,5,18,4.9406e-05
kick,5,19,1.568e-05
drift,5,0,6.752e-06
drift,5,1,7.584e-06
drift,5,2,7.455e-06
drift,5,3,8.736e-06
drift,5,4,8.095e-06
drift,5,5,7.2e-06
drift,5,6,7.968e-06
drift,5,7,9.024e-06
drift,5,8,9.472e-06
drift,5,9,6.816e-06
particleBC,5,0,1.2575e-05
particleBC,5,1,1.0655e-05
particleBC,5,2,1.0816e-05
particleBC,5,3,1.2095e-05
particleBC,5,4,1.0304e-05
particleBC,5,5,1.0175e-05
particleBC,5,6,9.472e-06
particleBC,5,7,9.631e-06
particleBC,5,8,9.056e-06
particleBC,5,9,1.2063e-05
updateParticle,5,0,0.013887047
updateParticle,5,1,0.013967206
updateParticle,5,2,0.013896039
updateParticle,5,3,0.013858377
updateParticle,5,4,0.01396698
updateParticle,5,5,0.013894759
updateParticle,5,6,0.013972132
updateParticle,5,7,0.014020868
updateParticle,5,8,0.013946276
updateParticle,5,9,0.013919175
locateParticles,5,0,0.006760458
locateParticles,5,1,0.006738828
locateParticles,5,2,0.00675553
locateParticles,5,3,0.006781962
locateParticles,5,4,0.006757194
locateParticles,5,5,0.006722028
locateParticles,5,6,0.006731723
locateParticles,5,7,0.006728173
locateParticles,5,8,0.006750058
locateParticles,5,9,0.006747659
sendPreprocess,5,0,0.000609994
sendPreprocess,5,1,0.000620489
sendPreprocess,5,2,0.000580747
sendPreprocess,5,3,0.000564523
sendPreprocess,5,4,0.00061953
sendPreprocess,5,5,0.000643849
sendPreprocess,5,6,0.000643496
sendPreprocess,5,7,0.000627274
sendPreprocess,5,8,0.000595434
sendPreprocess,5,9,0.000594922
particleSend,5,0,0.000796003
particleSend,5,1,0.000910719
particleSend,5,2,0.000794659
particleSend,5,3,0.000788195
particleSend,5,4,0.000832418
particleSend,5,5,0.000801026
particleSend,5,6,0.000754309
particleSend,5,7,0.000892575
particleSend,5,8,0.000834818
particleSend,5,9,0.000845921
particleRecv,5,0,2.2431e-05
particleRecv,5,1,1.9712e-05
particleRecv,5,2,2.5855e-05
particleRecv,5,3,2.7999e-05
particleRecv,5,4,2.7039e-05
particleRecv,5,5,2.24e-05
particleRecv,5,6,3.7982e-05
particleRecv,5,7,2.0096e-05
particleRecv,5,8,2.5407e-05
particleRecv,5,9,2e-05
particleDestroy,5,0,0.004469758
particleDestroy,5,1,0.004442366
particleDestroy,5,2,0.004483517
particleDestroy,5,3,0.004473534
particleDestroy,5,4,0.00447427
particleDestroy,5,5,0.004419071
particleDestroy,5,6,0.004467486
particleDestroy,5,7,0.004431775
particleDestroy,5,8,0.00444339
particleDestroy,5,9,0.004470494
ScatterPIFNUFFT,5,0,0.174790673
ScatterPIFNUFFT,5,1,6.243e-05
ScatterPIFNUFFT,5,2,0.176405749
ScatterPIFNUFFT,5,3,5.427e-05
ScatterPIFNUFFT,5,4,0.175313566
ScatterPIFNUFFT,5,5,3.0271e-05
ScatterPIFNUFFT,5,6,0.17561013
ScatterPIFNUFFT,5,7,4.7934e-05
ScatterPIFNUFFT,5,8,0.175721838
ScatterPIFNUFFT,5,9,3.699e-05
ScatterPIFNUFFT,5,10,0.176849317
ScatterPIFNUFFT,5,11,6.2398e-05
ScatterPIFNUFFT,5,12,0.175743663
ScatterPIFNUFFT,5,13,1.7119e-05
ScatterPIFNUFFT,5,14,0.175962342
ScatterPIFNUFFT,5,15,5.2446e-05
ScatterPIFNUFFT,5,16,0.17537222
ScatterPIFNUFFT,5,17,2.1215e-05
ScatterPIFNUFFT,5,18,0.175178979
ScatterPIFNUFFT,5,19,5.1102e-05
NativeNUFFT1,5,0,0.168353115
NativeNUFFT1,5,1,0.168271965
NativeNUFFT1,5,2,0.167246627
NativeNUFFT1,5,3,0.167472763
NativeNUFFT1,5,4,0.169430675
NativeNUFFT1,5,5,0.168765676
NativeNUFFT1,5,6,0.167829166
NativeNUFFT1,5,7,0.167695026
NativeNUFFT1,5,8,0.167333535
NativeNUFFT1,5,9,0.168730829
scatterTimerNUFFT1,5,0,0.039046133
scatterTimerNUFFT1,5,1,0.03813519
scatterTimerNUFFT1,5,2,0.037848257
scatterTimerNUFFT1,5,3,0.037905086
scatterTimerNUFFT1,5,4,0.039834424
scatterTimerNUFFT1,5,5,0.037978749
scatterTimerNUFFT1,5,6,0.038351758
scatterTimerNUFFT1,5,7,0.037226264
scatterTimerNUFFT1,5,8,0.037789987
scatterTimerNUFFT1,5,9,0.039198127
binSort,5,0,0.007803685
binSort,5,1,0.007850722
binSort,5,2,0.0078153
binSort,5,3,0.007760038
binSort,5,4,0.007774278
binSort,5,5,0.007721095
binSort,5,6,0.007778181
binSort,5,7,0.007795301
binSort,5,8,0.007762054
binSort,5,9,0.00782954
binSort,5,10,0.007826724
binSort,5,11,0.007746599
binSort,5,12,0.007781925
binSort,5,13,0.007787429
binSort,5,14,0.007776709
binSort,5,15,0.007768934
binSort,5,16,0.007813155
binSort,5,17,0.00779738
binSort,5,18,0.007814692
binSort,5,19,0.007754438
binSort,5,20,0.007873442
binSort,5,21,0.007801605
binSort,5,22,0.007840548
binSort,5,23,0.007792261
binSort,5,24,0.007789317
binSort,5,25,0.007790788
binSort,5,26,0.007717319
binSort,5,27,0.007820195
binSort,5,28,0.007846371
binSort,5,29,0.007790469
binSort,5,30,0.007748838
binSort,5,31,0.007778885
binSort,5,32,0.007777253
binSort,5,33,0.007790213
binSort,5,34,0.007831523
binSort,5,35,0.007847395
binSort,5,36,0.00780442
binSort,5,37,0.007754182
binSort,5,38,0.007778245
binSort,5,39,0.007748806
binComputeKeys,5,0,0.000736614
binComputeKeys,5,1,0.000775971
binComputeKeys,5,2,0.000732581
binComputeKeys,5,3,0.000768164
binComputeKeys,5,4,0.000738277
binComputeKeys,5,5,0.0007721
binComputeKeys,5,6,0.000744005
binComputeKeys,5,7,0.00077514
binComputeKeys,5,8,0.000741285
binComputeKeys,5,9,0.000763396
binComputeKeys,5,10,0.000761956
binComputeKeys,5,11,0.000737509
binComputeKeys,5,12,0.000750725
binComputeKeys,5,13,0.00077834
binComputeKeys,5,14,0.0007681
binComputeKeys,5,15,0.000754661
binComputeKeys,5,16,0.000731205
binComputeKeys,5,17,0.000756804
binComputeKeys,5,18,0.000733541
binComputeKeys,5,19,0.000773476
binComputeKeys,5,20,0.000751173
binComputeKeys,5,21,0.000759109
binComputeKeys,5,22,0.000757733
binComputeKeys,5,23,0.000743109
binComputeKeys,5,24,0.000746533
binComputeKeys,5,25,0.000766884
binComputeKeys,5,26,0.00075802
binComputeKeys,5,27,0.000760324
binComputeKeys,5,28,0.000755364
binComputeKeys,5,29,0.0007769
binComputeKeys,5,30,0.00077802
binComputeKeys,5,31,0.000777668
binComputeKeys,5,32,0.000745221
binComputeKeys,5,33,0.000773252
binComputeKeys,5,34,0.000757157
binComputeKeys,5,35,0.000747844
binComputeKeys,5,36,0.000741477
binComputeKeys,5,37,0.000758309
binComputeKeys,5,38,0.000741477
binComputeKeys,5,39,0.000767204
binSortByKey,5,0,0.006702797
binSortByKey,5,1,0.00670702
binSortByKey,5,2,0.006697709
binSortByKey,5,3,0.00664619
binSortByKey,5,4,0.006677166
binSortByKey,5,5,0.006605999
binSortByKey,5,6,0.006651214
binSortByKey,5,7,0.006669837
binSortByKey,5,8,0.006658542
binSortByKey,5,9,0.006702637
binSortByKey,5,10,0.006702989
binSortByKey,5,11,0.006644687
binSortByKey,5,12,0.006668525
binSortByKey,5,13,0.006660653
binSortByKey,5,14,0.006653134
binSortByKey,5,15,0.006654702
binSortByKey,5,16,0.00670318
binSortByKey,5,17,0.00667243
binSortByKey,5,18,0.00670654
binSortByKey,5,19,0.006635439
binSortByKey,5,20,0.006741963
binSortByKey,5,21,0.00668139
binSortByKey,5,22,0.006717516
binSortByKey,5,23,0.006679053
binSortByKey,5,24,0.006685645
binSortByKey,5,25,0.006674989
binSortByKey,5,26,0.006616112
binSortByKey,5,27,0.006695469
binSortByKey,5,28,0.00670638
binSortByKey,5,29,0.006662606
binSortByKey,5,30,0.006624079
binSortByKey,5,31,0.006650606
binSortByKey,5,32,0.006668142
binSortByKey,5,33,0.006668141
binSortByKey,5,34,0.00670574
binSortByKey,5,35,0.006727245
binSortByKey,5,36,0.006697356
binSortByKey,5,37,0.006639342
binSortByKey,5,38,0.006662989
binSortByKey,5,39,0.006627343
binComputeOffsets,5,0,0.000359955
binComputeOffsets,5,1,0.000357811
binComputeOffsets,5,2,0.000379218
binComputeOffsets,5,3,0.000342228
binComputeOffsets,5,4,0.000354963
binComputeOffsets,5,5,0.000337588
binComputeOffsets,5,6,0.000378194
binComputeOffsets,5,7,0.00034706
binComputeOffsets,5,8,0.000358515
binComputeOffsets,5,9,0.00035586
binComputeOffsets,5,10,0.000355124
binComputeOffsets,5,11,0.000359251
binComputeOffsets,5,12,0.000356435
binComputeOffsets,5,13,0.000344244
binComputeOffsets,5,14,0.000350483
binComputeOffsets,5,15,0.000353171
binComputeOffsets,5,16,0.000373778
binComputeOffsets,5,17,0.000362899
binComputeOffsets,5,18,0.000367923
binComputeOffsets,5,19,0.000340435
binComputeOffsets,5,20,0.000375218
binComputeOffsets,5,21,0.000353811
binComputeOffsets,5,22,0.000359091
binComputeOffsets,5,23,0.000364531
binComputeOffsets,5,24,0.000353076
binComputeOffsets,5,25,0.000345203
binComputeOffsets,5,26,0.000338067
binComputeOffsets,5,27,0.000359891
binComputeOffsets,5,28,0.000380787
binComputeOffsets,5,29,0.000348499
binComputeOffsets,5,30,0.000344275
binComputeOffsets,5,31,0.000346003
binComputeOffsets,5,32,0.000357651
binComputeOffsets,5,33,0.000345428
binComputeOffsets,5,34,0.00036229
binComputeOffsets,5,35,0.000367379
binComputeOffsets,5,36,0.000360979
binComputeOffsets,5,37,0.000353235
binComputeOffsets,5,38,0.000368947
binComputeOffsets,5,39,0.000350387
FFTNUFFT1,5,0,0.127682849
FFTNUFFT1,5,1,0.128186126
FFTNUFFT1,5,2,0.1277064
FFTNUFFT1,5,3,0.127760414
FFTNUFFT1,5,4,0.127964054
FFTNUFFT1,5,5,0.129161163
FFTNUFFT1,5,6,0.127556677
FFTNUFFT1,5,7,0.129117804
FFTNUFFT1,5,8,0.127844346
FFTNUFFT1,5,9,0.127740255
deconvolutionNUFFT1,5,0,0.001619557
deconvolutionNUFFT1,5,1,0.001944761
deconvolutionNUFFT1,5,2,0.001685186
deconvolutionNUFFT1,5,3,0.001801695
deconvolutionNUFFT1,5,4,0.001625061
deconvolutionNUFFT1,5,5,0.001618949
deconvolutionNUFFT1,5,6,0.001911099
deconvolutionNUFFT1,5,7,0.001344559
deconvolutionNUFFT1,5,8,0.001693218
deconvolutionNUFFT1,5,9,0.001787455
GatherPIFNUFFT,5,0,0.482862902
GatherPIFNUFFT,5,1,0.480575242
GatherPIFNUFFT,5,2,0.483099149
GatherPIFNUFFT,5,3,0.480693093
GatherPIFNUFFT,5,4,0.481369805
GatherPIFNUFFT,5,5,0.479139197
GatherPIFNUFFT,5,6,0.478064836
GatherPIFNUFFT,5,7,0.480819617
GatherPIFNUFFT,5,8,0.484802767
GatherPIFNUFFT,5,9,0.482489987
NativeNUFFT2,5,0,0.154605774
NativeNUFFT2,5,1,0.158386148
NativeNUFFT2,5,2,0.159195624
NativeNUFFT2,5,3,0.157154033
NativeNUFFT2,5,4,0.158833716
NativeNUFFT2,5,5,0.160232162
NativeNUFFT2,5,6,0.156939513
NativeNUFFT2,5,7,0.157148786
NativeNUFFT2,5,8,0.161199998
NativeNUFFT2,5,9,0.157582018
NativeNUFFT2,5,10,0.157874168
NativeNUFFT2,5,11,0.157307532
NativeNUFFT2,5,12,0.157243022
NativeNUFFT2,5,13,0.157355179
NativeNUFFT2,5,14,0.158988526
NativeNUFFT2,5,15,0.156489738
NativeNUFFT2,5,16,0.159858191
NativeNUFFT2,5,17,0.157787674
NativeNUFFT2,5,18,0.157605249
NativeNUFFT2,5,19,0.157060085
NativeNUFFT2,5,20,0.157364585
NativeNUFFT2,5,21,0.157082836
NativeNUFFT2,5,22,0.159075659
NativeNUFFT2,5,23,0.160384381
NativeNUFFT2,5,24,0.160764751
NativeNUFFT2,5,25,0.157703837
NativeNUFFT2,5,26,0.160135845
NativeNUFFT2,5,27,0.161438262
NativeNUFFT2,5,28,0.157852728
NativeNUFFT2,5,29,0.157902807
PrecorrectionNUFFT2,5,0,0.003111118
PrecorrectionNUFFT2,5,1,0.004965707
PrecorrectionNUFFT2,5,2,0.00495358
PrecorrectionNUFFT2,5,3,0.003091056
PrecorrectionNUFFT2,5,4,0.004967019
PrecorrectionNUFFT2,5,5,0.004992011
PrecorrectionNUFFT2,5,6,0.003126766
PrecorrectionNUFFT2,5,7,0.004973835
PrecorrectionNUFFT2,5,8,0.004976075
PrecorrectionNUFFT2,5,9,0.00306984
PrecorrectionNUFFT2,5,10,0.004933549
PrecorrectionNUFFT2,5,11,0.004960844
PrecorrectionNUFFT2,5,12,0.003179437
PrecorrectionNUFFT2,5,13,0.00497102
PrecorrectionNUFFT2,5,14,0.004989739
PrecorrectionNUFFT2,5,15,0.00314315
PrecorrectionNUFFT2,5,16,0.004988331
PrecorrectionNUFFT2,5,17,0.004975915
PrecorrectionNUFFT2,5,18,0.00312139
PrecorrectionNUFFT2,5,19,0.004930253
PrecorrectionNUFFT2,5,20,0.004964715
PrecorrectionNUFFT2,5,21,0.003144526
PrecorrectionNUFFT2,5,22,0.004977291
PrecorrectionNUFFT2,5,23,0.004971339
PrecorrectionNUFFT2,5,24,0.003094992
PrecorrectionNUFFT2,5,25,0.004982506
PrecorrectionNUFFT2,5,26,0.004981707
PrecorrectionNUFFT2,5,27,0.003110607
PrecorrectionNUFFT2,5,28,0.004983114
PrecorrectionNUFFT2,5,29,0.004982827
FFTNUFFT2,5,0,0.127544614
FFTNUFFT2,5,1,0.128480995
FFTNUFFT2,5,2,0.129167179
FFTNUFFT2,5,3,0.130954729
FFTNUFFT2,5,4,0.128591648
FFTNUFFT2,5,5,0.130532569
FFTNUFFT2,5,6,0.12760877
FFTNUFFT2,5,7,0.127833691
FFTNUFFT2,5,8,0.12850093
FFTNUFFT2,5,9,0.130554488
FFTNUFFT2,5,10,0.128628574
FFTNUFFT2,5,11,0.128833655
FFTNUFFT2,5,12,0.130116264
FFTNUFFT2,5,13,0.128403719
FFTNUFFT2,5,14,0.130410749
FFTNUFFT2,5,15,0.129799027
FFTNUFFT2,5,16,0.128806007
FFTNUFFT2,5,17,0.127663041
FFTNUFFT2,5,18,0.130569048
FFTNUFFT2,5,19,0.128982066
FFTNUFFT2,5,20,0.127993782
FFTNUFFT2,5,21,0.130670453
FFTNUFFT2,5,22,0.129095949
FFTNUFFT2,5,23,0.131452536
FFTNUFFT2,5,24,0.134105718
FFTNUFFT2,5,25,0.128535009
FFTNUFFT2,5,26,0.128921107
FFTNUFFT2,5,27,0.133059325
FFTNUFFT2,5,28,0.128208238
FFTNUFFT2,5,29,0.128768345
GatherNUFFT2,5,0,0.011992716
GatherNUFFT2,5,1,0.012986632
GatherNUFFT2,5,2,0.013103331
GatherNUFFT2,5,3,0.011464192
GatherNUFFT2,5,4,0.013295484
GatherNUFFT2,5,5,0.013107235
GatherNUFFT2,5,6,0.014133375
GatherNUFFT2,5,7,0.012280097
GatherNUFFT2,5,8,0.01559777
GatherNUFFT2,5,9,0.012030986
GatherNUFFT2,5,10,0.012617877
GatherNUFFT2,5,11,0.011380834
GatherNUFFT2,5,12,0.011988044
GatherNUFFT2,5,13,0.011943342
GatherNUFFT2,5,14,0.011626937
GatherNUFFT2,5,15,0.011594043
GatherNUFFT2,5,16,0.014126176
GatherNUFFT2,5,17,0.013373978
GatherNUFFT2,5,18,0.011970957
GatherNUFFT2,5,19,0.011202824
GatherNUFFT2,5,20,0.012464411
GatherNUFFT2,5,21,0.011469823
GatherNUFFT2,5,22,0.012837325
GatherNUFFT2,5,23,0.012049258
GatherNUFFT2,5,24,0.011925039
GatherNUFFT2,5,25,0.011979149
GatherNUFFT2,5,26,0.014323289
GatherNUFFT2,5,27,0.013074116
GatherNUFFT2,5,28,0.012594838
GatherNUFFT2,5,29,0.011911567
mainTimer,6,0,6.952932469
dumpData,6,0,0.013860552
dumpData,6,1,0.012311168
dumpData,6,2,0.012005291
dumpData,6,3,0.012009068
dumpData,6,4,0.01383185
dumpData,6,5,0.012006764
dumpData,6,6,0.012144007
dumpData,6,7,0.013869224
dumpData,6,8,0.013458358
dumpData,6,9,0.013290494
kick,6,0,4.7294e-05
kick,6,1,1.1392e-05
kick,6,2,5.571e-05
kick,6,3,1.0464e-05
kick,6,4,4.9023e-05
kick,6,5,1.1744e-05
kick,6,6,5.0142e-05
kick,6,7,1.088e-05
kick,6,8,5.2286e-05
kick,6,9,1.3343e-05
kick,6,10,4.8798e-05
kick,6,11,1.1935e-05
kick,6,12,5.0366e-05
kick,6,13,1.4847e-05
kick,6,14,5.1038e-05
kick,6,15,1.1744e-05
kick,6,16,5.411e-05
kick,6,17,1.056e-05
kick,6,18,4.7422e-05
kick,6,19,1.3471e-05
drift,6,0,7.584e-06
drift,6,1,7.648e-06
drift,6,2,7.135e-06
drift,6,3,8.192e-06
drift,6,4,8.191e-06
drift,6,5,8.288e-06
drift,6,6,7.808e-06
drift,6,7,8.544e-06
drift,6,8,8.8e-06
drift,6,9,7.616e-06
particleBC,6,0,1.0431e-05
particleBC,6,1,1.1167e-05
particleBC,6,2,1.1648e-05
particleBC,6,3,1.2063e-05
particleBC,6,4,1.1168e-05
particleBC,6,5,8.64e-06
particleBC,6,6,1.0656e-05
particleBC,6,7,9.951e-06
particleBC,6,8,1.0112e-05
particleBC,6,9,1.2447e-05
updateParticle,6,0,0.014015619
updateParticle,6,1,0.014034211
updateParticle,6,2,0.013984003
updateParticle,6,3,0.013973061
updateParticle,6,4,0.014034658
updateParticle,6,5,0.013983299
updateParticle,6,6,0.014092287
updateParticle,6,7,0.01411584
updateParticle,6,8,0.014073921
updateParticle,6,9,0.014007044
locateParticles,6,0,0.007176827
locateParticles,6,1,0.007184668
locateParticles,6,2,0.007151676
locateParticles,6,3,0.00716518
locateParticles,6,4,0.007181115
locateParticles,6,5,0.007172731
locateParticles,6,6,0.007193274
locateParticles,6,7,0.007169437
locateParticles,6,8,0.007165468
locateParticles,6,9,0.007165116
sendPreprocess,6,0,0.000197721
sendPreprocess,6,1,0.000176121
sendPreprocess,6,2,0.000186457
sendPreprocess,6,3,0.000183673
sendPreprocess,6,4,0.000197753
sendPreprocess,6,5,0.000196537
sendPreprocess,6,6,0.000184089
sendPreprocess,6,7,0.000188985
sendPreprocess,6,8,0.000182457
sendPreprocess,6,9,0.000180473
particleSend,6,0,0.000784355
particleSend,6,1,0.000769924
particleSend,6,2,0.000788355
particleSend,6,3,0.000800035
particleSend,6,4,0.000769636
particleSend,6,5,0.000787172
particleSend,6,6,0.000835586
particleSend,6,7,0.000839777
particleSend,6,8,0.000778532
particleSend,6,9,0.000789955
particleRecv,6,0,2.8831e-05
particleRecv,6,1,2.8863e-05
particleRecv,6,2,2.9375e-05
particleRecv,6,3,2.3743e-05
particleRecv,6,4,3.3982e-05
particleRecv,6,5,2.4319e-05
particleRecv,6,6,3.1519e-05
particleRecv,6,7,2.8127e-05
particleRecv,6,8,3.4015e-05
particleRecv,6,9,2.8927e-05
particleDestroy,6,0,0.005045129
particleDestroy,6,1,0.005088519
particleDestroy,6,2,0.005047241
particleDestroy,6,3,0.005030634
particleDestroy,6,4,0.005067048
particleDestroy,6,5,0.005035401
particleDestroy,6,6,0.005070855
particleDestroy,6,7,0.005072072
particleDestroy,6,8,0.005064967
particleDestroy,6,9,0.005066313
ScatterPIFNUFFT,6,0,0.175483736
ScatterPIFNUFFT,6,1,5.3662e-05
ScatterPIFNUFFT,6,2,0.175445624
ScatterPIFNUFFT,6,3,4.6462e-05
ScatterPIFNUFFT,6,4,0.17514362
ScatterPIFNUFFT,6,5,4.1054e-05
ScatterPIFNUFFT,6,6,0.17598135
ScatterPIFNUFFT,6,7,3.9007e-05
ScatterPIFNUFFT,6,8,0.175621777
ScatterPIFNUFFT,6,9,3.7278e-05
ScatterPIFNUFFT,6,10,0.175606162
ScatterPIFNUFFT,6,11,4.3423e-05
ScatterPIFNUFFT,6,12,0.175453817
ScatterPIFNUFFT,6,13,3.443e-05
ScatterPIFNUFFT,6,14,0.175248831
ScatterPIFNUFFT,6,15,5.779e-05
ScatterPIFNUFFT,6,16,0.178306226
ScatterPIFNUFFT,6,17,2.7839e-05
ScatterPIFNUFFT,6,18,0.176473972
ScatterPIFNUFFT,6,19,4.707e-05
NativeNUFFT1,6,0,0.169168989
NativeNUFFT1,6,1,0.167456283
NativeNUFFT1,6,2,0.167174598
NativeNUFFT1,6,3,0.168001639
NativeNUFFT1,6,4,0.167545528
NativeNUFFT1,6,5,0.167484346
NativeNUFFT1,6,6,0.167664148
NativeNUFFT1,6,7,0.169062592
NativeNUFFT1,6,8,0.170395153
NativeNUFFT1,6,9,0.17005494
scatterTimerNUFFT1,6,0,0.038969464
scatterTimerNUFFT1,6,1,0.038358766
scatterTimerNUFFT1,6,2,0.038247443
scatterTimerNUFFT1,6,3,0.038586053
scatterTimerNUFFT1,6,4,0.038773759
scatterTimerNUFFT1,6,5,0.038719522
scatterTimerNUFFT1,6,6,0.038535623
scatterTimerNUFFT1,6,7,0.040125934
scatterTimerNUFFT1,6,8,0.038461899
scatterTimerNUFFT1,6,9,0.040010129
binSort,6,0,0.00820367
binSort,6,1,0.008195287
binSort,6,2,0.008211126
binSort,6,3,0.008289747
binSort,6,4,0.0081566
binSort,6,5,0.008244724
binSort,6,6,0.008233908
binSort,6,7,0.008230132
binSort,6,8,0.00814764
binSort,6,9,0.008230549
binSort,6,10,0.008216406
binSort,6,11,0.008192119
binSort,6,12,0.008166423
binSort,6,13,0.008293971
binSort,6,14,0.008252596
binSort,6,15,0.008178487
binSort,6,16,0.008286515
binSort,6,17,0.008204437
binSort,6,18,0.008225269
binSort,6,19,0.008279283
binSort,6,20,0.008296467
binSort,6,21,0.008194679
binSort,6,22,0.008231509
binSort,6,23,0.008234677
binSort,6,24,0.00820159
binSort,6,25,0.008273459
binSort,6,26,0.008244052
binSort,6,27,0.008219125
binSort,6,28,0.008202806
binSort,6,29,0.00828981
binSort,6,30,0.008263987
binSort,6,31,0.008282931
binSort,6,32,0.008153752
binSort,6,33,0.008304658
binSort,6,34,0.008174391
binSort,6,35,0.00822431
binSort,6,36,0.008219061
binSort,6,37,0.008235445
binSort,6,38,0.008244852
binSort,6,39,0.008192151
binComputeKeys,6,0,0.000774468
binComputeKeys,6,1,0.000807235
binComputeKeys,6,2,0.000817602
binComputeKeys,6,3,0.000809891
binComputeKeys,6,4,0.000776676
binComputeKeys,6,5,0.000796579
binComputeKeys,6,6,0.000831682
binComputeKeys,6,7,0.000793635
binComputeKeys,6,8,0.000769508
binComputeKeys,6,9,0.000823202
binComputeKeys,6,10,0.000789476
binComputeKeys,6,11,0.000807459
binComputeKeys,6,12,0.000783683
binComputeKeys,6,13,0.000803939
binComputeKeys,6,14,0.000787427
binComputeKeys,6,15,0.000814658
binComputeKeys,6,16,0.000799107
binComputeKeys,6,17,0.000814818
binComputeKeys,6,18,0.000815746
binComputeKeys,6,19,0.000807618
binComputeKeys,6,20,0.00078554
binComputeKeys,6,21,0.000821091
binComputeKeys,6,22,0.00082893
binComputeKeys,6,23,0.000805635
binComputeKeys,6,24,0.000785028
binComputeKeys,6,25,0.000780963
binComputeKeys,6,26,0.000809986
binComputeKeys,6,27,0.000801091
binComputeKeys,6,28,0.000776516
binComputeKeys,6,29,0.000796707
binComputeKeys,6,30,0.000820322
binComputeKeys,6,31,0.000802339
binComputeKeys,6,32,0.000780932
binComputeKeys,6,33,0.000808642
binComputeKeys,6,34,0.000821667
binComputeKeys,6,35,0.000833666
binComputeKeys,6,36,0.000771076
binComputeKeys,6,37,0.000811427
binComputeKeys,6,38,0.000803203
binComputeKeys,6,39,0.00082365
binSortByKey,6,0,0.007047392
binSortByKey,6,1,0.007021473
binSortByKey,6,2,0.007029857
binSortByKey,6,3,0.007098206
binSortByKey,6,4,0.007013441
binSortByKey,6,5,0.007066079
binSortByKey,6,6,0.007032321
binSortByKey,6,7,0.007042656
binSortByKey,6,8,0.007010529
binSortByKey,6,9,0.007043424
binSortByKey,6,10,0.007052703
binSortByKey,6,11,0.007018402
binSortByKey,6,12,0.007016801
binSortByKey,6,13,0.007090718
binSortByKey,6,14,0.007081407
binSortByKey,6,15,0.00700189
binSortByKey,6,16,0.00709203
binSortByKey,6,17,0.007026688
binSortByKey,6,18,0.007038016
binSortByKey,6,19,0.007079999
binSortByKey,6,20,0.007123614
binSortByKey,6,21,0.007011425
binSortByKey,6,22,0.007036864
binSortByKey,6,23,0.007064639
binSortByKey,6,24,0.007047136
binSortByKey,6,25,0.007097054
binSortByKey,6,26,0.007053152
binSortByKey,6,27,0.007035104
binSortByKey,6,28,0.007039936
binSortByKey,6,29,0.007107389
binSortByKey,6,30,0.007069471
binSortByKey,6,31,0.007077279
binSortByKey,6,32,0.007006209
binSortByKey,6,33,0.00709427
binSortByKey,6,34,0.006984131
binSortByKey,6,35,0.007028129
binSortByKey,6,36,0.007063391
binSortByKey,6,37,0.007055199
binSortByKey,6,38,0.007062879
binSortByKey,6,39,0.007006466
binComputeOffsets,6,0,0.00037845
binComputeOffsets,6,1,0.000363763
binComputeOffsets,6,2,0.000360115
binComputeOffsets,6,3,0.000376371
binComputeOffsets,6,4,0.000362579
binComputeOffsets,6,5,0.000377234
binComputeOffsets,6,6,0.000364338
binComputeOffsets,6,7,0.000389073
binComputeOffsets,6,8,0.000365715
binComputeOffsets,6,9,0.000359507
binComputeOffsets,6,10,0.000370067
binComputeOffsets,6,11,0.000361554
binComputeOffsets,6,12,0.000363027
binComputeOffsets,6,13,0.000393874
binComputeOffsets,6,14,0.000378578
binComputeOffsets,6,15,0.000359283
binComputeOffsets,6,16,0.000389426
binComputeOffsets,6,17,0.000360115
binComputeOffsets,6,18,0.000364019
binComputeOffsets,6,19,0.000385426
binComputeOffsets,6,20,0.000384082
binComputeOffsets,6,21,0.000358259
binComputeOffsets,6,22,0.000361779
binComputeOffsets,6,23,0.000360051
binComputeOffsets,6,24,0.000366099
binComputeOffsets,6,25,0.000390866
binComputeOffsets,6,26,0.00037493
binComputeOffsets,6,27,0.000377938
binComputeOffsets,6,28,0.00038037
binComputeOffsets,6,29,0.00037829
binComputeOffsets,6,30,0.000370866
binComputeOffsets,6,31,0.000396722
binComputeOffsets,6,32,0.000363187
binComputeOffsets,6,33,0.000395794
binComputeOffsets,6,34,0.000365267
binComputeOffsets,6,35,0.000359763
binComputeOffsets,6,36,0.000382098
binComputeOffsets,6,37,0.000363603
binComputeOffsets,6,38,0.00037621
binComputeOffsets,6,39,0.000358803
FFTNUFFT1,6,0,0.128865078
FFTNUFFT1,6,1,0.127783036
FFTNUFFT1,6,2,0.127567652
FFTNUFFT1,6,3,0.127772285
FFTNUFFT1,6,4,0.127445321
FFTNUFFT1,6,5,0.127439497
FFTNUFFT1,6,6,0.127808605
FFTNUFFT1,6,7,0.127641505
FFTNUFFT1,6,8,0.130637589
FFTNUFFT1,6,9,0.128718652
deconvolutionNUFFT1,6,0,0.001327759
deconvolutionNUFFT1,6,1,0.001310449
deconvolutionNUFFT1,6,2,0.001355919
deconvolutionNUFFT1,6,3,0.001638277
deconvolutionNUFFT1,6,4,0.00131576
deconvolutionNUFFT1,6,5,0.001320368
deconvolutionNUFFT1,6,6,0.001314385
deconvolutionNUFFT1,6,7,0.001291633
deconvolutionNUFFT1,6,8,0.001290481
deconvolutionNUFFT1,6,9,0.001321519
GatherPIFNUFFT,6,0,0.479767782
GatherPIFNUFFT,6,1,0.485108933
GatherPIFNUFFT,6,2,0.48339453
GatherPIFNUFFT,6,3,0.480500908
GatherPIFNUFFT,6,4,0.479351062
GatherPIFNUFFT,6,5,0.480653862
GatherPIFNUFFT,6,6,0.480355281
GatherPIFNUFFT,6,7,0.481349645
GatherPIFNUFFT,6,8,0.479366069
GatherPIFNUFFT,6,9,0.477426587
NativeNUFFT2,6,0,0.155409041
NativeNUFFT2,6,1,0.158045009
NativeNUFFT2,6,2,0.159228326
NativeNUFFT2,6,3,0.158163084
NativeNUFFT2,6,4,0.159251974
NativeNUFFT2,6,5,0.15985416
NativeNUFFT2,6,6,0.156890235
NativeNUFFT2,6,7,0.158385092
NativeNUFFT2,6,8,0.161104034
NativeNUFFT2,6,9,0.15735841
NativeNUFFT2,6,10,0.158857235
NativeNUFFT2,6,11,0.158330406
NativeNUFFT2,6,12,0.156565222
NativeNUFFT2,6,13,0.157511365
NativeNUFFT2,6,14,0.157318379
NativeNUFFT2,6,15,0.155656456
NativeNUFFT2,6,16,0.158675386
NativeNUFFT2,6,17,0.158381988
NativeNUFFT2,6,18,0.157136434
NativeNUFFT2,6,19,0.157912373
NativeNUFFT2,6,20,0.158424516
NativeNUFFT2,6,21,0.15852208
NativeNUFFT2,6,22,0.158148173
NativeNUFFT2,6,23,0.159548284
NativeNUFFT2,6,24,0.158040529
NativeNUFFT2,6,25,0.158544159
NativeNUFFT2,6,26,0.158485537
NativeNUFFT2,6,27,0.157535651
NativeNUFFT2,6,28,0.158732504
NativeNUFFT2,6,29,0.156925306
PrecorrectionNUFFT2,6,0,0.003140429
PrecorrectionNUFFT2,6,1,0.005110758
PrecorrectionNUFFT2,6,2,0.005128933
PrecorrectionNUFFT2,6,3,0.003183948
PrecorrectionNUFFT2,6,4,0.005121191
PrecorrectionNUFFT2,6,5,0.00511495
PrecorrectionNUFFT2,6,6,0.003166252
PrecorrectionNUFFT2,6,7,0.005126181
PrecorrectionNUFFT2,6,8,0.005119814
PrecorrectionNUFFT2,6,9,0.003187148
PrecorrectionNUFFT2,6,10,0.005167204
PrecorrectionNUFFT2,6,11,0.005100358
PrecorrectionNUFFT2,6,12,0.003132942
PrecorrectionNUFFT2,6,13,0.005115175
PrecorrectionNUFFT2,6,14,0.00511127
PrecorrectionNUFFT2,6,15,0.003141518
PrecorrectionNUFFT2,6,16,0.005123334
PrecorrectionNUFFT2,6,17,0.005121893
PrecorrectionNUFFT2,6,18,0.003140397
PrecorrectionNUFFT2,6,19,0.005158308
PrecorrectionNUFFT2,6,20,0.005122822
PrecorrectionNUFFT2,6,21,0.00318126
PrecorrectionNUFFT2,6,22,0.005126342
PrecorrectionNUFFT2,6,23,0.005111495
PrecorrectionNUFFT2,6,24,0.003148014
PrecorrectionNUFFT2,6,25,0.00510695
PrecorrectionNUFFT2,6,26,0.00511223
PrecorrectionNUFFT2,6,27,0.003149325
PrecorrectionNUFFT2,6,28,0.00510807
PrecorrectionNUFFT2,6,29,0.005129958
FFTNUFFT2,6,0,0.12787257
FFTNUFFT2,6,1,0.128657821
FFTNUFFT2,6,2,0.127974071
FFTNUFFT2,6,3,0.13023082
FFTNUFFT2,6,4,0.129480992
FFTNUFFT2,6,5,0.127424842
FFTNUFFT2,6,6,0.127931543
FFTNUFFT2,6,7,0.128174286
FFTNUFFT2,6,8,0.131395001
FFTNUFFT2,6,9,0.127987158
FFTNUFFT2,6,10,0.128230221
FFTNUFFT2,6,11,0.128332041
FFTNUFFT2,6,12,0.129073358
FFTNUFFT2,6,13,0.127920888
FFTNUFFT2,6,14,0.127539013
FFTNUFFT2,6,15,0.127738846
FFTNUFFT2,6,16,0.128008628
FFTNUFFT2,6,17,0.128733658
FFTNUFFT2,6,18,0.128054548
FFTNUFFT2,6,19,0.128397799
FFTNUFFT2,6,20,0.128146608
FFTNUFFT2,6,21,0.130215333
FFTNUFFT2,6,22,0.127496711
FFTNUFFT2,6,23,0.128757785
FFTNUFFT2,6,24,0.127945911
FFTNUFFT2,6,25,0.128715354
FFTNUFFT2,6,26,0.127617218
FFTNUFFT2,6,27,0.128444037
FFTNUFFT2,6,28,0.128675069
FFTNUFFT2,6,29,0.12757562
GatherNUFFT2,6,0,0.012244963
GatherNUFFT2,6,1,0.012129224
GatherNUFFT2,6,2,0.014011682
GatherNUFFT2,6,3,0.012619029
GatherNUFFT2,6,4,0.012126312
GatherNUFFT2,6,5,0.01523151
GatherNUFFT2,6,6,0.01331478
GatherNUFFT2,6,7,0.012986216
GatherNUFFT2,6,8,0.012117737
GatherNUFFT2,6,9,0.014042305
GatherNUFFT2,6,10,0.01329366
GatherNUFFT2,6,11,0.012474234
GatherNUFFT2,6,12,0.012252355
GatherNUFFT2,6,13,0.012011755
GatherNUFFT2,6,14,0.012513913
GatherNUFFT2,6,15,0.01231053
GatherNUFFT2,6,16,0.013086853
GatherNUFFT2,6,17,0.012072233
GatherNUFFT2,6,18,0.013843049
GatherNUFFT2,6,19,0.012226116
GatherNUFFT2,6,20,0.013034854
GatherNUFFT2,6,21,0.013010823
GatherNUFFT2,6,22,0.013386361
GatherNUFFT2,6,23,0.013565427
GatherNUFFT2,6,24,0.014830278
GatherNUFFT2,6,25,0.012591255
GatherNUFFT2,6,26,0.013278078
GatherNUFFT2,6,27,0.01343164
GatherNUFFT2,6,28,0.012842317
GatherNUFFT2,6,29,0.012127207
mainTimer,7,0,6.952933429
dumpData,7,0,0.015759075
dumpData,7,1,0.014038754
dumpData,7,2,0.012998087
dumpData,7,3,0.014209596
dumpData,7,4,0.014879204
dumpData,7,5,0.014732297
dumpData,7,6,0.013136227
dumpData,7,7,0.014931745
dumpData,7,8,0.015450638
dumpData,7,9,0.01521548
kick,7,0,5.0878e-05
kick,7,1,1.0912e-05
kick,7,2,5.6734e-05
kick,7,3,1.2256e-05
kick,7,4,4.9055e-05
kick,7,5,1.0368e-05
kick,7,6,4.9022e-05
kick,7,7,1.2288e-05
kick,7,8,5.299e-05
kick,7,9,1.0527e-05
kick,7,10,4.8926e-05
kick,7,11,9.503e-06
kick,7,12,4.931e-05
kick,7,13,9.855e-06
kick,7,14,5.1678e-05
kick,7,15,9.216e-06
kick,7,16,5.3982e-05
kick,7,17,7.808e-06
kick,7,18,4.6238e-05
kick,7,19,1.0591e-05
drift,7,0,6.784e-06
drift,7,1,7.104e-06
drift,7,2,7.999e-06
drift,7,3,8.544e-06
drift,7,4,8.479e-06
drift,7,5,7.84e-06
drift,7,6,9.152e-06
drift,7,7,9.536e-06
drift,7,8,9.216e-06
drift,7,9,7.68e-06
particleBC,7,0,1.2031e-05
particleBC,7,1,1.3311e-05
particleBC,7,2,1.3024e-05
particleBC,7,3,1.0847e-05
particleBC,7,4,1.1232e-05
particleBC,7,5,1.1231e-05
particleBC,7,6,9.76e-06
particleBC,7,7,1.0975e-05
particleBC,7,8,9.664e-06
particleBC,7,9,1.2415e-05
updateParticle,7,0,0.014037506
updateParticle,7,1,0.014015876
updateParticle,7,2,0.014005283
updateParticle,7,3,0.014003044
updateParticle,7,4,0.014020834
updateParticle,7,5,0.013976644
updateParticle,7,6,0.014132446
updateParticle,7,7,0.014107553
updateParticle,7,8,0.014006466
updateParticle,7,9,0.01400698
locateParticles,7,0,0.006783369
locateParticles,7,1,0.006768491
locateParticles,7,2,0.006781385
locateParticles,7,3,0.006782826
locateParticles,7,4,0.006755851
locateParticles,7,5,0.006750123
locateParticles,7,6,0.006766154
locateParticles,7,7,0.006773195
locateParticles,7,8,0.00676481
locateParticles,7,9,0.006750027
sendPreprocess,7,0,0.000587307
sendPreprocess,7,1,0.000591274
sendPreprocess,7,2,0.000556428
sendPreprocess,7,3,0.000568235
sendPreprocess,7,4,0.000623466
sendPreprocess,7,5,0.000618057
sendPreprocess,7,6,0.00061297
sendPreprocess,7,7,0.000581771
sendPreprocess,7,8,0.000583595
sendPreprocess,7,9,0.000596682
particleSend,7,0,0.000783364
particleSend,7,1,0.000766756
particleSend,7,2,0.000785763
particleSend,7,3,0.000749829
particleSend,7,4,0.000831969
particleSend,7,5,0.000756773
particleSend,7,6,0.00083309
particleSend,7,7,0.000740261
particleSend,7,8,0.000842658
particleSend,7,9,0.00082893
particleRecv,7,0,3.1647e-05
particleRecv,7,1,3.0431e-05
particleRecv,7,2,3.0367e-05
particleRecv,7,3,3.5454e-05
particleRecv,7,4,2.5087e-05
particleRecv,7,5,3.5039e-05
particleRecv,7,6,3.0335e-05
particleRecv,7,7,3.3279e-05
particleRecv,7,8,2.1855e-05
particleRecv,7,9,2.2719e-05
particleDestroy,7,0,0.004797042
particleDestroy,7,1,0.004779763
particleDestroy,7,2,0.004829521
particleDestroy,7,3,0.004785587
particleDestroy,7,4,0.004774899
particleDestroy,7,5,0.004792401
particleDestroy,7,6,0.004797617
particleDestroy,7,7,0.004795601
particleDestroy,7,8,0.004810897
particleDestroy,7,9,0.004781715
ScatterPIFNUFFT,7,0,0.175603828
ScatterPIFNUFFT,7,1,4.2015e-05
ScatterPIFNUFFT,7,2,0.176858309
ScatterPIFNUFFT,7,3,4.6462e-05
ScatterPIFNUFFT,7,4,0.175466585
ScatterPIFNUFFT,7,5,2.8927e-05
ScatterPIFNUFFT,7,6,0.176014532
ScatterPIFNUFFT,7,7,3.9775e-05
ScatterPIFNUFFT,7,8,0.17566792
ScatterPIFNUFFT,7,9,3.7086e-05
ScatterPIFNUFFT,7,10,0.175695535
ScatterPIFNUFFT,7,11,3.3631e-05
ScatterPIFNUFFT,7,12,0.175442106
ScatterPIFNUFFT,7,13,4.1438e-05
ScatterPIFNUFFT,7,14,0.176409493
ScatterPIFNUFFT,7,15,5.3055e-05
ScatterPIFNUFFT,7,16,0.17822114
ScatterPIFNUFFT,7,17,3.795e-05
ScatterPIFNUFFT,7,18,0.177148251
ScatterPIFNUFFT,7,19,4.6558e-05
NativeNUFFT1,7,0,0.167355071
NativeNUFFT1,7,1,0.168819785
NativeNUFFT1,7,2,0.167577943
NativeNUFFT1,7,3,0.168007174
NativeNUFFT1,7,4,0.167514105
NativeNUFFT1,7,5,0.169570094
NativeNUFFT1,7,6,0.167646421
NativeNUFFT1,7,7,0.170194583
NativeNUFFT1,7,8,0.170185336
NativeNUFFT1,7,9,0.168704301
scatterTimerNUFFT1,7,0,0.036848677
scatterTimerNUFFT1,7,1,0.03820594
scatterTimerNUFFT1,7,2,0.038170101
scatterTimerNUFFT1,7,3,0.037987962
scatterTimerNUFFT1,7,4,0.038550888
scatterTimerNUFFT1,7,5,0.040582878
scatterTimerNUFFT1,7,6,0.038359886
scatterTimerNUFFT1,7,7,0.03913365
scatterTimerNUFFT1,7,8,0.038300272
scatterTimerNUFFT1,7,9,0.037087227
binSort,7,0,0.0078345
binSort,7,1,0.007719751
binSort,7,2,0.007754214
binSort,7,3,0.007791173
binSort,7,4,0.007778758
binSort,7,5,0.007818404
binSort,7,6,0.007762662
binSort,7,7,0.007790308
binSort,7,8,0.00779258
binSort,7,9,0.007757798
binSort,7,10,0.007711976
binSort,7,11,0.007795781
binSort,7,12,0.007776869
binSort,7,13,0.007780325
binSort,7,14,0.007722535
binSort,7,15,0.007769382
binSort,7,16,0.007818275
binSort,7,17,0.00779914
binSort,7,18,0.007733511
binSort,7,19,0.007783141
binSort,7,20,0.007773509
binSort,7,21,0.007750951
binSort,7,22,0.007756806
binSort,7,23,0.007745991
binSort,7,24,0.007784166
binSort,7,25,0.007788293
binSort,7,26,0.007777605
binSort,7,27,0.00775431
binSort,7,28,0.007793444
binSort,7,29,0.007718376
binSort,7,30,0.007808228
binSort,7,31,0.007778213
binSort,7,32,0.007776901
binSort,7,33,0.007781957
binSort,7,34,0.007767142
binSort,7,35,0.007764327
binSort,7,36,0.007849891
binSort,7,37,0.007847906
binSort,7,38,0.007745798
binSort,7,39,0.007820387
binComputeKeys,7,0,0.000760613
binComputeKeys,7,1,0.00074986
binComputeKeys,7,2,0.000765156
binComputeKeys,7,3,0.000776388
binComputeKeys,7,4,0.000741413
binComputeKeys,7,5,0.0007609
binComputeKeys,7,6,0.000770084
binComputeKeys,7,7,0.000747173
binComputeKeys,7,8,0.000751492
binComputeKeys,7,9,0.0007737
binComputeKeys,7,10,0.000766501
binComputeKeys,7,11,0.000764004
binComputeKeys,7,12,0.000744645
binComputeKeys,7,13,0.000749893
binComputeKeys,7,14,0.000767844
binComputeKeys,7,15,0.000756069
binComputeKeys,7,16,0.000749508
binComputeKeys,7,17,0.000758468
binComputeKeys,7,18,0.000745957
binComputeKeys,7,19,0.000750213
binComputeKeys,7,20,0.000737477
binComputeKeys,7,21,0.000746725
binComputeKeys,7,22,0.000765412
binComputeKeys,7,23,0.000792195
binComputeKeys,7,24,0.000738438
binComputeKeys,7,25,0.000753893
binComputeKeys,7,26,0.000744261
binComputeKeys,7,27,0.00077914
binComputeKeys,7,28,0.000738021
binComputeKeys,7,29,0.000768228
binComputeKeys,7,30,0.000759524
binComputeKeys,7,31,0.000747397
binComputeKeys,7,32,0.000743301
binComputeKeys,7,33,0.000748421
binComputeKeys,7,34,0.00077034
binComputeKeys,7,35,0.00076938
binComputeKeys,7,36,0.000752997
binComputeKeys,7,37,0.000776612
binComputeKeys,7,38,0.000785827
binComputeKeys,7,39,0.000774948
binSortByKey,7,0,0.006679373
binSortByKey,7,1,0.006612336
binSortByKey,7,2,0.006629391
binSortByKey,7,3,0.006661102
binSortByKey,7,4,0.006681549
binSortByKey,7,5,0.006688941
binSortByKey,7,6,0.006632367
binSortByKey,7,7,0.006660782
binSortByKey,7,8,0.006677197
binSortByKey,7,9,0.006627855
binSortByKey,7,10,0.00660312
binSortByKey,7,11,0.006665134
binSortByKey,7,12,0.006670157
binSortByKey,7,13,0.006653902
binSortByKey,7,14,0.006610192
binSortByKey,7,15,0.006654286
binSortByKey,7,16,0.006691917
binSortByKey,7,17,0.006673134
binSortByKey,7,18,0.006628207
binSortByKey,7,19,0.006657806
binSortByKey,7,20,0.006661774
binSortByKey,7,21,0.006644783
binSortByKey,7,22,0.006634191
binSortByKey,7,23,0.006595345
binSortByKey,7,24,0.006685741
binSortByKey,7,25,0.006656718
binSortByKey,7,26,0.006662862
binSortByKey,7,27,0.006624879
binSortByKey,7,28,0.006686924
binSortByKey,7,29,0.00660632
binSortByKey,7,30,0.006685837
binSortByKey,7,31,0.006661518
binSortByKey,7,32,0.006667822
binSortByKey,7,33,0.006656718
binSortByKey,7,34,0.006638863
binSortByKey,7,35,0.006631856
binSortByKey,7,36,0.006706765
binSortByKey,7,37,0.006701901
binSortByKey,7,38,0.006608528
binSortByKey,7,39,0.006684845
binComputeOffsets,7,0,0.000389522
binComputeOffsets,7,1,0.000353011
binComputeOffsets,7,2,0.000354675
binComputeOffsets,7,3,0.000350003
binComputeOffsets,7,4,0.000351956
binComputeOffsets,7,5,0.000362195
binComputeOffsets,7,6,0.000356403
binComputeOffsets,7,7,0.000376306
binComputeOffsets,7,8,0.000358515
binComputeOffsets,7,9,0.000351859
binComputeOffsets,7,10,0.000337492
binComputeOffsets,7,11,0.000361107
binComputeOffsets,7,12,0.000356275
binComputeOffsets,7,13,0.000373394
binComputeOffsets,7,14,0.000340595
binComputeOffsets,7,15,0.000354739
binComputeOffsets,7,16,0.00037157
binComputeOffsets,7,17,0.000362995
binComputeOffsets,7,18,0.000354739
binComputeOffsets,7,19,0.00037077
binComputeOffsets,7,20,0.000369587
binComputeOffsets,7,21,0.000355027
binComputeOffsets,7,22,0.000351763
binComputeOffsets,7,23,0.000353875
binComputeOffsets,7,24,0.00035554
binComputeOffsets,7,25,0.000374706
binComputeOffsets,7,26,0.000364274
binComputeOffsets,7,27,0.000344819
binComputeOffsets,7,28,0.000362451
binComputeOffsets,7,29,0.000340372
binComputeOffsets,7,30,0.000359283
binComputeOffsets,7,31,0.000364051
binComputeOffsets,7,32,0.000358962
binComputeOffsets,7,33,0.000370675
binComputeOffsets,7,34,0.000353171
binComputeOffsets,7,35,0.000357331
binComputeOffsets,7,36,0.000383634
binComputeOffsets,7,37,0.000362322
binComputeOffsets,7,38,0.000346803
binComputeOffsets,7,39,0.000355859
FFTNUFFT1,7,0,0.128906868
FFTNUFFT1,7,1,0.128936818
FFTNUFFT1,7,2,0.127687776
FFTNUFFT1,7,3,0.128344489
FFTNUFFT1,7,4,0.127600803
FFTNUFFT1,7,5,0.12752423
FFTNUFFT1,7,6,0.127933784
FFTNUFFT1,7,7,0.129407681
FFTNUFFT1,7,8,0.130540281
FFTNUFFT1,7,9,0.130306882
deconvolutionNUFFT1,7,0,0.001590822
deconvolutionNUFFT1,7,1,0.001671299
deconvolutionNUFFT1,7,2,0.001714178
deconvolutionNUFFT1,7,3,0.001669507
deconvolutionNUFFT1,7,4,0.001356527
deconvolutionNUFFT1,7,5,0.001457931
deconvolutionNUFFT1,7,6,0.001348271
deconvolutionNUFFT1,7,7,0.001647108
deconvolutionNUFFT1,7,8,0.001333967
deconvolutionNUFFT1,7,9,0.001301968
GatherPIFNUFFT,7,0,0.476694902
GatherPIFNUFFT,7,1,0.476131723
GatherPIFNUFFT,7,2,0.481836539
GatherPIFNUFFT,7,3,0.480084539
GatherPIFNUFFT,7,4,0.479501969
GatherPIFNUFFT,7,5,0.478212319
GatherPIFNUFFT,7,6,0.48076749
GatherPIFNUFFT,7,7,0.475882357
GatherPIFNUFFT,7,8,0.479661674
GatherPIFNUFFT,7,9,0.477703217
NativeNUFFT2,7,0,0.154630765
NativeNUFFT2,7,1,0.158135918
NativeNUFFT2,7,2,0.159460285
NativeNUFFT2,7,3,0.154148575
NativeNUFFT2,7,4,0.15918388
NativeNUFFT2,7,5,0.159922222
NativeNUFFT2,7,6,0.156355214
NativeNUFFT2,7,7,0.157612929
NativeNUFFT2,7,8,0.16174801
NativeNUFFT2,7,9,0.157252398
NativeNUFFT2,7,10,0.158643163
NativeNUFFT2,7,11,0.157315628
NativeNUFFT2,7,12,0.155834498
NativeNUFFT2,7,13,0.157629313
NativeNUFFT2,7,14,0.15734961
NativeNUFFT2,7,15,0.1565402
NativeNUFFT2,7,16,0.159263749
NativeNUFFT2,7,17,0.158233066
NativeNUFFT2,7,18,0.157073908
NativeNUFFT2,7,19,0.15729982
NativeNUFFT2,7,20,0.158602077
NativeNUFFT2,7,21,0.154086049
NativeNUFFT2,7,22,0.159080971
NativeNUFFT2,7,23,0.159841393
NativeNUFFT2,7,24,0.157515845
NativeNUFFT2,7,25,0.15745879
NativeNUFFT2,7,26,0.159572217
NativeNUFFT2,7,27,0.157398984
NativeNUFFT2,7,28,0.157713565
NativeNUFFT2,7,29,0.157297196
PrecorrectionNUFFT2,7,0,0.003135758
PrecorrectionNUFFT2,7,1,0.004977579
PrecorrectionNUFFT2,7,2,0.004945612
PrecorrectionNUFFT2,7,3,0.003065393
PrecorrectionNUFFT2,7,4,0.004975596
PrecorrectionNUFFT2,7,5,0.004938797
PrecorrectionNUFFT2,7,6,0.003130638
PrecorrectionNUFFT2,7,7,0.004977675
PrecorrectionNUFFT2,7,8,0.004978667
PrecorrectionNUFFT2,7,9,0.003134414
PrecorrectionNUFFT2,7,10,0.00498753
PrecorrectionNUFFT2,7,11,0.00496094
PrecorrectionNUFFT2,7,12,0.003115408
PrecorrectionNUFFT2,7,13,0.004954508
PrecorrectionNUFFT2,7,14,0.00495326
PrecorrectionNUFFT2,7,15,0.00314267
PrecorrectionNUFFT2,7,16,0.004973004
PrecorrectionNUFFT2,7,17,0.004987146
PrecorrectionNUFFT2,7,18,0.003123726
PrecorrectionNUFFT2,7,19,0.004999146
PrecorrectionNUFFT2,7,20,0.004951148
PrecorrectionNUFFT2,7,21,0.003065872
PrecorrectionNUFFT2,7,22,0.004982859
PrecorrectionNUFFT2,7,23,0.004965132
PrecorrectionNUFFT2,7,24,0.003106735
PrecorrectionNUFFT2,7,25,0.004975243
PrecorrectionNUFFT2,7,26,0.004980523
PrecorrectionNUFFT2,7,27,0.003107215
PrecorrectionNUFFT2,7,28,0.004952236
PrecorrectionNUFFT2,7,29,0.004971787
FFTNUFFT2,7,0,0.127809372
FFTNUFFT2,7,1,0.129475519
FFTNUFFT2,7,2,0.128654077
FFTNUFFT2,7,3,0.126855582
FFTNUFFT2,7,4,0.130387391
FFTNUFFT2,7,5,0.128284586
FFTNUFFT2,7,6,0.128063186
FFTNUFFT2,7,7,0.129633433
FFTNUFFT2,7,8,0.132850116
FFTNUFFT2,7,9,0.128069843
FFTNUFFT2,7,10,0.129384515
FFTNUFFT2,7,11,0.128727355
FFTNUFFT2,7,12,0.12836836
FFTNUFFT2,7,13,0.129009936
FFTNUFFT2,7,14,0.128281482
FFTNUFFT2,7,15,0.13008884
FFTNUFFT2,7,16,0.129428864
FFTNUFFT2,7,17,0.129672695
FFTNUFFT2,7,18,0.129008497
FFTNUFFT2,7,19,0.128492771
FFTNUFFT2,7,20,0.130146311
FFTNUFFT2,7,21,0.128001557
FFTNUFFT2,7,22,0.128850838
FFTNUFFT2,7,23,0.129173354
FFTNUFFT2,7,24,0.128033715
FFTNUFFT2,7,25,0.129256646
FFTNUFFT2,7,26,0.129510781
FFTNUFFT2,7,27,0.128494243
FFTNUFFT2,7,28,0.129597403
FFTNUFFT2,7,29,0.128688124
GatherNUFFT2,7,0,0.011794707
GatherNUFFT2,7,1,0.011762741
GatherNUFFT2,7,2,0.013577906
GatherNUFFT2,7,3,0.01247193
GatherNUFFT2,7,4,0.011757397
GatherNUFFT2,7,5,0.015037981
GatherNUFFT2,7,6,0.013065477
GatherNUFFT2,7,7,0.011439361
GatherNUFFT2,7,8,0.011991181
GatherNUFFT2,7,9,0.014421843
GatherNUFFT2,7,10,0.012370974
GatherNUFFT2,7,11,0.011702998
GatherNUFFT2,7,12,0.012398269
GatherNUFFT2,7,13,0.011719478
GatherNUFFT2,7,14,0.012182405
GatherNUFFT2,7,15,0.011615963
GatherNUFFT2,7,16,0.012731538
GatherNUFFT2,7,17,0.011455808
GatherNUFFT2,7,18,0.013006503
GatherNUFFT2,7,19,0.012021291
GatherNUFFT2,7,20,0.011585147
GatherNUFFT2,7,21,0.01139309
GatherNUFFT2,7,22,0.013458774
GatherNUFFT2,7,23,0.013833129
GatherNUFFT2,7,24,0.014628365
GatherNUFFT2,7,25,0.011493886
GatherNUFFT2,7,26,0.012886252
GatherNUFFT2,7,27,0.013841833
GatherNUFFT2,7,28,0.01156822
GatherNUFFT2,7,29,0.011950318
mainTimer,8,0,6.952939658
dumpData,8,0,0.014658367
dumpData,8,1,0.013801468
dumpData,8,2,0.014466629
dumpData,8,3,0.014232717
dumpData,8,4,0.014938741
dumpData,8,5,0.014979443
dumpData,8,6,0.014925621
dumpData,8,7,0.015699802
dumpData,8,8,0.014956372
dumpData,8,9,0.014878839
kick,8,0,4.6847e-05
kick,8,1,1.2767e-05
kick,8,2,4.0575e-05
kick,8,3,8.8e-06
kick,8,4,4.8382e-05
kick,8,5,6.24e-06
kick,8,6,4.2942e-05
kick,8,7,8.704e-06
kick,8,8,4.4575e-05
kick,8,9,6.431e-06
kick,8,10,4.7487e-05
kick,8,11,6.4e-06
kick,8,12,4.6078e-05
kick,8,13,5.567e-06
kick,8,14,4.6046e-05
kick,8,15,6.399e-06
kick,8,16,4.5534e-05
kick,8,17,5.952e-06
kick,8,18,4.1791e-05
kick,8,19,6.111e-06
drift,8,0,4.96e-06
drift,8,1,4.864e-06
drift,8,2,6.592e-06
drift,8,3,6.24e-06
drift,8,4,6.112e-06
drift,8,5,4.416e-06
drift,8,6,5.184e-06
drift,8,7,4.896e-06
drift,8,8,5.856e-06
drift,8,9,4.768e-06
particleBC,8,0,1.0143e-05
particleBC,8,1,9.695e-06
particleBC,8,2,9.215e-06
particleBC,8,3,1.1744e-05
particleBC,8,4,1.0143e-05
particleBC,8,5,1.1263e-05
particleBC,8,6,1.168e-05
particleBC,8,7,1.0208e-05
particleBC,8,8,1.0784e-05
particleBC,8,9,9.567e-06
updateParticle,8,0,0.013780477
updateParticle,8,1,0.013766398
updateParticle,8,2,0.013688927
updateParticle,8,3,0.013727487
updateParticle,8,4,0.013735263
updateParticle,8,5,0.013699488
updateParticle,8,6,0.013659521
updateParticle,8,7,0.013699136
updateParticle,8,8,0.013664801
updateParticle,8,9,0.01376211
locateParticles,8,0,0.00678757
locateParticles,8,1,0.006771635
locateParticles,8,2,0.006765971
locateParticles,8,3,0.006772498
locateParticles,8,4,0.006781138
locateParticles,8,5,0.006766835
locateParticles,8,6,0.006785043
locateParticles,8,7,0.006786386
locateParticles,8,8,0.006771826
locateParticles,8,9,0.006768243
sendPreprocess,8,0,0.000610347
sendPreprocess,8,1,0.00061825
sendPreprocess,8,2,0.000587275
sendPreprocess,8,3,0.000596875
sendPreprocess,8,4,0.000623083
sendPreprocess,8,5,0.00061745
sendPreprocess,8,6,0.00061009
sendPreprocess,8,7,0.000593835
sendPreprocess,8,8,0.000595819
sendPreprocess,8,9,0.000596811
particleSend,8,0,0.000850114
particleSend,8,1,0.000797348
particleSend,8,2,0.000865026
particleSend,8,3,0.000801956
particleSend,8,4,0.000820611
particleSend,8,5,0.000782053
particleSend,8,6,0.000799972
particleSend,8,7,0.000803492
particleSend,8,8,0.000795653
particleSend,8,9,0.000855522
particleRecv,8,0,2.3039e-05
particleRecv,8,1,2.8511e-05
particleRecv,8,2,2.6271e-05
particleRecv,8,3,3.4655e-05
particleRecv,8,4,2.8639e-05
particleRecv,8,5,2.9215e-05
particleRecv,8,6,3.5647e-05
particleRecv,8,7,3.5583e-05
particleRecv,8,8,2.6879e-05
particleRecv,8,9,3.0559e-05
particleDestroy,8,0,0.00422446
particleDestroy,8,1,0.004234188
particleDestroy,8,2,0.004217835
particleDestroy,8,3,0.004223852
particleDestroy,8,4,0.004197581
particleDestroy,8,5,0.004220428
particleDestroy,8,6,0.004231916
particleDestroy,8,7,0.004198028
particleDestroy,8,8,0.004191373
particleDestroy,8,9,0.004189133
ScatterPIFNUFFT,8,0,0.175021065
ScatterPIFNUFFT,8,1,4.2206e-05
ScatterPIFNUFFT,8,2,0.175443002
ScatterPIFNUFFT,8,3,2.7679e-05
ScatterPIFNUFFT,8,4,0.175263393
ScatterPIFNUFFT,8,5,3.3182e-05
ScatterPIFNUFFT,8,6,0.175465977
ScatterPIFNUFFT,8,7,5.0623e-05
ScatterPIFNUFFT,8,8,0.175491512
ScatterPIFNUFFT,8,9,3.4046e-05
ScatterPIFNUFFT,8,10,0.175368924
ScatterPIFNUFFT,8,11,4.0383e-05
ScatterPIFNUFFT,8,12,0.175453369
ScatterPIFNUFFT,8,13,3.7695e-05
ScatterPIFNUFFT,8,14,0.176450711
ScatterPIFNUFFT,8,15,4.6142e-05
ScatterPIFNUFFT,8,16,0.175143588
ScatterPIFNUFFT,8,17,1.7471e-05
ScatterPIFNUFFT,8,18,0.17525328
ScatterPIFNUFFT,8,19,4.2559e-05
NativeNUFFT1,8,0,0.168758372
NativeNUFFT1,8,1,0.167444178
NativeNUFFT1,8,2,0.167156157
NativeNUFFT1,8,3,0.167440659
NativeNUFFT1,8,4,0.167533967
NativeNUFFT1,8,5,0.169187477
NativeNUFFT1,8,6,0.167060224
NativeNUFFT1,8,7,0.16830626
NativeNUFFT1,8,8,0.167057984
NativeNUFFT1,8,9,0.167406676
scatterTimerNUFFT1,8,0,0.039333629
scatterTimerNUFFT1,8,1,0.038172102
scatterTimerNUFFT1,8,2,0.037753813
scatterTimerNUFFT1,8,3,0.038258499
scatterTimerNUFFT1,8,4,0.038421085
scatterTimerNUFFT1,8,5,0.040343642
scatterTimerNUFFT1,8,6,0.037830738
scatterTimerNUFFT1,8,7,0.038071304
scatterTimerNUFFT1,8,8,0.038064234
scatterTimerNUFFT1,8,9,0.038239875
binSort,8,0,0.007752432
binSort,8,1,0.007810062
binSort,8,2,0.007789263
binSort,8,3,0.007737457
binSort,8,4,0.007754769
binSort,8,5,0.007778543
binSort,8,6,0.007824845
binSort,8,7,0.007759376
binSort,8,8,0.007750864
binSort,8,9,0.007780304
binSort,8,10,0.007757552
binSort,8,11,0.007744241
binSort,8,12,0.007740337
binSort,8,13,0.007807726
binSort,8,14,0.00774504
binSort,8,15,0.007785391
binSort,8,16,0.007770192
binSort,8,17,0.007790223
binSort,8,18,0.007826446
binSort,8,19,0.00775688
binSort,8,20,0.007761168
binSort,8,21,0.007810415
binSort,8,22,0.007739281
binSort,8,23,0.00778091
binSort,8,24,0.007813327
binSort,8,25,0.007793806
binSort,8,26,0.007758193
binSort,8,27,0.0077836
binSort,8,28,0.007696082
binSort,8,29,0.007797615
binSort,8,30,0.007801646
binSort,8,31,0.007783119
binSort,8,32,0.007744944
binSort,8,33,0.007769776
binSort,8,34,0.00782155
binSort,8,35,0.007746128
binSort,8,36,0.00778459
binSort,8,37,0.007786639
binSort,8,38,0.007803534
binSort,8,39,0.007771375
binComputeKeys,8,0,0.00073111
binComputeKeys,8,1,0.000755333
binComputeKeys,8,2,0.000729287
binComputeKeys,8,3,0.000749414
binComputeKeys,8,4,0.000740998
binComputeKeys,8,5,0.000764933
binComputeKeys,8,6,0.000757605
binComputeKeys,8,7,0.000756806
binComputeKeys,8,8,0.000739622
binComputeKeys,8,9,0.000745542
binComputeKeys,8,10,0.000729798
binComputeKeys,8,11,0.000727655
binComputeKeys,8,12,0.000734918
binComputeKeys,8,13,0.000778789
binComputeKeys,8,14,0.000743877
binComputeKeys,8,15,0.000739654
binComputeKeys,8,16,0.000750182
binComputeKeys,8,17,0.000751589
binComputeKeys,8,18,0.000759205
binComputeKeys,8,19,0.000749542
binComputeKeys,8,20,0.000731878
binComputeKeys,8,21,0.000731751
binComputeKeys,8,22,0.000743494
binComputeKeys,8,23,0.000738694
binComputeKeys,8,24,0.000749894
binComputeKeys,8,25,0.000776868
binComputeKeys,8,26,0.000737223
binComputeKeys,8,27,0.000742342
binComputeKeys,8,28,0.00072327
binComputeKeys,8,29,0.000753542
binComputeKeys,8,30,0.000765029
binComputeKeys,8,31,0.000739334
binComputeKeys,8,32,0.00073591
binComputeKeys,8,33,0.000768613
binComputeKeys,8,34,0.000748838
binComputeKeys,8,35,0.00074935
binComputeKeys,8,36,0.000741222
binComputeKeys,8,37,0.000755845
binComputeKeys,8,38,0.000753157
binComputeKeys,8,39,0.000742278
binSortByKey,8,0,0.006665174
binSortByKey,8,1,0.006696854
binSortByKey,8,2,0.006687893
binSortByKey,8,3,0.006637495
binSortByKey,8,4,0.006661911
binSortByKey,8,5,0.00666959
binSortByKey,8,6,0.006706837
binSortByKey,8,7,0.006658262
binSortByKey,8,8,0.006668342
binSortByKey,8,9,0.006674486
binSortByKey,8,10,0.006657207
binSortByKey,8,11,0.006645911
binSortByKey,8,12,0.006659671
binSortByKey,8,13,0.006676118
binSortByKey,8,14,0.006638424
binSortByKey,8,15,0.006682038
binSortByKey,8,16,0.00667247
binSortByKey,8,17,0.006677174
binSortByKey,8,18,0.006715477
binSortByKey,8,19,0.006652662
binSortByKey,8,20,0.006662743
binSortByKey,8,21,0.006695669
binSortByKey,8,22,0.006635352
binSortByKey,8,23,0.006679445
binSortByKey,8,24,0.006694038
binSortByKey,8,25,0.006665975
binSortByKey,8,26,0.006657814
binSortByKey,8,27,0.00668623
binSortByKey,8,28,0.00662604
binSortByKey,8,29,0.006690677
binSortByKey,8,30,0.006683382
binSortByKey,8,31,0.006687158
binSortByKey,8,32,0.006662838
binSortByKey,8,33,0.006656247
binSortByKey,8,34,0.006705269
binSortByKey,8,35,0.006648503
binSortByKey,8,36,0.006690357
binSortByKey,8,37,0.00668207
binSortByKey,8,38,0.006699222
binSortByKey,8,39,0.006676598
binComputeOffsets,8,0,0.000355732
binComputeOffsets,8,1,0.000356563
binComputeOffsets,8,2,0.000371283
binComputeOffsets,8,3,0.000350164
binComputeOffsets,8,4,0.000351252
binComputeOffsets,8,5,0.000343156
binComputeOffsets,8,6,0.000360019
binComputeOffsets,8,7,0.00034338
binComputeOffsets,8,8,0.00034242
binComputeOffsets,8,9,0.000359924
binComputeOffsets,8,10,0.000370099
binComputeOffsets,8,11,0.000370291
binComputeOffsets,8,12,0.000345332
binComputeOffsets,8,13,0.000351923
binComputeOffsets,8,14,0.000361843
binComputeOffsets,8,15,0.000362419
binComputeOffsets,8,16,0.000345332
binComputeOffsets,8,17,0.0003605
binComputeOffsets,8,18,0.000351348
binComputeOffsets,8,19,0.00035346
binComputeOffsets,8,20,0.000365747
binComputeOffsets,8,21,0.000382195
binComputeOffsets,8,22,0.000360147
binComputeOffsets,8,23,0.000362099
binComputeOffsets,8,24,0.000368883
binComputeOffsets,8,25,0.000350099
binComputeOffsets,8,26,0.000362356
binComputeOffsets,8,27,0.000354228
binComputeOffsets,8,28,0.00034578
binComputeOffsets,8,29,0.000352628
binComputeOffsets,8,30,0.000352467
binComputeOffsets,8,31,0.000355859
binComputeOffsets,8,32,0.000344052
binComputeOffsets,8,33,0.000344404
binComputeOffsets,8,34,0.000366611
binComputeOffsets,8,35,0.000347507
binComputeOffsets,8,36,0.000352147
binComputeOffsets,8,37,0.000348308
binComputeOffsets,8,38,0.000350227
binComputeOffsets,8,39,0.000351699
FFTNUFFT1,8,0,0.128091158
FFTNUFFT1,8,1,0.127762689
FFTNUFFT1,8,2,0.127734083
FFTNUFFT1,8,3,0.127708483
FFTNUFFT1,8,4,0.127603335
FFTNUFFT1,8,5,0.12727589
FFTNUFFT1,8,6,0.127641285
FFTNUFFT1,8,7,0.128587846
FFTNUFFT1,8,8,0.127684772
FFTNUFFT1,8,9,0.127637287
deconvolutionNUFFT1,8,0,0.001332369
deconvolutionNUFFT1,8,1,0.001508203
deconvolutionNUFFT1,8,2,0.001667301
deconvolutionNUFFT1,8,3,0.001472493
deconvolutionNUFFT1,8,4,0.001507563
deconvolutionNUFFT1,8,5,0.001566793
deconvolutionNUFFT1,8,6,0.001586473
deconvolutionNUFFT1,8,7,0.001645734
deconvolutionNUFFT1,8,8,0.00130677
deconvolutionNUFFT1,8,9,0.001528362
GatherPIFNUFFT,8,0,0.483497611
GatherPIFNUFFT,8,1,0.485354123
GatherPIFNUFFT,8,2,0.48594306
GatherPIFNUFFT,8,3,0.483834815
GatherPIFNUFFT,8,4,0.481756713
GatherPIFNUFFT,8,5,0.483078937
GatherPIFNUFFT,8,6,0.483008637
GatherPIFNUFFT,8,7,0.481309527
GatherPIFNUFFT,8,8,0.486010228
GatherPIFNUFFT,8,9,0.483531498
NativeNUFFT2,8,0,0.155082915
NativeNUFFT2,8,1,0.15804694
NativeNUFFT2,8,2,0.15990713
NativeNUFFT2,8,3,0.157298549
NativeNUFFT2,8,4,0.158398703
NativeNUFFT2,8,5,0.160879866
NativeNUFFT2,8,6,0.158711205
NativeNUFFT2,8,7,0.157367571
NativeNUFFT2,8,8,0.161050418
NativeNUFFT2,8,9,0.160298988
NativeNUFFT2,8,10,0.159644228
NativeNUFFT2,8,11,0.156912804
NativeNUFFT2,8,12,0.157636395
NativeNUFFT2,8,13,0.157483247
NativeNUFFT2,8,14,0.157834435
NativeNUFFT2,8,15,0.15485246
NativeNUFFT2,8,16,0.159736512
NativeNUFFT2,8,17,0.157765413
NativeNUFFT2,8,18,0.156568079
NativeNUFFT2,8,19,0.15819836
NativeNUFFT2,8,20,0.157601611
NativeNUFFT2,8,21,0.154640307
NativeNUFFT2,8,22,0.15968365
NativeNUFFT2,8,23,0.158498476
NativeNUFFT2,8,24,0.16364604
NativeNUFFT2,8,25,0.157772422
NativeNUFFT2,8,26,0.159535015
NativeNUFFT2,8,27,0.162213194
NativeNUFFT2,8,28,0.157941216
NativeNUFFT2,8,29,0.157285366
PrecorrectionNUFFT2,8,0,0.003140402
PrecorrectionNUFFT2,8,1,0.004983889
PrecorrectionNUFFT2,8,2,0.00495381
PrecorrectionNUFFT2,8,3,0.003140913
PrecorrectionNUFFT2,8,4,0.004977554
PrecorrectionNUFFT2,8,5,0.004968402
PrecorrectionNUFFT2,8,6,0.003136658
PrecorrectionNUFFT2,8,7,0.004965042
PrecorrectionNUFFT2,8,8,0.004991281
PrecorrectionNUFFT2,8,9,0.003116467
PrecorrectionNUFFT2,8,10,0.004964754
PrecorrectionNUFFT2,8,11,0.004969073
PrecorrectionNUFFT2,8,12,0.003141938
PrecorrectionNUFFT2,8,13,0.004979954
PrecorrectionNUFFT2,8,14,0.004969074
PrecorrectionNUFFT2,8,15,0.003090836
PrecorrectionNUFFT2,8,16,0.00497461
PrecorrectionNUFFT2,8,17,0.004955922
PrecorrectionNUFFT2,8,18,0.003107667
PrecorrectionNUFFT2,8,19,0.004996785
PrecorrectionNUFFT2,8,20,0.004964498
PrecorrectionNUFFT2,8,21,0.003144466
PrecorrectionNUFFT2,8,22,0.004986321
PrecorrectionNUFFT2,8,23,0.004954963
PrecorrectionNUFFT2,8,24,0.003131699
PrecorrectionNUFFT2,8,25,0.004985745
PrecorrectionNUFFT2,8,26,0.004972913
PrecorrectionNUFFT2,8,27,0.003111187
PrecorrectionNUFFT2,8,28,0.004972914
PrecorrectionNUFFT2,8,29,0.004969394
FFTNUFFT2,8,0,0.127935259
FFTNUFFT2,8,1,0.128104821
FFTNUFFT2,8,2,0.12876243
FFTNUFFT2,8,3,0.130489026
FFTNUFFT2,8,4,0.128179251
FFTNUFFT2,8,5,0.13232893
FFTNUFFT2,8,6,0.129082868
FFTNUFFT2,8,7,0.127875901
FFTNUFFT2,8,8,0.128792381
FFTNUFFT2,8,9,0.131740693
FFTNUFFT2,8,10,0.129488836
FFTNUFFT2,8,11,0.127895294
FFTNUFFT2,8,12,0.130798296
FFTNUFFT2,8,13,0.128581157
FFTNUFFT2,8,14,0.129210574
FFTNUFFT2,8,15,0.127371598
FFTNUFFT2,8,16,0.128861498
FFTNUFFT2,8,17,0.12820981
FFTNUFFT2,8,18,0.127962331
FFTNUFFT2,8,19,0.128911194
FFTNUFFT2,8,20,0.128391851
FFTNUFFT2,8,21,0.127768257
FFTNUFFT2,8,22,0.12851703
FFTNUFFT2,8,23,0.12810578
FFTNUFFT2,8,24,0.136564269
FFTNUFFT2,8,25,0.128146485
FFTNUFFT2,8,26,0.128264432
FFTNUFFT2,8,27,0.132985514
FFTNUFFT2,8,28,0.127606662
FFTNUFFT2,8,29,0.128004024
GatherNUFFT2,8,0,0.012391598
GatherNUFFT2,8,1,0.013332396
GatherNUFFT2,8,2,0.014222094
GatherNUFFT2,8,3,0.011714982
GatherNUFFT2,8,4,0.013626466
GatherNUFFT2,8,5,0.011630312
GatherNUFFT2,8,6,0.014606624
GatherNUFFT2,8,7,0.01273917
GatherNUFFT2,8,8,0.015531775
GatherNUFFT2,8,9,0.013812859
GatherNUFFT2,8,10,0.013225744
GatherNUFFT2,8,11,0.012414893
GatherNUFFT2,8,12,0.012089656
GatherNUFFT2,8,13,0.012215092
GatherNUFFT2,8,14,0.012034042
GatherNUFFT2,8,15,0.012640069
GatherNUFFT2,8,16,0.014257516
GatherNUFFT2,8,17,0.012329263
GatherNUFFT2,8,18,0.013871417
GatherNUFFT2,8,19,0.01253988
GatherNUFFT2,8,20,0.012530472
GatherNUFFT2,8,21,0.01209244
GatherNUFFT2,8,22,0.014357449
GatherNUFFT2,8,23,0.013794557
GatherNUFFT2,8,24,0.011632904
GatherNUFFT2,8,25,0.01301964
GatherNUFFT2,8,26,0.014296587
GatherNUFFT2,8,27,0.01411605
GatherNUFFT2,8,28,0.013639298
GatherNUFFT2,8,29,0.012529097
mainTimer,9,0,6.95293361
dumpData,9,0,0.01375587
dumpData,9,1,0.012042362
dumpData,9,2,0.012758881
dumpData,9,3,0.013366411
dumpData,9,4,0.012088057
dumpData,9,5,0.013989206
dumpData,9,6,0.012994552
dumpData,9,7,0.013800476
dumpData,9,8,0.013058454
dumpData,9,9,0.013055607
kick,9,0,4.4159e-05
kick,9,1,8.512e-06
kick,9,2,4.6303e-05
kick,9,3,9.056e-06
kick,9,4,4.787e-05
kick,9,5,1.3791e-05
kick,9,6,4.6238e-05
kick,9,7,9.12e-06
kick,9,8,4.5791e-05
kick,9,9,1.3183e-05
kick,9,10,4.7839e-05
kick,9,11,7.071e-06
kick,9,12,4.6462e-05
kick,9,13,1.0304e-05
kick,9,14,4.707e-05
kick,9,15,9.184e-06
kick,9,16,4.7838e-05
kick,9,17,7.776e-06
kick,9,18,4.5279e-05
kick,9,19,6.783e-06
drift,9,0,4.832e-06
drift,9,1,5.056e-06
drift,9,2,6.112e-06
drift,9,3,5.888e-06
drift,9,4,6.752e-06
drift,9,5,6.368e-06
drift,9,6,6.112e-06
drift,9,7,6.56e-06
drift,9,8,1.136e-05
drift,9,9,5.312e-06
particleBC,9,0,1.1999e-05
particleBC,9,1,8.127e-06
particleBC,9,2,9.375e-06
particleBC,9,3,1.0496e-05
particleBC,9,4,9.503e-06
particleBC,9,5,1.0879e-05
particleBC,9,6,1.1296e-05
particleBC,9,7,9.952e-06
particleBC,9,8,8.096e-06
particleBC,9,9,9.824e-06
updateParticle,9,0,0.013784957
updateParticle,9,1,0.013725663
updateParticle,9,2,0.013731102
updateParticle,9,3,0.013671745
updateParticle,9,4,0.013686848
updateParticle,9,5,0.013654594
updateParticle,9,6,0.013791804
updateParticle,9,7,0.013775325
updateParticle,9,8,0.013701535
updateParticle,9,9,0.013660097
locateParticles,9,0,0.007107975
locateParticles,9,1,0.007100295
locateParticles,9,2,0.007079272
locateParticles,9,3,0.007087719
locateParticles,9,4,0.007071976
locateParticles,9,5,0.007093607
locateParticles,9,6,0.007090728
locateParticles,9,7,0.007101991
locateParticles,9,8,0.007071112
locateParticles,9,9,0.007097287
sendPreprocess,9,0,0.000288566
sendPreprocess,9,1,0.000288182
sendPreprocess,9,2,0.000275478
sendPreprocess,9,3,0.000283286
sendPreprocess,9,4,0.000334069
sendPreprocess,9,5,0.000292182
sendPreprocess,9,6,0.000305685
sendPreprocess,9,7,0.000277078
sendPreprocess,9,8,0.000295093
sendPreprocess,9,9,0.000268567
particleSend,9,0,0.000796772
particleSend,9,1,0.000787653
particleSend,9,2,0.000872225
particleSend,9,3,0.000800196
particleSend,9,4,0.000869154
particleSend,9,5,0.000780165
particleSend,9,6,0.000811556
particleSend,9,7,0.000847202
particleSend,9,8,0.000809636
particleSend,9,9,0.000803332
particleRecv,9,0,2.7807e-05
particleRecv,9,1,3.8526e-05
particleRecv,9,2,2.4575e-05
particleRecv,9,3,3.5039e-05
particleRecv,9,4,2.1919e-05
particleRecv,9,5,2.8383e-05
particleRecv,9,6,2.7167e-05
particleRecv,9,7,2.3295e-05
particleRecv,9,8,2.3391e-05
particleRecv,9,9,3.1615e-05
particleDestroy,9,0,0.004489827
particleDestroy,9,1,0.004479715
particleDestroy,9,2,0.004459876
particleDestroy,9,3,0.004476675
particleDestroy,9,4,0.004452804
particleDestroy,9,5,0.004467171
particleDestroy,9,6,0.004494018
particleDestroy,9,7,0.00446202
particleDestroy,9,8,0.004444644
particleDestroy,9,9,0.004484418
ScatterPIFNUFFT,9,0,0.175917321
ScatterPIFNUFFT,9,1,3.6255e-05
ScatterPIFNUFFT,9,2,0.178309141
ScatterPIFNUFFT,9,3,2.7808e-05
ScatterPIFNUFFT,9,4,0.175387069
ScatterPIFNUFFT,9,5,2.9023e-05
ScatterPIFNUFFT,9,6,0.176339451
ScatterPIFNUFFT,9,7,5.1487e-05
ScatterPIFNUFFT,9,8,0.175783694
ScatterPIFNUFFT,9,9,2.9087e-05
ScatterPIFNUFFT,9,10,0.175741616
ScatterPIFNUFFT,9,11,3.7343e-05
ScatterPIFNUFFT,9,12,0.175958728
ScatterPIFNUFFT,9,13,3.2862e-05
ScatterPIFNUFFT,9,14,0.176574962
ScatterPIFNUFFT,9,15,4.2943e-05
ScatterPIFNUFFT,9,16,0.17537926
ScatterPIFNUFFT,9,17,1.7471e-05
ScatterPIFNUFFT,9,18,0.175826189
ScatterPIFNUFFT,9,19,3.0655e-05
NativeNUFFT1,9,0,0.169693411
NativeNUFFT1,9,1,0.170320333
NativeNUFFT1,9,2,0.167372181
NativeNUFFT1,9,3,0.168343442
NativeNUFFT1,9,4,0.167824293
NativeNUFFT1,9,5,0.169537576
NativeNUFFT1,9,6,0.169750657
NativeNUFFT1,9,7,0.168660968
NativeNUFFT1,9,8,0.167422483
NativeNUFFT1,9,9,0.167689067
scatterTimerNUFFT1,9,0,0.039353052
scatterTimerNUFFT1,9,1,0.038122599
scatterTimerNUFFT1,9,2,0.037952205
scatterTimerNUFFT1,9,3,0.038237412
scatterTimerNUFFT1,9,4,0.038143879
scatterTimerNUFFT1,9,5,0.040071843
scatterTimerNUFFT1,9,6,0.039742383
scatterTimerNUFFT1,9,7,0.038127751
scatterTimerNUFFT1,9,8,0.037990317
scatterTimerNUFFT1,9,9,0.038183238
binSort,9,0,0.008203359
binSort,9,1,0.008204705
binSort,9,2,0.008226112
binSort,9,3,0.008195361
binSort,9,4,0.008139523
binSort,9,5,0.008167458
binSort,9,6,0.008229439
binSort,9,7,0.008169921
binSort,9,8,0.008134723
binSort,9,9,0.0082144
binSort,9,10,0.008236031
binSort,9,11,0.008196929
binSort,9,12,0.008141571
binSort,9,13,0.008201216
binSort,9,14,0.008202913
binSort,9,15,0.00823392
binSort,9,16,0.008170306
binSort,9,17,0.008225504
binSort,9,18,0.008222624
binSort,9,19,0.008155586
binSort,9,20,0.008205856
binSort,9,21,0.008225247
binSort,9,22,0.008222784
binSort,9,23,0.00822096
binSort,9,24,0.008174882
binSort,9,25,0.008172065
binSort,9,26,0.008211648
binSort,9,27,0.008149314
binSort,9,28,0.008162434
binSort,9,29,0.008230399
binSort,9,30,0.008181857
binSort,9,31,0.00822
binSort,9,32,0.008145186
binSort,9,33,0.008184225
binSort,9,34,0.008207648
binSort,9,35,0.008184962
binSort,9,36,0.008121155
binSort,9,37,0.008190177
binSort,9,38,0.008247166
binSort,9,39,0.008182177
binComputeKeys,9,0,0.000771077
binComputeKeys,9,1,0.000825379
binComputeKeys,9,2,0.000796165
binComputeKeys,9,3,0.000806564
binComputeKeys,9,4,0.000779749
binComputeKeys,9,5,0.000809476
binComputeKeys,9,6,0.000809955
binComputeKeys,9,7,0.000797252
binComputeKeys,9,8,0.000777029
binComputeKeys,9,9,0.00079962
binComputeKeys,9,10,0.000815683
binComputeKeys,9,11,0.000781956
binComputeKeys,9,12,0.000777221
binComputeKeys,9,13,0.000815043
binComputeKeys,9,14,0.00081242
binComputeKeys,9,15,0.000793285
binComputeKeys,9,16,0.000785764
binComputeKeys,9,17,0.000797124
binComputeKeys,9,18,0.000808643
binComputeKeys,9,19,0.000790212
binComputeKeys,9,20,0.000770661
binComputeKeys,9,21,0.000801763
binComputeKeys,9,22,0.000784548
binComputeKeys,9,23,0.000788165
binComputeKeys,9,24,0.000770245
binComputeKeys,9,25,0.000807363
binComputeKeys,9,26,0.000794596
binComputeKeys,9,27,0.000808676
binComputeKeys,9,28,0.000776741
binComputeKeys,9,29,0.000808804
binComputeKeys,9,30,0.000805539
binComputeKeys,9,31,0.000803716
binComputeKeys,9,32,0.000777668
binComputeKeys,9,33,0.000815524
binComputeKeys,9,34,0.000784516
binComputeKeys,9,35,0.000792581
binComputeKeys,9,36,0.000778468
binComputeKeys,9,37,0.000809475
binComputeKeys,9,38,0.000812483
binComputeKeys,9,39,0.000784932
binSortByKey,9,0,0.007048296
binSortByKey,9,1,0.007019882
binSortByKey,9,2,0.007050888
binSortByKey,9,3,0.007024842
binSortByKey,9,4,0.006996555
binSortByKey,9,5,0.006999339
binSortByKey,9,6,0.007051337
binSortByKey,9,7,0.007015082
binSortByKey,9,8,0.00699745
binSortByKey,9,9,0.007039881
binSortByKey,9,10,0.007058185
binSortByKey,9,11,0.00703905
binSortByKey,9,12,0.007004714
binSortByKey,9,13,0.007026186
binSortByKey,9,14,0.007031049
binSortByKey,9,15,0.007063368
binSortByKey,9,16,0.007021834
binSortByKey,9,17,0.007056137
binSortByKey,9,18,0.007049129
binSortByKey,9,19,0.007005739
binSortByKey,9,20,0.007051561
binSortByKey,9,21,0.007054313
binSortByKey,9,22,0.007051401
binSortByKey,9,23,0.00705972
binSortByKey,9,24,0.007034218
binSortByKey,9,25,0.007002379
binSortByKey,9,26,0.007044009
binSortByKey,9,27,0.006979435
binSortByKey,9,28,0.007025674
binSortByKey,9,29,0.007054376
binSortByKey,9,30,0.007018442
binSortByKey,9,31,0.007052456
binSortByKey,9,32,0.007006251
binSortByKey,9,33,0.007010826
binSortByKey,9,34,0.007055849
binSortByKey,9,35,0.007018186
binSortByKey,9,36,0.006984555
binSortByKey,9,37,0.007022474
binSortByKey,9,38,0.007071464
binSortByKey,9,39,0.007021866
binComputeOffsets,9,0,0.000383378
binComputeOffsets,9,1,0.00035858
binComputeOffsets,9,2,0.000378291
binComputeOffsets,9,3,0.000357235
binComputeOffsets,9,4,0.000362707
binComputeOffsets,9,5,0.000358163
binComputeOffsets,9,6,0.000367347
binComputeOffsets,9,7,0.000357203
binComputeOffsets,9,8,0.000359732
binComputeOffsets,9,9,0.000374547
binComputeOffsets,9,10,0.000361619
binComputeOffsets,9,11,0.000375123
binComputeOffsets,9,12,0.000359188
binComputeOffsets,9,13,0.000359123
binComputeOffsets,9,14,0.000359092
binComputeOffsets,9,15,0.000376051
binComputeOffsets,9,16,0.000361076
binComputeOffsets,9,17,0.000371379
binComputeOffsets,9,18,0.000364052
binComputeOffsets,9,19,0.000359283
binComputeOffsets,9,20,0.000382867
binComputeOffsets,9,21,0.000368883
binComputeOffsets,9,22,0.000385779
binComputeOffsets,9,23,0.000372083
binComputeOffsets,9,24,0.000369875
binComputeOffsets,9,25,0.000361907
binComputeOffsets,9,26,0.000372179
binComputeOffsets,9,27,0.000360371
binComputeOffsets,9,28,0.000359155
binComputeOffsets,9,29,0.000366771
binComputeOffsets,9,30,0.000356916
binComputeOffsets,9,31,0.000363284
binComputeOffsets,9,32,0.000358931
binComputeOffsets,9,33,0.000357107
binComputeOffsets,9,34,0.000366483
binComputeOffsets,9,35,0.000372979
binComputeOffsets,9,36,0.000357268
binComputeOffsets,9,37,0.00035746
binComputeOffsets,9,38,0.000362323
binComputeOffsets,9,39,0.000374579
FFTNUFFT1,9,0,0.128996054
FFTNUFFT1,9,1,0.130847061
FFTNUFFT1,9,2,0.127730852
FFTNUFFT1,9,3,0.128764541
FFTNUFFT1,9,4,0.127900028
FFTNUFFT1,9,5,0.12763479
FFTNUFFT1,9,6,0.128665409
FFTNUFFT1,9,7,0.128840476
FFTNUFFT1,9,8,0.127880604
FFTNUFFT1,9,9,0.127515146
deconvolutionNUFFT1,9,0,0.001342417
deconvolutionNUFFT1,9,1,0.001348881
deconvolutionNUFFT1,9,2,0.00168778
deconvolutionNUFFT1,9,3,0.001339665
deconvolutionNUFFT1,9,4,0.00177885
deconvolutionNUFFT1,9,5,0.001828799
deconvolutionNUFFT1,9,6,0.001339249
deconvolutionNUFFT1,9,7,0.001691045
deconvolutionNUFFT1,9,8,0.001548778
deconvolutionNUFFT1,9,9,0.001987771
GatherPIFNUFFT,9,0,0.48152344
GatherPIFNUFFT,9,1,0.478448668
GatherPIFNUFFT,9,2,0.484220049
GatherPIFNUFFT,9,3,0.483354161
GatherPIFNUFFT,9,4,0.481812903
GatherPIFNUFFT,9,5,0.482403441
GatherPIFNUFFT,9,6,0.48238981
GatherPIFNUFFT,9,7,0.481052705
GatherPIFNUFFT,9,8,0.485187472
GatherPIFNUFFT,9,9,0.482939646
NativeNUFFT2,9,0,0.15637183
NativeNUFFT2,9,1,0.157245624
NativeNUFFT2,9,2,0.160220559
NativeNUFFT2,9,3,0.156270554
NativeNUFFT2,9,4,0.157521646
NativeNUFFT2,9,5,0.161937748
NativeNUFFT2,9,6,0.158775523
NativeNUFFT2,9,7,0.158447118
NativeNUFFT2,9,8,0.160075732
NativeNUFFT2,9,9,0.160827354
NativeNUFFT2,9,10,0.159961784
NativeNUFFT2,9,11,0.156478611
NativeNUFFT2,9,12,0.156247132
NativeNUFFT2,9,13,0.157430833
NativeNUFFT2,9,14,0.158569898
NativeNUFFT2,9,15,0.157341652
NativeNUFFT2,9,16,0.159437099
NativeNUFFT2,9,17,0.157926176
NativeNUFFT2,9,18,0.160788092
NativeNUFFT2,9,19,0.158070908
NativeNUFFT2,9,20,0.157567948
NativeNUFFT2,9,21,0.155153057
NativeNUFFT2,9,22,0.159902522
NativeNUFFT2,9,23,0.158295411
NativeNUFFT2,9,24,0.164869996
NativeNUFFT2,9,25,0.156834087
NativeNUFFT2,9,26,0.159336078
NativeNUFFT2,9,27,0.162915665
NativeNUFFT2,9,28,0.157512686
NativeNUFFT2,9,29,0.157472464
PrecorrectionNUFFT2,9,0,0.003179985
PrecorrectionNUFFT2,9,1,0.005116333
PrecorrectionNUFFT2,9,2,0.005131788
PrecorrectionNUFFT2,9,3,0.003139122
PrecorrectionNUFFT2,9,4,0.005100109
PrecorrectionNUFFT2,9,5,0.005129612
PrecorrectionNUFFT2,9,6,0.003157746
PrecorrectionNUFFT2,9,7,0.005133996
PrecorrectionNUFFT2,9,8,0.005127916
PrecorrectionNUFFT2,9,9,0.003150834
PrecorrectionNUFFT2,9,10,0.005128268
PrecorrectionNUFFT2,9,11,0.005118252
PrecorrectionNUFFT2,9,12,0.003170481
PrecorrectionNUFFT2,9,13,0.005132716
PrecorrectionNUFFT2,9,14,0.005131821
PrecorrectionNUFFT2,9,15,0.003182065
PrecorrectionNUFFT2,9,16,0.005128333
PrecorrectionNUFFT2,9,17,0.005128268
PrecorrectionNUFFT2,9,18,0.003145234
PrecorrectionNUFFT2,9,19,0.005132204
PrecorrectionNUFFT2,9,20,0.00514318
PrecorrectionNUFFT2,9,21,0.003176145
PrecorrectionNUFFT2,9,22,0.005136012
PrecorrectionNUFFT2,9,23,0.005119533
PrecorrectionNUFFT2,9,24,0.003175089
PrecorrectionNUFFT2,9,25,0.005117165
PrecorrectionNUFFT2,9,26,0.005098253
PrecorrectionNUFFT2,9,27,0.00315957
PrecorrectionNUFFT2,9,28,0.005113773
PrecorrectionNUFFT2,9,29,0.005107949
FFTNUFFT2,9,0,0.128586916
FFTNUFFT2,9,1,0.127688355
FFTNUFFT2,9,2,0.130914322
FFTNUFFT2,9,3,0.128623299
FFTNUFFT2,9,4,0.126875585
FFTNUFFT2,9,5,0.132266436
FFTNUFFT2,9,6,0.129191632
FFTNUFFT2,9,7,0.128623363
FFTNUFFT2,9,8,0.128314797
FFTNUFFT2,9,9,0.131817331
FFTNUFFT2,9,10,0.130614941
FFTNUFFT2,9,11,0.126867266
FFTNUFFT2,9,12,0.128835069
FFTNUFFT2,9,13,0.127994936
FFTNUFFT2,9,14,0.129107314
FFTNUFFT2,9,15,0.130148781
FFTNUFFT2,9,16,0.127651045
FFTNUFFT2,9,17,0.128721472
FFTNUFFT2,9,18,0.131739607
FFTNUFFT2,9,19,0.129032917
FFTNUFFT2,9,20,0.127813024
FFTNUFFT2,9,21,0.127587623
FFTNUFFT2,9,22,0.130593981
FFTNUFFT2,9,23,0.127289489
FFTNUFFT2,9,24,0.136823683
FFTNUFFT2,9,25,0.126755013
FFTNUFFT2,9,26,0.127940122
FFTNUFFT2,9,27,0.135591151
FFTNUFFT2,9,28,0.126788387
FFTNUFFT2,9,29,0.12796345
GatherNUFFT2,9,0,0.012127479
GatherNUFFT2,9,1,0.01232088
GatherNUFFT2,9,2,0.012082296
GatherNUFFT2,9,3,0.012025882
GatherNUFFT2,9,4,0.012984152
GatherNUFFT2,9,5,0.012091448
GatherNUFFT2,9,6,0.013861178
GatherNUFFT2,9,7,0.01221634
GatherNUFFT2,9,8,0.014510756
GatherNUFFT2,9,9,0.01371584
GatherNUFFT2,9,10,0.012057178
GatherNUFFT2,9,11,0.01210604
GatherNUFFT2,9,12,0.012109271
GatherNUFFT2,9,13,0.011898399
GatherNUFFT2,9,14,0.01188096
GatherNUFFT2,9,15,0.011805762
GatherNUFFT2,9,16,0.014094482
GatherNUFFT2,9,17,0.011865183
GatherNUFFT2,9,18,0.013623554
GatherNUFFT2,9,19,0.011779747
GatherNUFFT2,9,20,0.01190739
GatherNUFFT2,9,21,0.011955101
GatherNUFFT2,9,22,0.012038746
GatherNUFFT2,9,23,0.013647682
GatherNUFFT2,9,24,0.012066393
GatherNUFFT2,9,25,0.012588967
GatherNUFFT2,9,26,0.013818748
GatherNUFFT2,9,27,0.01205305
GatherNUFFT2,9,28,0.013122004
GatherNUFFT2,9,29,0.012126135
mainTimer,10,0,6.95293329
dumpData,10,0,0.016611546
dumpData,10,1,0.014817465
dumpData,10,2,0.01555987
dumpData,10,3,0.015258953
dumpData,10,4,0.013885914
dumpData,10,5,0.013116724
dumpData,10,6,0.013843547
dumpData,10,7,0.014616768
dumpData,10,8,0.013885785
dumpData,10,9,0.013862938
kick,10,0,4.2111e-05
kick,10,1,5.984e-06
kick,10,2,4.6559e-05
kick,10,3,6.272e-06
kick,10,4,4.4126e-05
kick,10,5,6.24e-06
kick,10,6,4.2782e-05
kick,10,7,6.176e-06
kick,10,8,4.3423e-05
kick,10,9,6.559e-06
kick,10,10,4.5119e-05
kick,10,11,5.856e-06
kick,10,12,4.2814e-05
kick,10,13,7.071e-06
kick,10,14,4.4318e-05
kick,10,15,6.527e-06
kick,10,16,4.371e-05
kick,10,17,5.92e-06
kick,10,18,4.1023e-05
kick,10,19,6.528e-06
drift,10,0,5.6e-06
drift,10,1,3.872e-06
drift,10,2,4.768e-06
drift,10,3,5.984e-06
drift,10,4,5.216e-06
drift,10,5,4.64e-06
drift,10,6,6.368e-06
drift,10,7,4.672e-06
drift,10,8,5.312e-06
drift,10,9,4.896e-06
particleBC,10,0,1.1359e-05
particleBC,10,1,1.0239e-05
particleBC,10,2,9.727e-06
particleBC,10,3,1.1392e-05
particleBC,10,4,1.0623e-05
particleBC,10,5,1.1423e-05
particleBC,10,6,1.1296e-05
particleBC,10,7,1.2544e-05
particleBC,10,8,1.1392e-05
particleBC,10,9,9.984e-06
updateParticle,10,0,0.013705888
updateParticle,10,1,0.013837339
updateParticle,10,2,0.01361629
updateParticle,10,3,0.013716863
updateParticle,10,4,0.013740639
updateParticle,10,5,0.013743614
updateParticle,10,6,0.013689056
updateParticle,10,7,0.013733182
updateParticle,10,8,0.013623074
updateParticle,10,9,0.013790461
locateParticles,10,0,0.006805682
locateParticles,10,1,0.006823249
locateParticles,10,2,0.006799698
locateParticles,10,3,0.006815249
locateParticles,10,4,0.006795602
locateParticles,10,5,0.006778931
locateParticles,10,6,0.006795698
locateParticles,10,7,0.006797169
locateParticles,10,8,0.006784786
locateParticles,10,9,0.006777395
sendPreprocess,10,0,0.000591691
sendPreprocess,10,1,0.00056798
sendPreprocess,10,2,0.000558284
sendPreprocess,10,3,0.000557612
sendPreprocess,10,4,0.000612938
sendPreprocess,10,5,0.000609226
sendPreprocess,10,6,0.000602987
sendPreprocess,10,7,0.0005811
sendPreprocess,10,8,0.000586859
sendPreprocess,10,9,0.000590475
particleSend,10,0,0.000793924
particleSend,10,1,0.000786469
particleSend,10,2,0.000824163
particleSend,10,3,0.000797604
particleSend,10,4,0.000821828
particleSend,10,5,0.000778437
particleSend,10,6,0.000808612
particleSend,10,7,0.00081034
particleSend,10,8,0.000767749
particleSend,10,9,0.000868737
particleRecv,10,0,3.0015e-05
particleRecv,10,1,3.875e-05
particleRecv,10,2,2.5631e-05
particleRecv,10,3,3.5775e-05
particleRecv,10,4,2.5247e-05
particleRecv,10,5,3.0751e-05
particleRecv,10,6,2.6591e-05
particleRecv,10,7,3.2862e-05
particleRecv,10,8,2.8927e-05
particleRecv,10,9,2.3008e-05
particleDestroy,10,0,0.004488867
particleDestroy,10,1,0.004451716
particleDestroy,10,2,0.004432292
particleDestroy,10,3,0.004448388
particleDestroy,10,4,0.004432836
particleDestroy,10,5,0.004443172
particleDestroy,10,6,0.004449316
particleDestroy,10,7,0.004409222
particleDestroy,10,8,0.004431685
particleDestroy,10,9,0.004416101
ScatterPIFNUFFT,10,0,0.175744079
ScatterPIFNUFFT,10,1,4.4575e-05
ScatterPIFNUFFT,10,2,0.17568005
ScatterPIFNUFFT,10,3,3.0047e-05
ScatterPIFNUFFT,10,4,0.175430267
ScatterPIFNUFFT,10,5,3.1518e-05
ScatterPIFNUFFT,10,6,0.176677167
ScatterPIFNUFFT,10,7,5.6414e-05
ScatterPIFNUFFT,10,8,0.175785773
ScatterPIFNUFFT,10,9,3.5007e-05
ScatterPIFNUFFT,10,10,0.175758766
ScatterPIFNUFFT,10,11,3.3887e-05
ScatterPIFNUFFT,10,12,0.175839148
ScatterPIFNUFFT,10,13,3.5455e-05
ScatterPIFNUFFT,10,14,0.175686097
ScatterPIFNUFFT,10,15,4.4863e-05
ScatterPIFNUFFT,10,16,0.180806174
ScatterPIFNUFFT,10,17,2.1727e-05
ScatterPIFNUFFT,10,18,0.175701777
ScatterPIFNUFFT,10,19,3.4079e-05
NativeNUFFT1,10,0,0.167554254
NativeNUFFT1,10,1,0.167721032
NativeNUFFT1,10,2,0.167258202
NativeNUFFT1,10,3,0.168640584
NativeNUFFT1,10,4,0.16769265
NativeNUFFT1,10,5,0.167777607
NativeNUFFT1,10,6,0.169493002
NativeNUFFT1,10,7,0.167695273
NativeNUFFT1,10,8,0.172670299
NativeNUFFT1,10,9,0.167849412
scatterTimerNUFFT1,10,0,0.037662358
scatterTimerNUFFT1,10,1,0.037805875
scatterTimerNUFFT1,10,2,0.037613626
scatterTimerNUFFT1,10,3,0.037856049
scatterTimerNUFFT1,10,4,0.037714967
scatterTimerNUFFT1,10,5,0.037735734
scatterTimerNUFFT1,10,6,0.039420218
scatterTimerNUFFT1,10,7,0.037655895
scatterTimerNUFFT1,10,8,0.037732661
scatterTimerNUFFT1,10,9,0.037817298
binSort,10,0,0.007822285
binSort,10,1,0.007790639
binSort,10,2,0.007747472
binSort,10,3,0.007768015
binSort,10,4,0.007750321
binSort,10,5,0.007772015
binSort,10,6,0.00770469
binSort,10,7,0.007780271
binSort,10,8,0.007741872
binSort,10,9,0.007745808
binSort,10,10,0.007761552
binSort,10,11,0.007770415
binSort,10,12,0.007742513
binSort,10,13,0.007782736
binSort,10,14,0.007794159
binSort,10,15,0.007751632
binSort,10,16,0.007692787
binSort,10,17,0.007735665
binSort,10,18,0.007727121
binSort,10,19,0.007814222
binSort,10,20,0.007800847
binSort,10,21,0.007778383
binSort,10,22,0.007753009
binSort,10,23,0.007736721
binSort,10,24,0.007755857
binSort,10,25,0.007769968
binSort,10,26,0.007760272
binSort,10,27,0.007734673
binSort,10,28,0.007764944
binSort,10,29,0.007776111
binSort,10,30,0.007768944
binSort,10,31,0.007752529
binSort,10,32,0.007739696
binSort,10,33,0.007771664
binSort,10,34,0.007765743
binSort,10,35,0.007753712
binSort,10,36,0.007755247
binSort,10,37,0.007740113
binSort,10,38,0.00775544
binSort,10,39,0.007776463
binComputeKeys,10,0,0.000738503
binComputeKeys,10,1,0.000756838
binComputeKeys,10,2,0.00074935
binComputeKeys,10,3,0.000747141
binComputeKeys,10,4,0.000738086
binComputeKeys,10,5,0.000731046
binComputeKeys,10,6,0.00075239
binComputeKeys,10,7,0.000754246
binComputeKeys,10,8,0.000738694
binComputeKeys,10,9,0.000755237
binComputeKeys,10,10,0.000756101
binComputeKeys,10,11,0.000746854
binComputeKeys,10,12,0.000737254
binComputeKeys,10,13,0.000745318
binComputeKeys,10,14,0.000739494
binComputeKeys,10,15,0.000756197
binComputeKeys,10,16,0.000723847
binComputeKeys,10,17,0.000746662
binComputeKeys,10,18,0.000757894
binComputeKeys,10,19,0.000772933
binComputeKeys,10,20,0.000738726
binComputeKeys,10,21,0.000760005
binComputeKeys,10,22,0.00074951
binComputeKeys,10,23,0.000755718
binComputeKeys,10,24,0.000737191
binComputeKeys,10,25,0.000762245
binComputeKeys,10,26,0.00074407
binComputeKeys,10,27,0.000753318
binComputeKeys,10,28,0.000738246
binComputeKeys,10,29,0.000773637
binComputeKeys,10,30,0.000758726
binComputeKeys,10,31,0.00075895
binComputeKeys,10,32,0.000739782
binComputeKeys,10,33,0.000755269
binComputeKeys,10,34,0.000768709
binComputeKeys,10,35,0.000754918
binComputeKeys,10,36,0.000735526
binComputeKeys,10,37,0.000750949
binComputeKeys,10,38,0.000764901
binComputeKeys,10,39,0.000758789
binSortByKey,10,0,0.006722771
binSortByKey,10,1,0.006680342
binSortByKey,10,2,0.006641847
binSortByKey,10,3,0.006660951
binSortByKey,10,4,0.006662455
binSortByKey,10,5,0.006661175
binSortByKey,10,6,0.006611448
binSortByKey,10,7,0.006670966
binSortByKey,10,8,0.006655543
binSortByKey,10,9,0.006633976
binSortByKey,10,10,0.006657719
binSortByKey,10,11,0.00666159
binSortByKey,10,12,0.006662327
binSortByKey,10,13,0.006677782
binSortByKey,10,14,0.006687765
binSortByKey,10,15,0.006648471
binSortByKey,10,16,0.006620312
binSortByKey,10,17,0.006630903
binSortByKey,10,18,0.006621016
binSortByKey,10,19,0.00668463
binSortByKey,10,20,0.006698038
binSortByKey,10,21,0.006665719
binSortByKey,10,22,0.006642455
binSortByKey,10,23,0.006637687
binSortByKey,10,24,0.006665718
binSortByKey,10,25,0.006659287
binSortByKey,10,26,0.006649047
binSortByKey,10,27,0.006633111
binSortByKey,10,28,0.006662519
binSortByKey,10,29,0.006650071
binSortByKey,10,30,0.006657654
binSortByKey,10,31,0.006644695
binSortByKey,10,32,0.006650359
binSortByKey,10,33,0.006659991
binSortByKey,10,34,0.006650775
binSortByKey,10,35,0.006651671
binSortByKey,10,36,0.006671414
binSortByKey,10,37,0.006636504
binSortByKey,10,38,0.006644215
binSortByKey,10,39,0.006658871
binComputeOffsets,10,0,0.000360435
binComputeOffsets,10,1,0.000352979
binComputeOffsets,10,2,0.000355923
binComputeOffsets,10,3,0.000359315
binComputeOffsets,10,4,0.000349204
binComputeOffsets,10,5,0.00037893
binComputeOffsets,10,6,0.000340468
binComputeOffsets,10,7,0.000354515
binComputeOffsets,10,8,0.000347091
binComputeOffsets,10,9,0.000355539
binComputeOffsets,10,10,0.000346836
binComputeOffsets,10,11,0.000360883
binComputeOffsets,10,12,0.00034242
binComputeOffsets,10,13,0.000359252
binComputeOffsets,10,14,0.000366484
binComputeOffsets,10,15,0.00034642
binComputeOffsets,10,16,0.00034514
binComputeOffsets,10,17,0.000357172
binComputeOffsets,10,18,0.000347827
binComputeOffsets,10,19,0.000356147
binComputeOffsets,10,20,0.000363123
binComputeOffsets,10,21,0.000351667
binComputeOffsets,10,22,0.000360532
binComputeOffsets,10,23,0.000342996
binComputeOffsets,10,24,0.000352532
binComputeOffsets,10,25,0.000347508
binComputeOffsets,10,26,0.000366195
binComputeOffsets,10,27,0.000347668
binComputeOffsets,10,28,0.000363571
binComputeOffsets,10,29,0.000351571
binComputeOffsets,10,30,0.000352052
binComputeOffsets,10,31,0.000348116
binComputeOffsets,10,32,0.000347443
binComputeOffsets,10,33,0.000355508
binComputeOffsets,10,34,0.000345747
binComputeOffsets,10,35,0.000346291
binComputeOffsets,10,36,0.000347891
binComputeOffsets,10,37,0.000351764
binComputeOffsets,10,38,0.000345396
binComputeOffsets,10,39,0.000358387
FFTNUFFT1,10,0,0.128206931
FFTNUFFT1,10,1,0.128408042
FFTNUFFT1,10,2,0.128129589
FFTNUFFT1,10,3,0.129463974
FFTNUFFT1,10,4,0.128308461
FFTNUFFT1,10,5,0.128377355
FFTNUFFT1,10,6,0.128385387
FFTNUFFT1,10,7,0.128364205
FFTNUFFT1,10,8,0.133250881
FFTNUFFT1,10,9,0.128426603
deconvolutionNUFFT1,10,0,0.001684069
deconvolutionNUFFT1,10,1,0.001506123
deconvolutionNUFFT1,10,2,0.001513259
deconvolutionNUFFT1,10,3,0.001318897
deconvolutionNUFFT1,10,4,0.001667462
deconvolutionNUFFT1,10,5,0.001662214
deconvolutionNUFFT1,10,6,0.001685829
deconvolutionNUFFT1,10,7,0.001673477
deconvolutionNUFFT1,10,8,0.001684197
deconvolutionNUFFT1,10,9,0.001603367
GatherPIFNUFFT,10,0,0.481826757
GatherPIFNUFFT,10,1,0.483959516
GatherPIFNUFFT,10,2,0.484267216
GatherPIFNUFFT,10,3,0.478344576
GatherPIFNUFFT,10,4,0.480075331
GatherPIFNUFFT,10,5,0.481877348
GatherPIFNUFFT,10,6,0.481344983
GatherPIFNUFFT,10,7,0.483871421
GatherPIFNUFFT,10,8,0.480420535
GatherPIFNUFFT,10,9,0.478292897
NativeNUFFT2,10,0,0.154928585
NativeNUFFT2,10,1,0.158238165
NativeNUFFT2,10,2,0.15917138
NativeNUFFT2,10,3,0.156984129
NativeNUFFT2,10,4,0.158692549
NativeNUFFT2,10,5,0.160499079
NativeNUFFT2,10,6,0.158924414
NativeNUFFT2,10,7,0.157089917
NativeNUFFT2,10,8,0.160493285
NativeNUFFT2,10,9,0.157174298
NativeNUFFT2,10,10,0.158845631
NativeNUFFT2,10,11,0.156978978
NativeNUFFT2,10,12,0.158378641
NativeNUFFT2,10,13,0.157044094
NativeNUFFT2,10,14,0.157840099
NativeNUFFT2,10,15,0.154876362
NativeNUFFT2,10,16,0.160056373
NativeNUFFT2,10,17,0.158170679
NativeNUFFT2,10,18,0.160739581
NativeNUFFT2,10,19,0.157788421
NativeNUFFT2,10,20,0.157751398
NativeNUFFT2,10,21,0.154491865
NativeNUFFT2,10,22,0.159141013
NativeNUFFT2,10,23,0.159730752
NativeNUFFT2,10,24,0.157760645
NativeNUFFT2,10,25,0.157146076
NativeNUFFT2,10,26,0.160328683
NativeNUFFT2,10,27,0.157381715
NativeNUFFT2,10,28,0.15750395
NativeNUFFT2,10,29,0.158153944
PrecorrectionNUFFT2,10,0,0.003089076
PrecorrectionNUFFT2,10,1,0.004993873
PrecorrectionNUFFT2,10,2,0.004993937
PrecorrectionNUFFT2,10,3,0.003143122
PrecorrectionNUFFT2,10,4,0.004972562
PrecorrectionNUFFT2,10,5,0.004970162
PrecorrectionNUFFT2,10,6,0.003131955
PrecorrectionNUFFT2,10,7,0.004968753
PrecorrectionNUFFT2,10,8,0.004998032
PrecorrectionNUFFT2,10,9,0.003114963
PrecorrectionNUFFT2,10,10,0.00496645
PrecorrectionNUFFT2,10,11,0.004987985
PrecorrectionNUFFT2,10,12,0.003138034
PrecorrectionNUFFT2,10,13,0.004970001
PrecorrectionNUFFT2,10,14,0.004977618
PrecorrectionNUFFT2,10,15,0.003093363
PrecorrectionNUFFT2,10,16,0.004977458
PrecorrectionNUFFT2,10,17,0.004980305
PrecorrectionNUFFT2,10,18,0.003122866
PrecorrectionNUFFT2,10,19,0.004989361
PrecorrectionNUFFT2,10,20,0.005002576
PrecorrectionNUFFT2,10,21,0.003124787
PrecorrectionNUFFT2,10,22,0.004976593
PrecorrectionNUFFT2,10,23,0.005002736
PrecorrectionNUFFT2,10,24,0.003116371
PrecorrectionNUFFT2,10,25,0.005005584
PrecorrectionNUFFT2,10,26,0.004978097
PrecorrectionNUFFT2,10,27,0.003106899
PrecorrectionNUFFT2,10,28,0.004983473
PrecorrectionNUFFT2,10,29,0.004985778
FFTNUFFT2,10,0,0.127958746
FFTNUFFT2,10,1,0.128923128
FFTNUFFT2,10,2,0.128755198
FFTNUFFT2,10,3,0.129106417
FFTNUFFT2,10,4,0.130282698
FFTNUFFT2,10,5,0.128345965
FFTNUFFT2,10,6,0.129572515
FFTNUFFT2,10,7,0.128737407
FFTNUFFT2,10,8,0.130447779
FFTNUFFT2,10,9,0.127461291
FFTNUFFT2,10,10,0.129149104
FFTNUFFT2,10,11,0.128612676
FFTNUFFT2,10,12,0.131016432
FFTNUFFT2,10,13,0.128450473
FFTNUFFT2,10,14,0.12840337
FFTNUFFT2,10,15,0.128359084
FFTNUFFT2,10,16,0.128703232
FFTNUFFT2,10,17,0.129319051
FFTNUFFT2,10,18,0.131300006
FFTNUFFT2,10,19,0.128453257
FFTNUFFT2,10,20,0.128993942
FFTNUFFT2,10,21,0.127967097
FFTNUFFT2,10,22,0.128867802
FFTNUFFT2,10,23,0.128844699
FFTNUFFT2,10,24,0.128083893
FFTNUFFT2,10,25,0.128767839
FFTNUFFT2,10,26,0.12903442
FFTNUFFT2,10,27,0.129256333
FFTNUFFT2,10,28,0.128454344
FFTNUFFT2,10,29,0.1288359
GatherNUFFT2,10,0,0.012270674
GatherNUFFT2,10,1,0.012314833
GatherNUFFT2,10,2,0.013782045
GatherNUFFT2,10,3,0.013123764
GatherNUFFT2,10,4,0.011814849
GatherNUFFT2,10,5,0.015221867
GatherNUFFT2,10,6,0.014226765
GatherNUFFT2,10,7,0.011442415
GatherNUFFT2,10,8,0.013425962
GatherNUFFT2,10,9,0.014718524
GatherNUFFT2,10,10,0.0131285
GatherNUFFT2,10,11,0.011401425
GatherNUFFT2,10,12,0.012597703
GatherNUFFT2,10,13,0.012007675
GatherNUFFT2,10,14,0.012490955
GatherNUFFT2,10,15,0.011435152
GatherNUFFT2,10,16,0.014760827
GatherNUFFT2,10,17,0.012231219
GatherNUFFT2,10,18,0.014345577
GatherNUFFT2,10,19,0.012344463
GatherNUFFT2,10,20,0.012155382
GatherNUFFT2,10,21,0.01154622
GatherNUFFT2,10,22,0.013501191
GatherNUFFT2,10,23,0.013911224
GatherNUFFT2,10,24,0.014962484
GatherNUFFT2,10,25,0.011371378
GatherNUFFT2,10,26,0.014482244
GatherNUFFT2,10,27,0.013383275
GatherNUFFT2,10,28,0.012443852
GatherNUFFT2,10,29,0.012311281
mainTimer,11,0,6.952935946
dumpData,11,0,0.015573151
dumpData,11,1,0.013004376
dumpData,11,2,0.013631042
dumpData,11,3,0.012460587
dumpData,11,4,0.013029304
dumpData,11,5,0.012168822
dumpData,11,6,0.012083608
dumpData,11,7,0.012927835
dumpData,11,8,0.01215615
dumpData,11,9,0.012086905
kick,11,0,4.4159e-05
kick,11,1,7.199e-06
kick,11,2,4.4351e-05
kick,11,3,7.008e-06
kick,11,4,4.4062e-05
kick,11,5,7.488e-06
kick,11,6,4.6494e-05
kick,11,7,8.32e-06
kick,11,8,4.2751e-05
kick,11,9,8.543e-06
kick,11,10,4.3647e-05
kick,11,11,7.871e-06
kick,11,12,4.3326e-05
kick,11,13,8.256e-06
kick,11,14,4.5246e-05
kick,11,15,7.104e-06
kick,11,16,4.4094e-05
kick,11,17,6.623e-06
kick,11,18,3.9807e-05
kick,11,19,9.376e-06
drift,11,0,5.344e-06
drift,11,1,4.896e-06
drift,11,2,5.6e-06
drift,11,3,4.832e-06
drift,11,4,5.024e-06
drift,11,5,4.96e-06
drift,11,6,5.728e-06
drift,11,7,4.704e-06
drift,11,8,4.064e-06
drift,11,9,7.359e-06
particleBC,11,0,1.1967e-05
particleBC,11,1,1.0111e-05
particleBC,11,2,8.735e-06
particleBC,11,3,1.152e-05
particleBC,11,4,1.0079e-05
particleBC,11,5,1.0271e-05
particleBC,11,6,1.0528e-05
particleBC,11,7,1.1424e-05
particleBC,11,8,1.0688e-05
particleBC,11,9,1.088e-05
updateParticle,11,0,0.013819452
updateParticle,11,1,0.013752094
updateParticle,11,2,0.013685344
updateParticle,11,3,0.013779933
updateParticle,11,4,0.013743967
updateParticle,11,5,0.013742015
updateParticle,11,6,0.013785148
updateParticle,11,7,0.013726911
updateParticle,11,8,0.013766685
updateParticle,11,9,0.013710144
locateParticles,11,0,0.00712503
locateParticles,11,1,0.007119815
locateParticles,11,2,0.007119718
locateParticles,11,3,0.007157957
locateParticles,11,4,0.007131302
locateParticles,11,5,0.007141606
locateParticles,11,6,0.007151877
locateParticles,11,7,0.00712647
locateParticles,11,8,0.007124166
locateParticles,11,9,0.007154469
sendPreprocess,11,0,0.000271863
sendPreprocess,11,1,0.000271094
sendPreprocess,11,2,0.000238872
sendPreprocess,11,3,0.000217144
sendPreprocess,11,4,0.00027919
sendPreprocess,11,5,0.000249751
sendPreprocess,11,6,0.000250295
sendPreprocess,11,7,0.000253655
sendPreprocess,11,8,0.000248215
sendPreprocess,11,9,0.000211225
particleSend,11,0,0.000855266
particleSend,11,1,0.000840931
particleSend,11,2,0.00080122
particleSend,11,3,0.000837411
particleSend,11,4,0.000800836
particleSend,11,5,0.000762373
particleSend,11,6,0.000808772
particleSend,11,7,0.000796772
particleSend,11,8,0.000753062
particleSend,11,9,0.000801732
particleRecv,11,0,2.6271e-05
particleRecv,11,1,2.3807e-05
particleRecv,11,2,3.9166e-05
particleRecv,11,3,2.6495e-05
particleRecv,11,4,3.9039e-05
particleRecv,11,5,3.9327e-05
particleRecv,11,6,2.8319e-05
particleRecv,11,7,3.9999e-05
particleRecv,11,8,4.4318e-05
particleRecv,11,9,3.3311e-05
particleDestroy,11,0,0.00473225
particleDestroy,11,1,0.004738074
particleDestroy,11,2,0.004731354
particleDestroy,11,3,0.004725466
particleDestroy,11,4,0.004733434
particleDestroy,11,5,0.004764505
particleDestroy,11,6,0.004753849
particleDestroy,11,7,0.004760953
particleDestroy,11,8,0.004765209
particleDestroy,11,9,0.004765337
ScatterPIFNUFFT,11,0,0.175724048
ScatterPIFNUFFT,11,1,3.8079e-05
ScatterPIFNUFFT,11,2,0.17588961
ScatterPIFNUFFT,11,3,3.1775e-05
ScatterPIFNUFFT,11,4,0.175476154
ScatterPIFNUFFT,11,5,1.2512e-05
ScatterPIFNUFFT,11,6,0.177453587
ScatterPIFNUFFT,11,7,3.3887e-05
ScatterPIFNUFFT,11,8,0.176185343
ScatterPIFNUFFT,11,9,3.9327e-05
ScatterPIFNUFFT,11,10,0.176013093
ScatterPIFNUFFT,11,11,3.7471e-05
ScatterPIFNUFFT,11,12,0.175862699
ScatterPIFNUFFT,11,13,3.3726e-05
ScatterPIFNUFFT,11,14,0.175796462
ScatterPIFNUFFT,11,15,3.0143e-05
ScatterPIFNUFFT,11,16,0.180788255
ScatterPIFNUFFT,11,17,1.4527e-05
ScatterPIFNUFFT,11,18,0.176094338
ScatterPIFNUFFT,11,19,3.4942e-05
NativeNUFFT1,11,0,0.167535886
NativeNUFFT1,11,1,0.167907842
NativeNUFFT1,11,2,0.167478258
NativeNUFFT1,11,3,0.16951409
NativeNUFFT1,11,4,0.168221943
NativeNUFFT1,11,5,0.167901571
NativeNUFFT1,11,6,0.169680228
NativeNUFFT1,11,7,0.167873635
NativeNUFFT1,11,8,0.172834037
NativeNUFFT1,11,9,0.168130875
scatterTimerNUFFT1,11,0,0.03834531
scatterTimerNUFFT1,11,1,0.038545433
scatterTimerNUFFT1,11,2,0.038049386
scatterTimerNUFFT1,11,3,0.038193318
scatterTimerNUFFT1,11,4,0.038334625
scatterTimerNUFFT1,11,5,0.038345056
scatterTimerNUFFT1,11,6,0.039768558
scatterTimerNUFFT1,11,7,0.038296833
scatterTimerNUFFT1,11,8,0.038191269
scatterTimerNUFFT1,11,9,0.038335936
binSort,11,0,0.008223583
binSort,11,1,0.008185761
binSort,11,2,0.008173665
binSort,11,3,0.008228383
binSort,11,4,0.008130371
binSort,11,5,0.008251838
binSort,11,6,0.008160993
binSort,11,7,0.008191041
binSort,11,8,0.008135011
binSort,11,9,0.008150242
binSort,11,10,0.00814461
binSort,11,11,0.008174658
binSort,11,12,0.008134499
binSort,11,13,0.008170145
binSort,11,14,0.008203712
binSort,11,15,0.008166562
binSort,11,16,0.008136867
binSort,11,17,0.008176769
binSort,11,18,0.008144099
binSort,11,19,0.008167778
binSort,11,20,0.008210304
binSort,11,21,0.008139235
binSort,11,22,0.008165858
binSort,11,23,0.00814637
binSort,11,24,0.008184322
binSort,11,25,0.008174817
binSort,11,26,0.00817357
binSort,11,27,0.008193472
binSort,11,28,0.008164514
binSort,11,29,0.008160066
binSort,11,30,0.008178273
binSort,11,31,0.008154242
binSort,11,32,0.008140611
binSort,11,33,0.008181697
binSort,11,34,0.008152994
binSort,11,35,0.008192641
binSort,11,36,0.008195584
binSort,11,37,0.008223136
binSort,11,38,0.008137827
binSort,11,39,0.008188993
binComputeKeys,11,0,0.000787524
binComputeKeys,11,1,0.000794308
binComputeKeys,11,2,0.000808195
binComputeKeys,11,3,0.0007961
binComputeKeys,11,4,0.000771173
binComputeKeys,11,5,0.000803108
binComputeKeys,11,6,0.000791844
binComputeKeys,11,7,0.000791524
binComputeKeys,11,8,0.000777701
binComputeKeys,11,9,0.000797636
binComputeKeys,11,10,0.000799044
binComputeKeys,11,11,0.000810852
binComputeKeys,11,12,0.000770533
binComputeKeys,11,13,0.000807876
binComputeKeys,11,14,0.000795204
binComputeKeys,11,15,0.000806532
binComputeKeys,11,16,0.000773381
binComputeKeys,11,17,0.000791172
binComputeKeys,11,18,0.000812676
binComputeKeys,11,19,0.00079402
binComputeKeys,11,20,0.000780997
binComputeKeys,11,21,0.000796356
binComputeKeys,11,22,0.00080378
binComputeKeys,11,23,0.000797731
binComputeKeys,11,24,0.000777637
binComputeKeys,11,25,0.000813187
binComputeKeys,11,26,0.000806596
binComputeKeys,11,27,0.000817123
binComputeKeys,11,28,0.000777957
binComputeKeys,11,29,0.00080922
binComputeKeys,11,30,0.000793124
binComputeKeys,11,31,0.000801348
binComputeKeys,11,32,0.000775141
binComputeKeys,11,33,0.00078154
binComputeKeys,11,34,0.000797604
binComputeKeys,11,35,0.000805284
binComputeKeys,11,36,0.000773892
binComputeKeys,11,37,0.000796196
binComputeKeys,11,38,0.000801092
binComputeKeys,11,39,0.000813763
binSortByKey,11,0,0.007058984
binSortByKey,11,1,0.007029097
binSortByKey,11,2,0.007007595
binSortByKey,11,3,0.007058504
binSortByKey,11,4,0.006997707
binSortByKey,11,5,0.007084552
binSortByKey,11,6,0.007000714
binSortByKey,11,7,0.00701921
binSortByKey,11,8,0.006997354
binSortByKey,11,9,0.006996011
binSortByKey,11,10,0.006987691
binSortByKey,11,11,0.007001707
binSortByKey,11,12,0.007002986
binSortByKey,11,13,0.007002315
binSortByKey,11,14,0.007039913
binSortByKey,11,15,0.007002091
binSortByKey,11,16,0.007001642
binSortByKey,11,17,0.00702417
binSortByKey,11,18,0.006971883
binSortByKey,11,19,0.007009419
binSortByKey,11,20,0.007049513
binSortByKey,11,21,0.006986091
binSortByKey,11,22,0.007002954
binSortByKey,11,23,0.006988715
binSortByKey,11,24,0.007035978
binSortByKey,11,25,0.007001995
binSortByKey,11,26,0.007009642
binSortByKey,11,27,0.007014794
binSortByKey,11,28,0.007024618
binSortByKey,11,29,0.006992843
binSortByKey,11,30,0.007016842
binSortByKey,11,31,0.006991947
binSortByKey,11,32,0.007003659
binSortByKey,11,33,0.007027274
binSortByKey,11,34,0.006997003
binSortByKey,11,35,0.007027273
binSortByKey,11,36,0.007058249
binSortByKey,11,37,0.007054665
binSortByKey,11,38,0.006977035
binSortByKey,11,39,0.007015498
binComputeOffsets,11,0,0.000376531
binComputeOffsets,11,1,0.000361748
binComputeOffsets,11,2,0.000356915
binComputeOffsets,11,3,0.000372979
binComputeOffsets,11,4,0.000361075
binComputeOffsets,11,5,0.000363219
binComputeOffsets,11,6,0.000367539
binComputeOffsets,11,7,0.000379059
binComputeOffsets,11,8,0.000358964
binComputeOffsets,11,9,0.000355699
binComputeOffsets,11,10,0.000356979
binComputeOffsets,11,11,0.000361139
binComputeOffsets,11,12,0.000360628
binComputeOffsets,11,13,0.000358643
binComputeOffsets,11,14,0.000367795
binComputeOffsets,11,15,0.000357491
binComputeOffsets,11,16,0.000359764
binComputeOffsets,11,17,0.000360755
binComputeOffsets,11,18,0.000358356
binComputeOffsets,11,19,0.000363699
binComputeOffsets,11,20,0.00037893
binComputeOffsets,11,21,0.000355988
binComputeOffsets,11,22,0.000358388
binComputeOffsets,11,23,0.000358964
binComputeOffsets,11,24,0.000370323
binComputeOffsets,11,25,0.000358323
binComputeOffsets,11,26,0.000356116
binComputeOffsets,11,27,0.000360243
binComputeOffsets,11,28,0.000360531
binComputeOffsets,11,29,0.000356595
binComputeOffsets,11,30,0.000367379
binComputeOffsets,11,31,0.000359571
binComputeOffsets,11,32,0.000359411
binComputeOffsets,11,33,0.000371987
binComputeOffsets,11,34,0.000357043
binComputeOffsets,11,35,0.000358708
binComputeOffsets,11,36,0.000362419
binComputeOffsets,11,37,0.000370867
binComputeOffsets,11,38,0.000358996
binComputeOffsets,11,39,0.000358772
FFTNUFFT1,11,0,0.127518379
FFTNUFFT1,11,1,0.127685123
FFTNUFFT1,11,2,0.127756194
FFTNUFFT1,11,3,0.130023985
FFTNUFFT1,11,4,0.128061271
FFTNUFFT1,11,5,0.127830239
FFTNUFFT1,11,6,0.128240048
FFTNUFFT1,11,7,0.127910428
FFTNUFFT1,11,8,0.133002058
FFTNUFFT1,11,9,0.127964379
deconvolutionNUFFT1,11,0,0.001671173
deconvolutionNUFFT1,11,1,0.001675654
deconvolutionNUFFT1,11,2,0.001671622
deconvolutionNUFFT1,11,3,0.001295091
deconvolutionNUFFT1,11,4,0.001824896
deconvolutionNUFFT1,11,5,0.001725124
deconvolutionNUFFT1,11,6,0.001669382
deconvolutionNUFFT1,11,7,0.001664998
deconvolutionNUFFT1,11,8,0.001638182
deconvolutionNUFFT1,11,9,0.00182784
GatherPIFNUFFT,11,0,0.481364437
GatherPIFNUFFT,11,1,0.483540042
GatherPIFNUFFT,11,2,0.483119576
GatherPIFNUFFT,11,3,0.478653109
GatherPIFNUFFT,11,4,0.479690033
GatherPIFNUFFT,11,5,0.481645644
GatherPIFNUFFT,11,6,0.477256294
GatherPIFNUFFT,11,7,0.482995164
GatherPIFNUFFT,11,8,0.480275196
GatherPIFNUFFT,11,9,0.478738737
NativeNUFFT2,11,0,0.155389913
NativeNUFFT2,11,1,0.159323631
NativeNUFFT2,11,2,0.158098042
NativeNUFFT2,11,3,0.157800004
NativeNUFFT2,11,4,0.157989341
NativeNUFFT2,11,5,0.16084537
NativeNUFFT2,11,6,0.15778151
NativeNUFFT2,11,7,0.157571212
NativeNUFFT2,11,8,0.159733856
NativeNUFFT2,11,9,0.15740469
NativeNUFFT2,11,10,0.158842432
NativeNUFFT2,11,11,0.15811113
NativeNUFFT2,11,12,0.157281496
NativeNUFFT2,11,13,0.15655048
NativeNUFFT2,11,14,0.157941696
NativeNUFFT2,11,15,0.155985732
NativeNUFFT2,11,16,0.159919482
NativeNUFFT2,11,17,0.15796563
NativeNUFFT2,11,18,0.157439729
NativeNUFFT2,11,19,0.158930109
NativeNUFFT2,11,20,0.156636013
NativeNUFFT2,11,21,0.155541172
NativeNUFFT2,11,22,0.158386479
NativeNUFFT2,11,23,0.159533192
NativeNUFFT2,11,24,0.158132216
NativeNUFFT2,11,25,0.15773556
NativeNUFFT2,11,26,0.160233455
NativeNUFFT2,11,27,0.157616107
NativeNUFFT2,11,28,0.157880609
NativeNUFFT2,11,29,0.159023993
PrecorrectionNUFFT2,11,0,0.00315653
PrecorrectionNUFFT2,11,1,0.005138348
PrecorrectionNUFFT2,11,2,0.00510459
PrecorrectionNUFFT2,11,3,0.003169265
PrecorrectionNUFFT2,11,4,0.005133036
PrecorrectionNUFFT2,11,5,0.005120396
PrecorrectionNUFFT2,11,6,0.003137938
PrecorrectionNUFFT2,11,7,0.005116109
PrecorrectionNUFFT2,11,8,0.005109228
PrecorrectionNUFFT2,11,9,0.003147089
PrecorrectionNUFFT2,11,10,0.005119917
PrecorrectionNUFFT2,11,11,0.005154507
PrecorrectionNUFFT2,11,12,0.003124275
PrecorrectionNUFFT2,11,13,0.005113645
PrecorrectionNUFFT2,11,14,0.005105645
PrecorrectionNUFFT2,11,15,0.003173137
PrecorrectionNUFFT2,11,16,0.005106125
PrecorrectionNUFFT2,11,17,0.00511614
PrecorrectionNUFFT2,11,18,0.003143986
PrecorrectionNUFFT2,11,19,0.005116172
PrecorrectionNUFFT2,11,20,0.005122189
PrecorrectionNUFFT2,11,21,0.00313637
PrecorrectionNUFFT2,11,22,0.005111437
PrecorrectionNUFFT2,11,23,0.005157835
PrecorrectionNUFFT2,11,24,0.003139058
PrecorrectionNUFFT2,11,25,0.005150123
PrecorrectionNUFFT2,11,26,0.005136044
PrecorrectionNUFFT2,11,27,0.003144498
PrecorrectionNUFFT2,11,28,0.005137708
PrecorrectionNUFFT2,11,29,0.00512782
FFTNUFFT2,11,0,0.128117877
FFTNUFFT2,11,1,0.129688925
FFTNUFFT2,11,2,0.127052058
FFTNUFFT2,11,3,0.130099791
FFTNUFFT2,11,4,0.127810177
FFTNUFFT2,11,5,0.12829096
FFTNUFFT2,11,6,0.130425509
FFTNUFFT2,11,7,0.127943674
FFTNUFFT2,11,8,0.129592353
FFTNUFFT2,11,9,0.127698371
FFTNUFFT2,11,10,0.129662942
FFTNUFFT2,11,11,0.128503048
FFTNUFFT2,11,12,0.129979156
FFTNUFFT2,11,13,0.127180661
FFTNUFFT2,11,14,0.128057847
FFTNUFFT2,11,15,0.128573285
FFTNUFFT2,11,16,0.130616669
FFTNUFFT2,11,17,0.128445514
FFTNUFFT2,11,18,0.127835519
FFTNUFFT2,11,19,0.12926155
FFTNUFFT2,11,20,0.127251731
FFTNUFFT2,11,21,0.127876253
FFTNUFFT2,11,22,0.127573896
FFTNUFFT2,11,23,0.128448777
FFTNUFFT2,11,24,0.12800236
FFTNUFFT2,11,25,0.128431691
FFTNUFFT2,11,26,0.130933554
FFTNUFFT2,11,27,0.129061939
FFTNUFFT2,11,28,0.128084181
FFTNUFFT2,11,29,0.129317067
GatherNUFFT2,11,0,0.011886176
GatherNUFFT2,11,1,0.012073689
GatherNUFFT2,11,2,0.013835515
GatherNUFFT2,11,3,0.012082169
GatherNUFFT2,11,4,0.012885212
GatherNUFFT2,11,5,0.014978899
GatherNUFFT2,11,6,0.012110647
GatherNUFFT2,11,7,0.012045594
GatherNUFFT2,11,8,0.012866493
GatherNUFFT2,11,9,0.013919448
GatherNUFFT2,11,10,0.01193987
GatherNUFFT2,11,11,0.011918494
GatherNUFFT2,11,12,0.012061145
GatherNUFFT2,11,13,0.011960061
GatherNUFFT2,11,14,0.012316241
GatherNUFFT2,11,15,0.011784259
GatherNUFFT2,11,16,0.012068569
GatherNUFFT2,11,17,0.011994779
GatherNUFFT2,11,18,0.013879193
GatherNUFFT2,11,19,0.012063065
GatherNUFFT2,11,20,0.012074105
GatherNUFFT2,11,21,0.01199318
GatherNUFFT2,11,22,0.013206161
GatherNUFFT2,11,23,0.013427626
GatherNUFFT2,11,24,0.014754491
GatherNUFFT2,11,25,0.011676423
GatherNUFFT2,11,26,0.012086457
GatherNUFFT2,11,27,0.013249679
GatherNUFFT2,11,28,0.012414125
GatherNUFFT2,11,29,0.012086041
mainTimer,12,0,6.952932174
dumpData,12,0,0.016836641
dumpData,12,1,0.015097564
dumpData,12,2,0.014991167
dumpData,12,3,0.015187128
dumpData,12,4,0.013823048
dumpData,12,5,0.013978977
dumpData,12,6,0.014935425
dumpData,12,7,0.015038525
dumpData,12,8,0.014517552
dumpData,12,9,0.014380532
kick,12,0,5.0463e-05
kick,12,1,1.072e-05
kick,12,2,5.2734e-05
kick,12,3,1.0592e-05
kick,12,4,4.8511e-05
kick,12,5,1.1135e-05
kick,12,6,4.2142e-05
kick,12,7,1.1776e-05
kick,12,8,4.8382e-05
kick,12,9,1.3247e-05
kick,12,10,4.5662e-05
kick,12,11,1.2352e-05
kick,12,12,4.451e-05
kick,12,13,1.184e-05
kick,12,14,4.7359e-05
kick,12,15,1.2768e-05
kick,12,16,4.8606e-05
kick,12,17,1.5423e-05
kick,12,18,4.627e-05
kick,12,19,1.2544e-05
drift,12,0,6.047e-06
drift,12,1,6.751e-06
drift,12,2,5.472e-06
drift,12,3,6.848e-06
drift,12,4,6.432e-06
drift,12,5,6.752e-06
drift,12,6,6.464e-06
drift,12,7,5.888e-06
drift,12,8,6.272e-06
drift,12,9,5.664e-06
particleBC,12,0,7.904e-06
particleBC,12,1,8.448e-06
particleBC,12,2,8.704e-06
particleBC,12,3,8.576e-06
particleBC,12,4,7.776e-06
particleBC,12,5,7.36e-06
particleBC,12,6,8.96e-06
particleBC,12,7,8.319e-06
particleBC,12,8,7.936e-06
particleBC,12,9,7.392e-06
updateParticle,12,0,0.013849672
updateParticle,12,1,0.013764585
updateParticle,12,2,0.013846534
updateParticle,12,3,0.013894916
updateParticle,12,4,0.014347702
updateParticle,12,5,0.013915748
updateParticle,12,6,0.013900708
updateParticle,12,7,0.013848358
updateParticle,12,8,0.013924675
updateParticle,12,9,0.013833607
locateParticles,12,0,0.006843575
locateParticles,12,1,0.006843094
locateParticles,12,2,0.006843894
locateParticles,12,3,0.006811543
locateParticles,12,4,0.006842421
locateParticles,12,5,0.00683439
locateParticles,12,6,0.006856693
locateParticles,12,7,0.006855734
locateParticles,12,8,0.006841814
locateParticles,12,9,0.00684479
sendPreprocess,12,0,0.00053227
sendPreprocess,12,1,0.000522926
sendPreprocess,12,2,0.000502383
sendPreprocess,12,3,0.000555373
sendPreprocess,12,4,0.000547918
sendPreprocess,12,5,0.000540813
sendPreprocess,12,6,0.00053003
sendPreprocess,12,7,0.000495727
sendPreprocess,12,8,0.000515663
sendPreprocess,12,9,0.00051019
particleSend,12,0,0.000810565
particleSend,12,1,0.000736615
particleSend,12,2,0.000775942
particleSend,12,3,0.000823907
particleSend,12,4,0.0008009
particleSend,12,5,0.000806629
particleSend,12,6,0.000757254
particleSend,12,7,0.000752134
particleSend,12,8,0.000810404
particleSend,12,9,0.000762982
particleRecv,12,0,2.2527e-05
particleRecv,12,1,3.0079e-05
particleRecv,12,2,2.9471e-05
particleRecv,12,3,1.9232e-05
particleRecv,12,4,2.1983e-05
particleRecv,12,5,2.176e-05
particleRecv,12,6,3.3183e-05
particleRecv,12,7,3.0655e-05
particleRecv,12,8,1.7151e-05
particleRecv,12,9,2.1728e-05
particleDestroy,12,0,0.004520166
particleDestroy,12,1,0.004500134
particleDestroy,12,2,0.004502182
particleDestroy,12,3,0.004489286
particleDestroy,12,4,0.004492455
particleDestroy,12,5,0.004489062
particleDestroy,12,6,0.004484614
particleDestroy,12,7,0.004543044
particleDestroy,12,8,0.004488263
particleDestroy,12,9,0.004472007
ScatterPIFNUFFT,12,0,0.174510959
ScatterPIFNUFFT,12,1,3.8943e-05
ScatterPIFNUFFT,12,2,0.175893249
ScatterPIFNUFFT,12,3,5.6254e-05
ScatterPIFNUFFT,12,4,0.175306613
ScatterPIFNUFFT,12,5,3.6222e-05
ScatterPIFNUFFT,12,6,0.175437394
ScatterPIFNUFFT,12,7,4.3518e-05
ScatterPIFNUFFT,12,8,0.175410737
ScatterPIFNUFFT,12,9,3.8622e-05
ScatterPIFNUFFT,12,10,0.175816867
ScatterPIFNUFFT,12,11,3.9934e-05
ScatterPIFNUFFT,12,12,0.175596651
ScatterPIFNUFFT,12,13,3.5647e-05
ScatterPIFNUFFT,12,14,0.176381457
ScatterPIFNUFFT,12,15,3.5391e-05
ScatterPIFNUFFT,12,16,0.175234392
ScatterPIFNUFFT,12,17,1.9936e-05
ScatterPIFNUFFT,12,18,0.175182649
ScatterPIFNUFFT,12,19,5.8686e-05
NativeNUFFT1,12,0,0.166355047
NativeNUFFT1,12,1,0.167691097
NativeNUFFT1,12,2,0.167235433
NativeNUFFT1,12,3,0.169303363
NativeNUFFT1,12,4,0.16918903
NativeNUFFT1,12,5,0.167889427
NativeNUFFT1,12,6,0.167250376
NativeNUFFT1,12,7,0.168153994
NativeNUFFT1,12,8,0.167023856
NativeNUFFT1,12,9,0.167089902
scatterTimerNUFFT1,12,0,0.037507773
scatterTimerNUFFT1,12,1,0.038099081
scatterTimerNUFFT1,12,2,0.037522621
scatterTimerNUFFT1,12,3,0.039644053
scatterTimerNUFFT1,12,4,0.039436123
scatterTimerNUFFT1,12,5,0.038007276
scatterTimerNUFFT1,12,6,0.037327684
scatterTimerNUFFT1,12,7,0.037501054
scatterTimerNUFFT1,12,8,0.037516925
scatterTimerNUFFT1,12,9,0.037854737
binSort,12,0,0.007810101
binSort,12,1,0.007803413
binSort,12,2,0.007773078
binSort,12,3,0.007790069
binSort,12,4,0.007695577
binSort,12,5,0.007811925
binSort,12,6,0.00777231
binSort,12,7,0.00775852
binSort,12,8,0.007756759
binSort,12,9,0.007817845
binSort,12,10,0.007754488
binSort,12,11,0.00778591
binSort,12,12,0.007750871
binSort,12,13,0.007795157
binSort,12,14,0.007793814
binSort,12,15,0.007813172
binSort,12,16,0.00778863
binSort,12,17,0.007751287
binSort,12,18,0.007788469
binSort,12,19,0.007795862
binSort,12,20,0.007794582
binSort,12,21,0.007759702
binSort,12,22,0.007782134
binSort,12,23,0.00777183
binSort,12,24,0.007828244
binSort,12,25,0.007781045
binSort,12,26,0.007800469
binSort,12,27,0.007812534
binSort,12,28,0.007756375
binSort,12,29,0.007845077
binSort,12,30,0.007802261
binSort,12,31,0.007761366
binSort,12,32,0.007815286
binSort,12,33,0.007749943
binSort,12,34,0.007795605
binSort,12,35,0.00783202
binSort,12,36,0.007775414
binSort,12,37,0.007781174
binSort,12,38,0.007794486
binSort,12,39,0.007793237
binComputeKeys,12,0,0.000747302
binComputeKeys,12,1,0.000760678
binComputeKeys,12,2,0.000737799
binComputeKeys,12,3,0.00076711
binComputeKeys,12,4,0.000729447
binComputeKeys,12,5,0.000744423
binComputeKeys,12,6,0.000736743
binComputeKeys,12,7,0.000767558
binComputeKeys,12,8,0.000744871
binComputeKeys,12,9,0.000751942
binComputeKeys,12,10,0.000735911
binComputeKeys,12,11,0.000743815
binComputeKeys,12,12,0.000736774
binComputeKeys,12,13,0.000747399
binComputeKeys,12,14,0.000779685
binComputeKeys,12,15,0.000751238
binComputeKeys,12,16,0.000749031
binComputeKeys,12,17,0.000753095
binComputeKeys,12,18,0.00074887
binComputeKeys,12,19,0.000752614
binComputeKeys,12,20,0.000752166
binComputeKeys,12,21,0.000745286
binComputeKeys,12,22,0.000734823
binComputeKeys,12,23,0.000749862
binComputeKeys,12,24,0.00075031
binComputeKeys,12,25,0.000737766
binComputeKeys,12,26,0.000760774
binComputeKeys,12,27,0.000748583
binComputeKeys,12,28,0.000741319
binComputeKeys,12,29,0.000773382
binComputeKeys,12,30,0.000744358
binComputeKeys,12,31,0.000736839
binComputeKeys,12,32,0.000749735
binComputeKeys,12,33,0.00076599
binComputeKeys,12,34,0.000735014
binComputeKeys,12,35,0.000751462
binComputeKeys,12,36,0.000745574
binComputeKeys,12,37,0.000761862
binComputeKeys,12,38,0.000756006
binComputeKeys,12,39,0.00075687
binSortByKey,12,0,0.006686876
binSortByKey,12,1,0.006674236
binSortByKey,12,2,0.006657756
binSortByKey,12,3,0.0066639
binSortByKey,12,4,0.006611422
binSortByKey,12,5,0.006692187
binSortByKey,12,6,0.006654396
binSortByKey,12,7,0.006638941
binSortByKey,12,8,0.006656508
binSortByKey,12,9,0.006697787
binSortByKey,12,10,0.006642782
binSortByKey,12,11,0.006675579
binSortByKey,12,12,0.006650974
binSortByKey,12,13,0.006676539
binSortByKey,12,14,0.006656477
binSortByKey,12,15,0.006697083
binSortByKey,12,16,0.006676443
binSortByKey,12,17,0.006633853
binSortByKey,12,18,0.00667222
binSortByKey,12,19,0.00667174
binSortByKey,12,20,0.006683836
binSortByKey,12,21,0.006650397
binSortByKey,12,22,0.006676028
binSortByKey,12,23,0.006658908
binSortByKey,12,24,0.006695355
binSortByKey,12,25,0.006673148
binSortByKey,12,26,0.00667558
binSortByKey,12,27,0.006696187
binSortByKey,12,28,0.006659036
binSortByKey,12,29,0.006712123
binSortByKey,12,30,0.0066807
binSortByKey,12,31,0.006648732
binSortByKey,12,32,0.0066799
binSortByKey,12,33,0.006629437
binSortByKey,12,34,0.006679388
binSortByKey,12,35,0.006701595
binSortByKey,12,36,0.006670172
binSortByKey,12,37,0.006661852
binSortByKey,12,38,0.006667356
binSortByKey,12,39,0.006667548
binComputeOffsets,12,0,0.000371316
binComputeOffsets,12,1,0.000361235
binComputeOffsets,12,2,0.000372499
binComputeOffsets,12,3,0.000352372
binComputeOffsets,12,4,0.000350708
binComputeOffsets,12,5,0.000371219
binComputeOffsets,12,6,0.000377395
binComputeOffsets,12,7,0.000347637
binComputeOffsets,12,8,0.000350132
binComputeOffsets,12,9,0.000360372
binComputeOffsets,12,10,0.000372627
binComputeOffsets,12,11,0.000360308
binComputeOffsets,12,12,0.000358196
binComputeOffsets,12,13,0.00036434
binComputeOffsets,12,14,0.000350069
binComputeOffsets,12,15,0.000357748
binComputeOffsets,12,16,0.000355348
binComputeOffsets,12,17,0.000360115
binComputeOffsets,12,18,0.00036162
binComputeOffsets,12,19,0.000365972
binComputeOffsets,12,20,0.000352212
binComputeOffsets,12,21,0.000360467
binComputeOffsets,12,22,0.000366195
binComputeOffsets,12,23,0.000356756
binComputeOffsets,12,24,0.000377491
binComputeOffsets,12,25,0.000364915
binComputeOffsets,12,26,0.000358963
binComputeOffsets,12,27,0.00036178
binComputeOffsets,12,28,0.000349108
binComputeOffsets,12,29,0.00035538
binComputeOffsets,12,30,0.000370867
binComputeOffsets,12,31,0.000370099
binComputeOffsets,12,32,0.000378355
binComputeOffsets,12,33,0.00034962
binComputeOffsets,12,34,0.000377459
binComputeOffsets,12,35,0.000373171
binComputeOffsets,12,36,0.000354196
binComputeOffsets,12,37,0.000350868
binComputeOffsets,12,38,0.00036514
binComputeOffsets,12,39,0.000363444
FFTNUFFT1,12,0,0.127525975
FFTNUFFT1,12,1,0.128267038
FFTNUFFT1,12,2,0.127817868
FFTNUFFT1,12,3,0.127991911
FFTNUFFT1,12,4,0.12773864
FFTNUFFT1,12,5,0.128562004
FFTNUFFT1,12,6,0.128173823
FFTNUFFT1,12,7,0.128986693
FFTNUFFT1,12,8,0.127835053
FFTNUFFT1,12,9,0.127569142
deconvolutionNUFFT1,12,0,0.001318835
deconvolutionNUFFT1,12,1,0.001319923
deconvolutionNUFFT1,12,2,0.001888032
deconvolutionNUFFT1,12,3,0.001661543
deconvolutionNUFFT1,12,4,0.002007867
deconvolutionNUFFT1,12,5,0.001313811
deconvolutionNUFFT1,12,6,0.001743109
deconvolutionNUFFT1,12,7,0.001658887
deconvolutionNUFFT1,12,8,0.001664871
deconvolutionNUFFT1,12,9,0.001660487
GatherPIFNUFFT,12,0,0.483009817
GatherPIFNUFFT,12,1,0.484154419
GatherPIFNUFFT,12,2,0.485627264
GatherPIFNUFFT,12,3,0.483449482
GatherPIFNUFFT,12,4,0.481959805
GatherPIFNUFFT,12,5,0.482413711
GatherPIFNUFFT,12,6,0.482535594
GatherPIFNUFFT,12,7,0.481810595
GatherPIFNUFFT,12,8,0.485407303
GatherPIFNUFFT,12,9,0.483566759
NativeNUFFT2,12,0,0.15762885
NativeNUFFT2,12,1,0.158496499
NativeNUFFT2,12,2,0.158919525
NativeNUFFT2,12,3,0.154414559
NativeNUFFT2,12,4,0.158632912
NativeNUFFT2,12,5,0.160474896
NativeNUFFT2,12,6,0.15655631
NativeNUFFT2,12,7,0.157282109
NativeNUFFT2,12,8,0.161124794
NativeNUFFT2,12,9,0.159654668
NativeNUFFT2,12,10,0.158377976
NativeNUFFT2,12,11,0.157480471
NativeNUFFT2,12,12,0.157055301
NativeNUFFT2,12,13,0.157385434
NativeNUFFT2,12,14,0.158716108
NativeNUFFT2,12,15,0.154204039
NativeNUFFT2,12,16,0.159801543
NativeNUFFT2,12,17,0.157853994
NativeNUFFT2,12,18,0.156767311
NativeNUFFT2,12,19,0.157610706
NativeNUFFT2,12,20,0.157473175
NativeNUFFT2,12,21,0.154587705
NativeNUFFT2,12,22,0.158766954
NativeNUFFT2,12,23,0.159907875
NativeNUFFT2,12,24,0.157018374
NativeNUFFT2,12,25,0.157904104
NativeNUFFT2,12,26,0.159880005
NativeNUFFT2,12,27,0.156712689
NativeNUFFT2,12,28,0.158386679
NativeNUFFT2,12,29,0.157701999
PrecorrectionNUFFT2,12,0,0.003120854
PrecorrectionNUFFT2,12,1,0.004958614
PrecorrectionNUFFT2,12,2,0.004966006
PrecorrectionNUFFT2,12,3,0.003134869
PrecorrectionNUFFT2,12,4,0.004963159
PrecorrectionNUFFT2,12,5,0.004981718
PrecorrectionNUFFT2,12,6,0.003135221
PrecorrectionNUFFT2,12,7,0.004971766
PrecorrectionNUFFT2,12,8,0.004961271
PrecorrectionNUFFT2,12,9,0.003133876
PrecorrectionNUFFT2,12,10,0.00497871
PrecorrectionNUFFT2,12,11,0.004983734
PrecorrectionNUFFT2,12,12,0.003125781
PrecorrectionNUFFT2,12,13,0.004964342
PrecorrectionNUFFT2,12,14,0.004956086
PrecorrectionNUFFT2,12,15,0.003124885
PrecorrectionNUFFT2,12,16,0.004948247
PrecorrectionNUFFT2,12,17,0.004950359
PrecorrectionNUFFT2,12,18,0.003067991
PrecorrectionNUFFT2,12,19,0.00495743
PrecorrectionNUFFT2,12,20,0.004977686
PrecorrectionNUFFT2,12,21,0.003141813
PrecorrectionNUFFT2,12,22,0.004946871
PrecorrectionNUFFT2,12,23,0.004967094
PrecorrectionNUFFT2,12,24,0.003088822
PrecorrectionNUFFT2,12,25,0.004978518
PrecorrectionNUFFT2,12,26,0.004956279
PrecorrectionNUFFT2,12,27,0.003094902
PrecorrectionNUFFT2,12,28,0.004992949
PrecorrectionNUFFT2,12,29,0.004957942
FFTNUFFT2,12,0,0.130570352
FFTNUFFT2,12,1,0.128347867
FFTNUFFT2,12,2,0.128670768
FFTNUFFT2,12,3,0.127110598
FFTNUFFT2,12,4,0.1281704
FFTNUFFT2,12,5,0.130474545
FFTNUFFT2,12,6,0.127446361
FFTNUFFT2,12,7,0.127975911
FFTNUFFT2,12,8,0.128648561
FFTNUFFT2,12,9,0.130099295
FFTNUFFT2,12,10,0.129149215
FFTNUFFT2,12,11,0.12895959
FFTNUFFT2,12,12,0.129928069
FFTNUFFT2,12,13,0.128475191
FFTNUFFT2,12,14,0.12902362
FFTNUFFT2,12,15,0.127731984
FFTNUFFT2,12,16,0.128329404
FFTNUFFT2,12,17,0.127929768
FFTNUFFT2,12,18,0.1272384
FFTNUFFT2,12,19,0.128875336
FFTNUFFT2,12,20,0.127977638
FFTNUFFT2,12,21,0.127905033
FFTNUFFT2,12,22,0.12877198
FFTNUFFT2,12,23,0.129244988
FFTNUFFT2,12,24,0.130363574
FFTNUFFT2,12,25,0.128655281
FFTNUFFT2,12,26,0.128808491
FFTNUFFT2,12,27,0.128339355
FFTNUFFT2,12,28,0.128287933
FFTNUFFT2,12,29,0.128346107
GatherNUFFT2,12,0,0.01194036
GatherNUFFT2,12,1,0.013216412
GatherNUFFT2,12,2,0.013601199
GatherNUFFT2,12,3,0.012516436
GatherNUFFT2,12,4,0.013392885
GatherNUFFT2,12,5,0.012863209
GatherNUFFT2,12,6,0.014057632
GatherNUFFT2,12,7,0.012655344
GatherNUFFT2,12,8,0.015589739
GatherNUFFT2,12,9,0.014356756
GatherNUFFT2,12,10,0.01227446
GatherNUFFT2,12,11,0.011886249
GatherNUFFT2,12,12,0.012357849
GatherNUFFT2,12,13,0.012002117
GatherNUFFT2,12,14,0.013123359
GatherNUFFT2,12,15,0.01169384
GatherNUFFT2,12,16,0.014543406
GatherNUFFT2,12,17,0.012711373
GatherNUFFT2,12,18,0.014531183
GatherNUFFT2,12,19,0.012168065
GatherNUFFT2,12,20,0.012534004
GatherNUFFT2,12,21,0.011602548
GatherNUFFT2,12,22,0.013417942
GatherNUFFT2,12,23,0.013727307
GatherNUFFT2,12,24,0.011387035
GatherNUFFT2,12,25,0.01255541
GatherNUFFT2,12,26,0.014141437
GatherNUFFT2,12,27,0.013653197
GatherNUFFT2,12,28,0.013131262
GatherNUFFT2,12,29,0.012574546
mainTimer,13,0,6.952932206
dumpData,13,0,0.014873316
dumpData,13,1,0.013177278
dumpData,13,2,0.013176509
dumpData,13,3,0.013313176
dumpData,13,4,0.012009766
dumpData,13,5,0.013054049
dumpData,13,6,0.013969538
dumpData,13,7,0.012372792
dumpData,13,8,0.012811466
dumpData,13,9,0.01339167
kick,13,0,5.1391e-05
kick,13,1,1.3984e-05
kick,13,2,5.3854e-05
kick,13,3,1.4335e-05
kick,13,4,4.8767e-05
kick,13,5,1.4623e-05
kick,13,6,4.3614e-05
kick,13,7,1.1296e-05
kick,13,8,4.5694e-05
kick,13,9,1.3055e-05
kick,13,10,4.5374e-05
kick,13,11,1.6863e-05
kick,13,12,4.4991e-05
kick,13,13,1.0336e-05
kick,13,14,4.6463e-05
kick,13,15,1.264e-05
kick,13,16,4.8414e-05
kick,13,17,1.0976e-05
kick,13,18,4.4382e-05
kick,13,19,1.2095e-05
drift,13,0,7.487e-06
drift,13,1,8.639e-06
drift,13,2,5.855e-06
drift,13,3,7.744e-06
drift,13,4,8.224e-06
drift,13,5,7.488e-06
drift,13,6,7.135e-06
drift,13,7,6.976e-06
drift,13,8,6.432e-06
drift,13,9,7.008e-06
particleBC,13,0,9.728e-06
particleBC,13,1,8.896e-06
particleBC,13,2,8.16e-06
particleBC,13,3,8.032e-06
particleBC,13,4,7.648e-06
particleBC,13,5,6.912e-06
particleBC,13,6,8.544e-06
particleBC,13,7,7.935e-06
particleBC,13,8,7.52e-06
particleBC,13,9,7.264e-06
updateParticle,13,0,0.013906085
updateParticle,13,1,0.013820295
updateParticle,13,2,0.013813351
updateParticle,13,3,0.013840038
updateParticle,13,4,0.014286872
updateParticle,13,5,0.013920387
updateParticle,13,6,0.013933635
updateParticle,13,7,0.013985954
updateParticle,13,8,0.013933795
updateParticle,13,9,0.013942019
locateParticles,13,0,0.007085774
locateParticles,13,1,0.007114541
locateParticles,13,2,0.007107789
locateParticles,13,3,0.007075438
locateParticles,13,4,0.007091213
locateParticles,13,5,0.007091309
locateParticles,13,6,0.007112749
locateParticles,13,7,0.007106765
locateParticles,13,8,0.007093485
locateParticles,13,9,0.007097261
sendPreprocess,13,0,0.000287094
sendPreprocess,13,1,0.000250615
sendPreprocess,13,2,0.000240151
sendPreprocess,13,3,0.000293174
sendPreprocess,13,4,0.000302997
sendPreprocess,13,5,0.00028735
sendPreprocess,13,6,0.000276695
sendPreprocess,13,7,0.000246264
sendPreprocess,13,8,0.000266583
sendPreprocess,13,9,0.000260183
particleSend,13,0,0.00081578
particleSend,13,1,0.000793125
particleSend,13,2,0.000773414
particleSend,13,3,0.000762822
particleSend,13,4,0.00077063
particleSend,13,5,0.000796165
particleSend,13,6,0.000793925
particleSend,13,7,0.000838019
particleSend,13,8,0.000797892
particleSend,13,9,0.000795557
particleRecv,13,0,2.2272e-05
particleRecv,13,1,2.3423e-05
particleRecv,13,2,2.9183e-05
particleRecv,13,3,2.8319e-05
particleRecv,13,4,3.1647e-05
particleRecv,13,5,2.6943e-05
particleRecv,13,6,2.0607e-05
particleRecv,13,7,2.2527e-05
particleRecv,13,8,2.4928e-05
particleRecv,13,9,2.1503e-05
particleDestroy,13,0,0.004679456
particleDestroy,13,1,0.004684512
particleDestroy,13,2,0.004685536
particleDestroy,13,3,0.004707391
particleDestroy,13,4,0.004704672
particleDestroy,13,5,0.004677312
particleDestroy,13,6,0.004700607
particleDestroy,13,7,0.004679104
particleDestroy,13,8,0.004688032
particleDestroy,13,9,0.004673793
ScatterPIFNUFFT,13,0,0.174873315
ScatterPIFNUFFT,13,1,4.8734e-05
ScatterPIFNUFFT,13,2,0.176224629
ScatterPIFNUFFT,13,3,4.4383e-05
ScatterPIFNUFFT,13,4,0.17576858
ScatterPIFNUFFT,13,5,3.8494e-05
ScatterPIFNUFFT,13,6,0.175890498
ScatterPIFNUFFT,13,7,4.3294e-05
ScatterPIFNUFFT,13,8,0.175853186
ScatterPIFNUFFT,13,9,4.0127e-05
ScatterPIFNUFFT,13,10,0.176456557
ScatterPIFNUFFT,13,11,5.3438e-05
ScatterPIFNUFFT,13,12,0.175941887
ScatterPIFNUFFT,13,13,3.475e-05
ScatterPIFNUFFT,13,14,0.176276276
ScatterPIFNUFFT,13,15,2.7232e-05
ScatterPIFNUFFT,13,16,0.175745191
ScatterPIFNUFFT,13,17,3.4623e-05
ScatterPIFNUFFT,13,18,0.175469871
ScatterPIFNUFFT,13,19,4.7518e-05
NativeNUFFT1,13,0,0.168735477
NativeNUFFT1,13,1,0.168275109
NativeNUFFT1,13,2,0.16771276
NativeNUFFT1,13,3,0.169732789
NativeNUFFT1,13,4,0.169610872
NativeNUFFT1,13,5,0.168414144
NativeNUFFT1,13,6,0.169664758
NativeNUFFT1,13,7,0.168210759
NativeNUFFT1,13,8,0.169625368
NativeNUFFT1,13,9,0.167452034
scatterTimerNUFFT1,13,0,0.039385692
scatterTimerNUFFT1,13,1,0.038204261
scatterTimerNUFFT1,13,2,0.038149063
scatterTimerNUFFT1,13,3,0.039673972
scatterTimerNUFFT1,13,4,0.039149605
scatterTimerNUFFT1,13,5,0.037958605
scatterTimerNUFFT1,13,6,0.039817807
scatterTimerNUFFT1,13,7,0.038103401
scatterTimerNUFFT1,13,8,0.039484314
scatterTimerNUFFT1,13,9,0.038287906
binSort,13,0,0.008234982
binSort,13,1,0.008199816
binSort,13,2,0.008237222
binSort,13,3,0.008153577
binSort,13,4,0.008169417
binSort,13,5,0.008174216
binSort,13,6,0.008241286
binSort,13,7,0.008178505
binSort,13,8,0.00813857
binSort,13,9,0.008218343
binSort,13,10,0.008214567
binSort,13,11,0.008217863
binSort,13,12,0.008158281
binSort,13,13,0.008203911
binSort,13,14,0.008160169
binSort,13,15,0.008189832
binSort,13,16,0.008211271
binSort,13,17,0.008215463
binSort,13,18,0.00819444
binSort,13,19,0.008205895
binSort,13,20,0.008168809
binSort,13,21,0.008255398
binSort,13,22,0.008227271
binSort,13,23,0.008174792
binSort,13,24,0.008184648
binSort,13,25,0.008186696
binSort,13,26,0.008156905
binSort,13,27,0.008201608
binSort,13,28,0.008151241
binSort,13,29,0.0082234
binSort,13,30,0.008212935
binSort,13,31,0.008172232
binSort,13,32,0.008185257
binSort,13,33,0.008196359
binSort,13,34,0.008215143
binSort,13,35,0.008215783
binSort,13,36,0.008191304
binSort,13,37,0.008176456
binSort,13,38,0.008169736
binSort,13,39,0.008203207
binComputeKeys,13,0,0.000778789
binComputeKeys,13,1,0.000806885
binComputeKeys,13,2,0.000794757
binComputeKeys,13,3,0.000791396
binComputeKeys,13,4,0.000782885
binComputeKeys,13,5,0.000810564
binComputeKeys,13,6,0.000801925
binComputeKeys,13,7,0.000810244
binComputeKeys,13,8,0.000781349
binComputeKeys,13,9,0.000803621
binComputeKeys,13,10,0.000786917
binComputeKeys,13,11,0.000797764
binComputeKeys,13,12,0.000770149
binComputeKeys,13,13,0.000804292
binComputeKeys,13,14,0.000788581
binComputeKeys,13,15,0.000786533
binComputeKeys,13,16,0.000785605
binComputeKeys,13,17,0.000795781
binComputeKeys,13,18,0.000799045
binComputeKeys,13,19,0.000819716
binComputeKeys,13,20,0.000788997
binComputeKeys,13,21,0.000783077
binComputeKeys,13,22,0.000814916
binComputeKeys,13,23,0.00077575
binComputeKeys,13,24,0.000776485
binComputeKeys,13,25,0.000800004
binComputeKeys,13,26,0.00081434
binComputeKeys,13,27,0.000788005
binComputeKeys,13,28,0.000778117
binComputeKeys,13,29,0.000800837
binComputeKeys,13,30,0.000817572
binComputeKeys,13,31,0.000803364
binComputeKeys,13,32,0.000781125
binComputeKeys,13,33,0.00082138
binComputeKeys,13,34,0.000794821
binComputeKeys,13,35,0.000817636
binComputeKeys,13,36,0.000781925
binComputeKeys,13,37,0.0008177
binComputeKeys,13,38,0.000792388
binComputeKeys,13,39,0.000801028
binSortByKey,13,0,0.007059822
binSortByKey,13,1,0.007018448
binSortByKey,13,2,0.007057871
binSortByKey,13,3,0.006994769
binSortByKey,13,4,0.007020848
binSortByKey,13,5,0.006997073
binSortByKey,13,6,0.007052399
binSortByKey,13,7,0.007001522
binSortByKey,13,8,0.006991441
binSortByKey,13,9,0.007041007
binSortByKey,13,10,0.007050351
binSortByKey,13,11,0.007041807
binSortByKey,13,12,0.007006449
binSortByKey,13,13,0.007034863
binSortByKey,13,14,0.007006321
binSortByKey,13,15,0.00703176
binSortByKey,13,16,0.007046959
binSortByKey,13,17,0.007034319
binSortByKey,13,18,0.007024335
binSortByKey,13,19,0.00702088
binSortByKey,13,20,0.007011664
binSortByKey,13,21,0.007082414
binSortByKey,13,22,0.007043823
binSortByKey,13,23,0.007024048
binSortByKey,13,24,0.007028592
binSortByKey,13,25,0.007022256
binSortByKey,13,26,0.006981425
binSortByKey,13,27,0.007038064
binSortByKey,13,28,0.007003856
binSortByKey,13,29,0.007054863
binSortByKey,13,30,0.007022192
binSortByKey,13,31,0.007005009
binSortByKey,13,32,0.007018801
binSortByKey,13,33,0.007007472
binSortByKey,13,34,0.007039951
binSortByKey,13,35,0.007023471
binSortByKey,13,36,0.007038447
binSortByKey,13,37,0.00699544
binSortByKey,13,38,0.006995249
binSortByKey,13,39,0.00703032
binComputeOffsets,13,0,0.000391091
binComputeOffsets,13,1,0.000368947
binComputeOffsets,13,2,0.000380786
binComputeOffsets,13,3,0.000363316
binComputeOffsets,13,4,0.000363412
binComputeOffsets,13,5,0.000362803
binComputeOffsets,13,6,0.000381363
binComputeOffsets,13,7,0.000362259
binComputeOffsets,13,8,0.000362452
binComputeOffsets,13,9,0.000369779
binComputeOffsets,13,10,0.000372115
binComputeOffsets,13,11,0.000374676
binComputeOffsets,13,12,0.000377715
binComputeOffsets,13,13,0.000363156
binComputeOffsets,13,14,0.000361044
binComputeOffsets,13,15,0.000367699
binComputeOffsets,13,16,0.000373267
binComputeOffsets,13,17,0.000381139
binComputeOffsets,13,18,0.000366356
binComputeOffsets,13,19,0.000360787
binComputeOffsets,13,20,0.000364372
binComputeOffsets,13,21,0.000386707
binComputeOffsets,13,22,0.000365172
binComputeOffsets,13,23,0.000370003
binComputeOffsets,13,24,0.000376467
binComputeOffsets,13,25,0.0003613
binComputeOffsets,13,26,0.000357524
binComputeOffsets,13,27,0.000372243
binComputeOffsets,13,28,0.000365748
binComputeOffsets,13,29,0.000364628
binComputeOffsets,13,30,0.000367987
binComputeOffsets,13,31,0.000359635
binComputeOffsets,13,32,0.000378611
binComputeOffsets,13,33,0.000362899
binComputeOffsets,13,34,0.000376083
binComputeOffsets,13,35,0.000369172
binComputeOffsets,13,36,0.00036722
binComputeOffsets,13,37,0.000360308
binComputeOffsets,13,38,0.000377523
binComputeOffsets,13,39,0.000367667
FFTNUFFT1,13,0,0.127349726
FFTNUFFT1,13,1,0.128440216
FFTNUFFT1,13,2,0.127557493
FFTNUFFT1,13,3,0.128174561
FFTNUFFT1,13,4,0.128439224
FFTNUFFT1,13,5,0.129158591
FFTNUFFT1,13,6,0.127886186
FFTNUFFT1,13,7,0.128440311
FFTNUFFT1,13,8,0.128104963
FFTNUFFT1,13,9,0.127293984
deconvolutionNUFFT1,13,0,0.001996923
deconvolutionNUFFT1,13,1,0.001624584
deconvolutionNUFFT1,13,2,0.002000508
deconvolutionNUFFT1,13,3,0.001878784
deconvolutionNUFFT1,13,4,0.002013691
deconvolutionNUFFT1,13,5,0.00129442
deconvolutionNUFFT1,13,6,0.001954845
deconvolutionNUFFT1,13,7,0.001661319
deconvolutionNUFFT1,13,8,0.002028699
deconvolutionNUFFT1,13,9,0.001864481
GatherPIFNUFFT,13,0,0.482561769
GatherPIFNUFFT,13,1,0.482906846
GatherPIFNUFFT,13,2,0.483879165
GatherPIFNUFFT,13,3,0.482049338
GatherPIFNUFFT,13,4,0.480937536
GatherPIFNUFFT,13,5,0.479938563
GatherPIFNUFFT,13,6,0.481006815
GatherPIFNUFFT,13,7,0.481886687
GatherPIFNUFFT,13,8,0.484847323
GatherPIFNUFFT,13,9,0.482996474
NativeNUFFT2,13,0,0.158422134
NativeNUFFT2,13,1,0.158196862
NativeNUFFT2,13,2,0.158995171
NativeNUFFT2,13,3,0.155798672
NativeNUFFT2,13,4,0.157600627
NativeNUFFT2,13,5,0.160798021
NativeNUFFT2,13,6,0.156841932
NativeNUFFT2,13,7,0.157535924
NativeNUFFT2,13,8,0.160793252
NativeNUFFT2,13,9,0.160593579
NativeNUFFT2,13,10,0.157925319
NativeNUFFT2,13,11,0.157539349
NativeNUFFT2,13,12,0.155768657
NativeNUFFT2,13,13,0.15738553
NativeNUFFT2,13,14,0.159033537
NativeNUFFT2,13,15,0.154763923
NativeNUFFT2,13,16,0.159575375
NativeNUFFT2,13,17,0.157934663
NativeNUFFT2,13,18,0.157743118
NativeNUFFT2,13,19,0.157333115
NativeNUFFT2,13,20,0.157305788
NativeNUFFT2,13,21,0.155442492
NativeNUFFT2,13,22,0.158452437
NativeNUFFT2,13,23,0.160297238
NativeNUFFT2,13,24,0.16335515
NativeNUFFT2,13,25,0.157431832
NativeNUFFT2,13,26,0.159738506
NativeNUFFT2,13,27,0.161015166
NativeNUFFT2,13,28,0.158208477
NativeNUFFT2,13,29,0.157790829
PrecorrectionNUFFT2,13,0,0.003146965
PrecorrectionNUFFT2,13,1,0.005124976
PrecorrectionNUFFT2,13,2,0.00511253
PrecorrectionNUFFT2,13,3,0.003147861
PrecorrectionNUFFT2,13,4,0.005114194
PrecorrectionNUFFT2,13,5,0.00513496
PrecorrectionNUFFT2,13,6,0.003174516
PrecorrectionNUFFT2,13,7,0.005109425
PrecorrectionNUFFT2,13,8,0.005137521
PrecorrectionNUFFT2,13,9,0.003178003
PrecorrectionNUFFT2,13,10,0.005106161
PrecorrectionNUFFT2,13,11,0.005139696
PrecorrectionNUFFT2,13,12,0.003176435
PrecorrectionNUFFT2,13,13,0.005115217
PrecorrectionNUFFT2,13,14,0.005130192
PrecorrectionNUFFT2,13,15,0.003170515
PrecorrectionNUFFT2,13,16,0.005136368
PrecorrectionNUFFT2,13,17,0.005099826
PrecorrectionNUFFT2,13,18,0.003158548
PrecorrectionNUFFT2,13,19,0.005084498
PrecorrectionNUFFT2,13,20,0.005122289
PrecorrectionNUFFT2,13,21,0.003182835
PrecorrectionNUFFT2,13,22,0.005130929
PrecorrectionNUFFT2,13,23,0.005124401
PrecorrectionNUFFT2,13,24,0.003156404
PrecorrectionNUFFT2,13,25,0.005136336
PrecorrectionNUFFT2,13,26,0.005120209
PrecorrectionNUFFT2,13,27,0.003139221
PrecorrectionNUFFT2,13,28,0.005103633
PrecorrectionNUFFT2,13,29,0.005125969
FFTNUFFT2,13,0,0.130566575
FFTNUFFT2,13,1,0.127658611
FFTNUFFT2,13,2,0.128409881
FFTNUFFT2,13,3,0.128089636
FFTNUFFT2,13,4,0.127054503
FFTNUFFT2,13,5,0.130265528
FFTNUFFT2,13,6,0.127443961
FFTNUFFT2,13,7,0.127760494
FFTNUFFT2,13,8,0.128187553
FFTNUFFT2,13,9,0.133148919
FFTNUFFT2,13,10,0.128148226
FFTNUFFT2,13,11,0.128147842
FFTNUFFT2,13,12,0.127948361
FFTNUFFT2,13,13,0.127896971
FFTNUFFT2,13,14,0.129634031
FFTNUFFT2,13,15,0.126810448
FFTNUFFT2,13,16,0.128356186
FFTNUFFT2,13,17,0.127659282
FFTNUFFT2,13,18,0.130317079
FFTNUFFT2,13,19,0.12844959
FFTNUFFT2,13,20,0.127238944
FFTNUFFT2,13,21,0.127944839
FFTNUFFT2,13,22,0.127943209
FFTNUFFT2,13,23,0.130988416
FFTNUFFT2,13,24,0.135846139
FFTNUFFT2,13,25,0.127587605
FFTNUFFT2,13,26,0.128432536
FFTNUFFT2,13,27,0.132222486
FFTNUFFT2,13,28,0.127879659
FFTNUFFT2,13,29,0.127888491
GatherNUFFT2,13,0,0.011904137
GatherNUFFT2,13,1,0.012662991
GatherNUFFT2,13,2,0.013362263
GatherNUFFT2,13,3,0.012105634
GatherNUFFT2,13,4,0.012582705
GatherNUFFT2,13,5,0.012603954
GatherNUFFT2,13,6,0.013399351
GatherNUFFT2,13,7,0.011871339
GatherNUFFT2,13,8,0.014831525
GatherNUFFT2,13,9,0.01211645
GatherNUFFT2,13,10,0.012188607
GatherNUFFT2,13,11,0.011769165
GatherNUFFT2,13,12,0.012166911
GatherNUFFT2,13,13,0.011727951
GatherNUFFT2,13,14,0.012132609
GatherNUFFT2,13,15,0.012283675
GatherNUFFT2,13,16,0.013719274
GatherNUFFT2,13,17,0.012480757
GatherNUFFT2,13,18,0.012105698
GatherNUFFT2,13,19,0.011628595
GatherNUFFT2,13,20,0.012170497
GatherNUFFT2,13,21,0.011811533
GatherNUFFT2,13,22,0.012713902
GatherNUFFT2,13,23,0.012088674
GatherNUFFT2,13,24,0.011597395
GatherNUFFT2,13,25,0.011958502
GatherNUFFT2,13,26,0.013476275
GatherNUFFT2,13,27,0.013148158
GatherNUFFT2,13,28,0.012552339
GatherNUFFT2,13,29,0.012225214
mainTimer,14,0,6.952932814
dumpData,14,0,0.01569524
dumpData,14,1,0.014012065
dumpData,14,2,0.014077118
dumpData,14,3,0.014160123
dumpData,14,4,0.014849093
dumpData,14,5,0.014941888
dumpData,14,6,0.013070337
dumpData,14,7,0.014232505
dumpData,14,8,0.015587563
dumpData,14,9,0.015330068
kick,14,0,5.1103e-05
kick,14,1,8.576e-06
kick,14,2,5.1518e-05
kick,14,3,1.2768e-05
kick,14,4,4.8191e-05
kick,14,5,1.008e-05
kick,14,6,4.2174e-05
kick,14,7,8.992e-06
kick,14,8,4.8254e-05
kick,14,9,9.184e-06
kick,14,10,4.675e-05
kick,14,11,1.104e-05
kick,14,12,4.5087e-05
kick,14,13,1.1392e-05
kick,14,14,4.6783e-05
kick,14,15,9.599e-06
kick,14,16,4.8862e-05
kick,14,17,1.0976e-05
kick,14,18,4.499e-05
kick,14,19,1.1231e-05
drift,14,0,7.039e-06
drift,14,1,7.552e-06
drift,14,2,6.496e-06
drift,14,3,8.608e-06
drift,14,4,7.04e-06
drift,14,5,9.024e-06
drift,14,6,6.783e-06
drift,14,7,7.584e-06
drift,14,8,7.552e-06
drift,14,9,6.848e-06
particleBC,14,0,9.088e-06
particleBC,14,1,7.808e-06
particleBC,14,2,8.096e-06
particleBC,14,3,8e-06
particleBC,14,4,7.52e-06
particleBC,14,5,1.0015e-05
particleBC,14,6,1.024e-05
particleBC,14,7,7.999e-06
particleBC,14,8,1.0048e-05
particleBC,14,9,8.096e-06
updateParticle,14,0,0.013843816
updateParticle,14,1,0.0139145
updateParticle,14,2,0.013945603
updateParticle,14,3,0.013931587
updateParticle,14,4,0.014383668
updateParticle,14,5,0.013880934
updateParticle,14,6,0.013872453
updateParticle,14,7,0.013908964
updateParticle,14,8,0.013896452
updateParticle,14,9,0.013856134
locateParticles,14,0,0.006865238
locateParticles,14,1,0.006862837
locateParticles,14,2,0.006880405
locateParticles,14,3,0.006867669
locateParticles,14,4,0.006864373
locateParticles,14,5,0.006859702
locateParticles,14,6,0.006867605
locateParticles,14,7,0.00697189
locateParticles,14,8,0.006866421
locateParticles,14,9,0.006863541
sendPreprocess,14,0,0.000508782
sendPreprocess,14,1,0.000506831
sendPreprocess,14,2,0.000470992
sendPreprocess,14,3,0.000502255
sendPreprocess,14,4,0.000528941
sendPreprocess,14,5,0.000514478
sendPreprocess,14,6,0.000522798
sendPreprocess,14,7,0.000380723
sendPreprocess,14,8,0.000489744
sendPreprocess,14,9,0.000494191
particleSend,14,0,0.000749095
particleSend,14,1,0.000790981
particleSend,14,2,0.000791333
particleSend,14,3,0.000760934
particleSend,14,4,0.000770662
particleSend,14,5,0.00074775
particleSend,14,6,0.000741703
particleSend,14,7,0.000771781
particleSend,14,8,0.000750982
particleSend,14,9,0.000744039
particleRecv,14,0,3.1423e-05
particleRecv,14,1,2.5407e-05
particleRecv,14,2,2.3359e-05
particleRecv,14,3,2.8831e-05
particleRecv,14,4,3.0399e-05
particleRecv,14,5,3.1135e-05
particleRecv,14,6,3.9359e-05
particleRecv,14,7,2.9407e-05
particleRecv,14,8,3.7727e-05
particleRecv,14,9,2.8255e-05
particleDestroy,14,0,0.004825851
particleDestroy,14,1,0.004815643
particleDestroy,14,2,0.004778557
particleDestroy,14,3,0.004827419
particleDestroy,14,4,0.004799676
particleDestroy,14,5,0.004823675
particleDestroy,14,6,0.00480262
particleDestroy,14,7,0.004811387
particleDestroy,14,8,0.004786204
particleDestroy,14,9,0.004837978
ScatterPIFNUFFT,14,0,0.175446703
ScatterPIFNUFFT,14,1,5.395e-05
ScatterPIFNUFFT,14,2,0.175930783
ScatterPIFNUFFT,14,3,3.1903e-05
ScatterPIFNUFFT,14,4,0.175523981
ScatterPIFNUFFT,14,5,2.9631e-05
ScatterPIFNUFFT,14,6,0.175758215
ScatterPIFNUFFT,14,7,4.0255e-05
ScatterPIFNUFFT,14,8,0.175561708
ScatterPIFNUFFT,14,9,3.5934e-05
ScatterPIFNUFFT,14,10,0.176109209
ScatterPIFNUFFT,14,11,3.0527e-05
ScatterPIFNUFFT,14,12,0.176036156
ScatterPIFNUFFT,14,13,3.4751e-05
ScatterPIFNUFFT,14,14,0.175552365
ScatterPIFNUFFT,14,15,4.8094e-05
ScatterPIFNUFFT,14,16,0.178711617
ScatterPIFNUFFT,14,17,4.1086e-05
ScatterPIFNUFFT,14,18,0.176111001
ScatterPIFNUFFT,14,19,3.1711e-05
NativeNUFFT1,14,0,0.167156875
NativeNUFFT1,14,1,0.168001806
NativeNUFFT1,14,2,0.167513151
NativeNUFFT1,14,3,0.169615192
NativeNUFFT1,14,4,0.167379811
NativeNUFFT1,14,5,0.168126506
NativeNUFFT1,14,6,0.169694548
NativeNUFFT1,14,7,0.167342438
NativeNUFFT1,14,8,0.172487798
NativeNUFFT1,14,9,0.167988207
scatterTimerNUFFT1,14,0,0.036859283
scatterTimerNUFFT1,14,1,0.037465182
scatterTimerNUFFT1,14,2,0.037417153
scatterTimerNUFFT1,14,3,0.039831119
scatterTimerNUFFT1,14,4,0.036797109
scatterTimerNUFFT1,14,5,0.037668791
scatterTimerNUFFT1,14,6,0.039234947
scatterTimerNUFFT1,14,7,0.037663065
scatterTimerNUFFT1,14,8,0.039247298
scatterTimerNUFFT1,14,9,0.037801107
binSort,14,0,0.007768439
binSort,14,1,0.007787638
binSort,14,2,0.007735159
binSort,14,3,0.007805301
binSort,14,4,0.007758647
binSort,14,5,0.007777622
binSort,14,6,0.007722392
binSort,14,7,0.007755863
binSort,14,8,0.007754615
binSort,14,9,0.007784438
binSort,14,10,0.007762167
binSort,14,11,0.007739192
binSort,14,12,0.007746615
binSort,14,13,0.007734679
binSort,14,14,0.007773878
binSort,14,15,0.007742935
binSort,14,16,0.007792822
binSort,14,17,0.007776726
binSort,14,18,0.007759766
binSort,14,19,0.007774262
binSort,14,20,0.007762646
binSort,14,21,0.007760119
binSort,14,22,0.00777439
binSort,14,23,0.007735767
binSort,14,24,0.007779414
binSort,14,25,0.00776863
binSort,14,26,0.007784022
binSort,14,27,0.007765047
binSort,14,28,0.007755958
binSort,14,29,0.007781111
binSort,14,30,0.007775735
binSort,14,31,0.007790325
binSort,14,32,0.007765623
binSort,14,33,0.007798069
binSort,14,34,0.007766198
binSort,14,35,0.007764374
binSort,14,36,0.007743895
binSort,14,37,0.007805813
binSort,14,38,0.007746839
binSort,14,39,0.007759351
binComputeKeys,14,0,0.000750759
binComputeKeys,14,1,0.000767686
binComputeKeys,14,2,0.000762246
binComputeKeys,14,3,0.000766182
binComputeKeys,14,4,0.000744391
binComputeKeys,14,5,0.000746407
binComputeKeys,14,6,0.000754758
binComputeKeys,14,7,0.000732391
binComputeKeys,14,8,0.000741287
binComputeKeys,14,9,0.000755046
binComputeKeys,14,10,0.000766022
binComputeKeys,14,11,0.000748071
binComputeKeys,14,12,0.000731623
binComputeKeys,14,13,0.000736679
binComputeKeys,14,14,0.000734471
binComputeKeys,14,15,0.000770758
binComputeKeys,14,16,0.000750182
binComputeKeys,14,17,0.000757478
binComputeKeys,14,18,0.000746054
binComputeKeys,14,19,0.000738151
binComputeKeys,14,20,0.000749222
binComputeKeys,14,21,0.000772454
binComputeKeys,14,22,0.00075991
binComputeKeys,14,23,0.000753926
binComputeKeys,14,24,0.000743495
binComputeKeys,14,25,0.000751366
binComputeKeys,14,26,0.000765541
binComputeKeys,14,27,0.000764038
binComputeKeys,14,28,0.000738214
binComputeKeys,14,29,0.000777509
binComputeKeys,14,30,0.000750759
binComputeKeys,14,31,0.000754406
binComputeKeys,14,32,0.000743942
binComputeKeys,14,33,0.000738727
binComputeKeys,14,34,0.00075703
binComputeKeys,14,35,0.00075911
binComputeKeys,14,36,0.000745319
binComputeKeys,14,37,0.000773669
binComputeKeys,14,38,0.000752711
binComputeKeys,14,39,0.000764358
binSortByKey,14,0,0.00664086
binSortByKey,14,1,0.00666374
binSortByKey,14,2,0.006615965
binSortByKey,14,3,0.006676507
binSortByKey,14,4,0.006654684
binSortByKey,14,5,0.006659196
binSortByKey,14,6,0.006617854
binSortByKey,14,7,0.006644349
binSortByKey,14,8,0.006658236
binSortByKey,14,9,0.006666333
binSortByKey,14,10,0.006645853
binSortByKey,14,11,0.006627965
binSortByKey,14,12,0.006649374
binSortByKey,14,13,0.006632893
binSortByKey,14,14,0.00665622
binSortByKey,14,15,0.006615549
binSortByKey,14,16,0.006658845
binSortByKey,14,17,0.006652925
binSortByKey,14,18,0.006651453
binSortByKey,14,19,0.006666556
binSortByKey,14,20,0.006655645
binSortByKey,14,21,0.006639196
binSortByKey,14,22,0.006656188
binSortByKey,14,23,0.006630653
binSortByKey,14,24,0.006667676
binSortByKey,14,25,0.006649564
binSortByKey,14,26,0.006658909
binSortByKey,14,27,0.006644381
binSortByKey,14,28,0.0066583
binSortByKey,14,29,0.006646206
binSortByKey,14,30,0.006651388
binSortByKey,14,31,0.006661724
binSortByKey,14,32,0.006653981
binSortByKey,14,33,0.006674139
binSortByKey,14,34,0.006649852
binSortByKey,14,35,0.00664886
binSortByKey,14,36,0.006644861
binSortByKey,14,37,0.006667548
binSortByKey,14,38,0.006637789
binSortByKey,14,39,0.006637821
binComputeOffsets,14,0,0.000371444
binComputeOffsets,14,1,0.000349844
binComputeOffsets,14,2,0.000352468
binComputeOffsets,14,3,0.000356148
binComputeOffsets,14,4,0.0003525
binComputeOffsets,14,5,0.000367123
binComputeOffsets,14,6,0.000345492
binComputeOffsets,14,7,0.000375187
binComputeOffsets,14,8,0.000351732
binComputeOffsets,14,9,0.000357364
binComputeOffsets,14,10,0.00034546
binComputeOffsets,14,11,0.000359284
binComputeOffsets,14,12,0.000359668
binComputeOffsets,14,13,0.000360628
binComputeOffsets,14,14,0.000378067
binComputeOffsets,14,15,0.00035154
binComputeOffsets,14,16,0.000376148
binComputeOffsets,14,17,0.000359668
binComputeOffsets,14,18,0.000356179
binComputeOffsets,14,19,0.000364948
binComputeOffsets,14,20,0.000351987
binComputeOffsets,14,21,0.000343477
binComputeOffsets,14,22,0.00035138
binComputeOffsets,14,23,0.000346676
binComputeOffsets,14,24,0.000362932
binComputeOffsets,14,25,0.0003629
binComputeOffsets,14,26,0.000351956
binComputeOffsets,14,27,0.000353108
binComputeOffsets,14,28,0.000352532
binComputeOffsets,14,29,0.000350836
binComputeOffsets,14,30,0.000368852
binComputeOffsets,14,31,0.000369395
binComputeOffsets,14,32,0.000361652
binComputeOffsets,14,33,0.000382483
binComputeOffsets,14,34,0.000354452
binComputeOffsets,14,35,0.000351892
binComputeOffsets,14,36,0.000349076
binComputeOffsets,14,37,0.00035858
binComputeOffsets,14,38,0.000350676
binComputeOffsets,14,39,0.000352404
FFTNUFFT1,14,0,0.128692463
FFTNUFFT1,14,1,0.129236829
FFTNUFFT1,14,2,0.128103554
FFTNUFFT1,14,3,0.128112132
FFTNUFFT1,14,4,0.128854025
FFTNUFFT1,14,5,0.128499286
FFTNUFFT1,14,6,0.128467093
FFTNUFFT1,14,7,0.128385049
FFTNUFFT1,14,8,0.131608044
FFTNUFFT1,14,9,0.128238079
deconvolutionNUFFT1,14,0,0.001600105
deconvolutionNUFFT1,14,1,0.001295891
deconvolutionNUFFT1,14,2,0.00198758
deconvolutionNUFFT1,14,3,0.001666215
deconvolutionNUFFT1,14,4,0.001719653
deconvolutionNUFFT1,14,5,0.001952349
deconvolutionNUFFT1,14,6,0.001989596
deconvolutionNUFFT1,14,7,0.001288724
deconvolutionNUFFT1,14,8,0.001625832
deconvolutionNUFFT1,14,9,0.001943901
GatherPIFNUFFT,14,0,0.481438351
GatherPIFNUFFT,14,1,0.483328943
GatherPIFNUFFT,14,2,0.484613987
GatherPIFNUFFT,14,3,0.482625575
GatherPIFNUFFT,14,4,0.480163866
GatherPIFNUFFT,14,5,0.481268598
GatherPIFNUFFT,14,6,0.480452818
GatherPIFNUFFT,14,7,0.483829725
GatherPIFNUFFT,14,8,0.479560688
GatherPIFNUFFT,14,9,0.481131706
NativeNUFFT2,14,0,0.157833643
NativeNUFFT2,14,1,0.15774315
NativeNUFFT2,14,2,0.159774568
NativeNUFFT2,14,3,0.15455913
NativeNUFFT2,14,4,0.158925702
NativeNUFFT2,14,5,0.160340916
NativeNUFFT2,14,6,0.156031432
NativeNUFFT2,14,7,0.157937575
NativeNUFFT2,14,8,0.160922976
NativeNUFFT2,14,9,0.158664334
NativeNUFFT2,14,10,0.158732972
NativeNUFFT2,14,11,0.15738185
NativeNUFFT2,14,12,0.157012102
NativeNUFFT2,14,13,0.157651249
NativeNUFFT2,14,14,0.157767212
NativeNUFFT2,14,15,0.15428202
NativeNUFFT2,14,16,0.159202204
NativeNUFFT2,14,17,0.158166944
NativeNUFFT2,14,18,0.156821166
NativeNUFFT2,14,19,0.157225023
NativeNUFFT2,14,20,0.158711756
NativeNUFFT2,14,21,0.154669686
NativeNUFFT2,14,22,0.158820136
NativeNUFFT2,14,23,0.159705226
NativeNUFFT2,14,24,0.158013412
NativeNUFFT2,14,25,0.157375162
NativeNUFFT2,14,26,0.159058112
NativeNUFFT2,14,27,0.160925249
NativeNUFFT2,14,28,0.15780046
NativeNUFFT2,14,29,0.157251807
PrecorrectionNUFFT2,14,0,0.00311951
PrecorrectionNUFFT2,14,1,0.004973142
PrecorrectionNUFFT2,14,2,0.004982294
PrecorrectionNUFFT2,14,3,0.003137397
PrecorrectionNUFFT2,14,4,0.004990166
PrecorrectionNUFFT2,14,5,0.00496799
PrecorrectionNUFFT2,14,6,0.003081558
PrecorrectionNUFFT2,14,7,0.004970902
PrecorrectionNUFFT2,14,8,0.00495887
PrecorrectionNUFFT2,14,9,0.00311231
PrecorrectionNUFFT2,14,10,0.00497487
PrecorrectionNUFFT2,14,11,0.004962807
PrecorrectionNUFFT2,14,12,0.003125365
PrecorrectionNUFFT2,14,13,0.004987766
PrecorrectionNUFFT2,14,14,0.004978773
PrecorrectionNUFFT2,14,15,0.003077975
PrecorrectionNUFFT2,14,16,0.004976598
PrecorrectionNUFFT2,14,17,0.004958039
PrecorrectionNUFFT2,14,18,0.003138997
PrecorrectionNUFFT2,14,19,0.00497647
PrecorrectionNUFFT2,14,20,0.004988405
PrecorrectionNUFFT2,14,21,0.003072855
PrecorrectionNUFFT2,14,22,0.00497855
PrecorrectionNUFFT2,14,23,0.00496495
PrecorrectionNUFFT2,14,24,0.003118774
PrecorrectionNUFFT2,14,25,0.004968278
PrecorrectionNUFFT2,14,26,0.004965302
PrecorrectionNUFFT2,14,27,0.003107382
PrecorrectionNUFFT2,14,28,0.00496479
PrecorrectionNUFFT2,14,29,0.004986966
FFTNUFFT2,14,0,0.130767401
FFTNUFFT2,14,1,0.129128768
FFTNUFFT2,14,2,0.128806379
FFTNUFFT2,14,3,0.127004649
FFTNUFFT2,14,4,0.130406803
FFTNUFFT2,14,5,0.128260284
FFTNUFFT2,14,6,0.127670769
FFTNUFFT2,14,7,0.129654286
FFTNUFFT2,14,8,0.12935516
FFTNUFFT2,14,9,0.129138176
FFTNUFFT2,14,10,0.12862261
FFTNUFFT2,14,11,0.128598355
FFTNUFFT2,14,12,0.129908805
FFTNUFFT2,14,13,0.128689232
FFTNUFFT2,14,14,0.128528149
FFTNUFFT2,14,15,0.127959752
FFTNUFFT2,14,16,0.129284923
FFTNUFFT2,14,17,0.12975361
FFTNUFFT2,14,18,0.128120802
FFTNUFFT2,14,19,0.128619792
FFTNUFFT2,14,20,0.129450324
FFTNUFFT2,14,21,0.128251614
FFTNUFFT2,14,22,0.128297149
FFTNUFFT2,14,23,0.128861417
FFTNUFFT2,14,24,0.127827021
FFTNUFFT2,14,25,0.128651185
FFTNUFFT2,14,26,0.128968422
FFTNUFFT2,14,27,0.131811972
FFTNUFFT2,14,28,0.128498294
FFTNUFFT2,14,29,0.128771725
GatherNUFFT2,14,0,0.011798124
GatherNUFFT2,14,1,0.011654001
GatherNUFFT2,14,2,0.014018304
GatherNUFFT2,14,3,0.012446038
GatherNUFFT2,14,4,0.011940807
GatherNUFFT2,14,5,0.015005344
GatherNUFFT2,14,6,0.013268283
GatherNUFFT2,14,7,0.011337245
GatherNUFFT2,14,8,0.014868259
GatherNUFFT2,14,9,0.014275831
GatherNUFFT2,14,10,0.013311353
GatherNUFFT2,14,11,0.011643986
GatherNUFFT2,14,12,0.012357689
GatherNUFFT2,14,13,0.012153408
GatherNUFFT2,14,14,0.012299291
GatherNUFFT2,14,15,0.011304093
GatherNUFFT2,14,16,0.013339959
GatherNUFFT2,14,17,0.011823371
GatherNUFFT2,14,18,0.013959235
GatherNUFFT2,14,19,0.011520279
GatherNUFFT2,14,20,0.012627152
GatherNUFFT2,14,21,0.011401755
GatherNUFFT2,14,22,0.013498546
GatherNUFFT2,14,23,0.013884805
GatherNUFFT2,14,24,0.015001183
GatherNUFFT2,14,25,0.01175915
GatherNUFFT2,14,26,0.01347074
GatherNUFFT2,14,27,0.014138332
GatherNUFFT2,14,28,0.012693902
GatherNUFFT2,14,29,0.01151679
mainTimer,15,0,6.952932302
dumpData,15,0,0.01401261
dumpData,15,1,0.012335993
dumpData,15,2,0.012292411
dumpData,15,3,0.012351833
dumpData,15,4,0.012988324
dumpData,15,5,0.012208478
dumpData,15,6,0.01211933
dumpData,15,7,0.013241755
dumpData,15,8,0.013694604
dumpData,15,9,0.012543923
kick,15,0,5.1583e-05
kick,15,1,1.0943e-05
kick,15,2,5.2862e-05
kick,15,3,1.1584e-05
kick,15,4,4.6111e-05
kick,15,5,1.0624e-05
kick,15,6,4.1406e-05
kick,15,7,1.0592e-05
kick,15,8,4.883e-05
kick,15,9,1.1872e-05
kick,15,10,4.643e-05
kick,15,11,1.1999e-05
kick,15,12,4.6398e-05
kick,15,13,1.4111e-05
kick,15,14,4.7935e-05
kick,15,15,1.2415e-05
kick,15,16,5.043e-05
kick,15,17,1.1712e-05
kick,15,18,4.7422e-05
kick,15,19,1.1423e-05
drift,15,0,7.839e-06
drift,15,1,8.511e-06
drift,15,2,6.815e-06
drift,15,3,7.552e-06
drift,15,4,5.376e-06
drift,15,5,6.656e-06
drift,15,6,7.872e-06
drift,15,7,6.976e-06
drift,15,8,6.304e-06
drift,15,9,7.136e-06
particleBC,15,0,9.152e-06
particleBC,15,1,9.088e-06
particleBC,15,2,8.8e-06
particleBC,15,3,8.096e-06
particleBC,15,4,8.416e-06
particleBC,15,5,8.736e-06
particleBC,15,6,9.376e-06
particleBC,15,7,8.127e-06
particleBC,15,8,9.056e-06
particleBC,15,9,8.544e-06
updateParticle,15,0,0.01393946
updateParticle,15,1,0.013876037
updateParticle,15,2,0.013863782
updateParticle,15,3,0.01390202
updateParticle,15,4,0.014356853
updateParticle,15,5,0.01390746
updateParticle,15,6,0.013931203
updateParticle,15,7,0.01397613
updateParticle,15,8,0.013926595
updateParticle,15,9,0.013947587
locateParticles,15,0,0.00719953
locateParticles,15,1,0.007190538
locateParticles,15,2,0.007185578
locateParticles,15,3,0.007168395
locateParticles,15,4,0.007194249
locateParticles,15,5,0.007212137
locateParticles,15,6,0.007178986
locateParticles,15,7,0.007170699
locateParticles,15,8,0.007181226
locateParticles,15,9,0.007178123
sendPreprocess,15,0,0.00017641
sendPreprocess,15,1,0.000179642
sendPreprocess,15,2,0.000168122
sendPreprocess,15,3,0.000205081
sendPreprocess,15,4,0.000203961
sendPreprocess,15,5,0.000168154
sendPreprocess,15,6,0.000213593
sendPreprocess,15,7,0.000183482
sendPreprocess,15,8,0.00018121
sendPreprocess,15,9,0.000182681
particleSend,15,0,0.000747399
particleSend,15,1,0.000743366
particleSend,15,2,0.000741511
particleSend,15,3,0.000760102
particleSend,15,4,0.000810533
particleSend,15,5,0.000744422
particleSend,15,6,0.000741606
particleSend,15,7,0.000799492
particleSend,15,8,0.000750918
particleSend,15,9,0.000740327
particleRecv,15,0,3.2255e-05
particleRecv,15,1,3.0111e-05
particleRecv,15,2,4.0382e-05
particleRecv,15,3,2.7743e-05
particleRecv,15,4,2.3871e-05
particleRecv,15,5,3.2703e-05
particleRecv,15,6,4.0127e-05
particleRecv,15,7,3.0975e-05
particleRecv,15,8,3.5103e-05
particleRecv,15,9,3.2319e-05
particleDestroy,15,0,0.005039572
particleDestroy,15,1,0.005012181
particleDestroy,15,2,0.005029876
particleDestroy,15,3,0.005026292
particleDestroy,15,4,0.004998933
particleDestroy,15,5,0.005041364
particleDestroy,15,6,0.005040308
particleDestroy,15,7,0.005038068
particleDestroy,15,8,0.005041683
particleDestroy,15,9,0.005054835
ScatterPIFNUFFT,15,0,0.176152055
ScatterPIFNUFFT,15,1,4.323e-05
ScatterPIFNUFFT,15,2,0.176668645
ScatterPIFNUFFT,15,3,4.7166e-05
ScatterPIFNUFFT,15,4,0.17594675
ScatterPIFNUFFT,15,5,3.1135e-05
ScatterPIFNUFFT,15,6,0.176222103
ScatterPIFNUFFT,15,7,4.0479e-05
ScatterPIFNUFFT,15,8,0.176022013
ScatterPIFNUFFT,15,9,3.3023e-05
ScatterPIFNUFFT,15,10,0.176375056
ScatterPIFNUFFT,15,11,3.8623e-05
ScatterPIFNUFFT,15,12,0.176337202
ScatterPIFNUFFT,15,13,3.971e-05
ScatterPIFNUFFT,15,14,0.176181015
ScatterPIFNUFFT,15,15,4.2175e-05
ScatterPIFNUFFT,15,16,0.179025143
ScatterPIFNUFFT,15,17,4.2334e-05
ScatterPIFNUFFT,15,18,0.17755476
ScatterPIFNUFFT,15,19,2.5375e-05
NativeNUFFT1,15,0,0.169998282
NativeNUFFT1,15,1,0.168732789
NativeNUFFT1,15,2,0.167903569
NativeNUFFT1,15,3,0.168096301
NativeNUFFT1,15,4,0.169786769
NativeNUFFT1,15,5,0.168245126
NativeNUFFT1,15,6,0.170096935
NativeNUFFT1,15,7,0.168108043
NativeNUFFT1,15,8,0.172844778
NativeNUFFT1,15,9,0.169429821
scatterTimerNUFFT1,15,0,0.039259936
scatterTimerNUFFT1,15,1,0.038222949
scatterTimerNUFFT1,15,2,0.038257636
scatterTimerNUFFT1,15,3,0.038660247
scatterTimerNUFFT1,15,4,0.039898667
scatterTimerNUFFT1,15,5,0.038399167
scatterTimerNUFFT1,15,6,0.039873069
scatterTimerNUFFT1,15,7,0.038526555
scatterTimerNUFFT1,15,8,0.039971626
scatterTimerNUFFT1,15,9,0.038500698
binSort,15,0,0.008216807
binSort,15,1,0.008162952
binSort,15,2,0.008191592
binSort,15,3,0.008174217
binSort,15,4,0.008154921
binSort,15,5,0.008221223
binSort,15,6,0.008191015
binSort,15,7,0.008245734
binSort,15,8,0.008136394
binSort,15,9,0.008187112
binSort,15,10,0.008168809
binSort,15,11,0.00818884
binSort,15,12,0.008287941
binSort,15,13,0.008221927
binSort,15,14,0.008168712
binSort,15,15,0.008182792
binSort,15,16,0.008173865
binSort,15,17,0.008178024
binSort,15,18,0.008172457
binSort,15,19,0.008216519
binSort,15,20,0.008130537
binSort,15,21,0.008176712
binSort,15,22,0.0081722
binSort,15,23,0.008167721
binSort,15,24,0.008189928
binSort,15,25,0.00822775
binSort,15,26,0.008207368
binSort,15,27,0.008187849
binSort,15,28,0.008151658
binSort,15,29,0.008152842
binSort,15,30,0.008163529
binSort,15,31,0.008229447
binSort,15,32,0.008188777
binSort,15,33,0.008233766
binSort,15,34,0.00817764
binSort,15,35,0.008157289
binSort,15,36,0.008168617
binSort,15,37,0.008228743
binSort,15,38,0.008200392
binSort,15,39,0.008165961
binComputeKeys,15,0,0.00077223
binComputeKeys,15,1,0.00081754
binComputeKeys,15,2,0.000819044
binComputeKeys,15,3,0.000812805
binComputeKeys,15,4,0.000779237
binComputeKeys,15,5,0.00080698
binComputeKeys,15,6,0.000813828
binComputeKeys,15,7,0.000797765
binComputeKeys,15,8,0.000781797
binComputeKeys,15,9,0.00081626
binComputeKeys,15,10,0.000802084
binComputeKeys,15,11,0.000804548
binComputeKeys,15,12,0.000786021
binComputeKeys,15,13,0.000801892
binComputeKeys,15,14,0.000796068
binComputeKeys,15,15,0.00081882
binComputeKeys,15,16,0.00077063
binComputeKeys,15,17,0.000801028
binComputeKeys,15,18,0.000805093
binComputeKeys,15,19,0.000810884
binComputeKeys,15,20,0.000773605
binComputeKeys,15,21,0.000810692
binComputeKeys,15,22,0.000805092
binComputeKeys,15,23,0.000803109
binComputeKeys,15,24,0.000782821
binComputeKeys,15,25,0.000786853
binComputeKeys,15,26,0.000813284
binComputeKeys,15,27,0.000800837
binComputeKeys,15,28,0.000776934
binComputeKeys,15,29,0.000803205
binComputeKeys,15,30,0.000795461
binComputeKeys,15,31,0.000815748
binComputeKeys,15,32,0.00077175
binComputeKeys,15,33,0.000789701
binComputeKeys,15,34,0.000819236
binComputeKeys,15,35,0.000810693
binComputeKeys,15,36,0.000782949
binComputeKeys,15,37,0.000811461
binComputeKeys,15,38,0.000809573
binComputeKeys,15,39,0.000812036
binSortByKey,15,0,0.007055374
binSortByKey,15,1,0.006984273
binSortByKey,15,2,0.007009712
binSortByKey,15,3,0.006995441
binSortByKey,15,4,0.00701032
binSortByKey,15,5,0.007043087
binSortByKey,15,6,0.007009808
binSortByKey,15,7,0.007060334
binSortByKey,15,8,0.006989105
binSortByKey,15,9,0.007003985
binSortByKey,15,10,0.007004081
binSortByKey,15,11,0.007019024
binSortByKey,15,12,0.007108525
binSortByKey,15,13,0.007040143
binSortByKey,15,14,0.007005777
binSortByKey,15,15,0.00700136
binSortByKey,15,16,0.007027823
binSortByKey,15,17,0.007010353
binSortByKey,15,18,0.007002384
binSortByKey,15,19,0.007033487
binSortByKey,15,20,0.006989169
binSortByKey,15,21,0.007000593
binSortByKey,15,22,0.007003408
binSortByKey,15,23,0.007003984
binSortByKey,15,24,0.00702792
binSortByKey,15,25,0.007061838
binSortByKey,15,26,0.007022001
binSortByKey,15,27,0.007017425
binSortByKey,15,28,0.007009264
binSortByKey,15,29,0.006988625
binSortByKey,15,30,0.007003249
binSortByKey,15,31,0.007034704
binSortByKey,15,32,0.007037169
binSortByKey,15,33,0.007056398
binSortByKey,15,34,0.006995344
binSortByKey,15,35,0.006984977
binSortByKey,15,36,0.007021552
binSortByKey,15,37,0.007045359
binSortByKey,15,38,0.007020432
binSortByKey,15,39,0.006990865
binComputeOffsets,15,0,0.000386739
binComputeOffsets,15,1,0.000359315
binComputeOffsets,15,2,0.000358452
binComputeOffsets,15,3,0.000361812
binComputeOffsets,15,4,0.000361908
binComputeOffsets,15,5,0.000369236
binComputeOffsets,15,6,0.000362611
binComputeOffsets,15,7,0.000382835
binComputeOffsets,15,8,0.000362292
binComputeOffsets,15,9,0.000363859
binComputeOffsets,15,10,0.000358836
binComputeOffsets,15,11,0.000360468
binComputeOffsets,15,12,0.000389459
binComputeOffsets,15,13,0.000376564
binComputeOffsets,15,14,0.000363028
binComputeOffsets,15,15,0.000358356
binComputeOffsets,15,16,0.000372148
binComputeOffsets,15,17,0.000362004
binComputeOffsets,15,18,0.000360596
binComputeOffsets,15,19,0.000368308
binComputeOffsets,15,20,0.000364883
binComputeOffsets,15,21,0.000361459
binComputeOffsets,15,22,0.000359668
binComputeOffsets,15,23,0.000357748
binComputeOffsets,15,24,0.000376371
binComputeOffsets,15,25,0.000374835
binComputeOffsets,15,26,0.000366324
binComputeOffsets,15,27,0.000364787
binComputeOffsets,15,28,0.000363284
binComputeOffsets,15,29,0.000358612
binComputeOffsets,15,30,0.000362739
binComputeOffsets,15,31,0.000375764
binComputeOffsets,15,32,0.000375508
binComputeOffsets,15,33,0.000384595
binComputeOffsets,15,34,0.000360564
binComputeOffsets,15,35,0.000359507
binComputeOffsets,15,36,0.000361812
binComputeOffsets,15,37,0.000367283
binComputeOffsets,15,38,0.000364948
binComputeOffsets,15,39,0.000360564
FFTNUFFT1,15,0,0.128788044
FFTNUFFT1,15,1,0.129164287
FFTNUFFT1,15,2,0.12762933
FFTNUFFT1,15,3,0.127680114
FFTNUFFT1,15,4,0.127873163
FFTNUFFT1,15,5,0.1278475
FFTNUFFT1,15,6,0.128192032
FFTNUFFT1,15,7,0.128260509
FFTNUFFT1,15,8,0.131033119
FFTNUFFT1,15,9,0.129278684
deconvolutionNUFFT1,15,0,0.00194739
deconvolutionNUFFT1,15,1,0.001342258
deconvolutionNUFFT1,15,2,0.002013883
deconvolutionNUFFT1,15,3,0.001751621
deconvolutionNUFFT1,15,4,0.002012379
deconvolutionNUFFT1,15,5,0.001995067
deconvolutionNUFFT1,15,6,0.002029147
deconvolutionNUFFT1,15,7,0.001318739
deconvolutionNUFFT1,15,8,0.001832961
deconvolutionNUFFT1,15,9,0.001646376
GatherPIFNUFFT,15,0,0.47538851
GatherPIFNUFFT,15,1,0.482139736
GatherPIFNUFFT,15,2,0.48390134
GatherPIFNUFFT,15,3,0.476974856
GatherPIFNUFFT,15,4,0.479083648
GatherPIFNUFFT,15,5,0.481148539
GatherPIFNUFFT,15,6,0.483014074
GatherPIFNUFFT,15,7,0.48289379
GatherPIFNUFFT,15,8,0.479257946
GatherPIFNUFFT,15,9,0.477810476
NativeNUFFT2,15,0,0.155673812
NativeNUFFT2,15,1,0.158006916
NativeNUFFT2,15,2,0.159135038
NativeNUFFT2,15,3,0.155066377
NativeNUFFT2,15,4,0.158933254
NativeNUFFT2,15,5,0.160305653
NativeNUFFT2,15,6,0.156631443
NativeNUFFT2,15,7,0.158800426
NativeNUFFT2,15,8,0.160565581
NativeNUFFT2,15,9,0.156863532
NativeNUFFT2,15,10,0.15899069
NativeNUFFT2,15,11,0.158499155
NativeNUFFT2,15,12,0.156565686
NativeNUFFT2,15,13,0.157448055
NativeNUFFT2,15,14,0.157089059
NativeNUFFT2,15,15,0.155821999
NativeNUFFT2,15,16,0.158369401
NativeNUFFT2,15,17,0.15838988
NativeNUFFT2,15,18,0.157099524
NativeNUFFT2,15,19,0.158103073
NativeNUFFT2,15,20,0.158443222
NativeNUFFT2,15,21,0.156049479
NativeNUFFT2,15,22,0.157986949
NativeNUFFT2,15,23,0.159460018
NativeNUFFT2,15,24,0.158337913
NativeNUFFT2,15,25,0.158437814
NativeNUFFT2,15,26,0.158225212
NativeNUFFT2,15,27,0.157502773
NativeNUFFT2,15,28,0.158972803
NativeNUFFT2,15,29,0.156898987
PrecorrectionNUFFT2,15,0,0.00315362
PrecorrectionNUFFT2,15,1,0.005126128
PrecorrectionNUFFT2,15,2,0.00510741
PrecorrectionNUFFT2,15,3,0.00314418
PrecorrectionNUFFT2,15,4,0.005153521
PrecorrectionNUFFT2,15,5,0.005115601
PrecorrectionNUFFT2,15,6,0.003186643
PrecorrectionNUFFT2,15,7,0.00514648
PrecorrectionNUFFT2,15,8,0.005117553
PrecorrectionNUFFT2,15,9,0.003144149
PrecorrectionNUFFT2,15,10,0.005174127
PrecorrectionNUFFT2,15,11,0.005114289
PrecorrectionNUFFT2,15,12,0.003148084
PrecorrectionNUFFT2,15,13,0.005121904
PrecorrectionNUFFT2,15,14,0.005118161
PrecorrectionNUFFT2,15,15,0.003169139
PrecorrectionNUFFT2,15,16,0.005126001
PrecorrectionNUFFT2,15,17,0.005137521
PrecorrectionNUFFT2,15,18,0.003183315
PrecorrectionNUFFT2,15,19,0.005148432
PrecorrectionNUFFT2,15,20,0.005130001
PrecorrectionNUFFT2,15,21,0.003171156
PrecorrectionNUFFT2,15,22,0.005120209
PrecorrectionNUFFT2,15,23,0.005132912
PrecorrectionNUFFT2,15,24,0.00314914
PrecorrectionNUFFT2,15,25,0.005121841
PrecorrectionNUFFT2,15,26,0.005118928
PrecorrectionNUFFT2,15,27,0.00314434
PrecorrectionNUFFT2,15,28,0.005108913
PrecorrectionNUFFT2,15,29,0.005114257
FFTNUFFT2,15,0,0.127891595
FFTNUFFT2,15,1,0.128437016
FFTNUFFT2,15,2,0.127862508
FFTNUFFT2,15,3,0.12733443
FFTNUFFT2,15,4,0.129476308
FFTNUFFT2,15,5,0.127937511
FFTNUFFT2,15,6,0.12790193
FFTNUFFT2,15,7,0.129117856
FFTNUFFT2,15,8,0.131154715
FFTNUFFT2,15,9,0.127703377
FFTNUFFT2,15,10,0.129216958
FFTNUFFT2,15,11,0.128302364
FFTNUFFT2,15,12,0.128841546
FFTNUFFT2,15,13,0.127784206
FFTNUFFT2,15,14,0.127418715
FFTNUFFT2,15,15,0.128052549
FFTNUFFT2,15,16,0.127928777
FFTNUFFT2,15,17,0.128898919
FFTNUFFT2,15,18,0.12887124
FFTNUFFT2,15,19,0.128400152
FFTNUFFT2,15,20,0.129100897
FFTNUFFT2,15,21,0.128345242
FFTNUFFT2,15,22,0.127297374
FFTNUFFT2,15,23,0.128697743
FFTNUFFT2,15,24,0.12797908
FFTNUFFT2,15,25,0.128390137
FFTNUFFT2,15,26,0.12756111
FFTNUFFT2,15,27,0.128428793
FFTNUFFT2,15,28,0.129318234
FFTNUFFT2,15,29,0.127361565
GatherNUFFT2,15,0,0.011837131
GatherNUFFT2,15,1,0.011730798
GatherNUFFT2,15,2,0.013511377
GatherNUFFT2,15,3,0.011869706
GatherNUFFT2,15,4,0.012038788
GatherNUFFT2,15,5,0.014403989
GatherNUFFT2,15,6,0.012736366
GatherNUFFT2,15,7,0.012055172
GatherNUFFT2,15,8,0.012126561
GatherNUFFT2,15,9,0.013228956
GatherNUFFT2,15,10,0.012446102
GatherNUFFT2,15,11,0.012204254
GatherNUFFT2,15,12,0.012087075
GatherNUFFT2,15,13,0.012030148
GatherNUFFT2,15,14,0.011787213
GatherNUFFT2,15,15,0.012101986
GatherNUFFT2,15,16,0.013120607
GatherNUFFT2,15,17,0.012081507
GatherNUFFT2,15,18,0.012878791
GatherNUFFT2,15,19,0.011821036
GatherNUFFT2,15,20,0.01205642
GatherNUFFT2,15,21,0.012049829
GatherNUFFT2,15,22,0.012803882
GatherNUFFT2,15,23,0.012840904
GatherNUFFT2,15,24,0.014339286
GatherNUFFT2,15,25,0.012222654
GatherNUFFT2,15,26,0.013142142
GatherNUFFT2,15,27,0.013683916
GatherNUFFT2,15,28,0.01203002
GatherNUFFT2,15,29,0.011703695
