timer_name,rank,measurement_id,duration_seconds
mainTimer,0,0,112.586511196
dumpData,0,0,0.01233235
dumpData,0,1,0.009812998
dumpData,0,2,0.00888214
dumpData,0,3,0.032254481
dumpData,0,4,0.015297971
dumpData,0,5,0.03269156
dumpData,0,6,0.032430262
dumpData,0,7,0.031089168
dumpData,0,8,0.017612184
dumpData,0,9,0.016176797
kick,0,0,0.002217957
kick,0,1,0.002253717
kick,0,2,0.002283785
kick,0,3,0.002251573
kick,0,4,0.002284887
kick,0,5,0.002265059
kick,0,6,0.002283184
kick,0,7,0.002263836
kick,0,8,0.002177839
kick,0,9,0.002247926
kick,0,10,0.002217106
kick,0,11,0.002252815
kick,0,12,0.002204251
kick,0,13,0.00225513
kick,0,14,0.002199251
kick,0,15,0.002283596
kick,0,16,0.002189732
kick,0,17,0.002251463
kick,0,18,0.002167129
kick,0,19,0.00227553
drift,0,0,0.002225813
drift,0,1,0.002319715
drift,0,2,0.002340916
drift,0,3,0.002336347
drift,0,4,0.002252224
drift,0,5,0.00223446
drift,0,6,0.002238447
drift,0,7,0.002246844
drift,0,8,0.002255531
drift,0,9,0.002243987
particleBC,0,0,0.006554219
particleBC,0,1,0.006567454
particleBC,0,2,0.00660609
particleBC,0,3,0.006581511
particleBC,0,4,0.006595238
particleBC,0,5,0.006552405
particleBC,0,6,0.006541815
particleBC,0,7,0.006555061
particleBC,0,8,0.006534971
particleBC,0,9,0.006516426
updateParticle,0,0,0.025316287
updateParticle,0,1,0.025212755
updateParticle,0,2,0.025376012
updateParticle,0,3,0.025222263
updateParticle,0,4,0.024619354
updateParticle,0,5,0.024702135
updateParticle,0,6,0.024689981
updateParticle,0,7,0.025243766
updateParticle,0,8,0.025563277
updateParticle,0,9,0.024767311
locateParticles,0,0,0.006680295
locateParticles,0,1,0.006625187
locateParticles,0,2,0.006620307
locateParticles,0,3,0.006624886
locateParticles,0,4,0.006659624
locateParticles,0,5,0.006643301
locateParticles,0,6,0.006579829
locateParticles,0,7,0.006603524
locateParticles,0,8,0.006644786
locateParticles,0,9,0.00667337
sendPreprocess,0,0,0.001664232
sendPreprocess,0,1,0.00160632
sendPreprocess,0,2,0.0014723
sendPreprocess,0,3,0.001661537
sendPreprocess,0,4,0.001434816
sendPreprocess,0,5,0.001671456
sendPreprocess,0,6,0.001644944
sendPreprocess,0,7,0.001668731
sendPreprocess,0,8,0.001661206
sendPreprocess,0,9,0.00160143
particleSend,0,0,0.001802801
particleSend,0,1,0.002714932
particleSend,0,2,0.001792762
particleSend,0,3,0.001811498
particleSend,0,4,0.001800156
particleSend,0,5,0.001808603
particleSend,0,6,0.001801719
particleSend,0,7,0.002681177
particleSend,0,8,0.002031345
particleSend,0,9,0.001867668
particleRecv,0,0,3.6771e-05
particleRecv,0,1,3.8645e-05
particleRecv,0,2,3.7252e-05
particleRecv,0,3,4.2362e-05
particleRecv,0,4,4.4586e-05
particleRecv,0,5,4.3464e-05
particleRecv,0,6,4.2873e-05
particleRecv,0,7,4.2893e-05
particleRecv,0,8,4.4276e-05
particleRecv,0,9,4.3144e-05
particleDestroy,0,0,0.012602585
particleDestroy,0,1,0.012617514
particleDestroy,0,2,0.012664806
particleDestroy,0,3,0.012674444
particleDestroy,0,4,0.012628276
particleDestroy,0,5,0.012664036
particleDestroy,0,6,0.012569501
particleDestroy,0,7,0.012644105
particleDestroy,0,8,0.012619108
particleDestroy,0,9,0.012655548
ScatterPIFNUFFT,0,0,3.616864465
ScatterPIFNUFFT,0,1,0.002506948
ScatterPIFNUFFT,0,2,3.593629202
ScatterPIFNUFFT,0,3,0.002508201
ScatterPIFNUFFT,0,4,3.629860891
ScatterPIFNUFFT,0,5,0.002497972
ScatterPIFNUFFT,0,6,3.63196379
ScatterPIFNUFFT,0,7,0.002518472
ScatterPIFNUFFT,0,8,3.608680622
ScatterPIFNUFFT,0,9,0.002518802
ScatterPIFNUFFT,0,10,3.588233833
ScatterPIFNUFFT,0,11,0.002510135
ScatterPIFNUFFT,0,12,3.654581495
ScatterPIFNUFFT,0,13,0.002514864
ScatterPIFNUFFT,0,14,3.592841352
ScatterPIFNUFFT,0,15,0.002511307
ScatterPIFNUFFT,0,16,3.606810894
ScatterPIFNUFFT,0,17,0.002516608
ScatterPIFNUFFT,0,18,3.574169528
ScatterPIFNUFFT,0,19,0.002518992
NativeNUFFT1,0,0,3.613055898
NativeNUFFT1,0,1,3.589919777
NativeNUFFT1,0,2,3.626142921
NativeNUFFT1,0,3,3.628258623
NativeNUFFT1,0,4,3.60495117
NativeNUFFT1,0,5,3.584508839
NativeNUFFT1,0,6,3.650843947
NativeNUFFT1,0,7,3.589135425
NativeNUFFT1,0,8,3.60308148
NativeNUFFT1,0,9,3.570435627
scatterTimerNUFFT1,0,0,3.380663663
scatterTimerNUFFT1,0,1,3.363233613
scatterTimerNUFFT1,0,2,3.386925617
scatterTimerNUFFT1,0,3,3.402370088
scatterTimerNUFFT1,0,4,3.372339719
scatterTimerNUFFT1,0,5,3.355013139
scatterTimerNUFFT1,0,6,3.419728451
scatterTimerNUFFT1,0,7,3.346415543
scatterTimerNUFFT1,0,8,3.363341896
scatterTimerNUFFT1,0,9,3.329044455
binSort,0,0,0.014837275
binSort,0,1,0.014822586
binSort,0,2,0.014863136
binSort,0,3,0.014806545
binSort,0,4,0.014880699
binSort,0,5,0.014873024
binSort,0,6,0.014826605
binSort,0,7,0.014960955
binSort,0,8,0.014867004
binSort,0,9,0.014802869
binComputeKeys,0,0,0.001148961
binComputeKeys,0,1,0.001137329
binComputeKeys,0,2,0.001139043
binComputeKeys,0,3,0.001144713
binComputeKeys,0,4,0.001141507
binComputeKeys,0,5,0.001137679
binComputeKeys,0,6,0.001142879
binComputeKeys,0,7,0.001134784
binComputeKeys,0,8,0.001144243
binComputeKeys,0,9,0.001137579
binSortByKey,0,0,0.01327997
binSortByKey,0,1,0.013276644
binSortByKey,0,2,0.013318226
binSortByKey,0,3,0.013251786
binSortByKey,0,4,0.013328965
binSortByKey,0,5,0.013328134
binSortByKey,0,6,0.013274771
binSortByKey,0,7,0.013418149
binSortByKey,0,8,0.013312244
binSortByKey,0,9,0.013258399
binComputeOffsets,0,0,0.000404796
binComputeOffsets,0,1,0.000404606
binComputeOffsets,0,2,0.000402091
binComputeOffsets,0,3,0.000406128
binComputeOffsets,0,4,0.000405838
binComputeOffsets,0,5,0.000403263
binComputeOffsets,0,6,0.000405297
binComputeOffsets,0,7,0.000404426
binComputeOffsets,0,8,0.000404245
binComputeOffsets,0,9,0.000402912
FFTNUFFT1,0,0,0.231587932
FFTNUFFT1,0,1,0.225889366
FFTNUFFT1,0,2,0.23841242
FFTNUFFT1,0,3,0.22508782
FFTNUFFT1,0,4,0.231810686
FFTNUFFT1,0,5,0.228690466
FFTNUFFT1,0,6,0.230323939
FFTNUFFT1,0,7,0.241916352
FFTNUFFT1,0,8,0.238938589
FFTNUFFT1,0,9,0.240589154
deconvolutionNUFFT1,0,0,0.000800354
deconvolutionNUFFT1,0,1,0.00079304
deconvolutionNUFFT1,0,2,0.000800815
deconvolutionNUFFT1,0,3,0.000796788
deconvolutionNUFFT1,0,4,0.000796236
deconvolutionNUFFT1,0,5,0.000800975
deconvolutionNUFFT1,0,6,0.0007877
deconvolutionNUFFT1,0,7,0.000799713
deconvolutionNUFFT1,0,8,0.000795976
deconvolutionNUFFT1,0,9,0.00079803
GatherPIFNUFFT,0,0,7.580733525
GatherPIFNUFFT,0,1,7.614052242
GatherPIFNUFFT,0,2,7.601467579
GatherPIFNUFFT,0,3,7.592564621
GatherPIFNUFFT,0,4,7.60801565
GatherPIFNUFFT,0,5,7.566665321
GatherPIFNUFFT,0,6,7.568077955
GatherPIFNUFFT,0,7,7.556802338
GatherPIFNUFFT,0,8,7.583479917
GatherPIFNUFFT,0,9,7.570900515
NativeNUFFT2,0,0,2.527976684
NativeNUFFT2,0,1,2.520893848
NativeNUFFT2,0,2,2.510757542
NativeNUFFT2,0,3,2.554351436
NativeNUFFT2,0,4,2.515207305
NativeNUFFT2,0,5,2.523390509
NativeNUFFT2,0,6,2.52468262
NativeNUFFT2,0,7,2.545925778
NativeNUFFT2,0,8,2.509712213
NativeNUFFT2,0,9,2.555784079
NativeNUFFT2,0,10,2.518777419
NativeNUFFT2,0,11,2.496859741
NativeNUFFT2,0,12,2.545175226
NativeNUFFT2,0,13,2.511141239
NativeNUFFT2,0,14,2.530583668
NativeNUFFT2,0,15,2.536791422
NativeNUFFT2,0,16,2.511229659
NativeNUFFT2,0,17,2.49758511
NativeNUFFT2,0,18,2.529464123
NativeNUFFT2,0,19,2.509378846
NativeNUFFT2,0,20,2.508210796
NativeNUFFT2,0,21,2.518325759
NativeNUFFT2,0,22,2.500290894
NativeNUFFT2,0,23,2.517203246
NativeNUFFT2,0,24,2.541697209
NativeNUFFT2,0,25,2.497964649
NativeNUFFT2,0,26,2.522735716
NativeNUFFT2,0,27,2.529675362
NativeNUFFT2,0,28,2.500876864
NativeNUFFT2,0,29,2.519233382
PrecorrectionNUFFT2,0,0,0.001300105
PrecorrectionNUFFT2,0,1,0.001265538
PrecorrectionNUFFT2,0,2,0.001266068
PrecorrectionNUFFT2,0,3,0.001304955
PrecorrectionNUFFT2,0,4,0.001265858
PrecorrectionNUFFT2,0,5,0.001268394
PrecorrectionNUFFT2,0,6,0.001313962
PrecorrectionNUFFT2,0,7,0.001267201
PrecorrectionNUFFT2,0,8,0.001270147
PrecorrectionNUFFT2,0,9,0.00129755
PrecorrectionNUFFT2,0,10,0.001270127
PrecorrectionNUFFT2,0,11,0.001277431
PrecorrectionNUFFT2,0,12,0.001309383
PrecorrectionNUFFT2,0,13,0.001259987
PrecorrectionNUFFT2,0,14,0.001270868
PrecorrectionNUFFT2,0,15,0.001304193
PrecorrectionNUFFT2,0,16,0.001267481
PrecorrectionNUFFT2,0,17,0.001266179
PrecorrectionNUFFT2,0,18,0.001303402
PrecorrectionNUFFT2,0,19,0.0012668
PrecorrectionNUFFT2,0,20,0.001279676
PrecorrectionNUFFT2,0,21,0.001301819
PrecorrectionNUFFT2,0,22,0.001268544
PrecorrectionNUFFT2,0,23,0.001268925
PrecorrectionNUFFT2,0,24,0.001315003
PrecorrectionNUFFT2,0,25,0.001271019
PrecorrectionNUFFT2,0,26,0.001280487
PrecorrectionNUFFT2,0,27,0.001305525
PrecorrectionNUFFT2,0,28,0.00126688
PrecorrectionNUFFT2,0,29,0.001270347
FFTNUFFT2,0,0,0.239622287
FFTNUFFT2,0,1,0.206277929
FFTNUFFT2,0,2,0.187314992
FFTNUFFT2,0,3,0.249305723
FFTNUFFT2,0,4,0.198875414
FFTNUFFT2,0,5,0.199946613
FFTNUFFT2,0,6,0.23959817
FFTNUFFT2,0,7,0.218700675
FFTNUFFT2,0,8,0.202809032
FFTNUFFT2,0,9,0.236813342
FFTNUFFT2,0,10,0.192303199
FFTNUFFT2,0,11,0.199842622
FFTNUFFT2,0,12,0.23995375
FFTNUFFT2,0,13,0.204120519
FFTNUFFT2,0,14,0.211559497
FFTNUFFT2,0,15,0.231756881
FFTNUFFT2,0,16,0.201187633
FFTNUFFT2,0,17,0.20267386
FFTNUFFT2,0,18,0.237627282
FFTNUFFT2,0,19,0.207686234
FFTNUFFT2,0,20,0.208209349
FFTNUFFT2,0,21,0.218304927
FFTNUFFT2,0,22,0.201026319
FFTNUFFT2,0,23,0.211839733
FFTNUFFT2,0,24,0.218714673
FFTNUFFT2,0,25,0.191125933
FFTNUFFT2,0,26,0.210538614
FFTNUFFT2,0,27,0.217945278
FFTNUFFT2,0,28,0.19359134
FFTNUFFT2,0,29,0.201450755
GatherNUFFT2,0,0,2.287043972
GatherNUFFT2,0,1,2.313338128
GatherNUFFT2,0,2,2.322166262
GatherNUFFT2,0,3,2.303730268
GatherNUFFT2,0,4,2.315056786
GatherNUFFT2,0,5,2.322165863
GatherNUFFT2,0,6,2.283758995
GatherNUFFT2,0,7,2.325948503
GatherNUFFT2,0,8,2.305622683
GatherNUFFT2,0,9,2.317662607
GatherNUFFT2,0,10,2.325193694
GatherNUFFT2,0,11,2.295728398
GatherNUFFT2,0,12,2.303899588
GatherNUFFT2,0,13,2.305749159
GatherNUFFT2,0,14,2.317742472
GatherNUFFT2,0,15,2.303719497
GatherNUFFT2,0,16,2.308763984
GatherNUFFT2,0,17,2.293634581
GatherNUFFT2,0,18,2.290522628
GatherNUFFT2,0,19,2.300415812
GatherNUFFT2,0,20,2.298711491
GatherNUFFT2,0,21,2.298709105
GatherNUFFT2,0,22,2.297986382
GatherNUFFT2,0,23,2.304084239
GatherNUFFT2,0,24,2.321656652
GatherNUFFT2,0,25,2.30555394
GatherNUFFT2,0,26,2.310906336
GatherNUFFT2,0,27,2.310414279
GatherNUFFT2,0,28,2.306008914
GatherNUFFT2,0,29,2.31650127
mainTimer,1,0,112.586513241
dumpData,1,0,0.163557824
dumpData,1,1,0.168822527
dumpData,1,2,0.154466526
dumpData,1,3,0.160270499
dumpData,1,4,0.161147944
dumpData,1,5,0.154893317
dumpData,1,6,0.157525238
dumpData,1,7,0.160670677
dumpData,1,8,0.156882659
dumpData,1,9,0.153918873
kick,1,0,0.002062946
kick,1,1,0.002168732
kick,1,2,0.002066644
kick,1,3,0.00216796
kick,1,4,0.002076021
kick,1,5,0.002157149
kick,1,6,0.002056654
kick,1,7,0.002158932
kick,1,8,0.002076172
kick,1,9,0.002159915
kick,1,10,0.002071733
kick,1,11,0.002175595
kick,1,12,0.002056002
kick,1,13,0.00216808
kick,1,14,0.002072305
kick,1,15,0.002146589
kick,1,16,0.002063568
kick,1,17,0.002163673
kick,1,18,0.002079017
kick,1,19,0.002177429
drift,1,0,0.00208007
drift,1,1,0.002094748
drift,1,2,0.002074088
drift,1,3,0.002081352
drift,1,4,0.002094698
drift,1,5,0.002101772
drift,1,6,0.002087243
drift,1,7,0.002079839
drift,1,8,0.002094909
drift,1,9,0.002078015
particleBC,1,0,0.006141588
particleBC,1,1,0.006154111
particleBC,1,2,0.006195703
particleBC,1,3,0.006161526
particleBC,1,4,0.006192426
particleBC,1,5,0.006139904
particleBC,1,6,0.006118373
particleBC,1,7,0.006221152
particleBC,1,8,0.006182417
particleBC,1,9,0.006200613
updateParticle,1,0,0.025579839
updateParticle,1,1,0.025469544
updateParticle,1,2,0.025865312
updateParticle,1,3,0.025645145
updateParticle,1,4,0.025269065
updateParticle,1,5,0.025191825
updateParticle,1,6,0.025125146
updateParticle,1,7,0.025423094
updateParticle,1,8,0.025744078
updateParticle,1,9,0.025126017
locateParticles,1,0,0.006572184
locateParticles,1,1,0.00678631
locateParticles,1,2,0.006604076
locateParticles,1,3,0.006550722
locateParticles,1,4,0.006593946
locateParticles,1,5,0.006625748
locateParticles,1,6,0.006572905
locateParticles,1,7,0.006575329
locateParticles,1,8,0.006546895
locateParticles,1,9,0.006674933
sendPreprocess,1,0,0.002491519
sendPreprocess,1,1,0.002301069
sendPreprocess,1,2,0.002374161
sendPreprocess,1,3,0.002640247
sendPreprocess,1,4,0.00216266
sendPreprocess,1,5,0.00237903
sendPreprocess,1,6,0.002377657
sendPreprocess,1,7,0.002326528
sendPreprocess,1,8,0.002398579
sendPreprocess,1,9,0.002171978
particleSend,1,0,0.001641879
particleSend,1,1,0.001661146
particleSend,1,2,0.001671175
particleSend,1,3,0.001693178
particleSend,1,4,0.002520325
particleSend,1,5,0.001654653
particleSend,1,6,0.001651748
particleSend,1,7,0.00166285
particleSend,1,8,0.001706384
particleSend,1,9,0.001709019
particleRecv,1,0,3.1251e-05
particleRecv,1,1,3.5479e-05
particleRecv,1,2,3.8134e-05
particleRecv,1,3,3.5238e-05
particleRecv,1,4,3.3635e-05
particleRecv,1,5,3.3635e-05
particleRecv,1,6,3.4687e-05
particleRecv,1,7,4.2803e-05
particleRecv,1,8,3.8144e-05
particleRecv,1,9,4.1781e-05
particleDestroy,1,0,0.012595261
particleDestroy,1,1,0.012639887
particleDestroy,1,2,0.012686949
particleDestroy,1,3,0.012628525
particleDestroy,1,4,0.012706688
particleDestroy,1,5,0.012647033
particleDestroy,1,6,0.012656731
particleDestroy,1,7,0.012625128
particleDestroy,1,8,0.012649857
particleDestroy,1,9,0.012614709
ScatterPIFNUFFT,1,0,3.624259486
ScatterPIFNUFFT,1,1,0.002500596
ScatterPIFNUFFT,1,2,3.599626319
ScatterPIFNUFFT,1,3,0.002500827
ScatterPIFNUFFT,1,4,3.629065806
ScatterPIFNUFFT,1,5,0.002511828
ScatterPIFNUFFT,1,6,3.645225094
ScatterPIFNUFFT,1,7,0.002508492
ScatterPIFNUFFT,1,8,3.614801089
ScatterPIFNUFFT,1,9,0.002505316
ScatterPIFNUFFT,1,10,3.59543096
ScatterPIFNUFFT,1,11,0.002505406
ScatterPIFNUFFT,1,12,3.661604975
ScatterPIFNUFFT,1,13,0.002498142
ScatterPIFNUFFT,1,14,3.591689495
ScatterPIFNUFFT,1,15,0.00251269
ScatterPIFNUFFT,1,16,3.597709768
ScatterPIFNUFFT,1,17,0.002505787
ScatterPIFNUFFT,1,18,3.561893238
ScatterPIFNUFFT,1,19,0.002500035
NativeNUFFT1,1,0,3.620705053
NativeNUFFT1,1,1,3.595921923
NativeNUFFT1,1,2,3.625526704
NativeNUFFT1,1,3,3.641659068
NativeNUFFT1,1,4,3.611266223
NativeNUFFT1,1,5,3.591881547
NativeNUFFT1,1,6,3.658046584
NativeNUFFT1,1,7,3.58816998
NativeNUFFT1,1,8,3.594175164
NativeNUFFT1,1,9,3.558370275
scatterTimerNUFFT1,1,0,3.379855694
scatterTimerNUFFT1,1,1,3.362333155
scatterTimerNUFFT1,1,2,3.385944552
scatterTimerNUFFT1,1,3,3.40149023
scatterTimerNUFFT1,1,4,3.37080075
scatterTimerNUFFT1,1,5,3.353874798
scatterTimerNUFFT1,1,6,3.418683411
scatterTimerNUFFT1,1,7,3.345533789
scatterTimerNUFFT1,1,8,3.362440375
scatterTimerNUFFT1,1,9,3.327925302
binSort,1,0,0.013834608
binSort,1,1,0.013834628
binSort,1,2,0.013815321
binSort,1,3,0.013783208
binSort,1,4,0.013843866
binSort,1,5,0.013833887
binSort,1,6,0.01381003
binSort,1,7,0.013838866
binSort,1,8,0.013837404
binSort,1,9,0.013831342
binComputeKeys,1,0,0.001080498
binComputeKeys,1,1,0.001083554
binComputeKeys,1,2,0.001082762
binComputeKeys,1,3,0.001078264
binComputeKeys,1,4,0.001083985
binComputeKeys,1,5,0.001079597
binComputeKeys,1,6,0.001082903
binComputeKeys,1,7,0.001076661
binComputeKeys,1,8,0.001080588
binComputeKeys,1,9,0.001083033
binSortByKey,1,0,0.012372769
binSortByKey,1,1,0.012366286
binSortByKey,1,2,0.012349244
binSortByKey,1,3,0.012320648
binSortByKey,1,4,0.012375675
binSortByKey,1,5,0.012372379
binSortByKey,1,6,0.012343072
binSortByKey,1,7,0.012376867
binSortByKey,1,8,0.01236789
binSortByKey,1,9,0.01236295
binComputeOffsets,1,0,0.000378585
binComputeOffsets,1,1,0.00038146
binComputeOffsets,1,2,0.000380199
binComputeOffsets,1,3,0.00038117
binComputeOffsets,1,4,0.00038071
binComputeOffsets,1,5,0.000378956
binComputeOffsets,1,6,0.00038091
binComputeOffsets,1,7,0.000382183
binComputeOffsets,1,8,0.000384597
binComputeOffsets,1,9,0.000382352
FFTNUFFT1,1,0,0.240245426
FFTNUFFT1,1,1,0.232980749
FFTNUFFT1,1,2,0.23896825
FFTNUFFT1,1,3,0.239569073
FFTNUFFT1,1,4,0.239851262
FFTNUFFT1,1,5,0.237404559
FFTNUFFT1,1,6,0.23875354
FFTNUFFT1,1,7,0.242027599
FFTNUFFT1,1,8,0.231131707
FFTNUFFT1,1,9,0.229827314
deconvolutionNUFFT1,1,0,0.000600566
deconvolutionNUFFT1,1,1,0.000604704
deconvolutionNUFFT1,1,2,0.000610325
deconvolutionNUFFT1,1,3,0.000596248
deconvolutionNUFFT1,1,4,0.000609944
deconvolutionNUFFT1,1,5,0.000598673
deconvolutionNUFFT1,1,6,0.000605816
deconvolutionNUFFT1,1,7,0.000605075
deconvolutionNUFFT1,1,8,0.000599003
deconvolutionNUFFT1,1,9,0.000614223
GatherPIFNUFFT,1,0,7.422708205
GatherPIFNUFFT,1,1,7.448668744
GatherPIFNUFFT,1,2,7.457232473
GatherPIFNUFFT,1,3,7.451910059
GatherPIFNUFFT,1,4,7.456186484
GatherPIFNUFFT,1,5,7.437576449
GatherPIFNUFFT,1,6,7.436386799
GatherPIFNUFFT,1,7,7.428985705
GatherPIFNUFFT,1,8,7.453899281
GatherPIFNUFFT,1,9,7.445812454
NativeNUFFT2,1,0,2.391097673
NativeNUFFT2,1,1,2.508832755
NativeNUFFT2,1,2,2.50254349
NativeNUFFT2,1,3,2.401573488
NativeNUFFT2,1,4,2.507029493
NativeNUFFT2,1,5,2.51979804
NativeNUFFT2,1,6,2.384224668
NativeNUFFT2,1,7,2.530708264
NativeNUFFT2,1,8,2.522101042
NativeNUFFT2,1,9,2.386933506
NativeNUFFT2,1,10,2.521951504
NativeNUFFT2,1,11,2.522327713
NativeNUFFT2,1,12,2.404401531
NativeNUFFT2,1,13,2.52389142
NativeNUFFT2,1,14,2.507678944
NativeNUFFT2,1,15,2.384220086
NativeNUFFT2,1,16,2.51682741
NativeNUFFT2,1,17,2.516269125
NativeNUFFT2,1,18,2.38591113
NativeNUFFT2,1,19,2.525088936
NativeNUFFT2,1,20,2.504984331
NativeNUFFT2,1,21,2.377600119
NativeNUFFT2,1,22,2.503290308
NativeNUFFT2,1,23,2.527930968
NativeNUFFT2,1,24,2.409991455
NativeNUFFT2,1,25,2.498498395
NativeNUFFT2,1,26,2.524929838
NativeNUFFT2,1,27,2.387965941
NativeNUFFT2,1,28,2.519273561
NativeNUFFT2,1,29,2.518331641
PrecorrectionNUFFT2,1,0,0.001084556
PrecorrectionNUFFT2,1,1,0.001059137
PrecorrectionNUFFT2,1,2,0.00105559
PrecorrectionNUFFT2,1,3,0.001087091
PrecorrectionNUFFT2,1,4,0.001052975
PrecorrectionNUFFT2,1,5,0.001046652
PrecorrectionNUFFT2,1,6,0.001091499
PrecorrectionNUFFT2,1,7,0.001056171
PrecorrectionNUFFT2,1,8,0.001052634
PrecorrectionNUFFT2,1,9,0.001139804
PrecorrectionNUFFT2,1,10,0.001090608
PrecorrectionNUFFT2,1,11,0.001081199
PrecorrectionNUFFT2,1,12,0.001084757
PrecorrectionNUFFT2,1,13,0.001054689
PrecorrectionNUFFT2,1,14,0.001064677
PrecorrectionNUFFT2,1,15,0.001093704
PrecorrectionNUFFT2,1,16,0.00105023
PrecorrectionNUFFT2,1,17,0.00112737
PrecorrectionNUFFT2,1,18,0.001117781
PrecorrectionNUFFT2,1,19,0.001090888
PrecorrectionNUFFT2,1,20,0.00108649
PrecorrectionNUFFT2,1,21,0.001085838
PrecorrectionNUFFT2,1,22,0.001049718
PrecorrectionNUFFT2,1,23,0.001051873
PrecorrectionNUFFT2,1,24,0.001126007
PrecorrectionNUFFT2,1,25,0.001090087
PrecorrectionNUFFT2,1,26,0.001087582
PrecorrectionNUFFT2,1,27,0.001084837
PrecorrectionNUFFT2,1,28,0.001060269
PrecorrectionNUFFT2,1,29,0.001044518
FFTNUFFT2,1,0,0.224225774
FFTNUFFT2,1,1,0.348459277
FFTNUFFT2,1,2,0.34292057
FFTNUFFT2,1,3,0.249045177
FFTNUFFT2,1,4,0.354449972
FFTNUFFT2,1,5,0.368334076
FFTNUFFT2,1,6,0.23028839
FFTNUFFT2,1,7,0.370192183
FFTNUFFT2,1,8,0.36026784
FFTNUFFT2,1,9,0.237038769
FFTNUFFT2,1,10,0.357377147
FFTNUFFT2,1,11,0.365736011
FFTNUFFT2,1,12,0.239825271
FFTNUFFT2,1,13,0.351531092
FFTNUFFT2,1,14,0.344556568
FFTNUFFT2,1,15,0.236415609
FFTNUFFT2,1,16,0.354079181
FFTNUFFT2,1,17,0.356641357
FFTNUFFT2,1,18,0.236774086
FFTNUFFT2,1,19,0.355600376
FFTNUFFT2,1,20,0.336363626
FFTNUFFT2,1,21,0.232691917
FFTNUFFT2,1,22,0.353671867
FFTNUFFT2,1,23,0.370448844
FFTNUFFT2,1,24,0.242901174
FFTNUFFT2,1,25,0.343096423
FFTNUFFT2,1,26,0.357671709
FFTNUFFT2,1,27,0.244242289
FFTNUFFT2,1,28,0.355981927
FFTNUFFT2,1,29,0.351320264
GatherNUFFT2,1,0,2.165778705
GatherNUFFT2,1,1,2.159306896
GatherNUFFT2,1,2,2.158556199
GatherNUFFT2,1,3,2.151433345
GatherNUFFT2,1,4,2.151519132
GatherNUFFT2,1,5,2.150408054
GatherNUFFT2,1,6,2.152836493
GatherNUFFT2,1,7,2.159451874
GatherNUFFT2,1,8,2.160772332
GatherNUFFT2,1,9,2.148747108
GatherNUFFT2,1,10,2.163475963
GatherNUFFT2,1,11,2.155502326
GatherNUFFT2,1,12,2.163483447
GatherNUFFT2,1,13,2.171296341
GatherNUFFT2,1,14,2.162049623
GatherNUFFT2,1,15,2.146702707
GatherNUFFT2,1,16,2.161688762
GatherNUFFT2,1,17,2.158492142
GatherNUFFT2,1,18,2.148011949
GatherNUFFT2,1,19,2.168389365
GatherNUFFT2,1,20,2.167524876
GatherNUFFT2,1,21,2.143813225
GatherNUFFT2,1,22,2.148560386
GatherNUFFT2,1,23,2.156418258
GatherNUFFT2,1,24,2.165954956
GatherNUFFT2,1,25,2.154304071
GatherNUFFT2,1,26,2.166162611
GatherNUFFT2,1,27,2.142630609
GatherNUFFT2,1,28,2.162223931
GatherNUFFT2,1,29,2.165957951
mainTimer,2,0,112.58651275
dumpData,2,0,0.146477321
dumpData,2,1,0.140200612
dumpData,2,2,0.141998193
dumpData,2,3,0.147654247
dumpData,2,4,0.14661054
dumpData,2,5,0.144537946
dumpData,2,6,0.148177694
dumpData,2,7,0.145773205
dumpData,2,8,0.148927399
dumpData,2,9,0.14617827
kick,2,0,0.002065652
kick,2,1,0.002143342
kick,2,2,0.002064069
kick,2,3,0.002140598
kick,2,4,0.002059329
kick,2,5,0.002149014
kick,2,6,0.002073106
kick,2,7,0.002155506
kick,2,8,0.002055512
kick,2,9,0.002118404
kick,2,10,0.002077485
kick,2,11,0.002133303
kick,2,12,0.002062725
kick,2,13,0.002149545
kick,2,14,0.002052707
kick,2,15,0.002120508
kick,2,16,0.002056033
kick,2,17,0.002165205
kick,2,18,0.002044831
kick,2,19,0.002151519
drift,2,0,0.002092804
drift,2,1,0.002082925
drift,2,2,0.002086362
drift,2,3,0.002088135
drift,2,4,0.002107694
drift,2,5,0.002101
drift,2,6,0.002079649
drift,2,7,0.002068707
drift,2,8,0.002091172
drift,2,9,0.002086072
particleBC,2,0,0.006148641
particleBC,2,1,0.006151486
particleBC,2,2,0.006151498
particleBC,2,3,0.00619955
particleBC,2,4,0.006232214
particleBC,2,5,0.006159623
particleBC,2,6,0.006218827
particleBC,2,7,0.006174391
particleBC,2,8,0.006129073
particleBC,2,9,0.006203909
updateParticle,2,0,0.025963233
updateParticle,2,1,0.025811348
updateParticle,2,2,0.025672337
updateParticle,2,3,0.025970256
updateParticle,2,4,0.025338881
updateParticle,2,5,0.025268143
updateParticle,2,6,0.025154763
updateParticle,2,7,0.025751262
updateParticle,2,8,0.025947925
updateParticle,2,9,0.025389038
locateParticles,2,0,0.006668241
locateParticles,2,1,0.0066575
locateParticles,2,2,0.00665788
locateParticles,2,3,0.006706384
locateParticles,2,4,0.006666236
locateParticles,2,5,0.006666848
locateParticles,2,6,0.006678601
locateParticles,2,7,0.006711144
locateParticles,2,8,0.006711946
locateParticles,2,9,0.006746072
sendPreprocess,2,0,0.002369783
sendPreprocess,2,1,0.00244573
sendPreprocess,2,2,0.00236833
sendPreprocess,2,3,0.002421162
sendPreprocess,2,4,0.002057335
sendPreprocess,2,5,0.002312521
sendPreprocess,2,6,0.002170676
sendPreprocess,2,7,0.002267123
sendPreprocess,2,8,0.00229647
sendPreprocess,2,9,0.002121891
particleSend,2,0,0.001721813
particleSend,2,1,0.00178129
particleSend,2,2,0.001719309
particleSend,2,3,0.002632643
particleSend,2,4,0.001713418
particleSend,2,5,0.001738987
particleSend,2,6,0.001792712
particleSend,2,7,0.001796429
particleSend,2,8,0.001731593
particleSend,2,9,0.001728097
particleRecv,2,0,3.8976e-05
particleRecv,2,1,3.7072e-05
particleRecv,2,2,3.8885e-05
particleRecv,2,3,4.0599e-05
particleRecv,2,4,3.7172e-05
particleRecv,2,5,4.0919e-05
particleRecv,2,6,3.7863e-05
particleRecv,2,7,4.0058e-05
particleRecv,2,8,4.0529e-05
particleRecv,2,9,3.9036e-05
particleDestroy,2,0,0.012764851
particleDestroy,2,1,0.012800168
particleDestroy,2,2,0.012778857
particleDestroy,2,3,0.012834776
particleDestroy,2,4,0.012786894
particleDestroy,2,5,0.012793336
particleDestroy,2,6,0.012809968
particleDestroy,2,7,0.012822412
particleDestroy,2,8,0.01275411
particleDestroy,2,9,0.012744681
ScatterPIFNUFFT,2,0,3.61156879
ScatterPIFNUFFT,2,1,0.00250769
ScatterPIFNUFFT,2,2,3.592978918
ScatterPIFNUFFT,2,3,0.002509874
ScatterPIFNUFFT,2,4,3.631412774
ScatterPIFNUFFT,2,5,0.002505736
ScatterPIFNUFFT,2,6,3.633113352
ScatterPIFNUFFT,2,7,0.002499684
ScatterPIFNUFFT,2,8,3.605994154
ScatterPIFNUFFT,2,9,0.002510095
ScatterPIFNUFFT,2,10,3.585901173
ScatterPIFNUFFT,2,11,0.002506578
ScatterPIFNUFFT,2,12,3.650439521
ScatterPIFNUFFT,2,13,0.002511408
ScatterPIFNUFFT,2,14,3.593856603
ScatterPIFNUFFT,2,15,0.002500637
ScatterPIFNUFFT,2,16,3.608042045
ScatterPIFNUFFT,2,17,0.002516196
ScatterPIFNUFFT,2,18,3.575027946
ScatterPIFNUFFT,2,19,0.002506719
NativeNUFFT1,2,0,3.608012343
NativeNUFFT1,2,1,3.589432411
NativeNUFFT1,2,2,3.627844816
NativeNUFFT1,2,3,3.629583025
NativeNUFFT1,2,4,3.602467897
NativeNUFFT1,2,5,3.582347251
NativeNUFFT1,2,6,3.646879377
NativeNUFFT1,2,7,3.590303394
NativeNUFFT1,2,8,3.604490226
NativeNUFFT1,2,9,3.571483321
scatterTimerNUFFT1,2,0,3.381223239
scatterTimerNUFFT1,2,1,3.363991375
scatterTimerNUFFT1,2,2,3.387450096
scatterTimerNUFFT1,2,3,3.402809873
scatterTimerNUFFT1,2,4,3.372002975
scatterTimerNUFFT1,2,5,3.355462882
scatterTimerNUFFT1,2,6,3.420030016
scatterTimerNUFFT1,2,7,3.346750212
scatterTimerNUFFT1,2,8,3.363550551
scatterTimerNUFFT1,2,9,3.32893368
binSort,2,0,0.01387158
binSort,2,1,0.013867872
binSort,2,2,0.01388178
binSort,2,3,0.013824227
binSort,2,4,0.013893522
binSort,2,5,0.013898743
binSort,2,6,0.0138509
binSort,2,7,0.013899243
binSort,2,8,0.013901608
binSort,2,9,0.013929452
binComputeKeys,2,0,0.001068405
binComputeKeys,2,1,0.001066231
binComputeKeys,2,2,0.001067063
binComputeKeys,2,3,0.001063675
binComputeKeys,2,4,0.001063776
binComputeKeys,2,5,0.001072092
binComputeKeys,2,6,0.001059818
binComputeKeys,2,7,0.0010659
binComputeKeys,2,8,0.001070358
binComputeKeys,2,9,0.001063917
binSortByKey,2,0,0.012420151
binSortByKey,2,1,0.012418287
binSortByKey,2,2,0.012433848
binSortByKey,2,3,0.012380303
binSortByKey,2,4,0.012447845
binSortByKey,2,5,0.012443196
binSortByKey,2,6,0.012414039
binSortByKey,2,7,0.012455409
binSortByKey,2,8,0.012448447
binSortByKey,2,9,0.012481871
binComputeOffsets,2,0,0.000379988
binComputeOffsets,2,1,0.000379897
binComputeOffsets,2,2,0.000377533
binComputeOffsets,2,3,0.000376992
binComputeOffsets,2,4,0.000378274
binComputeOffsets,2,5,0.000380288
binComputeOffsets,2,6,0.000373826
binComputeOffsets,2,7,0.000374758
binComputeOffsets,2,8,0.000377974
binComputeOffsets,2,9,0.000380128
FFTNUFFT1,2,0,0.226180742
FFTNUFFT1,2,1,0.224839577
FFTNUFFT1,2,2,0.239785297
FFTNUFFT1,2,3,0.226164551
FFTNUFFT1,2,4,0.229855489
FFTNUFFT1,2,5,0.226291177
FFTNUFFT1,2,6,0.226242141
FFTNUFFT1,2,7,0.242949909
FFTNUFFT1,2,8,0.240338357
FFTNUFFT1,2,9,0.241949115
deconvolutionNUFFT1,2,0,0.000604214
deconvolutionNUFFT1,2,1,0.00059734
deconvolutionNUFFT1,2,2,0.000605856
deconvolutionNUFFT1,2,3,0.000604454
deconvolutionNUFFT1,2,4,0.000604374
deconvolutionNUFFT1,2,5,0.000589224
deconvolutionNUFFT1,2,6,0.000603201
deconvolutionNUFFT1,2,7,0.000598963
deconvolutionNUFFT1,2,8,0.000595998
deconvolutionNUFFT1,2,9,0.000596309
GatherPIFNUFFT,2,0,7.452048758
GatherPIFNUFFT,2,1,7.48472622
GatherPIFNUFFT,2,2,7.467588785
GatherPIFNUFFT,2,3,7.476285147
GatherPIFNUFFT,2,4,7.479441498
GatherPIFNUFFT,2,5,7.45739597
GatherPIFNUFFT,2,6,7.456764114
GatherPIFNUFFT,2,7,7.441489449
GatherPIFNUFFT,2,8,7.451345251
GatherPIFNUFFT,2,9,7.440179464
NativeNUFFT2,2,0,2.416665758
NativeNUFFT2,2,1,2.51109092
NativeNUFFT2,2,2,2.504105655
NativeNUFFT2,2,3,2.434053989
NativeNUFFT2,2,4,2.507402467
NativeNUFFT2,2,5,2.523049385
NativeNUFFT2,2,6,2.410869686
NativeNUFFT2,2,7,2.52990271
NativeNUFFT2,2,8,2.506376213
NativeNUFFT2,2,9,2.422903633
NativeNUFFT2,2,10,2.518036741
NativeNUFFT2,2,11,2.514956548
NativeNUFFT2,2,12,2.419301027
NativeNUFFT2,2,13,2.527674298
NativeNUFFT2,2,14,2.512053741
NativeNUFFT2,2,15,2.418853557
NativeNUFFT2,2,16,2.513490731
NativeNUFFT2,2,17,2.504512935
NativeNUFFT2,2,18,2.417982386
NativeNUFFT2,2,19,2.512712941
NativeNUFFT2,2,20,2.505649853
NativeNUFFT2,2,21,2.401539892
NativeNUFFT2,2,22,2.503530895
NativeNUFFT2,2,23,2.516135651
NativeNUFFT2,2,24,2.407072746
NativeNUFFT2,2,25,2.516532639
NativeNUFFT2,2,26,2.50728529
NativeNUFFT2,2,27,2.401418927
NativeNUFFT2,2,28,2.500815384
NativeNUFFT2,2,29,2.517477844
PrecorrectionNUFFT2,2,0,0.001085918
PrecorrectionNUFFT2,2,1,0.001070379
PrecorrectionNUFFT2,2,2,0.00106583
PrecorrectionNUFFT2,2,3,0.001074847
PrecorrectionNUFFT2,2,4,0.001063675
PrecorrectionNUFFT2,2,5,0.001060069
PrecorrectionNUFFT2,2,6,0.001131899
PrecorrectionNUFFT2,2,7,0.001116839
PrecorrectionNUFFT2,2,8,0.001100468
PrecorrectionNUFFT2,2,9,0.001121117
PrecorrectionNUFFT2,2,10,0.001091831
PrecorrectionNUFFT2,2,11,0.001092732
PrecorrectionNUFFT2,2,12,0.001111669
PrecorrectionNUFFT2,2,13,0.001106709
PrecorrectionNUFFT2,2,14,0.00109621
PrecorrectionNUFFT2,2,15,0.001115446
PrecorrectionNUFFT2,2,16,0.001102321
PrecorrectionNUFFT2,2,17,0.001088715
PrecorrectionNUFFT2,2,18,0.001123221
PrecorrectionNUFFT2,2,19,0.001090578
PrecorrectionNUFFT2,2,20,0.001097151
PrecorrectionNUFFT2,2,21,0.001083695
PrecorrectionNUFFT2,2,22,0.001064528
PrecorrectionNUFFT2,2,23,0.001058636
PrecorrectionNUFFT2,2,24,0.001120526
PrecorrectionNUFFT2,2,25,0.001105137
PrecorrectionNUFFT2,2,26,0.001097501
PrecorrectionNUFFT2,2,27,0.001124553
PrecorrectionNUFFT2,2,28,0.001093143
PrecorrectionNUFFT2,2,29,0.00110216
FFTNUFFT2,2,0,0.244708375
FFTNUFFT2,2,1,0.324088598
FFTNUFFT2,2,2,0.317142478
FFTNUFFT2,2,3,0.252302002
FFTNUFFT2,2,4,0.317673849
FFTNUFFT2,2,5,0.330761787
FFTNUFFT2,2,6,0.240132568
FFTNUFFT2,2,7,0.330693935
FFTNUFFT2,2,8,0.333650317
FFTNUFFT2,2,9,0.235564225
FFTNUFFT2,2,10,0.324442585
FFTNUFFT2,2,11,0.334422056
FFTNUFFT2,2,12,0.239538565
FFTNUFFT2,2,13,0.334141982
FFTNUFFT2,2,14,0.322032975
FFTNUFFT2,2,15,0.236337497
FFTNUFFT2,2,16,0.318974976
FFTNUFFT2,2,17,0.322616689
FFTNUFFT2,2,18,0.238734924
FFTNUFFT2,2,19,0.324601704
FFTNUFFT2,2,20,0.31880173
FFTNUFFT2,2,21,0.218956192
FFTNUFFT2,2,22,0.317093951
FFTNUFFT2,2,23,0.326910911
FFTNUFFT2,2,24,0.219044393
FFTNUFFT2,2,25,0.325863213
FFTNUFFT2,2,26,0.321297738
FFTNUFFT2,2,27,0.218504214
FFTNUFFT2,2,28,0.318257673
FFTNUFFT2,2,29,0.330849538
GatherNUFFT2,2,0,2.170860634
GatherNUFFT2,2,1,2.185922626
GatherNUFFT2,2,2,2.18588861
GatherNUFFT2,2,3,2.180668342
GatherNUFFT2,2,4,2.188655824
GatherNUFFT2,2,5,2.191219854
GatherNUFFT2,2,6,2.169595039
GatherNUFFT2,2,7,2.19808336
GatherNUFFT2,2,8,2.171616853
GatherNUFFT2,2,9,2.186210124
GatherNUFFT2,2,10,2.192493448
GatherNUFFT2,2,11,2.179432361
GatherNUFFT2,2,12,2.178641256
GatherNUFFT2,2,13,2.192414905
GatherNUFFT2,2,14,2.18891566
GatherNUFFT2,2,15,2.181391626
GatherNUFFT2,2,16,2.19340104
GatherNUFFT2,2,17,2.180798233
GatherNUFFT2,2,18,2.178114822
GatherNUFFT2,2,19,2.187010869
GatherNUFFT2,2,20,2.185739681
GatherNUFFT2,2,21,2.181490478
GatherNUFFT2,2,22,2.185362989
GatherNUFFT2,2,23,2.188156807
GatherNUFFT2,2,24,2.186897257
GatherNUFFT2,2,25,2.18955452
GatherNUFFT2,2,26,2.184880013
GatherNUFFT2,2,27,2.181779479
GatherNUFFT2,2,28,2.181454298
GatherNUFFT2,2,29,2.185516126
mainTimer,3,0,112.586511737
dumpData,3,0,0.281288165
dumpData,3,1,0.277966033
dumpData,3,2,0.278944533
dumpData,3,3,0.282040846
dumpData,3,4,0.282946277
dumpData,3,5,0.280120929
dumpData,3,6,0.283116006
dumpData,3,7,0.276807085
dumpData,3,8,0.281007731
dumpData,3,9,0.274814572
kick,3,0,0.001952922
kick,3,1,0.002044881
kick,3,2,0.001952431
kick,3,3,0.002024792
kick,3,4,0.00195148
kick,3,5,0.002038089
kick,3,6,0.001950979
kick,3,7,0.002017348
kick,3,8,0.001945608
kick,3,9,0.002031796
kick,3,10,0.001947241
kick,3,11,0.002018089
kick,3,12,0.001935779
kick,3,13,0.002014172
kick,3,14,0.001943665
kick,3,15,0.00203364
kick,3,16,0.001957672
kick,3,17,0.002031996
kick,3,18,0.001946119
kick,3,19,0.002011016
drift,3,0,0.001956259
drift,3,1,0.001949517
drift,3,2,0.001948423
drift,3,3,0.00196214
drift,3,4,0.00194671
drift,3,5,0.001936281
drift,3,6,0.001957342
drift,3,7,0.001948273
drift,3,8,0.001946621
drift,3,9,0.001960848
particleBC,3,0,0.005806888
particleBC,3,1,0.005796817
particleBC,3,2,0.005801778
particleBC,3,3,0.005855371
particleBC,3,4,0.005779003
particleBC,3,5,0.005824381
particleBC,3,6,0.005798021
particleBC,3,7,0.00578226
particleBC,3,8,0.005814332
particleBC,3,9,0.005759206
updateParticle,3,0,0.025838391
updateParticle,3,1,0.026176878
updateParticle,3,2,0.026395923
updateParticle,3,3,0.0264512
updateParticle,3,4,0.025941631
updateParticle,3,5,0.025780589
updateParticle,3,6,0.025763946
updateParticle,3,7,0.026269999
updateParticle,3,8,0.025761432
updateParticle,3,9,0.0259517
locateParticles,3,0,0.006584588
locateParticles,3,1,0.006596531
locateParticles,3,2,0.006592423
locateParticles,3,3,0.006610188
locateParticles,3,4,0.007042558
locateParticles,3,5,0.006542626
locateParticles,3,6,0.006599196
locateParticles,3,7,0.006559148
locateParticles,3,8,0.006580811
locateParticles,3,9,0.00655475
sendPreprocess,3,0,0.003044473
sendPreprocess,3,1,0.003107986
sendPreprocess,3,2,0.003029965
sendPreprocess,3,3,0.003109679
sendPreprocess,3,4,0.002406384
sendPreprocess,3,5,0.003067617
sendPreprocess,3,6,0.002919369
sendPreprocess,3,7,0.003041597
sendPreprocess,3,8,0.002988074
sendPreprocess,3,9,0.002982663
particleSend,3,0,0.001605568
particleSend,3,1,0.001605278
particleSend,3,2,0.001600678
particleSend,3,3,0.001601791
particleSend,3,4,0.001604957
particleSend,3,5,0.001603955
particleSend,3,6,0.00159654
particleSend,3,7,0.001598555
particleSend,3,8,0.001600509
particleSend,3,9,0.001608103
particleRecv,3,0,3.4787e-05
particleRecv,3,1,3.3746e-05
particleRecv,3,2,3.8966e-05
particleRecv,3,3,3.7062e-05
particleRecv,3,4,3.5419e-05
particleRecv,3,5,3.6591e-05
particleRecv,3,6,3.8435e-05
particleRecv,3,7,3.9497e-05
particleRecv,3,8,3.9707e-05
particleRecv,3,9,3.6902e-05
particleDestroy,3,0,0.012631561
particleDestroy,3,1,0.012503452
particleDestroy,3,2,0.012586694
particleDestroy,3,3,0.012547889
particleDestroy,3,4,0.012577016
particleDestroy,3,5,0.012508834
particleDestroy,3,6,0.012596254
particleDestroy,3,7,0.012536988
particleDestroy,3,8,0.012457945
particleDestroy,3,9,0.01256431
ScatterPIFNUFFT,3,0,3.625408668
ScatterPIFNUFFT,3,1,0.002505686
ScatterPIFNUFFT,3,2,3.604407765
ScatterPIFNUFFT,3,3,0.002513883
ScatterPIFNUFFT,3,4,3.617786511
ScatterPIFNUFFT,3,5,0.002504113
ScatterPIFNUFFT,3,6,3.645953569
ScatterPIFNUFFT,3,7,0.002501698
ScatterPIFNUFFT,3,8,3.616644669
ScatterPIFNUFFT,3,9,0.002508973
ScatterPIFNUFFT,3,10,3.596604309
ScatterPIFNUFFT,3,11,0.00251288
ScatterPIFNUFFT,3,12,3.661709739
ScatterPIFNUFFT,3,13,0.002503301
ScatterPIFNUFFT,3,14,3.579154842
ScatterPIFNUFFT,3,15,0.002506448
ScatterPIFNUFFT,3,16,3.594738628
ScatterPIFNUFFT,3,17,0.002512419
ScatterPIFNUFFT,3,18,3.562875484
ScatterPIFNUFFT,3,19,0.002508601
NativeNUFFT1,3,0,3.621995549
NativeNUFFT1,3,1,3.600989977
NativeNUFFT1,3,2,3.614375016
NativeNUFFT1,3,3,3.642578263
NativeNUFFT1,3,4,3.613273783
NativeNUFFT1,3,5,3.59319079
NativeNUFFT1,3,6,3.658313823
NativeNUFFT1,3,7,3.575773555
NativeNUFFT1,3,8,3.591350688
NativeNUFFT1,3,9,3.559512724
scatterTimerNUFFT1,3,0,3.380782574
scatterTimerNUFFT1,3,1,3.362776856
scatterTimerNUFFT1,3,2,3.386071849
scatterTimerNUFFT1,3,3,3.401544645
scatterTimerNUFFT1,3,4,3.370824766
scatterTimerNUFFT1,3,5,3.354233616
scatterTimerNUFFT1,3,6,3.41897632
scatterTimerNUFFT1,3,7,3.345767714
scatterTimerNUFFT1,3,8,3.363302129
scatterTimerNUFFT1,3,9,3.327808495
binSort,3,0,0.012967304
binSort,3,1,0.013043532
binSort,3,2,0.013319949
binSort,3,3,0.013014996
binSort,3,4,0.012981862
binSort,3,5,0.013325369
binSort,3,6,0.012952375
binSort,3,7,0.013011639
binSort,3,8,0.012977334
binSort,3,9,0.01295513
binComputeKeys,3,0,0.000955125
binComputeKeys,3,1,0.000949314
binComputeKeys,3,2,0.000956688
binComputeKeys,3,3,0.000951257
binComputeKeys,3,4,0.000956988
binComputeKeys,3,5,0.000948632
binComputeKeys,3,6,0.000954674
binComputeKeys,3,7,0.000954944
binComputeKeys,3,8,0.000956638
binComputeKeys,3,9,0.000951879
binSortByKey,3,0,0.011637581
binSortByKey,3,1,0.011739209
binSortByKey,3,2,0.011996478
binSortByKey,3,3,0.011695283
binSortByKey,3,4,0.011659184
binSortByKey,3,5,0.012009163
binSortByKey,3,6,0.011626409
binSortByKey,3,7,0.011702056
binSortByKey,3,8,0.011651238
binSortByKey,3,9,0.011634785
binComputeOffsets,3,0,0.000371622
binComputeOffsets,3,1,0.000351953
binComputeOffsets,3,2,0.000363506
binComputeOffsets,3,3,0.000364909
binComputeOffsets,3,4,0.000362334
binComputeOffsets,3,5,0.000364107
binComputeOffsets,3,6,0.000367964
binComputeOffsets,3,7,0.000351442
binComputeOffsets,3,8,0.00036543
binComputeOffsets,3,9,0.000365189
FFTNUFFT1,3,0,0.240617048
FFTNUFFT1,3,1,0.237603937
FFTNUFFT1,3,2,0.227690468
FFTNUFFT1,3,3,0.240440726
FFTNUFFT1,3,4,0.241841356
FFTNUFFT1,3,5,0.238354504
FFTNUFFT1,3,6,0.238741906
FFTNUFFT1,3,7,0.229401026
FFTNUFFT1,3,8,0.227434797
FFTNUFFT1,3,9,0.231095998
deconvolutionNUFFT1,3,0,0.00059212
deconvolutionNUFFT1,3,1,0.000605686
deconvolutionNUFFT1,3,2,0.000608682
deconvolutionNUFFT1,3,3,0.000589014
deconvolutionNUFFT1,3,4,0.000603322
deconvolutionNUFFT1,3,5,0.000598863
deconvolutionNUFFT1,3,6,0.00059184
deconvolutionNUFFT1,3,7,0.000600877
deconvolutionNUFFT1,3,8,0.000609293
deconvolutionNUFFT1,3,9,0.000604504
GatherPIFNUFFT,3,0,7.304268215
GatherPIFNUFFT,3,1,7.33586584
GatherPIFNUFFT,3,2,7.344272335
GatherPIFNUFFT,3,3,7.329310039
GatherPIFNUFFT,3,4,7.332722778
GatherPIFNUFFT,3,5,7.311344616
GatherPIFNUFFT,3,6,7.310780361
GatherPIFNUFFT,3,7,7.325360126
GatherPIFNUFFT,3,8,7.333482862
GatherPIFNUFFT,3,9,7.323943384
NativeNUFFT2,3,0,2.26623525
NativeNUFFT2,3,1,2.512787476
NativeNUFFT2,3,2,2.505588373
NativeNUFFT2,3,3,2.289616579
NativeNUFFT2,3,4,2.506080319
NativeNUFFT2,3,5,2.520496708
NativeNUFFT2,3,6,2.286584422
NativeNUFFT2,3,7,2.529409272
NativeNUFFT2,3,8,2.508713433
NativeNUFFT2,3,9,2.279996426
NativeNUFFT2,3,10,2.513703585
NativeNUFFT2,3,11,2.51605954
NativeNUFFT2,3,12,2.277454049
NativeNUFFT2,3,13,2.524641347
NativeNUFFT2,3,14,2.510986559
NativeNUFFT2,3,15,2.275274585
NativeNUFFT2,3,16,2.511288604
NativeNUFFT2,3,17,2.505170171
NativeNUFFT2,3,18,2.274710208
NativeNUFFT2,3,19,2.511040944
NativeNUFFT2,3,20,2.505440066
NativeNUFFT2,3,21,2.281298934
NativeNUFFT2,3,22,2.505724073
NativeNUFFT2,3,23,2.518688519
NativeNUFFT2,3,24,2.291877388
NativeNUFFT2,3,25,2.512627524
NativeNUFFT2,3,26,2.509526933
NativeNUFFT2,3,27,2.282189955
NativeNUFFT2,3,28,2.502780541
NativeNUFFT2,3,29,2.519517214
PrecorrectionNUFFT2,3,0,0.001135796
PrecorrectionNUFFT2,3,1,0.001295937
PrecorrectionNUFFT2,3,2,0.001091359
PrecorrectionNUFFT2,3,3,0.001126668
PrecorrectionNUFFT2,3,4,0.001113563
PrecorrectionNUFFT2,3,5,0.00109128
PrecorrectionNUFFT2,3,6,0.001122379
PrecorrectionNUFFT2,3,7,0.001084005
PrecorrectionNUFFT2,3,8,0.001101038
PrecorrectionNUFFT2,3,9,0.00113244
PrecorrectionNUFFT2,3,10,0.00107604
PrecorrectionNUFFT2,3,11,0.001083955
PrecorrectionNUFFT2,3,12,0.001119414
PrecorrectionNUFFT2,3,13,0.001087763
PrecorrectionNUFFT2,3,14,0.001091319
PrecorrectionNUFFT2,3,15,0.001123151
PrecorrectionNUFFT2,3,16,0.001083824
PrecorrectionNUFFT2,3,17,0.001085518
PrecorrectionNUFFT2,3,18,0.001140385
PrecorrectionNUFFT2,3,19,0.00108142
PrecorrectionNUFFT2,3,20,0.001099476
PrecorrectionNUFFT2,3,21,0.001124353
PrecorrectionNUFFT2,3,22,0.001094355
PrecorrectionNUFFT2,3,23,0.001088514
PrecorrectionNUFFT2,3,24,0.001092902
PrecorrectionNUFFT2,3,25,0.001045921
PrecorrectionNUFFT2,3,26,0.001054818
PrecorrectionNUFFT2,3,27,0.001082331
PrecorrectionNUFFT2,3,28,0.001050881
PrecorrectionNUFFT2,3,29,0.001054729
FFTNUFFT2,3,0,0.220656122
FFTNUFFT2,3,1,0.473741917
FFTNUFFT2,3,2,0.464537711
FFTNUFFT2,3,3,0.25224436
FFTNUFFT2,3,4,0.463818014
FFTNUFFT2,3,5,0.478549244
FFTNUFFT2,3,6,0.242990157
FFTNUFFT2,3,7,0.47944364
FFTNUFFT2,3,8,0.470757801
FFTNUFFT2,3,9,0.237370744
FFTNUFFT2,3,10,0.464961855
FFTNUFFT2,3,11,0.482025354
FFTNUFFT2,3,12,0.241624866
FFTNUFFT2,3,13,0.478281623
FFTNUFFT2,3,14,0.47057716
FFTNUFFT2,3,15,0.236451569
FFTNUFFT2,3,16,0.463415382
FFTNUFFT2,3,17,0.471722976
FFTNUFFT2,3,18,0.239926497
FFTNUFFT2,3,19,0.468052989
FFTNUFFT2,3,20,0.464147013
FFTNUFFT2,3,21,0.246384319
FFTNUFFT2,3,22,0.463445086
FFTNUFFT2,3,23,0.478271035
FFTNUFFT2,3,24,0.247732127
FFTNUFFT2,3,25,0.466274634
FFTNUFFT2,3,26,0.467687207
FFTNUFFT2,3,27,0.244369417
FFTNUFFT2,3,28,0.46187013
FFTNUFFT2,3,29,0.474148798
GatherNUFFT2,3,0,2.044433582
GatherNUFFT2,3,1,2.037741567
GatherNUFFT2,3,2,2.039950626
GatherNUFFT2,3,3,2.036235682
GatherNUFFT2,3,4,2.041140827
GatherNUFFT2,3,5,2.040847357
GatherNUFFT2,3,6,2.042461374
GatherNUFFT2,3,7,2.048873822
GatherNUFFT2,3,8,2.036846497
GatherNUFFT2,3,9,2.041484896
GatherNUFFT2,3,10,2.047657525
GatherNUFFT2,3,11,2.032942376
GatherNUFFT2,3,12,2.034700952
GatherNUFFT2,3,13,2.045262292
GatherNUFFT2,3,14,2.039309792
GatherNUFFT2,3,15,2.037691679
GatherNUFFT2,3,16,2.046779639
GatherNUFFT2,3,17,2.032353642
GatherNUFFT2,3,18,2.033634389
GatherNUFFT2,3,19,2.041897798
GatherNUFFT2,3,20,2.040182696
GatherNUFFT2,3,21,2.033780102
GatherNUFFT2,3,22,2.041175854
GatherNUFFT2,3,23,2.039320734
GatherNUFFT2,3,24,2.043043642
GatherNUFFT2,3,25,2.045297762
GatherNUFFT2,3,26,2.040772934
GatherNUFFT2,3,27,2.03672976
GatherNUFFT2,3,28,2.039850943
GatherNUFFT2,3,29,2.044305162
mainTimer,4,0,112.586511437
dumpData,4,0,0.023190818
dumpData,4,1,0.021160105
dumpData,4,2,0.025054458
dumpData,4,3,0.021988633
dumpData,4,4,0.026879432
dumpData,4,5,0.022613538
dumpData,4,6,0.022751455
dumpData,4,7,0.020200591
dumpData,4,8,0.025981538
dumpData,4,9,0.029842406
kick,4,0,0.002290087
kick,4,1,0.002386895
kick,4,2,0.002285548
kick,4,3,0.002408848
kick,4,4,0.002303253
kick,4,5,0.002406503
kick,4,6,0.002310598
kick,4,7,0.002412114
kick,4,8,0.002286199
kick,4,9,0.00237407
kick,4,10,0.00230187
kick,4,11,0.002393118
kick,4,12,0.002298814
kick,4,13,0.002412165
kick,4,14,0.002273816
kick,4,15,0.002375534
kick,4,16,0.002267854
kick,4,17,0.002402897
kick,4,18,0.002282643
kick,4,19,0.002391254
drift,4,0,0.002255661
drift,4,1,0.002269358
drift,4,2,0.002252835
drift,4,3,0.002246944
drift,4,4,0.002263256
drift,4,5,0.002259158
drift,4,6,0.002247816
drift,4,7,0.002233337
drift,4,8,0.002233217
drift,4,9,0.002248146
particleBC,4,0,0.006619505
particleBC,4,1,0.006639083
particleBC,4,2,0.006627151
particleBC,4,3,0.00661127
particleBC,4,4,0.006598765
particleBC,4,5,0.006632029
particleBC,4,6,0.006579117
particleBC,4,7,0.006584978
particleBC,4,8,0.006588395
particleBC,4,9,0.006604137
updateParticle,4,0,0.025188549
updateParticle,4,1,0.025079106
updateParticle,4,2,0.025132299
updateParticle,4,3,0.025139012
updateParticle,4,4,0.024593333
updateParticle,4,5,0.024495613
updateParticle,4,6,0.024533166
updateParticle,4,7,0.025099085
updateParticle,4,8,0.025484264
updateParticle,4,9,0.024603732
locateParticles,4,0,0.006699171
locateParticles,4,1,0.006737444
locateParticles,4,2,0.006738176
locateParticles,4,3,0.006736393
locateParticles,4,4,0.006685013
locateParticles,4,5,0.00669877
locateParticles,4,6,0.006703469
locateParticles,4,7,0.006732726
locateParticles,4,8,0.006720332
locateParticles,4,9,0.00671966
sendPreprocess,4,0,0.001477479
sendPreprocess,4,1,0.001471839
sendPreprocess,4,2,0.001401302
sendPreprocess,4,3,0.001581401
sendPreprocess,4,4,0.001287891
sendPreprocess,4,5,0.001426831
sendPreprocess,4,6,0.001381793
sendPreprocess,4,7,0.001447661
sendPreprocess,4,8,0.001474504
sendPreprocess,4,9,0.001347758
particleSend,4,0,0.002696476
particleSend,4,1,0.001789165
particleSend,4,2,0.002060161
particleSend,4,3,0.001772933
particleSend,4,4,0.001775588
particleSend,4,5,0.001771691
particleSend,4,6,0.001857187
particleSend,4,7,0.001785878
particleSend,4,8,0.002721375
particleSend,4,9,0.001782001
particleRecv,4,0,4.4597e-05
particleRecv,4,1,3.9888e-05
particleRecv,4,2,4.102e-05
particleRecv,4,3,4.0649e-05
particleRecv,4,4,4.2373e-05
particleRecv,4,5,4.093e-05
particleRecv,4,6,4.2322e-05
particleRecv,4,7,3.7483e-05
particleRecv,4,8,4.6871e-05
particleRecv,4,9,4.3704e-05
particleDestroy,4,0,0.012855687
particleDestroy,4,1,0.012883691
particleDestroy,4,2,0.012819276
particleDestroy,4,3,0.012847882
particleDestroy,4,4,0.012807564
particleDestroy,4,5,0.012832101
particleDestroy,4,6,0.012860707
particleDestroy,4,7,0.01296552
particleDestroy,4,8,0.013076205
particleDestroy,4,9,0.012899181
ScatterPIFNUFFT,4,0,3.614232132
ScatterPIFNUFFT,4,1,0.002502911
ScatterPIFNUFFT,4,2,3.600364061
ScatterPIFNUFFT,4,3,0.002499565
ScatterPIFNUFFT,4,4,3.629441206
ScatterPIFNUFFT,4,5,0.002511357
ScatterPIFNUFFT,4,6,3.634792132
ScatterPIFNUFFT,4,7,0.002503853
ScatterPIFNUFFT,4,8,3.615765211
ScatterPIFNUFFT,4,9,0.002501939
ScatterPIFNUFFT,4,10,3.589006995
ScatterPIFNUFFT,4,11,0.002499073
ScatterPIFNUFFT,4,12,3.6565407
ScatterPIFNUFFT,4,13,0.002499995
ScatterPIFNUFFT,4,14,3.586700316
ScatterPIFNUFFT,4,15,0.002501709
ScatterPIFNUFFT,4,16,3.608395131
ScatterPIFNUFFT,4,17,0.002501407
ScatterPIFNUFFT,4,18,3.570247061
ScatterPIFNUFFT,4,19,0.002507811
NativeNUFFT1,4,0,3.610463152
NativeNUFFT1,4,1,3.596494575
NativeNUFFT1,4,2,3.625687366
NativeNUFFT1,4,3,3.631046869
NativeNUFFT1,4,4,3.612002965
NativeNUFFT1,4,5,3.585254938
NativeNUFFT1,4,6,3.65276624
NativeNUFFT1,4,7,3.582971865
NativeNUFFT1,4,8,3.604601282
NativeNUFFT1,4,9,3.566499974
scatterTimerNUFFT1,4,0,3.381617385
scatterTimerNUFFT1,4,1,3.364208667
scatterTimerNUFFT1,4,2,3.388190454
scatterTimerNUFFT1,4,3,3.40350365
scatterTimerNUFFT1,4,4,3.373162066
scatterTimerNUFFT1,4,5,3.356001308
scatterTimerNUFFT1,4,6,3.42075796
scatterTimerNUFFT1,4,7,3.347428119
scatterTimerNUFFT1,4,8,3.364258595
scatterTimerNUFFT1,4,9,3.329938582
binSort,4,0,0.014748122
binSort,4,1,0.014727823
binSort,4,2,0.014722864
binSort,4,3,0.014689659
binSort,4,4,0.0146801
binSort,4,5,0.014686933
binSort,4,6,0.014697845
binSort,4,7,0.014703465
binSort,4,8,0.014725298
binSort,4,9,0.014724215
binComputeKeys,4,0,0.001162077
binComputeKeys,4,1,0.001168188
binComputeKeys,4,2,0.001165173
binComputeKeys,4,3,0.001162678
binComputeKeys,4,4,0.001156315
binComputeKeys,4,5,0.001165523
binComputeKeys,4,6,0.001159922
binComputeKeys,4,7,0.001161235
binComputeKeys,4,8,0.001163841
binComputeKeys,4,9,0.001165153
binSortByKey,4,0,0.013189054
binSortByKey,4,1,0.013161099
binSortByKey,4,2,0.013157393
binSortByKey,4,3,0.013128166
binSortByKey,4,4,0.013124719
binSortByKey,4,5,0.013122875
binSortByKey,4,6,0.013137554
binSortByKey,4,7,0.013145019
binSortByKey,4,8,0.01316063
binSortByKey,4,9,0.013159978
binComputeOffsets,4,0,0.000394165
binComputeOffsets,4,1,0.000395167
binComputeOffsets,4,2,0.000397021
binComputeOffsets,4,3,0.000395307
binComputeOffsets,4,4,0.000395017
binComputeOffsets,4,5,0.000395358
binComputeOffsets,4,6,0.00039695
binComputeOffsets,4,7,0.000393945
binComputeOffsets,4,8,0.000395729
binComputeOffsets,4,9,0.000395809
FFTNUFFT1,4,0,0.228027709
FFTNUFFT1,4,1,0.231484272
FFTNUFFT1,4,2,0.236681989
FFTNUFFT1,4,3,0.226729878
FFTNUFFT1,4,4,0.23802272
FFTNUFFT1,4,5,0.228436944
FFTNUFFT1,4,6,0.231193688
FFTNUFFT1,4,7,0.234632797
FFTNUFFT1,4,8,0.23952554
FFTNUFFT1,4,9,0.235740758
deconvolutionNUFFT1,4,0,0.000813941
deconvolutionNUFFT1,4,1,0.000797719
deconvolutionNUFFT1,4,2,0.000810654
deconvolutionNUFFT1,4,3,0.000809222
deconvolutionNUFFT1,4,4,0.000813379
deconvolutionNUFFT1,4,5,0.000812798
deconvolutionNUFFT1,4,6,0.000810685
deconvolutionNUFFT1,4,7,0.000907062
deconvolutionNUFFT1,4,8,0.000811937
deconvolutionNUFFT1,4,9,0.000816687
GatherPIFNUFFT,4,0,7.572340564
GatherPIFNUFFT,4,1,7.595927663
GatherPIFNUFFT,4,2,7.585869407
GatherPIFNUFFT,4,3,7.599995613
GatherPIFNUFFT,4,4,7.58915471
GatherPIFNUFFT,4,5,7.575849918
GatherPIFNUFFT,4,6,7.575450724
GatherPIFNUFFT,4,7,7.5738007
GatherPIFNUFFT,4,8,7.573355846
GatherPIFNUFFT,4,9,7.560986492
NativeNUFFT2,4,0,2.535874212
NativeNUFFT2,4,1,2.509010099
NativeNUFFT2,4,2,2.506111249
NativeNUFFT2,4,3,2.549799075
NativeNUFFT2,4,4,2.498036037
NativeNUFFT2,4,5,2.52693403
NativeNUFFT2,4,6,2.538744598
NativeNUFFT2,4,7,2.522540112
NativeNUFFT2,4,8,2.503414612
NativeNUFFT2,4,9,2.545885504
NativeNUFFT2,4,10,2.515620477
NativeNUFFT2,4,11,2.517216867
NativeNUFFT2,4,12,2.538658108
NativeNUFFT2,4,13,2.520268114
NativeNUFFT2,4,14,2.508823889
NativeNUFFT2,4,15,2.538134321
NativeNUFFT2,4,16,2.51479307
NativeNUFFT2,4,17,2.501749188
NativeNUFFT2,4,18,2.54227392
NativeNUFFT2,4,19,2.504928463
NativeNUFFT2,4,20,2.507164755
NativeNUFFT2,4,21,2.534940095
NativeNUFFT2,4,22,2.499976753
NativeNUFFT2,4,23,2.517552043
NativeNUFFT2,4,24,2.519277839
NativeNUFFT2,4,25,2.529828872
NativeNUFFT2,4,26,2.503147394
NativeNUFFT2,4,27,2.529755418
NativeNUFFT2,4,28,2.500037163
NativeNUFFT2,4,29,2.510023366
PrecorrectionNUFFT2,4,0,0.001330093
PrecorrectionNUFFT2,4,1,0.001287049
PrecorrectionNUFFT2,4,2,0.001295957
PrecorrectionNUFFT2,4,3,0.001301347
PrecorrectionNUFFT2,4,4,0.001281529
PrecorrectionNUFFT2,4,5,0.001270598
PrecorrectionNUFFT2,4,6,0.001309413
PrecorrectionNUFFT2,4,7,0.001270267
PrecorrectionNUFFT2,4,8,0.001272632
PrecorrectionNUFFT2,4,9,0.001304353
PrecorrectionNUFFT2,4,10,0.001267011
PrecorrectionNUFFT2,4,11,0.001273093
PrecorrectionNUFFT2,4,12,0.00131781
PrecorrectionNUFFT2,4,13,0.001288302
PrecorrectionNUFFT2,4,14,0.001286849
PrecorrectionNUFFT2,4,15,0.001309353
PrecorrectionNUFFT2,4,16,0.001267632
PrecorrectionNUFFT2,4,17,0.001276539
PrecorrectionNUFFT2,4,18,0.001302119
PrecorrectionNUFFT2,4,19,0.001283453
PrecorrectionNUFFT2,4,20,0.001274095
PrecorrectionNUFFT2,4,21,0.001293803
PrecorrectionNUFFT2,4,22,0.001273272
PrecorrectionNUFFT2,4,23,0.001263133
PrecorrectionNUFFT2,4,24,0.001309042
PrecorrectionNUFFT2,4,25,0.001274285
PrecorrectionNUFFT2,4,26,0.001267702
PrecorrectionNUFFT2,4,27,0.001301428
PrecorrectionNUFFT2,4,28,0.001268333
PrecorrectionNUFFT2,4,29,0.001273182
FFTNUFFT2,4,0,0.244721961
FFTNUFFT2,4,1,0.208402705
FFTNUFFT2,4,2,0.201608902
FFTNUFFT2,4,3,0.240075707
FFTNUFFT2,4,4,0.196395027
FFTNUFFT2,4,5,0.228102144
FFTNUFFT2,4,6,0.237936923
FFTNUFFT2,4,7,0.205256085
FFTNUFFT2,4,8,0.202181343
FFTNUFFT2,4,9,0.235874187
FFTNUFFT2,4,10,0.205021999
FFTNUFFT2,4,11,0.214174856
FFTNUFFT2,4,12,0.227305267
FFTNUFFT2,4,13,0.220544196
FFTNUFFT2,4,14,0.203959707
FFTNUFFT2,4,15,0.237547808
FFTNUFFT2,4,16,0.198074738
FFTNUFFT2,4,17,0.201373104
FFTNUFFT2,4,18,0.240760157
FFTNUFFT2,4,19,0.198608134
FFTNUFFT2,4,20,0.194630058
FFTNUFFT2,4,21,0.224514235
FFTNUFFT2,4,22,0.19005423
FFTNUFFT2,4,23,0.208293324
FFTNUFFT2,4,24,0.223457093
FFTNUFFT2,4,25,0.217225961
FFTNUFFT2,4,26,0.197776428
FFTNUFFT2,4,27,0.222655214
FFTNUFFT2,4,28,0.19930648
FFTNUFFT2,4,29,0.205797096
GatherNUFFT2,4,0,2.289809834
GatherNUFFT2,4,1,2.299311016
GatherNUFFT2,4,2,2.303196241
GatherNUFFT2,4,3,2.308412111
GatherNUFFT2,4,4,2.300349643
GatherNUFFT2,4,5,2.297550257
GatherNUFFT2,4,6,2.299488012
GatherNUFFT2,4,7,2.31600358
GatherNUFFT2,4,8,2.299949826
GatherNUFFT2,4,9,2.308697485
GatherNUFFT2,4,10,2.309320507
GatherNUFFT2,4,11,2.30175924
GatherNUFFT2,4,12,2.310025174
GatherNUFFT2,4,13,2.298423062
GatherNUFFT2,4,14,2.303568394
GatherNUFFT2,4,15,2.299267861
GatherNUFFT2,4,16,2.315440401
GatherNUFFT2,4,17,2.299090026
GatherNUFFT2,4,18,2.300200373
GatherNUFFT2,4,19,2.305023119
GatherNUFFT2,4,20,2.311250072
GatherNUFFT2,4,21,2.309122027
GatherNUFFT2,4,22,2.30863842
GatherNUFFT2,4,23,2.307985386
GatherNUFFT2,4,24,2.294500152
GatherNUFFT2,4,25,2.311317494
GatherNUFFT2,4,26,2.304093514
GatherNUFFT2,4,27,2.305788476
GatherNUFFT2,4,28,2.299452961
GatherNUFFT2,4,29,2.302942457
mainTimer,5,0,112.586511197
dumpData,5,0,0.164086981
dumpData,5,1,0.158421337
dumpData,5,2,0.160738376
dumpData,5,3,0.162952507
dumpData,5,4,0.163111456
dumpData,5,5,0.157744835
dumpData,5,6,0.165046965
dumpData,5,7,0.167636075
dumpData,5,8,0.170925501
dumpData,5,9,0.161456863
kick,5,0,0.002066644
kick,5,1,0.002151419
kick,5,2,0.002055993
kick,5,3,0.00216282
kick,5,4,0.002070901
kick,5,5,0.002150146
kick,5,6,0.002065943
kick,5,7,0.00215734
kick,5,8,0.002063417
kick,5,9,0.00214168
kick,5,10,0.002050192
kick,5,11,0.002176156
kick,5,12,0.002064659
kick,5,13,0.002161969
kick,5,14,0.002062115
kick,5,15,0.002154564
kick,5,16,0.002060252
kick,5,17,0.002153211
kick,5,18,0.002093535
kick,5,19,0.002156107
drift,5,0,0.002094358
drift,5,1,0.002101562
drift,5,2,0.002078747
drift,5,3,0.002078737
drift,5,4,0.002083998
drift,5,5,0.002094006
drift,5,6,0.002110148
drift,5,7,0.002067225
drift,5,8,0.002090811
drift,5,9,0.002085219
particleBC,5,0,0.006172457
particleBC,5,1,0.006161706
particleBC,5,2,0.006144724
particleBC,5,3,0.006143622
particleBC,5,4,0.006103774
particleBC,5,5,0.00617922
particleBC,5,6,0.006191905
particleBC,5,7,0.006152438
particleBC,5,8,0.006156125
particleBC,5,9,0.006154343
updateParticle,5,0,0.025721273
updateParticle,5,1,0.025571301
updateParticle,5,2,0.025919768
updateParticle,5,3,0.025666065
updateParticle,5,4,0.025298262
updateParticle,5,5,0.025061993
updateParticle,5,6,0.025000764
updateParticle,5,7,0.025703749
updateParticle,5,8,0.025812571
updateParticle,5,9,0.025141638
locateParticles,5,0,0.00669348
locateParticles,5,1,0.006830806
locateParticles,5,2,0.006651016
locateParticles,5,3,0.006666647
locateParticles,5,4,0.006623714
locateParticles,5,5,0.006668461
locateParticles,5,6,0.006692367
locateParticles,5,7,0.006691436
locateParticles,5,8,0.006689382
locateParticles,5,9,0.006753155
sendPreprocess,5,0,0.002318292
sendPreprocess,5,1,0.002253276
sendPreprocess,5,2,0.002379121
sendPreprocess,5,3,0.002534712
sendPreprocess,5,4,0.002246653
sendPreprocess,5,5,0.002326779
sendPreprocess,5,6,0.002151698
sendPreprocess,5,7,0.00230169
sendPreprocess,5,8,0.002289657
sendPreprocess,5,9,0.002118153
particleSend,5,0,0.0016373
particleSend,5,1,0.001626629
particleSend,5,2,0.002834314
particleSend,5,3,0.001631769
particleSend,5,4,0.001636819
particleSend,5,5,0.001637451
particleSend,5,6,0.001641889
particleSend,5,7,0.001645306
particleSend,5,8,0.001643111
particleSend,5,9,0.001640686
particleRecv,5,0,6.8794e-05
particleRecv,5,1,3.3175e-05
particleRecv,5,2,3.6321e-05
particleRecv,5,3,3.6591e-05
particleRecv,5,4,3.7363e-05
particleRecv,5,5,3.5189e-05
particleRecv,5,6,3.8124e-05
particleRecv,5,7,4.125e-05
particleRecv,5,8,3.4197e-05
particleRecv,5,9,3.5269e-05
particleDestroy,5,0,0.012720555
particleDestroy,5,1,0.012726976
particleDestroy,5,2,0.012812282
particleDestroy,5,3,0.012734942
particleDestroy,5,4,0.012729532
particleDestroy,5,5,0.0127538
particleDestroy,5,6,0.012713692
particleDestroy,5,7,0.012776042
particleDestroy,5,8,0.012957184
particleDestroy,5,9,0.012738469
ScatterPIFNUFFT,5,0,3.626436614
ScatterPIFNUFFT,5,1,0.002506779
ScatterPIFNUFFT,5,2,3.613160794
ScatterPIFNUFFT,5,3,0.002508853
ScatterPIFNUFFT,5,4,3.619402679
ScatterPIFNUFFT,5,5,0.002512379
ScatterPIFNUFFT,5,6,3.646477376
ScatterPIFNUFFT,5,7,0.002511367
ScatterPIFNUFFT,5,8,3.615240783
ScatterPIFNUFFT,5,9,0.002502661
ScatterPIFNUFFT,5,10,3.594834202
ScatterPIFNUFFT,5,11,0.002510276
ScatterPIFNUFFT,5,12,3.662446218
ScatterPIFNUFFT,5,13,0.002501618
ScatterPIFNUFFT,5,14,3.57839212
ScatterPIFNUFFT,5,15,0.002517088
ScatterPIFNUFFT,5,16,3.601499469
ScatterPIFNUFFT,5,17,0.002506057
ScatterPIFNUFFT,5,18,3.563039373
ScatterPIFNUFFT,5,19,0.002515154
NativeNUFFT1,5,0,3.622913001
NativeNUFFT1,5,1,3.609551504
NativeNUFFT1,5,2,3.615843407
NativeNUFFT1,5,3,3.642928473
NativeNUFFT1,5,4,3.611691159
NativeNUFFT1,5,5,3.591293225
NativeNUFFT1,5,6,3.658879963
NativeNUFFT1,5,7,3.574863277
NativeNUFFT1,5,8,3.59797821
NativeNUFFT1,5,9,3.559513005
scatterTimerNUFFT1,5,0,3.380921364
scatterTimerNUFFT1,5,1,3.363573092
scatterTimerNUFFT1,5,2,3.386955115
scatterTimerNUFFT1,5,3,3.402754496
scatterTimerNUFFT1,5,4,3.372016421
scatterTimerNUFFT1,5,5,3.355253145
scatterTimerNUFFT1,5,6,3.419943098
scatterTimerNUFFT1,5,7,3.346594731
scatterTimerNUFFT1,5,8,3.363686004
scatterTimerNUFFT1,5,9,3.328911688
binSort,5,0,0.013851571
binSort,5,1,0.013850999
binSort,5,2,0.013824419
binSort,5,3,0.013872872
binSort,5,4,0.01384565
binSort,5,5,0.013820972
binSort,5,6,0.013862783
binSort,5,7,0.013883924
binSort,5,8,0.013877742
binSort,5,9,0.013847684
binComputeKeys,5,0,0.001068495
binComputeKeys,5,1,0.00107066
binComputeKeys,5,2,0.001065008
binComputeKeys,5,3,0.001073725
binComputeKeys,5,4,0.001056241
binComputeKeys,5,5,0.001058666
binComputeKeys,5,6,0.001069246
binComputeKeys,5,7,0.001067463
binComputeKeys,5,8,0.001058796
binComputeKeys,5,9,0.0010606
binSortByKey,5,0,0.01240421
binSortByKey,5,1,0.012402296
binSortByKey,5,2,0.01237789
binSortByKey,5,3,0.012417726
binSortByKey,5,4,0.012408889
binSortByKey,5,5,0.012377489
binSortByKey,5,6,0.012415021
binSortByKey,5,7,0.01243493
binSortByKey,5,8,0.012443266
binSortByKey,5,9,0.012407968
binComputeOffsets,5,0,0.000375749
binComputeOffsets,5,1,0.000375139
binComputeOffsets,5,2,0.000378315
binComputeOffsets,5,3,0.000378265
binComputeOffsets,5,4,0.000377192
binComputeOffsets,5,5,0.000381471
binComputeOffsets,5,6,0.000375029
binComputeOffsets,5,7,0.000378175
binComputeOffsets,5,8,0.000371251
binComputeOffsets,5,9,0.00037598
FFTNUFFT1,5,0,0.24138562
FFTNUFFT1,5,1,0.24538022
FFTNUFFT1,5,2,0.228279752
FFTNUFFT1,5,3,0.23956196
FFTNUFFT1,5,4,0.239069042
FFTNUFFT1,5,5,0.235431568
FFTNUFFT1,5,6,0.238329816
FFTNUFFT1,5,7,0.227665375
FFTNUFFT1,5,8,0.233687171
FFTNUFFT1,5,9,0.22999478
deconvolutionNUFFT1,5,0,0.000602691
deconvolutionNUFFT1,5,1,0.000594635
deconvolutionNUFFT1,5,2,0.000605136
deconvolutionNUFFT1,5,3,0.000608522
deconvolutionNUFFT1,5,4,0.000601889
deconvolutionNUFFT1,5,5,0.000604945
deconvolutionNUFFT1,5,6,0.000603533
deconvolutionNUFFT1,5,7,0.000599304
deconvolutionNUFFT1,5,8,0.000601288
deconvolutionNUFFT1,5,9,0.00060292
GatherPIFNUFFT,5,0,7.41980678
GatherPIFNUFFT,5,1,7.446543766
GatherPIFNUFFT,5,2,7.460618128
GatherPIFNUFFT,5,3,7.447969034
GatherPIFNUFFT,5,4,7.452815699
GatherPIFNUFFT,5,5,7.435433988
GatherPIFNUFFT,5,6,7.428037574
GatherPIFNUFFT,5,7,7.435129317
GatherPIFNUFFT,5,8,7.436037281
GatherPIFNUFFT,5,9,7.437130954
NativeNUFFT2,5,0,2.383898842
NativeNUFFT2,5,1,2.511175434
NativeNUFFT2,5,2,2.504531752
NativeNUFFT2,5,3,2.39838155
NativeNUFFT2,5,4,2.504869368
NativeNUFFT2,5,5,2.523076287
NativeNUFFT2,5,6,2.403694671
NativeNUFFT2,5,7,2.52754975
NativeNUFFT2,5,8,2.50911378
NativeNUFFT2,5,9,2.394014778
NativeNUFFT2,5,10,2.516746073
NativeNUFFT2,5,11,2.516909952
NativeNUFFT2,5,12,2.390187286
NativeNUFFT2,5,13,2.530626089
NativeNUFFT2,5,14,2.511613185
NativeNUFFT2,5,15,2.39365054
NativeNUFFT2,5,16,2.511185534
NativeNUFFT2,5,17,2.510223975
NativeNUFFT2,5,18,2.392230463
NativeNUFFT2,5,19,2.502649036
NativeNUFFT2,5,20,2.512918469
NativeNUFFT2,5,21,2.39891249
NativeNUFFT2,5,22,2.505067429
NativeNUFFT2,5,23,2.510843532
NativeNUFFT2,5,24,2.39934053
NativeNUFFT2,5,25,2.514554628
NativeNUFFT2,5,26,2.501838582
NativeNUFFT2,5,27,2.398116184
NativeNUFFT2,5,28,2.502706496
NativeNUFFT2,5,29,2.516088185
PrecorrectionNUFFT2,5,0,0.001088454
PrecorrectionNUFFT2,5,1,0.001059548
PrecorrectionNUFFT2,5,2,0.001056663
PrecorrectionNUFFT2,5,3,0.001086551
PrecorrectionNUFFT2,5,4,0.001057033
PrecorrectionNUFFT2,5,5,0.001052093
PrecorrectionNUFFT2,5,6,0.001082352
PrecorrectionNUFFT2,5,7,0.001061041
PrecorrectionNUFFT2,5,8,0.001045431
PrecorrectionNUFFT2,5,9,0.001082632
PrecorrectionNUFFT2,5,10,0.001058746
PrecorrectionNUFFT2,5,11,0.001052935
PrecorrectionNUFFT2,5,12,0.001128201
PrecorrectionNUFFT2,5,13,0.001090688
PrecorrectionNUFFT2,5,14,0.001082963
PrecorrectionNUFFT2,5,15,0.001122791
PrecorrectionNUFFT2,5,16,0.00109676
PrecorrectionNUFFT2,5,17,0.001093163
PrecorrectionNUFFT2,5,18,0.001082422
PrecorrectionNUFFT2,5,19,0.001051993
PrecorrectionNUFFT2,5,20,0.001065189
PrecorrectionNUFFT2,5,21,0.001084316
PrecorrectionNUFFT2,5,22,0.001051973
PrecorrectionNUFFT2,5,23,0.00106087
PrecorrectionNUFFT2,5,24,0.001090799
PrecorrectionNUFFT2,5,25,0.001044117
PrecorrectionNUFFT2,5,26,0.001054549
PrecorrectionNUFFT2,5,27,0.00108629
PrecorrectionNUFFT2,5,28,0.001046523
PrecorrectionNUFFT2,5,29,0.001047103
FFTNUFFT2,5,0,0.225507404
FFTNUFFT2,5,1,0.361844502
FFTNUFFT2,5,2,0.355434232
FFTNUFFT2,5,3,0.233876148
FFTNUFFT2,5,4,0.354293468
FFTNUFFT2,5,5,0.372053058
FFTNUFFT2,5,6,0.24887184
FFTNUFFT2,5,7,0.360062441
FFTNUFFT2,5,8,0.360315343
FFTNUFFT2,5,9,0.242715524
FFTNUFFT2,5,10,0.35562856
FFTNUFFT2,5,11,0.367217507
FFTNUFFT2,5,12,0.236632621
FFTNUFFT2,5,13,0.380398215
FFTNUFFT2,5,14,0.359886009
FFTNUFFT2,5,15,0.245091579
FFTNUFFT2,5,16,0.346893486
FFTNUFFT2,5,17,0.357756352
FFTNUFFT2,5,18,0.227228557
FFTNUFFT2,5,19,0.35820228
FFTNUFFT2,5,20,0.359763932
FFTNUFFT2,5,21,0.245381923
FFTNUFFT2,5,22,0.355001721
FFTNUFFT2,5,23,0.366965449
FFTNUFFT2,5,24,0.247749491
FFTNUFFT2,5,25,0.355038285
FFTNUFFT2,5,26,0.358726137
FFTNUFFT2,5,27,0.242612445
FFTNUFFT2,5,28,0.352422644
FFTNUFFT2,5,29,0.364070255
GatherNUFFT2,5,0,2.157294959
GatherNUFFT2,5,1,2.148263228
GatherNUFFT2,5,2,2.14803236
GatherNUFFT2,5,3,2.163410136
GatherNUFFT2,5,4,2.149511132
GatherNUFFT2,5,5,2.149963361
GatherNUFFT2,5,6,2.153731562
GatherNUFFT2,5,7,2.166419014
GatherNUFFT2,5,8,2.147744961
GatherNUFFT2,5,9,2.150208516
GatherNUFFT2,5,10,2.160049389
GatherNUFFT2,5,11,2.148631222
GatherNUFFT2,5,12,2.152417557
GatherNUFFT2,5,13,2.149128089
GatherNUFFT2,5,14,2.150633623
GatherNUFFT2,5,15,2.147428416
GatherNUFFT2,5,16,2.16318577
GatherNUFFT2,5,17,2.151364791
GatherNUFFT2,5,18,2.163911137
GatherNUFFT2,5,19,2.143386498
GatherNUFFT2,5,20,2.152080151
GatherNUFFT2,5,21,2.152437936
GatherNUFFT2,5,22,2.149006001
GatherNUFFT2,5,23,2.142808276
GatherNUFFT2,5,24,2.150491685
GatherNUFFT2,5,25,2.158463949
GatherNUFFT2,5,26,2.142045093
GatherNUFFT2,5,27,2.154408683
GatherNUFFT2,5,28,2.149228333
GatherNUFFT2,5,29,2.150962009
mainTimer,6,0,112.586509474
dumpData,6,0,0.178612871
dumpData,6,1,0.158351562
dumpData,6,2,0.174562645
dumpData,6,3,0.159237342
dumpData,6,4,0.164068596
dumpData,6,5,0.175454428
dumpData,6,6,0.170144775
dumpData,6,7,0.176501713
dumpData,6,8,0.178963281
dumpData,6,9,0.157648436
kick,6,0,0.002089598
kick,6,1,0.002166808
kick,6,2,0.002071894
kick,6,3,0.002154044
kick,6,4,0.002076893
kick,6,5,0.002150787
kick,6,6,0.002071774
kick,6,7,0.002174593
kick,6,8,0.002072816
kick,6,9,0.0021884
kick,6,10,0.002067675
kick,6,11,0.002133494
kick,6,12,0.002070591
kick,6,13,0.002164964
kick,6,14,0.002074659
kick,6,15,0.002156127
kick,6,16,0.002081553
kick,6,17,0.002146218
kick,6,18,0.002058267
kick,6,19,0.002173652
drift,6,0,0.002042497
drift,6,1,0.00205971
drift,6,2,0.002063347
drift,6,3,0.002060382
drift,6,4,0.00207511
drift,6,5,0.002059419
drift,6,6,0.002056935
drift,6,7,0.002050983
drift,6,8,0.002087084
drift,6,9,0.002056924
particleBC,6,0,0.006143561
particleBC,6,1,0.006171385
particleBC,6,2,0.006128663
particleBC,6,3,0.006159352
particleBC,6,4,0.006205482
particleBC,6,5,0.00615821
particleBC,6,6,0.006144744
particleBC,6,7,0.006186976
particleBC,6,8,0.006141397
particleBC,6,9,0.006179241
updateParticle,6,0,0.025748145
updateParticle,6,1,0.025999393
updateParticle,6,2,0.026001607
updateParticle,6,3,0.026045332
updateParticle,6,4,0.025045451
updateParticle,6,5,0.025209159
updateParticle,6,6,0.025188999
updateParticle,6,7,0.025882887
updateParticle,6,8,0.025976079
updateParticle,6,9,0.025234788
locateParticles,6,0,0.006777834
locateParticles,6,1,0.006733397
locateParticles,6,2,0.006732124
locateParticles,6,3,0.006746102
locateParticles,6,4,0.006791339
locateParticles,6,5,0.006753806
locateParticles,6,6,0.006758716
locateParticles,6,7,0.006766852
locateParticles,6,8,0.006773526
locateParticles,6,9,0.006746452
sendPreprocess,6,0,0.00229133
sendPreprocess,6,1,0.002367158
sendPreprocess,6,2,0.002325957
sendPreprocess,6,3,0.002454687
sendPreprocess,6,4,0.001976539
sendPreprocess,6,5,0.002279497
sendPreprocess,6,6,0.002179422
sendPreprocess,6,7,0.002197538
sendPreprocess,6,8,0.002202798
sendPreprocess,6,9,0.002163041
particleSend,6,0,0.001651247
particleSend,6,1,0.002647782
particleSend,6,2,0.00185924
particleSend,6,3,0.002637493
particleSend,6,4,0.001727666
particleSend,6,5,0.001672699
particleSend,6,6,0.001682618
particleSend,6,7,0.002686308
particleSend,6,8,0.001727775
particleSend,6,9,0.001663742
particleRecv,6,0,3.095e-05
particleRecv,6,1,3.5409e-05
particleRecv,6,2,3.7272e-05
particleRecv,6,3,3.4677e-05
particleRecv,6,4,3.564e-05
particleRecv,6,5,3.4016e-05
particleRecv,6,6,3.2974e-05
particleRecv,6,7,3.9297e-05
particleRecv,6,8,3.4968e-05
particleRecv,6,9,3.3465e-05
particleDestroy,6,0,0.012918138
particleDestroy,6,1,0.012906666
particleDestroy,6,2,0.012875164
particleDestroy,6,3,0.01289372
particleDestroy,6,4,0.012951564
particleDestroy,6,5,0.012855838
particleDestroy,6,6,0.012916135
particleDestroy,6,7,0.012924951
particleDestroy,6,8,0.012855136
particleDestroy,6,9,0.013031678
ScatterPIFNUFFT,6,0,3.613990803
ScatterPIFNUFFT,6,1,0.002518782
ScatterPIFNUFFT,6,2,3.601260021
ScatterPIFNUFFT,6,3,0.002502961
ScatterPIFNUFFT,6,4,3.630434144
ScatterPIFNUFFT,6,5,0.002513712
ScatterPIFNUFFT,6,6,3.634006827
ScatterPIFNUFFT,6,7,0.002504313
ScatterPIFNUFFT,6,8,3.616980231
ScatterPIFNUFFT,6,9,0.002512119
ScatterPIFNUFFT,6,10,3.586999756
ScatterPIFNUFFT,6,11,0.002504103
ScatterPIFNUFFT,6,12,3.654122534
ScatterPIFNUFFT,6,13,0.002502941
ScatterPIFNUFFT,6,14,3.587353134
ScatterPIFNUFFT,6,15,0.002493152
ScatterPIFNUFFT,6,16,3.607798231
ScatterPIFNUFFT,6,17,0.00250781
ScatterPIFNUFFT,6,18,3.570076148
ScatterPIFNUFFT,6,19,0.002505095
NativeNUFFT1,6,0,3.610437513
NativeNUFFT1,6,1,3.597709706
NativeNUFFT1,6,2,3.626893508
NativeNUFFT1,6,3,3.6304555
NativeNUFFT1,6,4,3.613440917
NativeNUFFT1,6,5,3.583471214
NativeNUFFT1,6,6,3.650599111
NativeNUFFT1,6,7,3.583837947
NativeNUFFT1,6,8,3.604285839
NativeNUFFT1,6,9,3.566511506
scatterTimerNUFFT1,6,0,3.382683756
scatterTimerNUFFT1,6,1,3.364971188
scatterTimerNUFFT1,6,2,3.388678552
scatterTimerNUFFT1,6,3,3.40413699
scatterTimerNUFFT1,6,4,3.373923784
scatterTimerNUFFT1,6,5,3.356881728
scatterTimerNUFFT1,6,6,3.421632909
scatterTimerNUFFT1,6,7,3.348130754
scatterTimerNUFFT1,6,8,3.365264319
scatterTimerNUFFT1,6,9,3.329948551
binSort,6,0,0.013795883
binSort,6,1,0.013833426
binSort,6,2,0.013861901
binSort,6,3,0.013834206
binSort,6,4,0.013801384
binSort,6,5,0.01383583
binSort,6,6,0.013788919
binSort,6,7,0.01380486
binSort,6,8,0.013803959
binSort,6,9,0.013811102
binComputeKeys,6,0,0.001067313
binComputeKeys,6,1,0.001064838
binComputeKeys,6,2,0.00106585
binComputeKeys,6,3,0.001060239
binComputeKeys,6,4,0.001066872
binComputeKeys,6,5,0.001067944
binComputeKeys,6,6,0.001061752
binComputeKeys,6,7,0.00106599
binComputeKeys,6,8,0.001069407
binComputeKeys,6,9,0.001061241
binSortByKey,6,0,0.012344434
binSortByKey,6,1,0.012381045
binSortByKey,6,2,0.012412166
binSortByKey,6,3,0.012387117
binSortByKey,6,4,0.012350907
binSortByKey,6,5,0.012377829
binSortByKey,6,6,0.012339866
binSortByKey,6,7,0.012355686
binSortByKey,6,8,0.012346678
binSortByKey,6,9,0.01235805
binComputeOffsets,6,0,0.00038114
binComputeOffsets,6,1,0.000384306
binComputeOffsets,6,2,0.000380139
binComputeOffsets,6,3,0.000382673
binComputeOffsets,6,4,0.000380438
binComputeOffsets,6,5,0.000386461
binComputeOffsets,6,6,0.000383725
binComputeOffsets,6,7,0.000379838
binComputeOffsets,6,8,0.000383024
binComputeOffsets,6,9,0.000388244
FFTNUFFT1,6,0,0.227140717
FFTNUFFT1,6,1,0.232141939
FFTNUFFT1,6,2,0.237601364
FFTNUFFT1,6,3,0.225699688
FFTNUFFT1,6,4,0.238897539
FFTNUFFT1,6,5,0.225982167
FFTNUFFT1,6,6,0.228359754
FFTNUFFT1,6,7,0.235100886
FFTNUFFT1,6,8,0.238409893
FFTNUFFT1,6,9,0.23595268
deconvolutionNUFFT1,6,0,0.000609484
deconvolutionNUFFT1,6,1,0.000592972
deconvolutionNUFFT1,6,2,0.000610054
deconvolutionNUFFT1,6,3,0.000615185
deconvolutionNUFFT1,6,4,0.000615175
deconvolutionNUFFT1,6,5,0.000603572
deconvolutionNUFFT1,6,6,0.00060277
deconvolutionNUFFT1,6,7,0.000602319
deconvolutionNUFFT1,6,8,0.000606918
deconvolutionNUFFT1,6,9,0.000606348
GatherPIFNUFFT,6,0,7.417718596
GatherPIFNUFFT,6,1,7.458104539
GatherPIFNUFFT,6,2,7.435709773
GatherPIFNUFFT,6,3,7.463757117
GatherPIFNUFFT,6,4,7.451281508
GatherPIFNUFFT,6,5,7.425490457
GatherPIFNUFFT,6,6,7.431170189
GatherPIFNUFFT,6,7,7.416078229
GatherPIFNUFFT,6,8,7.421530037
GatherPIFNUFFT,6,9,7.433828581
NativeNUFFT2,6,0,2.398272458
NativeNUFFT2,6,1,2.509477096
NativeNUFFT2,6,2,2.48964447
NativeNUFFT2,6,3,2.392407307
NativeNUFFT2,6,4,2.522739644
NativeNUFFT2,6,5,2.522697943
NativeNUFFT2,6,6,2.380286169
NativeNUFFT2,6,7,2.540857986
NativeNUFFT2,6,8,2.494341531
NativeNUFFT2,6,9,2.392882739
NativeNUFFT2,6,10,2.522977376
NativeNUFFT2,6,11,2.527533293
NativeNUFFT2,6,12,2.380080087
NativeNUFFT2,6,13,2.535676238
NativeNUFFT2,6,14,2.515285759
NativeNUFFT2,6,15,2.387431373
NativeNUFFT2,6,16,2.513521259
NativeNUFFT2,6,17,2.504298869
NativeNUFFT2,6,18,2.39443291
NativeNUFFT2,6,19,2.50085932
NativeNUFFT2,6,20,2.515400248
NativeNUFFT2,6,21,2.3865858
NativeNUFFT2,6,22,2.508357268
NativeNUFFT2,6,23,2.500940971
NativeNUFFT2,6,24,2.376754646
NativeNUFFT2,6,25,2.515012186
NativeNUFFT2,6,26,2.50932459
NativeNUFFT2,6,27,2.394768562
NativeNUFFT2,6,28,2.487196736
NativeNUFFT2,6,29,2.531675707
PrecorrectionNUFFT2,6,0,0.001082252
PrecorrectionNUFFT2,6,1,0.001058365
PrecorrectionNUFFT2,6,2,0.001057644
PrecorrectionNUFFT2,6,3,0.001081359
PrecorrectionNUFFT2,6,4,0.001058606
PrecorrectionNUFFT2,6,5,0.001054057
PrecorrectionNUFFT2,6,6,0.001080298
PrecorrectionNUFFT2,6,7,0.001061872
PrecorrectionNUFFT2,6,8,0.001059308
PrecorrectionNUFFT2,6,9,0.001130976
PrecorrectionNUFFT2,6,10,0.001093214
PrecorrectionNUFFT2,6,11,0.00111168
PrecorrectionNUFFT2,6,12,0.001076611
PrecorrectionNUFFT2,6,13,0.001052354
PrecorrectionNUFFT2,6,14,0.00107583
PrecorrectionNUFFT2,6,15,0.001095237
PrecorrectionNUFFT2,6,16,0.001064508
PrecorrectionNUFFT2,6,17,0.001067032
PrecorrectionNUFFT2,6,18,0.001125396
PrecorrectionNUFFT2,6,19,0.001110807
PrecorrectionNUFFT2,6,20,0.001099565
PrecorrectionNUFFT2,6,21,0.00108681
PrecorrectionNUFFT2,6,22,0.001062414
PrecorrectionNUFFT2,6,23,0.001067162
PrecorrectionNUFFT2,6,24,0.001118862
PrecorrectionNUFFT2,6,25,0.001094305
PrecorrectionNUFFT2,6,26,0.001102161
PrecorrectionNUFFT2,6,27,0.001093574
PrecorrectionNUFFT2,6,28,0.001058807
PrecorrectionNUFFT2,6,29,0.001070048
FFTNUFFT2,6,0,0.246376524
FFTNUFFT2,6,1,0.348301931
FFTNUFFT2,6,2,0.341418243
FFTNUFFT2,6,3,0.239519057
FFTNUFFT2,6,4,0.351615688
FFTNUFFT2,6,5,0.361636218
FFTNUFFT2,6,6,0.225819741
FFTNUFFT2,6,7,0.363411816
FFTNUFFT2,6,8,0.341196092
FFTNUFFT2,6,9,0.235643098
FFTNUFFT2,6,10,0.356708869
FFTNUFFT2,6,11,0.362555845
FFTNUFFT2,6,12,0.22512912
FFTNUFFT2,6,13,0.380055901
FFTNUFFT2,6,14,0.34842966
FFTNUFFT2,6,15,0.241190613
FFTNUFFT2,6,16,0.351392924
FFTNUFFT2,6,17,0.357717839
FFTNUFFT2,6,18,0.244720077
FFTNUFFT2,6,19,0.350794152
FFTNUFFT2,6,20,0.350678456
FFTNUFFT2,6,21,0.222411732
FFTNUFFT2,6,22,0.337537663
FFTNUFFT2,6,23,0.348767186
FFTNUFFT2,6,24,0.225878465
FFTNUFFT2,6,25,0.359383172
FFTNUFFT2,6,26,0.356051902
FFTNUFFT2,6,27,0.223298514
FFTNUFFT2,6,28,0.332227314
FFTNUFFT2,6,29,0.356196715
GatherNUFFT2,6,0,2.150804735
GatherNUFFT2,6,1,2.160108523
GatherNUFFT2,6,2,2.147160657
GatherNUFFT2,6,3,2.151797051
GatherNUFFT2,6,4,2.170056183
GatherNUFFT2,6,5,2.159999381
GatherNUFFT2,6,6,2.153376661
GatherNUFFT2,6,7,2.176376132
GatherNUFFT2,6,8,2.152077576
GatherNUFFT2,6,9,2.156100318
GatherNUFFT2,6,10,2.165166307
GatherNUFFT2,6,11,2.163857122
GatherNUFFT2,6,12,2.153866151
GatherNUFFT2,6,13,2.154557854
GatherNUFFT2,6,14,2.165772424
GatherNUFFT2,6,15,2.145136945
GatherNUFFT2,6,16,2.16105425
GatherNUFFT2,6,17,2.145505502
GatherNUFFT2,6,18,2.14857842
GatherNUFFT2,6,19,2.148946596
GatherNUFFT2,6,20,2.163613219
GatherNUFFT2,6,21,2.163079072
GatherNUFFT2,6,22,2.169749256
GatherNUFFT2,6,23,2.151097534
GatherNUFFT2,6,24,2.14974805
GatherNUFFT2,6,25,2.154525852
GatherNUFFT2,6,26,2.152162341
GatherNUFFT2,6,27,2.170366925
GatherNUFFT2,6,28,2.153900647
GatherNUFFT2,6,29,2.174400178
mainTimer,7,0,112.586511958
dumpData,7,0,0.307825173
dumpData,7,1,0.297842635
dumpData,7,2,0.289080148
dumpData,7,3,0.293059365
dumpData,7,4,0.308400841
dumpData,7,5,0.288585247
dumpData,7,6,0.304157649
dumpData,7,7,0.297100255
dumpData,7,8,0.307855762
dumpData,7,9,0.300974056
kick,7,0,0.001937753
kick,7,1,0.001974594
kick,7,2,0.001934978
kick,7,3,0.001983673
kick,7,4,0.001933184
kick,7,5,0.002006907
kick,7,6,0.001931872
kick,7,7,0.001980647
kick,7,8,0.001917223
kick,7,9,0.001980386
kick,7,10,0.001930539
kick,7,11,0.002009443
kick,7,12,0.001950788
kick,7,13,0.002018571
kick,7,14,0.001932954
kick,7,15,0.002001026
kick,7,16,0.001947282
kick,7,17,0.001984504
kick,7,18,0.00193612
kick,7,19,0.001989483
drift,7,0,0.001950407
drift,7,1,0.001957842
drift,7,2,0.001964595
drift,7,3,0.001954285
drift,7,4,0.001950208
drift,7,5,0.001964605
drift,7,6,0.001977039
drift,7,7,0.00196749
drift,7,8,0.001969154
drift,7,9,0.001955838
particleBC,7,0,0.005835433
particleBC,7,1,0.005796197
particleBC,7,2,0.005785306
particleBC,7,3,0.005832618
particleBC,7,4,0.005828179
particleBC,7,5,0.005832306
particleBC,7,6,0.005816396
particleBC,7,7,0.005779264
particleBC,7,8,0.005780355
particleBC,7,9,0.005828379
updateParticle,7,0,0.028536179
updateParticle,7,1,0.026606782
updateParticle,7,2,0.026536917
updateParticle,7,3,0.026667871
updateParticle,7,4,0.025713568
updateParticle,7,5,0.025779787
updateParticle,7,6,0.025724178
updateParticle,7,7,0.026526948
updateParticle,7,8,0.026385214
updateParticle,7,9,0.025799575
locateParticles,7,0,0.00663698
locateParticles,7,1,0.006667789
locateParticles,7,2,0.006599376
locateParticles,7,3,0.006644935
locateParticles,7,4,0.006937002
locateParticles,7,5,0.006629365
locateParticles,7,6,0.006624124
locateParticles,7,7,0.006675133
locateParticles,7,8,0.00663666
locateParticles,7,9,0.006606751
sendPreprocess,7,0,0.002984256
sendPreprocess,7,1,0.003046016
sendPreprocess,7,2,0.003041507
sendPreprocess,7,3,0.003126171
sendPreprocess,7,4,0.002488803
sendPreprocess,7,5,0.002962303
sendPreprocess,7,6,0.002842409
sendPreprocess,7,7,0.002920312
sendPreprocess,7,8,0.002951693
sendPreprocess,7,9,0.002874663
particleSend,7,0,0.001666666
particleSend,7,1,0.001665666
particleSend,7,2,0.001893968
particleSend,7,3,0.001708017
particleSend,7,4,0.001714069
particleSend,7,5,0.001662098
particleSend,7,6,0.00164775
particleSend,7,7,0.001782052
particleSend,7,8,0.001651858
particleSend,7,9,0.001715252
particleRecv,7,0,3.9697e-05
particleRecv,7,1,3.5689e-05
particleRecv,7,2,4.1861e-05
particleRecv,7,3,3.8805e-05
particleRecv,7,4,3.6521e-05
particleRecv,7,5,3.8334e-05
particleRecv,7,6,3.5609e-05
particleRecv,7,7,3.7423e-05
particleRecv,7,8,3.6972e-05
particleRecv,7,9,4.0519e-05
particleDestroy,7,0,0.012706116
particleDestroy,7,1,0.012959408
particleDestroy,7,2,0.012719993
particleDestroy,7,3,0.012714813
particleDestroy,7,4,0.012751274
particleDestroy,7,5,0.012670708
particleDestroy,7,6,0.012694374
particleDestroy,7,7,0.012644556
particleDestroy,7,8,0.01261001
particleDestroy,7,9,0.012737136
ScatterPIFNUFFT,7,0,3.625410552
ScatterPIFNUFFT,7,1,0.00250776
ScatterPIFNUFFT,7,2,3.613842618
ScatterPIFNUFFT,7,3,0.002506067
ScatterPIFNUFFT,7,4,3.627482061
ScatterPIFNUFFT,7,5,0.002514964
ScatterPIFNUFFT,7,6,3.647271658
ScatterPIFNUFFT,7,7,0.002514794
ScatterPIFNUFFT,7,8,3.616886569
ScatterPIFNUFFT,7,9,0.002513412
ScatterPIFNUFFT,7,10,3.598916049
ScatterPIFNUFFT,7,11,0.002511298
ScatterPIFNUFFT,7,12,3.666301276
ScatterPIFNUFFT,7,13,0.002510697
ScatterPIFNUFFT,7,14,3.588830974
ScatterPIFNUFFT,7,15,0.002509223
ScatterPIFNUFFT,7,16,3.596545527
ScatterPIFNUFFT,7,17,0.002500236
ScatterPIFNUFFT,7,18,3.558810881
ScatterPIFNUFFT,7,19,0.002504194
NativeNUFFT1,7,0,3.622016591
NativeNUFFT1,7,1,3.610451612
NativeNUFFT1,7,2,3.624106756
NativeNUFFT1,7,3,3.6439
NativeNUFFT1,7,4,3.613491555
NativeNUFFT1,7,5,3.595519823
NativeNUFFT1,7,6,3.662891944
NativeNUFFT1,7,7,3.585423627
NativeNUFFT1,7,8,3.593185421
NativeNUFFT1,7,9,3.555393113
scatterTimerNUFFT1,7,0,3.379080298
scatterTimerNUFFT1,7,1,3.363613822
scatterTimerNUFFT1,7,2,3.387361584
scatterTimerNUFFT1,7,3,3.40271537
scatterTimerNUFFT1,7,4,3.372544637
scatterTimerNUFFT1,7,5,3.35549237
scatterTimerNUFFT1,7,6,3.420226478
scatterTimerNUFFT1,7,7,3.34673358
scatterTimerNUFFT1,7,8,3.364103305
scatterTimerNUFFT1,7,9,3.328826041
binSort,7,0,0.012944579
binSort,7,1,0.013033952
binSort,7,2,0.013224062
binSort,7,3,0.013113738
binSort,7,4,0.013149838
binSort,7,5,0.013313066
binSort,7,6,0.012873702
binSort,7,7,0.013174697
binSort,7,8,0.012943818
binSort,7,9,0.012859775
binComputeKeys,7,0,0.000965085
binComputeKeys,7,1,0.000960104
binComputeKeys,7,2,0.00095788
binComputeKeys,7,3,0.000958071
binComputeKeys,7,4,0.000957329
binComputeKeys,7,5,0.000956919
binComputeKeys,7,6,0.000963261
binComputeKeys,7,7,0.000965114
binComputeKeys,7,8,0.000958852
binComputeKeys,7,9,0.00096296
binSortByKey,7,0,0.011614326
binSortByKey,7,1,0.011705182
binSortByKey,7,2,0.011897376
binSortByKey,7,3,0.011789947
binSortByKey,7,4,0.011825176
binSortByKey,7,5,0.011988954
binSortByKey,7,6,0.011546534
binSortByKey,7,7,0.011842339
binSortByKey,7,8,0.011615518
binSortByKey,7,9,0.011526365
binComputeOffsets,7,0,0.000362093
binComputeOffsets,7,1,0.000365229
binComputeOffsets,7,2,0.000365219
binComputeOffsets,7,3,0.000362393
binComputeOffsets,7,4,0.000363897
binComputeOffsets,7,5,0.000363956
binComputeOffsets,7,6,0.000360731
binComputeOffsets,7,7,0.000363836
binComputeOffsets,7,8,0.000363596
binComputeOffsets,7,9,0.000367093
FFTNUFFT1,7,0,0.242320898
FFTNUFFT1,7,1,0.246225511
FFTNUFFT1,7,2,0.236139436
FFTNUFFT1,7,3,0.240566019
FFTNUFFT1,7,4,0.240340822
FFTNUFFT1,7,5,0.239422238
FFTNUFFT1,7,6,0.242051004
FFTNUFFT1,7,7,0.238084281
FFTNUFFT1,7,8,0.228466601
FFTNUFFT1,7,9,0.225957428
deconvolutionNUFFT1,7,0,0.000611447
deconvolutionNUFFT1,7,1,0.000608502
deconvolutionNUFFT1,7,2,0.000601979
deconvolutionNUFFT1,7,3,0.000614764
deconvolutionNUFFT1,7,4,0.000601578
deconvolutionNUFFT1,7,5,0.000601519
deconvolutionNUFFT1,7,6,0.000610345
deconvolutionNUFFT1,7,7,0.000601649
deconvolutionNUFFT1,7,8,0.000610336
deconvolutionNUFFT1,7,9,0.000605937
GatherPIFNUFFT,7,0,7.275068657
GatherPIFNUFFT,7,1,7.306192412
GatherPIFNUFFT,7,2,7.324344162
GatherPIFNUFFT,7,3,7.316832367
GatherPIFNUFFT,7,4,7.307250889
GatherPIFNUFFT,7,5,7.300557307
GatherPIFNUFFT,7,6,7.285127331
GatherPIFNUFFT,7,7,7.295155908
GatherPIFNUFFT,7,8,7.304264537
GatherPIFNUFFT,7,9,7.301955702
NativeNUFFT2,7,0,2.242715894
NativeNUFFT2,7,1,2.5075633
NativeNUFFT2,7,2,2.5052253
NativeNUFFT2,7,3,2.263520768
NativeNUFFT2,7,4,2.506155536
NativeNUFFT2,7,5,2.517084641
NativeNUFFT2,7,6,2.263469831
NativeNUFFT2,7,7,2.528906315
NativeNUFFT2,7,8,2.51239345
NativeNUFFT2,7,9,2.259246247
NativeNUFFT2,7,10,2.503697612
NativeNUFFT2,7,11,2.534256501
NativeNUFFT2,7,12,2.26486527
NativeNUFFT2,7,13,2.509485332
NativeNUFFT2,7,14,2.51329976
NativeNUFFT2,7,15,2.246403925
NativeNUFFT2,7,16,2.508472615
NativeNUFFT2,7,17,2.526147851
NativeNUFFT2,7,18,2.244236666
NativeNUFFT2,7,19,2.520750702
NativeNUFFT2,7,20,2.500541652
NativeNUFFT2,7,21,2.258090894
NativeNUFFT2,7,22,2.507804973
NativeNUFFT2,7,23,2.50974938
NativeNUFFT2,7,24,2.273319026
NativeNUFFT2,7,25,2.513304821
NativeNUFFT2,7,26,2.498070644
NativeNUFFT2,7,27,2.271511396
NativeNUFFT2,7,28,2.498113296
NativeNUFFT2,7,29,2.512740593
PrecorrectionNUFFT2,7,0,0.001130245
PrecorrectionNUFFT2,7,1,0.001103463
PrecorrectionNUFFT2,7,2,0.001084897
PrecorrectionNUFFT2,7,3,0.001097992
PrecorrectionNUFFT2,7,4,0.001046702
PrecorrectionNUFFT2,7,5,0.001057273
PrecorrectionNUFFT2,7,6,0.001117911
PrecorrectionNUFFT2,7,7,0.001082002
PrecorrectionNUFFT2,7,8,0.001100076
PrecorrectionNUFFT2,7,9,0.001127841
PrecorrectionNUFFT2,7,10,0.001094586
PrecorrectionNUFFT2,7,11,0.001089455
PrecorrectionNUFFT2,7,12,0.001149954
PrecorrectionNUFFT2,7,13,0.001092452
PrecorrectionNUFFT2,7,14,0.001089386
PrecorrectionNUFFT2,7,15,0.001125947
PrecorrectionNUFFT2,7,16,0.001095718
PrecorrectionNUFFT2,7,17,0.001084196
PrecorrectionNUFFT2,7,18,0.001132208
PrecorrectionNUFFT2,7,19,0.001092983
PrecorrectionNUFFT2,7,20,0.001092481
PrecorrectionNUFFT2,7,21,0.001129774
PrecorrectionNUFFT2,7,22,0.001100336
PrecorrectionNUFFT2,7,23,0.001078885
PrecorrectionNUFFT2,7,24,0.001139383
PrecorrectionNUFFT2,7,25,0.001086791
PrecorrectionNUFFT2,7,26,0.001103413
PrecorrectionNUFFT2,7,27,0.001121729
PrecorrectionNUFFT2,7,28,0.001083644
PrecorrectionNUFFT2,7,29,0.00111253
FFTNUFFT2,7,0,0.222093213
FFTNUFFT2,7,1,0.503296844
FFTNUFFT2,7,2,0.500813122
FFTNUFFT2,7,3,0.238308385
FFTNUFFT2,7,4,0.489623771
FFTNUFFT2,7,5,0.506325928
FFTNUFFT2,7,6,0.242139866
FFTNUFFT2,7,7,0.495608243
FFTNUFFT2,7,8,0.492730244
FFTNUFFT2,7,9,0.242793235
FFTNUFFT2,7,10,0.490667077
FFTNUFFT2,7,11,0.5155124
FFTNUFFT2,7,12,0.237149244
FFTNUFFT2,7,13,0.506853803
FFTNUFFT2,7,14,0.507668525
FFTNUFFT2,7,15,0.242144114
FFTNUFFT2,7,16,0.493656442
FFTNUFFT2,7,17,0.505214068
FFTNUFFT2,7,18,0.230984882
FFTNUFFT2,7,19,0.503897302
FFTNUFFT2,7,20,0.48743473
FFTNUFFT2,7,21,0.236149743
FFTNUFFT2,7,22,0.48669049
FFTNUFFT2,7,23,0.49623863
FFTNUFFT2,7,24,0.25400507
FFTNUFFT2,7,25,0.487664786
FFTNUFFT2,7,26,0.492706909
FFTNUFFT2,7,27,0.248028562
FFTNUFFT2,7,28,0.484705007
FFTNUFFT2,7,29,0.50104431
GatherNUFFT2,7,0,2.019483458
GatherNUFFT2,7,1,2.003154886
GatherNUFFT2,7,2,2.003318142
GatherNUFFT2,7,3,2.024105333
GatherNUFFT2,7,4,2.015477407
GatherNUFFT2,7,5,2.00969127
GatherNUFFT2,7,6,2.020202625
GatherNUFFT2,7,7,2.032206753
GatherNUFFT2,7,8,2.018554463
GatherNUFFT2,7,9,2.015317356
GatherNUFFT2,7,10,2.011927062
GatherNUFFT2,7,11,2.01764654
GatherNUFFT2,7,12,2.026557195
GatherNUFFT2,7,13,2.001530101
GatherNUFFT2,7,14,2.004533033
GatherNUFFT2,7,15,2.003125078
GatherNUFFT2,7,16,2.013711347
GatherNUFFT2,7,17,2.019841121
GatherNUFFT2,7,18,2.012110177
GatherNUFFT2,7,19,2.015751711
GatherNUFFT2,7,20,2.012004351
GatherNUFFT2,7,21,2.02080255
GatherNUFFT2,7,22,2.02000595
GatherNUFFT2,7,23,2.012423449
GatherNUFFT2,7,24,2.018165597
GatherNUFFT2,7,25,2.024544747
GatherNUFFT2,7,26,2.004251024
GatherNUFFT2,7,27,2.022352408
GatherNUFFT2,7,28,2.012316178
GatherNUFFT2,7,29,2.010575215
mainTimer,8,0,112.586381089
dumpData,8,0,0.151565716
dumpData,8,1,0.148969388
dumpData,8,2,0.15120934
dumpData,8,3,0.155072883
dumpData,8,4,0.151485541
dumpData,8,5,0.149748834
dumpData,8,6,0.16936003
dumpData,8,7,0.164214318
dumpData,8,8,0.157621224
dumpData,8,9,0.149787844
kick,8,0,0.002064617
kick,8,1,0.002156233
kick,8,2,0.002098692
kick,8,3,0.002157485
kick,8,4,0.002072872
kick,8,5,0.002133319
kick,8,6,0.002075157
kick,8,7,0.002157014
kick,8,8,0.002079575
kick,8,9,0.002168185
kick,8,10,0.002075938
kick,8,11,0.002168577
kick,8,12,0.002070929
kick,8,13,0.002168289
kick,8,14,0.002055261
kick,8,15,0.0021583
kick,8,16,0.002088395
kick,8,17,0.002159932
kick,8,18,0.002070981
kick,8,19,0.002160183
drift,8,0,0.002085347
drift,8,1,0.002078924
drift,8,2,0.002057984
drift,8,3,0.00207669
drift,8,4,0.002088282
drift,8,5,0.002069906
drift,8,6,0.002057403
drift,8,7,0.00209093
drift,8,8,0.002064378
drift,8,9,0.002074268
particleBC,8,0,0.006192026
particleBC,8,1,0.006164544
particleBC,8,2,0.006182397
particleBC,8,3,0.006194541
particleBC,8,4,0.006215001
particleBC,8,5,0.006191546
particleBC,8,6,0.006170866
particleBC,8,7,0.006128942
particleBC,8,8,0.006130224
particleBC,8,9,0.006145755
updateParticle,8,0,0.027198283
updateParticle,8,1,0.026461569
updateParticle,8,2,0.027627499
updateParticle,8,3,0.027930442
updateParticle,8,4,0.026256004
updateParticle,8,5,0.026327993
updateParticle,8,6,0.027820821
updateParticle,8,7,0.026399852
updateParticle,8,8,0.026539771
updateParticle,8,9,0.02633184
locateParticles,8,0,0.006608226
locateParticles,8,1,0.006628865
locateParticles,8,2,0.006669914
locateParticles,8,3,0.006628124
locateParticles,8,4,0.006660386
locateParticles,8,5,0.006606123
locateParticles,8,6,0.006666128
locateParticles,8,7,0.00658559
locateParticles,8,8,0.006650075
locateParticles,8,9,0.006678899
sendPreprocess,8,0,0.002387006
sendPreprocess,8,1,0.002423025
sendPreprocess,8,2,0.002345246
sendPreprocess,8,3,0.002513459
sendPreprocess,8,4,0.00207202
sendPreprocess,8,5,0.002370344
sendPreprocess,8,6,0.002239864
sendPreprocess,8,7,0.002402889
sendPreprocess,8,8,0.002346571
sendPreprocess,8,9,0.002224206
particleSend,8,0,0.001699225
particleSend,8,1,0.001692722
particleSend,8,2,0.0017644
particleSend,8,3,0.001682963
particleSend,8,4,0.001680289
particleSend,8,5,0.001702561
particleSend,8,6,0.001685057
particleSend,8,7,0.001671373
particleSend,8,8,0.001689147
particleSend,8,9,0.001695019
particleRecv,8,0,3.5729e-05
particleRecv,8,1,3.7131e-05
particleRecv,8,2,3.7713e-05
particleRecv,8,3,4.0167e-05
particleRecv,8,4,3.9907e-05
particleRecv,8,5,3.6279e-05
particleRecv,8,6,3.7843e-05
particleRecv,8,7,3.9887e-05
particleRecv,8,8,3.5127e-05
particleRecv,8,9,4.2471e-05
particleDestroy,8,0,0.012677797
particleDestroy,8,1,0.012655985
particleDestroy,8,2,0.01268471
particleDestroy,8,3,0.012655595
particleDestroy,8,4,0.012737252
particleDestroy,8,5,0.012666886
particleDestroy,8,6,0.012681774
particleDestroy,8,7,0.012638156
particleDestroy,8,8,0.012605293
particleDestroy,8,9,0.012668985
ScatterPIFNUFFT,8,0,3.612393874
ScatterPIFNUFFT,8,1,0.00251392
ScatterPIFNUFFT,8,2,3.601536482
ScatterPIFNUFFT,8,3,0.00251411
ScatterPIFNUFFT,8,4,3.627414089
ScatterPIFNUFFT,8,5,0.002497889
ScatterPIFNUFFT,8,6,3.643628089
ScatterPIFNUFFT,8,7,0.002505704
ScatterPIFNUFFT,8,8,3.608874429
ScatterPIFNUFFT,8,9,0.002502327
ScatterPIFNUFFT,8,10,3.596741579
ScatterPIFNUFFT,8,11,0.002507468
ScatterPIFNUFFT,8,12,3.649565036
ScatterPIFNUFFT,8,13,0.002501796
ScatterPIFNUFFT,8,14,3.578146174
ScatterPIFNUFFT,8,15,0.002505807
ScatterPIFNUFFT,8,16,3.605048557
ScatterPIFNUFFT,8,17,0.0025123
ScatterPIFNUFFT,8,18,3.569675144
ScatterPIFNUFFT,8,19,0.002509575
NativeNUFFT1,8,0,3.60886289
NativeNUFFT1,8,1,3.597943108
NativeNUFFT1,8,2,3.6238595
NativeNUFFT1,8,3,3.640074672
NativeNUFFT1,8,4,3.605287138
NativeNUFFT1,8,5,3.593199725
NativeNUFFT1,8,6,3.64598137
NativeNUFFT1,8,7,3.574594446
NativeNUFFT1,8,8,3.601487781
NativeNUFFT1,8,9,3.566127224
scatterTimerNUFFT1,8,0,3.378908976
scatterTimerNUFFT1,8,1,3.362131746
scatterTimerNUFFT1,8,2,3.384768377
scatterTimerNUFFT1,8,3,3.400087688
scatterTimerNUFFT1,8,4,3.370455047
scatterTimerNUFFT1,8,5,3.353395612
scatterTimerNUFFT1,8,6,3.416575214
scatterTimerNUFFT1,8,7,3.345339073
scatterTimerNUFFT1,8,8,3.362378534
scatterTimerNUFFT1,8,9,3.326676841
binSort,8,0,0.013815111
binSort,8,1,0.013867253
binSort,8,2,0.013833968
binSort,8,3,0.013880848
binSort,8,4,0.013879316
binSort,8,5,0.013926065
binSort,8,6,0.013895577
binSort,8,7,0.013859234
binSort,8,8,0.013886876
binSort,8,9,0.013905793
binComputeKeys,8,0,0.001065016
binComputeKeys,8,1,0.001071529
binComputeKeys,8,2,0.00106176
binComputeKeys,8,3,0.001073341
binComputeKeys,8,4,0.001075185
binComputeKeys,8,5,0.001065827
binComputeKeys,8,6,0.001069615
binComputeKeys,8,7,0.00106648
binComputeKeys,8,8,0.001066039
binComputeKeys,8,9,0.001069296
binSortByKey,8,0,0.012368361
binSortByKey,8,1,0.012415393
binSortByKey,8,2,0.012391196
binSortByKey,8,3,0.012427086
binSortByKey,8,4,0.012422507
binSortByKey,8,5,0.01247593
binSortByKey,8,6,0.012444117
binSortByKey,8,7,0.012409887
binSortByKey,8,8,0.012438132
binSortByKey,8,9,0.012453692
binComputeOffsets,8,0,0.000378968
binComputeOffsets,8,1,0.000377224
binComputeOffsets,8,2,0.000378056
binComputeOffsets,8,3,0.000377325
binComputeOffsets,8,4,0.000378037
binComputeOffsets,8,5,0.000381022
binComputeOffsets,8,6,0.000378647
binComputeOffsets,8,7,0.00037977
binComputeOffsets,8,8,0.000378287
binComputeOffsets,8,9,0.00037962
FFTNUFFT1,8,0,0.229339995
FFTNUFFT1,8,1,0.235204286
FFTNUFFT1,8,2,0.238483695
FFTNUFFT1,8,3,0.239371291
FFTNUFFT1,8,4,0.234223893
FFTNUFFT1,8,5,0.239202737
FFTNUFFT1,8,6,0.228803228
FFTNUFFT1,8,7,0.228650009
FFTNUFFT1,8,8,0.238509986
FFTNUFFT1,8,9,0.238841624
deconvolutionNUFFT1,8,0,0.000609431
deconvolutionNUFFT1,8,1,0.000602949
deconvolutionNUFFT1,8,2,0.000603429
deconvolutionNUFFT1,8,3,0.000611766
deconvolutionNUFFT1,8,4,0.000604331
deconvolutionNUFFT1,8,5,0.000597698
deconvolutionNUFFT1,8,6,0.000599271
deconvolutionNUFFT1,8,7,0.000601847
deconvolutionNUFFT1,8,8,0.000594263
deconvolutionNUFFT1,8,9,0.000605033
GatherPIFNUFFT,8,0,7.444836919
GatherPIFNUFFT,8,1,7.466668314
GatherPIFNUFFT,8,2,7.460408216
GatherPIFNUFFT,8,3,7.456347923
GatherPIFNUFFT,8,4,7.470733144
GatherPIFNUFFT,8,5,7.440195114
GatherPIFNUFFT,8,6,7.433812126
GatherPIFNUFFT,8,7,7.438077954
GatherPIFNUFFT,8,8,7.44503067
GatherPIFNUFFT,8,9,7.440979413
NativeNUFFT2,8,0,2.390307496
NativeNUFFT2,8,1,2.530848783
NativeNUFFT2,8,2,2.503137403
NativeNUFFT2,8,3,2.418420203
NativeNUFFT2,8,4,2.508108166
NativeNUFFT2,8,5,2.519752857
NativeNUFFT2,8,6,2.406108798
NativeNUFFT2,8,7,2.531145535
NativeNUFFT2,8,8,2.502786932
NativeNUFFT2,8,9,2.408616136
NativeNUFFT2,8,10,2.516822687
NativeNUFFT2,8,11,2.510454372
NativeNUFFT2,8,12,2.394102231
NativeNUFFT2,8,13,2.544297985
NativeNUFFT2,8,14,2.511884861
NativeNUFFT2,8,15,2.401286183
NativeNUFFT2,8,16,2.515917069
NativeNUFFT2,8,17,2.50273851
NativeNUFFT2,8,18,2.414744812
NativeNUFFT2,8,19,2.511000615
NativeNUFFT2,8,20,2.487864434
NativeNUFFT2,8,21,2.394186633
NativeNUFFT2,8,22,2.522211872
NativeNUFFT2,8,23,2.501406577
NativeNUFFT2,8,24,2.389288378
NativeNUFFT2,8,25,2.535461535
NativeNUFFT2,8,26,2.499949354
NativeNUFFT2,8,27,2.384505784
NativeNUFFT2,8,28,2.504214404
NativeNUFFT2,8,29,2.532021851
PrecorrectionNUFFT2,8,0,0.001134801
PrecorrectionNUFFT2,8,1,0.001122267
PrecorrectionNUFFT2,8,2,0.00109811
PrecorrectionNUFFT2,8,3,0.001109622
PrecorrectionNUFFT2,8,4,0.001096215
PrecorrectionNUFFT2,8,5,0.0010981
PrecorrectionNUFFT2,8,6,0.001105364
PrecorrectionNUFFT2,8,7,0.001091206
PrecorrectionNUFFT2,8,8,0.001095485
PrecorrectionNUFFT2,8,9,0.001109662
PrecorrectionNUFFT2,8,10,0.001102288
PrecorrectionNUFFT2,8,11,0.001105244
PrecorrectionNUFFT2,8,12,0.001125713
PrecorrectionNUFFT2,8,13,0.001095435
PrecorrectionNUFFT2,8,14,0.001090335
PrecorrectionNUFFT2,8,15,0.001080536
PrecorrectionNUFFT2,8,16,0.001068804
PrecorrectionNUFFT2,8,17,0.001059665
PrecorrectionNUFFT2,8,18,0.001082871
PrecorrectionNUFFT2,8,19,0.001058754
PrecorrectionNUFFT2,8,20,0.001056982
PrecorrectionNUFFT2,8,21,0.001086248
PrecorrectionNUFFT2,8,22,0.001052594
PrecorrectionNUFFT2,8,23,0.001071981
PrecorrectionNUFFT2,8,24,0.001086218
PrecorrectionNUFFT2,8,25,0.001059617
PrecorrectionNUFFT2,8,26,0.001069015
PrecorrectionNUFFT2,8,27,0.001088142
PrecorrectionNUFFT2,8,28,0.00106601
PrecorrectionNUFFT2,8,29,0.001057764
FFTNUFFT2,8,0,0.24099679
FFTNUFFT2,8,1,0.346557432
FFTNUFFT2,8,2,0.33630245
FFTNUFFT2,8,3,0.227083073
FFTNUFFT2,8,4,0.338174156
FFTNUFFT2,8,5,0.327423732
FFTNUFFT2,8,6,0.234389159
FFTNUFFT2,8,7,0.345835535
FFTNUFFT2,8,8,0.33834742
FFTNUFFT2,8,9,0.239309984
FFTNUFFT2,8,10,0.334603275
FFTNUFFT2,8,11,0.329135972
FFTNUFFT2,8,12,0.227957112
FFTNUFFT2,8,13,0.360496663
FFTNUFFT2,8,14,0.339851118
FFTNUFFT2,8,15,0.235740055
FFTNUFFT2,8,16,0.336719301
FFTNUFFT2,8,17,0.338010852
FFTNUFFT2,8,18,0.234393307
FFTNUFFT2,8,19,0.338644413
FFTNUFFT2,8,20,0.335070496
FFTNUFFT2,8,21,0.238821203
FFTNUFFT2,8,22,0.351384748
FFTNUFFT2,8,23,0.350112194
FFTNUFFT2,8,24,0.237493692
FFTNUFFT2,8,25,0.352762728
FFTNUFFT2,8,26,0.339406801
FFTNUFFT2,8,27,0.229470247
FFTNUFFT2,8,28,0.352134398
FFTNUFFT2,8,29,0.360386263
GatherNUFFT2,8,0,2.148165406
GatherNUFFT2,8,1,2.183158465
GatherNUFFT2,8,2,2.165725902
GatherNUFFT2,8,3,2.190217388
GatherNUFFT2,8,4,2.168826922
GatherNUFFT2,8,5,2.191219893
GatherNUFFT2,8,6,2.170603716
GatherNUFFT2,8,7,2.184209175
GatherNUFFT2,8,8,2.16333429
GatherNUFFT2,8,9,2.168185589
GatherNUFFT2,8,10,2.181107125
GatherNUFFT2,8,11,2.180203178
GatherNUFFT2,8,12,2.165008586
GatherNUFFT2,8,13,2.18269688
GatherNUFFT2,8,14,2.170933269
GatherNUFFT2,8,15,2.164455503
GatherNUFFT2,8,16,2.178117953
GatherNUFFT2,8,17,2.163658413
GatherNUFFT2,8,18,2.17925659
GatherNUFFT2,8,19,2.1712878
GatherNUFFT2,8,20,2.151727158
GatherNUFFT2,8,21,2.154269092
GatherNUFFT2,8,22,2.169764521
GatherNUFFT2,8,23,2.150212284
GatherNUFFT2,8,24,2.150697887
GatherNUFFT2,8,25,2.181628811
GatherNUFFT2,8,26,2.159462686
GatherNUFFT2,8,27,2.153936984
GatherNUFFT2,8,28,2.151002694
GatherNUFFT2,8,29,2.170567305
mainTimer,9,0,112.586377772
dumpData,9,0,0.030171947
dumpData,9,1,0.017159768
dumpData,9,2,0.032263015
dumpData,9,3,0.03713191
dumpData,9,4,0.01645267
dumpData,9,5,0.035919922
dumpData,9,6,0.037354781
dumpData,9,7,0.037455015
dumpData,9,8,0.032969662
dumpData,9,9,0.034505464
kick,9,0,0.002219514
kick,9,1,0.002314768
kick,9,2,0.002213713
kick,9,3,0.00232135
kick,9,4,0.002416934
kick,9,5,0.002324476
kick,9,6,0.002229753
kick,9,7,0.002287685
kick,9,8,0.002236597
kick,9,9,0.002309207
kick,9,10,0.002223992
kick,9,11,0.002303276
kick,9,12,0.002393719
kick,9,13,0.002326012
kick,9,14,0.002239285
kick,9,15,0.002323016
kick,9,16,0.002237782
kick,9,17,0.002302076
kick,9,18,0.002228735
kick,9,19,0.002315011
drift,9,0,0.002228351
drift,9,1,0.002219064
drift,9,2,0.002203884
drift,9,3,0.002209285
drift,9,4,0.002220556
drift,9,5,0.002236266
drift,9,6,0.002205598
drift,9,7,0.002214778
drift,9,8,0.002207113
drift,9,9,0.002228534
particleBC,9,0,0.006530005
particleBC,9,1,0.006613326
particleBC,9,2,0.006560013
particleBC,9,3,0.006597937
particleBC,9,4,0.006631511
particleBC,9,5,0.006545616
particleBC,9,6,0.006593027
particleBC,9,7,0.006542286
particleBC,9,8,0.00655445
particleBC,9,9,0.00661655
updateParticle,9,0,0.026787023
updateParticle,9,1,0.025852579
updateParticle,9,2,0.026720857
updateParticle,9,3,0.027494514
updateParticle,9,4,0.025628018
updateParticle,9,5,0.025940278
updateParticle,9,6,0.027040361
updateParticle,9,7,0.025745675
updateParticle,9,8,0.025908728
updateParticle,9,9,0.025580787
locateParticles,9,0,0.007329571
locateParticles,9,1,0.007566266
locateParticles,9,2,0.007316777
locateParticles,9,3,0.007321857
locateParticles,9,4,0.007360582
locateParticles,9,5,0.007387213
locateParticles,9,6,0.007331687
locateParticles,9,7,0.007440705
locateParticles,9,8,0.007302669
locateParticles,9,9,0.007346583
sendPreprocess,9,0,0.001029558
sendPreprocess,9,1,0.000783705
sendPreprocess,9,2,0.000831307
sendPreprocess,9,3,0.001131254
sendPreprocess,9,4,0.000667653
sendPreprocess,9,5,0.000922422
sendPreprocess,9,6,0.000683103
sendPreprocess,9,7,0.000828002
sendPreprocess,9,8,0.000978992
sendPreprocess,9,9,0.000774579
particleSend,9,0,0.001741927
particleSend,9,1,0.001729032
particleSend,9,2,0.001740525
particleSend,9,3,0.001833372
particleSend,9,4,0.001736766
particleSend,9,5,0.001725535
particleSend,9,6,0.003577814
particleSend,9,7,0.001730777
particleSend,9,8,0.001727931
particleSend,9,9,0.001728754
particleRecv,9,0,4.0368e-05
particleRecv,9,1,3.6611e-05
particleRecv,9,2,3.625e-05
particleRecv,9,3,8.0765e-05
particleRecv,9,4,4.2261e-05
particleRecv,9,5,3.8213e-05
particleRecv,9,6,3.9826e-05
particleRecv,9,7,3.8944e-05
particleRecv,9,8,3.8324e-05
particleRecv,9,9,3.609e-05
particleDestroy,9,0,0.014210802
particleDestroy,9,1,0.014202867
particleDestroy,9,2,0.014146709
particleDestroy,9,3,0.014164565
particleDestroy,9,4,0.014192418
particleDestroy,9,5,0.014193199
particleDestroy,9,6,0.014170465
particleDestroy,9,7,0.014227121
particleDestroy,9,8,0.014199989
particleDestroy,9,9,0.014135996
ScatterPIFNUFFT,9,0,3.620896268
ScatterPIFNUFFT,9,1,0.00250884
ScatterPIFNUFFT,9,2,3.593968362
ScatterPIFNUFFT,9,3,0.002509351
ScatterPIFNUFFT,9,4,3.627710539
ScatterPIFNUFFT,9,5,0.002514231
ScatterPIFNUFFT,9,6,3.64573127
ScatterPIFNUFFT,9,7,0.002508109
ScatterPIFNUFFT,9,8,3.622042118
ScatterPIFNUFFT,9,9,0.002514361
ScatterPIFNUFFT,9,10,3.596652858
ScatterPIFNUFFT,9,11,0.00250358
ScatterPIFNUFFT,9,12,3.662263322
ScatterPIFNUFFT,9,13,0.002510874
ScatterPIFNUFFT,9,14,3.590863902
ScatterPIFNUFFT,9,15,0.002503253
ScatterPIFNUFFT,9,16,3.594374817
ScatterPIFNUFFT,9,17,0.002504785
ScatterPIFNUFFT,9,18,3.571619683
ScatterPIFNUFFT,9,19,0.002505487
NativeNUFFT1,9,0,3.617222149
NativeNUFFT1,9,1,3.590250148
NativeNUFFT1,9,2,3.624002695
NativeNUFFT1,9,3,3.642010131
NativeNUFFT1,9,4,3.618324005
NativeNUFFT1,9,5,3.592934445
NativeNUFFT1,9,6,3.658545208
NativeNUFFT1,9,7,3.587145384
NativeNUFFT1,9,8,3.590669415
NativeNUFFT1,9,9,3.567895824
scatterTimerNUFFT1,9,0,3.378171469
scatterTimerNUFFT1,9,1,3.361558254
scatterTimerNUFFT1,9,2,3.384326959
scatterTimerNUFFT1,9,3,3.39930267
scatterTimerNUFFT1,9,4,3.369866486
scatterTimerNUFFT1,9,5,3.352590165
scatterTimerNUFFT1,9,6,3.415975492
scatterTimerNUFFT1,9,7,3.344712438
scatterTimerNUFFT1,9,8,3.361799701
scatterTimerNUFFT1,9,9,3.327029208
binSort,9,0,0.014720641
binSort,9,1,0.014708739
binSort,9,2,0.01469869
binSort,9,3,0.014659925
binSort,9,4,0.01470331
binSort,9,5,0.014737484
binSort,9,6,0.014707005
binSort,9,7,0.014683878
binSort,9,8,0.014691573
binSort,9,9,0.014661656
binComputeKeys,9,0,0.001132395
binComputeKeys,9,1,0.001140041
binComputeKeys,9,2,0.001137997
binComputeKeys,9,3,0.001127656
binComputeKeys,9,4,0.001129771
binComputeKeys,9,5,0.001133738
binComputeKeys,9,6,0.001136313
binComputeKeys,9,7,0.001133008
binComputeKeys,9,8,0.001130964
binComputeKeys,9,9,0.001138339
binSortByKey,9,0,0.013186563
binSortByKey,9,1,0.013167399
binSortByKey,9,2,0.013161296
binSortByKey,9,3,0.013132541
binSortByKey,9,4,0.013176416
binSortByKey,9,5,0.013202797
binSortByKey,9,6,0.013172117
binSortByKey,9,7,0.013151523
binSortByKey,9,8,0.0131609
binSortByKey,9,9,0.013124441
binComputeOffsets,9,0,0.000398816
binComputeOffsets,9,1,0.000398145
binComputeOffsets,9,2,0.00039589
binComputeOffsets,9,3,0.000396302
binComputeOffsets,9,4,0.000393706
binComputeOffsets,9,5,0.000397524
binComputeOffsets,9,6,0.00039546
binComputeOffsets,9,7,0.000396372
binComputeOffsets,9,8,0.000395391
binComputeOffsets,9,9,0.000395651
FFTNUFFT1,9,0,0.23823869
FFTNUFFT1,9,1,0.227883421
FFTNUFFT1,9,2,0.238862564
FFTNUFFT1,9,3,0.241890181
FFTNUFFT1,9,4,0.247637943
FFTNUFFT1,9,5,0.239539343
FFTNUFFT1,9,6,0.241758237
FFTNUFFT1,9,7,0.241620002
FFTNUFFT1,9,8,0.228063874
FFTNUFFT1,9,9,0.240049685
deconvolutionNUFFT1,9,0,0.000808253
deconvolutionNUFFT1,9,1,0.000804796
deconvolutionNUFFT1,9,2,0.000809795
deconvolutionNUFFT1,9,3,0.000813643
deconvolutionNUFFT1,9,4,0.000814895
deconvolutionNUFFT1,9,5,0.000801079
deconvolutionNUFFT1,9,6,0.000807962
deconvolutionNUFFT1,9,7,0.000809155
deconvolutionNUFFT1,9,8,0.000801281
deconvolutionNUFFT1,9,9,0.000813093
GatherPIFNUFFT,9,0,7.557352801
GatherPIFNUFFT,9,1,7.605796293
GatherPIFNUFFT,9,2,7.578881493
GatherPIFNUFFT,9,3,7.571813181
GatherPIFNUFFT,9,4,7.59237149
GatherPIFNUFFT,9,5,7.553722748
GatherPIFNUFFT,9,6,7.552611302
GatherPIFNUFFT,9,7,7.551855083
GatherPIFNUFFT,9,8,7.580133095
GatherPIFNUFFT,9,9,7.554128943
NativeNUFFT2,9,0,2.517317005
NativeNUFFT2,9,1,2.50751735
NativeNUFFT2,9,2,2.511167207
NativeNUFFT2,9,3,2.541141149
NativeNUFFT2,9,4,2.526296179
NativeNUFFT2,9,5,2.517294454
NativeNUFFT2,9,6,2.521093872
NativeNUFFT2,9,7,2.54329585
NativeNUFFT2,9,8,2.493237025
NativeNUFFT2,9,9,2.522942345
NativeNUFFT2,9,10,2.514415163
NativeNUFFT2,9,11,2.513120915
NativeNUFFT2,9,12,2.530826353
NativeNUFFT2,9,13,2.527905302
NativeNUFFT2,9,14,2.512412715
NativeNUFFT2,9,15,2.517267823
NativeNUFFT2,9,16,2.528294008
NativeNUFFT2,9,17,2.4868734
NativeNUFFT2,9,18,2.51410152
NativeNUFFT2,9,19,2.512194683
NativeNUFFT2,9,20,2.505274852
NativeNUFFT2,9,21,2.51516316
NativeNUFFT2,9,22,2.522273861
NativeNUFFT2,9,23,2.493330272
NativeNUFFT2,9,24,2.534143059
NativeNUFFT2,9,25,2.511220343
NativeNUFFT2,9,26,2.513582011
NativeNUFFT2,9,27,2.516442762
NativeNUFFT2,9,28,2.499113939
NativeNUFFT2,9,29,2.517543306
PrecorrectionNUFFT2,9,0,0.001318874
PrecorrectionNUFFT2,9,1,0.001291361
PrecorrectionNUFFT2,9,2,0.001291641
PrecorrectionNUFFT2,9,3,0.001302693
PrecorrectionNUFFT2,9,4,0.001275831
PrecorrectionNUFFT2,9,5,0.001269118
PrecorrectionNUFFT2,9,6,0.001320137
PrecorrectionNUFFT2,9,7,0.001286241
PrecorrectionNUFFT2,9,8,0.001289056
PrecorrectionNUFFT2,9,9,0.001331308
PrecorrectionNUFFT2,9,10,0.001283075
PrecorrectionNUFFT2,9,11,0.001289808
PrecorrectionNUFFT2,9,12,0.001304686
PrecorrectionNUFFT2,9,13,0.001267305
PrecorrectionNUFFT2,9,14,0.001268257
PrecorrectionNUFFT2,9,15,0.00132184
PrecorrectionNUFFT2,9,16,0.00128596
PrecorrectionNUFFT2,9,17,0.001286602
PrecorrectionNUFFT2,9,18,0.001300349
PrecorrectionNUFFT2,9,19,0.001267325
PrecorrectionNUFFT2,9,20,0.001268398
PrecorrectionNUFFT2,9,21,0.001302625
PrecorrectionNUFFT2,9,22,0.001272046
PrecorrectionNUFFT2,9,23,0.001272597
PrecorrectionNUFFT2,9,24,0.00132644
PrecorrectionNUFFT2,9,25,0.00129505
PrecorrectionNUFFT2,9,26,0.001283978
PrecorrectionNUFFT2,9,27,0.001306832
PrecorrectionNUFFT2,9,28,0.001271024
PrecorrectionNUFFT2,9,29,0.001269561
FFTNUFFT2,9,0,0.228272254
FFTNUFFT2,9,1,0.219761634
FFTNUFFT2,9,2,0.208306366
FFTNUFFT2,9,3,0.241261243
FFTNUFFT2,9,4,0.211514612
FFTNUFFT2,9,5,0.202541191
FFTNUFFT2,9,6,0.244825089
FFTNUFFT2,9,7,0.242817422
FFTNUFFT2,9,8,0.200690366
FFTNUFFT2,9,9,0.225820858
FFTNUFFT2,9,10,0.22438576
FFTNUFFT2,9,11,0.226246134
FFTNUFFT2,9,12,0.221721974
FFTNUFFT2,9,13,0.199264206
FFTNUFFT2,9,14,0.194910462
FFTNUFFT2,9,15,0.224407012
FFTNUFFT2,9,16,0.211416844
FFTNUFFT2,9,17,0.19559686
FFTNUFFT2,9,18,0.227363702
FFTNUFFT2,9,19,0.215876643
FFTNUFFT2,9,20,0.21956258
FFTNUFFT2,9,21,0.23804965
FFTNUFFT2,9,22,0.20593842
FFTNUFFT2,9,23,0.204711753
FFTNUFFT2,9,24,0.237391806
FFTNUFFT2,9,25,0.225049509
FFTNUFFT2,9,26,0.217603013
FFTNUFFT2,9,27,0.238538741
FFTNUFFT2,9,28,0.209395185
FFTNUFFT2,9,29,0.218744679
GatherNUFFT2,9,0,2.28771661
GatherNUFFT2,9,1,2.286455538
GatherNUFFT2,9,2,2.301559872
GatherNUFFT2,9,3,2.298568217
GatherNUFFT2,9,4,2.313497009
GatherNUFFT2,9,5,2.313475017
GatherNUFFT2,9,6,2.274939931
GatherNUFFT2,9,7,2.299183931
GatherNUFFT2,9,8,2.291247011
GatherNUFFT2,9,9,2.295781753
GatherNUFFT2,9,10,2.28873727
GatherNUFFT2,9,11,2.285576255
GatherNUFFT2,9,12,2.307790535
GatherNUFFT2,9,13,2.327365534
GatherNUFFT2,9,14,2.316225009
GatherNUFFT2,9,15,2.291528221
GatherNUFFT2,9,16,2.315581715
GatherNUFFT2,9,17,2.289980339
GatherNUFFT2,9,18,2.285427792
GatherNUFFT2,9,19,2.295041358
GatherNUFFT2,9,20,2.284435799
GatherNUFFT2,9,21,2.275801388
GatherNUFFT2,9,22,2.315054208
GatherNUFFT2,9,23,2.287337235
GatherNUFFT2,9,24,2.295415796
GatherNUFFT2,9,25,2.284866727
GatherNUFFT2,9,26,2.294683427
GatherNUFFT2,9,27,2.276588572
GatherNUFFT2,9,28,2.288438222
GatherNUFFT2,9,29,2.29751999
mainTimer,10,0,112.586377732
dumpData,10,0,0.29197702
dumpData,10,1,0.287787842
dumpData,10,2,0.285731772
dumpData,10,3,0.293644985
dumpData,10,4,0.290895041
dumpData,10,5,0.288872826
dumpData,10,6,0.293362723
dumpData,10,7,0.288440814
dumpData,10,8,0.290906995
dumpData,10,9,0.285018033
kick,10,0,0.00192591
kick,10,1,0.002017106
kick,10,2,0.001936591
kick,10,3,0.002022907
kick,10,4,0.00195709
kick,10,5,0.002015282
kick,10,6,0.001948704
kick,10,7,0.002058024
kick,10,8,0.001946981
kick,10,9,0.002033116
kick,10,10,0.00195208
kick,10,11,0.002026874
kick,10,12,0.00194697
kick,10,13,0.002025615
kick,10,14,0.001956271
kick,10,15,0.002029661
kick,10,16,0.001942554
kick,10,17,0.002034772
kick,10,18,0.001953264
kick,10,19,0.002052105
drift,10,0,0.001944005
drift,10,1,0.001937973
drift,10,2,0.001948944
drift,10,3,0.001934948
drift,10,4,0.001924578
drift,10,5,0.001931972
drift,10,6,0.001939005
drift,10,7,0.00193483
drift,10,8,0.001956341
drift,10,9,0.001938156
particleBC,10,0,0.00576222
particleBC,10,1,0.005815453
particleBC,10,2,0.005812537
particleBC,10,3,0.005761981
particleBC,10,4,0.00577729
particleBC,10,5,0.005774555
particleBC,10,6,0.005761269
particleBC,10,7,0.005782185
particleBC,10,8,0.005756365
particleBC,10,9,0.005762007
updateParticle,10,0,0.027692031
updateParticle,10,1,0.026760232
updateParticle,10,2,0.027024
updateParticle,10,3,0.028651788
updateParticle,10,4,0.026995385
updateParticle,10,5,0.02731534
updateParticle,10,6,0.028491149
updateParticle,10,7,0.026667586
updateParticle,10,8,0.0272832
updateParticle,10,9,0.026557194
locateParticles,10,0,0.006535837
locateParticles,10,1,0.006545916
locateParticles,10,2,0.006521309
locateParticles,10,3,0.00660473
locateParticles,10,4,0.006610451
locateParticles,10,5,0.00661548
locateParticles,10,6,0.006546598
locateParticles,10,7,0.006527338
locateParticles,10,8,0.00648134
locateParticles,10,9,0.006523261
sendPreprocess,10,0,0.003169139
sendPreprocess,10,1,0.003160883
sendPreprocess,10,2,0.003090478
sendPreprocess,10,3,0.003237029
sendPreprocess,10,4,0.002857229
sendPreprocess,10,5,0.00303946
sendPreprocess,10,6,0.003010964
sendPreprocess,10,7,0.003064912
sendPreprocess,10,8,0.003145257
sendPreprocess,10,9,0.003018101
particleSend,10,0,0.001930028
particleSend,10,1,0.001760252
particleSend,10,2,0.001697111
particleSend,10,3,0.001750263
particleSend,10,4,0.0018217
particleSend,10,5,0.001678965
particleSend,10,6,0.001681401
particleSend,10,7,0.001748261
particleSend,10,8,0.001671974
particleSend,10,9,0.001749283
particleRecv,10,0,4.1559e-05
particleRecv,10,1,4.0899e-05
particleRecv,10,2,4.8253e-05
particleRecv,10,3,4.153e-05
particleRecv,10,4,3.8083e-05
particleRecv,10,5,4.7351e-05
particleRecv,10,6,4.3574e-05
particleRecv,10,7,4.1029e-05
particleRecv,10,8,4.5337e-05
particleRecv,10,9,4.146e-05
particleDestroy,10,0,0.012507609
particleDestroy,10,1,0.012493854
particleDestroy,10,2,0.012530233
particleDestroy,10,3,0.012481831
particleDestroy,10,4,0.012495417
particleDestroy,10,5,0.0124865
particleDestroy,10,6,0.012501338
particleDestroy,10,7,0.012544676
particleDestroy,10,8,0.012501163
particleDestroy,10,9,0.012493768
ScatterPIFNUFFT,10,0,3.619968246
ScatterPIFNUFFT,10,1,0.002509381
ScatterPIFNUFFT,10,2,3.602690109
ScatterPIFNUFFT,10,3,0.002508409
ScatterPIFNUFFT,10,4,3.622692808
ScatterPIFNUFFT,10,5,0.00249858
ScatterPIFNUFFT,10,6,3.635305469
ScatterPIFNUFFT,10,7,0.002505624
ScatterPIFNUFFT,10,8,3.609928244
ScatterPIFNUFFT,10,9,0.002507638
ScatterPIFNUFFT,10,10,3.58800832
ScatterPIFNUFFT,10,11,0.00250944
ScatterPIFNUFFT,10,12,3.650617809
ScatterPIFNUFFT,10,13,0.002502899
ScatterPIFNUFFT,10,14,3.579190211
ScatterPIFNUFFT,10,15,0.002502501
ScatterPIFNUFFT,10,16,3.605993453
ScatterPIFNUFFT,10,17,0.002512821
ScatterPIFNUFFT,10,18,3.5607354
ScatterPIFNUFFT,10,19,0.002501038
NativeNUFFT1,10,0,3.616551661
NativeNUFFT1,10,1,3.599284235
NativeNUFFT1,10,2,3.619193946
NativeNUFFT1,10,3,3.631897972
NativeNUFFT1,10,4,3.606522702
NativeNUFFT1,10,5,3.584584753
NativeNUFFT1,10,6,3.647247523
NativeNUFFT1,10,7,3.575804331
NativeNUFFT1,10,8,3.602594138
NativeNUFFT1,10,9,3.557324312
scatterTimerNUFFT1,10,0,3.379543134
scatterTimerNUFFT1,10,1,3.363218033
scatterTimerNUFFT1,10,2,3.386047505
scatterTimerNUFFT1,10,3,3.400139057
scatterTimerNUFFT1,10,4,3.370426282
scatterTimerNUFFT1,10,5,3.353469564
scatterTimerNUFFT1,10,6,3.416945045
scatterTimerNUFFT1,10,7,3.346001928
scatterTimerNUFFT1,10,8,3.362454509
scatterTimerNUFFT1,10,9,3.327921223
binSort,10,0,0.013462143
binSort,10,1,0.013551497
binSort,10,2,0.013527981
binSort,10,3,0.013287168
binSort,10,4,0.013188529
binSort,10,5,0.013611712
binSort,10,6,0.013206883
binSort,10,7,0.01330118
binSort,10,8,0.013169457
binSort,10,9,0.013079063
binComputeKeys,10,0,0.000995823
binComputeKeys,10,1,0.000989121
binComputeKeys,10,2,0.000998919
binComputeKeys,10,3,0.000998018
binComputeKeys,10,4,0.000992778
binComputeKeys,10,5,0.000995192
binComputeKeys,10,6,0.000997025
binComputeKeys,10,7,0.000996054
binComputeKeys,10,8,0.001001205
binComputeKeys,10,9,0.000995353
binSortByKey,10,0,0.012097231
binSortByKey,10,1,0.0121954
binSortByKey,10,2,0.012158098
binSortByKey,10,3,0.011922637
binSortByKey,10,4,0.011825861
binSortByKey,10,5,0.012243895
binSortByKey,10,6,0.011746928
binSortByKey,10,7,0.011936126
binSortByKey,10,8,0.011797109
binSortByKey,10,9,0.011712486
binComputeOffsets,10,0,0.000366114
binComputeOffsets,10,1,0.000363578
binComputeOffsets,10,2,0.000367716
binComputeOffsets,10,3,0.000362998
binComputeOffsets,10,4,0.000366234
binComputeOffsets,10,5,0.00036929
binComputeOffsets,10,6,0.000459703
binComputeOffsets,10,7,0.000365723
binComputeOffsets,10,8,0.000365913
binComputeOffsets,10,9,0.000367998
FFTNUFFT1,10,0,0.23640093
FFTNUFFT1,10,1,0.235459226
FFTNUFFT1,10,2,0.232543182
FFTNUFFT1,10,3,0.231146198
FFTNUFFT1,10,4,0.235491327
FFTNUFFT1,10,5,0.23050661
FFTNUFFT1,10,6,0.229695933
FFTNUFFT1,10,7,0.2291968
FFTNUFFT1,10,8,0.239537802
FFTNUFFT1,10,9,0.228792314
deconvolutionNUFFT1,10,0,0.00060366
deconvolutionNUFFT1,10,1,0.000602859
deconvolutionNUFFT1,10,2,0.00059877
deconvolutionNUFFT1,10,3,0.000608358
deconvolutionNUFFT1,10,4,0.000600333
deconvolutionNUFFT1,10,5,0.000604301
deconvolutionNUFFT1,10,6,0.000602638
deconvolutionNUFFT1,10,7,0.000601136
deconvolutionNUFFT1,10,8,0.000596396
deconvolutionNUFFT1,10,9,0.000606736
GatherPIFNUFFT,10,0,7.297211424
GatherPIFNUFFT,10,1,7.327174291
GatherPIFNUFFT,10,2,7.331897225
GatherPIFNUFFT,10,3,7.326188135
GatherPIFNUFFT,10,4,7.330369872
GatherPIFNUFFT,10,5,7.309674992
GatherPIFNUFFT,10,6,7.308877653
GatherPIFNUFFT,10,7,7.313273348
GatherPIFNUFFT,10,8,7.310801356
GatherPIFNUFFT,10,9,7.31522488
NativeNUFFT2,10,0,2.262545662
NativeNUFFT2,10,1,2.510237344
NativeNUFFT2,10,2,2.504974444
NativeNUFFT2,10,3,2.276284094
NativeNUFFT2,10,4,2.511549808
NativeNUFFT2,10,5,2.519778728
NativeNUFFT2,10,6,2.270186979
NativeNUFFT2,10,7,2.530122781
NativeNUFFT2,10,8,2.512267608
NativeNUFFT2,10,9,2.278923674
NativeNUFFT2,10,10,2.515039351
NativeNUFFT2,10,11,2.512838151
NativeNUFFT2,10,12,2.271382356
NativeNUFFT2,10,13,2.530197425
NativeNUFFT2,10,14,2.509389708
NativeNUFFT2,10,15,2.272333954
NativeNUFFT2,10,16,2.513550872
NativeNUFFT2,10,17,2.504396576
NativeNUFFT2,10,18,2.270477589
NativeNUFFT2,10,19,2.516879338
NativeNUFFT2,10,20,2.502149718
NativeNUFFT2,10,21,2.270173858
NativeNUFFT2,10,22,2.508461568
NativeNUFFT2,10,23,2.515273575
NativeNUFFT2,10,24,2.268792133
NativeNUFFT2,10,25,2.512875886
NativeNUFFT2,10,26,2.509753161
NativeNUFFT2,10,27,2.275906481
NativeNUFFT2,10,28,2.499535228
NativeNUFFT2,10,29,2.520406151
PrecorrectionNUFFT2,10,0,0.001114841
PrecorrectionNUFFT2,10,1,0.00109809
PrecorrectionNUFFT2,10,2,0.001089293
PrecorrectionNUFFT2,10,3,0.001119972
PrecorrectionNUFFT2,10,4,0.001098901
PrecorrectionNUFFT2,10,5,0.00109275
PrecorrectionNUFFT2,10,6,0.001086387
PrecorrectionNUFFT2,10,7,0.001069505
PrecorrectionNUFFT2,10,8,0.001066229
PrecorrectionNUFFT2,10,9,0.001081769
PrecorrectionNUFFT2,10,10,0.001067581
PrecorrectionNUFFT2,10,11,0.001064966
PrecorrectionNUFFT2,10,12,0.001090766
PrecorrectionNUFFT2,10,13,0.001074143
PrecorrectionNUFFT2,10,14,0.001064074
PrecorrectionNUFFT2,10,15,0.001080426
PrecorrectionNUFFT2,10,16,0.001071067
PrecorrectionNUFFT2,10,17,0.001057271
PrecorrectionNUFFT2,10,18,0.001082961
PrecorrectionNUFFT2,10,19,0.001056219
PrecorrectionNUFFT2,10,20,0.001058545
PrecorrectionNUFFT2,10,21,0.001081629
PrecorrectionNUFFT2,10,22,0.001071189
PrecorrectionNUFFT2,10,23,0.001067422
PrecorrectionNUFFT2,10,24,0.001080417
PrecorrectionNUFFT2,10,25,0.001057974
PrecorrectionNUFFT2,10,26,0.001057603
PrecorrectionNUFFT2,10,27,0.001079585
PrecorrectionNUFFT2,10,28,0.001068694
PrecorrectionNUFFT2,10,29,0.001056331
FFTNUFFT2,10,0,0.234219559
FFTNUFFT2,10,1,0.465448173
FFTNUFFT2,10,2,0.479325303
FFTNUFFT2,10,3,0.224651891
FFTNUFFT2,10,4,0.481111034
FFTNUFFT2,10,5,0.464922963
FFTNUFFT2,10,6,0.241572951
FFTNUFFT2,10,7,0.489287473
FFTNUFFT2,10,8,0.483129191
FFTNUFFT2,10,9,0.248883557
FFTNUFFT2,10,10,0.474719544
FFTNUFFT2,10,11,0.47085052
FFTNUFFT2,10,12,0.227756116
FFTNUFFT2,10,13,0.483681802
FFTNUFFT2,10,14,0.477550763
FFTNUFFT2,10,15,0.245496148
FFTNUFFT2,10,16,0.475604142
FFTNUFFT2,10,17,0.479685875
FFTNUFFT2,10,18,0.241769859
FFTNUFFT2,10,19,0.483438489
FFTNUFFT2,10,20,0.470588217
FFTNUFFT2,10,21,0.238878824
FFTNUFFT2,10,22,0.476277243
FFTNUFFT2,10,23,0.489048096
FFTNUFFT2,10,24,0.237651575
FFTNUFFT2,10,25,0.47938142
FFTNUFFT2,10,26,0.48330289
FFTNUFFT2,10,27,0.240121353
FFTNUFFT2,10,28,0.471941578
FFTNUFFT2,10,29,0.484859904
GatherNUFFT2,10,0,2.027201412
GatherNUFFT2,10,1,2.043679219
GatherNUFFT2,10,2,2.024547995
GatherNUFFT2,10,3,2.050500758
GatherNUFFT2,10,4,2.029329805
GatherNUFFT2,10,5,2.053750872
GatherNUFFT2,10,6,2.027517932
GatherNUFFT2,10,7,2.039756356
GatherNUFFT2,10,8,2.028061728
GatherNUFFT2,10,9,2.028947117
GatherNUFFT2,10,10,2.039241667
GatherNUFFT2,10,11,2.040912205
GatherNUFFT2,10,12,2.042525336
GatherNUFFT2,10,13,2.045432381
GatherNUFFT2,10,14,2.030765573
GatherNUFFT2,10,15,2.025748172
GatherNUFFT2,10,16,2.036864961
GatherNUFFT2,10,17,2.023642568
GatherNUFFT2,10,18,2.027613587
GatherNUFFT2,10,19,2.032375352
GatherNUFFT2,10,20,2.030493187
GatherNUFFT2,10,21,2.030202183
GatherNUFFT2,10,22,2.031103357
GatherNUFFT2,10,23,2.02514895
GatherNUFFT2,10,24,2.030050704
GatherNUFFT2,10,25,2.03242553
GatherNUFFT2,10,26,2.025382728
GatherNUFFT2,10,27,2.034695363
GatherNUFFT2,10,28,2.026516109
GatherNUFFT2,10,29,2.034480799
mainTimer,11,0,112.586378684
dumpData,11,0,0.167932931
dumpData,11,1,0.163346428
dumpData,11,2,0.166037439
dumpData,11,3,0.1712221
dumpData,11,4,0.166734699
dumpData,11,5,0.166066955
dumpData,11,6,0.168643412
dumpData,11,7,0.168141438
dumpData,11,8,0.166279147
dumpData,11,9,0.166405009
kick,11,0,0.002087941
kick,11,1,0.002176572
kick,11,2,0.002084214
kick,11,3,0.002178866
kick,11,4,0.002116016
kick,11,5,0.002203433
kick,11,6,0.002096408
kick,11,7,0.002184818
kick,11,8,0.002103251
kick,11,9,0.002206498
kick,11,10,0.002105966
kick,11,11,0.002192984
kick,11,12,0.002114552
kick,11,13,0.002190291
kick,11,14,0.002088956
kick,11,15,0.002195871
kick,11,16,0.002079949
kick,11,17,0.002171936
kick,11,18,0.002113092
kick,11,19,0.002177437
drift,11,0,0.002094113
drift,11,1,0.002105836
drift,11,2,0.002075478
drift,11,3,0.002085286
drift,11,4,0.002079375
drift,11,5,0.002116707
drift,11,6,0.002119702
drift,11,7,0.002086852
drift,11,8,0.002101339
drift,11,9,0.002076973
particleBC,11,0,0.006167179
particleBC,11,1,0.006150778
particleBC,11,2,0.006146789
particleBC,11,3,0.006159303
particleBC,11,4,0.006153152
particleBC,11,5,0.006146019
particleBC,11,6,0.006144345
particleBC,11,7,0.006128612
particleBC,11,8,0.006138441
particleBC,11,9,0.006170393
updateParticle,11,0,0.027090325
updateParticle,11,1,0.026334925
updateParticle,11,2,0.027854485
updateParticle,11,3,0.028021526
updateParticle,11,4,0.025911793
updateParticle,11,5,0.026666614
updateParticle,11,6,0.027862752
updateParticle,11,7,0.026299779
updateParticle,11,8,0.026631828
updateParticle,11,9,0.026091398
locateParticles,11,0,0.007216995
locateParticles,11,1,0.007130669
locateParticles,11,2,0.00718284
locateParticles,11,3,0.007166629
locateParticles,11,4,0.007170657
locateParticles,11,5,0.007196677
locateParticles,11,6,0.007162011
locateParticles,11,7,0.007194901
locateParticles,11,8,0.007139706
locateParticles,11,9,0.007205452
sendPreprocess,11,0,0.001771493
sendPreprocess,11,1,0.001924227
sendPreprocess,11,2,0.001807864
sendPreprocess,11,3,0.001981396
sendPreprocess,11,4,0.001611185
sendPreprocess,11,5,0.001747717
sendPreprocess,11,6,0.001666832
sendPreprocess,11,7,0.001764351
sendPreprocess,11,8,0.00182035
sendPreprocess,11,9,0.001628069
particleSend,11,0,0.001927463
particleSend,11,1,0.00171257
particleSend,11,2,0.001715335
particleSend,11,3,0.001720354
particleSend,11,4,0.001710627
particleSend,11,5,0.001720125
particleSend,11,6,0.002687003
particleSend,11,7,0.001724315
particleSend,11,8,0.002618453
particleSend,11,9,0.001703695
particleRecv,11,0,4.0447e-05
particleRecv,11,1,3.9516e-05
particleRecv,11,2,4.177e-05
particleRecv,11,3,3.9646e-05
particleRecv,11,4,3.9676e-05
particleRecv,11,5,4.2462e-05
particleRecv,11,6,4.4305e-05
particleRecv,11,7,4.0387e-05
particleRecv,11,8,3.8594e-05
particleRecv,11,9,3.8995e-05
particleDestroy,11,0,0.013710771
particleDestroy,11,1,0.013697606
particleDestroy,11,2,0.013676365
particleDestroy,11,3,0.013715401
particleDestroy,11,4,0.013692408
particleDestroy,11,5,0.013784333
particleDestroy,11,6,0.013666526
particleDestroy,11,7,0.013751676
particleDestroy,11,8,0.013735747
particleDestroy,11,9,0.01371724
ScatterPIFNUFFT,11,0,3.622181498
ScatterPIFNUFFT,11,1,0.002502989
ScatterPIFNUFFT,11,2,3.590332266
ScatterPIFNUFFT,11,3,0.002509622
ScatterPIFNUFFT,11,4,3.628299941
ScatterPIFNUFFT,11,5,0.002502788
ScatterPIFNUFFT,11,6,3.646805334
ScatterPIFNUFFT,11,7,0.002507297
ScatterPIFNUFFT,11,8,3.623384267
ScatterPIFNUFFT,11,9,0.002514722
ScatterPIFNUFFT,11,10,3.597440061
ScatterPIFNUFFT,11,11,0.002507357
ScatterPIFNUFFT,11,12,3.663056135
ScatterPIFNUFFT,11,13,0.002517447
ScatterPIFNUFFT,11,14,3.591874165
ScatterPIFNUFFT,11,15,0.002502661
ScatterPIFNUFFT,11,16,3.602758614
ScatterPIFNUFFT,11,17,0.002517029
ScatterPIFNUFFT,11,18,3.572697715
ScatterPIFNUFFT,11,19,0.002515336
NativeNUFFT1,11,0,3.618631377
NativeNUFFT1,11,1,3.586760603
NativeNUFFT1,11,2,3.624753488
NativeNUFFT1,11,3,3.643272957
NativeNUFFT1,11,4,3.619780463
NativeNUFFT1,11,5,3.593897906
NativeNUFFT1,11,6,3.659508489
NativeNUFFT1,11,7,3.588331734
NativeNUFFT1,11,8,3.599199893
NativeNUFFT1,11,9,3.569142731
scatterTimerNUFFT1,11,0,3.381190209
scatterTimerNUFFT1,11,1,3.36464239
scatterTimerNUFFT1,11,2,3.386510875
scatterTimerNUFFT1,11,3,3.401824274
scatterTimerNUFFT1,11,4,3.372550934
scatterTimerNUFFT1,11,5,3.355193657
scatterTimerNUFFT1,11,6,3.418567682
scatterTimerNUFFT1,11,7,3.347466894
scatterTimerNUFFT1,11,8,3.363924857
scatterTimerNUFFT1,11,9,3.329410035
binSort,11,0,0.014009725
binSort,11,1,0.01400107
binSort,11,2,0.013982253
binSort,11,3,0.013930885
binSort,11,4,0.014005939
binSort,11,5,0.013920676
binSort,11,6,0.013985059
binSort,11,7,0.014005975
binSort,11,8,0.013968013
binSort,11,9,0.013944227
binComputeKeys,11,0,0.001055738
binComputeKeys,11,1,0.001058914
binComputeKeys,11,2,0.00105658
binComputeKeys,11,3,0.001056219
binComputeKeys,11,4,0.001060437
binComputeKeys,11,5,0.00104615
binComputeKeys,11,6,0.001049647
binComputeKeys,11,7,0.001049898
binComputeKeys,11,8,0.001051802
binComputeKeys,11,9,0.001054116
binSortByKey,11,0,0.012567034
binSortByKey,11,1,0.012552707
binSortByKey,11,2,0.012537157
binSortByKey,11,3,0.012485808
binSortByKey,11,4,0.012556244
binSortByKey,11,5,0.012486049
binSortByKey,11,6,0.012548909
binSortByKey,11,7,0.012570336
binSortByKey,11,8,0.012527212
binSortByKey,11,9,0.012503397
binComputeOffsets,11,0,0.000383918
binComputeOffsets,11,1,0.000385832
binComputeOffsets,11,2,0.000385
binComputeOffsets,11,3,0.00038543
binComputeOffsets,11,4,0.00038535
binComputeOffsets,11,5,0.000385
binComputeOffsets,11,6,0.000383256
binComputeOffsets,11,7,0.000382646
binComputeOffsets,11,8,0.000383818
binComputeOffsets,11,9,0.000383417
FFTNUFFT1,11,0,0.236828831
FFTNUFFT1,11,1,0.221512279
FFTNUFFT1,11,2,0.237632781
FFTNUFFT1,11,3,0.240843751
FFTNUFFT1,11,4,0.246614968
FFTNUFFT1,11,5,0.238099438
FFTNUFFT1,11,6,0.240338369
FFTNUFFT1,11,7,0.240256591
FFTNUFFT1,11,8,0.234661307
FFTNUFFT1,11,9,0.23913139
deconvolutionNUFFT1,11,0,0.000608388
deconvolutionNUFFT1,11,1,0.000601736
deconvolutionNUFFT1,11,2,0.000605603
deconvolutionNUFFT1,11,3,0.000600845
deconvolutionNUFFT1,11,4,0.000610062
deconvolutionNUFFT1,11,5,0.000600764
deconvolutionNUFFT1,11,6,0.000598199
deconvolutionNUFFT1,11,7,0.000604242
deconvolutionNUFFT1,11,8,0.000608019
deconvolutionNUFFT1,11,9,0.000596977
GatherPIFNUFFT,11,0,7.418775169
GatherPIFNUFFT,11,1,7.463575041
GatherPIFNUFFT,11,2,7.444351869
GatherPIFNUFFT,11,3,7.436917934
GatherPIFNUFFT,11,4,7.441311467
GatherPIFNUFFT,11,5,7.422810343
GatherPIFNUFFT,11,6,7.420879239
GatherPIFNUFFT,11,7,7.420433705
GatherPIFNUFFT,11,8,7.438514053
GatherPIFNUFFT,11,9,7.421502971
NativeNUFFT2,11,0,2.385454112
NativeNUFFT2,11,1,2.50713269
NativeNUFFT2,11,2,2.506027104
NativeNUFFT2,11,3,2.413569483
NativeNUFFT2,11,4,2.509157121
NativeNUFFT2,11,5,2.520673416
NativeNUFFT2,11,6,2.389264046
NativeNUFFT2,11,7,2.529495727
NativeNUFFT2,11,8,2.505483072
NativeNUFFT2,11,9,2.386676235
NativeNUFFT2,11,10,2.517517843
NativeNUFFT2,11,11,2.512545369
NativeNUFFT2,11,12,2.380754778
NativeNUFFT2,11,13,2.529798598
NativeNUFFT2,11,14,2.510615072
NativeNUFFT2,11,15,2.385315609
NativeNUFFT2,11,16,2.513365095
NativeNUFFT2,11,17,2.503897868
NativeNUFFT2,11,18,2.384321491
NativeNUFFT2,11,19,2.510422274
NativeNUFFT2,11,20,2.50595966
NativeNUFFT2,11,21,2.385066049
NativeNUFFT2,11,22,2.499400278
NativeNUFFT2,11,23,2.515673214
NativeNUFFT2,11,24,2.393012818
NativeNUFFT2,11,25,2.515657243
NativeNUFFT2,11,26,2.509619122
NativeNUFFT2,11,27,2.383324042
NativeNUFFT2,11,28,2.5014293
NativeNUFFT2,11,29,2.516323732
PrecorrectionNUFFT2,11,0,0.00108771
PrecorrectionNUFFT2,11,1,0.001066479
PrecorrectionNUFFT2,11,2,0.001054666
PrecorrectionNUFFT2,11,3,0.001078001
PrecorrectionNUFFT2,11,4,0.00105674
PrecorrectionNUFFT2,11,5,0.00105682
PrecorrectionNUFFT2,11,6,0.001086147
PrecorrectionNUFFT2,11,7,0.001067551
PrecorrectionNUFFT2,11,8,0.001076759
PrecorrectionNUFFT2,11,9,0.001081859
PrecorrectionNUFFT2,11,10,0.001064095
PrecorrectionNUFFT2,11,11,0.001055368
PrecorrectionNUFFT2,11,12,0.001079805
PrecorrectionNUFFT2,11,13,0.001066078
PrecorrectionNUFFT2,11,14,0.001063383
PrecorrectionNUFFT2,11,15,0.001087238
PrecorrectionNUFFT2,11,16,0.001059436
PrecorrectionNUFFT2,11,17,0.001068262
PrecorrectionNUFFT2,11,18,0.0010824
PrecorrectionNUFFT2,11,19,0.001158295
PrecorrectionNUFFT2,11,20,0.001062021
PrecorrectionNUFFT2,11,21,0.00108156
PrecorrectionNUFFT2,11,22,0.001063385
PrecorrectionNUFFT2,11,23,0.001060268
PrecorrectionNUFFT2,11,24,0.001077091
PrecorrectionNUFFT2,11,25,0.001063184
PrecorrectionNUFFT2,11,26,0.001066611
PrecorrectionNUFFT2,11,27,0.001122378
PrecorrectionNUFFT2,11,28,0.001097179
PrecorrectionNUFFT2,11,29,0.001108752
FFTNUFFT2,11,0,0.228761744
FFTNUFFT2,11,1,0.350885907
FFTNUFFT2,11,2,0.344215423
FFTNUFFT2,11,3,0.250695939
FFTNUFFT2,11,4,0.344745532
FFTNUFFT2,11,5,0.351329922
FFTNUFFT2,11,6,0.245370467
FFTNUFFT2,11,7,0.375559482
FFTNUFFT2,11,8,0.345805578
FFTNUFFT2,11,9,0.226471828
FFTNUFFT2,11,10,0.361328101
FFTNUFFT2,11,11,0.360811738
FFTNUFFT2,11,12,0.225235092
FFTNUFFT2,11,13,0.359302529
FFTNUFFT2,11,14,0.343193309
FFTNUFFT2,11,15,0.222086032
FFTNUFFT2,11,16,0.340977242
FFTNUFFT2,11,17,0.343923533
FFTNUFFT2,11,18,0.226636595
FFTNUFFT2,11,19,0.345103258
FFTNUFFT2,11,20,0.352283476
FFTNUFFT2,11,21,0.23865816
FFTNUFFT2,11,22,0.336511636
FFTNUFFT2,11,23,0.358791228
FFTNUFFT2,11,24,0.230035935
FFTNUFFT2,11,25,0.359254106
FFTNUFFT2,11,26,0.345496208
FFTNUFFT2,11,27,0.239077297
FFTNUFFT2,11,28,0.342347645
FFTNUFFT2,11,29,0.350351442
GatherNUFFT2,11,0,2.155593466
GatherNUFFT2,11,1,2.155170214
GatherNUFFT2,11,2,2.160745843
GatherNUFFT2,11,3,2.161785033
GatherNUFFT2,11,4,2.163344189
GatherNUFFT2,11,5,2.168275833
GatherNUFFT2,11,6,2.142796701
GatherNUFFT2,11,7,2.152859616
GatherNUFFT2,11,8,2.158590275
GatherNUFFT2,11,9,2.159111036
GatherNUFFT2,11,10,2.155115739
GatherNUFFT2,11,11,2.150668145
GatherNUFFT2,11,12,2.154430573
GatherNUFFT2,11,13,2.169419842
GatherNUFFT2,11,14,2.16634837
GatherNUFFT2,11,15,2.162132189
GatherNUFFT2,11,16,2.171318029
GatherNUFFT2,11,17,2.158896154
GatherNUFFT2,11,18,2.156592006
GatherNUFFT2,11,19,2.164150872
GatherNUFFT2,11,20,2.152604064
GatherNUFFT2,11,21,2.145316321
GatherNUFFT2,11,22,2.161815279
GatherNUFFT2,11,23,2.15581199
GatherNUFFT2,11,24,2.161889502
GatherNUFFT2,11,25,2.155330073
GatherNUFFT2,11,26,2.163046195
GatherNUFFT2,11,27,2.143114059
GatherNUFFT2,11,28,2.157973655
GatherNUFFT2,11,29,2.164854241
mainTimer,12,0,112.586378704
dumpData,12,0,0.181854347
dumpData,12,1,0.178753179
dumpData,12,2,0.162840056
dumpData,12,3,0.166079009
dumpData,12,4,0.167126622
dumpData,12,5,0.162416643
dumpData,12,6,0.182831308
dumpData,12,7,0.162531032
dumpData,12,8,0.16520383
dumpData,12,9,0.160416527
kick,12,0,0.002146614
kick,12,1,0.00223291
kick,12,2,0.002142346
kick,12,3,0.002247157
kick,12,4,0.002151834
kick,12,5,0.00225929
kick,12,6,0.002145031
kick,12,7,0.002205087
kick,12,8,0.002117619
kick,12,9,0.002239201
kick,12,10,0.002176682
kick,12,11,0.002237018
kick,12,12,0.002130814
kick,12,13,0.002213135
kick,12,14,0.002125226
kick,12,15,0.002251679
kick,12,16,0.002124604
kick,12,17,0.002258953
kick,12,18,0.002159091
kick,12,19,0.002232982
drift,12,0,0.002079796
drift,12,1,0.002073534
drift,12,2,0.00206633
drift,12,3,0.002073874
drift,12,4,0.002084625
drift,12,5,0.00207695
drift,12,6,0.002075126
drift,12,7,0.002089407
drift,12,8,0.002072053
drift,12,9,0.002051223
particleBC,12,0,0.006134245
particleBC,12,1,0.006233656
particleBC,12,2,0.006176626
particleBC,12,3,0.006223688
particleBC,12,4,0.006154796
particleBC,12,5,0.00616219
particleBC,12,6,0.006178831
particleBC,12,7,0.006165062
particleBC,12,8,0.006136166
particleBC,12,9,0.006142819
updateParticle,12,0,0.027296492
updateParticle,12,1,0.026262406
updateParticle,12,2,0.027611338
updateParticle,12,3,0.027783469
updateParticle,12,4,0.025867668
updateParticle,12,5,0.026498069
updateParticle,12,6,0.027733273
updateParticle,12,7,0.026207462
updateParticle,12,8,0.026124493
updateParticle,12,9,0.026080247
locateParticles,12,0,0.006679723
locateParticles,12,1,0.006711544
locateParticles,12,2,0.006639697
locateParticles,12,3,0.006655617
locateParticles,12,4,0.00668293
locateParticles,12,5,0.006707377
locateParticles,12,6,0.006666989
locateParticles,12,7,0.006713777
locateParticles,12,8,0.006686735
locateParticles,12,9,0.006758543
sendPreprocess,12,0,0.002297975
sendPreprocess,12,1,0.002234463
sendPreprocess,12,2,0.002293466
sendPreprocess,12,3,0.002391023
sendPreprocess,12,4,0.002076529
sendPreprocess,12,5,0.002189796
sendPreprocess,12,6,0.0021547
sendPreprocess,12,7,0.002168609
sendPreprocess,12,8,0.002260165
sendPreprocess,12,9,0.002082173
particleSend,12,0,0.001686941
particleSend,12,1,0.00169124
particleSend,12,2,0.002920711
particleSend,12,3,0.001703042
particleSend,12,4,0.00168136
particleSend,12,5,0.001774449
particleSend,12,6,0.0017435
particleSend,12,7,0.001688346
particleSend,12,8,0.001693986
particleSend,12,9,0.001682184
particleRecv,12,0,3.6811e-05
particleRecv,12,1,4.0869e-05
particleRecv,12,2,4.0688e-05
particleRecv,12,3,4.0307e-05
particleRecv,12,4,3.5899e-05
particleRecv,12,5,4.3354e-05
particleRecv,12,6,4.1369e-05
particleRecv,12,7,3.7402e-05
particleRecv,12,8,3.8825e-05
particleRecv,12,9,3.6661e-05
particleDestroy,12,0,0.012902078
particleDestroy,12,1,0.012780424
particleDestroy,12,2,0.012761026
particleDestroy,12,3,0.01276221
particleDestroy,12,4,0.012817245
particleDestroy,12,5,0.012853466
particleDestroy,12,6,0.012732071
particleDestroy,12,7,0.012794346
particleDestroy,12,8,0.012776232
particleDestroy,12,9,0.012809085
ScatterPIFNUFFT,12,0,3.624300919
ScatterPIFNUFFT,12,1,0.002504071
ScatterPIFNUFFT,12,2,3.599271982
ScatterPIFNUFFT,12,3,0.002509521
ScatterPIFNUFFT,12,4,3.615914816
ScatterPIFNUFFT,12,5,0.002512036
ScatterPIFNUFFT,12,6,3.645103293
ScatterPIFNUFFT,12,7,0.00250357
ScatterPIFNUFFT,12,8,3.603366698
ScatterPIFNUFFT,12,9,0.002505554
ScatterPIFNUFFT,12,10,3.58519216
ScatterPIFNUFFT,12,11,0.002503921
ScatterPIFNUFFT,12,12,3.645880026
ScatterPIFNUFFT,12,13,0.002506566
ScatterPIFNUFFT,12,14,3.574248692
ScatterPIFNUFFT,12,15,0.002514393
ScatterPIFNUFFT,12,16,3.592605295
ScatterPIFNUFFT,12,17,0.002511518
ScatterPIFNUFFT,12,18,3.556368223
ScatterPIFNUFFT,12,19,0.002510968
NativeNUFFT1,12,0,3.62078315
NativeNUFFT1,12,1,3.59571615
NativeNUFFT1,12,2,3.612358083
NativeNUFFT1,12,3,3.641552451
NativeNUFFT1,12,4,3.599811568
NativeNUFFT1,12,5,3.581634325
NativeNUFFT1,12,6,3.642338882
NativeNUFFT1,12,7,3.570686062
NativeNUFFT1,12,8,3.589058157
NativeNUFFT1,12,9,3.552826224
scatterTimerNUFFT1,12,0,3.380457592
scatterTimerNUFFT1,12,1,3.363582173
scatterTimerNUFFT1,12,2,3.38651843
scatterTimerNUFFT1,12,3,3.401230904
scatterTimerNUFFT1,12,4,3.372529031
scatterTimerNUFFT1,12,5,3.35453435
scatterTimerNUFFT1,12,6,3.418294518
scatterTimerNUFFT1,12,7,3.347072806
scatterTimerNUFFT1,12,8,3.36407222
scatterTimerNUFFT1,12,9,3.329399445
binSort,12,0,0.013967884
binSort,12,1,0.013998305
binSort,12,2,0.013893112
binSort,12,3,0.013912409
binSort,12,4,0.013949531
binSort,12,5,0.013908162
binSort,12,6,0.013937347
binSort,12,7,0.013951611
binSort,12,8,0.013896505
binSort,12,9,0.013957282
binComputeKeys,12,0,0.001068854
binComputeKeys,12,1,0.001071027
binComputeKeys,12,2,0.001062101
binComputeKeys,12,3,0.001066799
binComputeKeys,12,4,0.001071638
binComputeKeys,12,5,0.001069685
binComputeKeys,12,6,0.001071418
binComputeKeys,12,7,0.001070278
binComputeKeys,12,8,0.001057914
binComputeKeys,12,9,0.001071039
binSortByKey,12,0,0.012510595
binSortByKey,12,1,0.012539201
binSortByKey,12,2,0.012444098
binSortByKey,12,3,0.01246072
binSortByKey,12,4,0.012490899
binSortByKey,12,5,0.012456062
binSortByKey,12,6,0.01248156
binSortByKey,12,7,0.012496664
binSortByKey,12,8,0.012452408
binSortByKey,12,9,0.012500942
binComputeOffsets,12,0,0.000385
binComputeOffsets,12,1,0.000384449
binComputeOffsets,12,2,0.000383828
binComputeOffsets,12,3,0.000381744
binComputeOffsets,12,4,0.000383517
binComputeOffsets,12,5,0.000379148
binComputeOffsets,12,6,0.000380992
binComputeOffsets,12,7,0.000381353
binComputeOffsets,12,8,0.000381964
binComputeOffsets,12,9,0.000382154
FFTNUFFT1,12,0,0.239725326
FFTNUFFT1,12,1,0.231522543
FFTNUFFT1,12,2,0.225228159
FFTNUFFT1,12,3,0.239716946
FFTNUFFT1,12,4,0.226678095
FFTNUFFT1,12,5,0.226486987
FFTNUFFT1,12,6,0.223440714
FFTNUFFT1,12,7,0.223007822
FFTNUFFT1,12,8,0.224381645
FFTNUFFT1,12,9,0.222816817
deconvolutionNUFFT1,12,0,0.000596767
deconvolutionNUFFT1,12,1,0.000607868
deconvolutionNUFFT1,12,2,0.000607747
deconvolutionNUFFT1,12,3,0.000600864
deconvolutionNUFFT1,12,4,0.000600193
deconvolutionNUFFT1,12,5,0.000609121
deconvolutionNUFFT1,12,6,0.000600093
deconvolutionNUFFT1,12,7,0.000601887
deconvolutionNUFFT1,12,8,0.000599783
deconvolutionNUFFT1,12,9,0.000606325
GatherPIFNUFFT,12,0,7.402470674
GatherPIFNUFFT,12,1,7.439138022
GatherPIFNUFFT,12,2,7.460069958
GatherPIFNUFFT,12,3,7.443887704
GatherPIFNUFFT,12,4,7.460941401
GatherPIFNUFFT,12,5,7.438779284
GatherPIFNUFFT,12,6,7.424008574
GatherPIFNUFFT,12,7,7.443631271
GatherPIFNUFFT,12,8,7.45015902
GatherPIFNUFFT,12,9,7.443784065
NativeNUFFT2,12,0,2.366418982
NativeNUFFT2,12,1,2.524141447
NativeNUFFT2,12,2,2.491511766
NativeNUFFT2,12,3,2.395696615
NativeNUFFT2,12,4,2.519043485
NativeNUFFT2,12,5,2.504056572
NativeNUFFT2,12,6,2.388923201
NativeNUFFT2,12,7,2.543193373
NativeNUFFT2,12,8,2.507562448
NativeNUFFT2,12,9,2.391834905
NativeNUFFT2,12,10,2.514746398
NativeNUFFT2,12,11,2.517183611
NativeNUFFT2,12,12,2.404467486
NativeNUFFT2,12,13,2.527438635
NativeNUFFT2,12,14,2.508921197
NativeNUFFT2,12,15,2.402374705
NativeNUFFT2,12,16,2.510617487
NativeNUFFT2,12,17,2.505358053
NativeNUFFT2,12,18,2.390083802
NativeNUFFT2,12,19,2.526010237
NativeNUFFT2,12,20,2.487502278
NativeNUFFT2,12,21,2.402316772
NativeNUFFT2,12,22,2.502242402
NativeNUFFT2,12,23,2.51890175
NativeNUFFT2,12,24,2.391269257
NativeNUFFT2,12,25,2.530578036
NativeNUFFT2,12,26,2.508097878
NativeNUFFT2,12,27,2.387617646
NativeNUFFT2,12,28,2.519616312
NativeNUFFT2,12,29,2.516406191
PrecorrectionNUFFT2,12,0,0.001119712
PrecorrectionNUFFT2,12,1,0.001119611
PrecorrectionNUFFT2,12,2,0.00109311
PrecorrectionNUFFT2,12,3,0.001124801
PrecorrectionNUFFT2,12,4,0.001101156
PrecorrectionNUFFT2,12,5,0.001098892
PrecorrectionNUFFT2,12,6,0.001130512
PrecorrectionNUFFT2,12,7,0.001102168
PrecorrectionNUFFT2,12,8,0.001091067
PrecorrectionNUFFT2,12,9,0.001072991
PrecorrectionNUFFT2,12,10,0.001055859
PrecorrectionNUFFT2,12,11,0.001067461
PrecorrectionNUFFT2,12,12,0.001071699
PrecorrectionNUFFT2,12,13,0.001062071
PrecorrectionNUFFT2,12,14,0.001065156
PrecorrectionNUFFT2,12,15,0.001125863
PrecorrectionNUFFT2,12,16,0.001107978
PrecorrectionNUFFT2,12,17,0.001096727
PrecorrectionNUFFT2,12,18,0.001120272
PrecorrectionNUFFT2,12,19,0.00110321
PrecorrectionNUFFT2,12,20,0.001106628
PrecorrectionNUFFT2,12,21,0.001090416
PrecorrectionNUFFT2,12,22,0.001062322
PrecorrectionNUFFT2,12,23,0.001059958
PrecorrectionNUFFT2,12,24,0.001069506
PrecorrectionNUFFT2,12,25,0.001069827
PrecorrectionNUFFT2,12,26,0.001066601
PrecorrectionNUFFT2,12,27,0.001084355
PrecorrectionNUFFT2,12,28,0.001069576
PrecorrectionNUFFT2,12,29,0.001064406
FFTNUFFT2,12,0,0.215597724
FFTNUFFT2,12,1,0.359661678
FFTNUFFT2,12,2,0.359489106
FFTNUFFT2,12,3,0.226216067
FFTNUFFT2,12,4,0.37233132
FFTNUFFT2,12,5,0.342244778
FFTNUFFT2,12,6,0.240554615
FFTNUFFT2,12,7,0.380236739
FFTNUFFT2,12,8,0.361314154
FFTNUFFT2,12,9,0.244644272
FFTNUFFT2,12,10,0.358926336
FFTNUFFT2,12,11,0.351354789
FFTNUFFT2,12,12,0.232855563
FFTNUFFT2,12,13,0.346368861
FFTNUFFT2,12,14,0.36054689
FFTNUFFT2,12,15,0.249294116
FFTNUFFT2,12,16,0.348051553
FFTNUFFT2,12,17,0.352691117
FFTNUFFT2,12,18,0.25068604
FFTNUFFT2,12,19,0.377150044
FFTNUFFT2,12,20,0.349751328
FFTNUFFT2,12,21,0.248087185
FFTNUFFT2,12,22,0.352385501
FFTNUFFT2,12,23,0.369256327
FFTNUFFT2,12,24,0.25773783
FFTNUFFT2,12,25,0.373718593
FFTNUFFT2,12,26,0.359838859
FFTNUFFT2,12,27,0.250078535
FFTNUFFT2,12,28,0.369294108
FFTNUFFT2,12,29,0.366550472
GatherNUFFT2,12,0,2.149689664
GatherNUFFT2,12,1,2.16335029
GatherNUFFT2,12,2,2.130918448
GatherNUFFT2,12,3,2.168344465
GatherNUFFT2,12,4,2.145601601
GatherNUFFT2,12,5,2.160701802
GatherNUFFT2,12,6,2.147227234
GatherNUFFT2,12,7,2.161843917
GatherNUFFT2,12,8,2.145147027
GatherNUFFT2,12,9,2.146107292
GatherNUFFT2,12,10,2.154754265
GatherNUFFT2,12,11,2.164750119
GatherNUFFT2,12,12,2.170530545
GatherNUFFT2,12,13,2.179996583
GatherNUFFT2,12,14,2.147299693
GatherNUFFT2,12,15,2.151945519
GatherNUFFT2,12,16,2.161445632
GatherNUFFT2,12,17,2.151559088
GatherNUFFT2,12,18,2.138266779
GatherNUFFT2,12,19,2.147746844
GatherNUFFT2,12,20,2.136632671
GatherNUFFT2,12,21,2.153127698
GatherNUFFT2,12,22,2.148785562
GatherNUFFT2,12,23,2.148574675
GatherNUFFT2,12,24,2.13245086
GatherNUFFT2,12,25,2.155779177
GatherNUFFT2,12,26,2.14718313
GatherNUFFT2,12,27,2.136445328
GatherNUFFT2,12,28,2.14924278
GatherNUFFT2,12,29,2.148780662
mainTimer,13,0,112.586379155
dumpData,13,0,0.027315299
dumpData,13,1,0.041652575
dumpData,13,2,0.038728417
dumpData,13,3,0.043509513
dumpData,13,4,0.045614738
dumpData,13,5,0.027260414
dumpData,13,6,0.042344674
dumpData,13,7,0.026160491
dumpData,13,8,0.0290261
dumpData,13,9,0.027912589
kick,13,0,0.002297855
kick,13,1,0.002388078
kick,13,2,0.002322853
kick,13,3,0.002393398
kick,13,4,0.002300931
kick,13,5,0.002410992
kick,13,6,0.002318965
kick,13,7,0.002406292
kick,13,8,0.002276814
kick,13,9,0.002405892
kick,13,10,0.002294298
kick,13,11,0.002418056
kick,13,12,0.002291923
kick,13,13,0.002387981
kick,13,14,0.0022888
kick,13,15,0.002419101
kick,13,16,0.002287317
kick,13,17,0.002400495
kick,13,18,0.002304449
kick,13,19,0.002390896
drift,13,0,0.00227959
drift,13,1,0.002256535
drift,13,2,0.00224853
drift,13,3,0.002279259
drift,13,4,0.002261996
drift,13,5,0.002276333
drift,13,6,0.002266044
drift,13,7,0.002256959
drift,13,8,0.002255075
drift,13,9,0.002260305
particleBC,13,0,0.006650477
particleBC,13,1,0.006654104
particleBC,13,2,0.006620959
particleBC,13,3,0.006607224
particleBC,13,4,0.006590132
particleBC,13,5,0.006650648
particleBC,13,6,0.006607565
particleBC,13,7,0.006568046
particleBC,13,8,0.006584869
particleBC,13,9,0.006634635
updateParticle,13,0,0.026669788
updateParticle,13,1,0.025653176
updateParticle,13,2,0.026845487
updateParticle,13,3,0.027222902
updateParticle,13,4,0.025323753
updateParticle,13,5,0.026039829
updateParticle,13,6,0.027288779
updateParticle,13,7,0.025787866
updateParticle,13,8,0.025563934
updateParticle,13,9,0.025461477
locateParticles,13,0,0.007458118
locateParticles,13,1,0.007413663
locateParticles,13,2,0.007489519
locateParticles,13,3,0.007414636
locateParticles,13,4,0.007407311
locateParticles,13,5,0.007484299
locateParticles,13,6,0.007473469
locateParticles,13,7,0.007407621
locateParticles,13,8,0.007476744
locateParticles,13,9,0.007481713
sendPreprocess,13,0,0.000650891
sendPreprocess,13,1,0.000748579
sendPreprocess,13,2,0.000667252
sendPreprocess,13,3,0.000867347
sendPreprocess,13,4,0.000580134
sendPreprocess,13,5,0.00060904
sendPreprocess,13,6,0.000568131
sendPreprocess,13,7,0.000740374
sendPreprocess,13,8,0.000676681
sendPreprocess,13,9,0.000513858
particleSend,13,0,0.002653959
particleSend,13,1,0.001730866
particleSend,13,2,0.002912105
particleSend,13,3,0.001724704
particleSend,13,4,0.001723742
particleSend,13,5,0.001765001
particleSend,13,6,0.002718353
particleSend,13,7,0.001779522
particleSend,13,8,0.001734734
particleSend,13,9,0.001722601
particleRecv,13,0,3.9636e-05
particleRecv,13,1,3.5288e-05
particleRecv,13,2,4.3213e-05
particleRecv,13,3,3.7532e-05
particleRecv,13,4,3.7371e-05
particleRecv,13,5,3.667e-05
particleRecv,13,6,3.644e-05
particleRecv,13,7,4.4846e-05
particleRecv,13,8,3.8254e-05
particleRecv,13,9,3.9246e-05
particleDestroy,13,0,0.014319721
particleDestroy,13,1,0.014399735
particleDestroy,13,2,0.014309361
particleDestroy,13,3,0.01429216
particleDestroy,13,4,0.014325935
particleDestroy,13,5,0.014332507
particleDestroy,13,6,0.014413411
particleDestroy,13,7,0.014421595
particleDestroy,13,8,0.014335078
particleDestroy,13,9,0.014403429
ScatterPIFNUFFT,13,0,3.612515116
ScatterPIFNUFFT,13,1,0.002505253
ScatterPIFNUFFT,13,2,3.599188371
ScatterPIFNUFFT,13,3,0.002507567
ScatterPIFNUFFT,13,4,3.626232509
ScatterPIFNUFFT,13,5,0.002507438
ScatterPIFNUFFT,13,6,3.643338743
ScatterPIFNUFFT,13,7,0.00251952
ScatterPIFNUFFT,13,8,3.614880869
ScatterPIFNUFFT,13,9,0.002503961
ScatterPIFNUFFT,13,10,3.59534205
ScatterPIFNUFFT,13,11,0.002509381
ScatterPIFNUFFT,13,12,3.655656819
ScatterPIFNUFFT,13,13,0.002507979
ScatterPIFNUFFT,13,14,3.587133381
ScatterPIFNUFFT,13,15,0.00250242
ScatterPIFNUFFT,13,16,3.603965595
ScatterPIFNUFFT,13,17,0.002504034
ScatterPIFNUFFT,13,18,3.568606701
ScatterPIFNUFFT,13,19,0.002506979
NativeNUFFT1,13,0,3.608753811
NativeNUFFT1,13,1,3.595435821
NativeNUFFT1,13,2,3.622463769
NativeNUFFT1,13,3,3.639608396
NativeNUFFT1,13,4,3.611141455
NativeNUFFT1,13,5,3.591571417
NativeNUFFT1,13,6,3.651893809
NativeNUFFT1,13,7,3.583360217
NativeNUFFT1,13,8,3.600224222
NativeNUFFT1,13,9,3.564844809
scatterTimerNUFFT1,13,0,3.379633438
scatterTimerNUFFT1,13,1,3.363744235
scatterTimerNUFFT1,13,2,3.385956871
scatterTimerNUFFT1,13,3,3.401306359
scatterTimerNUFFT1,13,4,3.371756587
scatterTimerNUFFT1,13,5,3.35449771
scatterTimerNUFFT1,13,6,3.417327891
scatterTimerNUFFT1,13,7,3.346109153
scatterTimerNUFFT1,13,8,3.364188113
scatterTimerNUFFT1,13,9,3.328621599
binSort,13,0,0.014836273
binSort,13,1,0.014826686
binSort,13,2,0.014848347
binSort,13,3,0.014851744
binSort,13,4,0.014832187
binSort,13,5,0.01480758
binSort,13,6,0.014829251
binSort,13,7,0.014818147
binSort,13,8,0.014854326
binSort,13,9,0.014852613
binComputeKeys,13,0,0.001148917
binComputeKeys,13,1,0.001145611
binComputeKeys,13,2,0.001150411
binComputeKeys,13,3,0.001143427
binComputeKeys,13,4,0.001148336
binComputeKeys,13,5,0.001143767
binComputeKeys,13,6,0.001142595
binComputeKeys,13,7,0.001136164
binComputeKeys,13,8,0.001147476
binComputeKeys,13,9,0.001147927
binSortByKey,13,0,0.013284693
binSortByKey,13,1,0.01327767
binSortByKey,13,2,0.013291596
binSortByKey,13,3,0.013300594
binSortByKey,13,4,0.013278682
binSortByKey,13,5,0.013258964
binSortByKey,13,6,0.01328322
binSortByKey,13,7,0.013275461
binSortByKey,13,8,0.013301521
binSortByKey,13,9,0.013297763
binComputeOffsets,13,0,0.000399878
binComputeOffsets,13,1,0.000400199
binComputeOffsets,13,2,0.000403174
binComputeOffsets,13,3,0.000404537
binComputeOffsets,13,4,0.000401472
binComputeOffsets,13,5,0.000401843
binComputeOffsets,13,6,0.000400088
binComputeOffsets,13,7,0.000403336
binComputeOffsets,13,8,0.00040053
binComputeOffsets,13,9,0.000403466
FFTNUFFT1,13,0,0.228306639
FFTNUFFT1,13,1,0.23089162
FFTNUFFT1,13,2,0.235689257
FFTNUFFT1,13,3,0.237485818
FFTNUFFT1,13,4,0.238570222
FFTNUFFT1,13,5,0.236257218
FFTNUFFT1,13,6,0.233751214
FFTNUFFT1,13,7,0.236444393
FFTNUFFT1,13,8,0.235222536
FFTNUFFT1,13,9,0.235410067
deconvolutionNUFFT1,13,0,0.000808754
deconvolutionNUFFT1,13,1,0.0007961
deconvolutionNUFFT1,13,2,0.000814084
deconvolutionNUFFT1,13,3,0.000812662
deconvolutionNUFFT1,13,4,0.000810708
deconvolutionNUFFT1,13,5,0.000812421
deconvolutionNUFFT1,13,6,0.000810887
deconvolutionNUFFT1,13,7,0.000803114
deconvolutionNUFFT1,13,8,0.000809076
deconvolutionNUFFT1,13,9,0.000809376
GatherPIFNUFFT,13,0,7.568399965
GatherPIFNUFFT,13,1,7.576007281
GatherPIFNUFFT,13,2,7.57369593
GatherPIFNUFFT,13,3,7.567791655
GatherPIFNUFFT,13,4,7.570527203
GatherPIFNUFFT,13,5,7.563278156
GatherPIFNUFFT,13,6,7.554192735
GatherPIFNUFFT,13,7,7.566652219
GatherPIFNUFFT,13,8,7.574609206
GatherPIFNUFFT,13,9,7.563673462
NativeNUFFT2,13,0,2.51819934
NativeNUFFT2,13,1,2.506904132
NativeNUFFT2,13,2,2.522019696
NativeNUFFT2,13,3,2.529078073
NativeNUFFT2,13,4,2.506850991
NativeNUFFT2,13,5,2.519010832
NativeNUFFT2,13,6,2.533018164
NativeNUFFT2,13,7,2.512940389
NativeNUFFT2,13,8,2.506381579
NativeNUFFT2,13,9,2.521639992
NativeNUFFT2,13,10,2.513286203
NativeNUFFT2,13,11,2.511518968
NativeNUFFT2,13,12,2.514592753
NativeNUFFT2,13,13,2.52409479
NativeNUFFT2,13,14,2.510532573
NativeNUFFT2,13,15,2.512955969
NativeNUFFT2,13,16,2.517132323
NativeNUFFT2,13,17,2.511867479
NativeNUFFT2,13,18,2.513624564
NativeNUFFT2,13,19,2.512396953
NativeNUFFT2,13,20,2.506994439
NativeNUFFT2,13,21,2.512157271
NativeNUFFT2,13,22,2.509645745
NativeNUFFT2,13,23,2.523507945
NativeNUFFT2,13,24,2.524376973
NativeNUFFT2,13,25,2.509443908
NativeNUFFT2,13,26,2.519375168
NativeNUFFT2,13,27,2.511508856
NativeNUFFT2,13,28,2.515653465
NativeNUFFT2,13,29,2.515274776
PrecorrectionNUFFT2,13,0,0.001314015
PrecorrectionNUFFT2,13,1,0.001291831
PrecorrectionNUFFT2,13,2,0.001288455
PrecorrectionNUFFT2,13,3,0.00129612
PrecorrectionNUFFT2,13,4,0.001269879
PrecorrectionNUFFT2,13,5,0.001268697
PrecorrectionNUFFT2,13,6,0.001308775
PrecorrectionNUFFT2,13,7,0.001288185
PrecorrectionNUFFT2,13,8,0.001288606
PrecorrectionNUFFT2,13,9,0.001309666
PrecorrectionNUFFT2,13,10,0.001281052
PrecorrectionNUFFT2,13,11,0.001291021
PrecorrectionNUFFT2,13,12,0.001293485
PrecorrectionNUFFT2,13,13,0.00127023
PrecorrectionNUFFT2,13,14,0.001268858
PrecorrectionNUFFT2,13,15,0.001328012
PrecorrectionNUFFT2,13,16,0.001281312
PrecorrectionNUFFT2,13,17,0.001282063
PrecorrectionNUFFT2,13,18,0.00130599
PrecorrectionNUFFT2,13,19,0.001271252
PrecorrectionNUFFT2,13,20,0.001272607
PrecorrectionNUFFT2,13,21,0.001322964
PrecorrectionNUFFT2,13,22,0.001291453
PrecorrectionNUFFT2,13,23,0.00127968
PrecorrectionNUFFT2,13,24,0.001320368
PrecorrectionNUFFT2,13,25,0.001285381
PrecorrectionNUFFT2,13,26,0.001286583
PrecorrectionNUFFT2,13,27,0.001313045
PrecorrectionNUFFT2,13,28,0.001286112
PrecorrectionNUFFT2,13,29,0.001282466
FFTNUFFT2,13,0,0.236864872
FFTNUFFT2,13,1,0.231019182
FFTNUFFT2,13,2,0.220925019
FFTNUFFT2,13,3,0.235549539
FFTNUFFT2,13,4,0.225425498
FFTNUFFT2,13,5,0.23416055
FFTNUFFT2,13,6,0.240470122
FFTNUFFT2,13,7,0.232290918
FFTNUFFT2,13,8,0.22380276
FFTNUFFT2,13,9,0.232839092
FFTNUFFT2,13,10,0.232825074
FFTNUFFT2,13,11,0.236270404
FFTNUFFT2,13,12,0.232912041
FFTNUFFT2,13,13,0.239179233
FFTNUFFT2,13,14,0.226554758
FFTNUFFT2,13,15,0.224650969
FFTNUFFT2,13,16,0.233256744
FFTNUFFT2,13,17,0.210630233
FFTNUFFT2,13,18,0.237639894
FFTNUFFT2,13,19,0.229578937
FFTNUFFT2,13,20,0.231520617
FFTNUFFT2,13,21,0.234290123
FFTNUFFT2,13,22,0.21507854
FFTNUFFT2,13,23,0.223601006
FFTNUFFT2,13,24,0.232880042
FFTNUFFT2,13,25,0.230773653
FFTNUFFT2,13,26,0.222461213
FFTNUFFT2,13,27,0.223762455
FFTNUFFT2,13,28,0.219407002
FFTNUFFT2,13,29,0.220672745
GatherNUFFT2,13,0,2.280010484
GatherNUFFT2,13,1,2.274584712
GatherNUFFT2,13,2,2.299797256
GatherNUFFT2,13,3,2.292221704
GatherNUFFT2,13,4,2.280145844
GatherNUFFT2,13,5,2.283571544
GatherNUFFT2,13,6,2.291230159
GatherNUFFT2,13,7,2.279352931
GatherNUFFT2,13,8,2.281281867
GatherNUFFT2,13,9,2.287483129
GatherNUFFT2,13,10,2.279169829
GatherNUFFT2,13,11,2.273949418
GatherNUFFT2,13,12,2.280378911
GatherNUFFT2,13,13,2.283635438
GatherNUFFT2,13,14,2.28269975
GatherNUFFT2,13,15,2.286966978
GatherNUFFT2,13,16,2.282584208
GatherNUFFT2,13,17,2.299945694
GatherNUFFT2,13,18,2.274669142
GatherNUFFT2,13,19,2.281535943
GatherNUFFT2,13,20,2.274192077
GatherNUFFT2,13,21,2.276534737
GatherNUFFT2,13,22,2.293265702
GatherNUFFT2,13,23,2.298618573
GatherNUFFT2,13,24,2.290167025
GatherNUFFT2,13,25,2.277376298
GatherNUFFT2,13,26,2.295619066
GatherNUFFT2,13,27,2.286423219
GatherNUFFT2,13,28,2.29495027
GatherNUFFT2,13,29,2.293309346
mainTimer,14,0,112.586380187
dumpData,14,0,0.305891103
dumpData,14,1,0.293437195
dumpData,14,2,0.289592528
dumpData,14,3,0.2965631
dumpData,14,4,0.29727555
dumpData,14,5,0.296820867
dumpData,14,6,0.298243817
dumpData,14,7,0.30731651
dumpData,14,8,0.293417742
dumpData,14,9,0.289398825
kick,14,0,0.001929757
kick,14,1,0.002037615
kick,14,2,0.001952271
kick,14,3,0.002024139
kick,14,4,0.001928005
kick,14,5,0.00203005
kick,14,6,0.001944436
kick,14,7,0.00200373
kick,14,8,0.001933835
kick,14,9,0.002018308
kick,14,10,0.001940568
kick,14,11,0.00202483
kick,14,12,0.001938353
kick,14,13,0.002037467
kick,14,14,0.001965649
kick,14,15,0.002025844
kick,14,16,0.001961521
kick,14,17,0.002041745
kick,14,18,0.001954106
kick,14,19,0.002021616
drift,14,0,0.001928004
drift,14,1,0.001917163
drift,14,2,0.001939376
drift,14,3,0.001927623
drift,14,4,0.001929908
drift,14,5,0.001935679
drift,14,6,0.001933936
drift,14,7,0.001923888
drift,14,8,0.001927706
drift,14,9,0.001924219
particleBC,14,0,0.005796305
particleBC,14,1,0.005761339
particleBC,14,2,0.005777349
particleBC,14,3,0.005789753
particleBC,14,4,0.00579861
particleBC,14,5,0.005770246
particleBC,14,6,0.005798621
particleBC,14,7,0.005798908
particleBC,14,8,0.005793848
particleBC,14,9,0.005809789
updateParticle,14,0,0.02815978
updateParticle,14,1,0.027052634
updateParticle,14,2,0.028297256
updateParticle,14,3,0.026978223
updateParticle,14,4,0.026573624
updateParticle,14,5,0.027206611
updateParticle,14,6,0.027896887
updateParticle,14,7,0.027163119
updateParticle,14,8,0.026943948
updateParticle,14,9,0.026761447
locateParticles,14,0,0.006654575
locateParticles,14,1,0.006612995
locateParticles,14,2,0.006631772
locateParticles,14,3,0.006610931
locateParticles,14,4,0.006644807
locateParticles,14,5,0.006623505
locateParticles,14,6,0.006620479
locateParticles,14,7,0.006622572
locateParticles,14,8,0.006640466
locateParticles,14,9,0.006645055
sendPreprocess,14,0,0.003031114
sendPreprocess,14,1,0.003151465
sendPreprocess,14,2,0.003053336
sendPreprocess,14,3,0.003215347
sendPreprocess,14,4,0.002808055
sendPreprocess,14,5,0.003046252
sendPreprocess,14,6,0.002917175
sendPreprocess,14,7,0.002951084
sendPreprocess,14,8,0.002958167
sendPreprocess,14,9,0.002862292
particleSend,14,0,0.001727449
particleSend,14,1,0.00168107
particleSend,14,2,0.001632297
particleSend,14,3,0.001630923
particleSend,14,4,0.001623849
particleSend,14,5,0.001689536
particleSend,14,6,0.001692051
particleSend,14,7,0.00283479
particleSend,14,8,0.001682905
particleSend,14,9,0.001628321
particleRecv,14,0,3.9146e-05
particleRecv,14,1,3.5418e-05
particleRecv,14,2,3.631e-05
particleRecv,14,3,3.9556e-05
particleRecv,14,4,3.5599e-05
particleRecv,14,5,3.665e-05
particleRecv,14,6,4.2131e-05
particleRecv,14,7,3.4135e-05
particleRecv,14,8,3.5618e-05
particleRecv,14,9,3.624e-05
particleDestroy,14,0,0.012740377
particleDestroy,14,1,0.012675382
particleDestroy,14,2,0.012814479
particleDestroy,14,3,0.012663129
particleDestroy,14,4,0.012650886
particleDestroy,14,5,0.012648471
particleDestroy,14,6,0.012652257
particleDestroy,14,7,0.012594792
particleDestroy,14,8,0.012648536
particleDestroy,14,9,0.012657273
ScatterPIFNUFFT,14,0,3.625168246
ScatterPIFNUFFT,14,1,0.002502458
ScatterPIFNUFFT,14,2,3.595056943
ScatterPIFNUFFT,14,3,0.002516084
ScatterPIFNUFFT,14,4,3.625105513
ScatterPIFNUFFT,14,5,0.002509883
ScatterPIFNUFFT,14,6,3.647715021
ScatterPIFNUFFT,14,7,0.00250868
ScatterPIFNUFFT,14,8,3.600666791
ScatterPIFNUFFT,14,9,0.002511535
ScatterPIFNUFFT,14,10,3.592429615
ScatterPIFNUFFT,14,11,0.00251926
ScatterPIFNUFFT,14,12,3.645151997
ScatterPIFNUFFT,14,13,0.002505173
ScatterPIFNUFFT,14,14,3.573756145
ScatterPIFNUFFT,14,15,0.002504625
ScatterPIFNUFFT,14,16,3.594655547
ScatterPIFNUFFT,14,17,0.002509615
ScatterPIFNUFFT,14,18,3.555229975
ScatterPIFNUFFT,14,19,0.002511157
NativeNUFFT1,14,0,3.621803952
NativeNUFFT1,14,1,3.591666609
NativeNUFFT1,14,2,3.621727052
NativeNUFFT1,14,3,3.644334416
NativeNUFFT1,14,4,3.597273963
NativeNUFFT1,14,5,3.589047898
NativeNUFFT1,14,6,3.641758868
NativeNUFFT1,14,7,3.570354355
NativeNUFFT1,14,8,3.591081135
NativeNUFFT1,14,9,3.551834388
scatterTimerNUFFT1,14,0,3.381032045
scatterTimerNUFFT1,14,1,3.364620418
scatterTimerNUFFT1,14,2,3.386989966
scatterTimerNUFFT1,14,3,3.403850678
scatterTimerNUFFT1,14,4,3.372983465
scatterTimerNUFFT1,14,5,3.355546004
scatterTimerNUFFT1,14,6,3.419569287
scatterTimerNUFFT1,14,7,3.3475273
scatterTimerNUFFT1,14,8,3.364677243
scatterTimerNUFFT1,14,9,3.329359809
binSort,14,0,0.013180692
binSort,14,1,0.013088096
binSort,14,2,0.013091842
binSort,14,3,0.013011968
binSort,14,4,0.013081544
binSort,14,5,0.01307972
binSort,14,6,0.013096511
binSort,14,7,0.013060217
binSort,14,8,0.012996123
binSort,14,9,0.013023968
binComputeKeys,14,0,0.001013958
binComputeKeys,14,1,0.00101493
binComputeKeys,14,2,0.001016383
binComputeKeys,14,3,0.001019579
binComputeKeys,14,4,0.001016163
binComputeKeys,14,5,0.001020249
binComputeKeys,14,6,0.001014479
binComputeKeys,14,7,0.001017566
binComputeKeys,14,8,0.001011284
binComputeKeys,14,9,0.001021975
binSortByKey,14,0,0.011800069
binSortByKey,14,1,0.011704467
binSortByKey,14,2,0.011704567
binSortByKey,14,3,0.011634582
binSortByKey,14,4,0.011694939
binSortByKey,14,5,0.011703456
binSortByKey,14,6,0.011726409
binSortByKey,14,7,0.011673892
binSortByKey,14,8,0.011614147
binSortByKey,14,9,0.011634155
binComputeOffsets,14,0,0.000363919
binComputeOffsets,14,1,0.000365482
binComputeOffsets,14,2,0.000367175
binComputeOffsets,14,3,0.000354471
binComputeOffsets,14,4,0.000366584
binComputeOffsets,14,5,0.000352748
binComputeOffsets,14,6,0.000352277
binComputeOffsets,14,7,0.000365152
binComputeOffsets,14,8,0.000366425
binComputeOffsets,14,9,0.000364481
FFTNUFFT1,14,0,0.240158538
FFTNUFFT1,14,1,0.226428074
FFTNUFFT1,14,2,0.234121074
FFTNUFFT1,14,3,0.239874608
FFTNUFFT1,14,4,0.223678361
FFTNUFFT1,14,5,0.23288523
FFTNUFFT1,14,6,0.22158068
FFTNUFFT1,14,7,0.222221059
FFTNUFFT1,14,8,0.225793078
FFTNUFFT1,14,9,0.221862633
deconvolutionNUFFT1,14,0,0.000609812
deconvolutionNUFFT1,14,1,0.000614531
deconvolutionNUFFT1,14,2,0.000612016
deconvolutionNUFFT1,14,3,0.000605062
deconvolutionNUFFT1,14,4,0.000608238
deconvolutionNUFFT1,14,5,0.000612427
deconvolutionNUFFT1,14,6,0.000605243
deconvolutionNUFFT1,14,7,0.000602399
deconvolutionNUFFT1,14,8,0.000605735
deconvolutionNUFFT1,14,9,0.000608049
GatherPIFNUFFT,14,0,7.277604665
GatherPIFNUFFT,14,1,7.328944071
GatherPIFNUFFT,14,2,7.324459365
GatherPIFNUFFT,14,3,7.312573497
GatherPIFNUFFT,14,4,7.333718745
GatherPIFNUFFT,14,5,7.297413224
GatherPIFNUFFT,14,6,7.310052543
GatherPIFNUFFT,14,7,7.299331267
GatherPIFNUFFT,14,8,7.319957869
GatherPIFNUFFT,14,9,7.316135561
NativeNUFFT2,14,0,2.242246623
NativeNUFFT2,14,1,2.518789886
NativeNUFFT2,14,2,2.496935899
NativeNUFFT2,14,3,2.282031806
NativeNUFFT2,14,4,2.496153157
NativeNUFFT2,14,5,2.531329639
NativeNUFFT2,14,6,2.262250441
NativeNUFFT2,14,7,2.516219499
NativeNUFFT2,14,8,2.526685878
NativeNUFFT2,14,9,2.263204194
NativeNUFFT2,14,10,2.513651404
NativeNUFFT2,14,11,2.516322045
NativeNUFFT2,14,12,2.278935548
NativeNUFFT2,14,13,2.510818222
NativeNUFFT2,14,14,2.524595361
NativeNUFFT2,14,15,2.26011583
NativeNUFFT2,14,16,2.515219588
NativeNUFFT2,14,17,2.50271808
NativeNUFFT2,14,18,2.261523786
NativeNUFFT2,14,19,2.518582936
NativeNUFFT2,14,20,2.51054115
NativeNUFFT2,14,21,2.27329575
NativeNUFFT2,14,22,2.502961845
NativeNUFFT2,14,23,2.503661974
NativeNUFFT2,14,24,2.274659003
NativeNUFFT2,14,25,2.500701992
NativeNUFFT2,14,26,2.525283847
NativeNUFFT2,14,27,2.272522535
NativeNUFFT2,14,28,2.494554653
NativeNUFFT2,14,29,2.529465376
PrecorrectionNUFFT2,14,0,0.001151693
PrecorrectionNUFFT2,14,1,0.001065377
PrecorrectionNUFFT2,14,2,0.001058934
PrecorrectionNUFFT2,14,3,0.001083061
PrecorrectionNUFFT2,14,4,0.00106165
PrecorrectionNUFFT2,14,5,0.001060076
PrecorrectionNUFFT2,14,6,0.001071789
PrecorrectionNUFFT2,14,7,0.00107726
PrecorrectionNUFFT2,14,8,0.001057652
PrecorrectionNUFFT2,14,9,0.001087399
PrecorrectionNUFFT2,14,10,0.001059605
PrecorrectionNUFFT2,14,11,0.001060918
PrecorrectionNUFFT2,14,12,0.001089363
PrecorrectionNUFFT2,14,13,0.0010563
PrecorrectionNUFFT2,14,14,0.001062972
PrecorrectionNUFFT2,14,15,0.001078071
PrecorrectionNUFFT2,14,16,0.001068513
PrecorrectionNUFFT2,14,17,0.001064065
PrecorrectionNUFFT2,14,18,0.001080335
PrecorrectionNUFFT2,14,19,0.001065757
PrecorrectionNUFFT2,14,20,0.001068754
PrecorrectionNUFFT2,14,21,0.001088002
PrecorrectionNUFFT2,14,22,0.001064777
PrecorrectionNUFFT2,14,23,0.0010659
PrecorrectionNUFFT2,14,24,0.001072081
PrecorrectionNUFFT2,14,25,0.001057974
PrecorrectionNUFFT2,14,26,0.00106146
PrecorrectionNUFFT2,14,27,0.0011181
PrecorrectionNUFFT2,14,28,0.001096678
PrecorrectionNUFFT2,14,29,0.001096587
FFTNUFFT2,14,0,0.219023585
FFTNUFFT2,14,1,0.482476698
FFTNUFFT2,14,2,0.489978792
FFTNUFFT2,14,3,0.229567776
FFTNUFFT2,14,4,0.491457722
FFTNUFFT2,14,5,0.485037488
FFTNUFFT2,14,6,0.235023278
FFTNUFFT2,14,7,0.49905112
FFTNUFFT2,14,8,0.507875865
FFTNUFFT2,14,9,0.244948106
FFTNUFFT2,14,10,0.488055645
FFTNUFFT2,14,11,0.481912122
FFTNUFFT2,14,12,0.244953437
FFTNUFFT2,14,13,0.47620699
FFTNUFFT2,14,14,0.50724884
FFTNUFFT2,14,15,0.243540621
FFTNUFFT2,14,16,0.483012176
FFTNUFFT2,14,17,0.485234896
FFTNUFFT2,14,18,0.253089718
FFTNUFFT2,14,19,0.508528125
FFTNUFFT2,14,20,0.492199383
FFTNUFFT2,14,21,0.24959774
FFTNUFFT2,14,22,0.483203127
FFTNUFFT2,14,23,0.499553211
FFTNUFFT2,14,24,0.256789707
FFTNUFFT2,14,25,0.49389912
FFTNUFFT2,14,26,0.50627464
FFTNUFFT2,14,27,0.251723828
FFTNUFFT2,14,28,0.486981382
FFTNUFFT2,14,29,0.509513687
GatherNUFFT2,14,0,2.022061838
GatherNUFFT2,14,1,2.035238212
GatherNUFFT2,14,2,2.005887873
GatherNUFFT2,14,3,2.051371131
GatherNUFFT2,14,4,2.003623626
GatherNUFFT2,14,5,2.045222366
GatherNUFFT2,14,6,2.026145505
GatherNUFFT2,14,7,2.016081221
GatherNUFFT2,14,8,2.017743113
GatherNUFFT2,14,9,2.017159632
GatherNUFFT2,14,10,2.024526926
GatherNUFFT2,14,11,2.033338855
GatherNUFFT2,14,12,2.032883511
GatherNUFFT2,14,13,2.033544863
GatherNUFFT2,14,14,2.016273479
GatherNUFFT2,14,15,2.015486987
GatherNUFFT2,14,16,2.03112861
GatherNUFFT2,14,17,2.01640886
GatherNUFFT2,14,18,2.007343223
GatherNUFFT2,14,19,2.008979446
GatherNUFFT2,14,20,2.017263225
GatherNUFFT2,14,21,2.022599077
GatherNUFFT2,14,22,2.01868321
GatherNUFFT2,14,23,2.003033525
GatherNUFFT2,14,24,2.016788598
GatherNUFFT2,14,25,2.005733757
GatherNUFFT2,14,26,2.017937747
GatherNUFFT2,14,27,2.019670088
GatherNUFFT2,14,28,2.006465954
GatherNUFFT2,14,29,2.0188447
mainTimer,15,0,112.586379756
dumpData,15,0,0.168878518
dumpData,15,1,0.167089931
dumpData,15,2,0.160931539
dumpData,15,3,0.148889123
dumpData,15,4,0.17031658
dumpData,15,5,0.146651734
dumpData,15,6,0.149590084
dumpData,15,7,0.163998944
dumpData,15,8,0.155347302
dumpData,15,9,0.164231831
kick,15,0,0.002078734
kick,15,1,0.002185959
kick,15,2,0.002093272
kick,15,3,0.002166422
kick,15,4,0.002093372
kick,15,5,0.002155351
kick,15,6,0.002068554
kick,15,7,0.002166161
kick,15,8,0.002096518
kick,15,9,0.002174167
kick,15,10,0.002077742
kick,15,11,0.002163016
kick,15,12,0.002065778
kick,15,13,0.002181363
kick,15,14,0.002079308
kick,15,15,0.002177767
kick,15,16,0.002076131
kick,15,17,0.002170243
kick,15,18,0.002089717
kick,15,19,0.002165573
drift,15,0,0.002088542
drift,15,1,0.002095566
drift,15,2,0.002099404
drift,15,3,0.002104233
drift,15,4,0.002115033
drift,15,5,0.002090707
drift,15,6,0.002103501
drift,15,7,0.002103244
drift,15,8,0.002100007
drift,15,9,0.002089667
particleBC,15,0,0.006168922
particleBC,15,1,0.006184342
particleBC,15,2,0.006156146
particleBC,15,3,0.006154775
particleBC,15,4,0.006189662
particleBC,15,5,0.006118606
particleBC,15,6,0.00617277
particleBC,15,7,0.006181753
particleBC,15,8,0.006127069
particleBC,15,9,0.006173599
updateParticle,15,0,0.027384251
updateParticle,15,1,0.026380713
updateParticle,15,2,0.027608022
updateParticle,15,3,0.027777588
updateParticle,15,4,0.026121486
updateParticle,15,5,0.026992148
updateParticle,15,6,0.027895464
updateParticle,15,7,0.026484284
updateParticle,15,8,0.026386938
updateParticle,15,9,0.026235666
locateParticles,15,0,0.007208188
locateParticles,15,1,0.007240891
locateParticles,15,2,0.007240962
locateParticles,15,3,0.007268254
locateParticles,15,4,0.007273524
locateParticles,15,5,0.00721882
locateParticles,15,6,0.007264678
locateParticles,15,7,0.007227123
locateParticles,15,8,0.007269756
locateParticles,15,9,0.007249386
sendPreprocess,15,0,0.001792864
sendPreprocess,15,1,0.001782565
sendPreprocess,15,2,0.00173855
sendPreprocess,15,3,0.001891955
sendPreprocess,15,4,0.001442281
sendPreprocess,15,5,0.001809446
sendPreprocess,15,6,0.001599664
sendPreprocess,15,7,0.001670221
sendPreprocess,15,8,0.001709086
sendPreprocess,15,9,0.00159181
particleSend,15,0,0.001668044
particleSend,15,1,0.00167069
particleSend,15,2,0.001667053
particleSend,15,3,0.001668405
particleSend,15,4,0.001668857
particleSend,15,5,0.002615665
particleSend,15,6,0.002646484
particleSend,15,7,0.001892207
particleSend,15,8,0.001666424
particleSend,15,9,0.001673858
particleRecv,15,0,3.5909e-05
particleRecv,15,1,3.684e-05
particleRecv,15,2,4.0267e-05
particleRecv,15,3,3.7712e-05
particleRecv,15,4,3.6921e-05
particleRecv,15,5,3.7562e-05
particleRecv,15,6,3.8083e-05
particleRecv,15,7,3.9426e-05
particleRecv,15,8,3.7983e-05
particleRecv,15,9,4.0337e-05
particleDestroy,15,0,0.013854507
particleDestroy,15,1,0.013883303
particleDestroy,15,2,0.013925494
particleDestroy,15,3,0.013901118
particleDestroy,15,4,0.013916047
particleDestroy,15,5,0.013868295
particleDestroy,15,6,0.013903041
particleDestroy,15,7,0.01385735
particleDestroy,15,8,0.013857911
particleDestroy,15,9,0.01384169
ScatterPIFNUFFT,15,0,3.611492723
ScatterPIFNUFFT,15,1,0.002506866
ScatterPIFNUFFT,15,2,3.600156531
ScatterPIFNUFFT,15,3,0.002512658
ScatterPIFNUFFT,15,4,3.62685711
ScatterPIFNUFFT,15,5,0.002501256
ScatterPIFNUFFT,15,6,3.631620189
ScatterPIFNUFFT,15,7,0.002502217
ScatterPIFNUFFT,15,8,3.61537058
ScatterPIFNUFFT,15,9,0.002500323
ScatterPIFNUFFT,15,10,3.596183868
ScatterPIFNUFFT,15,11,0.002503219
ScatterPIFNUFFT,15,12,3.656995581
ScatterPIFNUFFT,15,13,0.002503249
ScatterPIFNUFFT,15,14,3.587998654
ScatterPIFNUFFT,15,15,0.002511307
ScatterPIFNUFFT,15,16,3.606672067
ScatterPIFNUFFT,15,17,0.002506669
ScatterPIFNUFFT,15,18,3.569502113
ScatterPIFNUFFT,15,19,0.00250717
NativeNUFFT1,15,0,3.607919668
NativeNUFFT1,15,1,3.596609115
NativeNUFFT1,15,2,3.623325384
NativeNUFFT1,15,3,3.628041033
NativeNUFFT1,15,4,3.611790582
NativeNUFFT1,15,5,3.592591126
NativeNUFFT1,15,6,3.6534819
NativeNUFFT1,15,7,3.584419874
NativeNUFFT1,15,8,3.603082598
NativeNUFFT1,15,9,3.565943201
scatterTimerNUFFT1,15,0,3.380039088
scatterTimerNUFFT1,15,1,3.363688077
scatterTimerNUFFT1,15,2,3.386475006
scatterTimerNUFFT1,15,3,3.401345605
scatterTimerNUFFT1,15,4,3.372150084
scatterTimerNUFFT1,15,5,3.354358563
scatterTimerNUFFT1,15,6,3.417906863
scatterTimerNUFFT1,15,7,3.346491028
scatterTimerNUFFT1,15,8,3.364230394
scatterTimerNUFFT1,15,9,3.328701102
binSort,15,0,0.013900415
binSort,15,1,0.013839429
binSort,15,2,0.013811926
binSort,15,3,0.013847454
binSort,15,4,0.013829821
binSort,15,5,0.013861452
binSort,15,6,0.013876119
binSort,15,7,0.013875545
binSort,15,8,0.013841168
binSort,15,9,0.013824547
binComputeKeys,15,0,0.001062521
binComputeKeys,15,1,0.001065708
binComputeKeys,15,2,0.001068132
binComputeKeys,15,3,0.001063082
binComputeKeys,15,4,0.001060978
binComputeKeys,15,5,0.001064365
binComputeKeys,15,6,0.001064675
binComputeKeys,15,7,0.001071349
binComputeKeys,15,8,0.001065539
binComputeKeys,15,9,0.001064988
binSortByKey,15,0,0.01245566
binSortByKey,15,1,0.012388081
binSortByKey,15,2,0.012358724
binSortByKey,15,3,0.012398541
binSortByKey,15,4,0.012384304
binSortByKey,15,5,0.012410804
binSortByKey,15,6,0.012426755
binSortByKey,15,7,0.012419987
binSortByKey,15,8,0.012390008
binSortByKey,15,9,0.012376964
binComputeOffsets,15,0,0.000379349
binComputeOffsets,15,1,0.000382565
binComputeOffsets,15,2,0.000382094
binComputeOffsets,15,3,0.000382836
binComputeOffsets,15,4,0.000381102
binComputeOffsets,15,5,0.000383276
binComputeOffsets,15,6,0.000381243
binComputeOffsets,15,7,0.000381113
binComputeOffsets,15,8,0.000381724
binComputeOffsets,15,9,0.000379649
FFTNUFFT1,15,0,0.227273184
FFTNUFFT1,15,1,0.232308142
FFTNUFFT1,15,2,0.23625322
FFTNUFFT1,15,3,0.226081348
FFTNUFFT1,15,4,0.239031949
FFTNUFFT1,15,5,0.237629425
FFTNUFFT1,15,6,0.234960587
FFTNUFFT1,15,7,0.237320407
FFTNUFFT1,15,8,0.238248202
FFTNUFFT1,15,9,0.23662908
deconvolutionNUFFT1,15,0,0.00060387
deconvolutionNUFFT1,15,1,0.00060895
deconvolutionNUFFT1,15,2,0.00059332
deconvolutionNUFFT1,15,3,0.000610603
deconvolutionNUFFT1,15,4,0.000604131
deconvolutionNUFFT1,15,5,0.000599301
deconvolutionNUFFT1,15,6,0.000610773
deconvolutionNUFFT1,15,7,0.000604452
deconvolutionNUFFT1,15,8,0.000599402
deconvolutionNUFFT1,15,9,0.000609452
GatherPIFNUFFT,15,0,7.428227538
GatherPIFNUFFT,15,1,7.449977446
GatherPIFNUFFT,15,2,7.451175488
GatherPIFNUFFT,15,3,7.474700164
GatherPIFNUFFT,15,4,7.445522388
GatherPIFNUFFT,15,5,7.4432697
GatherPIFNUFFT,15,6,7.446039402
GatherPIFNUFFT,15,7,7.42823876
GatherPIFNUFFT,15,8,7.445814418
GatherPIFNUFFT,15,9,7.426752373
NativeNUFFT2,15,0,2.39223061
NativeNUFFT2,15,1,2.508239395
NativeNUFFT2,15,2,2.507299738
NativeNUFFT2,15,3,2.403718908
NativeNUFFT2,15,4,2.527851748
NativeNUFFT2,15,5,2.498060821
NativeNUFFT2,15,6,2.412107604
NativeNUFFT2,15,7,2.520245935
NativeNUFFT2,15,8,2.498598345
NativeNUFFT2,15,9,2.409062533
NativeNUFFT2,15,10,2.5290502
NativeNUFFT2,15,11,2.516102283
NativeNUFFT2,15,12,2.389399095
NativeNUFFT2,15,13,2.543053254
NativeNUFFT2,15,14,2.492815203
NativeNUFFT2,15,15,2.385582462
NativeNUFFT2,15,16,2.534247636
NativeNUFFT2,15,17,2.502971057
NativeNUFFT2,15,18,2.391854513
NativeNUFFT2,15,19,2.527577545
NativeNUFFT2,15,20,2.506141462
NativeNUFFT2,15,21,2.386495327
NativeNUFFT2,15,22,2.520537353
NativeNUFFT2,15,23,2.500841301
NativeNUFFT2,15,24,2.411056113
NativeNUFFT2,15,25,2.493955622
NativeNUFFT2,15,26,2.520290667
NativeNUFFT2,15,27,2.38638162
NativeNUFFT2,15,28,2.5235265
NativeNUFFT2,15,29,2.496418235
PrecorrectionNUFFT2,15,0,0.001107998
PrecorrectionNUFFT2,15,1,0.001100254
PrecorrectionNUFFT2,15,2,0.001089193
PrecorrectionNUFFT2,15,3,0.001071028
PrecorrectionNUFFT2,15,4,0.001057492
PrecorrectionNUFFT2,15,5,0.001060608
PrecorrectionNUFFT2,15,6,0.001083792
PrecorrectionNUFFT2,15,7,0.00106151
PrecorrectionNUFFT2,15,8,0.00107209
PrecorrectionNUFFT2,15,9,0.001114001
PrecorrectionNUFFT2,15,10,0.001094523
PrecorrectionNUFFT2,15,11,0.001097349
PrecorrectionNUFFT2,15,12,0.001077039
PrecorrectionNUFFT2,15,13,0.00106684
PrecorrectionNUFFT2,15,14,0.001067491
PrecorrectionNUFFT2,15,15,0.001103269
PrecorrectionNUFFT2,15,16,0.001093872
PrecorrectionNUFFT2,15,17,0.001105253
PrecorrectionNUFFT2,15,18,0.001114651
PrecorrectionNUFFT2,15,19,0.001084424
PrecorrectionNUFFT2,15,20,0.001094043
PrecorrectionNUFFT2,15,21,0.00107684
PrecorrectionNUFFT2,15,22,0.001054808
PrecorrectionNUFFT2,15,23,0.00105591
PrecorrectionNUFFT2,15,24,0.001114753
PrecorrectionNUFFT2,15,25,0.001096928
PrecorrectionNUFFT2,15,26,0.001105625
PrecorrectionNUFFT2,15,27,0.001114693
PrecorrectionNUFFT2,15,28,0.001105796
PrecorrectionNUFFT2,15,29,0.001096288
FFTNUFFT2,15,0,0.24459405
FFTNUFFT2,15,1,0.359951464
FFTNUFFT2,15,2,0.348769052
FFTNUFFT2,15,3,0.236646927
FFTNUFFT2,15,4,0.351304592
FFTNUFFT2,15,5,0.339602401
FFTNUFFT2,15,6,0.241369911
FFTNUFFT2,15,7,0.358455001
FFTNUFFT2,15,8,0.338786432
FFTNUFFT2,15,9,0.246295114
FFTNUFFT2,15,10,0.361813071
FFTNUFFT2,15,11,0.34712865
FFTNUFFT2,15,12,0.233897224
FFTNUFFT2,15,13,0.365696654
FFTNUFFT2,15,14,0.33439193
FFTNUFFT2,15,15,0.225852799
FFTNUFFT2,15,16,0.364749895
FFTNUFFT2,15,17,0.328074041
FFTNUFFT2,15,18,0.224595954
FFTNUFFT2,15,19,0.352013166
FFTNUFFT2,15,20,0.338712967
FFTNUFFT2,15,21,0.229959828
FFTNUFFT2,15,22,0.340922896
FFTNUFFT2,15,23,0.339473411
FFTNUFFT2,15,24,0.231652372
FFTNUFFT2,15,25,0.344193744
FFTNUFFT2,15,26,0.350295984
FFTNUFFT2,15,27,0.222281347
FFTNUFFT2,15,28,0.343854512
FFTNUFFT2,15,29,0.339125831
GatherNUFFT2,15,0,2.146519954
GatherNUFFT2,15,1,2.147178801
GatherNUFFT2,15,2,2.157432888
GatherNUFFT2,15,3,2.165992035
GatherNUFFT2,15,4,2.175480806
GatherNUFFT2,15,5,2.157388305
GatherNUFFT2,15,6,2.169645535
GatherNUFFT2,15,7,2.160720829
GatherNUFFT2,15,8,2.158730957
GatherNUFFT2,15,9,2.161644613
GatherNUFFT2,15,10,2.166132946
GatherNUFFT2,15,11,2.167867729
GatherNUFFT2,15,12,2.154416897
GatherNUFFT2,15,13,2.176279821
GatherNUFFT2,15,14,2.157347066
GatherNUFFT2,15,15,2.158617426
GatherNUFFT2,15,16,2.16839352
GatherNUFFT2,15,17,2.173781633
GatherNUFFT2,15,18,2.16613459
GatherNUFFT2,15,19,2.174257379
GatherNUFFT2,15,20,2.166325604
GatherNUFFT2,15,21,2.155449973
GatherNUFFT2,15,22,2.178549851
GatherNUFFT2,15,23,2.160302372
GatherNUFFT2,15,24,2.17827992
GatherNUFFT2,15,25,2.148656554
GatherNUFFT2,15,26,2.168881534
GatherNUFFT2,15,27,2.162976552
GatherNUFFT2,15,28,2.178556954
GatherNUFFT2,15,29,2.156187421
mainTimer,16,0,112.586553881
dumpData,16,0,0.157228739
dumpData,16,1,0.151834783
dumpData,16,2,0.153561795
dumpData,16,3,0.158368861
dumpData,16,4,0.165424979
dumpData,16,5,0.15751004
dumpData,16,6,0.158459752
dumpData,16,7,0.160431379
dumpData,16,8,0.160596809
dumpData,16,9,0.15921595
kick,16,0,0.002140864
kick,16,1,0.002205299
kick,16,2,0.002127799
kick,16,3,0.00218004
kick,16,4,0.002134983
kick,16,5,0.002201101
kick,16,6,0.002135964
kick,16,7,0.00223652
kick,16,8,0.002117037
kick,16,9,0.002221581
kick,16,10,0.002133581
kick,16,11,0.002208756
kick,16,12,0.002107409
kick,16,13,0.002238644
kick,16,14,0.00213326
kick,16,15,0.002192775
kick,16,16,0.002114002
kick,16,17,0.002201752
kick,16,18,0.002120765
kick,16,19,0.002188526
drift,16,0,0.002093212
drift,16,1,0.002103231
drift,16,2,0.002098752
drift,16,3,0.002106658
drift,16,4,0.002096759
drift,16,5,0.002094324
drift,16,6,0.002088834
drift,16,7,0.002109684
drift,16,8,0.002088462
drift,16,9,0.002097931
particleBC,16,0,0.00622553
particleBC,16,1,0.006194449
particleBC,16,2,0.006159251
particleBC,16,3,0.006239928
particleBC,16,4,0.00620457
particleBC,16,5,0.006155846
particleBC,16,6,0.006176666
particleBC,16,7,0.006191925
particleBC,16,8,0.006223116
particleBC,16,9,0.006193128
updateParticle,16,0,0.042128416
updateParticle,16,1,0.027264625
updateParticle,16,2,0.028074055
updateParticle,16,3,0.030142599
updateParticle,16,4,0.027015782
updateParticle,16,5,0.026948784
updateParticle,16,6,0.026470676
updateParticle,16,7,0.028112872
updateParticle,16,8,0.026324723
updateParticle,16,9,0.026321758
locateParticles,16,0,0.006700702
locateParticles,16,1,0.006700952
locateParticles,16,2,0.006716623
locateParticles,16,3,0.00665825
locateParticles,16,4,0.006695933
locateParticles,16,5,0.006764546
locateParticles,16,6,0.006659664
locateParticles,16,7,0.00669947
locateParticles,16,8,0.006717556
locateParticles,16,9,0.006728237
sendPreprocess,16,0,0.002177896
sendPreprocess,16,1,0.002270476
sendPreprocess,16,2,0.002207464
sendPreprocess,16,3,0.002350551
sendPreprocess,16,4,0.00199978
sendPreprocess,16,5,0.002166725
sendPreprocess,16,6,0.002173718
sendPreprocess,16,7,0.002134272
sendPreprocess,16,8,0.002137277
sendPreprocess,16,9,0.00205647
particleSend,16,0,0.00267991
particleSend,16,1,0.001750327
particleSend,16,2,0.002563844
particleSend,16,3,0.001724787
particleSend,16,4,0.001675882
particleSend,16,5,0.001686353
particleSend,16,6,0.001950966
particleSend,16,7,0.001668508
particleSend,16,8,0.001739245
particleSend,16,9,0.001739185
particleRecv,16,0,3.5269e-05
particleRecv,16,1,3.9307e-05
particleRecv,16,2,3.7012e-05
particleRecv,16,3,3.2824e-05
particleRecv,16,4,3.4647e-05
particleRecv,16,5,3.6972e-05
particleRecv,16,6,3.3595e-05
particleRecv,16,7,3.3946e-05
particleRecv,16,8,3.4597e-05
particleRecv,16,9,3.7112e-05
particleDestroy,16,0,0.012750301
particleDestroy,16,1,0.012770259
particleDestroy,16,2,0.01273986
particleDestroy,16,3,0.012707317
particleDestroy,16,4,0.012767424
particleDestroy,16,5,0.012770361
particleDestroy,16,6,0.012707689
particleDestroy,16,7,0.012809117
particleDestroy,16,8,0.012752205
particleDestroy,16,9,0.012735414
ScatterPIFNUFFT,16,0,3.59985377
ScatterPIFNUFFT,16,1,0.002501825
ScatterPIFNUFFT,16,2,3.59594736
ScatterPIFNUFFT,16,3,0.002506975
ScatterPIFNUFFT,16,4,3.628146914
ScatterPIFNUFFT,16,5,0.002503789
ScatterPIFNUFFT,16,6,3.628381559
ScatterPIFNUFFT,16,7,0.002509569
ScatterPIFNUFFT,16,8,3.605413708
ScatterPIFNUFFT,16,9,0.002499941
ScatterPIFNUFFT,16,10,3.585218216
ScatterPIFNUFFT,16,11,0.002505362
ScatterPIFNUFFT,16,12,3.650710362
ScatterPIFNUFFT,16,13,0.002506264
ScatterPIFNUFFT,16,14,3.591246715
ScatterPIFNUFFT,16,15,0.002510441
ScatterPIFNUFFT,16,16,3.609008452
ScatterPIFNUFFT,16,17,0.002501474
ScatterPIFNUFFT,16,18,3.572855839
ScatterPIFNUFFT,16,19,0.002510522
NativeNUFFT1,16,0,3.596273152
NativeNUFFT1,16,1,3.592361863
NativeNUFFT1,16,2,3.62457318
NativeNUFFT1,16,3,3.624845067
NativeNUFFT1,16,4,3.601836466
NativeNUFFT1,16,5,3.58165427
NativeNUFFT1,16,6,3.647089615
NativeNUFFT1,16,7,3.587670616
NativeNUFFT1,16,8,3.60543058
NativeNUFFT1,16,9,3.569257306
scatterTimerNUFFT1,16,0,3.365500778
scatterTimerNUFFT1,16,1,3.362955009
scatterTimerNUFFT1,16,2,3.38543883
scatterTimerNUFFT1,16,3,3.398885442
scatterTimerNUFFT1,16,4,3.370687803
scatterTimerNUFFT1,16,5,3.354313884
scatterTimerNUFFT1,16,6,3.419476441
scatterTimerNUFFT1,16,7,3.345013237
scatterTimerNUFFT1,16,8,3.363817597
scatterTimerNUFFT1,16,9,3.328351035
binSort,16,0,0.013861347
binSort,16,1,0.013956522
binSort,16,2,0.013940319
binSort,16,3,0.013938567
binSort,16,4,0.013854694
binSort,16,5,0.013884683
binSort,16,6,0.013851289
binSort,16,7,0.013815629
binSort,16,8,0.013832231
binSort,16,9,0.013870415
binComputeKeys,16,0,0.001087169
binComputeKeys,16,1,0.001075587
binComputeKeys,16,2,0.001084334
binComputeKeys,16,3,0.00108214
binComputeKeys,16,4,0.001085316
binComputeKeys,16,5,0.00107735
binComputeKeys,16,6,0.001084995
binComputeKeys,16,7,0.001075517
binComputeKeys,16,8,0.001076259
binComputeKeys,16,9,0.001080487
binSortByKey,16,0,0.012390573
binSortByKey,16,1,0.012495967
binSortByKey,16,2,0.01247199
binSortByKey,16,3,0.012472392
binSortByKey,16,4,0.012383349
binSortByKey,16,5,0.012422696
binSortByKey,16,6,0.012379974
binSortByKey,16,7,0.012356188
binSortByKey,16,8,0.012369213
binSortByKey,16,9,0.012404812
binComputeOffsets,16,0,0.000380859
binComputeOffsets,16,1,0.000381731
binComputeOffsets,16,2,0.000380849
binComputeOffsets,16,3,0.000380799
binComputeOffsets,16,4,0.000382582
binComputeOffsets,16,5,0.00038132
binComputeOffsets,16,6,0.000382953
binComputeOffsets,16,7,0.000380679
binComputeOffsets,16,8,0.000382543
binComputeOffsets,16,9,0.000381921
FFTNUFFT1,16,0,0.230167541
FFTNUFFT1,16,1,0.228787461
FFTNUFFT1,16,2,0.238525147
FFTNUFFT1,16,3,0.225353078
FFTNUFFT1,16,4,0.230545444
FFTNUFFT1,16,5,0.226730702
FFTNUFFT1,16,6,0.226999073
FFTNUFFT1,16,7,0.24204985
FFTNUFFT1,16,8,0.240996485
FFTNUFFT1,16,9,0.240300255
deconvolutionNUFFT1,16,0,0.000600906
deconvolutionNUFFT1,16,1,0.000615674
deconvolutionNUFFT1,16,2,0.000605605
deconvolutionNUFFT1,16,3,0.000602198
deconvolutionNUFFT1,16,4,0.000599193
deconvolutionNUFFT1,16,5,0.000606036
deconvolutionNUFFT1,16,6,0.000610384
deconvolutionNUFFT1,16,7,0.000603631
deconvolutionNUFFT1,16,8,0.000610474
deconvolutionNUFFT1,16,9,0.000602058
GatherPIFNUFFT,16,0,7.436639971
GatherPIFNUFFT,16,1,7.468483821
GatherPIFNUFFT,16,2,7.456745223
GatherPIFNUFFT,16,3,7.465900506
GatherPIFNUFFT,16,4,7.459439751
GatherPIFNUFFT,16,5,7.443319068
GatherPIFNUFFT,16,6,7.444797583
GatherPIFNUFFT,16,7,7.426869914
GatherPIFNUFFT,16,8,7.438161156
GatherPIFNUFFT,16,9,7.428266584
NativeNUFFT2,16,0,2.401623729
NativeNUFFT2,16,1,2.507965255
NativeNUFFT2,16,2,2.50659274
NativeNUFFT2,16,3,2.419985812
NativeNUFFT2,16,4,2.50439466
NativeNUFFT2,16,5,2.52385523
NativeNUFFT2,16,6,2.397663307
NativeNUFFT2,16,7,2.532275119
NativeNUFFT2,16,8,2.506381855
NativeNUFFT2,16,9,2.412772804
NativeNUFFT2,16,10,2.521241318
NativeNUFFT2,16,11,2.51159009
NativeNUFFT2,16,12,2.4085832
NativeNUFFT2,16,13,2.520890039
NativeNUFFT2,16,14,2.509714733
NativeNUFFT2,16,15,2.408671849
NativeNUFFT2,16,16,2.511798105
NativeNUFFT2,16,17,2.502570303
NativeNUFFT2,16,18,2.404709639
NativeNUFFT2,16,19,2.510719012
NativeNUFFT2,16,20,2.508877079
NativeNUFFT2,16,21,2.390219111
NativeNUFFT2,16,22,2.504649854
NativeNUFFT2,16,23,2.511550014
NativeNUFFT2,16,24,2.393479117
NativeNUFFT2,16,25,2.519924385
NativeNUFFT2,16,26,2.504372547
NativeNUFFT2,16,27,2.397208353
NativeNUFFT2,16,28,2.495851582
NativeNUFFT2,16,29,2.51468617
PrecorrectionNUFFT2,16,0,0.001304441
PrecorrectionNUFFT2,16,1,0.00109253
PrecorrectionNUFFT2,16,2,0.001095305
PrecorrectionNUFFT2,16,3,0.001085016
PrecorrectionNUFFT2,16,4,0.001061109
PrecorrectionNUFFT2,16,5,0.001065758
PrecorrectionNUFFT2,16,6,0.001121406
PrecorrectionNUFFT2,16,7,0.001089274
PrecorrectionNUFFT2,16,8,0.001089835
PrecorrectionNUFFT2,16,9,0.001076729
PrecorrectionNUFFT2,16,10,0.001060027
PrecorrectionNUFFT2,16,11,0.001059626
PrecorrectionNUFFT2,16,12,0.001079385
PrecorrectionNUFFT2,16,13,0.001060939
PrecorrectionNUFFT2,16,14,0.001060859
PrecorrectionNUFFT2,16,15,0.001077862
PrecorrectionNUFFT2,16,16,0.001062251
PrecorrectionNUFFT2,16,17,0.001063073
PrecorrectionNUFFT2,16,18,0.001094624
PrecorrectionNUFFT2,16,19,0.001091658
PrecorrectionNUFFT2,16,20,0.001088132
PrecorrectionNUFFT2,16,21,0.001121035
PrecorrectionNUFFT2,16,22,0.00110293
PrecorrectionNUFFT2,16,23,0.00108716
PrecorrectionNUFFT2,16,24,0.001119102
PrecorrectionNUFFT2,16,25,0.001093562
PrecorrectionNUFFT2,16,26,0.00110795
PrecorrectionNUFFT2,16,27,0.001124813
PrecorrectionNUFFT2,16,28,0.001103211
PrecorrectionNUFFT2,16,29,0.001098301
FFTNUFFT2,16,0,0.244092492
FFTNUFFT2,16,1,0.335080022
FFTNUFFT2,16,2,0.33173981
FFTNUFFT2,16,3,0.252212437
FFTNUFFT2,16,4,0.328423196
FFTNUFFT2,16,5,0.343360612
FFTNUFFT2,16,6,0.237369775
FFTNUFFT2,16,7,0.345851724
FFTNUFFT2,16,8,0.335431526
FFTNUFFT2,16,9,0.235123817
FFTNUFFT2,16,10,0.336217051
FFTNUFFT2,16,11,0.340118951
FFTNUFFT2,16,12,0.243107859
FFTNUFFT2,16,13,0.342927233
FFTNUFFT2,16,14,0.338384818
FFTNUFFT2,16,15,0.236665853
FFTNUFFT2,16,16,0.329349947
FFTNUFFT2,16,17,0.333808296
FFTNUFFT2,16,18,0.2420603
FFTNUFFT2,16,19,0.337431279
FFTNUFFT2,16,20,0.333652546
FFTNUFFT2,16,21,0.21743241
FFTNUFFT2,16,22,0.329679115
FFTNUFFT2,16,23,0.338317558
FFTNUFFT2,16,24,0.217543365
FFTNUFFT2,16,25,0.339324843
FFTNUFFT2,16,26,0.333255265
FFTNUFFT2,16,27,0.218367796
FFTNUFFT2,16,28,0.324947464
FFTNUFFT2,16,29,0.340646448
GatherNUFFT2,16,0,2.156217337
GatherNUFFT2,16,1,2.171782283
GatherNUFFT2,16,2,2.173746082
GatherNUFFT2,16,3,2.166679262
GatherNUFFT2,16,4,2.174900876
GatherNUFFT2,16,5,2.179416887
GatherNUFFT2,16,6,2.159161325
GatherNUFFT2,16,7,2.185324843
GatherNUFFT2,16,8,2.169851848
GatherNUFFT2,16,9,2.176562028
GatherNUFFT2,16,10,2.183955594
GatherNUFFT2,16,11,2.170403337
GatherNUFFT2,16,12,2.16438778
GatherNUFFT2,16,13,2.17689307
GatherNUFFT2,16,14,2.170258606
GatherNUFFT2,16,15,2.170919669
GatherNUFFT2,16,16,2.181375286
GatherNUFFT2,16,17,2.167690678
GatherNUFFT2,16,18,2.161544756
GatherNUFFT2,16,19,2.172186566
GatherNUFFT2,16,20,2.174127875
GatherNUFFT2,16,21,2.171656799
GatherNUFFT2,16,22,2.17385863
GatherNUFFT2,16,23,2.172136099
GatherNUFFT2,16,24,2.17480622
GatherNUFFT2,16,25,2.179496612
GatherNUFFT2,16,26,2.169998872
GatherNUFFT2,16,27,2.177706357
GatherNUFFT2,16,28,2.169790657
GatherNUFFT2,16,29,2.172931391
mainTimer,17,0,112.586552339
dumpData,17,0,0.292235347
dumpData,17,1,0.287035267
dumpData,17,2,0.284902669
dumpData,17,3,0.293085748
dumpData,17,4,0.298038366
dumpData,17,5,0.291418991
dumpData,17,6,0.29771575
dumpData,17,7,0.288169986
dumpData,17,8,0.295090285
dumpData,17,9,0.287086004
kick,17,0,0.001958751
kick,17,1,0.002030591
kick,17,2,0.001936217
kick,17,3,0.002034408
kick,17,4,0.001944985
kick,17,5,0.002032615
kick,17,6,0.001934343
kick,17,7,0.002036141
kick,17,8,0.00193277
kick,17,9,0.002027965
kick,17,10,0.001950065
kick,17,11,0.002016544
kick,17,12,0.001955154
kick,17,13,0.002032364
kick,17,14,0.001924865
kick,17,15,0.002013778
kick,17,16,0.001961667
kick,17,17,0.002187094
kick,17,18,0.001937029
kick,17,19,0.002012084
drift,17,0,0.001952899
drift,17,1,0.001941908
drift,17,2,0.001935195
drift,17,3,0.001918232
drift,17,4,0.001941097
drift,17,5,0.001932781
drift,17,6,0.00193743
drift,17,7,0.001928162
drift,17,8,0.001923794
drift,17,9,0.001930867
particleBC,17,0,0.005754396
particleBC,17,1,0.005791958
particleBC,17,2,0.005778492
particleBC,17,3,0.005772852
particleBC,17,4,0.005779945
particleBC,17,5,0.005767201
particleBC,17,6,0.005765929
particleBC,17,7,0.005783734
particleBC,17,8,0.005769065
particleBC,17,9,0.005769796
updateParticle,17,0,0.042252427
updateParticle,17,1,0.028317688
updateParticle,17,2,0.028690411
updateParticle,17,3,0.027994472
updateParticle,17,4,0.027755758
updateParticle,17,5,0.027825105
updateParticle,17,6,0.027670374
updateParticle,17,7,0.026991767
updateParticle,17,8,0.026898406
updateParticle,17,9,0.02681295
locateParticles,17,0,0.006556823
locateParticles,17,1,0.006683839
locateParticles,17,2,0.006560259
locateParticles,17,3,0.006584547
locateParticles,17,4,0.006595438
locateParticles,17,5,0.006614395
locateParticles,17,6,0.006562685
locateParticles,17,7,0.006573465
locateParticles,17,8,0.006595308
locateParticles,17,9,0.006548999
sendPreprocess,17,0,0.003115566
sendPreprocess,17,1,0.003043907
sendPreprocess,17,2,0.003098914
sendPreprocess,17,3,0.003280946
sendPreprocess,17,4,0.002863356
sendPreprocess,17,5,0.003053966
sendPreprocess,17,6,0.00298377
sendPreprocess,17,7,0.003056972
sendPreprocess,17,8,0.003031262
sendPreprocess,17,9,0.003011553
particleSend,17,0,0.001851442
particleSend,17,1,0.001776157
particleSend,17,2,0.001769393
particleSend,17,3,0.001743703
particleSend,17,4,0.001780706
particleSend,17,5,0.001814431
particleSend,17,6,0.00193264
particleSend,17,7,0.001749936
particleSend,17,8,0.00168486
particleSend,17,9,0.001652616
particleRecv,17,0,4.2803e-05
particleRecv,17,1,9.1778e-05
particleRecv,17,2,4.8394e-05
particleRecv,17,3,3.9086e-05
particleRecv,17,4,3.7744e-05
particleRecv,17,5,5.3814e-05
particleRecv,17,6,4.5839e-05
particleRecv,17,7,4.8554e-05
particleRecv,17,8,4.0949e-05
particleRecv,17,9,3.8805e-05
particleDestroy,17,0,0.012605761
particleDestroy,17,1,0.012543119
particleDestroy,17,2,0.012563208
particleDestroy,17,3,0.012578418
particleDestroy,17,4,0.012606902
particleDestroy,17,5,0.012548921
particleDestroy,17,6,0.012581964
particleDestroy,17,7,0.012612485
particleDestroy,17,8,0.012530074
particleDestroy,17,9,0.012537209
ScatterPIFNUFFT,17,0,3.612790152
ScatterPIFNUFFT,17,1,0.002501023
ScatterPIFNUFFT,17,2,3.606614128
ScatterPIFNUFFT,17,3,0.002507255
ScatterPIFNUFFT,17,4,3.616679193
ScatterPIFNUFFT,17,5,0.002506232
ScatterPIFNUFFT,17,6,3.63752942
ScatterPIFNUFFT,17,7,0.00250472
ScatterPIFNUFFT,17,8,3.617016702
ScatterPIFNUFFT,17,9,0.002509429
ScatterPIFNUFFT,17,10,3.59720674
ScatterPIFNUFFT,17,11,0.00251488
ScatterPIFNUFFT,17,12,3.662823799
ScatterPIFNUFFT,17,13,0.002507836
ScatterPIFNUFFT,17,14,3.580051862
ScatterPIFNUFFT,17,15,0.002509349
ScatterPIFNUFFT,17,16,3.595251166
ScatterPIFNUFFT,17,17,0.002502276
ScatterPIFNUFFT,17,18,3.563171757
ScatterPIFNUFFT,17,19,0.002513147
NativeNUFFT1,17,0,3.609420815
NativeNUFFT1,17,1,3.603191607
NativeNUFFT1,17,2,3.613280107
NativeNUFFT1,17,3,3.634124031
NativeNUFFT1,17,4,3.613573752
NativeNUFFT1,17,5,3.593795731
NativeNUFFT1,17,6,3.659441315
NativeNUFFT1,17,7,3.576660261
NativeNUFFT1,17,8,3.591850487
NativeNUFFT1,17,9,3.559769464
scatterTimerNUFFT1,17,0,3.364827111
scatterTimerNUFFT1,17,1,3.361158083
scatterTimerNUFFT1,17,2,3.384118157
scatterTimerNUFFT1,17,3,3.400482531
scatterTimerNUFFT1,17,4,3.369291263
scatterTimerNUFFT1,17,5,3.352756212
scatterTimerNUFFT1,17,6,3.417601112
scatterTimerNUFFT1,17,7,3.345570288
scatterTimerNUFFT1,17,8,3.362623831
scatterTimerNUFFT1,17,9,3.327262733
binSort,17,0,0.013273597
binSort,17,1,0.013205224
binSort,17,2,0.013209702
binSort,17,3,0.013321419
binSort,17,4,0.013123545
binSort,17,5,0.013415053
binSort,17,6,0.013090152
binSort,17,7,0.013112375
binSort,17,8,0.01344989
binSort,17,9,0.013066857
binComputeKeys,17,0,0.001013967
binComputeKeys,17,1,0.001019949
binComputeKeys,17,2,0.001007204
binComputeKeys,17,3,0.001014609
binComputeKeys,17,4,0.001017184
binComputeKeys,17,5,0.001016953
binComputeKeys,17,6,0.00101513
binComputeKeys,17,7,0.001016813
binComputeKeys,17,8,0.001021602
binComputeKeys,17,9,0.001018065
binSortByKey,17,0,0.011887106
binSortByKey,17,1,0.011816098
binSortByKey,17,2,0.011829264
binSortByKey,17,3,0.011934158
binSortByKey,17,4,0.011735593
binSortByKey,17,5,0.012029183
binSortByKey,17,6,0.011706217
binSortByKey,17,7,0.011739
binSortByKey,17,8,0.012055824
binSortByKey,17,9,0.011678172
binComputeOffsets,17,0,0.000368925
binComputeOffsets,17,1,0.000364758
binComputeOffsets,17,2,0.000369407
binComputeOffsets,17,3,0.000368365
binComputeOffsets,17,4,0.000366621
binComputeOffsets,17,5,0.000365309
binComputeOffsets,17,6,0.000365179
binComputeOffsets,17,7,0.000352824
binComputeOffsets,17,8,0.000366641
binComputeOffsets,17,9,0.000366912
FFTNUFFT1,17,0,0.243974933
FFTNUFFT1,17,1,0.241429372
FFTNUFFT1,17,2,0.228552667
FFTNUFFT1,17,3,0.233032659
FFTNUFFT1,17,4,0.243671564
FFTNUFFT1,17,5,0.240433684
FFTNUFFT1,17,6,0.241228526
FFTNUFFT1,17,7,0.230474568
FFTNUFFT1,17,8,0.228619367
FFTNUFFT1,17,9,0.231895806
deconvolutionNUFFT1,17,0,0.000614422
deconvolutionNUFFT1,17,1,0.000599884
deconvolutionNUFFT1,17,2,0.000605105
deconvolutionNUFFT1,17,3,0.000604172
deconvolutionNUFFT1,17,4,0.000606176
deconvolutionNUFFT1,17,5,0.000601408
deconvolutionNUFFT1,17,6,0.000607228
deconvolutionNUFFT1,17,7,0.000611135
deconvolutionNUFFT1,17,8,0.000602218
deconvolutionNUFFT1,17,9,0.000606858
GatherPIFNUFFT,17,0,7.289549947
GatherPIFNUFFT,17,1,7.322500884
GatherPIFNUFFT,17,2,7.337151543
GatherPIFNUFFT,17,3,7.325278311
GatherPIFNUFFT,17,4,7.315423157
GatherPIFNUFFT,17,5,7.297468685
GatherPIFNUFFT,17,6,7.293156392
GatherPIFNUFFT,17,7,7.312431346
GatherPIFNUFFT,17,8,7.317661165
GatherPIFNUFFT,17,9,7.310548721
NativeNUFFT2,17,0,2.252426255
NativeNUFFT2,17,1,2.513523339
NativeNUFFT2,17,2,2.503960504
NativeNUFFT2,17,3,2.271709996
NativeNUFFT2,17,4,2.510871908
NativeNUFFT2,17,5,2.520533764
NativeNUFFT2,17,6,2.277022023
NativeNUFFT2,17,7,2.521405276
NativeNUFFT2,17,8,2.519251559
NativeNUFFT2,17,9,2.270641221
NativeNUFFT2,17,10,2.506860373
NativeNUFFT2,17,11,2.528144932
NativeNUFFT2,17,12,2.261393329
NativeNUFFT2,17,13,2.52612105
NativeNUFFT2,17,14,2.508407206
NativeNUFFT2,17,15,2.265608643
NativeNUFFT2,17,16,2.50802265
NativeNUFFT2,17,17,2.504366338
NativeNUFFT2,17,18,2.262315452
NativeNUFFT2,17,19,2.511951703
NativeNUFFT2,17,20,2.499347336
NativeNUFFT2,17,21,2.269282463
NativeNUFFT2,17,22,2.50304004
NativeNUFFT2,17,23,2.520678317
NativeNUFFT2,17,24,2.278356231
NativeNUFFT2,17,25,2.512287325
NativeNUFFT2,17,26,2.507524152
NativeNUFFT2,17,27,2.264965926
NativeNUFFT2,17,28,2.506171317
NativeNUFFT2,17,29,2.519756458
PrecorrectionNUFFT2,17,0,0.001129322
PrecorrectionNUFFT2,17,1,0.001097259
PrecorrectionNUFFT2,17,2,0.001105234
PrecorrectionNUFFT2,17,3,0.001073634
PrecorrectionNUFFT2,17,4,0.001067883
PrecorrectionNUFFT2,17,5,0.001066499
PrecorrectionNUFFT2,17,6,0.001102028
PrecorrectionNUFFT2,17,7,0.00106145
PrecorrectionNUFFT2,17,8,0.001060297
PrecorrectionNUFFT2,17,9,0.001111517
PrecorrectionNUFFT2,17,10,0.001090746
PrecorrectionNUFFT2,17,11,0.001098651
PrecorrectionNUFFT2,17,12,0.001086047
PrecorrectionNUFFT2,17,13,0.001055629
PrecorrectionNUFFT2,17,14,0.001059325
PrecorrectionNUFFT2,17,15,0.001078262
PrecorrectionNUFFT2,17,16,0.001074244
PrecorrectionNUFFT2,17,17,0.001069495
PrecorrectionNUFFT2,17,18,0.001086578
PrecorrectionNUFFT2,17,19,0.001061791
PrecorrectionNUFFT2,17,20,0.001069976
PrecorrectionNUFFT2,17,21,0.001089374
PrecorrectionNUFFT2,17,22,0.001062622
PrecorrectionNUFFT2,17,23,0.001064846
PrecorrectionNUFFT2,17,24,0.001079394
PrecorrectionNUFFT2,17,25,0.001057873
PrecorrectionNUFFT2,17,26,0.001057573
PrecorrectionNUFFT2,17,27,0.001114943
PrecorrectionNUFFT2,17,28,0.001098562
PrecorrectionNUFFT2,17,29,0.001108271
FFTNUFFT2,17,0,0.221368328
FFTNUFFT2,17,1,0.479695876
FFTNUFFT2,17,2,0.473553979
FFTNUFFT2,17,3,0.252433486
FFTNUFFT2,17,4,0.477409992
FFTNUFFT2,17,5,0.480967075
FFTNUFFT2,17,6,0.239851
FFTNUFFT2,17,7,0.487079975
FFTNUFFT2,17,8,0.490662578
FFTNUFFT2,17,9,0.23546012
FFTNUFFT2,17,10,0.482241438
FFTNUFFT2,17,11,0.497860385
FFTNUFFT2,17,12,0.242857123
FFTNUFFT2,17,13,0.486503033
FFTNUFFT2,17,14,0.477214369
FFTNUFFT2,17,15,0.234275354
FFTNUFFT2,17,16,0.472873976
FFTNUFFT2,17,17,0.477163196
FFTNUFFT2,17,18,0.240661224
FFTNUFFT2,17,19,0.476963512
FFTNUFFT2,17,20,0.475180141
FFTNUFFT2,17,21,0.236422901
FFTNUFFT2,17,22,0.473403393
FFTNUFFT2,17,23,0.482188531
FFTNUFFT2,17,24,0.238724127
FFTNUFFT2,17,25,0.477987198
FFTNUFFT2,17,26,0.483564671
FFTNUFFT2,17,27,0.234240355
FFTNUFFT2,17,28,0.480476088
FFTNUFFT2,17,29,0.480475305
GatherNUFFT2,17,0,2.029918726
GatherNUFFT2,17,1,2.032720375
GatherNUFFT2,17,2,2.029292614
GatherNUFFT2,17,3,2.018193018
GatherNUFFT2,17,4,2.032384315
GatherNUFFT2,17,5,2.038491333
GatherNUFFT2,17,6,2.036058865
GatherNUFFT2,17,7,2.033255064
GatherNUFFT2,17,8,2.027521218
GatherNUFFT2,17,9,2.034061158
GatherNUFFT2,17,10,2.023519984
GatherNUFFT2,17,11,2.029178071
GatherNUFFT2,17,12,2.017441621
GatherNUFFT2,17,13,2.038553941
GatherNUFFT2,17,14,2.030124603
GatherNUFFT2,17,15,2.030245789
GatherNUFFT2,17,16,2.034064118
GatherNUFFT2,17,17,2.026125871
GatherNUFFT2,17,18,2.020558291
GatherNUFFT2,17,19,2.033918006
GatherNUFFT2,17,20,2.023088241
GatherNUFFT2,17,21,2.031760117
GatherNUFFT2,17,22,2.028564987
GatherNUFFT2,17,23,2.037415833
GatherNUFFT2,17,24,2.038543531
GatherNUFFT2,17,25,2.033233337
GatherNUFFT2,17,26,2.022892962
GatherNUFFT2,17,27,2.02960172
GatherNUFFT2,17,28,2.024587089
GatherNUFFT2,17,29,2.038164326
mainTimer,18,0,112.586554834
dumpData,18,0,0.009650326
dumpData,18,1,0.006945898
dumpData,18,2,0.006799514
dumpData,18,3,0.006758425
dumpData,18,4,0.01049733
dumpData,18,5,0.006644564
dumpData,18,6,0.010751413
dumpData,18,7,0.008877918
dumpData,18,8,0.006754216
dumpData,18,9,0.006765289
kick,18,0,0.002414616
kick,18,1,0.00238579
kick,18,2,0.002398585
kick,18,3,0.002390408
kick,18,4,0.002403474
kick,18,5,0.002411158
kick,18,6,0.002395228
kick,18,7,0.002383014
kick,18,8,0.002409496
kick,18,9,0.002381822
kick,18,10,0.002392112
kick,18,11,0.002403504
kick,18,12,0.002393985
kick,18,13,0.002398224
kick,18,14,0.002399927
kick,18,15,0.002407612
kick,18,16,0.002393214
kick,18,17,0.002389527
kick,18,18,0.00238584
kick,18,19,0.002388786
drift,18,0,0.002368425
drift,18,1,0.002369548
drift,18,2,0.002365229
drift,18,3,0.00237535
drift,18,4,0.002343568
drift,18,5,0.002358387
drift,18,6,0.0023803
drift,18,7,0.002398645
drift,18,8,0.002567793
drift,18,9,0.002358156
particleBC,18,0,0.006588344
particleBC,18,1,0.00663774
particleBC,18,2,0.00668876
particleBC,18,3,0.006727714
particleBC,18,4,0.006646377
particleBC,18,5,0.006565571
particleBC,18,6,0.006805606
particleBC,18,7,0.006649684
particleBC,18,8,0.006669683
particleBC,18,9,0.006689601
updateParticle,18,0,0.032433715
updateParticle,18,1,0.026478289
updateParticle,18,2,0.027253663
updateParticle,18,3,0.029234627
updateParticle,18,4,0.026197724
updateParticle,18,5,0.026143341
updateParticle,18,6,0.025865331
updateParticle,18,7,0.027448403
updateParticle,18,8,0.025278553
updateParticle,18,9,0.025718938
locateParticles,18,0,0.007505794
locateParticles,18,1,0.007492999
locateParticles,18,2,0.007501816
locateParticles,18,3,0.007509802
locateParticles,18,4,0.007596571
locateParticles,18,5,0.007509502
locateParticles,18,6,0.007512297
locateParticles,18,7,0.00754983
locateParticles,18,8,0.007505234
locateParticles,18,9,0.007600649
sendPreprocess,18,0,0.000461776
sendPreprocess,18,1,0.000498898
sendPreprocess,18,2,0.00036067
sendPreprocess,18,3,0.00048416
sendPreprocess,18,4,0.000119021
sendPreprocess,18,5,0.000490892
sendPreprocess,18,6,0.000114132
sendPreprocess,18,7,0.000270965
sendPreprocess,18,8,0.000146024
sendPreprocess,18,9,0.000163226
particleSend,18,0,0.001820602
particleSend,18,1,0.001825963
particleSend,18,2,0.002718605
particleSend,18,3,0.001812968
particleSend,18,4,0.002710129
particleSend,18,5,0.00188576
particleSend,18,6,0.002005953
particleSend,18,7,0.001886651
particleSend,18,8,0.001836193
particleSend,18,9,0.001820282
particleRecv,18,0,4.5037e-05
particleRecv,18,1,4.4687e-05
particleRecv,18,2,4.6821e-05
particleRecv,18,3,4.0128e-05
particleRecv,18,4,3.9957e-05
particleRecv,18,5,3.9687e-05
particleRecv,18,6,4.5628e-05
particleRecv,18,7,4.7111e-05
particleRecv,18,8,4.088e-05
particleRecv,18,9,3.8715e-05
particleDestroy,18,0,0.014372498
particleDestroy,18,1,0.014361878
particleDestroy,18,2,0.014283636
particleDestroy,18,3,0.014409841
particleDestroy,18,4,0.014381175
particleDestroy,18,5,0.014343153
particleDestroy,18,6,0.014399592
particleDestroy,18,7,0.014407167
particleDestroy,18,8,0.014392908
particleDestroy,18,9,0.014432126
ScatterPIFNUFFT,18,0,3.610143396
ScatterPIFNUFFT,18,1,0.002508748
ScatterPIFNUFFT,18,2,3.597347337
ScatterPIFNUFFT,18,3,0.00250973
ScatterPIFNUFFT,18,4,3.62940713
ScatterPIFNUFFT,18,5,0.002507074
ScatterPIFNUFFT,18,6,3.625926264
ScatterPIFNUFFT,18,7,0.002510512
ScatterPIFNUFFT,18,8,3.605345024
ScatterPIFNUFFT,18,9,0.002503407
ScatterPIFNUFFT,18,10,3.58633858
ScatterPIFNUFFT,18,11,0.002513057
ScatterPIFNUFFT,18,12,3.65168868
ScatterPIFNUFFT,18,13,0.002510832
ScatterPIFNUFFT,18,14,3.592378642
ScatterPIFNUFFT,18,15,0.002504981
ScatterPIFNUFFT,18,16,3.610360747
ScatterPIFNUFFT,18,17,0.00250961
ScatterPIFNUFFT,18,18,3.573917689
ScatterPIFNUFFT,18,19,0.002510832
NativeNUFFT1,18,0,3.60640865
NativeNUFFT1,18,1,3.593588162
NativeNUFFT1,18,2,3.625672472
NativeNUFFT1,18,3,3.622175857
NativeNUFFT1,18,4,3.601614225
NativeNUFFT1,18,5,3.582537734
NativeNUFFT1,18,6,3.647953742
NativeNUFFT1,18,7,3.588655266
NativeNUFFT1,18,8,3.606590229
NativeNUFFT1,18,9,3.57018682
scatterTimerNUFFT1,18,0,3.373961835
scatterTimerNUFFT1,18,1,3.362296391
scatterTimerNUFFT1,18,2,3.385047641
scatterTimerNUFFT1,18,3,3.398421623
scatterTimerNUFFT1,18,4,3.370499478
scatterTimerNUFFT1,18,5,3.353770068
scatterTimerNUFFT1,18,6,3.418545895
scatterTimerNUFFT1,18,7,3.344318418
scatterTimerNUFFT1,18,8,3.363314962
scatterTimerNUFFT1,18,9,3.327847888
binSort,18,0,0.015314496
binSort,18,1,0.014887057
binSort,18,2,0.014834104
binSort,18,3,0.015081334
binSort,18,4,0.014848513
binSort,18,5,0.014882239
binSort,18,6,0.014918099
binSort,18,7,0.014876328
binSort,18,8,0.01488283
binSort,18,9,0.014868733
binComputeKeys,18,0,0.00113322
binComputeKeys,18,1,0.001143599
binComputeKeys,18,2,0.001145653
binComputeKeys,18,3,0.00113883
binComputeKeys,18,4,0.001146605
binComputeKeys,18,5,0.001139611
binComputeKeys,18,6,0.001136275
binComputeKeys,18,7,0.00113374
binComputeKeys,18,8,0.001144511
binComputeKeys,18,9,0.001145233
binSortByKey,18,0,0.013774438
binSortByKey,18,1,0.01333744
binSortByKey,18,2,0.013282613
binSortByKey,18,3,0.013322681
binSortByKey,18,4,0.013291391
binSortByKey,18,5,0.013334466
binSortByKey,18,6,0.013374764
binSortByKey,18,7,0.013334537
binSortByKey,18,8,0.013327272
binSortByKey,18,9,0.013316681
binComputeOffsets,18,0,0.000403343
binComputeOffsets,18,1,0.000402431
binComputeOffsets,18,2,0.000403042
binComputeOffsets,18,3,0.000616606
binComputeOffsets,18,4,0.000407069
binComputeOffsets,18,5,0.000404886
binComputeOffsets,18,6,0.000403443
binComputeOffsets,18,7,0.000404575
binComputeOffsets,18,8,0.000406338
binComputeOffsets,18,9,0.000403443
FFTNUFFT1,18,0,0.231634768
FFTNUFFT1,18,1,0.230474044
FFTNUFFT1,18,2,0.239805862
FFTNUFFT1,18,3,0.222942961
FFTNUFFT1,18,4,0.230298735
FFTNUFFT1,18,5,0.227954999
FFTNUFFT1,18,6,0.228595281
FFTNUFFT1,18,7,0.243517147
FFTNUFFT1,18,8,0.242468773
FFTNUFFT1,18,9,0.241519922
deconvolutionNUFFT1,18,0,0.000808068
deconvolutionNUFFT1,18,1,0.000813569
deconvolutionNUFFT1,18,2,0.00081472
deconvolutionNUFFT1,18,3,0.000807016
deconvolutionNUFFT1,18,4,0.000811564
deconvolutionNUFFT1,18,5,0.000808699
deconvolutionNUFFT1,18,6,0.000808319
deconvolutionNUFFT1,18,7,0.000815071
deconvolutionNUFFT1,18,8,0.000801706
deconvolutionNUFFT1,18,9,0.000814601
GatherPIFNUFFT,18,0,7.582501844
GatherPIFNUFFT,18,1,7.611580959
GatherPIFNUFFT,18,2,7.601752608
GatherPIFNUFFT,18,3,7.619707025
GatherPIFNUFFT,18,4,7.613948998
GatherPIFNUFFT,18,5,7.592714482
GatherPIFNUFFT,18,6,7.590733512
GatherPIFNUFFT,18,7,7.576694069
GatherPIFNUFFT,18,8,7.590272359
GatherPIFNUFFT,18,9,7.579010715
NativeNUFFT2,18,0,2.549771977
NativeNUFFT2,18,1,2.510170863
NativeNUFFT2,18,2,2.501435614
NativeNUFFT2,18,3,2.559273698
NativeNUFFT2,18,4,2.512768639
NativeNUFFT2,18,5,2.518427598
NativeNUFFT2,18,6,2.543415997
NativeNUFFT2,18,7,2.530361215
NativeNUFFT2,18,8,2.506643714
NativeNUFFT2,18,9,2.565795492
NativeNUFFT2,18,10,2.51586617
NativeNUFFT2,18,11,2.516865265
NativeNUFFT2,18,12,2.555661357
NativeNUFFT2,18,13,2.525597142
NativeNUFFT2,18,14,2.511497462
NativeNUFFT2,18,15,2.557683738
NativeNUFFT2,18,16,2.510648223
NativeNUFFT2,18,17,2.503005109
NativeNUFFT2,18,18,2.556146593
NativeNUFFT2,18,19,2.510584159
NativeNUFFT2,18,20,2.502656187
NativeNUFFT2,18,21,2.539223645
NativeNUFFT2,18,22,2.503719159
NativeNUFFT2,18,23,2.512371088
NativeNUFFT2,18,24,2.543194971
NativeNUFFT2,18,25,2.513259692
NativeNUFFT2,18,26,2.512672492
NativeNUFFT2,18,27,2.537499942
NativeNUFFT2,18,28,2.503415179
NativeNUFFT2,18,29,2.516780153
PrecorrectionNUFFT2,18,0,0.001300162
PrecorrectionNUFFT2,18,1,0.001267609
PrecorrectionNUFFT2,18,2,0.001278261
PrecorrectionNUFFT2,18,3,0.001310443
PrecorrectionNUFFT2,18,4,0.001270445
PrecorrectionNUFFT2,18,5,0.001276587
PrecorrectionNUFFT2,18,6,0.001323639
PrecorrectionNUFFT2,18,7,0.001300614
PrecorrectionNUFFT2,18,8,0.001283551
PrecorrectionNUFFT2,18,9,0.001312668
PrecorrectionNUFFT2,18,10,0.001270986
PrecorrectionNUFFT2,18,11,0.001268281
PrecorrectionNUFFT2,18,12,0.001310313
PrecorrectionNUFFT2,18,13,0.0012729
PrecorrectionNUFFT2,18,14,0.001266638
PrecorrectionNUFFT2,18,15,0.001331293
PrecorrectionNUFFT2,18,16,0.001304161
PrecorrectionNUFFT2,18,17,0.00128823
PrecorrectionNUFFT2,18,18,0.001328528
PrecorrectionNUFFT2,18,19,0.001300093
PrecorrectionNUFFT2,18,20,0.001276638
PrecorrectionNUFFT2,18,21,0.001335201
PrecorrectionNUFFT2,18,22,0.001278641
PrecorrectionNUFFT2,18,23,0.001284562
PrecorrectionNUFFT2,18,24,0.001305754
PrecorrectionNUFFT2,18,25,0.001271407
PrecorrectionNUFFT2,18,26,0.001278501
PrecorrectionNUFFT2,18,27,0.001318839
PrecorrectionNUFFT2,18,28,0.001293671
PrecorrectionNUFFT2,18,29,0.001295805
FFTNUFFT2,18,0,0.243650505
FFTNUFFT2,18,1,0.179932101
FFTNUFFT2,18,2,0.177526584
FFTNUFFT2,18,3,0.25151848
FFTNUFFT2,18,4,0.187913089
FFTNUFFT2,18,5,0.191096747
FFTNUFFT2,18,6,0.236534374
FFTNUFFT2,18,7,0.197092561
FFTNUFFT2,18,8,0.193239344
FFTNUFFT2,18,9,0.237384012
FFTNUFFT2,18,10,0.182809737
FFTNUFFT2,18,11,0.190187221
FFTNUFFT2,18,12,0.243674619
FFTNUFFT2,18,13,0.190437405
FFTNUFFT2,18,14,0.18665204
FFTNUFFT2,18,15,0.232956855
FFTNUFFT2,18,16,0.179325874
FFTNUFFT2,18,17,0.180215078
FFTNUFFT2,18,18,0.240821485
FFTNUFFT2,18,19,0.182105627
FFTNUFFT2,18,20,0.180156716
FFTNUFFT2,18,21,0.211734603
FFTNUFFT2,18,22,0.176572892
FFTNUFFT2,18,23,0.183774156
FFTNUFFT2,18,24,0.213621674
FFTNUFFT2,18,25,0.184463193
FFTNUFFT2,18,26,0.189116914
FFTNUFFT2,18,27,0.213222812
FFTNUFFT2,18,28,0.183774696
FFTNUFFT2,18,29,0.187840036
GatherNUFFT2,18,0,2.30481072
GatherNUFFT2,18,1,2.328960162
GatherNUFFT2,18,2,2.322618576
GatherNUFFT2,18,3,2.306433934
GatherNUFFT2,18,4,2.323574433
GatherNUFFT2,18,5,2.326043713
GatherNUFFT2,18,6,2.305547514
GatherNUFFT2,18,7,2.331957751
GatherNUFFT2,18,8,2.312110178
GatherNUFFT2,18,9,2.327088112
GatherNUFFT2,18,10,2.331775827
GatherNUFFT2,18,11,2.325398511
GatherNUFFT2,18,12,2.310665204
GatherNUFFT2,18,13,2.333876327
GatherNUFFT2,18,14,2.323568465
GatherNUFFT2,18,15,2.323384938
GatherNUFFT2,18,16,2.330003549
GatherNUFFT2,18,17,2.321490489
GatherNUFFT2,18,18,2.313984176
GatherNUFFT2,18,19,2.327166776
GatherNUFFT2,18,20,2.321212283
GatherNUFFT2,18,21,2.326142269
GatherNUFFT2,18,22,2.325856474
GatherNUFFT2,18,23,2.327301008
GatherNUFFT2,18,24,2.32825573
GatherNUFFT2,18,25,2.327514441
GatherNUFFT2,18,26,2.322265306
GatherNUFFT2,18,27,2.322946928
GatherNUFFT2,18,28,2.318334367
GatherNUFFT2,18,29,2.32763257
mainTimer,19,0,112.586555635
dumpData,19,0,0.169636565
dumpData,19,1,0.166795562
dumpData,19,2,0.165109872
dumpData,19,3,0.170088271
dumpData,19,4,0.171937026
dumpData,19,5,0.169089961
dumpData,19,6,0.174220446
dumpData,19,7,0.171267065
dumpData,19,8,0.171627665
dumpData,19,9,0.167897676
kick,19,0,0.00214865
kick,19,1,0.002217182
kick,19,2,0.002131476
kick,19,3,0.002246369
kick,19,4,0.002141967
kick,19,5,0.002253583
kick,19,6,0.002131035
kick,19,7,0.002245197
kick,19,8,0.002143018
kick,19,9,0.00222625
kick,19,10,0.002156004
kick,19,11,0.002250938
kick,19,12,0.00214871
kick,19,13,0.002237472
kick,19,14,0.002171063
kick,19,15,0.002238724
kick,19,16,0.002131516
kick,19,17,0.002221561
kick,19,18,0.002132759
kick,19,19,0.002225288
drift,19,0,0.002085837
drift,19,1,0.002053064
drift,19,2,0.002057071
drift,19,3,0.002069907
drift,19,4,0.002069486
drift,19,5,0.002079264
drift,19,6,0.002063634
drift,19,7,0.00205124
drift,19,8,0.002074165
drift,19,9,0.002067742
particleBC,19,0,0.00617393
particleBC,19,1,0.006164181
particleBC,19,2,0.006153641
particleBC,19,3,0.006163199
particleBC,19,4,0.006163068
particleBC,19,5,0.006166988
particleBC,19,6,0.006150615
particleBC,19,7,0.006158912
particleBC,19,8,0.006128533
particleBC,19,9,0.006186565
updateParticle,19,0,0.04188826
updateParticle,19,1,0.027348497
updateParticle,19,2,0.027989752
updateParticle,19,3,0.030316697
updateParticle,19,4,0.027096889
updateParticle,19,5,0.026872686
updateParticle,19,6,0.026896993
updateParticle,19,7,0.02800329
updateParticle,19,8,0.026445618
updateParticle,19,9,0.026650204
locateParticles,19,0,0.007284394
locateParticles,19,1,0.007206904
locateParticles,19,2,0.007217204
locateParticles,19,3,0.007227715
locateParticles,19,4,0.007234308
locateParticles,19,5,0.007164302
locateParticles,19,6,0.007164302
locateParticles,19,7,0.007272642
locateParticles,19,8,0.007178811
locateParticles,19,9,0.007220902
sendPreprocess,19,0,0.001648038
sendPreprocess,19,1,0.001843748
sendPreprocess,19,2,0.001750687
sendPreprocess,19,3,0.001899646
sendPreprocess,19,4,0.001506163
sendPreprocess,19,5,0.001751549
sendPreprocess,19,6,0.001679199
sendPreprocess,19,7,0.001614823
sendPreprocess,19,8,0.001768752
sendPreprocess,19,9,0.001590546
particleSend,19,0,0.003509299
particleSend,19,1,0.001672375
particleSend,19,2,0.001677044
particleSend,19,3,0.001659911
particleSend,19,4,0.001691222
particleSend,19,5,0.001710249
particleSend,19,6,0.001907622
particleSend,19,7,0.001662536
particleSend,19,8,0.001658749
particleSend,19,9,0.0017007
particleRecv,19,0,0.000106096
particleRecv,19,1,3.6902e-05
particleRecv,19,2,4.12e-05
particleRecv,19,3,4.1751e-05
particleRecv,19,4,3.6681e-05
particleRecv,19,5,3.8726e-05
particleRecv,19,6,3.5609e-05
particleRecv,19,7,3.4117e-05
particleRecv,19,8,3.3846e-05
particleRecv,19,9,3.7272e-05
particleDestroy,19,0,0.013775931
particleDestroy,19,1,0.013717667
particleDestroy,19,2,0.013787514
particleDestroy,19,3,0.013836037
particleDestroy,19,4,0.013820868
particleDestroy,19,5,0.013842021
particleDestroy,19,6,0.013775991
particleDestroy,19,7,0.013760393
particleDestroy,19,8,0.013812943
particleDestroy,19,9,0.01382128
ScatterPIFNUFFT,19,0,3.613678065
ScatterPIFNUFFT,19,1,0.002496655
ScatterPIFNUFFT,19,2,3.608239271
ScatterPIFNUFFT,19,3,0.002512655
ScatterPIFNUFFT,19,4,3.625597267
ScatterPIFNUFFT,19,5,0.002502175
ScatterPIFNUFFT,19,6,3.637167758
ScatterPIFNUFFT,19,7,0.00251
ScatterPIFNUFFT,19,8,3.618185691
ScatterPIFNUFFT,19,9,0.002511273
ScatterPIFNUFFT,19,10,3.598636785
ScatterPIFNUFFT,19,11,0.002506744
ScatterPIFNUFFT,19,12,3.664214317
ScatterPIFNUFFT,19,13,0.002503899
ScatterPIFNUFFT,19,14,3.588074669
ScatterPIFNUFFT,19,15,0.002503127
ScatterPIFNUFFT,19,16,3.596203815
ScatterPIFNUFFT,19,17,0.002512787
ScatterPIFNUFFT,19,18,3.557785014
ScatterPIFNUFFT,19,19,0.002503478
NativeNUFFT1,19,0,3.610148266
NativeNUFFT1,19,1,3.604683141
NativeNUFFT1,19,2,3.621827743
NativeNUFFT1,19,3,3.633616336
NativeNUFFT1,19,4,3.614422749
NativeNUFFT1,19,5,3.595091675
NativeNUFFT1,19,6,3.66066554
NativeNUFFT1,19,7,3.584552134
NativeNUFFT1,19,8,3.592685236
NativeNUFFT1,19,9,3.55423238
scatterTimerNUFFT1,19,0,3.364077265
scatterTimerNUFFT1,19,1,3.360931543
scatterTimerNUFFT1,19,2,3.383868453
scatterTimerNUFFT1,19,3,3.397002309
scatterTimerNUFFT1,19,4,3.36900092
scatterTimerNUFFT1,19,5,3.352442383
scatterTimerNUFFT1,19,6,3.417155988
scatterTimerNUFFT1,19,7,3.343301134
scatterTimerNUFFT1,19,8,3.362010381
scatterTimerNUFFT1,19,9,3.326620957
binSort,19,0,0.013874532
binSort,19,1,0.013870474
binSort,19,2,0.013903999
binSort,19,3,0.013891706
binSort,19,4,0.014762435
binSort,19,5,0.01389806
binSort,19,6,0.013888552
binSort,19,7,0.013905274
binSort,19,8,0.013859014
binSort,19,9,0.0138624
binComputeKeys,19,0,0.001068323
binComputeKeys,19,1,0.00107198
binComputeKeys,19,2,0.001072541
binComputeKeys,19,3,0.001073974
binComputeKeys,19,4,0.001072672
binComputeKeys,19,5,0.001071219
binComputeKeys,19,6,0.001073223
binComputeKeys,19,7,0.001075457
binComputeKeys,19,8,0.001070096
binComputeKeys,19,9,0.001073694
binSortByKey,19,0,0.01242541
binSortByKey,19,1,0.012416494
binSortByKey,19,2,0.01244643
binSortByKey,19,3,0.012436432
binSortByKey,19,4,0.013308595
binSortByKey,19,5,0.012442295
binSortByKey,19,6,0.012434349
binSortByKey,19,7,0.012446703
binSortByKey,19,8,0.012406966
binSortByKey,19,9,0.012406785
binComputeOffsets,19,0,0.000377653
binComputeOffsets,19,1,0.000378755
binComputeOffsets,19,2,0.000381741
binComputeOffsets,19,3,0.000377702
binComputeOffsets,19,4,0.000377682
binComputeOffsets,19,5,0.000380849
binComputeOffsets,19,6,0.000377763
binComputeOffsets,19,7,0.000379075
binComputeOffsets,19,8,0.000377743
binComputeOffsets,19,9,0.000378815
FFTNUFFT1,19,0,0.245469885
FFTNUFFT1,19,1,0.243140302
FFTNUFFT1,19,2,0.237358914
FFTNUFFT1,19,3,0.236016218
FFTNUFFT1,19,4,0.244810644
FFTNUFFT1,19,5,0.242040782
FFTNUFFT1,19,6,0.242905329
FFTNUFFT1,19,7,0.240471687
FFTNUFFT1,19,8,0.23005824
FFTNUFFT1,19,9,0.227002611
deconvolutionNUFFT1,19,0,0.000597129
deconvolutionNUFFT1,19,1,0.000607299
deconvolutionNUFFT1,19,2,0.000596958
deconvolutionNUFFT1,19,3,0.000594273
deconvolutionNUFFT1,19,4,0.000607258
deconvolutionNUFFT1,19,5,0.000604754
deconvolutionNUFFT1,19,6,0.000600005
deconvolutionNUFFT1,19,7,0.000775575
deconvolutionNUFFT1,19,8,0.000612348
deconvolutionNUFFT1,19,9,0.000605284
GatherPIFNUFFT,19,0,7.410711439
GatherPIFNUFFT,19,1,7.441189529
GatherPIFNUFFT,19,2,7.447828611
GatherPIFNUFFT,19,3,7.445356202
GatherPIFNUFFT,19,4,7.440126273
GatherPIFNUFFT,19,5,7.418348111
GatherPIFNUFFT,19,6,7.415153708
GatherPIFNUFFT,19,7,7.419350392
GatherPIFNUFFT,19,8,7.439914148
GatherPIFNUFFT,19,9,7.43433482
NativeNUFFT2,19,0,2.373259361
NativeNUFFT2,19,1,2.510211764
NativeNUFFT2,19,2,2.507067321
NativeNUFFT2,19,3,2.395796635
NativeNUFFT2,19,4,2.5045908
NativeNUFFT2,19,5,2.520515609
NativeNUFFT2,19,6,2.38303421
NativeNUFFT2,19,7,2.534533511
NativeNUFFT2,19,8,2.510127915
NativeNUFFT2,19,9,2.39231611
NativeNUFFT2,19,10,2.515911847
NativeNUFFT2,19,11,2.516884894
NativeNUFFT2,19,12,2.384633116
NativeNUFFT2,19,13,2.523749007
NativeNUFFT2,19,14,2.511499246
NativeNUFFT2,19,15,2.380762801
NativeNUFFT2,19,16,2.514811482
NativeNUFFT2,19,17,2.502604739
NativeNUFFT2,19,18,2.383278561
NativeNUFFT2,19,19,2.509032228
NativeNUFFT2,19,20,2.502690843
NativeNUFFT2,19,21,2.380307977
NativeNUFFT2,19,22,2.504454565
NativeNUFFT2,19,23,2.514318827
NativeNUFFT2,19,24,2.397372532
NativeNUFFT2,19,25,2.515321242
NativeNUFFT2,19,26,2.507015054
NativeNUFFT2,19,27,2.392423538
NativeNUFFT2,19,28,2.504110227
NativeNUFFT2,19,29,2.517643158
PrecorrectionNUFFT2,19,0,0.001084875
PrecorrectionNUFFT2,19,1,0.001054316
PrecorrectionNUFFT2,19,2,0.001047362
PrecorrectionNUFFT2,19,3,0.001084745
PrecorrectionNUFFT2,19,4,0.00105086
PrecorrectionNUFFT2,19,5,0.001060208
PrecorrectionNUFFT2,19,6,0.001078302
PrecorrectionNUFFT2,19,7,0.001061891
PrecorrectionNUFFT2,19,8,0.001043475
PrecorrectionNUFFT2,19,9,0.00109743
PrecorrectionNUFFT2,19,10,0.001049537
PrecorrectionNUFFT2,19,11,0.001052201
PrecorrectionNUFFT2,19,12,0.001080757
PrecorrectionNUFFT2,19,13,0.00105625
PrecorrectionNUFFT2,19,14,0.001054726
PrecorrectionNUFFT2,19,15,0.001089144
PrecorrectionNUFFT2,19,16,0.001055759
PrecorrectionNUFFT2,19,17,0.001047964
PrecorrectionNUFFT2,19,18,0.001080186
PrecorrectionNUFFT2,19,19,0.001058003
PrecorrectionNUFFT2,19,20,0.00106148
PrecorrectionNUFFT2,19,21,0.001079865
PrecorrectionNUFFT2,19,22,0.001059707
PrecorrectionNUFFT2,19,23,0.001060599
PrecorrectionNUFFT2,19,24,0.001096297
PrecorrectionNUFFT2,19,25,0.001047763
PrecorrectionNUFFT2,19,26,0.001047813
PrecorrectionNUFFT2,19,27,0.00109243
PrecorrectionNUFFT2,19,28,0.00105658
PrecorrectionNUFFT2,19,29,0.001048725
FFTNUFFT2,19,0,0.22120917
FFTNUFFT2,19,1,0.358343222
FFTNUFFT2,19,2,0.355377186
FFTNUFFT2,19,3,0.252159394
FFTNUFFT2,19,4,0.352845887
FFTNUFFT2,19,5,0.363873915
FFTNUFFT2,19,6,0.228074509
FFTNUFFT2,19,7,0.371623632
FFTNUFFT2,19,8,0.363319129
FFTNUFFT2,19,9,0.237662573
FFTNUFFT2,19,10,0.358499087
FFTNUFFT2,19,11,0.365779053
FFTNUFFT2,19,12,0.24268042
FFTNUFFT2,19,13,0.362782513
FFTNUFFT2,19,14,0.357673469
FFTNUFFT2,19,15,0.232889173
FFTNUFFT2,19,16,0.357562214
FFTNUFFT2,19,17,0.354384826
FFTNUFFT2,19,18,0.240534478
FFTNUFFT2,19,19,0.355333607
FFTNUFFT2,19,20,0.356534508
FFTNUFFT2,19,21,0.229253929
FFTNUFFT2,19,22,0.351574955
FFTNUFFT2,19,23,0.364377128
FFTNUFFT2,19,24,0.240882796
FFTNUFFT2,19,25,0.357043206
FFTNUFFT2,19,26,0.361058005
FFTNUFFT2,19,27,0.242513599
FFTNUFFT2,19,28,0.358857165
FFTNUFFT2,19,29,0.361470706
GatherNUFFT2,19,0,2.150955697
GatherNUFFT2,19,1,2.150805409
GatherNUFFT2,19,2,2.150633403
GatherNUFFT2,19,3,2.142540924
GatherNUFFT2,19,4,2.150684226
GatherNUFFT2,19,5,2.15557285
GatherNUFFT2,19,6,2.153871401
GatherNUFFT2,19,7,2.16183858
GatherNUFFT2,19,8,2.145756363
GatherNUFFT2,19,9,2.153547441
GatherNUFFT2,19,10,2.156354978
GatherNUFFT2,19,11,2.150046767
GatherNUFFT2,19,12,2.140864334
GatherNUFFT2,19,13,2.159901347
GatherNUFFT2,19,14,2.152763165
GatherNUFFT2,19,15,2.146776218
GatherNUFFT2,19,16,2.156182189
GatherNUFFT2,19,17,2.147163123
GatherNUFFT2,19,18,2.141654419
GatherNUFFT2,19,19,2.152630448
GatherNUFFT2,19,20,2.145086069
GatherNUFFT2,19,21,2.149964624
GatherNUFFT2,19,22,2.151810776
GatherNUFFT2,19,23,2.148871883
GatherNUFFT2,19,24,2.155384872
GatherNUFFT2,19,25,2.157222018
GatherNUFFT2,19,26,2.144900798
GatherNUFFT2,19,27,2.14880771
GatherNUFFT2,19,28,2.14418539
GatherNUFFT2,19,29,2.155115701
mainTimer,20,0,112.586555375
dumpData,20,0,0.167907871
dumpData,20,1,0.150665434
dumpData,20,2,0.154788985
dumpData,20,3,0.167020008
dumpData,20,4,0.156006392
dumpData,20,5,0.150509666
dumpData,20,6,0.15591748
dumpData,20,7,0.155042651
dumpData,20,8,0.165536906
dumpData,20,9,0.164161517
kick,20,0,0.002087782
kick,20,1,0.002172044
kick,20,2,0.002052242
kick,20,3,0.002148399
kick,20,4,0.00207686
kick,20,5,0.00216437
kick,20,6,0.002084786
kick,20,7,0.002153518
kick,20,8,0.002076098
kick,20,9,0.002155423
kick,20,10,0.002077561
kick,20,11,0.002149421
kick,20,12,0.002088122
kick,20,13,0.002194327
kick,20,14,0.002077712
kick,20,15,0.002149391
kick,20,16,0.002079094
kick,20,17,0.002127709
kick,20,18,0.002074796
kick,20,19,0.002166414
drift,20,0,0.002086598
drift,20,1,0.00209198
drift,20,2,0.002074576
drift,20,3,0.002077943
drift,20,4,0.002068945
drift,20,5,0.002077401
drift,20,6,0.002071139
drift,20,7,0.002082892
drift,20,8,0.002070979
drift,20,9,0.002080557
particleBC,20,0,0.006215962
particleBC,20,1,0.006142208
particleBC,20,2,0.006176696
particleBC,20,3,0.006137539
particleBC,20,4,0.006189119
particleBC,20,5,0.006180123
particleBC,20,6,0.006155225
particleBC,20,7,0.006203118
particleBC,20,8,0.006182608
particleBC,20,9,0.006187848
updateParticle,20,0,0.040913128
updateParticle,20,1,0.027553175
updateParticle,20,2,0.028003748
updateParticle,20,3,0.030600638
updateParticle,20,4,0.027186092
updateParticle,20,5,0.027122621
updateParticle,20,6,0.02708073
updateParticle,20,7,0.028241963
updateParticle,20,8,0.02635891
updateParticle,20,9,0.026906602
locateParticles,20,0,0.006789074
locateParticles,20,1,0.006774154
locateParticles,20,2,0.00681808
locateParticles,20,3,0.006818491
locateParticles,20,4,0.006789124
locateParticles,20,5,0.006826727
locateParticles,20,6,0.00678175
locateParticles,20,7,0.006793462
locateParticles,20,8,0.006796629
locateParticles,20,9,0.006801218
sendPreprocess,20,0,0.00215925
sendPreprocess,20,1,0.002340342
sendPreprocess,20,2,0.002172966
sendPreprocess,20,3,0.00237097
sendPreprocess,20,4,0.001988699
sendPreprocess,20,5,0.002152045
sendPreprocess,20,6,0.002107951
sendPreprocess,20,7,0.002111027
sendPreprocess,20,8,0.002150934
sendPreprocess,20,9,0.002053805
particleSend,20,0,0.001759463
particleSend,20,1,0.001787158
particleSend,20,2,0.001791667
particleSend,20,3,0.00283398
particleSend,20,4,0.001761478
particleSend,20,5,0.003723937
particleSend,20,6,0.00271065
particleSend,20,7,0.00176198
particleSend,20,8,0.001767319
particleSend,20,9,0.00182444
particleRecv,20,0,4.2101e-05
particleRecv,20,1,4.0618e-05
particleRecv,20,2,4.145e-05
particleRecv,20,3,4.1421e-05
particleRecv,20,4,4.5107e-05
particleRecv,20,5,4.3745e-05
particleRecv,20,6,4.2903e-05
particleRecv,20,7,4.2563e-05
particleRecv,20,8,4.2633e-05
particleRecv,20,9,4.3655e-05
particleDestroy,20,0,0.01298707
particleDestroy,20,1,0.012969987
particleDestroy,20,2,0.012951551
particleDestroy,20,3,0.013325627
particleDestroy,20,4,0.012902345
particleDestroy,20,5,0.012979417
particleDestroy,20,6,0.012934729
particleDestroy,20,7,0.012889844
particleDestroy,20,8,0.013005396
particleDestroy,20,9,0.012935973
ScatterPIFNUFFT,20,0,3.59981238
ScatterPIFNUFFT,20,1,0.002514109
ScatterPIFNUFFT,20,2,3.597884379
ScatterPIFNUFFT,20,3,0.002512946
ScatterPIFNUFFT,20,4,3.616506206
ScatterPIFNUFFT,20,5,0.002509439
ScatterPIFNUFFT,20,6,3.627353735
ScatterPIFNUFFT,20,7,0.002517455
ScatterPIFNUFFT,20,8,3.608098107
ScatterPIFNUFFT,20,9,0.002508668
ScatterPIFNUFFT,20,10,3.589372056
ScatterPIFNUFFT,20,11,0.00250953
ScatterPIFNUFFT,20,12,3.65639815
ScatterPIFNUFFT,20,13,0.002506183
ScatterPIFNUFFT,20,14,3.580377533
ScatterPIFNUFFT,20,15,0.002522615
ScatterPIFNUFFT,20,16,3.609840036
ScatterPIFNUFFT,20,17,0.002516203
ScatterPIFNUFFT,20,18,3.566662672
ScatterPIFNUFFT,20,19,0.002511443
NativeNUFFT1,20,0,3.596255027
NativeNUFFT1,20,1,3.594316275
NativeNUFFT1,20,2,3.612738495
NativeNUFFT1,20,3,3.623767726
NativeNUFFT1,20,4,3.604542368
NativeNUFFT1,20,5,3.585804914
NativeNUFFT1,20,6,3.65286361
NativeNUFFT1,20,7,3.576821132
NativeNUFFT1,20,8,3.606308683
NativeNUFFT1,20,9,3.563120648
scatterTimerNUFFT1,20,0,3.367139287
scatterTimerNUFFT1,20,1,3.363158124
scatterTimerNUFFT1,20,2,3.386315501
scatterTimerNUFFT1,20,3,3.399455709
scatterTimerNUFFT1,20,4,3.371602077
scatterTimerNUFFT1,20,5,3.354790159
scatterTimerNUFFT1,20,6,3.419431233
scatterTimerNUFFT1,20,7,3.345426198
scatterTimerNUFFT1,20,8,3.364596089
scatterTimerNUFFT1,20,9,3.32882743
binSort,20,0,0.013978695
binSort,20,1,0.013989786
binSort,20,2,0.013989865
binSort,20,3,0.013976039
binSort,20,4,0.014001549
binSort,20,5,0.013999697
binSort,20,6,0.014008514
binSort,20,7,0.013969207
binSort,20,8,0.014028633
binSort,20,9,0.01398578
binComputeKeys,20,0,0.001074866
binComputeKeys,20,1,0.001062643
binComputeKeys,20,2,0.001059416
binComputeKeys,20,3,0.001062302
binComputeKeys,20,4,0.0010619
binComputeKeys,20,5,0.001061731
binComputeKeys,20,6,0.001069535
binComputeKeys,20,7,0.001065508
binComputeKeys,20,8,0.001063343
binComputeKeys,20,9,0.001067361
binSortByKey,20,0,0.012512439
binSortByKey,20,1,0.012536727
binSortByKey,20,2,0.01253869
binSortByKey,20,3,0.012525274
binSortByKey,20,4,0.012550814
binSortByKey,20,5,0.01254819
binSortByKey,20,6,0.012546908
binSortByKey,20,7,0.012514114
binSortByKey,20,8,0.012573599
binSortByKey,20,9,0.012528301
binComputeOffsets,20,0,0.000387562
binComputeOffsets,20,1,0.00038657
binComputeOffsets,20,2,0.000387682
binComputeOffsets,20,3,0.000384827
binComputeOffsets,20,4,0.000384657
binComputeOffsets,20,5,0.000385879
binComputeOffsets,20,6,0.000388685
binComputeOffsets,20,7,0.00038651
binComputeOffsets,20,8,0.000386139
binComputeOffsets,20,9,0.000386791
FFTNUFFT1,20,0,0.228512189
FFTNUFFT1,20,1,0.230549119
FFTNUFFT1,20,2,0.22581278
FFTNUFFT1,20,3,0.223709979
FFTNUFFT1,20,4,0.232329746
FFTNUFFT1,20,5,0.23040363
FFTNUFFT1,20,6,0.23282587
FFTNUFFT1,20,7,0.230791563
FFTNUFFT1,20,8,0.241099916
FFTNUFFT1,20,9,0.233697212
deconvolutionNUFFT1,20,0,0.000599494
deconvolutionNUFFT1,20,1,0.000605034
deconvolutionNUFFT1,20,2,0.000606417
deconvolutionNUFFT1,20,3,0.000597729
deconvolutionNUFFT1,20,4,0.000605295
deconvolutionNUFFT1,20,5,0.000607379
deconvolutionNUFFT1,20,6,0.000602309
deconvolutionNUFFT1,20,7,0.000599463
deconvolutionNUFFT1,20,8,0.000607038
deconvolutionNUFFT1,20,9,0.000591979
GatherPIFNUFFT,20,0,7.427304607
GatherPIFNUFFT,20,1,7.467612039
GatherPIFNUFFT,20,2,7.46715824
GatherPIFNUFFT,20,3,7.458080192
GatherPIFNUFFT,20,4,7.466119944
GatherPIFNUFFT,20,5,7.446073654
GatherPIFNUFFT,20,6,7.441117421
GatherPIFNUFFT,20,7,7.443070772
GatherPIFNUFFT,20,8,7.432539667
GatherPIFNUFFT,20,9,7.429019386
NativeNUFFT2,20,0,2.406810494
NativeNUFFT2,20,1,2.510343109
NativeNUFFT2,20,2,2.489916221
NativeNUFFT2,20,3,2.408691186
NativeNUFFT2,20,4,2.516128858
NativeNUFFT2,20,5,2.522573313
NativeNUFFT2,20,6,2.411407776
NativeNUFFT2,20,7,2.535420062
NativeNUFFT2,20,8,2.500155673
NativeNUFFT2,20,9,2.403166634
NativeNUFFT2,20,10,2.518326963
NativeNUFFT2,20,11,2.51618185
NativeNUFFT2,20,12,2.39752917
NativeNUFFT2,20,13,2.535769894
NativeNUFFT2,20,14,2.512356048
NativeNUFFT2,20,15,2.408364623
NativeNUFFT2,20,16,2.497187935
NativeNUFFT2,20,17,2.520317331
NativeNUFFT2,20,18,2.391793305
NativeNUFFT2,20,19,2.521194378
NativeNUFFT2,20,20,2.507753909
NativeNUFFT2,20,21,2.404808522
NativeNUFFT2,20,22,2.50606505
NativeNUFFT2,20,23,2.512051918
NativeNUFFT2,20,24,2.397620994
NativeNUFFT2,20,25,2.519361071
NativeNUFFT2,20,26,2.495102178
NativeNUFFT2,20,27,2.391381767
NativeNUFFT2,20,28,2.513002864
NativeNUFFT2,20,29,2.504407114
PrecorrectionNUFFT2,20,0,0.001102971
PrecorrectionNUFFT2,20,1,0.001053675
PrecorrectionNUFFT2,20,2,0.001061951
PrecorrectionNUFFT2,20,3,0.001091608
PrecorrectionNUFFT2,20,4,0.001055238
PrecorrectionNUFFT2,20,5,0.001056861
PrecorrectionNUFFT2,20,6,0.001099063
PrecorrectionNUFFT2,20,7,0.001056309
PrecorrectionNUFFT2,20,8,0.001049777
PrecorrectionNUFFT2,20,9,0.001122228
PrecorrectionNUFFT2,20,10,0.0010977
PrecorrectionNUFFT2,20,11,0.001090586
PrecorrectionNUFFT2,20,12,0.001140863
PrecorrectionNUFFT2,20,13,0.001099203
PrecorrectionNUFFT2,20,14,0.001085205
PrecorrectionNUFFT2,20,15,0.001110846
PrecorrectionNUFFT2,20,16,0.001057843
PrecorrectionNUFFT2,20,17,0.00105662
PrecorrectionNUFFT2,20,18,0.001120705
PrecorrectionNUFFT2,20,19,0.001091618
PrecorrectionNUFFT2,20,20,0.001097019
PrecorrectionNUFFT2,20,21,0.001083803
PrecorrectionNUFFT2,20,22,0.001059476
PrecorrectionNUFFT2,20,23,0.001048795
PrecorrectionNUFFT2,20,24,0.001136255
PrecorrectionNUFFT2,20,25,0.001083914
PrecorrectionNUFFT2,20,26,0.001094244
PrecorrectionNUFFT2,20,27,0.001075396
PrecorrectionNUFFT2,20,28,0.001055449
PrecorrectionNUFFT2,20,29,0.001052192
FFTNUFFT2,20,0,0.244111819
FFTNUFFT2,20,1,0.336604611
FFTNUFFT2,20,2,0.32559615
FFTNUFFT2,20,3,0.245780155
FFTNUFFT2,20,4,0.337744573
FFTNUFFT2,20,5,0.347572705
FFTNUFFT2,20,6,0.237453939
FFTNUFFT2,20,7,0.346035341
FFTNUFFT2,20,8,0.328593136
FFTNUFFT2,20,9,0.238522421
FFTNUFFT2,20,10,0.350915791
FFTNUFFT2,20,11,0.356651401
FFTNUFFT2,20,12,0.23306897
FFTNUFFT2,20,13,0.361498852
FFTNUFFT2,20,14,0.333874827
FFTNUFFT2,20,15,0.236493789
FFTNUFFT2,20,16,0.33058265
FFTNUFFT2,20,17,0.347835426
FFTNUFFT2,20,18,0.239516823
FFTNUFFT2,20,19,0.34039032
FFTNUFFT2,20,20,0.329893161
FFTNUFFT2,20,21,0.228037178
FFTNUFFT2,20,22,0.326022379
FFTNUFFT2,20,23,0.336290665
FFTNUFFT2,20,24,0.219525281
FFTNUFFT2,20,25,0.336811296
FFTNUFFT2,20,26,0.329705738
FFTNUFFT2,20,27,0.21943198
FFTNUFFT2,20,28,0.338354331
FFTNUFFT2,20,29,0.334023065
GatherNUFFT2,20,0,2.161585032
GatherNUFFT2,20,1,2.172674914
GatherNUFFT2,20,2,2.163248272
GatherNUFFT2,20,3,2.161809354
GatherNUFFT2,20,4,2.177319629
GatherNUFFT2,20,5,2.173933287
GatherNUFFT2,20,6,2.172842411
GatherNUFFT2,20,7,2.188318802
GatherNUFFT2,20,8,2.170503693
GatherNUFFT2,20,9,2.16350921
GatherNUFFT2,20,10,2.166304946
GatherNUFFT2,20,11,2.158431797
GatherNUFFT2,20,12,2.163309116
GatherNUFFT2,20,13,2.173161168
GatherNUFFT2,20,14,2.17738268
GatherNUFFT2,20,15,2.170749778
GatherNUFFT2,20,16,2.165532894
GatherNUFFT2,20,17,2.171414163
GatherNUFFT2,20,18,2.151144745
GatherNUFFT2,20,19,2.179703633
GatherNUFFT2,20,20,2.17675386
GatherNUFFT2,20,21,2.175676369
GatherNUFFT2,20,22,2.178971362
GatherNUFFT2,20,23,2.174701827
GatherNUFFT2,20,24,2.176948868
GatherNUFFT2,20,25,2.181456595
GatherNUFFT2,20,26,2.164292729
GatherNUFFT2,20,27,2.170864271
GatherNUFFT2,20,28,2.173582605
GatherNUFFT2,20,29,2.169321387
mainTimer,21,0,112.586554733
dumpData,21,0,0.300676356
dumpData,21,1,0.277404609
dumpData,21,2,0.282464277
dumpData,21,3,0.300159274
dumpData,21,4,0.302110528
dumpData,21,5,0.276802398
dumpData,21,6,0.283299466
dumpData,21,7,0.277149921
dumpData,21,8,0.290965991
dumpData,21,9,0.297878806
kick,21,0,0.001947159
kick,21,1,0.002048264
kick,21,2,0.001953521
kick,21,3,0.002032404
kick,21,4,0.001955835
kick,21,5,0.002036592
kick,21,6,0.001953821
kick,21,7,0.0020152
kick,21,8,0.001963149
kick,21,9,0.002055769
kick,21,10,0.001949763
kick,21,11,0.002053434
kick,21,12,0.001954964
kick,21,13,0.00205593
kick,21,14,0.001937069
kick,21,15,0.002025361
kick,21,16,0.001955916
kick,21,17,0.002031934
kick,21,18,0.001946998
kick,21,19,0.002058264
drift,21,0,0.001954833
drift,21,1,0.001946347
drift,21,2,0.001964442
drift,21,3,0.001961807
drift,21,4,0.001959733
drift,21,5,0.001982617
drift,21,6,0.001979782
drift,21,7,0.001960895
drift,21,8,0.001964873
drift,21,9,0.001964562
particleBC,21,0,0.005779495
particleBC,21,1,0.005790917
particleBC,21,2,0.005739838
particleBC,21,3,0.00578731
particleBC,21,4,0.005783442
particleBC,21,5,0.005775988
particleBC,21,6,0.005814733
particleBC,21,7,0.005806668
particleBC,21,8,0.005805285
particleBC,21,9,0.005758855
updateParticle,21,0,0.042781233
updateParticle,21,1,0.026939224
updateParticle,21,2,0.026853917
updateParticle,21,3,0.030913576
updateParticle,21,4,0.026708516
updateParticle,21,5,0.027475276
updateParticle,21,6,0.027355834
updateParticle,21,7,0.028763616
updateParticle,21,8,0.026685432
updateParticle,21,9,0.027255409
locateParticles,21,0,0.00664302
locateParticles,21,1,0.006702556
locateParticles,21,2,0.006603333
locateParticles,21,3,0.006605728
locateParticles,21,4,0.006619625
locateParticles,21,5,0.006650244
locateParticles,21,6,0.006653611
locateParticles,21,7,0.006621308
locateParticles,21,8,0.006643863
locateParticles,21,9,0.006628693
sendPreprocess,21,0,0.003015642
sendPreprocess,21,1,0.003005722
sendPreprocess,21,2,0.003053997
sendPreprocess,21,3,0.003182665
sendPreprocess,21,4,0.002787739
sendPreprocess,21,5,0.002960114
sendPreprocess,21,6,0.002802438
sendPreprocess,21,7,0.002941197
sendPreprocess,21,8,0.002909877
sendPreprocess,21,9,0.002898294
particleSend,21,0,0.017629207
particleSend,21,1,0.001605275
particleSend,21,2,0.001650212
particleSend,21,3,0.001655693
particleSend,21,4,0.001610214
particleSend,21,5,0.001599423
particleSend,21,6,0.001596177
particleSend,21,7,0.001605325
particleSend,21,8,0.001600155
particleSend,21,9,0.001653828
particleRecv,21,0,8.3893e-05
particleRecv,21,1,4.117e-05
particleRecv,21,2,3.8956e-05
particleRecv,21,3,3.9547e-05
particleRecv,21,4,4.2362e-05
particleRecv,21,5,3.9727e-05
particleRecv,21,6,3.9416e-05
particleRecv,21,7,4.1019e-05
particleRecv,21,8,3.613e-05
particleRecv,21,9,4.0218e-05
particleDestroy,21,0,0.012801401
particleDestroy,21,1,0.0127602
particleDestroy,21,2,0.012719791
particleDestroy,21,3,0.01274984
particleDestroy,21,4,0.012736744
particleDestroy,21,5,0.012767806
particleDestroy,21,6,0.012788936
particleDestroy,21,7,0.012719392
particleDestroy,21,8,0.012906775
particleDestroy,21,9,0.012714533
ScatterPIFNUFFT,21,0,3.60655837
ScatterPIFNUFFT,21,1,0.002507556
ScatterPIFNUFFT,21,2,3.604810788
ScatterPIFNUFFT,21,3,0.002496614
ScatterPIFNUFFT,21,4,3.629692022
ScatterPIFNUFFT,21,5,0.002514119
ScatterPIFNUFFT,21,6,3.634497025
ScatterPIFNUFFT,21,7,0.002510401
ScatterPIFNUFFT,21,8,3.617073343
ScatterPIFNUFFT,21,9,0.002513357
ScatterPIFNUFFT,21,10,3.60158207
ScatterPIFNUFFT,21,11,0.002506264
ScatterPIFNUFFT,21,12,3.669016055
ScatterPIFNUFFT,21,13,0.002508227
ScatterPIFNUFFT,21,14,3.587724059
ScatterPIFNUFFT,21,15,0.00250939
ScatterPIFNUFFT,21,16,3.598461917
ScatterPIFNUFFT,21,17,0.002501815
ScatterPIFNUFFT,21,18,3.558689048
ScatterPIFNUFFT,21,19,0.002513267
NativeNUFFT1,21,0,3.603178873
NativeNUFFT1,21,1,3.601442433
NativeNUFFT1,21,2,3.626329648
NativeNUFFT1,21,3,3.631121776
NativeNUFFT1,21,4,3.613693885
NativeNUFFT1,21,5,3.598208594
NativeNUFFT1,21,6,3.665633831
NativeNUFFT1,21,7,3.584322037
NativeNUFFT1,21,8,3.595075174
NativeNUFFT1,21,9,3.55528345
scatterTimerNUFFT1,21,0,3.36465149
scatterTimerNUFFT1,21,1,3.363031978
scatterTimerNUFFT1,21,2,3.3870056
scatterTimerNUFFT1,21,3,3.398258155
scatterTimerNUFFT1,21,4,3.371350137
scatterTimerNUFFT1,21,5,3.353618565
scatterTimerNUFFT1,21,6,3.418381146
scatterTimerNUFFT1,21,7,3.344216601
scatterTimerNUFFT1,21,8,3.363498138
scatterTimerNUFFT1,21,9,3.327761741
binSort,21,0,0.013181598
binSort,21,1,0.013199563
binSort,21,2,0.013152812
binSort,21,3,0.013357669
binSort,21,4,0.013400212
binSort,21,5,0.013720425
binSort,21,6,0.013139497
binSort,21,7,0.01306874
binSort,21,8,0.013132875
binSort,21,9,0.013044193
binComputeKeys,21,0,0.001013015
binComputeKeys,21,1,0.001015931
binComputeKeys,21,2,0.001010561
binComputeKeys,21,3,0.001011934
binComputeKeys,21,4,0.001015932
binComputeKeys,21,5,0.00102075
binComputeKeys,21,6,0.001007916
binComputeKeys,21,7,0.001013015
binComputeKeys,21,8,0.001019589
binComputeKeys,21,9,0.00102034
binSortByKey,21,0,0.011800297
binSortByKey,21,1,0.011826919
binSortByKey,21,2,0.011776502
binSortByKey,21,3,0.011978193
binSortByKey,21,4,0.012015615
binSortByKey,21,5,0.012330538
binSortByKey,21,6,0.011761824
binSortByKey,21,7,0.011688412
binSortByKey,21,8,0.01175446
binSortByKey,21,9,0.011657973
binComputeOffsets,21,0,0.000365279
binComputeOffsets,21,1,0.000353546
binComputeOffsets,21,2,0.000362584
binComputeOffsets,21,3,0.000364588
binComputeOffsets,21,4,0.000365249
binComputeOffsets,21,5,0.00036589
binComputeOffsets,21,6,0.000366662
binComputeOffsets,21,7,0.000364267
binComputeOffsets,21,8,0.000354618
binComputeOffsets,21,9,0.000362764
FFTNUFFT1,21,0,0.237918431
FFTNUFFT1,21,1,0.237797054
FFTNUFFT1,21,2,0.238730886
FFTNUFFT1,21,3,0.232249098
FFTNUFFT1,21,4,0.241732802
FFTNUFFT1,21,5,0.24397756
FFTNUFFT1,21,6,0.246633545
FFTNUFFT1,21,7,0.239507005
FFTNUFFT1,21,8,0.23097583
FFTNUFFT1,21,9,0.226911995
deconvolutionNUFFT1,21,0,0.000604983
deconvolutionNUFFT1,21,1,0.000609102
deconvolutionNUFFT1,21,2,0.000589354
deconvolutionNUFFT1,21,3,0.000610625
deconvolutionNUFFT1,21,4,0.000606948
deconvolutionNUFFT1,21,5,0.000609002
deconvolutionNUFFT1,21,6,0.000615183
deconvolutionNUFFT1,21,7,0.000594584
deconvolutionNUFFT1,21,8,0.000596738
deconvolutionNUFFT1,21,9,0.000605946
GatherPIFNUFFT,21,0,7.286771815
GatherPIFNUFFT,21,1,7.335336511
GatherPIFNUFFT,21,2,7.328432494
GatherPIFNUFFT,21,3,7.31825856
GatherPIFNUFFT,21,4,7.312289175
GatherPIFNUFFT,21,5,7.307982397
GatherPIFNUFFT,21,6,7.30159215
GatherPIFNUFFT,21,7,7.313942117
GatherPIFNUFFT,21,8,7.318890781
GatherPIFNUFFT,21,9,7.303727175
NativeNUFFT2,21,0,2.250892138
NativeNUFFT2,21,1,2.532626427
NativeNUFFT2,21,2,2.483875942
NativeNUFFT2,21,3,2.287082164
NativeNUFFT2,21,4,2.487613868
NativeNUFFT2,21,5,2.541213191
NativeNUFFT2,21,6,2.254917341
NativeNUFFT2,21,7,2.528971318
NativeNUFFT2,21,8,2.525239147
NativeNUFFT2,21,9,2.284432833
NativeNUFFT2,21,10,2.509396224
NativeNUFFT2,21,11,2.504799092
NativeNUFFT2,21,12,2.258728948
NativeNUFFT2,21,13,2.542823832
NativeNUFFT2,21,14,2.491171821
NativeNUFFT2,21,15,2.265192906
NativeNUFFT2,21,16,2.497114893
NativeNUFFT2,21,17,2.52617052
NativeNUFFT2,21,18,2.257901286
NativeNUFFT2,21,19,2.518100084
NativeNUFFT2,21,20,2.505988292
NativeNUFFT2,21,21,2.252260681
NativeNUFFT2,21,22,2.522878296
NativeNUFFT2,21,23,2.519294953
NativeNUFFT2,21,24,2.286413395
NativeNUFFT2,21,25,2.500899568
NativeNUFFT2,21,26,2.512085714
NativeNUFFT2,21,27,2.285594556
NativeNUFFT2,21,28,2.504739819
NativeNUFFT2,21,29,2.493795581
PrecorrectionNUFFT2,21,0,0.00108254
PrecorrectionNUFFT2,21,1,0.001043956
PrecorrectionNUFFT2,21,2,0.001054356
PrecorrectionNUFFT2,21,3,0.001092109
PrecorrectionNUFFT2,21,4,0.001049056
PrecorrectionNUFFT2,21,5,0.001052672
PrecorrectionNUFFT2,21,6,0.001084414
PrecorrectionNUFFT2,21,7,0.001053123
PrecorrectionNUFFT2,21,8,0.001059666
PrecorrectionNUFFT2,21,9,0.001128399
PrecorrectionNUFFT2,21,10,0.001085426
PrecorrectionNUFFT2,21,11,0.00108718
PrecorrectionNUFFT2,21,12,0.001129732
PrecorrectionNUFFT2,21,13,0.001080567
PrecorrectionNUFFT2,21,14,0.001086288
PrecorrectionNUFFT2,21,15,0.001121716
PrecorrectionNUFFT2,21,16,0.001074174
PrecorrectionNUFFT2,21,17,0.001081198
PrecorrectionNUFFT2,21,18,0.001132337
PrecorrectionNUFFT2,21,19,0.001085096
PrecorrectionNUFFT2,21,20,0.001091117
PrecorrectionNUFFT2,21,21,0.001117869
PrecorrectionNUFFT2,21,22,0.001090466
PrecorrectionNUFFT2,21,23,0.001089504
PrecorrectionNUFFT2,21,24,0.001092991
PrecorrectionNUFFT2,21,25,0.001050228
PrecorrectionNUFFT2,21,26,0.001043474
PrecorrectionNUFFT2,21,27,0.001138159
PrecorrectionNUFFT2,21,28,0.001085346
PrecorrectionNUFFT2,21,29,0.001094234
FFTNUFFT2,21,0,0.227969507
FFTNUFFT2,21,1,0.490845521
FFTNUFFT2,21,2,0.461512123
FFTNUFFT2,21,3,0.251330084
FFTNUFFT2,21,4,0.46306644
FFTNUFFT2,21,5,0.498375264
FFTNUFFT2,21,6,0.233766243
FFTNUFFT2,21,7,0.504869034
FFTNUFFT2,21,8,0.490231833
FFTNUFFT2,21,9,0.240241006
FFTNUFFT2,21,10,0.475409761
FFTNUFFT2,21,11,0.483864147
FFTNUFFT2,21,12,0.235879524
FFTNUFFT2,21,13,0.498709321
FFTNUFFT2,21,14,0.467827213
FFTNUFFT2,21,15,0.232368543
FFTNUFFT2,21,16,0.474932872
FFTNUFFT2,21,17,0.486811439
FFTNUFFT2,21,18,0.227748637
FFTNUFFT2,21,19,0.47410733
FFTNUFFT2,21,20,0.464503784
FFTNUFFT2,21,21,0.229055895
FFTNUFFT2,21,22,0.480370553
FFTNUFFT2,21,23,0.474332877
FFTNUFFT2,21,24,0.240669993
FFTNUFFT2,21,25,0.471536863
FFTNUFFT2,21,26,0.480028099
FFTNUFFT2,21,27,0.237406318
FFTNUFFT2,21,28,0.461324484
FFTNUFFT2,21,29,0.466942104
GatherNUFFT2,21,0,2.021832475
GatherNUFFT2,21,1,2.040728884
GatherNUFFT2,21,2,2.021298481
GatherNUFFT2,21,3,2.034651524
GatherNUFFT2,21,4,2.023489916
GatherNUFFT2,21,5,2.041775976
GatherNUFFT2,21,6,2.020058197
GatherNUFFT2,21,7,2.023041596
GatherNUFFT2,21,8,2.033939052
GatherNUFFT2,21,9,2.043053707
GatherNUFFT2,21,10,2.032893161
GatherNUFFT2,21,11,2.019838879
GatherNUFFT2,21,12,2.021710504
GatherNUFFT2,21,13,2.043024677
GatherNUFFT2,21,14,2.022250444
GatherNUFFT2,21,15,2.031695022
GatherNUFFT2,21,16,2.021097747
GatherNUFFT2,21,17,2.038269686
GatherNUFFT2,21,18,2.029011714
GatherNUFFT2,21,19,2.042898672
GatherNUFFT2,21,20,2.040383843
GatherNUFFT2,21,21,2.02207816
GatherNUFFT2,21,22,2.041408039
GatherNUFFT2,21,23,2.043862953
GatherNUFFT2,21,24,2.044640452
GatherNUFFT2,21,25,2.028304302
GatherNUFFT2,21,26,2.031005574
GatherNUFFT2,21,27,2.047040289
GatherNUFFT2,21,28,2.042319478
GatherNUFFT2,21,29,2.025750698
mainTimer,22,0,112.586554974
dumpData,22,0,0.025935396
dumpData,22,1,0.014536878
dumpData,22,2,0.011058438
dumpData,22,3,0.017352441
dumpData,22,4,0.019547844
dumpData,22,5,0.023568413
dumpData,22,6,0.015797245
dumpData,22,7,0.016423009
dumpData,22,8,0.018183526
dumpData,22,9,0.014195156
kick,22,0,0.002238103
kick,22,1,0.002324791
kick,22,2,0.002224847
kick,22,3,0.002322015
kick,22,4,0.00228781
kick,22,5,0.002321264
kick,22,6,0.002333308
kick,22,7,0.002326685
kick,22,8,0.002230208
kick,22,9,0.00231403
kick,22,10,0.00224141
kick,22,11,0.002315243
kick,22,12,0.002233535
kick,22,13,0.002310945
kick,22,14,0.002253803
kick,22,15,0.002324661
kick,22,16,0.002254524
kick,22,17,0.002329149
kick,22,18,0.002222283
kick,22,19,0.00230907
drift,22,0,0.002235157
drift,22,1,0.002210409
drift,22,2,0.002232883
drift,22,3,0.002301687
drift,22,4,0.00222619
drift,22,5,0.002221351
drift,22,6,0.002202364
drift,22,7,0.002209648
drift,22,8,0.002218294
drift,22,9,0.002228684
particleBC,22,0,0.006638221
particleBC,22,1,0.00656592
particleBC,22,2,0.006520493
particleBC,22,3,0.006587122
particleBC,22,4,0.006597442
particleBC,22,5,0.006614266
particleBC,22,6,0.006530863
particleBC,22,7,0.006595209
particleBC,22,8,0.006579147
particleBC,22,9,0.006552185
updateParticle,22,0,0.04049152
updateParticle,22,1,0.026750337
updateParticle,22,2,0.027217653
updateParticle,22,3,0.029665634
updateParticle,22,4,0.026263923
updateParticle,22,5,0.026409799
updateParticle,22,6,0.026278693
updateParticle,22,7,0.027702367
updateParticle,22,8,0.025812909
updateParticle,22,9,0.026113663
locateParticles,22,0,0.007562695
locateParticles,22,1,0.007584006
locateParticles,22,2,0.007551333
locateParticles,22,3,0.007687396
locateParticles,22,4,0.007562414
locateParticles,22,5,0.007723297
locateParticles,22,6,0.007509562
locateParticles,22,7,0.007519831
locateParticles,22,8,0.007519713
locateParticles,22,9,0.007558037
sendPreprocess,22,0,0.000666554
sendPreprocess,22,1,0.000813899
sendPreprocess,22,2,0.000728143
sendPreprocess,22,3,0.000583232
sendPreprocess,22,4,0.000499108
sendPreprocess,22,5,0.000517394
sendPreprocess,22,6,0.000729495
sendPreprocess,22,7,0.000691482
sendPreprocess,22,8,0.00071107
sendPreprocess,22,9,0.000638569
particleSend,22,0,0.001759143
particleSend,22,1,0.001748803
particleSend,22,2,0.001760115
particleSend,22,3,0.003671614
particleSend,22,4,0.001765727
particleSend,22,5,0.001743052
particleSend,22,6,0.001907331
particleSend,22,7,0.00370532
particleSend,22,8,0.001742792
particleSend,22,9,0.00196379
particleRecv,22,0,3.7352e-05
particleRecv,22,1,3.7262e-05
particleRecv,22,2,3.7011e-05
particleRecv,22,3,4.1921e-05
particleRecv,22,4,3.7443e-05
particleRecv,22,5,4.0939e-05
particleRecv,22,6,4.0759e-05
particleRecv,22,7,3.5428e-05
particleRecv,22,8,4.148e-05
particleRecv,22,9,4.1431e-05
particleDestroy,22,0,0.014535004
particleDestroy,22,1,0.014446502
particleDestroy,22,2,0.014506409
particleDestroy,22,3,0.014435371
particleDestroy,22,4,0.014508061
particleDestroy,22,5,0.014484718
particleDestroy,22,6,0.014531218
particleDestroy,22,7,0.014462735
particleDestroy,22,8,0.014438718
particleDestroy,22,9,0.014563832
ScatterPIFNUFFT,22,0,3.597671275
ScatterPIFNUFFT,22,1,0.002503889
ScatterPIFNUFFT,22,2,3.59540628
ScatterPIFNUFFT,22,3,0.002518627
ScatterPIFNUFFT,22,4,3.62628924
ScatterPIFNUFFT,22,5,0.002512145
ScatterPIFNUFFT,22,6,3.629061869
ScatterPIFNUFFT,22,7,0.002506403
ScatterPIFNUFFT,22,8,3.610015037
ScatterPIFNUFFT,22,9,0.002517205
ScatterPIFNUFFT,22,10,3.590838461
ScatterPIFNUFFT,22,11,0.002512185
ScatterPIFNUFFT,22,12,3.658115392
ScatterPIFNUFFT,22,13,0.002507516
ScatterPIFNUFFT,22,14,3.58278796
ScatterPIFNUFFT,22,15,0.002508227
ScatterPIFNUFFT,22,16,3.611137133
ScatterPIFNUFFT,22,17,0.002509821
ScatterPIFNUFFT,22,18,3.568108797
ScatterPIFNUFFT,22,19,0.002498609
NativeNUFFT1,22,0,3.593956738
NativeNUFFT1,22,1,3.591669259
NativeNUFFT1,22,2,3.622591104
NativeNUFFT1,22,3,3.625363002
NativeNUFFT1,22,4,3.606323955
NativeNUFFT1,22,5,3.58708097
NativeNUFFT1,22,6,3.65436791
NativeNUFFT1,22,7,3.579081107
NativeNUFFT1,22,8,3.607452463
NativeNUFFT1,22,9,3.564410711
scatterTimerNUFFT1,22,0,3.366672902
scatterTimerNUFFT1,22,1,3.363110831
scatterTimerNUFFT1,22,2,3.386527503
scatterTimerNUFFT1,22,3,3.399202557
scatterTimerNUFFT1,22,4,3.371859646
scatterTimerNUFFT1,22,5,3.354417645
scatterTimerNUFFT1,22,6,3.419434439
scatterTimerNUFFT1,22,7,3.345126456
scatterTimerNUFFT1,22,8,3.364285556
scatterTimerNUFFT1,22,9,3.328847238
binSort,22,0,0.01474909
binSort,22,1,0.014800469
binSort,22,2,0.014744771
binSort,22,3,0.014704172
binSort,22,4,0.01471806
binSort,22,5,0.014751957
binSort,22,6,0.014704886
binSort,22,7,0.014806783
binSort,22,8,0.0147588
binSort,22,9,0.014794429
binComputeKeys,22,0,0.001122408
binComputeKeys,22,1,0.001115535
binComputeKeys,22,2,0.001118641
binComputeKeys,22,3,0.001118621
binComputeKeys,22,4,0.001117058
binComputeKeys,22,5,0.001126566
binComputeKeys,22,6,0.00112323
binComputeKeys,22,7,0.001125734
binComputeKeys,22,8,0.001119743
binComputeKeys,22,9,0.001114443
binSortByKey,22,0,0.013223089
binSortByKey,22,1,0.01328092
binSortByKey,22,2,0.013220052
binSortByKey,22,3,0.013181668
binSortByKey,22,4,0.013195205
binSortByKey,22,5,0.013222659
binSortByKey,22,6,0.013179355
binSortByKey,22,7,0.013275652
binSortByKey,22,8,0.013235133
binSortByKey,22,9,0.013278177
binComputeOffsets,22,0,0.000400156
binComputeOffsets,22,1,0.000400197
binComputeOffsets,22,2,0.000402511
binComputeOffsets,22,3,0.000399845
binComputeOffsets,22,4,0.000401799
binComputeOffsets,22,5,0.000399075
binComputeOffsets,22,6,0.000398463
binComputeOffsets,22,7,0.00040173
binComputeOffsets,22,8,0.000398694
binComputeOffsets,22,9,0.000398343
FFTNUFFT1,22,0,0.226472752
FFTNUFFT1,22,1,0.227749618
FFTNUFFT1,22,2,0.235245223
FFTNUFFT1,22,3,0.225350142
FFTNUFFT1,22,4,0.233647744
FFTNUFFT1,22,5,0.231849295
FFTNUFFT1,22,6,0.234114872
FFTNUFFT1,22,7,0.233136624
FFTNUFFT1,22,8,0.242352297
FFTNUFFT1,22,9,0.234751207
deconvolutionNUFFT1,22,0,0.000807066
deconvolutionNUFFT1,22,1,0.000805203
deconvolutionNUFFT1,22,2,0.000814962
deconvolutionNUFFT1,22,3,0.000806785
deconvolutionNUFFT1,22,4,0.000812366
deconvolutionNUFFT1,22,5,0.000810503
deconvolutionNUFFT1,22,6,0.000814881
deconvolutionNUFFT1,22,7,0.00081404
deconvolutionNUFFT1,22,8,0.000810463
deconvolutionNUFFT1,22,9,0.000808299
GatherPIFNUFFT,22,0,7.570962893
GatherPIFNUFFT,22,1,7.606133218
GatherPIFNUFFT,22,2,7.601195337
GatherPIFNUFFT,22,3,7.604992543
GatherPIFNUFFT,22,4,7.600718814
GatherPIFNUFFT,22,5,7.571353431
GatherPIFNUFFT,22,6,7.579582354
GatherPIFNUFFT,22,7,7.578978794
GatherPIFNUFFT,22,8,7.578211084
GatherPIFNUFFT,22,9,7.577563456
NativeNUFFT2,22,0,2.536882267
NativeNUFFT2,22,1,2.510256681
NativeNUFFT2,22,2,2.502714887
NativeNUFFT2,22,3,2.559568781
NativeNUFFT2,22,4,2.497297628
NativeNUFFT2,22,5,2.528021925
NativeNUFFT2,22,6,2.543236369
NativeNUFFT2,22,7,2.521202272
NativeNUFFT2,22,8,2.515359176
NativeNUFFT2,22,9,2.554659302
NativeNUFFT2,22,10,2.507170226
NativeNUFFT2,22,11,2.521946425
NativeNUFFT2,22,12,2.548971596
NativeNUFFT2,22,13,2.522917712
NativeNUFFT2,22,14,2.507595572
NativeNUFFT2,22,15,2.532391027
NativeNUFFT2,22,16,2.514410552
NativeNUFFT2,22,17,2.503294963
NativeNUFFT2,22,18,2.536664799
NativeNUFFT2,22,19,2.51284654
NativeNUFFT2,22,20,2.508724492
NativeNUFFT2,22,21,2.53227929
NativeNUFFT2,22,22,2.508661999
NativeNUFFT2,22,23,2.516986233
NativeNUFFT2,22,24,2.535157035
NativeNUFFT2,22,25,2.518134291
NativeNUFFT2,22,26,2.50373543
NativeNUFFT2,22,27,2.538263893
NativeNUFFT2,22,28,2.499380328
NativeNUFFT2,22,29,2.518834039
PrecorrectionNUFFT2,22,0,0.001291065
PrecorrectionNUFFT2,22,1,0.001255767
PrecorrectionNUFFT2,22,2,0.001254926
PrecorrectionNUFFT2,22,3,0.001286707
PrecorrectionNUFFT2,22,4,0.001259003
PrecorrectionNUFFT2,22,5,0.001372212
PrecorrectionNUFFT2,22,6,0.001304712
PrecorrectionNUFFT2,22,7,0.00126806
PrecorrectionNUFFT2,22,8,0.001262019
PrecorrectionNUFFT2,22,9,0.001309792
PrecorrectionNUFFT2,22,10,0.001269954
PrecorrectionNUFFT2,22,11,0.00126282
PrecorrectionNUFFT2,22,12,0.001311655
PrecorrectionNUFFT2,22,13,0.001272649
PrecorrectionNUFFT2,22,14,0.001251909
PrecorrectionNUFFT2,22,15,0.001296917
PrecorrectionNUFFT2,22,16,0.001273421
PrecorrectionNUFFT2,22,17,0.001270365
PrecorrectionNUFFT2,22,18,0.001311315
PrecorrectionNUFFT2,22,19,0.001278511
PrecorrectionNUFFT2,22,20,0.001266969
PrecorrectionNUFFT2,22,21,0.001284924
PrecorrectionNUFFT2,22,22,0.001261438
PrecorrectionNUFFT2,22,23,0.001259073
PrecorrectionNUFFT2,22,24,0.001295724
PrecorrectionNUFFT2,22,25,0.001252791
PrecorrectionNUFFT2,22,26,0.001249856
PrecorrectionNUFFT2,22,27,0.001295103
PrecorrectionNUFFT2,22,28,0.001242912
PrecorrectionNUFFT2,22,29,0.001253683
FFTNUFFT2,22,0,0.246912234
FFTNUFFT2,22,1,0.204419918
FFTNUFFT2,22,2,0.196430797
FFTNUFFT2,22,3,0.249309513
FFTNUFFT2,22,4,0.188836711
FFTNUFFT2,22,5,0.217386339
FFTNUFFT2,22,6,0.237975461
FFTNUFFT2,22,7,0.204924768
FFTNUFFT2,22,8,0.199685413
FFTNUFFT2,22,9,0.234976661
FFTNUFFT2,22,10,0.197586561
FFTNUFFT2,22,11,0.209820398
FFTNUFFT2,22,12,0.230186638
FFTNUFFT2,22,13,0.209997552
FFTNUFFT2,22,14,0.191354996
FFTNUFFT2,22,15,0.229707149
FFTNUFFT2,22,16,0.205608375
FFTNUFFT2,22,17,0.19938602
FFTNUFFT2,22,18,0.238952198
FFTNUFFT2,22,19,0.196629612
FFTNUFFT2,22,20,0.188361558
FFTNUFFT2,22,21,0.224678581
FFTNUFFT2,22,22,0.193098109
FFTNUFFT2,22,23,0.20105056
FFTNUFFT2,22,24,0.217336363
FFTNUFFT2,22,25,0.198141916
FFTNUFFT2,22,26,0.1892236
FFTNUFFT2,22,27,0.222197807
FFTNUFFT2,22,28,0.190376849
FFTNUFFT2,22,29,0.199460495
GatherNUFFT2,22,0,2.28867006
GatherNUFFT2,22,1,2.304571066
GatherNUFFT2,22,2,2.305018515
GatherNUFFT2,22,3,2.30896185
GatherNUFFT2,22,4,2.307191574
GatherNUFFT2,22,5,2.309252812
GatherNUFFT2,22,6,2.303945806
GatherNUFFT2,22,7,2.315000818
GatherNUFFT2,22,8,2.314402838
GatherNUFFT2,22,9,2.318363492
GatherNUFFT2,22,10,2.308304483
GatherNUFFT2,22,11,2.310852376
GatherNUFFT2,22,12,2.317464427
GatherNUFFT2,22,13,2.311638704
GatherNUFFT2,22,14,2.314979487
GatherNUFFT2,22,15,2.301378103
GatherNUFFT2,22,16,2.307518095
GatherNUFFT2,22,17,2.302628347
GatherNUFFT2,22,18,2.296390936
GatherNUFFT2,22,19,2.314928687
GatherNUFFT2,22,20,2.319087489
GatherNUFFT2,22,21,2.306305566
GatherNUFFT2,22,22,2.314292955
GatherNUFFT2,22,23,2.314667042
GatherNUFFT2,22,24,2.316515488
GatherNUFFT2,22,25,2.318730966
GatherNUFFT2,22,26,2.313252946
GatherNUFFT2,22,27,2.314760963
GatherNUFFT2,22,28,2.307751
GatherNUFFT2,22,29,2.318111274
mainTimer,23,0,112.586555004
dumpData,23,0,0.16243459
dumpData,23,1,0.152179932
dumpData,23,2,0.151849612
dumpData,23,3,0.16090447
dumpData,23,4,0.161055619
dumpData,23,5,0.156717111
dumpData,23,6,0.162706944
dumpData,23,7,0.155812946
dumpData,23,8,0.1594275
dumpData,23,9,0.156672445
kick,23,0,0.00207124
kick,23,1,0.002146145
kick,23,2,0.002064917
kick,23,3,0.002135944
kick,23,4,0.00205586
kick,23,5,0.002137127
kick,23,6,0.002062873
kick,23,7,0.0021234
kick,23,8,0.002045018
kick,23,9,0.002146526
kick,23,10,0.002057172
kick,23,11,0.002132959
kick,23,12,0.002056711
kick,23,13,0.002116357
kick,23,14,0.002038306
kick,23,15,0.002147888
kick,23,16,0.002046001
kick,23,17,0.002145714
kick,23,18,0.002064145
kick,23,19,0.002138169
drift,23,0,0.002070517
drift,23,1,0.002048805
drift,23,2,0.002046852
drift,23,3,0.002087791
drift,23,4,0.002055639
drift,23,5,0.002063765
drift,23,6,0.002068815
drift,23,7,0.002052002
drift,23,8,0.002062562
drift,23,9,0.002053114
particleBC,23,0,0.00613771
particleBC,23,1,0.006181504
particleBC,23,2,0.006157679
particleBC,23,3,0.00614317
particleBC,23,4,0.006161426
particleBC,23,5,0.006135957
particleBC,23,6,0.00619931
particleBC,23,7,0.006169923
particleBC,23,8,0.006189571
particleBC,23,9,0.006144885
updateParticle,23,0,0.042134518
updateParticle,23,1,0.027408234
updateParticle,23,2,0.027876001
updateParticle,23,3,0.030480144
updateParticle,23,4,0.026950786
updateParticle,23,5,0.027140175
updateParticle,23,6,0.027046674
updateParticle,23,7,0.028370212
updateParticle,23,8,0.02650881
updateParticle,23,9,0.026801588
locateParticles,23,0,0.00733882
locateParticles,23,1,0.007336024
locateParticles,23,2,0.007338149
locateParticles,23,3,0.007338159
locateParticles,23,4,0.007329031
locateParticles,23,5,0.007409477
locateParticles,23,6,0.007359361
locateParticles,23,7,0.007417533
locateParticles,23,8,0.007336296
locateParticles,23,9,0.00732277
sendPreprocess,23,0,0.001720939
sendPreprocess,23,1,0.001768291
sendPreprocess,23,2,0.001719387
sendPreprocess,23,3,0.00186034
sendPreprocess,23,4,0.001521703
sendPreprocess,23,5,0.001651755
sendPreprocess,23,6,0.001521462
sendPreprocess,23,7,0.001590176
sendPreprocess,23,8,0.001644732
sendPreprocess,23,9,0.001612889
particleSend,23,0,0.002752951
particleSend,23,1,0.001735878
particleSend,23,2,0.001747
particleSend,23,3,0.001744235
particleSend,23,4,0.001753663
particleSend,23,5,0.002747432
particleSend,23,6,0.002025741
particleSend,23,7,0.001745898
particleSend,23,8,0.001821715
particleSend,23,9,0.001975833
particleRecv,23,0,8.6227e-05
particleRecv,23,1,4.3103e-05
particleRecv,23,2,3.9586e-05
particleRecv,23,3,4.4887e-05
particleRecv,23,4,4.636e-05
particleRecv,23,5,4.1711e-05
particleRecv,23,6,4.4025e-05
particleRecv,23,7,4.2713e-05
particleRecv,23,8,4.3455e-05
particleRecv,23,9,4.4736e-05
particleDestroy,23,0,0.013968525
particleDestroy,23,1,0.014076524
particleDestroy,23,2,0.014068299
particleDestroy,23,3,0.014018562
particleDestroy,23,4,0.014067225
particleDestroy,23,5,0.014007021
particleDestroy,23,6,0.014007942
particleDestroy,23,7,0.014005468
particleDestroy,23,8,0.014098658
particleDestroy,23,9,0.014079652
ScatterPIFNUFFT,23,0,3.607750874
ScatterPIFNUFFT,23,1,0.002501294
ScatterPIFNUFFT,23,2,3.606937545
ScatterPIFNUFFT,23,3,0.002509229
ScatterPIFNUFFT,23,4,3.629360329
ScatterPIFNUFFT,23,5,0.002670813
ScatterPIFNUFFT,23,6,3.639719409
ScatterPIFNUFFT,23,7,0.00250445
ScatterPIFNUFFT,23,8,3.617188967
ScatterPIFNUFFT,23,9,0.002510512
ScatterPIFNUFFT,23,10,3.602599223
ScatterPIFNUFFT,23,11,0.002498919
ScatterPIFNUFFT,23,12,3.669884109
ScatterPIFNUFFT,23,13,0.002508698
ScatterPIFNUFFT,23,14,3.58754935
ScatterPIFNUFFT,23,15,0.002506494
ScatterPIFNUFFT,23,16,3.599609273
ScatterPIFNUFFT,23,17,0.002497256
ScatterPIFNUFFT,23,18,3.560253534
ScatterPIFNUFFT,23,19,0.002499961
NativeNUFFT1,23,0,3.604221916
NativeNUFFT1,23,1,3.603393108
NativeNUFFT1,23,2,3.625805641
NativeNUFFT1,23,3,3.636170613
NativeNUFFT1,23,4,3.613630953
NativeNUFFT1,23,5,3.598910365
NativeNUFFT1,23,6,3.666355612
NativeNUFFT1,23,7,3.583997818
NativeNUFFT1,23,8,3.596047471
NativeNUFFT1,23,9,3.556700439
scatterTimerNUFFT1,23,0,3.364523982
scatterTimerNUFFT1,23,1,3.361811089
scatterTimerNUFFT1,23,2,3.38529432
scatterTimerNUFFT1,23,3,3.397939697
scatterTimerNUFFT1,23,4,3.370597607
scatterTimerNUFFT1,23,5,3.35308041
scatterTimerNUFFT1,23,6,3.417974286
scatterTimerNUFFT1,23,7,3.343900648
scatterTimerNUFFT1,23,8,3.362970865
scatterTimerNUFFT1,23,9,3.327543077
binSort,23,0,0.01372387
binSort,23,1,0.013611221
binSort,23,2,0.013634527
binSort,23,3,0.013743758
binSort,23,4,0.013815698
binSort,23,5,0.013646281
binSort,23,6,0.013657192
binSort,23,7,0.013652183
binSort,23,8,0.013687071
binSort,23,9,0.013680026
binComputeKeys,23,0,0.001016432
binComputeKeys,23,1,0.00101508
binComputeKeys,23,2,0.001015571
binComputeKeys,23,3,0.001016022
binComputeKeys,23,4,0.001016582
binComputeKeys,23,5,0.001024007
binComputeKeys,23,6,0.001017415
binComputeKeys,23,7,0.001014769
binComputeKeys,23,8,0.001023746
binComputeKeys,23,9,0.001014148
binSortByKey,23,0,0.012326258
binSortByKey,23,1,0.012216535
binSortByKey,23,2,0.012237786
binSortByKey,23,3,0.012344634
binSortByKey,23,4,0.012288385
binSortByKey,23,5,0.012239231
binSortByKey,23,6,0.012257707
binSortByKey,23,7,0.01225465
binSortByKey,23,8,0.012277856
binSortByKey,23,9,0.012281543
binComputeOffsets,23,0,0.000378344
binComputeOffsets,23,1,0.00037649
binComputeOffsets,23,2,0.000377823
binComputeOffsets,23,3,0.000379957
binComputeOffsets,23,4,0.000507094
binComputeOffsets,23,5,0.000380008
binComputeOffsets,23,6,0.000378214
binComputeOffsets,23,7,0.000379426
binComputeOffsets,23,8,0.000380769
binComputeOffsets,23,9,0.000380939
FFTNUFFT1,23,0,0.239100645
FFTNUFFT1,23,1,0.240980612
FFTNUFFT1,23,2,0.239914022
FFTNUFFT1,23,3,0.237631082
FFTNUFFT1,23,4,0.24242781
FFTNUFFT1,23,5,0.24521428
FFTNUFFT1,23,6,0.247775531
FFTNUFFT1,23,7,0.239490633
FFTNUFFT1,23,8,0.23247045
FFTNUFFT1,23,9,0.228533452
deconvolutionNUFFT1,23,0,0.000593492
deconvolutionNUFFT1,23,1,0.000597629
deconvolutionNUFFT1,23,2,0.000593652
deconvolutionNUFFT1,23,3,0.000595596
deconvolutionNUFFT1,23,4,0.000601116
deconvolutionNUFFT1,23,5,0.000611727
deconvolutionNUFFT1,23,6,0.000601989
deconvolutionNUFFT1,23,7,0.00060275
deconvolutionNUFFT1,23,8,0.000601437
deconvolutionNUFFT1,23,9,0.000620043
GatherPIFNUFFT,23,0,7.423784026
GatherPIFNUFFT,23,1,7.457210897
GatherPIFNUFFT,23,2,7.457448167
GatherPIFNUFFT,23,3,7.451981839
GatherPIFNUFFT,23,4,7.45230113
GatherPIFNUFFT,23,5,7.426726059
GatherPIFNUFFT,23,6,7.420951699
GatherPIFNUFFT,23,7,7.435131105
GatherPIFNUFFT,23,8,7.448738762
GatherPIFNUFFT,23,9,7.443125609
NativeNUFFT2,23,0,2.391259058
NativeNUFFT2,23,1,2.509623492
NativeNUFFT2,23,2,2.502450101
NativeNUFFT2,23,3,2.411915963
NativeNUFFT2,23,4,2.503162338
NativeNUFFT2,23,5,2.521935745
NativeNUFFT2,23,6,2.394919673
NativeNUFFT2,23,7,2.53309016
NativeNUFFT2,23,8,2.509174986
NativeNUFFT2,23,9,2.399311935
NativeNUFFT2,23,10,2.521434013
NativeNUFFT2,23,11,2.511106161
NativeNUFFT2,23,12,2.399951642
NativeNUFFT2,23,13,2.522133762
NativeNUFFT2,23,14,2.510058901
NativeNUFFT2,23,15,2.389984064
NativeNUFFT2,23,16,2.514246977
NativeNUFFT2,23,17,2.502235874
NativeNUFFT2,23,18,2.386471728
NativeNUFFT2,23,19,2.510492393
NativeNUFFT2,23,20,2.503746403
NativeNUFFT2,23,21,2.397088271
NativeNUFFT2,23,22,2.498551409
NativeNUFFT2,23,23,2.519332607
NativeNUFFT2,23,24,2.402487829
NativeNUFFT2,23,25,2.520669872
NativeNUFFT2,23,26,2.505331137
NativeNUFFT2,23,27,2.404771339
NativeNUFFT2,23,28,2.503678049
NativeNUFFT2,23,29,2.514527402
PrecorrectionNUFFT2,23,0,0.001122148
PrecorrectionNUFFT2,23,1,0.001078072
PrecorrectionNUFFT2,23,2,0.00109772
PrecorrectionNUFFT2,23,3,0.001094934
PrecorrectionNUFFT2,23,4,0.00105107
PrecorrectionNUFFT2,23,5,0.00104632
PrecorrectionNUFFT2,23,6,0.001094003
PrecorrectionNUFFT2,23,7,0.001070648
PrecorrectionNUFFT2,23,8,0.001054817
PrecorrectionNUFFT2,23,9,0.001087711
PrecorrectionNUFFT2,23,10,0.001068804
PrecorrectionNUFFT2,23,11,0.001056079
PrecorrectionNUFFT2,23,12,0.001099985
PrecorrectionNUFFT2,23,13,0.001062672
PrecorrectionNUFFT2,23,14,0.001067111
PrecorrectionNUFFT2,23,15,0.001081549
PrecorrectionNUFFT2,23,16,0.00106159
PrecorrectionNUFFT2,23,17,0.001044707
PrecorrectionNUFFT2,23,18,0.001095065
PrecorrectionNUFFT2,23,19,0.001047713
PrecorrectionNUFFT2,23,20,0.001056811
PrecorrectionNUFFT2,23,21,0.00108228
PrecorrectionNUFFT2,23,22,0.001072551
PrecorrectionNUFFT2,23,23,0.001051761
PrecorrectionNUFFT2,23,24,0.001079976
PrecorrectionNUFFT2,23,25,0.00105108
PrecorrectionNUFFT2,23,26,0.001052923
PrecorrectionNUFFT2,23,27,0.001098061
PrecorrectionNUFFT2,23,28,0.001057301
PrecorrectionNUFFT2,23,29,0.001052984
FFTNUFFT2,23,0,0.226574369
FFTNUFFT2,23,1,0.352321307
FFTNUFFT2,23,2,0.347408845
FFTNUFFT2,23,3,0.249221393
FFTNUFFT2,23,4,0.340811394
FFTNUFFT2,23,5,0.36014996
FFTNUFFT2,23,6,0.233116813
FFTNUFFT2,23,7,0.364079985
FFTNUFFT2,23,8,0.346910479
FFTNUFFT2,23,9,0.240233121
FFTNUFFT2,23,10,0.356087848
FFTNUFFT2,23,11,0.354822353
FFTNUFFT2,23,12,0.235719644
FFTNUFFT2,23,13,0.363765199
FFTNUFFT2,23,14,0.351741026
FFTNUFFT2,23,15,0.231778708
FFTNUFFT2,23,16,0.349828416
FFTNUFFT2,23,17,0.344183489
FFTNUFFT2,23,18,0.21656677
FFTNUFFT2,23,19,0.35017649
FFTNUFFT2,23,20,0.343584048
FFTNUFFT2,23,21,0.231328756
FFTNUFFT2,23,22,0.340703979
FFTNUFFT2,23,23,0.359034038
FFTNUFFT2,23,24,0.244548439
FFTNUFFT2,23,25,0.354758331
FFTNUFFT2,23,26,0.346252756
FFTNUFFT2,23,27,0.241344411
FFTNUFFT2,23,28,0.343986128
FFTNUFFT2,23,29,0.353235537
GatherNUFFT2,23,0,2.163553453
GatherNUFFT2,23,1,2.156214164
GatherNUFFT2,23,2,2.153934419
GatherNUFFT2,23,3,2.161590849
GatherNUFFT2,23,4,2.161291108
GatherNUFFT2,23,5,2.160729626
GatherNUFFT2,23,6,2.16069979
GatherNUFFT2,23,7,2.16793048
GatherNUFFT2,23,8,2.161200882
GatherNUFFT2,23,9,2.157981395
GatherNUFFT2,23,10,2.164268143
GatherNUFFT2,23,11,2.15521724
GatherNUFFT2,23,12,2.163123137
GatherNUFFT2,23,13,2.157296353
GatherNUFFT2,23,14,2.157242116
GatherNUFFT2,23,15,2.1571145
GatherNUFFT2,23,16,2.16334625
GatherNUFFT2,23,17,2.156999452
GatherNUFFT2,23,18,2.168799343
GatherNUFFT2,23,19,2.159257027
GatherNUFFT2,23,20,2.159097298
GatherNUFFT2,23,21,2.164667747
GatherNUFFT2,23,22,2.156764348
GatherNUFFT2,23,23,2.159236346
GatherNUFFT2,23,24,2.156850026
GatherNUFFT2,23,25,2.164851223
GatherNUFFT2,23,26,2.158016069
GatherNUFFT2,23,27,2.162319269
GatherNUFFT2,23,28,2.158622957
GatherNUFFT2,23,29,2.160228763
mainTimer,24,0,112.586552458
dumpData,24,0,0.291880338
dumpData,24,1,0.289859606
dumpData,24,2,0.287551826
dumpData,24,3,0.290384777
dumpData,24,4,0.290779032
dumpData,24,5,0.290708356
dumpData,24,6,0.293639826
dumpData,24,7,0.287335848
dumpData,24,8,0.290206946
dumpData,24,9,0.287553604
kick,24,0,0.001949604
kick,24,1,0.002040662
kick,24,2,0.001984031
kick,24,3,0.002060169
kick,24,4,0.001974904
kick,24,5,0.00205001
kick,24,6,0.001976086
kick,24,7,0.002030982
kick,24,8,0.001978551
kick,24,9,0.00206029
kick,24,10,0.001969203
kick,24,11,0.002032697
kick,24,12,0.001982549
kick,24,13,0.002047164
kick,24,14,0.001983711
kick,24,15,0.002045852
kick,24,16,0.001976888
kick,24,17,0.002073576
kick,24,18,0.001959835
kick,24,19,0.0020502
drift,24,0,0.001952601
drift,24,1,0.001955206
drift,24,2,0.001945897
drift,24,3,0.001954755
drift,24,4,0.001966779
drift,24,5,0.00194747
drift,24,6,0.001954153
drift,24,7,0.001954625
drift,24,8,0.00195254
drift,24,9,0.001968362
particleBC,24,0,0.005734883
particleBC,24,1,0.005799699
particleBC,24,2,0.005859877
particleBC,24,3,0.005814087
particleBC,24,4,0.005875447
particleBC,24,5,0.005811823
particleBC,24,6,0.00576961
particleBC,24,7,0.005799398
particleBC,24,8,0.005803066
particleBC,24,9,0.00581441
updateParticle,24,0,0.027946454
updateParticle,24,1,0.027553993
updateParticle,24,2,0.027193092
updateParticle,24,3,0.028716088
updateParticle,24,4,0.027882842
updateParticle,24,5,0.027342183
updateParticle,24,6,0.027964962
updateParticle,24,7,0.027447046
updateParticle,24,8,0.027564945
updateParticle,24,9,0.027151588
locateParticles,24,0,0.006541841
locateParticles,24,1,0.006568041
locateParticles,24,2,0.00656196
locateParticles,24,3,0.00651592
locateParticles,24,4,0.006554003
locateParticles,24,5,0.006566198
locateParticles,24,6,0.006577961
locateParticles,24,7,0.006532633
locateParticles,24,8,0.006547912
locateParticles,24,9,0.006569245
sendPreprocess,24,0,0.003151358
sendPreprocess,24,1,0.003090109
sendPreprocess,24,2,0.002983402
sendPreprocess,24,3,0.003228157
sendPreprocess,24,4,0.00274017
sendPreprocess,24,5,0.003018851
sendPreprocess,24,6,0.002918476
sendPreprocess,24,7,0.002989894
sendPreprocess,24,8,0.002997189
sendPreprocess,24,9,0.002882286
particleSend,24,0,0.001685893
particleSend,24,1,0.001693308
particleSend,24,2,0.001643791
particleSend,24,3,0.001706492
particleSend,24,4,0.001640345
particleSend,24,5,0.001630135
particleSend,24,6,0.001624093
particleSend,24,7,0.001628381
particleSend,24,8,0.00162262
particleSend,24,9,0.001621889
particleRecv,24,0,3.5539e-05
particleRecv,24,1,3.6791e-05
particleRecv,24,2,3.8985e-05
particleRecv,24,3,3.5319e-05
particleRecv,24,4,3.631e-05
particleRecv,24,5,4.0148e-05
particleRecv,24,6,3.5389e-05
particleRecv,24,7,3.6591e-05
particleRecv,24,8,3.7693e-05
particleRecv,24,9,3.6591e-05
particleDestroy,24,0,0.012544373
particleDestroy,24,1,0.012570143
particleDestroy,24,2,0.012539074
particleDestroy,24,3,0.012550656
particleDestroy,24,4,0.012548892
particleDestroy,24,5,0.012537671
particleDestroy,24,6,0.012490038
particleDestroy,24,7,0.012485459
particleDestroy,24,8,0.012497583
particleDestroy,24,9,0.012579084
ScatterPIFNUFFT,24,0,3.621471166
ScatterPIFNUFFT,24,1,0.002511335
ScatterPIFNUFFT,24,2,3.604831423
ScatterPIFNUFFT,24,3,0.002506256
ScatterPIFNUFFT,24,4,3.62664969
ScatterPIFNUFFT,24,5,0.002511015
ScatterPIFNUFFT,24,6,3.636033149
ScatterPIFNUFFT,24,7,0.002494764
ScatterPIFNUFFT,24,8,3.608817501
ScatterPIFNUFFT,24,9,0.002506877
ScatterPIFNUFFT,24,10,3.589127254
ScatterPIFNUFFT,24,11,0.002497509
ScatterPIFNUFFT,24,12,3.651234962
ScatterPIFNUFFT,24,13,0.002505514
ScatterPIFNUFFT,24,14,3.578164069
ScatterPIFNUFFT,24,15,0.002503149
ScatterPIFNUFFT,24,16,3.604531201
ScatterPIFNUFFT,24,17,0.002503851
ScatterPIFNUFFT,24,18,3.560044711
ScatterPIFNUFFT,24,19,0.002518229
NativeNUFFT1,24,0,3.618076867
NativeNUFFT1,24,1,3.601448625
NativeNUFFT1,24,2,3.62328091
NativeNUFFT1,24,3,3.632622187
NativeNUFFT1,24,4,3.605423322
NativeNUFFT1,24,5,3.585752703
NativeNUFFT1,24,6,3.64783446
NativeNUFFT1,24,7,3.574742105
NativeNUFFT1,24,8,3.601165628
NativeNUFFT1,24,9,3.55663996
scatterTimerNUFFT1,24,0,3.379598841
scatterTimerNUFFT1,24,1,3.362686327
scatterTimerNUFFT1,24,2,3.386243002
scatterTimerNUFFT1,24,3,3.400296167
scatterTimerNUFFT1,24,4,3.369695977
scatterTimerNUFFT1,24,5,3.35373445
scatterTimerNUFFT1,24,6,3.417715834
scatterTimerNUFFT1,24,7,3.345440326
scatterTimerNUFFT1,24,8,3.362265443
scatterTimerNUFFT1,24,9,3.327525901
binSort,24,0,0.013330059
binSort,24,1,0.01360878
binSort,24,2,0.0132069
binSort,24,3,0.013442758
binSort,24,4,0.013531962
binSort,24,5,0.013201459
binSort,24,6,0.013112406
binSort,24,7,0.013347523
binSort,24,8,0.013529366
binSort,24,9,0.013374408
binComputeKeys,24,0,0.001001414
binComputeKeys,24,1,0.001010883
binComputeKeys,24,2,0.00100421
binComputeKeys,24,3,0.001003899
binComputeKeys,24,4,0.001004109
binComputeKeys,24,5,0.00100977
binComputeKeys,24,6,0.001004269
binComputeKeys,24,7,0.001010772
binComputeKeys,24,8,0.001003368
binComputeKeys,24,9,0.001005252
binSortByKey,24,0,0.011960359
binSortByKey,24,1,0.012231345
binSortByKey,24,2,0.011835107
binSortByKey,24,3,0.012071506
binSortByKey,24,4,0.012158175
binSortByKey,24,5,0.011822141
binSortByKey,24,6,0.011739832
binSortByKey,24,7,0.011968586
binSortByKey,24,8,0.012158284
binSortByKey,24,9,0.01200061
binComputeOffsets,24,0,0.00036549
binComputeOffsets,24,1,0.000363485
binComputeOffsets,24,2,0.000364348
binComputeOffsets,24,3,0.000364328
binComputeOffsets,24,4,0.000365891
binComputeOffsets,24,5,0.000366291
binComputeOffsets,24,6,0.000364688
binComputeOffsets,24,7,0.000364949
binComputeOffsets,24,8,0.000363687
binComputeOffsets,24,9,0.000365179
FFTNUFFT1,24,0,0.237881557
FFTNUFFT1,24,1,0.238051578
FFTNUFFT1,24,2,0.236433474
FFTNUFFT1,24,3,0.231713422
FFTNUFFT1,24,4,0.235118042
FFTNUFFT1,24,5,0.231415483
FFTNUFFT1,24,6,0.229507049
FFTNUFFT1,24,7,0.228697857
FFTNUFFT1,24,8,0.238296663
FFTNUFFT1,24,9,0.228508753
deconvolutionNUFFT1,24,0,0.000592951
deconvolutionNUFFT1,24,1,0.000707093
deconvolutionNUFFT1,24,2,0.000601137
deconvolutionNUFFT1,24,3,0.000609083
deconvolutionNUFFT1,24,4,0.000605686
deconvolutionNUFFT1,24,5,0.000598872
deconvolutionNUFFT1,24,6,0.000607991
deconvolutionNUFFT1,24,7,0.000600376
deconvolutionNUFFT1,24,8,0.000599284
deconvolutionNUFFT1,24,9,0.000601698
GatherPIFNUFFT,24,0,7.295534627
GatherPIFNUFFT,24,1,7.322119809
GatherPIFNUFFT,24,2,7.325898874
GatherPIFNUFFT,24,3,7.328626754
GatherPIFNUFFT,24,4,7.330566499
GatherPIFNUFFT,24,5,7.306670557
GatherPIFNUFFT,24,6,7.308489164
GatherPIFNUFFT,24,7,7.314557039
GatherPIFNUFFT,24,8,7.312641382
GatherPIFNUFFT,24,9,7.312713272
NativeNUFFT2,24,0,2.243166063
NativeNUFFT2,24,1,2.525079052
NativeNUFFT2,24,2,2.507680283
NativeNUFFT2,24,3,2.273266308
NativeNUFFT2,24,4,2.501769444
NativeNUFFT2,24,5,2.527516729
NativeNUFFT2,24,6,2.263627947
NativeNUFFT2,24,7,2.532513092
NativeNUFFT2,24,8,2.510142042
NativeNUFFT2,24,9,2.27618008
NativeNUFFT2,24,10,2.517055737
NativeNUFFT2,24,11,2.515802325
NativeNUFFT2,24,12,2.270738806
NativeNUFFT2,24,13,2.528566486
NativeNUFFT2,24,14,2.511584696
NativeNUFFT2,24,15,2.27316202
NativeNUFFT2,24,16,2.509831754
NativeNUFFT2,24,17,2.504033186
NativeNUFFT2,24,18,2.271343249
NativeNUFFT2,24,19,2.514041286
NativeNUFFT2,24,20,2.503483296
NativeNUFFT2,24,21,2.273731096
NativeNUFFT2,24,22,2.494369886
NativeNUFFT2,24,23,2.526865835
NativeNUFFT2,24,24,2.265798703
NativeNUFFT2,24,25,2.51879252
NativeNUFFT2,24,26,2.50840094
NativeNUFFT2,24,27,2.272669471
NativeNUFFT2,24,28,2.502051361
NativeNUFFT2,24,29,2.518470157
PrecorrectionNUFFT2,24,0,0.001133551
PrecorrectionNUFFT2,24,1,0.001095196
PrecorrectionNUFFT2,24,2,0.001084305
PrecorrectionNUFFT2,24,3,0.001084997
PrecorrectionNUFFT2,24,4,0.001060138
PrecorrectionNUFFT2,24,5,0.001081129
PrecorrectionNUFFT2,24,6,0.001126527
PrecorrectionNUFFT2,24,7,0.001099695
PrecorrectionNUFFT2,24,8,0.00109225
PrecorrectionNUFFT2,24,9,0.001140624
PrecorrectionNUFFT2,24,10,0.001095517
PrecorrectionNUFFT2,24,11,0.001099394
PrecorrectionNUFFT2,24,12,0.001131026
PrecorrectionNUFFT2,24,13,0.001079686
PrecorrectionNUFFT2,24,14,0.001100687
PrecorrectionNUFFT2,24,15,0.001119394
PrecorrectionNUFFT2,24,16,0.001088924
PrecorrectionNUFFT2,24,17,0.001091649
PrecorrectionNUFFT2,24,18,0.001137839
PrecorrectionNUFFT2,24,19,0.00108674
PrecorrectionNUFFT2,24,20,0.001092721
PrecorrectionNUFFT2,24,21,0.001131857
PrecorrectionNUFFT2,24,22,0.001101498
PrecorrectionNUFFT2,24,23,0.001087752
PrecorrectionNUFFT2,24,24,0.001142528
PrecorrectionNUFFT2,24,25,0.001085808
PrecorrectionNUFFT2,24,26,0.001219248
PrecorrectionNUFFT2,24,27,0.001130265
PrecorrectionNUFFT2,24,28,0.001090147
PrecorrectionNUFFT2,24,29,0.001143621
FFTNUFFT2,24,0,0.236609016
FFTNUFFT2,24,1,0.484242146
FFTNUFFT2,24,2,0.479294218
FFTNUFFT2,24,3,0.226533799
FFTNUFFT2,24,4,0.479689747
FFTNUFFT2,24,5,0.475956797
FFTNUFFT2,24,6,0.238270802
FFTNUFFT2,24,7,0.491455538
FFTNUFFT2,24,8,0.483063817
FFTNUFFT2,24,9,0.244681148
FFTNUFFT2,24,10,0.47769303
FFTNUFFT2,24,11,0.470685065
FFTNUFFT2,24,12,0.228941209
FFTNUFFT2,24,13,0.474432211
FFTNUFFT2,24,14,0.478463556
FFTNUFFT2,24,15,0.243572786
FFTNUFFT2,24,16,0.475780247
FFTNUFFT2,24,17,0.478716126
FFTNUFFT2,24,18,0.24289006
FFTNUFFT2,24,19,0.481477828
FFTNUFFT2,24,20,0.473490357
FFTNUFFT2,24,21,0.237590412
FFTNUFFT2,24,22,0.471509896
FFTNUFFT2,24,23,0.494575887
FFTNUFFT2,24,24,0.23727479
FFTNUFFT2,24,25,0.48459022
FFTNUFFT2,24,26,0.479493947
FFTNUFFT2,24,27,0.235786333
FFTNUFFT2,24,28,0.477303765
FFTNUFFT2,24,29,0.483711324
GatherNUFFT2,24,0,2.005412424
GatherNUFFT2,24,1,2.039732252
GatherNUFFT2,24,2,2.027291649
GatherNUFFT2,24,3,2.045636582
GatherNUFFT2,24,4,2.02100993
GatherNUFFT2,24,5,2.050468853
GatherNUFFT2,24,6,2.024220909
GatherNUFFT2,24,7,2.039946497
GatherNUFFT2,24,8,2.025977639
GatherNUFFT2,24,9,2.030347807
GatherNUFFT2,24,10,2.03825624
GatherNUFFT2,24,11,2.044008268
GatherNUFFT2,24,12,2.040657022
GatherNUFFT2,24,13,2.05304391
GatherNUFFT2,24,14,2.03200861
GatherNUFFT2,24,15,2.028460804
GatherNUFFT2,24,16,2.032951662
GatherNUFFT2,24,17,2.024215501
GatherNUFFT2,24,18,2.027306073
GatherNUFFT2,24,19,2.031465776
GatherNUFFT2,24,20,2.02889143
GatherNUFFT2,24,21,2.034998758
GatherNUFFT2,24,22,2.021748061
GatherNUFFT2,24,23,2.031192808
GatherNUFFT2,24,24,2.027371747
GatherNUFFT2,24,25,2.033106182
GatherNUFFT2,24,26,2.027676655
GatherNUFFT2,24,27,2.035743204
GatherNUFFT2,24,28,2.02364759
GatherNUFFT2,24,29,2.033605524
mainTimer,25,0,112.586550043
dumpData,25,0,0.163246101
dumpData,25,1,0.172289068
dumpData,25,2,0.174281316
dumpData,25,3,0.180043028
dumpData,25,4,0.169725057
dumpData,25,5,0.17363623
dumpData,25,6,0.164709771
dumpData,25,7,0.175603639
dumpData,25,8,0.174857815
dumpData,25,9,0.158418385
kick,25,0,0.002069778
kick,25,1,0.002159262
kick,25,2,0.002070029
kick,25,3,0.002149774
kick,25,4,0.002085839
kick,25,5,0.002170363
kick,25,6,0.00209096
kick,25,7,0.002171135
kick,25,8,0.002108013
kick,25,9,0.002159141
kick,25,10,0.002070489
kick,25,11,0.002162849
kick,25,12,0.002079698
kick,25,13,0.002159111
kick,25,14,0.002063446
kick,25,15,0.002180082
kick,25,16,0.002069377
kick,25,17,0.00214827
kick,25,18,0.002065851
kick,25,19,0.002195803
drift,25,0,0.002081541
drift,25,1,0.002106149
drift,25,2,0.002103835
drift,25,3,0.002119504
drift,25,4,0.002112131
drift,25,5,0.002095528
drift,25,6,0.002103704
drift,25,7,0.00211189
drift,25,8,0.002126728
drift,25,9,0.002101169
particleBC,25,0,0.00621212
particleBC,25,1,0.006185257
particleBC,25,2,0.006158446
particleBC,25,3,0.006146793
particleBC,25,4,0.0062894
particleBC,25,5,0.006224735
particleBC,25,6,0.006159668
particleBC,25,7,0.006172343
particleBC,25,8,0.006174277
particleBC,25,9,0.006136916
updateParticle,25,0,0.026716125
updateParticle,25,1,0.02701206
updateParticle,25,2,0.026667753
updateParticle,25,3,0.027054012
updateParticle,25,4,0.027278589
updateParticle,25,5,0.026985159
updateParticle,25,6,0.02751085
updateParticle,25,7,0.026729652
updateParticle,25,8,0.027035046
updateParticle,25,9,0.026675313
locateParticles,25,0,0.007202894
locateParticles,25,1,0.007143538
locateParticles,25,2,0.007141244
locateParticles,25,3,0.007138909
locateParticles,25,4,0.007136614
locateParticles,25,5,0.007145473
locateParticles,25,6,0.007136024
locateParticles,25,7,0.007132657
locateParticles,25,8,0.007124142
locateParticles,25,9,0.007154291
sendPreprocess,25,0,0.001762802
sendPreprocess,25,1,0.001892645
sendPreprocess,25,2,0.001838389
sendPreprocess,25,3,0.001995103
sendPreprocess,25,4,0.001468251
sendPreprocess,25,5,0.00177717
sendPreprocess,25,6,0.001723737
sendPreprocess,25,7,0.00178222
sendPreprocess,25,8,0.001784214
sendPreprocess,25,9,0.00173583
particleSend,25,0,0.001666345
particleSend,25,1,0.00167382
particleSend,25,2,0.001672898
particleSend,25,3,0.00166906
particleSend,25,4,0.001670332
particleSend,25,5,0.002561423
particleSend,25,6,0.001908405
particleSend,25,7,0.00165859
particleSend,25,8,0.00172577
particleSend,25,9,0.001664943
particleRecv,25,0,3.7744e-05
particleRecv,25,1,3.8645e-05
particleRecv,25,2,3.7373e-05
particleRecv,25,3,4.135e-05
particleRecv,25,4,3.9076e-05
particleRecv,25,5,4.2593e-05
particleRecv,25,6,3.632e-05
particleRecv,25,7,3.9927e-05
particleRecv,25,8,3.9597e-05
particleRecv,25,9,3.9036e-05
particleDestroy,25,0,0.013692983
particleDestroy,25,1,0.013673796
particleDestroy,25,2,0.013734094
particleDestroy,25,3,0.013672313
particleDestroy,25,4,0.013755585
particleDestroy,25,5,0.013684557
particleDestroy,25,6,0.013669198
particleDestroy,25,7,0.013673816
particleDestroy,25,8,0.013786776
particleDestroy,25,9,0.013690682
ScatterPIFNUFFT,25,0,3.610320699
ScatterPIFNUFFT,25,1,0.002520614
ScatterPIFNUFFT,25,2,3.592191013
ScatterPIFNUFFT,25,3,0.002498772
ScatterPIFNUFFT,25,4,3.6277829
ScatterPIFNUFFT,25,5,0.002504983
ScatterPIFNUFFT,25,6,3.641200101
ScatterPIFNUFFT,25,7,0.002506226
ScatterPIFNUFFT,25,8,3.615914259
ScatterPIFNUFFT,25,9,0.00250353
ScatterPIFNUFFT,25,10,3.597507003
ScatterPIFNUFFT,25,11,0.002509893
ScatterPIFNUFFT,25,12,3.659392829
ScatterPIFNUFFT,25,13,0.002503841
ScatterPIFNUFFT,25,14,3.583933079
ScatterPIFNUFFT,25,15,0.00250297
ScatterPIFNUFFT,25,16,3.603458769
ScatterPIFNUFFT,25,17,0.002507207
ScatterPIFNUFFT,25,18,3.56623009
ScatterPIFNUFFT,25,19,0.002513049
NativeNUFFT1,25,0,3.606774804
NativeNUFFT1,25,1,3.588672201
NativeNUFFT1,25,2,3.624213891
NativeNUFFT1,25,3,3.637639418
NativeNUFFT1,25,4,3.61236084
NativeNUFFT1,25,5,3.593939086
NativeNUFFT1,25,6,3.655842006
NativeNUFFT1,25,7,3.58040559
NativeNUFFT1,25,8,3.59990501
NativeNUFFT1,25,9,3.562696709
scatterTimerNUFFT1,25,0,3.382316297
scatterTimerNUFFT1,25,1,3.364798919
scatterTimerNUFFT1,25,2,3.38846739
scatterTimerNUFFT1,25,3,3.403555453
scatterTimerNUFFT1,25,4,3.371824961
scatterTimerNUFFT1,25,5,3.355654117
scatterTimerNUFFT1,25,6,3.419761565
scatterTimerNUFFT1,25,7,3.347808052
scatterTimerNUFFT1,25,8,3.364265296
scatterTimerNUFFT1,25,9,3.329676487
binSort,25,0,0.013746396
binSort,25,1,0.013814038
binSort,25,2,0.01380414
binSort,25,3,0.013832164
binSort,25,4,0.013806705
binSort,25,5,0.013805643
binSort,25,6,0.013780173
binSort,25,7,0.01381984
binSort,25,8,0.013829309
binSort,25,9,0.013797188
binComputeKeys,25,0,0.00107152
binComputeKeys,25,1,0.001079345
binComputeKeys,25,2,0.001075949
binComputeKeys,25,3,0.001071982
binComputeKeys,25,4,0.001071801
binComputeKeys,25,5,0.001074797
binComputeKeys,25,6,0.001066731
binComputeKeys,25,7,0.00107111
binComputeKeys,25,8,0.001075748
binComputeKeys,25,9,0.0010763
binSortByKey,25,0,0.01229043
binSortByKey,25,1,0.012349404
binSortByKey,25,2,0.012342581
binSortByKey,25,3,0.012384013
binSortByKey,25,4,0.012349276
binSortByKey,25,5,0.012346791
binSortByKey,25,6,0.01233128
binSortByKey,25,7,0.012365036
binSortByKey,25,8,0.012368041
binSortByKey,25,9,0.012334889
binComputeOffsets,25,0,0.00038154
binComputeOffsets,25,1,0.000381981
binComputeOffsets,25,2,0.000382382
binComputeOffsets,25,3,0.000373044
binComputeOffsets,25,4,0.000382242
binComputeOffsets,25,5,0.000380759
binComputeOffsets,25,6,0.000378906
binComputeOffsets,25,7,0.000380498
binComputeOffsets,25,8,0.00038147
binComputeOffsets,25,9,0.000382553
FFTNUFFT1,25,0,0.223846069
FFTNUFFT1,25,1,0.223277806
FFTNUFFT1,25,2,0.235138521
FFTNUFFT1,25,3,0.23347408
FFTNUFFT1,25,4,0.239934402
FFTNUFFT1,25,5,0.237674515
FFTNUFFT1,25,6,0.23546717
FFTNUFFT1,25,7,0.231989678
FFTNUFFT1,25,8,0.235019381
FFTNUFFT1,25,9,0.232412022
deconvolutionNUFFT1,25,0,0.000608842
deconvolutionNUFFT1,25,1,0.000591849
deconvolutionNUFFT1,25,2,0.000604043
deconvolutionNUFFT1,25,3,0.000606086
deconvolutionNUFFT1,25,4,0.000597631
deconvolutionNUFFT1,25,5,0.000606728
deconvolutionNUFFT1,25,6,0.000609744
deconvolutionNUFFT1,25,7,0.000604314
deconvolutionNUFFT1,25,8,0.000616116
deconvolutionNUFFT1,25,9,0.000604394
GatherPIFNUFFT,25,0,7.435699479
GatherPIFNUFFT,25,1,7.452176227
GatherPIFNUFFT,25,2,7.437876926
GatherPIFNUFFT,25,3,7.434703983
GatherPIFNUFFT,25,4,7.44434975
GatherPIFNUFFT,25,5,7.41491782
GatherPIFNUFFT,25,6,7.428948373
GatherPIFNUFFT,25,7,7.420511121
GatherPIFNUFFT,25,8,7.428854151
GatherPIFNUFFT,25,9,7.435427013
NativeNUFFT2,25,0,2.383221713
NativeNUFFT2,25,1,2.525109411
NativeNUFFT2,25,2,2.506859951
NativeNUFFT2,25,3,2.405001786
NativeNUFFT2,25,4,2.52075507
NativeNUFFT2,25,5,2.506220056
NativeNUFFT2,25,6,2.389350461
NativeNUFFT2,25,7,2.53569518
NativeNUFFT2,25,8,2.492584978
NativeNUFFT2,25,9,2.393597847
NativeNUFFT2,25,10,2.507743059
NativeNUFFT2,25,11,2.513083617
NativeNUFFT2,25,12,2.390094895
NativeNUFFT2,25,13,2.514099851
NativeNUFFT2,25,14,2.5198792
NativeNUFFT2,25,15,2.374869667
NativeNUFFT2,25,16,2.524162346
NativeNUFFT2,25,17,2.495559867
NativeNUFFT2,25,18,2.392029612
NativeNUFFT2,25,19,2.512563076
NativeNUFFT2,25,20,2.503924201
NativeNUFFT2,25,21,2.380555786
NativeNUFFT2,25,22,2.51056121
NativeNUFFT2,25,23,2.509058092
NativeNUFFT2,25,24,2.388368643
NativeNUFFT2,25,25,2.522277257
NativeNUFFT2,25,26,2.497974289
NativeNUFFT2,25,27,2.395316563
NativeNUFFT2,25,28,2.487317302
NativeNUFFT2,25,29,2.532350398
PrecorrectionNUFFT2,25,0,0.001132047
PrecorrectionNUFFT2,25,1,0.001081329
PrecorrectionNUFFT2,25,2,0.001090066
PrecorrectionNUFFT2,25,3,0.00109708
PrecorrectionNUFFT2,25,4,0.001058114
PrecorrectionNUFFT2,25,5,0.001049597
PrecorrectionNUFFT2,25,6,0.001084525
PrecorrectionNUFFT2,25,7,0.001054808
PrecorrectionNUFFT2,25,8,0.001060178
PrecorrectionNUFFT2,25,9,0.001085147
PrecorrectionNUFFT2,25,10,0.001049096
PrecorrectionNUFFT2,25,11,0.0010459
PrecorrectionNUFFT2,25,12,0.00113885
PrecorrectionNUFFT2,25,13,0.001087251
PrecorrectionNUFFT2,25,14,0.001099645
PrecorrectionNUFFT2,25,15,0.001093743
PrecorrectionNUFFT2,25,16,0.001047403
PrecorrectionNUFFT2,25,17,0.001060689
PrecorrectionNUFFT2,25,18,0.00111795
PrecorrectionNUFFT2,25,19,0.001079536
PrecorrectionNUFFT2,25,20,0.001105346
PrecorrectionNUFFT2,25,21,0.001125425
PrecorrectionNUFFT2,25,22,0.001090577
PrecorrectionNUFFT2,25,23,0.00109161
PrecorrectionNUFFT2,25,24,0.001098903
PrecorrectionNUFFT2,25,25,0.001059397
PrecorrectionNUFFT2,25,26,0.001063224
PrecorrectionNUFFT2,25,27,0.00113826
PrecorrectionNUFFT2,25,28,0.001087081
PrecorrectionNUFFT2,25,29,0.001091209
FFTNUFFT2,25,0,0.235474634
FFTNUFFT2,25,1,0.364882944
FFTNUFFT2,25,2,0.341691149
FFTNUFFT2,25,3,0.252468309
FFTNUFFT2,25,4,0.351875803
FFTNUFFT2,25,5,0.346534372
FFTNUFFT2,25,6,0.239277557
FFTNUFFT2,25,7,0.370221609
FFTNUFFT2,25,8,0.342297457
FFTNUFFT2,25,9,0.233325021
FFTNUFFT2,25,10,0.350018631
FFTNUFFT2,25,11,0.363927624
FFTNUFFT2,25,12,0.23376282
FFTNUFFT2,25,13,0.358542139
FFTNUFFT2,25,14,0.356618764
FFTNUFFT2,25,15,0.222920982
FFTNUFFT2,25,16,0.352207781
FFTNUFFT2,25,17,0.344338122
FFTNUFFT2,25,18,0.234812007
FFTNUFFT2,25,19,0.342679063
FFTNUFFT2,25,20,0.335124392
FFTNUFFT2,25,21,0.238094049
FFTNUFFT2,25,22,0.349650526
FFTNUFFT2,25,23,0.356701556
FFTNUFFT2,25,24,0.229839093
FFTNUFFT2,25,25,0.364622604
FFTNUFFT2,25,26,0.343642943
FFTNUFFT2,25,27,0.2350171
FFTNUFFT2,25,28,0.337592049
FFTNUFFT2,25,29,0.35946571
GatherNUFFT2,25,0,2.146604762
GatherNUFFT2,25,1,2.159136471
GatherNUFFT2,25,2,2.164069907
GatherNUFFT2,25,3,2.15142761
GatherNUFFT2,25,4,2.167812806
GatherNUFFT2,25,5,2.158627429
GatherNUFFT2,25,6,2.148979411
GatherNUFFT2,25,7,2.164406741
GatherNUFFT2,25,8,2.149217824
GatherNUFFT2,25,9,2.159178521
GatherNUFFT2,25,10,2.156664711
GatherNUFFT2,25,11,2.148101034
GatherNUFFT2,25,12,2.155184447
GatherNUFFT2,25,13,2.154462005
GatherNUFFT2,25,14,2.162148637
GatherNUFFT2,25,15,2.150846595
GatherNUFFT2,25,16,2.170897172
GatherNUFFT2,25,17,2.150151095
GatherNUFFT2,25,18,2.156091177
GatherNUFFT2,25,19,2.168794268
GatherNUFFT2,25,20,2.167685455
GatherNUFFT2,25,21,2.141326805
GatherNUFFT2,25,22,2.159810207
GatherNUFFT2,25,23,2.15125567
GatherNUFFT2,25,24,2.157420868
GatherNUFFT2,25,25,2.15658659
GatherNUFFT2,25,26,2.153258623
GatherNUFFT2,25,27,2.159152897
GatherNUFFT2,25,28,2.148627872
GatherNUFFT2,25,29,2.171784682
mainTimer,26,0,112.586551757
dumpData,26,0,0.155566503
dumpData,26,1,0.152202251
dumpData,26,2,0.153007265
dumpData,26,3,0.155446396
dumpData,26,4,0.158738898
dumpData,26,5,0.155125783
dumpData,26,6,0.15663246
dumpData,26,7,0.155843727
dumpData,26,8,0.157645325
dumpData,26,9,0.154224442
kick,26,0,0.002081591
kick,26,1,0.002186254
kick,26,2,0.00207603
kick,26,3,0.002170544
kick,26,4,0.002082442
kick,26,5,0.002155194
kick,26,6,0.002097242
kick,26,7,0.002165273
kick,26,8,0.002071602
kick,26,9,0.002154953
kick,26,10,0.002064407
kick,26,11,0.002165354
kick,26,12,0.002083936
kick,26,13,0.002140145
kick,26,14,0.002095989
kick,26,15,0.002195643
kick,26,16,0.002082503
kick,26,17,0.002166987
kick,26,18,0.002073316
kick,26,19,0.002169913
drift,26,0,0.002093794
drift,26,1,0.002102472
drift,26,2,0.002097331
drift,26,3,0.00208649
drift,26,4,0.002086581
drift,26,5,0.002101559
drift,26,6,0.002102882
drift,26,7,0.002096811
drift,26,8,0.002097722
drift,26,9,0.002108794
particleBC,26,0,0.006173786
particleBC,26,1,0.006169447
particleBC,26,2,0.006144068
particleBC,26,3,0.006207531
particleBC,26,4,0.006192213
particleBC,26,5,0.006157916
particleBC,26,6,0.006171811
particleBC,26,7,0.006193243
particleBC,26,8,0.006128027
particleBC,26,9,0.006194988
updateParticle,26,0,0.027033933
updateParticle,26,1,0.027206659
updateParticle,26,2,0.026808366
updateParticle,26,3,0.027998324
updateParticle,26,4,0.027565866
updateParticle,26,5,0.026849035
updateParticle,26,6,0.027405616
updateParticle,26,7,0.026931184
updateParticle,26,8,0.027186861
updateParticle,26,9,0.026844801
locateParticles,26,0,0.007236138
locateParticles,26,1,0.00722184
locateParticles,26,2,0.007222692
locateParticles,26,3,0.007219646
locateParticles,26,4,0.007227712
locateParticles,26,5,0.007230307
locateParticles,26,6,0.007224156
locateParticles,26,7,0.00721611
locateParticles,26,8,0.007218354
locateParticles,26,9,0.007236601
sendPreprocess,26,0,0.001745979
sendPreprocess,26,1,0.001827688
sendPreprocess,26,2,0.001780567
sendPreprocess,26,3,0.00188044
sendPreprocess,26,4,0.001536333
sendPreprocess,26,5,0.001760648
sendPreprocess,26,6,0.001621118
sendPreprocess,26,7,0.001659732
sendPreprocess,26,8,0.001751239
sendPreprocess,26,9,0.001581761
particleSend,26,0,0.002574819
particleSend,26,1,0.001689199
particleSend,26,2,0.001755478
particleSend,26,3,0.001685482
particleSend,26,4,0.001687777
particleSend,26,5,0.001730569
particleSend,26,6,0.00167931
particleSend,26,7,0.001739687
particleSend,26,8,0.00167411
particleSend,26,9,0.001672658
particleRecv,26,0,3.609e-05
particleRecv,26,1,3.9106e-05
particleRecv,26,2,3.5479e-05
particleRecv,26,3,4.1e-05
particleRecv,26,4,3.7332e-05
particleRecv,26,5,3.8565e-05
particleRecv,26,6,3.8726e-05
particleRecv,26,7,3.8625e-05
particleRecv,26,8,3.7593e-05
particleRecv,26,9,4.2253e-05
particleDestroy,26,0,0.013949511
particleDestroy,26,1,0.013820099
particleDestroy,26,2,0.013873625
particleDestroy,26,3,0.013826322
particleDestroy,26,4,0.013799631
particleDestroy,26,5,0.013777026
particleDestroy,26,6,0.013841793
particleDestroy,26,7,0.013815461
particleDestroy,26,8,0.013944212
particleDestroy,26,9,0.013789083
ScatterPIFNUFFT,26,0,3.622913496
ScatterPIFNUFFT,26,1,0.002512247
ScatterPIFNUFFT,26,2,3.605682665
ScatterPIFNUFFT,26,3,0.002509221
ScatterPIFNUFFT,26,4,3.627757099
ScatterPIFNUFFT,26,5,0.002514482
ScatterPIFNUFFT,26,6,3.642469285
ScatterPIFNUFFT,26,7,0.002504592
ScatterPIFNUFFT,26,8,3.603402728
ScatterPIFNUFFT,26,9,0.002505083
ScatterPIFNUFFT,26,10,3.59509969
ScatterPIFNUFFT,26,11,0.002506597
ScatterPIFNUFFT,26,12,3.648377354
ScatterPIFNUFFT,26,13,0.002506756
ScatterPIFNUFFT,26,14,3.576235164
ScatterPIFNUFFT,26,15,0.002508009
ScatterPIFNUFFT,26,16,3.605595787
ScatterPIFNUFFT,26,17,0.00250852
ScatterPIFNUFFT,26,18,3.567843933
ScatterPIFNUFFT,26,19,0.002500325
NativeNUFFT1,26,0,3.619391208
NativeNUFFT1,26,1,3.602149135
NativeNUFFT1,26,2,3.624224151
NativeNUFFT1,26,3,3.638937027
NativeNUFFT1,26,4,3.599870201
NativeNUFFT1,26,5,3.591563194
NativeNUFFT1,26,6,3.644795019
NativeNUFFT1,26,7,3.572691274
NativeNUFFT1,26,8,3.60203271
NativeNUFFT1,26,9,3.564299401
scatterTimerNUFFT1,26,0,3.37948483
scatterTimerNUFFT1,26,1,3.362118996
scatterTimerNUFFT1,26,2,3.385867032
scatterTimerNUFFT1,26,3,3.400258293
scatterTimerNUFFT1,26,4,3.369482272
scatterTimerNUFFT1,26,5,3.353305507
scatterTimerNUFFT1,26,6,3.417277924
scatterTimerNUFFT1,26,7,3.34500974
scatterTimerNUFFT1,26,8,3.361973085
scatterTimerNUFFT1,26,9,3.32688101
binSort,26,0,0.013845068
binSort,26,1,0.013850919
binSort,26,2,0.013826483
binSort,26,3,0.013870889
binSort,26,4,0.013768411
binSort,26,5,0.01380403
binSort,26,6,0.013794521
binSort,26,7,0.013942167
binSort,26,8,0.013797056
binSort,26,9,0.01382909
binComputeKeys,26,0,0.001068685
binComputeKeys,26,1,0.001071981
binComputeKeys,26,2,0.001072692
binComputeKeys,26,3,0.001067161
binComputeKeys,26,4,0.001068564
binComputeKeys,26,5,0.001068575
binComputeKeys,26,6,0.001072041
binComputeKeys,26,7,0.001073805
binComputeKeys,26,8,0.001072192
binComputeKeys,26,9,0.001071931
binSortByKey,26,0,0.012391677
binSortByKey,26,1,0.012396997
binSortByKey,26,2,0.012365857
binSortByKey,26,3,0.012372039
binSortByKey,26,4,0.012315971
binSortByKey,26,5,0.012352601
binSortByKey,26,6,0.012335308
binSortByKey,26,7,0.012481572
binSortByKey,26,8,0.012339406
binSortByKey,26,9,0.012368905
binComputeOffsets,26,0,0.000381942
binComputeOffsets,26,1,0.000378695
binComputeOffsets,26,2,0.000384486
binComputeOffsets,26,3,0.000428111
binComputeOffsets,26,4,0.000380388
binComputeOffsets,26,5,0.000379537
binComputeOffsets,26,6,0.000383916
binComputeOffsets,26,7,0.000383545
binComputeOffsets,26,8,0.00038121
binComputeOffsets,26,9,0.000384928
FFTNUFFT1,26,0,0.239297696
FFTNUFFT1,26,1,0.239409925
FFTNUFFT1,26,2,0.237747435
FFTNUFFT1,26,3,0.238061626
FFTNUFFT1,26,4,0.229788635
FFTNUFFT1,26,5,0.237652952
FFTNUFFT1,26,6,0.226903534
FFTNUFFT1,26,7,0.227064526
FFTNUFFT1,26,8,0.239440915
FFTNUFFT1,26,9,0.23679914
deconvolutionNUFFT1,26,0,0.000604703
deconvolutionNUFFT1,26,1,0.000616076
deconvolutionNUFFT1,26,2,0.000605866
deconvolutionNUFFT1,26,3,0.000613291
deconvolutionNUFFT1,26,4,0.000595335
deconvolutionNUFFT1,26,5,0.000601087
deconvolutionNUFFT1,26,6,0.000609794
deconvolutionNUFFT1,26,7,0.000613441
deconvolutionNUFFT1,26,8,0.000614373
deconvolutionNUFFT1,26,9,0.000615194
GatherPIFNUFFT,26,0,7.430468123
GatherPIFNUFFT,26,1,7.458544019
GatherPIFNUFFT,26,2,7.459058527
GatherPIFNUFFT,26,3,7.457042571
GatherPIFNUFFT,26,4,7.467704501
GatherPIFNUFFT,26,5,7.436004198
GatherPIFNUFFT,26,6,7.448145212
GatherPIFNUFFT,26,7,7.447696539
GatherPIFNUFFT,26,8,7.443810991
GatherPIFNUFFT,26,9,7.437802916
NativeNUFFT2,26,0,2.393936014
NativeNUFFT2,26,1,2.510556519
NativeNUFFT2,26,2,2.505670972
NativeNUFFT2,26,3,2.409655519
NativeNUFFT2,26,4,2.50691905
NativeNUFFT2,26,5,2.52165931
NativeNUFFT2,26,6,2.402976394
NativeNUFFT2,26,7,2.529650857
NativeNUFFT2,26,8,2.505991796
NativeNUFFT2,26,9,2.402087859
NativeNUFFT2,26,10,2.519717016
NativeNUFFT2,26,11,2.514728159
NativeNUFFT2,26,12,2.412107993
NativeNUFFT2,26,13,2.524150603
NativeNUFFT2,26,14,2.511243443
NativeNUFFT2,26,15,2.397445325
NativeNUFFT2,26,16,2.515607558
NativeNUFFT2,26,17,2.502728675
NativeNUFFT2,26,18,2.409212801
NativeNUFFT2,26,19,2.512353818
NativeNUFFT2,26,20,2.506090617
NativeNUFFT2,26,21,2.406144296
NativeNUFFT2,26,22,2.503692525
NativeNUFFT2,26,23,2.517655595
NativeNUFFT2,26,24,2.398958682
NativeNUFFT2,26,25,2.515303778
NativeNUFFT2,26,26,2.509059702
NativeNUFFT2,26,27,2.395853325
NativeNUFFT2,26,28,2.504560953
NativeNUFFT2,26,29,2.517190533
PrecorrectionNUFFT2,26,0,0.001079416
PrecorrectionNUFFT2,26,1,0.001257151
PrecorrectionNUFFT2,26,2,0.001060649
PrecorrectionNUFFT2,26,3,0.001086078
PrecorrectionNUFFT2,26,4,0.001061611
PrecorrectionNUFFT2,26,5,0.001051572
PrecorrectionNUFFT2,26,6,0.001131757
PrecorrectionNUFFT2,26,7,0.001086329
PrecorrectionNUFFT2,26,8,0.001093072
PrecorrectionNUFFT2,26,9,0.001121487
PrecorrectionNUFFT2,26,10,0.001089726
PrecorrectionNUFFT2,26,11,0.001098102
PrecorrectionNUFFT2,26,12,0.001085207
PrecorrectionNUFFT2,26,13,0.001055199
PrecorrectionNUFFT2,26,14,0.001062142
PrecorrectionNUFFT2,26,15,0.001080357
PrecorrectionNUFFT2,26,16,0.001055389
PrecorrectionNUFFT2,26,17,0.001059197
PrecorrectionNUFFT2,26,18,0.001133711
PrecorrectionNUFFT2,26,19,0.001085097
PrecorrectionNUFFT2,26,20,0.001080929
PrecorrectionNUFFT2,26,21,0.001093734
PrecorrectionNUFFT2,26,22,0.001058144
PrecorrectionNUFFT2,26,23,0.001053856
PrecorrectionNUFFT2,26,24,0.00113837
PrecorrectionNUFFT2,26,25,0.00108126
PrecorrectionNUFFT2,26,26,0.001082251
PrecorrectionNUFFT2,26,27,0.001097371
PrecorrectionNUFFT2,26,28,0.001056942
PrecorrectionNUFFT2,26,29,0.001047904
FFTNUFFT2,26,0,0.236550773
FFTNUFFT2,26,1,0.33135804
FFTNUFFT2,26,2,0.342275765
FFTNUFFT2,26,3,0.226282952
FFTNUFFT2,26,4,0.342726872
FFTNUFFT2,26,5,0.331419319
FFTNUFFT2,26,6,0.238073058
FFTNUFFT2,26,7,0.348092287
FFTNUFFT2,26,8,0.345886494
FFTNUFFT2,26,9,0.23793983
FFTNUFFT2,26,10,0.345931126
FFTNUFFT2,26,11,0.329391045
FFTNUFFT2,26,12,0.233945395
FFTNUFFT2,26,13,0.345090774
FFTNUFFT2,26,14,0.34769511
FFTNUFFT2,26,15,0.238577498
FFTNUFFT2,26,16,0.346349969
FFTNUFFT2,26,17,0.343288075
FFTNUFFT2,26,18,0.234843269
FFTNUFFT2,26,19,0.347180341
FFTNUFFT2,26,20,0.340612687
FFTNUFFT2,26,21,0.235230551
FFTNUFFT2,26,22,0.341780187
FFTNUFFT2,26,23,0.353902402
FFTNUFFT2,26,24,0.236900322
FFTNUFFT2,26,25,0.340595017
FFTNUFFT2,26,26,0.349277752
FFTNUFFT2,26,27,0.228498433
FFTNUFFT2,26,28,0.34695589
FFTNUFFT2,26,29,0.350672456
GatherNUFFT2,26,0,2.156293831
GatherNUFFT2,26,1,2.177930456
GatherNUFFT2,26,2,2.162323768
GatherNUFFT2,26,3,2.182275627
GatherNUFFT2,26,4,2.163120747
GatherNUFFT2,26,5,2.18917818
GatherNUFFT2,26,6,2.163760126
GatherNUFFT2,26,7,2.180460809
GatherNUFFT2,26,8,2.159001067
GatherNUFFT2,26,9,2.163015069
GatherNUFFT2,26,10,2.172685654
GatherNUFFT2,26,11,2.184227881
GatherNUFFT2,26,12,2.17706632
GatherNUFFT2,26,13,2.1779936
GatherNUFFT2,26,14,2.162475149
GatherNUFFT2,26,15,2.157777541
GatherNUFFT2,26,16,2.168190747
GatherNUFFT2,26,17,2.158370673
GatherNUFFT2,26,18,2.173225762
GatherNUFFT2,26,19,2.164078141
GatherNUFFT2,26,20,2.16438643
GatherNUFFT2,26,21,2.169809621
GatherNUFFT2,26,22,2.160840898
GatherNUFFT2,26,23,2.162688025
GatherNUFFT2,26,24,2.160908999
GatherNUFFT2,26,25,2.173616882
GatherNUFFT2,26,26,2.158688297
GatherNUFFT2,26,27,2.166246129
GatherNUFFT2,26,28,2.156536257
GatherNUFFT2,26,29,2.16545878
mainTimer,27,0,112.586550284
dumpData,27,0,0.021928952
dumpData,27,1,0.012339025
dumpData,27,2,0.016223135
dumpData,27,3,0.015673238
dumpData,27,4,0.020578902
dumpData,27,5,0.019369555
dumpData,27,6,0.015395439
dumpData,27,7,0.014265505
dumpData,27,8,0.020407323
dumpData,27,9,0.012996023
kick,27,0,0.002223396
kick,27,1,0.002316718
kick,27,2,0.002225761
kick,27,3,0.002320976
kick,27,4,0.002330453
kick,27,5,0.002337969
kick,27,6,0.002206303
kick,27,7,0.002303061
kick,27,8,0.002262393
kick,27,9,0.002299324
kick,27,10,0.002223716
kick,27,11,0.002316577
kick,27,12,0.002230831
kick,27,13,0.002328932
kick,27,14,0.00225586
kick,27,15,0.002318442
kick,27,16,0.002293733
kick,27,17,0.002309965
kick,27,18,0.002203989
kick,27,19,0.002324514
drift,27,0,0.002251922
drift,27,1,0.002223878
drift,27,2,0.002267092
drift,27,3,0.002242754
drift,27,4,0.002246752
drift,27,5,0.002236332
drift,27,6,0.002239959
drift,27,7,0.002246482
drift,27,8,0.00223593
drift,27,9,0.002226452
particleBC,27,0,0.006704275
particleBC,27,1,0.006646173
particleBC,27,2,0.006603129
particleBC,27,3,0.006599212
particleBC,27,4,0.006563944
particleBC,27,5,0.006575065
particleBC,27,6,0.006566728
particleBC,27,7,0.006591786
particleBC,27,8,0.006549716
particleBC,27,9,0.006553634
updateParticle,27,0,0.026077947
updateParticle,27,1,0.026478174
updateParticle,27,2,0.025902256
updateParticle,27,3,0.027195566
updateParticle,27,4,0.026812023
updateParticle,27,5,0.026297504
updateParticle,27,6,0.026814979
updateParticle,27,7,0.026067266
updateParticle,27,8,0.026453257
updateParticle,27,9,0.026191052
locateParticles,27,0,0.007765416
locateParticles,27,1,0.007718524
locateParticles,27,2,0.007679028
locateParticles,27,3,0.007705308
locateParticles,27,4,0.007718244
locateParticles,27,5,0.007701872
locateParticles,27,6,0.007676243
locateParticles,27,7,0.007695891
locateParticles,27,8,0.007678938
locateParticles,27,9,0.007720199
sendPreprocess,27,0,0.000385759
sendPreprocess,27,1,0.000583673
sendPreprocess,27,2,0.000447158
sendPreprocess,27,3,0.000734286
sendPreprocess,27,4,0.00032474
sendPreprocess,27,5,0.000576759
sendPreprocess,27,6,0.000490642
sendPreprocess,27,7,0.000471986
sendPreprocess,27,8,0.000522054
sendPreprocess,27,9,0.000492186
particleSend,27,0,0.001728736
particleSend,27,1,0.001768032
particleSend,27,2,0.001730199
particleSend,27,3,0.00172604
particleSend,27,4,0.002617021
particleSend,27,5,0.001790887
particleSend,27,6,0.002620678
particleSend,27,7,0.001720159
particleSend,27,8,0.001783352
particleSend,27,9,0.001726502
particleRecv,27,0,3.3696e-05
particleRecv,27,1,3.3686e-05
particleRecv,27,2,3.5549e-05
particleRecv,27,3,3.7202e-05
particleRecv,27,4,3.4346e-05
particleRecv,27,5,4.0408e-05
particleRecv,27,6,3.5478e-05
particleRecv,27,7,3.5929e-05
particleRecv,27,8,0.000258081
particleRecv,27,9,3.6972e-05
particleDestroy,27,0,0.014822195
particleDestroy,27,1,0.014746639
particleDestroy,27,2,0.01474674
particleDestroy,27,3,0.014766457
particleDestroy,27,4,0.014864408
particleDestroy,27,5,0.014769754
particleDestroy,27,6,0.014742071
particleDestroy,27,7,0.014767279
particleDestroy,27,8,0.014835292
particleDestroy,27,9,0.014843551
ScatterPIFNUFFT,27,0,3.62016428
ScatterPIFNUFFT,27,1,0.002501997
ScatterPIFNUFFT,27,2,3.593443514
ScatterPIFNUFFT,27,3,0.002499392
ScatterPIFNUFFT,27,4,3.624397708
ScatterPIFNUFFT,27,5,0.002511806
ScatterPIFNUFFT,27,6,3.641711303
ScatterPIFNUFFT,27,7,0.002500595
ScatterPIFNUFFT,27,8,3.616512941
ScatterPIFNUFFT,27,9,0.002496036
ScatterPIFNUFFT,27,10,3.5964338
ScatterPIFNUFFT,27,11,0.002501496
ScatterPIFNUFFT,27,12,3.660562971
ScatterPIFNUFFT,27,13,0.002505004
ScatterPIFNUFFT,27,14,3.587844763
ScatterPIFNUFFT,27,15,0.002508961
ScatterPIFNUFFT,27,16,3.592545763
ScatterPIFNUFFT,27,17,0.002515203
ScatterPIFNUFFT,27,18,3.566984515
ScatterPIFNUFFT,27,19,0.002505245
NativeNUFFT1,27,0,3.616443235
NativeNUFFT1,27,1,3.589766145
NativeNUFFT1,27,2,3.620690841
NativeNUFFT1,27,3,3.638020598
NativeNUFFT1,27,4,3.61278774
NativeNUFFT1,27,5,3.592739799
NativeNUFFT1,27,6,3.656845093
NativeNUFFT1,27,7,3.584151752
NativeNUFFT1,27,8,3.588859526
NativeNUFFT1,27,9,3.563287977
scatterTimerNUFFT1,27,0,3.381794053
scatterTimerNUFFT1,27,1,3.364252187
scatterTimerNUFFT1,27,2,3.388066101
scatterTimerNUFFT1,27,3,3.402427954
scatterTimerNUFFT1,27,4,3.371403572
scatterTimerNUFFT1,27,5,3.355385656
scatterTimerNUFFT1,27,6,3.41942376
scatterTimerNUFFT1,27,7,3.34738943
scatterTimerNUFFT1,27,8,3.363830621
scatterTimerNUFFT1,27,9,3.329170154
binSort,27,0,0.014663277
binSort,27,1,0.014690179
binSort,27,2,0.01469596
binSort,27,3,0.014710749
binSort,27,4,0.014701963
binSort,27,5,0.01470584
binSort,27,6,0.014673838
binSort,27,7,0.014676643
binSort,27,8,0.014692665
binSort,27,9,0.014737504
binComputeKeys,27,0,0.001147648
binComputeKeys,27,1,0.001145243
binComputeKeys,27,2,0.001154521
binComputeKeys,27,3,0.001152497
binComputeKeys,27,4,0.00114867
binComputeKeys,27,5,0.00114846
binComputeKeys,27,6,0.001149973
binComputeKeys,27,7,0.001150564
binComputeKeys,27,8,0.001147037
binComputeKeys,27,9,0.001151506
binSortByKey,27,0,0.013111915
binSortByKey,27,1,0.013143436
binSortByKey,27,2,0.013137234
binSortByKey,27,3,0.013155049
binSortByKey,27,4,0.013141584
binSortByKey,27,5,0.01315491
binSortByKey,27,6,0.013119159
binSortByKey,27,7,0.01312459
binSortByKey,27,8,0.013140832
binSortByKey,27,9,0.013183937
binComputeOffsets,27,0,0.000400898
binComputeOffsets,27,1,0.000398363
binComputeOffsets,27,2,0.000401189
binComputeOffsets,27,3,0.000400107
binComputeOffsets,27,4,0.000407351
binComputeOffsets,27,5,0.000399275
binComputeOffsets,27,6,0.000401419
binComputeOffsets,27,7,0.000398303
binComputeOffsets,27,8,0.000400537
binComputeOffsets,27,9,0.000398644
FFTNUFFT1,27,0,0.233852925
FFTNUFFT1,27,1,0.224708123
FFTNUFFT1,27,2,0.231822123
FFTNUFFT1,27,3,0.234790185
FFTNUFFT1,27,4,0.240583082
FFTNUFFT1,27,5,0.236551053
FFTNUFFT1,27,6,0.236620759
FFTNUFFT1,27,7,0.235963562
FFTNUFFT1,27,8,0.224224503
FFTNUFFT1,27,9,0.233315076
deconvolutionNUFFT1,27,0,0.000792599
deconvolutionNUFFT1,27,1,0.000802057
deconvolutionNUFFT1,27,2,0.000798771
deconvolutionNUFFT1,27,3,0.00079858
deconvolutionNUFFT1,27,4,0.000795785
deconvolutionNUFFT1,27,5,0.000799502
deconvolutionNUFFT1,27,6,0.000796527
deconvolutionNUFFT1,27,7,0.000795174
deconvolutionNUFFT1,27,8,0.000800183
deconvolutionNUFFT1,27,9,0.000798821
GatherPIFNUFFT,27,0,7.566858778
GatherPIFNUFFT,27,1,7.610475063
GatherPIFNUFFT,27,2,7.599038109
GatherPIFNUFFT,27,3,7.597597838
GatherPIFNUFFT,27,4,7.592442779
GatherPIFNUFFT,27,5,7.570111075
GatherPIFNUFFT,27,6,7.576923334
GatherPIFNUFFT,27,7,7.577693216
GatherPIFNUFFT,27,8,7.593930311
GatherPIFNUFFT,27,9,7.579783626
NativeNUFFT2,27,0,2.539135891
NativeNUFFT2,27,1,2.505814442
NativeNUFFT2,27,2,2.500421852
NativeNUFFT2,27,3,2.558378369
NativeNUFFT2,27,4,2.510736358
NativeNUFFT2,27,5,2.520244123
NativeNUFFT2,27,6,2.543526965
NativeNUFFT2,27,7,2.532075023
NativeNUFFT2,27,8,2.502092055
NativeNUFFT2,27,9,2.543277887
NativeNUFFT2,27,10,2.517723785
NativeNUFFT2,27,11,2.515463217
NativeNUFFT2,27,12,2.536404804
NativeNUFFT2,27,13,2.52783123
NativeNUFFT2,27,14,2.507230473
NativeNUFFT2,27,15,2.535097436
NativeNUFFT2,27,16,2.517817378
NativeNUFFT2,27,17,2.495904696
NativeNUFFT2,27,18,2.536993577
NativeNUFFT2,27,19,2.509845507
NativeNUFFT2,27,20,2.508535046
NativeNUFFT2,27,21,2.537981937
NativeNUFFT2,27,22,2.499026296
NativeNUFFT2,27,23,2.519560132
NativeNUFFT2,27,24,2.554193708
NativeNUFFT2,27,25,2.510244106
NativeNUFFT2,27,26,2.508106729
NativeNUFFT2,27,27,2.538774031
NativeNUFFT2,27,28,2.50264933
NativeNUFFT2,27,29,2.517253686
PrecorrectionNUFFT2,27,0,0.001316646
PrecorrectionNUFFT2,27,1,0.001280957
PrecorrectionNUFFT2,27,2,0.001272841
PrecorrectionNUFFT2,27,3,0.001312217
PrecorrectionNUFFT2,27,4,0.001252001
PrecorrectionNUFFT2,27,5,0.001253093
PrecorrectionNUFFT2,27,6,0.001328879
PrecorrectionNUFFT2,27,7,0.001282089
PrecorrectionNUFFT2,27,8,0.00128239
PrecorrectionNUFFT2,27,9,0.001306888
PrecorrectionNUFFT2,27,10,0.001258463
PrecorrectionNUFFT2,27,11,0.001265698
PrecorrectionNUFFT2,27,12,0.001308951
PrecorrectionNUFFT2,27,13,0.00125672
PrecorrectionNUFFT2,27,14,0.001256961
PrecorrectionNUFFT2,27,15,0.001306326
PrecorrectionNUFFT2,27,16,0.001265537
PrecorrectionNUFFT2,27,17,0.001263072
PrecorrectionNUFFT2,27,18,0.00132341
PrecorrectionNUFFT2,27,19,0.001276609
PrecorrectionNUFFT2,27,20,0.001271829
PrecorrectionNUFFT2,27,21,0.001306577
PrecorrectionNUFFT2,27,22,0.001254897
PrecorrectionNUFFT2,27,23,0.001266729
PrecorrectionNUFFT2,27,24,0.001328189
PrecorrectionNUFFT2,27,25,0.001274985
PrecorrectionNUFFT2,27,26,0.00126708
PrecorrectionNUFFT2,27,27,0.001302539
PrecorrectionNUFFT2,27,28,0.001253504
PrecorrectionNUFFT2,27,29,0.001254005
FFTNUFFT2,27,0,0.226111266
FFTNUFFT2,27,1,0.197830984
FFTNUFFT2,27,2,0.187843816
FFTNUFFT2,27,3,0.251995721
FFTNUFFT2,27,4,0.192925319
FFTNUFFT2,27,5,0.200236204
FFTNUFFT2,27,6,0.24438855
FFTNUFFT2,27,7,0.22158027
FFTNUFFT2,27,8,0.192371826
FFTNUFFT2,27,9,0.225724055
FFTNUFFT2,27,10,0.207184341
FFTNUFFT2,27,11,0.202638636
FFTNUFFT2,27,12,0.233818689
FFTNUFFT2,27,13,0.212079816
FFTNUFFT2,27,14,0.19262225
FFTNUFFT2,27,15,0.223007089
FFTNUFFT2,27,16,0.193396052
FFTNUFFT2,27,17,0.187221495
FFTNUFFT2,27,18,0.234557603
FFTNUFFT2,27,19,0.193741964
FFTNUFFT2,27,20,0.196720045
FFTNUFFT2,27,21,0.236315728
FFTNUFFT2,27,22,0.184492587
FFTNUFFT2,27,23,0.203113547
FFTNUFFT2,27,24,0.23383482
FFTNUFFT2,27,25,0.210220636
FFTNUFFT2,27,26,0.198403302
FFTNUFFT2,27,27,0.238197625
FFTNUFFT2,27,28,0.190813213
FFTNUFFT2,27,29,0.195772272
GatherNUFFT2,27,0,2.311697609
GatherNUFFT2,27,1,2.306693423
GatherNUFFT2,27,2,2.311296569
GatherNUFFT2,27,3,2.305059289
GatherNUFFT2,27,4,2.316551634
GatherNUFFT2,27,5,2.318745959
GatherNUFFT2,27,6,2.29780125
GatherNUFFT2,27,7,2.309201201
GatherNUFFT2,27,8,2.308428542
GatherNUFFT2,27,9,2.316237988
GatherNUFFT2,27,10,2.309270663
GatherNUFFT2,27,11,2.311549025
GatherNUFFT2,27,12,2.301267375
GatherNUFFT2,27,13,2.314485667
GatherNUFFT2,27,14,2.313340352
GatherNUFFT2,27,15,2.310776125
GatherNUFFT2,27,16,2.32314632
GatherNUFFT2,27,17,2.30740994
GatherNUFFT2,27,18,2.301103177
GatherNUFFT2,27,19,2.314816755
GatherNUFFT2,27,20,2.310534846
GatherNUFFT2,27,21,2.300350786
GatherNUFFT2,27,22,2.313269826
GatherNUFFT2,27,23,2.315171339
GatherNUFFT2,27,24,2.319021141
GatherNUFFT2,27,25,2.298738896
GatherNUFFT2,27,26,2.308426847
GatherNUFFT2,27,27,2.29926543
GatherNUFFT2,27,28,2.310573004
GatherNUFFT2,27,29,2.320218672
mainTimer,28,0,112.586550595
dumpData,28,0,0.28176448
dumpData,28,1,0.278066281
dumpData,28,2,0.276713775
dumpData,28,3,0.282026119
dumpData,28,4,0.281780093
dumpData,28,5,0.278150976
dumpData,28,6,0.279631279
dumpData,28,7,0.278266531
dumpData,28,8,0.278757346
dumpData,28,9,0.274549746
kick,28,0,0.001961538
kick,28,1,0.002063255
kick,28,2,0.001951659
kick,28,3,0.002045291
kick,28,4,0.001965766
kick,28,5,0.002057684
kick,28,6,0.001955527
kick,28,7,0.002032566
kick,28,8,0.001964774
kick,28,9,0.002061172
kick,28,10,0.001953833
kick,28,11,0.002051663
kick,28,12,0.00196224
kick,28,13,0.002030161
kick,28,14,0.001975174
kick,28,15,0.002055832
kick,28,16,0.001959384
kick,28,17,0.002035482
kick,28,18,0.001973442
kick,28,19,0.0020292
drift,28,0,0.001972279
drift,28,1,0.001974484
drift,28,2,0.001981046
drift,28,3,0.001966137
drift,28,4,0.001964875
drift,28,5,0.001974593
drift,28,6,0.001983952
drift,28,7,0.001973943
drift,28,8,0.001979362
drift,28,9,0.001970826
particleBC,28,0,0.005792595
particleBC,28,1,0.005807013
particleBC,28,2,0.005773699
particleBC,28,3,0.005807674
particleBC,28,4,0.005774771
particleBC,28,5,0.005790092
particleBC,28,6,0.005796984
particleBC,28,7,0.005771815
particleBC,28,8,0.005773208
particleBC,28,9,0.005827394
updateParticle,28,0,0.028601496
updateParticle,28,1,0.027762608
updateParticle,28,2,0.027499166
updateParticle,28,3,0.02881487
updateParticle,28,4,0.027309138
updateParticle,28,5,0.027511862
updateParticle,28,6,0.027575336
updateParticle,28,7,0.02755252
updateParticle,28,8,0.027680449
updateParticle,28,9,0.027507217
locateParticles,28,0,0.006634189
locateParticles,28,1,0.006647154
locateParticles,28,2,0.006687473
locateParticles,28,3,0.006686721
locateParticles,28,4,0.006679858
locateParticles,28,5,0.006683035
locateParticles,28,6,0.006693155
locateParticles,28,7,0.006681632
locateParticles,28,8,0.006703385
locateParticles,28,9,0.006888014
sendPreprocess,28,0,0.002969866
sendPreprocess,28,1,0.003017989
sendPreprocess,28,2,0.002920209
sendPreprocess,28,3,0.003073588
sendPreprocess,28,4,0.002730241
sendPreprocess,28,5,0.002911702
sendPreprocess,28,6,0.002766712
sendPreprocess,28,7,0.002861395
sendPreprocess,28,8,0.002863309
sendPreprocess,28,9,0.002534211
particleSend,28,0,0.001708477
particleSend,28,1,0.001979153
particleSend,28,2,0.001875431
particleSend,28,3,0.00176133
particleSend,28,4,0.001706674
particleSend,28,5,0.001755117
particleSend,28,6,0.001701303
particleSend,28,7,0.001697776
particleSend,28,8,0.001696523
particleSend,28,9,0.00168935
particleRecv,28,0,4.1361e-05
particleRecv,28,1,3.9367e-05
particleRecv,28,2,3.9176e-05
particleRecv,28,3,4.124e-05
particleRecv,28,4,3.9266e-05
particleRecv,28,5,3.9286e-05
particleRecv,28,6,4.4446e-05
particleRecv,28,7,3.7814e-05
particleRecv,28,8,4.0558e-05
particleRecv,28,9,3.9286e-05
particleDestroy,28,0,0.012762146
particleDestroy,28,1,0.012832072
particleDestroy,28,2,0.01274853
particleDestroy,28,3,0.012830509
particleDestroy,28,4,0.012719924
particleDestroy,28,5,0.012718642
particleDestroy,28,6,0.012800271
particleDestroy,28,7,0.012740765
particleDestroy,28,8,0.012746527
particleDestroy,28,9,0.01274181
ScatterPIFNUFFT,28,0,3.622259426
ScatterPIFNUFFT,28,1,0.002515364
ScatterPIFNUFFT,28,2,3.598389316
ScatterPIFNUFFT,28,3,0.002501156
ScatterPIFNUFFT,28,4,3.626991704
ScatterPIFNUFFT,28,5,0.002515364
ScatterPIFNUFFT,28,6,3.640569746
ScatterPIFNUFFT,28,7,0.002506075
ScatterPIFNUFFT,28,8,3.60011692
ScatterPIFNUFFT,28,9,0.002504012
ScatterPIFNUFFT,28,10,3.595384232
ScatterPIFNUFFT,28,11,0.002511656
ScatterPIFNUFFT,28,12,3.647632518
ScatterPIFNUFFT,28,13,0.002502568
ScatterPIFNUFFT,28,14,3.571766588
ScatterPIFNUFFT,28,15,0.002509813
ScatterPIFNUFFT,28,16,3.595303807
ScatterPIFNUFFT,28,17,0.002509382
ScatterPIFNUFFT,28,18,3.553540112
ScatterPIFNUFFT,28,19,0.002512499
NativeNUFFT1,28,0,3.618878993
NativeNUFFT1,28,1,3.595010667
NativeNUFFT1,28,2,3.623573669
NativeNUFFT1,28,3,3.637166209
NativeNUFFT1,28,4,3.596730947
NativeNUFFT1,28,5,3.592000683
NativeNUFFT1,28,6,3.644236364
NativeNUFFT1,28,7,3.568393339
NativeNUFFT1,28,8,3.591934966
NativeNUFFT1,28,9,3.55016123
scatterTimerNUFFT1,28,0,3.380419124
scatterTimerNUFFT1,28,1,3.363593038
scatterTimerNUFFT1,28,2,3.387625956
scatterTimerNUFFT1,28,3,3.401690754
scatterTimerNUFFT1,28,4,3.371994399
scatterTimerNUFFT1,28,5,3.35494992
scatterTimerNUFFT1,28,6,3.419821121
scatterTimerNUFFT1,28,7,3.347109516
scatterTimerNUFFT1,28,8,3.363862363
scatterTimerNUFFT1,28,9,3.328671265
binSort,28,0,0.013299058
binSort,28,1,0.01345449
binSort,28,2,0.01325325
binSort,28,3,0.013228051
binSort,28,4,0.013150952
binSort,28,5,0.013083531
binSort,28,6,0.013069574
binSort,28,7,0.013303528
binSort,28,8,0.013014346
binSort,28,9,0.013060447
binComputeKeys,28,0,0.001003558
binComputeKeys,28,1,0.001007536
binComputeKeys,28,2,0.001008508
binComputeKeys,28,3,0.0010096
binComputeKeys,28,4,0.001003387
binComputeKeys,28,5,0.001007136
binComputeKeys,28,6,0.001013888
binComputeKeys,28,7,0.001011714
binComputeKeys,28,8,0.001015351
binComputeKeys,28,9,0.00100985
binSortByKey,28,0,0.01192516
binSortByKey,28,1,0.012078077
binSortByKey,28,2,0.011873972
binSortByKey,28,3,0.011848773
binSortByKey,28,4,0.01177968
binSortByKey,28,5,0.011708241
binSortByKey,28,6,0.011685647
binSortByKey,28,7,0.011922386
binSortByKey,28,8,0.011635569
binSortByKey,28,9,0.011680449
binComputeOffsets,28,0,0.000367423
binComputeOffsets,28,1,0.000365599
binComputeOffsets,28,2,0.000367684
binComputeOffsets,28,3,0.000366061
binComputeOffsets,28,4,0.000364618
binComputeOffsets,28,5,0.000364929
binComputeOffsets,28,6,0.000366642
binComputeOffsets,28,7,0.00036599
binComputeOffsets,28,8,0.000356071
binComputeOffsets,28,9,0.000366822
FFTNUFFT1,28,0,0.237845898
FFTNUFFT1,28,1,0.23081081
FFTNUFFT1,28,2,0.235337056
FFTNUFFT1,28,3,0.234861152
FFTNUFFT1,28,4,0.224121313
FFTNUFFT1,28,5,0.236433505
FFTNUFFT1,28,6,0.223799308
FFTNUFFT1,28,7,0.220671615
FFTNUFFT1,28,8,0.22746822
FFTNUFFT1,28,9,0.220875522
deconvolutionNUFFT1,28,0,0.000609714
deconvolutionNUFFT1,28,1,0.000603111
deconvolutionNUFFT1,28,2,0.000606487
deconvolutionNUFFT1,28,3,0.000610124
deconvolutionNUFFT1,28,4,0.000611136
deconvolutionNUFFT1,28,5,0.000613501
deconvolutionNUFFT1,28,6,0.000612369
deconvolutionNUFFT1,28,7,0.000608331
deconvolutionNUFFT1,28,8,0.000599113
deconvolutionNUFFT1,28,9,0.000610205
GatherPIFNUFFT,28,0,7.304085617
GatherPIFNUFFT,28,1,7.340173587
GatherPIFNUFFT,28,2,7.336112382
GatherPIFNUFFT,28,3,7.332329402
GatherPIFNUFFT,28,4,7.348947204
GatherPIFNUFFT,28,5,7.31275528
GatherPIFNUFFT,28,6,7.326449132
GatherPIFNUFFT,28,7,7.329920636
GatherPIFNUFFT,28,8,7.333235696
GatherPIFNUFFT,28,9,7.331862983
NativeNUFFT2,28,0,2.27077908
NativeNUFFT2,28,1,2.507885232
NativeNUFFT2,28,2,2.505778431
NativeNUFFT2,28,3,2.292950552
NativeNUFFT2,28,4,2.508568824
NativeNUFFT2,28,5,2.519048118
NativeNUFFT2,28,6,2.281723637
NativeNUFFT2,28,7,2.523878721
NativeNUFFT2,28,8,2.510994958
NativeNUFFT2,28,9,2.286278014
NativeNUFFT2,28,10,2.514958587
NativeNUFFT2,28,11,2.511682888
NativeNUFFT2,28,12,2.294675777
NativeNUFFT2,28,13,2.523801085
NativeNUFFT2,28,14,2.511021032
NativeNUFFT2,28,15,2.276763893
NativeNUFFT2,28,16,2.50983985
NativeNUFFT2,28,17,2.506708842
NativeNUFFT2,28,18,2.289342744
NativeNUFFT2,28,19,2.511445185
NativeNUFFT2,28,20,2.50613288
NativeNUFFT2,28,21,2.291010692
NativeNUFFT2,28,22,2.500946473
NativeNUFFT2,28,23,2.518476758
NativeNUFFT2,28,24,2.291768833
NativeNUFFT2,28,25,2.509967578
NativeNUFFT2,28,26,2.511874345
NativeNUFFT2,28,27,2.291574627
NativeNUFFT2,28,28,2.503670464
NativeNUFFT2,28,29,2.517121369
PrecorrectionNUFFT2,28,0,0.001120324
PrecorrectionNUFFT2,28,1,0.001100116
PrecorrectionNUFFT2,28,2,0.001083233
PrecorrectionNUFFT2,28,3,0.00113346
PrecorrectionNUFFT2,28,4,0.001087992
PrecorrectionNUFFT2,28,5,0.001092701
PrecorrectionNUFFT2,28,6,0.001088643
PrecorrectionNUFFT2,28,7,0.001062943
PrecorrectionNUFFT2,28,8,0.001062633
PrecorrectionNUFFT2,28,9,0.001098402
PrecorrectionNUFFT2,28,10,0.001062412
PrecorrectionNUFFT2,28,11,0.001056672
PrecorrectionNUFFT2,28,12,0.001096278
PrecorrectionNUFFT2,28,13,0.001059597
PrecorrectionNUFFT2,28,14,0.001054607
PrecorrectionNUFFT2,28,15,0.001085777
PrecorrectionNUFFT2,28,16,0.001054006
PrecorrectionNUFFT2,28,17,0.0010606
PrecorrectionNUFFT2,28,18,0.001080878
PrecorrectionNUFFT2,28,19,0.001051943
PrecorrectionNUFFT2,28,20,0.001059728
PrecorrectionNUFFT2,28,21,0.001082832
PrecorrectionNUFFT2,28,22,0.001059617
PrecorrectionNUFFT2,28,23,0.001062733
PrecorrectionNUFFT2,28,24,0.001120565
PrecorrectionNUFFT2,28,25,0.001089916
PrecorrectionNUFFT2,28,26,0.001092571
PrecorrectionNUFFT2,28,27,0.001088263
PrecorrectionNUFFT2,28,28,0.001051201
PrecorrectionNUFFT2,28,29,0.00105066
FFTNUFFT2,28,0,0.222580091
FFTNUFFT2,28,1,0.455551115
FFTNUFFT2,28,2,0.468062544
FFTNUFFT2,28,3,0.226608664
FFTNUFFT2,28,4,0.468571503
FFTNUFFT2,28,5,0.453456516
FFTNUFFT2,28,6,0.234914196
FFTNUFFT2,28,7,0.482634584
FFTNUFFT2,28,8,0.473580887
FFTNUFFT2,28,9,0.243996299
FFTNUFFT2,28,10,0.4687562
FFTNUFFT2,28,11,0.457659587
FFTNUFFT2,28,12,0.245896006
FFTNUFFT2,28,13,0.455229049
FFTNUFFT2,28,14,0.472671612
FFTNUFFT2,28,15,0.239666693
FFTNUFFT2,28,16,0.467510702
FFTNUFFT2,28,17,0.452788701
FFTNUFFT2,28,18,0.24964282
FFTNUFFT2,28,19,0.470220503
FFTNUFFT2,28,20,0.470416701
FFTNUFFT2,28,21,0.248030459
FFTNUFFT2,28,22,0.463999035
FFTNUFFT2,28,23,0.479930715
FFTNUFFT2,28,24,0.249526956
FFTNUFFT2,28,25,0.476371104
FFTNUFFT2,28,26,0.473040879
FFTNUFFT2,28,27,0.245705192
FFTNUFFT2,28,28,0.463696033
FFTNUFFT2,28,29,0.475017826
GatherNUFFT2,28,0,2.047068624
GatherNUFFT2,28,1,2.051224893
GatherNUFFT2,28,2,2.036623537
GatherNUFFT2,28,3,2.065197596
GatherNUFFT2,28,4,2.038900271
GatherNUFFT2,28,5,2.064489944
GatherNUFFT2,28,6,2.045710948
GatherNUFFT2,28,7,2.040169531
GatherNUFFT2,28,8,2.036343493
GatherNUFFT2,28,9,2.041173303
GatherNUFFT2,28,10,2.045130126
GatherNUFFT2,28,11,2.052957202
GatherNUFFT2,28,12,2.047673423
GatherNUFFT2,28,13,2.067503633
GatherNUFFT2,28,14,2.03728343
GatherNUFFT2,28,15,2.036001183
GatherNUFFT2,28,16,2.041264832
GatherNUFFT2,28,17,2.05284821
GatherNUFFT2,28,18,2.038609757
GatherNUFFT2,28,19,2.04016254
GatherNUFFT2,28,20,2.034647535
GatherNUFFT2,28,21,2.041885858
GatherNUFFT2,28,22,2.035877432
GatherNUFFT2,28,23,2.037474042
GatherNUFFT2,28,24,2.041111002
GatherNUFFT2,28,25,2.032496639
GatherNUFFT2,28,26,2.037730536
GatherNUFFT2,28,27,2.044770522
GatherNUFFT2,28,28,2.038912238
GatherNUFFT2,28,29,2.041043575
mainTimer,29,0,112.586550795
dumpData,29,0,0.179876648
dumpData,29,1,0.168196232
dumpData,29,2,0.178784327
dumpData,29,3,0.162138538
dumpData,29,4,0.165161056
dumpData,29,5,0.164827318
dumpData,29,6,0.161857393
dumpData,29,7,0.176348826
dumpData,29,8,0.179393681
dumpData,29,9,0.158996167
kick,29,0,0.002089236
kick,29,1,0.002181385
kick,29,2,0.002102642
kick,29,3,0.002176015
kick,29,4,0.002093283
kick,29,5,0.002164492
kick,29,6,0.002119605
kick,29,7,0.002177768
kick,29,8,0.002079748
kick,29,9,0.002209059
kick,29,10,0.002091219
kick,29,11,0.002182687
kick,29,12,0.002098414
kick,29,13,0.002179391
kick,29,14,0.002092533
kick,29,15,0.002182047
kick,29,16,0.002106088
kick,29,17,0.002190593
kick,29,18,0.002112141
kick,29,19,0.00217352
drift,29,0,0.002078876
drift,29,1,0.002082123
drift,29,2,0.002083254
drift,29,3,0.0020809
drift,29,4,0.002100999
drift,29,5,0.002093494
drift,29,6,0.002077222
drift,29,7,0.002093464
drift,29,8,0.002089446
drift,29,9,0.00209099
particleBC,29,0,0.006203312
particleBC,29,1,0.006178615
particleBC,29,2,0.006132255
particleBC,29,3,0.006161642
particleBC,29,4,0.006323547
particleBC,29,5,0.006135512
particleBC,29,6,0.006162995
particleBC,29,7,0.006190718
particleBC,29,8,0.006207762
particleBC,29,9,0.006202072
updateParticle,29,0,0.02669751
updateParticle,29,1,0.027144237
updateParticle,29,2,0.026966853
updateParticle,29,3,0.027888862
updateParticle,29,4,0.027041699
updateParticle,29,5,0.026852592
updateParticle,29,6,0.027181771
updateParticle,29,7,0.026670127
updateParticle,29,8,0.026992864
updateParticle,29,9,0.026650564
locateParticles,29,0,0.007238974
locateParticles,29,1,0.007250937
locateParticles,29,2,0.007254123
locateParticles,29,3,0.007226189
locateParticles,29,4,0.007279623
locateParticles,29,5,0.007194657
locateParticles,29,6,0.007219396
locateParticles,29,7,0.007295444
locateParticles,29,8,0.007220499
locateParticles,29,9,0.007254445
sendPreprocess,29,0,0.001720691
sendPreprocess,29,1,0.001784695
sendPreprocess,29,2,0.001765266
sendPreprocess,29,3,0.001904166
sendPreprocess,29,4,0.001332116
sendPreprocess,29,5,0.001800335
sendPreprocess,29,6,0.001646507
sendPreprocess,29,7,0.001591259
sendPreprocess,29,8,0.001655133
sendPreprocess,29,9,0.001535361
particleSend,29,0,0.00164813
particleSend,29,1,0.002791369
particleSend,29,2,0.00192151
particleSend,29,3,0.001669351
particleSend,29,4,0.001653881
particleSend,29,5,0.001657969
particleSend,29,6,0.001666806
particleSend,29,7,0.001650504
particleSend,29,8,0.001711763
particleSend,29,9,0.001718296
particleRecv,29,0,3.5849e-05
particleRecv,29,1,3.6952e-05
particleRecv,29,2,4.0819e-05
particleRecv,29,3,4.2633e-05
particleRecv,29,4,3.8044e-05
particleRecv,29,5,4.116e-05
particleRecv,29,6,3.8756e-05
particleRecv,29,7,3.8965e-05
particleRecv,29,8,3.9276e-05
particleRecv,29,9,3.7573e-05
particleDestroy,29,0,0.013911347
particleDestroy,29,1,0.013906227
particleDestroy,29,2,0.013900226
particleDestroy,29,3,0.013904414
particleDestroy,29,4,0.013897651
particleDestroy,29,5,0.013891429
particleDestroy,29,6,0.01390176
particleDestroy,29,7,0.013874726
particleDestroy,29,8,0.013964361
particleDestroy,29,9,0.013811226
ScatterPIFNUFFT,29,0,3.611770294
ScatterPIFNUFFT,29,1,0.00250355
ScatterPIFNUFFT,29,2,3.60023024
ScatterPIFNUFFT,29,3,0.002501206
ScatterPIFNUFFT,29,4,3.627182033
ScatterPIFNUFFT,29,5,0.002512818
ScatterPIFNUFFT,29,6,3.630694154
ScatterPIFNUFFT,29,7,0.002503621
ScatterPIFNUFFT,29,8,3.609602856
ScatterPIFNUFFT,29,9,0.002502338
ScatterPIFNUFFT,29,10,3.58371107
ScatterPIFNUFFT,29,11,0.002502108
ScatterPIFNUFFT,29,12,3.660833887
ScatterPIFNUFFT,29,13,0.002508601
ScatterPIFNUFFT,29,14,3.581784768
ScatterPIFNUFFT,29,15,0.002504912
ScatterPIFNUFFT,29,16,3.608144696
ScatterPIFNUFFT,29,17,0.002495775
ScatterPIFNUFFT,29,18,3.563823838
ScatterPIFNUFFT,29,19,0.002504252
NativeNUFFT1,29,0,3.608232364
NativeNUFFT1,29,1,3.59666616
NativeNUFFT1,29,2,3.623653854
NativeNUFFT1,29,3,3.627154592
NativeNUFFT1,29,4,3.60608701
NativeNUFFT1,29,5,3.58016726
NativeNUFFT1,29,6,3.657294957
NativeNUFFT1,29,7,3.578244145
NativeNUFFT1,29,8,3.604625965
NativeNUFFT1,29,9,3.560248346
scatterTimerNUFFT1,29,0,3.381136808
scatterTimerNUFFT1,29,1,3.363720325
scatterTimerNUFFT1,29,2,3.387007105
scatterTimerNUFFT1,29,3,3.40126669
scatterTimerNUFFT1,29,4,3.370924272
scatterTimerNUFFT1,29,5,3.355324176
scatterTimerNUFFT1,29,6,3.419096013
scatterTimerNUFFT1,29,7,3.346801247
scatterTimerNUFFT1,29,8,3.363337564
scatterTimerNUFFT1,29,9,3.328304493
binSort,29,0,0.013793137
binSort,29,1,0.013762498
binSort,29,2,0.013788599
binSort,29,3,0.013819299
binSort,29,4,0.013773962
binSort,29,5,0.013779441
binSort,29,6,0.013805392
binSort,29,7,0.01376294
binSort,29,8,0.013768631
binSort,29,9,0.013735609
binComputeKeys,29,0,0.001069737
binComputeKeys,29,1,0.001071811
binComputeKeys,29,2,0.001073093
binComputeKeys,29,3,0.001069236
binComputeKeys,29,4,0.0010663
binComputeKeys,29,5,0.001069215
binComputeKeys,29,6,0.00107159
binComputeKeys,29,7,0.001071581
binComputeKeys,29,8,0.00107151
binComputeKeys,29,9,0.001069657
binSortByKey,29,0,0.012341699
binSortByKey,29,1,0.012308765
binSortByKey,29,2,0.012333825
binSortByKey,29,3,0.012367561
binSortByKey,29,4,0.012326221
binSortByKey,29,5,0.012327683
binSortByKey,29,6,0.012353052
binSortByKey,29,7,0.012309678
binSortByKey,29,8,0.012314407
binSortByKey,29,9,0.012285423
binComputeOffsets,29,0,0.000378695
binComputeOffsets,29,1,0.000378746
binComputeOffsets,29,2,0.000378455
binComputeOffsets,29,3,0.000379257
binComputeOffsets,29,4,0.000377984
binComputeOffsets,29,5,0.000379337
binComputeOffsets,29,6,0.000377653
binComputeOffsets,29,7,0.000378414
binComputeOffsets,29,8,0.000378725
binComputeOffsets,29,9,0.000377333
FFTNUFFT1,29,0,0.226480824
FFTNUFFT1,29,1,0.232329058
FFTNUFFT1,29,2,0.236032576
FFTNUFFT1,29,3,0.225269872
FFTNUFFT1,29,4,0.234552143
FFTNUFFT1,29,5,0.224216687
FFTNUFFT1,29,6,0.237593468
FFTNUFFT1,29,7,0.230828253
FFTNUFFT1,29,8,0.240672334
FFTNUFFT1,29,9,0.23132951
deconvolutionNUFFT1,29,0,0.000611307
deconvolutionNUFFT1,29,1,0.000612729
deconvolutionNUFFT1,29,2,0.000610626
deconvolutionNUFFT1,29,3,0.000614273
deconvolutionNUFFT1,29,4,0.000606808
deconvolutionNUFFT1,29,5,0.000623029
deconvolutionNUFFT1,29,6,0.000602149
deconvolutionNUFFT1,29,7,0.000611317
deconvolutionNUFFT1,29,8,0.000611928
deconvolutionNUFFT1,29,9,0.000610746
GatherPIFNUFFT,29,0,7.417631944
GatherPIFNUFFT,29,1,7.448055136
GatherPIFNUFFT,29,2,7.433731767
GatherPIFNUFFT,29,3,7.462263657
GatherPIFNUFFT,29,4,7.45543008
GatherPIFNUFFT,29,5,7.437704199
GatherPIFNUFFT,29,6,7.430693812
GatherPIFNUFFT,29,7,7.42194807
GatherPIFNUFFT,29,8,7.419622056
GatherPIFNUFFT,29,9,7.437241617
NativeNUFFT2,29,0,2.402488878
NativeNUFFT2,29,1,2.510002192
NativeNUFFT2,29,2,2.484878015
NativeNUFFT2,29,3,2.389118911
NativeNUFFT2,29,4,2.529087436
NativeNUFFT2,29,5,2.509575921
NativeNUFFT2,29,6,2.397448562
NativeNUFFT2,29,7,2.510569252
NativeNUFFT2,29,8,2.505534508
NativeNUFFT2,29,9,2.404989333
NativeNUFFT2,29,10,2.527499504
NativeNUFFT2,29,11,2.509573552
NativeNUFFT2,29,12,2.400769971
NativeNUFFT2,29,13,2.523146614
NativeNUFFT2,29,14,2.511237603
NativeNUFFT2,29,15,2.393883511
NativeNUFFT2,29,16,2.52733196
NativeNUFFT2,29,17,2.496244296
NativeNUFFT2,29,18,2.385145627
NativeNUFFT2,29,19,2.518372644
NativeNUFFT2,29,20,2.506711743
NativeNUFFT2,29,21,2.393548651
NativeNUFFT2,29,22,2.50663126
NativeNUFFT2,29,23,2.501326392
NativeNUFFT2,29,24,2.373645428
NativeNUFFT2,29,25,2.535745694
NativeNUFFT2,29,26,2.489847871
NativeNUFFT2,29,27,2.397026252
NativeNUFFT2,29,28,2.505617413
NativeNUFFT2,29,29,2.514148496
PrecorrectionNUFFT2,29,0,0.001263253
PrecorrectionNUFFT2,29,1,0.001049948
PrecorrectionNUFFT2,29,2,0.001064667
PrecorrectionNUFFT2,29,3,0.001099685
PrecorrectionNUFFT2,29,4,0.001050219
PrecorrectionNUFFT2,29,5,0.001049878
PrecorrectionNUFFT2,29,6,0.001091279
PrecorrectionNUFFT2,29,7,0.001055128
PrecorrectionNUFFT2,29,8,0.00106585
PrecorrectionNUFFT2,29,9,0.001092501
PrecorrectionNUFFT2,29,10,0.001054928
PrecorrectionNUFFT2,29,11,0.001056721
PrecorrectionNUFFT2,29,12,0.001083794
PrecorrectionNUFFT2,29,13,0.001058595
PrecorrectionNUFFT2,29,14,0.001062723
PrecorrectionNUFFT2,29,15,0.00109728
PrecorrectionNUFFT2,29,16,0.001051551
PrecorrectionNUFFT2,29,17,0.001052373
PrecorrectionNUFFT2,29,18,0.001119212
PrecorrectionNUFFT2,29,19,0.00108206
PrecorrectionNUFFT2,29,20,0.001107901
PrecorrectionNUFFT2,29,21,0.00114871
PrecorrectionNUFFT2,29,22,0.001095517
PrecorrectionNUFFT2,29,23,0.001080898
PrecorrectionNUFFT2,29,24,0.001123451
PrecorrectionNUFFT2,29,25,0.001103733
PrecorrectionNUFFT2,29,26,0.001095707
PrecorrectionNUFFT2,29,27,0.001145855
PrecorrectionNUFFT2,29,28,0.001094676
PrecorrectionNUFFT2,29,29,0.001090277
FFTNUFFT2,29,0,0.247302807
FFTNUFFT2,29,1,0.345309865
FFTNUFFT2,29,2,0.332895485
FFTNUFFT2,29,3,0.237165841
FFTNUFFT2,29,4,0.358152939
FFTNUFFT2,29,5,0.34486455
FFTNUFFT2,29,6,0.228033247
FFTNUFFT2,29,7,0.378319369
FFTNUFFT2,29,8,0.358729748
FFTNUFFT2,29,9,0.240480192
FFTNUFFT2,29,10,0.371171227
FFTNUFFT2,29,11,0.343666629
FFTNUFFT2,29,12,0.235996528
FFTNUFFT2,29,13,0.348914858
FFTNUFFT2,29,14,0.344126462
FFTNUFFT2,29,15,0.23966512
FFTNUFFT2,29,16,0.373614641
FFTNUFFT2,29,17,0.340946649
FFTNUFFT2,29,18,0.22270354
FFTNUFFT2,29,19,0.349763386
FFTNUFFT2,29,20,0.355723134
FFTNUFFT2,29,21,0.240156433
FFTNUFFT2,29,22,0.341131217
FFTNUFFT2,29,23,0.348938583
FFTNUFFT2,29,24,0.223402817
FFTNUFFT2,29,25,0.383611839
FFTNUFFT2,29,26,0.338927809
FFTNUFFT2,29,27,0.222487342
FFTNUFFT2,29,28,0.336167023
FFTNUFFT2,29,29,0.349178546
GatherNUFFT2,29,0,2.15391355
GatherNUFFT2,29,1,2.163634292
GatherNUFFT2,29,2,2.150906793
GatherNUFFT2,29,3,2.150844308
GatherNUFFT2,29,4,2.169875992
GatherNUFFT2,29,5,2.163652996
GatherNUFFT2,29,6,2.16831545
GatherNUFFT2,29,7,2.131185307
GatherNUFFT2,29,8,2.145730344
GatherNUFFT2,29,9,2.163407632
GatherNUFFT2,29,10,2.15526357
GatherNUFFT2,29,11,2.164841375
GatherNUFFT2,29,12,2.16367982
GatherNUFFT2,29,13,2.173164334
GatherNUFFT2,29,14,2.166038738
GatherNUFFT2,29,15,2.153112615
GatherNUFFT2,29,16,2.152656399
GatherNUFFT2,29,17,2.154235665
GatherNUFFT2,29,18,2.161314347
GatherNUFFT2,29,19,2.167517809
GatherNUFFT2,29,20,2.149872382
GatherNUFFT2,29,21,2.152232757
GatherNUFFT2,29,22,2.164395219
GatherNUFFT2,29,23,2.151298825
GatherNUFFT2,29,24,2.149110934
GatherNUFFT2,29,25,2.151020813
GatherNUFFT2,29,26,2.149814405
GatherNUFFT2,29,27,2.173383527
GatherNUFFT2,29,28,2.168345856
GatherNUFFT2,29,29,2.163870215
mainTimer,30,0,112.586550284
dumpData,30,0,0.153847485
dumpData,30,1,0.146515141
dumpData,30,2,0.149175165
dumpData,30,3,0.153067988
dumpData,30,4,0.15485622
dumpData,30,5,0.153169946
dumpData,30,6,0.152741746
dumpData,30,7,0.149804032
dumpData,30,8,0.152051854
dumpData,30,9,0.152276841
kick,30,0,0.002072322
kick,30,1,0.002162919
kick,30,2,0.00208638
kick,30,3,0.002154724
kick,30,4,0.002096931
kick,30,5,0.002175003
kick,30,6,0.002069107
kick,30,7,0.002173159
kick,30,8,0.002082864
kick,30,9,0.002170785
kick,30,10,0.002080409
kick,30,11,0.002170864
kick,30,12,0.002064137
kick,30,13,0.002179812
kick,30,14,0.002073796
kick,30,15,0.002170473
kick,30,16,0.002084667
kick,30,17,0.002172818
kick,30,18,0.002073947
kick,30,19,0.002182848
drift,30,0,0.002105247
drift,30,1,0.002085398
drift,30,2,0.002097302
drift,30,3,0.00208643
drift,30,4,0.002089948
drift,30,5,0.00209628
drift,30,6,0.002104636
drift,30,7,0.002096911
drift,30,8,0.002111078
drift,30,9,0.002114816
particleBC,30,0,0.0061501
particleBC,30,1,0.006164498
particleBC,30,2,0.006158617
particleBC,30,3,0.006153486
particleBC,30,4,0.006139811
particleBC,30,5,0.00617552
particleBC,30,6,0.006150219
particleBC,30,7,0.00619155
particleBC,30,8,0.006178545
particleBC,30,9,0.006186512
updateParticle,30,0,0.027591074
updateParticle,30,1,0.027163484
updateParticle,30,2,0.026865175
updateParticle,30,3,0.028385957
updateParticle,30,4,0.027373162
updateParticle,30,5,0.027075755
updateParticle,30,6,0.027407309
updateParticle,30,7,0.027105102
updateParticle,30,8,0.027385977
updateParticle,30,9,0.026994252
locateParticles,30,0,0.007385619
locateParticles,30,1,0.007346071
locateParticles,30,2,0.007388123
locateParticles,30,3,0.007312426
locateParticles,30,4,0.007318077
locateParticles,30,5,0.007333076
locateParticles,30,6,0.007312127
locateParticles,30,7,0.007322577
locateParticles,30,8,0.007355771
locateParticles,30,9,0.007330944
sendPreprocess,30,0,0.001614885
sendPreprocess,30,1,0.001716402
sendPreprocess,30,2,0.001585649
sendPreprocess,30,3,0.001867205
sendPreprocess,30,4,0.001483149
sendPreprocess,30,5,0.001626107
sendPreprocess,30,6,0.001571772
sendPreprocess,30,7,0.001575849
sendPreprocess,30,8,0.001547794
sendPreprocess,30,9,0.001487067
particleSend,30,0,0.001801076
particleSend,30,1,0.001801357
particleSend,30,2,0.001794324
particleSend,30,3,0.001920989
particleSend,30,4,0.001794574
particleSend,30,5,0.001805315
particleSend,30,6,0.001801508
particleSend,30,7,0.002837198
particleSend,30,8,0.001801828
particleSend,30,9,0.001791529
particleRecv,30,0,3.7232e-05
particleRecv,30,1,3.8585e-05
particleRecv,30,2,5.4666e-05
particleRecv,30,3,4.3324e-05
particleRecv,30,4,4.2022e-05
particleRecv,30,5,4.2453e-05
particleRecv,30,6,3.6892e-05
particleRecv,30,7,3.7684e-05
particleRecv,30,8,0.000260796
particleRecv,30,9,4.1551e-05
particleDestroy,30,0,0.014020638
particleDestroy,30,1,0.014068842
particleDestroy,30,2,0.014033174
particleDestroy,30,3,0.014060136
particleDestroy,30,4,0.014028205
particleDestroy,30,5,0.013982987
particleDestroy,30,6,0.0140721
particleDestroy,30,7,0.01399539
particleDestroy,30,8,0.014137406
particleDestroy,30,9,0.014000373
ScatterPIFNUFFT,30,0,3.623887437
ScatterPIFNUFFT,30,1,0.002509913
ScatterPIFNUFFT,30,2,3.599604775
ScatterPIFNUFFT,30,3,0.002501416
ScatterPIFNUFFT,30,4,3.615601402
ScatterPIFNUFFT,30,5,0.00250892
ScatterPIFNUFFT,30,6,3.641728778
ScatterPIFNUFFT,30,7,0.002509612
ScatterPIFNUFFT,30,8,3.600711154
ScatterPIFNUFFT,30,9,0.002510634
ScatterPIFNUFFT,30,10,3.596441565
ScatterPIFNUFFT,30,11,0.002522337
ScatterPIFNUFFT,30,12,3.648573645
ScatterPIFNUFFT,30,13,0.002503821
ScatterPIFNUFFT,30,14,3.572147347
ScatterPIFNUFFT,30,15,0.002514131
ScatterPIFNUFFT,30,16,3.594660628
ScatterPIFNUFFT,30,17,0.002520012
ScatterPIFNUFFT,30,18,3.554810529
ScatterPIFNUFFT,30,19,0.002498661
NativeNUFFT1,30,0,3.620330331
NativeNUFFT1,30,1,3.596047449
NativeNUFFT1,30,2,3.612034547
NativeNUFFT1,30,3,3.638190147
NativeNUFFT1,30,4,3.5971604
NativeNUFFT1,30,5,3.592894699
NativeNUFFT1,30,6,3.644997753
NativeNUFFT1,30,7,3.568622063
NativeNUFFT1,30,8,3.591126637
NativeNUFFT1,30,9,3.551251448
scatterTimerNUFFT1,30,0,3.380472428
scatterTimerNUFFT1,30,1,3.363049312
scatterTimerNUFFT1,30,2,3.387541823
scatterTimerNUFFT1,30,3,3.401081991
scatterTimerNUFFT1,30,4,3.371313788
scatterTimerNUFFT1,30,5,3.354342961
scatterTimerNUFFT1,30,6,3.419083258
scatterTimerNUFFT1,30,7,3.346594486
scatterTimerNUFFT1,30,8,3.363080164
scatterTimerNUFFT1,30,9,3.328692176
binSort,30,0,0.013855408
binSort,30,1,0.013825089
binSort,30,2,0.013845579
binSort,30,3,0.013835039
binSort,30,4,0.013847464
binSort,30,5,0.013816032
binSort,30,6,0.013842244
binSort,30,7,0.013831843
binSort,30,8,0.013858926
binSort,30,9,0.013851634
binComputeKeys,30,0,0.001073654
binComputeKeys,30,1,0.001074646
binComputeKeys,30,2,0.001073745
binComputeKeys,30,3,0.001072662
binComputeKeys,30,4,0.001068474
binComputeKeys,30,5,0.001070759
binComputeKeys,30,6,0.001074276
binComputeKeys,30,7,0.001070448
binComputeKeys,30,8,0.0010664
binComputeKeys,30,9,0.001069937
binSortByKey,30,0,0.012396245
binSortByKey,30,1,0.012366677
binSortByKey,30,2,0.012388791
binSortByKey,30,3,0.012375375
binSortByKey,30,4,0.012393552
binSortByKey,30,5,0.01236251
binSortByKey,30,6,0.012383411
binSortByKey,30,7,0.012374734
binSortByKey,30,8,0.012406035
binSortByKey,30,9,0.012396398
binComputeOffsets,30,0,0.000382443
binComputeOffsets,30,1,0.000379958
binComputeOffsets,30,2,0.000379627
binComputeOffsets,30,3,0.000383765
binComputeOffsets,30,4,0.000381961
binComputeOffsets,30,5,0.000379417
binComputeOffsets,30,6,0.00038117
binComputeOffsets,30,7,0.000382843
binComputeOffsets,30,8,0.000382462
binComputeOffsets,30,9,0.000382062
FFTNUFFT1,30,0,0.239250635
FFTNUFFT1,30,1,0.23238717
FFTNUFFT1,30,2,0.223881547
FFTNUFFT1,30,3,0.236504564
FFTNUFFT1,30,4,0.225235135
FFTNUFFT1,30,5,0.237943286
FFTNUFFT1,30,6,0.225300262
FFTNUFFT1,30,7,0.221422352
FFTNUFFT1,30,8,0.22743243
FFTNUFFT1,30,9,0.221955629
deconvolutionNUFFT1,30,0,0.000602419
deconvolutionNUFFT1,30,1,0.000606457
deconvolutionNUFFT1,30,2,0.000607429
deconvolutionNUFFT1,30,3,0.000598221
deconvolutionNUFFT1,30,4,0.000607329
deconvolutionNUFFT1,30,5,0.000604053
deconvolutionNUFFT1,30,6,0.000608792
deconvolutionNUFFT1,30,7,0.000600847
deconvolutionNUFFT1,30,8,0.000608762
deconvolutionNUFFT1,30,9,0.000599544
GatherPIFNUFFT,30,0,7.430666398
GatherPIFNUFFT,30,1,7.470367452
GatherPIFNUFFT,30,2,7.474932845
GatherPIFNUFFT,30,3,7.459840684
GatherPIFNUFFT,30,4,7.474270768
GatherPIFNUFFT,30,5,7.436272358
GatherPIFNUFFT,30,6,7.451824225
GatherPIFNUFFT,30,7,7.457695721
GatherPIFNUFFT,30,8,7.460036523
GatherPIFNUFFT,30,9,7.452600317
NativeNUFFT2,30,0,2.396376623
NativeNUFFT2,30,1,2.510922428
NativeNUFFT2,30,2,2.503168294
NativeNUFFT2,30,3,2.42201787
NativeNUFFT2,30,4,2.504021436
NativeNUFFT2,30,5,2.524039541
NativeNUFFT2,30,6,2.420397605
NativeNUFFT2,30,7,2.527406159
NativeNUFFT2,30,8,2.506849351
NativeNUFFT2,30,9,2.408083338
NativeNUFFT2,30,10,2.515311834
NativeNUFFT2,30,11,2.516189757
NativeNUFFT2,30,12,2.417620674
NativeNUFFT2,30,13,2.524189489
NativeNUFFT2,30,14,2.512262713
NativeNUFFT2,30,15,2.399226403
NativeNUFFT2,30,16,2.515477976
NativeNUFFT2,30,17,2.501296033
NativeNUFFT2,30,18,2.415178734
NativeNUFFT2,30,19,2.510341862
NativeNUFFT2,30,20,2.506030911
NativeNUFFT2,30,21,2.41798387
NativeNUFFT2,30,22,2.498852739
NativeNUFFT2,30,23,2.52059902
NativeNUFFT2,30,24,2.412502797
NativeNUFFT2,30,25,2.519386004
NativeNUFFT2,30,26,2.507888931
NativeNUFFT2,30,27,2.416846646
NativeNUFFT2,30,28,2.502460324
NativeNUFFT2,30,29,2.512941964
PrecorrectionNUFFT2,30,0,0.001082292
PrecorrectionNUFFT2,30,1,0.001052353
PrecorrectionNUFFT2,30,2,0.001045691
PrecorrectionNUFFT2,30,3,0.001090006
PrecorrectionNUFFT2,30,4,0.001069957
PrecorrectionNUFFT2,30,5,0.001048365
PrecorrectionNUFFT2,30,6,0.001086219
PrecorrectionNUFFT2,30,7,0.00105606
PrecorrectionNUFFT2,30,8,0.00106122
PrecorrectionNUFFT2,30,9,0.00108683
PrecorrectionNUFFT2,30,10,0.001065188
PrecorrectionNUFFT2,30,11,0.001048195
PrecorrectionNUFFT2,30,12,0.001081359
PrecorrectionNUFFT2,30,13,0.001049237
PrecorrectionNUFFT2,30,14,0.001048816
PrecorrectionNUFFT2,30,15,0.001085778
PrecorrectionNUFFT2,30,16,0.001056672
PrecorrectionNUFFT2,30,17,0.001060318
PrecorrectionNUFFT2,30,18,0.001085978
PrecorrectionNUFFT2,30,19,0.001062753
PrecorrectionNUFFT2,30,20,0.001046531
PrecorrectionNUFFT2,30,21,0.00108212
PrecorrectionNUFFT2,30,22,0.001062513
PrecorrectionNUFFT2,30,23,0.001060028
PrecorrectionNUFFT2,30,24,0.001086429
PrecorrectionNUFFT2,30,25,0.001056762
PrecorrectionNUFFT2,30,26,0.001057002
PrecorrectionNUFFT2,30,27,0.001096088
PrecorrectionNUFFT2,30,28,0.001053295
PrecorrectionNUFFT2,30,29,0.001052534
FFTNUFFT2,30,0,0.22224461
FFTNUFFT2,30,1,0.328764195
FFTNUFFT2,30,2,0.338913517
FFTNUFFT2,30,3,0.223918431
FFTNUFFT2,30,4,0.339905174
FFTNUFFT2,30,5,0.328067331
FFTNUFFT2,30,6,0.247116075
FFTNUFFT2,30,7,0.356260134
FFTNUFFT2,30,8,0.34358188
FFTNUFFT2,30,9,0.243583968
FFTNUFFT2,30,10,0.346568573
FFTNUFFT2,30,11,0.333326856
FFTNUFFT2,30,12,0.23285655
FFTNUFFT2,30,13,0.33143361
FFTNUFFT2,30,14,0.348130566
FFTNUFFT2,30,15,0.239484378
FFTNUFFT2,30,16,0.344606244
FFTNUFFT2,30,17,0.33568261
FFTNUFFT2,30,18,0.249417833
FFTNUFFT2,30,19,0.345356129
FFTNUFFT2,30,20,0.335835704
FFTNUFFT2,30,21,0.245209012
FFTNUFFT2,30,22,0.336843323
FFTNUFFT2,30,23,0.354814291
FFTNUFFT2,30,24,0.250527007
FFTNUFFT2,30,25,0.347871523
FFTNUFFT2,30,26,0.343740473
FFTNUFFT2,30,27,0.246562817
FFTNUFFT2,30,28,0.33790109
FFTNUFFT2,30,29,0.35058655
GatherNUFFT2,30,0,2.173037638
GatherNUFFT2,30,1,2.181093978
GatherNUFFT2,30,2,2.163196952
GatherNUFFT2,30,3,2.1969981
GatherNUFFT2,30,4,2.163034971
GatherNUFFT2,30,5,2.194913214
GatherNUFFT2,30,6,2.172182627
GatherNUFFT2,30,7,2.170076058
GatherNUFFT2,30,8,2.162194487
GatherNUFFT2,30,9,2.163399766
GatherNUFFT2,30,10,2.16766668
GatherNUFFT2,30,11,2.181804087
GatherNUFFT2,30,12,2.183670391
GatherNUFFT2,30,13,2.191694308
GatherNUFFT2,30,14,2.163070666
GatherNUFFT2,30,15,2.158645917
GatherNUFFT2,30,16,2.169801846
GatherNUFFT2,30,17,2.164540721
GatherNUFFT2,30,18,2.164662107
GatherNUFFT2,30,19,2.163911017
GatherNUFFT2,30,20,2.169138365
GatherNUFFT2,30,21,2.171681115
GatherNUFFT2,30,22,2.16093445
GatherNUFFT2,30,23,2.164711755
GatherNUFFT2,30,24,2.160877458
GatherNUFFT2,30,25,2.170445756
GatherNUFFT2,30,26,2.163079473
GatherNUFFT2,30,27,2.169176138
GatherNUFFT2,30,28,2.163492112
GatherNUFFT2,30,29,2.161290838
mainTimer,31,0,112.586550855
dumpData,31,0,0.008285555
dumpData,31,1,0.006842885
dumpData,31,2,0.007476745
dumpData,31,3,0.011607765
dumpData,31,4,0.00672149
dumpData,31,5,0.016782421
dumpData,31,6,0.006721951
dumpData,31,7,0.006743363
dumpData,31,8,0.010283627
dumpData,31,9,0.007675633
kick,31,0,0.002342146
kick,31,1,0.002340985
kick,31,2,0.002332929
kick,31,3,0.002325564
kick,31,4,0.002366454
kick,31,5,0.002315455
kick,31,6,0.002348419
kick,31,7,0.002342678
kick,31,8,0.002342768
kick,31,9,0.002332038
kick,31,10,0.002340624
kick,31,11,0.002345263
kick,31,12,0.002237013
kick,31,13,0.002330865
kick,31,14,0.002326026
kick,31,15,0.00232293
kick,31,16,0.002323981
kick,31,17,0.002335765
kick,31,18,0.002366996
kick,31,19,0.002354752
drift,31,0,0.002301398
drift,31,1,0.002307119
drift,31,2,0.002305526
drift,31,3,0.002309363
drift,31,4,0.002282872
drift,31,5,0.002303983
drift,31,6,0.002216763
drift,31,7,0.002298342
drift,31,8,0.002326657
drift,31,9,0.002293894
particleBC,31,0,0.006713052
particleBC,31,1,0.00670132
particleBC,31,2,0.006726879
particleBC,31,3,0.006710167
particleBC,31,4,0.006530278
particleBC,31,5,0.006769573
particleBC,31,6,0.006585454
particleBC,31,7,0.006739404
particleBC,31,8,0.006700368
particleBC,31,9,0.006585046
updateParticle,31,0,0.02600761
updateParticle,31,1,0.02627478
updateParticle,31,2,0.025845877
updateParticle,31,3,0.027157442
updateParticle,31,4,0.026516129
updateParticle,31,5,0.025925512
updateParticle,31,6,0.026650921
updateParticle,31,7,0.026008281
updateParticle,31,8,0.026317373
updateParticle,31,9,0.026069286
locateParticles,31,0,0.007848958
locateParticles,31,1,0.007796696
locateParticles,31,2,0.007785164
locateParticles,31,3,0.00782929
locateParticles,31,4,0.007802247
locateParticles,31,5,0.007785234
locateParticles,31,6,0.0078084
locateParticles,31,7,0.007782539
locateParticles,31,8,0.007818218
locateParticles,31,9,0.007827318
sendPreprocess,31,0,0.000126255
sendPreprocess,31,1,0.000260166
sendPreprocess,31,2,0.000145352
sendPreprocess,31,3,0.00029348
sendPreprocess,31,4,0.000156584
sendPreprocess,31,5,0.000114312
sendPreprocess,31,6,0.000357113
sendPreprocess,31,7,0.000115464
sendPreprocess,31,8,0.000111597
sendPreprocess,31,9,0.000121907
particleSend,31,0,0.001724038
particleSend,31,1,0.001731862
particleSend,31,2,0.001741441
particleSend,31,3,0.001737133
particleSend,31,4,0.001796408
particleSend,31,5,0.001739808
particleSend,31,6,0.001738595
particleSend,31,7,0.001732534
particleSend,31,8,0.001790777
particleSend,31,9,0.00174118
particleRecv,31,0,3.4678e-05
particleRecv,31,1,4.1621e-05
particleRecv,31,2,3.6171e-05
particleRecv,31,3,3.604e-05
particleRecv,31,4,3.604e-05
particleRecv,31,5,3.7282e-05
particleRecv,31,6,3.8816e-05
particleRecv,31,7,3.5769e-05
particleRecv,31,8,0.000261137
particleRecv,31,9,3.8675e-05
particleDestroy,31,0,0.014969441
particleDestroy,31,1,0.014959983
particleDestroy,31,2,0.014894416
particleDestroy,31,3,0.015057672
particleDestroy,31,4,0.014938792
particleDestroy,31,5,0.015005412
particleDestroy,31,6,0.01499404
particleDestroy,31,7,0.014982236
particleDestroy,31,8,0.01504033
particleDestroy,31,9,0.01504429
ScatterPIFNUFFT,31,0,3.611727461
ScatterPIFNUFFT,31,1,0.002516956
ScatterPIFNUFFT,31,2,3.594385353
ScatterPIFNUFFT,31,3,0.002506666
ScatterPIFNUFFT,31,4,3.62866404
ScatterPIFNUFFT,31,5,0.002506425
ScatterPIFNUFFT,31,6,3.64195169
ScatterPIFNUFFT,31,7,0.002507989
ScatterPIFNUFFT,31,8,3.612512686
ScatterPIFNUFFT,31,9,0.002501046
ScatterPIFNUFFT,31,10,3.59340032
ScatterPIFNUFFT,31,11,0.002502759
ScatterPIFNUFFT,31,12,3.662142187
ScatterPIFNUFFT,31,13,0.002502539
ScatterPIFNUFFT,31,14,3.584436155
ScatterPIFNUFFT,31,15,0.002499884
ScatterPIFNUFFT,31,16,3.609168363
ScatterPIFNUFFT,31,17,0.002507759
ScatterPIFNUFFT,31,18,3.566357558
ScatterPIFNUFFT,31,19,0.002500606
NativeNUFFT1,31,0,3.607986817
NativeNUFFT1,31,1,3.590698425
NativeNUFFT1,31,2,3.624959469
NativeNUFFT1,31,3,3.638254011
NativeNUFFT1,31,4,3.608781332
NativeNUFFT1,31,5,3.589694466
NativeNUFFT1,31,6,3.658433817
NativeNUFFT1,31,7,3.580724178
NativeNUFFT1,31,8,3.605454824
NativeNUFFT1,31,9,3.562628828
scatterTimerNUFFT1,31,0,3.380494921
scatterTimerNUFFT1,31,1,3.363322322
scatterTimerNUFFT1,31,2,3.387006494
scatterTimerNUFFT1,31,3,3.401482569
scatterTimerNUFFT1,31,4,3.370827113
scatterTimerNUFFT1,31,5,3.354806882
scatterTimerNUFFT1,31,6,3.418600742
scatterTimerNUFFT1,31,7,3.346151927
scatterTimerNUFFT1,31,8,3.363484329
scatterTimerNUFFT1,31,9,3.328222555
binSort,31,0,0.014707052
binSort,31,1,0.014691571
binSort,31,2,0.014681472
binSort,31,3,0.014753272
binSort,31,4,0.014659531
binSort,31,5,0.014713425
binSort,31,6,0.014680421
binSort,31,7,0.014634241
binSort,31,8,0.0146694
binSort,31,9,0.01471452
binComputeKeys,31,0,0.00113324
binComputeKeys,31,1,0.001136937
binComputeKeys,31,2,0.001132649
binComputeKeys,31,3,0.00113331
binComputeKeys,31,4,0.001137559
binComputeKeys,31,5,0.001129823
binComputeKeys,31,6,0.001140615
binComputeKeys,31,7,0.001130154
binComputeKeys,31,8,0.001128271
binComputeKeys,31,9,0.001127739
binSortByKey,31,0,0.013172252
binSortByKey,31,1,0.0131504
binSortByKey,31,2,0.013137615
binSortByKey,31,3,0.013216338
binSortByKey,31,4,0.013117518
binSortByKey,31,5,0.013147455
binSortByKey,31,6,0.013138367
binSortByKey,31,7,0.013102798
binSortByKey,31,8,0.013138637
binSortByKey,31,9,0.013182214
binComputeOffsets,31,0,0.000398594
binComputeOffsets,31,1,0.000400909
binComputeOffsets,31,2,0.0004074
binComputeOffsets,31,3,0.000400016
binComputeOffsets,31,4,0.000400768
binComputeOffsets,31,5,0.000432831
binComputeOffsets,31,6,0.000398163
binComputeOffsets,31,7,0.000397973
binComputeOffsets,31,8,0.000398383
binComputeOffsets,31,9,0.000401029
FFTNUFFT1,31,0,0.226690441
FFTNUFFT1,31,1,0.226574456
FFTNUFFT1,31,2,0.237155166
FFTNUFFT1,31,3,0.235973542
FFTNUFFT1,31,4,0.237152542
FFTNUFFT1,31,5,0.234085586
FFTNUFFT1,31,6,0.2390367
FFTNUFFT1,31,7,0.233769213
FFTNUFFT1,31,8,0.241173757
FFTNUFFT1,31,9,0.233605899
deconvolutionNUFFT1,31,0,0.000797709
deconvolutionNUFFT1,31,1,0.000797759
deconvolutionNUFFT1,31,2,0.000794413
deconvolutionNUFFT1,31,3,0.000793832
deconvolutionNUFFT1,31,4,0.000797789
deconvolutionNUFFT1,31,5,0.000798501
deconvolutionNUFFT1,31,6,0.000792849
deconvolutionNUFFT1,31,7,0.000799522
deconvolutionNUFFT1,31,8,0.000792308
deconvolutionNUFFT1,31,9,0.000796647
GatherPIFNUFFT,31,0,7.588776899
GatherPIFNUFFT,31,1,7.614971053
GatherPIFNUFFT,31,2,7.603418684
GatherPIFNUFFT,31,3,7.601099907
GatherPIFNUFFT,31,4,7.610681959
GatherPIFNUFFT,31,5,7.575693593
GatherPIFNUFFT,31,6,7.584182146
GatherPIFNUFFT,31,7,7.588415443
GatherPIFNUFFT,31,8,7.587255484
GatherPIFNUFFT,31,9,7.585547137
NativeNUFFT2,31,0,2.553550285
NativeNUFFT2,31,1,2.50733336
NativeNUFFT2,31,2,2.506711493
NativeNUFFT2,31,3,2.566426493
NativeNUFFT2,31,4,2.506237273
NativeNUFFT2,31,5,2.52110317
NativeNUFFT2,31,6,2.552150327
NativeNUFFT2,31,7,2.525337662
NativeNUFFT2,31,8,2.504585596
NativeNUFFT2,31,9,2.552325442
NativeNUFFT2,31,10,2.515586437
NativeNUFFT2,31,11,2.512029461
NativeNUFFT2,31,12,2.546832629
NativeNUFFT2,31,13,2.525937242
NativeNUFFT2,31,14,2.51658278
NativeNUFFT2,31,15,2.544831623
NativeNUFFT2,31,16,2.509730247
NativeNUFFT2,31,17,2.499629808
NativeNUFFT2,31,18,2.540187106
NativeNUFFT2,31,19,2.514976898
NativeNUFFT2,31,20,2.507489444
NativeNUFFT2,31,21,2.546465176
NativeNUFFT2,31,22,2.499855456
NativeNUFFT2,31,23,2.520869996
NativeNUFFT2,31,24,2.545586968
NativeNUFFT2,31,25,2.512528049
NativeNUFFT2,31,26,2.508052486
NativeNUFFT2,31,27,2.547252802
NativeNUFFT2,31,28,2.500312524
NativeNUFFT2,31,29,2.516698147
PrecorrectionNUFFT2,31,0,0.001306727
PrecorrectionNUFFT2,31,1,0.001252632
PrecorrectionNUFFT2,31,2,0.001258854
PrecorrectionNUFFT2,31,3,0.001311055
PrecorrectionNUFFT2,31,4,0.001256259
PrecorrectionNUFFT2,31,5,0.001257221
PrecorrectionNUFFT2,31,6,0.001327347
PrecorrectionNUFFT2,31,7,0.001270808
PrecorrectionNUFFT2,31,8,0.001278352
PrecorrectionNUFFT2,31,9,0.001314342
PrecorrectionNUFFT2,31,10,0.001255838
PrecorrectionNUFFT2,31,11,0.00125667
PrecorrectionNUFFT2,31,12,0.001328399
PrecorrectionNUFFT2,31,13,0.001284584
PrecorrectionNUFFT2,31,14,0.001278872
PrecorrectionNUFFT2,31,15,0.001328098
PrecorrectionNUFFT2,31,16,0.001274644
PrecorrectionNUFFT2,31,17,0.001280526
PrecorrectionNUFFT2,31,18,0.001328078
PrecorrectionNUFFT2,31,19,0.001272691
PrecorrectionNUFFT2,31,20,0.001272962
PrecorrectionNUFFT2,31,21,0.001307698
PrecorrectionNUFFT2,31,22,0.001275676
PrecorrectionNUFFT2,31,23,0.001263844
PrecorrectionNUFFT2,31,24,0.001298351
PrecorrectionNUFFT2,31,25,0.001252291
PrecorrectionNUFFT2,31,26,0.001253113
PrecorrectionNUFFT2,31,27,0.001329341
PrecorrectionNUFFT2,31,28,0.001275717
PrecorrectionNUFFT2,31,29,0.001268342
FFTNUFFT2,31,0,0.248061459
FFTNUFFT2,31,1,0.195496412
FFTNUFFT2,31,2,0.184726082
FFTNUFFT2,31,3,0.243684295
FFTNUFFT2,31,4,0.187043541
FFTNUFFT2,31,5,0.198676405
FFTNUFFT2,31,6,0.236731865
FFTNUFFT2,31,7,0.222378409
FFTNUFFT2,31,8,0.189672265
FFTNUFFT2,31,9,0.229768456
FFTNUFFT2,31,10,0.212907041
FFTNUFFT2,31,11,0.200392004
FFTNUFFT2,31,12,0.233815052
FFTNUFFT2,31,13,0.204518406
FFTNUFFT2,31,14,0.191925166
FFTNUFFT2,31,15,0.227618171
FFTNUFFT2,31,16,0.213293971
FFTNUFFT2,31,17,0.197804781
FFTNUFFT2,31,18,0.230798115
FFTNUFFT2,31,19,0.192675122
FFTNUFFT2,31,20,0.202634527
FFTNUFFT2,31,21,0.237999746
FFTNUFFT2,31,22,0.181890715
FFTNUFFT2,31,23,0.199487608
FFTNUFFT2,31,24,0.222939397
FFTNUFFT2,31,25,0.21104192
FFTNUFFT2,31,26,0.190946446
FFTNUFFT2,31,27,0.224258771
FFTNUFFT2,31,28,0.184232466
FFTNUFFT2,31,29,0.197562969
GatherNUFFT2,31,0,2.304171818
GatherNUFFT2,31,1,2.3105756
GatherNUFFT2,31,2,2.32071767
GatherNUFFT2,31,3,2.321420823
GatherNUFFT2,31,4,2.317929308
GatherNUFFT2,31,5,2.321160837
GatherNUFFT2,31,6,2.314082519
GatherNUFFT2,31,7,2.301679308
GatherNUFFT2,31,8,2.313626102
GatherNUFFT2,31,9,2.321233447
GatherNUFFT2,31,10,2.301412988
GatherNUFFT2,31,11,2.31037145
GatherNUFFT2,31,12,2.311680731
GatherNUFFT2,31,13,2.320124433
GatherNUFFT2,31,14,2.323368281
GatherNUFFT2,31,15,2.315876607
GatherNUFFT2,31,16,2.295152011
GatherNUFFT2,31,17,2.300534612
GatherNUFFT2,31,18,2.308052247
GatherNUFFT2,31,19,2.321019407
GatherNUFFT2,31,20,2.30357308
GatherNUFFT2,31,21,2.307148433
GatherNUFFT2,31,22,2.316680157
GatherNUFFT2,31,23,2.320109306
GatherNUFFT2,31,24,2.321340022
GatherNUFFT2,31,25,2.30022477
GatherNUFFT2,31,26,2.315843558
GatherNUFFT2,31,27,2.321655543
GatherNUFFT2,31,28,2.314795283
GatherNUFFT2,31,29,2.317857347
