Kokkos::OpenMP::initialize WARNING: OMP_PROC_BIND environment variable not set
  In general, for best performance with OpenMP 4.0 or better set OMP_PROC_BIND=spread and OMP_PLACES=threads
  For best performance with OpenMP 3.1 set OMP_PROC_BIND=true
  For unit testing set OMP_PROC_BIND=false

MPI detected: For OpenMP binding to work as intended, MPI ranks must be bound to exclusive CPU sets.

Kokkos::OpenMP::initialize WARNING: OMP_PROC_BIND environment variable not set
  In general, for best performance with OpenMP 4.0 or better set OMP_PROC_BIND=spread and OMP_PLACES=threads
  For best performance with OpenMP 3.1 set OMP_PROC_BIND=true
  For unit testing set OMP_PROC_BIND=false

MPI detected: For OpenMP binding to work as intended, MPI ranks must be bound to exclusive CPU sets.

Kokkos::OpenMP::initialize WARNING: OMP_PROC_BIND environment variable not set
  In general, for best performance with OpenMP 4.0 or better set OMP_PROC_BIND=spread and OMP_PLACES=threads
  For best performance with OpenMP 3.1 set OMP_PROC_BIND=true
  For unit testing set OMP_PROC_BIND=false

Kokkos::OpenMP::initialize WARNING: OMP_PROC_BIND environment variable not set
  In general, for best performance with OpenMP 4.0 or better set OMP_PROC_BIND=spread and OMP_PLACES=threads
  For best performance with OpenMP 3.1 set OMP_PROC_BIND=true
  For unit testing set OMP_PROC_BIND=false

MPI detected: For OpenMP binding to work as intended, MPI ranks must be bound to exclusive CPU sets.

Kokkos::OpenMP::initialize WARNING: OMP_PROC_BIND environment variable not set
  In general, for best performance with OpenMP 4.0 or better set OMP_PROC_BIND=spread and OMP_PLACES=threads
  For best performance with OpenMP 3.1 set OMP_PROC_BIND=true
  For unit testing set OMP_PROC_BIND=false

MPI detected: For OpenMP binding to work as intended, MPI ranks must be bound to exclusive CPU sets.

Kokkos::OpenMP::initialize WARNING: OMP_PROC_BIND environment variable not set
  In general, for best performance with OpenMP 4.0 or better set OMP_PROC_BIND=spread and OMP_PLACES=threads
  For best performance with OpenMP 3.1 set OMP_PROC_BIND=true
  For unit testing set OMP_PROC_BIND=false

MPI detected: For OpenMP binding to work as intended, MPI ranks must be bound to exclusive CPU sets.

Kokkos::OpenMP::initialize WARNING: OMP_PROC_BIND environment variable not set
  In general, for best performance with OpenMP 4.0 or better set OMP_PROC_BIND=spread and OMP_PLACES=threads
  For best performance with OpenMP 3.1 set OMP_PROC_BIND=true
  For unit testing set OMP_PROC_BIND=false

MPI detected: For OpenMP binding to work as intended, MPI ranks must be bound to exclusive CPU sets.

Kokkos::OpenMP::initialize WARNING: OMP_PROC_BIND environment variable not set
  In general, for best performance with OpenMP 4.0 or better set OMP_PROC_BIND=spread and OMP_PLACES=threads
  For best performance with OpenMP 3.1 set OMP_PROC_BIND=true
  For unit testing set OMP_PROC_BIND=false

MPI detected: For OpenMP binding to work as intended, MPI ranks must be bound to exclusive CPU sets.

Kokkos::OpenMP::initialize WARNING: OMP_PROC_BIND environment variable not set
  In general, for best performance with OpenMP 4.0 or better set OMP_PROC_BIND=spread and OMP_PLACES=threads
  For best performance with OpenMP 3.1 set OMP_PROC_BIND=true
  For unit testing set OMP_PROC_BIND=false

MPI detected: For OpenMP binding to work as intended, MPI ranks must be bound to exclusive CPU sets.

Kokkos::OpenMP::initialize WARNING: OMP_PROC_BIND environment variable not set
  In general, for best performance with OpenMP 4.0 or better set OMP_PROC_BIND=spread and OMP_PLACES=threads
  For best performance with OpenMP 3.1 set OMP_PROC_BIND=true
  For unit testing set OMP_PROC_BIND=false
Kokkos::OpenMP::initialize WARNING: OMP_PROC_BIND environment variable not set
  In general, for best performance with OpenMP 4.0 or better set OMP_PROC_BIND=spread and OMP_PLACES=threads
  For best performance with OpenMP 3.1 set OMP_PROC_BIND=true
  For unit testing set OMP_PROC_BIND=false

MPI detected: For OpenMP binding to work as intended, MPI ranks must be bound to exclusive CPU sets.

Kokkos::OpenMP::initialize WARNING: OMP_PROC_BIND environment variable not set
  In general, for best performance with OpenMP 4.0 or better set OMP_PROC_BIND=spread and OMP_PLACES=threads
  For best performance with OpenMP 3.1 set OMP_PROC_BIND=true
  For unit testing set OMP_PROC_BIND=false

MPI detected: For OpenMP binding to work as intended, MPI ranks must be bound to exclusive CPU sets.

Kokkos::OpenMP::initialize WARNING: OMP_PROC_BIND environment variable not set
  In general, for best performance with OpenMP 4.0 or better set OMP_PROC_BIND=spread and OMP_PLACES=threads
  For best performance with OpenMP 3.1 set OMP_PROC_BIND=true
  For unit testing set OMP_PROC_BIND=false

MPI detected: For OpenMP binding to work as intended, MPI ranks must be bound to exclusive CPU sets.

Kokkos::OpenMP::initialize WARNING: OMP_PROC_BIND environment variable not set
  In general, for best performance with OpenMP 4.0 or better set OMP_PROC_BIND=spread and OMP_PLACES=threads
  For best performance with OpenMP 3.1 set OMP_PROC_BIND=true
  For unit testing set OMP_PROC_BIND=false

MPI detected: For OpenMP binding to work as intended, MPI ranks must be bound to exclusive CPU sets.

MPI detected: For OpenMP binding to work as intended, MPI ranks must be bound to exclusive CPU sets.


MPI detected: For OpenMP binding to work as intended, MPI ranks must be bound to exclusive CPU sets.

Kokkos::OpenMP::initialize WARNING: OMP_PROC_BIND environment variable not set
  In general, for best performance with OpenMP 4.0 or better set OMP_PROC_BIND=spread and OMP_PLACES=threads
  For best performance with OpenMP 3.1 set OMP_PROC_BIND=true
  For unit testing set OMP_PROC_BIND=false

MPI detected: For OpenMP binding to work as intended, MPI ranks must be bound to exclusive CPU sets.

Kokkos::OpenMP::initialize WARNING: OMP_PROC_BIND environment variable not set
  In general, for best performance with OpenMP 4.0 or better set OMP_PROC_BIND=spread and OMP_PLACES=threads
  For best performance with OpenMP 3.1 set OMP_PROC_BIND=true
  For unit testing set OMP_PROC_BIND=false

MPI detected: For OpenMP binding to work as intended, MPI ranks must be bound to exclusive CPU sets.

Kokkos::OpenMP::initialize WARNING: OMP_PROC_BIND environment variable not set
  In general, for best performance with OpenMP 4.0 or better set OMP_PROC_BIND=spread and OMP_PLACES=threads
  For best performance with OpenMP 3.1 set OMP_PROC_BIND=true
  For unit testing set OMP_PROC_BIND=false

MPI detected: For OpenMP binding to work as intended, MPI ranks must be bound to exclusive CPU sets.

Kokkos::OpenMP::initialize WARNING: OMP_PROC_BIND environment variable not set
  In general, for best performance with OpenMP 4.0 or better set OMP_PROC_BIND=spread and OMP_PLACES=threads
  For best performance with OpenMP 3.1 set OMP_PROC_BIND=true
  For unit testing set OMP_PROC_BIND=false

MPI detected: For OpenMP binding to work as intended, MPI ranks must be bound to exclusive CPU sets.

Kokkos::OpenMP::initialize WARNING: OMP_PROC_BIND environment variable not set
  In general, for best performance with OpenMP 4.0 or better set OMP_PROC_BIND=spread and OMP_PLACES=threads
  For best performance with OpenMP 3.1 set OMP_PROC_BIND=true
  For unit testing set OMP_PROC_BIND=false

MPI detected: For OpenMP binding to work as intended, MPI ranks must be bound to exclusive CPU sets.

Kokkos::OpenMP::initialize WARNING: OMP_PROC_BIND environment variable not set
  In general, for best performance with OpenMP 4.0 or better set OMP_PROC_BIND=spread and OMP_PLACES=threads
  For best performance with OpenMP 3.1 set OMP_PROC_BIND=true
  For unit testing set OMP_PROC_BIND=false

MPI detected: For OpenMP binding to work as intended, MPI ranks must be bound to exclusive CPU sets.

Kokkos::OpenMP::initialize WARNING: OMP_PROC_BIND environment variable not set
  In general, for best performance with OpenMP 4.0 or better set OMP_PROC_BIND=spread and OMP_PLACES=threads
  For best performance with OpenMP 3.1 set OMP_PROC_BIND=true
  For unit testing set OMP_PROC_BIND=false
Kokkos::OpenMP::initialize WARNING: OMP_PROC_BIND environment variable not set
  In general, for best performance with OpenMP 4.0 or better set OMP_PROC_BIND=spread and OMP_PLACES=threads
  For best performance with OpenMP 3.1 set OMP_PROC_BIND=true
  For unit testing set OMP_PROC_BIND=false

MPI detected: For OpenMP binding to work as intended, MPI ranks must be bound to exclusive CPU sets.

Kokkos::OpenMP::initialize WARNING: OMP_PROC_BIND environment variable not set
  In general, for best performance with OpenMP 4.0 or better set OMP_PROC_BIND=spread and OMP_PLACES=threads
  For best performance with OpenMP 3.1 set OMP_PROC_BIND=true
  For unit testing set OMP_PROC_BIND=false

MPI detected: For OpenMP binding to work as intended, MPI ranks must be bound to exclusive CPU sets.

Kokkos::OpenMP::initialize WARNING: OMP_PROC_BIND environment variable not set
  In general, for best performance with OpenMP 4.0 or better set OMP_PROC_BIND=spread and OMP_PLACES=threads
  For best performance with OpenMP 3.1 set OMP_PROC_BIND=true
  For unit testing set OMP_PROC_BIND=false

MPI detected: For OpenMP binding to work as intended, MPI ranks must be bound to exclusive CPU sets.

Kokkos::OpenMP::initialize WARNING: OMP_PROC_BIND environment variable not set
  In general, for best performance with OpenMP 4.0 or better set OMP_PROC_BIND=spread and OMP_PLACES=threads
  For best performance with OpenMP 3.1 set OMP_PROC_BIND=true
  For unit testing set OMP_PROC_BIND=false

MPI detected: For OpenMP binding to work as intended, MPI ranks must be bound to exclusive CPU sets.

Kokkos::OpenMP::initialize WARNING: OMP_PROC_BIND environment variable not set
  In general, for best performance with OpenMP 4.0 or better set OMP_PROC_BIND=spread and OMP_PLACES=threads
  For best performance with OpenMP 3.1 set OMP_PROC_BIND=true
  For unit testing set OMP_PROC_BIND=false

MPI detected: For OpenMP binding to work as intended, MPI ranks must be bound to exclusive CPU sets.

Kokkos::OpenMP::initialize WARNING: OMP_PROC_BIND environment variable not set
  In general, for best performance with OpenMP 4.0 or better set OMP_PROC_BIND=spread and OMP_PLACES=threads
  For best performance with OpenMP 3.1 set OMP_PROC_BIND=true
  For unit testing set OMP_PROC_BIND=false

MPI detected: For OpenMP binding to work as intended, MPI ranks must be bound to exclusive CPU sets.

Kokkos::OpenMP::initialize WARNING: OMP_PROC_BIND environment variable not set
  In general, for best performance with OpenMP 4.0 or better set OMP_PROC_BIND=spread and OMP_PLACES=threads
  For best performance with OpenMP 3.1 set OMP_PROC_BIND=true
  For unit testing set OMP_PROC_BIND=false

MPI detected: For OpenMP binding to work as intended, MPI ranks must be bound to exclusive CPU sets.

Kokkos::OpenMP::initialize WARNING: OMP_PROC_BIND environment variable not set
  In general, for best performance with OpenMP 4.0 or better set OMP_PROC_BIND=spread and OMP_PLACES=threads
  For best performance with OpenMP 3.1 set OMP_PROC_BIND=true
  For unit testing set OMP_PROC_BIND=false

MPI detected: For OpenMP binding to work as intended, MPI ranks must be bound to exclusive CPU sets.

Kokkos::OpenMP::initialize WARNING: OMP_PROC_BIND environment variable not set
  In general, for best performance with OpenMP 4.0 or better set OMP_PROC_BIND=spread and OMP_PLACES=threads
  For best performance with OpenMP 3.1 set OMP_PROC_BIND=true
  For unit testing set OMP_PROC_BIND=false

MPI detected: For OpenMP binding to work as intended, MPI ranks must be bound to exclusive CPU sets.

Kokkos::OpenMP::initialize WARNING: OMP_PROC_BIND environment variable not set
  In general, for best performance with OpenMP 4.0 or better set OMP_PROC_BIND=spread and OMP_PLACES=threads
  For best performance with OpenMP 3.1 set OMP_PROC_BIND=true
  For unit testing set OMP_PROC_BIND=false

MPI detected: For OpenMP binding to work as intended, MPI ranks must be bound to exclusive CPU sets.

Kokkos::OpenMP::initialize WARNING: OMP_PROC_BIND environment variable not set
  In general, for best performance with OpenMP 4.0 or better set OMP_PROC_BIND=spread and OMP_PLACES=threads
  For best performance with OpenMP 3.1 set OMP_PROC_BIND=true
  For unit testing set OMP_PROC_BIND=false

MPI detected: For OpenMP binding to work as intended, MPI ranks must be bound to exclusive CPU sets.

Kokkos::OpenMP::initialize WARNING: OMP_PROC_BIND environment variable not set
  In general, for best performance with OpenMP 4.0 or better set OMP_PROC_BIND=spread and OMP_PLACES=threads
  For best performance with OpenMP 3.1 set OMP_PROC_BIND=true
  For unit testing set OMP_PROC_BIND=false

MPI detected: For OpenMP binding to work as intended, MPI ranks must be bound to exclusive CPU sets.

Kokkos::OpenMP::initialize WARNING: OMP_PROC_BIND environment variable not set
  In general, for best performance with OpenMP 4.0 or better set OMP_PROC_BIND=spread and OMP_PLACES=threads
  For best performance with OpenMP 3.1 set OMP_PROC_BIND=true
  For unit testing set OMP_PROC_BIND=false

MPI detected: For OpenMP binding to work as intended, MPI ranks must be bound to exclusive CPU sets.

Kokkos::OpenMP::initialize WARNING: OMP_PROC_BIND environment variable not set
  In general, for best performance with OpenMP 4.0 or better set OMP_PROC_BIND=spread and OMP_PLACES=threads
  For best performance with OpenMP 3.1 set OMP_PROC_BIND=true
  For unit testing set OMP_PROC_BIND=false

MPI detected: For OpenMP binding to work as intended, MPI ranks must be bound to exclusive CPU sets.

Kokkos::OpenMP::initialize WARNING: OMP_PROC_BIND environment variable not set
  In general, for best performance with OpenMP 4.0 or better set OMP_PROC_BIND=spread and OMP_PLACES=threads
  For best performance with OpenMP 3.1 set OMP_PROC_BIND=true
  For unit testing set OMP_PROC_BIND=false

MPI detected: For OpenMP binding to work as intended, MPI ranks must be bound to exclusive CPU sets.

Kokkos::OpenMP::initialize WARNING: OMP_PROC_BIND environment variable not set
  In general, for best performance with OpenMP 4.0 or better set OMP_PROC_BIND=spread and OMP_PLACES=threads
  For best performance with OpenMP 3.1 set OMP_PROC_BIND=true
  For unit testing set OMP_PROC_BIND=false

MPI detected: For OpenMP binding to work as intended, MPI ranks must be bound to exclusive CPU sets.

Kokkos::OpenMP::initialize WARNING: OMP_PROC_BIND environment variable not set
  In general, for best performance with OpenMP 4.0 or better set OMP_PROC_BIND=spread and OMP_PLACES=threads
  For best performance with OpenMP 3.1 set OMP_PROC_BIND=true
  For unit testing set OMP_PROC_BIND=false

MPI detected: For OpenMP binding to work as intended, MPI ranks must be bound to exclusive CPU sets.

Kokkos::OpenMP::initialize WARNING: OMP_PROC_BIND environment variable not set
  In general, for best performance with OpenMP 4.0 or better set OMP_PROC_BIND=spread and OMP_PLACES=threads
  For best performance with OpenMP 3.1 set OMP_PROC_BIND=true
  For unit testing set OMP_PROC_BIND=false

MPI detected: For OpenMP binding to work as intended, MPI ranks must be bound to exclusive CPU sets.

Kokkos::OpenMP::initialize WARNING: OMP_PROC_BIND environment variable not set
  In general, for best performance with OpenMP 4.0 or better set OMP_PROC_BIND=spread and OMP_PLACES=threads
  For best performance with OpenMP 3.1 set OMP_PROC_BIND=true
  For unit testing set OMP_PROC_BIND=false

MPI detected: For OpenMP binding to work as intended, MPI ranks must be bound to exclusive CPU sets.

Kokkos::OpenMP::initialize WARNING: OMP_PROC_BIND environment variable not set
  In general, for best performance with OpenMP 4.0 or better set OMP_PROC_BIND=spread and OMP_PLACES=threads
  For best performance with OpenMP 3.1 set OMP_PROC_BIND=true
  For unit testing set OMP_PROC_BIND=false

MPI detected: For OpenMP binding to work as intended, MPI ranks must be bound to exclusive CPU sets.

Kokkos::OpenMP::initialize WARNING: OMP_PROC_BIND environment variable not set
  In general, for best performance with OpenMP 4.0 or better set OMP_PROC_BIND=spread and OMP_PLACES=threads
  For best performance with OpenMP 3.1 set OMP_PROC_BIND=true
  For unit testing set OMP_PROC_BIND=false

MPI detected: For OpenMP binding to work as intended, MPI ranks must be bound to exclusive CPU sets.

Kokkos::OpenMP::initialize WARNING: OMP_PROC_BIND environment variable not set
  In general, for best performance with OpenMP 4.0 or better set OMP_PROC_BIND=spread and OMP_PLACES=threads
  For best performance with OpenMP 3.1 set OMP_PROC_BIND=true
  For unit testing set OMP_PROC_BIND=false

MPI detected: For OpenMP binding to work as intended, MPI ranks must be bound to exclusive CPU sets.

Kokkos::OpenMP::initialize WARNING: OMP_PROC_BIND environment variable not set
  In general, for best performance with OpenMP 4.0 or better set OMP_PROC_BIND=spread and OMP_PLACES=threads
  For best performance with OpenMP 3.1 set OMP_PROC_BIND=true
  For unit testing set OMP_PROC_BIND=false

MPI detected: For OpenMP binding to work as intended, MPI ranks must be bound to exclusive CPU sets.

Kokkos::OpenMP::initialize WARNING: OMP_PROC_BIND environment variable not set
  In general, for best performance with OpenMP 4.0 or better set OMP_PROC_BIND=spread and OMP_PLACES=threads
  For best performance with OpenMP 3.1 set OMP_PROC_BIND=true
  For unit testing set OMP_PROC_BIND=false

MPI detected: For OpenMP binding to work as intended, MPI ranks must be bound to exclusive CPU sets.

Kokkos::OpenMP::initialize WARNING: OMP_PROC_BIND environment variable not set
  In general, for best performance with OpenMP 4.0 or better set OMP_PROC_BIND=spread and OMP_PLACES=threads
  For best performance with OpenMP 3.1 set OMP_PROC_BIND=true
  For unit testing set OMP_PROC_BIND=false

MPI detected: For OpenMP binding to work as intended, MPI ranks must be bound to exclusive CPU sets.

Kokkos::OpenMP::initialize WARNING: OMP_PROC_BIND environment variable not set
  In general, for best performance with OpenMP 4.0 or better set OMP_PROC_BIND=spread and OMP_PLACES=threads
  For best performance with OpenMP 3.1 set OMP_PROC_BIND=true
  For unit testing set OMP_PROC_BIND=false

MPI detected: For OpenMP binding to work as intended, MPI ranks must be bound to exclusive CPU sets.

Kokkos::OpenMP::initialize WARNING: OMP_PROC_BIND environment variable not set
  In general, for best performance with OpenMP 4.0 or better set OMP_PROC_BIND=spread and OMP_PLACES=threads
  For best performance with OpenMP 3.1 set OMP_PROC_BIND=true
  For unit testing set OMP_PROC_BIND=false

MPI detected: For OpenMP binding to work as intended, MPI ranks must be bound to exclusive CPU sets.

Kokkos::OpenMP::initialize WARNING: OMP_PROC_BIND environment variable not set
  In general, for best performance with OpenMP 4.0 or better set OMP_PROC_BIND=spread and OMP_PLACES=threads
  For best performance with OpenMP 3.1 set OMP_PROC_BIND=true
  For unit testing set OMP_PROC_BIND=false

MPI detected: For OpenMP binding to work as intended, MPI ranks must be bound to exclusive CPU sets.

Kokkos::OpenMP::initialize WARNING: OMP_PROC_BIND environment variable not set
  In general, for best performance with OpenMP 4.0 or better set OMP_PROC_BIND=spread and OMP_PLACES=threads
  For best performance with OpenMP 3.1 set OMP_PROC_BIND=true
  For unit testing set OMP_PROC_BIND=false

MPI detected: For OpenMP binding to work as intended, MPI ranks must be bound to exclusive CPU sets.

Kokkos::OpenMP::initialize WARNING: OMP_PROC_BIND environment variable not set
  In general, for best performance with OpenMP 4.0 or better set OMP_PROC_BIND=spread and OMP_PLACES=threads
  For best performance with OpenMP 3.1 set OMP_PROC_BIND=true
  For unit testing set OMP_PROC_BIND=false

MPI detected: For OpenMP binding to work as intended, MPI ranks must be bound to exclusive CPU sets.

Kokkos::OpenMP::initialize WARNING: OMP_PROC_BIND environment variable not set
  In general, for best performance with OpenMP 4.0 or better set OMP_PROC_BIND=spread and OMP_PLACES=threads
  For best performance with OpenMP 3.1 set OMP_PROC_BIND=true
  For unit testing set OMP_PROC_BIND=false

MPI detected: For OpenMP binding to work as intended, MPI ranks must be bound to exclusive CPU sets.

Kokkos::OpenMP::initialize WARNING: OMP_PROC_BIND environment variable not set
  In general, for best performance with OpenMP 4.0 or better set OMP_PROC_BIND=spread and OMP_PLACES=threads
  For best performance with OpenMP 3.1 set OMP_PROC_BIND=true
  For unit testing set OMP_PROC_BIND=false

MPI detected: For OpenMP binding to work as intended, MPI ranks must be bound to exclusive CPU sets.

Kokkos::OpenMP::initialize WARNING: OMP_PROC_BIND environment variable not set
  In general, for best performance with OpenMP 4.0 or better set OMP_PROC_BIND=spread and OMP_PLACES=threads
  For best performance with OpenMP 3.1 set OMP_PROC_BIND=true
  For unit testing set OMP_PROC_BIND=false

MPI detected: For OpenMP binding to work as intended, MPI ranks must be bound to exclusive CPU sets.

Kokkos::OpenMP::initialize WARNING: OMP_PROC_BIND environment variable not set
  In general, for best performance with OpenMP 4.0 or better set OMP_PROC_BIND=spread and OMP_PLACES=threads
  For best performance with OpenMP 3.1 set OMP_PROC_BIND=true
  For unit testing set OMP_PROC_BIND=false

MPI detected: For OpenMP binding to work as intended, MPI ranks must be bound to exclusive CPU sets.

Kokkos::OpenMP::initialize WARNING: OMP_PROC_BIND environment variable not set
  In general, for best performance with OpenMP 4.0 or better set OMP_PROC_BIND=spread and OMP_PLACES=threads
  For best performance with OpenMP 3.1 set OMP_PROC_BIND=true
  For unit testing set OMP_PROC_BIND=false

MPI detected: For OpenMP binding to work as intended, MPI ranks must be bound to exclusive CPU sets.

Kokkos::OpenMP::initialize WARNING: OMP_PROC_BIND environment variable not set
  In general, for best performance with OpenMP 4.0 or better set OMP_PROC_BIND=spread and OMP_PLACES=threads
  For best performance with OpenMP 3.1 set OMP_PROC_BIND=true
  For unit testing set OMP_PROC_BIND=false

MPI detected: For OpenMP binding to work as intended, MPI ranks must be bound to exclusive CPU sets.

Kokkos::OpenMP::initialize WARNING: OMP_PROC_BIND environment variable not set
  In general, for best performance with OpenMP 4.0 or better set OMP_PROC_BIND=spread and OMP_PLACES=threads
  For best performance with OpenMP 3.1 set OMP_PROC_BIND=true
  For unit testing set OMP_PROC_BIND=false

MPI detected: For OpenMP binding to work as intended, MPI ranks must be bound to exclusive CPU sets.

Kokkos::OpenMP::initialize WARNING: OMP_PROC_BIND environment variable not set
  In general, for best performance with OpenMP 4.0 or better set OMP_PROC_BIND=spread and OMP_PLACES=threads
  For best performance with OpenMP 3.1 set OMP_PROC_BIND=true
  For unit testing set OMP_PROC_BIND=false

MPI detected: For OpenMP binding to work as intended, MPI ranks must be bound to exclusive CPU sets.

Kokkos::OpenMP::initialize WARNING: OMP_PROC_BIND environment variable not set
  In general, for best performance with OpenMP 4.0 or better set OMP_PROC_BIND=spread and OMP_PLACES=threads
  For best performance with OpenMP 3.1 set OMP_PROC_BIND=true
  For unit testing set OMP_PROC_BIND=false

MPI detected: For OpenMP binding to work as intended, MPI ranks must be bound to exclusive CPU sets.

Kokkos::OpenMP::initialize WARNING: OMP_PROC_BIND environment variable not set
  In general, for best performance with OpenMP 4.0 or better set OMP_PROC_BIND=spread and OMP_PLACES=threads
  For best performance with OpenMP 3.1 set OMP_PROC_BIND=true
  For unit testing set OMP_PROC_BIND=false

MPI detected: For OpenMP binding to work as intended, MPI ranks must be bound to exclusive CPU sets.

Kokkos::OpenMP::initialize WARNING: OMP_PROC_BIND environment variable not set
  In general, for best performance with OpenMP 4.0 or better set OMP_PROC_BIND=spread and OMP_PLACES=threads
  For best performance with OpenMP 3.1 set OMP_PROC_BIND=true
  For unit testing set OMP_PROC_BIND=false

MPI detected: For OpenMP binding to work as intended, MPI ranks must be bound to exclusive CPU sets.

Kokkos::OpenMP::initialize WARNING: OMP_PROC_BIND environment variable not set
  In general, for best performance with OpenMP 4.0 or better set OMP_PROC_BIND=spread and OMP_PLACES=threads
  For best performance with OpenMP 3.1 set OMP_PROC_BIND=true
  For unit testing set OMP_PROC_BIND=false

MPI detected: For OpenMP binding to work as intended, MPI ranks must be bound to exclusive CPU sets.

Kokkos::OpenMP::initialize WARNING: OMP_PROC_BIND environment variable not set
  In general, for best performance with OpenMP 4.0 or better set OMP_PROC_BIND=spread and OMP_PLACES=threads
  For best performance with OpenMP 3.1 set OMP_PROC_BIND=true
  For unit testing set OMP_PROC_BIND=false

MPI detected: For OpenMP binding to work as intended, MPI ranks must be bound to exclusive CPU sets.

Kokkos::OpenMP::initialize WARNING: OMP_PROC_BIND environment variable not set
  In general, for best performance with OpenMP 4.0 or better set OMP_PROC_BIND=spread and OMP_PLACES=threads
  For best performance with OpenMP 3.1 set OMP_PROC_BIND=true
  For unit testing set OMP_PROC_BIND=false

MPI detected: For OpenMP binding to work as intended, MPI ranks must be bound to exclusive CPU sets.

Kokkos::OpenMP::initialize WARNING: OMP_PROC_BIND environment variable not set
  In general, for best performance with OpenMP 4.0 or better set OMP_PROC_BIND=spread and OMP_PLACES=threads
  For best performance with OpenMP 3.1 set OMP_PROC_BIND=true
  For unit testing set OMP_PROC_BIND=false

MPI detected: For OpenMP binding to work as intended, MPI ranks must be bound to exclusive CPU sets.

Kokkos::OpenMP::initialize WARNING: OMP_PROC_BIND environment variable not set
  In general, for best performance with OpenMP 4.0 or better set OMP_PROC_BIND=spread and OMP_PLACES=threads
  For best performance with OpenMP 3.1 set OMP_PROC_BIND=true
  For unit testing set OMP_PROC_BIND=false

MPI detected: For OpenMP binding to work as intended, MPI ranks must be bound to exclusive CPU sets.

Kokkos::OpenMP::initialize WARNING: OMP_PROC_BIND environment variable not set
  In general, for best performance with OpenMP 4.0 or better set OMP_PROC_BIND=spread and OMP_PLACES=threads
  For best performance with OpenMP 3.1 set OMP_PROC_BIND=true
  For unit testing set OMP_PROC_BIND=false

MPI detected: For OpenMP binding to work as intended, MPI ranks must be bound to exclusive CPU sets.

Kokkos::OpenMP::initialize WARNING: OMP_PROC_BIND environment variable not set
  In general, for best performance with OpenMP 4.0 or better set OMP_PROC_BIND=spread and OMP_PLACES=threads
  For best performance with OpenMP 3.1 set OMP_PROC_BIND=true
  For unit testing set OMP_PROC_BIND=false

MPI detected: For OpenMP binding to work as intended, MPI ranks must be bound to exclusive CPU sets.

Kokkos::OpenMP::initialize WARNING: OMP_PROC_BIND environment variable not set
  In general, for best performance with OpenMP 4.0 or better set OMP_PROC_BIND=spread and OMP_PLACES=threads
  For best performance with OpenMP 3.1 set OMP_PROC_BIND=true
  For unit testing set OMP_PROC_BIND=false

MPI detected: For OpenMP binding to work as intended, MPI ranks must be bound to exclusive CPU sets.

Kokkos::OpenMP::initialize WARNING: OMP_PROC_BIND environment variable not set
  In general, for best performance with OpenMP 4.0 or better set OMP_PROC_BIND=spread and OMP_PLACES=threads
  For best performance with OpenMP 3.1 set OMP_PROC_BIND=true
  For unit testing set OMP_PROC_BIND=false

MPI detected: For OpenMP binding to work as intended, MPI ranks must be bound to exclusive CPU sets.

Kokkos::OpenMP::initialize WARNING: OMP_PROC_BIND environment variable not set
  In general, for best performance with OpenMP 4.0 or better set OMP_PROC_BIND=spread and OMP_PLACES=threads
  For best performance with OpenMP 3.1 set OMP_PROC_BIND=true
  For unit testing set OMP_PROC_BIND=false

MPI detected: For OpenMP binding to work as intended, MPI ranks must be bound to exclusive CPU sets.

Kokkos::OpenMP::initialize WARNING: OMP_PROC_BIND environment variable not set
  In general, for best performance with OpenMP 4.0 or better set OMP_PROC_BIND=spread and OMP_PLACES=threads
  For best performance with OpenMP 3.1 set OMP_PROC_BIND=true
  For unit testing set OMP_PROC_BIND=false

MPI detected: For OpenMP binding to work as intended, MPI ranks must be bound to exclusive CPU sets.

Kokkos::OpenMP::initialize WARNING: OMP_PROC_BIND environment variable not set
  In general, for best performance with OpenMP 4.0 or better set OMP_PROC_BIND=spread and OMP_PLACES=threads
  For best performance with OpenMP 3.1 set OMP_PROC_BIND=true
  For unit testing set OMP_PROC_BIND=false

MPI detected: For OpenMP binding to work as intended, MPI ranks must be bound to exclusive CPU sets.

Kokkos::OpenMP::initialize WARNING: OMP_PROC_BIND environment variable not set
  In general, for best performance with OpenMP 4.0 or better set OMP_PROC_BIND=spread and OMP_PLACES=threads
  For best performance with OpenMP 3.1 set OMP_PROC_BIND=true
  For unit testing set OMP_PROC_BIND=false

Kokkos::OpenMP::initialize WARNING: OMP_PROC_BIND environment variable not set
  In general, for best performance with OpenMP 4.0 or better set OMP_PROC_BIND=spread and OMP_PLACES=threads
  For best performance with OpenMP 3.1 set OMP_PROC_BIND=true
  For unit testing set OMP_PROC_BIND=false

MPI detected: For OpenMP binding to work as intended, MPI ranks must be bound to exclusive CPU sets.

Kokkos::OpenMP::initialize WARNING: OMP_PROC_BIND environment variable not set
  In general, for best performance with OpenMP 4.0 or better set OMP_PROC_BIND=spread and OMP_PLACES=threads
  For best performance with OpenMP 3.1 set OMP_PROC_BIND=true
  For unit testing set OMP_PROC_BIND=false

MPI detected: For OpenMP binding to work as intended, MPI ranks must be bound to exclusive CPU sets.

Kokkos::OpenMP::initialize WARNING: OMP_PROC_BIND environment variable not set
  In general, for best performance with OpenMP 4.0 or better set OMP_PROC_BIND=spread and OMP_PLACES=threads
  For best performance with OpenMP 3.1 set OMP_PROC_BIND=true
  For unit testing set OMP_PROC_BIND=false

MPI detected: For OpenMP binding to work as intended, MPI ranks must be bound to exclusive CPU sets.

Kokkos::OpenMP::initialize WARNING: OMP_PROC_BIND environment variable not set
  In general, for best performance with OpenMP 4.0 or better set OMP_PROC_BIND=spread and OMP_PLACES=threads
  For best performance with OpenMP 3.1 set OMP_PROC_BIND=true
  For unit testing set OMP_PROC_BIND=false

MPI detected: For OpenMP binding to work as intended, MPI ranks must be bound to exclusive CPU sets.

Kokkos::OpenMP::initialize WARNING: OMP_PROC_BIND environment variable not set
  In general, for best performance with OpenMP 4.0 or better set OMP_PROC_BIND=spread and OMP_PLACES=threads
  For best performance with OpenMP 3.1 set OMP_PROC_BIND=true
  For unit testing set OMP_PROC_BIND=false

MPI detected: For OpenMP binding to work as intended, MPI ranks must be bound to exclusive CPU sets.

Kokkos::OpenMP::initialize WARNING: OMP_PROC_BIND environment variable not set
  In general, for best performance with OpenMP 4.0 or better set OMP_PROC_BIND=spread and OMP_PLACES=threads
  For best performance with OpenMP 3.1 set OMP_PROC_BIND=true
  For unit testing set OMP_PROC_BIND=false

MPI detected: For OpenMP binding to work as intended, MPI ranks must be bound to exclusive CPU sets.

Kokkos::OpenMP::initialize WARNING: OMP_PROC_BIND environment variable not set
  In general, for best performance with OpenMP 4.0 or better set OMP_PROC_BIND=spread and OMP_PLACES=threads
  For best performance with OpenMP 3.1 set OMP_PROC_BIND=true
  For unit testing set OMP_PROC_BIND=false

MPI detected: For OpenMP binding to work as intended, MPI ranks must be bound to exclusive CPU sets.

Kokkos::OpenMP::initialize WARNING: OMP_PROC_BIND environment variable not set
  In general, for best performance with OpenMP 4.0 or better set OMP_PROC_BIND=spread and OMP_PLACES=threads
  For best performance with OpenMP 3.1 set OMP_PROC_BIND=true
  For unit testing set OMP_PROC_BIND=false

MPI detected: For OpenMP binding to work as intended, MPI ranks must be bound to exclusive CPU sets.

Kokkos::OpenMP::initialize WARNING: OMP_PROC_BIND environment variable not set
  In general, for best performance with OpenMP 4.0 or better set OMP_PROC_BIND=spread and OMP_PLACES=threads
  For best performance with OpenMP 3.1 set OMP_PROC_BIND=true
  For unit testing set OMP_PROC_BIND=false

MPI detected: For OpenMP binding to work as intended, MPI ranks must be bound to exclusive CPU sets.

Kokkos::OpenMP::initialize WARNING: OMP_PROC_BIND environment variable not set
  In general, for best performance with OpenMP 4.0 or better set OMP_PROC_BIND=spread and OMP_PLACES=threads
  For best performance with OpenMP 3.1 set OMP_PROC_BIND=true
  For unit testing set OMP_PROC_BIND=false

MPI detected: For OpenMP binding to work as intended, MPI ranks must be bound to exclusive CPU sets.

Kokkos::OpenMP::initialize WARNING: OMP_PROC_BIND environment variable not set
  In general, for best performance with OpenMP 4.0 or better set OMP_PROC_BIND=spread and OMP_PLACES=threads
  For best performance with OpenMP 3.1 set OMP_PROC_BIND=true
  For unit testing set OMP_PROC_BIND=false

MPI detected: For OpenMP binding to work as intended, MPI ranks must be bound to exclusive CPU sets.

Kokkos::OpenMP::initialize WARNING: OMP_PROC_BIND environment variable not set
  In general, for best performance with OpenMP 4.0 or better set OMP_PROC_BIND=spread and OMP_PLACES=threads
  For best performance with OpenMP 3.1 set OMP_PROC_BIND=true
  For unit testing set OMP_PROC_BIND=false

MPI detected: For OpenMP binding to work as intended, MPI ranks must be bound to exclusive CPU sets.

Kokkos::OpenMP::initialize WARNING: OMP_PROC_BIND environment variable not set
  In general, for best performance with OpenMP 4.0 or better set OMP_PROC_BIND=spread and OMP_PLACES=threads
  For best performance with OpenMP 3.1 set OMP_PROC_BIND=true
  For unit testing set OMP_PROC_BIND=false

MPI detected: For OpenMP binding to work as intended, MPI ranks must be bound to exclusive CPU sets.

Kokkos::OpenMP::initialize WARNING: OMP_PROC_BIND environment variable not set
  In general, for best performance with OpenMP 4.0 or better set OMP_PROC_BIND=spread and OMP_PLACES=threads
  For best performance with OpenMP 3.1 set OMP_PROC_BIND=true
  For unit testing set OMP_PROC_BIND=false

MPI detected: For OpenMP binding to work as intended, MPI ranks must be bound to exclusive CPU sets.

Kokkos::OpenMP::initialize WARNING: OMP_PROC_BIND environment variable not set
  In general, for best performance with OpenMP 4.0 or better set OMP_PROC_BIND=spread and OMP_PLACES=threads
  For best performance with OpenMP 3.1 set OMP_PROC_BIND=true
  For unit testing set OMP_PROC_BIND=false

MPI detected: For OpenMP binding to work as intended, MPI ranks must be bound to exclusive CPU sets.

Kokkos::OpenMP::initialize WARNING: OMP_PROC_BIND environment variable not set
  In general, for best performance with OpenMP 4.0 or better set OMP_PROC_BIND=spread and OMP_PLACES=threads
  For best performance with OpenMP 3.1 set OMP_PROC_BIND=true
  For unit testing set OMP_PROC_BIND=false

MPI detected: For OpenMP binding to work as intended, MPI ranks must be bound to exclusive CPU sets.

Kokkos::OpenMP::initialize WARNING: OMP_PROC_BIND environment variable not set
  In general, for best performance with OpenMP 4.0 or better set OMP_PROC_BIND=spread and OMP_PLACES=threads
  For best performance with OpenMP 3.1 set OMP_PROC_BIND=true
  For unit testing set OMP_PROC_BIND=false

MPI detected: For OpenMP binding to work as intended, MPI ranks must be bound to exclusive CPU sets.

Kokkos::OpenMP::initialize WARNING: OMP_PROC_BIND environment variable not set
  In general, for best performance with OpenMP 4.0 or better set OMP_PROC_BIND=spread and OMP_PLACES=threads
  For best performance with OpenMP 3.1 set OMP_PROC_BIND=true
  For unit testing set OMP_PROC_BIND=false

MPI detected: For OpenMP binding to work as intended, MPI ranks must be bound to exclusive CPU sets.

Kokkos::OpenMP::initialize WARNING: OMP_PROC_BIND environment variable not set
  In general, for best performance with OpenMP 4.0 or better set OMP_PROC_BIND=spread and OMP_PLACES=threads
  For best performance with OpenMP 3.1 set OMP_PROC_BIND=true
  For unit testing set OMP_PROC_BIND=false

MPI detected: For OpenMP binding to work as intended, MPI ranks must be bound to exclusive CPU sets.

Kokkos::OpenMP::initialize WARNING: OMP_PROC_BIND environment variable not set
  In general, for best performance with OpenMP 4.0 or better set OMP_PROC_BIND=spread and OMP_PLACES=threads
  For best performance with OpenMP 3.1 set OMP_PROC_BIND=true
  For unit testing set OMP_PROC_BIND=false

MPI detected: For OpenMP binding to work as intended, MPI ranks must be bound to exclusive CPU sets.

Kokkos::OpenMP::initialize WARNING: OMP_PROC_BIND environment variable not set
  In general, for best performance with OpenMP 4.0 or better set OMP_PROC_BIND=spread and OMP_PLACES=threads
  For best performance with OpenMP 3.1 set OMP_PROC_BIND=true
  For unit testing set OMP_PROC_BIND=false

MPI detected: For OpenMP binding to work as intended, MPI ranks must be bound to exclusive CPU sets.

Kokkos::OpenMP::initialize WARNING: OMP_PROC_BIND environment variable not set
  In general, for best performance with OpenMP 4.0 or better set OMP_PROC_BIND=spread and OMP_PLACES=threads
  For best performance with OpenMP 3.1 set OMP_PROC_BIND=true
  For unit testing set OMP_PROC_BIND=false

MPI detected: For OpenMP binding to work as intended, MPI ranks must be bound to exclusive CPU sets.

Kokkos::OpenMP::initialize WARNING: OMP_PROC_BIND environment variable not set
  In general, for best performance with OpenMP 4.0 or better set OMP_PROC_BIND=spread and OMP_PLACES=threads
  For best performance with OpenMP 3.1 set OMP_PROC_BIND=true
  For unit testing set OMP_PROC_BIND=false

MPI detected: For OpenMP binding to work as intended, MPI ranks must be bound to exclusive CPU sets.

Kokkos::OpenMP::initialize WARNING: OMP_PROC_BIND environment variable not set
  In general, for best performance with OpenMP 4.0 or better set OMP_PROC_BIND=spread and OMP_PLACES=threads
  For best performance with OpenMP 3.1 set OMP_PROC_BIND=true
  For unit testing set OMP_PROC_BIND=false

MPI detected: For OpenMP binding to work as intended, MPI ranks must be bound to exclusive CPU sets.

Kokkos::OpenMP::initialize WARNING: OMP_PROC_BIND environment variable not set
  In general, for best performance with OpenMP 4.0 or better set OMP_PROC_BIND=spread and OMP_PLACES=threads
  For best performance with OpenMP 3.1 set OMP_PROC_BIND=true
  For unit testing set OMP_PROC_BIND=false

MPI detected: For OpenMP binding to work as intended, MPI ranks must be bound to exclusive CPU sets.

Kokkos::OpenMP::initialize WARNING: OMP_PROC_BIND environment variable not set
  In general, for best performance with OpenMP 4.0 or better set OMP_PROC_BIND=spread and OMP_PLACES=threads
  For best performance with OpenMP 3.1 set OMP_PROC_BIND=true
  For unit testing set OMP_PROC_BIND=false

MPI detected: For OpenMP binding to work as intended, MPI ranks must be bound to exclusive CPU sets.

Kokkos::OpenMP::initialize WARNING: OMP_PROC_BIND environment variable not set
  In general, for best performance with OpenMP 4.0 or better set OMP_PROC_BIND=spread and OMP_PLACES=threads
  For best performance with OpenMP 3.1 set OMP_PROC_BIND=true
  For unit testing set OMP_PROC_BIND=false

MPI detected: For OpenMP binding to work as intended, MPI ranks must be bound to exclusive CPU sets.

Kokkos::OpenMP::initialize WARNING: OMP_PROC_BIND environment variable not set
  In general, for best performance with OpenMP 4.0 or better set OMP_PROC_BIND=spread and OMP_PLACES=threads
  For best performance with OpenMP 3.1 set OMP_PROC_BIND=true
  For unit testing set OMP_PROC_BIND=false

MPI detected: For OpenMP binding to work as intended, MPI ranks must be bound to exclusive CPU sets.

Kokkos::OpenMP::initialize WARNING: OMP_PROC_BIND environment variable not set
  In general, for best performance with OpenMP 4.0 or better set OMP_PROC_BIND=spread and OMP_PLACES=threads
  For best performance with OpenMP 3.1 set OMP_PROC_BIND=true
  For unit testing set OMP_PROC_BIND=false

MPI detected: For OpenMP binding to work as intended, MPI ranks must be bound to exclusive CPU sets.

Kokkos::OpenMP::initialize WARNING: OMP_PROC_BIND environment variable not set
  In general, for best performance with OpenMP 4.0 or better set OMP_PROC_BIND=spread and OMP_PLACES=threads
  For best performance with OpenMP 3.1 set OMP_PROC_BIND=true
  For unit testing set OMP_PROC_BIND=false

MPI detected: For OpenMP binding to work as intended, MPI ranks must be bound to exclusive CPU sets.

Kokkos::OpenMP::initialize WARNING: OMP_PROC_BIND environment variable not set
  In general, for best performance with OpenMP 4.0 or better set OMP_PROC_BIND=spread and OMP_PLACES=threads
  For best performance with OpenMP 3.1 set OMP_PROC_BIND=true
  For unit testing set OMP_PROC_BIND=false

MPI detected: For OpenMP binding to work as intended, MPI ranks must be bound to exclusive CPU sets.

Kokkos::OpenMP::initialize WARNING: OMP_PROC_BIND environment variable not set
  In general, for best performance with OpenMP 4.0 or better set OMP_PROC_BIND=spread and OMP_PLACES=threads
  For best performance with OpenMP 3.1 set OMP_PROC_BIND=true
  For unit testing set OMP_PROC_BIND=false

MPI detected: For OpenMP binding to work as intended, MPI ranks must be bound to exclusive CPU sets.

Kokkos::OpenMP::initialize WARNING: OMP_PROC_BIND environment variable not set
  In general, for best performance with OpenMP 4.0 or better set OMP_PROC_BIND=spread and OMP_PLACES=threads
  For best performance with OpenMP 3.1 set OMP_PROC_BIND=true
  For unit testing set OMP_PROC_BIND=false

MPI detected: For OpenMP binding to work as intended, MPI ranks must be bound to exclusive CPU sets.

Kokkos::OpenMP::initialize WARNING: OMP_PROC_BIND environment variable not set
  In general, for best performance with OpenMP 4.0 or better set OMP_PROC_BIND=spread and OMP_PLACES=threads
  For best performance with OpenMP 3.1 set OMP_PROC_BIND=true
  For unit testing set OMP_PROC_BIND=false

MPI detected: For OpenMP binding to work as intended, MPI ranks must be bound to exclusive CPU sets.

Kokkos::OpenMP::initialize WARNING: OMP_PROC_BIND environment variable not set
  In general, for best performance with OpenMP 4.0 or better set OMP_PROC_BIND=spread and OMP_PLACES=threads
  For best performance with OpenMP 3.1 set OMP_PROC_BIND=true
  For unit testing set OMP_PROC_BIND=false

MPI detected: For OpenMP binding to work as intended, MPI ranks must be bound to exclusive CPU sets.

Kokkos::OpenMP::initialize WARNING: OMP_PROC_BIND environment variable not set
  In general, for best performance with OpenMP 4.0 or better set OMP_PROC_BIND=spread and OMP_PLACES=threads
  For best performance with OpenMP 3.1 set OMP_PROC_BIND=true
  For unit testing set OMP_PROC_BIND=false

MPI detected: For OpenMP binding to work as intended, MPI ranks must be bound to exclusive CPU sets.

Kokkos::OpenMP::initialize WARNING: OMP_PROC_BIND environment variable not set
  In general, for best performance with OpenMP 4.0 or better set OMP_PROC_BIND=spread and OMP_PLACES=threads
  For best performance with OpenMP 3.1 set OMP_PROC_BIND=true
  For unit testing set OMP_PROC_BIND=false

Kokkos::OpenMP::initialize WARNING: OMP_PROC_BIND environment variable not set
  In general, for best performance with OpenMP 4.0 or better set OMP_PROC_BIND=spread and OMP_PLACES=threads
  For best performance with OpenMP 3.1 set OMP_PROC_BIND=true
  For unit testing set OMP_PROC_BIND=false

MPI detected: For OpenMP binding to work as intended, MPI ranks must be bound to exclusive CPU sets.


MPI detected: For OpenMP binding to work as intended, MPI ranks must be bound to exclusive CPU sets.

MPI detected: For OpenMP binding to work as intended, MPI ranks must be bound to exclusive CPU sets.

MPI detected: For OpenMP binding to work as intended, MPI ranks must be bound to exclusive CPU sets.

Kokkos::OpenMP::initialize WARNING: OMP_PROC_BIND environment variable not set
  In general, for best performance with OpenMP 4.0 or better set OMP_PROC_BIND=spread and OMP_PLACES=threads
  For best performance with OpenMP 3.1 set OMP_PROC_BIND=true
  For unit testing set OMP_PROC_BIND=false

MPI detected: For OpenMP binding to work as intended, MPI ranks must be bound to exclusive CPU sets.

Kokkos::OpenMP::initialize WARNING: OMP_PROC_BIND environment variable not set
  In general, for best performance with OpenMP 4.0 or better set OMP_PROC_BIND=spread and OMP_PLACES=threads
  For best performance with OpenMP 3.1 set OMP_PROC_BIND=true
  For unit testing set OMP_PROC_BIND=false

MPI detected: For OpenMP binding to work as intended, MPI ranks must be bound to exclusive CPU sets.

Kokkos::OpenMP::initialize WARNING: OMP_PROC_BIND environment variable not set
  In general, for best performance with OpenMP 4.0 or better set OMP_PROC_BIND=spread and OMP_PLACES=threads
  For best performance with OpenMP 3.1 set OMP_PROC_BIND=true
  For unit testing set OMP_PROC_BIND=false

MPI detected: For OpenMP binding to work as intended, MPI ranks must be bound to exclusive CPU sets.

Kokkos::OpenMP::initialize WARNING: OMP_PROC_BIND environment variable not set
  In general, for best performance with OpenMP 4.0 or better set OMP_PROC_BIND=spread and OMP_PLACES=threads
  For best performance with OpenMP 3.1 set OMP_PROC_BIND=true
  For unit testing set OMP_PROC_BIND=false

Kokkos::OpenMP::initialize WARNING: OMP_PROC_BIND environment variable not set
  In general, for best performance with OpenMP 4.0 or better set OMP_PROC_BIND=spread and OMP_PLACES=threads
  For best performance with OpenMP 3.1 set OMP_PROC_BIND=true
  For unit testing set OMP_PROC_BIND=false

MPI detected: For OpenMP binding to work as intended, MPI ranks must be bound to exclusive CPU sets.

Kokkos::OpenMP::initialize WARNING: OMP_PROC_BIND environment variable not set
  In general, for best performance with OpenMP 4.0 or better set OMP_PROC_BIND=spread and OMP_PLACES=threads
  For best performance with OpenMP 3.1 set OMP_PROC_BIND=true
  For unit testing set OMP_PROC_BIND=false

MPI detected: For OpenMP binding to work as intended, MPI ranks must be bound to exclusive CPU sets.

Kokkos::OpenMP::initialize WARNING: OMP_PROC_BIND environment variable not set
  In general, for best performance with OpenMP 4.0 or better set OMP_PROC_BIND=spread and OMP_PLACES=threads
  For best performance with OpenMP 3.1 set OMP_PROC_BIND=true
  For unit testing set OMP_PROC_BIND=false

MPI detected: For OpenMP binding to work as intended, MPI ranks must be bound to exclusive CPU sets.

Kokkos::OpenMP::initialize WARNING: OMP_PROC_BIND environment variable not set
  In general, for best performance with OpenMP 4.0 or better set OMP_PROC_BIND=spread and OMP_PLACES=threads
  For best performance with OpenMP 3.1 set OMP_PROC_BIND=true
  For unit testing set OMP_PROC_BIND=false

MPI detected: For OpenMP binding to work as intended, MPI ranks must be bound to exclusive CPU sets.

Kokkos::OpenMP::initialize WARNING: OMP_PROC_BIND environment variable not set
  In general, for best performance with OpenMP 4.0 or better set OMP_PROC_BIND=spread and OMP_PLACES=threads
  For best performance with OpenMP 3.1 set OMP_PROC_BIND=true
  For unit testing set OMP_PROC_BIND=false

MPI detected: For OpenMP binding to work as intended, MPI ranks must be bound to exclusive CPU sets.

MPI detected: For OpenMP binding to work as intended, MPI ranks must be bound to exclusive CPU sets.

Kokkos::OpenMP::initialize WARNING: OMP_PROC_BIND environment variable not set
  In general, for best performance with OpenMP 4.0 or better set OMP_PROC_BIND=spread and OMP_PLACES=threads
  For best performance with OpenMP 3.1 set OMP_PROC_BIND=true
  For unit testing set OMP_PROC_BIND=false

MPI detected: For OpenMP binding to work as intended, MPI ranks must be bound to exclusive CPU sets.

Kokkos::OpenMP::initialize WARNING: OMP_PROC_BIND environment variable not set
  In general, for best performance with OpenMP 4.0 or better set OMP_PROC_BIND=spread and OMP_PLACES=threads
  For best performance with OpenMP 3.1 set OMP_PROC_BIND=true
  For unit testing set OMP_PROC_BIND=false

MPI detected: For OpenMP binding to work as intended, MPI ranks must be bound to exclusive CPU sets.

Kokkos::OpenMP::initialize WARNING: OMP_PROC_BIND environment variable not set
  In general, for best performance with OpenMP 4.0 or better set OMP_PROC_BIND=spread and OMP_PLACES=threads
  For best performance with OpenMP 3.1 set OMP_PROC_BIND=true
  For unit testing set OMP_PROC_BIND=false

MPI detected: For OpenMP binding to work as intended, MPI ranks must be bound to exclusive CPU sets.

Kokkos::OpenMP::initialize WARNING: OMP_PROC_BIND environment variable not set
  In general, for best performance with OpenMP 4.0 or better set OMP_PROC_BIND=spread and OMP_PLACES=threads
  For best performance with OpenMP 3.1 set OMP_PROC_BIND=true
  For unit testing set OMP_PROC_BIND=false

MPI detected: For OpenMP binding to work as intended, MPI ranks must be bound to exclusive CPU sets.

Kokkos::OpenMP::initialize WARNING: OMP_PROC_BIND environment variable not set
  In general, for best performance with OpenMP 4.0 or better set OMP_PROC_BIND=spread and OMP_PLACES=threads
  For best performance with OpenMP 3.1 set OMP_PROC_BIND=true
  For unit testing set OMP_PROC_BIND=false

MPI detected: For OpenMP binding to work as intended, MPI ranks must be bound to exclusive CPU sets.

Kokkos::OpenMP::initialize WARNING: OMP_PROC_BIND environment variable not set
  In general, for best performance with OpenMP 4.0 or better set OMP_PROC_BIND=spread and OMP_PLACES=threads
  For best performance with OpenMP 3.1 set OMP_PROC_BIND=true
  For unit testing set OMP_PROC_BIND=false

MPI detected: For OpenMP binding to work as intended, MPI ranks must be bound to exclusive CPU sets.

terminate called after throwing an instance of 'std::runtime_error'
  what():  Kokkos ERROR: Cuda memory space failed to allocate 642 MiB (label="keys_out").
[jwb0357:1448628] *** Process received signal ***
[jwb0357:1448628] Signal: Aborted (6)
[jwb0357:1448628] Signal code:  (-6)
[jwb0357:1448628] [ 0] /usr/lib64/libc.so.6(+0x3fc30)[0x154045beac30]
[jwb0357:1448628] [ 1] /usr/lib64/libc.so.6(+0x8d02c)[0x154045c3802c]
[jwb0357:1448628] [ 2] /usr/lib64/libc.so.6(raise+0x16)[0x154045beab86]
[jwb0357:1448628] [ 3] /usr/lib64/libc.so.6(abort+0xd3)[0x154045bd4873]
[jwb0357:1448628] [ 4] /p/software/default/stages/2026/software/GCCcore/14.3.0/lib64/libstdc++.so.6(+0xadc3d)[0x154045e8fc3d]
[jwb0357:1448628] [ 5] /p/software/default/stages/2026/software/GCCcore/14.3.0/lib64/libstdc++.so.6(+0xbf14a)[0x154045ea114a]
[jwb0357:1448628] [ 6] /p/software/default/stages/2026/software/GCCcore/14.3.0/lib64/libstdc++.so.6(_ZSt10unexpectedv+0x0)[0x154045e8f7e9]
[jwb0357:1448628] [ 7] /p/software/default/stages/2026/software/GCCcore/14.3.0/lib64/libstdc++.so.6(+0xbf3c7)[0x154045ea13c7]
[jwb0357:1448628] [ 8] /p/home/jusers/fischill1/juwels/ippl/build_fin/_deps/kokkos-build/core/src/libkokkoscore.so.5.0(_ZN6Kokkos4Impl15throw_bad_allocESt17basic_string_viewIcSt11char_traitsIcEEmS4_+0x115)[0x15404632fe05]
[jwb0357:1448628] [ 9] /p/home/jusers/fischill1/juwels/ippl/build_fin/_deps/kokkos-build/core/src/libkokkoscore.so.5.0(_ZNK6Kokkos9CudaSpace13impl_allocateEPKcmm28Kokkos_Profiling_SpaceHandle+0x219)[0x154046342319]
[jwb0357:1448628] [10] /p/home/jusers/fischill1/juwels/ippl/build_fin/_deps/kokkos-build/core/src/libkokkoscore.so.5.0(_ZNK6Kokkos9CudaSpace8allocateEPKcmm+0x65)[0x154046342395]
[jwb0357:1448628] [11] /p/home/jusers/fischill1/juwels/ippl/build_fin/_deps/kokkos-build/core/src/libkokkoscore.so.5.0(_ZN6Kokkos4Impl44HostInaccessibleSharedAllocationRecordCommonINS_9CudaSpaceEEC2ERKS2_RKNSt7__cxx1112basic_stringIcSt11char_traitsIcESaIcEEEmPFvPNS0_22SharedAllocationRecordIvvEEE+0x30)[0x154046344260]
[jwb0357:1448628] [12] /p/home/jusers/fischill1/juwels/ippl/build_fin/alpine/ElectrostaticPIF/LandauDampingPIF[0x4aa864]
[jwb0357:1448628] [13] /p/home/jusers/fischill1/juwels/ippl/build_fin/alpine/ElectrostaticPIF/LandauDampingPIF[0x4aae5e]
[jwb0357:1448628] [14] /p/home/jusers/fischill1/juwels/ippl/build_fin/alpine/ElectrostaticPIF/LandauDampingPIF[0x4cf907]
[jwb0357:1448628] [15] /p/home/jusers/fischill1/juwels/ippl/build_fin/alpine/ElectrostaticPIF/LandauDampingPIF[0x4e81cb]
[jwb0357:1448628] [16] /p/home/jusers/fischill1/juwels/ippl/build_fin/alpine/ElectrostaticPIF/LandauDampingPIF[0x5bee4d]
[jwb0357:1448628] [17] /p/home/jusers/fischill1/juwels/ippl/build_fin/alpine/ElectrostaticPIF/LandauDampingPIF[0x6093a7]
[jwb0357:1448628] [18] /p/home/jusers/fischill1/juwels/ippl/build_fin/alpine/ElectrostaticPIF/LandauDampingPIF[0x6095b5]
[jwb0357:1448628] [19] /p/home/jusers/fischill1/juwels/ippl/build_fin/alpine/ElectrostaticPIF/LandauDampingPIF[0x60c8d1]
[jwb0357:1448628] [20] /p/home/jusers/fischill1/juwels/ippl/build_fin/alpine/ElectrostaticPIF/LandauDampingPIF[0x60d25b]
[jwb0357:1448628] [21] /p/home/jusers/fischill1/juwels/ippl/build_fin/alpine/ElectrostaticPIF/LandauDampingPIF[0x423759]
[jwb0357:1448628] [22] /usr/lib64/libc.so.6(+0x2a610)[0x154045bd5610]
[jwb0357:1448628] [23] /usr/lib64/libc.so.6(__libc_start_main+0x80)[0x154045bd56c0]
[jwb0357:1448628] [24] /p/home/jusers/fischill1/juwels/ippl/build_fin/alpine/ElectrostaticPIF/LandauDampingPIF[0x425995]
[jwb0357:1448628] *** End of error message ***
terminate called after throwing an instance of 'std::runtime_error'
  what():  Kokkos ERROR: Cuda memory space failed to allocate 1.068 GiB (label="temp_storage").
[jwb0200:4089163] *** Process received signal ***
[jwb0200:4089163] Signal: Aborted (6)
[jwb0200:4089163] Signal code:  (-6)
[jwb0200:4089163] [ 0] /usr/lib64/libc.so.6(+0x3fc30)[0x145af945fc30]
[jwb0200:4089163] [ 1] /usr/lib64/libc.so.6(+0x8d02c)[0x145af94ad02c]
[jwb0200:4089163] [ 2] /usr/lib64/libc.so.6(raise+0x16)[0x145af945fb86]
[jwb0200:4089163] [ 3] /usr/lib64/libc.so.6(abort+0xd3)[0x145af9449873]
[jwb0200:4089163] [ 4] /p/software/default/stages/2026/software/GCCcore/14.3.0/lib64/libstdc++.so.6(+0xadc3d)[0x145af9704c3d]
[jwb0200:4089163] [ 5] /p/software/default/stages/2026/software/GCCcore/14.3.0/lib64/libstdc++.so.6(+0xbf14a)[0x145af971614a]
[jwb0200:4089163] [ 6] /p/software/default/stages/2026/software/GCCcore/14.3.0/lib64/libstdc++.so.6(_ZSt10unexpectedv+0x0)[0x145af97047e9]
[jwb0200:4089163] [ 7] /p/software/default/stages/2026/software/GCCcore/14.3.0/lib64/libstdc++.so.6(+0xbf3c7)[0x145af97163c7]
[jwb0200:4089163] [ 8] /p/home/jusers/fischill1/juwels/ippl/build_fin/_deps/kokkos-build/core/src/libkokkoscore.so.5.0(_ZN6Kokkos4Impl15throw_bad_allocESt17basic_string_viewIcSt11char_traitsIcEEmS4_+0x115)[0x145af9ba4e05]
[jwb0200:4089163] [ 9] /p/home/jusers/fischill1/juwels/ippl/build_fin/_deps/kokkos-build/core/src/libkokkoscore.so.5.0(_ZNK6Kokkos9CudaSpace13impl_allocateEPKcmm28Kokkos_Profiling_SpaceHandle+0x219)[0x145af9bb7319]
[jwb0200:4089163] [10] /p/home/jusers/fischill1/juwels/ippl/build_fin/_deps/kokkos-build/core/src/libkokkoscore.so.5.0(_ZNK6Kokkos9CudaSpace8allocateEPKcmm+0x65)[0x145af9bb7395]
[jwb0200:4089163] [11] /p/home/jusers/fischill1/juwels/ippl/build_fin/_deps/kokkos-build/core/src/libkokkoscore.so.5.0(_ZN6Kokkos4Impl44HostInaccessibleSharedAllocationRecordCommonINS_9CudaSpaceEEC2ERKS2_RKNSt7__cxx1112basic_stringIcSt11char_traitsIcESaIcEEEmPFvPNS0_22SharedAllocationRecordIvvEEE+0x30)[0x145af9bb9260]
[jwb0200:4089163] [12] /p/home/jusers/fischill1/juwels/ippl/build_fin/alpine/ElectrostaticPIF/LandauDampingPIF[0x49cd3a]
[jwb0200:4089163] [13] /p/home/jusers/fischill1/juwels/ippl/build_fin/alpine/ElectrostaticPIF/LandauDampingPIF[0x4d0480]
[jwb0200:4089163] [14] /p/home/jusers/fischill1/juwels/ippl/build_fin/alpine/ElectrostaticPIF/LandauDampingPIF[0x4e81cb]
[jwb0200:4089163] [15] /p/home/jusers/fischill1/juwels/ippl/build_fin/alpine/ElectrostaticPIF/LandauDampingPIF[0x5bee4d]
[jwb0200:4089163] [16] /p/home/jusers/fischill1/juwels/ippl/build_fin/alpine/ElectrostaticPIF/LandauDampingPIF[0x6093a7]
[jwb0200:4089163] [17] /p/home/jusers/fischill1/juwels/ippl/build_fin/alpine/ElectrostaticPIF/LandauDampingPIF[0x6095b5]
[jwb0200:4089163] [18] /p/home/jusers/fischill1/juwels/ippl/build_fin/alpine/ElectrostaticPIF/LandauDampingPIF[0x60c8d1]
[jwb0200:4089163] [19] /p/home/jusers/fischill1/juwels/ippl/build_fin/alpine/ElectrostaticPIF/LandauDampingPIF[0x60d25b]
[jwb0200:4089163] [20] /p/home/jusers/fischill1/juwels/ippl/build_fin/alpine/ElectrostaticPIF/LandauDampingPIF[0x423759]
[jwb0200:4089163] [21] /usr/lib64/libc.so.6(+0x2a610)[0x145af944a610]
[jwb0200:4089163] [22] /usr/lib64/libc.so.6(__libc_start_main+0x80)[0x145af944a6c0]
[jwb0200:4089163] [23] /p/home/jusers/fischill1/juwels/ippl/build_fin/alpine/ElectrostaticPIF/LandauDampingPIF[0x425995]
[jwb0200:4089163] *** End of error message ***
terminate called after throwing an instance of 'std::runtime_error'
  what():  Kokkos ERROR: Cuda memory space failed to allocate 1.001 GiB (label="temp_storage").
[jwb0353:2914853] *** Process received signal ***
[jwb0353:2914853] Signal: Aborted (6)
[jwb0353:2914853] Signal code:  (-6)
[jwb0353:2914853] [ 0] /usr/lib64/libc.so.6(+0x3fc30)[0x14eeb54c5c30]
[jwb0353:2914853] [ 1] /usr/lib64/libc.so.6(+0x8d02c)[0x14eeb551302c]
[jwb0353:2914853] [ 2] /usr/lib64/libc.so.6(raise+0x16)[0x14eeb54c5b86]
[jwb0353:2914853] [ 3] /usr/lib64/libc.so.6(abort+0xd3)[0x14eeb54af873]
[jwb0353:2914853] [ 4] /p/software/default/stages/2026/software/GCCcore/14.3.0/lib64/libstdc++.so.6(+0xadc3d)[0x14eeb576ac3d]
[jwb0353:2914853] [ 5] /p/software/default/stages/2026/software/GCCcore/14.3.0/lib64/libstdc++.so.6(+0xbf14a)[0x14eeb577c14a]
[jwb0353:2914853] [ 6] /p/software/default/stages/2026/software/GCCcore/14.3.0/lib64/libstdc++.so.6(_ZSt10unexpectedv+0x0)[0x14eeb576a7e9]
[jwb0353:2914853] [ 7] /p/software/default/stages/2026/software/GCCcore/14.3.0/lib64/libstdc++.so.6(+0xbf3c7)[0x14eeb577c3c7]
[jwb0353:2914853] [ 8] /p/home/jusers/fischill1/juwels/ippl/build_fin/_deps/kokkos-build/core/src/libkokkoscore.so.5.0(_ZN6Kokkos4Impl15throw_bad_allocESt17basic_string_viewIcSt11char_traitsIcEEmS4_+0x115)[0x14eeb5c0ae05]
[jwb0353:2914853] [ 9] /p/home/jusers/fischill1/juwels/ippl/build_fin/_deps/kokkos-build/core/src/libkokkoscore.so.5.0(_ZNK6Kokkos9CudaSpace13impl_allocateEPKcmm28Kokkos_Profiling_SpaceHandle+0x219)[0x14eeb5c1d319]
[jwb0353:2914853] [10] /p/home/jusers/fischill1/juwels/ippl/build_fin/_deps/kokkos-build/core/src/libkokkoscore.so.5.0(_ZNK6Kokkos9CudaSpace8allocateEPKcmm+0x65)[0x14eeb5c1d395]
[jwb0353:2914853] [11] /p/home/jusers/fischill1/juwels/ippl/build_fin/_deps/kokkos-build/core/src/libkokkoscore.so.5.0(_ZN6Kokkos4Impl44HostInaccessibleSharedAllocationRecordCommonINS_9CudaSpaceEEC2ERKS2_RKNSt7__cxx1112basic_stringIcSt11char_traitsIcESaIcEEEmPFvPNS0_22SharedAllocationRecordIvvEEE+0x30)[0x14eeb5c1f260]
[jwb0353:2914853] [12] /p/home/jusers/fischill1/juwels/ippl/build_fin/alpine/ElectrostaticPIF/LandauDampingPIF[0x49cd3a]
[jwb0353:2914853] [13] /p/home/jusers/fischill1/juwels/ippl/build_fin/alpine/ElectrostaticPIF/LandauDampingPIF[0x4d0480]
[jwb0353:2914853] [14] /p/home/jusers/fischill1/juwels/ippl/build_fin/alpine/ElectrostaticPIF/LandauDampingPIF[0x4e81cb]
[jwb0353:2914853] [15] /p/home/jusers/fischill1/juwels/ippl/build_fin/alpine/ElectrostaticPIF/LandauDampingPIF[0x5bee4d]
[jwb0353:2914853] [16] /p/home/jusers/fischill1/juwels/ippl/build_fin/alpine/ElectrostaticPIF/LandauDampingPIF[0x6093a7]
[jwb0353:2914853] [17] /p/home/jusers/fischill1/juwels/ippl/build_fin/alpine/ElectrostaticPIF/LandauDampingPIF[0x6095b5]
[jwb0353:2914853] [18] /p/home/jusers/fischill1/juwels/ippl/build_fin/alpine/ElectrostaticPIF/LandauDampingPIF[0x60c8d1]
[jwb0353:2914853] [19] /p/home/jusers/fischill1/juwels/ippl/build_fin/alpine/ElectrostaticPIF/LandauDampingPIF[0x60d25b]
[jwb0353:2914853] [20] /p/home/jusers/fischill1/juwels/ippl/build_fin/alpine/ElectrostaticPIF/LandauDampingPIF[0x423759]
[jwb0353:2914853] [21] /usr/lib64/libc.so.6(+0x2a610)[0x14eeb54b0610]
[jwb0353:2914853] [22] /usr/lib64/libc.so.6(__libc_start_main+0x80)[0x14eeb54b06c0]
[jwb0353:2914853] [23] /p/home/jusers/fischill1/juwels/ippl/build_fin/alpine/ElectrostaticPIF/LandauDampingPIF[0x425995]
[jwb0353:2914853] *** End of error message ***
terminate called after throwing an instance of 'std::runtime_error'
  what():  Kokkos ERROR: Cuda memory space failed to allocate 602.3 MiB (label="perm_out").
[jwb0357:1448626] *** Process received signal ***
[jwb0357:1448626] Signal: Aborted (6)
[jwb0357:1448626] Signal code:  (-6)
[jwb0357:1448626] [ 0] /usr/lib64/libc.so.6(+0x3fc30)[0x14bfdfe9ac30]
[jwb0357:1448626] [ 1] /usr/lib64/libc.so.6(+0x8d02c)[0x14bfdfee802c]
[jwb0357:1448626] [ 2] /usr/lib64/libc.so.6(raise+0x16)[0x14bfdfe9ab86]
[jwb0357:1448626] [ 3] /usr/lib64/libc.so.6(abort+0xd3)[0x14bfdfe84873]
[jwb0357:1448626] [ 4] /p/software/default/stages/2026/software/GCCcore/14.3.0/lib64/libstdc++.so.6(+0xadc3d)[0x14bfe013fc3d]
[jwb0357:1448626] [ 5] /p/software/default/stages/2026/software/GCCcore/14.3.0/lib64/libstdc++.so.6(+0xbf14a)[0x14bfe015114a]
[jwb0357:1448626] [ 6] /p/software/default/stages/2026/software/GCCcore/14.3.0/lib64/libstdc++.so.6(_ZSt10unexpectedv+0x0)[0x14bfe013f7e9]
[jwb0357:1448626] [ 7] /p/software/default/stages/2026/software/GCCcore/14.3.0/lib64/libstdc++.so.6(+0xbf3c7)[0x14bfe01513c7]
[jwb0357:1448626] [ 8] /p/home/jusers/fischill1/juwels/ippl/build_fin/_deps/kokkos-build/core/src/libkokkoscore.so.5.0(_ZN6Kokkos4Impl15throw_bad_allocESt17basic_string_viewIcSt11char_traitsIcEEmS4_+0x115)[0x14bfe05dfe05]
[jwb0357:1448626] [ 9] /p/home/jusers/fischill1/juwels/ippl/build_fin/_deps/kokkos-build/core/src/libkokkoscore.so.5.0(_ZNK6Kokkos9CudaSpace13impl_allocateEPKcmm28Kokkos_Profiling_SpaceHandle+0x219)[0x14bfe05f2319]
[jwb0357:1448626] [10] /p/home/jusers/fischill1/juwels/ippl/build_fin/_deps/kokkos-build/core/src/libkokkoscore.so.5.0(_ZNK6Kokkos9CudaSpace8allocateEPKcmm+0x65)[0x14bfe05f2395]
[jwb0357:1448626] [11] /p/home/jusers/fischill1/juwels/ippl/build_fin/_deps/kokkos-build/core/src/libkokkoscore.so.5.0(_ZN6Kokkos4Impl44HostInaccessibleSharedAllocationRecordCommonINS_9CudaSpaceEEC2ERKS2_RKNSt7__cxx1112basic_stringIcSt11char_traitsIcESaIcEEEmPFvPNS0_22SharedAllocationRecordIvvEEE+0x30)[0x14bfe05f4260]
[jwb0357:1448626] [12] /p/home/jusers/fischill1/juwels/ippl/build_fin/alpine/ElectrostaticPIF/LandauDampingPIF[0x4aa864]
[jwb0357:1448626] [13] /p/home/jusers/fischill1/juwels/ippl/build_fin/alpine/ElectrostaticPIF/LandauDampingPIF[0x4aaf61]
[jwb0357:1448626] [14] /p/home/jusers/fischill1/juwels/ippl/build_fin/alpine/ElectrostaticPIF/LandauDampingPIF[0x4cf907]
[jwb0357:1448626] [15] /p/home/jusers/fischill1/juwels/ippl/build_fin/alpine/ElectrostaticPIF/LandauDampingPIF[0x4e81cb]
[jwb0357:1448626] [16] /p/home/jusers/fischill1/juwels/ippl/build_fin/alpine/ElectrostaticPIF/LandauDampingPIF[0x5bee4d]
[jwb0357:1448626] [17] /p/home/jusers/fischill1/juwels/ippl/build_fin/alpine/ElectrostaticPIF/LandauDampingPIF[0x6093a7]
[jwb0357:1448626] [18] /p/home/jusers/fischill1/juwels/ippl/build_fin/alpine/ElectrostaticPIF/LandauDampingPIF[0x6095b5]
[jwb0357:1448626] [19] /p/home/jusers/fischill1/juwels/ippl/build_fin/alpine/ElectrostaticPIF/LandauDampingPIF[0x60c8d1]
[jwb0357:1448626] [20] /p/home/jusers/fischill1/juwels/ippl/build_fin/alpine/ElectrostaticPIF/LandauDampingPIF[0x60d25b]
[jwb0357:1448626] [21] /p/home/jusers/fischill1/juwels/ippl/build_fin/alpine/ElectrostaticPIF/LandauDampingPIF[0x423759]
[jwb0357:1448626] [22] /usr/lib64/libc.so.6(+0x2a610)[0x14bfdfe85610]
[jwb0357:1448626] [23] /usr/lib64/libc.so.6(__libc_start_main+0x80)[0x14bfdfe856c0]
[jwb0357:1448626] [24] /p/home/jusers/fischill1/juwels/ippl/build_fin/alpine/ElectrostaticPIF/LandauDampingPIF[0x425995]
[jwb0357:1448626] *** End of error message ***
terminate called after throwing an instance of 'std::runtime_error'
  what():  Kokkos ERROR: Cuda memory space failed to allocate 641.3 MiB (label="keys_out").
[jwb0284:234452] *** Process received signal ***
[jwb0284:234452] Signal: Aborted (6)
[jwb0284:234452] Signal code:  (-6)
[jwb0284:234452] [ 0] /usr/lib64/libc.so.6(+0x3fc30)[0x14f42b854c30]
[jwb0284:234452] [ 1] /usr/lib64/libc.so.6(+0x8d02c)[0x14f42b8a202c]
[jwb0284:234452] [ 2] /usr/lib64/libc.so.6(raise+0x16)[0x14f42b854b86]
[jwb0284:234452] [ 3] /usr/lib64/libc.so.6(abort+0xd3)[0x14f42b83e873]
[jwb0284:234452] [ 4] /p/software/default/stages/2026/software/GCCcore/14.3.0/lib64/libstdc++.so.6(+0xadc3d)[0x14f42baf9c3d]
[jwb0284:234452] [ 5] /p/software/default/stages/2026/software/GCCcore/14.3.0/lib64/libstdc++.so.6(+0xbf14a)[0x14f42bb0b14a]
[jwb0284:234452] [ 6] /p/software/default/stages/2026/software/GCCcore/14.3.0/lib64/libstdc++.so.6(_ZSt10unexpectedv+0x0)[0x14f42baf97e9]
[jwb0284:234452] [ 7] /p/software/default/stages/2026/software/GCCcore/14.3.0/lib64/libstdc++.so.6(+0xbf3c7)[0x14f42bb0b3c7]
[jwb0284:234452] [ 8] /p/home/jusers/fischill1/juwels/ippl/build_fin/_deps/kokkos-build/core/src/libkokkoscore.so.5.0(_ZN6Kokkos4Impl15throw_bad_allocESt17basic_string_viewIcSt11char_traitsIcEEmS4_+0x115)[0x14f42bf99e05]
[jwb0284:234452] [ 9] /p/home/jusers/fischill1/juwels/ippl/build_fin/_deps/kokkos-build/core/src/libkokkoscore.so.5.0(_ZNK6Kokkos9CudaSpace13impl_allocateEPKcmm28Kokkos_Profiling_SpaceHandle+0x219)[0x14f42bfac319]
[jwb0284:234452] [10] /p/home/jusers/fischill1/juwels/ippl/build_fin/_deps/kokkos-build/core/src/libkokkoscore.so.5.0(_ZNK6Kokkos9CudaSpace8allocateEPKcmm+0x65)[0x14f42bfac395]
[jwb0284:234452] [11] /p/home/jusers/fischill1/juwels/ippl/build_fin/_deps/kokkos-build/core/src/libkokkoscore.so.5.0(_ZN6Kokkos4Impl44HostInaccessibleSharedAllocationRecordCommonINS_9CudaSpaceEEC2ERKS2_RKNSt7__cxx1112basic_stringIcSt11char_traitsIcESaIcEEEmPFvPNS0_22SharedAllocationRecordIvvEEE+0x30)[0x14f42bfae260]
[jwb0284:234452] [12] /p/home/jusers/fischill1/juwels/ippl/build_fin/alpine/ElectrostaticPIF/LandauDampingPIF[0x4aa864]
[jwb0284:234452] [13] /p/home/jusers/fischill1/juwels/ippl/build_fin/alpine/ElectrostaticPIF/LandauDampingPIF[0x4aae5e]
[jwb0284:234452] [14] /p/home/jusers/fischill1/juwels/ippl/build_fin/alpine/ElectrostaticPIF/LandauDampingPIF[0x4cf907]
[jwb0284:234452] [15] /p/home/jusers/fischill1/juwels/ippl/build_fin/alpine/ElectrostaticPIF/LandauDampingPIF[0x4e81cb]
[jwb0284:234452] [16] /p/home/jusers/fischill1/juwels/ippl/build_fin/alpine/ElectrostaticPIF/LandauDampingPIF[0x5bee4d]
[jwb0284:234452] [17] /p/home/jusers/fischill1/juwels/ippl/build_fin/alpine/ElectrostaticPIF/LandauDampingPIF[0x6093a7]
[jwb0284:234452] [18] /p/home/jusers/fischill1/juwels/ippl/build_fin/alpine/ElectrostaticPIF/LandauDampingPIF[0x6095b5]
[jwb0284:234452] [19] /p/home/jusers/fischill1/juwels/ippl/build_fin/alpine/ElectrostaticPIF/LandauDampingPIF[0x60c8d1]
[jwb0284:234452] [20] /p/home/jusers/fischill1/juwels/ippl/build_fin/alpine/ElectrostaticPIF/LandauDampingPIF[0x60d25b]
[jwb0284:234452] [21] /p/home/jusers/fischill1/juwels/ippl/build_fin/alpine/ElectrostaticPIF/LandauDampingPIF[0x423759]
[jwb0284:234452] [22] /usr/lib64/libc.so.6(+0x2a610)[0x14f42b83f610]
[jwb0284:234452] [23] /usr/lib64/libc.so.6(__libc_start_main+0x80)[0x14f42b83f6c0]
[jwb0284:234452] [24] /p/home/jusers/fischill1/juwels/ippl/build_fin/alpine/ElectrostaticPIF/LandauDampingPIF[0x425995]
[jwb0284:234452] *** End of error message ***
terminate called after throwing an instance of 'std::runtime_error'
  what():  Kokkos ERROR: Cuda memory space failed to allocate 601.9 MiB (label="perm_out").
[jwb0200:4089164] *** Process received signal ***
[jwb0200:4089164] Signal: Aborted (6)
[jwb0200:4089164] Signal code:  (-6)
[jwb0200:4089164] [ 0] /usr/lib64/libc.so.6(+0x3fc30)[0x14629e278c30]
[jwb0200:4089164] [ 1] /usr/lib64/libc.so.6(+0x8d02c)[0x14629e2c602c]
[jwb0200:4089164] [ 2] /usr/lib64/libc.so.6(raise+0x16)[0x14629e278b86]
[jwb0200:4089164] [ 3] /usr/lib64/libc.so.6(abort+0xd3)[0x14629e262873]
[jwb0200:4089164] [ 4] /p/software/default/stages/2026/software/GCCcore/14.3.0/lib64/libstdc++.so.6(+0xadc3d)[0x14629e51dc3d]
[jwb0200:4089164] [ 5] /p/software/default/stages/2026/software/GCCcore/14.3.0/lib64/libstdc++.so.6(+0xbf14a)[0x14629e52f14a]
[jwb0200:4089164] [ 6] /p/software/default/stages/2026/software/GCCcore/14.3.0/lib64/libstdc++.so.6(_ZSt10unexpectedv+0x0)[0x14629e51d7e9]
[jwb0200:4089164] [ 7] /p/software/default/stages/2026/software/GCCcore/14.3.0/lib64/libstdc++.so.6(+0xbf3c7)[0x14629e52f3c7]
[jwb0200:4089164] [ 8] /p/home/jusers/fischill1/juwels/ippl/build_fin/_deps/kokkos-build/core/src/libkokkoscore.so.5.0(_ZN6Kokkos4Impl15throw_bad_allocESt17basic_string_viewIcSt11char_traitsIcEEmS4_+0x115)[0x14629e9bde05]
[jwb0200:4089164] [ 9] /p/home/jusers/fischill1/juwels/ippl/build_fin/_deps/kokkos-build/core/src/libkokkoscore.so.5.0(_ZNK6Kokkos9CudaSpace13impl_allocateEPKcmm28Kokkos_Profiling_SpaceHandle+0x219)[0x14629e9d0319]
[jwb0200:4089164] [10] /p/home/jusers/fischill1/juwels/ippl/build_fin/_deps/kokkos-build/core/src/libkokkoscore.so.5.0(_ZNK6Kokkos9CudaSpace8allocateEPKcmm+0x65)[0x14629e9d0395]
[jwb0200:4089164] [11] /p/home/jusers/fischill1/juwels/ippl/build_fin/_deps/kokkos-build/core/src/libkokkoscore.so.5.0(_ZN6Kokkos4Impl44HostInaccessibleSharedAllocationRecordCommonINS_9CudaSpaceEEC2ERKS2_RKNSt7__cxx1112basic_stringIcSt11char_traitsIcESaIcEEEmPFvPNS0_22SharedAllocationRecordIvvEEE+0x30)[0x14629e9d2260]
[jwb0200:4089164] [12] /p/home/jusers/fischill1/juwels/ippl/build_fin/alpine/ElectrostaticPIF/LandauDampingPIF[0x4aa864]
[jwb0200:4089164] [13] /p/home/jusers/fischill1/juwels/ippl/build_fin/alpine/ElectrostaticPIF/LandauDampingPIF[0x4aaf61]
[jwb0200:4089164] [14] /p/home/jusers/fischill1/juwels/ippl/build_fin/alpine/ElectrostaticPIF/LandauDampingPIF[0x4cf907]
[jwb0200:4089164] [15] /p/home/jusers/fischill1/juwels/ippl/build_fin/alpine/ElectrostaticPIF/LandauDampingPIF[0x4e81cb]
[jwb0200:4089164] [16] /p/home/jusers/fischill1/juwels/ippl/build_fin/alpine/ElectrostaticPIF/LandauDampingPIF[0x5bee4d]
[jwb0200:4089164] [17] /p/home/jusers/fischill1/juwels/ippl/build_fin/alpine/ElectrostaticPIF/LandauDampingPIF[0x6093a7]
[jwb0200:4089164] [18] /p/home/jusers/fischill1/juwels/ippl/build_fin/alpine/ElectrostaticPIF/LandauDampingPIF[0x6095b5]
[jwb0200:4089164] [19] /p/home/jusers/fischill1/juwels/ippl/build_fin/alpine/ElectrostaticPIF/LandauDampingPIF[0x60c8d1]
[jwb0200:4089164] [20] /p/home/jusers/fischill1/juwels/ippl/build_fin/alpine/ElectrostaticPIF/LandauDampingPIF[0x60d25b]
[jwb0200:4089164] [21] /p/home/jusers/fischill1/juwels/ippl/build_fin/alpine/ElectrostaticPIF/LandauDampingPIF[0x423759]
[jwb0200:4089164] [22] /usr/lib64/libc.so.6(+0x2a610)[0x14629e263610]
[jwb0200:4089164] [23] /usr/lib64/libc.so.6(__libc_start_main+0x80)[0x14629e2636c0]
[jwb0200:4089164] [24] /p/home/jusers/fischill1/juwels/ippl/build_fin/alpine/ElectrostaticPIF/LandauDampingPIF[0x425995]
[jwb0200:4089164] *** End of error message ***
terminate called after throwing an instance of 'std::runtime_error'
  what():  Kokkos ERROR: Cuda memory space failed to allocate 625.1 MiB (label="perm_out").
[jwb0200:4089165] *** Process received signal ***
[jwb0200:4089165] Signal: Aborted (6)
[jwb0200:4089165] Signal code:  (-6)
terminate called after throwing an instance of 'std::runtime_error'
  what():  Kokkos ERROR: Cuda memory space failed to allocate 625.2 MiB (label="perm_out").
[jwb0284:234451] *** Process received signal ***
[jwb0284:234451] Signal: Aborted (6)
[jwb0284:234451] Signal code:  (-6)
[jwb0200:4089165] [ 0] /usr/lib64/libc.so.6(+0x3fc30)[0x150d0518ac30]
[jwb0200:4089165] [ 1] /usr/lib64/libc.so.6(+0x8d02c)[0x150d051d802c]
[jwb0200:4089165] [ 2] /usr/lib64/libc.so.6(raise+0x16)[0x150d0518ab86]
[jwb0200:4089165] [ 3] /usr/lib64/libc.so.6(abort+0xd3)[0x150d05174873]
[jwb0200:4089165] [ 4] /p/software/default/stages/2026/software/GCCcore/14.3.0/lib64/libstdc++.so.6(+0xadc3d)[0x150d0542fc3d]
[jwb0200:4089165] [ 5] /p/software/default/stages/2026/software/GCCcore/14.3.0/lib64/libstdc++.so.6(+0xbf14a)[0x150d0544114a]
[jwb0200:4089165] [ 6] /p/software/default/stages/2026/software/GCCcore/14.3.0/lib64/libstdc++.so.6(_ZSt10unexpectedv+0x0)[0x150d0542f7e9]
[jwb0200:4089165] [ 7] /p/software/default/stages/2026/software/GCCcore/14.3.0/lib64/libstdc++.so.6(+0xbf3c7)[0x150d054413c7]
[jwb0200:4089165] [ 8] /p/home/jusers/fischill1/juwels/ippl/build_fin/_deps/kokkos-build/core/src/libkokkoscore.so.5.0(_ZN6Kokkos4Impl15throw_bad_allocESt17basic_string_viewIcSt11char_traitsIcEEmS4_+0x115)[0x150d058cfe05]
[jwb0200:4089165] [ 9] /p/home/jusers/fischill1/juwels/ippl/build_fin/_deps/kokkos-build/core/src/libkokkoscore.so.5.0(_ZNK6Kokkos9CudaSpace13impl_allocateEPKcmm28Kokkos_Profiling_SpaceHandle+0x219)[0x150d058e2319]
[jwb0200:4089165] [10] /p/home/jusers/fischill1/juwels/ippl/build_fin/_deps/kokkos-build/core/src/libkokkoscore.so.5.0(_ZNK6Kokkos9CudaSpace8allocateEPKcmm+0x65)[0x150d058e2395]
[jwb0200:4089165] [11] /p/home/jusers/fischill1/juwels/ippl/build_fin/_deps/kokkos-build/core/src/libkokkoscore.so.5.0(_ZN6Kokkos4Impl44HostInaccessibleSharedAllocationRecordCommonINS_9CudaSpaceEEC2ERKS2_RKNSt7__cxx1112basic_stringIcSt11char_traitsIcESaIcEEEmPFvPNS0_22SharedAllocationRecordIvvEEE+0x30)[0x150d058e4260]
[jwb0200:4089165] [12] /p/home/jusers/fischill1/juwels/ippl/build_fin/alpine/ElectrostaticPIF/LandauDampingPIF[0x4aa864]
[jwb0200:4089165] [13] /p/home/jusers/fischill1/juwels/ippl/build_fin/alpine/ElectrostaticPIF/LandauDampingPIF[0x4aaf61]
[jwb0284:234451] [ 0] /usr/lib64/libc.so.6(+0x3fc30)[0x1480c2320c30]
[jwb0284:234451] [ 1] /usr/lib64/libc.so.6(+0x8d02c)[0x1480c236e02c]
[jwb0284:234451] [ 2] /usr/lib64/libc.so.6(raise+0x16)[0x1480c2320b86]
[jwb0284:234451] [ 3] /usr/lib64/libc.so.6(abort+0xd3)[0x1480c230a873]
[jwb0284:234451] [ 4] /p/software/default/stages/2026/software/GCCcore/14.3.0/lib64/libstdc++.so.6(+0xadc3d)[0x1480c25c5c3d]
[jwb0284:234451] [ 5] /p/software/default/stages/2026/software/GCCcore/14.3.0/lib64/libstdc++.so.6(+0xbf14a)[0x1480c25d714a]
[jwb0284:234451] [ 6] /p/software/default/stages/2026/software/GCCcore/14.3.0/lib64/libstdc++.so.6(_ZSt10unexpectedv+0x0)[0x1480c25c57e9]
[jwb0284:234451] [ 7] /p/software/default/stages/2026/software/GCCcore/14.3.0/lib64/libstdc++.so.6(+0xbf3c7)[0x1480c25d73c7]
[jwb0284:234451] [ 8] /p/home/jusers/fischill1/juwels/ippl/build_fin/_deps/kokkos-build/core/src/libkokkoscore.so.5.0(_ZN6Kokkos4Impl15throw_bad_allocESt17basic_string_viewIcSt11char_traitsIcEEmS4_+0x115)[0x1480c2a65e05]
[jwb0200:4089165] [14] /p/home/jusers/fischill1/juwels/ippl/build_fin/alpine/ElectrostaticPIF/LandauDampingPIF[0x4cf90[jwb0284:234451] [ 9] /p/home/juse7]
[jwb0200:4089165] [15] /p/home/jusers/fischill1/juwels/ippl/build_fin/alpine/ElectrostaticPIF/LandauDampingPIF[0x4e81cb]
[jwb0200:4089165] [16] /p/home/jusers/fischill1/juwels/ippl/build_fin/alpine/ElectrostaticPIF/LandauDampingPIF[0x5bee4d]
[jwb0200:4089165] [17] /p/home/jusers/fischill1/juwels/ippl/build_fin/alpine/ElectrostaticPIF/LandauDampingPIF[0x6093a7]
rs/fischill1/juwels/ippl/build_fin/_deps/kokkos-build/core/src/libkokkoscore.so.5.0(_ZNK6Kokkos9CudaSpace13impl_allocateEPKcmm28Kokkos_Profiling_SpaceHandle+0x219)[0x1480c2a78319]
[jwb0284:234451] [10] /p/home/jusers/fischill1/juwels/ippl/build_fin/_deps/kokkos-build/core/src/libkokkoscore.so.5.0(_ZNK6Kokkos9CudaSpace8allocateEPKcmm+0x65)[0x1480c2a78395]
[jwb0284:234451] [11] /p/home/jusers/fischill1/juwels/ippl/build_fin/_deps/kokkos-build/core/src/libkokkoscore.so.5.0(_ZN6Kokkos4Impl44HostInaccessibleSharedAllocationRecordCommonINS_9CudaSpaceEEC2ERKS2_RKNSt7__cxx1112basic_stringIcSt11char_traitsIcESaIcEEEmPFvPNS0_22SharedAllocationRecordIvvEEE+0x30)[0x1480c2a7a260]
[jwb0284:234451] [12] /p/home/jusers/fischill1/juwels/ippl/build_fin/alpine/ElectrostaticPIF/LandauDampingPIF[0x4aa864]
[jwb0284:234451] [13] /p/home/jusers/fischill1/juwels/ippl/build_fin/alpine/ElectrostaticPIF/LandauDampingPIF[0x4aaf61]
[jwb0200:4089165] [18] /p/home/jusers/fischill1/juwels/ippl/build_fin/alpine/ElectrostaticPIF/LandauDampingPIF[0x6095b5]
[jwb0200:4089165] [19] /p/home/jusers/fischill1/juwels/ippl/build_fin/alpine/ElectrostaticPIF/LandauDampingPIF[0x60c8d1]
[jwb0200:4089165] [20] /p/home/jusers/fischill1/juwels/ippl/build_fin/alpine/ElectrostaticPIF/LandauDampingPIF[0x60d25b]
[jwb0200:4089165] [21] /p/home/jusers/fischill1/juwels/ippl/build_fin/alpine/ElectrostaticPIF/LandauDampingPIF[0x423759]
[jwb0200:4089165] [22] /usr/lib64/libc.so.6(+0x2a610)[0x150d05175610]
[jwb0200:4089165] [23] /usr/lib64/libc.so.6(__libc_start_main+0x80)[0x150d051756c0]
[jwb0200:4089165] [24] /p/home/jusers/fischill1/juwels/ippl/build_fin/alpine/ElectrostaticPIF/LandauDampingPIF[0x425995]
[jwb0200:4089165] *** End of error message ***
[jwb0284:234451] [14] /p/home/jusers/fischill1/juwels/ippl/build_fin/alpine/ElectrostaticPIF/LandauDampingPIF[0x4cf907]
[jwb0284:234451] [15] /p/home/jusers/fischill1/juwels/ippl/build_fin/alpine/ElectrostaticPIF/LandauDampingPIF[0x4e81cb]
[jwb0284:234451] [16] /p/home/jusers/fischill1/juwels/ippl/build_fin/alpine/ElectrostaticPIF/LandauDampingPIF[0x5bee4d]
[jwb0284:234451] [17] /p/home/jusers/fischill1/juwels/ippl/build_fin/alpine/ElectrostaticPIF/LandauDampingPIF[0x6093a7]
[jwb0284:234451] [18] /p/home/jusers/fischill1/juwels/ippl/build_fin/alpine/ElectrostaticPIF/LandauDampingPIF[0x6095b5]
[jwb0284:234451] [19] /p/home/jusers/fischill1/juwels/ippl/build_fin/alpine/ElectrostaticPIF/LandauDampingPIF[0x60c8d1]
[jwb0284:234451] [20] /p/home/jusers/fischill1/juwels/ippl/build_fin/alpine/ElectrostaticPIF/LandauDampingPIF[0x60d25b]
[jwb0284:234451] [21] /p/home/jusers/fischill1/juwels/ippl/build_fin/alpine/ElectrostaticPIF/LandauDampingPIF[0x423759]
[jwb0284:234451] [22] /usr/lib64/libc.so.6(+0x2a610)[0x1480c230b610]
[jwb0284:234451] [23] /usr/lib64/libc.so.6(__libc_start_main+0x80)[0x1480c230b6c0]
[jwb0284:234451] [24] /p/home/jusers/fischill1/juwels/ippl/build_fin/alpine/ElectrostaticPIF/LandauDampingPIF[0x425995]
[jwb0284:234451] *** End of error message ***
terminate called after throwing an instance of 'std::runtime_error'
  what():  Kokkos ERROR: Cuda memory space failed to allocate 625.1 MiB (label="perm_out").
[jwb0195:489637] *** Process received signal ***
[jwb0195:489637] Signal: Aborted (6)
[jwb0195:489637] Signal code:  (-6)
[jwb0195:489637] [ 0] /usr/lib64/libc.so.6(+0x3fc30)[0x14f1ced57c30]
[jwb0195:489637] [ 1] /usr/lib64/libc.so.6(+0x8d02c)[0x14f1ceda502c]
[jwb0195:489637] [ 2] /usr/lib64/libc.so.6(raise+0x16)[0x14f1ced57b86]
[jwb0195:489637] [ 3] /usr/lib64/libc.so.6(abort+0xd3)[0x14f1ced41873]
[jwb0195:489637] [ 4] /p/software/default/stages/2026/software/GCCcore/14.3.0/lib64/libstdc++.so.6(+0xadc3d)[0x14f1ceffcc3d]
[jwb0195:489637] [ 5] /p/software/default/stages/2026/software/GCCcore/14.3.0/lib64/libstdc++.so.6(+0xbf14a)[0x14f1cf00e14a]
[jwb0195:489637] [ 6] /p/software/default/stages/2026/software/GCCcore/14.3.0/lib64/libstdc++.so.6(_ZSt10unexpectedv+0x0)[0x14f1ceffc7e9]
[jwb0195:489637] [ 7] /p/software/default/stages/2026/software/GCCcore/14.3.0/lib64/libstdc++.so.6(+0xbf3c7)[0x14f1cf00e3c7]
[jwb0195:489637] [ 8] /p/home/jusers/fischill1/juwels/ippl/build_fin/_deps/kokkos-build/core/src/libkokkoscore.so.5.0(_ZN6Kokkos4Impl15throw_bad_allocESt17basic_string_viewIcSt11char_traitsIcEEmS4_+0x115)[0x14f1cf49ce05]
[jwb0195:489637] [ 9] /p/home/jusers/fischill1/juwels/ippl/build_fin/_deps/kokkos-build/core/src/libkokkoscore.so.5.0(_ZNK6Kokkos9CudaSpace13impl_allocateEPKcmm28Kokkos_Profiling_SpaceHandle+0x219)[0x14f1cf4af319]
[jwb0195:489637] [10] /p/home/jusers/fischill1/juwels/ippl/build_fin/_deps/kokkos-build/core/src/libkokkoscore.so.5.0(_ZNK6Kokkos9CudaSpace8allocateEPKcmm+0x65)[0x14f1cf4af395]
[jwb0195:489637] [11] /p/home/jusers/fischill1/juwels/ippl/build_fin/_deps/kokkos-build/core/src/libkokkoscore.so.5.0(_ZN6Kokkos4Impl44HostInaccessibleSharedAllocationRecordCommonINS_9CudaSpaceEEC2ERKS2_RKNSt7__cxx1112basic_stringIcSt11char_traitsIcESaIcEEEmPFvPNS0_22SharedAllocationRecordIvvEEE+0x30)[0x14f1cf4b1260]
[jwb0195:489637] [12] /p/home/jusers/fischill1/juwels/ippl/build_fin/alpine/ElectrostaticPIF/LandauDampingPIF[0x4aa864]
[jwb0195:489637] [13] /p/home/jusers/fischill1/juwels/ippl/build_fin/alpine/ElectrostaticPIF/LandauDampingPIF[0x4aaf61]
[jwb0195:489637] [14] /p/home/jusers/fischill1/juwels/ippl/build_fin/alpine/ElectrostaticPIF/LandauDampingPIF[0x4cf907]
[jwb0195:489637] [15] /p/home/jusers/fischill1/juwels/ippl/build_fin/alpine/ElectrostaticPIF/LandauDampingPIF[0x4e81cb]
[jwb0195:489637] [16] /p/home/jusers/fischill1/juwels/ippl/build_fin/alpine/ElectrostaticPIF/LandauDampingPIF[0x5bee4d]
[jwb0195:489637] [17] /p/home/jusers/fischill1/juwels/ippl/build_fin/alpine/ElectrostaticPIF/LandauDampingPIF[0x6093a7]
[jwb0195:489637] [18] /p/home/jusers/fischill1/juwels/ippl/build_fin/alpine/ElectrostaticPIF/LandauDampingPIF[0x6095b5]
[jwb0195:489637] [19] /p/home/jusers/fischill1/juwels/ippl/build_fin/alpine/ElectrostaticPIF/LandauDampingPIF[0x60c8d1]
[jwb0195:489637] [20] /p/home/jusers/fischill1/juwels/ippl/build_fin/alpine/ElectrostaticPIF/LandauDampingPIF[0x60d25b]
[jwb0195:489637] [21] /p/home/jusers/fischill1/juwels/ippl/build_fin/alpine/ElectrostaticPIF/LandauDampingPIF[0x423759]
[jwb0195:489637] [22] /usr/lib64/libc.so.6(+0x2a610)[0x14f1ced42610]
[jwb0195:489637] [23] /usr/lib64/libc.so.6(__libc_start_main+0x80)[0x14f1ced426c0]
[jwb0195:489637] [24] /p/home/jusers/fischill1/juwels/ippl/build_fin/alpine/ElectrostaticPIF/LandauDampingPIF[0x425995]
[jwb0195:489637] *** End of error message ***
terminate called after throwing an instance of 'std::runtime_error'
  what():  Kokkos ERROR: Cuda memory space failed to allocate 1.067 GiB (label="temp_storage").
[jwb0357:1448627] *** Process received signal ***
[jwb0357:1448627] Signal: Aborted (6)
[jwb0357:1448627] Signal code:  (-6)
[jwb0357:1448627] [ 0] /usr/lib64/libc.so.6(+0x3fc30)[0x145c18292c30]
[jwb0357:1448627] [ 1] /usr/lib64/libc.so.6(+0x8d02c)[0x145c182e002c]
[jwb0357:1448627] [ 2] /usr/lib64/libc.so.6(raise+0x16)[0x145c18292b86]
[jwb0357:1448627] [ 3] /usr/lib64/libc.so.6(abort+0xd3)[0x145c1827c873]
[jwb0357:1448627] [ 4] /p/software/default/stages/2026/software/GCCcore/14.3.0/lib64/libstdc++.so.6(+0xadc3d)[0x145c18537c3d]
[jwb0357:1448627] [ 5] /p/software/default/stages/2026/software/GCCcore/14.3.0/lib64/libstdc++.so.6(+0xbf14a)[0x145c1854914a]
[jwb0357:1448627] [ 6] /p/software/default/stages/2026/software/GCCcore/14.3.0/lib64/libstdc++.so.6(_ZSt10unexpectedv+0x0)[0x145c185377e9]
[jwb0357:1448627] [ 7] /p/software/default/stages/2026/software/GCCcore/14.3.0/lib64/libstdc++.so.6(+0xbf3c7)[0x145c185493c7]
[jwb0357:1448627] [ 8] /p/home/jusers/fischill1/juwels/ippl/build_fin/_deps/kokkos-build/core/src/libkokkoscore.so.5.0(_ZN6Kokkos4Impl15throw_bad_allocESt17basic_string_viewIcSt11char_traitsIcEEmS4_+0x115)[0x145c189d7e05]
[jwb0357:1448627] [ 9] /p/home/jusers/fischill1/juwels/ippl/build_fin/_deps/kokkos-build/core/sterminate called after throwing an instance of 'std::runtime_error'
rc/libkokkoscore.so.5.0(_ZNK6Kokkos9CudaSpace13impl_allocateEPKcmm28Kokkos_Profiling_SpaceHandle+0x219)[0x145c189ea319]
[jwb0357:1448627] [10] /p/home/jusers/fischill1/juwels/ippl/build_fin/_deps/kokkos-build/core/src/libkokkoscore.so.5.0(_ZNK6Kokkos9CudaSpace8allocateEPKcmm+0x65)[0x145c189ea395]
[jwb0357:1448627] [11] /p/home/jusers/fischill1/juwels/ippl/build_fin/_deps/kokkos-build/core/src/libkokkoscore.so.5.0(_ZN6Kokkos4Impl44HostInaccessibleSharedAllocationRecordCommonINS_9CudaSpaceEEC2ERKS2_RKNSt7__cxx1112basic_stringIcSt11char_traitsIcESaIcEEEmPFvPNS0_22SharedAllocationRecordIvvEEE+0x30)[0x145c189ec260]
[jwb0357:1448627] [12] /p/home/jusers/fischill1/juwels/ippl/build_fin/alpine/ElectrostaticPIF/LandauDampingPIF[0x49cd3a]
[jwb0357:1448627] [13] /p/home/jusers/fischill1/juwels/ippl/build_fin/alpine/ElectrostaticPIF/LandauDampingPIF[0x4d0480]
terminate called after throwing an instance of 'std::runtime_error'
  what():  Kokkos ERROR: Cuda memory space failed to allocate 625.3 MiB (label="perm_out").
[jwb0357:1448627] [14] /p/home/jusers/fischill1/juwels/ippl/build_fin/alpine/ElectrostaticPIF/LandauDampingPIF[0x4e81cb]
[jwb0357:1448627] [15] /p/home/jusers/fischill1/juwels/ippl/build_fin/alpine/ElectrostaticPIF/LandauDampingPIF[0x5bee4d]
  what():  Kokkos ERROR: Cuda memory space failed to allocate 1.067 GiB (label="temp_storage").
[jwb0357:1448627] [16] /p/home/jusers/fischill1/juwels/ippl/build_fin/alpine/ElectrostaticPIF/LandauDampingPIF[0x6093a7]
[jwb0357:1448627] [17] /p/home/jusers/fischill1/juwels/ippl/build_fin/alpine/ElectrostaticPIF/LandauDampingPIF[0x6095b5]
[jwb0287:250474] *** Process received signal ***
[jwb0287:250474] Signal: Aborted (6)
[jwb0287:250474] Signal code:  (-6)
[jwb0288:4057034] *** Process received signal ***
[jwb0288:4057034] Signal: Aborted (6)
[jwb0288:4057034] Signal code:  (-6)
[jwb0357:1448627] [18] /p/home/jusers/fischill1/juwels/ippl/build_fin/alpine/ElectrostaticPIF/LandauDampingPIF[0x60c8d1]
[jwb0357:1448627] [19] /p/home/jusers/fischill1/juwels/ippl/build_fin/alpine/ElectrostaticPIF/LandauDampingPIF[0x60d25b]
[jwb0357:1448627] [20] /p/home/jusers/fischill1/juwels/ippl/build_fin/alpine/ElectrostaticPIF/LandauDampingPIF[0x423759]
[jwb0357:1448627] [21] /usr/lib64/libc.so.6(+0x2a610)[0x145c1827d610]
[jwb0357:1448627] [22] /usr/lib64/libc.so.6(__libc_start_main+0x80)[0x145c1827d6c0]
[jwb0357:1448627] [23] /p/home/jusers/fischill1/juwels/ippl/build_fin/alpine/ElectrostaticPIF/LandauDampingPIF[0x425995]
[jwb0357:1448627] *** End of error message ***
terminate called after throwing an instance of 'std::runtime_error'
terminate called after throwing an instance of 'std::runtime_error'
terminate called after throwing an instance of 'std::runtime_error'
terminate called after throwing an instance of 'std::runtime_error'
  what():  Kokkos ERROR: Cuda memory space failed to allocate 683.5 MiB (label="keys_out").
terminate called after throwing an instance of 'std::runtime_error'
  what():  Kokkos ERROR: Cuda memory space failed to allocate 641.4 MiB (label="keys_out").
terminate called after throwing an instance of 'std::runtime_error'
terminate called after throwing an instance of 'std::runtime_error'
  what():  Kokkos ERROR: Cuda memory space failed to allocate 666 MiB (label="keys_out").
terminate called after throwing an instance of 'std::runtime_error'
  what():  Kokkos ERROR: Cuda memory space failed to allocate 1.067 GiB (label="temp_storage").
terminate called after throwing an instance of 'std::runtime_error'
  what():  Kokkos ERROR: Cuda memory space failed to allocate 625.2 MiB (label="perm_out").
[jwb0288:4057034] [ 0] /usr/lib64/libc.so.6(+0x3fc30)[0x1529e1a43c30]
[jwb0288:4057034] [ 1] /usr/lib64/libc.so.6(+0x8d02c)[0x1529e1a9102c]
[jwb0288:4057034] [ 2] /usr/lib64/libc.so.6(raise+0x16)[0x1529e1a43b86]
[jwb0288:4057034] [ 3] /usr/lib64/libc.so.6(abort+0xd3)[0x1529e1a2d873]
[jwb0288:4057034] [ 4] /p/software/default/stages/2026/software/GCCcore/14.3.0/lib64/libstdc++.so.6(+0xadc3d)[0x1529e1ce8c3d]
[jwb0288:4057034] [ 5] /p/software/default/stages/2026/software/GCCcore/14.3.0/lib64/libstdc++.so.6(+0xbf14a)[0x1529e1cfa14a]
[jwb0288:4057034] [ 6] /p/software/default/stages/2026/software/GCCcore/14.3.0/lib64/libstdc++.so.6(_ZSt10unexpectedv+0x0)[0x1529e1ce87e9]
[jwb0288:4057034] [ 7] /p/software/default/stages/2026/software/GCCcore/14.3.0/lib64/libstdc++.so.6(+0xbf3c7)[0x1529e1cfa3c7]
[jwb0288:4057034] [ 8] /p/home/jusers/fischill1/juwels/ippl/build_fin/_deps/kokkos-build/core/src/libkokkoscore.so.5.0(_ZN6Kokkos4Impl15throw_bad_allocESt17basic_string_viewIcSt11char_traitsIcEEmS4_+0x115)[0x1529e2188e05]
  what():  Kokkos ERROR: Cuda memory space failed to allocate 602.2 MiB (label="perm_out").
terminate called after throwing an instance of 'std::runtime_error'
[jwb0099:2114868] *** Process received signal ***
[jwb0099:2114868] Signal: Aborted (6)
[jwb0099:2114868] Signal code:  (-6)
[jwb0264:3805129] *** Process received signal ***
[jwb0264:3805129] Signal: Aborted (6)
[jwb0264:3805129] Signal code:  (-6)
  what():  Kokkos ERROR: Cuda memory space failed to allocate 625.1 MiB (label="perm_out").
[jwb0099:2114870] *** Process received signal ***
[jwb0099:2114870] Signal: Aborted (6)
[jwb0099:2114870] Signal code:  (-6)
terminate called after throwing an instance of 'std::runtime_error'
terminate called after throwing an instance of 'std::runtime_error'
  what():  Kokkos ERROR: Cuda memory space failed to allocate 624.8 MiB (label="perm_out").
  what():  Kokkos ERROR: Cuda memory space failed to allocate 1.068 GiB (label="temp_storage").
[jwb0099:2114869] *** Process received signal ***
[jwb0099:2114869] Signal: Aborted (6)
[jwb0099:2114869] Signal code:  (-6)
[jwb0288:4057034] [ 9] /p[jwb0264:3805128] *** Process received signal ***
[jwb0264:3805128] Signal: Aborted (6)
[jwb0264:3805128] Signal code:  (-6)
  what():  Kokkos ERROR: Cuda memory space failed to allocate 641.4 MiB (label="keys_out").
terminate called after throwing an instance of 'std::runtime_error'
[jwb0099:2114867] *** Process received signal ***
/home/jusers/fischill1/juwels/ippl/build_fin/_deps/kokkos-build/core/src/libkokkoscore.so.5.0(_ZNK6Kokkos9CudaSpace13impl_allocateEPKcmm28Kokkos_Profiling_SpaceHandle+0x219)[0x1529e219b319]
terminate called after throwing an instance of 'std::runtime_error'
[jwb0264:3805127] *** Process received signal ***
  what():  Kokkos ERROR: Cuda memory space failed to allocate 601.8 MiB (label="perm_out").
[jwb0099:2114867] Signal: Aborted (6)
[jwb0099:2114867] Signal code:  (-6)
[jwb0288:4057034] [10] /p/home/jusers/fischill1/juwels/ippl/build_fin/_deps/kokkos-build/core/src/libkokkoscore.so.5.0(_ZNK6Kokkos9CudaSpace8allocateEPKcmm+0x65)[0x1529e219b395]
[jwb0288:4057034] [11] /p/home/jusers/fischill1/juwels/ippl/build_fin/_deps/kokkos-build/core/src/libkokkoscore.so.5.0(_ZN6Kokkos4Impl44HostInaccessibleSharedAllocationRecordCommonINS_9CudaSpaceEEC2ERKS2_RKNSt7__cxx1112basic_stringIcSt11char_traitsIcESaIcEEEmPFvPNS0_22SharedAllocationRecordIvvEEE+0x30)[0x1529e219d260]
[jwb0288:4057034] [12] /p/home/jusers/fischill1/juwels/ippl/build_fin/alpine/ElectrostaticPIF/LandauDampingPIF[0x4aa864]
[jwb0288:4057034] [13] /p/home/jusers/fischill1/juwels/ippl/build_fin/alpine/ElectrostaticPIF/LandauDampingPIF[0x4aaf61]
[jwb0288:4057034] [14] /p/home/jusers/fischill1/juwels/ippl/build_fin/alpine/ElectrostaticPIF/LandauDampingPIF[0x4cf907]
terminate called after throwing an instance of 'std::runtime_error'
[jwb0264:3805127] Signal: Aborted (6)
[jwb0264:3805127] Signal code:  (-6)
[jwb0100:874750] *** Process received signal ***
[jwb0100:874750] Signal: Aborted (6)
[jwb0100:874750] Signal code:  (-6)
terminate called after throwing an instance of 'std::runtime_error'
terminate called after throwing an instance of 'std::runtime_error'
[jwb0100:874752] *** Process received signal ***
[jwb0100:874752] Signal: Aborted (6)
[jwb0100:874752] Signal code:  (-6)
  what():  Kokkos ERROR: Cuda memory space failed to allocate 642 MiB (label="keys_out").
[jwb0100:874749] *** Process received signal ***
[jwb0100:874749] Signal: Aborted (6)
[jwb0100:874749] Signal code:  (-6)
terminate called after throwing an instance of 'std::runtime_error'
[jwb0287:250474] [ 0] /usr/lib64/libc.so.6(+0x3fc30)[0x145f5d241c30]
[jwb0287:250474] [ 1] /usr/lib64/libc.so.6(+0x8d02c)[0x145f5d28f02c]
[jwb0287:250474] [ 2] /usr/lib64/libc.so.6(raise+0x16)[0x145f5d241b86]
[jwb0287:250474] [ 3] /usr/lib64/libc.so.6(abort+0xd3)[0x145f5d22b873]
[jwb0287:250474] [ 4] /p/software/default/stages/2026/software/GCCcore/14.3.0/lib64/libstdc++.so.6(+0xadc3d)[0x145f5d4e6c3d]
[jwb0287:250474] [ 5] /p/software/default/stages/2026/software/GCCcore/14.3.0/lib64/libstdc++.so.6(+0xbf14a)[0x145f5d4f814a]
[jwb0287:250474] [ 6] /p/software/default/stages/2026/software/GCCcore/14.3.0/lib64/libstdc++.so.6(_ZSt10unexpectedv+0x0)[0x145f5d4e67e9]
[jwb0287:250474] [ 7] /p/software/default/stages/2026/software/GCCcore/14.3.0/lib64/libstdc++.so.6(+0xbf3c7)[0x145f5d4f83c7]
[jwb0287:250474] [ 8] /p/home/jusers/fischill1/juwels/ippl/build_fin/_deps/kokkos-build/core/src/libkokkoscore.so.5.0(_ZN6Kokkos4Impl15throw_bad_allocESt17basic_string_viewIcSt11char_traitsIcEEmS4_+0x115)[0x145f5d986e05]
[jwb0288:4057034] [15] /p/home/jusers/fischill1/juwels/ippl/build_fin/alpine/ElectrostaticPIF/LandauDampingPIF[0x4e81cb]
[jwb0288:4057034] [16] /p/home/jusers/fischill1/juwels/ippl/build_fin/alpine/ElectrostaticPIF/LandauDampingPIF[0x5bee4d]
[jwb0288:4057034] [17] /p/home/jusers/fischill1/juwels/ippl/build_fin/alpine/ElectrostaticPIF/LandauDampingPIF[0x6093a7]
[jwb0288:4057034] [18] /p/home/jusers/fischill1/juwels/ippl/build_fin/alpine/ElectrostaticPIF/LandauDampingPIF[0x6095b5]
  what():  Kokkos ERROR: Cuda memory space failed to allocate 624.6 MiB (label="perm_out").
terminate called after throwing an instance of 'std::runtime_error'
[jwb0100:874751] *** Process received signal ***
[jwb0100:874751] Signal: Aborted (6)
[jwb0100:874751] Signal code:  (-6)
terminate called after throwing an instance of 'std::runtime_error'
[jwb0287:250474] [ 9] /p/home/juse[jwb0288:4057034] [19] /p/home/jusers/fischill1/juwels/ippl/build_fin/alpine/ElectrostaticPIF/LandauDampingPIF[0x60c8d1]
[jwb0288:4057034] [20] /p/home/jusers/fischill1/juwels/ippl/build_fin/alpine/ElectrostaticPIF/LandauDampingPIF[0x60d25b]
[jwb0288:4057034] [21] /p/home/jusers/fischill1/juwels/ippl/build_fin/alpine/ElectrostaticPIF/LandauDampingPIF[0x423759]
[jwb0288:4057034] [22] /usr/lib64/libc.so.6(+0x2a610)[0x1529e1a2e610]
[jwb0288:4057034] [23] /usr/lib64/libc.so.6(__libc_start_main+0x80)[0x1529e1a2e6c0]
[jwb0288:4057034] [24] /p/home/jusers/fischill1/juwels/ippl/build_fin/alpine/ElectrostaticPIF/LandauDampingPIF[0x425995]
[jwb0288:4057034] *** End of error message ***
  what():  Kokkos ERROR: Cuda memory space failed to allocate 602.2 MiB (label="perm_out").
terminate called after throwing an instance of 'std::runtime_error'
terminate called after throwing an instance of 'std::runtime_error'
[jwb0099:2114870] [ 0] /usr/lib64/libc.so.6(+0x3fc30)[0x152634b63c30]
[jwb0099:2114870] [ 1] /usr/lib64/libc.so.6(+0x8d02c)[0x152634bb102c]
[jwb0099:2114870] [ 2] /usr/lib64/libc.so.6(raise+0x16)[0x152634b63b86]
[jwb0099:2114870] [ 3] /usr/lib64/libc.so.6(abort+0xd3)[0x152634b4d873]
[jwb0099:2114870] [ 4] /p/software/default/stages/2026/software/GCCcore/14.3.0/lib64/libstdc++.so.6(+0xadc3d)[0x152634e08c3d]
[jwb0099:2114870] [ 5] /p/software/default/stages/2026/software/GCCcore/14.3.0/lib64/libstdc++.so.6(+0xbf14a)[0x152634e1a14a]
[jwb0099:2114870] [ 6] /p/software/default/stages/2026/software/GCCcore/14.3.0/lib64/libstdc++.so.6(_ZSt10unexpectedv+0x0)[0x152634e087e9]
[jwb0099:2114870] [ 7] /p/software/default/stages/2026/software/GCCcore/14.3.0/lib64/libstdc++.so.6(+0xbf3c7)[0x152634e1a3c7]
[jwb0099:2114870] [ 8] /p/home/jusers/fischill1/juwels/ippl/build_fin/_deps/kokkos-build/core/src/libkokkoscore.so.5.0(_ZN6Kokkos4Impl15throw_bad_allocESt17basic_string_viewIcSt11char_traitsIcEEmS4_+0x115)[0x1526352a8e05]
rs/fischill1/juwels/ippl/build_fin/_deps/kokkos-build/core/src/libkokkoscore.so.5.0(_ZNK6Kokkos9CudaSpace13impl_allocateEPKcmm28Kokkos_Profiling_SpaceHandle+0x219)[0x145f5d999319]
[jwb0287:250474] [10] /p/home/jusers/fischill1/juwels/ippl/build_fin/_deps/kokkos-build/core/src/libkokkoscore.so.5.0(_ZNK6Kokkos9CudaSpace8allocateEPKcmm+0x65)[0x145f5d999395]
[jwb0287:250474] [11] /p/home/jusers/fischill1/juwels/ippl/build_fin/_deps/kokkos-build/core/src/libkokkoscore.so.5.0(_ZN6Kokkos4Impl44HostInaccessibleSharedAllocationRecordCommonINS_9CudaSpaceEEC2ERKS2_RKNSt7__cxx1112basic_stringIcSt11char_traitsIcESaIcEEEmPFvPNS0_22SharedAllocationRecordIvvEEE+0x30)[0x145f5d99b260]
[jwb0287:250474] [12] /p/home/jusers/fischill1/juwels/ippl/build_fin/alpine/ElectrostaticPIF/LandauDampingPIF[0x49cd3a]
[jwb0287:250474] [13] /p/home/jusers/fischill1/juwels/ippl/build_fin/alpine/ElectrostaticPIF/LandauDampingPIF[0x4d0480]
  what():  Kokkos ERROR: Cuda memory space failed to allocate 1.067 GiB (label="temp_storage").
terminate called after throwing an instance of 'std::runtime_error'
  what():  Kokkos ERROR: Cuda memory space failed to allocate 1.001 GiB (label="temp_storage").
[jwb0099:2114870] [ 9] /p[jwb0287:250474] [14] /p/home/jusers/fischill1/juwels/ippl/build_fin/alpine/ElectrostaticPIF/LandauDampingPIF[0x4e81cb]
[jwb0287:250[jwb0131:575740] *** Process received signal ***
[jwb0131:575740] Signal: Aborted (6)
[jwb0131:575740] Signal code:  (-6)
  what():  Kokkos ERROR: Cuda memory space failed to allocate 1.001 GiB (label="temp_storage").
  what():  Kokkos ERROR: Cuda memory space failed to allocate 602.4 MiB (label="perm_out").
[jwb0099:2114868] [ 0] /usr/lib64/libc.so.6(+0x3fc30)[0x153444b78c30]
[jwb0099:2114868] [ 1] /usr/lib64/libc.so.6(+0x8d02c)[0x153444bc602c]
[jwb0099:2114868] [ 2] /usr/lib64/libc.so.6(raise+0x16)[0x153444b78b86]
[jwb0099:2114868] [ 3] /usr/lib64/libc.so.6(abort+0xd3)[0x153444b62873]
[jwb0099:2114868] [ 4] /p/software/default/stages/2026/software/GCCcore/14.3.0/lib64/libstdc++.so.6(+0xadc3d)[0x153444e1dc3d]
[jwb0099:2114868] [ 5] /p/software/default/stages/2026/software/GCCcore/14.3.0/lib64/libstdc++.so.6(+0xbf14a)[0x153444e2f14a]
[jwb0099:2114868] [ 6] /p/software/default/stages/2026/software/GCCcore/14.3.0/lib64/libstdc++.so.6(_ZSt10unexpectedv+0x0)[0x153444e1d7e9]
[jwb0099:2114868] [ 7] /p/software/default/stages/2026/software/GCCcore/14.3.0/lib64/libstdc++.so.6(+0xbf3c7)[0x153444e2f3c7]
[jwb0099:2114868] [ 8] /p/home/jusers/fischill1/juwels/ippl/build_fin/_deps/kokkos-build/core/src/libkokkoscore.so.5.0(_ZN6Kokkos4Impl15throw_bad_allocESt17basic_string_viewIcSt11char_traitsIcEEmS4_+0x115)[0x1534452bde05]
474] [15] /p/home/jusers/fischill1/juwels/ippl/build_fin/alpine/ElectrostaticPIF/LandauDampingPIF[0x5bee4d]
[jwb0287:250474] [16] /p/home/jusers/fischill1/juwels/ippl/build_fin/alpine/ElectrostaticPIF/LandauDampingPIF[0x6093a7]
[jwb0287:250474] [17] /p/home/jusers/fischill1/juwels/ippl/build_fin/alpine/ElectrostaticPIF/LandauDampingPIF[0x6095b5]
[jwb0287:250474] [18] /p/home/jusers/fischill1/juwels/ippl/build_fin/alpine/ElectrostaticPIF/LandauDampingPIF[0x60c8d1]
[jwb0287:250474] [19] /p/home/jusers/fischill1/juwels/ippl/build_fin/alpine/ElectrostaticPIF/LandauDampingPIF[0x60d25b]
[jwb0287:250474] [20] /p/home/jusers/fischill1/juwels/ippl/build_fin/alpine/ElectrostaticPIF/LandauDampingPIF[0x423759]
[jwb0287:250474] [21] /usr/lib64/libc.so.6(+0x2a610)[0x145f5d22c610]
[jwb0287:250474] [22] /usr/lib64/libc.so.6(__libc_start_main+0x80)[0x145f5d22c6c0]
[jwb0287:250474] [23] /p/home/jusers/fischill1/juwels/ippl/build_fin/alpine/ElectrostaticPIF/LandauDampingPIF[0x425995]
[jwb0131:575741] *** Process received signal ***
[jwb0131:575741] Signal: Aborted (6)
[jwb0131:575741] Signal code:  (-6)
[jwb0264:3805127] [ 0] /usr/lib64/libc.so.6(+0x3fc30)[0x1495b3972c30]
[jwb0264:3805127] [ 1] /usr/lib64/libc.so.6(+0x8d02c)[0x1495b39c002c]
[jwb0264:3805127] [ 2] /usr/lib64/libc.so.6(raise+0x16)[0x1495b3972b86]
[jwb0264:3805127] [ 3] /usr/lib64/libc.so.6(abort+0xd3)[0x1495b395c873]
[jwb0264:3805127] [ 4] /p/software/default/stages/2026/software/GCCcore/14.3.0/lib64/libstdc++.so.6(+0xadc3d)[0x1495b3c17c3d]
[jwb0264:3805127] [ 5] /p/software/default/stages/2026/software/GCCcore/14.3.0/lib64/libstdc++.so.6(+0xbf14a)[0x1495b3c2914a]
[jwb0264:3805127] [ 6] /p/software/default/stages/2026/software/GCCcore/14.3.0/lib64/libstdc++.so.6(_ZSt10unexpectedv+0x0)[0x1495b3c177e9]
[jwb0264:3805127] [ 7] /p/software/default/stages/2026/software/GCCcore/14.3.0/lib64/libstdc++.so.6(+0xbf3c7)[0x1495b3c293c7]
[jwb0264:3805127] [ 8] /p/home/jusers/fischill1/juwels/ippl/build_fin/_deps/kokkos-build/core/src/libkokkoscore.so.5.0(_ZN6Kokkos4Impl15throw_bad_allocESt17basic_string_viewIcSt11char_traitsIcEEmS4_+0x115)[0x1495b40b7e05]
  what():  Kokkos ERROR: Cuda memory space failed to allocate 1.067 GiB (label="temp_storage").
[jwb0100:874751] [ 0] /usr/lib64/libc.so.6(+0x3fc30)[0x152d5299fc30]
[jwb0100:874751] [ 1] /usr/lib64/libc.so.6(+0x8d02c)[0x152d529ed02c]
[jwb0100:874751] [ 2] /usr/lib64/libc.so.6(raise+0x16)[0x152d5299fb86]
[jwb0100:874751] [ 3] /usr/lib64/libc.so.6(abort+0xd3)[0x152d52989873]
[jwb0100:874751] [ 4] /p/software/default/stages/2026/software/GCCcore/14.3.0/lib64/libstdc++.so.6(+0xadc3d)[0x152d52c44c3d]
[jwb0100:874751] [ 5] /p/software/default/stages/2026/software/GCCcore/14.3.0/lib64/libstdc++.so.6(+0xbf14a)[0x152d52c5614a]
[jwb0100:874751] [ 6] /p/software/default/stages/2026/software/GCCcore/14.3.0/lib64/libstdc++.so.6(_ZSt10unexpectedv+0x0)[0x152d52c447e9]
[jwb0100:874751] [ 7] /p/software/default/stages/2026/software/GCCcore/14.3.0/lib64/libstdc++.so.6(+0xbf3c7)[0x152d52c563c7]
[jwb0100:874751] [ 8] /p/home/jusers/fischill1/juwels/ippl/build_fin/_deps/kokkos-build/core/src/libkokkoscore.so.5.0(_ZN6Kokkos4Impl15throw_bad_allocESt17basic_string_viewIcSt11char_traitsIcEEmS4_+0x115)[0x152d530e4e05]
  what():  Kokkos ERROR: Cuda memory space failed to allocate 1.029 GiB (label="temp_storage").
[jwb0099:2114868] [ 9] /p[jwb0287:250474] *** End of error message ***
[jwb0131:575739] *** Process received signal ***
[jwb0131:575739] Signal: Aborted (6)
[jwb0131:575739] Signal code:  (-6)
[jwb0264:3805127] [ 9] /p  what():  Kokkos ERROR: Cuda memory space failed to allocate 602.4 MiB (label="perm_out").
[jwb0100:874751] [ 9] /p/home/juse  what():  Kokkos ERROR: Cuda memory space failed to allocate 1.067 GiB (label="temp_storage").
/home/jusers/fischill1/juwels/ippl/build_fin/_deps/kokkos-build/core/src/libkokkoscore.so.5.0(_ZNK6Kokkos9CudaSpace13impl_allocateEPKcmm28Kokkos_Profiling_SpaceHandle+0x219)[0x1526352bb319]
[jwb0099:2114870] [10] /p/home/jusers/fischill1/juwels/ippl/build_fin/_deps/kokkos-build/core/src/libkokkoscore.so.5.0(_ZNK6Kokkos9CudaSpace8allocateEPKcmm+0x65)[0x1526352bb395]
[jwb0099:2114870] [11] /p/home/jusers/fischill1/juwels/ippl/build_fin/_deps/kokkos-build/core/src/libkokkoscore.so.5.0(_ZN6Kokkos4Impl44HostInaccessibleSharedAllocationRecordCommonINS_9CudaSpaceEEC2ERKS2_RKNSt7__cxx1112basic_stringIcSt11char_traitsIcESaIcEEEmPFvPNS0_22SharedAllocationRecordIvvEEE+0x30)[0x1526352bd260]
[jwb0099:2114870] [12] /p/home/jusers/fischill1/juwels/ippl/build_fin/alpine/ElectrostaticPIF/LandauDampingPIF[0x4aa864]
[jwb0099:2114870] [13] /p/home/jusers/fischill1/juwels/ippl/build_fin/alpine/ElectrostaticPIF/LandauDampingPIF[0x4aae5e]
[jwb0131:575738] *** Process received signal ***
[jwb0131:575738] Signal: Aborted (6)
[jwb0131:575738] Signal code:  (-6)
/home/jusers/fischill1/juwels/ippl/build_fin/_deps/kokkos-build/core/src/libkokkoscore.so.5.0(_ZNK6Kokkos9CudaSpace13impl_allocateEPKcmm28Kokkos_Profiling_SpaceHandle+0x219)[0x1495b40ca319]
[jwb0264:3805127] [10] /p/home/jusers/fischill1/juwels/ippl/build_fin/_deps/kokkos-build/core/src/libkokkoscore.so.5.0(_ZNK6Kokkos9CudaSpace8allocateEPKcmm+0x65)[0x1495b40ca395]
[jwb0264:3805127] [11] /p/home/jusers/fischill1/juwels/ippl/build_fin/_deps/kokkos-build/core/src/libkokkoscore.so.5.0(_ZN6Kokkos4Impl44HostInaccessibleSharedAllocationRecordCommonINS_9CudaSpaceEEC2ERKS2_RKNSt7__cxx1112basic_stringIcSt11char_traitsIcESaIcEEEmPFvPNS0_22SharedAllocationRecordIvvEEE+0x30)[0x1495b40cc260]
[jwb0264:3805127] [12] /p/home/jusers/fischill1/juwels/ippl/build_fin/alpine/ElectrostaticPIF/LandauDampingPIF[0x4aa864]
[jwb0264:3805127] [13] /p/home/jusers/fischill1/juwels/ippl/build_fin/alpine/ElectrostaticPIF/LandauDampingPIF[0x4aaf61]
  what():  Kokkos ERROR: Cuda memory space failed to allocate 1.029 GiB (label="temp_storage").
terminate called after throwing an instance of 'std::runtime_error'
rs/fischill1/juwels/ippl/build_fin/_deps/kokkos-build/core/src/libkokkoscore.so.5.0(_ZNK6Kokkos9CudaSpace13impl_allocateEPKcmm28Kokkos_Profiling_SpaceHandle+0x219)[0x152d530f7319]
[jwb0135:536182] *** Process received signal ***
[jwb0135:536182] Signal: Aborted (6)
[jwb0135:536182] Signal code:  (-6)
[jwb0099:2114870] [14] /p/home/jusers/fischill1/juwels/ippl/build_fin/alpine/ElectrostaticPIF/LandauDampingPIF[0x4cf90terminate called after throwing an instance of 'std::runtime_error'
  what():  Kokkos ERROR: Cuda memory space failed to allocate 602.3 MiB (label="perm_out").
[jwb0287:250477] *** Process received signal ***
[jwb0131:575739] [ 0] /usr/lib64/libc.so.6(+0x3fc30)[0x14d088913c30]
[jwb0131:575739] [ 1] /usr/lib64/libc.so.6(+0x8d02c)[0x14d08896102c]
[jwb0131:575739] [ 2] /usr/lib64/libc.so.6(raise+0x16)[0x14d088913b86]
[jwb0131:575739] [ 3] /usr/lib64/libc.so.6(abort+0xd3)[0x14d0888fd873]
[jwb0131:575739] [ 4] /p/software/default/stages/2026/software/GCCcore/14.3.0/lib64/libstdc++.so.6(+0xadc3d)[0x14d088bb8c3d]
[jwb0131:575739] [ 5] /p/software/default/stages/2026/software/GCCcore/14.3.0/lib64/libstdc++.so.6(+0xbf14a)[0x14d088bca14a]
[jwb0131:575739] [ 6] /p/software/default/stages/2026/software/GCCcore/14.3.0/lib64/libstdc++.so.6(_ZSt10unexpectedv+0x0)[0x14d088bb87e9]
[jwb0131:575739] [ 7] /p/software/default/stages/2026/software/GCCcore/14.3.0/lib64/libstdc++.so.6(+0xbf3c7)[0x14d088bca3c7]
[jwb0131:575739] [ 8] /p/home/jusers/fischill1/juwels/ippl/build_fin/_deps/kokkos-build/core/src/libkokkoscore.so.5.0(_ZN6Kokkos4Impl15throw_bad_allocESt17basic_string_viewIcSt11char_traitsIcEEmS4_+0x115)[0x14d089058e05]
[jwb0264:3805127] [14] /p/home/jusers/fischill1/juwels/ippl/build_fin/alpine/ElectrostaticPIF/LandauDampingPIF[0x4cf90[jwb0265:3348666] *** Process received signal ***
[jwb0265:3348666] Signal: Aborted (6)
[jwb0265:3348666] Signal code:  (-6)
[jwb0100:874750] [ 0] /usr/lib64/libc.so.6(+0x3fc30)[0x14fde6085c30]
[jwb0100:874750] [ 1] /usr/lib64/libc.so.6(+0x8d02c)[0x14fde60d302c]
[jwb0100:874750] [ 2] /usr/lib64/libc.so.6(raise+0x16)[0x14fde6085b86]
[jwb0100:874750] [ 3] /usr/lib64/libc.so.6(abort+0xd3)[0x14fde606f873]
[jwb0100:874750] [ 4] /p/software/default/stages/2026/software/GCCcore/14.3.0/lib64/libstdc++.so.6(+0xadc3d)[0x14fde632ac3d]
[jwb0100:874750] [ 5] /p/software/default/stages/2026/software/GCCcore/14.3.0/lib64/libstdc++.so.6(+0xbf14a)[0x14fde633c14a]
[jwb0100:874750] [ 6] /p/software/default/stages/2026/software/GCCcore/14.3.0/lib64/libstdc++.so.6(_ZSt10unexpectedv+0x0)[0x14fde632a7e9]
[jwb0100:874750] [ 7] /p/software/default/stages/2026/software/GCCcore/14.3.0/lib64/libstdc++.so.6(+0xbf3c7)[0x14fde633c3c7]
[jwb0100:874750] [ 8] /p/home/jusers/fischill1/juwels/ippl/build_fin/_deps/kokkos-build/core/src/libkokkoscore.so.5.0(_ZN6Kokkos4Impl15throw_bad_allocESt17basic_string_viewIcSt11char_traitsIcEEmS4_+0x115)[0x14fde67cae05]
[jwb0135:536180] *** Process received signal ***
[jwb0135:536180] Signal: Aborted (6)
[jwb0135:536180] Signal code:  (-6)
/home/jusers/fischill1/juwels/ippl/build_fin/_deps/kokkos-build/core/src/libkokkoscore.so.5.0(_ZNK6Kokkos9CudaSpace13impl_allocateEPKcmm28Kokkos_Profiling_SpaceHandle+0x219)[0x1534452d0319]
[jwb0099:2114868] [10] /p/home/jusers/fischill1/juwels/ippl/build_fin/_deps/kokkos-build/core/src/libkokkoscore.so.5.0(_ZNK6Kokkos9CudaSpace8allocateEPKcmm+0x65)[0x1534452d0395]
[jwb0099:2114868] [11] /p/home/jusers/fischill1/juwels/ippl/build_fin/_deps/kokkos-build/core/src/libkokkoscore.so.5.0(_ZN6Kokkos4Impl44HostInaccessibleSharedAllocationRecordCommonINS_9CudaSpaceEEC2ERKS2_RKNSt7__cxx1112basic_stringIcSt11char_traitsIcESaIcEEEmPFvPNS0_22SharedAllocationRecordIvvEEE+0x30)[0x1534452d2260]
[jwb0099:2114868] [12] /p/home/jusers/fischill1/juwels/ippl/build_fin/alpine/ElectrostaticPIF/LandauDampingPIF[0x4aa864]
[jwb0099:2114868] [13] /p/home/jusers/fischill1/juwels/ippl/build_fin/alpine/ElectrostaticPIF/LandauDampingPIF[0x4aae5e]
[jwb0287:250477] Signal: Aborted (6)
[jwb0287:250477] Signal code:  (-6)
[jwb0264:3805129] [ 0] /usr/lib64/libc.so.6(+0x3fc30)[0x14d7fdd04c30]
[jwb0264:3805129] [ 1] /usr/lib64/libc.so.6(+0x8d02c)[0x14d7fdd5202c]
[jwb0264:3805129] [ 2] /usr/lib64/libc.so.6(raise+0x16)[0x14d7fdd04b86]
[jwb0264:3805129] [ 3] /usr/lib64/libc.so.6(abort+0xd3)[0x14d7fdcee873]
[jwb0264:3805129] [ 4] /p/software/default/stages/2026/software/GCCcore/14.3.0/lib64/libstdc++.so.6(+0xadc3d)[0x14d7fdfa9c3d]
[jwb0264:3805129] [ 5] /p/software/default/stages/2026/software/GCCcore/14.3.0/lib64/libstdc++.so.6(+0xbf14a)[0x14d7fdfbb14a]
[jwb0264:3805129] [ 6] /p/software/default/stages/2026/software/GCCcore/14.3.0/lib64/libstdc++.so.6(_ZSt10unexpectedv+0x0)[0x14d7fdfa97e9]
[jwb0264:3805129] [ 7] /p/software/default/stages/2026/software/GCCcore/14.3.0/lib64/libstdc++.so.6(+0xbf3c7)[0x14d7fdfbb3c7]
[jwb0264:3805129] [ 8] /p/home/jusers/fischill1/juwels/ippl/build_fin/_deps/kokkos-build/core/src/libkokkoscore.so.5.0(_ZN6Kokkos4Impl15throw_bad_allocESt17basic_string_viewIcSt11char_traitsIcEEmS4_+0x115)[0x14d7fe449e05]
[jwb0265:3348663] *** Process received signal ***
[jwb0265:3348663] Signal: Aborted (6)
[jwb0265:3348663] Signal code:  (-6)
  what():  Kokkos ERROR: Cuda memory space failed to allocate 666.4 MiB (label="keys_out").
[jwb0100:874750] [ 9] /p/home/juse[jwb0135:536179] *** Process received signal ***
[jwb0135:536179] Signal: Aborted (6)
[jwb0135:536179] Signal code:  (-6)
[jwb0099:2114867] [ 0] /usr/lib64/libc.so.6(+0x3fc30)[0x147f2e134c30]
[jwb0099:2114867] [ 1] /usr/lib64/libc.so.6(+0x8d02c)[0x147f2e18202c]
[jwb0099:2114867] [ 2] /usr/lib64/libc.so.6(raise+0x16)[0x147f2e134b86]
[jwb0099:2114867] [ 3] /usr/lib64/libc.so.6(abort+0xd3)[0x147f2e11e873]
[jwb0099:2114867] [ 4] /p/software/default/stages/2026/software/GCCcore/14.3.0/lib64/libstdc++.so.6(+0xadc3d)[0x147f2e3d9c3d]
[jwb0099:2114867] [ 5] /p/software/default/stages/2026/software/GCCcore/14.3.0/lib64/libstdc++.so.6(+0xbf14a)[0x147f2e3eb14a]
[jwb0099:2114867] [ 6] /p/software/default/stages/2026/software/GCCcore/14.3.0/lib64/libstdc++.so.6(_ZSt10unexpectedv+0x0)[0x147f2e3d97e9]
[jwb0099:2114867] [ 7] /p/software/default/stages/2026/software/GCCcore/14.3.0/lib64/libstdc++.so.6(+0xbf3c7)[0x147f2e3eb3c7]
[jwb0099:2114867] [ 8] /p/home/jusers/fischill1/juwels/ippl/build_fin/_deps/kokkos-build/core/src/libkokkoscore.so.5.0(_ZN6Kokkos4Impl15throw_bad_allocESt17basic_string_viewIcSt11char_traitsIcEEmS4_+0x115)[0x147f2e879e05]
[jwb0131:575739] [ 9] /p/home/juse[jwb0264:3805129] [ 9] /p[jwb0265:3348665] *** Process received signal ***
[jwb0265:3348665] Signal: Aborted (6)
[jwb0265:3348665] Signal code:  (-6)
[jwb0284:234453] *** Process received signal ***
rs/fischill1/juwels/ippl/build_fin/_deps/kokkos-build/core/src/libkokkoscore.so.5.0(_ZNK6Kokkos9CudaSpace13impl_allocateEPKcmm28Kokkos_Profiling_SpaceHandle+0x219)[0x14fde67dd319]
[jwb0100:874750] [10] /p/home/jusers/fischill1/juwels/ippl/build_fin/_deps/kokkos-build/core/src/libkokkoscore.so.5.0(_ZNK6Kokkos9CudaSpace8allocateEPKcmm+0x65)[0x14fde67dd395]
[jwb0100:874750] [11] /p/home/jusers/fischill1/juwels/ippl/build_fin/_deps/kokkos-build/core/src/libkokkoscore.so.5.0(_ZN6Kokkos4Impl44HostInaccessibleSharedAllocationRecordCommonINS_9CudaSpaceEEC2ERKS2_RKNSt7__cxx1112basic_stringIcSt11char_traitsIcESaIcEEEmPFvPNS0_22SharedAllocationRecordIvvEEE+0x30)[0x14fde67df260]
[jwb0100:874750] [12] /p/home/jusers/fischill1/juwels/ippl/build_fin/alpine/ElectrostaticPIF/LandauDampingPIF[0x4aa864]
[jwb0100:874750] [13] /p/home/jusers/fischill1/juwels/ippl/build_fin/alpine/ElectrostaticPIF/LandauDampingPIF[0x4aaf61]
[jwb0135:536181] *** Process received signal ***
[jwb0135:536181] Signal: Aborted (6)
[jwb0135:536181] Signal code:  (-6)
[jwb0099:2114867] [ 9] /p[jwb0131:575741] [ 0] /usr/lib64/libc.so.6(+0x3fc30)[0x151e9a8bfc30]
[jwb0131:575741] [ 1] /usr/lib64/libc.so.6(+0x8d02c)[0x151e9a90d02c]
[jwb0131:575741] [ 2] /usr/lib64/libc.so.6(raise+0x16)[0x151e9a8bfb86]
[jwb0131:575741] [ 3] /usr/lib64/libc.so.6(abort+0xd3)[0x151e9a8a9873]
[jwb0131:575741] [ 4] /p/software/default/stages/2026/software/GCCcore/14.3.0/lib64/libstdc++.so.6(+0xadc3d)[0x151e9ab64c3d]
[jwb0131:575741] [ 5] /p/software/default/stages/2026/software/GCCcore/14.3.0/lib64/libstdc++.so.6(+0xbf14a)[0x151e9ab7614a]
[jwb0131:575741] [ 6] /p/software/default/stages/2026/software/GCCcore/14.3.0/lib64/libstdc++.so.6(_ZSt10unexpectedv+0x0)[0x151e9ab647e9]
[jwb0131:575741] [ 7] /p/software/default/stages/2026/software/GCCcore/14.3.0/lib64/libstdc++.so.6(+0xbf3c7)[0x151e9ab763c7]
[jwb0131:575741] [ 8] /p/home/jusers/fischill1/juwels/ippl/build_fin/_deps/kokkos-build/core/src/libkokkoscore.so.5.0(_ZN6Kokkos4Impl15throw_bad_allocESt17basic_string_viewIcSt11char_traitsIcEEmS4_+0x115)[0x151e9b004e05]
7]
[jwb0265:3348664] *** Process received signal ***
[jwb0265:3348664] Signal: Aborted (6)
[jwb0265:3348664] Signal code:  (-6)
[jwb0284:234453] Signal: Aborted (6)
[jwb0284:234453] Signal code:  (-6)
[jwb0100:874750] [14] /p/home/jusers/fischill1/juwels/ippl/build_fin/alpine/ElectrostaticPIF/LandauDampingPIF[0x4cf907]
[jwb0100:874750] [15] /p/home/jusers/fischill1/juwels/ippl/build_fin/alpine/ElectrostaticPIF/LandauDampingPIF[0x4e81cb]
[jwb0100:874750] [16] /p/home/jusers/fischill1/juwels/ippl/build_fin/alpine/ElectrostaticPIF/LandauDampingPIF[0x5bee4d]
[jwb0100:874750] [17] /p/home/jusers/fischill1/juwels/ippl/build_fin/alpine/ElectrostaticPIF/LandauDampingPIF[0x6093a7]
[jwb0100:874750] [18] /p/home/jusers/fischill1/juwels/ippl/build_fin/alpine/ElectrostaticPIF/LandauDampingPIF[0x6095b5]
[jwb0100:874750] [19] /p/home/jusers/fischill1/juwels/ippl/build_fin/alpine/ElectrostaticPIF/LandauDampingPIF[0x60c8d1]
[jwb0100:874750] [20] /p/home/jusers/fischill1/juwels/ippl/build_fin/alpine/ElectrostaticPIF/LandauDampingPIF[0x60d25b]
[jwb0100:874750] [21] /p/home/jusers/fischill1/juwels/ippl/build_fin/alpine/ElectrostaticPIF/LandauDampingPIF[0x423759]
[jwb0135:536181] [ 0] /usr/lib64/libc.so.6(+0x3fc30)[0x150dacf4fc30]
[jwb0135:536181] [ 1] /usr/lib64/libc.so.6(+0x8d02c)[0x150dacf9d02c]
[jwb0135:536181] [ 2] /usr/lib64/libc.so.6(raise+0x16)[0x150dacf4fb86]
[jwb0135:536181] [ 3] /usr/lib64/libc.so.6(abort+0xd3)[0x150dacf39873]
[jwb0135:536181] [ 4] /p/software/default/stages/2026/software/GCCcore/14.3.0/lib64/libstdc++.so.6(+0xadc3d)[0x150dad1f4c3d]
[jwb0135:536181] [ 5] /p/software/default/stages/2026/software/GCCcore/14.3.0/lib64/libstdc++.so.6(+0xbf14a)[0x150dad20614a]
[jwb0135:536181] [ 6] /p/software/default/stages/2026/software/GCCcore/14.3.0/lib64/libstdc++.so.6(_ZSt10unexpectedv+0x0)[0x150dad1f47e9]
[jwb0135:536181] [ 7] /p/software/default/stages/2026/software/GCCcore/14.3.0/lib64/libstdc++.so.6(+0xbf3c7)[0x150dad2063c7]
[jwb0135:536181] [ 8] /p/home/jusers/fischill1/juwels/ippl/build_fin/_deps/kokkos-build/core/src/libkokkoscore.so.5.0(_ZN6Kokkos4Impl15throw_bad_allocESt17basic_string_viewIcSt11char_traitsIcEEmS4_+0x115)[0x150dad694e05]
[jwb0099:2114869] [ 0] /usr/lib64/libc.so.6(+0x3fc30)[0x149ea1416c30]
[jwb0099:2114869] [ 1] /usr/lib64/libc.so.6(+0x8d02c)[0x149ea146402c]
[jwb0099:2114869] [ 2] /usr/lib64/libc.so.6(raise+0x16)[0x149ea1416b86]
[jwb0099:2114869] [ 3] /usr/lib64/libc.so.6(abort+0xd3)[0x149ea1400873]
[jwb0099:2114869] [ 4] /p/software/default/stages/2026/software/GCCcore/14.3.0/lib64/libstdc++.so.6(+0xadc3d)[0x149ea16bbc3d]
[jwb0099:2114869] [ 5] /p/software/default/stages/2026/software/GCCcore/14.3.0/lib64/libstdc++.so.6(+0xbf14a)[0x149ea16cd14a]
[jwb0099:2114869] [ 6] /p/software/default/stages/2026/software/GCCcore/14.3.0/lib64/libstdc++.so.6(_ZSt10unexpectedv+0x0)[0x149ea16bb7e9]
[jwb0099:2114869] [ 7] /p/software/default/stages/2026/software/GCCcore/14.3.0/lib64/libstdc++.so.6(+0xbf3c7)[0x149ea16cd3c7]
[jwb0099:2114869] [ 8] /p/home/jusers/fischill1/juwels/ippl/build_fin/_deps/kokkos-build/core/src/libkokkoscore.so.5.0(_ZN6Kokkos4Impl15throw_bad_allocESt17basic_string_viewIcSt11char_traitsIcEEmS4_+0x115)[0x149ea1b5be05]
[jwb0131:575741] [ 9] /p/home/juse/home/jusers/fischill1/juwels/ippl/build_fin/_deps/kokkos-build/core/src/libkokkoscore.so.5.0(_ZNK6Kokkos9CudaSpace13impl_allocateEPKcmm28Kokkos_Profiling_SpaceHandle+0x219)[0x14d7fe45c319]
[jwb0264:3805129] [10] /p/home/jusers/fischill1/juwels/ippl/build_fin/_deps/kokkos-build/core/src/libkokkoscore.so.5.0(_ZNK6Kokkos9CudaSpace8allocateEPKcmm+0x65)[0x14d7fe45c395]
[jwb0264:3805129] [11] /p/home/jusers/fischill1/juwels/ippl/build_fin/_deps/kokkos-build/core/src/libkokkoscore.so.5.0(_ZN6Kokkos4Impl44HostInaccessibleSharedAllocationRecordCommonINS_9CudaSpaceEEC2ERKS2_RKNSt7__cxx1112basic_stringIcSt11char_traitsIcESaIcEEEmPFvPNS0_22SharedAllocationRecordIvvEEE+0x30)[0x14d7fe45e260]
[jwb0264:3805129] [12] /p/home/jusers/fischill1/juwels/ippl/build_fin/alpine/ElectrostaticPIF/LandauDampingPIF[0x49cd3a]
[jwb0264:3805129] [13] /p/home/jusers/fischill1/juwels/ippl/build_fin/alpine/ElectrostaticPIF/LandauDampingPIF[0x4d0480]
[jwb0265:3348665] [ 0] /usr/lib64/libc.so.6(+0x3fc30)[0x1535324c5c30]
[jwb0265:3348665] [ 1] /usr/lib64/libc.so.6(+0x8d02c)[0x15353251302c]
[jwb0265:3348665] [ 2] /usr/lib64/libc.so.6(raise+0x16)[0x1535324c5b86]
[jwb0265:3348665] [ 3] /usr/lib64/libc.so.6(abort+0xd3)[0x1535324af873]
[jwb0265:3348665] [ 4] /p/software/default/stages/2026/software/GCCcore/14.3.0/lib64/libstdc++.so.6(+0xadc3d)[0x15353276ac3d]
[jwb0265:3348665] [ 5] /p/software/default/stages/2026/software/GCCcore/14.3.0/lib64/libstdc++.so.6(+0xbf14a)[0x15353277c14a]
[jwb0265:3348665] [ 6] /p/software/default/stages/2026/software/GCCcore/14.3.0/lib64/libstdc++.so.6(_ZSt10unexpectedv+0x0)[0x15353276a7e9]
[jwb0265:3348665] [ 7] /p/software/default/stages/2026/software/GCCcore/14.3.0/lib64/libstdc++.so.6(+0xbf3c7)[0x15353277c3c7]
[jwb0265:3348665] [ 8] /p/home/jusers/fischill1/juwels/ippl/build_fin/_deps/kokkos-build/core/src/libkokkoscore.so.5.0(_ZN6Kokkos4Impl15throw_bad_allocESt17basic_string_viewIcSt11char_traitsIcEEmS4_+0x115)[0x153532c0ae05]
[jwb0100:874750] [22] /usr/lib64/libc.so.6(+0x2a610)[0x14fde6070610]
[jwb0100:874750] [2[jwb0135:536181] [ 9] /p/home/juse[jwb0099:2114869] [ 9] /prs/fischill1/juwels/ippl/build_fin/_deps/kokkos-build/core/src/libkokkoscore.so.5.0(_ZNK6Kokkos9CudaSpace13impl_allocateEPKcmm28Kokkos_Profiling_SpaceHandle+0x219)[0x14d08906b319]
[jwb0131:575739] [10] /p/home/jusers/fischill1/juwels/ippl/build_fin/_deps/kokkos-build/core/src/libkokkoscore.so.5.0(_ZNK6Kokkos9CudaSpace8allocateEPKcmm+0x65)[0x14d08906b395]
[jwb0131:575739] [11] /p/home/jusers/fischill1/juwels/ippl/build_fin/_deps/kokkos-build/core/src/libkokkoscore.so.5.0(_ZN6Kokkos4Impl44HostInaccessibleSharedAllocationRecordCommonINS_9CudaSpaceEEC2ERKS2_RKNSt7__cxx1112basic_stringIcSt11char_traitsIcESaIcEEEmPFvPNS0_22SharedAllocationRecordIvvEEE+0x30)[0x14d08906d260]
[jwb0131:575739] [12] /p/home/jusers/fischill1/juwels/ippl/build_fin/alpine/ElectrostaticPIF/LandauDampingPIF[0x4aa864]
[jwb0131:575739] [13] /p/home/jusers/fischill1/juwels/ippl/build_fin/alpine/ElectrostaticPIF/LandauDampingPIF[0x4aaf61]
[jwb0264:3805129] [14] /p/home/jusers/fischill1/juwels/ippl/build_fin/alpine/ElectrostaticPIF/LandauDampingPIF[0x4e81c[jwb0265:3348665] [ 9] /p[jwb0100:874751] [10] /p/home/jusers/fischill1/juwels/ippl/build_fin/_deps/kokkos-build/core/src/libkokkoscore.so.5.0(_ZNK6Kokkos9CudaSpace8allocateEPKcmm+0x65)[0x152d530f7395]
[jwb0100:874751] [11] /p/home/jusers/fischill1/juwels/ippl/build_fin/_deps/kokkos-build/core/src/libkokkoscore.so.5.0(_ZN6Kokkos4Impl44HostInaccessibleSharedAllocationRecordCommonINS_9CudaSpaceEEC2ERKS2_RKNSt7__cxx1112basic_stringIcSt11char_traitsIcESaIcEEEmPFvPNS0_22SharedAllocationRecordIvvEEE+0x30)[0x152d530f9260]
[jwb0100:874751] [12] /p/home/jusers/fischill1/juwels/ippl/build_fin/alpine/ElectrostaticPIF/LandauDampingPIF[0x4aa864]
[jwb0100:874751] [13] /p/home/jusers/fischill1/juwels/ippl/build_fin/alpine/ElectrostaticPIF/LandauDampingPIF[0x4aaf61]
[jwb0100:874751] [14] /p/home/jusers/fischill1/juwels/ippl/build_fin/alpine/ElectrostaticPIF/LandauDampingPIF[0x4cf907]
[jwb0100:874751] [15] /p/home/jusers/fischill1/juwels/ippl/build_fin/alpine/ElectrostaticPIF/LandauDampingPIF[0x4e81cb]
rs/fischill1/juwels/ippl/build_fin/_deps/kokkos-build/core/src/libkokkoscore.so.5.0(_ZNK6Kokkos9CudaSpace13impl_allocateEPKcmm28Kokkos_Profiling_SpaceHandle+0x219)[0x150dad6a7319]
[jwb0135:536181] [10] /p/home/jusers/fischill1/juwels/ippl/build_fin/_deps/kokkos-build/core/src/libkokkoscore.so.5.0(_ZNK6Kokkos9CudaSpace8allocateEPKcmm+0x65)[0x150dad6a7395]
[jwb0135:536181] [11] /p/home/jusers/fischill1/juwels/ippl/build_fin/_deps/kokkos-build/core/src/libkokkoscore.so.5.0(_ZN6Kokkos4Impl44HostInaccessibleSharedAllocationRecordCommonINS_9CudaSpaceEEC2ERKS2_RKNSt7__cxx1112basic_stringIcSt11char_traitsIcESaIcEEEmPFvPNS0_22SharedAllocationRecordIvvEEE+0x30)[0x150dad6a9260]
7]
terminate called after throwing an instance of 'std::runtime_error'
  what():  Kokkos ERROR: Cuda memory space failed to allocate 602.4 MiB (label="perm_out").
[jwb0131:575739] [14] /p/home/jusers/fischill1/juwels/ippl/build_fin/alpine/ElectrostaticPIF/LandauDampingPIF[0x4cf907]
[jwb0131:575[jwb0264:3805127] [15] /p/home/jusers/fischill1/juwels/ippl/build_fin/alpine/ElectrostaticPIF/LandauDampingPIF[0x4e81cb]
[jwb0264:3805127] [16] /p/home/jusers/fischill1/juwels/ippl/build_fin/alpine/ElectrostaticPIF/LandauDampingPIF[0x5bee4d]
[jwb0264:3805127] [17] /p/home/jusers/fischill1/juwels/ippl/build_fin/alpine/ElectrostaticPIF/LandauDampingPIF[0x6093a7]
[jwb0264:3805127] [18] /p/home/jusers/fischill1/juwels/ippl/build_fin/alpine/ElectrostaticPIF/LandauDampingPIF[0x6095b5]
[jwb0264:3805127] [19] /p/home/jusers/fischill1/juwels/ippl/build_fin/alpine/ElectrostaticPIF/LandauDampingPIF[0x60c8d1]
[jwb0264:3805127] [20] /p/home/jusers/fischill1/juwels/ippl/build_fin/alpine/ElectrostaticPIF/LandauDampingPIF[0x60d25b]
[jwb0264:3805127] [21] /p/home/jusers/fischill1/juwels/ippl/build_fin/alpine/ElectrostaticPIF/LandauDampingPIF[0x423759]
[jwb0264:3805127] [22] /usr/lib64/libc.so.6(+0x2a610)[0x1495b395d610]
[jwb0264:3805127] [23] /usr/lib64/libc.so.6(__libc_start_main+0x80)[0x1495b395d6c0]
[jwb0265:3348663] [ 0] /usr/lib64/libc.so.6(+0x3fc30)[0x154ffac4fc30]
[jwb0265:3348663] [ 1] /usr/lib64/libc.so.6(+0x8d02c)[0x154ffac9d02c]
[jwb0265:3348663] [ 2] /usr/lib64/libc.so.6(raise+0x16)[0x154ffac4fb86]
[jwb0265:3348663] [ 3] /usr/lib64/libc.so.6(abort+0xd3)[0x154ffac39873]
[jwb0265:3348663] [ 4] /p/software/default/stages/2026/software/GCCcore/14.3.0/lib64/libstdc++.so.6(+0xadc3d)[0x154ffaef4c3d]
[jwb0265:3348663] [ 5] /p/software/default/stages/2026/software/GCCcore/14.3.0/lib64/libstdc++.so.6(+0xbf14a)[0x154ffaf0614a]
[jwb0265:3348663] [ 6] /p/software/default/stages/2026/software/GCCcore/14.3.0/lib64/libstdc++.so.6(_ZSt10unexpectedv+0x0)[0x154ffaef47e9]
[jwb0265:3348663] [ 7] /p/software/default/stages/2026/software/GCCcore/14.3.0/lib64/libstdc++.so.6(+0xbf3c7)[0x154ffaf063c7]
[jwb0265:3348663] [ 8] /p/home/jusers/fischill1/juwels/ippl/build_fin/_deps/kokkos-build/core/src/libkokkoscore.so.5.0(_ZN6Kokkos4Impl15throw_bad_allocESt17basic_string_viewIcSt11char_traitsIcEEmS4_+0x115)[0x154ffb394e05]
[jwb0100:874751] [16] /p/home/jusers/fischill1/juwels/ippl/build_fin/alp[jwb0135:536179] [ 0] /usr/lib64/libc.so.6(+0x3fc30)[0x1553effa8c30]
[jwb0135:536179] [ 1] /usr/lib64/libc.so.6(+0x8d02c)[0x1553efff602c]
[jwb0135:536179] [ 2] /usr/lib64/libc.so.6(raise+0x16)[0x1553effa8b86]
[jwb0135:536179] [ 3] /usr/lib64/libc.so.6(abort+0xd3)[0x1553eff92873]
[jwb0135:536179] [ 4] /p/software/default/stages/2026/software/GCCcore/14.3.0/lib64/libstdc++.so.6(+0xadc3d)[0x1553f024dc3d]
[jwb0135:536179] [ 5] /p/software/default/stages/2026/software/GCCcore/14.3.0/lib64/libstdc++.so.6(+0xbf14a)[0x1553f025f14a]
[jwb0135:536179] [ 6] /p/software/default/stages/2026/software/GCCcore/14.3.0/lib64/libstdc++.so.6(_ZSt10unexpectedv+0x0)[0x1553f024d7e9]
[jwb0135:536179] [ 7] /p/software/default/stages/2026/software/GCCcore/14.3.0/lib64/libstdc++.so.6(+0xbf3c7)[0x1553f025f3c7]
[jwb0135:536179] [ 8] /p/home/jusers/fischill1/juwels/ippl/build_fin/_deps/kokkos-build/core/src/libkokkoscore.so.5.0(_ZN6Kokkos4Impl15throw_bad_allocESt17basic_string_viewIcSt11char_traitsIcEEmS4_+0x115)[0x1553f06ede05]
[jwb0099:2114868] [14] /p/home/jusers/fischill1/juwels/ippl/build_fin/alpine/ElectrostaticPIF/LandauDampingPIF[0x4cf907]
[jwb0099:2114868] [15] /p/home/jusers/fischill1/juwels/ippl/build_fin/alpine/ElectrostaticPIF/LandauDampingPIF[0x4e81cb]
[jwb0099:2114868] [16] /p/home/jusers/fischill1/juwels/ippl/build_fin/alpine/ElectrostaticPIF/LandauDampingPIF[0x5bee4d]
[jwb0099:2114868] [17] /p/home/jusers/fischill1/juwels/ippl/build_fin/alpine/ElectrostaticPIF/LandauDampingPIF[0x6093a7]
[jwb0099:2114868] [18] /p/home/jusers/fischill1/juwels/ippl/build_fin/alpine/ElectrostaticPIF/LandauDampingPIF[0x6095b5]
[jwb0099:2114868] [19] /p/home/jusers/fischill1/juwels/ippl/build_fin/alpine/ElectrostaticPIF/LandauDampingPIF[0x60c8d1]
[jwb0099:2114868] [20] /p/home/jusers/fischill1/juwels/ippl/build_fin/alpine/ElectrostaticPIF/LandauDampingPIF[0x60d25b]
rs/fischill1/juwels/ippl/build_fin/_deps/kokkos-build/core/src/libkokkoscore.so.5.0(_ZNK6Kokkos9CudaSpace13impl_allocateEPKcmm28Kokkos_Profiling_SpaceHandle+0x219)[0x151e9b017319]
[jwb0131:575741] [10] /p/home/jusers/fischill1/juwels/ippl/build_fin/_deps/kokkos-build/core/src/libkokkoscore.so.5.0(_ZNK6Kokkos9CudaSpace8allocateEPKcmm+0x65)[0x151e9b017395]
[jwb0131:575741] [11] /p/home/jusers/fischill1/juwels/ippl/build_fin/_deps/kokkos-build/core/src/libkokkoscore.so.5.0(_ZN6Kokkos4Impl44HostInaccessibleSharedAllocationRecordCommonINS_9CudaSpaceEEC2ERKS2_RKNSt7__cxx1112basic_stringIcSt11char_traitsIcESaIcEEEmPFvPNS0_22SharedAllocationRecordIvvEEE+0x30)[0x151e9b019260]
[jwb0131:575741] [12] /p/home/jusers/fischill1/juwels/ippl/build_fin/alpine/ElectrostaticPIF/LandauDampingPIF[0x4aa864]
[jwb0131:575741] [13] /p/home/jusers/fischill1/juwels/ippl/build_fin/alpine/ElectrostaticPIF/LandauDampingPIF[0x4aaf61]
[jwb0264:3805127] [24] /p/home/jusers/fischill1[jwb0265:3348663] [ 9] /p[jwb0100:874752] [ 0] /usr/lib64/libc.so.6(+0x3fc30)[0x15189677bc30]
[jwb0100:874752] [ 1] /usr/lib64/libc.so.6(+0x8d02c)[0x1518967c902c]
[jwb0100:874752] [ 2] /usr/lib64/libc.so.6(raise+0x16)[0x15189677bb86]
[jwb0100:874752] [ 3] /usr/lib64/libc.so.6(abort+0xd3)[0x151896765873]
[jwb0100:874752] [ 4] /p/software/default/stages/2026/software/GCCcore/14.3.0/lib64/libstdc++.so.6(+0xadc3d)[0x151896a20c3d]
[jwb0100:874752] [ 5] /p/software/default/stages/2026/software/GCCcore/14.3.0/lib64/libstdc++.so.6(+0xbf14a)[0x151896a3214a]
[jwb0100:874752] [ 6] /p/software/default/stages/2026/software/GCCcore/14.3.0/lib64/libstdc++.so.6(_ZSt10unexpectedv+0x0)[0x151896a207e9]
[jwb0100:874752] [ 7] /p/software/default/stages/2026/software/GCCcore/14.3.0/lib64/libstdc++.so.6(+0xbf3c7)[0x151896a323c7]
[jwb0100:874752] [ 8] /p/home/jusers/fischill1/juwels/ippl/build_fin/_deps/kokkos-build/core/src/libkokkoscore.so.5.0(_ZN6Kokkos4Impl15throw_bad_allocESt17basic_string_viewIcSt11char_traitsIcEEmS4_+0x115)[0x151896ec0e05]
[jwb0135:536179] [ 9] /p/home/juse/home/jusers/fischill1/juwels/ippl/build_fin/_deps/kokkos-build/core/src/libkokkoscore.so.5.0(_ZNK6Kokkos9CudaSpace13impl_allocateEPKcmm28Kokkos_Profiling_SpaceHandle+0x219)[0x147f2e88c319]
[jwb0099:2114867] [10] /p/home/jusers/fischill1/juwels/ippl/build_fin/_deps/kokkos-build/core/src/libkokkoscore.so.5.0(_ZNK6Kokkos9CudaSpace8allocateEPKcmm+0x65)[0x147f2e88c395]
[jwb0099:2114867] [11] /p/home/jusers/fischill1/juwels/ippl/build_fin/_deps/kokkos-build/core/src/libkokkoscore.so.5.0(_ZN6Kokkos4Impl44HostInaccessibleSharedAllocationRecordCommonINS_9CudaSpaceEEC2ERKS2_RKNSt7__cxx1112basic_stringIcSt11char_traitsIcESaIcEEEmPFvPNS0_22SharedAllocationRecordIvvEEE+0x30)[0x147f2e88e260]
[jwb0099:2114867] [12] /p/home/jusers/fischill1/juwels/ippl/build_fin/alpine/ElectrostaticPIF/LandauDampingPIF[0x4aa864]
[jwb0099:2114867] [13] /p/home/jusers/fischill1/juwels/ippl/build_fin/alpine/ElectrostaticPIF/LandauDampingPIF[0x4aaf61]
[jwb0285:3713792] *** Process received signal ***
[jwb0131:575738] [ 0] /usr/lib64/libc.so.6(+0x3fc30)[0x1490cb44fc30]
[jwb0131:575738] [ 1] /usr/lib64/libc.so.6(+0x8d02c)[0x1490cb49d02c]
[jwb0131:575738] [ 2] /usr/lib64/libc.so.6(raise+0x16)[0x1490cb44fb86]
[jwb0131:575738] [ 3] /usr/lib64/libc.so.6(abort+0xd3)[0x1490cb439873]
[jwb0131:575738] [ 4] /p/software/default/stages/2026/software/GCCcore/14.3.0/lib64/libstdc++.so.6(+0xadc3d)[0x1490cb6f4c3d]
[jwb0131:575738] [ 5] /p/software/default/stages/2026/software/GCCcore/14.3.0/lib64/libstdc++.so.6(+0xbf14a)[0x1490cb70614a]
[jwb0131:575738] [ 6] /p/software/default/stages/2026/software/GCCcore/14.3.0/lib64/libstdc++.so.6(_ZSt10unexpectedv+0x0)[0x1490cb6f47e9]
[jwb0131:575738] [ 7] /p/software/default/stages/2026/software/GCCcore/14.3.0/lib64/libstdc++.so.6(+0xbf3c7)[0x1490cb7063c7]
[jwb0131:575738] [ 8] /p/home/jusers/fischill1/juwels/ippl/build_fin/_deps/kokkos-build/core/src/libkokkoscore.so.5.0(_ZN6Kokkos4Impl15throw_bad_allocESt17basic_string_viewIcSt11char_traitsIcEEmS4_+0x115)[0x1490cbb94e05]
b]
/home/jusers/fischill1/juwels/ippl/build_fin/_deps/kokkos-build/core/src/libkokkoscore.so.5.0(_ZNK6Kokkos9CudaSpace13impl_allocateEPKcmm28Kokkos_Profiling_SpaceHandle+0x219)[0x153532c1d319]
[jwb0265:3348665] [10] /p/home/jusers/fischill1/juwels/ippl/build_fin/_deps/kokkos-build/core/src/libkokkoscore.so.5.0(_ZNK6Kokkos9CudaSpace8allocateEPKcmm+0x65)[0x153532c1d395]
terminate called after throwing an instance of 'std::runtime_error'
  what():  Kokkos ERROR: Cuda memory space failed to allocate 641.5 MiB (label="keys_out").
[jwb0100:874752] [ 9] /p/home/juse[jwb0135:536180] [ 0] /usr/lib64/libc.so.6(+0x3fc30)[0x1504c2621c30]
[jwb0135:536180] [ 1] /usr/lib64/libc.so.6(+0x8d02c)[0x1504c266f02c]
[jwb0135:536180] [ 2] /usr/lib64/libc.so.6(raise+0x16)[0x1504c2621b86]
[jwb0135:536180] [ 3] /usr/lib64/libc.so.6(abort+0xd3)[0x1504c260b873]
[jwb0135:536180] [ 4] /p/software/default/stages/2026/software/GCCcore/14.3.0/lib64/libstdc++.so.6(+0xadc3d)[0x1504c28c6c3d]
[jwb0135:536180] [ 5] /p/software/default/stages/2026/software/GCCcore/14.3.0/lib64/libstdc++.so.6(+0xbf14a)[0x1504c28d814a]
[jwb0135:536180] [ 6] /p/software/default/stages/2026/software/GCCcore/14.3.0/lib64/libstdc++.so.6(_ZSt10unexpectedv+0x0)[0x1504c28c67e9]
[jwb0135:536180] [ 7] /p/software/default/stages/2026/software/GCCcore/14.3.0/lib64/libstdc++.so.6(+0xbf3c7)[0x1504c28d83c7]
[jwb0135:536180] [ 8] /p/home/jusers/fischill1/juwels/ippl/build_fin/_deps/kokkos-build/core/src/libkokkoscore.so.5.0(_ZN6Kokkos4Impl15throw_bad_allocESt17basic_string_viewIcSt11char_traitsIcEEmS4_+0x115)[0x1504c2d66e05]
[jwb0099:2114867] [14] /p/home/jusers/fischill1/juwels/ippl/build_fin/alpine/ElectrostaticPIF/LandauDampingPIF[0x4cf90[jwb0285:3713792] Signal: Aborted (6)
[jwb0285:3713792] Signal code:  (-6)
[jwb0131:575738] [ 9] /p/home/juse/juwels/ippl/build_fin/alpine/ElectrostaticPIF/LandauDampingPIF[0x425995]
[jwb0264:3805127] *** End of error message ***
/home/jusers/fischill1/juwels/ippl/build_fin/_deps/kokkos-build/core/src/libkokkoscore.so.5.0(_ZNK6Kokkos9CudaSpace13impl_allocateEPKcmm28Kokkos_Profiling_SpaceHandle+0x219)[0x154ffb3a7319]
[jwb0265:3348663] [10] /p/home/jusers/fischill1/juwels/ippl/build_fin/_deps/kokkos-build/core/src/libkokkoscore.so.5.0(_ZNK6Kokkos9CudaSpace8allocateEPKcmm+0x65)[0x154ffb3a7395]
3] /usr/lib64/libc.so.6(__libc_start_main+0x80)[0x14fde60706c0]
[jwb0100:874750] [24] /p/home/jusers/fischill1/juwels/ippl/build_fin/alpine/ElectrostaticPIF/LandauDampingPIF[0x425995]
[jwb0135:536180] [ 9] /p/home/juse/home/jusers/fischill1/juwels/ippl/build_fin/_deps/kokkos-build/core/src/libkokkoscore.so.5.0(_ZNK6Kokkos9CudaSpace13impl_allocateEPKcmm28Kokkos_Profiling_SpaceHandle+0x219)[0x149ea1b6e319]
[jwb0099:2114869] [10] /p/home/jusers/fischill1/juwels/ippl/build_fin/_deps/kokkos-build/core/src/libkokkoscore.so.5.0(_ZNK6Kokkos9CudaSpace8allocateEPKcmm+0x65)[0x149ea1b6e395]
[jwb0099:2114869] [11] /p/home/jusers/fischill1/juwels/ippl/build_fin/_deps/kokkos-build/core/src/libkokkoscore.so.5.0(_ZN6Kokkos4Impl44HostInaccessibleSharedAllocationRecordCommonINS_9CudaSpaceEEC2ERKS2_RKNSt7__cxx1112basic_stringIcSt11char_traitsIcESaIcEEEmPFvPNS0_22SharedAllocationRecordIvvEEE+0x30)[0x149ea1b70260]
[jwb0099:2114869] [12] /p/home/jusers/fischill1/juwels/ippl/build_fin/alpine/ElectrostaticPIF/LandauDampingPIF[0x4aa864]
[jwb0099:2114869] [13] /p/home/jusers/fischill1/juwels/ippl/build_fin/alpine/ElectrostaticPIF/LandauDampingPIF[0x4aae5e]
[jwb0287:250477] [ 0] /usr/lib64/libc.so.6(+0x3fc30)[0x14f845d51c30]
[jwb0287:250477] [ 1] /usr/lib64/libc.so.6(+0x8d02c)[0x14f845d9f02c]
[jwb0287:250477] [ 2] /usr/lib64/libc.so.6(raise+0x16)[0x14f845d51b86]
[jwb0287:250477] [ 3] /usr/lib64/libc.so.6(abort+0xd3)[0x14f845d3b873]
[jwb0287:250477] [ 4] /p/software/default/stages/2026/software/GCCcore/14.3.0/lib64/libstdc++.so.6(+0xadc3d)[0x14f845ff6c3d]
[jwb0287:250477] [ 5] /p/software/default/stages/2026/software/GCCcore/14.3.0/lib64/libstdc++.so.6(+0xbf14a)[0x14f84600814a]
[jwb0287:250477] [ 6] /p/software/default/stages/2026/software/GCCcore/14.3.0/lib64/libstdc++.so.6(_ZSt10unexpectedv+0x0)[0x14f845ff67e9]
[jwb0287:250477] [ 7] /p/software/default/stages/2026/software/GCCcore/14.3.0/lib64/libstdc++.so.6(+0xbf3c7)[0x14f8460083c7]
[jwb0287:250477] [ 8] /p/home/jusers/fischill1/juwels/ippl/build_fin/_deps/kokkos-build/core/src/libkokkoscore.so.5.0(_ZN6Kokkos4Impl15throw_bad_allocESt17basic_string_viewIcSt11char_traitsIcEEmS4_+0x115)[0x14f846496e05]
739] [15] /p/home/jusers/fischill1/juwels/ippl/build_fin/alpine/ElectrostaticPIF/LandauDampingPIF[0x4e81cb]
[jwb0264:3805129] [15] /p/home/jusers/fischill1/juwels/ippl/build_fin/alpine/ElectrostaticPIF/LandauDampingPIF[0x5bee4d]
[jwb0264:3805129] [16] /p/home/jusers/fischill1/juwels/ippl/build_fin/alpine/ElectrostaticPIF/LandauDampingPIF[0x6093a7]
[jwb0264:3805129] [17] /p/home/jusers/fischill1/juwels/ippl/build_fin/alpine/ElectrostaticPIF/LandauDampingPIF[0x6095b5]
[jwb0264:3805129] [18] /p/home/jusers/fischill1/juwels/ippl/build_fin/alpine/ElectrostaticPIF/LandauDampingPIF[0x60c8d1]
[jwb0264:3805129] [19] /p/home/jusers/fischill1/juwels/ippl/build_fin/alpine/ElectrostaticPIF/LandauDampingPIF[0x60d25b]
[jwb0264:3805129] [20] /p/home/jusers/fischill1/juwels/ippl/build_fin/alpine/ElectrostaticPIF/LandauDampingPIF[0x423759]
[jwb0264:3805129] [21] /usr/lib64/libc.so.6(+0x2a610)[0x14d7fdcef610]
[jwb0264:3805129] [22] /usr/lib64/libc.so.6(__libc_start_main+0x80)[0x14d7fdcef6c0]
[jwb0264:3805129] [23] /p/home/jusers/fischill1/juwels/ippl/build_fin/alpine/ElectrostaticPIF/LandauDampingPIF[0x425995]
[jwb0265:3348666] [ 0] /usr/lib64/libc.so.6(+0x3fc30)[0x154db184bc30]
[jwb0265:3348666] [ 1] /usr/lib64/libc.so.6(+0x8d02c)[0x154db189902c]
[jwb0265:3348666] [ 2] /usr/lib64/libc.so.6(raise+0x16)[0x154db184bb86]
[jwb0265:3348666] [ 3] /usr/lib64/libc.so.6(abort+0xd3)[0x154db1835873]
[jwb0265:3348666] [ 4] /p/software/default/stages/2026/software/GCCcore/14.3.0/lib64/libstdc++.so.6(+0xadc3d)[0x154db1af0c3d]
[jwb0265:3348666] [ 5] /p/software/default/stages/2026/software/GCCcore/14.3.0/lib64/libstdc++.so.6(+0xbf14a)[0x154db1b0214a]
[jwb0265:3348666] [ 6] /p/software/default/stages/2026/software/GCCcore/14.3.0/lib64/libstdc++.so.6(_ZSt10unexpectedv+0x0)[0x154db1af07e9]
[jwb0265:3348666] [ 7] /p/software/default/stages/2026/software/GCCcore/14.3.0/lib64/libstdc++.so.6(+0xbf3c7)[0x154db1b023c7]
[jwb0265:3348666] [ 8] /p/home/jusers/fischill1/juwels/ippl/build_fin/_deps/kokkos-build/core/src/libkokkoscore.so.5.0(_ZN6Kokkos4Impl15throw_bad_allocESt17basic_string_viewIcSt11char_traitsIcEEmS4_+0x115)[0x154db1f90e05]
[jwb0200:4089162] *** Process received signal ***
[jwb0200:4089162] Signal: Aborted (6)
[jwb0200:4089162] Signal code:  (-6)
ine/ElectrostaticPIF/LandauDampingPIF[0x5bee4d]
[jwb0100:874751] [17] /p/home/jusers/fischill1/juwels/ippl/build_fin/alpine/ElectrostaticPIF/LandauDampingPIF[0x6093a7]
[jwb0100:874751] [18] /p/home/jusers/fischill1/juwels/ippl/build_fin/alpine/ElectrostaticPIF/LandauDampingPIF[0x6095b5]
[jwb0100:874751] [19] /p/home/jusers/fischill1/juwels/ippl/build_fin/alpine/ElectrostaticPIF/LandauDampingPIF[0x60c8d1]
[jwb0100:874751] [20] /p/home/jusers/fischill1/juwels/ippl/build_fin/alpine/ElectrostaticPIF/LandauDampingPIF[0x60d25b]
[jwb0100:874751] [21] /p/home/jusers/fischill1/juwels/ippl/build_fin/alpine/ElectrostaticPIF/LandauDampingPIF[0x423759]
[jwb0100:874751] [22] /usr/lib64/libc.so.6(+0x2a610)[0x152d5298a610]
[jwb0100:874751] [23] /usr/lib64/libc.so.6(__libc_start_main+0x80)[0x152d5298a6c0]
[jwb0100:874751] [24] /p/home/jusers/fischill1/juwels/ippl/build_fin/alpine/ElectrostaticPIF/LandauDampingPIF[0x425995]
[jwb0100:874751] *** End of error message ***
[jwb0135:536182] [ 0] /usr/lib64/libc.so.6(+0x3fc30)[0x1492ec126c30]
[jwb0135:536182] [ 1] /usr/lib64/libc.so.6(+0x8d02c)[0x1492ec17402c]
[jwb0135:536182] [ 2] /usr/lib64/libc.so.6(raise+0x16)[0x1492ec126b86]
[jwb0135:536182] [ 3] /usr/lib64/libc.so.6(abort+0xd3)[0x1492ec110873]
[jwb0135:536182] [ 4] /p/software/default/stages/2026/software/GCCcore/14.3.0/lib64/libstdc++.so.6(+0xadc3d)[0x1492ec3cbc3d]
[jwb0135:536182] [ 5] /p/software/default/stages/2026/software/GCCcore/14.3.0/lib64/libstdc++.so.6(+0xbf14a)[0x1492ec3dd14a]
[jwb0135:536182] [ 6] /p/software/default/stages/2026/software/GCCcore/14.3.0/lib64/libstdc++.so.6(_ZSt10unexpectedv+0x0)[0x1492ec3cb7e9]
[jwb0135:536182] [ 7] /p/software/default/stages/2026/software/GCCcore/14.3.0/lib64/libstdc++.so.6(+0xbf3c7)[0x1492ec3dd3c7]
[jwb0135:536182] [ 8] /p/home/jusers/fischill1/juwels/ippl/build_fin/_deps/kokkos-build/core/src/libkokkoscore.so.5.0(_ZN6Kokkos4Impl15throw_bad_allocESt17basic_string_viewIcSt11char_traitsIcEEmS4_+0x115)[0x1492ec86be05]
[jwb0099:2114869] [14] /p/home/jusers/fischill1/juwels/ippl/build_fin/alpine/ElectrostaticPIF/LandauDampingPIF[0x4cf90[jwb0287:250477] [ 9] /p/home/juse[jwb0131:575741] [14] /p/home/jusers/fischill1/juwels/ippl/build_fin/alpine/ElectrostaticPIF/LandauDampingPIF[0x4cf907]
[jwb0131:575741] [15] /p/home/jusers/fischill1/juwels/ippl/build_fin/alpine/ElectrostaticPIF/LandauDampingPIF[0x4e81cb]
[jwb0131:575741] [16] /p/home/jusers/fischill1/juwels/ippl/build_fin/alpine/ElectrostaticPIF/LandauDampingPIF[0x5bee4d]
[jwb0131:575741] [17] /p/home/jusers/fischill1/juwels/ippl/build_fin/alpine/ElectrostaticPIF/LandauDampingPIF[0x6093a7]
[jwb0264:3805128] [ 0] /usr/lib64/libc.so.6(+0x3fc30)[0x155513cbec30]
[jwb0264:3805128] [ 1] /usr/lib64/libc.so.6(+0x8d02c)[0x155513d0c02c]
[jwb0264:3805128] [ 2] /usr/lib64/libc.so.6(raise+0x16)[0x155513cbeb86]
[jwb0264:3805128] [ 3] /usr/lib64/libc.so.6(abort+0xd3)[0x155513ca8873]
[jwb0264:3805128] [ 4] /p/software/default/stages/2026/software/GCCcore/14.3.0/lib64/libstdc++.so.6(+0xadc3d)[0x155513f63c3d]
[jwb0264:3805128] [ 5] /p/software/default/stages/2026/software/GCCcore/14.3.0/lib64/libstdc++.so.6(+0xbf14a)[0x155513f7514a]
[jwb0264:3805128] [ 6] /p/software/default/stages/2026/software/GCCcore/14.3.0/lib64/libstdc++.so.6(_ZSt10unexpectedv+0x0)[0x155513f637e9]
[jwb0264:3805128] [ 7] /p/software/default/stages/2026/software/GCCcore/14.3.0/lib64/libstdc++.so.6(+0xbf3c7)[0x155513f753c7]
[jwb0264:3805128] [ 8] /p/home/jusers/fischill1/juwels/ippl/build_fin/_deps/kokkos-build/core/src/libkokkoscore.so.5.0(_ZN6Kokkos4Impl15throw_bad_allocESt17basic_string_viewIcSt11char_traitsIcEEmS4_+0x115)[0x155514403e05]
[jwb0265:3348666] [ 9] /prs/fischill1/juwels/ippl/build_fin/_deps/kokkos-build/core/src/libkokkoscore.so.5.0(_ZNK6Kokkos9CudaSpace13impl_allocateEPKcmm28Kokkos_Profiling_SpaceHandle+0x219)[0x151896ed3319]
[jwb0100:874752] [10] /p/home/jusers/fischill1/juwels/ippl/build_fin/_deps/kokkos-build/core/src/libkokkoscore.so.5.0(_ZNK6Kokkos9CudaSpace8allocateEPKcmm+0x65)[0x151896ed3395]
[jwb0100:874752] [11] /p/home/jusers/fischill1/juwels/ippl/build_fin/_deps/kokkos-build/core/src/libkokkoscore.so.5.0(_ZN6Kokkos4Impl44HostInaccessibleSharedAllocationRecordCommonINS_9CudaSpaceEEC2ERKS2_RKNSt7__cxx1112basic_stringIcSt11char_traitsIcESaIcEEEmPFvPNS0_22SharedAllocationRecordIvvEEE+0x30)[0x151896ed5260]
[jwb0100:874752] [12] /p/home/jusers/fischill1/juwels/ippl/build_fin/alpine/ElectrostaticPIF/LandauDampingPIF[0x49cd3a]
[jwb0100:874752] [13] /p/home/jusers/fischill1/juwels/ippl/build_fin/alpine/ElectrostaticPIF/LandauDampingPIF[0x4d0480]
[jwb0135:536182] [ 9] /p/home/juse[jwb0099:2114870] [15] /p/home/jusers/fischill1/juwels/ippl/build_fin/alpine/ElectrostaticPIF/LandauDampingPIF[0x4e81cb]
[jwb0099:2114870] [16] /p/home/jusers/fischill1/juwels/ippl/build_fin/alpine/ElectrostaticPIF/LandauDampingPIF[0x5bee4d]
[jwb0099:2114870] [17] /p/home/jusers/fischill1/juwels/ippl/build_fin/alpine/ElectrostaticPIF/LandauDampingPIF[0x6093a7]
[jwb0099:2114870] [18] /p/home/jusers/fischill1/juwels/ippl/build_fin/alpine/ElectrostaticPIF/LandauDampingPIF[0x6095b5]
[jwb0099:2114870] [19] /p/home/jusers/fischill1/juwels/ippl/build_fin/alpine/ElectrostaticPIF/LandauDampingPIF[0x60c8d1]
[jwb0099:2114870] [20] /p/home/jusers/fischill1/juwels/ippl/build_fin/alpine/ElectrostaticPIF/LandauDampingPIF[0x60d25b]
[jwb0099:2114870] [21] /p/home/jusers/fischill1/juwels/ippl/build_fin/alpine/ElectrostaticPIF/LandauDampingPIF[0x423759]
[jwb0099:2114870] [22] /usr/lib64/libc.so.6(+0x2a610)[0x152634b4e610]
[jwb0099:2114870] [23] /usr/lib64/libc.so.6(__libc_start_main+0x80)[0x152634b4e6c0]
[jwb0285:3713792] [ 0] /usr/lib64/libc.so.6(+0x3fc30)[0x1481c00c5c30]
[jwb0285:3713792] [ 1] /usr/lib64/libc.so.6(+0x8d02c)[0x1481c011302c]
[jwb0285:3713792] [ 2] /usr/lib64/libc.so.6(raise+0x16)[0x1481c00c5b86]
[jwb0285:3713792] [ 3] /usr/lib64/libc.so.6(abort+0xd3)[0x1481c00af873]
rs/fischill1/juwels/ippl/build_fin/_deps/kokkos-build/core/src/libkokkoscore.so.5.0(_ZNK6Kokkos9CudaSpace13impl_allocateEPKcmm28Kokkos_Profiling_SpaceHandle+0x219)[0x1490cbba7319]
[jwb0131:575738] [10] /p/home/jusers/fischill1/juwels/ippl/build_fin/_deps/kokkos-build/core/src/libkokkoscore.so.5.0(_ZNK6Kokkos9CudaSpace8allocateEPKcmm+0x65)[0x1490cbba7395]
[jwb0131:575738] [11] /p/home/jusers/fischill1/juwels/ippl/build_fin/_deps/kokkos-build/core/src/libkokkoscore.so.5.0(_ZN6Kokkos4Impl44HostInaccessibleSharedAllocationRecordCommonINS_9CudaSpaceEEC2ERKS2_RKNSt7__cxx1112basic_stringIcSt11char_traitsIcESaIcEEEmPFvPNS0_22SharedAllocationRecordIvvEEE+0x30)[0x1490cbba9260]
[jwb0131:575738] [12] /p/home/jusers/fischill1/juwels/ippl/build_fin/alpine/ElectrostaticPIF/LandauDampingPIF[0x49cd3a]
[jwb0131:575738] [13] /p/home/jusers/fischill1/juwels/ippl/build_fin/alpine/ElectrostaticPIF/LandauDampingPIF[0x4d0480]
[jwb0264:3805128] [ 9] /p[jwb0265:3348664] [ 0] /usr/lib64/libc.so.6(+0x3fc30)[0x15127a544c30]
[jwb0265:3348664] [ 1] /usr/lib64/libc.so.6(+0x8d02c)[0x15127a59202c]
[jwb0265:3348664] [ 2] /usr/lib64/libc.so.6(raise+0x16)[0x15127a544b86]
[jwb0265:3348664] [ 3] /usr/lib64/libc.so.6(abort+0xd3)[0x15127a52e873]
[jwb0265:3348664] [ 4] /p/software/default/stages/2026/software/GCCcore/14.3.0/lib64/libstdc++.so.6(+0xadc3d)[0x15127a7e9c3d]
[jwb0265:3348664] [ 5] /p/software/default/stages/2026/software/GCCcore/14.3.0/lib64/libstdc++.so.6(+0xbf14a)[0x15127a7fb14a]
[jwb0265:3348664] [ 6] /p/software/default/stages/2026/software/GCCcore/14.3.0/lib64/libstdc++.so.6(_ZSt10unexpectedv+0x0)[0x15127a7e97e9]
[jwb0265:3348664] [ 7] /p/software/default/stages/2026/software/GCCcore/14.3.0/lib64/libstdc++.so.6(+0xbf3c7)[0x15127a7fb3c7]
[jwb0265:3348664] [ 8] /p/home/jusers/fischill1/juwels/ippl/build_fin/_deps/kokkos-build/core/src/libkokkoscore.so.5.0(_ZN6Kokkos4Impl15throw_bad_allocESt17basic_string_viewIcSt11char_traitsIcEEmS4_+0x115)[0x15127ac89e05]
[jwb0284:234453] [ 0] /usr/lib64/libc.so.6(+0x3fc30)[0x14d4322eec30]
[jwb0284:234453] [ 1] /usr/lib64/libc.so.6(+0x8d02c)[0x14d43233c02c]
[jwb0284:234453] [ 2] /usr/lib64/libc.so.6(raise+0x16)[0x14d4322eeb86]
[jwb0284:234453] [ 3] /usr/lib64/libc.so.6(abort+0xd3)[0x14d4322d8873]
[jwb0284:234453] [ 4] /p/software/default/stages/2026/software/GCCcore/14.3.0/lib64/libstdc++.so.6(+0xadc3d)[0x14d432593c3d]
[jwb0284:234453] [ 5] /p/software/default/stages/2026/software/GCCcore/14.3.0/lib64/libstdc++.so.6(+0xbf14a)[0x14d4325a514a]
[jwb0284:234453] [ 6] /p/software/default/stages/2026/software/GCCcore/14.3.0/lib64/libstdc++.so.6(_ZSt10unexpectedv+0x0)[0x14d4325937e9]
[jwb0284:234453] [ 7] /p/software/default/stages/2026/software/GCCcore/14.3.0/lib64/libstdc++.so.6(+0xbf3c7)[0x14d4325a53c7]
[jwb0284:234453] [ 8] /p/home/jusers/fischill1/juwels/ippl/build_fin/_deps/kokkos-build/core/src/libkokkoscore.so.5.0(_ZN6Kokkos4Impl15throw_bad_allocESt17basic_string_viewIcSt11char_traitsIcEEmS4_+0x115)[0x14d432a33e05]
[jwb0100:874752] [14] /p/home/jusers/fischill1/juwels/ippl/build_fin/alpine/ElectrostaticPIF/LandauDampingPIF[0x4e81cb]
[jwb0100:874[jwb0135:536181] [12] /p/home/jusers/fischill1/juwels/ippl/build_fin/alpine/ElectrostaticPIF/LandauDampingPIF[0x49cd3a]
[jwb0135:536181] [13] /p/home/jusers/fischill1/juwels/ippl/build_fin/alpine/ElectrostaticPIF/LandauDampingPIF[0x4d0480]
[jwb0135:536181] [14] /p/home/jusers/fischill1/juwels/ippl/build_fin/alpine/ElectrostaticPIF/LandauDampingPIF[0x4e81cb]
[jwb0135:536181] [15] /p/home/jusers/fischill1/juwels/ippl/build_fin/alpine/ElectrostaticPIF/LandauDampingPIF[0x5bee4d]
[jwb0135:536181] [16] /p/home/jusers/fischill1/juwels/ippl/build_fin/alpine/ElectrostaticPIF/LandauDampingPIF[0x6093a7]
[jwb0135:536181] [17] /p/home/jusers/fischill1/juwels/ippl/build_fin/alpine/ElectrostaticPIF/LandauDampingPIF[0x6095b5]
[jwb0099:2114870] [24] /p/home/jusers/fischill1[jwb0131:575738] [14] /p/home/jusers/fischill1/juwels/ippl/build_fin/alpine/ElectrostaticPIF/LandauDampingPIF[0x4e81cb]
[jwb0131:575[jwb0264:3805129] *** End of error message ***
[jwb0265:3348664] [ 9] /p[jwb0100:874749] [ 0] /usr/lib64/libc.so.6(+0x3fc30)[0x152715124c30]
[jwb0100:874749] [ 1] /usr/lib64/libc.so.6(+0x8d02c)[0x15271517202c]
[jwb0100:874749] [ 2] /usr/lib64/libc.so.6(raise+0x16)[0x152715124b86]
[jwb0100:874749] [ 3] /usr/lib64/libc.so.6(abort+0xd3)[0x15271510e873]
[jwb0100:874749] [ 4] /p/software/default/stages/2026/software/GCCcore/14.3.0/lib64/libstdc++.so.6(+0xadc3d)[0x1527153c9c3d]
[jwb0100:874749] [ 5] /p/software/default/stages/2026/software/GCCcore/14.3.0/lib64/libstdc++.so.6(+0xbf14a)[0x1527153db14a]
[jwb0100:874749] [ 6] /p/software/default/stages/2026/software/GCCcore/14.3.0/lib64/libstdc++.so.6(_ZSt10unexpectedv+0x0)[0x1527153c97e9]
[jwb0100:874749] [ 7] /p/software/default/stages/2026/software/GCCcore/14.3.0/lib64/libstdc++.so.6(+0xbf3c7)[0x1527153db3c7]
[jwb0100:874749] [ 8] /p/home/jusers/fischill1/juwels/ippl/build_fin/_deps/kokkos-build/core/src/libkokkoscore.so.5.0(_ZN6Kokkos4Impl15throw_bad_allocESt17basic_string_viewIcSt11char_traitsIcEEmS4_+0x115)[0x152715869e05]
rs/fischill1/juwels/ippl/build_fin/_deps/kokkos-build/core/src/libkokkoscore.so.5.0(_ZNK6Kokkos9CudaSpace13impl_allocateEPKcmm28Kokkos_Profiling_SpaceHandle+0x219)[0x1553f0700319]
[jwb0135:536179] [10] /p/home/jusers/fischill1/juwels/ippl/build_fin/_deps/kokkos-build/core/src/libkokkoscore.so.5.0(_ZNK6Kokkos9CudaSpace8allocateEPKcmm+0x65)[0x1553f0700395]
[jwb0135:536179] [11] /p/home/jusers/fischill1/juwels/ippl/build_fin/_deps/kokkos-build/core/src/libkokkoscore.so.5.0(_ZN6Kokkos4Impl44HostInaccessibleSharedAllocationRecordCommonINS_9CudaSpaceEEC2ERKS2_RKNSt7__cxx1112basic_stringIcSt11char_traitsIcESaIcEEEmPFvPNS0_22SharedAllocationRecordIvvEEE+0x30)[0x1553f0702260]
[jwb0135:536179] [12] /p/home/jusers/fischill1/juwels/ippl/build_fin/alpine/ElectrostaticPIF/LandauDampingPIF[0x49cd3a]
[jwb0135:536179] [13] /p/home/jusers/fischill1/juwels/ippl/build_fin/alpine/ElectrostaticPIF/LandauDampingPIF[0x4d0480]
[jwb0099:2114868] [21] /p/home/jusers/fischill1/juwels/ippl/build_fin/alpine/ElectrostaticPIF/LandauDampingPIF[0x423759]
rs/fischill1/juwels/ippl/build_fin/_deps/kokkos-build/core/src/libkokkoscore.so.5.0(_ZNK6Kokkos9CudaSpace13impl_allocateEPKcmm28Kokkos_Profiling_SpaceHandle+0x219)[0x14f8464a9319]
[jwb0287:250477] [10] /p/home/jusers/fischill1/juwels/ippl/build_fin/_deps/kokkos-build/core/src/libkokkoscore.so.5.0(_ZNK6Kokkos9CudaSpace8allocateEPKcmm+0x65)[0x14f8464a9395]
[jwb0131:575740] [ 0] /usr/lib64/libc.so.6(+0x3fc30)[0x14e731f3bc30]
[jwb0131:575740] [ 1] /usr/lib64/libc.so.6(+0x8d02c)[0x14e731f8902c]
[jwb0131:575740] [ 2] /usr/lib64/libc.so.6(raise+0x16)[0x14e731f3bb86]
[jwb0131:575740] [ 3] /usr/lib64/libc.so.6(abort+0xd3)[0x14e731f25873]
[jwb0131:575740] [ 4] /p/software/default/stages/2026/software/GCCcore/14.3.0/lib64/libstdc++.so.6(+0xadc3d)[0x14e7321e0c3d]
[jwb0131:575740] [ 5] /p/software/default/stages/2026/software/GCCcore/14.3.0/lib64/libstdc++.so.6(+0xbf14a)[0x14e7321f214a]
[jwb0131:575740] [ 6] /p/software/default/stages/2026/software/GCCcore/14.3.0/lib64/libstdc++.so.6(_ZSt10unexpectedv+0x0)[0x14e7321e07e9]
[jwb0131:575740] [ 7] /p/software/default/stages/2026/software/GCCcore/14.3.0/lib64/libstdc++.so.6(+0xbf3c7)[0x14e7321f23c7]
[jwb0131:575740] [ 8] /p/home/jusers/fischill1/juwels/ippl/build_fin/_deps/kokkos-build/core/src/libkokkoscore.so.5.0(_ZN6Kokkos4Impl15throw_bad_allocESt17basic_string_viewIcSt11char_traitsIcEEmS4_+0x115)[0x14e732680e05]
/home/jusers/fischill1/juwels/ippl/build_fin/_deps/kokkos-build/core/src/libkokkoscore.so.5.0(_ZNK6Kokkos9CudaSpace13impl_allocateEPKcmm28Kokkos_Profiling_SpaceHandle+0x219)[0x155514416319]
[jwb0264:3805128] [10] /p/home/jusers/fischill1/juwels/ippl/build_fin/_deps/kokkos-build/core/src/libkokkoscore.so.5.0(_ZNK6Kokkos9CudaSpace8allocateEPKcmm+0x65)[0x155514416395]
[jwb0264:3805128] [11] /p/home/jusers/fischill1/juwels/ippl/build_fin/_deps/kokkos-build/core/src/libkokkoscore.so.5.0(_ZN6Kokkos4Impl44HostInaccessibleSharedAllocationRecordCommonINS_9CudaSpaceEEC2ERKS2_RKNSt7__cxx1112basic_stringIcSt11char_traitsIcESaIcEEEmPFvPNS0_22SharedAllocationRecordIvvEEE+0x30)[0x155514418260]
[jwb0264:3805128] [12] /p/home/jusers/fischill1/juwels/ippl/build_fin/alpine/ElectrostaticPIF/LandauDampingPIF[0x4aa864]
[jwb0264:3805128] [13] /p/home/jusers/fischill1/juwels/ippl/build_fin/alpine/ElectrostaticPIF/LandauDampingPIF[0x4aaf61]
[jwb0265:3348665] [11] /p/home/jusers/fischill1/juwels/ippl/build_fin/_deps/kokkos-build/core/src/libkokkoscore.so.5.0(_ZN6Kokkos4Impl44HostInaccessibleSharedAllocationRecordCommonINS_9CudaSpaceEEC2ERKS2_RKNSt7__cxx1112basic_stringIcSt11char_traitsIcESaIcEEEmPFvPNS0_22SharedAllocationRecordIvvEEE+0x30)[0x153532c1f260]
[jwb0265:3348665] [12] /p/home/jusers/fischill1/juwels/ippl/build_fin/alpine/ElectrostaticPIF/LandauDampingPIF[0x4aa864]
[jwb0265:3348665] [13] /p/home/jusers/fischill1/juwels/ippl/build_fin/alpine/ElectrostaticPIF/LandauDampingPIF[0x4aaf61]
[jwb0265:3348665] [14] /p/home/jusers/fischill1/juwels/ippl/build_fin/alpine/ElectrostaticPIF/LandauDampingPIF[0x4cf907]
[jwb0265:3348665] [15] /p/home/jusers/fischill1/juwels/ippl/build_fin/alpine/ElectrostaticPIF/LandauDampingPIF[0x4e81cb]
[jwb0265:3348665] [16] /p/home/jusers/fischill1/juwels/ippl/build_fin/alpine/ElectrostaticPIF/LandauDampingPIF[0x5bee4d]
[jwb0100:874749] [ 9] /p/home/juse[jwb0135:536179] [14] /p/home/jusers/fischill1/juwels/ippl/build_fin/alpine/ElectrostaticPIF/LandauDampingPIF[0x4e81cb]
7]
[jwb0099:2114867] [15] /p/home/jusers/fischill1/juwels/ippl/build_fin/alpine/ElectrostaticPIF/LandauDampingPIF[0x4e81cb]
[jwb0099:2114867] [16] /p/home/jusers/fischill1/juwels/ippl/build_fin/alpine/ElectrostaticPIF/LandauDampingPIF[0x5bee4d]
[jwb0287:250477] [11] /p/home/jusers/fischill1/juwels/ippl/build_fin/_deps/kokkos-build/core/src/libkokkoscore.so.5.0(_ZN6Kokkos4Impl44HostInaccessibleSharedAllocationRecordCommonINS_9CudaSpaceEEC2ERKS2_RKNSt7__cxx1112basic_stringIcSt11char_traitsIcESaIcEEEmPFvPNS0_22SharedAllocationRecordIvvEEE+0x30)[0x14f8464ab260]
[jwb0287:250477] [12] /p/home/jusers/fischill1/juwels/ippl/build_fin/alpine/ElectrostaticPIF/LandauDampingPIF[0x4aa864]
[jwb0287:250477] [13] /p/home/jusers/fischill1/juwels/ippl/build_fin/alpine/ElectrostaticPIF/LandauDampingPIF[0x4aaf61]
[jwb0287:250477] [14] /p/home/jusers/fischill1/juwels/ippl/build_fin/alpine/ElectrostaticPIF/LandauDampingPIF[0x4cf907]
[jwb0287:250477] [15] /p/home/jusers/fischill1/juwels/ippl/build_fin/alpine/ElectrostaticPIF/LandauDampingPIF[0x4e81cb]
[jwb0287:250477] [16] /p/home/jusers/fischill1/juwels/ippl/build_fin/alpine/ElectrostaticPIF/LandauDampingPIF[0x5bee4d]
[jwb0131:575740] [ 9] /p/home/juse[jwb0264:3805128] [14] /p/home/jusers/fischill1/juwels/ippl/build_fin/alpine/ElectrostaticPIF/LandauDampingPIF[0x4cf90[jwb0265:3348665] [17] /p/home/jusers/fischill1/juwels/ippl/build_fin/alpine/ElectrostaticPIF/LandauDampingPIF[0x6093a7]
[jwb0284:234453] [ 9] /p/home/juse[jwb0100:874750] *** End of error message ***
rs/fischill1/juwels/ippl/build_fin/_deps/kokkos-build/core/src/libkokkoscore.so.5.0(_ZNK6Kokkos9CudaSpace13impl_allocateEPKcmm28Kokkos_Profiling_SpaceHandle+0x219)[0x1504c2d79319]
[jwb0135:536180] [10] /p/home/jusers/fischill1/juwels/ippl/build_fin/_deps/kokkos-build/core/src/libkokkoscore.so.5.0(_ZNK6Kokkos9CudaSpace8allocateEPKcmm+0x65)[0x1504c2d79395]
[jwb0135:536180] [11] /p/home/jusers/fischill1/juwels/ippl/build_fin/_deps/kokkos-build/core/src/libkokkoscore.so.5.0(_ZN6Kokkos4Impl44HostInaccessibleSharedAllocationRecordCommonINS_9CudaSpaceEEC2ERKS2_RKNSt7__cxx1112basic_stringIcSt11char_traitsIcESaIcEEEmPFvPNS0_22SharedAllocationRecordIvvEEE+0x30)[0x1504c2d7b260]
[jwb0135:536180] [12] /p/home/jusers/fischill1/juwels/ippl/build_fin/alpine/ElectrostaticPIF/LandauDampingPIF[0x4aa864]
[jwb0135:536180] [13] /p/home/jusers/fischill1/juwels/ippl/build_fin/alpine/ElectrostaticPIF/LandauDampingPIF[0x4aaf61]
7]
[jwb0099:2114869] [15] /p/home/jusers/fischill1/juwels/ippl/build_fin/alpine/ElectrostaticPIF/LandauDampingPIF[0x4e81cb]
[jwb0099:2114869] [16] /p/home/jusers/fischill1/juwels/ippl/build_fin/alpine/ElectrostaticPIF/LandauDampingPIF[0x5bee4d]
[jwb0287:250477] [17] /p/home/jusers/fischill1/juwels/ippl/build_fin/alpine/ElectrostaticPIF/LandauDampingPIF[0x6093a7]
[jwb0287:[jwb0131:575739] [16] /p/home/jusers/fischill1/juwels/ippl/build_fin/alpine/ElectrostaticPIF/LandauDampingPIF[0x5bee4d]
[jwb0131:575739] [17] /p/home/jusers/fischill1/juwels/ippl/build_fin/alpine/ElectrostaticPIF/LandauDampingPIF[0x6093a7]
[jwb0131:575739] [18] /p/home/jusers/fischill1/juwels/ippl/build_fin/alpine/ElectrostaticPIF/LandauDampingPIF[0x6095b5]
[jwb0131:575739] [19] /p/home/jusers/fischill1/juwels/ippl/build_fin/alpine/ElectrostaticPIF/LandauDampingPIF[0x60c8d1]
[jwb0131:575739] [20] /p/home/jusers/fischill1/juwels/ippl/build_fin/alpine/ElectrostaticPIF/LandauDampingPIF[0x60d25b]
[jwb0131:575739] [21] /p/home/jusers/fischill1/juwels/ippl/build_fin/alpine/ElectrostaticPIF/LandauDampingPIF[0x423759]
[jwb0131:575739] [22] /usr/lib64/libc.so.6(+0x2a610)[0x14d0888fe610]
[jwb0131:575739] [23] /usr/lib64/libc.so.6(__libc_start_main+0x80)[0x14d0888fe6c0]
[jwb0131:575739] [24] /p/home/jusers/fischill1/juwels/ippl/build_fin/alpine/ElectrostaticPIF/LandauDampingPIF[0x425995]
7]
[jwb0264:3805128] [15] /p/home/jusers/fischill1/juwels/ippl/build_fin/alpine/ElectrostaticPIF/LandauDampingPIF[0x4e81cb]
[jwb0264:3805128] [16] /p/home/jusers/fischill1/juwels/ippl/build_fin/alpine/ElectrostaticPIF/LandauDampingPIF[0x5bee4d]
[jwb0264:3805128] [17] /p/home/jusers/fischill1/juwels/ippl/build_fin/alpine/ElectrostaticPIF/LandauDampingPIF[0x6093a7]
[jwb0264:3805128] [18] /p/home/jusers/fischill1/juwels/ippl/build_fin/alpine/ElectrostaticPIF/LandauDampingPIF[0x6095b5]
[jwb0264:3805128] [19] /p/home/jusers/fischill1/juwels/ippl/build_fin/alpine/ElectrostaticPIF/LandauDampingPIF[0x60c8d1]
[jwb0264:3805128] [20] /p/home/jusers/fischill1/juwels/ippl/build_fin/alpine/ElectrostaticPIF/LandauDampingPIF[0x60d25b]
[jwb0264:3805128] [21] /p/home/jusers/fischill1/juwels/ippl/build_fin/alpine/ElectrostaticPIF/LandauDampingPIF[0x423759]
[jwb0264:3805128] [22] /usr/lib64/libc.so.6(+0x2a610)[0x155513ca9610]
[jwb0264:3805128] [23] /usr/lib64/libc.so.6(__libc_start_main+0x80)[0x155513ca96c0]
[jwb0265:3348663] [11] /p/home/jusers/fischill1/juwels/ippl/build_fin/_deps/kokkos-build/core/src/libkokkoscore.so.5.0(_ZN6Kokkos4Impl44HostInaccessibleSharedAllocationRecordCommonINS_9CudaSpaceEEC2ERKS2_RKNSt7__cxx1112basic_stringIcSt11char_traitsIcESaIcEEEmPFvPNS0_22SharedAllocationRecordIvvEEE+0x30)[0x154ffb3a9260]
[jwb0265:3348663] [12] /p/home/jusers/fischill1/juwels/ippl/build_fin/alpine/ElectrostaticPIF/LandauDampingPIF[0x49cd3a]
[jwb0265:3348663] [13] /p/home/jusers/fischill1/juwels/ippl/build_fin/alpine/ElectrostaticPIF/LandauDampingPIF[0x4d0480]
[jwb0265:3348663] [14] /p/home/jusers/fischill1/juwels/ippl/build_fin/alpine/ElectrostaticPIF/LandauDampingPIF[0x4e81cb]
[jwb0265:3348663] [15] /p/home/jusers/fischill1/juwels/ippl/build_fin/alpine/ElectrostaticPIF/LandauDampingPIF[0x5bee4d]
[jwb0265:3348663] [16] /p/home/jusers/fischill1/juwels/ippl/build_fin/alpine/ElectrostaticPIF/LandauDampingPIF[0x6093a7]
rs/fischill1/juwels/ippl/build_fin/_deps/kokkos-build/core/src/libkokkoscore.so.5.0(_ZNK6Kokkos9CudaSpace13impl_allocateEPKcmm28Kokkos_Profiling_SpaceHandle+0x219)[0x14d432a46319]
[jwb0284:234453] [10] /p/home/jusers/fischill1/juwels/ippl/build_fin/_deps/kokkos-build/core/src/libkokkoscore.so.5.0(_ZNK6Kokkos9CudaSpace8allocateEPKcmm+0x65)[0x14d432a46395]
[jwb0284:234453] [11] /p/home/jusers/fischill1/juwels/ippl/build_fin/_deps/kokkos-build/core/src/libkokkoscore.so.5.0(_ZN6Kokkos4Impl44HostInaccessibleSharedAllocationRecordCommonINS_9CudaSpaceEEC2ERKS2_RKNSt7__cxx1112basic_stringIcSt11char_traitsIcESaIcEEEmPFvPNS0_22SharedAllocationRecordIvvEEE+0x30)[0x14d432a48260]
[jwb0284:234453] [12] /p/home/jusers/fischill1/juwels/ippl/build_fin/alpine/ElectrostaticPIF/LandauDampingPIF[0x4aa864]
[jwb0284:234453] [13] /p/home/jusers/fischill1/juwels/ippl/build_fin/alpine/ElectrostaticPIF/LandauDampingPIF[0x4aae5e]
752] [15] /p/home/jusers/fischill1/juwels/ippl/build_fin/alpine/ElectrostaticPIF/LandauDampingPIF[0x5bee4d]
[jwb0100:874752] [16] /p/home/jusers/fischill1/juwels/ippl/build_fin/alpine/ElectrostaticPIF/LandauDampingPIF[0x6093a7]
[jwb0100:874752] [17] /p/home/jusers/fischill1/juwels/ippl/build_fin/alpine/ElectrostaticPIF/LandauDampingPIF[0x6095b5]
[jwb0100:874752] [18] /p/home/jusers/fischill1/juwels/ippl/build_fin/alpine/ElectrostaticPIF/LandauDampingPIF[0x60c8d1]
[jwb0100:874752] [19] /p/home/jusers/fischill1/juwels/ippl/build_fin/alpine/ElectrostaticPIF/LandauDampingPIF[0x60d25b]
[jwb0100:874752] [20] /p/home/jusers/fischill1/juwels/ippl/build_fin/alpine/ElectrostaticPIF/LandauDampingPIF[0x423759]
[jwb0100:874752] [21] /usr/lib64/libc.so.6(+0x2a610)[0x151896766610]
[jwb0100:874752] [22] /usr/lib64/libc.so.6(__libc_start_main+0x80)[0x1518967666c0]
[jwb0100:874752] [23] /p/home/jusers/fischill1/juwels/ippl/build_fin/alpine/ElectrostaticPIF/LandauDampingPIF[0x425995]
[jwb0135:536180] [14] /p/home/jusers/fischill1/juwels/ippl/build_fin/alpine/ElectrostaticPIF/LandauDampingPIF[0x4cf907]
[jwb0135:536/juwels/ippl/build_fin/alpine/ElectrostaticPIF/LandauDampingPIF[0x425995]
[jwb0099:2114870] *** End of error message ***
250477] [18] /p/home/jusers/fischill1/juwels/ippl/build_fin/alpine/ElectrostaticPIF/LandauDampingPIF[0x6095b5]
[jwb0287:250477] [19] /p/home/jusers/fischill1/juwels/ippl/build_fin/alpine/ElectrostaticPIF/LandauDampingPIF[0x60c8d1]
[jwb0287:250477] [20] /p/home/jusers/fischill1/juwels/ippl/build_fin/alpine/ElectrostaticPIF/LandauDampingPIF[0x60d25b]
[jwb0287:250477] [21] /p/home/jusers/fischill1/juwels/ippl/build_fin/alpine/ElectrostaticPIF/LandauDampingPIF[0x423759]
[jwb0287:250477] [22] /usr/lib64/libc.so.6(+0x2a610)[0x14f845d3c610]
[jwb0287:250477] [23] /usr/lib64/libc.so.6(__libc_start_main+0x80)[0x14f845d3c6c0]
[jwb0287:250477] [24] /p/home/jusers/fischill1/juwels/ippl/build_fin/alpine/ElectrostaticPIF/LandauDampingPIF[0x425995]
[jwb0287:250477] *** End of error message ***
[jwb0131:575739] *** End of error message ***
[jwb0264:3805128] [24] /p/home/jusers/fischi/home/jusers/fischill1/juwels/ippl/build_fin/_deps/kokkos-build/core/src/libkokkoscore.so.5.0(_ZNK6Kokkos9CudaSpace13impl_allocateEPKcmm28Kokkos_Profiling_SpaceHandle+0x219)[0x154db1fa3319]
[jwb0265:3348666] [10] /p/home/jusers/fischill1/juwels/ippl/build_fin/_deps/kokkos-build/core/src/libkokkoscore.so.5.0(_ZNK6Kokkos9CudaSpace8allocateEPKcmm+0x65)[0x154db1fa3395]
[jwb0265:3348666] [11] /p/home/jusers/fischill1/juwels/ippl/build_fin/_deps/kokkos-build/core/src/libkokkoscore.so.5.0(_ZN6Kokkos4Impl44HostInaccessibleSharedAllocationRecordCommonINS_9CudaSpaceEEC2ERKS2_RKNSt7__cxx1112basic_stringIcSt11char_traitsIcESaIcEEEmPFvPNS0_22SharedAllocationRecordIvvEEE+0x30)[0x154db1fa5260]
[jwb0265:3348666] [12] /p/home/jusers/fischill1/juwels/ippl/build_fin/alpine/ElectrostaticPIF/LandauDampingPIF[0x49cd3a]
[jwb0265:3348666] [13] /p/home/jusers/fischill1/juwels/ippl/build_fin/alpine/ElectrostaticPIF/LandauDampingPIF[0x4d0480]
[jwb0284:234453] [14] /p/home/jusers/fischill1/juwels/ippl/build_fin/alpine/ElectrostaticPIF/LandauDampingPIF[0x4cf907]
[jwb0100:874752] *** End of error message ***
rs/fischill1/juwels/ippl/build_fin/_deps/kokkos-build/core/src/libkokkoscore.so.5.0(_ZNK6Kokkos9CudaSpace13impl_allocateEPKcmm28Kokkos_Profiling_SpaceHandle+0x219)[0x1492ec87e319]
[jwb0135:536182] [10] /p/home/jusers/fischill1/juwels/ippl/build_fin/_deps/kokkos-build/core/src/libkokkoscore.so.5.0(_ZNK6Kokkos9CudaSpace8allocateEPKcmm+0x65)[0x1492ec87e395]
[jwb0135:536182] [11] /p/home/jusers/fischill1/juwels/ippl/build_fin/_deps/kokkos-build/core/src/libkokkoscore.so.5.0(_ZN6Kokkos4Impl44HostInaccessibleSharedAllocationRecordCommonINS_9CudaSpaceEEC2ERKS2_RKNSt7__cxx1112basic_stringIcSt11char_traitsIcESaIcEEEmPFvPNS0_22SharedAllocationRecordIvvEEE+0x30)[0x1492ec880260]
[jwb0135:536182] [12] /p/home/jusers/fischill1/juwels/ippl/build_fin/alpine/ElectrostaticPIF/LandauDampingPIF[0x49cd3a]
[jwb0135:536182] [13] /p/home/jusers/fischill1/juwels/ippl/build_fin/alpine/ElectrostaticPIF/LandauDampingPIF[0x4d0480]
[jwb0099:2114868] [22] /usr/lib64/libc.so.6(+0x2a610)[0x153444b63610]
[jwb0099:2114868] [23] /usr/lib64/libc.so.6(__libc_start_main+0x80)[0x153444b636c0]
[jwb0099:2114868] [24] /p/home/jusers/fischill1/juwels/ippl/build_fin/alpine/ElectrostaticPIF/LandauDampingPIF[0x425995]
[jwb0131:575741] [18] /p/home/jusers/fischill1/juwels/ippl/build_fin/alpine/ElectrostaticPIF/LandauDampingPIF[0x6095b5]
[jwb0131:575741] [19] /p/home/jusers/fischill1/juwels/ippl/build_fin/alpine/ElectrostaticPIF/LandauDampingPIF[0x60c8d1]
[jwb0131:575741] [20] /p/home/jusers/fischill1/juwels/ippl/build_fin/alpine/ElectrostaticPIF/LandauDampingPIF[0x60d25b]
[jwb0131:575741] [21] /p/home/jusers/fischill1/juwels/ippl/build_fin/alpine/ElectrostaticPIF/LandauDampingPIF[0x423759]
[jwb0131:575741] [22] /usr/lib64/libc.so.6(+0x2a610)[0x151e9a8aa610]
[jwb0131:575741] [23] /usr/lib64/libc.so.6(__libc_start_main+0x80)[0x151e9a8aa6c0]
[jwb0131:575741] [24] /p/home/jusers/fischill1/juwels/ippl/build_fin/alpine/ElectrostaticPIF/LandauDampingPIF[0x425995]
[jwb0131:575741] *** End of error message ***
ll1/juwels/ippl/build_fin/alpine/ElectrostaticPIF/LandauDampingPIF[0x425995]
[jwb0264:3805128] *** End of error message ***
[jwb0265:3348666] [14] /p/home/jusers/fischill1/juwels/ippl/build_fin/alpine/ElectrostaticPIF/LandauDampingPIF[0x4e81c[jwb0200:4089162] [ 0] /usr/lib64/libc.so.6(+0x3fc30)[0x1500d3705c30]
[jwb0200:4089162] [ 1] /usr/lib64/libc.so.6(+0x8d02c)[0x1500d375302c]
[jwb0200:4089162] [ 2] /usr/lib64/libc.so.6(raise+0x16)[0x1500d3705b86]
[jwb0200:4089162] [ 3] /usr/lib64/libc.so.6(abort+0xd3)[0x1500d36ef873]
[jwb0200:4089162] [ 4] /p/software/default/stages/2026/software/GCCcore/14.3.0/lib64/libstdc++.so.6(+0xadc3d)[0x1500d39aac3d]
[jwb0200:4089162] [ 5] /p/software/default/stages/2026/software/GCCcore/14.3.0/lib64/libstdc++.so.6(+0xbf14a)[0x1500d39bc14a]
[jwb0200:4089162] [ 6] /p/software/default/stages/2026/software/GCCcore/14.3.0/lib64/libstdc++.so.6(_ZSt10unexpectedv+0x0)[0x1500d39aa7e9]
[jwb0200:4089162] [ 7] /p/software/default/stages/2026/software/GCCcore/14.3.0/lib64/libstdc++.so.6(+0xbf3c7)[0x1500d39bc3c7]
[jwb0200:4089162] [ 8] /p/home/jusers/fischill1/juwels/ippl/build_fin/_deps/kokkos-build/core/src/libkokkoscore.so.5.0(_ZN6Kokkos4Impl15throw_bad_allocESt17basic_string_viewIcSt11char_traitsIcEEmS4_+0x115)[0x1500d3e4ae05]
[jwb0284:234453] [15] /p/home/jusers/fischill1/juwels/ippl/build_fin/alpine/ElectrostaticPIF/LandauDampingPIF[0x4e81cb]
[jwb0284:234453] [16] /p/home/jusers/fischill1/juwels/ippl/build_fin/alpine/ElectrostaticPIF/LandauDampingPIF[0x5bee4d]
[jwb0284:234453] [17] /p/home/jusers/fischill1/juwels/ippl/build_fin/alpine/ElectrostaticPIF/LandauDampingPIF[0x6093a7]
[jwb0284:234453] [18] /p/home/jusers/fischill1/juwels/ippl/build_fin/alpine/ElectrostaticPIF/LandauDampingPIF[0x6095b5]
[jwb0284:234453] [19] /p/home/jusers/fischill1/juwels/ippl/build_fin/alpine/ElectrostaticPIF/LandauDampingPIF[0x60c8d1]
[jwb0284:234453] [20] /p/home/jusers/fischill1/juwels/ippl/build_fin/alpine/ElectrostaticPIF/LandauDampingPIF[0x60d25b]
[jwb0284:234453] [21] /p/home/jusers/fischill1/juwels/ippl/build_fin/alpine/ElectrostaticPIF/LandauDampingPIF[0x423759]
[jwb0284:234453] [22] /usr/lib64/libc.so.6(+0x2a610)[0x14d4322d9610]
[jwb0284:234453] [23] /usr/lib64/libc.so.6(__libc_start_main+0x80)[0x14d4322d96c0]
rs/fischill1/juwels/ippl/build_fin/_deps/kokkos-build/core/src/libkokkoscore.so.5.0(_ZNK6Kokkos9CudaSpace13impl_allocateEPKcmm28Kokkos_Profiling_SpaceHandle+0x219)[0x15271587c319]
[jwb0100:874749] [10] /p/home/jusers/fischill1/juwels/ippl/build_fin/_deps/kokkos-build/core/src/libkokkoscore.so.5.0(_ZNK6Kokkos9CudaSpace8allocateEPKcmm+0x65)[0x15271587c395]
[jwb0100:874749] [11] /p/home/jusers/fischill1/juwels/ippl/build_fin/_deps/kokkos-build/core/src/libkokkoscore.so.5.0(_ZN6Kokkos4Impl44HostInaccessibleSharedAllocationRecordCommonINS_9CudaSpaceEEC2ERKS2_RKNSt7__cxx1112basic_stringIcSt11char_traitsIcESaIcEEEmPFvPNS0_22SharedAllocationRecordIvvEEE+0x30)[0x15271587e260]
[jwb0100:874749] [12] /p/home/jusers/fischill1/juwels/ippl/build_fin/alpine/ElectrostaticPIF/LandauDampingPIF[0x4aa864]
[jwb0100:874749] [13] /p/home/jusers/fischill1/juwels/ippl/build_fin/alpine/ElectrostaticPIF/LandauDampingPIF[0x4aae5e]
[jwb0135:536182] [14] /p/home/jusers/fischill1/juwels/ippl/build_fin/alpine/ElectrostaticPIF/LandauDampingPIF[0x4e81cb]
[jwb0099:2114867] [17] /p/home/jusers/fischill1/juwels/ippl/build_fin/alpine/ElectrostaticPIF/LandauDampingPIF[0x6093a7]
[jwb0099:2114867] [18] /p/home/jusers/fischill1/juwels/ippl/build_fin/alpine/ElectrostaticPIF/LandauDampingPIF[0x6095b5]
[jwb0099:2114867] [19] /p/home/jusers/fischill1/juwels/ippl/build_fin/alpine/ElectrostaticPIF/LandauDampingPIF[0x60c8d1]
[jwb0285:3713792] [ 4] /p/software/default/stages/2026/software/GCCcore/14.3.0/lib64/libstdc++.so.6(+0xadc3d)[0x1481c036ac3d]
[jwb0285:3713792] [ 5] /p/software/default/stages/2026/software/GCCcore/14.3.0/lib64/libstdc++.so.6(+0xbf14a)[0x1481c037c14a]
[jwb0285:3713792] [ 6] /p/software/default/stages/2026/software/GCCcore/14.3.0/lib64/libstdc++.so.6(_ZSt10unexpectedv+0x0)[0x1481c036a7e9]
[jwb0285:3713792] [ 7] /p/software/default/stages/2026/software/GCCcore/14.3.0/lib64/libstdc++.so.6(+0xbf3c7)[0x1481c037c3c7]
[jwb0285:3713792] [ 8] /p/home/jusers/fischill1/juwels/ippl/build_fin/_deps/kokkos-build/core/src/libkokkoscore.so.5.0(_ZN6Kokkos4Impl15throw_bad_allocESt17basic_string_viewIcSt11char_traitsIcEEmS4_+0x115)[0x1481c080ae05]
[jwb0285:3713792] [ 9] /p/home/jusers/fischill1/juwels/ippl/build_fin/_deps/kokkos-build/core/src/libkokkoscore.so.5.0(_ZNK6Kokkos9CudaSpace13impl_allocateEPKcmm28Kokkos_Profiling_SpaceHandle+0x219)[0x1481c081d319]
738] [15] /p/home/jusers/fischill1/juwels/ippl/build_fin/alpine/ElectrostaticPIF/LandauDampingPIF[0x5bee4d]
[jwb0131:575738] [16] /p/home/jusers/fischill1/juwels/ippl/build_fin/alpine/ElectrostaticPIF/LandauDampingPIF[0x6093a7]
[jwb0131:575738] [17] /p/home/jusers/fischill1/juwels/ippl/build_fin/alpine/ElectrostaticPIF/LandauDampingPIF[0x6095b5]
[jwb0131:575738] [18] /p/home/jusers/fischill1/juwels/ippl/build_fin/alpine/ElectrostaticPIF/LandauDampingPIF[0x60c8d1]
[jwb0131:575738] [19] /p/home/jusers/fischill1/juwels/ippl/build_fin/alpine/ElectrostaticPIF/LandauDampingPIF[0x60d25b]
[jwb0131:575738] [20] /p/home/jusers/fischill1/juwels/ippl/build_fin/alpine/ElectrostaticPIF/LandauDampingPIF[0x423759]
[jwb0131:575738] [21] /usr/lib64/libc.so.6(+0x2a610)[0x1490cb43a610]
[jwb0131:575738] [22] /usr/lib64/libc.so.6(__libc_start_main+0x80)[0x1490cb43a6c0]
[jwb0131:575738] [23] /p/home/jusers/fischill1/juwels/ippl/build_fin/alpine/ElectrostaticPIF/LandauDampingPIF[0x425995]
/home/jusers/fischill1/juwels/ippl/build_fin/_deps/kokkos-build/core/src/libkokkoscore.so.5.0(_ZNK6Kokkos9CudaSpace13impl_allocateEPKcmm28Kokkos_Profiling_SpaceHandle+0x219)[0x15127ac9c319]
[jwb0265:3348664] [10] /p/home/jusers/fischill1/juwels/ippl/build_fin/_deps/kokkos-build/core/src/libkokkoscore.so.5.0(_ZNK6Kokkos9CudaSpace8allocateEPKcmm+0x65)[0x15127ac9c395]
[jwb0265:3348664] [11] /p/home/jusers/fischill1/juwels/ippl/build_fin/_deps/kokkos-build/core/src/libkokkoscore.so.5.0(_ZN6Kokkos4Impl44HostInaccessibleSharedAllocationRecordCommonINS_9CudaSpaceEEC2ERKS2_RKNSt7__cxx1112basic_stringIcSt11char_traitsIcESaIcEEEmPFvPNS0_22SharedAllocationRecordIvvEEE+0x30)[0x15127ac9e260]
[jwb0265:3348664] [12] /p/home/jusers/fischill1/juwels/ippl/build_fin/alpine/ElectrostaticPIF/LandauDampingPIF[0x49cd3a]
[jwb0265:3348664] [13] /p/home/jusers/fischill1/juwels/ippl/build_fin/alpine/ElectrostaticPIF/LandauDampingPIF[0x4d0480]
[jwb0284:234453] [24] /p/home/jusers/fischill1/juwels/ip[jwb0100:874749] [14] /p/home/jusers/fischill1/juwels/ippl/build_fin/alpine/ElectrostaticPIF/LandauDampingPIF[0x4cf907]
[jwb0100:874[jwb0135:536181] [18] /p/home/jusers/fischill1/juwels/ippl/build_fin/alpine/ElectrostaticPIF/LandauDampingPIF[0x60c8d1]
[jwb0135:536181] [19] /p/home/jusers/fischill1/juwels/ippl/build_fin/alpine/ElectrostaticPIF/LandauDampingPIF[0x60d25b]
[jwb0135:536181] [20] /p/home/jusers/fischill1/juwels/ippl/build_fin/alpine/ElectrostaticPIF/LandauDampingPIF[0x423759]
[jwb0135:536181] [21] /usr/lib64/libc.so.6(+0x2a610)[0x150dacf3a610]
[jwb0135:536181] [22] /usr/lib64/libc.so.6(__libc_start_main+0x80)[0x150dacf3a6c0]
[jwb0135:536181] [23] /p/home/jusers/fischill1/juwels/ippl/build_fin/alpine/ElectrostaticPIF/LandauDampingPIF[0x425995]
[jwb0099:2114869] [17] /p/home/jusers/fischill1/juwels/ippl/build_fin/alpine/ElectrostaticPIF/LandauDampingPIF[0x6093a7]
[jwb0099:2114869] [18] /p/home/jusers/fischill1/juwels/ippl/build_fin/alpine/ElectrostaticPIF/LandauDampingPIF[0x6095b5]
[jwb0099:2114869] [19] /p/home/jusers/fischill1/juwels/ippl/build_fin/alpine/ElectrostaticPIF/LandauDampingPIF[0x60c8d1]
[jwb0099:2114869] [20] /p/home/jusers/fischill1/juwels/ippl/build_fin/alpine/ElectrostaticPIF/LandauDampingPIF[0x60d25b]
[jwb0099:2114869] [21] /p/home/jusers/fischill1/juwels/ippl/build_fin/alpine/ElectrostaticPIF/LandauDampingPIF[0x423759]
[jwb0099:2114869] [22] /usr/lib64/libc.so.6(+0x2a610)[0x149ea1401610]
[jwb0099:2114869] [23] /usr/lib64/libc.so.6(__libc_start_main+0x80)[0x149ea14016c0]
[jwb0099:2114869] [24] /p/home/jusers/fischill1/juwels/ippl/build_fin/alpine/ElectrostaticPIF/LandauDampingPIF[0x425995]
[jwb0099:2114869] *** End of error message ***
[jwb0285:3713792] [10] /p/home/jusers/fischill1/juwels/ippl/build_fin/_deps/kokkos-build/core/[jwb0131:575738] *** End of error message ***
[jwb0265:3348665] [18] /p/home/jusers/fischill1/juwels/ippl/build_fin/alpine/ElectrostaticPIF/LandauDampingPIF[0x6095b5]
[jwb0265:3348665] [19] /p/home/jusers/fischill1/juwels/ippl/build_fin/alpine/ElectrostaticPIF/LandauDampingPIF[0x60c8d1]
[jwb0265:3348665] [20] /p/home/jusers/fischill1/juwels/ippl/build_fin/alpine/ElectrostaticPIF/LandauDampingPIF[0x60d25b]
[jwb0265:3348665] [21] /p/home/jusers/fischill1/juwels/ippl/build_fin/alpine/ElectrostaticPIF/LandauDampingPIF[0x423759]
[jwb0265:3348665] [22] /usr/lib64/libc.so.6(+0x2a610)[0x1535324b0610]
[jwb0265:3348665] [23] /usr/lib64/libc.so.6(__libc_start_main+0x80)[0x1535324b06c0]
[jwb0265:3348665] [24] /p/home/jusers/fischill1/juwels/ippl/build_fin/alpine/ElectrostaticPIF/LandauDampingPIF[0x425995]
[jwb0265:3348665] *** End of error message ***
[jwb0200:4089162] [ 9] /p/home/jusers/fischill1/juwels/ippl/build_fin/_deps/kokkos-build/core/src/libkokkoscore.so.5.0(_ZNK6Kokkos9CudaSpace13impl_allocateEPKcmm28Kokkos_Profiling_SpaceHandle+0x219)[0x1500d3e5d319]
pl/build_fin/alpine/ElectrostaticPIF/LandauDampingPIF[0x425995]
[jwb0284:234453] *** End of error message ***
749] [15] /p/home/jusers/fischill1/juwels/ippl/build_fin/alpine/ElectrostaticPIF/LandauDampingPIF[0x4e81cb]
[jwb0100:874749] [16] /p/home/jusers/fischill1/juwels/ippl/build_fin/alpine/ElectrostaticPIF/LandauDampingPIF[0x5bee4d]
[jwb0100:874749] [17] /p/home/jusers/fischill1/juwels/ippl/build_fin/alpine/ElectrostaticPIF/LandauDampingPIF[0x6093a7]
[jwb0100:874749] [18] /p/home/jusers/fischill1/juwels/ippl/build_fin/alpine/ElectrostaticPIF/LandauDampingPIF[0x6095b5]
[jwb0100:874749] [19] /p/home/jusers/fischill1/juwels/ippl/build_fin/alpine/ElectrostaticPIF/LandauDampingPIF[0x60c8d1]
[jwb0100:874749] [20] /p/home/jusers/fischill1/juwels/ippl/build_fin/alpine/ElectrostaticPIF/LandauDampingPIF[0x60d25b]
[jwb0100:874749] [21] /p/home/jusers/fischill1/juwels/ippl/build_fin/alpine/ElectrostaticPIF/LandauDampingPIF[0x423759]
[jwb0100:874749] [22] /usr/lib64/libc.so.6(+0x2a610)[0x15271510f610]
[jwb0100:874749] [23] /usr/lib64/libc.so.6(__libc_start_main+0x80)[0x15271510f6c0]
[jwb0135:536179] [15] /p/home/jusers/fischill1/juwels/ippl/build_fin/alpine/ElectrostaticPIF/LandauDampingPIF[0x5bee4d]
[jwb0135:536179] [16] /p/home/jusers/fischill1/juwels/ippl/build_fin/alpine/ElectrostaticPIF/LandauDampingPIF[0x6093a7]
[jwb0135:536179] [17] /p/home/jusers/fischill1/juwels/ippl/build_fin/alpine/ElectrostaticPIF/LandauDampingPIF[0x6095b5]
[jwb0135:536179] [18] /p/home/jusers/fischill1/juwels/ippl/build_fin/alpine/ElectrostaticPIF/LandauDampingPIF[0x60c8d1]
[jwb0135:536179] [19] /p/home/jusers/fischill1/juwels/ippl/build_fin/alpine/ElectrostaticPIF/LandauDampingPIF[0x60d25b]
[jwb0135:536179] [20] /p/home/jusers/fischill1/juwels/ippl/build_fin/alpine/ElectrostaticPIF/LandauDampingPIF[0x423759]
[jwb0135:536179] [21] /usr/lib64/libc.so.6(+0x2a610)[0x1553eff93610]
[jwb0135:536179] [22] /usr/lib64/libc.so.6(__libc_start_main+0x80)[0x1553eff936c0]
[jwb0135:536179] [23] /p/home/jusers/fischill1/juwels/ippl/build_fin/alpine/ElectrostaticPIF/LandauDampingPIF[0x425995]
[jwb0099:2114868] *** End of error message ***
src/libkokkoscore.so.5.0(_ZNK6Kokkos9CudaSpace8allocateEPKcmm+0x65)[0x1481c081d395]
[jwb0285:3713792] [11] /p/home/jusers/fischill1/juwels/ippl/build_fin/_deps/kokkos-build/core/src/libkokkoscore.so.5.0(_ZN6Kokkos4Impl44HostInaccessibleSharedAllocationRecordCommonINS_9CudaSpaceEEC2ERKS2_RKNSt7__cxx1112basic_stringIcSt11char_traitsIcESaIcEEEmPFvPNS0_22SharedAllocationRecordIvvEEE+0x30)[0x1481c081f260]
[jwb0285:3713792] [12] /p/home/jusers/fischill1/juwels/ippl/build_fin/alpine/ElectrostaticPIF/LandauDampingPIF[0x4aa864]
[jwb0285:3713792] [13] /p/home/jusers/fischill1/juwels/ippl/build_fin/alpine/ElectrostaticPIF/LandauDampingPIF[0x4aaf61]
[jwb0285:3713792] [14] /p/home/jusers/fischill1/juwels/ippl/build_fin/alpine/ElectrostaticPIF/LandauDampingPIF[0x4cf907]
[jwb0285:3713792] [15] /p/home/jusers/fischill1/juwels/ippl/build_fin/alpine/ElectrostaticPIF/LandauDampingPIF[0x4e81cb]
[jwb0285:3713792] [16] /p/home/jusers/fischill1/juwels/ippl/build_fin/alpine/ElectrostaticPIF/LandauDampingPIF[0x5bee4d]
rs/fischill1/juwels/ippl/build_fin/_deps/kokkos-build/core/src/libkokkoscore.so.5.0(_ZNK6Kokkos9CudaSpace13impl_allocateEPKcmm28Kokkos_Profiling_SpaceHandle+0x219)[0x14e732693319]
[jwb0131:575740] [10] /p/home/jusers/fischill1/juwels/ippl/build_fin/_deps/kokkos-build/core/src/libkokkoscore.so.5.0(_ZNK6Kokkos9CudaSpace8allocateEPKcmm+0x65)[0x14e732693395]
[jwb0131:575740] [11] /p/home/jusers/fischill1/juwels/ippl/build_fin/_deps/kokkos-build/core/src/libkokkoscore.so.5.0(_ZN6Kokkos4Impl44HostInaccessibleSharedAllocationRecordCommonINS_9CudaSpaceEEC2ERKS2_RKNSt7__cxx1112basic_stringIcSt11char_traitsIcESaIcEEEmPFvPNS0_22SharedAllocationRecordIvvEEE+0x30)[0x14e732695260]
[jwb0131:575740] [12] /p/home/jusers/fischill1/juwels/ippl/build_fin/alpine/ElectrostaticPIF/LandauDampingPIF[0x4aa864]
[jwb0131:575740] [13] /p/home/jusers/fischill1/juwels/ippl/build_fin/alpine/ElectrostaticPIF/LandauDampingPIF[0x4aae5e]
[jwb0265:3348663] [17] /p/home/jusers/fischill1/juwels/ippl/build_fin/alpine/ElectrostaticPIF/LandauDampingPIF[0x6095b5]
[jwb0265:3348663] [18] /p/home/jusers/fischill1/juwels/ippl/build_fin/alpine/ElectrostaticPIF/LandauDampingPIF[0x60c8d1]
[jwb0265:3348663] [19] /p/home/jusers/fischill1/juwels/ippl/build_fin/alpine/ElectrostaticPIF/LandauDampingPIF[0x60d25b]
[jwb0265:3348663] [20] /p/home/jusers/fischill1/juwels/ippl/build_fin/alpine/ElectrostaticPIF/LandauDampingPIF[0x423759]
[jwb0265:3348663] [21] /usr/lib64/libc.so.6(+0x2a610)[0x154ffac3a610]
[jwb0265:3348663] [22] /usr/lib64/libc.so.6(__libc_start_main+0x80)[0x154ffac3a6c0]
[jwb0265:3348663] [23] /p/home/jusers/fischill1/juwels/ippl/build_fin/alpine/ElectrostaticPIF/LandauDampingPIF[0x425995]
[jwb0265:3348663] *** End of error message ***
[jwb0200:4089162] [10] /p/home/jusers/fischill1/juwels/ippl/build_fin/_deps/kokkos-build/core/src/libkokkoscore.so.5.0(_ZNK6Kokkos9CudaSpace8allocateEPKcmm+0x65)[0x1500d3e5d395]
[jwb0100:874749] [24] /p/home/jusers/fischill1/juwels/ippl/build_fin[jwb0135:536179] *** End of error message ***
[jwb0099:2114867] [20] /p/home/jusers/fischill1/juwels/ippl/build_fin/alpine/ElectrostaticPIF/LandauDampingPIF[0x60d25b]
[jwb0099:2114867] [21] /p/home/jusers/fischill1/juwels/ippl/build_fin/alpine/ElectrostaticPIF/LandauDampingPIF[0x423759]
[jwb0099:2114867] [22] /usr/lib64/libc.so.6(+0x2a610)[0x147f2e11f610]
[jwb0099:2114867] [23] /usr/lib64/libc.so.6(__libc_start_main+0x80)[0x147f2e11f6c0]
[jwb0099:2114867] [24] /p/home/jusers/fischill1/juwels/ippl/build_fin/alpine/ElectrostaticPIF/LandauDampingPIF[0x425995]
[jwb0285:3713792] [17] /p/home/jusers/f[jwb0131:575740] [14] /p/home/jusers/fischill1/juwels/ippl/build_fin/alpine/ElectrostaticPIF/LandauDampingPIF[0x4cf907]
[jwb0131:575b]
/alpine/ElectrostaticPIF/LandauDampingPIF[0x425995]
[jwb0100:874749] *** End of error message ***
180] [15] /p/home/jusers/fischill1/juwels/ippl/build_fin/alpine/ElectrostaticPIF/LandauDampingPIF[0x4e81cb]
[jwb0135:536180] [16] /p/home/jusers/fischill1/juwels/ippl/build_fin/alpine/ElectrostaticPIF/LandauDampingPIF[0x5bee4d]
[jwb0135:536180] [17] /p/home/jusers/fischill1/juwels/ippl/build_fin/alpine/ElectrostaticPIF/LandauDampingPIF[0x6093a7]
[jwb0135:536180] [18] /p/home/jusers/fischill1/juwels/ippl/build_fin/alpine/ElectrostaticPIF/LandauDampingPIF[0x6095b5]
[jwb0099:2114867] *** End of error message ***
ischill1/juwels/ippl/build_fin/alpine/ElectrostaticPIF/LandauDampingPIF[0x6093a7]
[jwb0285:3713792] [18] /p/home/jusers/fischill1/juwels/ippl/build_fin/alpine/ElectrostaticPIF/LandauDampingPIF[0x6095b5]
[jwb0285:3713792] [19] /p/home/jusers/fischill1/juwels/ippl/build_fin/alpine/ElectrostaticPIF/LandauDampingPIF[0x60c8d1]
[jwb0285:3713792] [20] /p/home/jusers/fischill1/juwels/ippl/build_fin/alpine/ElectrostaticPIF/LandauDampingPIF[0x60d25b]
[jwb0285:3713792] [21] /p/home/jusers/fischill1/juwels/ippl/build_fin/alpine/ElectrostaticPIF/LandauDampingPIF[0x423759]
[jwb0285:3713792] [22] /usr/lib64/libc.so.6(+0x2a610)[0x1481c00b0610]
[jwb0285:3713792] [23] /usr/lib64/libc.so.6(__libc_start_main+0x80)[0x1481c00b06c0]
[jwb0285:3713792] [24] /p/home/jusers/fischill1/juwels/ippl/build_fin/alpine/ElectrostaticPIF/LandauDampingPIF[0x425995]
[jwb0265:3348664] [14] /p/home/jusers/fischill1/juwels/ippl/build_fin/alpine/ElectrostaticPIF/LandauDampingPIF[0x4e81cb]
[jwb0265:3348664] [15] /p/home/jusers/fischill1/juwels/ippl/build_fin/alpine/ElectrostaticPIF/LandauDampingPIF[0x5bee4d]
[jwb0265:3348664] [16] /p/home/jusers/fischill1/juwels/ippl/build_fin/alpine/ElectrostaticPIF/LandauDampingPIF[0x6093a7]
[jwb0265:3348664] [17] /p/home/jusers/fischill1/juwels/ippl/build_fin/alpine/ElectrostaticPIF/LandauDampingPIF[0x6095b5]
[jwb0265:3348664] [18] /p/home/jusers/fischill1/juwels/ippl/build_fin/alpine/ElectrostaticPIF/LandauDampingPIF[0x60c8d1]
[jwb0265:3348664] [19] /p/home/jusers/fischill1/juwels/ippl/build_fin/alpine/ElectrostaticPIF/LandauDampingPIF[0x60d25b]
[jwb0265:3348664] [20] /p/home/jusers/fischill1/juwels/ippl/build_fin/alpine/ElectrostaticPIF/LandauDampingPIF[0x423759]
[jwb0265:3348664] [21] /usr/lib64/libc.so.6(+0x2a610)[0x15127a52f610]
[jwb0265:3348664] [22] /usr/lib64/libc.so.6(__libc_start_main+0x80)[0x15127a52f6c0]
[jwb0200:4089162] [11] /p/home/jusers/fischill1/juwels/ippl/build_fin/_deps/kokkos-build/core/src/libkokkoscore.so.5.0(_ZN6Kokkos4Impl44HostInaccessibleSharedAllocationRecordCommonINS_9CudaSpaceEEC2ERKS2_RKNSt7__cxx1112basic_stringIcSt11char_traitsIcESaIcEEEmPFvPNS0_22SharedAllocationRecordIvvEEE+0x30)[0x1500d3e5f260]
[jwb0200:4089162] [12] /p/home/jusers/fischill1/juwels/ippl/build_fin/alpine/ElectrostaticPIF/LandauDampingPIF[0x4aa864]
[jwb0200:4089162] [13] /p/home/jusers/fischill1/juwels/ippl/build_fin/alpine/ElectrostaticPIF/LandauDampingPIF[0x4aae5e]
[jwb0200:4089162] [14] /p/home/jusers/fischill1/juwels/ippl/build_fin/alpine/ElectrostaticPIF/LandauDampingPIF[0x4cf907]
[jwb0200:4089162] [15] /p/home/jusers/fischill1/juwels/ippl/build_fin/alpine/ElectrostaticPIF/LandauDampingPIF[0x4e81cb]
[jwb0200:4089162] [16] /p/home/jusers/fischill1/juwels/ippl/build_fin/alpine/ElectrostaticPIF/LandauDampingPIF[0x5bee4d]
[jwb0135:536182] [15] /p/home/jusers/fischill1/juwels/ippl/build_fin/alpine/ElectrostaticPIF/LandauDampingPIF[0x5bee4d]
[jwb0135:536182] [16] /p/home/jusers/fischill1/juwels/ippl/build_fin/alpine/ElectrostaticPIF/LandauDampingPIF[0x6093a7]
[jwb0135:536182] [17] /p/home/jusers/fischill1/juwels/ippl/build_fin/alpine/ElectrostaticPIF/LandauDampingPIF[0x6095b5]
[jwb0135:536182] [18] /p/home/jusers/fischill1/juwels/ippl/build_fin/alpine/ElectrostaticPIF/LandauDampingPIF[0x60c8d1]
[jwb0135:536182] [19] /p/home/jusers/fischill1/juwels/ippl/build_fin/alpine/ElectrostaticPIF/LandauDampingPIF[0x60d25b]
[jwb0135:536182] [20] /p/home/jusers/fischill1/juwels/ippl/build_fin/alpine/ElectrostaticPIF/LandauDampingPIF[0x423759]
[jwb0135:536182] [21] /usr/lib64/libc.so.6(+0x2a610)[0x1492ec111610]
[jwb0135:536182] [22] /usr/lib64/libc.so.6(__libc_start_main+0x80)[0x1492ec1116c0]
[jwb0135:536182] [23] /p/home/jusers/fischill1/juwels/ippl/build_fin/alpine/ElectrostaticPIF/LandauDampingPIF[0x425995]
[jwb0285:3713792] *** End of error message ***
740] [15] /p/home/jusers/fischill1/juwels/ippl/build_fin/alpine/ElectrostaticPIF/LandauDampingPIF[0x4e81cb]
[jwb0131:575740] [16] /p/home/jusers/fischill1/juwels/ippl/build_fin/alpine/ElectrostaticPIF/LandauDampingPIF[0x5bee4d]
[jwb0131:575740] [17] /p/home/jusers/fischill1/juwels/ippl/build_fin/alpine/ElectrostaticPIF/LandauDampingPIF[0x6093a7]
[jwb0131:575740] [18] /p/home/jusers/fischill1/juwels/ippl/build_fin/alpine/ElectrostaticPIF/LandauDampingPIF[0x6095b5]
[jwb0131:575740] [19] /p/home/jusers/fischill1/juwels/ippl/build_fin/alpine/ElectrostaticPIF/LandauDampingPIF[0x60c8d1]
[jwb0131:575740] [20] /p/home/jusers/fischill1/juwels/ippl/build_fin/alpine/ElectrostaticPIF/LandauDampingPIF[0x60d25b]
[jwb0131:575740] [21] /p/home/jusers/fischill1/juwels/ippl/build_fin/alpine/ElectrostaticPIF/LandauDampingPIF[0x423759]
[jwb0131:575740] [22] /usr/lib64/libc.so.6(+0x2a610)[0x14e731f26610]
[jwb0131:575740] [23] /usr/lib64/libc.so.6(__libc_start_main+0x80)[0x14e731f266c0]
[jwb0265:3348664] [23] /p/home/jusers/fischill1[jwb0200:4089162] [17] /p/home/jusers/fischill1/juwels/ippl/build_fin/alpine/ElectrostaticPIF/LandauDampingPIF[0x6093a7]
[j[jwb0135:536182] *** End of error message ***
[jwb0131:575740] [24] /p/home/jusers/fischill1/juwels/ippl/build_fin[jwb0265:3348666] [15] /p/home/jusers/fischill1/juwels/ippl/build_fin/alpine/ElectrostaticPIF/LandauDampingPIF[0x5bee4d]
[jwb0265:3348666] [16] /p/home/jusers/fischill1/juwels/ippl/build_fin/alpine/ElectrostaticPIF/LandauDampingPIF[0x6093a7]
[jwb0265:3348666] [17] /p/home/jusers/fischill1/juwels/ippl/build_fin/alpine/ElectrostaticPIF/LandauDampingPIF[0x6095b5]
[jwb0265:3348666] [18] /p/home/jusers/fischill1/juwels/ippl/build_fin/alpine/ElectrostaticPIF/LandauDampingPIF[0x60c8d1]
[jwb0265:3348666] [19] /p/home/jusers/fischill1/juwels/ippl/build_fin/alpine/ElectrostaticPIF/LandauDampingPIF[0x60d25b]
[jwb0265:3348666] [20] /p/home/jusers/fischill1/juwels/ippl/build_fin/alpine/ElectrostaticPIF/LandauDampingPIF[0x423759]
[jwb0265:3348666] [21] /usr/lib64/libc.so.6(+0x2a610)[0x154db1836610]
[jwb0265:3348666] [22] /usr/lib64/libc.so.6(__libc_start_main+0x80)[0x154db18366c0]
[jwb0265:3348666] [23] /p/home/jusers/fischill1/juwels/ippl/build_fin/alpine/ElectrostaticPIF/LandauDampingPIF[0x425995]
wb0200:4089162] [18] /p/home/jusers/fischill1/juwels/ippl/build_fin/alpine/ElectrostaticPIF/LandauDampingPIF[0x6095b5]
[jwb0200:4089162] [19] /p/home/jusers/fischill1/juwels/ippl/build_fin/alpine/ElectrostaticPIF/LandauDampingPIF[0x60c8d1]
[jwb0200:4089162] [20] /p/home/jusers/fischill1/juwels/ippl/build_fin/alpine/ElectrostaticPIF/LandauDampingPIF[0x60d25b]
[jwb0200:4089162] [21] /p/home/jusers/fischill1/juwels/ippl/build_fin/alpine/ElectrostaticPIF/LandauDampingPIF[0x423759]
[jwb0200:4089162] [22] /usr/lib64/libc.so.6(+0x2a610)[0x1500d36f0610]
[jwb0200:4089162] [23] /usr/lib64/libc.so.6(__libc_start_main+0x80)[0x1500d36f06c0]
[jwb0200:4089162] [24] /p/home/jusers/fischill1/juwels/ippl/build_fin/alpine/ElectrostaticPIF/LandauDampingPIF[0x425995]
[jwb0200:4089162] *** End of error message ***
[jwb0135:536181] *** End of error message ***
/alpine/ElectrostaticPIF/LandauDampingPIF[0x425995]
[jwb0131:575740] *** End of error message ***
[jwb0135:536180] [19] /p/home/jusers/fischill1/juwels/ippl/build_fin/alpine/ElectrostaticPIF/LandauDampingPIF[0x60c8d1]
[jwb0135:536180] [20] /p/home/jusers/fischill1/juwels/ippl/build_fin/alpine/ElectrostaticPIF/LandauDampingPIF[0x60d25b]
[jwb0135:536180] [21] /p/home/jusers/fischill1/juwels/ippl/build_fin/alpine/ElectrostaticPIF/LandauDampingPIF[0x423759]
[jwb0135:536180] [22] /usr/lib64/libc.so.6(+0x2a610)[0x1504c260c610]
[jwb0135:536180] [23] /usr/lib64/libc.so.6(__libc_start_main+0x80)[0x1504c260c6c0]
[jwb0135:536180] [24] /p/home/jusers/fischill1/juwels/ippl/build_fin/alpine/ElectrostaticPIF/LandauDampingPIF[0x425995]
[jwb0135:536180] *** End of error message ***
/juwels/ippl/build_fin/alpine/ElectrostaticPIF/LandauDampingPIF[0x425995]
[jwb0265:3348664] *** End of error message ***
[jwb0265:3348666] *** End of error message ***
terminate called after throwing an instance of 'std::runtime_error'
  what():  Kokkos ERROR: Cuda memory space failed to allocate 625.2 MiB (label="perm_out").
terminate called after throwing an instance of 'std::runtime_error'
[jwb0267:3083877] *** Process received signal ***
  what():  Kokkos ERROR: Cuda memory space failed to allocate 1.068 GiB (label="temp_storage").
[jwb0267:3083877] Signal: Aborted (6)
[jwb0267:3083877] Signal code:  (-6)
[jwb0267:3083876] *** Process received signal ***
[jwb0267:3083876] Signal: Aborted (6)
[jwb0267:3083876] Signal code:  (-6)
terminate called after throwing an instance of 'std::runtime_error'
  what():  Kokkos ERROR: Cuda memory space failed to allocate 641.3 MiB (label="keys_out").
[jwb0267:3083879] *** Process received signal ***
[jwb0267:3083879] Signal: Aborted (6)
[jwb0267:3083879] Signal code:  (-6)
[jwb0267:3083879] [ 0] /usr/lib64/libc.so.6(+0x3fc30)[0x14dfa7fbec30]
[jwb0267:3083877] [ 0] /usr/lib64/libc.so.6(+0x3fc30)[0x14cdedb51c30]
[jwb0267:3083877] [ 1] /usr/lib64/libc.so.6(+0x8d02c)[0x14cdedb9f02c]
[jwb0267:3083877] [ 2] /usr/lib64/libc.so.6(raise+0x16)[0x14cdedb51b86]
[jwb0267:3083877] [ 3] /usr/lib64/libc.so.6(abort+0xd3)[0x14cdedb3b873]
[jwb0267:3083877] [ 4] /p/software/default/stages/2026/software/GCCcore/14.3.0/lib64/libstdc++.so.6(+0xadc3d)[0x14cdeddf6c3d]
[jwb0267:3083877] [ 5] /p/software/default/stages/2026/software/GCCcore/14.3.0/lib64/libstdc++.so.6(+0xbf14a)[0x14cdede0814a]
[jwb0267:3083877] [ 6] /p/software/default/stages/2026/software/GCCcore/14.3.0/lib64/libstdc++.so.6(_ZSt10unexpectedv+0x0)[0x14cdeddf67e9]
[jwb0267:3083877] [ 7] /p/software/default/stages/2026/software/GCCcore/14.3.0/lib64/libstdc++.so.6(+0xbf3c7)[0x14cdede083c7]
[jwb0267:3083877] [ 8] /p/home/jusers/fischill1/juwels/ippl/build_fin/_deps/kokkos-build/core/src/libkokkoscore.so.5.0(_ZN6Kokkos4Impl15throw_bad_allocESt17basic_string_viewIcSt11char_traitsIcEEmS4_+0x115)[0x14cdee296e05]
[jwb0267:3083877] [ 9] /p[jwb0267:3083876] [ 0] /usr/lib64/libc.so.6(+0x3fc30)[0x145b6c247c30]
[jwb0267:3083876] [ 1] /usr/lib64/libc.so.6(+0x8d02c)[0x145b6c29502c]
[jwb0267:3083876] [ 2] /usr/lib64/libc.so.6(raise+0x16)[0x145b6c247b86]
[jwb0267:3083876] [ 3] /usr/lib64/libc.so.6(abort+0xd3)[0x145b6c231873]
[jwb0267:3083876] [ 4] /p/software/default/stages/2026/software/GCCcore/14.3.0/lib64/libstdc++.so.6(+0xadc3d)[0x145b6c4ecc3d]
[jwb0267:3083876] [ 5] /p/software/default/stages/2026/software/GCCcore/14.3.0/lib64/libstdc++.so.6(+0xbf14a)[0x145b6c4fe14a]
[jwb0267:3083876] [ 6] /p/software/default/stages/2026/software/GCCcore/14.3.0/lib64/libstdc++.so.6(_ZSt10unexpectedv+0x0)[0x145b6c4ec7e9]
[jwb0267:3083876] [ 7] /p/software/default/stages/2026/software/GCCcore/14.3.0/lib64/libstdc++.so.6(+0xbf3c7)[0x145b6c4fe3c7]
[jwb0267:3083876] [ 8] /p/home/jusers/fischill1/juwels/ippl/build_fin/_deps/kokkos-build/core/src/libkokkoscore.so.5.0(_ZN6Kokkos4Impl15throw_bad_allocESt17basic_string_viewIcSt11char_traitsIcEEmS4_+0x115)[0x145b6c98ce05]
[jwb0267:3083876] [ 9] /p/home/jusers/fischill1/juwels/ippl/build_fin/_deps/kokkos-build/core/src/libkokkoscore.so.5.0(_ZNK6Kokkos9CudaSpace13impl_allocateEPKcmm28Kokkos_Profiling_SpaceHandle+0x219)[0x14cdee2a9319]
[jwb0267:3083877] [10] /p/home/jusers/fischill1/juwels/ippl/build_fin/_deps/kokkos-build/core/src/libkokkoscore.so.5.0(_ZNK6Kokkos9CudaSpace8allocateEPKcmm+0x65)[0x14cdee2a9395]
[jwb0267:3083877] [11] /p/home/jusers/fischill1/juwels/ippl/build_fin/_deps/kokkos-build/core/src/libkokkoscore.so.5.0(_ZN6Kokkos4Impl44HostInaccessibleSharedAllocationRecordCommonINS_9CudaSpaceEEC2ERKS2_RKNSt7__cxx1112basic_stringIcSt11char_traitsIcESaIcEEEmPFvPNS0_22SharedAllocationRecordIvvEEE+0x30)[0x14cdee2ab260]
[jwb0267:3083877] [12] /p/home/jusers/fischill1/juwels/ippl/build_fin/alpine/ElectrostaticPIF/LandauDampingPIF[0x4aa864]
[jwb0267:3083877] [13] /p/home/jusers/fischill1/juwels/ippl/build_fin/alpine/ElectrostaticPIF/LandauDampingPIF[0x4aaf61]
/home/jusers/fischill1/juwels/ippl/build_fin/_deps/kokkos-build/core/src/libkokkoscore.so.5.0(_ZNK6Kokkos9CudaSpace13impl_allocateEPKcmm28Kokkos_Profiling_SpaceHandle+0x219)[0x145b6c99f319]
[jwb0267:3083876] [10] /p/home/jusers/fischill1/juwels/ippl/build_fin/_deps/kokkos-build/core/src/libkokkoscore.so.5.0(_ZNK6Kokkos9CudaSpace8allocateEPKcmm+0x65)[0x145b6c99f395]
[jwb0267:3083876] [11] /p/home/jusers/fischill1/juwels/ippl/build_fin/_deps/kokkos-build/core/src/libkokkoscore.so.5.0(_ZN6Kokkos4Impl44HostInaccessibleSharedAllocationRecordCommonINS_9CudaSpaceEEC2ERKS2_RKNSt7__cxx1112basic_stringIcSt11char_traitsIcESaIcEEEmPFvPNS0_22SharedAllocationRecordIvvEEE+0x30)[0x145b6c9a1260]
[jwb0267:3083876] [12] /p/home/jusers/fischill1/juwels/ippl/build_fin/alpine/ElectrostaticPIF/LandauDampingPIF[0x49cd3a]
[jwb0267:3083876] [13] /p/home/jusers/fischill1/juwels/ippl/build_fin/alpine/ElectrostaticPIF/LandauDampingPIF[0x4d0480]
[jwb0267:3083876] [14] /p/home/jusers/fischill1/juwels/ippl/build_fin/alpine/ElectrostaticPIF/LandauDampingPIF[0x4e81c[jwb0267:3083877] [14] /p/home/jusers/fischill1/juwels/ippl/build_fin/alpine/ElectrostaticPIF/LandauDampingPIF[0x4cf907]
[jwb0267:3083877] [15] /p/home/jusers/fischill1/juwels/ippl/build_fin/alpine/ElectrostaticPIF/LandauDampingPIF[0x4e81cb]
[jwb0267:3083877] [16] /p/home/jusers/fischill1/juwels/ippl/build_fin/alpine/ElectrostaticPIF/LandauDampingPIF[0x5bee4d]
[jwb0267:3083877] [17] /p/home/jusers/fischill1/juwels/ippl/build_fin/alpine/ElectrostaticPIF/LandauDampingPIF[0x6093a7]
[jwb0267:3083877] [18] /p/home/jusers/fischill1/juwels/ippl/build_fin/alpine/ElectrostaticPIF/LandauDampingPIF[0x6095b5]
[jwb0267:3083877] [19] /p/home/jusers/fischill1/juwels/ippl/build_fin/alpine/ElectrostaticPIF/LandauDampingPIF[0x60c8d1]
[jwb0267:3083877] [20] /p/home/jusers/fischill1/juwels/ippl/build_fin/alpine/ElectrostaticPIF/LandauDampingPIF[0x60d25b]
[jwb0267:3083877] [21] /p/home/jusers/fischill1/juwels/ippl/build_fin/alpine/ElectrostaticPIF/LandauDampingPIF[0x423759]
[jwb0267:3083877] [22] /usr/lib64/libc.so.6(+0x2a610)[0x14cdedb3c610]
[jwb0267:3b]
[jwb0267:3083879] [ 1] /usr/lib64/libc.so.6(+0x8d02c)[0x14dfa800c02c]
[jwb0267:3083879] [ 2] /usr/lib64/libc.so.6(raise+0x16)[0x14dfa7fbeb86]
[jwb0267:3083879] [ 3] /usr/lib64/libc.so.6(abort+0xd3)[0x14dfa7fa8873]
[jwb0267:3083879] [ 4] /p/software/default/stages/2026/software/GCCcore/14.3.0/lib64/libstdc++.so.6(+0xadc3d)[0x14dfa8263c3d]
[jwb0267:3083879] [ 5] /p/software/default/stages/2026/software/GCCcore/14.3.0/lib64/libstdc++.so.6(+0xbf14a)[0x14dfa827514a]
[jwb0267:3083879] [ 6] /p/software/default/stages/2026/software/GCCcore/14.3.0/lib64/libstdc++.so.6(_ZSt10unexpectedv+0x0)[0x14dfa82637e9]
[jwb0267:3083879] [ 7] /p/software/default/stages/2026/software/GCCcore/14.3.0/lib64/libstdc++.so.6(+0xbf3c7)[0x14dfa82753c7]
[jwb0267:3083879] [ 8] /p/home/jusers/fischill1/juwels/ippl/build_fin/_deps/kokkos-build/core/src/libkokkoscore.so.5.0(_ZN6Kokkos4Impl15throw_bad_allocESt17basic_string_viewIcSt11char_traitsIcEEmS4_+0x115)[0x14dfa8703e05]
[jwb0267:3083879] [ 9] /p/home/jusers/fischill1/juwels/ippl/build_fin/_deps/kokkos-build/core/s083877] [23] /usr/lib64/libc.so.6(__libc_start_main+0x80)[0x14cdedb3c6c0]
[jwb0267:3083877] [24] /p/home/jusers/fischill1/juwels/ippl/build_fin/alpine/ElectrostaticPIF/LandauDampingPIF[0x425995]
[jwb0267:3083877] *** End of error message ***
[jwb0267:3083876] [15] /p/home/jusers/fischill1/juwels/ippl/build_fin/alpine/ElectrostaticPIF/LandauDampingPIF[0x5bee4d]
[jwb0267:3083876] [16] /p/home/jusers/fischill1/juwels/ippl/build_fin/alpine/ElectrostaticPIF/LandauDampingPIF[0x6093a7]
[jwb0267:3083876] [17] /p/home/jusers/fischill1/juwels/ippl/build_fin/alpine/ElectrostaticPIF/LandauDampingPIF[0x6095b5]
[jwb0267:3083876] [18] /p/home/jusers/fischill1/juwels/ippl/build_fin/alpine/ElectrostaticPIF/LandauDampingPIF[0x60c8d1]
[jwb0267:3083876] [19] /p/home/jusers/fischill1/juwels/ippl/build_fin/alpine/ElectrostaticPIF/LandauDampingPIF[0x60d25b]
[jwb0267:3083876] [20] /p/home/jusers/fischill1/juwels/ippl/build_fin/alpine/ElectrostaticPIF/LandauDampingPIF[0x423759]
[jwb0267:3083876] [21] /usr/lib64/libc.so.6(+0x2a610)[0x145b6c232610]
[jwb0267:3083876] [22] /usr/lib64/libc.so.6(__libc_start_main+0x80)[0x145b6c2326c0]
[jwb0267:3083876] [23] /p/home/jusers/fischill1/juwels/ippl/build_fin/alpine/ElectrostaticPIF/LandauDampingPIF[0x425995]
[jwb0267:3083876] *** End of error message ***
rc/libkokkoscore.so.5.0(_ZNK6Kokkos9CudaSpace13impl_allocateEPKcmm28Kokkos_Profiling_SpaceHandle+0x219)[0x14dfa8716319]
[jwb0267:3083879] [10] /p/home/jusers/fischill1/juwels/ippl/build_fin/_deps/kokkos-build/core/src/libkokkoscore.so.5.0(_ZNK6Kokkos9CudaSpace8allocateEPKcmm+0x65)[0x14dfa8716395]
[jwb0267:3083879] [11] /p/home/jusers/fischill1/juwels/ippl/build_fin/_deps/kokkos-build/core/src/libkokkoscore.so.5.0(_ZN6Kokkos4Impl44HostInaccessibleSharedAllocationRecordCommonINS_9CudaSpaceEEC2ERKS2_RKNSt7__cxx1112basic_stringIcSt11char_traitsIcESaIcEEEmPFvPNS0_22SharedAllocationRecordIvvEEE+0x30)[0x14dfa8718260]
[jwb0267:3083879] [12] /p/home/jusers/fischill1/juwels/ippl/build_fin/alpine/ElectrostaticPIF/LandauDampingPIF[0x4aa864]
[jwb0267:3083879] [13] /p/home/jusers/fischill1/juwels/ippl/build_fin/alpine/ElectrostaticPIF/LandauDampingPIF[0x4aae5e]
[jwb0267:3083879] [14] /p/home/jusers/fischill1/juwels/ippl/build_fin/alpine/ElectrostaticPIF/LandauDampingPIF[0x4cf907]
[jwb0267:3083879] [15] /p/home/jusers/fischill1/juwels/ippl/build_fin/alpine/ElectrostaticPIF/LandauDampingPIF[0x4e81cb]
[jwb0267:3083879] [16] /p/home/jusers/fischill1/juwels/ippl/build_fin/alpine/ElectrostaticPIF/LandauDampingPIF[0x5bee4d]
[jwb0267:3083879] [17] /p/home/jusers/fischill1/juwels/ippl/build_fin/alpine/ElectrostaticPIF/LandauDampingPIF[0x6093a7]
[jwb0267:3083879] [18] /p/home/jusers/fischill1/juwels/ippl/build_fin/alpine/ElectrostaticPIF/LandauDampingPIF[0x6095b5]
[jwb0267:3083879] [19] /p/home/jusers/fischill1/juwels/ippl/build_fin/alpine/ElectrostaticPIF/LandauDampingPIF[0x60c8d1]
[jwb0267:3083879] [20] /p/home/jusers/fischill1/juwels/ippl/build_fin/alpine/ElectrostaticPIF/LandauDampingPIF[0x60d25b]
[jwb0267:3083879] [21] /p/home/jusers/fischill1/juwels/ippl/build_fin/alpine/ElectrostaticPIF/LandauDampingPIF[0x423759]
[jwb0267:3083879] [22] /usr/lib64/libc.so.6(+0x2a610)[0x14dfa7fa9610]
[jwb0267:3083879] [23] /usr/lib64/libc.so.6(__libc_start_main+0x80)[0x14dfa7fa96c0]
[jwb0267:3083879] [24] /p/home/jusers/fischill1/juwels/ippl/build_fin/alpine/ElectrostaticPIF/LandauDampingPIF[0x425995]
[jwb0267:3083879] *** End of error message ***
terminate called after throwing an instance of 'std::runtime_error'
  what():  Kokkos ERROR: Cuda memory space failed to allocate 601.9 MiB (label="perm_out").
[jwb0267:3083878] *** Process received signal ***
[jwb0267:3083878] Signal: Aborted (6)
[jwb0267:3083878] Signal code:  (-6)
[jwb0267:3083878] [ 0] /usr/lib64/libc.so.6(+0x3fc30)[0x153f056b2c30]
[jwb0267:3083878] [ 1] /usr/lib64/libc.so.6(+0x8d02c)[0x153f0570002c]
[jwb0267:3083878] [ 2] /usr/lib64/libc.so.6(raise+0x16)[0x153f056b2b86]
[jwb0267:3083878] [ 3] /usr/lib64/libc.so.6(abort+0xd3)[0x153f0569c873]
[jwb0267:3083878] [ 4] /p/software/default/stages/2026/software/GCCcore/14.3.0/lib64/libstdc++.so.6(+0xadc3d)[0x153f05957c3d]
[jwb0267:3083878] [ 5] /p/software/default/stages/2026/software/GCCcore/14.3.0/lib64/libstdc++.so.6(+0xbf14a)[0x153f0596914a]
[jwb0267:3083878] [ 6] /p/software/default/stages/2026/software/GCCcore/14.3.0/lib64/libstdc++.so.6(_ZSt10unexpectedv+0x0)[0x153f059577e9]
[jwb0267:3083878] [ 7] /p/software/default/stages/2026/software/GCCcore/14.3.0/lib64/libstdc++.so.6(+0xbf3c7)[0x153f059693c7]
[jwb0267:3083878] [ 8] /p/home/jusers/fischill1/juwels/ippl/build_fin/_deps/kokkos-build/core/src/libkokkoscore.so.5.0(_ZN6Kokkos4Impl15throw_bad_allocESt17basic_string_viewIcSt11char_traitsIcEEmS4_+0x115)[0x153f05df7e05]
[jwb0267:3083878] [ 9] /p/home/jusers/fischill1/juwels/ippl/build_fin/_deps/kokkos-build/core/src/libkokkoscore.so.5.0(_ZNK6Kokkos9CudaSpace13impl_allocateEPKcmm28Kokkos_Profiling_SpaceHandle+0x219)[0x153f05e0a319]
[jwb0267:3083878] [10] /p/home/jusers/fischill1/juwels/ippl/build_fin/_deps/kokkos-build/core/src/libkokkoscore.so.5.0(_ZNK6Kokkos9CudaSpace8allocateEPKcmm+0x65)[0x153f05e0a395]
[jwb0267:3083878] [11] /p/home/jusers/fischill1/juwels/ippl/build_fin/_deps/kokkos-build/core/src/libkokkoscore.so.5.0(_ZN6Kokkos4Impl44HostInaccessibleSharedAllocationRecordCommonINS_9CudaSpaceEEC2ERKS2_RKNSt7__cxx1112basic_stringIcSt11char_traitsIcESaIcEEEmPFvPNS0_22SharedAllocationRecordIvvEEE+0x30)[0x153f05e0c260]
[jwb0267:3083878] [12] /p/home/jusers/fischill1/juwels/ippl/build_fin/alpine/ElectrostaticPIF/LandauDampingPIF[0x4aa864]
[jwb0267:3083878] [13] /p/home/jusers/fischill1/juwels/ippl/build_fin/alpine/ElectrostaticPIF/LandauDampingPIF[0x4aaf61]
[jwb0267:3083878] [14] /p/home/jusers/fischill1/juwels/ippl/build_fin/alpine/ElectrostaticPIF/LandauDampingPIF[0x4cf907]
[jwb0267:3083878] [15] /p/home/jusers/fischill1/juwels/ippl/build_fin/alpine/ElectrostaticPIF/LandauDampingPIF[0x4e81cb]
[jwb0267:3083878] [16] /p/home/jusers/fischill1/juwels/ippl/build_fin/alpine/ElectrostaticPIF/LandauDampingPIF[0x5bee4d]
[jwb0267:3083878] [17] /p/home/jusers/fischill1/juwels/ippl/build_fin/alpine/ElectrostaticPIF/LandauDampingPIF[0x6093a7]
[jwb0267:3083878] [18] /p/home/jusers/fischill1/juwels/ippl/build_fin/alpine/ElectrostaticPIF/LandauDampingPIF[0x6095b5]
[jwb0267:3083878] [19] /p/home/jusers/fischill1/juwels/ippl/build_fin/alpine/ElectrostaticPIF/LandauDampingPIF[0x60c8d1]
[jwb0267:3083878] [20] /p/home/jusers/fischill1/juwels/ippl/build_fin/alpine/ElectrostaticPIF/LandauDampingPIF[0x60d25b]
[jwb0267:3083878] [21] /p/home/jusers/fischill1/juwels/ippl/build_fin/alpine/ElectrostaticPIF/LandauDampingPIF[0x423759]
[jwb0267:3083878] [22] /usr/lib64/libc.so.6(+0x2a610)[0x153f0569d610]
[jwb0267:3083878] [23] /usr/lib64/libc.so.6(__libc_start_main+0x80)[0x153f0569d6c0]
[jwb0267:3083878] [24] /p/home/jusers/fischill1/juwels/ippl/build_fin/alpine/ElectrostaticPIF/LandauDampingPIF[0x425995]
[jwb0267:3083878] *** End of error message ***
terminate called after throwing an instance of 'std::runtime_error'
  what():  Kokkos ERROR: Cuda memory space failed to allocate 642 MiB (label="keys_out").
[jwb0287:250476] *** Process received signal ***
[jwb0287:250476] Signal: Aborted (6)
[jwb0287:250476] Signal code:  (-6)
[jwb0287:250476] [ 0] /usr/lib64/libc.so.6(+0x3fc30)[0x14aa4b512c30]
[jwb0287:250476] [ 1] /usr/lib64/libc.so.6(+0x8d02c)[0x14aa4b56002c]
[jwb0287:250476] [ 2] /usr/lib64/libc.so.6(raise+0x16)[0x14aa4b512b86]
[jwb0287:250476] [ 3] /usr/lib64/libc.so.6(abort+0xd3)[0x14aa4b4fc873]
[jwb0287:250476] [ 4] /p/software/default/stages/2026/software/GCCcore/14.3.0/lib64/libstdc++.so.6(+0xadc3d)[0x14aa4b7b7c3d]
[jwb0287:250476] [ 5] /p/software/default/stages/2026/software/GCCcore/14.3.0/lib64/libstdc++.so.6(+0xbf14a)[0x14aa4b7c914a]
[jwb0287:250476] [ 6] /p/software/default/stages/2026/software/GCCcore/14.3.0/lib64/libstdc++.so.6(_ZSt10unexpectedv+0x0)[0x14aa4b7b77e9]
[jwb0287:250476] [ 7] /p/software/default/stages/2026/software/GCCcore/14.3.0/lib64/libstdc++.so.6(+0xbf3c7)[0x14aa4b7c93c7]
[jwb0287:250476] [ 8] /p/home/jusers/fischill1/juwels/ippl/build_fin/_deps/kokkos-build/core/src/libkokkoscore.so.5.0(_ZN6Kokkos4Impl15throw_bad_allocESt17basic_string_viewIcSt11char_traitsIcEEmS4_+0x115)[0x14aa4bc57e05]
[jwb0287:250476] [ 9] /p/home/jusers/fischill1/juwels/ippl/build_fin/_deps/kokkos-build/core/src/libkokkoscore.so.5.0(_ZNK6Kokkos9CudaSpace13impl_allocateEPKcmm28Kokkos_Profiling_SpaceHandle+0x219)[0x14aa4bc6a319]
[jwb0287:250476] [10] /p/home/jusers/fischill1/juwels/ippl/build_fin/_deps/kokkos-build/core/src/libkokkoscore.so.5.0(_ZNK6Kokkos9CudaSpace8allocateEPKcmm+0x65)[0x14aa4bc6a395]
[jwb0287:250476] [11] /p/home/jusers/fischill1/juwels/ippl/build_fin/_deps/kokkos-build/core/src/libkokkoscore.so.5.0(_ZN6Kokkos4Impl44HostInaccessibleSharedAllocationRecordCommonINS_9CudaSpaceEEC2ERKS2_RKNSt7__cxx1112basic_stringIcSt11char_traitsIcESaIcEEEmPFvPNS0_22SharedAllocationRecordIvvEEE+0x30)[0x14aa4bc6c260]
[jwb0287:250476] [12] /p/home/jusers/fischill1/juwels/ippl/build_fin/alpine/ElectrostaticPIF/LandauDampingPIF[0x4aa864]
[jwb0287:250476] [13] /p/home/jusers/fischill1/juwels/ippl/build_fin/alpine/ElectrostaticPIF/LandauDampingPIF[0x4aae5e]
[jwb0287:250476] [14] /p/home/jusers/fischill1/juwels/ippl/build_fin/alpine/ElectrostaticPIF/LandauDampingPIF[0x4cf907]
[jwb0287:250476] [15] /p/home/jusers/fischill1/juwels/ippl/build_fin/alpine/ElectrostaticPIF/LandauDampingPIF[0x4e81cb]
[jwb0287:250476] [16] /p/home/jusers/fischill1/juwels/ippl/build_fin/alpine/ElectrostaticPIF/LandauDampingPIF[0x5bee4d]
[jwb0287:250476] [17] /p/home/jusers/fischill1/juwels/ippl/build_fin/alpine/ElectrostaticPIF/LandauDampingPIF[0x6093a7]
[jwb0287:250476] [18] /p/home/jusers/fischill1/juwels/ippl/build_fin/alpine/ElectrostaticPIF/LandauDampingPIF[0x6095b5]
[jwb0287:250476] [19] /p/home/jusers/fischill1/juwels/ippl/build_fin/alpine/ElectrostaticPIF/LandauDampingPIF[0x60c8d1]
[jwb0287:250476] [20] /p/home/jusers/fischill1/juwels/ippl/build_fin/alpine/ElectrostaticPIF/LandauDampingPIF[0x60d25b]
[jwb0287:250476] [21] /p/home/jusers/fischill1/juwels/ippl/build_fin/alpine/ElectrostaticPIF/LandauDampingPIF[0x423759]
[jwb0287:250476] [22] /usr/lib64/libc.so.6(+0x2a610)[0x14aa4b4fd610]
[jwb0287:250476] [23] /usr/lib64/libc.so.6(__libc_start_main+0x80)[0x14aa4b4fd6c0]
[jwb0287:250476] [24] /p/home/jusers/fischill1/juwels/ippl/build_fin/alpine/ElectrostaticPIF/LandauDampingPIF[0x425995]
[jwb0287:250476] *** End of error message ***
terminate called after throwing an instance of 'std::runtime_error'
  what():  Kokkos ERROR: Cuda memory space failed to allocate 641.9 MiB (label="keys_out").
[jwb0264:3805126] *** Process received signal ***
[jwb0264:3805126] Signal: Aborted (6)
[jwb0264:3805126] Signal code:  (-6)
[jwb0264:3805126] [ 0] /usr/lib64/libc.so.6(+0x3fc30)[0x14ba183cac30]
[jwb0264:3805126] [ 1] /usr/lib64/libc.so.6(+0x8d02c)[0x14ba1841802c]
[jwb0264:3805126] [ 2] /usr/lib64/libc.so.6(raise+0x16)[0x14ba183cab86]
[jwb0264:3805126] [ 3] /usr/lib64/libc.so.6(abort+0xd3)[0x14ba183b4873]
[jwb0264:3805126] [ 4] /p/software/default/stages/2026/software/GCCcore/14.3.0/lib64/libstdc++.so.6(+0xadc3d)[0x14ba1866fc3d]
[jwb0264:3805126] [ 5] /p/software/default/stages/2026/software/GCCcore/14.3.0/lib64/libstdc++.so.6(+0xbf14a)[0x14ba1868114a]
[jwb0264:3805126] [ 6] /p/software/default/stages/2026/software/GCCcore/14.3.0/lib64/libstdc++.so.6(_ZSt10unexpectedv+0x0)[0x14ba1866f7e9]
[jwb0264:3805126] [ 7] /p/software/default/stages/2026/software/GCCcore/14.3.0/lib64/libstdc++.so.6(+0xbf3c7)[0x14ba186813c7]
[jwb0264:3805126] [ 8] /p/home/jusers/fischill1/juwels/ippl/build_fin/_deps/kokkos-build/core/src/libkokkoscore.so.5.0(_ZN6Kokkos4Impl15throw_bad_allocESt17basic_string_viewIcSt11char_traitsIcEEmS4_+0x115)[0x14ba18b0fe05]
[jwb0264:3805126] [ 9] /p/home/jusers/fischill1/juwels/ippl/build_fin/_deps/kokkos-build/core/src/libkokkoscore.so.5.0(_ZNK6Kokkos9CudaSpace13impl_allocateEPKcmm28Kokkos_Profiling_SpaceHandle+0x219)[0x14ba18b22319]
[jwb0264:3805126] [10] /p/home/jusers/fischill1/juwels/ippl/build_fin/_deps/kokkos-build/core/src/libkokkoscore.so.5.0(_ZNK6Kokkos9CudaSpace8allocateEPKcmm+0x65)[0x14ba18b22395]
[jwb0264:3805126] [11] /p/home/jusers/fischill1/juwels/ippl/build_fin/_deps/kokkos-build/core/src/libkokkoscore.so.5.0(_ZN6Kokkos4Impl44HostInaccessibleSharedAllocationRecordCommonINS_9CudaSpaceEEC2ERKS2_RKNSt7__cxx1112basic_stringIcSt11char_traitsIcESaIcEEEmPFvPNS0_22SharedAllocationRecordIvvEEE+0x30)[0x14ba18b24260]
[jwb0264:3805126] [12] /p/home/jusers/fischill1/juwels/ippl/build_fin/alpine/ElectrostaticPIF/LandauDampingPIF[0x4aa864]
[jwb0264:3805126] [13] /p/home/jusers/fischill1/juwels/ippl/build_fin/alpine/ElectrostaticPIF/LandauDampingPIF[0x4aae5e]
[jwb0264:3805126] [14] /p/home/jusers/fischill1/juwels/ippl/build_fin/alpine/ElectrostaticPIF/LandauDampingPIF[0x4cf907]
[jwb0264:3805126] [15] /p/home/jusers/fischill1/juwels/ippl/build_fin/alpine/ElectrostaticPIF/LandauDampingPIF[0x4e81cb]
[jwb0264:3805126] [16] /p/home/jusers/fischill1/juwels/ippl/build_fin/alpine/ElectrostaticPIF/LandauDampingPIF[0x5bee4d]
[jwb0264:3805126] [17] /p/home/jusers/fischill1/juwels/ippl/build_fin/alpine/ElectrostaticPIF/LandauDampingPIF[0x6093a7]
[jwb0264:3805126] [18] /p/home/jusers/fischill1/juwels/ippl/build_fin/alpine/ElectrostaticPIF/LandauDampingPIF[0x6095b5]
[jwb0264:3805126] [19] /p/home/jusers/fischill1/juwels/ippl/build_fin/alpine/ElectrostaticPIF/LandauDampingPIF[0x60c8d1]
[jwb0264:3805126] [20] /p/home/jusers/fischill1/juwels/ippl/build_fin/alpine/ElectrostaticPIF/LandauDampingPIF[0x60d25b]
[jwb0264:3805126] [21] /p/home/jusers/fischill1/juwels/ippl/build_fin/alpine/ElectrostaticPIF/LandauDampingPIF[0x423759]
[jwb0264:3805126] [22] /usr/lib64/libc.so.6(+0x2a610)[0x14ba183b5610]
[jwb0264:3805126] [23] /usr/lib64/libc.so.6(__libc_start_main+0x80)[0x14ba183b56c0]
[jwb0264:3805126] [24] /p/home/jusers/fischill1/juwels/ippl/build_fin/alpine/ElectrostaticPIF/LandauDampingPIF[0x425995]
[jwb0264:3805126] *** End of error message ***
terminate called after throwing an instance of 'std::runtime_error'
  what():  Kokkos ERROR: Cuda memory space failed to allocate 641.4 MiB (label="keys_out").
[jwb0288:4057036] *** Process received signal ***
[jwb0288:4057036] Signal: Aborted (6)
[jwb0288:4057036] Signal code:  (-6)
[jwb0288:4057036] [ 0] /usr/lib64/libc.so.6(+0x3fc30)[0x14f43f5a9c30]
[jwb0288:4057036] [ 1] /usr/lib64/libc.so.6(+0x8d02c)[0x14f43f5f702c]
[jwb0288:4057036] [ 2] /usr/lib64/libc.so.6(raise+0x16)[0x14f43f5a9b86]
[jwb0288:4057036] [ 3] /usr/lib64/libc.so.6(abort+0xd3)[0x14f43f593873]
[jwb0288:4057036] [ 4] /p/software/default/stages/2026/software/GCCcore/14.3.0/lib64/libstdc++.so.6(+0xadc3d)[0x14f43f84ec3d]
[jwb0288:4057036] [ 5] /p/software/default/stages/2026/software/GCCcore/14.3.0/lib64/libstdc++.so.6(+0xbf14a)[0x14f43f86014a]
[jwb0288:4057036] [ 6] /p/software/default/stages/2026/software/GCCcore/14.3.0/lib64/libstdc++.so.6(_ZSt10unexpectedv+0x0)[0x14f43f84e7e9]
[jwb0288:4057036] [ 7] /p/software/default/stages/2026/software/GCCcore/14.3.0/lib64/libstdc++.so.6(+0xbf3c7)[0x14f43f8603c7]
[jwb0288:4057036] [ 8] /p/home/jusers/fischill1/juwels/ippl/build_fin/_deps/kokkos-build/core/src/libkokkoscore.so.5.0(_ZN6Kokkos4Impl15throw_bad_allocESt17basic_string_viewIcSt11char_traitsIcEEmS4_+0x115)[0x14f43fceee05]
[jwb0288:4057036] [ 9] /p/home/jusers/fischill1/juwels/ippl/build_fin/_deps/kokkos-build/core/src/libkokkoscore.so.5.0(_ZNK6Kokkos9CudaSpace13impl_allocateEPKcmm28Kokkos_Profiling_SpaceHandle+0x219)[0x14f43fd01319]
[jwb0288:4057036] [10] /p/home/jusers/fischill1/juwels/ippl/build_fin/_deps/kokkos-build/core/src/libkokkoscore.so.5.0(_ZNK6Kokkos9CudaSpace8allocateEPKcmm+0x65)[0x14f43fd01395]
[jwb0288:4057036] [11] /p/home/jusers/fischill1/juwels/ippl/build_fin/_deps/kokkos-build/core/src/libkokkoscore.so.5.0(_ZN6Kokkos4Impl44HostInaccessibleSharedAllocationRecordCommonINS_9CudaSpaceEEC2ERKS2_RKNSt7__cxx1112basic_stringIcSt11char_traitsIcESaIcEEEmPFvPNS0_22SharedAllocationRecordIvvEEE+0x30)[0x14f43fd03260]
[jwb0288:4057036] [12] /p/home/jusers/fischill1/juwels/ippl/build_fin/alpine/ElectrostaticPIF/LandauDampingPIF[0x4aa864]
[jwb0288:4057036] [13] /p/home/jusers/fischill1/juwels/ippl/build_fin/alpine/ElectrostaticPIF/LandauDampingPIF[0x4aae5e]
[jwb0288:4057036] [14] /p/home/jusers/fischill1/juwels/ippl/build_fin/alpine/ElectrostaticPIF/LandauDampingPIF[0x4cf907]
[jwb0288:4057036] [15] /p/home/jusers/fischill1/juwels/ippl/build_fin/alpine/ElectrostaticPIF/LandauDampingPIF[0x4e81cb]
[jwb0288:4057036] [16] /p/home/jusers/fischill1/juwels/ippl/build_fin/alpine/ElectrostaticPIF/LandauDampingPIF[0x5bee4d]
[jwb0288:4057036] [17] /p/home/jusers/fischill1/juwels/ippl/build_fin/alpine/ElectrostaticPIF/LandauDampingPIF[0x6093a7]
[jwb0288:4057036] [18] /p/home/jusers/fischill1/juwels/ippl/build_fin/alpine/ElectrostaticPIF/LandauDampingPIF[0x6095b5]
[jwb0288:4057036] [19] /p/home/jusers/fischill1/juwels/ippl/build_fin/alpine/ElectrostaticPIF/LandauDampingPIF[0x60c8d1]
[jwb0288:4057036] [20] /p/home/jusers/fischill1/juwels/ippl/build_fin/alpine/ElectrostaticPIF/LandauDampingPIF[0x60d25b]
[jwb0288:4057036] [21] /p/home/jusers/fischill1/juwels/ippl/build_fin/alpine/ElectrostaticPIF/LandauDampingPIF[0x423759]
[jwb0288:4057036] [22] /usr/lib64/libc.so.6(+0x2a610)[0x14f43f594610]
[jwb0288:4057036] [23] /usr/lib64/libc.so.6(__libc_start_main+0x80)[0x14f43f5946c0]
[jwb0288:4057036] [24] /p/home/jusers/fischill1/juwels/ippl/build_fin/alpine/ElectrostaticPIF/LandauDampingPIF[0x425995]
[jwb0288:4057036] *** End of error message ***
terminate called after throwing an instance of 'std::runtime_error'
  what():  Kokkos ERROR: Cuda memory space failed to allocate 1.067 GiB (label="temp_storage").
[jwb0285:3713793] *** Process received signal ***
[jwb0285:3713793] Signal: Aborted (6)
[jwb0285:3713793] Signal code:  (-6)
[jwb0285:3713793] [ 0] /usr/lib64/libc.so.6(+0x3fc30)[0x15391dc39c30]
[jwb0285:3713793] [ 1] /usr/lib64/libc.so.6(+0x8d02c)[0x15391dc8702c]
[jwb0285:3713793] [ 2] /usr/lib64/libc.so.6(raise+0x16)[0x15391dc39b86]
[jwb0285:3713793] [ 3] /usr/lib64/libc.so.6(abort+0xd3)[0x15391dc23873]
[jwb0285:3713793] [ 4] /p/software/default/stages/2026/software/GCCcore/14.3.0/lib64/libstdc++.so.6(+0xadc3d)[0x15391dedec3d]
[jwb0285:3713793] [ 5] /p/software/default/stages/2026/software/GCCcore/14.3.0/lib64/libstdc++.so.6(+0xbf14a)[0x15391def014a]
[jwb0285:3713793] [ 6] /p/software/default/stages/2026/software/GCCcore/14.3.0/lib64/libstdc++.so.6(_ZSt10unexpectedv+0x0)[0x15391dede7e9]
[jwb0285:3713793] [ 7] /p/software/default/stages/2026/software/GCCcore/14.3.0/lib64/libstdc++.so.6(+0xbf3c7)[0x15391def03c7]
[jwb0285:3713793] [ 8] /p/home/jusers/fischill1/juwels/ippl/build_fin/_deps/kokkos-build/core/src/libkokkoscore.so.5.0(_ZN6Kokkos4Impl15throw_bad_allocESt17basic_string_viewIcSt11char_traitsIcEEmS4_+0x115)[0x15391e37ee05]
[jwb0285:3713793] [ 9] /p/home/jusers/fischill1/juwels/ippl/build_fin/_deps/kokkos-build/core/src/libkokkoscore.so.5.0(_ZNK6Kokkos9CudaSpace13impl_allocateEPKcmm28Kokkos_Profiling_SpaceHandle+0x219)[0x15391e391319]
[jwb0285:3713793] [10] /p/home/jusers/fischill1/juwels/ippl/build_fin/_deps/kokkos-build/core/src/libkokkoscore.so.5.0(_ZNK6Kokkos9CudaSpace8allocateEPKcmm+0x65)[0x15391e391395]
[jwb0285:3713793] [11] /p/home/jusers/fischill1/juwels/ippl/build_fin/_deps/kokkos-build/core/src/libkokkoscore.so.5.0(_ZN6Kokkos4Impl44HostInaccessibleSharedAllocationRecordCommonINS_9CudaSpaceEEC2ERKS2_RKNSt7__cxx1112basic_stringIcSt11char_traitsIcESaIcEEEmPFvPNS0_22SharedAllocationRecordIvvEEE+0x30)[0x15391e393260]
[jwb0285:3713793] [12] /p/home/jusers/fischill1/juwels/ippl/build_fin/alpine/ElectrostaticPIF/LandauDampingPIF[0x49cd3a]
[jwb0285:3713793] [13] /p/home/jusers/fischill1/juwels/ippl/build_fin/alpine/ElectrostaticPIF/LandauDampingPIF[0x4d0480]
[jwb0285:3713793] [14] /p/home/jusers/fischill1/juwels/ippl/build_fin/alpine/ElectrostaticPIF/LandauDampingPIF[0x4e81cb]
[jwb0285:3713793] [15] /p/home/jusers/fischill1/juwels/ippl/build_fin/alpine/ElectrostaticPIF/LandauDampingPIF[0x5bee4d]
[jwb0285:3713793] [16] /p/home/jusers/fischill1/juwels/ippl/build_fin/alpine/ElectrostaticPIF/LandauDampingPIF[0x6093a7]
[jwb0285:3713793] [17] /p/home/jusers/fischill1/juwels/ippl/build_fin/alpine/ElectrostaticPIF/LandauDampingPIF[0x6095b5]
[jwb0285:3713793] [18] /p/home/jusers/fischill1/juwels/ippl/build_fin/alpine/ElectrostaticPIF/LandauDampingPIF[0x60c8d1]
[jwb0285:3713793] [19] /p/home/jusers/fischill1/juwels/ippl/build_fin/alpine/ElectrostaticPIF/LandauDampingPIF[0x60d25b]
[jwb0285:3713793] [20] /p/home/jusers/fischill1/juwels/ippl/build_fin/alpine/ElectrostaticPIF/LandauDampingPIF[0x423759]
[jwb0285:3713793] [21] /usr/lib64/libc.so.6(+0x2a610)[0x15391dc24610]
[jwb0285:3713793] [22] /usr/lib64/libc.so.6(__libc_start_main+0x80)[0x15391dc246c0]
[jwb0285:3713793] [23] /p/home/jusers/fischill1/juwels/ippl/build_fin/alpine/ElectrostaticPIF/LandauDampingPIF[0x425995]
[jwb0285:3713793] *** End of error message ***
terminate called after throwing an instance of 'std::runtime_error'
  what():  Kokkos ERROR: Cuda memory space failed to allocate 641.4 MiB (label="keys_out").
[jwb0195:489636] *** Process received signal ***
[jwb0195:489636] Signal: Aborted (6)
[jwb0195:489636] Signal code:  (-6)
[jwb0195:489636] [ 0] /usr/lib64/libc.so.6(+0x3fc30)[0x14766d4e2c30]
[jwb0195:489636] [ 1] /usr/lib64/libc.so.6(+0x8d02c)[0x14766d53002c]
[jwb0195:489636] [ 2] /usr/lib64/libc.so.6(raise+0x16)[0x14766d4e2b86]
[jwb0195:489636] [ 3] /usr/lib64/libc.so.6(abort+0xd3)[0x14766d4cc873]
[jwb0195:489636] [ 4] /p/software/default/stages/2026/software/GCCcore/14.3.0/lib64/libstdc++.so.6(+0xadc3d)[0x14766d787c3d]
[jwb0195:489636] [ 5] /p/software/default/stages/2026/software/GCCcore/14.3.0/lib64/libstdc++.so.6(+0xbf14a)[0x14766d79914a]
[jwb0195:489636] [ 6] /p/software/default/stages/2026/software/GCCcore/14.3.0/lib64/libstdc++.so.6(_ZSt10unexpectedv+0x0)[0x14766d7877e9]
[jwb0195:489636] [ 7] /p/software/default/stages/2026/software/GCCcore/14.3.0/lib64/libstdc++.so.6(+0xbf3c7)[0x14766d7993c7]
[jwb0195:489636] [ 8] /p/home/jusers/fischill1/juwels/ippl/build_fin/_deps/kokkos-build/core/src/libkokkoscore.so.5.0(_ZN6Kokkos4Impl15throw_bad_allocESt17basic_string_viewIcSt11char_traitsIcEEmS4_+0x115)[0x14766dc27e05]
[jwb0195:489636] [ 9] /p/home/jusers/fischill1/juwels/ippl/build_fin/_deps/kokkos-build/core/src/libkokkoscore.so.5.0(_ZNK6Kokkos9CudaSpace13impl_allocateEPKcmm28Kokkos_Profiling_SpaceHandle+0x219)[0x14766dc3a319]
[jwb0195:489636] [10] /p/home/jusers/fischill1/juwels/ippl/build_fin/_deps/kokkos-build/core/src/libkokkoscore.so.5.0(_ZNK6Kokkos9CudaSpace8allocateEPKcmm+0x65)[0x14766dc3a395]
[jwb0195:489636] [11] /p/home/jusers/fischill1/juwels/ippl/build_fin/_deps/kokkos-build/core/src/libkokkoscore.so.5.0(_ZN6Kokkos4Impl44HostInaccessibleSharedAllocationRecordCommonINS_9CudaSpaceEEC2ERKS2_RKNSt7__cxx1112basic_stringIcSt11char_traitsIcESaIcEEEmPFvPNS0_22SharedAllocationRecordIvvEEE+0x30)[0x14766dc3c260]
[jwb0195:489636] [12] /p/home/jusers/fischill1/juwels/ippl/build_fin/alpine/ElectrostaticPIF/LandauDampingPIF[0x4aa864]
[jwb0195:489636] [13] /p/home/jusers/fischill1/juwels/ippl/build_fin/alpine/ElectrostaticPIF/LandauDampingPIF[0x4aae5e]
[jwb0195:489636] [14] /p/home/jusers/fischill1/juwels/ippl/build_fin/alpine/ElectrostaticPIF/LandauDampingPIF[0x4cf907]
[jwb0195:489636] [15] /p/home/jusers/fischill1/juwels/ippl/build_fin/alpine/ElectrostaticPIF/LandauDampingPIF[0x4e81cb]
[jwb0195:489636] [16] /p/home/jusers/fischill1/juwels/ippl/build_fin/alpine/ElectrostaticPIF/LandauDampingPIF[0x5bee4d]
[jwb0195:489636] [17] /p/home/jusers/fischill1/juwels/ippl/build_fin/alpine/ElectrostaticPIF/LandauDampingPIF[0x6093a7]
[jwb0195:489636] [18] /p/home/jusers/fischill1/juwels/ippl/build_fin/alpine/ElectrostaticPIF/LandauDampingPIF[0x6095b5]
[jwb0195:489636] [19] /p/home/jusers/fischill1/juwels/ippl/build_fin/alpine/ElectrostaticPIF/LandauDampingPIF[0x60c8d1]
[jwb0195:489636] [20] /p/home/jusers/fischill1/juwels/ippl/build_fin/alpine/ElectrostaticPIF/LandauDampingPIF[0x60d25b]
[jwb0195:489636] [21] /p/home/jusers/fischill1/juwels/ippl/build_fin/alpine/ElectrostaticPIF/LandauDampingPIF[0x423759]
[jwb0195:489636] [22] /usr/lib64/libc.so.6(+0x2a610)[0x14766d4cd610]
[jwb0195:489636] [23] /usr/lib64/libc.so.6(__libc_start_main+0x80)[0x14766d4cd6c0]
[jwb0195:489636] [24] /p/home/jusers/fischill1/juwels/ippl/build_fin/alpine/ElectrostaticPIF/LandauDampingPIF[0x425995]
[jwb0195:489636] *** End of error message ***
terminate called after throwing an instance of 'std::runtime_error'
  what():  Kokkos ERROR: Cuda memory space failed to allocate 666.4 MiB (label="keys_out").
[jwb0195:489638] *** Process received signal ***
[jwb0195:489638] Signal: Aborted (6)
[jwb0195:489638] Signal code:  (-6)
[jwb0195:489638] [ 0] /usr/lib64/libc.so.6(+0x3fc30)[0x151549b5ec30]
[jwb0195:489638] [ 1] /usr/lib64/libc.so.6(+0x8d02c)[0x151549bac02c]
[jwb0195:489638] [ 2] /usr/lib64/libc.so.6(raise+0x16)[0x151549b5eb86]
[jwb0195:489638] [ 3] /usr/lib64/libc.so.6(abort+0xd3)[0x151549b48873]
[jwb0195:489638] [ 4] /p/software/default/stages/2026/software/GCCcore/14.3.0/lib64/libstdc++.so.6(+0xadc3d)[0x151549e03c3d]
[jwb0195:489638] [ 5] /p/software/default/stages/2026/software/GCCcore/14.3.0/lib64/libstdc++.so.6(+0xbf14a)[0x151549e1514a]
[jwb0195:489638] [ 6] /p/software/default/stages/2026/software/GCCcore/14.3.0/lib64/libstdc++.so.6(_ZSt10unexpectedv+0x0)[0x151549e037e9]
[jwb0195:489638] [ 7] /p/software/default/stages/2026/software/GCCcore/14.3.0/lib64/libstdc++.so.6(+0xbf3c7)[0x151549e153c7]
[jwb0195:489638] [ 8] /p/home/jusers/fischill1/juwels/ippl/build_fin/_deps/kokkos-build/core/src/libkokkoscore.so.5.0(_ZN6Kokkos4Impl15throw_bad_allocESt17basic_string_viewIcSt11char_traitsIcEEmS4_+0x115)[0x15154a2a3e05]
[jwb0195:489638] [ 9] /p/home/jusers/fischill1/juwels/ippl/build_fin/_deps/kokkos-build/core/src/libkokkoscore.so.5.0(_ZNK6Kokkos9CudaSpace13impl_allocateEPKcmm28Kokkos_Profiling_SpaceHandle+0x219)[0x15154a2b6319]
[jwb0195:489638] [10] /p/home/jusers/fischill1/juwels/ippl/build_fin/_deps/kokkos-build/core/src/libkokkoscore.so.5.0(_ZNK6Kokkos9CudaSpace8allocateEPKcmm+0x65)[0x15154a2b6395]
[jwb0195:489638] [11] /p/home/jusers/fischill1/juwels/ippl/build_fin/_deps/kokkos-build/core/src/libkokkoscore.so.5.0(_ZN6Kokkos4Impl44HostInaccessibleSharedAllocationRecordCommonINS_9CudaSpaceEEC2ERKS2_RKNSt7__cxx1112basic_stringIcSt11char_traitsIcESaIcEEEmPFvPNS0_22SharedAllocationRecordIvvEEE+0x30)[0x15154a2b8260]
[jwb0195:489638] [12] /p/home/jusers/fischill1/juwels/ippl/build_fin/alpine/ElectrostaticPIF/LandauDampingPIF[0x4aa864]
[jwb0195:489638] [13] /p/home/jusers/fischill1/juwels/ippl/build_fin/alpine/ElectrostaticPIF/LandauDampingPIF[0x4aae5e]
[jwb0195:489638] [14] /p/home/jusers/fischill1/juwels/ippl/build_fin/alpine/ElectrostaticPIF/LandauDampingPIF[0x4cf907]
[jwb0195:489638] [15] /p/home/jusers/fischill1/juwels/ippl/build_fin/alpine/ElectrostaticPIF/LandauDampingPIF[0x4e81cb]
[jwb0195:489638] [16] /p/home/jusers/fischill1/juwels/ippl/build_fin/alpine/ElectrostaticPIF/LandauDampingPIF[0x5bee4d]
[jwb0195:489638] [17] /p/home/jusers/fischill1/juwels/ippl/build_fin/alpine/ElectrostaticPIF/LandauDampingPIF[0x6093a7]
[jwb0195:489638] [18] /p/home/jusers/fischill1/juwels/ippl/build_fin/alpine/ElectrostaticPIF/LandauDampingPIF[0x6095b5]
[jwb0195:489638] [19] /p/home/jusers/fischill1/juwels/ippl/build_fin/alpine/ElectrostaticPIF/LandauDampingPIF[0x60c8d1]
[jwb0195:489638] [20] /p/home/jusers/fischill1/juwels/ippl/build_fin/alpine/ElectrostaticPIF/LandauDampingPIF[0x60d25b]
[jwb0195:489638] [21] /p/home/jusers/fischill1/juwels/ippl/build_fin/alpine/ElectrostaticPIF/LandauDampingPIF[0x423759]
[jwb0195:489638] [22] /usr/lib64/libc.so.6(+0x2a610)[0x151549b49610]
[jwb0195:489638] [23] /usr/lib64/libc.so.6(__libc_start_main+0x80)[0x151549b496c0]
[jwb0195:489638] [24] /p/home/jusers/fischill1/juwels/ippl/build_fin/alpine/ElectrostaticPIF/LandauDampingPIF[0x425995]
[jwb0195:489638] *** End of error message ***
terminate called after throwing an instance of 'std::runtime_error'
  what():  Kokkos ERROR: Cuda memory space failed to allocate 683.7 MiB (label="keys_out").
[jwb0284:234450] *** Process received signal ***
[jwb0284:234450] Signal: Aborted (6)
[jwb0284:234450] Signal code:  (-6)
terminate called after throwing an instance of 'std::runtime_error'
  what():  Kokkos ERROR: Cuda memory space failed to allocate 683.6 MiB (label="keys_out").
[jwb0195:489639] *** Process received signal ***
[jwb0195:489639] Signal: Aborted (6)
[jwb0195:489639] Signal code:  (-6)
[jwb0284:234450] [ 0] /usr/lib64/libc.so.6(+0x3fc30)[0x14e0f17fdc30]
[jwb0284:234450] [ 1] /usr/lib64/libc.so.6(+0x8d02c)[0x14e0f184b02c]
[jwb0284:234450] [ 2] /usr/lib64/libc.so.6(raise+0x16)[0x14e0f17fdb86]
[jwb0284:234450] [ 3] /usr/lib64/libc.so.6(abort+0xd3)[0x14e0f17e7873]
[jwb0284:234450] [ 4] /p/software/default/stages/2026/software/GCCcore/14.3.0/lib64/libstdc++.so.6(+0xadc3d)[0x14e0f1aa2c3d]
[jwb0284:234450] [ 5] /p/software/default/stages/2026/software/GCCcore/14.3.0/lib64/libstdc++.so.6(+0xbf14a)[0x14e0f1ab414a]
[jwb0284:234450] [ 6] /p/software/default/stages/2026/software/GCCcore/14.3.0/lib64/libstdc++.so.6(_ZSt10unexpectedv+0x0)[0x14e0f1aa27e9]
[jwb0284:234450] [ 7] /p/software/default/stages/2026/software/GCCcore/14.3.0/lib64/libstdc++.so.6(+0xbf3c7)[0x14e0f1ab43c7]
[jwb0284:234450] [ 8] /p/home/jusers/fischill1/juwels/ippl/build_fin/_deps/kokkos-build/core/src/libkokkoscore.so.5.0(_ZN6Kokkos4Impl15throw_bad_allocESt17basic_string_viewIcSt11char_traitsIcEEmS4_+0x115)[0x14e0f1f42e05]
[jwb0284:234450] [ 9] /p/home/jusers/fischill1/juwels/ippl/build_fin/_deps/kokkos-build/core/src/libkokkoscore.so.5.0(_ZNK6Kokkos9CudaSpace13impl_allocateEPKcmm28Kokkos_Profiling_SpaceHandle+0x219)[0x14e0f1f55319]
[jwb0284:234450] [10] /p/home/jusers/fischill1/juwels/ippl/build_fin/_deps/kokkos-build/core/src/libkokkoscore.so.5.0(_ZNK6Kokkos9CudaSpace8allocateEPKcmm+0x65)[0x14e0f1f55395]
[jwb0284:234450] [11] /p/home/jusers/fischill1/juwels/ippl/build_fin/_deps/kokkos-build/core/src/libkokkoscore.so.5.0(_ZN6Kokkos4Impl44HostInaccessibleSharedAllocationRecordCommonINS_9CudaSpaceEEC2ERKS2_RKNSt7__cxx1112basic_stringIcSt11char_traitsIcESaIcEEEmPFvPNS0_22SharedAllocationRecordIvvEEE+0x30)[0x14e0f1f57260]
[jwb0284:234450] [12] /p/home/jusers/fischill1/juwels/ippl/build_fin/alpine/ElectrostaticPIF/LandauDampingPIF[0x4aa864]
[jwb0284:234450] [13] /p/home/jusers/fischill1/juwels/ippl/build_fin/alpine/ElectrostaticPIF/LandauDampingPIF[0x4aae5e]
[jwb0284:234450] [14] /p/home/jusers/fischill1/juwels/ippl/build_fin/alpine/ElectrostaticPIF/LandauDampingPIF[0x4cf907]
[jwb0284:234450] [15] /p/home/jusers/fischill1/juwels/ippl/build_fin/alpine/ElectrostaticPIF/LandauDampingPIF[0x4e81cb]
[jwb0284:234450] [16] /p/home/jusers/fischill1/juwels/ippl/build_fin/alpine/ElectrostaticPIF/LandauDampingPIF[0x5bee4d]
[jwb0284:234450] [17] /p/home/jusers/fischill1/juwels/ippl/build_fin/alpine/ElectrostaticPIF/LandauDampingPIF[0x6093a7]
[jwb0284:234450] [18] /p/home/jusers/fischill1/juwels/ippl/build_fin/alpine/ElectrostaticPIF/LandauDampingPIF[0x6095b5]
[jwb0284:234450] [19] /p/home/jusers/fischill1/juwels/ippl/build_fin/alpine/ElectrostaticPIF/LandauDampingPIF[0x60c8d1]
[jwb0284:234450] [20] /p/home/jusers/fischill1/juwels/ippl/build_fin/alpine/ElectrostaticPIF/LandauDampingPIF[0x60d25b]
[jwb0284:234450] [21] /p/home/jusers/fischill1/juwels/ippl/build_fin/alpine/ElectrostaticPIF/LandauDampingPIF[0x423759]
[jwb0284:234450] [22] /usr/lib64/libc.so.6(+0x2a610)[0x14e0f17e8610]
[jwb0284:234450] [23] /usr/lib64/libc.so.6(__libc_start_main+0x80)[0x14e0f17e86c0]
[jwb0284:234450] [24] /p/home/jusers/fischill1/juwels/ippl/build_fin/alpine/ElectrostaticPIF/LandauDampingPIF[0x425995]
[jwb0284:234450] *** End of error message ***
[jwb0195:489639] [ 0] /usr/lib64/libc.so.6(+0x3fc30)[0x151072938c30]
[jwb0195:489639] [ 1] /usr/lib64/libc.so.6(+0x8d02c)[0x15107298602c]
[jwb0195:489639] [ 2] /usr/lib64/libc.so.6(raise+0x16)[0x151072938b86]
[jwb0195:489639] [ 3] /usr/lib64/libc.so.6(abort+0xd3)[0x151072922873]
[jwb0195:489639] [ 4] /p/software/default/stages/2026/software/GCCcore/14.3.0/lib64/libstdc++.so.6(+0xadc3d)[0x151072bddc3d]
[jwb0195:489639] [ 5] /p/software/default/stages/2026/software/GCCcore/14.3.0/lib64/libstdc++.so.6(+0xbf14a)[0x151072bef14a]
[jwb0195:489639] [ 6] /p/software/default/stages/2026/software/GCCcore/14.3.0/lib64/libstdc++.so.6(_ZSt10unexpectedv+0x0)[0x151072bdd7e9]
[jwb0195:489639] [ 7] /p/software/default/stages/2026/software/GCCcore/14.3.0/lib64/libstdc++.so.6(+0xbf3c7)[0x151072bef3c7]
[jwb0195:489639] [ 8] /p/home/jusers/fischill1/juwels/ippl/build_fin/_deps/kokkos-build/core/src/libkokkoscore.so.5.0(_ZN6Kokkos4Impl15throw_bad_allocESt17basic_string_viewIcSt11char_traitsIcEEmS4_+0x115)[0x15107307de05]
[jwb0195:489639] [ 9] /p/home/jusers/fischill1/juwels/ippl/build_fin/_deps/kokkos-build/core/src/libkokkoscore.so.5.0(_ZNK6Kokkos9CudaSpace13impl_allocateEPKcmm28Kokkos_Profiling_SpaceHandle+0x219)[0x151073090319]
[jwb0195:489639] [10] /p/home/jusers/fischill1/juwels/ippl/build_fin/_deps/kokkos-build/core/src/libkokkoscore.so.5.0(_ZNK6Kokkos9CudaSpace8allocateEPKcmm+0x65)[0x151073090395]
[jwb0195:489639] [11] /p/home/jusers/fischill1/juwels/ippl/build_fin/_deps/kokkos-build/core/src/libkokkoscore.so.5.0(_ZN6Kokkos4Impl44HostInaccessibleSharedAllocationRecordCommonINS_9CudaSpaceEEC2ERKS2_RKNSt7__cxx1112basic_stringIcSt11char_traitsIcESaIcEEEmPFvPNS0_22SharedAllocationRecordIvvEEE+0x30)[0x151073092260]
[jwb0195:489639] [12] /p/home/jusers/fischill1/juwels/ippl/build_fin/alpine/ElectrostaticPIF/LandauDampingPIF[0x4aa864]
[jwb0195:489639] [13] /p/home/jusers/fischill1/juwels/ippl/build_fin/alpine/ElectrostaticPIF/LandauDampingPIF[0x4aae5e]
[jwb0195:489639] [14] /p/home/jusers/fischill1/juwels/ippl/build_fin/alpine/ElectrostaticPIF/LandauDampingPIF[0x4cf907]
[jwb0195:489639] [15] /p/home/jusers/fischill1/juwels/ippl/build_fin/alpine/ElectrostaticPIF/LandauDampingPIF[0x4e81cb]
[jwb0195:489639] [16] /p/home/jusers/fischill1/juwels/ippl/build_fin/alpine/ElectrostaticPIF/LandauDampingPIF[0x5bee4d]
[jwb0195:489639] [17] /p/home/jusers/fischill1/juwels/ippl/build_fin/alpine/ElectrostaticPIF/LandauDampingPIF[0x6093a7]
[jwb0195:489639] [18] /p/home/jusers/fischill1/juwels/ippl/build_fin/alpine/ElectrostaticPIF/LandauDampingPIF[0x6095b5]
[jwb0195:489639] [19] /p/home/jusers/fischill1/juwels/ippl/build_fin/alpine/ElectrostaticPIF/LandauDampingPIF[0x60c8d1]
[jwb0195:489639] [20] /p/home/jusers/fischill1/juwels/ippl/build_fin/alpine/ElectrostaticPIF/LandauDampingPIF[0x60d25b]
[jwb0195:489639] [21] /p/home/jusers/fischill1/juwels/ippl/build_fin/alpine/ElectrostaticPIF/LandauDampingPIF[0x423759]
[jwb0195:489639] [22] /usr/lib64/libc.so.6(+0x2a610)[0x151072923610]
[jwb0195:489639] [23] /usr/lib64/libc.so.6(__libc_start_main+0x80)[0x1510729236c0]
[jwb0195:489639] [24] /p/home/jusers/fischill1/juwels/ippl/build_fin/alpine/ElectrostaticPIF/LandauDampingPIF[0x425995]
[jwb0195:489639] *** End of error message ***
terminate called after throwing an instance of 'std::runtime_error'
  what():  Kokkos ERROR: Cuda memory space failed to allocate 1.001 GiB (label="temp_storage").
[jwb1218:3217706] *** Process received signal ***
[jwb1218:3217706] Signal: Aborted (6)
[jwb1218:3217706] Signal code:  (-6)
[jwb1218:3217706] [ 0] /usr/lib64/libc.so.6(+0x3fc30)[0x1553cb3dec30]
[jwb1218:3217706] [ 1] /usr/lib64/libc.so.6(+0x8d02c)[0x1553cb42c02c]
[jwb1218:3217706] [ 2] /usr/lib64/libc.so.6(raise+0x16)[0x1553cb3deb86]
[jwb1218:3217706] [ 3] /usr/lib64/libc.so.6(abort+0xd3)[0x1553cb3c8873]
[jwb1218:3217706] [ 4] /p/software/default/stages/2026/software/GCCcore/14.3.0/lib64/libstdc++.so.6(+0xadc3d)[0x1553cb683c3d]
[jwb1218:3217706] [ 5] /p/software/default/stages/2026/software/GCCcore/14.3.0/lib64/libstdc++.so.6(+0xbf14a)[0x1553cb69514a]
[jwb1218:3217706] [ 6] /p/software/default/stages/2026/software/GCCcore/14.3.0/lib64/libstdc++.so.6(_ZSt10unexpectedv+0x0)[0x1553cb6837e9]
[jwb1218:3217706] [ 7] /p/software/default/stages/2026/software/GCCcore/14.3.0/lib64/libstdc++.so.6(+0xbf3c7)[0x1553cb6953c7]
[jwb1218:3217706] [ 8] /p/home/jusers/fischill1/juwels/ippl/build_fin/_deps/kokkos-build/core/src/libkokkoscore.so.5.0(_ZN6Kokkos4Impl15throw_bad_allocESt17basic_string_viewIcSt11char_traitsIcEEmS4_+0x115)[0x1553cbb23e05]
[jwb1218:3217706] [ 9] /p/home/jusers/fischill1/juwels/ippl/build_fin/_deps/kokkos-build/core/src/libkokkoscore.so.5.0(_ZNK6Kokkos9CudaSpace13impl_allocateEPKcmm28Kokkos_Profiling_SpaceHandle+0x219)[0x1553cbb36319]
[jwb1218:3217706] [10] /p/home/jusers/fischill1/juwels/ippl/build_fin/_deps/kokkos-build/core/src/libkokkoscore.so.5.0(_ZNK6Kokkos9CudaSpace8allocateEPKcmm+0x65)[0x1553cbb36395]
[jwb1218:3217706] [11] /p/home/jusers/fischill1/juwels/ippl/build_fin/_deps/kokkos-build/core/src/libkokkoscore.so.5.0(_ZN6Kokkos4Impl44HostInaccessibleSharedAllocationRecordCommonINS_9CudaSpaceEEC2ERKS2_RKNSt7__cxx1112basic_stringIcSt11char_traitsIcESaIcEEEmPFvPNS0_22SharedAllocationRecordIvvEEE+0x30)[0x1553cbb38260]
[jwb1218:3217706] [12] /p/home/jusers/fischill1/juwels/ippl/build_fin/alpine/ElectrostaticPIF/LandauDampingPIF[0x49cd3a]
[jwb1218:3217706] [13] /p/home/jusers/fischill1/juwels/ippl/build_fin/alpine/ElectrostaticPIF/LandauDampingPIF[0x4d0480]
[jwb1218:3217706] [14] /p/home/jusers/fischill1/juwels/ippl/build_fin/alpine/ElectrostaticPIF/LandauDampingPIF[0x4e81cb]
[jwb1218:3217706] [15] /p/home/jusers/fischill1/juwels/ippl/build_fin/alpine/ElectrostaticPIF/LandauDampingPIF[0x5bee4d]
[jwb1218:3217706] [16] /p/home/jusers/fischill1/juwels/ippl/build_fin/alpine/ElectrostaticPIF/LandauDampingPIF[0x6093a7]
[jwb1218:3217706] [17] /p/home/jusers/fischill1/juwels/ippl/build_fin/alpine/ElectrostaticPIF/LandauDampingPIF[0x6095b5]
[jwb1218:3217706] [18] /p/home/jusers/fischill1/juwels/ippl/build_fin/alpine/ElectrostaticPIF/LandauDampingPIF[0x60c8d1]
[jwb1218:3217706] [19] /p/home/jusers/fischill1/juwels/ippl/build_fin/alpine/ElectrostaticPIF/LandauDampingPIF[0x60d25b]
[jwb1218:3217706] [20] /p/home/jusers/fischill1/juwels/ippl/build_fin/alpine/ElectrostaticPIF/LandauDampingPIF[0x423759]
[jwb1218:3217706] [21] /usr/lib64/libc.so.6(+0x2a610)[0x1553cb3c9610]
[jwb1218:3217706] [22] /usr/lib64/libc.so.6(__libc_start_main+0x80)[0x1553cb3c96c0]
[jwb1218:3217706] [23] /p/home/jusers/fischill1/juwels/ippl/build_fin/alpine/ElectrostaticPIF/LandauDampingPIF[0x425995]
[jwb1218:3217706] *** End of error message ***
terminate called after throwing an instance of 'std::runtime_error'
  what():  Kokkos ERROR: Cuda memory space failed to allocate 1.029 GiB (label="temp_storage").
terminate called after throwing an instance of 'std::runtime_error'
  what():  Kokkos ERROR: Cuda memory space failed to allocate 1.068 GiB (label="temp_storage").
[jwb0288:4057033] *** Process received signal ***
[jwb0288:4057033] Signal: Aborted (6)
[jwb0288:4057033] Signal code:  (-6)
[jwb0377:1105431] *** Process received signal ***
[jwb0377:1105431] Signal: Aborted (6)
[jwb0377:1105431] Signal code:  (-6)
[jwb0288:4057033] [ 0] /usr/lib64/libc.so.6(+0x3fc30)[0x14cf20e1ec30]
[jwb0288:4057033] [ 1] /usr/lib64/libc.so.6(+0x8d02c)[0x14cf20e6c02c]
[jwb0288:4057033] [ 2] /usr/lib64/libc.so.6(raise+0x16)[0x14cf20e1eb86]
[jwb0288:4057033] [ 3] /usr/lib64/libc.so.6(abort+0xd3)[0x14cf20e08873]
[jwb0288:4057033] [ 4] /p/software/default/stages/2026/software/GCCcore/14.3.0/lib64/libstdc++.so.6(+0xadc3d)[0x14cf210c3c3d]
[jwb0288:4057033] [ 5] /p/software/default/stages/2026/software/GCCcore/14.3.0/lib64/libstdc++.so.6(+0xbf14a)[0x14cf210d514a]
[jwb0288:4057033] [ 6] /p/software/default/stages/2026/software/GCCcore/14.3.0/lib64/libstdc++.so.6(_ZSt10unexpectedv+0x0)[0x14cf210c37e9]
[jwb0288:4057033] [ 7] /p/software/default/stages/2026/software/GCCcore/14.3.0/lib64/libstdc++.so.6(+0xbf3c7)[0x14cf210d53c7]
[jwb0288:4057033] [ 8] /p/home/jusers/fischill1/juwels/ippl/build_fin/_deps/kokkos-build/core/src/libkokkoscore.so.5.0(_ZN6Kokkos4Impl15throw_bad_allocESt17basic_string_viewIcSt11char_traitsIcEEmS4_+0x115)[0x14cf21563e05]
[jwb0377:1105431] [ 0] /usr/lib64/libc.so.6(+0x3fc30)[0x14f23171cc30]
[jwb0377:1105431] [ 1] /usr/lib64/libc.so.6(+0x8d02c)[0x14f23176a02c]
[jwb0377:1105431] [ 2] /usr/lib64/libc.so.6(raise+0x16)[0x14f23171cb86]
[jwb0377:1105431] [ 3] /usr/lib64/libc.so.6(abort+0xd3)[0x14f231706873]
[jwb0377:1105431] [ 4] /p/software/default/stages/2026/software/GCCcore/14.3.0/lib64/libstdc++.so.6(+0xadc3d)[0x14f2319c1c3d]
[jwb0377:1105431] [ 5] /p/software/default/stages/2026/software/GCCcore/14.3.0/lib64/libstdc++.so.6(+0xbf14a)[0x14f2319d314a]
[jwb0377:1105431] [ 6] /p/software/default/stages/2026/software/GCCcore/14.3.0/lib64/libstdc++.so.6(_ZSt10unexpectedv+0x0)[0x14f2319c17e9]
[jwb0377:1105431] [ 7] /p/software/default/stages/2026/software/GCCcore/14.3.0/lib64/libstdc++.so.6(+0xbf3c7)[0x14f2319d33c7]
[jwb0377:1105431] [ 8] /p/home/jusers/fischill1/juwels/ippl/build_fin/_deps/kokkos-build/core/src/libkokkoscore.so.5.0(_ZN6Kokkos4Impl15throw_bad_allocESt17basic_string_viewIcSt11char_traitsIcEEmS4_+0x115)[0x14f231e61e05]
[jwb0288:4057033] [ 9] /p[jwb0377:1105431] [ 9] /p/home/jusers/fischill1/juwels/ippl/build_fin/_deps/kokkos-build/core/src/libkokkoscore.so.5.0(_ZNK6Kokkos9CudaSpace13impl_allocateEPKcmm28Kokkos_Profiling_SpaceHandle+0x219)[0x14cf21576319]
[jwb0288:4057033] [10] /p/home/jusers/fischill1/juwels/ippl/build_fin/_deps/kokkos-build/core/src/libkokkoscore.so.5.0(_ZNK6Kokkos9CudaSpace8allocateEPKcmm+0x65)[0x14cf21576395]
/home/jusers/fischill1/juwels/ippl/build_fin/_deps/kokkos-build/core/src/libkokkoscore.so.5.0(_ZNK6Kokkos9CudaSpace13impl_allocateEPKcmm28Kokkos_Profiling_SpaceHandle+0x219)[0x14f231e74319]
[jwb0377:1105431] [10] /p/home/jusers/fischill1/juwels/ippl/build_fin/_deps/kokkos-build/core/src/libkokkoscore.so.5.0(_ZNK6Kokkos9CudaSpace8allocateEPKcmm+0x65)[0x14f231e74395]
[jwb0377:1105431] [11] /p/home/jusers/fischill1/juwels/ippl/build_fin/_deps/kokkos-build/core/src/libkokkoscore.so.5.0(_ZN6Kokkos4Impl44HostInaccessibleSharedAllocationRecordCommonINS_9CudaSpaceEEC2ERKS2_RKNSt7__cxx1112basic_stringIcSt11char_traitsIcESaIcEEEmPFvPNS0_22SharedAllocationRecordIvvEEE+0x30)[0x14f231e76260]
[jwb0377:1105431] [12] /p/home/jusers/fischill1/juwels/ippl/build_fin/alpine/ElectrostaticPIF/LandauDampingPIF[0x49cd3a]
[jwb0377:1105431] [13] /p/home/jusers/fischill1/juwels/ippl/build_fin/alpine/ElectrostaticPIF/LandauDampingPIF[0x4d0480]
[jwb0288:4057033] [11] /p/home/jusers/fischill1/juwels/ippl/build_fin/_deps/kokkos-build/core/src/libkokkoscore.so.5.0(_ZN6Kokkos4Impl44HostInaccessibleSharedAllocationRecordCommonINS_9CudaSpaceEEC2ERKS2_RKNSt7__cxx1112basic_stringIcSt11char_traitsIcESaIcEEEmPFvPNS0_22SharedAllocationRecordIvvEEE+0x30)[0x14cf21578260]
[jwb0288:4057033] [12] /p/home/jusers/fischill1/juwels/ippl/build_fin/alpine/ElectrostaticPIF/LandauDampingPIF[0x49cd3a]
[jwb0288:4057033] [13] /p/home/jusers/fischill1/juwels/ippl/build_fin/alpine/ElectrostaticPIF/LandauDampingPIF[0x4d0480]
[jwb0288:4057033] [14] /p/home/jusers/fischill1/juwels/ippl/build_fin/alpine/ElectrostaticPIF/LandauDampingPIF[0x4e81cb]
[jwb0288:4057033] [15] /p/home/jusers/fischill1/juwels/ippl/build_fin/alpine/ElectrostaticPIF/LandauDampingPIF[0x5bee4d]
[jwb0288:4057033] [16] /p/home/jusers/fischill1/juwels/ippl/build_fin/alpine/ElectrostaticPIF/LandauDampingPIF[0x6093a7]
[jwb0377:1105431] [14] /p/home/jusers/fischill1/juwels/ippl/build_fin/alpine/ElectrostaticPIF/LandauDampingPIF[0x4e81c[jwb0288:4057033] [17] /p/home/jusers/fischill1/juwels/ippl/build_fin/alpine/ElectrostaticPIF/LandauDampingPIF[0x6095b5]
b]
[jwb0377:1105431] [15] /p/home/jusers/fischill1/juwels/ippl/build_fin/alpine/ElectrostaticPIF/LandauDampingPIF[0x5bee4d]
[jwb0377:1105431] [16] /p/home/jusers/fischill1/juwels/ippl/build_fin/alpine/ElectrostaticPIF/LandauDampingPIF[0x6093a7]
[jwb0377:1105431] [17] /p/home/jusers/fischill1/juwels/ippl/build_fin/alpine/ElectrostaticPIF/LandauDampingPIF[0x6095b5]
[jwb0377:1105431] [18] /p/home/jusers/fischill1/juwels/ippl/build_fin/alpine/ElectrostaticPIF/LandauDampingPIF[0x60c8d1]
[jwb0377:1105431] [19] /p/home/jusers/fischill1/juwels/ippl/build_fin/alpine/ElectrostaticPIF/LandauDampingPIF[0x60d25b]
[jwb0288:4057033] [18] /p/home/jusers/fischill1/juwels/ippl/build_fin/alpine/ElectrostaticPIF/LandauDampingPIF[0x60c8d1]
[jwb0288:4057033] [19] /p/home/jusers/fischill1/juwels/ippl/build_fin/alpine/ElectrostaticPIF/LandauDampingPIF[0x60d25b]
[jwb0288:4057033] [20] /p/home/jusers/fischill1/juwels/ippl/build_fin/alpine/ElectrostaticPIF/LandauDampingPIF[0x423759]
[jwb0288:4057033] [21] /usr/lib64/libc.so.6(+0x2a610)[0x14cf20e09610]
[jwb0288:4057033] [22] /usr/lib64/libc.so.6(__libc_start_main+0x80)[0x14cf20e096c0]
[jwb0288:4057033] [23] /p/home/jusers/fischill1/juwels/ippl/build_fin/alpine/ElectrostaticPIF/LandauDampingPIF[0x425995]
[jwb0288:4057033] *** End of error message ***
[jwb0377:1105431] [20] /p/home/jusers/fischill1/juwels/ippl/build_fin/alpine/ElectrostaticPIF/LandauDampingPIF[0x423759]
[jwb0377:1105431] [21] /usr/lib64/libc.so.6(+0x2a610)[0x14f231707610]
[jwb0377:1105431] [22] /usr/lib64/libc.so.6(__libc_start_main+0x80)[0x14f2317076c0]
[jwb0377:1105431] [23] /p/home/jusers/fischill1/juwels/ippl/build_fin/alpine/ElectrostaticPIF/LandauDampingPIF[0x425995]
[jwb0377:1105431] *** End of error message ***
terminate called after throwing an instance of 'std::runtime_error'
  what():  Kokkos ERROR: Cuda memory space failed to allocate 1.001 GiB (label="temp_storage").
terminate called after throwing an instance of 'std::runtime_error'
  what():  Kokkos ERROR: Cuda memory space failed to allocate 1.067 GiB (label="temp_storage").
[jwb0377:1105430] *** Process received signal ***
[jwb0377:1105430] Signal: Aborted (6)
[jwb0377:1105430] Signal code:  (-6)
[jwb0353:2914852] *** Process received signal ***
[jwb0353:2914852] Signal: Aborted (6)
[jwb0353:2914852] Signal code:  (-6)
[jwb0377:1105430] [ 0] /usr/lib64/libc.so.6(+0x3fc30)[0x1533484a4c30]
[jwb0377:1105430] [ 1] /usr/lib64/libc.so.6(+0x8d02c)[0x1533484f202c]
[jwb0377:1105430] [ 2] /usr/lib64/libc.so.6(raise+0x16)[0x1533484a4b86]
[jwb0377:1105430] [ 3] /usr/lib64/libc.so.6(abort+0xd3)[0x15334848e873]
[jwb0377:1105430] [ 4] /p/software/default/stages/2026/software/GCCcore/14.3.0/lib64/libstdc++.so.6(+0xadc3d)[0x153348749c3d]
[jwb0377:1105430] [ 5] /p/software/default/stages/2026/software/GCCcore/14.3.0/lib64/libstdc++.so.6(+0xbf14a)[0x15334875b14a]
[jwb0377:1105430] [ 6] /p/software/default/stages/2026/software/GCCcore/14.3.0/lib64/libstdc++.so.6(_ZSt10unexpectedv+0x0)[0x1533487497e9]
[jwb0377:1105430] [ 7] /p/software/default/stages/2026/software/GCCcore/14.3.0/lib64/libstdc++.so.6(+0xbf3c7)[0x15334875b3c7]
[jwb0377:1105430] [ 8] /p/home/jusers/fischill1/juwels/ippl/build_fin/_deps/kokkos-build/core/src/libkokkoscore.so.5.0(_ZN6Kokkos4Impl15throw_bad_allocESt17basic_string_viewIcSt11char_traitsIcEEmS4_+0x115)[0x153348be9e05]
[jwb0377:1105430] [ 9] /p/home/jusers/fischill1/juwels/ippl/build_fin/_deps/kokkos-build/core/src/libkokkoscore.so.5.0(_ZNK6Kokkos9CudaSpace13impl_allocateEPKcmm28Kokkos_Profiling_SpaceHandle+0x219)[0x153348bfc319]
[jwb0377:1105430] [10] /p/home/jusers/fischill1/juwels/ippl/build_fin/_deps/kokkos-build/core/src/libkokkoscore.so.5.0(_ZNK6Kokkos9CudaSpace8allocateEPKcmm+0x65)[0x153348bfc395]
[jwb0377:1105430] [11] /p/home/jusers/fischill1/juwels/ippl/build_fin/_deps/kokkos-build/core/src/libkokkoscore.so.5.0(_ZN6Kokkos4Impl44HostInaccessibleSharedAllocationRecordCommonINS_9CudaSpaceEEC2ERKS2_RKNSt7__cxx1112basic_stringIcSt11char_traitsIcESaIcEEEmPFvPNS0_22SharedAllocationRecordIvvEEE+0x30)[0x153348bfe260]
[jwb0353:2914852] [ 0] /usr/lib64/libc.so.6(+0x3fc30)[0x150a84c48c30]
[jwb0353:2914852] [ 1] /usr/lib64/libc.so.6(+0x8d02c)[0x150a84c9602c]
[jwb0353:2914852] [ 2] /usr/lib64/libc.so.6(raise+0x16)[0x150a84c48b86]
[jwb0353:2914852] [ 3] /usr/lib64/libc.so.6(abort+0xd3)[0x150a84c32873]
[jwb0353:2914852] [ 4] /p/software/default/stages/2026/software/GCCcore/14.3.0/lib64/libstdc++.so.6(+0xadc3d)[0x150a84eedc3d]
[jwb0353:2914852] [ 5] /p/software/default/stages/2026/software/GCCcore/14.3.0/lib64/libstdc++.so.6(+0xbf14a)[0x150a84eff14a]
[jwb0353:2914852] [ 6] /p/software/default/stages/2026/software/GCCcore/14.3.0/lib64/libstdc++.so.6(_ZSt10unexpectedv+0x0)[0x150a84eed7e9]
[jwb0353:2914852] [ 7] /p/software/default/stages/2026/software/GCCcore/14.3.0/lib64/libstdc++.so.6(+0xbf3c7)[0x150a84eff3c7]
[jwb0353:2914852] [ 8] /p/home/jusers/fischill1/juwels/ippl/build_fin/_deps/kokkos-build/core/src/libkokkoscore.so.5.0(_ZN6Kokkos4Impl15throw_bad_allocESt17basic_string_viewIcSt11char_traitsIcEEmS4_+0x115)[0x150a8538de05]
[jwb0353:2914852] [ 9] /p[jwb0377:1105430] [12] /p/home/jusers/fischill1/juwels/ippl/build_fin/alpine/ElectrostaticPIF/LandauDampingPIF[0x49cd3a]
/home/jusers/fischill1/juwels/ippl/build_fin/_deps/kokkos-build/core/src/libkokkoscore.so.5.0(_ZNK6Kokkos9CudaSpace13impl_allocateEPKcmm28Kokkos_Profiling_SpaceHandle+0x219)[0x150a853a0319]
[jwb0353:2914852] [10] /p/home/jusers/fischill1/juwels/ippl/build_fin/_deps/kokkos-build/core/src/libkokkoscore.so.5.0(_ZNK6Kokkos9CudaSpace8allocateEPKcmm+0x65)[0x150a853a0395]
[jwb0353:2914852] [11] /p/home/jusers/fischill1/juwels/ippl/build_fin/_deps/kokkos-build/core/src/libkokkoscore.so.5.0(_ZN6Kokkos4Impl44HostInaccessibleSharedAllocationRecordCommonINS_9CudaSpaceEEC2ERKS2_RKNSt7__cxx1112basic_stringIcSt11char_traitsIcESaIcEEEmPFvPNS0_22SharedAllocationRecordIvvEEE+0x30)[0x150a853a2260]
[jwb0353:2914852] [12] /p/home/jusers/fischill1/juwels/ippl/build_fin/alpine/ElectrostaticPIF/LandauDampingPIF[0x49cd3a]
[jwb0353:2914852] [13] /p/home/jusers/fischill1/juwels/ippl/build_fin/alpine/ElectrostaticPIF/LandauDampingPIF[0x4d0480]
[jwb0377:1105430] [13] /p/home/jusers/fischill1/juwels/ippl/build_fin/alpine/ElectrostaticPIF/LandauDampingPIF[0x4d0480]
[jwb0377:1105430] [14] /p/home/jusers/fischill1/juwels/ippl/build_fin/alpine/ElectrostaticPIF/LandauDampingPIF[0x4e81cb]
[jwb0377:1105430] [15] /p/home/jusers/fischill1/juwels/ippl/build_fin/alpine/ElectrostaticPIF/LandauDampingPIF[0x5bee4d]
[jwb0377:1105430] [16] /p/home/jusers/fischill1/juwels/ippl/build_fin/alpine/ElectrostaticPIF/LandauDampingPIF[0x6093a7]
[jwb0377:1105430] [17] /p/home/jusers/fischill1/juwels/ippl/build_fin/alpine/ElectrostaticPIF/LandauDampingPIF[0x6095b5]
[jwb0377:1105430] [18] /p/home/jusers/fischill1/juwels/ippl/build_fin/alpine/ElectrostaticPIF/LandauDampingPIF[0x60c8d1]
[jwb0377:1105430] [19] /p/home/jusers/fischill1/juwels/ippl/build_fin/alpine/ElectrostaticPIF/LandauDampingPIF[0x60d25b]
[jwb0377:1105430] [20] /p/home/jusers/fischill1/juwels/ippl/build_fin/alpine/ElectrostaticPIF/LandauDampingPIF[0x423759]
[jwb0353:2914852] [14] /p/home/jusers/fischill1/juwels/ippl/build_fin/alpine/ElectrostaticPIF/LandauDampingPIF[0x4e81c[jwb0377:1105430] [21] /usr/lib64/libc.so.6(+0x2a610)[0x15334848f610]
[jwb0377:1b]
[jwb0353:2914852] [15] /p/home/jusers/fischill1/juwels/ippl/build_fin/alpine/ElectrostaticPIF/LandauDampingPIF[0x5bee4d]
[jwb0353:2914852] [16] /p/home/jusers/fischill1/juwels/ippl/build_fin/alpine/ElectrostaticPIF/LandauDampingPIF[0x6093a7]
[jwb0353:2914852] [17] /p/home/jusers/fischill1/juwels/ippl/build_fin/alpine/ElectrostaticPIF/LandauDampingPIF[0x6095b5]
[jwb0353:2914852] [18] /p/home/jusers/fischill1/juwels/ippl/build_fin/alpine/ElectrostaticPIF/LandauDampingPIF[0x60c8d1]
105430] [22] /usr/lib64/libc.so.6(__libc_start_main+0x80)[0x15334848f6c0]
[jwb0377:1105430] [23] /p/home/jusers/fischill1/juwels/ippl/build_fin/alpine/ElectrostaticPIF/LandauDampingPIF[0x425995]
[jwb0377:1105430] *** End of error message ***
[jwb0353:2914852] [19] /p/home/jusers/fischill1/juwels/ippl/build_fin/alpine/ElectrostaticPIF/LandauDampingPIF[0x60d25b]
[jwb0353:2914852] [20] /p/home/jusers/fischill1/juwels/ippl/build_fin/alpine/ElectrostaticPIF/LandauDampingPIF[0x423759]
[jwb0353:2914852] [21] /usr/lib64/libc.so.6(+0x2a610)[0x150a84c33610]
[jwb0353:2914852] [22] /usr/lib64/libc.so.6(__libc_start_main+0x80)[0x150a84c336c0]
[jwb0353:2914852] [23] /p/home/jusers/fischill1/juwels/ippl/build_fin/alpine/ElectrostaticPIF/LandauDampingPIF[0x425995]
[jwb0353:2914852] *** End of error message ***
terminate called after throwing an instance of 'std::runtime_error'
  what():  Kokkos ERROR: Cuda memory space failed to allocate 1.067 GiB (label="temp_storage").
[jwb0377:1105429] *** Process received signal ***
[jwb0377:1105429] Signal: Aborted (6)
[jwb0377:1105429] Signal code:  (-6)
terminate called after throwing an instance of 'std::runtime_error'
  what():  Kokkos ERROR: Cuda memory space failed to allocate 1.029 GiB (label="temp_storage").
[jwb0377:1105429] [ 0] /usr/lib64/libc.so.6(+0x3fc30)[0x149a05086c30]
[jwb0377:1105429] [ 1] /usr/lib64/libc.so.6(+0x8d02c)[0x149a050d402c]
[jwb0377:1105429] [ 2] /usr/lib64/libc.so.6(raise+0x16)[0x149a05086b86]
[jwb0377:1105429] [ 3] /usr/lib64/libc.so.6(abort+0xd3)[0x149a05070873]
[jwb0377:1105429] [ 4] /p/software/default/stages/2026/software/GCCcore/14.3.0/lib64/libstdc++.so.6(+0xadc3d)[0x149a0532bc3d]
[jwb0377:1105429] [ 5] /p/software/default/stages/2026/software/GCCcore/14.3.0/lib64/libstdc++.so.6(+0xbf14a)[0x149a0533d14a]
[jwb0377:1105429] [ 6] /p/software/default/stages/2026/software/GCCcore/14.3.0/lib64/libstdc++.so.6(_ZSt10unexpectedv+0x0)[0x149a0532b7e9]
[jwb0377:1105429] [ 7] /p/software/default/stages/2026/software/GCCcore/14.3.0/lib64/libstdc++.so.6(+0xbf3c7)[0x149a0533d3c7]
[jwb0377:1105429] [ 8] /p/home/jusers/fischill1/juwels/ippl/build_fin/_deps/kokkos-build/core/src/libkokkoscore.so.5.0(_ZN6Kokkos4Impl15throw_bad_allocESt17basic_string_viewIcSt11char_traitsIcEEmS4_+0x115)[0x149a057cbe05]
[jwb1218:3217707] *** Process received signal ***
[jwb1218:3217707] Signal: Aborted (6)
[jwb1218:3217707] Signal code:  (-6)
[jwb0377:1105429] [ 9] /p/home/jusers/fischill1/juwels/ippl/build_fin/_deps/kokkos-build/core/src/libkokkoscore.so.5.0(_ZNK6Kokkos9CudaSpace13impl_allocateEPKcmm28Kokkos_Profiling_SpaceHandle+0x219)[0x149a057de319]
[jwb0377:1105429] [10] /p/home/jusers/fischill1/juwels/ippl/build_fin/_deps/kokkos-build/core/src/libkokkoscore.so.5.0(_ZNK6Kokkos9CudaSpace8allocateEPKcmm+0x65)[0x149a057de395]
[jwb0377:1105429] [11] /p/home/jusers/fischill1/juwels/ippl/build_fin/_deps/kokkos-build/core/src/libkokkoscore.so.5.0(_ZN6Kokkos4Impl44HostInaccessibleSharedAllocationRecordCommonINS_9CudaSpaceEEC2ERKS2_RKNSt7__cxx1112basic_stringIcSt11char_traitsIcESaIcEEEmPFvPNS0_22SharedAllocationRecordIvvEEE+0x30)[0x149a057e0260]
[jwb0377:1105429] [12] /p/home/jusers/fischill1/juwels/ippl/build_fin/alpine/ElectrostaticPIF/LandauDampingPIF[0x49cd3a]
[jwb0377:1105429] [13] /p/home/jusers/fischill1/juwels/ippl/build_fin/alpine/ElectrostaticPIF/LandauDampingPIF[0x4d0480]
[jwb0377:1105429] [14] /p/home/jusers/fischill1/juwels/ippl/build_fin/alpine/ElectrostaticPIF/LandauDampingPIF[0x4e81cb]
[jwb0377:1105429] [15] /p/home/jusers/fischill1/juwels/ippl/build_fin/alpine/ElectrostaticPIF/LandauDampingPIF[0x5bee4d]
[jwb0377:1105429] [16] /p/home/jusers/fischill1/juwels/ippl/build_fin/alpine/ElectrostaticPIF/LandauDampingPIF[0x6093a7]
[jwb0377:1105429] [17] /p/home/jusers/fischill1/juwels/ippl/build_fin/alpine/ElectrostaticPIF/LandauDampingPIF[0x6095b5]
[jwb0377:1105429] [18] /p/home/jusers/fischill1/juwels/ippl/build_fin/alpine/ElectrostaticPIF/LandauDampingPIF[0x60c8d1]
[jwb0377:1105429] [19] /p/home/jusers/fischill1/juwels/ippl/build_fin/alpine/ElectrostaticPIF/LandauDampingPIF[0x60d25b]
[jwb0377:1105429] [20] /p/home/jusers/fischill1/juwels/ippl/build_fin/alpine/ElectrostaticPIF/LandauDampingPIF[0x423759]
[jwb0377:1105429] [21] /usr/lib64/libc.so.6(+0x2a610)[0x149a05071610]
[jwb0377:1105429] [22] /usr/lib64/libc.so.6(__libc_start_main+0x80)[0x149a050716c0]
[jwb0377:1105429] [23] /p/home/jusers/fischill1/juwels/ippl/build_fin/alpine/ElectrostaticPIF/LandauDampingPIF[0x425995]
[jwb0377:1105429] *** End of error message ***
[jwb1218:3217707] [ 0] /usr/lib64/libc.so.6(+0x3fc30)[0x14cdba72dc30]
[jwb1218:3217707] [ 1] /usr/lib64/libc.so.6(+0x8d02c)[0x14cdba77b02c]
[jwb1218:3217707] [ 2] /usr/lib64/libc.so.6(raise+0x16)[0x14cdba72db86]
[jwb1218:3217707] [ 3] /usr/lib64/libc.so.6(abort+0xd3)[0x14cdba717873]
[jwb1218:3217707] [ 4] /p/software/default/stages/2026/software/GCCcore/14.3.0/lib64/libstdc++.so.6(+0xadc3d)[0x14cdba9d2c3d]
[jwb1218:3217707] [ 5] /p/software/default/stages/2026/software/GCCcore/14.3.0/lib64/libstdc++.so.6(+0xbf14a)[0x14cdba9e414a]
[jwb1218:3217707] [ 6] /p/software/default/stages/2026/software/GCCcore/14.3.0/lib64/libstdc++.so.6(_ZSt10unexpectedv+0x0)[0x14cdba9d27e9]
[jwb1218:3217707] [ 7] /p/software/default/stages/2026/software/GCCcore/14.3.0/lib64/libstdc++.so.6(+0xbf3c7)[0x14cdba9e43c7]
[jwb1218:3217707] [ 8] /p/home/jusers/fischill1/juwels/ippl/build_fin/_deps/kokkos-build/core/src/libkokkoscore.so.5.0(_ZN6Kokkos4Impl15throw_bad_allocESt17basic_string_viewIcSt11char_traitsIcEEmS4_+0x115)[0x14cdbae72e05]
[jwb1218:3217707] [ 9] /p/home/jusers/fischill1/juwels/ippl/build_fin/_deps/kokkos-build/core/src/libkokkoscore.so.5.0(_ZNK6Kokkos9CudaSpace13impl_allocateEPKcmm28Kokkos_Profiling_SpaceHandle+0x219)[0x14cdbae85319]
[jwb1218:3217707] [10] /p/home/jusers/fischill1/juwels/ippl/build_fin/_deps/kokkos-build/core/src/libkokkoscore.so.5.0(_ZNK6Kokkos9CudaSpace8allocateEPKcmm+0x65)[0x14cdbae85395]
[jwb1218:3217707] [11] /p/home/jusers/fischill1/juwels/ippl/build_fin/_deps/kokkos-build/core/src/libkokkoscore.so.5.0(_ZN6Kokkos4Impl44HostInaccessibleSharedAllocationRecordCommonINS_9CudaSpaceEEC2ERKS2_RKNSt7__cxx1112basic_stringIcSt11char_traitsIcESaIcEEEmPFvPNS0_22SharedAllocationRecordIvvEEE+0x30)[0x14cdbae87260]
[jwb1218:3217707] [12] /p/home/jusers/fischill1/juwels/ippl/build_fin/alpine/ElectrostaticPIF/LandauDampingPIF[0x49cd3a]
[jwb1218:3217707] [13] /p/home/jusers/fischill1/juwels/ippl/build_fin/alpine/ElectrostaticPIF/LandauDampingPIF[0x4d0480]
[jwb1218:3217707] [14] /p/home/jusers/fischill1/juwels/ippl/build_fin/alpine/ElectrostaticPIF/LandauDampingPIF[0x4e81cb]
[jwb1218:3217707] [15] /p/home/jusers/fischill1/juwels/ippl/build_fin/alpine/ElectrostaticPIF/LandauDampingPIF[0x5bee4d]
[jwb1218:3217707] [16] /p/home/jusers/fischill1/juwels/ippl/build_fin/alpine/ElectrostaticPIF/LandauDampingPIF[0x6093a7]
[jwb1218:3217707] [17] /p/home/jusers/fischill1/juwels/ippl/build_fin/alpine/ElectrostaticPIF/LandauDampingPIF[0x6095b5]
[jwb1218:3217707] [18] /p/home/jusers/fischill1/juwels/ippl/build_fin/alpine/ElectrostaticPIF/LandauDampingPIF[0x60c8d1]
[jwb1218:3217707] [19] /p/home/jusers/fischill1/juwels/ippl/build_fin/alpine/ElectrostaticPIF/LandauDampingPIF[0x60d25b]
[jwb1218:3217707] [20] /p/home/jusers/fischill1/juwels/ippl/build_fin/alpine/ElectrostaticPIF/LandauDampingPIF[0x423759]
[jwb1218:3217707] [21] /usr/lib64/libc.so.6(+0x2a610)[0x14cdba718610]
[jwb1218:3217707] [22] /usr/lib64/libc.so.6(__libc_start_main+0x80)[0x14cdba7186c0]
[jwb1218:3217707] [23] /p/home/jusers/fischill1/juwels/ippl/build_fin/alpine/ElectrostaticPIF/LandauDampingPIF[0x425995]
[jwb1218:3217707] *** End of error message ***
terminate called after throwing an instance of 'std::runtime_error'
  what():  Kokkos ERROR: Cuda memory space failed to allocate 666.3 MiB (label="keys_out").
terminate called after throwing an instance of 'std::runtime_error'
[jwb0310:1975589] *** Process received signal ***
[jwb0310:1975589] Signal: Aborted (6)
[jwb0310:1975589] Signal code:  (-6)
  what():  Kokkos ERROR: Cuda memory space failed to allocate 641.4 MiB (label="keys_out").
[jwb0310:1975590] *** Process received signal ***
[jwb0310:1975590] Signal: Aborted (6)
[jwb0310:1975590] Signal code:  (-6)
[jwb0310:1975589] [ 0] /usr/lib64/libc.so.6(+0x3fc30)[0x1503dbf6dc30]
[jwb0310:1975589] [ 1] /usr/lib64/libc.so.6(+0x8d02c)[0x1503dbfbb02c]
[jwb0310:1975589] [ 2] /usr/lib64/libc.so.6(raise+0x16)[0x1503dbf6db86]
[jwb0310:1975589] [ 3] /usr/lib64/libc.so.6(abort+0xd3)[0x1503dbf57873]
[jwb0310:1975589] [ 4] /p/software/default/stages/2026/software/GCCcore/14.3.0/lib64/libstdc++.so.6(+0xadc3d)[0x1503dc212c3d]
[jwb0310:1975589] [ 5] /p/software/default/stages/2026/software/GCCcore/14.3.0/lib64/libstdc++.so.6(+0xbf14a)[0x1503dc22414a]
[jwb0310:1975589] [ 6] /p/software/default/stages/2026/software/GCCcore/14.3.0/lib64/libstdc++.so.6(_ZSt10unexpectedv+0x0)[0x1503dc2127e9]
[jwb0310:1975589] [ 7] /p/software/default/stages/2026/software/GCCcore/14.3.0/lib64/libstdc++.so.6(+0xbf3c7)[0x1503dc2243c7]
[jwb0310:1975589] [ 8] /p/home/jusers/fischill1/juwels/ippl/build_fin/_deps/kokkos-build/core/src/libkokkoscore.so.5.0(_ZN6Kokkos4Impl15throw_bad_allocESt17basic_string_viewIcSt11char_traitsIcEEmS4_+0x115)[0x1503dc6b2e05]
[jwb0310:1975589] [ 9] /p/home/jusers/fischill1/juwels/ippl/build_fin/_deps/kokkos-build/core/src/libkokkoscore.so.5.0(_ZNK6Kokkos9CudaSpace13impl_allocateEPKcmm28Kokkos_Profiling_SpaceHandle+0x219)[0x1503dc6c5319]
[jwb0310:1975589] [10] /p/home/jusers/fischill1/juwels/ippl/build_fin/_deps/kokkos-build/core/src/libkokkoscore.so.5.0(_ZNK6Kokkos9CudaSpace8allocateEPKcmm+0x65)[0x1503dc6c5395]
[jwb0310:1975589] [11] /p/home/jusers/fischill1/juwels/ippl/build_fin/_deps/kokkos-build/core/src/libkokkoscore.so.5.0(_ZN6Kokkos4Impl44HostInaccessibleSharedAllocationRecordCommonINS_9CudaSpaceEEC2ERKS2_RKNSt7__cxx1112basic_stringIcSt11char_traitsIcESaIcEEEmPFvPNS0_22SharedAllocationRecordIvvEEE+0x30)[0x1503dc6c7260]
[jwb0310:1975589] [12] /p/home/jusers/fischill1/juwels/ippl/build_fin/alpine/ElectrostaticPIF/LandauDampingPIF[0x4aa864]
[jwb0310:1975589] [13] /p/home/jusers/fischill1/juwels/ippl/build_fin/alpine/ElectrostaticPIF/LandauDampingPIF[0x4aae5e]
[jwb0310:1975589] [14] /p/home/jusers/fischill1/juwels/ippl/build_fin/alpine/ElectrostaticPIF/LandauDampingPIF[0x4cf907]
[jwb0310:1975589] [15] /p/home/jusers/fischill1/juwels/ippl/build_fin/alpine/ElectrostaticPIF/LandauDampingPIF[0x4e81cb]
[jwb0310:1975589] [16] /p/home/jusers/fischill1/juwels/ippl/build_fin/alpine/ElectrostaticPIF/LandauDampingPIF[0x5bee4d]
[jwb0310:1975589] [17] /p/home/jusers/fischill1/juwels/ippl/build_fin/alpine/ElectrostaticPIF/LandauDampingPIF[0x6093a7]
[jwb0310:1975589] [18] /p/home/jusers/fischill1/juwels/ippl/build_fin/alpine/ElectrostaticPIF/LandauDampingPIF[0x6095b5]
[jwb0310:1975589] [19] /p/home/jusers/fischill1/juwels/ippl/build_fin/alpine/ElectrostaticPIF/LandauDampingPIF[0x60c8d1]
[jwb0310:1975589] [20] /p/home/jusers/fischill1/juwels/ippl/build_fin/alpine/ElectrostaticPIF/LandauDampingPIF[0x60d25b]
[jwb0310:1975589] [21] /p/home/jusers/fischill1/juwels/ippl/build_fin/alpine/ElectrostaticPIF/LandauDampingPIF[0x423759]
[jwb0310:1975589] [22] /usr/lib64/libc.so.6(+0x2a610)[0x1503dbf58610]
[jwb0310:1975589] [23] /usr/lib64/libc.so.6(__libc_start_main+0x80)[0x1503dbf586c0]
[jwb0310:1975589] [24] /p/home/jusers/fischill1/juwels/ippl/build_fin/alpine/ElectrostaticPIF/LandauDampingPIF[0x425995]
[jwb0310:1975589] *** End of error message ***
[jwb0310:1975590] [ 0] /usr/lib64/libc.so.6(+0x3fc30)[0x14b4d5d09c30]
[jwb0310:1975590] [ 1] /usr/lib64/libc.so.6(+0x8d02c)[0x14b4d5d5702c]
[jwb0310:1975590] [ 2] /usr/lib64/libc.so.6(raise+0x16)[0x14b4d5d09b86]
[jwb0310:1975590] [ 3] /usr/lib64/libc.so.6(abort+0xd3)[0x14b4d5cf3873]
[jwb0310:1975590] [ 4] /p/software/default/stages/2026/software/GCCcore/14.3.0/lib64/libstdc++.so.6(+0xadc3d)[0x14b4d5faec3d]
[jwb0310:1975590] [ 5] /p/software/default/stages/2026/software/GCCcore/14.3.0/lib64/libstdc++.so.6(+0xbf14a)[0x14b4d5fc014a]
[jwb0310:1975590] [ 6] /p/software/default/stages/2026/software/GCCcore/14.3.0/lib64/libstdc++.so.6(_ZSt10unexpectedv+0x0)[0x14b4d5fae7e9]
[jwb0310:1975590] [ 7] /p/software/default/stages/2026/software/GCCcore/14.3.0/lib64/libstdc++.so.6(+0xbf3c7)[0x14b4d5fc03c7]
[jwb0310:1975590] [ 8] /p/home/jusers/fischill1/juwels/ippl/build_fin/_deps/kokkos-build/core/src/libkokkoscore.so.5.0(_ZN6Kokkos4Impl15throw_bad_allocESt17basic_string_viewIcSt11char_traitsIcEEmS4_+0x115)[0x14b4d644ee05]
[jwb0310:1975590] [ 9] /p/home/jusers/fischill1/juwels/ippl/build_fin/_deps/kokkos-build/core/src/libkokkoscore.so.5.0(_ZNK6Kokkos9CudaSpace13impl_allocateEPKcmm28Kokkos_Profiling_SpaceHandle+0x219)[0x14b4d6461319]
[jwb0310:1975590] [10] /p/home/jusers/fischill1/juwels/ippl/build_fin/_deps/kokkos-build/core/src/libkokkoscore.so.5.0(_ZNK6Kokkos9CudaSpace8allocateEPKcmm+0x65)[0x14b4d6461395]
[jwb0310:1975590] [11] /p/home/jusers/fischill1/juwels/ippl/build_fin/_deps/kokkos-build/core/src/libkokkoscore.so.5.0(_ZN6Kokkos4Impl44HostInaccessibleSharedAllocationRecordCommonINS_9CudaSpaceEEC2ERKS2_RKNSt7__cxx1112basic_stringIcSt11char_traitsIcESaIcEEEmPFvPNS0_22SharedAllocationRecordIvvEEE+0x30)[0x14b4d6463260]
[jwb0310:1975590] [12] /p/home/jusers/fischill1/juwels/ippl/build_fin/alpine/ElectrostaticPIF/LandauDampingPIF[0x4aa864]
[jwb0310:1975590] [13] /p/home/jusers/fischill1/juwels/ippl/build_fin/alpine/ElectrostaticPIF/LandauDampingPIF[0x4aae5e]
[jwb0310:1975590] [14] /p/home/jusers/fischill1/juwels/ippl/build_fin/alpine/ElectrostaticPIF/LandauDampingPIF[0x4cf907]
[jwb0310:1975590] [15] /p/home/jusers/fischill1/juwels/ippl/build_fin/alpine/ElectrostaticPIF/LandauDampingPIF[0x4e81cb]
[jwb0310:1975590] [16] /p/home/jusers/fischill1/juwels/ippl/build_fin/alpine/ElectrostaticPIF/LandauDampingPIF[0x5bee4d]
[jwb0310:1975590] [17] /p/home/jusers/fischill1/juwels/ippl/build_fin/alpine/ElectrostaticPIF/LandauDampingPIF[0x6093a7]
[jwb0310:1975590] [18] /p/home/jusers/fischill1/juwels/ippl/build_fin/alpine/ElectrostaticPIF/LandauDampingPIF[0x6095b5]
[jwb0310:1975590] [19] /p/home/jusers/fischill1/juwels/ippl/build_fin/alpine/ElectrostaticPIF/LandauDampingPIF[0x60c8d1]
[jwb0310:1975590] [20] /p/home/jusers/fischill1/juwels/ippl/build_fin/alpine/ElectrostaticPIF/LandauDampingPIF[0x60d25b]
[jwb0310:1975590] [21] /p/home/jusers/fischill1/juwels/ippl/build_fin/alpine/ElectrostaticPIF/LandauDampingPIF[0x423759]
[jwb0310:1975590] [22] /usr/lib64/libc.so.6(+0x2a610)[0x14b4d5cf4610]
[jwb0310:1975590] [23] /usr/lib64/libc.so.6(__libc_start_main+0x80)[0x14b4d5cf46c0]
[jwb0310:1975590] [24] /p/home/jusers/fischill1/juwels/ippl/build_fin/alpine/ElectrostaticPIF/LandauDampingPIF[0x425995]
[jwb0310:1975590] *** End of error message ***
terminate called after throwing an instance of 'std::runtime_error'
  what():  Kokkos ERROR: Cuda memory space failed to allocate 624.7 MiB (label="perm_out").
[jwb0357:1448629] *** Process received signal ***
[jwb0357:1448629] Signal: Aborted (6)
[jwb0357:1448629] Signal code:  (-6)
[jwb0357:1448629] [ 0] /usr/lib64/libc.so.6(+0x3fc30)[0x14deb9c03c30]
[jwb0357:1448629] [ 1] /usr/lib64/libc.so.6(+0x8d02c)[0x14deb9c5102c]
[jwb0357:1448629] [ 2] /usr/lib64/libc.so.6(raise+0x16)[0x14deb9c03b86]
[jwb0357:1448629] [ 3] /usr/lib64/libc.so.6(abort+0xd3)[0x14deb9bed873]
[jwb0357:1448629] [ 4] /p/software/default/stages/2026/software/GCCcore/14.3.0/lib64/libstdc++.so.6(+0xadc3d)[0x14deb9ea8c3d]
[jwb0357:1448629] [ 5] /p/software/default/stages/2026/software/GCCcore/14.3.0/lib64/libstdc++.so.6(+0xbf14a)[0x14deb9eba14a]
[jwb0357:1448629] [ 6] /p/software/default/stages/2026/software/GCCcore/14.3.0/lib64/libstdc++.so.6(_ZSt10unexpectedv+0x0)[0x14deb9ea87e9]
[jwb0357:1448629] [ 7] /p/software/default/stages/2026/software/GCCcore/14.3.0/lib64/libstdc++.so.6(+0xbf3c7)[0x14deb9eba3c7]
[jwb0357:1448629] [ 8] /p/home/jusers/fischill1/juwels/ippl/build_fin/_deps/kokkos-build/core/src/libkokkoscore.so.5.0(_ZN6Kokkos4Impl15throw_bad_allocESt17basic_string_viewIcSt11char_traitsIcEEmS4_+0x115)[0x14deba348e05]
[jwb0357:1448629] [ 9] /p/home/jusers/fischill1/juwels/ippl/build_fin/_deps/kokkos-build/core/src/libkokkoscore.so.5.0(_ZNK6Kokkos9CudaSpace13impl_allocateEPKcmm28Kokkos_Profiling_SpaceHandle+0x219)[0x14deba35b319]
[jwb0357:1448629] [10] /p/home/jusers/fischill1/juwels/ippl/build_fin/_deps/kokkos-build/core/src/libkokkoscore.so.5.0(_ZNK6Kokkos9CudaSpace8allocateEPKcmm+0x65)[0x14deba35b395]
[jwb0357:1448629] [11] /p/home/jusers/fischill1/juwels/ippl/build_fin/_deps/kokkos-build/core/src/libkokkoscore.so.5.0(_ZN6Kokkos4Impl44HostInaccessibleSharedAllocationRecordCommonINS_9CudaSpaceEEC2ERKS2_RKNSt7__cxx1112basic_stringIcSt11char_traitsIcESaIcEEEmPFvPNS0_22SharedAllocationRecordIvvEEE+0x30)[0x14deba35d260]
[jwb0357:1448629] [12] /p/home/jusers/fischill1/juwels/ippl/build_fin/alpine/ElectrostaticPIF/LandauDampingPIF[0x4aa864]
[jwb0357:1448629] [13] /p/home/jusers/fischill1/juwels/ippl/build_fin/alpine/ElectrostaticPIF/LandauDampingPIF[0x4aaf61]
[jwb0357:1448629] [14] /p/home/jusers/fischill1/juwels/ippl/build_fin/alpine/ElectrostaticPIF/LandauDampingPIF[0x4cf907]
[jwb0357:1448629] [15] /p/home/jusers/fischill1/juwels/ippl/build_fin/alpine/ElectrostaticPIF/LandauDampingPIF[0x4e81cb]
[jwb0357:1448629] [16] /p/home/jusers/fischill1/juwels/ippl/build_fin/alpine/ElectrostaticPIF/LandauDampingPIF[0x5bee4d]
[jwb0357:1448629] [17] /p/home/jusers/fischill1/juwels/ippl/build_fin/alpine/ElectrostaticPIF/LandauDampingPIF[0x6093a7]
[jwb0357:1448629] [18] /p/home/jusers/fischill1/juwels/ippl/build_fin/alpine/ElectrostaticPIF/LandauDampingPIF[0x6095b5]
[jwb0357:1448629] [19] /p/home/jusers/fischill1/juwels/ippl/build_fin/alpine/ElectrostaticPIF/LandauDampingPIF[0x60c8d1]
[jwb0357:1448629] [20] /p/home/jusers/fischill1/juwels/ippl/build_fin/alpine/ElectrostaticPIF/LandauDampingPIF[0x60d25b]
[jwb0357:1448629] [21] /p/home/jusers/fischill1/juwels/ippl/build_fin/alpine/ElectrostaticPIF/LandauDampingPIF[0x423759]
[jwb0357:1448629] [22] /usr/lib64/libc.so.6(+0x2a610)[0x14deb9bee610]
[jwb0357:1448629] [23] /usr/lib64/libc.so.6(__libc_start_main+0x80)[0x14deb9bee6c0]
[jwb0357:1448629] [24] /p/home/jusers/fischill1/juwels/ippl/build_fin/alpine/ElectrostaticPIF/LandauDampingPIF[0x425995]
[jwb0357:1448629] *** End of error message ***
terminate called after throwing an instance of 'std::runtime_error'
  what():  Kokkos ERROR: Cuda memory space failed to allocate 602.2 MiB (label="perm_out").
[jwb0377:1105428] *** Process received signal ***
[jwb0377:1105428] Signal: Aborted (6)
[jwb0377:1105428] Signal code:  (-6)
[jwb0377:1105428] [ 0] /usr/lib64/libc.so.6(+0x3fc30)[0x146c63b89c30]
[jwb0377:1105428] [ 1] /usr/lib64/libc.so.6(+0x8d02c)[0x146c63bd702c]
[jwb0377:1105428] [ 2] /usr/lib64/libc.so.6(raise+0x16)[0x146c63b89b86]
[jwb0377:1105428] [ 3] /usr/lib64/libc.so.6(abort+0xd3)[0x146c63b73873]
[jwb0377:1105428] [ 4] /p/software/default/stages/2026/software/GCCcore/14.3.0/lib64/libstdc++.so.6(+0xadc3d)[0x146c63e2ec3d]
[jwb0377:1105428] [ 5] /p/software/default/stages/2026/software/GCCcore/14.3.0/lib64/libstdc++.so.6(+0xbf14a)[0x146c63e4014a]
[jwb0377:1105428] [ 6] /p/software/default/stages/2026/software/GCCcore/14.3.0/lib64/libstdc++.so.6(_ZSt10unexpectedv+0x0)[0x146c63e2e7e9]
[jwb0377:1105428] [ 7] /p/software/default/stages/2026/software/GCCcore/14.3.0/lib64/libstdc++.so.6(+0xbf3c7)[0x146c63e403c7]
[jwb0377:1105428] [ 8] /p/home/jusers/fischill1/juwels/ippl/build_fin/_deps/kokkos-build/core/src/libkokkoscore.so.5.0(_ZN6Kokkos4Impl15throw_bad_allocESt17basic_string_viewIcSt11char_traitsIcEEmS4_+0x115)[0x146c642cee05]
[jwb0377:1105428] [ 9] /p/home/jusers/fischill1/juwels/ippl/build_fin/_deps/kokkos-build/core/src/libkokkoscore.so.5.0(_ZNK6Kokkos9CudaSpace13impl_allocateEPKcmm28Kokkos_Profiling_SpaceHandle+0x219)[0x146c642e1319]
[jwb0377:1105428] [10] /p/home/jusers/fischill1/juwels/ippl/build_fin/_deps/kokkos-build/core/src/libkokkoscore.so.5.0(_ZNK6Kokkos9CudaSpace8allocateEPKcmm+0x65)[0x146c642e1395]
[jwb0377:1105428] [11] /p/home/jusers/fischill1/juwels/ippl/build_fin/_deps/kokkos-build/core/src/libkokkoscore.so.5.0(_ZN6Kokkos4Impl44HostInaccessibleSharedAllocationRecordCommonINS_9CudaSpaceEEC2ERKS2_RKNSt7__cxx1112basic_stringIcSt11char_traitsIcESaIcEEEmPFvPNS0_22SharedAllocationRecordIvvEEE+0x30)[0x146c642e3260]
[jwb0377:1105428] [12] /p/home/jusers/fischill1/juwels/ippl/build_fin/alpine/ElectrostaticPIF/LandauDampingPIF[0x4aa864]
[jwb0377:1105428] [13] /p/home/jusers/fischill1/juwels/ippl/build_fin/alpine/ElectrostaticPIF/LandauDampingPIF[0x4aaf61]
[jwb0377:1105428] [14] /p/home/jusers/fischill1/juwels/ippl/build_fin/alpine/ElectrostaticPIF/LandauDampingPIF[0x4cf907]
[jwb0377:1105428] [15] /p/home/jusers/fischill1/juwels/ippl/build_fin/alpine/ElectrostaticPIF/LandauDampingPIF[0x4e81cb]
[jwb0377:1105428] [16] /p/home/jusers/fischill1/juwels/ippl/build_fin/alpine/ElectrostaticPIF/LandauDampingPIF[0x5bee4d]
[jwb0377:1105428] [17] /p/home/jusers/fischill1/juwels/ippl/build_fin/alpine/ElectrostaticPIF/LandauDampingPIF[0x6093a7]
[jwb0377:1105428] [18] /p/home/jusers/fischill1/juwels/ippl/build_fin/alpine/ElectrostaticPIF/LandauDampingPIF[0x6095b5]
[jwb0377:1105428] [19] /p/home/jusers/fischill1/juwels/ippl/build_fin/alpine/ElectrostaticPIF/LandauDampingPIF[0x60c8d1]
[jwb0377:1105428] [20] /p/home/jusers/fischill1/juwels/ippl/build_fin/alpine/ElectrostaticPIF/LandauDampingPIF[0x60d25b]
[jwb0377:1105428] [21] /p/home/jusers/fischill1/juwels/ippl/build_fin/alpine/ElectrostaticPIF/LandauDampingPIF[0x423759]
[jwb0377:1105428] [22] /usr/lib64/libc.so.6(+0x2a610)[0x146c63b74610]
[jwb0377:1105428] [23] /usr/lib64/libc.so.6(__libc_start_main+0x80)[0x146c63b746c0]
[jwb0377:1105428] [24] /p/home/jusers/fischill1/juwels/ippl/build_fin/alpine/ElectrostaticPIF/LandauDampingPIF[0x425995]
[jwb0377:1105428] *** End of error message ***
terminate called after throwing an instance of 'std::runtime_error'
  what():  Kokkos ERROR: Cuda memory space failed to allocate 1.029 GiB (label="temp_storage").
[jwb0353:2914855] *** Process received signal ***
[jwb0353:2914855] Signal: Aborted (6)
[jwb0353:2914855] Signal code:  (-6)
[jwb0353:2914855] [ 0] /usr/lib64/libc.so.6(+0x3fc30)[0x14f8bac2ec30]
[jwb0353:2914855] [ 1] /usr/lib64/libc.so.6(+0x8d02c)[0x14f8bac7c02c]
[jwb0353:2914855] [ 2] /usr/lib64/libc.so.6(raise+0x16)[0x14f8bac2eb86]
[jwb0353:2914855] [ 3] /usr/lib64/libc.so.6(abort+0xd3)[0x14f8bac18873]
[jwb0353:2914855] [ 4] /p/software/default/stages/2026/software/GCCcore/14.3.0/lib64/libstdc++.so.6(+0xadc3d)[0x14f8baed3c3d]
[jwb0353:2914855] [ 5] /p/software/default/stages/2026/software/GCCcore/14.3.0/lib64/libstdc++.so.6(+0xbf14a)[0x14f8baee514a]
[jwb0353:2914855] [ 6] /p/software/default/stages/2026/software/GCCcore/14.3.0/lib64/libstdc++.so.6(_ZSt10unexpectedv+0x0)[0x14f8baed37e9]
[jwb0353:2914855] [ 7] /p/software/default/stages/2026/software/GCCcore/14.3.0/lib64/libstdc++.so.6(+0xbf3c7)[0x14f8baee53c7]
[jwb0353:2914855] [ 8] /p/home/jusers/fischill1/juwels/ippl/build_fin/_deps/kokkos-build/core/src/libkokkoscore.so.5.0(_ZN6Kokkos4Impl15throw_bad_allocESt17basic_string_viewIcSt11char_traitsIcEEmS4_+0x115)[0x14f8bb373e05]
[jwb0353:2914855] [ 9] /p/home/jusers/fischill1/juwels/ippl/build_fin/_deps/kokkos-build/core/src/libkokkoscore.so.5.0(_ZNK6Kokkos9CudaSpace13impl_allocateEPKcmm28Kokkos_Profiling_SpaceHandle+0x219)[0x14f8bb386319]
[jwb0353:2914855] [10] /p/home/jusers/fischill1/juwels/ippl/build_fin/_deps/kokkos-build/core/src/libkokkoscore.so.5.0(_ZNK6Kokkos9CudaSpace8allocateEPKcmm+0x65)[0x14f8bb386395]
[jwb0353:2914855] [11] /p/home/jusers/fischill1/juwels/ippl/build_fin/_deps/kokkos-build/core/src/libkokkoscore.so.5.0(_ZN6Kokkos4Impl44HostInaccessibleSharedAllocationRecordCommonINS_9CudaSpaceEEC2ERKS2_RKNSt7__cxx1112basic_stringIcSt11char_traitsIcESaIcEEEmPFvPNS0_22SharedAllocationRecordIvvEEE+0x30)[0x14f8bb388260]
[jwb0353:2914855] [12] /p/home/jusers/fischill1/juwels/ippl/build_fin/alpine/ElectrostaticPIF/LandauDampingPIF[0x49cd3a]
[jwb0353:2914855] [13] /p/home/jusers/fischill1/juwels/ippl/build_fin/alpine/ElectrostaticPIF/LandauDampingPIF[0x4d0480]
[jwb0353:2914855] [14] /p/home/jusers/fischill1/juwels/ippl/build_fin/alpine/ElectrostaticPIF/LandauDampingPIF[0x4e81cb]
[jwb0353:2914855] [15] /p/home/jusers/fischill1/juwels/ippl/build_fin/alpine/ElectrostaticPIF/LandauDampingPIF[0x5bee4d]
[jwb0353:2914855] [16] /p/home/jusers/fischill1/juwels/ippl/build_fin/alpine/ElectrostaticPIF/LandauDampingPIF[0x6093a7]
[jwb0353:2914855] [17] /p/home/jusers/fischill1/juwels/ippl/build_fin/alpine/ElectrostaticPIF/LandauDampingPIF[0x6095b5]
[jwb0353:2914855] [18] /p/home/jusers/fischill1/juwels/ippl/build_fin/alpine/ElectrostaticPIF/LandauDampingPIF[0x60c8d1]
[jwb0353:2914855] [19] /p/home/jusers/fischill1/juwels/ippl/build_fin/alpine/ElectrostaticPIF/LandauDampingPIF[0x60d25b]
[jwb0353:2914855] [20] /p/home/jusers/fischill1/juwels/ippl/build_fin/alpine/ElectrostaticPIF/LandauDampingPIF[0x423759]
[jwb0353:2914855] [21] /usr/lib64/libc.so.6(+0x2a610)[0x14f8bac19610]
[jwb0353:2914855] [22] /usr/lib64/libc.so.6(__libc_start_main+0x80)[0x14f8bac196c0]
[jwb0353:2914855] [23] /p/home/jusers/fischill1/juwels/ippl/build_fin/alpine/ElectrostaticPIF/LandauDampingPIF[0x425995]
[jwb0353:2914855] *** End of error message ***
terminate called after throwing an instance of 'std::runtime_error'
  what():  Kokkos ERROR: Cuda memory space failed to allocate 1.067 GiB (label="temp_storage").
[jwb1218:3217705] *** Process received signal ***
[jwb1218:3217705] Signal: Aborted (6)
[jwb1218:3217705] Signal code:  (-6)
[jwb1218:3217705] [ 0] /usr/lib64/libc.so.6(+0x3fc30)[0x1469755d1c30]
[jwb1218:3217705] [ 1] /usr/lib64/libc.so.6(+0x8d02c)[0x14697561f02c]
[jwb1218:3217705] [ 2] /usr/lib64/libc.so.6(raise+0x16)[0x1469755d1b86]
[jwb1218:3217705] [ 3] /usr/lib64/libc.so.6(abort+0xd3)[0x1469755bb873]
[jwb1218:3217705] [ 4] /p/software/default/stages/2026/software/GCCcore/14.3.0/lib64/libstdc++.so.6(+0xadc3d)[0x146975876c3d]
[jwb1218:3217705] [ 5] /p/software/default/stages/2026/software/GCCcore/14.3.0/lib64/libstdc++.so.6(+0xbf14a)[0x14697588814a]
[jwb1218:3217705] [ 6] /p/software/default/stages/2026/software/GCCcore/14.3.0/lib64/libstdc++.so.6(_ZSt10unexpectedv+0x0)[0x1469758767e9]
[jwb1218:3217705] [ 7] /p/software/default/stages/2026/software/GCCcore/14.3.0/lib64/libstdc++.so.6(+0xbf3c7)[0x1469758883c7]
[jwb1218:3217705] [ 8] /p/home/jusers/fischill1/juwels/ippl/build_fin/_deps/kokkos-build/core/src/libkokkoscore.so.5.0(_ZN6Kokkos4Impl15throw_bad_allocESt17basic_string_viewIcSt11char_traitsIcEEmS4_+0x115)[0x146975d16e05]
[jwb1218:3217705] [ 9] /p/home/jusers/fischill1/juwels/ippl/build_fin/_deps/kokkos-build/core/src/libkokkoscore.so.5.0(_ZNK6Kokkos9CudaSpace13impl_allocateEPKcmm28Kokkos_Profiling_SpaceHandle+0x219)[0x146975d29319]
[jwb1218:3217705] [10] /p/home/jusers/fischill1/juwels/ippl/build_fin/_deps/kokkos-build/core/src/libkokkoscore.so.5.0(_ZNK6Kokkos9CudaSpace8allocateEPKcmm+0x65)[0x146975d29395]
[jwb1218:3217705] [11] /p/home/jusers/fischill1/juwels/ippl/build_fin/_deps/kokkos-build/core/src/libkokkoscore.so.5.0(_ZN6Kokkos4Impl44HostInaccessibleSharedAllocationRecordCommonINS_9CudaSpaceEEC2ERKS2_RKNSt7__cxx1112basic_stringIcSt11char_traitsIcESaIcEEEmPFvPNS0_22SharedAllocationRecordIvvEEE+0x30)[0x146975d2b260]
[jwb1218:3217705] [12] /p/home/jusers/fischill1/juwels/ippl/build_fin/alpine/ElectrostaticPIF/LandauDampingPIF[0x49cd3a]
[jwb1218:3217705] [13] /p/home/jusers/fischill1/juwels/ippl/build_fin/alpine/ElectrostaticPIF/LandauDampingPIF[0x4d0480]
[jwb1218:3217705] [14] /p/home/jusers/fischill1/juwels/ippl/build_fin/alpine/ElectrostaticPIF/LandauDampingPIF[0x4e81cb]
[jwb1218:3217705] [15] /p/home/jusers/fischill1/juwels/ippl/build_fin/alpine/ElectrostaticPIF/LandauDampingPIF[0x5bee4d]
[jwb1218:3217705] [16] /p/home/jusers/fischill1/juwels/ippl/build_fin/alpine/ElectrostaticPIF/LandauDampingPIF[0x6093a7]
[jwb1218:3217705] [17] /p/home/jusers/fischill1/juwels/ippl/build_fin/alpine/ElectrostaticPIF/LandauDampingPIF[0x6095b5]
[jwb1218:3217705] [18] /p/home/jusers/fischill1/juwels/ippl/build_fin/alpine/ElectrostaticPIF/LandauDampingPIF[0x60c8d1]
[jwb1218:3217705] [19] /p/home/jusers/fischill1/juwels/ippl/build_fin/alpine/ElectrostaticPIF/LandauDampingPIF[0x60d25b]
[jwb1218:3217705] [20] /p/home/jusers/fischill1/juwels/ippl/build_fin/alpine/ElectrostaticPIF/LandauDampingPIF[0x423759]
[jwb1218:3217705] [21] /usr/lib64/libc.so.6(+0x2a610)[0x1469755bc610]
[jwb1218:3217705] [22] /usr/lib64/libc.so.6(__libc_start_main+0x80)[0x1469755bc6c0]
[jwb1218:3217705] [23] /p/home/jusers/fischill1/juwels/ippl/build_fin/alpine/ElectrostaticPIF/LandauDampingPIF[0x425995]
[jwb1218:3217705] *** End of error message ***
terminate called after throwing an instance of 'std::runtime_error'
  what():  Kokkos ERROR: Cuda memory space failed to allocate 602.3 MiB (label="perm_out").
[jwb0353:2914854] *** Process received signal ***
[jwb0353:2914854] Signal: Aborted (6)
[jwb0353:2914854] Signal code:  (-6)
[jwb0353:2914854] [ 0] /usr/lib64/libc.so.6(+0x3fc30)[0x147375cebc30]
[jwb0353:2914854] [ 1] /usr/lib64/libc.so.6(+0x8d02c)[0x147375d3902c]
[jwb0353:2914854] [ 2] /usr/lib64/libc.so.6(raise+0x16)[0x147375cebb86]
[jwb0353:2914854] [ 3] /usr/lib64/libc.so.6(abort+0xd3)[0x147375cd5873]
[jwb0353:2914854] [ 4] /p/software/default/stages/2026/software/GCCcore/14.3.0/lib64/libstdc++.so.6(+0xadc3d)[0x147375f90c3d]
[jwb0353:2914854] [ 5] /p/software/default/stages/2026/software/GCCcore/14.3.0/lib64/libstdc++.so.6(+0xbf14a)[0x147375fa214a]
[jwb0353:2914854] [ 6] /p/software/default/stages/2026/software/GCCcore/14.3.0/lib64/libstdc++.so.6(_ZSt10unexpectedv+0x0)[0x147375f907e9]
[jwb0353:2914854] [ 7] /p/software/default/stages/2026/software/GCCcore/14.3.0/lib64/libstdc++.so.6(+0xbf3c7)[0x147375fa23c7]
[jwb0353:2914854] [ 8] /p/home/jusers/fischill1/juwels/ippl/build_fin/_deps/kokkos-build/core/src/libkokkoscore.so.5.0(_ZN6Kokkos4Impl15throw_bad_allocESt17basic_string_viewIcSt11char_traitsIcEEmS4_+0x115)[0x147376430e05]
[jwb0353:2914854] [ 9] /p/home/jusers/fischill1/juwels/ippl/build_fin/_deps/kokkos-build/core/src/libkokkoscore.so.5.0(_ZNK6Kokkos9CudaSpace13impl_allocateEPKcmm28Kokkos_Profiling_SpaceHandle+0x219)[0x147376443319]
[jwb0353:2914854] [10] /p/home/jusers/fischill1/juwels/ippl/build_fin/_deps/kokkos-build/core/src/libkokkoscore.so.5.0(_ZNK6Kokkos9CudaSpace8allocateEPKcmm+0x65)[0x147376443395]
[jwb0353:2914854] [11] /p/home/jusers/fischill1/juwels/ippl/build_fin/_deps/kokkos-build/core/src/libkokkoscore.so.5.0(_ZN6Kokkos4Impl44HostInaccessibleSharedAllocationRecordCommonINS_9CudaSpaceEEC2ERKS2_RKNSt7__cxx1112basic_stringIcSt11char_traitsIcESaIcEEEmPFvPNS0_22SharedAllocationRecordIvvEEE+0x30)[0x147376445260]
[jwb0353:2914854] [12] /p/home/jusers/fischill1/juwels/ippl/build_fin/alpine/ElectrostaticPIF/LandauDampingPIF[0x4aa864]
[jwb0353:2914854] [13] /p/home/jusers/fischill1/juwels/ippl/build_fin/alpine/ElectrostaticPIF/LandauDampingPIF[0x4aaf61]
[jwb0353:2914854] [14] /p/home/jusers/fischill1/juwels/ippl/build_fin/alpine/ElectrostaticPIF/LandauDampingPIF[0x4cf907]
[jwb0353:2914854] [15] /p/home/jusers/fischill1/juwels/ippl/build_fin/alpine/ElectrostaticPIF/LandauDampingPIF[0x4e81cb]
[jwb0353:2914854] [16] /p/home/jusers/fischill1/juwels/ippl/build_fin/alpine/ElectrostaticPIF/LandauDampingPIF[0x5bee4d]
[jwb0353:2914854] [17] /p/home/jusers/fischill1/juwels/ippl/build_fin/alpine/ElectrostaticPIF/LandauDampingPIF[0x6093a7]
[jwb0353:2914854] [18] /p/home/jusers/fischill1/juwels/ippl/build_fin/alpine/ElectrostaticPIF/LandauDampingPIF[0x6095b5]
[jwb0353:2914854] [19] /p/home/jusers/fischill1/juwels/ippl/build_fin/alpine/ElectrostaticPIF/LandauDampingPIF[0x60c8d1]
[jwb0353:2914854] [20] /p/home/jusers/fischill1/juwels/ippl/build_fin/alpine/ElectrostaticPIF/LandauDampingPIF[0x60d25b]
[jwb0353:2914854] [21] /p/home/jusers/fischill1/juwels/ippl/build_fin/alpine/ElectrostaticPIF/LandauDampingPIF[0x423759]
[jwb0353:2914854] [22] /usr/lib64/libc.so.6(+0x2a610)[0x147375cd6610]
[jwb0353:2914854] [23] /usr/lib64/libc.so.6(__libc_start_main+0x80)[0x147375cd66c0]
[jwb0353:2914854] [24] /p/home/jusers/fischill1/juwels/ippl/build_fin/alpine/ElectrostaticPIF/LandauDampingPIF[0x425995]
[jwb0353:2914854] *** End of error message ***
terminate called after throwing an instance of 'std::runtime_error'
  what():  Kokkos ERROR: Cuda memory space failed to allocate 624.7 MiB (label="perm_out").
[jwb0287:250475] *** Process received signal ***
[jwb0287:250475] Signal: Aborted (6)
[jwb0287:250475] Signal code:  (-6)
[jwb0287:250475] [ 0] /usr/lib64/libc.so.6(+0x3fc30)[0x14ffa7a67c30]
[jwb0287:250475] [ 1] /usr/lib64/libc.so.6(+0x8d02c)[0x14ffa7ab502c]
[jwb0287:250475] [ 2] /usr/lib64/libc.so.6(raise+0x16)[0x14ffa7a67b86]
[jwb0287:250475] [ 3] /usr/lib64/libc.so.6(abort+0xd3)[0x14ffa7a51873]
[jwb0287:250475] [ 4] /p/software/default/stages/2026/software/GCCcore/14.3.0/lib64/libstdc++.so.6(+0xadc3d)[0x14ffa7d0cc3d]
[jwb0287:250475] [ 5] /p/software/default/stages/2026/software/GCCcore/14.3.0/lib64/libstdc++.so.6(+0xbf14a)[0x14ffa7d1e14a]
[jwb0287:250475] [ 6] /p/software/default/stages/2026/software/GCCcore/14.3.0/lib64/libstdc++.so.6(_ZSt10unexpectedv+0x0)[0x14ffa7d0c7e9]
[jwb0287:250475] [ 7] /p/software/default/stages/2026/software/GCCcore/14.3.0/lib64/libstdc++.so.6(+0xbf3c7)[0x14ffa7d1e3c7]
[jwb0287:250475] [ 8] /p/home/jusers/fischill1/juwels/ippl/build_fin/_deps/kokkos-build/core/src/libkokkoscore.so.5.0(_ZN6Kokkos4Impl15throw_bad_allocESt17basic_string_viewIcSt11char_traitsIcEEmS4_+0x115)[0x14ffa81ace05]
[jwb0287:250475] [ 9] /p/home/jusers/fischill1/juwels/ippl/build_fin/_deps/kokkos-build/core/src/libkokkoscore.so.5.0(_ZNK6Kokkos9CudaSpace13impl_allocateEPKcmm28Kokkos_Profiling_SpaceHandle+0x219)[0x14ffa81bf319]
[jwb0287:250475] [10] /p/home/jusers/fischill1/juwels/ippl/build_fin/_deps/kokkos-build/core/src/libkokkoscore.so.5.0(_ZNK6Kokkos9CudaSpace8allocateEPKcmm+0x65)[0x14ffa81bf395]
[jwb0287:250475] [11] /p/home/jusers/fischill1/juwels/ippl/build_fin/_deps/kokkos-build/core/src/libkokkoscore.so.5.0(_ZN6Kokkos4Impl44HostInaccessibleSharedAllocationRecordCommonINS_9CudaSpaceEEC2ERKS2_RKNSt7__cxx1112basic_stringIcSt11char_traitsIcESaIcEEEmPFvPNS0_22SharedAllocationRecordIvvEEE+0x30)[0x14ffa81c1260]
[jwb0287:250475] [12] /p/home/jusers/fischill1/juwels/ippl/build_fin/alpine/ElectrostaticPIF/LandauDampingPIF[0x4aa864]
[jwb0287:250475] [13] /p/home/jusers/fischill1/juwels/ippl/build_fin/alpine/ElectrostaticPIF/LandauDampingPIF[0x4aaf61]
[jwb0287:250475] [14] /p/home/jusers/fischill1/juwels/ippl/build_fin/alpine/ElectrostaticPIF/LandauDampingPIF[0x4cf907]
[jwb0287:250475] [15] /p/home/jusers/fischill1/juwels/ippl/build_fin/alpine/ElectrostaticPIF/LandauDampingPIF[0x4e81cb]
[jwb0287:250475] [16] /p/home/jusers/fischill1/juwels/ippl/build_fin/alpine/ElectrostaticPIF/LandauDampingPIF[0x5bee4d]
[jwb0287:250475] [17] /p/home/jusers/fischill1/juwels/ippl/build_fin/alpine/ElectrostaticPIF/LandauDampingPIF[0x6093a7]
[jwb0287:250475] [18] /p/home/jusers/fischill1/juwels/ippl/build_fin/alpine/ElectrostaticPIF/LandauDampingPIF[0x6095b5]
[jwb0287:250475] [19] /p/home/jusers/fischill1/juwels/ippl/build_fin/alpine/ElectrostaticPIF/LandauDampingPIF[0x60c8d1]
terminate called after throwing an instance of 'std::runtime_error'
  what():  Kokkos ERROR: Cuda memory space failed to allocate 1.001 GiB (label="temp_storage").
[jwb0287:250475] [20] /p/home/jusers/fischill1/juwels/ippl/build_fin/alpine/ElectrostaticPIF/LandauDampingPIF[0x60d25b]
[jwb0287:250475] [21] /p/home/jusers/fischill1/juwels/ippl/build_fin/alpine/ElectrostaticPIF/LandauDampingPIF[0x423759]
[jwb0287:250475] [22] /usr/lib64/libc.so.6(+0x2a610)[0x14ffa7a52610]
[jwb0287:250475] [23] /usr/lib64/libc.so.6(__libc_start_main+0x80)[0x14ffa7a526c0]
[jwb0287:250475] [24] /p/home/jusers/fischill1/juwels/ippl/build_fin/alpine/ElectrostaticPIF/LandauDampingPIF[0x425995]
[jwb0287:250475] *** End of error message ***
[jwb0285:3713790] *** Process received signal ***
[jwb0285:3713790] Signal: Aborted (6)
[jwb0285:3713790] Signal code:  (-6)
terminate called after throwing an instance of 'std::runtime_error'
  what():  Kokkos ERROR: Cuda memory space failed to allocate 602.3 MiB (label="perm_out").
[jwb1218:3217708] *** Process received signal ***
[jwb1218:3217708] Signal: Aborted (6)
[jwb1218:3217708] Signal code:  (-6)
[jwb0285:3713790] [ 0] /usr/lib64/libc.so.6(+0x3fc30)[0x151ba18f6c30]
[jwb0285:3713790] [ 1] /usr/lib64/libc.so.6(+0x8d02c)[0x151ba194402c]
[jwb0285:3713790] [ 2] /usr/lib64/libc.so.6(raise+0x16)[0x151ba18f6b86]
[jwb0285:3713790] [ 3] /usr/lib64/libc.so.6(abort+0xd3)[0x151ba18e0873]
[jwb0285:3713790] [ 4] /p/software/default/stages/2026/software/GCCcore/14.3.0/lib64/libstdc++.so.6(+0xadc3d)[0x151ba1b9bc3d]
[jwb0285:3713790] [ 5] /p/software/default/stages/2026/software/GCCcore/14.3.0/lib64/libstdc++.so.6(+0xbf14a)[0x151ba1bad14a]
[jwb0285:3713790] [ 6] /p/software/default/stages/2026/software/GCCcore/14.3.0/lib64/libstdc++.so.6(_ZSt10unexpectedv+0x0)[0x151ba1b9b7e9]
[jwb0285:3713790] [ 7] /p/software/default/stages/2026/software/GCCcore/14.3.0/lib64/libstdc++.so.6(+0xbf3c7)[0x151ba1bad3c7]
[jwb0285:3713790] [ 8] /p/home/jusers/fischill1/juwels/ippl/build_fin/_deps/kokkos-build/core/src/libkokkoscore.so.5.0(_ZN6Kokkos4Impl15throw_bad_allocESt17basic_string_viewIcSt11char_traitsIcEEmS4_+0x115)[0x151ba203be05]
[jwb0285:3713790] [ 9] /p/home/jusers/fischill1/juwels/ippl/build_fin/_deps/kokkos-build/core/src/libkokkoscore.so.5.0(_ZNK6Kokkos9CudaSpace13impl_allocateEPKcmm28Kokkos_Profiling_SpaceHandle+0x219)[0x151ba204e319]
[jwb0285:3713790] [10] /p/home/jusers/fischill1/juwels/ippl/build_fin/_deps/kokkos-build/core/src/libkokkoscore.so.5.0(_ZNK6Kokkos9CudaSpace8allocateEPKcmm+0x65)[0x151ba204e395]
[jwb0285:3713790] [11] /p/home/jusers/fischill1/juwels/ippl/build_fin/_deps/kokkos-build/core/src/libkokkoscore.so.5.0(_ZN6Kokkos4Impl44HostInaccessibleSharedAllocationRecordCommonINS_9CudaSpaceEEC2ERKS2_RKNSt7__cxx1112basic_stringIcSt11char_traitsIcESaIcEEEmPFvPNS0_22SharedAllocationRecordIvvEEE+0x30)[0x151ba2050260]
[jwb0285:3713790] [12] /p/home/jusers/fischill1/juwels/ippl/build_fin/alpine/ElectrostaticPIF/LandauDampingPIF[0x49cd3a]
[jwb0285:3713790] [13] /p/home/jusers/fischill1/juwels/ippl/build_fin/alpine/ElectrostaticPIF/LandauDampingPIF[0x4d0480]
[jwb0285:3713790] [14] /p/home/jusers/fischill1/juwels/ippl/build_fin/alpine/ElectrostaticPIF/LandauDampingPIF[0x4e81cb]
[jwb0285:3713790] [15] /p/home/jusers/fischill1/juwels/ippl/build_fin/alpine/ElectrostaticPIF/LandauDampingPIF[0x5bee4d]
[jwb0285:3713790] [16] /p/home/jusers/fischill1/juwels/ippl/build_fin/alpine/ElectrostaticPIF/LandauDampingPIF[0x6093a7]
[jwb0285:3713790] [17] /p/home/jusers/fischill1/juwels/ippl/build_fin/alpine/ElectrostaticPIF/LandauDampingPIF[0x6095b5]
[jwb0285:3713790] [18] /p/home/jusers/fischill1/juwels/ippl/build_fin/alpine/ElectrostaticPIF/LandauDampingPIF[0x60c8d1]
[jwb0285:3713790] [19] /p/home/jusers/fischill1/juwels/ippl/build_fin/alpine/ElectrostaticPIF/LandauDampingPIF[0x60d25b]
[jwb0285:3713790] [20] /p/home/jusers/fischill1/juwels/ippl/build_fin/alpine/ElectrostaticPIF/LandauDampingPIF[0x423759]
[jwb0285:3713790] [21] /usr/lib64/libc.so.6(+0x2a610)[0x151ba18e1610]
[jwb0285:3713790] [22] /usr/lib64/libc.so.6(__libc_start_main+0x80)[0x151ba18e16c0]
[jwb0285:3713790] [23] /p/home/jusers/fischill1/juwels/ippl/build_fin/alpine/ElectrostaticPIF/LandauDampingPIF[0x425995]
[jwb0285:3713790] *** End of error message ***
[jwb1218:3217708] [ 0] /usr/lib64/libc.so.6(+0x3fc30)[0x154201632c30]
[jwb1218:3217708] [ 1] /usr/lib64/libc.so.6(+0x8d02c)[0x15420168002c]
[jwb1218:3217708] [ 2] /usr/lib64/libc.so.6(raise+0x16)[0x154201632b86]
[jwb1218:3217708] [ 3] /usr/lib64/libc.so.6(abort+0xd3)[0x15420161c873]
[jwb1218:3217708] [ 4] /p/software/default/stages/2026/software/GCCcore/14.3.0/lib64/libstdc++.so.6(+0xadc3d)[0x1542018d7c3d]
[jwb1218:3217708] [ 5] /p/software/default/stages/2026/software/GCCcore/14.3.0/lib64/libstdc++.so.6(+0xbf14a)[0x1542018e914a]
[jwb1218:3217708] [ 6] /p/software/default/stages/2026/software/GCCcore/14.3.0/lib64/libstdc++.so.6(_ZSt10unexpectedv+0x0)[0x1542018d77e9]
[jwb1218:3217708] [ 7] /p/software/default/stages/2026/software/GCCcore/14.3.0/lib64/libstdc++.so.6(+0xbf3c7)[0x1542018e93c7]
[jwb1218:3217708] [ 8] /p/home/jusers/fischill1/juwels/ippl/build_fin/_deps/kokkos-build/core/src/libkokkoscore.so.5.0(_ZN6Kokkos4Impl15throw_bad_allocESt17basic_string_viewIcSt11char_traitsIcEEmS4_+0x115)[0x154201d77e05]
[jwb1218:3217708] [ 9] /p/home/jusers/fischill1/juwels/ippl/build_fin/_deps/kokkos-build/core/src/libkokkoscore.so.5.0(_ZNK6Kokkos9CudaSpace13impl_allocateEPKcmm28Kokkos_Profiling_SpaceHandle+0x219)[0x154201d8a319]
[jwb1218:3217708] [10] /p/home/jusers/fischill1/juwels/ippl/build_fin/_deps/kokkos-build/core/src/libkokkoscore.so.5.0(_ZNK6Kokkos9CudaSpace8allocateEPKcmm+0x65)[0x154201d8a395]
[jwb1218:3217708] [11] /p/home/jusers/fischill1/juwels/ippl/build_fin/_deps/kokkos-build/core/src/libkokkoscore.so.5.0(_ZN6Kokkos4Impl44HostInaccessibleSharedAllocationRecordCommonINS_9CudaSpaceEEC2ERKS2_RKNSt7__cxx1112basic_stringIcSt11char_traitsIcESaIcEEEmPFvPNS0_22SharedAllocationRecordIvvEEE+0x30)[0x154201d8c260]
[jwb1218:3217708] [12] /p/home/jusers/fischill1/juwels/ippl/build_fin/alpine/ElectrostaticPIF/LandauDampingPIF[0x4aa864]
[jwb1218:3217708] [13] /p/home/jusers/fischill1/juwels/ippl/build_fin/alpine/ElectrostaticPIF/LandauDampingPIF[0x4aaf61]
[jwb1218:3217708] [14] /p/home/jusers/fischill1/juwels/ippl/build_fin/alpine/ElectrostaticPIF/LandauDampingPIF[0x4cf907]
[jwb1218:3217708] [15] /p/home/jusers/fischill1/juwels/ippl/build_fin/alpine/ElectrostaticPIF/LandauDampingPIF[0x4e81cb]
[jwb1218:3217708] [16] /p/home/jusers/fischill1/juwels/ippl/build_fin/alpine/ElectrostaticPIF/LandauDampingPIF[0x5bee4d]
[jwb1218:3217708] [17] /p/home/jusers/fischill1/juwels/ippl/build_fin/alpine/ElectrostaticPIF/LandauDampingPIF[0x6093a7]
[jwb1218:3217708] [18] /p/home/jusers/fischill1/juwels/ippl/build_fin/alpine/ElectrostaticPIF/LandauDampingPIF[0x6095b5]
[jwb1218:3217708] [19] /p/home/jusers/fischill1/juwels/ippl/build_fin/alpine/ElectrostaticPIF/LandauDampingPIF[0x60c8d1]
[jwb1218:3217708] [20] /p/home/jusers/fischill1/juwels/ippl/build_fin/alpine/ElectrostaticPIF/LandauDampingPIF[0x60d25b]
[jwb1218:3217708] [21] /p/home/jusers/fischill1/juwels/ippl/build_fin/alpine/ElectrostaticPIF/LandauDampingPIF[0x423759]
[jwb1218:3217708] [22] /usr/lib64/libc.so.6(+0x2a610)[0x15420161d610]
[jwb1218:3217708] [23] /usr/lib64/libc.so.6(__libc_start_main+0x80)[0x15420161d6c0]
[jwb1218:3217708] [24] /p/home/jusers/fischill1/juwels/ippl/build_fin/alpine/ElectrostaticPIF/LandauDampingPIF[0x425995]
[jwb1218:3217708] *** End of error message ***
terminate called after throwing an instance of 'std::runtime_error'
  what():  Kokkos ERROR: Cuda memory space failed to allocate 602.4 MiB (label="perm_out").
[jwb0356:691203] *** Process received signal ***
[jwb0356:691203] Signal: Aborted (6)
[jwb0356:691203] Signal code:  (-6)
[jwb0356:691203] [ 0] /usr/lib64/libc.so.6(+0x3fc30)[0x14b23c8a7c30]
[jwb0356:691203] [ 1] /usr/lib64/libc.so.6(+0x8d02c)[0x14b23c8f502c]
[jwb0356:691203] [ 2] /usr/lib64/libc.so.6(raise+0x16)[0x14b23c8a7b86]
[jwb0356:691203] [ 3] /usr/lib64/libc.so.6(abort+0xd3)[0x14b23c891873]
[jwb0356:691203] [ 4] /p/software/default/stages/2026/software/GCCcore/14.3.0/lib64/libstdc++.so.6(+0xadc3d)[0x14b23cb4cc3d]
[jwb0356:691203] [ 5] /p/software/default/stages/2026/software/GCCcore/14.3.0/lib64/libstdc++.so.6(+0xbf14a)[0x14b23cb5e14a]
[jwb0356:691203] [ 6] /p/software/default/stages/2026/software/GCCcore/14.3.0/lib64/libstdc++.so.6(_ZSt10unexpectedv+0x0)[0x14b23cb4c7e9]
[jwb0356:691203] [ 7] /p/software/default/stages/2026/software/GCCcore/14.3.0/lib64/libstdc++.so.6(+0xbf3c7)[0x14b23cb5e3c7]
[jwb0356:691203] [ 8] /p/home/jusers/fischill1/juwels/ippl/build_fin/_deps/kokkos-build/core/src/libkokkoscore.so.5.0(_ZN6Kokkos4Impl15throw_bad_allocESt17basic_string_viewIcSt11char_traitsIcEEmS4_+0x115)[0x14b23cfece05]
[jwb0356:691203] [ 9] /p/home/jusers/fischill1/juwels/ippl/build_fin/_deps/kokkos-build/core/src/libkokkoscore.so.5.0(_ZNK6Kokkos9CudaSpace13impl_allocateEPKcmm28Kokkos_Profiling_SpaceHandle+0x219)[0x14b23cfff319]
[jwb0356:691203] [10] /p/home/jusers/fischill1/juwels/ippl/build_fin/_deps/kokkos-build/core/src/libkokkoscore.so.5.0(_ZNK6Kokkos9CudaSpace8allocateEPKcmm+0x65)[0x14b23cfff395]
[jwb0356:691203] [11] /p/home/jusers/fischill1/juwels/ippl/build_fin/_deps/kokkos-build/core/src/libkokkoscore.so.5.0(_ZN6Kokkos4Impl44HostInaccessibleSharedAllocationRecordCommonINS_9CudaSpaceEEC2ERKS2_RKNSt7__cxx1112basic_stringIcSt11char_traitsIcESaIcEEEmPFvPNS0_22SharedAllocationRecordIvvEEE+0x30)[0x14b23d001260]
[jwb0356:691203] [12] /p/home/jusers/fischill1/juwels/ippl/build_fin/alpine/ElectrostaticPIF/LandauDampingPIF[0x4aa864]
[jwb0356:691203] [13] /p/home/jusers/fischill1/juwels/ippl/build_fin/alpine/ElectrostaticPIF/LandauDampingPIF[0x4aaf61]
[jwb0356:691203] [14] /p/home/jusers/fischill1/juwels/ippl/build_fin/alpine/ElectrostaticPIF/LandauDampingPIF[0x4cf907]
[jwb0356:691203] [15] /p/home/jusers/fischill1/juwels/ippl/build_fin/alpine/ElectrostaticPIF/LandauDampingPIF[0x4e81cb]
[jwb0356:691203] [16] /p/home/jusers/fischill1/juwels/ippl/build_fin/alpine/ElectrostaticPIF/LandauDampingPIF[0x5bee4d]
[jwb0356:691203] [17] /p/home/jusers/fischill1/juwels/ippl/build_fin/alpine/ElectrostaticPIF/LandauDampingPIF[0x6093a7]
[jwb0356:691203] [18] /p/home/jusers/fischill1/juwels/ippl/build_fin/alpine/ElectrostaticPIF/LandauDampingPIF[0x6095b5]
[jwb0356:691203] [19] /p/home/jusers/fischill1/juwels/ippl/build_fin/alpine/ElectrostaticPIF/LandauDampingPIF[0x60c8d1]
[jwb0356:691203] [20] /p/home/jusers/fischill1/juwels/ippl/build_fin/alpine/ElectrostaticPIF/LandauDampingPIF[0x60d25b]
[jwb0356:691203] [21] /p/home/jusers/fischill1/juwels/ippl/build_fin/alpine/ElectrostaticPIF/LandauDampingPIF[0x423759]
[jwb0356:691203] [22] /usr/lib64/libc.so.6(+0x2a610)[0x14b23c892610]
[jwb0356:691203] [23] /usr/lib64/libc.so.6(__libc_start_main+0x80)[0x14b23c8926c0]
[jwb0356:691203] [24] /p/home/jusers/fischill1/juwels/ippl/build_fin/alpine/ElectrostaticPIF/LandauDampingPIF[0x425995]
[jwb0356:691203] *** End of error message ***
terminate called after throwing an instance of 'std::runtime_error'
terminate called after throwing an instance of 'std::runtime_error'
  what():  Kokkos ERROR: Cuda memory space failed to allocate 1.001 GiB (label="temp_storage").
  what():  Kokkos ERROR: Cuda memory space failed to allocate 1.029 GiB (label="temp_storage").
[jwb1224:2807743] *** Process received signal ***
[jwb1224:2807743] Signal: Aborted (6)
[jwb1224:2807743] Signal code:  (-6)
[jwb1224:2807742] *** Process received signal ***
[jwb1224:2807742] Signal: Aborted (6)
[jwb1224:2807742] Signal code:  (-6)
[jwb1224:2807743] [ 0] /usr/lib64/libc.so.6(+0x3fc30)[0x14668af6bc30]
[jwb1224:2807743] [ 1] /usr/lib64/libc.so.6(+0x8d02c)[0x14668afb902c]
[jwb1224:2807743] [ 2] /usr/lib64/libc.so.6(raise+0x16)[0x14668af6bb86]
[jwb1224:2807743] [ 3] /usr/lib64/libc.so.6(abort+0xd3)[0x14668af55873]
[jwb1224:2807743] [ 4] /p/software/default/stages/2026/software/GCCcore/14.3.0/lib64/libstdc++.so.6(+0xadc3d)[0x14668b210c3d]
[jwb1224:2807743] [ 5] /p/software/default/stages/2026/software/GCCcore/14.3.0/lib64/libstdc++.so.6(+0xbf14a)[0x14668b22214a]
[jwb1224:2807743] [ 6] /p/software/default/stages/2026/software/GCCcore/14.3.0/lib64/libstdc++.so.6(_ZSt10unexpectedv+0x0)[0x14668b2107e9]
[jwb1224:2807743] [ 7] /p/software/default/stages/2026/software/GCCcore/14.3.0/lib64/libstdc++.so.6(+0xbf3c7)[0x14668b2223c7]
[jwb1224:2807743] [ 8] /p/home/jusers/fischill1/juwels/ippl/build_fin/_deps/kokkos-build/core/src/libkokkoscore.so.5.0(_ZN6Kokkos4Impl15throw_bad_allocESt17basic_string_viewIcSt11char_traitsIcEEmS4_+0x115)[0x14668b6b0e05]
[jwb1224:2807743] [ 9] /p/home/jusers/fischill1/juwels/ippl/build_fin/_deps/kokkos-build/core/src/libkokkoscore.so.5.0(_ZNK6Kokkos9CudaSpace13impl_allocateEPKcmm28Kokkos_Profiling_SpaceHandle+0x219)[0x14668b6c3319]
[jwb1224:2807743] [10] /p/home/jusers/fischill1/juwels/ippl/build_fin/_deps/kokkos-build/core/src/libkokkoscore.so.5.0(_ZNK6Kokkos9CudaSpace8allocateEPKcmm+0x65)[0x14668b6c3395]
[jwb1224:2807743] [11] /p/home/jusers/fischill1/juwels/ippl/build_fin/_deps/kokkos-build/core/src/libkokkoscore.so.5.0(_ZN6Kokkos4Impl44HostInaccessibleSharedAllocationRecordCommonINS_9CudaSpaceEEC2ERKS2_RKNSt7__cxx1112basic_stringIcSt11char_traitsIcESaIcEEEmPFvPNS0_22SharedAllocationRecordIvvEEE+0x30)[0x14668b6c5260]
[jwb1224:2807743] [12] /p/home/jusers/fischill1/juwels/ippl/build_fin/alpine/ElectrostaticPIF/LandauDampingPIF[0x49cd3a]
[jwb1224:2807743] [13] /p/home/jusers/fischill1/juwels/ippl/build_fin/alpine/ElectrostaticPIF/LandauDampingPIF[0x4d0480]
[jwb1224:2807743] [14] /p/home/jusers/fischill1/juwels/ippl/build_fin/alpine/ElectrostaticPIF/LandauDampingPIF[0x4e81cb]
[jwb1224:2807743] [15] /p/home/jusers/fischill1/juwels/ippl/build_fin/alpine/ElectrostaticPIF/LandauDampingPIF[0x5bee4d]
[jwb1224:2807743] [16] /p/home/jusers/fischill1/juwels/ippl/build_[jwb1224:2807742] [ 0] /usr/lib64/libc.so.6(+0x3fc30)[0x14754805ac30]
[jwb1224:2807742] [ 1] /usr/lib64/libc.so.6(+0x8d02c)[0x1475480a802c]
[jwb1224:2807742] [ 2] /usr/lib64/libc.so.6(raise+0x16)[0x14754805ab86]
[jwb1224:2807742] [ 3] /usr/lib64/libc.so.6(abort+0xd3)[0x147548044873]
[jwb1224:2807742] [ 4] /p/software/default/stages/2026/software/GCCcore/14.3.0/lib64/libstdc++.so.6(+0xadc3d)[0x1475482ffc3d]
[jwb1224:2807742] [ 5] /p/software/default/stages/2026/software/GCCcore/14.3.0/lib64/libstdc++.so.6(+0xbf14a)[0x14754831114a]
[jwb1224:2807742] [ 6] /p/software/default/stages/2026/software/GCCcore/14.3.0/lib64/libstdc++.so.6(_ZSt10unexpectedv+0x0)[0x1475482ff7e9]
[jwb1224:2807742] [ 7] /p/software/default/stages/2026/software/GCCcore/14.3.0/lib64/libstdc++.so.6(+0xbf3c7)[0x1475483113c7]
[jwb1224:2807742] [ 8] /p/home/jusers/fischill1/juwels/ippl/build_fin/_deps/kokkos-build/core/src/libkokkoscore.so.5.0(_ZN6Kokkos4Impl15throw_bad_allocESt17basic_string_viewIcSt11char_traitsIcEEmS4_+0x115)[0x14754879fe05]
[jwb1224:2807742] [ 9] /pfin/alpine/ElectrostaticPIF/LandauDampingPIF[0x6093a7]
[jwb1224:2807743] [17] /p/home/jusers/fischill1/juwels/ippl/build_fin/alpine/ElectrostaticPIF/LandauDampingPIF[0x6095b5]
[jwb1224:2807743] [18] /p/home/jusers/fischill1/juwels/ippl/build_fin/alpine/ElectrostaticPIF/LandauDampingPIF[0x60c8d1]
[jwb1224:2807743] [19] /p/home/jusers/fischill1/juwels/ippl/build_fin/alpine/ElectrostaticPIF/LandauDampingPIF[0x60d25b]
[jwb1224:2807743] [20] /p/home/jusers/fischill1/juwels/ippl/build_fin/alpine/ElectrostaticPIF/LandauDampingPIF[0x423759]
[jwb1224:2807743] [21] /usr/lib64/libc.so.6(+0x2a610)[0x14668af56610]
[jwb1224:2807743] [22] /usr/lib64/libc.so.6(__libc_start_main+0x80)[0x14668af566c0]
[jwb1224:2807743] [23] /p/home/jusers/fischill1/juwels/ippl/build_fin/alpine/ElectrostaticPIF/LandauDampingPIF[0x425995]
[jwb1224:2807743] *** End of error message ***
/home/jusers/fischill1/juwels/ippl/build_fin/_deps/kokkos-build/core/src/libkokkoscore.so.5.0(_ZNK6Kokkos9CudaSpace13impl_allocateEPKcmm28Kokkos_Profiling_SpaceHandle+0x219)[0x1475487b2319]
[jwb1224:2807742] [10] /p/home/jusers/fischill1/juwels/ippl/build_fin/_deps/kokkos-build/core/src/libkokkoscore.so.5.0(_ZNK6Kokkos9CudaSpace8allocateEPKcmm+0x65)[0x1475487b2395]
[jwb1224:2807742] [11] /p/home/jusers/fischill1/juwels/ippl/build_fin/_deps/kokkos-build/core/src/libkokkoscore.so.5.0(_ZN6Kokkos4Impl44HostInaccessibleSharedAllocationRecordCommonINS_9CudaSpaceEEC2ERKS2_RKNSt7__cxx1112basic_stringIcSt11char_traitsIcESaIcEEEmPFvPNS0_22SharedAllocationRecordIvvEEE+0x30)[0x1475487b4260]
[jwb1224:2807742] [12] /p/home/jusers/fischill1/juwels/ippl/build_fin/alpine/ElectrostaticPIF/LandauDampingPIF[0x49cd3a]
[jwb1224:2807742] [13] /p/home/jusers/fischill1/juwels/ippl/build_fin/alpine/ElectrostaticPIF/LandauDampingPIF[0x4d0480]
[jwb1224:2807742] [14] /p/home/jusers/fischill1/juwels/ippl/build_fin/alpine/ElectrostaticPIF/LandauDampingPIF[0x4e81cb]
[jwb1224:2807742] [15] /p/home/jusers/fischill1/juwels/ippl/build_fin/alpine/ElectrostaticPIF/LandauDampingPIF[0x5bee4d]
[jwb1224:2807742] [16] /p/home/jusers/fischill1/juwels/ippl/build_fin/alpine/ElectrostaticPIF/LandauDampingPIF[0x6093a7]
[jwb1224:2807742] [17] /p/home/jusers/fischill1/juwels/ippl/build_fin/alpine/ElectrostaticPIF/LandauDampingPIF[0x6095b5]
[jwb1224:2807742] [18] /p/home/jusers/fischill1/juwels/ippl/build_fin/alpine/ElectrostaticPIF/LandauDampingPIF[0x60c8d1]
[jwb1224:2807742] [19] /p/home/jusers/fischill1/juwels/ippl/build_fin/alpine/ElectrostaticPIF/LandauDampingPIF[0x60d25b]
[jwb1224:2807742] [20] /p/home/jusers/fischill1/juwels/ippl/build_fin/alpine/ElectrostaticPIF/LandauDampingPIF[0x423759]
[jwb1224:2807742] [21] /usr/lib64/libc.so.6(+0x2a610)[0x147548045610]
[jwb1224:2807742] [22] /usr/lib64/libc.so.6(__libc_start_main+0x80)[0x1475480456c0]
[jwb1224:2807742] [23] /p/home/jusers/fischill1/juwels/ippl/build_fin/alpine/ElectrostaticPIF/LandauDampingPIF[0x425995]
terminate called after throwing an instance of 'std::runtime_error'
  what():  Kokkos ERROR: Cuda memory space failed to allocate 625.3 MiB (label="perm_out").
[jwb1224:2807742] *** End of error message *[jwb0310:1975588] *** Process received signal ***
[jwb0310:1975588] Signal: Aborted (6)
[jwb0310:1975588] Signal code:  (-6)
**
[jwb0310:1975588] [ 0] /usr/lib64/libc.so.6(+0x3fc30)[0x14d59a8eac30]
[jwb0310:1975588] [ 1] /usr/lib64/libc.so.6(+0x8d02c)[0x14d59a93802c]
[jwb0310:1975588] [ 2] /usr/lib64/libc.so.6(raise+0x16)[0x14d59a8eab86]
[jwb0310:1975588] [ 3] /usr/lib64/libc.so.6(abort+0xd3)[0x14d59a8d4873]
[jwb0310:1975588] [ 4] /p/software/default/stages/2026/software/GCCcore/14.3.0/lib64/libstdc++.so.6(+0xadc3d)[0x14d59ab8fc3d]
[jwb0310:1975588] [ 5] /p/software/default/stages/2026/software/GCCcore/14.3.0/lib64/libstdc++.so.6(+0xbf14a)[0x14d59aba114a]
[jwb0310:1975588] [ 6] /p/software/default/stages/2026/software/GCCcore/14.3.0/lib64/libstdc++.so.6(_ZSt10unexpectedv+0x0)[0x14d59ab8f7e9]
[jwb0310:1975588] [ 7] /p/software/default/stages/2026/software/GCCcore/14.3.0/lib64/libstdc++.so.6(+0xbf3c7)[0x14d59aba13c7]
[jwb0310:1975588] [ 8] /p/home/jusers/fischill1/juwels/ippl/build_fin/_deps/kokkos-build/core/src/libkokkoscore.so.5.0(_ZN6Kokkos4Impl15throw_bad_allocESt17basic_string_viewIcSt11char_traitsIcEEmS4_+0x115)[0x14d59b02fe05]
[jwb0310:1975588] [ 9] /p/home/jusers/fischill1/juwels/ippl/build_fin/_deps/kokkos-build/core/src/libkokkoscore.so.5.0(_ZNK6Kokkos9CudaSpace13impl_allocateEPKcmm28Kokkos_Profiling_SpaceHandle+0x219)[0x14d59b042319]
[jwb0310:1975588] [10] /p/home/jusers/fischill1/juwels/ippl/build_fin/_deps/kokkos-build/core/src/libkokkoscore.so.5.0(_ZNK6Kokkos9CudaSpace8allocateEPKcmm+0x65)[0x14d59b042395]
[jwb0310:1975588] [11] /p/home/jusers/fischill1/juwels/ippl/build_fin/_deps/kokkos-build/core/src/libkokkoscore.so.5.0(_ZN6Kokkos4Impl44HostInaccessibleSharedAllocationRecordCommonINS_9CudaSpaceEEC2ERKS2_RKNSt7__cxx1112basic_stringIcSt11char_traitsIcESaIcEEEmPFvPNS0_22SharedAllocationRecordIvvEEE+0x30)[0x14d59b044260]
[jwb0310:1975588] [12] /p/home/jusers/fischill1/juwels/ippl/build_fin/alpine/ElectrostaticPIF/LandauDampingPIF[0x4aa864]
[jwb0310:1975588] [13] /p/home/jusers/fischill1/juwels/ippl/build_fin/alpine/ElectrostaticPIF/LandauDampingPIF[0x4aaf61]
[jwb0310:1975588] [14] /p/home/jusers/fischill1/juwels/ippl/build_fin/alpine/ElectrostaticPIF/LandauDampingPIF[0x4cf907]
[jwb0310:1975588] [15] /p/home/jusers/fischill1/juwels/ippl/build_fin/alpine/ElectrostaticPIF/LandauDampingPIF[0x4e81cb]
[jwb0310:1975588] [16] /p/home/jusers/fischill1/juwels/ippl/build_fin/alpine/ElectrostaticPIF/LandauDampingPIF[0x5bee4d]
[jwb0310:1975588] [17] /p/home/jusers/fischill1/juwels/ippl/build_fin/alpine/ElectrostaticPIF/LandauDampingPIF[0x6093a7]
[jwb0310:1975588] [18] /p/home/jusers/fischill1/juwels/ippl/build_fin/alpine/ElectrostaticPIF/LandauDampingPIF[0x6095b5]
[jwb0310:1975588] [19] /p/home/jusers/fischill1/juwels/ippl/build_fin/alpine/ElectrostaticPIF/LandauDampingPIF[0x60c8d1]
[jwb0310:1975588] [20] /p/home/jusers/fischill1/juwels/ippl/build_fin/alpine/ElectrostaticPIF/LandauDampingPIF[0x60d25b]
[jwb0310:1975588] [21] /p/home/jusers/fischill1/juwels/ippl/build_fin/alpine/ElectrostaticPIF/LandauDampingPIF[0x423759]
[jwb0310:1975588] [22] /usr/lib64/libc.so.6(+0x2a610)[0x14d59a8d5610]
[jwb0310:1975588] [23] /usr/lib64/libc.so.6(__libc_start_main+0x80)[0x14d59a8d56c0]
[jwb0310:1975588] [24] /p/home/jusers/fischill1/juwels/ippl/build_fin/alpine/ElectrostaticPIF/LandauDampingPIF[0x425995]
[jwb0310:1975588] *** End of error message ***
terminate called after throwing an instance of 'std::runtime_error'
  what():  Kokkos ERROR: Cuda memory space failed to allocate 1.067 GiB (label="temp_storage").
[jwb0356:691202] *** Process received signal ***
[jwb0356:691202] Signal: Aborted (6)
[jwb0356:691202] Signal code:  (-6)
terminate called after throwing an instance of 'std::runtime_error'
  what():  Kokkos ERROR: Cuda memory space failed to allocate 1.068 GiB (label="temp_storage").
[jwb1222:2772434] *** Process received signal ***
[jwb1222:2772434] Signal: Aborted (6)
[jwb1222:2772434] Signal code:  (-6)
[jwb0356:691202] [ 0] /usr/lib64/libc.so.6(+0x3fc30)[0x14d9af0bfc30]
[jwb0356:691202] [ 1] /usr/lib64/libc.so.6(+0x8d02c)[0x14d9af10d02c]
[jwb0356:691202] [ 2] /usr/lib64/libc.so.6(raise+0x16)[0x14d9af0bfb86]
[jwb0356:691202] [ 3] /usr/lib64/libc.so.6(abort+0xd3)[0x14d9af0a9873]
[jwb0356:691202] [ 4] /p/software/default/stages/2026/software/GCCcore/14.3.0/lib64/libstdc++.so.6(+0xadc3d)[0x14d9af364c3d]
[jwb0356:691202] [ 5] /p/software/default/stages/2026/software/GCCcore/14.3.0/lib64/libstdc++.so.6(+0xbf14a)[0x14d9af37614a]
[jwb0356:691202] [ 6] /p/software/default/stages/2026/software/GCCcore/14.3.0/lib64/libstdc++.so.6(_ZSt10unexpectedv+0x0)[0x14d9af3647e9]
[jwb0356:691202] [ 7] /p/software/default/stages/2026/software/GCCcore/14.3.0/lib64/libstdc++.so.6(+0xbf3c7)[0x14d9af3763c7]
[jwb0356:691202] [ 8] /p/home/jusers/fischill1/juwels/ippl/build_fin/_deps/kokkos-build/core/src/libkokkoscore.so.5.0(_ZN6Kokkos4Impl15throw_bad_allocESt17basic_string_viewIcSt11char_traitsIcEEmS4_+0x115)[0x14d9af804e05]
[jwb0356:691202] [ 9] /p/home/jusers/fischill1/juwels/ippl/build_fin/_deps/kokkos-build/core/src/libkokkoscore.so.5.0(_ZNK6Kokkos9CudaSpace13impl_allocateEPKcmm28Kokkos_Profiling_SpaceHandle+0x219)[0x14d9af817319]
[jwb0356:691202] [10] /p/home/jusers/fischill1/juwels/ippl/build_fin/_deps/kokkos-build/core/src/libkokkoscore.so.5.0(_ZNK6Kokkos9CudaSpace8allocateEPKcmm+0x65)[0x14d9af817395]
[jwb0356:691202] [11] /p/home/jusers/fischill1/juwels/ippl/build_fin/_deps/kokkos-build/core/src/libkokkoscore.so.5.0(_ZN6Kokkos4Impl44HostInaccessibleSharedAllocationRecordCommonINS_9CudaSpaceEEC2ERKS2_RKNSt7__cxx1112basic_stringIcSt11char_traitsIcESaIcEEEmPFvPNS0_22SharedAllocationRecordIvvEEE+0x30)[0x14d9af819260]
[jwb0356:691202] [12] /p/home/jusers/fischill1/juwels/ippl/build_fin/alpine/ElectrostaticPIF/LandauDampingPIF[0x49cd3a]
[jwb0356:691202] [13] /p/home/jusers/fischill1/juwels/ippl/build_fin/alpine/ElectrostaticPIF/LandauDampingPIF[0x4d0480]
[jwb0356:691202] [14] /p/home/jusers/fischill1/juwels/ippl/build_fin/alpine/ElectrostaticPIF/LandauDampingPIF[0x4e81cb]
[jwb0356:691202] [15] /p/home/jusers/fischill1/juwels/ippl/build_fin/alpine/ElectrostaticPIF/LandauDampingPIF[0x5bee4d]
[jwb0356:691202] [16] /p/home/jusers/fischill1/juwels/ippl/build_fin/alpine/ElectrostaticPIF/LandauDampingPIF[0x6093a7]
[jwb0356:691202] [17] /p/home/jusers/fischill1/juwels/ippl/build_fin/alpine/ElectrostaticPIF/LandauDampingPIF[0x6095b5]
[jwb0356:691202] [18] /p/home/jusers/fischill1/juwels/ippl/build_fin/alpine/ElectrostaticPIF/LandauDampingPIF[0x60c8d1]
[jwb0356:691202] [19] /p/home/jusers/fischill1/juwels/ippl/build_fin/alpine/ElectrostaticPIF/LandauDampingPIF[0x60d25b]
[jwb0356:691202] [20] /p/home/jusers/fischill1/juwels/ippl/build_fin/alpine/ElectrostaticPIF/LandauDampingPIF[0x423759]
[jwb0356:691202] [21] /usr/lib64/libc.so.6(+0x2a610)[0x14d9af0aa610]
[jwb0356:691202] [22] /usr/lib64/libc.so.6(__libc_start_main+0x80)[0x14d9af0aa6c0]
[jwb0356:691202] [23] /p/home/jusers/fischill1/juwels/ippl/build_fin/alpine/ElectrostaticPIF/LandauDampingPIF[0x425995]
[jwb0356:691202] *** End of error message ***
[jwb1222:2772434] [ 0] /usr/lib64/libc.so.6(+0x3fc30)[0x153b75ea1c30]
[jwb1222:2772434] [ 1] /usr/lib64/libc.so.6(+0x8d02c)[0x153b75eef02c]
[jwb1222:2772434] [ 2] /usr/lib64/libc.so.6(raise+0x16)[0x153b75ea1b86]
[jwb1222:2772434] [ 3] /usr/lib64/libc.so.6(abort+0xd3)[0x153b75e8b873]
[jwb1222:2772434] [ 4] /p/software/default/stages/2026/software/GCCcore/14.3.0/lib64/libstdc++.so.6(+0xadc3d)[0x153b76146c3d]
[jwb1222:2772434] [ 5] /p/software/default/stages/2026/software/GCCcore/14.3.0/lib64/libstdc++.so.6(+0xbf14a)[0x153b7615814a]
[jwb1222:2772434] [ 6] /p/software/default/stages/2026/software/GCCcore/14.3.0/lib64/libstdc++.so.6(_ZSt10unexpectedv+0x0)[0x153b761467e9]
[jwb1222:2772434] [ 7] /p/software/default/stages/2026/software/GCCcore/14.3.0/lib64/libstdc++.so.6(+0xbf3c7)[0x153b761583c7]
[jwb1222:2772434] [ 8] /p/home/jusers/fischill1/juwels/ippl/build_fin/_deps/kokkos-build/core/src/libkokkoscore.so.5.0(_ZN6Kokkos4Impl15throw_bad_allocESt17basic_string_viewIcSt11char_traitsIcEEmS4_+0x115)[0x153b765e6e05]
terminate called after throwing an instance of 'std::runtime_error'
  what():  Kokkos ERROR: Cuda memory space failed to allocate 1.001 GiB (label="temp_storage").
[jwb1222:2772434] [ 9] /p[jwb1129:3027565] *** Process received signal ***
[jwb1129:3027565] Signal: Aborted (6)
[jwb1129:3027565] Signal code:  (-6)
/home/jusers/fischill1/juwels/ippl/build_fin/_deps/kokkos-build/core/src/libkokkoscore.so.5.0(_ZNK6Kokkos9CudaSpace13impl_allocateEPKcmm28Kokkos_Profiling_SpaceHandle+0x219)[0x153b765f9319]
[jwb1222:2772434] [10] /p/home/jusers/fischill1/juwels/ippl/build_fin/_deps/kokkos-build/core/src/libkokkoscore.so.5.0(_ZNK6Kokkos9CudaSpace8allocateEPKcmm+0x65)[0x153b765f9395]
[jwb1222:2772434] [11] /p/home/jusers/fischill1/juwels/ippl/build_fin/_deps/kokkos-build/core/src/libkokkoscore.so.5.0(_ZN6Kokkos4Impl44HostInaccessibleSharedAllocationRecordCommonINS_9CudaSpaceEEC2ERKS2_RKNSt7__cxx1112basic_stringIcSt11char_traitsIcESaIcEEEmPFvPNS0_22SharedAllocationRecordIvvEEE+0x30)[0x153b765fb260]
[jwb1222:2772434] [12] /p/home/jusers/fischill1/juwels/ippl/build_fin/alpine/ElectrostaticPIF/LandauDampingPIF[0x49cd3a]
[jwb1222:2772434] [13] /p/home/jusers/fischill1/juwels/ippl/build_fin/alpine/ElectrostaticPIF/LandauDampingPIF[0x4d0480]
[jwb1222:2772434] [14] /p/home/jusers/fischill1/juwels/ippl/build_fin/alpine/ElectrostaticPIF/LandauDampingPIF[0x4e81cb]
[jwb1222:2772434] [15] /p/home/jusers/fischill1/juwels/ippl/build_fin/alpine/ElectrostaticPIF/LandauDampingPIF[0x5bee4d]
[jwb1222:2772434] [16] /p/home/jusers/fischill1/juwels/ippl/build_fin/alpine/ElectrostaticPIF/LandauDampingPIF[0x6093a7]
[jwb1222:2772434] [17] /p/home/jusers/fischill1/juwels/ippl/build_fin/alpine/ElectrostaticPIF/LandauDampingPIF[0x6095b5]
[jwb1222:2772434] [18] /p/home/jusers/fischill1/juwels/ippl/build_fin/alpine/ElectrostaticPIF/LandauDampingPIF[0x60c8d1]
[jwb1222:2772434] [19] /p/home/jusers/fischill1/juwels/ippl/build_fin/alpine/ElectrostaticPIF/LandauDampingPIF[0x60d25b]
[jwb1222:2772434] [20] /p/home/jusers/fischill1/juwels/ippl/build_fin/alpine/ElectrostaticPIF/LandauDampingPIF[0x423759]
[jwb1222:2772434] [21] /usr/lib64/libc.so.6(+0x2a610)[0x153b75e8c610]
[jwb1222:2772434] [22] /usr/lib64/libc.so.6(__libc_start_main+0x80)[0x153b75e8c6c0]
[jwb1222:2772434] [23] /p/home/jusers/fischill1/juwels/ippl/build_fin/alpine/ElectrostaticPIF/LandauDampingPIF[0x425995]
[jwb1222:2772434] *** End of error message ***
[jwb1129:3027565] [ 0] /usr/lib64/libc.so.6(+0x3fc30)[0x154a37140c30]
[jwb1129:3027565] [ 1] /usr/lib64/libc.so.6(+0x8d02c)[0x154a3718e02c]
[jwb1129:3027565] [ 2] /usr/lib64/libc.so.6(raise+0x16)[0x154a37140b86]
[jwb1129:3027565] [ 3] /usr/lib64/libc.so.6(abort+0xd3)[0x154a3712a873]
[jwb1129:3027565] [ 4] /p/software/default/stages/2026/software/GCCcore/14.3.0/lib64/libstdc++.so.6(+0xadc3d)[0x154a373e5c3d]
[jwb1129:3027565] [ 5] /p/software/default/stages/2026/software/GCCcore/14.3.0/lib64/libstdc++.so.6(+0xbf14a)[0x154a373f714a]
[jwb1129:3027565] [ 6] /p/software/default/stages/2026/software/GCCcore/14.3.0/lib64/libstdc++.so.6(_ZSt10unexpectedv+0x0)[0x154a373e57e9]
[jwb1129:3027565] [ 7] /p/software/default/stages/2026/software/GCCcore/14.3.0/lib64/libstdc++.so.6(+0xbf3c7)[0x154a373f73c7]
[jwb1129:3027565] [ 8] /p/home/jusers/fischill1/juwels/ippl/build_fin/_deps/kokkos-build/core/src/libkokkoscore.so.5.0(_ZN6Kokkos4Impl15throw_bad_allocESt17basic_string_viewIcSt11char_traitsIcEEmS4_+0x115)[0x154a37885e05]
terminate called after throwing an instance of 'std::runtime_error'
  what():  Kokkos ERROR: Cuda memory space failed to allocate 1.067 GiB (label="temp_storage").
[jwb1129:3027565] [ 9] /p[jwb1219:2452535] *** Process received signal ***
[jwb1219:2452535] Signal: Aborted (6)
[jwb1219:2452535] Signal code:  (-6)
/home/jusers/fischill1/juwels/ippl/build_fin/_deps/kokkos-build/core/src/libkokkoscore.so.5.0(_ZNK6Kokkos9CudaSpace13impl_allocateEPKcmm28Kokkos_Profiling_SpaceHandle+0x219)[0x154a37898319]
[jwb1129:3027565] [10] /p/home/jusers/fischill1/juwels/ippl/build_fin/_deps/kokkos-build/core/src/libkokkoscore.so.5.0(_ZNK6Kokkos9CudaSpace8allocateEPKcmm+0x65)[0x154a37898395]
[jwb1129:3027565] [11] /p/home/jusers/fischill1/juwels/ippl/build_fin/_deps/kokkos-build/core/src/libkokkoscore.so.5.0(_ZN6Kokkos4Impl44HostInaccessibleSharedAllocationRecordCommonINS_9CudaSpaceEEC2ERKS2_RKNSt7__cxx1112basic_stringIcSt11char_traitsIcESaIcEEEmPFvPNS0_22SharedAllocationRecordIvvEEE+0x30)[0x154a3789a260]
[jwb1129:3027565] [12] /p/home/jusers/fischill1/juwels/ippl/build_fin/alpine/ElectrostaticPIF/LandauDampingPIF[0x49cd3a]
[jwb1129:3027565] [13] /p/home/jusers/fischill1/juwels/ippl/build_fin/alpine/ElectrostaticPIF/LandauDampingPIF[0x4d0480]
[jwb1129:3027565] [14] /p/home/jusers/fischill1/juwels/ippl/build_fin/alpine/ElectrostaticPIF/LandauDampingPIF[0x4e81cb]
[jwb1129:3027565] [15] /p/home/jusers/fischill1/juwels/ippl/build_fin/alpine/ElectrostaticPIF/LandauDampingPIF[0x5bee4d]
[jwb1129:3027565] [16] /p/home/jusers/fischill1/juwels/ippl/build_fin/alpine/ElectrostaticPIF/LandauDampingPIF[0x6093a7]
[jwb1129:3027565] [17] /p/home/jusers/fischill1/juwels/ippl/build_fin/alpine/ElectrostaticPIF/LandauDampingPIF[0x6095b5]
[jwb1129:3027565] [18] /p/home/jusers/fischill1/juwels/ippl/build_fin/alpine/ElectrostaticPIF/LandauDampingPIF[0x60c8d1]
[jwb1129:3027565] [19] /p/home/jusers/fischill1/juwels/ippl/build_fin/alpine/ElectrostaticPIF/LandauDampingPIF[0x60d25b]
[jwb1129:3027565] [20] /p/home/jusers/fischill1/juwels/ippl/build_fin/alpine/ElectrostaticPIF/LandauDampingPIF[0x423759]
[jwb1129:3027565] [21] /usr/lib64/libc.so.6(+0x2a610)[0x154a3712b610]
[jwb1129:3027565] [22] /usr/lib64/libc.so.6(__libc_start_main+0x80)[0x154a3712b6c0]
[jwb1129:3027565] [23] /p/home/jusers/fischill1/juwels/ippl/build_fin/alpine/ElectrostaticPIF/LandauDampingPIF[0x425995]
[jwb1129:3027565] *** End of error message ***
[jwb1219:2452535] [ 0] /usr/lib64/libc.so.6(+0x3fc30)[0x14a26fa63c30]
[jwb1219:2452535] [ 1] /usr/lib64/libc.so.6(+0x8d02c)[0x14a26fab102c]
[jwb1219:2452535] [ 2] /usr/lib64/libc.so.6(raise+0x16)[0x14a26fa63b86]
[jwb1219:2452535] [ 3] /usr/lib64/libc.so.6(abort+0xd3)[0x14a26fa4d873]
[jwb1219:2452535] [ 4] /p/software/default/stages/2026/software/GCCcore/14.3.0/lib64/libstdc++.so.6(+0xadc3d)[0x14a26fd08c3d]
[jwb1219:2452535] [ 5] /p/software/default/stages/2026/software/GCCcore/14.3.0/lib64/libstdc++.so.6(+0xbf14a)[0x14a26fd1a14a]
[jwb1219:2452535] [ 6] /p/software/default/stages/2026/software/GCCcore/14.3.0/lib64/libstdc++.so.6(_ZSt10unexpectedv+0x0)[0x14a26fd087e9]
[jwb1219:2452535] [ 7] /p/software/default/stages/2026/software/GCCcore/14.3.0/lib64/libstdc++.so.6(+0xbf3c7)[0x14a26fd1a3c7]
[jwb1219:2452535] [ 8] /p/home/jusers/fischill1/juwels/ippl/build_fin/_deps/kokkos-build/core/src/libkokkoscore.so.5.0(_ZN6Kokkos4Impl15throw_bad_allocESt17basic_string_viewIcSt11char_traitsIcEEmS4_+0x115)[0x14a2701a8e05]
[jwb1219:2452535] [ 9] /p/home/jusers/fischill1/juwels/ippl/build_fin/_deps/kokkos-build/core/src/libkokkoscore.so.5.0(_ZNK6Kokkos9CudaSpace13impl_allocateEPKcmm28Kokkos_Profiling_SpaceHandle+0x219)[0x14a2701bb319]
[jwb1219:2452535] [10] /p/home/jusers/fischill1/juwels/ippl/build_fin/_deps/kokkos-build/core/src/libkokkoscore.so.5.0(_ZNK6Kokkos9CudaSpace8allocateEPKcmm+0x65)[0x14a2701bb395]
[jwb1219:2452535] [11] /p/home/jusers/fischill1/juwels/ippl/build_fin/_deps/kokkos-build/core/src/libkokkoscore.so.5.0(_ZN6Kokkos4Impl44HostInaccessibleSharedAllocationRecordCommonINS_9CudaSpaceEEC2ERKS2_RKNSt7__cxx1112basic_stringIcSt11char_traitsIcESaIcEEEmPFvPNS0_22SharedAllocationRecordIvvEEE+0x30)[0x14a2701bd260]
[jwb1219:2452535] [12] /p/home/jusers/fischill1/juwels/ippl/build_fin/alpine/ElectrostaticPIF/LandauDampingPIF[0x49cd3a]
[jwb1219:2452535] [13] /p/home/jusers/fischill1/juwels/ippl/build_fin/alpine/ElectrostaticPIF/LandauDampingPIF[0x4d0480]
[jwb1219:2452535] [14] /p/home/jusers/fischill1/juwels/ippl/build_fin/alpine/ElectrostaticPIF/LandauDampingPIF[0x4e81cb]
[jwb1219:2452535] [15] /p/home/jusers/fischill1/juwels/ippl/build_fin/alpine/ElectrostaticPIF/LandauDampingPIF[0x5bee4d]
[jwb1219:2452535] [16] /p/home/jusers/fischill1/juwels/ippl/build_fin/alpine/ElectrostaticPIF/LandauDampingPIF[0x6093a7]
[jwb1219:2452535] [17] /p/home/jusers/fischill1/juwels/ippl/build_fin/alpine/ElectrostaticPIF/LandauDampingPIF[0x6095b5]
[jwb1219:2452535] [18] /p/home/jusers/fischill1/juwels/ippl/build_fin/alpine/ElectrostaticPIF/LandauDampingPIF[0x60c8d1]
[jwb1219:2452535] [19] /p/home/jusers/fischill1/juwels/ippl/build_fin/alpine/ElectrostaticPIF/LandauDampingPIF[0x60d25b]
[jwb1219:2452535] [20] /p/home/jusers/fischill1/juwels/ippl/build_fin/alpine/ElectrostaticPIF/LandauDampingPIF[0x423759]
[jwb1219:2452535] [21] /usr/lib64/libc.so.6(+0x2a610)[0x14a26fa4e610]
[jwb1219:2452535] [22] /usr/lib64/libc.so.6(__libc_start_main+0x80)[0x14a26fa4e6c0]
[jwb1219:2452535] [23] /p/home/jusers/fischill1/juwels/ippl/build_fin/alpine/ElectrostaticPIF/LandauDampingPIF[0x425995]
[jwb1219:2452535] *** End of error message ***
terminate called after throwing an instance of 'std::runtime_error'
  what():  Kokkos ERROR: Cuda memory space failed to allocate 602.3 MiB (label="perm_out").
[jwb0509:3777549] *** Process received signal ***
[jwb0509:3777549] Signal: Aborted (6)
[jwb0509:3777549] Signal code:  (-6)
[jwb0509:3777549] [ 0] /usr/lib64/libc.so.6(+0x3fc30)[0x145c72876c30]
[jwb0509:3777549] [ 1] /usr/lib64/libc.so.6(+0x8d02c)[0x145c728c402c]
[jwb0509:3777549] [ 2] /usr/lib64/libc.so.6(raise+0x16)[0x145c72876b86]
[jwb0509:3777549] [ 3] /usr/lib64/libc.so.6(abort+0xd3)[0x145c72860873]
[jwb0509:3777549] [ 4] /p/software/default/stages/2026/software/GCCcore/14.3.0/lib64/libstdc++.so.6(+0xadc3d)[0x145c72b1bc3d]
[jwb0509:3777549] [ 5] /p/software/default/stages/2026/software/GCCcore/14.3.0/lib64/libstdc++.so.6(+0xbf14a)[0x145c72b2d14a]
[jwb0509:3777549] [ 6] /p/software/default/stages/2026/software/GCCcore/14.3.0/lib64/libstdc++.so.6(_ZSt10unexpectedv+0x0)[0x145c72b1b7e9]
[jwb0509:3777549] [ 7] /p/software/default/stages/2026/software/GCCcore/14.3.0/lib64/libstdc++.so.6(+0xbf3c7)[0x145c72b2d3c7]
[jwb0509:3777549] [ 8] /p/home/jusers/fischill1/juwels/ippl/build_fin/_deps/kokkos-build/core/src/libkokkoscore.so.5.0(_ZN6Kokkos4Impl15throw_bad_allocESt17basic_string_viewIcSt11char_traitsIcEEmS4_+0x115)[0x145c72fbbe05]
[jwb0509:3777549] [ 9] /p/home/jusers/fischill1/juwels/ippl/build_fin/_deps/kokkos-build/core/src/libkokkoscore.so.5.0(_ZNK6Kokkos9CudaSpace13impl_allocateEPKcmm28Kokkos_Profiling_SpaceHandle+0x219)[0x145c72fce319]
[jwb0509:3777549] [10] /p/home/jusers/fischill1/juwels/ippl/build_fin/_deps/kokkos-build/core/src/libkokkoscore.so.5.0(_ZNK6Kokkos9CudaSpace8allocateEPKcmm+0x65)[0x145c72fce395]
[jwb0509:3777549] [11] /p/home/jusers/fischill1/juwels/ippl/build_fin/_deps/kokkos-build/core/src/libkokkoscore.so.5.0(_ZN6Kokkos4Impl44HostInaccessibleSharedAllocationRecordCommonINS_9CudaSpaceEEC2ERKS2_RKNSt7__cxx1112basic_stringIcSt11char_traitsIcESaIcEEEmPFvPNS0_22SharedAllocationRecordIvvEEE+0x30)[0x145c72fd0260]
[jwb0509:3777549] [12] /p/home/jusers/fischill1/juwels/ippl/build_fin/alpine/ElectrostaticPIF/LandauDampingPIF[0x4aa864]
[jwb0509:3777549] [13] /p/home/jusers/fischill1/juwels/ippl/build_fin/alpine/ElectrostaticPIF/LandauDampingPIF[0x4aaf61]
[jwb0509:3777549] [14] /p/home/jusers/fischill1/juwels/ippl/build_fin/alpine/ElectrostaticPIF/LandauDampingPIF[0x4cf907]
[jwb0509:3777549] [15] /p/home/jusers/fischill1/juwels/ippl/build_fin/alpine/ElectrostaticPIF/LandauDampingPIF[0x4e81cb]
[jwb0509:3777549] [16] /p/home/jusers/fischill1/juwels/ippl/build_fin/alpine/ElectrostaticPIF/LandauDampingPIF[0x5bee4d]
[jwb0509:3777549] [17] /p/home/jusers/fischill1/juwels/ippl/build_fin/alpine/ElectrostaticPIF/LandauDampingPIF[0x6093a7]
[jwb0509:3777549] [18] /p/home/jusers/fischill1/juwels/ippl/build_fin/alpine/ElectrostaticPIF/LandauDampingPIF[0x6095b5]
[jwb0509:3777549] [19] /p/home/jusers/fischill1/juwels/ippl/build_fin/alpine/ElectrostaticPIF/LandauDampingPIF[0x60c8d1]
[jwb0509:3777549] [20] /p/home/jusers/fischill1/juwels/ippl/build_fin/alpine/ElectrostaticPIF/LandauDampingPIF[0x60d25b]
[jwb0509:3777549] [21] /p/home/jusers/fischill1/juwels/ippl/build_fin/alpine/ElectrostaticPIF/LandauDampingPIF[0x423759]
[jwb0509:3777549] [22] /usr/lib64/libc.so.6(+0x2a610)[0x145c72861610]
[jwb0509:3777549] [23] /usr/lib64/libc.so.6(__libc_start_main+0x80)[0x145c728616c0]
[jwb0509:3777549] [24] /p/home/jusers/fischill1/juwels/ippl/build_fin/alpine/ElectrostaticPIF/LandauDampingPIF[0x425995]
[jwb0509:3777549] *** End of error message ***
terminate called after throwing an instance of 'std::runtime_error'
  what():  Kokkos ERROR: Cuda memory space failed to allocate 624.6 MiB (label="perm_out").
[jwb1219:2452533] *** Process received signal ***
[jwb1219:2452533] Signal: Aborted (6)
[jwb1219:2452533] Signal code:  (-6)
terminate called after throwing an instance of 'std::runtime_error'
  what():  Kokkos ERROR: Cuda memory space failed to allocate 1.067 GiB (label="temp_storage").
[jwb0509:3777550] *** Process received signal ***
[jwb0509:3777550] Signal: Aborted (6)
[jwb0509:3777550] Signal code:  (-6)
[jwb1219:2452533] [ 0] /usr/lib64/libc.so.6(+0x3fc30)[0x153319051c30]
[jwb1219:2452533] [ 1] /usr/lib64/libc.so.6(+0x8d02c)[0x15331909f02c]
[jwb1219:2452533] [ 2] /usr/lib64/libc.so.6(raise+0x16)[0x153319051b86]
[jwb1219:2452533] [ 3] /usr/lib64/libc.so.6(abort+0xd3)[0x15331903b873]
[jwb1219:2452533] [ 4] /p/software/default/stages/2026/software/GCCcore/14.3.0/lib64/libstdc++.so.6(+0xadc3d)[0x1533192f6c3d]
[jwb1219:2452533] [ 5] /p/software/default/stages/2026/software/GCCcore/14.3.0/lib64/libstdc++.so.6(+0xbf14a)[0x15331930814a]
[jwb1219:2452533] [ 6] /p/software/default/stages/2026/software/GCCcore/14.3.0/lib64/libstdc++.so.6(_ZSt10unexpectedv+0x0)[0x1533192f67e9]
[jwb1219:2452533] [ 7] /p/software/default/stages/2026/software/GCCcore/14.3.0/lib64/libstdc++.so.6(+0xbf3c7)[0x1533193083c7]
[jwb1219:2452533] [ 8] /p/home/jusers/fischill1/juwels/ippl/build_fin/_deps/kokkos-build/core/src/libkokkoscore.so.5.0(_ZN6Kokkos4Impl15throw_bad_allocESt17basic_string_viewIcSt11char_traitsIcEEmS4_+0x115)[0x153319796e05]
[jwb1219:2452533] [ 9] /p/home/jusers/fischill1/juwels/ippl/build_fin/_deps/kokkos-build/core/src/libkokkoscore.so.5.0(_ZNK6Kokkos9CudaSpace13impl_allocateEPKcmm28Kokkos_Profiling_SpaceHandle+0x219)[0x1533197a9319]
[jwb1219:2452533] [10] /p/home/jusers/fischill1/juwels/ippl/build_fin/_deps/kokkos-build/core/src/libkokkoscore.so.5.0(_ZNK6Kokkos9CudaSpace8allocateEPKcmm+0x65)[0x1533197a9395]
[jwb1219:2452533] [11] /p/home/jusers/fischill1/juwels/ippl/build_fin/_deps/kokkos-build/core/src/libkokkoscore.so.5.0(_ZN6Kokkos4Impl44HostInaccessibleSharedAllocationRecordCommonINS_9CudaSpaceEEC2ERKS2_RKNSt7__cxx1112basic_stringIcSt11char_traitsIcESaIcEEEmPFvPNS0_22SharedAllocationRecordIvvEEE+0x30)[0x1533197ab260]
[jwb1219:2452533] [12] /p/home/jusers/fischill1/juwels/ippl/build_fin/alpine/ElectrostaticPIF/LandauDampingPIF[0x4aa864]
[jwb1219:2452533] [13] /p/home/jusers/fischill1/juwels/ippl/build_fin/alpine/ElectrostaticPIF/LandauDampingPIF[0x4aaf61]
[jwb1219:2452533] [14] /p/home/jusers/fischill1/juwels/ippl/build_fin/alpine/ElectrostaticPIF/LandauDampingPIF[0x4cf907]
[jwb1219:2452533] [15] /p/home/jusers/fischill1/juwels/ippl/build_fin/alpine/ElectrostaticPIF/LandauDampingPIF[0x4e81cb]
[jwb1219:2452533] [16] /p/home/jusers/fischill1/juwels/ippl/build_fin/alpine/ElectrostaticPIF/LandauDampingPIF[0x5bee4d]
[jwb1219:2452533] [17] /p/home/jusers/fischill1/juwels/ippl/build_fin/alpine/ElectrostaticPIF/LandauDampingPIF[0x6093a7]
[jwb1219:2452533] [18] /p/home/jusers/fischill1/juwels/ippl/build_fin/alpine/ElectrostaticPIF/LandauDampingPIF[0x6095b5]
[jwb1219:2452533] [19] /p/home/jusers/fischill1/juwels/ippl/build_fin/alpine/ElectrostaticPIF/LandauDampingPIF[0x60c8d1]
[jwb1219:2452533] [20] /p/home/jusers/fischill1/juwels/ippl/build_fin/alpine/ElectrostaticPIF/LandauDampingPIF[0x60d25b]
[jwb1219:2452533] [21] /p/home/jusers/fischill1/juwels/ippl/build_fin/alpine/ElectrostaticPIF/LandauDampingPIF[0x423759]
[jwb1219:2452533] [22] /usr/lib64/libc.so.6(+0x2a610)[0x15331903c610]
[jwb1219:2452533] [23] /usr/lib64/libc.so.6(__libc_start_main+0x80)[0x15331903c6c0]
[jwb1219:2452533] [24] /p/home/jusers/fischill1/juwels/ippl/build_fin/alpine/ElectrostaticPIF/LandauDampingPIF[0x425995]
[jwb1219:2452533] *** End of error message ***
[jwb0509:3777550] [ 0] /usr/lib64/libc.so.6(+0x3fc30)[0x148eec5efc30]
[jwb0509:3777550] [ 1] /usr/lib64/libc.so.6(+0x8d02c)[0x148eec63d02c]
[jwb0509:3777550] [ 2] /usr/lib64/libc.so.6(raise+0x16)[0x148eec5efb86]
[jwb0509:3777550] [ 3] /usr/lib64/libc.so.6(abort+0xd3)[0x148eec5d9873]
[jwb0509:3777550] [ 4] /p/software/default/stages/2026/software/GCCcore/14.3.0/lib64/libstdc++.so.6(+0xadc3d)[0x148eec894c3d]
[jwb0509:3777550] [ 5] /p/software/default/stages/2026/software/GCCcore/14.3.0/lib64/libstdc++.so.6(+0xbf14a)[0x148eec8a614a]
[jwb0509:3777550] [ 6] /p/software/default/stages/2026/software/GCCcore/14.3.0/lib64/libstdc++.so.6(_ZSt10unexpectedv+0x0)[0x148eec8947e9]
[jwb0509:3777550] [ 7] /p/software/default/stages/2026/software/GCCcore/14.3.0/lib64/libstdc++.so.6(+0xbf3c7)[0x148eec8a63c7]
[jwb0509:3777550] [ 8] /p/home/jusers/fischill1/juwels/ippl/build_fin/_deps/kokkos-build/core/src/libkokkoscore.so.5.0(_ZN6Kokkos4Impl15throw_bad_allocESt17basic_string_viewIcSt11char_traitsIcEEmS4_+0x115)[0x148eecd34e05]
[jwb0509:3777550] [ 9] /pterminate called after throwing an instance of 'std::runtime_error'
  what():  Kokkos ERROR: Cuda memory space failed to allocate 601.7 MiB (label="perm_out").
terminate called after throwing an instance of 'std::runtime_error'
  what():  Kokkos ERROR: Cuda memory space failed to allocate 625.4 MiB (label="perm_out").
/home/jusers/fischill1/juwels/ippl/build_fin/_deps/kokkos-build/core/src/libkokkoscore.so.5.0(_ZNK6Kokkos9CudaSpace13impl_allocateEPKcmm28Kokkos_Profiling_SpaceHandle+0x219)[0x148eecd47319]
[jwb0509:3777550] [10] /p/home/jusers/fischill1/juwels/ippl/build_fin/_deps/kokkos-build/core/src/libkokkoscore.so.5.0(_ZNK6Kokkos9CudaSpace8allocateEPKcmm+0x65)[0x148eecd47395]
[jwb0509:3777550] [11] /p/home/jusers/fischill1/juwels/ippl/build_fin/_deps/kokkos-build/core/src/libkokkoscore.so.5.0(_ZN6Kokkos4Impl44HostInaccessibleSharedAllocationRecordCommonINS_9CudaSpaceEEC2ERKS2_RKNSt7__cxx1112basic_stringIcSt11char_traitsIcESaIcEEEmPFvPNS0_22SharedAllocationRecordIvvEEE+0x30)[0x148eecd49260]
[jwb0509:3777550] [12] /p/home/jusers/fischill1/juwels/ippl/build_fin/alpine/ElectrostaticPIF/LandauDampingPIF[0x49cd3a]
[jwb0509:3777550] [13] /p/home/jusers/fischill1/juwels/ippl/build_fin/alpine/ElectrostaticPIF/LandauDampingPIF[0x4d0480]
[jwb0503:2186494] *** Process received signal ***
[jwb0503:2186494] Signal: Aborted (6)
[jwb0503:2186494] Signal code:  (-6)
[jwb0488:1024094] *** Process received signal ***
[jwb0488:1024094] Signal: Aborted (6)
[jwb0488:1024094] Signal code:  (-6)
[jwb0509:3777550] [14] /p/home/jusers/fischill1/juwels/ippl/build_fin/alpine/ElectrostaticPIF/LandauDampingPIF[0x4e81cb]
[jwb0509:3777550] [15] /p/home/jusers/fischill1/juwels/ippl/build_fin/alpine/ElectrostaticPIF/LandauDampingPIF[0x5bee4d]
[jwb0509:3777550] [16] /p/home/jusers/fischill1/juwels/ippl/build_fin/alpine/ElectrostaticPIF/LandauDampingPIF[0x6093a7]
[jwb0509:3777550] [17] /p/home/jusers/fischill1/juwels/ippl/build_fin/alpine/ElectrostaticPIF/LandauDampingPIF[0x6095b5]
[jwb0509:3777550] [18] /p/home/jusers/fischill1/juwels/ippl/build_fin/alpine/ElectrostaticPIF/LandauDampingPIF[0x60c8d1]
[jwb0509:3777550] [19] /p/home/jusers/fischill1/juwels/ippl/build_fin/alpine/ElectrostaticPIF/LandauDampingPIF[0x60d25b]
[jwb0509:3777550] [20] /p/home/jusers/fischill1/juwels/ippl/build_fin/alpine/ElectrostaticPIF/LandauDampingPIF[0x423759]
[jwb0509:3777550] [21] /usr/lib64/libc.so.6(+0x2a610)[0x148eec5da610]
[jwb0509:3777550] [22] /usr/lib64/libc.so.6(__libc_start_main+0x80)[0x148eec5da6c0]
[jwb0509:3777550] [23] /p/home/jusers/fischill1/juwels/ippl/build_fin/alpine/ElectrostaticPIF/LandauDampingPIF[0x425995]
[jwb0509:3777550] *** End of error message ***
terminate called after throwing an instance of 'std::runtime_error'
  what():  Kokkos ERROR: Cuda memory space failed to allocate 625.2 MiB (label="perm_out").
[jwb0503:2186494] [ 0] /usr/lib64/libc.so.6(+0x3fc30)[0x14c1679cfc30]
[jwb0503:2186494] [ 1] /usr/lib64/libc.so.6(+0x8d02c)[0x14c167a1d02c]
[jwb0503:2186494] [ 2] /usr/lib64/libc.so.6(raise+0x16)[0x14c1679cfb86]
[jwb0503:2186494] [ 3] /usr/lib64/libc.so.6(abort+0xd3)[0x14c1679b9873]
[jwb0503:2186494] [ 4] /p/software/default/stages/2026/software/GCCcore/14.3.0/lib64/libstdc++.so.6(+0xadc3d)[0x14c167c74c3d]
[jwb0503:2186494] [ 5] /p/software/default/stages/2026/software/GCCcore/14.3.0/lib64/libstdc++.so.6(+0xbf14a)[0x14c167c8614a]
[jwb0503:2186494] [ 6] /p/software/default/stages/2026/software/GCCcore/14.3.0/lib64/libstdc++.so.6(_ZSt10unexpectedv+0x0)[0x14c167c747e9]
[jwb0503:2186494] [ 7] /p/software/default/stages/2026/software/GCCcore/14.3.0/lib64/libstdc++.so.6(+0xbf3c7)[0x14c167c863c7]
[jwb0503:2186494] [ 8] /p/home/jusers/fischill1/juwels/ippl/build_fin/_deps/kokkos-build/core/src/libkokkoscore.so.5.0(_ZN6Kokkos4Impl15throw_bad_allocESt17basic_string_viewIcSt11char_traitsIcEEmS4_+0x115)[0x14c168114e05]
[jwb0503:2186494] [ 9] /p[jwb0488:1024094] [ 0] /usr/lib64/libc.so.6(+0x3fc30)[0x15370ad21c30]
[jwb0488:1024094] [ 1] /usr/lib64/libc.so.6(+0x8d02c)[0x15370ad6f02c]
[jwb0488:1024094] [ 2] /usr/lib64/libc.so.6(raise+0x16)[0x15370ad21b86]
[jwb0488:1024094] [ 3] /usr/lib64/libc.so.6(abort+0xd3)[0x15370ad0b873]
[jwb0488:1024094] [ 4] /p/software/default/stages/2026/software/GCCcore/14.3.0/lib64/libstdc++.so.6(+0xadc3d)[0x15370afc6c3d]
[jwb0488:1024094] [ 5] /p/software/default/stages/2026/software/GCCcore/14.3.0/lib64/libstdc++.so.6(+0xbf14a)[0x15370afd814a]
[jwb0488:1024094] [ 6] /p/software/default/stages/2026/software/GCCcore/14.3.0/lib64/libstdc++.so.6(_ZSt10unexpectedv+0x0)[0x15370afc67e9]
[jwb0488:1024094] [ 7] /p/software/default/stages/2026/software/GCCcore/14.3.0/lib64/libstdc++.so.6(+0xbf3c7)[0x15370afd83c7]
[jwb0488:1024094] [ 8] /p/home/jusers/fischill1/juwels/ippl/build_fin/_deps/kokkos-build/core/src/libkokkoscore.so.5.0(_ZN6Kokkos4Impl15throw_bad_allocESt17basic_string_viewIcSt11char_traitsIcEEmS4_+0x115)[0x15370b466e05]
[jwb1222:2772431] *** Process received signal ***
/home/jusers/fischill1/juwels/ippl/build_fin/_deps/kokkos-build/core/src/libkokkoscore.so.5.0(_ZNK6Kokkos9CudaSpace13impl_allocateEPKcmm28Kokkos_Profiling_SpaceHandle+0x219)[0x14c168127319]
[jwb0503:2186494] [10] /p/home/jusers/fischill1/juwels/ippl/build_fin/_deps/kokkos-build/core/src/libkokkoscore.so.5.0(_ZNK6Kokkos9CudaSpace8allocateEPKcmm+0x65)[0x14c168127395]
[jwb0503:2186494] [11] /p/home/jusers/fischill1/juwels/ippl/build_fin/_deps/kokkos-build/core/src/libkokkoscore.so.5.0(_ZN6Kokkos4Impl44HostInaccessibleSharedAllocationRecordCommonINS_9CudaSpaceEEC2ERKS2_RKNSt7__cxx1112basic_stringIcSt11char_traitsIcESaIcEEEmPFvPNS0_22SharedAllocationRecordIvvEEE+0x30)[0x14c168129260]
[jwb0503:2186494] [12] /p/home/jusers/fischill1/juwels/ippl/build_fin/alpine/ElectrostaticPIF/LandauDampingPIF[0x4aa864]
[jwb0503:2186494] [13] /p/home/jusers/fischill1/juwels/ippl/build_fin/alpine/ElectrostaticPIF/LandauDampingPIF[0x4aaf61]
[jwb0488:1024094] [ 9] /p[jwb1222:2772431] Signal: Aborted (6)
[jwb1222:2772431] Signal code:  (-6)
terminate called after throwing an instance of 'std::runtime_error'
  what():  Kokkos ERROR: Cuda memory space failed to allocate 602 MiB (label="perm_out").
[jwb0503:2186494] [14] /p/home/jusers/fischill1/juwels/ippl/build_fin/alpine/ElectrostaticPIF/LandauDampingPIF[0x4cf90/home/jusers/fischill1/juwels/ippl/build_fin/_deps/kokkos-build/core/src/libkokkoscore.so.5.0(_ZNK6Kokkos9CudaSpace13impl_allocateEPKcmm28Kokkos_Profiling_SpaceHandle+0x219)[0x15370b479319]
[jwb0488:1024094] [10] /p/home/jusers/fischill1/juwels/ippl/build_fin/_deps/kokkos-build/core/src/libkokkoscore.so.5.0(_ZNK6Kokkos9CudaSpace8allocateEPKcmm+0x65)[0x15370b479395]
[jwb0488:1024094] [11] /p/home/jusers/fischill1/juwels/ippl/build_fin/_deps/kokkos-build/core/src/libkokkoscore.so.5.0(_ZN6Kokkos4Impl44HostInaccessibleSharedAllocationRecordCommonINS_9CudaSpaceEEC2ERKS2_RKNSt7__cxx1112basic_stringIcSt11char_traitsIcESaIcEEEmPFvPNS0_22SharedAllocationRecordIvvEEE+0x30)[0x15370b47b260]
[jwb0488:1024094] [12] /p/home/jusers/fischill1/juwels/ippl/build_fin/alpine/ElectrostaticPIF/LandauDampingPIF[0x4aa864]
[jwb0488:1024094] [13] /p/home/jusers/fischill1/juwels/ippl/build_fin/alpine/ElectrostaticPIF/LandauDampingPIF[0x4aaf61]
7]
[jwb0503:2186494] [15] /p/home/jusers/fischill1/juwels/ippl/build_fin/alpine/ElectrostaticPIF/LandauDampingPIF[0x4e81cb]
[jwb0503:2186494] [16] /p/home/jusers/fischill1/juwels/ippl/build_fin/alpine/ElectrostaticPIF/LandauDampingPIF[0x5bee4d]
[jwb0503:2186494] [17] /p/home/jusers/fischill1/juwels/ippl/build_fin/alpine/ElectrostaticPIF/LandauDampingPIF[0x6093a7]
[jwb0503:2186494] [18] /p/home/jusers/fischill1/juwels/ippl/build_fin/alpine/ElectrostaticPIF/LandauDampingPIF[0x6095b5]
[jwb0488:1024094] [14] /p/home/jusers/fischill1/juwels/ippl/build_fin/alpine/ElectrostaticPIF/LandauDampingPIF[0x4cf90[jwb1222:2772431] [ 0] /usr/lib64/libc.so.6(+0x3fc30)[0x154d27fbac30]
[jwb1222:2772431] [ 1] /usr/lib64/libc.so.6(+0x8d02c)[0x154d2800802c]
[jwb1222:2772431] [ 2] /usr/lib64/libc.so.6(raise+0x16)[0x154d27fbab86]
[jwb0503:2186494] [19] /p/home/jusers/fischill1/juwels/ippl/build_fin/alpine/ElectrostaticPIF/LandauDampingPIF[0x60c8d1]
[jwb0503:2186494] [20] /p/home/jusers/fischill1/juwels/ippl/build_fin/alpine/ElectrostaticPIF/LandauDampingPIF[0x60d25b]
[jwb0503:2186494] [21] /p/home/jusers/fischill1/juwels/ippl/build_fin/alpine/ElectrostaticPIF/LandauDampingPIF[0x423759]
[jwb0503:2186494] [22] /usr/lib64/libc.so.6(+0x2a610)[0x14c1679ba610]
[jwb0503:2186494] [23] /usr/lib64/libc.so.6(__libc_start_main+0x80)[0x14c1679ba6c0]
[jwb0503:2186494] [24] /p/home/jusers/fischill1/juwels/ippl/build_fin/alpine/ElectrostaticPIF/LandauDampingPIF[0x425995]
[jwb0503:2186494] *** End of error message ***
7]
[jwb0488:1024094] [15] /p/home/jusers/fischill1/juwels/ippl/build_fin/alpine/ElectrostaticPIF/LandauDampingPIF[0x4e81cb]
[jwb0488:1024094] [16] /p/home/jusers/fischill1/juwels/ippl/build_fin/alpine/ElectrostaticPIF/LandauDampingPIF[0x5bee4d]
[jwb0488:1024094] [17] /p/home/jusers/fischill1/juwels/ippl/build_fin/alpine/ElectrostaticPIF/LandauDampingPIF[0x6093a7]
[jwb0488:1024094] [18] /p/home/jusers/fischill1/juwels/ippl/build_fin/alpine/ElectrostaticPIF/LandauDampingPIF[0x6095b5]
[jwb0488:1024094] [19] /p/home/jusers/fischill1/juwels/ippl/build_fin/alpine/ElectrostaticPIF/LandauDampingPIF[0x60c8d1]
[jwb0488:1024094] [20] /p/home/jusers/fischill1/juwels/ippl/build_fin/alpine/ElectrostaticPIF/LandauDampingPIF[0x60d25b]
[jwb0488:1024094] [21] /p/home/jusers/fischill1/juwels/ippl/build_fin/alpine/ElectrostaticPIF/LandauDampingPIF[0x423759]
[jwb0488:1024094] [22] /usr/lib64/libc.so.6(+0x2a610)[0x15370ad0c610]
[jwb0488:1024094] [23] /usr/lib64/libc.so.6(__libc_start_main+0x80)[0x15370ad0c6c0]
[jwb0488:1024094] [24] /p/home/jusers/fischill1/juwels/ippl/build_fin/alpine/ElectrostaticPIF/LandauDampingPIF[0x425995]
[jwb0488:1024094] *** End of error message ***
[jwb0288:4057035] *** Process received signal ***
terminate called after throwing an instance of 'std::runtime_error'
  what():  Kokkos ERROR: Cuda memory space failed to allocate 641.4 MiB (label="keys_out").
[jwb0288:4057035] Signal: Aborted (6)
[jwb0288:4057035] Signal code:  (-6)
[jwb1222:2772433] *** Process received signal ***
terminate called after throwing an instance of 'std::runtime_error'
  what():  Kokkos ERROR: Cuda memory space failed to allocate 602.2 MiB (label="perm_out").
[jwb1222:2772433] Signal: Aborted (6)
[jwb1222:2772433] Signal code:  (-6)
[jwb1224:2807741] *** Process received signal ***
[jwb1224:2807741] Signal: Aborted (6)
[jwb1224:2807741] Signal code:  (-6)
[jwb1222:2772431] [ 3] /usr/lib64/libc.so.6(abort+0xd3)[0x154d27fa4873]
[jwb1222:2772431] [ 4] /p/software/default/stages/2026/software/GCCcore/14.3.0/lib64/libstdc++.so.6(+0xadc3d)[0x154d2825fc3d]
[jwb1222:2772431] [ 5] /p/software/default/stages/2026/software/GCCcore/14.3.0/lib64/libstdc++.so.6(+0xbf14a)[0x154d2827114a]
[jwb1222:2772431] [ 6] /p/software/default/stages/2026/software/GCCcore/14.3.0/lib64/libstdc++.so.6(_ZSt10unexpectedv+0x0)[0x154d2825f7e9]
[jwb1222:2772431] [ 7] /p/software/default/stages/2026/software/GCCcore/14.3.0/lib64/libstdc++.so.6(+0xbf3c7)[0x154d282713c7]
[jwb1222:2772431] [ 8] /p/home/jusers/fischill1/juwels/ippl/build_fin/_deps/kokkos-build/core/src/libkokkoscore.so.5.0(_ZN6Kokkos4Impl15throw_bad_allocESt17basic_string_viewIcSt11char_traitsIcEEmS4_+0x115)[0x154d286ffe05]
[jwb0288:4057035] [ 0] /usr/lib64/libc.so.6(+0x3fc30)[0x14e18193cc30]
[jwb0288:4057035] [ 1] /usr/lib64/libc.so.6(+0x8d02c)[0x14e18198a02c]
[jwb0288:4057035] [ 2] /usr/lib64/libc.so.6(raise+0x16)[0x14e18193cb86]
[jwb0288:4057035] [ 3] /usr/lib64/libc.so.6(abort+0xd3)[0x14e181926873]
[jwb0288:4057035] [ 4] /p/software/default/stages/2026/software/GCCcore/14.3.0/lib64/libstdc++.so.6(+0xadc3d)[0x14e181be1c3d]
[jwb0288:4057035] [ 5] /p/software/default/stages/2026/software/GCCcore/14.3.0/lib64/libstdc++.so.6(+0xbf14a)[0x14e181bf314a]
[jwb0288:4057035] [ 6] /p/software/default/stages/2026/software/GCCcore/14.3.0/lib64/libstdc++.so.6(_ZSt10unexpectedv+0x0)[0x14e181be17e9]
[jwb0288:4057035] [ 7] /p/software/default/stages/2026/software/GCCcore/14.3.0/lib64/libstdc++.so.6(+0xbf3c7)[0x14e181bf33c7]
[jwb0288:4057035] [ 8] /p/home/jusers/fischill1/juwels/ippl/build_fin/_deps/kokkos-build/core/src/libkokkoscore.so.5.0(_ZN6Kokkos4Impl15throw_bad_allocESt17basic_string_viewIcSt11char_traitsIcEEmS4_+0x115)[0x14e182081e05]
terminate called after throwing an instance of 'std::runtime_error'
  what():  Kokkos ERROR: Cuda memory space failed to allocate 1.068 GiB (label="temp_storage").
[jwb0503:2186497] *** Process received signal ***
[jwb1222:2772431] [ 9] /p/home/jusers/fischill1/juwels/ippl/build_fin/_deps/kokkos-build/core/src/libkokkoscore.so.5.0(_ZNK6Kokkos9CudaSpace13impl_allocateEPKcmm28Kokkos_Profiling_SpaceHandle+0x219)[0x154d28712319]
[jwb1222:2772431] [10] /p/home/jusers/fischill1/juwels/ippl/build_fin/_deps/kokkos-build/core/src/libkokkoscore.so.5.0(_ZNK6Kokkos9CudaSpace8allocateEPKcmm+0x65)[0x154d28712395]
[jwb1222:2772431] [11] /p/home/jusers/fischill1/juwels/ippl/build_fin/_deps/kokkos-build/core/src/libkokkoscore.so.5.0(_ZN6Kokkos4Impl44HostInaccessibleSharedAllocationRecordCommonINS_9CudaSpaceEEC2ERKS2_RKNSt7__cxx1112basic_stringIcSt11char_traitsIcESaIcEEEmPFvPNS0_22SharedAllocationRecordIvvEEE+0x30)[0x154d28714260]
[jwb1222:2772431] [12] /p/home/jusers/fischill1/juwels/ippl/build_fin/alpine/ElectrostaticPIF/LandauDampingPIF[0x4aa864]
[jwb1222:2772431] [13] /p/home/jusers/fischill1/juwels/ippl/build_fin/alpine/ElectrostaticPIF/LandauDampingPIF[0x4aaf61]
[jwb1222:2772431] [14] /p/home/jusers/fischill1/juwels/ippl/build_fin/alpine/ElectrostaticPIF/LandauDampingPIF[0x4cf907]
[jwb1222:2772431] [15] /p/home/jusers/fischill1/juwels/ippl/build_fin/alpine/ElectrostaticPIF/LandauDampingPIF[0x4e81cb]
[jwb0503:2186497] Signal: Aborted (6)
[jwb0503:2186497] Signal code:  (-6)
[jwb1222:2772431] [16] /p/home/jusers/fischill1/juwels/ippl/build_fin/alpine/ElectrostaticPIF/LandauDampingPIF[0x5bee4d]
[jwb1222:2772431] [17] /p/home/jusers/fischill1/juwels/ippl/build_fin/alpine/ElectrostaticPIF/LandauDampingPIF[0x6093a7]
[jwb1222:2772431] [18] /p/home/jusers/fischill1/juwels/ippl/build_fin/alpine/ElectrostaticPIF/LandauDampingPIF[0x6095b5]
[jwb1222:2772431] [19] /p/home/jusers/fischill1/juwels/ippl/build_fin/alpine/ElectrostaticPIF/LandauDampingPIF[0x60c8d1]
[jwb1222:2772431] [20] /p/home/jusers/fischill1/juwels/ippl/build_fin/alpine/ElectrostaticPIF/LandauDampingPIF[0x60d25b]
[jwb1222:2772431] [21] /p/home/jusers/fischill1/juwels/ippl/build_fin/alpine/ElectrostaticPIF/LandauDampingPIF[0x423759]
[jwb1222:2772431] [22] /usr/lib64/libc.so.6(+0x2a610)[0x154d27fa5610]
[jwb1222:2772431] [23] /usr/lib64/libc.so.6(__libc_start_main+0x80)[0x154d27fa56c0]
[jwb1222:2772431] [24] /p/home/jusers/fischill1/juwels/ippl/build_fin/alpine/ElectrostaticPIF/LandauDampingPIF[0x425995]
[jwb1222:2772431] *** End of error message ***
[jwb0288:4057035] [ 9] /p/home/jusers/fischill1/juwels/ippl/build_fin/_deps/kokkos-build/core/src/libkokkoscore.so.5.0(_ZNK6Kokkos9CudaSpace13impl_allocateEPKcmm28Kokkos_Profiling_SpaceHandle+0x219)[0x14e182094319]
[jwb0288:4057035] [10] /p/home/jusers/fischill1/juwels/ippl/build_fin/_deps/kokkos-build/core/src/libkokkoscore.so.5.0(_ZNK6Kokkos9CudaSpace8allocateEPKcmm+0x65)[0x14e182094395]
terminate called after throwing an instance of 'std::runtime_error'
  what():  Kokkos ERROR: Cuda memory space failed to allocate 1.067 GiB (label="temp_storage").
[jwb0288:4057035] [11] /p/home/jusers/fischill1/juwels/ippl/build_fin/_deps/kokkos-build/core/src/libkokkoscore.so.5.0(_ZN6Kokkos4Impl44HostInaccessibleSharedAllocationRecordCommonINS_9CudaSpaceEEC2ERKS2_RKNSt7__cxx1112basic_stringIcSt11char_traitsIcESaIcEEEmPFvPNS0_22SharedAllocationRecordIvvEEE+0x30)[0x14e182096260]
[jwb0288:4057035] [12] /p/home/jusers/fischill1/juwels/ippl/build_fin/alpine/ElectrostaticPIF/LandauDampingPIF[0x4aa864]
[jwb0288:4057035] [13] /p/home/jusers/fischill1/juwels/ippl/build_fin/alpine/ElectrostaticPIF/LandauDampingPIF[0x4aaf61]
[jwb0288:4057035] [14] /p/home/jusers/fischill1/juwels/ippl/build_fin/alpine/ElectrostaticPIF/LandauDampingPIF[0x4cf907]
[jwb0288:4057035] [15] /p/home/jusers/fischill1/juwels/ippl/build_fin/alpine/ElectrostaticPIF/LandauDampingPIF[0x4e81cb]
[jwb0288:4057035] [16] /p/home/jusers/fischill1/juwels/ippl/build_fin/alpine/ElectrostaticPIF/LandauDampingPIF[0x5bee4d]
[jwb1224:2807744] *** Process received signal ***
[jwb1224:2807744] Signal: Aborted (6)
[jwb1224:2807744] Signal code:  (-6)
[jwb0288:4057035] [17] /p/home/jusers/fischill1/juwels/ippl/build_fin/alpine/ElectrostaticPIF/LandauDampingPIF[0x6093a7]
[j[jwb1224:2807741] [ 0] /usr/lib64/libc.so.6(+0x3fc30)[0x152aec831c30]
[jwb1224:2807741] [ 1] /usr/lib64/libc.so.6(+0x8d02c)[0x152aec87f02c]
[jwb1224:2807741] [ 2] /usr/lib64/libc.so.6(raise+0x16)[0x152aec831b86]
[jwb1224:2807741] [ 3] /usr/lib64/libc.so.6(abort+0xd3)[0x152aec81b873]
[jwb1224:2807741] [ 4] /p/software/default/stages/2026/software/GCCcore/14.3.0/lib64/libstdc++.so.6(+0xadc3d)[0x152aecad6c3d]
[jwb1224:2807741] [ 5] /p/software/default/stages/2026/software/GCCcore/14.3.0/lib64/libstdc++.so.6(+0xbf14a)[0x152aecae814a]
[jwb1224:2807741] [ 6] /p/software/default/stages/2026/software/GCCcore/14.3.0/lib64/libstdc++.so.6(_ZSt10unexpectedv+0x0)[0x152aecad67e9]
[jwb1224:2807741] [ 7] /p/software/default/stages/2026/software/GCCcore/14.3.0/lib64/libstdc++.so.6(+0xbf3c7)[0x152aecae83c7]
[jwb1224:2807741] [ 8] /p/home/jusers/fischill1/juwels/ippl/build_fin/_deps/kokkos-build/core/src/libkokkoscore.so.5.0(_ZN6Kokkos4Impl15throw_bad_allocESt17basic_string_viewIcSt11char_traitsIcEEmS4_+0x115)[0x152aecf76e05]
[jwb1222:2772433] [ 0] /usr/lib64/libc.so.6(+0x3fc30)[0x14b326cb9c30]
[jwb1222:2772433] [ 1] /usr/lib64/libc.so.6(+0x8d02c)[0x14b326d0702c]
[jwb1222:2772433] [ 2] /usr/lib64/libc.so.6(raise+0x16)[0x14b326cb9b86]
[jwb1222:2772433] [ 3] /usr/lib64/libc.so.6(abort+0xd3)[0x14b326ca3873]
[jwb1222:2772433] [ 4] /p/software/default/stages/2026/software/GCCcore/14.3.0/lib64/libstdc++.so.6(+0xadc3d)[0x14b326f5ec3d]
[jwb1222:2772433] [ 5] /p/software/default/stages/2026/software/GCCcore/14.3.0/lib64/libstdc++.so.6(+0xbf14a)[0x14b326f7014a]
[jwb1222:2772433] [ 6] /p/software/default/stages/2026/software/GCCcore/14.3.0/lib64/libstdc++.so.6(_ZSt10unexpectedv+0x0)[0x14b326f5e7e9]
[jwb1222:2772433] [ 7] /p/software/default/stages/2026/software/GCCcore/14.3.0/lib64/libstdc++.so.6(+0xbf3c7)[0x14b326f703c7]
[jwb1222:2772433] [ 8] /p/home/jusers/fischill1/juwels/ippl/build_fin/_deps/kokkos-build/core/src/libkokkoscore.so.5.0(_ZN6Kokkos4Impl15throw_bad_allocESt17basic_string_viewIcSt11char_traitsIcEEmS4_+0x115)[0x14b3273fee05]
[jwb1224:2807741] [ 9] /p[jwb1222:2772433] [ 9] /pwb0288:4057035] [18] /p/home/jusers/fischill1/juwels/ippl/build_fin/alpine/ElectrostaticPIF/LandauDampingPIF[0x6095b5]
[jwb0288:4057035] [19] /p/home/jusers/fischill1/juwels/ippl/build_fin/alpine/ElectrostaticPIF/LandauDampingPIF[0x60c8d1]
[jwb0288:4057035] [20] /p/home/jusers/fischill1/juwels/ippl/build_fin/alpine/ElectrostaticPIF/LandauDampingPIF[0x60d25b]
[jwb0288:4057035] [21] /p/home/jusers/fischill1/juwels/ippl/build_fin/alpine/ElectrostaticPIF/LandauDampingPIF[0x423759]
[jwb0288:4057035] [22] /usr/lib64/libc.so.6(+0x2a610)[0x14e181927610]
[jwb0288:4057035] [23] /usr/lib64/libc.so.6(__libc_start_main+0x80)[0x14e1819276c0]
[jwb0288:4057035] [24] /p/home/jusers/fischill1/juwels/ippl/build_fin/alpine/ElectrostaticPIF/LandauDampingPIF[0x425995]
[jwb0288:4057035] *** End of error message ***
[jwb0503:2186497] [ 0] /usr/lib64/libc.so.6(+0x3fc30)[0x14d2c20aec30]
[jwb0503:2186497] [ 1] /usr/lib64/libc.so.6(+0x8d02c)[0x14d2c20fc02c]
[jwb0503:2186497] [ 2] /usr/lib64/libc.so.6(raise+0x16)[0x14d2c20aeb86]
[jwb0503:2186497] [ 3] /usr/lib64/libc.so.6(abort+0xd3)[0x14d2c2098873]
[jwb0503:2186497] [ 4] /p/software/default/stages/2026/software/GCCcore/14.3.0/lib64/libstdc++.so.6(+0xadc3d)[0x14d2c2353c3d]
[jwb0503:2186497] [ 5] /p/software/default/stages/2026/software/GCCcore/14.3.0/lib64/libstdc++.so.6(+0xbf14a)[0x14d2c236514a]
[jwb0503:2186497] [ 6] /p/software/default/stages/2026/software/GCCcore/14.3.0/lib64/libstdc++.so.6(_ZSt10unexpectedv+0x0)[0x14d2c23537e9]
[jwb0503:2186497] [ 7] /p/software/default/stages/2026/software/GCCcore/14.3.0/lib64/libstdc++.so.6(+0xbf3c7)[0x14d2c23653c7]
[jwb0503:2186497] [ 8] /p/home/jusers/fischill1/juwels/ippl/build_fin/_deps/kokkos-build/core/src/libkokkoscore.so.5.0(_ZN6Kokkos4Impl15throw_bad_allocESt17basic_string_viewIcSt11char_traitsIcEEmS4_+0x115)[0x14d2c27f3e05]
/home/jusers/fischill1/juwels/ippl/build_fin/_deps/kokkos-build/core/src/libkokkoscore.so.5.0(_ZNK6Kokkos9CudaSpace13impl_allocateEPKcmm28Kokkos_Profiling_SpaceHandle+0x219)[0x14b327411319]
[jwb1222:2772433] [10] /p/home/jusers/fischill1/juwels/ippl/build_fin/_deps/kokkos-build/core/src/libkokkoscore.so.5.0(_ZNK6Kokkos9CudaSpace8allocateEPKcmm+0x65)[0x14b327411395]
[jwb1222:2772433] [11] /p/home/jusers/fischill1/juwels/ippl/build_fin/_deps/kokkos-build/core/src/libkokkoscore.so.5.0(_ZN6Kokkos4Impl44HostInaccessibleSharedAllocationRecordCommonINS_9CudaSpaceEEC2ERKS2_RKNSt7__cxx1112basic_stringIcSt11char_traitsIcESaIcEEEmPFvPNS0_22SharedAllocationRecordIvvEEE+0x30)[0x14b327413260]
[jwb1222:2772433] [12] /p/home/jusers/fischill1/juwels/ippl/build_fin/alpine/ElectrostaticPIF/LandauDampingPIF[0x4aa864]
[jwb1222:2772433] [13] /p/home/jusers/fischill1/juwels/ippl/build_fin/alpine/ElectrostaticPIF/LandauDampingPIF[0x4aae5e]
/home/jusers/fischill1/juwels/ippl/build_fin/_deps/kokkos-build/core/src/libkokkoscore.so.5.0(_ZNK6Kokkos9CudaSpace13impl_allocateEPKcmm28Kokkos_Profiling_SpaceHandle+0x219)[0x152aecf89319]
[jwb1224:2807741] [10] /p/home/jusers/fischill1/juwels/ippl/build_fin/_deps/kokkos-build/core/src/libkokkoscore.so.5.0(_ZNK6Kokkos9CudaSpace8allocateEPKcmm+0x65)[0x152aecf89395]
[jwb1224:2807741] [11] /p/home/jusers/fischill1/juwels/ippl/build_fin/_deps/kokkos-build/core/src/libkokkoscore.so.5.0(_ZN6Kokkos4Impl44HostInaccessibleSharedAllocationRecordCommonINS_9CudaSpaceEEC2ERKS2_RKNSt7__cxx1112basic_stringIcSt11char_traitsIcESaIcEEEmPFvPNS0_22SharedAllocationRecordIvvEEE+0x30)[0x152aecf8b260]
[jwb1224:2807741] [12] /p/home/jusers/fischill1/juwels/ippl/build_fin/alpine/ElectrostaticPIF/LandauDampingPIF[0x4aa864]
[jwb1224:2807741] [13] /p/home/jusers/fischill1/juwels/ippl/build_fin/alpine/ElectrostaticPIF/LandauDampingPIF[0x4aaf61]
[jwb0503:2186497] [ 9] /p[jwb1222:2772433] [14] /p/home/jusers/fischill1/juwels/ippl/build_fin/alpine/ElectrostaticPIF/LandauDampingPIF[0x4cf90[jwb1224:2807741] [14] /p/home/jusers/fischill1/juwels/ippl/build_fin/alpine/ElectrostaticPIF/LandauDampingPIF[0x4cf90/home/jusers/fischill1/juwels/ippl/build_fin/_deps/kokkos-build/core/src/libkokkoscore.so.5.0(_ZNK6Kokkos9CudaSpace13impl_allocateEPKcmm28Kokkos_Profiling_SpaceHandle+0x219)[0x14d2c2806319]
[jwb0503:2186497] [10] /p/home/jusers/fischill1/juwels/ippl/build_fin/_deps/kokkos-build/core/src/libkokkoscore.so.5.0(_ZNK6Kokkos9CudaSpace8allocateEPKcmm+0x65)[0x14d2c2806395]
[jwb0503:2186497] [11] /p/home/jusers/fischill1/juwels/ippl/build_fin/_deps/kokkos-build/core/src/libkokkoscore.so.5.0(_ZN6Kokkos4Impl44HostInaccessibleSharedAllocationRecordCommonINS_9CudaSpaceEEC2ERKS2_RKNSt7__cxx1112basic_stringIcSt11char_traitsIcESaIcEEEmPFvPNS0_22SharedAllocationRecordIvvEEE+0x30)[0x14d2c2808260]
[jwb0503:2186497] [12] /p/home/jusers/fischill1/juwels/ippl/build_fin/alpine/ElectrostaticPIF/LandauDampingPIF[0x49cd3a]
[jwb0503:2186497] [13] /p/home/jusers/fischill1/juwels/ippl/build_fin/alpine/ElectrostaticPIF/LandauDampingPIF[0x4d0480]
7]
[jwb1222:2772433] [15] /p/home/jusers/fischill1/juwels/ippl/build_fin/alpine/ElectrostaticPIF/LandauDampingPIF[0x4e81cb]
[jwb1222:2772433] [16] /p/home/jusers/fischill1/juwels/ippl/build_fin/alpine/ElectrostaticPIF/LandauDampingPIF[0x5bee4d]
[jwb1222:2772433] [17] /p/home/jusers/fischill1/juwels/ippl/build_fin/alpine/ElectrostaticPIF/LandauDampingPIF[0x6093a7]
[jwb1222:2772433] [18] /p/home/jusers/fischill1/juwels/ippl/build_fin/alpine/ElectrostaticPIF/LandauDampingPIF[0x6095b5]
[jwb1222:2772433] [19] /p/home/jusers/fischill1/juwels/ippl/build_fin/alpine/ElectrostaticPIF/LandauDampingPIF[0x60c8d1]
[jwb1222:2772433] [20] /p/home/jusers/fischill1/juwels/ippl/build_fin/alpine/ElectrostaticPIF/LandauDampingPIF[0x60d25b]
[jwb1222:2772433] [21] /p/home/jusers/fischill1/juwels/ippl/build_fin/alpine/ElectrostaticPIF/LandauDampingPIF[0x423759]
[jwb1222:2772433] [22] /usr/lib64/libc.so.6(+0x2a610)[0x14b326ca4610]
[jwb1222:2772433] [23] /usr/lib64/libc.so.6(__libc_start_main+0x80)[0x14b326ca46c0]
7]
[jwb1224:2807741] [15] /p/home/jusers/fischill1/juwels/ippl/build_fin/alpine/ElectrostaticPIF/LandauDampingPIF[0x4e81cb]
[jwb1224:2807741] [16] /p/home/jusers/fischill1/juwels/ippl/build_fin/alpine/ElectrostaticPIF/LandauDampingPIF[0x5bee4d]
[jwb1224:2807741] [17] /p/home/jusers/fischill1/juwels/ippl/build_fin/alpine/ElectrostaticPIF/LandauDampingPIF[0x6093a7]
[jwb1224:2807741] [18] /p/home/jusers/fischill1/juwels/ippl/build_fin/alpine/ElectrostaticPIF/LandauDampingPIF[0x6095b5]
[jwb0503:2186497] [14] /p/home/jusers/fischill1/juwels/ippl/build_fin/alpine/ElectrostaticPIF/LandauDampingPIF[0x4e81c[jwb1222:2772433] [24] /p/home/jusers/fischi[jwb1224:2807741] [19] /p/home/jusers/fischill1/juwels/ippl/build_fin/alpine/ElectrostaticPIF/LandauDampingPIF[0x60c8d1]
[jwb1224:2807741] [20] /p/home/jusers/fischill1/juwels/ippl/build_fin/alpine/ElectrostaticPIF/LandauDampingPIF[0x60d25b]
[jwb1224:2807741] [21] /p/home/jusers/fischill1/juwels/ippl/build_fin/alpine/ElectrostaticPIF/LandauDampingPIF[0x423759]
[jwb1224:2807741] [22] /usr/lib64/libc.so.6(+0x2a610)[0x152aec81c610]
[jwb1224:2807741] [23] /usr/lib64/libc.so.6(__libc_start_main+0x80)[0x152aec81c6c0]
[jwb1224:2807741] [24] /p/home/jusers/fischill1/juwels/ippl/build_fin/alpine/ElectrostaticPIF/LandauDampingPIF[0x425995]
[jwb1224:2807741] *** End of error message ***
b]
[jwb0503:2186497] [15] /p/home/jusers/fischill1/juwels/ippl/build_fin/alpine/ElectrostaticPIF/LandauDampingPIF[0x5bee4d]
[jwb0503:2186497] [16] /p/home/jusers/fischill1/juwels/ippl/build_fin/alpine/ElectrostaticPIF/LandauDampingPIF[0x6093a7]
[jwb0503:2186497] [17] /p/home/jusers/fischill1/juwels/ippl/build_fin/alpine/ElectrostaticPIF/LandauDampingPIF[0x6095b5]
[jwb0503:2186497] [18] /p/home/jusers/fischill1/juwels/ippl/build_fin/alpine/ElectrostaticPIF/LandauDampingPIF[0x60c8d1]
[jwb0503:2186497] [19] /p/home/jusers/fischill1/juwels/ippl/build_fin/alpine/ElectrostaticPIF/LandauDampingPIF[0x60d25b]
ll1/juwels/ippl/build_fin/alpine/ElectrostaticPIF/LandauDampingPIF[0x425995]
[jwb1222:2772433] *** End of error message ***
[jwb0503:2186497] [20] /p/home/jusers/fischill1/juwels/ippl/build_fin/alpine/ElectrostaticPIF/LandauDampingPIF[0x423759]
[jwb0503:2186497] [21] /usr/lib64/libc.so.6(+0x2a610)[0x14d2c2099610]
[jwb0503:2186497] [22] /usr/lib64/libc.so.6(__libc_start_main+0x80)[0x14d2c20996c0]
[jwb0503:2186497] [23] /p/home/jusers/fischill1/juwels/ippl/build_fin/alpine/ElectrostaticPIF/LandauDampingPIF[0x425995]
[jwb0503:2186497] *** End of error message ***
[jwb1224:2807744] [ 0] /usr/lib64/libc.so.6(+0x3fc30)[0x14f65b4e9c30]
[jwb1224:2807744] [ 1] /usr/lib64/libc.so.6(+0x8d02c)[0x14f65b53702c]
[jwb1224:2807744] [ 2] /usr/lib64/libc.so.6(raise+0x16)[0x14f65b4e9b86]
[jwb1224:2807744] [ 3] /usr/lib64/libc.so.6(abort+0xd3)[0x14f65b4d3873]
[jwb1224:2807744] [ 4] /p/software/default/stages/2026/software/GCCcore/14.3.0/lib64/libstdc++.so.6(+0xadc3d)[0x14f65b78ec3d]
[jwb1224:2807744] [ 5] /p/software/default/stages/2026/software/GCCcore/14.3.0/lib64/libstdc++.so.6(+0xbf14a)[0x14f65b7a014a]
[jwb1224:2807744] [ 6] /p/software/default/stages/2026/software/GCCcore/14.3.0/lib64/libstdc++.so.6(_ZSt10unexpectedv+0x0)[0x14f65b78e7e9]
[jwb1224:2807744] [ 7] /p/software/default/stages/2026/software/GCCcore/14.3.0/lib64/libstdc++.so.6(+0xbf3c7)[0x14f65b7a03c7]
[jwb1224:2807744] [ 8] /p/home/jusers/fischill1/juwels/ippl/build_fin/_deps/kokkos-build/core/src/libkokkoscore.so.5.0(_ZN6Kokkos4Impl15throw_bad_allocESt17basic_string_viewIcSt11char_traitsIcEEmS4_+0x115)[0x14f65bc2ee05]
terminate called after throwing an instance of 'std::runtime_error'
  what():  Kokkos ERROR: Cuda memory space failed to allocate 625.3 MiB (label="perm_out").
[jwb1224:2807744] [ 9] /p[jwb0503:2186496] *** Process received signal ***
[jwb0503:2186496] Signal: Aborted (6)
[jwb0503:2186496] Signal code:  (-6)
/home/jusers/fischill1/juwels/ippl/build_fin/_deps/kokkos-build/core/src/libkokkoscore.so.5.0(_ZNK6Kokkos9CudaSpace13impl_allocateEPKcmm28Kokkos_Profiling_SpaceHandle+0x219)[0x14f65bc41319]
[jwb1224:2807744] [10] /p/home/jusers/fischill1/juwels/ippl/build_fin/_deps/kokkos-build/core/src/libkokkoscore.so.5.0(_ZNK6Kokkos9CudaSpace8allocateEPKcmm+0x65)[0x14f65bc41395]
[jwb1224:2807744] [11] /p/home/jusers/fischill1/juwels/ippl/build_fin/_deps/kokkos-build/core/src/libkokkoscore.so.5.0(_ZN6Kokkos4Impl44HostInaccessibleSharedAllocationRecordCommonINS_9CudaSpaceEEC2ERKS2_RKNSt7__cxx1112basic_stringIcSt11char_traitsIcESaIcEEEmPFvPNS0_22SharedAllocationRecordIvvEEE+0x30)[0x14f65bc43260]
[jwb1224:2807744] [12] /p/home/jusers/fischill1/juwels/ippl/build_fin/alpine/ElectrostaticPIF/LandauDampingPIF[0x49cd3a]
[jwb1224:2807744] [13] /p/home/jusers/fischill1/juwels/ippl/build_fin/alpine/ElectrostaticPIF/LandauDampingPIF[0x4d0480]
[jwb0503:2186496] [ 0] /usr/lib64/libc.so.6(+0x3fc30)[0x14991b555c30]
[jwb1224:2807744] [14] /p/home/jusers/fischill1/juwels/ippl/build_fin/alpine/ElectrostaticPIF/LandauDampingPIF[0x4e81cb]
[jwb1224:2807744] [15] /p/home/jusers/fischill1/juwels/ippl/build_fin/alpine/ElectrostaticPIF/LandauDampingPIF[0x5bee4d]
[jwb1224:2807744] [16] /p/home/jusers/fischill1/juwels/ippl/build_fin/alpine/ElectrostaticPIF/LandauDampingPIF[0x6093a7]
[jwb1224:2807744] [17] /p/home/jusers/fischill1/juwels/ippl/build_fin/alpine/ElectrostaticPIF/LandauDampingPIF[0x6095b5]
[jwb1224:2807744] [18] /p/home/jusers/fischill1/juwels/ippl/build_fin/alpine/ElectrostaticPIF/LandauDampingPIF[0x60c8d1]
[jwb1224:2807744] [19] /p/home/jusers/fischill1/juwels/ippl/build_fin/alpine/ElectrostaticPIF/LandauDampingPIF[0x60d25b]
[jwb1224:2807744] [20] /p/home/jusers/fischill1/juwels/ippl/build_fin/alpine/ElectrostaticPIF/LandauDampingPIF[0x423759]
[jwb1224:2807744] [21] /usr/lib64/libc.so.6(+0x2a610)[0x14f65b4d4610]
[jwb1224:2807744] [22] /usr/lib64/libc.so.6(__libc_start_main+0x80)[0x14f65b4d46c0]
[jwb1224:2807744] [23] /p/home/jusers/fischill1/juwels/ippl/build_fin/alpine/ElectrostaticPIF/LandauDampingPIF[0x425995]
[jwb1224:2807744] *** End of error message ***
[jwb0503:2186496] [ 1] /usr/lib64/libc.so.6(+0x8d02c)[0x14991b5a302c]
[jwb0503:2186496] [ 2] /usr/lib64/libc.so.6(raise+0x16)[0x14991b555b86]
[jwb0503:2186496] [ 3] /usr/lib64/libc.so.6(abort+0xd3)[0x14991b53f873]
[jwb0503:2186496] [ 4] /p/software/default/stages/2026/software/GCCcore/14.3.0/lib64/libstdc++.so.6(+0xadc3d)[0x14991b7fac3d]
[jwb0503:2186496] [ 5] /p/software/default/stages/2026/software/GCCcore/14.3.0/lib64/libstdc++.so.6(+0xbf14a)[0x14991b80c14a]
[jwb0503:2186496] [ 6] /p/software/default/stages/2026/software/GCCcore/14.3.0/lib64/libstdc++.so.6(_ZSt10unexpectedv+0x0)[0x14991b7fa7e9]
[jwb0503:2186496] [ 7] /p/software/default/stages/2026/software/GCCcore/14.3.0/lib64/libstdc++.so.6(+0xbf3c7)[0x14991b80c3c7]
[jwb0503:2186496] [ 8] /p/home/jusers/fischill1/juwels/ippl/build_fin/_deps/kokkos-build/core/src/libkokkoscore.so.5.0(_ZN6Kokkos4Impl15throw_bad_allocESt17basic_string_viewIcSt11char_traitsIcEEmS4_+0x115)[0x14991bc9ae05]
terminate called after throwing an instance of 'std::runtime_error'
  what():  Kokkos ERROR: Cuda memory space failed to allocate 602.2 MiB (label="perm_out").
[jwb1219:2452534] *** Process received signal ***
[jwb1219:2452534] Signal: Aborted (6)
[jwb1219:2452534] Signal code:  (-6)
[jwb0503:2186496] [ 9] /p/home/jusers/fischill1/juwels/ippl/build_fin/_deps/kokkos-build/core/src/libkokkoscore.so.5.0(_ZNK6Kokkos9CudaSpace13impl_allocateEPKcmm28Kokkos_Profiling_SpaceHandle+0x219)[0x14991bcad319]
[jwb0503:2186496] [10] /p/home/jusers/fischill1/juwels/ippl/build_fin/_deps/kokkos-build/core/src/libkokkoscore.so.5.0(_ZNK6Kokkos9CudaSpace8allocateEPKcmm+0x65)[0x14991bcad395]
[jwb0503:2186496] [11] /p/home/jusers/fischill1/juwels/ippl/build_fin/_deps/kokkos-build/core/src/libkokkoscore.so.5.0(_ZN6Kokkos4Impl44HostInaccessibleSharedAllocationRecordCommonINS_9CudaSpaceEEC2ERKS2_RKNSt7__cxx1112basic_stringIcSt11char_traitsIcESaIcEEEmPFvPNS0_22SharedAllocationRecordIvvEEE+0x30)[0x14991bcaf260]
[jwb0503:2186496] [12] /p/home/jusers/fischill1/juwels/ippl/build_fin/alpine/ElectrostaticPIF/LandauDampingPIF[0x4aa864]
[jwb0503:2186496] [13] /p/home/jusers/fischill1/juwels/ippl/build_fin/alpine/ElectrostaticPIF/LandauDampingPIF[0x4aaf61]
[jwb0503:2186496] [14] /p/home/jusers/fischill1/juwels/ippl/build_fin/alpine/ElectrostaticPIF/LandauDampingPIF[0x4cf907]
[jwb0503:2186496] [15] /p/home/jusers/fischill1/juwels/ippl/build_fin/alpine/ElectrostaticPIF/LandauDampingPIF[0x4e81cb]
[jwb0503:2186496] [16] /p/home/jusers/fischill1/juwels/ippl/build_fin/alpine/ElectrostaticPIF/LandauDampingPIF[0x5bee4d]
[jwb0503:2186496] [17] /p/home/jusers/fischill1/juwels/ippl/build_fin/alpine/ElectrostaticPIF/LandauDampingPIF[0x6093a7]
[jwb0503:2186496] [18] /p/home/jusers/fischill1/juwels/ippl/build_fin/alpine/ElectrostaticPIF/LandauDampingPIF[0x6095b5]
[jwb0503:2186496] [19] /p/home/jusers/fischill1/juwels/ippl/build_fin/alpine/ElectrostaticPIF/LandauDampingPIF[0x60c8d1]
[jwb0503:2186496] [20] /p/home/jusers/fischill1/juwels/ippl/build_fin/alpine/ElectrostaticPIF/LandauDampingPIF[0x60d25b]
[jwb0503:2186496] [21] /p/home/jusers/fischill1/juwels/ippl/build_fin/alpine/ElectrostaticPIF/LandauDampingPIF[0x423759]
[jwb0503:2186496] [22] /usr/lib64/libc.so.6(+0x2a610)[0x14991b540610]
[jwb0503:2186496] [23] /usr/lib64/libc.so.6(__libc_start_main+0x80)[0x14991b5406c0]
[jwb0503:2186496] [24] /p/home/jusers/fischill1/juwels/ippl/build_fin/alpine/ElectrostaticPIF/LandauDampingPIF[0x425995]
[jwb0503:2186496] *** End of error message ***
terminate called after throwing an instance of 'std::runtime_error'
  what():  Kokkos ERROR: Cuda memory space failed to allocate 602.2 MiB (label="perm_out").
[jwb1219:2452534] [ 0] /usr/lib64/libc.so.6(+0x3fc30)[0x14b1116eec30]
[jwb1219:2452534] [ 1] /usr/lib64/libc.so.6(+0x8d02c)[0x14b11173c02c]
[jwb1219:2452534] [ 2] /usr/lib64/libc.so.6(raise+0x16)[0x14b1116eeb86]
[jwb1219:2452534] [ 3] /usr/lib64/libc.so.6(abort+0xd3)[0x14b1116d8873]
[jwb1219:2452534] [ 4] /p/software/default/stages/2026/software/GCCcore/14.3.0/lib64/libstdc++.so.6(+0xadc3d)[0x14b111993c3d]
[jwb1219:2452534] [ 5] /p/software/default/stages/2026/software/GCCcore/14.3.0/lib64/libstdc++.so.6(+0xbf14a)[0x14b1119a514a]
[jwb1219:2452534] [ 6] /p/software/default/stages/2026/software/GCCcore/14.3.0/lib64/libstdc++.so.6(_ZSt10unexpectedv+0x0)[0x14b1119937e9]
[jwb1219:2452534] [ 7] /p/software/default/stages/2026/software/GCCcore/14.3.0/lib64/libstdc++.so.6(+0xbf3c7)[0x14b1119a53c7]
[jwb1219:2452534] [ 8] /p/home/jusers/fischill1/juwels/ippl/build_fin/_deps/kokkos-build/core/src/libkokkoscore.so.5.0(_ZN6Kokkos4Impl15throw_bad_allocESt17basic_string_viewIcSt11char_traitsIcEEmS4_+0x115)[0x14b111e33e05]
[jwb1129:3027564] *** Process received signal ***
[jwb1129:3027564] Signal: Aborted (6)
[jwb1129:3027564] Signal code:  (-6)
[jwb1219:2452534] [ 9] /p/home/jusers/fischill1/juwels/ippl/build_fin/_deps/kokkos-build/core/src/libkokkoscore.so.5.0(_ZNK6Kokkos9CudaSpace13impl_allocateEPKcmm28Kokkos_Profiling_SpaceHandle+0x219)[0x14b111e46319]
[jwb1219:2452534] [10] /p/home/jusers/fischill1/juwels/ippl/build_fin/_deps/kokkos-build/core/src/libkokkoscore.so.5.0(_ZNK6Kokkos9CudaSpace8allocateEPKcmm+0x65)[0x14b111e46395]
[jwb1219:2452534] [11] /p/home/jusers/fischill1/juwels/ippl/build_fin/_deps/kokkos-build/core/src/libkokkoscore.so.5.0(_ZN6Kokkos4Impl44HostInaccessibleSharedAllocationRecordCommonINS_9CudaSpaceEEC2ERKS2_RKNSt7__cxx1112basic_stringIcSt11char_traitsIcESaIcEEEmPFvPNS0_22SharedAllocationRecordIvvEEE+0x30)[0x14b111e48260]
[jwb1219:2452534] [12] /p/home/jusers/fischill1/juwels/ippl/build_fin/alpine/ElectrostaticPIF/LandauDampingPIF[0x4aa864]
[jwb1219:2452534] [13] /p/home/jusers/fischill1/juwels/ippl/build_fin/alpine/ElectrostaticPIF/LandauDampingPIF[0x4aaf61]
[jwb1219:2452534] [14] /p/home/jusers/fischill1/juwels/ippl/build_fin/alpine/ElectrostaticPIF/LandauDampingPIF[0x4cf907]
[jwb1219:2452534] [15] /p/home/jusers/fischill1/juwels/ippl/build_fin/alpine/ElectrostaticPIF/LandauDampingPIF[0x4e81cb]
[jwb1219:2452534] [16] /p/home/jusers/fischill1/juwels/ippl/build_fin/alpine/ElectrostaticPIF/LandauDampingPIF[0x5bee4d]
[jwb1219:2452534] [17] /p/home/jusers/fischill1/juwels/ippl/build_fin/alpine/ElectrostaticPIF/LandauDampingPIF[0x6093a7]
[jwb1219:2452534] [18] /p/home/jusers/fischill1/juwels/ippl/build_fin/alpine/ElectrostaticPIF/LandauDampingPIF[0x6095b5]
[jwb1219:2452534] [19] /p/home/jusers/fischill1/juwels/ippl/build_fin/alpine/ElectrostaticPIF/LandauDampingPIF[0x60c8d1]
[jwb1219:2452534] [20] /p/home/jusers/fischill1/juwels/ippl/build_fin/alpine/ElectrostaticPIF/LandauDampingPIF[0x60d25b]
[jwb1219:2452534] [21] /p/home/jusers/fischill1/juwels/ippl/build_fin/alpine/ElectrostaticPIF/LandauDampingPIF[0x423759]
[jwb1219:2452534] [22] /usr/lib64/libc.so.6(+0x2a610)[0x14b1116d9610]
[jwb1219:2452534] [23] /usr/lib64/libc.so.6(__libc_start_main+0x80)[0x14b1116d96c0]
[jwb1219:2452534] [24] /p/home/jusers/fischill1/juwels/ippl/build_fin/alpine/ElectrostaticPIF/LandauDampingPIF[0x425995]
[jwb1219:2452534] *** End of error message ***
terminate called after throwing an instance of 'std::runtime_error'
  what():  Kokkos ERROR: Cuda memory space failed to allocate 642.1 MiB (label="keys_out").
[jwb1129:3027564] [ 0] /usr/lib64/libc.so.6(+0x3fc30)[0x150882566c30]
[jwb1129:3027564] [ 1] /usr/lib64/libc.so.6(+0x8d02c)[0x1508825b402c]
[jwb1129:3027564] [ 2] /usr/lib64/libc.so.6(raise+0x16)[0x150882566b86]
[jwb1129:3027564] [ 3] /usr/lib64/libc.so.6(abort+0xd3)[0x150882550873]
[jwb1129:3027564] [ 4] /p/software/default/stages/2026/software/GCCcore/14.3.0/lib64/libstdc++.so.6(+0xadc3d)[0x15088280bc3d]
[jwb1129:3027564] [ 5] /p/software/default/stages/2026/software/GCCcore/14.3.0/lib64/libstdc++.so.6(+0xbf14a)[0x15088281d14a]
[jwb1129:3027564] [ 6] /p/software/default/stages/2026/software/GCCcore/14.3.0/lib64/libstdc++.so.6(_ZSt10unexpectedv+0x0)[0x15088280b7e9]
[jwb1129:3027564] [ 7] /p/software/default/stages/2026/software/GCCcore/14.3.0/lib64/libstdc++.so.6(+0xbf3c7)[0x15088281d3c7]
[jwb1129:3027564] [ 8] /p/home/jusers/fischill1/juwels/ippl/build_fin/_deps/kokkos-build/core/src/libkokkoscore.so.5.0(_ZN6Kokkos4Impl15throw_bad_allocESt17basic_string_viewIcSt11char_traitsIcEEmS4_+0x115)[0x150882cabe05]
[jwb1129:3027564] [ 9] /p/home/jusers/fischill1/juwels/ippl/build_fin/_deps/kokkos-build/core/src/libkokkoscore.so.5.0(_ZNK6Kokkos9CudaSpace13impl_allocateEPKcmm28Kokkos_Profiling_SpaceHandle+0x219)[0x150882cbe319]
[jwb1129:3027564] [10] /p/home/jusers/fischill1/juwels/ippl/build_fin/_deps/kokkos-build/core/src/libkokkoscore.so.5.0(_ZNK6Kokkos9CudaSpace8allocateEPKcmm+0x65)[0x150882cbe395]
[jwb1129:3027564] [11] /p/home/jusers/fischill1/juwels/ippl/build_fin/_deps/kokkos-build/core/src/libkokkoscore.so.5.0(_ZN6Kokkos4Impl44HostInaccessibleSharedAllocationRecordCommonINS_9CudaSpaceEEC2ERKS2_RKNSt7__cxx1112basic_stringIcSt11char_traitsIcESaIcEEEmPFvPNS0_22SharedAllocationRecordIvvEEE+0x30)[0x150882cc0260]
[jwb1129:3027564] [12] /p/home/jusers/fischill1/juwels/ippl/build_fin/alpine/ElectrostaticPIF/LandauDampingPIF[0x4aa864]
[jwb1129:3027564] [13] /p/home/jusers/fischill1/juwels/ippl/build_fin/alpine/ElectrostaticPIF/LandauDampingPIF[0x4aaf61]
[jwb0356:691204] *** Process received signal ***
[jwb1129:3027564] [14] /p/home/jusers/fischill1/juwels/ippl/build_fin/alpine/ElectrostaticPIF/LandauDampingPIF[0x4cf907]
[jwb1129:3027564] [15] /p/home/jusers/fischill1/juwels/ippl/build_fin/alpine/ElectrostaticPIF/LandauDampingPIF[0x4e81cb]
[jwb1129:3027564] [16] /p/home/jusers/fischill1/juwels/ippl/build_fin/alpine/ElectrostaticPIF/LandauDampingPIF[0x5bee4d]
[jwb1129:3027564] [17] /p/home/jusers/fischill1/juwels/ippl/build_fin/alpine/ElectrostaticPIF/LandauDampingPIF[0x6093a7]
[jwb1129:3027564] [18] /p/home/jusers/fischill1/juwels/ippl/build_fin/alpine/ElectrostaticPIF/LandauDampingPIF[0x6095b5]
[jwb1129:3027564] [19] /p/home/jusers/fischill1/juwels/ippl/build_fin/alpine/ElectrostaticPIF/LandauDampingPIF[0x60c8d1]
[jwb1129:3027564] [20] /p/home/jusers/fischill1/juwels/ippl/build_fin/alpine/ElectrostaticPIF/LandauDampingPIF[0x60d25b]
[jwb1129:3027564] [21] /p/home/jusers/fischill1/juwels/ippl/build_fin/alpine/ElectrostaticPIF/LandauDampingPIF[0x423759]
terminate called after throwing an instance of 'std::runtime_error'
  what():  Kokkos ERROR: Cuda memory space failed to allocate 1.067 GiB (label="temp_storage").
[jwb0356:691204] Signal: Aborted (6)
[jwb0356:691204] Signal code:  (-6)
[jwb1129:3027564] [22] /usr/lib64/libc.so.6(+0x2a610)[0x150882551610]
[jwb1129:3027564] [23] /usr/lib64/libc.so.6(__libc_start_main+0x80)[0x1508825516c0]
[jwb1129:3027564] [24] /p/home/jusers/fischill1/juwels/ippl/build_fin/alpine/ElectrostaticPIF/LandauDampingPIF[0x425995]
terminate called after throwing an instance of 'std::runtime_error'
  what():  Kokkos ERROR: Cuda memory space failed to allocate 642 MiB (label="keys_out").
[jwb1225:3165545] *** Process received signal ***
[jwb1225:3165545] Signal: Aborted (6)
[jwb1225:3165545] Signal code:  (-6)
[jwb1129:3027564] *** End of error message ***
[jwb1219:2452532] *** Process received signal ***
[jwb1219:2452532] Signal: Aborted (6)
[jwb1219:2452532] Signal code:  (-6)
terminate called after throwing an instance of 'std::runtime_error'
[jwb0356:691204] [ 0] /usr/lib64/libc.so.6(+0x3fc30)[0x14d6ee22ac30]
[jwb0356:691204] [ 1] /usr/lib64/libc.so.6(+0x8d02c)[0x14d6ee27802c]
[jwb0356:691204] [ 2] /usr/lib64/libc.so.6(raise+0x16)[0x14d6ee22ab86]
[jwb0356:691204] [ 3] /usr/lib64/libc.so.6(abort+0xd3)[0x14d6ee214873]
[jwb0356:691204] [ 4] /p/software/default/stages/2026/software/GCCcore/14.3.0/lib64/libstdc++.so.6(+0xadc3d)[0x14d6ee4cfc3d]
[jwb0356:691204] [ 5] /p/software/default/stages/2026/software/GCCcore/14.3.0/lib64/libstdc++.so.6(+0xbf14a)[0x14d6ee4e114a]
[jwb0356:691204] [ 6] /p/software/default/stages/2026/software/GCCcore/14.3.0/lib64/libstdc++.so.6(_ZSt10unexpectedv+0x0)[0x14d6ee4cf7e9]
[jwb0356:691204] [ 7] /p/software/default/stages/2026/software/GCCcore/14.3.0/lib64/libstdc++.so.6(+0xbf3c7)[0x14d6ee4e13c7]
[jwb0356:691204] [ 8] /p/home/jusers/fischill1/juwels/ippl/build_fin/_deps/kokkos-build/core/src/libkokkoscore.so.5.0(_ZN6Kokkos4Impl15throw_bad_allocESt17basic_string_viewIcSt11char_traitsIcEEmS4_+0x115)[0x14d6ee96fe05]
[jwb0356:691204] [ 9] /p/home/juseterminate called after throwing an instance of 'std::runtime_error'
  what():  Kokkos ERROR: Cuda memory space failed to allocate 1.067 GiB (label="temp_storage").
  what():  Kokkos ERROR: Cuda memory space failed to allocate 601.8 MiB (label="perm_out").
rs/fischill1/juwels/ippl/build_fin/_deps/kokkos-build/core/src/libkokkoscore.so.5.0(_ZNK6Kokkos9CudaSpace13impl_allocateEPKcmm28Kokkos_Profiling_SpaceHandle+0x219)[0x14d6ee982319]
[jwb0356:691204] [10] /p/home/jusers/fischill1/juwels/ippl/build_fin/_deps/kokkos-build/core/src/libkokkoscore.so.5.0(_ZNK6Kokkos9CudaSpace8allocateEPKcmm+0x65)[0x14d6ee982395]
[jwb0356:691204] [11] /p/home/jusers/fischill1/juwels/ippl/build_fin/_deps/kokkos-build/core/src/libkokkoscore.so.5.0(_ZN6Kokkos4Impl44HostInaccessibleSharedAllocationRecordCommonINS_9CudaSpaceEEC2ERKS2_RKNSt7__cxx1112basic_stringIcSt11char_traitsIcESaIcEEEmPFvPNS0_22SharedAllocationRecordIvvEEE+0x30)[0x14d6ee984260]
[jwb0356:691204] [12] /p/home/jusers/fischill1/juwels/ippl/build_fin/alpine/ElectrostaticPIF/LandauDampingPIF[0x4aa864]
[jwb0356:691204] [13] /p/home/jusers/fischill1/juwels/ippl/build_fin/alpine/ElectrostaticPIF/LandauDampingPIF[0x4aae5e]
[jwb1228:3374532] *** Process received signal ***
[jwb1228:3374532] Signal: Aborted (6)
[jwb1228:3374532] Signal code:  (-6)
[jwb0356:691204] [14] /p/home/jusers/fischill1/juwels/ippl/build_fin/alpine/ElectrostaticPIF/LandauDampingPIF[0x4cf907]
[jwb0356:691204] [15] /p/home/jusers/fischill1/juwels/ippl/build_fin/alpine/ElectrostaticPIF/LandauDampingPIF[0x4e81cb]
[jwb0356:691204] [16] /p/home/jusers/fischill1/juwels/ippl/build_fin/alpine/ElectrostaticPIF/LandauDampingPIF[0x5bee4d]
[jwb1129:3027562] *** Process received signal ***
[jwb1129:3027562] Signal: Aborted (6)
[jwb1129:3027562] Signal code:  (-6)
[jwb1219:2452532] [ 0] /usr/lib64/libc.so.6(+0x3fc30)[0x14db02743c30]
[jwb1219:2452532] [ 1] /usr/lib64/libc.so.6(+0x8d02c)[0x14db0279102c]
[jwb1219:2452532] [ 2] /usr/lib64/libc.so.6(raise+0x16)[0x14db02743b86]
[jwb1219:2452532] [ 3] /usr/lib64/libc.so.6(abort+0xd3)[0x14db0272d873]
[jwb1219:2452532] [ 4] /p/software/default/stages/2026/software/GCCcore/14.3.0/lib64/libstdc++.so.6(+0xadc3d)[0x14db029e8c3d]
[jwb1219:2452532] [ 5] /p/software/default/stages/2026/software/GCCcore/14.3.0/lib64/libstdc++.so.6(+0xbf14a)[0x14db029fa14a]
[jwb1219:2452532] [ 6] /p/software/default/stages/2026/software/GCCcore/14.3.0/lib64/libstdc++.so.6(_ZSt10unexpectedv+0x0)[0x14db029e87e9]
[jwb1219:2452532] [ 7] /p/software/default/stages/2026/software/GCCcore/14.3.0/lib64/libstdc++.so.6(+0xbf3c7)[0x14db029fa3c7]
[jwb1219:2452532] [ 8] /p/home/jusers/fischill1/juwels/ippl/build_fin/_deps/kokkos-build/core/src/libkokkoscore.so.5.0(_ZN6Kokkos4Impl15throw_bad_allocESt17basic_string_viewIcSt11char_traitsIcEEmS4_+0x115)[0x14db02e88e05]
[jwb1225:3165545] [ 0] /usr/lib64/libc.so.6(+0x3fc30)[0x14dc19d03c30]
[jwb1225:3165545] [ 1] /usr/lib64/libc.so.6(+0x8d02c)[0x14dc19d5102c]
[jwb1225:3165545] [ 2] /usr/lib64/libc.so.6(raise+0x16)[0x14dc19d03b86]
[jwb1225:3165545] [ 3] /usr/lib64/libc.so.6(abort+0xd3)[0x14dc19ced873]
[jwb1225:3165545] [ 4] /p/software/default/stages/2026/software/GCCcore/14.3.0/lib64/libstdc++.so.6(+0xadc3d)[0x14dc19fa8c3d]
[jwb1225:3165545] [ 5] /p/software/default/stages/2026/software/GCCcore/14.3.0/lib64/libstdc++.so.6(+0xbf14a)[0x14dc19fba14a]
[jwb1225:3165545] [ 6] /p/software/default/stages/2026/software/GCCcore/14.3.0/lib64/libstdc++.so.6(_ZSt10unexpectedv+0x0)[0x14dc19fa87e9]
[jwb1225:3165545] [ 7] /p/software/default/stages/2026/software/GCCcore/14.3.0/lib64/libstdc++.so.6(+0xbf3c7)[0x14dc19fba3c7]
[jwb1225:3165545] [ 8] /p/home/jusers/fischill1/juwels/ippl/build_fin/_deps/kokkos-build/core/src/libkokkoscore.so.5.0(_ZN6Kokkos4Impl15throw_bad_allocESt17basic_string_viewIcSt11char_traitsIcEEmS4_+0x115)[0x14dc1a448e05]
[jwb0356:691204] [17] /p/home/jusers/fischill1/juwels/ippl/build_fin/alpine/ElectrostaticPIF/LandauDampingPIF[0x6093a7]
[jwb0356:691204] [18] /p/home/jusers/fischill1/juwels/ippl/build_fin/alpine/ElectrostaticPIF/LandauDampingPIF[0x6095b5]
[jwb0356:691204] [19] /p/home/jusers/fischill1/juwels/ippl/build_fin/alpine/ElectrostaticPIF/LandauDampingPIF[0x60c8d1]
[jwb0356:691204] [20] /p/home/jusers/fischill1/juwels/ippl/build_fin/alpine/ElectrostaticPIF/LandauDampingPIF[0x60d25b]
[jwb0356:691204] [21] /p/home/jusers/fischill1/juwels/ippl/build_fin/alpine/ElectrostaticPIF/LandauDampingPIF[0x423759]
[jwb0356:691204] [22] /usr/lib64/libc.so.6(+0x2a610)[0x14d6ee215610]
[jwb0356:691204] [23] /usr/lib64/libc.so.6(__libc_start_main+0x80)[0x14d6ee2156c0]
[jwb0356:691204] [24] /p/home/jusers/fischill1/juwels/ippl/build_fin/alpine/ElectrostaticPIF/LandauDampingPIF[0x425995]
[jwb0356:691204] *** End of error message ***
[jwb1225:3165545] [ 9] /p[jwb1219:2452532] [ 9] /p[jwb1228:3374532] [ 0] /usr/lib64/libc.so.6(+0x3fc30)[0x152b7ef51c30]
[jwb1228:3374532] [ 1] /usr/lib64/libc.so.6(+0x8d02c)[0x152b7ef9f02c]
[jwb1228:3374532] [ 2] /usr/lib64/libc.so.6(raise+0x16)[0x152b7ef51b86]
[jwb1228:3374532] [ 3] /usr/lib64/libc.so.6(abort+0xd3)[0x152b7ef3b873]
[jwb1228:3374532] [ 4] /p/software/default/stages/2026/software/GCCcore/14.3.0/lib64/libstdc++.so.6(+0xadc3d)[0x152b7f1f6c3d]
[jwb1228:3374532] [ 5] /p/software/default/stages/2026/software/GCCcore/14.3.0/lib64/libstdc++.so.6(+0xbf14a)[0x152b7f20814a]
[jwb1228:3374532] [ 6] /p/software/default/stages/2026/software/GCCcore/14.3.0/lib64/libstdc++.so.6(_ZSt10unexpectedv+0x0)[0x152b7f1f67e9]
[jwb1228:3374532] [ 7] /p/software/default/stages/2026/software/GCCcore/14.3.0/lib64/libstdc++.so.6(+0xbf3c7)[0x152b7f2083c7]
[jwb1228:3374532] [ 8] /p/home/jusers/fischill1/juwels/ippl/build_fin/_deps/kokkos-build/core/src/libkokkoscore.so.5.0(_ZN6Kokkos4Impl15throw_bad_allocESt17basic_string_viewIcSt11char_traitsIcEEmS4_+0x115)[0x152b7f696e05]
/home/jusers/fischill1/juwels/ippl/build_fin/_deps/kokkos-build/core/src/libkokkoscore.so.5.0(_ZNK6Kokkos9CudaSpace13impl_allocateEPKcmm28Kokkos_Profiling_SpaceHandle+0x219)[0x14dc1a45b319]
[jwb1225:3165545] [10] /p/home/jusers/fischill1/juwels/ippl/build_fin/_deps/kokkos-build/core/src/libkokkoscore.so.5.0(_ZNK6Kokkos9CudaSpace8allocateEPKcmm+0x65)[0x14dc1a45b395]
[jwb1225:3165545] [11] /p/home/jusers/fischill1/juwels/ippl/build_fin/_deps/kokkos-build/core/src/libkokkoscore.so.5.0(_ZN6Kokkos4Impl44HostInaccessibleSharedAllocationRecordCommonINS_9CudaSpaceEEC2ERKS2_RKNSt7__cxx1112basic_stringIcSt11char_traitsIcESaIcEEEmPFvPNS0_22SharedAllocationRecordIvvEEE+0x30)[0x14dc1a45d260]
[jwb1225:3165545] [12] /p/home/jusers/fischill1/juwels/ippl/build_fin/alpine/ElectrostaticPIF/LandauDampingPIF[0x49cd3a]
[jwb1225:3165545] [13] /p/home/jusers/fischill1/juwels/ippl/build_fin/alpine/ElectrostaticPIF/LandauDampingPIF[0x4d0480]
/home/jusers/fischill1/juwels/ippl/build_fin/_deps/kokkos-build/core/src/libkokkoscore.so.5.0(_ZNK6Kokkos9CudaSpace13impl_allocateEPKcmm28Kokkos_Profiling_SpaceHandle+0x219)[0x14db02e9b319]
[jwb1219:2452532] [10] /p/home/jusers/fischill1/juwels/ippl/build_fin/_deps/kokkos-build/core/src/libkokkoscore.so.5.0(_ZNK6Kokkos9CudaSpace8allocateEPKcmm+0x65)[0x14db02e9b395]
[jwb1225:3165545] [14] /p/home/jusers/fischill1/juwels/ippl/build_fin/alpine/ElectrostaticPIF/LandauDampingPIF[0x4e81c[jwb1219:2452532] [11] /p/home/jusers/fischill1/juwels/ippl/build_fin/_deps/kokkos-build/core/src/libkokkoscore.so.5.0(_ZN6Kokkos4Impl44HostInaccessibleSharedAllocationRecordCommonINS_9CudaSpaceEEC2ERKS2_RKNSt7__cxx1112basic_stringIcSt11char_traitsIcESaIcEEEmPFvPNS0_22SharedAllocationRecordIvvEEE+0x30)[0x14db02e9d260]
[jwb1219:2452532] [12] /p/home/jusers/fischill1/juwels/ippl/build_fin/alpine/ElectrostaticPIF/LandauDampingPIF[0x4aa864]
[jwb1219:2452532] [13] /p/home/jusers/fischill1/juwels/ippl/build_fin/alpine/ElectrostaticPIF/LandauDampingPIF[0x4aae5e]
[jwb1219:2452532] [14] /p/home/jusers/fischill1/juwels/ippl/build_fin/alpine/ElectrostaticPIF/LandauDampingPIF[0x4cf907]
[jwb1219:2452532] [15] /p/home/jusers/fischill1/juwels/ippl/build_fin/alpine/ElectrostaticPIF/LandauDampingPIF[0x4e81cb]
[jwb1219:2452532] [16] /p/home/jusers/fischill1/juwels/ippl/build_fin/alpine/ElectrostaticPIF/LandauDampingPIF[0x5bee4d]
[jwb1228:3374532] [ 9] /pterminate called after throwing an instance of 'std::runtime_error'
  what():  Kokkos ERROR: Cuda memory space failed to allocate 666.4 MiB (label="keys_out").
b]
[jwb1225:3165545] [15] /p/home/jusers/fischill1/juwels/ippl/build_fin/alpine/ElectrostaticPIF/LandauDampingPIF[0x5bee4d]
[jwb1225:3165545] [16] /p/home/jusers/fischill1/juwels/ippl/build_fin/alpine/ElectrostaticPIF/LandauDampingPIF[0x6093a7]
[jwb1219:2452532] [17] /p/home/jusers/fischill1/juwels/ippl/build_fin/alpine/ElectrostaticPIF/LandauDampingPIF[0x6093a7]
[j/home/jusers/fischill1/juwels/ippl/build_fin/_deps/kokkos-build/core/src/libkokkoscore.so.5.0(_ZNK6Kokkos9CudaSpace13impl_allocateEPKcmm28Kokkos_Profiling_SpaceHandle+0x219)[0x152b7f6a9319]
[jwb1228:3374532] [10] /p/home/jusers/fischill1/juwels/ippl/build_fin/_deps/kokkos-build/core/src/libkokkoscore.so.5.0(_ZNK6Kokkos9CudaSpace8allocateEPKcmm+0x65)[0x152b7f6a9395]
[jwb1225:3165545] [17] /p/home/jusers/fischill1/juwels/ippl/build_fin/alpine/ElectrostaticPIF/LandauDampingPIF[0x6095b5]
[jwb1225:3165545] [18] /p/home/jusers/fischill1/juwels/ippl/build_fin/alpine/ElectrostaticPIF/LandauDampingPIF[0x60c8d1]
[jwb1225:3165545] [19] /p/home/jusers/fischill1/juwels/ippl/build_fin/alpine/ElectrostaticPIF/LandauDampingPIF[0x60d25b]
[jwb1225:3165545] [20] /p/home/jusers/fischill1/juwels/ippl/build_fin/alpine/ElectrostaticPIF/LandauDampingPIF[0x423759]
[jwb1225:3165545] [21] /usr/lib64/libc.so.6(+0x2a610)[0x14dc19cee610]
[jwb1225:3165545] [22] /usr/lib64/libc.so.6(__libc_start_main+0x80)[0x14dc19cee6c0]
[jwb1225:3165545] [23] /p/home/jusers/fischill1/juwels/ippl/build_fin/alpine/ElectrostaticPIF/LandauDampingPIF[0x425995]
[jwb1225:3165545] *** End of error message ***
wb1219:2452532] [18] /p/home/jusers/fischill1/juwels/ippl/build_fin/alpine/ElectrostaticPIF/LandauDampingPIF[0x6095b5]
[jwb1219:2452532] [19] /p/home/jusers/fischill1/juwels/ippl/build_fin/alpine/ElectrostaticPIF/LandauDampingPIF[0x60c8d1]
[jwb1219:2452532] [20] /p/home/jusers/fischill1/juwels/ippl/build_fin/alpine/ElectrostaticPIF/LandauDampingPIF[0x60d25b]
[jwb1219:2452532] [21] /p/home/jusers/fischill1/juwels/ippl/build_fin/alpine/ElectrostaticPIF/LandauDampingPIF[0x423759]
terminate called after throwing an instance of 'std::runtime_error'
[jwb1228:3374532] [11] /p/home/jusers/fischill1/juwels/ippl/build_fin/_deps/kokkos-build/core/src/libkokkoscore.so.5.0(_ZN6Kokkos4Impl44HostInaccessibleSharedAllocationRecordCommonINS_9CudaSpaceEEC2ERKS2_RKNSt7__cxx1112basic_stringIcSt11char_traitsIcESaIcEEEmPFvPNS0_22SharedAllocationRecordIvvEEE+0x30)[0x152b7f6ab260]
[jwb1228:3374532] [12] /p/home/jusers/fischill1/juwels/ippl/build_fin/alpine/ElectrostaticPIF/LandauDampingPIF[0x4aa864]
[jwb1228:3374532] [13] /p/home/jusers/fischill1/juwels/ippl/build_fin/alpine/ElectrostaticPIF/LandauDampingPIF[0x4aaf61]
[jwb1228:3374532] [14] /p/home/jusers/fischill1/juwels/ippl/build_fin/alpine/ElectrostaticPIF/LandauDampingPIF[0x4cf907]
[jwb1228:3374532] [15] /p/home/jusers/fischill1/juwels/ippl/build_fin/alpine/ElectrostaticPIF/LandauDampingPIF[0x4e81cb]
[jwb0488:1024095] *** Process received signal ***
[jwb0488:1024095] Signal: Aborted (6)
[jwb0488:1024095] Signal code:  (-6)
[jwb1219:2452532] [22] /usr/lib64/libc.so.6(+0x2a610)[0x14db0272e610]
  what():  Kokkos ERROR: Cuda memory space failed to allocate 625.3 MiB (label="perm_out").
[jwb1228:3374532] [16] /p/home/jusers/fischill1/juwels/ippl/build_fin/alpine/ElectrostaticPIF/LandauDampingPIF[0x5bee4d]
[jwb1228:3374532] [17] /p/home/jusers/fischill1/juwels/ippl/build_fin/alpine/ElectrostaticPIF/LandauDampingPIF[0x6093a7]
[jwb1129:3027562] [ 0] /usr/lib64/libc.so.6(+0x3fc30)[0x14752d060c30]
[jwb1129:3027562] [ 1] /usr/lib64/libc.so.6(+0x8d02c)[0x14752d0ae02c]
[jwb1129:3027562] [ 2] /usr/lib64/libc.so.6(raise+0x16)[0x14752d060b86]
[jwb1129:3027562] [ 3] /usr/lib64/libc.so.6(abort+0xd3)[0x14752d04a873]
[jwb1129:3027562] [ 4] /p/software/default/stages/2026/software/GCCcore/14.3.0/lib64/libstdc++.so.6(+0xadc3d)[0x14752d305c3d]
[jwb1129:3027562] [ 5] /p/software/default/stages/2026/software/GCCcore/14.3.0/lib64/libstdc++.so.6(+0xbf14a)[0x14752d31714a]
[jwb1129:3027562] [ 6] /p/software/default/stages/2026/software/GCCcore/14.3.0/lib64/libstdc++.so.6(_ZSt10unexpectedv+0x0)[0x14752d3057e9]
[jwb1129:3027562] [ 7] /p/software/default/stages/2026/software/GCCcore/14.3.0/lib64/libstdc++.so.6(+0xbf3c7)[0x14752d3173c7]
[jwb1129:3027562] [ 8] /p/home/jusers/fischill1/juwels/ippl/build_fin/_deps/kokkos-build/core/src/libkokkoscore.so.5.0(_ZN6Kokkos4Impl15throw_bad_allocESt17basic_string_viewIcSt11char_traitsIcEEmS4_+0x115)[0x14752d7a5e05]
[jwb1223:3262259] *** Process received signal ***
[jwb1228:3374532] [18] /p/home/jusers/fischill1/juwels/ippl/build_fin/alpine/ElectrostaticPIF/LandauDampingPIF[0x6095b5]
[jwb1228:3374532] [19] /p/home/jusers/fischill1/juwels/ippl/build_fin/alpine/ElectrostaticPIF/LandauDampingPIF[0x60c8d1]
[jwb1219:2452532] [23] /usr/lib64/libc.so.6(__libc_start_main+0x80)[0x14db0272e6c0]
[jwb1219:2452532] [24] /p/home/jusers/fischill1/juwels/ippl/build_fin/alpine/ElectrostaticPIF/LandauDampingPIF[0x425995]
[jwb1223:3262259] Signal: Aborted (6)
[jwb1223:3262259] Signal code:  (-6)
[jwb1228:3374532] [20] /p/home/jusers/fischill1/juwels/ippl/build_fin/alpine/ElectrostaticPIF/LandauDampingPIF[0x60d25b]
[jwb1228:3374532] [21] /p/home/jusers/fischill1/juwels/ippl/build_fin/alpine/ElectrostaticPIF/LandauDampingPIF[0x423759]
[jwb1228:3374532] [22] /usr/lib64/libc.so.6(+0x2a610)[0x152b7ef3c610]
[jwb1228:3374532] [23] /usr/lib64/libc.so.6(__libc_start_main+0x80)[0x152b7ef3c6c0]
[jwb1228:3374532] [24] /p/home/jusers/fischill1/juwels/ippl/build_fin/alpine/ElectrostaticPIF/LandauDampingPIF[0x425995]
[jwb1228:3374532] *** End of error message ***
[jwb1129:3027562] [ 9] /p[jwb1219:2452532] *** End of error message ***
terminate called after throwing an instance of 'std::runtime_error'
  what():  Kokkos ERROR: Cuda memory space failed to allocate 641.4 MiB (label="keys_out").
terminate called after throwing an instance of 'std::runtime_error'
  what():  Kokkos ERROR: Cuda memory space failed to allocate 641.4 MiB (label="keys_out").
terminate called after throwing an instance of 'std::runtime_error'
  what():  Kokkos ERROR: Cuda memory space failed to allocate 624.7 MiB (label="perm_out").
[jwb1225:3165544] *** Process received signal ***
[jwb1225:3165544] Signal: Aborted (6)
[jwb1225:3165544] Signal code:  (-6)
/home/jusers/fischill1/juwels/ippl/build_fin/_deps/kokkos-build/core/src/libkokkoscore.so.5.0(_ZNK6Kokkos9CudaSpace13impl_allocateEPKcmm28Kokkos_Profiling_SpaceHandle+0x219)[0x14752d7b8319]
[jwb1129:3027562] [10] /p/home/jusers/fischill1/juwels/ippl/build_fin/_deps/kokkos-build/core/src/libkokkoscore.so.5.0(_ZNK6Kokkos9CudaSpace8allocateEPKcmm+0x65)[0x14752d7b8395]
[jwb1129:3027562] [11] /p/home/jusers/fischill1/juwels/ippl/build_fin/_deps/kokkos-build/core/src/libkokkoscore.so.5.0(_ZN6Kokkos4Impl44HostInaccessibleSharedAllocationRecordCommonINS_9CudaSpaceEEC2ERKS2_RKNSt7__cxx1112basic_stringIcSt11char_traitsIcESaIcEEEmPFvPNS0_22SharedAllocationRecordIvvEEE+0x30)[0x14752d7ba260]
[jwb1129:3027562] [12] /p/home/jusers/fischill1/juwels/ippl/build_fin/alpine/ElectrostaticPIF/LandauDampingPIF[0x49cd3a]
[jwb1129:3027562] [13] /p/home/jusers/fischill1/juwels/ippl/build_fin/alpine/ElectrostaticPIF/LandauDampingPIF[0x4d0480]
[jwb1223:3262260] *** Process received signal ***
[jwb1223:3262260] Signal: Aborted (6)
[jwb1223:3262260] Signal code:  (-6)
[jwb0488:1024092] *** Process received signal ***
[jwb1129:3027562] [14] /p/home/jusers/fischill1/juwels/ippl/build_fin/alpine/ElectrostaticPIF/LandauDampingPIF[0x4e81cterminate called after throwing an instance of 'std::runtime_error'
  what():  Kokkos ERROR: Cuda memory space failed to allocate 1.029 GiB (label="temp_storage").
[jwb0488:1024095] [ 0] /usr/lib64/libc.so.6(+0x3fc30)[0x154d2b2e9c30]
[jwb0488:1024095] [ 1] /usr/lib64/libc.so.6(+0x8d02c)[0x154d2b33702c]
[jwb0488:1024095] [ 2] /usr/lib64/libc.so.6(raise+0x16)[0x154d2b2e9b86]
[jwb0488:1024095] [ 3] /usr/lib64/libc.so.6(abort+0xd3)[0x154d2b2d3873]
[jwb0488:1024095] [ 4] /p/software/default/stages/2026/software/GCCcore/14.3.0/lib64/libstdc++.so.6(+0xadc3d)[0x154d2b58ec3d]
[jwb0488:1024095] [ 5] /p/software/default/stages/2026/software/GCCcore/14.3.0/lib64/libstdc++.so.6(+0xbf14a)[0x154d2b5a014a]
[jwb0488:1024095] [ 6] /p/software/default/stages/2026/software/GCCcore/14.3.0/lib64/libstdc++.so.6(_ZSt10unexpectedv+0x0)[0x154d2b58e7e9]
[jwb0488:1024095] [ 7] /p/software/default/stages/2026/software/GCCcore/14.3.0/lib64/libstdc++.so.6(+0xbf3c7)[0x154d2b5a03c7]
[jwb0488:1024095] [ 8] /p/home/jusers/fischill1/juwels/ippl/build_fin/_deps/kokkos-build/core/src/libkokkoscore.so.5.0(_ZN6Kokkos4Impl15throw_bad_allocESt17basic_string_viewIcSt11char_traitsIcEEmS4_+0x115)[0x154d2ba2ee05]
terminate called after throwing an instance of 'std::runtime_error'
  what():  Kokkos ERROR: Cuda memory space failed to allocate 601.8 MiB (label="perm_out").
b]
[jwb1129:3027562] [15] /p/home/jusers/fischill1/juwels/ippl/build_fin/alpine/ElectrostaticPIF/LandauDampingPIF[0x5bee4d]
[jwb1129:3027562] [16] /p/home/jusers/fischill1/juwels/ippl/build_fin/alpine/ElectrostaticPIF/LandauDampingPIF[0x6093a7]
[jwb1129:3027562] [17] /p/home/jusers/fischill1/juwels/ippl/build_fin/alpine/ElectrostaticPIF/LandauDampingPIF[0x6095b5]
[jwb1129:3027562] [18] /p/home/jusers/fischill1/juwels/ippl/build_fin/alpine/ElectrostaticPIF/LandauDampingPIF[0x60c8d1]
[jwb1129:3027562] [19] /p/home/jusers/fischill1/juwels/ippl/build_fin/alpine/ElectrostaticPIF/LandauDampingPIF[0x60d25b]
[jwb1129:3027562] [20] /p/home/jusers/fischill1/juwels/ippl/build_fin/alpine/ElectrostaticPIF/LandauDampingPIF[0x423759]
[jwb1129:3027562] [21] /usr/lib64/libc.so.6(+0x2a610)[0x14752d04b610]
[jwb1129:3027562] [22] /usr/lib64/libc.so.6(__libc_start_main+0x80)[0x14752d04b6c0]
[jwb1129:3027562] [23] /p/home/jusers/fischill1/juwels/ippl/build_fin/alpine/ElectrostaticPIF/LandauDampingPIF[0x425995]
[jwb0488:1024095] [ 9] /p[jwb1129:3027562] *** End of error message *[jwb0488:1024092] Signal: Aborted (6)
[jwb0488:1024092] Signal code:  (-6)
[jwb1222:2772432] *** Process received signal ***
[jwb1222:2772432] Signal: Aborted (6)
[jwb1222:2772432] Signal code:  (-6)
**
[jwb0285:3713791] *** Process received signal ***
[jwb0285:3713791] Signal: Aborted (6)
[jwb0285:3713791] Signal code:  (-6)
/home/jusers/fischill1/juwels/ippl/build_fin/_deps/kokkos-build/core/src/libkokkoscore.so.5.0(_ZNK6Kokkos9CudaSpace13impl_allocateEPKcmm28Kokkos_Profiling_SpaceHandle+0x219)[0x154d2ba41319]
[jwb0488:1024095] [10] /p/home/jusers/fischill1/juwels/ippl/build_fin/_deps/kokkos-build/core/src/libkokkoscore.so.5.0(_ZNK6Kokkos9CudaSpace8allocateEPKcmm+0x65)[0x154d2ba41395]
[jwb1223:3262259] [ 0] /usr/lib64/libc.so.6(+0x3fc30)[0x15338f4c0c30]
[jwb1223:3262259] [ 1] /usr/lib64/libc.so.6(+0x8d02c)[0x15338f50e02c]
[jwb1223:3262259] [ 2] /usr/lib64/libc.so.6(raise+0x16)[0x15338f4c0b86]
[jwb1223:3262259] [ 3] /usr/lib64/libc.so.6(abort+0xd3)[0x15338f4aa873]
[jwb1223:3262259] [ 4] /p/software/default/stages/2026/software/GCCcore/14.3.0/lib64/libstdc++.so.6(+0xadc3d)[0x15338f765c3d]
[jwb1223:3262259] [ 5] /p/software/default/stages/2026/software/GCCcore/14.3.0/lib64/libstdc++.so.6(+0xbf14a)[0x15338f77714a]
[jwb1223:3262259] [ 6] /p/software/default/stages/2026/software/GCCcore/14.3.0/lib64/libstdc++.so.6(_ZSt10unexpectedv+0x0)[0x15338f7657e9]
[jwb1223:3262259] [ 7] /p/software/default/stages/2026/software/GCCcore/14.3.0/lib64/libstdc++.so.6(+0xbf3c7)[0x15338f7773c7]
[jwb1223:3262259] [ 8] /p/home/jusers/fischill1/juwels/ippl/build_fin/_deps/kokkos-build/core/src/libkokkoscore.so.5.0(_ZN6Kokkos4Impl15throw_bad_allocESt17basic_string_viewIcSt11char_traitsIcEEmS4_+0x115)[0x15338fc05e05]
[jwb0488:1024095] [11] /p/home/jusers/fischill1/juwels/ippl/build_fin/_deps/kokkos-build/core/src/libkokkoscore.so.5.0(_ZN6Kokkos4Impl44HostInaccessibleSharedAllocationRecordCommonINS_9CudaSpaceEEC2ERKS2_RKNSt7__cxx1112basic_stringIcSt11char_traitsIcESaIcEEEmPFvPNS0_22SharedAllocationRecordIvvEEE+0x30)[0x154d2ba43260]
[jwb0488:1024095] [12] /p/home/jusers/fischill1/juwels/ippl/build_fin/alpine/ElectrostaticPIF/LandauDampingPIF[0x4aa864]
[jwb0488:1024095] [13] /p/home/jusers/fischill1/juwels/ippl/build_fin/alpine/ElectrostaticPIF/LandauDampingPIF[0x4aae5e]
[jwb0488:1024095] [14] /p/home/jusers/fischill1/juwels/ippl/build_fin/alpine/ElectrostaticPIF/LandauDampingPIF[0x4cf907]
[jwb0488:1024095] [15] /p/home/jusers/fischill1/juwels/ippl/build_fin/alpine/ElectrostaticPIF/LandauDampingPIF[0x4e81cb]
[jwb0488:1024095] [16] /p/home/jusers/fischill1/juwels/ippl/build_fin/alpine/ElectrostaticPIF/LandauDampingPIF[0x5bee4d]
[jwb0488:1024095] [17] /p/home/jusers/fischill1/juwels/ippl/build_fin/alpine/ElectrostaticPIF/LandauDampingPIF[0x6093a7]
[jwb0488:1024095] [18] /p/home/jusers/fischill1/juwels/ippl/build_fin/alpine/ElectrostaticPIF/LandauDampingPIF[0x6095b5]
[jwb0488:1024095] [19] /p/home/jusers/fischill1/juwels/ippl/build_fin/alpine/ElectrostaticPIF/LandauDampingPIF[0x60c8d1]
[jwb1223:3262259] [ 9] /p[jwb0488:1024095] [20] /p/home/jusers/fischill1/juwels/ippl/build_fin/alpine/ElectrostaticPIF/LandauDampingPIF[0x60d25b]
[jwb0488:1024095] [21] /p/home/jusers/fischill1/juwels/ippl/build_fin/alpine/ElectrostaticPIF/LandauDampingPIF[0x423759]
[jwb0488:1024095] [22] /usr/lib64/libc.so.6(+0x2a610)[0x154d2b2d4610]
[jwb0488:1024095] [23] /usr/lib64/libc.so.6(__libc_start_main+0x80)[0x154d2b2d46c0]
[jwb0488:1024095] [24] /p/home/jusers/fischill1/juwels/ippl/build_fin/alpine/ElectrostaticPIF/LandauDampingPIF[0x425995]
[jwb0488:1024095] *** End of error message ***
/home/jusers/fischill1/juwels/ippl/build_fin/_deps/kokkos-build/core/src/libkokkoscore.so.5.0(_ZNK6Kokkos9CudaSpace13impl_allocateEPKcmm28Kokkos_Profiling_SpaceHandle+0x219)[0x15338fc18319]
[jwb1223:3262259] [10] /p/home/jusers/fischill1/juwels/ippl/build_fin/_deps/kokkos-build/core/src/libkokkoscore.so.5.0(_ZNK6Kokkos9CudaSpace8allocateEPKcmm+0x65)[0x15338fc18395]
[jwb1223:3262259] [11] /p/home/jusers/fischill1/juwels/ippl/build_fin/_deps/kokkos-build/core/src/libkokkoscore.so.5.0(_ZN6Kokkos4Impl44HostInaccessibleSharedAllocationRecordCommonINS_9CudaSpaceEEC2ERKS2_RKNSt7__cxx1112basic_stringIcSt11char_traitsIcESaIcEEEmPFvPNS0_22SharedAllocationRecordIvvEEE+0x30)[0x15338fc1a260]
[jwb1223:3262259] [12] /p/home/jusers/fischill1/juwels/ippl/build_fin/alpine/ElectrostaticPIF/LandauDampingPIF[0x4aa864]
[jwb1223:3262259] [13] /p/home/jusers/fischill1/juwels/ippl/build_fin/alpine/ElectrostaticPIF/LandauDampingPIF[0x4aaf61]
[jwb1223:3262259] [14] /p/home/jusers/fischill1/juwels/ippl/build_fin/alpine/ElectrostaticPIF/LandauDampingPIF[0x4cf90terminate called after throwing an instance of 'std::runtime_error'
  what():  Kokkos ERROR: Cuda memory space failed to allocate 625.3 MiB (label="perm_out").
7]
[jwb1223:3262259] [15] /p/home/jusers/fischill1/juwels/ippl/build_fin/alpine/ElectrostaticPIF/LandauDampingPIF[0x4e81cb]
[jwb1223:3262259] [16] /p/home/jusers/fischill1/juwels/ippl/build_fin/alpine/ElectrostaticPIF/LandauDampingPIF[0x5bee4d]
[jwb1223:3262259] [17] /p/home/jusers/fischill1/juwels/ippl/build_fin/alpine/ElectrostaticPIF/LandauDampingPIF[0x6093a7]
[jwb1223:3262259] [18] /p/home/jusers/fischill1/juwels/ippl/build_fin/alpine/ElectrostaticPIF/LandauDampingPIF[0x6095b5]
[jwb1225:3165544] [ 0] /usr/lib64/libc.so.6(+0x3fc30)[0x14609be5fc30]
[jwb1225:3165544] [ 1] /usr/lib64/libc.so.6(+0x8d02c)[0x14609bead02c]
[jwb1225:3165544] [ 2] /usr/lib64/libc.so.6(raise+0x16)[0x14609be5fb86]
[jwb1225:3165544] [ 3] /usr/lib64/libc.so.6(abort+0xd3)[0x14609be49873]
[jwb1225:3165544] [ 4] /p/software/default/stages/2026/software/GCCcore/14.3.0/lib64/libstdc++.so.6(+0xadc3d)[0x14609c104c3d]
[jwb1225:3165544] [ 5] /p/software/default/stages/2026/software/GCCcore/14.3.0/lib64/libstdc++.so.6(+0xbf14a)[0x14609c11614a]
[jwb1225:3165544] [ 6] /p/software/default/stages/2026/software/GCCcore/14.3.0/lib64/libstdc++.so.6(_ZSt10unexpectedv+0x0)[0x14609c1047e9]
[jwb1225:3165544] [ 7] /p/software/default/stages/2026/software/GCCcore/14.3.0/lib64/libstdc++.so.6(+0xbf3c7)[0x14609c1163c7]
[jwb1225:3165544] [ 8] /p/home/jusers/fischill1/juwels/ippl/build_fin/_deps/kokkos-build/core/src/libkokkoscore.so.5.0(_ZN6Kokkos4Impl15throw_bad_allocESt17basic_string_viewIcSt11char_traitsIcEEmS4_+0x115)[0x14609c5a4e05]
[jwb1130:1848577] *** Process received signal ***
[jwb1130:1848577] Signal: Aborted (6)
[jwb1130:1848577] Signal code:  (-6)
[jwb1223:3262259] [19] /p/home/jusers/fischill1/juwels/ippl/build_fin/alpine/ElectrostaticPIF/LandauDampingPIF[0x60c8d1]
[jwb1223:3262259] [20] /p/home/jusers/fischill1/juwels/ippl/build_fin/alpine/ElectrostaticPIF/LandauDampingPIF[0x60d25b]
[jwb1223:3262259] [21] /p/home/jusers/fischill1/juwels/ippl/build_fin/alpine/ElectrostaticPIF/LandauDampingPIF[0x423759]
[jwb1223:3262259] [22] /usr/lib64/libc.so.6(+0x2a610)[0x15338f4ab610]
[jwb1223:3262259] [23] /usr/lib64/libc.so.6(__libc_start_main+0x80)[0x15338f4ab6c0]
[jwb1223:3262259] [24] /p/home/jusers/fischill1/juwels/ippl/build_fin/alpine/ElectrostaticPIF/LandauDampingPIF[0x425995]
[jwb1223:3262259] *** End of error message ***
terminate called after throwing an instance of 'std::runtime_error'
  what():  Kokkos ERROR: Cuda memory space failed to allocate 624.7 MiB (label="perm_out").
[jwb1223:3262260] [ 0] /usr/lib64/libc.so.6(+0x3fc30)[0x14bd7b658c30]
[jwb1223:3262260] [ 1] /usr/lib64/libc.so.6(+0x8d02c)[0x14bd7b6a602c]
[jwb1223:3262260] [ 2] /usr/lib64/libc.so.6(raise+0x16)[0x14bd7b658b86]
[jwb1223:3262260] [ 3] /usr/lib64/libc.so.6(abort+0xd3)[0x14bd7b642873]
[jwb1223:3262260] [ 4] /p/software/default/stages/2026/software/GCCcore/14.3.0/lib64/libstdc++.so.6(+0xadc3d)[0x14bd7b8fdc3d]
[jwb1223:3262260] [ 5] /p/software/default/stages/2026/software/GCCcore/14.3.0/lib64/libstdc++.so.6(+0xbf14a)[0x14bd7b90f14a]
[jwb1223:3262260] [ 6] /p/software/default/stages/2026/software/GCCcore/14.3.0/lib64/libstdc++.so.6(_ZSt10unexpectedv+0x0)[0x14bd7b8fd7e9]
[jwb1223:3262260] [ 7] /p/software/default/stages/2026/software/GCCcore/14.3.0/lib64/libstdc++.so.6(+0xbf3c7)[0x14bd7b90f3c7]
[jwb1223:3262260] [ 8] /p/home/jusers/fischill1/juwels/ippl/build_fin/_deps/kokkos-build/core/src/libkokkoscore.so.5.0(_ZN6Kokkos4Impl15throw_bad_allocESt17basic_string_viewIcSt11char_traitsIcEEmS4_+0x115)[0x14bd7bd9de05]
[jwb0509:3777551] *** Process received signal ***
[jwb0509:3777551] Signal: Aborted (6)
[jwb0509:3777551] Signal code:  (-6)
[jwb1225:3165544] [ 9] /p[jwb0285:3713791] [ 0] /usr/lib64/libc.so.6(+0x3fc30)[0x14640a84dc30]
[jwb0285:3713791] [ 1] /usr/lib64/libc.so.6(+0x8d02c)[0x14640a89b02c]
[jwb0285:3713791] [ 2] /usr/lib64/libc.so.6(raise+0x16)[0x14640a84db86]
[jwb0285:3713791] [ 3] /usr/lib64/libc.so.6(abort+0xd3)[0x14640a837873]
[jwb0285:3713791] [ 4] /p/software/default/stages/2026/software/GCCcore/14.3.0/lib64/libstdc++.so.6(+0xadc3d)[0x14640aaf2c3d]
[jwb0285:3713791] [ 5] /p/software/default/stages/2026/software/GCCcore/14.3.0/lib64/libstdc++.so.6(+0xbf14a)[0x14640ab0414a]
[jwb0285:3713791] [ 6] /p/software/default/stages/2026/software/GCCcore/14.3.0/lib64/libstdc++.so.6(_ZSt10unexpectedv+0x0)[0x14640aaf27e9]
[jwb0285:3713791] [ 7] /p/software/default/stages/2026/software/GCCcore/14.3.0/lib64/libstdc++.so.6(+0xbf3c7)[0x14640ab043c7]
[jwb0285:3713791] [ 8] /p/home/jusers/fischill1/juwels/ippl/build_fin/_deps/kokkos-build/core/src/libkokkoscore.so.5.0(_ZN6Kokkos4Impl15throw_bad_allocESt17basic_string_viewIcSt11char_traitsIcEEmS4_+0x115)[0x14640af92e05]
[jwb1223:3262260] [ 9] /p/home/jusers/fischill1/juwels/ippl/build_fin/_deps/kokkos-build/core/src/libkokkoscore.so.5.0(_ZNK6Kokkos9CudaSpace13impl_allocateEPKcmm28Kokkos_Profiling_SpaceHandle+0x219)[0x14609c5b7319]
[jwb1225:3165544] [10] /p/home/jusers/fischill1/juwels/ippl/build_fin/_deps/kokkos-build/core/src/libkokkoscore.so.5.0(_ZNK6Kokkos9CudaSpace8allocateEPKcmm+0x65)[0x14609c5b7395]
[jwb1225:3165544] [11] /p/home/jusers/fischill1/juwels/ippl/build_fin/_deps/kokkos-build/core/src/libkokkoscore.so.5.0(_ZN6Kokkos4Impl44HostInaccessibleSharedAllocationRecordCommonINS_9CudaSpaceEEC2ERKS2_RKNSt7__cxx1112basic_stringIcSt11char_traitsIcESaIcEEEmPFvPNS0_22SharedAllocationRecordIvvEEE+0x30)[0x14609c5b9260]
[jwb1225:3165544] [12] /p/home/jusers/fischill1/juwels/ippl/build_fin/alpine/ElectrostaticPIF/LandauDampingPIF[0x4aa864]
[jwb1225:3165544] [13] /p/home/jusers/fischill1/juwels/ippl/build_fin/alpine/ElectrostaticPIF/LandauDampingPIF[0x4aaf61]
[jwb1222:2772432] [ 0] /usr/lib64/libc.so.6(+0x3fc30)[0x1472b76f8c30]
[jwb1222:2772432] [ 1] /usr/lib64/libc.so.6(+0x8d02c)[0x1472b774602c]
[jwb1222:2772432] [ 2] /usr/lib64/libc.so.6(raise+0x16)[0x1472b76f8b86]
[jwb1222:2772432] [ 3] /usr/lib64/libc.so.6(abort+0xd3)[0x1472b76e2873]
[jwb1222:2772432] [ 4] /p/software/default/stages/2026/software/GCCcore/14.3.0/lib64/libstdc++.so.6(+0xadc3d)[0x1472b799dc3d]
[jwb1222:2772432] [ 5] /p/software/default/stages/2026/software/GCCcore/14.3.0/lib64/libstdc++.so.6(+0xbf14a)[0x1472b79af14a]
[jwb1222:2772432] [ 6] /p/software/default/stages/2026/software/GCCcore/14.3.0/lib64/libstdc++.so.6(_ZSt10unexpectedv+0x0)[0x1472b799d7e9]
[jwb1222:2772432] [ 7] /p/software/default/stages/2026/software/GCCcore/14.3.0/lib64/libstdc++.so.6(+0xbf3c7)[0x1472b79af3c7]
[jwb1222:2772432] [ 8] /p/home/jusers/fischill1/juwels/ippl/build_fin/_deps/kokkos-build/core/src/libkokkoscore.so.5.0(_ZN6Kokkos4Impl15throw_bad_allocESt17basic_string_viewIcSt11char_traitsIcEEmS4_+0x115)[0x1472b7e3de05]
/home/jusers/fischill1/juwels/ippl/build_fin/_deps/kokkos-build/core/src/libkokkoscore.so.5.0(_ZNK6Kokkos9CudaSpace13impl_allocateEPKcmm28Kokkos_Profiling_SpaceHandle+0x219)[0x14bd7bdb0319]
[jwb1223:3262260] [10] /p/home/jusers/fischill1/juwels/ippl/build_fin/_deps/kokkos-build/core/src/libkokkoscore.so.5.0(_ZNK6Kokkos9CudaSpace8allocateEPKcmm+0x65)[0x14bd7bdb0395]
[jwb1223:3262260] [11] /p/home/jusers/fischill1/juwels/ippl/build_fin/_deps/kokkos-build/core/src/libkokkoscore.so.5.0(_ZN6Kokkos4Impl44HostInaccessibleSharedAllocationRecordCommonINS_9CudaSpaceEEC2ERKS2_RKNSt7__cxx1112basic_stringIcSt11char_traitsIcESaIcEEEmPFvPNS0_22SharedAllocationRecordIvvEEE+0x30)[0x14bd7bdb2260]
[jwb1223:3262260] [12] /p/home/jusers/fischill1/juwels/ippl/build_fin/alpine/ElectrostaticPIF/LandauDampingPIF[0x4aa864]
[jwb1223:3262260] [13] /p/home/jusers/fischill1/juwels/ippl/build_fin/alpine/ElectrostaticPIF/LandauDampingPIF[0x4aae5e]
[jwb0488:1024092] [ 0] /usr/lib64/libc.so.6(+0x3fc30)[0x153ae9c3cc30]
[jwb0488:1024092] [ 1] /usr/lib64/libc.so.6(+0x8d02c)[0x153ae9c8a02c]
[jwb0488:1024092] [ 2] /usr/lib64/libc.so.6(raise+0x16)[0x153ae9c3cb86]
[jwb0488:1024092] [ 3] /usr/lib64/libc.so.6(abort+0xd3)[0x153ae9c26873]
[jwb0488:1024092] [ 4] /p/software/default/stages/2026/software/GCCcore/14.3.0/lib64/libstdc++.so.6(+0xadc3d)[0x153ae9ee1c3d]
[jwb0488:1024092] [ 5] /p/software/default/stages/2026/software/GCCcore/14.3.0/lib64/libstdc++.so.6(+0xbf14a)[0x153ae9ef314a]
[jwb0488:1024092] [ 6] /p/software/default/stages/2026/software/GCCcore/14.3.0/lib64/libstdc++.so.6(_ZSt10unexpectedv+0x0)[0x153ae9ee17e9]
[jwb0488:1024092] [ 7] /p/software/default/stages/2026/software/GCCcore/14.3.0/lib64/libstdc++.so.6(+0xbf3c7)[0x153ae9ef33c7]
[jwb0488:1024092] [ 8] /p/home/jusers/fischill1/juwels/ippl/build_fin/_deps/kokkos-build/core/src/libkokkoscore.so.5.0(_ZN6Kokkos4Impl15throw_bad_allocESt17basic_string_viewIcSt11char_traitsIcEEmS4_+0x115)[0x153aea381e05]
[jwb1225:3165544] [14] /p/home/jusers/fischill1/juwels/ippl/build_fin/alpine/ElectrostaticPIF/LandauDampingPIF[0x4cf90[jwb1223:3262260] [14] /p/home/jusers/fischill1/juwels/ippl/build_fin/alpine/ElectrostaticPIF/LandauDampingPIF[0x4cf907]
[jwb1225:3165544] [15] /p/home/jusers/fischill1/juwels/ippl/build_fin/alpine/ElectrostaticPIF/LandauDampingPIF[0x4e81cb]
[jwb1225:3165544] [16] /p/home/jusers/fischill1/juwels/ippl/build_fin/alpine/ElectrostaticPIF/LandauDampingPIF[0x5bee4d]
[jwb1222:2772432] [ 9] /p[jwb0285:3713791] [ 9] /p7]
[jwb1223:3262260] [15] /p/home/jusers/fischill1/juwels/ippl/build_fin/alpine/ElectrostaticPIF/LandauDampingPIF[0x4e81cb]
[jwb1223:3262260] [16] /p/home/jusers/fischill1/juwels/ippl/build_fin/alpine/ElectrostaticPIF/LandauDampingPIF[0x5bee4d]
[jwb1223:3262260] [17] /p/home/jusers/fischill1/juwels/ippl/build_fin/alpine/ElectrostaticPIF/LandauDampingPIF[0x6093a7]
[jwb1223:3262260] [18] /p/home/jusers/fischill1/juwels/ippl/build_fin/alpine/ElectrostaticPIF/LandauDampingPIF[0x6095b5]
[jwb1223:3262260] [19] /p/home/jusers/fischill1/juwels/ippl/build_fin/alpine/ElectrostaticPIF/LandauDampingPIF[0x60c8d1]
[jwb0488:1024092] [ 9] /p[jwb1225:3165544] [17] /p/home/jusers/fischill1/juwels/ippl/build_fin/alpine/ElectrostaticPIF/LandauDampingPIF[0x6093a7]
[jwb1225:3165544] [18] /p/home/jusers/fischill1/juwels/ippl/build_fin/alpine/ElectrostaticPIF/LandauDampingPIF[0x6095b5]
[jwb1225:3165544] [19] /p/home/jusers/fischill1/juwels/ippl/build_fin/alpine/ElectrostaticPIF/LandauDampingPIF[0x60c8d1]
[jwb1225:3165544] [20] /p/home/jusers/fischill1/juwels/ippl/build_fin/alpine/ElectrostaticPIF/LandauDampingPIF[0x60d25b]
[jwb1225:3165544] [21] /p/home/jusers/fischill1/juwels/ippl/build_fin/alpine/ElectrostaticPIF/LandauDampingPIF[0x423759]
[jwb1225:3165544] [22] /usr/lib64/libc.so.6(+0x2a610)[0x14609be4a610]
[jwb1225:3165544] [23] /usr/lib64/libc.so.6(__libc_start_main+0x80)[0x14609be4a6c0]
[jwb1225:3165544] [24] /p/home/jusers/fischill1/juwels/ippl/build_fin/alpine/ElectrostaticPIF/LandauDampingPIF[0x425995]
[jwb1225:3165544] *** End of error message ***
/home/jusers/fischill1/juwels/ippl/build_fin/_deps/kokkos-build/core/src/libkokkoscore.so.5.0(_ZNK6Kokkos9CudaSpace13impl_allocateEPKcmm28Kokkos_Profiling_SpaceHandle+0x219)[0x1472b7e50319]
[jwb1222:2772432] [10] /p/home/jusers/fischill1/juwels/ippl/build_fin/_deps/kokkos-build/core/src/libkokkoscore.so.5.0(_ZNK6Kokkos9CudaSpace8allocateEPKcmm+0x65)[0x1472b7e50395]
[jwb1222:2772432] [11] /p/home/jusers/fischill1/juwels/ippl/build_fin/_deps/kokkos-build/core/src/libkokkoscore.so.5.0(_ZN6Kokkos4Impl44HostInaccessibleSharedAllocationRecordCommonINS_9CudaSpaceEEC2ERKS2_RKNSt7__cxx1112basic_stringIcSt11char_traitsIcESaIcEEEmPFvPNS0_22SharedAllocationRecordIvvEEE+0x30)[0x1472b7e52260]
[jwb1222:2772432] [12] /p/home/jusers/fischill1/juwels/ippl/build_fin/alpine/ElectrostaticPIF/LandauDampingPIF[0x4aa864]
[jwb1222:2772432] [13] /p/home/jusers/fischill1/juwels/ippl/build_fin/alpine/ElectrostaticPIF/LandauDampingPIF[0x4aaf61]
terminate called after throwing an instance of 'std::runtime_error'
  what():  Kokkos ERROR: Cuda memory space failed to allocate 624.7 MiB (label="perm_out").
/home/jusers/fischill1/juwels/ippl/build_fin/_deps/kokkos-build/core/src/libkokkoscore.so.5.0(_ZNK6Kokkos9CudaSpace13impl_allocateEPKcmm28Kokkos_Profiling_SpaceHandle+0x219)[0x14640afa5319]
[jwb0285:3713791] [10] /p/home/jusers/fischill1/juwels/ippl/build_fin/_deps/kokkos-build/core/src/libkokkoscore.so.5.0(_ZNK6Kokkos9CudaSpace8allocateEPKcmm+0x65)[0x14640afa5395]
[jwb0285:3713791] [11] /p/home/jusers/fischill1/juwels/ippl/build_fin/_deps/kokkos-build/core/src/libkokkoscore.so.5.0(_ZN6Kokkos4Impl44HostInaccessibleSharedAllocationRecordCommonINS_9CudaSpaceEEC2ERKS2_RKNSt7__cxx1112basic_stringIcSt11char_traitsIcESaIcEEEmPFvPNS0_22SharedAllocationRecordIvvEEE+0x30)[0x14640afa7260]
[jwb0285:3713791] [12] /p/home/jusers/fischill1/juwels/ippl/build_fin/alpine/ElectrostaticPIF/LandauDampingPIF[0x49cd3a]
[jwb0285:3713791] [13] /p/home/jusers/fischill1/juwels/ippl/build_fin/alpine/ElectrostaticPIF/LandauDampingPIF[0x4d0480]
[jwb1223:3262260] [20] /p/home/jusers/fischill1/juwels/ippl/build_fin/alpine/ElectrostaticPIF/LandauDampingPIF[0x60d25b]
[jwb1223:3262260] [21] /p/home/jusers/fischill1/juwels/ippl/build_fin/alpine/ElectrostaticPIF/LandauDampingPIF[0x423759]
[jwb1223:3262260] [22] /usr/lib64/libc.so.6(+0x2a610)[0x14bd7b643610]
[jwb1223:3262260] [23] /usr/lib64/libc.so.6(__libc_start_main+0x80)[0x14bd7b6436c0]
[jwb1223:3262260] [24] /p/home/jusers/fischill1/juwels/ippl/build_fin/alpine/ElectrostaticPIF/LandauDampingPIF[0x425995]
[jwb1223:3262260] *** End of error message ***
/home/jusers/fischill1/juwels/ippl/build_fin/_deps/kokkos-build/core/src/libkokkoscore.so.5.0(_ZNK6Kokkos9CudaSpace13impl_allocateEPKcmm28Kokkos_Profiling_SpaceHandle+0x219)[0x153aea394319]
[jwb0488:1024092] [10] /p/home/jusers/fischill1/juwels/ippl/build_fin/_deps/kokkos-build/core/src/libkokkoscore.so.5.0(_ZNK6Kokkos9CudaSpace8allocateEPKcmm+0x65)[0x153aea394395]
[jwb0488:1024092] [11] /p/home/jusers/fischill1/juwels/ippl/build_fin/_deps/kokkos-build/core/src/libkokkoscore.so.5.0(_ZN6Kokkos4Impl44HostInaccessibleSharedAllocationRecordCommonINS_9CudaSpaceEEC2ERKS2_RKNSt7__cxx1112basic_stringIcSt11char_traitsIcESaIcEEEmPFvPNS0_22SharedAllocationRecordIvvEEE+0x30)[0x153aea396260]
[jwb0488:1024092] [12] /p/home/jusers/fischill1/juwels/ippl/build_fin/alpine/ElectrostaticPIF/LandauDampingPIF[0x4aa864]
[jwb0488:1024092] [13] /p/home/jusers/fischill1/juwels/ippl/build_fin/alpine/ElectrostaticPIF/LandauDampingPIF[0x4aae5e]
[jwb1222:2772432] [14] /p/home/jusers/fischill1/juwels/ippl/build_fin/alpine/ElectrostaticPIF/LandauDampingPIF[0x4cf90[jwb0285:3713791] [14] /p/home/jusers/fischill1/juwels/ippl/build_fin/alpine/ElectrostaticPIF/LandauDampingPIF[0x4e81c[jwb0488:1024092] [14] /p/home/jusers/fischill1/juwels/ippl/build_fin/alpine/ElectrostaticPIF/LandauDampingPIF[0x4cf907]
[jwb1222:2772432] [15] /p/home/jusers/fischill1/juwels/ippl/build_fin/alpine/ElectrostaticPIF/LandauDampingPIF[0x4e81cb]
[jwb1222:2772432] [16] /p/home/jusers/fischill1/juwels/ippl/build_fin/alpine/ElectrostaticPIF/LandauDampingPIF[0x5bee4d]
[jwb0356:691201] *** Process received signal ***
[jwb0356:691201] Signal: Aborted (6)
[jwb0356:691201] Signal code:  (-6)
[jwb1130:1848577] [ 0] /usr/lib64/libc.so.6(+0x3fc30)[0x150fbd116c30]
[jwb1130:1848577] [ 1] /usr/lib64/libc.so.6(+0x8d02c)[0x150fbd16402c]
[jwb1130:1848577] [ 2] /usr/lib64/libc.so.6(raise+0x16)[0x150fbd116b86]
[jwb1130:1848577] [ 3] /usr/lib64/libc.so.6(abort+0xd3)[0x150fbd100873]
[jwb1130:1848577] [ 4] /p/software/default/stages/2026/software/GCCcore/14.3.0/lib64/libstdc++.so.6(+0xadc3d)[0x150fbd3bbc3d]
[jwb1130:1848577] [ 5] /p/software/default/stages/2026/software/GCCcore/14.3.0/lib64/libstdc++.so.6(+0xbf14a)[0x150fbd3cd14a]
[jwb1130:1848577] [ 6] /p/software/default/stages/2026/software/GCCcore/14.3.0/lib64/libstdc++.so.6(_ZSt10unexpectedv+0x0)[0x150fbd3bb7e9]
[jwb1130:1848577] [ 7] /p/software/default/stages/2026/software/GCCcore/14.3.0/lib64/libstdc++.so.6(+0xbf3c7)[0x150fbd3cd3c7]
[jwb1130:1848577] [ 8] /p/home/jusers/fischill1/juwels/ippl/build_fin/_deps/kokkos-build/core/src/libkokkoscore.so.5.0(_ZN6Kokkos4Impl15throw_bad_allocESt17basic_string_viewIcSt11char_traitsIcEEmS4_+0x115)[0x150fbd85be05]
b]
[jwb0285:3713791] [15] /p/home/jusers/fischill1/juwels/ippl/build_fin/alpine/ElectrostaticPIF/LandauDampingPIF[0x5bee4d]
[jwb0285:3713791] [16] /p/home/jusers/fischill1/juwels/ippl/build_fin/alpine/ElectrostaticPIF/LandauDampingPIF[0x6093a7]
[jwb0285:3713791] [17] /p/home/jusers/fischill1/juwels/ippl/build_fin/alpine/ElectrostaticPIF/LandauDampingPIF[0x6095b5]
[jwb0285:3713791] [18] /p/home/jusers/fischill1/juwels/ippl/build_fin/alpine/ElectrostaticPIF/LandauDampingPIF[0x60c8d1]
7]
[jwb0488:1024092] [15] /p/home/jusers/fischill1/juwels/ippl/build_fin/alpine/ElectrostaticPIF/LandauDampingPIF[0x4e81cb]
[jwb0488:1024092] [16] /p/home/jusers/fischill1/juwels/ippl/build_fin/alpine/ElectrostaticPIF/LandauDampingPIF[0x5bee4d]
[jwb0488:1024092] [17] /p/home/jusers/fischill1/juwels/ippl/build_fin/alpine/ElectrostaticPIF/LandauDampingPIF[0x6093a7]
[jwb0488:1024092] [18] /p/home/jusers/fischill1/juwels/ippl/build_fin/alpine/ElectrostaticPIF/LandauDampingPIF[0x6095b5]
[jwb0488:1024092] [19] /p/home/jusers/fischill1/juwels/ippl/build_fin/alpine/ElectrostaticPIF/LandauDampingPIF[0x60c8d1]
[jwb0488:1024092] [20] /p/home/jusers/fischill1/juwels/ippl/build_fin/alpine/ElectrostaticPIF/LandauDampingPIF[0x60d25b]
[jwb0488:1024092] [21] /p/home/jusers/fischill1/juwels/ippl/build_fin/alpine/ElectrostaticPIF/LandauDampingPIF[0x423759]
[jwb0488:1024092] [22] /usr/lib64/libc.so.6(+0x2a610)[0x153ae9c27610]
[jwb0488:1024092] [23] /usr/lib64/libc.so.6(__libc_start_main+0x80)[0x153ae9c276c0]
[jwb0509:3777551] [ 0] /usr/lib64/libc.so.6(+0x3fc30)[0x14d6ab241c30]
[jwb0509:3777551] [ 1] /usr/lib64/libc.so.6(+0x8d02c)[0x14d6ab28f02c]
[jwb0509:3777551] [ 2] /usr/lib64/libc.so.6(raise+0x16)[0x14d6ab241b86]
[jwb0509:3777551] [ 3] /usr/lib64/libc.so.6(abort+0xd3)[0x14d6ab22b873]
[jwb0509:3777551] [ 4] /p/software/default/stages/2026/software/GCCcore/14.3.0/lib64/libstdc++.so.6(+0xadc3d)[0x14d6ab4e6c3d]
[jwb0509:3777551] [ 5] /p/software/default/stages/2026/software/GCCcore/14.3.0/lib64/libstdc++.so.6(+0xbf14a)[0x14d6ab4f814a]
[jwb0509:3777551] [ 6] /p/software/default/stages/2026/software/GCCcore/14.3.0/lib64/libstdc++.so.6(_ZSt10unexpectedv+0x0)[0x14d6ab4e67e9]
[jwb0509:3777551] [ 7] /p/software/default/stages/2026/software/GCCcore/14.3.0/lib64/libstdc++.so.6(+0xbf3c7)[0x14d6ab4f83c7]
[jwb0509:3777551] [ 8] /p/home/jusers/fischill1/juwels/ippl/build_fin/_deps/kokkos-build/core/src/libkokkoscore.so.5.0(_ZN6Kokkos4Impl15throw_bad_allocESt17basic_string_viewIcSt11char_traitsIcEEmS4_+0x115)[0x14d6ab986e05]
[jwb1222:2772432] [17] /p/home/jusers/fischill1/juwels/ippl/build_fin/alpine/ElectrostaticPIF/LandauDampingPIF[0x6093a7]
[jwb1222:2772432] [18] /p/home/jusers/fischill1/juwels/ippl/build_fin/alpine/ElectrostaticPIF/LandauDampingPIF[0x6095b5]
[jwb1222:2772432] [19] /p/home/jusers/fischill1/juwels/ippl/build_fin/alpine/ElectrostaticPIF/LandauDampingPIF[0x60c8d1]
[jwb1130:1848577] [ 9] /p[jwb0285:3713791] [19] /p/home/jusers/fischill1/juwels/ippl/build_fin/alpine/ElectrostaticPIF/LandauDampingPIF[0x60d25b]
[jwb0285:3713791] [20] /p/home/jusers/fischill1/juwels/ippl/build_fin/alpine/ElectrostaticPIF/LandauDampingPIF[0x423759]
[jwb0285:3713791] [21] /usr/lib64/libc.so.6(+0x2a610)[0x14640a838610]
[jwb0285:3713791] [22] /usr/lib64/libc.so.6(__libc_start_main+0x80)[0x14640a8386c0]
[jwb0285:3713791] [23] /p/home/jusers/fischill1/juwels/ippl/build_fin/alpine/ElectrostaticPIF/LandauDampingPIF[0x425995]
[jwb0285:3713791] *** End of error message ***
[jwb0488:1024092] [24] /p/home/jusers/fischi[jwb0509:3777551] [ 9] /p/home/jusers/fischill1/juwels/ippl/build_fin/_deps/kokkos-build/core/src/libkokkoscore.so.5.0(_ZNK6Kokkos9CudaSpace13impl_allocateEPKcmm28Kokkos_Profiling_SpaceHandle+0x219)[0x150fbd86e319]
[jwb1130:1848577] [10] /p/home/jusers/fischill1/juwels/ippl/build_fin/_deps/kokkos-build/core/src/libkokkoscore.so.5.0(_ZNK6Kokkos9CudaSpace8allocateEPKcmm+0x65)[0x150fbd86e395]
[jwb1130:1848577] [11] /p/home/jusers/fischill1/juwels/ippl/build_fin/_deps/kokkos-build/core/src/libkokkoscore.so.5.0(_ZN6Kokkos4Impl44HostInaccessibleSharedAllocationRecordCommonINS_9CudaSpaceEEC2ERKS2_RKNSt7__cxx1112basic_stringIcSt11char_traitsIcESaIcEEEmPFvPNS0_22SharedAllocationRecordIvvEEE+0x30)[0x150fbd870260]
[jwb1130:1848577] [12] /p/home/jusers/fischill1/juwels/ippl/build_fin/alpine/ElectrostaticPIF/LandauDampingPIF[0x4aa864]
[jwb1130:1848577] [13] /p/home/jusers/fischill1/juwels/ippl/build_fin/alpine/ElectrostaticPIF/LandauDampingPIF[0x4aaf61]
ll1/juwels/ippl/build_fin/alpine/ElectrostaticPIF/LandauDampingPIF[0x425995]
[jwb0488:1024092] *** End of error message ***
/home/jusers/fischill1/juwels/ippl/build_fin/_deps/kokkos-build/core/src/libkokkoscore.so.5.0(_ZNK6Kokkos9CudaSpace13impl_allocateEPKcmm28Kokkos_Profiling_SpaceHandle+0x219)[0x14d6ab999319]
[jwb0509:3777551] [10] /p/home/jusers/fischill1/juwels/ippl/build_fin/_deps/kokkos-build/core/src/libkokkoscore.so.5.0(_ZNK6Kokkos9CudaSpace8allocateEPKcmm+0x65)[0x14d6ab999395]
[jwb0509:3777551] [11] /p/home/jusers/fischill1/juwels/ippl/build_fin/_deps/kokkos-build/core/src/libkokkoscore.so.5.0(_ZN6Kokkos4Impl44HostInaccessibleSharedAllocationRecordCommonINS_9CudaSpaceEEC2ERKS2_RKNSt7__cxx1112basic_stringIcSt11char_traitsIcESaIcEEEmPFvPNS0_22SharedAllocationRecordIvvEEE+0x30)[0x14d6ab99b260]
[jwb0509:3777551] [12] /p/home/jusers/fischill1/juwels/ippl/build_fin/alpine/ElectrostaticPIF/LandauDampingPIF[0x4aa864]
[jwb0509:3777551] [13] /p/home/jusers/fischill1/juwels/ippl/build_fin/alpine/ElectrostaticPIF/LandauDampingPIF[0x4aaf61]
[jwb1222:2772432] [20] /p/home/jusers/fischill1/juwels/ippl/build_fin/alpine/ElectrostaticPIF/LandauDampingPIF[0x60d25b]
[jwb1222:2772432] [21] /p/home/jusers/fischill1/juwels/ippl/build_fin/alpine/ElectrostaticPIF/LandauDampingPIF[0x423759]
[jwb1222:2772432] [22] /usr/lib64/libc.so.6(+0x2a610)[0x1472b76e3610]
[jwb1222:2772432] [23] /usr/lib64/libc.so.6(__libc_start_main+0x80)[0x1472b76e36c0]
[jwb1222:2772432] [24] /p/home/jusers/fischill1/juwels/ippl/build_fin/alpine/ElectrostaticPIF/LandauDampingPIF[0x425995]
[jwb1222:2772432] *** End of error message ***
[jwb1130:1848577] [14] /p/home/jusers/fischill1/juwels/ippl/build_fin/alpine/ElectrostaticPIF/LandauDampingPIF[0x4cf90terminate called after throwing an instance of 'std::runtime_error'
  what():  Kokkos ERROR: Cuda memory space failed to allocate 625.4 MiB (label="perm_out").
7]
[jwb1130:1848577] [15] /p/home/jusers/fischill1/juwels/ippl/build_fin/alpine/ElectrostaticPIF/LandauDampingPIF[0x4e81cb]
[jwb1130:1848577] [16] /p/home/jusers/fischill1/juwels/ippl/build_fin/alpine/ElectrostaticPIF/LandauDampingPIF[0x5bee4d]
[jwb1130:1848577] [17] /p/home/jusers/fischill1/juwels/ippl/build_fin/alpine/ElectrostaticPIF/LandauDampingPIF[0x6093a7]
[jwb1130:1848577] [18] /p/home/jusers/fischill1/juwels/ippl/build_fin/alpine/ElectrostaticPIF/LandauDampingPIF[0x6095b5]
[jwb1228:3374534] *** Process received signal ***
[jwb1228:3374534] Signal: Aborted (6)
[jwb1228:3374534] Signal code:  (-6)
[jwb0509:3777551] [14] /p/home/jusers/fischill1/juwels/ippl/build_fin/alpine/ElectrostaticPIF/LandauDampingPIF[0x4cf90[jwb0356:691201] [ 0] /usr/lib64/libc.so.6(+0x3fc30)[0x147a2636cc30]
[jwb0356:691201] [ 1] /usr/lib64/libc.so.6(+0x8d02c)[0x147a263ba02c]
[jwb0356:691201] [ 2] /usr/lib64/libc.so.6(raise+0x16)[0x147a2636cb86]
[jwb0356:691201] [ 3] /usr/lib64/libc.so.6(abort+0xd3)[0x147a26356873]
[jwb0356:691201] [ 4] /p/software/default/stages/2026/software/GCCcore/14.3.0/lib64/libstdc++.so.6(+0xadc3d)[0x147a26611c3d]
[jwb0356:691201] [ 5] /p/software/default/stages/2026/software/GCCcore/14.3.0/lib64/libstdc++.so.6(+0xbf14a)[0x147a2662314a]
[jwb0356:691201] [ 6] /p/software/default/stages/2026/software/GCCcore/14.3.0/lib64/libstdc++.so.6(_ZSt10unexpectedv+0x0)[0x147a266117e9]
[jwb0356:691201] [ 7] /p/software/default/stages/2026/software/GCCcore/14.3.0/lib64/libstdc++.so.6(+0xbf3c7)[0x147a266233c7]
[jwb0356:691201] [ 8] /p/home/jusers/fischill1/juwels/ippl/build_fin/_deps/kokkos-build/core/src/libkokkoscore.so.5.0(_ZN6Kokkos4Impl15throw_bad_allocESt17basic_string_viewIcSt11char_traitsIcEEmS4_+0x115)[0x147a26ab1e05]
[jwb1130:1848577] [19] /p/home/jusers/fischill1/juwels/ippl/build_fin/alpine/ElectrostaticPIF/LandauDampingPIF[0x60c8d1]
[jwb1130:1848577] [20] /p/home/jusers/fischill1/juwels/ippl/build_fin/alpine/ElectrostaticPIF/LandauDampingPIF[0x60d25b]
[jwb1130:1848577] [21] /p/home/jusers/fischill1/juwels/ippl/build_fin/alpine/ElectrostaticPIF/LandauDampingPIF[0x423759]
[jwb1130:1848577] [22] /usr/lib64/libc.so.6(+0x2a610)[0x150fbd101610]
[jwb1130:1848577] [23] /usr/lib64/libc.so.6(__libc_start_main+0x80)[0x150fbd1016c0]
[jwb1130:1848577] [24] /p/home/jusers/fischill1/juwels/ippl/build_fin/alpine/ElectrostaticPIF/LandauDampingPIF[0x425995]
[jwb1130:1848577] *** End of error message ***
7]
[jwb0509:3777551] [15] /p/home/jusers/fischill1/juwels/ippl/build_fin/alpine/ElectrostaticPIF/LandauDampingPIF[0x4e81cb]
[jwb0509:3777551] [16] /p/home/jusers/fischill1/juwels/ippl/build_fin/alpine/ElectrostaticPIF/LandauDampingPIF[0x5bee4d]
[jwb0509:3777551] [17] /p/home/jusers/fischill1/juwels/ippl/build_fin/alpine/ElectrostaticPIF/LandauDampingPIF[0x6093a7]
[jwb0509:3777551] [18] /p/home/jusers/fischill1/juwels/ippl/build_fin/alpine/ElectrostaticPIF/LandauDampingPIF[0x6095b5]
[jwb0509:3777551] [19] /p/home/jusers/fischill1/juwels/ippl/build_fin/alpine/ElectrostaticPIF/LandauDampingPIF[0x60c8d1]
[jwb0509:3777551] [20] /p/home/jusers/fischill1/juwels/ippl/build_fin/alpine/ElectrostaticPIF/LandauDampingPIF[0x60d25b]
[jwb0509:3777551] [21] /p/home/jusers/fischill1/juwels/ippl/build_fin/alpine/ElectrostaticPIF/LandauDampingPIF[0x423759]
[jwb0509:3777551] [22] /usr/lib64/libc.so.6(+0x2a610)[0x14d6ab22c610]
[jwb0509:3777551] [23] /usr/lib64/libc.so.6(__libc_start_main+0x80)[0x14d6ab22c6c0]
[jwb0509:3777551] [24] /p/home/jusers/fischill1/juwels/ippl/build_fin/alpine/ElectrostaticPIF/LandauDampingPIF[0x425995]
[jwb0509:3777551] *** End of error message ***
[jwb0356:691201] [ 9] /p/home/jusers/fischill1/juwels/ippl/build_fin/_deps/kokkos-build/core/src/libkokkoscore.so.5.0(_ZNK6Kokkos9CudaSpace13impl_allocateEPKcmm28Kokkos_Profiling_SpaceHandle+0x219)[0x147a26ac4319]
[jwb0356:691201] [10] /p/home/jusers/fischill1/juwels/ippl/build_fin/_deps/kokkos-build/core/src/libkokkoscore.so.5.0(_ZNK6Kokkos9CudaSpace8allocateEPKcmm+0x65)[0x147a26ac4395]
[jwb0356:691201] [11] /p/home/jusers/fischill1/juwels/ippl/build_fin/_deps/kokkos-build/core/src/libkokkoscore.so.5.0(_ZN6Kokkos4Impl44HostInaccessibleSharedAllocationRecordCommonINS_9CudaSpaceEEC2ERKS2_RKNSt7__cxx1112basic_stringIcSt11char_traitsIcESaIcEEEmPFvPNS0_22SharedAllocationRecordIvvEEE+0x30)[0x147a26ac6260]
[jwb0356:691201] [12] /p/home/jusers/fischill1/juwels/ippl/build_fin/alpine/ElectrostaticPIF/LandauDampingPIF[0x4aa864]
[jwb0356:691201] [13] /p/home/jusers/fischill1/juwels/ippl/build_fin/alpine/ElectrostaticPIF/LandauDampingPIF[0x4aaf61]
terminate called after throwing an instance of 'std::runtime_error'
  what():  Kokkos ERROR: Cuda memory space failed to allocate 1.029 GiB (label="temp_storage").
[jwb0356:691201] [14] /p/home/jusers/fischill1/juwels/ippl/build_fin/alpine/ElectrostaticPIF/LandauDampingPIF[0x4cf907]
[jwb0356:691201] [15] /p/home/jusers/fischill1/juwels/ippl/build_fin/alpine/ElectrostaticPIF/LandauDampingPIF[0x4e81cb]
[jwb0356:691201] [16] /p/home/jusers/fischill1/juwels/ippl/build_fin/alpine/ElectrostaticPIF/LandauDampingPIF[0x5bee4d]
[jwb0356:691201] [17] /p/home/jusers/fischill1/juwels/ippl/build_fin/alpine/ElectrostaticPIF/LandauDampingPIF[0x6093a7]
[jwb0356:691201] [18] /p/home/jusers/fischill1/juwels/ippl/build_fin/alpine/ElectrostaticPIF/LandauDampingPIF[0x6095b5]
[jwb1129:3027563] *** Process received signal ***
[jwb1129:3027563] Signal: Aborted (6)
[jwb1129:3027563] Signal code:  (-6)
[jwb0356:691201] [19] /p/home/jusers/fischill1/juwels/ippl/build_fin/alpine/ElectrostaticPIF/LandauDampingPIF[0x60c8d1]
[jwb0356:691201] [20] /p/home/jusers/fischill1/juwels/ippl/build_fin/alpine/ElectrostaticPIF/LandauDampingPIF[0x60d25b]
[jwb0356:691201] [21] /p/home/jusers/fischill1/juwels/ippl/build_fin/alpine/ElectrostaticPIF/LandauDampingPIF[0x423759]
[jwb0356:691201] [22] /usr/lib64/libc.so.6(+0x2a610)[0x147a26357610]
[jwb0356:691201] [23] /usr/lib64/libc.so.6(__libc_start_main+0x80)[0x147a263576c0]
[jwb0356:691201] [24] /p/home/jusers/fischill1/juwels/ippl/build_fin/alpine/ElectrostaticPIF/LandauDampingPIF[0x425995]
[jwb0356:691201] *** End of error message ***
[jwb1228:3374534] [ 0] /usr/lib64/libc.so.6(+0x3fc30)[0x14856659ac30]
[jwb1228:3374534] [ 1] /usr/lib64/libc.so.6(+0x8d02c)[0x1485665e802c]
[jwb1228:3374534] [ 2] /usr/lib64/libc.so.6(raise+0x16)[0x14856659ab86]
[jwb1228:3374534] [ 3] /usr/lib64/libc.so.6(abort+0xd3)[0x148566584873]
[jwb1228:3374534] [ 4] /p/software/default/stages/2026/software/GCCcore/14.3.0/lib64/libstdc++.so.6(+0xadc3d)[0x14856683fc3d]
[jwb1228:3374534] [ 5] /p/software/default/stages/2026/software/GCCcore/14.3.0/lib64/libstdc++.so.6(+0xbf14a)[0x14856685114a]
[jwb1228:3374534] [ 6] /p/software/default/stages/2026/software/GCCcore/14.3.0/lib64/libstdc++.so.6(_ZSt10unexpectedv+0x0)[0x14856683f7e9]
[jwb1228:3374534] [ 7] /p/software/default/stages/2026/software/GCCcore/14.3.0/lib64/libstdc++.so.6(+0xbf3c7)[0x1485668513c7]
[jwb1228:3374534] [ 8] /p/home/jusers/fischill1/juwels/ippl/build_fin/_deps/kokkos-build/core/src/libkokkoscore.so.5.0(_ZN6Kokkos4Impl15throw_bad_allocESt17basic_string_viewIcSt11char_traitsIcEEmS4_+0x115)[0x148566cdfe05]
[jwb1228:3374534] [ 9] /p/home/jusers/fischill1/juwels/ippl/build_fin/_deps/kokkos-build/core/src/libkokkoscore.so.5.0(_ZNK6Kokkos9CudaSpace13impl_allocateEPKcmm28Kokkos_Profiling_SpaceHandle+0x219)[0x148566cf2319]
[jwb1228:3374534] [10] /p/home/jusers/fischill1/juwels/ippl/build_fin/_deps/kokkos-build/core/src/libkokkoscore.so.5.0(_ZNK6Kokkos9CudaSpace8allocateEPKcmm+0x65)[0x148566cf2395]
[jwb1228:3374534] [11] /p/home/jusers/fischill1/juwels/ippl/build_fin/_deps/kokkos-build/core/src/libkokkoscore.so.5.0(_ZN6Kokkos4Impl44HostInaccessibleSharedAllocationRecordCommonINS_9CudaSpaceEEC2ERKS2_RKNSt7__cxx1112basic_stringIcSt11char_traitsIcESaIcEEEmPFvPNS0_22SharedAllocationRecordIvvEEE+0x30)[0x148566cf4260]
[jwb1228:3374534] [12] /p/home/jusers/fischill1/juwels/ippl/build_fin/alpine/ElectrostaticPIF/LandauDampingPIF[0x4aa864]
[jwb1228:3374534] [13] /p/home/jusers/fischill1/juwels/ippl/build_fin/alpine/ElectrostaticPIF/LandauDampingPIF[0x4aaf61]
[jwb1228:3374534] [14] /p/home/jusers/fischill1/juwels/ippl/build_fin/alpine/ElectrostaticPIF/LandauDampingPIF[0x4cf907]
[jwb1228:3374534] [15] /p/home/jusers/fischill1/juwels/ippl/build_fin/alpine/ElectrostaticPIF/LandauDampingPIF[0x4e81cb]
[jwb1228:3374534] [16] /p/home/jusers/fischill1/juwels/ippl/build_fin/alpine/ElectrostaticPIF/LandauDampingPIF[0x5bee4d]
[jwb1228:3374534] [17] /p/home/jusers/fischill1/juwels/ippl/build_fin/alpine/ElectrostaticPIF/LandauDampingPIF[0x6093a7]
[jwb1228:3374534] [18] /p/home/jusers/fischill1/juwels/ippl/build_fin/alpine/ElectrostaticPIF/LandauDampingPIF[0x6095b5]
[jwb1228:3374534] [19] /p/home/jusers/fischill1/juwels/ippl/build_fin/alpine/ElectrostaticPIF/LandauDampingPIF[0x60c8d1]
[jwb1228:3374534] [20] /p/home/jusers/fischill1/juwels/ippl/build_fin/alpine/ElectrostaticPIF/LandauDampingPIF[0x60d25b]
[jwb1228:3374534] [21] /p/home/jusers/fischill1/juwels/ippl/build_fin/alpine/ElectrostaticPIF/LandauDampingPIF[0x423759]
[jwb1228:3374534] [22] /usr/lib64/libc.so.6(+0x2a610)[0x148566585610]
[jwb1228:3374534] [23] /usr/lib64/libc.so.6(__libc_start_main+0x80)[0x1485665856c0]
[jwb1228:3374534] [24] /p/home/jusers/fischill1/juwels/ippl/build_fin/alpine/ElectrostaticPIF/LandauDampingPIF[0x425995]
[jwb1228:3374534] *** End of error message ***
[jwb1129:3027563] [ 0] /usr/lib64/libc.so.6(+0x3fc30)[0x14b0238b1c30]
[jwb1129:3027563] [ 1] /usr/lib64/libc.so.6(+0x8d02c)[0x14b0238ff02c]
[jwb1129:3027563] [ 2] /usr/lib64/libc.so.6(raise+0x16)[0x14b0238b1b86]
[jwb1129:3027563] [ 3] /usr/lib64/libc.so.6(abort+0xd3)[0x14b02389b873]
[jwb1129:3027563] [ 4] /p/software/default/stages/2026/software/GCCcore/14.3.0/lib64/libstdc++.so.6(+0xadc3d)[0x14b023b56c3d]
[jwb1129:3027563] [ 5] /p/software/default/stages/2026/software/GCCcore/14.3.0/lib64/libstdc++.so.6(+0xbf14a)[0x14b023b6814a]
[jwb1129:3027563] [ 6] /p/software/default/stages/2026/software/GCCcore/14.3.0/lib64/libstdc++.so.6(_ZSt10unexpectedv+0x0)[0x14b023b567e9]
[jwb1129:3027563] [ 7] /p/software/default/stages/2026/software/GCCcore/14.3.0/lib64/libstdc++.so.6(+0xbf3c7)[0x14b023b683c7]
[jwb1129:3027563] [ 8] /p/home/jusers/fischill1/juwels/ippl/build_fin/_deps/kokkos-build/core/src/libkokkoscore.so.5.0(_ZN6Kokkos4Impl15throw_bad_allocESt17basic_string_viewIcSt11char_traitsIcEEmS4_+0x115)[0x14b023ff6e05]
terminate called after throwing an instance of 'std::runtime_error'
  what():  Kokkos ERROR: Cuda memory space failed to allocate 641.5 MiB (label="keys_out").
[jwb1129:3027563] [ 9] /p/home/jusers/fischill1/juwels/ippl/build_fin/_deps/kokkos-build/core/src/libkokkoscore.so.5.0(_ZNK6Kokkos9CudaSpace13impl_allocateEPKcmm28Kokkos_Profiling_SpaceHandle+0x219)[0x14b024009319]
[jwb1129:3027563] [10] /p/home/jusers/fischill1/juwels/ippl/build_fin/_deps/kokkos-build/core/src/libkokkoscore.so.5.0(_ZNK6Kokkos9CudaSpace8allocateEPKcmm+0x65)[0x14b024009395]
[jwb1129:3027563] [11] /p/home/jusers/fischill1/juwels/ippl/build_fin/_deps/kokkos-build/core/src/libkokkoscore.so.5.0(_ZN6Kokkos4Impl44HostInaccessibleSharedAllocationRecordCommonINS_9CudaSpaceEEC2ERKS2_RKNSt7__cxx1112basic_stringIcSt11char_traitsIcESaIcEEEmPFvPNS0_22SharedAllocationRecordIvvEEE+0x30)[0x14b02400b260]
[jwb0503:2186495] *** Process received signal ***
[jwb0503:2186495] Signal: Aborted (6)
[jwb0503:2186495] Signal code:  (-6)
[jwb1129:3027563] [12] /p/home/jusers/fischill1/juwels/ippl/build_fin/alpine/ElectrostaticPIF/LandauDampingPIF[0x49cd3a]
[jwb1129:3027563] [13] /p/home/jusers/fischill1/juwels/ippl/build_fin/alpine/ElectrostaticPIF/LandauDampingPIF[0x4d0480]
[jwb1129:3027563] [14] /p/home/jusers/fischill1/juwels/ippl/build_fin/alpine/ElectrostaticPIF/LandauDampingPIF[0x4e81cb]
[jwb1129:3027563] [15] /p/home/jusers/fischill1/juwels/ippl/build_fin/alpine/ElectrostaticPIF/LandauDampingPIF[0x5bee4d]
[jwb1129:3027563] [16] /p/home/jusers/fischill1/juwels/ippl/build_fin/alpine/ElectrostaticPIF/LandauDampingPIF[0x6093a7]
[jwb1129:3027563] [17] /p/home/jusers/fischill1/juwels/ippl/build_fin/alpine/ElectrostaticPIF/LandauDampingPIF[0x6095b5]
[jwb1129:3027563] [18] /p/home/jusers/fischill1/juwels/ippl/build_fin/alpine/ElectrostaticPIF/LandauDampingPIF[0x60c8d1]
[jwb1129:3027563] [19] /p/home/jusers/fischill1/juwels/ippl/build_fin/alpine/ElectrostaticPIF/LandauDampingPIF[0x60d25b]
[jwb1129:3027563] [20] /p/home/jusers/fischill1/juwels/ippl/build_fin/alpine/ElectrostaticPIF/LandauDampingPIF[0x423759]
[jwb1129:3027563] [21] /usr/lib64/libc.so.6(+0x2a610)[0x14b02389c610]
[jwb1129:3027563] [22] /usr/lib64/libc.so.6(__libc_start_main+0x80)[0x14b02389c6c0]
[jwb1129:3027563] [23] /p/home/jusers/fischill1/juwels/ippl/build_fin/alpine/ElectrostaticPIF/LandauDampingPIF[0x425995]
[jwb1129:3027563] *** End of error message ***
terminate called after throwing an instance of 'std::runtime_error'
  what():  Kokkos ERROR: Cuda memory space failed to allocate 641.7 MiB (label="keys_out").
terminate called after throwing an instance of 'std::runtime_error'
  what():  Kokkos ERROR: Cuda memory space failed to allocate 602.3 MiB (label="perm_out").
[jwb0503:2186495] [ 0] /usr/lib64/libc.so.6(+0x3fc30)[0x1489110adc30]
[jwb0503:2186495] [ 1] /usr/lib64/libc.so.6(+0x8d02c)[0x1489110fb02c]
[jwb0503:2186495] [ 2] /usr/lib64/libc.so.6(raise+0x16)[0x1489110adb86]
[jwb0503:2186495] [ 3] /usr/lib64/libc.so.6(abort+0xd3)[0x148911097873]
[jwb0503:2186495] [ 4] /p/software/default/stages/2026/software/GCCcore/14.3.0/lib64/libstdc++.so.6(+0xadc3d)[0x148911352c3d]
[jwb0503:2186495] [ 5] /p/software/default/stages/2026/software/GCCcore/14.3.0/lib64/libstdc++.so.6(+0xbf14a)[0x14891136414a]
[jwb0503:2186495] [ 6] /p/software/default/stages/2026/software/GCCcore/14.3.0/lib64/libstdc++.so.6(_ZSt10unexpectedv+0x0)[0x1489113527e9]
[jwb0503:2186495] [ 7] /p/software/default/stages/2026/software/GCCcore/14.3.0/lib64/libstdc++.so.6(+0xbf3c7)[0x1489113643c7]
[jwb0503:2186495] [ 8] /p/home/jusers/fischill1/juwels/ippl/build_fin/_deps/kokkos-build/core/src/libkokkoscore.so.5.0(_ZN6Kokkos4Impl15throw_bad_allocESt17basic_string_viewIcSt11char_traitsIcEEmS4_+0x115)[0x1489117f2e05]
[jwb1225:3165546] *** Process received signal ***
[jwb1225:3165546] Signal: Aborted (6)
[jwb1225:3165546] Signal code:  (-6)
[jwb0509:3777548] *** Process received signal ***
[jwb0509:3777548] Signal: Aborted (6)
[jwb0509:3777548] Signal code:  (-6)
[jwb0503:2186495] [ 9] /pterminate called after throwing an instance of 'std::runtime_error'
/home/jusers/fischill1/juwels/ippl/build_fin/_deps/kokkos-build/core/src/libkokkoscore.so.5.0(_ZNK6Kokkos9CudaSpace13impl_allocateEPKcmm28Kokkos_Profiling_SpaceHandle+0x219)[0x148911805319]
[jwb0503:2186495] [10] /p/home/jusers/fischill1/juwels/ippl/build_fin/_deps/kokkos-build/core/src/libkokkoscore.so.5.0(_ZNK6Kokkos9CudaSpace8allocateEPKcmm+0x65)[0x148911805395]
[jwb0503:2186495] [11] /p/home/jusers/fischill1/juwels/ippl/build_fin/_deps/kokkos-build/core/src/libkokkoscore.so.5.0(_ZN6Kokkos4Impl44HostInaccessibleSharedAllocationRecordCommonINS_9CudaSpaceEEC2ERKS2_RKNSt7__cxx1112basic_stringIcSt11char_traitsIcESaIcEEEmPFvPNS0_22SharedAllocationRecordIvvEEE+0x30)[0x148911807260]
[jwb0503:2186495] [12] /p/home/jusers/fischill1/juwels/ippl/build_fin/alpine/ElectrostaticPIF/LandauDampingPIF[0x4aa864]
terminate called after throwing an instance of 'std::runtime_error'
terminate called after throwing an instance of 'std::runtime_error'
terminate called after throwing an instance of 'std::runtime_error'
[jwb0503:2186495] [13] /p/home/jusers/fischill1/juwels/ippl/build_fin/alpine/ElectrostaticPIF/LandauDampingPIF[0x4aae5e]
[jwb0503:2186495] [14] /p/home/jusers/fischill1/juwels/ippl/build_fin/alpine/ElectrostaticPIF/LandauDampingPIF[0x4cf907]
[jwb0503:2186495] [15] /p/home/jusers/fischill1/juwels/ippl/build_fin/alpine/ElectrostaticPIF/LandauDampingPIF[0x4e81cb]
[jwb0503:2186495] [16] /p/home/jusers/fischill1/juwels/ippl/build_fin/alpine/ElectrostaticPIF/LandauDampingPIF[0x5bee4d]
[jwb0503:2186495] [17] /p/home/jusers/fischill1/juwels/ippl/build_fin/alpine/ElectrostaticPIF/LandauDampingPIF[0x6093a7]
[jwb0503:2186495] [18] /p/home/jusers/fischill1/juwels/ippl/build_fin/alpine/ElectrostaticPIF/LandauDampingPIF[0x6095b5]
[jwb0503:2186495] [19] /p/home/jusers/fischill1/juwels/ippl/build_fin/alpine/ElectrostaticPIF/LandauDampingPIF[0x60c8d1]
[jwb0503:2186495] [20] /p/home/jusers/fischill1/juwels/ippl/build_fin/alpine/ElectrostaticPIF/LandauDampingPIF[0x60d25b]
[jwb0503:2186495] [21] /p/home/jusers/fischill1/juwels/ippl/build_fin/alpine/Ele  what():  Kokkos ERROR: Cuda memory space failed to allocate 641.3 MiB (label="keys_out").
ctrostaticPIF/LandauDampingPIF[0x423759]
[jwb0503:2186495] [22] /usr/lib64/libc.so.6(+0x2a610)[0x148911098610]
[jwb0503:2186495] [23] /usr/lib64/libc.so.6(__libc_start_main+0x80)[0x1489110986c0]
[jwb0503:2186495] [24] /p/home/jusers/fischill1/juwels/ippl/build_fin/alpine/ElectrostaticPIF/LandauDampingPIF[0x425995]
[jwb0503:2186495] *** End of error message ***
[jwb1130:1848579] *** Process received signal ***
[jwb1130:1848579] Signal: Aborted (6)
[jwb1130:1848579] Signal code:  (-6)
terminate called after throwing an instance of 'std::runtime_error'
  what():  Kokkos ERROR: Cuda memory space failed to allocate 641.3 MiB (label="keys_out").
  what():  Kokkos ERROR: Cuda memory space failed to allocate 625.1 MiB (label="perm_out").
  what():  Kokkos ERROR: Cuda memory space failed to allocate 601.8 MiB (label="perm_out").
[jwb1143:2439049] *** Process received signal ***
[jwb1143:2439050] *** Process received signal ***
[jwb1143:2439050] Signal: Aborted (6)
[jwb1143:2439050] Signal code:  (-6)
[jwb1228:3374533] *** Process received signal ***
[jwb1228:3374533] Signal: Aborted (6)
[jwb1228:3374533] Signal code:  (-6)
[jwb0509:3777548] [ 0] /usr/lib64/libc.so.6(+0x3fc30)[0x147e8b78bc30]
[jwb0509:3777548] [ 1] /usr/lib64/libc.so.6(+0x8d02c)[0x147e8b7d902c]
[jwb0509:3777548] [ 2] /usr/lib64/libc.so.6(raise+0x16)[0x147e8b78bb86]
[jwb0509:3777548] [ 3] /usr/lib64/libc.so.6(abort+0xd3)[0x147e8b775873]
[jwb0509:3777548] [ 4] /p/software/default/stages/2026/software/GCCcore/14.3.0/lib64/libstdc++.so.6(+0xadc3d)[0x147e8ba30c3d]
[jwb0509:3777548] [ 5] /p/software/default/stages/2026/software/GCCcore/14.3.0/lib64/libstdc++.so.6(+0xbf14a)[0x147e8ba4214a]
[jwb0509:3777548] [ 6] /p/software/default/stages/2026/software/GCCcore/14.3.0/lib64/libstdc++.so.6(_ZSt10unexpectedv+0x0)[0x147e8ba307e9]
[jwb0509:3777548] [ 7] /p/software/default/stages/2026/software/GCCcore/14.3.0/lib64/libstdc++.so.6(+0xbf3c7)[0x147e8ba423c7]
[jwb0509:3777548] [ 8] /p/home/jusers/fischill1/juwels/ippl/build_fin/_deps/kokkos-build/core/src/libkokkoscore.so.5.0(_ZN6Kokkos4Impl15throw_bad_allocESt17basic_string_viewIcSt11char_traitsIcEEmS4_+0x115)[0x147e8bed0e05]
[jwb1225:3165546] [ 0] /usr/lib64/libc.so.6(+0x3fc30)[0x14c47a725c30]
[jwb1225:3165546] [ 1] /usr/lib64/libc.so.6(+0x8d02c)[0x14c47a77302c]
[jwb1225:3165546] [ 2] /usr/lib64/libc.so.6(raise+0x16)[0x14c47a725b86]
[jwb1225:3165546] [ 3] /usr/lib64/libc.so.6(abort+0xd3)[0x14c47a70f873]
[jwb1225:3165546] [ 4] /p/software/default/stages/2026/software/GCCcore/14.3.0/lib64/libstdc++.so.6(+0xadc3d)[0x14c47a9cac3d]
[jwb1225:3165546] [ 5] /p/software/default/stages/2026/software/GCCcore/14.3.0/lib64/libstdc++.so.6(+0xbf14a)[0x14c47a9dc14a]
[jwb1225:3165546] [ 6] /p/software/default/stages/2026/software/GCCcore/14.3.0/lib64/libstdc++.so.6(_ZSt10unexpectedv+0x0)[0x14c47a9ca7e9]
[jwb1225:3165546] [ 7] /p/software/default/stages/2026/software/GCCcore/14.3.0/lib64/libstdc++.so.6(+0xbf3c7)[0x14c47a9dc3c7]
[jwb1225:3165546] [ 8] /p/home/jusers/fischill1/juwels/ippl/build_fin/_deps/kokkos-build/core/src/libkokkoscore.so.5.0(_ZN6Kokkos4Impl15throw_bad_allocESt17basic_string_viewIcSt11char_traitsIcEEmS4_+0x115)[0x14c47ae6ae05]
[jwb1143:2439049] Signal: Aborted (6)
[jwb1143:2439049] Signal code:  (-6)
[jwb1225:3165546] [ 9] /p  what():  Kokkos ERROR: Cuda memory space failed to allocate 1.068 GiB (label="temp_storage").
[jwb1143:2439047] *** Process received signal ***
[jwb0509:3777548] [ 9] /p/home/jusers/fischill1/juwels/ippl/build_fin/_deps/kokkos-build/core/src/libkokkoscore.so.5.0(_ZNK6Kokkos9CudaSpace13impl_allocateEPKcmm28Kokkos_Profiling_SpaceHandle+0x219)[0x14c47ae7d319]
[jwb1225:3165546] [10] /p/home/jusers/fischill1/juwels/ippl/build_fin/_deps/kokkos-build/core/src/libkokkoscore.so.5.0(_ZNK6Kokkos9CudaSpace8allocateEPKcmm+0x65)[0x14c47ae7d395]
[jwb1225:3165546] [11] /p/home/jusers/fischill1/juwels/ippl/build_fin/_deps/kokkos-build/core/src/libkokkoscore.so.5.0(_ZN6Kokkos4Impl44HostInaccessibleSharedAllocationRecordCommonINS_9CudaSpaceEEC2ERKS2_RKNSt7__cxx1112basic_stringIcSt11char_traitsIcESaIcEEEmPFvPNS0_22SharedAllocationRecordIvvEEE+0x30)[0x14c47ae7f260]
[jwb1225:3165546] [12] /p/home/jusers/fischill1/juwels/ippl/build_fin/alpine/ElectrostaticPIF/LandauDampingPIF[0x4aa864]
[jwb1225:3165546] [13] /p/home/jusers/fischill1/juwels/ippl/build_fin/alpine/ElectrostaticPIF/LandauDampingPIF[0x4aaf61]
[jwb1143:2439047] Signal: Aborted (6)
[jwb1143:2439047] Signal code:  (-6)
/home/jusers/fischill1/juwels/ippl/build_fin/_deps/kokkos-build/core/src/libkokkoscore.so.5.0(_ZNK6Kokkos9CudaSpace13impl_allocateEPKcmm28Kokkos_Profiling_SpaceHandle+0x219)[0x147e8bee3319]
[jwb0509:3777548] [10] /p/home/jusers/fischill1/juwels/ippl/build_fin/_deps/kokkos-build/core/src/libkokkoscore.so.5.0(_ZNK6Kokkos9CudaSpace8allocateEPKcmm+0x65)[0x147e8bee3395]
[jwb0509:3777548] [11] /p/home/jusers/fischill1/juwels/ippl/build_fin/_deps/kokkos-build/core/src/libkokkoscore.so.5.0(_ZN6Kokkos4Impl44HostInaccessibleSharedAllocationRecordCommonINS_9CudaSpaceEEC2ERKS2_RKNSt7__cxx1112basic_stringIcSt11char_traitsIcESaIcEEEmPFvPNS0_22SharedAllocationRecordIvvEEE+0x30)[0x147e8bee5260]
[jwb0509:3777548] [12] /p/home/jusers/fischill1/juwels/ippl/build_fin/alpine/ElectrostaticPIF/LandauDampingPIF[0x4aa864]
[jwb0509:3777548] [13] /p/home/jusers/fischill1/juwels/ippl/build_fin/alpine/ElectrostaticPIF/LandauDampingPIF[0x4aae5e]
[jwb1225:3165546] [14] /p/home/jusers/fischill1/juwels/ippl/build_fin/alpine/ElectrostaticPIF/LandauDampingPIF[0x4cf907]
[jwb1225:3165546] [15] /p/home/jusers/fischill1/juwels/ippl/build_fin/alpine/ElectrostaticPIF/LandauDampingPIF[0x4e81cb]
[jwb1225:3165546] [16] /p/home/jusers/fischill1/juwels/ippl/build_fin/alpine/ElectrostaticPIF/LandauDampingPIF[0x5bee4d]
[jwb1225:3165546] [17] /p/home/jusers/fischill1/juwels/ippl/build_fin/alpine/ElectrostaticPIF/LandauDampingPIF[0x6093a7]
[jwb1225:3165546] [18] /p/home/jusers/fischill1/juwels/ippl/build_fin/alpine/ElectrostaticPIF/LandauDampingPIF[0x6095b5]
[jwb1225:3165546] [19] /p/home/jusers/fischill1/juwels/ippl/build_fin/alpine/ElectrostaticPIF/LandauDampingPIF[0x60c8d1]
terminate called after throwing an instance of 'std::runtime_error'
  what():  Kokkos ERROR: Cuda memory space failed to allocate 641.6 MiB (label="keys_out").
[jwb0509:3777548] [14] /p/home/jusers/fischill1/juwels/ippl/build_fin/alpine/ElectrostaticPIF/LandauDampingPIF[0x4cf90[jwb1143:2439048] *** Process received signal ***
[jwb1143:2439048] Signal: Aborted (6)
[jwb1143:2439048] Signal code:  (-6)
7]
[jwb0509:3777548] [15] /p/home/jusers/fischill1/juwels/ippl/build_fin/alpine/ElectrostaticPIF/LandauDampingPIF[0x4e81cb]
[jwb0509:3777548] [16] /p/home/jusers/fischill1/juwels/ippl/build_fin/alpine/ElectrostaticPIF/LandauDampingPIF[0x5bee4d]
[jwb0509:3777548] [17] /p/home/jusers/fischill1/juwels/ippl/build_fin/alpine/ElectrostaticPIF/LandauDampingPIF[0x6093a7]
[jwb0509:3777548] [18] /p/home/jusers/fischill1/juwels/ippl/build_fin/alpine/ElectrostaticPIF/LandauDampingPIF[0x6095b5]
[jwb0509:3777548] [19] /p/home/jusers/fischill1/juwels/ippl/build_fin/alpine/ElectrostaticPIF/LandauDampingPIF[0x60c8d1]
[jwb0509:3777548] [20] /p/home/jusers/fischill1/juwels/ippl/build_fin/alpine/ElectrostaticPIF/LandauDampingPIF[0x60d25b]
[jwb0509:3777548] [21] /p/home/jusers/fischill1/juwels/ippl/build_fin/alpine/ElectrostaticPIF/LandauDampingPIF[0x423759]
[jwb0509:3777548] [22] /usr/lib64/libc.so.6(+0x2a610)[0x147e8b776610]
[jwb0509:3777548] [23] /usr/lib64/libc.so.6(__libc_start_main+0x80)[0x147e8b7766c0]
[jwb1225:3165546] [20] /p/home/jusers/fischill1/juwels/ippl/build_fin/alpine/ElectrostaticPIF/LandauDampingPIF[0x60d25b]
[jwb1225:3165546] [21] /p/home/jusers/fischill1/juwels/ippl/build_fin/alpine/ElectrostaticPIF/LandauDampingPIF[0x423759]
[jwb1225:3165546] [22] /usr/lib64/libc.so.6(+0x2a610)[0x14c47a710610]
[jwb1225:3165546] [23] /usr/lib64/libc.so.6(__libc_start_main+0x80)[0x14c47a7106c0]
[jwb1225:3165546] [24] /p/home/jusers/fischill1/juwels/ippl/build_fin/alpine/ElectrostaticPIF/LandauDampingPIF[0x425995]
[jwb1143:2439049] [ 0] /usr/lib64/libc.so.6(+0x3fc30)[0x1534de033c30]
[jwb1143:2439049] [ 1] /usr/lib64/libc.so.6(+0x8d02c)[0x1534de08102c]
[jwb1143:2439049] [ 2] /usr/lib64/libc.so.6(raise+0x16)[0x1534de033b86]
[jwb1143:2439049] [ 3] /usr/lib64/libc.so.6(abort+0xd3)[0x1534de01d873]
[jwb1143:2439049] [ 4] /p/software/default/stages/2026/software/GCCcore/14.3.0/lib64/libstdc++.so.6(+0xadc3d)[0x1534de2d8c3d]
[jwb1143:2439049] [ 5] /p/software/default/stages/2026/software/GCCcore/14.3.0/lib64/libstdc++.so.6(+0xbf14a)[0x1534de2ea14a]
[jwb1143:2439049] [ 6] /p/software/default/stages/2026/software/GCCcore/14.3.0/lib64/libstdc++.so.6(_ZSt10unexpectedv+0x0)[0x1534de2d87e9]
[jwb1143:2439049] [ 7] /p/software/default/stages/2026/software/GCCcore/14.3.0/lib64/libstdc++.so.6(+0xbf3c7)[0x1534de2ea3c7]
[jwb1143:2439049] [ 8] /p/home/jusers/fischill1/juwels/ippl/build_fin/_deps/kokkos-build/core/src/libkokkoscore.so.5.0(_ZN6Kokkos4Impl15throw_bad_allocESt17basic_string_viewIcSt11char_traitsIcEEmS4_+0x115)[0x1534de778e05]
[jwb0509:3777548] [24] /p/home/jusers/fischi[jwb1225:3165546] *** End of error message ***
[jwb1130:1848579] [ 0] /usr/lib64/libc.so.6(+0x3fc30)[0x14c1eed3ec30]
[jwb1130:1848579] [ 1] /usr/lib64/libc.so.6(+0x8d02c)[0x14c1eed8c02c]
[jwb1130:1848579] [ 2] /usr/lib64/libc.so.6(raise+0x16)[0x14c1eed3eb86]
[jwb1130:1848579] [ 3] /usr/lib64/libc.so.6(abort+0xd3)[0x14c1eed28873]
[jwb1130:1848579] [ 4] /p/software/default/stages/2026/software/GCCcore/14.3.0/lib64/libstdc++.so.6(+0xadc3d)[0x14c1eefe3c3d]
[jwb1130:1848579] [ 5] /p/software/default/stages/2026/software/GCCcore/14.3.0/lib64/libstdc++.so.6(+0xbf14a)[0x14c1eeff514a]
[jwb1130:1848579] [ 6] /p/software/default/stages/2026/software/GCCcore/14.3.0/lib64/libstdc++.so.6(_ZSt10unexpectedv+0x0)[0x14c1eefe37e9]
[jwb1130:1848579] [ 7] /p/software/default/stages/2026/software/GCCcore/14.3.0/lib64/libstdc++.so.6(+0xbf3c7)[0x14c1eeff53c7]
[jwb1130:1848579] [ 8] /p/home/jusers/fischill1/juwels/ippl/build_fin/_deps/kokkos-build/core/src/libkokkoscore.so.5.0(_ZN6Kokkos4Impl15throw_bad_allocESt17basic_string_viewIcSt11char_traitsIcEEmS4_+0x115)[0x14c1ef483e05]
[jwb1143:2439049] [ 9] /pll1/juwels/ippl/build_fin/alpine/ElectrostaticPIF/LandauDampingPIF[0x425995]
[jwb0509:3777548] *** End of error message ***
[jwb1130:1848579] [ 9] /p/home/jusers/fischill1/juwels/ippl/build_fin/_deps/kokkos-build/core/src/libkokkoscore.so.5.0(_ZNK6Kokkos9CudaSpace13impl_allocateEPKcmm28Kokkos_Profiling_SpaceHandle+0x219)[0x1534de78b319]
[jwb1143:2439049] [10] /p/home/jusers/fischill1/juwels/ippl/build_fin/_deps/kokkos-build/core/src/libkokkoscore.so.5.0(_ZNK6Kokkos9CudaSpace8allocateEPKcmm+0x65)[0x1534de78b395]
/home/jusers/fischill1/juwels/ippl/build_fin/_deps/kokkos-build/core/src/libkokkoscore.so.5.0(_ZNK6Kokkos9CudaSpace13impl_allocateEPKcmm28Kokkos_Profiling_SpaceHandle+0x219)[0x14c1ef496319]
[jwb1130:1848579] [10] /p/home/jusers/fischill1/juwels/ippl/build_fin/_deps/kokkos-build/core/src/libkokkoscore.so.5.0(_ZNK6Kokkos9CudaSpace8allocateEPKcmm+0x65)[0x14c1ef496395]
[jwb1130:1848579] [11] /p/home/jusers/fischill1/juwels/ippl/build_fin/_deps/kokkos-build/core/src/libkokkoscore.so.5.0(_ZN6Kokkos4Impl44HostInaccessibleSharedAllocationRecordCommonINS_9CudaSpaceEEC2ERKS2_RKNSt7__cxx1112basic_stringIcSt11char_traitsIcESaIcEEEmPFvPNS0_22SharedAllocationRecordIvvEEE+0x30)[0x14c1ef498260]
[jwb1130:1848579] [12] /p/home/jusers/fischill1/juwels/ippl/build_fin/alpine/ElectrostaticPIF/LandauDampingPIF[0x4aa864]
[jwb1130:1848579] [13] /p/home/jusers/fischill1/juwels/ippl/build_fin/alpine/ElectrostaticPIF/LandauDampingPIF[0x4aae5e]
[jwb1143:2439050] [ 0] /usr/lib64/libc.so.6(+0x3fc30)[0x146c0aca2c30]
[jwb1143:2439050] [ 1] /usr/lib64/libc.so.6(+0x8d02c)[0x146c0acf002c]
[jwb1143:2439050] [ 2] /usr/lib64/libc.so.6(raise+0x16)[0x146c0aca2b86]
[jwb1143:2439050] [ 3] /usr/lib64/libc.so.6(abort+0xd3)[0x146c0ac8c873]
[jwb1143:2439050] [ 4] /p/software/default/stages/2026/software/GCCcore/14.3.0/lib64/libstdc++.so.6(+0xadc3d)[0x146c0af47c3d]
[jwb1143:2439050] [ 5] /p/software/default/stages/2026/software/GCCcore/14.3.0/lib64/libstdc++.so.6(+0xbf14a)[0x146c0af5914a]
[jwb1143:2439050] [ 6] /p/software/default/stages/2026/software/GCCcore/14.3.0/lib64/libstdc++.so.6(_ZSt10unexpectedv+0x0)[0x146c0af477e9]
[jwb1143:2439050] [ 7] /p/software/default/stages/2026/software/GCCcore/14.3.0/lib64/libstdc++.so.6(+0xbf3c7)[0x146c0af593c7]
[jwb1143:2439050] [ 8] /p/home/jusers/fischill1/juwels/ippl/build_fin/_deps/kokkos-build/core/src/libkokkoscore.so.5.0(_ZN6Kokkos4Impl15throw_bad_allocESt17basic_string_viewIcSt11char_traitsIcEEmS4_+0x115)[0x146c0b3e7e05]
[jwb1228:3374533] [ 0] /usr/lib64/libc.so.6(+0x3fc30)[0x14f799784c30]
[jwb1228:3374533] [ 1] /usr/lib64/libc.so.6(+0x8d02c)[0x14f7997d202c]
[jwb1228:3374533] [ 2] /usr/lib64/libc.so.6(raise+0x16)[0x14f799784b86]
[jwb1228:3374533] [ 3] /usr/lib64/libc.so.6(abort+0xd3)[0x14f79976e873]
[jwb1228:3374533] [ 4] /p/software/default/stages/2026/software/GCCcore/14.3.0/lib64/libstdc++.so.6(+0xadc3d)[0x14f799a29c3d]
[jwb1228:3374533] [ 5] /p/software/default/stages/2026/software/GCCcore/14.3.0/lib64/libstdc++.so.6(+0xbf14a)[0x14f799a3b14a]
[jwb1228:3374533] [ 6] /p/software/default/stages/2026/software/GCCcore/14.3.0/lib64/libstdc++.so.6(_ZSt10unexpectedv+0x0)[0x14f799a297e9]
[jwb1228:3374533] [ 7] /p/software/default/stages/2026/software/GCCcore/14.3.0/lib64/libstdc++.so.6(+0xbf3c7)[0x14f799a3b3c7]
[jwb1228:3374533] [ 8] /p/home/jusers/fischill1/juwels/ippl/build_fin/_deps/kokkos-build/core/src/libkokkoscore.so.5.0(_ZN6Kokkos4Impl15throw_bad_allocESt17basic_string_viewIcSt11char_traitsIcEEmS4_+0x115)[0x14f799ec9e05]
[jwb1130:1848579] [14] /p/home/jusers/fischill1/juwels/ippl/build_fin/alpine/ElectrostaticPIF/LandauDampingPIF[0x4cf90[jwb1143:2439050] [ 9] /p7]
[jwb1130:1848579] [15] /p/home/jusers/fischill1/juwels/ippl/build_fin/alpine/ElectrostaticPIF/LandauDampingPIF[0x4e81cb]
[jwb1130:1848579] [16] /p/home/jusers/fischill1/juwels/ippl/build_fin/alpine/ElectrostaticPIF/LandauDampingPIF[0x5bee4d]
[jwb1130:1848579] [17] /p/home/jusers/fischill1/juwels/ippl/build_fin/alpine/ElectrostaticPIF/LandauDampingPIF[0x6093a7]
[jwb1130:1848579] [18] /p/home/jusers/fischill1/juwels/ippl/build_fin/alpine/ElectrostaticPIF/LandauDampingPIF[0x6095b5]
/home/jusers/fischill1/juwels/ippl/build_fin/_deps/kokkos-build/core/src/libkokkoscore.so.5.0(_ZNK6Kokkos9CudaSpace13impl_allocateEPKcmm28Kokkos_Profiling_SpaceHandle+0x219)[0x146c0b3fa319]
[jwb1143:2439050] [10] /p/home/jusers/fischill1/juwels/ippl/build_fin/_deps/kokkos-build/core/src/libkokkoscore.so.5.0(_ZNK6Kokkos9CudaSpace8allocateEPKcmm+0x65)[0x146c0b3fa395]
[jwb1143:2439050] [11] /p/home/jusers/fischill1/juwels/ippl/build_fin/_deps/kokkos-build/core/src/libkokkoscore.so.5.0(_ZN6Kokkos4Impl44HostInaccessibleSharedAllocationRecordCommonINS_9CudaSpaceEEC2ERKS2_RKNSt7__cxx1112basic_stringIcSt11char_traitsIcESaIcEEEmPFvPNS0_22SharedAllocationRecordIvvEEE+0x30)[0x146c0b3fc260]
[jwb1143:2439050] [12] /p/home/jusers/fischill1/juwels/ippl/build_fin/alpine/ElectrostaticPIF/LandauDampingPIF[0x4aa864]
[jwb1130:1848579] [19] /p/home/jusers/fischill1/juwels/ippl/build_fin/alpine/ElectrostaticPIF/LandauDampingPIF[0x60c8d1]
[jwb1130:1848579] [20] /p/home/jusers/fischill1/juwels/ippl/build_fin/alpine/ElectrostaticPIF/LandauDampingPIF[0x60d25b]
[jwb1130:1848579] [21] /p/home/jusers/fischill1/juwels/ippl/build_fin/alpine/ElectrostaticPIF/LandauDampingPIF[0x423759]
[jwb1130:1848579] [22] /usr/lib64/libc.so.6(+0x2a610)[0x14c1eed29610]
[jwb1130:1848579] [23] /usr/lib64/libc.so.6(__libc_start_main+0x80)[0x14c1eed296c0]
[jwb1130:1848579] [24] /p/home/jusers/fischill1/juwels/ippl/build_fin/alpine/ElectrostaticPIF/LandauDampingPIF[0x425995]
[jwb1130:1848579] *** End of error message ***
[jwb1143:2439050] [13] /p/home/jusers/fischill1/juwels/ippl/build_fin/alpine/ElectrostaticPIF/LandauDampingPIF[0x4aaf61]
[jwb1143:2439050] [14] /p/home/jusers/fischill1/juwels/ippl/build_fin/alpine/ElectrostaticPIF/LandauDampingPIF[0x4cf907]
[jwb1143:2439050] [15] /p/home/jusers/fischill1/juwels/ippl/build_fin/alpine/ElectrostaticPIF/LandauDampingPIF[0x4e81cb]
[jwb1143:2439050] [16] /p/home/jusers/fischill1/juwels/ippl/build_fin/alpine/ElectrostaticPIF/LandauDampingPIF[0x5bee4d]
[jwb1228:3374533] [ 9] /p[jwb1143:2439047] [ 0] /usr/lib64/libc.so.6(+0x3fc30)[0x14e3f8611c30]
[jwb1143:2439047] [ 1] /usr/lib64/libc.so.6(+0x8d02c)[0x14e3f865f02c]
[jwb1143:2439047] [ 2] /usr/lib64/libc.so.6(raise+0x16)[0x14e3f8611b86]
[jwb1143:2439047] [ 3] /usr/lib64/libc.so.6(abort+0xd3)[0x14e3f85fb873]
[jwb1143:2439047] [ 4] /p/software/default/stages/2026/software/GCCcore/14.3.0/lib64/libstdc++.so.6(+0xadc3d)[0x14e3f88b6c3d]
[jwb1143:2439047] [ 5] /p/software/default/stages/2026/software/GCCcore/14.3.0/lib64/libstdc++.so.6(+0xbf14a)[0x14e3f88c814a]
[jwb1143:2439047] [ 6] /p/software/default/stages/2026/software/GCCcore/14.3.0/lib64/libstdc++.so.6(_ZSt10unexpectedv+0x0)[0x14e3f88b67e9]
[jwb1143:2439047] [ 7] /p/software/default/stages/2026/software/GCCcore/14.3.0/lib64/libstdc++.so.6(+0xbf3c7)[0x14e3f88c83c7]
[jwb1143:2439047] [ 8] /p/home/jusers/fischill1/juwels/ippl/build_fin/_deps/kokkos-build/core/src/libkokkoscore.so.5.0(_ZN6Kokkos4Impl15throw_bad_allocESt17basic_string_viewIcSt11char_traitsIcEEmS4_+0x115)[0x14e3f8d56e05]
terminate called after throwing an instance of 'std::runtime_error'
/home/jusers/fischill1/juwels/ippl/build_fin/_deps/kokkos-build/core/src/libkokkoscore.so.5.0(_ZNK6Kokkos9CudaSpace13impl_allocateEPKcmm28Kokkos_Profiling_SpaceHandle+0x219)[0x14f799edc319]
[jwb1228:3374533] [10] /p/home/jusers/fischill1/juwels/ippl/build_fin/_deps/kokkos-build/core/src/libkokkoscore.so.5.0(_ZNK6Kokkos9CudaSpace8allocateEPKcmm+0x65)[0x14f799edc395]
[jwb1228:3374533] [11] /p/home/jusers/fischill1/juwels/ippl/build_fin/_deps/kokkos-build/core/src/libkokkoscore.so.5.0(_ZN6Kokkos4Impl44HostInaccessibleSharedAllocationRecordCommonINS_9CudaSpaceEEC2ERKS2_RKNSt7__cxx1112basic_stringIcSt11char_traitsIcESaIcEEEmPFvPNS0_22SharedAllocationRecordIvvEEE+0x30)[0x14f799ede260]
[jwb1228:3374533] [12] /p/home/jusers/fischill1/juwels/ippl/build_fin/alpine/ElectrostaticPIF/LandauDampingPIF[0x4aa864]
[jwb1228:3374533] [13] /p/home/jusers/fischill1/juwels/ippl/build_fin/alpine/ElectrostaticPIF/LandauDampingPIF[0x4aae5e]
[jwb1143:2439047] [ 9] /p  what():  Kokkos ERROR: Cuda memory space failed to allocate 625.1 MiB (label="perm_out").
[jwb1228:3374533] [14] /p/home/jusers/fischill1/juwels/ippl/build_fin/alpine/ElectrostaticPIF/LandauDampingPIF[0x4cf90[jwb1143:2439050] [17] /p/home/jusers/fischill1/juwels/ippl/build_fin/alpine/ElectrostaticPIF/LandauDampingPIF[0x6093a7]
[jwb1143:2439050] [18] /p/home/jusers/fischill1/juwels/ippl/build_fin/alpine/ElectrostaticPIF/LandauDampingPIF[0x6095b5]
terminate called after throwing an instance of 'std::runtime_error'
7]
[jwb1228:3374533] [15] /p/home/jusers/fischill1/juwels/ippl/build_fin/alpine/ElectrostaticPIF/LandauDampingPIF[0x4e81cb]
[jwb1228:3374533] [16] /p/home/jusers/fischill1/juwels/ippl/build_fin/alpine/ElectrostaticPIF/LandauDampingPIF[0x5bee4d]
[jwb1228:3374533] [17] /p/home/jusers/fischill1/juwels/ippl/build_fin/alpine/ElectrostaticPIF/LandauDampingPIF[0x6093a7]
[jwb1228:3374533] [18] /p/home/jusers/fischill1/juwels/ippl/build_fin/alpine/ElectrostaticPIF/LandauDampingPIF[0x6095b5]
[jwb1228:3374533] [19] /p/home/jusers/fischill1/juwels/ippl/build_fin/alpine/ElectrostaticPIF/LandauDampingPIF[0x60c8d1]
[jwb1228:3374533] [20] /p/home/jusers/fischill1/juwels/ippl/build_fin/alpine/ElectrostaticPIF/LandauDampingPIF[0x60d25b]
[jwb1228:3374533] [21] /p/home/jusers/fischill1/juwels/ippl/build_fin/alpine/ElectrostaticPIF/LandauDampingPIF[0x423759]
[jwb1228:3374533] [22] /usr/lib64/libc.so.6(+0x2a610)[0x14f79976f610]
[jwb1228:3374533] [23] /usr/lib64/libc.so.6(__libc_start_main+0x80)[0x14f79976f6c0]
/home/jusers/fischill1/juwels/ippl/build_fin/_deps/kokkos-build/core/src/libkokkoscore.so.5.0(_ZNK6Kokkos9CudaSpace13impl_allocateEPKcmm28Kokkos_Profiling_SpaceHandle+0x219)[0x14e3f8d69319]
[jwb1143:2439047] [10] /p/home/jusers/fischill1/juwels/ippl/build_fin/_deps/kokkos-build/core/src/libkokkoscore.so.5.0(_ZNK6Kokkos9CudaSpace8allocateEPKcmm+0x65)[0x14e3f8d69395]
[jwb1143:2439047] [11] /p/home/jusers/fischill1/juwels/ippl/build_fin/_deps/kokkos-build/core/src/libkokkoscore.so.5.0(_ZN6Kokkos4Impl44HostInaccessibleSharedAllocationRecordCommonINS_9CudaSpaceEEC2ERKS2_RKNSt7__cxx1112basic_stringIcSt11char_traitsIcESaIcEEEmPFvPNS0_22SharedAllocationRecordIvvEEE+0x30)[0x14e3f8d6b260]
[jwb1143:2439047] [12] /p/home/jusers/fischill1/juwels/ippl/build_fin/alpine/ElectrostaticPIF/LandauDampingPIF[0x49cd3a]
[jwb1143:2439047] [13] /p/home/jusers/fischill1/juwels/ippl/build_fin/alpine/ElectrostaticPIF/LandauDampingPIF[0x4d0480]
[jwb1237:1459012] *** Process received signal ***
[jwb1237:1459012] Signal: Aborted (6)
[jwb1237:1459012] Signal code:  (-6)
[jwb1228:3374533] [24] /p/home/jusers/fischi[jwb1143:2439047] [14] /p/home/jusers/fischill1/juwels/ippl/build_fin/alpine/ElectrostaticPIF/LandauDampingPIF[0x4e81c  what():  Kokkos ERROR: Cuda memory space failed to allocate 641.5 MiB (label="keys_out").
ll1/juwels/ippl/build_fin/alpine/ElectrostaticPIF/LandauDampingPIF[0x425995]
[jwb1228:3374533] *** End of error message ***
b]
[jwb1143:2439047] [15] /p/home/jusers/fischill1/juwels/ippl/build_fin/alpine/ElectrostaticPIF/LandauDampingPIF[0x5bee4d]
[jwb1237:1459011] *** Process received signal ***
[jwb1237:1459011] Signal: Aborted (6)
[jwb1237:1459011] Signal code:  (-6)
[jwb1143:2439047] [16] /p/home/jusers/fischill1/juwels/ippl/build_fin/alpine/ElectrostaticPIF/LandauDampingPIF[0x6093a7]
[jwb1143:2439047] [17] /p/home/jusers/fischill1/juwels/ippl/build_fin/alpine/ElectrostaticPIF/LandauDampingPIF[0x6095b5]
[jwb1143:2439047] [18] /p/home/jusers/fischill1/juwels/ippl/build_fin/alpine/ElectrostaticPIF/LandauDampingPIF[0x60c8d1]
[jwb1143:2439047] [19] /p/home/jusers/fischill1/juwels/ippl/build_fin/alpine/ElectrostaticPIF/LandauDampingPIF[0x60d25b]
[jwb1143:2439047] [20] /p/home/jusers/fischill1/juwels/ippl/build_fin/alpine/ElectrostaticPIF/LandauDampingPIF[0x423759]
[jwb1143:2439047] [21] /usr/lib64/libc.so.6(+0x2a610)[0x14e3f85fc610]
[jwb1143:2439047] [22] /usr/lib64/libc.so.6(__libc_start_main+0x80)[0x14e3f85fc6c0]
[jwb1143:2439047] [23] /p/home/jusers/fischill1/juwels/ippl/build_fin/alpine/ElectrostaticPIF/LandauDampingPIF[0x425995]
[jwb1143:2439047] *** End of error message ***
terminate called after throwing an instance of 'std::runtime_error'
  what():  Kokkos ERROR: Cuda memory space failed to allocate 666.3 MiB (label="keys_out").
[jwb1143:2439050] [19] /p/home/jusers/fischill1/juwels/ippl/build_fin/alpine/ElectrostaticPIF/LandauDampingPIF[0x60c8d1]
[jwb1143:2439050] [20] /p/home/jusers/fischill1/juwels/ippl/build_fin/alpine/ElectrostaticPIF/LandauDampingPIF[0x60d25b]
[jwb1143:2439050] [21] /p/home/jusers/fischill1/juwels/ippl/build_fin/alpine/ElectrostaticPIF/LandauDampingPIF[0x423759]
[jwb1143:2439050] [22] /usr/lib64/libc.so.6(+0x2a610)[0x146c0ac8d610]
[jwb1143:2439050] [23] /usr/lib64/libc.so.6(__libc_start_main+0x80)[0x146c0ac8d6c0]
[jwb1143:2439050] [24] /p/home/jusers/fischill1/juwels/ippl/build_fin/alpine/ElectrostaticPIF/LandauDampingPIF[0x425995]
[jwb1143:2439050] *** End of error message ***
[jwb1223:3262262] *** Process received signal ***
[jwb1223:3262262] Signal: Aborted (6)
[jwb1223:3262262] Signal code:  (-6)
[jwb1143:2439049] [11] /p/home/jusers/fischill1/juwels/ippl/build_fin/_deps/kokkos-build/core/src/libkokkoscore.so.5.0(_ZN6Kokkos4Impl44HostInaccessibleSharedAllocationRecordCommonINS_9CudaSpaceEEC2ERKS2_RKNSt7__cxx1112basic_stringIcSt11char_traitsIcESaIcEEEmPFvPNS0_22SharedAllocationRecordIvvEEE+0x30)[0x1534de78d260]
[jwb1143:2439049] [12] /p/home/jusers/fischill1/juwels/ippl/build_fin/alpine/ElectrostaticPIF/LandauDampingPIF[0x4aa864]
[jwb1143:2439049] [13] /p/home/jusers/fischill1/juwels/ippl/build_fin/alpine/ElectrostaticPIF/LandauDampingPIF[0x4aaf61]
[jwb1143:2439049] [14] /p/home/jusers/fischill1/juwels/ippl/build_fin/alpine/ElectrostaticPIF/LandauDampingPIF[0x4cf907]
[jwb1143:2439049] [15] /p/home/jusers/fischill1/juwels/ippl/build_fin/alpine/ElectrostaticPIF/LandauDampingPIF[0x4e81cb]
[jwb1143:2439049] [16] /p/home/jusers/fischill1/juwels/ippl/build_fin/alpine/ElectrostaticPIF/LandauDampingPIF[0x5bee4d]
[jwb1237:1459011] [ 0] /usr/lib64/libc.so.6(+0x3fc30)[0x1481c1226c30]
[jwb1237:1459011] [ 1] /usr/lib64/libc.so.6(+0x8d02c)[0x1481c127402c]
[jwb1237:1459011] [ 2] /usr/lib64/libc.so.6(raise+0x16)[0x1481c1226b86]
[jwb1237:1459011] [ 3] /usr/lib64/libc.so.6(abort+0xd3)[0x1481c1210873]
[jwb1237:1459011] [ 4] /p/software/default/stages/2026/software/GCCcore/14.3.0/lib64/libstdc++.so.6(+0xadc3d)[0x1481c14cbc3d]
[jwb1237:1459011] [ 5] /p/software/default/stages/2026/software/GCCcore/14.3.0/lib64/libstdc++.so.6(+0xbf14a)[0x1481c14dd14a]
[jwb1237:1459011] [ 6] /p/software/default/stages/2026/software/GCCcore/14.3.0/lib64/libstdc++.so.6(_ZSt10unexpectedv+0x0)[0x1481c14cb7e9]
[jwb1237:1459011] [ 7] /p/software/default/stages/2026/software/GCCcore/14.3.0/lib64/libstdc++.so.6(+0xbf3c7)[0x1481c14dd3c7]
[jwb1237:1459011] [ 8] /p/home/jusers/fischill1/juwels/ippl/build_fin/_deps/kokkos-build/core/src/libkokkoscore.so.5.0(_ZN6Kokkos4Impl15throw_bad_allocESt17basic_string_viewIcSt11char_traitsIcEEmS4_+0x115)[0x1481c196be05]
terminate called after throwing an instance of 'std::runtime_error'
  what():  Kokkos ERROR: Cuda memory space failed to allocate 683.6 MiB (label="keys_out").
[jwb1143:2439049] [17] /p/home/jusers/fischill1/juwels/ippl/build_fin/alpine/ElectrostaticPIF/LandauDampingPIF[0x6093a7]
[j[jwb1237:1459011] [ 9] /pwb1143:2439049] [18] /p/home/jusers/fischill1/juwels/ippl/build_fin/alpine/ElectrostaticPIF/LandauDampingPIF[0x6095b5]
[jwb1143:2439049] [19] /p/home/jusers/fischill1/juwels/ippl/build_fin/alpine/ElectrostaticPIF/LandauDampingPIF[0x60c8d1]
[jwb1143:2439049] [20] /p/home/jusers/fischill1/juwels/ippl/build_fin/alpine/ElectrostaticPIF/LandauDampingPIF[0x60d25b]
[jwb1143:2439049] [21] /p/home/jusers/fischill1/juwels/ippl/build_fin/alpine/ElectrostaticPIF/LandauDampingPIF[0x423759]
[jwb1143:2439049] [22] /usr/lib64/libc.so.6(+0x2a610)[0x1534de01e610]
[jwb1143:2439049] [23] /usr/lib64/libc.so.6(__libc_start_main+0x80)[0x1534de01e6c0]
[jwb1143:2439049] [24] /p/home/jusers/fischill1/juwels/ippl/build_fin/alpine/ElectrostaticPIF/LandauDampingPIF[0x425995]
[jwb1143:2439049] *** End of error message ***
/home/jusers/fischill1/juwels/ippl/build_fin/_deps/kokkos-build/core/src/libkokkoscore.so.5.0(_ZNK6Kokkos9CudaSpace13impl_allocateEPKcmm28Kokkos_Profiling_SpaceHandle+0x219)[0x1481c197e319]
[jwb1237:1459011] [10] /p/home/jusers/fischill1/juwels/ippl/build_fin/_deps/kokkos-build/core/src/libkokkoscore.so.5.0(_ZNK6Kokkos9CudaSpace8allocateEPKcmm+0x65)[0x1481c197e395]
[jwb1143:2439048] [ 0] /usr/lib64/libc.so.6(+0x3fc30)[0x152ac1263c30]
[jwb1143:2439048] [ 1] /usr/lib64/libc.so.6(+0x8d02c)[0x152ac12b102c]
[jwb1143:2439048] [ 2] /usr/lib64/libc.so.6(raise+0x16)[0x152ac1263b86]
[jwb1143:2439048] [ 3] /usr/lib64/libc.so.6(abort+0xd3)[0x152ac124d873]
[jwb1143:2439048] [ 4] /p/software/default/stages/2026/software/GCCcore/14.3.0/lib64/libstdc++.so.6(+0xadc3d)[0x152ac1508c3d]
[jwb1143:2439048] [ 5] /p/software/default/stages/2026/software/GCCcore/14.3.0/lib64/libstdc++.so.6(+0xbf14a)[0x152ac151a14a]
[jwb1143:2439048] [ 6] /p/software/default/stages/2026/software/GCCcore/14.3.0/lib64/libstdc++.so.6(_ZSt10unexpectedv+0x0)[0x152ac15087e9]
[jwb1143:2439048] [ 7] /p/software/default/stages/2026/software/GCCcore/14.3.0/lib64/libstdc++.so.6(+0xbf3c7)[0x152ac151a3c7]
[jwb1143:2439048] [ 8] /p/home/jusers/fischill1/juwels/ippl/build_fin/_deps/kokkos-build/core/src/libkokkoscore.so.5.0(_ZN6Kokkos4Impl15throw_bad_allocESt17basic_string_viewIcSt11char_traitsIcEEmS4_+0x115)[0x152ac19a8e05]
[jwb1143:2439048] [ 9] /p[jwb0310:1975587] *** Process received signal ***
[jwb0310:1975587] Signal: Aborted (6)
[jwb0310:1975587] Signal code:  (-6)
/home/jusers/fischill1/juwels/ippl/build_fin/_deps/kokkos-build/core/src/libkokkoscore.so.5.0(_ZNK6Kokkos9CudaSpace13impl_allocateEPKcmm28Kokkos_Profiling_SpaceHandle+0x219)[0x152ac19bb319]
[jwb1143:2439048] [10] /p/home/jusers/fischill1/juwels/ippl/build_fin/_deps/kokkos-build/core/src/libkokkoscore.so.5.0(_ZNK6Kokkos9CudaSpace8allocateEPKcmm+0x65)[0x152ac19bb395]
[jwb1237:1459012] [ 0] /usr/lib64/libc.so.6(+0x3fc30)[0x15079aa32c30]
[jwb1237:1459012] [ 1] /usr/lib64/libc.so.6(+0x8d02c)[0x15079aa8002c]
[jwb1237:1459012] [ 2] /usr/lib64/libc.so.6(raise+0x16)[0x15079aa32b86]
[jwb1237:1459012] [ 3] /usr/lib64/libc.so.6(abort+0xd3)[0x15079aa1c873]
[jwb1237:1459012] [ 4] /p/software/default/stages/2026/software/GCCcore/14.3.0/lib64/libstdc++.so.6(+0xadc3d)[0x15079acd7c3d]
[jwb1237:1459012] [ 5] /p/software/default/stages/2026/software/GCCcore/14.3.0/lib64/libstdc++.so.6(+0xbf14a)[0x15079ace914a]
[jwb1237:1459012] [ 6] /p/software/default/stages/2026/software/GCCcore/14.3.0/lib64/libstdc++.so.6(_ZSt10unexpectedv+0x0)[0x15079acd77e9]
[jwb1237:1459012] [ 7] /p/software/default/stages/2026/software/GCCcore/14.3.0/lib64/libstdc++.so.6(+0xbf3c7)[0x15079ace93c7]
[jwb1237:1459012] [ 8] /p/home/jusers/fischill1/juwels/ippl/build_fin/_deps/kokkos-build/core/src/libkokkoscore.so.5.0(_ZN6Kokkos4Impl15throw_bad_allocESt17basic_string_viewIcSt11char_traitsIcEEmS4_+0x115)[0x15079b177e05]
[jwb1143:2439048] [11] /p/home/jusers/fischill1/juwels/ippl/build_fin/_deps/kokkos-build/core/src/libkokkoscore.so.5.0(_ZN6Kokkos4Impl44HostInaccessibleSharedAllocationRecordCommonINS_9CudaSpaceEEC2ERKS2_RKNSt7__cxx1112basic_stringIcSt11char_traitsIcESaIcEEEmPFvPNS0_22SharedAllocationRecordIvvEEE+0x30)[0x152ac19bd260]
[jwb1143:2439048] [12] /p/home/jusers/fischill1/juwels/ippl/build_fin/alpine/ElectrostaticPIF/LandauDampingPIF[0x4aa864]
[jwb1143:2439048] [13] /p/home/jusers/fischill1/juwels/ippl/build_fin/alpine/ElectrostaticPIF/LandauDampingPIF[0x4aae5e]
[jwb1143:2439048] [14] /p/home/jusers/fischill1/juwels/ippl/build_fin/alpine/ElectrostaticPIF/LandauDampingPIF[0x4cf907]
[jwb1143:2439048] [15] /p/home/jusers/fischill1/juwels/ippl/build_fin/alpine/ElectrostaticPIF/LandauDampingPIF[0x4e81cb]
[jwb1143:2439048] [16] /p/home/jusers/fischill1/juwels/ippl/build_fin/alpine/ElectrostaticPIF/LandauDampingPIF[0x5bee4d]
[jwb1237:1459012] [ 9] /p[jwb1143:2439048] [17] /p/home/jusers/fischill1/juwels/ippl/build_fin/alpine/ElectrostaticPIF/LandauDampingPIF[0x6093a7]
[jwb1143:2439048] [18] /p/home/jusers/fischill1/juwels/ippl/build_fin/alpine/ElectrostaticPIF/LandauDampingPIF[0x6095b5]
[jwb1143:2439048] [19] /p/home/jusers/fischill1/juwels/ippl/build_fin/alpine/ElectrostaticPIF/LandauDampingPIF[0x60c8d1]
[jwb1143:2439048] [20] /p/home/jusers/fischill1/juwels/ippl/build_fin/alpine/ElectrostaticPIF/LandauDampingPIF[0x60d25b]
[jwb1143:2439048] [21] /p/home/jusers/fischill1/juwels/ippl/build_fin/alpine/ElectrostaticPIF/LandauDampingPIF[0x423759]
[jwb1143:2439048] [22] /usr/lib64/libc.so.6(+0x2a610)[0x152ac124e610]
[jwb1143:2439048] [23] /usr/lib64/libc.so.6(__libc_start_main+0x80)[0x152ac124e6c0]
[jwb1143:2439048] [24] /p/home/jusers/fischill1/juwels/ippl/build_fin/alpine/ElectrostaticPIF/LandauDampingPIF[0x425995]
[jwb1143:2439048] *** End of error message ***
[jwb1237:1459011] [11] /p/home/jusers/fischill1/juwels/ippl/build_fin/_deps/kokkos-build/core/src/libkokkoscore.so.5.0(_ZN6Kokkos4Impl44HostInaccessibleSharedAllocationRecordCommonINS_9CudaSpaceEEC2ERKS2_RKNSt7__cxx1112basic_stringIcSt11char_traitsIcESaIcEEEmPFvPNS0_22SharedAllocationRecordIvvEEE+0x30)[0x1481c1980260]
[jwb1237:1459011] [12] /p/home/jusers/fischill1/juwels/ippl/build_fin/alpine/ElectrostaticPIF/LandauDampingPIF[0x4aa864]
[jwb1237:1459011] [13] /p/home/jusers/fischill1/juwels/ippl/build_fin/alpine/ElectrostaticPIF/LandauDampingPIF[0x4aae5e]
[jwb1237:1459011] [14] /p/home/jusers/fischill1/juwels/ippl/build_fin/alpine/ElectrostaticPIF/LandauDampingPIF[0x4cf907]
[jwb1237:1459011] [15] /p/home/jusers/fischill1/juwels/ippl/build_fin/alpine/ElectrostaticPIF/LandauDampingPIF[0x4e81cb]
[jwb1237:1459011] [16] /p/home/jusers/fischill1/juwels/ippl/build_fin/alpine/ElectrostaticPIF/LandauDampingPIF[0x5bee4d]
[jwb1237:1459011] [17] /p/home/jusers/fischill1/juwels/ippl/build_fin/alpine/ElectrostaticPIF/LandauDampingPIF[0x6093a7]
[jwb1223:3262262] [ 0] /usr/lib64/libc.so.6(+0x3fc30)[0x145a2a789c30]
[jwb1223:3262262] [ 1] /usr/lib64/libc.so.6(+0x8d02c)[0x145a2a7d702c]
[jwb1223:3262262] [ 2] /usr/lib64/libc.so.6(raise+0x16)[0x145a2a789b86]
[jwb1223:3262262] [ 3] /usr/lib64/libc.so.6(abort+0xd3)[0x145a2a773873]
[jwb1223:3262262] [ 4] /p/software/default/stages/2026/software/GCCcore/14.3.0/lib64/libstdc++.so.6(+0xadc3d)[0x145a2aa2ec3d]
[jwb1223:3262262] [ 5] /p/software/default/stages/2026/software/GCCcore/14.3.0/lib64/libstdc++.so.6(+0xbf14a)[0x145a2aa4014a]
[jwb1223:3262262] [ 6] /p/software/default/stages/2026/software/GCCcore/14.3.0/lib64/libstdc++.so.6(_ZSt10unexpectedv+0x0)[0x145a2aa2e7e9]
[jwb1223:3262262] [ 7] /p/software/default/stages/2026/software/GCCcore/14.3.0/lib64/libstdc++.so.6(+0xbf3c7)[0x145a2aa403c7]
[jwb1223:3262262] [ 8] /p/home/jusers/fischill1/juwels/ippl/build_fin/_deps/kokkos-build/core/src/libkokkoscore.so.5.0(_ZN6Kokkos4Impl15throw_bad_allocESt17basic_string_viewIcSt11char_traitsIcEEmS4_+0x115)[0x145a2aecee05]
/home/jusers/fischill1/juwels/ippl/build_fin/_deps/kokkos-build/core/src/libkokkoscore.so.5.0(_ZNK6Kokkos9CudaSpace13impl_allocateEPKcmm28Kokkos_Profiling_SpaceHandle+0x219)[0x15079b18a319]
[jwb1237:1459012] [10] /p/home/jusers/fischill1/juwels/ippl/build_fin/_deps/kokkos-build/core/src/libkokkoscore.so.5.0(_ZNK6Kokkos9CudaSpace8allocateEPKcmm+0x65)[0x15079b18a395]
[jwb1237:1459012] [11] /p/home/jusers/fischill1/juwels/ippl/build_fin/_deps/kokkos-build/core/src/libkokkoscore.so.5.0(_ZN6Kokkos4Impl44HostInaccessibleSharedAllocationRecordCommonINS_9CudaSpaceEEC2ERKS2_RKNSt7__cxx1112basic_stringIcSt11char_traitsIcESaIcEEEmPFvPNS0_22SharedAllocationRecordIvvEEE+0x30)[0x15079b18c260]
[jwb1237:1459012] [12] /p/home/jusers/fischill1/juwels/ippl/build_fin/alpine/ElectrostaticPIF/LandauDampingPIF[0x4aa864]
[jwb1237:1459012] [13] /p/home/jusers/fischill1/juwels/ippl/build_fin/alpine/ElectrostaticPIF/LandauDampingPIF[0x4aaf61]
[jwb1223:3262262] [ 9] /p[jwb1237:1459012] [14] /p/home/jusers/fischill1/juwels/ippl/build_fin/alpine/ElectrostaticPIF/LandauDampingPIF[0x4cf90/home/jusers/fischill1/juwels/ippl/build_fin/_deps/kokkos-build/core/src/libkokkoscore.so.5.0(_ZNK6Kokkos9CudaSpace13impl_allocateEPKcmm28Kokkos_Profiling_SpaceHandle+0x219)[0x145a2aee1319]
[jwb1223:3262262] [10] /p/home/jusers/fischill1/juwels/ippl/build_fin/_deps/kokkos-build/core/src/libkokkoscore.so.5.0(_ZNK6Kokkos9CudaSpace8allocateEPKcmm+0x65)[0x145a2aee1395]
[jwb1223:3262262] [11] /p/home/jusers/fischill1/juwels/ippl/build_fin/_deps/kokkos-build/core/src/libkokkoscore.so.5.0(_ZN6Kokkos4Impl44HostInaccessibleSharedAllocationRecordCommonINS_9CudaSpaceEEC2ERKS2_RKNSt7__cxx1112basic_stringIcSt11char_traitsIcESaIcEEEmPFvPNS0_22SharedAllocationRecordIvvEEE+0x30)[0x145a2aee3260]
[jwb1223:3262262] [12] /p/home/jusers/fischill1/juwels/ippl/build_fin/alpine/ElectrostaticPIF/LandauDampingPIF[0x4aa864]
[jwb1223:3262262] [13] /p/home/jusers/fischill1/juwels/ippl/build_fin/alpine/ElectrostaticPIF/LandauDampingPIF[0x4aae5e]
[jwb0310:1975587] [ 0] /usr/lib64/libc.so.6(+0x3fc30)[0x15288fa07c30]
[jwb0310:1975587] [ 1] /usr/lib64/libc.so.6(+0x8d02c)[0x15288fa5502c]
[jwb0310:1975587] [ 2] /usr/lib64/libc.so.6(raise+0x16)[0x15288fa07b86]
[jwb0310:1975587] [ 3] /usr/lib64/libc.so.6(abort+0xd3)[0x15288f9f1873]
[jwb0310:1975587] [ 4] /p/software/default/stages/2026/software/GCCcore/14.3.0/lib64/libstdc++.so.6(+0xadc3d)[0x15288fcacc3d]
[jwb0310:1975587] [ 5] /p/software/default/stages/2026/software/GCCcore/14.3.0/lib64/libstdc++.so.6(+0xbf14a)[0x15288fcbe14a]
[jwb0310:1975587] [ 6] /p/software/default/stages/2026/software/GCCcore/14.3.0/lib64/libstdc++.so.6(_ZSt10unexpectedv+0x0)[0x15288fcac7e9]
[jwb0310:1975587] [ 7] /p/software/default/stages/2026/software/GCCcore/14.3.0/lib64/libstdc++.so.6(+0xbf3c7)[0x15288fcbe3c7]
[jwb0310:1975587] [ 8] /p/home/jusers/fischill1/juwels/ippl/build_fin/_deps/kokkos-build/core/src/libkokkoscore.so.5.0(_ZN6Kokkos4Impl15throw_bad_allocESt17basic_string_viewIcSt11char_traitsIcEEmS4_+0x115)[0x15289014ce05]
7]
[jwb1237:1459012] [15] /p/home/jusers/fischill1/juwels/ippl/build_fin/alpine/ElectrostaticPIF/LandauDampingPIF[0x4e81cb]
[jwb1223:3262262] [14] /p/home/jusers/fischill1/juwels/ippl/build_fin/alpine/ElectrostaticPIF/LandauDampingPIF[0x4cf90[jwb1237:1459012] [16] /p/home/jusers/fischill1/juwels/ippl/build_fin/alpine/ElectrostaticPIF/LandauDampingPIF[0x5bee4d]
[jwb1237:1459012] [17] /p/home/jusers/fischill1/juwels/ippl/build_fin/alpine/ElectrostaticPIF/LandauDampingPIF[0x6093a7]
[jwb1237:1459012] [18] /p/home/jusers/fischill1/juwels/ippl/build_fin/alpine/ElectrostaticPIF/LandauDampingPIF[0x6095b5]
[jwb0310:1975587] [ 9] /p[jwb1237:1459012] [19] /p/home/jusers/fischill1/juwels/ippl/build_fin/alpine/ElectrostaticPIF/LandauDampingPIF[0x60c8d1]
[jwb1237:1459012] [20] /p/home/jusers/fischill1/juwels/ippl/build_fin/alpine/ElectrostaticPIF/LandauDampingPIF[0x60d25b]
7]
/home/jusers/fischill1/juwels/ippl/build_fin/_deps/kokkos-build/core/src/libkokkoscore.so.5.0(_ZNK6Kokkos9CudaSpace13impl_allocateEPKcmm28Kokkos_Profiling_SpaceHandle+0x219)[0x15289015f319]
[jwb0310:1975587] [10] /p/home/jusers/fischill1/juwels/ippl/build_fin/_deps/kokkos-build/core/src/libkokkoscore.so.5.0(_ZNK6Kokkos9CudaSpace8allocateEPKcmm+0x65)[0x15289015f395]
[jwb1237:1459012] [21] /p/home/jusers/fischill1/juwels/ippl/build_fin/alpine/ElectrostaticPIF/LandauDampingPIF[0x423759]
[jwb1237:1459012] [22] /usr/lib64/libc.so.6(+0x2a610)[0x15079aa1d610]
[jwb1237:1459012] [23] /usr/lib64/libc.so.6(__libc_start_main+0x80)[0x15079aa1d6c0]
[jwb1237:1459012] [24] /p/home/jusers/fischill1/juwels/ippl/build_fin/alpine/ElectrostaticPIF/LandauDampingPIF[0x425995]
[jwb1223:3262262] [15] /p/home/jusers/fischill1/juwels/ippl/build_fin/alpine/ElectrostaticPIF/LandauDampingPIF[0x4e81cb]
[jwb1223:3262262] [16] /p/home/jusers/fischill1/juwels/ippl/build_fin/alpine/ElectrostaticPIF/LandauDampingPIF[0x5bee4d]
[jwb1223:3262262] [17] /p/home/jusers/fischill1/juwels/ippl/build_fin/alpine/ElectrostaticPIF/LandauDampingPIF[0x6093a7]
[jwb1223:3262262] [18] /p/home/jusers/fischill1/juwels/ippl/build_fin/alpine/ElectrostaticPIF/LandauDampingPIF[0x6095b5]
[jwb1223:3262262] [19] /p/home/jusers/fischill1/juwels/ippl/build_fin/alpine/ElectrostaticPIF/LandauDampingPIF[0x60c8d1]
[jwb1223:3262262] [20] /p/home/jusers/fischill1/juwels/ippl/build_fin/alpine/ElectrostaticPIF/LandauDampingPIF[0x60d25b]
[jwb1223:3262262] [21] /p/home/jusers/fischill1/juwels/ippl/build_fin/alpine/ElectrostaticPIF/LandauDampingPIF[0x423759]
[jwb1223:3262262] [22] /usr/lib64/libc.so.6(+0x2a610)[0x145a2a774610]
[jwb1223:3262262] [23] /usr/lib64/libc.so.6(__libc_start_main+0x80)[0x145a2a7746c0]
[jwb0310:1975587] [11] /p/home/jusers/fischill1/juwels/ippl/build_fin/_deps/kokkos-build/core/src/libkokkoscore.so.5.0(_ZN6Kokkos4Impl44HostInaccessibleSharedAllocationRecordCommonINS_9CudaSpaceEEC2ERKS2_RKNSt7__cxx1112basic_stringIcSt11char_traitsIcESaIcEEEmPFvPNS0_22SharedAllocationRecordIvvEEE+0x30)[0x152890161260]
[jwb0310:1975587] [12] /p/home/jusers/fischill1/juwels/ippl/build_fin/alpine/ElectrostaticPIF/LandauDampingPIF[0x4aa864]
[jwb0310:1975587] [13] /p/home/jusers/fischill1/juwels/ippl/build_fin/alpine/ElectrostaticPIF/LandauDampingPIF[0x4aae5e]
[jwb0310:1975587] [14] /p/home/jusers/fischill1/juwels/ippl/build_fin/alpine/ElectrostaticPIF/LandauDampingPIF[0x4cf907]
[jwb0310:1975587] [15] /p/home/jusers/fischill1/juwels/ippl/build_fin/alpine/ElectrostaticPIF/LandauDampingPIF[0x4e81cb]
[jwb0310:1975587] [16] /p/home/jusers/fischill1/juwels/ippl/build_fin/alpine/ElectrostaticPIF/LandauDampingPIF[0x5bee4d]
[jwb1237:1459011] [18] /p/home/jusers/fischill1/juwels/ippl/build_fin/alpine/ElectrostaticPIF/LandauDampingPIF[0x6095b5]
[jwb1237:1459011] [19] /p/home/jusers/fischill1/juwels/ippl/build_fin/alpine/ElectrostaticPIF/LandauDampingPIF[0x60c8d1]
[jwb1237:1459011] [20] /p/home/jusers/fischill1/juwels/ippl/build_fin/alpine/ElectrostaticPIF/LandauDampingPIF[0x60d25b]
[jwb1237:1459011] [21] /p/home/jusers/fischill1/juwels/ippl/build_fin/alpine/ElectrostaticPIF/LandauDampingPIF[0x423759]
[jwb1237:1459011] [22] /usr/lib64/libc.so.6(+0x2a610)[0x1481c1211610]
[jwb1237:1459011] [23] /usr/lib64/libc.so.6(__libc_start_main+0x80)[0x1481c12116c0]
[jwb1237:1459011] [24] /p/home/jusers/fischill1/juwels/ippl/build_fin/alpine/ElectrostaticPIF/LandauDampingPIF[0x425995]
[jwb1237:1459011] *** End of error message ***
[jwb1223:3262262] [24] /p/home/jusers/fischill1[jwb0310:1975587] [17] /p/home/jusers/fischill1/juwels/ippl/build_fin/alpine/ElectrostaticPIF/LandauDampingPIF[0x6093a7]
[j[jwb1237:1459012] *** End of error message ***
/juwels/ippl/build_fin/alpine/ElectrostaticPIF/LandauDampingPIF[0x425995]
[jwb1223:3262262] *** End of error message ***
wb0310:1975587] [18] /p/home/jusers/fischill1/juwels/ippl/build_fin/alpine/ElectrostaticPIF/LandauDampingPIF[0x6095b5]
[jwb0310:1975587] [19] /p/home/jusers/fischill1/juwels/ippl/build_fin/alpine/ElectrostaticPIF/LandauDampingPIF[0x60c8d1]
[jwb0310:1975587] [20] /p/home/jusers/fischill1/juwels/ippl/build_fin/alpine/ElectrostaticPIF/LandauDampingPIF[0x60d25b]
[jwb0310:1975587] [21] /p/home/jusers/fischill1/juwels/ippl/build_fin/alpine/ElectrostaticPIF/LandauDampingPIF[0x423759]
[jwb0310:1975587] [22] /usr/lib64/libc.so.6(+0x2a610)[0x15288f9f2610]
[jwb0310:1975587] [23] /usr/lib64/libc.so.6(__libc_start_main+0x80)[0x15288f9f26c0]
[jwb0310:1975587] [24] /p/home/jusers/fischill1/juwels/ippl/build_fin/alpine/ElectrostaticPIF/LandauDampingPIF[0x425995]
[jwb0310:1975587] *** End of error message ***
terminate called after throwing an instance of 'std::runtime_error'
  what():  Kokkos ERROR: Cuda memory space failed to allocate 683.6 MiB (label="keys_out").
[jwb0488:1024093] *** Process received signal ***
[jwb0488:1024093] Signal: Aborted (6)
[jwb0488:1024093] Signal code:  (-6)
[jwb0488:1024093] [ 0] /usr/lib64/libc.so.6(+0x3fc30)[0x14b4d056ac30]
[jwb0488:1024093] [ 1] /usr/lib64/libc.so.6(+0x8d02c)[0x14b4d05b802c]
[jwb0488:1024093] [ 2] /usr/lib64/libc.so.6(raise+0x16)[0x14b4d056ab86]
[jwb0488:1024093] [ 3] /usr/lib64/libc.so.6(abort+0xd3)[0x14b4d0554873]
[jwb0488:1024093] [ 4] /p/software/default/stages/2026/software/GCCcore/14.3.0/lib64/libstdc++.so.6(+0xadc3d)[0x14b4d080fc3d]
[jwb0488:1024093] [ 5] /p/software/default/stages/2026/software/GCCcore/14.3.0/lib64/libstdc++.so.6(+0xbf14a)[0x14b4d082114a]
[jwb0488:1024093] [ 6] /p/software/default/stages/2026/software/GCCcore/14.3.0/lib64/libstdc++.so.6(_ZSt10unexpectedv+0x0)[0x14b4d080f7e9]
[jwb0488:1024093] [ 7] /p/software/default/stages/2026/software/GCCcore/14.3.0/lib64/libstdc++.so.6(+0xbf3c7)[0x14b4d08213c7]
[jwb0488:1024093] [ 8] /p/home/jusers/fischill1/juwels/ippl/build_fin/_deps/kokkos-build/core/src/libkokkoscore.so.5.0(_ZN6Kokkos4Impl15throw_bad_allocESt17basic_string_viewIcSt11char_traitsIcEEmS4_+0x115)[0x14b4d0cafe05]
terminate called after throwing an instance of 'std::runtime_error'
  what():  Kokkos ERROR: Cuda memory space failed to allocate 666.5 MiB (label="keys_out").
[jwb0488:1024093] [ 9] /p[jwb1237:1459010] *** Process received signal ***
/home/jusers/fischill1/juwels/ippl/build_fin/_deps/kokkos-build/core/src/libkokkoscore.so.5.0(_ZNK6Kokkos9CudaSpace13impl_allocateEPKcmm28Kokkos_Profiling_SpaceHandle+0x219)[0x14b4d0cc2319]
[jwb0488:1024093] [10] /p/home/jusers/fischill1/juwels/ippl/build_fin/_deps/kokkos-build/core/src/libkokkoscore.so.5.0(_ZNK6Kokkos9CudaSpace8allocateEPKcmm+0x65)[0x14b4d0cc2395]
[jwb0488:1024093] [11] /p/home/jusers/fischill1/juwels/ippl/build_fin/_deps/kokkos-build/core/src/libkokkoscore.so.5.0(_ZN6Kokkos4Impl44HostInaccessibleSharedAllocationRecordCommonINS_9CudaSpaceEEC2ERKS2_RKNSt7__cxx1112basic_stringIcSt11char_traitsIcESaIcEEEmPFvPNS0_22SharedAllocationRecordIvvEEE+0x30)[0x14b4d0cc4260]
[jwb0488:1024093] [12] /p/home/jusers/fischill1/juwels/ippl/build_fin/alpine/ElectrostaticPIF/LandauDampingPIF[0x4aa864]
[jwb0488:1024093] [13] /p/home/jusers/fischill1/juwels/ippl/build_fin/alpine/ElectrostaticPIF/LandauDampingPIF[0x4aae5e]
[jwb1237:1459010] Signal: Aborted (6)
[jwb1237:1459010] Signal code:  (-6)
[jwb0488:1024093] [14] /p/home/jusers/fischill1/juwels/ippl/build_fin/alpine/ElectrostaticPIF/LandauDampingPIF[0x4cf907]
[jwb0488:1024093] [15] /p/home/jusers/fischill1/juwels/ippl/build_fin/alpine/ElectrostaticPIF/LandauDampingPIF[0x4e81cb]
[jwb0488:1024093] [16] /p/home/jusers/fischill1/juwels/ippl/build_fin/alpine/ElectrostaticPIF/LandauDampingPIF[0x5bee4d]
[jwb0488:1024093] [17] /p/home/jusers/fischill1/juwels/ippl/build_fin/alpine/ElectrostaticPIF/LandauDampingPIF[0x6093a7]
[jwb0488:1024093] [18] /p/home/jusers/fischill1/juwels/ippl/build_fin/alpine/ElectrostaticPIF/LandauDampingPIF[0x6095b5]
[jwb0488:1024093] [19] /p/home/jusers/fischill1/juwels/ippl/build_fin/alpine/ElectrostaticPIF/LandauDampingPIF[0x60c8d1]
[jwb0488:1024093] [20] /p/home/jusers/fischill1/juwels/ippl/build_fin/alpine/ElectrostaticPIF/LandauDampingPIF[0x60d25b]
[jwb0488:1024093] [21] /p/home/jusers/fischill1/juwels/ippl/build_fin/alpine/ElectrostaticPIF/LandauDampingPIF[0x423759]
[jwb0488:1024093] [22] /usr/lib64/libc.so.6(+0x2a610)[0x14b4d0555610]
[jwb0488:1024093] [23] /usr/lib64/libc.so.6(__libc_start_main+0x80)[0x14b4d05556c0]
[jwb0488:1024093] [24] /p/home/jusers/fischill1/juwels/ippl/build_fin/alpine/ElectrostaticPIF/LandauDampingPIF[0x425995]
[jwb0488:1024093] *** End of error message ***
terminate called after throwing an instance of 'std::runtime_error'
  what():  Kokkos ERROR: Cuda memory space failed to allocate 666.3 MiB (label="keys_out").
[jwb1130:1848578] *** Process received signal ***
[jwb1130:1848578] Signal: Aborted (6)
[jwb1130:1848578] Signal code:  (-6)
[jwb1237:1459010] [ 0] /usr/lib64/libc.so.6(+0x3fc30)[0x14ec6eb4dc30]
[jwb1237:1459010] [ 1] /usr/lib64/libc.so.6(+0x8d02c)[0x14ec6eb9b02c]
[jwb1237:1459010] [ 2] /usr/lib64/libc.so.6(raise+0x16)[0x14ec6eb4db86]
[jwb1237:1459010] [ 3] /usr/lib64/libc.so.6(abort+0xd3)[0x14ec6eb37873]
[jwb1237:1459010] [ 4] /p/software/default/stages/2026/software/GCCcore/14.3.0/lib64/libstdc++.so.6(+0xadc3d)[0x14ec6edf2c3d]
[jwb1237:1459010] [ 5] /p/software/default/stages/2026/software/GCCcore/14.3.0/lib64/libstdc++.so.6(+0xbf14a)[0x14ec6ee0414a]
[jwb1237:1459010] [ 6] /p/software/default/stages/2026/software/GCCcore/14.3.0/lib64/libstdc++.so.6(_ZSt10unexpectedv+0x0)[0x14ec6edf27e9]
[jwb1237:1459010] [ 7] /p/software/default/stages/2026/software/GCCcore/14.3.0/lib64/libstdc++.so.6(+0xbf3c7)[0x14ec6ee043c7]
[jwb1237:1459010] [ 8] /p/home/jusers/fischill1/juwels/ippl/build_fin/_deps/kokkos-build/core/src/libkokkoscore.so.5.0(_ZN6Kokkos4Impl15throw_bad_allocESt17basic_string_viewIcSt11char_traitsIcEEmS4_+0x115)[0x14ec6f292e05]
[jwb1237:1459010] [ 9] /p/home/jusers/fischill1/juwels/ippl/build_fin/_deps/kokkos-build/core/src/libkokkoscore.so.5.0(_ZNK6Kokkos9CudaSpace13impl_allocateEPKcmm28Kokkos_Profiling_SpaceHandle+0x219)[0x14ec6f2a5319]
[jwb1237:1459010] [10] /p/home/jusers/fischill1/juwels/ippl/build_fin/_deps/kokkos-build/core/src/libkokkoscore.so.5.0(_ZNK6Kokkos9CudaSpace8allocateEPKcmm+0x65)[0x14ec6f2a5395]
[jwb1237:1459010] [11] /p/home/jusers/fischill1/juwels/ippl/build_fin/_deps/kokkos-build/core/src/libkokkoscore.so.5.0(_ZN6Kokkos4Impl44HostInaccessibleSharedAllocationRecordCommonINS_9CudaSpaceEEC2ERKS2_RKNSt7__cxx1112basic_stringIcSt11char_traitsIcESaIcEEEmPFvPNS0_22SharedAllocationRecordIvvEEE+0x30)[0x14ec6f2a7260]
[jwb1237:1459010] [12] /p/home/jusers/fischill1/juwels/ippl/build_fin/alpine/ElectrostaticPIF/LandauDampingPIF[0x4aa864]
[jwb1237:1459010] [13] /p/home/jusers/fischill1/juwels/ippl/build_fin/alpine/ElectrostaticPIF/LandauDampingPIF[0x4aae5e]
[jwb1237:1459010] [14] /p/home/jusers/fischill1/juwels/ippl/build_fin/alpine/ElectrostaticPIF/LandauDampingPIF[0x4cf907]
[jwb1237:1459010] [15] /p/home/jusers/fischill1/juwels/ippl/build_fin/alpine/ElectrostaticPIF/LandauDampingPIF[0x4e81cb]
[jwb1237:1459010] [16] /p/home/jusers/fischill1/juwels/ippl/build_fin/alpine/ElectrostaticPIF/LandauDampingPIF[0x5bee4d]
[jwb1237:1459010] [17] /p/home/jusers/fischill1/juwels/ippl/build_fin/alpine/ElectrostaticPIF/LandauDampingPIF[0x6093a7]
[jwb1237:1459010] [18] /p/home/jusers/fischill1/juwels/ippl/build_fin/alpine/ElectrostaticPIF/LandauDampingPIF[0x6095b5]
[jwb1237:1459010] [19] /p/home/jusers/fischill1/juwels/ippl/build_fin/alpine/ElectrostaticPIF/LandauDampingPIF[0x60c8d1]
[jwb1237:1459010] [20] /p/home/jusers/fischill1/juwels/ippl/build_fin/alpine/ElectrostaticPIF/LandauDampingPIF[0x60d25b]
[jwb1237:1459010] [21] /p/home/jusers/fischill1/juwels/ippl/build_fin/alpine/ElectrostaticPIF/LandauDampingPIF[0x423759]
[jwb1237:1459010] [22] /usr/lib64/libc.so.6(+0x2a610)[0x14ec6eb38610]
[jwb1237:1459010] [23] /usr/lib64/libc.so.6(__libc_start_main+0x80)[0x14ec6eb386c0]
[jwb1237:1459010] [24] /p/home/jusers/fischill1/juwels/ippl/build_fin/alpine/ElectrostaticPIF/LandauDampingPIF[0x425995]
[jwb1130:1848578] [ 0] /usr/lib64/libc.so.6(+0x3fc30)[0x153c86a54c30]
[jwb1130:1848578] [ 1] /usr/lib64/libc.so.6(+0x8d02c)[0x153c86aa202c]
[jwb1130:1848578] [ 2] /usr/lib64/libc.so.6(raise+0x16)[0x153c86a54b86]
[jwb1130:1848578] [ 3] /usr/lib64/libc.so.6(abort+0xd3)[0x153c86a3e873]
[jwb1130:1848578] [ 4] /p/software/default/stages/2026/software/GCCcore/14.3.0/lib64/libstdc++.so.6(+0xadc3d)[0x153c86cf9c3d]
[jwb1130:1848578] [ 5] /p/software/default/stages/2026/software/GCCcore/14.3.0/lib64/libstdc++.so.6(+0xbf14a)[0x153c86d0b14a]
[jwb1130:1848578] [ 6] /p/software/default/stages/2026/software/GCCcore/14.3.0/lib64/libstdc++.so.6(_ZSt10unexpectedv+0x0)[0x153c86cf97e9]
[jwb1130:1848578] [ 7] /p/software/default/stages/2026/software/GCCcore/14.3.0/lib64/libstdc++.so.6(+0xbf3c7)[0x153c86d0b3c7]
[jwb1130:1848578] [ 8] /p/home/jusers/fischill1/juwels/ippl/build_fin/_deps/kokkos-build/core/src/libkokkoscore.so.5.0(_ZN6Kokkos4Impl15throw_bad_allocESt17basic_string_viewIcSt11char_traitsIcEEmS4_+0x115)[0x153c87199e05]
[jwb1237:1459010] *** End of error message ***
[jwb1130:1848578] [ 9] /p/home/jusers/fischill1/juwels/ippl/build_fin/_deps/kokkos-build/core/src/libkokkoscore.so.5.0(_ZNK6Kokkos9CudaSpace13impl_allocateEPKcmm28Kokkos_Profiling_SpaceHandle+0x219)[0x153c871ac319]
[jwb1130:1848578] [10] /p/home/jusers/fischill1/juwels/ippl/build_fin/_deps/kokkos-build/core/src/libkokkoscore.so.5.0(_ZNK6Kokkos9CudaSpace8allocateEPKcmm+0x65)[0x153c871ac395]
[jwb1130:1848578] [11] /p/home/jusers/fischill1/juwels/ippl/build_fin/_deps/kokkos-build/core/src/libkokkoscore.so.5.0(_ZN6Kokkos4Impl44HostInaccessibleSharedAllocationRecordCommonINS_9CudaSpaceEEC2ERKS2_RKNSt7__cxx1112basic_stringIcSt11char_traitsIcESaIcEEEmPFvPNS0_22SharedAllocationRecordIvvEEE+0x30)[0x153c871ae260]
[jwb1130:1848578] [12] /p/home/jusers/fischill1/juwels/ippl/build_fin/alpine/ElectrostaticPIF/LandauDampingPIF[0x4aa864]
[jwb1130:1848578] [13] /p/home/jusers/fischill1/juwels/ippl/build_fin/alpine/ElectrostaticPIF/LandauDampingPIF[0x4aae5e]
[jwb1130:1848578] [14] /p/home/jusers/fischill1/juwels/ippl/build_fin/alpine/ElectrostaticPIF/LandauDampingPIF[0x4cf907]
[jwb1130:1848578] [15] /p/home/jusers/fischill1/juwels/ippl/build_fin/alpine/ElectrostaticPIF/LandauDampingPIF[0x4e81cb]
[jwb1130:1848578] [16] /p/home/jusers/fischill1/juwels/ippl/build_fin/alpine/ElectrostaticPIF/LandauDampingPIF[0x5bee4d]
[jwb1130:1848578] [17] /p/home/jusers/fischill1/juwels/ippl/build_fin/alpine/ElectrostaticPIF/LandauDampingPIF[0x6093a7]
[jwb1130:1848578] [18] /p/home/jusers/fischill1/juwels/ippl/build_fin/alpine/ElectrostaticPIF/LandauDampingPIF[0x6095b5]
[jwb1130:1848578] [19] /p/home/jusers/fischill1/juwels/ippl/build_fin/alpine/ElectrostaticPIF/LandauDampingPIF[0x60c8d1]
[jwb1130:1848578] [20] /p/home/jusers/fischill1/juwels/ippl/build_fin/alpine/ElectrostaticPIF/LandauDampingPIF[0x60d25b]
[jwb1130:1848578] [21] /p/home/jusers/fischill1/juwels/ippl/build_fin/alpine/ElectrostaticPIF/LandauDampingPIF[0x423759]
[jwb1130:1848578] [22] /usr/lib64/libc.so.6(+0x2a610)[0x153c86a3f610]
[jwb1130:1848578] [23] /usr/lib64/libc.so.6(__libc_start_main+0x80)[0x153c86a3f6c0]
[jwb1130:1848578] [24] /p/home/jusers/fischill1/juwels/ippl/build_fin/alpine/ElectrostaticPIF/LandauDampingPIF[0x425995]
[jwb1130:1848578] *** End of error message ***
terminate called after throwing an instance of 'std::runtime_error'
  what():  Kokkos ERROR: Cuda memory space failed to allocate 683.6 MiB (label="keys_out").
[jwb1130:1848576] *** Process received signal ***
[jwb1130:1848576] Signal: Aborted (6)
[jwb1130:1848576] Signal code:  (-6)
[jwb1130:1848576] [ 0] /usr/lib64/libc.so.6(+0x3fc30)[0x14b45bc55c30]
[jwb1130:1848576] [ 1] /usr/lib64/libc.so.6(+0x8d02c)[0x14b45bca302c]
[jwb1130:1848576] [ 2] /usr/lib64/libc.so.6(raise+0x16)[0x14b45bc55b86]
[jwb1130:1848576] [ 3] /usr/lib64/libc.so.6(abort+0xd3)[0x14b45bc3f873]
[jwb1130:1848576] [ 4] /p/software/default/stages/2026/software/GCCcore/14.3.0/lib64/libstdc++.so.6(+0xadc3d)[0x14b45befac3d]
[jwb1130:1848576] [ 5] /p/software/default/stages/2026/software/GCCcore/14.3.0/lib64/libstdc++.so.6(+0xbf14a)[0x14b45bf0c14a]
[jwb1130:1848576] [ 6] /p/software/default/stages/2026/software/GCCcore/14.3.0/lib64/libstdc++.so.6(_ZSt10unexpectedv+0x0)[0x14b45befa7e9]
[jwb1130:1848576] [ 7] /p/software/default/stages/2026/software/GCCcore/14.3.0/lib64/libstdc++.so.6(+0xbf3c7)[0x14b45bf0c3c7]
[jwb1130:1848576] [ 8] /p/home/jusers/fischill1/juwels/ippl/build_fin/_deps/kokkos-build/core/src/libkokkoscore.so.5.0(_ZN6Kokkos4Impl15throw_bad_allocESt17basic_string_viewIcSt11char_traitsIcEEmS4_+0x115)[0x14b45c39ae05]
[jwb1130:1848576] [ 9] /p/home/jusers/fischill1/juwels/ippl/build_fin/_deps/kokkos-build/core/src/libkokkoscore.so.5.0(_ZNK6Kokkos9CudaSpace13impl_allocateEPKcmm28Kokkos_Profiling_SpaceHandle+0x219)[0x14b45c3ad319]
[jwb1130:1848576] [10] /p/home/jusers/fischill1/juwels/ippl/build_fin/_deps/kokkos-build/core/src/libkokkoscore.so.5.0(_ZNK6Kokkos9CudaSpace8allocateEPKcmm+0x65)[0x14b45c3ad395]
[jwb1130:1848576] [11] /p/home/jusers/fischill1/juwels/ippl/build_fin/_deps/kokkos-build/core/src/libkokkoscore.so.5.0(_ZN6Kokkos4Impl44HostInaccessibleSharedAllocationRecordCommonINS_9CudaSpaceEEC2ERKS2_RKNSt7__cxx1112basic_stringIcSt11char_traitsIcESaIcEEEmPFvPNS0_22SharedAllocationRecordIvvEEE+0x30)[0x14b45c3af260]
[jwb1130:1848576] [12] /p/home/jusers/fischill1/juwels/ippl/build_fin/alpine/ElectrostaticPIF/LandauDampingPIF[0x4aa864]
[jwb1130:1848576] [13] /p/home/jusers/fischill1/juwels/ippl/build_fin/alpine/ElectrostaticPIF/LandauDampingPIF[0x4aae5e]
[jwb1130:1848576] [14] /p/home/jusers/fischill1/juwels/ippl/build_fin/alpine/ElectrostaticPIF/LandauDampingPIF[0x4cf907]
[jwb1130:1848576] [15] /p/home/jusers/fischill1/juwels/ippl/build_fin/alpine/ElectrostaticPIF/LandauDampingPIF[0x4e81cb]
[jwb1130:1848576] [16] /p/home/jusers/fischill1/juwels/ippl/build_fin/alpine/ElectrostaticPIF/LandauDampingPIF[0x5bee4d]
[jwb1130:1848576] [17] /p/home/jusers/fischill1/juwels/ippl/build_fin/alpine/ElectrostaticPIF/LandauDampingPIF[0x6093a7]
[jwb1130:1848576] [18] /p/home/jusers/fischill1/juwels/ippl/build_fin/alpine/ElectrostaticPIF/LandauDampingPIF[0x6095b5]
[jwb1130:1848576] [19] /p/home/jusers/fischill1/juwels/ippl/build_fin/alpine/ElectrostaticPIF/LandauDampingPIF[0x60c8d1]
[jwb1130:1848576] [20] /p/home/jusers/fischill1/juwels/ippl/build_fin/alpine/ElectrostaticPIF/LandauDampingPIF[0x60d25b]
[jwb1130:1848576] [21] /p/home/jusers/fischill1/juwels/ippl/build_fin/alpine/ElectrostaticPIF/LandauDampingPIF[0x423759]
[jwb1130:1848576] [22] /usr/lib64/libc.so.6(+0x2a610)[0x14b45bc40610]
[jwb1130:1848576] [23] /usr/lib64/libc.so.6(__libc_start_main+0x80)[0x14b45bc406c0]
[jwb1130:1848576] [24] /p/home/jusers/fischill1/juwels/ippl/build_fin/alpine/ElectrostaticPIF/LandauDampingPIF[0x425995]
[jwb1130:1848576] *** End of error message ***
terminate called after throwing an instance of 'std::runtime_error'
  what():  Kokkos ERROR: Cuda memory space failed to allocate 641.9 MiB (label="keys_out").
[jwb1225:3165543] *** Process received signal ***
[jwb1225:3165543] Signal: Aborted (6)
[jwb1225:3165543] Signal code:  (-6)
terminate called after throwing an instance of 'std::runtime_error'
  what():  Kokkos ERROR: Cuda memory space failed to allocate 1.068 GiB (label="temp_storage").
[jwb1228:3374531] *** Process received signal ***
[jwb1225:3165543] [ 0] /usr/lib64/libc.so.6(+0x3fc30)[0x146600e90c30]
[jwb1225:3165543] [ 1] /usr/lib64/libc.so.6(+0x8d02c)[0x146600ede02c]
[jwb1225:3165543] [ 2] /usr/lib64/libc.so.6(raise+0x16)[0x146600e90b86]
[jwb1225:3165543] [ 3] /usr/lib64/libc.so.6(abort+0xd3)[0x146600e7a873]
[jwb1225:3165543] [ 4] /p/software/default/stages/2026/software/GCCcore/14.3.0/lib64/libstdc++.so.6(+0xadc3d)[0x146601135c3d]
[jwb1225:3165543] [ 5] /p/software/default/stages/2026/software/GCCcore/14.3.0/lib64/libstdc++.so.6(+0xbf14a)[0x14660114714a]
[jwb1225:3165543] [ 6] /p/software/default/stages/2026/software/GCCcore/14.3.0/lib64/libstdc++.so.6(_ZSt10unexpectedv+0x0)[0x1466011357e9]
[jwb1225:3165543] [ 7] /p/software/default/stages/2026/software/GCCcore/14.3.0/lib64/libstdc++.so.6(+0xbf3c7)[0x1466011473c7]
[jwb1225:3165543] [ 8] /p/home/jusers/fischill1/juwels/ippl/build_fin/_deps/kokkos-build/core/src/libkokkoscore.so.5.0(_ZN6Kokkos4Impl15throw_bad_allocESt17basic_string_viewIcSt11char_traitsIcEEmS4_+0x115)[0x1466015d5e05]
[jwb1228:3374531] Signal: Aborted (6)
[jwb1228:3374531] Signal code:  (-6)
[jwb1225:3165543] [ 9] /p/home/jusers/fischill1/juwels/ippl/build_fin/_deps/kokkos-build/core/src/libkokkoscore.so.5.0(_ZNK6Kokkos9CudaSpace13impl_allocateEPKcmm28Kokkos_Profiling_SpaceHandle+0x219)[0x1466015e8319]
[jwb1225:3165543] [10] /p/home/jusers/fischill1/juwels/ippl/build_fin/_deps/kokkos-build/core/src/libkokkoscore.so.5.0(_ZNK6Kokkos9CudaSpace8allocateEPKcmm+0x65)[0x1466015e8395]
[jwb1225:3165543] [11] /p/home/jusers/fischill1/juwels/ippl/build_fin/_deps/kokkos-build/core/src/libkokkoscore.so.5.0(_ZN6Kokkos4Impl44HostInaccessibleSharedAllocationRecordCommonINS_9CudaSpaceEEC2ERKS2_RKNSt7__cxx1112basic_stringIcSt11char_traitsIcESaIcEEEmPFvPNS0_22SharedAllocationRecordIvvEEE+0x30)[0x1466015ea260]
[jwb1225:3165543] [12] /p/home/jusers/fischill1/juwels/ippl/build_fin/alpine/ElectrostaticPIF/LandauDampingPIF[0x4aa864]
[jwb1225:3165543] [13] /p/home/jusers/fischill1/juwels/ippl/build_fin/alpine/ElectrostaticPIF/LandauDampingPIF[0x4aae5e]
[jwb1225:3165543] [14] /p/home/jusers/fischill1/juwels/ippl/build_fin/alpine/ElectrostaticPIF/LandauDampingPIF[0x4cf907]
[jwb1225:3165543] [15] /p/home/jusers/fischill1/juwels/ippl/build_fin/alpine/ElectrostaticPIF/LandauDampingPIF[0x4e81cb]
[jwb1225:3165543] [16] /p/home/jusers/fischill1/juwels/ippl/build_fin/alpine/ElectrostaticPIF/LandauDampingPIF[0x5bee4d]
[jwb1225:3165543] [17] /p/home/jusers/fischill1/juwels/ippl/build_fin/alpine/ElectrostaticPIF/LandauDampingPIF[0x6093a7]
[jwb1225:3165543] [18] /p/home/jusers/fischill1/juwels/ippl/build_fin/alpine/ElectrostaticPIF/LandauDampingPIF[0x6095b5]
[jwb1225:3165543] [19] /p/home/jusers/fischill1/juwels/ippl/build_fin/alpine/ElectrostaticPIF/LandauDampingPIF[0x60c8d1]
[jwb1225:3165543] [20] /p/home/jusers/fischill1/juwels/ippl/build_fin/alpine/ElectrostaticPIF/LandauDampingPIF[0x60d25b]
[jwb1225:3165543] [21] /p/home/jusers/fischill1/juwels/ippl/build_fin/alpine/ElectrostaticPIF/LandauDampingPIF[0x423759]
[jwb1225:3165543] [22] /usr/lib64/libc.so.6(+0x2a610)[0x146600e7b610]
[jwb1225:3165543] [23] /usr/lib64/libc.so.6(__libc_start_main+0x80)[0x146600e7b6c0]
[jwb1225:3165543] [24] /p/home/jusers/fischill1/juwels/ippl/build_fin/alpine/ElectrostaticPIF/LandauDampingPIF[0x425995]
[jwb1225:3165543] *** End of error message ***
[jwb1228:3374531] [ 0] /usr/lib64/libc.so.6(+0x3fc30)[0x146511251c30]
[jwb1228:3374531] [ 1] /usr/lib64/libc.so.6(+0x8d02c)[0x14651129f02c]
[jwb1228:3374531] [ 2] /usr/lib64/libc.so.6(raise+0x16)[0x146511251b86]
[jwb1228:3374531] [ 3] /usr/lib64/libc.so.6(abort+0xd3)[0x14651123b873]
[jwb1228:3374531] [ 4] /p/software/default/stages/2026/software/GCCcore/14.3.0/lib64/libstdc++.so.6(+0xadc3d)[0x1465114f6c3d]
[jwb1228:3374531] [ 5] /p/software/default/stages/2026/software/GCCcore/14.3.0/lib64/libstdc++.so.6(+0xbf14a)[0x14651150814a]
[jwb1228:3374531] [ 6] /p/software/default/stages/2026/software/GCCcore/14.3.0/lib64/libstdc++.so.6(_ZSt10unexpectedv+0x0)[0x1465114f67e9]
[jwb1228:3374531] [ 7] /p/software/default/stages/2026/software/GCCcore/14.3.0/lib64/libstdc++.so.6(+0xbf3c7)[0x1465115083c7]
[jwb1228:3374531] [ 8] /p/home/jusers/fischill1/juwels/ippl/build_fin/_deps/kokkos-build/core/src/libkokkoscore.so.5.0(_ZN6Kokkos4Impl15throw_bad_allocESt17basic_string_viewIcSt11char_traitsIcEEmS4_+0x115)[0x146511996e05]
[jwb1228:3374531] [ 9] /p/home/jusers/fischill1/juwels/ippl/build_fin/_deps/kokkos-build/core/src/libkokkoscore.so.5.0(_ZNK6Kokkos9CudaSpace13impl_allocateEPKcmm28Kokkos_Profiling_SpaceHandle+0x219)[0x1465119a9319]
[jwb1228:3374531] [10] /p/home/jusers/fischill1/juwels/ippl/build_fin/_deps/kokkos-build/core/src/libkokkoscore.so.5.0(_ZNK6Kokkos9CudaSpace8allocateEPKcmm+0x65)[0x1465119a9395]
[jwb1228:3374531] [11] /p/home/jusers/fischill1/juwels/ippl/build_fin/_deps/kokkos-build/core/src/libkokkoscore.so.5.0(_ZN6Kokkos4Impl44HostInaccessibleSharedAllocationRecordCommonINS_9CudaSpaceEEC2ERKS2_RKNSt7__cxx1112basic_stringIcSt11char_traitsIcESaIcEEEmPFvPNS0_22SharedAllocationRecordIvvEEE+0x30)[0x1465119ab260]
[jwb1228:3374531] [12] /p/home/jusers/fischill1/juwels/ippl/build_fin/alpine/ElectrostaticPIF/LandauDampingPIF[0x49cd3a]
[jwb1228:3374531] [13] /p/home/jusers/fischill1/juwels/ippl/build_fin/alpine/ElectrostaticPIF/LandauDampingPIF[0x4d0480]
[jwb1228:3374531] [14] /p/home/jusers/fischill1/juwels/ippl/build_fin/alpine/ElectrostaticPIF/LandauDampingPIF[0x4e81cb]
[jwb1228:3374531] [15] /p/home/jusers/fischill1/juwels/ippl/build_fin/alpine/ElectrostaticPIF/LandauDampingPIF[0x5bee4d]
[jwb1228:3374531] [16] /p/home/jusers/fischill1/juwels/ippl/build_fin/alpine/ElectrostaticPIF/LandauDampingPIF[0x6093a7]
[jwb1228:3374531] [17] /p/home/jusers/fischill1/juwels/ippl/build_fin/alpine/ElectrostaticPIF/LandauDampingPIF[0x6095b5]
[jwb1228:3374531] [18] /p/home/jusers/fischill1/juwels/ippl/build_fin/alpine/ElectrostaticPIF/LandauDampingPIF[0x60c8d1]
[jwb1228:3374531] [19] /p/home/jusers/fischill1/juwels/ippl/build_fin/alpine/ElectrostaticPIF/LandauDampingPIF[0x60d25b]
[jwb1228:3374531] [20] /p/home/jusers/fischill1/juwels/ippl/build_fin/alpine/ElectrostaticPIF/LandauDampingPIF[0x423759]
[jwb1228:3374531] [21] /usr/lib64/libc.so.6(+0x2a610)[0x14651123c610]
[jwb1228:3374531] [22] /usr/lib64/libc.so.6(__libc_start_main+0x80)[0x14651123c6c0]
[jwb1228:3374531] [23] /p/home/jusers/fischill1/juwels/ippl/build_fin/alpine/ElectrostaticPIF/LandauDampingPIF[0x425995]
[jwb1228:3374531] *** End of error message ***
terminate called after throwing an instance of 'std::runtime_error'
  what():  Kokkos ERROR: Cuda memory space failed to allocate 683.6 MiB (label="keys_out").
[jwb1237:1459009] *** Process received signal ***
[jwb1237:1459009] Signal: Aborted (6)
[jwb1237:1459009] Signal code:  (-6)
terminate called after throwing an instance of 'std::runtime_error'
  what():  Kokkos ERROR: Cuda memory space failed to allocate 683.5 MiB (label="keys_out").
[jwb1223:3262261] *** Process received signal ***
[jwb1223:3262261] Signal: Aborted (6)
[jwb1223:3262261] Signal code:  (-6)
[jwb1237:1459009] [ 0] /usr/lib64/libc.so.6(+0x3fc30)[0x14e095f7dc30]
[jwb1237:1459009] [ 1] /usr/lib64/libc.so.6(+0x8d02c)[0x14e095fcb02c]
[jwb1237:1459009] [ 2] /usr/lib64/libc.so.6(raise+0x16)[0x14e095f7db86]
[jwb1237:1459009] [ 3] /usr/lib64/libc.so.6(abort+0xd3)[0x14e095f67873]
[jwb1237:1459009] [ 4] /p/software/default/stages/2026/software/GCCcore/14.3.0/lib64/libstdc++.so.6(+0xadc3d)[0x14e096222c3d]
[jwb1237:1459009] [ 5] /p/software/default/stages/2026/software/GCCcore/14.3.0/lib64/libstdc++.so.6(+0xbf14a)[0x14e09623414a]
[jwb1237:1459009] [ 6] /p/software/default/stages/2026/software/GCCcore/14.3.0/lib64/libstdc++.so.6(_ZSt10unexpectedv+0x0)[0x14e0962227e9]
[jwb1237:1459009] [ 7] /p/software/default/stages/2026/software/GCCcore/14.3.0/lib64/libstdc++.so.6(+0xbf3c7)[0x14e0962343c7]
[jwb1237:1459009] [ 8] /p/home/jusers/fischill1/juwels/ippl/build_fin/_deps/kokkos-build/core/src/libkokkoscore.so.5.0(_ZN6Kokkos4Impl15throw_bad_allocESt17basic_string_viewIcSt11char_traitsIcEEmS4_+0x115)[0x14e0966c2e05]
[jwb1237:1459009] [ 9] /p/home/jusers/fischill1/juwels/ippl/build_fin/_deps/kokkos-build/core/src/libkokkoscore.so.5.0(_ZNK6Kokkos9CudaSpace13impl_allocateEPKcmm28Kokkos_Profiling_SpaceHandle+0x219)[0x14e0966d5319]
[jwb1237:1459009] [10] /p/home/jusers/fischill1/juwels/ippl/build_fin/_deps/kokkos-build/core/src/libkokkoscore.so.5.0(_ZNK6Kokkos9CudaSpace8allocateEPKcmm+0x65)[0x14e0966d5395]
[jwb1237:1459009] [11] /p/home/jusers/fischill1/juwels/ippl/build_fin/_deps/kokkos-build/core/src/libkokkoscore.so.5.0(_ZN6Kokkos4Impl44HostInaccessibleSharedAllocationRecordCommonINS_9CudaSpaceEEC2ERKS2_RKNSt7__cxx1112basic_stringIcSt11char_traitsIcESaIcEEEmPFvPNS0_22SharedAllocationRecordIvvEEE+0x30)[0x14e0966d7260]
[jwb1237:1459009] [12] /p/home/jusers/fischill1/juwels/ippl/build_fin/alpine/ElectrostaticPIF/LandauDampingPIF[0x4aa864]
[jwb1237:1459009] [13] /p/home/jusers/fischill1/juwels/ippl/build_fin/alpine/ElectrostaticPIF/LandauDampingPIF[0x4aae5e]
[jwb1223:3262261] [ 0] /usr/lib64/libc.so.6(+0x3fc30)[0x14909ae5ac30]
[jwb1223:3262261] [ 1] /usr/lib64/libc.so.6(+0x8d02c)[0x14909aea802c]
[jwb1223:3262261] [ 2] /usr/lib64/libc.so.6(raise+0x16)[0x14909ae5ab86]
[jwb1223:3262261] [ 3] /usr/lib64/libc.so.6(abort+0xd3)[0x14909ae44873]
[jwb1223:3262261] [ 4] /p/software/default/stages/2026/software/GCCcore/14.3.0/lib64/libstdc++.so.6(+0xadc3d)[0x14909b0ffc3d]
[jwb1223:3262261] [ 5] /p/software/default/stages/2026/software/GCCcore/14.3.0/lib64/libstdc++.so.6(+0xbf14a)[0x14909b11114a]
[jwb1223:3262261] [ 6] /p/software/default/stages/2026/software/GCCcore/14.3.0/lib64/libstdc++.so.6(_ZSt10unexpectedv+0x0)[0x14909b0ff7e9]
[jwb1223:3262261] [ 7] /p/software/default/stages/2026/software/GCCcore/14.3.0/lib64/libstdc++.so.6(+0xbf3c7)[0x14909b1113c7]
[jwb1223:3262261] [ 8] /p/home/jusers/fischill1/juwels/ippl/build_fin/_deps/kokkos-build/core/src/libkokkoscore.so.5.0(_ZN6Kokkos4Impl15throw_bad_allocESt17basic_string_viewIcSt11char_traitsIcEEmS4_+0x115)[0x14909b59fe05]
[jwb1237:1459009] [14] /p/home/jusers/fischill1/juwels/ippl/build_fin/alpine/ElectrostaticPIF/LandauDampingPIF[0x4cf907]
[jwb1237:1459009] [15] /p/home/jusers/fischill1/juwels/ippl/build_fin/alpine/ElectrostaticPIF/LandauDampingPIF[0x4e81cb]
[jwb1237:1459009] [16] /p/home/jusers/fischill1/juwels/ippl/build_fin/alpine/ElectrostaticPIF/LandauDampingPIF[0x5bee4d]
[jwb1237:1459009] [17] /p/home/jusers/fischill1/juwels/ippl/build_fin/alpine/ElectrostaticPIF/LandauDampingPIF[0x6093a7]
[jwb1237:1459009] [18] /p/home/jusers/fischill1/juwels/ippl/build_fin/alpine/ElectrostaticPIF/LandauDampingPIF[0x6095b5]
[jwb1237:1459009] [19] /p/home/jusers/fischill1/juwels/ippl/build_fin/alpine/ElectrostaticPIF/LandauDampingPIF[0x60c8d1]
[jwb1237:1459009] [20] /p/home/jusers/fischill1/juwels/ippl/build_fin/alpine/ElectrostaticPIF/LandauDampingPIF[0x60d25b]
[jwb1237:1459009] [21] /p/home/jusers/fischill1/juwels/ippl/build_fin/alpine/ElectrostaticPIF/LandauDampingPIF[0x423759]
[jwb1237:1459009] [22] /usr/lib64/libc.so.6(+0x2a610)[0x14e095f68610]
[jwb1237:1459009] [23] /usr/lib64/libc.so.6(__libc_start_main+0x80)[0x14e095f686c0]
[jwb1237:1459009] [24] /p/home/jusers/fischi[jwb1223:3262261] [ 9] /p/home/jusers/fischill1/juwels/ippl/build_fin/_deps/kokkos-build/core/src/libkokkoscore.so.5.0(_ZNK6Kokkos9CudaSpace13impl_allocateEPKcmm28Kokkos_Profiling_SpaceHandle+0x219)[0x14909b5b2319]
[jwb1223:3262261] [10] /p/home/jusers/fischill1/juwels/ippl/build_fin/_deps/kokkos-build/core/src/libkokkoscore.so.5.0(_ZNK6Kokkos9CudaSpace8allocateEPKcmm+0x65)[0x14909b5b2395]
ll1/juwels/ippl/build_fin/alpine/ElectrostaticPIF/LandauDampingPIF[0x425995]
[jwb1237:1459009] *** End of error message ***
[jwb1223:3262261] [11] /p/home/jusers/fischill1/juwels/ippl/build_fin/_deps/kokkos-build/core/src/libkokkoscore.so.5.0(_ZN6Kokkos4Impl44HostInaccessibleSharedAllocationRecordCommonINS_9CudaSpaceEEC2ERKS2_RKNSt7__cxx1112basic_stringIcSt11char_traitsIcESaIcEEEmPFvPNS0_22SharedAllocationRecordIvvEEE+0x30)[0x14909b5b4260]
[jwb1223:3262261] [12] /p/home/jusers/fischill1/juwels/ippl/build_fin/alpine/ElectrostaticPIF/LandauDampingPIF[0x4aa864]
[jwb1223:3262261] [13] /p/home/jusers/fischill1/juwels/ippl/build_fin/alpine/ElectrostaticPIF/LandauDampingPIF[0x4aae5e]
[jwb1223:3262261] [14] /p/home/jusers/fischill1/juwels/ippl/build_fin/alpine/ElectrostaticPIF/LandauDampingPIF[0x4cf907]
[jwb1223:3262261] [15] /p/home/jusers/fischill1/juwels/ippl/build_fin/alpine/ElectrostaticPIF/LandauDampingPIF[0x4e81cb]
[jwb1223:3262261] [16] /p/home/jusers/fischill1/juwels/ippl/build_fin/alpine/ElectrostaticPIF/LandauDampingPIF[0x5bee4d]
[jwb1223:3262261] [17] /p/home/jusers/fischill1/juwels/ippl/build_fin/alpine/ElectrostaticPIF/LandauDampingPIF[0x6093a7]
[jwb1223:3262261] [18] /p/home/jusers/fischill1/juwels/ippl/build_fin/alpine/ElectrostaticPIF/LandauDampingPIF[0x6095b5]
[jwb1223:3262261] [19] /p/home/jusers/fischill1/juwels/ippl/build_fin/alpine/ElectrostaticPIF/LandauDampingPIF[0x60c8d1]
[jwb1223:3262261] [20] /p/home/jusers/fischill1/juwels/ippl/build_fin/alpine/ElectrostaticPIF/LandauDampingPIF[0x60d25b]
[jwb1223:3262261] [21] /p/home/jusers/fischill1/juwels/ippl/build_fin/alpine/ElectrostaticPIF/LandauDampingPIF[0x423759]
[jwb1223:3262261] [22] /usr/lib64/libc.so.6(+0x2a610)[0x14909ae45610]
[jwb1223:3262261] [23] /usr/lib64/libc.so.6(__libc_start_main+0x80)[0x14909ae456c0]
[jwb1223:3262261] [24] /p/home/jusers/fischill1/juwels/ippl/build_fin/alpine/ElectrostaticPIF/LandauDampingPIF[0x425995]
[jwb1223:3262261] *** End of error message ***
srun: error: jwb0285: tasks 40-43: Aborted (core dumped)
srun: error: jwb0353: tasks 56-59: Aborted (core dumped)
srun: error: jwb1218: tasks 96-99: Aborted (core dumped)
srun: error: jwb0284: tasks 36-39: Aborted (core dumped)
srun: error: jwb1228: tasks 120-123: Aborted (core dumped)
srun: error: jwb0200: tasks 20-23: Aborted (core dumped)
srun: error: jwb0267: tasks 32-35: Aborted (core dumped)
srun: error: jwb1225: tasks 116-119: Aborted (core dumped)
srun: error: jwb1219: tasks 100-103: Aborted (core dumped)
srun: error: jwb0310: tasks 52-55: Aborted (core dumped)
srun: error: jwb1143: tasks 92-95: Aborted (core dumped)
srun: error: jwb1130: tasks 88-91: Aborted (core dumped)
srun: error: jwb0288: tasks 48-51: Aborted (core dumped)
srun: error: jwb0357: tasks 64-67: Aborted (core dumped)
srun: error: jwb1237: tasks 124-127: Aborted (core dumped)
srun: error: jwb1223: tasks 108-111: Aborted (core dumped)
srun: error: jwb0488: tasks 72-75: Aborted (core dumped)
srun: error: jwb0195: tasks 16-19: Aborted (core dumped)
srun: error: jwb1129: tasks 84-87: Aborted (core dumped)
srun: error: jwb1222: tasks 104-107: Aborted (core dumped)
srun: error: jwb1224: tasks 112-115: Aborted (core dumped)
srun: error: jwb0264: tasks 24-27: Aborted (core dumped)
srun: error: jwb0131: tasks 8-11: Aborted (core dumped)
srun: error: jwb0509: tasks 80-83: Aborted (core dumped)
srun: error: jwb0135: tasks 12-15: Aborted (core dumped)
srun: error: jwb0265: tasks 28-31: Aborted (core dumped)
srun: error: jwb0287: tasks 44-47: Aborted (core dumped)
srun: error: jwb0100: tasks 4-7: Aborted (core dumped)
srun: error: jwb0377: tasks 68-71: Aborted (core dumped)
srun: error: jwb0356: tasks 60-63: Aborted (core dumped)
srun: error: jwb0503: tasks 76-79: Aborted (core dumped)
srun: error: jwb0099: tasks 0-3: Aborted (core dumped)
