timer_name,rank,measurement_id,duration_seconds
mainTimer,0,0,3.69938652
dumpData,0,0,0.008345762
dumpData,0,1,0.00672034
dumpData,0,2,0.006807633
dumpData,0,3,0.006950508
dumpData,0,4,0.008051307
dumpData,0,5,0.006748371
dumpData,0,6,0.00631552
dumpData,0,7,0.006813105
dumpData,0,8,0.0067077
dumpData,0,9,0.006821713
kick,0,0,4.4351e-05
kick,0,1,6.496e-06
kick,0,2,3.8239e-05
kick,0,3,7.295e-06
kick,0,4,4.1342e-05
kick,0,5,1.0335e-05
kick,0,6,4.4831e-05
kick,0,7,7.904e-06
kick,0,8,3.6863e-05
kick,0,9,6.72e-06
kick,0,10,4.2431e-05
kick,0,11,7.904e-06
kick,0,12,4.2495e-05
kick,0,13,7.519e-06
kick,0,14,3.8143e-05
kick,0,15,7.232e-06
kick,0,16,3.891e-05
kick,0,17,9.824e-06
kick,0,18,3.6095e-05
kick,0,19,8.639e-06
drift,0,0,9.408e-06
drift,0,1,6.527e-06
drift,0,2,8.48e-06
drift,0,3,6.879e-06
drift,0,4,6.752e-06
drift,0,5,6.464e-06
drift,0,6,8.896e-06
drift,0,7,6.272e-06
drift,0,8,7.392e-06
drift,0,9,1.0239e-05
particleBC,0,0,1.2736e-05
particleBC,0,1,1.2032e-05
particleBC,0,2,1.296e-05
particleBC,0,3,1.1648e-05
particleBC,0,4,1.3535e-05
particleBC,0,5,1.2768e-05
particleBC,0,6,1.0144e-05
particleBC,0,7,9.536e-06
particleBC,0,8,1.1296e-05
particleBC,0,9,1.1392e-05
updateParticle,0,0,0.007570618
updateParticle,0,1,0.007521628
updateParticle,0,2,0.007502076
updateParticle,0,3,0.007522076
updateParticle,0,4,0.007568539
updateParticle,0,5,0.007545179
updateParticle,0,6,0.007535643
updateParticle,0,7,0.007546874
updateParticle,0,8,0.007527547
updateParticle,0,9,0.007521051
locateParticles,0,0,0.003728207
locateParticles,0,1,0.003700496
locateParticles,0,2,0.003704367
locateParticles,0,3,0.00370344
locateParticles,0,4,0.003705328
locateParticles,0,5,0.003690128
locateParticles,0,6,0.003713487
locateParticles,0,7,0.003714607
locateParticles,0,8,0.003715951
locateParticles,0,9,0.00369432
sendPreprocess,0,0,0.000195386
sendPreprocess,0,1,0.000186586
sendPreprocess,0,2,0.000184859
sendPreprocess,0,3,0.000194074
sendPreprocess,0,4,0.00019385
sendPreprocess,0,5,0.000221913
sendPreprocess,0,6,0.000185402
sendPreprocess,0,7,0.000204601
sendPreprocess,0,8,0.000184154
sendPreprocess,0,9,0.000189402
particleSend,0,0,0.000587342
particleSend,0,1,0.000597038
particleSend,0,2,0.000594574
particleSend,0,3,0.000629517
particleSend,0,4,0.000583374
particleSend,0,5,0.000597646
particleSend,0,6,0.000589838
particleSend,0,7,0.000626989
particleSend,0,8,0.000584366
particleSend,0,9,0.000596558
particleRecv,0,0,1.7824e-05
particleRecv,0,1,2.1023e-05
particleRecv,0,2,1.9231e-05
particleRecv,0,3,2.1023e-05
particleRecv,0,4,2.2208e-05
particleRecv,0,5,1.9743e-05
particleRecv,0,6,2.08e-05
particleRecv,0,7,1.664e-05
particleRecv,0,8,1.9616e-05
particleRecv,0,9,2.1855e-05
particleDestroy,0,0,0.002297146
particleDestroy,0,1,0.002335642
particleDestroy,0,2,0.002327962
particleDestroy,0,3,0.002330394
particleDestroy,0,4,0.002325753
particleDestroy,0,5,0.002328538
particleDestroy,0,6,0.002320217
particleDestroy,0,7,0.002316057
particleDestroy,0,8,0.002327385
particleDestroy,0,9,0.002335193
ScatterPIFNUFFT,0,0,0.093587237
ScatterPIFNUFFT,0,1,2.9375e-05
ScatterPIFNUFFT,0,2,0.093580838
ScatterPIFNUFFT,0,3,4.1054e-05
ScatterPIFNUFFT,0,4,0.09357015
ScatterPIFNUFFT,0,5,3.1903e-05
ScatterPIFNUFFT,0,6,0.093463593
ScatterPIFNUFFT,0,7,5.0495e-05
ScatterPIFNUFFT,0,8,0.093548007
ScatterPIFNUFFT,0,9,4.4895e-05
ScatterPIFNUFFT,0,10,0.09338046
ScatterPIFNUFFT,0,11,5.011e-05
ScatterPIFNUFFT,0,12,0.093475465
ScatterPIFNUFFT,0,13,4.5854e-05
ScatterPIFNUFFT,0,14,0.093242929
ScatterPIFNUFFT,0,15,4.099e-05
ScatterPIFNUFFT,0,16,0.093473899
ScatterPIFNUFFT,0,17,2.7231e-05
ScatterPIFNUFFT,0,18,0.093130324
ScatterPIFNUFFT,0,19,4.4287e-05
NativeNUFFT1,0,0,0.089157836
NativeNUFFT1,0,1,0.08915406
NativeNUFFT1,0,2,0.089103982
NativeNUFFT1,0,3,0.08901768
NativeNUFFT1,0,4,0.089195019
NativeNUFFT1,0,5,0.089936213
NativeNUFFT1,0,6,0.090063984
NativeNUFFT1,0,7,0.088886166
NativeNUFFT1,0,8,0.089115822
NativeNUFFT1,0,9,0.088689595
scatterTimerNUFFT1,0,0,0.020848454
scatterTimerNUFFT1,0,1,0.021015617
scatterTimerNUFFT1,0,2,0.020950179
scatterTimerNUFFT1,0,3,0.020794504
scatterTimerNUFFT1,0,4,0.020978018
scatterTimerNUFFT1,0,5,0.021667822
scatterTimerNUFFT1,0,6,0.021898374
scatterTimerNUFFT1,0,7,0.020838152
scatterTimerNUFFT1,0,8,0.020792105
scatterTimerNUFFT1,0,9,0.020779337
binSort,0,0,0.004263614
binSort,0,1,0.00433206
binSort,0,2,0.0043343
binSort,0,3,0.004312573
binSort,0,4,0.004259423
binSort,0,5,0.004334108
binSort,0,6,0.004287773
binSort,0,7,0.004331708
binSort,0,8,0.004252159
binSort,0,9,0.004294526
binSort,0,10,0.004320604
binSort,0,11,0.004323485
binSort,0,12,0.004249247
binSort,0,13,0.004326172
binSort,0,14,0.004316541
binSort,0,15,0.004333917
binSort,0,16,0.00427603
binSort,0,17,0.004324221
binSort,0,18,0.004316253
binSort,0,19,0.004329981
binSort,0,20,0.004293502
binSort,0,21,0.0043471
binSort,0,22,0.004315836
binSort,0,23,0.004332636
binSort,0,24,0.004293469
binSort,0,25,0.004321949
binSort,0,26,0.00431574
binSort,0,27,0.004316573
binSort,0,28,0.004242655
binSort,0,29,0.004327421
binSort,0,30,0.004315069
binSort,0,31,0.004333661
binSort,0,32,0.004247872
binSort,0,33,0.00428003
binSort,0,34,0.004313564
binSort,0,35,0.004329916
binSort,0,36,0.004213536
binSort,0,37,0.004315549
binSort,0,38,0.004328924
binSort,0,39,0.004311901
binComputeKeys,0,0,0.000412723
binComputeKeys,0,1,0.000407604
binComputeKeys,0,2,0.000406995
binComputeKeys,0,3,0.000402868
binComputeKeys,0,4,0.0004053
binComputeKeys,0,5,0.000405044
binComputeKeys,0,6,0.000411411
binComputeKeys,0,7,0.000411795
binComputeKeys,0,8,0.000404948
binComputeKeys,0,9,0.00040674
binComputeKeys,0,10,0.000415827
binComputeKeys,0,11,0.000410611
binComputeKeys,0,12,0.000406292
binComputeKeys,0,13,0.000408915
binComputeKeys,0,14,0.000410419
binComputeKeys,0,15,0.000406804
binComputeKeys,0,16,0.000413171
binComputeKeys,0,17,0.00041138
binComputeKeys,0,18,0.00040498
binComputeKeys,0,19,0.000408211
binComputeKeys,0,20,0.000397684
binComputeKeys,0,21,0.000415859
binComputeKeys,0,22,0.000407283
binComputeKeys,0,23,0.000410835
binComputeKeys,0,24,0.000398516
binComputeKeys,0,25,0.000403668
binComputeKeys,0,26,0.000407475
binComputeKeys,0,27,0.000402932
binComputeKeys,0,28,0.000404595
binComputeKeys,0,29,0.000411316
binComputeKeys,0,30,0.000405268
binComputeKeys,0,31,0.00040914
binComputeKeys,0,32,0.000405652
binComputeKeys,0,33,0.000413331
binComputeKeys,0,34,0.000419987
binComputeKeys,0,35,0.000409203
binComputeKeys,0,36,0.000408307
binComputeKeys,0,37,0.00040466
binComputeKeys,0,38,0.000408627
binComputeKeys,0,39,0.000410547
binSortByKey,0,0,0.003646833
binSortByKey,0,1,0.003713007
binSortByKey,0,2,0.003709072
binSortByKey,0,3,0.00369512
binSortByKey,0,4,0.003647057
binSortByKey,0,5,0.003709775
binSortByKey,0,6,0.003670385
binSortByKey,0,7,0.003701968
binSortByKey,0,8,0.003642801
binSortByKey,0,9,0.003675921
binSortByKey,0,10,0.003691824
binSortByKey,0,11,0.003703152
binSortByKey,0,12,0.003643633
binSortByKey,0,13,0.00370328
binSortByKey,0,14,0.00369144
binSortByKey,0,15,0.003706128
binSortByKey,0,16,0.003659665
binSortByKey,0,17,0.003701136
binSortByKey,0,18,0.003701487
binSortByKey,0,19,0.003708912
binSortByKey,0,20,0.003678896
binSortByKey,0,21,0.003715248
binSortByKey,0,22,0.003689104
binSortByKey,0,23,0.00370184
binSortByKey,0,24,0.003674704
binSortByKey,0,25,0.003705552
binSortByKey,0,26,0.00369144
binSortByKey,0,27,0.00369608
binSortByKey,0,28,0.00363445
binSortByKey,0,29,0.003706607
binSortByKey,0,30,0.003687471
binSortByKey,0,31,0.003707887
binSortByKey,0,32,0.003638226
binSortByKey,0,33,0.003672241
binSortByKey,0,34,0.00368792
binSortByKey,0,35,0.003706736
binSortByKey,0,36,0.003610835
binSortByKey,0,37,0.003693936
binSortByKey,0,38,0.003703056
binSortByKey,0,39,0.0036924
binComputeOffsets,0,0,0.000202778
binComputeOffsets,0,1,0.000208729
binComputeOffsets,0,2,0.000216217
binComputeOffsets,0,3,0.000213049
binComputeOffsets,0,4,0.000204474
binComputeOffsets,0,5,0.000216633
binComputeOffsets,0,6,0.000204377
binComputeOffsets,0,7,0.000215578
binComputeOffsets,0,8,0.000201882
binComputeOffsets,0,9,0.000210393
binComputeOffsets,0,10,0.000211257
binComputeOffsets,0,11,0.00020825
binComputeOffsets,0,12,0.000198874
binComputeOffsets,0,13,0.000212217
binComputeOffsets,0,14,0.000212442
binComputeOffsets,0,15,0.000218265
binComputeOffsets,0,16,0.000201146
binComputeOffsets,0,17,0.000210489
binComputeOffsets,0,18,0.000209082
binComputeOffsets,0,19,0.000211034
binComputeOffsets,0,20,0.000215034
binComputeOffsets,0,21,0.000213657
binComputeOffsets,0,22,0.000217945
binComputeOffsets,0,23,0.000217177
binComputeOffsets,0,24,0.000217113
binComputeOffsets,0,25,0.000210329
binComputeOffsets,0,26,0.000214457
binComputeOffsets,0,27,0.000216025
binComputeOffsets,0,28,0.000201082
binComputeOffsets,0,29,0.00020777
binComputeOffsets,0,30,0.000220058
binComputeOffsets,0,31,0.00021369
binComputeOffsets,0,32,0.00020025
binComputeOffsets,0,33,0.000193242
binComputeOffsets,0,34,0.000204153
binComputeOffsets,0,35,0.000212633
binComputeOffsets,0,36,0.000193626
binComputeOffsets,0,37,0.000215289
binComputeOffsets,0,38,0.000215897
binComputeOffsets,0,39,0.000207674
FFTNUFFT1,0,0,0.06730906
FFTNUFFT1,0,1,0.067223047
FFTNUFFT1,0,2,0.067179976
FFTNUFFT1,0,3,0.06731578
FFTNUFFT1,0,4,0.067396001
FFTNUFFT1,0,5,0.067487902
FFTNUFFT1,0,6,0.067474847
FFTNUFFT1,0,7,0.067295333
FFTNUFFT1,0,8,0.067331907
FFTNUFFT1,0,9,0.067219335
deconvolutionNUFFT1,0,0,0.000999202
deconvolutionNUFFT1,0,1,0.000913956
deconvolutionNUFFT1,0,2,0.000972483
deconvolutionNUFFT1,0,3,0.000905828
deconvolutionNUFFT1,0,4,0.000818472
deconvolutionNUFFT1,0,5,0.000778473
deconvolutionNUFFT1,0,6,0.000688683
deconvolutionNUFFT1,0,7,0.000751081
deconvolutionNUFFT1,0,8,0.000989826
deconvolutionNUFFT1,0,9,0.000689835
GatherPIFNUFFT,0,0,0.257096449
GatherPIFNUFFT,0,1,0.25691492
GatherPIFNUFFT,0,2,0.257168864
GatherPIFNUFFT,0,3,0.257103746
GatherPIFNUFFT,0,4,0.256590929
GatherPIFNUFFT,0,5,0.256878824
GatherPIFNUFFT,0,6,0.257554036
GatherPIFNUFFT,0,7,0.25683073
GatherPIFNUFFT,0,8,0.257378841
GatherPIFNUFFT,0,9,0.258106307
NativeNUFFT2,0,0,0.083803215
NativeNUFFT2,0,1,0.084179716
NativeNUFFT2,0,2,0.083956778
NativeNUFFT2,0,3,0.084282016
NativeNUFFT2,0,4,0.083709298
NativeNUFFT2,0,5,0.084042473
NativeNUFFT2,0,6,0.086403808
NativeNUFFT2,0,7,0.084454491
NativeNUFFT2,0,8,0.083686835
NativeNUFFT2,0,9,0.083976938
NativeNUFFT2,0,10,0.083914508
NativeNUFFT2,0,11,0.084254817
NativeNUFFT2,0,12,0.08265093
NativeNUFFT2,0,13,0.084060648
NativeNUFFT2,0,14,0.083804336
NativeNUFFT2,0,15,0.084203364
NativeNUFFT2,0,16,0.083905068
NativeNUFFT2,0,17,0.083910188
NativeNUFFT2,0,18,0.084356319
NativeNUFFT2,0,19,0.084212835
NativeNUFFT2,0,20,0.084047848
NativeNUFFT2,0,21,0.085005355
NativeNUFFT2,0,22,0.083950666
NativeNUFFT2,0,23,0.083775985
NativeNUFFT2,0,24,0.085968398
NativeNUFFT2,0,25,0.084491066
NativeNUFFT2,0,26,0.083751313
NativeNUFFT2,0,27,0.085864242
NativeNUFFT2,0,28,0.083877581
NativeNUFFT2,0,29,0.084331776
PrecorrectionNUFFT2,0,0,0.001647214
PrecorrectionNUFFT2,0,1,0.002643471
PrecorrectionNUFFT2,0,2,0.002648751
PrecorrectionNUFFT2,0,3,0.001657326
PrecorrectionNUFFT2,0,4,0.002634
PrecorrectionNUFFT2,0,5,0.002650032
PrecorrectionNUFFT2,0,6,0.001623631
PrecorrectionNUFFT2,0,7,0.002630448
PrecorrectionNUFFT2,0,8,0.002613809
PrecorrectionNUFFT2,0,9,0.001643694
PrecorrectionNUFFT2,0,10,0.002650031
PrecorrectionNUFFT2,0,11,0.002647472
PrecorrectionNUFFT2,0,12,0.001623598
PrecorrectionNUFFT2,0,13,0.00265032
PrecorrectionNUFFT2,0,14,0.002638768
PrecorrectionNUFFT2,0,15,0.001650574
PrecorrectionNUFFT2,0,16,0.002618736
PrecorrectionNUFFT2,0,17,0.00263944
PrecorrectionNUFFT2,0,18,0.00164171
PrecorrectionNUFFT2,0,19,0.002640624
PrecorrectionNUFFT2,0,20,0.002636944
PrecorrectionNUFFT2,0,21,0.001627854
PrecorrectionNUFFT2,0,22,0.00261656
PrecorrectionNUFFT2,0,23,0.002639728
PrecorrectionNUFFT2,0,24,0.001625551
PrecorrectionNUFFT2,0,25,0.002611536
PrecorrectionNUFFT2,0,26,0.002625904
PrecorrectionNUFFT2,0,27,0.001622895
PrecorrectionNUFFT2,0,28,0.002614961
PrecorrectionNUFFT2,0,29,0.002646927
FFTNUFFT2,0,0,0.067764214
FFTNUFFT2,0,1,0.067178152
FFTNUFFT2,0,2,0.06711057
FFTNUFFT2,0,3,0.068295654
FFTNUFFT2,0,4,0.066771636
FFTNUFFT2,0,5,0.067187816
FFTNUFFT2,0,6,0.070493571
FFTNUFFT2,0,7,0.067255686
FFTNUFFT2,0,8,0.06689512
FFTNUFFT2,0,9,0.067955376
FFTNUFFT2,0,10,0.066939439
FFTNUFFT2,0,11,0.067126378
FFTNUFFT2,0,12,0.066859218
FFTNUFFT2,0,13,0.067536189
FFTNUFFT2,0,14,0.066829107
FFTNUFFT2,0,15,0.068151499
FFTNUFFT2,0,16,0.06679058
FFTNUFFT2,0,17,0.066997613
FFTNUFFT2,0,18,0.068292327
FFTNUFFT2,0,19,0.067293476
FFTNUFFT2,0,20,0.067034636
FFTNUFFT2,0,21,0.068851605
FFTNUFFT2,0,22,0.06698059
FFTNUFFT2,0,23,0.067247687
FFTNUFFT2,0,24,0.070130895
FFTNUFFT2,0,25,0.067624251
FFTNUFFT2,0,26,0.067121834
FFTNUFFT2,0,27,0.06955776
FFTNUFFT2,0,28,0.06692632
FFTNUFFT2,0,29,0.067310245
GatherNUFFT2,0,0,0.007922671
GatherNUFFT2,0,1,0.008022221
GatherNUFFT2,0,2,0.007944622
GatherNUFFT2,0,3,0.007825458
GatherNUFFT2,0,4,0.007486653
GatherNUFFT2,0,5,0.007728149
GatherNUFFT2,0,6,0.008075755
GatherNUFFT2,0,7,0.008185128
GatherNUFFT2,0,8,0.007900561
GatherNUFFT2,0,9,0.007570266
GatherNUFFT2,0,10,0.007612537
GatherNUFFT2,0,11,0.008125545
GatherNUFFT2,0,12,0.007600697
GatherNUFFT2,0,13,0.007590746
GatherNUFFT2,0,14,0.007612441
GatherNUFFT2,0,15,0.007594394
GatherNUFFT2,0,16,0.007785299
GatherNUFFT2,0,17,0.007768468
GatherNUFFT2,0,18,0.007932047
GatherNUFFT2,0,19,0.007980814
GatherNUFFT2,0,20,0.008103659
GatherNUFFT2,0,21,0.008075691
GatherNUFFT2,0,22,0.007915472
GatherNUFFT2,0,23,0.007682359
GatherNUFFT2,0,24,0.007993806
GatherNUFFT2,0,25,0.007770804
GatherNUFFT2,0,26,0.007680919
GatherNUFFT2,0,27,0.008461951
GatherNUFFT2,0,28,0.007846033
GatherNUFFT2,0,29,0.007887888
mainTimer,1,0,3.699303162
dumpData,1,0,0.009448961
dumpData,1,1,0.007730101
dumpData,1,2,0.007930607
dumpData,1,3,0.007421502
dumpData,1,4,0.007297634
dumpData,1,5,0.007875025
dumpData,1,6,0.007373599
dumpData,1,7,0.007284067
dumpData,1,8,0.007842386
dumpData,1,9,0.007918831
kick,1,0,1.8847e-05
kick,1,1,1.0431e-05
kick,1,2,3.9295e-05
kick,1,3,7.456e-06
kick,1,4,4.355e-05
kick,1,5,6.623e-06
kick,1,6,4.7103e-05
kick,1,7,8.96e-06
kick,1,8,3.8143e-05
kick,1,9,1.0752e-05
kick,1,10,4.3007e-05
kick,1,11,6.368e-06
kick,1,12,4.3838e-05
kick,1,13,8.512e-06
kick,1,14,3.9135e-05
kick,1,15,1.1263e-05
kick,1,16,3.955e-05
kick,1,17,7.263e-06
kick,1,18,3.9263e-05
kick,1,19,7.04e-06
drift,1,0,5.504e-06
drift,1,1,9.343e-06
drift,1,2,9.312e-06
drift,1,3,1.0335e-05
drift,1,4,9.568e-06
drift,1,5,7.296e-06
drift,1,6,9.408e-06
drift,1,7,6.912e-06
drift,1,8,9.856e-06
drift,1,9,1.1071e-05
particleBC,1,0,8.448e-06
particleBC,1,1,1.0624e-05
particleBC,1,2,1.2e-05
particleBC,1,3,1.2e-05
particleBC,1,4,1.2767e-05
particleBC,1,5,1.2e-05
particleBC,1,6,1.04e-05
particleBC,1,7,1.0304e-05
particleBC,1,8,1.1008e-05
particleBC,1,9,1.1936e-05
updateParticle,1,0,0.007495772
updateParticle,1,1,0.007478621
updateParticle,1,2,0.007495709
updateParticle,1,3,0.007507516
updateParticle,1,4,0.007524828
updateParticle,1,5,0.007503036
updateParticle,1,6,0.007499452
updateParticle,1,7,0.007501819
updateParticle,1,8,0.00748678
updateParticle,1,9,0.007489052
locateParticles,1,0,0.003549268
locateParticles,1,1,0.003545301
locateParticles,1,2,0.003556532
locateParticles,1,3,0.003550452
locateParticles,1,4,0.003537589
locateParticles,1,5,0.00355026
locateParticles,1,6,0.003566099
locateParticles,1,7,0.003556371
locateParticles,1,8,0.003558964
locateParticles,1,9,0.003556244
sendPreprocess,1,0,0.00033007
sendPreprocess,1,1,0.000341142
sendPreprocess,1,2,0.000334422
sendPreprocess,1,3,0.000345334
sendPreprocess,1,4,0.000362965
sendPreprocess,1,5,0.000362997
sendPreprocess,1,6,0.000334678
sendPreprocess,1,7,0.000364277
sendPreprocess,1,8,0.000341973
sendPreprocess,1,9,0.00032799
particleSend,1,0,0.000617357
particleSend,1,1,0.000661548
particleSend,1,2,0.000634221
particleSend,1,3,0.000628333
particleSend,1,4,0.000601006
particleSend,1,5,0.000609101
particleSend,1,6,0.000605166
particleSend,1,7,0.000584751
particleSend,1,8,0.000637037
particleSend,1,9,0.000595342
particleRecv,1,0,2.0736e-05
particleRecv,1,1,1.8816e-05
particleRecv,1,2,2.0575e-05
particleRecv,1,3,2.0671e-05
particleRecv,1,4,2.2111e-05
particleRecv,1,5,1.904e-05
particleRecv,1,6,2.0415e-05
particleRecv,1,7,2.2943e-05
particleRecv,1,8,1.9359e-05
particleRecv,1,9,2.1375e-05
particleDestroy,1,0,0.002241755
particleDestroy,1,1,0.002253339
particleDestroy,1,2,0.002244092
particleDestroy,1,3,0.0022391
particleDestroy,1,4,0.002234172
particleDestroy,1,5,0.002257851
particleDestroy,1,6,0.002254908
particleDestroy,1,7,0.002262299
particleDestroy,1,8,0.002269915
particleDestroy,1,9,0.00224742
ScatterPIFNUFFT,1,0,0.094000504
ScatterPIFNUFFT,1,1,4.9215e-05
ScatterPIFNUFFT,1,2,0.093951419
ScatterPIFNUFFT,1,3,4.4319e-05
ScatterPIFNUFFT,1,4,0.094010777
ScatterPIFNUFFT,1,5,5.3151e-05
ScatterPIFNUFFT,1,6,0.093630341
ScatterPIFNUFFT,1,7,3.5391e-05
ScatterPIFNUFFT,1,8,0.093984218
ScatterPIFNUFFT,1,9,5.7438e-05
ScatterPIFNUFFT,1,10,0.093980762
ScatterPIFNUFFT,1,11,4.7263e-05
ScatterPIFNUFFT,1,12,0.093883549
ScatterPIFNUFFT,1,13,4.9118e-05
ScatterPIFNUFFT,1,14,0.093802976
ScatterPIFNUFFT,1,15,5.427e-05
ScatterPIFNUFFT,1,16,0.0943332
ScatterPIFNUFFT,1,17,3.8943e-05
ScatterPIFNUFFT,1,18,0.093633797
ScatterPIFNUFFT,1,19,4.915e-05
NativeNUFFT1,1,0,0.089557024
NativeNUFFT1,1,1,0.089514209
NativeNUFFT1,1,2,0.08955088
NativeNUFFT1,1,3,0.089206442
NativeNUFFT1,1,4,0.089513889
NativeNUFFT1,1,5,0.090508035
NativeNUFFT1,1,6,0.090427334
NativeNUFFT1,1,7,0.089418661
NativeNUFFT1,1,8,0.089929909
NativeNUFFT1,1,9,0.089297289
scatterTimerNUFFT1,1,0,0.020746089
scatterTimerNUFFT1,1,1,0.021192892
scatterTimerNUFFT1,1,2,0.021141661
scatterTimerNUFFT1,1,3,0.020771913
scatterTimerNUFFT1,1,4,0.02080356
scatterTimerNUFFT1,1,5,0.021826249
scatterTimerNUFFT1,1,6,0.022067745
scatterTimerNUFFT1,1,7,0.020916773
scatterTimerNUFFT1,1,8,0.020761002
scatterTimerNUFFT1,1,9,0.020854311
binSort,1,0,0.004126947
binSort,1,1,0.004060932
binSort,1,2,0.00410538
binSort,1,3,0.004067268
binSort,1,4,0.004112643
binSort,1,5,0.00412253
binSort,1,6,0.00406298
binSort,1,7,0.004013094
binSort,1,8,0.004147778
binSort,1,9,0.00407834
binSort,1,10,0.004065764
binSort,1,11,0.004081573
binSort,1,12,0.004102563
binSort,1,13,0.004106371
binSort,1,14,0.004099523
binSort,1,15,0.004109316
binSort,1,16,0.00410106
binSort,1,17,0.004100932
binSort,1,18,0.004097763
binSort,1,19,0.004055557
binSort,1,20,0.004096643
binSort,1,21,0.004075717
binSort,1,22,0.004039205
binSort,1,23,0.004056581
binSort,1,24,0.004101923
binSort,1,25,0.004061701
binSort,1,26,0.004096195
binSort,1,27,0.004048198
binSort,1,28,0.004118532
binSort,1,29,0.00410426
binSort,1,30,0.004093508
binSort,1,31,0.004041926
binSort,1,32,0.004105187
binSort,1,33,0.004072516
binSort,1,34,0.003998758
binSort,1,35,0.0040929
binSort,1,36,0.004115651
binSort,1,37,0.004057476
binSort,1,38,0.0040969
binSort,1,39,0.004100323
binComputeKeys,1,0,0.00040482
binComputeKeys,1,1,0.00039458
binComputeKeys,1,2,0.000413715
binComputeKeys,1,3,0.000394836
binComputeKeys,1,4,0.000395988
binComputeKeys,1,5,0.000425843
binComputeKeys,1,6,0.000426099
binComputeKeys,1,7,0.000414644
binComputeKeys,1,8,0.000394228
binComputeKeys,1,9,0.000384628
binComputeKeys,1,10,0.000423059
binComputeKeys,1,11,0.00040194
binComputeKeys,1,12,0.000386772
binComputeKeys,1,13,0.000426067
binComputeKeys,1,14,0.000423123
binComputeKeys,1,15,0.000430131
binComputeKeys,1,16,0.000385269
binComputeKeys,1,17,0.000409716
binComputeKeys,1,18,0.000413363
binComputeKeys,1,19,0.000406099
binComputeKeys,1,20,0.000382548
binComputeKeys,1,21,0.00041426
binComputeKeys,1,22,0.000394804
binComputeKeys,1,23,0.000389268
binComputeKeys,1,24,0.00038482
binComputeKeys,1,25,0.000406804
binComputeKeys,1,26,0.000419091
binComputeKeys,1,27,0.00039138
binComputeKeys,1,28,0.000390901
binComputeKeys,1,29,0.000411348
binComputeKeys,1,30,0.000402004
binComputeKeys,1,31,0.000401748
binComputeKeys,1,32,0.000390164
binComputeKeys,1,33,0.000388948
binComputeKeys,1,34,0.00039602
binComputeKeys,1,35,0.00041906
binComputeKeys,1,36,0.000393365
binComputeKeys,1,37,0.000400819
binComputeKeys,1,38,0.000425811
binComputeKeys,1,39,0.000405875
binSortByKey,1,0,0.003515893
binSortByKey,1,1,0.003469206
binSortByKey,1,2,0.003493047
binSortByKey,1,3,0.003478326
binSortByKey,1,4,0.003510485
binSortByKey,1,5,0.003491926
binSortByKey,1,6,0.003451319
binSortByKey,1,7,0.003413528
binSortByKey,1,8,0.00354626
binSortByKey,1,9,0.003484726
binSortByKey,1,10,0.003442551
binSortByKey,1,11,0.003481911
binSortByKey,1,12,0.003516245
binSortByKey,1,13,0.00347919
binSortByKey,1,14,0.003473366
binSortByKey,1,15,0.003479063
binSortByKey,1,16,0.003506965
binSortByKey,1,17,0.003493206
binSortByKey,1,18,0.003480951
binSortByKey,1,19,0.003444376
binSortByKey,1,20,0.003506709
binSortByKey,1,21,0.003458967
binSortByKey,1,22,0.003444503
binSortByKey,1,23,0.003467703
binSortByKey,1,24,0.003508853
binSortByKey,1,25,0.003463415
binSortByKey,1,26,0.003477174
binSortByKey,1,27,0.003457336
binSortByKey,1,28,0.003523285
binSortByKey,1,29,0.00348623
binSortByKey,1,30,0.003492886
binSortByKey,1,31,0.003447416
binSortByKey,1,32,0.003508981
binSortByKey,1,33,0.003476054
binSortByKey,1,34,0.003420824
binSortByKey,1,35,0.00347023
binSortByKey,1,36,0.003515381
binSortByKey,1,37,0.003468375
binSortByKey,1,38,0.003469175
binSortByKey,1,39,0.003488598
binComputeOffsets,1,0,0.000204826
binComputeOffsets,1,1,0.000196698
binComputeOffsets,1,2,0.000197978
binComputeOffsets,1,3,0.000192346
binComputeOffsets,1,4,0.000204762
binComputeOffsets,1,5,0.000202297
binComputeOffsets,1,6,0.00018489
binComputeOffsets,1,7,0.000184122
binComputeOffsets,1,8,0.000205178
binComputeOffsets,1,9,0.000207066
binComputeOffsets,1,10,0.000198714
binComputeOffsets,1,11,0.000195738
binComputeOffsets,1,12,0.00019897
binComputeOffsets,1,13,0.000199354
binComputeOffsets,1,14,0.000200442
binComputeOffsets,1,15,0.000198554
binComputeOffsets,1,16,0.000206138
binComputeOffsets,1,17,0.000197178
binComputeOffsets,1,18,0.000200921
binComputeOffsets,1,19,0.000203226
binComputeOffsets,1,20,0.000205498
binComputeOffsets,1,21,0.000200922
binComputeOffsets,1,22,0.000197914
binComputeOffsets,1,23,0.000198234
binComputeOffsets,1,24,0.00020665
binComputeOffsets,1,25,0.00019001
binComputeOffsets,1,26,0.000197498
binComputeOffsets,1,27,0.000198586
binComputeOffsets,1,28,0.00020201
binComputeOffsets,1,29,0.000204282
binComputeOffsets,1,30,0.000197786
binComputeOffsets,1,31,0.000191994
binComputeOffsets,1,32,0.000203002
binComputeOffsets,1,33,0.000206298
binComputeOffsets,1,34,0.000181306
binComputeOffsets,1,35,0.000202074
binComputeOffsets,1,36,0.00020457
binComputeOffsets,1,37,0.00018777
binComputeOffsets,1,38,0.000199738
binComputeOffsets,1,39,0.000203674
FFTNUFFT1,1,0,0.067519006
FFTNUFFT1,1,1,0.067079723
FFTNUFFT1,1,2,0.067119658
FFTNUFFT1,1,3,0.067452511
FFTNUFFT1,1,4,0.06743184
FFTNUFFT1,1,5,0.06770044
FFTNUFFT1,1,6,0.067146665
FFTNUFFT1,1,7,0.067229767
FFTNUFFT1,1,8,0.068185609
FFTNUFFT1,1,9,0.067235143
deconvolutionNUFFT1,1,0,0.001290521
deconvolutionNUFFT1,1,1,0.001240058
deconvolutionNUFFT1,1,2,0.001288601
deconvolutionNUFFT1,1,3,0.000980738
deconvolutionNUFFT1,1,4,0.001275769
deconvolutionNUFFT1,1,5,0.000980354
deconvolutionNUFFT1,1,6,0.001211804
deconvolutionNUFFT1,1,7,0.001269945
deconvolutionNUFFT1,1,8,0.000981058
deconvolutionNUFFT1,1,9,0.001207067
GatherPIFNUFFT,1,0,0.254956579
GatherPIFNUFFT,1,1,0.253967553
GatherPIFNUFFT,1,2,0.254095837
GatherPIFNUFFT,1,3,0.255467443
GatherPIFNUFFT,1,4,0.255331127
GatherPIFNUFFT,1,5,0.254653675
GatherPIFNUFFT,1,6,0.25551813
GatherPIFNUFFT,1,7,0.255311928
GatherPIFNUFFT,1,8,0.255339544
GatherPIFNUFFT,1,9,0.257132321
NativeNUFFT2,1,0,0.083609237
NativeNUFFT2,1,1,0.084022921
NativeNUFFT2,1,2,0.083699346
NativeNUFFT2,1,3,0.082759791
NativeNUFFT2,1,4,0.083936939
NativeNUFFT2,1,5,0.084121542
NativeNUFFT2,1,6,0.082532917
NativeNUFFT2,1,7,0.084419453
NativeNUFFT2,1,8,0.083714514
NativeNUFFT2,1,9,0.082856812
NativeNUFFT2,1,10,0.083629236
NativeNUFFT2,1,11,0.084427197
NativeNUFFT2,1,12,0.082873899
NativeNUFFT2,1,13,0.084103462
NativeNUFFT2,1,14,0.084041768
NativeNUFFT2,1,15,0.08305527
NativeNUFFT2,1,16,0.083888557
NativeNUFFT2,1,17,0.083678483
NativeNUFFT2,1,18,0.083138788
NativeNUFFT2,1,19,0.083872621
NativeNUFFT2,1,20,0.083942251
NativeNUFFT2,1,21,0.082565398
NativeNUFFT2,1,22,0.083891693
NativeNUFFT2,1,23,0.084190725
NativeNUFFT2,1,24,0.082379259
NativeNUFFT2,1,25,0.084705427
NativeNUFFT2,1,26,0.083878989
NativeNUFFT2,1,27,0.085397024
NativeNUFFT2,1,28,0.083916139
NativeNUFFT2,1,29,0.084226499
PrecorrectionNUFFT2,1,0,0.001620879
PrecorrectionNUFFT2,1,1,0.002524531
PrecorrectionNUFFT2,1,2,0.002519539
PrecorrectionNUFFT2,1,3,0.001591856
PrecorrectionNUFFT2,1,4,0.002528051
PrecorrectionNUFFT2,1,5,0.002552563
PrecorrectionNUFFT2,1,6,0.001605903
PrecorrectionNUFFT2,1,7,0.002540211
PrecorrectionNUFFT2,1,8,0.002538931
PrecorrectionNUFFT2,1,9,0.001576976
PrecorrectionNUFFT2,1,10,0.00255717
PrecorrectionNUFFT2,1,11,0.002552691
PrecorrectionNUFFT2,1,12,0.001644238
PrecorrectionNUFFT2,1,13,0.002539122
PrecorrectionNUFFT2,1,14,0.002539827
PrecorrectionNUFFT2,1,15,0.001587216
PrecorrectionNUFFT2,1,16,0.002557458
PrecorrectionNUFFT2,1,17,0.002547347
PrecorrectionNUFFT2,1,18,0.00159912
PrecorrectionNUFFT2,1,19,0.002524947
PrecorrectionNUFFT2,1,20,0.00249986
PrecorrectionNUFFT2,1,21,0.001600528
PrecorrectionNUFFT2,1,22,0.002518068
PrecorrectionNUFFT2,1,23,0.002513396
PrecorrectionNUFFT2,1,24,0.001601455
PrecorrectionNUFFT2,1,25,0.002533843
PrecorrectionNUFFT2,1,26,0.002512851
PrecorrectionNUFFT2,1,27,0.001602512
PrecorrectionNUFFT2,1,28,0.002544626
PrecorrectionNUFFT2,1,29,0.002503892
FFTNUFFT2,1,0,0.068116396
FFTNUFFT2,1,1,0.067506335
FFTNUFFT2,1,2,0.067600508
FFTNUFFT2,1,3,0.067409793
FFTNUFFT2,1,4,0.067576796
FFTNUFFT2,1,5,0.068087212
FFTNUFFT2,1,6,0.067061899
FFTNUFFT2,1,7,0.06775583
FFTNUFFT2,1,8,0.067374978
FFTNUFFT2,1,9,0.067211559
FFTNUFFT2,1,10,0.067265189
FFTNUFFT2,1,11,0.067692824
FFTNUFFT2,1,12,0.067162888
FFTNUFFT2,1,13,0.067431393
FFTNUFFT2,1,14,0.067728087
FFTNUFFT2,1,15,0.067367362
FFTNUFFT2,1,16,0.067736471
FFTNUFFT2,1,17,0.067262981
FFTNUFFT2,1,18,0.067978481
FFTNUFFT2,1,19,0.067379938
FFTNUFFT2,1,20,0.068075629
FFTNUFFT2,1,21,0.066954447
FFTNUFFT2,1,22,0.067550205
FFTNUFFT2,1,23,0.068153003
FFTNUFFT2,1,24,0.067335108
FFTNUFFT2,1,25,0.068641115
FFTNUFFT2,1,26,0.06743984
FFTNUFFT2,1,27,0.069992722
FFTNUFFT2,1,28,0.067664025
FFTNUFFT2,1,29,0.06790133
GatherNUFFT2,1,0,0.007389184
GatherNUFFT2,1,1,0.007525245
GatherNUFFT2,1,2,0.007244164
GatherNUFFT2,1,3,0.007352737
GatherNUFFT2,1,4,0.007323841
GatherNUFFT2,1,5,0.007289122
GatherNUFFT2,1,6,0.007910096
GatherNUFFT2,1,7,0.007662839
GatherNUFFT2,1,8,0.007353633
GatherNUFFT2,1,9,0.00757465
GatherNUFFT2,1,10,0.007310082
GatherNUFFT2,1,11,0.008026924
GatherNUFFT2,1,12,0.007565594
GatherNUFFT2,1,13,0.007662712
GatherNUFFT2,1,14,0.00759929
GatherNUFFT2,1,15,0.007591065
GatherNUFFT2,1,16,0.007387007
GatherNUFFT2,1,17,0.007371233
GatherNUFFT2,1,18,0.007356736
GatherNUFFT2,1,19,0.007487773
GatherNUFFT2,1,20,0.007456286
GatherNUFFT2,1,21,0.007735157
GatherNUFFT2,1,22,0.00736688
GatherNUFFT2,1,23,0.007340673
GatherNUFFT2,1,24,0.007535931
GatherNUFFT2,1,25,0.00710804
GatherNUFFT2,1,26,0.007424318
GatherNUFFT2,1,27,0.007593914
GatherNUFFT2,1,28,0.007347808
GatherNUFFT2,1,29,0.00764684
mainTimer,2,0,3.699380312
dumpData,2,0,0.007843666
dumpData,2,1,0.006273697
dumpData,2,2,0.006356383
dumpData,2,3,0.006496986
dumpData,2,4,0.006425085
dumpData,2,5,0.006276034
dumpData,2,6,0.006756338
dumpData,2,7,0.006311616
dumpData,2,8,0.006256642
dumpData,2,9,0.006265922
kick,2,0,4.4159e-05
kick,2,1,1.1839e-05
kick,2,2,4.0031e-05
kick,2,3,1.2576e-05
kick,2,4,4.083e-05
kick,2,5,1.0143e-05
kick,2,6,4.7103e-05
kick,2,7,1.2672e-05
kick,2,8,3.8239e-05
kick,2,9,6.144e-06
kick,2,10,4.2239e-05
kick,2,11,2.0895e-05
kick,2,12,4.3038e-05
kick,2,13,9.824e-06
kick,2,14,3.8879e-05
kick,2,15,1.7536e-05
kick,2,16,3.9262e-05
kick,2,17,1.2671e-05
kick,2,18,3.8559e-05
kick,2,19,1.1423e-05
drift,2,0,8.767e-06
drift,2,1,1.1135e-05
drift,2,2,6.656e-06
drift,2,3,9.823e-06
drift,2,4,8.064e-06
drift,2,5,6.72e-06
drift,2,6,9.28e-06
drift,2,7,6.912e-06
drift,2,8,8.96e-06
drift,2,9,1.0335e-05
particleBC,2,0,1.3632e-05
particleBC,2,1,1.0368e-05
particleBC,2,2,1.3824e-05
particleBC,2,3,1.2448e-05
particleBC,2,4,1.2543e-05
particleBC,2,5,1.0848e-05
particleBC,2,6,1.0912e-05
particleBC,2,7,1.1071e-05
particleBC,2,8,1.088e-05
particleBC,2,9,1.3504e-05
updateParticle,2,0,0.007627032
updateParticle,2,1,0.007543483
updateParticle,2,2,0.007532188
updateParticle,2,3,0.007527132
updateParticle,2,4,0.007575707
updateParticle,2,5,0.007563162
updateParticle,2,6,0.007591513
updateParticle,2,7,0.007559579
updateParticle,2,8,0.007615736
updateParticle,2,9,0.007552794
locateParticles,2,0,0.003728335
locateParticles,2,1,0.003699888
locateParticles,2,2,0.003709199
locateParticles,2,3,0.003705424
locateParticles,2,4,0.003712912
locateParticles,2,5,0.003714383
locateParticles,2,6,0.003714671
locateParticles,2,7,0.003716208
locateParticles,2,8,0.003719407
locateParticles,2,9,0.003701039
sendPreprocess,2,0,0.00019561
sendPreprocess,2,1,0.000188826
sendPreprocess,2,2,0.000187067
sendPreprocess,2,3,0.00019433
sendPreprocess,2,4,0.000190714
sendPreprocess,2,5,0.000203354
sendPreprocess,2,6,0.000187322
sendPreprocess,2,7,0.000202777
sendPreprocess,2,8,0.000183418
sendPreprocess,2,9,0.000183963
particleSend,2,0,0.000625165
particleSend,2,1,0.000606638
particleSend,2,2,0.00059371
particleSend,2,3,0.00058347
particleSend,2,4,0.000600974
particleSend,2,5,0.000605037
particleSend,2,6,0.00060315
particleSend,2,7,0.00058875
particleSend,2,8,0.000585934
particleSend,2,9,0.000592782
particleRecv,2,0,1.9231e-05
particleRecv,2,1,2.1471e-05
particleRecv,2,2,2.1151e-05
particleRecv,2,3,1.9391e-05
particleRecv,2,4,2.4863e-05
particleRecv,2,5,1.952e-05
particleRecv,2,6,2.2687e-05
particleRecv,2,7,2.08e-05
particleRecv,2,8,2.5344e-05
particleRecv,2,9,2.1471e-05
particleDestroy,2,0,0.002427223
particleDestroy,2,1,0.002434294
particleDestroy,2,2,0.002417047
particleDestroy,2,3,0.002427255
particleDestroy,2,4,0.002420631
particleDestroy,2,5,0.002428374
particleDestroy,2,6,0.002429047
particleDestroy,2,7,0.002446709
particleDestroy,2,8,0.002436757
particleDestroy,2,9,0.002447638
ScatterPIFNUFFT,2,0,0.094470923
ScatterPIFNUFFT,2,1,2.4831e-05
ScatterPIFNUFFT,2,2,0.09359239
ScatterPIFNUFFT,2,3,2.9567e-05
ScatterPIFNUFFT,2,4,0.09353828
ScatterPIFNUFFT,2,5,3.3151e-05
ScatterPIFNUFFT,2,6,0.093965275
ScatterPIFNUFFT,2,7,5.7055e-05
ScatterPIFNUFFT,2,8,0.094085559
ScatterPIFNUFFT,2,9,5.7279e-05
ScatterPIFNUFFT,2,10,0.093732514
ScatterPIFNUFFT,2,11,4.8799e-05
ScatterPIFNUFFT,2,12,0.09391798
ScatterPIFNUFFT,2,13,4.8542e-05
ScatterPIFNUFFT,2,14,0.093857471
ScatterPIFNUFFT,2,15,4.7582e-05
ScatterPIFNUFFT,2,16,0.094256498
ScatterPIFNUFFT,2,17,3.6831e-05
ScatterPIFNUFFT,2,18,0.093845151
ScatterPIFNUFFT,2,19,4.9182e-05
NativeNUFFT1,2,0,0.090039761
NativeNUFFT1,2,1,0.089143597
NativeNUFFT1,2,2,0.089046448
NativeNUFFT1,2,3,0.089451652
NativeNUFFT1,2,4,0.089680668
NativeNUFFT1,2,5,0.089274504
NativeNUFFT1,2,6,0.089507106
NativeNUFFT1,2,7,0.089445764
NativeNUFFT1,2,8,0.089905911
NativeNUFFT1,2,9,0.089533986
scatterTimerNUFFT1,2,0,0.020792617
scatterTimerNUFFT1,2,1,0.020922245
scatterTimerNUFFT1,2,2,0.020837831
scatterTimerNUFFT1,2,3,0.020834855
scatterTimerNUFFT1,2,4,0.020901893
scatterTimerNUFFT1,2,5,0.020721514
scatterTimerNUFFT1,2,6,0.020863174
scatterTimerNUFFT1,2,7,0.02082772
scatterTimerNUFFT1,2,8,0.02083524
scatterTimerNUFFT1,2,9,0.020960804
binSort,2,0,0.0042192
binSort,2,1,0.004298078
binSort,2,2,0.004281918
binSort,2,3,0.00429011
binSort,2,4,0.004232031
binSort,2,5,0.004285694
binSort,2,6,0.004375259
binSort,2,7,0.004318205
binSort,2,8,0.004227359
binSort,2,9,0.004312701
binSort,2,10,0.004298558
binSort,2,11,0.004290494
binSort,2,12,0.004228895
binSort,2,13,0.004259551
binSort,2,14,0.004278046
binSort,2,15,0.004273471
binSort,2,16,0.004241343
binSort,2,17,0.004278846
binSort,2,18,0.004292797
binSort,2,19,0.004274942
binSort,2,20,0.004321053
binSort,2,21,0.004315997
binSort,2,22,0.004269982
binSort,2,23,0.004306142
binSort,2,24,0.004309629
binSort,2,25,0.00431027
binSort,2,26,0.004276862
binSort,2,27,0.004288382
binSort,2,28,0.004229824
binSort,2,29,0.00427843
binSort,2,30,0.004270367
binSort,2,31,0.004294686
binSort,2,32,0.004223169
binSort,2,33,0.004336028
binSort,2,34,0.004366299
binSort,2,35,0.00428899
binSort,2,36,0.004304125
binSort,2,37,0.004308861
binSort,2,38,0.004281118
binSort,2,39,0.004236704
binComputeKeys,2,0,0.00039634
binComputeKeys,2,1,0.000425299
binComputeKeys,2,2,0.000410675
binComputeKeys,2,3,0.000423827
binComputeKeys,2,4,0.000401491
binComputeKeys,2,5,0.000411187
binComputeKeys,2,6,0.000424435
binComputeKeys,2,7,0.000444786
binComputeKeys,2,8,0.0003973
binComputeKeys,2,9,0.000420019
binComputeKeys,2,10,0.000430803
binComputeKeys,2,11,0.000417651
binComputeKeys,2,12,0.000394868
binComputeKeys,2,13,0.000425555
binComputeKeys,2,14,0.000414003
binComputeKeys,2,15,0.000415251
binComputeKeys,2,16,0.000402996
binComputeKeys,2,17,0.000420563
binComputeKeys,2,18,0.000439506
binComputeKeys,2,19,0.000421811
binComputeKeys,2,20,0.00041154
binComputeKeys,2,21,0.000434514
binComputeKeys,2,22,0.000421203
binComputeKeys,2,23,0.000431187
binComputeKeys,2,24,0.000403731
binComputeKeys,2,25,0.000412628
binComputeKeys,2,26,0.000423219
binComputeKeys,2,27,0.000426963
binComputeKeys,2,28,0.000395636
binComputeKeys,2,29,0.000426419
binComputeKeys,2,30,0.000422995
binComputeKeys,2,31,0.000420627
binComputeKeys,2,32,0.000391893
binComputeKeys,2,33,0.000424723
binComputeKeys,2,34,0.000406132
binComputeKeys,2,35,0.000440979
binComputeKeys,2,36,0.000412115
binComputeKeys,2,37,0.000412915
binComputeKeys,2,38,0.000435795
binComputeKeys,2,39,0.00041186
binSortByKey,2,0,0.003619602
binSortByKey,2,1,0.003673425
binSortByKey,2,2,0.003669041
binSortByKey,2,3,0.003666545
binSortByKey,2,4,0.003625874
binSortByKey,2,5,0.003670353
binSortByKey,2,6,0.003735951
binSortByKey,2,7,0.003664561
binSortByKey,2,8,0.003627761
binSortByKey,2,9,0.003681841
binSortByKey,2,10,0.003665169
binSortByKey,2,11,0.003668433
binSortByKey,2,12,0.003634482
binSortByKey,2,13,0.00364101
binSortByKey,2,14,0.003659825
binSortByKey,2,15,0.003653458
binSortByKey,2,16,0.003634802
binSortByKey,2,17,0.003658769
binSortByKey,2,18,0.003661105
binSortByKey,2,19,0.003654001
binSortByKey,2,20,0.003693167
binSortByKey,2,21,0.003678481
binSortByKey,2,22,0.003655921
binSortByKey,2,23,0.003671505
binSortByKey,2,24,0.003692624
binSortByKey,2,25,0.00369272
binSortByKey,2,26,0.003650033
binSortByKey,2,27,0.003659377
binSortByKey,2,28,0.003631378
binSortByKey,2,29,0.003649521
binSortByKey,2,30,0.003646386
binSortByKey,2,31,0.003670737
binSortByKey,2,32,0.003627954
binSortByKey,2,33,0.003704944
binSortByKey,2,34,0.00374571
binSortByKey,2,35,0.003645105
binSortByKey,2,36,0.003683569
binSortByKey,2,37,0.00369112
binSortByKey,2,38,0.003640849
binSortByKey,2,39,0.003633137
binComputeOffsets,2,0,0.000201338
binComputeOffsets,2,1,0.000198842
binComputeOffsets,2,2,0.000200698
binComputeOffsets,2,3,0.00019785
binComputeOffsets,2,4,0.00020169
binComputeOffsets,2,5,0.00020233
binComputeOffsets,2,6,0.00021385
binComputeOffsets,2,7,0.00020681
binComputeOffsets,2,8,0.000201434
binComputeOffsets,2,9,0.000208697
binComputeOffsets,2,10,0.00020121
binComputeOffsets,2,11,0.000202426
binComputeOffsets,2,12,0.000198682
binComputeOffsets,2,13,0.000191802
binComputeOffsets,2,14,0.000202298
binComputeOffsets,2,15,0.00020345
binComputeOffsets,2,16,0.000201466
binComputeOffsets,2,17,0.00019833
binComputeOffsets,2,18,0.000191002
binComputeOffsets,2,19,0.000197818
binComputeOffsets,2,20,0.000214714
binComputeOffsets,2,21,0.000201434
binComputeOffsets,2,22,0.000191034
binComputeOffsets,2,23,0.000202138
binComputeOffsets,2,24,0.000211738
binComputeOffsets,2,25,0.000203514
binComputeOffsets,2,26,0.000202234
binComputeOffsets,2,27,0.000200698
binComputeOffsets,2,28,0.00020185
binComputeOffsets,2,29,0.00020105
binComputeOffsets,2,30,0.00020057
binComputeOffsets,2,31,0.000202298
binComputeOffsets,2,32,0.000200474
binComputeOffsets,2,33,0.000205465
binComputeOffsets,2,34,0.000212985
binComputeOffsets,2,35,0.000201914
binComputeOffsets,2,36,0.000207033
binComputeOffsets,2,37,0.00020377
binComputeOffsets,2,38,0.000202778
binComputeOffsets,2,39,0.000190715
FFTNUFFT1,2,0,0.068558494
FFTNUFFT1,2,1,0.067522365
FFTNUFFT1,2,2,0.067465855
FFTNUFFT1,2,3,0.06764697
FFTNUFFT1,2,4,0.067802933
FFTNUFFT1,2,5,0.067825076
FFTNUFFT1,2,6,0.067742551
FFTNUFFT1,2,7,0.067553085
FFTNUFFT1,2,8,0.068378052
FFTNUFFT1,2,9,0.06758054
deconvolutionNUFFT1,2,0,0.000686571
deconvolutionNUFFT1,2,1,0.000697227
deconvolutionNUFFT1,2,2,0.000741386
deconvolutionNUFFT1,2,3,0.000968867
deconvolutionNUFFT1,2,4,0.00097389
deconvolutionNUFFT1,2,5,0.000726794
deconvolutionNUFFT1,2,6,0.000900357
deconvolutionNUFFT1,2,7,0.001063167
deconvolutionNUFFT1,2,8,0.000690283
deconvolutionNUFFT1,2,9,0.000991106
GatherPIFNUFFT,2,0,0.253973984
GatherPIFNUFFT,2,1,0.256572434
GatherPIFNUFFT,2,2,0.256745196
GatherPIFNUFFT,2,3,0.25511027
GatherPIFNUFFT,2,4,0.254809799
GatherPIFNUFFT,2,5,0.255379829
GatherPIFNUFFT,2,6,0.255266298
GatherPIFNUFFT,2,7,0.253900291
GatherPIFNUFFT,2,8,0.255310968
GatherPIFNUFFT,2,9,0.255513746
NativeNUFFT2,2,0,0.082993352
NativeNUFFT2,2,1,0.08413639
NativeNUFFT2,2,2,0.084193123
NativeNUFFT2,2,3,0.083579702
NativeNUFFT2,2,4,0.083780913
NativeNUFFT2,2,5,0.083920331
NativeNUFFT2,2,6,0.083481529
NativeNUFFT2,2,7,0.08341206
NativeNUFFT2,2,8,0.084280416
NativeNUFFT2,2,9,0.083059941
NativeNUFFT2,2,10,0.084417789
NativeNUFFT2,2,11,0.083622101
NativeNUFFT2,2,12,0.083195266
NativeNUFFT2,2,13,0.083700499
NativeNUFFT2,2,14,0.084012105
NativeNUFFT2,2,15,0.0831025
NativeNUFFT2,2,16,0.084421757
NativeNUFFT2,2,17,0.083447354
NativeNUFFT2,2,18,0.083657493
NativeNUFFT2,2,19,0.084009226
NativeNUFFT2,2,20,0.08365058
NativeNUFFT2,2,21,0.08291406
NativeNUFFT2,2,22,0.0841569
NativeNUFFT2,2,23,0.083852462
NativeNUFFT2,2,24,0.083000488
NativeNUFFT2,2,25,0.084239266
NativeNUFFT2,2,26,0.084227266
NativeNUFFT2,2,27,0.083522073
NativeNUFFT2,2,28,0.084709299
NativeNUFFT2,2,29,0.084386462
PrecorrectionNUFFT2,2,0,0.001599824
PrecorrectionNUFFT2,2,1,0.002603857
PrecorrectionNUFFT2,2,2,0.002605136
PrecorrectionNUFFT2,2,3,0.001639822
PrecorrectionNUFFT2,2,4,0.00259349
PrecorrectionNUFFT2,2,5,0.002602481
PrecorrectionNUFFT2,2,6,0.001610415
PrecorrectionNUFFT2,2,7,0.002604977
PrecorrectionNUFFT2,2,8,0.002609681
PrecorrectionNUFFT2,2,9,0.001623758
PrecorrectionNUFFT2,2,10,0.002598833
PrecorrectionNUFFT2,2,11,0.002586834
PrecorrectionNUFFT2,2,12,0.001661102
PrecorrectionNUFFT2,2,13,0.002595409
PrecorrectionNUFFT2,2,14,0.002599729
PrecorrectionNUFFT2,2,15,0.001622447
PrecorrectionNUFFT2,2,16,0.002619984
PrecorrectionNUFFT2,2,17,0.002585777
PrecorrectionNUFFT2,2,18,0.001611919
PrecorrectionNUFFT2,2,19,0.002599569
PrecorrectionNUFFT2,2,20,0.002605585
PrecorrectionNUFFT2,2,21,0.001606128
PrecorrectionNUFFT2,2,22,0.00261896
PrecorrectionNUFFT2,2,23,0.002594513
PrecorrectionNUFFT2,2,24,0.001606287
PrecorrectionNUFFT2,2,25,0.0026356
PrecorrectionNUFFT2,2,26,0.002649647
PrecorrectionNUFFT2,2,27,0.001595152
PrecorrectionNUFFT2,2,28,0.002649775
PrecorrectionNUFFT2,2,29,0.002587441
FFTNUFFT2,2,0,0.067119754
FFTNUFFT2,2,1,0.067617371
FFTNUFFT2,2,2,0.067288293
FFTNUFFT2,2,3,0.068076301
FFTNUFFT2,2,4,0.067071468
FFTNUFFT2,2,5,0.067068843
FFTNUFFT2,2,6,0.067006093
FFTNUFFT2,2,7,0.067065675
FFTNUFFT2,2,8,0.067780822
FFTNUFFT2,2,9,0.06759526
FFTNUFFT2,2,10,0.067383202
FFTNUFFT2,2,11,0.066943631
FFTNUFFT2,2,12,0.067352066
FFTNUFFT2,2,13,0.066971695
FFTNUFFT2,2,14,0.067220327
FFTNUFFT2,2,15,0.067345667
FFTNUFFT2,2,16,0.067811157
FFTNUFFT2,2,17,0.066888689
FFTNUFFT2,2,18,0.067572509
FFTNUFFT2,2,19,0.067350339
FFTNUFFT2,2,20,0.066939151
FFTNUFFT2,2,21,0.067388993
FFTNUFFT2,2,22,0.067442688
FFTNUFFT2,2,23,0.067309669
FFTNUFFT2,2,24,0.06717972
FFTNUFFT2,2,25,0.067795958
FFTNUFFT2,2,26,0.067592316
FFTNUFFT2,2,27,0.068112908
FFTNUFFT2,2,28,0.067747895
FFTNUFFT2,2,29,0.0678581
GatherNUFFT2,2,0,0.007801363
GatherNUFFT2,2,1,0.007737142
GatherNUFFT2,2,2,0.008040363
GatherNUFFT2,2,3,0.007507772
GatherNUFFT2,2,4,0.007897552
GatherNUFFT2,2,5,0.007605145
GatherNUFFT2,2,6,0.008638202
GatherNUFFT2,2,7,0.007521147
GatherNUFFT2,2,8,0.007474782
GatherNUFFT2,2,9,0.00739184
GatherNUFFT2,2,10,0.0078844
GatherNUFFT2,2,11,0.007640313
GatherNUFFT2,2,12,0.007522044
GatherNUFFT2,2,13,0.007343969
GatherNUFFT2,2,14,0.007466878
GatherNUFFT2,2,15,0.00739104
GatherNUFFT2,2,16,0.007815698
GatherNUFFT2,2,17,0.007480285
GatherNUFFT2,2,18,0.00784853
GatherNUFFT2,2,19,0.007531675
GatherNUFFT2,2,20,0.007434846
GatherNUFFT2,2,21,0.007742293
GatherNUFFT2,2,22,0.007522203
GatherNUFFT2,2,23,0.007757332
GatherNUFFT2,2,24,0.008042252
GatherNUFFT2,2,25,0.007639256
GatherNUFFT2,2,26,0.007595001
GatherNUFFT2,2,27,0.007595866
GatherNUFFT2,2,28,0.007859441
GatherNUFFT2,2,29,0.007772564
mainTimer,3,0,3.699383128
dumpData,3,0,0.008850835
dumpData,3,1,0.007285923
dumpData,3,2,0.007263363
dumpData,3,3,0.008125673
dumpData,3,4,0.006872175
dumpData,3,5,0.007205669
dumpData,3,6,0.007840369
dumpData,3,7,0.007759156
dumpData,3,8,0.007163526
dumpData,3,9,0.007283043
kick,3,0,4.5439e-05
kick,3,1,9.088e-06
kick,3,2,4.0479e-05
kick,3,3,6.239e-06
kick,3,4,4.2398e-05
kick,3,5,7.136e-06
kick,3,6,4.8543e-05
kick,3,7,7.168e-06
kick,3,8,3.7535e-05
kick,3,9,7.488e-06
kick,3,10,4.0255e-05
kick,3,11,1.0912e-05
kick,3,12,4.2271e-05
kick,3,13,7.776e-06
kick,3,14,3.7631e-05
kick,3,15,9.504e-06
kick,3,16,3.7822e-05
kick,3,17,8.448e-06
kick,3,18,3.8079e-05
kick,3,19,8.319e-06
drift,3,0,9.696e-06
drift,3,1,9.119e-06
drift,3,2,9.728e-06
drift,3,3,1.0015e-05
drift,3,4,9.344e-06
drift,3,5,8.448e-06
drift,3,6,8.896e-06
drift,3,7,7.168e-06
drift,3,8,1.0528e-05
drift,3,9,9.311e-06
particleBC,3,0,1.3088e-05
particleBC,3,1,9.12e-06
particleBC,3,2,1.216e-05
particleBC,3,3,1.1584e-05
particleBC,3,4,1.1807e-05
particleBC,3,5,1.0944e-05
particleBC,3,6,1.0784e-05
particleBC,3,7,1.1104e-05
particleBC,3,8,1.2256e-05
particleBC,3,9,1.1776e-05
updateParticle,3,0,0.007592889
updateParticle,3,1,0.007552027
updateParticle,3,2,0.007529212
updateParticle,3,3,0.007531356
updateParticle,3,4,0.007540156
updateParticle,3,5,0.007573818
updateParticle,3,6,0.007550075
updateParticle,3,7,0.007558682
updateParticle,3,8,0.007541818
updateParticle,3,9,0.007545627
locateParticles,3,0,0.003594259
locateParticles,3,1,0.00356322
locateParticles,3,2,0.003574259
locateParticles,3,3,0.003580211
locateParticles,3,4,0.003571284
locateParticles,3,5,0.003575027
locateParticles,3,6,0.003571091
locateParticles,3,7,0.003575859
locateParticles,3,8,0.003564307
locateParticles,3,9,0.00356034
sendPreprocess,3,0,0.00032895
sendPreprocess,3,1,0.000327414
sendPreprocess,3,2,0.000319671
sendPreprocess,3,3,0.000320151
sendPreprocess,3,4,0.000333878
sendPreprocess,3,5,0.000343638
sendPreprocess,3,6,0.000332566
sendPreprocess,3,7,0.000343893
sendPreprocess,3,8,0.000337622
sendPreprocess,3,9,0.000328342
particleSend,3,0,0.000610093
particleSend,3,1,0.000606158
particleSend,3,2,0.000640812
particleSend,3,3,0.000625389
particleSend,3,4,0.000641772
particleSend,3,5,0.000604589
particleSend,3,6,0.000601614
particleSend,3,7,0.000587982
particleSend,3,8,0.000583406
particleSend,3,9,0.000635597
particleRecv,3,0,2.144e-05
particleRecv,3,1,2.0991e-05
particleRecv,3,2,1.9904e-05
particleRecv,3,3,1.9711e-05
particleRecv,3,4,1.92e-05
particleRecv,3,5,2.0384e-05
particleRecv,3,6,2.1695e-05
particleRecv,3,7,2.128e-05
particleRecv,3,8,2.2656e-05
particleRecv,3,9,2.0543e-05
particleDestroy,3,0,0.002342009
particleDestroy,3,1,0.002344729
particleDestroy,3,2,0.002355576
particleDestroy,3,3,0.002341849
particleDestroy,3,4,0.002339769
particleDestroy,3,5,0.002321914
particleDestroy,3,6,0.002349785
particleDestroy,3,7,0.002337145
particleDestroy,3,8,0.002352184
particleDestroy,3,9,0.002326137
ScatterPIFNUFFT,3,0,0.09437659
ScatterPIFNUFFT,3,1,4.0671e-05
ScatterPIFNUFFT,3,2,0.094090614
ScatterPIFNUFFT,3,3,5.9166e-05
ScatterPIFNUFFT,3,4,0.093975546
ScatterPIFNUFFT,3,5,5.4623e-05
ScatterPIFNUFFT,3,6,0.094257298
ScatterPIFNUFFT,3,7,3.3279e-05
ScatterPIFNUFFT,3,8,0.09431976
ScatterPIFNUFFT,3,9,4.7678e-05
ScatterPIFNUFFT,3,10,0.094046808
ScatterPIFNUFFT,3,11,4.1119e-05
ScatterPIFNUFFT,3,12,0.094457772
ScatterPIFNUFFT,3,13,3.6414e-05
ScatterPIFNUFFT,3,14,0.094247507
ScatterPIFNUFFT,3,15,3.8335e-05
ScatterPIFNUFFT,3,16,0.094433293
ScatterPIFNUFFT,3,17,2.3423e-05
ScatterPIFNUFFT,3,18,0.094363919
ScatterPIFNUFFT,3,19,3.4527e-05
NativeNUFFT1,3,0,0.089905333
NativeNUFFT1,3,1,0.089659421
NativeNUFFT1,3,2,0.089491522
NativeNUFFT1,3,3,0.089780025
NativeNUFFT1,3,4,0.089774649
NativeNUFFT1,3,5,0.089488642
NativeNUFFT1,3,6,0.089946388
NativeNUFFT1,3,7,0.08986156
NativeNUFFT1,3,8,0.090049938
NativeNUFFT1,3,9,0.090076434
scatterTimerNUFFT1,3,0,0.020681963
scatterTimerNUFFT1,3,1,0.020685548
scatterTimerNUFFT1,3,2,0.020632877
scatterTimerNUFFT1,3,3,0.020732842
scatterTimerNUFFT1,3,4,0.020618733
scatterTimerNUFFT1,3,5,0.020609838
scatterTimerNUFFT1,3,6,0.02078692
scatterTimerNUFFT1,3,7,0.020655502
scatterTimerNUFFT1,3,8,0.020780297
scatterTimerNUFFT1,3,9,0.02078769
binSort,3,0,0.004073828
binSort,3,1,0.004021669
binSort,3,2,0.00403111
binSort,3,3,0.004023206
binSort,3,4,0.004076196
binSort,3,5,0.004024454
binSort,3,6,0.004030757
binSort,3,7,0.00405866
binSort,3,8,0.004074949
binSort,3,9,0.00402663
binSort,3,10,0.004001606
binSort,3,11,0.004023718
binSort,3,12,0.004057221
binSort,3,13,0.004048965
binSort,3,14,0.004005734
binSort,3,15,0.00401559
binSort,3,16,0.004033221
binSort,3,17,0.00400311
binSort,3,18,0.004012102
binSort,3,19,0.004036358
binSort,3,20,0.004089571
binSort,3,21,0.004010086
binSort,3,22,0.004066916
binSort,3,23,0.004010087
binSort,3,24,0.004079268
binSort,3,25,0.004013958
binSort,3,26,0.004011366
binSort,3,27,0.004017351
binSort,3,28,0.004063205
binSort,3,29,0.00401719
binSort,3,30,0.003998054
binSort,3,31,0.003988711
binSort,3,32,0.004061125
binSort,3,33,0.004025478
binSort,3,34,0.004057957
binSort,3,35,0.004017894
binSort,3,36,0.004103524
binSort,3,37,0.004007174
binSort,3,38,0.004000198
binSort,3,39,0.004082468
binComputeKeys,3,0,0.000394516
binComputeKeys,3,1,0.000408659
binComputeKeys,3,2,0.000417043
binComputeKeys,3,3,0.000418579
binComputeKeys,3,4,0.000388404
binComputeKeys,3,5,0.000419412
binComputeKeys,3,6,0.000420243
binComputeKeys,3,7,0.000411923
binComputeKeys,3,8,0.000384949
binComputeKeys,3,9,0.000427444
binComputeKeys,3,10,0.000406867
binComputeKeys,3,11,0.000413427
binComputeKeys,3,12,0.00038482
binComputeKeys,3,13,0.000401812
binComputeKeys,3,14,0.000408403
binComputeKeys,3,15,0.00041458
binComputeKeys,3,16,0.000378324
binComputeKeys,3,17,0.000404627
binComputeKeys,3,18,0.000396116
binComputeKeys,3,19,0.000420243
binComputeKeys,3,20,0.000390196
binComputeKeys,3,21,0.000403348
binComputeKeys,3,22,0.000392276
binComputeKeys,3,23,0.000412723
binComputeKeys,3,24,0.000385653
binComputeKeys,3,25,0.000427507
binComputeKeys,3,26,0.000422228
binComputeKeys,3,27,0.000416436
binComputeKeys,3,28,0.000387444
binComputeKeys,3,29,0.00041682
binComputeKeys,3,30,0.000419155
binComputeKeys,3,31,0.000401364
binComputeKeys,3,32,0.000384021
binComputeKeys,3,33,0.000428275
binComputeKeys,3,34,0.000420563
binComputeKeys,3,35,0.000408372
binComputeKeys,3,36,0.000394004
binComputeKeys,3,37,0.000410995
binComputeKeys,3,38,0.000407379
binComputeKeys,3,39,0.000434227
binSortByKey,3,0,0.003472886
binSortByKey,3,1,0.003430584
binSortByKey,3,2,0.003430232
binSortByKey,3,3,0.003420696
binSortByKey,3,4,0.003479542
binSortByKey,3,5,0.0034206
binSortByKey,3,6,0.00342284
binSortByKey,3,7,0.003457943
binSortByKey,3,8,0.00348079
binSortByKey,3,9,0.003416152
binSortByKey,3,10,0.003410105
binSortByKey,3,11,0.003426808
binSortByKey,3,12,0.003473079
binSortByKey,3,13,0.003445975
binSortByKey,3,14,0.003412409
binSortByKey,3,15,0.003416568
binSortByKey,3,16,0.003447799
binSortByKey,3,17,0.003415641
binSortByKey,3,18,0.00342188
binSortByKey,3,19,0.003412601
binSortByKey,3,20,0.00347999
binSortByKey,3,21,0.003423384
binSortByKey,3,22,0.003475062
binSortByKey,3,23,0.003415033
binSortByKey,3,24,0.003476022
binSortByKey,3,25,0.003403288
binSortByKey,3,26,0.003405592
binSortByKey,3,27,0.003419928
binSortByKey,3,28,0.003467959
binSortByKey,3,29,0.003416312
binSortByKey,3,30,0.003396825
binSortByKey,3,31,0.003401945
binSortByKey,3,32,0.003471254
binSortByKey,3,33,0.003406072
binSortByKey,3,34,0.003448087
binSortByKey,3,35,0.003426488
binSortByKey,3,36,0.00350223
binSortByKey,3,37,0.003412441
binSortByKey,3,38,0.003408345
binSortByKey,3,39,0.003447959
binComputeOffsets,3,0,0.000203866
binComputeOffsets,3,1,0.00018153
binComputeOffsets,3,2,0.000182843
binComputeOffsets,3,3,0.000183035
binComputeOffsets,3,4,0.000203962
binComputeOffsets,3,5,0.000183354
binComputeOffsets,3,6,0.000186874
binComputeOffsets,3,7,0.000187866
binComputeOffsets,3,8,0.00020649
binComputeOffsets,3,9,0.000182202
binComputeOffsets,3,10,0.000183867
binComputeOffsets,3,11,0.000182683
binComputeOffsets,3,12,0.000197786
binComputeOffsets,3,13,0.000199162
binComputeOffsets,3,14,0.000184346
binComputeOffsets,3,15,0.000183578
binComputeOffsets,3,16,0.000204346
binComputeOffsets,3,17,0.000181914
binComputeOffsets,3,18,0.000192442
binComputeOffsets,3,19,0.00020153
binComputeOffsets,3,20,0.000217817
binComputeOffsets,3,21,0.000182394
binComputeOffsets,3,22,0.000197818
binComputeOffsets,3,23,0.000181403
binComputeOffsets,3,24,0.000215449
binComputeOffsets,3,25,0.000182075
binComputeOffsets,3,26,0.000183194
binComputeOffsets,3,27,0.000180603
binComputeOffsets,3,28,0.000205402
binComputeOffsets,3,29,0.000182458
binComputeOffsets,3,30,0.000181626
binComputeOffsets,3,31,0.000184218
binComputeOffsets,3,32,0.00020297
binComputeOffsets,3,33,0.000189307
binComputeOffsets,3,34,0.000188571
binComputeOffsets,3,35,0.000182266
binComputeOffsets,3,36,0.000205018
binComputeOffsets,3,37,0.000182235
binComputeOffsets,3,38,0.00018377
binComputeOffsets,3,39,0.000198394
FFTNUFFT1,3,0,0.067992592
FFTNUFFT1,3,1,0.067743606
FFTNUFFT1,3,2,0.067624347
FFTNUFFT1,3,3,0.067814836
FFTNUFFT1,3,4,0.068117164
FFTNUFFT1,3,5,0.067589755
FFTNUFFT1,3,6,0.067936145
FFTNUFFT1,3,7,0.067921553
FFTNUFFT1,3,8,0.068288775
FFTNUFFT1,3,9,0.068018382
deconvolutionNUFFT1,3,0,0.001229306
deconvolutionNUFFT1,3,1,0.001228507
deconvolutionNUFFT1,3,2,0.001232378
deconvolutionNUFFT1,3,3,0.001230715
deconvolutionNUFFT1,3,4,0.001037152
deconvolutionNUFFT1,3,5,0.001287097
deconvolutionNUFFT1,3,6,0.001221723
deconvolutionNUFFT1,3,7,0.001282937
deconvolutionNUFFT1,3,8,0.000977602
deconvolutionNUFFT1,3,9,0.001269082
GatherPIFNUFFT,3,0,0.253510031
GatherPIFNUFFT,3,1,0.253488175
GatherPIFNUFFT,3,2,0.255068927
GatherPIFNUFFT,3,3,0.252433999
GatherPIFNUFFT,3,4,0.252514893
GatherPIFNUFFT,3,5,0.252508717
GatherPIFNUFFT,3,6,0.252625258
GatherPIFNUFFT,3,7,0.253266551
GatherPIFNUFFT,3,8,0.254684715
GatherPIFNUFFT,3,9,0.254266424
NativeNUFFT2,3,0,0.082694289
NativeNUFFT2,3,1,0.084078248
NativeNUFFT2,3,2,0.083640147
NativeNUFFT2,3,3,0.083011015
NativeNUFFT2,3,4,0.083838319
NativeNUFFT2,3,5,0.084018857
NativeNUFFT2,3,6,0.083017479
NativeNUFFT2,3,7,0.083525272
NativeNUFFT2,3,8,0.08452409
NativeNUFFT2,3,9,0.082944073
NativeNUFFT2,3,10,0.084095047
NativeNUFFT2,3,11,0.08370357
NativeNUFFT2,3,12,0.083068485
NativeNUFFT2,3,13,0.083813487
NativeNUFFT2,3,14,0.083991434
NativeNUFFT2,3,15,0.082967241
NativeNUFFT2,3,16,0.083652788
NativeNUFFT2,3,17,0.084149765
NativeNUFFT2,3,18,0.083233857
NativeNUFFT2,3,19,0.083934891
NativeNUFFT2,3,20,0.083776049
NativeNUFFT2,3,21,0.08231043
NativeNUFFT2,3,22,0.084342175
NativeNUFFT2,3,23,0.083975915
NativeNUFFT2,3,24,0.082368923
NativeNUFFT2,3,25,0.084858703
NativeNUFFT2,3,26,0.084028457
NativeNUFFT2,3,27,0.08333139
NativeNUFFT2,3,28,0.084351998
NativeNUFFT2,3,29,0.084070887
PrecorrectionNUFFT2,3,0,0.001601199
PrecorrectionNUFFT2,3,1,0.002527155
PrecorrectionNUFFT2,3,2,0.00255125
PrecorrectionNUFFT2,3,3,0.001592272
PrecorrectionNUFFT2,3,4,0.002557874
PrecorrectionNUFFT2,3,5,0.002562514
PrecorrectionNUFFT2,3,6,0.001601872
PrecorrectionNUFFT2,3,7,0.002552531
PrecorrectionNUFFT2,3,8,0.002520276
PrecorrectionNUFFT2,3,9,0.001578737
PrecorrectionNUFFT2,3,10,0.002539283
PrecorrectionNUFFT2,3,11,0.002514516
PrecorrectionNUFFT2,3,12,0.001618479
PrecorrectionNUFFT2,3,13,0.002515667
PrecorrectionNUFFT2,3,14,0.002537715
PrecorrectionNUFFT2,3,15,0.001583696
PrecorrectionNUFFT2,3,16,0.00255269
PrecorrectionNUFFT2,3,17,0.002551955
PrecorrectionNUFFT2,3,18,0.001579632
PrecorrectionNUFFT2,3,19,0.002551794
PrecorrectionNUFFT2,3,20,0.002543411
PrecorrectionNUFFT2,3,21,0.001599184
PrecorrectionNUFFT2,3,22,0.002520052
PrecorrectionNUFFT2,3,23,0.002547347
PrecorrectionNUFFT2,3,24,0.001596271
PrecorrectionNUFFT2,3,25,0.002536467
PrecorrectionNUFFT2,3,26,0.00256645
PrecorrectionNUFFT2,3,27,0.001588784
PrecorrectionNUFFT2,3,28,0.002483317
PrecorrectionNUFFT2,3,29,0.002547378
FFTNUFFT2,3,0,0.067424481
FFTNUFFT2,3,1,0.067859764
FFTNUFFT2,3,2,0.067734711
FFTNUFFT2,3,3,0.067951216
FFTNUFFT2,3,4,0.067512254
FFTNUFFT2,3,5,0.067767895
FFTNUFFT2,3,6,0.066952431
FFTNUFFT2,3,7,0.067529885
FFTNUFFT2,3,8,0.068357252
FFTNUFFT2,3,9,0.067758807
FFTNUFFT2,3,10,0.067916338
FFTNUFFT2,3,11,0.067530142
FFTNUFFT2,3,12,0.067592571
FFTNUFFT2,3,13,0.067326404
FFTNUFFT2,3,14,0.067443264
FFTNUFFT2,3,15,0.067609051
FFTNUFFT2,3,16,0.067399554
FFTNUFFT2,3,17,0.067897106
FFTNUFFT2,3,18,0.067926162
FFTNUFFT2,3,19,0.067877235
FFTNUFFT2,3,20,0.067628762
FFTNUFFT2,3,21,0.067387938
FFTNUFFT2,3,22,0.068200777
FFTNUFFT2,3,23,0.068022991
FFTNUFFT2,3,24,0.067152457
FFTNUFFT2,3,25,0.068700537
FFTNUFFT2,3,26,0.067862452
FFTNUFFT2,3,27,0.068438754
FFTNUFFT2,3,28,0.068345988
FFTNUFFT2,3,29,0.067789878
GatherNUFFT2,3,0,0.007227044
GatherNUFFT2,3,1,0.007187207
GatherNUFFT2,3,2,0.007059465
GatherNUFFT2,3,3,0.007091624
GatherNUFFT2,3,4,0.007430142
GatherNUFFT2,3,5,0.007433022
GatherNUFFT2,3,6,0.008084587
GatherNUFFT2,3,7,0.007020459
GatherNUFFT2,3,8,0.007231493
GatherNUFFT2,3,9,0.007409215
GatherNUFFT2,3,10,0.007315202
GatherNUFFT2,3,11,0.007400128
GatherNUFFT2,3,12,0.007383456
GatherNUFFT2,3,13,0.007465213
GatherNUFFT2,3,14,0.007570555
GatherNUFFT2,3,15,0.007303011
GatherNUFFT2,3,16,0.007260804
GatherNUFFT2,3,17,0.007205254
GatherNUFFT2,3,18,0.007436574
GatherNUFFT2,3,19,0.007062537
GatherNUFFT2,3,20,0.007125768
GatherNUFFT2,3,21,0.007143591
GatherNUFFT2,3,22,0.007147751
GatherNUFFT2,3,23,0.007224741
GatherNUFFT2,3,24,0.007402976
GatherNUFFT2,3,25,0.007395008
GatherNUFFT2,3,26,0.007224164
GatherNUFFT2,3,27,0.007103241
GatherNUFFT2,3,28,0.007283747
GatherNUFFT2,3,29,0.007542523
mainTimer,4,0,3.699390859
dumpData,4,0,0.008242812
dumpData,4,1,0.007306846
dumpData,4,2,0.006968295
dumpData,4,3,0.007345911
dumpData,4,4,0.0075396
dumpData,4,5,0.006319581
dumpData,4,6,0.007379766
dumpData,4,7,0.007365879
dumpData,4,8,0.006936358
dumpData,4,9,0.006867433
kick,4,0,4.7455e-05
kick,4,1,8.768e-06
kick,4,2,4.579e-05
kick,4,3,6.016e-06
kick,4,4,4.0255e-05
kick,4,5,8.032e-06
kick,4,6,4.5407e-05
kick,4,7,9.152e-06
kick,4,8,3.715e-05
kick,4,9,8.16e-06
kick,4,10,4.2462e-05
kick,4,11,7.808e-06
kick,4,12,4.1279e-05
kick,4,13,6.528e-06
kick,4,14,4.2719e-05
kick,4,15,9.407e-06
kick,4,16,4.1246e-05
kick,4,17,5.952e-06
kick,4,18,3.971e-05
kick,4,19,6.911e-06
drift,4,0,6.367e-06
drift,4,1,6.112e-06
drift,4,2,6.367e-06
drift,4,3,7.679e-06
drift,4,4,6.048e-06
drift,4,5,5.76e-06
drift,4,6,7.391e-06
drift,4,7,5.184e-06
drift,4,8,6.88e-06
drift,4,9,6.72e-06
particleBC,4,0,1.0368e-05
particleBC,4,1,1.2479e-05
particleBC,4,2,1.3568e-05
particleBC,4,3,1.4112e-05
particleBC,4,4,1.2288e-05
particleBC,4,5,1.4847e-05
particleBC,4,6,1.6224e-05
particleBC,4,7,1.2063e-05
particleBC,4,8,1.3471e-05
particleBC,4,9,1.184e-05
updateParticle,4,0,0.007889193
updateParticle,4,1,0.007810956
updateParticle,4,2,0.007797132
updateParticle,4,3,0.007871909
updateParticle,4,4,0.00783959
updateParticle,4,5,0.00782935
updateParticle,4,6,0.007819846
updateParticle,4,7,0.007841254
updateParticle,4,8,0.007813735
updateParticle,4,9,0.007815398
locateParticles,4,0,0.003713181
locateParticles,4,1,0.003703421
locateParticles,4,2,0.003706045
locateParticles,4,3,0.003718202
locateParticles,4,4,0.003711898
locateParticles,4,5,0.003743514
locateParticles,4,6,0.003693147
locateParticles,4,7,0.003733402
locateParticles,4,8,0.003725274
locateParticles,4,9,0.003698458
sendPreprocess,4,0,0.000229111
sendPreprocess,4,1,0.000177818
sendPreprocess,4,2,0.000185305
sendPreprocess,4,3,0.000175962
sendPreprocess,4,4,0.000190201
sendPreprocess,4,5,0.00016553
sendPreprocess,4,6,0.000194425
sendPreprocess,4,7,0.000180153
sendPreprocess,4,8,0.000169274
sendPreprocess,4,9,0.000185658
particleSend,4,0,0.000605451
particleSend,4,1,0.000623402
particleSend,4,2,0.000614442
particleSend,4,3,0.000655721
particleSend,4,4,0.000604874
particleSend,4,5,0.000619305
particleSend,4,6,0.000640585
particleSend,4,7,0.000595595
particleSend,4,8,0.000661928
particleSend,4,9,0.000616618
particleRecv,4,0,2.6815e-05
particleRecv,4,1,2.5823e-05
particleRecv,4,2,2.4351e-05
particleRecv,4,3,2.5695e-05
particleRecv,4,4,2.8895e-05
particleRecv,4,5,2.4511e-05
particleRecv,4,6,2.4159e-05
particleRecv,4,7,2.3871e-05
particleRecv,4,8,2.3967e-05
particleRecv,4,9,2.5695e-05
particleDestroy,4,0,0.002506375
particleDestroy,4,1,0.002536486
particleDestroy,4,2,0.002556742
particleDestroy,4,3,0.002508293
particleDestroy,4,4,0.002528837
particleDestroy,4,5,0.002533317
particleDestroy,4,6,0.002509893
particleDestroy,4,7,0.002513509
particleDestroy,4,8,0.00250727
particleDestroy,4,9,0.002518725
ScatterPIFNUFFT,4,0,0.093155201
ScatterPIFNUFFT,4,1,2.5247e-05
ScatterPIFNUFFT,4,2,0.093500181
ScatterPIFNUFFT,4,3,3.1039e-05
ScatterPIFNUFFT,4,4,0.093179776
ScatterPIFNUFFT,4,5,4.867e-05
ScatterPIFNUFFT,4,6,0.093090568
ScatterPIFNUFFT,4,7,3.6991e-05
ScatterPIFNUFFT,4,8,0.093370175
ScatterPIFNUFFT,4,9,4.3358e-05
ScatterPIFNUFFT,4,10,0.093147016
ScatterPIFNUFFT,4,11,3.4334e-05
ScatterPIFNUFFT,4,12,0.093326657
ScatterPIFNUFFT,4,13,4.0702e-05
ScatterPIFNUFFT,4,14,0.093058218
ScatterPIFNUFFT,4,15,4.4094e-05
ScatterPIFNUFFT,4,16,0.093167238
ScatterPIFNUFFT,4,17,2.5055e-05
ScatterPIFNUFFT,4,18,0.093449405
ScatterPIFNUFFT,4,19,4.1087e-05
NativeNUFFT1,4,0,0.08883257
NativeNUFFT1,4,1,0.089995377
NativeNUFFT1,4,2,0.08969702
NativeNUFFT1,4,3,0.08875082
NativeNUFFT1,4,4,0.088772868
NativeNUFFT1,4,5,0.088621259
NativeNUFFT1,4,6,0.088752261
NativeNUFFT1,4,7,0.088589482
NativeNUFFT1,4,8,0.088675912
NativeNUFFT1,4,9,0.08898451
scatterTimerNUFFT1,4,0,0.020888541
scatterTimerNUFFT1,4,1,0.021518599
scatterTimerNUFFT1,4,2,0.021489288
scatterTimerNUFFT1,4,3,0.020875536
scatterTimerNUFFT1,4,4,0.020933839
scatterTimerNUFFT1,4,5,0.020779092
scatterTimerNUFFT1,4,6,0.020883632
scatterTimerNUFFT1,4,7,0.02083013
scatterTimerNUFFT1,4,8,0.020816819
scatterTimerNUFFT1,4,9,0.020888272
binSort,4,0,0.004292809
binSort,4,1,0.004328743
binSort,4,2,0.004303304
binSort,4,3,0.004293449
binSort,4,4,0.004263305
binSort,4,5,0.004312903
binSort,4,6,0.004345926
binSort,4,7,0.004305928
binSort,4,8,0.004252425
binSort,4,9,0.004323239
binSort,4,10,0.004282889
binSort,4,11,0.004302344
binSort,4,12,0.004269287
binSort,4,13,0.004318277
binSort,4,14,0.004319588
binSort,4,15,0.004285125
binSort,4,16,0.004297605
binSort,4,17,0.004311621
binSort,4,18,0.004326692
binSort,4,19,0.004307301
binSort,4,20,0.004212713
binSort,4,21,0.004322469
binSort,4,22,0.004317413
binSort,4,23,0.004307909
binSort,4,24,0.00428039
binSort,4,25,0.004294118
binSort,4,26,0.004316389
binSort,4,27,0.004342884
binSort,4,28,0.004246599
binSort,4,29,0.004309925
binSort,4,30,0.004300901
binSort,4,31,0.004298342
binSort,4,32,0.004254503
binSort,4,33,0.004345252
binSort,4,34,0.004295813
binSort,4,35,0.004315909
binSort,4,36,0.004234119
binSort,4,37,0.004301093
binSort,4,38,0.004316708
binSort,4,39,0.004296485
binComputeKeys,4,0,0.000407602
binComputeKeys,4,1,0.000408498
binComputeKeys,4,2,0.000400882
binComputeKeys,4,3,0.000403634
binComputeKeys,4,4,0.00039493
binComputeKeys,4,5,0.000398738
binComputeKeys,4,6,0.000413074
binComputeKeys,4,7,0.000398866
binComputeKeys,4,8,0.000394642
binComputeKeys,4,9,0.000400562
binComputeKeys,4,10,0.000399314
binComputeKeys,4,11,0.000404562
binComputeKeys,4,12,0.000403442
binComputeKeys,4,13,0.000410129
binComputeKeys,4,14,0.000403889
binComputeKeys,4,15,0.000401937
binComputeKeys,4,16,0.000424753
binComputeKeys,4,17,0.000402034
binComputeKeys,4,18,0.000404657
binComputeKeys,4,19,0.000403857
binComputeKeys,4,20,0.00040869
binComputeKeys,4,21,0.000420753
binComputeKeys,4,22,0.000405362
binComputeKeys,4,23,0.000398449
binComputeKeys,4,24,0.000413137
binComputeKeys,4,25,0.000399026
binComputeKeys,4,26,0.000406769
binComputeKeys,4,27,0.000418769
binComputeKeys,4,28,0.000405234
binComputeKeys,4,29,0.000402065
binComputeKeys,4,30,0.000400306
binComputeKeys,4,31,0.000399346
binComputeKeys,4,32,0.000409969
binComputeKeys,4,33,0.000422673
binComputeKeys,4,34,0.000403985
binComputeKeys,4,35,0.000400498
binComputeKeys,4,36,0.000402385
binComputeKeys,4,37,0.000401969
binComputeKeys,4,38,0.000411761
binComputeKeys,4,39,0.000398578
binSortByKey,4,0,0.003685918
binSortByKey,4,1,0.00371766
binSortByKey,4,2,0.003689181
binSortByKey,4,3,0.003683262
binSortByKey,4,4,0.00366003
binSortByKey,4,5,0.003697821
binSortByKey,4,6,0.003731388
binSortByKey,4,7,0.003699805
binSortByKey,4,8,0.003647039
binSortByKey,4,9,0.003710429
binSortByKey,4,10,0.003662079
binSortByKey,4,11,0.003690589
binSortByKey,4,12,0.003667996
binSortByKey,4,13,0.003698459
binSortByKey,4,14,0.003699963
binSortByKey,4,15,0.003670396
binSortByKey,4,16,0.003663804
binSortByKey,4,17,0.003704635
binSortByKey,4,18,0.003718266
binSortByKey,4,19,0.003701275
binSortByKey,4,20,0.003608958
binSortByKey,4,21,0.003699708
binSortByKey,4,22,0.003703002
binSortByKey,4,23,0.003705563
binSortByKey,4,24,0.003659804
binSortByKey,4,25,0.003688155
binSortByKey,4,26,0.003710523
binSortByKey,4,27,0.003721243
binSortByKey,4,28,0.003645276
binSortByKey,4,29,0.003690331
binSortByKey,4,30,0.003686107
binSortByKey,4,31,0.003694555
binSortByKey,4,32,0.003648733
binSortByKey,4,33,0.003723674
binSortByKey,4,34,0.003681979
binSortByKey,4,35,0.003708666
binSortByKey,4,36,0.003636061
binSortByKey,4,37,0.003691227
binSortByKey,4,38,0.00370169
binSortByKey,4,39,0.003692347
binComputeOffsets,4,0,0.000197977
binComputeOffsets,4,1,0.000201689
binComputeOffsets,4,2,0.000212505
binComputeOffsets,4,3,0.000205241
binComputeOffsets,4,4,0.000206937
binComputeOffsets,4,5,0.000215544
binComputeOffsets,4,6,0.000200728
binComputeOffsets,4,7,0.000206361
binComputeOffsets,4,8,0.000209304
binComputeOffsets,4,9,0.000210072
binComputeOffsets,4,10,0.000220728
binComputeOffsets,4,11,0.000205817
binComputeOffsets,4,12,0.000196505
binComputeOffsets,4,13,0.000208313
binComputeOffsets,4,14,0.000214232
binComputeOffsets,4,15,0.000211288
binComputeOffsets,4,16,0.000207896
binComputeOffsets,4,17,0.00020412
binComputeOffsets,4,18,0.000202393
binComputeOffsets,4,19,0.000200281
binComputeOffsets,4,20,0.000193593
binComputeOffsets,4,21,0.000200761
binComputeOffsets,4,22,0.000207705
binComputeOffsets,4,23,0.000203033
binComputeOffsets,4,24,0.000206585
binComputeOffsets,4,25,0.000205561
binComputeOffsets,4,26,0.000198233
binComputeOffsets,4,27,0.000202008
binComputeOffsets,4,28,0.000195129
binComputeOffsets,4,29,0.000216153
binComputeOffsets,4,30,0.000213048
binComputeOffsets,4,31,0.000203641
binComputeOffsets,4,32,0.000193625
binComputeOffsets,4,33,0.000197593
binComputeOffsets,4,34,0.000208633
binComputeOffsets,4,35,0.000205913
binComputeOffsets,4,36,0.000194137
binComputeOffsets,4,37,0.000206553
binComputeOffsets,4,38,0.000202457
binComputeOffsets,4,39,0.000204312
FFTNUFFT1,4,0,0.067243958
FFTNUFFT1,4,1,0.067579274
FFTNUFFT1,4,2,0.067509964
FFTNUFFT1,4,3,0.067173294
FFTNUFFT1,4,4,0.067080529
FFTNUFFT1,4,5,0.067149616
FFTNUFFT1,4,6,0.067176846
FFTNUFFT1,4,7,0.067065105
FFTNUFFT1,4,8,0.067062002
FFTNUFFT1,4,9,0.067404486
deconvolutionNUFFT1,4,0,0.000697191
deconvolutionNUFFT1,4,1,0.000894816
deconvolutionNUFFT1,4,2,0.000695592
deconvolutionNUFFT1,4,3,0.000699238
deconvolutionNUFFT1,4,4,0.000755428
deconvolutionNUFFT1,4,5,0.000690855
deconvolutionNUFFT1,4,6,0.000689671
deconvolutionNUFFT1,4,7,0.000692199
deconvolutionNUFFT1,4,8,0.000792643
deconvolutionNUFFT1,4,9,0.000690152
GatherPIFNUFFT,4,0,0.257131064
GatherPIFNUFFT,4,1,0.255954849
GatherPIFNUFFT,4,2,0.257252595
GatherPIFNUFFT,4,3,0.257031997
GatherPIFNUFFT,4,4,0.256350133
GatherPIFNUFFT,4,5,0.256878658
GatherPIFNUFFT,4,6,0.256859651
GatherPIFNUFFT,4,7,0.256697033
GatherPIFNUFFT,4,8,0.25744667
GatherPIFNUFFT,4,9,0.257412399
NativeNUFFT2,4,0,0.085994173
NativeNUFFT2,4,1,0.083842602
NativeNUFFT2,4,2,0.08399959
NativeNUFFT2,4,3,0.082788623
NativeNUFFT2,4,4,0.083681968
NativeNUFFT2,4,5,0.08412288
NativeNUFFT2,4,6,0.086316051
NativeNUFFT2,4,7,0.083528053
NativeNUFFT2,4,8,0.083744909
NativeNUFFT2,4,9,0.083541218
NativeNUFFT2,4,10,0.084099117
NativeNUFFT2,4,11,0.084249447
NativeNUFFT2,4,12,0.084490751
NativeNUFFT2,4,13,0.083890707
NativeNUFFT2,4,14,0.083870518
NativeNUFFT2,4,15,0.083903573
NativeNUFFT2,4,16,0.083990896
NativeNUFFT2,4,17,0.083980305
NativeNUFFT2,4,18,0.08299442
NativeNUFFT2,4,19,0.083841271
NativeNUFFT2,4,20,0.083790009
NativeNUFFT2,4,21,0.083901012
NativeNUFFT2,4,22,0.083713531
NativeNUFFT2,4,23,0.084077613
NativeNUFFT2,4,24,0.085208741
NativeNUFFT2,4,25,0.084274374
NativeNUFFT2,4,26,0.083797592
NativeNUFFT2,4,27,0.083227692
NativeNUFFT2,4,28,0.084288006
NativeNUFFT2,4,29,0.084055215
PrecorrectionNUFFT2,4,0,0.001603975
PrecorrectionNUFFT2,4,1,0.00260762
PrecorrectionNUFFT2,4,2,0.002601029
PrecorrectionNUFFT2,4,3,0.00161687
PrecorrectionNUFFT2,4,4,0.002631139
PrecorrectionNUFFT2,4,5,0.002629763
PrecorrectionNUFFT2,4,6,0.001607688
PrecorrectionNUFFT2,4,7,0.002607908
PrecorrectionNUFFT2,4,8,0.002610692
PrecorrectionNUFFT2,4,9,0.001635814
PrecorrectionNUFFT2,4,10,0.002623713
PrecorrectionNUFFT2,4,11,0.002635873
PrecorrectionNUFFT2,4,12,0.00162087
PrecorrectionNUFFT2,4,13,0.00260701
PrecorrectionNUFFT2,4,14,0.002602435
PrecorrectionNUFFT2,4,15,0.001638661
PrecorrectionNUFFT2,4,16,0.002625761
PrecorrectionNUFFT2,4,17,0.002615362
PrecorrectionNUFFT2,4,18,0.001602726
PrecorrectionNUFFT2,4,19,0.002582307
PrecorrectionNUFFT2,4,20,0.002630241
PrecorrectionNUFFT2,4,21,0.001628517
PrecorrectionNUFFT2,4,22,0.002598914
PrecorrectionNUFFT2,4,23,0.002624353
PrecorrectionNUFFT2,4,24,0.001599622
PrecorrectionNUFFT2,4,25,0.00261133
PrecorrectionNUFFT2,4,26,0.00259709
PrecorrectionNUFFT2,4,27,0.001662148
PrecorrectionNUFFT2,4,28,0.002617442
PrecorrectionNUFFT2,4,29,0.002600386
FFTNUFFT2,4,0,0.070085681
FFTNUFFT2,4,1,0.067101339
FFTNUFFT2,4,2,0.067264053
FFTNUFFT2,4,3,0.067122586
FFTNUFFT2,4,4,0.067086075
FFTNUFFT2,4,5,0.067127065
FFTNUFFT2,4,6,0.069431048
FFTNUFFT2,4,7,0.06667201
FFTNUFFT2,4,8,0.067146809
FFTNUFFT2,4,9,0.067669981
FFTNUFFT2,4,10,0.067235756
FFTNUFFT2,4,11,0.067201421
FFTNUFFT2,4,12,0.068699831
FFTNUFFT2,4,13,0.067465603
FFTNUFFT2,4,14,0.06708277
FFTNUFFT2,4,15,0.06820676
FFTNUFFT2,4,16,0.066984148
FFTNUFFT2,4,17,0.067218126
FFTNUFFT2,4,18,0.067010547
FFTNUFFT2,4,19,0.067395271
FFTNUFFT2,4,20,0.067280874
FFTNUFFT2,4,21,0.068158059
FFTNUFFT2,4,22,0.067111697
FFTNUFFT2,4,23,0.067403557
FFTNUFFT2,4,24,0.069167655
FFTNUFFT2,4,25,0.066898776
FFTNUFFT2,4,26,0.067106513
FFTNUFFT2,4,27,0.067282313
FFTNUFFT2,4,28,0.06744122
FFTNUFFT2,4,29,0.06726334
GatherNUFFT2,4,0,0.008101953
GatherNUFFT2,4,1,0.007899977
GatherNUFFT2,4,2,0.007944519
GatherNUFFT2,4,3,0.007698032
GatherNUFFT2,4,4,0.007768013
GatherNUFFT2,4,5,0.007865513
GatherNUFFT2,4,6,0.009082815
GatherNUFFT2,4,7,0.008042947
GatherNUFFT2,4,8,0.007752494
GatherNUFFT2,4,9,0.007771848
GatherNUFFT2,4,10,0.008029535
GatherNUFFT2,4,11,0.008190777
GatherNUFFT2,4,12,0.007823814
GatherNUFFT2,4,13,0.007600334
GatherNUFFT2,4,14,0.007887428
GatherNUFFT2,4,15,0.007630862
GatherNUFFT2,4,16,0.008085756
GatherNUFFT2,4,17,0.007948194
GatherNUFFT2,4,18,0.008167098
GatherNUFFT2,4,19,0.007666444
GatherNUFFT2,4,20,0.007689196
GatherNUFFT2,4,21,0.007882916
GatherNUFFT2,4,22,0.007824742
GatherNUFFT2,4,23,0.007854533
GatherNUFFT2,4,24,0.008031326
GatherNUFFT2,4,25,0.008342292
GatherNUFFT2,4,26,0.007899779
GatherNUFFT2,4,27,0.008099453
GatherNUFFT2,4,28,0.008031327
GatherNUFFT2,4,29,0.007910148
mainTimer,5,0,3.699389163
dumpData,5,0,0.009320822
dumpData,5,1,0.008400887
dumpData,5,2,0.00812291
dumpData,5,3,0.007888868
dumpData,5,4,0.008626089
dumpData,5,5,0.007862181
dumpData,5,6,0.008519597
dumpData,5,7,0.008502926
dumpData,5,8,0.008124251
dumpData,5,9,0.008075709
kick,5,0,3.8591e-05
kick,5,1,6.624e-06
kick,5,2,4.1886e-05
kick,5,3,5.536e-06
kick,5,4,4.0095e-05
kick,5,5,1.1104e-05
kick,5,6,4.5727e-05
kick,5,7,6.688e-06
kick,5,8,3.8174e-05
kick,5,9,5.376e-06
kick,5,10,4.2878e-05
kick,5,11,4.256e-06
kick,5,12,4.1791e-05
kick,5,13,5.536e-06
kick,5,14,4.3327e-05
kick,5,15,5.92e-06
kick,5,16,3.9294e-05
kick,5,17,7.968e-06
kick,5,18,4.1086e-05
kick,5,19,6.432e-06
drift,5,0,5.44e-06
drift,5,1,6.176e-06
drift,5,2,4.576e-06
drift,5,3,7.807e-06
drift,5,4,6.688e-06
drift,5,5,4.896e-06
drift,5,6,7.167e-06
drift,5,7,6.208e-06
drift,5,8,5.632e-06
drift,5,9,7.968e-06
particleBC,5,0,5.6062e-05
particleBC,5,1,1.2767e-05
particleBC,5,2,1.3119e-05
particleBC,5,3,1.1872e-05
particleBC,5,4,1.5391e-05
particleBC,5,5,1.3727e-05
particleBC,5,6,1.6896e-05
particleBC,5,7,1.1327e-05
particleBC,5,8,1.3823e-05
particleBC,5,9,1.0336e-05
updateParticle,5,0,0.007781772
updateParticle,5,1,0.007784685
updateParticle,5,2,0.007766765
updateParticle,5,3,0.007768937
updateParticle,5,4,0.007800616
updateParticle,5,5,0.007808007
updateParticle,5,6,0.007796807
updateParticle,5,7,0.007811111
updateParticle,5,8,0.007827655
updateParticle,5,9,0.007752041
locateParticles,5,0,0.003519267
locateParticles,5,1,0.003531267
locateParticles,5,2,0.003542051
locateParticles,5,3,0.003547713
locateParticles,5,4,0.003541633
locateParticles,5,5,0.003551105
locateParticles,5,6,0.003536992
locateParticles,5,7,0.003555072
locateParticles,5,8,0.003529313
locateParticles,5,9,0.003525121
sendPreprocess,5,0,0.000386738
sendPreprocess,5,1,0.00035458
sendPreprocess,5,2,0.000354067
sendPreprocess,5,3,0.000351123
sendPreprocess,5,4,0.000358067
sendPreprocess,5,5,0.000360243
sendPreprocess,5,6,0.00035122
sendPreprocess,5,7,0.000358675
sendPreprocess,5,8,0.000369043
sendPreprocess,5,9,0.000361139
particleSend,5,0,0.000619882
particleSend,5,1,0.000686759
particleSend,5,2,0.000623658
particleSend,5,3,0.000602282
particleSend,5,4,0.000655528
particleSend,5,5,0.000619113
particleSend,5,6,0.000591562
particleSend,5,7,0.000652297
particleSend,5,8,0.00066164
particleSend,5,9,0.000668648
particleRecv,5,0,2.6048e-05
particleRecv,5,1,2.16e-05
particleRecv,5,2,2.2335e-05
particleRecv,5,3,2.7679e-05
particleRecv,5,4,2.048e-05
particleRecv,5,5,2.3039e-05
particleRecv,5,6,2.4575e-05
particleRecv,5,7,2.2367e-05
particleRecv,5,8,2.1759e-05
particleRecv,5,9,2.1823e-05
particleDestroy,5,0,0.00237758
particleDestroy,5,1,0.002378027
particleDestroy,5,2,0.002387724
particleDestroy,5,3,0.002378891
particleDestroy,5,4,0.002375402
particleDestroy,5,5,0.002371531
particleDestroy,5,6,0.002385099
particleDestroy,5,7,0.00238945
particleDestroy,5,8,0.002387434
particleDestroy,5,9,0.002376842
ScatterPIFNUFFT,5,0,0.094127743
ScatterPIFNUFFT,5,1,2.6431e-05
ScatterPIFNUFFT,5,2,0.093610545
ScatterPIFNUFFT,5,3,1.9807e-05
ScatterPIFNUFFT,5,4,0.09351842
ScatterPIFNUFFT,5,5,3.0911e-05
ScatterPIFNUFFT,5,6,0.093609494
ScatterPIFNUFFT,5,7,3.7726e-05
ScatterPIFNUFFT,5,8,0.093686036
ScatterPIFNUFFT,5,9,3.5615e-05
ScatterPIFNUFFT,5,10,0.093612919
ScatterPIFNUFFT,5,11,3.1839e-05
ScatterPIFNUFFT,5,12,0.09393774
ScatterPIFNUFFT,5,13,3.0078e-05
ScatterPIFNUFFT,5,14,0.093447068
ScatterPIFNUFFT,5,15,3.9006e-05
ScatterPIFNUFFT,5,16,0.09359228
ScatterPIFNUFFT,5,17,4.1566e-05
ScatterPIFNUFFT,5,18,0.093838959
ScatterPIFNUFFT,5,19,2.9919e-05
NativeNUFFT1,5,0,0.089726779
NativeNUFFT1,5,1,0.09013502
NativeNUFFT1,5,2,0.09002408
NativeNUFFT1,5,3,0.089177749
NativeNUFFT1,5,4,0.090254127
NativeNUFFT1,5,5,0.089209398
NativeNUFFT1,5,6,0.090493288
NativeNUFFT1,5,7,0.08897558
NativeNUFFT1,5,8,0.089163735
NativeNUFFT1,5,9,0.089409359
scatterTimerNUFFT1,5,0,0.02076957
scatterTimerNUFFT1,5,1,0.021866395
scatterTimerNUFFT1,5,2,0.021832668
scatterTimerNUFFT1,5,3,0.020785747
scatterTimerNUFFT1,5,4,0.022019047
scatterTimerNUFFT1,5,5,0.02082885
scatterTimerNUFFT1,5,6,0.021919659
scatterTimerNUFFT1,5,7,0.020732501
scatterTimerNUFFT1,5,8,0.020749526
scatterTimerNUFFT1,5,9,0.020842066
binSort,5,0,0.004113391
binSort,5,1,0.004046673
binSort,5,2,0.004073648
binSort,5,3,0.004024946
binSort,5,4,0.004071568
binSort,5,5,0.004045905
binSort,5,6,0.00406904
binSort,5,7,0.004031634
binSort,5,8,0.00405896
binSort,5,9,0.004010482
binSort,5,10,0.004051537
binSort,5,11,0.00406584
binSort,5,12,0.00409422
binSort,5,13,0.004058702
binSort,5,14,0.00404331
binSort,5,15,0.004048686
binSort,5,16,0.00405499
binSort,5,17,0.004079917
binSort,5,18,0.004030447
binSort,5,19,0.004055661
binSort,5,20,0.004098541
binSort,5,21,0.003993777
binSort,5,22,0.00405867
binSort,5,23,0.004039054
binSort,5,24,0.004036751
binSort,5,25,0.004028623
binSort,5,26,0.004058829
binSort,5,27,0.004041583
binSort,5,28,0.004083821
binSort,5,29,0.004050031
binSort,5,30,0.004069102
binSort,5,31,0.004049679
binSort,5,32,0.004102828
binSort,5,33,0.004044527
binSort,5,34,0.004058542
binSort,5,35,0.004059598
binSort,5,36,0.004087821
binSort,5,37,0.004034447
binSort,5,38,0.004001232
binSort,5,39,0.004029487
binComputeKeys,5,0,0.000393586
binComputeKeys,5,1,0.000404306
binComputeKeys,5,2,0.000392946
binComputeKeys,5,3,0.000386066
binComputeKeys,5,4,0.000385523
binComputeKeys,5,5,0.000394162
binComputeKeys,5,6,0.000389298
binComputeKeys,5,7,0.000384083
binComputeKeys,5,8,0.000385362
binComputeKeys,5,9,0.000405874
binComputeKeys,5,10,0.00039189
binComputeKeys,5,11,0.000402162
binComputeKeys,5,12,0.000388178
binComputeKeys,5,13,0.000384882
binComputeKeys,5,14,0.000386962
binComputeKeys,5,15,0.000385042
binComputeKeys,5,16,0.000371666
binComputeKeys,5,17,0.000394674
binComputeKeys,5,18,0.000390098
binComputeKeys,5,19,0.000403313
binComputeKeys,5,20,0.000382963
binComputeKeys,5,21,0.000397042
binComputeKeys,5,22,0.00039429
binComputeKeys,5,23,0.000411505
binComputeKeys,5,24,0.000370739
binComputeKeys,5,25,0.00038197
binComputeKeys,5,26,0.000388274
binComputeKeys,5,27,0.000394162
binComputeKeys,5,28,0.000390642
binComputeKeys,5,29,0.00039445
binComputeKeys,5,30,0.00039125
binComputeKeys,5,31,0.000398098
binComputeKeys,5,32,0.00038853
binComputeKeys,5,33,0.000395954
binComputeKeys,5,34,0.000384307
binComputeKeys,5,35,0.00040341
binComputeKeys,5,36,0.000387314
binComputeKeys,5,37,0.000390674
binComputeKeys,5,38,0.000418961
binComputeKeys,5,39,0.000385906
binSortByKey,5,0,0.003524611
binSortByKey,5,1,0.003452133
binSortByKey,5,2,0.003481477
binSortByKey,5,3,0.003449158
binSortByKey,5,4,0.003484516
binSortByKey,5,5,0.003457478
binSortByKey,5,6,0.003486405
binSortByKey,5,7,0.003455461
binSortByKey,5,8,0.003479365
binSortByKey,5,9,0.003423047
binSortByKey,5,10,0.003467365
binSortByKey,5,11,0.003471877
binSortByKey,5,12,0.003511041
binSortByKey,5,13,0.003473795
binSortByKey,5,14,0.003460003
binSortByKey,5,15,0.003458148
binSortByKey,5,16,0.003475683
binSortByKey,5,17,0.003492386
binSortByKey,5,18,0.003450308
binSortByKey,5,19,0.00345562
binSortByKey,5,20,0.003523265
binSortByKey,5,21,0.003415269
binSortByKey,5,22,0.003466531
binSortByKey,5,23,0.0034377
binSortByKey,5,24,0.003462563
binSortByKey,5,25,0.003449028
binSortByKey,5,26,0.003470019
binSortByKey,5,27,0.003450372
binSortByKey,5,28,0.003500034
binSortByKey,5,29,0.003453028
binSortByKey,5,30,0.003486467
binSortByKey,5,31,0.003459844
binSortByKey,5,32,0.003514753
binSortByKey,5,33,0.003453892
binSortByKey,5,34,0.003471107
binSortByKey,5,35,0.003462659
binSortByKey,5,36,0.00350413
binSortByKey,5,37,0.003444164
binSortByKey,5,38,0.00340055
binSortByKey,5,39,0.003452228
binComputeOffsets,5,0,0.000192922
binComputeOffsets,5,1,0.000189434
binComputeOffsets,5,2,0.000197625
binComputeOffsets,5,3,0.000188154
binComputeOffsets,5,4,0.000198457
binComputeOffsets,5,5,0.000192985
binComputeOffsets,5,6,0.000192057
binComputeOffsets,5,7,0.00019049
binComputeOffsets,5,8,0.000191961
binComputeOffsets,5,9,0.000180633
binComputeOffsets,5,10,0.000191194
binComputeOffsets,5,11,0.000189913
binComputeOffsets,5,12,0.000192217
binComputeOffsets,5,13,0.000198297
binComputeOffsets,5,14,0.000195129
binComputeOffsets,5,15,0.000203576
binComputeOffsets,5,16,0.000204857
binComputeOffsets,5,17,0.000191065
binComputeOffsets,5,18,0.000188729
binComputeOffsets,5,19,0.000194904
binComputeOffsets,5,20,0.000190777
binComputeOffsets,5,21,0.000179994
binComputeOffsets,5,22,0.000196025
binComputeOffsets,5,23,0.000189017
binComputeOffsets,5,24,0.000201497
binComputeOffsets,5,25,0.000195897
binComputeOffsets,5,26,0.00019788
binComputeOffsets,5,27,0.000195705
binComputeOffsets,5,28,0.000189689
binComputeOffsets,5,29,0.000201305
binComputeOffsets,5,30,0.000189657
binComputeOffsets,5,31,0.000191097
binComputeOffsets,5,32,0.000195481
binComputeOffsets,5,33,0.000193113
binComputeOffsets,5,34,0.000200569
binComputeOffsets,5,35,0.000192633
binComputeOffsets,5,36,0.000193017
binComputeOffsets,5,37,0.000197881
binComputeOffsets,5,38,0.000180889
binComputeOffsets,5,39,0.000190681
FFTNUFFT1,5,0,0.067958332
FFTNUFFT1,5,1,0.067244853
FFTNUFFT1,5,2,0.067214902
FFTNUFFT1,5,3,0.067313161
FFTNUFFT1,5,4,0.067129424
FFTNUFFT1,5,5,0.067251596
FFTNUFFT1,5,6,0.06758368
FFTNUFFT1,5,7,0.067175822
FFTNUFFT1,5,8,0.06715563
FFTNUFFT1,5,9,0.067876725
deconvolutionNUFFT1,5,0,0.000996733
deconvolutionNUFFT1,5,1,0.001021084
deconvolutionNUFFT1,5,2,0.00097443
deconvolutionNUFFT1,5,3,0.001075993
deconvolutionNUFFT1,5,4,0.001101177
deconvolutionNUFFT1,5,5,0.001125688
deconvolutionNUFFT1,5,6,0.000987485
deconvolutionNUFFT1,5,7,0.001064313
deconvolutionNUFFT1,5,8,0.001253651
deconvolutionNUFFT1,5,9,0.000687464
GatherPIFNUFFT,5,0,0.254866824
GatherPIFNUFFT,5,1,0.254988515
GatherPIFNUFFT,5,2,0.254956932
GatherPIFNUFFT,5,3,0.255365177
GatherPIFNUFFT,5,4,0.25424624
GatherPIFNUFFT,5,5,0.254355773
GatherPIFNUFFT,5,6,0.25423485
GatherPIFNUFFT,5,7,0.253997129
GatherPIFNUFFT,5,8,0.255274012
GatherPIFNUFFT,5,9,0.252490785
NativeNUFFT2,5,0,0.082129799
NativeNUFFT2,5,1,0.084270523
NativeNUFFT2,5,2,0.083992678
NativeNUFFT2,5,3,0.082281729
NativeNUFFT2,5,4,0.083669616
NativeNUFFT2,5,5,0.084119616
NativeNUFFT2,5,6,0.083258174
NativeNUFFT2,5,7,0.083519893
NativeNUFFT2,5,8,0.083578291
NativeNUFFT2,5,9,0.083081138
NativeNUFFT2,5,10,0.084056879
NativeNUFFT2,5,11,0.084655608
NativeNUFFT2,5,12,0.082906296
NativeNUFFT2,5,13,0.083834294
NativeNUFFT2,5,14,0.083892373
NativeNUFFT2,5,15,0.082908728
NativeNUFFT2,5,16,0.083380518
NativeNUFFT2,5,17,0.084097678
NativeNUFFT2,5,18,0.082672608
NativeNUFFT2,5,19,0.08385423
NativeNUFFT2,5,20,0.083636318
NativeNUFFT2,5,21,0.082335917
NativeNUFFT2,5,22,0.083737882
NativeNUFFT2,5,23,0.083933618
NativeNUFFT2,5,24,0.082517574
NativeNUFFT2,5,25,0.084631225
NativeNUFFT2,5,26,0.083619295
NativeNUFFT2,5,27,0.082563204
NativeNUFFT2,5,28,0.083745625
NativeNUFFT2,5,29,0.08441773
PrecorrectionNUFFT2,5,0,0.001616295
PrecorrectionNUFFT2,5,1,0.002539014
PrecorrectionNUFFT2,5,2,0.002537959
PrecorrectionNUFFT2,5,3,0.001610375
PrecorrectionNUFFT2,5,4,0.002544198
PrecorrectionNUFFT2,5,5,0.002536454
PrecorrectionNUFFT2,5,6,0.001611143
PrecorrectionNUFFT2,5,7,0.002550566
PrecorrectionNUFFT2,5,8,0.002551494
PrecorrectionNUFFT2,5,9,0.001632134
PrecorrectionNUFFT2,5,10,0.002531653
PrecorrectionNUFFT2,5,11,0.002528261
PrecorrectionNUFFT2,5,12,0.001614437
PrecorrectionNUFFT2,5,13,0.002548612
PrecorrectionNUFFT2,5,14,0.002540581
PrecorrectionNUFFT2,5,15,0.00160679
PrecorrectionNUFFT2,5,16,0.002538596
PrecorrectionNUFFT2,5,17,0.002539333
PrecorrectionNUFFT2,5,18,0.001630021
PrecorrectionNUFFT2,5,19,0.002537956
PrecorrectionNUFFT2,5,20,0.002522277
PrecorrectionNUFFT2,5,21,0.001624869
PrecorrectionNUFFT2,5,22,0.002559492
PrecorrectionNUFFT2,5,23,0.002547396
PrecorrectionNUFFT2,5,24,0.001622566
PrecorrectionNUFFT2,5,25,0.002550948
PrecorrectionNUFFT2,5,26,0.002567172
PrecorrectionNUFFT2,5,27,0.001579367
PrecorrectionNUFFT2,5,28,0.002553988
PrecorrectionNUFFT2,5,29,0.0025529
FFTNUFFT2,5,0,0.067211063
FFTNUFFT2,5,1,0.067991323
FFTNUFFT2,5,2,0.067754115
FFTNUFFT2,5,3,0.067019294
FFTNUFFT2,5,4,0.067608296
FFTNUFFT2,5,5,0.06799865
FFTNUFFT2,5,6,0.068458793
FFTNUFFT2,5,7,0.067594537
FFTNUFFT2,5,8,0.067603529
FFTNUFFT2,5,9,0.067797336
FFTNUFFT2,5,10,0.067652637
FFTNUFFT2,5,11,0.067785367
FFTNUFFT2,5,12,0.06759536
FFTNUFFT2,5,13,0.06816193
FFTNUFFT2,5,14,0.067673181
FFTNUFFT2,5,15,0.067823767
FFTNUFFT2,5,16,0.066942582
FFTNUFFT2,5,17,0.068139628
FFTNUFFT2,5,18,0.067194861
FFTNUFFT2,5,19,0.067846647
FFTNUFFT2,5,20,0.067656732
FFTNUFFT2,5,21,0.067089106
FFTNUFFT2,5,22,0.067556833
FFTNUFFT2,5,23,0.068169289
FFTNUFFT2,5,24,0.067764538
FFTNUFFT2,5,25,0.067823286
FFTNUFFT2,5,26,0.067536738
FFTNUFFT2,5,27,0.067100656
FFTNUFFT2,5,28,0.068295717
FFTNUFFT2,5,29,0.068334469
GatherNUFFT2,5,0,0.007159906
GatherNUFFT2,5,1,0.007415225
GatherNUFFT2,5,2,0.007341853
GatherNUFFT2,5,3,0.007223264
GatherNUFFT2,5,4,0.007340604
GatherNUFFT2,5,5,0.007220352
GatherNUFFT2,5,6,0.007334045
GatherNUFFT2,5,7,0.007186241
GatherNUFFT2,5,8,0.007143043
GatherNUFFT2,5,9,0.00749781
GatherNUFFT2,5,10,0.007566736
GatherNUFFT2,5,11,0.008301238
GatherNUFFT2,5,12,0.007414933
GatherNUFFT2,5,13,0.007116352
GatherNUFFT2,5,14,0.007491154
GatherNUFFT2,5,15,0.007290874
GatherNUFFT2,5,16,0.007577359
GatherNUFFT2,5,17,0.007226716
GatherNUFFT2,5,18,0.007580943
GatherNUFFT2,5,19,0.007321336
GatherNUFFT2,5,20,0.007122465
GatherNUFFT2,5,21,0.007392182
GatherNUFFT2,5,22,0.007254235
GatherNUFFT2,5,23,0.007189725
GatherNUFFT2,5,24,0.007268987
GatherNUFFT2,5,25,0.007971841
GatherNUFFT2,5,26,0.007302745
GatherNUFFT2,5,27,0.007574607
GatherNUFFT2,5,28,0.007025699
GatherNUFFT2,5,29,0.0071144
mainTimer,6,0,3.699390763
dumpData,6,0,0.007756077
dumpData,6,1,0.006753842
dumpData,6,2,0.006513047
dumpData,6,3,0.00631606
dumpData,6,4,0.007059362
dumpData,6,5,0.006779276
dumpData,6,6,0.006880137
dumpData,6,7,0.006874088
dumpData,6,8,0.00648511
dumpData,6,9,0.006417465
kick,6,0,4.6303e-05
kick,6,1,7.744e-06
kick,6,2,4.4798e-05
kick,6,3,9.887e-06
kick,6,4,4.0319e-05
kick,6,5,8.672e-06
kick,6,6,4.5631e-05
kick,6,7,7.104e-06
kick,6,8,3.6958e-05
kick,6,9,5.344e-06
kick,6,10,4.2878e-05
kick,6,11,8.16e-06
kick,6,12,4.0223e-05
kick,6,13,1.0367e-05
kick,6,14,4.1759e-05
kick,6,15,6.944e-06
kick,6,16,3.9006e-05
kick,6,17,8.608e-06
kick,6,18,3.9998e-05
kick,6,19,7.616e-06
drift,6,0,5.215e-06
drift,6,1,5.888e-06
drift,6,2,5.791e-06
drift,6,3,7.295e-06
drift,6,4,6.912e-06
drift,6,5,4.96e-06
drift,6,6,6.815e-06
drift,6,7,5.376e-06
drift,6,8,5.792e-06
drift,6,9,5.344e-06
particleBC,6,0,1.0944e-05
particleBC,6,1,1.2607e-05
particleBC,6,2,1.3568e-05
particleBC,6,3,1.3248e-05
particleBC,6,4,1.3152e-05
particleBC,6,5,1.3951e-05
particleBC,6,6,1.344e-05
particleBC,6,7,1.1711e-05
particleBC,6,8,1.4975e-05
particleBC,6,9,1.3472e-05
updateParticle,6,0,0.007889001
updateParticle,6,1,0.007846858
updateParticle,6,2,0.007836715
updateParticle,6,3,0.007831303
updateParticle,6,4,0.00784055
updateParticle,6,5,0.007861029
updateParticle,6,6,0.007855877
updateParticle,6,7,0.007919491
updateParticle,6,8,0.007896164
updateParticle,6,9,0.007819878
locateParticles,6,0,0.003726876
locateParticles,6,1,0.003712925
locateParticles,6,2,0.003719388
locateParticles,6,3,0.003721338
locateParticles,6,4,0.003716922
locateParticles,6,5,0.003716955
locateParticles,6,6,0.003712538
locateParticles,6,7,0.003734554
locateParticles,6,8,0.003727322
locateParticles,6,9,0.003715226
sendPreprocess,6,0,0.000217464
sendPreprocess,6,1,0.00017193
sendPreprocess,6,2,0.000176922
sendPreprocess,6,3,0.000177786
sendPreprocess,6,4,0.000187385
sendPreprocess,6,5,0.000195257
sendPreprocess,6,6,0.000181818
sendPreprocess,6,7,0.000180953
sendPreprocess,6,8,0.000172154
sendPreprocess,6,9,0.000172666
particleSend,6,0,0.000628618
particleSend,6,1,0.000630377
particleSend,6,2,0.000630442
particleSend,6,3,0.000605706
particleSend,6,4,0.000608522
particleSend,6,5,0.000619946
particleSend,6,6,0.000655848
particleSend,6,7,0.000651497
particleSend,6,8,0.000629865
particleSend,6,9,0.000622633
particleRecv,6,0,2.0127e-05
particleRecv,6,1,2.2848e-05
particleRecv,6,2,1.9391e-05
particleRecv,6,3,2.5535e-05
particleRecv,6,4,2.2655e-05
particleRecv,6,5,2.0543e-05
particleRecv,6,6,2.0607e-05
particleRecv,6,7,2.3551e-05
particleRecv,6,8,3.1967e-05
particleRecv,6,9,2.0671e-05
particleDestroy,6,0,0.002699521
particleDestroy,6,1,0.002711936
particleDestroy,6,2,0.002692769
particleDestroy,6,3,0.002706143
particleDestroy,6,4,0.002712127
particleDestroy,6,5,0.002720254
particleDestroy,6,6,0.002694623
particleDestroy,6,7,0.002692063
particleDestroy,6,8,0.002698527
particleDestroy,6,9,0.002694271
ScatterPIFNUFFT,6,0,0.094026659
ScatterPIFNUFFT,6,1,2.5279e-05
ScatterPIFNUFFT,6,2,0.093469526
ScatterPIFNUFFT,6,3,3.0207e-05
ScatterPIFNUFFT,6,4,0.093755308
ScatterPIFNUFFT,6,5,3.459e-05
ScatterPIFNUFFT,6,6,0.093602134
ScatterPIFNUFFT,6,7,2.8415e-05
ScatterPIFNUFFT,6,8,0.093712339
ScatterPIFNUFFT,6,9,2.4511e-05
ScatterPIFNUFFT,6,10,0.093560729
ScatterPIFNUFFT,6,11,2.8287e-05
ScatterPIFNUFFT,6,12,0.093808752
ScatterPIFNUFFT,6,13,3.5615e-05
ScatterPIFNUFFT,6,14,0.093337695
ScatterPIFNUFFT,6,15,2.7327e-05
ScatterPIFNUFFT,6,16,0.094033159
ScatterPIFNUFFT,6,17,3.6223e-05
ScatterPIFNUFFT,6,18,0.093507418
ScatterPIFNUFFT,6,19,3.6223e-05
NativeNUFFT1,6,0,0.089560961
NativeNUFFT1,6,1,0.088815354
NativeNUFFT1,6,2,0.089122672
NativeNUFFT1,6,3,0.08918095
NativeNUFFT1,6,4,0.089290994
NativeNUFFT1,6,5,0.089147672
NativeNUFFT1,6,6,0.089364496
NativeNUFFT1,6,7,0.088880512
NativeNUFFT1,6,8,0.08954929
NativeNUFFT1,6,9,0.089030268
scatterTimerNUFFT1,6,0,0.020777474
scatterTimerNUFFT1,6,1,0.021198642
scatterTimerNUFFT1,6,2,0.021147253
scatterTimerNUFFT1,6,3,0.020849586
scatterTimerNUFFT1,6,4,0.021121576
scatterTimerNUFFT1,6,5,0.020875632
scatterTimerNUFFT1,6,6,0.021174182
scatterTimerNUFFT1,6,7,0.020845425
scatterTimerNUFFT1,6,8,0.020893137
scatterTimerNUFFT1,6,9,0.020755925
binSort,6,0,0.004209675
binSort,6,1,0.004282376
binSort,6,2,0.004289128
binSort,6,3,0.004329607
binSort,6,4,0.004354214
binSort,6,5,0.004284392
binSort,6,6,0.004267401
binSort,6,7,0.004316551
binSort,6,8,0.004360518
binSort,6,9,0.0043162
binSort,6,10,0.004272008
binSort,6,11,0.004252266
binSort,6,12,0.004244008
binSort,6,13,0.004272262
binSort,6,14,0.004276838
binSort,6,15,0.00426695
binSort,6,16,0.004352899
binSort,6,17,0.004284998
binSort,6,18,0.004283654
binSort,6,19,0.004263654
binSort,6,20,0.00429895
binSort,6,21,0.004280231
binSort,6,22,0.004288934
binSort,6,23,0.004299973
binSort,6,24,0.0043465
binSort,6,25,0.004298982
binSort,6,26,0.004256231
binSort,6,27,0.004305221
binSort,6,28,0.004217672
binSort,6,29,0.004282566
binSort,6,30,0.004271878
binSort,6,31,0.004265287
binSort,6,32,0.004215816
binSort,6,33,0.004293381
binSort,6,34,0.004298757
binSort,6,35,0.004261702
binSort,6,36,0.004227688
binSort,6,37,0.004288518
binSort,6,38,0.004322148
binSort,6,39,0.004326916
binComputeKeys,6,0,0.000403794
binComputeKeys,6,1,0.000423057
binComputeKeys,6,2,0.000426385
binComputeKeys,6,3,0.000434609
binComputeKeys,6,4,0.000415537
binComputeKeys,6,5,0.000433296
binComputeKeys,6,6,0.000417202
binComputeKeys,6,7,0.000419281
binComputeKeys,6,8,0.00041013
binComputeKeys,6,9,0.000420017
binComputeKeys,6,10,0.000408753
binComputeKeys,6,11,0.000415314
binComputeKeys,6,12,0.000397042
binComputeKeys,6,13,0.000412337
binComputeKeys,6,14,0.000425553
binComputeKeys,6,15,0.000427793
binComputeKeys,6,16,0.000413105
binComputeKeys,6,17,0.000429168
binComputeKeys,6,18,0.000425425
binComputeKeys,6,19,0.000427952
binComputeKeys,6,20,0.000408914
binComputeKeys,6,21,0.000409713
binComputeKeys,6,22,0.000428721
binComputeKeys,6,23,0.000414417
binComputeKeys,6,24,0.000412561
binComputeKeys,6,25,0.000419697
binComputeKeys,6,26,0.000433297
binComputeKeys,6,27,0.000423376
binComputeKeys,6,28,0.000397714
binComputeKeys,6,29,0.0004276
binComputeKeys,6,30,0.000430704
binComputeKeys,6,31,0.000412785
binComputeKeys,6,32,0.000399793
binComputeKeys,6,33,0.000424529
binComputeKeys,6,34,0.000422129
binComputeKeys,6,35,0.000431056
binComputeKeys,6,36,0.000399122
binComputeKeys,6,37,0.000413681
binComputeKeys,6,38,0.000414385
binComputeKeys,6,39,0.000427184
binSortByKey,6,0,0.003613824
binSortByKey,6,1,0.003665246
binSortByKey,6,2,0.003668254
binSortByKey,6,3,0.003696221
binSortByKey,6,4,0.003717629
binSortByKey,6,5,0.003658207
binSortByKey,6,6,0.003649054
binSortByKey,6,7,0.003700413
binSortByKey,6,8,0.003732763
binSortByKey,6,9,0.00368931
binSortByKey,6,10,0.003665758
binSortByKey,6,11,0.003644062
binSortByKey,6,12,0.003652061
binSortByKey,6,13,0.003662588
binSortByKey,6,14,0.003656765
binSortByKey,6,15,0.003647292
binSortByKey,6,16,0.003731354
binSortByKey,6,17,0.003659485
binSortByKey,6,18,0.003662588
binSortByKey,6,19,0.003643645
binSortByKey,6,20,0.003690715
binSortByKey,6,21,0.003670781
binSortByKey,6,22,0.003663292
binSortByKey,6,23,0.003691931
binSortByKey,6,24,0.003725466
binSortByKey,6,25,0.003677532
binSortByKey,6,26,0.003631261
binSortByKey,6,27,0.00368518
binSortByKey,6,28,0.003628605
binSortByKey,6,29,0.003662108
binSortByKey,6,30,0.003646941
binSortByKey,6,31,0.003656445
binSortByKey,6,32,0.003616862
binSortByKey,6,33,0.003676827
binSortByKey,6,34,0.003674812
binSortByKey,6,35,0.003638397
binSortByKey,6,36,0.003632957
binSortByKey,6,37,0.003677628
binSortByKey,6,38,0.003710266
binSortByKey,6,39,0.003703419
binComputeOffsets,6,0,0.000191065
binComputeOffsets,6,1,0.000192153
binComputeOffsets,6,2,0.000193401
binComputeOffsets,6,3,0.000196825
binComputeOffsets,6,4,0.000218681
binComputeOffsets,6,5,0.000190425
binComputeOffsets,6,6,0.000199833
binComputeOffsets,6,7,0.000194809
binComputeOffsets,6,8,0.000215609
binComputeOffsets,6,9,0.000204697
binComputeOffsets,6,10,0.000195481
binComputeOffsets,6,11,0.000190906
binComputeOffsets,6,12,0.000193305
binComputeOffsets,6,13,0.000195865
binComputeOffsets,6,14,0.000191705
binComputeOffsets,6,15,0.000190777
binComputeOffsets,6,16,0.000206584
binComputeOffsets,6,17,0.000194201
binComputeOffsets,6,18,0.000194809
binComputeOffsets,6,19,0.000191097
binComputeOffsets,6,20,0.000196441
binComputeOffsets,6,21,0.000198585
binComputeOffsets,6,22,0.000194649
binComputeOffsets,6,23,0.000190777
binComputeOffsets,6,24,0.000207001
binComputeOffsets,6,25,0.000199257
binComputeOffsets,6,26,0.000189689
binComputeOffsets,6,27,0.000194649
binComputeOffsets,6,28,0.000190457
binComputeOffsets,6,29,0.000190298
binComputeOffsets,6,30,0.000191769
binComputeOffsets,6,31,0.000195225
binComputeOffsets,6,32,0.000195769
binComputeOffsets,6,33,0.000190681
binComputeOffsets,6,34,0.000199449
binComputeOffsets,6,35,0.000190425
binComputeOffsets,6,36,0.000192729
binComputeOffsets,6,37,0.000195673
binComputeOffsets,6,38,0.000196825
binComputeOffsets,6,39,0.000194265
FFTNUFFT1,6,0,0.068088184
FFTNUFFT1,6,1,0.066921665
FFTNUFFT1,6,2,0.067279284
FFTNUFFT1,6,3,0.067636381
FFTNUFFT1,6,4,0.067468867
FFTNUFFT1,6,5,0.067575009
FFTNUFFT1,6,6,0.067490819
FFTNUFFT1,6,7,0.067337064
FFTNUFFT1,6,8,0.067960434
FFTNUFFT1,6,9,0.067575232
deconvolutionNUFFT1,6,0,0.000691272
deconvolutionNUFFT1,6,1,0.000693159
deconvolutionNUFFT1,6,2,0.000694119
deconvolutionNUFFT1,6,3,0.000692583
deconvolutionNUFFT1,6,4,0.000698407
deconvolutionNUFFT1,6,5,0.000694343
deconvolutionNUFFT1,6,6,0.000695687
deconvolutionNUFFT1,6,7,0.000696295
deconvolutionNUFFT1,6,8,0.00069188
deconvolutionNUFFT1,6,9,0.000696007
GatherPIFNUFFT,6,0,0.255106368
GatherPIFNUFFT,6,1,0.256988221
GatherPIFNUFFT,6,2,0.252920588
GatherPIFNUFFT,6,3,0.256034497
GatherPIFNUFFT,6,4,0.254481688
GatherPIFNUFFT,6,5,0.255507124
GatherPIFNUFFT,6,6,0.255636111
GatherPIFNUFFT,6,7,0.255562962
GatherPIFNUFFT,6,8,0.254465241
GatherPIFNUFFT,6,9,0.257357777
NativeNUFFT2,6,0,0.083071813
NativeNUFFT2,6,1,0.084626734
NativeNUFFT2,6,2,0.083480919
NativeNUFFT2,6,3,0.083339132
NativeNUFFT2,6,4,0.083258655
NativeNUFFT2,6,5,0.084514067
NativeNUFFT2,6,6,0.08314781
NativeNUFFT2,6,7,0.084546001
NativeNUFFT2,6,8,0.083540277
NativeNUFFT2,6,9,0.082920471
NativeNUFFT2,6,10,0.083947986
NativeNUFFT2,6,11,0.085029579
NativeNUFFT2,6,12,0.082549157
NativeNUFFT2,6,13,0.083661052
NativeNUFFT2,6,14,0.084130892
NativeNUFFT2,6,15,0.0829118
NativeNUFFT2,6,16,0.084292677
NativeNUFFT2,6,17,0.08385023
NativeNUFFT2,6,18,0.083973488
NativeNUFFT2,6,19,0.083725243
NativeNUFFT2,6,20,0.083495683
NativeNUFFT2,6,21,0.083307978
NativeNUFFT2,6,22,0.083755514
NativeNUFFT2,6,23,0.083954193
NativeNUFFT2,6,24,0.083216525
NativeNUFFT2,6,25,0.084865841
NativeNUFFT2,6,26,0.083393703
NativeNUFFT2,6,27,0.083739386
NativeNUFFT2,6,28,0.083622526
NativeNUFFT2,6,29,0.084586396
PrecorrectionNUFFT2,6,0,0.001625799
PrecorrectionNUFFT2,6,1,0.002599748
PrecorrectionNUFFT2,6,2,0.002599044
PrecorrectionNUFFT2,6,3,0.001665093
PrecorrectionNUFFT2,6,4,0.00260394
PrecorrectionNUFFT2,6,5,0.002609156
PrecorrectionNUFFT2,6,6,0.001618567
PrecorrectionNUFFT2,6,7,0.002624451
PrecorrectionNUFFT2,6,8,0.002599972
PrecorrectionNUFFT2,6,9,0.001608166
PrecorrectionNUFFT2,6,10,0.002605922
PrecorrectionNUFFT2,6,11,0.002596834
PrecorrectionNUFFT2,6,12,0.001615366
PrecorrectionNUFFT2,6,13,0.002596514
PrecorrectionNUFFT2,6,14,0.00261213
PrecorrectionNUFFT2,6,15,0.001615814
PrecorrectionNUFFT2,6,16,0.002602978
PrecorrectionNUFFT2,6,17,0.002604002
PrecorrectionNUFFT2,6,18,0.001649316
PrecorrectionNUFFT2,6,19,0.002598914
PrecorrectionNUFFT2,6,20,0.00259645
PrecorrectionNUFFT2,6,21,0.001612774
PrecorrectionNUFFT2,6,22,0.002605954
PrecorrectionNUFFT2,6,23,0.002600674
PrecorrectionNUFFT2,6,24,0.001613926
PrecorrectionNUFFT2,6,25,0.00261261
PrecorrectionNUFFT2,6,26,0.002600546
PrecorrectionNUFFT2,6,27,0.001648037
PrecorrectionNUFFT2,6,28,0.002608835
PrecorrectionNUFFT2,6,29,0.002622977
FFTNUFFT2,6,0,0.067322739
FFTNUFFT2,6,1,0.067752612
FFTNUFFT2,6,2,0.066828836
FFTNUFFT2,6,3,0.067900543
FFTNUFFT2,6,4,0.066855715
FFTNUFFT2,6,5,0.06777901
FFTNUFFT2,6,6,0.067020029
FFTNUFFT2,6,7,0.06788787
FFTNUFFT2,6,8,0.066980223
FFTNUFFT2,6,9,0.0672323
FFTNUFFT2,6,10,0.067159887
FFTNUFFT2,6,11,0.068199369
FFTNUFFT2,6,12,0.067022132
FFTNUFFT2,6,13,0.067232331
FFTNUFFT2,6,14,0.067590688
FFTNUFFT2,6,15,0.067398502
FFTNUFFT2,6,16,0.067624573
FFTNUFFT2,6,17,0.067098674
FFTNUFFT2,6,18,0.06795493
FFTNUFFT2,6,19,0.067081074
FFTNUFFT2,6,20,0.066877944
FFTNUFFT2,6,21,0.0676887
FFTNUFFT2,6,22,0.067094578
FFTNUFFT2,6,23,0.067244715
FFTNUFFT2,6,24,0.067320009
FFTNUFFT2,6,25,0.068145579
FFTNUFFT2,6,26,0.066846363
FFTNUFFT2,6,27,0.067996944
FFTNUFFT2,6,28,0.066847514
FFTNUFFT2,6,29,0.067788953
GatherNUFFT2,6,0,0.007894952
GatherNUFFT2,6,1,0.008056258
GatherNUFFT2,6,2,0.00783054
GatherNUFFT2,6,3,0.007583828
GatherNUFFT2,6,4,0.007558004
GatherNUFFT2,6,5,0.007891017
GatherNUFFT2,6,6,0.008289243
GatherNUFFT2,6,7,0.007813675
GatherNUFFT2,6,8,0.007687024
GatherNUFFT2,6,9,0.007628078
GatherNUFFT2,6,10,0.007661805
GatherNUFFT2,6,11,0.007733866
GatherNUFFT2,6,12,0.007709195
GatherNUFFT2,6,13,0.007325048
GatherNUFFT2,6,14,0.00772481
GatherNUFFT2,6,15,0.007709675
GatherNUFFT2,6,16,0.007878052
GatherNUFFT2,6,17,0.007752073
GatherNUFFT2,6,18,0.008149883
GatherNUFFT2,6,19,0.007850181
GatherNUFFT2,6,20,0.007816104
GatherNUFFT2,6,21,0.00778212
GatherNUFFT2,6,22,0.007836134
GatherNUFFT2,6,23,0.007901284
GatherNUFFT2,6,24,0.00791034
GatherNUFFT2,6,25,0.007889188
GatherNUFFT2,6,26,0.007665932
GatherNUFFT2,6,27,0.007881828
GatherNUFFT2,6,28,0.007899044
GatherNUFFT2,6,29,0.007955138
mainTimer,7,0,3.699389643
dumpData,7,0,0.008785033
dumpData,7,1,0.007779212
dumpData,7,2,0.007576882
dumpData,7,3,0.006813259
dumpData,7,4,0.008166138
dumpData,7,5,0.00736767
dumpData,7,6,0.007926211
dumpData,7,7,0.007897412
dumpData,7,8,0.007572143
dumpData,7,9,0.007471443
kick,7,0,4.2655e-05
kick,7,1,7.232e-06
kick,7,2,4.6334e-05
kick,7,3,5.952e-06
kick,7,4,3.7535e-05
kick,7,5,6.815e-06
kick,7,6,4.5023e-05
kick,7,7,6.399e-06
kick,7,8,3.7086e-05
kick,7,9,7.104e-06
kick,7,10,4.2142e-05
kick,7,11,8.288e-06
kick,7,12,4.1567e-05
kick,7,13,8.896e-06
kick,7,14,4.1343e-05
kick,7,15,9.119e-06
kick,7,16,4.083e-05
kick,7,17,5.664e-06
kick,7,18,3.9678e-05
kick,7,19,6.464e-06
drift,7,0,6.016e-06
drift,7,1,7.36e-06
drift,7,2,4.544e-06
drift,7,3,6.751e-06
drift,7,4,6.848e-06
drift,7,5,5.44e-06
drift,7,6,6.207e-06
drift,7,7,5.152e-06
drift,7,8,5.792e-06
drift,7,9,7.264e-06
particleBC,7,0,1.1167e-05
particleBC,7,1,1.0975e-05
particleBC,7,2,1.5071e-05
particleBC,7,3,1.0688e-05
particleBC,7,4,1.4496e-05
particleBC,7,5,1.5231e-05
particleBC,7,6,1.6608e-05
particleBC,7,7,1.1999e-05
particleBC,7,8,1.3247e-05
particleBC,7,9,1.1456e-05
updateParticle,7,0,0.0079162
updateParticle,7,1,0.007832267
updateParticle,7,2,0.007865674
updateParticle,7,3,0.007866021
updateParticle,7,4,0.007835462
updateParticle,7,5,0.007862533
updateParticle,7,6,0.007846085
updateParticle,7,7,0.00790362
updateParticle,7,8,0.007853958
updateParticle,7,9,0.00781207
locateParticles,7,0,0.003567298
locateParticles,7,1,0.003577762
locateParticles,7,2,0.003578273
locateParticles,7,3,0.003571168
locateParticles,7,4,0.003577504
locateParticles,7,5,0.003578367
locateParticles,7,6,0.003584127
locateParticles,7,7,0.003615358
locateParticles,7,8,0.003570016
locateParticles,7,9,0.003563967
sendPreprocess,7,0,0.000378162
sendPreprocess,7,1,0.000307221
sendPreprocess,7,2,0.000320597
sendPreprocess,7,3,0.000332308
sendPreprocess,7,4,0.000325428
sendPreprocess,7,5,0.000333204
sendPreprocess,7,6,0.000306869
sendPreprocess,7,7,0.000300885
sendPreprocess,7,8,0.000330676
sendPreprocess,7,9,0.000324213
particleSend,7,0,0.000627978
particleSend,7,1,0.000629289
particleSend,7,2,0.000628618
particleSend,7,3,0.00062241
particleSend,7,4,0.000639273
particleSend,7,5,0.000618538
particleSend,7,6,0.000657032
particleSend,7,7,0.00062193
particleSend,7,8,0.000666344
particleSend,7,9,0.000622057
particleRecv,7,0,2.2815e-05
particleRecv,7,1,2.3807e-05
particleRecv,7,2,2.3839e-05
particleRecv,7,3,2.2335e-05
particleRecv,7,4,2.1407e-05
particleRecv,7,5,2.1311e-05
particleRecv,7,6,2.2239e-05
particleRecv,7,7,2.6911e-05
particleRecv,7,8,2.1023e-05
particleRecv,7,9,1.9199e-05
particleDestroy,7,0,0.002535495
particleDestroy,7,1,0.002537863
particleDestroy,7,2,0.002560453
particleDestroy,7,3,0.002539268
particleDestroy,7,4,0.002570884
particleDestroy,7,5,0.0025721
particleDestroy,7,6,0.002559268
particleDestroy,7,7,0.002568291
particleDestroy,7,8,0.002559268
particleDestroy,7,9,0.002555396
ScatterPIFNUFFT,7,0,0.094186141
ScatterPIFNUFFT,7,1,2.2623e-05
ScatterPIFNUFFT,7,2,0.093598193
ScatterPIFNUFFT,7,3,1.0944e-05
ScatterPIFNUFFT,7,4,0.09413667
ScatterPIFNUFFT,7,5,3.2671e-05
ScatterPIFNUFFT,7,6,0.093688531
ScatterPIFNUFFT,7,7,2.4159e-05
ScatterPIFNUFFT,7,8,0.094061254
ScatterPIFNUFFT,7,9,3.4526e-05
ScatterPIFNUFFT,7,10,0.093736178
ScatterPIFNUFFT,7,11,2.8191e-05
ScatterPIFNUFFT,7,12,0.094230912
ScatterPIFNUFFT,7,13,3.3054e-05
ScatterPIFNUFFT,7,14,0.093589815
ScatterPIFNUFFT,7,15,2.4319e-05
ScatterPIFNUFFT,7,16,0.094517367
ScatterPIFNUFFT,7,17,2.5663e-05
ScatterPIFNUFFT,7,18,0.093614135
ScatterPIFNUFFT,7,19,3.4206e-05
NativeNUFFT1,7,0,0.08973161
NativeNUFFT1,7,1,0.089072561
NativeNUFFT1,7,2,0.090669113
NativeNUFFT1,7,3,0.089221844
NativeNUFFT1,7,4,0.089467883
NativeNUFFT1,7,5,0.089379407
NativeNUFFT1,7,6,0.089617319
NativeNUFFT1,7,7,0.089150358
NativeNUFFT1,7,8,0.090009849
NativeNUFFT1,7,9,0.089196662
scatterTimerNUFFT1,7,0,0.020654854
scatterTimerNUFFT1,7,1,0.021206514
scatterTimerNUFFT1,7,2,0.0221828
scatterTimerNUFFT1,7,3,0.020645593
scatterTimerNUFFT1,7,4,0.020844114
scatterTimerNUFFT1,7,5,0.020782996
scatterTimerNUFFT1,7,6,0.02090232
scatterTimerNUFFT1,7,7,0.020761652
scatterTimerNUFFT1,7,8,0.020781589
scatterTimerNUFFT1,7,9,0.020702135
binSort,7,0,0.004037457
binSort,7,1,0.004014257
binSort,7,2,0.004010418
binSort,7,3,0.00402021
binSort,7,4,0.004132334
binSort,7,5,0.004029553
binSort,7,6,0.004022322
binSort,7,7,0.004019473
binSort,7,8,0.004033425
binSort,7,9,0.004053265
binSort,7,10,0.004014194
binSort,7,11,0.004026962
binSort,7,12,0.00401128
binSort,7,13,0.004026735
binSort,7,14,0.00405051
binSort,7,15,0.004049198
binSort,7,16,0.004106828
binSort,7,17,0.004013072
binSort,7,18,0.003989489
binSort,7,19,0.00404635
binSort,7,20,0.00406651
binSort,7,21,0.004076846
binSort,7,22,0.004013232
binSort,7,23,0.004009039
binSort,7,24,0.004101676
binSort,7,25,0.004033263
binSort,7,26,0.004056622
binSort,7,27,0.004020816
binSort,7,28,0.00405147
binSort,7,29,0.00403771
binSort,7,30,0.004034991
binSort,7,31,0.004029583
binSort,7,32,0.004067022
binSort,7,33,0.004067982
binSort,7,34,0.004036303
binSort,7,35,0.004037326
binSort,7,36,0.004069518
binSort,7,37,0.004024335
binSort,7,38,0.004098125
binSort,7,39,0.004025967
binComputeKeys,7,0,0.000381747
binComputeKeys,7,1,0.000394578
binComputeKeys,7,2,0.000408081
binComputeKeys,7,3,0.000401554
binComputeKeys,7,4,0.000390066
binComputeKeys,7,5,0.000402066
binComputeKeys,7,6,0.000408497
binComputeKeys,7,7,0.000421969
binComputeKeys,7,8,0.000381842
binComputeKeys,7,9,0.000398098
binComputeKeys,7,10,0.000418609
binComputeKeys,7,11,0.000396978
binComputeKeys,7,12,0.000375123
binComputeKeys,7,13,0.000403185
binComputeKeys,7,14,0.000409649
binComputeKeys,7,15,0.000399314
binComputeKeys,7,16,0.000405169
binComputeKeys,7,17,0.000396882
binComputeKeys,7,18,0.000395218
binComputeKeys,7,19,0.000421201
binComputeKeys,7,20,0.000381875
binComputeKeys,7,21,0.000400401
binComputeKeys,7,22,0.000405234
binComputeKeys,7,23,0.000411441
binComputeKeys,7,24,0.000394066
binComputeKeys,7,25,0.000407089
binComputeKeys,7,26,0.000407857
binComputeKeys,7,27,0.000417681
binComputeKeys,7,28,0.000386194
binComputeKeys,7,29,0.000387538
binComputeKeys,7,30,0.000410929
binComputeKeys,7,31,0.000407377
binComputeKeys,7,32,0.000391538
binComputeKeys,7,33,0.000397906
binComputeKeys,7,34,0.000415825
binComputeKeys,7,35,0.000415473
binComputeKeys,7,36,0.000388562
binComputeKeys,7,37,0.000409009
binComputeKeys,7,38,0.000406066
binComputeKeys,7,39,0.000424304
binSortByKey,7,0,0.003464741
binSortByKey,7,1,0.00343175
binSortByKey,7,2,0.003418791
binSortByKey,7,3,0.003436391
binSortByKey,7,4,0.003521027
binSortByKey,7,5,0.003437158
binSortByKey,7,6,0.003424679
binSortByKey,7,7,0.003414535
binSortByKey,7,8,0.003456134
binSortByKey,7,9,0.003457862
binSortByKey,7,10,0.003413959
binSortByKey,7,11,0.003438183
binSortByKey,7,12,0.0034465
binSortByKey,7,13,0.003436965
binSortByKey,7,14,0.003449508
binSortByKey,7,15,0.003459619
binSortByKey,7,16,0.003503746
binSortByKey,7,17,0.00343354
binSortByKey,7,18,0.003413797
binSortByKey,7,19,0.003434596
binSortByKey,7,20,0.003493986
binSortByKey,7,21,0.003476324
binSortByKey,7,22,0.003424357
binSortByKey,7,23,0.003407269
binSortByKey,7,24,0.003503874
binSortByKey,7,25,0.003439973
binSortByKey,7,26,0.003459076
binSortByKey,7,27,0.003420037
binSortByKey,7,28,0.003472643
binSortByKey,7,29,0.003461603
binSortByKey,7,30,0.003434405
binSortByKey,7,31,0.003441796
binSortByKey,7,32,0.003478723
binSortByKey,7,33,0.003475779
binSortByKey,7,34,0.003435621
binSortByKey,7,35,0.003430372
binSortByKey,7,36,0.00348797
binSortByKey,7,37,0.003430821
binSortByKey,7,38,0.003495554
binSortByKey,7,39,0.003419333
binComputeOffsets,7,0,0.000188889
binComputeOffsets,7,1,0.000187097
binComputeOffsets,7,2,0.000182874
binComputeOffsets,7,3,0.00017961
binComputeOffsets,7,4,0.000219321
binComputeOffsets,7,5,0.000188249
binComputeOffsets,7,6,0.000187578
binComputeOffsets,7,7,0.000181689
binComputeOffsets,7,8,0.000192953
binComputeOffsets,7,9,0.000196569
binComputeOffsets,7,10,0.000180922
binComputeOffsets,7,11,0.000189914
binComputeOffsets,7,12,0.000188281
binComputeOffsets,7,13,0.000185625
binComputeOffsets,7,14,0.000189465
binComputeOffsets,7,15,0.000189177
binComputeOffsets,7,16,0.000196665
binComputeOffsets,7,17,0.000181466
binComputeOffsets,7,18,0.000178362
binComputeOffsets,7,19,0.000189657
binComputeOffsets,7,20,0.000189145
binComputeOffsets,7,21,0.000198329
binComputeOffsets,7,22,0.000181721
binComputeOffsets,7,23,0.000189657
binComputeOffsets,7,24,0.000202136
binComputeOffsets,7,25,0.000184953
binComputeOffsets,7,26,0.000187961
binComputeOffsets,7,27,0.000181274
binComputeOffsets,7,28,0.000191193
binComputeOffsets,7,29,0.000186297
binComputeOffsets,7,30,0.000187161
binComputeOffsets,7,31,0.00018009
binComputeOffsets,7,32,0.000191929
binComputeOffsets,7,33,0.000192761
binComputeOffsets,7,34,0.000183545
binComputeOffsets,7,35,0.000189721
binComputeOffsets,7,36,0.000189818
binComputeOffsets,7,37,0.000183705
binComputeOffsets,7,38,0.000195033
binComputeOffsets,7,39,0.000181402
FFTNUFFT1,7,0,0.068092279
FFTNUFFT1,7,1,0.066903905
FFTNUFFT1,7,2,0.067793314
FFTNUFFT1,7,3,0.067856469
FFTNUFFT1,7,4,0.067494243
FFTNUFFT1,7,5,0.067778137
FFTNUFFT1,7,6,0.067665149
FFTNUFFT1,7,7,0.067473475
FFTNUFFT1,7,8,0.068421505
FFTNUFFT1,7,9,0.067617567
deconvolutionNUFFT1,7,0,0.000981373
deconvolutionNUFFT1,7,1,0.000960158
deconvolutionNUFFT1,7,2,0.000689192
deconvolutionNUFFT1,7,3,0.000716902
deconvolutionNUFFT1,7,4,0.001126392
deconvolutionNUFFT1,7,5,0.000815106
deconvolutionNUFFT1,7,6,0.001047994
deconvolutionNUFFT1,7,7,0.000911135
deconvolutionNUFFT1,7,8,0.000802147
deconvolutionNUFFT1,7,9,0.000873376
GatherPIFNUFFT,7,0,0.253953641
GatherPIFNUFFT,7,1,0.253797773
GatherPIFNUFFT,7,2,0.254622703
GatherPIFNUFFT,7,3,0.255109602
GatherPIFNUFFT,7,4,0.253268516
GatherPIFNUFFT,7,5,0.253904557
GatherPIFNUFFT,7,6,0.252046832
GatherPIFNUFFT,7,7,0.254035369
GatherPIFNUFFT,7,8,0.253304323
GatherPIFNUFFT,7,9,0.255156864
NativeNUFFT2,7,0,0.082230467
NativeNUFFT2,7,1,0.084616783
NativeNUFFT2,7,2,0.083558613
NativeNUFFT2,7,3,0.082699731
NativeNUFFT2,7,4,0.083195872
NativeNUFFT2,7,5,0.08431817
NativeNUFFT2,7,6,0.083835562
NativeNUFFT2,7,7,0.084559505
NativeNUFFT2,7,8,0.083209888
NativeNUFFT2,7,9,0.083887349
NativeNUFFT2,7,10,0.083604192
NativeNUFFT2,7,11,0.085052521
NativeNUFFT2,7,12,0.083104817
NativeNUFFT2,7,13,0.084229416
NativeNUFFT2,7,14,0.083360936
NativeNUFFT2,7,15,0.082261167
NativeNUFFT2,7,16,0.084177097
NativeNUFFT2,7,17,0.083882229
NativeNUFFT2,7,18,0.08310552
NativeNUFFT2,7,19,0.083498019
NativeNUFFT2,7,20,0.083733659
NativeNUFFT2,7,21,0.082756157
NativeNUFFT2,7,22,0.083707291
NativeNUFFT2,7,23,0.084042255
NativeNUFFT2,7,24,0.082457384
NativeNUFFT2,7,25,0.085106184
NativeNUFFT2,7,26,0.083226637
NativeNUFFT2,7,27,0.083276011
NativeNUFFT2,7,28,0.083311849
NativeNUFFT2,7,29,0.084495359
PrecorrectionNUFFT2,7,0,0.001576808
PrecorrectionNUFFT2,7,1,0.002541318
PrecorrectionNUFFT2,7,2,0.00253319
PrecorrectionNUFFT2,7,3,0.001585768
PrecorrectionNUFFT2,7,4,0.002543238
PrecorrectionNUFFT2,7,5,0.002567493
PrecorrectionNUFFT2,7,6,0.001595431
PrecorrectionNUFFT2,7,7,0.002542982
PrecorrectionNUFFT2,7,8,0.002526182
PrecorrectionNUFFT2,7,9,0.001623494
PrecorrectionNUFFT2,7,10,0.002531461
PrecorrectionNUFFT2,7,11,0.002534884
PrecorrectionNUFFT2,7,12,0.001601063
PrecorrectionNUFFT2,7,13,0.002550629
PrecorrectionNUFFT2,7,14,0.002551364
PrecorrectionNUFFT2,7,15,0.001598342
PrecorrectionNUFFT2,7,16,0.002517797
PrecorrectionNUFFT2,7,17,0.002544452
PrecorrectionNUFFT2,7,18,0.00160375
PrecorrectionNUFFT2,7,19,0.002531045
PrecorrectionNUFFT2,7,20,0.002548868
PrecorrectionNUFFT2,7,21,0.001613638
PrecorrectionNUFFT2,7,22,0.002533733
PrecorrectionNUFFT2,7,23,0.002548773
PrecorrectionNUFFT2,7,24,0.001603174
PrecorrectionNUFFT2,7,25,0.002540516
PrecorrectionNUFFT2,7,26,0.002534213
PrecorrectionNUFFT2,7,27,0.001613766
PrecorrectionNUFFT2,7,28,0.002517509
PrecorrectionNUFFT2,7,29,0.002555588
FFTNUFFT2,7,0,0.067389648
FFTNUFFT2,7,1,0.068507337
FFTNUFFT2,7,2,0.067806018
FFTNUFFT2,7,3,0.067608553
FFTNUFFT2,7,4,0.067340466
FFTNUFFT2,7,5,0.068716161
FFTNUFFT2,7,6,0.068305935
FFTNUFFT2,7,7,0.068651587
FFTNUFFT2,7,8,0.067319219
FFTNUFFT2,7,9,0.068696792
FFTNUFFT2,7,10,0.067562209
FFTNUFFT2,7,11,0.068786611
FFTNUFFT2,7,12,0.068092974
FFTNUFFT2,7,13,0.067953266
FFTNUFFT2,7,14,0.067560192
FFTNUFFT2,7,15,0.067418853
FFTNUFFT2,7,16,0.068527005
FFTNUFFT2,7,17,0.0679245
FFTNUFFT2,7,18,0.06821284
FFTNUFFT2,7,19,0.067803352
FFTNUFFT2,7,20,0.06778412
FFTNUFFT2,7,21,0.067651038
FFTNUFFT2,7,22,0.067712827
FFTNUFFT2,7,23,0.067878357
FFTNUFFT2,7,24,0.067500323
FFTNUFFT2,7,25,0.069233315
FFTNUFFT2,7,26,0.067304618
FFTNUFFT2,7,27,0.068357187
FFTNUFFT2,7,28,0.067255211
FFTNUFFT2,7,29,0.068880273
GatherNUFFT2,7,0,0.007262719
GatherNUFFT2,7,1,0.007217121
GatherNUFFT2,7,2,0.007027176
GatherNUFFT2,7,3,0.007254239
GatherNUFFT2,7,4,0.007087109
GatherNUFFT2,7,5,0.007144995
GatherNUFFT2,7,6,0.007957383
GatherNUFFT2,7,7,0.007478327
GatherNUFFT2,7,8,0.007183617
GatherNUFFT2,7,9,0.00728985
GatherNUFFT2,7,10,0.007288985
GatherNUFFT2,7,11,0.00750005
GatherNUFFT2,7,12,0.007045698
GatherNUFFT2,7,13,0.007229724
GatherNUFFT2,7,14,0.007163742
GatherNUFFT2,7,15,0.007202494
GatherNUFFT2,7,16,0.007202236
GatherNUFFT2,7,17,0.007135935
GatherNUFFT2,7,18,0.007375286
GatherNUFFT2,7,19,0.0071943
GatherNUFFT2,7,20,0.007113153
GatherNUFFT2,7,21,0.007398197
GatherNUFFT2,7,22,0.007322265
GatherNUFFT2,7,23,0.007238204
GatherNUFFT2,7,24,0.007337912
GatherNUFFT2,7,25,0.007414837
GatherNUFFT2,7,26,0.007129183
GatherNUFFT2,7,27,0.007383863
GatherNUFFT2,7,28,0.007320408
GatherNUFFT2,7,29,0.007129919
mainTimer,8,0,3.699395223
dumpData,8,0,0.009555214
dumpData,8,1,0.007517551
dumpData,8,2,0.008144316
dumpData,8,3,0.007607885
dumpData,8,4,0.007735368
dumpData,8,5,0.008094206
dumpData,8,6,0.007978689
dumpData,8,7,0.008017408
dumpData,8,8,0.007992864
dumpData,8,9,0.008046685
kick,8,0,4.3391e-05
kick,8,1,1.0048e-05
kick,8,2,5.0431e-05
kick,8,3,1.3024e-05
kick,8,4,3.5615e-05
kick,8,5,1.2479e-05
kick,8,6,4.0831e-05
kick,8,7,1.3727e-05
kick,8,8,4.5086e-05
kick,8,9,1.0304e-05
kick,8,10,4.5759e-05
kick,8,11,1.1199e-05
kick,8,12,4.7999e-05
kick,8,13,1.2416e-05
kick,8,14,4.2302e-05
kick,8,15,1.0624e-05
kick,8,16,4.6622e-05
kick,8,17,1.1552e-05
kick,8,18,4.2463e-05
kick,8,19,1.1296e-05
drift,8,0,9.023e-06
drift,8,1,7.743e-06
drift,8,2,1.1167e-05
drift,8,3,7.839e-06
drift,8,4,8.096e-06
drift,8,5,9.471e-06
drift,8,6,7.392e-06
drift,8,7,9.504e-06
drift,8,8,1.3408e-05
drift,8,9,8.064e-06
particleBC,8,0,8.608e-06
particleBC,8,1,8.16e-06
particleBC,8,2,9.824e-06
particleBC,8,3,9.6e-06
particleBC,8,4,1.1232e-05
particleBC,8,5,8.448e-06
particleBC,8,6,1.0591e-05
particleBC,8,7,7.392e-06
particleBC,8,8,7.359e-06
particleBC,8,9,8.895e-06
updateParticle,8,0,0.007734409
updateParticle,8,1,0.007641516
updateParticle,8,2,0.007654027
updateParticle,8,3,0.00769921
updateParticle,8,4,0.007650059
updateParticle,8,5,0.007654955
updateParticle,8,6,0.007688011
updateParticle,8,7,0.00767281
updateParticle,8,8,0.007699465
updateParticle,8,9,0.00764718
locateParticles,8,0,0.003539983
locateParticles,8,1,0.003531663
locateParticles,8,2,0.003548238
locateParticles,8,3,0.003537103
locateParticles,8,4,0.003524015
locateParticles,8,5,0.003541519
locateParticles,8,6,0.003548975
locateParticles,8,7,0.003542222
locateParticles,8,8,0.003536367
locateParticles,8,9,0.003533519
sendPreprocess,8,0,0.000393619
sendPreprocess,8,1,0.000341749
sendPreprocess,8,2,0.000340437
sendPreprocess,8,3,0.000361652
sendPreprocess,8,4,0.000365972
sendPreprocess,8,5,0.000361108
sendPreprocess,8,6,0.000336981
sendPreprocess,8,7,0.00036914
sendPreprocess,8,8,0.000350613
sendPreprocess,8,9,0.000347541
particleSend,8,0,0.000650443
particleSend,8,1,0.000611149
particleSend,8,2,0.000626188
particleSend,8,3,0.000601613
particleSend,8,4,0.000589997
particleSend,8,5,0.000619372
particleSend,8,6,0.000603469
particleSend,8,7,0.000608461
particleSend,8,8,0.00059614
particleSend,8,9,0.000600205
particleRecv,8,0,2.384e-05
particleRecv,8,1,2.7007e-05
particleRecv,8,2,2.4192e-05
particleRecv,8,3,2.5311e-05
particleRecv,8,4,2.8703e-05
particleRecv,8,5,2.6783e-05
particleRecv,8,6,2.9215e-05
particleRecv,8,7,3.0655e-05
particleRecv,8,8,2.7199e-05
particleRecv,8,9,2.9183e-05
particleDestroy,8,0,0.002272727
particleDestroy,8,1,0.002259736
particleDestroy,8,2,0.002238968
particleDestroy,8,3,0.002258712
particleDestroy,8,4,0.002247737
particleDestroy,8,5,0.002255512
particleDestroy,8,6,0.002243
particleDestroy,8,7,0.002239192
particleDestroy,8,8,0.002240089
particleDestroy,8,9,0.002266872
ScatterPIFNUFFT,8,0,0.09326985
ScatterPIFNUFFT,8,1,4.339e-05
ScatterPIFNUFFT,8,2,0.093391062
ScatterPIFNUFFT,8,3,4.5822e-05
ScatterPIFNUFFT,8,4,0.093319767
ScatterPIFNUFFT,8,5,5.427e-05
ScatterPIFNUFFT,8,6,0.093216058
ScatterPIFNUFFT,8,7,4.7582e-05
ScatterPIFNUFFT,8,8,0.093501554
ScatterPIFNUFFT,8,9,4.9279e-05
ScatterPIFNUFFT,8,10,0.093317079
ScatterPIFNUFFT,8,11,4.9247e-05
ScatterPIFNUFFT,8,12,0.093418676
ScatterPIFNUFFT,8,13,3.6831e-05
ScatterPIFNUFFT,8,14,0.093113822
ScatterPIFNUFFT,8,15,4.0542e-05
ScatterPIFNUFFT,8,16,0.0931847
ScatterPIFNUFFT,8,17,4.9311e-05
ScatterPIFNUFFT,8,18,0.093127902
ScatterPIFNUFFT,8,19,4.803e-05
NativeNUFFT1,8,0,0.088725323
NativeNUFFT1,8,1,0.088779817
NativeNUFFT1,8,2,0.088786376
NativeNUFFT1,8,3,0.088701803
NativeNUFFT1,8,4,0.089143453
NativeNUFFT1,8,5,0.088718187
NativeNUFFT1,8,6,0.088889765
NativeNUFFT1,8,7,0.088658061
NativeNUFFT1,8,8,0.08875393
NativeNUFFT1,8,9,0.089672684
scatterTimerNUFFT1,8,0,0.02031727
scatterTimerNUFFT1,8,1,0.020709866
scatterTimerNUFFT1,8,2,0.020774023
scatterTimerNUFFT1,8,3,0.020352021
scatterTimerNUFFT1,8,4,0.020722793
scatterTimerNUFFT1,8,5,0.020397076
scatterTimerNUFFT1,8,6,0.020630956
scatterTimerNUFFT1,8,7,0.020521424
scatterTimerNUFFT1,8,8,0.020455091
scatterTimerNUFFT1,8,9,0.021388948
binSort,8,0,0.004042111
binSort,8,1,0.004042207
binSort,8,2,0.004064734
binSort,8,3,0.004051902
binSort,8,4,0.004035743
binSort,8,5,0.004044383
binSort,8,6,0.004063326
binSort,8,7,0.004073469
binSort,8,8,0.004052926
binSort,8,9,0.004089854
binSort,8,10,0.004073565
binSort,8,11,0.004063038
binSort,8,12,0.004061886
binSort,8,13,0.004128604
binSort,8,14,0.00404467
binSort,8,15,0.004040991
binSort,8,16,0.004098173
binSort,8,17,0.004032415
binSort,8,18,0.004055231
binSort,8,19,0.004073053
binSort,8,20,0.004016927
binSort,8,21,0.004075134
binSort,8,22,0.004036895
binSort,8,23,0.004040894
binSort,8,24,0.004061918
binSort,8,25,0.004064478
binSort,8,26,0.004049438
binSort,8,27,0.004102301
binSort,8,28,0.004113373
binSort,8,29,0.004078333
binSort,8,30,0.004051294
binSort,8,31,0.004093533
binSort,8,32,0.00405779
binSort,8,33,0.004062334
binSort,8,34,0.004085917
binSort,8,35,0.004062047
binSort,8,36,0.004047775
binSort,8,37,0.00406259
binSort,8,38,0.004059551
binSort,8,39,0.004058366
binComputeKeys,8,0,0.000389779
binComputeKeys,8,1,0.000377748
binComputeKeys,8,2,0.00037922
binComputeKeys,8,3,0.000392339
binComputeKeys,8,4,0.00038594
binComputeKeys,8,5,0.000378132
binComputeKeys,8,6,0.000384979
binComputeKeys,8,7,0.000389747
binComputeKeys,8,8,0.000384179
binComputeKeys,8,9,0.000409459
binComputeKeys,8,10,0.000385139
binComputeKeys,8,11,0.000380084
binComputeKeys,8,12,0.000387796
binComputeKeys,8,13,0.000409843
binComputeKeys,8,14,0.000379283
binComputeKeys,8,15,0.00038002
binComputeKeys,8,16,0.000390803
binComputeKeys,8,17,0.000377012
binComputeKeys,8,18,0.000401331
binComputeKeys,8,19,0.000384755
binComputeKeys,8,20,0.000383252
binComputeKeys,8,21,0.000384436
binComputeKeys,8,22,0.000377876
binComputeKeys,8,23,0.000380755
binComputeKeys,8,24,0.000387699
binComputeKeys,8,25,0.000376692
binComputeKeys,8,26,0.000382804
binComputeKeys,8,27,0.000391956
binComputeKeys,8,28,0.000396819
binComputeKeys,8,29,0.000385076
binComputeKeys,8,30,0.000377396
binComputeKeys,8,31,0.000393395
binComputeKeys,8,32,0.000376083
binComputeKeys,8,33,0.000387379
binComputeKeys,8,34,0.000401971
binComputeKeys,8,35,0.000385876
binComputeKeys,8,36,0.00038338
binComputeKeys,8,37,0.000380051
binComputeKeys,8,38,0.000383348
binComputeKeys,8,39,0.000388212
binSortByKey,8,0,0.003449362
binSortByKey,8,1,0.003461745
binSortByKey,8,2,0.00346133
binSortByKey,8,3,0.003451154
binSortByKey,8,4,0.003446354
binSortByKey,8,5,0.003453074
binSortByKey,8,6,0.003475153
binSortByKey,8,7,0.003479025
binSortByKey,8,8,0.003465905
binSortByKey,8,9,0.003477937
binSortByKey,8,10,0.003479377
binSortByKey,8,11,0.003467793
binSortByKey,8,12,0.003472017
binSortByKey,8,13,0.003513967
binSortByKey,8,14,0.00345589
binSortByKey,8,15,0.003448145
binSortByKey,8,16,0.003501136
binSortByKey,8,17,0.003451409
binSortByKey,8,18,0.00345461
binSortByKey,8,19,0.003480305
binSortByKey,8,20,0.003430258
binSortByKey,8,21,0.003481648
binSortByKey,8,22,0.003451346
binSortByKey,8,23,0.003452594
binSortByKey,8,24,0.003461041
binSortByKey,8,25,0.003464529
binSortByKey,8,26,0.003461425
binSortByKey,8,27,0.003500432
binSortByKey,8,28,0.003502928
binSortByKey,8,29,0.003482032
binSortByKey,8,30,0.003467185
binSortByKey,8,31,0.003487217
binSortByKey,8,32,0.003476465
binSortByKey,8,33,0.003470449
binSortByKey,8,34,0.003480945
binSortByKey,8,35,0.003465905
binSortByKey,8,36,0.003454673
binSortByKey,8,37,0.003476817
binSortByKey,8,38,0.003467697
binSortByKey,8,39,0.003462385
binComputeOffsets,8,0,0.000200794
binComputeOffsets,8,1,0.00020009
binComputeOffsets,8,2,0.000221241
binComputeOffsets,8,3,0.000205657
binComputeOffsets,8,4,0.000199769
binComputeOffsets,8,5,0.000210649
binComputeOffsets,8,6,0.000200634
binComputeOffsets,8,7,0.000202105
binComputeOffsets,8,8,0.00020089
binComputeOffsets,8,9,0.000199482
binComputeOffsets,8,10,0.000206841
binComputeOffsets,8,11,0.000211513
binComputeOffsets,8,12,0.000196729
binComputeOffsets,8,13,0.000201178
binComputeOffsets,8,14,0.000206905
binComputeOffsets,8,15,0.000210394
binComputeOffsets,8,16,0.00020153
binComputeOffsets,8,17,0.000201594
binComputeOffsets,8,18,0.00019689
binComputeOffsets,8,19,0.000203833
binComputeOffsets,8,20,0.000200153
binComputeOffsets,8,21,0.000204314
binComputeOffsets,8,22,0.000205401
binComputeOffsets,8,23,0.000205305
binComputeOffsets,8,24,0.000211578
binComputeOffsets,8,25,0.000221081
binComputeOffsets,8,26,0.000202618
binComputeOffsets,8,27,0.000205881
binComputeOffsets,8,28,0.000208378
binComputeOffsets,8,29,0.000209113
binComputeOffsets,8,30,0.000204217
binComputeOffsets,8,31,0.000210777
binComputeOffsets,8,32,0.000198906
binComputeOffsets,8,33,0.000201754
binComputeOffsets,8,34,0.000198041
binComputeOffsets,8,35,0.000208122
binComputeOffsets,8,36,0.000207898
binComputeOffsets,8,37,0.000202618
binComputeOffsets,8,38,0.00020633
binComputeOffsets,8,39,0.000205177
FFTNUFFT1,8,0,0.067626382
FFTNUFFT1,8,1,0.067211611
FFTNUFFT1,8,2,0.067212987
FFTNUFFT1,8,3,0.067372853
FFTNUFFT1,8,4,0.067449139
FFTNUFFT1,8,5,0.067345494
FFTNUFFT1,8,6,0.067285272
FFTNUFFT1,8,7,0.067299031
FFTNUFFT1,8,8,0.067609742
FFTNUFFT1,8,9,0.067308567
deconvolutionNUFFT1,8,0,0.000778983
deconvolutionNUFFT1,8,1,0.000854949
deconvolutionNUFFT1,8,2,0.000796006
deconvolutionNUFFT1,8,3,0.000972705
deconvolutionNUFFT1,8,4,0.000968097
deconvolutionNUFFT1,8,5,0.000970817
deconvolutionNUFFT1,8,6,0.000969921
deconvolutionNUFFT1,8,7,0.00083559
deconvolutionNUFFT1,8,8,0.000685738
deconvolutionNUFFT1,8,9,0.000971681
GatherPIFNUFFT,8,0,0.256597618
GatherPIFNUFFT,8,1,0.256803116
GatherPIFNUFFT,8,2,0.256669167
GatherPIFNUFFT,8,3,0.256880936
GatherPIFNUFFT,8,4,0.25666328
GatherPIFNUFFT,8,5,0.256442967
GatherPIFNUFFT,8,6,0.256848394
GatherPIFNUFFT,8,7,0.256697646
GatherPIFNUFFT,8,8,0.257067139
GatherPIFNUFFT,8,9,0.257470198
NativeNUFFT2,8,0,0.082473042
NativeNUFFT2,8,1,0.08445426
NativeNUFFT2,8,2,0.08349093
NativeNUFFT2,8,3,0.084611822
NativeNUFFT2,8,4,0.083842823
NativeNUFFT2,8,5,0.084051616
NativeNUFFT2,8,6,0.083869158
NativeNUFFT2,8,7,0.084136478
NativeNUFFT2,8,8,0.083474065
NativeNUFFT2,8,9,0.082909477
NativeNUFFT2,8,10,0.083622158
NativeNUFFT2,8,11,0.084391349
NativeNUFFT2,8,12,0.084481522
NativeNUFFT2,8,13,0.084055679
NativeNUFFT2,8,14,0.084027297
NativeNUFFT2,8,15,0.082688396
NativeNUFFT2,8,16,0.083812455
NativeNUFFT2,8,17,0.083703211
NativeNUFFT2,8,18,0.083419252
NativeNUFFT2,8,19,0.083772649
NativeNUFFT2,8,20,0.083769929
NativeNUFFT2,8,21,0.085465682
NativeNUFFT2,8,22,0.083470515
NativeNUFFT2,8,23,0.084115294
NativeNUFFT2,8,24,0.083254584
NativeNUFFT2,8,25,0.085059936
NativeNUFFT2,8,26,0.083489298
NativeNUFFT2,8,27,0.083396565
NativeNUFFT2,8,28,0.083449139
NativeNUFFT2,8,29,0.084364598
PrecorrectionNUFFT2,8,0,0.001597484
PrecorrectionNUFFT2,8,1,0.002521872
PrecorrectionNUFFT2,8,2,0.002513135
PrecorrectionNUFFT2,8,3,0.001584045
PrecorrectionNUFFT2,8,4,0.002507152
PrecorrectionNUFFT2,8,5,0.002523183
PrecorrectionNUFFT2,8,6,0.001615852
PrecorrectionNUFFT2,8,7,0.00250312
PrecorrectionNUFFT2,8,8,0.002520559
PrecorrectionNUFFT2,8,9,0.00163534
PrecorrectionNUFFT2,8,10,0.002539087
PrecorrectionNUFFT2,8,11,0.002519791
PrecorrectionNUFFT2,8,12,0.001568462
PrecorrectionNUFFT2,8,13,0.002518384
PrecorrectionNUFFT2,8,14,0.002552046
PrecorrectionNUFFT2,8,15,0.001555503
PrecorrectionNUFFT2,8,16,0.00251256
PrecorrectionNUFFT2,8,17,0.002513199
PrecorrectionNUFFT2,8,18,0.001629452
PrecorrectionNUFFT2,8,19,0.002525167
PrecorrectionNUFFT2,8,20,0.002524015
PrecorrectionNUFFT2,8,21,0.001561326
PrecorrectionNUFFT2,8,22,0.002506224
PrecorrectionNUFFT2,8,23,0.002507344
PrecorrectionNUFFT2,8,24,0.00156731
PrecorrectionNUFFT2,8,25,0.002548495
PrecorrectionNUFFT2,8,26,0.002517615
PrecorrectionNUFFT2,8,27,0.001578574
PrecorrectionNUFFT2,8,28,0.002517519
PrecorrectionNUFFT2,8,29,0.002507408
FFTNUFFT2,8,0,0.067222971
FFTNUFFT2,8,1,0.067738985
FFTNUFFT2,8,2,0.06729068
FFTNUFFT2,8,3,0.069218906
FFTNUFFT2,8,4,0.067652236
FFTNUFFT2,8,5,0.067689003
FFTNUFFT2,8,6,0.067874437
FFTNUFFT2,8,7,0.067434579
FFTNUFFT2,8,8,0.067365493
FFTNUFFT2,8,9,0.06738882
FFTNUFFT2,8,10,0.067482002
FFTNUFFT2,8,11,0.067808488
FFTNUFFT2,8,12,0.069045343
FFTNUFFT2,8,13,0.067687595
FFTNUFFT2,8,14,0.067448499
FFTNUFFT2,8,15,0.067234585
FFTNUFFT2,8,16,0.067444339
FFTNUFFT2,8,17,0.067469682
FFTNUFFT2,8,18,0.067498865
FFTNUFFT2,8,19,0.067258041
FFTNUFFT2,8,20,0.067470866
FFTNUFFT2,8,21,0.069403668
FFTNUFFT2,8,22,0.067181437
FFTNUFFT2,8,23,0.067803816
FFTNUFFT2,8,24,0.06806352
FFTNUFFT2,8,25,0.068628653
FFTNUFFT2,8,26,0.06729132
FFTNUFFT2,8,27,0.067322135
FFTNUFFT2,8,28,0.067247193
FFTNUFFT2,8,29,0.068120574
GatherNUFFT2,8,0,0.007815717
GatherNUFFT2,8,1,0.008194202
GatherNUFFT2,8,2,0.007311446
GatherNUFFT2,8,3,0.00788554
GatherNUFFT2,8,4,0.00782647
GatherNUFFT2,8,5,0.007859877
GatherNUFFT2,8,6,0.007936898
GatherNUFFT2,8,7,0.008084318
GatherNUFFT2,8,8,0.007475344
GatherNUFFT2,8,9,0.007957506
GatherNUFFT2,8,10,0.007767688
GatherNUFFT2,8,11,0.00794317
GatherNUFFT2,8,12,0.007917347
GatherNUFFT2,8,13,0.007716073
GatherNUFFT2,8,14,0.008170779
GatherNUFFT2,8,15,0.008033088
GatherNUFFT2,8,16,0.008016416
GatherNUFFT2,8,17,0.007846693
GatherNUFFT2,8,18,0.008447858
GatherNUFFT2,8,19,0.007877252
GatherNUFFT2,8,20,0.007726537
GatherNUFFT2,8,21,0.008351477
GatherNUFFT2,8,22,0.007832037
GatherNUFFT2,8,23,0.007682155
GatherNUFFT2,8,24,0.007346901
GatherNUFFT2,8,25,0.008060286
GatherNUFFT2,8,26,0.00756379
GatherNUFFT2,8,27,0.008458802
GatherNUFFT2,8,28,0.007737321
GatherNUFFT2,8,29,0.007882084
mainTimer,9,0,3.699394935
dumpData,9,0,0.008426738
dumpData,9,1,0.006854788
dumpData,9,2,0.006921347
dumpData,9,3,0.007067166
dumpData,9,4,0.007265848
dumpData,9,5,0.006880932
dumpData,9,6,0.006403603
dumpData,9,7,0.006472785
dumpData,9,8,0.006866724
dumpData,9,9,0.006929185
kick,9,0,4.3263e-05
kick,9,1,1.9008e-05
kick,9,2,5.1039e-05
kick,9,3,3.8367e-05
kick,9,4,3.7023e-05
kick,9,5,2.2463e-05
kick,9,6,4.2335e-05
kick,9,7,1.264e-05
kick,9,8,4.6238e-05
kick,9,9,1.088e-05
kick,9,10,4.7999e-05
kick,9,11,1.424e-05
kick,9,12,4.8286e-05
kick,9,13,1.616e-05
kick,9,14,4.5502e-05
kick,9,15,1.1936e-05
kick,9,16,4.7134e-05
kick,9,17,1.216e-05
kick,9,18,4.4319e-05
kick,9,19,1.8336e-05
drift,9,0,1.0239e-05
drift,9,1,9.567e-06
drift,9,2,1.0911e-05
drift,9,3,9.631e-06
drift,9,4,8.672e-06
drift,9,5,8.831e-06
drift,9,6,8.832e-06
drift,9,7,6.368e-06
drift,9,8,8.928e-06
drift,9,9,8.832e-06
particleBC,9,0,9.632e-06
particleBC,9,1,9.184e-06
particleBC,9,2,1.1456e-05
particleBC,9,3,1.0592e-05
particleBC,9,4,1.0784e-05
particleBC,9,5,9.568e-06
particleBC,9,6,9.695e-06
particleBC,9,7,7.008e-06
particleBC,9,8,7.999e-06
particleBC,9,9,9.215e-06
updateParticle,9,0,0.007714154
updateParticle,9,1,0.007652844
updateParticle,9,2,0.007698474
updateParticle,9,3,0.007667627
updateParticle,9,4,0.007656747
updateParticle,9,5,0.007709834
updateParticle,9,6,0.007700202
updateParticle,9,7,0.007734216
updateParticle,9,8,0.007644235
updateParticle,9,9,0.007621517
locateParticles,9,0,0.003674507
locateParticles,9,1,0.003672651
locateParticles,9,2,0.00367489
locateParticles,9,3,0.00369057
locateParticles,9,4,0.003676586
locateParticles,9,5,0.003678154
locateParticles,9,6,0.003680747
locateParticles,9,7,0.003686602
locateParticles,9,8,0.003678186
locateParticles,9,9,0.003668043
sendPreprocess,9,0,0.000259736
sendPreprocess,9,1,0.000203257
sendPreprocess,9,2,0.000216185
sendPreprocess,9,3,0.000207801
sendPreprocess,9,4,0.000216441
sendPreprocess,9,5,0.000226073
sendPreprocess,9,6,0.000209241
sendPreprocess,9,7,0.000227481
sendPreprocess,9,8,0.000214201
sendPreprocess,9,9,0.000214137
particleSend,9,0,0.000607309
particleSend,9,1,0.000611117
particleSend,9,2,0.000641804
particleSend,9,3,0.000606093
particleSend,9,4,0.000601549
particleSend,9,5,0.000624172
particleSend,9,6,0.00061134
particleSend,9,7,0.000660907
particleSend,9,8,0.000600845
particleSend,9,9,0.000607853
particleRecv,9,0,3.4239e-05
particleRecv,9,1,2.6303e-05
particleRecv,9,2,2.3967e-05
particleRecv,9,3,2.3807e-05
particleRecv,9,4,2.2623e-05
particleRecv,9,5,2.1183e-05
particleRecv,9,6,2.8e-05
particleRecv,9,7,2.3391e-05
particleRecv,9,8,2.4255e-05
particleRecv,9,9,3.0399e-05
particleDestroy,9,0,0.002385971
particleDestroy,9,1,0.002396563
particleDestroy,9,2,0.002391732
particleDestroy,9,3,0.002385588
particleDestroy,9,4,0.002398772
particleDestroy,9,5,0.002403316
particleDestroy,9,6,0.002392915
particleDestroy,9,7,0.002381012
particleDestroy,9,8,0.002386708
particleDestroy,9,9,0.002403091
ScatterPIFNUFFT,9,0,0.093583215
ScatterPIFNUFFT,9,1,4.2719e-05
ScatterPIFNUFFT,9,2,0.093501106
ScatterPIFNUFFT,9,3,3.1167e-05
ScatterPIFNUFFT,9,4,0.093486195
ScatterPIFNUFFT,9,5,2.5087e-05
ScatterPIFNUFFT,9,6,0.093607182
ScatterPIFNUFFT,9,7,4.5151e-05
ScatterPIFNUFFT,9,8,0.093732298
ScatterPIFNUFFT,9,9,3.8687e-05
ScatterPIFNUFFT,9,10,0.093468626
ScatterPIFNUFFT,9,11,4.2431e-05
ScatterPIFNUFFT,9,12,0.093798215
ScatterPIFNUFFT,9,13,3.5647e-05
ScatterPIFNUFFT,9,14,0.093534481
ScatterPIFNUFFT,9,15,3.4399e-05
ScatterPIFNUFFT,9,16,0.09382676
ScatterPIFNUFFT,9,17,2.4127e-05
ScatterPIFNUFFT,9,18,0.093558416
ScatterPIFNUFFT,9,19,4.8254e-05
NativeNUFFT1,9,0,0.088944739
NativeNUFFT1,9,1,0.088942468
NativeNUFFT1,9,2,0.088991842
NativeNUFFT1,9,3,0.089072863
NativeNUFFT1,9,4,0.089091647
NativeNUFFT1,9,5,0.089076894
NativeNUFFT1,9,6,0.089182172
NativeNUFFT1,9,7,0.089048737
NativeNUFFT1,9,8,0.089406613
NativeNUFFT1,9,9,0.090080256
scatterTimerNUFFT1,9,0,0.020611181
scatterTimerNUFFT1,9,1,0.020689098
scatterTimerNUFFT1,9,2,0.020658123
scatterTimerNUFFT1,9,3,0.020713833
scatterTimerNUFFT1,9,4,0.020717386
scatterTimerNUFFT1,9,5,0.020706345
scatterTimerNUFFT1,9,6,0.020671851
scatterTimerNUFFT1,9,7,0.020677803
scatterTimerNUFFT1,9,8,0.020757704
scatterTimerNUFFT1,9,9,0.021531792
binSort,9,0,0.004227097
binSort,9,1,0.004286519
binSort,9,2,0.004279672
binSort,9,3,0.004294262
binSort,9,4,0.004218841
binSort,9,5,0.004285527
binSort,9,6,0.004306774
binSort,9,7,0.004280408
binSort,9,8,0.004208186
binSort,9,9,0.004245144
binSort,9,10,0.004275895
binSort,9,11,0.004301046
binSort,9,12,0.004261176
binSort,9,13,0.004293206
binSort,9,14,0.004286487
binSort,9,15,0.004312278
binSort,9,16,0.004240248
binSort,9,17,0.00425772
binSort,9,18,0.004214137
binSort,9,19,0.004254488
binSort,9,20,0.004278903
binSort,9,21,0.004295223
binSort,9,22,0.004279064
binSort,9,23,0.004278711
binSort,9,24,0.004277751
binSort,9,25,0.004313462
binSort,9,26,0.004290966
binSort,9,27,0.004246808
binSort,9,28,0.004223578
binSort,9,29,0.004282775
binSort,9,30,0.004297846
binSort,9,31,0.004263768
binSort,9,32,0.004251096
binSort,9,33,0.004232376
binSort,9,34,0.004289911
binSort,9,35,0.004274455
binSort,9,36,0.0042598
binSort,9,37,0.004309782
binSort,9,38,0.004289591
binSort,9,39,0.004252377
binComputeKeys,9,0,0.000413235
binComputeKeys,9,1,0.000421971
binComputeKeys,9,2,0.000411699
binComputeKeys,9,3,0.000431186
binComputeKeys,9,4,0.000404083
binComputeKeys,9,5,0.000402163
binComputeKeys,9,6,0.000432114
binComputeKeys,9,7,0.000426867
binComputeKeys,9,8,0.000399827
binComputeKeys,9,9,0.00043205
binComputeKeys,9,10,0.000419346
binComputeKeys,9,11,0.000430226
binComputeKeys,9,12,0.000406739
binComputeKeys,9,13,0.000434802
binComputeKeys,9,14,0.000419378
binComputeKeys,9,15,0.000447441
binComputeKeys,9,16,0.000425235
binComputeKeys,9,17,0.000414002
binComputeKeys,9,18,0.00042773
binComputeKeys,9,19,0.000444242
binComputeKeys,9,20,0.000419507
binComputeKeys,9,21,0.00042709
binComputeKeys,9,22,0.000405652
binComputeKeys,9,23,0.000427442
binComputeKeys,9,24,0.000408403
binComputeKeys,9,25,0.000438322
binComputeKeys,9,26,0.000438514
binComputeKeys,9,27,0.000427922
binComputeKeys,9,28,0.000396308
binComputeKeys,9,29,0.000403347
binComputeKeys,9,30,0.00042677
binComputeKeys,9,31,0.000415954
binComputeKeys,9,32,0.000410771
binComputeKeys,9,33,0.00041653
binComputeKeys,9,34,0.000417234
binComputeKeys,9,35,0.000422578
binComputeKeys,9,36,0.000398579
binComputeKeys,9,37,0.000424978
binComputeKeys,9,38,0.000419411
binComputeKeys,9,39,0.000403828
binSortByKey,9,0,0.003617196
binSortByKey,9,1,0.003657899
binSortByKey,9,2,0.003658027
binSortByKey,9,3,0.003655339
binSortByKey,9,4,0.003612109
binSortByKey,9,5,0.003675723
binSortByKey,9,6,0.003668875
binSortByKey,9,7,0.003649387
binSortByKey,9,8,0.003608781
binSortByKey,9,9,0.003616556
binSortByKey,9,10,0.003652172
binSortByKey,9,11,0.003662347
binSortByKey,9,12,0.003648843
binSortByKey,9,13,0.003652651
binSortByKey,9,14,0.003657036
binSortByKey,9,15,0.003657099
binSortByKey,9,16,0.003609644
binSortByKey,9,17,0.003638956
binSortByKey,9,18,0.003591117
binSortByKey,9,19,0.003612044
binSortByKey,9,20,0.003655147
binSortByKey,9,21,0.003662091
binSortByKey,9,22,0.003665291
binSortByKey,9,23,0.003646027
binSortByKey,9,24,0.003649131
binSortByKey,9,25,0.003670602
binSortByKey,9,26,0.003650411
binSortByKey,9,27,0.003617805
binSortByKey,9,28,0.003624396
binSortByKey,9,29,0.003671787
binSortByKey,9,30,0.003666506
binSortByKey,9,31,0.003641452
binSortByKey,9,32,0.003637836
binSortByKey,9,33,0.003619084
binSortByKey,9,34,0.003667307
binSortByKey,9,35,0.003647084
binSortByKey,9,36,0.003641708
binSortByKey,9,37,0.00367825
binSortByKey,9,38,0.003662283
binSortByKey,9,39,0.00362942
binComputeOffsets,9,0,0.000194842
binComputeOffsets,9,1,0.00020441
binComputeOffsets,9,2,0.000208186
binComputeOffsets,9,3,0.000204985
binComputeOffsets,9,4,0.000200025
binComputeOffsets,9,5,0.000204954
binComputeOffsets,9,6,0.000203385
binComputeOffsets,9,7,0.000202234
binComputeOffsets,9,8,0.000198682
binComputeOffsets,9,9,0.000195386
binComputeOffsets,9,10,0.000200954
binComputeOffsets,9,11,0.000207001
binComputeOffsets,9,12,0.00020137
binComputeOffsets,9,13,0.000203449
binComputeOffsets,9,14,0.000207673
binComputeOffsets,9,15,0.000203738
binComputeOffsets,9,16,0.000202041
binComputeOffsets,9,17,0.000201306
binComputeOffsets,9,18,0.000194522
binComputeOffsets,9,19,0.000197306
binComputeOffsets,9,20,0.00020105
binComputeOffsets,9,21,0.000203546
binComputeOffsets,9,22,0.00020409
binComputeOffsets,9,23,0.000202394
binComputeOffsets,9,24,0.000219097
binComputeOffsets,9,25,0.000201146
binComputeOffsets,9,26,0.000200793
binComputeOffsets,9,27,0.000199577
binComputeOffsets,9,28,0.000201242
binComputeOffsets,9,29,0.000206137
binComputeOffsets,9,30,0.00020041
binComputeOffsets,9,31,0.000202874
binComputeOffsets,9,32,0.000198137
binComputeOffsets,9,33,0.00019465
binComputeOffsets,9,34,0.000202042
binComputeOffsets,9,35,0.000202265
binComputeOffsets,9,36,0.000217433
binComputeOffsets,9,37,0.000203994
binComputeOffsets,9,38,0.000206234
binComputeOffsets,9,39,0.000216985
FFTNUFFT1,9,0,0.067281464
FFTNUFFT1,9,1,0.067268473
FFTNUFFT1,9,2,0.067341751
FFTNUFFT1,9,3,0.067257145
FFTNUFFT1,9,4,0.067297975
FFTNUFFT1,9,5,0.06767326
FFTNUFFT1,9,6,0.067336086
FFTNUFFT1,9,7,0.067149277
FFTNUFFT1,9,8,0.067954275
FFTNUFFT1,9,9,0.067347126
deconvolutionNUFFT1,9,0,0.001049022
deconvolutionNUFFT1,9,1,0.000982305
deconvolutionNUFFT1,9,2,0.000987808
deconvolutionNUFFT1,9,3,0.001097181
deconvolutionNUFFT1,9,4,0.001071614
deconvolutionNUFFT1,9,5,0.000693098
deconvolutionNUFFT1,9,6,0.001172571
deconvolutionNUFFT1,9,7,0.001218522
deconvolutionNUFFT1,9,8,0.000690154
deconvolutionNUFFT1,9,9,0.001198106
GatherPIFNUFFT,9,0,0.256913544
GatherPIFNUFFT,9,1,0.255077219
GatherPIFNUFFT,9,2,0.255136256
GatherPIFNUFFT,9,3,0.25555573
GatherPIFNUFFT,9,4,0.254558707
GatherPIFNUFFT,9,5,0.255025636
GatherPIFNUFFT,9,6,0.255609009
GatherPIFNUFFT,9,7,0.252297051
GatherPIFNUFFT,9,8,0.255464406
GatherPIFNUFFT,9,9,0.256232125
NativeNUFFT2,9,0,0.084860422
NativeNUFFT2,9,1,0.084354807
NativeNUFFT2,9,2,0.084201883
NativeNUFFT2,9,3,0.082922756
NativeNUFFT2,9,4,0.083617838
NativeNUFFT2,9,5,0.084294649
NativeNUFFT2,9,6,0.084043872
NativeNUFFT2,9,7,0.084263449
NativeNUFFT2,9,8,0.083831687
NativeNUFFT2,9,9,0.082715819
NativeNUFFT2,9,10,0.083872741
NativeNUFFT2,9,11,0.084421973
NativeNUFFT2,9,12,0.082573871
NativeNUFFT2,9,13,0.083916196
NativeNUFFT2,9,14,0.083979298
NativeNUFFT2,9,15,0.082729578
NativeNUFFT2,9,16,0.084230042
NativeNUFFT2,9,17,0.083613518
NativeNUFFT2,9,18,0.083290936
NativeNUFFT2,9,19,0.083848486
NativeNUFFT2,9,20,0.084525937
NativeNUFFT2,9,21,0.082989601
NativeNUFFT2,9,22,0.083628046
NativeNUFFT2,9,23,0.084056128
NativeNUFFT2,9,24,0.084818822
NativeNUFFT2,9,25,0.084267289
NativeNUFFT2,9,26,0.083884742
NativeNUFFT2,9,27,0.083699435
NativeNUFFT2,9,28,0.083532273
NativeNUFFT2,9,29,0.084525809
PrecorrectionNUFFT2,9,0,0.001585965
PrecorrectionNUFFT2,9,1,0.002581774
PrecorrectionNUFFT2,9,2,0.00256891
PrecorrectionNUFFT2,9,3,0.001607084
PrecorrectionNUFFT2,9,4,0.002567758
PrecorrectionNUFFT2,9,5,0.002585902
PrecorrectionNUFFT2,9,6,0.001612076
PrecorrectionNUFFT2,9,7,0.002577326
PrecorrectionNUFFT2,9,8,0.002575406
PrecorrectionNUFFT2,9,9,0.001609389
PrecorrectionNUFFT2,9,10,0.002581518
PrecorrectionNUFFT2,9,11,0.002593069
PrecorrectionNUFFT2,9,12,0.001583245
PrecorrectionNUFFT2,9,13,0.002567342
PrecorrectionNUFFT2,9,14,0.002570285
PrecorrectionNUFFT2,9,15,0.001626508
PrecorrectionNUFFT2,9,16,0.002579693
PrecorrectionNUFFT2,9,17,0.002587085
PrecorrectionNUFFT2,9,18,0.001614093
PrecorrectionNUFFT2,9,19,0.002572749
PrecorrectionNUFFT2,9,20,0.002576302
PrecorrectionNUFFT2,9,21,0.001596173
PrecorrectionNUFFT2,9,22,0.002591213
PrecorrectionNUFFT2,9,23,0.002587662
PrecorrectionNUFFT2,9,24,0.001629228
PrecorrectionNUFFT2,9,25,0.002581934
PrecorrectionNUFFT2,9,26,0.002569326
PrecorrectionNUFFT2,9,27,0.00162766
PrecorrectionNUFFT2,9,28,0.002567406
PrecorrectionNUFFT2,9,29,0.002586093
FFTNUFFT2,9,0,0.06924777
FFTNUFFT2,9,1,0.067504945
FFTNUFFT2,9,2,0.067296119
FFTNUFFT2,9,3,0.06722873
FFTNUFFT2,9,4,0.067210074
FFTNUFFT2,9,5,0.068097406
FFTNUFFT2,9,6,0.068138653
FFTNUFFT2,9,7,0.067299256
FFTNUFFT2,9,8,0.067131869
FFTNUFFT2,9,9,0.067158204
FFTNUFFT2,9,10,0.067346486
FFTNUFFT2,9,11,0.067564816
FFTNUFFT2,9,12,0.066904932
FFTNUFFT2,9,13,0.067547247
FFTNUFFT2,9,14,0.067853094
FFTNUFFT2,9,15,0.067315895
FFTNUFFT2,9,16,0.067965635
FFTNUFFT2,9,17,0.0671639
FFTNUFFT2,9,18,0.067828135
FFTNUFFT2,9,19,0.067265017
FFTNUFFT2,9,20,0.067910564
FFTNUFFT2,9,21,0.066920899
FFTNUFFT2,9,22,0.067056832
FFTNUFFT2,9,23,0.067951107
FFTNUFFT2,9,24,0.068891141
FFTNUFFT2,9,25,0.067769769
FFTNUFFT2,9,26,0.067236026
FFTNUFFT2,9,27,0.067879461
FFTNUFFT2,9,28,0.067276376
FFTNUFFT2,9,29,0.067700459
GatherNUFFT2,9,0,0.007415762
GatherNUFFT2,9,1,0.007608941
GatherNUFFT2,9,2,0.007567566
GatherNUFFT2,9,3,0.007554351
GatherNUFFT2,9,4,0.007417011
GatherNUFFT2,9,5,0.007456561
GatherNUFFT2,9,6,0.0075268
GatherNUFFT2,9,7,0.007901124
GatherNUFFT2,9,8,0.007522319
GatherNUFFT2,9,9,0.007409171
GatherNUFFT2,9,10,0.007416499
GatherNUFFT2,9,11,0.007648299
GatherNUFFT2,9,12,0.007407219
GatherNUFFT2,9,13,0.007358517
GatherNUFFT2,9,14,0.007402548
GatherNUFFT2,9,15,0.007410804
GatherNUFFT2,9,16,0.007499664
GatherNUFFT2,9,17,0.007357525
GatherNUFFT2,9,18,0.007542863
GatherNUFFT2,9,19,0.007410547
GatherNUFFT2,9,20,0.007555279
GatherNUFFT2,9,21,0.007949474
GatherNUFFT2,9,22,0.0073493
GatherNUFFT2,9,23,0.007343957
GatherNUFFT2,9,24,0.007545326
GatherNUFFT2,9,25,0.00777188
GatherNUFFT2,9,26,0.007471314
GatherNUFFT2,9,27,0.008026719
GatherNUFFT2,9,28,0.007408692
GatherNUFFT2,9,29,0.007764264
mainTimer,10,0,3.699392919
dumpData,10,0,0.008987712
dumpData,10,1,0.007999744
dumpData,10,2,0.007583629
dumpData,10,3,0.00820457
dumpData,10,4,0.006319766
dumpData,10,5,0.007356597
dumpData,10,6,0.007509008
dumpData,10,7,0.007541679
dumpData,10,8,0.007346645
dumpData,10,9,0.007408498
kick,10,0,4.2175e-05
kick,10,1,1.536e-05
kick,10,2,5.0815e-05
kick,10,3,1.1455e-05
kick,10,4,3.6575e-05
kick,10,5,1.68e-05
kick,10,6,4.1023e-05
kick,10,7,9.28e-06
kick,10,8,4.3838e-05
kick,10,9,1.0719e-05
kick,10,10,4.5311e-05
kick,10,11,9.92e-06
kick,10,12,4.899e-05
kick,10,13,1.568e-05
kick,10,14,4.3582e-05
kick,10,15,1.488e-05
kick,10,16,4.6974e-05
kick,10,17,1.3375e-05
kick,10,18,4.1311e-05
kick,10,19,1.0624e-05
drift,10,0,1.0015e-05
drift,10,1,6.719e-06
drift,10,2,9.823e-06
drift,10,3,8.703e-06
drift,10,4,8.512e-06
drift,10,5,9.375e-06
drift,10,6,8e-06
drift,10,7,7.552e-06
drift,10,8,1.2128e-05
drift,10,9,7.68e-06
particleBC,10,0,8.768e-06
particleBC,10,1,8.064e-06
particleBC,10,2,1.0016e-05
particleBC,10,3,8.576e-06
particleBC,10,4,1.2288e-05
particleBC,10,5,9.536e-06
particleBC,10,6,9.215e-06
particleBC,10,7,9.92e-06
particleBC,10,8,7.711e-06
particleBC,10,9,8.031e-06
updateParticle,10,0,0.007735177
updateParticle,10,1,0.007646348
updateParticle,10,2,0.007626924
updateParticle,10,3,0.007712362
updateParticle,10,4,0.00762718
updateParticle,10,5,0.007711082
updateParticle,10,6,0.007622349
updateParticle,10,7,0.007697993
updateParticle,10,8,0.007666698
updateParticle,10,9,0.007713162
locateParticles,10,0,0.003530063
locateParticles,10,1,0.003531087
locateParticles,10,2,0.003548462
locateParticles,10,3,0.003532751
locateParticles,10,4,0.003518415
locateParticles,10,5,0.003537615
locateParticles,10,6,0.003551631
locateParticles,10,7,0.003555758
locateParticles,10,8,0.003531855
locateParticles,10,9,0.003521744
sendPreprocess,10,0,0.000403155
sendPreprocess,10,1,0.000345589
sendPreprocess,10,2,0.000343861
sendPreprocess,10,3,0.000369364
sendPreprocess,10,4,0.000374004
sendPreprocess,10,5,0.000367988
sendPreprocess,10,6,0.000338933
sendPreprocess,10,7,0.000357044
sendPreprocess,10,8,0.00035794
sendPreprocess,10,9,0.000361844
particleSend,10,0,0.000606669
particleSend,10,1,0.000609133
particleSend,10,2,0.000583662
particleSend,10,3,0.000602541
particleSend,10,4,0.000600557
particleSend,10,5,0.000620108
particleSend,10,6,0.000608812
particleSend,10,7,0.000608237
particleSend,10,8,0.000601389
particleSend,10,9,0.000665035
particleRecv,10,0,3.2447e-05
particleRecv,10,1,2.9471e-05
particleRecv,10,2,2.9663e-05
particleRecv,10,3,2.4287e-05
particleRecv,10,4,2.3775e-05
particleRecv,10,5,2.4927e-05
particleRecv,10,6,2.4896e-05
particleRecv,10,7,3.0527e-05
particleRecv,10,8,3.3951e-05
particleRecv,10,9,2.5247e-05
particleDestroy,10,0,0.002373556
particleDestroy,10,1,0.002382803
particleDestroy,10,2,0.002355477
particleDestroy,10,3,0.002362101
particleDestroy,10,4,0.002354229
particleDestroy,10,5,0.002400148
particleDestroy,10,6,0.002372692
particleDestroy,10,7,0.002378451
particleDestroy,10,8,0.002384372
particleDestroy,10,9,0.002363189
ScatterPIFNUFFT,10,0,0.093994914
ScatterPIFNUFFT,10,1,4.4958e-05
ScatterPIFNUFFT,10,2,0.093509618
ScatterPIFNUFFT,10,3,4.0191e-05
ScatterPIFNUFFT,10,4,0.093520306
ScatterPIFNUFFT,10,5,4.3039e-05
ScatterPIFNUFFT,10,6,0.093655788
ScatterPIFNUFFT,10,7,3.1967e-05
ScatterPIFNUFFT,10,8,0.093983586
ScatterPIFNUFFT,10,9,3.2671e-05
ScatterPIFNUFFT,10,10,0.093670315
ScatterPIFNUFFT,10,11,3.8783e-05
ScatterPIFNUFFT,10,12,0.093843238
ScatterPIFNUFFT,10,13,4.2142e-05
ScatterPIFNUFFT,10,14,0.093465747
ScatterPIFNUFFT,10,15,4.1503e-05
ScatterPIFNUFFT,10,16,0.09380116
ScatterPIFNUFFT,10,17,3.5294e-05
ScatterPIFNUFFT,10,18,0.093621743
ScatterPIFNUFFT,10,19,3.5262e-05
NativeNUFFT1,10,0,0.089563376
NativeNUFFT1,10,1,0.088988962
NativeNUFFT1,10,2,0.089031969
NativeNUFFT1,10,3,0.089114813
NativeNUFFT1,10,4,0.089468658
NativeNUFFT1,10,5,0.089250041
NativeNUFFT1,10,6,0.09028636
NativeNUFFT1,10,7,0.088993794
NativeNUFFT1,10,8,0.089374198
NativeNUFFT1,10,9,0.089055968
scatterTimerNUFFT1,10,0,0.020438898
scatterTimerNUFFT1,10,1,0.020340725
scatterTimerNUFFT1,10,2,0.020378196
scatterTimerNUFFT1,10,3,0.020237624
scatterTimerNUFFT1,10,4,0.020453394
scatterTimerNUFFT1,10,5,0.020453681
scatterTimerNUFFT1,10,6,0.021542222
scatterTimerNUFFT1,10,7,0.020298551
scatterTimerNUFFT1,10,8,0.020470418
scatterTimerNUFFT1,10,9,0.020206682
binSort,10,0,0.004108541
binSort,10,1,0.00404803
binSort,10,2,0.004052159
binSort,10,3,0.004042943
binSort,10,4,0.004088861
binSort,10,5,0.004048703
binSort,10,6,0.004080382
binSort,10,7,0.004043134
binSort,10,8,0.004086013
binSort,10,9,0.004086878
binSort,10,10,0.004034399
binSort,10,11,0.004080061
binSort,10,12,0.004038207
binSort,10,13,0.004060254
binSort,10,14,0.004041759
binSort,10,15,0.004076574
binSort,10,16,0.004059101
binSort,10,17,0.00406947
binSort,10,18,0.004118876
binSort,10,19,0.004087965
binSort,10,20,0.004112252
binSort,10,21,0.00406787
binSort,10,22,0.004082589
binSort,10,23,0.004071422
binSort,10,24,0.00409478
binSort,10,25,0.00406851
binSort,10,26,0.004057982
binSort,10,27,0.004083966
binSort,10,28,0.00408787
binSort,10,29,0.004060062
binSort,10,30,0.004067229
binSort,10,31,0.004080446
binSort,10,32,0.004086142
binSort,10,33,0.004068125
binSort,10,34,0.004073661
binSort,10,35,0.004088925
binSort,10,36,0.004116669
binSort,10,37,0.00406419
binSort,10,38,0.004032575
binSort,10,39,0.004072702
binComputeKeys,10,0,0.00038434
binComputeKeys,10,1,0.000387507
binComputeKeys,10,2,0.000414131
binComputeKeys,10,3,0.000404435
binComputeKeys,10,4,0.000403411
binComputeKeys,10,5,0.000404499
binComputeKeys,10,6,0.000405619
binComputeKeys,10,7,0.000381171
binComputeKeys,10,8,0.000394035
binComputeKeys,10,9,0.0003917
binComputeKeys,10,10,0.000392628
binComputeKeys,10,11,0.000418066
binComputeKeys,10,12,0.000379092
binComputeKeys,10,13,0.000398035
binComputeKeys,10,14,0.000409971
binComputeKeys,10,15,0.000394163
binComputeKeys,10,16,0.000389203
binComputeKeys,10,17,0.000390036
binComputeKeys,10,18,0.000405812
binComputeKeys,10,19,0.000405299
binComputeKeys,10,20,0.000396468
binComputeKeys,10,21,0.000409555
binComputeKeys,10,22,0.000410259
binComputeKeys,10,23,0.00039666
binComputeKeys,10,24,0.000380979
binComputeKeys,10,25,0.000390228
binComputeKeys,10,26,0.000403859
binComputeKeys,10,27,0.000391956
binComputeKeys,10,28,0.000393588
binComputeKeys,10,29,0.000398931
binComputeKeys,10,30,0.000395155
binComputeKeys,10,31,0.000400947
binComputeKeys,10,32,0.000394356
binComputeKeys,10,33,0.000383635
binComputeKeys,10,34,0.000388019
binComputeKeys,10,35,0.000398707
binComputeKeys,10,36,0.000396212
binComputeKeys,10,37,0.000392243
binComputeKeys,10,38,0.000391028
binComputeKeys,10,39,0.000411859
binSortByKey,10,0,0.003513424
binSortByKey,10,1,0.003458418
binSortByKey,10,2,0.003445106
binSortByKey,10,3,0.00344165
binSortByKey,10,4,0.003482545
binSortByKey,10,5,0.003451826
binSortByKey,10,6,0.003472177
binSortByKey,10,7,0.003459858
binSortByKey,10,8,0.003488016
binSortByKey,10,9,0.003484081
binSortByKey,10,10,0.003438546
binSortByKey,10,11,0.003461169
binSortByKey,10,12,0.003460018
binSortByKey,10,13,0.003462898
binSortByKey,10,14,0.003436978
binSortByKey,10,15,0.003469713
binSortByKey,10,16,0.003465297
binSortByKey,10,17,0.003480337
binSortByKey,10,18,0.003503025
binSortByKey,10,19,0.003482929
binSortByKey,10,20,0.003506479
binSortByKey,10,21,0.00345781
binSortByKey,10,22,0.003480177
binSortByKey,10,23,0.003477808
binSortByKey,10,24,0.003497488
binSortByKey,10,25,0.003477456
binSortByKey,10,26,0.00345941
binSortByKey,10,27,0.003486864
binSortByKey,10,28,0.003486448
binSortByKey,10,29,0.003463697
binSortByKey,10,30,0.003475248
binSortByKey,10,31,0.003483089
binSortByKey,10,32,0.003487184
binSortByKey,10,33,0.003480977
binSortByKey,10,34,0.003484241
binSortByKey,10,35,0.003490129
binSortByKey,10,36,0.003503312
binSortByKey,10,37,0.003470417
binSortByKey,10,38,0.003442034
binSortByKey,10,39,0.003458001
binComputeOffsets,10,0,0.000204793
binComputeOffsets,10,1,0.000198874
binComputeOffsets,10,2,0.000190554
binComputeOffsets,10,3,0.000193754
binComputeOffsets,10,4,0.000199385
binComputeOffsets,10,5,0.000188922
binComputeOffsets,10,6,0.000199994
binComputeOffsets,10,7,0.000199705
binComputeOffsets,10,8,0.00020057
binComputeOffsets,10,9,0.000207994
binComputeOffsets,10,10,0.000197785
binComputeOffsets,10,11,0.000197306
binComputeOffsets,10,12,0.000194554
binComputeOffsets,10,13,0.000195257
binComputeOffsets,10,14,0.000192186
binComputeOffsets,10,15,0.000209882
binComputeOffsets,10,16,0.000197977
binComputeOffsets,10,17,0.000196025
binComputeOffsets,10,18,0.000204922
binComputeOffsets,10,19,0.000196537
binComputeOffsets,10,20,0.000207225
binComputeOffsets,10,21,0.000198714
binComputeOffsets,10,22,0.000190169
binComputeOffsets,10,23,0.000194426
binComputeOffsets,10,24,0.000211993
binComputeOffsets,10,25,0.000199354
binComputeOffsets,10,26,0.000192825
binComputeOffsets,10,27,0.00020153
binComputeOffsets,10,28,0.000204666
binComputeOffsets,10,29,0.000193882
binComputeOffsets,10,30,0.000194682
binComputeOffsets,10,31,0.000193626
binComputeOffsets,10,32,0.000197274
binComputeOffsets,10,33,0.000201401
binComputeOffsets,10,34,0.000198361
binComputeOffsets,10,35,0.000197753
binComputeOffsets,10,36,0.000214617
binComputeOffsets,10,37,0.000198394
binComputeOffsets,10,38,0.000195706
binComputeOffsets,10,39,0.000197786
FFTNUFFT1,10,0,0.068139485
FFTNUFFT1,10,1,0.067761225
FFTNUFFT1,10,2,0.067672684
FFTNUFFT1,10,3,0.06805632
FFTNUFFT1,10,4,0.068024289
FFTNUFFT1,10,5,0.067808072
FFTNUFFT1,10,6,0.068044896
FFTNUFFT1,10,7,0.067997729
FFTNUFFT1,10,8,0.067975746
FFTNUFFT1,10,9,0.068151068
deconvolutionNUFFT1,10,0,0.000981761
deconvolutionNUFFT1,10,1,0.0008849
deconvolutionNUFFT1,10,2,0.000977345
deconvolutionNUFFT1,10,3,0.000818117
deconvolutionNUFFT1,10,4,0.000985888
deconvolutionNUFFT1,10,5,0.000984512
deconvolutionNUFFT1,10,6,0.00069681
deconvolutionNUFFT1,10,7,0.00069329
deconvolutionNUFFT1,10,8,0.000922242
deconvolutionNUFFT1,10,9,0.000693546
GatherPIFNUFFT,10,0,0.253726062
GatherPIFNUFFT,10,1,0.255198655
GatherPIFNUFFT,10,2,0.255517299
GatherPIFNUFFT,10,3,0.254695726
GatherPIFNUFFT,10,4,0.255065315
GatherPIFNUFFT,10,5,0.254582962
GatherPIFNUFFT,10,6,0.255308602
GatherPIFNUFFT,10,7,0.255093154
GatherPIFNUFFT,10,8,0.255691695
GatherPIFNUFFT,10,9,0.255672847
NativeNUFFT2,10,0,0.082734602
NativeNUFFT2,10,1,0.084028225
NativeNUFFT2,10,2,0.083803112
NativeNUFFT2,10,3,0.083764137
NativeNUFFT2,10,4,0.083815432
NativeNUFFT2,10,5,0.083987586
NativeNUFFT2,10,6,0.084113566
NativeNUFFT2,10,7,0.083748234
NativeNUFFT2,10,8,0.084053119
NativeNUFFT2,10,9,0.082751561
NativeNUFFT2,10,10,0.084145116
NativeNUFFT2,10,11,0.083725099
NativeNUFFT2,10,12,0.082852262
NativeNUFFT2,10,13,0.083774121
NativeNUFFT2,10,14,0.084026145
NativeNUFFT2,10,15,0.082832647
NativeNUFFT2,10,16,0.083977954
NativeNUFFT2,10,17,0.083841894
NativeNUFFT2,10,18,0.083014657
NativeNUFFT2,10,19,0.083932675
NativeNUFFT2,10,20,0.083840199
NativeNUFFT2,10,21,0.082555439
NativeNUFFT2,10,22,0.084079935
NativeNUFFT2,10,23,0.083950403
NativeNUFFT2,10,24,0.083930499
NativeNUFFT2,10,25,0.084774985
NativeNUFFT2,10,26,0.084007042
NativeNUFFT2,10,27,0.083251897
NativeNUFFT2,10,28,0.084145022
NativeNUFFT2,10,29,0.084230394
PrecorrectionNUFFT2,10,0,0.001582413
PrecorrectionNUFFT2,10,1,0.002526416
PrecorrectionNUFFT2,10,2,0.002510896
PrecorrectionNUFFT2,10,3,0.00156555
PrecorrectionNUFFT2,10,4,0.002522512
PrecorrectionNUFFT2,10,5,0.002631404
PrecorrectionNUFFT2,10,6,0.001588173
PrecorrectionNUFFT2,10,7,0.0025132
PrecorrectionNUFFT2,10,8,0.002509583
PrecorrectionNUFFT2,10,9,0.001594733
PrecorrectionNUFFT2,10,10,0.002526127
PrecorrectionNUFFT2,10,11,0.002496848
PrecorrectionNUFFT2,10,12,0.001598669
PrecorrectionNUFFT2,10,13,0.002481969
PrecorrectionNUFFT2,10,14,0.002541583
PrecorrectionNUFFT2,10,15,0.001608429
PrecorrectionNUFFT2,10,16,0.002514351
PrecorrectionNUFFT2,10,17,0.002523951
PrecorrectionNUFFT2,10,18,0.001617708
PrecorrectionNUFFT2,10,19,0.002534607
PrecorrectionNUFFT2,10,20,0.002526447
PrecorrectionNUFFT2,10,21,0.001592813
PrecorrectionNUFFT2,10,22,0.002531887
PrecorrectionNUFFT2,10,23,0.002519695
PrecorrectionNUFFT2,10,24,0.001618092
PrecorrectionNUFFT2,10,25,0.002527727
PrecorrectionNUFFT2,10,26,0.002524752
PrecorrectionNUFFT2,10,27,0.001615596
PrecorrectionNUFFT2,10,28,0.002516208
PrecorrectionNUFFT2,10,29,0.00249176
FFTNUFFT2,10,0,0.06763659
FFTNUFFT2,10,1,0.068083391
FFTNUFFT2,10,2,0.067824423
FFTNUFFT2,10,3,0.068936035
FFTNUFFT2,10,4,0.067547184
FFTNUFFT2,10,5,0.06772465
FFTNUFFT2,10,6,0.067905188
FFTNUFFT2,10,7,0.067528369
FFTNUFFT2,10,8,0.068135869
FFTNUFFT2,10,9,0.067345558
FFTNUFFT2,10,10,0.068082942
FFTNUFFT2,10,11,0.067489235
FFTNUFFT2,10,12,0.067495185
FFTNUFFT2,10,13,0.067498769
FFTNUFFT2,10,14,0.067635533
FFTNUFFT2,10,15,0.067598958
FFTNUFFT2,10,16,0.068049664
FFTNUFFT2,10,17,0.067757449
FFTNUFFT2,10,18,0.067664876
FFTNUFFT2,10,19,0.068027584
FFTNUFFT2,10,20,0.067763208
FFTNUFFT2,10,21,0.067205787
FFTNUFFT2,10,22,0.067979779
FFTNUFFT2,10,23,0.067718826
FFTNUFFT2,10,24,0.068547439
FFTNUFFT2,10,25,0.068473266
FFTNUFFT2,10,26,0.068003872
FFTNUFFT2,10,27,0.067746985
FFTNUFFT2,10,28,0.068110173
FFTNUFFT2,10,29,0.0684261
GatherNUFFT2,10,0,0.00763406
GatherNUFFT2,10,1,0.007266871
GatherNUFFT2,10,2,0.007132348
GatherNUFFT2,10,3,0.00731887
GatherNUFFT2,10,4,0.007581614
GatherNUFFT2,10,5,0.007777575
GatherNUFFT2,10,6,0.008485169
GatherNUFFT2,10,7,0.007670763
GatherNUFFT2,10,8,0.007555022
GatherNUFFT2,10,9,0.007965569
GatherNUFFT2,10,10,0.007675434
GatherNUFFT2,10,11,0.007898595
GatherNUFFT2,10,12,0.007835237
GatherNUFFT2,10,13,0.007873828
GatherNUFFT2,10,14,0.007936834
GatherNUFFT2,10,15,0.007697802
GatherNUFFT2,10,16,0.007195354
GatherNUFFT2,10,17,0.007652619
GatherNUFFT2,10,18,0.007814663
GatherNUFFT2,10,19,0.007455665
GatherNUFFT2,10,20,0.00762446
GatherNUFFT2,10,21,0.007296983
GatherNUFFT2,10,22,0.007567309
GatherNUFFT2,10,23,0.007536975
GatherNUFFT2,10,24,0.007343573
GatherNUFFT2,10,25,0.007577262
GatherNUFFT2,10,26,0.007552879
GatherNUFFT2,10,27,0.007682698
GatherNUFFT2,10,28,0.007612332
GatherNUFFT2,10,29,0.007111133
mainTimer,11,0,3.699393079
dumpData,11,0,0.007877924
dumpData,11,1,0.006418546
dumpData,11,2,0.006482193
dumpData,11,3,0.006632588
dumpData,11,4,0.006796999
dumpData,11,5,0.006415251
dumpData,11,6,0.006848357
dumpData,11,7,0.006901476
dumpData,11,8,0.006335893
dumpData,11,9,0.006355988
kick,11,0,4.2143e-05
kick,11,1,1.5584e-05
kick,11,2,4.9023e-05
kick,11,3,1.5808e-05
kick,11,4,3.6287e-05
kick,11,5,1.5551e-05
kick,11,6,4.2783e-05
kick,11,7,1.072e-05
kick,11,8,4.5758e-05
kick,11,9,1.104e-05
kick,11,10,4.9375e-05
kick,11,11,1.3152e-05
kick,11,12,4.7615e-05
kick,11,13,1.4528e-05
kick,11,14,4.3326e-05
kick,11,15,1.1423e-05
kick,11,16,4.8574e-05
kick,11,17,1.1808e-05
kick,11,18,4.2975e-05
kick,11,19,1.3567e-05
drift,11,0,8.959e-06
drift,11,1,9.183e-06
drift,11,2,1.0431e-05
drift,11,3,9.247e-06
drift,11,4,8.256e-06
drift,11,5,9.887e-06
drift,11,6,9.152e-06
drift,11,7,6.944e-06
drift,11,8,1.2512e-05
drift,11,9,8.832e-06
particleBC,11,0,1.0656e-05
particleBC,11,1,9.248e-06
particleBC,11,2,9.92e-06
particleBC,11,3,1.1296e-05
particleBC,11,4,1.232e-05
particleBC,11,5,9.312e-06
particleBC,11,6,9.855e-06
particleBC,11,7,7.584e-06
particleBC,11,8,7.231e-06
particleBC,11,9,7.455e-06
updateParticle,11,0,0.007727145
updateParticle,11,1,0.007637004
updateParticle,11,2,0.007653323
updateParticle,11,3,0.007762344
updateParticle,11,4,0.007650347
updateParticle,11,5,0.007740713
updateParticle,11,6,0.007690987
updateParticle,11,7,0.007694569
updateParticle,11,8,0.007701129
updateParticle,11,9,0.007649036
locateParticles,11,0,0.003674571
locateParticles,11,1,0.003672939
locateParticles,11,2,0.003674826
locateParticles,11,3,0.003689834
locateParticles,11,4,0.003674026
locateParticles,11,5,0.003677354
locateParticles,11,6,0.003679243
locateParticles,11,7,0.003686058
locateParticles,11,8,0.003696266
locateParticles,11,9,0.003669419
sendPreprocess,11,0,0.000261208
sendPreprocess,11,1,0.000206553
sendPreprocess,11,2,0.000218809
sendPreprocess,11,3,0.000211961
sendPreprocess,11,4,0.000219801
sendPreprocess,11,5,0.000229209
sendPreprocess,11,6,0.000211865
sendPreprocess,11,7,0.000228793
sendPreprocess,11,8,0.000197465
sendPreprocess,11,9,0.000217497
particleSend,11,0,0.000650475
particleSend,11,1,0.00061486
particleSend,11,2,0.000599757
particleSend,11,3,0.000637996
particleSend,11,4,0.000598925
particleSend,11,5,0.000622668
particleSend,11,6,0.000610604
particleSend,11,7,0.000617356
particleSend,11,8,0.000600397
particleSend,11,9,0.000604941
particleRecv,11,0,2.2176e-05
particleRecv,11,1,2.448e-05
particleRecv,11,2,2.9919e-05
particleRecv,11,3,3.0527e-05
particleRecv,11,4,2.3903e-05
particleRecv,11,5,2.6111e-05
particleRecv,11,6,2.6496e-05
particleRecv,11,7,2.8351e-05
particleRecv,11,8,2.3903e-05
particleRecv,11,9,2.9599e-05
particleDestroy,11,0,0.002534351
particleDestroy,11,1,0.002525263
particleDestroy,11,2,0.002535343
particleDestroy,11,3,0.002526511
particleDestroy,11,4,0.002539183
particleDestroy,11,5,0.002550383
particleDestroy,11,6,0.002535407
particleDestroy,11,7,0.002541007
particleDestroy,11,8,0.002553646
particleDestroy,11,9,0.002536047
ScatterPIFNUFFT,11,0,0.094701804
ScatterPIFNUFFT,11,1,3.4495e-05
ScatterPIFNUFFT,11,2,0.094072992
ScatterPIFNUFFT,11,3,4.6334e-05
ScatterPIFNUFFT,11,4,0.093670764
ScatterPIFNUFFT,11,5,1.8175e-05
ScatterPIFNUFFT,11,6,0.093762537
ScatterPIFNUFFT,11,7,2.9439e-05
ScatterPIFNUFFT,11,8,0.093992098
ScatterPIFNUFFT,11,9,2.3104e-05
ScatterPIFNUFFT,11,10,0.09377908
ScatterPIFNUFFT,11,11,3.2735e-05
ScatterPIFNUFFT,11,12,0.094039808
ScatterPIFNUFFT,11,13,3.4718e-05
ScatterPIFNUFFT,11,14,0.093655085
ScatterPIFNUFFT,11,15,2.9055e-05
ScatterPIFNUFFT,11,16,0.094479346
ScatterPIFNUFFT,11,17,3.1999e-05
ScatterPIFNUFFT,11,18,0.093914629
ScatterPIFNUFFT,11,19,2.8479e-05
NativeNUFFT1,11,0,0.090234362
NativeNUFFT1,11,1,0.089510705
NativeNUFFT1,11,2,0.089186428
NativeNUFFT1,11,3,0.089252793
NativeNUFFT1,11,4,0.089498738
NativeNUFFT1,11,5,0.089375125
NativeNUFFT1,11,6,0.090576462
NativeNUFFT1,11,7,0.089173053
NativeNUFFT1,11,8,0.090059073
NativeNUFFT1,11,9,0.089371222
scatterTimerNUFFT1,11,0,0.020807111
scatterTimerNUFFT1,11,1,0.020846117
scatterTimerNUFFT1,11,2,0.020856293
scatterTimerNUFFT1,11,3,0.020639212
scatterTimerNUFFT1,11,4,0.020837254
scatterTimerNUFFT1,11,5,0.020716041
scatterTimerNUFFT1,11,6,0.021703721
scatterTimerNUFFT1,11,7,0.020722314
scatterTimerNUFFT1,11,8,0.020758665
scatterTimerNUFFT1,11,9,0.020761992
binSort,11,0,0.004294551
binSort,11,1,0.004255544
binSort,11,2,0.004252504
binSort,11,3,0.004266296
binSort,11,4,0.004218905
binSort,11,5,0.00427596
binSort,11,6,0.0042574
binSort,11,7,0.004231577
binSort,11,8,0.004254169
binSort,11,9,0.004296055
binSort,11,10,0.004258776
binSort,11,11,0.004266295
binSort,11,12,0.004203641
binSort,11,13,0.00424908
binSort,11,14,0.004255192
binSort,11,15,0.004251639
binSort,11,16,0.004271063
binSort,11,17,0.004280055
binSort,11,18,0.004273048
binSort,11,19,0.004289431
binSort,11,20,0.004237432
binSort,11,21,0.004271543
binSort,11,22,0.004269303
binSort,11,23,0.004246392
binSort,11,24,0.004291542
binSort,11,25,0.00425452
binSort,11,26,0.004246968
binSort,11,27,0.00430031
binSort,11,28,0.004238393
binSort,11,29,0.004284119
binSort,11,30,0.004245944
binSort,11,31,0.004239672
binSort,11,32,0.004227384
binSort,11,33,0.004306326
binSort,11,34,0.004257848
binSort,11,35,0.004250232
binSort,11,36,0.004339574
binSort,11,37,0.004241689
binSort,11,38,0.004253944
binSort,11,39,0.004267736
binComputeKeys,11,0,0.000413619
binComputeKeys,11,1,0.000425778
binComputeKeys,11,2,0.000428083
binComputeKeys,11,3,0.00044229
binComputeKeys,11,4,0.000404115
binComputeKeys,11,5,0.000446642
binComputeKeys,11,6,0.000428722
binComputeKeys,11,7,0.000414067
binComputeKeys,11,8,0.000403604
binComputeKeys,11,9,0.000427186
binComputeKeys,11,10,0.000439058
binComputeKeys,11,11,0.00043749
binComputeKeys,11,12,0.000404083
binComputeKeys,11,13,0.000431922
binComputeKeys,11,14,0.000429714
binComputeKeys,11,15,0.000444241
binComputeKeys,11,16,0.000413235
binComputeKeys,11,17,0.000452178
binComputeKeys,11,18,0.000420915
binComputeKeys,11,19,0.000428339
binComputeKeys,11,20,0.000413267
binComputeKeys,11,21,0.000448721
binComputeKeys,11,22,0.00043717
binComputeKeys,11,23,0.000438898
binComputeKeys,11,24,0.000401203
binComputeKeys,11,25,0.000426322
binComputeKeys,11,26,0.000441138
binComputeKeys,11,27,0.000440818
binComputeKeys,11,28,0.000410035
binComputeKeys,11,29,0.000453618
binComputeKeys,11,30,0.000430034
binComputeKeys,11,31,0.000436754
binComputeKeys,11,32,0.000398323
binComputeKeys,11,33,0.00043797
binComputeKeys,11,34,0.000435026
binComputeKeys,11,35,0.000432498
binComputeKeys,11,36,0.000423763
binComputeKeys,11,37,0.000431379
binComputeKeys,11,38,0.000432242
binComputeKeys,11,39,0.000439826
binSortByKey,11,0,0.003673962
binSortByKey,11,1,0.003632684
binSortByKey,11,2,0.003623885
binSortByKey,11,3,0.003626156
binSortByKey,11,4,0.003612237
binSortByKey,11,5,0.00363486
binSortByKey,11,6,0.00363166
binSortByKey,11,7,0.003621453
binSortByKey,11,8,0.003648044
binSortByKey,11,9,0.003662251
binSortByKey,11,10,0.003622349
binSortByKey,11,11,0.003632491
binSortByKey,11,12,0.003602317
binSortByKey,11,13,0.003620621
binSortByKey,11,14,0.003630476
binSortByKey,11,15,0.003611277
binSortByKey,11,16,0.003644363
binSortByKey,11,17,0.0036315
binSortByKey,11,18,0.003643755
binSortByKey,11,19,0.003653196
binSortByKey,11,20,0.003625707
binSortByKey,11,21,0.003626285
binSortByKey,11,22,0.003636556
binSortByKey,11,23,0.003613228
binSortByKey,11,24,0.00367249
binSortByKey,11,25,0.003633452
binSortByKey,11,26,0.003611436
binSortByKey,11,27,0.003654091
binSortByKey,11,28,0.003625196
binSortByKey,11,29,0.003635307
binSortByKey,11,30,0.003621164
binSortByKey,11,31,0.003608012
binSortByKey,11,32,0.003628812
binSortByKey,11,33,0.003665003
binSortByKey,11,34,0.00362654
binSortByKey,11,35,0.003621773
binSortByKey,11,36,0.003694026
binSortByKey,11,37,0.003617164
binSortByKey,11,38,0.003624141
binSortByKey,11,39,0.003628908
binComputeOffsets,11,0,0.000204666
binComputeOffsets,11,1,0.000194746
binComputeOffsets,11,2,0.000198329
binComputeOffsets,11,3,0.000196314
binComputeOffsets,11,4,0.000200793
binComputeOffsets,11,5,0.000192922
binComputeOffsets,11,6,0.000195546
binComputeOffsets,11,7,0.00019385
binComputeOffsets,11,8,0.000201146
binComputeOffsets,11,9,0.000204506
binComputeOffsets,11,10,0.000195513
binComputeOffsets,11,11,0.00019465
binComputeOffsets,11,12,0.000196185
binComputeOffsets,11,13,0.000194649
binComputeOffsets,11,14,0.00019353
binComputeOffsets,11,15,0.000194169
binComputeOffsets,11,16,0.000209881
binComputeOffsets,11,17,0.000194681
binComputeOffsets,11,18,0.000207162
binComputeOffsets,11,19,0.000205401
binComputeOffsets,11,20,0.000195546
binComputeOffsets,11,21,0.000195386
binComputeOffsets,11,22,0.000194234
binComputeOffsets,11,23,0.000192314
binComputeOffsets,11,24,0.000215033
binComputeOffsets,11,25,0.00019321
binComputeOffsets,11,26,0.00019353
binComputeOffsets,11,27,0.000202841
binComputeOffsets,11,28,0.000201018
binComputeOffsets,11,29,0.000193658
binComputeOffsets,11,30,0.000193402
binComputeOffsets,11,31,0.000194298
binComputeOffsets,11,32,0.000197177
binComputeOffsets,11,33,0.000201305
binComputeOffsets,11,34,0.000195706
binComputeOffsets,11,35,0.000193849
binComputeOffsets,11,36,0.000219065
binComputeOffsets,11,37,0.000191418
binComputeOffsets,11,38,0.000194041
binComputeOffsets,11,39,0.000196666
FFTNUFFT1,11,0,0.068450483
FFTNUFFT1,11,1,0.067388085
FFTNUFFT1,11,2,0.067335895
FFTNUFFT1,11,3,0.067599086
FFTNUFFT1,11,4,0.067799079
FFTNUFFT1,11,5,0.067667276
FFTNUFFT1,11,6,0.067809735
FFTNUFFT1,11,7,0.067604462
FFTNUFFT1,11,8,0.068319255
FFTNUFFT1,11,9,0.067618094
deconvolutionNUFFT1,11,0,0.000975392
deconvolutionNUFFT1,11,1,0.001273399
deconvolutionNUFFT1,11,2,0.000993056
deconvolutionNUFFT1,11,3,0.001010783
deconvolutionNUFFT1,11,4,0.000860357
deconvolutionNUFFT1,11,5,0.000990144
deconvolutionNUFFT1,11,6,0.00106019
deconvolutionNUFFT1,11,7,0.000844485
deconvolutionNUFFT1,11,8,0.000978625
deconvolutionNUFFT1,11,9,0.000989216
GatherPIFNUFFT,11,0,0.254459894
GatherPIFNUFFT,11,1,0.25356722
GatherPIFNUFFT,11,2,0.254874473
GatherPIFNUFFT,11,3,0.254669199
GatherPIFNUFFT,11,4,0.254030948
GatherPIFNUFFT,11,5,0.254290363
GatherPIFNUFFT,11,6,0.254686191
GatherPIFNUFFT,11,7,0.254705134
GatherPIFNUFFT,11,8,0.253207262
GatherPIFNUFFT,11,9,0.254250397
NativeNUFFT2,11,0,0.083591375
NativeNUFFT2,11,1,0.083823336
NativeNUFFT2,11,2,0.08444146
NativeNUFFT2,11,3,0.083467891
NativeNUFFT2,11,4,0.083844295
NativeNUFFT2,11,5,0.08359195
NativeNUFFT2,11,6,0.08330508
NativeNUFFT2,11,7,0.083709483
NativeNUFFT2,11,8,0.08421641
NativeNUFFT2,11,9,0.082939939
NativeNUFFT2,11,10,0.084803399
NativeNUFFT2,11,11,0.083383574
NativeNUFFT2,11,12,0.083256409
NativeNUFFT2,11,13,0.083213978
NativeNUFFT2,11,14,0.083985634
NativeNUFFT2,11,15,0.083017793
NativeNUFFT2,11,16,0.084714539
NativeNUFFT2,11,17,0.083122206
NativeNUFFT2,11,18,0.083215643
NativeNUFFT2,11,19,0.084124413
NativeNUFFT2,11,20,0.083867174
NativeNUFFT2,11,21,0.084109565
NativeNUFFT2,11,22,0.08374913
NativeNUFFT2,11,23,0.083912197
NativeNUFFT2,11,24,0.083132636
NativeNUFFT2,11,25,0.084034272
NativeNUFFT2,11,26,0.084414229
NativeNUFFT2,11,27,0.083224219
NativeNUFFT2,11,28,0.084887462
NativeNUFFT2,11,29,0.084352822
PrecorrectionNUFFT2,11,0,0.001596461
PrecorrectionNUFFT2,11,1,0.002569838
PrecorrectionNUFFT2,11,2,0.002587182
PrecorrectionNUFFT2,11,3,0.001643244
PrecorrectionNUFFT2,11,4,0.00257227
PrecorrectionNUFFT2,11,5,0.002592237
PrecorrectionNUFFT2,11,6,0.001597549
PrecorrectionNUFFT2,11,7,0.002580078
PrecorrectionNUFFT2,11,8,0.002601229
PrecorrectionNUFFT2,11,9,0.001605292
PrecorrectionNUFFT2,11,10,0.002588557
PrecorrectionNUFFT2,11,11,0.002562702
PrecorrectionNUFFT2,11,12,0.001620332
PrecorrectionNUFFT2,11,13,0.002565102
PrecorrectionNUFFT2,11,14,0.002611597
PrecorrectionNUFFT2,11,15,0.00162206
PrecorrectionNUFFT2,11,16,0.002583757
PrecorrectionNUFFT2,11,17,0.002575149
PrecorrectionNUFFT2,11,18,0.001608333
PrecorrectionNUFFT2,11,19,0.002610028
PrecorrectionNUFFT2,11,20,0.00257499
PrecorrectionNUFFT2,11,21,0.001614796
PrecorrectionNUFFT2,11,22,0.002578189
PrecorrectionNUFFT2,11,23,0.002579918
PrecorrectionNUFFT2,11,24,0.001586221
PrecorrectionNUFFT2,11,25,0.002578733
PrecorrectionNUFFT2,11,26,0.002596973
PrecorrectionNUFFT2,11,27,0.001596589
PrecorrectionNUFFT2,11,28,0.002597997
PrecorrectionNUFFT2,11,29,0.002563726
FFTNUFFT2,11,0,0.067542705
FFTNUFFT2,11,1,0.06733919
FFTNUFFT2,11,2,0.06732239
FFTNUFFT2,11,3,0.067765129
FFTNUFFT2,11,4,0.066928292
FFTNUFFT2,11,5,0.067151132
FFTNUFFT2,11,6,0.066979938
FFTNUFFT2,11,7,0.067251257
FFTNUFFT2,11,8,0.067762537
FFTNUFFT2,11,9,0.067773864
FFTNUFFT2,11,10,0.067983777
FFTNUFFT2,11,11,0.066851879
FFTNUFFT2,11,12,0.067545359
FFTNUFFT2,11,13,0.066989921
FFTNUFFT2,11,14,0.067566608
FFTNUFFT2,11,15,0.067514705
FFTNUFFT2,11,16,0.067885126
FFTNUFFT2,11,17,0.066829319
FFTNUFFT2,11,18,0.067825799
FFTNUFFT2,11,19,0.067665452
FFTNUFFT2,11,20,0.067361589
FFTNUFFT2,11,21,0.068401524
FFTNUFFT2,11,22,0.067425428
FFTNUFFT2,11,23,0.067930307
FFTNUFFT2,11,24,0.067096254
FFTNUFFT2,11,25,0.067825799
FFTNUFFT2,11,26,0.067664556
FFTNUFFT2,11,27,0.068042432
FFTNUFFT2,11,28,0.068077407
FFTNUFFT2,11,29,0.067590446
GatherNUFFT2,11,0,0.007737256
GatherNUFFT2,11,1,0.007422387
GatherNUFFT2,11,2,0.00774196
GatherNUFFT2,11,3,0.007530672
GatherNUFFT2,11,4,0.007563791
GatherNUFFT2,11,5,0.007367796
GatherNUFFT2,11,6,0.008024544
GatherNUFFT2,11,7,0.00736946
GatherNUFFT2,11,8,0.007411346
GatherNUFFT2,11,9,0.007329269
GatherNUFFT2,11,10,0.00774788
GatherNUFFT2,11,11,0.007666794
GatherNUFFT2,11,12,0.007681003
GatherNUFFT2,11,13,0.00732367
GatherNUFFT2,11,14,0.007521807
GatherNUFFT2,11,15,0.007419923
GatherNUFFT2,11,16,0.007730953
GatherNUFFT2,11,17,0.007320598
GatherNUFFT2,11,18,0.00727548
GatherNUFFT2,11,19,0.007354549
GatherNUFFT2,11,20,0.007532143
GatherNUFFT2,11,21,0.007287702
GatherNUFFT2,11,22,0.007327925
GatherNUFFT2,11,23,0.007216185
GatherNUFFT2,11,24,0.00766241
GatherNUFFT2,11,25,0.007337557
GatherNUFFT2,11,26,0.007542159
GatherNUFFT2,11,27,0.007390228
GatherNUFFT2,11,28,0.007744296
GatherNUFFT2,11,29,0.007717577
mainTimer,12,0,3.699389562
dumpData,12,0,0.008829178
dumpData,12,1,0.007756222
dumpData,12,2,0.008029845
dumpData,12,3,0.008093714
dumpData,12,4,0.008309643
dumpData,12,5,0.008062547
dumpData,12,6,0.008251437
dumpData,12,7,0.008298956
dumpData,12,8,0.007994485
dumpData,12,9,0.008003542
kick,12,0,2.9535e-05
kick,12,1,6.048e-06
kick,12,2,3.1775e-05
kick,12,3,8.288e-06
kick,12,4,2.8159e-05
kick,12,5,5.248e-06
kick,12,6,2.9791e-05
kick,12,7,7.392e-06
kick,12,8,3.2927e-05
kick,12,9,6.304e-06
kick,12,10,2.8863e-05
kick,12,11,7.488e-06
kick,12,12,3.7054e-05
kick,12,13,7.295e-06
kick,12,14,3.0047e-05
kick,12,15,8.383e-06
kick,12,16,3.1327e-05
kick,12,17,7.584e-06
kick,12,18,3.1711e-05
kick,12,19,6.047e-06
drift,12,0,5.888e-06
drift,12,1,6.592e-06
drift,12,2,5.28e-06
drift,12,3,5.983e-06
drift,12,4,6.144e-06
drift,12,5,5.343e-06
drift,12,6,4.96e-06
drift,12,7,5.504e-06
drift,12,8,6.911e-06
drift,12,9,5.184e-06
particleBC,12,0,1.1264e-05
particleBC,12,1,1.0336e-05
particleBC,12,2,9.888e-06
particleBC,12,3,9.792e-06
particleBC,12,4,1.0847e-05
particleBC,12,5,1.0912e-05
particleBC,12,6,1.088e-05
particleBC,12,7,1.2543e-05
particleBC,12,8,1.296e-05
particleBC,12,9,1.0303e-05
updateParticle,12,0,0.007759965
updateParticle,12,1,0.007730974
updateParticle,12,2,0.007740926
updateParticle,12,3,0.007771293
updateParticle,12,4,0.008045204
updateParticle,12,5,0.007791805
updateParticle,12,6,0.007681024
updateParticle,12,7,0.007729566
updateParticle,12,8,0.007733791
updateParticle,12,9,0.007679521
locateParticles,12,0,0.003537354
locateParticles,12,1,0.003582921
locateParticles,12,2,0.003575113
locateParticles,12,3,0.003538954
locateParticles,12,4,0.003539466
locateParticles,12,5,0.003541674
locateParticles,12,6,0.003558601
locateParticles,12,7,0.003539434
locateParticles,12,8,0.003553386
locateParticles,12,9,0.003550922
sendPreprocess,12,0,0.000409523
sendPreprocess,12,1,0.000312597
sendPreprocess,12,2,0.000332469
sendPreprocess,12,3,0.000371731
sendPreprocess,12,4,0.000364948
sendPreprocess,12,5,0.000382963
sendPreprocess,12,6,0.000339157
sendPreprocess,12,7,0.000383283
sendPreprocess,12,8,0.000347924
sendPreprocess,12,9,0.000339765
particleSend,12,0,0.000590988
particleSend,12,1,0.000592557
particleSend,12,2,0.000575277
particleSend,12,3,0.000638283
particleSend,12,4,0.000601164
particleSend,12,5,0.000644427
particleSend,12,6,0.000579148
particleSend,12,7,0.000591149
particleSend,12,8,0.000584205
particleSend,12,9,0.000577164
particleRecv,12,0,3.6191e-05
particleRecv,12,1,3.5039e-05
particleRecv,12,2,3.4974e-05
particleRecv,12,3,2.4127e-05
particleRecv,12,4,2.5023e-05
particleRecv,12,5,2.7359e-05
particleRecv,12,6,4.1407e-05
particleRecv,12,7,3.3279e-05
particleRecv,12,8,2.9791e-05
particleRecv,12,9,3.8111e-05
particleDestroy,12,0,0.002418031
particleDestroy,12,1,0.002402
particleDestroy,12,2,0.002434575
particleDestroy,12,3,0.002416464
particleDestroy,12,4,0.002396336
particleDestroy,12,5,0.00239816
particleDestroy,12,6,0.002418863
particleDestroy,12,7,0.002408016
particleDestroy,12,8,0.002408271
particleDestroy,12,9,0.002411664
ScatterPIFNUFFT,12,0,0.093534485
ScatterPIFNUFFT,12,1,4.1534e-05
ScatterPIFNUFFT,12,2,0.093455991
ScatterPIFNUFFT,12,3,3.0591e-05
ScatterPIFNUFFT,12,4,0.093438552
ScatterPIFNUFFT,12,5,3.6318e-05
ScatterPIFNUFFT,12,6,0.093393498
ScatterPIFNUFFT,12,7,3.4239e-05
ScatterPIFNUFFT,12,8,0.093209728
ScatterPIFNUFFT,12,9,2.6752e-05
ScatterPIFNUFFT,12,10,0.09346463
ScatterPIFNUFFT,12,11,2.0959e-05
ScatterPIFNUFFT,12,12,0.093768141
ScatterPIFNUFFT,12,13,3.2831e-05
ScatterPIFNUFFT,12,14,0.093412794
ScatterPIFNUFFT,12,15,2.4319e-05
ScatterPIFNUFFT,12,16,0.093537653
ScatterPIFNUFFT,12,17,3.0463e-05
ScatterPIFNUFFT,12,18,0.093414489
ScatterPIFNUFFT,12,19,2.3743e-05
NativeNUFFT1,12,0,0.090035242
NativeNUFFT1,12,1,0.088997708
NativeNUFFT1,12,2,0.088947278
NativeNUFFT1,12,3,0.088855313
NativeNUFFT1,12,4,0.088862864
NativeNUFFT1,12,5,0.088827793
NativeNUFFT1,12,6,0.090354559
NativeNUFFT1,12,7,0.088808786
NativeNUFFT1,12,8,0.090038089
NativeNUFFT1,12,9,0.088803922
scatterTimerNUFFT1,12,0,0.021285115
scatterTimerNUFFT1,12,1,0.020812363
scatterTimerNUFFT1,12,2,0.020736974
scatterTimerNUFFT1,12,3,0.020191167
scatterTimerNUFFT1,12,4,0.020256061
scatterTimerNUFFT1,12,5,0.020082243
scatterTimerNUFFT1,12,6,0.021466357
scatterTimerNUFFT1,12,7,0.020152641
scatterTimerNUFFT1,12,8,0.021297499
scatterTimerNUFFT1,12,9,0.020190847
binSort,12,0,0.004020474
binSort,12,1,0.004054362
binSort,12,2,0.004047418
binSort,12,3,0.004046009
binSort,12,4,0.004064248
binSort,12,5,0.004051961
binSort,12,6,0.004045849
binSort,12,7,0.00402889
binSort,12,8,0.004072632
binSort,12,9,0.004035193
binSort,12,10,0.004056633
binSort,12,11,0.004054073
binSort,12,12,0.004046777
binSort,12,13,0.004035577
binSort,12,14,0.004051033
binSort,12,15,0.004019578
binSort,12,16,0.004086424
binSort,12,17,0.004062937
binSort,12,18,0.004056729
binSort,12,19,0.004052281
binSort,12,20,0.004047641
binSort,12,21,0.004068344
binSort,12,22,0.004037017
binSort,12,23,0.004047897
binSort,12,24,0.004041817
binSort,12,25,0.004046169
binSort,12,26,0.004045785
binSort,12,27,0.004042713
binSort,12,28,0.004009627
binSort,12,29,0.004059353
binSort,12,30,0.00405113
binSort,12,31,0.004082712
binSort,12,32,0.004054713
binSort,12,33,0.004063801
binSort,12,34,0.004052056
binSort,12,35,0.004062873
binSort,12,36,0.00406684
binSort,12,37,0.004047225
binSort,12,38,0.004048985
binSort,12,39,0.004049753
binComputeKeys,12,0,0.000381459
binComputeKeys,12,1,0.000382676
binComputeKeys,12,2,0.000375572
binComputeKeys,12,3,0.000379571
binComputeKeys,12,4,0.000389491
binComputeKeys,12,5,0.000376787
binComputeKeys,12,6,0.000379827
binComputeKeys,12,7,0.000387123
binComputeKeys,12,8,0.000391379
binComputeKeys,12,9,0.000398611
binComputeKeys,12,10,0.000377204
binComputeKeys,12,11,0.000380723
binComputeKeys,12,12,0.000381619
binComputeKeys,12,13,0.000373651
binComputeKeys,12,14,0.000378292
binComputeKeys,12,15,0.000376755
binComputeKeys,12,16,0.000390355
binComputeKeys,12,17,0.000386195
binComputeKeys,12,18,0.000390291
binComputeKeys,12,19,0.000383187
binComputeKeys,12,20,0.000388147
binComputeKeys,12,21,0.000381971
binComputeKeys,12,22,0.000375156
binComputeKeys,12,23,0.000375892
binComputeKeys,12,24,0.000380115
binComputeKeys,12,25,0.000379827
binComputeKeys,12,26,0.000378548
binComputeKeys,12,27,0.000377939
binComputeKeys,12,28,0.00037394
binComputeKeys,12,29,0.000381651
binComputeKeys,12,30,0.000381108
binComputeKeys,12,31,0.000389171
binComputeKeys,12,32,0.000378419
binComputeKeys,12,33,0.000398803
binComputeKeys,12,34,0.000384307
binComputeKeys,12,35,0.000380787
binComputeKeys,12,36,0.000386547
binComputeKeys,12,37,0.000376532
binComputeKeys,12,38,0.000378068
binComputeKeys,12,39,0.000377651
binSortByKey,12,0,0.003440046
binSortByKey,12,1,0.003473228
binSortByKey,12,2,0.003460333
binSortByKey,12,3,0.003467372
binSortByKey,12,4,0.003476653
binSortByKey,12,5,0.003469005
binSortByKey,12,6,0.003464557
binSortByKey,12,7,0.003450413
binSortByKey,12,8,0.003480588
binSortByKey,12,9,0.003447757
binSortByKey,12,10,0.003478604
binSortByKey,12,11,0.003469165
binSortByKey,12,12,0.003471596
binSortByKey,12,13,0.003457197
binSortByKey,12,14,0.003471597
binSortByKey,12,15,0.003442925
binSortByKey,12,16,0.003496204
binSortByKey,12,17,0.003476813
binSortByKey,12,18,0.00347326
binSortByKey,12,19,0.003466029
binSortByKey,12,20,0.003453837
binSortByKey,12,21,0.003487884
binSortByKey,12,22,0.003458188
binSortByKey,12,23,0.003465324
binSortByKey,12,24,0.003454509
binSortByKey,12,25,0.00346894
binSortByKey,12,26,0.00346894
binSortByKey,12,27,0.003466125
binSortByKey,12,28,0.003441581
binSortByKey,12,29,0.003477388
binSortByKey,12,30,0.00346702
binSortByKey,12,31,0.003494444
binSortByKey,12,32,0.0034739
binSortByKey,12,33,0.00347246
binSortByKey,12,34,0.003465996
binSortByKey,12,35,0.003482828
binSortByKey,12,36,0.003476684
binSortByKey,12,37,0.003466604
binSortByKey,12,38,0.003474188
binSortByKey,12,39,0.003465101
binComputeOffsets,12,0,0.000196057
binComputeOffsets,12,1,0.00019465
binComputeOffsets,12,2,0.000204698
binComputeOffsets,12,3,0.00019593
binComputeOffsets,12,4,0.000191642
binComputeOffsets,12,5,0.000201658
binComputeOffsets,12,6,0.000196057
binComputeOffsets,12,7,0.000188122
binComputeOffsets,12,8,0.000192825
binComputeOffsets,12,9,0.000185529
binComputeOffsets,12,10,0.000196953
binComputeOffsets,12,11,0.000201081
binComputeOffsets,12,12,0.000189594
binComputeOffsets,12,13,0.000200377
binComputeOffsets,12,14,0.000196953
binComputeOffsets,12,15,0.00019545
binComputeOffsets,12,16,0.000193241
binComputeOffsets,12,17,0.000195034
binComputeOffsets,12,18,0.000190938
binComputeOffsets,12,19,0.000198393
binComputeOffsets,12,20,0.000200505
binComputeOffsets,12,21,0.00019481
binComputeOffsets,12,22,0.000199865
binComputeOffsets,12,23,0.000202905
binComputeOffsets,12,24,0.000202297
binComputeOffsets,12,25,0.000194234
binComputeOffsets,12,26,0.000193274
binComputeOffsets,12,27,0.000194042
binComputeOffsets,12,28,0.000190458
binComputeOffsets,12,29,0.000192474
binComputeOffsets,12,30,0.00019929
binComputeOffsets,12,31,0.000194937
binComputeOffsets,12,32,0.00019721
binComputeOffsets,12,33,0.000187418
binComputeOffsets,12,34,0.000197465
binComputeOffsets,12,35,0.000195098
binComputeOffsets,12,36,0.000199033
binComputeOffsets,12,37,0.000199161
binComputeOffsets,12,38,0.000192633
binComputeOffsets,12,39,0.000202393
FFTNUFFT1,12,0,0.068054438
FFTNUFFT1,12,1,0.067046055
FFTNUFFT1,12,2,0.067052294
FFTNUFFT1,12,3,0.067549623
FFTNUFFT1,12,4,0.067576821
FFTNUFFT1,12,5,0.06753903
FFTNUFFT1,12,6,0.067749392
FFTNUFFT1,12,7,0.067479864
FFTNUFFT1,12,8,0.067542102
FFTNUFFT1,12,9,0.067428379
deconvolutionNUFFT1,12,0,0.000689546
deconvolutionNUFFT1,12,1,0.001134522
deconvolutionNUFFT1,12,2,0.001153594
deconvolutionNUFFT1,12,3,0.001108379
deconvolutionNUFFT1,12,4,0.001021566
deconvolutionNUFFT1,12,5,0.001201272
deconvolutionNUFFT1,12,6,0.001131962
deconvolutionNUFFT1,12,7,0.001170905
deconvolutionNUFFT1,12,8,0.001190553
deconvolutionNUFFT1,12,9,0.001178168
GatherPIFNUFFT,12,0,0.256499585
GatherPIFNUFFT,12,1,0.256549536
GatherPIFNUFFT,12,2,0.256703355
GatherPIFNUFFT,12,3,0.256787895
GatherPIFNUFFT,12,4,0.256283113
GatherPIFNUFFT,12,5,0.256245931
GatherPIFNUFFT,12,6,0.256362919
GatherPIFNUFFT,12,7,0.256211019
GatherPIFNUFFT,12,8,0.256763993
GatherPIFNUFFT,12,9,0.257142924
NativeNUFFT2,12,0,0.083268011
NativeNUFFT2,12,1,0.084229803
NativeNUFFT2,12,2,0.083960308
NativeNUFFT2,12,3,0.082545571
NativeNUFFT2,12,4,0.08372326
NativeNUFFT2,12,5,0.084033105
NativeNUFFT2,12,6,0.086157323
NativeNUFFT2,12,7,0.083459428
NativeNUFFT2,12,8,0.083581441
NativeNUFFT2,12,9,0.083472547
NativeNUFFT2,12,10,0.083966132
NativeNUFFT2,12,11,0.084393605
NativeNUFFT2,12,12,0.083446725
NativeNUFFT2,12,13,0.083917974
NativeNUFFT2,12,14,0.0839653
NativeNUFFT2,12,15,0.083761306
NativeNUFFT2,12,16,0.08377385
NativeNUFFT2,12,17,0.083816888
NativeNUFFT2,12,18,0.083746971
NativeNUFFT2,12,19,0.083948884
NativeNUFFT2,12,20,0.083732636
NativeNUFFT2,12,21,0.083432997
NativeNUFFT2,12,22,0.083763194
NativeNUFFT2,12,23,0.084007027
NativeNUFFT2,12,24,0.083719163
NativeNUFFT2,12,25,0.084386246
NativeNUFFT2,12,26,0.083737755
NativeNUFFT2,12,27,0.085118893
NativeNUFFT2,12,28,0.083686269
NativeNUFFT2,12,29,0.08437623
PrecorrectionNUFFT2,12,0,0.001595915
PrecorrectionNUFFT2,12,1,0.002541259
PrecorrectionNUFFT2,12,2,0.002533003
PrecorrectionNUFFT2,12,3,0.001585643
PrecorrectionNUFFT2,12,4,0.002548075
PrecorrectionNUFFT2,12,5,0.002541547
PrecorrectionNUFFT2,12,6,0.001575659
PrecorrectionNUFFT2,12,7,0.002531723
PrecorrectionNUFFT2,12,8,0.002547212
PrecorrectionNUFFT2,12,9,0.001580299
PrecorrectionNUFFT2,12,10,0.002539276
PrecorrectionNUFFT2,12,11,0.002540044
PrecorrectionNUFFT2,12,12,0.00158174
PrecorrectionNUFFT2,12,13,0.002539532
PrecorrectionNUFFT2,12,14,0.002544267
PrecorrectionNUFFT2,12,15,0.001581227
PrecorrectionNUFFT2,12,16,0.002545164
PrecorrectionNUFFT2,12,17,0.002540779
PrecorrectionNUFFT2,12,18,0.001585772
PrecorrectionNUFFT2,12,19,0.002540619
PrecorrectionNUFFT2,12,20,0.002549387
PrecorrectionNUFFT2,12,21,0.001609162
PrecorrectionNUFFT2,12,22,0.002552203
PrecorrectionNUFFT2,12,23,0.00254622
PrecorrectionNUFFT2,12,24,0.001587819
PrecorrectionNUFFT2,12,25,0.002550571
PrecorrectionNUFFT2,12,26,0.002545227
PrecorrectionNUFFT2,12,27,0.001583467
PrecorrectionNUFFT2,12,28,0.002539371
PrecorrectionNUFFT2,12,29,0.002561738
FFTNUFFT2,12,0,0.067997255
FFTNUFFT2,12,1,0.067827437
FFTNUFFT2,12,2,0.067666099
FFTNUFFT2,12,3,0.066987432
FFTNUFFT2,12,4,0.067182402
FFTNUFFT2,12,5,0.067672882
FFTNUFFT2,12,6,0.071027907
FFTNUFFT2,12,7,0.067035239
FFTNUFFT2,12,8,0.067278783
FFTNUFFT2,12,9,0.067939401
FFTNUFFT2,12,10,0.067374269
FFTNUFFT2,12,11,0.067272832
FFTNUFFT2,12,12,0.067860748
FFTNUFFT2,12,13,0.067814606
FFTNUFFT2,12,14,0.067347869
FFTNUFFT2,12,15,0.068508087
FFTNUFFT2,12,16,0.067064775
FFTNUFFT2,12,17,0.067600212
FFTNUFFT2,12,18,0.067910475
FFTNUFFT2,12,19,0.067576854
FFTNUFFT2,12,20,0.0674071
FFTNUFFT2,12,21,0.067830061
FFTNUFFT2,12,22,0.067357949
FFTNUFFT2,12,23,0.067916651
FFTNUFFT2,12,24,0.068569684
FFTNUFFT2,12,25,0.06749788
FFTNUFFT2,12,26,0.067337437
FFTNUFFT2,12,27,0.069205183
FFTNUFFT2,12,28,0.067214465
FFTNUFFT2,12,29,0.068047397
GatherNUFFT2,12,0,0.007493414
GatherNUFFT2,12,1,0.007770237
GatherNUFFT2,12,2,0.007616002
GatherNUFFT2,12,3,0.007585891
GatherNUFFT2,12,4,0.007661826
GatherNUFFT2,12,5,0.007598756
GatherNUFFT2,12,6,0.0073347
GatherNUFFT2,12,7,0.007980822
GatherNUFFT2,12,8,0.007578724
GatherNUFFT2,12,9,0.008016437
GatherNUFFT2,12,10,0.007980118
GatherNUFFT2,12,11,0.008083986
GatherNUFFT2,12,12,0.007776541
GatherNUFFT2,12,13,0.007338284
GatherNUFFT2,12,14,0.008061844
GatherNUFFT2,12,15,0.00773875
GatherNUFFT2,12,16,0.007895641
GatherNUFFT2,12,17,0.007717632
GatherNUFFT2,12,18,0.007981334
GatherNUFFT2,12,19,0.007555268
GatherNUFFT2,12,20,0.007557252
GatherNUFFT2,12,21,0.007447144
GatherNUFFT2,12,22,0.007623394
GatherNUFFT2,12,23,0.007325291
GatherNUFFT2,12,24,0.007314125
GatherNUFFT2,12,25,0.008225998
GatherNUFFT2,12,26,0.007533446
GatherNUFFT2,12,27,0.008165487
GatherNUFFT2,12,28,0.007689151
GatherNUFFT2,12,29,0.007695744
mainTimer,13,0,3.699387994
dumpData,13,0,0.008180464
dumpData,13,1,0.007189297
dumpData,13,2,0.006865627
dumpData,13,3,0.007443848
dumpData,13,4,0.007146994
dumpData,13,5,0.006937337
dumpData,13,6,0.007143506
dumpData,13,7,0.007198768
dumpData,13,8,0.006810429
dumpData,13,9,0.006849852
kick,13,0,2.7647e-05
kick,13,1,8.16e-06
kick,13,2,3.3151e-05
kick,13,3,8e-06
kick,13,4,2.9823e-05
kick,13,5,8.288e-06
kick,13,6,2.9023e-05
kick,13,7,1.2064e-05
kick,13,8,3.3087e-05
kick,13,9,6.336e-06
kick,13,10,3.0431e-05
kick,13,11,8.288e-06
kick,13,12,3.5422e-05
kick,13,13,7.807e-06
kick,13,14,3.1583e-05
kick,13,15,8.256e-06
kick,13,16,3.1551e-05
kick,13,17,7.967e-06
kick,13,18,3.1391e-05
kick,13,19,8.288e-06
drift,13,0,6.24e-06
drift,13,1,7.072e-06
drift,13,2,6.208e-06
drift,13,3,6.943e-06
drift,13,4,4.992e-06
drift,13,5,5.375e-06
drift,13,6,5.376e-06
drift,13,7,6.592e-06
drift,13,8,7.295e-06
drift,13,9,8.096e-06
particleBC,13,0,1.1104e-05
particleBC,13,1,9.664e-06
particleBC,13,2,9.024e-06
particleBC,13,3,1.0304e-05
particleBC,13,4,1.1007e-05
particleBC,13,5,1.088e-05
particleBC,13,6,9.696e-06
particleBC,13,7,1.1007e-05
particleBC,13,8,1.1712e-05
particleBC,13,9,8.095e-06
updateParticle,13,0,0.007837786
updateParticle,13,1,0.007803612
updateParticle,13,2,0.007738302
updateParticle,13,3,0.00774067
updateParticle,13,4,0.00804898
updateParticle,13,5,0.007793565
updateParticle,13,6,0.007756669
updateParticle,13,7,0.007776381
updateParticle,13,8,0.007779453
updateParticle,13,9,0.007775454
locateParticles,13,0,0.00364999
locateParticles,13,1,0.003643559
locateParticles,13,2,0.00366711
locateParticles,13,3,0.003673541
locateParticles,13,4,0.003659814
locateParticles,13,5,0.003650823
locateParticles,13,6,0.00365447
locateParticles,13,7,0.003653574
locateParticles,13,8,0.003655558
locateParticles,13,9,0.003638311
sendPreprocess,13,0,0.000300822
sendPreprocess,13,1,0.000253431
sendPreprocess,13,2,0.000240952
sendPreprocess,13,3,0.000240184
sendPreprocess,13,4,0.0002486
sendPreprocess,13,5,0.000275094
sendPreprocess,13,6,0.000246647
sendPreprocess,13,7,0.000270455
sendPreprocess,13,8,0.000249112
sendPreprocess,13,9,0.000256696
particleSend,13,0,0.000647114
particleSend,13,1,0.000593836
particleSend,13,2,0.000580588
particleSend,13,3,0.000582637
particleSend,13,4,0.000582061
particleSend,13,5,0.000641803
particleSend,13,6,0.000625804
particleSend,13,7,0.000591244
particleSend,13,8,0.000631563
particleSend,13,9,0.000633611
particleRecv,13,0,2.3167e-05
particleRecv,13,1,3.1423e-05
particleRecv,13,2,3.0591e-05
particleRecv,13,3,3.5103e-05
particleRecv,13,4,3.0495e-05
particleRecv,13,5,2.6911e-05
particleRecv,13,6,2.1695e-05
particleRecv,13,7,3.1967e-05
particleRecv,13,8,2.4383e-05
particleRecv,13,9,2.4863e-05
particleDestroy,13,0,0.002462702
particleDestroy,13,1,0.002493165
particleDestroy,13,2,0.002502061
particleDestroy,13,3,0.002487405
particleDestroy,13,4,0.002487917
particleDestroy,13,5,0.002481901
particleDestroy,13,6,0.002482797
particleDestroy,13,7,0.002498285
particleDestroy,13,8,0.002483758
particleDestroy,13,9,0.002499885
ScatterPIFNUFFT,13,0,0.093886858
ScatterPIFNUFFT,13,1,3.3343e-05
ScatterPIFNUFFT,13,2,0.093896456
ScatterPIFNUFFT,13,3,2.9279e-05
ScatterPIFNUFFT,13,4,0.093870186
ScatterPIFNUFFT,13,5,3.4559e-05
ScatterPIFNUFFT,13,6,0.093877162
ScatterPIFNUFFT,13,7,3.6447e-05
ScatterPIFNUFFT,13,8,0.093672464
ScatterPIFNUFFT,13,9,2.48e-05
ScatterPIFNUFFT,13,10,0.093853993
ScatterPIFNUFFT,13,11,3.0271e-05
ScatterPIFNUFFT,13,12,0.093885865
ScatterPIFNUFFT,13,13,2.8543e-05
ScatterPIFNUFFT,13,14,0.09375643
ScatterPIFNUFFT,13,15,3.0623e-05
ScatterPIFNUFFT,13,16,0.093712175
ScatterPIFNUFFT,13,17,3.3151e-05
ScatterPIFNUFFT,13,18,0.09412621
ScatterPIFNUFFT,13,19,2.1215e-05
NativeNUFFT1,13,0,0.089336225
NativeNUFFT1,13,1,0.089449501
NativeNUFFT1,13,2,0.089392543
NativeNUFFT1,13,3,0.089356513
NativeNUFFT1,13,4,0.089294338
NativeNUFFT1,13,5,0.09024813
NativeNUFFT1,13,6,0.089347776
NativeNUFFT1,13,7,0.089359264
NativeNUFFT1,13,8,0.090233858
NativeNUFFT1,13,9,0.089595736
scatterTimerNUFFT1,13,0,0.020882249
scatterTimerNUFFT1,13,1,0.02054562
scatterTimerNUFFT1,13,2,0.020585458
scatterTimerNUFFT1,13,3,0.020568019
scatterTimerNUFFT1,13,4,0.020722862
scatterTimerNUFFT1,13,5,0.021391704
scatterTimerNUFFT1,13,6,0.020769068
scatterTimerNUFFT1,13,7,0.020751949
scatterTimerNUFFT1,13,8,0.021519571
scatterTimerNUFFT1,13,9,0.020673743
binSort,13,0,0.00432904
binSort,13,1,0.004269938
binSort,13,2,0.004277778
binSort,13,3,0.00427573
binSort,13,4,0.004205972
binSort,13,5,0.004276753
binSort,13,6,0.00425349
binSort,13,7,0.004243251
binSort,13,8,0.004233171
binSort,13,9,0.004231123
binSort,13,10,0.004240819
binSort,13,11,0.004246611
binSort,13,12,0.004229235
binSort,13,13,0.004261938
binSort,13,14,0.004275666
binSort,13,15,0.00424901
binSort,13,16,0.004259538
binSort,13,17,0.004285521
binSort,13,18,0.004217844
binSort,13,19,0.004237971
binSort,13,20,0.004242451
binSort,13,21,0.004262802
binSort,13,22,0.004272273
binSort,13,23,0.004263474
binSort,13,24,0.004290865
binSort,13,25,0.004245234
binSort,13,26,0.004255794
binSort,13,27,0.004269393
binSort,13,28,0.00427477
binSort,13,29,0.004251059
binSort,13,30,0.00424389
binSort,13,31,0.004233011
binSort,13,32,0.004232626
binSort,13,33,0.004243795
binSort,13,34,0.004262129
binSort,13,35,0.004245107
binSort,13,36,0.004259443
binSort,13,37,0.004227571
binSort,13,38,0.004229363
binSort,13,39,0.004258482
binComputeKeys,13,0,0.000413554
binComputeKeys,13,1,0.000414898
binComputeKeys,13,2,0.000409555
binComputeKeys,13,3,0.00042213
binComputeKeys,13,4,0.000394675
binComputeKeys,13,5,0.00041653
binComputeKeys,13,6,0.000408114
binComputeKeys,13,7,0.000406803
binComputeKeys,13,8,0.000402451
binComputeKeys,13,9,0.000418578
binComputeKeys,13,10,0.000404883
binComputeKeys,13,11,0.00040789
binComputeKeys,13,12,0.000407186
binComputeKeys,13,13,0.00040901
binComputeKeys,13,14,0.000415603
binComputeKeys,13,15,0.000412402
binComputeKeys,13,16,0.000407474
binComputeKeys,13,17,0.000412882
binComputeKeys,13,18,0.000418898
binComputeKeys,13,19,0.000406259
binComputeKeys,13,20,0.000395027
binComputeKeys,13,21,0.000426578
binComputeKeys,13,22,0.000414546
binComputeKeys,13,23,0.000406643
binComputeKeys,13,24,0.000409906
binComputeKeys,13,25,0.000406642
binComputeKeys,13,26,0.000408754
binComputeKeys,13,27,0.000426161
binComputeKeys,13,28,0.000409074
binComputeKeys,13,29,0.000410899
binComputeKeys,13,30,0.000410962
binComputeKeys,13,31,0.00040853
binComputeKeys,13,32,0.00039509
binComputeKeys,13,33,0.000408211
binComputeKeys,13,34,0.000414226
binComputeKeys,13,35,0.000413107
binComputeKeys,13,36,0.000404691
binComputeKeys,13,37,0.000402994
binComputeKeys,13,38,0.000423346
binComputeKeys,13,39,0.000411698
binSortByKey,13,0,0.003693509
binSortByKey,13,1,0.003655174
binSortByKey,13,2,0.003664902
binSortByKey,13,3,0.003650022
binSortByKey,13,4,0.003613799
binSortByKey,13,5,0.003659046
binSortByKey,13,6,0.003642343
binSortByKey,13,7,0.003633927
binSortByKey,13,8,0.003634311
binSortByKey,13,9,0.003619112
binSortByKey,13,10,0.003632871
binSortByKey,13,11,0.003639559
binSortByKey,13,12,0.003624744
binSortByKey,13,13,0.003645927
binSortByKey,13,14,0.003656103
binSortByKey,13,15,0.003635687
binSortByKey,13,16,0.003653255
binSortByKey,13,17,0.003660422
binSortByKey,13,18,0.003603976
binSortByKey,13,19,0.003629031
binSortByKey,13,20,0.003642214
binSortByKey,13,21,0.003636871
binSortByKey,13,22,0.00365303
binSortByKey,13,23,0.00365431
binSortByKey,13,24,0.003667526
binSortByKey,13,25,0.003636999
binSortByKey,13,26,0.003645767
binSortByKey,13,27,0.003640199
binSortByKey,13,28,0.003670054
binSortByKey,13,29,0.00364119
binSortByKey,13,30,0.003631495
binSortByKey,13,31,0.003625511
binSortByKey,13,32,0.003628007
binSortByKey,13,33,0.003640167
binSortByKey,13,34,0.003641222
binSortByKey,13,35,0.003633191
binSortByKey,13,36,0.003645319
binSortByKey,13,37,0.003626087
binSortByKey,13,38,0.003610568
binSortByKey,13,39,0.003644743
binComputeOffsets,13,0,0.000218681
binComputeOffsets,13,1,0.000195834
binComputeOffsets,13,2,0.000200441
binComputeOffsets,13,3,0.00020137
binComputeOffsets,13,4,0.000195066
binComputeOffsets,13,5,0.000198297
binComputeOffsets,13,6,0.000199929
binComputeOffsets,13,7,0.000200025
binComputeOffsets,13,8,0.000194042
binComputeOffsets,13,9,0.000190809
binComputeOffsets,13,10,0.000200249
binComputeOffsets,13,11,0.000196634
binComputeOffsets,13,12,0.000193657
binComputeOffsets,13,13,0.000203545
binComputeOffsets,13,14,0.000199481
binComputeOffsets,13,15,0.000197785
binComputeOffsets,13,16,0.000196377
binComputeOffsets,13,17,0.000209657
binComputeOffsets,13,18,0.000191962
binComputeOffsets,13,19,0.000199865
binComputeOffsets,13,20,0.00020329
binComputeOffsets,13,21,0.000197113
binComputeOffsets,13,22,0.000201849
binComputeOffsets,13,23,0.000200441
binComputeOffsets,13,24,0.000208505
binComputeOffsets,13,25,0.000198521
binComputeOffsets,13,26,0.000197849
binComputeOffsets,13,27,0.000199385
binComputeOffsets,13,28,0.000193178
binComputeOffsets,13,29,0.000197146
binComputeOffsets,13,30,0.000199161
binComputeOffsets,13,31,0.00019545
binComputeOffsets,13,32,0.000206009
binComputeOffsets,13,33,0.000193529
binComputeOffsets,13,34,0.000203065
binComputeOffsets,13,35,0.000196729
binComputeOffsets,13,36,0.00020521
binComputeOffsets,13,37,0.000196794
binComputeOffsets,13,38,0.000192569
binComputeOffsets,13,39,0.000197881
FFTNUFFT1,13,0,0.067719313
FFTNUFFT1,13,1,0.067607316
FFTNUFFT1,13,2,0.067518744
FFTNUFFT1,13,3,0.067487257
FFTNUFFT1,13,4,0.067312863
FFTNUFFT1,13,5,0.067545109
FFTNUFFT1,13,6,0.067678354
FFTNUFFT1,13,7,0.067302271
FFTNUFFT1,13,8,0.067415867
FFTNUFFT1,13,9,0.067934442
deconvolutionNUFFT1,13,0,0.000731623
deconvolutionNUFFT1,13,1,0.001292341
deconvolutionNUFFT1,13,2,0.001284629
deconvolutionNUFFT1,13,3,0.001296469
deconvolutionNUFFT1,13,4,0.001251446
deconvolutionNUFFT1,13,5,0.001308085
deconvolutionNUFFT1,13,6,0.000893794
deconvolutionNUFFT1,13,7,0.001300693
deconvolutionNUFFT1,13,8,0.001292437
deconvolutionNUFFT1,13,9,0.000983999
GatherPIFNUFFT,13,0,0.255229899
GatherPIFNUFFT,13,1,0.254573249
GatherPIFNUFFT,13,2,0.255098449
GatherPIFNUFFT,13,3,0.254794298
GatherPIFNUFFT,13,4,0.254823385
GatherPIFNUFFT,13,5,0.255306538
GatherPIFNUFFT,13,6,0.255162095
GatherPIFNUFFT,13,7,0.255084528
GatherPIFNUFFT,13,8,0.255779545
GatherPIFNUFFT,13,9,0.254766555
NativeNUFFT2,13,0,0.082831801
NativeNUFFT2,13,1,0.083716284
NativeNUFFT2,13,2,0.083917685
NativeNUFFT2,13,3,0.082976564
NativeNUFFT2,13,4,0.083711836
NativeNUFFT2,13,5,0.083893045
NativeNUFFT2,13,6,0.084813912
NativeNUFFT2,13,7,0.083257451
NativeNUFFT2,13,8,0.083959252
NativeNUFFT2,13,9,0.0822883
NativeNUFFT2,13,10,0.08413211
NativeNUFFT2,13,11,0.084238762
NativeNUFFT2,13,12,0.082384168
NativeNUFFT2,13,13,0.084091632
NativeNUFFT2,13,14,0.08382876
NativeNUFFT2,13,15,0.082689918
NativeNUFFT2,13,16,0.083795673
NativeNUFFT2,13,17,0.084316136
NativeNUFFT2,13,18,0.082741276
NativeNUFFT2,13,19,0.08412715
NativeNUFFT2,13,20,0.083780538
NativeNUFFT2,13,21,0.083449188
NativeNUFFT2,13,22,0.083762522
NativeNUFFT2,13,23,0.084205803
NativeNUFFT2,13,24,0.08316507
NativeNUFFT2,13,25,0.084016306
NativeNUFFT2,13,26,0.084077104
NativeNUFFT2,13,27,0.083177454
NativeNUFFT2,13,28,0.084567231
NativeNUFFT2,13,29,0.084008626
PrecorrectionNUFFT2,13,0,0.001587467
PrecorrectionNUFFT2,13,1,0.002591306
PrecorrectionNUFFT2,13,2,0.00257889
PrecorrectionNUFFT2,13,3,0.001628682
PrecorrectionNUFFT2,13,4,0.002585962
PrecorrectionNUFFT2,13,5,0.002600009
PrecorrectionNUFFT2,13,6,0.001607403
PrecorrectionNUFFT2,13,7,0.002559531
PrecorrectionNUFFT2,13,8,0.002611433
PrecorrectionNUFFT2,13,9,0.001611467
PrecorrectionNUFFT2,13,10,0.002613801
PrecorrectionNUFFT2,13,11,0.002589834
PrecorrectionNUFFT2,13,12,0.001636906
PrecorrectionNUFFT2,13,13,0.002601993
PrecorrectionNUFFT2,13,14,0.002568746
PrecorrectionNUFFT2,13,15,0.001634889
PrecorrectionNUFFT2,13,16,0.002609065
PrecorrectionNUFFT2,13,17,0.002610665
PrecorrectionNUFFT2,13,18,0.001629033
PrecorrectionNUFFT2,13,19,0.002597065
PrecorrectionNUFFT2,13,20,0.002608009
PrecorrectionNUFFT2,13,21,0.001595658
PrecorrectionNUFFT2,13,22,0.002591754
PrecorrectionNUFFT2,13,23,0.002602281
PrecorrectionNUFFT2,13,24,0.001628714
PrecorrectionNUFFT2,13,25,0.002585482
PrecorrectionNUFFT2,13,26,0.002592873
PrecorrectionNUFFT2,13,27,0.001607019
PrecorrectionNUFFT2,13,28,0.002608009
PrecorrectionNUFFT2,13,29,0.002563211
FFTNUFFT2,13,0,0.066917099
FFTNUFFT2,13,1,0.067021352
FFTNUFFT2,13,2,0.06732611
FFTNUFFT2,13,3,0.067249888
FFTNUFFT2,13,4,0.067076261
FFTNUFFT2,13,5,0.067392123
FFTNUFFT2,13,6,0.069412472
FFTNUFFT2,13,7,0.066984009
FFTNUFFT2,13,8,0.06729155
FFTNUFFT2,13,9,0.066471131
FFTNUFFT2,13,10,0.06734403
FFTNUFFT2,13,11,0.067344254
FFTNUFFT2,13,12,0.066662228
FFTNUFFT2,13,13,0.067727633
FFTNUFFT2,13,14,0.067042375
FFTNUFFT2,13,15,0.067588437
FFTNUFFT2,13,16,0.066948874
FFTNUFFT2,13,17,0.067741391
FFTNUFFT2,13,18,0.066903628
FFTNUFFT2,13,19,0.067561111
FFTNUFFT2,13,20,0.067206882
FFTNUFFT2,13,21,0.067820045
FFTNUFFT2,13,22,0.067207234
FFTNUFFT2,13,23,0.067710546
FFTNUFFT2,13,24,0.067431193
FFTNUFFT2,13,25,0.066806191
FFTNUFFT2,13,26,0.067273055
FFTNUFFT2,13,27,0.067408956
FFTNUFFT2,13,28,0.06791713
FFTNUFFT2,13,29,0.067202977
GatherNUFFT2,13,0,0.007609443
GatherNUFFT2,13,1,0.007366314
GatherNUFFT2,13,2,0.007387209
GatherNUFFT2,13,3,0.007413321
GatherNUFFT2,13,4,0.007274862
GatherNUFFT2,13,5,0.007382858
GatherNUFFT2,13,6,0.007304524
GatherNUFFT2,13,7,0.007361802
GatherNUFFT2,13,8,0.007338252
GatherNUFFT2,13,9,0.007518406
GatherNUFFT2,13,10,0.007485478
GatherNUFFT2,13,11,0.007533508
GatherNUFFT2,13,12,0.007488967
GatherNUFFT2,13,13,0.007087925
GatherNUFFT2,13,14,0.007530181
GatherNUFFT2,13,15,0.007285837
GatherNUFFT2,13,16,0.007460551
GatherNUFFT2,13,17,0.007524614
GatherNUFFT2,13,18,0.007454471
GatherNUFFT2,13,19,0.007251535
GatherNUFFT2,13,20,0.007327115
GatherNUFFT2,13,21,0.007254927
GatherNUFFT2,13,22,0.007241807
GatherNUFFT2,13,23,0.007349515
GatherNUFFT2,13,24,0.007629474
GatherNUFFT2,13,25,0.007922968
GatherNUFFT2,13,26,0.007501126
GatherNUFFT2,13,27,0.007471335
GatherNUFFT2,13,28,0.00755354
GatherNUFFT2,13,29,0.007473703
mainTimer,14,0,3.699388538
dumpData,14,0,0.009273324
dumpData,14,1,0.008303468
dumpData,14,2,0.007349323
dumpData,14,3,0.006992695
dumpData,14,4,0.007827451
dumpData,14,5,0.007567492
dumpData,14,6,0.007610434
dumpData,14,7,0.007665505
dumpData,14,8,0.007437288
dumpData,14,9,0.007456392
kick,14,0,2.8287e-05
kick,14,1,6.015e-06
kick,14,2,3.0559e-05
kick,14,3,7.232e-06
kick,14,4,2.8831e-05
kick,14,5,9.408e-06
kick,14,6,3.0463e-05
kick,14,7,6.848e-06
kick,14,8,3.2287e-05
kick,14,9,7.712e-06
kick,14,10,3.0175e-05
kick,14,11,7.072e-06
kick,14,12,3.6574e-05
kick,14,13,1.0208e-05
kick,14,14,3.0399e-05
kick,14,15,1.1968e-05
kick,14,16,3.0463e-05
kick,14,17,1.1807e-05
kick,14,18,3.2511e-05
kick,14,19,7.296e-06
drift,14,0,6.464e-06
drift,14,1,6.943e-06
drift,14,2,5.856e-06
drift,14,3,7.391e-06
drift,14,4,6.4e-06
drift,14,5,5.247e-06
drift,14,6,7.52e-06
drift,14,7,6.144e-06
drift,14,8,7.295e-06
drift,14,9,5.664e-06
particleBC,14,0,1.2672e-05
particleBC,14,1,1.1744e-05
particleBC,14,2,1.1712e-05
particleBC,14,3,1.1456e-05
particleBC,14,4,1.1039e-05
particleBC,14,5,1.2032e-05
particleBC,14,6,9.216e-06
particleBC,14,7,1.0623e-05
particleBC,14,8,1.1072e-05
particleBC,14,9,1.0879e-05
updateParticle,14,0,0.00779206
updateParticle,14,1,0.007805852
updateParticle,14,2,0.007844155
updateParticle,14,3,0.007808603
updateParticle,14,4,0.008008374
updateParticle,14,5,0.007749214
updateParticle,14,6,0.007717598
updateParticle,14,7,0.007808444
updateParticle,14,8,0.007733823
updateParticle,14,9,0.00769552
locateParticles,14,0,0.003545193
locateParticles,14,1,0.003567369
locateParticles,14,2,0.003567113
locateParticles,14,3,0.003561481
locateParticles,14,4,0.00355537
locateParticles,14,5,0.003590409
locateParticles,14,6,0.003557705
locateParticles,14,7,0.003557258
locateParticles,14,8,0.003567817
locateParticles,14,9,0.003568521
sendPreprocess,14,0,0.000404435
sendPreprocess,14,1,0.000329429
sendPreprocess,14,2,0.000340629
sendPreprocess,14,3,0.00035314
sendPreprocess,14,4,0.000353044
sendPreprocess,14,5,0.000337237
sendPreprocess,14,6,0.00034194
sendPreprocess,14,7,0.000367188
sendPreprocess,14,8,0.000336629
sendPreprocess,14,9,0.000326358
particleSend,14,0,0.000594028
particleSend,14,1,0.000592908
particleSend,14,2,0.000631467
particleSend,14,3,0.000581389
particleSend,14,4,0.000578477
particleSend,14,5,0.000586413
particleSend,14,6,0.000583213
particleSend,14,7,0.000593228
particleSend,14,8,0.000579917
particleSend,14,9,0.000579148
particleRecv,14,0,3.3535e-05
particleRecv,14,1,3.3567e-05
particleRecv,14,2,2.3135e-05
particleRecv,14,3,3.4878e-05
particleRecv,14,4,2.9631e-05
particleRecv,14,5,4.0958e-05
particleRecv,14,6,3.3247e-05
particleRecv,14,7,3.1935e-05
particleRecv,14,8,3.1231e-05
particleRecv,14,9,3.1071e-05
particleDestroy,14,0,0.002579466
particleDestroy,14,1,0.002561643
particleDestroy,14,2,0.002556139
particleDestroy,14,3,0.002591338
particleDestroy,14,4,0.002582698
particleDestroy,14,5,0.002580362
particleDestroy,14,6,0.002580138
particleDestroy,14,7,0.002594058
particleDestroy,14,8,0.00257681
particleDestroy,14,9,0.002572811
ScatterPIFNUFFT,14,0,0.094040772
ScatterPIFNUFFT,14,1,2.8799e-05
ScatterPIFNUFFT,14,2,0.093592786
ScatterPIFNUFFT,14,3,2.1951e-05
ScatterPIFNUFFT,14,4,0.093661713
ScatterPIFNUFFT,14,5,3.299e-05
ScatterPIFNUFFT,14,6,0.09358802
ScatterPIFNUFFT,14,7,1.9103e-05
ScatterPIFNUFFT,14,8,0.093697904
ScatterPIFNUFFT,14,9,3.0079e-05
ScatterPIFNUFFT,14,10,0.09388676
ScatterPIFNUFFT,14,11,2.9663e-05
ScatterPIFNUFFT,14,12,0.094164832
ScatterPIFNUFFT,14,13,2.9759e-05
ScatterPIFNUFFT,14,14,0.093712015
ScatterPIFNUFFT,14,15,3.0271e-05
ScatterPIFNUFFT,14,16,0.093974342
ScatterPIFNUFFT,14,17,2.6623e-05
ScatterPIFNUFFT,14,18,0.093466711
ScatterPIFNUFFT,14,19,1.6575e-05
NativeNUFFT1,14,0,0.090614679
NativeNUFFT1,14,1,0.089138663
NativeNUFFT1,14,2,0.089213732
NativeNUFFT1,14,3,0.089068746
NativeNUFFT1,14,4,0.089049514
NativeNUFFT1,14,5,0.090299969
NativeNUFFT1,14,6,0.090752529
NativeNUFFT1,14,7,0.089232932
NativeNUFFT1,14,8,0.090498394
NativeNUFFT1,14,9,0.090040873
scatterTimerNUFFT1,14,0,0.021336378
scatterTimerNUFFT1,14,1,0.020132065
scatterTimerNUFFT1,14,2,0.020058051
scatterTimerNUFFT1,14,3,0.020190079
scatterTimerNUFFT1,14,4,0.020167584
scatterTimerNUFFT1,14,5,0.021130241
scatterTimerNUFFT1,14,6,0.021506931
scatterTimerNUFFT1,14,7,0.02023811
scatterTimerNUFFT1,14,8,0.021411127
scatterTimerNUFFT1,14,9,0.02118947
binSort,14,0,0.004055545
binSort,14,1,0.004057113
binSort,14,2,0.004025434
binSort,14,3,0.004042361
binSort,14,4,0.004018714
binSort,14,5,0.004042745
binSort,14,6,0.004044026
binSort,14,7,0.004047385
binSort,14,8,0.004046521
binSort,14,9,0.004048057
binSort,14,10,0.004046073
binSort,14,11,0.004056601
binSort,14,12,0.004046425
binSort,14,13,0.004015771
binSort,14,14,0.004031801
binSort,14,15,0.004054329
binSort,14,16,0.004028634
binSort,14,17,0.004061017
binSort,14,18,0.00407372
binSort,14,19,0.004034234
binSort,14,20,0.004091032
binSort,14,21,0.004042425
binSort,14,22,0.004056505
binSort,14,23,0.004075576
binSort,14,24,0.004031833
binSort,14,25,0.004051225
binSort,14,26,0.004055193
binSort,14,27,0.004048441
binSort,14,28,0.004054393
binSort,14,29,0.004045338
binSort,14,30,0.004048313
binSort,14,31,0.004043961
binSort,14,32,0.004057401
binSort,14,33,0.004088344
binSort,14,34,0.004020602
binSort,14,35,0.004069112
binSort,14,36,0.004070745
binSort,14,37,0.004045081
binSort,14,38,0.004057016
binSort,14,39,0.004064601
binComputeKeys,14,0,0.000386003
binComputeKeys,14,1,0.000389491
binComputeKeys,14,2,0.000393651
binComputeKeys,14,3,0.000390899
binComputeKeys,14,4,0.000377683
binComputeKeys,14,5,0.000390355
binComputeKeys,14,6,0.000396755
binComputeKeys,14,7,0.000379027
binComputeKeys,14,8,0.000379956
binComputeKeys,14,9,0.00037522
binComputeKeys,14,10,0.000392819
binComputeKeys,14,11,0.000387283
binComputeKeys,14,12,0.000380212
binComputeKeys,14,13,0.000385108
binComputeKeys,14,14,0.000386739
binComputeKeys,14,15,0.000386899
binComputeKeys,14,16,0.000388084
binComputeKeys,14,17,0.000398547
binComputeKeys,14,18,0.000380499
binComputeKeys,14,19,0.000392947
binComputeKeys,14,20,0.000388819
binComputeKeys,14,21,0.000395283
binComputeKeys,14,22,0.000395507
binComputeKeys,14,23,0.000391699
binComputeKeys,14,24,0.000372723
binComputeKeys,14,25,0.00040037
binComputeKeys,14,26,0.000386451
binComputeKeys,14,27,0.000395507
binComputeKeys,14,28,0.000377843
binComputeKeys,14,29,0.000391027
binComputeKeys,14,30,0.00039317
binComputeKeys,14,31,0.000395795
binComputeKeys,14,32,0.000380275
binComputeKeys,14,33,0.000379059
binComputeKeys,14,34,0.000386771
binComputeKeys,14,35,0.000399506
binComputeKeys,14,36,0.000379155
binComputeKeys,14,37,0.000388467
binComputeKeys,14,38,0.000391987
binComputeKeys,14,39,0.000402803
binSortByKey,14,0,0.003471181
binSortByKey,14,1,0.003474317
binSortByKey,14,2,0.003439501
binSortByKey,14,3,0.003450796
binSortByKey,14,4,0.003447245
binSortByKey,14,5,0.003457005
binSortByKey,14,6,0.003453261
binSortByKey,14,7,0.003468749
binSortByKey,14,8,0.003471117
binSortByKey,14,9,0.003471724
binSortByKey,14,10,0.003451501
binSortByKey,14,11,0.00347422
binSortByKey,14,12,0.00347246
binSortByKey,14,13,0.003436941
binSortByKey,14,14,0.003453805
binSortByKey,14,15,0.003469132
binSortByKey,14,16,0.003446509
binSortByKey,14,17,0.003470125
binSortByKey,14,18,0.003493804
binSortByKey,14,19,0.003450797
binSortByKey,14,20,0.003500171
binSortByKey,14,21,0.003453676
binSortByKey,14,22,0.003468012
binSortByKey,14,23,0.003490603
binSortByKey,14,24,0.003456525
binSortByKey,14,25,0.003457613
binSortByKey,14,26,0.003475436
binSortByKey,14,27,0.003460044
binSortByKey,14,28,0.003482828
binSortByKey,14,29,0.003459693
binSortByKey,14,30,0.003461901
binSortByKey,14,31,0.003453133
binSortByKey,14,32,0.003473708
binSortByKey,14,33,0.003514955
binSortByKey,14,34,0.003439885
binSortByKey,14,35,0.003477261
binSortByKey,14,36,0.003492012
binSortByKey,14,37,0.003465484
binSortByKey,14,38,0.003472268
binSortByKey,14,39,0.003466765
binComputeOffsets,14,0,0.000195225
binComputeOffsets,14,1,0.000187577
binComputeOffsets,14,2,0.000189082
binComputeOffsets,14,3,0.000195834
binComputeOffsets,14,4,0.000187066
binComputeOffsets,14,5,0.00019113
binComputeOffsets,14,6,0.00019113
binComputeOffsets,14,7,0.000194682
binComputeOffsets,14,8,0.000189977
binComputeOffsets,14,9,0.000199129
binComputeOffsets,14,10,0.000195898
binComputeOffsets,14,11,0.000191098
binComputeOffsets,14,12,0.000187194
binComputeOffsets,14,13,0.00018889
binComputeOffsets,14,14,0.000187097
binComputeOffsets,14,15,0.000194522
binComputeOffsets,14,16,0.000189945
binComputeOffsets,14,17,0.000189433
binComputeOffsets,14,18,0.000195673
binComputeOffsets,14,19,0.00018617
binComputeOffsets,14,20,0.000196986
binComputeOffsets,14,21,0.00019065
binComputeOffsets,14,22,0.000188282
binComputeOffsets,14,23,0.00018985
binComputeOffsets,14,24,0.000200057
binComputeOffsets,14,25,0.000189594
binComputeOffsets,14,26,0.00018681
binComputeOffsets,14,27,0.00018841
binComputeOffsets,14,28,0.00018809
binComputeOffsets,14,29,0.000190938
binComputeOffsets,14,30,0.00018809
binComputeOffsets,14,31,0.000190586
binComputeOffsets,14,32,0.000198586
binComputeOffsets,14,33,0.000192378
binComputeOffsets,14,34,0.000189754
binComputeOffsets,14,35,0.000189689
binComputeOffsets,14,36,0.000194074
binComputeOffsets,14,37,0.000186298
binComputeOffsets,14,38,0.000189945
binComputeOffsets,14,39,0.000189498
FFTNUFFT1,14,0,0.068356827
FFTNUFFT1,14,1,0.068010663
FFTNUFFT1,14,2,0.068061414
FFTNUFFT1,14,3,0.067882668
FFTNUFFT1,14,4,0.067849356
FFTNUFFT1,14,5,0.068166177
FFTNUFFT1,14,6,0.068088133
FFTNUFFT1,14,7,0.067708337
FFTNUFFT1,14,8,0.068392122
FFTNUFFT1,14,9,0.068068197
deconvolutionNUFFT1,14,0,0.000916834
deconvolutionNUFFT1,14,1,0.000991487
deconvolutionNUFFT1,14,2,0.001089692
deconvolutionNUFFT1,14,3,0.000991231
deconvolutionNUFFT1,14,4,0.00102547
deconvolutionNUFFT1,14,5,0.000999071
deconvolutionNUFFT1,14,6,0.001151961
deconvolutionNUFFT1,14,7,0.001280437
deconvolutionNUFFT1,14,8,0.000687753
deconvolutionNUFFT1,14,9,0.000777286
GatherPIFNUFFT,14,0,0.254424422
GatherPIFNUFFT,14,1,0.254875639
GatherPIFNUFFT,14,2,0.255340681
GatherPIFNUFFT,14,3,0.255563456
GatherPIFNUFFT,14,4,0.254164975
GatherPIFNUFFT,14,5,0.254247405
GatherPIFNUFFT,14,6,0.254436454
GatherPIFNUFFT,14,7,0.254226221
GatherPIFNUFFT,14,8,0.254779707
GatherPIFNUFFT,14,9,0.257102574
NativeNUFFT2,14,0,0.082145072
NativeNUFFT2,14,1,0.084392101
NativeNUFFT2,14,2,0.083728219
NativeNUFFT2,14,3,0.082917911
NativeNUFFT2,14,4,0.083499203
NativeNUFFT2,14,5,0.084009937
NativeNUFFT2,14,6,0.084006419
NativeNUFFT2,14,7,0.084102383
NativeNUFFT2,14,8,0.08353469
NativeNUFFT2,14,9,0.082577666
NativeNUFFT2,14,10,0.083605375
NativeNUFFT2,14,11,0.084758265
NativeNUFFT2,14,12,0.082241453
NativeNUFFT2,14,13,0.08386172
NativeNUFFT2,14,14,0.083984627
NativeNUFFT2,14,15,0.082263948
NativeNUFFT2,14,16,0.084002898
NativeNUFFT2,14,17,0.083901654
NativeNUFFT2,14,18,0.08274022
NativeNUFFT2,14,19,0.083916149
NativeNUFFT2,14,20,0.083745211
NativeNUFFT2,14,21,0.083296553
NativeNUFFT2,14,22,0.083831192
NativeNUFFT2,14,23,0.084001202
NativeNUFFT2,14,24,0.082479301
NativeNUFFT2,14,25,0.084703068
NativeNUFFT2,14,26,0.083520258
NativeNUFFT2,14,27,0.084285257
NativeNUFFT2,14,28,0.083571617
NativeNUFFT2,14,29,0.084746266
PrecorrectionNUFFT2,14,0,0.001610634
PrecorrectionNUFFT2,14,1,0.002537739
PrecorrectionNUFFT2,14,2,0.002515404
PrecorrectionNUFFT2,14,3,0.001629578
PrecorrectionNUFFT2,14,4,0.002530379
PrecorrectionNUFFT2,14,5,0.002526635
PrecorrectionNUFFT2,14,6,0.001576492
PrecorrectionNUFFT2,14,7,0.002523372
PrecorrectionNUFFT2,14,8,0.002510828
PrecorrectionNUFFT2,14,9,0.001607178
PrecorrectionNUFFT2,14,10,0.002505452
PrecorrectionNUFFT2,14,11,0.002516684
PrecorrectionNUFFT2,14,12,0.001593131
PrecorrectionNUFFT2,14,13,0.002527724
PrecorrectionNUFFT2,14,14,0.002535756
PrecorrectionNUFFT2,14,15,0.001592619
PrecorrectionNUFFT2,14,16,0.002528524
PrecorrectionNUFFT2,14,17,0.002537323
PrecorrectionNUFFT2,14,18,0.001594987
PrecorrectionNUFFT2,14,19,0.002528268
PrecorrectionNUFFT2,14,20,0.002546827
PrecorrectionNUFFT2,14,21,0.001600298
PrecorrectionNUFFT2,14,22,0.002528427
PrecorrectionNUFFT2,14,23,0.002529356
PrecorrectionNUFFT2,14,24,0.001594443
PrecorrectionNUFFT2,14,25,0.002538316
PrecorrectionNUFFT2,14,26,0.0025227
PrecorrectionNUFFT2,14,27,0.00157502
PrecorrectionNUFFT2,14,28,0.00253038
PrecorrectionNUFFT2,14,29,0.002555787
FFTNUFFT2,14,0,0.067012872
FFTNUFFT2,14,1,0.068361596
FFTNUFFT2,14,2,0.067683442
FFTNUFFT2,14,3,0.067978119
FFTNUFFT2,14,4,0.067355484
FFTNUFFT2,14,5,0.067643667
FFTNUFFT2,14,6,0.068008935
FFTNUFFT2,14,7,0.067480152
FFTNUFFT2,14,8,0.067460953
FFTNUFFT2,14,9,0.067350077
FFTNUFFT2,14,10,0.067802158
FFTNUFFT2,14,11,0.067781647
FFTNUFFT2,14,12,0.067117316
FFTNUFFT2,14,13,0.067791758
FFTNUFFT2,14,14,0.067702801
FFTNUFFT2,14,15,0.067014441
FFTNUFFT2,14,16,0.068246015
FFTNUFFT2,14,17,0.067859627
FFTNUFFT2,14,18,0.067069574
FFTNUFFT2,14,19,0.067747344
FFTNUFFT2,14,20,0.067426779
FFTNUFFT2,14,21,0.068150466
FFTNUFFT2,14,22,0.067659667
FFTNUFFT2,14,23,0.067953354
FFTNUFFT2,14,24,0.067187969
FFTNUFFT2,14,25,0.06808026
FFTNUFFT2,14,26,0.067470809
FFTNUFFT2,14,27,0.068597588
FFTNUFFT2,14,28,0.067475608
FFTNUFFT2,14,29,0.068784333
GatherNUFFT2,14,0,0.007306637
GatherNUFFT2,14,1,0.007270062
GatherNUFFT2,14,2,0.007164433
GatherNUFFT2,14,3,0.007098452
GatherNUFFT2,14,4,0.007335532
GatherNUFFT2,14,5,0.007752638
GatherNUFFT2,14,6,0.008175247
GatherNUFFT2,14,7,0.007846939
GatherNUFFT2,14,8,0.00728683
GatherNUFFT2,14,9,0.007694752
GatherNUFFT2,14,10,0.007361611
GatherNUFFT2,14,11,0.008455269
GatherNUFFT2,14,12,0.007526757
GatherNUFFT2,14,13,0.007545285
GatherNUFFT2,14,14,0.007769565
GatherNUFFT2,14,15,0.007282605
GatherNUFFT2,14,16,0.007017718
GatherNUFFT2,14,17,0.007250799
GatherNUFFT2,14,18,0.007829659
GatherNUFFT2,14,19,0.00732014
GatherNUFFT2,14,20,0.007492454
GatherNUFFT2,14,21,0.007303982
GatherNUFFT2,14,22,0.007364075
GatherNUFFT2,14,23,0.007248654
GatherNUFFT2,14,24,0.007454952
GatherNUFFT2,14,25,0.007800604
GatherNUFFT2,14,26,0.007271438
GatherNUFFT2,14,27,0.007804604
GatherNUFFT2,14,28,0.007391178
GatherNUFFT2,14,29,0.007173521
mainTimer,15,0,3.699388538
dumpData,15,0,0.007742559
dumpData,15,1,0.006712961
dumpData,15,2,0.006339085
dumpData,15,3,0.006468265
dumpData,15,4,0.006701729
dumpData,15,5,0.006501512
dumpData,15,6,0.006618275
dumpData,15,7,0.006682402
dumpData,15,8,0.006374283
dumpData,15,9,0.006359916
kick,15,0,2.8287e-05
kick,15,1,9.247e-06
kick,15,2,3.0623e-05
kick,15,3,7.008e-06
kick,15,4,2.8447e-05
kick,15,5,8.96e-06
kick,15,6,2.9311e-05
kick,15,7,1.0943e-05
kick,15,8,3.3375e-05
kick,15,9,6.912e-06
kick,15,10,2.9887e-05
kick,15,11,6.335e-06
kick,15,12,3.5838e-05
kick,15,13,7.328e-06
kick,15,14,3.0271e-05
kick,15,15,6.783e-06
kick,15,16,2.9535e-05
kick,15,17,6.944e-06
kick,15,18,3.0111e-05
kick,15,19,9.888e-06
drift,15,0,7.84e-06
drift,15,1,5.183e-06
drift,15,2,5.632e-06
drift,15,3,7.103e-06
drift,15,4,4.96e-06
drift,15,5,6.175e-06
drift,15,6,6.176e-06
drift,15,7,6.336e-06
drift,15,8,6.751e-06
drift,15,9,6.368e-06
particleBC,15,0,1.1296e-05
particleBC,15,1,1.1328e-05
particleBC,15,2,1.0752e-05
particleBC,15,3,9.792e-06
particleBC,15,4,1.1135e-05
particleBC,15,5,1.072e-05
particleBC,15,6,9.952e-06
particleBC,15,7,1.0687e-05
particleBC,15,8,1.2416e-05
particleBC,15,9,9.535e-06
updateParticle,15,0,0.007831386
updateParticle,15,1,0.0077975
updateParticle,15,2,0.007771261
updateParticle,15,3,0.007768957
updateParticle,15,4,0.008048148
updateParticle,15,5,0.007786109
updateParticle,15,6,0.007748701
updateParticle,15,7,0.00779862
updateParticle,15,8,0.007772189
updateParticle,15,9,0.00777635
locateParticles,15,0,0.003683557
locateParticles,15,1,0.003672806
locateParticles,15,2,0.003687685
locateParticles,15,3,0.003727651
locateParticles,15,4,0.003682758
locateParticles,15,5,0.003682853
locateParticles,15,6,0.00369338
locateParticles,15,7,0.003687205
locateParticles,15,8,0.003695941
locateParticles,15,9,0.003687974
sendPreprocess,15,0,0.000267159
sendPreprocess,15,1,0.000226872
sendPreprocess,15,2,0.000224025
sendPreprocess,15,3,0.00018873
sendPreprocess,15,4,0.000230424
sendPreprocess,15,5,0.00024732
sendPreprocess,15,6,0.000210617
sendPreprocess,15,7,0.0002398
sendPreprocess,15,8,0.000211801
sendPreprocess,15,9,0.000211161
particleSend,15,0,0.000607947
particleSend,15,1,0.000591436
particleSend,15,2,0.0005811
particleSend,15,3,0.000579661
particleSend,15,4,0.000621131
particleSend,15,5,0.000586221
particleSend,15,6,0.000583661
particleSend,15,7,0.000624299
particleSend,15,8,0.000580141
particleSend,15,9,0.000578508
particleRecv,15,0,3.2415e-05
particleRecv,15,1,3.3631e-05
particleRecv,15,2,2.8959e-05
particleRecv,15,3,3.4495e-05
particleRecv,15,4,2.4288e-05
particleRecv,15,5,3.811e-05
particleRecv,15,6,3.5743e-05
particleRecv,15,7,2.4511e-05
particleRecv,15,8,3.0207e-05
particleRecv,15,9,2.9631e-05
particleDestroy,15,0,0.002655272
particleDestroy,15,1,0.002685799
particleDestroy,15,2,0.002676999
particleDestroy,15,3,0.002673062
particleDestroy,15,4,0.002673062
particleDestroy,15,5,0.002683335
particleDestroy,15,6,0.002665607
particleDestroy,15,7,0.002653608
particleDestroy,15,8,0.002673319
particleDestroy,15,9,0.002676007
ScatterPIFNUFFT,15,0,0.094653936
ScatterPIFNUFFT,15,1,1.6671e-05
ScatterPIFNUFFT,15,2,0.094019204
ScatterPIFNUFFT,15,3,2.3551e-05
ScatterPIFNUFFT,15,4,0.094509492
ScatterPIFNUFFT,15,5,2.4608e-05
ScatterPIFNUFFT,15,6,0.094321371
ScatterPIFNUFFT,15,7,2.7967e-05
ScatterPIFNUFFT,15,8,0.094069603
ScatterPIFNUFFT,15,9,2.7967e-05
ScatterPIFNUFFT,15,10,0.09424726
ScatterPIFNUFFT,15,11,2.6591e-05
ScatterPIFNUFFT,15,12,0.094552883
ScatterPIFNUFFT,15,13,2.8415e-05
ScatterPIFNUFFT,15,14,0.094094819
ScatterPIFNUFFT,15,15,2.7743e-05
ScatterPIFNUFFT,15,16,0.094819786
ScatterPIFNUFFT,15,17,2.1215e-05
ScatterPIFNUFFT,15,18,0.094125282
ScatterPIFNUFFT,15,19,2.0831e-05
NativeNUFFT1,15,0,0.091229122
NativeNUFFT1,15,1,0.089602232
NativeNUFFT1,15,2,0.090019433
NativeNUFFT1,15,3,0.089801138
NativeNUFFT1,15,4,0.089569753
NativeNUFFT1,15,5,0.090694291
NativeNUFFT1,15,6,0.090123014
NativeNUFFT1,15,7,0.089687733
NativeNUFFT1,15,8,0.090270882
NativeNUFFT1,15,9,0.09074421
scatterTimerNUFFT1,15,0,0.021534867
scatterTimerNUFFT1,15,1,0.0211184
scatterTimerNUFFT1,15,2,0.020995748
scatterTimerNUFFT1,15,3,0.020675759
scatterTimerNUFFT1,15,4,0.020962022
scatterTimerNUFFT1,15,5,0.021411575
scatterTimerNUFFT1,15,6,0.020920039
scatterTimerNUFFT1,15,7,0.020716238
scatterTimerNUFFT1,15,8,0.02109085
scatterTimerNUFFT1,15,9,0.021523251
binSort,15,0,0.004222868
binSort,15,1,0.004223475
binSort,15,2,0.00425525
binSort,15,3,0.00425013
binSort,15,4,0.004215956
binSort,15,5,0.004230579
binSort,15,6,0.004235027
binSort,15,7,0.004234803
binSort,15,8,0.004211284
binSort,15,9,0.004265457
binSort,15,10,0.004240754
binSort,15,11,0.004245394
binSort,15,12,0.004219155
binSort,15,13,0.004236307
binSort,15,14,0.004245267
binSort,15,15,0.004216179
binSort,15,16,0.004225267
binSort,15,17,0.004245651
binSort,15,18,0.00424181
binSort,15,19,0.004247699
binSort,15,20,0.004269106
binSort,15,21,0.004217396
binSort,15,22,0.004234323
binSort,15,23,0.00424389
binSort,15,24,0.004306737
binSort,15,25,0.00424245
binSort,15,26,0.004239026
binSort,15,27,0.004230131
binSort,15,28,0.004250835
binSort,15,29,0.004256947
binSort,15,30,0.004249619
binSort,15,31,0.004216531
binSort,15,32,0.0043252
binSort,15,33,0.004198452
binSort,15,34,0.004251026
binSort,15,35,0.004230355
binSort,15,36,0.00425861
binSort,15,37,0.004250514
binSort,15,38,0.004284529
binSort,15,39,0.004228435
binComputeKeys,15,0,0.000400147
binComputeKeys,15,1,0.00041237
binComputeKeys,15,2,0.000424594
binComputeKeys,15,3,0.000431601
binComputeKeys,15,4,0.000402227
binComputeKeys,15,5,0.000419506
binComputeKeys,15,6,0.00041557
binComputeKeys,15,7,0.00042373
binComputeKeys,15,8,0.000396819
binComputeKeys,15,9,0.00040421
binComputeKeys,15,10,0.000424593
binComputeKeys,15,11,0.000430545
binComputeKeys,15,12,0.000399602
binComputeKeys,15,13,0.000419186
binComputeKeys,15,14,0.000427602
binComputeKeys,15,15,0.000410162
binComputeKeys,15,16,0.000407187
binComputeKeys,15,17,0.000422738
binComputeKeys,15,18,0.000410354
binComputeKeys,15,19,0.000422994
binComputeKeys,15,20,0.000399507
binComputeKeys,15,21,0.000422738
binComputeKeys,15,22,0.000421138
binComputeKeys,15,23,0.000430161
binComputeKeys,15,24,0.000402643
binComputeKeys,15,25,0.000421586
binComputeKeys,15,26,0.000419442
binComputeKeys,15,27,0.000415954
binComputeKeys,15,28,0.000405651
binComputeKeys,15,29,0.000423186
binComputeKeys,15,30,0.000423026
binComputeKeys,15,31,0.00041141
binComputeKeys,15,32,0.000410034
binComputeKeys,15,33,0.000408498
binComputeKeys,15,34,0.000426833
binComputeKeys,15,35,0.000423666
binComputeKeys,15,36,0.000393267
binComputeKeys,15,37,0.00042309
binComputeKeys,15,38,0.000423378
binComputeKeys,15,39,0.000414834
binSortByKey,15,0,0.003622695
binSortByKey,15,1,0.003614792
binSortByKey,15,2,0.003634855
binSortByKey,15,3,0.003624999
binSortByKey,15,4,0.003618919
binSortByKey,15,5,0.003614503
binSortByKey,15,6,0.003624519
binSortByKey,15,7,0.003612936
binSortByKey,15,8,0.003617799
binSortByKey,15,9,0.00365351
binSortByKey,15,10,0.0036234
binSortByKey,15,11,0.003621864
binSortByKey,15,12,0.00362372
binSortByKey,15,13,0.003622599
binSortByKey,15,14,0.003623847
binSortByKey,15,15,0.003613159
binSortByKey,15,16,0.003624455
binSortByKey,15,17,0.003627815
binSortByKey,15,18,0.003634119
binSortByKey,15,19,0.003630247
binSortByKey,15,20,0.003662789
binSortByKey,15,21,0.003601256
binSortByKey,15,22,0.003620839
binSortByKey,15,23,0.003621896
binSortByKey,15,24,0.003691333
binSortByKey,15,25,0.003623911
binSortByKey,15,26,0.003626087
binSortByKey,15,27,0.003614823
binSortByKey,15,28,0.003651654
binSortByKey,15,29,0.003637959
binSortByKey,15,30,0.003632679
binSortByKey,15,31,0.003613256
binSortByKey,15,32,0.003697573
binSortByKey,15,33,0.003596041
binSortByKey,15,34,0.003629959
binSortByKey,15,35,0.003613928
binSortByKey,15,36,0.00365831
binSortByKey,15,37,0.003632423
binSortByKey,15,38,0.003662982
binSortByKey,15,39,0.003619656
binComputeOffsets,15,0,0.000197818
binComputeOffsets,15,1,0.000191833
binComputeOffsets,15,2,0.000191706
binComputeOffsets,15,3,0.000190426
binComputeOffsets,15,4,0.00019129
binComputeOffsets,15,5,0.000192762
binComputeOffsets,15,6,0.000192154
binComputeOffsets,15,7,0.000195161
binComputeOffsets,15,8,0.000193466
binComputeOffsets,15,9,0.000204441
binComputeOffsets,15,10,0.000189785
binComputeOffsets,15,11,0.000188985
binComputeOffsets,15,12,0.000193145
binComputeOffsets,15,13,0.000191642
binComputeOffsets,15,14,0.000190682
binComputeOffsets,15,15,0.000189818
binComputeOffsets,15,16,0.000190777
binComputeOffsets,15,17,0.000190586
binComputeOffsets,15,18,0.000193753
binComputeOffsets,15,19,0.000191162
binComputeOffsets,15,20,0.000203226
binComputeOffsets,15,21,0.000190298
binComputeOffsets,15,22,0.00018953
binComputeOffsets,15,23,0.000189721
binComputeOffsets,15,24,0.000208537
binComputeOffsets,15,25,0.000193689
binComputeOffsets,15,26,0.000189209
binComputeOffsets,15,27,0.000194138
binComputeOffsets,15,28,0.000190202
binComputeOffsets,15,29,0.000192794
binComputeOffsets,15,30,0.00019017
binComputeOffsets,15,31,0.000189081
binComputeOffsets,15,32,0.000212921
binComputeOffsets,15,33,0.000191321
binComputeOffsets,15,34,0.00019161
binComputeOffsets,15,35,0.000189785
binComputeOffsets,15,36,0.000203481
binComputeOffsets,15,37,0.000190138
binComputeOffsets,15,38,0.000194041
binComputeOffsets,15,39,0.000190777
FFTNUFFT1,15,0,0.068456889
FFTNUFFT1,15,1,0.067289311
FFTNUFFT1,15,2,0.068031494
FFTNUFFT1,15,3,0.067890636
FFTNUFFT1,15,4,0.067355261
FFTNUFFT1,15,5,0.06801991
FFTNUFFT1,15,6,0.067926442
FFTNUFFT1,15,7,0.067655763
FFTNUFFT1,15,8,0.068149666
FFTNUFFT1,15,9,0.067954345
deconvolutionNUFFT1,15,0,0.001232567
deconvolutionNUFFT1,15,1,0.001190169
deconvolutionNUFFT1,15,2,0.000986335
deconvolutionNUFFT1,15,3,0.001231159
deconvolutionNUFFT1,15,4,0.001245878
deconvolutionNUFFT1,15,5,0.001257078
deconvolutionNUFFT1,15,6,0.001273525
deconvolutionNUFFT1,15,7,0.001310836
deconvolutionNUFFT1,15,8,0.00102307
deconvolutionNUFFT1,15,9,0.00126079
GatherPIFNUFFT,15,0,0.252808252
GatherPIFNUFFT,15,1,0.253946038
GatherPIFNUFFT,15,2,0.252879803
GatherPIFNUFFT,15,3,0.253965206
GatherPIFNUFFT,15,4,0.25318664
GatherPIFNUFFT,15,5,0.25360237
GatherPIFNUFFT,15,6,0.253585827
GatherPIFNUFFT,15,7,0.253712413
GatherPIFNUFFT,15,8,0.253985109
GatherPIFNUFFT,15,9,0.254816505
NativeNUFFT2,15,0,0.082896183
NativeNUFFT2,15,1,0.08466406
NativeNUFFT2,15,2,0.083498243
NativeNUFFT2,15,3,0.08361504
NativeNUFFT2,15,4,0.083084369
NativeNUFFT2,15,5,0.084629021
NativeNUFFT2,15,6,0.083044914
NativeNUFFT2,15,7,0.084683292
NativeNUFFT2,15,8,0.083561121
NativeNUFFT2,15,9,0.083019475
NativeNUFFT2,15,10,0.083499107
NativeNUFFT2,15,11,0.084787896
NativeNUFFT2,15,12,0.082764571
NativeNUFFT2,15,13,0.083593889
NativeNUFFT2,15,14,0.084221643
NativeNUFFT2,15,15,0.0827679
NativeNUFFT2,15,16,0.084397093
NativeNUFFT2,15,17,0.083819417
NativeNUFFT2,15,18,0.083765115
NativeNUFFT2,15,19,0.083715068
NativeNUFFT2,15,20,0.083494372
NativeNUFFT2,15,21,0.083203469
NativeNUFFT2,15,22,0.083735387
NativeNUFFT2,15,23,0.083990962
NativeNUFFT2,15,24,0.083078385
NativeNUFFT2,15,25,0.084874518
NativeNUFFT2,15,26,0.083385639
NativeNUFFT2,15,27,0.084002642
NativeNUFFT2,15,28,0.083591712
NativeNUFFT2,15,29,0.084634173
PrecorrectionNUFFT2,15,0,0.001612426
PrecorrectionNUFFT2,15,1,0.002577034
PrecorrectionNUFFT2,15,2,0.002574794
PrecorrectionNUFFT2,15,3,0.001623658
PrecorrectionNUFFT2,15,4,0.00256529
PrecorrectionNUFFT2,15,5,0.00258177
PrecorrectionNUFFT2,15,6,0.001593995
PrecorrectionNUFFT2,15,7,0.002596522
PrecorrectionNUFFT2,15,8,0.002574058
PrecorrectionNUFFT2,15,9,0.001595307
PrecorrectionNUFFT2,15,10,0.002574634
PrecorrectionNUFFT2,15,11,0.002578474
PrecorrectionNUFFT2,15,12,0.00159585
PrecorrectionNUFFT2,15,13,0.002579882
PrecorrectionNUFFT2,15,14,0.002592585
PrecorrectionNUFFT2,15,15,0.001594923
PrecorrectionNUFFT2,15,16,0.002574154
PrecorrectionNUFFT2,15,17,0.002573259
PrecorrectionNUFFT2,15,18,0.001595819
PrecorrectionNUFFT2,15,19,0.002572587
PrecorrectionNUFFT2,15,20,0.002573195
PrecorrectionNUFFT2,15,21,0.001587627
PrecorrectionNUFFT2,15,22,0.002572426
PrecorrectionNUFFT2,15,23,0.002578026
PrecorrectionNUFFT2,15,24,0.001595338
PrecorrectionNUFFT2,15,25,0.002579883
PrecorrectionNUFFT2,15,26,0.002584298
PrecorrectionNUFFT2,15,27,0.001595754
PrecorrectionNUFFT2,15,28,0.002557995
PrecorrectionNUFFT2,15,29,0.002592969
FFTNUFFT2,15,0,0.067131972
FFTNUFFT2,15,1,0.067656916
FFTNUFFT2,15,2,0.066861774
FFTNUFFT2,15,3,0.067999335
FFTNUFFT2,15,4,0.066671763
FFTNUFFT2,15,5,0.068080421
FFTNUFFT2,15,6,0.06708999
FFTNUFFT2,15,7,0.0681896
FFTNUFFT2,15,8,0.066875468
FFTNUFFT2,15,9,0.067555447
FFTNUFFT2,15,10,0.067012137
FFTNUFFT2,15,11,0.068596628
FFTNUFFT2,15,12,0.067104741
FFTNUFFT2,15,13,0.067279776
FFTNUFFT2,15,14,0.067549974
FFTNUFFT2,15,15,0.067186563
FFTNUFFT2,15,16,0.067825293
FFTNUFFT2,15,17,0.067043303
FFTNUFFT2,15,18,0.068012263
FFTNUFFT2,15,19,0.066948875
FFTNUFFT2,15,20,0.066761937
FFTNUFFT2,15,21,0.067440282
FFTNUFFT2,15,22,0.066979402
FFTNUFFT2,15,23,0.067156644
FFTNUFFT2,15,24,0.067245408
FFTNUFFT2,15,25,0.068345403
FFTNUFFT2,15,26,0.066732657
FFTNUFFT2,15,27,0.068534582
FFTNUFFT2,15,28,0.066731601
FFTNUFFT2,15,29,0.068034374
GatherNUFFT2,15,0,0.007426793
GatherNUFFT2,15,1,0.007658753
GatherNUFFT2,15,2,0.007487782
GatherNUFFT2,15,3,0.007422089
GatherNUFFT2,15,4,0.007143443
GatherNUFFT2,15,5,0.007418601
GatherNUFFT2,15,6,0.007665824
GatherNUFFT2,15,7,0.007338444
GatherNUFFT2,15,8,0.00741057
GatherNUFFT2,15,9,0.00739441
GatherNUFFT2,15,10,0.007180721
GatherNUFFT2,15,11,0.007436424
GatherNUFFT2,15,12,0.007304429
GatherNUFFT2,15,13,0.007241839
GatherNUFFT2,15,14,0.007288205
GatherNUFFT2,15,15,0.007205775
GatherNUFFT2,15,16,0.007436649
GatherNUFFT2,15,17,0.007469095
GatherNUFFT2,15,18,0.007664576
GatherNUFFT2,15,19,0.007437608
GatherNUFFT2,15,20,0.007415177
GatherNUFFT2,15,21,0.007427176
GatherNUFFT2,15,22,0.00740993
GatherNUFFT2,15,23,0.007509126
GatherNUFFT2,15,24,0.007591364
GatherNUFFT2,15,25,0.007421097
GatherNUFFT2,15,26,0.007388938
GatherNUFFT2,15,27,0.007401449
GatherNUFFT2,15,28,0.007535845
GatherNUFFT2,15,29,0.007505287
