timer_name,rank,measurement_id,duration_seconds
mainTimer,0,0,63.095014165
dumpData,0,0,0.006329601
dumpData,0,1,0.005810446
dumpData,0,2,0.006222524
dumpData,0,3,0.008532919
dumpData,0,4,0.008349805
dumpData,0,5,0.007559804
dumpData,0,6,0.005529832
dumpData,0,7,0.00581267
dumpData,0,8,0.005342258
dumpData,0,9,0.006463932
kick,0,0,0.001204734
kick,0,1,0.001263789
kick,0,2,0.001241444
kick,0,3,0.001245653
kick,0,4,0.001266243
kick,0,5,0.001250793
kick,0,6,0.001266594
kick,0,7,0.001257186
kick,0,8,0.001210504
kick,0,9,0.001261544
kick,0,10,0.001191909
kick,0,11,0.001222689
kick,0,12,0.00124426
kick,0,13,0.001245723
kick,0,14,0.001257566
kick,0,15,0.001258407
kick,0,16,0.001255783
kick,0,17,0.001243429
kick,0,18,0.001261534
kick,0,19,0.001224041
drift,0,0,0.001159166
drift,0,1,0.001176179
drift,0,2,0.001195736
drift,0,3,0.001177381
drift,0,4,0.001144558
drift,0,5,0.001153424
drift,0,6,0.001153575
drift,0,7,0.001199524
drift,0,8,0.001179565
drift,0,9,0.001203511
particleBC,0,0,0.003398734
particleBC,0,1,0.003392702
particleBC,0,2,0.003396791
particleBC,0,3,0.003377853
particleBC,0,4,0.00338635
particleBC,0,5,0.003416818
particleBC,0,6,0.003387813
particleBC,0,7,0.003413241
particleBC,0,8,0.003387271
particleBC,0,9,0.00339166
updateParticle,0,0,0.01638574
updateParticle,0,1,0.016558065
updateParticle,0,2,0.017152997
updateParticle,0,3,0.016522927
updateParticle,0,4,0.016658739
updateParticle,0,5,0.015599798
updateParticle,0,6,0.015705423
updateParticle,0,7,0.016254927
updateParticle,0,8,0.015762013
updateParticle,0,9,0.016480535
locateParticles,0,0,0.003970331
locateParticles,0,1,0.003966233
locateParticles,0,2,0.003978717
locateParticles,0,3,0.00398061
locateParticles,0,4,0.003975801
locateParticles,0,5,0.003965051
locateParticles,0,6,0.003967826
locateParticles,0,7,0.004008696
locateParticles,0,8,0.003975
locateParticles,0,9,0.003971193
sendPreprocess,0,0,0.000972394
sendPreprocess,0,1,0.000910624
sendPreprocess,0,2,0.001044754
sendPreprocess,0,3,0.000840157
sendPreprocess,0,4,0.001120761
sendPreprocess,0,5,0.000943668
sendPreprocess,0,6,0.000936524
sendPreprocess,0,7,0.000852682
sendPreprocess,0,8,0.000930372
sendPreprocess,0,9,0.000923809
particleSend,0,0,0.002755086
particleSend,0,1,0.002902623
particleSend,0,2,0.001812181
particleSend,0,3,0.001843391
particleSend,0,4,0.001843912
particleSend,0,5,0.001969344
particleSend,0,6,0.001817942
particleSend,0,7,0.002702945
particleSend,0,8,0.001814475
particleSend,0,9,0.002876913
particleRecv,0,0,5.0758e-05
particleRecv,0,1,5.2351e-05
particleRecv,0,2,5.4155e-05
particleRecv,0,3,5.5678e-05
particleRecv,0,4,5.9596e-05
particleRecv,0,5,5.7351e-05
particleRecv,0,6,5.2511e-05
particleRecv,0,7,5.3073e-05
particleRecv,0,8,5.4927e-05
particleRecv,0,9,5.2001e-05
particleDestroy,0,0,0.00718071
particleDestroy,0,1,0.007270774
particleDestroy,0,2,0.007208924
particleDestroy,0,3,0.007193344
particleDestroy,0,4,0.007172324
particleDestroy,0,5,0.007188335
particleDestroy,0,6,0.007187282
particleDestroy,0,7,0.007185489
particleDestroy,0,8,0.007238902
particleDestroy,0,9,0.007190839
ScatterPIFNUFFT,0,0,2.055563369
ScatterPIFNUFFT,0,1,0.001261343
ScatterPIFNUFFT,0,2,2.050480248
ScatterPIFNUFFT,0,3,0.00125966
ScatterPIFNUFFT,0,4,2.053864954
ScatterPIFNUFFT,0,5,0.001256013
ScatterPIFNUFFT,0,6,2.044818039
ScatterPIFNUFFT,0,7,0.001260903
ScatterPIFNUFFT,0,8,2.052995969
ScatterPIFNUFFT,0,9,0.001261995
ScatterPIFNUFFT,0,10,2.052393513
ScatterPIFNUFFT,0,11,0.001268016
ScatterPIFNUFFT,0,12,2.055171665
ScatterPIFNUFFT,0,13,0.001266794
ScatterPIFNUFFT,0,14,2.04461717
ScatterPIFNUFFT,0,15,0.001259649
ScatterPIFNUFFT,0,16,2.050023
ScatterPIFNUFFT,0,17,0.001258508
ScatterPIFNUFFT,0,18,2.041702874
ScatterPIFNUFFT,0,19,0.001268056
NativeNUFFT1,0,0,2.053561571
NativeNUFFT1,0,1,2.048486105
NativeNUFFT1,0,2,2.051868867
NativeNUFFT1,0,3,2.042838664
NativeNUFFT1,0,4,2.051000684
NativeNUFFT1,0,5,2.050387958
NativeNUFFT1,0,6,2.053166762
NativeNUFFT1,0,7,2.042622967
NativeNUFFT1,0,8,2.048037774
NativeNUFFT1,0,9,2.039561095
scatterTimerNUFFT1,0,0,1.917148215
scatterTimerNUFFT1,0,1,1.916680875
scatterTimerNUFFT1,0,2,1.917797186
scatterTimerNUFFT1,0,3,1.918221167
scatterTimerNUFFT1,0,4,1.917032363
scatterTimerNUFFT1,0,5,1.918954458
scatterTimerNUFFT1,0,6,1.918068742
scatterTimerNUFFT1,0,7,1.916418646
scatterTimerNUFFT1,0,8,1.91815113
scatterTimerNUFFT1,0,9,1.917565026
binSort,0,0,0.007874555
binSort,0,1,0.007875336
binSort,0,2,0.00786239
binSort,0,3,0.007880956
binSort,0,4,0.007854124
binSort,0,5,0.007891507
binSort,0,6,0.007869864
binSort,0,7,0.007870717
binSort,0,8,0.007891517
binSort,0,9,0.007881468
binComputeKeys,0,0,0.00058371
binComputeKeys,0,1,0.000585694
binComputeKeys,0,2,0.000586396
binComputeKeys,0,3,0.000594642
binComputeKeys,0,4,0.000584963
binComputeKeys,0,5,0.000589662
binComputeKeys,0,6,0.000581236
binComputeKeys,0,7,0.000587869
binComputeKeys,0,8,0.000588479
binComputeKeys,0,9,0.000585935
binSortByKey,0,0,0.007062151
binSortByKey,0,1,0.007061259
binSortByKey,0,2,0.007046881
binSortByKey,0,3,0.007058122
binSortByKey,0,4,0.007040758
binSortByKey,0,5,0.007074514
binSortByKey,0,6,0.007059024
binSortByKey,0,7,0.007053553
binSortByKey,0,8,0.007074033
binSortByKey,0,9,0.007068082
binComputeOffsets,0,0,0.000225897
binComputeOffsets,0,1,0.000225015
binComputeOffsets,0,2,0.000225948
binComputeOffsets,0,3,0.000224866
binComputeOffsets,0,4,0.000224595
binComputeOffsets,0,5,0.000224064
binComputeOffsets,0,6,0.000225677
binComputeOffsets,0,7,0.000225868
binComputeOffsets,0,8,0.000222992
binComputeOffsets,0,9,0.000223784
FFTNUFFT1,0,0,0.13589447
FFTNUFFT1,0,1,0.13128422
FFTNUFFT1,0,2,0.133551464
FFTNUFFT1,0,3,0.124099124
FFTNUFFT1,0,4,0.13345117
FFTNUFFT1,0,5,0.130912992
FFTNUFFT1,0,6,0.134576599
FFTNUFFT1,0,7,0.125682801
FFTNUFFT1,0,8,0.129364102
FFTNUFFT1,0,9,0.121477555
deconvolutionNUFFT1,0,0,0.000514596
deconvolutionNUFFT1,0,1,0.000516079
deconvolutionNUFFT1,0,2,0.0005163
deconvolutionNUFFT1,0,3,0.000514407
deconvolutionNUFFT1,0,4,0.000512162
deconvolutionNUFFT1,0,5,0.000516471
deconvolutionNUFFT1,0,6,0.000517432
deconvolutionNUFFT1,0,7,0.000517313
deconvolutionNUFFT1,0,8,0.00051658
deconvolutionNUFFT1,0,9,0.000514617
GatherPIFNUFFT,0,0,4.254149685
GatherPIFNUFFT,0,1,4.247729659
GatherPIFNUFFT,0,2,4.243288438
GatherPIFNUFFT,0,3,4.247068211
GatherPIFNUFFT,0,4,4.228537174
GatherPIFNUFFT,0,5,4.226006883
GatherPIFNUFFT,0,6,4.209378892
GatherPIFNUFFT,0,7,4.212368973
GatherPIFNUFFT,0,8,4.196657039
GatherPIFNUFFT,0,9,4.200153122
NativeNUFFT2,0,0,1.41277241
NativeNUFFT2,0,1,1.413908325
NativeNUFFT2,0,2,1.416601029
NativeNUFFT2,0,3,1.411604316
NativeNUFFT2,0,4,1.41535438
NativeNUFFT2,0,5,1.40983595
NativeNUFFT2,0,6,1.410244362
NativeNUFFT2,0,7,1.411218941
NativeNUFFT2,0,8,1.410885374
NativeNUFFT2,0,9,1.414223641
NativeNUFFT2,0,10,1.414984564
NativeNUFFT2,0,11,1.406894904
NativeNUFFT2,0,12,1.40496246
NativeNUFFT2,0,13,1.408479214
NativeNUFFT2,0,14,1.404010347
NativeNUFFT2,0,15,1.404811679
NativeNUFFT2,0,16,1.402392113
NativeNUFFT2,0,17,1.407767626
NativeNUFFT2,0,18,1.397521667
NativeNUFFT2,0,19,1.405122031
NativeNUFFT2,0,20,1.395737941
NativeNUFFT2,0,21,1.403134349
NativeNUFFT2,0,22,1.39803416
NativeNUFFT2,0,23,1.400283988
NativeNUFFT2,0,24,1.395366231
NativeNUFFT2,0,25,1.39305764
NativeNUFFT2,0,26,1.397278276
NativeNUFFT2,0,27,1.396694917
NativeNUFFT2,0,28,1.395903932
NativeNUFFT2,0,29,1.396645692
PrecorrectionNUFFT2,0,0,0.001008333
PrecorrectionNUFFT2,0,1,0.000762587
PrecorrectionNUFFT2,0,2,0.000761655
PrecorrectionNUFFT2,0,3,0.000800231
PrecorrectionNUFFT2,0,4,0.000764972
PrecorrectionNUFFT2,0,5,0.000756626
PrecorrectionNUFFT2,0,6,0.000794039
PrecorrectionNUFFT2,0,7,0.000761476
PrecorrectionNUFFT2,0,8,0.000761175
PrecorrectionNUFFT2,0,9,0.000916435
PrecorrectionNUFFT2,0,10,0.000761415
PrecorrectionNUFFT2,0,11,0.000763829
PrecorrectionNUFFT2,0,12,0.000798898
PrecorrectionNUFFT2,0,13,0.000761686
PrecorrectionNUFFT2,0,14,0.000758961
PrecorrectionNUFFT2,0,15,0.000801302
PrecorrectionNUFFT2,0,16,0.000762958
PrecorrectionNUFFT2,0,17,0.000764872
PrecorrectionNUFFT2,0,18,0.000804669
PrecorrectionNUFFT2,0,19,0.000760483
PrecorrectionNUFFT2,0,20,0.00076425
PrecorrectionNUFFT2,0,21,0.000799219
PrecorrectionNUFFT2,0,22,0.000766434
PrecorrectionNUFFT2,0,23,0.00076377
PrecorrectionNUFFT2,0,24,0.000804107
PrecorrectionNUFFT2,0,25,0.000770403
PrecorrectionNUFFT2,0,26,0.000763039
PrecorrectionNUFFT2,0,27,0.000799108
PrecorrectionNUFFT2,0,28,0.00076391
PrecorrectionNUFFT2,0,29,0.000756646
FFTNUFFT2,0,0,0.130519198
FFTNUFFT2,0,1,0.129113927
FFTNUFFT2,0,2,0.129706444
FFTNUFFT2,0,3,0.134340151
FFTNUFFT2,0,4,0.131492185
FFTNUFFT2,0,5,0.124981383
FFTNUFFT2,0,6,0.1346186
FFTNUFFT2,0,7,0.133571392
FFTNUFFT2,0,8,0.130660373
FFTNUFFT2,0,9,0.136746402
FFTNUFFT2,0,10,0.134551079
FFTNUFFT2,0,11,0.129778214
FFTNUFFT2,0,12,0.123992537
FFTNUFFT2,0,13,0.131397741
FFTNUFFT2,0,14,0.129320087
FFTNUFFT2,0,15,0.130417242
FFTNUFFT2,0,16,0.132920751
FFTNUFFT2,0,17,0.130258204
FFTNUFFT2,0,18,0.128943718
FFTNUFFT2,0,19,0.132665006
FFTNUFFT2,0,20,0.127994249
FFTNUFFT2,0,21,0.133887875
FFTNUFFT2,0,22,0.127538626
FFTNUFFT2,0,23,0.130898154
FFTNUFFT2,0,24,0.131220578
FFTNUFFT2,0,25,0.13051401
FFTNUFFT2,0,26,0.13350869
FFTNUFFT2,0,27,0.134167538
FFTNUFFT2,0,28,0.134878514
FFTNUFFT2,0,29,0.130234127
GatherNUFFT2,0,0,1.281235119
GatherNUFFT2,0,1,1.284023484
GatherNUFFT2,0,2,1.286124292
GatherNUFFT2,0,3,1.276454387
GatherNUFFT2,0,4,1.283088176
GatherNUFFT2,0,5,1.284089406
GatherNUFFT2,0,6,1.274822836
GatherNUFFT2,0,7,1.276876866
GatherNUFFT2,0,8,1.279456132
GatherNUFFT2,0,9,1.276551475
GatherNUFFT2,0,10,1.279663674
GatherNUFFT2,0,11,1.27634227
GatherNUFFT2,0,12,1.280162839
GatherNUFFT2,0,13,1.27631121
GatherNUFFT2,0,14,1.273919196
GatherNUFFT2,0,15,1.273584938
GatherNUFFT2,0,16,1.268690379
GatherNUFFT2,0,17,1.276736664
GatherNUFFT2,0,18,1.267765276
GatherNUFFT2,0,19,1.271688245
GatherNUFFT2,0,20,1.266970355
GatherNUFFT2,0,21,1.268439751
GatherNUFFT2,0,22,1.269720462
GatherNUFFT2,0,23,1.268613608
GatherNUFFT2,0,24,1.263332288
GatherNUFFT2,0,25,1.26176413
GatherNUFFT2,0,26,1.262998591
GatherNUFFT2,0,27,1.261719354
GatherNUFFT2,0,28,1.260252381
GatherNUFFT2,0,29,1.265647124
mainTimer,1,0,63.095009045
dumpData,1,0,0.090138268
dumpData,1,1,0.089590626
dumpData,1,2,0.086612598
dumpData,1,3,0.087560463
dumpData,1,4,0.085115017
dumpData,1,5,0.08348057
dumpData,1,6,0.08059921
dumpData,1,7,0.085324994
dumpData,1,8,0.084912524
dumpData,1,9,0.085409355
kick,1,0,0.00110501
kick,1,1,0.001155187
kick,1,2,0.001108026
kick,1,3,0.00114581
kick,1,4,0.001116683
kick,1,5,0.00115111
kick,1,6,0.001107636
kick,1,7,0.001149557
kick,1,8,0.001101604
kick,1,9,0.001149577
kick,1,10,0.001105611
kick,1,11,0.00114121
kick,1,12,0.001100672
kick,1,13,0.001157733
kick,1,14,0.001092016
kick,1,15,0.001150058
kick,1,16,0.001111243
kick,1,17,0.001162522
kick,1,18,0.001103187
kick,1,19,0.001155879
drift,1,0,0.001076125
drift,1,1,0.001069993
drift,1,2,0.001077547
drift,1,3,0.001079722
drift,1,4,0.001076816
drift,1,5,0.001067248
drift,1,6,0.001071726
drift,1,7,0.001079862
drift,1,8,0.001083829
drift,1,9,0.001083289
particleBC,1,0,0.003193967
particleBC,1,1,0.003226781
particleBC,1,2,0.003204698
particleBC,1,3,0.003167997
particleBC,1,4,0.003182244
particleBC,1,5,0.003239144
particleBC,1,6,0.003185812
particleBC,1,7,0.003176663
particleBC,1,8,0.003189027
particleBC,1,9,0.003168708
updateParticle,1,0,0.016431459
updateParticle,1,1,0.016741369
updateParticle,1,2,0.017288509
updateParticle,1,3,0.016719558
updateParticle,1,4,0.0169428
updateParticle,1,5,0.015594027
updateParticle,1,6,0.01573998
updateParticle,1,7,0.016493309
updateParticle,1,8,0.015680445
updateParticle,1,9,0.016704288
locateParticles,1,0,0.003733642
locateParticles,1,1,0.003726628
locateParticles,1,2,0.003732299
locateParticles,1,3,0.00374301
locateParticles,1,4,0.003736938
locateParticles,1,5,0.003734404
locateParticles,1,6,0.003755154
locateParticles,1,7,0.003785333
locateParticles,1,8,0.003790503
locateParticles,1,9,0.003786003
sendPreprocess,1,0,0.001593777
sendPreprocess,1,1,0.001555383
sendPreprocess,1,2,0.001754589
sendPreprocess,1,3,0.00154829
sendPreprocess,1,4,0.001741143
sendPreprocess,1,5,0.001528611
sendPreprocess,1,6,0.001578417
sendPreprocess,1,7,0.001599368
sendPreprocess,1,8,0.001555122
sendPreprocess,1,9,0.001614478
particleSend,1,0,0.002494842
particleSend,1,1,0.001673101
particleSend,1,2,0.002574557
particleSend,1,3,0.001634576
particleSend,1,4,0.001617283
particleSend,1,5,0.001608035
particleSend,1,6,0.001609518
particleSend,1,7,0.001630979
particleSend,1,8,0.001619297
particleSend,1,9,0.001670737
particleRecv,1,0,4.9826e-05
particleRecv,1,1,4.9626e-05
particleRecv,1,2,5.2121e-05
particleRecv,1,3,4.9396e-05
particleRecv,1,4,4.7292e-05
particleRecv,1,5,4.643e-05
particleRecv,1,6,5.6269e-05
particleRecv,1,7,5.2131e-05
particleRecv,1,8,5.5237e-05
particleRecv,1,9,4.8935e-05
particleDestroy,1,0,0.006834479
particleDestroy,1,1,0.006862062
particleDestroy,1,2,0.006878205
particleDestroy,1,3,0.006896669
particleDestroy,1,4,0.006860429
particleDestroy,1,5,0.006849488
particleDestroy,1,6,0.006859658
particleDestroy,1,7,0.006852063
particleDestroy,1,8,0.006874116
particleDestroy,1,9,0.006859076
ScatterPIFNUFFT,1,0,2.046402493
ScatterPIFNUFFT,1,1,0.001265722
ScatterPIFNUFFT,1,2,2.051258675
ScatterPIFNUFFT,1,3,0.001252376
ScatterPIFNUFFT,1,4,2.054738136
ScatterPIFNUFFT,1,5,0.001258217
ScatterPIFNUFFT,1,6,2.053688342
ScatterPIFNUFFT,1,7,0.001261303
ScatterPIFNUFFT,1,8,2.042980268
ScatterPIFNUFFT,1,9,0.001258077
ScatterPIFNUFFT,1,10,2.056653334
ScatterPIFNUFFT,1,11,0.001262476
ScatterPIFNUFFT,1,12,2.047083748
ScatterPIFNUFFT,1,13,0.001259109
ScatterPIFNUFFT,1,14,2.050743417
ScatterPIFNUFFT,1,15,0.001255362
ScatterPIFNUFFT,1,16,2.049916143
ScatterPIFNUFFT,1,17,0.001260191
ScatterPIFNUFFT,1,18,2.047832087
ScatterPIFNUFFT,1,19,0.001252917
NativeNUFFT1,1,0,2.044508895
NativeNUFFT1,1,1,2.049379786
NativeNUFFT1,1,2,2.052858254
NativeNUFFT1,1,3,2.051788883
NativeNUFFT1,1,4,2.04110242
NativeNUFFT1,1,5,2.054764706
NativeNUFFT1,1,6,2.045187194
NativeNUFFT1,1,7,2.048866171
NativeNUFFT1,1,8,2.048011333
NativeNUFFT1,1,9,2.045950904
scatterTimerNUFFT1,1,0,1.917354074
scatterTimerNUFFT1,1,1,1.917778501
scatterTimerNUFFT1,1,2,1.918873371
scatterTimerNUFFT1,1,3,1.916846394
scatterTimerNUFFT1,1,4,1.915818501
scatterTimerNUFFT1,1,5,1.917741528
scatterTimerNUFFT1,1,6,1.916614496
scatterTimerNUFFT1,1,7,1.916290407
scatterTimerNUFFT1,1,8,1.917280875
scatterTimerNUFFT1,1,9,1.916789725
binSort,1,0,0.007388904
binSort,1,1,0.007391398
binSort,1,2,0.007399784
binSort,1,3,0.007391859
binSort,1,4,0.007425494
binSort,1,5,0.00737165
binSort,1,6,0.007354747
binSort,1,7,0.007396348
binSort,1,8,0.007401788
binSort,1,9,0.007416457
binComputeKeys,1,0,0.000551218
binComputeKeys,1,1,0.000551298
binComputeKeys,1,2,0.00054723
binComputeKeys,1,3,0.00054731
binComputeKeys,1,4,0.000547841
binComputeKeys,1,5,0.000544495
binComputeKeys,1,6,0.000546819
binComputeKeys,1,7,0.000544906
binComputeKeys,1,8,0.000552
binComputeKeys,1,9,0.000553522
binSortByKey,1,0,0.006619704
binSortByKey,1,1,0.006620455
binSortByKey,1,2,0.006637818
binSortByKey,1,3,0.006628921
binSortByKey,1,4,0.006660622
binSortByKey,1,5,0.006610075
binSortByKey,1,6,0.006589915
binSortByKey,1,7,0.006634012
binSortByKey,1,8,0.006632047
binSortByKey,1,9,0.006643469
binComputeOffsets,1,0,0.000215217
binComputeOffsets,1,1,0.000216459
binComputeOffsets,1,2,0.00021178
binComputeOffsets,1,3,0.000212502
binComputeOffsets,1,4,0.000213423
binComputeOffsets,1,5,0.000213824
binComputeOffsets,1,6,0.000214546
binComputeOffsets,1,7,0.000214135
binComputeOffsets,1,8,0.000213604
binComputeOffsets,1,9,0.00021648
FFTNUFFT1,1,0,0.126844911
FFTNUFFT1,1,1,0.131289271
FFTNUFFT1,1,2,0.133674942
FFTNUFFT1,1,3,0.134621206
FFTNUFFT1,1,4,0.124974609
FFTNUFFT1,1,5,0.136710252
FFTNUFFT1,1,6,0.128260814
FFTNUFFT1,1,7,0.132263278
FFTNUFFT1,1,8,0.130412092
FFTNUFFT1,1,9,0.128848113
deconvolutionNUFFT1,1,0,0.000306333
deconvolutionNUFFT1,1,1,0.000308528
deconvolutionNUFFT1,1,2,0.000306493
deconvolutionNUFFT1,1,3,0.000317745
deconvolutionNUFFT1,1,4,0.000305442
deconvolutionNUFFT1,1,5,0.000309459
deconvolutionNUFFT1,1,6,0.000308228
deconvolutionNUFFT1,1,7,0.000308938
deconvolutionNUFFT1,1,8,0.000314009
deconvolutionNUFFT1,1,9,0.000309449
GatherPIFNUFFT,1,0,4.179966945
GatherPIFNUFFT,1,1,4.163535817
GatherPIFNUFFT,1,2,4.162516274
GatherPIFNUFFT,1,3,4.159605707
GatherPIFNUFFT,1,4,4.162048198
GatherPIFNUFFT,1,5,4.146309971
GatherPIFNUFFT,1,6,4.14291233
GatherPIFNUFFT,1,7,4.12732281
GatherPIFNUFFT,1,8,4.117846695
GatherPIFNUFFT,1,9,4.115484142
NativeNUFFT2,1,0,1.336379709
NativeNUFFT2,1,1,1.41624993
NativeNUFFT2,1,2,1.416758243
NativeNUFFT2,1,3,1.328384139
NativeNUFFT2,1,4,1.413884483
NativeNUFFT2,1,5,1.41071375
NativeNUFFT2,1,6,1.331700915
NativeNUFFT2,1,7,1.41058347
NativeNUFFT2,1,8,1.409745495
NativeNUFFT2,1,9,1.326494831
NativeNUFFT2,1,10,1.413437167
NativeNUFFT2,1,11,1.409238564
NativeNUFFT2,1,12,1.333622206
NativeNUFFT2,1,13,1.414324768
NativeNUFFT2,1,14,1.403673454
NativeNUFFT2,1,15,1.321122253
NativeNUFFT2,1,16,1.404458836
NativeNUFFT2,1,17,1.410142405
NativeNUFFT2,1,18,1.329535241
NativeNUFFT2,1,19,1.402838207
NativeNUFFT2,1,20,1.400090352
NativeNUFFT2,1,21,1.318400981
NativeNUFFT2,1,22,1.397073219
NativeNUFFT2,1,23,1.401416321
NativeNUFFT2,1,24,1.31771843
NativeNUFFT2,1,25,1.39572645
NativeNUFFT2,1,26,1.393947253
NativeNUFFT2,1,27,1.316284343
NativeNUFFT2,1,28,1.392338025
NativeNUFFT2,1,29,1.396430538
PrecorrectionNUFFT2,1,0,0.000589051
PrecorrectionNUFFT2,1,1,0.000570616
PrecorrectionNUFFT2,1,2,0.000572008
PrecorrectionNUFFT2,1,3,0.00058863
PrecorrectionNUFFT2,1,4,0.000568101
PrecorrectionNUFFT2,1,5,0.000577749
PrecorrectionNUFFT2,1,6,0.000643166
PrecorrectionNUFFT2,1,7,0.000552991
PrecorrectionNUFFT2,1,8,0.000550437
PrecorrectionNUFFT2,1,9,0.000566257
PrecorrectionNUFFT2,1,10,0.000545747
PrecorrectionNUFFT2,1,11,0.000549755
PrecorrectionNUFFT2,1,12,0.000568552
PrecorrectionNUFFT2,1,13,0.000550075
PrecorrectionNUFFT2,1,14,0.000550557
PrecorrectionNUFFT2,1,15,0.000584672
PrecorrectionNUFFT2,1,16,0.000561448
PrecorrectionNUFFT2,1,17,0.000559284
PrecorrectionNUFFT2,1,18,0.000570545
PrecorrectionNUFFT2,1,19,0.000544866
PrecorrectionNUFFT2,1,20,0.000548753
PrecorrectionNUFFT2,1,21,0.000575434
PrecorrectionNUFFT2,1,22,0.000549434
PrecorrectionNUFFT2,1,23,0.000550666
PrecorrectionNUFFT2,1,24,0.000577319
PrecorrectionNUFFT2,1,25,0.000545266
PrecorrectionNUFFT2,1,26,0.000547521
PrecorrectionNUFFT2,1,27,0.000565897
PrecorrectionNUFFT2,1,28,0.000547481
PrecorrectionNUFFT2,1,29,0.000554614
FFTNUFFT2,1,0,0.131896035
FFTNUFFT2,1,1,0.219445388
FFTNUFFT2,1,2,0.219738505
FFTNUFFT2,1,3,0.132410973
FFTNUFFT2,1,4,0.220460155
FFTNUFFT2,1,5,0.214419202
FFTNUFFT2,1,6,0.132619919
FFTNUFFT2,1,7,0.213752542
FFTNUFFT2,1,8,0.214852261
FFTNUFFT2,1,9,0.134516241
FFTNUFFT2,1,10,0.217713544
FFTNUFFT2,1,11,0.217245868
FFTNUFFT2,1,12,0.140483963
FFTNUFFT2,1,13,0.219447453
FFTNUFFT2,1,14,0.211860527
FFTNUFFT2,1,15,0.127527033
FFTNUFFT2,1,16,0.214964249
FFTNUFFT2,1,17,0.214550979
FFTNUFFT2,1,18,0.14296085
FFTNUFFT2,1,19,0.215691187
FFTNUFFT2,1,20,0.21106239
FFTNUFFT2,1,21,0.133557025
FFTNUFFT2,1,22,0.210977045
FFTNUFFT2,1,23,0.217351122
FFTNUFFT2,1,24,0.132315549
FFTNUFFT2,1,25,0.210673467
FFTNUFFT2,1,26,0.211711498
FFTNUFFT2,1,27,0.134707243
FFTNUFFT2,1,28,0.212066105
FFTNUFFT2,1,29,0.21418055
GatherNUFFT2,1,0,1.203886507
GatherNUFFT2,1,1,1.196227144
GatherNUFFT2,1,2,1.196439844
GatherNUFFT2,1,3,1.195377672
GatherNUFFT2,1,4,1.192848473
GatherNUFFT2,1,5,1.195708983
GatherNUFFT2,1,6,1.19842707
GatherNUFFT2,1,7,1.196270392
GatherNUFFT2,1,8,1.194336206
GatherNUFFT2,1,9,1.191403766
GatherNUFFT2,1,10,1.195167626
GatherNUFFT2,1,11,1.191435306
GatherNUFFT2,1,12,1.192562379
GatherNUFFT2,1,13,1.194319554
GatherNUFFT2,1,14,1.191255568
GatherNUFFT2,1,15,1.193003344
GatherNUFFT2,1,16,1.188923592
GatherNUFFT2,1,17,1.195023857
GatherNUFFT2,1,18,1.185992193
GatherNUFFT2,1,19,1.186595412
GatherNUFFT2,1,20,1.188471044
GatherNUFFT2,1,21,1.184261298
GatherNUFFT2,1,22,1.185538533
GatherNUFFT2,1,23,1.183507348
GatherNUFFT2,1,24,1.184818068
GatherNUFFT2,1,25,1.184500442
GatherNUFFT2,1,26,1.181681321
GatherNUFFT2,1,27,1.181002948
GatherNUFFT2,1,28,1.179716724
GatherNUFFT2,1,29,1.181688079
mainTimer,2,0,63.095017392
dumpData,2,0,0.102887774
dumpData,2,1,0.098859271
dumpData,2,2,0.10040783
dumpData,2,3,0.096028197
dumpData,2,4,0.107278049
dumpData,2,5,0.097785661
dumpData,2,6,0.101331339
dumpData,2,7,0.096833357
dumpData,2,8,0.095700141
dumpData,2,9,0.105718416
kick,2,0,0.001091615
kick,2,1,0.001115621
kick,2,2,0.001087717
kick,2,3,0.001131102
kick,2,4,0.001082577
kick,2,5,0.001122014
kick,2,6,0.001083068
kick,2,7,0.001123887
kick,2,8,0.001087556
kick,2,9,0.001133796
kick,2,10,0.001114629
kick,2,11,0.001117925
kick,2,12,0.001088578
kick,2,13,0.001096864
kick,2,14,0.00109422
kick,2,15,0.001141512
kick,2,16,0.001080483
kick,2,17,0.001109609
kick,2,18,0.001075564
kick,2,19,0.001124608
drift,2,0,0.001082547
drift,2,1,0.001078729
drift,2,2,0.001072407
drift,2,3,0.001069823
drift,2,4,0.00107361
drift,2,5,0.001081655
drift,2,6,0.001084421
drift,2,7,0.001075814
drift,2,8,0.001096835
drift,2,9,0.001091073
particleBC,2,0,0.003186683
particleBC,2,1,0.003202944
particleBC,2,2,0.00321115
particleBC,2,3,0.003188727
particleBC,2,4,0.003205781
particleBC,2,5,0.003182755
particleBC,2,6,0.003169961
particleBC,2,7,0.003184027
particleBC,2,8,0.003174689
particleBC,2,9,0.003187194
updateParticle,2,0,0.01659701
updateParticle,2,1,0.016853557
updateParticle,2,2,0.017538564
updateParticle,2,3,0.016779945
updateParticle,2,4,0.017015761
updateParticle,2,5,0.015893678
updateParticle,2,6,0.016016085
updateParticle,2,7,0.016635935
updateParticle,2,8,0.016133032
updateParticle,2,9,0.016768142
locateParticles,2,0,0.003893302
locateParticles,2,1,0.003937337
locateParticles,2,2,0.003944821
locateParticles,2,3,0.003964329
locateParticles,2,4,0.00393389
locateParticles,2,5,0.003929993
locateParticles,2,6,0.003958498
locateParticles,2,7,0.003936766
locateParticles,2,8,0.003942899
locateParticles,2,9,0.003951304
sendPreprocess,2,0,0.001457634
sendPreprocess,2,1,0.001380314
sendPreprocess,2,2,0.001574991
sendPreprocess,2,3,0.001339555
sendPreprocess,2,4,0.001538511
sendPreprocess,2,5,0.00136301
sendPreprocess,2,6,0.001391325
sendPreprocess,2,7,0.00144546
sendPreprocess,2,8,0.00143524
sendPreprocess,2,9,0.001448667
particleSend,2,0,0.00164657
particleSend,2,1,0.001648333
particleSend,2,2,0.002582293
particleSend,2,3,0.00265291
particleSend,2,4,0.002810695
particleSend,2,5,0.001669945
particleSend,2,6,0.001723389
particleSend,2,7,0.001647181
particleSend,2,8,0.001716555
particleSend,2,9,0.002609445
particleRecv,2,0,4.613e-05
particleRecv,2,1,5.678e-05
particleRecv,2,2,4.8083e-05
particleRecv,2,3,5.1931e-05
particleRecv,2,4,5.3664e-05
particleRecv,2,5,5.6469e-05
particleRecv,2,6,5.0909e-05
particleRecv,2,7,5.2963e-05
particleRecv,2,8,5.1931e-05
particleRecv,2,9,4.9346e-05
particleDestroy,2,0,0.007200819
particleDestroy,2,1,0.007200107
particleDestroy,2,2,0.007257018
particleDestroy,2,3,0.007414042
particleDestroy,2,4,0.00728965
particleDestroy,2,5,0.007188244
particleDestroy,2,6,0.007233923
particleDestroy,2,7,0.007225817
particleDestroy,2,8,0.007262058
particleDestroy,2,9,0.007377832
ScatterPIFNUFFT,2,0,2.055510926
ScatterPIFNUFFT,2,1,0.001394681
ScatterPIFNUFFT,2,2,2.052830671
ScatterPIFNUFFT,2,3,0.001261333
ScatterPIFNUFFT,2,4,2.053827111
ScatterPIFNUFFT,2,5,0.001263888
ScatterPIFNUFFT,2,6,2.048559137
ScatterPIFNUFFT,2,7,0.001258297
ScatterPIFNUFFT,2,8,2.053349704
ScatterPIFNUFFT,2,9,0.001261313
ScatterPIFNUFFT,2,10,2.054515023
ScatterPIFNUFFT,2,11,0.001268828
ScatterPIFNUFFT,2,12,2.056121295
ScatterPIFNUFFT,2,13,0.001260812
ScatterPIFNUFFT,2,14,2.045626235
ScatterPIFNUFFT,2,15,0.001262054
ScatterPIFNUFFT,2,16,2.050964463
ScatterPIFNUFFT,2,17,0.001257716
ScatterPIFNUFFT,2,18,2.046455992
ScatterPIFNUFFT,2,19,0.001254961
NativeNUFFT1,2,0,2.053475153
NativeNUFFT1,2,1,2.050922635
NativeNUFFT1,2,2,2.051942941
NativeNUFFT1,2,3,2.046674035
NativeNUFFT1,2,4,2.051451968
NativeNUFFT1,2,5,2.052614802
NativeNUFFT1,2,6,2.054221574
NativeNUFFT1,2,7,2.043727648
NativeNUFFT1,2,8,2.049053211
NativeNUFFT1,2,9,2.044561412
scatterTimerNUFFT1,2,0,1.917532189
scatterTimerNUFFT1,2,1,1.917031785
scatterTimerNUFFT1,2,2,1.918128628
scatterTimerNUFFT1,2,3,1.918454028
scatterTimerNUFFT1,2,4,1.916723575
scatterTimerNUFFT1,2,5,1.919176398
scatterTimerNUFFT1,2,6,1.918446745
scatterTimerNUFFT1,2,7,1.916992548
scatterTimerNUFFT1,2,8,1.918484356
scatterTimerNUFFT1,2,9,1.917929172
binSort,2,0,0.007375298
binSort,2,1,0.007380337
binSort,2,2,0.007385676
binSort,2,3,0.007343705
binSort,2,4,0.007346331
binSort,2,5,0.007391618
binSort,2,6,0.007379074
binSort,2,7,0.007399043
binSort,2,8,0.007386558
binSort,2,9,0.007390967
binComputeKeys,2,0,0.000556498
binComputeKeys,2,1,0.000555075
binComputeKeys,2,2,0.000556619
binComputeKeys,2,3,0.000558552
binComputeKeys,2,4,0.000554434
binComputeKeys,2,5,0.000558673
binComputeKeys,2,6,0.000556017
binComputeKeys,2,7,0.000553602
binComputeKeys,2,8,0.000551539
binComputeKeys,2,9,0.000559273
binSortByKey,2,0,0.006603603
binSortByKey,2,1,0.006608461
binSortByKey,2,2,0.006610495
binSortByKey,2,3,0.00656183
binSortByKey,2,4,0.006577651
binSortByKey,2,5,0.006617399
binSortByKey,2,6,0.006607048
binSortByKey,2,7,0.006627959
binSortByKey,2,8,0.006620354
binSortByKey,2,9,0.006615966
binComputeOffsets,2,0,0.000212472
binComputeOffsets,2,1,0.000213573
binComputeOffsets,2,2,0.000215407
binComputeOffsets,2,3,0.000220037
binComputeOffsets,2,4,0.000211139
binComputeOffsets,2,5,0.000212271
binComputeOffsets,2,6,0.000212882
binComputeOffsets,2,7,0.000214085
binComputeOffsets,2,8,0.000210839
binComputeOffsets,2,9,0.000212421
FFTNUFFT1,2,0,0.135631331
FFTNUFFT1,2,1,0.133573786
FFTNUFFT1,2,2,0.133504844
FFTNUFFT1,2,3,0.127904175
FFTNUFFT1,2,4,0.134420938
FFTNUFFT1,2,5,0.133124456
FFTNUFFT1,2,6,0.13545965
FFTNUFFT1,2,7,0.126421292
FFTNUFFT1,2,8,0.130254677
FFTNUFFT1,2,9,0.126324784
deconvolutionNUFFT1,2,0,0.000307977
deconvolutionNUFFT1,2,1,0.000313467
deconvolutionNUFFT1,2,2,0.000305953
deconvolutionNUFFT1,2,3,0.000311884
deconvolutionNUFFT1,2,4,0.000303678
deconvolutionNUFFT1,2,5,0.00031009
deconvolutionNUFFT1,2,6,0.000311614
deconvolutionNUFFT1,2,7,0.000310251
deconvolutionNUFFT1,2,8,0.00030974
deconvolutionNUFFT1,2,9,0.000303839
GatherPIFNUFFT,2,0,4.157845905
GatherPIFNUFFT,2,1,4.152385427
GatherPIFNUFFT,2,2,4.149400547
GatherPIFNUFFT,2,3,4.15623123
GatherPIFNUFFT,2,4,4.129432798
GatherPIFNUFFT,2,5,4.133872349
GatherPIFNUFFT,2,6,4.112952315
GatherPIFNUFFT,2,7,4.120785647
GatherPIFNUFFT,2,8,4.105617676
GatherPIFNUFFT,2,9,4.096529916
NativeNUFFT2,2,0,1.315219911
NativeNUFFT2,2,1,1.421975171
NativeNUFFT2,2,2,1.410093733
NativeNUFFT2,2,3,1.318160816
NativeNUFFT2,2,4,1.412578604
NativeNUFFT2,2,5,1.41110569
NativeNUFFT2,2,6,1.321326137
NativeNUFFT2,2,7,1.410312064
NativeNUFFT2,2,8,1.407188803
NativeNUFFT2,2,9,1.317786022
NativeNUFFT2,2,10,1.406053634
NativeNUFFT2,2,11,1.421841107
NativeNUFFT2,2,12,1.313453999
NativeNUFFT2,2,13,1.4058805
NativeNUFFT2,2,14,1.399531821
NativeNUFFT2,2,15,1.303776713
NativeNUFFT2,2,16,1.41266915
NativeNUFFT2,2,17,1.406988546
NativeNUFFT2,2,18,1.296661971
NativeNUFFT2,2,19,1.416240388
NativeNUFFT2,2,20,1.389572438
NativeNUFFT2,2,21,1.313180198
NativeNUFFT2,2,22,1.39587686
NativeNUFFT2,2,23,1.401311438
NativeNUFFT2,2,24,1.306332965
NativeNUFFT2,2,25,1.394463994
NativeNUFFT2,2,26,1.394119717
NativeNUFFT2,2,27,1.306065097
NativeNUFFT2,2,28,1.3941581
NativeNUFFT2,2,29,1.385878308
PrecorrectionNUFFT2,2,0,0.000578411
PrecorrectionNUFFT2,2,1,0.00057251
PrecorrectionNUFFT2,2,2,0.000560215
PrecorrectionNUFFT2,2,3,0.000574172
PrecorrectionNUFFT2,2,4,0.000567479
PrecorrectionNUFFT2,2,5,0.000566908
PrecorrectionNUFFT2,2,6,0.000579683
PrecorrectionNUFFT2,2,7,0.000623979
PrecorrectionNUFFT2,2,8,0.000563792
PrecorrectionNUFFT2,2,9,0.000570104
PrecorrectionNUFFT2,2,10,0.000570014
PrecorrectionNUFFT2,2,11,0.000561047
PrecorrectionNUFFT2,2,12,0.000573701
PrecorrectionNUFFT2,2,13,0.000568311
PrecorrectionNUFFT2,2,14,0.000570314
PrecorrectionNUFFT2,2,15,0.000555576
PrecorrectionNUFFT2,2,16,0.000550456
PrecorrectionNUFFT2,2,17,0.000554565
PrecorrectionNUFFT2,2,18,0.000581657
PrecorrectionNUFFT2,2,19,0.000571958
PrecorrectionNUFFT2,2,20,0.000570425
PrecorrectionNUFFT2,2,21,0.00055778
PrecorrectionNUFFT2,2,22,0.000546749
PrecorrectionNUFFT2,2,23,0.000549154
PrecorrectionNUFFT2,2,24,0.000571296
PrecorrectionNUFFT2,2,25,0.000571267
PrecorrectionNUFFT2,2,26,0.00057788
PrecorrectionNUFFT2,2,27,0.000560215
PrecorrectionNUFFT2,2,28,0.00055758
PrecorrectionNUFFT2,2,29,0.000550707
FFTNUFFT2,2,0,0.130544628
FFTNUFFT2,2,1,0.230054549
FFTNUFFT2,2,2,0.22399997
FFTNUFFT2,2,3,0.134258963
FFTNUFFT2,2,4,0.223902193
FFTNUFFT2,2,5,0.221653026
FFTNUFFT2,2,6,0.13725175
FFTNUFFT2,2,7,0.221836821
FFTNUFFT2,2,8,0.22382876
FFTNUFFT2,2,9,0.136408237
FFTNUFFT2,2,10,0.229305629
FFTNUFFT2,2,11,0.235049566
FFTNUFFT2,2,12,0.121169348
FFTNUFFT2,2,13,0.227161697
FFTNUFFT2,2,14,0.225708361
FFTNUFFT2,2,15,0.130337878
FFTNUFFT2,2,16,0.230854219
FFTNUFFT2,2,17,0.221700408
FFTNUFFT2,2,18,0.128437867
FFTNUFFT2,2,19,0.236705222
FFTNUFFT2,2,20,0.218629639
FFTNUFFT2,2,21,0.140394118
FFTNUFFT2,2,22,0.218799067
FFTNUFFT2,2,23,0.223416992
FFTNUFFT2,2,24,0.131626094
FFTNUFFT2,2,25,0.218983314
FFTNUFFT2,2,26,0.220629342
FFTNUFFT2,2,27,0.129338232
FFTNUFFT2,2,28,0.220380069
FFTNUFFT2,2,29,0.221141395
GatherNUFFT2,2,0,1.184088256
GatherNUFFT2,2,1,1.191340678
GatherNUFFT2,2,2,1.185525492
GatherNUFFT2,2,3,1.183320386
GatherNUFFT2,2,4,1.188100636
GatherNUFFT2,2,5,1.188878372
GatherNUFFT2,2,6,1.18348727
GatherNUFFT2,2,7,1.187843008
GatherNUFFT2,2,8,1.182789037
GatherNUFFT2,2,9,1.180799184
GatherNUFFT2,2,10,1.176171249
GatherNUFFT2,2,11,1.186222448
GatherNUFFT2,2,12,1.191703144
GatherNUFFT2,2,13,1.178141827
GatherNUFFT2,2,14,1.173243877
GatherNUFFT2,2,15,1.172875594
GatherNUFFT2,2,16,1.181256148
GatherNUFFT2,2,17,1.184726039
GatherNUFFT2,2,18,1.16763408
GatherNUFFT2,2,19,1.178956153
GatherNUFFT2,2,20,1.170364519
GatherNUFFT2,2,21,1.172220754
GatherNUFFT2,2,22,1.176522819
GatherNUFFT2,2,23,1.177337787
GatherNUFFT2,2,24,1.17412787
GatherNUFFT2,2,25,1.174901698
GatherNUFFT2,2,26,1.172904781
GatherNUFFT2,2,27,1.176158634
GatherNUFFT2,2,28,1.173212957
GatherNUFFT2,2,29,1.164178691
mainTimer,3,0,63.095017812
dumpData,3,0,0.168633179
dumpData,3,1,0.169106097
dumpData,3,2,0.170975267
dumpData,3,3,0.16701761
dumpData,3,4,0.167829995
dumpData,3,5,0.167816368
dumpData,3,6,0.165389778
dumpData,3,7,0.166789881
dumpData,3,8,0.162742189
dumpData,3,9,0.170617824
kick,3,0,0.001015958
kick,3,1,0.001060063
kick,3,2,0.001007762
kick,3,3,0.001044423
kick,3,4,0.001013783
kick,3,5,0.001067387
kick,3,6,0.001015247
kick,3,7,0.001053561
kick,3,8,0.001021749
kick,3,9,0.001045355
kick,3,10,0.001113587
kick,3,11,0.001043702
kick,3,12,0.001015457
kick,3,13,0.001031438
kick,3,14,0.001014114
kick,3,15,0.001051356
kick,3,16,0.001000879
kick,3,17,0.001058881
kick,3,18,0.001019224
kick,3,19,0.001049253
drift,3,0,0.000996981
drift,3,1,0.001001501
drift,3,2,0.000999947
drift,3,3,0.001007852
drift,3,4,0.001004465
drift,3,5,0.001013834
drift,3,6,0.001004846
drift,3,7,0.001072177
drift,3,8,0.001008794
drift,3,9,0.000991902
particleBC,3,0,0.003011192
particleBC,3,1,0.002986666
particleBC,3,2,0.002971567
particleBC,3,3,0.002981776
particleBC,3,4,0.002980093
particleBC,3,5,0.002998729
particleBC,3,6,0.002998149
particleBC,3,7,0.002988147
particleBC,3,8,0.003023306
particleBC,3,9,0.00298393
updateParticle,3,0,0.016883825
updateParticle,3,1,0.017132848
updateParticle,3,2,0.018005359
updateParticle,3,3,0.01707725
updateParticle,3,4,0.017300392
updateParticle,3,5,0.016159352
updateParticle,3,6,0.016358919
updateParticle,3,7,0.016809671
updateParticle,3,8,0.016400771
updateParticle,3,9,0.017130735
locateParticles,3,0,0.003761215
locateParticles,3,1,0.003810501
locateParticles,3,2,0.003801374
locateParticles,3,3,0.003801854
locateParticles,3,4,0.003788037
locateParticles,3,5,0.003786576
locateParticles,3,6,0.003788147
locateParticles,3,7,0.003777769
locateParticles,3,8,0.003795232
locateParticles,3,9,0.003764081
sendPreprocess,3,0,0.001924709
sendPreprocess,3,1,0.001879251
sendPreprocess,3,2,0.002097433
sendPreprocess,3,3,0.001839313
sendPreprocess,3,4,0.002042577
sendPreprocess,3,5,0.00176034
sendPreprocess,3,6,0.00188414
sendPreprocess,3,7,0.001881164
sendPreprocess,3,8,0.001900181
sendPreprocess,3,9,0.001994033
particleSend,3,0,0.001655888
particleSend,3,1,0.001652011
particleSend,3,2,0.001683651
particleSend,3,3,0.001722527
particleSend,3,4,0.001660506
particleSend,3,5,0.001727626
particleSend,3,6,0.001651389
particleSend,3,7,0.001661027
particleSend,3,8,0.00167252
particleSend,3,9,0.001731034
particleRecv,3,0,5.67e-05
particleRecv,3,1,5.7461e-05
particleRecv,3,2,6.186e-05
particleRecv,3,3,5.4846e-05
particleRecv,3,4,5.5006e-05
particleRecv,3,5,5.707e-05
particleRecv,3,6,5.6149e-05
particleRecv,3,7,5.676e-05
particleRecv,3,8,5.687e-05
particleRecv,3,9,5.2963e-05
particleDestroy,3,0,0.006842034
particleDestroy,3,1,0.006943941
particleDestroy,3,2,0.006846913
particleDestroy,3,3,0.006824299
particleDestroy,3,4,0.006848105
particleDestroy,3,5,0.006895367
particleDestroy,3,6,0.006850951
particleDestroy,3,7,0.0068402
particleDestroy,3,8,0.006859668
particleDestroy,3,9,0.006851122
ScatterPIFNUFFT,3,0,2.045916982
ScatterPIFNUFFT,3,1,0.001268928
ScatterPIFNUFFT,3,2,2.052736378
ScatterPIFNUFFT,3,3,0.001266543
ScatterPIFNUFFT,3,4,2.055089155
ScatterPIFNUFFT,3,5,0.001261543
ScatterPIFNUFFT,3,6,2.054547426
ScatterPIFNUFFT,3,7,0.00126453
ScatterPIFNUFFT,3,8,2.04397254
ScatterPIFNUFFT,3,9,0.001266443
ScatterPIFNUFFT,3,10,2.058760567
ScatterPIFNUFFT,3,11,0.001267305
ScatterPIFNUFFT,3,12,2.046687751
ScatterPIFNUFFT,3,13,0.001267235
ScatterPIFNUFFT,3,14,2.051954794
ScatterPIFNUFFT,3,15,0.00125943
ScatterPIFNUFFT,3,16,2.054040773
ScatterPIFNUFFT,3,17,0.00126455
ScatterPIFNUFFT,3,18,2.052044677
ScatterPIFNUFFT,3,19,0.001255803
NativeNUFFT1,3,0,2.044113729
NativeNUFFT1,3,1,2.050921703
NativeNUFFT1,3,2,2.053266554
NativeNUFFT1,3,3,2.052715077
NativeNUFFT1,3,4,2.042144739
NativeNUFFT1,3,5,2.056939589
NativeNUFFT1,3,6,2.044864599
NativeNUFFT1,3,7,2.050145779
NativeNUFFT1,3,8,2.052213103
NativeNUFFT1,3,9,2.050227598
scatterTimerNUFFT1,3,0,1.918592874
scatterTimerNUFFT1,3,1,1.919247257
scatterTimerNUFFT1,3,2,1.91999293
scatterTimerNUFFT1,3,3,1.917980802
scatterTimerNUFFT1,3,4,1.917127306
scatterTimerNUFFT1,3,5,1.918782074
scatterTimerNUFFT1,3,6,1.917240317
scatterTimerNUFFT1,3,7,1.917741809
scatterTimerNUFFT1,3,8,1.918237217
scatterTimerNUFFT1,3,9,1.918141252
binSort,3,0,0.006963981
binSort,3,1,0.006954642
binSort,3,2,0.006986063
binSort,3,3,0.007065386
binSort,3,4,0.006977977
binSort,3,5,0.006983037
binSort,3,6,0.006995441
binSort,3,7,0.006983208
binSort,3,8,0.006966936
binSort,3,9,0.006971475
binComputeKeys,3,0,0.000522442
binComputeKeys,3,1,0.000515649
binComputeKeys,3,2,0.000521781
binComputeKeys,3,3,0.0006143
binComputeKeys,3,4,0.000521259
binComputeKeys,3,5,0.000519797
binComputeKeys,3,6,0.000520568
binComputeKeys,3,7,0.000518074
binComputeKeys,3,8,0.000522132
binComputeKeys,3,9,0.000523504
binSortByKey,3,0,0.006234077
binSortByKey,3,1,0.006227453
binSortByKey,3,2,0.006255276
binSortByKey,3,3,0.006241591
binSortByKey,3,4,0.006247913
binSortByKey,3,5,0.006255247
binSortByKey,3,6,0.006266679
binSortByKey,3,7,0.006255178
binSortByKey,3,8,0.006234557
binSortByKey,3,9,0.006239536
binComputeOffsets,3,0,0.000204606
binComputeOffsets,3,1,0.000208344
binComputeOffsets,3,2,0.000205779
binComputeOffsets,3,3,0.00020635
binComputeOffsets,3,4,0.000205077
binComputeOffsets,3,5,0.000204436
binComputeOffsets,3,6,0.000204476
binComputeOffsets,3,7,0.00020649
binComputeOffsets,3,8,0.000205278
binComputeOffsets,3,9,0.000205077
FFTNUFFT1,3,0,0.125206246
FFTNUFFT1,3,1,0.131359707
FFTNUFFT1,3,2,0.132948886
FFTNUFFT1,3,3,0.134416068
FFTNUFFT1,3,4,0.124707592
FFTNUFFT1,3,5,0.137837746
FFTNUFFT1,3,6,0.1273141
FFTNUFFT1,3,7,0.132087908
FFTNUFFT1,3,8,0.133663871
FFTNUFFT1,3,9,0.131767979
deconvolutionNUFFT1,3,0,0.000310732
deconvolutionNUFFT1,3,1,0.000310893
deconvolutionNUFFT1,3,2,0.000320661
deconvolutionNUFFT1,3,3,0.000314459
deconvolutionNUFFT1,3,4,0.000305061
deconvolutionNUFFT1,3,5,0.000316032
deconvolutionNUFFT1,3,6,0.000306123
deconvolutionNUFFT1,3,7,0.000312325
deconvolutionNUFFT1,3,8,0.000306744
deconvolutionNUFFT1,3,9,0.000314299
GatherPIFNUFFT,3,0,4.10194037
GatherPIFNUFFT,3,1,4.082606448
GatherPIFNUFFT,3,2,4.077549464
GatherPIFNUFFT,3,3,4.079356415
GatherPIFNUFFT,3,4,4.078410794
GatherPIFNUFFT,3,5,4.059671844
GatherPIFNUFFT,3,6,4.058340935
GatherPIFNUFFT,3,7,4.044700231
GatherPIFNUFFT,3,8,4.035600736
GatherPIFNUFFT,3,9,4.026107258
NativeNUFFT2,3,0,1.253056383
NativeNUFFT2,3,1,1.420682667
NativeNUFFT2,3,2,1.418201349
NativeNUFFT2,3,3,1.242373428
NativeNUFFT2,3,4,1.418809955
NativeNUFFT2,3,5,1.411403297
NativeNUFFT2,3,6,1.243431357
NativeNUFFT2,3,7,1.41649443
NativeNUFFT2,3,8,1.407574199
NativeNUFFT2,3,9,1.249424799
NativeNUFFT2,3,10,1.402622439
NativeNUFFT2,3,11,1.417288338
NativeNUFFT2,3,12,1.250981472
NativeNUFFT2,3,13,1.40713512
NativeNUFFT2,3,14,1.410140762
NativeNUFFT2,3,15,1.237937275
NativeNUFFT2,3,16,1.40413073
NativeNUFFT2,3,17,1.407467604
NativeNUFFT2,3,18,1.244627125
NativeNUFFT2,3,19,1.402419976
NativeNUFFT2,3,20,1.401263175
NativeNUFFT2,3,21,1.2364064
NativeNUFFT2,3,22,1.394434797
NativeNUFFT2,3,23,1.403720906
NativeNUFFT2,3,24,1.227202291
NativeNUFFT2,3,25,1.400853111
NativeNUFFT2,3,26,1.397528811
NativeNUFFT2,3,27,1.23024742
NativeNUFFT2,3,28,1.395099235
NativeNUFFT2,3,29,1.390632035
PrecorrectionNUFFT2,3,0,0.000573341
PrecorrectionNUFFT2,3,1,0.000548062
PrecorrectionNUFFT2,3,2,0.000550517
PrecorrectionNUFFT2,3,3,0.000566968
PrecorrectionNUFFT2,3,4,0.00055226
PrecorrectionNUFFT2,3,5,0.000553773
PrecorrectionNUFFT2,3,6,0.000567178
PrecorrectionNUFFT2,3,7,0.000550035
PrecorrectionNUFFT2,3,8,0.00054702
PrecorrectionNUFFT2,3,9,0.000566748
PrecorrectionNUFFT2,3,10,0.000547841
PrecorrectionNUFFT2,3,11,0.000594171
PrecorrectionNUFFT2,3,12,0.000595975
PrecorrectionNUFFT2,3,13,0.000588801
PrecorrectionNUFFT2,3,14,0.000576417
PrecorrectionNUFFT2,3,15,0.000584131
PrecorrectionNUFFT2,3,16,0.000573972
PrecorrectionNUFFT2,3,17,0.00056289
PrecorrectionNUFFT2,3,18,0.00056261
PrecorrectionNUFFT2,3,19,0.000555867
PrecorrectionNUFFT2,3,20,0.000555977
PrecorrectionNUFFT2,3,21,0.000587548
PrecorrectionNUFFT2,3,22,0.000575385
PrecorrectionNUFFT2,3,23,0.000576898
PrecorrectionNUFFT2,3,24,0.000559734
PrecorrectionNUFFT2,3,25,0.000553342
PrecorrectionNUFFT2,3,26,0.000553732
PrecorrectionNUFFT2,3,27,0.00058333
PrecorrectionNUFFT2,3,28,0.00056783
PrecorrectionNUFFT2,3,29,0.00056286
FFTNUFFT2,3,0,0.131126684
FFTNUFFT2,3,1,0.306410939
FFTNUFFT2,3,2,0.301962512
FFTNUFFT2,3,3,0.133112743
FFTNUFFT2,3,4,0.304661673
FFTNUFFT2,3,5,0.296349711
FFTNUFFT2,3,6,0.13393197
FFTNUFFT2,3,7,0.302808662
FFTNUFFT2,3,8,0.298967852
FFTNUFFT2,3,9,0.136570672
FFTNUFFT2,3,10,0.296276048
FFTNUFFT2,3,11,0.30554355
FFTNUFFT2,3,12,0.140640956
FFTNUFFT2,3,13,0.303679659
FFTNUFFT2,3,14,0.301054905
FFTNUFFT2,3,15,0.126836957
FFTNUFFT2,3,16,0.297017785
FFTNUFFT2,3,17,0.296274846
FFTNUFFT2,3,18,0.139226106
FFTNUFFT2,3,19,0.302551705
FFTNUFFT2,3,20,0.298435411
FFTNUFFT2,3,21,0.127401511
FFTNUFFT2,3,22,0.29378404
FFTNUFFT2,3,23,0.300005642
FFTNUFFT2,3,24,0.129761552
FFTNUFFT2,3,25,0.299323932
FFTNUFFT2,3,26,0.295275129
FFTNUFFT2,3,27,0.132643985
FFTNUFFT2,3,28,0.295193741
FFTNUFFT2,3,29,0.294967202
GatherNUFFT2,3,0,1.121349033
GatherNUFFT2,3,1,1.113715241
GatherNUFFT2,3,2,1.115679895
GatherNUFFT2,3,3,1.108685601
GatherNUFFT2,3,4,1.113587236
GatherNUFFT2,3,5,1.114492108
GatherNUFFT2,3,6,1.108924725
GatherNUFFT2,3,7,1.113127987
GatherNUFFT2,3,8,1.108051983
GatherNUFFT2,3,9,1.112278852
GatherNUFFT2,3,10,1.105791065
GatherNUFFT2,3,11,1.111143342
GatherNUFFT2,3,12,1.109736726
GatherNUFFT2,3,13,1.102858755
GatherNUFFT2,3,14,1.108500302
GatherNUFFT2,3,15,1.11050723
GatherNUFFT2,3,16,1.106528694
GatherNUFFT2,3,17,1.11062126
GatherNUFFT2,3,18,1.104831055
GatherNUFFT2,3,19,1.099304971
GatherNUFFT2,3,20,1.102263441
GatherNUFFT2,3,21,1.108409235
GatherNUFFT2,3,22,1.100067056
GatherNUFFT2,3,23,1.103130711
GatherNUFFT2,3,24,1.096873049
GatherNUFFT2,3,25,1.10096727
GatherNUFFT2,3,26,1.101692174
GatherNUFFT2,3,27,1.097013171
GatherNUFFT2,3,28,1.09933077
GatherNUFFT2,3,29,1.095093526
mainTimer,4,0,63.095016279
dumpData,4,0,0.089460745
dumpData,4,1,0.089577261
dumpData,4,2,0.088732825
dumpData,4,3,0.091812621
dumpData,4,4,0.091472742
dumpData,4,5,0.088380162
dumpData,4,6,0.086605264
dumpData,4,7,0.087412969
dumpData,4,8,0.085364089
dumpData,4,9,0.087205885
kick,4,0,0.001107225
kick,4,1,0.001159897
kick,4,2,0.001100291
kick,4,3,0.001141551
kick,4,4,0.001097456
kick,4,5,0.001152773
kick,4,6,0.001090853
kick,4,7,0.001147233
kick,4,8,0.001114408
kick,4,9,0.001153604
kick,4,10,0.001098999
kick,4,11,0.001143084
kick,4,12,0.001096815
kick,4,13,0.001137544
kick,4,14,0.001096815
kick,4,15,0.001140579
kick,4,16,0.001101734
kick,4,17,0.001147032
kick,4,18,0.001106794
kick,4,19,0.001147212
drift,4,0,0.001074412
drift,4,1,0.001084481
drift,4,2,0.001076805
drift,4,3,0.001074692
drift,4,4,0.001075413
drift,4,5,0.001069181
drift,4,6,0.001082407
drift,4,7,0.001087366
drift,4,8,0.001085623
drift,4,9,0.001079762
particleBC,4,0,0.003173016
particleBC,4,1,0.003197624
particleBC,4,2,0.003184438
particleBC,4,3,0.003178688
particleBC,4,4,0.00317459
particleBC,4,5,0.003188837
particleBC,4,6,0.003173708
particleBC,4,7,0.003187414
particleBC,4,8,0.003268842
particleBC,4,9,0.003217132
updateParticle,4,0,0.016743815
updateParticle,4,1,0.016919104
updateParticle,4,2,0.017587859
updateParticle,4,3,0.01694778
updateParticle,4,4,0.017100545
updateParticle,4,5,0.015940138
updateParticle,4,6,0.016097553
updateParticle,4,7,0.016691643
updateParticle,4,8,0.015996738
updateParticle,4,9,0.016876703
locateParticles,4,0,0.003987965
locateParticles,4,1,0.004004546
locateParticles,4,2,0.003968998
locateParticles,4,3,0.003994728
locateParticles,4,4,0.003982504
locateParticles,4,5,0.00400572
locateParticles,4,6,0.003966473
locateParticles,4,7,0.00399076
locateParticles,4,8,0.004005339
locateParticles,4,9,0.004014807
sendPreprocess,4,0,0.001366187
sendPreprocess,4,1,0.001297253
sendPreprocess,4,2,0.001557497
sendPreprocess,4,3,0.001307032
sendPreprocess,4,4,0.001489376
sendPreprocess,4,5,0.001312071
sendPreprocess,4,6,0.00137362
sendPreprocess,4,7,0.001370986
sendPreprocess,4,8,0.001266233
sendPreprocess,4,9,0.001336208
particleSend,4,0,0.00173943
particleSend,4,1,0.001764578
particleSend,4,2,0.001736705
particleSend,4,3,0.002754957
particleSend,4,4,0.001733628
particleSend,4,5,0.001733738
particleSend,4,6,0.001732897
particleSend,4,7,0.001742054
particleSend,4,8,0.001740001
particleSend,4,9,0.001735902
particleRecv,4,0,5.4706e-05
particleRecv,4,1,5.4876e-05
particleRecv,4,2,5.8052e-05
particleRecv,4,3,5.3914e-05
particleRecv,4,4,5.2081e-05
particleRecv,4,5,5.181e-05
particleRecv,4,6,5.5217e-05
particleRecv,4,7,5.3103e-05
particleRecv,4,8,5.3092e-05
particleRecv,4,9,5.5798e-05
particleDestroy,4,0,0.007472776
particleDestroy,4,1,0.007349447
particleDestroy,4,2,0.007267469
particleDestroy,4,3,0.007448047
particleDestroy,4,4,0.007277517
particleDestroy,4,5,0.007274732
particleDestroy,4,6,0.007290062
particleDestroy,4,7,0.00731516
particleDestroy,4,8,0.007287968
particleDestroy,4,9,0.007280994
ScatterPIFNUFFT,4,0,2.055998922
ScatterPIFNUFFT,4,1,0.001256313
ScatterPIFNUFFT,4,2,2.052762989
ScatterPIFNUFFT,4,3,0.001267586
ScatterPIFNUFFT,4,4,2.057210094
ScatterPIFNUFFT,4,5,0.001261915
ScatterPIFNUFFT,4,6,2.043838892
ScatterPIFNUFFT,4,7,0.001263117
ScatterPIFNUFFT,4,8,2.053343222
ScatterPIFNUFFT,4,9,0.001266683
ScatterPIFNUFFT,4,10,2.054581852
ScatterPIFNUFFT,4,11,0.001259691
ScatterPIFNUFFT,4,12,2.055760947
ScatterPIFNUFFT,4,13,0.001260823
ScatterPIFNUFFT,4,14,2.043824545
ScatterPIFNUFFT,4,15,0.001262115
ScatterPIFNUFFT,4,16,2.053126532
ScatterPIFNUFFT,4,17,0.001259701
ScatterPIFNUFFT,4,18,2.040659563
ScatterPIFNUFFT,4,19,0.001252437
NativeNUFFT1,4,0,2.054101376
NativeNUFFT1,4,1,2.050847489
NativeNUFFT1,4,2,2.055315554
NativeNUFFT1,4,3,2.041957899
NativeNUFFT1,4,4,2.051446498
NativeNUFFT1,4,5,2.052678625
NativeNUFFT1,4,6,2.053843772
NativeNUFFT1,4,7,2.041919044
NativeNUFFT1,4,8,2.051220189
NativeNUFFT1,4,9,2.038767639
scatterTimerNUFFT1,4,0,1.917008845
scatterTimerNUFFT1,4,1,1.916886453
scatterTimerNUFFT1,4,2,1.917782157
scatterTimerNUFFT1,4,3,1.918187693
scatterTimerNUFFT1,4,4,1.916744636
scatterTimerNUFFT1,4,5,1.918927796
scatterTimerNUFFT1,4,6,1.918012883
scatterTimerNUFFT1,4,7,1.91637915
scatterTimerNUFFT1,4,8,1.918158324
scatterTimerNUFFT1,4,9,1.917565847
binSort,4,0,0.007404554
binSort,4,1,0.007406637
binSort,4,2,0.007435874
binSort,4,3,0.007359235
binSort,4,4,0.007394964
binSort,4,5,0.007419021
binSort,4,6,0.007398391
binSort,4,7,0.007400386
binSort,4,8,0.007367542
binSort,4,9,0.007370988
binComputeKeys,4,0,0.000551619
binComputeKeys,4,1,0.000552971
binComputeKeys,4,2,0.000554224
binComputeKeys,4,3,0.000551398
binComputeKeys,4,4,0.000553773
binComputeKeys,4,5,0.000549635
binComputeKeys,4,6,0.000553973
binComputeKeys,4,7,0.000549104
binComputeKeys,4,8,0.000558432
binComputeKeys,4,9,0.00055279
binSortByKey,4,0,0.006637257
binSortByKey,4,1,0.006636115
binSortByKey,4,2,0.006663107
binSortByKey,4,3,0.006590026
binSortByKey,4,4,0.006624262
binSortByKey,4,5,0.006651876
binSortByKey,4,6,0.006624392
binSortByKey,4,7,0.006623892
binSortByKey,4,8,0.006588303
binSortByKey,4,9,0.00660244
binComputeOffsets,4,0,0.000212762
binComputeOffsets,4,1,0.000214185
binComputeOffsets,4,2,0.000215687
binComputeOffsets,4,3,0.000214606
binComputeOffsets,4,4,0.000213163
binComputeOffsets,4,5,0.000214165
binComputeOffsets,4,6,0.000215909
binComputeOffsets,4,7,0.000224174
binComputeOffsets,4,8,0.000215677
binComputeOffsets,4,9,0.000212652
FFTNUFFT1,4,0,0.136775587
FFTNUFFT1,4,1,0.133645836
FFTNUFFT1,4,2,0.137212515
FFTNUFFT1,4,3,0.12345749
FFTNUFFT1,4,4,0.134384337
FFTNUFFT1,4,5,0.133426912
FFTNUFFT1,4,6,0.135518083
FFTNUFFT1,4,7,0.125226026
FFTNUFFT1,4,8,0.132739941
FFTNUFFT1,4,9,0.120886881
deconvolutionNUFFT1,4,0,0.000312826
deconvolutionNUFFT1,4,1,0.000311343
deconvolutionNUFFT1,4,2,0.000316974
deconvolutionNUFFT1,4,3,0.000308768
deconvolutionNUFFT1,4,4,0.000313377
deconvolutionNUFFT1,4,5,0.00031995
deconvolutionNUFFT1,4,6,0.000307867
deconvolutionNUFFT1,4,7,0.000309459
deconvolutionNUFFT1,4,8,0.000317094
deconvolutionNUFFT1,4,9,0.000310982
GatherPIFNUFFT,4,0,4.170754099
GatherPIFNUFFT,4,1,4.161866843
GatherPIFNUFFT,4,2,4.157643154
GatherPIFNUFFT,4,3,4.164949228
GatherPIFNUFFT,4,4,4.14515319
GatherPIFNUFFT,4,5,4.143184497
GatherPIFNUFFT,4,6,4.127921561
GatherPIFNUFFT,4,7,4.131899324
GatherPIFNUFFT,4,8,4.113799885
GatherPIFNUFFT,4,9,4.120642594
NativeNUFFT2,4,0,1.327007795
NativeNUFFT2,4,1,1.416300608
NativeNUFFT2,4,2,1.416938793
NativeNUFFT2,4,3,1.323755793
NativeNUFFT2,4,4,1.414602364
NativeNUFFT2,4,5,1.413056779
NativeNUFFT2,4,6,1.324394973
NativeNUFFT2,4,7,1.410092428
NativeNUFFT2,4,8,1.412594044
NativeNUFFT2,4,9,1.333414435
NativeNUFFT2,4,10,1.411118506
NativeNUFFT2,4,11,1.409880798
NativeNUFFT2,4,12,1.318816907
NativeNUFFT2,4,13,1.411704312
NativeNUFFT2,4,14,1.404064782
NativeNUFFT2,4,15,1.318189192
NativeNUFFT2,4,16,1.40642763
NativeNUFFT2,4,17,1.408144445
NativeNUFFT2,4,18,1.316146234
NativeNUFFT2,4,19,1.404621511
NativeNUFFT2,4,20,1.396595803
NativeNUFFT2,4,21,1.323801934
NativeNUFFT2,4,22,1.397383289
NativeNUFFT2,4,23,1.400153093
NativeNUFFT2,4,24,1.311717025
NativeNUFFT2,4,25,1.391534339
NativeNUFFT2,4,26,1.399999616
NativeNUFFT2,4,27,1.322287311
NativeNUFFT2,4,28,1.392053464
NativeNUFFT2,4,29,1.395700635
PrecorrectionNUFFT2,4,0,0.000587709
PrecorrectionNUFFT2,4,1,0.000571598
PrecorrectionNUFFT2,4,2,0.000574543
PrecorrectionNUFFT2,4,3,0.000571757
PrecorrectionNUFFT2,4,4,0.000549384
PrecorrectionNUFFT2,4,5,0.000547942
PrecorrectionNUFFT2,4,6,0.000595354
PrecorrectionNUFFT2,4,7,0.000562449
PrecorrectionNUFFT2,4,8,0.000574723
PrecorrectionNUFFT2,4,9,0.000594121
PrecorrectionNUFFT2,4,10,0.000577679
PrecorrectionNUFFT2,4,11,0.00056813
PrecorrectionNUFFT2,4,12,0.000596405
PrecorrectionNUFFT2,4,13,0.000575725
PrecorrectionNUFFT2,4,14,0.000561608
PrecorrectionNUFFT2,4,15,0.000564343
PrecorrectionNUFFT2,4,16,0.000555446
PrecorrectionNUFFT2,4,17,0.000548893
PrecorrectionNUFFT2,4,18,0.000589401
PrecorrectionNUFFT2,4,19,0.000568872
PrecorrectionNUFFT2,4,20,0.00056286
PrecorrectionNUFFT2,4,21,0.000589552
PrecorrectionNUFFT2,4,22,0.000571557
PrecorrectionNUFFT2,4,23,0.000569283
PrecorrectionNUFFT2,4,24,0.000589722
PrecorrectionNUFFT2,4,25,0.000572559
PrecorrectionNUFFT2,4,26,0.000568201
PrecorrectionNUFFT2,4,27,0.000583881
PrecorrectionNUFFT2,4,28,0.000564804
PrecorrectionNUFFT2,4,29,0.000570215
FFTNUFFT2,4,0,0.131270183
FFTNUFFT2,4,1,0.218394502
FFTNUFFT2,4,2,0.211484957
FFTNUFFT2,4,3,0.125399121
FFTNUFFT2,4,4,0.214756396
FFTNUFFT2,4,5,0.215644225
FFTNUFFT2,4,6,0.124561318
FFTNUFFT2,4,7,0.220763252
FFTNUFFT2,4,8,0.218601564
FFTNUFFT2,4,9,0.139976189
FFTNUFFT2,4,10,0.22052985
FFTNUFFT2,4,11,0.214604412
FFTNUFFT2,4,12,0.125846969
FFTNUFFT2,4,13,0.217235117
FFTNUFFT2,4,14,0.211447626
FFTNUFFT2,4,15,0.13124764
FFTNUFFT2,4,16,0.222054724
FFTNUFFT2,4,17,0.21043746
FFTNUFFT2,4,18,0.129700574
FFTNUFFT2,4,19,0.213432742
FFTNUFFT2,4,20,0.21351997
FFTNUFFT2,4,21,0.136279027
FFTNUFFT2,4,22,0.211583099
FFTNUFFT2,4,23,0.209702837
FFTNUFFT2,4,24,0.131520549
FFTNUFFT2,4,25,0.215569771
FFTNUFFT2,4,26,0.220783981
FFTNUFFT2,4,27,0.137605586
FFTNUFFT2,4,28,0.21507332
FFTNUFFT2,4,29,0.214059918
GatherNUFFT2,4,0,1.195139953
GatherNUFFT2,4,1,1.197325842
GatherNUFFT2,4,2,1.204869563
GatherNUFFT2,4,3,1.19777703
GatherNUFFT2,4,4,1.199288428
GatherNUFFT2,4,5,1.196856797
GatherNUFFT2,4,6,1.199230365
GatherNUFFT2,4,7,1.188757158
GatherNUFFT2,4,8,1.193410652
GatherNUFFT2,4,9,1.192834337
GatherNUFFT2,4,10,1.190003643
GatherNUFFT2,4,11,1.194699599
GatherNUFFT2,4,12,1.192364535
GatherNUFFT2,4,13,1.193884922
GatherNUFFT2,4,14,1.192047652
GatherNUFFT2,4,15,1.186368612
GatherNUFFT2,4,16,1.1838069
GatherNUFFT2,4,17,1.197150176
GatherNUFFT2,4,18,1.185847973
GatherNUFFT2,4,19,1.190612783
GatherNUFFT2,4,20,1.182504726
GatherNUFFT2,4,21,1.186921071
GatherNUFFT2,4,22,1.185218995
GatherNUFFT2,4,23,1.18987319
GatherNUFFT2,4,24,1.179598628
GatherNUFFT2,4,25,1.175383913
GatherNUFFT2,4,26,1.178639389
GatherNUFFT2,4,27,1.184087984
GatherNUFFT2,4,28,1.176407925
GatherNUFFT2,4,29,1.181062467
mainTimer,5,0,63.095017552
dumpData,5,0,0.161043177
dumpData,5,1,0.158106809
dumpData,5,2,0.159401858
dumpData,5,3,0.159937285
dumpData,5,4,0.158734185
dumpData,5,5,0.15968643
dumpData,5,6,0.156665228
dumpData,5,7,0.158429925
dumpData,5,8,0.153580311
dumpData,5,9,0.157419056
kick,5,0,0.001022811
kick,5,1,0.001051968
kick,5,2,0.00101726
kick,5,3,0.00104822
kick,5,4,0.001026689
kick,5,5,0.001025146
kick,5,6,0.00102209
kick,5,7,0.001049012
kick,5,8,0.001009645
kick,5,9,0.001046958
kick,5,10,0.001014044
kick,5,11,0.001046166
kick,5,12,0.001017721
kick,5,13,0.001050946
kick,5,14,0.001019395
kick,5,15,0.001048721
kick,5,16,0.001015628
kick,5,17,0.001042359
kick,5,18,0.001023733
kick,5,19,0.001050946
drift,5,0,0.001028172
drift,5,1,0.001034003
drift,5,2,0.001019165
drift,5,3,0.001022711
drift,5,4,0.001023724
drift,5,5,0.001020536
drift,5,6,0.001019014
drift,5,7,0.001075223
drift,5,8,0.001020777
drift,5,9,0.00102703
particleBC,5,0,0.002988639
particleBC,5,1,0.002995583
particleBC,5,2,0.002994541
particleBC,5,3,0.002987587
particleBC,5,4,0.003006945
particleBC,5,5,0.002999249
particleBC,5,6,0.002997176
particleBC,5,7,0.003005041
particleBC,5,8,0.00298417
particleBC,5,9,0.002977968
updateParticle,5,0,0.016790715
updateParticle,5,1,0.016925977
updateParticle,5,2,0.01687605
updateParticle,5,3,0.017013928
updateParticle,5,4,0.016043367
updateParticle,5,5,0.015973793
updateParticle,5,6,0.01588945
updateParticle,5,7,0.016639632
updateParticle,5,8,0.01589438
updateParticle,5,9,0.016911109
locateParticles,5,0,0.003841622
locateParticles,5,1,0.00382533
locateParticles,5,2,0.003828306
locateParticles,5,3,0.003845038
locateParticles,5,4,0.003797295
locateParticles,5,5,0.003808478
locateParticles,5,6,0.003821853
locateParticles,5,7,0.003817836
locateParticles,5,8,0.003813898
locateParticles,5,9,0.003799089
sendPreprocess,5,0,0.001828683
sendPreprocess,5,1,0.001812752
sendPreprocess,5,2,0.002016226
sendPreprocess,5,3,0.001769959
sendPreprocess,5,4,0.002001467
sendPreprocess,5,5,0.001832098
sendPreprocess,5,6,0.001838371
sendPreprocess,5,7,0.00181681
sendPreprocess,5,8,0.001897416
sendPreprocess,5,9,0.001926902
particleSend,5,0,0.001612343
particleSend,5,1,0.001567727
particleSend,5,2,0.001564852
particleSend,5,3,0.001580923
particleSend,5,4,0.001563689
particleSend,5,5,0.001568859
particleSend,5,6,0.00162113
particleSend,5,7,0.001617483
particleSend,5,8,0.001608587
particleSend,5,9,0.002494924
particleRecv,5,0,4.7211e-05
particleRecv,5,1,4.3534e-05
particleRecv,5,2,4.4546e-05
particleRecv,5,3,5.0508e-05
particleRecv,5,4,4.9746e-05
particleRecv,5,5,4.4967e-05
particleRecv,5,6,5.0989e-05
particleRecv,5,7,4.5899e-05
particleRecv,5,8,4.4677e-05
particleRecv,5,9,4.7361e-05
particleDestroy,5,0,0.007139771
particleDestroy,5,1,0.006928361
particleDestroy,5,2,0.006917561
particleDestroy,5,3,0.006902411
particleDestroy,5,4,0.006907591
particleDestroy,5,5,0.006940484
particleDestroy,5,6,0.00694846
particleDestroy,5,7,0.006908513
particleDestroy,5,8,0.006895567
particleDestroy,5,9,0.006884075
ScatterPIFNUFFT,5,0,2.048462524
ScatterPIFNUFFT,5,1,0.001264469
ScatterPIFNUFFT,5,2,2.050257506
ScatterPIFNUFFT,5,3,0.001256343
ScatterPIFNUFFT,5,4,2.055203357
ScatterPIFNUFFT,5,5,0.001262445
ScatterPIFNUFFT,5,6,2.054449637
ScatterPIFNUFFT,5,7,0.001258919
ScatterPIFNUFFT,5,8,2.049193874
ScatterPIFNUFFT,5,9,0.001262856
ScatterPIFNUFFT,5,10,2.051940256
ScatterPIFNUFFT,5,11,0.00125971
ScatterPIFNUFFT,5,12,2.053115201
ScatterPIFNUFFT,5,13,0.00125969
ScatterPIFNUFFT,5,14,2.050175888
ScatterPIFNUFFT,5,15,0.001258909
ScatterPIFNUFFT,5,16,2.050681084
ScatterPIFNUFFT,5,17,0.001259771
ScatterPIFNUFFT,5,18,2.047348861
ScatterPIFNUFFT,5,19,0.001262095
NativeNUFFT1,5,0,2.046659562
NativeNUFFT1,5,1,2.048450306
NativeNUFFT1,5,2,2.053396326
NativeNUFFT1,5,3,2.052642445
NativeNUFFT1,5,4,2.047383087
NativeNUFFT1,5,5,2.050141902
NativeNUFFT1,5,6,2.05129726
NativeNUFFT1,5,7,2.04838051
NativeNUFFT1,5,8,2.048865116
NativeNUFFT1,5,9,2.04554609
scatterTimerNUFFT1,5,0,1.916123931
scatterTimerNUFFT1,5,1,1.916734198
scatterTimerNUFFT1,5,2,1.918553411
scatterTimerNUFFT1,5,3,1.916919436
scatterTimerNUFFT1,5,4,1.916347607
scatterTimerNUFFT1,5,5,1.917620875
scatterTimerNUFFT1,5,6,1.916683659
scatterTimerNUFFT1,5,7,1.915318084
scatterTimerNUFFT1,5,8,1.91702056
scatterTimerNUFFT1,5,9,1.91616785
binSort,5,0,0.006956817
binSort,5,1,0.006956697
binSort,5,2,0.007013405
binSort,5,3,0.007058393
binSort,5,4,0.007170129
binSort,5,5,0.006955103
binSort,5,6,0.007323556
binSort,5,7,0.006943841
binSort,5,8,0.007195248
binSort,5,9,0.007086036
binComputeKeys,5,0,0.000522863
binComputeKeys,5,1,0.000520789
binComputeKeys,5,2,0.000518304
binComputeKeys,5,3,0.00052165
binComputeKeys,5,4,0.000522753
binComputeKeys,5,5,0.000517422
binComputeKeys,5,6,0.000522613
binComputeKeys,5,7,0.000519286
binComputeKeys,5,8,0.0005215
binComputeKeys,5,9,0.000520668
binSortByKey,5,0,0.00623031
binSortByKey,5,1,0.006229828
binSortByKey,5,2,0.006295926
binSortByKey,5,3,0.006333197
binSortByKey,5,4,0.006442369
binSortByKey,5,5,0.006233305
binSortByKey,5,6,0.006595997
binSortByKey,5,7,0.006219068
binSortByKey,5,8,0.00646821
binSortByKey,5,9,0.006358927
binComputeOffsets,5,0,0.000200047
binComputeOffsets,5,1,0.000203253
binComputeOffsets,5,2,0.00019629
binComputeOffsets,5,3,0.000200829
binComputeOffsets,5,4,0.000201861
binComputeOffsets,5,5,0.00020131
binComputeOffsets,5,6,0.000201891
binComputeOffsets,5,7,0.000202522
binComputeOffsets,5,8,0.000201841
binComputeOffsets,5,9,0.000203043
FFTNUFFT1,5,0,0.130221783
FFTNUFFT1,5,1,0.131406066
FFTNUFFT1,5,2,0.134535179
FFTNUFFT1,5,3,0.135405865
FFTNUFFT1,5,4,0.130721943
FFTNUFFT1,5,5,0.132206848
FFTNUFFT1,5,6,0.134302267
FFTNUFFT1,5,7,0.132755231
FFTNUFFT1,5,8,0.131524778
FFTNUFFT1,5,9,0.129067548
deconvolutionNUFFT1,5,0,0.000310421
deconvolutionNUFFT1,5,1,0.000306624
deconvolutionNUFFT1,5,2,0.000303839
deconvolutionNUFFT1,5,3,0.000313528
deconvolutionNUFFT1,5,4,0.00030971
deconvolutionNUFFT1,5,5,0.000310651
deconvolutionNUFFT1,5,6,0.000307846
deconvolutionNUFFT1,5,7,0.000303548
deconvolutionNUFFT1,5,8,0.000314188
deconvolutionNUFFT1,5,9,0.000307255
GatherPIFNUFFT,5,0,4.10708716
GatherPIFNUFFT,5,1,4.096292389
GatherPIFNUFFT,5,2,4.090154712
GatherPIFNUFFT,5,3,4.086610397
GatherPIFNUFFT,5,4,4.083366732
GatherPIFNUFFT,5,5,4.074923649
GatherPIFNUFFT,5,6,4.061124578
GatherPIFNUFFT,5,7,4.054986778
GatherPIFNUFFT,5,8,4.048705481
GatherPIFNUFFT,5,9,4.044202091
NativeNUFFT2,5,0,1.266041246
NativeNUFFT2,5,1,1.413600599
NativeNUFFT2,5,2,1.417311224
NativeNUFFT2,5,3,1.258557037
NativeNUFFT2,5,4,1.414152752
NativeNUFFT2,5,5,1.413482385
NativeNUFFT2,5,6,1.258512741
NativeNUFFT2,5,7,1.412089948
NativeNUFFT2,5,8,1.409544076
NativeNUFFT2,5,9,1.256617131
NativeNUFFT2,5,10,1.411054362
NativeNUFFT2,5,11,1.408824433
NativeNUFFT2,5,12,1.2566793
NativeNUFFT2,5,13,1.411039484
NativeNUFFT2,5,14,1.405562563
NativeNUFFT2,5,15,1.252428437
NativeNUFFT2,5,16,1.404744749
NativeNUFFT2,5,17,1.407739921
NativeNUFFT2,5,18,1.249950416
NativeNUFFT2,5,19,1.405613002
NativeNUFFT2,5,20,1.395474361
NativeNUFFT2,5,21,1.250196813
NativeNUFFT2,5,22,1.39491075
NativeNUFFT2,5,23,1.399801824
NativeNUFFT2,5,24,1.247601104
NativeNUFFT2,5,25,1.39407434
NativeNUFFT2,5,26,1.396993966
NativeNUFFT2,5,27,1.244138187
NativeNUFFT2,5,28,1.396731086
NativeNUFFT2,5,29,1.393245456
PrecorrectionNUFFT2,5,0,0.000593971
PrecorrectionNUFFT2,5,1,0.000566878
PrecorrectionNUFFT2,5,2,0.000562409
PrecorrectionNUFFT2,5,3,0.000592137
PrecorrectionNUFFT2,5,4,0.000564093
PrecorrectionNUFFT2,5,5,0.000564764
PrecorrectionNUFFT2,5,6,0.00056761
PrecorrectionNUFFT2,5,7,0.00055223
PrecorrectionNUFFT2,5,8,0.00054727
PrecorrectionNUFFT2,5,9,0.00059376
PrecorrectionNUFFT2,5,10,0.000569423
PrecorrectionNUFFT2,5,11,0.000563662
PrecorrectionNUFFT2,5,12,0.000585203
PrecorrectionNUFFT2,5,13,0.000568972
PrecorrectionNUFFT2,5,14,0.000575054
PrecorrectionNUFFT2,5,15,0.00056262
PrecorrectionNUFFT2,5,16,0.000553572
PrecorrectionNUFFT2,5,17,0.000552059
PrecorrectionNUFFT2,5,18,0.000584372
PrecorrectionNUFFT2,5,19,0.000565185
PrecorrectionNUFFT2,5,20,0.000572489
PrecorrectionNUFFT2,5,21,0.00058368
PrecorrectionNUFFT2,5,22,0.000570435
PrecorrectionNUFFT2,5,23,0.000569784
PrecorrectionNUFFT2,5,24,0.000568742
PrecorrectionNUFFT2,5,25,0.000552801
PrecorrectionNUFFT2,5,26,0.000576777
PrecorrectionNUFFT2,5,27,0.000582248
PrecorrectionNUFFT2,5,28,0.000562329
PrecorrectionNUFFT2,5,29,0.000562359
FFTNUFFT2,5,0,0.135693942
FFTNUFFT2,5,1,0.287156662
FFTNUFFT2,5,2,0.290236077
FFTNUFFT2,5,3,0.134287519
FFTNUFFT2,5,4,0.290940522
FFTNUFFT2,5,5,0.284805137
FFTNUFFT2,5,6,0.133819643
FFTNUFFT2,5,7,0.286451257
FFTNUFFT2,5,8,0.286318729
FFTNUFFT2,5,9,0.132898969
FFTNUFFT2,5,10,0.285954724
FFTNUFFT2,5,11,0.288331569
FFTNUFFT2,5,12,0.136080793
FFTNUFFT2,5,13,0.291122214
FFTNUFFT2,5,14,0.286381452
FFTNUFFT2,5,15,0.131358175
FFTNUFFT2,5,16,0.287313036
FFTNUFFT2,5,17,0.287314279
FFTNUFFT2,5,18,0.136488844
FFTNUFFT2,5,19,0.289083335
FFTNUFFT2,5,20,0.281471791
FFTNUFFT2,5,21,0.133557536
FFTNUFFT2,5,22,0.279225819
FFTNUFFT2,5,23,0.287848282
FFTNUFFT2,5,24,0.131628688
FFTNUFFT2,5,25,0.279168689
FFTNUFFT2,5,26,0.282077334
FFTNUFFT2,5,27,0.136010918
FFTNUFFT2,5,28,0.283904513
FFTNUFFT2,5,29,0.281972881
GatherNUFFT2,5,0,1.129745448
GatherNUFFT2,5,1,1.125869433
GatherNUFFT2,5,2,1.126505023
GatherNUFFT2,5,3,1.123670848
GatherNUFFT2,5,4,1.122641565
GatherNUFFT2,5,5,1.12810573
GatherNUFFT2,5,6,1.124118486
GatherNUFFT2,5,7,1.125078927
GatherNUFFT2,5,8,1.122671544
GatherNUFFT2,5,9,1.123117077
GatherNUFFT2,5,10,1.124524053
GatherNUFFT2,5,11,1.119921968
GatherNUFFT2,5,12,1.120002562
GatherNUFFT2,5,13,1.119341003
GatherNUFFT2,5,14,1.118599585
GatherNUFFT2,5,15,1.120500427
GatherNUFFT2,5,16,1.116869474
GatherNUFFT2,5,17,1.11986647
GatherNUFFT2,5,18,1.112870788
GatherNUFFT2,5,19,1.11595796
GatherNUFFT2,5,20,1.113421885
GatherNUFFT2,5,21,1.116049044
GatherNUFFT2,5,22,1.115107301
GatherNUFFT2,5,23,1.111377957
GatherNUFFT2,5,24,1.115397031
GatherNUFFT2,5,25,1.114345735
GatherNUFFT2,5,26,1.114333312
GatherNUFFT2,5,27,1.107538118
GatherNUFFT2,5,28,1.112257611
GatherNUFFT2,5,29,1.110703103
mainTimer,6,0,63.095012332
dumpData,6,0,0.165908762
dumpData,6,1,0.176239845
dumpData,6,2,0.172524238
dumpData,6,3,0.173467675
dumpData,6,4,0.17419812
dumpData,6,5,0.163318616
dumpData,6,6,0.160327492
dumpData,6,7,0.168789092
dumpData,6,8,0.159669957
dumpData,6,9,0.160908416
kick,6,0,0.001023233
kick,6,1,0.00106879
kick,6,2,0.00102718
kick,6,3,0.001045435
kick,6,4,0.00103776
kick,6,5,0.00108395
kick,6,6,0.001027601
kick,6,7,0.001065754
kick,6,8,0.001021038
kick,6,9,0.001069912
kick,6,10,0.00102174
kick,6,11,0.001079481
kick,6,12,0.001030817
kick,6,13,0.001065985
kick,6,14,0.001034454
kick,6,15,0.001062227
kick,6,16,0.001026348
kick,6,17,0.001067248
kick,6,18,0.001033863
kick,6,19,0.001065164
drift,6,0,0.001005017
drift,6,1,0.001005548
drift,6,2,0.001013363
drift,6,3,0.001003124
drift,6,4,0.001010678
drift,6,5,0.001003003
drift,6,6,0.001013323
drift,6,7,0.000992964
drift,6,8,0.00101172
drift,6,9,0.001016319
particleBC,6,0,0.002995433
particleBC,6,1,0.002979011
particleBC,6,2,0.002992968
particleBC,6,3,0.00299945
particleBC,6,4,0.002993689
particleBC,6,5,0.003007465
particleBC,6,6,0.003011474
particleBC,6,7,0.002989651
particleBC,6,8,0.002984792
particleBC,6,9,0.003026081
updateParticle,6,0,0.016934984
updateParticle,6,1,0.017173356
updateParticle,6,2,0.017914021
updateParticle,6,3,0.017361231
updateParticle,6,4,0.017359276
updateParticle,6,5,0.016346284
updateParticle,6,6,0.016463
updateParticle,6,7,0.016943882
updateParticle,6,8,0.016495635
updateParticle,6,9,0.017117478
locateParticles,6,0,0.003998917
locateParticles,6,1,0.003977344
locateParticles,6,2,0.003962646
locateParticles,6,3,0.003970381
locateParticles,6,4,0.003979037
locateParticles,6,5,0.004166281
locateParticles,6,6,0.00400114
locateParticles,6,7,0.003976803
locateParticles,6,8,0.003958278
locateParticles,6,9,0.003997554
sendPreprocess,6,0,0.001682419
sendPreprocess,6,1,0.001693812
sendPreprocess,6,2,0.001876124
sendPreprocess,6,3,0.001644195
sendPreprocess,6,4,0.001833582
sendPreprocess,6,5,0.001474877
sendPreprocess,6,6,0.001634085
sendPreprocess,6,7,0.001738688
sendPreprocess,6,8,0.001748056
sendPreprocess,6,9,0.001679503
particleSend,6,0,0.001747415
particleSend,6,1,0.001745532
particleSend,6,2,0.002742332
particleSend,6,3,0.001803774
particleSend,6,4,0.001712407
particleSend,6,5,0.001727756
particleSend,6,6,0.001715503
particleSend,6,7,0.001722326
particleSend,6,8,0.001716806
particleSend,6,9,0.00172911
particleRecv,6,0,5.3514e-05
particleRecv,6,1,5.4565e-05
particleRecv,6,2,5.1009e-05
particleRecv,6,3,5.8203e-05
particleRecv,6,4,5.3834e-05
particleRecv,6,5,5.0117e-05
particleRecv,6,6,5.9435e-05
particleRecv,6,7,5.1981e-05
particleRecv,6,8,5.2001e-05
particleRecv,6,9,5.3113e-05
particleDestroy,6,0,0.007207441
particleDestroy,6,1,0.007205898
particleDestroy,6,2,0.007175479
particleDestroy,6,3,0.007214065
particleDestroy,6,4,0.007195108
particleDestroy,6,5,0.007236127
particleDestroy,6,6,0.007207242
particleDestroy,6,7,0.00721704
particleDestroy,6,8,0.007192292
particleDestroy,6,9,0.007211149
ScatterPIFNUFFT,6,0,2.056101661
ScatterPIFNUFFT,6,1,0.001256854
ScatterPIFNUFFT,6,2,2.055928311
ScatterPIFNUFFT,6,3,0.001269429
ScatterPIFNUFFT,6,4,2.055559176
ScatterPIFNUFFT,6,5,0.001268197
ScatterPIFNUFFT,6,6,2.049795141
ScatterPIFNUFFT,6,7,0.001268527
ScatterPIFNUFFT,6,8,2.054019793
ScatterPIFNUFFT,6,9,0.001264019
ScatterPIFNUFFT,6,10,2.056921785
ScatterPIFNUFFT,6,11,0.001262646
ScatterPIFNUFFT,6,12,2.056518614
ScatterPIFNUFFT,6,13,0.001258939
ScatterPIFNUFFT,6,14,2.044653631
ScatterPIFNUFFT,6,15,0.001262175
ScatterPIFNUFFT,6,16,2.052761084
ScatterPIFNUFFT,6,17,0.001260272
ScatterPIFNUFFT,6,18,2.050996197
ScatterPIFNUFFT,6,19,0.001269148
NativeNUFFT1,6,0,2.054280513
NativeNUFFT1,6,1,2.054081934
NativeNUFFT1,6,2,2.053736976
NativeNUFFT1,6,3,2.047971698
NativeNUFFT1,6,4,2.052217422
NativeNUFFT1,6,5,2.055098864
NativeNUFFT1,6,6,2.054694942
NativeNUFFT1,6,7,2.042824488
NativeNUFFT1,6,8,2.050925188
NativeNUFFT1,6,9,2.0491967
scatterTimerNUFFT1,6,0,1.917541787
scatterTimerNUFFT1,6,1,1.916784125
scatterTimerNUFFT1,6,2,1.917939742
scatterTimerNUFFT1,6,3,1.918055847
scatterTimerNUFFT1,6,4,1.916612289
scatterTimerNUFFT1,6,5,1.918963025
scatterTimerNUFFT1,6,6,1.917758381
scatterTimerNUFFT1,6,7,1.916900479
scatterTimerNUFFT1,6,8,1.918503363
scatterTimerNUFFT1,6,9,1.917766396
binSort,6,0,0.006978869
binSort,6,1,0.006965233
binSort,6,2,0.006997384
binSort,6,3,0.006997875
binSort,6,4,0.006971324
binSort,6,5,0.006964672
binSort,6,6,0.006991783
binSort,6,7,0.006998658
binSort,6,8,0.007009027
binSort,6,9,0.006972657
binComputeKeys,6,0,0.000523625
binComputeKeys,6,1,0.000520137
binComputeKeys,6,2,0.000521179
binComputeKeys,6,3,0.000521881
binComputeKeys,6,4,0.000519637
binComputeKeys,6,5,0.000522241
binComputeKeys,6,6,0.000523133
binComputeKeys,6,7,0.000522763
binComputeKeys,6,8,0.000515959
binComputeKeys,6,9,0.000521059
binSortByKey,6,0,0.0062463
binSortByKey,6,1,0.006234237
binSortByKey,6,2,0.006265947
binSortByKey,6,3,0.006264094
binSortByKey,6,4,0.00624185
binSortByKey,6,5,0.006231271
binSortByKey,6,6,0.006257741
binSortByKey,6,7,0.006265558
binSortByKey,6,8,0.006281648
binSortByKey,6,9,0.006232413
binComputeOffsets,6,0,0.000206219
binComputeOffsets,6,1,0.000207471
binComputeOffsets,6,2,0.00020668
binComputeOffsets,6,3,0.000208263
binComputeOffsets,6,4,0.00020632
binComputeOffsets,6,5,0.000207602
binComputeOffsets,6,6,0.000207402
binComputeOffsets,6,7,0.00020682
binComputeOffsets,6,8,0.000206089
binComputeOffsets,6,9,0.000215647
FFTNUFFT1,6,0,0.136426441
FFTNUFFT1,6,1,0.13698349
FFTNUFFT1,6,2,0.135480831
FFTNUFFT1,6,3,0.129599187
FFTNUFFT1,6,4,0.135280914
FFTNUFFT1,6,5,0.135828984
FFTNUFFT1,6,6,0.136623965
FFTNUFFT1,6,7,0.125606273
FFTNUFFT1,6,8,0.132105643
FFTNUFFT1,6,9,0.13111326
deconvolutionNUFFT1,6,0,0.000308127
deconvolutionNUFFT1,6,1,0.000310522
deconvolutionNUFFT1,6,2,0.000311834
deconvolutionNUFFT1,6,3,0.000312956
deconvolutionNUFFT1,6,4,0.000319659
deconvolutionNUFFT1,6,5,0.000302896
deconvolutionNUFFT1,6,6,0.000308658
deconvolutionNUFFT1,6,7,0.000313517
deconvolutionNUFFT1,6,8,0.000310982
deconvolutionNUFFT1,6,9,0.000312836
GatherPIFNUFFT,6,0,4.094407448
GatherPIFNUFFT,6,1,4.072220108
GatherPIFNUFFT,6,2,4.075534661
GatherPIFNUFFT,6,3,4.077318288
GatherPIFNUFFT,6,4,4.061900621
GatherPIFNUFFT,6,5,4.065859
GatherPIFNUFFT,6,6,4.053405215
GatherPIFNUFFT,6,7,4.049900194
GatherPIFNUFFT,6,8,4.039861028
GatherPIFNUFFT,6,9,4.036728413
NativeNUFFT2,6,0,1.241434901
NativeNUFFT2,6,1,1.421787768
NativeNUFFT2,6,2,1.421136324
NativeNUFFT2,6,3,1.240807654
NativeNUFFT2,6,4,1.416598541
NativeNUFFT2,6,5,1.404683539
NativeNUFFT2,6,6,1.251708121
NativeNUFFT2,6,7,1.400464487
NativeNUFFT2,6,8,1.413214877
NativeNUFFT2,6,9,1.255413499
NativeNUFFT2,6,10,1.403492002
NativeNUFFT2,6,11,1.4083899
NativeNUFFT2,6,12,1.245034513
NativeNUFFT2,6,13,1.405428584
NativeNUFFT2,6,14,1.401342508
NativeNUFFT2,6,15,1.24026271
NativeNUFFT2,6,16,1.397116353
NativeNUFFT2,6,17,1.418444176
NativeNUFFT2,6,18,1.241663975
NativeNUFFT2,6,19,1.404896043
NativeNUFFT2,6,20,1.396699294
NativeNUFFT2,6,21,1.249738365
NativeNUFFT2,6,22,1.387092043
NativeNUFFT2,6,23,1.402973178
NativeNUFFT2,6,24,1.229197536
NativeNUFFT2,6,25,1.401708197
NativeNUFFT2,6,26,1.398866614
NativeNUFFT2,6,27,1.236154142
NativeNUFFT2,6,28,1.395264084
NativeNUFFT2,6,29,1.395205833
PrecorrectionNUFFT2,6,0,0.000571166
PrecorrectionNUFFT2,6,1,0.000554153
PrecorrectionNUFFT2,6,2,0.000552981
PrecorrectionNUFFT2,6,3,0.000590374
PrecorrectionNUFFT2,6,4,0.000566958
PrecorrectionNUFFT2,6,5,0.000568912
PrecorrectionNUFFT2,6,6,0.000580805
PrecorrectionNUFFT2,6,7,0.000572369
PrecorrectionNUFFT2,6,8,0.000562961
PrecorrectionNUFFT2,6,9,0.000573731
PrecorrectionNUFFT2,6,10,0.000554264
PrecorrectionNUFFT2,6,11,0.000560435
PrecorrectionNUFFT2,6,12,0.000590354
PrecorrectionNUFFT2,6,13,0.00055756
PrecorrectionNUFFT2,6,14,0.000573782
PrecorrectionNUFFT2,6,15,0.000568491
PrecorrectionNUFFT2,6,16,0.000552941
PrecorrectionNUFFT2,6,17,0.000555045
PrecorrectionNUFFT2,6,18,0.000589341
PrecorrectionNUFFT2,6,19,0.000566146
PrecorrectionNUFFT2,6,20,0.000576827
PrecorrectionNUFFT2,6,21,0.000594442
PrecorrectionNUFFT2,6,22,0.000572108
PrecorrectionNUFFT2,6,23,0.000577148
PrecorrectionNUFFT2,6,24,0.000591074
PrecorrectionNUFFT2,6,25,0.000565455
PrecorrectionNUFFT2,6,26,0.000563872
PrecorrectionNUFFT2,6,27,0.000585024
PrecorrectionNUFFT2,6,28,0.000568011
PrecorrectionNUFFT2,6,29,0.000573722
FFTNUFFT2,6,0,0.130785594
FFTNUFFT2,6,1,0.30347388
FFTNUFFT2,6,2,0.29558048
FFTNUFFT2,6,3,0.124270294
FFTNUFFT2,6,4,0.295715372
FFTNUFFT2,6,5,0.290222101
FFTNUFFT2,6,6,0.127735837
FFTNUFFT2,6,7,0.292633722
FFTNUFFT2,6,8,0.299503149
FFTNUFFT2,6,9,0.133578867
FFTNUFFT2,6,10,0.293282419
FFTNUFFT2,6,11,0.29474918
FFTNUFFT2,6,12,0.121249603
FFTNUFFT2,6,13,0.292730059
FFTNUFFT2,6,14,0.289980964
FFTNUFFT2,6,15,0.131174689
FFTNUFFT2,6,16,0.29492947
FFTNUFFT2,6,17,0.295297894
FFTNUFFT2,6,18,0.130298282
FFTNUFFT2,6,19,0.289023689
FFTNUFFT2,6,20,0.282545461
FFTNUFFT2,6,21,0.142051729
FFTNUFFT2,6,22,0.281196528
FFTNUFFT2,6,23,0.293944743
FFTNUFFT2,6,24,0.132751724
FFTNUFFT2,6,25,0.294436255
FFTNUFFT2,6,26,0.287330801
FFTNUFFT2,6,27,0.123539869
FFTNUFFT2,6,28,0.28860011
FFTNUFFT2,6,29,0.283238001
GatherNUFFT2,6,0,1.110066999
GatherNUFFT2,6,1,1.117750236
GatherNUFFT2,6,2,1.124992675
GatherNUFFT2,6,3,1.115937618
GatherNUFFT2,6,4,1.120308295
GatherNUFFT2,6,5,1.113883259
GatherNUFFT2,6,6,1.12338247
GatherNUFFT2,6,7,1.107248698
GatherNUFFT2,6,8,1.113140821
GatherNUFFT2,6,9,1.121251272
GatherNUFFT2,6,10,1.109647073
GatherNUFFT2,6,11,1.113070786
GatherNUFFT2,6,12,1.12318623
GatherNUFFT2,6,13,1.112131688
GatherNUFFT2,6,14,1.110778084
GatherNUFFT2,6,15,1.108510823
GatherNUFFT2,6,16,1.101619885
GatherNUFFT2,6,17,1.122582241
GatherNUFFT2,6,18,1.110767905
GatherNUFFT2,6,19,1.115298091
GatherNUFFT2,6,20,1.113567047
GatherNUFFT2,6,21,1.107083908
GatherNUFFT2,6,22,1.105313408
GatherNUFFT2,6,23,1.108442841
GatherNUFFT2,6,24,1.095846371
GatherNUFFT2,6,25,1.106697831
GatherNUFFT2,6,26,1.110963965
GatherNUFFT2,6,27,1.112020582
GatherNUFFT2,6,28,1.106088139
GatherNUFFT2,6,29,1.111385294
mainTimer,7,0,63.09501679
dumpData,7,0,0.245635541
dumpData,7,1,0.245136125
dumpData,7,2,0.243078418
dumpData,7,3,0.246192031
dumpData,7,4,0.244653911
dumpData,7,5,0.243082737
dumpData,7,6,0.239613808
dumpData,7,7,0.243243479
dumpData,7,8,0.239547719
dumpData,7,9,0.239501408
kick,7,0,0.000964418
kick,7,1,0.001000789
kick,7,2,0.000959849
kick,7,3,0.001008473
kick,7,4,0.000964788
kick,7,5,0.000996441
kick,7,6,0.000967404
kick,7,7,0.001002682
kick,7,8,0.000957204
kick,7,9,0.001009255
kick,7,10,0.000959088
kick,7,11,0.001003985
kick,7,12,0.000960039
kick,7,13,0.000986902
kick,7,14,0.000959168
kick,7,15,0.001001871
kick,7,16,0.000959478
kick,7,17,0.000998895
kick,7,18,0.000966071
kick,7,19,0.000976011
drift,7,0,0.000972324
drift,7,1,0.000959158
drift,7,2,0.000957816
drift,7,3,0.000961593
drift,7,4,0.000977854
drift,7,5,0.000952956
drift,7,6,0.000967504
drift,7,7,0.000975931
drift,7,8,0.000968125
drift,7,9,0.000962034
particleBC,7,0,0.002819341
particleBC,7,1,0.002797038
particleBC,7,2,0.002804844
particleBC,7,3,0.002848267
particleBC,7,4,0.002809422
particleBC,7,5,0.002801185
particleBC,7,6,0.002806927
particleBC,7,7,0.00279833
particleBC,7,8,0.00280803
particleBC,7,9,0.002789934
updateParticle,7,0,0.016796006
updateParticle,7,1,0.016942398
updateParticle,7,2,0.018050315
updateParticle,7,3,0.017370248
updateParticle,7,4,0.017433551
updateParticle,7,5,0.016654782
updateParticle,7,6,0.016671594
updateParticle,7,7,0.016697565
updateParticle,7,8,0.016716933
updateParticle,7,9,0.017284492
locateParticles,7,0,0.003804921
locateParticles,7,1,0.003807866
locateParticles,7,2,0.003778218
locateParticles,7,3,0.003767067
locateParticles,7,4,0.003792867
locateParticles,7,5,0.003784582
locateParticles,7,6,0.003777787
locateParticles,7,7,0.003813107
locateParticles,7,8,0.003760415
locateParticles,7,9,0.003790763
sendPreprocess,7,0,0.002146889
sendPreprocess,7,1,0.002160836
sendPreprocess,7,2,0.002376263
sendPreprocess,7,3,0.002100148
sendPreprocess,7,4,0.002299545
sendPreprocess,7,5,0.002175404
sendPreprocess,7,6,0.002181286
sendPreprocess,7,7,0.002185553
sendPreprocess,7,8,0.002234077
sendPreprocess,7,9,0.002244237
particleSend,7,0,0.001671297
particleSend,7,1,0.001663142
particleSend,7,2,0.00166201
particleSend,7,3,0.001782543
particleSend,7,4,0.001714281
particleSend,7,5,0.001720142
particleSend,7,6,0.001681137
particleSend,7,7,0.00165673
particleSend,7,8,0.001658413
particleSend,7,9,0.001721475
particleRecv,7,0,5.9595e-05
particleRecv,7,1,5.4145e-05
particleRecv,7,2,5.1711e-05
particleRecv,7,3,5.3854e-05
particleRecv,7,4,6.2171e-05
particleRecv,7,5,5.5968e-05
particleRecv,7,6,5.4826e-05
particleRecv,7,7,5.2271e-05
particleRecv,7,8,5.2542e-05
particleRecv,7,9,5.3113e-05
particleDestroy,7,0,0.006932108
particleDestroy,7,1,0.006940274
particleDestroy,7,2,0.006934123
particleDestroy,7,3,0.006943821
particleDestroy,7,4,0.006921087
particleDestroy,7,5,0.006851482
particleDestroy,7,6,0.006863896
particleDestroy,7,7,0.006846172
particleDestroy,7,8,0.00687105
particleDestroy,7,9,0.006836853
ScatterPIFNUFFT,7,0,2.050820622
ScatterPIFNUFFT,7,1,0.001263467
ScatterPIFNUFFT,7,2,2.052188196
ScatterPIFNUFFT,7,3,0.001261593
ScatterPIFNUFFT,7,4,2.051895389
ScatterPIFNUFFT,7,5,0.001262395
ScatterPIFNUFFT,7,6,2.05517939
ScatterPIFNUFFT,7,7,0.001268738
ScatterPIFNUFFT,7,8,2.048477126
ScatterPIFNUFFT,7,9,0.001257536
ScatterPIFNUFFT,7,10,2.052504128
ScatterPIFNUFFT,7,11,0.001265
ScatterPIFNUFFT,7,12,2.049023796
ScatterPIFNUFFT,7,13,0.001260972
ScatterPIFNUFFT,7,14,2.051294355
ScatterPIFNUFFT,7,15,0.00125975
ScatterPIFNUFFT,7,16,2.056991318
ScatterPIFNUFFT,7,17,0.001261403
ScatterPIFNUFFT,7,18,2.05516905
ScatterPIFNUFFT,7,19,0.001392157
NativeNUFFT1,7,0,2.049082895
NativeNUFFT1,7,1,2.050441603
NativeNUFFT1,7,2,2.050170428
NativeNUFFT1,7,3,2.053436944
NativeNUFFT1,7,4,2.046721796
NativeNUFFT1,7,5,2.050761402
NativeNUFFT1,7,6,2.047266121
NativeNUFFT1,7,7,2.049548713
NativeNUFFT1,7,8,2.055238372
NativeNUFFT1,7,9,2.053420763
scatterTimerNUFFT1,7,0,1.916645711
scatterTimerNUFFT1,7,1,1.917060139
scatterTimerNUFFT1,7,2,1.917968398
scatterTimerNUFFT1,7,3,1.916729698
scatterTimerNUFFT1,7,4,1.915264028
scatterTimerNUFFT1,7,5,1.917358977
scatterTimerNUFFT1,7,6,1.916307911
scatterTimerNUFFT1,7,7,1.915895593
scatterTimerNUFFT1,7,8,1.916735077
scatterTimerNUFFT1,7,9,1.916332478
binSort,7,0,0.006568344
binSort,7,1,0.00676804
binSort,7,2,0.006717813
binSort,7,3,0.006595055
binSort,7,4,0.006586258
binSort,7,5,0.00659743
binSort,7,6,0.006884746
binSort,7,7,0.006551712
binSort,7,8,0.006580257
binSort,7,9,0.006579205
binComputeKeys,7,0,0.000481393
binComputeKeys,7,1,0.00048001
binComputeKeys,7,2,0.000482154
binComputeKeys,7,3,0.000485049
binComputeKeys,7,4,0.000485381
binComputeKeys,7,5,0.000486001
binComputeKeys,7,6,0.000486282
binComputeKeys,7,7,0.00048516
binComputeKeys,7,8,0.000489708
binComputeKeys,7,9,0.00048518
binSortByKey,7,0,0.005891693
binSortByKey,7,1,0.006086019
binSortByKey,7,2,0.006035782
binSortByKey,7,3,0.005914096
binSortByKey,7,4,0.005899808
binSortByKey,7,5,0.005911481
binSortByKey,7,6,0.006197826
binSortByKey,7,7,0.005871645
binSortByKey,7,8,0.005887746
binSortByKey,7,9,0.005897233
binComputeOffsets,7,0,0.000192443
binComputeOffsets,7,1,0.000198745
binComputeOffsets,7,2,0.00019662
binComputeOffsets,7,3,0.000192272
binComputeOffsets,7,4,0.000197042
binComputeOffsets,7,5,0.00019627
binComputeOffsets,7,6,0.000197263
binComputeOffsets,7,7,0.000191331
binComputeOffsets,7,8,0.000197913
binComputeOffsets,7,9,0.000193274
FFTNUFFT1,7,0,0.132116974
FFTNUFFT1,7,1,0.13306492
FFTNUFFT1,7,2,0.131888573
FFTNUFFT1,7,3,0.136396204
FFTNUFFT1,7,4,0.131136105
FFTNUFFT1,7,5,0.133093556
FFTNUFFT1,7,6,0.130645614
FFTNUFFT1,7,7,0.133346536
FFTNUFFT1,7,8,0.138190149
FFTNUFFT1,7,9,0.136773856
deconvolutionNUFFT1,7,0,0.000316353
deconvolutionNUFFT1,7,1,0.000312696
deconvolutionNUFFT1,7,2,0.000309359
deconvolutionNUFFT1,7,3,0.000307245
deconvolutionNUFFT1,7,4,0.000317525
deconvolutionNUFFT1,7,5,0.00030464
deconvolutionNUFFT1,7,6,0.000308357
deconvolutionNUFFT1,7,7,0.000302757
deconvolutionNUFFT1,7,8,0.000307466
deconvolutionNUFFT1,7,9,0.000310602
GatherPIFNUFFT,7,0,4.020445767
GatherPIFNUFFT,7,1,4.007657904
GatherPIFNUFFT,7,2,4.008903389
GatherPIFNUFFT,7,3,3.999509874
GatherPIFNUFFT,7,4,3.997260807
GatherPIFNUFFT,7,5,3.990615275
GatherPIFNUFFT,7,6,3.981800219
GatherPIFNUFFT,7,7,3.969410085
GatherPIFNUFFT,7,8,3.955884287
GatherPIFNUFFT,7,9,3.954140953
NativeNUFFT2,7,0,1.176926792
NativeNUFFT2,7,1,1.417686033
NativeNUFFT2,7,2,1.416059099
NativeNUFFT2,7,3,1.173062405
NativeNUFFT2,7,4,1.414012531
NativeNUFFT2,7,5,1.41086292
NativeNUFFT2,7,6,1.174973869
NativeNUFFT2,7,7,1.411419008
NativeNUFFT2,7,8,1.41282429
NativeNUFFT2,7,9,1.170630867
NativeNUFFT2,7,10,1.409051853
NativeNUFFT2,7,11,1.410139929
NativeNUFFT2,7,12,1.171167434
NativeNUFFT2,7,13,1.410319349
NativeNUFFT2,7,14,1.406037764
NativeNUFFT2,7,15,1.165765762
NativeNUFFT2,7,16,1.40716602
NativeNUFFT2,7,17,1.40803877
NativeNUFFT2,7,18,1.16793231
NativeNUFFT2,7,19,1.405251731
NativeNUFFT2,7,20,1.39896834
NativeNUFFT2,7,21,1.161785772
NativeNUFFT2,7,22,1.397107374
NativeNUFFT2,7,23,1.400783806
NativeNUFFT2,7,24,1.15411331
NativeNUFFT2,7,25,1.394787912
NativeNUFFT2,7,26,1.397238349
NativeNUFFT2,7,27,1.153585758
NativeNUFFT2,7,28,1.392843646
NativeNUFFT2,7,29,1.398089139
PrecorrectionNUFFT2,7,0,0.000565696
PrecorrectionNUFFT2,7,1,0.000543452
PrecorrectionNUFFT2,7,2,0.000548823
PrecorrectionNUFFT2,7,3,0.000576006
PrecorrectionNUFFT2,7,4,0.000571898
PrecorrectionNUFFT2,7,5,0.000571447
PrecorrectionNUFFT2,7,6,0.000571537
PrecorrectionNUFFT2,7,7,0.000570204
PrecorrectionNUFFT2,7,8,0.000570144
PrecorrectionNUFFT2,7,9,0.000573581
PrecorrectionNUFFT2,7,10,0.000576767
PrecorrectionNUFFT2,7,11,0.000694615
PrecorrectionNUFFT2,7,12,0.000575385
PrecorrectionNUFFT2,7,13,0.000580324
PrecorrectionNUFFT2,7,14,0.000563752
PrecorrectionNUFFT2,7,15,0.000585094
PrecorrectionNUFFT2,7,16,0.000550226
PrecorrectionNUFFT2,7,17,0.000551528
PrecorrectionNUFFT2,7,18,0.00055749
PrecorrectionNUFFT2,7,19,0.000549345
PrecorrectionNUFFT2,7,20,0.00055227
PrecorrectionNUFFT2,7,21,0.000569103
PrecorrectionNUFFT2,7,22,0.000565716
PrecorrectionNUFFT2,7,23,0.000574684
PrecorrectionNUFFT2,7,24,0.000572249
PrecorrectionNUFFT2,7,25,0.000566557
PrecorrectionNUFFT2,7,26,0.000549795
PrecorrectionNUFFT2,7,27,0.000562409
PrecorrectionNUFFT2,7,28,0.000546409
PrecorrectionNUFFT2,7,29,0.00055221
FFTNUFFT2,7,0,0.125189914
FFTNUFFT2,7,1,0.37068266
FFTNUFFT2,7,2,0.374721683
FFTNUFFT2,7,3,0.134870728
FFTNUFFT2,7,4,0.373720687
FFTNUFFT2,7,5,0.370469178
FFTNUFFT2,7,6,0.138025389
FFTNUFFT2,7,7,0.370209384
FFTNUFFT2,7,8,0.374222508
FFTNUFFT2,7,9,0.13519136
FFTNUFFT2,7,10,0.369828517
FFTNUFFT2,7,11,0.374989063
FFTNUFFT2,7,12,0.137009792
FFTNUFFT2,7,13,0.377013244
FFTNUFFT2,7,14,0.371128174
FFTNUFFT2,7,15,0.130974952
FFTNUFFT2,7,16,0.370771163
FFTNUFFT2,7,17,0.37034634
FFTNUFFT2,7,18,0.133862927
FFTNUFFT2,7,19,0.375547345
FFTNUFFT2,7,20,0.368948162
FFTNUFFT2,7,21,0.131722592
FFTNUFFT2,7,22,0.368287852
FFTNUFFT2,7,23,0.37196205
FFTNUFFT2,7,24,0.124211611
FFTNUFFT2,7,25,0.369872883
FFTNUFFT2,7,26,0.370981861
FFTNUFFT2,7,27,0.130263244
FFTNUFFT2,7,28,0.364037308
FFTNUFFT2,7,29,0.369625061
GatherNUFFT2,7,0,1.051163196
GatherNUFFT2,7,1,1.046453016
GatherNUFFT2,7,2,1.040780116
GatherNUFFT2,7,3,1.037607955
GatherNUFFT2,7,4,1.039712623
GatherNUFFT2,7,5,1.039815442
GatherNUFFT2,7,6,1.036368987
GatherNUFFT2,7,7,1.040631744
GatherNUFFT2,7,8,1.038024172
GatherNUFFT2,7,9,1.034856537
GatherNUFFT2,7,10,1.038639576
GatherNUFFT2,7,11,1.034448256
GatherNUFFT2,7,12,1.033574823
GatherNUFFT2,7,13,1.032717303
GatherNUFFT2,7,14,1.034338894
GatherNUFFT2,7,15,1.03419744
GatherNUFFT2,7,16,1.035833389
GatherNUFFT2,7,17,1.037133176
GatherNUFFT2,7,18,1.033504879
GatherNUFFT2,7,19,1.029148179
GatherNUFFT2,7,20,1.029458971
GatherNUFFT2,7,21,1.029487105
GatherNUFFT2,7,22,1.02824586
GatherNUFFT2,7,23,1.028239418
GatherNUFFT2,7,24,1.029321555
GatherNUFFT2,7,25,1.024340657
GatherNUFFT2,7,26,1.025699539
GatherNUFFT2,7,27,1.022752951
GatherNUFFT2,7,28,1.028253116
GatherNUFFT2,7,29,1.027903933
mainTimer,8,0,63.095025365
dumpData,8,0,0.093817996
dumpData,8,1,0.097714607
dumpData,8,2,0.087126828
dumpData,8,3,0.089620793
dumpData,8,4,0.099179533
dumpData,8,5,0.100702189
dumpData,8,6,0.087049318
dumpData,8,7,0.094354766
dumpData,8,8,0.086511577
dumpData,8,9,0.08964428
kick,8,0,0.001092023
kick,8,1,0.001122292
kick,8,2,0.001092895
kick,8,3,0.001132151
kick,8,4,0.001095741
kick,8,5,0.001123343
kick,8,6,0.001087334
kick,8,7,0.00112665
kick,8,8,0.00110071
kick,8,9,0.001107974
kick,8,10,0.001095079
kick,8,11,0.001137451
kick,8,12,0.001091602
kick,8,13,0.00111604
kick,8,14,0.001084629
kick,8,15,0.001118956
kick,8,16,0.001079358
kick,8,17,0.001125398
kick,8,18,0.001089389
kick,8,19,0.001126691
drift,8,0,0.001073357
drift,8,1,0.001060241
drift,8,2,0.001066463
drift,8,3,0.001071233
drift,8,4,0.001078927
drift,8,5,0.001076553
drift,8,6,0.001077525
drift,8,7,0.001062065
drift,8,8,0.001068468
drift,8,9,0.001060583
particleBC,8,0,0.003194742
particleBC,8,1,0.003215743
particleBC,8,2,0.003180425
particleBC,8,3,0.00316753
particleBC,8,4,0.003176447
particleBC,8,5,0.003211495
particleBC,8,6,0.003204031
particleBC,8,7,0.003200012
particleBC,8,8,0.003207106
particleBC,8,9,0.003203299
updateParticle,8,0,0.018106911
updateParticle,8,1,0.016238595
updateParticle,8,2,0.017123117
updateParticle,8,3,0.016095188
updateParticle,8,4,0.016718995
updateParticle,8,5,0.015818062
updateParticle,8,6,0.017537047
updateParticle,8,7,0.017238319
updateParticle,8,8,0.018027998
updateParticle,8,9,0.016800233
locateParticles,8,0,0.003781819
locateParticles,8,1,0.003785185
locateParticles,8,2,0.003774414
locateParticles,8,3,0.003793811
locateParticles,8,4,0.003789093
locateParticles,8,5,0.003785316
locateParticles,8,6,0.003780786
locateParticles,8,7,0.003806868
locateParticles,8,8,0.003824071
locateParticles,8,9,0.003790947
sendPreprocess,8,0,0.001566982
sendPreprocess,8,1,0.001528147
sendPreprocess,8,2,0.001766829
sendPreprocess,8,3,0.001521014
sendPreprocess,8,4,0.001688327
sendPreprocess,8,5,0.001499031
sendPreprocess,8,6,0.001529019
sendPreprocess,8,7,0.00157637
sendPreprocess,8,8,0.001542205
sendPreprocess,8,9,0.001609235
particleSend,8,0,0.003420259
particleSend,8,1,0.001683929
particleSend,8,2,0.00257854
particleSend,8,3,0.001650885
particleSend,8,4,0.001656074
particleSend,8,5,0.001661184
particleSend,8,6,0.002535978
particleSend,8,7,0.001661435
particleSend,8,8,0.001672717
particleSend,8,9,0.00171556
particleRecv,8,0,4.8494e-05
particleRecv,8,1,5.9756e-05
particleRecv,8,2,4.9656e-05
particleRecv,8,3,5.2953e-05
particleRecv,8,4,5.0197e-05
particleRecv,8,5,5.3484e-05
particleRecv,8,6,4.9886e-05
particleRecv,8,7,5.3854e-05
particleRecv,8,8,6.9675e-05
particleRecv,8,9,6.0748e-05
particleDestroy,8,0,0.006868092
particleDestroy,8,1,0.006870255
particleDestroy,8,2,0.006883842
particleDestroy,8,3,0.006854305
particleDestroy,8,4,0.006871077
particleDestroy,8,5,0.006867431
particleDestroy,8,6,0.006859825
particleDestroy,8,7,0.006852832
particleDestroy,8,8,0.006884153
particleDestroy,8,9,0.006878131
ScatterPIFNUFFT,8,0,2.04563555
ScatterPIFNUFFT,8,1,0.001261512
ScatterPIFNUFFT,8,2,2.046811607
ScatterPIFNUFFT,8,3,0.001268174
ScatterPIFNUFFT,8,4,2.04754622
ScatterPIFNUFFT,8,5,0.00126097
ScatterPIFNUFFT,8,6,2.047881467
ScatterPIFNUFFT,8,7,0.00126079
ScatterPIFNUFFT,8,8,2.044462109
ScatterPIFNUFFT,8,9,0.00126077
ScatterPIFNUFFT,8,10,2.046234399
ScatterPIFNUFFT,8,11,0.00126569
ScatterPIFNUFFT,8,12,2.044589316
ScatterPIFNUFFT,8,13,0.001257774
ScatterPIFNUFFT,8,14,2.046527777
ScatterPIFNUFFT,8,15,0.001265089
ScatterPIFNUFFT,8,16,2.046592923
ScatterPIFNUFFT,8,17,0.001262893
ScatterPIFNUFFT,8,18,2.045346651
ScatterPIFNUFFT,8,19,0.00126047
NativeNUFFT1,8,0,2.043739671
NativeNUFFT1,8,1,2.044904566
NativeNUFFT1,8,2,2.045648416
NativeNUFFT1,8,3,2.04598198
NativeNUFFT1,8,4,2.042578454
NativeNUFFT1,8,5,2.044349
NativeNUFFT1,8,6,2.042678278
NativeNUFFT1,8,7,2.044557735
NativeNUFFT1,8,8,2.044687105
NativeNUFFT1,8,9,2.043433929
scatterTimerNUFFT1,8,0,1.916017503
scatterTimerNUFFT1,8,1,1.918270955
scatterTimerNUFFT1,8,2,1.919395993
scatterTimerNUFFT1,8,3,1.918290311
scatterTimerNUFFT1,8,4,1.916415342
scatterTimerNUFFT1,8,5,1.918128578
scatterTimerNUFFT1,8,6,1.915497398
scatterTimerNUFFT1,8,7,1.916169277
scatterTimerNUFFT1,8,8,1.915195502
scatterTimerNUFFT1,8,9,1.91719398
binSort,8,0,0.007388379
binSort,8,1,0.007371375
binSort,8,2,0.007326748
binSort,8,3,0.00739499
binSort,8,4,0.007359462
binSort,8,5,0.007367848
binSort,8,6,0.007381004
binSort,8,7,0.007365674
binSort,8,8,0.007384591
binSort,8,9,0.007375142
binComputeKeys,8,0,0.000546678
binComputeKeys,8,1,0.000546888
binComputeKeys,8,2,0.000551688
binComputeKeys,8,3,0.00054799
binComputeKeys,8,4,0.000544765
binComputeKeys,8,5,0.000541689
binComputeKeys,8,6,0.000547469
binComputeKeys,8,7,0.000553852
binComputeKeys,8,8,0.000550034
binComputeKeys,8,9,0.000544965
binSortByKey,8,0,0.006623699
binSortByKey,8,1,0.006606555
binSortByKey,8,2,0.006558571
binSortByKey,8,3,0.006628237
binSortByKey,8,4,0.006596485
binSortByKey,8,5,0.006609731
binSortByKey,8,6,0.00661472
binSortByKey,8,7,0.006593099
binSortByKey,8,8,0.006618699
binSortByKey,8,9,0.006613098
binComputeOffsets,8,0,0.000215086
binComputeOffsets,8,1,0.000214214
binComputeOffsets,8,2,0.000213453
binComputeOffsets,8,3,0.000215808
binComputeOffsets,8,4,0.000214475
binComputeOffsets,8,5,0.000213463
binComputeOffsets,8,6,0.000215507
binComputeOffsets,8,7,0.000215577
binComputeOffsets,8,8,0.00021191
binComputeOffsets,8,9,0.000213923
FFTNUFFT1,8,0,0.127410846
FFTNUFFT1,8,1,0.1263123
FFTNUFFT1,8,2,0.125938046
FFTNUFFT1,8,3,0.127379896
FFTNUFFT1,8,4,0.125848753
FFTNUFFT1,8,5,0.125908809
FFTNUFFT1,8,6,0.126867343
FFTNUFFT1,8,7,0.128077196
FFTNUFFT1,8,8,0.129173678
FFTNUFFT1,8,9,0.125926103
deconvolutionNUFFT1,8,0,0.000307795
deconvolutionNUFFT1,8,1,0.000317745
deconvolutionNUFFT1,8,2,0.000310852
deconvolutionNUFFT1,8,3,0.000308307
deconvolutionNUFFT1,8,4,0.000310019
deconvolutionNUFFT1,8,5,0.000308096
deconvolutionNUFFT1,8,6,0.00031025
deconvolutionNUFFT1,8,7,0.000307835
deconvolutionNUFFT1,8,8,0.000313637
deconvolutionNUFFT1,8,9,0.00031035
GatherPIFNUFFT,8,0,4.1754114
GatherPIFNUFFT,8,1,4.16035885
GatherPIFNUFFT,8,2,4.169424714
GatherPIFNUFFT,8,3,4.163998716
GatherPIFNUFFT,8,4,4.146744633
GatherPIFNUFFT,8,5,4.13931759
GatherPIFNUFFT,8,6,4.137175805
GatherPIFNUFFT,8,7,4.12177403
GatherPIFNUFFT,8,8,4.117244746
GatherPIFNUFFT,8,9,4.113669225
NativeNUFFT2,8,0,1.323894295
NativeNUFFT2,8,1,1.426812062
NativeNUFFT2,8,2,1.414191729
NativeNUFFT2,8,3,1.323613912
NativeNUFFT2,8,4,1.411256639
NativeNUFFT2,8,5,1.415047053
NativeNUFFT2,8,6,1.335165807
NativeNUFFT2,8,7,1.40235928
NativeNUFFT2,8,8,1.421444664
NativeNUFFT2,8,9,1.331664142
NativeNUFFT2,8,10,1.40082499
NativeNUFFT2,8,11,1.420915924
NativeNUFFT2,8,12,1.330388922
NativeNUFFT2,8,13,1.410182892
NativeNUFFT2,8,14,1.395649674
NativeNUFFT2,8,15,1.322540765
NativeNUFFT2,8,16,1.398028438
NativeNUFFT2,8,17,1.408199643
NativeNUFFT2,8,18,1.325361313
NativeNUFFT2,8,19,1.395018925
NativeNUFFT2,8,20,1.406288724
NativeNUFFT2,8,21,1.316152221
NativeNUFFT2,8,22,1.388239107
NativeNUFFT2,8,23,1.406794452
NativeNUFFT2,8,24,1.318638204
NativeNUFFT2,8,25,1.392398003
NativeNUFFT2,8,26,1.395671779
NativeNUFFT2,8,27,1.314913545
NativeNUFFT2,8,28,1.38987462
NativeNUFFT2,8,29,1.398409587
PrecorrectionNUFFT2,8,0,0.000579732
PrecorrectionNUFFT2,8,1,0.000570273
PrecorrectionNUFFT2,8,2,0.000568821
PrecorrectionNUFFT2,8,3,0.000569342
PrecorrectionNUFFT2,8,4,0.000547389
PrecorrectionNUFFT2,8,5,0.000554754
PrecorrectionNUFFT2,8,6,0.00056842
PrecorrectionNUFFT2,8,7,0.000553962
PrecorrectionNUFFT2,8,8,0.000545125
PrecorrectionNUFFT2,8,9,0.000580434
PrecorrectionNUFFT2,8,10,0.000566647
PrecorrectionNUFFT2,8,11,0.000567549
PrecorrectionNUFFT2,8,12,0.000580663
PrecorrectionNUFFT2,8,13,0.000568601
PrecorrectionNUFFT2,8,14,0.000564713
PrecorrectionNUFFT2,8,15,0.000582688
PrecorrectionNUFFT2,8,16,0.000564362
PrecorrectionNUFFT2,8,17,0.000567929
PrecorrectionNUFFT2,8,18,0.000738008
PrecorrectionNUFFT2,8,19,0.000561457
PrecorrectionNUFFT2,8,20,0.000564352
PrecorrectionNUFFT2,8,21,0.000586244
PrecorrectionNUFFT2,8,22,0.000561586
PrecorrectionNUFFT2,8,23,0.000700366
PrecorrectionNUFFT2,8,24,0.000584051
PrecorrectionNUFFT2,8,25,0.000570323
PrecorrectionNUFFT2,8,26,0.000576586
PrecorrectionNUFFT2,8,27,0.000565705
PrecorrectionNUFFT2,8,28,0.000546779
PrecorrectionNUFFT2,8,29,0.00054789
FFTNUFFT2,8,0,0.131476442
FFTNUFFT2,8,1,0.229357224
FFTNUFFT2,8,2,0.218905426
FFTNUFFT2,8,3,0.131806823
FFTNUFFT2,8,4,0.226300438
FFTNUFFT2,8,5,0.223831209
FFTNUFFT2,8,6,0.136361056
FFTNUFFT2,8,7,0.214479662
FFTNUFFT2,8,8,0.223260625
FFTNUFFT2,8,9,0.137589354
FFTNUFFT2,8,10,0.215242427
FFTNUFFT2,8,11,0.227601096
FFTNUFFT2,8,12,0.131624741
FFTNUFFT2,8,13,0.219100092
FFTNUFFT2,8,14,0.214809859
FFTNUFFT2,8,15,0.131591857
FFTNUFFT2,8,16,0.220390961
FFTNUFFT2,8,17,0.229033647
FFTNUFFT2,8,18,0.138164075
FFTNUFFT2,8,19,0.217236126
FFTNUFFT2,8,20,0.22023537
FFTNUFFT2,8,21,0.136039434
FFTNUFFT2,8,22,0.215546637
FFTNUFFT2,8,23,0.228470768
FFTNUFFT2,8,24,0.129177194
FFTNUFFT2,8,25,0.206868633
FFTNUFFT2,8,26,0.211355887
FFTNUFFT2,8,27,0.134431322
FFTNUFFT2,8,28,0.211945969
FFTNUFFT2,8,29,0.216181515
GatherNUFFT2,8,0,1.191829663
GatherNUFFT2,8,1,1.19687696
GatherNUFFT2,8,2,1.194704717
GatherNUFFT2,8,3,1.19122897
GatherNUFFT2,8,4,1.184401417
GatherNUFFT2,8,5,1.190652594
GatherNUFFT2,8,6,1.198229006
GatherNUFFT2,8,7,1.187315867
GatherNUFFT2,8,8,1.19763136
GatherNUFFT2,8,9,1.193484897
GatherNUFFT2,8,10,1.185009004
GatherNUFFT2,8,11,1.192739725
GatherNUFFT2,8,12,1.198175071
GatherNUFFT2,8,13,1.190506555
GatherNUFFT2,8,14,1.180266086
GatherNUFFT2,8,15,1.190359177
GatherNUFFT2,8,16,1.177063135
GatherNUFFT2,8,17,1.178590202
GatherNUFFT2,8,18,1.186450503
GatherNUFFT2,8,19,1.177214169
GatherNUFFT2,8,20,1.185479224
GatherNUFFT2,8,21,1.179518578
GatherNUFFT2,8,22,1.172122847
GatherNUFFT2,8,23,1.17761309
GatherNUFFT2,8,24,1.188869135
GatherNUFFT2,8,25,1.184948906
GatherNUFFT2,8,26,1.183731932
GatherNUFFT2,8,27,1.179907501
GatherNUFFT2,8,28,1.177374068
GatherNUFFT2,8,29,1.181671194
mainTimer,9,0,63.09502291
dumpData,9,0,0.009369542
dumpData,9,1,0.01764677
dumpData,9,2,0.020635544
dumpData,9,3,0.022739636
dumpData,9,4,0.006716177
dumpData,9,5,0.006268771
dumpData,9,6,0.019311802
dumpData,9,7,0.022743804
dumpData,9,8,0.021960108
dumpData,9,9,0.022440026
kick,9,0,0.00114231
kick,9,1,0.00118865
kick,9,2,0.001140117
kick,9,3,0.001173461
kick,9,4,0.001151217
kick,9,5,0.001195874
kick,9,6,0.001147411
kick,9,7,0.001178551
kick,9,8,0.001151758
kick,9,9,0.001186446
kick,9,10,0.001188479
kick,9,11,0.00117286
kick,9,12,0.001183911
kick,9,13,0.001182228
kick,9,14,0.001323101
kick,9,15,0.001169183
kick,9,16,0.001146538
kick,9,17,0.001166026
kick,9,18,0.001149234
kick,9,19,0.001195634
drift,9,0,0.001156558
drift,9,1,0.001153432
drift,9,2,0.001155165
drift,9,3,0.00115746
drift,9,4,0.001158202
drift,9,5,0.001168401
drift,9,6,0.001182188
drift,9,7,0.001151398
drift,9,8,0.001156247
drift,9,9,0.001159284
particleBC,9,0,0.003387044
particleBC,9,1,0.003380522
particleBC,9,2,0.00340548
particleBC,9,3,0.003419227
particleBC,9,4,0.003388768
particleBC,9,5,0.003382897
particleBC,9,6,0.00338465
particleBC,9,7,0.003388828
particleBC,9,8,0.00339017
particleBC,9,9,0.003399869
updateParticle,9,0,0.017730783
updateParticle,9,1,0.016044259
updateParticle,9,2,0.017056618
updateParticle,9,3,0.015752475
updateParticle,9,4,0.016697944
updateParticle,9,5,0.015840014
updateParticle,9,6,0.017220355
updateParticle,9,7,0.01677346
updateParticle,9,8,0.017566354
updateParticle,9,9,0.016580157
locateParticles,9,0,0.003984652
locateParticles,9,1,0.003998408
locateParticles,9,2,0.003991654
locateParticles,9,3,0.003978218
locateParticles,9,4,0.0040048
locateParticles,9,5,0.003989591
locateParticles,9,6,0.00397921
locateParticles,9,7,0.003976916
locateParticles,9,8,0.003987658
locateParticles,9,9,0.00399425
sendPreprocess,9,0,0.00103848
sendPreprocess,9,1,0.001014052
sendPreprocess,9,2,0.001179863
sendPreprocess,9,3,0.000939778
sendPreprocess,9,4,0.00113185
sendPreprocess,9,5,0.000941161
sendPreprocess,9,6,0.000954176
sendPreprocess,9,7,0.0008889
sendPreprocess,9,8,0.001042307
sendPreprocess,9,9,0.001051195
particleSend,9,0,0.002677452
particleSend,9,1,0.001755197
particleSend,9,2,0.001805574
particleSend,9,3,0.001757231
particleSend,9,4,0.002715836
particleSend,9,5,0.001753192
particleSend,9,6,0.001766028
particleSend,9,7,0.001769103
particleSend,9,8,0.001766749
particleSend,9,9,0.001760657
particleRecv,9,0,5.5858e-05
particleRecv,9,1,5.134e-05
particleRecv,9,2,5.704e-05
particleRecv,9,3,5.2692e-05
particleRecv,9,4,5.0758e-05
particleRecv,9,5,5.4476e-05
particleRecv,9,6,4.8774e-05
particleRecv,9,7,5.7211e-05
particleRecv,9,8,5.0768e-05
particleRecv,9,9,5.2763e-05
particleDestroy,9,0,0.00723397
particleDestroy,9,1,0.007262123
particleDestroy,9,2,0.007251954
particleDestroy,9,3,0.007244068
particleDestroy,9,4,0.007275058
particleDestroy,9,5,0.007301431
particleDestroy,9,6,0.007262554
particleDestroy,9,7,0.00730646
particleDestroy,9,8,0.007282433
particleDestroy,9,9,0.007257484
ScatterPIFNUFFT,9,0,2.051704735
ScatterPIFNUFFT,9,1,0.001260209
ScatterPIFNUFFT,9,2,2.055559265
ScatterPIFNUFFT,9,3,0.0012606
ScatterPIFNUFFT,9,4,2.053714536
ScatterPIFNUFFT,9,5,0.001261802
ScatterPIFNUFFT,9,6,2.057662825
ScatterPIFNUFFT,9,7,0.001261572
ScatterPIFNUFFT,9,8,2.053027775
ScatterPIFNUFFT,9,9,0.001264678
ScatterPIFNUFFT,9,10,2.055301436
ScatterPIFNUFFT,9,11,0.001262233
ScatterPIFNUFFT,9,12,2.053987043
ScatterPIFNUFFT,9,13,0.001260689
ScatterPIFNUFFT,9,14,2.052909177
ScatterPIFNUFFT,9,15,0.001257373
ScatterPIFNUFFT,9,16,2.052715601
ScatterPIFNUFFT,9,17,0.001267313
ScatterPIFNUFFT,9,18,2.054414608
ScatterPIFNUFFT,9,19,0.00126071
NativeNUFFT1,9,0,2.049750062
NativeNUFFT1,9,1,2.053554146
NativeNUFFT1,9,2,2.051717271
NativeNUFFT1,9,3,2.055672403
NativeNUFFT1,9,4,2.05103627
NativeNUFFT1,9,5,2.053305353
NativeNUFFT1,9,6,2.052008544
NativeNUFFT1,9,7,2.050907734
NativeNUFFT1,9,8,2.050759276
NativeNUFFT1,9,9,2.052424979
scatterTimerNUFFT1,9,0,1.916860374
scatterTimerNUFFT1,9,1,1.918199186
scatterTimerNUFFT1,9,2,1.91739013
scatterTimerNUFFT1,9,3,1.925964281
scatterTimerNUFFT1,9,4,1.9240105
scatterTimerNUFFT1,9,5,1.925588354
scatterTimerNUFFT1,9,6,1.928618901
scatterTimerNUFFT1,9,7,1.916640328
scatterTimerNUFFT1,9,8,1.923380713
scatterTimerNUFFT1,9,9,1.925018702
binSort,9,0,0.007873458
binSort,9,1,0.007825414
binSort,9,2,0.007866453
binSort,9,3,0.007838058
binSort,9,4,0.007899737
binSort,9,5,0.007848749
binSort,9,6,0.007840132
binSort,9,7,0.007842637
binSort,9,8,0.007861994
binSort,9,9,0.007838529
binComputeKeys,9,0,0.000586986
binComputeKeys,9,1,0.000579943
binComputeKeys,9,2,0.000586745
binComputeKeys,9,3,0.000581596
binComputeKeys,9,4,0.000622575
binComputeKeys,9,5,0.000575704
binComputeKeys,9,6,0.000585723
binComputeKeys,9,7,0.000580102
binComputeKeys,9,8,0.000580613
binComputeKeys,9,9,0.000583148
binSortByKey,9,0,0.007060935
binSortByKey,9,1,0.007018973
binSortByKey,9,2,0.007054121
binSortByKey,9,3,0.007030115
binSortByKey,9,4,0.007046577
binSortByKey,9,5,0.007045365
binSortByKey,9,6,0.007026127
binSortByKey,9,7,0.007031628
binSortByKey,9,8,0.007050674
binSortByKey,9,9,0.007025766
binComputeOffsets,9,0,0.000222741
binComputeOffsets,9,1,0.000223272
binComputeOffsets,9,2,0.0002222
binComputeOffsets,9,3,0.000222942
binComputeOffsets,9,4,0.000226308
binComputeOffsets,9,5,0.000223863
binComputeOffsets,9,6,0.000224835
binComputeOffsets,9,7,0.00022708
binComputeOffsets,9,8,0.000224484
binComputeOffsets,9,9,0.000225686
FFTNUFFT1,9,0,0.132378048
FFTNUFFT1,9,1,0.134846345
FFTNUFFT1,9,2,0.133816873
FFTNUFFT1,9,3,0.129197864
FFTNUFFT1,9,4,0.126512628
FFTNUFFT1,9,5,0.127075067
FFTNUFFT1,9,6,0.122882392
FFTNUFFT1,9,7,0.133755274
FFTNUFFT1,9,8,0.126866041
FFTNUFFT1,9,9,0.126896199
deconvolutionNUFFT1,9,0,0.000507642
deconvolutionNUFFT1,9,1,0.000504957
deconvolutionNUFFT1,9,2,0.000506349
deconvolutionNUFFT1,9,3,0.00050609
deconvolutionNUFFT1,9,4,0.000508585
deconvolutionNUFFT1,9,5,0.000637985
deconvolutionNUFFT1,9,6,0.000503174
deconvolutionNUFFT1,9,7,0.000508233
deconvolutionNUFFT1,9,8,0.000507202
deconvolutionNUFFT1,9,9,0.000506249
GatherPIFNUFFT,9,0,4.253783015
GatherPIFNUFFT,9,1,4.23155073
GatherPIFNUFFT,9,2,4.229353979
GatherPIFNUFFT,9,3,4.220988473
GatherPIFNUFFT,9,4,4.230235204
GatherPIFNUFFT,9,5,4.224251514
GatherPIFNUFFT,9,6,4.195390261
GatherPIFNUFFT,9,7,4.186931312
GatherPIFNUFFT,9,8,4.175768631
GatherPIFNUFFT,9,9,4.17157738
NativeNUFFT2,9,0,1.409419383
NativeNUFFT2,9,1,1.41710745
NativeNUFFT2,9,2,1.416408249
NativeNUFFT2,9,3,1.393857037
NativeNUFFT2,9,4,1.411986802
NativeNUFFT2,9,5,1.414691635
NativeNUFFT2,9,6,1.409362984
NativeNUFFT2,9,7,1.402546563
NativeNUFFT2,9,8,1.406531835
NativeNUFFT2,9,9,1.404018192
NativeNUFFT2,9,10,1.412375904
NativeNUFFT2,9,11,1.393672452
NativeNUFFT2,9,12,1.403997137
NativeNUFFT2,9,13,1.394057186
NativeNUFFT2,9,14,1.421306396
NativeNUFFT2,9,15,1.397312274
NativeNUFFT2,9,16,1.393154396
NativeNUFFT2,9,17,1.422768485
NativeNUFFT2,9,18,1.383779464
NativeNUFFT2,9,19,1.42041964
NativeNUFFT2,9,20,1.38027402
NativeNUFFT2,9,21,1.395267906
NativeNUFFT2,9,22,1.384117751
NativeNUFFT2,9,23,1.396515129
NativeNUFFT2,9,24,1.375555741
NativeNUFFT2,9,25,1.410733396
NativeNUFFT2,9,26,1.378489006
NativeNUFFT2,9,27,1.370028654
NativeNUFFT2,9,28,1.395768617
NativeNUFFT2,9,29,1.39479929
PrecorrectionNUFFT2,9,0,0.000810478
PrecorrectionNUFFT2,9,1,0.000760232
PrecorrectionNUFFT2,9,2,0.000761063
PrecorrectionNUFFT2,9,3,0.000814546
PrecorrectionNUFFT2,9,4,0.000757857
PrecorrectionNUFFT2,9,5,0.000762266
PrecorrectionNUFFT2,9,6,0.000809957
PrecorrectionNUFFT2,9,7,0.00075447
PrecorrectionNUFFT2,9,8,0.000765271
PrecorrectionNUFFT2,9,9,0.000809046
PrecorrectionNUFFT2,9,10,0.000758798
PrecorrectionNUFFT2,9,11,0.000765041
PrecorrectionNUFFT2,9,12,0.000810538
PrecorrectionNUFFT2,9,13,0.000760472
PrecorrectionNUFFT2,9,14,0.000755683
PrecorrectionNUFFT2,9,15,0.000798956
PrecorrectionNUFFT2,9,16,0.000755001
PrecorrectionNUFFT2,9,17,0.000764569
PrecorrectionNUFFT2,9,18,0.000815248
PrecorrectionNUFFT2,9,19,0.000758537
PrecorrectionNUFFT2,9,20,0.000761935
PrecorrectionNUFFT2,9,21,0.00081116
PrecorrectionNUFFT2,9,22,0.000765291
PrecorrectionNUFFT2,9,23,0.000761143
PrecorrectionNUFFT2,9,24,0.000803986
PrecorrectionNUFFT2,9,25,0.00086331
PrecorrectionNUFFT2,9,26,0.000751264
PrecorrectionNUFFT2,9,27,0.000986379
PrecorrectionNUFFT2,9,28,0.000758097
PrecorrectionNUFFT2,9,29,0.000771874
FFTNUFFT2,9,0,0.134389992
FFTNUFFT2,9,1,0.143388005
FFTNUFFT2,9,2,0.142405274
FFTNUFFT2,9,3,0.129195289
FFTNUFFT2,9,4,0.152809328
FFTNUFFT2,9,5,0.149480896
FFTNUFFT2,9,6,0.137450745
FFTNUFFT2,9,7,0.139389597
FFTNUFFT2,9,8,0.147873866
FFTNUFFT2,9,9,0.131804208
FFTNUFFT2,9,10,0.138655016
FFTNUFFT2,9,11,0.139323291
FFTNUFFT2,9,12,0.133182395
FFTNUFFT2,9,13,0.142169156
FFTNUFFT2,9,14,0.153867834
FFTNUFFT2,9,15,0.132423646
FFTNUFFT2,9,16,0.1417683
FFTNUFFT2,9,17,0.154943086
FFTNUFFT2,9,18,0.132850202
FFTNUFFT2,9,19,0.154769571
FFTNUFFT2,9,20,0.132748545
FFTNUFFT2,9,21,0.133331754
FFTNUFFT2,9,22,0.135506874
FFTNUFFT2,9,23,0.152500911
FFTNUFFT2,9,24,0.132591171
FFTNUFFT2,9,25,0.149363369
FFTNUFFT2,9,26,0.135651313
FFTNUFFT2,9,27,0.129193356
FFTNUFFT2,9,28,0.153281
FFTNUFFT2,9,29,0.151352528
GatherNUFFT2,9,0,1.274209314
GatherNUFFT2,9,1,1.272952021
GatherNUFFT2,9,2,1.273233836
GatherNUFFT2,9,3,1.263838305
GatherNUFFT2,9,4,1.258411723
GatherNUFFT2,9,5,1.264439978
GatherNUFFT2,9,6,1.271095348
GatherNUFFT2,9,7,1.262391354
GatherNUFFT2,9,8,1.257884502
GatherNUFFT2,9,9,1.271396332
GatherNUFFT2,9,10,1.272955356
GatherNUFFT2,9,11,1.253575524
GatherNUFFT2,9,12,1.269995046
GatherNUFFT2,9,13,1.251119563
GatherNUFFT2,9,14,1.266674113
GatherNUFFT2,9,15,1.264081846
GatherNUFFT2,9,16,1.250620254
GatherNUFFT2,9,17,1.267051672
GatherNUFFT2,9,18,1.250105187
GatherNUFFT2,9,19,1.264884018
GatherNUFFT2,9,20,1.246753811
GatherNUFFT2,9,21,1.261117237
GatherNUFFT2,9,22,1.247838091
GatherNUFFT2,9,23,1.24324463
GatherNUFFT2,9,24,1.242152999
GatherNUFFT2,9,25,1.260498411
GatherNUFFT2,9,26,1.242078345
GatherNUFFT2,9,27,1.239839832
GatherNUFFT2,9,28,1.241720432
GatherNUFFT2,9,29,1.24266597
mainTimer,10,0,63.095025735
dumpData,10,0,0.169963845
dumpData,10,1,0.171811129
dumpData,10,2,0.160502626
dumpData,10,3,0.170780933
dumpData,10,4,0.161148205
dumpData,10,5,0.169730723
dumpData,10,6,0.157686685
dumpData,10,7,0.16570347
dumpData,10,8,0.166608441
dumpData,10,9,0.167230035
kick,10,0,0.001034553
kick,10,1,0.001041085
kick,10,2,0.001030214
kick,10,3,0.001046265
kick,10,4,0.001015344
kick,10,5,0.001062335
kick,10,6,0.001012038
kick,10,7,0.001059991
kick,10,8,0.001016547
kick,10,9,0.001057437
kick,10,10,0.001016447
kick,10,11,0.001046856
kick,10,12,0.001018622
kick,10,13,0.00104859
kick,10,14,0.00102309
kick,10,15,0.001040404
kick,10,16,0.001020876
kick,10,17,0.001060001
kick,10,18,0.001004774
kick,10,19,0.001042257
drift,10,0,0.001019042
drift,10,1,0.001011958
drift,10,2,0.00101781
drift,10,3,0.001020675
drift,10,4,0.001016687
drift,10,5,0.001021747
drift,10,6,0.001021187
drift,10,7,0.001022188
drift,10,8,0.001022008
drift,10,9,0.001022719
particleBC,10,0,0.002992191
particleBC,10,1,0.002985627
particleBC,10,2,0.002983294
particleBC,10,3,0.002973394
particleBC,10,4,0.002965789
particleBC,10,5,0.002979726
particleBC,10,6,0.003006829
particleBC,10,7,0.002999715
particleBC,10,8,0.003001609
particleBC,10,9,0.002985808
updateParticle,10,0,0.018389669
updateParticle,10,1,0.01631308
updateParticle,10,2,0.017629958
updateParticle,10,3,0.016383927
updateParticle,10,4,0.017122445
updateParticle,10,5,0.016304343
updateParticle,10,6,0.016350691
updateParticle,10,7,0.017555934
updateParticle,10,8,0.017964755
updateParticle,10,9,0.016304733
locateParticles,10,0,0.003775957
locateParticles,10,1,0.003792279
locateParticles,10,2,0.003766078
locateParticles,10,3,0.003724217
locateParticles,10,4,0.00377219
locateParticles,10,5,0.003750898
locateParticles,10,6,0.00373654
locateParticles,10,7,0.003807128
locateParticles,10,8,0.003772251
locateParticles,10,9,0.003734788
sendPreprocess,10,0,0.001889707
sendPreprocess,10,1,0.001863436
sendPreprocess,10,2,0.002100544
sendPreprocess,10,3,0.001912632
sendPreprocess,10,4,0.002062712
sendPreprocess,10,5,0.001900899
sendPreprocess,10,6,0.001900077
sendPreprocess,10,7,0.001877703
sendPreprocess,10,8,0.001905868
sendPreprocess,10,9,0.00200483
particleSend,10,0,0.001629894
particleSend,10,1,0.001646957
particleSend,10,2,0.001687456
particleSend,10,3,0.001842515
particleSend,10,4,0.001631958
particleSend,10,5,0.001628651
particleSend,10,6,0.001640064
particleSend,10,7,0.001618512
particleSend,10,8,0.002601274
particleSend,10,9,0.001633111
particleRecv,10,0,4.9666e-05
particleRecv,10,1,5.2912e-05
particleRecv,10,2,5.4756e-05
particleRecv,10,3,4.8083e-05
particleRecv,10,4,4.4145e-05
particleRecv,10,5,4.9215e-05
particleRecv,10,6,5.166e-05
particleRecv,10,7,4.8764e-05
particleRecv,10,8,4.8083e-05
particleRecv,10,9,5.2242e-05
particleDestroy,10,0,0.006860067
particleDestroy,10,1,0.006875806
particleDestroy,10,2,0.006861368
particleDestroy,10,3,0.006838514
particleDestroy,10,4,0.006829156
particleDestroy,10,5,0.006847332
particleDestroy,10,6,0.006850818
particleDestroy,10,7,0.00685747
particleDestroy,10,8,0.007020676
particleDestroy,10,9,0.006830128
ScatterPIFNUFFT,10,0,2.044081232
ScatterPIFNUFFT,10,1,0.001262213
ScatterPIFNUFFT,10,2,2.050923524
ScatterPIFNUFFT,10,3,0.001262393
ScatterPIFNUFFT,10,4,2.048675956
ScatterPIFNUFFT,10,5,0.001263947
ScatterPIFNUFFT,10,6,2.056389241
ScatterPIFNUFFT,10,7,0.001262554
ScatterPIFNUFFT,10,8,2.046943831
ScatterPIFNUFFT,10,9,0.001254618
ScatterPIFNUFFT,10,10,2.047612906
ScatterPIFNUFFT,10,11,0.001261201
ScatterPIFNUFFT,10,12,2.047560707
ScatterPIFNUFFT,10,13,0.001267624
ScatterPIFNUFFT,10,14,2.047705777
ScatterPIFNUFFT,10,15,0.001257684
ScatterPIFNUFFT,10,16,2.049162325
ScatterPIFNUFFT,10,17,0.001262263
ScatterPIFNUFFT,10,18,2.047930391
ScatterPIFNUFFT,10,19,0.001264507
NativeNUFFT1,10,0,2.042277982
NativeNUFFT1,10,1,2.049092721
NativeNUFFT1,10,2,2.046850964
NativeNUFFT1,10,3,2.054563979
NativeNUFFT1,10,4,2.045122346
NativeNUFFT1,10,5,2.045788526
NativeNUFFT1,10,6,2.045747388
NativeNUFFT1,10,7,2.045895203
NativeNUFFT1,10,8,2.047367141
NativeNUFFT1,10,9,2.046103415
scatterTimerNUFFT1,10,0,1.916452325
scatterTimerNUFFT1,10,1,1.918943907
scatterTimerNUFFT1,10,2,1.919463272
scatterTimerNUFFT1,10,3,1.918213562
scatterTimerNUFFT1,10,4,1.916606121
scatterTimerNUFFT1,10,5,1.917994068
scatterTimerNUFFT1,10,6,1.917269898
scatterTimerNUFFT1,10,7,1.916284289
scatterTimerNUFFT1,10,8,1.915918842
scatterTimerNUFFT1,10,9,1.918267566
binSort,10,0,0.006922167
binSort,10,1,0.006974818
binSort,10,2,0.006943246
binSort,10,3,0.007009174
binSort,10,4,0.007056156
binSort,10,5,0.006956793
binSort,10,6,0.006988033
binSort,10,7,0.006943648
binSort,10,8,0.007504893
binSort,10,9,0.007036246
binComputeKeys,10,0,0.000513985
binComputeKeys,10,1,0.000519274
binComputeKeys,10,2,0.000519325
binComputeKeys,10,3,0.000519054
binComputeKeys,10,4,0.000515608
binComputeKeys,10,5,0.000523053
binComputeKeys,10,6,0.000522151
binComputeKeys,10,7,0.000520077
binComputeKeys,10,8,0.000517272
binComputeKeys,10,9,0.000520046
binSortByKey,10,0,0.006198716
binSortByKey,10,1,0.006246408
binSortByKey,10,2,0.006213975
binSortByKey,10,3,0.006281145
binSortByKey,10,4,0.00632995
binSortByKey,10,5,0.006224847
binSortByKey,10,6,0.00625754
binSortByKey,10,7,0.006216109
binSortByKey,10,8,0.006775712
binSortByKey,10,9,0.006313228
binComputeOffsets,10,0,0.000206209
binComputeOffsets,10,1,0.000204465
binComputeOffsets,10,2,0.000206209
binComputeOffsets,10,3,0.000205117
binComputeOffsets,10,4,0.000206099
binComputeOffsets,10,5,0.000205177
binComputeOffsets,10,6,0.000205277
binComputeOffsets,10,7,0.000204005
binComputeOffsets,10,8,0.000206991
binComputeOffsets,10,9,0.000199707
FFTNUFFT1,10,0,0.125507092
FFTNUFFT1,10,1,0.129839476
FFTNUFFT1,10,2,0.127068223
FFTNUFFT1,10,3,0.136036047
FFTNUFFT1,10,4,0.128195204
FFTNUFFT1,10,5,0.127479278
FFTNUFFT1,10,6,0.128159815
FFTNUFFT1,10,7,0.129291094
FFTNUFFT1,10,8,0.131132328
FFTNUFFT1,10,9,0.127522001
deconvolutionNUFFT1,10,0,0.00031515
deconvolutionNUFFT1,10,1,0.000305602
deconvolutionNUFFT1,10,2,0.000316092
deconvolutionNUFFT1,10,3,0.000311022
deconvolutionNUFFT1,10,4,0.000316553
deconvolutionNUFFT1,10,5,0.000311684
deconvolutionNUFFT1,10,6,0.000314118
deconvolutionNUFFT1,10,7,0.000316292
deconvolutionNUFFT1,10,8,0.000311954
deconvolutionNUFFT1,10,9,0.000310411
GatherPIFNUFFT,10,0,4.100969148
GatherPIFNUFFT,10,1,4.082539172
GatherPIFNUFFT,10,2,4.094808605
GatherPIFNUFFT,10,3,4.074464962
GatherPIFNUFFT,10,4,4.082339616
GatherPIFNUFFT,10,5,4.068902523
GatherPIFNUFFT,10,6,4.065144769
GatherPIFNUFFT,10,7,4.049336269
GatherPIFNUFFT,10,8,4.035052837
GatherPIFNUFFT,10,9,4.034429952
NativeNUFFT2,10,0,1.261750724
NativeNUFFT2,10,1,1.42031622
NativeNUFFT2,10,2,1.408875931
NativeNUFFT2,10,3,1.255066018
NativeNUFFT2,10,4,1.416028624
NativeNUFFT2,10,5,1.401416725
NativeNUFFT2,10,6,1.254253065
NativeNUFFT2,10,7,1.40998138
NativeNUFFT2,10,8,1.4205179
NativeNUFFT2,10,9,1.246076523
NativeNUFFT2,10,10,1.407391627
NativeNUFFT2,10,11,1.410975789
NativeNUFFT2,10,12,1.256994179
NativeNUFFT2,10,13,1.408315186
NativeNUFFT2,10,14,1.406941026
NativeNUFFT2,10,15,1.245840605
NativeNUFFT2,10,16,1.413473928
NativeNUFFT2,10,17,1.399459729
NativeNUFFT2,10,18,1.243455709
NativeNUFFT2,10,19,1.403899169
NativeNUFFT2,10,20,1.407678453
NativeNUFFT2,10,21,1.235931959
NativeNUFFT2,10,22,1.407563392
NativeNUFFT2,10,23,1.395698148
NativeNUFFT2,10,24,1.233243808
NativeNUFFT2,10,25,1.403643365
NativeNUFFT2,10,26,1.388044578
NativeNUFFT2,10,27,1.242783269
NativeNUFFT2,10,28,1.386742669
NativeNUFFT2,10,29,1.39487189
PrecorrectionNUFFT2,10,0,0.000572207
PrecorrectionNUFFT2,10,1,0.000547329
PrecorrectionNUFFT2,10,2,0.000554974
PrecorrectionNUFFT2,10,3,0.000565544
PrecorrectionNUFFT2,10,4,0.000548832
PrecorrectionNUFFT2,10,5,0.000550495
PrecorrectionNUFFT2,10,6,0.000562248
PrecorrectionNUFFT2,10,7,0.000697239
PrecorrectionNUFFT2,10,8,0.000549754
PrecorrectionNUFFT2,10,9,0.00056878
PrecorrectionNUFFT2,10,10,0.000546197
PrecorrectionNUFFT2,10,11,0.000550345
PrecorrectionNUFFT2,10,12,0.000581786
PrecorrectionNUFFT2,10,13,0.000570044
PrecorrectionNUFFT2,10,14,0.00056842
PrecorrectionNUFFT2,10,15,0.00059915
PrecorrectionNUFFT2,10,16,0.000565164
PrecorrectionNUFFT2,10,17,0.000559834
PrecorrectionNUFFT2,10,18,0.000592667
PrecorrectionNUFFT2,10,19,0.000571245
PrecorrectionNUFFT2,10,20,0.000565675
PrecorrectionNUFFT2,10,21,0.000592677
PrecorrectionNUFFT2,10,22,0.000575453
PrecorrectionNUFFT2,10,23,0.000565724
PrecorrectionNUFFT2,10,24,0.000600101
PrecorrectionNUFFT2,10,25,0.00056817
PrecorrectionNUFFT2,10,26,0.000571165
PrecorrectionNUFFT2,10,27,0.000574862
PrecorrectionNUFFT2,10,28,0.000547279
PrecorrectionNUFFT2,10,29,0.000551307
FFTNUFFT2,10,0,0.134316318
FFTNUFFT2,10,1,0.294367441
FFTNUFFT2,10,2,0.291293793
FFTNUFFT2,10,3,0.130294637
FFTNUFFT2,10,4,0.29228954
FFTNUFFT2,10,5,0.284919818
FFTNUFFT2,10,6,0.13682789
FFTNUFFT2,10,7,0.296021792
FFTNUFFT2,10,8,0.296614119
FFTNUFFT2,10,9,0.13172761
FFTNUFFT2,10,10,0.295262712
FFTNUFFT2,10,11,0.300201281
FFTNUFFT2,10,12,0.131722409
FFTNUFFT2,10,13,0.290847527
FFTNUFFT2,10,14,0.289426768
FFTNUFFT2,10,15,0.133623738
FFTNUFFT2,10,16,0.297304304
FFTNUFFT2,10,17,0.293446619
FFTNUFFT2,10,18,0.132624345
FFTNUFFT2,10,19,0.298577027
FFTNUFFT2,10,20,0.293450446
FFTNUFFT2,10,21,0.134863989
FFTNUFFT2,10,22,0.294402609
FFTNUFFT2,10,23,0.289201954
FFTNUFFT2,10,24,0.130570219
FFTNUFFT2,10,25,0.288568468
FFTNUFFT2,10,26,0.285261128
FFTNUFFT2,10,27,0.133705728
FFTNUFFT2,10,28,0.285181725
FFTNUFFT2,10,29,0.292447796
GatherNUFFT2,10,0,1.126853812
GatherNUFFT2,10,1,1.125394547
GatherNUFFT2,10,2,1.11701458
GatherNUFFT2,10,3,1.12419774
GatherNUFFT2,10,4,1.123182907
GatherNUFFT2,10,5,1.115938316
GatherNUFFT2,10,6,1.116855532
GatherNUFFT2,10,7,1.113254422
GatherNUFFT2,10,8,1.123346964
GatherNUFFT2,10,9,1.113771906
GatherNUFFT2,10,10,1.111575845
GatherNUFFT2,10,11,1.110215526
GatherNUFFT2,10,12,1.12468256
GatherNUFFT2,10,13,1.116890683
GatherNUFFT2,10,14,1.116936289
GatherNUFFT2,10,15,1.111610572
GatherNUFFT2,10,16,1.115594842
GatherNUFFT2,10,17,1.105445983
GatherNUFFT2,10,18,1.11022972
GatherNUFFT2,10,19,1.104744164
GatherNUFFT2,10,20,1.113654206
GatherNUFFT2,10,21,1.100467939
GatherNUFFT2,10,22,1.112577263
GatherNUFFT2,10,23,1.105921993
GatherNUFFT2,10,24,1.102066113
GatherNUFFT2,10,25,1.114495806
GatherNUFFT2,10,26,1.10220492
GatherNUFFT2,10,27,1.108493891
GatherNUFFT2,10,28,1.10100635
GatherNUFFT2,10,29,1.101865113
mainTimer,11,0,63.095023701
dumpData,11,0,0.085973536
dumpData,11,1,0.086656187
dumpData,11,2,0.087522884
dumpData,11,3,0.085819016
dumpData,11,4,0.088401335
dumpData,11,5,0.085384516
dumpData,11,6,0.08345885
dumpData,11,7,0.088924087
dumpData,11,8,0.087224297
dumpData,11,9,0.090211207
kick,11,0,0.001078457
kick,11,1,0.001126931
kick,11,2,0.001091342
kick,11,3,0.001122443
kick,11,4,0.00109003
kick,11,5,0.001130838
kick,11,6,0.001077405
kick,11,7,0.001127592
kick,11,8,0.001091312
kick,11,9,0.001134285
kick,11,10,0.001084298
kick,11,11,0.001126299
kick,11,12,0.001078688
kick,11,13,0.001127632
kick,11,14,0.001092094
kick,11,15,0.001131469
kick,11,16,0.001086062
kick,11,17,0.001123023
kick,11,18,0.001081664
kick,11,19,0.001130378
drift,11,0,0.00107442
drift,11,1,0.001082234
drift,11,2,0.001072555
drift,11,3,0.001083747
drift,11,4,0.001071974
drift,11,5,0.001072365
drift,11,6,0.001061465
drift,11,7,0.00107497
drift,11,8,0.001073077
drift,11,9,0.001072585
particleBC,11,0,0.003184923
particleBC,11,1,0.003177769
particleBC,11,2,0.003206536
particleBC,11,3,0.003166628
particleBC,11,4,0.003199672
particleBC,11,5,0.003191456
particleBC,11,6,0.003194622
particleBC,11,7,0.003195894
particleBC,11,8,0.003208659
particleBC,11,9,0.00319898
updateParticle,11,0,0.018077815
updateParticle,11,1,0.016014331
updateParticle,11,2,0.017302925
updateParticle,11,3,0.016249266
updateParticle,11,4,0.017001321
updateParticle,11,5,0.01611187
updateParticle,11,6,0.017574501
updateParticle,11,7,0.017281442
updateParticle,11,8,0.01785819
updateParticle,11,9,0.016708375
locateParticles,11,0,0.004018367
locateParticles,11,1,0.004033196
locateParticles,11,2,0.004041531
locateParticles,11,3,0.004021312
locateParticles,11,4,0.004021152
locateParticles,11,5,0.00400465
locateParticles,11,6,0.004001944
locateParticles,11,7,0.004034338
locateParticles,11,8,0.004046251
locateParticles,11,9,0.004019008
sendPreprocess,11,0,0.001352558
sendPreprocess,11,1,0.001301288
sendPreprocess,11,2,0.001473451
sendPreprocess,11,3,0.001295246
sendPreprocess,11,4,0.001450036
sendPreprocess,11,5,0.00131769
sendPreprocess,11,6,0.001347999
sendPreprocess,11,7,0.001333771
sendPreprocess,11,8,0.001310476
sendPreprocess,11,9,0.001382436
particleSend,11,0,0.001690431
particleSend,11,1,0.001680913
particleSend,11,2,0.002699885
particleSend,11,3,0.001909265
particleSend,11,4,0.002617074
particleSend,11,5,0.001688177
particleSend,11,6,0.001692295
particleSend,11,7,0.001691734
particleSend,11,8,0.001690873
particleSend,11,9,0.001707996
particleRecv,11,0,5.1629e-05
particleRecv,11,1,5.5377e-05
particleRecv,11,2,5.1069e-05
particleRecv,11,3,6.0648e-05
particleRecv,11,4,5.4385e-05
particleRecv,11,5,5.3163e-05
particleRecv,11,6,5.4335e-05
particleRecv,11,7,4.9326e-05
particleRecv,11,8,5.5487e-05
particleRecv,11,9,5.5888e-05
particleDestroy,11,0,0.007371105
particleDestroy,11,1,0.007412966
particleDestroy,11,2,0.007357658
particleDestroy,11,3,0.007353401
particleDestroy,11,4,0.007373038
particleDestroy,11,5,0.007350044
particleDestroy,11,6,0.007342138
particleDestroy,11,7,0.007359563
particleDestroy,11,8,0.007313342
particleDestroy,11,9,0.007345013
ScatterPIFNUFFT,11,0,2.053435926
ScatterPIFNUFFT,11,1,0.001264306
ScatterPIFNUFFT,11,2,2.057191985
ScatterPIFNUFFT,11,3,0.001257754
ScatterPIFNUFFT,11,4,2.055399848
ScatterPIFNUFFT,11,5,0.001261391
ScatterPIFNUFFT,11,6,2.053850297
ScatterPIFNUFFT,11,7,0.001262123
ScatterPIFNUFFT,11,8,2.055351352
ScatterPIFNUFFT,11,9,0.001264046
ScatterPIFNUFFT,11,10,2.05617175
ScatterPIFNUFFT,11,11,0.001260289
ScatterPIFNUFFT,11,12,2.054964034
ScatterPIFNUFFT,11,13,0.001264087
ScatterPIFNUFFT,11,14,2.056375424
ScatterPIFNUFFT,11,15,0.001259888
ScatterPIFNUFFT,11,16,2.055164991
ScatterPIFNUFFT,11,17,0.00127134
ScatterPIFNUFFT,11,18,2.055002406
ScatterPIFNUFFT,11,19,0.001259678
NativeNUFFT1,11,0,2.051540087
NativeNUFFT1,11,1,2.055290515
NativeNUFFT1,11,2,2.053499009
NativeNUFFT1,11,3,2.051948557
NativeNUFFT1,11,4,2.05344386
NativeNUFFT1,11,5,2.05427018
NativeNUFFT1,11,6,2.053061842
NativeNUFFT1,11,7,2.054494695
NativeNUFFT1,11,8,2.053284904
NativeNUFFT1,11,9,2.053093492
scatterTimerNUFFT1,11,0,1.915791535
scatterTimerNUFFT1,11,1,1.917769574
scatterTimerNUFFT1,11,2,1.917747342
scatterTimerNUFFT1,11,3,1.924269342
scatterTimerNUFFT1,11,4,1.922441755
scatterTimerNUFFT1,11,5,1.924099463
scatterTimerNUFFT1,11,6,1.927418628
scatterTimerNUFFT1,11,7,1.915764373
scatterTimerNUFFT1,11,8,1.92182411
scatterTimerNUFFT1,11,9,1.923633602
binSort,11,0,0.007347009
binSort,11,1,0.007381284
binSort,11,2,0.007357157
binSort,11,3,0.007380933
binSort,11,4,0.007490025
binSort,11,5,0.007324935
binSort,11,6,0.007319134
binSort,11,7,0.007313123
binSort,11,8,0.007324975
binSort,11,9,0.007337579
binComputeKeys,11,0,0.000551357
binComputeKeys,11,1,0.000549743
binComputeKeys,11,2,0.00055774
binComputeKeys,11,3,0.000556588
binComputeKeys,11,4,0.000681499
binComputeKeys,11,5,0.000552338
binComputeKeys,11,6,0.000546909
binComputeKeys,11,7,0.000552589
binComputeKeys,11,8,0.000557899
binComputeKeys,11,9,0.000548381
binSortByKey,11,0,0.006574694
binSortByKey,11,1,0.006605844
binSortByKey,11,2,0.006580575
binSortByKey,11,3,0.006595854
binSortByKey,11,4,0.006589021
binSortByKey,11,5,0.006554785
binSortByKey,11,6,0.006555677
binSortByKey,11,7,0.00654207
binSortByKey,11,8,0.00654696
binSortByKey,11,9,0.006571137
binComputeOffsets,11,0,0.000217601
binComputeOffsets,11,1,0.000221669
binComputeOffsets,11,2,0.000214986
binComputeOffsets,11,3,0.000224474
binComputeOffsets,11,4,0.000215567
binComputeOffsets,11,5,0.000213894
binComputeOffsets,11,6,0.000212952
binComputeOffsets,11,7,0.000214966
binComputeOffsets,11,8,0.000214125
binComputeOffsets,11,9,0.000214315
FFTNUFFT1,11,0,0.135435715
FFTNUFFT1,11,1,0.137203376
FFTNUFFT1,11,2,0.135437509
FFTNUFFT1,11,3,0.127367572
FFTNUFFT1,11,4,0.130693168
FFTNUFFT1,11,5,0.12985712
FFTNUFFT1,11,6,0.125332814
FFTNUFFT1,11,7,0.138418038
FFTNUFFT1,11,8,0.131144461
FFTNUFFT1,11,9,0.129131676
deconvolutionNUFFT1,11,0,0.000308667
deconvolutionNUFFT1,11,1,0.000313898
deconvolutionNUFFT1,11,2,0.0003101
deconvolutionNUFFT1,11,3,0.000307776
deconvolutionNUFFT1,11,4,0.00030469
deconvolutionNUFFT1,11,5,0.00030996
deconvolutionNUFFT1,11,6,0.000306684
deconvolutionNUFFT1,11,7,0.000308367
deconvolutionNUFFT1,11,8,0.000311071
deconvolutionNUFFT1,11,9,0.000324178
GatherPIFNUFFT,11,0,4.175497627
GatherPIFNUFFT,11,1,4.161302997
GatherPIFNUFFT,11,2,4.160946026
GatherPIFNUFFT,11,3,4.161684198
GatherPIFNUFFT,11,4,4.146303169
GatherPIFNUFFT,11,5,4.14445361
GatherPIFNUFFT,11,6,4.130381136
GatherPIFNUFFT,11,7,4.117295272
GatherPIFNUFFT,11,8,4.108122804
GatherPIFNUFFT,11,9,4.103532279
NativeNUFFT2,11,0,1.331723806
NativeNUFFT2,11,1,1.412900059
NativeNUFFT2,11,2,1.420409592
NativeNUFFT2,11,3,1.326011752
NativeNUFFT2,11,4,1.414304307
NativeNUFFT2,11,5,1.410473322
NativeNUFFT2,11,6,1.331812397
NativeNUFFT2,11,7,1.404821555
NativeNUFFT2,11,8,1.413832142
NativeNUFFT2,11,9,1.326347063
NativeNUFFT2,11,10,1.412403396
NativeNUFFT2,11,11,1.41240808
NativeNUFFT2,11,12,1.320271523
NativeNUFFT2,11,13,1.412377087
NativeNUFFT2,11,14,1.403087478
NativeNUFFT2,11,15,1.317471546
NativeNUFFT2,11,16,1.404775335
NativeNUFFT2,11,17,1.41164985
NativeNUFFT2,11,18,1.315453259
NativeNUFFT2,11,19,1.405051169
NativeNUFFT2,11,20,1.399159678
NativeNUFFT2,11,21,1.308424085
NativeNUFFT2,11,22,1.398188861
NativeNUFFT2,11,23,1.400160674
NativeNUFFT2,11,24,1.309199738
NativeNUFFT2,11,25,1.39480939
NativeNUFFT2,11,26,1.393551816
NativeNUFFT2,11,27,1.302951437
NativeNUFFT2,11,28,1.396567041
NativeNUFFT2,11,29,1.393572896
PrecorrectionNUFFT2,11,0,0.000563471
PrecorrectionNUFFT2,11,1,0.000549534
PrecorrectionNUFFT2,11,2,0.000554393
PrecorrectionNUFFT2,11,3,0.000588079
PrecorrectionNUFFT2,11,4,0.000561917
PrecorrectionNUFFT2,11,5,0.0005685
PrecorrectionNUFFT2,11,6,0.000564543
PrecorrectionNUFFT2,11,7,0.000545826
PrecorrectionNUFFT2,11,8,0.000546437
PrecorrectionNUFFT2,11,9,0.000591746
PrecorrectionNUFFT2,11,10,0.000569302
PrecorrectionNUFFT2,11,11,0.000564893
PrecorrectionNUFFT2,11,12,0.000582788
PrecorrectionNUFFT2,11,13,0.000558471
PrecorrectionNUFFT2,11,14,0.000564823
PrecorrectionNUFFT2,11,15,0.000586215
PrecorrectionNUFFT2,11,16,0.000552389
PrecorrectionNUFFT2,11,17,0.000557078
PrecorrectionNUFFT2,11,18,0.000584401
PrecorrectionNUFFT2,11,19,0.000559973
PrecorrectionNUFFT2,11,20,0.000560886
PrecorrectionNUFFT2,11,21,0.000590172
PrecorrectionNUFFT2,11,22,0.00056347
PrecorrectionNUFFT2,11,23,0.000562309
PrecorrectionNUFFT2,11,24,0.000588208
PrecorrectionNUFFT2,11,25,0.000560665
PrecorrectionNUFFT2,11,26,0.000565293
PrecorrectionNUFFT2,11,27,0.000567538
PrecorrectionNUFFT2,11,28,0.000538372
PrecorrectionNUFFT2,11,29,0.000543211
FFTNUFFT2,11,0,0.134168793
FFTNUFFT2,11,1,0.21875752
FFTNUFFT2,11,2,0.223416697
FFTNUFFT2,11,3,0.130603484
FFTNUFFT2,11,4,0.219106896
FFTNUFFT2,11,5,0.21341928
FFTNUFFT2,11,6,0.137488569
FFTNUFFT2,11,7,0.216128543
FFTNUFFT2,11,8,0.221525767
FFTNUFFT2,11,9,0.13660536
FFTNUFFT2,11,10,0.221457635
FFTNUFFT2,11,11,0.221111839
FFTNUFFT2,11,12,0.133646923
FFTNUFFT2,11,13,0.223084231
FFTNUFFT2,11,14,0.217289026
FFTNUFFT2,11,15,0.133880716
FFTNUFFT2,11,16,0.221264441
FFTNUFFT2,11,17,0.226123856
FFTNUFFT2,11,18,0.132675925
FFTNUFFT2,11,19,0.221900572
FFTNUFFT2,11,20,0.215403109
FFTNUFFT2,11,21,0.127419854
FFTNUFFT2,11,22,0.217313997
FFTNUFFT2,11,23,0.22111339
FFTNUFFT2,11,24,0.131063665
FFTNUFFT2,11,25,0.212290445
FFTNUFFT2,11,26,0.216110207
FFTNUFFT2,11,27,0.13000643
FFTNUFFT2,11,28,0.221395965
FFTNUFFT2,11,29,0.218781006
GatherNUFFT2,11,0,1.196983406
GatherNUFFT2,11,1,1.19358549
GatherNUFFT2,11,2,1.196430215
GatherNUFFT2,11,3,1.194811903
GatherNUFFT2,11,4,1.194628058
GatherNUFFT2,11,5,1.196477697
GatherNUFFT2,11,6,1.193751642
GatherNUFFT2,11,7,1.18813838
GatherNUFFT2,11,8,1.191753054
GatherNUFFT2,11,9,1.189141512
GatherNUFFT2,11,10,1.190369206
GatherNUFFT2,11,11,1.190722832
GatherNUFFT2,11,12,1.186033886
GatherNUFFT2,11,13,1.188727692
GatherNUFFT2,11,14,1.185225724
GatherNUFFT2,11,15,1.182997382
GatherNUFFT2,11,16,1.182948104
GatherNUFFT2,11,17,1.184961311
GatherNUFFT2,11,18,1.182184568
GatherNUFFT2,11,19,1.182583369
GatherNUFFT2,11,20,1.183187998
GatherNUFFT2,11,21,1.180406695
GatherNUFFT2,11,22,1.180304409
GatherNUFFT2,11,23,1.178476651
GatherNUFFT2,11,24,1.17754013
GatherNUFFT2,11,25,1.181948241
GatherNUFFT2,11,26,1.176868871
GatherNUFFT2,11,27,1.172369654
GatherNUFFT2,11,28,1.174625068
GatherNUFFT2,11,29,1.174240935
mainTimer,12,0,63.095025034
dumpData,12,0,0.168159023
dumpData,12,1,0.162146917
dumpData,12,2,0.159990444
dumpData,12,3,0.161703265
dumpData,12,4,0.167680526
dumpData,12,5,0.161357088
dumpData,12,6,0.157986577
dumpData,12,7,0.161425401
dumpData,12,8,0.158337516
dumpData,12,9,0.159761531
kick,12,0,0.001009965
kick,12,1,0.001051966
kick,12,2,0.001034622
kick,12,3,0.00104888
kick,12,4,0.001031055
kick,12,5,0.001057567
kick,12,6,0.00100744
kick,12,7,0.001058458
kick,12,8,0.001021537
kick,12,9,0.001072154
kick,12,10,0.00101826
kick,12,11,0.001063769
kick,12,12,0.001017349
kick,12,13,0.001050934
kick,12,14,0.001014473
kick,12,15,0.001050403
kick,12,16,0.001017469
kick,12,17,0.001038229
kick,12,18,0.001017419
kick,12,19,0.001061013
drift,12,0,0.001004454
drift,12,1,0.001006247
drift,12,2,0.001000696
drift,12,3,0.001002139
drift,12,4,0.001012911
drift,12,5,0.00099707
drift,12,6,0.001006938
drift,12,7,0.001005345
drift,12,8,0.001008181
drift,12,9,0.00100232
particleBC,12,0,0.002989455
particleBC,12,1,0.002980166
particleBC,12,2,0.002975047
particleBC,12,3,0.002981169
particleBC,12,4,0.002980027
particleBC,12,5,0.002989184
particleBC,12,6,0.002988283
particleBC,12,7,0.002979906
particleBC,12,8,0.002981569
particleBC,12,9,0.002995326
updateParticle,12,0,0.018558966
updateParticle,12,1,0.016505652
updateParticle,12,2,0.017444158
updateParticle,12,3,0.016462188
updateParticle,12,4,0.017086345
updateParticle,12,5,0.016456727
updateParticle,12,6,0.017970757
updateParticle,12,7,0.017623605
updateParticle,12,8,0.018118813
updateParticle,12,9,0.017156822
locateParticles,12,0,0.003843298
locateParticles,12,1,0.003842947
locateParticles,12,2,0.003864468
locateParticles,12,3,0.003855381
locateParticles,12,4,0.00388543
locateParticles,12,5,0.003876341
locateParticles,12,6,0.003860981
locateParticles,12,7,0.003843037
locateParticles,12,8,0.003841024
locateParticles,12,9,0.003838058
sendPreprocess,12,0,0.001861944
sendPreprocess,12,1,0.001818018
sendPreprocess,12,2,0.002011983
sendPreprocess,12,3,0.001795495
sendPreprocess,12,4,0.001934113
sendPreprocess,12,5,0.001787278
sendPreprocess,12,6,0.001806396
sendPreprocess,12,7,0.001886811
sendPreprocess,12,8,0.001697765
sendPreprocess,12,9,0.00190104
particleSend,12,0,0.002635581
particleSend,12,1,0.001758142
particleSend,12,2,0.001779153
particleSend,12,3,0.001713345
particleSend,12,4,0.001707124
particleSend,12,5,0.001732553
particleSend,12,6,0.00171047
particleSend,12,7,0.002787154
particleSend,12,8,0.00171024
particleSend,12,9,0.001737563
particleRecv,12,0,5.3684e-05
particleRecv,12,1,6.7711e-05
particleRecv,12,2,5.3874e-05
particleRecv,12,3,5.2882e-05
particleRecv,12,4,5.691e-05
particleRecv,12,5,5.4496e-05
particleRecv,12,6,5.3964e-05
particleRecv,12,7,5.8834e-05
particleRecv,12,8,5.2823e-05
particleRecv,12,9,6.0116e-05
particleDestroy,12,0,0.006935372
particleDestroy,12,1,0.006941854
particleDestroy,12,2,0.00690334
particleDestroy,12,3,0.007178592
particleDestroy,12,4,0.006937586
particleDestroy,12,5,0.006921425
particleDestroy,12,6,0.006907738
particleDestroy,12,7,0.007093237
particleDestroy,12,8,0.006911305
particleDestroy,12,9,0.006931503
ScatterPIFNUFFT,12,0,2.046036756
ScatterPIFNUFFT,12,1,0.001259838
ScatterPIFNUFFT,12,2,2.048406643
ScatterPIFNUFFT,12,3,0.001259036
ScatterPIFNUFFT,12,4,2.049802876
ScatterPIFNUFFT,12,5,0.001261732
ScatterPIFNUFFT,12,6,2.047067401
ScatterPIFNUFFT,12,7,0.001259517
ScatterPIFNUFFT,12,8,2.046129075
ScatterPIFNUFFT,12,9,0.001264117
ScatterPIFNUFFT,12,10,2.047431836
ScatterPIFNUFFT,12,11,0.001259167
ScatterPIFNUFFT,12,12,2.046339112
ScatterPIFNUFFT,12,13,0.001257103
ScatterPIFNUFFT,12,14,2.047289221
ScatterPIFNUFFT,12,15,0.001256271
ScatterPIFNUFFT,12,16,2.0473044
ScatterPIFNUFFT,12,17,0.001262434
ScatterPIFNUFFT,12,18,2.046593494
ScatterPIFNUFFT,12,19,0.001265439
NativeNUFFT1,12,0,2.044237665
NativeNUFFT1,12,1,2.046579057
NativeNUFFT1,12,2,2.047955722
NativeNUFFT1,12,3,2.045244423
NativeNUFFT1,12,4,2.044298853
NativeNUFFT1,12,5,2.045589561
NativeNUFFT1,12,6,2.044511345
NativeNUFFT1,12,7,2.045481993
NativeNUFFT1,12,8,2.045401849
NativeNUFFT1,12,9,2.044776057
scatterTimerNUFFT1,12,0,1.915817696
scatterTimerNUFFT1,12,1,1.918248882
scatterTimerNUFFT1,12,2,1.919235161
scatterTimerNUFFT1,12,3,1.918154307
scatterTimerNUFFT1,12,4,1.91611963
scatterTimerNUFFT1,12,5,1.917744154
scatterTimerNUFFT1,12,6,1.915313482
scatterTimerNUFFT1,12,7,1.916028323
scatterTimerNUFFT1,12,8,1.91504441
scatterTimerNUFFT1,12,9,1.917055892
binSort,12,0,0.006968947
binSort,12,1,0.00693991
binSort,12,2,0.006944529
binSort,12,3,0.006962013
binSort,12,4,0.007062438
binSort,12,5,0.006973856
binSort,12,6,0.006982823
binSort,12,7,0.006969628
binSort,12,8,0.007091143
binSort,12,9,0.006990598
binComputeKeys,12,0,0.000520036
binComputeKeys,12,1,0.000518673
binComputeKeys,12,2,0.00052209
binComputeKeys,12,3,0.000515217
binComputeKeys,12,4,0.000518624
binComputeKeys,12,5,0.000517752
binComputeKeys,12,6,0.000516189
binComputeKeys,12,7,0.000518584
binComputeKeys,12,8,0.000517261
binComputeKeys,12,9,0.000520768
binSortByKey,12,0,0.00624217
binSortByKey,12,1,0.006212032
binSortByKey,12,2,0.00621173
binSortByKey,12,3,0.006238823
binSortByKey,12,4,0.006333647
binSortByKey,12,5,0.006243603
binSortByKey,12,6,0.006255867
binSortByKey,12,7,0.006239424
binSortByKey,12,8,0.006360719
binSortByKey,12,9,0.006257811
binComputeOffsets,12,0,0.000203594
binComputeOffsets,12,1,0.000205899
binComputeOffsets,12,2,0.000207472
binComputeOffsets,12,3,0.000204797
binComputeOffsets,12,4,0.000205928
binComputeOffsets,12,5,0.000208924
binComputeOffsets,12,6,0.000207131
binComputeOffsets,12,7,0.000207632
binComputeOffsets,12,8,0.000207151
binComputeOffsets,12,9,0.000208423
FFTNUFFT1,12,0,0.128111091
FFTNUFFT1,12,1,0.128013172
FFTNUFFT1,12,2,0.128407876
FFTNUFFT1,12,3,0.126771309
FFTNUFFT1,12,4,0.127861037
FFTNUFFT1,12,5,0.127528924
FFTNUFFT1,12,6,0.128880169
FFTNUFFT1,12,7,0.129145703
FFTNUFFT1,12,8,0.130045695
FFTNUFFT1,12,9,0.127404564
deconvolutionNUFFT1,12,0,0.000305171
deconvolutionNUFFT1,12,1,0.000312805
deconvolutionNUFFT1,12,2,0.000308727
deconvolutionNUFFT1,12,3,0.000314649
deconvolutionNUFFT1,12,4,0.000314038
deconvolutionNUFFT1,12,5,0.000312425
deconvolutionNUFFT1,12,6,0.000313988
deconvolutionNUFFT1,12,7,0.000304359
deconvolutionNUFFT1,12,8,0.000306203
deconvolutionNUFFT1,12,9,0.000311322
GatherPIFNUFFT,12,0,4.100645912
GatherPIFNUFFT,12,1,4.094506582
GatherPIFNUFFT,12,2,4.094376199
GatherPIFNUFFT,12,3,4.091500269
GatherPIFNUFFT,12,4,4.076604427
GatherPIFNUFFT,12,5,4.077043357
GatherPIFNUFFT,12,6,4.064482017
GatherPIFNUFFT,12,7,4.054166967
GatherPIFNUFFT,12,8,4.044902128
GatherPIFNUFFT,12,9,4.042336893
NativeNUFFT2,12,0,1.263040069
NativeNUFFT2,12,1,1.416107195
NativeNUFFT2,12,2,1.411490501
NativeNUFFT2,12,3,1.255815137
NativeNUFFT2,12,4,1.416632953
NativeNUFFT2,12,5,1.412066174
NativeNUFFT2,12,6,1.25410574
NativeNUFFT2,12,7,1.418643282
NativeNUFFT2,12,8,1.411577589
NativeNUFFT2,12,9,1.256106843
NativeNUFFT2,12,10,1.416466349
NativeNUFFT2,12,11,1.408948186
NativeNUFFT2,12,12,1.257411136
NativeNUFFT2,12,13,1.41025539
NativeNUFFT2,12,14,1.398884495
NativeNUFFT2,12,15,1.255613838
NativeNUFFT2,12,16,1.403461873
NativeNUFFT2,12,17,1.407949709
NativeNUFFT2,12,18,1.245879219
NativeNUFFT2,12,19,1.411157425
NativeNUFFT2,12,20,1.397371107
NativeNUFFT2,12,21,1.245852196
NativeNUFFT2,12,22,1.397078842
NativeNUFFT2,12,23,1.401168936
NativeNUFFT2,12,24,1.239670304
NativeNUFFT2,12,25,1.398431579
NativeNUFFT2,12,26,1.396784523
NativeNUFFT2,12,27,1.2430219
NativeNUFFT2,12,28,1.392750435
NativeNUFFT2,12,29,1.396531973
PrecorrectionNUFFT2,12,0,0.000573901
PrecorrectionNUFFT2,12,1,0.000549363
PrecorrectionNUFFT2,12,2,0.000550615
PrecorrectionNUFFT2,12,3,0.000573921
PrecorrectionNUFFT2,12,4,0.000548421
PrecorrectionNUFFT2,12,5,0.000550185
PrecorrectionNUFFT2,12,6,0.00056807
PrecorrectionNUFFT2,12,7,0.000548612
PrecorrectionNUFFT2,12,8,0.000558592
PrecorrectionNUFFT2,12,9,0.000569763
PrecorrectionNUFFT2,12,10,0.000549815
PrecorrectionNUFFT2,12,11,0.000554193
PrecorrectionNUFFT2,12,12,0.000569101
PrecorrectionNUFFT2,12,13,0.000545876
PrecorrectionNUFFT2,12,14,0.000552199
PrecorrectionNUFFT2,12,15,0.000572037
PrecorrectionNUFFT2,12,16,0.000549143
PrecorrectionNUFFT2,12,17,0.000555846
PrecorrectionNUFFT2,12,18,0.000567738
PrecorrectionNUFFT2,12,19,0.000551547
PrecorrectionNUFFT2,12,20,0.000552359
PrecorrectionNUFFT2,12,21,0.000577528
PrecorrectionNUFFT2,12,22,0.000545125
PrecorrectionNUFFT2,12,23,0.000551608
PrecorrectionNUFFT2,12,24,0.000567438
PrecorrectionNUFFT2,12,25,0.000545396
PrecorrectionNUFFT2,12,26,0.000549714
PrecorrectionNUFFT2,12,27,0.000579
PrecorrectionNUFFT2,12,28,0.000549032
PrecorrectionNUFFT2,12,29,0.000550254
FFTNUFFT2,12,0,0.13180063
FFTNUFFT2,12,1,0.28763896
FFTNUFFT2,12,2,0.287694268
FFTNUFFT2,12,3,0.131447868
FFTNUFFT2,12,4,0.290647973
FFTNUFFT2,12,5,0.283155033
FFTNUFFT2,12,6,0.135585597
FFTNUFFT2,12,7,0.291336466
FFTNUFFT2,12,8,0.284641539
FFTNUFFT2,12,9,0.137592639
FFTNUFFT2,12,10,0.288038832
FFTNUFFT2,12,11,0.28485262
FFTNUFFT2,12,12,0.13223418
FFTNUFFT2,12,13,0.287788627
FFTNUFFT2,12,14,0.283818655
FFTNUFFT2,12,15,0.133041522
FFTNUFFT2,12,16,0.283982964
FFTNUFFT2,12,17,0.286461281
FFTNUFFT2,12,18,0.132167009
FFTNUFFT2,12,19,0.292304929
FFTNUFFT2,12,20,0.27974343
FFTNUFFT2,12,21,0.136971307
FFTNUFFT2,12,22,0.282375004
FFTNUFFT2,12,23,0.28628015
FFTNUFFT2,12,24,0.130810003
FFTNUFFT2,12,25,0.283818366
FFTNUFFT2,12,26,0.282257355
FFTNUFFT2,12,27,0.131363144
FFTNUFFT2,12,28,0.280665885
FFTNUFFT2,12,29,0.281940933
GatherNUFFT2,12,0,1.13065605
GatherNUFFT2,12,1,1.127911868
GatherNUFFT2,12,2,1.123231721
GatherNUFFT2,12,3,1.123784902
GatherNUFFT2,12,4,1.125428202
GatherNUFFT2,12,5,1.128352671
GatherNUFFT2,12,6,1.117944229
GatherNUFFT2,12,7,1.126749208
GatherNUFFT2,12,8,1.126370054
GatherNUFFT2,12,9,1.117936266
GatherNUFFT2,12,10,1.127870108
GatherNUFFT2,12,11,1.123532386
GatherNUFFT2,12,12,1.124596633
GatherNUFFT2,12,13,1.121913574
GatherNUFFT2,12,14,1.114504022
GatherNUFFT2,12,15,1.121992093
GatherNUFFT2,12,16,1.118919055
GatherNUFFT2,12,17,1.120924156
GatherNUFFT2,12,18,1.113134872
GatherNUFFT2,12,19,1.118293755
GatherNUFFT2,12,20,1.117065768
GatherNUFFT2,12,21,1.108295396
GatherNUFFT2,12,22,1.114151419
GatherNUFFT2,12,23,1.114329033
GatherNUFFT2,12,24,1.108284767
GatherNUFFT2,12,25,1.114058009
GatherNUFFT2,12,26,1.113969558
GatherNUFFT2,12,27,1.111071049
GatherNUFFT2,12,28,1.111527581
GatherNUFFT2,12,29,1.114031497
mainTimer,13,0,63.09502275
dumpData,13,0,0.096318877
dumpData,13,1,0.096306292
dumpData,13,2,0.093097442
dumpData,13,3,0.093528325
dumpData,13,4,0.093073336
dumpData,13,5,0.096922725
dumpData,13,6,0.090198062
dumpData,13,7,0.093904555
dumpData,13,8,0.094230254
dumpData,13,9,0.093372334
kick,13,0,0.001094718
kick,13,1,0.001098696
kick,13,2,0.001088867
kick,13,3,0.001135056
kick,13,4,0.001073978
kick,13,5,0.001133864
kick,13,6,0.001099006
kick,13,7,0.001131509
kick,13,8,0.001104216
kick,13,9,0.00112655
kick,13,10,0.001091652
kick,13,11,0.001108095
kick,13,12,0.001078648
kick,13,13,0.001130307
kick,13,14,0.001079809
kick,13,15,0.001113646
kick,13,16,0.001078657
kick,13,17,0.001118244
kick,13,18,0.001097955
kick,13,19,0.001107824
drift,13,0,0.001089749
drift,13,1,0.001090119
drift,13,2,0.001079019
drift,13,3,0.001076473
drift,13,4,0.001082906
drift,13,5,0.001091753
drift,13,6,0.001081574
drift,13,7,0.001090319
drift,13,8,0.001090891
drift,13,9,0.001082074
particleBC,13,0,0.003165796
particleBC,13,1,0.003183781
particleBC,13,2,0.003191396
particleBC,13,3,0.003198539
particleBC,13,4,0.003206385
particleBC,13,5,0.003185936
particleBC,13,6,0.003185124
particleBC,13,7,0.00318351
particleBC,13,8,0.003173281
particleBC,13,9,0.003210012
updateParticle,13,0,0.018133663
updateParticle,13,1,0.016346945
updateParticle,13,2,0.017047711
updateParticle,13,3,0.016043077
updateParticle,13,4,0.017000679
updateParticle,13,5,0.016155735
updateParticle,13,6,0.01765707
updateParticle,13,7,0.017332382
updateParticle,13,8,0.017841056
updateParticle,13,9,0.016848516
locateParticles,13,0,0.004062632
locateParticles,13,1,0.00406661
locateParticles,13,2,0.00404589
locateParticles,13,3,0.004104453
locateParticles,13,4,0.004075297
locateParticles,13,5,0.004048655
locateParticles,13,6,0.004085095
locateParticles,13,7,0.004051681
locateParticles,13,8,0.004033586
locateParticles,13,9,0.004037023
sendPreprocess,13,0,0.001295117
sendPreprocess,13,1,0.001254738
sendPreprocess,13,2,0.001493019
sendPreprocess,13,3,0.00116222
sendPreprocess,13,4,0.001363439
sendPreprocess,13,5,0.00125079
sendPreprocess,13,6,0.001253556
sendPreprocess,13,7,0.001325616
sendPreprocess,13,8,0.001168762
sendPreprocess,13,9,0.001327139
particleSend,13,0,0.001690201
particleSend,13,1,0.001753845
particleSend,13,2,0.001786387
particleSend,13,3,0.001785666
particleSend,13,4,0.001779213
particleSend,13,5,0.001783702
particleSend,13,6,0.002697761
particleSend,13,7,0.001682656
particleSend,13,8,0.00287833
particleSend,13,9,0.002692941
particleRecv,13,0,6.4835e-05
particleRecv,13,1,5.2351e-05
particleRecv,13,2,4.8704e-05
particleRecv,13,3,5.2882e-05
particleRecv,13,4,5.5777e-05
particleRecv,13,5,5.9595e-05
particleRecv,13,6,5.4586e-05
particleRecv,13,7,6.8583e-05
particleRecv,13,8,4.8213e-05
particleRecv,13,9,4.8053e-05
particleDestroy,13,0,0.007422936
particleDestroy,13,1,0.007457562
particleDestroy,13,2,0.007418426
particleDestroy,13,3,0.007573185
particleDestroy,13,4,0.00749759
particleDestroy,13,5,0.007432544
particleDestroy,13,6,0.007467731
particleDestroy,13,7,0.00745185
particleDestroy,13,8,0.007432223
particleDestroy,13,9,0.007395571
ScatterPIFNUFFT,13,0,2.053016794
ScatterPIFNUFFT,13,1,0.001261722
ScatterPIFNUFFT,13,2,2.055956353
ScatterPIFNUFFT,13,3,0.001261882
ScatterPIFNUFFT,13,4,2.055939442
ScatterPIFNUFFT,13,5,0.001263846
ScatterPIFNUFFT,13,6,2.058137394
ScatterPIFNUFFT,13,7,0.001269456
ScatterPIFNUFFT,13,8,2.053465902
ScatterPIFNUFFT,13,9,0.001265639
ScatterPIFNUFFT,13,10,2.055611525
ScatterPIFNUFFT,13,11,0.00126089
ScatterPIFNUFFT,13,12,2.054397367
ScatterPIFNUFFT,13,13,0.001265549
ScatterPIFNUFFT,13,14,2.05330826
ScatterPIFNUFFT,13,15,0.001261872
ScatterPIFNUFFT,13,16,2.053325803
ScatterPIFNUFFT,13,17,0.001257223
ScatterPIFNUFFT,13,18,2.054767342
ScatterPIFNUFFT,13,19,0.001259087
NativeNUFFT1,13,0,2.051119753
NativeNUFFT1,13,1,2.05406851
NativeNUFFT1,13,2,2.054017873
NativeNUFFT1,13,3,2.05623408
NativeNUFFT1,13,4,2.051553812
NativeNUFFT1,13,5,2.053702812
NativeNUFFT1,13,6,2.052498462
NativeNUFFT1,13,7,2.051398162
NativeNUFFT1,13,8,2.051390027
NativeNUFFT1,13,9,2.052863277
scatterTimerNUFFT1,13,0,1.914428217
scatterTimerNUFFT1,13,1,1.916281004
scatterTimerNUFFT1,13,2,1.917654712
scatterTimerNUFFT1,13,3,1.917923652
scatterTimerNUFFT1,13,4,1.915562812
scatterTimerNUFFT1,13,5,1.917442671
scatterTimerNUFFT1,13,6,1.915046856
scatterTimerNUFFT1,13,7,1.914457073
scatterTimerNUFFT1,13,8,1.915236471
scatterTimerNUFFT1,13,9,1.916368291
binSort,13,0,0.007373239
binSort,13,1,0.007377457
binSort,13,2,0.007452882
binSort,13,3,0.007413557
binSort,13,4,0.007470607
binSort,13,5,0.007408998
binSort,13,6,0.007370594
binSort,13,7,0.007342008
binSort,13,8,0.007390492
binSort,13,9,0.007441491
binComputeKeys,13,0,0.000546438
binComputeKeys,13,1,0.000545746
binComputeKeys,13,2,0.000547289
binComputeKeys,13,3,0.000553662
binComputeKeys,13,4,0.000637223
binComputeKeys,13,5,0.000549914
binComputeKeys,13,6,0.000546548
binComputeKeys,13,7,0.000541919
binComputeKeys,13,8,0.000545306
binComputeKeys,13,9,0.000541438
binSortByKey,13,0,0.006611886
binSortByKey,13,1,0.006616174
binSortByKey,13,2,0.006688092
binSortByKey,13,3,0.006641111
binSortByKey,13,4,0.006617486
binSortByKey,13,5,0.006642735
binSortByKey,13,6,0.006605733
binSortByKey,13,7,0.006581456
binSortByKey,13,8,0.006627235
binSortByKey,13,9,0.006683454
binComputeOffsets,13,0,0.00021209
binComputeOffsets,13,1,0.000212582
binComputeOffsets,13,2,0.000213994
binComputeOffsets,13,3,0.000215296
binComputeOffsets,13,4,0.000212311
binComputeOffsets,13,5,0.000213172
binComputeOffsets,13,6,0.000215176
binComputeOffsets,13,7,0.000214194
binComputeOffsets,13,8,0.000213613
binComputeOffsets,13,9,0.000213433
FFTNUFFT1,13,0,0.136381716
FFTNUFFT1,13,1,0.137470544
FFTNUFFT1,13,2,0.136048642
FFTNUFFT1,13,3,0.137999618
FFTNUFFT1,13,4,0.135679818
FFTNUFFT1,13,5,0.135940694
FFTNUFFT1,13,6,0.137135725
FFTNUFFT1,13,7,0.136624507
FFTNUFFT1,13,8,0.135840078
FFTNUFFT1,13,9,0.136173603
deconvolutionNUFFT1,13,0,0.000306052
deconvolutionNUFFT1,13,1,0.000312976
deconvolutionNUFFT1,13,2,0.000310682
deconvolutionNUFFT1,13,3,0.000307345
deconvolutionNUFFT1,13,4,0.000307254
deconvolutionNUFFT1,13,5,0.00031537
deconvolutionNUFFT1,13,6,0.000310731
deconvolutionNUFFT1,13,7,0.000312585
deconvolutionNUFFT1,13,8,0.000308607
deconvolutionNUFFT1,13,9,0.000317595
GatherPIFNUFFT,13,0,4.165549255
GatherPIFNUFFT,13,1,4.152549458
GatherPIFNUFFT,13,2,4.155109751
GatherPIFNUFFT,13,3,4.149831942
GatherPIFNUFFT,13,4,4.143486848
GatherPIFNUFFT,13,5,4.133445917
GatherPIFNUFFT,13,6,4.124131131
GatherPIFNUFFT,13,7,4.11555824
GatherPIFNUFFT,13,8,4.102863245
GatherPIFNUFFT,13,9,4.100429034
NativeNUFFT2,13,0,1.322447294
NativeNUFFT2,13,1,1.413573702
NativeNUFFT2,13,2,1.419080169
NativeNUFFT2,13,3,1.318390033
NativeNUFFT2,13,4,1.414348372
NativeNUFFT2,13,5,1.409387731
NativeNUFFT2,13,6,1.321695349
NativeNUFFT2,13,7,1.410304506
NativeNUFFT2,13,8,1.412591061
NativeNUFFT2,13,9,1.317332518
NativeNUFFT2,13,10,1.410145477
NativeNUFFT2,13,11,1.411831223
NativeNUFFT2,13,12,1.312802148
NativeNUFFT2,13,13,1.413879806
NativeNUFFT2,13,14,1.406262473
NativeNUFFT2,13,15,1.310101935
NativeNUFFT2,13,16,1.404929574
NativeNUFFT2,13,17,1.407988604
NativeNUFFT2,13,18,1.308174924
NativeNUFFT2,13,19,1.406158452
NativeNUFFT2,13,20,1.399333635
NativeNUFFT2,13,21,1.307005261
NativeNUFFT2,13,22,1.397024909
NativeNUFFT2,13,23,1.401111074
NativeNUFFT2,13,24,1.301561397
NativeNUFFT2,13,25,1.397169456
NativeNUFFT2,13,26,1.39361534
NativeNUFFT2,13,27,1.297183033
NativeNUFFT2,13,28,1.396378266
NativeNUFFT2,13,29,1.396300815
PrecorrectionNUFFT2,13,0,0.000556176
PrecorrectionNUFFT2,13,1,0.000547579
PrecorrectionNUFFT2,13,2,0.000545216
PrecorrectionNUFFT2,13,3,0.000559983
PrecorrectionNUFFT2,13,4,0.000556126
PrecorrectionNUFFT2,13,5,0.000548331
PrecorrectionNUFFT2,13,6,0.000585823
PrecorrectionNUFFT2,13,7,0.000564783
PrecorrectionNUFFT2,13,8,0.000563881
PrecorrectionNUFFT2,13,9,0.000578669
PrecorrectionNUFFT2,13,10,0.000570835
PrecorrectionNUFFT2,13,11,0.000560785
PrecorrectionNUFFT2,13,12,0.000576185
PrecorrectionNUFFT2,13,13,0.000577808
PrecorrectionNUFFT2,13,14,0.000565094
PrecorrectionNUFFT2,13,15,0.00056344
PrecorrectionNUFFT2,13,16,0.000543161
PrecorrectionNUFFT2,13,17,0.000552729
PrecorrectionNUFFT2,13,18,0.000561547
PrecorrectionNUFFT2,13,19,0.000548882
PrecorrectionNUFFT2,13,20,0.000545255
PrecorrectionNUFFT2,13,21,0.000559783
PrecorrectionNUFFT2,13,22,0.000545345
PrecorrectionNUFFT2,13,23,0.000550856
PrecorrectionNUFFT2,13,24,0.000584672
PrecorrectionNUFFT2,13,25,0.000561828
PrecorrectionNUFFT2,13,26,0.000568961
PrecorrectionNUFFT2,13,27,0.000714603
PrecorrectionNUFFT2,13,28,0.00057352
PrecorrectionNUFFT2,13,29,0.000565555
FFTNUFFT2,13,0,0.133998293
FFTNUFFT2,13,1,0.228902713
FFTNUFFT2,13,2,0.231219697
FFTNUFFT2,13,3,0.129781975
FFTNUFFT2,13,4,0.227441817
FFTNUFFT2,13,5,0.222145165
FFTNUFFT2,13,6,0.136507139
FFTNUFFT2,13,7,0.224873286
FFTNUFFT2,13,8,0.225559283
FFTNUFFT2,13,9,0.124785505
FFTNUFFT2,13,10,0.224706362
FFTNUFFT2,13,11,0.22744247
FFTNUFFT2,13,12,0.133667784
FFTNUFFT2,13,13,0.23236961
FFTNUFFT2,13,14,0.224328459
FFTNUFFT2,13,15,0.13310261
FFTNUFFT2,13,16,0.228537797
FFTNUFFT2,13,17,0.229837522
FFTNUFFT2,13,18,0.130207278
FFTNUFFT2,13,19,0.229610983
FFTNUFFT2,13,20,0.221853361
FFTNUFFT2,13,21,0.12678295
FFTNUFFT2,13,22,0.223019739
FFTNUFFT2,13,23,0.227201231
FFTNUFFT2,13,24,0.132829863
FFTNUFFT2,13,25,0.222316758
FFTNUFFT2,13,26,0.222444816
FFTNUFFT2,13,27,0.125294601
FFTNUFFT2,13,28,0.22547531
FFTNUFFT2,13,29,0.22308786
GatherNUFFT2,13,0,1.187884989
GatherNUFFT2,13,1,1.184115374
GatherNUFFT2,13,2,1.187307392
GatherNUFFT2,13,3,1.188039989
GatherNUFFT2,13,4,1.186342303
GatherNUFFT2,13,5,1.186686399
GatherNUFFT2,13,6,1.184595593
GatherNUFFT2,13,7,1.18485776
GatherNUFFT2,13,8,1.18645921
GatherNUFFT2,13,9,1.191959816
GatherNUFFT2,13,10,1.184858832
GatherNUFFT2,13,11,1.18381825
GatherNUFFT2,13,12,1.178549993
GatherNUFFT2,13,13,1.180924271
GatherNUFFT2,13,14,1.181360133
GatherNUFFT2,13,15,1.176429291
GatherNUFFT2,13,16,1.175837424
GatherNUFFT2,13,17,1.177590526
GatherNUFFT2,13,18,1.17739606
GatherNUFFT2,13,19,1.175990961
GatherNUFFT2,13,20,1.1769258
GatherNUFFT2,13,21,1.179655382
GatherNUFFT2,13,22,1.17345278
GatherNUFFT2,13,23,1.17335054
GatherNUFFT2,13,24,1.168139719
GatherNUFFT2,13,25,1.174281764
GatherNUFFT2,13,26,1.170594338
GatherNUFFT2,13,27,1.171165303
GatherNUFFT2,13,28,1.17032182
GatherNUFFT2,13,29,1.172638573
mainTimer,14,0,63.09502262
dumpData,14,0,0.239160595
dumpData,14,1,0.240607414
dumpData,14,2,0.233352374
dumpData,14,3,0.238394258
dumpData,14,4,0.234127144
dumpData,14,5,0.232948683
dumpData,14,6,0.229723732
dumpData,14,7,0.238595971
dumpData,14,8,0.230319575
dumpData,14,9,0.234163044
kick,14,0,0.000963935
kick,14,1,0.000979906
kick,14,2,0.000955148
kick,14,3,0.000975417
kick,14,4,0.000948465
kick,14,5,0.000988603
kick,14,6,0.000955268
kick,14,7,0.000974065
kick,14,8,0.000941251
kick,14,9,0.000983163
kick,14,10,0.000941973
kick,14,11,0.000970669
kick,14,12,0.000976981
kick,14,13,0.000974165
kick,14,14,0.000948816
kick,14,15,0.000974826
kick,14,16,0.000950609
kick,14,17,0.000975608
kick,14,18,0.000960409
kick,14,19,0.000983965
drift,14,0,0.000953676
drift,14,1,0.000976029
drift,14,2,0.000973564
drift,14,3,0.00096645
drift,14,4,0.000967792
drift,14,5,0.000962222
drift,14,6,0.00096595
drift,14,7,0.000966581
drift,14,8,0.000960849
drift,14,9,0.000976951
particleBC,14,0,0.002805049
particleBC,14,1,0.002830818
particleBC,14,2,0.002813044
particleBC,14,3,0.002823704
particleBC,14,4,0.002794628
particleBC,14,5,0.002802082
particleBC,14,6,0.002825048
particleBC,14,7,0.002792724
particleBC,14,8,0.002787624
particleBC,14,9,0.00280092
updateParticle,14,0,0.018808388
updateParticle,14,1,0.016754354
updateParticle,14,2,0.017819344
updateParticle,14,3,0.016578473
updateParticle,14,4,0.017420442
updateParticle,14,5,0.016610234
updateParticle,14,6,0.018271699
updateParticle,14,7,0.018001216
updateParticle,14,8,0.01846841
updateParticle,14,9,0.017397498
locateParticles,14,0,0.003791197
locateParticles,14,1,0.003820604
locateParticles,14,2,0.003805193
locateParticles,14,3,0.003777861
locateParticles,14,4,0.003800666
locateParticles,14,5,0.003812288
locateParticles,14,6,0.00381371
locateParticles,14,7,0.003807338
locateParticles,14,8,0.003761059
locateParticles,14,9,0.003966696
sendPreprocess,14,0,0.002193425
sendPreprocess,14,1,0.002102589
sendPreprocess,14,2,0.002344597
sendPreprocess,14,3,0.002117779
sendPreprocess,14,4,0.002328656
sendPreprocess,14,5,0.002148958
sendPreprocess,14,6,0.002099373
sendPreprocess,14,7,0.002213414
sendPreprocess,14,8,0.002086287
sendPreprocess,14,9,0.002049236
particleSend,14,0,0.001724839
particleSend,14,1,0.001947729
particleSend,14,2,0.001714929
particleSend,14,3,0.001729828
particleSend,14,4,0.001795895
particleSend,14,5,0.001715199
particleSend,14,6,0.001737603
particleSend,14,7,0.002855827
particleSend,14,8,0.001740798
particleSend,14,9,0.001725148
particleRecv,14,0,5.3313e-05
particleRecv,14,1,5.4375e-05
particleRecv,14,2,5.8223e-05
particleRecv,14,3,5.135e-05
particleRecv,14,4,5.677e-05
particleRecv,14,5,6.0568e-05
particleRecv,14,6,6.0928e-05
particleRecv,14,7,5.4214e-05
particleRecv,14,8,6.3012e-05
particleRecv,14,9,5.5587e-05
particleDestroy,14,0,0.006903911
particleDestroy,14,1,0.006891205
particleDestroy,14,2,0.006874303
particleDestroy,14,3,0.006887479
particleDestroy,14,4,0.006884893
particleDestroy,14,5,0.00687739
particleDestroy,14,6,0.006869274
particleDestroy,14,7,0.006857882
particleDestroy,14,8,0.006925151
particleDestroy,14,9,0.006932325
ScatterPIFNUFFT,14,0,2.046991003
ScatterPIFNUFFT,14,1,0.001261672
ScatterPIFNUFFT,14,2,2.051347545
ScatterPIFNUFFT,14,3,0.001262183
ScatterPIFNUFFT,14,4,2.051955863
ScatterPIFNUFFT,14,5,0.00126593
ScatterPIFNUFFT,14,6,2.050403176
ScatterPIFNUFFT,14,7,0.001270609
ScatterPIFNUFFT,14,8,2.048032879
ScatterPIFNUFFT,14,9,0.001261522
ScatterPIFNUFFT,14,10,2.049469379
ScatterPIFNUFFT,14,11,0.001264778
ScatterPIFNUFFT,14,12,2.047672443
ScatterPIFNUFFT,14,13,0.001265309
ScatterPIFNUFFT,14,14,2.048587213
ScatterPIFNUFFT,14,15,0.001262363
ScatterPIFNUFFT,14,16,2.049480641
ScatterPIFNUFFT,14,17,0.001262263
ScatterPIFNUFFT,14,18,2.048775927
ScatterPIFNUFFT,14,19,0.001260539
NativeNUFFT1,14,0,2.045246778
NativeNUFFT1,14,1,2.049609592
NativeNUFFT1,14,2,2.050197691
NativeNUFFT1,14,3,2.048662798
NativeNUFFT1,14,4,2.046304093
NativeNUFFT1,14,5,2.047720425
NativeNUFFT1,14,6,2.045927927
NativeNUFFT1,14,7,2.046849099
NativeNUFFT1,14,8,2.047732739
NativeNUFFT1,14,9,2.04700991
scatterTimerNUFFT1,14,0,1.916067119
scatterTimerNUFFT1,14,1,1.918659186
scatterTimerNUFFT1,14,2,1.91940019
scatterTimerNUFFT1,14,3,1.91816577
scatterTimerNUFFT1,14,4,1.916395374
scatterTimerNUFFT1,14,5,1.917866952
scatterTimerNUFFT1,14,6,1.915494071
scatterTimerNUFFT1,14,7,1.916055215
scatterTimerNUFFT1,14,8,1.915449664
scatterTimerNUFFT1,14,9,1.917326145
binSort,14,0,0.006559194
binSort,14,1,0.00656239
binSort,14,2,0.006557049
binSort,14,3,0.006558211
binSort,14,4,0.006611625
binSort,14,5,0.006566027
binSort,14,6,0.006552661
binSort,14,7,0.006578591
binSort,14,8,0.007149625
binSort,14,9,0.006725405
binComputeKeys,14,0,0.000493966
binComputeKeys,14,1,0.00049128
binComputeKeys,14,2,0.000490459
binComputeKeys,14,3,0.000487483
binComputeKeys,14,4,0.00049107
binComputeKeys,14,5,0.000488355
binComputeKeys,14,6,0.000488234
binComputeKeys,14,7,0.000492273
binComputeKeys,14,8,0.000494857
binComputeKeys,14,9,0.000490359
binSortByKey,14,0,0.00586483
binSortByKey,14,1,0.005871172
binSortByKey,14,2,0.005866833
binSortByKey,14,3,0.005869238
binSortByKey,14,4,0.005924155
binSortByKey,14,5,0.005877714
binSortByKey,14,6,0.005864499
binSortByKey,14,7,0.005883556
binSortByKey,14,8,0.006451916
binSortByKey,14,9,0.005929635
binComputeOffsets,14,0,0.000196921
binComputeOffsets,14,1,0.000196921
binComputeOffsets,14,2,0.0001965
binComputeOffsets,14,3,0.000197712
binComputeOffsets,14,4,0.000192743
binComputeOffsets,14,5,0.000196661
binComputeOffsets,14,6,0.00019635
binComputeOffsets,14,7,0.000199266
binComputeOffsets,14,8,0.000197362
binComputeOffsets,14,9,0.000302085
FFTNUFFT1,14,0,0.128869519
FFTNUFFT1,14,1,0.130638212
FFTNUFFT1,14,2,0.130478833
FFTNUFFT1,14,3,0.130180446
FFTNUFFT1,14,4,0.129595784
FFTNUFFT1,14,5,0.129540397
FFTNUFFT1,14,6,0.13011553
FFTNUFFT1,14,7,0.130481839
FFTNUFFT1,14,8,0.131972544
FFTNUFFT1,14,9,0.129372693
deconvolutionNUFFT1,14,0,0.000306123
deconvolutionNUFFT1,14,1,0.000308006
deconvolutionNUFFT1,14,2,0.000314428
deconvolutionNUFFT1,14,3,0.000312485
deconvolutionNUFFT1,14,4,0.000308276
deconvolutionNUFFT1,14,5,0.000309038
deconvolutionNUFFT1,14,6,0.000314038
deconvolutionNUFFT1,14,7,0.000307846
deconvolutionNUFFT1,14,8,0.000305101
deconvolutionNUFFT1,14,9,0.000307054
GatherPIFNUFFT,14,0,4.028811549
GatherPIFNUFFT,14,1,4.013198094
GatherPIFNUFFT,14,2,4.018827648
GatherPIFNUFFT,14,3,4.012939158
GatherPIFNUFFT,14,4,4.008296087
GatherPIFNUFFT,14,5,4.003855373
GatherPIFNUFFT,14,6,3.99140042
GatherPIFNUFFT,14,7,3.975675771
GatherPIFNUFFT,14,8,3.970744037
GatherPIFNUFFT,14,9,3.965854303
NativeNUFFT2,14,0,1.188626573
NativeNUFFT2,14,1,1.417739134
NativeNUFFT2,14,2,1.412804544
NativeNUFFT2,14,3,1.178622975
NativeNUFFT2,14,4,1.417421839
NativeNUFFT2,14,5,1.407462175
NativeNUFFT2,14,6,1.182240966
NativeNUFFT2,14,7,1.414313804
NativeNUFFT2,14,8,1.412563828
NativeNUFFT2,14,9,1.186733972
NativeNUFFT2,14,10,1.404528708
NativeNUFFT2,14,11,1.412033488
NativeNUFFT2,14,12,1.182082961
NativeNUFFT2,14,13,1.406768283
NativeNUFFT2,14,14,1.409715975
NativeNUFFT2,14,15,1.174869882
NativeNUFFT2,14,16,1.410091352
NativeNUFFT2,14,17,1.40915438
NativeNUFFT2,14,18,1.178124741
NativeNUFFT2,14,19,1.403612895
NativeNUFFT2,14,20,1.400043348
NativeNUFFT2,14,21,1.173061331
NativeNUFFT2,14,22,1.393508923
NativeNUFFT2,14,23,1.399470429
NativeNUFFT2,14,24,1.170142865
NativeNUFFT2,14,25,1.393865002
NativeNUFFT2,14,26,1.397091896
NativeNUFFT2,14,27,1.164702146
NativeNUFFT2,14,28,1.393053481
NativeNUFFT2,14,29,1.398439475
PrecorrectionNUFFT2,14,0,0.000560194
PrecorrectionNUFFT2,14,1,0.000550716
PrecorrectionNUFFT2,14,2,0.000546438
PrecorrectionNUFFT2,14,3,0.000561427
PrecorrectionNUFFT2,14,4,0.000564062
PrecorrectionNUFFT2,14,5,0.000557068
PrecorrectionNUFFT2,14,6,0.000561296
PrecorrectionNUFFT2,14,7,0.0005531
PrecorrectionNUFFT2,14,8,0.000570654
PrecorrectionNUFFT2,14,9,0.000555596
PrecorrectionNUFFT2,14,10,0.000542841
PrecorrectionNUFFT2,14,11,0.000548021
PrecorrectionNUFFT2,14,12,0.000584582
PrecorrectionNUFFT2,14,13,0.000565775
PrecorrectionNUFFT2,14,14,0.000559242
PrecorrectionNUFFT2,14,15,0.000587216
PrecorrectionNUFFT2,14,16,0.000561547
PrecorrectionNUFFT2,14,17,0.00056349
PrecorrectionNUFFT2,14,18,0.000567439
PrecorrectionNUFFT2,14,19,0.000545846
PrecorrectionNUFFT2,14,20,0.000548151
PrecorrectionNUFFT2,14,21,0.000562609
PrecorrectionNUFFT2,14,22,0.000553551
PrecorrectionNUFFT2,14,23,0.00055274
PrecorrectionNUFFT2,14,24,0.000558912
PrecorrectionNUFFT2,14,25,0.000560745
PrecorrectionNUFFT2,14,26,0.000550405
PrecorrectionNUFFT2,14,27,0.000566096
PrecorrectionNUFFT2,14,28,0.000544474
PrecorrectionNUFFT2,14,29,0.000545486
FFTNUFFT2,14,0,0.132819593
FFTNUFFT2,14,1,0.36148116
FFTNUFFT2,14,2,0.358509979
FFTNUFFT2,14,3,0.13050241
FFTNUFFT2,14,4,0.365032953
FFTNUFFT2,14,5,0.357336148
FFTNUFFT2,14,6,0.135343277
FFTNUFFT2,14,7,0.362565448
FFTNUFFT2,14,8,0.359246736
FFTNUFFT2,14,9,0.141129074
FFTNUFFT2,14,10,0.358272651
FFTNUFFT2,14,11,0.364988259
FFTNUFFT2,14,12,0.132706855
FFTNUFFT2,14,13,0.361894437
FFTNUFFT2,14,14,0.361583536
FFTNUFFT2,14,15,0.133346652
FFTNUFFT2,14,16,0.364548886
FFTNUFFT2,14,17,0.364131518
FFTNUFFT2,14,18,0.132788483
FFTNUFFT2,14,19,0.360867321
FFTNUFFT2,14,20,0.355906401
FFTNUFFT2,14,21,0.13577408
FFTNUFFT2,14,22,0.354761346
FFTNUFFT2,14,23,0.361798694
FFTNUFFT2,14,24,0.130824612
FFTNUFFT2,14,25,0.354041733
FFTNUFFT2,14,26,0.355620267
FFTNUFFT2,14,27,0.129903329
FFTNUFFT2,14,28,0.359179886
FFTNUFFT2,14,29,0.360677164
GatherNUFFT2,14,0,1.055238611
GatherNUFFT2,14,1,1.05569796
GatherNUFFT2,14,2,1.053737586
GatherNUFFT2,14,3,1.047550863
GatherNUFFT2,14,4,1.051816128
GatherNUFFT2,14,5,1.049560833
GatherNUFFT2,14,6,1.046328147
GatherNUFFT2,14,7,1.051185868
GatherNUFFT2,14,8,1.052739044
GatherNUFFT2,14,9,1.045041227
GatherNUFFT2,14,10,1.045705252
GatherNUFFT2,14,11,1.046488752
GatherNUFFT2,14,12,1.048782918
GatherNUFFT2,14,13,1.044300196
GatherNUFFT2,14,14,1.047561715
GatherNUFFT2,14,15,1.040928138
GatherNUFFT2,14,16,1.044966843
GatherNUFFT2,14,17,1.044449702
GatherNUFFT2,14,18,1.044759271
GatherNUFFT2,14,19,1.042192324
GatherNUFFT2,14,20,1.043579198
GatherNUFFT2,14,21,1.036716096
GatherNUFFT2,14,22,1.038186432
GatherNUFFT2,14,23,1.037109707
GatherNUFFT2,14,24,1.038751085
GatherNUFFT2,14,25,1.039251894
GatherNUFFT2,14,26,1.040913179
GatherNUFFT2,14,27,1.034223463
GatherNUFFT2,14,28,1.033320334
GatherNUFFT2,14,29,1.037207857
mainTimer,15,0,63.095025415
dumpData,15,0,0.173306044
dumpData,15,1,0.172153913
dumpData,15,2,0.167500598
dumpData,15,3,0.174007346
dumpData,15,4,0.174619194
dumpData,15,5,0.173962453
dumpData,15,6,0.158662073
dumpData,15,7,0.161989482
dumpData,15,8,0.158317366
dumpData,15,9,0.161651209
kick,15,0,0.000998943
kick,15,1,0.001022448
kick,15,2,0.001003021
kick,15,3,0.001050553
kick,15,4,0.001009934
kick,15,5,0.001040223
kick,15,6,0.001015255
kick,15,7,0.001029212
kick,15,8,0.001011047
kick,15,9,0.001039091
kick,15,10,0.001014013
kick,15,11,0.001047517
kick,15,12,0.001011467
kick,15,13,0.001173751
kick,15,14,0.001004153
kick,15,15,0.001034873
kick,15,16,0.001004083
kick,15,17,0.001021667
kick,15,18,0.001013601
kick,15,19,0.001034161
drift,15,0,0.001038459
drift,15,1,0.001019082
drift,15,2,0.00101779
drift,15,3,0.001025635
drift,15,4,0.001014674
drift,15,5,0.001025995
drift,15,6,0.001021467
drift,15,7,0.001018841
drift,15,8,0.001022799
drift,15,9,0.001020054
particleBC,15,0,0.00298653
particleBC,15,1,0.002988704
particleBC,15,2,0.00298129
particleBC,15,3,0.002989415
particleBC,15,4,0.002990086
particleBC,15,5,0.002999094
particleBC,15,6,0.002996909
particleBC,15,7,0.002984245
particleBC,15,8,0.002997961
particleBC,15,9,0.003009233
updateParticle,15,0,0.01824614
updateParticle,15,1,0.016683016
updateParticle,15,2,0.017448997
updateParticle,15,3,0.016337617
updateParticle,15,4,0.017063822
updateParticle,15,5,0.016475674
updateParticle,15,6,0.017911192
updateParticle,15,7,0.017588217
updateParticle,15,8,0.018167969
updateParticle,15,9,0.017178103
locateParticles,15,0,0.004016362
locateParticles,15,1,0.004019038
locateParticles,15,2,0.004019468
locateParticles,15,3,0.004014388
locateParticles,15,4,0.004023427
locateParticles,15,5,0.004041411
locateParticles,15,6,0.004023425
locateParticles,15,7,0.004044638
locateParticles,15,8,0.004030831
locateParticles,15,9,0.004012796
sendPreprocess,15,0,0.001670382
sendPreprocess,15,1,0.001652929
sendPreprocess,15,2,0.001855902
sendPreprocess,15,3,0.001597311
sendPreprocess,15,4,0.001793621
sendPreprocess,15,5,0.001587803
sendPreprocess,15,6,0.001628872
sendPreprocess,15,7,0.001676855
sendPreprocess,15,8,0.001491887
sendPreprocess,15,9,0.001696193
particleSend,15,0,0.001753093
particleSend,15,1,0.001899135
particleSend,15,2,0.001749957
particleSend,15,3,0.001691163
particleSend,15,4,0.001843157
particleSend,15,5,0.001677416
particleSend,15,6,0.001704038
particleSend,15,7,0.001696433
particleSend,15,8,0.002701588
particleSend,15,9,0.001690632
particleRecv,15,0,6.3944e-05
particleRecv,15,1,5.8613e-05
particleRecv,15,2,5.5959e-05
particleRecv,15,3,5.5577e-05
particleRecv,15,4,5.7541e-05
particleRecv,15,5,5.6399e-05
particleRecv,15,6,5.685e-05
particleRecv,15,7,5.6509e-05
particleRecv,15,8,5.9936e-05
particleRecv,15,9,5.6891e-05
particleDestroy,15,0,0.007300979
particleDestroy,15,1,0.007368619
particleDestroy,15,2,0.007313854
particleDestroy,15,3,0.00748782
particleDestroy,15,4,0.007318142
particleDestroy,15,5,0.007341367
particleDestroy,15,6,0.007308363
particleDestroy,15,7,0.007336027
particleDestroy,15,8,0.007277504
particleDestroy,15,9,0.007337179
ScatterPIFNUFFT,15,0,2.05417744
ScatterPIFNUFFT,15,1,0.001267453
ScatterPIFNUFFT,15,2,2.057454683
ScatterPIFNUFFT,15,3,0.0012605
ScatterPIFNUFFT,15,4,2.058117347
ScatterPIFNUFFT,15,5,0.001269306
ScatterPIFNUFFT,15,6,2.05674021
ScatterPIFNUFFT,15,7,0.001267523
ScatterPIFNUFFT,15,8,2.056271712
ScatterPIFNUFFT,15,9,0.001261512
ScatterPIFNUFFT,15,10,2.056714961
ScatterPIFNUFFT,15,11,0.001261521
ScatterPIFNUFFT,15,12,2.055473479
ScatterPIFNUFFT,15,13,0.001265639
ScatterPIFNUFFT,15,14,2.05703446
ScatterPIFNUFFT,15,15,0.001265719
ScatterPIFNUFFT,15,16,2.055630051
ScatterPIFNUFFT,15,17,0.001261582
ScatterPIFNUFFT,15,18,2.055449522
ScatterPIFNUFFT,15,19,0.00127118
NativeNUFFT1,15,0,2.052359904
NativeNUFFT1,15,1,2.055632287
NativeNUFFT1,15,2,2.05631575
NativeNUFFT1,15,3,2.054920268
NativeNUFFT1,15,4,2.054442071
NativeNUFFT1,15,5,2.054890079
NativeNUFFT1,15,6,2.053654239
NativeNUFFT1,15,7,2.055212504
NativeNUFFT1,15,8,2.053825599
NativeNUFFT1,15,9,2.053617947
scatterTimerNUFFT1,15,0,1.915372234
scatterTimerNUFFT1,15,1,1.91660986
scatterTimerNUFFT1,15,2,1.917872224
scatterTimerNUFFT1,15,3,1.918531037
scatterTimerNUFFT1,15,4,1.916585972
scatterTimerNUFFT1,15,5,1.918188544
scatterTimerNUFFT1,15,6,1.915827106
scatterTimerNUFFT1,15,7,1.915238976
scatterTimerNUFFT1,15,8,1.915679188
scatterTimerNUFFT1,15,9,1.916893497
binSort,15,0,0.006958306
binSort,15,1,0.006969528
binSort,15,2,0.006974116
binSort,15,3,0.006971781
binSort,15,4,0.007095582
binSort,15,5,0.007019825
binSort,15,6,0.006971722
binSort,15,7,0.006984858
binSort,15,8,0.007132813
binSort,15,9,0.006979217
binComputeKeys,15,0,0.000517642
binComputeKeys,15,1,0.000523152
binComputeKeys,15,2,0.000517722
binComputeKeys,15,3,0.000523022
binComputeKeys,15,4,0.000522631
binComputeKeys,15,5,0.000520207
binComputeKeys,15,6,0.000519866
binComputeKeys,15,7,0.000515197
binComputeKeys,15,8,0.000517041
binComputeKeys,15,9,0.000521319
binSortByKey,15,0,0.006230087
binSortByKey,15,1,0.006236158
binSortByKey,15,2,0.006246969
binSortByKey,15,3,0.006240707
binSortByKey,15,4,0.006364306
binSortByKey,15,5,0.006282689
binSortByKey,15,6,0.006241578
binSortByKey,15,7,0.00626313
binSortByKey,15,8,0.006404464
binSortByKey,15,9,0.006247921
binComputeOffsets,15,0,0.000207692
binComputeOffsets,15,1,0.00020695
binComputeOffsets,15,2,0.000206299
binComputeOffsets,15,3,0.000204456
binComputeOffsets,15,4,0.000205077
binComputeOffsets,15,5,0.000213533
binComputeOffsets,15,6,0.000206579
binComputeOffsets,15,7,0.000203333
binComputeOffsets,15,8,0.000205588
binComputeOffsets,15,9,0.00020669
FFTNUFFT1,15,0,0.136671206
FFTNUFFT1,15,1,0.138706085
FFTNUFFT1,15,2,0.138126433
FFTNUFFT1,15,3,0.136075634
FFTNUFFT1,15,4,0.13753605
FFTNUFFT1,15,5,0.136387598
FFTNUFFT1,15,6,0.137510671
FFTNUFFT1,15,7,0.139662005
FFTNUFFT1,15,8,0.137833305
FFTNUFFT1,15,9,0.136412256
deconvolutionNUFFT1,15,0,0.000312545
deconvolutionNUFFT1,15,1,0.000312374
deconvolutionNUFFT1,15,2,0.000313376
deconvolutionNUFFT1,15,3,0.000309899
deconvolutionNUFFT1,15,4,0.000315901
deconvolutionNUFFT1,15,5,0.00031012
deconvolutionNUFFT1,15,6,0.000312866
deconvolutionNUFFT1,15,7,0.000307815
deconvolutionNUFFT1,15,8,0.000307856
deconvolutionNUFFT1,15,9,0.000308577
GatherPIFNUFFT,15,0,4.087687045
GatherPIFNUFFT,15,1,4.075286227
GatherPIFNUFFT,15,2,4.078566233
GatherPIFNUFFT,15,3,4.070914723
GatherPIFNUFFT,15,4,4.059564793
GatherPIFNUFFT,15,5,4.055355647
GatherPIFNUFFT,15,6,4.05460344
GatherPIFNUFFT,15,7,4.043894577
GatherPIFNUFFT,15,8,4.036531039
GatherPIFNUFFT,15,9,4.031558945
NativeNUFFT2,15,0,1.249684123
NativeNUFFT2,15,1,1.416978021
NativeNUFFT2,15,2,1.411028347
NativeNUFFT2,15,3,1.239834041
NativeNUFFT2,15,4,1.41428528
NativeNUFFT2,15,5,1.411157595
NativeNUFFT2,15,6,1.253145491
NativeNUFFT2,15,7,1.401115503
NativeNUFFT2,15,8,1.414286421
NativeNUFFT2,15,9,1.250335104
NativeNUFFT2,15,10,1.409798264
NativeNUFFT2,15,11,1.400748929
NativeNUFFT2,15,12,1.235206936
NativeNUFFT2,15,13,1.410601962
NativeNUFFT2,15,14,1.403725974
NativeNUFFT2,15,15,1.245811939
NativeNUFFT2,15,16,1.398100197
NativeNUFFT2,15,17,1.401423118
NativeNUFFT2,15,18,1.230135883
NativeNUFFT2,15,19,1.418033191
NativeNUFFT2,15,20,1.396410056
NativeNUFFT2,15,21,1.237418165
NativeNUFFT2,15,22,1.39691212
NativeNUFFT2,15,23,1.39947626
NativeNUFFT2,15,24,1.238532192
NativeNUFFT2,15,25,1.379988508
NativeNUFFT2,15,26,1.407931313
NativeNUFFT2,15,27,1.234482666
NativeNUFFT2,15,28,1.388598461
NativeNUFFT2,15,29,1.398351184
PrecorrectionNUFFT2,15,0,0.000568731
PrecorrectionNUFFT2,15,1,0.000546858
PrecorrectionNUFFT2,15,2,0.000545325
PrecorrectionNUFFT2,15,3,0.00056855
PrecorrectionNUFFT2,15,4,0.000546588
PrecorrectionNUFFT2,15,5,0.000548061
PrecorrectionNUFFT2,15,6,0.00056352
PrecorrectionNUFFT2,15,7,0.000699985
PrecorrectionNUFFT2,15,8,0.000549464
PrecorrectionNUFFT2,15,9,0.000765681
PrecorrectionNUFFT2,15,10,0.000552059
PrecorrectionNUFFT2,15,11,0.000546497
PrecorrectionNUFFT2,15,12,0.000566326
PrecorrectionNUFFT2,15,13,0.000553421
PrecorrectionNUFFT2,15,14,0.000558861
PrecorrectionNUFFT2,15,15,0.000564903
PrecorrectionNUFFT2,15,16,0.000550656
PrecorrectionNUFFT2,15,17,0.000551427
PrecorrectionNUFFT2,15,18,0.000574662
PrecorrectionNUFFT2,15,19,0.000546167
PrecorrectionNUFFT2,15,20,0.000558491
PrecorrectionNUFFT2,15,21,0.000586566
PrecorrectionNUFFT2,15,22,0.000571025
PrecorrectionNUFFT2,15,23,0.000572548
PrecorrectionNUFFT2,15,24,0.000582607
PrecorrectionNUFFT2,15,25,0.000561737
PrecorrectionNUFFT2,15,26,0.000565164
PrecorrectionNUFFT2,15,27,0.000567669
PrecorrectionNUFFT2,15,28,0.000542841
PrecorrectionNUFFT2,15,29,0.000550074
FFTNUFFT2,15,0,0.134197659
FFTNUFFT2,15,1,0.299072466
FFTNUFFT2,15,2,0.297566653
FFTNUFFT2,15,3,0.130646207
FFTNUFFT2,15,4,0.303486629
FFTNUFFT2,15,5,0.298441154
FFTNUFFT2,15,6,0.135738201
FFTNUFFT2,15,7,0.29101859
FFTNUFFT2,15,8,0.302404474
FFTNUFFT2,15,9,0.129840969
FFTNUFFT2,15,10,0.294154608
FFTNUFFT2,15,11,0.295610058
FFTNUFFT2,15,12,0.133794389
FFTNUFFT2,15,13,0.306329647
FFTNUFFT2,15,14,0.302158927
FFTNUFFT2,15,15,0.133921315
FFTNUFFT2,15,16,0.291847484
FFTNUFFT2,15,17,0.299980473
FFTNUFFT2,15,18,0.132924476
FFTNUFFT2,15,19,0.306604993
FFTNUFFT2,15,20,0.28678637
FFTNUFFT2,15,21,0.123623947
FFTNUFFT2,15,22,0.287810883
FFTNUFFT2,15,23,0.291340894
FFTNUFFT2,15,24,0.131083774
FFTNUFFT2,15,25,0.2853759
FFTNUFFT2,15,26,0.300378644
FFTNUFFT2,15,27,0.125083923
FFTNUFFT2,15,28,0.288205145
FFTNUFFT2,15,29,0.294102118
GatherNUFFT2,15,0,1.114909046
GatherNUFFT2,15,1,1.117351041
GatherNUFFT2,15,2,1.112908203
GatherNUFFT2,15,3,1.108611578
GatherNUFFT2,15,4,1.110244549
GatherNUFFT2,15,5,1.112161017
GatherNUFFT2,15,6,1.116835543
GatherNUFFT2,15,7,1.109389504
GatherNUFFT2,15,8,1.11132533
GatherNUFFT2,15,9,1.119719516
GatherNUFFT2,15,10,1.115083242
GatherNUFFT2,15,11,1.104584368
GatherNUFFT2,15,12,1.100837205
GatherNUFFT2,15,13,1.103711909
GatherNUFFT2,15,14,1.10100008
GatherNUFFT2,15,15,1.111318167
GatherNUFFT2,15,16,1.105690836
GatherNUFFT2,15,17,1.100883213
GatherNUFFT2,15,18,1.096628029
GatherNUFFT2,15,19,1.110873726
GatherNUFFT2,15,20,1.109056418
GatherNUFFT2,15,21,1.113199586
GatherNUFFT2,15,22,1.108523058
GatherNUFFT2,15,23,1.107555975
GatherNUFFT2,15,24,1.106857735
GatherNUFFT2,15,25,1.094041142
GatherNUFFT2,15,26,1.106979491
GatherNUFFT2,15,27,1.108821976
GatherNUFFT2,15,28,1.099841757
GatherNUFFT2,15,29,1.103690887
mainTimer,16,0,63.095016886
dumpData,16,0,0.101981351
dumpData,16,1,0.09361616
dumpData,16,2,0.106753732
dumpData,16,3,0.094029452
dumpData,16,4,0.101535435
dumpData,16,5,0.106370968
dumpData,16,6,0.106642164
dumpData,16,7,0.10904111
dumpData,16,8,0.092154669
dumpData,16,9,0.101505492
kick,16,0,0.001089655
kick,16,1,0.001136515
kick,16,2,0.001089403
kick,16,3,0.001138169
kick,16,4,0.001096548
kick,16,5,0.001162706
kick,16,6,0.001088071
kick,16,7,0.001139791
kick,16,8,0.001095766
kick,16,9,0.001135023
kick,16,10,0.001115514
kick,16,11,0.001153659
kick,16,12,0.001090496
kick,16,13,0.001137898
kick,16,14,0.001079144
kick,16,15,0.001130283
kick,16,16,0.001103241
kick,16,17,0.00113894
kick,16,18,0.001088713
kick,16,19,0.001150101
drift,16,0,0.001069916
drift,16,1,0.00106157
drift,16,2,0.001068633
drift,16,3,0.001074996
drift,16,4,0.0010666
drift,16,5,0.001068493
drift,16,6,0.00107242
drift,16,7,0.001079975
drift,16,8,0.001084805
drift,16,9,0.001069425
particleBC,16,0,0.003204477
particleBC,16,1,0.003191462
particleBC,16,2,0.003175422
particleBC,16,3,0.003170331
particleBC,16,4,0.00317511
particleBC,16,5,0.003196432
particleBC,16,6,0.003222002
particleBC,16,7,0.003189429
particleBC,16,8,0.003167286
particleBC,16,9,0.003201051
updateParticle,16,0,0.018427996
updateParticle,16,1,0.017161167
updateParticle,16,2,0.017170996
updateParticle,16,3,0.017475357
updateParticle,16,4,0.018102685
updateParticle,16,5,0.016725311
updateParticle,16,6,0.018572946
updateParticle,16,7,0.016515545
updateParticle,16,8,0.016526415
updateParticle,16,9,0.016453465
locateParticles,16,0,0.003938542
locateParticles,16,1,0.003917641
locateParticles,16,2,0.003951938
locateParticles,16,3,0.0039893
locateParticles,16,4,0.003952529
locateParticles,16,5,0.003931468
locateParticles,16,6,0.003938302
locateParticles,16,7,0.003926148
locateParticles,16,8,0.003953862
locateParticles,16,9,0.003970774
sendPreprocess,16,0,0.001403713
sendPreprocess,16,1,0.001429123
sendPreprocess,16,2,0.001591258
sendPreprocess,16,3,0.001320843
sendPreprocess,16,4,0.001353657
sendPreprocess,16,5,0.001359608
sendPreprocess,16,6,0.001367643
sendPreprocess,16,7,0.00145829
sendPreprocess,16,8,0.001415126
sendPreprocess,16,9,0.001424834
particleSend,16,0,0.00347336
particleSend,16,1,0.001876381
particleSend,16,2,0.001649291
particleSend,16,3,0.002536171
particleSend,16,4,0.001660522
particleSend,16,5,0.00177808
particleSend,16,6,0.001662626
particleSend,16,7,0.001663708
particleSend,16,8,0.001879617
particleSend,16,9,0.001648008
particleRecv,16,0,5.2512e-05
particleRecv,16,1,5.3894e-05
particleRecv,16,2,4.4577e-05
particleRecv,16,3,5.7041e-05
particleRecv,16,4,6.1639e-05
particleRecv,16,5,4.9957e-05
particleRecv,16,6,4.9275e-05
particleRecv,16,7,5.4766e-05
particleRecv,16,8,5.0418e-05
particleRecv,16,9,4.5539e-05
particleDestroy,16,0,0.007362245
particleDestroy,16,1,0.007178648
particleDestroy,16,2,0.007187826
particleDestroy,16,3,0.007170533
particleDestroy,16,4,0.007176404
particleDestroy,16,5,0.007226952
particleDestroy,16,6,0.007215369
particleDestroy,16,7,0.007198076
particleDestroy,16,8,0.007182194
particleDestroy,16,9,0.00720518
ScatterPIFNUFFT,16,0,2.049309589
ScatterPIFNUFFT,16,1,0.001256779
ScatterPIFNUFFT,16,2,2.047012802
ScatterPIFNUFFT,16,3,0.001270254
ScatterPIFNUFFT,16,4,2.052437288
ScatterPIFNUFFT,16,5,0.001259765
ScatterPIFNUFFT,16,6,2.042276943
ScatterPIFNUFFT,16,7,0.00125735
ScatterPIFNUFFT,16,8,2.047175898
ScatterPIFNUFFT,16,9,0.00125762
ScatterPIFNUFFT,16,10,2.05016587
ScatterPIFNUFFT,16,11,0.001259935
ScatterPIFNUFFT,16,12,2.046664006
ScatterPIFNUFFT,16,13,0.001261327
ScatterPIFNUFFT,16,14,2.054660751
ScatterPIFNUFFT,16,15,0.001261348
ScatterPIFNUFFT,16,16,2.048523057
ScatterPIFNUFFT,16,17,0.001261217
ScatterPIFNUFFT,16,18,2.047523499
ScatterPIFNUFFT,16,19,0.001256618
NativeNUFFT1,16,0,2.04740332
NativeNUFFT1,16,1,2.045131051
NativeNUFFT1,16,2,2.050572631
NativeNUFFT1,16,3,2.040390524
NativeNUFFT1,16,4,2.045075694
NativeNUFFT1,16,5,2.048278809
NativeNUFFT1,16,6,2.044761264
NativeNUFFT1,16,7,2.052766917
NativeNUFFT1,16,8,2.046622991
NativeNUFFT1,16,9,2.045626157
scatterTimerNUFFT1,16,0,1.915032165
scatterTimerNUFFT1,16,1,1.916494192
scatterTimerNUFFT1,16,2,1.918778764
scatterTimerNUFFT1,16,3,1.916938194
scatterTimerNUFFT1,16,4,1.914449974
scatterTimerNUFFT1,16,5,1.917538157
scatterTimerNUFFT1,16,6,1.914778081
scatterTimerNUFFT1,16,7,1.916333039
scatterTimerNUFFT1,16,8,1.917188182
scatterTimerNUFFT1,16,9,1.917430788
binSort,16,0,0.007462259
binSort,16,1,0.007252321
binSort,16,2,0.007252411
binSort,16,3,0.007272571
binSort,16,4,0.007250487
binSort,16,5,0.007239617
binSort,16,6,0.007270006
binSort,16,7,0.007252892
binSort,16,8,0.007232784
binSort,16,9,0.007252642
binComputeKeys,16,0,0.000730156
binComputeKeys,16,1,0.00053038
binComputeKeys,16,2,0.00053073
binComputeKeys,16,3,0.000530709
binComputeKeys,16,4,0.000529408
binComputeKeys,16,5,0.000530639
binComputeKeys,16,6,0.000531051
binComputeKeys,16,7,0.000529768
binComputeKeys,16,8,0.00053063
binComputeKeys,16,9,0.000532212
binSortByKey,16,0,0.006518768
binSortByKey,16,1,0.006507637
binSortByKey,16,2,0.006507206
binSortByKey,16,3,0.006529169
binSortByKey,16,4,0.006505232
binSortByKey,16,5,0.00649375
binSortByKey,16,6,0.006522846
binSortByKey,16,7,0.006509059
binSortByKey,16,8,0.00648876
binSortByKey,16,9,0.006506344
binComputeOffsets,16,0,0.000210468
binComputeOffsets,16,1,0.0002111
binComputeOffsets,16,2,0.000211441
binComputeOffsets,16,3,0.000209737
binComputeOffsets,16,4,0.000212282
binComputeOffsets,16,5,0.000212222
binComputeOffsets,16,6,0.000212803
binComputeOffsets,16,7,0.000210769
binComputeOffsets,16,8,0.000209096
binComputeOffsets,16,9,0.000210969
FFTNUFFT1,16,0,0.132058298
FFTNUFFT1,16,1,0.128327198
FFTNUFFT1,16,2,0.131482441
FFTNUFFT1,16,3,0.123139744
FFTNUFFT1,16,4,0.130315307
FFTNUFFT1,16,5,0.13043073
FFTNUFFT1,16,6,0.12966257
FFTNUFFT1,16,7,0.136123868
FFTNUFFT1,16,8,0.129117262
FFTNUFFT1,16,9,0.127879706
deconvolutionNUFFT1,16,0,0.000309581
deconvolutionNUFFT1,16,1,0.000306044
deconvolutionNUFFT1,16,2,0.000307927
deconvolutionNUFFT1,16,3,0.00030916
deconvolutionNUFFT1,16,4,0.000306495
deconvolutionNUFFT1,16,5,0.000306494
deconvolutionNUFFT1,16,6,0.000316925
deconvolutionNUFFT1,16,7,0.000306554
deconvolutionNUFFT1,16,8,0.000313298
deconvolutionNUFFT1,16,9,0.000312276
GatherPIFNUFFT,16,0,4.163247404
GatherPIFNUFFT,16,1,4.163365071
GatherPIFNUFFT,16,2,4.144803027
GatherPIFNUFFT,16,3,4.163979184
GatherPIFNUFFT,16,4,4.140092587
GatherPIFNUFFT,16,5,4.128789998
GatherPIFNUFFT,16,6,4.114444994
GatherPIFNUFFT,16,7,4.09968451
GatherPIFNUFFT,16,8,4.111143212
GatherPIFNUFFT,16,9,4.099940584
NativeNUFFT2,16,0,1.312712153
NativeNUFFT2,16,1,1.430528588
NativeNUFFT2,16,2,1.409462654
NativeNUFFT2,16,3,1.323882927
NativeNUFFT2,16,4,1.40393058
NativeNUFFT2,16,5,1.42508706
NativeNUFFT2,16,6,1.322062244
NativeNUFFT2,16,7,1.401731133
NativeNUFFT2,16,8,1.410561237
NativeNUFFT2,16,9,1.329137883
NativeNUFFT2,16,10,1.400889471
NativeNUFFT2,16,11,1.423537603
NativeNUFFT2,16,12,1.320525452
NativeNUFFT2,16,13,1.397147901
NativeNUFFT2,16,14,1.411849295
NativeNUFFT2,16,15,1.307136544
NativeNUFFT2,16,16,1.415383733
NativeNUFFT2,16,17,1.39571449
NativeNUFFT2,16,18,1.312758412
NativeNUFFT2,16,19,1.39590481
NativeNUFFT2,16,20,1.395258174
NativeNUFFT2,16,21,1.306443727
NativeNUFFT2,16,22,1.3905155
NativeNUFFT2,16,23,1.392307509
NativeNUFFT2,16,24,1.305996866
NativeNUFFT2,16,25,1.391977769
NativeNUFFT2,16,26,1.402662503
NativeNUFFT2,16,27,1.302994503
NativeNUFFT2,16,28,1.399746521
NativeNUFFT2,16,29,1.386663295
PrecorrectionNUFFT2,16,0,0.000575046
PrecorrectionNUFFT2,16,1,0.000564986
PrecorrectionNUFFT2,16,2,0.000570587
PrecorrectionNUFFT2,16,3,0.00056145
PrecorrectionNUFFT2,16,4,0.000550217
PrecorrectionNUFFT2,16,5,0.000544427
PrecorrectionNUFFT2,16,6,0.00055708
PrecorrectionNUFFT2,16,7,0.000543946
PrecorrectionNUFFT2,16,8,0.000550378
PrecorrectionNUFFT2,16,9,0.000555037
PrecorrectionNUFFT2,16,10,0.000553584
PrecorrectionNUFFT2,16,11,0.000693576
PrecorrectionNUFFT2,16,12,0.000572049
PrecorrectionNUFFT2,16,13,0.000559325
PrecorrectionNUFFT2,16,14,0.000573553
PrecorrectionNUFFT2,16,15,0.000579595
PrecorrectionNUFFT2,16,16,0.000564355
PrecorrectionNUFFT2,16,17,0.000566008
PrecorrectionNUFFT2,16,18,0.000569886
PrecorrectionNUFFT2,16,19,0.000565698
PrecorrectionNUFFT2,16,20,0.000561078
PrecorrectionNUFFT2,16,21,0.00055651
PrecorrectionNUFFT2,16,22,0.00054635
PrecorrectionNUFFT2,16,23,0.000547803
PrecorrectionNUFFT2,16,24,0.000570167
PrecorrectionNUFFT2,16,25,0.000563593
PrecorrectionNUFFT2,16,26,0.00056669
PrecorrectionNUFFT2,16,27,0.000569545
PrecorrectionNUFFT2,16,28,0.000569825
PrecorrectionNUFFT2,16,29,0.00056709
FFTNUFFT2,16,0,0.136639237
FFTNUFFT2,16,1,0.23519491
FFTNUFFT2,16,2,0.21866588
FFTNUFFT2,16,3,0.133972232
FFTNUFFT2,16,4,0.216497312
FFTNUFFT2,16,5,0.233516394
FFTNUFFT2,16,6,0.132189583
FFTNUFFT2,16,7,0.223305022
FFTNUFFT2,16,8,0.235581331
FFTNUFFT2,16,9,0.146163235
FFTNUFFT2,16,10,0.223702873
FFTNUFFT2,16,11,0.22557191
FFTNUFFT2,16,12,0.125296448
FFTNUFFT2,16,13,0.214807644
FFTNUFFT2,16,14,0.232312247
FFTNUFFT2,16,15,0.133951453
FFTNUFFT2,16,16,0.233987138
FFTNUFFT2,16,17,0.211836009
FFTNUFFT2,16,18,0.134570092
FFTNUFFT2,16,19,0.228881361
FFTNUFFT2,16,20,0.232570298
FFTNUFFT2,16,21,0.120366172
FFTNUFFT2,16,22,0.218783619
FFTNUFFT2,16,23,0.219818608
FFTNUFFT2,16,24,0.137352112
FFTNUFFT2,16,25,0.221859987
FFTNUFFT2,16,26,0.224017929
FFTNUFFT2,16,27,0.127626184
FFTNUFFT2,16,28,0.223087338
FFTNUFFT2,16,29,0.212787262
GatherNUFFT2,16,0,1.175490376
GatherNUFFT2,16,1,1.194760155
GatherNUFFT2,16,2,1.190218593
GatherNUFFT2,16,3,1.18934156
GatherNUFFT2,16,4,1.186875136
GatherNUFFT2,16,5,1.191018654
GatherNUFFT2,16,6,1.189307484
GatherNUFFT2,16,7,1.177874622
GatherNUFFT2,16,8,1.174421963
GatherNUFFT2,16,9,1.182411506
GatherNUFFT2,16,10,1.176624256
GatherNUFFT2,16,11,1.197263581
GatherNUFFT2,16,12,1.194649109
GatherNUFFT2,16,13,1.181772866
GatherNUFFT2,16,14,1.178953987
GatherNUFFT2,16,15,1.172597933
GatherNUFFT2,16,16,1.180823153
GatherNUFFT2,16,17,1.183305239
GatherNUFFT2,16,18,1.177610117
GatherNUFFT2,16,19,1.166449525
GatherNUFFT2,16,20,1.162118491
GatherNUFFT2,16,21,1.185511829
GatherNUFFT2,16,22,1.171177997
GatherNUFFT2,16,23,1.171932891
GatherNUFFT2,16,24,1.168067243
GatherNUFFT2,16,25,1.169545711
GatherNUFFT2,16,26,1.17807016
GatherNUFFT2,16,27,1.174790297
GatherNUFFT2,16,28,1.176081182
GatherNUFFT2,16,29,1.173301107
mainTimer,17,0,63.095016044
dumpData,17,0,0.17389806
dumpData,17,1,0.170483062
dumpData,17,2,0.169882087
dumpData,17,3,0.172696768
dumpData,17,4,0.172836849
dumpData,17,5,0.171891936
dumpData,17,6,0.167959887
dumpData,17,7,0.171790691
dumpData,17,8,0.164506694
dumpData,17,9,0.159347393
kick,17,0,0.001013827
kick,17,1,0.001070236
kick,17,2,0.001008015
kick,17,3,0.001114092
kick,17,4,0.001011433
kick,17,5,0.001064415
kick,17,6,0.0010098
kick,17,7,0.00107212
kick,17,8,0.001022013
kick,17,9,0.001042473
kick,17,10,0.001026392
kick,17,11,0.001053905
kick,17,12,0.001002766
kick,17,13,0.001065327
kick,17,14,0.001011753
kick,17,15,0.001074184
kick,17,16,0.001012825
kick,17,17,0.001057632
kick,17,18,0.00101541
kick,17,19,0.001053855
drift,17,0,0.001022464
drift,17,1,0.00104133
drift,17,2,0.001032764
drift,17,3,0.00103053
drift,17,4,0.00102569
drift,17,5,0.001025841
drift,17,6,0.001034948
drift,17,7,0.001025199
drift,17,8,0.001024758
drift,17,9,0.001022404
particleBC,17,0,0.002975643
particleBC,17,1,0.002974652
particleBC,17,2,0.002988709
particleBC,17,3,0.002967858
particleBC,17,4,0.00298438
particleBC,17,5,0.00297861
particleBC,17,6,0.002987847
particleBC,17,7,0.002979771
particleBC,17,8,0.002983689
particleBC,17,9,0.003006153
updateParticle,17,0,0.01854403
updateParticle,17,1,0.016864421
updateParticle,17,2,0.017538369
updateParticle,17,3,0.017567726
updateParticle,17,4,0.018169044
updateParticle,17,5,0.01706495
updateParticle,17,6,0.018861186
updateParticle,17,7,0.016648032
updateParticle,17,8,0.016556093
updateParticle,17,9,0.01657474
locateParticles,17,0,0.003771889
locateParticles,17,1,0.00376786
locateParticles,17,2,0.003751359
locateParticles,17,3,0.003837145
locateParticles,17,4,0.003772971
locateParticles,17,5,0.003722152
locateParticles,17,6,0.003748654
locateParticles,17,7,0.003835221
locateParticles,17,8,0.003761999
locateParticles,17,9,0.003759825
sendPreprocess,17,0,0.00192232
sendPreprocess,17,1,0.001899395
sendPreprocess,17,2,0.002100917
sendPreprocess,17,3,0.001797978
sendPreprocess,17,4,0.001839379
sendPreprocess,17,5,0.001919705
sendPreprocess,17,6,0.001918312
sendPreprocess,17,7,0.001883054
sendPreprocess,17,8,0.001941407
sendPreprocess,17,9,0.001946988
particleSend,17,0,0.001581078
particleSend,17,1,0.00177811
particleSend,17,2,0.001591488
particleSend,17,3,0.001584614
particleSend,17,4,0.001593331
particleSend,17,5,0.001572942
particleSend,17,6,0.001589013
particleSend,17,7,0.001626576
particleSend,17,8,0.001809591
particleSend,17,9,0.001668828
particleRecv,17,0,4.7032e-05
particleRecv,17,1,4.5148e-05
particleRecv,17,2,4.8153e-05
particleRecv,17,3,4.8574e-05
particleRecv,17,4,4.9787e-05
particleRecv,17,5,4.652e-05
particleRecv,17,6,5.3023e-05
particleRecv,17,7,5.0858e-05
particleRecv,17,8,4.5268e-05
particleRecv,17,9,5.8123e-05
particleDestroy,17,0,0.006869128
particleDestroy,17,1,0.006830252
particleDestroy,17,2,0.006850732
particleDestroy,17,3,0.006801487
particleDestroy,17,4,0.006825032
particleDestroy,17,5,0.006840502
particleDestroy,17,6,0.006826444
particleDestroy,17,7,0.006821506
particleDestroy,17,8,0.006837666
particleDestroy,17,9,0.006842837
ScatterPIFNUFFT,17,0,2.047959298
ScatterPIFNUFFT,17,1,0.001261287
ScatterPIFNUFFT,17,2,2.055913813
ScatterPIFNUFFT,17,3,0.001259874
ScatterPIFNUFFT,17,4,2.056558044
ScatterPIFNUFFT,17,5,0.001261127
ScatterPIFNUFFT,17,6,2.048614651
ScatterPIFNUFFT,17,7,0.001265205
ScatterPIFNUFFT,17,8,2.051415945
ScatterPIFNUFFT,17,9,0.001263852
ScatterPIFNUFFT,17,10,2.054362764
ScatterPIFNUFFT,17,11,0.001255275
ScatterPIFNUFFT,17,12,2.049049074
ScatterPIFNUFFT,17,13,0.001259914
ScatterPIFNUFFT,17,14,2.050314408
ScatterPIFNUFFT,17,15,0.001260756
ScatterPIFNUFFT,17,16,2.054509753
ScatterPIFNUFFT,17,17,0.001263251
ScatterPIFNUFFT,17,18,2.053043639
ScatterPIFNUFFT,17,19,0.001264122
NativeNUFFT1,17,0,2.046151772
NativeNUFFT1,17,1,2.054104923
NativeNUFFT1,17,2,2.054746669
NativeNUFFT1,17,3,2.046818927
NativeNUFFT1,17,4,2.049580153
NativeNUFFT1,17,5,2.05256743
NativeNUFFT1,17,6,2.04725422
NativeNUFFT1,17,7,2.048499396
NativeNUFFT1,17,8,2.052704791
NativeNUFFT1,17,9,2.051236864
scatterTimerNUFFT1,17,0,1.916034319
scatterTimerNUFFT1,17,1,1.918449586
scatterTimerNUFFT1,17,2,1.919379521
scatterTimerNUFFT1,17,3,1.916584337
scatterTimerNUFFT1,17,4,1.915105606
scatterTimerNUFFT1,17,5,1.917059218
scatterTimerNUFFT1,17,6,1.913815815
scatterTimerNUFFT1,17,7,1.916884819
scatterTimerNUFFT1,17,8,1.917199725
scatterTimerNUFFT1,17,9,1.917646407
binSort,17,0,0.006912372
binSort,17,1,0.006910849
binSort,17,2,0.006912011
binSort,17,3,0.007083685
binSort,17,4,0.006910418
binSort,17,5,0.006932912
binSort,17,6,0.007145434
binSort,17,7,0.006923884
binSort,17,8,0.006882605
binSort,17,9,0.006938583
binComputeKeys,17,0,0.000528656
binComputeKeys,17,1,0.000528976
binComputeKeys,17,2,0.000530179
binComputeKeys,17,3,0.00053086
binComputeKeys,17,4,0.000530829
binComputeKeys,17,5,0.000528636
binComputeKeys,17,6,0.00052576
binComputeKeys,17,7,0.000530029
binComputeKeys,17,8,0.000526933
binComputeKeys,17,9,0.000529026
binSortByKey,17,0,0.006178448
binSortByKey,17,1,0.006181965
binSortByKey,17,2,0.006173979
binSortByKey,17,3,0.006344139
binSortByKey,17,4,0.006174931
binSortByKey,17,5,0.006199058
binSortByKey,17,6,0.006415478
binSortByKey,17,7,0.006188688
binSortByKey,17,8,0.00614354
binSortByKey,17,9,0.006201893
binComputeOffsets,17,0,0.000202523
binComputeOffsets,17,1,0.000196632
binComputeOffsets,17,2,0.000204416
binComputeOffsets,17,3,0.000204987
binComputeOffsets,17,4,0.000201602
binComputeOffsets,17,5,0.000202322
binComputeOffsets,17,6,0.000201281
binComputeOffsets,17,7,0.000201701
binComputeOffsets,17,8,0.000207032
binComputeOffsets,17,9,0.000204607
FFTNUFFT1,17,0,0.129806399
FFTNUFFT1,17,1,0.135340406
FFTNUFFT1,17,2,0.135058229
FFTNUFFT1,17,3,0.129925089
FFTNUFFT1,17,4,0.134166249
FFTNUFFT1,17,5,0.135189875
FFTNUFFT1,17,6,0.133124827
FFTNUFFT1,17,7,0.131299977
FFTNUFFT1,17,8,0.135195675
FFTNUFFT1,17,9,0.133282349
deconvolutionNUFFT1,17,0,0.000307536
deconvolutionNUFFT1,17,1,0.000311444
deconvolutionNUFFT1,17,2,0.000305413
deconvolutionNUFFT1,17,3,0.000305943
deconvolutionNUFFT1,17,4,0.00030414
deconvolutionNUFFT1,17,5,0.000315111
deconvolutionNUFFT1,17,6,0.000310312
deconvolutionNUFFT1,17,7,0.000311254
deconvolutionNUFFT1,17,8,0.000305052
deconvolutionNUFFT1,17,9,0.000304702
GatherPIFNUFFT,17,0,4.092996709
GatherPIFNUFFT,17,1,4.078275145
GatherPIFNUFFT,17,2,4.077611819
GatherPIFNUFFT,17,3,4.079288272
GatherPIFNUFFT,17,4,4.0649087
GatherPIFNUFFT,17,5,4.059208091
GatherPIFNUFFT,17,6,4.05091049
GatherPIFNUFFT,17,7,4.041421676
GatherPIFNUFFT,17,8,4.033220879
GatherPIFNUFFT,17,9,4.036873935
NativeNUFFT2,17,0,1.258504946
NativeNUFFT2,17,1,1.408466311
NativeNUFFT2,17,2,1.415993707
NativeNUFFT2,17,3,1.243822758
NativeNUFFT2,17,4,1.410683584
NativeNUFFT2,17,5,1.413740154
NativeNUFFT2,17,6,1.251651269
NativeNUFFT2,17,7,1.401398007
NativeNUFFT2,17,8,1.414541629
NativeNUFFT2,17,9,1.262411496
NativeNUFFT2,17,10,1.396803603
NativeNUFFT2,17,11,1.410004476
NativeNUFFT2,17,12,1.243407252
NativeNUFFT2,17,13,1.417681081
NativeNUFFT2,17,14,1.393779014
NativeNUFFT2,17,15,1.241375691
NativeNUFFT2,17,16,1.411850868
NativeNUFFT2,17,17,1.395955327
NativeNUFFT2,17,18,1.236974972
NativeNUFFT2,17,19,1.415063061
NativeNUFFT2,17,20,1.388851514
NativeNUFFT2,17,21,1.247793892
NativeNUFFT2,17,22,1.382724264
NativeNUFFT2,17,23,1.400884219
NativeNUFFT2,17,24,1.228518376
NativeNUFFT2,17,25,1.394627411
NativeNUFFT2,17,26,1.399952121
NativeNUFFT2,17,27,1.237965547
NativeNUFFT2,17,28,1.393308338
NativeNUFFT2,17,29,1.395575818
PrecorrectionNUFFT2,17,0,0.000557151
PrecorrectionNUFFT2,17,1,0.000543434
PrecorrectionNUFFT2,17,2,0.000544706
PrecorrectionNUFFT2,17,3,0.000555708
PrecorrectionNUFFT2,17,4,0.000554456
PrecorrectionNUFFT2,17,5,0.000548764
PrecorrectionNUFFT2,17,6,0.000557151
PrecorrectionNUFFT2,17,7,0.000547692
PrecorrectionNUFFT2,17,8,0.000549887
PrecorrectionNUFFT2,17,9,0.000555188
PrecorrectionNUFFT2,17,10,0.000543044
PrecorrectionNUFFT2,17,11,0.000547212
PrecorrectionNUFFT2,17,12,0.000555086
PrecorrectionNUFFT2,17,13,0.000542393
PrecorrectionNUFFT2,17,14,0.000549196
PrecorrectionNUFFT2,17,15,0.000554886
PrecorrectionNUFFT2,17,16,0.000548474
PrecorrectionNUFFT2,17,17,0.000542943
PrecorrectionNUFFT2,17,18,0.00055669
PrecorrectionNUFFT2,17,19,0.000547342
PrecorrectionNUFFT2,17,20,0.000544347
PrecorrectionNUFFT2,17,21,0.000553133
PrecorrectionNUFFT2,17,22,0.000549997
PrecorrectionNUFFT2,17,23,0.000546601
PrecorrectionNUFFT2,17,24,0.000575136
PrecorrectionNUFFT2,17,25,0.00057218
PrecorrectionNUFFT2,17,26,0.000569074
PrecorrectionNUFFT2,17,27,0.000553304
PrecorrectionNUFFT2,17,28,0.000542383
PrecorrectionNUFFT2,17,29,0.000548605
FFTNUFFT2,17,0,0.133264639
FFTNUFFT2,17,1,0.289613447
FFTNUFFT2,17,2,0.301074966
FFTNUFFT2,17,3,0.118769365
FFTNUFFT2,17,4,0.294351311
FFTNUFFT2,17,5,0.294743982
FFTNUFFT2,17,6,0.132178071
FFTNUFFT2,17,7,0.288226777
FFTNUFFT2,17,8,0.29821162
FFTNUFFT2,17,9,0.144773529
FFTNUFFT2,17,10,0.28293997
FFTNUFFT2,17,11,0.296699526
FFTNUFFT2,17,12,0.127265169
FFTNUFFT2,17,13,0.294269672
FFTNUFFT2,17,14,0.289276363
FFTNUFFT2,17,15,0.126290357
FFTNUFFT2,17,16,0.294533123
FFTNUFFT2,17,17,0.283225402
FFTNUFFT2,17,18,0.130959437
FFTNUFFT2,17,19,0.298518636
FFTNUFFT2,17,20,0.282992731
FFTNUFFT2,17,21,0.134479486
FFTNUFFT2,17,22,0.277932454
FFTNUFFT2,17,23,0.296899365
FFTNUFFT2,17,24,0.127434237
FFTNUFFT2,17,25,0.292438879
FFTNUFFT2,17,26,0.294597271
FFTNUFFT2,17,27,0.131199207
FFTNUFFT2,17,28,0.281735103
FFTNUFFT2,17,29,0.287883302
GatherNUFFT2,17,0,1.124676263
GatherNUFFT2,17,1,1.118302537
GatherNUFFT2,17,2,1.11436698
GatherNUFFT2,17,3,1.124490693
GatherNUFFT2,17,4,1.115771055
GatherNUFFT2,17,5,1.118441025
GatherNUFFT2,17,6,1.118906688
GatherNUFFT2,17,7,1.112615461
GatherNUFFT2,17,8,1.115772627
GatherNUFFT2,17,9,1.117075436
GatherNUFFT2,17,10,1.113313336
GatherNUFFT2,17,11,1.112750703
GatherNUFFT2,17,12,1.115579913
GatherNUFFT2,17,13,1.122861852
GatherNUFFT2,17,14,1.103946843
GatherNUFFT2,17,15,1.114521129
GatherNUFFT2,17,16,1.11675792
GatherNUFFT2,17,17,1.112175739
GatherNUFFT2,17,18,1.105451681
GatherNUFFT2,17,19,1.1159903
GatherNUFFT2,17,20,1.105307563
GatherNUFFT2,17,21,1.112753788
GatherNUFFT2,17,22,1.10423491
GatherNUFFT2,17,23,1.103430789
GatherNUFFT2,17,24,1.1005025
GatherNUFFT2,17,25,1.101609387
GatherNUFFT2,17,26,1.104776999
GatherNUFFT2,17,27,1.106205441
GatherNUFFT2,17,28,1.111024121
GatherNUFFT2,17,29,1.107136768
mainTimer,18,0,63.095017286
dumpData,18,0,0.027157534
dumpData,18,1,0.029084381
dumpData,18,2,0.026936595
dumpData,18,3,0.019469486
dumpData,18,4,0.02006991
dumpData,18,5,0.02704793
dumpData,18,6,0.025412587
dumpData,18,7,0.019565091
dumpData,18,8,0.016627142
dumpData,18,9,0.028450452
kick,18,0,0.001151865
kick,18,1,0.001178066
kick,18,2,0.001148027
kick,18,3,0.001171643
kick,18,4,0.001153869
kick,18,5,0.001188056
kick,18,6,0.00113927
kick,18,7,0.001175821
kick,18,8,0.001143128
kick,18,9,0.001175761
kick,18,10,0.001147917
kick,18,11,0.001186422
kick,18,12,0.001137167
kick,18,13,0.001189719
kick,18,14,0.001129852
kick,18,15,0.001193296
kick,18,16,0.001127578
kick,18,17,0.001172615
kick,18,18,0.001145933
kick,18,19,0.001181743
drift,18,0,0.001145392
drift,18,1,0.001146665
drift,18,2,0.00114915
drift,18,3,0.001141144
drift,18,4,0.001150622
drift,18,5,0.001142086
drift,18,6,0.001138268
drift,18,7,0.001152266
drift,18,8,0.001148698
drift,18,9,0.001144531
particleBC,18,0,0.003392912
particleBC,18,1,0.003368766
particleBC,18,2,0.003394176
particleBC,18,3,0.00338635
particleBC,18,4,0.003371481
particleBC,18,5,0.003423903
particleBC,18,6,0.003407271
particleBC,18,7,0.003402882
particleBC,18,8,0.003381401
particleBC,18,9,0.00339088
updateParticle,18,0,0.018109087
updateParticle,18,1,0.016954456
updateParticle,18,2,0.016802331
updateParticle,18,3,0.017372367
updateParticle,18,4,0.01762078
updateParticle,18,5,0.016552064
updateParticle,18,6,0.01832745
updateParticle,18,7,0.016234871
updateParticle,18,8,0.016224019
updateParticle,18,9,0.016187839
locateParticles,18,0,0.0043496
locateParticles,18,1,0.004371121
locateParticles,18,2,0.004364679
locateParticles,18,3,0.004390629
locateParticles,18,4,0.004331695
locateParticles,18,5,0.004369829
locateParticles,18,6,0.004367384
locateParticles,18,7,0.004359599
locateParticles,18,8,0.004351443
locateParticles,18,9,0.004381832
sendPreprocess,18,0,0.000668017
sendPreprocess,18,1,0.000655852
sendPreprocess,18,2,0.000825843
sendPreprocess,18,3,0.000586979
sendPreprocess,18,4,0.000647756
sendPreprocess,18,5,0.000587319
sendPreprocess,18,6,0.000641404
sendPreprocess,18,7,0.000687774
sendPreprocess,18,8,0.000714546
sendPreprocess,18,9,0.000692704
particleSend,18,0,0.001696321
particleSend,18,1,0.001917811
particleSend,18,2,0.001691362
particleSend,18,3,0.001756378
particleSend,18,4,0.002593412
particleSend,18,5,0.001706671
particleSend,18,6,0.001763011
particleSend,18,7,0.001703956
particleSend,18,8,0.00170591
particleSend,18,9,0.001709848
particleRecv,18,0,4.5709e-05
particleRecv,18,1,5.4486e-05
particleRecv,18,2,4.8794e-05
particleRecv,18,3,4.6871e-05
particleRecv,18,4,4.8344e-05
particleRecv,18,5,5.2692e-05
particleRecv,18,6,4.9957e-05
particleRecv,18,7,5.0648e-05
particleRecv,18,8,4.9586e-05
particleRecv,18,9,4.65e-05
particleDestroy,18,0,0.007997728
particleDestroy,18,1,0.008039259
particleDestroy,18,2,0.008036443
particleDestroy,18,3,0.008201613
particleDestroy,18,4,0.007970415
particleDestroy,18,5,0.008032254
particleDestroy,18,6,0.008080458
particleDestroy,18,7,0.008053235
particleDestroy,18,8,0.008013498
particleDestroy,18,9,0.008035902
ScatterPIFNUFFT,18,0,2.050468978
ScatterPIFNUFFT,18,1,0.001263381
ScatterPIFNUFFT,18,2,2.047209885
ScatterPIFNUFFT,18,3,0.001258251
ScatterPIFNUFFT,18,4,2.055362835
ScatterPIFNUFFT,18,5,0.001265094
ScatterPIFNUFFT,18,6,2.044332431
ScatterPIFNUFFT,18,7,0.001260737
ScatterPIFNUFFT,18,8,2.046154626
ScatterPIFNUFFT,18,9,0.001264393
ScatterPIFNUFFT,18,10,2.052654789
ScatterPIFNUFFT,18,11,0.001262289
ScatterPIFNUFFT,18,12,2.049610432
ScatterPIFNUFFT,18,13,0.001256458
ScatterPIFNUFFT,18,14,2.05430425
ScatterPIFNUFFT,18,15,0.001258722
ScatterPIFNUFFT,18,16,2.050690823
ScatterPIFNUFFT,18,17,0.001263752
ScatterPIFNUFFT,18,18,2.047734598
ScatterPIFNUFFT,18,19,0.001260014
NativeNUFFT1,18,0,2.048511891
NativeNUFFT1,18,1,2.045230234
NativeNUFFT1,18,2,2.053359919
NativeNUFFT1,18,3,2.042353111
NativeNUFFT1,18,4,2.044169224
NativeNUFFT1,18,5,2.050630642
NativeNUFFT1,18,6,2.047622465
NativeNUFFT1,18,7,2.05233566
NativeNUFFT1,18,8,2.048733205
NativeNUFFT1,18,9,2.045776048
scatterTimerNUFFT1,18,0,1.915289404
scatterTimerNUFFT1,18,1,1.915971758
scatterTimerNUFFT1,18,2,1.917909047
scatterTimerNUFFT1,18,3,1.91793104
scatterTimerNUFFT1,18,4,1.915479662
scatterTimerNUFFT1,18,5,1.918178951
scatterTimerNUFFT1,18,6,1.915796829
scatterTimerNUFFT1,18,7,1.916347546
scatterTimerNUFFT1,18,8,1.917714263
scatterTimerNUFFT1,18,9,1.91769916
binSort,18,0,0.007927562
binSort,18,1,0.007810445
binSort,18,2,0.007778121
binSort,18,3,0.007783152
binSort,18,4,0.007807959
binSort,18,5,0.007814783
binSort,18,6,0.007795545
binSort,18,7,0.007795686
binSort,18,8,0.007997357
binSort,18,9,0.007794163
binComputeKeys,18,0,0.000708455
binComputeKeys,18,1,0.000598582
binComputeKeys,18,2,0.000594944
binComputeKeys,18,3,0.000602589
binComputeKeys,18,4,0.000601126
binComputeKeys,18,5,0.000603
binComputeKeys,18,6,0.0005981
binComputeKeys,18,7,0.000595816
binComputeKeys,18,8,0.00059744
binComputeKeys,18,9,0.000605515
binSortByKey,18,0,0.006996205
binSortByKey,18,1,0.006988991
binSortByKey,18,2,0.006963461
binSortByKey,18,3,0.006958852
binSortByKey,18,4,0.00698403
binSortByKey,18,5,0.006989712
binSortByKey,18,6,0.006975875
binSortByKey,18,7,0.006974773
binSortByKey,18,8,0.006960004
binSortByKey,18,9,0.006966317
binComputeOffsets,18,0,0.000220188
binComputeOffsets,18,1,0.000219816
binComputeOffsets,18,2,0.00021658
binComputeOffsets,18,3,0.000218605
binComputeOffsets,18,4,0.000219206
binComputeOffsets,18,5,0.000218885
binComputeOffsets,18,6,0.000218333
binComputeOffsets,18,7,0.00022185
binComputeOffsets,18,8,0.000435886
binComputeOffsets,18,9,0.000219085
FFTNUFFT1,18,0,0.132713559
FFTNUFFT1,18,1,0.128748916
FFTNUFFT1,18,2,0.134941443
FFTNUFFT1,18,3,0.123912482
FFTNUFFT1,18,4,0.128179343
FFTNUFFT1,18,5,0.131942703
FFTNUFFT1,18,6,0.131315837
FFTNUFFT1,18,7,0.135478344
FFTNUFFT1,18,8,0.130508491
FFTNUFFT1,18,9,0.127570166
deconvolutionNUFFT1,18,0,0.000505711
deconvolutionNUFFT1,18,1,0.000506082
deconvolutionNUFFT1,18,2,0.000505822
deconvolutionNUFFT1,18,3,0.000506102
deconvolutionNUFFT1,18,4,0.000505892
deconvolutionNUFFT1,18,5,0.000505421
deconvolutionNUFFT1,18,6,0.000506112
deconvolutionNUFFT1,18,7,0.000506473
deconvolutionNUFFT1,18,8,0.000506212
deconvolutionNUFFT1,18,9,0.000503336
GatherPIFNUFFT,18,0,4.236865162
GatherPIFNUFFT,18,1,4.227569957
GatherPIFNUFFT,18,2,4.221685619
GatherPIFNUFFT,18,3,4.236216594
GatherPIFNUFFT,18,4,4.222674308
GatherPIFNUFFT,18,5,4.205434338
GatherPIFNUFFT,18,6,4.192512055
GatherPIFNUFFT,18,7,4.189404282
GatherPIFNUFFT,18,8,4.184489417
GatherPIFNUFFT,18,9,4.172711933
NativeNUFFT2,18,0,1.402355635
NativeNUFFT2,18,1,1.417187564
NativeNUFFT2,18,2,1.406413819
NativeNUFFT2,18,3,1.400946551
NativeNUFFT2,18,4,1.417117206
NativeNUFFT2,18,5,1.398612602
NativeNUFFT2,18,6,1.397069659
NativeNUFFT2,18,7,1.402516117
NativeNUFFT2,18,8,1.411222498
NativeNUFFT2,18,9,1.403802673
NativeNUFFT2,18,10,1.411166541
NativeNUFFT2,18,11,1.410318335
NativeNUFFT2,18,12,1.386287347
NativeNUFFT2,18,13,1.420872834
NativeNUFFT2,18,14,1.404484045
NativeNUFFT2,18,15,1.389294793
NativeNUFFT2,18,16,1.396828421
NativeNUFFT2,18,17,1.408386177
NativeNUFFT2,18,18,1.38002646
NativeNUFFT2,18,19,1.405157111
NativeNUFFT2,18,20,1.396263917
NativeNUFFT2,18,21,1.379405042
NativeNUFFT2,18,22,1.397558748
NativeNUFFT2,18,23,1.401522308
NativeNUFFT2,18,24,1.372473898
NativeNUFFT2,18,25,1.396892045
NativeNUFFT2,18,26,1.404109002
NativeNUFFT2,18,27,1.380849686
NativeNUFFT2,18,28,1.394455535
NativeNUFFT2,18,29,1.386501252
PrecorrectionNUFFT2,18,0,0.000785865
PrecorrectionNUFFT2,18,1,0.000760987
PrecorrectionNUFFT2,18,2,0.000759654
PrecorrectionNUFFT2,18,3,0.000782308
PrecorrectionNUFFT2,18,4,0.000908092
PrecorrectionNUFFT2,18,5,0.000763021
PrecorrectionNUFFT2,18,6,0.000784903
PrecorrectionNUFFT2,18,7,0.000758502
PrecorrectionNUFFT2,18,8,0.00075772
PrecorrectionNUFFT2,18,9,0.00078843
PrecorrectionNUFFT2,18,10,0.000758912
PrecorrectionNUFFT2,18,11,0.000765254
PrecorrectionNUFFT2,18,12,0.000785103
PrecorrectionNUFFT2,18,13,0.00076272
PrecorrectionNUFFT2,18,14,0.000757891
PrecorrectionNUFFT2,18,15,0.000783511
PrecorrectionNUFFT2,18,16,0.000764563
PrecorrectionNUFFT2,18,17,0.00076293
PrecorrectionNUFFT2,18,18,0.000784622
PrecorrectionNUFFT2,18,19,0.000756197
PrecorrectionNUFFT2,18,20,0.000761257
PrecorrectionNUFFT2,18,21,0.000786025
PrecorrectionNUFFT2,18,22,0.000759664
PrecorrectionNUFFT2,18,23,0.000758852
PrecorrectionNUFFT2,18,24,0.000787468
PrecorrectionNUFFT2,18,25,0.000752961
PrecorrectionNUFFT2,18,26,0.000760486
PrecorrectionNUFFT2,18,27,0.000790985
PrecorrectionNUFFT2,18,28,0.00075756
PrecorrectionNUFFT2,18,29,0.000761267
FFTNUFFT2,18,0,0.129494063
FFTNUFFT2,18,1,0.148587549
FFTNUFFT2,18,2,0.137580984
FFTNUFFT2,18,3,0.134919029
FFTNUFFT2,18,4,0.142640561
FFTNUFFT2,18,5,0.14346939
FFTNUFFT2,18,6,0.132063579
FFTNUFFT2,18,7,0.149099994
FFTNUFFT2,18,8,0.15872035
FFTNUFFT2,18,9,0.137451963
FFTNUFFT2,18,10,0.147260014
FFTNUFFT2,18,11,0.141852042
FFTNUFFT2,18,12,0.125250849
FFTNUFFT2,18,13,0.152926418
FFTNUFFT2,18,14,0.140836841
FFTNUFFT2,18,15,0.132559361
FFTNUFFT2,18,16,0.147936456
FFTNUFFT2,18,17,0.147795514
FFTNUFFT2,18,18,0.132786943
FFTNUFFT2,18,19,0.15715357
FFTNUFFT2,18,20,0.153152396
FFTNUFFT2,18,21,0.122192385
FFTNUFFT2,18,22,0.147260757
FFTNUFFT2,18,23,0.142137626
FFTNUFFT2,18,24,0.128513812
FFTNUFFT2,18,25,0.154047944
FFTNUFFT2,18,26,0.155076132
FFTNUFFT2,18,27,0.129482546
FFTNUFFT2,18,28,0.141504512
FFTNUFFT2,18,29,0.139933434
GatherNUFFT2,18,0,1.272068233
GatherNUFFT2,18,1,1.267830581
GatherNUFFT2,18,2,1.268065175
GatherNUFFT2,18,3,1.26523818
GatherNUFFT2,18,4,1.273560378
GatherNUFFT2,18,5,1.254372819
GatherNUFFT2,18,6,1.264212441
GatherNUFFT2,18,7,1.252649615
GatherNUFFT2,18,8,1.251736884
GatherNUFFT2,18,9,1.265553624
GatherNUFFT2,18,10,1.26313991
GatherNUFFT2,18,11,1.267692413
GatherNUFFT2,18,12,1.260240153
GatherNUFFT2,18,13,1.26717606
GatherNUFFT2,18,14,1.262880116
GatherNUFFT2,18,15,1.255943025
GatherNUFFT2,18,16,1.248117953
GatherNUFFT2,18,17,1.259819888
GatherNUFFT2,18,18,1.246446248
GatherNUFFT2,18,19,1.247239068
GatherNUFFT2,18,20,1.242342077
GatherNUFFT2,18,21,1.256418666
GatherNUFFT2,18,22,1.249529871
GatherNUFFT2,18,23,1.258618255
GatherNUFFT2,18,24,1.243164603
GatherNUFFT2,18,25,1.242082653
GatherNUFFT2,18,26,1.248265451
GatherNUFFT2,18,27,1.2505681
GatherNUFFT2,18,28,1.252185287
GatherNUFFT2,18,29,1.245798636
mainTimer,19,0,63.095016805
dumpData,19,0,0.091358771
dumpData,19,1,0.097703971
dumpData,19,2,0.089665626
dumpData,19,3,0.103822793
dumpData,19,4,0.104209535
dumpData,19,5,0.102219442
dumpData,19,6,0.087957942
dumpData,19,7,0.099750614
dumpData,19,8,0.100801737
dumpData,19,9,0.093751897
kick,19,0,0.001097099
kick,19,1,0.001168207
kick,19,2,0.00109244
kick,19,3,0.001151975
kick,19,4,0.001083803
kick,19,5,0.001132307
kick,19,6,0.001102118
kick,19,7,0.00115952
kick,19,8,0.001091157
kick,19,9,0.001151304
kick,19,10,0.001110936
kick,19,11,0.001145433
kick,19,12,0.001095826
kick,19,13,0.00112837
kick,19,14,0.001099133
kick,19,15,0.001146525
kick,19,16,0.001093181
kick,19,17,0.001159159
kick,19,18,0.001094994
kick,19,19,0.001139752
drift,19,0,0.001082992
drift,19,1,0.001079795
drift,19,2,0.001076549
drift,19,3,0.001074405
drift,19,4,0.001062242
drift,19,5,0.001076499
drift,19,6,0.001083522
drift,19,7,0.00108225
drift,19,8,0.001076068
drift,19,9,0.001083833
particleBC,19,0,0.003211601
particleBC,19,1,0.003157166
particleBC,19,2,0.003212233
particleBC,19,3,0.003186923
particleBC,19,4,0.003198917
particleBC,19,5,0.003183266
particleBC,19,6,0.003202915
particleBC,19,7,0.003194548
particleBC,19,8,0.003188026
particleBC,19,9,0.003187475
updateParticle,19,0,0.018114097
updateParticle,19,1,0.017043419
updateParticle,19,2,0.016976159
updateParticle,19,3,0.017421372
updateParticle,19,4,0.017851177
updateParticle,19,5,0.016754368
updateParticle,19,6,0.018487601
updateParticle,19,7,0.016417014
updateParticle,19,8,0.016381584
updateParticle,19,9,0.016412014
locateParticles,19,0,0.004161464
locateParticles,19,1,0.004160512
locateParticles,19,2,0.004177866
locateParticles,19,3,0.00416481
locateParticles,19,4,0.004161124
locateParticles,19,5,0.004144061
locateParticles,19,6,0.004155543
locateParticles,19,7,0.004145083
locateParticles,19,8,0.004173518
locateParticles,19,9,0.004145734
sendPreprocess,19,0,0.001153879
sendPreprocess,19,1,0.001201321
sendPreprocess,19,2,0.001333467
sendPreprocess,19,3,0.001116166
sendPreprocess,19,4,0.001130494
sendPreprocess,19,5,0.001156975
sendPreprocess,19,6,0.001154971
sendPreprocess,19,7,0.00121117
sendPreprocess,19,8,0.001192684
sendPreprocess,19,9,0.001242561
particleSend,19,0,0.001619733
particleSend,19,1,0.001899936
particleSend,19,2,0.002520741
particleSend,19,3,0.001613551
particleSend,19,4,0.001610776
particleSend,19,5,0.002522605
particleSend,19,6,0.003450514
particleSend,19,7,0.001623059
particleSend,19,8,0.00160806
particleSend,19,9,0.001724516
particleRecv,19,0,4.7963e-05
particleRecv,19,1,4.8484e-05
particleRecv,19,2,5.5167e-05
particleRecv,19,3,4.8855e-05
particleRecv,19,4,4.6581e-05
particleRecv,19,5,4.7362e-05
particleRecv,19,6,4.9536e-05
particleRecv,19,7,4.8785e-05
particleRecv,19,8,5.0478e-05
particleRecv,19,9,5.0307e-05
particleDestroy,19,0,0.007697846
particleDestroy,19,1,0.007658399
particleDestroy,19,2,0.007664942
particleDestroy,19,3,0.007670443
particleDestroy,19,4,0.00772578
particleDestroy,19,5,0.007663258
particleDestroy,19,6,0.007750818
particleDestroy,19,7,0.007676956
particleDestroy,19,8,0.007684079
particleDestroy,19,9,0.007680252
ScatterPIFNUFFT,19,0,2.046492081
ScatterPIFNUFFT,19,1,0.001266337
ScatterPIFNUFFT,19,2,2.055857724
ScatterPIFNUFFT,19,3,0.001264624
ScatterPIFNUFFT,19,4,2.054429103
ScatterPIFNUFFT,19,5,0.001255716
ScatterPIFNUFFT,19,6,2.050509647
ScatterPIFNUFFT,19,7,0.001257389
ScatterPIFNUFFT,19,8,2.050345488
ScatterPIFNUFFT,19,9,0.001263191
ScatterPIFNUFFT,19,10,2.050533624
ScatterPIFNUFFT,19,11,0.001265495
ScatterPIFNUFFT,19,12,2.048997844
ScatterPIFNUFFT,19,13,0.001261217
ScatterPIFNUFFT,19,14,2.050133478
ScatterPIFNUFFT,19,15,0.001271107
ScatterPIFNUFFT,19,16,2.056472612
ScatterPIFNUFFT,19,17,0.00126758
ScatterPIFNUFFT,19,18,2.052774477
ScatterPIFNUFFT,19,19,0.00125753
NativeNUFFT1,19,0,2.044427035
NativeNUFFT1,19,1,2.05397452
NativeNUFFT1,19,2,2.052533987
NativeNUFFT1,19,3,2.048630241
NativeNUFFT1,19,4,2.048456553
NativeNUFFT1,19,5,2.0486553
NativeNUFFT1,19,6,2.047110352
NativeNUFFT1,19,7,2.048243872
NativeNUFFT1,19,8,2.05459096
NativeNUFFT1,19,9,2.050892876
scatterTimerNUFFT1,19,0,1.914561201
scatterTimerNUFFT1,19,1,1.916167558
scatterTimerNUFFT1,19,2,1.918420339
scatterTimerNUFFT1,19,3,1.916114916
scatterTimerNUFFT1,19,4,1.913910367
scatterTimerNUFFT1,19,5,1.916525673
scatterTimerNUFFT1,19,6,1.91389079
scatterTimerNUFFT1,19,7,1.915445336
scatterTimerNUFFT1,19,8,1.916263779
scatterTimerNUFFT1,19,9,1.915994111
binSort,19,0,0.007415188
binSort,19,1,0.007418885
binSort,19,2,0.007382133
binSort,19,3,0.007371563
binSort,19,4,0.007379959
binSort,19,5,0.007361784
binSort,19,6,0.007345372
binSort,19,7,0.007370039
binSort,19,8,0.007355081
binSort,19,9,0.007367876
binComputeKeys,19,0,0.000549597
binComputeKeys,19,1,0.000542592
binComputeKeys,19,2,0.000545789
binComputeKeys,19,3,0.000549185
binComputeKeys,19,4,0.000550087
binComputeKeys,19,5,0.000550238
binComputeKeys,19,6,0.00054596
binComputeKeys,19,7,0.000542934
binComputeKeys,19,8,0.000549897
binComputeKeys,19,9,0.000546651
binSortByKey,19,0,0.006649863
binSortByKey,19,1,0.006660343
binSortByKey,19,2,0.006620406
binSortByKey,19,3,0.006606629
binSortByKey,19,4,0.00661277
binSortByKey,19,5,0.006596149
binSortByKey,19,6,0.006582903
binSortByKey,19,7,0.006611278
binSortByKey,19,8,0.006587071
binSortByKey,19,9,0.006605176
binComputeOffsets,19,0,0.000212924
binComputeOffsets,19,1,0.000212722
binComputeOffsets,19,2,0.000212272
binComputeOffsets,19,3,0.000212512
binComputeOffsets,19,4,0.000213504
binComputeOffsets,19,5,0.000212252
binComputeOffsets,19,6,0.000213303
binComputeOffsets,19,7,0.000212632
binComputeOffsets,19,8,0.000213364
binComputeOffsets,19,9,0.000212783
FFTNUFFT1,19,0,0.129550923
FFTNUFFT1,19,1,0.13749165
FFTNUFFT1,19,2,0.133797273
FFTNUFFT1,19,3,0.132198711
FFTNUFFT1,19,4,0.134230904
FFTNUFFT1,19,5,0.131814094
FFTNUFFT1,19,6,0.132772274
FFTNUFFT1,19,7,0.132488273
FFTNUFFT1,19,8,0.138015276
FFTNUFFT1,19,9,0.134584495
deconvolutionNUFFT1,19,0,0.000311364
deconvolutionNUFFT1,19,1,0.000311815
deconvolutionNUFFT1,19,2,0.000312827
deconvolutionNUFFT1,19,3,0.000313097
deconvolutionNUFFT1,19,4,0.000310793
deconvolutionNUFFT1,19,5,0.000312076
deconvolutionNUFFT1,19,6,0.00044346
deconvolutionNUFFT1,19,7,0.000306595
deconvolutionNUFFT1,19,8,0.000307326
deconvolutionNUFFT1,19,9,0.000310763
GatherPIFNUFFT,19,0,4.176955642
GatherPIFNUFFT,19,1,4.150570166
GatherPIFNUFFT,19,2,4.160120567
GatherPIFNUFFT,19,3,4.145970202
GatherPIFNUFFT,19,4,4.134489916
GatherPIFNUFFT,19,5,4.132570674
GatherPIFNUFFT,19,6,4.130916915
GatherPIFNUFFT,19,7,4.113383792
GatherPIFNUFFT,19,8,4.094730547
GatherPIFNUFFT,19,9,4.102500522
NativeNUFFT2,19,0,1.334503925
NativeNUFFT2,19,1,1.418127447
NativeNUFFT2,19,2,1.413914011
NativeNUFFT2,19,3,1.325701605
NativeNUFFT2,19,4,1.411933801
NativeNUFFT2,19,5,1.402404961
NativeNUFFT2,19,6,1.314143581
NativeNUFFT2,19,7,1.4245509
NativeNUFFT2,19,8,1.410851849
NativeNUFFT2,19,9,1.331401885
NativeNUFFT2,19,10,1.409223731
NativeNUFFT2,19,11,1.394806478
NativeNUFFT2,19,12,1.308222451
NativeNUFFT2,19,13,1.416967597
NativeNUFFT2,19,14,1.39888428
NativeNUFFT2,19,15,1.317799795
NativeNUFFT2,19,16,1.395542647
NativeNUFFT2,19,17,1.408828004
NativeNUFFT2,19,18,1.314512716
NativeNUFFT2,19,19,1.409410984
NativeNUFFT2,19,20,1.396555662
NativeNUFFT2,19,21,1.3190516
NativeNUFFT2,19,22,1.381632325
NativeNUFFT2,19,23,1.402322441
NativeNUFFT2,19,24,1.30728779
NativeNUFFT2,19,25,1.381352494
NativeNUFFT2,19,26,1.39557458
NativeNUFFT2,19,27,1.308647823
NativeNUFFT2,19,28,1.392363646
NativeNUFFT2,19,29,1.390937289
PrecorrectionNUFFT2,19,0,0.000561159
PrecorrectionNUFFT2,19,1,0.000548294
PrecorrectionNUFFT2,19,2,0.000545288
PrecorrectionNUFFT2,19,3,0.000581087
PrecorrectionNUFFT2,19,4,0.000561389
PrecorrectionNUFFT2,19,5,0.00057215
PrecorrectionNUFFT2,19,6,0.000588933
PrecorrectionNUFFT2,19,7,0.000570638
PrecorrectionNUFFT2,19,8,0.000572822
PrecorrectionNUFFT2,19,9,0.000586278
PrecorrectionNUFFT2,19,10,0.000565176
PrecorrectionNUFFT2,19,11,0.000562772
PrecorrectionNUFFT2,19,12,0.000567551
PrecorrectionNUFFT2,19,13,0.000551089
PrecorrectionNUFFT2,19,14,0.000546661
PrecorrectionNUFFT2,19,15,0.00057225
PrecorrectionNUFFT2,19,16,0.000544616
PrecorrectionNUFFT2,19,17,0.000553164
PrecorrectionNUFFT2,19,18,0.000568212
PrecorrectionNUFFT2,19,19,0.000548935
PrecorrectionNUFFT2,19,20,0.000545468
PrecorrectionNUFFT2,19,21,0.00056695
PrecorrectionNUFFT2,19,22,0.000550017
PrecorrectionNUFFT2,19,23,0.000550077
PrecorrectionNUFFT2,19,24,0.000579885
PrecorrectionNUFFT2,19,25,0.000566589
PrecorrectionNUFFT2,19,26,0.000571279
PrecorrectionNUFFT2,19,27,0.000581468
PrecorrectionNUFFT2,19,28,0.000571949
PrecorrectionNUFFT2,19,29,0.000555758
FFTNUFFT2,19,0,0.134376115
FFTNUFFT2,19,1,0.216816773
FFTNUFFT2,19,2,0.215477745
FFTNUFFT2,19,3,0.124778344
FFTNUFFT2,19,4,0.215773228
FFTNUFFT2,19,5,0.211744321
FFTNUFFT2,19,6,0.130349293
FFTNUFFT2,19,7,0.229413724
FFTNUFFT2,19,8,0.216582327
FFTNUFFT2,19,9,0.138219081
FFTNUFFT2,19,10,0.212488345
FFTNUFFT2,19,11,0.216534626
FFTNUFFT2,19,12,0.127865033
FFTNUFFT2,19,13,0.233444345
FFTNUFFT2,19,14,0.225007916
FFTNUFFT2,19,15,0.133927936
FFTNUFFT2,19,16,0.22090773
FFTNUFFT2,19,17,0.229319882
FFTNUFFT2,19,18,0.129944007
FFTNUFFT2,19,19,0.228165863
FFTNUFFT2,19,20,0.211722809
FFTNUFFT2,19,21,0.136198351
FFTNUFFT2,19,22,0.207928959
FFTNUFFT2,19,23,0.22899841
FFTNUFFT2,19,24,0.128507911
FFTNUFFT2,19,25,0.212684745
FFTNUFFT2,19,26,0.226801139
FFTNUFFT2,19,27,0.13110806
FFTNUFFT2,19,28,0.217597497
FFTNUFFT2,19,29,0.218670638
GatherNUFFT2,19,0,1.199559477
GatherNUFFT2,19,1,1.200753474
GatherNUFFT2,19,2,1.19787603
GatherNUFFT2,19,3,1.20033495
GatherNUFFT2,19,4,1.195591177
GatherNUFFT2,19,5,1.190080004
GatherNUFFT2,19,6,1.183196809
GatherNUFFT2,19,7,1.194555157
GatherNUFFT2,19,8,1.193688636
GatherNUFFT2,19,9,1.192588742
GatherNUFFT2,19,10,1.196162826
GatherNUFFT2,19,11,1.177701977
GatherNUFFT2,19,12,1.179781993
GatherNUFFT2,19,13,1.182964627
GatherNUFFT2,19,14,1.173321959
GatherNUFFT2,19,15,1.183291582
GatherNUFFT2,19,16,1.174080982
GatherNUFFT2,19,17,1.178946943
GatherNUFFT2,19,18,1.183992421
GatherNUFFT2,19,19,1.18068807
GatherNUFFT2,19,20,1.184280261
GatherNUFFT2,19,21,1.182278194
GatherNUFFT2,19,22,1.173145333
GatherNUFFT2,19,23,1.172765316
GatherNUFFT2,19,24,1.178192439
GatherNUFFT2,19,25,1.168092382
GatherNUFFT2,19,26,1.16819517
GatherNUFFT2,19,27,1.176949777
GatherNUFFT2,19,28,1.174186205
GatherNUFFT2,19,29,1.171702606
mainTimer,20,0,63.09501948
dumpData,20,0,0.16565245
dumpData,20,1,0.1704611
dumpData,20,2,0.165410892
dumpData,20,3,0.163795337
dumpData,20,4,0.170767084
dumpData,20,5,0.163179882
dumpData,20,6,0.16181798
dumpData,20,7,0.169997812
dumpData,20,8,0.159755545
dumpData,20,9,0.161334529
kick,20,0,0.001044066
kick,20,1,0.001092559
kick,20,2,0.001043925
kick,20,3,0.00110305
kick,20,4,0.001058665
kick,20,5,0.001070788
kick,20,6,0.001040979
kick,20,7,0.001103451
kick,20,8,0.001048044
kick,20,9,0.001096337
kick,20,10,0.00104078
kick,20,11,0.001061219
kick,20,12,0.001058614
kick,20,13,0.001081649
kick,20,14,0.001050879
kick,20,15,0.001099844
kick,20,16,0.001037543
kick,20,17,0.001096328
kick,20,18,0.001042492
kick,20,19,0.001087239
drift,20,0,0.00102015
drift,20,1,0.001027083
drift,20,2,0.00101509
drift,20,3,0.001024188
drift,20,4,0.001016673
drift,20,5,0.001023586
drift,20,6,0.001031131
drift,20,7,0.00103601
drift,20,8,0.001023837
drift,20,9,0.001019839
particleBC,20,0,0.002985322
particleBC,20,1,0.002981525
particleBC,20,2,0.00298905
particleBC,20,3,0.002972256
particleBC,20,4,0.00299992
particleBC,20,5,0.003004049
particleBC,20,6,0.003028637
particleBC,20,7,0.002979801
particleBC,20,8,0.003003488
particleBC,20,9,0.002995903
updateParticle,20,0,0.018718409
updateParticle,20,1,0.017684503
updateParticle,20,2,0.017304696
updateParticle,20,3,0.017689172
updateParticle,20,4,0.018276021
updateParticle,20,5,0.016850153
updateParticle,20,6,0.017081823
updateParticle,20,7,0.01670886
updateParticle,20,8,0.016798413
updateParticle,20,9,0.016788174
locateParticles,20,0,0.003941567
locateParticles,20,1,0.003956216
locateParticles,20,2,0.003951838
locateParticles,20,3,0.003975654
locateParticles,20,4,0.00396857
locateParticles,20,5,0.003973419
locateParticles,20,6,0.003959112
locateParticles,20,7,0.003980483
locateParticles,20,8,0.003967839
locateParticles,20,9,0.003995422
sendPreprocess,20,0,0.001718123
sendPreprocess,20,1,0.001681112
sendPreprocess,20,2,0.001870199
sendPreprocess,20,3,0.001631556
sendPreprocess,20,4,0.001609142
sendPreprocess,20,5,0.0016287
sendPreprocess,20,6,0.001611717
sendPreprocess,20,7,0.001686342
sendPreprocess,20,8,0.001690951
sendPreprocess,20,9,0.001699998
particleSend,20,0,0.002718665
particleSend,20,1,0.001933712
particleSend,20,2,0.002671223
particleSend,20,3,0.001780174
particleSend,20,4,0.001766889
particleSend,20,5,0.001765044
particleSend,20,6,0.00170601
particleSend,20,7,0.00171126
particleSend,20,8,0.001707182
particleSend,20,9,0.001759644
particleRecv,20,0,4.9346e-05
particleRecv,20,1,5.0508e-05
particleRecv,20,2,4.9506e-05
particleRecv,20,3,4.8464e-05
particleRecv,20,4,5.0157e-05
particleRecv,20,5,5.0368e-05
particleRecv,20,6,5.1029e-05
particleRecv,20,7,5.13e-05
particleRecv,20,8,5.4235e-05
particleRecv,20,9,5.1089e-05
particleDestroy,20,0,0.007203817
particleDestroy,20,1,0.007189931
particleDestroy,20,2,0.0073649
particleDestroy,20,3,0.007204729
particleDestroy,20,4,0.007228676
particleDestroy,20,5,0.007308459
particleDestroy,20,6,0.007207524
particleDestroy,20,7,0.007180202
particleDestroy,20,8,0.007204658
particleDestroy,20,9,0.007185562
ScatterPIFNUFFT,20,0,2.048482694
ScatterPIFNUFFT,20,1,0.001260145
ScatterPIFNUFFT,20,2,2.049445201
ScatterPIFNUFFT,20,3,0.001264513
ScatterPIFNUFFT,20,4,2.049347173
ScatterPIFNUFFT,20,5,0.001260856
ScatterPIFNUFFT,20,6,2.041937114
ScatterPIFNUFFT,20,7,0.001267219
ScatterPIFNUFFT,20,8,2.047582858
ScatterPIFNUFFT,20,9,0.001259985
ScatterPIFNUFFT,20,10,2.049058772
ScatterPIFNUFFT,20,11,0.001261268
ScatterPIFNUFFT,20,12,2.050955452
ScatterPIFNUFFT,20,13,0.00125793
ScatterPIFNUFFT,20,14,2.051061508
ScatterPIFNUFFT,20,15,0.001268391
ScatterPIFNUFFT,20,16,2.051545461
ScatterPIFNUFFT,20,17,0.001257149
ScatterPIFNUFFT,20,18,2.04967357
ScatterPIFNUFFT,20,19,0.001261147
NativeNUFFT1,20,0,2.046689435
NativeNUFFT1,20,1,2.047628467
NativeNUFFT1,20,2,2.047535729
NativeNUFFT1,20,3,2.0401103
NativeNUFFT1,20,4,2.045765522
NativeNUFFT1,20,5,2.047233751
NativeNUFFT1,20,6,2.049116494
NativeNUFFT1,20,7,2.049230786
NativeNUFFT1,20,8,2.049721202
NativeNUFFT1,20,9,2.04786417
scatterTimerNUFFT1,20,0,1.91468429
scatterTimerNUFFT1,20,1,1.916149813
scatterTimerNUFFT1,20,2,1.918799355
scatterTimerNUFFT1,20,3,1.916801809
scatterTimerNUFFT1,20,4,1.914538786
scatterTimerNUFFT1,20,5,1.917479714
scatterTimerNUFFT1,20,6,1.916161687
scatterTimerNUFFT1,20,7,1.915981176
scatterTimerNUFFT1,20,8,1.916985589
scatterTimerNUFFT1,20,9,1.917183038
binSort,20,0,0.006981256
binSort,20,1,0.006990133
binSort,20,2,0.006975595
binSort,20,3,0.007000003
binSort,20,4,0.00695289
binSort,20,5,0.006972278
binSort,20,6,0.007042474
binSort,20,7,0.00692695
binSort,20,8,0.006989471
binSort,20,9,0.006966547
binComputeKeys,20,0,0.000526852
binComputeKeys,20,1,0.00053125
binComputeKeys,20,2,0.000529347
binComputeKeys,20,3,0.000529798
binComputeKeys,20,4,0.000530088
binComputeKeys,20,5,0.000526942
binComputeKeys,20,6,0.000554957
binComputeKeys,20,7,0.000523626
binComputeKeys,20,8,0.000529428
binComputeKeys,20,9,0.000531812
binSortByKey,20,0,0.006249105
binSortByKey,20,1,0.006250337
binSortByKey,20,2,0.006239206
binSortByKey,20,3,0.006265066
binSortByKey,20,4,0.006214978
binSortByKey,20,5,0.006239066
binSortByKey,20,6,0.006285826
binSortByKey,20,7,0.006196863
binSortByKey,20,8,0.00625149
binSortByKey,20,9,0.006228996
binComputeOffsets,20,0,0.000202372
binComputeOffsets,20,1,0.000205148
binComputeOffsets,20,2,0.000203485
binComputeOffsets,20,3,0.000201421
binComputeOffsets,20,4,0.000204146
binComputeOffsets,20,5,0.000203014
binComputeOffsets,20,6,0.000198355
binComputeOffsets,20,7,0.000203414
binComputeOffsets,20,8,0.000203736
binComputeOffsets,20,9,0.000202333
FFTNUFFT1,20,0,0.131684924
FFTNUFFT1,20,1,0.13116281
FFTNUFFT1,20,2,0.128421082
FFTNUFFT1,20,3,0.122993079
FFTNUFFT1,20,4,0.13091447
FFTNUFFT1,20,5,0.129435379
FFTNUFFT1,20,6,0.132645358
FFTNUFFT1,20,7,0.132935981
FFTNUFFT1,20,8,0.132419699
FFTNUFFT1,20,9,0.130367142
deconvolutionNUFFT1,20,0,0.000316374
deconvolutionNUFFT1,20,1,0.000311955
deconvolutionNUFFT1,20,2,0.000311474
deconvolutionNUFFT1,20,3,0.000311665
deconvolutionNUFFT1,20,4,0.000307807
deconvolutionNUFFT1,20,5,0.000314951
deconvolutionNUFFT1,20,6,0.000305583
deconvolutionNUFFT1,20,7,0.000309811
deconvolutionNUFFT1,20,8,0.000310402
deconvolutionNUFFT1,20,9,0.000309851
GatherPIFNUFFT,20,0,4.100458878
GatherPIFNUFFT,20,1,4.0839056
GatherPIFNUFFT,20,2,4.089471148
GatherPIFNUFFT,20,3,4.094649477
GatherPIFNUFFT,20,4,4.070586226
GatherPIFNUFFT,20,5,4.073346352
GatherPIFNUFFT,20,6,4.05679627
GatherPIFNUFFT,20,7,4.042420203
GatherPIFNUFFT,20,8,4.04063274
GatherPIFNUFFT,20,9,4.037982726
NativeNUFFT2,20,0,1.257775561
NativeNUFFT2,20,1,1.414309128
NativeNUFFT2,20,2,1.418357834
NativeNUFFT2,20,3,1.25447703
NativeNUFFT2,20,4,1.41540729
NativeNUFFT2,20,5,1.403997792
NativeNUFFT2,20,6,1.256553811
NativeNUFFT2,20,7,1.409992773
NativeNUFFT2,20,8,1.412848544
NativeNUFFT2,20,9,1.26190345
NativeNUFFT2,20,10,1.408784359
NativeNUFFT2,20,11,1.413892892
NativeNUFFT2,20,12,1.25008574
NativeNUFFT2,20,13,1.410905915
NativeNUFFT2,20,14,1.399526086
NativeNUFFT2,20,15,1.248730452
NativeNUFFT2,20,16,1.406611111
NativeNUFFT2,20,17,1.407717939
NativeNUFFT2,20,18,1.244254126
NativeNUFFT2,20,19,1.409534524
NativeNUFFT2,20,20,1.392924477
NativeNUFFT2,20,21,1.240837545
NativeNUFFT2,20,22,1.399352868
NativeNUFFT2,20,23,1.392095857
NativeNUFFT2,20,24,1.238883919
NativeNUFFT2,20,25,1.394165143
NativeNUFFT2,20,26,1.397580069
NativeNUFFT2,20,27,1.23821445
NativeNUFFT2,20,28,1.386290303
NativeNUFFT2,20,29,1.403425018
PrecorrectionNUFFT2,20,0,0.000562491
PrecorrectionNUFFT2,20,1,0.000550398
PrecorrectionNUFFT2,20,2,0.000559475
PrecorrectionNUFFT2,20,3,0.000562492
PrecorrectionNUFFT2,20,4,0.000545157
PrecorrectionNUFFT2,20,5,0.000546981
PrecorrectionNUFFT2,20,6,0.000560288
PrecorrectionNUFFT2,20,7,0.000542523
PrecorrectionNUFFT2,20,8,0.000546981
PrecorrectionNUFFT2,20,9,0.000567692
PrecorrectionNUFFT2,20,10,0.000553895
PrecorrectionNUFFT2,20,11,0.000552282
PrecorrectionNUFFT2,20,12,0.000659279
PrecorrectionNUFFT2,20,13,0.000552732
PrecorrectionNUFFT2,20,14,0.000554796
PrecorrectionNUFFT2,20,15,0.000575367
PrecorrectionNUFFT2,20,16,0.000569625
PrecorrectionNUFFT2,20,17,0.00056146
PrecorrectionNUFFT2,20,18,0.000564656
PrecorrectionNUFFT2,20,19,0.000556139
PrecorrectionNUFFT2,20,20,0.000555618
PrecorrectionNUFFT2,20,21,0.000570547
PrecorrectionNUFFT2,20,22,0.00056178
PrecorrectionNUFFT2,20,23,0.000568262
PrecorrectionNUFFT2,20,24,0.000550298
PrecorrectionNUFFT2,20,25,0.000547653
PrecorrectionNUFFT2,20,26,0.000549085
PrecorrectionNUFFT2,20,27,0.000560167
PrecorrectionNUFFT2,20,28,0.000550047
PrecorrectionNUFFT2,20,29,0.0005513
FFTNUFFT2,20,0,0.136698361
FFTNUFFT2,20,1,0.288847602
FFTNUFFT2,20,2,0.28751197
FFTNUFFT2,20,3,0.131718269
FFTNUFFT2,20,4,0.281564521
FFTNUFFT2,20,5,0.282266203
FFTNUFFT2,20,6,0.129876355
FFTNUFFT2,20,7,0.289214072
FFTNUFFT2,20,8,0.28924369
FFTNUFFT2,20,9,0.142478075
FFTNUFFT2,20,10,0.289260683
FFTNUFFT2,20,11,0.284940191
FFTNUFFT2,20,12,0.123054989
FFTNUFFT2,20,13,0.290414752
FFTNUFFT2,20,14,0.284629847
FFTNUFFT2,20,15,0.131256263
FFTNUFFT2,20,16,0.288161519
FFTNUFFT2,20,17,0.282124267
FFTNUFFT2,20,18,0.130509894
FFTNUFFT2,20,19,0.288149076
FFTNUFFT2,20,20,0.27835297
FFTNUFFT2,20,21,0.125821347
FFTNUFFT2,20,22,0.281735172
FFTNUFFT2,20,23,0.282018772
FFTNUFFT2,20,24,0.129763778
FFTNUFFT2,20,25,0.283570262
FFTNUFFT2,20,26,0.285144189
FFTNUFFT2,20,27,0.126645471
FFTNUFFT2,20,28,0.28290855
FFTNUFFT2,20,29,0.291083773
GatherNUFFT2,20,0,1.120505361
GatherNUFFT2,20,1,1.124902653
GatherNUFFT2,20,2,1.130278312
GatherNUFFT2,20,3,1.122188013
GatherNUFFT2,20,4,1.133289936
GatherNUFFT2,20,5,1.121176622
GatherNUFFT2,20,6,1.126109063
GatherNUFFT2,20,7,1.12022698
GatherNUFFT2,20,8,1.123049016
GatherNUFFT2,20,9,1.118848666
GatherNUFFT2,20,10,1.118959591
GatherNUFFT2,20,11,1.128391722
GatherNUFFT2,20,12,1.126362314
GatherNUFFT2,20,13,1.119929824
GatherNUFFT2,20,14,1.114332895
GatherNUFFT2,20,15,1.116886478
GatherNUFFT2,20,16,1.117869937
GatherNUFFT2,20,17,1.125023967
GatherNUFFT2,20,18,1.113171129
GatherNUFFT2,20,19,1.120820923
GatherNUFFT2,20,20,1.114008576
GatherNUFFT2,20,21,1.114436444
GatherNUFFT2,20,22,1.117048121
GatherNUFFT2,20,23,1.109500275
GatherNUFFT2,20,24,1.108561927
GatherNUFFT2,20,25,1.110038513
GatherNUFFT2,20,26,1.111878889
GatherNUFFT2,20,27,1.111000555
GatherNUFFT2,20,28,1.102823539
GatherNUFFT2,20,29,1.111781219
mainTimer,21,0,63.095018809
dumpData,21,0,0.243098306
dumpData,21,1,0.240152891
dumpData,21,2,0.239750891
dumpData,21,3,0.240871965
dumpData,21,4,0.239083145
dumpData,21,5,0.238448534
dumpData,21,6,0.235295475
dumpData,21,7,0.238841298
dumpData,21,8,0.23465339
dumpData,21,9,0.237740079
kick,21,0,0.000949281
kick,21,1,0.000986474
kick,21,2,0.000942449
kick,21,3,0.000985703
kick,21,4,0.000948561
kick,21,5,0.001001022
kick,21,6,0.000942008
kick,21,7,0.000997455
kick,21,8,0.000944643
kick,21,9,0.000978829
kick,21,10,0.000951146
kick,21,11,0.001011232
kick,21,12,0.000944592
kick,21,13,0.000990913
kick,21,14,0.000948721
kick,21,15,0.001000441
kick,21,16,0.000960654
kick,21,17,0.000996163
kick,21,18,0.000949352
kick,21,19,0.000993558
drift,21,0,0.00095888
drift,21,1,0.000957628
drift,21,2,0.000952548
drift,21,3,0.00096893
drift,21,4,0.000961626
drift,21,5,0.000954461
drift,21,6,0.000969181
drift,21,7,0.00096382
drift,21,8,0.000974391
drift,21,9,0.000975473
particleBC,21,0,0.002811104
particleBC,21,1,0.002805553
particleBC,21,2,0.002809802
particleBC,21,3,0.002822235
particleBC,21,4,0.002821775
particleBC,21,5,0.002801236
particleBC,21,6,0.002801766
particleBC,21,7,0.002796616
particleBC,21,8,0.00280914
particleBC,21,9,0.002807387
updateParticle,21,0,0.018791802
updateParticle,21,1,0.017669303
updateParticle,21,2,0.017531536
updateParticle,21,3,0.016918847
updateParticle,21,4,0.017184563
updateParticle,21,5,0.017269537
updateParticle,21,6,0.019322681
updateParticle,21,7,0.016822861
updateParticle,21,8,0.016886795
updateParticle,21,9,0.016808083
locateParticles,21,0,0.003817066
locateParticles,21,1,0.0037883
locateParticles,21,2,0.003788531
locateParticles,21,3,0.003803599
locateParticles,21,4,0.0037673
locateParticles,21,5,0.003775075
locateParticles,21,6,0.003767951
locateParticles,21,7,0.003785064
locateParticles,21,8,0.003794132
locateParticles,21,9,0.003799282
sendPreprocess,21,0,0.002171794
sendPreprocess,21,1,0.002197985
sendPreprocess,21,2,0.002384216
sendPreprocess,21,3,0.002106818
sendPreprocess,21,4,0.002150713
sendPreprocess,21,5,0.002190421
sendPreprocess,21,6,0.002208716
sendPreprocess,21,7,0.002239676
sendPreprocess,21,8,0.002186662
sendPreprocess,21,9,0.002221671
particleSend,21,0,0.001595997
particleSend,21,1,0.002737361
particleSend,21,2,0.001537313
particleSend,21,3,0.001617439
particleSend,21,4,0.001613401
particleSend,21,5,0.001546641
particleSend,21,6,0.001550749
particleSend,21,7,0.001550909
particleSend,21,8,0.001606837
particleSend,21,9,0.001550438
particleRecv,21,0,4.3735e-05
particleRecv,21,1,4.5428e-05
particleRecv,21,2,4.8123e-05
particleRecv,21,3,5.3003e-05
particleRecv,21,4,4.6921e-05
particleRecv,21,5,4.5368e-05
particleRecv,21,6,5.4325e-05
particleRecv,21,7,4.5819e-05
particleRecv,21,8,4.9847e-05
particleRecv,21,9,4.7302e-05
particleDestroy,21,0,0.006986777
particleDestroy,21,1,0.006948352
particleDestroy,21,2,0.006974823
particleDestroy,21,3,0.006944544
particleDestroy,21,4,0.00685985
particleDestroy,21,5,0.006892423
particleDestroy,21,6,0.006868345
particleDestroy,21,7,0.006891011
particleDestroy,21,8,0.006854228
particleDestroy,21,9,0.006919626
ScatterPIFNUFFT,21,0,2.051476122
ScatterPIFNUFFT,21,1,0.001259283
ScatterPIFNUFFT,21,2,2.056080537
ScatterPIFNUFFT,21,3,0.001265786
ScatterPIFNUFFT,21,4,2.055105346
ScatterPIFNUFFT,21,5,0.001257931
ScatterPIFNUFFT,21,6,2.049090544
ScatterPIFNUFFT,21,7,0.001263271
ScatterPIFNUFFT,21,8,2.052024295
ScatterPIFNUFFT,21,9,0.001380409
ScatterPIFNUFFT,21,10,2.051804961
ScatterPIFNUFFT,21,11,0.001343136
ScatterPIFNUFFT,21,12,2.051699166
ScatterPIFNUFFT,21,13,0.001265726
ScatterPIFNUFFT,21,14,2.048089131
ScatterPIFNUFFT,21,15,0.001265866
ScatterPIFNUFFT,21,16,2.055076502
ScatterPIFNUFFT,21,17,0.001269393
ScatterPIFNUFFT,21,18,2.053760229
ScatterPIFNUFFT,21,19,0.00126263
NativeNUFFT1,21,0,2.049746977
NativeNUFFT1,21,1,2.054353595
NativeNUFFT1,21,2,2.053376521
NativeNUFFT1,21,3,2.047362421
NativeNUFFT1,21,4,2.050300661
NativeNUFFT1,21,5,2.050090584
NativeNUFFT1,21,6,2.049973417
NativeNUFFT1,21,7,2.046348404
NativeNUFFT1,21,8,2.053350534
NativeNUFFT1,21,9,2.052019162
scatterTimerNUFFT1,21,0,1.915313301
scatterTimerNUFFT1,21,1,1.916927042
scatterTimerNUFFT1,21,2,1.919325546
scatterTimerNUFFT1,21,3,1.916928815
scatterTimerNUFFT1,21,4,1.915536161
scatterTimerNUFFT1,21,5,1.916335815
scatterTimerNUFFT1,21,6,1.913227753
scatterTimerNUFFT1,21,7,1.916434686
scatterTimerNUFFT1,21,8,1.9162798
scatterTimerNUFFT1,21,9,1.91680299
binSort,21,0,0.006535271
binSort,21,1,0.006842276
binSort,21,2,0.006528106
binSort,21,3,0.006548546
binSort,21,4,0.006516092
binSort,21,5,0.006580158
binSort,21,6,0.006527235
binSort,21,7,0.006562143
binSort,21,8,0.006522565
binSort,21,9,0.006594545
binComputeKeys,21,0,0.000481103
binComputeKeys,21,1,0.000485592
binComputeKeys,21,2,0.000483578
binComputeKeys,21,3,0.000483207
binComputeKeys,21,4,0.000479851
binComputeKeys,21,5,0.00047949
binComputeKeys,21,6,0.000485072
binComputeKeys,21,7,0.000483999
binComputeKeys,21,8,0.000481034
binComputeKeys,21,9,0.000487255
binSortByKey,21,0,0.005856553
binSortByKey,21,1,0.006155874
binSortByKey,21,2,0.005845913
binSortByKey,21,3,0.005874448
binSortByKey,21,4,0.005835712
binSortByKey,21,5,0.005907853
binSortByKey,21,6,0.005844039
binSortByKey,21,7,0.005880068
binSortByKey,21,8,0.005842706
binSortByKey,21,9,0.005913634
binComputeOffsets,21,0,0.000194818
binComputeOffsets,21,1,0.000197945
binComputeOffsets,21,2,0.00019573
binComputeOffsets,21,3,0.000187965
binComputeOffsets,21,4,0.000197282
binComputeOffsets,21,5,0.000189668
binComputeOffsets,21,6,0.000195048
binComputeOffsets,21,7,0.000195018
binComputeOffsets,21,8,0.000194727
binComputeOffsets,21,9,0.000190279
FFTNUFFT1,21,0,0.134126641
FFTNUFFT1,21,1,0.137112664
FFTNUFFT1,21,2,0.133742377
FFTNUFFT1,21,3,0.130120989
FFTNUFFT1,21,4,0.134446212
FFTNUFFT1,21,5,0.133438065
FFTNUFFT1,21,6,0.136430962
FFTNUFFT1,21,7,0.129604107
FFTNUFFT1,21,8,0.136758087
FFTNUFFT1,21,9,0.134902562
deconvolutionNUFFT1,21,0,0.00030368
deconvolutionNUFFT1,21,1,0.000310232
deconvolutionNUFFT1,21,2,0.000305372
deconvolutionNUFFT1,21,3,0.00030926
deconvolutionNUFFT1,21,4,0.000314521
deconvolutionNUFFT1,21,5,0.000313448
deconvolutionNUFFT1,21,6,0.000311253
deconvolutionNUFFT1,21,7,0.000305863
deconvolutionNUFFT1,21,8,0.000308529
deconvolutionNUFFT1,21,9,0.000310272
GatherPIFNUFFT,21,0,4.020406415
GatherPIFNUFFT,21,1,4.008072132
GatherPIFNUFFT,21,2,4.00958556
GatherPIFNUFFT,21,3,4.011634615
GatherPIFNUFFT,21,4,3.999295693
GatherPIFNUFFT,21,5,3.995066989
GatherPIFNUFFT,21,6,3.980678221
GatherPIFNUFFT,21,7,3.976936908
GatherPIFNUFFT,21,8,3.962532251
GatherPIFNUFFT,21,9,3.957902506
NativeNUFFT2,21,0,1.179508312
NativeNUFFT2,21,1,1.414708583
NativeNUFFT2,21,2,1.416506712
NativeNUFFT2,21,3,1.172620758
NativeNUFFT2,21,4,1.413311153
NativeNUFFT2,21,5,1.412447646
NativeNUFFT2,21,6,1.176256152
NativeNUFFT2,21,7,1.411467264
NativeNUFFT2,21,8,1.412144939
NativeNUFFT2,21,9,1.184373612
NativeNUFFT2,21,10,1.408431374
NativeNUFFT2,21,11,1.409158735
NativeNUFFT2,21,12,1.174212086
NativeNUFFT2,21,13,1.411498344
NativeNUFFT2,21,14,1.40387329
NativeNUFFT2,21,15,1.17232775
NativeNUFFT2,21,16,1.405336308
NativeNUFFT2,21,17,1.40774391
NativeNUFFT2,21,18,1.168623613
NativeNUFFT2,21,19,1.404616401
NativeNUFFT2,21,20,1.397840295
NativeNUFFT2,21,21,1.169542574
NativeNUFFT2,21,22,1.398215181
NativeNUFFT2,21,23,1.399487728
NativeNUFFT2,21,24,1.162705081
NativeNUFFT2,21,25,1.393833109
NativeNUFFT2,21,26,1.396408542
NativeNUFFT2,21,27,1.16050018
NativeNUFFT2,21,28,1.393048635
NativeNUFFT2,21,29,1.394716732
PrecorrectionNUFFT2,21,0,0.000578933
PrecorrectionNUFFT2,21,1,0.000559706
PrecorrectionNUFFT2,21,2,0.000563924
PrecorrectionNUFFT2,21,3,0.000575436
PrecorrectionNUFFT2,21,4,0.000573062
PrecorrectionNUFFT2,21,5,0.000570607
PrecorrectionNUFFT2,21,6,0.000572561
PrecorrectionNUFFT2,21,7,0.00056684
PrecorrectionNUFFT2,21,8,0.000563484
PrecorrectionNUFFT2,21,9,0.000577761
PrecorrectionNUFFT2,21,10,0.000567651
PrecorrectionNUFFT2,21,11,0.000558985
PrecorrectionNUFFT2,21,12,0.000571649
PrecorrectionNUFFT2,21,13,0.000565537
PrecorrectionNUFFT2,21,14,0.000555117
PrecorrectionNUFFT2,21,15,0.000573763
PrecorrectionNUFFT2,21,16,0.00056663
PrecorrectionNUFFT2,21,17,0.000566098
PrecorrectionNUFFT2,21,18,0.000554526
PrecorrectionNUFFT2,21,19,0.000544036
PrecorrectionNUFFT2,21,20,0.000545017
PrecorrectionNUFFT2,21,21,0.000576218
PrecorrectionNUFFT2,21,22,0.000563443
PrecorrectionNUFFT2,21,23,0.000567471
PrecorrectionNUFFT2,21,24,0.000553253
PrecorrectionNUFFT2,21,25,0.000547132
PrecorrectionNUFFT2,21,26,0.000554246
PrecorrectionNUFFT2,21,27,0.000559445
PrecorrectionNUFFT2,21,28,0.000547572
PrecorrectionNUFFT2,21,29,0.00055126
FFTNUFFT2,21,0,0.132994044
FFTNUFFT2,21,1,0.367312654
FFTNUFFT2,21,2,0.368593701
FFTNUFFT2,21,3,0.119034048
FFTNUFFT2,21,4,0.364307635
FFTNUFFT2,21,5,0.365891167
FFTNUFFT2,21,6,0.130222887
FFTNUFFT2,21,7,0.366827543
FFTNUFFT2,21,8,0.365727238
FFTNUFFT2,21,9,0.142056898
FFTNUFFT2,21,10,0.363636162
FFTNUFFT2,21,11,0.363151232
FFTNUFFT2,21,12,0.127099847
FFTNUFFT2,21,13,0.366191519
FFTNUFFT2,21,14,0.35986788
FFTNUFFT2,21,15,0.131006999
FFTNUFFT2,21,16,0.367007332
FFTNUFFT2,21,17,0.363564111
FFTNUFFT2,21,18,0.130577095
FFTNUFFT2,21,19,0.367199124
FFTNUFFT2,21,20,0.359379732
FFTNUFFT2,21,21,0.1376668
FFTNUFFT2,21,22,0.359281643
FFTNUFFT2,21,23,0.363782365
FFTNUFFT2,21,24,0.129226105
FFTNUFFT2,21,25,0.359364292
FFTNUFFT2,21,26,0.364194047
FFTNUFFT2,21,27,0.131304481
FFTNUFFT2,21,28,0.359795033
FFTNUFFT2,21,29,0.365914397
GatherNUFFT2,21,0,1.04592809
GatherNUFFT2,21,1,1.04682915
GatherNUFFT2,21,2,1.047342144
GatherNUFFT2,21,3,1.053004791
GatherNUFFT2,21,4,1.048423863
GatherNUFFT2,21,5,1.04597942
GatherNUFFT2,21,6,1.045454
GatherNUFFT2,21,7,1.044065928
GatherNUFFT2,21,8,1.045846101
GatherNUFFT2,21,9,1.041731658
GatherNUFFT2,21,10,1.044220617
GatherNUFFT2,21,11,1.045440845
GatherNUFFT2,21,12,1.04653068
GatherNUFFT2,21,13,1.044734344
GatherNUFFT2,21,14,1.043443249
GatherNUFFT2,21,15,1.040740245
GatherNUFFT2,21,16,1.03775367
GatherNUFFT2,21,17,1.043607027
GatherNUFFT2,21,18,1.037485309
GatherNUFFT2,21,19,1.036866268
GatherNUFFT2,21,20,1.037909062
GatherNUFFT2,21,21,1.031292363
GatherNUFFT2,21,22,1.038363613
GatherNUFFT2,21,23,1.035130698
GatherNUFFT2,21,24,1.032918349
GatherNUFFT2,21,25,1.03391382
GatherNUFFT2,21,26,1.031653055
GatherNUFFT2,21,27,1.028629469
GatherNUFFT2,21,28,1.032698895
GatherNUFFT2,21,29,1.02824292
mainTimer,22,0,63.09501405
dumpData,22,0,0.100057419
dumpData,22,1,0.100298385
dumpData,22,2,0.095374092
dumpData,22,3,0.103444379
dumpData,22,4,0.096487691
dumpData,22,5,0.099056396
dumpData,22,6,0.094092144
dumpData,22,7,0.096785099
dumpData,22,8,0.094014097
dumpData,22,9,0.094695578
kick,22,0,0.001118209
kick,22,1,0.001166073
kick,22,2,0.001112248
kick,22,3,0.00117996
kick,22,4,0.001108271
kick,22,5,0.00116965
kick,22,6,0.001115284
kick,22,7,0.001171554
kick,22,8,0.001128199
kick,22,9,0.001158728
kick,22,10,0.001112629
kick,22,11,0.001139932
kick,22,12,0.001119632
kick,22,13,0.001148729
kick,22,14,0.001119703
kick,22,15,0.001164099
kick,22,16,0.001123089
kick,22,17,0.001183626
kick,22,18,0.001121015
kick,22,19,0.001167896
drift,22,0,0.001101908
drift,22,1,0.001089955
drift,22,2,0.001105915
drift,22,3,0.001091528
drift,22,4,0.001090075
drift,22,5,0.001096467
drift,22,6,0.001097339
drift,22,7,0.001088612
drift,22,8,0.001113751
drift,22,9,0.001094884
particleBC,22,0,0.003199487
particleBC,22,1,0.003209927
particleBC,22,2,0.003196261
particleBC,22,3,0.00322673
particleBC,22,4,0.003195591
particleBC,22,5,0.003181793
particleBC,22,6,0.00319542
particleBC,22,7,0.003236821
particleBC,22,8,0.003196282
particleBC,22,9,0.003188126
updateParticle,22,0,0.018228769
updateParticle,22,1,0.017201355
updateParticle,22,2,0.017150207
updateParticle,22,3,0.017274588
updateParticle,22,4,0.017970658
updateParticle,22,5,0.016674442
updateParticle,22,6,0.018552366
updateParticle,22,7,0.016324464
updateParticle,22,8,0.016396674
updateParticle,22,9,0.016615168
locateParticles,22,0,0.004338257
locateParticles,22,1,0.004356482
locateParticles,22,2,0.00437083
locateParticles,22,3,0.004398564
locateParticles,22,4,0.004372324
locateParticles,22,5,0.00453556
locateParticles,22,6,0.00434474
locateParticles,22,7,0.004380159
locateParticles,22,8,0.004386381
locateParticles,22,9,0.004363957
sendPreprocess,22,0,0.000948019
sendPreprocess,22,1,0.00092234
sendPreprocess,22,2,0.001101557
sendPreprocess,22,3,0.000811214
sendPreprocess,22,4,0.00085571
sendPreprocess,22,5,0.000744003
sendPreprocess,22,6,0.00093285
sendPreprocess,22,7,0.000905938
sendPreprocess,22,8,0.000903774
sendPreprocess,22,9,0.000984911
particleSend,22,0,0.001663808
particleSend,22,1,0.001665462
particleSend,22,2,0.001675461
particleSend,22,3,0.001678497
particleSend,22,4,0.001683387
particleSend,22,5,0.001729676
particleSend,22,6,0.001663187
particleSend,22,7,0.001666333
particleSend,22,8,0.001724066
particleSend,22,9,0.001719025
particleRecv,22,0,5.3154e-05
particleRecv,22,1,4.9066e-05
particleRecv,22,2,6.4345e-05
particleRecv,22,3,5.0047e-05
particleRecv,22,4,5.7612e-05
particleRecv,22,5,5.2541e-05
particleRecv,22,6,5.158e-05
particleRecv,22,7,5.4105e-05
particleRecv,22,8,5.3855e-05
particleRecv,22,9,4.9876e-05
particleDestroy,22,0,0.007987328
particleDestroy,22,1,0.00798312
particleDestroy,22,2,0.008017997
particleDestroy,22,3,0.008027255
particleDestroy,22,4,0.008017506
particleDestroy,22,5,0.0079891
particleDestroy,22,6,0.007975554
particleDestroy,22,7,0.008002137
particleDestroy,22,8,0.007992868
particleDestroy,22,9,0.007946298
ScatterPIFNUFFT,22,0,2.05343866
ScatterPIFNUFFT,22,1,0.001264002
ScatterPIFNUFFT,22,2,2.050410675
ScatterPIFNUFFT,22,3,0.001265546
ScatterPIFNUFFT,22,4,2.058324872
ScatterPIFNUFFT,22,5,0.001263662
ScatterPIFNUFFT,22,6,2.044690988
ScatterPIFNUFFT,22,7,0.001254875
ScatterPIFNUFFT,22,8,2.042842631
ScatterPIFNUFFT,22,9,0.001265946
ScatterPIFNUFFT,22,10,2.055933982
ScatterPIFNUFFT,22,11,0.001258111
ScatterPIFNUFFT,22,12,2.047750263
ScatterPIFNUFFT,22,13,0.001266076
ScatterPIFNUFFT,22,14,2.05356208
ScatterPIFNUFFT,22,15,0.001261768
ScatterPIFNUFFT,22,16,2.051206703
ScatterPIFNUFFT,22,17,0.00126269
ScatterPIFNUFFT,22,18,2.047747843
ScatterPIFNUFFT,22,19,0.001259554
NativeNUFFT1,22,0,2.051546218
NativeNUFFT1,22,1,2.048492283
NativeNUFFT1,22,2,2.056415066
NativeNUFFT1,22,3,2.042753459
NativeNUFFT1,22,4,2.040927915
NativeNUFFT1,22,5,2.054017874
NativeNUFFT1,22,6,2.045848633
NativeNUFFT1,22,7,2.051640501
NativeNUFFT1,22,8,2.049300325
NativeNUFFT1,22,9,2.045835363
scatterTimerNUFFT1,22,0,1.91531824
scatterTimerNUFFT1,22,1,1.915984232
scatterTimerNUFFT1,22,2,1.917720481
scatterTimerNUFFT1,22,3,1.918047997
scatterTimerNUFFT1,22,4,1.915271397
scatterTimerNUFFT1,22,5,1.918317088
scatterTimerNUFFT1,22,6,1.915728807
scatterTimerNUFFT1,22,7,1.916362967
scatterTimerNUFFT1,22,8,1.917636472
scatterTimerNUFFT1,22,9,1.917418535
binSort,22,0,0.007407122
binSort,22,1,0.007380911
binSort,22,2,0.00740596
binSort,22,3,0.007396862
binSort,22,4,0.007423774
binSort,22,5,0.007413203
binSort,22,6,0.007388776
binSort,22,7,0.007405168
binSort,22,8,0.007399056
binSort,22,9,0.007412001
binComputeKeys,22,0,0.000567331
binComputeKeys,22,1,0.00056155
binComputeKeys,22,2,0.000563092
binComputeKeys,22,3,0.000566319
binComputeKeys,22,4,0.000563534
binComputeKeys,22,5,0.000565468
binComputeKeys,22,6,0.000558634
binComputeKeys,22,7,0.000563493
binComputeKeys,22,8,0.000570577
binComputeKeys,22,9,0.000566619
binSortByKey,22,0,0.006621959
binSortByKey,22,1,0.006601589
binSortByKey,22,2,0.006625996
binSortByKey,22,3,0.006615076
binSortByKey,22,4,0.006641596
binSortByKey,22,5,0.006631818
binSortByKey,22,6,0.006614664
binSortByKey,22,7,0.006626948
binSortByKey,22,8,0.00661245
binSortByKey,22,9,0.00662778
binComputeOffsets,22,0,0.000215037
binComputeOffsets,22,1,0.000214516
binComputeOffsets,22,2,0.000213694
binComputeOffsets,22,3,0.000212242
binComputeOffsets,22,4,0.000214997
binComputeOffsets,22,5,0.000212753
binComputeOffsets,22,6,0.000212302
binComputeOffsets,22,7,0.0002115
binComputeOffsets,22,8,0.000211791
binComputeOffsets,22,9,0.000214156
FFTNUFFT1,22,0,0.135912787
FFTNUFFT1,22,1,0.13219883
FFTNUFFT1,22,2,0.138375245
FFTNUFFT1,22,3,0.124388236
FFTNUFFT1,22,4,0.125344482
FFTNUFFT1,22,5,0.135385073
FFTNUFFT1,22,6,0.12980159
FFTNUFFT1,22,7,0.134957694
FFTNUFFT1,22,8,0.131354663
FFTNUFFT1,22,9,0.128101025
deconvolutionNUFFT1,22,0,0.000311865
deconvolutionNUFFT1,22,1,0.000305142
deconvolutionNUFFT1,22,2,0.000315713
deconvolutionNUFFT1,22,3,0.000313779
deconvolutionNUFFT1,22,4,0.000308008
deconvolutionNUFFT1,22,5,0.000312196
deconvolutionNUFFT1,22,6,0.00031437
deconvolutionNUFFT1,22,7,0.000316204
deconvolutionNUFFT1,22,8,0.000304861
deconvolutionNUFFT1,22,9,0.000312316
GatherPIFNUFFT,22,0,4.161143632
GatherPIFNUFFT,22,1,4.153124783
GatherPIFNUFFT,22,2,4.150237101
GatherPIFNUFFT,22,3,4.152108702
GatherPIFNUFFT,22,4,4.149495952
GatherPIFNUFFT,22,5,4.130393419
GatherPIFNUFFT,22,6,4.125887315
GatherPIFNUFFT,22,7,4.113087066
GatherPIFNUFFT,22,8,4.106642469
GatherPIFNUFFT,22,9,4.10629282
NativeNUFFT2,22,0,1.320140555
NativeNUFFT2,22,1,1.415978809
NativeNUFFT2,22,2,1.414529315
NativeNUFFT2,22,3,1.320150014
NativeNUFFT2,22,4,1.413873643
NativeNUFFT2,22,5,1.408427315
NativeNUFFT2,22,6,1.315538417
NativeNUFFT2,22,7,1.411464099
NativeNUFFT2,22,8,1.412652494
NativeNUFFT2,22,9,1.327309556
NativeNUFFT2,22,10,1.411890316
NativeNUFFT2,22,11,1.402336508
NativeNUFFT2,22,12,1.317730269
NativeNUFFT2,22,13,1.416184496
NativeNUFFT2,22,14,1.405105542
NativeNUFFT2,22,15,1.305410035
NativeNUFFT2,22,16,1.409086835
NativeNUFFT2,22,17,1.405288196
NativeNUFFT2,22,18,1.312116587
NativeNUFFT2,22,19,1.405035184
NativeNUFFT2,22,20,1.397968263
NativeNUFFT2,22,21,1.298213008
NativeNUFFT2,22,22,1.399983471
NativeNUFFT2,22,23,1.404369873
NativeNUFFT2,22,24,1.305580007
NativeNUFFT2,22,25,1.389795244
NativeNUFFT2,22,26,1.400770432
NativeNUFFT2,22,27,1.304379721
NativeNUFFT2,22,28,1.391534496
NativeNUFFT2,22,29,1.399862316
PrecorrectionNUFFT2,22,0,0.000564926
PrecorrectionNUFFT2,22,1,0.000550689
PrecorrectionNUFFT2,22,2,0.000548334
PrecorrectionNUFFT2,22,3,0.000569274
PrecorrectionNUFFT2,22,4,0.000551891
PrecorrectionNUFFT2,22,5,0.00054648
PrecorrectionNUFFT2,22,6,0.000586568
PrecorrectionNUFFT2,22,7,0.000570567
PrecorrectionNUFFT2,22,8,0.000560628
PrecorrectionNUFFT2,22,9,0.000579555
PrecorrectionNUFFT2,22,10,0.00056173
PrecorrectionNUFFT2,22,11,0.000569214
PrecorrectionNUFFT2,22,12,0.000569425
PrecorrectionNUFFT2,22,13,0.000542823
PrecorrectionNUFFT2,22,14,0.000548354
PrecorrectionNUFFT2,22,15,0.000574915
PrecorrectionNUFFT2,22,16,0.000565918
PrecorrectionNUFFT2,22,17,0.000569395
PrecorrectionNUFFT2,22,18,0.000585456
PrecorrectionNUFFT2,22,19,0.000767399
PrecorrectionNUFFT2,22,20,0.000561159
PrecorrectionNUFFT2,22,21,0.000562351
PrecorrectionNUFFT2,22,22,0.000551099
PrecorrectionNUFFT2,22,23,0.000548565
PrecorrectionNUFFT2,22,24,0.000567391
PrecorrectionNUFFT2,22,25,0.000545748
PrecorrectionNUFFT2,22,26,0.000548114
PrecorrectionNUFFT2,22,27,0.000565548
PrecorrectionNUFFT2,22,28,0.000548154
PrecorrectionNUFFT2,22,29,0.000743934
FFTNUFFT2,22,0,0.126337128
FFTNUFFT2,22,1,0.220984369
FFTNUFFT2,22,2,0.221519688
FFTNUFFT2,22,3,0.130851737
FFTNUFFT2,22,4,0.219696921
FFTNUFFT2,22,5,0.216252858
FFTNUFFT2,22,6,0.124232474
FFTNUFFT2,22,7,0.219275964
FFTNUFFT2,22,8,0.219188313
FFTNUFFT2,22,9,0.138004926
FFTNUFFT2,22,10,0.219603119
FFTNUFFT2,22,11,0.218809519
FFTNUFFT2,22,12,0.130762123
FFTNUFFT2,22,13,0.226793801
FFTNUFFT2,22,14,0.217421225
FFTNUFFT2,22,15,0.133223139
FFTNUFFT2,22,16,0.224259834
FFTNUFFT2,22,17,0.216797436
FFTNUFFT2,22,18,0.137209514
FFTNUFFT2,22,19,0.221854828
FFTNUFFT2,22,20,0.216045176
FFTNUFFT2,22,21,0.125700742
FFTNUFFT2,22,22,0.22180951
FFTNUFFT2,22,23,0.221927781
FFTNUFFT2,22,24,0.133195436
FFTNUFFT2,22,25,0.215297796
FFTNUFFT2,22,26,0.221757642
FFTNUFFT2,22,27,0.130270424
FFTNUFFT2,22,28,0.216982964
FFTNUFFT2,22,29,0.219210165
GatherNUFFT2,22,0,1.193229354
GatherNUFFT2,22,1,1.194435004
GatherNUFFT2,22,2,1.192452957
GatherNUFFT2,22,3,1.188721728
GatherNUFFT2,22,4,1.193616035
GatherNUFFT2,22,5,1.19161916
GatherNUFFT2,22,6,1.190711609
GatherNUFFT2,22,7,1.191609722
GatherNUFFT2,22,8,1.192894876
GatherNUFFT2,22,9,1.188717
GatherNUFFT2,22,10,1.191715046
GatherNUFFT2,22,11,1.182948846
GatherNUFFT2,22,12,1.186390865
GatherNUFFT2,22,13,1.188839056
GatherNUFFT2,22,14,1.187118018
GatherNUFFT2,22,15,1.171604065
GatherNUFFT2,22,16,1.184251976
GatherNUFFT2,22,17,1.1879134
GatherNUFFT2,22,18,1.174313832
GatherNUFFT2,22,19,1.182405292
GatherNUFFT2,22,20,1.181353973
GatherNUFFT2,22,21,1.171941167
GatherNUFFT2,22,22,1.177614996
GatherNUFFT2,22,23,1.181886154
GatherNUFFT2,22,24,1.171809474
GatherNUFFT2,22,25,1.173943544
GatherNUFFT2,22,26,1.178456881
GatherNUFFT2,22,27,1.173535432
GatherNUFFT2,22,28,1.173995745
GatherNUFFT2,22,29,1.179900443
mainTimer,23,0,63.095016655
dumpData,23,0,0.169750131
dumpData,23,1,0.168645777
dumpData,23,2,0.162452161
dumpData,23,3,0.178023944
dumpData,23,4,0.167689613
dumpData,23,5,0.176339084
dumpData,23,6,0.165632731
dumpData,23,7,0.174662282
dumpData,23,8,0.158608991
dumpData,23,9,0.163988559
kick,23,0,0.001040719
kick,23,1,0.0010822
kick,23,2,0.001039568
kick,23,3,0.001083793
kick,23,4,0.001051089
kick,23,5,0.001083582
kick,23,6,0.001042764
kick,23,7,0.00108744
kick,23,8,0.001047463
kick,23,9,0.00109261
kick,23,10,0.001045639
kick,23,11,0.001100355
kick,23,12,0.001045038
kick,23,13,0.001096798
kick,23,14,0.001029989
kick,23,15,0.001095325
kick,23,16,0.001034998
kick,23,17,0.001078512
kick,23,18,0.001042452
kick,23,19,0.001095585
drift,23,0,0.001001853
drift,23,1,0.001023446
drift,23,2,0.001008266
drift,23,3,0.001011773
drift,23,4,0.001030189
drift,23,5,0.001005882
drift,23,6,0.001007374
drift,23,7,0.001008416
drift,23,8,0.001025409
drift,23,9,0.001023536
particleBC,23,0,0.002986834
particleBC,23,1,0.002995292
particleBC,23,2,0.002975333
particleBC,23,3,0.002988538
particleBC,23,4,0.002965063
particleBC,23,5,0.002974431
particleBC,23,6,0.002999781
particleBC,23,7,0.002999049
particleBC,23,8,0.002993559
particleBC,23,9,0.002974692
updateParticle,23,0,0.017432514
updateParticle,23,1,0.017404449
updateParticle,23,2,0.017430921
updateParticle,23,3,0.017594999
updateParticle,23,4,0.018155097
updateParticle,23,5,0.017000295
updateParticle,23,6,0.018872607
updateParticle,23,7,0.016692438
updateParticle,23,8,0.016679792
updateParticle,23,9,0.016979826
locateParticles,23,0,0.004091799
locateParticles,23,1,0.004102349
locateParticles,23,2,0.004113341
locateParticles,23,3,0.004105646
locateParticles,23,4,0.004095877
locateParticles,23,5,0.004061821
locateParticles,23,6,0.00408156
locateParticles,23,7,0.004097671
locateParticles,23,8,0.004074697
locateParticles,23,9,0.004104003
sendPreprocess,23,0,0.001585046
sendPreprocess,23,1,0.001529738
sendPreprocess,23,2,0.001737511
sendPreprocess,23,3,0.001496895
sendPreprocess,23,4,0.001506193
sendPreprocess,23,5,0.001583743
sendPreprocess,23,6,0.001558704
sendPreprocess,23,7,0.00159791
sendPreprocess,23,8,0.001595185
sendPreprocess,23,9,0.001606968
particleSend,23,0,0.002623531
particleSend,23,1,0.001579485
particleSend,23,2,0.001574605
particleSend,23,3,0.001596238
particleSend,23,4,0.002560548
particleSend,23,5,0.001580817
particleSend,23,6,0.002669249
particleSend,23,7,0.001575436
particleSend,23,8,0.001596076
particleSend,23,9,0.001597078
particleRecv,23,0,5.2873e-05
particleRecv,23,1,4.9667e-05
particleRecv,23,2,4.5949e-05
particleRecv,23,3,5.1891e-05
particleRecv,23,4,4.7763e-05
particleRecv,23,5,4.9937e-05
particleRecv,23,6,5.6279e-05
particleRecv,23,7,5.2041e-05
particleRecv,23,8,5.2191e-05
particleRecv,23,9,6.1198e-05
particleDestroy,23,0,0.007537395
particleDestroy,23,1,0.007526474
particleDestroy,23,2,0.00751478
particleDestroy,23,3,0.007500363
particleDestroy,23,4,0.007484222
particleDestroy,23,5,0.007503027
particleDestroy,23,6,0.007535941
particleDestroy,23,7,0.007500003
particleDestroy,23,8,0.00749402
particleDestroy,23,9,0.007499191
ScatterPIFNUFFT,23,0,2.050741527
ScatterPIFNUFFT,23,1,0.001261077
ScatterPIFNUFFT,23,2,2.056369266
ScatterPIFNUFFT,23,3,0.001271598
ScatterPIFNUFFT,23,4,2.053918903
ScatterPIFNUFFT,23,5,0.001264193
ScatterPIFNUFFT,23,6,2.0506241
ScatterPIFNUFFT,23,7,0.001261037
ScatterPIFNUFFT,23,8,2.04872309
ScatterPIFNUFFT,23,9,0.00126269
ScatterPIFNUFFT,23,10,2.051180749
ScatterPIFNUFFT,23,11,0.001263672
ScatterPIFNUFFT,23,12,2.051808247
ScatterPIFNUFFT,23,13,0.00125744
ScatterPIFNUFFT,23,14,2.047732169
ScatterPIFNUFFT,23,15,0.001261468
ScatterPIFNUFFT,23,16,2.057081683
ScatterPIFNUFFT,23,17,0.001258211
ScatterPIFNUFFT,23,18,2.053356216
ScatterPIFNUFFT,23,19,0.001261167
NativeNUFFT1,23,0,2.048933219
NativeNUFFT1,23,1,2.054552702
NativeNUFFT1,23,2,2.052109903
NativeNUFFT1,23,3,2.048828556
NativeNUFFT1,23,4,2.046918539
NativeNUFFT1,23,5,2.04937707
NativeNUFFT1,23,6,2.050008996
NativeNUFFT1,23,7,2.045927948
NativeNUFFT1,23,8,2.05528192
NativeNUFFT1,23,9,2.05155459
scatterTimerNUFFT1,23,0,1.915461247
scatterTimerNUFFT1,23,1,1.915758394
scatterTimerNUFFT1,23,2,1.918170465
scatterTimerNUFFT1,23,3,1.916016535
scatterTimerNUFFT1,23,4,1.913713044
scatterTimerNUFFT1,23,5,1.916505894
scatterTimerNUFFT1,23,6,1.913742783
scatterTimerNUFFT1,23,7,1.915369298
scatterTimerNUFFT1,23,8,1.916163154
scatterTimerNUFFT1,23,9,1.915639343
binSort,23,0,0.006963461
binSort,23,1,0.006956267
binSort,23,2,0.006961357
binSort,23,3,0.006986005
binSort,23,4,0.007144491
binSort,23,5,0.006970535
binSort,23,6,0.006930708
binSort,23,7,0.006932311
binSort,23,8,0.006951498
binSort,23,9,0.006932722
binComputeKeys,23,0,0.000524588
binComputeKeys,23,1,0.000523415
binComputeKeys,23,2,0.000518085
binComputeKeys,23,3,0.000524107
binComputeKeys,23,4,0.000518245
binComputeKeys,23,5,0.000521332
binComputeKeys,23,6,0.000522995
binComputeKeys,23,7,0.000520129
binComputeKeys,23,8,0.000519097
binComputeKeys,23,9,0.00052075
binSortByKey,23,0,0.006228936
binSortByKey,23,1,0.006226271
binSortByKey,23,2,0.006236731
binSortByKey,23,3,0.006255086
binSortByKey,23,4,0.006256649
binSortByKey,23,5,0.006243374
binSortByKey,23,6,0.006201052
binSortByKey,23,7,0.006203566
binSortByKey,23,8,0.006223916
binSortByKey,23,9,0.006206282
binComputeOffsets,23,0,0.000207012
binComputeOffsets,23,1,0.000203054
binComputeOffsets,23,2,0.000203084
binComputeOffsets,23,3,0.000203505
binComputeOffsets,23,4,0.00036582
binComputeOffsets,23,5,0.000202473
binComputeOffsets,23,6,0.000203575
binComputeOffsets,23,7,0.000204977
binComputeOffsets,23,8,0.000203896
binComputeOffsets,23,9,0.000202352
FFTNUFFT1,23,0,0.133165646
FFTNUFFT1,23,1,0.138483926
FFTNUFFT1,23,2,0.133626302
FFTNUFFT1,23,3,0.132500466
FFTNUFFT1,23,4,0.132891335
FFTNUFFT1,23,5,0.132562076
FFTNUFFT1,23,6,0.135954868
FFTNUFFT1,23,7,0.130250341
FFTNUFFT1,23,8,0.138807453
FFTNUFFT1,23,9,0.135600386
deconvolutionNUFFT1,23,0,0.000302978
deconvolutionNUFFT1,23,1,0.000306665
deconvolutionNUFFT1,23,2,0.000309801
deconvolutionNUFFT1,23,3,0.000308118
deconvolutionNUFFT1,23,4,0.000310422
deconvolutionNUFFT1,23,5,0.000305412
deconvolutionNUFFT1,23,6,0.000307768
deconvolutionNUFFT1,23,7,0.000304791
deconvolutionNUFFT1,23,8,0.000307146
deconvolutionNUFFT1,23,9,0.000311174
GatherPIFNUFFT,23,0,4.095452504
GatherPIFNUFFT,23,1,4.07908719
GatherPIFNUFFT,23,2,4.087761171
GatherPIFNUFFT,23,3,4.071703554
GatherPIFNUFFT,23,4,4.072694646
GatherPIFNUFFT,23,5,4.057940721
GatherPIFNUFFT,23,6,4.050395641
GatherPIFNUFFT,23,7,4.041156301
GatherPIFNUFFT,23,8,4.03638045
GatherPIFNUFFT,23,9,4.031472905
NativeNUFFT2,23,0,1.25157008
NativeNUFFT2,23,1,1.411098429
NativeNUFFT2,23,2,1.422744095
NativeNUFFT2,23,3,1.243296487
NativeNUFFT2,23,4,1.411507202
NativeNUFFT2,23,5,1.414280161
NativeNUFFT2,23,6,1.241901602
NativeNUFFT2,23,7,1.424386181
NativeNUFFT2,23,8,1.411432176
NativeNUFFT2,23,9,1.254549211
NativeNUFFT2,23,10,1.396135597
NativeNUFFT2,23,11,1.410995038
NativeNUFFT2,23,12,1.240527895
NativeNUFFT2,23,13,1.40727483
NativeNUFFT2,23,14,1.414815632
NativeNUFFT2,23,15,1.235542252
NativeNUFFT2,23,16,1.42003628
NativeNUFFT2,23,17,1.392258244
NativeNUFFT2,23,18,1.244342026
NativeNUFFT2,23,19,1.404413497
NativeNUFFT2,23,20,1.391563376
NativeNUFFT2,23,21,1.24774148
NativeNUFFT2,23,22,1.381287918
NativeNUFFT2,23,23,1.402129054
NativeNUFFT2,23,24,1.224726228
NativeNUFFT2,23,25,1.39701841
NativeNUFFT2,23,26,1.404474816
NativeNUFFT2,23,27,1.234196844
NativeNUFFT2,23,28,1.394489622
NativeNUFFT2,23,29,1.39263889
PrecorrectionNUFFT2,23,0,0.000552852
PrecorrectionNUFFT2,23,1,0.000549547
PrecorrectionNUFFT2,23,2,0.000543785
PrecorrectionNUFFT2,23,3,0.000553674
PrecorrectionNUFFT2,23,4,0.000544546
PrecorrectionNUFFT2,23,5,0.000547202
PrecorrectionNUFFT2,23,6,0.000557281
PrecorrectionNUFFT2,23,7,0.000542613
PrecorrectionNUFFT2,23,8,0.000554616
PrecorrectionNUFFT2,23,9,0.000563633
PrecorrectionNUFFT2,23,10,0.000547452
PrecorrectionNUFFT2,23,11,0.00054634
PrecorrectionNUFFT2,23,12,0.000562541
PrecorrectionNUFFT2,23,13,0.000550418
PrecorrectionNUFFT2,23,14,0.000548725
PrecorrectionNUFFT2,23,15,0.000571469
PrecorrectionNUFFT2,23,16,0.00057172
PrecorrectionNUFFT2,23,17,0.000568564
PrecorrectionNUFFT2,23,18,0.000559034
PrecorrectionNUFFT2,23,19,0.000543895
PrecorrectionNUFFT2,23,20,0.000550718
PrecorrectionNUFFT2,23,21,0.00056173
PrecorrectionNUFFT2,23,22,0.000544917
PrecorrectionNUFFT2,23,23,0.000545659
PrecorrectionNUFFT2,23,24,0.000575306
PrecorrectionNUFFT2,23,25,0.000562681
PrecorrectionNUFFT2,23,26,0.000569255
PrecorrectionNUFFT2,23,27,0.000579154
PrecorrectionNUFFT2,23,28,0.000565999
PrecorrectionNUFFT2,23,29,0.000561229
FFTNUFFT2,23,0,0.134282403
FFTNUFFT2,23,1,0.296576207
FFTNUFFT2,23,2,0.303456497
FFTNUFFT2,23,3,0.127249438
FFTNUFFT2,23,4,0.297097479
FFTNUFFT2,23,5,0.293294309
FFTNUFFT2,23,6,0.129585831
FFTNUFFT2,23,7,0.300837185
FFTNUFFT2,23,8,0.287882649
FFTNUFFT2,23,9,0.13823382
FFTNUFFT2,23,10,0.290028362
FFTNUFFT2,23,11,0.306372395
FFTNUFFT2,23,12,0.131094899
FFTNUFFT2,23,13,0.302019699
FFTNUFFT2,23,14,0.303662165
FFTNUFFT2,23,15,0.133263307
FFTNUFFT2,23,16,0.303444995
FFTNUFFT2,23,17,0.288249942
FFTNUFFT2,23,18,0.128997631
FFTNUFFT2,23,19,0.289258929
FFTNUFFT2,23,20,0.283803054
FFTNUFFT2,23,21,0.139498845
FFTNUFFT2,23,22,0.281349003
FFTNUFFT2,23,23,0.304858177
FFTNUFFT2,23,24,0.131349064
FFTNUFFT2,23,25,0.295458168
FFTNUFFT2,23,26,0.292855771
FFTNUFFT2,23,27,0.130985232
FFTNUFFT2,23,28,0.292032464
FFTNUFFT2,23,29,0.291098661
GatherNUFFT2,23,0,1.11672776
GatherNUFFT2,23,1,1.113965301
GatherNUFFT2,23,2,1.118736257
GatherNUFFT2,23,3,1.115486232
GatherNUFFT2,23,4,1.113857442
GatherNUFFT2,23,5,1.120431587
GatherNUFFT2,23,6,1.111750873
GatherNUFFT2,23,7,1.122999259
GatherNUFFT2,23,8,1.122987326
GatherNUFFT2,23,9,1.115744824
GatherNUFFT2,23,10,1.10555329
GatherNUFFT2,23,11,1.104069149
GatherNUFFT2,23,12,1.10886291
GatherNUFFT2,23,13,1.104696918
GatherNUFFT2,23,14,1.110596815
GatherNUFFT2,23,15,1.101699902
GatherNUFFT2,23,16,1.11601063
GatherNUFFT2,23,17,1.103431112
GatherNUFFT2,23,18,1.114777746
GatherNUFFT2,23,19,1.114602928
GatherNUFFT2,23,20,1.1072024
GatherNUFFT2,23,21,1.10767287
GatherNUFFT2,23,22,1.099386202
GatherNUFFT2,23,23,1.096717754
GatherNUFFT2,23,24,1.092794123
GatherNUFFT2,23,25,1.100989464
GatherNUFFT2,23,26,1.111041343
GatherNUFFT2,23,27,1.102621306
GatherNUFFT2,23,28,1.101882703
GatherNUFFT2,23,29,1.100971385
mainTimer,24,0,63.095022809
dumpData,24,0,0.162162897
dumpData,24,1,0.159421075
dumpData,24,2,0.157681892
dumpData,24,3,0.162099923
dumpData,24,4,0.162270164
dumpData,24,5,0.171402674
dumpData,24,6,0.168258811
dumpData,24,7,0.170668427
dumpData,24,8,0.167761842
dumpData,24,9,0.164556702
kick,24,0,0.001031736
kick,24,1,0.001053549
kick,24,2,0.001024122
kick,24,3,0.001051154
kick,24,4,0.001015686
kick,24,5,0.001045012
kick,24,6,0.001030053
kick,24,7,0.001057877
kick,24,8,0.001019924
kick,24,9,0.001044681
kick,24,10,0.001039551
kick,24,11,0.001071474
kick,24,12,0.001030484
kick,24,13,0.001052758
kick,24,14,0.001021356
kick,24,15,0.001043619
kick,24,16,0.001021466
kick,24,17,0.001056223
kick,24,18,0.001016476
kick,24,19,0.001060974
drift,24,0,0.001004323
drift,24,1,0.000995646
drift,24,2,0.0010081
drift,24,3,0.001012048
drift,24,4,0.000997139
drift,24,5,0.001006647
drift,24,6,0.000995355
drift,24,7,0.001001728
drift,24,8,0.001004894
drift,24,9,0.001005095
particleBC,24,0,0.002976157
particleBC,24,1,0.00297683
particleBC,24,2,0.003017098
particleBC,24,3,0.002992419
particleBC,24,4,0.003006888
particleBC,24,5,0.002980136
particleBC,24,6,0.002975386
particleBC,24,7,0.002989785
particleBC,24,8,0.003022156
particleBC,24,9,0.002988652
updateParticle,24,0,0.018246585
updateParticle,24,1,0.017768013
updateParticle,24,2,0.018488986
updateParticle,24,3,0.019631758
updateParticle,24,4,0.016958229
updateParticle,24,5,0.01894401
updateParticle,24,6,0.017789565
updateParticle,24,7,0.017346634
updateParticle,24,8,0.017132708
updateParticle,24,9,0.01701052
locateParticles,24,0,0.003806624
locateParticles,24,1,0.003810059
locateParticles,24,2,0.003796363
locateParticles,24,3,0.003786414
locateParticles,24,4,0.003803096
locateParticles,24,5,0.003805029
locateParticles,24,6,0.003820861
locateParticles,24,7,0.003987554
locateParticles,24,8,0.003796884
locateParticles,24,9,0.003790972
sendPreprocess,24,0,0.001886098
sendPreprocess,24,1,0.001875727
sendPreprocess,24,2,0.002047802
sendPreprocess,24,3,0.001819798
sendPreprocess,24,4,0.002007804
sendPreprocess,24,5,0.001835389
sendPreprocess,24,6,0.001859527
sendPreprocess,24,7,0.001729263
sendPreprocess,24,8,0.00187679
sendPreprocess,24,9,0.001947328
particleSend,24,0,0.001778158
particleSend,24,1,0.001724824
particleSend,24,2,0.002784224
particleSend,24,3,0.003619198
particleSend,24,4,0.001739142
particleSend,24,5,0.001731548
particleSend,24,6,0.001863774
particleSend,24,7,0.00177923
particleSend,24,8,0.00172819
particleSend,24,9,0.001744392
particleRecv,24,0,5.13e-05
particleRecv,24,1,5.8003e-05
particleRecv,24,2,5.148e-05
particleRecv,24,3,5.3274e-05
particleRecv,24,4,5.8995e-05
particleRecv,24,5,5.9566e-05
particleRecv,24,6,5.656e-05
particleRecv,24,7,5.7251e-05
particleRecv,24,8,5.679e-05
particleRecv,24,9,5.4676e-05
particleDestroy,24,0,0.006875802
particleDestroy,24,1,0.006890089
particleDestroy,24,2,0.006832537
particleDestroy,24,3,0.00684953
particleDestroy,24,4,0.006850652
particleDestroy,24,5,0.006846304
particleDestroy,24,6,0.00683924
particleDestroy,24,7,0.006822978
particleDestroy,24,8,0.006851374
particleDestroy,24,9,0.006837758
ScatterPIFNUFFT,24,0,2.046899627
ScatterPIFNUFFT,24,1,0.001259709
ScatterPIFNUFFT,24,2,2.048689474
ScatterPIFNUFFT,24,3,0.001266793
ScatterPIFNUFFT,24,4,2.053208938
ScatterPIFNUFFT,24,5,0.001257405
ScatterPIFNUFFT,24,6,2.05840197
ScatterPIFNUFFT,24,7,0.001261894
ScatterPIFNUFFT,24,8,2.05533175
ScatterPIFNUFFT,24,9,0.001263598
ScatterPIFNUFFT,24,10,2.050239006
ScatterPIFNUFFT,24,11,0.001265642
ScatterPIFNUFFT,24,12,2.048351726
ScatterPIFNUFFT,24,13,0.001265631
ScatterPIFNUFFT,24,14,2.047294259
ScatterPIFNUFFT,24,15,0.001267354
ScatterPIFNUFFT,24,16,2.053167611
ScatterPIFNUFFT,24,17,0.001261955
ScatterPIFNUFFT,24,18,2.050564954
ScatterPIFNUFFT,24,19,0.001262495
NativeNUFFT1,24,0,2.04508085
NativeNUFFT1,24,1,2.046873712
NativeNUFFT1,24,2,2.051402365
NativeNUFFT1,24,3,2.056578724
NativeNUFFT1,24,4,2.053492343
NativeNUFFT1,24,5,2.04843121
NativeNUFFT1,24,6,2.046525083
NativeNUFFT1,24,7,2.045469501
NativeNUFFT1,24,8,2.051334897
NativeNUFFT1,24,9,2.048753401
scatterTimerNUFFT1,24,0,1.916544538
scatterTimerNUFFT1,24,1,1.917698578
scatterTimerNUFFT1,24,2,1.919709424
scatterTimerNUFFT1,24,3,1.914417426
scatterTimerNUFFT1,24,4,1.916664266
scatterTimerNUFFT1,24,5,1.915542173
scatterTimerNUFFT1,24,6,1.915008054
scatterTimerNUFFT1,24,7,1.916365984
scatterTimerNUFFT1,24,8,1.916791744
scatterTimerNUFFT1,24,9,1.917172689
binSort,24,0,0.006973281
binSort,24,1,0.006982048
binSort,24,2,0.006975555
binSort,24,3,0.006962921
binSort,24,4,0.006996977
binSort,24,5,0.006979804
binSort,24,6,0.007001977
binSort,24,7,0.007109486
binSort,24,8,0.006998399
binSort,24,9,0.00700898
binComputeKeys,24,0,0.000527435
binComputeKeys,24,1,0.000528467
binComputeKeys,24,2,0.000525151
binComputeKeys,24,3,0.000522737
binComputeKeys,24,4,0.000523498
binComputeKeys,24,5,0.000524199
binComputeKeys,24,6,0.000524621
binComputeKeys,24,7,0.000524229
binComputeKeys,24,8,0.000525732
binComputeKeys,24,9,0.000522186
binSortByKey,24,0,0.00623778
binSortByKey,24,1,0.006243692
binSortByKey,24,2,0.006240867
binSortByKey,24,3,0.006231449
binSortByKey,24,4,0.0062631
binSortByKey,24,5,0.006245275
binSortByKey,24,6,0.006269112
binSortByKey,24,7,0.006270534
binSortByKey,24,8,0.006260404
binSortByKey,24,9,0.006276126
binComputeOffsets,24,0,0.000205179
binComputeOffsets,24,1,0.000206461
binComputeOffsets,24,2,0.000206241
binComputeOffsets,24,3,0.00020529
binComputeOffsets,24,4,0.000206632
binComputeOffsets,24,5,0.000207073
binComputeOffsets,24,6,0.000204849
binComputeOffsets,24,7,0.000311225
binComputeOffsets,24,8,0.000206822
binComputeOffsets,24,9,0.000207314
FFTNUFFT1,24,0,0.128215948
FFTNUFFT1,24,1,0.128862046
FFTNUFFT1,24,2,0.131380464
FFTNUFFT1,24,3,0.141842589
FFTNUFFT1,24,4,0.13651599
FFTNUFFT1,24,5,0.132567833
FFTNUFFT1,24,6,0.131202197
FFTNUFFT1,24,7,0.128794074
FFTNUFFT1,24,8,0.13422244
FFTNUFFT1,24,9,0.13127053
deconvolutionNUFFT1,24,0,0.000316305
deconvolutionNUFFT1,24,1,0.000308811
deconvolutionNUFFT1,24,2,0.000307528
deconvolutionNUFFT1,24,3,0.000314551
deconvolutionNUFFT1,24,4,0.000306797
deconvolutionNUFFT1,24,5,0.000317056
deconvolutionNUFFT1,24,6,0.000310724
deconvolutionNUFFT1,24,7,0.000305284
deconvolutionNUFFT1,24,8,0.000315092
deconvolutionNUFFT1,24,9,0.000306146
GatherPIFNUFFT,24,0,4.10609256
GatherPIFNUFFT,24,1,4.09571716
GatherPIFNUFFT,24,2,4.092229642
GatherPIFNUFFT,24,3,4.077827363
GatherPIFNUFFT,24,4,4.072940049
GatherPIFNUFFT,24,5,4.061894859
GatherPIFNUFFT,24,6,4.052371851
GatherPIFNUFFT,24,7,4.045000143
GatherPIFNUFFT,24,8,4.03064811
GatherPIFNUFFT,24,9,4.033720883
NativeNUFFT2,24,0,1.26155723
NativeNUFFT2,24,1,1.421446143
NativeNUFFT2,24,2,1.413072297
NativeNUFFT2,24,3,1.25958269
NativeNUFFT2,24,4,1.414991018
NativeNUFFT2,24,5,1.41102237
NativeNUFFT2,24,6,1.257861032
NativeNUFFT2,24,7,1.409115733
NativeNUFFT2,24,8,1.415224604
NativeNUFFT2,24,9,1.237587045
NativeNUFFT2,24,10,1.415025946
NativeNUFFT2,24,11,1.415112957
NativeNUFFT2,24,12,1.245876866
NativeNUFFT2,24,13,1.416548319
NativeNUFFT2,24,14,1.400454179
NativeNUFFT2,24,15,1.248428979
NativeNUFFT2,24,16,1.410232185
NativeNUFFT2,24,17,1.393209141
NativeNUFFT2,24,18,1.243747496
NativeNUFFT2,24,19,1.415347903
NativeNUFFT2,24,20,1.383137194
NativeNUFFT2,24,21,1.247723227
NativeNUFFT2,24,22,1.40155478
NativeNUFFT2,24,23,1.385551969
NativeNUFFT2,24,24,1.232724202
NativeNUFFT2,24,25,1.394338397
NativeNUFFT2,24,26,1.393558681
NativeNUFFT2,24,27,1.233258392
NativeNUFFT2,24,28,1.399885813
NativeNUFFT2,24,29,1.390528528
PrecorrectionNUFFT2,24,0,0.000573606
PrecorrectionNUFFT2,24,1,0.000548646
PrecorrectionNUFFT2,24,2,0.000552214
PrecorrectionNUFFT2,24,3,0.000578966
PrecorrectionNUFFT2,24,4,0.000564097
PrecorrectionNUFFT2,24,5,0.000573836
PrecorrectionNUFFT2,24,6,0.000566872
PrecorrectionNUFFT2,24,7,0.000554479
PrecorrectionNUFFT2,24,8,0.000555991
PrecorrectionNUFFT2,24,9,0.000583564
PrecorrectionNUFFT2,24,10,0.000568385
PrecorrectionNUFFT2,24,11,0.000570038
PrecorrectionNUFFT2,24,12,0.00056581
PrecorrectionNUFFT2,24,13,0.000550912
PrecorrectionNUFFT2,24,14,0.000556382
PrecorrectionNUFFT2,24,15,0.000578184
PrecorrectionNUFFT2,24,16,0.00054497
PrecorrectionNUFFT2,24,17,0.000554969
PrecorrectionNUFFT2,24,18,0.000585669
PrecorrectionNUFFT2,24,19,0.000573345
PrecorrectionNUFFT2,24,20,0.000573545
PrecorrectionNUFFT2,24,21,0.000585209
PrecorrectionNUFFT2,24,22,0.000569197
PrecorrectionNUFFT2,24,23,0.000570871
PrecorrectionNUFFT2,24,24,0.00057589
PrecorrectionNUFFT2,24,25,0.000552064
PrecorrectionNUFFT2,24,26,0.000553446
PrecorrectionNUFFT2,24,27,0.000568385
PrecorrectionNUFFT2,24,28,0.000557484
PrecorrectionNUFFT2,24,29,0.000551853
FFTNUFFT2,24,0,0.133892039
FFTNUFFT2,24,1,0.290639311
FFTNUFFT2,24,2,0.278608786
FFTNUFFT2,24,3,0.127542901
FFTNUFFT2,24,4,0.281147473
FFTNUFFT2,24,5,0.281248469
FFTNUFFT2,24,6,0.125820051
FFTNUFFT2,24,7,0.286421047
FFTNUFFT2,24,8,0.28624195
FFTNUFFT2,24,9,0.126297399
FFTNUFFT2,24,10,0.298540676
FFTNUFFT2,24,11,0.287073647
FFTNUFFT2,24,12,0.131297993
FFTNUFFT2,24,13,0.285922439
FFTNUFFT2,24,14,0.276522709
FFTNUFFT2,24,15,0.133516147
FFTNUFFT2,24,16,0.289564681
FFTNUFFT2,24,17,0.289596824
FFTNUFFT2,24,18,0.132279131
FFTNUFFT2,24,19,0.29352895
FFTNUFFT2,24,20,0.278512168
FFTNUFFT2,24,21,0.129736967
FFTNUFFT2,24,22,0.278621751
FFTNUFFT2,24,23,0.282409758
FFTNUFFT2,24,24,0.129130137
FFTNUFFT2,24,25,0.291035974
FFTNUFFT2,24,26,0.291105921
FFTNUFFT2,24,27,0.130072622
FFTNUFFT2,24,28,0.290536062
FFTNUFFT2,24,29,0.286144802
GatherNUFFT2,24,0,1.127082439
GatherNUFFT2,24,1,1.130249599
GatherNUFFT2,24,2,1.133903383
GatherNUFFT2,24,3,1.131451495
GatherNUFFT2,24,4,1.133271954
GatherNUFFT2,24,5,1.129191017
GatherNUFFT2,24,6,1.131464841
GatherNUFFT2,24,7,1.122131781
GatherNUFFT2,24,8,1.128418116
GatherNUFFT2,24,9,1.110697185
GatherNUFFT2,24,10,1.115907416
GatherNUFFT2,24,11,1.127459793
GatherNUFFT2,24,12,1.114003384
GatherNUFFT2,24,13,1.130066573
GatherNUFFT2,24,14,1.123366902
GatherNUFFT2,24,15,1.114324929
GatherNUFFT2,24,16,1.120111372
GatherNUFFT2,24,17,1.103048219
GatherNUFFT2,24,18,1.110873167
GatherNUFFT2,24,19,1.121236209
GatherNUFFT2,24,20,1.104042503
GatherNUFFT2,24,21,1.117391723
GatherNUFFT2,24,22,1.122355857
GatherNUFFT2,24,23,1.102562023
GatherNUFFT2,24,24,1.103008927
GatherNUFFT2,24,25,1.102741312
GatherNUFFT2,24,26,1.101890628
GatherNUFFT2,24,27,1.102608176
GatherNUFFT2,24,28,1.108784171
GatherNUFFT2,24,29,1.103823637
mainTimer,25,0,63.095020996
dumpData,25,0,0.111152397
dumpData,25,1,0.109631419
dumpData,25,2,0.109137087
dumpData,25,3,0.110846771
dumpData,25,4,0.10894867
dumpData,25,5,0.109531484
dumpData,25,6,0.104598151
dumpData,25,7,0.108640712
dumpData,25,8,0.10622306
dumpData,25,9,0.107417123
kick,25,0,0.00110054
kick,25,1,0.001132963
kick,25,2,0.001109227
kick,25,3,0.001127563
kick,25,4,0.00107993
kick,25,5,0.001138144
kick,25,6,0.00110021
kick,25,7,0.0011258
kick,25,8,0.001106361
kick,25,9,0.001145407
kick,25,10,0.001094719
kick,25,11,0.001134767
kick,25,12,0.001093487
kick,25,13,0.001135317
kick,25,14,0.001090771
kick,25,15,0.001125088
kick,25,16,0.001092575
kick,25,17,0.001147061
kick,25,18,0.001089749
kick,25,19,0.001118095
drift,25,0,0.001084639
drift,25,1,0.001212628
drift,25,2,0.001081583
drift,25,3,0.00106975
drift,25,4,0.001072084
drift,25,5,0.001075983
drift,25,6,0.001087805
drift,25,7,0.001084599
drift,25,8,0.001084439
drift,25,9,0.00106969
particleBC,25,0,0.003168602
particleBC,25,1,0.003210824
particleBC,25,2,0.003186947
particleBC,25,3,0.00317297
particleBC,25,4,0.003200694
particleBC,25,5,0.003182028
particleBC,25,6,0.003191746
particleBC,25,7,0.003216435
particleBC,25,8,0.003172369
particleBC,25,9,0.003166687
updateParticle,25,0,0.017715683
updateParticle,25,1,0.017245828
updateParticle,25,2,0.0181106
updateParticle,25,3,0.019269012
updateParticle,25,4,0.016749132
updateParticle,25,5,0.018513302
updateParticle,25,6,0.0175506
updateParticle,25,7,0.016919764
updateParticle,25,8,0.016710336
updateParticle,25,9,0.016736306
locateParticles,25,0,0.003970451
locateParticles,25,1,0.004010168
locateParticles,25,2,0.00400037
locateParticles,25,3,0.003992355
locateParticles,25,4,0.003982905
locateParticles,25,5,0.003998415
locateParticles,25,6,0.003998817
locateParticles,25,7,0.004098149
locateParticles,25,8,0.003987145
locateParticles,25,9,0.003998145
sendPreprocess,25,0,0.001381216
sendPreprocess,25,1,0.001140007
sendPreprocess,25,2,0.001536437
sendPreprocess,25,3,0.001306481
sendPreprocess,25,4,0.001473706
sendPreprocess,25,5,0.001316941
sendPreprocess,25,6,0.001309266
sendPreprocess,25,7,0.001241033
sendPreprocess,25,8,0.001385584
sendPreprocess,25,9,0.001426454
particleSend,25,0,0.001714705
particleSend,25,1,0.001710015
particleSend,25,2,0.002613202
particleSend,25,3,0.001705185
particleSend,25,4,0.001718272
particleSend,25,5,0.001711558
particleSend,25,6,0.001780101
particleSend,25,7,0.001735615
particleSend,25,8,0.00170188
particleSend,25,9,0.001712922
particleRecv,25,0,5.0959e-05
particleRecv,25,1,5.4336e-05
particleRecv,25,2,5.4325e-05
particleRecv,25,3,5.7151e-05
particleRecv,25,4,5.0648e-05
particleRecv,25,5,5.5668e-05
particleRecv,25,6,6.4736e-05
particleRecv,25,7,5.3695e-05
particleRecv,25,8,5.3925e-05
particleRecv,25,9,4.9617e-05
particleDestroy,25,0,0.0072708
particleDestroy,25,1,0.00732738
particleDestroy,25,2,0.007272272
particleDestroy,25,3,0.007316578
particleDestroy,25,4,0.007313072
particleDestroy,25,5,0.007293323
particleDestroy,25,6,0.007313703
particleDestroy,25,7,0.007321278
particleDestroy,25,8,0.007262994
particleDestroy,25,9,0.007299806
ScatterPIFNUFFT,25,0,2.052888854
ScatterPIFNUFFT,25,1,0.001256975
ScatterPIFNUFFT,25,2,2.05359888
ScatterPIFNUFFT,25,3,0.001259509
ScatterPIFNUFFT,25,4,2.052484249
ScatterPIFNUFFT,25,5,0.001266913
ScatterPIFNUFFT,25,6,2.052991658
ScatterPIFNUFFT,25,7,0.001260972
ScatterPIFNUFFT,25,8,2.05179876
ScatterPIFNUFFT,25,9,0.001266123
ScatterPIFNUFFT,25,10,2.049043702
ScatterPIFNUFFT,25,11,0.001265952
ScatterPIFNUFFT,25,12,2.053969531
ScatterPIFNUFFT,25,13,0.001265371
ScatterPIFNUFFT,25,14,2.053138694
ScatterPIFNUFFT,25,15,0.001259129
ScatterPIFNUFFT,25,16,2.05843257
ScatterPIFNUFFT,25,17,0.001263067
ScatterPIFNUFFT,25,18,2.055812339
ScatterPIFNUFFT,25,19,0.001264509
NativeNUFFT1,25,0,2.050899605
NativeNUFFT1,25,1,2.051705088
NativeNUFFT1,25,2,2.050581017
NativeNUFFT1,25,3,2.051091103
NativeNUFFT1,25,4,2.049903745
NativeNUFFT1,25,5,2.047152313
NativeNUFFT1,25,6,2.052069836
NativeNUFFT1,25,7,2.051246705
NativeNUFFT1,25,8,2.056534569
NativeNUFFT1,25,9,2.05391038
scatterTimerNUFFT1,25,0,1.914762062
scatterTimerNUFFT1,25,1,1.91559149
scatterTimerNUFFT1,25,2,1.917471192
scatterTimerNUFFT1,25,3,1.914599189
scatterTimerNUFFT1,25,4,1.915532155
scatterTimerNUFFT1,25,5,1.915154088
scatterTimerNUFFT1,25,6,1.915160781
scatterTimerNUFFT1,25,7,1.914735173
scatterTimerNUFFT1,25,8,1.916284096
scatterTimerNUFFT1,25,9,1.916148907
binSort,25,0,0.007374902
binSort,25,1,0.007372668
binSort,25,2,0.007343771
binSort,25,3,0.007372157
binSort,25,4,0.00737348
binSort,25,5,0.007339524
binSort,25,6,0.007367467
binSort,25,7,0.00740952
binSort,25,8,0.007393388
binSort,25,9,0.007421823
binComputeKeys,25,0,0.000551082
binComputeKeys,25,1,0.0005503
binComputeKeys,25,2,0.000549819
binComputeKeys,25,3,0.000545381
binComputeKeys,25,4,0.000545722
binComputeKeys,25,5,0.000552805
binComputeKeys,25,6,0.00055043
binComputeKeys,25,7,0.000546032
binComputeKeys,25,8,0.000547565
binComputeKeys,25,9,0.000557113
binSortByKey,25,0,0.006600697
binSortByKey,25,1,0.006601848
binSortByKey,25,2,0.006573504
binSortByKey,25,3,0.006606388
binSortByKey,25,4,0.00660737
binSortByKey,25,5,0.006568624
binSortByKey,25,6,0.0065973
binSortByKey,25,7,0.006645795
binSortByKey,25,8,0.006625114
binSortByKey,25,9,0.006646235
binComputeOffsets,25,0,0.000219647
binComputeOffsets,25,1,0.000216691
binComputeOffsets,25,2,0.000216642
binComputeOffsets,25,3,0.000216572
binComputeOffsets,25,4,0.00021617
binComputeOffsets,25,5,0.000214337
binComputeOffsets,25,6,0.00021603
binComputeOffsets,25,7,0.000213986
binComputeOffsets,25,8,0.000214958
binComputeOffsets,25,9,0.000214598
FFTNUFFT1,25,0,0.135825487
FFTNUFFT1,25,1,0.135803515
FFTNUFFT1,25,2,0.132797298
FFTNUFFT1,25,3,0.136171321
FFTNUFFT1,25,4,0.134057109
FFTNUFFT1,25,5,0.131687821
FFTNUFFT1,25,6,0.136594463
FFTNUFFT1,25,7,0.136200668
FFTNUFFT1,25,8,0.139941162
FFTNUFFT1,25,9,0.137452752
deconvolutionNUFFT1,25,0,0.000307909
deconvolutionNUFFT1,25,1,0.000306476
deconvolutionNUFFT1,25,2,0.00030848
deconvolutionNUFFT1,25,3,0.000316957
deconvolutionNUFFT1,25,4,0.000310294
deconvolutionNUFFT1,25,5,0.000306466
deconvolutionNUFFT1,25,6,0.000311035
deconvolutionNUFFT1,25,7,0.000307248
deconvolutionNUFFT1,25,8,0.000304202
deconvolutionNUFFT1,25,9,0.000304602
GatherPIFNUFFT,25,0,4.151224608
GatherPIFNUFFT,25,1,4.140497204
GatherPIFNUFFT,25,2,4.141415412
GatherPIFNUFFT,25,3,4.134462842
GatherPIFNUFFT,25,4,4.129361802
GatherPIFNUFFT,25,5,4.124989387
GatherPIFNUFFT,25,6,4.110201822
GatherPIFNUFFT,25,7,4.101157632
GatherPIFNUFFT,25,8,4.087004564
GatherPIFNUFFT,25,9,4.085515537
NativeNUFFT2,25,0,1.308825322
NativeNUFFT2,25,1,1.417644089
NativeNUFFT2,25,2,1.414254426
NativeNUFFT2,25,3,1.304610935
NativeNUFFT2,25,4,1.413695169
NativeNUFFT2,25,5,1.411681561
NativeNUFFT2,25,6,1.3085005
NativeNUFFT2,25,7,1.411773511
NativeNUFFT2,25,8,1.410689484
NativeNUFFT2,25,9,1.302019596
NativeNUFFT2,25,10,1.413780134
NativeNUFFT2,25,11,1.408144506
NativeNUFFT2,25,12,1.303940753
NativeNUFFT2,25,13,1.408413559
NativeNUFFT2,25,14,1.4066052
NativeNUFFT2,25,15,1.301078195
NativeNUFFT2,25,16,1.408633166
NativeNUFFT2,25,17,1.404847623
NativeNUFFT2,25,18,1.296442121
NativeNUFFT2,25,19,1.405070718
NativeNUFFT2,25,20,1.398239022
NativeNUFFT2,25,21,1.291264471
NativeNUFFT2,25,22,1.398627607
NativeNUFFT2,25,23,1.400813457
NativeNUFFT2,25,24,1.286073691
NativeNUFFT2,25,25,1.396901911
NativeNUFFT2,25,26,1.393602455
NativeNUFFT2,25,27,1.28459205
NativeNUFFT2,25,28,1.394940897
NativeNUFFT2,25,29,1.395570311
PrecorrectionNUFFT2,25,0,0.000570429
PrecorrectionNUFFT2,25,1,0.000564788
PrecorrectionNUFFT2,25,2,0.000577102
PrecorrectionNUFFT2,25,3,0.000577874
PrecorrectionNUFFT2,25,4,0.00056574
PrecorrectionNUFFT2,25,5,0.000568275
PrecorrectionNUFFT2,25,6,0.000559258
PrecorrectionNUFFT2,25,7,0.000551092
PrecorrectionNUFFT2,25,8,0.000549799
PrecorrectionNUFFT2,25,9,0.000573275
PrecorrectionNUFFT2,25,10,0.000569027
PrecorrectionNUFFT2,25,11,0.000571942
PrecorrectionNUFFT2,25,12,0.000559097
PrecorrectionNUFFT2,25,13,0.00071985
PrecorrectionNUFFT2,25,14,0.000551583
PrecorrectionNUFFT2,25,15,0.000556543
PrecorrectionNUFFT2,25,16,0.00055527
PrecorrectionNUFFT2,25,17,0.000546393
PrecorrectionNUFFT2,25,18,0.000559207
PrecorrectionNUFFT2,25,19,0.000551953
PrecorrectionNUFFT2,25,20,0.000552394
PrecorrectionNUFFT2,25,21,0.000581711
PrecorrectionNUFFT2,25,22,0.000568295
PrecorrectionNUFFT2,25,23,0.00055018
PrecorrectionNUFFT2,25,24,0.000552625
PrecorrectionNUFFT2,25,25,0.000551181
PrecorrectionNUFFT2,25,26,0.000546763
PrecorrectionNUFFT2,25,27,0.000551582
PrecorrectionNUFFT2,25,28,0.000551362
PrecorrectionNUFFT2,25,29,0.000552915
FFTNUFFT2,25,0,0.135704473
FFTNUFFT2,25,1,0.242991691
FFTNUFFT2,25,2,0.234833336
FFTNUFFT2,25,3,0.128207763
FFTNUFFT2,25,4,0.236802486
FFTNUFFT2,25,5,0.238038168
FFTNUFFT2,25,6,0.13238661
FFTNUFFT2,25,7,0.242001836
FFTNUFFT2,25,8,0.239180891
FFTNUFFT2,25,9,0.130842927
FFTNUFFT2,25,10,0.244847521
FFTNUFFT2,25,11,0.234757479
FFTNUFFT2,25,12,0.131105899
FFTNUFFT2,25,13,0.236591114
FFTNUFFT2,25,14,0.235440136
FFTNUFFT2,25,15,0.131523151
FFTNUFFT2,25,16,0.243742842
FFTNUFFT2,25,17,0.235648973
FFTNUFFT2,25,18,0.131887409
FFTNUFFT2,25,19,0.24094453
FFTNUFFT2,25,20,0.235820566
FFTNUFFT2,25,21,0.129819037
FFTNUFFT2,25,22,0.237580728
FFTNUFFT2,25,23,0.239853599
FFTNUFFT2,25,24,0.127686259
FFTNUFFT2,25,25,0.23837282
FFTNUFFT2,25,26,0.235652472
FFTNUFFT2,25,27,0.124621301
FFTNUFFT2,25,28,0.239322928
FFTNUFFT2,25,29,0.239545069
GatherNUFFT2,25,0,1.172542645
GatherNUFFT2,25,1,1.174079585
GatherNUFFT2,25,2,1.178837184
GatherNUFFT2,25,3,1.175817413
GatherNUFFT2,25,4,1.176320009
GatherNUFFT2,25,5,1.173067212
GatherNUFFT2,25,6,1.175545905
GatherNUFFT2,25,7,1.169212728
GatherNUFFT2,25,8,1.170950769
GatherNUFFT2,25,9,1.170595809
GatherNUFFT2,25,10,1.1683552
GatherNUFFT2,25,11,1.172807509
GatherNUFFT2,25,12,1.172266869
GatherNUFFT2,25,13,1.17109547
GatherNUFFT2,25,14,1.170604925
GatherNUFFT2,25,15,1.168990215
GatherNUFFT2,25,16,1.164325796
GatherNUFFT2,25,17,1.1686427
GatherNUFFT2,25,18,1.163986807
GatherNUFFT2,25,19,1.163566499
GatherNUFFT2,25,20,1.161858557
GatherNUFFT2,25,21,1.160854504
GatherNUFFT2,25,22,1.160470818
GatherNUFFT2,25,23,1.160401353
GatherNUFFT2,25,24,1.157827162
GatherNUFFT2,25,25,1.157969994
GatherNUFFT2,25,26,1.157395544
GatherNUFFT2,25,27,1.159411392
GatherNUFFT2,25,28,1.155059162
GatherNUFFT2,25,29,1.15546379
mainTimer,26,0,63.095021106
dumpData,26,0,0.102364777
dumpData,26,1,0.099504905
dumpData,26,2,0.088549931
dumpData,26,3,0.103314042
dumpData,26,4,0.086516929
dumpData,26,5,0.086792985
dumpData,26,6,0.082552779
dumpData,26,7,0.100456887
dumpData,26,8,0.097233438
dumpData,26,9,0.093943872
kick,26,0,0.001071433
kick,26,1,0.001096753
kick,26,2,0.001086844
kick,26,3,0.001106813
kick,26,4,0.001077846
kick,26,5,0.001100901
kick,26,6,0.001075241
kick,26,7,0.001099489
kick,26,8,0.001071714
kick,26,9,0.001113114
kick,26,10,0.001071274
kick,26,11,0.001107393
kick,26,12,0.001072286
kick,26,13,0.001103827
kick,26,14,0.00107472
kick,26,15,0.001104618
kick,26,16,0.00106945
kick,26,17,0.001109347
kick,26,18,0.001058338
kick,26,19,0.001109307
drift,26,0,0.001064891
drift,26,1,0.001077946
drift,26,2,0.001096402
drift,26,3,0.001086994
drift,26,4,0.001075993
drift,26,5,0.001084559
drift,26,6,0.001072966
drift,26,7,0.001089028
drift,26,8,0.001077776
drift,26,9,0.001082675
particleBC,26,0,0.003185164
particleBC,26,1,0.003169635
particleBC,26,2,0.003171718
particleBC,26,3,0.00320871
particleBC,26,4,0.003178692
particleBC,26,5,0.003175486
particleBC,26,6,0.003173291
particleBC,26,7,0.003180395
particleBC,26,8,0.003174633
particleBC,26,9,0.003165114
updateParticle,26,0,0.017933196
updateParticle,26,1,0.017583253
updateParticle,26,2,0.018188982
updateParticle,26,3,0.019170691
updateParticle,26,4,0.016850268
updateParticle,26,5,0.018468245
updateParticle,26,6,0.017482307
updateParticle,26,7,0.016967607
updateParticle,26,8,0.016797806
updateParticle,26,9,0.016679607
locateParticles,26,0,0.004167906
locateParticles,26,1,0.004148978
locateParticles,26,2,0.004153147
locateParticles,26,3,0.004184037
locateParticles,26,4,0.004192172
locateParticles,26,5,0.004143648
locateParticles,26,6,0.004174398
locateParticles,26,7,0.004153978
locateParticles,26,8,0.004157766
locateParticles,26,9,0.004137466
sendPreprocess,26,0,0.001215985
sendPreprocess,26,1,0.001199673
sendPreprocess,26,2,0.001385986
sendPreprocess,26,3,0.001083317
sendPreprocess,26,4,0.00131677
sendPreprocess,26,5,0.001192569
sendPreprocess,26,6,0.001191617
sendPreprocess,26,7,0.001233438
sendPreprocess,26,8,0.001243398
sendPreprocess,26,9,0.00130641
particleSend,26,0,0.002597863
particleSend,26,1,0.001666461
particleSend,26,2,0.002669993
particleSend,26,3,0.001658074
particleSend,26,4,0.001734864
particleSend,26,5,0.001659077
particleSend,26,6,0.001726727
particleSend,26,7,0.002601049
particleSend,26,8,0.001661662
particleSend,26,9,0.001651271
particleRecv,26,0,5.9045e-05
particleRecv,26,1,5.3134e-05
particleRecv,26,2,5.9195e-05
particleRecv,26,3,5.3094e-05
particleRecv,26,4,5.5027e-05
particleRecv,26,5,4.9547e-05
particleRecv,26,6,5.3234e-05
particleRecv,26,7,4.9677e-05
particleRecv,26,8,5.0939e-05
particleRecv,26,9,5.1741e-05
particleDestroy,26,0,0.007644716
particleDestroy,26,1,0.007690566
particleDestroy,26,2,0.007678653
particleDestroy,26,3,0.007684464
particleDestroy,26,4,0.00784737
particleDestroy,26,5,0.0076718
particleDestroy,26,6,0.007672761
particleDestroy,26,7,0.007608536
particleDestroy,26,8,0.007760682
particleDestroy,26,9,0.00783712
ScatterPIFNUFFT,26,0,2.047923508
ScatterPIFNUFFT,26,1,0.001262425
ScatterPIFNUFFT,26,2,2.047085183
ScatterPIFNUFFT,26,3,0.001262866
ScatterPIFNUFFT,26,4,2.05845982
ScatterPIFNUFFT,26,5,0.001267265
ScatterPIFNUFFT,26,6,2.052914569
ScatterPIFNUFFT,26,7,0.001268105
ScatterPIFNUFFT,26,8,2.049403452
ScatterPIFNUFFT,26,9,0.001260221
ScatterPIFNUFFT,26,10,2.046944599
ScatterPIFNUFFT,26,11,0.001255752
ScatterPIFNUFFT,26,12,2.045886361
ScatterPIFNUFFT,26,13,0.001438017
ScatterPIFNUFFT,26,14,2.05061138
ScatterPIFNUFFT,26,15,0.001263097
ScatterPIFNUFFT,26,16,2.05324925
ScatterPIFNUFFT,26,17,0.001255792
ScatterPIFNUFFT,26,18,2.048119309
ScatterPIFNUFFT,26,19,0.001259589
NativeNUFFT1,26,0,2.046030897
NativeNUFFT1,26,1,2.045195779
NativeNUFFT1,26,2,2.056584333
NativeNUFFT1,26,3,2.051037147
NativeNUFFT1,26,4,2.047529557
NativeNUFFT1,26,5,2.045056898
NativeNUFFT1,26,6,2.044002347
NativeNUFFT1,26,7,2.048715042
NativeNUFFT1,26,8,2.051361689
NativeNUFFT1,26,9,2.046218101
scatterTimerNUFFT1,26,0,1.915533291
scatterTimerNUFFT1,26,1,1.916281382
scatterTimerNUFFT1,26,2,1.918263893
scatterTimerNUFFT1,26,3,1.915014847
scatterTimerNUFFT1,26,4,1.915990325
scatterTimerNUFFT1,26,5,1.915443802
scatterTimerNUFFT1,26,6,1.915456537
scatterTimerNUFFT1,26,7,1.915586158
scatterTimerNUFFT1,26,8,1.916752397
scatterTimerNUFFT1,26,9,1.916856363
binSort,26,0,0.007411543
binSort,26,1,0.007390322
binSort,26,2,0.007391604
binSort,26,3,0.007403758
binSort,26,4,0.007380323
binSort,26,5,0.007400262
binSort,26,6,0.007394119
binSort,26,7,0.007372357
binSort,26,8,0.007373549
binSort,26,9,0.0073944
binComputeKeys,26,0,0.000543257
binComputeKeys,26,1,0.000543186
binComputeKeys,26,2,0.000543908
binComputeKeys,26,3,0.00055001
binComputeKeys,26,4,0.000549278
binComputeKeys,26,5,0.000543517
binComputeKeys,26,6,0.000538828
binComputeKeys,26,7,0.000547685
binComputeKeys,26,8,0.000542895
binComputeKeys,26,9,0.000549739
binSortByKey,26,0,0.006652156
binSortByKey,26,1,0.006629692
binSortByKey,26,2,0.006630123
binSortByKey,26,3,0.006634873
binSortByKey,26,4,0.006614333
binSortByKey,26,5,0.006639021
binSortByKey,26,6,0.006637939
binSortByKey,26,7,0.00660743
binSortByKey,26,8,0.006615195
binSortByKey,26,9,0.006628911
binComputeOffsets,26,0,0.000213174
binComputeOffsets,26,1,0.000214237
binComputeOffsets,26,2,0.000213906
binComputeOffsets,26,3,0.000215649
binComputeOffsets,26,4,0.000213275
binComputeOffsets,26,5,0.000214607
binComputeOffsets,26,6,0.000214247
binComputeOffsets,26,7,0.000214177
binComputeOffsets,26,8,0.000211011
binComputeOffsets,26,9,0.000212553
FFTNUFFT1,26,0,0.130190419
FFTNUFFT1,26,1,0.128606639
FFTNUFFT1,26,2,0.138014555
FFTNUFFT1,26,3,0.135712378
FFTNUFFT1,26,4,0.131223508
FFTNUFFT1,26,5,0.129299807
FFTNUFFT1,26,6,0.128229385
FFTNUFFT1,26,7,0.132815404
FFTNUFFT1,26,8,0.134290141
FFTNUFFT1,26,9,0.129044912
deconvolutionNUFFT1,26,0,0.0003034
deconvolutionNUFFT1,26,1,0.000304292
deconvolutionNUFFT1,26,2,0.000302207
deconvolutionNUFFT1,26,3,0.000306336
deconvolutionNUFFT1,26,4,0.000311736
deconvolutionNUFFT1,26,5,0.000309713
deconvolutionNUFFT1,26,6,0.000312988
deconvolutionNUFFT1,26,7,0.000309582
deconvolutionNUFFT1,26,8,0.000314522
deconvolutionNUFFT1,26,9,0.000313279
GatherPIFNUFFT,26,0,4.164844775
GatherPIFNUFFT,26,1,4.157032289
GatherPIFNUFFT,26,2,4.156018871
GatherPIFNUFFT,26,3,4.142170651
GatherPIFNUFFT,26,4,4.154356147
GatherPIFNUFFT,26,5,4.149941793
GatherPIFNUFFT,26,6,4.14031368
GatherPIFNUFFT,26,7,4.111888591
GatherPIFNUFFT,26,8,4.101175622
GatherPIFNUFFT,26,9,4.106771083
NativeNUFFT2,26,0,1.322494815
NativeNUFFT2,26,1,1.415038302
NativeNUFFT2,26,2,1.41672447
NativeNUFFT2,26,3,1.317878366
NativeNUFFT2,26,4,1.416501987
NativeNUFFT2,26,5,1.412180902
NativeNUFFT2,26,6,1.311828412
NativeNUFFT2,26,7,1.410257033
NativeNUFFT2,26,8,1.423411735
NativeNUFFT2,26,9,1.313125574
NativeNUFFT2,26,10,1.424007693
NativeNUFFT2,26,11,1.394522805
NativeNUFFT2,26,12,1.327198062
NativeNUFFT2,26,13,1.411819291
NativeNUFFT2,26,14,1.40494906
NativeNUFFT2,26,15,1.324484202
NativeNUFFT2,26,16,1.409749667
NativeNUFFT2,26,17,1.405246479
NativeNUFFT2,26,18,1.314022208
NativeNUFFT2,26,19,1.418135755
NativeNUFFT2,26,20,1.397703712
NativeNUFFT2,26,21,1.303910233
NativeNUFFT2,26,22,1.396148737
NativeNUFFT2,26,23,1.401331384
NativeNUFFT2,26,24,1.299061017
NativeNUFFT2,26,25,1.39581585
NativeNUFFT2,26,26,1.395814046
NativeNUFFT2,26,27,1.299198164
NativeNUFFT2,26,28,1.408721626
NativeNUFFT2,26,29,1.388375441
PrecorrectionNUFFT2,26,0,0.000587573
PrecorrectionNUFFT2,26,1,0.000564277
PrecorrectionNUFFT2,26,2,0.000564187
PrecorrectionNUFFT2,26,3,0.000558236
PrecorrectionNUFFT2,26,4,0.000545281
PrecorrectionNUFFT2,26,5,0.000548196
PrecorrectionNUFFT2,26,6,0.000588765
PrecorrectionNUFFT2,26,7,0.000567443
PrecorrectionNUFFT2,26,8,0.000567083
PrecorrectionNUFFT2,26,9,0.000583184
PrecorrectionNUFFT2,26,10,0.000560631
PrecorrectionNUFFT2,26,11,0.000571983
PrecorrectionNUFFT2,26,12,0.00056062
PrecorrectionNUFFT2,26,13,0.000546303
PrecorrectionNUFFT2,26,14,0.000548778
PrecorrectionNUFFT2,26,15,0.000563395
PrecorrectionNUFFT2,26,16,0.000554478
PrecorrectionNUFFT2,26,17,0.000543277
PrecorrectionNUFFT2,26,18,0.00055531
PrecorrectionNUFFT2,26,19,0.000539369
PrecorrectionNUFFT2,26,20,0.000545631
PrecorrectionNUFFT2,26,21,0.000581381
PrecorrectionNUFFT2,26,22,0.000552494
PrecorrectionNUFFT2,26,23,0.000562124
PrecorrectionNUFFT2,26,24,0.000564358
PrecorrectionNUFFT2,26,25,0.000545851
PrecorrectionNUFFT2,26,26,0.000549198
PrecorrectionNUFFT2,26,27,0.000562704
PrecorrectionNUFFT2,26,28,0.000550301
PrecorrectionNUFFT2,26,29,0.000548276
FFTNUFFT2,26,0,0.13532216
FFTNUFFT2,26,1,0.226211659
FFTNUFFT2,26,2,0.227167078
FFTNUFFT2,26,3,0.131057175
FFTNUFFT2,26,4,0.228192222
FFTNUFFT2,26,5,0.222316735
FFTNUFFT2,26,6,0.122699973
FFTNUFFT2,26,7,0.227351547
FFTNUFFT2,26,8,0.223750573
FFTNUFFT2,26,9,0.134758332
FFTNUFFT2,26,10,0.228878606
FFTNUFFT2,26,11,0.212509363
FFTNUFFT2,26,12,0.135243135
FFTNUFFT2,26,13,0.212769909
FFTNUFFT2,26,14,0.209320643
FFTNUFFT2,26,15,0.135356986
FFTNUFFT2,26,16,0.214211323
FFTNUFFT2,26,17,0.217719935
FFTNUFFT2,26,18,0.140040294
FFTNUFFT2,26,19,0.223937958
FFTNUFFT2,26,20,0.205114172
FFTNUFFT2,26,21,0.128008387
FFTNUFFT2,26,22,0.220796229
FFTNUFFT2,26,23,0.226901652
FFTNUFFT2,26,24,0.131600011
FFTNUFFT2,26,25,0.224530651
FFTNUFFT2,26,26,0.221977278
FFTNUFFT2,26,27,0.128614826
FFTNUFFT2,26,28,0.226905591
FFTNUFFT2,26,29,0.214421332
GatherNUFFT2,26,0,1.186577508
GatherNUFFT2,26,1,1.188252125
GatherNUFFT2,26,2,1.188985119
GatherNUFFT2,26,3,1.186253448
GatherNUFFT2,26,4,1.18775652
GatherNUFFT2,26,5,1.189306383
GatherNUFFT2,26,6,1.188530006
GatherNUFFT2,26,7,1.182329375
GatherNUFFT2,26,8,1.199085933
GatherNUFFT2,26,9,1.177775911
GatherNUFFT2,26,10,1.194558528
GatherNUFFT2,26,11,1.181432603
GatherNUFFT2,26,12,1.191384317
GatherNUFFT2,26,13,1.198495595
GatherNUFFT2,26,14,1.195070973
GatherNUFFT2,26,15,1.188554382
GatherNUFFT2,26,16,1.194972073
GatherNUFFT2,26,17,1.186975762
GatherNUFFT2,26,18,1.173417757
GatherNUFFT2,26,19,1.193649631
GatherNUFFT2,26,20,1.192036133
GatherNUFFT2,26,21,1.175311569
GatherNUFFT2,26,22,1.174791698
GatherNUFFT2,26,23,1.173858733
GatherNUFFT2,26,24,1.166888063
GatherNUFFT2,26,25,1.170730299
GatherNUFFT2,26,26,1.173280095
GatherNUFFT2,26,27,1.170012147
GatherNUFFT2,26,28,1.18125752
GatherNUFFT2,26,29,1.173397727
mainTimer,27,0,63.095019883
dumpData,27,0,0.028530924
dumpData,27,1,0.014131101
dumpData,27,2,0.011199239
dumpData,27,3,0.016664628
dumpData,27,4,0.027512663
dumpData,27,5,0.013568065
dumpData,27,6,0.024482311
dumpData,27,7,0.022595952
dumpData,27,8,0.025103508
dumpData,27,9,0.024731446
kick,27,0,0.001162391
kick,27,1,0.001215965
kick,27,2,0.001184934
kick,27,3,0.00123923
kick,27,4,0.001171377
kick,27,5,0.001216325
kick,27,6,0.001180806
kick,27,7,0.001220684
kick,27,8,0.001184122
kick,27,9,0.001212468
kick,27,10,0.001161509
kick,27,11,0.001209502
kick,27,12,0.001164695
kick,27,13,0.001184043
kick,27,14,0.001169263
kick,27,15,0.001226485
kick,27,16,0.001181227
kick,27,17,0.001212989
kick,27,18,0.001161599
kick,27,19,0.001216857
drift,27,0,0.001150397
drift,27,1,0.001148714
drift,27,2,0.001159324
drift,27,3,0.001152582
drift,27,4,0.001155296
drift,27,5,0.001137793
drift,27,6,0.001145207
drift,27,7,0.001144536
drift,27,8,0.001148213
drift,27,9,0.001164505
particleBC,27,0,0.003390223
particleBC,27,1,0.003386486
particleBC,27,2,0.003380324
particleBC,27,3,0.003396285
particleBC,27,4,0.003399932
particleBC,27,5,0.003372719
particleBC,27,6,0.003394351
particleBC,27,7,0.003412617
particleBC,27,8,0.003405432
particleBC,27,9,0.003398749
updateParticle,27,0,0.017479333
updateParticle,27,1,0.017243954
updateParticle,27,2,0.017661226
updateParticle,27,3,0.018843004
updateParticle,27,4,0.016369183
updateParticle,27,5,0.018124446
updateParticle,27,6,0.017088452
updateParticle,27,7,0.01654758
updateParticle,27,8,0.016289538
updateParticle,27,9,0.016341569
locateParticles,27,0,0.00436026
locateParticles,27,1,0.004404945
locateParticles,27,2,0.004384927
locateParticles,27,3,0.00439613
locateParticles,27,4,0.00441223
locateParticles,27,5,0.004362042
locateParticles,27,6,0.004388785
locateParticles,27,7,0.00436581
locateParticles,27,8,0.004617229
locateParticles,27,9,0.004393775
sendPreprocess,27,0,0.00064313
sendPreprocess,27,1,0.000558596
sendPreprocess,27,2,0.000790597
sendPreprocess,27,3,0.000516234
sendPreprocess,27,4,0.000684271
sendPreprocess,27,5,0.000634744
sendPreprocess,27,6,0.000589727
sendPreprocess,27,7,0.000638121
sendPreprocess,27,8,0.00037004
sendPreprocess,27,9,0.000633422
particleSend,27,0,0.001660659
particleSend,27,1,0.002573425
particleSend,27,2,0.001652994
particleSend,27,3,0.002590357
particleSend,27,4,0.001660179
particleSend,27,5,0.002584055
particleSend,27,6,0.002647068
particleSend,27,7,0.001672022
particleSend,27,8,0.001665048
particleSend,27,9,0.001672002
particleRecv,27,0,5.2833e-05
particleRecv,27,1,4.9627e-05
particleRecv,27,2,4.6651e-05
particleRecv,27,3,5.2322e-05
particleRecv,27,4,4.642e-05
particleRecv,27,5,4.6791e-05
particleRecv,27,6,4.9486e-05
particleRecv,27,7,5.5138e-05
particleRecv,27,8,4.8023e-05
particleRecv,27,9,4.8805e-05
particleDestroy,27,0,0.008140801
particleDestroy,27,1,0.008134689
particleDestroy,27,2,0.00812955
particleDestroy,27,3,0.008114891
particleDestroy,27,4,0.008116284
particleDestroy,27,5,0.008156902
particleDestroy,27,6,0.008161091
particleDestroy,27,7,0.008127476
particleDestroy,27,8,0.008161942
particleDestroy,27,9,0.008316533
ScatterPIFNUFFT,27,0,2.054040123
ScatterPIFNUFFT,27,1,0.001265701
ScatterPIFNUFFT,27,2,2.05310505
ScatterPIFNUFFT,27,3,0.001267475
ScatterPIFNUFFT,27,4,2.054460953
ScatterPIFNUFFT,27,5,0.001264028
ScatterPIFNUFFT,27,6,2.051729233
ScatterPIFNUFFT,27,7,0.001262695
ScatterPIFNUFFT,27,8,2.051781537
ScatterPIFNUFFT,27,9,0.00125959
ScatterPIFNUFFT,27,10,2.056073401
ScatterPIFNUFFT,27,11,0.001262686
ScatterPIFNUFFT,27,12,2.051939653
ScatterPIFNUFFT,27,13,0.00126527
ScatterPIFNUFFT,27,14,2.056742742
ScatterPIFNUFFT,27,15,0.001261193
ScatterPIFNUFFT,27,16,2.05875171
ScatterPIFNUFFT,27,17,0.001269539
ScatterPIFNUFFT,27,18,2.054117583
ScatterPIFNUFFT,27,19,0.001257325
NativeNUFFT1,27,0,2.052086052
NativeNUFFT1,27,1,2.051129519
NativeNUFFT1,27,2,2.052511482
NativeNUFFT1,27,3,2.049748642
NativeNUFFT1,27,4,2.049800625
NativeNUFFT1,27,5,2.054090075
NativeNUFFT1,27,6,2.049965503
NativeNUFFT1,27,7,2.054754687
NativeNUFFT1,27,8,2.056763184
NativeNUFFT1,27,9,2.052127553
scatterTimerNUFFT1,27,0,1.915548812
scatterTimerNUFFT1,27,1,1.915693689
scatterTimerNUFFT1,27,2,1.917103987
scatterTimerNUFFT1,27,3,1.915531933
scatterTimerNUFFT1,27,4,1.916632193
scatterTimerNUFFT1,27,5,1.915966529
scatterTimerNUFFT1,27,6,1.921714787
scatterTimerNUFFT1,27,7,1.915627158
scatterTimerNUFFT1,27,8,1.917269492
scatterTimerNUFFT1,27,9,1.917538129
binSort,27,0,0.007985409
binSort,27,1,0.007822883
binSort,27,2,0.007832581
binSort,27,3,0.007805569
binSort,27,4,0.007822773
binSort,27,5,0.00785726
binSort,27,6,0.007856769
binSort,27,7,0.007788146
binSort,27,8,0.007834456
binSort,27,9,0.007863532
binComputeKeys,27,0,0.000594677
binComputeKeys,27,1,0.000587362
binComputeKeys,27,2,0.000588705
binComputeKeys,27,3,0.00059159
binComputeKeys,27,4,0.000591981
binComputeKeys,27,5,0.00058628
binComputeKeys,27,6,0.000587192
binComputeKeys,27,7,0.000591731
binComputeKeys,27,8,0.00059142
binComputeKeys,27,9,0.000590359
binSortByKey,27,0,0.007165775
binSortByKey,27,1,0.007009802
binSortByKey,27,2,0.007017266
binSortByKey,27,3,0.006991496
binSortByKey,27,4,0.007005504
binSortByKey,27,5,0.007046363
binSortByKey,27,6,0.007043457
binSortByKey,27,7,0.006970286
binSortByKey,27,8,0.007016635
binSortByKey,27,9,0.007049439
binComputeOffsets,27,0,0.000222192
binComputeOffsets,27,1,0.000222473
binComputeOffsets,27,2,0.000223565
binComputeOffsets,27,3,0.000219236
binComputeOffsets,27,4,0.000221981
binComputeOffsets,27,5,0.000221301
binComputeOffsets,27,6,0.000222182
binComputeOffsets,27,7,0.000222723
binComputeOffsets,27,8,0.000222623
binComputeOffsets,27,9,0.000220468
FFTNUFFT1,27,0,0.136021689
FFTNUFFT1,27,1,0.134917011
FFTNUFFT1,27,2,0.134895419
FFTNUFFT1,27,3,0.133699954
FFTNUFFT1,27,4,0.132654812
FFTNUFFT1,27,5,0.137610249
FFTNUFFT1,27,6,0.127733461
FFTNUFFT1,27,7,0.13861348
FFTNUFFT1,27,8,0.138979962
FFTNUFFT1,27,9,0.134076176
deconvolutionNUFFT1,27,0,0.000512186
deconvolutionNUFFT1,27,1,0.000515262
deconvolutionNUFFT1,27,2,0.000508679
deconvolutionNUFFT1,27,3,0.000513278
deconvolutionNUFFT1,27,4,0.000509741
deconvolutionNUFFT1,27,5,0.000509721
deconvolutionNUFFT1,27,6,0.000513709
deconvolutionNUFFT1,27,7,0.000510583
deconvolutionNUFFT1,27,8,0.000509621
deconvolutionNUFFT1,27,9,0.000509922
GatherPIFNUFFT,27,0,4.232509571
GatherPIFNUFFT,27,1,4.236213511
GatherPIFNUFFT,27,2,4.237434389
GatherPIFNUFFT,27,3,4.229875067
GatherPIFNUFFT,27,4,4.210965145
GatherPIFNUFFT,27,5,4.213947703
GatherPIFNUFFT,27,6,4.192432685
GatherPIFNUFFT,27,7,4.183542525
GatherPIFNUFFT,27,8,4.167781088
GatherPIFNUFFT,27,9,4.169783291
NativeNUFFT2,27,0,1.405660575
NativeNUFFT2,27,1,1.414817803
NativeNUFFT2,27,2,1.401159852
NativeNUFFT2,27,3,1.384769589
NativeNUFFT2,27,4,1.419935464
NativeNUFFT2,27,5,1.420655333
NativeNUFFT2,27,6,1.405743265
NativeNUFFT2,27,7,1.397493842
NativeNUFFT2,27,8,1.4233006
NativeNUFFT2,27,9,1.399964378
NativeNUFFT2,27,10,1.413131513
NativeNUFFT2,27,11,1.405785077
NativeNUFFT2,27,12,1.399469206
NativeNUFFT2,27,13,1.409315253
NativeNUFFT2,27,14,1.39128112
NativeNUFFT2,27,15,1.38952729
NativeNUFFT2,27,16,1.405053284
NativeNUFFT2,27,17,1.408369373
NativeNUFFT2,27,18,1.382040793
NativeNUFFT2,27,19,1.413800484
NativeNUFFT2,27,20,1.385602158
NativeNUFFT2,27,21,1.37425402
NativeNUFFT2,27,22,1.391846781
NativeNUFFT2,27,23,1.40658904
NativeNUFFT2,27,24,1.381506638
NativeNUFFT2,27,25,1.388583095
NativeNUFFT2,27,26,1.386849972
NativeNUFFT2,27,27,1.365712934
NativeNUFFT2,27,28,1.402892651
NativeNUFFT2,27,29,1.390297909
PrecorrectionNUFFT2,27,0,0.00079705
PrecorrectionNUFFT2,27,1,0.000756311
PrecorrectionNUFFT2,27,2,0.000756
PrecorrectionNUFFT2,27,3,0.000794415
PrecorrectionNUFFT2,27,4,0.000759787
PrecorrectionNUFFT2,27,5,0.000757894
PrecorrectionNUFFT2,27,6,0.000787983
PrecorrectionNUFFT2,27,7,0.000760619
PrecorrectionNUFFT2,27,8,0.000760178
PrecorrectionNUFFT2,27,9,0.000796229
PrecorrectionNUFFT2,27,10,0.000759858
PrecorrectionNUFFT2,27,11,0.000762303
PrecorrectionNUFFT2,27,12,0.000795277
PrecorrectionNUFFT2,27,13,0.000906022
PrecorrectionNUFFT2,27,14,0.000762463
PrecorrectionNUFFT2,27,15,0.0007918
PrecorrectionNUFFT2,27,16,0.000763926
PrecorrectionNUFFT2,27,17,0.000757193
PrecorrectionNUFFT2,27,18,0.000795227
PrecorrectionNUFFT2,27,19,0.000764196
PrecorrectionNUFFT2,27,20,0.000763555
PrecorrectionNUFFT2,27,21,0.000794364
PrecorrectionNUFFT2,27,22,0.000758314
PrecorrectionNUFFT2,27,23,0.000760809
PrecorrectionNUFFT2,27,24,0.000965448
PrecorrectionNUFFT2,27,25,0.000763565
PrecorrectionNUFFT2,27,26,0.000759538
PrecorrectionNUFFT2,27,27,0.00079709
PrecorrectionNUFFT2,27,28,0.000759497
PrecorrectionNUFFT2,27,29,0.000762523
FFTNUFFT2,27,0,0.130886865
FFTNUFFT2,27,1,0.142524024
FFTNUFFT2,27,2,0.143351584
FFTNUFFT2,27,3,0.13047365
FFTNUFFT2,27,4,0.160518739
FFTNUFFT2,27,5,0.153782819
FFTNUFFT2,27,6,0.132462407
FFTNUFFT2,27,7,0.143160421
FFTNUFFT2,27,8,0.152211453
FFTNUFFT2,27,9,0.134261667
FFTNUFFT2,27,10,0.148809236
FFTNUFFT2,27,11,0.142777477
FFTNUFFT2,27,12,0.131457352
FFTNUFFT2,27,13,0.143556141
FFTNUFFT2,27,14,0.142268308
FFTNUFFT2,27,15,0.127669687
FFTNUFFT2,27,16,0.147332325
FFTNUFFT2,27,17,0.144196356
FFTNUFFT2,27,18,0.137891426
FFTNUFFT2,27,19,0.155550977
FFTNUFFT2,27,20,0.140715818
FFTNUFFT2,27,21,0.127512611
FFTNUFFT2,27,22,0.149678337
FFTNUFFT2,27,23,0.159996633
FFTNUFFT2,27,24,0.121459059
FFTNUFFT2,27,25,0.142140548
FFTNUFFT2,27,26,0.148863264
FFTNUFFT2,27,27,0.129639689
FFTNUFFT2,27,28,0.159685087
FFTNUFFT2,27,29,0.152305025
GatherNUFFT2,27,0,1.273968956
GatherNUFFT2,27,1,1.271529713
GatherNUFFT2,27,2,1.257045124
GatherNUFFT2,27,3,1.253492837
GatherNUFFT2,27,4,1.258649434
GatherNUFFT2,27,5,1.266106935
GatherNUFFT2,27,6,1.27248488
GatherNUFFT2,27,7,1.253562853
GatherNUFFT2,27,8,1.270321524
GatherNUFFT2,27,9,1.264898768
GatherNUFFT2,27,10,1.263554383
GatherNUFFT2,27,11,1.262237352
GatherNUFFT2,27,12,1.267208119
GatherNUFFT2,27,13,1.264845925
GatherNUFFT2,27,14,1.248242735
GatherNUFFT2,27,15,1.261058249
GatherNUFFT2,27,16,1.256948398
GatherNUFFT2,27,17,1.263407728
GatherNUFFT2,27,18,1.243345655
GatherNUFFT2,27,19,1.257477175
GatherNUFFT2,27,20,1.24411518
GatherNUFFT2,27,21,1.245937956
GatherNUFFT2,27,22,1.241402395
GatherNUFFT2,27,23,1.245823792
GatherNUFFT2,27,24,1.259074105
GatherNUFFT2,27,25,1.245671407
GatherNUFFT2,27,26,1.237219135
GatherNUFFT2,27,27,1.23526881
GatherNUFFT2,27,28,1.242440682
GatherNUFFT2,27,29,1.237223487
mainTimer,28,0,63.09501826
dumpData,28,0,0.231732437
dumpData,28,1,0.232972628
dumpData,28,2,0.224523848
dumpData,28,3,0.229776702
dumpData,28,4,0.223909072
dumpData,28,5,0.228759945
dumpData,28,6,0.23233084
dumpData,28,7,0.231962824
dumpData,28,8,0.227175784
dumpData,28,9,0.227570233
kick,28,0,0.000973252
kick,28,1,0.001017348
kick,28,2,0.000969666
kick,28,3,0.001005976
kick,28,4,0.000972742
kick,28,5,0.001014914
kick,28,6,0.000969175
kick,28,7,0.001007901
kick,28,8,0.000976369
kick,28,9,0.001007029
kick,28,10,0.000969435
kick,28,11,0.000991097
kick,28,12,0.000983572
kick,28,13,0.001018511
kick,28,14,0.000968193
kick,28,15,0.001005155
kick,28,16,0.000968393
kick,28,17,0.001009323
kick,28,18,0.000969095
kick,28,19,0.001010034
drift,28,0,0.000958303
drift,28,1,0.000945298
drift,28,2,0.000953343
drift,28,3,0.000960699
drift,28,4,0.000954195
drift,28,5,0.00096162
drift,28,6,0.000953124
drift,28,7,0.00095613
drift,28,8,0.000946691
drift,28,9,0.000955648
particleBC,28,0,0.002812699
particleBC,28,1,0.002816568
particleBC,28,2,0.002803992
particleBC,28,3,0.002794764
particleBC,28,4,0.002820856
particleBC,28,5,0.002814564
particleBC,28,6,0.002853629
particleBC,28,7,0.002801208
particleBC,28,8,0.002842638
particleBC,28,9,0.002797971
updateParticle,28,0,0.018376779
updateParticle,28,1,0.016905637
updateParticle,28,2,0.018745134
updateParticle,28,3,0.018976754
updateParticle,28,4,0.017215038
updateParticle,28,5,0.018437405
updateParticle,28,6,0.017423373
updateParticle,28,7,0.017508098
updateParticle,28,8,0.01758133
updateParticle,28,9,0.017162045
locateParticles,28,0,0.003931536
locateParticles,28,1,0.003764851
locateParticles,28,2,0.003760604
locateParticles,28,3,0.003782156
locateParticles,28,4,0.003824056
locateParticles,28,5,0.003811983
locateParticles,28,6,0.003824668
locateParticles,28,7,0.003818025
locateParticles,28,8,0.003811572
locateParticles,28,9,0.003807885
sendPreprocess,28,0,0.002024407
sendPreprocess,28,1,0.002187274
sendPreprocess,28,2,0.002395138
sendPreprocess,28,3,0.002134171
sendPreprocess,28,4,0.002260075
sendPreprocess,28,5,0.002110114
sendPreprocess,28,6,0.002066659
sendPreprocess,28,7,0.002185169
sendPreprocess,28,8,0.002151805
sendPreprocess,28,9,0.002219346
particleSend,28,0,0.001858114
particleSend,28,1,0.001599421
particleSend,28,2,0.001587588
particleSend,28,3,0.002713717
particleSend,28,4,0.001721027
particleSend,28,5,0.00171187
particleSend,28,6,0.001708853
particleSend,28,7,0.001728241
particleSend,28,8,0.001709655
particleSend,28,9,0.00177875
particleRecv,28,0,6.0949e-05
particleRecv,28,1,4.9115e-05
particleRecv,28,2,4.7352e-05
particleRecv,28,3,5.6259e-05
particleRecv,28,4,5.5849e-05
particleRecv,28,5,5.1551e-05
particleRecv,28,6,5.662e-05
particleRecv,28,7,5.9245e-05
particleRecv,28,8,5.4546e-05
particleRecv,28,9,5.2332e-05
particleDestroy,28,0,0.006958782
particleDestroy,28,1,0.006883546
particleDestroy,28,2,0.006894457
particleDestroy,28,3,0.006889558
particleDestroy,28,4,0.006866884
particleDestroy,28,5,0.006864389
particleDestroy,28,6,0.006914347
particleDestroy,28,7,0.006864228
particleDestroy,28,8,0.006936218
particleDestroy,28,9,0.006930658
ScatterPIFNUFFT,28,0,2.04519935
ScatterPIFNUFFT,28,1,0.001265812
ScatterPIFNUFFT,28,2,2.050515935
ScatterPIFNUFFT,28,3,0.001261193
ScatterPIFNUFFT,28,4,2.053428695
ScatterPIFNUFFT,28,5,0.001263467
ScatterPIFNUFFT,28,6,2.059073756
ScatterPIFNUFFT,28,7,0.001261123
ScatterPIFNUFFT,28,8,2.052171455
ScatterPIFNUFFT,28,9,0.001257125
ScatterPIFNUFFT,28,10,2.050447381
ScatterPIFNUFFT,28,11,0.001262324
ScatterPIFNUFFT,28,12,2.049944153
ScatterPIFNUFFT,28,13,0.001266203
ScatterPIFNUFFT,28,14,2.046333009
ScatterPIFNUFFT,28,15,0.001262435
ScatterPIFNUFFT,28,16,2.053334015
ScatterPIFNUFFT,28,17,0.001262846
ScatterPIFNUFFT,28,18,2.051807421
ScatterPIFNUFFT,28,19,0.001263808
NativeNUFFT1,28,0,2.043453265
NativeNUFFT1,28,1,2.048635539
NativeNUFFT1,28,2,2.051709432
NativeNUFFT1,28,3,2.05733297
NativeNUFFT1,28,4,2.050442022
NativeNUFFT1,28,5,2.04870867
NativeNUFFT1,28,6,2.048188087
NativeNUFFT1,28,7,2.044576093
NativeNUFFT1,28,8,2.051595624
NativeNUFFT1,28,9,2.050061626
scatterTimerNUFFT1,28,0,1.916559417
scatterTimerNUFFT1,28,1,1.918590101
scatterTimerNUFFT1,28,2,1.919669887
scatterTimerNUFFT1,28,3,1.915281897
scatterTimerNUFFT1,28,4,1.916591725
scatterTimerNUFFT1,28,5,1.916217005
scatterTimerNUFFT1,28,6,1.915462018
scatterTimerNUFFT1,28,7,1.916384391
scatterTimerNUFFT1,28,8,1.916535085
scatterTimerNUFFT1,28,9,1.917197045
binSort,28,0,0.006664019
binSort,28,1,0.006426277
binSort,28,2,0.006649742
binSort,28,3,0.006380848
binSort,28,4,0.006394486
binSort,28,5,0.006435906
binSort,28,6,0.006374176
binSort,28,7,0.00638138
binSort,28,8,0.006457998
binSort,28,9,0.006413433
binComputeKeys,28,0,0.000476186
binComputeKeys,28,1,0.000469052
binComputeKeys,28,2,0.000469543
binComputeKeys,28,3,0.000468892
binComputeKeys,28,4,0.000472288
binComputeKeys,28,5,0.000469363
binComputeKeys,28,6,0.000474283
binComputeKeys,28,7,0.00047306
binComputeKeys,28,8,0.000470825
binComputeKeys,28,9,0.000470645
binSortByKey,28,0,0.005988525
binSortByKey,28,1,0.005762587
binSortByKey,28,2,0.005980971
binSortByKey,28,3,0.005715334
binSortByKey,28,4,0.005722148
binSortByKey,28,5,0.005766886
binSortByKey,28,6,0.00570298
binSortByKey,28,7,0.005708331
binSortByKey,28,8,0.005782275
binSortByKey,28,9,0.005741987
binComputeOffsets,28,0,0.000195861
binComputeOffsets,28,1,0.000191061
binComputeOffsets,28,2,0.00019544
binComputeOffsets,28,3,0.000192605
binComputeOffsets,28,4,0.00019579
binComputeOffsets,28,5,0.000196011
binComputeOffsets,28,6,0.000192845
binComputeOffsets,28,7,0.000195841
binComputeOffsets,28,8,0.000200229
binComputeOffsets,28,9,0.000197494
FFTNUFFT1,28,0,0.12658597
FFTNUFFT1,28,1,0.129735114
FFTNUFFT1,28,2,0.131722348
FFTNUFFT1,28,3,0.141736683
FFTNUFFT1,28,4,0.133537128
FFTNUFFT1,28,5,0.13218068
FFTNUFFT1,28,6,0.132412681
FFTNUFFT1,28,7,0.127870438
FFTNUFFT1,28,8,0.134744435
FFTNUFFT1,28,9,0.132553184
deconvolutionNUFFT1,28,0,0.000303961
deconvolutionNUFFT1,28,1,0.000306927
deconvolutionNUFFT1,28,2,0.00031377
deconvolutionNUFFT1,28,3,0.000310885
deconvolutionNUFFT1,28,4,0.00030861
deconvolutionNUFFT1,28,5,0.000307418
deconvolutionNUFFT1,28,6,0.000310033
deconvolutionNUFFT1,28,7,0.000317588
deconvolutionNUFFT1,28,8,0.000311977
deconvolutionNUFFT1,28,9,0.000307408
GatherPIFNUFFT,28,0,4.038392646
GatherPIFNUFFT,28,1,4.021515752
GatherPIFNUFFT,28,2,4.025240098
GatherPIFNUFFT,28,3,4.010461337
GatherPIFNUFFT,28,4,4.014518738
GatherPIFNUFFT,28,5,4.005200687
GatherPIFNUFFT,28,6,3.987314255
GatherPIFNUFFT,28,7,3.984837176
GatherPIFNUFFT,28,8,3.971016024
GatherPIFNUFFT,28,9,3.969623814
NativeNUFFT2,28,0,1.191740088
NativeNUFFT2,28,1,1.421084259
NativeNUFFT2,28,2,1.415818257
NativeNUFFT2,28,3,1.192361265
NativeNUFFT2,28,4,1.41161888
NativeNUFFT2,28,5,1.407816065
NativeNUFFT2,28,6,1.190968367
NativeNUFFT2,28,7,1.404762607
NativeNUFFT2,28,8,1.419893153
NativeNUFFT2,28,9,1.17312115
NativeNUFFT2,28,10,1.419407097
NativeNUFFT2,28,11,1.408199632
NativeNUFFT2,28,12,1.175967285
NativeNUFFT2,28,13,1.407764417
NativeNUFFT2,28,14,1.421091201
NativeNUFFT2,28,15,1.173455069
NativeNUFFT2,28,16,1.416835526
NativeNUFFT2,28,17,1.405174429
NativeNUFFT2,28,18,1.172629083
NativeNUFFT2,28,19,1.414734621
NativeNUFFT2,28,20,1.390340732
NativeNUFFT2,28,21,1.186396276
NativeNUFFT2,28,22,1.386663972
NativeNUFFT2,28,23,1.402006237
NativeNUFFT2,28,24,1.177159395
NativeNUFFT2,28,25,1.383335511
NativeNUFFT2,28,26,1.400907281
NativeNUFFT2,28,27,1.172587496
NativeNUFFT2,28,28,1.394658157
NativeNUFFT2,28,29,1.392740059
PrecorrectionNUFFT2,28,0,0.000574427
PrecorrectionNUFFT2,28,1,0.00074029
PrecorrectionNUFFT2,28,2,0.000577072
PrecorrectionNUFFT2,28,3,0.000582433
PrecorrectionNUFFT2,28,4,0.000566943
PrecorrectionNUFFT2,28,5,0.000567454
PrecorrectionNUFFT2,28,6,0.000555961
PrecorrectionNUFFT2,28,7,0.000597422
PrecorrectionNUFFT2,28,8,0.000549499
PrecorrectionNUFFT2,28,9,0.00057588
PrecorrectionNUFFT2,28,10,0.000569858
PrecorrectionNUFFT2,28,11,0.000567122
PrecorrectionNUFFT2,28,12,0.000576761
PrecorrectionNUFFT2,28,13,0.000561301
PrecorrectionNUFFT2,28,14,0.000570259
PrecorrectionNUFFT2,28,15,0.000577934
PrecorrectionNUFFT2,28,16,0.000566201
PrecorrectionNUFFT2,28,17,0.000566361
PrecorrectionNUFFT2,28,18,0.000554689
PrecorrectionNUFFT2,28,19,0.000548407
PrecorrectionNUFFT2,28,20,0.000551032
PrecorrectionNUFFT2,28,21,0.000580158
PrecorrectionNUFFT2,28,22,0.000563145
PrecorrectionNUFFT2,28,23,0.000553216
PrecorrectionNUFFT2,28,24,0.000557073
PrecorrectionNUFFT2,28,25,0.000548476
PrecorrectionNUFFT2,28,26,0.000554949
PrecorrectionNUFFT2,28,27,0.000561943
PrecorrectionNUFFT2,28,28,0.00055008
PrecorrectionNUFFT2,28,29,0.000553346
FFTNUFFT2,28,0,0.139068656
FFTNUFFT2,28,1,0.363135302
FFTNUFFT2,28,2,0.350373454
FFTNUFFT2,28,3,0.130771449
FFTNUFFT2,28,4,0.347167942
FFTNUFFT2,28,5,0.353182617
FFTNUFFT2,28,6,0.124909649
FFTNUFFT2,28,7,0.355267463
FFTNUFFT2,28,8,0.360028731
FFTNUFFT2,28,9,0.122871817
FFTNUFFT2,28,10,0.364053899
FFTNUFFT2,28,11,0.345539084
FFTNUFFT2,28,12,0.128234706
FFTNUFFT2,28,13,0.357579308
FFTNUFFT2,28,14,0.357764008
FFTNUFFT2,28,15,0.129393159
FFTNUFFT2,28,16,0.36602367
FFTNUFFT2,28,17,0.355580631
FFTNUFFT2,28,18,0.133007508
FFTNUFFT2,28,19,0.365495713
FFTNUFFT2,28,20,0.350275805
FFTNUFFT2,28,21,0.130403924
FFTNUFFT2,28,22,0.33898058
FFTNUFFT2,28,23,0.3562533
FFTNUFFT2,28,24,0.128746732
FFTNUFFT2,28,25,0.34724833
FFTNUFFT2,28,26,0.359938118
FFTNUFFT2,28,27,0.129667093
FFTNUFFT2,28,28,0.351998337
FFTNUFFT2,28,29,0.351880668
GatherNUFFT2,28,0,1.052087588
GatherNUFFT2,28,1,1.057197415
GatherNUFFT2,28,2,1.064860766
GatherNUFFT2,28,3,1.060999298
GatherNUFFT2,28,4,1.063876001
GatherNUFFT2,28,5,1.054057005
GatherNUFFT2,28,6,1.065493889
GatherNUFFT2,28,7,1.048889237
GatherNUFFT2,28,8,1.059306738
GatherNUFFT2,28,9,1.049665027
GatherNUFFT2,28,10,1.054775204
GatherNUFFT2,28,11,1.06208532
GatherNUFFT2,28,12,1.047146769
GatherNUFFT2,28,13,1.049616323
GatherNUFFT2,28,14,1.062748779
GatherNUFFT2,28,15,1.043474808
GatherNUFFT2,28,16,1.050235276
GatherNUFFT2,28,17,1.04901906
GatherNUFFT2,28,18,1.03905825
GatherNUFFT2,28,19,1.048682585
GatherNUFFT2,28,20,1.039505951
GatherNUFFT2,28,21,1.055403035
GatherNUFFT2,28,22,1.047112683
GatherNUFFT2,28,23,1.045190464
GatherNUFFT2,28,24,1.047846513
GatherNUFFT2,28,25,1.035530268
GatherNUFFT2,28,26,1.040406118
GatherNUFFT2,28,27,1.042349422
GatherNUFFT2,28,28,1.042102005
GatherNUFFT2,28,29,1.040296857
mainTimer,29,0,63.095023169
dumpData,29,0,0.173122308
dumpData,29,1,0.175639043
dumpData,29,2,0.174098126
dumpData,29,3,0.171918738
dumpData,29,4,0.174460711
dumpData,29,5,0.170091775
dumpData,29,6,0.155893574
dumpData,29,7,0.168518786
dumpData,29,8,0.169471797
dumpData,29,9,0.172139819
kick,29,0,0.001022419
kick,29,1,0.001050964
kick,29,2,0.001027438
kick,29,3,0.001075862
kick,29,4,0.001024843
kick,29,5,0.001061655
kick,29,6,0.001009954
kick,29,7,0.001064139
kick,29,8,0.001027037
kick,29,9,0.001072445
kick,29,10,0.001018912
kick,29,11,0.001060643
kick,29,12,0.001021286
kick,29,13,0.001047397
kick,29,14,0.00103406
kick,29,15,0.001076133
kick,29,16,0.001033369
kick,29,17,0.001072005
kick,29,18,0.001027508
kick,29,19,0.001067947
drift,29,0,0.001008441
drift,29,1,0.001006417
drift,29,2,0.001005485
drift,29,3,0.001001307
drift,29,4,0.001016808
drift,29,5,0.001007499
drift,29,6,0.001008261
drift,29,7,0.001003221
drift,29,8,0.001019833
drift,29,9,0.000995165
particleBC,29,0,0.002981388
particleBC,29,1,0.002993963
particleBC,29,2,0.002988802
particleBC,29,3,0.003004563
particleBC,29,4,0.002979524
particleBC,29,5,0.002972761
particleBC,29,6,0.002986156
particleBC,29,7,0.002985867
particleBC,29,8,0.002992398
particleBC,29,9,0.003004904
updateParticle,29,0,0.017608524
updateParticle,29,1,0.017723417
updateParticle,29,2,0.017767893
updateParticle,29,3,0.019527405
updateParticle,29,4,0.016833887
updateParticle,29,5,0.018772997
updateParticle,29,6,0.017623643
updateParticle,29,7,0.017178607
updateParticle,29,8,0.016969911
updateParticle,29,9,0.016838817
locateParticles,29,0,0.003988156
locateParticles,29,1,0.0040005
locateParticles,29,2,0.00400055
locateParticles,29,3,0.004005219
locateParticles,29,4,0.004001552
locateParticles,29,5,0.003976502
locateParticles,29,6,0.004082449
locateParticles,29,7,0.003968978
locateParticles,29,8,0.003991051
locateParticles,29,9,0.003999258
sendPreprocess,29,0,0.00170695
sendPreprocess,29,1,0.001655419
sendPreprocess,29,2,0.001864535
sendPreprocess,29,3,0.001618818
sendPreprocess,29,4,0.00181
sendPreprocess,29,5,0.001690968
sendPreprocess,29,6,0.001585353
sendPreprocess,29,7,0.001741657
sendPreprocess,29,8,0.00168658
sendPreprocess,29,9,0.001724093
particleSend,29,0,0.001577898
particleSend,29,1,0.001572969
particleSend,29,2,0.001587017
particleSend,29,3,0.0015943
particleSend,29,4,0.001587758
particleSend,29,5,0.00349658
particleSend,29,6,0.001696048
particleSend,29,7,0.002607562
particleSend,29,8,0.001625181
particleSend,29,9,0.001594421
particleRecv,29,0,4.6149e-05
particleRecv,29,1,4.7002e-05
particleRecv,29,2,4.9106e-05
particleRecv,29,3,5.5227e-05
particleRecv,29,4,5.4126e-05
particleRecv,29,5,5.4065e-05
particleRecv,29,6,5.0839e-05
particleRecv,29,7,4.7282e-05
particleRecv,29,8,4.7171e-05
particleRecv,29,9,5.1069e-05
particleDestroy,29,0,0.007340866
particleDestroy,29,1,0.007323943
particleDestroy,29,2,0.007364853
particleDestroy,29,3,0.007341337
particleDestroy,29,4,0.007330365
particleDestroy,29,5,0.00728673
particleDestroy,29,6,0.007315898
particleDestroy,29,7,0.007313843
particleDestroy,29,8,0.007304846
particleDestroy,29,9,0.00731735
ScatterPIFNUFFT,29,0,2.052639038
ScatterPIFNUFFT,29,1,0.001259069
ScatterPIFNUFFT,29,2,2.053003282
ScatterPIFNUFFT,29,3,0.001262805
ScatterPIFNUFFT,29,4,2.056918212
ScatterPIFNUFFT,29,5,0.001253908
ScatterPIFNUFFT,29,6,2.056953894
ScatterPIFNUFFT,29,7,0.001258638
ScatterPIFNUFFT,29,8,2.055085672
ScatterPIFNUFFT,29,9,0.00126488
ScatterPIFNUFFT,29,10,2.052758265
ScatterPIFNUFFT,29,11,0.001265601
ScatterPIFNUFFT,29,12,2.054918406
ScatterPIFNUFFT,29,13,0.001262765
ScatterPIFNUFFT,29,14,2.052722295
ScatterPIFNUFFT,29,15,0.001261272
ScatterPIFNUFFT,29,16,2.059078116
ScatterPIFNUFFT,29,17,0.001261844
ScatterPIFNUFFT,29,18,2.055354939
ScatterPIFNUFFT,29,19,0.001260712
NativeNUFFT1,29,0,2.050827585
NativeNUFFT1,29,1,2.051179235
NativeNUFFT1,29,2,2.055107319
NativeNUFFT1,29,3,2.055141109
NativeNUFFT1,29,4,2.053265522
NativeNUFFT1,29,5,2.050942755
NativeNUFFT1,29,6,2.05310541
NativeNUFFT1,29,7,2.050692507
NativeNUFFT1,29,8,2.057267745
NativeNUFFT1,29,9,2.053536894
scatterTimerNUFFT1,29,0,1.915184373
scatterTimerNUFFT1,29,1,1.915513088
scatterTimerNUFFT1,29,2,1.918050738
scatterTimerNUFFT1,29,3,1.914232726
scatterTimerNUFFT1,29,4,1.915579076
scatterTimerNUFFT1,29,5,1.914736687
scatterTimerNUFFT1,29,6,1.91509842
scatterTimerNUFFT1,29,7,1.914742738
scatterTimerNUFFT1,29,8,1.915970266
scatterTimerNUFFT1,29,9,1.916137095
binSort,29,0,0.007169732
binSort,29,1,0.006844471
binSort,29,2,0.006901401
binSort,29,3,0.006899978
binSort,29,4,0.006977189
binSort,29,5,0.006873247
binSort,29,6,0.006885129
binSort,29,7,0.007706807
binSort,29,8,0.006849641
binSort,29,9,0.006887534
binComputeKeys,29,0,0.000525973
binComputeKeys,29,1,0.000520692
binComputeKeys,29,2,0.000523799
binComputeKeys,29,3,0.0005247
binComputeKeys,29,4,0.000518899
binComputeKeys,29,5,0.000520021
binComputeKeys,29,6,0.000520632
binComputeKeys,29,7,0.000522205
binComputeKeys,29,8,0.000523558
binComputeKeys,29,9,0.000518097
binSortByKey,29,0,0.006441587
binSortByKey,29,1,0.006119981
binSortByKey,29,2,0.006177093
binSortByKey,29,3,0.006169257
binSortByKey,29,4,0.006254222
binSortByKey,29,5,0.006149549
binSortByKey,29,6,0.006159849
binSortByKey,29,7,0.006980946
binSortByKey,29,8,0.006121063
binSortByKey,29,9,0.006164057
binComputeOffsets,29,0,0.000199248
binComputeOffsets,29,1,0.0002009
binComputeOffsets,29,2,0.000197203
binComputeOffsets,29,3,0.000202514
binComputeOffsets,29,4,0.00020054
binComputeOffsets,29,5,0.000200199
binComputeOffsets,29,6,0.000201212
binComputeOffsets,29,7,0.000200179
binComputeOffsets,29,8,0.000200911
binComputeOffsets,29,9,0.000201993
FFTNUFFT1,29,0,0.135333931
FFTNUFFT1,29,1,0.135357989
FFTNUFFT1,29,2,0.136743733
FFTNUFFT1,29,3,0.140604751
FFTNUFFT1,29,4,0.137379871
FFTNUFFT1,29,5,0.135889201
FFTNUFFT1,29,6,0.137694722
FFTNUFFT1,29,7,0.135636149
FFTNUFFT1,29,8,0.140986534
FFTNUFFT1,29,9,0.137086821
deconvolutionNUFFT1,29,0,0.000305925
deconvolutionNUFFT1,29,1,0.000304692
deconvolutionNUFFT1,29,2,0.000308931
deconvolutionNUFFT1,29,3,0.000300214
deconvolutionNUFFT1,29,4,0.000302398
deconvolutionNUFFT1,29,5,0.000313319
deconvolutionNUFFT1,29,6,0.000309031
deconvolutionNUFFT1,29,7,0.000310263
deconvolutionNUFFT1,29,8,0.000306706
deconvolutionNUFFT1,29,9,0.000309361
GatherPIFNUFFT,29,0,4.090062727
GatherPIFNUFFT,29,1,4.075198959
GatherPIFNUFFT,29,2,4.072824193
GatherPIFNUFFT,29,3,4.06957254
GatherPIFNUFFT,29,4,4.061096247
GatherPIFNUFFT,29,5,4.06091313
GatherPIFNUFFT,29,6,4.058359234
GatherPIFNUFFT,29,7,4.041869756
GatherPIFNUFFT,29,8,4.023244944
GatherPIFNUFFT,29,9,4.02151679
NativeNUFFT2,29,0,1.246479249
NativeNUFFT2,29,1,1.416115617
NativeNUFFT2,29,2,1.417325689
NativeNUFFT2,29,3,1.250701158
NativeNUFFT2,29,4,1.402856941
NativeNUFFT2,29,5,1.411488205
NativeNUFFT2,29,6,1.251130624
NativeNUFFT2,29,7,1.400279079
NativeNUFFT2,29,8,1.411246569
NativeNUFFT2,29,9,1.234697577
NativeNUFFT2,29,10,1.410303172
NativeNUFFT2,29,11,1.414503561
NativeNUFFT2,29,12,1.235274709
NativeNUFFT2,29,13,1.421843496
NativeNUFFT2,29,14,1.393884723
NativeNUFFT2,29,15,1.233150707
NativeNUFFT2,29,16,1.414514662
NativeNUFFT2,29,17,1.4031232
NativeNUFFT2,29,18,1.243885364
NativeNUFFT2,29,19,1.39078724
NativeNUFFT2,29,20,1.413627027
NativeNUFFT2,29,21,1.241481909
NativeNUFFT2,29,22,1.385650882
NativeNUFFT2,29,23,1.404598068
NativeNUFFT2,29,24,1.220445454
NativeNUFFT2,29,25,1.410751916
NativeNUFFT2,29,26,1.381897095
NativeNUFFT2,29,27,1.225748397
NativeNUFFT2,29,28,1.397773395
NativeNUFFT2,29,29,1.387843856
PrecorrectionNUFFT2,29,0,0.000580489
PrecorrectionNUFFT2,29,1,0.00056068
PrecorrectionNUFFT2,29,2,0.000557414
PrecorrectionNUFFT2,29,3,0.00058124
PrecorrectionNUFFT2,29,4,0.000563987
PrecorrectionNUFFT2,29,5,0.00056008
PrecorrectionNUFFT2,29,6,0.000578565
PrecorrectionNUFFT2,29,7,0.000566782
PrecorrectionNUFFT2,29,8,0.000569568
PrecorrectionNUFFT2,29,9,0.000560019
PrecorrectionNUFFT2,29,10,0.000547685
PrecorrectionNUFFT2,29,11,0.000542716
PrecorrectionNUFFT2,29,12,0.000560019
PrecorrectionNUFFT2,29,13,0.000543487
PrecorrectionNUFFT2,29,14,0.00053974
PrecorrectionNUFFT2,29,15,0.000587042
PrecorrectionNUFFT2,29,16,0.00057072
PrecorrectionNUFFT2,29,17,0.000572904
PrecorrectionNUFFT2,29,18,0.000565911
PrecorrectionNUFFT2,29,19,0.000546082
PrecorrectionNUFFT2,29,20,0.000542184
PrecorrectionNUFFT2,29,21,0.000583255
PrecorrectionNUFFT2,29,22,0.000566121
PrecorrectionNUFFT2,29,23,0.000569698
PrecorrectionNUFFT2,29,24,0.0005865
PrecorrectionNUFFT2,29,25,0.000552694
PrecorrectionNUFFT2,29,26,0.000574868
PrecorrectionNUFFT2,29,27,0.000581861
PrecorrectionNUFFT2,29,28,0.000564268
PrecorrectionNUFFT2,29,29,0.000567173
FFTNUFFT2,29,0,0.13713713
FFTNUFFT2,29,1,0.30690401
FFTNUFFT2,29,2,0.299151796
FFTNUFFT2,29,3,0.129966944
FFTNUFFT2,29,4,0.29085985
FFTNUFFT2,29,5,0.304397035
FFTNUFFT2,29,6,0.127885797
FFTNUFFT2,29,7,0.296388972
FFTNUFFT2,29,8,0.305228042
FFTNUFFT2,29,9,0.130583374
FFTNUFFT2,29,10,0.309101705
FFTNUFFT2,29,11,0.30137548
FFTNUFFT2,29,12,0.131303293
FFTNUFFT2,29,13,0.302024322
FFTNUFFT2,29,14,0.287183341
FFTNUFFT2,29,15,0.129237596
FFTNUFFT2,29,16,0.308826409
FFTNUFFT2,29,17,0.291943738
FFTNUFFT2,29,18,0.130700612
FFTNUFFT2,29,19,0.293679623
FFTNUFFT2,29,20,0.303006612
FFTNUFFT2,29,21,0.129840118
FFTNUFFT2,29,22,0.288758645
FFTNUFFT2,29,23,0.301360872
FFTNUFFT2,29,24,0.126093001
FFTNUFFT2,29,25,0.304188962
FFTNUFFT2,29,26,0.287711311
FFTNUFFT2,29,27,0.128881135
FFTNUFFT2,29,28,0.299634225
FFTNUFFT2,29,29,0.297063666
GatherNUFFT2,29,0,1.108754667
GatherNUFFT2,29,1,1.108643762
GatherNUFFT2,29,2,1.117609756
GatherNUFFT2,29,3,1.120144457
GatherNUFFT2,29,4,1.11142583
GatherNUFFT2,29,5,1.106524137
GatherNUFFT2,29,6,1.122657054
GatherNUFFT2,29,7,1.103315999
GatherNUFFT2,29,8,1.105436926
GatherNUFFT2,29,9,1.103546008
GatherNUFFT2,29,10,1.100645857
GatherNUFFT2,29,11,1.112578433
GatherNUFFT2,29,12,1.103402739
GatherNUFFT2,29,13,1.119269014
GatherNUFFT2,29,14,1.106154359
GatherNUFFT2,29,15,1.103318305
GatherNUFFT2,29,16,1.105108226
GatherNUFFT2,29,17,1.110599334
GatherNUFFT2,29,18,1.112610266
GatherNUFFT2,29,19,1.096554642
GatherNUFFT2,29,20,1.110071187
GatherNUFFT2,29,21,1.111050521
GatherNUFFT2,29,22,1.096319594
GatherNUFFT2,29,23,1.102659623
GatherNUFFT2,29,24,1.093758197
GatherNUFFT2,29,25,1.106002324
GatherNUFFT2,29,26,1.09360301
GatherNUFFT2,29,27,1.096277726
GatherNUFFT2,29,28,1.097568089
GatherNUFFT2,29,29,1.090206014
mainTimer,30,0,63.095019062
dumpData,30,0,0.174655389
dumpData,30,1,0.176179885
dumpData,30,2,0.175264745
dumpData,30,3,0.17704187
dumpData,30,4,0.174778769
dumpData,30,5,0.173854583
dumpData,30,6,0.171180502
dumpData,30,7,0.176461893
dumpData,30,8,0.171833198
dumpData,30,9,0.172636805
kick,30,0,0.001021035
kick,30,1,0.001050423
kick,30,2,0.001016857
kick,30,3,0.001068437
kick,30,4,0.001027819
kick,30,5,0.001067305
kick,30,6,0.0010182
kick,30,7,0.001063078
kick,30,8,0.001028971
kick,30,9,0.00106961
kick,30,10,0.001024042
kick,30,11,0.001069961
kick,30,12,0.001009593
kick,30,13,0.00105922
kick,30,14,0.001020645
kick,30,15,0.001073788
kick,30,16,0.001014282
kick,30,17,0.001049131
kick,30,18,0.00101306
kick,30,19,0.001073327
drift,30,0,0.001014573
drift,30,1,0.001019212
drift,30,2,0.001013952
drift,30,3,0.001022538
drift,30,4,0.001008351
drift,30,5,0.001014343
drift,30,6,0.001011617
drift,30,7,0.001020134
drift,30,8,0.00102332
drift,30,9,0.001007028
particleBC,30,0,0.002984885
particleBC,30,1,0.003014763
particleBC,30,2,0.002987831
particleBC,30,3,0.00299283
particleBC,30,4,0.002988121
particleBC,30,5,0.003017068
particleBC,30,6,0.002991908
particleBC,30,7,0.003004844
particleBC,30,8,0.002974123
particleBC,30,9,0.003001327
updateParticle,30,0,0.018243379
updateParticle,30,1,0.017853058
updateParticle,30,2,0.018558741
updateParticle,30,3,0.019516644
updateParticle,30,4,0.017011903
updateParticle,30,5,0.018813467
updateParticle,30,6,0.017739387
updateParticle,30,7,0.017150432
updateParticle,30,8,0.01743199
updateParticle,30,9,0.01691763
locateParticles,30,0,0.004121416
locateParticles,30,1,0.004099642
locateParticles,30,2,0.004112027
locateParticles,30,3,0.004125654
locateParticles,30,4,0.00411889
locateParticles,30,5,0.004111695
locateParticles,30,6,0.004151653
locateParticles,30,7,0.004101967
locateParticles,30,8,0.00413417
locateParticles,30,9,0.004110614
sendPreprocess,30,0,0.001560575
sendPreprocess,30,1,0.001533402
sendPreprocess,30,2,0.001744312
sendPreprocess,30,3,0.001480729
sendPreprocess,30,4,0.001692791
sendPreprocess,30,5,0.001502121
sendPreprocess,30,6,0.001518754
sendPreprocess,30,7,0.001586415
sendPreprocess,30,8,0.0015786
sendPreprocess,30,9,0.001620903
particleSend,30,0,0.001828496
particleSend,30,1,0.001768219
particleSend,30,2,0.001774531
particleSend,30,3,0.002687937
particleSend,30,4,0.001682071
particleSend,30,5,0.002773734
particleSend,30,6,0.002555098
particleSend,30,7,0.001605142
particleSend,30,8,0.002558826
particleSend,30,9,0.001617736
particleRecv,30,0,6.7802e-05
particleRecv,30,1,5.2582e-05
particleRecv,30,2,0.000104333
particleRecv,30,3,4.7102e-05
particleRecv,30,4,5.1781e-05
particleRecv,30,5,5.0688e-05
particleRecv,30,6,5.5498e-05
particleRecv,30,7,4.7392e-05
particleRecv,30,8,4.8434e-05
particleRecv,30,9,4.8684e-05
particleDestroy,30,0,0.007494625
particleDestroy,30,1,0.007510896
particleDestroy,30,2,0.007493232
particleDestroy,30,3,0.007702479
particleDestroy,30,4,0.007496218
particleDestroy,30,5,0.007523851
particleDestroy,30,6,0.007528291
particleDestroy,30,7,0.007485116
particleDestroy,30,8,0.007587546
particleDestroy,30,9,0.007546676
ScatterPIFNUFFT,30,0,2.046138717
ScatterPIFNUFFT,30,1,0.001263296
ScatterPIFNUFFT,30,2,2.045618712
ScatterPIFNUFFT,30,3,0.001257525
ScatterPIFNUFFT,30,4,2.050045786
ScatterPIFNUFFT,30,5,0.001262054
ScatterPIFNUFFT,30,6,2.049002871
ScatterPIFNUFFT,30,7,0.001259981
ScatterPIFNUFFT,30,8,2.047854199
ScatterPIFNUFFT,30,9,0.001259249
ScatterPIFNUFFT,30,10,2.044856448
ScatterPIFNUFFT,30,11,0.001254369
ScatterPIFNUFFT,30,12,2.044345545
ScatterPIFNUFFT,30,13,0.001262175
ScatterPIFNUFFT,30,14,2.049040594
ScatterPIFNUFFT,30,15,0.001261523
ScatterPIFNUFFT,30,16,2.053295651
ScatterPIFNUFFT,30,17,0.001266422
ScatterPIFNUFFT,30,18,2.045976892
ScatterPIFNUFFT,30,19,0.001262836
NativeNUFFT1,30,0,2.044338897
NativeNUFFT1,30,1,2.04380728
NativeNUFFT1,30,2,2.04822743
NativeNUFFT1,30,3,2.047205125
NativeNUFFT1,30,4,2.046048507
NativeNUFFT1,30,5,2.04303695
NativeNUFFT1,30,6,2.042528411
NativeNUFFT1,30,7,2.047245343
NativeNUFFT1,30,8,2.051483316
NativeNUFFT1,30,9,2.044149298
scatterTimerNUFFT1,30,0,1.915389963
scatterTimerNUFFT1,30,1,1.916154145
scatterTimerNUFFT1,30,2,1.918041762
scatterTimerNUFFT1,30,3,1.914863914
scatterTimerNUFFT1,30,4,1.91602355
scatterTimerNUFFT1,30,5,1.915270705
scatterTimerNUFFT1,30,6,1.915392331
scatterTimerNUFFT1,30,7,1.915565407
scatterTimerNUFFT1,30,8,1.916339434
scatterTimerNUFFT1,30,9,1.916711541
binSort,30,0,0.006883085
binSort,30,1,0.006864008
binSort,30,2,0.006872715
binSort,30,3,0.006870561
binSort,30,4,0.007089527
binSort,30,5,0.006879098
binSort,30,6,0.006897543
binSort,30,7,0.006971849
binSort,30,8,0.006877655
binSort,30,9,0.006870091
binComputeKeys,30,0,0.000524681
binComputeKeys,30,1,0.000524239
binComputeKeys,30,2,0.000521935
binComputeKeys,30,3,0.000521504
binComputeKeys,30,4,0.000526173
binComputeKeys,30,5,0.00052469
binComputeKeys,30,6,0.00052433
binComputeKeys,30,7,0.000521785
binComputeKeys,30,8,0.000528398
binComputeKeys,30,9,0.000521194
binSortByKey,30,0,0.006152264
binSortByKey,30,1,0.006136474
binSortByKey,30,2,0.006146052
binSortByKey,30,3,0.006143457
binSortByKey,30,4,0.006357573
binSortByKey,30,5,0.006150802
binSortByKey,30,6,0.006165029
binSortByKey,30,7,0.006243903
binSortByKey,30,8,0.006139228
binSortByKey,30,9,0.006141123
binComputeOffsets,30,0,0.000203005
binComputeOffsets,30,1,0.00020032
binComputeOffsets,30,2,0.000201822
binComputeOffsets,30,3,0.000202514
binComputeOffsets,30,4,0.000202564
binComputeOffsets,30,5,0.00020057
binComputeOffsets,30,6,0.000204487
binComputeOffsets,30,7,0.000202574
binComputeOffsets,30,8,0.000205279
binComputeOffsets,30,9,0.000204277
FFTNUFFT1,30,0,0.128633942
FFTNUFFT1,30,1,0.127342792
FFTNUFFT1,30,2,0.129870277
FFTNUFFT1,30,3,0.132029565
FFTNUFFT1,30,4,0.129709273
FFTNUFFT1,30,5,0.127456633
FFTNUFFT1,30,6,0.126819834
FFTNUFFT1,30,7,0.131367708
FFTNUFFT1,30,8,0.134836454
FFTNUFFT1,30,9,0.127129878
deconvolutionNUFFT1,30,0,0.000310244
deconvolutionNUFFT1,30,1,0.000306325
deconvolutionNUFFT1,30,2,0.000311616
deconvolutionNUFFT1,30,3,0.000307848
deconvolutionNUFFT1,30,4,0.000311686
deconvolutionNUFFT1,30,5,0.000305915
deconvolutionNUFFT1,30,6,0.000312818
deconvolutionNUFFT1,30,7,0.000307568
deconvolutionNUFFT1,30,8,0.000301707
deconvolutionNUFFT1,30,9,0.000304432
GatherPIFNUFFT,30,0,4.094370906
GatherPIFNUFFT,30,1,4.081878518
GatherPIFNUFFT,30,2,4.077699604
GatherPIFNUFFT,30,3,4.072391943
GatherPIFNUFFT,30,4,4.067848468
GatherPIFNUFFT,30,5,4.064924461
GatherPIFNUFFT,30,6,4.05351794
GatherPIFNUFFT,30,7,4.037634159
GatherPIFNUFFT,30,8,4.026289965
GatherPIFNUFFT,30,9,4.030304118
NativeNUFFT2,30,0,1.249889611
NativeNUFFT2,30,1,1.41357189
NativeNUFFT2,30,2,1.420606999
NativeNUFFT2,30,3,1.243688299
NativeNUFFT2,30,4,1.417539074
NativeNUFFT2,30,5,1.410653272
NativeNUFFT2,30,6,1.2441972
NativeNUFFT2,30,7,1.413362642
NativeNUFFT2,30,8,1.410070691
NativeNUFFT2,30,9,1.24549866
NativeNUFFT2,30,10,1.408130778
NativeNUFFT2,30,11,1.408728611
NativeNUFFT2,30,12,1.240167122
NativeNUFFT2,30,13,1.411779014
NativeNUFFT2,30,14,1.405833861
NativeNUFFT2,30,15,1.240347833
NativeNUFFT2,30,16,1.407108861
NativeNUFFT2,30,17,1.407436929
NativeNUFFT2,30,18,1.240600846
NativeNUFFT2,30,19,1.404404541
NativeNUFFT2,30,20,1.398398222
NativeNUFFT2,30,21,1.229863916
NativeNUFFT2,30,22,1.398873646
NativeNUFFT2,30,23,1.398856272
NativeNUFFT2,30,24,1.227137728
NativeNUFFT2,30,25,1.39193853
NativeNUFFT2,30,26,1.397095581
NativeNUFFT2,30,27,1.229346755
NativeNUFFT2,30,28,1.395664934
NativeNUFFT2,30,29,1.395248256
PrecorrectionNUFFT2,30,0,0.000574728
PrecorrectionNUFFT2,30,1,0.00056021
PrecorrectionNUFFT2,30,2,0.000572494
PrecorrectionNUFFT2,30,3,0.00056051
PrecorrectionNUFFT2,30,4,0.000544348
PrecorrectionNUFFT2,30,5,0.000541383
PrecorrectionNUFFT2,30,6,0.000564648
PrecorrectionNUFFT2,30,7,0.000552555
PrecorrectionNUFFT2,30,8,0.000542565
PrecorrectionNUFFT2,30,9,0.000563526
PrecorrectionNUFFT2,30,10,0.000545441
PrecorrectionNUFFT2,30,11,0.000545761
PrecorrectionNUFFT2,30,12,0.000582152
PrecorrectionNUFFT2,30,13,0.00056057
PrecorrectionNUFFT2,30,14,0.000564888
PrecorrectionNUFFT2,30,15,0.000564318
PrecorrectionNUFFT2,30,16,0.000549018
PrecorrectionNUFFT2,30,17,0.000542455
PrecorrectionNUFFT2,30,18,0.000589326
PrecorrectionNUFFT2,30,19,0.000567684
PrecorrectionNUFFT2,30,20,0.000558356
PrecorrectionNUFFT2,30,21,0.000557173
PrecorrectionNUFFT2,30,22,0.000539659
PrecorrectionNUFFT2,30,23,0.000543167
PrecorrectionNUFFT2,30,24,0.00059126
PrecorrectionNUFFT2,30,25,0.00055561
PrecorrectionNUFFT2,30,26,0.000555781
PrecorrectionNUFFT2,30,27,0.000557434
PrecorrectionNUFFT2,30,28,0.000545842
PrecorrectionNUFFT2,30,29,0.000548286
FFTNUFFT2,30,0,0.138144608
FFTNUFFT2,30,1,0.30173585
FFTNUFFT2,30,2,0.303205168
FFTNUFFT2,30,3,0.130491945
FFTNUFFT2,30,4,0.304199613
FFTNUFFT2,30,5,0.29833663
FFTNUFFT2,30,6,0.129637544
FFTNUFFT2,30,7,0.304242404
FFTNUFFT2,30,8,0.299243083
FFTNUFFT2,30,9,0.133479175
FFTNUFFT2,30,10,0.301324109
FFTNUFFT2,30,11,0.29999231
FFTNUFFT2,30,12,0.132802027
FFTNUFFT2,30,13,0.300634379
FFTNUFFT2,30,14,0.298053019
FFTNUFFT2,30,15,0.135897998
FFTNUFFT2,30,16,0.303609675
FFTNUFFT2,30,17,0.302115399
FFTNUFFT2,30,18,0.135186274
FFTNUFFT2,30,19,0.300971875
FFTNUFFT2,30,20,0.294967639
FFTNUFFT2,30,21,0.129362058
FFTNUFFT2,30,22,0.296192471
FFTNUFFT2,30,23,0.299782642
FFTNUFFT2,30,24,0.123039203
FFTNUFFT2,30,25,0.296848307
FFTNUFFT2,30,26,0.2999394
FFTNUFFT2,30,27,0.135842202
FFTNUFFT2,30,28,0.29993516
FFTNUFFT2,30,29,0.300525748
GatherNUFFT2,30,0,1.11116209
GatherNUFFT2,30,1,1.111267194
GatherNUFFT2,30,2,1.116821323
GatherNUFFT2,30,3,1.112627579
GatherNUFFT2,30,4,1.112787929
GatherNUFFT2,30,5,1.111766341
GatherNUFFT2,30,6,1.113982584
GatherNUFFT2,30,7,1.108559145
GatherNUFFT2,30,8,1.110277188
GatherNUFFT2,30,9,1.111448045
GatherNUFFT2,30,10,1.10625233
GatherNUFFT2,30,11,1.108183126
GatherNUFFT2,30,12,1.106773303
GatherNUFFT2,30,13,1.11057637
GatherNUFFT2,30,14,1.107207697
GatherNUFFT2,30,15,1.103876199
GatherNUFFT2,30,16,1.102941121
GatherNUFFT2,30,17,1.104770729
GatherNUFFT2,30,18,1.104816069
GatherNUFFT2,30,19,1.102856476
GatherNUFFT2,30,20,1.102865424
GatherNUFFT2,30,21,1.099935977
GatherNUFFT2,30,22,1.102134392
GatherNUFFT2,30,23,1.098522218
GatherNUFFT2,30,24,1.103499931
GatherNUFFT2,30,25,1.094527147
GatherNUFFT2,30,26,1.096593015
GatherNUFFT2,30,27,1.0929373
GatherNUFFT2,30,28,1.095176257
GatherNUFFT2,30,29,1.094167167
mainTimer,31,0,63.09502351
dumpData,31,0,0.100249654
dumpData,31,1,0.097139997
dumpData,31,2,0.104702754
dumpData,31,3,0.098780617
dumpData,31,4,0.099874855
dumpData,31,5,0.099771825
dumpData,31,6,0.09523904
dumpData,31,7,0.104204946
dumpData,31,8,0.0943136
dumpData,31,9,0.096913648
kick,31,0,0.001093988
kick,31,1,0.001125118
kick,31,2,0.001077926
kick,31,3,0.00112098
kick,31,4,0.001076774
kick,31,5,0.001117142
kick,31,6,0.001077295
kick,31,7,0.001138524
kick,31,8,0.001083658
kick,31,9,0.001107153
kick,31,10,0.00107441
kick,31,11,0.001112673
kick,31,12,0.001086413
kick,31,13,0.001124256
kick,31,14,0.001097504
kick,31,15,0.001121521
kick,31,16,0.001075221
kick,31,17,0.001118515
kick,31,18,0.001071433
kick,31,19,0.001114067
drift,31,0,0.001107093
drift,31,1,0.001107574
drift,31,2,0.001099949
drift,31,3,0.001109748
drift,31,4,0.001099628
drift,31,5,0.001106662
drift,31,6,0.001110439
drift,31,7,0.001117032
drift,31,8,0.001114748
drift,31,9,0.00109547
particleBC,31,0,0.003180524
particleBC,31,1,0.003220152
particleBC,31,2,0.003192629
particleBC,31,3,0.00319867
particleBC,31,4,0.003184563
particleBC,31,5,0.003203941
particleBC,31,6,0.003190835
particleBC,31,7,0.003190495
particleBC,31,8,0.003163121
particleBC,31,9,0.003176457
updateParticle,31,0,0.017783124
updateParticle,31,1,0.017487307
updateParticle,31,2,0.018234821
updateParticle,31,3,0.019239485
updateParticle,31,4,0.016728342
updateParticle,31,5,0.018503503
updateParticle,31,6,0.01740616
updateParticle,31,7,0.016920084
updateParticle,31,8,0.017153849
updateParticle,31,9,0.01691253
locateParticles,31,0,0.004382713
locateParticles,31,1,0.00436082
locateParticles,31,2,0.004366612
locateParticles,31,3,0.004377744
locateParticles,31,4,0.004411769
locateParticles,31,5,0.004415376
locateParticles,31,6,0.004384688
locateParticles,31,7,0.004398443
locateParticles,31,8,0.004394697
locateParticles,31,9,0.00439662
sendPreprocess,31,0,0.000942884
sendPreprocess,31,1,0.000918185
sendPreprocess,31,2,0.001150257
sendPreprocess,31,3,0.00087958
sendPreprocess,31,4,0.001056735
sendPreprocess,31,5,0.000868469
sendPreprocess,31,6,0.000908026
sendPreprocess,31,7,0.000928605
sendPreprocess,31,8,0.000972672
sendPreprocess,31,9,0.001009664
particleSend,31,0,0.001701729
particleSend,31,1,0.001696179
particleSend,31,2,0.001691881
particleSend,31,3,0.001694254
particleSend,31,4,0.001697432
particleSend,31,5,0.002727424
particleSend,31,6,0.00172247
particleSend,31,7,0.001700106
particleSend,31,8,0.001701378
particleSend,31,9,0.001767187
particleRecv,31,0,6.0938e-05
particleRecv,31,1,5.5278e-05
particleRecv,31,2,5.7562e-05
particleRecv,31,3,5.3624e-05
particleRecv,31,4,5.1761e-05
particleRecv,31,5,5.0989e-05
particleRecv,31,6,6.1781e-05
particleRecv,31,7,5.5608e-05
particleRecv,31,8,5.4806e-05
particleRecv,31,9,6.3503e-05
particleDestroy,31,0,0.008052109
particleDestroy,31,1,0.00805273
particleDestroy,31,2,0.008080504
particleDestroy,31,3,0.00807846
particleDestroy,31,4,0.008104521
particleDestroy,31,5,0.008059654
particleDestroy,31,6,0.008078841
particleDestroy,31,7,0.008077148
particleDestroy,31,8,0.008018564
particleDestroy,31,9,0.008065565
ScatterPIFNUFFT,31,0,2.053129051
ScatterPIFNUFFT,31,1,0.001242537
ScatterPIFNUFFT,31,2,2.052344602
ScatterPIFNUFFT,31,3,0.00123955
ScatterPIFNUFFT,31,4,2.05690707
ScatterPIFNUFFT,31,5,0.001241615
ScatterPIFNUFFT,31,6,2.051978598
ScatterPIFNUFFT,31,7,0.001240672
ScatterPIFNUFFT,31,8,2.054571462
ScatterPIFNUFFT,31,9,0.001240903
ScatterPIFNUFFT,31,10,2.056209978
ScatterPIFNUFFT,31,11,0.001237336
ScatterPIFNUFFT,31,12,2.050990928
ScatterPIFNUFFT,31,13,0.001248808
ScatterPIFNUFFT,31,14,2.055586354
ScatterPIFNUFFT,31,15,0.001243618
ScatterPIFNUFFT,31,16,2.058708547
ScatterPIFNUFFT,31,17,0.001243137
ScatterPIFNUFFT,31,18,2.052959741
ScatterPIFNUFFT,31,19,0.001243878
NativeNUFFT1,31,0,2.051255056
NativeNUFFT1,31,1,2.050438405
NativeNUFFT1,31,2,2.055016773
NativeNUFFT1,31,3,2.050072351
NativeNUFFT1,31,4,2.05267282
NativeNUFFT1,31,5,2.054322998
NativeNUFFT1,31,6,2.049071765
NativeNUFFT1,31,7,2.053675809
NativeNUFFT1,31,8,2.056794545
NativeNUFFT1,31,9,2.051040459
scatterTimerNUFFT1,31,0,1.915007178
scatterTimerNUFFT1,31,1,1.915155493
scatterTimerNUFFT1,31,2,1.916658671
scatterTimerNUFFT1,31,3,1.914946384
scatterTimerNUFFT1,31,4,1.916288535
scatterTimerNUFFT1,31,5,1.915539768
scatterTimerNUFFT1,31,6,1.915528747
scatterTimerNUFFT1,31,7,1.915129841
scatterTimerNUFFT1,31,8,1.916009391
scatterTimerNUFFT1,31,9,1.91662883
binSort,31,0,0.00738927
binSort,31,1,0.007412455
binSort,31,2,0.007381344
binSort,31,3,0.007455829
binSort,31,4,0.007393448
binSort,31,5,0.007388779
binSort,31,6,0.007384961
binSort,31,7,0.007394741
binSort,31,8,0.007367036
binSort,31,9,0.00741975
binComputeKeys,31,0,0.000548096
binComputeKeys,31,1,0.000552745
binComputeKeys,31,2,0.000548417
binComputeKeys,31,3,0.000549429
binComputeKeys,31,4,0.000552605
binComputeKeys,31,5,0.000554789
binComputeKeys,31,6,0.000550881
binComputeKeys,31,7,0.000558015
binComputeKeys,31,8,0.000549669
binComputeKeys,31,9,0.000557965
binSortByKey,31,0,0.006623681
binSortByKey,31,1,0.006643289
binSortByKey,31,2,0.006615305
binSortByKey,31,3,0.00667972
binSortByKey,31,4,0.006622088
binSortByKey,31,5,0.006616477
binSortByKey,31,6,0.006615785
binSortByKey,31,7,0.006619984
binSortByKey,31,8,0.0065975
binSortByKey,31,9,0.006642387
binComputeOffsets,31,0,0.000214768
binComputeOffsets,31,1,0.000213214
binComputeOffsets,31,2,0.000214457
binComputeOffsets,31,3,0.000223094
binComputeOffsets,31,4,0.000214888
binComputeOffsets,31,5,0.000214267
binComputeOffsets,31,6,0.000214798
binComputeOffsets,31,7,0.000213325
binComputeOffsets,31,8,0.000214848
binComputeOffsets,31,9,0.00021601
FFTNUFFT1,31,0,0.135938667
FFTNUFFT1,31,1,0.134970957
FFTNUFFT1,31,2,0.138039312
FFTNUFFT1,31,3,0.134809513
FFTNUFFT1,31,4,0.136069322
FFTNUFFT1,31,5,0.138463107
FFTNUFFT1,31,6,0.133227335
FFTNUFFT1,31,7,0.138226377
FFTNUFFT1,31,8,0.14046014
FFTNUFFT1,31,9,0.134097838
deconvolutionNUFFT1,31,0,0.000305133
deconvolutionNUFFT1,31,1,0.000308059
deconvolutionNUFFT1,31,2,0.000314652
deconvolutionNUFFT1,31,3,0.000312658
deconvolutionNUFFT1,31,4,0.000310654
deconvolutionNUFFT1,31,5,0.000316355
deconvolutionNUFFT1,31,6,0.000311967
deconvolutionNUFFT1,31,7,0.000315855
deconvolutionNUFFT1,31,8,0.000319842
deconvolutionNUFFT1,31,9,0.000309872
GatherPIFNUFFT,31,0,4.161815585
GatherPIFNUFFT,31,1,4.15418376
GatherPIFNUFFT,31,2,4.141379512
GatherPIFNUFFT,31,3,4.147550954
GatherPIFNUFFT,31,4,4.135947239
GatherPIFNUFFT,31,5,4.127620424
GatherPIFNUFFT,31,6,4.122688335
GatherPIFNUFFT,31,7,4.103158865
GatherPIFNUFFT,31,8,4.098226957
GatherPIFNUFFT,31,9,4.098689767
NativeNUFFT2,31,0,1.313746222
NativeNUFFT2,31,1,1.422807861
NativeNUFFT2,31,2,1.414746553
NativeNUFFT2,31,3,1.315738766
NativeNUFFT2,31,4,1.413128456
NativeNUFFT2,31,5,1.414870894
NativeNUFFT2,31,6,1.315307577
NativeNUFFT2,31,7,1.406770642
NativeNUFFT2,31,8,1.408813998
NativeNUFFT2,31,9,1.315206762
NativeNUFFT2,31,10,1.408665679
NativeNUFFT2,31,11,1.413213674
NativeNUFFT2,31,12,1.304591148
NativeNUFFT2,31,13,1.41591189
NativeNUFFT2,31,14,1.404990841
NativeNUFFT2,31,15,1.306229052
NativeNUFFT2,31,16,1.408174043
NativeNUFFT2,31,17,1.402759383
NativeNUFFT2,31,18,1.303458916
NativeNUFFT2,31,19,1.408651561
NativeNUFFT2,31,20,1.400063932
NativeNUFFT2,31,21,1.299077124
NativeNUFFT2,31,22,1.400349867
NativeNUFFT2,31,23,1.393276931
NativeNUFFT2,31,24,1.296226855
NativeNUFFT2,31,25,1.398537142
NativeNUFFT2,31,26,1.39301338
NativeNUFFT2,31,27,1.299930949
NativeNUFFT2,31,28,1.394948953
NativeNUFFT2,31,29,1.393368771
PrecorrectionNUFFT2,31,0,0.000589827
PrecorrectionNUFFT2,31,1,0.00056573
PrecorrectionNUFFT2,31,2,0.000568356
PrecorrectionNUFFT2,31,3,0.000565119
PrecorrectionNUFFT2,31,4,0.000552625
PrecorrectionNUFFT2,31,5,0.000556362
PrecorrectionNUFFT2,31,6,0.000573385
PrecorrectionNUFFT2,31,7,0.000551553
PrecorrectionNUFFT2,31,8,0.000551433
PrecorrectionNUFFT2,31,9,0.000571331
PrecorrectionNUFFT2,31,10,0.00055005
PrecorrectionNUFFT2,31,11,0.000551482
PrecorrectionNUFFT2,31,12,0.000579116
PrecorrectionNUFFT2,31,13,0.000547274
PrecorrectionNUFFT2,31,14,0.000552785
PrecorrectionNUFFT2,31,15,0.000569708
PrecorrectionNUFFT2,31,16,0.000556402
PrecorrectionNUFFT2,31,17,0.000547725
PrecorrectionNUFFT2,31,18,0.000578986
PrecorrectionNUFFT2,31,19,0.000568516
PrecorrectionNUFFT2,31,20,0.00057061
PrecorrectionNUFFT2,31,21,0.000563316
PrecorrectionNUFFT2,31,22,0.000552084
PrecorrectionNUFFT2,31,23,0.00054974
PrecorrectionNUFFT2,31,24,0.0005707
PrecorrectionNUFFT2,31,25,0.000549258
PrecorrectionNUFFT2,31,26,0.000550711
PrecorrectionNUFFT2,31,27,0.000573235
PrecorrectionNUFFT2,31,28,0.000558395
PrecorrectionNUFFT2,31,29,0.000551793
FFTNUFFT2,31,0,0.135119525
FFTNUFFT2,31,1,0.235162115
FFTNUFFT2,31,2,0.228116825
FFTNUFFT2,31,3,0.131172419
FFTNUFFT2,31,4,0.2301606
FFTNUFFT2,31,5,0.231614386
FFTNUFFT2,31,6,0.12933239
FFTNUFFT2,31,7,0.232049873
FFTNUFFT2,31,8,0.230711681
FFTNUFFT2,31,9,0.134935808
FFTNUFFT2,31,10,0.23436184
FFTNUFFT2,31,11,0.23172949
FFTNUFFT2,31,12,0.131980961
FFTNUFFT2,31,13,0.235402632
FFTNUFFT2,31,14,0.227751084
FFTNUFFT2,31,15,0.131048659
FFTNUFFT2,31,16,0.231537507
FFTNUFFT2,31,17,0.222124281
FFTNUFFT2,31,18,0.13519916
FFTNUFFT2,31,19,0.234956255
FFTNUFFT2,31,20,0.225256021
FFTNUFFT2,31,21,0.128651005
FFTNUFFT2,31,22,0.225736726
FFTNUFFT2,31,23,0.227618857
FFTNUFFT2,31,24,0.123271615
FFTNUFFT2,31,25,0.227978486
FFTNUFFT2,31,26,0.224959739
FFTNUFFT2,31,27,0.132250767
FFTNUFFT2,31,28,0.227483896
FFTNUFFT2,31,29,0.226616538
GatherNUFFT2,31,0,1.178028352
GatherNUFFT2,31,1,1.187071919
GatherNUFFT2,31,2,1.186053789
GatherNUFFT2,31,3,1.183992651
GatherNUFFT2,31,4,1.182407818
GatherNUFFT2,31,5,1.18269199
GatherNUFFT2,31,6,1.185392614
GatherNUFFT2,31,7,1.174161342
GatherNUFFT2,31,8,1.177542869
GatherNUFFT2,31,9,1.179691547
GatherNUFFT2,31,10,1.173744652
GatherNUFFT2,31,11,1.180924505
GatherNUFFT2,31,12,1.172021472
GatherNUFFT2,31,13,1.179954559
GatherNUFFT2,31,14,1.176678606
GatherNUFFT2,31,15,1.17460235
GatherNUFFT2,31,16,1.176063973
GatherNUFFT2,31,17,1.180078539
GatherNUFFT2,31,18,1.167671071
GatherNUFFT2,31,19,1.173117954
GatherNUFFT2,31,20,1.174230107
GatherNUFFT2,31,21,1.169853966
GatherNUFFT2,31,22,1.174052901
GatherNUFFT2,31,23,1.16509969
GatherNUFFT2,31,24,1.172375684
GatherNUFFT2,31,25,1.17000056
GatherNUFFT2,31,26,1.167494414
GatherNUFFT2,31,27,1.16709819
GatherNUFFT2,31,28,1.166898987
GatherNUFFT2,31,29,1.166192735
mainTimer,32,0,63.095036447
dumpData,32,0,0.103741786
dumpData,32,1,0.088898204
dumpData,32,2,0.092496245
dumpData,32,3,0.091455944
dumpData,32,4,0.089399428
dumpData,32,5,0.087797545
dumpData,32,6,0.089444295
dumpData,32,7,0.092618423
dumpData,32,8,0.091166261
dumpData,32,9,0.087147452
kick,32,0,0.001112591
kick,32,1,0.001153942
kick,32,2,0.001124115
kick,32,3,0.001148812
kick,32,4,0.001121108
kick,32,5,0.001143412
kick,32,6,0.00110673
kick,32,7,0.001145836
kick,32,8,0.001104446
kick,32,9,0.001145315
kick,32,10,0.001132551
kick,32,11,0.001154113
kick,32,12,0.001097362
kick,32,13,0.001145836
kick,32,14,0.001120607
kick,32,15,0.001142399
kick,32,16,0.001128192
kick,32,17,0.001140577
kick,32,18,0.001113855
kick,32,19,0.001134114
drift,32,0,0.001112351
drift,32,1,0.001099296
drift,32,2,0.001109846
drift,32,3,0.001097613
drift,32,4,0.001100068
drift,32,5,0.001093103
drift,32,6,0.001106029
drift,32,7,0.00110148
drift,32,8,0.001105678
drift,32,9,0.001108695
particleBC,32,0,0.003192643
particleBC,32,1,0.003322877
particleBC,32,2,0.003202293
particleBC,32,3,0.003227582
particleBC,32,4,0.003199918
particleBC,32,5,0.003202753
particleBC,32,6,0.00318046
particleBC,32,7,0.003186492
particleBC,32,8,0.003232541
particleBC,32,9,0.003183466
updateParticle,32,0,0.018583649
updateParticle,32,1,0.018666569
updateParticle,32,2,0.020880862
updateParticle,32,3,0.017958044
updateParticle,32,4,0.017389229
updateParticle,32,5,0.017746092
updateParticle,32,6,0.01719434
updateParticle,32,7,0.017927003
updateParticle,32,8,0.01678825
updateParticle,32,9,0.017708128
locateParticles,32,0,0.004016705
locateParticles,32,1,0.004006505
locateParticles,32,2,0.004044228
locateParticles,32,3,0.004026634
locateParticles,32,4,0.00402431
locateParticles,32,5,0.004016425
locateParticles,32,6,0.004025442
locateParticles,32,7,0.004057193
locateParticles,32,8,0.004012295
locateParticles,32,9,0.004028127
sendPreprocess,32,0,0.00127081
sendPreprocess,32,1,0.001129565
sendPreprocess,32,2,0.001408246
sendPreprocess,32,3,0.001183739
sendPreprocess,32,4,0.001403937
sendPreprocess,32,5,0.001222505
sendPreprocess,32,6,0.001274186
sendPreprocess,32,7,0.001264347
sendPreprocess,32,8,0.001240821
sendPreprocess,32,9,0.00131765
particleSend,32,0,0.003580367
particleSend,32,1,0.00190435
particleSend,32,2,0.002795782
particleSend,32,3,0.001777674
particleSend,32,4,0.001784286
particleSend,32,5,0.002696068
particleSend,32,6,0.001778375
particleSend,32,7,0.001843722
particleSend,32,8,0.001840006
particleSend,32,9,0.002678805
particleRecv,32,0,5.3204e-05
particleRecv,32,1,5.0328e-05
particleRecv,32,2,5.5598e-05
particleRecv,32,3,5.119e-05
particleRecv,32,4,5.7302e-05
particleRecv,32,5,5.3294e-05
particleRecv,32,6,5.9285e-05
particleRecv,32,7,5.5127e-05
particleRecv,32,8,5.8754e-05
particleRecv,32,9,5.6109e-05
particleDestroy,32,0,0.007412342
particleDestroy,32,1,0.007467169
particleDestroy,32,2,0.007401903
particleDestroy,32,3,0.007317969
particleDestroy,32,4,0.007340824
particleDestroy,32,5,0.007327328
particleDestroy,32,6,0.007324031
particleDestroy,32,7,0.007327228
particleDestroy,32,8,0.007343599
particleDestroy,32,9,0.007290926
ScatterPIFNUFFT,32,0,2.050029768
ScatterPIFNUFFT,32,1,0.001261391
ScatterPIFNUFFT,32,2,2.051545322
ScatterPIFNUFFT,32,3,0.001264376
ScatterPIFNUFFT,32,4,2.054540742
ScatterPIFNUFFT,32,5,0.001264958
ScatterPIFNUFFT,32,6,2.04347522
ScatterPIFNUFFT,32,7,0.001260549
ScatterPIFNUFFT,32,8,2.051850074
ScatterPIFNUFFT,32,9,0.001264056
ScatterPIFNUFFT,32,10,2.053425362
ScatterPIFNUFFT,32,11,0.001265679
ScatterPIFNUFFT,32,12,2.055395311
ScatterPIFNUFFT,32,13,0.001264797
ScatterPIFNUFFT,32,14,2.04326938
ScatterPIFNUFFT,32,15,0.00126577
ScatterPIFNUFFT,32,16,2.052971943
ScatterPIFNUFFT,32,17,0.001261932
ScatterPIFNUFFT,32,18,2.04052092
ScatterPIFNUFFT,32,19,0.001258726
NativeNUFFT1,32,0,2.048135075
NativeNUFFT1,32,1,2.049631644
NativeNUFFT1,32,2,2.052635449
NativeNUFFT1,32,3,2.041577222
NativeNUFFT1,32,4,2.049925544
NativeNUFFT1,32,5,2.051421669
NativeNUFFT1,32,6,2.053480461
NativeNUFFT1,32,7,2.041348197
NativeNUFFT1,32,8,2.051053365
NativeNUFFT1,32,9,2.038606741
scatterTimerNUFFT1,32,0,1.915242048
scatterTimerNUFFT1,32,1,1.915421295
scatterTimerNUFFT1,32,2,1.914347406
scatterTimerNUFFT1,32,3,1.916999451
scatterTimerNUFFT1,32,4,1.91625787
scatterTimerNUFFT1,32,5,1.91692849
scatterTimerNUFFT1,32,6,1.916635284
scatterTimerNUFFT1,32,7,1.915082416
scatterTimerNUFFT1,32,8,1.917443133
scatterTimerNUFFT1,32,9,1.916637347
binSort,32,0,0.007294804
binSort,32,1,0.007253093
binSort,32,2,0.007278021
binSort,32,3,0.007328841
binSort,32,4,0.007278843
binSort,32,5,0.007326586
binSort,32,6,0.007285205
binSort,32,7,0.007296427
binSort,32,8,0.007425057
binSort,32,9,0.007274104
binComputeKeys,32,0,0.000534118
binComputeKeys,32,1,0.000536542
binComputeKeys,32,2,0.00053032
binComputeKeys,32,3,0.000528447
binComputeKeys,32,4,0.00053539
binComputeKeys,32,5,0.000531533
binComputeKeys,32,6,0.000532034
binComputeKeys,32,7,0.000532785
binComputeKeys,32,8,0.000649221
binComputeKeys,32,9,0.000535631
binSortByKey,32,0,0.006542282
binSortByKey,32,1,0.006500571
binSortByKey,32,2,0.006530308
binSortByKey,32,3,0.00658229
binSortByKey,32,4,0.006523596
binSortByKey,32,5,0.006575286
binSortByKey,32,6,0.006533505
binSortByKey,32,7,0.006546469
binSortByKey,32,8,0.006553293
binSortByKey,32,9,0.006519468
binComputeOffsets,32,0,0.000215048
binComputeOffsets,32,1,0.000212193
binComputeOffsets,32,2,0.000213635
binComputeOffsets,32,3,0.000214486
binComputeOffsets,32,4,0.000215228
binComputeOffsets,32,5,0.00021568
binComputeOffsets,32,6,0.00021598
binComputeOffsets,32,7,0.000213274
binComputeOffsets,32,8,0.000215849
binComputeOffsets,32,9,0.000214998
FFTNUFFT1,32,0,0.13257938
FFTNUFFT1,32,1,0.13389705
FFTNUFFT1,32,2,0.137979404
FFTNUFFT1,32,3,0.124264503
FFTNUFFT1,32,4,0.133360637
FFTNUFFT1,32,5,0.134178076
FFTNUFFT1,32,6,0.136527239
FFTNUFFT1,32,7,0.125947343
FFTNUFFT1,32,8,0.133292986
FFTNUFFT1,32,9,0.121656917
deconvolutionNUFFT1,32,0,0.000309682
deconvolutionNUFFT1,32,1,0.00030879
deconvolutionNUFFT1,32,2,0.000304341
deconvolutionNUFFT1,32,3,0.000309081
deconvolutionNUFFT1,32,4,0.000302307
deconvolutionNUFFT1,32,5,0.000311135
deconvolutionNUFFT1,32,6,0.0003138
deconvolutionNUFFT1,32,7,0.00031404
deconvolutionNUFFT1,32,8,0.000311055
deconvolutionNUFFT1,32,9,0.000308329
GatherPIFNUFFT,32,0,4.160527565
GatherPIFNUFFT,32,1,4.1618256
GatherPIFNUFFT,32,2,4.15314886
GatherPIFNUFFT,32,3,4.164563533
GatherPIFNUFFT,32,4,4.148359423
GatherPIFNUFFT,32,5,4.143009568
GatherPIFNUFFT,32,6,4.124250706
GatherPIFNUFFT,32,7,4.125984395
GatherPIFNUFFT,32,8,4.107303228
GatherPIFNUFFT,32,9,4.1199967
NativeNUFFT2,32,0,1.332096339
NativeNUFFT2,32,1,1.416407452
NativeNUFFT2,32,2,1.401541916
NativeNUFFT2,32,3,1.325118012
NativeNUFFT2,32,4,1.415134579
NativeNUFFT2,32,5,1.411046124
NativeNUFFT2,32,6,1.315090934
NativeNUFFT2,32,7,1.408248034
NativeNUFFT2,32,8,1.419203473
NativeNUFFT2,32,9,1.326885524
NativeNUFFT2,32,10,1.415380493
NativeNUFFT2,32,11,1.411768578
NativeNUFFT2,32,12,1.322918928
NativeNUFFT2,32,13,1.409407591
NativeNUFFT2,32,14,1.405431855
NativeNUFFT2,32,15,1.317693816
NativeNUFFT2,32,16,1.408169296
NativeNUFFT2,32,17,1.406704307
NativeNUFFT2,32,18,1.313479115
NativeNUFFT2,32,19,1.394250539
NativeNUFFT2,32,20,1.406003466
NativeNUFFT2,32,21,1.314884245
NativeNUFFT2,32,22,1.395149837
NativeNUFFT2,32,23,1.405423118
NativeNUFFT2,32,24,1.308871193
NativeNUFFT2,32,25,1.385037428
NativeNUFFT2,32,26,1.402797116
NativeNUFFT2,32,27,1.317133095
NativeNUFFT2,32,28,1.385539403
NativeNUFFT2,32,29,1.406904256
PrecorrectionNUFFT2,32,0,0.000559998
PrecorrectionNUFFT2,32,1,0.000556542
PrecorrectionNUFFT2,32,2,0.00054597
PrecorrectionNUFFT2,32,3,0.000580418
PrecorrectionNUFFT2,32,4,0.000578014
PrecorrectionNUFFT2,32,5,0.000570078
PrecorrectionNUFFT2,32,6,0.000580799
PrecorrectionNUFFT2,32,7,0.000573404
PrecorrectionNUFFT2,32,8,0.000574697
PrecorrectionNUFFT2,32,9,0.000561691
PrecorrectionNUFFT2,32,10,0.000558796
PrecorrectionNUFFT2,32,11,0.000554899
PrecorrectionNUFFT2,32,12,0.000567793
PrecorrectionNUFFT2,32,13,0.000570709
PrecorrectionNUFFT2,32,14,0.000577752
PrecorrectionNUFFT2,32,15,0.00055562
PrecorrectionNUFFT2,32,16,0.000559236
PrecorrectionNUFFT2,32,17,0.000552243
PrecorrectionNUFFT2,32,18,0.000574576
PrecorrectionNUFFT2,32,19,0.000569687
PrecorrectionNUFFT2,32,20,0.000574657
PrecorrectionNUFFT2,32,21,0.000580608
PrecorrectionNUFFT2,32,22,0.000574747
PrecorrectionNUFFT2,32,23,0.000576791
PrecorrectionNUFFT2,32,24,0.00059164
PrecorrectionNUFFT2,32,25,0.000563926
PrecorrectionNUFFT2,32,26,0.000577392
PrecorrectionNUFFT2,32,27,0.000553766
PrecorrectionNUFFT2,32,28,0.000548697
PrecorrectionNUFFT2,32,29,0.000549578
FFTNUFFT2,32,0,0.135384649
FFTNUFFT2,32,1,0.217974817
FFTNUFFT2,32,2,0.211025305
FFTNUFFT2,32,3,0.127636877
FFTNUFFT2,32,4,0.214521598
FFTNUFFT2,32,5,0.213595308
FFTNUFFT2,32,6,0.126782776
FFTNUFFT2,32,7,0.229988429
FFTNUFFT2,32,8,0.229669518
FFTNUFFT2,32,9,0.139963186
FFTNUFFT2,32,10,0.226932392
FFTNUFFT2,32,11,0.216835834
FFTNUFFT2,32,12,0.127735066
FFTNUFFT2,32,13,0.214937807
FFTNUFFT2,32,14,0.211466692
FFTNUFFT2,32,15,0.131155302
FFTNUFFT2,32,16,0.222554396
FFTNUFFT2,32,17,0.208754512
FFTNUFFT2,32,18,0.12966723
FFTNUFFT2,32,19,0.216064967
FFTNUFFT2,32,20,0.226395108
FFTNUFFT2,32,21,0.136250303
FFTNUFFT2,32,22,0.22050857
FFTNUFFT2,32,23,0.222284572
FFTNUFFT2,32,24,0.131481837
FFTNUFFT2,32,25,0.21846534
FFTNUFFT2,32,26,0.230073496
FFTNUFFT2,32,27,0.137623891
FFTNUFFT2,32,28,0.220272422
FFTNUFFT2,32,29,0.225751859
GatherNUFFT2,32,0,1.196142473
GatherNUFFT2,32,1,1.197867867
GatherNUFFT2,32,2,1.189961514
GatherNUFFT2,32,3,1.196892121
GatherNUFFT2,32,4,1.200026643
GatherNUFFT2,32,5,1.196871802
GatherNUFFT2,32,6,1.187718604
GatherNUFFT2,32,7,1.177676741
GatherNUFFT2,32,8,1.188950542
GatherNUFFT2,32,9,1.186350717
GatherNUFFT2,32,10,1.18788136
GatherNUFFT2,32,11,1.194367996
GatherNUFFT2,32,12,1.194608092
GatherNUFFT2,32,13,1.193889726
GatherNUFFT2,32,14,1.193376329
GatherNUFFT2,32,15,1.185973415
GatherNUFFT2,32,16,1.18504407
GatherNUFFT2,32,17,1.197388856
GatherNUFFT2,32,18,1.183228661
GatherNUFFT2,32,19,1.177608091
GatherNUFFT2,32,20,1.179025084
GatherNUFFT2,32,21,1.178044498
GatherNUFFT2,32,22,1.174056981
GatherNUFFT2,32,23,1.182552178
GatherNUFFT2,32,24,1.176788137
GatherNUFFT2,32,25,1.165998103
GatherNUFFT2,32,26,1.17213738
GatherNUFFT2,32,27,1.178946159
GatherNUFFT2,32,28,1.164709889
GatherNUFFT2,32,29,1.180594073
mainTimer,33,0,63.09503267
dumpData,33,0,0.161019469
dumpData,33,1,0.160778281
dumpData,33,2,0.158477972
dumpData,33,3,0.159408218
dumpData,33,4,0.165801201
dumpData,33,5,0.158836248
dumpData,33,6,0.16313505
dumpData,33,7,0.15841493
dumpData,33,8,0.16393713
dumpData,33,9,0.156673635
kick,33,0,0.001056612
kick,33,1,0.001092623
kick,33,2,0.001053667
kick,33,3,0.001088776
kick,33,4,0.001040852
kick,33,5,0.001103003
kick,33,6,0.001059268
kick,33,7,0.001097483
kick,33,8,0.001043898
kick,33,9,0.001083125
kick,33,10,0.001053176
kick,33,11,0.001101199
kick,33,12,0.001038498
kick,33,13,0.001093846
kick,33,14,0.001036575
kick,33,15,0.001061172
kick,33,16,0.001056874
kick,33,17,0.001090058
kick,33,18,0.001052235
kick,33,19,0.001077624
drift,33,0,0.001071221
drift,33,1,0.001050181
drift,33,2,0.001059599
drift,33,3,0.001052135
drift,33,4,0.001059899
drift,33,5,0.00104999
drift,33,6,0.001036704
drift,33,7,0.00105479
drift,33,8,0.00104493
drift,33,9,0.00105007
particleBC,33,0,0.002998807
particleBC,33,1,0.003017133
particleBC,33,2,0.003004318
particleBC,33,3,0.002999068
particleBC,33,4,0.00299509
particleBC,33,5,0.002984348
particleBC,33,6,0.002993837
particleBC,33,7,0.003004488
particleBC,33,8,0.003042311
particleBC,33,9,0.003031711
updateParticle,33,0,0.018657012
updateParticle,33,1,0.01892346
updateParticle,33,2,0.019270074
updateParticle,33,3,0.018171519
updateParticle,33,4,0.017393156
updateParticle,33,5,0.017898949
updateParticle,33,6,0.016876272
updateParticle,33,7,0.017897686
updateParticle,33,8,0.016776487
updateParticle,33,9,0.017595078
locateParticles,33,0,0.003856714
locateParticles,33,1,0.003835643
locateParticles,33,2,0.003816216
locateParticles,33,3,0.003825152
locateParticles,33,4,0.003801487
locateParticles,33,5,0.003827617
locateParticles,33,6,0.003796918
locateParticles,33,7,0.00380891
locateParticles,33,8,0.003839239
locateParticles,33,9,0.003806786
sendPreprocess,33,0,0.001724722
sendPreprocess,33,1,0.001727226
sendPreprocess,33,2,0.001967113
sendPreprocess,33,3,0.001708479
sendPreprocess,33,4,0.001934609
sendPreprocess,33,5,0.001752535
sendPreprocess,33,6,0.001821851
sendPreprocess,33,7,0.001827421
sendPreprocess,33,8,0.001743428
sendPreprocess,33,9,0.001813253
particleSend,33,0,0.001597384
particleSend,33,1,0.002472925
particleSend,33,2,0.001639385
particleSend,33,3,0.001570321
particleSend,33,4,0.00276397
particleSend,33,5,0.001638123
particleSend,33,6,0.001638895
particleSend,33,7,0.001636781
particleSend,33,8,0.001585772
particleSend,33,9,0.001635217
particleRecv,33,0,4.9045e-05
particleRecv,33,1,4.5388e-05
particleRecv,33,2,4.642e-05
particleRecv,33,3,4.8354e-05
particleRecv,33,4,4.7843e-05
particleRecv,33,5,4.9546e-05
particleRecv,33,6,5.0969e-05
particleRecv,33,7,4.605e-05
particleRecv,33,8,5.3003e-05
particleRecv,33,9,4.6821e-05
particleDestroy,33,0,0.007191523
particleDestroy,33,1,0.006925636
particleDestroy,33,2,0.006964482
particleDestroy,33,3,0.006956518
particleDestroy,33,4,0.006950256
particleDestroy,33,5,0.006960635
particleDestroy,33,6,0.006956186
particleDestroy,33,7,0.006953611
particleDestroy,33,8,0.007019018
particleDestroy,33,9,0.006921739
ScatterPIFNUFFT,33,0,2.047259474
ScatterPIFNUFFT,33,1,0.001243406
ScatterPIFNUFFT,33,2,2.048902567
ScatterPIFNUFFT,33,3,0.001241152
ScatterPIFNUFFT,33,4,2.053441867
ScatterPIFNUFFT,33,5,0.001243106
ScatterPIFNUFFT,33,6,2.049741095
ScatterPIFNUFFT,33,7,0.001237956
ScatterPIFNUFFT,33,8,2.048645577
ScatterPIFNUFFT,33,9,0.001401293
ScatterPIFNUFFT,33,10,2.050860008
ScatterPIFNUFFT,33,11,0.001241072
ScatterPIFNUFFT,33,12,2.05272291
ScatterPIFNUFFT,33,13,0.001236432
ScatterPIFNUFFT,33,14,2.04967131
ScatterPIFNUFFT,33,15,0.001248296
ScatterPIFNUFFT,33,16,2.050339839
ScatterPIFNUFFT,33,17,0.001246081
ScatterPIFNUFFT,33,18,2.047065687
ScatterPIFNUFFT,33,19,0.001239028
NativeNUFFT1,33,0,2.045440711
NativeNUFFT1,33,1,2.047081428
NativeNUFFT1,33,2,2.05163191
NativeNUFFT1,33,3,2.047926649
NativeNUFFT1,33,4,2.046805272
NativeNUFFT1,33,5,2.049040842
NativeNUFFT1,33,6,2.050888495
NativeNUFFT1,33,7,2.047841614
NativeNUFFT1,33,8,2.048501557
NativeNUFFT1,33,9,2.045243547
scatterTimerNUFFT1,33,0,1.915379324
scatterTimerNUFFT1,33,1,1.915859587
scatterTimerNUFFT1,33,2,1.917162075
scatterTimerNUFFT1,33,3,1.915536198
scatterTimerNUFFT1,33,4,1.915597798
scatterTimerNUFFT1,33,5,1.915723178
scatterTimerNUFFT1,33,6,1.915697902
scatterTimerNUFFT1,33,7,1.915101212
scatterTimerNUFFT1,33,8,1.916399155
scatterTimerNUFFT1,33,9,1.915860147
binSort,33,0,0.006931058
binSort,33,1,0.006966566
binSort,33,2,0.007039909
binSort,33,3,0.007012025
binSort,33,4,0.007003198
binSort,33,5,0.006995563
binSort,33,6,0.007033557
binSort,33,7,0.007032564
binSort,33,8,0.007032184
binSort,33,9,0.006989862
binComputeKeys,33,0,0.000530671
binComputeKeys,33,1,0.000535079
binComputeKeys,33,2,0.000535731
binComputeKeys,33,3,0.000534198
binComputeKeys,33,4,0.000534458
binComputeKeys,33,5,0.000537474
binComputeKeys,33,6,0.000534689
binComputeKeys,33,7,0.000536353
binComputeKeys,33,8,0.000535811
binComputeKeys,33,9,0.000536943
binSortByKey,33,0,0.006194878
binSortByKey,33,1,0.00622224
binSortByKey,33,2,0.00630447
binSortByKey,33,3,0.006270274
binSortByKey,33,4,0.00626338
binSortByKey,33,5,0.006250004
binSortByKey,33,6,0.006292846
binSortByKey,33,7,0.006288508
binSortByKey,33,8,0.006287186
binSortByKey,33,9,0.006246096
binComputeOffsets,33,0,0.000202774
binComputeOffsets,33,1,0.000205921
binComputeOffsets,33,2,0.000196653
binComputeOffsets,33,3,0.000204297
binComputeOffsets,33,4,0.000201852
binComputeOffsets,33,5,0.000204888
binComputeOffsets,33,6,0.000202864
binComputeOffsets,33,7,0.000204638
binComputeOffsets,33,8,0.000205108
binComputeOffsets,33,9,0.000203686
FFTNUFFT1,33,0,0.129752015
FFTNUFFT1,33,1,0.130907601
FFTNUFFT1,33,2,0.134155885
FFTNUFFT1,33,3,0.132074408
FFTNUFFT1,33,4,0.130894796
FFTNUFFT1,33,5,0.13300701
FFTNUFFT1,33,6,0.134885611
FFTNUFFT1,33,7,0.132423838
FFTNUFFT1,33,8,0.131785076
FFTNUFFT1,33,9,0.129071033
deconvolutionNUFFT1,33,0,0.000305894
deconvolutionNUFFT1,33,1,0.000310463
deconvolutionNUFFT1,33,2,0.000310212
deconvolutionNUFFT1,33,3,0.000312577
deconvolutionNUFFT1,33,4,0.00030895
deconvolutionNUFFT1,33,5,0.000307107
deconvolutionNUFFT1,33,6,0.000301485
deconvolutionNUFFT1,33,7,0.000313018
deconvolutionNUFFT1,33,8,0.000313038
deconvolutionNUFFT1,33,9,0.00030889
GatherPIFNUFFT,33,0,4.106350075
GatherPIFNUFFT,33,1,4.092870717
GatherPIFNUFFT,33,2,4.090315802
GatherPIFNUFFT,33,3,4.090563746
GatherPIFNUFFT,33,4,4.075417864
GatherPIFNUFFT,33,5,4.074818808
GatherPIFNUFFT,33,6,4.053986619
GatherPIFNUFFT,33,7,4.054252576
GatherPIFNUFFT,33,8,4.037624588
GatherPIFNUFFT,33,9,4.044194072
NativeNUFFT2,33,0,1.255800483
NativeNUFFT2,33,1,1.41570638
NativeNUFFT2,33,2,1.424784719
NativeNUFFT2,33,3,1.257798124
NativeNUFFT2,33,4,1.413570911
NativeNUFFT2,33,5,1.411478225
NativeNUFFT2,33,6,1.256638858
NativeNUFFT2,33,7,1.403937979
NativeNUFFT2,33,8,1.419715998
NativeNUFFT2,33,9,1.254264157
NativeNUFFT2,33,10,1.414737774
NativeNUFFT2,33,11,1.411549001
NativeNUFFT2,33,12,1.247745663
NativeNUFFT2,33,13,1.420454916
NativeNUFFT2,33,14,1.397216033
NativeNUFFT2,33,15,1.244102793
NativeNUFFT2,33,16,1.405895086
NativeNUFFT2,33,17,1.414791221
NativeNUFFT2,33,18,1.248641262
NativeNUFFT2,33,19,1.40506425
NativeNUFFT2,33,20,1.390222912
NativeNUFFT2,33,21,1.24651482
NativeNUFFT2,33,22,1.399135771
NativeNUFFT2,33,23,1.398555114
NativeNUFFT2,33,24,1.245570095
NativeNUFFT2,33,25,1.394620579
NativeNUFFT2,33,26,1.387403535
NativeNUFFT2,33,27,1.237203066
NativeNUFFT2,33,28,1.400237422
NativeNUFFT2,33,29,1.396713145
PrecorrectionNUFFT2,33,0,0.000558335
PrecorrectionNUFFT2,33,1,0.000556812
PrecorrectionNUFFT2,33,2,0.00055076
PrecorrectionNUFFT2,33,3,0.000572202
PrecorrectionNUFFT2,33,4,0.000548997
PrecorrectionNUFFT2,33,5,0.000549908
PrecorrectionNUFFT2,33,6,0.000556601
PrecorrectionNUFFT2,33,7,0.000549458
PrecorrectionNUFFT2,33,8,0.000550199
PrecorrectionNUFFT2,33,9,0.000554277
PrecorrectionNUFFT2,33,10,0.000553816
PrecorrectionNUFFT2,33,11,0.000547403
PrecorrectionNUFFT2,33,12,0.000558255
PrecorrectionNUFFT2,33,13,0.000546542
PrecorrectionNUFFT2,33,14,0.000555209
PrecorrectionNUFFT2,33,15,0.000557554
PrecorrectionNUFFT2,33,16,0.000545189
PrecorrectionNUFFT2,33,17,0.000552925
PrecorrectionNUFFT2,33,18,0.00056094
PrecorrectionNUFFT2,33,19,0.000551261
PrecorrectionNUFFT2,33,20,0.000553716
PrecorrectionNUFFT2,33,21,0.000556631
PrecorrectionNUFFT2,33,22,0.000552103
PrecorrectionNUFFT2,33,23,0.000553535
PrecorrectionNUFFT2,33,24,0.000560489
PrecorrectionNUFFT2,33,25,0.000547484
PrecorrectionNUFFT2,33,26,0.000548005
PrecorrectionNUFFT2,33,27,0.000551822
PrecorrectionNUFFT2,33,28,0.000551962
PrecorrectionNUFFT2,33,29,0.000550039
FFTNUFFT2,33,0,0.135705334
FFTNUFFT2,33,1,0.295491487
FFTNUFFT2,33,2,0.299266472
FFTNUFFT2,33,3,0.134383364
FFTNUFFT2,33,4,0.290402569
FFTNUFFT2,33,5,0.283659837
FFTNUFFT2,33,6,0.133823115
FFTNUFFT2,33,7,0.286113776
FFTNUFFT2,33,8,0.294416746
FFTNUFFT2,33,9,0.136911266
FFTNUFFT2,33,10,0.292108863
FFTNUFFT2,33,11,0.291959534
FFTNUFFT2,33,12,0.134200539
FFTNUFFT2,33,13,0.301400849
FFTNUFFT2,33,14,0.28728941
FFTNUFFT2,33,15,0.131206863
FFTNUFFT2,33,16,0.293340157
FFTNUFFT2,33,17,0.295355362
FFTNUFFT2,33,18,0.13276512
FFTNUFFT2,33,19,0.291951248
FFTNUFFT2,33,20,0.28220554
FFTNUFFT2,33,21,0.133286303
FFTNUFFT2,33,22,0.281229995
FFTNUFFT2,33,23,0.286954239
FFTNUFFT2,33,24,0.131653861
FFTNUFFT2,33,25,0.279605208
FFTNUFFT2,33,26,0.281678648
FFTNUFFT2,33,27,0.13444261
FFTNUFFT2,33,28,0.288731952
FFTNUFFT2,33,29,0.283335507
GatherNUFFT2,33,0,1.119528418
GatherNUFFT2,33,1,1.119651468
GatherNUFFT2,33,2,1.124958989
GatherNUFFT2,33,3,1.122835666
GatherNUFFT2,33,4,1.12261145
GatherNUFFT2,33,5,1.127260824
GatherNUFFT2,33,6,1.122252008
GatherNUFFT2,33,7,1.117267602
GatherNUFFT2,33,8,1.1247421
GatherNUFFT2,33,9,1.116790938
GatherNUFFT2,33,10,1.122067991
GatherNUFFT2,33,11,1.119034368
GatherNUFFT2,33,12,1.112979805
GatherNUFFT2,33,13,1.1185001
GatherNUFFT2,33,14,1.10936451
GatherNUFFT2,33,15,1.112330512
GatherNUFFT2,33,16,1.112001153
GatherNUFFT2,33,17,1.118875759
GatherNUFFT2,33,18,1.115307717
GatherNUFFT2,33,19,1.112555209
GatherNUFFT2,33,20,1.107456122
GatherNUFFT2,33,21,1.112665082
GatherNUFFT2,33,22,1.117345297
GatherNUFFT2,33,23,1.111039193
GatherNUFFT2,33,24,1.113349012
GatherNUFFT2,33,25,1.114459621
GatherNUFFT2,33,26,1.105167023
GatherNUFFT2,33,27,1.10220074
GatherNUFFT2,33,28,1.110946543
GatherNUFFT2,33,29,1.112819784
mainTimer,34,0,63.095042579
dumpData,34,0,0.176157484
dumpData,34,1,0.178371796
dumpData,34,2,0.162652152
dumpData,34,3,0.171753186
dumpData,34,4,0.173894136
dumpData,34,5,0.169566278
dumpData,34,6,0.172822294
dumpData,34,7,0.16323248
dumpData,34,8,0.157400438
dumpData,34,9,0.172339765
kick,34,0,0.001027456
kick,34,1,0.001072584
kick,34,2,0.001013469
kick,34,3,0.001048988
kick,34,4,0.001023619
kick,34,5,0.001058868
kick,34,6,0.001021795
kick,34,7,0.001067665
kick,34,8,0.001022847
kick,34,9,0.001060571
kick,34,10,0.001025392
kick,34,11,0.001060851
kick,34,12,0.001028509
kick,34,13,0.001071021
kick,34,14,0.001032857
kick,34,15,0.001052305
kick,34,16,0.001017026
kick,34,17,0.001069478
kick,34,18,0.001032196
kick,34,19,0.001058978
drift,34,0,0.001009542
drift,34,1,0.001027947
drift,34,2,0.001013248
drift,34,3,0.001018519
drift,34,4,0.001003751
drift,34,5,0.001008299
drift,34,6,0.001007467
drift,34,7,0.001019421
drift,34,8,0.001005885
drift,34,9,0.001012718
particleBC,34,0,0.002983006
particleBC,34,1,0.002999819
particleBC,34,2,0.00298463
particleBC,34,3,0.002977776
particleBC,34,4,0.003182303
particleBC,34,5,0.002968177
particleBC,34,6,0.00300549
particleBC,34,7,0.003006622
particleBC,34,8,0.003019347
particleBC,34,9,0.003004428
updateParticle,34,0,0.018920554
updateParticle,34,1,0.01917132
updateParticle,34,2,0.021202358
updateParticle,34,3,0.018436533
updateParticle,34,4,0.017226773
updateParticle,34,5,0.018188673
updateParticle,34,6,0.017025752
updateParticle,34,7,0.01809011
updateParticle,34,8,0.017157337
updateParticle,34,9,0.01739485
locateParticles,34,0,0.004021204
locateParticles,34,1,0.003996756
locateParticles,34,2,0.003984924
locateParticles,34,3,0.003958532
locateParticles,34,4,0.00395772
locateParticles,34,5,0.003976798
locateParticles,34,6,0.003975285
locateParticles,34,7,0.00396297
locateParticles,34,8,0.003970625
locateParticles,34,9,0.003952931
sendPreprocess,34,0,0.001661789
sendPreprocess,34,1,0.001645367
sendPreprocess,34,2,0.001877739
sendPreprocess,34,3,0.001665827
sendPreprocess,34,4,0.001664935
sendPreprocess,34,5,0.001690435
sendPreprocess,34,6,0.001666768
sendPreprocess,34,7,0.001706345
sendPreprocess,34,8,0.001710193
sendPreprocess,34,9,0.001748477
particleSend,34,0,0.001725603
particleSend,34,1,0.002942528
particleSend,34,2,0.001714861
particleSend,34,3,0.00170901
particleSend,34,4,0.002668585
particleSend,34,5,0.002824058
particleSend,34,6,0.001776161
particleSend,34,7,0.001720112
particleSend,34,8,0.001934449
particleSend,34,9,0.001776572
particleRecv,34,0,5.5558e-05
particleRecv,34,1,5.1349e-05
particleRecv,34,2,4.9516e-05
particleRecv,34,3,5.7021e-05
particleRecv,34,4,5.4966e-05
particleRecv,34,5,4.9907e-05
particleRecv,34,6,5.2181e-05
particleRecv,34,7,5.5949e-05
particleRecv,34,8,5.7952e-05
particleRecv,34,9,5.4155e-05
particleDestroy,34,0,0.007223896
particleDestroy,34,1,0.007252692
particleDestroy,34,2,0.007214528
particleDestroy,34,3,0.007180674
particleDestroy,34,4,0.007242564
particleDestroy,34,5,0.007217945
particleDestroy,34,6,0.007219978
particleDestroy,34,7,0.007205131
particleDestroy,34,8,0.007188999
particleDestroy,34,9,0.007200491
ScatterPIFNUFFT,34,0,2.053657847
ScatterPIFNUFFT,34,1,0.00126588
ScatterPIFNUFFT,34,2,2.054545281
ScatterPIFNUFFT,34,3,0.001258625
ScatterPIFNUFFT,34,4,2.052931495
ScatterPIFNUFFT,34,5,0.001264718
ScatterPIFNUFFT,34,6,2.049396556
ScatterPIFNUFFT,34,7,0.001263135
ScatterPIFNUFFT,34,8,2.053098008
ScatterPIFNUFFT,34,9,0.001261321
ScatterPIFNUFFT,34,10,2.055778234
ScatterPIFNUFFT,34,11,0.001265779
ScatterPIFNUFFT,34,12,2.053448088
ScatterPIFNUFFT,34,13,0.001256872
ScatterPIFNUFFT,34,14,2.044142598
ScatterPIFNUFFT,34,15,0.001259417
ScatterPIFNUFFT,34,16,2.052780031
ScatterPIFNUFFT,34,17,0.00127088
ScatterPIFNUFFT,34,18,2.05142605
ScatterPIFNUFFT,34,19,0.00126606
NativeNUFFT1,34,0,2.051866918
NativeNUFFT1,34,1,2.052736616
NativeNUFFT1,34,2,2.051136908
NativeNUFFT1,34,3,2.047606648
NativeNUFFT1,34,4,2.051272171
NativeNUFFT1,34,5,2.053956304
NativeNUFFT1,34,6,2.051629585
NativeNUFFT1,34,7,2.042322741
NativeNUFFT1,34,8,2.050941498
NativeNUFFT1,34,9,2.049390304
scatterTimerNUFFT1,34,0,1.91546963
scatterTimerNUFFT1,34,1,1.914885344
scatterTimerNUFFT1,34,2,1.914607041
scatterTimerNUFFT1,34,3,1.917166505
scatterTimerNUFFT1,34,4,1.916652026
scatterTimerNUFFT1,34,5,1.917350841
scatterTimerNUFFT1,34,6,1.917493541
scatterTimerNUFFT1,34,7,1.915505958
scatterTimerNUFFT1,34,8,1.918263888
scatterTimerNUFFT1,34,9,1.917107511
binSort,34,0,0.006831144
binSort,34,1,0.006879037
binSort,34,2,0.006830882
binSort,34,3,0.00691671
binSort,34,4,0.00685533
binSort,34,5,0.006847955
binSort,34,6,0.006870349
binSort,34,7,0.006884887
binSort,34,8,0.006870359
binSort,34,9,0.006879928
binComputeKeys,34,0,0.000520471
binComputeKeys,34,1,0.000524499
binComputeKeys,34,2,0.000521253
binComputeKeys,34,3,0.00052487
binComputeKeys,34,4,0.000526192
binComputeKeys,34,5,0.00052021
binComputeKeys,34,6,0.00052452
binComputeKeys,34,7,0.000526082
binComputeKeys,34,8,0.00052003
binComputeKeys,34,9,0.000526242
binSortByKey,34,0,0.006104251
binSortByKey,34,1,0.006148567
binSortByKey,34,2,0.006102006
binSortByKey,34,3,0.006185189
binSortByKey,34,4,0.006122386
binSortByKey,34,5,0.006121555
binSortByKey,34,6,0.006139078
binSortByKey,34,7,0.006152594
binSortByKey,34,8,0.006143566
binSortByKey,34,9,0.006147244
binComputeOffsets,34,0,0.000203575
binComputeOffsets,34,1,0.000202533
binComputeOffsets,34,2,0.000203866
binComputeOffsets,34,3,0.000203094
binComputeOffsets,34,4,0.000203245
binComputeOffsets,34,5,0.000202844
binComputeOffsets,34,6,0.000203585
binComputeOffsets,34,7,0.000202984
binComputeOffsets,34,8,0.000201581
binComputeOffsets,34,9,0.000203175
FFTNUFFT1,34,0,0.136088398
FFTNUFFT1,34,1,0.137538175
FFTNUFFT1,34,2,0.136217029
FFTNUFFT1,34,3,0.130127135
FFTNUFFT1,34,4,0.134306294
FFTNUFFT1,34,5,0.136290601
FFTNUFFT1,34,6,0.133814038
FFTNUFFT1,34,7,0.126499426
FFTNUFFT1,34,8,0.132354041
FFTNUFFT1,34,9,0.131975977
deconvolutionNUFFT1,34,0,0.000304552
deconvolutionNUFFT1,34,1,0.000309301
deconvolutionNUFFT1,34,2,0.00030861
deconvolutionNUFFT1,34,3,0.00030882
deconvolutionNUFFT1,34,4,0.00030883
deconvolutionNUFFT1,34,5,0.000310353
deconvolutionNUFFT1,34,6,0.000317377
deconvolutionNUFFT1,34,7,0.000313088
deconvolutionNUFFT1,34,8,0.000317908
deconvolutionNUFFT1,34,9,0.000302388
GatherPIFNUFFT,34,0,4.084653937
GatherPIFNUFFT,34,1,4.069459928
GatherPIFNUFFT,34,2,4.084810895
GatherPIFNUFFT,34,3,4.078379612
GatherPIFNUFFT,34,4,4.063081233
GatherPIFNUFFT,34,5,4.058991025
GatherPIFNUFFT,34,6,4.043411422
GatherPIFNUFFT,34,7,4.054783117
GatherPIFNUFFT,34,8,4.041427868
GatherPIFNUFFT,34,9,4.024659656
NativeNUFFT2,34,0,1.252956106
NativeNUFFT2,34,1,1.416238673
NativeNUFFT2,34,2,1.40543431
NativeNUFFT2,34,3,1.243498209
NativeNUFFT2,34,4,1.419286858
NativeNUFFT2,34,5,1.396624522
NativeNUFFT2,34,6,1.24273951
NativeNUFFT2,34,7,1.407669411
NativeNUFFT2,34,8,1.424248105
NativeNUFFT2,34,9,1.247539149
NativeNUFFT2,34,10,1.417937472
NativeNUFFT2,34,11,1.402877893
NativeNUFFT2,34,12,1.236036871
NativeNUFFT2,34,13,1.415119239
NativeNUFFT2,34,14,1.401899623
NativeNUFFT2,34,15,1.231013901
NativeNUFFT2,34,16,1.418085073
NativeNUFFT2,34,17,1.399785243
NativeNUFFT2,34,18,1.231540064
NativeNUFFT2,34,19,1.416920398
NativeNUFFT2,34,20,1.384823452
NativeNUFFT2,34,21,1.24612858
NativeNUFFT2,34,22,1.397250208
NativeNUFFT2,34,23,1.401251803
NativeNUFFT2,34,24,1.228184844
NativeNUFFT2,34,25,1.405244621
NativeNUFFT2,34,26,1.39786889
NativeNUFFT2,34,27,1.223457889
NativeNUFFT2,34,28,1.394800088
NativeNUFFT2,34,29,1.396303829
PrecorrectionNUFFT2,34,0,0.000560459
PrecorrectionNUFFT2,34,1,0.000548707
PrecorrectionNUFFT2,34,2,0.000541472
PrecorrectionNUFFT2,34,3,0.00056086
PrecorrectionNUFFT2,34,4,0.000551421
PrecorrectionNUFFT2,34,5,0.000560459
PrecorrectionNUFFT2,34,6,0.000557904
PrecorrectionNUFFT2,34,7,0.000555019
PrecorrectionNUFFT2,34,8,0.000544578
PrecorrectionNUFFT2,34,9,0.000561111
PrecorrectionNUFFT2,34,10,0.000551622
PrecorrectionNUFFT2,34,11,0.000554207
PrecorrectionNUFFT2,34,12,0.00056113
PrecorrectionNUFFT2,34,13,0.00055051
PrecorrectionNUFFT2,34,14,0.00055062
PrecorrectionNUFFT2,34,15,0.000577943
PrecorrectionNUFFT2,34,16,0.000568014
PrecorrectionNUFFT2,34,17,0.000570358
PrecorrectionNUFFT2,34,18,0.000570549
PrecorrectionNUFFT2,34,19,0.000566771
PrecorrectionNUFFT2,34,20,0.000574106
PrecorrectionNUFFT2,34,21,0.000583474
PrecorrectionNUFFT2,34,22,0.000564817
PrecorrectionNUFFT2,34,23,0.000568695
PrecorrectionNUFFT2,34,24,0.00058178
PrecorrectionNUFFT2,34,25,0.000575609
PrecorrectionNUFFT2,34,26,0.000570999
PrecorrectionNUFFT2,34,27,0.000584486
PrecorrectionNUFFT2,34,28,0.000574085
PrecorrectionNUFFT2,34,29,0.000568986
FFTNUFFT2,34,0,0.12814837
FFTNUFFT2,34,1,0.293159095
FFTNUFFT2,34,2,0.288433914
FFTNUFFT2,34,3,0.126940633
FFTNUFFT2,34,4,0.294699669
FFTNUFFT2,34,5,0.283422196
FFTNUFFT2,34,6,0.130679636
FFTNUFFT2,34,7,0.301580348
FFTNUFFT2,34,8,0.299296027
FFTNUFFT2,34,9,0.131310273
FFTNUFFT2,34,10,0.301128279
FFTNUFFT2,34,11,0.289719151
FFTNUFFT2,34,12,0.122846779
FFTNUFFT2,34,13,0.30116949
FFTNUFFT2,34,14,0.292399158
FFTNUFFT2,34,15,0.131099944
FFTNUFFT2,34,16,0.304080105
FFTNUFFT2,34,17,0.28502005
FFTNUFFT2,34,18,0.133500839
FFTNUFFT2,34,19,0.300254091
FFTNUFFT2,34,20,0.281893665
FFTNUFFT2,34,21,0.135002167
FFTNUFFT2,34,22,0.282815868
FFTNUFFT2,34,23,0.288809423
FFTNUFFT2,34,24,0.13259981
FFTNUFFT2,34,25,0.295409948
FFTNUFFT2,34,26,0.283804218
FFTNUFFT2,34,27,0.123772427
FFTNUFFT2,34,28,0.30131356
FFTNUFFT2,34,29,0.294621647
GatherNUFFT2,34,0,1.124237748
GatherNUFFT2,34,1,1.122522436
GatherNUFFT2,34,2,1.116450006
GatherNUFFT2,34,3,1.115987439
GatherNUFFT2,34,4,1.124025528
GatherNUFFT2,34,5,1.112633631
GatherNUFFT2,34,6,1.111492491
GatherNUFFT2,34,7,1.105525778
GatherNUFFT2,34,8,1.124399875
GatherNUFFT2,34,9,1.115658368
GatherNUFFT2,34,10,1.116250306
GatherNUFFT2,34,11,1.112595116
GatherNUFFT2,34,12,1.112621207
GatherNUFFT2,34,13,1.113389661
GatherNUFFT2,34,14,1.108940557
GatherNUFFT2,34,15,1.099326835
GatherNUFFT2,34,16,1.113426473
GatherNUFFT2,34,17,1.114186378
GatherNUFFT2,34,18,1.097459898
GatherNUFFT2,34,19,1.116090989
GatherNUFFT2,34,20,1.102346312
GatherNUFFT2,34,21,1.110531386
GatherNUFFT2,34,22,1.113860244
GatherNUFFT2,34,23,1.111864297
GatherNUFFT2,34,24,1.094993736
GatherNUFFT2,34,25,1.109250278
GatherNUFFT2,34,26,1.113484744
GatherNUFFT2,34,27,1.09909211
GatherNUFFT2,34,28,1.092903845
GatherNUFFT2,34,29,1.10110435
mainTimer,35,0,63.095036317
dumpData,35,0,0.237344153
dumpData,35,1,0.237467533
dumpData,35,2,0.235246467
dumpData,35,3,0.238267147
dumpData,35,4,0.22415722
dumpData,35,5,0.224041987
dumpData,35,6,0.219257049
dumpData,35,7,0.234972876
dumpData,35,8,0.217342239
dumpData,35,9,0.220806098
kick,35,0,0.000972339
kick,35,1,0.001032446
kick,35,2,0.000968752
kick,35,3,0.001022276
kick,35,4,0.000985966
kick,35,5,0.001019271
kick,35,6,0.000973802
kick,35,7,0.001014501
kick,35,8,0.000970165
kick,35,9,0.000993901
kick,35,10,0.000969144
kick,35,11,0.00102438
kick,35,12,0.000965496
kick,35,13,0.00102923
kick,35,14,0.000964915
kick,35,15,0.00101365
kick,35,16,0.000973602
kick,35,17,0.001016405
kick,35,18,0.000975245
kick,35,19,0.001011967
drift,35,0,0.000982258
drift,35,1,0.000979573
drift,35,2,0.000981397
drift,35,3,0.000984593
drift,35,4,0.000971127
drift,35,5,0.000971859
drift,35,6,0.000978201
drift,35,7,0.000980405
drift,35,8,0.000985735
drift,35,9,0.000984032
particleBC,35,0,0.002830661
particleBC,35,1,0.002843445
particleBC,35,2,0.002805471
particleBC,35,3,0.002824519
particleBC,35,4,0.002798769
particleBC,35,5,0.002818145
particleBC,35,6,0.002812615
particleBC,35,7,0.002838416
particleBC,35,8,0.002827233
particleBC,35,9,0.002840589
updateParticle,35,0,0.018459828
updateParticle,35,1,0.018983105
updateParticle,35,2,0.021283606
updateParticle,35,3,0.017988883
updateParticle,35,4,0.017592293
updateParticle,35,5,0.018147472
updateParticle,35,6,0.016914497
updateParticle,35,7,0.017488942
updateParticle,35,8,0.01705572
updateParticle,35,9,0.017889721
locateParticles,35,0,0.003805956
locateParticles,35,1,0.003824241
locateParticles,35,2,0.003822959
locateParticles,35,3,0.003805715
locateParticles,35,4,0.003788922
locateParticles,35,5,0.003830062
locateParticles,35,6,0.003795826
locateParticles,35,7,0.00378317
locateParticles,35,8,0.003806175
locateParticles,35,9,0.003802538
sendPreprocess,35,0,0.002117575
sendPreprocess,35,1,0.002067277
sendPreprocess,35,2,0.002290871
sendPreprocess,35,3,0.002055343
sendPreprocess,35,4,0.002305379
sendPreprocess,35,5,0.002080322
sendPreprocess,35,6,0.002135029
sendPreprocess,35,7,0.002164696
sendPreprocess,35,8,0.002132654
sendPreprocess,35,9,0.002148906
particleSend,35,0,0.001597153
particleSend,35,1,0.001544762
particleSend,35,2,0.002503914
particleSend,35,3,0.001542467
particleSend,35,4,0.001546655
particleSend,35,5,0.001541836
particleSend,35,6,0.001545333
particleSend,35,7,0.001599408
particleSend,35,8,0.001593005
particleSend,35,9,0.001630679
particleRecv,35,0,4.8254e-05
particleRecv,35,1,4.5849e-05
particleRecv,35,2,4.6761e-05
particleRecv,35,3,5.0438e-05
particleRecv,35,4,4.4586e-05
particleRecv,35,5,4.7382e-05
particleRecv,35,6,4.8284e-05
particleRecv,35,7,4.649e-05
particleRecv,35,8,4.8695e-05
particleRecv,35,9,4.9125e-05
particleDestroy,35,0,0.007003819
particleDestroy,35,1,0.006999911
particleDestroy,35,2,0.006998509
particleDestroy,35,3,0.006987928
particleDestroy,35,4,0.006954965
particleDestroy,35,5,0.00700474
particleDestroy,35,6,0.006857935
particleDestroy,35,7,0.006905328
particleDestroy,35,8,0.007096007
particleDestroy,35,9,0.006907501
ScatterPIFNUFFT,35,0,2.04982001
ScatterPIFNUFFT,35,1,0.00124025
ScatterPIFNUFFT,35,2,2.050688938
ScatterPIFNUFFT,35,3,0.001240621
ScatterPIFNUFFT,35,4,2.04932111
ScatterPIFNUFFT,35,5,0.001242525
ScatterPIFNUFFT,35,6,2.05447321
ScatterPIFNUFFT,35,7,0.001231652
ScatterPIFNUFFT,35,8,2.049030124
ScatterPIFNUFFT,35,9,0.001244378
ScatterPIFNUFFT,35,10,2.053364193
ScatterPIFNUFFT,35,11,0.001239728
ScatterPIFNUFFT,35,12,2.049440392
ScatterPIFNUFFT,35,13,0.001244378
ScatterPIFNUFFT,35,14,2.050892643
ScatterPIFNUFFT,35,15,0.001243346
ScatterPIFNUFFT,35,16,2.057348457
ScatterPIFNUFFT,35,17,0.00124547
ScatterPIFNUFFT,35,18,2.055109358
ScatterPIFNUFFT,35,19,0.001237995
NativeNUFFT1,35,0,2.048094517
NativeNUFFT1,35,1,2.048963695
NativeNUFFT1,35,2,2.047577432
NativeNUFFT1,35,3,2.052742477
NativeNUFFT1,35,4,2.047289182
NativeNUFFT1,35,5,2.051626106
NativeNUFFT1,35,6,2.047681214
NativeNUFFT1,35,7,2.049157331
NativeNUFFT1,35,8,2.055592956
NativeNUFFT1,35,9,2.053360769
scatterTimerNUFFT1,35,0,1.916919907
scatterTimerNUFFT1,35,1,1.917133642
scatterTimerNUFFT1,35,2,1.916468848
scatterTimerNUFFT1,35,3,1.916959734
scatterTimerNUFFT1,35,4,1.916775907
scatterTimerNUFFT1,35,5,1.916812876
scatterTimerNUFFT1,35,6,1.916583924
scatterTimerNUFFT1,35,7,1.917011314
scatterTimerNUFFT1,35,8,1.91749352
scatterTimerNUFFT1,35,9,1.91719942
binSort,35,0,0.006440595
binSort,35,1,0.006436536
binSort,35,2,0.006405196
binSort,35,3,0.006426658
binSort,35,4,0.006410516
binSort,35,5,0.006431166
binSort,35,6,0.006622438
binSort,35,7,0.006512063
binSort,35,8,0.006426567
binSort,35,9,0.006794041
binComputeKeys,35,0,0.000466316
binComputeKeys,35,1,0.000467258
binComputeKeys,35,2,0.000467608
binComputeKeys,35,3,0.000467067
binComputeKeys,35,4,0.000467528
binComputeKeys,35,5,0.000467398
binComputeKeys,35,6,0.000467859
binComputeKeys,35,7,0.000465845
binComputeKeys,35,8,0.000469733
binComputeKeys,35,9,0.000467769
binSortByKey,35,0,0.005782086
binSortByKey,35,1,0.005773118
binSortByKey,35,2,0.005742127
binSortByKey,35,3,0.00576902
binSortByKey,35,4,0.005745664
binSortByKey,35,5,0.005773348
binSortByKey,35,6,0.005958146
binSortByKey,35,7,0.005849305
binSortByKey,35,8,0.005760052
binSortByKey,35,9,0.006129118
binComputeOffsets,35,0,0.000189358
binComputeOffsets,35,1,0.000193306
binComputeOffsets,35,2,0.000192524
binComputeOffsets,35,3,0.000187394
binComputeOffsets,35,4,0.000193627
binComputeOffsets,35,5,0.000187284
binComputeOffsets,35,6,0.000193225
binComputeOffsets,35,7,0.000193877
binComputeOffsets,35,8,0.000192785
binComputeOffsets,35,9,0.000193997
FFTNUFFT1,35,0,0.130862163
FFTNUFFT1,35,1,0.131520532
FFTNUFFT1,35,2,0.130802358
FFTNUFFT1,35,3,0.135467361
FFTNUFFT1,35,4,0.130206208
FFTNUFFT1,35,5,0.134497667
FFTNUFFT1,35,6,0.130785273
FFTNUFFT1,35,7,0.131840524
FFTNUFFT1,35,8,0.137787439
FFTNUFFT1,35,9,0.135844424
deconvolutionNUFFT1,35,0,0.000309241
deconvolutionNUFFT1,35,1,0.000305935
deconvolutionNUFFT1,35,2,0.000302317
deconvolutionNUFFT1,35,3,0.000311695
deconvolutionNUFFT1,35,4,0.000303139
deconvolutionNUFFT1,35,5,0.000312086
deconvolutionNUFFT1,35,6,0.000308569
deconvolutionNUFFT1,35,7,0.000302137
deconvolutionNUFFT1,35,8,0.000307888
deconvolutionNUFFT1,35,9,0.000313449
GatherPIFNUFFT,35,0,4.028067787
GatherPIFNUFFT,35,1,4.014726898
GatherPIFNUFFT,35,2,4.016064416
GatherPIFNUFFT,35,3,4.007588962
GatherPIFNUFFT,35,4,4.017091192
GatherPIFNUFFT,35,5,4.007272732
GatherPIFNUFFT,35,6,4.001471579
GatherPIFNUFFT,35,7,3.977256088
GatherPIFNUFFT,35,8,3.977365622
GatherPIFNUFFT,35,9,3.972319356
NativeNUFFT2,35,0,1.193856972
NativeNUFFT2,35,1,1.419751018
NativeNUFFT2,35,2,1.404771552
NativeNUFFT2,35,3,1.180200839
NativeNUFFT2,35,4,1.419024889
NativeNUFFT2,35,5,1.405882221
NativeNUFFT2,35,6,1.184073108
NativeNUFFT2,35,7,1.417089664
NativeNUFFT2,35,8,1.4052028
NativeNUFFT2,35,9,1.182865765
NativeNUFFT2,35,10,1.405298131
NativeNUFFT2,35,11,1.409850992
NativeNUFFT2,35,12,1.191704451
NativeNUFFT2,35,13,1.397733117
NativeNUFFT2,35,14,1.418036928
NativeNUFFT2,35,15,1.173768871
NativeNUFFT2,35,16,1.416466357
NativeNUFFT2,35,17,1.407406682
NativeNUFFT2,35,18,1.189281432
NativeNUFFT2,35,19,1.404941683
NativeNUFFT2,35,20,1.397562364
NativeNUFFT2,35,21,1.172256202
NativeNUFFT2,35,22,1.40615475
NativeNUFFT2,35,23,1.389173434
NativeNUFFT2,35,24,1.161790616
NativeNUFFT2,35,25,1.408336329
NativeNUFFT2,35,26,1.397465336
NativeNUFFT2,35,27,1.17208586
NativeNUFFT2,35,28,1.382205726
NativeNUFFT2,35,29,1.408314656
PrecorrectionNUFFT2,35,0,0.000576841
PrecorrectionNUFFT2,35,1,0.000563535
PrecorrectionNUFFT2,35,2,0.000573865
PrecorrectionNUFFT2,35,3,0.00055054
PrecorrectionNUFFT2,35,4,0.000544658
PrecorrectionNUFFT2,35,5,0.000692105
PrecorrectionNUFFT2,35,6,0.000574406
PrecorrectionNUFFT2,35,7,0.000568484
PrecorrectionNUFFT2,35,8,0.000571841
PrecorrectionNUFFT2,35,9,0.00056083
PrecorrectionNUFFT2,35,10,0.000548666
PrecorrectionNUFFT2,35,11,0.000552694
PrecorrectionNUFFT2,35,12,0.000557603
PrecorrectionNUFFT2,35,13,0.000548796
PrecorrectionNUFFT2,35,14,0.000545489
PrecorrectionNUFFT2,35,15,0.000553716
PrecorrectionNUFFT2,35,16,0.000549057
PrecorrectionNUFFT2,35,17,0.000549217
PrecorrectionNUFFT2,35,18,0.000575278
PrecorrectionNUFFT2,35,19,0.000572913
PrecorrectionNUFFT2,35,20,0.00056608
PrecorrectionNUFFT2,35,21,0.000574256
PrecorrectionNUFFT2,35,22,0.000569477
PrecorrectionNUFFT2,35,23,0.000574016
PrecorrectionNUFFT2,35,24,0.000577452
PrecorrectionNUFFT2,35,25,0.000563545
PrecorrectionNUFFT2,35,26,0.000569486
PrecorrectionNUFFT2,35,27,0.000570809
PrecorrectionNUFFT2,35,28,0.000569927
PrecorrectionNUFFT2,35,29,0.000569496
FFTNUFFT2,35,0,0.1254054
FFTNUFFT2,35,1,0.356802467
FFTNUFFT2,35,2,0.35741096
FFTNUFFT2,35,3,0.13347541
FFTNUFFT2,35,4,0.368217328
FFTNUFFT2,35,5,0.359884297
FFTNUFFT2,35,6,0.137666924
FFTNUFFT2,35,7,0.362622879
FFTNUFFT2,35,8,0.360970195
FFTNUFFT2,35,9,0.13298116
FFTNUFFT2,35,10,0.360017914
FFTNUFFT2,35,11,0.369087328
FFTNUFFT2,35,12,0.132962133
FFTNUFFT2,35,13,0.35809535
FFTNUFFT2,35,14,0.365174155
FFTNUFFT2,35,15,0.129345927
FFTNUFFT2,35,16,0.362597167
FFTNUFFT2,35,17,0.352839067
FFTNUFFT2,35,18,0.134004879
FFTNUFFT2,35,19,0.355753901
FFTNUFFT2,35,20,0.349437207
FFTNUFFT2,35,21,0.132008571
FFTNUFFT2,35,22,0.359617107
FFTNUFFT2,35,23,0.354280738
FFTNUFFT2,35,24,0.124224977
FFTNUFFT2,35,25,0.362172231
FFTNUFFT2,35,26,0.35115793
FFTNUFFT2,35,27,0.125532828
FFTNUFFT2,35,28,0.347225199
FFTNUFFT2,35,29,0.363401199
GatherNUFFT2,35,0,1.067865634
GatherNUFFT2,35,1,1.062377181
GatherNUFFT2,35,2,1.046778782
GatherNUFFT2,35,3,1.046167576
GatherNUFFT2,35,4,1.050255218
GatherNUFFT2,35,5,1.045298096
GatherNUFFT2,35,6,1.045824403
GatherNUFFT2,35,7,1.053890445
GatherNUFFT2,35,8,1.043653089
GatherNUFFT2,35,9,1.049316341
GatherNUFFT2,35,10,1.044723546
GatherNUFFT2,35,11,1.040202904
GatherNUFFT2,35,12,1.058178002
GatherNUFFT2,35,13,1.039082147
GatherNUFFT2,35,14,1.052310149
GatherNUFFT2,35,15,1.043861693
GatherNUFFT2,35,16,1.053310605
GatherNUFFT2,35,17,1.054010933
GatherNUFFT2,35,18,1.05469354
GatherNUFFT2,35,19,1.048607164
GatherNUFFT2,35,20,1.047551523
GatherNUFFT2,35,21,1.039666081
GatherNUFFT2,35,22,1.045960732
GatherNUFFT2,35,23,1.034311197
GatherNUFFT2,35,24,1.036978389
GatherNUFFT2,35,25,1.045592878
GatherNUFFT2,35,26,1.045730645
GatherNUFFT2,35,27,1.045974849
GatherNUFFT2,35,28,1.034403456
GatherNUFFT2,35,29,1.044335605
mainTimer,36,0,63.095031718
dumpData,36,0,0.005153774
dumpData,36,1,0.003893505
dumpData,36,2,0.004029328
dumpData,36,3,0.003714868
dumpData,36,4,0.003745898
dumpData,36,5,0.003964704
dumpData,36,6,0.003934324
dumpData,36,7,0.003845903
dumpData,36,8,0.003916079
dumpData,36,9,0.004008308
kick,36,0,0.001235811
kick,36,1,0.001227645
kick,36,2,0.001247203
kick,36,3,0.001228908
kick,36,4,0.001243877
kick,36,5,0.001231313
kick,36,6,0.001248366
kick,36,7,0.001227505
kick,36,8,0.001244538
kick,36,9,0.001209119
kick,36,10,0.001250169
kick,36,11,0.001234879
kick,36,12,0.001233257
kick,36,13,0.001227175
kick,36,14,0.001243085
kick,36,15,0.001227735
kick,36,16,0.001240641
kick,36,17,0.001218378
kick,36,18,0.001231172
kick,36,19,0.001251212
drift,36,0,0.001247744
drift,36,1,0.001242294
drift,36,2,0.001251511
drift,36,3,0.001250851
drift,36,4,0.001231362
drift,36,5,0.001226613
drift,36,6,0.001251241
drift,36,7,0.001241172
drift,36,8,0.001235842
drift,36,9,0.001229429
particleBC,36,0,0.003408724
particleBC,36,1,0.003424485
particleBC,36,2,0.003462047
particleBC,36,3,0.003460825
particleBC,36,4,0.003450535
particleBC,36,5,0.003473919
particleBC,36,6,0.003433291
particleBC,36,7,0.003445515
particleBC,36,8,0.003484891
particleBC,36,9,0.003449583
updateParticle,36,0,0.01798742
updateParticle,36,1,0.018215193
updateParticle,36,2,0.020244206
updateParticle,36,3,0.017404928
updateParticle,36,4,0.016650383
updateParticle,36,5,0.017214379
updateParticle,36,6,0.016297928
updateParticle,36,7,0.017354139
updateParticle,36,8,0.016187413
updateParticle,36,9,0.016956027
locateParticles,36,0,0.004495084
locateParticles,36,1,0.004486748
locateParticles,36,2,0.004507058
locateParticles,36,3,0.004504291
locateParticles,36,4,0.004491688
locateParticles,36,5,0.00449271
locateParticles,36,6,0.004503722
locateParticles,36,7,0.004508209
locateParticles,36,8,0.004488962
locateParticles,36,9,0.004504182
sendPreprocess,36,0,0.000320272
sendPreprocess,36,1,0.00028319
sendPreprocess,36,2,0.000418513
sendPreprocess,36,3,0.000180481
sendPreprocess,36,4,0.000415157
sendPreprocess,36,5,0.000225368
sendPreprocess,36,6,0.000265806
sendPreprocess,36,7,0.000293199
sendPreprocess,36,8,0.000275665
sendPreprocess,36,9,0.000538586
particleSend,36,0,0.002675719
particleSend,36,1,0.0029286
particleSend,36,2,0.001700584
particleSend,36,3,0.001699742
particleSend,36,4,0.00171397
particleSend,36,5,0.002711289
particleSend,36,6,0.001710313
particleSend,36,7,0.002700177
particleSend,36,8,0.001709622
particleSend,36,9,0.001712297
particleRecv,36,0,7.8914e-05
particleRecv,36,1,5.3123e-05
particleRecv,36,2,5.1741e-05
particleRecv,36,3,4.8935e-05
particleRecv,36,4,4.9897e-05
particleRecv,36,5,4.5167e-05
particleRecv,36,6,5.3153e-05
particleRecv,36,7,4.9376e-05
particleRecv,36,8,4.9827e-05
particleRecv,36,9,4.9596e-05
particleDestroy,36,0,0.008196426
particleDestroy,36,1,0.008226906
particleDestroy,36,2,0.008230843
particleDestroy,36,3,0.008572718
particleDestroy,36,4,0.008530877
particleDestroy,36,5,0.008422475
particleDestroy,36,6,0.00837352
particleDestroy,36,7,0.008437324
particleDestroy,36,8,0.008307061
particleDestroy,36,9,0.008279988
ScatterPIFNUFFT,36,0,2.051589187
ScatterPIFNUFFT,36,1,0.001266811
ScatterPIFNUFFT,36,2,2.045943717
ScatterPIFNUFFT,36,3,0.001254989
ScatterPIFNUFFT,36,4,2.050172635
ScatterPIFNUFFT,36,5,0.001256622
ScatterPIFNUFFT,36,6,2.043113858
ScatterPIFNUFFT,36,7,0.001259517
ScatterPIFNUFFT,36,8,2.050092829
ScatterPIFNUFFT,36,9,0.001264347
ScatterPIFNUFFT,36,10,2.049860966
ScatterPIFNUFFT,36,11,0.001262142
ScatterPIFNUFFT,36,12,2.051674562
ScatterPIFNUFFT,36,13,0.001265068
ScatterPIFNUFFT,36,14,2.042803575
ScatterPIFNUFFT,36,15,0.00127132
ScatterPIFNUFFT,36,16,2.04544059
ScatterPIFNUFFT,36,17,0.001265338
ScatterPIFNUFFT,36,18,2.040445204
ScatterPIFNUFFT,36,19,0.001256311
NativeNUFFT1,36,0,2.049609811
NativeNUFFT1,36,1,2.043959321
NativeNUFFT1,36,2,2.048198188
NativeNUFFT1,36,3,2.041147928
NativeNUFFT1,36,4,2.04809159
NativeNUFFT1,36,5,2.047676662
NativeNUFFT1,36,6,2.049683544
NativeNUFFT1,36,7,2.040788289
NativeNUFFT1,36,8,2.04344872
NativeNUFFT1,36,9,2.038442802
scatterTimerNUFFT1,36,0,1.915603861
scatterTimerNUFFT1,36,1,1.915326481
scatterTimerNUFFT1,36,2,1.914575049
scatterTimerNUFFT1,36,3,1.917161104
scatterTimerNUFFT1,36,4,1.917215551
scatterTimerNUFFT1,36,5,1.916870678
scatterTimerNUFFT1,36,6,1.917108733
scatterTimerNUFFT1,36,7,1.915300659
scatterTimerNUFFT1,36,8,1.917726644
scatterTimerNUFFT1,36,9,1.917320956
binSort,36,0,0.00785362
binSort,36,1,0.007852988
binSort,36,2,0.007870212
binSort,36,3,0.007865954
binSort,36,4,0.007881684
binSort,36,5,0.007860373
binSort,36,6,0.007875743
binSort,36,7,0.00787973
binSort,36,8,0.008006918
binSort,36,9,0.007859161
binComputeKeys,36,0,0.000603062
binComputeKeys,36,1,0.000603061
binComputeKeys,36,2,0.000603412
binComputeKeys,36,3,0.000601869
binComputeKeys,36,4,0.000606278
binComputeKeys,36,5,0.000598522
binComputeKeys,36,6,0.000605016
binComputeKeys,36,7,0.000606408
binComputeKeys,36,8,0.000745629
binComputeKeys,36,9,0.000605196
binSortByKey,36,0,0.007026904
binSortByKey,36,1,0.007022625
binSortByKey,36,2,0.007041221
binSortByKey,36,3,0.00703493
binSortByKey,36,4,0.007048185
binSortByKey,36,5,0.007035721
binSortByKey,36,6,0.007044378
binSortByKey,36,7,0.007049537
binSortByKey,36,8,0.007033526
binSortByKey,36,9,0.007028486
binComputeOffsets,36,0,0.000220919
binComputeOffsets,36,1,0.000224156
binComputeOffsets,36,2,0.000222643
binComputeOffsets,36,3,0.000225067
binComputeOffsets,36,4,0.000223024
binComputeOffsets,36,5,0.000222913
binComputeOffsets,36,6,0.000223194
binComputeOffsets,36,7,0.000220619
binComputeOffsets,36,8,0.000223294
binComputeOffsets,36,9,0.000222302
FFTNUFFT1,36,0,0.133493355
FFTNUFFT1,36,1,0.128116006
FFTNUFFT1,36,2,0.133107517
FFTNUFFT1,36,3,0.123471352
FFTNUFFT1,36,4,0.13035633
FFTNUFFT1,36,5,0.130286735
FFTNUFFT1,36,6,0.132059549
FFTNUFFT1,36,7,0.124969904
FFTNUFFT1,36,8,0.125202766
FFTNUFFT1,36,9,0.120605794
deconvolutionNUFFT1,36,0,0.000508107
deconvolutionNUFFT1,36,1,0.000513067
deconvolutionNUFFT1,36,2,0.000511945
deconvolutionNUFFT1,36,3,0.000511814
deconvolutionNUFFT1,36,4,0.00051452
deconvolutionNUFFT1,36,5,0.000515291
deconvolutionNUFFT1,36,6,0.000511795
deconvolutionNUFFT1,36,7,0.000513959
deconvolutionNUFFT1,36,8,0.000514931
deconvolutionNUFFT1,36,9,0.000512285
GatherPIFNUFFT,36,0,4.257613728
GatherPIFNUFFT,36,1,4.252456219
GatherPIFNUFFT,36,2,4.246024913
GatherPIFNUFFT,36,3,4.252633798
GatherPIFNUFFT,36,4,4.235931561
GatherPIFNUFFT,36,5,4.230361146
GatherPIFNUFFT,36,6,4.213780559
GatherPIFNUFFT,36,7,4.215173384
GatherPIFNUFFT,36,8,4.202167244
GatherPIFNUFFT,36,9,4.203346445
NativeNUFFT2,36,0,1.417326697
NativeNUFFT2,36,1,1.414257073
NativeNUFFT2,36,2,1.415055424
NativeNUFFT2,36,3,1.417373058
NativeNUFFT2,36,4,1.410377425
NativeNUFFT2,36,5,1.413762533
NativeNUFFT2,36,6,1.415147059
NativeNUFFT2,36,7,1.409802451
NativeNUFFT2,36,8,1.410027927
NativeNUFFT2,36,9,1.422213661
NativeNUFFT2,36,10,1.409908712
NativeNUFFT2,36,11,1.4095828
NativeNUFFT2,36,12,1.409786447
NativeNUFFT2,36,13,1.408657995
NativeNUFFT2,36,14,1.406551631
NativeNUFFT2,36,15,1.408803395
NativeNUFFT2,36,16,1.402411728
NativeNUFFT2,36,17,1.408180745
NativeNUFFT2,36,18,1.40506909
NativeNUFFT2,36,19,1.401652381
NativeNUFFT2,36,20,1.396101256
NativeNUFFT2,36,21,1.403529578
NativeNUFFT2,36,22,1.401057275
NativeNUFFT2,36,23,1.399447348
NativeNUFFT2,36,24,1.401206144
NativeNUFFT2,36,25,1.396490643
NativeNUFFT2,36,26,1.393479551
NativeNUFFT2,36,27,1.403217542
NativeNUFFT2,36,28,1.394000795
NativeNUFFT2,36,29,1.395190586
PrecorrectionNUFFT2,36,0,0.000790957
PrecorrectionNUFFT2,36,1,0.000757431
PrecorrectionNUFFT2,36,2,0.000757041
PrecorrectionNUFFT2,36,3,0.000799173
PrecorrectionNUFFT2,36,4,0.000754957
PrecorrectionNUFFT2,36,5,0.000759035
PrecorrectionNUFFT2,36,6,0.000790376
PrecorrectionNUFFT2,36,7,0.00076171
PrecorrectionNUFFT2,36,8,0.0007617
PrecorrectionNUFFT2,36,9,0.00079256
PrecorrectionNUFFT2,36,10,0.000758814
PrecorrectionNUFFT2,36,11,0.000758503
PrecorrectionNUFFT2,36,12,0.000789765
PrecorrectionNUFFT2,36,13,0.000752612
PrecorrectionNUFFT2,36,14,0.000757612
PrecorrectionNUFFT2,36,15,0.000793501
PrecorrectionNUFFT2,36,16,0.000758955
PrecorrectionNUFFT2,36,17,0.000759636
PrecorrectionNUFFT2,36,18,0.000792509
PrecorrectionNUFFT2,36,19,0.000765918
PrecorrectionNUFFT2,36,20,0.000755257
PrecorrectionNUFFT2,36,21,0.000790135
PrecorrectionNUFFT2,36,22,0.000766569
PrecorrectionNUFFT2,36,23,0.000763664
PrecorrectionNUFFT2,36,24,0.000797439
PrecorrectionNUFFT2,36,25,0.000755999
PrecorrectionNUFFT2,36,26,0.000757862
PrecorrectionNUFFT2,36,27,0.000793722
PrecorrectionNUFFT2,36,28,0.000759866
PrecorrectionNUFFT2,36,29,0.000761339
FFTNUFFT2,36,0,0.130702613
FFTNUFFT2,36,1,0.124146614
FFTNUFFT2,36,2,0.126244269
FFTNUFFT2,36,3,0.136523492
FFTNUFFT2,36,4,0.128011594
FFTNUFFT2,36,5,0.12492654
FFTNUFFT2,36,6,0.134495832
FFTNUFFT2,36,7,0.133859706
FFTNUFFT2,36,8,0.125676627
FFTNUFFT2,36,9,0.13691311
FFTNUFFT2,36,10,0.123961925
FFTNUFFT2,36,11,0.126938188
FFTNUFFT2,36,12,0.124469972
FFTNUFFT2,36,13,0.128689492
FFTNUFFT2,36,14,0.126522932
FFTNUFFT2,36,15,0.128153991
FFTNUFFT2,36,16,0.134261137
FFTNUFFT2,36,17,0.126425782
FFTNUFFT2,36,18,0.128654653
FFTNUFFT2,36,19,0.127126264
FFTNUFFT2,36,20,0.123673334
FFTNUFFT2,36,21,0.131779615
FFTNUFFT2,36,22,0.125065259
FFTNUFFT2,36,23,0.128301928
FFTNUFFT2,36,24,0.131823561
FFTNUFFT2,36,25,0.133287936
FFTNUFFT2,36,26,0.133300631
FFTNUFFT2,36,27,0.132718529
FFTNUFFT2,36,28,0.134039116
FFTNUFFT2,36,29,0.124718926
GatherNUFFT2,36,0,1.285823859
GatherNUFFT2,36,1,1.289345103
GatherNUFFT2,36,2,1.288045727
GatherNUFFT2,36,3,1.280042668
GatherNUFFT2,36,4,1.281602479
GatherNUFFT2,36,5,1.288066557
GatherNUFFT2,36,6,1.279851143
GatherNUFFT2,36,7,1.275172839
GatherNUFFT2,36,8,1.283581514
GatherNUFFT2,36,9,1.284498383
GatherNUFFT2,36,10,1.285179395
GatherNUFFT2,36,11,1.281876419
GatherNUFFT2,36,12,1.284519225
GatherNUFFT2,36,13,1.279206903
GatherNUFFT2,36,14,1.279262782
GatherNUFFT2,36,15,1.279847016
GatherNUFFT2,36,16,1.267382549
GatherNUFFT2,36,17,1.28098635
GatherNUFFT2,36,18,1.27561339
GatherNUFFT2,36,19,1.273751943
GatherNUFFT2,36,20,1.271663215
GatherNUFFT2,36,21,1.270950098
GatherNUFFT2,36,22,1.27521661
GatherNUFFT2,36,23,1.270372798
GatherNUFFT2,36,24,1.268575756
GatherNUFFT2,36,25,1.262438993
GatherNUFFT2,36,26,1.25941202
GatherNUFFT2,36,27,1.269696493
GatherNUFFT2,36,28,1.259192794
GatherNUFFT2,36,29,1.269702255
mainTimer,37,0,63.095034945
dumpData,37,0,0.100901127
dumpData,37,1,0.103870527
dumpData,37,2,0.093112562
dumpData,37,3,0.100818586
dumpData,37,4,0.090782636
dumpData,37,5,0.103314136
dumpData,37,6,0.090086804
dumpData,37,7,0.094107486
dumpData,37,8,0.097445472
dumpData,37,9,0.104639399
kick,37,0,0.001085408
kick,37,1,0.001123523
kick,37,2,0.001094196
kick,37,3,0.001115518
kick,37,4,0.001084938
kick,37,5,0.001121309
kick,37,6,0.001090258
kick,37,7,0.001125267
kick,37,8,0.001079077
kick,37,9,0.001117151
kick,37,10,0.001087443
kick,37,11,0.001120487
kick,37,12,0.001108514
kick,37,13,0.001126428
kick,37,14,0.001083586
kick,37,15,0.001120006
kick,37,16,0.001083896
kick,37,17,0.001118092
kick,37,18,0.001078476
kick,37,19,0.001123684
drift,37,0,0.001074578
drift,37,1,0.001095438
drift,37,2,0.001083224
drift,37,3,0.001097783
drift,37,4,0.001093716
drift,37,5,0.001094156
drift,37,6,0.001091862
drift,37,7,0.001099887
drift,37,8,0.001088615
drift,37,9,0.00108034
particleBC,37,0,0.003199797
particleBC,37,1,0.003174358
particleBC,37,2,0.003194347
particleBC,37,3,0.003188335
particleBC,37,4,0.003210699
particleBC,37,5,0.003199978
particleBC,37,6,0.003183956
particleBC,37,7,0.003177094
particleBC,37,8,0.003193024
particleBC,37,9,0.003188755
updateParticle,37,0,0.018376356
updateParticle,37,1,0.018707971
updateParticle,37,2,0.020791389
updateParticle,37,3,0.017896023
updateParticle,37,4,0.017106289
updateParticle,37,5,0.017781551
updateParticle,37,6,0.016701583
updateParticle,37,7,0.017799675
updateParticle,37,8,0.016644952
updateParticle,37,9,0.017572334
locateParticles,37,0,0.004262924
locateParticles,37,1,0.004261571
locateParticles,37,2,0.004251361
locateParticles,37,3,0.004282492
locateParticles,37,4,0.004241732
locateParticles,37,5,0.004291429
locateParticles,37,6,0.004282402
locateParticles,37,7,0.00429227
locateParticles,37,8,0.004296969
locateParticles,37,9,0.004314243
sendPreprocess,37,0,0.001084037
sendPreprocess,37,1,0.001058596
sendPreprocess,37,2,0.001270919
sendPreprocess,37,3,0.000986567
sendPreprocess,37,4,0.001208919
sendPreprocess,37,5,0.000990905
sendPreprocess,37,6,0.001016395
sendPreprocess,37,7,0.001076031
sendPreprocess,37,8,0.001062545
sendPreprocess,37,9,0.001290407
particleSend,37,0,0.001603846
particleSend,37,1,0.002849356
particleSend,37,2,0.002549604
particleSend,37,3,0.001608696
particleSend,37,4,0.002535847
particleSend,37,5,0.002809269
particleSend,37,6,0.001797573
particleSend,37,7,0.00173929
particleSend,37,8,0.001724591
particleSend,37,9,0.002681881
particleRecv,37,0,4.7121e-05
particleRecv,37,1,5.1891e-05
particleRecv,37,2,5.637e-05
particleRecv,37,3,5.3243e-05
particleRecv,37,4,4.8344e-05
particleRecv,37,5,7.1008e-05
particleRecv,37,6,6.156e-05
particleRecv,37,7,5.5728e-05
particleRecv,37,8,5.9215e-05
particleRecv,37,9,5.4706e-05
particleDestroy,37,0,0.007845083
particleDestroy,37,1,0.007830795
particleDestroy,37,2,0.007823693
particleDestroy,37,3,0.007826969
particleDestroy,37,4,0.007833211
particleDestroy,37,5,0.007829033
particleDestroy,37,6,0.007863649
particleDestroy,37,7,0.007838751
particleDestroy,37,8,0.007867798
particleDestroy,37,9,0.007926811
ScatterPIFNUFFT,37,0,2.043876913
ScatterPIFNUFFT,37,1,0.001263785
ScatterPIFNUFFT,37,2,2.048686457
ScatterPIFNUFFT,37,3,0.001265169
ScatterPIFNUFFT,37,4,2.050619453
ScatterPIFNUFFT,37,5,0.001256631
ScatterPIFNUFFT,37,6,2.050321874
ScatterPIFNUFFT,37,7,0.001265189
ScatterPIFNUFFT,37,8,2.045108134
ScatterPIFNUFFT,37,9,0.001261391
ScatterPIFNUFFT,37,10,2.053740495
ScatterPIFNUFFT,37,11,0.001266401
ScatterPIFNUFFT,37,12,2.045925331
ScatterPIFNUFFT,37,13,0.001258405
ScatterPIFNUFFT,37,14,2.048768235
ScatterPIFNUFFT,37,15,0.001259186
ScatterPIFNUFFT,37,16,2.048304204
ScatterPIFNUFFT,37,17,0.001263545
ScatterPIFNUFFT,37,18,2.046280101
ScatterPIFNUFFT,37,19,0.001264126
NativeNUFFT1,37,0,2.042004704
NativeNUFFT1,37,1,2.046803077
NativeNUFFT1,37,2,2.048717106
NativeNUFFT1,37,3,2.048428865
NativeNUFFT1,37,4,2.043239062
NativeNUFFT1,37,5,2.051833158
NativeNUFFT1,37,6,2.044016563
NativeNUFFT1,37,7,2.046844948
NativeNUFFT1,37,8,2.046397289
NativeNUFFT1,37,9,2.044369549
scatterTimerNUFFT1,37,0,1.915638578
scatterTimerNUFFT1,37,1,1.916020419
scatterTimerNUFFT1,37,2,1.915564912
scatterTimerNUFFT1,37,3,1.915655419
scatterTimerNUFFT1,37,4,1.915824208
scatterTimerNUFFT1,37,5,1.915727577
scatterTimerNUFFT1,37,6,1.915638617
scatterTimerNUFFT1,37,7,1.915121671
scatterTimerNUFFT1,37,8,1.916514969
scatterTimerNUFFT1,37,9,1.916097649
binSort,37,0,0.007371644
binSort,37,1,0.007329722
binSort,37,2,0.007400479
binSort,37,3,0.007377395
binSort,37,4,0.007336415
binSort,37,5,0.007359098
binSort,37,6,0.007391271
binSort,37,7,0.007357316
binSort,37,8,0.007378616
binSort,37,9,0.007350282
binComputeKeys,37,0,0.0005456
binComputeKeys,37,1,0.000548937
binComputeKeys,37,2,0.000552573
binComputeKeys,37,3,0.000548937
binComputeKeys,37,4,0.000544979
binComputeKeys,37,5,0.000545059
binComputeKeys,37,6,0.000546101
binComputeKeys,37,7,0.000545129
binComputeKeys,37,8,0.000546031
binComputeKeys,37,9,0.000550179
binSortByKey,37,0,0.00661298
binSortByKey,37,1,0.006568924
binSortByKey,37,2,0.006631345
binSortByKey,37,3,0.006614543
binSortByKey,37,4,0.006579274
binSortByKey,37,5,0.006599844
binSortByKey,37,6,0.006633128
binSortByKey,37,7,0.006598892
binSortByKey,37,8,0.006617538
binSortByKey,37,9,0.006584093
binComputeOffsets,37,0,0.000209747
binComputeOffsets,37,1,0.000208956
binComputeOffsets,37,2,0.000212823
binComputeOffsets,37,3,0.000210739
binComputeOffsets,37,4,0.000208425
binComputeOffsets,37,5,0.000210379
binComputeOffsets,37,6,0.000208676
binComputeOffsets,37,7,0.000209827
binComputeOffsets,37,8,0.000210388
binComputeOffsets,37,9,0.000212724
FFTNUFFT1,37,0,0.126057337
FFTNUFFT1,37,1,0.130470301
FFTNUFFT1,37,2,0.132847061
FFTNUFFT1,37,3,0.132458374
FFTNUFFT1,37,4,0.127102327
FFTNUFFT1,37,5,0.13579124
FFTNUFFT1,37,6,0.128066651
FFTNUFFT1,37,7,0.131408214
FFTNUFFT1,37,8,0.129562548
FFTNUFFT1,37,9,0.127962057
deconvolutionNUFFT1,37,0,0.000305654
deconvolutionNUFFT1,37,1,0.00030883
deconvolutionNUFFT1,37,2,0.000301716
deconvolutionNUFFT1,37,3,0.000311796
deconvolutionNUFFT1,37,4,0.0003083
deconvolutionNUFFT1,37,5,0.000310474
deconvolutionNUFFT1,37,6,0.000307337
deconvolutionNUFFT1,37,7,0.000311134
deconvolutionNUFFT1,37,8,0.000315402
deconvolutionNUFFT1,37,9,0.000305944
GatherPIFNUFFT,37,0,4.169847324
GatherPIFNUFFT,37,1,4.149918553
GatherPIFNUFFT,37,2,4.156683909
GatherPIFNUFFT,37,3,4.148517333
GatherPIFNUFFT,37,4,4.154036965
GatherPIFNUFFT,37,5,4.127225728
GatherPIFNUFFT,37,6,4.133601846
GatherPIFNUFFT,37,7,4.119216095
GatherPIFNUFFT,37,8,4.106005346
GatherPIFNUFFT,37,9,4.096946905
NativeNUFFT2,37,0,1.328096859
NativeNUFFT2,37,1,1.419785055
NativeNUFFT2,37,2,1.411540113
NativeNUFFT2,37,3,1.314874358
NativeNUFFT2,37,4,1.413870422
NativeNUFFT2,37,5,1.410636297
NativeNUFFT2,37,6,1.324005126
NativeNUFFT2,37,7,1.400655791
NativeNUFFT2,37,8,1.421489816
NativeNUFFT2,37,9,1.315269974
NativeNUFFT2,37,10,1.408696315
NativeNUFFT2,37,11,1.414068015
NativeNUFFT2,37,12,1.323720776
NativeNUFFT2,37,13,1.406785105
NativeNUFFT2,37,14,1.413016162
NativeNUFFT2,37,15,1.30494872
NativeNUFFT2,37,16,1.404684424
NativeNUFFT2,37,17,1.40713775
NativeNUFFT2,37,18,1.31032126
NativeNUFFT2,37,19,1.415510498
NativeNUFFT2,37,20,1.397340122
NativeNUFFT2,37,21,1.310711838
NativeNUFFT2,37,22,1.388787895
NativeNUFFT2,37,23,1.409277207
NativeNUFFT2,37,24,1.310771615
NativeNUFFT2,37,25,1.396985644
NativeNUFFT2,37,26,1.387811357
NativeNUFFT2,37,27,1.308454943
NativeNUFFT2,37,28,1.393925047
NativeNUFFT2,37,29,1.384136427
PrecorrectionNUFFT2,37,0,0.00055561
PrecorrectionNUFFT2,37,1,0.00054542
PrecorrectionNUFFT2,37,2,0.000545861
PrecorrectionNUFFT2,37,3,0.000575388
PrecorrectionNUFFT2,37,4,0.000569045
PrecorrectionNUFFT2,37,5,0.000570809
PrecorrectionNUFFT2,37,6,0.000574466
PrecorrectionNUFFT2,37,7,0.000560389
PrecorrectionNUFFT2,37,8,0.000566521
PrecorrectionNUFFT2,37,9,0.000578985
PrecorrectionNUFFT2,37,10,0.000572502
PrecorrectionNUFFT2,37,11,0.000569948
PrecorrectionNUFFT2,37,12,0.000576349
PrecorrectionNUFFT2,37,13,0.00056092
PrecorrectionNUFFT2,37,14,0.000564957
PrecorrectionNUFFT2,37,15,0.000557623
PrecorrectionNUFFT2,37,16,0.000547954
PrecorrectionNUFFT2,37,17,0.000557212
PrecorrectionNUFFT2,37,18,0.000557713
PrecorrectionNUFFT2,37,19,0.000551421
PrecorrectionNUFFT2,37,20,0.0005509
PrecorrectionNUFFT2,37,21,0.000560339
PrecorrectionNUFFT2,37,22,0.000549287
PrecorrectionNUFFT2,37,23,0.000552994
PrecorrectionNUFFT2,37,24,0.00055571
PrecorrectionNUFFT2,37,25,0.000556993
PrecorrectionNUFFT2,37,26,0.000544277
PrecorrectionNUFFT2,37,27,0.000559066
PrecorrectionNUFFT2,37,28,0.000548555
PrecorrectionNUFFT2,37,29,0.000548536
FFTNUFFT2,37,0,0.132577717
FFTNUFFT2,37,1,0.227684173
FFTNUFFT2,37,2,0.226676646
FFTNUFFT2,37,3,0.133703273
FFTNUFFT2,37,4,0.233939067
FFTNUFFT2,37,5,0.227903589
FFTNUFFT2,37,6,0.13407784
FFTNUFFT2,37,7,0.221489195
FFTNUFFT2,37,8,0.232337262
FFTNUFFT2,37,9,0.135997381
FFTNUFFT2,37,10,0.230923157
FFTNUFFT2,37,11,0.236696845
FFTNUFFT2,37,12,0.135972052
FFTNUFFT2,37,13,0.229458582
FFTNUFFT2,37,14,0.228910015
FFTNUFFT2,37,15,0.127434643
FFTNUFFT2,37,16,0.231141642
FFTNUFFT2,37,17,0.232887744
FFTNUFFT2,37,18,0.142436332
FFTNUFFT2,37,19,0.237240943
FFTNUFFT2,37,20,0.217099607
FFTNUFFT2,37,21,0.133509838
FFTNUFFT2,37,22,0.218667202
FFTNUFFT2,37,23,0.234096182
FFTNUFFT2,37,24,0.132318622
FFTNUFFT2,37,25,0.217652281
FFTNUFFT2,37,26,0.217462763
FFTNUFFT2,37,27,0.133187351
FFTNUFFT2,37,28,0.21988529
FFTNUFFT2,37,29,0.220405771
GatherNUFFT2,37,0,1.194955227
GatherNUFFT2,37,1,1.191548859
GatherNUFFT2,37,2,1.184309041
GatherNUFFT2,37,3,1.180587271
GatherNUFFT2,37,4,1.179354455
GatherNUFFT2,37,5,1.182153313
GatherNUFFT2,37,6,1.189345595
GatherNUFFT2,37,7,1.178598201
GatherNUFFT2,37,8,1.188579179
GatherNUFFT2,37,9,1.178684882
GatherNUFFT2,37,10,1.177193723
GatherNUFFT2,37,11,1.176792877
GatherNUFFT2,37,12,1.18716449
GatherNUFFT2,37,13,1.176756236
GatherNUFFT2,37,14,1.183530007
GatherNUFFT2,37,15,1.176948048
GatherNUFFT2,37,16,1.172983606
GatherNUFFT2,37,17,1.173684837
GatherNUFFT2,37,18,1.167318127
GatherNUFFT2,37,19,1.177709406
GatherNUFFT2,37,20,1.179681189
GatherNUFFT2,37,21,1.176634457
GatherNUFFT2,37,22,1.169562749
GatherNUFFT2,37,23,1.174619433
GatherNUFFT2,37,24,1.177889437
GatherNUFFT2,37,25,1.178769278
GatherNUFFT2,37,26,1.169796561
GatherNUFFT2,37,27,1.174699188
GatherNUFFT2,37,28,1.173482835
GatherNUFFT2,37,29,1.163174175
mainTimer,38,0,63.095036317
dumpData,38,0,0.099884221
dumpData,38,1,0.100536097
dumpData,38,2,0.097990762
dumpData,38,3,0.097457004
dumpData,38,4,0.096903369
dumpData,38,5,0.098162716
dumpData,38,6,0.095086468
dumpData,38,7,0.097850319
dumpData,38,8,0.097609892
dumpData,38,9,0.100258588
kick,38,0,0.001097162
kick,38,1,0.001151417
kick,38,2,0.001103865
kick,38,3,0.001157399
kick,38,4,0.001112221
kick,38,5,0.001139635
kick,38,6,0.001112732
kick,38,7,0.001151728
kick,38,8,0.001105227
kick,38,9,0.001163921
kick,38,10,0.001099327
kick,38,11,0.001157438
kick,38,12,0.001093985
kick,38,13,0.0011325
kick,38,14,0.001118163
kick,38,15,0.001145546
kick,38,16,0.001114636
kick,38,17,0.00112694
kick,38,18,0.001104757
kick,38,19,0.001149794
drift,38,0,0.001098554
drift,38,1,0.00111151
drift,38,2,0.001099687
drift,38,3,0.001099987
drift,38,4,0.001117381
drift,38,5,0.001097152
drift,38,6,0.001102642
drift,38,7,0.00108579
drift,38,8,0.001096711
drift,38,9,0.001089206
particleBC,38,0,0.003199797
particleBC,38,1,0.003192774
particleBC,38,2,0.003203495
particleBC,38,3,0.003193606
particleBC,38,4,0.003192683
particleBC,38,5,0.003165721
particleBC,38,6,0.0031912
particleBC,38,7,0.003186502
particleBC,38,8,0.003214236
particleBC,38,9,0.003205528
updateParticle,38,0,0.018506028
updateParticle,38,1,0.018887078
updateParticle,38,2,0.020817419
updateParticle,38,3,0.018067296
updateParticle,38,4,0.017218086
updateParticle,38,5,0.017918838
updateParticle,38,6,0.016795776
updateParticle,38,7,0.017887616
updateParticle,38,8,0.016792929
updateParticle,38,9,0.01754949
locateParticles,38,0,0.004440759
locateParticles,38,1,0.004378948
locateParticles,38,2,0.00437977
locateParticles,38,3,0.004413596
locateParticles,38,4,0.004433796
locateParticles,38,5,0.004440379
locateParticles,38,6,0.004372065
locateParticles,38,7,0.004404708
locateParticles,38,8,0.004400179
locateParticles,38,9,0.004418154
sendPreprocess,38,0,0.000870191
sendPreprocess,38,1,0.000896702
sendPreprocess,38,2,0.001090799
sendPreprocess,38,3,0.000824572
sendPreprocess,38,4,0.000981808
sendPreprocess,38,5,0.000864089
sendPreprocess,38,6,0.000923414
sendPreprocess,38,7,0.000935307
sendPreprocess,38,8,0.000900429
sendPreprocess,38,9,0.001135737
particleSend,38,0,0.001766964
particleSend,38,1,0.002715155
particleSend,38,2,0.004685554
particleSend,38,3,0.002750926
particleSend,38,4,0.001769598
particleSend,38,5,0.003012033
particleSend,38,6,0.001807232
particleSend,38,7,0.001748858
particleSend,38,8,0.001760911
particleSend,38,9,0.001820878
particleRecv,38,0,5.9015e-05
particleRecv,38,1,5.3564e-05
particleRecv,38,2,4.8724e-05
particleRecv,38,3,5.3494e-05
particleRecv,38,4,6.4215e-05
particleRecv,38,5,6.196e-05
particleRecv,38,6,5.4556e-05
particleRecv,38,7,5.695e-05
particleRecv,38,8,5.3855e-05
particleRecv,38,9,5.3765e-05
particleDestroy,38,0,0.008191527
particleDestroy,38,1,0.008136489
particleDestroy,38,2,0.008444308
particleDestroy,38,3,0.008110149
particleDestroy,38,4,0.008063268
particleDestroy,38,5,0.008041364
particleDestroy,38,6,0.008045443
particleDestroy,38,7,0.008188521
particleDestroy,38,8,0.008233248
particleDestroy,38,9,0.008235853
ScatterPIFNUFFT,38,0,2.050924556
ScatterPIFNUFFT,38,1,0.00125562
ScatterPIFNUFFT,38,2,2.047080136
ScatterPIFNUFFT,38,3,0.001262173
ScatterPIFNUFFT,38,4,2.048310716
ScatterPIFNUFFT,38,5,0.001266962
ScatterPIFNUFFT,38,6,2.045045652
ScatterPIFNUFFT,38,7,0.001261872
ScatterPIFNUFFT,38,8,2.050919615
ScatterPIFNUFFT,38,9,0.001255399
ScatterPIFNUFFT,38,10,2.051874669
ScatterPIFNUFFT,38,11,0.001257343
ScatterPIFNUFFT,38,12,2.053049323
ScatterPIFNUFFT,38,13,0.00126616
ScatterPIFNUFFT,38,14,2.043639028
ScatterPIFNUFFT,38,15,0.001259056
ScatterPIFNUFFT,38,16,2.048012787
ScatterPIFNUFFT,38,17,0.001261571
ScatterPIFNUFFT,38,18,2.044413685
ScatterPIFNUFFT,38,19,0.001268234
NativeNUFFT1,38,0,2.049010437
NativeNUFFT1,38,1,2.045177699
NativeNUFFT1,38,2,2.046411847
NativeNUFFT1,38,3,2.043134458
NativeNUFFT1,38,4,2.048980498
NativeNUFFT1,38,5,2.049946923
NativeNUFFT1,38,6,2.051114133
NativeNUFFT1,38,7,2.041728536
NativeNUFFT1,38,8,2.046108157
NativeNUFFT1,38,9,2.042505817
scatterTimerNUFFT1,38,0,1.915647034
scatterTimerNUFFT1,38,1,1.91510472
scatterTimerNUFFT1,38,2,1.914744278
scatterTimerNUFFT1,38,3,1.917060589
scatterTimerNUFFT1,38,4,1.916474441
scatterTimerNUFFT1,38,5,1.917189758
scatterTimerNUFFT1,38,6,1.917734108
scatterTimerNUFFT1,38,7,1.915826431
scatterTimerNUFFT1,38,8,1.918065222
scatterTimerNUFFT1,38,9,1.916897212
binSort,38,0,0.007382394
binSort,38,1,0.007395971
binSort,38,2,0.007399237
binSort,38,3,0.00740054
binSort,38,4,0.007373817
binSort,38,5,0.007445196
binSort,38,6,0.007404167
binSort,38,7,0.0074267
binSort,38,8,0.007533718
binSort,38,9,0.007383786
binComputeKeys,38,0,0.000564096
binComputeKeys,38,1,0.000562653
binComputeKeys,38,2,0.000561802
binComputeKeys,38,3,0.000555208
binComputeKeys,38,4,0.000566381
binComputeKeys,38,5,0.000564006
binComputeKeys,38,6,0.000558235
binComputeKeys,38,7,0.000553906
binComputeKeys,38,8,0.000701954
binComputeKeys,38,9,0.000563565
binSortByKey,38,0,0.006600596
binSortByKey,38,1,0.006618219
binSortByKey,38,2,0.006622438
binSortByKey,38,3,0.006628249
binSortByKey,38,4,0.006589012
binSortByKey,38,5,0.006663417
binSortByKey,38,6,0.006627777
binSortByKey,38,7,0.006657185
binSortByKey,38,8,0.006612088
binSortByKey,38,9,0.006604262
binComputeOffsets,38,0,0.000214547
binComputeOffsets,38,1,0.000212022
binComputeOffsets,38,2,0.000212012
binComputeOffsets,38,3,0.000214026
binComputeOffsets,38,4,0.000214898
binComputeOffsets,38,5,0.000214517
binComputeOffsets,38,6,0.000214687
binComputeOffsets,38,7,0.000212473
binComputeOffsets,38,8,0.000214066
binComputeOffsets,38,9,0.000212543
FFTNUFFT1,38,0,0.133039754
FFTNUFFT1,38,1,0.129755702
FFTNUFFT1,38,2,0.131350633
FFTNUFFT1,38,3,0.12575565
FFTNUFFT1,38,4,0.132180815
FFTNUFFT1,38,5,0.132439768
FFTNUFFT1,38,6,0.133059411
FFTNUFFT1,38,7,0.125588055
FFTNUFFT1,38,8,0.127722162
FFTNUFFT1,38,9,0.125286499
deconvolutionNUFFT1,38,0,0.000319892
deconvolutionNUFFT1,38,1,0.000313179
deconvolutionNUFFT1,38,2,0.000312768
deconvolutionNUFFT1,38,3,0.0003144
deconvolutionNUFFT1,38,4,0.000320603
deconvolutionNUFFT1,38,5,0.000313389
deconvolutionNUFFT1,38,6,0.000316475
deconvolutionNUFFT1,38,7,0.000310122
deconvolutionNUFFT1,38,8,0.000315093
deconvolutionNUFFT1,38,9,0.000317878
GatherPIFNUFFT,38,0,4.163625414
GatherPIFNUFFT,38,1,4.154570432
GatherPIFNUFFT,38,2,4.153999923
GatherPIFNUFFT,38,3,4.156910131
GatherPIFNUFFT,38,4,4.141944489
GatherPIFNUFFT,38,5,4.134095707
GatherPIFNUFFT,38,6,4.121391952
GatherPIFNUFFT,38,7,4.120471484
GatherPIFNUFFT,38,8,4.105908248
GatherPIFNUFFT,38,9,4.10315666
NativeNUFFT2,38,0,1.321311844
NativeNUFFT2,38,1,1.415561499
NativeNUFFT2,38,2,1.416291426
NativeNUFFT2,38,3,1.317567721
NativeNUFFT2,38,4,1.419619233
NativeNUFFT2,38,5,1.406903636
NativeNUFFT2,38,6,1.323595118
NativeNUFFT2,38,7,1.407842235
NativeNUFFT2,38,8,1.412066505
NativeNUFFT2,38,9,1.319690613
NativeNUFFT2,38,10,1.413206459
NativeNUFFT2,38,11,1.413531784
NativeNUFFT2,38,12,1.31100611
NativeNUFFT2,38,13,1.415410075
NativeNUFFT2,38,14,1.404994105
NativeNUFFT2,38,15,1.305655283
NativeNUFFT2,38,16,1.411246735
NativeNUFFT2,38,17,1.406674589
NativeNUFFT2,38,18,1.306258986
NativeNUFFT2,38,19,1.408941995
NativeNUFFT2,38,20,1.395619389
NativeNUFFT2,38,21,1.311024055
NativeNUFFT2,38,22,1.392565295
NativeNUFFT2,38,23,1.406140292
NativeNUFFT2,38,24,1.303269668
NativeNUFFT2,38,25,1.399224876
NativeNUFFT2,38,26,1.39288239
NativeNUFFT2,38,27,1.304174676
NativeNUFFT2,38,28,1.393439153
NativeNUFFT2,38,29,1.395050945
PrecorrectionNUFFT2,38,0,0.000567994
PrecorrectionNUFFT2,38,1,0.00055057
PrecorrectionNUFFT2,38,2,0.000549157
PrecorrectionNUFFT2,38,3,0.000563455
PrecorrectionNUFFT2,38,4,0.000548034
PrecorrectionNUFFT2,38,5,0.000552573
PrecorrectionNUFFT2,38,6,0.000568765
PrecorrectionNUFFT2,38,7,0.000551471
PrecorrectionNUFFT2,38,8,0.000555409
PrecorrectionNUFFT2,38,9,0.000564156
PrecorrectionNUFFT2,38,10,0.000554828
PrecorrectionNUFFT2,38,11,0.000546632
PrecorrectionNUFFT2,38,12,0.000572713
PrecorrectionNUFFT2,38,13,0.000548526
PrecorrectionNUFFT2,38,14,0.000548025
PrecorrectionNUFFT2,38,15,0.000568174
PrecorrectionNUFFT2,38,16,0.000554858
PrecorrectionNUFFT2,38,17,0.000551922
PrecorrectionNUFFT2,38,18,0.00057102
PrecorrectionNUFFT2,38,19,0.000773122
PrecorrectionNUFFT2,38,20,0.000550821
PrecorrectionNUFFT2,38,21,0.000564607
PrecorrectionNUFFT2,38,22,0.000552012
PrecorrectionNUFFT2,38,23,0.000552764
PrecorrectionNUFFT2,38,24,0.000578073
PrecorrectionNUFFT2,38,25,0.000548997
PrecorrectionNUFFT2,38,26,0.000551081
PrecorrectionNUFFT2,38,27,0.000570238
PrecorrectionNUFFT2,38,28,0.00054535
PrecorrectionNUFFT2,38,29,0.000548626
FFTNUFFT2,38,0,0.130623178
FFTNUFFT2,38,1,0.226089405
FFTNUFFT2,38,2,0.22646242
FFTNUFFT2,38,3,0.137596517
FFTNUFFT2,38,4,0.228540988
FFTNUFFT2,38,5,0.21846002
FFTNUFFT2,38,6,0.138802139
FFTNUFFT2,38,7,0.221145487
FFTNUFFT2,38,8,0.225587386
FFTNUFFT2,38,9,0.137905117
FFTNUFFT2,38,10,0.228906789
FFTNUFFT2,38,11,0.227499886
FFTNUFFT2,38,12,0.122540063
FFTNUFFT2,38,13,0.231118146
FFTNUFFT2,38,14,0.220100338
FFTNUFFT2,38,15,0.1280661
FFTNUFFT2,38,16,0.22889728
FFTNUFFT2,38,17,0.221434931
FFTNUFFT2,38,18,0.12846241
FFTNUFFT2,38,19,0.228383372
FFTNUFFT2,38,20,0.217755932
FFTNUFFT2,38,21,0.138933246
FFTNUFFT2,38,22,0.220785359
FFTNUFFT2,38,23,0.229251849
FFTNUFFT2,38,24,0.131395128
FFTNUFFT2,38,25,0.223562334
FFTNUFFT2,38,26,0.220658823
FFTNUFFT2,38,27,0.129861198
FFTNUFFT2,38,28,0.222762751
FFTNUFFT2,38,29,0.224242236
GatherNUFFT2,38,0,1.190110633
GatherNUFFT2,38,1,1.18891433
GatherNUFFT2,38,2,1.189271182
GatherNUFFT2,38,3,1.179399613
GatherNUFFT2,38,4,1.190522506
GatherNUFFT2,38,5,1.187882965
GatherNUFFT2,38,6,1.184215717
GatherNUFFT2,38,7,1.186136498
GatherNUFFT2,38,8,1.185915603
GatherNUFFT2,38,9,1.181211711
GatherNUFFT2,38,10,1.183737047
GatherNUFFT2,38,11,1.185470988
GatherNUFFT2,38,12,1.1878852
GatherNUFFT2,38,13,1.183734464
GatherNUFFT2,38,14,1.184337266
GatherNUFFT2,38,15,1.177011721
GatherNUFFT2,38,16,1.18178082
GatherNUFFT2,38,17,1.184678429
GatherNUFFT2,38,18,1.177216249
GatherNUFFT2,38,19,1.179777666
GatherNUFFT2,38,20,1.17730431
GatherNUFFT2,38,21,1.171518427
GatherNUFFT2,38,22,1.171218836
GatherNUFFT2,38,23,1.176325779
GatherNUFFT2,38,24,1.171286567
GatherNUFFT2,38,25,1.175105048
GatherNUFFT2,38,26,1.17166396
GatherNUFFT2,38,27,1.173734173
GatherNUFFT2,38,28,1.170122676
GatherNUFFT2,38,29,1.170251217
mainTimer,39,0,63.095036358
dumpData,39,0,0.176254162
dumpData,39,1,0.176169847
dumpData,39,2,0.173869638
dumpData,39,3,0.175682401
dumpData,39,4,0.175994387
dumpData,39,5,0.176040256
dumpData,39,6,0.17013886
dumpData,39,7,0.174058295
dumpData,39,8,0.171446961
dumpData,39,9,0.173599583
kick,39,0,0.001046723
kick,39,1,0.001092163
kick,39,2,0.001054558
kick,39,3,0.001103966
kick,39,4,0.001046403
kick,39,5,0.001094086
kick,39,6,0.001044048
kick,39,7,0.001090969
kick,39,8,0.001047285
kick,39,9,0.001088205
kick,39,10,0.00105504
kick,39,11,0.001096771
kick,39,12,0.001051753
kick,39,13,0.001102162
kick,39,14,0.001048317
kick,39,15,0.001088825
kick,39,16,0.001046915
kick,39,17,0.001107131
kick,39,18,0.001047595
kick,39,19,0.001094728
drift,39,0,0.001022116
drift,39,1,0.001020784
drift,39,2,0.001018579
drift,39,3,0.00103408
drift,39,4,0.001039691
drift,39,5,0.001016385
drift,39,6,0.001028579
drift,39,7,0.001016846
drift,39,8,0.001038528
drift,39,9,0.001032336
particleBC,39,0,0.002976223
particleBC,39,1,0.002983828
particleBC,39,2,0.003002565
particleBC,39,3,0.002989138
particleBC,39,4,0.002996232
particleBC,39,5,0.003000069
particleBC,39,6,0.003008625
particleBC,39,7,0.002986473
particleBC,39,8,0.003024938
particleBC,39,9,0.00298532
updateParticle,39,0,0.018957946
updateParticle,39,1,0.019084011
updateParticle,39,2,0.021147621
updateParticle,39,3,0.018329876
updateParticle,39,4,0.017473132
updateParticle,39,5,0.017985057
updateParticle,39,6,0.016925007
updateParticle,39,7,0.018111551
updateParticle,39,8,0.01706076
updateParticle,39,9,0.018115339
locateParticles,39,0,0.004253966
locateParticles,39,1,0.004196464
locateParticles,39,2,0.004233716
locateParticles,39,3,0.004237344
locateParticles,39,4,0.004253526
locateParticles,39,5,0.004214921
locateParticles,39,6,0.004213237
locateParticles,39,7,0.004233645
locateParticles,39,8,0.004234938
locateParticles,39,9,0.0042359
sendPreprocess,39,0,0.001405962
sendPreprocess,39,1,0.001428696
sendPreprocess,39,2,0.001582565
sendPreprocess,39,3,0.001337088
sendPreprocess,39,4,0.001497009
sendPreprocess,39,5,0.001382687
sendPreprocess,39,6,0.001382036
sendPreprocess,39,7,0.00144591
sendPreprocess,39,8,0.001379019
sendPreprocess,39,9,0.00164695
particleSend,39,0,0.001739099
particleSend,39,1,0.001690033
particleSend,39,2,0.001673692
particleSend,39,3,0.002696049
particleSend,39,4,0.001681698
particleSend,39,5,0.001730292
particleSend,39,6,0.001678622
particleSend,39,7,0.002673686
particleSend,39,8,0.001675826
particleSend,39,9,0.00167765
particleRecv,39,0,6.1259e-05
particleRecv,39,1,5.5698e-05
particleRecv,39,2,5.4926e-05
particleRecv,39,3,5.7973e-05
particleRecv,39,4,5.2722e-05
particleRecv,39,5,5.2101e-05
particleRecv,39,6,5.5027e-05
particleRecv,39,7,5.7031e-05
particleRecv,39,8,5.7762e-05
particleRecv,39,9,5.9645e-05
particleDestroy,39,0,0.007697848
particleDestroy,39,1,0.007674461
particleDestroy,39,2,0.007686986
particleDestroy,39,3,0.007671296
particleDestroy,39,4,0.007674984
particleDestroy,39,5,0.007695422
particleDestroy,39,6,0.007637701
particleDestroy,39,7,0.007689882
particleDestroy,39,8,0.007679582
particleDestroy,39,9,0.00763727
ScatterPIFNUFFT,39,0,2.046827505
ScatterPIFNUFFT,39,1,0.001264457
ScatterPIFNUFFT,39,2,2.050052511
ScatterPIFNUFFT,39,3,0.001265038
ScatterPIFNUFFT,39,4,2.051138852
ScatterPIFNUFFT,39,5,0.001262072
ScatterPIFNUFFT,39,6,2.051031172
ScatterPIFNUFFT,39,7,0.001257153
ScatterPIFNUFFT,39,8,2.046509437
ScatterPIFNUFFT,39,9,0.001254558
ScatterPIFNUFFT,39,10,2.056299426
ScatterPIFNUFFT,39,11,0.001262333
ScatterPIFNUFFT,39,12,2.046612727
ScatterPIFNUFFT,39,13,0.001259568
ScatterPIFNUFFT,39,14,2.049991041
ScatterPIFNUFFT,39,15,0.001265549
ScatterPIFNUFFT,39,16,2.051133902
ScatterPIFNUFFT,39,17,0.001261582
ScatterPIFNUFFT,39,18,2.048419978
ScatterPIFNUFFT,39,19,0.001258776
NativeNUFFT1,39,0,2.045013821
NativeNUFFT1,39,1,2.048250499
NativeNUFFT1,39,2,2.049299197
NativeNUFFT1,39,3,2.049210254
NativeNUFFT1,39,4,2.044692487
NativeNUFFT1,39,5,2.054471555
NativeNUFFT1,39,6,2.044810305
NativeNUFFT1,39,7,2.048170964
NativeNUFFT1,39,8,2.049301893
NativeNUFFT1,39,9,2.046572148
scatterTimerNUFFT1,39,0,1.916632128
scatterTimerNUFFT1,39,1,1.917372797
scatterTimerNUFFT1,39,2,1.916900527
scatterTimerNUFFT1,39,3,1.916808449
scatterTimerNUFFT1,39,4,1.917027826
scatterTimerNUFFT1,39,5,1.917148528
scatterTimerNUFFT1,39,6,1.916755517
scatterTimerNUFFT1,39,7,1.916592449
scatterTimerNUFFT1,39,8,1.917639685
scatterTimerNUFFT1,39,9,1.91720485
binSort,39,0,0.006871682
binSort,39,1,0.006864648
binSort,39,2,0.006871491
binSort,39,3,0.006870411
binSort,39,4,0.006901991
binSort,39,5,0.006915928
binSort,39,6,0.00688124
binSort,39,7,0.00686036
binSort,39,8,0.007075838
binSort,39,9,0.006834048
binComputeKeys,39,0,0.000523628
binComputeKeys,39,1,0.000525351
binComputeKeys,39,2,0.00052519
binComputeKeys,39,3,0.000525792
binComputeKeys,39,4,0.000527315
binComputeKeys,39,5,0.000527815
binComputeKeys,39,6,0.000528076
binComputeKeys,39,7,0.000527114
binComputeKeys,39,8,0.000528567
binComputeKeys,39,9,0.000525781
binSortByKey,39,0,0.0061395
binSortByKey,39,1,0.006131765
binSortByKey,39,2,0.006138417
binSortByKey,39,3,0.006136965
binSortByKey,39,4,0.006166161
binSortByKey,39,5,0.006180408
binSortByKey,39,6,0.006147224
binSortByKey,39,7,0.006126273
binSortByKey,39,8,0.006338595
binSortByKey,39,9,0.006102127
binComputeOffsets,39,0,0.00020562
binComputeOffsets,39,1,0.000204137
binComputeOffsets,39,2,0.000204488
binComputeOffsets,39,3,0.000204237
binComputeOffsets,39,4,0.000204608
binComputeOffsets,39,5,0.000204047
binComputeOffsets,39,6,0.000202643
binComputeOffsets,39,7,0.000203546
binComputeOffsets,39,8,0.000203175
binComputeOffsets,39,9,0.000202614
FFTNUFFT1,39,0,0.128063935
FFTNUFFT1,39,1,0.130558432
FFTNUFFT1,39,2,0.132082426
FFTNUFFT1,39,3,0.132083927
FFTNUFFT1,39,4,0.12735041
FFTNUFFT1,39,5,0.137013816
FFTNUFFT1,39,6,0.127742581
FFTNUFFT1,39,7,0.131262471
FFTNUFFT1,39,8,0.131346333
FFTNUFFT1,39,9,0.12905425
deconvolutionNUFFT1,39,0,0.000313359
deconvolutionNUFFT1,39,1,0.000314872
deconvolutionNUFFT1,39,2,0.000312097
deconvolutionNUFFT1,39,3,0.00031375
deconvolutionNUFFT1,39,4,0.00030875
deconvolutionNUFFT1,39,5,0.000305153
deconvolutionNUFFT1,39,6,0.000308088
deconvolutionNUFFT1,39,7,0.000311726
deconvolutionNUFFT1,39,8,0.000310152
deconvolutionNUFFT1,39,9,0.00030892
GatherPIFNUFFT,39,0,4.09126875
GatherPIFNUFFT,39,1,4.075966801
GatherPIFNUFFT,39,2,4.075356885
GatherPIFNUFFT,39,3,4.072850267
GatherPIFNUFFT,39,4,4.06743377
GatherPIFNUFFT,39,5,4.052093653
GatherPIFNUFFT,39,6,4.052833218
GatherPIFNUFFT,39,7,4.038075263
GatherPIFNUFFT,39,8,4.029017674
GatherPIFNUFFT,39,9,4.025623438
NativeNUFFT2,39,0,1.247291239
NativeNUFFT2,39,1,1.418520989
NativeNUFFT2,39,2,1.415364854
NativeNUFFT2,39,3,1.240421831
NativeNUFFT2,39,4,1.415589444
NativeNUFFT2,39,5,1.409940987
NativeNUFFT2,39,6,1.240721088
NativeNUFFT2,39,7,1.411830486
NativeNUFFT2,39,8,1.412754011
NativeNUFFT2,39,9,1.241409078
NativeNUFFT2,39,10,1.408957992
NativeNUFFT2,39,11,1.412437407
NativeNUFFT2,39,12,1.239804232
NativeNUFFT2,39,13,1.412204185
NativeNUFFT2,39,14,1.405323977
NativeNUFFT2,39,15,1.22895992
NativeNUFFT2,39,16,1.405744022
NativeNUFFT2,39,17,1.407211703
NativeNUFFT2,39,18,1.237440157
NativeNUFFT2,39,19,1.406768902
NativeNUFFT2,39,20,1.398547258
NativeNUFFT2,39,21,1.228235041
NativeNUFFT2,39,22,1.397218587
NativeNUFFT2,39,23,1.402371519
NativeNUFFT2,39,24,1.226348426
NativeNUFFT2,39,25,1.394983765
NativeNUFFT2,39,26,1.397653101
NativeNUFFT2,39,27,1.223987398
NativeNUFFT2,39,28,1.39483752
NativeNUFFT2,39,29,1.396601828
PrecorrectionNUFFT2,39,0,0.00056066
PrecorrectionNUFFT2,39,1,0.000546152
PrecorrectionNUFFT2,39,2,0.000554798
PrecorrectionNUFFT2,39,3,0.000581991
PrecorrectionNUFFT2,39,4,0.000575999
PrecorrectionNUFFT2,39,5,0.00057103
PrecorrectionNUFFT2,39,6,0.000561501
PrecorrectionNUFFT2,39,7,0.000553405
PrecorrectionNUFFT2,39,8,0.000552624
PrecorrectionNUFFT2,39,9,0.000563134
PrecorrectionNUFFT2,39,10,0.000640564
PrecorrectionNUFFT2,39,11,0.000547093
PrecorrectionNUFFT2,39,12,0.000591489
PrecorrectionNUFFT2,39,13,0.000569948
PrecorrectionNUFFT2,39,14,0.000569287
PrecorrectionNUFFT2,39,15,0.000587943
PrecorrectionNUFFT2,39,16,0.000563124
PrecorrectionNUFFT2,39,17,0.000572582
PrecorrectionNUFFT2,39,18,0.000568725
PrecorrectionNUFFT2,39,19,0.000543626
PrecorrectionNUFFT2,39,20,0.000553355
PrecorrectionNUFFT2,39,21,0.000589506
PrecorrectionNUFFT2,39,22,0.000568505
PrecorrectionNUFFT2,39,23,0.000573004
PrecorrectionNUFFT2,39,24,0.000563475
PrecorrectionNUFFT2,39,25,0.000551241
PrecorrectionNUFFT2,39,26,0.000556782
PrecorrectionNUFFT2,39,27,0.000598954
PrecorrectionNUFFT2,39,28,0.000569096
PrecorrectionNUFFT2,39,29,0.000565949
FFTNUFFT2,39,0,0.127409455
FFTNUFFT2,39,1,0.308460556
FFTNUFFT2,39,2,0.307761699
FFTNUFFT2,39,3,0.132767555
FFTNUFFT2,39,4,0.308594257
FFTNUFFT2,39,5,0.303661582
FFTNUFFT2,39,6,0.134648579
FFTNUFFT2,39,7,0.305554962
FFTNUFFT2,39,8,0.308013526
FFTNUFFT2,39,9,0.138086981
FFTNUFFT2,39,10,0.305725722
FFTNUFFT2,39,11,0.309994247
FFTNUFFT2,39,12,0.135697689
FFTNUFFT2,39,13,0.312688212
FFTNUFFT2,39,14,0.30509657
FFTNUFFT2,39,15,0.126806502
FFTNUFFT2,39,16,0.306045354
FFTNUFFT2,39,17,0.305500825
FFTNUFFT2,39,18,0.137866713
FFTNUFFT2,39,19,0.310411608
FFTNUFFT2,39,20,0.302139354
FFTNUFFT2,39,21,0.131194178
FFTNUFFT2,39,22,0.304103811
FFTNUFFT2,39,23,0.307527714
FFTNUFFT2,39,24,0.131269374
FFTNUFFT2,39,25,0.301620616
FFTNUFFT2,39,26,0.306332902
FFTNUFFT2,39,27,0.133018363
FFTNUFFT2,39,28,0.30317663
FFTNUFFT2,39,29,0.305323562
GatherNUFFT2,39,0,1.119311385
GatherNUFFT2,39,1,1.109506296
GatherNUFFT2,39,2,1.10703908
GatherNUFFT2,39,3,1.107062718
GatherNUFFT2,39,4,1.106410872
GatherNUFFT2,39,5,1.10570011
GatherNUFFT2,39,6,1.105502842
GatherNUFFT2,39,7,1.105714424
GatherNUFFT2,39,8,1.104180097
GatherNUFFT2,39,9,1.102749725
GatherNUFFT2,39,10,1.102585043
GatherNUFFT2,39,11,1.101886929
GatherNUFFT2,39,12,1.103507229
GatherNUFFT2,39,13,1.098937949
GatherNUFFT2,39,14,1.099650554
GatherNUFFT2,39,15,1.101556037
GatherNUFFT2,39,16,1.099124503
GatherNUFFT2,39,17,1.101131212
GatherNUFFT2,39,18,1.098996334
GatherNUFFT2,39,19,1.095807005
GatherNUFFT2,39,20,1.095845441
GatherNUFFT2,39,21,1.096443363
GatherNUFFT2,39,22,1.092538145
GatherNUFFT2,39,23,1.094262295
GatherNUFFT2,39,24,1.094507262
GatherNUFFT2,39,25,1.092804102
GatherNUFFT2,39,26,1.09075483
GatherNUFFT2,39,27,1.090361374
GatherNUFFT2,39,28,1.09108421
GatherNUFFT2,39,29,1.09070391
mainTimer,40,0,63.095011191
dumpData,40,0,0.166290548
dumpData,40,1,0.166129527
dumpData,40,2,0.16358275
dumpData,40,3,0.167023067
dumpData,40,4,0.164391227
dumpData,40,5,0.170288767
dumpData,40,6,0.160367499
dumpData,40,7,0.163789373
dumpData,40,8,0.162071035
dumpData,40,9,0.162151991
kick,40,0,0.001059674
kick,40,1,0.001079692
kick,40,2,0.001035497
kick,40,3,0.001086335
kick,40,4,0.001051648
kick,40,5,0.001089852
kick,40,6,0.001056107
kick,40,7,0.001080494
kick,40,8,0.001056026
kick,40,9,0.001059603
kick,40,10,0.001042591
kick,40,11,0.001094131
kick,40,12,0.001049414
kick,40,13,0.001087858
kick,40,14,0.001057881
kick,40,15,0.001086175
kick,40,16,0.00106297
kick,40,17,0.001079633
kick,40,18,0.001055456
kick,40,19,0.001105172
drift,40,0,0.001028173
drift,40,1,0.00103191
drift,40,2,0.001040086
drift,40,3,0.001040627
drift,40,4,0.001023975
drift,40,5,0.001030006
drift,40,6,0.001036448
drift,40,7,0.001031299
drift,40,8,0.00103683
drift,40,9,0.001024235
particleBC,40,0,0.003025714
particleBC,40,1,0.002990446
particleBC,40,2,0.003027377
particleBC,40,3,0.003001387
particleBC,40,4,0.003006237
particleBC,40,5,0.002997149
particleBC,40,6,0.003021776
particleBC,40,7,0.00301356
particleBC,40,8,0.003022207
particleBC,40,9,0.003006607
updateParticle,40,0,0.017598485
updateParticle,40,1,0.017091232
updateParticle,40,2,0.017555422
updateParticle,40,3,0.019017265
updateParticle,40,4,0.017532468
updateParticle,40,5,0.017992189
updateParticle,40,6,0.017728909
updateParticle,40,7,0.017313774
updateParticle,40,8,0.017958863
updateParticle,40,9,0.018242996
locateParticles,40,0,0.003841214
locateParticles,40,1,0.003860481
locateParticles,40,2,0.003850803
locateParticles,40,3,0.00385419
locateParticles,40,4,0.003842206
locateParticles,40,5,0.003850983
locateParticles,40,6,0.003845183
locateParticles,40,7,0.003845743
locateParticles,40,8,0.003842898
locateParticles,40,9,0.003853007
sendPreprocess,40,0,0.001746514
sendPreprocess,40,1,0.001761013
sendPreprocess,40,2,0.001915512
sendPreprocess,40,3,0.001683122
sendPreprocess,40,4,0.001905212
sendPreprocess,40,5,0.001744571
sendPreprocess,40,6,0.00172334
sendPreprocess,40,7,0.001778146
sendPreprocess,40,8,0.001754991
sendPreprocess,40,9,0.001811351
particleSend,40,0,0.002696055
particleSend,40,1,0.00177538
particleSend,40,2,0.001808164
particleSend,40,3,0.001848373
particleSend,40,4,0.001748238
particleSend,40,5,0.001751465
particleSend,40,6,0.001812472
particleSend,40,7,0.001757536
particleSend,40,8,0.001794929
particleSend,40,9,0.0018158
particleRecv,40,0,5.8894e-05
particleRecv,40,1,5.6138e-05
particleRecv,40,2,5.5437e-05
particleRecv,40,3,5.697e-05
particleRecv,40,4,5.2412e-05
particleRecv,40,5,5.4195e-05
particleRecv,40,6,6.3092e-05
particleRecv,40,7,6.723e-05
particleRecv,40,8,5.5117e-05
particleRecv,40,9,5.685e-05
particleDestroy,40,0,0.007006949
particleDestroy,40,1,0.00699157
particleDestroy,40,2,0.006959157
particleDestroy,40,3,0.006962583
particleDestroy,40,4,0.006965118
particleDestroy,40,5,0.006982452
particleDestroy,40,6,0.006951321
particleDestroy,40,7,0.006949257
particleDestroy,40,8,0.006961922
particleDestroy,40,9,0.006954097
ScatterPIFNUFFT,40,0,2.049160589
ScatterPIFNUFFT,40,1,0.001265453
ScatterPIFNUFFT,40,2,2.048513164
ScatterPIFNUFFT,40,3,0.001256404
ScatterPIFNUFFT,40,4,2.050336038
ScatterPIFNUFFT,40,5,0.001259652
ScatterPIFNUFFT,40,6,2.045162782
ScatterPIFNUFFT,40,7,0.001265963
ScatterPIFNUFFT,40,8,2.046327288
ScatterPIFNUFFT,40,9,0.001260152
ScatterPIFNUFFT,40,10,2.046749046
ScatterPIFNUFFT,40,11,0.001260823
ScatterPIFNUFFT,40,12,2.047180952
ScatterPIFNUFFT,40,13,0.00126421
ScatterPIFNUFFT,40,14,2.048208885
ScatterPIFNUFFT,40,15,0.001265803
ScatterPIFNUFFT,40,16,2.048233282
ScatterPIFNUFFT,40,17,0.001265012
ScatterPIFNUFFT,40,18,2.046159163
ScatterPIFNUFFT,40,19,0.001265523
NativeNUFFT1,40,0,2.047324101
NativeNUFFT1,40,1,2.046659622
NativeNUFFT1,40,2,2.048490962
NativeNUFFT1,40,3,2.043346192
NativeNUFFT1,40,4,2.044488474
NativeNUFFT1,40,5,2.044933657
NativeNUFFT1,40,6,2.045323893
NativeNUFFT1,40,7,2.046347348
NativeNUFFT1,40,8,2.046410259
NativeNUFFT1,40,9,2.044317493
scatterTimerNUFFT1,40,0,1.916712718
scatterTimerNUFFT1,40,1,1.917686483
scatterTimerNUFFT1,40,2,1.919455373
scatterTimerNUFFT1,40,3,1.915356851
scatterTimerNUFFT1,40,4,1.915914941
scatterTimerNUFFT1,40,5,1.916336287
scatterTimerNUFFT1,40,6,1.915456242
scatterTimerNUFFT1,40,7,1.916140089
scatterTimerNUFFT1,40,8,1.91539196
scatterTimerNUFFT1,40,9,1.91599192
binSort,40,0,0.00692418
binSort,40,1,0.006939068
binSort,40,2,0.006910884
binSort,40,3,0.006956272
binSort,40,4,0.006978324
binSort,40,5,0.006954628
binSort,40,6,0.006941371
binSort,40,7,0.006949768
binSort,40,8,0.006945361
binSort,40,9,0.006908489
binComputeKeys,40,0,0.000544285
binComputeKeys,40,1,0.000537031
binComputeKeys,40,2,0.000539726
binComputeKeys,40,3,0.000537792
binComputeKeys,40,4,0.000542381
binComputeKeys,40,5,0.000539505
binComputeKeys,40,6,0.000534797
binComputeKeys,40,7,0.0005415
binComputeKeys,40,8,0.000535858
binComputeKeys,40,9,0.000542041
binSortByKey,40,0,0.006169898
binSortByKey,40,1,0.006195046
binSortByKey,40,2,0.006163755
binSortByKey,40,3,0.006208983
binSortByKey,40,4,0.006227028
binSortByKey,40,5,0.006208052
binSortByKey,40,6,0.00619745
binSortByKey,40,7,0.006201889
binSortByKey,40,8,0.006199585
binSortByKey,40,9,0.006159988
binComputeOffsets,40,0,0.000207081
binComputeOffsets,40,1,0.000203905
binComputeOffsets,40,2,0.000204416
binComputeOffsets,40,3,0.000205889
binComputeOffsets,40,4,0.000205618
binComputeOffsets,40,5,0.000203795
binComputeOffsets,40,6,0.000206039
binComputeOffsets,40,7,0.000203034
binComputeOffsets,40,8,0.000204737
binComputeOffsets,40,9,0.000203334
FFTNUFFT1,40,0,0.130288346
FFTNUFFT1,40,1,0.128660512
FFTNUFFT1,40,2,0.128722042
FFTNUFFT1,40,3,0.127671065
FFTNUFFT1,40,4,0.128248433
FFTNUFFT1,40,5,0.12828771
FFTNUFFT1,40,6,0.129551989
FFTNUFFT1,40,7,0.129891317
FFTNUFFT1,40,8,0.130706796
FFTNUFFT1,40,9,0.128012286
deconvolutionNUFFT1,40,0,0.000318858
deconvolutionNUFFT1,40,1,0.000308588
deconvolutionNUFFT1,40,2,0.0003096
deconvolutionNUFFT1,40,3,0.00031451
deconvolutionNUFFT1,40,4,0.000320491
deconvolutionNUFFT1,40,5,0.000305673
deconvolutionNUFFT1,40,6,0.000311494
deconvolutionNUFFT1,40,7,0.000311814
deconvolutionNUFFT1,40,8,0.000305452
deconvolutionNUFFT1,40,9,0.000309289
GatherPIFNUFFT,40,0,4.100222814
GatherPIFNUFFT,40,1,4.089764767
GatherPIFNUFFT,40,2,4.089999481
GatherPIFNUFFT,40,3,4.086647155
GatherPIFNUFFT,40,4,4.079167147
GatherPIFNUFFT,40,5,4.067360056
GatherPIFNUFFT,40,6,4.061347444
GatherPIFNUFFT,40,7,4.050651469
GatherPIFNUFFT,40,8,4.040410418
GatherPIFNUFFT,40,9,4.039171866
NativeNUFFT2,40,0,1.258188407
NativeNUFFT2,40,1,1.41507913
NativeNUFFT2,40,2,1.41664222
NativeNUFFT2,40,3,1.247920259
NativeNUFFT2,40,4,1.418653096
NativeNUFFT2,40,5,1.413061912
NativeNUFFT2,40,6,1.257373889
NativeNUFFT2,40,7,1.410141201
NativeNUFFT2,40,8,1.412317107
NativeNUFFT2,40,9,1.256368141
NativeNUFFT2,40,10,1.411486327
NativeNUFFT2,40,11,1.408613971
NativeNUFFT2,40,12,1.25193024
NativeNUFFT2,40,13,1.409774699
NativeNUFFT2,40,14,1.40738586
NativeNUFFT2,40,15,1.241900534
NativeNUFFT2,40,16,1.414376639
NativeNUFFT2,40,17,1.400947672
NativeNUFFT2,40,18,1.249094805
NativeNUFFT2,40,19,1.403780013
NativeNUFFT2,40,20,1.398279072
NativeNUFFT2,40,21,1.244168287
NativeNUFFT2,40,22,1.391213056
NativeNUFFT2,40,23,1.405129944
NativeNUFFT2,40,24,1.242271832
NativeNUFFT2,40,25,1.390634148
NativeNUFFT2,40,26,1.397430844
NativeNUFFT2,40,27,1.236043486
NativeNUFFT2,40,28,1.39225255
NativeNUFFT2,40,29,1.400691975
PrecorrectionNUFFT2,40,0,0.000556238
PrecorrectionNUFFT2,40,1,0.000551939
PrecorrectionNUFFT2,40,2,0.000548132
PrecorrectionNUFFT2,40,3,0.000584142
PrecorrectionNUFFT2,40,4,0.000564885
PrecorrectionNUFFT2,40,5,0.000573151
PrecorrectionNUFFT2,40,6,0.000584903
PrecorrectionNUFFT2,40,7,0.000622296
PrecorrectionNUFFT2,40,8,0.000576517
PrecorrectionNUFFT2,40,9,0.000582869
PrecorrectionNUFFT2,40,10,0.000579463
PrecorrectionNUFFT2,40,11,0.000564023
PrecorrectionNUFFT2,40,12,0.0005574
PrecorrectionNUFFT2,40,13,0.000551448
PrecorrectionNUFFT2,40,14,0.000549876
PrecorrectionNUFFT2,40,15,0.00057822
PrecorrectionNUFFT2,40,16,0.00056778
PrecorrectionNUFFT2,40,17,0.000573572
PrecorrectionNUFFT2,40,18,0.000573191
PrecorrectionNUFFT2,40,19,0.000573211
PrecorrectionNUFFT2,40,20,0.000568051
PrecorrectionNUFFT2,40,21,0.000579233
PrecorrectionNUFFT2,40,22,0.000570155
PrecorrectionNUFFT2,40,23,0.000567159
PrecorrectionNUFFT2,40,24,0.000556508
PrecorrectionNUFFT2,40,25,0.000553703
PrecorrectionNUFFT2,40,26,0.000553713
PrecorrectionNUFFT2,40,27,0.000574604
PrecorrectionNUFFT2,40,28,0.00056248
PrecorrectionNUFFT2,40,29,0.000584233
FFTNUFFT2,40,0,0.129971312
FFTNUFFT2,40,1,0.292141777
FFTNUFFT2,40,2,0.291567423
FFTNUFFT2,40,3,0.131445399
FFTNUFFT2,40,4,0.298700807
FFTNUFFT2,40,5,0.290395402
FFTNUFFT2,40,6,0.135554352
FFTNUFFT2,40,7,0.286696393
FFTNUFFT2,40,8,0.289154116
FFTNUFFT2,40,9,0.138701281
FFTNUFFT2,40,10,0.287960904
FFTNUFFT2,40,11,0.291243164
FFTNUFFT2,40,12,0.132231672
FFTNUFFT2,40,13,0.293591816
FFTNUFFT2,40,14,0.290404619
FFTNUFFT2,40,15,0.13283315
FFTNUFFT2,40,16,0.296470646
FFTNUFFT2,40,17,0.289830116
FFTNUFFT2,40,18,0.132111209
FFTNUFFT2,40,19,0.290894008
FFTNUFFT2,40,20,0.284632383
FFTNUFFT2,40,21,0.136810105
FFTNUFFT2,40,22,0.285505484
FFTNUFFT2,40,23,0.295242238
FFTNUFFT2,40,24,0.130797684
FFTNUFFT2,40,25,0.281126682
FFTNUFFT2,40,26,0.285918925
FFTNUFFT2,40,27,0.127234639
FFTNUFFT2,40,28,0.286885323
FFTNUFFT2,40,29,0.287485746
GatherNUFFT2,40,0,1.1276522
GatherNUFFT2,40,1,1.122372749
GatherNUFFT2,40,2,1.124518148
GatherNUFFT2,40,3,1.115881921
GatherNUFFT2,40,4,1.119378486
GatherNUFFT2,40,5,1.122085584
GatherNUFFT2,40,6,1.121226037
GatherNUFFT2,40,7,1.122814065
GatherNUFFT2,40,8,1.122578278
GatherNUFFT2,40,9,1.117074632
GatherNUFFT2,40,10,1.122936543
GatherNUFFT2,40,11,1.116798227
GatherNUFFT2,40,12,1.119130156
GatherNUFFT2,40,13,1.115622768
GatherNUFFT2,40,14,1.116422458
GatherNUFFT2,40,15,1.108480416
GatherNUFFT2,40,16,1.117328304
GatherNUFFT2,40,17,1.110534998
GatherNUFFT2,40,18,1.116401768
GatherNUFFT2,40,19,1.112304198
GatherNUFFT2,40,20,1.113069079
GatherNUFFT2,40,21,1.106769742
GatherNUFFT2,40,22,1.105128249
GatherNUFFT2,40,23,1.109311599
GatherNUFFT2,40,24,1.110908562
GatherNUFFT2,40,25,1.108946048
GatherNUFFT2,40,26,1.110949989
GatherNUFFT2,40,27,1.108224804
GatherNUFFT2,40,28,1.10479663
GatherNUFFT2,40,29,1.112613059
mainTimer,41,0,63.095012243
dumpData,41,0,0.088036464
dumpData,41,1,0.08862337
dumpData,41,2,0.087356074
dumpData,41,3,0.091147832
dumpData,41,4,0.086185055
dumpData,41,5,0.087621449
dumpData,41,6,0.08250362
dumpData,41,7,0.087236984
dumpData,41,8,0.083590705
dumpData,41,9,0.088648827
kick,41,0,0.001100894
kick,41,1,0.001152143
kick,41,2,0.001093559
kick,41,3,0.001149609
kick,41,4,0.001108849
kick,41,5,0.00114571
kick,41,6,0.001100192
kick,41,7,0.001153385
kick,41,8,0.001099932
kick,41,9,0.001158646
kick,41,10,0.001110032
kick,41,11,0.001155169
kick,41,12,0.001108449
kick,41,13,0.001152163
kick,41,14,0.001111403
kick,41,15,0.001147825
kick,41,16,0.001099421
kick,41,17,0.001158565
kick,41,18,0.001098559
kick,41,19,0.00116612
drift,41,0,0.00112992
drift,41,1,0.001118137
drift,41,2,0.00111476
drift,41,3,0.001112446
drift,41,4,0.001126804
drift,41,5,0.001118368
drift,41,6,0.001116444
drift,41,7,0.001120782
drift,41,8,0.001112496
drift,41,9,0.001102186
particleBC,41,0,0.003203057
particleBC,41,1,0.003207066
particleBC,41,2,0.003213217
particleBC,41,3,0.003191395
particleBC,41,4,0.003198459
particleBC,41,5,0.003207727
particleBC,41,6,0.0031996
particleBC,41,7,0.003227284
particleBC,41,8,0.003208157
particleBC,41,9,0.003213788
updateParticle,41,0,0.017373259
updateParticle,41,1,0.016882578
updateParticle,41,2,0.017170176
updateParticle,41,3,0.018563155
updateParticle,41,4,0.017302531
updateParticle,41,5,0.01775044
updateParticle,41,6,0.017274479
updateParticle,41,7,0.017062366
updateParticle,41,8,0.017698108
updateParticle,41,9,0.018026578
locateParticles,41,0,0.004079135
locateParticles,41,1,0.004059888
locateParticles,41,2,0.004131858
locateParticles,41,3,0.004094254
locateParticles,41,4,0.004075177
locateParticles,41,5,0.004093362
locateParticles,41,6,0.004086099
locateParticles,41,7,0.004085438
locateParticles,41,8,0.004128431
locateParticles,41,9,0.004092201
sendPreprocess,41,0,0.001189626
sendPreprocess,41,1,0.00120217
sendPreprocess,41,2,0.001317684
sendPreprocess,41,3,0.001139217
sendPreprocess,41,4,0.001334716
sendPreprocess,41,5,0.001136742
sendPreprocess,41,6,0.001169316
sendPreprocess,41,7,0.001184216
sendPreprocess,41,8,0.001174897
sendPreprocess,41,9,0.001246556
particleSend,41,0,0.002631851
particleSend,41,1,0.001735693
particleSend,41,2,0.001727238
particleSend,41,3,0.001805279
particleSend,41,4,0.002702046
particleSend,41,5,0.00358611
particleSend,41,6,0.001804427
particleSend,41,7,0.001732308
particleSend,41,8,0.001732277
particleSend,41,9,0.001735794
particleRecv,41,0,5.6319e-05
particleRecv,41,1,5.3824e-05
particleRecv,41,2,5.4706e-05
particleRecv,41,3,5.7612e-05
particleRecv,41,4,6.0748e-05
particleRecv,41,5,5.4936e-05
particleRecv,41,6,5.5097e-05
particleRecv,41,7,5.4375e-05
particleRecv,41,8,5.2742e-05
particleRecv,41,9,5.5327e-05
particleDestroy,41,0,0.007436732
particleDestroy,41,1,0.007464827
particleDestroy,41,2,0.007471099
particleDestroy,41,3,0.007458735
particleDestroy,41,4,0.007452874
particleDestroy,41,5,0.007472982
particleDestroy,41,6,0.007468805
particleDestroy,41,7,0.007507569
particleDestroy,41,8,0.007425591
particleDestroy,41,9,0.007426292
ScatterPIFNUFFT,41,0,2.054401887
ScatterPIFNUFFT,41,1,0.001265973
ScatterPIFNUFFT,41,2,2.054502932
ScatterPIFNUFFT,41,3,0.001260513
ScatterPIFNUFFT,41,4,2.056351727
ScatterPIFNUFFT,41,5,0.001259911
ScatterPIFNUFFT,41,6,2.0515547
ScatterPIFNUFFT,41,7,0.001262066
ScatterPIFNUFFT,41,8,2.052586588
ScatterPIFNUFFT,41,9,0.001254892
ScatterPIFNUFFT,41,10,2.052700459
ScatterPIFNUFFT,41,11,0.001256745
ScatterPIFNUFFT,41,12,2.05331044
ScatterPIFNUFFT,41,13,0.001263028
ScatterPIFNUFFT,41,14,2.054171171
ScatterPIFNUFFT,41,15,0.001257427
ScatterPIFNUFFT,41,16,2.054219674
ScatterPIFNUFFT,41,17,0.00126394
ScatterPIFNUFFT,41,18,2.052185292
ScatterPIFNUFFT,41,19,0.001269671
NativeNUFFT1,41,0,2.052481145
NativeNUFFT1,41,1,2.052585535
NativeNUFFT1,41,2,2.05443924
NativeNUFFT1,41,3,2.049651261
NativeNUFFT1,41,4,2.050680124
NativeNUFFT1,41,5,2.050775398
NativeNUFFT1,41,6,2.051399057
NativeNUFFT1,41,7,2.052237903
NativeNUFFT1,41,8,2.052311196
NativeNUFFT1,41,9,2.050271193
scatterTimerNUFFT1,41,0,1.916838191
scatterTimerNUFFT1,41,1,1.917284304
scatterTimerNUFFT1,41,2,1.917654633
scatterTimerNUFFT1,41,3,1.922690764
scatterTimerNUFFT1,41,4,1.922888095
scatterTimerNUFFT1,41,5,1.923169852
scatterTimerNUFFT1,41,6,1.928412962
scatterTimerNUFFT1,41,7,1.916302663
scatterTimerNUFFT1,41,8,1.922702739
scatterTimerNUFFT1,41,9,1.923061351
binSort,41,0,0.007427334
binSort,41,1,0.00742025
binSort,41,2,0.007431562
binSort,41,3,0.00740941
binSort,41,4,0.007415171
binSort,41,5,0.007531066
binSort,41,6,0.007401363
binSort,41,7,0.007406504
binSort,41,8,0.007371606
binSort,41,9,0.007353691
binComputeKeys,41,0,0.000555988
binComputeKeys,41,1,0.000563713
binComputeKeys,41,2,0.000561297
binComputeKeys,41,3,0.000559414
binComputeKeys,41,4,0.000564334
binComputeKeys,41,5,0.000553212
binComputeKeys,41,6,0.000559303
binComputeKeys,41,7,0.000558703
binComputeKeys,41,8,0.000565316
binComputeKeys,41,9,0.000554495
binSortByKey,41,0,0.006654467
binSortByKey,41,1,0.006640961
binSortByKey,41,2,0.006653615
binSortByKey,41,3,0.006631482
binSortByKey,41,4,0.006632243
binSortByKey,41,5,0.006605221
binSortByKey,41,6,0.0066257
binSortByKey,41,7,0.006628385
binSortByKey,41,8,0.006588338
binSortByKey,41,9,0.006582827
binComputeOffsets,41,0,0.000213804
binComputeOffsets,41,1,0.000212332
binComputeOffsets,41,2,0.000213133
binComputeOffsets,41,3,0.000215147
binComputeOffsets,41,4,0.000214816
binComputeOffsets,41,5,0.000368835
binComputeOffsets,41,6,0.000213243
binComputeOffsets,41,7,0.000216149
binComputeOffsets,41,8,0.000213233
binComputeOffsets,41,9,0.000213103
FFTNUFFT1,41,0,0.135329316
FFTNUFFT1,41,1,0.134981282
FFTNUFFT1,41,2,0.136465248
FFTNUFFT1,41,3,0.12664727
FFTNUFFT1,41,4,0.127482729
FFTNUFFT1,41,5,0.127290737
FFTNUFFT1,41,6,0.122668529
FFTNUFFT1,41,7,0.135616813
FFTNUFFT1,41,8,0.129288367
FFTNUFFT1,41,9,0.12689479
deconvolutionNUFFT1,41,0,0.000309761
deconvolutionNUFFT1,41,1,0.000316163
deconvolutionNUFFT1,41,2,0.000315542
deconvolutionNUFFT1,41,3,0.000309099
deconvolutionNUFFT1,41,4,0.00030447
deconvolutionNUFFT1,41,5,0.000310572
deconvolutionNUFFT1,41,6,0.000313748
deconvolutionNUFFT1,41,7,0.000314319
deconvolutionNUFFT1,41,8,0.00031467
deconvolutionNUFFT1,41,9,0.000311113
GatherPIFNUFFT,41,0,4.173050292
GatherPIFNUFFT,41,1,4.161058823
GatherPIFNUFFT,41,2,4.160212633
GatherPIFNUFFT,41,3,4.156208263
GatherPIFNUFFT,41,4,4.150909623
GatherPIFNUFFT,41,5,4.143906974
GatherPIFNUFFT,41,6,4.133173883
GatherPIFNUFFT,41,7,4.121300517
GatherPIFNUFFT,41,8,4.112787209
GatherPIFNUFFT,41,9,4.106466377
NativeNUFFT2,41,0,1.330846999
NativeNUFFT2,41,1,1.413250206
NativeNUFFT2,41,2,1.418399234
NativeNUFFT2,41,3,1.322673569
NativeNUFFT2,41,4,1.41815486
NativeNUFFT2,41,5,1.409635581
NativeNUFFT2,41,6,1.328967788
NativeNUFFT2,41,7,1.40973348
NativeNUFFT2,41,8,1.410841358
NativeNUFFT2,41,9,1.326122614
NativeNUFFT2,41,10,1.413554296
NativeNUFFT2,41,11,1.406012588
NativeNUFFT2,41,12,1.323979961
NativeNUFFT2,41,13,1.410012069
NativeNUFFT2,41,14,1.406147531
NativeNUFFT2,41,15,1.32151259
NativeNUFFT2,41,16,1.404455903
NativeNUFFT2,41,17,1.407292139
NativeNUFFT2,41,18,1.318002046
NativeNUFFT2,41,19,1.406916481
NativeNUFFT2,41,20,1.397683025
NativeNUFFT2,41,21,1.31303436
NativeNUFFT2,41,22,1.395467963
NativeNUFFT2,41,23,1.402169327
NativeNUFFT2,41,24,1.310037641
NativeNUFFT2,41,25,1.396959787
NativeNUFFT2,41,26,1.395084174
NativeNUFFT2,41,27,1.30613636
NativeNUFFT2,41,28,1.396495432
NativeNUFFT2,41,29,1.393330607
PrecorrectionNUFFT2,41,0,0.000586176
PrecorrectionNUFFT2,41,1,0.000565145
PrecorrectionNUFFT2,41,2,0.000565275
PrecorrectionNUFFT2,41,3,0.000592859
PrecorrectionNUFFT2,41,4,0.000562359
PrecorrectionNUFFT2,41,5,0.000562089
PrecorrectionNUFFT2,41,6,0.000565075
PrecorrectionNUFFT2,41,7,0.000549195
PrecorrectionNUFFT2,41,8,0.000551208
PrecorrectionNUFFT2,41,9,0.000566378
PrecorrectionNUFFT2,41,10,0.000549756
PrecorrectionNUFFT2,41,11,0.000553162
PrecorrectionNUFFT2,41,12,0.000590284
PrecorrectionNUFFT2,41,13,0.000566618
PrecorrectionNUFFT2,41,14,0.000569363
PrecorrectionNUFFT2,41,15,0.000587088
PrecorrectionNUFFT2,41,16,0.000564844
PrecorrectionNUFFT2,41,17,0.000571277
PrecorrectionNUFFT2,41,18,0.000585525
PrecorrectionNUFFT2,41,19,0.000566308
PrecorrectionNUFFT2,41,20,0.000564804
PrecorrectionNUFFT2,41,21,0.000586817
PrecorrectionNUFFT2,41,22,0.000576066
PrecorrectionNUFFT2,41,23,0.000578041
PrecorrectionNUFFT2,41,24,0.000586957
PrecorrectionNUFFT2,41,25,0.000564995
PrecorrectionNUFFT2,41,26,0.000561719
PrecorrectionNUFFT2,41,27,0.000569093
PrecorrectionNUFFT2,41,28,0.000553512
PrecorrectionNUFFT2,41,29,0.000551829
FFTNUFFT2,41,0,0.130990317
FFTNUFFT2,41,1,0.220378701
FFTNUFFT2,41,2,0.221651577
FFTNUFFT2,41,3,0.131080341
FFTNUFFT2,41,4,0.223122218
FFTNUFFT2,41,5,0.21546587
FFTNUFFT2,41,6,0.135783405
FFTNUFFT2,41,7,0.214932576
FFTNUFFT2,41,8,0.217709528
FFTNUFFT2,41,9,0.131895732
FFTNUFFT2,41,10,0.218013236
FFTNUFFT2,41,11,0.219056838
FFTNUFFT2,41,12,0.133611326
FFTNUFFT2,41,13,0.2212971
FFTNUFFT2,41,14,0.217471026
FFTNUFFT2,41,15,0.132658771
FFTNUFFT2,41,16,0.216572744
FFTNUFFT2,41,17,0.219691498
FFTNUFFT2,41,18,0.132279266
FFTNUFFT2,41,19,0.222094777
FFTNUFFT2,41,20,0.212621276
FFTNUFFT2,41,21,0.128681052
FFTNUFFT2,41,22,0.216394208
FFTNUFFT2,41,23,0.221057398
FFTNUFFT2,41,24,0.130474428
FFTNUFFT2,41,25,0.21353035
FFTNUFFT2,41,26,0.211404319
FFTNUFFT2,41,27,0.128972367
FFTNUFFT2,41,28,0.216766297
FFTNUFFT2,41,29,0.213111474
GatherNUFFT2,41,0,1.19926229
GatherNUFFT2,41,1,1.192297652
GatherNUFFT2,41,2,1.196174547
GatherNUFFT2,41,3,1.190991883
GatherNUFFT2,41,4,1.194462859
GatherNUFFT2,41,5,1.193600348
GatherNUFFT2,41,6,1.19261092
GatherNUFFT2,41,7,1.194243806
GatherNUFFT2,41,8,1.192572096
GatherNUFFT2,41,9,1.193652028
GatherNUFFT2,41,10,1.194981956
GatherNUFFT2,41,11,1.186394332
GatherNUFFT2,41,12,1.189769994
GatherNUFFT2,41,13,1.188140185
GatherNUFFT2,41,14,1.188099768
GatherNUFFT2,41,15,1.188258305
GatherNUFFT2,41,16,1.187308865
GatherNUFFT2,41,17,1.187021158
GatherNUFFT2,41,18,1.185129682
GatherNUFFT2,41,19,1.184247572
GatherNUFFT2,41,20,1.18448938
GatherNUFFT2,41,21,1.183757834
GatherNUFFT2,41,22,1.178489372
GatherNUFFT2,41,23,1.180525823
GatherNUFFT2,41,24,1.178968311
GatherNUFFT2,41,25,1.182856836
GatherNUFFT2,41,26,1.183110432
GatherNUFFT2,41,27,1.176586914
GatherNUFFT2,41,28,1.179167356
GatherNUFFT2,41,29,1.179659148
mainTimer,42,0,63.095010529
dumpData,42,0,0.24211262
dumpData,42,1,0.240504925
dumpData,42,2,0.226571953
dumpData,42,3,0.240937642
dumpData,42,4,0.231871755
dumpData,42,5,0.238659587
dumpData,42,6,0.229803816
dumpData,42,7,0.226528369
dumpData,42,8,0.221991965
dumpData,42,9,0.237055599
kick,42,0,0.000993235
kick,42,1,0.001028734
kick,42,2,0.000969058
kick,42,3,0.001025017
kick,42,4,0.0009753
kick,42,5,0.001020778
kick,42,6,0.000987033
kick,42,7,0.001024636
kick,42,8,0.000974138
kick,42,9,0.001040125
kick,42,10,0.000983366
kick,42,11,0.001007623
kick,42,12,0.000983035
kick,42,13,0.001023113
kick,42,14,0.001000199
kick,42,15,0.00101634
kick,42,16,0.000984688
kick,42,17,0.001035286
kick,42,18,0.000967385
kick,42,19,0.000999878
drift,42,0,0.000954871
drift,42,1,0.000950362
drift,42,2,0.000961092
drift,42,3,0.000958237
drift,42,4,0.000956925
drift,42,5,0.000961513
drift,42,6,0.000948949
drift,42,7,0.000962977
drift,42,8,0.000973967
drift,42,9,0.000953298
particleBC,42,0,0.002806859
particleBC,42,1,0.002808333
particleBC,42,2,0.002808312
particleBC,42,3,0.002811208
particleBC,42,4,0.00281175
particleBC,42,5,0.002807732
particleBC,42,6,0.002818082
particleBC,42,7,0.00281778
particleBC,42,8,0.002823883
particleBC,42,9,0.002806759
updateParticle,42,0,0.018122391
updateParticle,42,1,0.017273997
updateParticle,42,2,0.017690574
updateParticle,42,3,0.01899972
updateParticle,42,4,0.01780752
updateParticle,42,5,0.018335974
updateParticle,42,6,0.018063648
updateParticle,42,7,0.017141159
updateParticle,42,8,0.017985175
updateParticle,42,9,0.017360215
locateParticles,42,0,0.003914466
locateParticles,42,1,0.003925147
locateParticles,42,2,0.00379769
locateParticles,42,3,0.003798271
locateParticles,42,4,0.003808591
locateParticles,42,5,0.00380282
locateParticles,42,6,0.00380798
locateParticles,42,7,0.003810935
locateParticles,42,8,0.003807408
locateParticles,42,9,0.003792931
sendPreprocess,42,0,0.002033772
sendPreprocess,42,1,0.002031808
sendPreprocess,42,2,0.002345455
sendPreprocess,42,3,0.002085411
sendPreprocess,42,4,0.002284718
sendPreprocess,42,5,0.002112033
sendPreprocess,42,6,0.002123445
sendPreprocess,42,7,0.002139897
sendPreprocess,42,8,0.002132573
sendPreprocess,42,9,0.002233909
particleSend,42,0,0.001679585
particleSend,42,1,0.001694654
particleSend,42,2,0.002601412
particleSend,42,3,0.001680718
particleSend,42,4,0.001685727
particleSend,42,5,0.001693411
particleSend,42,6,0.001779228
particleSend,42,7,0.001690777
particleSend,42,8,0.001929519
particleSend,42,9,0.002679303
particleRecv,42,0,5.4205e-05
particleRecv,42,1,5.159e-05
particleRecv,42,2,5.3795e-05
particleRecv,42,3,5.0518e-05
particleRecv,42,4,5.3674e-05
particleRecv,42,5,5.2341e-05
particleRecv,42,6,5.3894e-05
particleRecv,42,7,5.2402e-05
particleRecv,42,8,5.674e-05
particleRecv,42,9,5.5347e-05
particleDestroy,42,0,0.006927194
particleDestroy,42,1,0.006915482
particleDestroy,42,2,0.006935782
particleDestroy,42,3,0.006868391
particleDestroy,42,4,0.006902989
particleDestroy,42,5,0.006896917
particleDestroy,42,6,0.006929139
particleDestroy,42,7,0.006866257
particleDestroy,42,8,0.00686797
particleDestroy,42,9,0.006881677
ScatterPIFNUFFT,42,0,2.048320511
ScatterPIFNUFFT,42,1,0.001252868
ScatterPIFNUFFT,42,2,2.050944736
ScatterPIFNUFFT,42,3,0.001259531
ScatterPIFNUFFT,42,4,2.052754966
ScatterPIFNUFFT,42,5,0.001258168
ScatterPIFNUFFT,42,6,2.049468928
ScatterPIFNUFFT,42,7,0.001260142
ScatterPIFNUFFT,42,8,2.048337804
ScatterPIFNUFFT,42,9,0.001261815
ScatterPIFNUFFT,42,10,2.048416566
ScatterPIFNUFFT,42,11,0.00125421
ScatterPIFNUFFT,42,12,2.048615873
ScatterPIFNUFFT,42,13,0.00126959
ScatterPIFNUFFT,42,14,2.05006308
ScatterPIFNUFFT,42,15,0.001261435
ScatterPIFNUFFT,42,16,2.050658713
ScatterPIFNUFFT,42,17,0.001261816
ScatterPIFNUFFT,42,18,2.049517843
ScatterPIFNUFFT,42,19,0.001263288
NativeNUFFT1,42,0,2.046561022
NativeNUFFT1,42,1,2.049213049
NativeNUFFT1,42,2,2.050999433
NativeNUFFT1,42,3,2.047743423
NativeNUFFT1,42,4,2.046582683
NativeNUFFT1,42,5,2.046703357
NativeNUFFT1,42,6,2.046867875
NativeNUFFT1,42,7,2.048323258
NativeNUFFT1,42,8,2.048908711
NativeNUFFT1,42,9,2.04777782
scatterTimerNUFFT1,42,0,1.917011607
scatterTimerNUFFT1,42,1,1.918178095
scatterTimerNUFFT1,42,2,1.919861721
scatterTimerNUFFT1,42,3,1.916145058
scatterTimerNUFFT1,42,4,1.916399811
scatterTimerNUFFT1,42,5,1.916497029
scatterTimerNUFFT1,42,6,1.915789257
scatterTimerNUFFT1,42,7,1.917066244
scatterTimerNUFFT1,42,8,1.916185648
scatterTimerNUFFT1,42,9,1.917620797
binSort,42,0,0.006931774
binSort,42,1,0.006345738
binSort,42,2,0.006587878
binSort,42,3,0.006698993
binSort,42,4,0.006382169
binSort,42,5,0.006725283
binSort,42,6,0.006432686
binSort,42,7,0.00636199
binSort,42,8,0.006391006
binSort,42,9,0.006384734
binComputeKeys,42,0,0.00046918
binComputeKeys,42,1,0.000470252
binComputeKeys,42,2,0.000470051
binComputeKeys,42,3,0.000468658
binComputeKeys,42,4,0.000471233
binComputeKeys,42,5,0.000472796
binComputeKeys,42,6,0.00046979
binComputeKeys,42,7,0.000473377
binComputeKeys,42,8,0.000471183
binComputeKeys,42,9,0.00046958
binSortByKey,42,0,0.006268379
binSortByKey,42,1,0.005679176
binSortByKey,42,2,0.005920985
binSortByKey,42,3,0.006033304
binSortByKey,42,4,0.005709906
binSortByKey,42,5,0.006056848
binSortByKey,42,6,0.005770032
binSortByKey,42,7,0.005691781
binSortByKey,42,8,0.005724835
binSortByKey,42,9,0.0057223
binComputeOffsets,42,0,0.000191421
binComputeOffsets,42,1,0.000193244
binComputeOffsets,42,2,0.000193865
binComputeOffsets,42,3,0.000193836
binComputeOffsets,42,4,0.000197383
binComputeOffsets,42,5,0.000192303
binComputeOffsets,42,6,0.000189297
binComputeOffsets,42,7,0.000193565
binComputeOffsets,42,8,0.000189517
binComputeOffsets,42,9,0.000189377
FFTNUFFT1,42,0,0.129230487
FFTNUFFT1,42,1,0.130717879
FFTNUFFT1,42,2,0.130825107
FFTNUFFT1,42,3,0.131280389
FFTNUFFT1,42,4,0.12986701
FFTNUFFT1,42,5,0.129883412
FFTNUFFT1,42,6,0.130754079
FFTNUFFT1,42,7,0.130939348
FFTNUFFT1,42,8,0.132404045
FFTNUFFT1,42,9,0.129837935
deconvolutionNUFFT1,42,0,0.000315432
deconvolutionNUFFT1,42,1,0.000313488
deconvolutionNUFFT1,42,2,0.000308768
deconvolutionNUFFT1,42,3,0.000314019
deconvolutionNUFFT1,42,4,0.000311513
deconvolutionNUFFT1,42,5,0.000319138
deconvolutionNUFFT1,42,6,0.000320351
deconvolutionNUFFT1,42,7,0.000313888
deconvolutionNUFFT1,42,8,0.000313858
deconvolutionNUFFT1,42,9,0.000315191
GatherPIFNUFFT,42,0,4.025148902
GatherPIFNUFFT,42,1,4.013186911
GatherPIFNUFFT,42,2,4.024903336
GatherPIFNUFFT,42,3,4.008873932
GatherPIFNUFFT,42,4,4.009801778
GatherPIFNUFFT,42,5,3.997425344
GatherPIFNUFFT,42,6,3.99058646
GatherPIFNUFFT,42,7,3.986843801
GatherPIFNUFFT,42,8,3.97842665
GatherPIFNUFFT,42,9,3.962255727
NativeNUFFT2,42,0,1.191376007
NativeNUFFT2,42,1,1.420294818
NativeNUFFT2,42,2,1.40377322
NativeNUFFT2,42,3,1.180986864
NativeNUFFT2,42,4,1.41995519
NativeNUFFT2,42,5,1.40265352
NativeNUFFT2,42,6,1.187638473
NativeNUFFT2,42,7,1.401500695
NativeNUFFT2,42,8,1.426133474
NativeNUFFT2,42,9,1.184196152
NativeNUFFT2,42,10,1.403980111
NativeNUFFT2,42,11,1.411067094
NativeNUFFT2,42,12,1.183973391
NativeNUFFT2,42,13,1.411019442
NativeNUFFT2,42,14,1.405182992
NativeNUFFT2,42,15,1.172953996
NativeNUFFT2,42,16,1.417753844
NativeNUFFT2,42,17,1.396996336
NativeNUFFT2,42,18,1.172308885
NativeNUFFT2,42,19,1.41415027
NativeNUFFT2,42,20,1.394368894
NativeNUFFT2,42,21,1.181752467
NativeNUFFT2,42,22,1.396687136
NativeNUFFT2,42,23,1.398632272
NativeNUFFT2,42,24,1.177697208
NativeNUFFT2,42,25,1.39550099
NativeNUFFT2,42,26,1.395414563
NativeNUFFT2,42,27,1.163247912
NativeNUFFT2,42,28,1.406819521
NativeNUFFT2,42,29,1.382512011
PrecorrectionNUFFT2,42,0,0.000574403
PrecorrectionNUFFT2,42,1,0.000567871
PrecorrectionNUFFT2,42,2,0.000560356
PrecorrectionNUFFT2,42,3,0.000572078
PrecorrectionNUFFT2,42,4,0.000553132
PrecorrectionNUFFT2,42,5,0.000549264
PrecorrectionNUFFT2,42,6,0.000570306
PrecorrectionNUFFT2,42,7,0.000545196
PrecorrectionNUFFT2,42,8,0.000544134
PrecorrectionNUFFT2,42,9,0.000566297
PrecorrectionNUFFT2,42,10,0.000548483
PrecorrectionNUFFT2,42,11,0.00054658
PrecorrectionNUFFT2,42,12,0.000565686
PrecorrectionNUFFT2,42,13,0.000547651
PrecorrectionNUFFT2,42,14,0.000544305
PrecorrectionNUFFT2,42,15,0.00058823
PrecorrectionNUFFT2,42,16,0.000579653
PrecorrectionNUFFT2,42,17,0.000575956
PrecorrectionNUFFT2,42,18,0.000584793
PrecorrectionNUFFT2,42,19,0.000570606
PrecorrectionNUFFT2,42,20,0.000564294
PrecorrectionNUFFT2,42,21,0.00058273
PrecorrectionNUFFT2,42,22,0.000566448
PrecorrectionNUFFT2,42,23,0.000565897
PrecorrectionNUFFT2,42,24,0.000560577
PrecorrectionNUFFT2,42,25,0.000552511
PrecorrectionNUFFT2,42,26,0.000547171
PrecorrectionNUFFT2,42,27,0.000571377
PrecorrectionNUFFT2,42,28,0.000544064
PrecorrectionNUFFT2,42,29,0.00055209
FFTNUFFT2,42,0,0.132844
FFTNUFFT2,42,1,0.35869229
FFTNUFFT2,42,2,0.35461091
FFTNUFFT2,42,3,0.131083056
FFTNUFFT2,42,4,0.365600156
FFTNUFFT2,42,5,0.353163295
FFTNUFFT2,42,6,0.135355837
FFTNUFFT2,42,7,0.357195168
FFTNUFFT2,42,8,0.366706943
FFTNUFFT2,42,9,0.140276263
FFTNUFFT2,42,10,0.35998793
FFTNUFFT2,42,11,0.368879994
FFTNUFFT2,42,12,0.132692997
FFTNUFFT2,42,13,0.361616907
FFTNUFFT2,42,14,0.357122638
FFTNUFFT2,42,15,0.133351564
FFTNUFFT2,42,16,0.36646813
FFTNUFFT2,42,17,0.356539738
FFTNUFFT2,42,18,0.132806086
FFTNUFFT2,42,19,0.367809269
FFTNUFFT2,42,20,0.350617
FFTNUFFT2,42,21,0.135736615
FFTNUFFT2,42,22,0.347563582
FFTNUFFT2,42,23,0.35136886
FFTNUFFT2,42,24,0.130776874
FFTNUFFT2,42,25,0.346418025
FFTNUFFT2,42,26,0.346397884
FFTNUFFT2,42,27,0.126137944
FFTNUFFT2,42,28,0.360614725
FFTNUFFT2,42,29,0.348350326
GatherNUFFT2,42,0,1.057949499
GatherNUFFT2,42,1,1.061027474
GatherNUFFT2,42,2,1.048594359
GatherNUFFT2,42,3,1.049323122
GatherNUFFT2,42,4,1.053794016
GatherNUFFT2,42,5,1.048933546
GatherNUFFT2,42,6,1.051703594
GatherNUFFT2,42,7,1.043752896
GatherNUFFT2,42,8,1.058874281
GatherNUFFT2,42,9,1.043343783
GatherNUFFT2,42,10,1.043433527
GatherNUFFT2,42,11,1.041633258
GatherNUFFT2,42,12,1.050706112
GatherNUFFT2,42,13,1.048847478
GatherNUFFT2,42,14,1.047508554
GatherNUFFT2,42,15,1.039005885
GatherNUFFT2,42,16,1.050696572
GatherNUFFT2,42,17,1.039872114
GatherNUFFT2,42,18,1.038910031
GatherNUFFT2,42,19,1.04576282
GatherNUFFT2,42,20,1.043179164
GatherNUFFT2,42,21,1.045424275
GatherNUFFT2,42,22,1.048548349
GatherNUFFT2,42,23,1.046688628
GatherNUFFT2,42,24,1.046351532
GatherNUFFT2,42,25,1.04852314
GatherNUFFT2,42,26,1.048461364
GatherNUFFT2,42,27,1.036529113
GatherNUFFT2,42,28,1.045652856
GatherNUFFT2,42,29,1.03360177
mainTimer,43,0,63.095011892
dumpData,43,0,0.158104484
dumpData,43,1,0.168067763
dumpData,43,2,0.156966077
dumpData,43,3,0.169117386
dumpData,43,4,0.154559985
dumpData,43,5,0.163956855
dumpData,43,6,0.149159088
dumpData,43,7,0.162416131
dumpData,43,8,0.155196931
dumpData,43,9,0.154195992
kick,43,0,0.001056217
kick,43,1,0.001099692
kick,43,2,0.001044454
kick,43,3,0.001080123
kick,43,4,0.001042771
kick,43,5,0.001081806
kick,43,6,0.001054143
kick,43,7,0.001095583
kick,43,8,0.001033934
kick,43,9,0.001087809
kick,43,10,0.001053061
kick,43,11,0.001086736
kick,43,12,0.001052129
kick,43,13,0.001098359
kick,43,14,0.001046227
kick,43,15,0.001106515
kick,43,16,0.001053181
kick,43,17,0.00108367
kick,43,18,0.001054494
kick,43,19,0.001096535
drift,43,0,0.001056448
drift,43,1,0.001052389
drift,43,2,0.00107793
drift,43,3,0.001056508
drift,43,4,0.001038843
drift,43,5,0.001052019
drift,43,6,0.001058411
drift,43,7,0.001054183
drift,43,8,0.00106316
drift,43,9,0.00105767
particleBC,43,0,0.002999954
particleBC,43,1,0.003004323
particleBC,43,2,0.003006356
particleBC,43,3,0.003016997
particleBC,43,4,0.002978593
particleBC,43,5,0.002992359
particleBC,43,6,0.002999723
particleBC,43,7,0.003011466
particleBC,43,8,0.00302907
particleBC,43,9,0.003050591
updateParticle,43,0,0.017769226
updateParticle,43,1,0.017010596
updateParticle,43,2,0.017225803
updateParticle,43,3,0.018193949
updateParticle,43,4,0.017545714
updateParticle,43,5,0.017938144
updateParticle,43,6,0.017265921
updateParticle,43,7,0.017009404
updateParticle,43,8,0.017858248
updateParticle,43,9,0.017985167
locateParticles,43,0,0.00410189
locateParticles,43,1,0.004089506
locateParticles,43,2,0.004065198
locateParticles,43,3,0.004066109
locateParticles,43,4,0.004119503
locateParticles,43,5,0.004091489
locateParticles,43,6,0.004062574
locateParticles,43,7,0.004043045
locateParticles,43,8,0.004060318
locateParticles,43,9,0.004055831
sendPreprocess,43,0,0.001488885
sendPreprocess,43,1,0.001492042
sendPreprocess,43,2,0.001694364
sendPreprocess,43,3,0.001445391
sendPreprocess,43,4,0.001661961
sendPreprocess,43,5,0.001479457
sendPreprocess,43,6,0.001507081
sendPreprocess,43,7,0.001577137
sendPreprocess,43,8,0.001518142
sendPreprocess,43,9,0.001534083
particleSend,43,0,0.001710214
particleSend,43,1,0.001701518
particleSend,43,2,0.001701207
particleSend,43,3,0.001751775
particleSend,43,4,0.002632582
particleSend,43,5,0.001692329
particleSend,43,6,0.001678814
particleSend,43,7,0.001675017
particleSend,43,8,0.001882408
particleSend,43,9,0.001739942
particleRecv,43,0,5.9355e-05
particleRecv,43,1,5.8343e-05
particleRecv,43,2,5.5217e-05
particleRecv,43,3,5.5237e-05
particleRecv,43,4,5.6139e-05
particleRecv,43,5,5.3844e-05
particleRecv,43,6,5.4586e-05
particleRecv,43,7,5.1039e-05
particleRecv,43,8,5.2823e-05
particleRecv,43,9,6.1449e-05
particleDestroy,43,0,0.0074094
particleDestroy,43,1,0.007399751
particleDestroy,43,2,0.007375544
particleDestroy,43,3,0.007636169
particleDestroy,43,4,0.007391254
particleDestroy,43,5,0.007391404
particleDestroy,43,6,0.007336759
particleDestroy,43,7,0.007393719
particleDestroy,43,8,0.00739981
particleDestroy,43,9,0.007375534
ScatterPIFNUFFT,43,0,2.054449479
ScatterPIFNUFFT,43,1,0.001239783
ScatterPIFNUFFT,43,2,2.057024839
ScatterPIFNUFFT,43,3,0.001230815
ScatterPIFNUFFT,43,4,2.05890762
ScatterPIFNUFFT,43,5,0.001236186
ScatterPIFNUFFT,43,6,2.05544496
ScatterPIFNUFFT,43,7,0.001236957
ScatterPIFNUFFT,43,8,2.054301001
ScatterPIFNUFFT,43,9,0.001240153
ScatterPIFNUFFT,43,10,2.054425452
ScatterPIFNUFFT,43,11,0.001239642
ScatterPIFNUFFT,43,12,2.055133854
ScatterPIFNUFFT,43,13,0.001240644
ScatterPIFNUFFT,43,14,2.056023139
ScatterPIFNUFFT,43,15,0.001239171
ScatterPIFNUFFT,43,16,2.056326717
ScatterPIFNUFFT,43,17,0.001237137
ScatterPIFNUFFT,43,18,2.054540387
ScatterPIFNUFFT,43,19,0.001236897
NativeNUFFT1,43,0,2.052615715
NativeNUFFT1,43,1,2.055184723
NativeNUFFT1,43,2,2.057083394
NativeNUFFT1,43,3,2.053605515
NativeNUFFT1,43,4,2.052455704
NativeNUFFT1,43,5,2.052602108
NativeNUFFT1,43,6,2.053290261
NativeNUFFT1,43,7,2.054181731
NativeNUFFT1,43,8,2.054488626
NativeNUFFT1,43,9,2.052706132
scatterTimerNUFFT1,43,0,1.91628604
scatterTimerNUFFT1,43,1,1.917013128
scatterTimerNUFFT1,43,2,1.918089877
scatterTimerNUFFT1,43,3,1.917742954
scatterTimerNUFFT1,43,4,1.916587735
scatterTimerNUFFT1,43,5,1.917567133
scatterTimerNUFFT1,43,6,1.923222482
scatterTimerNUFFT1,43,7,1.916240173
scatterTimerNUFFT1,43,8,1.917171078
scatterTimerNUFFT1,43,9,1.916908035
binSort,43,0,0.007012291
binSort,43,1,0.006994355
binSort,43,2,0.006962744
binSort,43,3,0.00708967
binSort,43,4,0.006989916
binSort,43,5,0.006974196
binSort,43,6,0.007397917
binSort,43,7,0.006978233
binSort,43,8,0.006977733
binSort,43,9,0.007003493
binComputeKeys,43,0,0.000534366
binComputeKeys,43,1,0.000539115
binComputeKeys,43,2,0.000537541
binComputeKeys,43,3,0.000533063
binComputeKeys,43,4,0.00053117
binComputeKeys,43,5,0.000534916
binComputeKeys,43,6,0.000535698
binComputeKeys,43,7,0.000535999
binComputeKeys,43,8,0.000537291
binComputeKeys,43,9,0.00053655
binSortByKey,43,0,0.006271234
binSortByKey,43,1,0.006248168
binSortByKey,43,2,0.006215145
binSortByKey,43,3,0.006348775
binSortByKey,43,4,0.00624907
binSortByKey,43,5,0.006231968
binSortByKey,43,6,0.006654766
binSortByKey,43,7,0.006234011
binSortByKey,43,8,0.006230214
binSortByKey,43,9,0.006256705
binComputeOffsets,43,0,0.000203584
binComputeOffsets,43,1,0.000203855
binComputeOffsets,43,2,0.000206761
binComputeOffsets,43,3,0.000204597
binComputeOffsets,43,4,0.00020611
binComputeOffsets,43,5,0.000203966
binComputeOffsets,43,6,0.000204256
binComputeOffsets,43,7,0.000204837
binComputeOffsets,43,8,0.000205468
binComputeOffsets,43,9,0.000206851
FFTNUFFT1,43,0,0.13601739
FFTNUFFT1,43,1,0.137848007
FFTNUFFT1,43,2,0.138682314
FFTNUFFT1,43,3,0.135548541
FFTNUFFT1,43,4,0.135549462
FFTNUFFT1,43,5,0.134712441
FFTNUFFT1,43,6,0.129755874
FFTNUFFT1,43,7,0.137620466
FFTNUFFT1,43,8,0.137004461
FFTNUFFT1,43,9,0.13548532
deconvolutionNUFFT1,43,0,0.000308438
deconvolutionNUFFT1,43,1,0.000319759
deconvolutionNUFFT1,43,2,0.000307065
deconvolutionNUFFT1,43,3,0.00030988
deconvolutionNUFFT1,43,4,0.000313538
deconvolutionNUFFT1,43,5,0.000318196
deconvolutionNUFFT1,43,6,0.000308027
deconvolutionNUFFT1,43,7,0.000317034
deconvolutionNUFFT1,43,8,0.000307837
deconvolutionNUFFT1,43,9,0.000308878
GatherPIFNUFFT,43,0,4.102972232
GatherPIFNUFFT,43,1,4.079407725
GatherPIFNUFFT,43,2,4.088406825
GatherPIFNUFFT,43,3,4.075112221
GatherPIFNUFFT,43,4,4.081049786
GatherPIFNUFFT,43,5,4.066120895
GatherPIFNUFFT,43,6,4.065106559
GatherPIFNUFFT,43,7,4.044745254
GatherPIFNUFFT,43,8,4.039286079
GatherPIFNUFFT,43,9,4.038982799
NativeNUFFT2,43,0,1.25956189
NativeNUFFT2,43,1,1.403505981
NativeNUFFT2,43,2,1.429690837
NativeNUFFT2,43,3,1.241824806
NativeNUFFT2,43,4,1.426654001
NativeNUFFT2,43,5,1.400846258
NativeNUFFT2,43,6,1.245158988
NativeNUFFT2,43,7,1.408193767
NativeNUFFT2,43,8,1.424677522
NativeNUFFT2,43,9,1.254925054
NativeNUFFT2,43,10,1.397229839
NativeNUFFT2,43,11,1.412931749
NativeNUFFT2,43,12,1.252293684
NativeNUFFT2,43,13,1.402896419
NativeNUFFT2,43,14,1.41577045
NativeNUFFT2,43,15,1.24072824
NativeNUFFT2,43,16,1.407910598
NativeNUFFT2,43,17,1.407381582
NativeNUFFT2,43,18,1.241444529
NativeNUFFT2,43,19,1.401118225
NativeNUFFT2,43,20,1.412416188
NativeNUFFT2,43,21,1.229935595
NativeNUFFT2,43,22,1.398885165
NativeNUFFT2,43,23,1.405792107
NativeNUFFT2,43,24,1.243151978
NativeNUFFT2,43,25,1.3794424
NativeNUFFT2,43,26,1.406536522
NativeNUFFT2,43,27,1.23416283
NativeNUFFT2,43,28,1.397361762
NativeNUFFT2,43,29,1.397307555
PrecorrectionNUFFT2,43,0,0.000595584
PrecorrectionNUFFT2,43,1,0.000573501
PrecorrectionNUFFT2,43,2,0.000569654
PrecorrectionNUFFT2,43,3,0.000567079
PrecorrectionNUFFT2,43,4,0.000550207
PrecorrectionNUFFT2,43,5,0.000554494
PrecorrectionNUFFT2,43,6,0.000589292
PrecorrectionNUFFT2,43,7,0.000570526
PrecorrectionNUFFT2,43,8,0.000571297
PrecorrectionNUFFT2,43,9,0.000565696
PrecorrectionNUFFT2,43,10,0.000550316
PrecorrectionNUFFT2,43,11,0.000550006
PrecorrectionNUFFT2,43,12,0.00056788
PrecorrectionNUFFT2,43,13,0.000549365
PrecorrectionNUFFT2,43,14,0.00055226
PrecorrectionNUFFT2,43,15,0.00056235
PrecorrectionNUFFT2,43,16,0.000551189
PrecorrectionNUFFT2,43,17,0.000546149
PrecorrectionNUFFT2,43,18,0.00058809
PrecorrectionNUFFT2,43,19,0.000569504
PrecorrectionNUFFT2,43,20,0.000564654
PrecorrectionNUFFT2,43,21,0.000586396
PrecorrectionNUFFT2,43,22,0.000568912
PrecorrectionNUFFT2,43,23,0.000566648
PrecorrectionNUFFT2,43,24,0.000590334
PrecorrectionNUFFT2,43,25,0.000561919
PrecorrectionNUFFT2,43,26,0.000574423
PrecorrectionNUFFT2,43,27,0.00057796
PrecorrectionNUFFT2,43,28,0.000573953
PrecorrectionNUFFT2,43,29,0.000566507
FFTNUFFT2,43,0,0.132650996
FFTNUFFT2,43,1,0.289937234
FFTNUFFT2,43,2,0.30335673
FFTNUFFT2,43,3,0.130803896
FFTNUFFT2,43,4,0.303666811
FFTNUFFT2,43,5,0.284668283
FFTNUFFT2,43,6,0.135509095
FFTNUFFT2,43,7,0.298847522
FFTNUFFT2,43,8,0.304585391
FFTNUFFT2,43,9,0.130102146
FFTNUFFT2,43,10,0.289532449
FFTNUFFT2,43,11,0.305110579
FFTNUFFT2,43,12,0.133405968
FFTNUFFT2,43,13,0.29289189
FFTNUFFT2,43,14,0.296375482
FFTNUFFT2,43,15,0.133361783
FFTNUFFT2,43,16,0.298245845
FFTNUFFT2,43,17,0.298048272
FFTNUFFT2,43,18,0.132568586
FFTNUFFT2,43,19,0.298282467
FFTNUFFT2,43,20,0.293966953
FFTNUFFT2,43,21,0.125989486
FFTNUFFT2,43,22,0.2989655
FFTNUFFT2,43,23,0.30057397
FFTNUFFT2,43,24,0.131104388
FFTNUFFT2,43,25,0.281035256
FFTNUFFT2,43,26,0.296540451
FFTNUFFT2,43,27,0.125825559
FFTNUFFT2,43,28,0.28915417
FFTNUFFT2,43,29,0.286281853
GatherNUFFT2,43,0,1.126306834
GatherNUFFT2,43,1,1.112987311
GatherNUFFT2,43,2,1.125756086
GatherNUFFT2,43,3,1.110446046
GatherNUFFT2,43,4,1.122429089
GatherNUFFT2,43,5,1.115616487
GatherNUFFT2,43,6,1.109051855
GatherNUFFT2,43,7,1.108768014
GatherNUFFT2,43,8,1.119512927
GatherNUFFT2,43,9,1.124248916
GatherNUFFT2,43,10,1.107138406
GatherNUFFT2,43,11,1.107263469
GatherNUFFT2,43,12,1.118312041
GatherNUFFT2,43,13,1.109447069
GatherNUFFT2,43,14,1.118835435
GatherNUFFT2,43,15,1.106795902
GatherNUFFT2,43,16,1.109104056
GatherNUFFT2,43,17,1.108779026
GatherNUFFT2,43,18,1.108279908
GatherNUFFT2,43,19,1.102257887
GatherNUFFT2,43,20,1.117877086
GatherNUFFT2,43,21,1.103351517
GatherNUFFT2,43,22,1.099342456
GatherNUFFT2,43,23,1.104643854
GatherNUFFT2,43,24,1.111448879
GatherNUFFT2,43,25,1.097838181
GatherNUFFT2,43,26,1.109413192
GatherNUFFT2,43,27,1.107751105
GatherNUFFT2,43,28,1.107625974
GatherNUFFT2,43,29,1.110450647
mainTimer,44,0,63.095014938
dumpData,44,0,0.106225543
dumpData,44,1,0.106537498
dumpData,44,2,0.104881599
dumpData,44,3,0.106360665
dumpData,44,4,0.105707579
dumpData,44,5,0.105994885
dumpData,44,6,0.102548507
dumpData,44,7,0.105622556
dumpData,44,8,0.103841802
dumpData,44,9,0.106990144
kick,44,0,0.001078159
kick,44,1,0.001110262
kick,44,2,0.001076417
kick,44,3,0.001111885
kick,44,4,0.001074212
kick,44,5,0.00114033
kick,44,6,0.001088119
kick,44,7,0.001134529
kick,44,8,0.001075795
kick,44,9,0.001128838
kick,44,10,0.001082438
kick,44,11,0.001115372
kick,44,12,0.001102887
kick,44,13,0.001126874
kick,44,14,0.001075033
kick,44,15,0.001132916
kick,44,16,0.001082939
kick,44,17,0.001132876
kick,44,18,0.001083821
kick,44,19,0.00113526
drift,44,0,0.001084492
drift,44,1,0.00108372
drift,44,2,0.001089251
drift,44,3,0.00108347
drift,44,4,0.001086827
drift,44,5,0.001088459
drift,44,6,0.001081486
drift,44,7,0.001080935
drift,44,8,0.001073771
drift,44,9,0.001098319
particleBC,44,0,0.003216975
particleBC,44,1,0.003197036
particleBC,44,2,0.003192587
particleBC,44,3,0.003174873
particleBC,44,4,0.003177509
particleBC,44,5,0.00317807
particleBC,44,6,0.003191134
particleBC,44,7,0.003169162
particleBC,44,8,0.003193779
particleBC,44,9,0.0031842
updateParticle,44,0,0.017679071
updateParticle,44,1,0.016949488
updateParticle,44,2,0.017304506
updateParticle,44,3,0.018512276
updateParticle,44,4,0.017137231
updateParticle,44,5,0.017798764
updateParticle,44,6,0.017595391
updateParticle,44,7,0.016977682
updateParticle,44,8,0.017783423
updateParticle,44,9,0.017982451
locateParticles,44,0,0.004304843
locateParticles,44,1,0.004274975
locateParticles,44,2,0.004281197
locateParticles,44,3,0.004261127
locateParticles,44,4,0.004270726
locateParticles,44,5,0.004303691
locateParticles,44,6,0.004250629
locateParticles,44,7,0.004304312
locateParticles,44,8,0.004248805
locateParticles,44,9,0.00427755
sendPreprocess,44,0,0.001019326
sendPreprocess,44,1,0.001050226
sendPreprocess,44,2,0.001250083
sendPreprocess,44,3,0.001029725
sendPreprocess,44,4,0.00122316
sendPreprocess,44,5,0.001014536
sendPreprocess,44,6,0.001053091
sendPreprocess,44,7,0.001098288
sendPreprocess,44,8,0.001120341
sendPreprocess,44,9,0.001108368
particleSend,44,0,0.00180573
particleSend,44,1,0.001880905
particleSend,44,2,0.001886516
particleSend,44,3,0.004006966
particleSend,44,4,0.001753849
particleSend,44,5,0.001827402
particleSend,44,6,0.002752624
particleSend,44,7,0.001823124
particleSend,44,8,0.001834545
particleSend,44,9,0.001815759
particleRecv,44,0,5.2422e-05
particleRecv,44,1,5.4226e-05
particleRecv,44,2,4.9526e-05
particleRecv,44,3,5.0468e-05
particleRecv,44,4,6.5818e-05
particleRecv,44,5,6.6599e-05
particleRecv,44,6,5.5608e-05
particleRecv,44,7,5.9976e-05
particleRecv,44,8,8.1738e-05
particleRecv,44,9,6.1139e-05
particleDestroy,44,0,0.007806689
particleDestroy,44,1,0.007781501
particleDestroy,44,2,0.008259497
particleDestroy,44,3,0.007766682
particleDestroy,44,4,0.007826769
particleDestroy,44,5,0.007870353
particleDestroy,44,6,0.007988512
particleDestroy,44,7,0.007813913
particleDestroy,44,8,0.007842458
particleDestroy,44,9,0.007830495
ScatterPIFNUFFT,44,0,2.049494035
ScatterPIFNUFFT,44,1,0.001267897
ScatterPIFNUFFT,44,2,2.047022214
ScatterPIFNUFFT,44,3,0.001266524
ScatterPIFNUFFT,44,4,2.048750184
ScatterPIFNUFFT,44,5,0.001257166
ScatterPIFNUFFT,44,6,2.04472813
ScatterPIFNUFFT,44,7,0.001270192
ScatterPIFNUFFT,44,8,2.044851247
ScatterPIFNUFFT,44,9,0.001257397
ScatterPIFNUFFT,44,10,2.04478027
ScatterPIFNUFFT,44,11,0.001263308
ScatterPIFNUFFT,44,12,2.045431382
ScatterPIFNUFFT,44,13,0.001263839
ScatterPIFNUFFT,44,14,2.046464425
ScatterPIFNUFFT,44,15,0.001260073
ScatterPIFNUFFT,44,16,2.045985826
ScatterPIFNUFFT,44,17,0.00126412
ScatterPIFNUFFT,44,18,2.044756886
ScatterPIFNUFFT,44,19,0.001263599
NativeNUFFT1,44,0,2.047583574
NativeNUFFT1,44,1,2.045108155
NativeNUFFT1,44,2,2.046841495
NativeNUFFT1,44,3,2.042821936
NativeNUFFT1,44,4,2.042926879
NativeNUFFT1,44,5,2.042870629
NativeNUFFT1,44,6,2.043517753
NativeNUFFT1,44,7,2.044556186
NativeNUFFT1,44,8,2.044054674
NativeNUFFT1,44,9,2.042845612
scatterTimerNUFFT1,44,0,1.916366898
scatterTimerNUFFT1,44,1,1.917496345
scatterTimerNUFFT1,44,2,1.919345681
scatterTimerNUFFT1,44,3,1.915625821
scatterTimerNUFFT1,44,4,1.916129066
scatterTimerNUFFT1,44,5,1.916103726
scatterTimerNUFFT1,44,6,1.915263579
scatterTimerNUFFT1,44,7,1.916288256
scatterTimerNUFFT1,44,8,1.915567099
scatterTimerNUFFT1,44,9,1.916144145
binSort,44,0,0.00731183
binSort,44,1,0.007302232
binSort,44,2,0.007338893
binSort,44,3,0.007319326
binSort,44,4,0.007328082
binSort,44,5,0.007312252
binSort,44,6,0.00734804
binSort,44,7,0.007366546
binSort,44,8,0.007554431
binSort,44,9,0.007328964
binComputeKeys,44,0,0.000555116
binComputeKeys,44,1,0.000556629
binComputeKeys,44,2,0.000553202
binComputeKeys,44,3,0.000557561
binComputeKeys,44,4,0.00055182
binComputeKeys,44,5,0.000556148
binComputeKeys,44,6,0.000558923
binComputeKeys,44,7,0.000554885
binComputeKeys,44,8,0.000556087
binComputeKeys,44,9,0.000558442
binSortByKey,44,0,0.006540045
binSortByKey,44,1,0.006528923
binSortByKey,44,2,0.006568621
binSortByKey,44,3,0.006544815
binSortByKey,44,4,0.00655865
binSortByKey,44,5,0.006540055
binSortByKey,44,6,0.006572947
binSortByKey,44,7,0.006595852
binSortByKey,44,8,0.006572377
binSortByKey,44,9,0.006547569
binComputeOffsets,44,0,0.000213634
binComputeOffsets,44,1,0.000213584
binComputeOffsets,44,2,0.000213664
binComputeOffsets,44,3,0.000213423
binComputeOffsets,44,4,0.000213193
binComputeOffsets,44,5,0.00021166
binComputeOffsets,44,6,0.000212963
binComputeOffsets,44,7,0.000212452
binComputeOffsets,44,8,0.000421837
binComputeOffsets,44,9,0.000219225
FFTNUFFT1,44,0,0.13090382
FFTNUFFT1,44,1,0.127293272
FFTNUFFT1,44,2,0.12718907
FFTNUFFT1,44,3,0.126877337
FFTNUFFT1,44,4,0.126489615
FFTNUFFT1,44,5,0.126454928
FFTNUFFT1,44,6,0.127929164
FFTNUFFT1,44,7,0.127951427
FFTNUFFT1,44,8,0.128175651
FFTNUFFT1,44,9,0.126391195
deconvolutionNUFFT1,44,0,0.000308989
deconvolutionNUFFT1,44,1,0.000314249
deconvolutionNUFFT1,44,2,0.000302727
deconvolutionNUFFT1,44,3,0.00031487
deconvolutionNUFFT1,44,4,0.000304039
deconvolutionNUFFT1,44,5,0.000308437
deconvolutionNUFFT1,44,6,0.000321183
deconvolutionNUFFT1,44,7,0.000312536
deconvolutionNUFFT1,44,8,0.000307406
deconvolutionNUFFT1,44,9,0.000306473
GatherPIFNUFFT,44,0,4.159568135
GatherPIFNUFFT,44,1,4.150658819
GatherPIFNUFFT,44,2,4.150244205
GatherPIFNUFFT,44,3,4.147951422
GatherPIFNUFFT,44,4,4.139405268
GatherPIFNUFFT,44,5,4.133547577
GatherPIFNUFFT,44,6,4.120753462
GatherPIFNUFFT,44,7,4.110797733
GatherPIFNUFFT,44,8,4.100759799
GatherPIFNUFFT,44,9,4.095664634
NativeNUFFT2,44,0,1.316390151
NativeNUFFT2,44,1,1.415178853
NativeNUFFT2,44,2,1.417399888
NativeNUFFT2,44,3,1.315314598
NativeNUFFT2,44,4,1.413828366
NativeNUFFT2,44,5,1.41097692
NativeNUFFT2,44,6,1.317454424
NativeNUFFT2,44,7,1.410958064
NativeNUFFT2,44,8,1.411335926
NativeNUFFT2,44,9,1.317289195
NativeNUFFT2,44,10,1.410091805
NativeNUFFT2,44,11,1.410127013
NativeNUFFT2,44,12,1.311690464
NativeNUFFT2,44,13,1.410367668
NativeNUFFT2,44,14,1.406865242
NativeNUFFT2,44,15,1.309546329
NativeNUFFT2,44,16,1.405851196
NativeNUFFT2,44,17,1.407616027
NativeNUFFT2,44,18,1.309096357
NativeNUFFT2,44,19,1.403872532
NativeNUFFT2,44,20,1.397279373
NativeNUFFT2,44,21,1.303092
NativeNUFFT2,44,22,1.395981639
NativeNUFFT2,44,23,1.401112899
NativeNUFFT2,44,24,1.301376246
NativeNUFFT2,44,25,1.392920287
NativeNUFFT2,44,26,1.396032049
NativeNUFFT2,44,27,1.296517628
NativeNUFFT2,44,28,1.393375506
NativeNUFFT2,44,29,1.395325654
PrecorrectionNUFFT2,44,0,0.000583792
PrecorrectionNUFFT2,44,1,0.000567871
PrecorrectionNUFFT2,44,2,0.000569053
PrecorrectionNUFFT2,44,3,0.000576407
PrecorrectionNUFFT2,44,4,0.00057312
PrecorrectionNUFFT2,44,5,0.000565917
PrecorrectionNUFFT2,44,6,0.000555477
PrecorrectionNUFFT2,44,7,0.000545146
PrecorrectionNUFFT2,44,8,0.000556178
PrecorrectionNUFFT2,44,9,0.00056247
PrecorrectionNUFFT2,44,10,0.000556668
PrecorrectionNUFFT2,44,11,0.00054726
PrecorrectionNUFFT2,44,12,0.000704445
PrecorrectionNUFFT2,44,13,0.000555236
PrecorrectionNUFFT2,44,14,0.000551679
PrecorrectionNUFFT2,44,15,0.000582969
PrecorrectionNUFFT2,44,16,0.000573682
PrecorrectionNUFFT2,44,17,0.00056726
PrecorrectionNUFFT2,44,18,0.000574383
PrecorrectionNUFFT2,44,19,0.000574223
PrecorrectionNUFFT2,44,20,0.000565776
PrecorrectionNUFFT2,44,21,0.000579563
PrecorrectionNUFFT2,44,22,0.000561768
PrecorrectionNUFFT2,44,23,0.000564374
PrecorrectionNUFFT2,44,24,0.000557481
PrecorrectionNUFFT2,44,25,0.000547742
PrecorrectionNUFFT2,44,26,0.000551218
PrecorrectionNUFFT2,44,27,0.000555256
PrecorrectionNUFFT2,44,28,0.000548072
PrecorrectionNUFFT2,44,29,0.000551269
FFTNUFFT2,44,0,0.127441569
FFTNUFFT2,44,1,0.233876238
FFTNUFFT2,44,2,0.233773729
FFTNUFFT2,44,3,0.130484908
FFTNUFFT2,44,4,0.232987486
FFTNUFFT2,44,5,0.229489927
FFTNUFFT2,44,6,0.135169807
FFTNUFFT2,44,7,0.230135689
FFTNUFFT2,44,8,0.230183071
FFTNUFFT2,44,9,0.137948953
FFTNUFFT2,44,10,0.229832792
FFTNUFFT2,44,11,0.23291197
FFTNUFFT2,44,12,0.132140767
FFTNUFFT2,44,13,0.236393727
FFTNUFFT2,44,14,0.231849991
FFTNUFFT2,44,15,0.132669632
FFTNUFFT2,44,16,0.232189539
FFTNUFFT2,44,17,0.232810032
FFTNUFFT2,44,18,0.136670636
FFTNUFFT2,44,19,0.23304106
FFTNUFFT2,44,20,0.226540512
FFTNUFFT2,44,21,0.135654015
FFTNUFFT2,44,22,0.229066266
FFTNUFFT2,44,23,0.233620085
FFTNUFFT2,44,24,0.131607784
FFTNUFFT2,44,25,0.224220848
FFTNUFFT2,44,26,0.22831497
FFTNUFFT2,44,27,0.133143641
FFTNUFFT2,44,28,0.229060154
FFTNUFFT2,44,29,0.229756643
GatherNUFFT2,44,0,1.188356034
GatherNUFFT2,44,1,1.180724454
GatherNUFFT2,44,2,1.183049221
GatherNUFFT2,44,3,1.184244967
GatherNUFFT2,44,4,1.180258862
GatherNUFFT2,44,5,1.1809131
GatherNUFFT2,44,6,1.181720945
GatherNUFFT2,44,7,1.180267039
GatherNUFFT2,44,8,1.180586126
GatherNUFFT2,44,9,1.178768263
GatherNUFFT2,44,10,1.179693436
GatherNUFFT2,44,11,1.176659687
GatherNUFFT2,44,12,1.178835924
GatherNUFFT2,44,13,1.17341056
GatherNUFFT2,44,14,1.174455596
GatherNUFFT2,44,15,1.176284029
GatherNUFFT2,44,16,1.173078036
GatherNUFFT2,44,17,1.174229968
GatherNUFFT2,44,18,1.171842531
GatherNUFFT2,44,19,1.170248963
GatherNUFFT2,44,20,1.170163847
GatherNUFFT2,44,21,1.166849164
GatherNUFFT2,44,22,1.166342542
GatherNUFFT2,44,23,1.166916487
GatherNUFFT2,44,24,1.169202174
GatherNUFFT2,44,25,1.168144273
GatherNUFFT2,44,26,1.167156372
GatherNUFFT2,44,27,1.162809502
GatherNUFFT2,44,28,1.163758813
GatherNUFFT2,44,29,1.165010058
mainTimer,45,0,63.095012824
dumpData,45,0,0.018537074
dumpData,45,1,0.029026924
dumpData,45,2,0.014333598
dumpData,45,3,0.028603202
dumpData,45,4,0.028004442
dumpData,45,5,0.030848584
dumpData,45,6,0.027096482
dumpData,45,7,0.017242806
dumpData,45,8,0.026513736
dumpData,45,9,0.030791416
kick,45,0,0.001183053
kick,45,1,0.001235835
kick,45,2,0.001206088
kick,45,3,0.001242749
kick,45,4,0.001180528
kick,45,5,0.001241536
kick,45,6,0.001199895
kick,45,7,0.001223972
kick,45,8,0.001177802
kick,45,9,0.001230174
kick,45,10,0.001193613
kick,45,11,0.001232489
kick,45,12,0.001200336
kick,45,13,0.00121796
kick,45,14,0.001197541
kick,45,15,0.00125382
kick,45,16,0.00118154
kick,45,17,0.001227759
kick,45,18,0.001186459
kick,45,19,0.001235635
drift,45,0,0.001187963
drift,45,1,0.001169526
drift,45,2,0.00115612
drift,45,3,0.001158285
drift,45,4,0.001152654
drift,45,5,0.001174156
drift,45,6,0.001163074
drift,45,7,0.001165989
drift,45,8,0.001172953
drift,45,9,0.001174807
particleBC,45,0,0.003414326
particleBC,45,1,0.003432883
particleBC,45,2,0.003414296
particleBC,45,3,0.003412955
particleBC,45,4,0.003422343
particleBC,45,5,0.003436861
particleBC,45,6,0.003402454
particleBC,45,7,0.003389048
particleBC,45,8,0.00342113
particleBC,45,9,0.003401071
updateParticle,45,0,0.017129556
updateParticle,45,1,0.016497121
updateParticle,45,2,0.016900313
updateParticle,45,3,0.018046423
updateParticle,45,4,0.0167595
updateParticle,45,5,0.017372477
updateParticle,45,6,0.016997362
updateParticle,45,7,0.016556396
updateParticle,45,8,0.017408417
updateParticle,45,9,0.017559782
locateParticles,45,0,0.004555068
locateParticles,45,1,0.004521012
locateParticles,45,2,0.004550007
locateParticles,45,3,0.004528295
locateParticles,45,4,0.004539227
locateParticles,45,5,0.004528877
locateParticles,45,6,0.00452537
locateParticles,45,7,0.004567111
locateParticles,45,8,0.004672406
locateParticles,45,9,0.004536312
sendPreprocess,45,0,0.000364015
sendPreprocess,45,1,0.00035118
sendPreprocess,45,2,0.000582599
sendPreprocess,45,3,0.00034024
sendPreprocess,45,4,0.000543664
sendPreprocess,45,5,0.000334668
sendPreprocess,45,6,0.000387952
sendPreprocess,45,7,0.000408782
sendPreprocess,45,8,0.000275934
sendPreprocess,45,9,0.000454441
particleSend,45,0,0.001752817
particleSend,45,1,0.00179574
particleSend,45,2,0.001836398
particleSend,45,3,0.002945449
particleSend,45,4,0.00175444
particleSend,45,5,0.001733369
particleSend,45,6,0.001735703
particleSend,45,7,0.001753469
particleSend,45,8,0.002687399
particleSend,45,9,0.002714761
particleRecv,45,0,5.145e-05
particleRecv,45,1,5.0849e-05
particleRecv,45,2,6.1108e-05
particleRecv,45,3,4.9927e-05
particleRecv,45,4,5.2111e-05
particleRecv,45,5,5.2551e-05
particleRecv,45,6,5.3483e-05
particleRecv,45,7,5.2511e-05
particleRecv,45,8,5.2762e-05
particleRecv,45,9,5.6289e-05
particleDestroy,45,0,0.008376003
particleDestroy,45,1,0.008355122
particleDestroy,45,2,0.00834346
particleDestroy,45,3,0.008351275
particleDestroy,45,4,0.008489393
particleDestroy,45,5,0.008467991
particleDestroy,45,6,0.008346586
particleDestroy,45,7,0.008417513
particleDestroy,45,8,0.008362756
particleDestroy,45,9,0.008354642
ScatterPIFNUFFT,45,0,2.053920594
ScatterPIFNUFFT,45,1,0.001241887
ScatterPIFNUFFT,45,2,2.053806802
ScatterPIFNUFFT,45,3,0.001239011
ScatterPIFNUFFT,45,4,2.055856747
ScatterPIFNUFFT,45,5,0.001237849
ScatterPIFNUFFT,45,6,2.053173096
ScatterPIFNUFFT,45,7,0.001234864
ScatterPIFNUFFT,45,8,2.052221732
ScatterPIFNUFFT,45,9,0.001245283
ScatterPIFNUFFT,45,10,2.052086749
ScatterPIFNUFFT,45,11,0.001245684
ScatterPIFNUFFT,45,12,2.052632396
ScatterPIFNUFFT,45,13,0.001237338
ScatterPIFNUFFT,45,14,2.053887481
ScatterPIFNUFFT,45,15,0.001240844
ScatterPIFNUFFT,45,16,2.053520018
ScatterPIFNUFFT,45,17,0.001242929
ScatterPIFNUFFT,45,18,2.051618814
ScatterPIFNUFFT,45,19,0.001238491
NativeNUFFT1,45,0,2.051910007
NativeNUFFT1,45,1,2.05179298
NativeNUFFT1,45,2,2.053837134
NativeNUFFT1,45,3,2.051173651
NativeNUFFT1,45,4,2.050223719
NativeNUFFT1,45,5,2.050111471
NativeNUFFT1,45,6,2.050634836
NativeNUFFT1,45,7,2.051883507
NativeNUFFT1,45,8,2.051502699
NativeNUFFT1,45,9,2.049611594
scatterTimerNUFFT1,45,0,1.917474875
scatterTimerNUFFT1,45,1,1.917758714
scatterTimerNUFFT1,45,2,1.917624426
scatterTimerNUFFT1,45,3,1.92376205
scatterTimerNUFFT1,45,4,1.924034207
scatterTimerNUFFT1,45,5,1.924134942
scatterTimerNUFFT1,45,6,1.928956345
scatterTimerNUFFT1,45,7,1.917109978
scatterTimerNUFFT1,45,8,1.923698949
scatterTimerNUFFT1,45,9,1.924116506
binSort,45,0,0.007862839
binSort,45,1,0.007886174
binSort,45,2,0.007850475
binSort,45,3,0.007900872
binSort,45,4,0.007860283
binSort,45,5,0.007869641
binSort,45,6,0.007876053
binSort,45,7,0.007840695
binSort,45,8,0.007843551
binSort,45,9,0.007891484
binComputeKeys,45,0,0.000605293
binComputeKeys,45,1,0.000604311
binComputeKeys,45,2,0.000601005
binComputeKeys,45,3,0.000604231
binComputeKeys,45,4,0.000605634
binComputeKeys,45,5,0.000607648
binComputeKeys,45,6,0.000608299
binComputeKeys,45,7,0.000604381
binComputeKeys,45,8,0.000610864
binComputeKeys,45,9,0.000604792
binSortByKey,45,0,0.007031929
binSortByKey,45,1,0.007056626
binSortByKey,45,2,0.00702262
binSortByKey,45,3,0.007072076
binSortByKey,45,4,0.007027239
binSortByKey,45,5,0.007035134
binSortByKey,45,6,0.007040654
binSortByKey,45,7,0.007009975
binSortByKey,45,8,0.007003543
binSortByKey,45,9,0.007062567
binComputeOffsets,45,0,0.000222912
binComputeOffsets,45,1,0.000222071
binComputeOffsets,45,2,0.000223683
binComputeOffsets,45,3,0.000221349
binComputeOffsets,45,4,0.000223804
binComputeOffsets,45,5,0.000223202
binComputeOffsets,45,6,0.000223593
binComputeOffsets,45,7,0.000222852
binComputeOffsets,45,8,0.000224044
binComputeOffsets,45,9,0.000220928
FFTNUFFT1,45,0,0.133918932
FFTNUFFT1,45,1,0.133515351
FFTNUFFT1,45,2,0.135697771
FFTNUFFT1,45,3,0.126895771
FFTNUFFT1,45,4,0.12566646
FFTNUFFT1,45,5,0.125457594
FFTNUFFT1,45,6,0.12116218
FFTNUFFT1,45,7,0.134255044
FFTNUFFT1,45,8,0.127284854
FFTNUFFT1,45,9,0.124975341
deconvolutionNUFFT1,45,0,0.000512653
deconvolutionNUFFT1,45,1,0.000515278
deconvolutionNUFFT1,45,2,0.000511211
deconvolutionNUFFT1,45,3,0.000512083
deconvolutionNUFFT1,45,4,0.000517533
deconvolutionNUFFT1,45,5,0.000514738
deconvolutionNUFFT1,45,6,0.000512002
deconvolutionNUFFT1,45,7,0.000514517
deconvolutionNUFFT1,45,8,0.000512453
deconvolutionNUFFT1,45,9,0.00051571
GatherPIFNUFFT,45,0,4.242885532
GatherPIFNUFFT,45,1,4.221277816
GatherPIFNUFFT,45,2,4.233608704
GatherPIFNUFFT,45,3,4.217131871
GatherPIFNUFFT,45,4,4.209594173
GatherPIFNUFFT,45,5,4.201260944
GatherPIFNUFFT,45,6,4.189155544
GatherPIFNUFFT,45,7,4.191688127
GatherPIFNUFFT,45,8,4.170433822
GatherPIFNUFFT,45,9,4.164971454
NativeNUFFT2,45,0,1.387759004
NativeNUFFT2,45,1,1.431213668
NativeNUFFT2,45,2,1.412876733
NativeNUFFT2,45,3,1.400923687
NativeNUFFT2,45,4,1.400225925
NativeNUFFT2,45,5,1.409095434
NativeNUFFT2,45,6,1.386105529
NativeNUFFT2,45,7,1.416772261
NativeNUFFT2,45,8,1.419760362
NativeNUFFT2,45,9,1.382191534
NativeNUFFT2,45,10,1.427742502
NativeNUFFT2,45,11,1.396154965
NativeNUFFT2,45,12,1.381635917
NativeNUFFT2,45,13,1.420783564
NativeNUFFT2,45,14,1.396108345
NativeNUFFT2,45,15,1.378844207
NativeNUFFT2,45,16,1.410568318
NativeNUFFT2,45,17,1.400923316
NativeNUFFT2,45,18,1.385242809
NativeNUFFT2,45,19,1.401157591
NativeNUFFT2,45,20,1.391833319
NativeNUFFT2,45,21,1.369740294
NativeNUFFT2,45,22,1.397927952
NativeNUFFT2,45,23,1.413006748
NativeNUFFT2,45,24,1.38311234
NativeNUFFT2,45,25,1.382274937
NativeNUFFT2,45,26,1.394101334
NativeNUFFT2,45,27,1.378263787
NativeNUFFT2,45,28,1.392429512
NativeNUFFT2,45,29,1.383379862
PrecorrectionNUFFT2,45,0,0.000794569
PrecorrectionNUFFT2,45,1,0.000763299
PrecorrectionNUFFT2,45,2,0.000761456
PrecorrectionNUFFT2,45,3,0.000795111
PrecorrectionNUFFT2,45,4,0.000761856
PrecorrectionNUFFT2,45,5,0.000761676
PrecorrectionNUFFT2,45,6,0.000795672
PrecorrectionNUFFT2,45,7,0.000762728
PrecorrectionNUFFT2,45,8,0.000762358
PrecorrectionNUFFT2,45,9,0.000793447
PrecorrectionNUFFT2,45,10,0.000755424
PrecorrectionNUFFT2,45,11,0.00075853
PrecorrectionNUFFT2,45,12,0.000792716
PrecorrectionNUFFT2,45,13,0.000756687
PrecorrectionNUFFT2,45,14,0.000762467
PrecorrectionNUFFT2,45,15,0.00092893
PrecorrectionNUFFT2,45,16,0.000767968
PrecorrectionNUFFT2,45,17,0.000764251
PrecorrectionNUFFT2,45,18,0.000796785
PrecorrectionNUFFT2,45,19,0.000753901
PrecorrectionNUFFT2,45,20,0.000761015
PrecorrectionNUFFT2,45,21,0.000801263
PrecorrectionNUFFT2,45,22,0.000757278
PrecorrectionNUFFT2,45,23,0.000760052
PrecorrectionNUFFT2,45,24,0.000795501
PrecorrectionNUFFT2,45,25,0.000765143
PrecorrectionNUFFT2,45,26,0.000760965
PrecorrectionNUFFT2,45,27,0.000800601
PrecorrectionNUFFT2,45,28,0.000757318
PrecorrectionNUFFT2,45,29,0.000756336
FFTNUFFT2,45,0,0.130533983
FFTNUFFT2,45,1,0.162613191
FFTNUFFT2,45,2,0.147492749
FFTNUFFT2,45,3,0.13076461
FFTNUFFT2,45,4,0.146247536
FFTNUFFT2,45,5,0.154697812
FFTNUFFT2,45,6,0.135231145
FFTNUFFT2,45,7,0.159958928
FFTNUFFT2,45,8,0.15430991
FFTNUFFT2,45,9,0.133127429
FFTNUFFT2,45,10,0.161833771
FFTNUFFT2,45,11,0.147304333
FFTNUFFT2,45,12,0.132948001
FFTNUFFT2,45,13,0.164593259
FFTNUFFT2,45,14,0.149750194
FFTNUFFT2,45,15,0.131911443
FFTNUFFT2,45,16,0.161194463
FFTNUFFT2,45,17,0.157058547
FFTNUFFT2,45,18,0.1337723
FFTNUFFT2,45,19,0.155864052
FFTNUFFT2,45,20,0.152146938
FFTNUFFT2,45,21,0.132017709
FFTNUFFT2,45,22,0.160561164
FFTNUFFT2,45,23,0.162902524
FFTNUFFT2,45,24,0.130216407
FFTNUFFT2,45,25,0.14053198
FFTNUFFT2,45,26,0.155215045
FFTNUFFT2,45,27,0.130422488
FFTNUFFT2,45,28,0.14619188
FFTNUFFT2,45,29,0.147619817
GatherNUFFT2,45,0,1.256422837
GatherNUFFT2,45,1,1.26782856
GatherNUFFT2,45,2,1.264614232
GatherNUFFT2,45,3,1.269355891
GatherNUFFT2,45,4,1.253209048
GatherNUFFT2,45,5,1.253628321
GatherNUFFT2,45,6,1.250071247
GatherNUFFT2,45,7,1.256043521
GatherNUFFT2,45,8,1.26468032
GatherNUFFT2,45,9,1.248262793
GatherNUFFT2,45,10,1.265144359
GatherNUFFT2,45,11,1.248084878
GatherNUFFT2,45,12,1.247887134
GatherNUFFT2,45,13,1.255425673
GatherNUFFT2,45,14,1.245587838
GatherNUFFT2,45,15,1.245995609
GatherNUFFT2,45,16,1.248596259
GatherNUFFT2,45,17,1.243091701
GatherNUFFT2,45,18,1.250665039
GatherNUFFT2,45,19,1.244532184
GatherNUFFT2,45,20,1.23891676
GatherNUFFT2,45,21,1.236913398
GatherNUFFT2,45,22,1.236601173
GatherNUFFT2,45,23,1.249336546
GatherNUFFT2,45,24,1.252091674
GatherNUFFT2,45,25,1.240969989
GatherNUFFT2,45,26,1.238117219
GatherNUFFT2,45,27,1.247031971
GatherNUFFT2,45,28,1.245472059
GatherNUFFT2,45,29,1.234996496
mainTimer,46,0,63.095011561
dumpData,46,0,0.161240822
dumpData,46,1,0.16084758
dumpData,46,2,0.171050924
dumpData,46,3,0.166062125
dumpData,46,4,0.161532999
dumpData,46,5,0.158144581
dumpData,46,6,0.159105974
dumpData,46,7,0.170374325
dumpData,46,8,0.167451402
dumpData,46,9,0.167733689
kick,46,0,0.001030908
kick,46,1,0.001066507
kick,46,2,0.001030427
kick,46,3,0.001048402
kick,46,4,0.001043533
kick,46,5,0.001080144
kick,46,6,0.001029685
kick,46,7,0.001083119
kick,46,8,0.00102652
kick,46,9,0.001078039
kick,46,10,0.001026118
kick,46,11,0.001074221
kick,46,12,0.001028563
kick,46,13,0.001076406
kick,46,14,0.001034605
kick,46,15,0.001097336
kick,46,16,0.001040146
kick,46,17,0.001079141
kick,46,18,0.00103166
kick,46,19,0.001063942
drift,46,0,0.001038903
drift,46,1,0.001055937
drift,46,2,0.001037751
drift,46,3,0.001045857
drift,46,4,0.0010374
drift,46,5,0.001048212
drift,46,6,0.001038132
drift,46,7,0.001050025
drift,46,8,0.00104746
drift,46,9,0.001046198
particleBC,46,0,0.00300814
particleBC,46,1,0.003170885
particleBC,46,2,0.003001156
particleBC,46,3,0.003026866
particleBC,46,4,0.002995074
particleBC,46,5,0.003013129
particleBC,46,6,0.002994553
particleBC,46,7,0.002984394
particleBC,46,8,0.003002258
particleBC,46,9,0.002989173
updateParticle,46,0,0.018074558
updateParticle,46,1,0.016839174
updateParticle,46,2,0.017259098
updateParticle,46,3,0.01864833
updateParticle,46,4,0.017278134
updateParticle,46,5,0.017738868
updateParticle,46,6,0.017745331
updateParticle,46,7,0.017255962
updateParticle,46,8,0.01799301
updateParticle,46,9,0.017975368
locateParticles,46,0,0.004242702
locateParticles,46,1,0.004263081
locateParticles,46,2,0.004212954
locateParticles,46,3,0.004197996
locateParticles,46,4,0.004197344
locateParticles,46,5,0.004204798
locateParticles,46,6,0.004184139
locateParticles,46,7,0.004230739
locateParticles,46,8,0.004191012
locateParticles,46,9,0.00422573
sendPreprocess,46,0,0.001383891
sendPreprocess,46,1,0.001161912
sendPreprocess,46,2,0.001593257
sendPreprocess,46,3,0.001339035
sendPreprocess,46,4,0.001579681
sendPreprocess,46,5,0.001377599
sendPreprocess,46,6,0.001436514
sendPreprocess,46,7,0.001428849
sendPreprocess,46,8,0.001443297
sendPreprocess,46,9,0.0014605
particleSend,46,0,0.00263646
particleSend,46,1,0.001611784
particleSend,46,2,0.001630229
particleSend,46,3,0.001698903
particleSend,46,4,0.001617414
particleSend,46,5,0.001630109
particleSend,46,6,0.002784446
particleSend,46,7,0.001617345
particleSend,46,8,0.001677671
particleSend,46,9,0.001658394
particleRecv,46,0,4.7362e-05
particleRecv,46,1,4.9606e-05
particleRecv,46,2,5.0708e-05
particleRecv,46,3,4.9095e-05
particleRecv,46,4,4.5659e-05
particleRecv,46,5,4.7773e-05
particleRecv,46,6,4.7872e-05
particleRecv,46,7,4.7232e-05
particleRecv,46,8,5.172e-05
particleRecv,46,9,5.664e-05
particleDestroy,46,0,0.008013479
particleDestroy,46,1,0.007855594
particleDestroy,46,2,0.007667259
particleDestroy,46,3,0.008012038
particleDestroy,46,4,0.007808463
particleDestroy,46,5,0.008076302
particleDestroy,46,6,0.00768812
particleDestroy,46,7,0.007800036
particleDestroy,46,8,0.007934897
particleDestroy,46,9,0.007649155
ScatterPIFNUFFT,46,0,2.046845273
ScatterPIFNUFFT,46,1,0.001235605
ScatterPIFNUFFT,46,2,2.049020015
ScatterPIFNUFFT,46,3,0.001239802
ScatterPIFNUFFT,46,4,2.050924208
ScatterPIFNUFFT,46,5,0.001240014
ScatterPIFNUFFT,46,6,2.05335566
ScatterPIFNUFFT,46,7,0.001244131
ScatterPIFNUFFT,46,8,2.0466895
ScatterPIFNUFFT,46,9,0.001235254
ScatterPIFNUFFT,46,10,2.046836144
ScatterPIFNUFFT,46,11,0.001241857
ScatterPIFNUFFT,46,12,2.046970484
ScatterPIFNUFFT,46,13,0.001246937
ScatterPIFNUFFT,46,14,2.048005051
ScatterPIFNUFFT,46,15,0.001245333
ScatterPIFNUFFT,46,16,2.048418221
ScatterPIFNUFFT,46,17,0.001241306
ScatterPIFNUFFT,46,18,2.046687197
ScatterPIFNUFFT,46,19,0.001234753
NativeNUFFT1,46,0,2.044998003
NativeNUFFT1,46,1,2.047183747
NativeNUFFT1,46,2,2.049088581
NativeNUFFT1,46,3,2.051557104
NativeNUFFT1,46,4,2.044854133
NativeNUFFT1,46,5,2.045025516
NativeNUFFT1,46,6,2.045127893
NativeNUFFT1,46,7,2.046159804
NativeNUFFT1,46,8,2.046592362
NativeNUFFT1,46,9,2.044853753
scatterTimerNUFFT1,46,0,1.916837359
scatterTimerNUFFT1,46,1,1.918271798
scatterTimerNUFFT1,46,2,1.919919914
scatterTimerNUFFT1,46,3,1.915978195
scatterTimerNUFFT1,46,4,1.916524913
scatterTimerNUFFT1,46,5,1.916562506
scatterTimerNUFFT1,46,6,1.915612885
scatterTimerNUFFT1,46,7,1.916577847
scatterTimerNUFFT1,46,8,1.915738271
scatterTimerNUFFT1,46,9,1.916473093
binSort,46,0,0.006957113
binSort,46,1,0.006991559
binSort,46,2,0.006985148
binSort,46,3,0.007014044
binSort,46,4,0.007184073
binSort,46,5,0.007009024
binSort,46,6,0.006985237
binSort,46,7,0.006969697
binSort,46,8,0.00699641
binSort,46,9,0.007022539
binComputeKeys,46,0,0.00053657
binComputeKeys,46,1,0.00053678
binComputeKeys,46,2,0.000537742
binComputeKeys,46,3,0.000535948
binComputeKeys,46,4,0.000534136
binComputeKeys,46,5,0.000535829
binComputeKeys,46,6,0.00053633
binComputeKeys,46,7,0.000532552
binComputeKeys,46,8,0.000536841
binComputeKeys,46,9,0.00053641
binSortByKey,46,0,0.006214194
binSortByKey,46,1,0.006247047
binSortByKey,46,2,0.006240505
binSortByKey,46,3,0.006271986
binSortByKey,46,4,0.006443297
binSortByKey,46,5,0.00626936
binSortByKey,46,6,0.00624368
binSortByKey,46,7,0.006231406
binSortByKey,46,8,0.006253219
binSortByKey,46,9,0.006278227
binComputeOffsets,46,0,0.000203625
binComputeOffsets,46,1,0.000204666
binComputeOffsets,46,2,0.000203855
binComputeOffsets,46,3,0.000202994
binComputeOffsets,46,4,0.000203244
binComputeOffsets,46,5,0.000200579
binComputeOffsets,46,6,0.000202202
binComputeOffsets,46,7,0.000202703
binComputeOffsets,46,8,0.000202362
binComputeOffsets,46,9,0.000204226
FFTNUFFT1,46,0,0.127846886
FFTNUFFT1,46,1,0.128600055
FFTNUFFT1,46,2,0.128854377
FFTNUFFT1,46,3,0.135266835
FFTNUFFT1,46,4,0.128020502
FFTNUFFT1,46,5,0.128153199
FFTNUFFT1,46,6,0.129197823
FFTNUFFT1,46,7,0.129271375
FFTNUFFT1,46,8,0.130545543
FFTNUFFT1,46,9,0.128068876
deconvolutionNUFFT1,46,0,0.000310181
deconvolutionNUFFT1,46,1,0.000308257
deconvolutionNUFFT1,46,2,0.000310803
deconvolutionNUFFT1,46,3,0.000308659
deconvolutionNUFFT1,46,4,0.000304841
deconvolutionNUFFT1,46,5,0.000306474
deconvolutionNUFFT1,46,6,0.000313307
deconvolutionNUFFT1,46,7,0.000306955
deconvolutionNUFFT1,46,8,0.00030435
deconvolutionNUFFT1,46,9,0.000308578
GatherPIFNUFFT,46,0,4.107202521
GatherPIFNUFFT,46,1,4.094670624
GatherPIFNUFFT,46,2,4.082314809
GatherPIFNUFFT,46,3,4.079822368
GatherPIFNUFFT,46,4,4.081990719
GatherPIFNUFFT,46,5,4.079744097
GatherPIFNUFFT,46,6,4.062904091
GatherPIFNUFFT,46,7,4.044603809
GatherPIFNUFFT,46,8,4.034854881
GatherPIFNUFFT,46,9,4.033268115
NativeNUFFT2,46,0,1.265715506
NativeNUFFT2,46,1,1.414990688
NativeNUFFT2,46,2,1.416322189
NativeNUFFT2,46,3,1.248403887
NativeNUFFT2,46,4,1.413733813
NativeNUFFT2,46,5,1.422455786
NativeNUFFT2,46,6,1.249875387
NativeNUFFT2,46,7,1.409987432
NativeNUFFT2,46,8,1.41222045
NativeNUFFT2,46,9,1.253935947
NativeNUFFT2,46,10,1.397944383
NativeNUFFT2,46,11,1.417898403
NativeNUFFT2,46,12,1.259391921
NativeNUFFT2,46,13,1.41154005
NativeNUFFT2,46,14,1.400997731
NativeNUFFT2,46,15,1.241428709
NativeNUFFT2,46,16,1.406502068
NativeNUFFT2,46,17,1.421782911
NativeNUFFT2,46,18,1.24222399
NativeNUFFT2,46,19,1.403971274
NativeNUFFT2,46,20,1.406697486
NativeNUFFT2,46,21,1.236304858
NativeNUFFT2,46,22,1.396688579
NativeNUFFT2,46,23,1.401465932
NativeNUFFT2,46,24,1.23414355
NativeNUFFT2,46,25,1.394983006
NativeNUFFT2,46,26,1.39574627
NativeNUFFT2,46,27,1.23282651
NativeNUFFT2,46,28,1.39243365
NativeNUFFT2,46,29,1.398005779
PrecorrectionNUFFT2,46,0,0.000557029
PrecorrectionNUFFT2,46,1,0.000546199
PrecorrectionNUFFT2,46,2,0.000544415
PrecorrectionNUFFT2,46,3,0.000582058
PrecorrectionNUFFT2,46,4,0.000571157
PrecorrectionNUFFT2,46,5,0.000620383
PrecorrectionNUFFT2,46,6,0.000578782
PrecorrectionNUFFT2,46,7,0.000569664
PrecorrectionNUFFT2,46,8,0.00055697
PrecorrectionNUFFT2,46,9,0.000554484
PrecorrectionNUFFT2,46,10,0.000728492
PrecorrectionNUFFT2,46,11,0.000547511
PrecorrectionNUFFT2,46,12,0.000549224
PrecorrectionNUFFT2,46,13,0.000544195
PrecorrectionNUFFT2,46,14,0.000550497
PrecorrectionNUFFT2,46,15,0.000561288
PrecorrectionNUFFT2,46,16,0.000548322
PrecorrectionNUFFT2,46,17,0.000553022
PrecorrectionNUFFT2,46,18,0.00055721
PrecorrectionNUFFT2,46,19,0.000542902
PrecorrectionNUFFT2,46,20,0.000550116
PrecorrectionNUFFT2,46,21,0.000574743
PrecorrectionNUFFT2,46,22,0.000568001
PrecorrectionNUFFT2,46,23,0.000562701
PrecorrectionNUFFT2,46,24,0.000558091
PrecorrectionNUFFT2,46,25,0.000549755
PrecorrectionNUFFT2,46,26,0.000546339
PrecorrectionNUFFT2,46,27,0.000556328
PrecorrectionNUFFT2,46,28,0.000546449
PrecorrectionNUFFT2,46,29,0.000547491
FFTNUFFT2,46,0,0.131908727
FFTNUFFT2,46,1,0.287093553
FFTNUFFT2,46,2,0.289324336
FFTNUFFT2,46,3,0.130944568
FFTNUFFT2,46,4,0.3005343
FFTNUFFT2,46,5,0.294288928
FFTNUFFT2,46,6,0.135253569
FFTNUFFT2,46,7,0.297926446
FFTNUFFT2,46,8,0.29837152
FFTNUFFT2,46,9,0.130247147
FFTNUFFT2,46,10,0.287190379
FFTNUFFT2,46,11,0.301750357
FFTNUFFT2,46,12,0.132780536
FFTNUFFT2,46,13,0.288540987
FFTNUFFT2,46,14,0.283395426
FFTNUFFT2,46,15,0.132942201
FFTNUFFT2,46,16,0.300350294
FFTNUFFT2,46,17,0.303468867
FFTNUFFT2,46,18,0.132539729
FFTNUFFT2,46,19,0.300191446
FFTNUFFT2,46,20,0.293165049
FFTNUFFT2,46,21,0.132708186
FFTNUFFT2,46,22,0.295226944
FFTNUFFT2,46,23,0.298975182
FFTNUFFT2,46,24,0.130683232
FFTNUFFT2,46,25,0.290985187
FFTNUFFT2,46,26,0.293176541
FFTNUFFT2,46,27,0.132434146
FFTNUFFT2,46,28,0.29383436
FFTNUFFT2,46,29,0.295374505
GatherNUFFT2,46,0,1.133241492
GatherNUFFT2,46,1,1.12734273
GatherNUFFT2,46,2,1.126445914
GatherNUFFT2,46,3,1.116869245
GatherNUFFT2,46,4,1.112619899
GatherNUFFT2,46,5,1.127539813
GatherNUFFT2,46,6,1.11403433
GatherNUFFT2,46,7,1.111483958
GatherNUFFT2,46,8,1.113283766
GatherNUFFT2,46,9,1.123125789
GatherNUFFT2,46,10,1.110017225
GatherNUFFT2,46,11,1.115592881
GatherNUFFT2,46,12,1.126054916
GatherNUFFT2,46,13,1.122447473
GatherNUFFT2,46,14,1.117044794
GatherNUFFT2,46,15,1.107917725
GatherNUFFT2,46,16,1.105594835
GatherNUFFT2,46,17,1.117752205
GatherNUFFT2,46,18,1.109119345
GatherNUFFT2,46,19,1.103229481
GatherNUFFT2,46,20,1.112974907
GatherNUFFT2,46,21,1.103014814
GatherNUFFT2,46,22,1.100885006
GatherNUFFT2,46,23,1.101920005
GatherNUFFT2,46,24,1.102895093
GatherNUFFT2,46,25,1.103440339
GatherNUFFT2,46,26,1.102015846
GatherNUFFT2,46,27,1.099827119
GatherNUFFT2,46,28,1.098044173
GatherNUFFT2,46,29,1.102076388
mainTimer,47,0,63.095013004
dumpData,47,0,0.086426113
dumpData,47,1,0.086561605
dumpData,47,2,0.084984298
dumpData,47,3,0.085552228
dumpData,47,4,0.085451554
dumpData,47,5,0.084770904
dumpData,47,6,0.082925659
dumpData,47,7,0.086012531
dumpData,47,8,0.085161038
dumpData,47,9,0.085350956
kick,47,0,0.001083701
kick,47,1,0.001124149
kick,47,2,0.001086636
kick,47,3,0.001122856
kick,47,4,0.001078721
kick,47,5,0.001120261
kick,47,6,0.001096626
kick,47,7,0.001127546
kick,47,8,0.001089772
kick,47,9,0.001124609
kick,47,10,0.001090473
kick,47,11,0.001116584
kick,47,12,0.001090614
kick,47,13,0.001135881
kick,47,14,0.001087077
kick,47,15,0.001128767
kick,47,16,0.001100443
kick,47,17,0.001122225
kick,47,18,0.001089191
kick,47,19,0.001116864
drift,47,0,0.001079152
drift,47,1,0.001080734
drift,47,2,0.001076736
drift,47,3,0.001084302
drift,47,4,0.001066697
drift,47,5,0.0010834
drift,47,6,0.001074172
drift,47,7,0.00107889
drift,47,8,0.001065225
drift,47,9,0.00106825
particleBC,47,0,0.003213818
particleBC,47,1,0.003216254
particleBC,47,2,0.003167889
particleBC,47,3,0.003197136
particleBC,47,4,0.003162068
particleBC,47,5,0.003222706
particleBC,47,6,0.003172799
particleBC,47,7,0.003181505
particleBC,47,8,0.003172288
particleBC,47,9,0.003199981
updateParticle,47,0,0.017706865
updateParticle,47,1,0.016781301
updateParticle,47,2,0.017006868
updateParticle,47,3,0.018213988
updateParticle,47,4,0.016994715
updateParticle,47,5,0.017587664
updateParticle,47,6,0.017264178
updateParticle,47,7,0.016963996
updateParticle,47,8,0.017759698
updateParticle,47,9,0.017719361
locateParticles,47,0,0.004431769
locateParticles,47,1,0.004421648
locateParticles,47,2,0.004440466
locateParticles,47,3,0.004454653
locateParticles,47,4,0.004451527
locateParticles,47,5,0.00442185
locateParticles,47,6,0.004443131
locateParticles,47,7,0.004443802
locateParticles,47,8,0.004459232
locateParticles,47,9,0.004446227
sendPreprocess,47,0,0.000896728
sendPreprocess,47,1,0.000876038
sendPreprocess,47,2,0.001124248
sendPreprocess,47,3,0.000806984
sendPreprocess,47,4,0.001066627
sendPreprocess,47,5,0.000849226
sendPreprocess,47,6,0.000900114
sendPreprocess,47,7,0.000937697
sendPreprocess,47,8,0.000927017
sendPreprocess,47,9,0.000950532
particleSend,47,0,0.002608937
particleSend,47,1,0.001644477
particleSend,47,2,0.001621602
particleSend,47,3,0.00161482
particleSend,47,4,0.001614339
particleSend,47,5,0.002593376
particleSend,47,6,0.001604649
particleSend,47,7,0.001623426
particleSend,47,8,0.002548539
particleSend,47,9,0.001624578
particleRecv,47,0,4.65e-05
particleRecv,47,1,5.9676e-05
particleRecv,47,2,5.0047e-05
particleRecv,47,3,4.4747e-05
particleRecv,47,4,5.2642e-05
particleRecv,47,5,5.3654e-05
particleRecv,47,6,4.661e-05
particleRecv,47,7,5.1008e-05
particleRecv,47,8,4.627e-05
particleRecv,47,9,4.9416e-05
particleDestroy,47,0,0.008268765
particleDestroy,47,1,0.008309134
particleDestroy,47,2,0.008296469
particleDestroy,47,3,0.008287251
particleDestroy,47,4,0.008273905
particleDestroy,47,5,0.008203909
particleDestroy,47,6,0.008209961
particleDestroy,47,7,0.008265147
particleDestroy,47,8,0.008202346
particleDestroy,47,9,0.008227616
ScatterPIFNUFFT,47,0,2.053564875
ScatterPIFNUFFT,47,1,0.001261616
ScatterPIFNUFFT,47,2,2.056153961
ScatterPIFNUFFT,47,3,0.001262587
ScatterPIFNUFFT,47,4,2.058212553
ScatterPIFNUFFT,47,5,0.001257287
ScatterPIFNUFFT,47,6,2.054575955
ScatterPIFNUFFT,47,7,0.001263809
ScatterPIFNUFFT,47,8,2.053744642
ScatterPIFNUFFT,47,9,0.00125892
ScatterPIFNUFFT,47,10,2.053795762
ScatterPIFNUFFT,47,11,0.001259752
ScatterPIFNUFFT,47,12,2.053995167
ScatterPIFNUFFT,47,13,0.00125926
ScatterPIFNUFFT,47,14,2.054966933
ScatterPIFNUFFT,47,15,0.001256535
ScatterPIFNUFFT,47,16,2.05546127
ScatterPIFNUFFT,47,17,0.001261595
ScatterPIFNUFFT,47,18,2.053785765
ScatterPIFNUFFT,47,19,0.001257297
NativeNUFFT1,47,0,2.051664662
NativeNUFFT1,47,1,2.054247726
NativeNUFFT1,47,2,2.056330996
NativeNUFFT1,47,3,2.05267987
NativeNUFFT1,47,4,2.05184446
NativeNUFFT1,47,5,2.051921779
NativeNUFFT1,47,6,2.052094424
NativeNUFFT1,47,7,2.053060678
NativeNUFFT1,47,8,2.053566138
NativeNUFFT1,47,9,2.051885601
scatterTimerNUFFT1,47,0,1.916312602
scatterTimerNUFFT1,47,1,1.917155785
scatterTimerNUFFT1,47,2,1.918141698
scatterTimerNUFFT1,47,3,1.922634264
scatterTimerNUFFT1,47,4,1.922885199
scatterTimerNUFFT1,47,5,1.92297833
scatterTimerNUFFT1,47,6,1.928096168
scatterTimerNUFFT1,47,7,1.91625931
scatterTimerNUFFT1,47,8,1.922304086
scatterTimerNUFFT1,47,9,1.923008469
binSort,47,0,0.007354573
binSort,47,1,0.007340997
binSort,47,2,0.007318503
binSort,47,3,0.007310628
binSort,47,4,0.007522819
binSort,47,5,0.007336809
binSort,47,6,0.007325226
binSort,47,7,0.007328062
binSort,47,8,0.007330076
binSort,47,9,0.007338573
binComputeKeys,47,0,0.000555246
binComputeKeys,47,1,0.000551038
binComputeKeys,47,2,0.00055732
binComputeKeys,47,3,0.000551268
binComputeKeys,47,4,0.000554425
binComputeKeys,47,5,0.000553523
binComputeKeys,47,6,0.000554524
binComputeKeys,47,7,0.000556939
binComputeKeys,47,8,0.000554655
binComputeKeys,47,9,0.000556689
binSortByKey,47,0,0.006585663
binSortByKey,47,1,0.00657409
binSortByKey,47,2,0.006547619
binSortByKey,47,3,0.006545566
binSortByKey,47,4,0.00675459
binSortByKey,47,5,0.006570012
binSortByKey,47,6,0.006557367
binSortByKey,47,7,0.006557087
binSortByKey,47,8,0.006559061
binSortByKey,47,9,0.006569121
binComputeOffsets,47,0,0.000210829
binComputeOffsets,47,1,0.000212802
binComputeOffsets,47,2,0.000210758
binComputeOffsets,47,3,0.000210929
binComputeOffsets,47,4,0.000210488
binComputeOffsets,47,5,0.000210207
binComputeOffsets,47,6,0.000210397
binComputeOffsets,47,7,0.000210968
binComputeOffsets,47,8,0.000212271
binComputeOffsets,47,9,0.000209897
FFTNUFFT1,47,0,0.1350424
FFTNUFFT1,47,1,0.136779626
FFTNUFFT1,47,2,0.137877204
FFTNUFFT1,47,3,0.129736697
FFTNUFFT1,47,4,0.128646815
FFTNUFFT1,47,5,0.128637547
FFTNUFFT1,47,6,0.12368569
FFTNUFFT1,47,7,0.136484484
FFTNUFFT1,47,8,0.13095148
FFTNUFFT1,47,9,0.128563485
deconvolutionNUFFT1,47,0,0.000306254
deconvolutionNUFFT1,47,1,0.000308979
deconvolutionNUFFT1,47,2,0.000308678
deconvolutionNUFFT1,47,3,0.000305262
deconvolutionNUFFT1,47,4,0.000308799
deconvolutionNUFFT1,47,5,0.000302275
deconvolutionNUFFT1,47,6,0.000309129
deconvolutionNUFFT1,47,7,0.000313528
deconvolutionNUFFT1,47,8,0.000306504
deconvolutionNUFFT1,47,9,0.000310352
GatherPIFNUFFT,47,0,4.175256087
GatherPIFNUFFT,47,1,4.161664978
GatherPIFNUFFT,47,2,4.161050938
GatherPIFNUFFT,47,3,4.159221833
GatherPIFNUFFT,47,4,4.150964179
GatherPIFNUFFT,47,5,4.145944622
GatherPIFNUFFT,47,6,4.132193532
GatherPIFNUFFT,47,7,4.121969845
GatherPIFNUFFT,47,8,4.110044574
GatherPIFNUFFT,47,9,4.108632746
NativeNUFFT2,47,0,1.331243618
NativeNUFFT2,47,1,1.417166435
NativeNUFFT2,47,2,1.416339131
NativeNUFFT2,47,3,1.329122016
NativeNUFFT2,47,4,1.412419726
NativeNUFFT2,47,5,1.409689425
NativeNUFFT2,47,6,1.331347981
NativeNUFFT2,47,7,1.407574597
NativeNUFFT2,47,8,1.411588145
NativeNUFFT2,47,9,1.32856131
NativeNUFFT2,47,10,1.408498276
NativeNUFFT2,47,11,1.411706503
NativeNUFFT2,47,12,1.325260202
NativeNUFFT2,47,13,1.409887417
NativeNUFFT2,47,14,1.405289608
NativeNUFFT2,47,15,1.3233703
NativeNUFFT2,47,16,1.402682566
NativeNUFFT2,47,17,1.409432246
NativeNUFFT2,47,18,1.320611534
NativeNUFFT2,47,19,1.406869059
NativeNUFFT2,47,20,1.394256426
NativeNUFFT2,47,21,1.312193069
NativeNUFFT2,47,22,1.399015888
NativeNUFFT2,47,23,1.40035415
NativeNUFFT2,47,24,1.312692648
NativeNUFFT2,47,25,1.395910032
NativeNUFFT2,47,26,1.390923391
NativeNUFFT2,47,27,1.311210294
NativeNUFFT2,47,28,1.390688588
NativeNUFFT2,47,29,1.39626237
PrecorrectionNUFFT2,47,0,0.000574904
PrecorrectionNUFFT2,47,1,0.000565817
PrecorrectionNUFFT2,47,2,0.000563613
PrecorrectionNUFFT2,47,3,0.000559323
PrecorrectionNUFFT2,47,4,0.000545798
PrecorrectionNUFFT2,47,5,0.000547581
PrecorrectionNUFFT2,47,6,0.000574343
PrecorrectionNUFFT2,47,7,0.000562851
PrecorrectionNUFFT2,47,8,0.000568341
PrecorrectionNUFFT2,47,9,0.000557811
PrecorrectionNUFFT2,47,10,0.000546008
PrecorrectionNUFFT2,47,11,0.000550387
PrecorrectionNUFFT2,47,12,0.000574944
PrecorrectionNUFFT2,47,13,0.000562681
PrecorrectionNUFFT2,47,14,0.000564805
PrecorrectionNUFFT2,47,15,0.00055771
PrecorrectionNUFFT2,47,16,0.000547521
PrecorrectionNUFFT2,47,17,0.000541389
PrecorrectionNUFFT2,47,18,0.000555346
PrecorrectionNUFFT2,47,19,0.000544996
PrecorrectionNUFFT2,47,20,0.000544715
PrecorrectionNUFFT2,47,21,0.000555677
PrecorrectionNUFFT2,47,22,0.000545688
PrecorrectionNUFFT2,47,23,0.000544495
PrecorrectionNUFFT2,47,24,0.000578601
PrecorrectionNUFFT2,47,25,0.000568141
PrecorrectionNUFFT2,47,26,0.000569875
PrecorrectionNUFFT2,47,27,0.00057263
PrecorrectionNUFFT2,47,28,0.000569804
PrecorrectionNUFFT2,47,29,0.000561438
FFTNUFFT2,47,0,0.132541843
FFTNUFFT2,47,1,0.21877848
FFTNUFFT2,47,2,0.219146593
FFTNUFFT2,47,3,0.130767576
FFTNUFFT2,47,4,0.217687144
FFTNUFFT2,47,5,0.211940057
FFTNUFFT2,47,6,0.134786303
FFTNUFFT2,47,7,0.213485822
FFTNUFFT2,47,8,0.220187229
FFTNUFFT2,47,9,0.133273602
FFTNUFFT2,47,10,0.215947272
FFTNUFFT2,47,11,0.22108081
FFTNUFFT2,47,12,0.133145644
FFTNUFFT2,47,13,0.221229319
FFTNUFFT2,47,14,0.217562773
FFTNUFFT2,47,15,0.133119293
FFTNUFFT2,47,16,0.215571774
FFTNUFFT2,47,17,0.222551441
FFTNUFFT2,47,18,0.132637911
FFTNUFFT2,47,19,0.220531416
FFTNUFFT2,47,20,0.209236877
FFTNUFFT2,47,21,0.128557993
FFTNUFFT2,47,22,0.218080787
FFTNUFFT2,47,23,0.219441186
FFTNUFFT2,47,24,0.130775521
FFTNUFFT2,47,25,0.211277525
FFTNUFFT2,47,26,0.210725994
FFTNUFFT2,47,27,0.129584243
FFTNUFFT2,47,28,0.212681089
FFTNUFFT2,47,29,0.215885941
GatherNUFFT2,47,0,1.198119616
GatherNUFFT2,47,1,1.197815286
GatherNUFFT2,47,2,1.196621232
GatherNUFFT2,47,3,1.197787041
GatherNUFFT2,47,4,1.194178768
GatherNUFFT2,47,5,1.197191417
GatherNUFFT2,47,6,1.195979298
GatherNUFFT2,47,7,1.193519371
GatherNUFFT2,47,8,1.19082539
GatherNUFFT2,47,9,1.194723264
GatherNUFFT2,47,10,1.191997201
GatherNUFFT2,47,11,1.190068182
GatherNUFFT2,47,12,1.191532119
GatherNUFFT2,47,13,1.188088655
GatherNUFFT2,47,14,1.187155237
GatherNUFFT2,47,15,1.189686142
GatherNUFFT2,47,16,1.186555445
GatherNUFFT2,47,17,1.186332593
GatherNUFFT2,47,18,1.187410151
GatherNUFFT2,47,19,1.185785814
GatherNUFFT2,47,20,1.184468089
GatherNUFFT2,47,21,1.183072045
GatherNUFFT2,47,22,1.180381619
GatherNUFFT2,47,23,1.180361425
GatherNUFFT2,47,24,1.18133101
GatherNUFFT2,47,25,1.184056782
GatherNUFFT2,47,26,1.179619136
GatherNUFFT2,47,27,1.181045225
GatherNUFFT2,47,28,1.17743047
GatherNUFFT2,47,29,1.179808117
mainTimer,48,0,63.095024888
dumpData,48,0,0.168143302
dumpData,48,1,0.170763084
dumpData,48,2,0.166031316
dumpData,48,3,0.173687602
dumpData,48,4,0.167990065
dumpData,48,5,0.165535806
dumpData,48,6,0.165345618
dumpData,48,7,0.169014929
dumpData,48,8,0.168578093
dumpData,48,9,0.1669077
kick,48,0,0.001051515
kick,48,1,0.001122552
kick,48,2,0.001051695
kick,48,3,0.001058849
kick,48,4,0.001070732
kick,48,5,0.00109037
kick,48,6,0.001045794
kick,48,7,0.001061364
kick,48,8,0.001049111
kick,48,9,0.001107503
kick,48,10,0.001041395
kick,48,11,0.001084769
kick,48,12,0.001043139
kick,48,13,0.001095139
kick,48,14,0.001050823
kick,48,15,0.001088055
kick,48,16,0.001058438
kick,48,17,0.001094498
kick,48,18,0.001056645
kick,48,19,0.001072375
drift,48,0,0.001017238
drift,48,1,0.001038339
drift,48,2,0.001030515
drift,48,3,0.001040594
drift,48,4,0.001018661
drift,48,5,0.001025074
drift,48,6,0.001028911
drift,48,7,0.001039422
drift,48,8,0.0010234
drift,48,9,0.00103828
particleBC,48,0,0.003022669
particleBC,48,1,0.003022309
particleBC,48,2,0.003027268
particleBC,48,3,0.003008231
particleBC,48,4,0.003005146
particleBC,48,5,0.003006579
particleBC,48,6,0.002993683
particleBC,48,7,0.003012239
particleBC,48,8,0.003028832
particleBC,48,9,0.003013191
updateParticle,48,0,0.020369561
updateParticle,48,1,0.01852472
updateParticle,48,2,0.019022304
updateParticle,48,3,0.01897365
updateParticle,48,4,0.019271516
updateParticle,48,5,0.017775881
updateParticle,48,6,0.017461102
updateParticle,48,7,0.017453528
updateParticle,48,8,0.017524665
updateParticle,48,9,0.017452755
locateParticles,48,0,0.004067161
locateParticles,48,1,0.004017534
locateParticles,48,2,0.004000632
locateParticles,48,3,0.004018026
locateParticles,48,4,0.004039668
locateParticles,48,5,0.003973058
locateParticles,48,6,0.003968771
locateParticles,48,7,0.003987677
locateParticles,48,8,0.003975053
locateParticles,48,9,0.003984962
sendPreprocess,48,0,0.001548828
sendPreprocess,48,1,0.001557374
sendPreprocess,48,2,0.001755808
sendPreprocess,48,3,0.001526604
sendPreprocess,48,4,0.001535171
sendPreprocess,48,5,0.001624123
sendPreprocess,48,6,0.001652839
sendPreprocess,48,7,0.001643611
sendPreprocess,48,8,0.001638261
sendPreprocess,48,9,0.001661335
particleSend,48,0,0.002748529
particleSend,48,1,0.001721211
particleSend,48,2,0.002600182
particleSend,48,3,0.001703777
particleSend,48,4,0.00168966
particleSend,48,5,0.001768273
particleSend,48,6,0.001739296
particleSend,48,7,0.001707244
particleSend,48,8,0.001711152
particleSend,48,9,0.002606244
particleRecv,48,0,5.4455e-05
particleRecv,48,1,4.8654e-05
particleRecv,48,2,5.7942e-05
particleRecv,48,3,5.3664e-05
particleRecv,48,4,4.9706e-05
particleRecv,48,5,5.6379e-05
particleRecv,48,6,5.6119e-05
particleRecv,48,7,5.2111e-05
particleRecv,48,8,5.4546e-05
particleRecv,48,9,5.1409e-05
particleDestroy,48,0,0.0072598
particleDestroy,48,1,0.007239471
particleDestroy,48,2,0.007252786
particleDestroy,48,3,0.007272896
particleDestroy,48,4,0.007266132
particleDestroy,48,5,0.007243067
particleDestroy,48,6,0.007264128
particleDestroy,48,7,0.007226987
particleDestroy,48,8,0.007233148
particleDestroy,48,9,0.007260701
ScatterPIFNUFFT,48,0,2.047512803
ScatterPIFNUFFT,48,1,0.001253896
ScatterPIFNUFFT,48,2,2.049315622
ScatterPIFNUFFT,48,3,0.001264166
ScatterPIFNUFFT,48,4,2.048283656
ScatterPIFNUFFT,48,5,0.001266631
ScatterPIFNUFFT,48,6,2.041279368
ScatterPIFNUFFT,48,7,0.001259939
ScatterPIFNUFFT,48,8,2.047353264
ScatterPIFNUFFT,48,9,0.00126611
ScatterPIFNUFFT,48,10,2.04880265
ScatterPIFNUFFT,48,11,0.001263976
ScatterPIFNUFFT,48,12,2.051366111
ScatterPIFNUFFT,48,13,0.001258536
ScatterPIFNUFFT,48,14,2.053044959
ScatterPIFNUFFT,48,15,0.001262153
ScatterPIFNUFFT,48,16,2.051480492
ScatterPIFNUFFT,48,17,0.001263415
ScatterPIFNUFFT,48,18,2.049662153
ScatterPIFNUFFT,48,19,0.001261832
NativeNUFFT1,48,0,2.045670198
NativeNUFFT1,48,1,2.047474249
NativeNUFFT1,48,2,2.046443906
NativeNUFFT1,48,3,2.039444739
NativeNUFFT1,48,4,2.045530807
NativeNUFFT1,48,5,2.046965824
NativeNUFFT1,48,6,2.049523706
NativeNUFFT1,48,7,2.051202013
NativeNUFFT1,48,8,2.04961953
NativeNUFFT1,48,9,2.047814016
scatterTimerNUFFT1,48,0,1.913125628
scatterTimerNUFFT1,48,1,1.915066694
scatterTimerNUFFT1,48,2,1.916829227
scatterTimerNUFFT1,48,3,1.915722864
scatterTimerNUFFT1,48,4,1.913740338
scatterTimerNUFFT1,48,5,1.916663635
scatterTimerNUFFT1,48,6,1.916183687
scatterTimerNUFFT1,48,7,1.915313021
scatterTimerNUFFT1,48,8,1.916465923
scatterTimerNUFFT1,48,9,1.916384826
binSort,48,0,0.007388168
binSort,48,1,0.007261442
binSort,48,2,0.006908159
binSort,48,3,0.006934289
binSort,48,4,0.006934851
binSort,48,5,0.006935362
binSort,48,6,0.006946673
binSort,48,7,0.006919711
binSort,48,8,0.006936274
binSort,48,9,0.006963346
binComputeKeys,48,0,0.000538051
binComputeKeys,48,1,0.000536949
binComputeKeys,48,2,0.000531238
binComputeKeys,48,3,0.000534835
binComputeKeys,48,4,0.000536148
binComputeKeys,48,5,0.00054259
binComputeKeys,48,6,0.000535046
binComputeKeys,48,7,0.000534194
binComputeKeys,48,8,0.000537911
binComputeKeys,48,9,0.000538793
binSortByKey,48,0,0.006641593
binSortByKey,48,1,0.006515239
binSortByKey,48,2,0.006167606
binSortByKey,48,3,0.006188325
binSortByKey,48,4,0.006186793
binSortByKey,48,5,0.006183076
binSortByKey,48,6,0.00620061
binSortByKey,48,7,0.006175551
binSortByKey,48,8,0.006185421
binSortByKey,48,9,0.006211822
binComputeOffsets,48,0,0.000205357
binComputeOffsets,48,1,0.000205438
binComputeOffsets,48,2,0.000205547
binComputeOffsets,48,3,0.00020708
binComputeOffsets,48,4,0.000207662
binComputeOffsets,48,5,0.000205929
binComputeOffsets,48,6,0.000207361
binComputeOffsets,48,7,0.000205989
binComputeOffsets,48,8,0.00020689
binComputeOffsets,48,9,0.000208875
FFTNUFFT1,48,0,0.132233367
FFTNUFFT1,48,1,0.132093998
FFTNUFFT1,48,2,0.129296103
FFTNUFFT1,48,3,0.123402466
FFTNUFFT1,48,4,0.131479598
FFTNUFFT1,48,5,0.129990918
FFTNUFFT1,48,6,0.133024648
FFTNUFFT1,48,7,0.135570336
FFTNUFFT1,48,8,0.132839169
FFTNUFFT1,48,9,0.131110032
deconvolutionNUFFT1,48,0,0.000307374
deconvolutionNUFFT1,48,1,0.000309679
deconvolutionNUFFT1,48,2,0.000314669
deconvolutionNUFFT1,48,3,0.00031539
deconvolutionNUFFT1,48,4,0.000306203
deconvolutionNUFFT1,48,5,0.000307415
deconvolutionNUFFT1,48,6,0.000311402
deconvolutionNUFFT1,48,7,0.000314879
deconvolutionNUFFT1,48,8,0.000308437
deconvolutionNUFFT1,48,9,0.00031484
GatherPIFNUFFT,48,0,4.097246956
GatherPIFNUFFT,48,1,4.082833451
GatherPIFNUFFT,48,2,4.08810415
GatherPIFNUFFT,48,3,4.084123408
GatherPIFNUFFT,48,4,4.072569749
GatherPIFNUFFT,48,5,4.070288152
GatherPIFNUFFT,48,6,4.052498725
GatherPIFNUFFT,48,7,4.040660074
GatherPIFNUFFT,48,8,4.031073042
GatherPIFNUFFT,48,9,4.031710234
NativeNUFFT2,48,0,1.254833387
NativeNUFFT2,48,1,1.417308449
NativeNUFFT2,48,2,1.414932923
NativeNUFFT2,48,3,1.25121236
NativeNUFFT2,48,4,1.414233261
NativeNUFFT2,48,5,1.407210224
NativeNUFFT2,48,6,1.253807381
NativeNUFFT2,48,7,1.410761941
NativeNUFFT2,48,8,1.413391959
NativeNUFFT2,48,9,1.255246295
NativeNUFFT2,48,10,1.412520574
NativeNUFFT2,48,11,1.40633281
NativeNUFFT2,48,12,1.241571503
NativeNUFFT2,48,13,1.416164327
NativeNUFFT2,48,14,1.404784322
NativeNUFFT2,48,15,1.247493343
NativeNUFFT2,48,16,1.402216783
NativeNUFFT2,48,17,1.410506837
NativeNUFFT2,48,18,1.241839009
NativeNUFFT2,48,19,1.399510777
NativeNUFFT2,48,20,1.40105742
NativeNUFFT2,48,21,1.233624322
NativeNUFFT2,48,22,1.399116022
NativeNUFFT2,48,23,1.397766421
NativeNUFFT2,48,24,1.230759639
NativeNUFFT2,48,25,1.397553579
NativeNUFFT2,48,26,1.392599752
NativeNUFFT2,48,27,1.232666798
NativeNUFFT2,48,28,1.391241825
NativeNUFFT2,48,29,1.397650367
PrecorrectionNUFFT2,48,0,0.000583459
PrecorrectionNUFFT2,48,1,0.000565144
PrecorrectionNUFFT2,48,2,0.000567589
PrecorrectionNUFFT2,48,3,0.000586104
PrecorrectionNUFFT2,48,4,0.000569792
PrecorrectionNUFFT2,48,5,0.000574602
PrecorrectionNUFFT2,48,6,0.000582928
PrecorrectionNUFFT2,48,7,0.000572287
PrecorrectionNUFFT2,48,8,0.000564924
PrecorrectionNUFFT2,48,9,0.00056839
PrecorrectionNUFFT2,48,10,0.000546477
PrecorrectionNUFFT2,48,11,0.000550125
PrecorrectionNUFFT2,48,12,0.000557649
PrecorrectionNUFFT2,48,13,0.000549122
PrecorrectionNUFFT2,48,14,0.000548401
PrecorrectionNUFFT2,48,15,0.0005685
PrecorrectionNUFFT2,48,16,0.000551146
PrecorrectionNUFFT2,48,17,0.000550626
PrecorrectionNUFFT2,48,18,0.000560454
PrecorrectionNUFFT2,48,19,0.000554734
PrecorrectionNUFFT2,48,20,0.000554173
PrecorrectionNUFFT2,48,21,0.000571626
PrecorrectionNUFFT2,48,22,0.000574332
PrecorrectionNUFFT2,48,23,0.000566126
PrecorrectionNUFFT2,48,24,0.000575314
PrecorrectionNUFFT2,48,25,0.000570845
PrecorrectionNUFFT2,48,26,0.000577277
PrecorrectionNUFFT2,48,27,0.00058389
PrecorrectionNUFFT2,48,28,0.000580454
PrecorrectionNUFFT2,48,29,0.00056867
FFTNUFFT2,48,0,0.132609906
FFTNUFFT2,48,1,0.293162337
FFTNUFFT2,48,2,0.28890594
FFTNUFFT2,48,3,0.133069875
FFTNUFFT2,48,4,0.284128284
FFTNUFFT2,48,5,0.288669913
FFTNUFFT2,48,6,0.12982174
FFTNUFFT2,48,7,0.293374317
FFTNUFFT2,48,8,0.293822604
FFTNUFFT2,48,9,0.144012773
FFTNUFFT2,48,10,0.297422582
FFTNUFFT2,48,11,0.287906897
FFTNUFFT2,48,12,0.122790352
FFTNUFFT2,48,13,0.298861978
FFTNUFFT2,48,14,0.289875657
FFTNUFFT2,48,15,0.132450737
FFTNUFFT2,48,16,0.291281267
FFTNUFFT2,48,17,0.290241675
FFTNUFFT2,48,18,0.130488681
FFTNUFFT2,48,19,0.293203908
FFTNUFFT2,48,20,0.293060871
FFTNUFFT2,48,21,0.123787692
FFTNUFFT2,48,22,0.288909497
FFTNUFFT2,48,23,0.289586979
FFTNUFFT2,48,24,0.129761123
FFTNUFFT2,48,25,0.293160605
FFTNUFFT2,48,26,0.291200661
FFTNUFFT2,48,27,0.126620154
FFTNUFFT2,48,28,0.28991829
FFTNUFFT2,48,29,0.293107502
GatherNUFFT2,48,0,1.121630684
GatherNUFFT2,48,1,1.123572252
GatherNUFFT2,48,2,1.12545159
GatherNUFFT2,48,3,1.117547704
GatherNUFFT2,48,4,1.129526789
GatherNUFFT2,48,5,1.117957915
GatherNUFFT2,48,6,1.123393074
GatherNUFFT2,48,7,1.116808083
GatherNUFFT2,48,8,1.118994764
GatherNUFFT2,48,9,1.110656405
GatherNUFFT2,48,10,1.114542908
GatherNUFFT2,48,11,1.11786696
GatherNUFFT2,48,12,1.118214153
GatherNUFFT2,48,13,1.11674492
GatherNUFFT2,48,14,1.114351768
GatherNUFFT2,48,15,1.114464497
GatherNUFFT2,48,16,1.110374361
GatherNUFFT2,48,17,1.119702543
GatherNUFFT2,48,18,1.110782049
GatherNUFFT2,48,19,1.105743278
GatherNUFFT2,48,20,1.107433198
GatherNUFFT2,48,21,1.109256357
GatherNUFFT2,48,22,1.109620141
GatherNUFFT2,48,23,1.107602746
GatherNUFFT2,48,24,1.100413834
GatherNUFFT2,48,25,1.103814705
GatherNUFFT2,48,26,1.100811905
GatherNUFFT2,48,27,1.105453467
GatherNUFFT2,48,28,1.100733632
GatherNUFFT2,48,29,1.103966099
mainTimer,49,0,63.095022484
dumpData,49,0,0.237629857
dumpData,49,1,0.239600072
dumpData,49,2,0.239767655
dumpData,49,3,0.237226426
dumpData,49,4,0.240098474
dumpData,49,5,0.239034996
dumpData,49,6,0.233143665
dumpData,49,7,0.23790521
dumpData,49,8,0.235123686
dumpData,49,9,0.23294988
kick,49,0,0.000963575
kick,49,1,0.000996108
kick,49,2,0.000977512
kick,49,3,0.000985628
kick,49,4,0.000957182
kick,49,5,0.00099227
kick,49,6,0.000959687
kick,49,7,0.00099205
kick,49,8,0.000963164
kick,49,9,0.001001629
kick,49,10,0.000964346
kick,49,11,0.000993483
kick,49,12,0.000962612
kick,49,13,0.00098136
kick,49,14,0.000968094
kick,49,15,0.000998132
kick,49,16,0.000964837
kick,49,17,0.001009203
kick,49,18,0.000970268
kick,49,19,0.000990918
drift,49,0,0.00099252
drift,49,1,0.000979365
drift,49,2,0.000986159
drift,49,3,0.000969937
drift,49,4,0.000977992
drift,49,5,0.000978083
drift,49,6,0.000970779
drift,49,7,0.000989264
drift,49,8,0.000978534
drift,49,9,0.000990948
particleBC,49,0,0.002828965
particleBC,49,1,0.002823244
particleBC,49,2,0.002839054
particleBC,49,3,0.002825598
particleBC,49,4,0.00282118
particleBC,49,5,0.002855015
particleBC,49,6,0.002827833
particleBC,49,7,0.002838393
particleBC,49,8,0.002828955
particleBC,49,9,0.002824386
updateParticle,49,0,0.018617842
updateParticle,49,1,0.019127156
updateParticle,49,2,0.017395976
updateParticle,49,3,0.019064927
updateParticle,49,4,0.018327269
updateParticle,49,5,0.017752926
updateParticle,49,6,0.017880044
updateParticle,49,7,0.017404512
updateParticle,49,8,0.017353654
updateParticle,49,9,0.017131163
locateParticles,49,0,0.003821626
locateParticles,49,1,0.003819992
locateParticles,49,2,0.003806877
locateParticles,49,3,0.003799653
locateParticles,49,4,0.003802709
locateParticles,49,5,0.003764895
locateParticles,49,6,0.003782641
locateParticles,49,7,0.003770367
locateParticles,49,8,0.003815043
locateParticles,49,9,0.003836415
sendPreprocess,49,0,0.002099242
sendPreprocess,49,1,0.002086067
sendPreprocess,49,2,0.002298959
sendPreprocess,49,3,0.002084664
sendPreprocess,49,4,0.002081178
sendPreprocess,49,5,0.002109212
sendPreprocess,49,6,0.002147115
sendPreprocess,49,7,0.002166824
sendPreprocess,49,8,0.002137707
sendPreprocess,49,9,0.002130834
particleSend,49,0,0.001562463
particleSend,49,1,0.001563536
particleSend,49,2,0.00155522
particleSend,49,3,0.001679941
particleSend,49,4,0.001614775
particleSend,49,5,0.001563185
particleSend,49,6,0.001556423
particleSend,49,7,0.001559087
particleSend,49,8,0.001560259
particleSend,49,9,0.001563876
particleRecv,49,0,5.0938e-05
particleRecv,49,1,4.7342e-05
particleRecv,49,2,4.693e-05
particleRecv,49,3,4.9506e-05
particleRecv,49,4,4.6379e-05
particleRecv,49,5,5.3263e-05
particleRecv,49,6,4.9997e-05
particleRecv,49,7,5.4345e-05
particleRecv,49,8,5.3995e-05
particleRecv,49,9,5.6559e-05
particleDestroy,49,0,0.007021068
particleDestroy,49,1,0.007012722
particleDestroy,49,2,0.007027741
particleDestroy,49,3,0.006991591
particleDestroy,49,4,0.007008724
particleDestroy,49,5,0.006958617
particleDestroy,49,6,0.006948938
particleDestroy,49,7,0.006946524
particleDestroy,49,8,0.006935922
particleDestroy,49,9,0.006911826
ScatterPIFNUFFT,49,0,2.052296181
ScatterPIFNUFFT,49,1,0.001260169
ScatterPIFNUFFT,49,2,2.052147192
ScatterPIFNUFFT,49,3,0.001256071
ScatterPIFNUFFT,49,4,2.057349252
ScatterPIFNUFFT,49,5,0.001258986
ScatterPIFNUFFT,49,6,2.047593268
ScatterPIFNUFFT,49,7,0.001258656
ScatterPIFNUFFT,49,8,2.051425134
ScatterPIFNUFFT,49,9,0.001267533
ScatterPIFNUFFT,49,10,2.051930463
ScatterPIFNUFFT,49,11,0.001267453
ScatterPIFNUFFT,49,12,2.053934111
ScatterPIFNUFFT,49,13,0.001265589
ScatterPIFNUFFT,49,14,2.045154138
ScatterPIFNUFFT,49,15,0.001257704
ScatterPIFNUFFT,49,16,2.054948113
ScatterPIFNUFFT,49,17,0.001265199
ScatterPIFNUFFT,49,18,2.053215019
ScatterPIFNUFFT,49,19,0.001261341
NativeNUFFT1,49,0,2.05054393
NativeNUFFT1,49,1,2.050394821
NativeNUFFT1,49,2,2.05560235
NativeNUFFT1,49,3,2.045851848
NativeNUFFT1,49,4,2.049667783
NativeNUFFT1,49,5,2.050186418
NativeNUFFT1,49,6,2.052190355
NativeNUFFT1,49,7,2.043394232
NativeNUFFT1,49,8,2.053155213
NativeNUFFT1,49,9,2.051451546
scatterTimerNUFFT1,49,0,1.916158628
scatterTimerNUFFT1,49,1,1.916395095
scatterTimerNUFFT1,49,2,1.919749629
scatterTimerNUFFT1,49,3,1.915315955
scatterTimerNUFFT1,49,4,1.915215362
scatterTimerNUFFT1,49,5,1.916575274
scatterTimerNUFFT1,49,6,1.915031878
scatterTimerNUFFT1,49,7,1.916316663
scatterTimerNUFFT1,49,8,1.916592318
scatterTimerNUFFT1,49,9,1.917303715
binSort,49,0,0.006463588
binSort,49,1,0.006833183
binSort,49,2,0.0064849
binSort,49,3,0.006491843
binSort,49,4,0.006493447
binSort,49,5,0.006445374
binSort,49,6,0.006459671
binSort,49,7,0.006472194
binSort,49,8,0.006425826
binSort,49,9,0.00650015
binComputeKeys,49,0,0.000466923
binComputeKeys,49,1,0.000465581
binComputeKeys,49,2,0.000471242
binComputeKeys,49,3,0.000465831
binComputeKeys,49,4,0.000467275
binComputeKeys,49,5,0.000469699
binComputeKeys,49,6,0.000469138
binComputeKeys,49,7,0.000465481
binComputeKeys,49,8,0.000468006
binComputeKeys,49,9,0.000465761
binSortByKey,49,0,0.005798261
binSortByKey,49,1,0.006171222
binSortByKey,49,2,0.005819602
binSortByKey,49,3,0.005834501
binSortByKey,49,4,0.005827928
binSortByKey,49,5,0.005778333
binSortByKey,49,6,0.005793351
binSortByKey,49,7,0.005813771
binSortByKey,49,8,0.005759987
binSortByKey,49,9,0.005842627
binComputeOffsets,49,0,0.000195679
binComputeOffsets,49,1,0.000193564
binComputeOffsets,49,2,0.000190799
binComputeOffsets,49,3,0.000188515
binComputeOffsets,49,4,0.000195027
binComputeOffsets,49,5,0.000194677
binComputeOffsets,49,6,0.000194216
binComputeOffsets,49,7,0.000189437
binComputeOffsets,49,8,0.000193775
binComputeOffsets,49,9,0.000188685
FFTNUFFT1,49,0,0.134071655
FFTNUFFT1,49,1,0.133686881
FFTNUFFT1,49,2,0.135544866
FFTNUFFT1,49,3,0.130223458
FFTNUFFT1,49,4,0.134136741
FFTNUFFT1,49,5,0.133305122
FFTNUFFT1,49,6,0.136844861
FFTNUFFT1,49,7,0.126762409
FFTNUFFT1,49,8,0.136248046
FFTNUFFT1,49,9,0.133832241
deconvolutionNUFFT1,49,0,0.000310411
deconvolutionNUFFT1,49,1,0.000309478
deconvolutionNUFFT1,49,2,0.000304159
deconvolutionNUFFT1,49,3,0.000307906
deconvolutionNUFFT1,49,4,0.000311503
deconvolutionNUFFT1,49,5,0.000302726
deconvolutionNUFFT1,49,6,0.00031018
deconvolutionNUFFT1,49,7,0.000311293
deconvolutionNUFFT1,49,8,0.000310601
deconvolutionNUFFT1,49,9,0.000312004
GatherPIFNUFFT,49,0,4.02512436
GatherPIFNUFFT,49,1,4.011037067
GatherPIFNUFFT,49,2,4.007405258
GatherPIFNUFFT,49,3,4.014616473
GatherPIFNUFFT,49,4,3.997789099
GatherPIFNUFFT,49,5,3.994088917
GatherPIFNUFFT,49,6,3.982146644
GatherPIFNUFFT,49,7,3.980140213
GatherPIFNUFFT,49,8,3.961688684
GatherPIFNUFFT,49,9,3.962875209
NativeNUFFT2,49,0,1.176652487
NativeNUFFT2,49,1,1.419301747
NativeNUFFT2,49,2,1.419398465
NativeNUFFT2,49,3,1.177613105
NativeNUFFT2,49,4,1.413896652
NativeNUFFT2,49,5,1.409803702
NativeNUFFT2,49,6,1.176965592
NativeNUFFT2,49,7,1.41245671
NativeNUFFT2,49,8,1.408324993
NativeNUFFT2,49,9,1.184515883
NativeNUFFT2,49,10,1.405879492
NativeNUFFT2,49,11,1.414534382
NativeNUFFT2,49,12,1.172416269
NativeNUFFT2,49,13,1.413642475
NativeNUFFT2,49,14,1.401979334
NativeNUFFT2,49,15,1.174883934
NativeNUFFT2,49,16,1.405697098
NativeNUFFT2,49,17,1.403662931
NativeNUFFT2,49,18,1.167150036
NativeNUFFT2,49,19,1.409338777
NativeNUFFT2,49,20,1.395886532
NativeNUFFT2,49,21,1.173339275
NativeNUFFT2,49,22,1.395215965
NativeNUFFT2,49,23,1.401805898
NativeNUFFT2,49,24,1.162312525
NativeNUFFT2,49,25,1.394588962
NativeNUFFT2,49,26,1.395009726
NativeNUFFT2,49,27,1.16265109
NativeNUFFT2,49,28,1.393822638
NativeNUFFT2,49,29,1.396655892
PrecorrectionNUFFT2,49,0,0.00057836
PrecorrectionNUFFT2,49,1,0.000564372
PrecorrectionNUFFT2,49,2,0.000569182
PrecorrectionNUFFT2,49,3,0.00057874
PrecorrectionNUFFT2,49,4,0.000564463
PrecorrectionNUFFT2,49,5,0.000570384
PrecorrectionNUFFT2,49,6,0.000561437
PrecorrectionNUFFT2,49,7,0.00055273
PrecorrectionNUFFT2,49,8,0.00054736
PrecorrectionNUFFT2,49,9,0.000640109
PrecorrectionNUFFT2,49,10,0.000548702
PrecorrectionNUFFT2,49,11,0.000557268
PrecorrectionNUFFT2,49,12,0.000579642
PrecorrectionNUFFT2,49,13,0.00056294
PrecorrectionNUFFT2,49,14,0.000560976
PrecorrectionNUFFT2,49,15,0.00057865
PrecorrectionNUFFT2,49,16,0.000609289
PrecorrectionNUFFT2,49,17,0.000568289
PrecorrectionNUFFT2,49,18,0.000574652
PrecorrectionNUFFT2,49,19,0.000570223
PrecorrectionNUFFT2,49,20,0.000564613
PrecorrectionNUFFT2,49,21,0.00058381
PrecorrectionNUFFT2,49,22,0.000573199
PrecorrectionNUFFT2,49,23,0.000556928
PrecorrectionNUFFT2,49,24,0.000582257
PrecorrectionNUFFT2,49,25,0.000562669
PrecorrectionNUFFT2,49,26,0.000562549
PrecorrectionNUFFT2,49,27,0.000571737
PrecorrectionNUFFT2,49,28,0.000567629
PrecorrectionNUFFT2,49,29,0.000576686
FFTNUFFT2,49,0,0.132910789
FFTNUFFT2,49,1,0.370022192
FFTNUFFT2,49,2,0.366887024
FFTNUFFT2,49,3,0.122141737
FFTNUFFT2,49,4,0.361195249
FFTNUFFT2,49,5,0.363353614
FFTNUFFT2,49,6,0.128718676
FFTNUFFT2,49,7,0.364603294
FFTNUFFT2,49,8,0.36257643
FFTNUFFT2,49,9,0.143480373
FFTNUFFT2,49,10,0.363424383
FFTNUFFT2,49,11,0.365535609
FFTNUFFT2,49,12,0.126749094
FFTNUFFT2,49,13,0.368165238
FFTNUFFT2,49,14,0.360989941
FFTNUFFT2,49,15,0.130927129
FFTNUFFT2,49,16,0.362399209
FFTNUFFT2,49,17,0.360652118
FFTNUFFT2,49,18,0.130545009
FFTNUFFT2,49,19,0.368584589
FFTNUFFT2,49,20,0.35604904
FFTNUFFT2,49,21,0.138057858
FFTNUFFT2,49,22,0.358376002
FFTNUFFT2,49,23,0.365866159
FFTNUFFT2,49,24,0.129492162
FFTNUFFT2,49,25,0.359953947
FFTNUFFT2,49,26,0.364029113
FFTNUFFT2,49,27,0.129794447
FFTNUFFT2,49,28,0.358481949
FFTNUFFT2,49,29,0.359373624
GatherNUFFT2,49,0,1.043155954
GatherNUFFT2,49,1,1.048707379
GatherNUFFT2,49,2,1.051935066
GatherNUFFT2,49,3,1.054885615
GatherNUFFT2,49,4,1.052129536
GatherNUFFT2,49,5,1.045872851
GatherNUFFT2,49,6,1.047677976
GatherNUFFT2,49,7,1.047293483
GatherNUFFT2,49,8,1.045193679
GatherNUFFT2,49,9,1.040387667
GatherNUFFT2,49,10,1.041899363
GatherNUFFT2,49,11,1.048434811
GatherNUFFT2,49,12,1.045080269
GatherNUFFT2,49,13,1.044906553
GatherNUFFT2,49,14,1.040421023
GatherNUFFT2,49,15,1.043370801
GatherNUFFT2,49,16,1.042680164
GatherNUFFT2,49,17,1.042433686
GatherNUFFT2,49,18,1.036022929
GatherNUFFT2,49,19,1.040176941
GatherNUFFT2,49,20,1.039265736
GatherNUFFT2,49,21,1.034689961
GatherNUFFT2,49,22,1.036259248
GatherNUFFT2,49,23,1.035372281
GatherNUFFT2,49,24,1.032230631
GatherNUFFT2,49,25,1.034065502
GatherNUFFT2,49,26,1.030410219
GatherNUFFT2,49,27,1.032277561
GatherNUFFT2,49,28,1.034766288
GatherNUFFT2,49,29,1.036698488
mainTimer,50,0,63.095026182
dumpData,50,0,0.105519479
dumpData,50,1,0.101757879
dumpData,50,2,0.100263517
dumpData,50,3,0.103071691
dumpData,50,4,0.10316393
dumpData,50,5,0.098140929
dumpData,50,6,0.094345204
dumpData,50,7,0.0985859
dumpData,50,8,0.100014675
dumpData,50,9,0.09908695
kick,50,0,0.001110799
kick,50,1,0.001138964
kick,50,2,0.001111651
kick,50,3,0.001143082
kick,50,4,0.001095189
kick,50,5,0.001148223
kick,50,6,0.001103816
kick,50,7,0.001156248
kick,50,8,0.001101121
kick,50,9,0.001152109
kick,50,10,0.00111107
kick,50,11,0.001151077
kick,50,12,0.001111761
kick,50,13,0.001147491
kick,50,14,0.001096863
kick,50,15,0.001141009
kick,50,16,0.001100811
kick,50,17,0.001146829
kick,50,18,0.001108796
kick,50,19,0.001152741
drift,50,0,0.001096652
drift,50,1,0.001108706
drift,50,2,0.001096522
drift,50,3,0.001091231
drift,50,4,0.001096282
drift,50,5,0.001095029
drift,50,6,0.001107032
drift,50,7,0.001095911
drift,50,8,0.001094268
drift,50,9,0.001094698
particleBC,50,0,0.003201596
particleBC,50,1,0.003210703
particleBC,50,2,0.003198159
particleBC,50,3,0.003210112
particleBC,50,4,0.003202878
particleBC,50,5,0.003185766
particleBC,50,6,0.003200554
particleBC,50,7,0.003189763
particleBC,50,8,0.003185796
particleBC,50,9,0.003198801
updateParticle,50,0,0.019990177
updateParticle,50,1,0.018626567
updateParticle,50,2,0.018865129
updateParticle,50,3,0.018574929
updateParticle,50,4,0.019107428
updateParticle,50,5,0.017450791
updateParticle,50,6,0.017516099
updateParticle,50,7,0.017372341
updateParticle,50,8,0.017410524
updateParticle,50,9,0.017337793
locateParticles,50,0,0.004350209
locateParticles,50,1,0.004571446
locateParticles,50,2,0.004354888
locateParticles,50,3,0.004339889
locateParticles,50,4,0.004347434
locateParticles,50,5,0.004356841
locateParticles,50,6,0.004352513
locateParticles,50,7,0.004342784
locateParticles,50,8,0.004373985
locateParticles,50,9,0.004369106
sendPreprocess,50,0,0.000944789
sendPreprocess,50,1,0.000682351
sendPreprocess,50,2,0.001140156
sendPreprocess,50,3,0.000893709
sendPreprocess,50,4,0.000897928
sendPreprocess,50,5,0.00091993
sendPreprocess,50,6,0.000917085
sendPreprocess,50,7,0.001008442
sendPreprocess,50,8,0.00097159
sendPreprocess,50,9,0.000979515
particleSend,50,0,0.001762391
particleSend,50,1,0.001747071
particleSend,50,2,0.001737422
particleSend,50,3,0.002721677
particleSend,50,4,0.00181342
particleSend,50,5,0.002654136
particleSend,50,6,0.001810473
particleSend,50,7,0.001758503
particleSend,50,8,0.001812478
particleSend,50,9,0.001760987
particleRecv,50,0,5.2392e-05
particleRecv,50,1,5.3934e-05
particleRecv,50,2,5.8593e-05
particleRecv,50,3,5.3363e-05
particleRecv,50,4,6.1209e-05
particleRecv,50,5,5.8102e-05
particleRecv,50,6,5.7842e-05
particleRecv,50,7,5.2041e-05
particleRecv,50,8,5.4356e-05
particleRecv,50,9,5.6239e-05
particleDestroy,50,0,0.00796237
particleDestroy,50,1,0.007989202
particleDestroy,50,2,0.007972549
particleDestroy,50,3,0.007934737
particleDestroy,50,4,0.007950146
particleDestroy,50,5,0.008000443
particleDestroy,50,6,0.008011064
particleDestroy,50,7,0.007970436
particleDestroy,50,8,0.007984752
particleDestroy,50,9,0.00798874
ScatterPIFNUFFT,50,0,2.052376776
ScatterPIFNUFFT,50,1,0.001240711
ScatterPIFNUFFT,50,2,2.049724263
ScatterPIFNUFFT,50,3,0.001244749
ScatterPIFNUFFT,50,4,2.057257273
ScatterPIFNUFFT,50,5,0.001244859
ScatterPIFNUFFT,50,6,2.044178679
ScatterPIFNUFFT,50,7,0.001234319
ScatterPIFNUFFT,50,8,2.042429045
ScatterPIFNUFFT,50,9,0.001239569
ScatterPIFNUFFT,50,10,2.055719476
ScatterPIFNUFFT,50,11,0.001239549
ScatterPIFNUFFT,50,12,2.049488016
ScatterPIFNUFFT,50,13,0.001241252
ScatterPIFNUFFT,50,14,2.054748526
ScatterPIFNUFFT,50,15,0.001242805
ScatterPIFNUFFT,50,16,2.050796789
ScatterPIFNUFFT,50,17,0.00123981
ScatterPIFNUFFT,50,18,2.046140447
ScatterPIFNUFFT,50,19,0.00124028
NativeNUFFT1,50,0,2.050465719
NativeNUFFT1,50,1,2.047823394
NativeNUFFT1,50,2,2.055345794
NativeNUFFT1,50,3,2.04226673
NativeNUFFT1,50,4,2.040536983
NativeNUFFT1,50,5,2.053802104
NativeNUFFT1,50,6,2.047568111
NativeNUFFT1,50,7,2.052841796
NativeNUFFT1,50,8,2.048876423
NativeNUFFT1,50,9,2.04411624
scatterTimerNUFFT1,50,0,1.913589507
scatterTimerNUFFT1,50,1,1.914983623
scatterTimerNUFFT1,50,2,1.915876623
scatterTimerNUFFT1,50,3,1.916554823
scatterTimerNUFFT1,50,4,1.914100063
scatterTimerNUFFT1,50,5,1.917273124
scatterTimerNUFFT1,50,6,1.916399825
scatterTimerNUFFT1,50,7,1.915756288
scatterTimerNUFFT1,50,8,1.916823907
scatterTimerNUFFT1,50,9,1.91646938
binSort,50,0,0.007406023
binSort,50,1,0.007372747
binSort,50,2,0.007385182
binSort,50,3,0.007419087
binSort,50,4,0.00739435
binSort,50,5,0.007364362
binSort,50,6,0.007378099
binSort,50,7,0.007393327
binSort,50,8,0.007396765
binSort,50,9,0.007408187
binComputeKeys,50,0,0.00056353
binComputeKeys,50,1,0.000554643
binComputeKeys,50,2,0.000566526
binComputeKeys,50,3,0.000561877
binComputeKeys,50,4,0.000567338
binComputeKeys,50,5,0.000558481
binComputeKeys,50,6,0.000563431
binComputeKeys,50,7,0.000564573
binComputeKeys,50,8,0.000557529
binComputeKeys,50,9,0.00056356
binSortByKey,50,0,0.006626334
binSortByKey,50,1,0.006600102
binSortByKey,50,2,0.006602427
binSortByKey,50,3,0.006639629
binSortByKey,50,4,0.006609572
binSortByKey,50,5,0.00658796
binSortByKey,50,6,0.006597768
binSortByKey,50,7,0.006612676
binSortByKey,50,8,0.006608449
binSortByKey,50,9,0.006628107
binComputeOffsets,50,0,0.000213103
binComputeOffsets,50,1,0.000214475
binComputeOffsets,50,2,0.000212601
binComputeOffsets,50,3,0.000213824
binComputeOffsets,50,4,0.000213473
binComputeOffsets,50,5,0.000214385
binComputeOffsets,50,6,0.000213353
binComputeOffsets,50,7,0.000212802
binComputeOffsets,50,8,0.000214705
binComputeOffsets,50,9,0.000213092
FFTNUFFT1,50,0,0.136564369
FFTNUFFT1,50,1,0.13252444
FFTNUFFT1,50,2,0.139157707
FFTNUFFT1,50,3,0.125397277
FFTNUFFT1,50,4,0.126126438
FFTNUFFT1,50,5,0.136214683
FFTNUFFT1,50,6,0.130854128
FFTNUFFT1,50,7,0.136767272
FFTNUFFT1,50,8,0.131737096
FFTNUFFT1,50,9,0.127328905
deconvolutionNUFFT1,50,0,0.000307254
deconvolutionNUFFT1,50,1,0.000311363
deconvolutionNUFFT1,50,2,0.000307214
deconvolutionNUFFT1,50,3,0.00031041
deconvolutionNUFFT1,50,4,0.000305932
deconvolutionNUFFT1,50,5,0.00030991
deconvolutionNUFFT1,50,6,0.00031
deconvolutionNUFFT1,50,7,0.000314218
deconvolutionNUFFT1,50,8,0.000310842
deconvolutionNUFFT1,50,9,0.000314208
GatherPIFNUFFT,50,0,4.155043158
GatherPIFNUFFT,50,1,4.150966718
GatherPIFNUFFT,50,2,4.144767671
GatherPIFNUFFT,50,3,4.151869585
GatherPIFNUFFT,50,4,4.141944708
GatherPIFNUFFT,50,5,4.130755413
GatherPIFNUFFT,50,6,4.124955978
GatherPIFNUFFT,50,7,4.109170691
GatherPIFNUFFT,50,8,4.100145074
GatherPIFNUFFT,50,9,4.102798388
NativeNUFFT2,50,0,1.318611054
NativeNUFFT2,50,1,1.411952715
NativeNUFFT2,50,2,1.414024144
NativeNUFFT2,50,3,1.312856327
NativeNUFFT2,50,4,1.416925039
NativeNUFFT2,50,5,1.410721401
NativeNUFFT2,50,6,1.314030239
NativeNUFFT2,50,7,1.408540212
NativeNUFFT2,50,8,1.411741535
NativeNUFFT2,50,9,1.320581877
NativeNUFFT2,50,10,1.412835655
NativeNUFFT2,50,11,1.407986249
NativeNUFFT2,50,12,1.319650255
NativeNUFFT2,50,13,1.409549274
NativeNUFFT2,50,14,1.402258834
NativeNUFFT2,50,15,1.303217433
NativeNUFFT2,50,16,1.408973349
NativeNUFFT2,50,17,1.408085951
NativeNUFFT2,50,18,1.312905332
NativeNUFFT2,50,19,1.398325382
NativeNUFFT2,50,20,1.403249482
NativeNUFFT2,50,21,1.300048791
NativeNUFFT2,50,22,1.394072572
NativeNUFFT2,50,23,1.404609674
NativeNUFFT2,50,24,1.302685565
NativeNUFFT2,50,25,1.391024523
NativeNUFFT2,50,26,1.395893596
NativeNUFFT2,50,27,1.299945291
NativeNUFFT2,50,28,1.398968838
NativeNUFFT2,50,29,1.393400873
PrecorrectionNUFFT2,50,0,0.000568019
PrecorrectionNUFFT2,50,1,0.000555064
PrecorrectionNUFFT2,50,2,0.000555335
PrecorrectionNUFFT2,50,3,0.000569182
PrecorrectionNUFFT2,50,4,0.000553311
PrecorrectionNUFFT2,50,5,0.000556147
PrecorrectionNUFFT2,50,6,0.000565956
PrecorrectionNUFFT2,50,7,0.000554773
PrecorrectionNUFFT2,50,8,0.000548742
PrecorrectionNUFFT2,50,9,0.000570254
PrecorrectionNUFFT2,50,10,0.000550606
PrecorrectionNUFFT2,50,11,0.000547049
PrecorrectionNUFFT2,50,12,0.00056824
PrecorrectionNUFFT2,50,13,0.000553431
PrecorrectionNUFFT2,50,14,0.000546007
PrecorrectionNUFFT2,50,15,0.000571325
PrecorrectionNUFFT2,50,16,0.000557579
PrecorrectionNUFFT2,50,17,0.000549804
PrecorrectionNUFFT2,50,18,0.000574632
PrecorrectionNUFFT2,50,19,0.00055318
PrecorrectionNUFFT2,50,20,0.00056839
PrecorrectionNUFFT2,50,21,0.000565805
PrecorrectionNUFFT2,50,22,0.000550937
PrecorrectionNUFFT2,50,23,0.000570544
PrecorrectionNUFFT2,50,24,0.00058933
PrecorrectionNUFFT2,50,25,0.000577177
PrecorrectionNUFFT2,50,26,0.000564542
PrecorrectionNUFFT2,50,27,0.000564833
PrecorrectionNUFFT2,50,28,0.000552309
PrecorrectionNUFFT2,50,29,0.000549324
FFTNUFFT2,50,0,0.126368477
FFTNUFFT2,50,1,0.225404598
FFTNUFFT2,50,2,0.227152181
FFTNUFFT2,50,3,0.132143061
FFTNUFFT2,50,4,0.227320797
FFTNUFFT2,50,5,0.22459939
FFTNUFFT2,50,6,0.124974911
FFTNUFFT2,50,7,0.225004604
FFTNUFFT2,50,8,0.228645478
FFTNUFFT2,50,9,0.138072026
FFTNUFFT2,50,10,0.228445904
FFTNUFFT2,50,11,0.224745823
FFTNUFFT2,50,12,0.130655202
FFTNUFFT2,50,13,0.224720304
FFTNUFFT2,50,14,0.223529098
FFTNUFFT2,50,15,0.133286415
FFTNUFFT2,50,16,0.228541459
FFTNUFFT2,50,17,0.22087924
FFTNUFFT2,50,18,0.137220038
FFTNUFFT2,50,19,0.223256681
FFTNUFFT2,50,20,0.225238547
FFTNUFFT2,50,21,0.124296157
FFTNUFFT2,50,22,0.222027102
FFTNUFFT2,50,23,0.22613381
FFTNUFFT2,50,24,0.133372041
FFTNUFFT2,50,25,0.220318034
FFTNUFFT2,50,26,0.226725695
FFTNUFFT2,50,27,0.131328696
FFTNUFFT2,50,28,0.225153382
FFTNUFFT2,50,29,0.2201401
GatherNUFFT2,50,0,1.191664168
GatherNUFFT2,50,1,1.185983624
GatherNUFFT2,50,2,1.18630673
GatherNUFFT2,50,3,1.180134375
GatherNUFFT2,50,4,1.189041844
GatherNUFFT2,50,5,1.185556527
GatherNUFFT2,50,6,1.188479654
GatherNUFFT2,50,7,1.182972248
GatherNUFFT2,50,8,1.182537486
GatherNUFFT2,50,9,1.18193039
GatherNUFFT2,50,10,1.183830188
GatherNUFFT2,50,11,1.182685192
GatherNUFFT2,50,12,1.188417866
GatherNUFFT2,50,13,1.184266753
GatherNUFFT2,50,14,1.178174993
GatherNUFFT2,50,15,1.169349122
GatherNUFFT2,50,16,1.179864462
GatherNUFFT2,50,17,1.186648341
GatherNUFFT2,50,18,1.175101815
GatherNUFFT2,50,19,1.174507546
GatherNUFFT2,50,20,1.17743406
GatherNUFFT2,50,21,1.175177993
GatherNUFFT2,50,22,1.171486298
GatherNUFFT2,50,23,1.177896854
GatherNUFFT2,50,24,1.168713292
GatherNUFFT2,50,25,1.170121677
GatherNUFFT2,50,26,1.168594722
GatherNUFFT2,50,27,1.168042574
GatherNUFFT2,50,28,1.173254479
GatherNUFFT2,50,29,1.17270115
mainTimer,51,0,63.095023766
dumpData,51,0,0.165979605
dumpData,51,1,0.166664442
dumpData,51,2,0.164841473
dumpData,51,3,0.167237269
dumpData,51,4,0.165603546
dumpData,51,5,0.165836207
dumpData,51,6,0.164635043
dumpData,51,7,0.164803248
dumpData,51,8,0.161831877
dumpData,51,9,0.164402071
kick,51,0,0.001055342
kick,51,1,0.001080992
kick,51,2,0.001031025
kick,51,3,0.001072796
kick,51,4,0.001029011
kick,51,5,0.001071844
kick,51,6,0.001041445
kick,51,7,0.001076122
kick,51,8,0.001036535
kick,51,9,0.001079059
kick,51,10,0.001037177
kick,51,11,0.001076083
kick,51,12,0.001051435
kick,51,13,0.001076133
kick,51,14,0.001037968
kick,51,15,0.001083156
kick,51,16,0.001033541
kick,51,17,0.001071183
kick,51,18,0.00103319
kick,51,19,0.001085631
drift,51,0,0.001051504
drift,51,1,0.001055493
drift,51,2,0.001065652
drift,51,3,0.00104923
drift,51,4,0.001055292
drift,51,5,0.00105432
drift,51,6,0.001053138
drift,51,7,0.001044852
drift,51,8,0.001053489
drift,51,9,0.001065652
particleBC,51,0,0.002998493
particleBC,51,1,0.003005035
particleBC,51,2,0.003016919
particleBC,51,3,0.003016177
particleBC,51,4,0.002998353
particleBC,51,5,0.003001129
particleBC,51,6,0.003008753
particleBC,51,7,0.003026757
particleBC,51,8,0.003012791
particleBC,51,9,0.003007621
updateParticle,51,0,0.020186977
updateParticle,51,1,0.018801586
updateParticle,51,2,0.018802728
updateParticle,51,3,0.018555821
updateParticle,51,4,0.019173285
updateParticle,51,5,0.017525396
updateParticle,51,6,0.017592376
updateParticle,51,7,0.017356871
updateParticle,51,8,0.017338344
updateParticle,51,9,0.017303657
locateParticles,51,0,0.004151926
locateParticles,51,1,0.004152676
locateParticles,51,2,0.004147025
locateParticles,51,3,0.004154461
locateParticles,51,4,0.004170101
locateParticles,51,5,0.004151754
locateParticles,51,6,0.004130424
locateParticles,51,7,0.004155131
locateParticles,51,8,0.004155072
locateParticles,51,9,0.004166323
sendPreprocess,51,0,0.001448714
sendPreprocess,51,1,0.001442371
sendPreprocess,51,2,0.001629614
sendPreprocess,51,3,0.001378929
sendPreprocess,51,4,0.001386834
sendPreprocess,51,5,0.001425158
sendPreprocess,51,6,0.001444686
sendPreprocess,51,7,0.001467741
sendPreprocess,51,8,0.001470896
sendPreprocess,51,9,0.001483992
particleSend,51,0,0.001587462
particleSend,51,1,0.001587722
particleSend,51,2,0.00159686
particleSend,51,3,0.001590799
particleSend,51,4,0.001641096
particleSend,51,5,0.00159709
particleSend,51,6,0.001609024
particleSend,51,7,0.002492073
particleSend,51,8,0.001579497
particleSend,51,9,0.001603282
particleRecv,51,0,5.4966e-05
particleRecv,51,1,5.0618e-05
particleRecv,51,2,4.9435e-05
particleRecv,51,3,4.9777e-05
particleRecv,51,4,5.2571e-05
particleRecv,51,5,5.689e-05
particleRecv,51,6,5.7862e-05
particleRecv,51,7,6.5386e-05
particleRecv,51,8,5.0538e-05
particleRecv,51,9,5.172e-05
particleDestroy,51,0,0.007593687
particleDestroy,51,1,0.007612031
particleDestroy,51,2,0.007604037
particleDestroy,51,3,0.007618635
particleDestroy,51,4,0.007614807
particleDestroy,51,5,0.007605118
particleDestroy,51,6,0.007609477
particleDestroy,51,7,0.007571824
particleDestroy,51,8,0.00759105
particleDestroy,51,9,0.007572304
ScatterPIFNUFFT,51,0,2.048629806
ScatterPIFNUFFT,51,1,0.001258736
ScatterPIFNUFFT,51,2,2.054075995
ScatterPIFNUFFT,51,3,0.001257153
ScatterPIFNUFFT,51,4,2.053175023
ScatterPIFNUFFT,51,5,0.001266722
ScatterPIFNUFFT,51,6,2.050455727
ScatterPIFNUFFT,51,7,0.001254598
ScatterPIFNUFFT,51,8,2.048341486
ScatterPIFNUFFT,51,9,0.001262243
ScatterPIFNUFFT,51,10,2.051334429
ScatterPIFNUFFT,51,11,0.00126067
ScatterPIFNUFFT,51,12,2.053713022
ScatterPIFNUFFT,51,13,0.001261091
ScatterPIFNUFFT,51,14,2.04593547
ScatterPIFNUFFT,51,15,0.001262493
ScatterPIFNUFFT,51,16,2.055303781
ScatterPIFNUFFT,51,17,0.001263846
ScatterPIFNUFFT,51,18,2.05069911
ScatterPIFNUFFT,51,19,0.001262333
NativeNUFFT1,51,0,2.046820594
NativeNUFFT1,51,1,2.052262015
NativeNUFFT1,51,2,2.051339801
NativeNUFFT1,51,3,2.04863796
NativeNUFFT1,51,4,2.046503941
NativeNUFFT1,51,5,2.04948989
NativeNUFFT1,51,6,2.051884083
NativeNUFFT1,51,7,2.044094387
NativeNUFFT1,51,8,2.053462427
NativeNUFFT1,51,9,2.048866894
scatterTimerNUFFT1,51,0,1.91269758
scatterTimerNUFFT1,51,1,1.914453748
scatterTimerNUFFT1,51,2,1.916576638
scatterTimerNUFFT1,51,3,1.915258735
scatterTimerNUFFT1,51,4,1.912762836
scatterTimerNUFFT1,51,5,1.9159064
scatterTimerNUFFT1,51,6,1.915031757
scatterTimerNUFFT1,51,7,1.914825297
scatterTimerNUFFT1,51,8,1.915582203
scatterTimerNUFFT1,51,9,1.915364972
binSort,51,0,0.007571824
binSort,51,1,0.007002231
binSort,51,2,0.006903901
binSort,51,3,0.006987222
binSort,51,4,0.006926485
binSort,51,5,0.006910104
binSort,51,6,0.00695526
binSort,51,7,0.0069401
binSort,51,8,0.006926224
binSort,51,9,0.006906146
binComputeKeys,51,0,0.000537921
binComputeKeys,51,1,0.00053178
binComputeKeys,51,2,0.000540055
binComputeKeys,51,3,0.000533893
binComputeKeys,51,4,0.000539474
binComputeKeys,51,5,0.000538042
binComputeKeys,51,6,0.000535136
binComputeKeys,51,7,0.000530316
binComputeKeys,51,8,0.000536689
binComputeKeys,51,9,0.000536107
binSortByKey,51,0,0.006826111
binSortByKey,51,1,0.006263501
binSortByKey,51,2,0.006156134
binSortByKey,51,3,0.006245847
binSortByKey,51,4,0.006179218
binSortByKey,51,5,0.00616425
binSortByKey,51,6,0.006213164
binSortByKey,51,7,0.006203595
binSortByKey,51,8,0.006180011
binSortByKey,51,9,0.006163839
binComputeOffsets,51,0,0.000205007
binComputeOffsets,51,1,0.000203814
binComputeOffsets,51,2,0.000204516
binComputeOffsets,51,3,0.000203604
binComputeOffsets,51,4,0.000204275
binComputeOffsets,51,5,0.000203805
binComputeOffsets,51,6,0.000203755
binComputeOffsets,51,7,0.000202943
binComputeOffsets,51,8,0.000204976
binComputeOffsets,51,9,0.000203303
FFTNUFFT1,51,0,0.133815089
FFTNUFFT1,51,1,0.137498598
FFTNUFFT1,51,2,0.134450027
FFTNUFFT1,51,3,0.133063274
FFTNUFFT1,51,4,0.133419944
FFTNUFFT1,51,5,0.133270344
FFTNUFFT1,51,6,0.13654479
FFTNUFFT1,51,7,0.12895879
FFTNUFFT1,51,8,0.13754669
FFTNUFFT1,51,9,0.133187944
deconvolutionNUFFT1,51,0,0.000304459
deconvolutionNUFFT1,51,1,0.000306343
deconvolutionNUFFT1,51,2,0.00030982
deconvolutionNUFFT1,51,3,0.000312194
deconvolutionNUFFT1,51,4,0.000316733
deconvolutionNUFFT1,51,5,0.000309779
deconvolutionNUFFT1,51,6,0.000304049
deconvolutionNUFFT1,51,7,0.000306783
deconvolutionNUFFT1,51,8,0.000329438
deconvolutionNUFFT1,51,9,0.00031034
GatherPIFNUFFT,51,0,4.098497156
GatherPIFNUFFT,51,1,4.081961183
GatherPIFNUFFT,51,2,4.084702077
GatherPIFNUFFT,51,3,4.08178897
GatherPIFNUFFT,51,4,4.074106594
GatherPIFNUFFT,51,5,4.067732316
GatherPIFNUFFT,51,6,4.050721606
GatherPIFNUFFT,51,7,4.052098411
GatherPIFNUFFT,51,8,4.034256672
GatherPIFNUFFT,51,9,4.033345298
NativeNUFFT2,51,0,1.255044215
NativeNUFFT2,51,1,1.416413889
NativeNUFFT2,51,2,1.416891905
NativeNUFFT2,51,3,1.247176239
NativeNUFFT2,51,4,1.414723861
NativeNUFFT2,51,5,1.409950728
NativeNUFFT2,51,6,1.251297815
NativeNUFFT2,51,7,1.411599492
NativeNUFFT2,51,8,1.411634999
NativeNUFFT2,51,9,1.252563174
NativeNUFFT2,51,10,1.411139312
NativeNUFFT2,51,11,1.408077766
NativeNUFFT2,51,12,1.246011205
NativeNUFFT2,51,13,1.411798407
NativeNUFFT2,51,14,1.406208849
NativeNUFFT2,51,15,1.24667041
NativeNUFFT2,51,16,1.40442676
NativeNUFFT2,51,17,1.406490123
NativeNUFFT2,51,18,1.240096838
NativeNUFFT2,51,19,1.405767065
NativeNUFFT2,51,20,1.394703342
NativeNUFFT2,51,21,1.245997116
NativeNUFFT2,51,22,1.395209672
NativeNUFFT2,51,23,1.400734115
NativeNUFFT2,51,24,1.234943696
NativeNUFFT2,51,25,1.395171278
NativeNUFFT2,51,26,1.393958161
NativeNUFFT2,51,27,1.234092076
NativeNUFFT2,51,28,1.39570476
NativeNUFFT2,51,29,1.39341559
PrecorrectionNUFFT2,51,0,0.000576535
PrecorrectionNUFFT2,51,1,0.000559773
PrecorrectionNUFFT2,51,2,0.000572137
PrecorrectionNUFFT2,51,3,0.000562979
PrecorrectionNUFFT2,51,4,0.000545515
PrecorrectionNUFFT2,51,5,0.000550716
PrecorrectionNUFFT2,51,6,0.000581335
PrecorrectionNUFFT2,51,7,0.000570684
PrecorrectionNUFFT2,51,8,0.000575484
PrecorrectionNUFFT2,51,9,0.000551347
PrecorrectionNUFFT2,51,10,0.000555565
PrecorrectionNUFFT2,51,11,0.000553912
PrecorrectionNUFFT2,51,12,0.00055809
PrecorrectionNUFFT2,51,13,0.000546608
PrecorrectionNUFFT2,51,14,0.000546899
PrecorrectionNUFFT2,51,15,0.000568801
PrecorrectionNUFFT2,51,16,0.000567308
PrecorrectionNUFFT2,51,17,0.000575484
PrecorrectionNUFFT2,51,18,0.000581786
PrecorrectionNUFFT2,51,19,0.000565394
PrecorrectionNUFFT2,51,20,0.000662361
PrecorrectionNUFFT2,51,21,0.000583169
PrecorrectionNUFFT2,51,22,0.000565664
PrecorrectionNUFFT2,51,23,0.000563561
PrecorrectionNUFFT2,51,24,0.000569182
PrecorrectionNUFFT2,51,25,0.000558971
PrecorrectionNUFFT2,51,26,0.000569271
PrecorrectionNUFFT2,51,27,0.000575033
PrecorrectionNUFFT2,51,28,0.000566155
PrecorrectionNUFFT2,51,29,0.00056316
FFTNUFFT2,51,0,0.134217146
FFTNUFFT2,51,1,0.293037245
FFTNUFFT2,51,2,0.294453617
FFTNUFFT2,51,3,0.128735096
FFTNUFFT2,51,4,0.292088649
FFTNUFFT2,51,5,0.287658275
FFTNUFFT2,51,6,0.129537671
FFTNUFFT2,51,7,0.291405978
FFTNUFFT2,51,8,0.29115473
FFTNUFFT2,51,9,0.13822374
FFTNUFFT2,51,10,0.29184071
FFTNUFFT2,51,11,0.293284594
FFTNUFFT2,51,12,0.131066749
FFTNUFFT2,51,13,0.296006812
FFTNUFFT2,51,14,0.290969965
FFTNUFFT2,51,15,0.133233381
FFTNUFFT2,51,16,0.291440705
FFTNUFFT2,51,17,0.292573978
FFTNUFFT2,51,18,0.128992225
FFTNUFFT2,51,19,0.29534933
FFTNUFFT2,51,20,0.28650332
FFTNUFFT2,51,21,0.139395016
FFTNUFFT2,51,22,0.284674842
FFTNUFFT2,51,23,0.294317814
FFTNUFFT2,51,24,0.13300518
FFTNUFFT2,51,25,0.285067702
FFTNUFFT2,51,26,0.286317731
FFTNUFFT2,51,27,0.133127347
FFTNUFFT2,51,28,0.288435841
FFTNUFFT2,51,29,0.2864465
GatherNUFFT2,51,0,1.120243039
GatherNUFFT2,51,1,1.122809356
GatherNUFFT2,51,2,1.121858526
GatherNUFFT2,51,3,1.117870859
GatherNUFFT2,51,4,1.122082132
GatherNUFFT2,51,5,1.121734032
GatherNUFFT2,51,6,1.121171555
GatherNUFFT2,51,7,1.119616256
GatherNUFFT2,51,8,1.119897591
GatherNUFFT2,51,9,1.113781473
GatherNUFFT2,51,10,1.118736603
GatherNUFFT2,51,11,1.114232217
GatherNUFFT2,51,12,1.11437893
GatherNUFFT2,51,13,1.115237463
GatherNUFFT2,51,14,1.114685413
GatherNUFFT2,51,15,1.112860202
GatherNUFFT2,51,16,1.112411163
GatherNUFFT2,51,17,1.113332706
GatherNUFFT2,51,18,1.110515623
GatherNUFFT2,51,19,1.109844595
GatherNUFFT2,51,20,1.107530948
GatherNUFFT2,51,21,1.106012039
GatherNUFFT2,51,22,1.109961
GatherNUFFT2,51,23,1.105845446
GatherNUFFT2,51,24,1.10136222
GatherNUFFT2,51,25,1.109538181
GatherNUFFT2,51,26,1.107064736
GatherNUFFT2,51,27,1.100381791
GatherNUFFT2,51,28,1.1066959
GatherNUFFT2,51,29,1.106399388
mainTimer,52,0,63.095024007
dumpData,52,0,0.097084094
dumpData,52,1,0.109020976
dumpData,52,2,0.093130103
dumpData,52,3,0.093910863
dumpData,52,4,0.095685267
dumpData,52,5,0.094718426
dumpData,52,6,0.094392956
dumpData,52,7,0.094852785
dumpData,52,8,0.091231176
dumpData,52,9,0.094526605
kick,52,0,0.001089238
kick,52,1,0.001128514
kick,52,2,0.001098877
kick,52,3,0.001132562
kick,52,4,0.001082625
kick,52,5,0.001130027
kick,52,6,0.001092123
kick,52,7,0.00113684
kick,52,8,0.00109083
kick,52,9,0.001123505
kick,52,10,0.001094258
kick,52,11,0.001109707
kick,52,12,0.001089238
kick,52,13,0.001113013
kick,52,14,0.001086112
kick,52,15,0.001135408
kick,52,16,0.00109557
kick,52,17,0.001117673
kick,52,18,0.001088838
kick,52,19,0.001114587
drift,52,0,0.001078877
drift,52,1,0.001073167
drift,52,2,0.001078096
drift,52,3,0.001084589
drift,52,4,0.001092925
drift,52,5,0.001071103
drift,52,6,0.001077004
drift,52,7,0.001092946
drift,52,8,0.001082094
drift,52,9,0.001089218
particleBC,52,0,0.003173081
particleBC,52,1,0.003170937
particleBC,52,2,0.003171949
particleBC,52,3,0.003172489
particleBC,52,4,0.003194121
particleBC,52,5,0.003158182
particleBC,52,6,0.003191426
particleBC,52,7,0.003195584
particleBC,52,8,0.003280389
particleBC,52,9,0.003161598
updateParticle,52,0,0.020077245
updateParticle,52,1,0.018744586
updateParticle,52,2,0.018898844
updateParticle,52,3,0.018811196
updateParticle,52,4,0.019082731
updateParticle,52,5,0.017318956
updateParticle,52,6,0.017448478
updateParticle,52,7,0.017305751
updateParticle,52,8,0.017184125
updateParticle,52,9,0.017316672
locateParticles,52,0,0.004441215
locateParticles,52,1,0.004362592
locateParticles,52,2,0.004418631
locateParticles,52,3,0.004415896
locateParticles,52,4,0.004468909
locateParticles,52,5,0.004426195
locateParticles,52,6,0.00439726
locateParticles,52,7,0.004400106
locateParticles,52,8,0.004444923
locateParticles,52,9,0.004431596
sendPreprocess,52,0,0.000924289
sendPreprocess,52,1,0.000983093
sendPreprocess,52,2,0.001136179
sendPreprocess,52,3,0.000876276
sendPreprocess,52,4,0.000801562
sendPreprocess,52,5,0.000915822
sendPreprocess,52,6,0.000933227
sendPreprocess,52,7,0.000959417
sendPreprocess,52,8,0.000822933
sendPreprocess,52,9,0.000980438
particleSend,52,0,0.002775862
particleSend,52,1,0.001788962
particleSend,52,2,0.001802709
particleSend,52,3,0.002733601
particleSend,52,4,0.001723475
particleSend,52,5,0.00179813
particleSend,52,6,0.001745338
particleSend,52,7,0.00173662
particleSend,52,8,0.001765336
particleSend,52,9,0.001735819
particleRecv,52,0,4.8123e-05
particleRecv,52,1,5.0908e-05
particleRecv,52,2,5.1279e-05
particleRecv,52,3,5.652e-05
particleRecv,52,4,5.5167e-05
particleRecv,52,5,6.6239e-05
particleRecv,52,6,5.167e-05
particleRecv,52,7,5.173e-05
particleRecv,52,8,5.4675e-05
particleRecv,52,9,5.165e-05
particleDestroy,52,0,0.008196853
particleDestroy,52,1,0.008263873
particleDestroy,52,2,0.008058696
particleDestroy,52,3,0.008300403
particleDestroy,52,4,0.008423462
particleDestroy,52,5,0.008417771
particleDestroy,52,6,0.008482587
particleDestroy,52,7,0.008405407
particleDestroy,52,8,0.008495982
particleDestroy,52,9,0.008116046
ScatterPIFNUFFT,52,0,2.046991946
ScatterPIFNUFFT,52,1,0.001270098
ScatterPIFNUFFT,52,2,2.046414648
ScatterPIFNUFFT,52,3,0.00126078
ScatterPIFNUFFT,52,4,2.05001137
ScatterPIFNUFFT,52,5,0.001261492
ScatterPIFNUFFT,52,6,2.040222123
ScatterPIFNUFFT,52,7,0.001263796
ScatterPIFNUFFT,52,8,2.045430594
ScatterPIFNUFFT,52,9,0.001264577
ScatterPIFNUFFT,52,10,2.049032514
ScatterPIFNUFFT,52,11,0.00126565
ScatterPIFNUFFT,52,12,2.0470979
ScatterPIFNUFFT,52,13,0.001258295
ScatterPIFNUFFT,52,14,2.053539386
ScatterPIFNUFFT,52,15,0.001259427
ScatterPIFNUFFT,52,16,2.044882353
ScatterPIFNUFFT,52,17,0.001256311
ScatterPIFNUFFT,52,18,2.043440613
ScatterPIFNUFFT,52,19,0.001258636
NativeNUFFT1,52,0,2.045096839
NativeNUFFT1,52,1,2.044533186
NativeNUFFT1,52,2,2.048128967
NativeNUFFT1,52,3,2.038342315
NativeNUFFT1,52,4,2.043545986
NativeNUFFT1,52,5,2.047080707
NativeNUFFT1,52,6,2.045205388
NativeNUFFT1,52,7,2.051632546
NativeNUFFT1,52,8,2.042996363
NativeNUFFT1,52,9,2.041318797
scatterTimerNUFFT1,52,0,1.913323893
scatterTimerNUFFT1,52,1,1.914666078
scatterTimerNUFFT1,52,2,1.916821682
scatterTimerNUFFT1,52,3,1.915596739
scatterTimerNUFFT1,52,4,1.913656906
scatterTimerNUFFT1,52,5,1.917009083
scatterTimerNUFFT1,52,6,1.916187664
scatterTimerNUFFT1,52,7,1.915466618
scatterTimerNUFFT1,52,8,1.916680759
scatterTimerNUFFT1,52,9,1.916078293
binSort,52,0,0.007403588
binSort,52,1,0.007261773
binSort,52,2,0.007266462
binSort,52,3,0.007291491
binSort,52,4,0.007303054
binSort,52,5,0.007281843
binSort,52,6,0.007273626
binSort,52,7,0.007262033
binSort,52,8,0.007255832
binSort,52,9,0.007315678
binComputeKeys,52,0,0.000532079
binComputeKeys,52,1,0.000531168
binComputeKeys,52,2,0.000531629
binComputeKeys,52,3,0.000530206
binComputeKeys,52,4,0.000531037
binComputeKeys,52,5,0.000529766
binComputeKeys,52,6,0.000529133
binComputeKeys,52,7,0.000529916
binComputeKeys,52,8,0.000530677
binComputeKeys,52,9,0.000534464
binSortByKey,52,0,0.006656322
binSortByKey,52,1,0.006515749
binSortByKey,52,2,0.006519807
binSortByKey,52,3,0.006547641
binSortByKey,52,4,0.006555527
binSortByKey,52,5,0.006536189
binSortByKey,52,6,0.006530198
binSortByKey,52,7,0.006514958
binSortByKey,52,8,0.006508696
binSortByKey,52,9,0.006565767
binComputeOffsets,52,0,0.000212321
binComputeOffsets,52,1,0.00021175
binComputeOffsets,52,2,0.00021186
binComputeOffsets,52,3,0.000210637
binComputeOffsets,52,4,0.000212892
binComputeOffsets,52,5,0.000212251
binComputeOffsets,52,6,0.000210688
binComputeOffsets,52,7,0.000213624
binComputeOffsets,52,8,0.000211469
binComputeOffsets,52,9,0.000212111
FFTNUFFT1,52,0,0.131460492
FFTNUFFT1,52,1,0.129559132
FFTNUFFT1,52,2,0.130987296
FFTNUFFT1,52,3,0.122435295
FFTNUFFT1,52,4,0.129574241
FFTNUFFT1,52,5,0.129760361
FFTNUFFT1,52,6,0.128707163
FFTNUFFT1,52,7,0.135851369
FFTNUFFT1,52,8,0.12600387
FFTNUFFT1,52,9,0.124921356
deconvolutionNUFFT1,52,0,0.000308848
deconvolutionNUFFT1,52,1,0.000304439
deconvolutionNUFFT1,52,2,0.000316242
deconvolutionNUFFT1,52,3,0.000306303
deconvolutionNUFFT1,52,4,0.00031045
deconvolutionNUFFT1,52,5,0.000307294
deconvolutionNUFFT1,52,6,0.000306824
deconvolutionNUFFT1,52,7,0.000310892
deconvolutionNUFFT1,52,8,0.000306914
deconvolutionNUFFT1,52,9,0.00031533
GatherPIFNUFFT,52,0,4.168851129
GatherPIFNUFFT,52,1,4.146984862
GatherPIFNUFFT,52,2,4.159170512
GatherPIFNUFFT,52,3,4.164801592
GatherPIFNUFFT,52,4,4.146672838
GatherPIFNUFFT,52,5,4.141059955
GatherPIFNUFFT,52,6,4.127443433
GatherPIFNUFFT,52,7,4.114170647
GatherPIFNUFFT,52,8,4.115005434
GatherPIFNUFFT,52,9,4.110165596
NativeNUFFT2,52,0,1.327040758
NativeNUFFT2,52,1,1.402272551
NativeNUFFT2,52,2,1.429087426
NativeNUFFT2,52,3,1.319887845
NativeNUFFT2,52,4,1.42032578
NativeNUFFT2,52,5,1.396263581
NativeNUFFT2,52,6,1.32746083
NativeNUFFT2,52,7,1.395612112
NativeNUFFT2,52,8,1.425607048
NativeNUFFT2,52,9,1.332868045
NativeNUFFT2,52,10,1.396388374
NativeNUFFT2,52,11,1.425085651
NativeNUFFT2,52,12,1.307050621
NativeNUFFT2,52,13,1.421832766
NativeNUFFT2,52,14,1.407306193
NativeNUFFT2,52,15,1.303298319
NativeNUFFT2,52,16,1.417438922
NativeNUFFT2,52,17,1.409745873
NativeNUFFT2,52,18,1.319518479
NativeNUFFT2,52,19,1.403440753
NativeNUFFT2,52,20,1.393983971
NativeNUFFT2,52,21,1.305208938
NativeNUFFT2,52,22,1.400115718
NativeNUFFT2,52,23,1.398302399
NativeNUFFT2,52,24,1.302047219
NativeNUFFT2,52,25,1.406343909
NativeNUFFT2,52,26,1.396088785
NativeNUFFT2,52,27,1.309717163
NativeNUFFT2,52,28,1.39313701
NativeNUFFT2,52,29,1.396795803
PrecorrectionNUFFT2,52,0,0.000554383
PrecorrectionNUFFT2,52,1,0.000551227
PrecorrectionNUFFT2,52,2,0.00055305
PrecorrectionNUFFT2,52,3,0.000553952
PrecorrectionNUFFT2,52,4,0.000553
PrecorrectionNUFFT2,52,5,0.000546758
PrecorrectionNUFFT2,52,6,0.000558541
PrecorrectionNUFFT2,52,7,0.000551467
PrecorrectionNUFFT2,52,8,0.000554183
PrecorrectionNUFFT2,52,9,0.000561005
PrecorrectionNUFFT2,52,10,0.000544934
PrecorrectionNUFFT2,52,11,0.00055294
PrecorrectionNUFFT2,52,12,0.000557388
PrecorrectionNUFFT2,52,13,0.000548902
PrecorrectionNUFFT2,52,14,0.00054763
PrecorrectionNUFFT2,52,15,0.000580133
PrecorrectionNUFFT2,52,16,0.000577207
PrecorrectionNUFFT2,52,17,0.000561396
PrecorrectionNUFFT2,52,18,0.000559042
PrecorrectionNUFFT2,52,19,0.000545947
PrecorrectionNUFFT2,52,20,0.000547139
PrecorrectionNUFFT2,52,21,0.000570584
PrecorrectionNUFFT2,52,22,0.000566006
PrecorrectionNUFFT2,52,23,0.000563029
PrecorrectionNUFFT2,52,24,0.000555856
PrecorrectionNUFFT2,52,25,0.000550255
PrecorrectionNUFFT2,52,26,0.000551848
PrecorrectionNUFFT2,52,27,0.00055272
PrecorrectionNUFFT2,52,28,0.000557659
PrecorrectionNUFFT2,52,29,0.000547509
FFTNUFFT2,52,0,0.136508811
FFTNUFFT2,52,1,0.222039866
FFTNUFFT2,52,2,0.232754322
FFTNUFFT2,52,3,0.13621939
FFTNUFFT2,52,4,0.218738347
FFTNUFFT2,52,5,0.219498708
FFTNUFFT2,52,6,0.131979296
FFTNUFFT2,52,7,0.218454106
FFTNUFFT2,52,8,0.236281395
FFTNUFFT2,52,9,0.14610384
FFTNUFFT2,52,10,0.22123568
FFTNUFFT2,52,11,0.226470782
FFTNUFFT2,52,12,0.125309177
FFTNUFFT2,52,13,0.228461334
FFTNUFFT2,52,14,0.221053497
FFTNUFFT2,52,15,0.133871606
FFTNUFFT2,52,16,0.237727036
FFTNUFFT2,52,17,0.219454694
FFTNUFFT2,52,18,0.134624383
FFTNUFFT2,52,19,0.22221266
FFTNUFFT2,52,20,0.218189935
FFTNUFFT2,52,21,0.121511707
FFTNUFFT2,52,22,0.219659911
FFTNUFFT2,52,23,0.216745771
FFTNUFFT2,52,24,0.139558454
FFTNUFFT2,52,25,0.2288471
FFTNUFFT2,52,26,0.218122536
FFTNUFFT2,52,27,0.130680141
FFTNUFFT2,52,28,0.21954613
FFTNUFFT2,52,29,0.220730813
GatherNUFFT2,52,0,1.189969398
GatherNUFFT2,52,1,1.179673924
GatherNUFFT2,52,2,1.195771667
GatherNUFFT2,52,3,1.18310286
GatherNUFFT2,52,4,1.201024834
GatherNUFFT2,52,5,1.176210209
GatherNUFFT2,52,6,1.194691986
GatherNUFFT2,52,7,1.176599385
GatherNUFFT2,52,8,1.188762292
GatherNUFFT2,52,9,1.186195564
GatherNUFFT2,52,10,1.174600105
GatherNUFFT2,52,11,1.198054124
GatherNUFFT2,52,12,1.181175029
GatherNUFFT2,52,13,1.192814515
GatherNUFFT2,52,14,1.18569708
GatherNUFFT2,52,15,1.168837753
GatherNUFFT2,52,16,1.1791244
GatherNUFFT2,52,17,1.189720025
GatherNUFFT2,52,18,1.184327098
GatherNUFFT2,52,19,1.180673117
GatherNUFFT2,52,20,1.175236486
GatherNUFFT2,52,21,1.183117899
GatherNUFFT2,52,22,1.179881636
GatherNUFFT2,52,23,1.180985141
GatherNUFFT2,52,24,1.161921789
GatherNUFFT2,52,25,1.176938679
GatherNUFFT2,52,26,1.177407047
GatherNUFFT2,52,27,1.178474082
GatherNUFFT2,52,28,1.173024635
GatherNUFFT2,52,29,1.175509614
mainTimer,53,0,63.095019868
dumpData,53,0,0.158755635
dumpData,53,1,0.158946135
dumpData,53,2,0.156145825
dumpData,53,3,0.157444317
dumpData,53,4,0.1566087
dumpData,53,5,0.157301019
dumpData,53,6,0.151164163
dumpData,53,7,0.154986952
dumpData,53,8,0.151000546
dumpData,53,9,0.156013046
kick,53,0,0.001030915
kick,53,1,0.001076754
kick,53,2,0.001030926
kick,53,3,0.00106472
kick,53,4,0.001020505
kick,53,5,0.001055903
kick,53,6,0.001019052
kick,53,7,0.001071765
kick,53,8,0.001018972
kick,53,9,0.001065092
kick,53,10,0.001025835
kick,53,11,0.001058929
kick,53,12,0.001032187
kick,53,13,0.001057256
kick,53,14,0.001031266
kick,53,15,0.001056203
kick,53,16,0.001022629
kick,53,17,0.001057566
kick,53,18,0.001021216
kick,53,19,0.001058318
drift,53,0,0.001019573
drift,53,1,0.001008111
drift,53,2,0.001012519
drift,53,3,0.0010025
drift,53,4,0.001020194
drift,53,5,0.001005335
drift,53,6,0.001001508
drift,53,7,0.001003702
drift,53,8,0.001008742
drift,53,9,0.000999043
particleBC,53,0,0.003003923
particleBC,53,1,0.003018392
particleBC,53,2,0.002974356
particleBC,53,3,0.002992881
particleBC,53,4,0.002987282
particleBC,53,5,0.003000717
particleBC,53,6,0.003010877
particleBC,53,7,0.002980678
particleBC,53,8,0.002991038
particleBC,53,9,0.003000978
updateParticle,53,0,0.020160997
updateParticle,53,1,0.018893945
updateParticle,53,2,0.018676955
updateParticle,53,3,0.01882888
updateParticle,53,4,0.019181271
updateParticle,53,5,0.017282837
updateParticle,53,6,0.017751244
updateParticle,53,7,0.017395014
updateParticle,53,8,0.017410263
updateParticle,53,9,0.017422216
locateParticles,53,0,0.004202764
locateParticles,53,1,0.004181863
locateParticles,53,2,0.004213634
locateParticles,53,3,0.004193215
locateParticles,53,4,0.004166353
locateParticles,53,5,0.004187413
locateParticles,53,6,0.004188145
locateParticles,53,7,0.004197032
locateParticles,53,8,0.004189257
locateParticles,53,9,0.004202873
sendPreprocess,53,0,0.00144691
sendPreprocess,53,1,0.001448954
sendPreprocess,53,2,0.001665002
sendPreprocess,53,3,0.001430649
sendPreprocess,53,4,0.001453102
sendPreprocess,53,5,0.001450657
sendPreprocess,53,6,0.00145696
sendPreprocess,53,7,0.001520753
sendPreprocess,53,8,0.001512567
sendPreprocess,53,9,0.001530112
particleSend,53,0,0.002623547
particleSend,53,1,0.002549193
particleSend,53,2,0.001701082
particleSend,53,3,0.001595658
particleSend,53,4,0.002565235
particleSend,53,5,0.00166389
particleSend,53,6,0.002504917
particleSend,53,7,0.001584336
particleSend,53,8,0.001634975
particleSend,53,9,0.001582693
particleRecv,53,0,5.1319e-05
particleRecv,53,1,4.6239e-05
particleRecv,53,2,5.0087e-05
particleRecv,53,3,5.4595e-05
particleRecv,53,4,5.0838e-05
particleRecv,53,5,4.9666e-05
particleRecv,53,6,5.2061e-05
particleRecv,53,7,4.9956e-05
particleRecv,53,8,5.3935e-05
particleRecv,53,9,5.203e-05
particleDestroy,53,0,0.007682458
particleDestroy,53,1,0.007680474
particleDestroy,53,2,0.007670505
particleDestroy,53,3,0.007689041
particleDestroy,53,4,0.00762702
particleDestroy,53,5,0.007691174
particleDestroy,53,6,0.007684743
particleDestroy,53,7,0.007635527
particleDestroy,53,8,0.007679932
particleDestroy,53,9,0.007677518
ScatterPIFNUFFT,53,0,2.044163391
ScatterPIFNUFFT,53,1,0.001270218
ScatterPIFNUFFT,53,2,2.051675059
ScatterPIFNUFFT,53,3,0.001254968
ScatterPIFNUFFT,53,4,2.056613778
ScatterPIFNUFFT,53,5,0.00126626
ScatterPIFNUFFT,53,6,2.04670032
ScatterPIFNUFFT,53,7,0.001264688
ScatterPIFNUFFT,53,8,2.04982108
ScatterPIFNUFFT,53,9,0.001263825
ScatterPIFNUFFT,53,10,2.053480763
ScatterPIFNUFFT,53,11,0.001259297
ScatterPIFNUFFT,53,12,2.047762687
ScatterPIFNUFFT,53,13,0.001254538
ScatterPIFNUFFT,53,14,2.048915267
ScatterPIFNUFFT,53,15,0.001263425
ScatterPIFNUFFT,53,16,2.051438892
ScatterPIFNUFFT,53,17,0.001264567
ScatterPIFNUFFT,53,18,2.050076965
ScatterPIFNUFFT,53,19,0.001263465
NativeNUFFT1,53,0,2.042360223
NativeNUFFT1,53,1,2.049886988
NativeNUFFT1,53,2,2.054791521
NativeNUFFT1,53,3,2.044886119
NativeNUFFT1,53,4,2.048034222
NativeNUFFT1,53,5,2.051668626
NativeNUFFT1,53,6,2.04594517
NativeNUFFT1,53,7,2.047092549
NativeNUFFT1,53,8,2.049611375
NativeNUFFT1,53,9,2.048241163
scatterTimerNUFFT1,53,0,1.914631954
scatterTimerNUFFT1,53,1,1.916676069
scatterTimerNUFFT1,53,2,1.918530038
scatterTimerNUFFT1,53,3,1.915575869
scatterTimerNUFFT1,53,4,1.914416957
scatterTimerNUFFT1,53,5,1.917096112
scatterTimerNUFFT1,53,6,1.915158593
scatterTimerNUFFT1,53,7,1.916569743
scatterTimerNUFFT1,53,8,1.91659874
scatterTimerNUFFT1,53,9,1.917181027
binSort,53,0,0.006950241
binSort,53,1,0.006977242
binSort,53,2,0.006907007
binSort,53,3,0.006931484
binSort,53,4,0.006897038
binSort,53,5,0.006858904
binSort,53,6,0.006881697
binSort,53,7,0.006906275
binSort,53,8,0.00690875
binSort,53,9,0.006931785
binComputeKeys,53,0,0.000530737
binComputeKeys,53,1,0.000528422
binComputeKeys,53,2,0.000532231
binComputeKeys,53,3,0.000527411
binComputeKeys,53,4,0.000529455
binComputeKeys,53,5,0.000528764
binComputeKeys,53,6,0.000531889
binComputeKeys,53,7,0.000528883
binComputeKeys,53,8,0.000530837
binComputeKeys,53,9,0.000529836
binSortByKey,53,0,0.006218314
binSortByKey,53,1,0.00624233
binSortByKey,53,2,0.006170091
binSortByKey,53,3,0.006200349
binSortByKey,53,4,0.006161995
binSortByKey,53,5,0.006123892
binSortByKey,53,6,0.00614401
binSortByKey,53,7,0.006171332
binSortByKey,53,8,0.006171434
binSortByKey,53,9,0.006193806
binComputeOffsets,53,0,0.000198264
binComputeOffsets,53,1,0.000203263
binComputeOffsets,53,2,0.0002015
binComputeOffsets,53,3,0.000200578
binComputeOffsets,53,4,0.000202131
binComputeOffsets,53,5,0.000202833
binComputeOffsets,53,6,0.000202231
binComputeOffsets,53,7,0.000202842
binComputeOffsets,53,8,0.000202142
binComputeOffsets,53,9,0.000204926
FFTNUFFT1,53,0,0.127414772
FFTNUFFT1,53,1,0.132898655
FFTNUFFT1,53,2,0.135940562
FFTNUFFT1,53,3,0.128992175
FFTNUFFT1,53,4,0.133307506
FFTNUFFT1,53,5,0.134267704
FFTNUFFT1,53,6,0.130476677
FFTNUFFT1,53,7,0.130207155
FFTNUFFT1,53,8,0.13270045
FFTNUFFT1,53,9,0.130738363
deconvolutionNUFFT1,53,0,0.000309809
deconvolutionNUFFT1,53,1,0.000308807
deconvolutionNUFFT1,53,2,0.000316833
deconvolutionNUFFT1,53,3,0.000313927
deconvolutionNUFFT1,53,4,0.000305982
deconvolutionNUFFT1,53,5,0.000301213
deconvolutionNUFFT1,53,6,0.000306413
deconvolutionNUFFT1,53,7,0.000311974
deconvolutionNUFFT1,53,8,0.000307966
deconvolutionNUFFT1,53,9,0.000317765
GatherPIFNUFFT,53,0,4.110264298
GatherPIFNUFFT,53,1,4.092024639
GatherPIFNUFFT,53,2,4.090181241
GatherPIFNUFFT,53,3,4.095167451
GatherPIFNUFFT,53,4,4.081696962
GatherPIFNUFFT,53,5,4.074463594
GatherPIFNUFFT,53,6,4.070091942
GatherPIFNUFFT,53,7,4.059031097
GatherPIFNUFFT,53,8,4.048963323
GatherPIFNUFFT,53,9,4.042368761
NativeNUFFT2,53,0,1.267992945
NativeNUFFT2,53,1,1.414034514
NativeNUFFT2,53,2,1.41812475
NativeNUFFT2,53,3,1.259431316
NativeNUFFT2,53,4,1.413729346
NativeNUFFT2,53,5,1.408826904
NativeNUFFT2,53,6,1.257507232
NativeNUFFT2,53,7,1.41152633
NativeNUFFT2,53,8,1.411037413
NativeNUFFT2,53,9,1.26668341
NativeNUFFT2,53,10,1.408242224
NativeNUFFT2,53,11,1.410250261
NativeNUFFT2,53,12,1.257750924
NativeNUFFT2,53,13,1.410383869
NativeNUFFT2,53,14,1.403449479
NativeNUFFT2,53,15,1.252818918
NativeNUFFT2,53,16,1.404907892
NativeNUFFT2,53,17,1.406671203
NativeNUFFT2,53,18,1.257152745
NativeNUFFT2,53,19,1.403400995
NativeNUFFT2,53,20,1.399450771
NativeNUFFT2,53,21,1.250197024
NativeNUFFT2,53,22,1.399562667
NativeNUFFT2,53,23,1.399183825
NativeNUFFT2,53,24,1.245710653
NativeNUFFT2,53,25,1.395078819
NativeNUFFT2,53,26,1.398170673
NativeNUFFT2,53,27,1.243037448
NativeNUFFT2,53,28,1.395410791
NativeNUFFT2,53,29,1.393810215
PrecorrectionNUFFT2,53,0,0.000590543
PrecorrectionNUFFT2,53,1,0.000569633
PrecorrectionNUFFT2,53,2,0.000560455
PrecorrectionNUFFT2,53,3,0.000565625
PrecorrectionNUFFT2,53,4,0.000549624
PrecorrectionNUFFT2,53,5,0.000552449
PrecorrectionNUFFT2,53,6,0.000587867
PrecorrectionNUFFT2,53,7,0.000577507
PrecorrectionNUFFT2,53,8,0.000577077
PrecorrectionNUFFT2,53,9,0.000574061
PrecorrectionNUFFT2,53,10,0.000558711
PrecorrectionNUFFT2,53,11,0.000548321
PrecorrectionNUFFT2,53,12,0.000595502
PrecorrectionNUFFT2,53,13,0.000565384
PrecorrectionNUFFT2,53,14,0.000572037
PrecorrectionNUFFT2,53,15,0.000591675
PrecorrectionNUFFT2,53,16,0.000564342
PrecorrectionNUFFT2,53,17,0.000562539
PrecorrectionNUFFT2,53,18,0.00058949
PrecorrectionNUFFT2,53,19,0.000563009
PrecorrectionNUFFT2,53,20,0.000569833
PrecorrectionNUFFT2,53,21,0.000582678
PrecorrectionNUFFT2,53,22,0.000567859
PrecorrectionNUFFT2,53,23,0.000567519
PrecorrectionNUFFT2,53,24,0.000571697
PrecorrectionNUFFT2,53,25,0.000549864
PrecorrectionNUFFT2,53,26,0.000546287
PrecorrectionNUFFT2,53,27,0.000585533
PrecorrectionNUFFT2,53,28,0.000564332
PrecorrectionNUFFT2,53,29,0.0005687
FFTNUFFT2,53,0,0.138609176
FFTNUFFT2,53,1,0.279986749
FFTNUFFT2,53,2,0.287538344
FFTNUFFT2,53,3,0.120323458
FFTNUFFT2,53,4,0.280239168
FFTNUFFT2,53,5,0.281247759
FFTNUFFT2,53,6,0.130347889
FFTNUFFT2,53,7,0.278930423
FFTNUFFT2,53,8,0.280279663
FFTNUFFT2,53,9,0.144996086
FFTNUFFT2,53,10,0.276720538
FFTNUFFT2,53,11,0.280990251
FFTNUFFT2,53,12,0.127170078
FFTNUFFT2,53,13,0.279804777
FFTNUFFT2,53,14,0.282179101
FFTNUFFT2,53,15,0.126115066
FFTNUFFT2,53,16,0.281585714
FFTNUFFT2,53,17,0.281427236
FFTNUFFT2,53,18,0.130864107
FFTNUFFT2,53,19,0.283683233
FFTNUFFT2,53,20,0.276073766
FFTNUFFT2,53,21,0.133176962
FFTNUFFT2,53,22,0.275571284
FFTNUFFT2,53,23,0.279844113
FFTNUFFT2,53,24,0.128961755
FFTNUFFT2,53,25,0.275341499
FFTNUFFT2,53,26,0.282552695
FFTNUFFT2,53,27,0.131383673
FFTNUFFT2,53,28,0.276559817
FFTNUFFT2,53,29,0.280677505
GatherNUFFT2,53,0,1.128785301
GatherNUFFT2,53,1,1.133470889
GatherNUFFT2,53,2,1.130019329
GatherNUFFT2,53,3,1.138534688
GatherNUFFT2,53,4,1.13293319
GatherNUFFT2,53,5,1.127019852
GatherNUFFT2,53,6,1.126564232
GatherNUFFT2,53,7,1.132011055
GatherNUFFT2,53,8,1.130172687
GatherNUFFT2,53,9,1.121105598
GatherNUFFT2,53,10,1.130955621
GatherNUFFT2,53,11,1.128705166
GatherNUFFT2,53,12,1.129976846
GatherNUFFT2,53,13,1.130006725
GatherNUFFT2,53,14,1.120690805
GatherNUFFT2,53,15,1.126105013
GatherNUFFT2,53,16,1.122748478
GatherNUFFT2,53,17,1.124673203
GatherNUFFT2,53,18,1.125691533
GatherNUFFT2,53,19,1.119145975
GatherNUFFT2,53,20,1.122800399
GatherNUFFT2,53,21,1.116429969
GatherNUFFT2,53,22,1.123416691
GatherNUFFT2,53,23,1.118764137
GatherNUFFT2,53,24,1.116169987
GatherNUFFT2,53,25,1.119180653
GatherNUFFT2,53,26,1.115064527
GatherNUFFT2,53,27,1.111061259
GatherNUFFT2,53,28,1.118278797
GatherNUFFT2,53,29,1.112556694
mainTimer,54,0,63.095021412
dumpData,54,0,0.012384488
dumpData,54,1,0.012234227
dumpData,54,2,0.008509288
dumpData,54,3,0.011308815
dumpData,54,4,0.012686983
dumpData,54,5,0.015061248
dumpData,54,6,0.010095217
dumpData,54,7,0.01422537
dumpData,54,8,0.013545844
dumpData,54,9,0.011619947
kick,54,0,0.001177028
kick,54,1,0.001206856
kick,54,2,0.001165024
kick,54,3,0.001191676
kick,54,4,0.001168011
kick,54,5,0.001210001
kick,54,6,0.001155136
kick,54,7,0.001242455
kick,54,8,0.001159875
kick,54,9,0.001231723
kick,54,10,0.001169062
kick,54,11,0.001202737
kick,54,12,0.001163622
kick,54,13,0.001194151
kick,54,14,0.001164904
kick,54,15,0.0012037
kick,54,16,0.001187849
kick,54,17,0.001216814
kick,54,18,0.001155336
kick,54,19,0.001218799
drift,54,0,0.001188079
drift,54,1,0.001180776
drift,54,2,0.001175375
drift,54,3,0.001179793
drift,54,4,0.001173871
drift,54,5,0.001190734
drift,54,6,0.001183109
drift,54,7,0.001195634
drift,54,8,0.001176567
drift,54,9,0.001187799
particleBC,54,0,0.003405791
particleBC,54,1,0.003407495
particleBC,54,2,0.003403707
particleBC,54,3,0.003427603
particleBC,54,4,0.003398107
particleBC,54,5,0.003397856
particleBC,54,6,0.003433144
particleBC,54,7,0.003434837
particleBC,54,8,0.003426642
particleBC,54,9,0.003417775
updateParticle,54,0,0.019735534
updateParticle,54,1,0.018297991
updateParticle,54,2,0.018265539
updateParticle,54,3,0.018307069
updateParticle,54,4,0.018756459
updateParticle,54,5,0.016974911
updateParticle,54,6,0.017137065
updateParticle,54,7,0.017021672
updateParticle,54,8,0.016976274
updateParticle,54,9,0.016963628
locateParticles,54,0,0.004785121
locateParticles,54,1,0.004784549
locateParticles,54,2,0.004756675
locateParticles,54,3,0.004731077
locateParticles,54,4,0.004765933
locateParticles,54,5,0.00476461
locateParticles,54,6,0.004761205
locateParticles,54,7,0.004785852
locateParticles,54,8,0.004783658
locateParticles,54,9,0.004764371
sendPreprocess,54,0,0.000148357
sendPreprocess,54,1,0.000147115
sendPreprocess,54,2,0.000383231
sendPreprocess,54,3,0.000145371
sendPreprocess,54,4,0.000148838
sendPreprocess,54,5,0.000148167
sendPreprocess,54,6,0.000147475
sendPreprocess,54,7,0.000151493
sendPreprocess,54,8,0.000147085
sendPreprocess,54,9,0.00022726
particleSend,54,0,0.00278997
particleSend,54,1,0.001791207
particleSend,54,2,0.001798751
particleSend,54,3,0.001770426
particleSend,54,4,0.002836159
particleSend,54,5,0.001794623
particleSend,54,6,0.001806346
particleSend,54,7,0.001809011
particleSend,54,8,0.0018138
particleSend,54,9,0.001797298
particleRecv,54,0,5.2592e-05
particleRecv,54,1,5.2021e-05
particleRecv,54,2,5.4185e-05
particleRecv,54,3,5.3373e-05
particleRecv,54,4,5.7321e-05
particleRecv,54,5,5.2472e-05
particleRecv,54,6,5.2412e-05
particleRecv,54,7,5.7742e-05
particleRecv,54,8,6.0046e-05
particleRecv,54,9,4.9847e-05
particleDestroy,54,0,0.008697443
particleDestroy,54,1,0.008715427
particleDestroy,54,2,0.008918831
particleDestroy,54,3,0.008832343
particleDestroy,54,4,0.008715386
particleDestroy,54,5,0.008726128
particleDestroy,54,6,0.008736959
particleDestroy,54,7,0.008723943
particleDestroy,54,8,0.008735255
particleDestroy,54,9,0.008719535
ScatterPIFNUFFT,54,0,2.046879639
ScatterPIFNUFFT,54,1,0.00124528
ScatterPIFNUFFT,54,2,2.047719273
ScatterPIFNUFFT,54,3,0.001243386
ScatterPIFNUFFT,54,4,2.047992604
ScatterPIFNUFFT,54,5,0.001241783
ScatterPIFNUFFT,54,6,2.04267
ScatterPIFNUFFT,54,7,0.001246152
ScatterPIFNUFFT,54,8,2.044236923
ScatterPIFNUFFT,54,9,0.001237575
ScatterPIFNUFFT,54,10,2.049596346
ScatterPIFNUFFT,54,11,0.001240872
ScatterPIFNUFFT,54,12,2.050062068
ScatterPIFNUFFT,54,13,0.001242845
ScatterPIFNUFFT,54,14,2.055638969
ScatterPIFNUFFT,54,15,0.001248295
ScatterPIFNUFFT,54,16,2.047636973
ScatterPIFNUFFT,54,17,0.001238216
ScatterPIFNUFFT,54,18,2.044054921
ScatterPIFNUFFT,54,19,0.001239389
NativeNUFFT1,54,0,2.044900008
NativeNUFFT1,54,1,2.045730604
NativeNUFFT1,54,2,2.046002783
NativeNUFFT1,54,3,2.040670701
NativeNUFFT1,54,4,2.042224819
NativeNUFFT1,54,5,2.047605052
NativeNUFFT1,54,6,2.048043962
NativeNUFFT1,54,7,2.053636604
NativeNUFFT1,54,8,2.045638326
NativeNUFFT1,54,9,2.041911403
scatterTimerNUFFT1,54,0,1.913473812
scatterTimerNUFFT1,54,1,1.914798996
scatterTimerNUFFT1,54,2,1.916203596
scatterTimerNUFFT1,54,3,1.916484297
scatterTimerNUFFT1,54,4,1.914071067
scatterTimerNUFFT1,54,5,1.91736877
scatterTimerNUFFT1,54,6,1.916643506
scatterTimerNUFFT1,54,7,1.91549869
scatterTimerNUFFT1,54,8,1.91705315
scatterTimerNUFFT1,54,9,1.916458859
binSort,54,0,0.007856454
binSort,54,1,0.007854751
binSort,54,2,0.007874279
binSort,54,3,0.007899898
binSort,54,4,0.007844412
binSort,54,5,0.007869851
binSort,54,6,0.007871534
binSort,54,7,0.007867876
binSort,54,8,0.007850253
binSort,54,9,0.007863568
binComputeKeys,54,0,0.000606133
binComputeKeys,54,1,0.000609419
binComputeKeys,54,2,0.000602707
binComputeKeys,54,3,0.000606233
binComputeKeys,54,4,0.000606694
binComputeKeys,54,5,0.000607896
binComputeKeys,54,6,0.000602666
binComputeKeys,54,7,0.000604139
binComputeKeys,54,8,0.000604861
binComputeKeys,54,9,0.000607295
binSortByKey,54,0,0.007021249
binSortByKey,54,1,0.007014995
binSortByKey,54,2,0.007040545
binSortByKey,54,3,0.007064662
binSortByKey,54,4,0.007007923
binSortByKey,54,5,0.007033732
binSortByKey,54,6,0.007036367
binSortByKey,54,7,0.007032008
binSortByKey,54,8,0.007014195
binSortByKey,54,9,0.007029364
binComputeOffsets,54,0,0.000226007
binComputeOffsets,54,1,0.000226268
binComputeOffsets,54,2,0.00022737
binComputeOffsets,54,3,0.000225245
binComputeOffsets,54,4,0.000225476
binComputeOffsets,54,5,0.000224645
binComputeOffsets,54,6,0.000228702
binComputeOffsets,54,7,0.000228351
binComputeOffsets,54,8,0.000224855
binComputeOffsets,54,9,0.000223052
FFTNUFFT1,54,0,0.130909244
FFTNUFFT1,54,1,0.130414447
FFTNUFFT1,54,2,0.129281575
FFTNUFFT1,54,3,0.12366732
FFTNUFFT1,54,4,0.127634297
FFTNUFFT1,54,5,0.129716456
FFTNUFFT1,54,6,0.130880639
FFTNUFFT1,54,7,0.137619622
FFTNUFFT1,54,8,0.128065671
FFTNUFFT1,54,9,0.124936184
deconvolutionNUFFT1,54,0,0.000513323
deconvolutionNUFFT1,54,1,0.000512803
deconvolutionNUFFT1,54,2,0.000513784
deconvolutionNUFFT1,54,3,0.000515357
deconvolutionNUFFT1,54,4,0.000515177
deconvolutionNUFFT1,54,5,0.000515567
deconvolutionNUFFT1,54,6,0.000515828
deconvolutionNUFFT1,54,7,0.000514115
deconvolutionNUFFT1,54,8,0.000514586
deconvolutionNUFFT1,54,9,0.000512652
GatherPIFNUFFT,54,0,4.253489487
GatherPIFNUFFT,54,1,4.242436708
GatherPIFNUFFT,54,2,4.245946327
GatherPIFNUFFT,54,3,4.2449293
GatherPIFNUFFT,54,4,4.230727446
GatherPIFNUFFT,54,5,4.219975287
GatherPIFNUFFT,54,6,4.20859379
GatherPIFNUFFT,54,7,4.192474106
GatherPIFNUFFT,54,8,4.189720035
GatherPIFNUFFT,54,9,4.192323163
NativeNUFFT2,54,0,1.410168903
NativeNUFFT2,54,1,1.41734489
NativeNUFFT2,54,2,1.414945167
NativeNUFFT2,54,3,1.406683708
NativeNUFFT2,54,4,1.413475724
NativeNUFFT2,54,5,1.411235407
NativeNUFFT2,54,6,1.411151804
NativeNUFFT2,54,7,1.411060208
NativeNUFFT2,54,8,1.412677135
NativeNUFFT2,54,9,1.411238442
NativeNUFFT2,54,10,1.411109844
NativeNUFFT2,54,11,1.411647013
NativeNUFFT2,54,12,1.402714596
NativeNUFFT2,54,13,1.410892984
NativeNUFFT2,54,14,1.406166587
NativeNUFFT2,54,15,1.399451933
NativeNUFFT2,54,16,1.405037323
NativeNUFFT2,54,17,1.404474382
NativeNUFFT2,54,18,1.397933043
NativeNUFFT2,54,19,1.404171276
NativeNUFFT2,54,20,1.395456991
NativeNUFFT2,54,21,1.384906935
NativeNUFFT2,54,22,1.397109028
NativeNUFFT2,54,23,1.399413118
NativeNUFFT2,54,24,1.390462746
NativeNUFFT2,54,25,1.395045395
NativeNUFFT2,54,26,1.393283545
NativeNUFFT2,54,27,1.392887278
NativeNUFFT2,54,28,1.391814371
NativeNUFFT2,54,29,1.396610133
PrecorrectionNUFFT2,54,0,0.000799547
PrecorrectionNUFFT2,54,1,0.000761804
PrecorrectionNUFFT2,54,2,0.000765521
PrecorrectionNUFFT2,54,3,0.000800219
PrecorrectionNUFFT2,54,4,0.000762546
PrecorrectionNUFFT2,54,5,0.000761594
PrecorrectionNUFFT2,54,6,0.000791131
PrecorrectionNUFFT2,54,7,0.000766874
PrecorrectionNUFFT2,54,8,0.000763086
PrecorrectionNUFFT2,54,9,0.000798145
PrecorrectionNUFFT2,54,10,0.000762886
PrecorrectionNUFFT2,54,11,0.000767104
PrecorrectionNUFFT2,54,12,0.000794558
PrecorrectionNUFFT2,54,13,0.000760221
PrecorrectionNUFFT2,54,14,0.000762356
PrecorrectionNUFFT2,54,15,0.000795139
PrecorrectionNUFFT2,54,16,0.000763417
PrecorrectionNUFFT2,54,17,0.000762676
PrecorrectionNUFFT2,54,18,0.000792704
PrecorrectionNUFFT2,54,19,0.000760722
PrecorrectionNUFFT2,54,20,0.00075438
PrecorrectionNUFFT2,54,21,0.000798665
PrecorrectionNUFFT2,54,22,0.00076458
PrecorrectionNUFFT2,54,23,0.000755732
PrecorrectionNUFFT2,54,24,0.000796
PrecorrectionNUFFT2,54,25,0.000757216
PrecorrectionNUFFT2,54,26,0.000760291
PrecorrectionNUFFT2,54,27,0.000794828
PrecorrectionNUFFT2,54,28,0.000761784
PrecorrectionNUFFT2,54,29,0.000753749
FFTNUFFT2,54,0,0.130735208
FFTNUFFT2,54,1,0.141998806
FFTNUFFT2,54,2,0.130759374
FFTNUFFT2,54,3,0.134573044
FFTNUFFT2,54,4,0.134614385
FFTNUFFT2,54,5,0.138662459
FFTNUFFT2,54,6,0.137311575
FFTNUFFT2,54,7,0.140239801
FFTNUFFT2,54,8,0.14122713
FFTNUFFT2,54,9,0.137409083
FFTNUFFT2,54,10,0.13980508
FFTNUFFT2,54,11,0.134383708
FFTNUFFT2,54,12,0.125757414
FFTNUFFT2,54,13,0.138705321
FFTNUFFT2,54,14,0.137563863
FFTNUFFT2,54,15,0.12905191
FFTNUFFT2,54,16,0.139738562
FFTNUFFT2,54,17,0.134895889
FFTNUFFT2,54,18,0.132767381
FFTNUFFT2,54,19,0.139236259
FFTNUFFT2,54,20,0.136269589
FFTNUFFT2,54,21,0.121183532
FFTNUFFT2,54,22,0.138793212
FFTNUFFT2,54,23,0.137357324
FFTNUFFT2,54,24,0.134249679
FFTNUFFT2,54,25,0.137625151
FFTNUFFT2,54,26,0.140539712
FFTNUFFT2,54,27,0.130842976
FFTNUFFT2,54,28,0.134537055
FFTNUFFT2,54,29,0.136450288
GatherNUFFT2,54,0,1.278626384
GatherNUFFT2,54,1,1.27457396
GatherNUFFT2,54,2,1.283412526
GatherNUFFT2,54,3,1.271301447
GatherNUFFT2,54,4,1.278090005
GatherNUFFT2,54,5,1.271802868
GatherNUFFT2,54,6,1.273040712
GatherNUFFT2,54,7,1.270044635
GatherNUFFT2,54,8,1.27067737
GatherNUFFT2,54,9,1.273021666
GatherNUFFT2,54,10,1.270533362
GatherNUFFT2,54,11,1.276487714
GatherNUFFT2,54,12,1.276152946
GatherNUFFT2,54,13,1.271419687
GatherNUFFT2,54,14,1.267829938
GatherNUFFT2,54,15,1.269595917
GatherNUFFT2,54,16,1.264525695
GatherNUFFT2,54,17,1.268807249
GatherNUFFT2,54,18,1.264362387
GatherNUFFT2,54,19,1.264167081
GatherNUFFT2,54,20,1.258424897
GatherNUFFT2,54,21,1.262915509
GatherNUFFT2,54,22,1.25754302
GatherNUFFT2,54,23,1.261288249
GatherNUFFT2,54,24,1.25540844
GatherNUFFT2,54,25,1.256655242
GatherNUFFT2,54,26,1.251974445
GatherNUFFT2,54,27,1.261240175
GatherNUFFT2,54,28,1.256507496
GatherNUFFT2,54,29,1.25939722
mainTimer,55,0,63.095021362
dumpData,55,0,0.104490196
dumpData,55,1,0.102222939
dumpData,55,2,0.10131382
dumpData,55,3,0.101785011
dumpData,55,4,0.100158464
dumpData,55,5,0.101023266
dumpData,55,6,0.098147933
dumpData,55,7,0.101561378
dumpData,55,8,0.099177344
dumpData,55,9,0.101855698
kick,55,0,0.001100049
kick,55,1,0.001136941
kick,55,2,0.001089269
kick,55,3,0.001140027
kick,55,4,0.001092504
kick,55,5,0.001129766
kick,55,6,0.001096913
kick,55,7,0.001155046
kick,55,8,0.001092775
kick,55,9,0.001136329
kick,55,10,0.001097814
kick,55,11,0.001121461
kick,55,12,0.001106731
kick,55,13,0.001157941
kick,55,14,0.001097885
kick,55,15,0.001122503
kick,55,16,0.001096131
kick,55,17,0.001147251
kick,55,18,0.001104097
kick,55,19,0.001160807
drift,55,0,0.001121801
drift,55,1,0.001111361
drift,55,2,0.001113876
drift,55,3,0.001113445
drift,55,4,0.001119717
drift,55,5,0.001124306
drift,55,6,0.001117703
drift,55,7,0.001115258
drift,55,8,0.001118335
drift,55,9,0.001128474
particleBC,55,0,0.003199612
particleBC,55,1,0.003210433
particleBC,55,2,0.003203649
particleBC,55,3,0.003207347
particleBC,55,4,0.003202107
particleBC,55,5,0.00320865
particleBC,55,6,0.003204923
particleBC,55,7,0.003180604
particleBC,55,8,0.003247385
particleBC,55,9,0.003221384
updateParticle,55,0,0.019823945
updateParticle,55,1,0.018540861
updateParticle,55,2,0.018480265
updateParticle,55,3,0.018440659
updateParticle,55,4,0.018928532
updateParticle,55,5,0.01727974
updateParticle,55,6,0.017431344
updateParticle,55,7,0.017118169
updateParticle,55,8,0.017151432
updateParticle,55,9,0.017045868
locateParticles,55,0,0.004509527
locateParticles,55,1,0.004509707
locateParticles,55,2,0.004508775
locateParticles,55,3,0.00455176
locateParticles,55,4,0.00453187
locateParticles,55,5,0.004512462
locateParticles,55,6,0.004544926
locateParticles,55,7,0.004583921
locateParticles,55,8,0.004529726
locateParticles,55,9,0.004600143
sendPreprocess,55,0,0.000774338
sendPreprocess,55,1,0.00076503
sendPreprocess,55,2,0.000965859
sendPreprocess,55,3,0.000671289
sendPreprocess,55,4,0.000700746
sendPreprocess,55,5,0.000722609
sendPreprocess,55,6,0.000715365
sendPreprocess,55,7,0.000756304
sendPreprocess,55,8,0.00073399
sendPreprocess,55,9,0.000700155
particleSend,55,0,0.001623031
particleSend,55,1,0.002664527
particleSend,55,2,0.001681864
particleSend,55,3,0.001618072
particleSend,55,4,0.002618357
particleSend,55,5,0.001705381
particleSend,55,6,0.001613964
particleSend,55,7,0.001625797
particleSend,55,8,0.001684991
particleSend,55,9,0.00162257
particleRecv,55,0,4.8815e-05
particleRecv,55,1,4.7361e-05
particleRecv,55,2,5.2161e-05
particleRecv,55,3,5.2662e-05
particleRecv,55,4,4.6029e-05
particleRecv,55,5,6.6639e-05
particleRecv,55,6,5.0007e-05
particleRecv,55,7,5.0869e-05
particleRecv,55,8,4.9386e-05
particleRecv,55,9,5.2602e-05
particleDestroy,55,0,0.008342556
particleDestroy,55,1,0.008490632
particleDestroy,55,2,0.008354488
particleDestroy,55,3,0.008366612
particleDestroy,55,4,0.008395347
particleDestroy,55,5,0.008342866
particleDestroy,55,6,0.008335431
particleDestroy,55,7,0.008369949
particleDestroy,55,8,0.008300794
particleDestroy,55,9,0.008365028
ScatterPIFNUFFT,55,0,2.042449194
ScatterPIFNUFFT,55,1,0.001230722
ScatterPIFNUFFT,55,2,2.05204299
ScatterPIFNUFFT,55,3,0.001241403
ScatterPIFNUFFT,55,4,2.052183083
ScatterPIFNUFFT,55,5,0.001237665
ScatterPIFNUFFT,55,6,2.049461263
ScatterPIFNUFFT,55,7,0.00123468
ScatterPIFNUFFT,55,8,2.048553638
ScatterPIFNUFFT,55,9,0.001243196
ScatterPIFNUFFT,55,10,2.049272779
ScatterPIFNUFFT,55,11,0.001249187
ScatterPIFNUFFT,55,12,2.046778874
ScatterPIFNUFFT,55,13,0.001238177
ScatterPIFNUFFT,55,14,2.048695001
ScatterPIFNUFFT,55,15,0.001235211
ScatterPIFNUFFT,55,16,2.053446106
ScatterPIFNUFFT,55,17,0.001233657
ScatterPIFNUFFT,55,18,2.049857891
ScatterPIFNUFFT,55,19,0.001239419
NativeNUFFT1,55,0,2.040503729
NativeNUFFT1,55,1,2.050143264
NativeNUFFT1,55,2,2.050286343
NativeNUFFT1,55,3,2.04755287
NativeNUFFT1,55,4,2.046633201
NativeNUFFT1,55,5,2.047349237
NativeNUFFT1,55,6,2.044855521
NativeNUFFT1,55,7,2.046771337
NativeNUFFT1,55,8,2.051540388
NativeNUFFT1,55,9,2.047949449
scatterTimerNUFFT1,55,0,1.912741705
scatterTimerNUFFT1,55,1,1.914417327
scatterTimerNUFFT1,55,2,1.916663867
scatterTimerNUFFT1,55,3,1.915005455
scatterTimerNUFFT1,55,4,1.912857298
scatterTimerNUFFT1,55,5,1.915760627
scatterTimerNUFFT1,55,6,1.914920122
scatterTimerNUFFT1,55,7,1.914636121
scatterTimerNUFFT1,55,8,1.915330045
scatterTimerNUFFT1,55,9,1.915524822
binSort,55,0,0.007560983
binSort,55,1,0.007272183
binSort,55,2,0.007242636
binSort,55,3,0.00723979
binSort,55,4,0.007258197
binSort,55,5,0.007247846
binSort,55,6,0.007258167
binSort,55,7,0.007201706
binSort,55,8,0.007206136
binSort,55,9,0.007223129
binComputeKeys,55,0,0.00053221
binComputeKeys,55,1,0.000527822
binComputeKeys,55,2,0.000533833
binComputeKeys,55,3,0.000526448
binComputeKeys,55,4,0.000535086
binComputeKeys,55,5,0.000529475
binComputeKeys,55,6,0.000530086
binComputeKeys,55,7,0.000527461
binComputeKeys,55,8,0.000528593
binComputeKeys,55,9,0.000527781
binSortByKey,55,0,0.006812545
binSortByKey,55,1,0.006531159
binSortByKey,55,2,0.006492805
binSortByKey,55,3,0.006499828
binSortByKey,55,4,0.006507895
binSortByKey,55,5,0.006504658
binSortByKey,55,6,0.006514457
binSortByKey,55,7,0.006461464
binSortByKey,55,8,0.00646408
binSortByKey,55,9,0.006483187
binComputeOffsets,55,0,0.000213563
binComputeOffsets,55,1,0.000210256
binComputeOffsets,55,2,0.000213062
binComputeOffsets,55,3,0.000210628
binComputeOffsets,55,4,0.000211188
binComputeOffsets,55,5,0.000210447
binComputeOffsets,55,6,0.000210538
binComputeOffsets,55,7,0.000209756
binComputeOffsets,55,8,0.000209054
binComputeOffsets,55,9,0.000209245
FFTNUFFT1,55,0,0.127451012
FFTNUFFT1,55,1,0.135409203
FFTNUFFT1,55,2,0.133311564
FFTNUFFT1,55,3,0.132234299
FFTNUFFT1,55,4,0.133465061
FFTNUFFT1,55,5,0.13127363
FFTNUFFT1,55,6,0.129620951
FFTNUFFT1,55,7,0.131817423
FFTNUFFT1,55,8,0.135898649
FFTNUFFT1,55,9,0.132115278
deconvolutionNUFFT1,55,0,0.000307285
deconvolutionNUFFT1,55,1,0.000313307
deconvolutionNUFFT1,55,2,0.000307274
deconvolutionNUFFT1,55,3,0.000309539
deconvolutionNUFFT1,55,4,0.000306574
deconvolutionNUFFT1,55,5,0.000311503
deconvolutionNUFFT1,55,6,0.000310511
deconvolutionNUFFT1,55,7,0.000314358
deconvolutionNUFFT1,55,8,0.000306884
deconvolutionNUFFT1,55,9,0.000305541
GatherPIFNUFFT,55,0,4.166189178
GatherPIFNUFFT,55,1,4.148302422
GatherPIFNUFFT,55,2,4.149196841
GatherPIFNUFFT,55,3,4.147979366
GatherPIFNUFFT,55,4,4.139208362
GatherPIFNUFFT,55,5,4.134469842
GatherPIFNUFFT,55,6,4.123935674
GatherPIFNUFFT,55,7,4.112519582
GatherPIFNUFFT,55,8,4.098539767
GatherPIFNUFFT,55,9,4.096576847
NativeNUFFT2,55,0,1.325392317
NativeNUFFT2,55,1,1.416012211
NativeNUFFT2,55,2,1.414379963
NativeNUFFT2,55,3,1.313251492
NativeNUFFT2,55,4,1.414336159
NativeNUFFT2,55,5,1.410254577
NativeNUFFT2,55,6,1.317782351
NativeNUFFT2,55,7,1.408862445
NativeNUFFT2,55,8,1.411972311
NativeNUFFT2,55,9,1.318445713
NativeNUFFT2,55,10,1.409069707
NativeNUFFT2,55,11,1.409980257
NativeNUFFT2,55,12,1.311446639
NativeNUFFT2,55,13,1.410303203
NativeNUFFT2,55,14,1.406910436
NativeNUFFT2,55,15,1.312270152
NativeNUFFT2,55,16,1.404558886
NativeNUFFT2,55,17,1.40710831
NativeNUFFT2,55,18,1.310712057
NativeNUFFT2,55,19,1.404330242
NativeNUFFT2,55,20,1.398386701
NativeNUFFT2,55,21,1.305771034
NativeNUFFT2,55,22,1.396218946
NativeNUFFT2,55,23,1.399956128
NativeNUFFT2,55,24,1.299152467
NativeNUFFT2,55,25,1.393512207
NativeNUFFT2,55,26,1.395323743
NativeNUFFT2,55,27,1.297818305
NativeNUFFT2,55,28,1.393677737
NativeNUFFT2,55,29,1.394592659
PrecorrectionNUFFT2,55,0,0.000561487
PrecorrectionNUFFT2,55,1,0.000550235
PrecorrectionNUFFT2,55,2,0.000548812
PrecorrectionNUFFT2,55,3,0.000558631
PrecorrectionNUFFT2,55,4,0.000554634
PrecorrectionNUFFT2,55,5,0.00055801
PrecorrectionNUFFT2,55,6,0.000581806
PrecorrectionNUFFT2,55,7,0.000573059
PrecorrectionNUFFT2,55,8,0.000565946
PrecorrectionNUFFT2,55,9,0.000577297
PrecorrectionNUFFT2,55,10,0.000566857
PrecorrectionNUFFT2,55,11,0.000575684
PrecorrectionNUFFT2,55,12,0.00057356
PrecorrectionNUFFT2,55,13,0.000569562
PrecorrectionNUFFT2,55,14,0.000568089
PrecorrectionNUFFT2,55,15,0.000573119
PrecorrectionNUFFT2,55,16,0.000566225
PrecorrectionNUFFT2,55,17,0.000572628
PrecorrectionNUFFT2,55,18,0.000582137
PrecorrectionNUFFT2,55,19,0.000564041
PrecorrectionNUFFT2,55,20,0.000577527
PrecorrectionNUFFT2,55,21,0.000584071
PrecorrectionNUFFT2,55,22,0.00056871
PrecorrectionNUFFT2,55,23,0.000566957
PrecorrectionNUFFT2,55,24,0.000575484
PrecorrectionNUFFT2,55,25,0.000567668
PrecorrectionNUFFT2,55,26,0.00056329
PrecorrectionNUFFT2,55,27,0.000564022
PrecorrectionNUFFT2,55,28,0.000550525
PrecorrectionNUFFT2,55,29,0.000598618
FFTNUFFT2,55,0,0.132594475
FFTNUFFT2,55,1,0.22763741
FFTNUFFT2,55,2,0.228404975
FFTNUFFT2,55,3,0.123067328
FFTNUFFT2,55,4,0.229841693
FFTNUFFT2,55,5,0.22340593
FFTNUFFT2,55,6,0.130385672
FFTNUFFT2,55,7,0.225729126
FFTNUFFT2,55,8,0.228654725
FFTNUFFT2,55,9,0.138273596
FFTNUFFT2,55,10,0.223249297
FFTNUFFT2,55,11,0.228958175
FFTNUFFT2,55,12,0.130135838
FFTNUFFT2,55,13,0.230146244
FFTNUFFT2,55,14,0.228338395
FFTNUFFT2,55,15,0.133839325
FFTNUFFT2,55,16,0.224850105
FFTNUFFT2,55,17,0.228060348
FFTNUFFT2,55,18,0.132495143
FFTNUFFT2,55,19,0.234502184
FFTNUFFT2,55,20,0.223013871
FFTNUFFT2,55,21,0.135678143
FFTNUFFT2,55,22,0.221369689
FFTNUFFT2,55,23,0.229740839
FFTNUFFT2,55,24,0.125763937
FFTNUFFT2,55,25,0.220868068
FFTNUFFT2,55,26,0.224297676
FFTNUFFT2,55,27,0.133131976
FFTNUFFT2,55,28,0.228407358
FFTNUFFT2,55,29,0.228208223
GatherNUFFT2,55,0,1.192226847
GatherNUFFT2,55,1,1.187817573
GatherNUFFT2,55,2,1.185418511
GatherNUFFT2,55,3,1.189617517
GatherNUFFT2,55,4,1.183932147
GatherNUFFT2,55,5,1.186282381
GatherNUFFT2,55,6,1.186806928
GatherNUFFT2,55,7,1.182553237
GatherNUFFT2,55,8,1.182744056
GatherNUFFT2,55,9,1.179586503
GatherNUFFT2,55,10,1.185246088
GatherNUFFT2,55,11,1.180438724
GatherNUFFT2,55,12,1.180729377
GatherNUFFT2,55,13,1.179579832
GatherNUFFT2,55,14,1.177995475
GatherNUFFT2,55,15,1.177849663
GatherNUFFT2,55,16,1.179133938
GatherNUFFT2,55,17,1.178467789
GatherNUFFT2,55,18,1.177628024
GatherNUFFT2,55,19,1.169256492
GatherNUFFT2,55,20,1.174787698
GatherNUFFT2,55,21,1.169500706
GatherNUFFT2,55,22,1.174273653
GatherNUFFT2,55,23,1.169640778
GatherNUFFT2,55,24,1.172805662
GatherNUFFT2,55,25,1.172069447
GatherNUFFT2,55,26,1.170455213
GatherNUFFT2,55,27,1.164115033
GatherNUFFT2,55,28,1.164712349
GatherNUFFT2,55,29,1.165778943
mainTimer,56,0,63.09516681
dumpData,56,0,0.236786321
dumpData,56,1,0.237799781
dumpData,56,2,0.237741498
dumpData,56,3,0.238623974
dumpData,56,4,0.234735867
dumpData,56,5,0.236529836
dumpData,56,6,0.232731769
dumpData,56,7,0.236659457
dumpData,56,8,0.229823528
dumpData,56,9,0.232911368
kick,56,0,0.000968703
kick,56,1,0.001004122
kick,56,2,0.000978282
kick,56,3,0.001004041
kick,56,4,0.000971208
kick,56,5,0.000993771
kick,56,6,0.000966189
kick,56,7,0.000988792
kick,56,8,0.00096161
kick,56,9,0.001021045
kick,56,10,0.000981267
kick,56,11,0.001004072
kick,56,12,0.00096215
kick,56,13,0.001002599
kick,56,14,0.00097253
kick,56,15,0.001020152
kick,56,16,0.000960527
kick,56,17,0.001006556
kick,56,18,0.000957822
kick,56,19,0.000998501
drift,56,0,0.000983201
drift,56,1,0.00098762
drift,56,2,0.000971719
drift,56,3,0.000980506
drift,56,4,0.000997459
drift,56,5,0.000987951
drift,56,6,0.000974515
drift,56,7,0.000999553
drift,56,8,0.001004764
drift,56,9,0.000990575
particleBC,56,0,0.002835914
particleBC,56,1,0.002826074
particleBC,56,2,0.002816907
particleBC,56,3,0.002808241
particleBC,56,4,0.002836866
particleBC,56,5,0.00284924
particleBC,56,6,0.00282326
particleBC,56,7,0.002849381
particleBC,56,8,0.002858668
particleBC,56,9,0.002834881
updateParticle,56,0,0.020382254
updateParticle,56,1,0.019272218
updateParticle,56,2,0.02040596
updateParticle,56,3,0.018291621
updateParticle,56,4,0.018524411
updateParticle,56,5,0.018293645
updateParticle,56,6,0.01746932
updateParticle,56,7,0.017299452
updateParticle,56,8,0.018282153
updateParticle,56,9,0.017406389
locateParticles,56,0,0.003866547
locateParticles,56,1,0.003827903
locateParticles,56,2,0.00384761
locateParticles,56,3,0.003865595
locateParticles,56,4,0.003862589
locateParticles,56,5,0.003862319
locateParticles,56,6,0.003900442
locateParticles,56,7,0.003829024
locateParticles,56,8,0.003856247
locateParticles,56,9,0.00384277
sendPreprocess,56,0,0.002051698
sendPreprocess,56,1,0.002060274
sendPreprocess,56,2,0.002274227
sendPreprocess,56,3,0.00201729
sendPreprocess,56,4,0.002174294
sendPreprocess,56,5,0.001984618
sendPreprocess,56,6,0.00202207
sendPreprocess,56,7,0.00207885
sendPreprocess,56,8,0.002039644
sendPreprocess,56,9,0.002118607
particleSend,56,0,0.001785503
particleSend,56,1,0.001775984
particleSend,56,2,0.001735176
particleSend,56,3,0.001720136
particleSend,56,4,0.001769993
particleSend,56,5,0.001688825
particleSend,56,6,0.001709216
particleSend,56,7,0.001772277
particleSend,56,8,0.001716409
particleSend,56,9,0.001768981
particleRecv,56,0,5.8654e-05
particleRecv,56,1,5.4134e-05
particleRecv,56,2,6.5527e-05
particleRecv,56,3,5.4906e-05
particleRecv,56,4,5.0358e-05
particleRecv,56,5,5.9375e-05
particleRecv,56,6,5.7512e-05
particleRecv,56,7,5.4415e-05
particleRecv,56,8,5.8924e-05
particleRecv,56,9,5.191e-05
particleDestroy,56,0,0.00693494
particleDestroy,56,1,0.00695543
particleDestroy,56,2,0.006952934
particleDestroy,56,3,0.006955631
particleDestroy,56,4,0.006903079
particleDestroy,56,5,0.006957695
particleDestroy,56,6,0.006938416
particleDestroy,56,7,0.006988945
particleDestroy,56,8,0.007015066
particleDestroy,56,9,0.006944449
ScatterPIFNUFFT,56,0,2.043001089
ScatterPIFNUFFT,56,1,0.001234978
ScatterPIFNUFFT,56,2,2.048457029
ScatterPIFNUFFT,56,3,0.001237853
ScatterPIFNUFFT,56,4,2.052451543
ScatterPIFNUFFT,56,5,0.001244987
ScatterPIFNUFFT,56,6,2.056300416
ScatterPIFNUFFT,56,7,0.001240429
ScatterPIFNUFFT,56,8,2.051547094
ScatterPIFNUFFT,56,9,0.001244066
ScatterPIFNUFFT,56,10,2.051248458
ScatterPIFNUFFT,56,11,0.001242183
ScatterPIFNUFFT,56,12,2.050381551
ScatterPIFNUFFT,56,13,0.00124092
ScatterPIFNUFFT,56,14,2.047201544
ScatterPIFNUFFT,56,15,0.001245308
ScatterPIFNUFFT,56,16,2.052294001
ScatterPIFNUFFT,56,17,0.001243795
ScatterPIFNUFFT,56,18,2.052230216
ScatterPIFNUFFT,56,19,0.001238455
NativeNUFFT1,56,0,2.041247127
NativeNUFFT1,56,1,2.046692506
NativeNUFFT1,56,2,2.050677081
NativeNUFFT1,56,3,2.05453901
NativeNUFFT1,56,4,2.049781309
NativeNUFFT1,56,5,2.049481511
NativeNUFFT1,56,6,2.048622539
NativeNUFFT1,56,7,2.045449405
NativeNUFFT1,56,8,2.050549047
NativeNUFFT1,56,9,2.050458079
scatterTimerNUFFT1,56,0,1.914412884
scatterTimerNUFFT1,56,1,1.915769477
scatterTimerNUFFT1,56,2,1.917031295
scatterTimerNUFFT1,56,3,1.915950828
scatterTimerNUFFT1,56,4,1.915165147
scatterTimerNUFFT1,56,5,1.915942653
scatterTimerNUFFT1,56,6,1.915806748
scatterTimerNUFFT1,56,7,1.916616697
scatterTimerNUFFT1,56,8,1.91597155
scatterTimerNUFFT1,56,9,1.91687788
binSort,56,0,0.006610253
binSort,56,1,0.006525108
binSort,56,2,0.006574383
binSort,56,3,0.006543433
binSort,56,4,0.00658339
binSort,56,5,0.006773859
binSort,56,6,0.006603209
binSort,56,7,0.006596296
binSort,56,8,0.006631453
binSort,56,9,0.007214721
binComputeKeys,56,0,0.000505608
binComputeKeys,56,1,0.000499796
binComputeKeys,56,2,0.000498224
binComputeKeys,56,3,0.000498453
binComputeKeys,56,4,0.000499085
binComputeKeys,56,5,0.000500408
binComputeKeys,56,6,0.000493585
binComputeKeys,56,7,0.000496129
binComputeKeys,56,8,0.000493163
binComputeKeys,56,9,0.000498103
binSortByKey,56,0,0.005903065
binSortByKey,56,1,0.005826948
binSortByKey,56,2,0.005875281
binSortByKey,56,3,0.005851905
binSortByKey,56,4,0.005891612
binSortByKey,56,5,0.006075017
binSortByKey,56,6,0.005909918
binSortByKey,56,7,0.005899799
binSortByKey,56,8,0.00594209
binSortByKey,56,9,0.006515269
binComputeOffsets,56,0,0.000198714
binComputeOffsets,56,1,0.000195228
binComputeOffsets,56,2,0.000197602
binComputeOffsets,56,3,0.000189496
binComputeOffsets,56,4,0.000189377
binComputeOffsets,56,5,0.000195328
binComputeOffsets,56,6,0.00019651
binComputeOffsets,56,7,0.000197061
binComputeOffsets,56,8,0.000191651
binComputeOffsets,56,9,0.000198193
FFTNUFFT1,56,0,0.126513724
FFTNUFFT1,56,1,0.130609694
FFTNUFFT1,56,2,0.133328943
FFTNUFFT1,56,3,0.138278474
FFTNUFFT1,56,4,0.134292405
FFTNUFFT1,56,5,0.133222156
FFTNUFFT1,56,6,0.132504349
FFTNUFFT1,56,7,0.12851312
FFTNUFFT1,56,8,0.134261385
FFTNUFFT1,56,9,0.133259348
deconvolutionNUFFT1,56,0,0.000315981
deconvolutionNUFFT1,56,1,0.000308928
deconvolutionNUFFT1,56,2,0.000312805
deconvolutionNUFFT1,56,3,0.000305881
deconvolutionNUFFT1,56,4,0.000319197
deconvolutionNUFFT1,56,5,0.000312334
deconvolutionNUFFT1,56,6,0.000307525
deconvolutionNUFFT1,56,7,0.00031539
deconvolutionNUFFT1,56,8,0.000311372
deconvolutionNUFFT1,56,9,0.000316221
GatherPIFNUFFT,56,0,4.033521244
GatherPIFNUFFT,56,1,4.016328116
GatherPIFNUFFT,56,2,4.011343699
GatherPIFNUFFT,56,3,4.005124192
GatherPIFNUFFT,56,4,4.002970937
GatherPIFNUFFT,56,5,3.996709948
GatherPIFNUFFT,56,6,3.986529317
GatherPIFNUFFT,56,7,3.979402078
GatherPIFNUFFT,56,8,3.968682012
GatherPIFNUFFT,56,9,3.963629597
NativeNUFFT2,56,0,1.189535956
NativeNUFFT2,56,1,1.414722707
NativeNUFFT2,56,2,1.41954966
NativeNUFFT2,56,3,1.177525419
NativeNUFFT2,56,4,1.419028181
NativeNUFFT2,56,5,1.410092702
NativeNUFFT2,56,6,1.180828917
NativeNUFFT2,56,7,1.412574302
NativeNUFFT2,56,8,1.408308364
NativeNUFFT2,56,9,1.177143591
NativeNUFFT2,56,10,1.41183889
NativeNUFFT2,56,11,1.406477894
NativeNUFFT2,56,12,1.1755758
NativeNUFFT2,56,13,1.411143906
NativeNUFFT2,56,14,1.40651828
NativeNUFFT2,56,15,1.17111812
NativeNUFFT2,56,16,1.408778822
NativeNUFFT2,56,17,1.40705086
NativeNUFFT2,56,18,1.175447812
NativeNUFFT2,56,19,1.404782294
NativeNUFFT2,56,20,1.396663899
NativeNUFFT2,56,21,1.175335391
NativeNUFFT2,56,22,1.39597107
NativeNUFFT2,56,23,1.39838034
NativeNUFFT2,56,24,1.164544738
NativeNUFFT2,56,25,1.397907992
NativeNUFFT2,56,26,1.396484568
NativeNUFFT2,56,27,1.165854218
NativeNUFFT2,56,28,1.393488594
NativeNUFFT2,56,29,1.394626164
PrecorrectionNUFFT2,56,0,0.000569491
PrecorrectionNUFFT2,56,1,0.000555635
PrecorrectionNUFFT2,56,2,0.000579059
PrecorrectionNUFFT2,56,3,0.00057415
PrecorrectionNUFFT2,56,4,0.000549893
PrecorrectionNUFFT2,56,5,0.00055346
PrecorrectionNUFFT2,56,6,0.000567227
PrecorrectionNUFFT2,56,7,0.00055332
PrecorrectionNUFFT2,56,8,0.000554943
PrecorrectionNUFFT2,56,9,0.00056872
PrecorrectionNUFFT2,56,10,0.000554412
PrecorrectionNUFFT2,56,11,0.000548781
PrecorrectionNUFFT2,56,12,0.000583649
PrecorrectionNUFFT2,56,13,0.00057383
PrecorrectionNUFFT2,56,14,0.00056876
PrecorrectionNUFFT2,56,15,0.000599018
PrecorrectionNUFFT2,56,16,0.000574451
PrecorrectionNUFFT2,56,17,0.000562869
PrecorrectionNUFFT2,56,18,0.000571175
PrecorrectionNUFFT2,56,19,0.000549233
PrecorrectionNUFFT2,56,20,0.000555734
PrecorrectionNUFFT2,56,21,0.000587867
PrecorrectionNUFFT2,56,22,0.000564532
PrecorrectionNUFFT2,56,23,0.000570152
PrecorrectionNUFFT2,56,24,0.000590833
PrecorrectionNUFFT2,56,25,0.000576185
PrecorrectionNUFFT2,56,26,0.000567097
PrecorrectionNUFFT2,56,27,0.000569451
PrecorrectionNUFFT2,56,28,0.000548411
PrecorrectionNUFFT2,56,29,0.00055345
FFTNUFFT2,56,0,0.139886553
FFTNUFFT2,56,1,0.366377857
FFTNUFFT2,56,2,0.359762655
FFTNUFFT2,56,3,0.131003325
FFTNUFFT2,56,4,0.362265806
FFTNUFFT2,56,5,0.360964048
FFTNUFFT2,56,6,0.124903099
FFTNUFFT2,56,7,0.365428351
FFTNUFFT2,56,8,0.36228336
FFTNUFFT2,56,9,0.129322625
FFTNUFFT2,56,10,0.364088952
FFTNUFFT2,56,11,0.353033182
FFTNUFFT2,56,12,0.130156107
FFTNUFFT2,56,13,0.35716895
FFTNUFFT2,56,14,0.35477006
FFTNUFFT2,56,15,0.131424209
FFTNUFFT2,56,16,0.368317948
FFTNUFFT2,56,17,0.367417727
FFTNUFFT2,56,18,0.133228789
FFTNUFFT2,56,19,0.362977862
FFTNUFFT2,56,20,0.357673735
FFTNUFFT2,56,21,0.130395943
FFTNUFFT2,56,22,0.350294657
FFTNUFFT2,56,23,0.36020461
FFTNUFFT2,56,24,0.129755642
FFTNUFFT2,56,25,0.360898652
FFTNUFFT2,56,26,0.358936297
FFTNUFFT2,56,27,0.129647475
FFTNUFFT2,56,28,0.358835596
FFTNUFFT2,56,29,0.359236842
GatherNUFFT2,56,0,1.049071655
GatherNUFFT2,56,1,1.047780929
GatherNUFFT2,56,2,1.05920023
GatherNUFFT2,56,3,1.045940059
GatherNUFFT2,56,4,1.056203686
GatherNUFFT2,56,5,1.048564665
GatherNUFFT2,56,6,1.055350156
GatherNUFFT2,56,7,1.046584225
GatherNUFFT2,56,8,1.045461705
GatherNUFFT2,56,9,1.047242668
GatherNUFFT2,56,10,1.047186679
GatherNUFFT2,56,11,1.052887403
GatherNUFFT2,56,12,1.044827838
GatherNUFFT2,56,13,1.053391788
GatherNUFFT2,56,14,1.051172758
GatherNUFFT2,56,15,1.039086486
GatherNUFFT2,56,16,1.039876433
GatherNUFFT2,56,17,1.03906289
GatherNUFFT2,56,18,1.041639462
GatherNUFFT2,56,19,1.041247275
GatherNUFFT2,56,20,1.038426543
GatherNUFFT2,56,21,1.044343234
GatherNUFFT2,56,22,1.045103094
GatherNUFFT2,56,23,1.037594316
GatherNUFFT2,56,24,1.034188955
GatherNUFFT2,56,25,1.03642518
GatherNUFFT2,56,26,1.036972408
GatherNUFFT2,56,27,1.035629277
GatherNUFFT2,56,28,1.034096223
GatherNUFFT2,56,29,1.034827606
mainTimer,57,0,63.095168383
dumpData,57,0,0.172095086
dumpData,57,1,0.172248533
dumpData,57,2,0.17009632
dumpData,57,3,0.171746141
dumpData,57,4,0.170920684
dumpData,57,5,0.173143474
dumpData,57,6,0.17369632
dumpData,57,7,0.171947913
dumpData,57,8,0.168631248
dumpData,57,9,0.173855968
kick,57,0,0.001038057
kick,57,1,0.001095018
kick,57,2,0.001042206
kick,57,3,0.001087433
kick,57,4,0.001044389
kick,57,5,0.001095539
kick,57,6,0.001056222
kick,57,7,0.001091921
kick,57,8,0.001037646
kick,57,9,0.00109637
kick,57,10,0.001042035
kick,57,11,0.001078997
kick,57,12,0.001042336
kick,57,13,0.001069868
kick,57,14,0.001041915
kick,57,15,0.001104055
kick,57,16,0.001055381
kick,57,17,0.00109116
kick,57,18,0.0010549
kick,57,19,0.001089356
drift,57,0,0.001038058
drift,57,1,0.001036554
drift,57,2,0.00102387
drift,57,3,0.001024892
drift,57,4,0.00103423
drift,57,5,0.001038358
drift,57,6,0.001025633
drift,57,7,0.001037336
drift,57,8,0.001030402
drift,57,9,0.001036645
particleBC,57,0,0.003011023
particleBC,57,1,0.003002997
particleBC,57,2,0.002999952
particleBC,57,3,0.00299409
particleBC,57,4,0.003017405
particleBC,57,5,0.003026132
particleBC,57,6,0.003008357
particleBC,57,7,0.003018498
particleBC,57,8,0.003003248
particleBC,57,9,0.003027524
updateParticle,57,0,0.020358037
updateParticle,57,1,0.018438646
updateParticle,57,2,0.020020223
updateParticle,57,3,0.018284187
updateParticle,57,4,0.018773453
updateParticle,57,5,0.017418152
updateParticle,57,6,0.017455013
updateParticle,57,7,0.017566098
updateParticle,57,8,0.019553551
updateParticle,57,9,0.017417491
locateParticles,57,0,0.004014653
locateParticles,57,1,0.004011828
locateParticles,57,2,0.004019482
locateParticles,57,3,0.004032017
locateParticles,57,4,0.004017258
locateParticles,57,5,0.004056293
locateParticles,57,6,0.00422476
locateParticles,57,7,0.004025965
locateParticles,57,8,0.004062405
locateParticles,57,9,0.004059519
sendPreprocess,57,0,0.001607398
sendPreprocess,57,1,0.001588322
sendPreprocess,57,2,0.001802676
sendPreprocess,57,3,0.001533786
sendPreprocess,57,4,0.0017272
sendPreprocess,57,5,0.001507065
sendPreprocess,57,6,0.001383676
sendPreprocess,57,7,0.001607468
sendPreprocess,57,8,0.001572851
sendPreprocess,57,9,0.00156726
particleSend,57,0,0.00158754
particleSend,57,1,0.001576619
particleSend,57,2,0.002566043
particleSend,57,3,0.001658136
particleSend,57,4,0.003443549
particleSend,57,5,0.001580717
particleSend,57,6,0.00159263
particleSend,57,7,0.00158243
particleSend,57,8,0.00158255
particleSend,57,9,0.001585837
particleRecv,57,0,4.5999e-05
particleRecv,57,1,4.7182e-05
particleRecv,57,2,4.8975e-05
particleRecv,57,3,4.9004e-05
particleRecv,57,4,5.0127e-05
particleRecv,57,5,4.5358e-05
particleRecv,57,6,4.4737e-05
particleRecv,57,7,4.4576e-05
particleRecv,57,8,4.685e-05
particleRecv,57,9,4.6339e-05
particleDestroy,57,0,0.007340334
particleDestroy,57,1,0.007366876
particleDestroy,57,2,0.007387666
particleDestroy,57,3,0.007374721
particleDestroy,57,4,0.007325555
particleDestroy,57,5,0.007344051
particleDestroy,57,6,0.007312941
particleDestroy,57,7,0.007387094
particleDestroy,57,8,0.007454826
particleDestroy,57,9,0.007421271
ScatterPIFNUFFT,57,0,2.048930765
ScatterPIFNUFFT,57,1,0.00126189
ScatterPIFNUFFT,57,2,2.052155591
ScatterPIFNUFFT,57,3,0.001260317
ScatterPIFNUFFT,57,4,2.05530002
ScatterPIFNUFFT,57,5,0.001259966
ScatterPIFNUFFT,57,6,2.058833856
ScatterPIFNUFFT,57,7,0.001265107
ScatterPIFNUFFT,57,8,2.05377416
ScatterPIFNUFFT,57,9,0.00125698
ScatterPIFNUFFT,57,10,2.0545953
ScatterPIFNUFFT,57,11,0.001253965
ScatterPIFNUFFT,57,12,2.053008861
ScatterPIFNUFFT,57,13,0.001259436
ScatterPIFNUFFT,57,14,2.054098881
ScatterPIFNUFFT,57,15,0.001260888
ScatterPIFNUFFT,57,16,2.053526184
ScatterPIFNUFFT,57,17,0.00126181
ScatterPIFNUFFT,57,18,2.054907433
ScatterPIFNUFFT,57,19,0.001263082
NativeNUFFT1,57,0,2.047106257
NativeNUFFT1,57,1,2.050332565
NativeNUFFT1,57,2,2.053485171
NativeNUFFT1,57,3,2.057003797
NativeNUFFT1,57,4,2.051948911
NativeNUFFT1,57,5,2.052776082
NativeNUFFT1,57,6,2.051178461
NativeNUFFT1,57,7,2.052261689
NativeNUFFT1,57,8,2.051727546
NativeNUFFT1,57,9,2.053062736
scatterTimerNUFFT1,57,0,1.912411183
scatterTimerNUFFT1,57,1,1.914685641
scatterTimerNUFFT1,57,2,1.915452283
scatterTimerNUFFT1,57,3,1.91594151
scatterTimerNUFFT1,57,4,1.91389937
scatterTimerNUFFT1,57,5,1.916452338
scatterTimerNUFFT1,57,6,1.915629536
scatterTimerNUFFT1,57,7,1.914380983
scatterTimerNUFFT1,57,8,1.913863814
scatterTimerNUFFT1,57,9,1.915785137
binSort,57,0,0.006927837
binSort,57,1,0.006937786
binSort,57,2,0.006915892
binSort,57,3,0.007150125
binSort,57,4,0.006927285
binSort,57,5,0.006956172
binSort,57,6,0.006882359
binSort,57,7,0.006894051
binSort,57,8,0.006942524
binSort,57,9,0.006910062
binComputeKeys,57,0,0.000531037
binComputeKeys,57,1,0.000534914
binComputeKeys,57,2,0.00053782
binComputeKeys,57,3,0.00053803
binComputeKeys,57,4,0.000533903
binComputeKeys,57,5,0.000535245
binComputeKeys,57,6,0.000533822
binComputeKeys,57,7,0.000535997
binComputeKeys,57,8,0.000536919
binComputeKeys,57,9,0.000535715
binSortByKey,57,0,0.006192374
binSortByKey,57,1,0.006197905
binSortByKey,57,2,0.006172867
binSortByKey,57,3,0.006405476
binSortByKey,57,4,0.006187715
binSortByKey,57,5,0.006222152
binSortByKey,57,6,0.006143289
binSortByKey,57,7,0.006152698
binSortByKey,57,8,0.006197323
binSortByKey,57,9,0.006168157
binComputeOffsets,57,0,0.00020175
binComputeOffsets,57,1,0.000202021
binComputeOffsets,57,2,0.000202101
binComputeOffsets,57,3,0.000203794
binComputeOffsets,57,4,0.000202382
binComputeOffsets,57,5,0.000196049
binComputeOffsets,57,6,0.000202321
binComputeOffsets,57,7,0.000202431
binComputeOffsets,57,8,0.000204335
binComputeOffsets,57,9,0.000203082
FFTNUFFT1,57,0,0.134380706
FFTNUFFT1,57,1,0.135331856
FFTNUFFT1,57,2,0.137718311
FFTNUFFT1,57,3,0.140750715
FFTNUFFT1,57,4,0.137736185
FFTNUFFT1,57,5,0.136003664
FFTNUFFT1,57,6,0.135237384
FFTNUFFT1,57,7,0.137568712
FFTNUFFT1,57,8,0.137547771
FFTNUFFT1,57,9,0.13696294
deconvolutionNUFFT1,57,0,0.000311192
deconvolutionNUFFT1,57,1,0.000311422
deconvolutionNUFFT1,57,2,0.000311202
deconvolutionNUFFT1,57,3,0.000308096
deconvolutionNUFFT1,57,4,0.000309508
deconvolutionNUFFT1,57,5,0.000316131
deconvolutionNUFFT1,57,6,0.000308076
deconvolutionNUFFT1,57,7,0.000308095
deconvolutionNUFFT1,57,8,0.000311743
deconvolutionNUFFT1,57,9,0.000311081
GatherPIFNUFFT,57,0,4.091934359
GatherPIFNUFFT,57,1,4.078657805
GatherPIFNUFFT,57,2,4.0761104
GatherPIFNUFFT,57,3,4.06903627
GatherPIFNUFFT,57,4,4.063945707
GatherPIFNUFFT,57,5,4.057290075
GatherPIFNUFFT,57,6,4.042571448
GatherPIFNUFFT,57,7,4.036435956
GatherPIFNUFFT,57,8,4.027014602
GatherPIFNUFFT,57,9,4.019550655
NativeNUFFT2,57,0,1.242609636
NativeNUFFT2,57,1,1.423704645
NativeNUFFT2,57,2,1.415464351
NativeNUFFT2,57,3,1.243885904
NativeNUFFT2,57,4,1.415160612
NativeNUFFT2,57,5,1.409498814
NativeNUFFT2,57,6,1.244899773
NativeNUFFT2,57,7,1.409889941
NativeNUFFT2,57,8,1.411196408
NativeNUFFT2,57,9,1.237949043
NativeNUFFT2,57,10,1.412466112
NativeNUFFT2,57,11,1.408466629
NativeNUFFT2,57,12,1.236337257
NativeNUFFT2,57,13,1.410182336
NativeNUFFT2,57,14,1.407337634
NativeNUFFT2,57,15,1.236907799
NativeNUFFT2,57,16,1.398220956
NativeNUFFT2,57,17,1.412044627
NativeNUFFT2,57,18,1.234193491
NativeNUFFT2,57,19,1.407732079
NativeNUFFT2,57,20,1.390491593
NativeNUFFT2,57,21,1.230134727
NativeNUFFT2,57,22,1.397534543
NativeNUFFT2,57,23,1.398761858
NativeNUFFT2,57,24,1.229144738
NativeNUFFT2,57,25,1.388847371
NativeNUFFT2,57,26,1.398997938
NativeNUFFT2,57,27,1.224381156
NativeNUFFT2,57,28,1.396675586
NativeNUFFT2,57,29,1.388332875
PrecorrectionNUFFT2,57,0,0.000577496
PrecorrectionNUFFT2,57,1,0.000567748
PrecorrectionNUFFT2,57,2,0.000567357
PrecorrectionNUFFT2,57,3,0.000800137
PrecorrectionNUFFT2,57,4,0.000580492
PrecorrectionNUFFT2,57,5,0.000557238
PrecorrectionNUFFT2,57,6,0.00057391
PrecorrectionNUFFT2,57,7,0.000564382
PrecorrectionNUFFT2,57,8,0.000562248
PrecorrectionNUFFT2,57,9,0.000581714
PrecorrectionNUFFT2,57,10,0.000565594
PrecorrectionNUFFT2,57,11,0.000566746
PrecorrectionNUFFT2,57,12,0.000568549
PrecorrectionNUFFT2,57,13,0.000571264
PrecorrectionNUFFT2,57,14,0.000565504
PrecorrectionNUFFT2,57,15,0.000575292
PrecorrectionNUFFT2,57,16,0.000564973
PrecorrectionNUFFT2,57,17,0.000565303
PrecorrectionNUFFT2,57,18,0.000580893
PrecorrectionNUFFT2,57,19,0.000559632
PrecorrectionNUFFT2,57,20,0.000562257
PrecorrectionNUFFT2,57,21,0.000564562
PrecorrectionNUFFT2,57,22,0.000551357
PrecorrectionNUFFT2,57,23,0.000549102
PrecorrectionNUFFT2,57,24,0.000558089
PrecorrectionNUFFT2,57,25,0.000549422
PrecorrectionNUFFT2,57,26,0.000554212
PrecorrectionNUFFT2,57,27,0.000576024
PrecorrectionNUFFT2,57,28,0.000567157
PrecorrectionNUFFT2,57,29,0.000565313
FFTNUFFT2,57,0,0.13650268
FFTNUFFT2,57,1,0.309766896
FFTNUFFT2,57,2,0.2970365
FFTNUFFT2,57,3,0.130427702
FFTNUFFT2,57,4,0.298506602
FFTNUFFT2,57,5,0.297890089
FFTNUFFT2,57,6,0.127959079
FFTNUFFT2,57,7,0.301287039
FFTNUFFT2,57,8,0.300671299
FFTNUFFT2,57,9,0.130591218
FFTNUFFT2,57,10,0.303111598
FFTNUFFT2,57,11,0.294185797
FFTNUFFT2,57,12,0.131423107
FFTNUFFT2,57,13,0.299671725
FFTNUFFT2,57,14,0.297777893
FFTNUFFT2,57,15,0.129397931
FFTNUFFT2,57,16,0.302417023
FFTNUFFT2,57,17,0.30181007
FFTNUFFT2,57,18,0.13319805
FFTNUFFT2,57,19,0.304088436
FFTNUFFT2,57,20,0.295470922
FFTNUFFT2,57,21,0.128537108
FFTNUFFT2,57,22,0.293785283
FFTNUFFT2,57,23,0.29962777
FFTNUFFT2,57,24,0.129729843
FFTNUFFT2,57,25,0.296354742
FFTNUFFT2,57,26,0.303310943
FFTNUFFT2,57,27,0.129307246
FFTNUFFT2,57,28,0.299842627
FFTNUFFT2,57,29,0.297141243
GatherNUFFT2,57,0,1.105522916
GatherNUFFT2,57,1,1.113363297
GatherNUFFT2,57,2,1.117851176
GatherNUFFT2,57,3,1.112644909
GatherNUFFT2,57,4,1.116065613
GatherNUFFT2,57,5,1.111044814
GatherNUFFT2,57,6,1.116360091
GatherNUFFT2,57,7,1.108031768
GatherNUFFT2,57,8,1.109955738
GatherNUFFT2,57,9,1.106765019
GatherNUFFT2,57,10,1.108780505
GatherNUFFT2,57,11,1.113706091
GatherNUFFT2,57,12,1.104337714
GatherNUFFT2,57,13,1.109929427
GatherNUFFT2,57,14,1.108988337
GatherNUFFT2,57,15,1.106925507
GatherNUFFT2,57,16,1.095231215
GatherNUFFT2,57,17,1.109662141
GatherNUFFT2,57,18,1.100407113
GatherNUFFT2,57,19,1.103077087
GatherNUFFT2,57,20,1.094451791
GatherNUFFT2,57,21,1.101025984
GatherNUFFT2,57,22,1.103189288
GatherNUFFT2,57,23,1.098577672
GatherNUFFT2,57,24,1.098849171
GatherNUFFT2,57,25,1.091936154
GatherNUFFT2,57,26,1.09512551
GatherNUFFT2,57,27,1.094491133
GatherNUFFT2,57,28,1.096258439
GatherNUFFT2,57,29,1.090619136
mainTimer,58,0,63.095168763
dumpData,58,0,0.169923697
dumpData,58,1,0.167831442
dumpData,58,2,0.166556315
dumpData,58,3,0.169244323
dumpData,58,4,0.165314915
dumpData,58,5,0.167498819
dumpData,58,6,0.162744813
dumpData,58,7,0.165253778
dumpData,58,8,0.16116983
dumpData,58,9,0.16459422
kick,58,0,0.001041213
kick,58,1,0.001078816
kick,58,2,0.001034691
kick,58,3,0.001073576
kick,58,4,0.001023229
kick,58,5,0.001093665
kick,58,6,0.001033068
kick,58,7,0.001090609
kick,58,8,0.001042176
kick,58,9,0.001074959
kick,58,10,0.001034741
kick,58,11,0.001088325
kick,58,12,0.001032316
kick,58,13,0.001102021
kick,58,14,0.001038438
kick,58,15,0.001098033
kick,58,16,0.001051914
kick,58,17,0.001090228
kick,58,18,0.001042086
kick,58,19,0.001083114
drift,58,0,0.001032447
drift,58,1,0.001043458
drift,58,2,0.001046083
drift,58,3,0.001042016
drift,58,4,0.001042446
drift,58,5,0.001056534
drift,58,6,0.001050512
drift,58,7,0.001058397
drift,58,8,0.001032948
drift,58,9,0.001036464
particleBC,58,0,0.003002045
particleBC,58,1,0.002996975
particleBC,58,2,0.003013878
particleBC,58,3,0.003016423
particleBC,58,4,0.003002106
particleBC,58,5,0.003013217
particleBC,58,6,0.003017545
particleBC,58,7,0.003017596
particleBC,58,8,0.003028186
particleBC,58,9,0.00303569
updateParticle,58,0,0.020511224
updateParticle,58,1,0.018976655
updateParticle,58,2,0.018731551
updateParticle,58,3,0.018413948
updateParticle,58,4,0.01885447
updateParticle,58,5,0.017946282
updateParticle,58,6,0.017644489
updateParticle,58,7,0.017767888
updateParticle,58,8,0.01974926
updateParticle,58,9,0.017581628
locateParticles,58,0,0.004158342
locateParticles,58,1,0.004153533
locateParticles,58,2,0.004158481
locateParticles,58,3,0.004167459
locateParticles,58,4,0.004141077
locateParticles,58,5,0.004167819
locateParticles,58,6,0.004188198
locateParticles,58,7,0.004159333
locateParticles,58,8,0.00416798
locateParticles,58,9,0.00417876
sendPreprocess,58,0,0.001471846
sendPreprocess,58,1,0.001453761
sendPreprocess,58,2,0.001647476
sendPreprocess,58,3,0.00138039
sendPreprocess,58,4,0.001607378
sendPreprocess,58,5,0.00139664
sendPreprocess,58,6,0.001394828
sendPreprocess,58,7,0.001454111
sendPreprocess,58,8,0.001441858
sendPreprocess,58,9,0.001450314
particleSend,58,0,0.004050382
particleSend,58,1,0.00184087
particleSend,58,2,0.00177336
particleSend,58,3,0.001790963
particleSend,58,4,0.001775844
particleSend,58,5,0.001740475
particleSend,58,6,0.001820651
particleSend,58,7,0.001752819
particleSend,58,8,0.00174255
particleSend,58,9,0.001790292
particleRecv,58,0,4.9145e-05
particleRecv,58,1,6.0437e-05
particleRecv,58,2,5.4385e-05
particleRecv,58,3,5.4646e-05
particleRecv,58,4,4.7883e-05
particleRecv,58,5,4.9225e-05
particleRecv,58,6,5.8122e-05
particleRecv,58,7,5.9605e-05
particleRecv,58,8,6.3493e-05
particleRecv,58,9,6.6348e-05
particleDestroy,58,0,0.007592953
particleDestroy,58,1,0.007587302
particleDestroy,58,2,0.00759156
particleDestroy,58,3,0.007593715
particleDestroy,58,4,0.007607191
particleDestroy,58,5,0.007583995
particleDestroy,58,6,0.007577682
particleDestroy,58,7,0.007602171
particleDestroy,58,8,0.007526204
particleDestroy,58,9,0.007594466
ScatterPIFNUFFT,58,0,2.043690743
ScatterPIFNUFFT,58,1,0.001238014
ScatterPIFNUFFT,58,2,2.043019203
ScatterPIFNUFFT,58,3,0.001235529
ScatterPIFNUFFT,58,4,2.053775042
ScatterPIFNUFFT,58,5,0.001243034
ScatterPIFNUFFT,58,6,2.052789047
ScatterPIFNUFFT,58,7,0.001232874
ScatterPIFNUFFT,58,8,2.048198798
ScatterPIFNUFFT,58,9,0.00123088
ScatterPIFNUFFT,58,10,2.046324997
ScatterPIFNUFFT,58,11,0.001238264
ScatterPIFNUFFT,58,12,2.045004723
ScatterPIFNUFFT,58,13,0.001247322
ScatterPIFNUFFT,58,14,2.048891771
ScatterPIFNUFFT,58,15,0.001237162
ScatterPIFNUFFT,58,16,2.049735995
ScatterPIFNUFFT,58,17,0.001245609
ScatterPIFNUFFT,58,18,2.045874395
ScatterPIFNUFFT,58,19,0.001243805
NativeNUFFT1,58,0,2.04186878
NativeNUFFT1,58,1,2.041195838
NativeNUFFT1,58,2,2.051939141
NativeNUFFT1,58,3,2.05095984
NativeNUFFT1,58,4,2.04637956
NativeNUFFT1,58,5,2.044319238
NativeNUFFT1,58,6,2.043161298
NativeNUFFT1,58,7,2.047056503
NativeNUFFT1,58,8,2.047906446
NativeNUFFT1,58,9,2.044019689
scatterTimerNUFFT1,58,0,1.913160091
scatterTimerNUFFT1,58,1,1.914946295
scatterTimerNUFFT1,58,2,1.917527435
scatterTimerNUFFT1,58,3,1.916219758
scatterTimerNUFFT1,58,4,1.914024972
scatterTimerNUFFT1,58,5,1.916250958
scatterTimerNUFFT1,58,6,1.915732685
scatterTimerNUFFT1,58,7,1.915012575
scatterTimerNUFFT1,58,8,1.91374295
scatterTimerNUFFT1,58,9,1.916338297
binSort,58,0,0.006983785
binSort,58,1,0.006986831
binSort,58,2,0.007049471
binSort,58,3,0.007004785
binSort,58,4,0.00696092
binSort,58,5,0.006990448
binSort,58,6,0.007181728
binSort,58,7,0.006970871
binSort,58,8,0.007023261
binSort,58,9,0.006960329
binComputeKeys,58,0,0.000537158
binComputeKeys,58,1,0.000540205
binComputeKeys,58,2,0.000534334
binComputeKeys,58,3,0.000533291
binComputeKeys,58,4,0.000533492
binComputeKeys,58,5,0.000531909
binComputeKeys,58,6,0.000535065
binComputeKeys,58,7,0.000535556
binComputeKeys,58,8,0.000533331
binComputeKeys,58,9,0.000538761
binSortByKey,58,0,0.006238113
binSortByKey,58,1,0.006237171
binSortByKey,58,2,0.006312907
binSortByKey,58,3,0.006261988
binSortByKey,58,4,0.006220117
binSortByKey,58,5,0.006235448
binSortByKey,58,6,0.006437829
binSortByKey,58,7,0.006227163
binSortByKey,58,8,0.006278401
binSortByKey,58,9,0.006209297
binComputeOffsets,58,0,0.000205728
binComputeOffsets,58,1,0.000205358
binComputeOffsets,58,2,0.000199196
binComputeOffsets,58,3,0.000206299
binComputeOffsets,58,4,0.000203934
binComputeOffsets,58,5,0.000219554
binComputeOffsets,58,6,0.000205498
binComputeOffsets,58,7,0.000204946
binComputeOffsets,58,8,0.000206649
binComputeOffsets,58,9,0.000208854
FFTNUFFT1,58,0,0.128392497
FFTNUFFT1,58,1,0.12593837
FFTNUFFT1,58,2,0.134092199
FFTNUFFT1,58,3,0.134312464
FFTNUFFT1,58,4,0.132039759
FFTNUFFT1,58,5,0.127744093
FFTNUFFT1,58,6,0.127110287
FFTNUFFT1,58,7,0.131729731
FFTNUFFT1,58,8,0.13384504
FFTNUFFT1,58,9,0.127363988
deconvolutionNUFFT1,58,0,0.000311964
deconvolutionNUFFT1,58,1,0.000307154
deconvolutionNUFFT1,58,2,0.000315169
deconvolutionNUFFT1,58,3,0.00042399
deconvolutionNUFFT1,58,4,0.00030987
deconvolutionNUFFT1,58,5,0.000319267
deconvolutionNUFFT1,58,6,0.000314378
deconvolutionNUFFT1,58,7,0.00031038
deconvolutionNUFFT1,58,8,0.000313046
deconvolutionNUFFT1,58,9,0.000313005
GatherPIFNUFFT,58,0,4.09924167
GatherPIFNUFFT,58,1,4.091716927
GatherPIFNUFFT,58,2,4.082459447
GatherPIFNUFFT,58,3,4.077466102
GatherPIFNUFFT,58,4,4.075079918
GatherPIFNUFFT,58,5,4.07067087
GatherPIFNUFFT,58,6,4.061264815
GatherPIFNUFFT,58,7,4.048283355
GatherPIFNUFFT,58,8,4.038036625
GatherPIFNUFFT,58,9,4.037689078
NativeNUFFT2,58,0,1.257648787
NativeNUFFT2,58,1,1.417533092
NativeNUFFT2,58,2,1.413971784
NativeNUFFT2,58,3,1.257880314
NativeNUFFT2,58,4,1.415112038
NativeNUFFT2,58,5,1.408651156
NativeNUFFT2,58,6,1.252746888
NativeNUFFT2,58,7,1.409155641
NativeNUFFT2,58,8,1.410513957
NativeNUFFT2,58,9,1.252695519
NativeNUFFT2,58,10,1.406314747
NativeNUFFT2,58,11,1.408429758
NativeNUFFT2,58,12,1.249300675
NativeNUFFT2,58,13,1.410837113
NativeNUFFT2,58,14,1.404835527
NativeNUFFT2,58,15,1.247098175
NativeNUFFT2,58,16,1.408933641
NativeNUFFT2,58,17,1.404572939
NativeNUFFT2,58,18,1.251241046
NativeNUFFT2,58,19,1.402602158
NativeNUFFT2,58,20,1.397262957
NativeNUFFT2,58,21,1.241251153
NativeNUFFT2,58,22,1.398350613
NativeNUFFT2,58,23,1.398537824
NativeNUFFT2,58,24,1.23862491
NativeNUFFT2,58,25,1.391628248
NativeNUFFT2,58,26,1.397629162
NativeNUFFT2,58,27,1.236526461
NativeNUFFT2,58,28,1.393136994
NativeNUFFT2,58,29,1.397838334
PrecorrectionNUFFT2,58,0,0.000573569
PrecorrectionNUFFT2,58,1,0.000553109
PrecorrectionNUFFT2,58,2,0.000553581
PrecorrectionNUFFT2,58,3,0.000570664
PrecorrectionNUFFT2,58,4,0.000557648
PrecorrectionNUFFT2,58,5,0.000547919
PrecorrectionNUFFT2,58,6,0.000566866
PrecorrectionNUFFT2,58,7,0.000557749
PrecorrectionNUFFT2,58,8,0.000547959
PrecorrectionNUFFT2,58,9,0.000564611
PrecorrectionNUFFT2,58,10,0.000547278
PrecorrectionNUFFT2,58,11,0.000548691
PrecorrectionNUFFT2,58,12,0.000580342
PrecorrectionNUFFT2,58,13,0.00056903
PrecorrectionNUFFT2,58,14,0.000574161
PrecorrectionNUFFT2,58,15,0.000570173
PrecorrectionNUFFT2,58,16,0.000563089
PrecorrectionNUFFT2,58,17,0.000550786
PrecorrectionNUFFT2,58,18,0.000590873
PrecorrectionNUFFT2,58,19,0.000568379
PrecorrectionNUFFT2,58,20,0.000567578
PrecorrectionNUFFT2,58,21,0.00057912
PrecorrectionNUFFT2,58,22,0.000564882
PrecorrectionNUFFT2,58,23,0.000564381
PrecorrectionNUFFT2,58,24,0.000583548
PrecorrectionNUFFT2,58,25,0.000570894
PrecorrectionNUFFT2,58,26,0.000566936
PrecorrectionNUFFT2,58,27,0.000572116
PrecorrectionNUFFT2,58,28,0.000563019
PrecorrectionNUFFT2,58,29,0.000573268
FFTNUFFT2,58,0,0.139186639
FFTNUFFT2,58,1,0.295078874
FFTNUFFT2,58,2,0.292540666
FFTNUFFT2,58,3,0.13077833
FFTNUFFT2,58,4,0.292123969
FFTNUFFT2,58,5,0.288710989
FFTNUFFT2,58,6,0.126235957
FFTNUFFT2,58,7,0.29068635
FFTNUFFT2,58,8,0.291714818
FFTNUFFT2,58,9,0.133078899
FFTNUFFT2,58,10,0.28811107
FFTNUFFT2,58,11,0.292648805
FFTNUFFT2,58,12,0.132773299
FFTNUFFT2,58,13,0.28990512
FFTNUFFT2,58,14,0.288299545
FFTNUFFT2,58,15,0.137433339
FFTNUFFT2,58,16,0.29688213
FFTNUFFT2,58,17,0.295656661
FFTNUFFT2,58,18,0.136153635
FFTNUFFT2,58,19,0.290353767
FFTNUFFT2,58,20,0.286070485
FFTNUFFT2,58,21,0.129575196
FFTNUFFT2,58,22,0.284822733
FFTNUFFT2,58,23,0.290522934
FFTNUFFT2,58,24,0.128288235
FFTNUFFT2,58,25,0.285259846
FFTNUFFT2,58,26,0.290518184
FFTNUFFT2,58,27,0.13587674
FFTNUFFT2,58,28,0.290813157
FFTNUFFT2,58,29,0.291344705
GatherNUFFT2,58,0,1.117880433
GatherNUFFT2,58,1,1.121893513
GatherNUFFT2,58,2,1.120870685
GatherNUFFT2,58,3,1.126523485
GatherNUFFT2,58,4,1.122422224
GatherNUFFT2,58,5,1.119384231
GatherNUFFT2,58,6,1.125935017
GatherNUFFT2,58,7,1.117903597
GatherNUFFT2,58,8,1.118242623
GatherNUFFT2,58,9,1.119043462
GatherNUFFT2,58,10,1.117648373
GatherNUFFT2,58,11,1.115224638
GatherNUFFT2,58,12,1.115938207
GatherNUFFT2,58,13,1.120354617
GatherNUFFT2,58,14,1.115954127
GatherNUFFT2,58,15,1.109086547
GatherNUFFT2,58,16,1.111480286
GatherNUFFT2,58,17,1.108357307
GatherNUFFT2,58,18,1.114488283
GatherNUFFT2,58,19,1.111672487
GatherNUFFT2,58,20,1.110617872
GatherNUFFT2,58,21,1.111089063
GatherNUFFT2,58,22,1.112954191
GatherNUFFT2,58,23,1.107442012
GatherNUFFT2,58,24,1.10974455
GatherNUFFT2,58,25,1.105789722
GatherNUFFT2,58,26,1.106534743
GatherNUFFT2,58,27,1.100069279
GatherNUFFT2,58,28,1.101750668
GatherNUFFT2,58,29,1.105911483
mainTimer,59,0,63.095165607
dumpData,59,0,0.106779482
dumpData,59,1,0.10464748
dumpData,59,2,0.104160688
dumpData,59,3,0.105679716
dumpData,59,4,0.106089989
dumpData,59,5,0.095390651
dumpData,59,6,0.097268681
dumpData,59,7,0.100940782
dumpData,59,8,0.093195034
dumpData,59,9,0.10461852
kick,59,0,0.001090959
kick,59,1,0.001122681
kick,59,2,0.001080299
kick,59,3,0.001129364
kick,59,4,0.001075059
kick,59,5,0.001129976
kick,59,6,0.001088595
kick,59,7,0.00111718
kick,59,8,0.001074608
kick,59,9,0.001113222
kick,59,10,0.001092041
kick,59,11,0.001124915
kick,59,12,0.001083105
kick,59,13,0.00110111
kick,59,14,0.001079056
kick,59,15,0.001125316
kick,59,16,0.001078706
kick,59,17,0.001123362
kick,59,18,0.001086431
kick,59,19,0.001118964
drift,59,0,0.001066602
drift,59,1,0.001067885
drift,59,2,0.00106065
drift,59,3,0.001079758
drift,59,4,0.001067064
drift,59,5,0.001064037
drift,59,6,0.001072314
drift,59,7,0.001077073
drift,59,8,0.001064448
drift,59,9,0.001067955
particleBC,59,0,0.003173075
particleBC,59,1,0.003175781
particleBC,59,2,0.003189939
particleBC,59,3,0.003174949
particleBC,59,4,0.003173768
particleBC,59,5,0.003220778
particleBC,59,6,0.003241468
particleBC,59,7,0.003181633
particleBC,59,8,0.003194196
particleBC,59,9,0.003182163
updateParticle,59,0,0.020224108
updateParticle,59,1,0.018669481
updateParticle,59,2,0.019887747
updateParticle,59,3,0.018321519
updateParticle,59,4,0.018610739
updateParticle,59,5,0.017625743
updateParticle,59,6,0.017408984
updateParticle,59,7,0.017616124
updateParticle,59,8,0.019370117
updateParticle,59,9,0.017422171
locateParticles,59,0,0.004435297
locateParticles,59,1,0.004460846
locateParticles,59,2,0.004422592
locateParticles,59,3,0.00442196
locateParticles,59,4,0.004419536
locateParticles,59,5,0.004392905
locateParticles,59,6,0.004445356
locateParticles,59,7,0.004439866
locateParticles,59,8,0.004395178
locateParticles,59,9,0.004400128
sendPreprocess,59,0,0.000943064
sendPreprocess,59,1,0.000893558
sendPreprocess,59,2,0.001139143
sendPreprocess,59,3,0.000873619
sendPreprocess,59,4,0.001099907
sendPreprocess,59,5,0.000898638
sendPreprocess,59,6,0.000843221
sendPreprocess,59,7,0.000955658
sendPreprocess,59,8,0.00099308
sendPreprocess,59,9,0.00100865
particleSend,59,0,0.003834174
particleSend,59,1,0.002672127
particleSend,59,2,0.001728714
particleSend,59,3,0.001806984
particleSend,59,4,0.001741187
particleSend,59,5,0.001735957
particleSend,59,6,0.001785233
particleSend,59,7,0.001794019
particleSend,59,8,0.001722441
particleSend,59,9,0.001727581
particleRecv,59,0,5.1179e-05
particleRecv,59,1,6.3794e-05
particleRecv,59,2,5.8794e-05
particleRecv,59,3,5.5698e-05
particleRecv,59,4,5.4204e-05
particleRecv,59,5,5.5667e-05
particleRecv,59,6,5.6048e-05
particleRecv,59,7,5.1951e-05
particleRecv,59,8,5.2923e-05
particleRecv,59,9,5.2211e-05
particleDestroy,59,0,0.008118589
particleDestroy,59,1,0.00812394
particleDestroy,59,2,0.008098951
particleDestroy,59,3,0.008098631
particleDestroy,59,4,0.008060507
particleDestroy,59,5,0.008066088
particleDestroy,59,6,0.008100544
particleDestroy,59,7,0.008112698
particleDestroy,59,8,0.008119612
particleDestroy,59,9,0.008108871
ScatterPIFNUFFT,59,0,2.052117437
ScatterPIFNUFFT,59,1,0.001255367
ScatterPIFNUFFT,59,2,2.049377219
ScatterPIFNUFFT,59,3,0.001261399
ScatterPIFNUFFT,59,4,2.055939617
ScatterPIFNUFFT,59,5,0.001267751
ScatterPIFNUFFT,59,6,2.053668538
ScatterPIFNUFFT,59,7,0.001267551
ScatterPIFNUFFT,59,8,2.053509077
ScatterPIFNUFFT,59,9,0.001262842
ScatterPIFNUFFT,59,10,2.052223874
ScatterPIFNUFFT,59,11,0.00127248
ScatterPIFNUFFT,59,12,2.050984095
ScatterPIFNUFFT,59,13,0.00126213
ScatterPIFNUFFT,59,14,2.054635299
ScatterPIFNUFFT,59,15,0.001265387
ScatterPIFNUFFT,59,16,2.053837896
ScatterPIFNUFFT,59,17,0.001264425
ScatterPIFNUFFT,59,18,2.051779113
ScatterPIFNUFFT,59,19,0.001266048
NativeNUFFT1,59,0,2.050238263
NativeNUFFT1,59,1,2.047447156
NativeNUFFT1,59,2,2.054018512
NativeNUFFT1,59,3,2.051745679
NativeNUFFT1,59,4,2.05160234
NativeNUFFT1,59,5,2.050126628
NativeNUFFT1,59,6,2.049084563
NativeNUFFT1,59,7,2.052745674
NativeNUFFT1,59,8,2.051936108
NativeNUFFT1,59,9,2.049895051
scatterTimerNUFFT1,59,0,1.913169649
scatterTimerNUFFT1,59,1,1.914620415
scatterTimerNUFFT1,59,2,1.914999567
scatterTimerNUFFT1,59,3,1.916385248
scatterTimerNUFFT1,59,4,1.914793199
scatterTimerNUFFT1,59,5,1.916554145
scatterTimerNUFFT1,59,6,1.916312146
scatterTimerNUFFT1,59,7,1.914956005
scatterTimerNUFFT1,59,8,1.914579968
scatterTimerNUFFT1,59,9,1.916839356
binSort,59,0,0.007383217
binSort,59,1,0.007388597
binSort,59,2,0.007373838
binSort,59,3,0.007387084
binSort,59,4,0.007374981
binSort,59,5,0.007388558
binSort,59,6,0.007594326
binSort,59,7,0.007351766
binSort,59,8,0.007401773
binSort,59,9,0.007415359
binComputeKeys,59,0,0.000545696
binComputeKeys,59,1,0.000547139
binComputeKeys,59,2,0.000551376
binComputeKeys,59,3,0.000552328
binComputeKeys,59,4,0.000552568
binComputeKeys,59,5,0.000549172
binComputeKeys,59,6,0.0007344
binComputeKeys,59,7,0.000550455
binComputeKeys,59,8,0.000545414
binComputeKeys,59,9,0.000546847
binSortByKey,59,0,0.006620553
binSortByKey,59,1,0.006622606
binSortByKey,59,2,0.006605953
binSortByKey,59,3,0.006618058
binSortByKey,59,4,0.006606645
binSortByKey,59,5,0.006622567
binSortByKey,59,6,0.006646533
binSortByKey,59,7,0.006585324
binSortByKey,59,8,0.00664004
binSortByKey,59,9,0.006651412
binComputeOffsets,59,0,0.000214114
binComputeOffsets,59,1,0.000215296
binComputeOffsets,59,2,0.000213663
binComputeOffsets,59,3,0.000213523
binComputeOffsets,59,4,0.000212421
binComputeOffsets,59,5,0.000213723
binComputeOffsets,59,6,0.000210176
binComputeOffsets,59,7,0.000212501
binComputeOffsets,59,8,0.000211589
binComputeOffsets,59,9,0.000213163
FFTNUFFT1,59,0,0.136756441
FFTNUFFT1,59,1,0.132515379
FFTNUFFT1,59,2,0.13870623
FFTNUFFT1,59,3,0.135053317
FFTNUFFT1,59,4,0.136491969
FFTNUFFT1,59,5,0.133258867
FFTNUFFT1,59,6,0.132461546
FFTNUFFT1,59,7,0.137481855
FFTNUFFT1,59,8,0.137044939
FFTNUFFT1,59,9,0.132744092
deconvolutionNUFFT1,59,0,0.000308266
deconvolutionNUFFT1,59,1,0.000307495
deconvolutionNUFFT1,59,2,0.000308887
deconvolutionNUFFT1,59,3,0.000303247
deconvolutionNUFFT1,59,4,0.000312575
deconvolutionNUFFT1,59,5,0.000309248
deconvolutionNUFFT1,59,6,0.000307134
deconvolutionNUFFT1,59,7,0.000303968
deconvolutionNUFFT1,59,8,0.000305551
deconvolutionNUFFT1,59,9,0.000307615
GatherPIFNUFFT,59,0,4.153888954
GatherPIFNUFFT,59,1,4.148488528
GatherPIFNUFFT,59,2,4.141215576
GatherPIFNUFFT,59,3,4.139121928
GatherPIFNUFFT,59,4,4.128937655
GatherPIFNUFFT,59,5,4.136830544
GatherPIFNUFFT,59,6,4.120694215
GatherPIFNUFFT,59,7,4.106743262
GatherPIFNUFFT,59,8,4.10202892
GatherPIFNUFFT,59,9,4.091635529
NativeNUFFT2,59,0,1.314667636
NativeNUFFT2,59,1,1.425186681
NativeNUFFT2,59,2,1.403655075
NativeNUFFT2,59,3,1.321000723
NativeNUFFT2,59,4,1.413673056
NativeNUFFT2,59,5,1.403320297
NativeNUFFT2,59,6,1.318899619
NativeNUFFT2,59,7,1.413410971
NativeNUFFT2,59,8,1.398388771
NativeNUFFT2,59,9,1.319667486
NativeNUFFT2,59,10,1.401768886
NativeNUFFT2,59,11,1.407266348
NativeNUFFT2,59,12,1.310376578
NativeNUFFT2,59,13,1.412804988
NativeNUFFT2,59,14,1.395241935
NativeNUFFT2,59,15,1.313450893
NativeNUFFT2,59,16,1.39610854
NativeNUFFT2,59,17,1.416748624
NativeNUFFT2,59,18,1.311289204
NativeNUFFT2,59,19,1.395651388
NativeNUFFT2,59,20,1.403362572
NativeNUFFT2,59,21,1.297808731
NativeNUFFT2,59,22,1.396220302
NativeNUFFT2,59,23,1.402305611
NativeNUFFT2,59,24,1.302531819
NativeNUFFT2,59,25,1.385443579
NativeNUFFT2,59,26,1.403628473
NativeNUFFT2,59,27,1.303794971
NativeNUFFT2,59,28,1.391494067
NativeNUFFT2,59,29,1.385840667
PrecorrectionNUFFT2,59,0,0.000559522
PrecorrectionNUFFT2,59,1,0.000556907
PrecorrectionNUFFT2,59,2,0.000549573
PrecorrectionNUFFT2,59,3,0.000581054
PrecorrectionNUFFT2,59,4,0.000567989
PrecorrectionNUFFT2,59,5,0.000564482
PrecorrectionNUFFT2,59,6,0.000801189
PrecorrectionNUFFT2,59,7,0.000567567
PrecorrectionNUFFT2,59,8,0.000572607
PrecorrectionNUFFT2,59,9,0.000562849
PrecorrectionNUFFT2,59,10,0.000545074
PrecorrectionNUFFT2,59,11,0.000550054
PrecorrectionNUFFT2,59,12,0.000575252
PrecorrectionNUFFT2,59,13,0.000585212
PrecorrectionNUFFT2,59,14,0.000567548
PrecorrectionNUFFT2,59,15,0.000576735
PrecorrectionNUFFT2,59,16,0.00057398
PrecorrectionNUFFT2,59,17,0.000571505
PrecorrectionNUFFT2,59,18,0.00055865
PrecorrectionNUFFT2,59,19,0.000546557
PrecorrectionNUFFT2,59,20,0.000554733
PrecorrectionNUFFT2,59,21,0.000565113
PrecorrectionNUFFT2,59,22,0.000547248
PrecorrectionNUFFT2,59,23,0.000547329
PrecorrectionNUFFT2,59,24,0.000557798
PrecorrectionNUFFT2,59,25,0.000551346
PrecorrectionNUFFT2,59,26,0.000555224
PrecorrectionNUFFT2,59,27,0.000575282
PrecorrectionNUFFT2,59,28,0.000567858
PrecorrectionNUFFT2,59,29,0.000564602
FFTNUFFT2,59,0,0.134397529
FFTNUFFT2,59,1,0.23339309
FFTNUFFT2,59,2,0.222751812
FFTNUFFT2,59,3,0.130375702
FFTNUFFT2,59,4,0.22593081
FFTNUFFT2,59,5,0.22316412
FFTNUFFT2,59,6,0.128718016
FFTNUFFT2,59,7,0.224559287
FFTNUFFT2,59,8,0.220229756
FFTNUFFT2,59,9,0.133257224
FFTNUFFT2,59,10,0.223855657
FFTNUFFT2,59,11,0.232747692
FFTNUFFT2,59,12,0.13187458
FFTNUFFT2,59,13,0.229239658
FFTNUFFT2,59,14,0.223649479
FFTNUFFT2,59,15,0.136577474
FFTNUFFT2,59,16,0.228287427
FFTNUFFT2,59,17,0.228603879
FFTNUFFT2,59,18,0.135782307
FFTNUFFT2,59,19,0.227163293
FFTNUFFT2,59,20,0.230665576
FFTNUFFT2,59,21,0.129553653
FFTNUFFT2,59,22,0.225653003
FFTNUFFT2,59,23,0.231423492
FFTNUFFT2,59,24,0.126585092
FFTNUFFT2,59,25,0.221167809
FFTNUFFT2,59,26,0.231920874
FFTNUFFT2,59,27,0.133460418
FFTNUFFT2,59,28,0.221421281
FFTNUFFT2,59,29,0.223731838
GatherNUFFT2,59,0,1.179703111
GatherNUFFT2,59,1,1.19122934
GatherNUFFT2,59,2,1.180344962
GatherNUFFT2,59,3,1.190035832
GatherNUFFT2,59,4,1.187166413
GatherNUFFT2,59,5,1.179584212
GatherNUFFT2,59,6,1.189372819
GatherNUFFT2,59,7,1.188275408
GatherNUFFT2,59,8,1.177578002
GatherNUFFT2,59,9,1.185839037
GatherNUFFT2,59,10,1.1773602
GatherNUFFT2,59,11,1.173960927
GatherNUFFT2,59,12,1.17791871
GatherNUFFT2,59,13,1.182972472
GatherNUFFT2,59,14,1.171017766
GatherNUFFT2,59,15,1.176289339
GatherNUFFT2,59,16,1.167236403
GatherNUFFT2,59,17,1.187565193
GatherNUFFT2,59,18,1.174940681
GatherNUFFT2,59,19,1.167934423
GatherNUFFT2,59,20,1.172134637
GatherNUFFT2,59,21,1.167682661
GatherNUFFT2,59,22,1.170012848
GatherNUFFT2,59,23,1.170327288
GatherNUFFT2,59,24,1.175380563
GatherNUFFT2,59,25,1.163717519
GatherNUFFT2,59,26,1.171144091
GatherNUFFT2,59,27,1.169750444
GatherNUFFT2,59,28,1.169497694
GatherNUFFT2,59,29,1.161534908
mainTimer,60,0,63.095166719
dumpData,60,0,0.17090293
dumpData,60,1,0.171064713
dumpData,60,2,0.168417144
dumpData,60,3,0.17084575
dumpData,60,4,0.169807022
dumpData,60,5,0.175589053
dumpData,60,6,0.16948156
dumpData,60,7,0.171418509
dumpData,60,8,0.164082602
dumpData,60,9,0.176338448
kick,60,0,0.00104982
kick,60,1,0.001113593
kick,60,2,0.001057024
kick,60,3,0.001098444
kick,60,4,0.001063056
kick,60,5,0.001109054
kick,60,6,0.001052806
kick,60,7,0.001103794
kick,60,8,0.001059259
kick,60,9,0.001105287
kick,60,10,0.0010701
kick,60,11,0.00110147
kick,60,12,0.001064639
kick,60,13,0.001077724
kick,60,14,0.001055441
kick,60,15,0.001097563
kick,60,16,0.001048588
kick,60,17,0.001100819
kick,60,18,0.001057405
kick,60,19,0.001102502
drift,60,0,0.001052926
drift,60,1,0.001047626
drift,60,2,0.001040922
drift,60,3,0.001058246
drift,60,4,0.001046624
drift,60,5,0.00106015
drift,60,6,0.001043408
drift,60,7,0.001048888
drift,60,8,0.001055932
drift,60,9,0.001045261
particleBC,60,0,0.002987537
particleBC,60,1,0.003002015
particleBC,60,2,0.003015862
particleBC,60,3,0.003007666
particleBC,60,4,0.002998228
particleBC,60,5,0.003013618
particleBC,60,6,0.003039317
particleBC,60,7,0.003022766
particleBC,60,8,0.003027305
particleBC,60,9,0.002988258
updateParticle,60,0,0.020572732
updateParticle,60,1,0.018911329
updateParticle,60,2,0.02006484
updateParticle,60,3,0.018456591
updateParticle,60,4,0.01887559
updateParticle,60,5,0.018026327
updateParticle,60,6,0.017531982
updateParticle,60,7,0.017768259
updateParticle,60,8,0.019611383
updateParticle,60,9,0.017729435
locateParticles,60,0,0.004234028
locateParticles,60,1,0.004262773
locateParticles,60,2,0.004243065
locateParticles,60,3,0.004236703
locateParticles,60,4,0.004197416
locateParticles,60,5,0.004225451
locateParticles,60,6,0.004233526
locateParticles,60,7,0.004200232
locateParticles,60,8,0.004202466
locateParticles,60,9,0.004216924
sendPreprocess,60,0,0.001382294
sendPreprocess,60,1,0.001309843
sendPreprocess,60,2,0.001523736
sendPreprocess,60,3,0.001282951
sendPreprocess,60,4,0.001531461
sendPreprocess,60,5,0.001298521
sendPreprocess,60,6,0.00130268
sendPreprocess,60,7,0.001403504
sendPreprocess,60,8,0.001391832
sendPreprocess,60,9,0.001438221
particleSend,60,0,0.001971232
particleSend,60,1,0.001752899
particleSend,60,2,0.001737811
particleSend,60,3,0.001810071
particleSend,60,4,0.001734865
particleSend,60,5,0.001740315
particleSend,60,6,0.001727801
particleSend,60,7,0.001709425
particleSend,60,8,0.0017426
particleSend,60,9,0.001731849
particleRecv,60,0,6.0567e-05
particleRecv,60,1,6.3964e-05
particleRecv,60,2,5.7491e-05
particleRecv,60,3,6.1869e-05
particleRecv,60,4,5.3473e-05
particleRecv,60,5,6.4736e-05
particleRecv,60,6,5.4596e-05
particleRecv,60,7,5.8052e-05
particleRecv,60,8,5.696e-05
particleRecv,60,9,6.4294e-05
particleDestroy,60,0,0.007661846
particleDestroy,60,1,0.008043173
particleDestroy,60,2,0.00782407
particleDestroy,60,3,0.007831203
particleDestroy,60,4,0.007656336
particleDestroy,60,5,0.007634784
particleDestroy,60,6,0.007988427
particleDestroy,60,7,0.007629484
particleDestroy,60,8,0.007641466
particleDestroy,60,9,0.007851994
ScatterPIFNUFFT,60,0,2.043786238
ScatterPIFNUFFT,60,1,0.001238465
ScatterPIFNUFFT,60,2,2.045305224
ScatterPIFNUFFT,60,3,0.001239166
ScatterPIFNUFFT,60,4,2.050879372
ScatterPIFNUFFT,60,5,0.001250017
ScatterPIFNUFFT,60,6,2.058712952
ScatterPIFNUFFT,60,7,0.001240669
ScatterPIFNUFFT,60,8,2.052685886
ScatterPIFNUFFT,60,9,0.001243264
ScatterPIFNUFFT,60,10,2.050402472
ScatterPIFNUFFT,60,11,0.001244347
ScatterPIFNUFFT,60,12,2.046266453
ScatterPIFNUFFT,60,13,0.001240519
ScatterPIFNUFFT,60,14,2.046131494
ScatterPIFNUFFT,60,15,0.001247702
ScatterPIFNUFFT,60,16,2.047473669
ScatterPIFNUFFT,60,17,0.001251731
ScatterPIFNUFFT,60,18,2.047576547
ScatterPIFNUFFT,60,19,0.00124112
NativeNUFFT1,60,0,2.041963012
NativeNUFFT1,60,1,2.043452051
NativeNUFFT1,60,2,2.049032592
NativeNUFFT1,60,3,2.056883245
NativeNUFFT1,60,4,2.050855325
NativeNUFFT1,60,5,2.048517587
NativeNUFFT1,60,6,2.044447154
NativeNUFFT1,60,7,2.044302177
NativeNUFFT1,60,8,2.045645955
NativeNUFFT1,60,9,2.045739124
scatterTimerNUFFT1,60,0,1.91396606
scatterTimerNUFFT1,60,1,1.915974233
scatterTimerNUFFT1,60,2,1.917396722
scatterTimerNUFFT1,60,3,1.91550689
scatterTimerNUFFT1,60,4,1.914418213
scatterTimerNUFFT1,60,5,1.915933215
scatterTimerNUFFT1,60,6,1.915176389
scatterTimerNUFFT1,60,7,1.915824714
scatterTimerNUFFT1,60,8,1.914140179
scatterTimerNUFFT1,60,9,1.91626729
binSort,60,0,0.006922908
binSort,60,1,0.00687796
binSort,60,2,0.006925672
binSort,60,3,0.006927786
binSort,60,4,0.006925522
binSort,60,5,0.006920773
binSort,60,6,0.006945661
binSort,60,7,0.006947876
binSort,60,8,0.006920953
binSort,60,9,0.006906545
binComputeKeys,60,0,0.000533993
binComputeKeys,60,1,0.000535255
binComputeKeys,60,2,0.000533272
binComputeKeys,60,3,0.000538662
binComputeKeys,60,4,0.000537179
binComputeKeys,60,5,0.000535797
binComputeKeys,60,6,0.000536517
binComputeKeys,60,7,0.000538772
binComputeKeys,60,8,0.000541678
binComputeKeys,60,9,0.000531047
binSortByKey,60,0,0.006182265
binSortByKey,60,1,0.006135224
binSortByKey,60,2,0.006184749
binSortByKey,60,3,0.006180902
binSortByKey,60,4,0.006181132
binSortByKey,60,5,0.006177747
binSortByKey,60,6,0.006202283
binSortByKey,60,7,0.006200521
binSortByKey,60,8,0.00616953
binSortByKey,60,9,0.006168367
binComputeOffsets,60,0,0.000203644
binComputeOffsets,60,1,0.000204165
binComputeOffsets,60,2,0.000204505
binComputeOffsets,60,3,0.000204676
binComputeOffsets,60,4,0.000203634
binComputeOffsets,60,5,0.000204005
binComputeOffsets,60,6,0.000203544
binComputeOffsets,60,7,0.000204947
binComputeOffsets,60,8,0.000204946
binComputeOffsets,60,9,0.000203664
FFTNUFFT1,60,0,0.127679217
FFTNUFFT1,60,1,0.127162378
FFTNUFFT1,60,2,0.131317053
FFTNUFFT1,60,3,0.141060503
FFTNUFFT1,60,4,0.136121252
FFTNUFFT1,60,5,0.132267851
FFTNUFFT1,60,6,0.128950676
FFTNUFFT1,60,7,0.12816125
FFTNUFFT1,60,8,0.13118718
FFTNUFFT1,60,9,0.129159369
deconvolutionNUFFT1,60,0,0.000313706
deconvolutionNUFFT1,60,1,0.000311513
deconvolutionNUFFT1,60,2,0.000314768
deconvolutionNUFFT1,60,3,0.000311552
deconvolutionNUFFT1,60,4,0.000311322
deconvolutionNUFFT1,60,5,0.000312104
deconvolutionNUFFT1,60,6,0.000316472
deconvolutionNUFFT1,60,7,0.000312144
deconvolutionNUFFT1,60,8,0.000312364
deconvolutionNUFFT1,60,9,0.000308607
GatherPIFNUFFT,60,0,4.097997204
GatherPIFNUFFT,60,1,4.086178798
GatherPIFNUFFT,60,2,4.082072429
GatherPIFNUFFT,60,3,4.069755081
GatherPIFNUFFT,60,4,4.06599553
GatherPIFNUFFT,60,5,4.058351617
GatherPIFNUFFT,60,6,4.053354549
GatherPIFNUFFT,60,7,4.044863001
GatherPIFNUFFT,60,8,4.037491492
GatherPIFNUFFT,60,9,4.024133869
NativeNUFFT2,60,0,1.255612309
NativeNUFFT2,60,1,1.414942382
NativeNUFFT2,60,2,1.417414511
NativeNUFFT2,60,3,1.251412778
NativeNUFFT2,60,4,1.408397474
NativeNUFFT2,60,5,1.416236794
NativeNUFFT2,60,6,1.243868319
NativeNUFFT2,60,7,1.414143046
NativeNUFFT2,60,8,1.414023685
NativeNUFFT2,60,9,1.238349448
NativeNUFFT2,60,10,1.411523901
NativeNUFFT2,60,11,1.40984804
NativeNUFFT2,60,12,1.23510834
NativeNUFFT2,60,13,1.415706599
NativeNUFFT2,60,14,1.405042957
NativeNUFFT2,60,15,1.238860615
NativeNUFFT2,60,16,1.408200384
NativeNUFFT2,60,17,1.401123989
NativeNUFFT2,60,18,1.242842545
NativeNUFFT2,60,19,1.404554133
NativeNUFFT2,60,20,1.395824716
NativeNUFFT2,60,21,1.232480123
NativeNUFFT2,60,22,1.402411355
NativeNUFFT2,60,23,1.39983873
NativeNUFFT2,60,24,1.231189912
NativeNUFFT2,60,25,1.396479108
NativeNUFFT2,60,26,1.399770683
NativeNUFFT2,60,27,1.230998753
NativeNUFFT2,60,28,1.394755493
NativeNUFFT2,60,29,1.38825748
PrecorrectionNUFFT2,60,0,0.000571505
PrecorrectionNUFFT2,60,1,0.000549032
PrecorrectionNUFFT2,60,2,0.000551537
PrecorrectionNUFFT2,60,3,0.00058474
PrecorrectionNUFFT2,60,4,0.000569472
PrecorrectionNUFFT2,60,5,0.00055813
PrecorrectionNUFFT2,60,6,0.000577326
PrecorrectionNUFFT2,60,7,0.000551877
PrecorrectionNUFFT2,60,8,0.000549051
PrecorrectionNUFFT2,60,9,0.000569851
PrecorrectionNUFFT2,60,10,0.000554603
PrecorrectionNUFFT2,60,11,0.000556626
PrecorrectionNUFFT2,60,12,0.000589259
PrecorrectionNUFFT2,60,13,0.000565373
PrecorrectionNUFFT2,60,14,0.000582716
PrecorrectionNUFFT2,60,15,0.000590652
PrecorrectionNUFFT2,60,16,0.000573379
PrecorrectionNUFFT2,60,17,0.000566245
PrecorrectionNUFFT2,60,18,0.000590472
PrecorrectionNUFFT2,60,19,0.000569732
PrecorrectionNUFFT2,60,20,0.000572177
PrecorrectionNUFFT2,60,21,0.00058925
PrecorrectionNUFFT2,60,22,0.000572236
PrecorrectionNUFFT2,60,23,0.000580383
PrecorrectionNUFFT2,60,24,0.000565664
PrecorrectionNUFFT2,60,25,0.000551537
PrecorrectionNUFFT2,60,26,0.000548811
PrecorrectionNUFFT2,60,27,0.000597776
PrecorrectionNUFFT2,60,28,0.000567237
PrecorrectionNUFFT2,60,29,0.000569532
FFTNUFFT2,60,0,0.133899065
FFTNUFFT2,60,1,0.295097961
FFTNUFFT2,60,2,0.291134016
FFTNUFFT2,60,3,0.128953642
FFTNUFFT2,60,4,0.290822243
FFTNUFFT2,60,5,0.296007359
FFTNUFFT2,60,6,0.125779504
FFTNUFFT2,60,7,0.298386529
FFTNUFFT2,60,8,0.293670852
FFTNUFFT2,60,9,0.126974765
FFTNUFFT2,60,10,0.295808575
FFTNUFFT2,60,11,0.28976088
FFTNUFFT2,60,12,0.131290762
FFTNUFFT2,60,13,0.296661945
FFTNUFFT2,60,14,0.288048298
FFTNUFFT2,60,15,0.133511796
FFTNUFFT2,60,16,0.297450149
FFTNUFFT2,60,17,0.301417972
FFTNUFFT2,60,18,0.132259444
FFTNUFFT2,60,19,0.294458975
FFTNUFFT2,60,20,0.290296787
FFTNUFFT2,60,21,0.129611716
FFTNUFFT2,60,22,0.293850489
FFTNUFFT2,60,23,0.297197551
FFTNUFFT2,60,24,0.131713338
FFTNUFFT2,60,25,0.293502315
FFTNUFFT2,60,26,0.29155018
FFTNUFFT2,60,27,0.13158988
FFTNUFFT2,60,28,0.292458938
FFTNUFFT2,60,29,0.292878801
GatherNUFFT2,60,0,1.121133143
GatherNUFFT2,60,1,1.119286321
GatherNUFFT2,60,2,1.125717808
GatherNUFFT2,60,3,1.121865007
GatherNUFFT2,60,4,1.116996482
GatherNUFFT2,60,5,1.119661868
GatherNUFFT2,60,6,1.117503463
GatherNUFFT2,60,7,1.115195701
GatherNUFFT2,60,8,1.119794725
GatherNUFFT2,60,9,1.110795352
GatherNUFFT2,60,10,1.115151725
GatherNUFFT2,60,11,1.119521776
GatherNUFFT2,60,12,1.103216867
GatherNUFFT2,60,13,1.118469782
GatherNUFFT2,60,14,1.116404378
GatherNUFFT2,60,15,1.104751183
GatherNUFFT2,60,16,1.110166606
GatherNUFFT2,60,17,1.09912785
GatherNUFFT2,60,18,1.10998305
GatherNUFFT2,60,19,1.109517131
GatherNUFFT2,60,20,1.104946775
GatherNUFFT2,60,21,1.102271232
GatherNUFFT2,60,22,1.107980433
GatherNUFFT2,60,23,1.10205203
GatherNUFFT2,60,24,1.098901723
GatherNUFFT2,60,25,1.10241637
GatherNUFFT2,60,26,1.107663365
GatherNUFFT2,60,27,1.09880215
GatherNUFFT2,60,28,1.101721322
GatherNUFFT2,60,29,1.094799588
mainTimer,61,0,63.095164115
dumpData,61,0,0.106316368
dumpData,61,1,0.106326908
dumpData,61,2,0.103428152
dumpData,61,3,0.105638076
dumpData,61,4,0.104500616
dumpData,61,5,0.104491048
dumpData,61,6,0.101505844
dumpData,61,7,0.104384562
dumpData,61,8,0.101724669
dumpData,61,9,0.103046901
kick,61,0,0.00109107
kick,61,1,0.001126669
kick,61,2,0.001104236
kick,61,3,0.001137148
kick,61,4,0.001092282
kick,61,5,0.001130957
kick,61,6,0.001088996
kick,61,7,0.001114275
kick,61,8,0.001090889
kick,61,9,0.001139814
kick,61,10,0.001082183
kick,61,11,0.001115928
kick,61,12,0.001097102
kick,61,13,0.001114254
kick,61,14,0.001084327
kick,61,15,0.001119094
kick,61,16,0.001104777
kick,61,17,0.001118273
kick,61,18,0.001087423
kick,61,19,0.001138462
drift,61,0,0.001067113
drift,61,1,0.001073566
drift,61,2,0.001080019
drift,61,3,0.001071883
drift,61,4,0.00108112
drift,61,5,0.001077884
drift,61,6,0.001066132
drift,61,7,0.001086171
drift,61,8,0.001092012
drift,61,9,0.001068326
particleBC,61,0,0.003166603
particleBC,61,1,0.003189558
particleBC,61,2,0.003177064
particleBC,61,3,0.003163427
particleBC,61,4,0.003225908
particleBC,61,5,0.003172866
particleBC,61,6,0.003179127
particleBC,61,7,0.003197494
particleBC,61,8,0.003196702
particleBC,61,9,0.003182023
updateParticle,61,0,0.020274515
updateParticle,61,1,0.018593826
updateParticle,61,2,0.019819105
updateParticle,61,3,0.018175486
updateParticle,61,4,0.018551684
updateParticle,61,5,0.017656121
updateParticle,61,6,0.017326605
updateParticle,61,7,0.017483929
updateParticle,61,8,0.01942304
updateParticle,61,9,0.017377694
locateParticles,61,0,0.004458462
locateParticles,61,1,0.004503209
locateParticles,61,2,0.004473911
locateParticles,61,3,0.004481737
locateParticles,61,4,0.004490092
locateParticles,61,5,0.004486666
locateParticles,61,6,0.004481636
locateParticles,61,7,0.004522585
locateParticles,61,8,0.004480113
locateParticles,61,9,0.00447366
sendPreprocess,61,0,0.000922083
sendPreprocess,61,1,0.000812651
sendPreprocess,61,2,0.001064488
sendPreprocess,61,3,0.000835536
sendPreprocess,61,4,0.000945949
sendPreprocess,61,5,0.000849774
sendPreprocess,61,6,0.000859072
sendPreprocess,61,7,0.000840265
sendPreprocess,61,8,0.000850855
sendPreprocess,61,9,0.000934757
particleSend,61,0,0.001952035
particleSend,61,1,0.00172725
particleSend,61,2,0.003714353
particleSend,61,3,0.001725377
particleSend,61,4,0.00290126
particleSend,61,5,0.001720727
particleSend,61,6,0.001743362
particleSend,61,7,0.001744994
particleSend,61,8,0.001759172
particleSend,61,9,0.001724284
particleRecv,61,0,5.665e-05
particleRecv,61,1,5.3293e-05
particleRecv,61,2,6.3704e-05
particleRecv,61,3,5.4496e-05
particleRecv,61,4,5.8543e-05
particleRecv,61,5,5.4826e-05
particleRecv,61,6,5.4435e-05
particleRecv,61,7,5.5007e-05
particleRecv,61,8,5.7301e-05
particleRecv,61,9,5.5577e-05
particleDestroy,61,0,0.008236898
particleDestroy,61,1,0.008350899
particleDestroy,61,2,0.008205397
particleDestroy,61,3,0.008249563
particleDestroy,61,4,0.008250605
particleDestroy,61,5,0.008225125
particleDestroy,61,6,0.008263849
particleDestroy,61,7,0.008265223
particleDestroy,61,8,0.008241307
particleDestroy,61,9,0.008225897
ScatterPIFNUFFT,61,0,2.049845685
ScatterPIFNUFFT,61,1,0.001262702
ScatterPIFNUFFT,61,2,2.051831525
ScatterPIFNUFFT,61,3,0.001264074
ScatterPIFNUFFT,61,4,2.04768721
ScatterPIFNUFFT,61,5,0.001261079
ScatterPIFNUFFT,61,6,2.050638147
ScatterPIFNUFFT,61,7,0.001266259
ScatterPIFNUFFT,61,8,2.04952343
ScatterPIFNUFFT,61,9,0.001261189
ScatterPIFNUFFT,61,10,2.047758609
ScatterPIFNUFFT,61,11,0.001263182
ScatterPIFNUFFT,61,12,2.052148016
ScatterPIFNUFFT,61,13,0.001270016
ScatterPIFNUFFT,61,14,2.054637433
ScatterPIFNUFFT,61,15,0.001257501
ScatterPIFNUFFT,61,16,2.053538497
ScatterPIFNUFFT,61,17,0.001258644
ScatterPIFNUFFT,61,18,2.054498993
ScatterPIFNUFFT,61,19,0.001264776
NativeNUFFT1,61,0,2.047961962
NativeNUFFT1,61,1,2.049943984
NativeNUFFT1,61,2,2.045804018
NativeNUFFT1,61,3,2.048747241
NativeNUFFT1,61,4,2.04760491
NativeNUFFT1,61,5,2.045667606
NativeNUFFT1,61,6,2.050248342
NativeNUFFT1,61,7,2.05274336
NativeNUFFT1,61,8,2.051664483
NativeNUFFT1,61,9,2.052609759
scatterTimerNUFFT1,61,0,1.912284638
scatterTimerNUFFT1,61,1,1.914352306
scatterTimerNUFFT1,61,2,1.915378189
scatterTimerNUFFT1,61,3,1.91564152
scatterTimerNUFFT1,61,4,1.91367184
scatterTimerNUFFT1,61,5,1.915710613
scatterTimerNUFFT1,61,6,1.915154246
scatterTimerNUFFT1,61,7,1.91422406
scatterTimerNUFFT1,61,8,1.913555749
scatterTimerNUFFT1,61,9,1.915478955
binSort,61,0,0.007446139
binSort,61,1,0.007381615
binSort,61,2,0.007392455
binSort,61,3,0.007383988
binSort,61,4,0.007388066
binSort,61,5,0.00737421
binSort,61,6,0.007390361
binSort,61,7,0.007385081
binSort,61,8,0.00738954
binSort,61,9,0.007356876
binComputeKeys,61,0,0.000549392
binComputeKeys,61,1,0.000547128
binComputeKeys,61,2,0.000548631
binComputeKeys,61,3,0.000544242
binComputeKeys,61,4,0.000545575
binComputeKeys,61,5,0.00055376
binComputeKeys,61,6,0.000541928
binComputeKeys,61,7,0.000546827
binComputeKeys,61,8,0.000545335
binComputeKeys,61,9,0.000540696
binSortByKey,61,0,0.0066815
binSortByKey,61,1,0.006617636
binSortByKey,61,2,0.006626262
binSortByKey,61,3,0.006622275
binSortByKey,61,4,0.00662443
binSortByKey,61,5,0.00660373
binSortByKey,61,6,0.006631053
binSortByKey,61,7,0.006621264
binSortByKey,61,8,0.00662456
binSortByKey,61,9,0.006598549
binComputeOffsets,61,0,0.00021224
binComputeOffsets,61,1,0.000213783
binComputeOffsets,61,2,0.000214294
binComputeOffsets,61,3,0.000214335
binComputeOffsets,61,4,0.000214585
binComputeOffsets,61,5,0.000213503
binComputeOffsets,61,6,0.000214054
binComputeOffsets,61,7,0.000213583
binComputeOffsets,61,8,0.000214285
binComputeOffsets,61,9,0.000214294
FFTNUFFT1,61,0,0.135371473
FFTNUFFT1,61,1,0.135281928
FFTNUFFT1,61,2,0.130118445
FFTNUFFT1,61,3,0.132803025
FFTNUFFT1,61,4,0.133620375
FFTNUFFT1,61,5,0.129644448
FFTNUFFT1,61,6,0.134782504
FFTNUFFT1,61,7,0.13820875
FFTNUFFT1,61,8,0.137796952
FFTNUFFT1,61,9,0.13682327
deconvolutionNUFFT1,61,0,0.000302084
deconvolutionNUFFT1,61,1,0.000305541
deconvolutionNUFFT1,61,2,0.000303307
deconvolutionNUFFT1,61,3,0.000298788
deconvolutionNUFFT1,61,4,0.000308457
deconvolutionNUFFT1,61,5,0.000308376
deconvolutionNUFFT1,61,6,0.000307284
deconvolutionNUFFT1,61,7,0.000306633
deconvolutionNUFFT1,61,8,0.000306292
deconvolutionNUFFT1,61,9,0.000303437
GatherPIFNUFFT,61,0,4.156589946
GatherPIFNUFFT,61,1,4.144375626
GatherPIFNUFFT,61,2,4.150270676
GatherPIFNUFFT,61,3,4.143160596
GatherPIFNUFFT,61,4,4.134478548
GatherPIFNUFFT,61,5,4.132244937
GatherPIFNUFFT,61,6,4.11540639
GatherPIFNUFFT,61,7,4.103408434
GatherPIFNUFFT,61,8,4.093691277
GatherPIFNUFFT,61,9,4.090522767
NativeNUFFT2,61,0,1.313465863
NativeNUFFT2,61,1,1.415868813
NativeNUFFT2,61,2,1.416726661
NativeNUFFT2,61,3,1.309209411
NativeNUFFT2,61,4,1.414919916
NativeNUFFT2,61,5,1.409733398
NativeNUFFT2,61,6,1.317479853
NativeNUFFT2,61,7,1.409865213
NativeNUFFT2,61,8,1.412473508
NativeNUFFT2,61,9,1.310768787
NativeNUFFT2,61,10,1.411568726
NativeNUFFT2,61,11,1.410234257
NativeNUFFT2,61,12,1.30707727
NativeNUFFT2,61,13,1.410811855
NativeNUFFT2,61,14,1.406172071
NativeNUFFT2,61,15,1.309267793
NativeNUFFT2,61,16,1.40537529
NativeNUFFT2,61,17,1.407166844
NativeNUFFT2,61,18,1.301939263
NativeNUFFT2,61,19,1.405383987
NativeNUFFT2,61,20,1.39754459
NativeNUFFT2,61,21,1.293310163
NativeNUFFT2,61,22,1.397821167
NativeNUFFT2,61,23,1.401768272
NativeNUFFT2,61,24,1.292597428
NativeNUFFT2,61,25,1.396017856
NativeNUFFT2,61,26,1.39465456
NativeNUFFT2,61,27,1.29023502
NativeNUFFT2,61,28,1.395336346
NativeNUFFT2,61,29,1.39443268
PrecorrectionNUFFT2,61,0,0.000580112
PrecorrectionNUFFT2,61,1,0.000564822
PrecorrectionNUFFT2,61,2,0.000565935
PrecorrectionNUFFT2,61,3,0.000593517
PrecorrectionNUFFT2,61,4,0.000567106
PrecorrectionNUFFT2,61,5,0.000567156
PrecorrectionNUFFT2,61,6,0.000560765
PrecorrectionNUFFT2,61,7,0.000552088
PrecorrectionNUFFT2,61,8,0.000548782
PrecorrectionNUFFT2,61,9,0.000586865
PrecorrectionNUFFT2,61,10,0.000561055
PrecorrectionNUFFT2,61,11,0.00056868
PrecorrectionNUFFT2,61,12,0.00056376
PrecorrectionNUFFT2,61,13,0.000551146
PrecorrectionNUFFT2,61,14,0.000550895
PrecorrectionNUFFT2,61,15,0.000565834
PrecorrectionNUFFT2,61,16,0.000564642
PrecorrectionNUFFT2,61,17,0.000550445
PrecorrectionNUFFT2,61,18,0.000583799
PrecorrectionNUFFT2,61,19,0.000566616
PrecorrectionNUFFT2,61,20,0.000562357
PrecorrectionNUFFT2,61,21,0.000574211
PrecorrectionNUFFT2,61,22,0.000570563
PrecorrectionNUFFT2,61,23,0.000554793
PrecorrectionNUFFT2,61,24,0.000562839
PrecorrectionNUFFT2,61,25,0.000542489
PrecorrectionNUFFT2,61,26,0.000549833
PrecorrectionNUFFT2,61,27,0.000582276
PrecorrectionNUFFT2,61,28,0.000565073
PrecorrectionNUFFT2,61,29,0.000567077
FFTNUFFT2,61,0,0.134058533
FFTNUFFT2,61,1,0.236763758
FFTNUFFT2,61,2,0.23186228
FFTNUFFT2,61,3,0.128138576
FFTNUFFT2,61,4,0.232276781
FFTNUFFT2,61,5,0.230710532
FFTNUFFT2,61,6,0.134868219
FFTNUFFT2,61,7,0.234027216
FFTNUFFT2,61,8,0.233121034
FFTNUFFT2,61,9,0.138043189
FFTNUFFT2,61,10,0.237351495
FFTNUFFT2,61,11,0.231003599
FFTNUFFT2,61,12,0.134839163
FFTNUFFT2,61,13,0.233659295
FFTNUFFT2,61,14,0.229890447
FFTNUFFT2,61,15,0.133003453
FFTNUFFT2,61,16,0.235531775
FFTNUFFT2,61,17,0.232186837
FFTNUFFT2,61,18,0.133307592
FFTNUFFT2,61,19,0.235331098
FFTNUFFT2,61,20,0.229874265
FFTNUFFT2,61,21,0.127235641
FFTNUFFT2,61,22,0.231338847
FFTNUFFT2,61,23,0.235923403
FFTNUFFT2,61,24,0.129238582
FFTNUFFT2,61,25,0.231851168
FFTNUFFT2,61,26,0.230049203
FFTNUFFT2,61,27,0.121680658
FFTNUFFT2,61,28,0.232170575
FFTNUFFT2,61,29,0.231875585
GatherNUFFT2,61,0,1.178819813
GatherNUFFT2,61,1,1.178532677
GatherNUFFT2,61,2,1.184290682
GatherNUFFT2,61,3,1.180469483
GatherNUFFT2,61,4,1.182068194
GatherNUFFT2,61,5,1.178448095
GatherNUFFT2,61,6,1.182042975
GatherNUFFT2,61,7,1.175278104
GatherNUFFT2,61,8,1.178795797
GatherNUFFT2,61,9,1.172130409
GatherNUFFT2,61,10,1.173647891
GatherNUFFT2,61,11,1.178653712
GatherNUFFT2,61,12,1.171665629
GatherNUFFT2,61,13,1.176593027
GatherNUFFT2,61,14,1.175723676
GatherNUFFT2,61,15,1.175690681
GatherNUFFT2,61,16,1.169268653
GatherNUFFT2,61,17,1.174422229
GatherNUFFT2,61,18,1.168040168
GatherNUFFT2,61,19,1.169479201
GatherNUFFT2,61,20,1.167100914
GatherNUFFT2,61,21,1.165492916
GatherNUFFT2,61,22,1.165903582
GatherNUFFT2,61,23,1.165282633
GatherNUFFT2,61,24,1.162787531
GatherNUFFT2,61,25,1.163616705
GatherNUFFT2,61,26,1.164047718
GatherNUFFT2,61,27,1.167963611
GatherNUFFT2,61,28,1.162592542
GatherNUFFT2,61,29,1.161981252
mainTimer,62,0,63.095164946
dumpData,62,0,0.094642443
dumpData,62,1,0.097187284
dumpData,62,2,0.09286177
dumpData,62,3,0.095723814
dumpData,62,4,0.097920532
dumpData,62,5,0.095376503
dumpData,62,6,0.090999698
dumpData,62,7,0.097578781
dumpData,62,8,0.09174482
dumpData,62,9,0.094628955
kick,62,0,0.001112231
kick,62,1,0.001163861
kick,62,2,0.001116389
kick,62,3,0.0011481
kick,62,4,0.001105929
kick,62,5,0.001155815
kick,62,6,0.001123974
kick,62,7,0.001171516
kick,62,8,0.001107712
kick,62,9,0.001160654
kick,62,10,0.001107962
kick,62,11,0.001160294
kick,62,12,0.001120016
kick,62,13,0.001154001
kick,62,14,0.001116279
kick,62,15,0.001158791
kick,62,16,0.001121158
kick,62,17,0.001167628
kick,62,18,0.001112481
kick,62,19,0.001161947
drift,62,0,0.001102672
drift,62,1,0.001106079
drift,62,2,0.001103013
drift,62,3,0.001091421
drift,62,4,0.001099296
drift,62,5,0.001091581
drift,62,6,0.001092162
drift,62,7,0.001095669
drift,62,8,0.001092613
drift,62,9,0.001105027
particleBC,62,0,0.003199526
particleBC,62,1,0.003212421
particleBC,62,2,0.003188796
particleBC,62,3,0.003172685
particleBC,62,4,0.003191442
particleBC,62,5,0.003183707
particleBC,62,6,0.003187795
particleBC,62,7,0.003206
particleBC,62,8,0.003192043
particleBC,62,9,0.003202493
updateParticle,62,0,0.020157199
updateParticle,62,1,0.018594397
updateParticle,62,2,0.019730394
updateParticle,62,3,0.018265491
updateParticle,62,4,0.018692827
updateParticle,62,5,0.017771534
updateParticle,62,6,0.017449893
updateParticle,62,7,0.017426718
updateParticle,62,8,0.019471032
updateParticle,62,9,0.017482828
locateParticles,62,0,0.004527265
locateParticles,62,1,0.004532495
locateParticles,62,2,0.00453544
locateParticles,62,3,0.004583984
locateParticles,62,4,0.004567101
locateParticles,62,5,0.004560879
locateParticles,62,6,0.004572411
locateParticles,62,7,0.004548535
locateParticles,62,8,0.00456651
locateParticles,62,9,0.004560288
sendPreprocess,62,0,0.000764609
sendPreprocess,62,1,0.000714021
sendPreprocess,62,2,0.000954776
sendPreprocess,62,3,0.0006672
sendPreprocess,62,4,0.000870473
sendPreprocess,62,5,0.00072395
sendPreprocess,62,6,0.000711767
sendPreprocess,62,7,0.000764368
sendPreprocess,62,8,0.000753758
sendPreprocess,62,9,0.000763787
particleSend,62,0,0.0017379
particleSend,62,1,0.00276709
particleSend,62,2,0.001750475
particleSend,62,3,0.001735696
particleSend,62,4,0.001744313
particleSend,62,5,0.002708057
particleSend,62,6,0.001813337
particleSend,62,7,0.001735716
particleSend,62,8,0.002685914
particleSend,62,9,0.001770383
particleRecv,62,0,5.4356e-05
particleRecv,62,1,5.2592e-05
particleRecv,62,2,5.0818e-05
particleRecv,62,3,5.5748e-05
particleRecv,62,4,5.5477e-05
particleRecv,62,5,5.1049e-05
particleRecv,62,6,6.1398e-05
particleRecv,62,7,5.2552e-05
particleRecv,62,8,5.177e-05
particleRecv,62,9,6.1058e-05
particleDestroy,62,0,0.00836216
particleDestroy,62,1,0.008333064
particleDestroy,62,2,0.008378451
particleDestroy,62,3,0.008381668
particleDestroy,62,4,0.00835191
particleDestroy,62,5,0.008315901
particleDestroy,62,6,0.008322152
particleDestroy,62,7,0.008328886
particleDestroy,62,8,0.008291354
particleDestroy,62,9,0.00835653
ScatterPIFNUFFT,62,0,2.044949898
ScatterPIFNUFFT,62,1,0.001259375
ScatterPIFNUFFT,62,2,2.04534424
ScatterPIFNUFFT,62,3,0.001264946
ScatterPIFNUFFT,62,4,2.056231491
ScatterPIFNUFFT,62,5,0.001262171
ScatterPIFNUFFT,62,6,2.053320134
ScatterPIFNUFFT,62,7,0.001254947
ScatterPIFNUFFT,62,8,2.048761596
ScatterPIFNUFFT,62,9,0.001258083
ScatterPIFNUFFT,62,10,2.046918264
ScatterPIFNUFFT,62,11,0.001259175
ScatterPIFNUFFT,62,12,2.045128693
ScatterPIFNUFFT,62,13,0.001255719
ScatterPIFNUFFT,62,14,2.049678694
ScatterPIFNUFFT,62,15,0.001264405
ScatterPIFNUFFT,62,16,2.047772848
ScatterPIFNUFFT,62,17,0.001258694
ScatterPIFNUFFT,62,18,2.04648739
ScatterPIFNUFFT,62,19,0.001252863
NativeNUFFT1,62,0,2.04296568
NativeNUFFT1,62,1,2.04343131
NativeNUFFT1,62,2,2.05431724
NativeNUFFT1,62,3,2.05140478
NativeNUFFT1,62,4,2.046831995
NativeNUFFT1,62,5,2.044996588
NativeNUFFT1,62,6,2.043204932
NativeNUFFT1,62,7,2.047769903
NativeNUFFT1,62,8,2.045861983
NativeNUFFT1,62,9,2.044548912
scatterTimerNUFFT1,62,0,1.913126787
scatterTimerNUFFT1,62,1,1.915126033
scatterTimerNUFFT1,62,2,1.916416066
scatterTimerNUFFT1,62,3,1.916021986
scatterTimerNUFFT1,62,4,1.913911363
scatterTimerNUFFT1,62,5,1.916129714
scatterTimerNUFFT1,62,6,1.91541997
scatterTimerNUFFT1,62,7,1.915041541
scatterTimerNUFFT1,62,8,1.913631305
scatterTimerNUFFT1,62,9,1.916044308
binSort,62,0,0.007435969
binSort,62,1,0.007422403
binSort,62,2,0.007401722
binSort,62,3,0.00742589
binSort,62,4,0.007425178
binSort,62,5,0.007392725
binSort,62,6,0.007495915
binSort,62,7,0.007363579
binSort,62,8,0.007406773
binSort,62,9,0.007422132
binComputeKeys,62,0,0.000562999
binComputeKeys,62,1,0.000559752
binComputeKeys,62,2,0.000561736
binComputeKeys,62,3,0.000560744
binComputeKeys,62,4,0.000571966
binComputeKeys,62,5,0.00055841
binComputeKeys,62,6,0.000654034
binComputeKeys,62,7,0.000565744
binComputeKeys,62,8,0.000563049
binComputeKeys,62,9,0.000561175
binSortByKey,62,0,0.006656091
binSortByKey,62,1,0.006646462
binSortByKey,62,2,0.006622675
binSortByKey,62,3,0.006649307
binSortByKey,62,4,0.006634228
binSortByKey,62,5,0.006616785
binSortByKey,62,6,0.006623809
binSortByKey,62,7,0.00658264
binSortByKey,62,8,0.006622636
binSortByKey,62,9,0.006641923
binComputeOffsets,62,0,0.000214014
binComputeOffsets,62,1,0.000213082
binComputeOffsets,62,2,0.000214104
binComputeOffsets,62,3,0.000212852
binComputeOffsets,62,4,0.000214816
binComputeOffsets,62,5,0.000214384
binComputeOffsets,62,6,0.000214775
binComputeOffsets,62,7,0.00021196
binComputeOffsets,62,8,0.000213994
binComputeOffsets,62,9,0.000215667
FFTNUFFT1,62,0,0.129519456
FFTNUFFT1,62,1,0.127988265
FFTNUFFT1,62,2,0.137586065
FFTNUFFT1,62,3,0.135067535
FFTNUFFT1,62,4,0.132599822
FFTNUFFT1,62,5,0.128551414
FFTNUFFT1,62,6,0.127476285
FFTNUFFT1,62,7,0.132418533
FFTNUFFT1,62,8,0.131909517
FFTNUFFT1,62,9,0.128186048
deconvolutionNUFFT1,62,0,0.000315199
deconvolutionNUFFT1,62,1,0.000312023
deconvolutionNUFFT1,62,2,0.000311262
deconvolutionNUFFT1,62,3,0.000310991
deconvolutionNUFFT1,62,4,0.000316382
deconvolutionNUFFT1,62,5,0.000311733
deconvolutionNUFFT1,62,6,0.000304489
deconvolutionNUFFT1,62,7,0.000306031
deconvolutionNUFFT1,62,8,0.000315681
deconvolutionNUFFT1,62,9,0.000313797
GatherPIFNUFFT,62,0,4.173121614
GatherPIFNUFFT,62,1,4.159921097
GatherPIFNUFFT,62,2,4.152298988
GatherPIFNUFFT,62,3,4.150200731
GatherPIFNUFFT,62,4,4.141650337
GatherPIFNUFFT,62,5,4.141972168
GatherPIFNUFFT,62,6,4.13270973
GatherPIFNUFFT,62,7,4.11512437
GatherPIFNUFFT,62,8,4.10930471
GatherPIFNUFFT,62,9,4.106758441
NativeNUFFT2,62,0,1.32753534
NativeNUFFT2,62,1,1.416406101
NativeNUFFT2,62,2,1.418714716
NativeNUFFT2,62,3,1.326358493
NativeNUFFT2,62,4,1.415390868
NativeNUFFT2,62,5,1.407685729
NativeNUFFT2,62,6,1.317764775
NativeNUFFT2,62,7,1.412174569
NativeNUFFT2,62,8,1.411833098
NativeNUFFT2,62,9,1.314809441
NativeNUFFT2,62,10,1.416540992
NativeNUFFT2,62,11,1.408345214
NativeNUFFT2,62,12,1.318668774
NativeNUFFT2,62,13,1.408488121
NativeNUFFT2,62,14,1.403967508
NativeNUFFT2,62,15,1.317159995
NativeNUFFT2,62,16,1.408722242
NativeNUFFT2,62,17,1.405558915
NativeNUFFT2,62,18,1.319399987
NativeNUFFT2,62,19,1.402042857
NativeNUFFT2,62,20,1.400746432
NativeNUFFT2,62,21,1.310468832
NativeNUFFT2,62,22,1.395642183
NativeNUFFT2,62,23,1.398475686
NativeNUFFT2,62,24,1.310162966
NativeNUFFT2,62,25,1.392809873
NativeNUFFT2,62,26,1.395768756
NativeNUFFT2,62,27,1.306975401
NativeNUFFT2,62,28,1.391984165
NativeNUFFT2,62,29,1.397289474
PrecorrectionNUFFT2,62,0,0.000567277
PrecorrectionNUFFT2,62,1,0.000551496
PrecorrectionNUFFT2,62,2,0.000558641
PrecorrectionNUFFT2,62,3,0.000573018
PrecorrectionNUFFT2,62,4,0.000555474
PrecorrectionNUFFT2,62,5,0.000556797
PrecorrectionNUFFT2,62,6,0.000580843
PrecorrectionNUFFT2,62,7,0.000551386
PrecorrectionNUFFT2,62,8,0.000550896
PrecorrectionNUFFT2,62,9,0.000578329
PrecorrectionNUFFT2,62,10,0.000562067
PrecorrectionNUFFT2,62,11,0.000553039
PrecorrectionNUFFT2,62,12,0.000564031
PrecorrectionNUFFT2,62,13,0.00055368
PrecorrectionNUFFT2,62,14,0.000547619
PrecorrectionNUFFT2,62,15,0.00056882
PrecorrectionNUFFT2,62,16,0.000548832
PrecorrectionNUFFT2,62,17,0.00055308
PrecorrectionNUFFT2,62,18,0.000576395
PrecorrectionNUFFT2,62,19,0.000550865
PrecorrectionNUFFT2,62,20,0.000549242
PrecorrectionNUFFT2,62,21,0.000567147
PrecorrectionNUFFT2,62,22,0.000545956
PrecorrectionNUFFT2,62,23,0.000567527
PrecorrectionNUFFT2,62,24,0.000565123
PrecorrectionNUFFT2,62,25,0.000550855
PrecorrectionNUFFT2,62,26,0.000554964
PrecorrectionNUFFT2,62,27,0.000563069
PrecorrectionNUFFT2,62,28,0.000557368
PrecorrectionNUFFT2,62,29,0.000548511
FFTNUFFT2,62,0,0.135212896
FFTNUFFT2,62,1,0.221178751
FFTNUFFT2,62,2,0.220772615
FFTNUFFT2,62,3,0.130956074
FFTNUFFT2,62,4,0.219657679
FFTNUFFT2,62,5,0.215327786
FFTNUFFT2,62,6,0.122620444
FFTNUFFT2,62,7,0.219875079
FFTNUFFT2,62,8,0.217979364
FFTNUFFT2,62,9,0.134580913
FFTNUFFT2,62,10,0.225490098
FFTNUFFT2,62,11,0.218139202
FFTNUFFT2,62,12,0.133307691
FFTNUFFT2,62,13,0.219317732
FFTNUFFT2,62,14,0.219114258
FFTNUFFT2,62,15,0.137372052
FFTNUFFT2,62,16,0.223532712
FFTNUFFT2,62,17,0.226061152
FFTNUFFT2,62,18,0.140187986
FFTNUFFT2,62,19,0.221101792
FFTNUFFT2,62,20,0.216496075
FFTNUFFT2,62,21,0.127653609
FFTNUFFT2,62,22,0.213933681
FFTNUFFT2,62,23,0.223587018
FFTNUFFT2,62,24,0.133675212
FFTNUFFT2,62,25,0.213448592
FFTNUFFT2,62,26,0.217060548
FFTNUFFT2,62,27,0.132422019
FFTNUFFT2,62,28,0.217521671
FFTNUFFT2,62,29,0.221807428
GatherNUFFT2,62,0,1.19174647
GatherNUFFT2,62,1,1.194667869
GatherNUFFT2,62,2,1.197374654
GatherNUFFT2,62,3,1.194821185
GatherNUFFT2,62,4,1.195169248
GatherNUFFT2,62,5,1.191791437
GatherNUFFT2,62,6,1.194555391
GatherNUFFT2,62,7,1.191739847
GatherNUFFT2,62,8,1.193294794
GatherNUFFT2,62,9,1.179641192
GatherNUFFT2,62,10,1.190480191
GatherNUFFT2,62,11,1.189644996
GatherNUFFT2,62,12,1.184787884
GatherNUFFT2,62,13,1.18860817
GatherNUFFT2,62,14,1.184298688
GatherNUFFT2,62,15,1.179209155
GatherNUFFT2,62,16,1.184630629
GatherNUFFT2,62,17,1.178935546
GatherNUFFT2,62,18,1.178627491
GatherNUFFT2,62,19,1.180382174
GatherNUFFT2,62,20,1.183693099
GatherNUFFT2,62,21,1.18223987
GatherNUFFT2,62,22,1.181153771
GatherNUFFT2,62,23,1.174312965
GatherNUFFT2,62,24,1.175914274
GatherNUFFT2,62,25,1.17880251
GatherNUFFT2,62,26,1.178142243
GatherNUFFT2,62,27,1.173980805
GatherNUFFT2,62,28,1.173897442
GatherNUFFT2,62,29,1.174925339
mainTimer,63,0,63.095167471
dumpData,63,0,0.015115228
dumpData,63,1,0.010724629
dumpData,63,2,0.012647947
dumpData,63,3,0.01462445
dumpData,63,4,0.015097704
dumpData,63,5,0.011242821
dumpData,63,6,0.01272692
dumpData,63,7,0.01242671
dumpData,63,8,0.00917411
dumpData,63,9,0.0131365
kick,63,0,0.00115295
kick,63,1,0.001189069
kick,63,2,0.00115325
kick,63,3,0.001197045
kick,63,4,0.00115824
kick,63,5,0.001190341
kick,63,6,0.001152499
kick,63,7,0.001195121
kick,63,8,0.001162217
kick,63,9,0.001200622
kick,63,10,0.001151417
kick,63,11,0.001200591
kick,63,12,0.001151907
kick,63,13,0.00119471
kick,63,14,0.001161776
kick,63,15,0.001199379
kick,63,16,0.001152088
kick,63,17,0.00119945
kick,63,18,0.001161055
kick,63,19,0.001181926
drift,63,0,0.001149863
drift,63,1,0.001143261
drift,63,2,0.001145395
drift,63,3,0.001141277
drift,63,4,0.00115342
drift,63,5,0.001144073
drift,63,6,0.001142339
drift,63,7,0.001146086
drift,63,8,0.001143963
drift,63,9,0.001150445
particleBC,63,0,0.00341858
particleBC,63,1,0.003374846
particleBC,63,2,0.00339749
particleBC,63,3,0.003383794
particleBC,63,4,0.003417038
particleBC,63,5,0.003391749
particleBC,63,6,0.003416637
particleBC,63,7,0.00338177
particleBC,63,8,0.003405936
particleBC,63,9,0.003368754
updateParticle,63,0,0.019992109
updateParticle,63,1,0.018413477
updateParticle,63,2,0.019381719
updateParticle,63,3,0.018014515
updateParticle,63,4,0.01818212
updateParticle,63,5,0.017416879
updateParticle,63,6,0.017141206
updateParticle,63,7,0.017242612
updateParticle,63,8,0.01916992
updateParticle,63,9,0.017112081
locateParticles,63,0,0.004800233
locateParticles,63,1,0.004767419
locateParticles,63,2,0.004844437
locateParticles,63,3,0.004811564
locateParticles,63,4,0.004810191
locateParticles,63,5,0.004817446
locateParticles,63,6,0.00481461
locateParticles,63,7,0.004857432
locateParticles,63,8,0.004837514
locateParticles,63,9,0.004791635
sendPreprocess,63,0,0.000183174
sendPreprocess,63,1,0.000242629
sendPreprocess,63,2,0.0003413
sendPreprocess,63,3,0.000150912
sendPreprocess,63,4,0.00028963
sendPreprocess,63,5,0.000163065
sendPreprocess,63,6,0.000159308
sendPreprocess,63,7,0.000183424
sendPreprocess,63,8,0.000185579
sendPreprocess,63,9,0.000272988
particleSend,63,0,0.002800345
particleSend,63,1,0.001800241
particleSend,63,2,0.001793509
particleSend,63,3,0.002770508
particleSend,63,4,0.001816813
particleSend,63,5,0.001860327
particleSend,63,6,0.001810963
particleSend,63,7,0.001808357
particleSend,63,8,0.003829726
particleSend,63,9,0.001798107
particleRecv,63,0,5.8633e-05
particleRecv,63,1,5.8733e-05
particleRecv,63,2,5.165e-05
particleRecv,63,3,5.6168e-05
particleRecv,63,4,5.1089e-05
particleRecv,63,5,5.4545e-05
particleRecv,63,6,5.6489e-05
particleRecv,63,7,6.0988e-05
particleRecv,63,8,5.7461e-05
particleRecv,63,9,5.3714e-05
particleDestroy,63,0,0.00881233
particleDestroy,63,1,0.008813212
particleDestroy,63,2,0.008817119
particleDestroy,63,3,0.008797683
particleDestroy,63,4,0.009079898
particleDestroy,63,5,0.008841237
particleDestroy,63,6,0.008870743
particleDestroy,63,7,0.008971919
particleDestroy,63,8,0.008846137
particleDestroy,63,9,0.00882208
ScatterPIFNUFFT,63,0,2.052763847
ScatterPIFNUFFT,63,1,0.00125684
ScatterPIFNUFFT,63,2,2.051309035
ScatterPIFNUFFT,63,3,0.001268423
ScatterPIFNUFFT,63,4,2.055561396
ScatterPIFNUFFT,63,5,0.001268353
ScatterPIFNUFFT,63,6,2.050303832
ScatterPIFNUFFT,63,7,0.001259255
ScatterPIFNUFFT,63,8,2.052951309
ScatterPIFNUFFT,63,9,0.0012568
ScatterPIFNUFFT,63,10,2.054321741
ScatterPIFNUFFT,63,11,0.001260447
ScatterPIFNUFFT,63,12,2.051161449
ScatterPIFNUFFT,63,13,0.001262481
ScatterPIFNUFFT,63,14,2.055523085
ScatterPIFNUFFT,63,15,0.001262281
ScatterPIFNUFFT,63,16,2.053700671
ScatterPIFNUFFT,63,17,0.00125656
ScatterPIFNUFFT,63,18,2.052659045
ScatterPIFNUFFT,63,19,0.001254546
NativeNUFFT1,63,0,2.050772086
NativeNUFFT1,63,1,2.04934177
NativeNUFFT1,63,2,2.053574484
NativeNUFFT1,63,3,2.048306799
NativeNUFFT1,63,4,2.050956411
NativeNUFFT1,63,5,2.052354476
NativeNUFFT1,63,6,2.04917159
NativeNUFFT1,63,7,2.053528248
NativeNUFFT1,63,8,2.051711163
NativeNUFFT1,63,9,2.050637727
scatterTimerNUFFT1,63,0,1.913247551
scatterTimerNUFFT1,63,1,1.914837615
scatterTimerNUFFT1,63,2,1.91503203
scatterTimerNUFFT1,63,3,1.917177841
scatterTimerNUFFT1,63,4,1.915059483
scatterTimerNUFFT1,63,5,1.917287883
scatterTimerNUFFT1,63,6,1.922367465
scatterTimerNUFFT1,63,7,1.915236167
scatterTimerNUFFT1,63,8,1.915106847
scatterTimerNUFFT1,63,9,1.917026848
binSort,63,0,0.00786049
binSort,63,1,0.007825332
binSort,63,2,0.007834499
binSort,63,3,0.007843908
binSort,63,4,0.007848106
binSort,63,5,0.007812819
binSort,63,6,0.007818909
binSort,63,7,0.007862764
binSort,63,8,0.007812087
binSort,63,9,0.007813479
binComputeKeys,63,0,0.000595261
binComputeKeys,63,1,0.00058995
binComputeKeys,63,2,0.000588919
binComputeKeys,63,3,0.000590131
binComputeKeys,63,4,0.000596603
binComputeKeys,63,5,0.000592385
binComputeKeys,63,6,0.000593879
binComputeKeys,63,7,0.000595622
binComputeKeys,63,8,0.000588688
binComputeKeys,63,9,0.000592506
binSortByKey,63,0,0.007040053
binSortByKey,63,1,0.007008493
binSortByKey,63,2,0.007018161
binSortByKey,63,3,0.007026618
binSortByKey,63,4,0.007024593
binSortByKey,63,5,0.006992933
binSortByKey,63,6,0.006998924
binSortByKey,63,7,0.007039804
binSortByKey,63,8,0.006996339
binSortByKey,63,9,0.006993734
binComputeOffsets,63,0,0.00022237
binComputeOffsets,63,1,0.000223202
binComputeOffsets,63,2,0.000224214
binComputeOffsets,63,3,0.000223563
binComputeOffsets,63,4,0.000223172
binComputeOffsets,63,5,0.000223512
binComputeOffsets,63,6,0.00022254
binComputeOffsets,63,7,0.000223282
binComputeOffsets,63,8,0.00022247
binComputeOffsets,63,9,0.000224113
FFTNUFFT1,63,0,0.137021573
FFTNUFFT1,63,1,0.133999259
FFTNUFFT1,63,2,0.138032638
FFTNUFFT1,63,3,0.130624963
FFTNUFFT1,63,4,0.135391822
FFTNUFFT1,63,5,0.134564132
FFTNUFFT1,63,6,0.126300431
FFTNUFFT1,63,7,0.137788317
FFTNUFFT1,63,8,0.136097957
FFTNUFFT1,63,9,0.133109328
deconvolutionNUFFT1,63,0,0.000499045
deconvolutionNUFFT1,63,1,0.000500858
deconvolutionNUFFT1,63,2,0.000505598
deconvolutionNUFFT1,63,3,0.000499847
deconvolutionNUFFT1,63,4,0.000500758
deconvolutionNUFFT1,63,5,0.000498554
deconvolutionNUFFT1,63,6,0.000499616
deconvolutionNUFFT1,63,7,0.000499887
deconvolutionNUFFT1,63,8,0.00050158
deconvolutionNUFFT1,63,9,0.000497803
GatherPIFNUFFT,63,0,4.244680581
GatherPIFNUFFT,63,1,4.240273316
GatherPIFNUFFT,63,2,4.233178167
GatherPIFNUFFT,63,3,4.234245101
GatherPIFNUFFT,63,4,4.220414797
GatherPIFNUFFT,63,5,4.218718514
GatherPIFNUFFT,63,6,4.204890588
GatherPIFNUFFT,63,7,4.194305274
GatherPIFNUFFT,63,8,4.185950373
GatherPIFNUFFT,63,9,4.18214567
NativeNUFFT2,63,0,1.401893238
NativeNUFFT2,63,1,1.4162241
NativeNUFFT2,63,2,1.415668956
NativeNUFFT2,63,3,1.401984503
NativeNUFFT2,63,4,1.413511733
NativeNUFFT2,63,5,1.413907801
NativeNUFFT2,63,6,1.402930433
NativeNUFFT2,63,7,1.410022086
NativeNUFFT2,63,8,1.409336991
NativeNUFFT2,63,9,1.404988112
NativeNUFFT2,63,10,1.414200555
NativeNUFFT2,63,11,1.404073784
NativeNUFFT2,63,12,1.395017822
NativeNUFFT2,63,13,1.413140366
NativeNUFFT2,63,14,1.40131539
NativeNUFFT2,63,15,1.397125198
NativeNUFFT2,63,16,1.404854723
NativeNUFFT2,63,17,1.405720969
NativeNUFFT2,63,18,1.395018444
NativeNUFFT2,63,19,1.403890248
NativeNUFFT2,63,20,1.394960162
NativeNUFFT2,63,21,1.385571161
NativeNUFFT2,63,22,1.396149525
NativeNUFFT2,63,23,1.401609316
NativeNUFFT2,63,24,1.379726913
NativeNUFFT2,63,25,1.397629994
NativeNUFFT2,63,26,1.397683778
NativeNUFFT2,63,27,1.380266767
NativeNUFFT2,63,28,1.398639625
NativeNUFFT2,63,29,1.392268254
PrecorrectionNUFFT2,63,0,0.000795568
PrecorrectionNUFFT2,63,1,0.000759539
PrecorrectionNUFFT2,63,2,0.000764418
PrecorrectionNUFFT2,63,3,0.000794115
PrecorrectionNUFFT2,63,4,0.000762224
PrecorrectionNUFFT2,63,5,0.000757916
PrecorrectionNUFFT2,63,6,0.000903247
PrecorrectionNUFFT2,63,7,0.000764739
PrecorrectionNUFFT2,63,8,0.000762425
PrecorrectionNUFFT2,63,9,0.000785969
PrecorrectionNUFFT2,63,10,0.000762895
PrecorrectionNUFFT2,63,11,0.000764058
PrecorrectionNUFFT2,63,12,0.00079117
PrecorrectionNUFFT2,63,13,0.000761472
PrecorrectionNUFFT2,63,14,0.000757845
PrecorrectionNUFFT2,63,15,0.000794106
PrecorrectionNUFFT2,63,16,0.000756883
PrecorrectionNUFFT2,63,17,0.00076009
PrecorrectionNUFFT2,63,18,0.000793515
PrecorrectionNUFFT2,63,19,0.000759157
PrecorrectionNUFFT2,63,20,0.000757104
PrecorrectionNUFFT2,63,21,0.000797362
PrecorrectionNUFFT2,63,22,0.000763676
PrecorrectionNUFFT2,63,23,0.000754669
PrecorrectionNUFFT2,63,24,0.000796951
PrecorrectionNUFFT2,63,25,0.000760681
PrecorrectionNUFFT2,63,26,0.000758747
PrecorrectionNUFFT2,63,27,0.000804346
PrecorrectionNUFFT2,63,28,0.000763687
PrecorrectionNUFFT2,63,29,0.000762875
FFTNUFFT2,63,0,0.127157408
FFTNUFFT2,63,1,0.14431646
FFTNUFFT2,63,2,0.1437377
FFTNUFFT2,63,3,0.130503048
FFTNUFFT2,63,4,0.143293681
FFTNUFFT2,63,5,0.141256863
FFTNUFFT2,63,6,0.128801658
FFTNUFFT2,63,7,0.14094015
FFTNUFFT2,63,8,0.138992765
FFTNUFFT2,63,9,0.134401026
FFTNUFFT2,63,10,0.143891437
FFTNUFFT2,63,11,0.138309544
FFTNUFFT2,63,12,0.131373311
FFTNUFFT2,63,13,0.144457722
FFTNUFFT2,63,14,0.139170097
FFTNUFFT2,63,15,0.133026818
FFTNUFFT2,63,16,0.139935067
FFTNUFFT2,63,17,0.138308051
FFTNUFFT2,63,18,0.137886096
FFTNUFFT2,63,19,0.142618967
FFTNUFFT2,63,20,0.137742417
FFTNUFFT2,63,21,0.127466528
FFTNUFFT2,63,22,0.138211363
FFTNUFFT2,63,23,0.144185006
FFTNUFFT2,63,24,0.125635175
FFTNUFFT2,63,25,0.143860016
FFTNUFFT2,63,26,0.141558306
FFTNUFFT2,63,27,0.128206297
FFTNUFFT2,63,28,0.143630274
FFTNUFFT2,63,29,0.142074646
GatherNUFFT2,63,0,1.273932315
GatherNUFFT2,63,1,1.271140477
GatherNUFFT2,63,2,1.271159593
GatherNUFFT2,63,3,1.270680437
GatherNUFFT2,63,4,1.269447572
GatherNUFFT2,63,5,1.271885338
GatherNUFFT2,63,6,1.273217853
GatherNUFFT2,63,7,1.268309983
GatherNUFFT2,63,8,1.269572795
GatherNUFFT2,63,9,1.269791979
GatherNUFFT2,63,10,1.269537186
GatherNUFFT2,63,11,1.264991616
GatherNUFFT2,63,12,1.262845516
GatherNUFFT2,63,13,1.267912274
GatherNUFFT2,63,14,1.261380673
GatherNUFFT2,63,15,1.263296708
GatherNUFFT2,63,16,1.264153605
GatherNUFFT2,63,17,1.266644172
GatherNUFFT2,63,18,1.256330468
GatherNUFFT2,63,19,1.260503858
GatherNUFFT2,63,20,1.256453668
GatherNUFFT2,63,21,1.257299486
GatherNUFFT2,63,22,1.257165928
GatherNUFFT2,63,23,1.256661426
GatherNUFFT2,63,24,1.253286442
GatherNUFFT2,63,25,1.25300086
GatherNUFFT2,63,26,1.255358099
GatherNUFFT2,63,27,1.251248199
GatherNUFFT2,63,28,1.254237217
GatherNUFFT2,63,29,1.249422417
